t_ms,frame_time_us,fps,draw_calls,command_buffer_stalls,vertices_processed,xma_frames_decoded,audio_frame_latency_us,buffer_queue_depth,functions_dispatched,interrupt_dispatches,active_threads,apc_queue_depth,critical_region_contentions,texture_cache_hits,texture_cache_misses,pipeline_cache_hits,pipeline_cache_misses,cp_busy_us,cp_idle_us,fence_wait_us,swap_us,gpu_busy_us,submissions,resolves,render_target_switches,barrier_batches,barriers,pipelines_created,shader_translations,draws_skipped_pending,cp_waitregmem_us,cp_waitregmem_count,cp_thread_cpu_us,guest_swap_thread_cpu_us,guest_swap_interval_us,app0,app1,app2,app3
0.000,0,0,0,0,0,0,0,8,86582,28,39,0,0,0,0,0,0,0,0,0,0,0,0,0,0,0,0,0,0,0,0,0,0,250,383,0,0,0,0
15.850,16105,62,0,0,0,0,0,8,197,5,39,0,0,0,0,0,0,0,0,0,0,0,0,0,0,0,0,0,0,0,0,0,0,0,0,0,0,0,0
64.330,48480,20,0,0,0,0,0,8,741,8,39,0,0,0,0,0,0,0,0,0,0,0,0,0,0,0,0,0,0,0,0,0,0,436,64572,0,0,0,0
79.458,15128,66,0,0,0,0,0,8,402,5,39,0,0,0,0,0,0,0,0,0,0,0,0,0,0,0,0,0,0,0,0,0,0,179,15129,0,0,0,0
93.825,14366,69,0,0,0,0,0,8,431,5,39,0,0,0,0,0,0,0,0,0,0,0,0,0,0,0,0,0,0,0,0,0,0,136,14367,0,0,0,0
109.066,15241,65,0,0,0,0,0,8,412,5,39,0,0,0,0,0,0,0,0,0,0,0,0,0,0,0,0,0,0,0,0,0,0,133,15236,0,0,0,0
124.350,15284,65,0,0,0,0,0,8,357,5,39,0,0,0,0,0,0,0,0,0,0,0,0,0,0,0,0,0,0,0,0,0,0,230,2087,0,0,0,0
140.636,16285,61,0,0,0,0,0,8,257,5,39,0,0,0,0,0,0,0,0,0,0,0,0,0,0,0,0,0,0,0,0,0,0,228,14494,0,0,0,0
158.357,17721,56,0,0,0,0,0,8,453,5,39,0,0,0,0,0,0,0,0,0,0,0,0,0,0,0,0,0,0,0,0,0,0,243,30451,0,0,0,0
173.894,15536,64,0,0,0,0,0,8,375,5,39,0,0,0,0,0,0,0,0,0,0,0,0,0,0,0,0,0,0,0,0,0,0,0,0,0,0,0,0
191.353,17459,57,0,0,0,0,0,8,328,5,39,0,0,0,0,0,0,0,0,0,0,0,0,0,0,0,0,0,0,0,0,0,0,258,18523,0,0,0,0
207.547,16193,61,0,0,0,0,0,8,296,5,39,0,0,0,0,0,0,0,0,0,0,0,0,0,0,0,0,0,0,0,0,0,0,267,18113,0,0,0,0
224.132,16585,60,0,0,0,0,0,8,455,5,39,0,0,0,0,0,0,0,0,0,0,0,0,0,0,0,0,0,0,0,0,0,0,241,30159,0,0,0,0
241.343,17210,58,0,0,0,0,0,8,413,5,39,0,0,0,0,0,0,0,0,0,0,0,0,0,0,0,0,0,0,0,0,0,0,159,17885,0,0,0,0
257.642,16299,61,0,0,0,0,0,8,295,5,39,0,0,0,0,0,0,0,0,0,0,0,0,0,0,0,0,0,0,0,0,0,0,166,1882,0,0,0,0
273.706,16064,62,0,0,0,0,0,8,296,5,39,0,0,0,0,0,0,0,0,0,0,0,0,0,0,0,0,0,0,0,0,0,0,253,16355,0,0,0,0
290.927,17220,58,0,0,0,0,0,8,436,5,39,0,0,0,0,0,0,0,0,0,0,0,0,0,0,0,0,0,0,0,0,0,0,254,30239,0,0,0,0
307.460,16532,60,0,0,0,0,0,8,450,5,39,0,0,0,0,0,0,0,0,0,0,0,0,0,0,0,0,0,0,0,0,0,0,161,18112,0,0,0,0
324.875,17414,57,0,0,0,0,0,8,301,5,39,0,0,0,0,0,0,0,0,0,0,0,0,0,0,0,0,0,0,0,0,0,0,130,1302,0,0,0,0
340.626,15751,63,0,0,0,0,0,8,240,5,39,0,0,0,0,0,0,0,0,0,0,0,0,0,0,0,0,0,0,0,0,0,0,246,17514,0,0,0,0
357.384,16757,59,0,0,0,0,0,8,483,5,39,0,0,0,0,0,0,0,0,0,0,0,0,0,0,0,0,0,0,0,0,0,0,235,30356,0,0,0,0
374.340,16956,58,0,0,0,0,0,8,377,5,39,0,0,0,0,0,0,0,0,0,0,0,0,0,0,0,0,0,0,0,0,0,0,0,0,0,0,0,0
391.338,16998,58,0,0,0,0,0,8,306,5,39,0,0,0,0,0,0,0,0,0,0,0,0,0,0,0,0,0,0,0,0,0,0,248,18582,0,0,0,0
407.492,16154,61,0,0,0,0,0,8,291,5,39,0,0,0,0,0,0,0,0,0,0,0,0,0,0,0,0,0,0,0,0,0,0,237,17556,0,0,0,0
423.853,16360,61,0,0,0,0,0,8,327,5,39,0,0,0,0,0,0,0,0,0,0,0,0,0,0,0,0,0,0,0,0,0,0,0,0,0,0,0,0
441.354,17501,57,0,0,0,0,0,8,422,5,39,0,0,0,0,0,0,0,0,0,0,0,0,0,0,0,0,0,0,0,0,0,0,219,32693,0,0,0,0
456.970,15615,64,0,0,0,0,0,8,435,5,39,0,0,0,0,0,0,0,0,0,0,0,0,0,0,0,0,0,0,0,0,0,0,185,18075,0,0,0,0
473.855,16885,59,0,0,0,0,0,8,259,5,39,0,0,0,0,0,0,0,0,0,0,0,0,0,0,0,0,0,0,0,0,0,0,239,14891,0,0,0,0
491.349,17494,57,0,0,0,0,0,8,433,5,39,0,0,0,0,0,0,0,0,0,0,0,0,0,0,0,0,0,0,0,0,0,0,228,32915,0,0,0,0
507.790,16440,60,0,0,0,0,0,8,337,5,39,0,0,0,0,0,0,0,0,0,0,0,0,0,0,0,0,0,0,0,0,0,0,0,0,0,0,0,0
523.903,16113,62,0,0,0,0,0,8,429,5,39,0,0,0,0,0,0,0,0,0,0,0,0,0,0,0,0,0,0,0,0,0,0,232,18182,0,0,0,0
541.349,17446,57,0,0,0,0,0,8,244,5,39,0,0,0,0,0,0,0,0,0,0,0,0,0,0,0,0,0,0,0,0,0,0,217,15763,0,0,0,0
557.468,16118,62,0,0,0,0,0,8,337,5,39,0,0,0,0,0,0,0,0,0,0,0,0,0,0,0,0,0,0,0,0,0,0,0,0,0,0,0,0
573.910,16441,60,0,0,0,0,0,8,445,5,39,0,0,0,0,0,0,0,0,0,0,0,0,0,0,0,0,0,0,0,0,0,0,239,33199,0,0,0,0
590.846,16936,59,0,0,0,0,0,8,370,5,39,0,0,0,0,0,0,0,0,0,0,0,0,0,0,0,0,0,0,0,0,0,0,182,17472,0,0,0,0
607.473,16627,60,0,0,0,0,0,8,301,5,39,0,0,0,0,0,0,0,0,0,0,0,0,0,0,0,0,0,0,0,0,0,0,252,16328,0,0,0,0
624.342,16869,59,0,0,0,0,0,8,445,5,39,0,0,0,0,0,0,0,0,0,0,0,0,0,0,0,0,0,0,0,0,0,0,247,32058,0,0,0,0
641.008,16666,60,0,0,0,0,0,8,273,5,39,0,0,0,0,0,0,0,0,0,0,0,0,0,0,0,0,0,0,0,0,0,0,0,0,0,0,0,0
657.532,16523,60,0,0,0,0,0,8,442,5,39,0,0,0,0,0,0,0,0,0,0,0,0,0,0,0,0,0,0,0,0,0,0,265,19014,0,0,0,0
673.950,16418,60,0,0,0,0,0,8,301,5,39,0,0,0,0,0,0,0,0,0,0,0,0,0,0,0,0,0,0,0,0,0,0,245,15544,0,0,0,0
690.850,16900,59,0,0,0,0,0,8,289,5,39,0,0,0,0,0,0,0,0,0,0,0,0,0,0,0,0,0,0,0,0,0,0,0,0,0,0,0,0
707.456,16605,60,0,0,0,0,0,8,406,5,39,0,0,0,0,0,0,0,0,0,0,0,0,0,0,0,0,0,0,0,0,0,0,251,33529,0,0,0,0
724.191,16735,59,0,0,0,0,0,8,456,5,39,0,0,0,0,0,0,0,0,0,0,0,0,0,0,0,0,0,0,0,0,0,0,216,18121,0,0,0,0
740.846,16655,60,0,0,0,0,0,8,230,5,39,0,0,0,0,0,0,0,0,0,0,0,0,0,0,0,0,0,0,0,0,0,0,222,15110,0,0,0,0
757.479,16632,60,0,0,0,0,0,8,404,5,39,0,0,0,0,0,0,0,0,0,0,0,0,0,0,0,0,0,0,0,0,0,0,0,0,0,0,0,0
773.977,16498,60,0,0,0,0,0,8,477,5,39,0,0,0,0,0,0,0,0,0,0,0,0,0,0,0,0,0,0,0,0,0,0,227,32471,0,0,0,0
791.350,17372,57,0,0,0,0,0,8,286,5,39,0,0,0,0,0,0,0,0,0,0,0,0,0,0,0,0,0,0,0,0,0,0,198,16752,0,0,0,0
807.478,16127,62,0,0,0,0,0,8,292,5,39,0,0,0,0,0,0,0,0,0,0,0,0,0,0,0,0,0,0,0,0,0,0,241,17840,0,0,0,0
823.853,16375,61,0,0,0,0,0,8,368,5,39,0,0,0,0,0,0,0,0,0,0,0,0,0,0,0,0,0,0,0,0,0,0,0,0,0,0,0,0
841.349,17495,57,0,0,0,0,0,8,538,5,39,0,0,0,0,0,0,0,0,0,0,0,0,0,0,0,0,0,0,0,0,0,0,305,48640,0,0,0,0
857.395,16035,62,0,0,0,0,0,8,295,5,39,0,0,0,0,0,0,0,0,0,0,0,0,0,0,0,0,0,0,0,0,0,0,163,1369,0,0,0,0
874.477,17092,58,0,0,0,0,0,8,268,5,39,0,0,0,0,0,0,0,0,0,0,0,0,0,0,0,0,0,0,0,0,0,0,212,16056,0,0,0,0
890.087,15609,64,0,0,0,0,0,8,345,5,39,0,0,0,0,0,0,0,0,0,0,0,0,0,0,0,0,0,0,0,0,0,0,0,0,0,0,0,0
907.471,17384,57,0,0,0,0,0,8,551,5,39,0,0,0,0,0,0,0,0,0,0,0,0,0,0,0,0,0,0,0,0,0,0,319,47847,0,0,0,0
923.984,16512,60,0,0,0,0,0,8,297,5,39,0,0,0,0,0,0,0,0,0,0,0,0,0,0,0,0,0,0,0,0,0,0,139,2162,0,0,0,0
941.338,17354,57,0,0,0,0,0,8,233,5,39,0,0,0,0,0,0,0,0,0,0,0,0,0,0,0,0,0,0,0,0,0,0,233,16909,0,0,0,0
957.533,16194,61,0,0,0,0,0,8,363,5,39,0,0,0,0,0,0,0,0,0,0,0,0,0,0,0,0,0,0,0,0,0,0,0,0,0,0,0,0
974.192,16659,60,0,0,0,0,0,8,461,5,39,0,0,0,0,0,0,0,0,0,0,0,0,0,0,0,0,0,0,0,0,0,0,238,32495,0,0,0,0
990.845,16652,60,0,0,0,0,0,8,327,5,39,0,0,0,0,0,0,0,0,0,0,0,0,0,0,0,0,0,0,0,0,0,0,191,16999,0,0,0,0
1007.484,16638,60,0,0,0,0,0,8,309,5,39,0,0,0,0,0,0,0,0,0,0,0,0,0,0,0,0,0,0,0,0,0,0,238,17080,0,0,0,0
1024.332,16848,59,0,0,0,0,0,8,338,5,39,0,0,0,0,0,0,0,0,0,0,0,0,0,0,0,0,0,0,0,0,0,0,0,0,0,0,0,0
1040.622,16289,61,0,0,0,0,0,8,363,5,39,0,0,0,0,0,0,0,0,0,0,0,0,0,0,0,0,0,0,0,0,0,0,238,33335,0,0,0,0
1057.477,16855,59,0,0,0,0,0,8,456,5,39,0,0,0,0,0,0,0,0,0,0,0,0,0,0,0,0,0,0,0,0,0,0,213,18055,0,0,0,0
1073.854,16377,61,0,0,0,0,0,8,284,5,39,0,0,0,0,0,0,0,0,0,0,0,0,0,0,0,0,0,0,0,0,0,0,230,15251,0,0,0,0
1090.986,17132,58,0,0,0,0,0,8,359,5,39,0,0,0,0,0,0,0,0,0,0,0,0,0,0,0,0,0,0,0,0,0,0,0,0,0,0,0,0
1108.049,17062,58,0,0,0,0,0,8,468,5,39,0,0,0,0,0,0,0,0,0,0,0,0,0,0,0,0,0,0,0,0,0,0,233,32694,0,0,0,0
1124.068,16018,62,0,0,0,0,0,8,351,5,39,0,0,0,0,0,0,0,0,0,0,0,0,0,0,0,0,0,0,0,0,0,0,190,16966,0,0,0,0
1140.864,16796,59,0,0,0,0,0,8,232,5,39,0,0,0,0,0,0,0,0,0,0,0,0,0,0,0,0,0,0,0,0,0,0,247,17052,0,0,0,0
1157.018,16154,61,0,0,0,0,0,8,486,5,39,0,0,0,0,0,0,0,0,0,0,0,0,0,0,0,0,0,0,0,0,0,0,229,31458,0,0,0,0
1173.973,16955,58,0,0,0,0,0,8,479,5,39,0,0,0,0,0,0,0,0,0,0,0,0,0,0,0,0,0,0,0,0,0,0,131,16738,0,0,0,0
1191.341,17367,57,0,0,0,0,0,8,194,5,39,0,0,0,0,0,0,0,0,0,0,0,0,0,0,0,0,0,0,0,0,0,0,126,1743,0,0,0,0
1207.418,16077,62,0,0,0,0,0,8,293,5,39,0,0,0,0,0,0,0,0,0,0,0,0,0,0,0,0,0,0,0,0,0,0,228,17097,0,0,0,0
1223.880,16462,60,0,0,0,0,0,8,492,5,39,0,0,0,0,0,0,0,0,0,0,0,0,0,0,0,0,0,0,0,0,0,0,208,30670,0,0,0,0
1241.340,17459,57,0,0,0,0,0,8,418,5,39,0,0,0,0,0,0,0,0,0,0,0,0,0,0,0,0,0,0,0,0,0,0,143,17350,0,0,0,0
1257.476,16135,61,0,0,0,0,0,8,289,5,39,0,0,0,0,0,0,0,0,0,0,0,0,0,0,0,0,0,0,0,0,0,0,142,1972,0,0,0,0
1274.851,17375,57,0,0,0,0,0,8,270,5,39,0,0,0,0,0,0,0,0,0,0,0,0,0,0,0,0,0,0,0,0,0,0,213,16174,0,0,0,0
1291.342,16491,60,0,0,0,0,0,8,420,5,39,0,0,0,0,0,0,0,0,0,0,0,0,0,0,0,0,0,0,0,0,0,0,254,32536,0,0,0,0
1307.489,16146,61,0,0,0,0,0,8,317,5,39,0,0,0,0,0,0,0,0,0,0,0,0,0,0,0,0,0,0,0,0,0,0,0,0,0,0,0,0
1324.335,16845,59,0,0,0,0,0,8,451,5,39,0,0,0,0,0,0,0,0,0,0,0,0,0,0,0,0,0,0,0,0,0,0,241,18628,0,0,0,0
1340.841,16506,60,0,0,0,0,0,8,233,5,39,0,0,0,0,0,0,0,0,0,0,0,0,0,0,0,0,0,0,0,0,0,0,227,15725,0,0,0,0
1357.473,16631,60,0,0,0,0,0,8,315,5,39,0,0,0,0,0,0,0,0,0,0,0,0,0,0,0,0,0,0,0,0,0,0,0,0,0,0,0,0
1373.925,16452,60,0,0,0,0,0,8,462,5,39,0,0,0,0,0,0,0,0,0,0,0,0,0,0,0,0,0,0,0,0,0,0,223,32981,0,0,0,0
1391.341,17415,57,0,0,0,0,0,8,382,5,39,0,0,0,0,0,0,0,0,0,0,0,0,0,0,0,0,0,0,0,0,0,0,204,17253,0,0,0,0
1407.578,16237,61,0,0,0,0,0,8,297,5,39,0,0,0,0,0,0,0,0,0,0,0,0,0,0,0,0,0,0,0,0,0,0,244,16758,0,0,0,0
1424.331,16753,59,0,0,0,0,0,8,341,5,39,0,0,0,0,0,0,0,0,0,0,0,0,0,0,0,0,0,0,0,0,0,0,0,0,0,0,0,0
1441.331,16999,58,0,0,0,0,0,8,462,5,39,0,0,0,0,0,0,0,0,0,0,0,0,0,0,0,0,0,0,0,0,0,0,229,32438,0,0,0,0
1457.381,16050,62,0,0,0,0,0,8,348,5,39,0,0,0,0,0,0,0,0,0,0,0,0,0,0,0,0,0,0,0,0,0,0,220,16588,0,0,0,0
1473.849,16467,60,0,0,0,0,0,8,284,5,39,0,0,0,0,0,0,0,0,0,0,0,0,0,0,0,0,0,0,0,0,0,0,245,17061,0,0,0,0
1490.929,17079,58,0,0,0,0,0,8,439,5,39,0,0,0,0,0,0,0,0,0,0,0,0,0,0,0,0,0,0,0,0,0,0,237,31774,0,0,0,0
1507.487,16557,60,0,0,0,0,0,8,307,5,39,0,0,0,0,0,0,0,0,0,0,0,0,0,0,0,0,0,0,0,0,0,0,0,0,0,0,0,0
1523.881,16394,60,0,0,0,0,0,8,428,5,39,0,0,0,0,0,0,0,0,0,0,0,0,0,0,0,0,0,0,0,0,0,0,236,18382,0,0,0,0
1541.347,17465,57,0,0,0,0,0,8,245,5,39,0,0,0,0,0,0,0,0,0,0,0,0,0,0,0,0,0,0,0,0,0,0,252,16357,0,0,0,0
1557.554,16207,61,0,0,0,0,0,8,385,5,39,0,0,0,0,0,0,0,0,0,0,0,0,0,0,0,0,0,0,0,0,0,0,0,0,0,0,0,0
1573.723,16169,61,0,0,0,0,0,8,428,5,39,0,0,0,0,0,0,0,0,0,0,0,0,0,0,0,0,0,0,0,0,0,0,243,32797,0,0,0,0
1591.115,17391,57,0,0,0,0,0,8,334,5,39,0,0,0,0,0,0,0,0,0,0,0,0,0,0,0,0,0,0,0,0,0,0,196,16856,0,0,0,0
1606.905,15790,63,0,0,0,0,0,8,306,5,39,0,0,0,0,0,0,0,0,0,0,0,0,0,0,0,0,0,0,0,0,0,0,228,17486,0,0,0,0
1624.331,17425,57,0,0,0,0,0,8,467,5,39,0,0,0,0,0,0,0,0,0,0,0,0,0,0,0,0,0,0,0,0,0,0,211,30962,0,0,0,0
1641.330,16999,58,0,0,0,0,0,8,430,5,39,0,0,0,0,0,0,0,0,0,0,0,0,0,0,0,0,0,0,0,0,0,0,119,17069,0,0,0,0
1657.477,16136,61,0,0,0,0,0,8,290,5,39,0,0,0,0,0,0,0,0,0,0,0,0,0,0,0,0,0,0,0,0,0,0,155,2185,0,0,0,0
1674.366,16898,59,0,0,0,0,0,8,277,5,39,0,0,0,0,0,0,0,0,0,0,0,0,0,0,0,0,0,0,0,0,0,0,239,16323,0,0,0,0
1690.997,16631,60,0,0,0,0,0,8,417,5,39,0,0,0,0,0,0,0,0,0,0,0,0,0,0,0,0,0,0,0,0,0,0,226,31459,0,0,0,0
1707.522,16525,60,0,0,0,0,0,8,479,5,39,0,0,0,0,0,0,0,0,0,0,0,0,0,0,0,0,0,0,0,0,0,0,148,16942,0,0,0,0
1724.339,16816,59,0,0,0,0,0,8,293,5,39,0,0,0,0,0,0,0,0,0,0,0,0,0,0,0,0,0,0,0,0,0,0,116,1460,0,0,0,0
1740.902,16563,60,0,0,0,0,0,8,236,5,39,0,0,0,0,0,0,0,0,0,0,0,0,0,0,0,0,0,0,0,0,0,0,238,17285,0,0,0,0
1757.859,16956,58,0,0,0,0,0,8,454,5,39,0,0,0,0,0,0,0,0,0,0,0,0,0,0,0,0,0,0,0,0,0,0,223,30157,0,0,0,0
1774.329,16470,60,0,0,0,0,0,8,387,5,39,0,0,0,0,0,0,0,0,0,0,0,0,0,0,0,0,0,0,0,0,0,0,0,0,0,0,0,0
1791.336,17006,58,0,0,0,0,0,8,319,5,39,0,0,0,0,0,0,0,0,0,0,0,0,0,0,0,0,0,0,0,0,0,0,221,18629,0,0,0,0
1807.472,16136,61,0,0,0,0,0,8,302,5,39,0,0,0,0,0,0,0,0,0,0,0,0,0,0,0,0,0,0,0,0,0,0,229,17800,0,0,0,0
1823.941,16469,60,0,0,0,0,0,8,439,5,39,0,0,0,0,0,0,0,0,0,0,0,0,0,0,0,0,0,0,0,0,0,0,230,31283,0,0,0,0
1840.849,16907,59,0,0,0,0,0,8,278,5,39,0,0,0,0,0,0,0,0,0,0,0,0,0,0,0,0,0,0,0,0,0,0,0,0,0,0,0,0
1856.727,15878,62,0,0,0,0,0,8,425,5,39,0,0,0,0,0,0,0,0,0,0,0,0,0,0,0,0,0,0,0,0,0,0,215,18384,0,0,0,0
1873.931,17203,58,0,0,0,0,0,8,304,5,39,0,0,0,0,0,0,0,0,0,0,0,0,0,0,0,0,0,0,0,0,0,0,240,15730,0,0,0,0
1891.352,17420,57,0,0,0,0,0,8,419,5,39,0,0,0,0,0,0,0,0,0,0,0,0,0,0,0,0,0,0,0,0,0,0,262,33229,0,0,0,0
1907.557,16205,61,0,0,0,0,0,8,288,5,39,0,0,0,0,0,0,0,0,0,0,0,0,0,0,0,0,0,0,0,0,0,0,0,0,0,0,0,0
1924.330,16772,59,0,0,0,0,0,8,426,5,39,0,0,0,0,0,0,0,0,0,0,0,0,0,0,0,0,0,0,0,0,0,0,231,18308,0,0,0,0
1940.513,16183,61,0,0,0,0,0,8,253,5,39,0,0,0,0,0,0,0,0,0,0,0,0,0,0,0,0,0,0,0,0,0,0,244,16063,0,0,0,0
1957.468,16955,58,0,0,0,0,0,8,293,5,39,0,0,0,0,0,0,0,0,0,0,0,0,0,0,0,0,0,0,0,0,0,0,551,17081,0,0,0,0
1974.849,17380,57,0,0,0,0,0,8,233,5,39,0,0,0,0,0,0,0,0,0,0,0,0,0,0,0,0,0,0,0,0,0,0,223,15977,0,0,0,0
1991.330,16481,60,0,0,0,0,0,8,159,5,39,0,0,0,0,0,0,0,0,0,0,0,0,0,0,0,0,0,0,0,0,0,0,233,17448,0,0,0,0
2007.531,16190,61,0,0,0,0,0,8,225,5,39,0,0,0,0,0,0,0,0,0,0,0,0,0,0,0,0,0,0,0,0,0,0,223,16438,0,0,0,0
2024.172,16651,60,0,0,0,0,0,8,455,5,39,0,0,0,0,0,0,0,0,0,0,0,0,0,0,0,0,0,0,0,0,0,0,952,27660,0,0,0,0
2040.869,16696,59,0,0,0,0,0,8,202,5,39,0,0,0,0,0,0,0,0,0,0,0,0,0,0,0,0,0,0,0,0,0,0,160,5246,0,0,0,0
2057.465,16596,60,0,0,0,0,0,8,251,5,39,0,0,0,0,0,0,0,0,0,0,0,0,0,0,0,0,0,0,0,0,0,0,219,16543,0,0,0,0
2074.389,16923,59,0,0,0,0,0,8,230,5,39,0,0,0,0,0,0,0,0,0,0,0,0,0,0,0,0,0,0,0,0,0,0,223,16644,0,0,0,0
2091.363,16974,58,0,0,0,0,0,8,390,5,39,0,0,0,0,0,0,0,0,0,0,0,0,0,0,0,0,0,0,0,0,0,0,248,27753,0,0,0,0
2107.411,16048,62,0,0,0,0,0,8,427,5,39,0,0,0,0,0,0,0,0,0,0,0,0,0,0,0,0,0,0,0,0,0,0,199,19651,0,0,0,0
2124.122,16711,59,0,0,0,0,0,8,258,5,39,0,0,0,0,0,0,0,0,0,0,0,0,0,0,0,0,0,0,0,0,0,0,150,2513,0,0,0,0
2141.327,17204,58,0,0,0,0,0,8,202,5,39,0,0,0,0,0,0,0,0,0,0,0,0,0,0,0,0,0,0,0,0,0,0,249,17090,0,0,0,0
2157.333,16006,62,0,0,0,0,0,8,406,5,39,0,0,0,0,0,0,0,0,0,0,0,0,0,0,0,0,0,0,0,0,0,0,236,29485,0,0,0,0
2173.946,16612,60,0,0,0,0,0,8,431,5,39,0,0,0,0,0,0,0,0,0,0,0,0,0,0,0,0,0,0,0,0,0,0,157,16851,0,0,0,0
2190.853,16907,59,0,0,0,0,0,8,203,5,39,0,0,0,0,0,0,0,0,0,0,0,0,0,0,0,0,0,0,0,0,0,0,153,3499,0,0,0,0
2207.457,16604,60,0,0,0,0,0,8,254,5,39,0,0,0,0,0,0,0,0,0,0,0,0,0,0,0,0,0,0,0,0,0,0,236,16503,0,0,0,0
2223.942,16484,60,0,0,0,0,0,8,402,5,39,0,0,0,0,0,0,0,0,0,0,0,0,0,0,0,0,0,0,0,0,0,0,241,29129,0,0,0,0
2240.826,16883,59,0,0,0,0,0,8,387,5,39,0,0,0,0,0,0,0,0,0,0,0,0,0,0,0,0,0,0,0,0,0,0,166,17881,0,0,0,0
2257.462,16636,60,0,0,0,0,0,8,246,5,39,0,0,0,0,0,0,0,0,0,0,0,0,0,0,0,0,0,0,0,0,0,0,148,3023,0,0,0,0
2274.325,16863,59,0,0,0,0,0,8,238,5,39,0,0,0,0,0,0,0,0,0,0,0,0,0,0,0,0,0,0,0,0,0,0,232,16631,0,0,0,0
2290.639,16313,61,0,0,0,0,0,8,407,5,39,0,0,0,0,0,0,0,0,0,0,0,0,0,0,0,0,0,0,0,0,0,0,227,29549,0,0,0,0
2307.529,16890,59,0,0,0,0,0,8,406,5,39,0,0,0,0,0,0,0,0,0,0,0,0,0,0,0,0,0,0,0,0,0,0,160,17214,0,0,0,0
2323.920,16391,61,0,0,0,0,0,8,255,5,39,0,0,0,0,0,0,0,0,0,0,0,0,0,0,0,0,0,0,0,0,0,0,154,3318,0,0,0,0
2341.332,17412,57,0,0,0,0,0,8,210,5,39,0,0,0,0,0,0,0,0,0,0,0,0,0,0,0,0,0,0,0,0,0,0,227,16367,0,0,0,0
2357.458,16125,62,0,0,0,0,0,8,427,5,39,0,0,0,0,0,0,0,0,0,0,0,0,0,0,0,0,0,0,0,0,0,0,244,29696,0,0,0,0
2374.018,16560,60,0,0,0,0,0,8,435,5,39,0,0,0,0,0,0,0,0,0,0,0,0,0,0,0,0,0,0,0,0,0,0,151,17912,0,0,0,0
2390.375,16356,61,0,0,0,0,0,8,177,5,39,0,0,0,0,0,0,0,0,0,0,0,0,0,0,0,0,0,0,0,0,0,0,137,2719,0,0,0,0
2407.467,17092,58,0,0,0,0,0,8,255,5,39,0,0,0,0,0,0,0,0,0,0,0,0,0,0,0,0,0,0,0,0,0,0,237,16125,0,0,0,0
2424.330,16863,59,0,0,0,0,0,8,422,5,39,0,0,0,0,0,0,0,0,0,0,0,0,0,0,0,0,0,0,0,0,0,0,234,29973,0,0,0,0
2440.865,16534,60,0,0,0,0,0,8,394,5,39,0,0,0,0,0,0,0,0,0,0,0,0,0,0,0,0,0,0,0,0,0,0,159,17337,0,0,0,0
2457.459,16594,60,0,0,0,0,0,8,259,5,39,0,0,0,0,0,0,0,0,0,0,0,0,0,0,0,0,0,0,0,0,0,0,137,3103,0,0,0,0
2473.739,16280,61,0,0,0,0,0,8,226,5,39,0,0,0,0,0,0,0,0,0,0,0,0,0,0,0,0,0,0,0,0,0,0,240,16664,0,0,0,0
2490.555,16815,59,0,0,0,0,0,8,391,5,39,0,0,0,0,0,0,0,0,0,0,0,0,0,0,0,0,0,0,0,0,0,0,244,28805,0,0,0,0
2507.495,16940,59,0,0,0,0,0,8,435,5,39,0,0,0,0,0,0,0,0,0,0,0,0,0,0,0,0,0,0,0,0,0,0,174,18822,0,0,0,0
2524.211,16715,59,0,0,0,0,0,8,254,5,39,0,0,0,0,0,0,0,0,0,0,0,0,0,0,0,0,0,0,0,0,0,0,155,2421,0,0,0,0
2541.334,17111,58,0,0,0,0,0,8,206,5,39,0,0,0,0,0,0,0,0,0,0,0,0,0,0,0,0,0,0,0,0,0,0,238,16755,0,0,0,0
2557.465,16142,61,0,0,0,0,0,8,403,5,39,0,0,0,0,0,0,0,0,0,0,0,0,0,0,0,0,0,0,0,0,0,0,238,29647,0,0,0,0
2573.552,16086,62,0,0,0,0,0,8,421,5,39,0,0,0,0,0,0,0,0,0,0,0,0,0,0,0,0,0,0,0,0,0,0,148,16749,0,0,0,0
2591.327,17775,56,0,0,0,0,0,8,219,5,39,0,0,0,0,0,0,0,0,0,0,0,0,0,0,0,0,0,0,0,0,0,0,151,2871,0,0,0,0
2607.459,16132,61,0,0,0,0,0,8,250,5,39,0,0,0,0,0,0,0,0,0,0,0,0,0,0,0,0,0,0,0,0,0,0,237,17789,0,0,0,0
2624.103,16643,60,0,0,0,0,0,8,407,5,39,0,0,0,0,0,0,0,0,0,0,0,0,0,0,0,0,0,0,0,0,0,0,224,29963,0,0,0,0
2640.533,16430,60,0,0,0,0,0,8,387,5,39,0,0,0,0,0,0,0,0,0,0,0,0,0,0,0,0,0,0,0,0,0,0,152,16192,0,0,0,0
2657.506,16972,58,0,0,0,0,0,8,250,5,39,0,0,0,0,0,0,0,0,0,0,0,0,0,0,0,0,0,0,0,0,0,0,128,3255,0,0,0,0
2674.017,16511,60,0,0,0,0,0,8,255,5,39,0,0,0,0,0,0,0,0,0,0,0,0,0,0,0,0,0,0,0,0,0,0,211,16739,0,0,0,0
2691.331,17313,57,0,0,0,0,0,8,386,5,39,0,0,0,0,0,0,0,0,0,0,0,0,0,0,0,0,0,0,0,0,0,0,246,29139,0,0,0,0
2707.547,16217,61,0,0,0,0,0,8,406,5,39,0,0,0,0,0,0,0,0,0,0,0,0,0,0,0,0,0,0,0,0,0,0,179,19554,0,0,0,0
2723.896,16348,61,0,0,0,0,0,8,247,5,39,0,0,0,0,0,0,0,0,0,0,0,0,0,0,0,0,0,0,0,0,0,0,144,1374,0,0,0,0
2740.906,17009,58,0,0,0,0,0,8,210,5,39,0,0,0,0,0,0,0,0,0,0,0,0,0,0,0,0,0,0,0,0,0,0,222,16366,0,0,0,0
2757.320,16413,60,0,0,0,0,0,8,434,5,39,0,0,0,0,0,0,0,0,0,0,0,0,0,0,0,0,0,0,0,0,0,0,220,29759,0,0,0,0
2773.922,16601,60,0,0,0,0,0,8,435,5,39,0,0,0,0,0,0,0,0,0,0,0,0,0,0,0,0,0,0,0,0,0,0,171,16963,0,0,0,0
2791.320,17398,57,0,0,0,0,0,8,182,5,39,0,0,0,0,0,0,0,0,0,0,0,0,0,0,0,0,0,0,0,0,0,0,159,3632,0,0,0,0
2807.457,16137,61,0,0,0,0,0,8,247,5,39,0,0,0,0,0,0,0,0,0,0,0,0,0,0,0,0,0,0,0,0,0,0,252,17038,0,0,0,0
2824.458,17000,58,0,0,0,0,0,8,422,5,39,0,0,0,0,0,0,0,0,0,0,0,0,0,0,0,0,0,0,0,0,0,0,226,28640,0,0,0,0
2840.602,16144,61,0,0,0,0,0,8,398,5,39,0,0,0,0,0,0,0,0,0,0,0,0,0,0,0,0,0,0,0,0,0,0,149,18649,0,0,0,0
2857.526,16923,59,0,0,0,0,0,8,247,5,39,0,0,0,0,0,0,0,0,0,0,0,0,0,0,0,0,0,0,0,0,0,0,118,1987,0,0,0,0
2874.025,16498,60,0,0,0,0,0,8,230,5,39,0,0,0,0,0,0,0,0,0,0,0,0,0,0,0,0,0,0,0,0,0,0,237,16946,0,0,0,0
2891.327,17301,57,0,0,0,0,0,8,386,5,39,0,0,0,0,0,0,0,0,0,0,0,0,0,0,0,0,0,0,0,0,0,0,230,28817,0,0,0,0
2906.992,15665,63,0,0,0,0,0,8,431,5,39,0,0,0,0,0,0,0,0,0,0,0,0,0,0,0,0,0,0,0,0,0,0,174,18531,0,0,0,0
2923.848,16855,59,0,0,0,0,0,8,258,5,39,0,0,0,0,0,0,0,0,0,0,0,0,0,0,0,0,0,0,0,0,0,0,129,2394,0,0,0,0
2941.321,17473,57,0,0,0,0,0,8,207,5,39,0,0,0,0,0,0,0,0,0,0,0,0,0,0,0,0,0,0,0,0,0,0,220,16637,0,0,0,0
2957.510,16189,61,0,0,0,0,0,8,406,5,39,0,0,0,0,0,0,0,0,0,0,0,0,0,0,0,0,0,0,0,0,0,0,236,31232,0,0,0,0
2973.495,15984,62,0,0,0,0,0,8,427,5,39,0,0,0,0,0,0,0,0,0,0,0,0,0,0,0,0,0,0,0,0,0,0,147,15023,0,0,0,0
2991.324,17829,56,0,0,0,0,0,8,210,5,39,0,0,0,0,0,0,0,0,0,0,0,0,0,0,0,0,0,0,0,0,0,0,148,3302,0,0,0,0
3007.454,16130,61,0,0,0,0,0,8,254,5,39,0,0,0,0,0,0,0,0,0,0,0,0,0,0,0,0,0,0,0,0,0,0,237,17806,0,0,0,0
3023.841,16387,61,0,0,0,0,0,8,397,5,39,0,0,0,0,0,0,0,0,0,0,0,0,0,0,0,0,0,0,0,0,0,0,232,28552,0,0,0,0
3040.454,16613,60,0,0,0,0,0,8,396,5,39,0,0,0,0,0,0,0,0,0,0,0,0,0,0,0,0,0,0,0,0,0,0,171,17463,0,0,0,0
3057.303,16835,59,0,0,0,0,0,8,258,5,39,0,0,0,0,0,0,0,0,0,0,0,0,0,0,0,0,0,0,0,0,0,0,157,3169,0,0,0,0
3073.838,16548,60,0,0,0,0,0,8,227,5,39,0,0,0,0,0,0,0,0,0,0,0,0,0,0,0,0,0,0,0,0,0,0,237,16833,0,0,0,0
3090.476,16637,60,0,0,0,0,0,8,410,5,39,0,0,0,0,0,0,0,0,0,0,0,0,0,0,0,0,0,0,0,0,0,0,205,29105,0,0,0,0
3107.401,16925,59,0,0,0,0,0,8,415,5,39,0,0,0,0,0,0,0,0,0,0,0,0,0,0,0,0,0,0,0,0,0,0,160,17854,0,0,0,0
3124.205,16803,59,0,0,0,0,0,8,251,5,39,0,0,0,0,0,0,0,0,0,0,0,0,0,0,0,0,0,0,0,0,0,0,137,3129,0,0,0,0
3140.764,16558,60,0,0,0,0,0,8,205,5,39,0,0,0,0,0,0,0,0,0,0,0,0,0,0,0,0,0,0,0,0,0,0,263,16945,0,0,0,0
3157.453,16689,59,0,0,0,0,0,8,435,5,39,0,0,0,0,0,0,0,0,0,0,0,0,0,0,0,0,0,0,0,0,0,0,248,28764,0,0,0,0
3174.452,16999,58,0,0,0,0,0,8,418,5,39,0,0,0,0,0,0,0,0,0,0,0,0,0,0,0,0,0,0,0,0,0,0,178,17725,0,0,0,0
3190.722,16269,61,0,0,0,0,0,8,194,5,39,0,0,0,0,0,0,0,0,0,0,0,0,0,0,0,0,0,0,0,0,0,0,161,3659,0,0,0,0
3207.399,16677,59,0,0,0,0,0,8,254,5,39,0,0,0,0,0,0,0,0,0,0,0,0,0,0,0,0,0,0,0,0,0,0,217,16767,0,0,0,0
3224.006,16606,60,0,0,0,0,0,8,431,5,39,0,0,0,0,0,0,0,0,0,0,0,0,0,0,0,0,0,0,0,0,0,0,228,28455,0,0,0,0
3240.967,16961,58,0,0,0,0,0,8,383,5,39,0,0,0,0,0,0,0,0,0,0,0,0,0,0,0,0,0,0,0,0,0,0,185,18196,0,0,0,0
3256.852,15884,62,0,0,0,0,0,8,255,5,39,0,0,0,0,0,0,0,0,0,0,0,0,0,0,0,0,0,0,0,0,0,0,148,3077,0,0,0,0
3274.316,17464,57,0,0,0,0,0,8,234,5,39,0,0,0,0,0,0,0,0,0,0,0,0,0,0,0,0,0,0,0,0,0,0,225,15874,0,0,0,0
3291.341,17024,58,0,0,0,0,0,8,382,5,39,0,0,0,0,0,0,0,0,0,0,0,0,0,0,0,0,0,0,0,0,0,0,245,30053,0,0,0,0
3307.030,15689,63,0,0,0,0,0,8,426,5,39,0,0,0,0,0,0,0,0,0,0,0,0,0,0,0,0,0,0,0,0,0,0,160,18083,0,0,0,0
3324.451,17421,57,0,0,0,0,0,8,233,5,39,0,0,0,0,0,0,0,0,0,0,0,0,0,0,0,0,0,0,0,0,0,0,166,2055,0,0,0,0
3340.329,15878,62,0,0,0,0,0,8,225,5,39,0,0,0,0,0,0,0,0,0,0,0,0,0,0,0,0,0,0,0,0,0,0,222,17417,0,0,0,0
3357.513,17184,58,0,0,0,0,0,8,409,5,39,0,0,0,0,0,0,0,0,0,0,0,0,0,0,0,0,0,0,0,0,0,0,244,28045,0,0,0,0
3373.460,15946,62,0,0,0,0,0,8,428,5,39,0,0,0,0,0,0,0,0,0,0,0,0,0,0,0,0,0,0,0,0,0,0,160,18390,0,0,0,0
3390.740,17279,57,0,0,0,0,0,8,214,5,39,0,0,0,0,0,0,0,0,0,0,0,0,0,0,0,0,0,0,0,0,0,0,138,2560,0,0,0,0
3408.326,17586,56,0,0,0,0,0,8,254,5,39,0,0,0,0,0,0,0,0,0,0,0,0,0,0,0,0,0,0,0,0,0,0,247,17273,0,0,0,0
3423.850,15524,64,0,0,0,0,0,8,393,5,39,0,0,0,0,0,0,0,0,0,0,0,0,0,0,0,0,0,0,0,0,0,0,225,30267,0,0,0,0
3440.830,16980,58,0,0,0,0,0,8,395,5,39,0,0,0,0,0,0,0,0,0,0,0,0,0,0,0,0,0,0,0,0,0,0,167,16292,0,0,0,0
3457.462,16621,60,0,0,0,0,0,8,251,5,39,0,0,0,0,0,0,0,0,0,0,0,0,0,0,0,0,0,0,0,0,0,0,183,3589,0,0,0,0
3474.009,16556,60,0,0,0,0,0,8,251,5,39,0,0,0,0,0,0,0,0,0,0,0,0,0,0,0,0,0,0,0,0,0,0,218,16559,0,0,0,0
3491.322,17313,57,0,0,0,0,0,8,386,5,39,0,0,0,0,0,0,0,0,0,0,0,0,0,0,0,0,0,0,0,0,0,0,223,29508,0,0,0,0
3507.482,16159,61,0,0,0,0,0,8,410,5,39,0,0,0,0,0,0,0,0,0,0,0,0,0,0,0,0,0,0,0,0,0,0,169,18091,0,0,0,0
3523.870,16387,61,0,0,0,0,0,8,230,5,39,0,0,0,0,0,0,0,0,0,0,0,0,0,0,0,0,0,0,0,0,0,0,149,1517,0,0,0,0
3540.479,16609,60,0,0,0,0,0,8,231,5,39,0,0,0,0,0,0,0,0,0,0,0,0,0,0,0,0,0,0,0,0,0,0,209,17239,0,0,0,0
3557.327,16837,59,0,0,0,0,0,8,439,5,39,0,0,0,0,0,0,0,0,0,0,0,0,0,0,0,0,0,0,0,0,0,0,236,29095,0,0,0,0
3574.005,16689,59,0,0,0,0,0,8,430,5,39,0,0,0,0,0,0,0,0,0,0,0,0,0,0,0,0,0,0,0,0,0,0,155,17767,0,0,0,0
3590.823,16817,59,0,0,0,0,0,8,174,5,39,0,0,0,0,0,0,0,0,0,0,0,0,0,0,0,0,0,0,0,0,0,0,165,3643,0,0,0,0
3606.998,16175,61,0,0,0,0,0,8,255,5,39,0,0,0,0,0,0,0,0,0,0,0,0,0,0,0,0,0,0,0,0,0,0,225,16517,0,0,0,0
3624.452,17453,57,0,0,0,0,0,8,414,5,39,0,0,0,0,0,0,0,0,0,0,0,0,0,0,0,0,0,0,0,0,0,0,230,28707,0,0,0,0
3640.517,16065,62,0,0,0,0,0,8,407,5,39,0,0,0,0,0,0,0,0,0,0,0,0,0,0,0,0,0,0,0,0,0,0,171,18313,0,0,0,0
3657.452,16934,59,0,0,0,0,0,8,250,5,39,0,0,0,0,0,0,0,0,0,0,0,0,0,0,0,0,0,0,0,0,0,0,147,2833,0,0,0,0
3673.542,16090,62,0,0,0,0,0,8,217,5,39,0,0,0,0,0,0,0,0,0,0,0,0,0,0,0,0,0,0,0,0,0,0,227,17102,0,0,0,0
3691.339,17797,56,0,0,0,0,0,8,404,5,39,0,0,0,0,0,0,0,0,0,0,0,0,0,0,0,0,0,0,0,0,0,0,236,28073,0,0,0,0
3707.805,16465,60,0,0,0,0,0,8,249,5,39,0,0,0,0,0,0,0,0,0,0,0,0,0,0,0,0,0,0,0,0,0,0,174,5644,0,0,0,0
3724.315,16510,60,0,0,0,0,0,8,426,5,39,0,0,0,0,0,0,0,0,0,0,0,0,0,0,0,0,0,0,0,0,0,0,222,29887,0,0,0,0
3741.209,16894,59,0,0,0,0,0,8,392,5,39,0,0,0,0,0,0,0,0,0,0,0,0,0,0,0,0,0,0,0,0,0,0,153,15515,0,0,0,0
3757.457,16247,61,0,0,0,0,0,8,226,5,39,0,0,0,0,0,0,0,0,0,0,0,0,0,0,0,0,0,0,0,0,0,0,147,4319,0,0,0,0
3773.851,16393,60,0,0,0,0,0,8,227,5,39,0,0,0,0,0,0,0,0,0,0,0,0,0,0,0,0,0,0,0,0,0,0,226,16228,0,0,0,0
3790.451,16600,60,0,0,0,0,0,8,410,5,39,0,0,0,0,0,0,0,0,0,0,0,0,0,0,0,0,0,0,0,0,0,0,220,29707,0,0,0,0
3808.324,17873,55,0,0,0,0,0,8,435,5,39,0,0,0,0,0,0,0,0,0,0,0,0,0,0,0,0,0,0,0,0,0,0,144,15885,0,0,0,0
3824.192,15867,63,0,0,0,0,0,8,226,5,39,0,0,0,0,0,0,0,0,0,0,0,0,0,0,0,0,0,0,0,0,0,0,169,5329,0,0,0,0
3841.310,17118,58,0,0,0,0,0,8,206,5,39,0,0,0,0,0,0,0,0,0,0,0,0,0,0,0,0,0,0,0,0,0,0,217,15861,0,0,0,0
3857.449,16138,61,0,0,0,0,0,8,426,5,39,0,0,0,0,0,0,0,0,0,0,0,0,0,0,0,0,0,0,0,0,0,0,246,31000,0,0,0,0
3874.088,16638,60,0,0,0,0,0,8,431,5,39,0,0,0,0,0,0,0,0,0,0,0,0,0,0,0,0,0,0,0,0,0,0,138,13677,0,0,0,0
3891.327,17238,58,0,0,0,0,0,8,210,5,39,0,0,0,0,0,0,0,0,0,0,0,0,0,0,0,0,0,0,0,0,0,0,172,5208,0,0,0,0
3907.338,16011,62,0,0,0,0,0,8,219,5,39,0,0,0,0,0,0,0,0,0,0,0,0,0,0,0,0,0,0,0,0,0,0,229,17154,0,0,0,0
3924.382,17044,58,0,0,0,0,0,8,434,5,39,0,0,0,0,0,0,0,0,0,0,0,0,0,0,0,0,0,0,0,0,0,0,235,29702,0,0,0,0
3940.974,16591,60,0,0,0,0,0,8,383,5,39,0,0,0,0,0,0,0,0,0,0,0,0,0,0,0,0,0,0,0,0,0,0,169,16364,0,0,0,0
3957.456,16482,60,0,0,0,0,0,8,239,5,39,0,0,0,0,0,0,0,0,0,0,0,0,0,0,0,0,0,0,0,0,0,0,194,3672,0,0,0,0
3973.838,16381,61,0,0,0,0,0,8,208,5,39,0,0,0,0,0,0,0,0,0,0,0,0,0,0,0,0,0,0,0,0,0,0,219,15416,0,0,0,0
3991.309,17470,57,0,0,0,0,0,8,184,5,39,0,0,0,0,0,0,0,0,0,0,0,0,0,0,0,0,0,0,0,0,0,0,229,17408,0,0,0,0
4007.445,16136,61,0,0,0,0,0,8,220,5,39,0,0,0,0,0,0,0,0,0,0,0,0,0,0,0,0,0,0,0,0,0,0,219,17386,0,0,0,0
4023.855,16410,60,0,0,0,0,0,8,564,5,41,0,0,0,0,0,0,0,0,0,0,0,0,0,0,0,0,0,0,0,0,0,0,1828,31043,0,0,0,0
4040.861,17005,58,0,0,0,0,0,8,242,5,41,0,0,0,0,0,0,0,0,0,0,0,0,0,0,0,0,0,0,0,0,0,0,131,1563,0,0,0,0
4057.465,16603,60,0,0,0,0,0,8,300,5,41,0,0,0,0,0,0,0,0,0,0,0,0,0,0,0,0,0,0,0,0,0,0,237,17026,0,0,0,0
4074.446,16981,58,0,0,0,0,0,8,255,5,41,0,0,0,0,0,0,0,0,0,0,0,0,0,0,0,0,0,0,0,0,0,0,231,16615,0,0,0,0
4090.454,16008,62,0,0,0,0,0,8,423,5,41,0,0,0,0,0,0,0,0,0,0,0,0,0,0,0,0,0,0,0,0,0,0,233,27957,0,0,0,0
4107.543,17088,58,0,0,0,0,0,8,307,5,41,0,0,0,0,0,0,0,0,0,0,0,0,0,0,0,0,0,0,0,0,0,0,153,5065,0,0,0,0
4123.973,16430,60,0,0,0,0,0,8,453,5,41,0,0,0,0,0,0,0,0,0,0,0,0,0,0,0,0,0,0,0,0,0,0,251,30738,0,0,0,0
4141.309,17335,57,0,0,0,0,0,8,254,5,41,0,0,0,0,0,0,0,0,0,0,0,0,0,0,0,0,0,0,0,0,0,0,150,2783,0,0,0,0
4156.777,15467,64,0,0,0,0,0,8,450,5,41,0,0,0,0,0,0,0,0,0,0,0,0,0,0,0,0,0,0,0,0,0,0,230,29858,0,0,0,0
4173.605,16828,59,0,0,0,0,0,8,278,5,41,0,0,0,0,0,0,0,0,0,0,0,0,0,0,0,0,0,0,0,0,0,0,159,3431,0,0,0,0
4190.484,16878,59,0,0,0,0,0,8,433,5,41,0,0,0,0,0,0,0,0,0,0,0,0,0,0,0,0,0,0,0,0,0,0,239,30188,0,0,0,0
4207.576,17092,58,0,0,0,0,0,8,297,5,41,0,0,0,0,0,0,0,0,0,0,0,0,0,0,0,0,0,0,0,0,0,0,162,3021,0,0,0,0
4224.164,16588,60,0,0,0,0,0,8,447,5,41,0,0,0,0,0,0,0,0,0,0,0,0,0,0,0,0,0,0,0,0,0,0,240,29613,0,0,0,0
4240.677,16512,60,0,0,0,0,0,8,244,5,41,0,0,0,0,0,0,0,0,0,0,0,0,0,0,0,0,0,0,0,0,0,0,168,4066,0,0,0,0
4257.505,16828,59,0,0,0,0,0,8,483,5,41,0,0,0,0,0,0,0,0,0,0,0,0,0,0,0,0,0,0,0,0,0,0,230,29867,0,0,0,0
4274.445,16939,59,0,0,0,0,0,8,273,5,41,0,0,0,0,0,0,0,0,0,0,0,0,0,0,0,0,0,0,0,0,0,0,164,3491,0,0,0,0
4290.864,16418,60,0,0,0,0,0,8,437,5,41,0,0,0,0,0,0,0,0,0,0,0,0,0,0,0,0,0,0,0,0,0,0,222,29615,0,0,0,0
4307.849,16984,58,0,0,0,0,0,8,262,5,41,0,0,0,0,0,0,0,0,0,0,0,0,0,0,0,0,0,0,0,0,0,0,185,3750,0,0,0,0
4324.445,16596,60,0,0,0,0,0,8,490,5,41,0,0,0,0,0,0,0,0,0,0,0,0,0,0,0,0,0,0,0,0,0,0,243,30268,0,0,0,0
4340.491,16045,62,0,0,0,0,0,8,410,5,41,0,0,0,0,0,0,0,0,0,0,0,0,0,0,0,0,0,0,0,0,0,0,171,15876,0,0,0,0
4357.370,16879,59,0,0,0,0,0,8,293,5,41,0,0,0,0,0,0,0,0,0,0,0,0,0,0,0,0,0,0,0,0,0,0,160,3463,0,0,0,0
4374.304,16933,59,0,0,0,0,0,8,280,5,41,0,0,0,0,0,0,0,0,0,0,0,0,0,0,0,0,0,0,0,0,0,0,228,16860,0,0,0,0
4390.880,16575,60,0,0,0,0,0,8,407,5,41,0,0,0,0,0,0,0,0,0,0,0,0,0,0,0,0,0,0,0,0,0,0,230,30224,0,0,0,0
4407.452,16572,60,0,0,0,0,0,8,301,5,41,0,0,0,0,0,0,0,0,0,0,0,0,0,0,0,0,0,0,0,0,0,0,157,3308,0,0,0,0
4423.955,16502,60,0,0,0,0,0,8,459,5,41,0,0,0,0,0,0,0,0,0,0,0,0,0,0,0,0,0,0,0,0,0,0,240,30105,0,0,0,0
4441.324,17370,57,0,0,0,0,0,8,248,5,41,0,0,0,0,0,0,0,0,0,0,0,0,0,0,0,0,0,0,0,0,0,0,148,2936,0,0,0,0
4457.513,16188,61,0,0,0,0,0,8,481,5,41,0,0,0,0,0,0,0,0,0,0,0,0,0,0,0,0,0,0,0,0,0,0,235,31400,0,0,0,0
4473.834,16321,61,0,0,0,0,0,8,428,5,41,0,0,0,0,0,0,0,0,0,0,0,0,0,0,0,0,0,0,0,0,0,0,129,14573,0,0,0,0
4491.310,17476,57,0,0,0,0,0,8,247,5,41,0,0,0,0,0,0,0,0,0,0,0,0,0,0,0,0,0,0,0,0,0,0,167,4020,0,0,0,0
4507.471,16160,61,0,0,0,0,0,8,301,5,41,0,0,0,0,0,0,0,0,0,0,0,0,0,0,0,0,0,0,0,0,0,0,232,18358,0,0,0,0
4523.942,16471,60,0,0,0,0,0,8,475,5,41,0,0,0,0,0,0,0,0,0,0,0,0,0,0,0,0,0,0,0,0,0,0,206,28691,0,0,0,0
4540.319,16376,61,0,0,0,0,0,8,229,5,41,0,0,0,0,0,0,0,0,0,0,0,0,0,0,0,0,0,0,0,0,0,0,152,3298,0,0,0,0
4557.442,17123,58,0,0,0,0,0,8,451,5,41,0,0,0,0,0,0,0,0,0,0,0,0,0,0,0,0,0,0,0,0,0,0,233,28421,0,0,0,0
4573.917,16474,60,0,0,0,0,0,8,284,5,41,0,0,0,0,0,0,0,0,0,0,0,0,0,0,0,0,0,0,0,0,0,0,153,4726,0,0,0,0
4591.310,17393,57,0,0,0,0,0,8,437,5,41,0,0,0,0,0,0,0,0,0,0,0,0,0,0,0,0,0,0,0,0,0,0,243,29989,0,0,0,0
4607.437,16126,62,0,0,0,0,0,8,290,5,41,0,0,0,0,0,0,0,0,0,0,0,0,0,0,0,0,0,0,0,0,0,0,163,4421,0,0,0,0
4623.830,16392,61,0,0,0,0,0,8,450,5,41,0,0,0,0,0,0,0,0,0,0,0,0,0,0,0,0,0,0,0,0,0,0,198,28664,0,0,0,0
4640.860,17030,58,0,0,0,0,0,8,233,5,41,0,0,0,0,0,0,0,0,0,0,0,0,0,0,0,0,0,0,0,0,0,0,152,3773,0,0,0,0
4656.856,15995,62,0,0,0,0,0,8,479,5,41,0,0,0,0,0,0,0,0,0,0,0,0,0,0,0,0,0,0,0,0,0,0,221,30364,0,0,0,0
4673.988,17132,58,0,0,0,0,0,8,478,5,41,0,0,0,0,0,0,0,0,0,0,0,0,0,0,0,0,0,0,0,0,0,0,158,14921,0,0,0,0
4690.446,16457,60,0,0,0,0,0,8,226,5,41,0,0,0,0,0,0,0,0,0,0,0,0,0,0,0,0,0,0,0,0,0,0,160,4692,0,0,0,0
4707.508,17061,58,0,0,0,0,0,8,278,5,41,0,0,0,0,0,0,0,0,0,0,0,0,0,0,0,0,0,0,0,0,0,0,236,16194,0,0,0,0
4724.304,16796,59,0,0,0,0,0,8,479,5,41,0,0,0,0,0,0,0,0,0,0,0,0,0,0,0,0,0,0,0,0,0,0,228,30551,0,0,0,0
4740.844,16539,60,0,0,0,0,0,8,233,5,41,0,0,0,0,0,0,0,0,0,0,0,0,0,0,0,0,0,0,0,0,0,0,162,3383,0,0,0,0
4757.535,16691,59,0,0,0,0,0,8,487,5,41,0,0,0,0,0,0,0,0,0,0,0,0,0,0,0,0,0,0,0,0,0,0,199,28706,0,0,0,0
4774.367,16832,59,0,0,0,0,0,8,277,5,41,0,0,0,0,0,0,0,0,0,0,0,0,0,0,0,0,0,0,0,0,0,0,165,5178,0,0,0,0
4790.312,15944,62,0,0,0,0,0,8,398,5,41,0,0,0,0,0,0,0,0,0,0,0,0,0,0,0,0,0,0,0,0,0,0,212,29735,0,0,0,0
4807.511,17198,58,0,0,0,0,0,8,301,5,41,0,0,0,0,0,0,0,0,0,0,0,0,0,0,0,0,0,0,0,0,0,0,156,2307,0,0,0,0
4823.962,16451,60,0,0,0,0,0,8,464,5,41,0,0,0,0,0,0,0,0,0,0,0,0,0,0,0,0,0,0,0,0,0,0,215,29514,0,0,0,0
4841.293,17330,57,0,0,0,0,0,8,248,5,41,0,0,0,0,0,0,0,0,0,0,0,0,0,0,0,0,0,0,0,0,0,0,155,4146,0,0,0,0
4858.301,17007,58,0,0,0,0,0,8,478,5,41,0,0,0,0,0,0,0,0,0,0,0,0,0,0,0,0,0,0,0,0,0,0,212,30638,0,0,0,0
4874.437,16136,61,0,0,0,0,0,8,237,5,41,0,0,0,0,0,0,0,0,0,0,0,0,0,0,0,0,0,0,0,0,0,0,155,3724,0,0,0,0
4890.444,16007,62,0,0,0,0,0,8,433,5,41,0,0,0,0,0,0,0,0,0,0,0,0,0,0,0,0,0,0,0,0,0,0,201,28769,0,0,0,0
4907.512,17057,58,0,0,0,0,0,8,298,5,41,0,0,0,0,0,0,0,0,0,0,0,0,0,0,0,0,0,0,0,0,0,0,178,3437,0,0,0,0
4923.947,16445,60,0,0,0,0,0,8,293,5,41,0,0,0,0,0,0,0,0,0,0,0,0,0,0,0,0,0,0,0,0,0,0,0,0,0,0,0,0
4941.301,17354,57,0,0,0,0,0,8,437,5,41,0,0,0,0,0,0,0,0,0,0,0,0,0,0,0,0,0,0,0,0,0,0,231,34550,0,0,0,0
4957.447,16145,61,0,0,0,0,0,8,426,5,41,0,0,0,0,0,0,0,0,0,0,0,0,0,0,0,0,0,0,0,0,0,0,187,18237,0,0,0,0
4974.229,16782,59,0,0,0,0,0,8,301,5,41,0,0,0,0,0,0,0,0,0,0,0,0,0,0,0,0,0,0,0,0,0,0,227,14198,0,0,0,0
4990.083,15853,63,0,0,0,0,0,8,225,5,41,0,0,0,0,0,0,0,0,0,0,0,0,0,0,0,0,0,0,0,0,0,0,0,0,0,0,0,0
5008.303,18220,54,0,0,0,0,0,8,474,5,41,0,0,0,0,0,0,0,0,0,0,0,0,0,0,0,0,0,0,0,0,0,0,248,36561,0,0,0,0
5023.447,15143,66,0,0,0,0,0,8,435,5,41,0,0,0,0,0,0,0,0,0,0,0,0,0,0,0,0,0,0,0,0,0,0,221,19304,0,0,0,0
5041.307,17859,55,0,0,0,0,0,8,254,5,41,0,0,0,0,0,0,0,0,0,0,0,0,0,0,0,0,0,0,0,0,0,0,187,10065,0,0,0,0
5057.812,16505,60,0,0,0,0,0,8,302,5,41,0,0,0,0,0,0,0,0,0,0,0,0,0,0,0,0,0,0,0,0,0,0,0,0,0,0,0,0
5073.824,16011,62,0,0,0,0,0,8,420,5,41,0,0,0,0,0,0,0,0,0,0,0,0,0,0,0,0,0,0,0,0,0,0,248,36828,0,0,0,0
5090.959,17135,58,0,0,0,0,0,8,455,5,41,0,0,0,0,0,0,0,0,0,0,0,0,0,0,0,0,0,0,0,0,0,0,227,18760,0,0,0,0
5107.826,16867,59,0,0,0,0,0,8,264,5,41,0,0,0,0,0,0,0,0,0,0,0,0,0,0,0,0,0,0,0,0,0,0,201,11899,0,0,0,0
5124.435,16608,60,0,0,0,0,0,8,285,5,41,0,0,0,0,0,0,0,0,0,0,0,0,0,0,0,0,0,0,0,0,0,0,0,0,0,0,0,0
5140.813,16378,61,0,0,0,0,0,8,412,5,41,0,0,0,0,0,0,0,0,0,0,0,0,0,0,0,0,0,0,0,0,0,0,228,35569,0,0,0,0
5157.370,16557,60,0,0,0,0,0,8,486,5,41,0,0,0,0,0,0,0,0,0,0,0,0,0,0,0,0,0,0,0,0,0,0,178,18059,0,0,0,0
5173.943,16572,60,0,0,0,0,0,8,298,5,41,0,0,0,0,0,0,0,0,0,0,0,0,0,0,0,0,0,0,0,0,0,0,223,12931,0,0,0,0
5191.298,17355,57,0,0,0,0,0,8,226,5,41,0,0,0,0,0,0,0,0,0,0,0,0,0,0,0,0,0,0,0,0,0,0,0,0,0,0,0,0
5207.484,16186,61,0,0,0,0,0,8,464,5,41,0,0,0,0,0,0,0,0,0,0,0,0,0,0,0,0,0,0,0,0,0,0,243,34802,0,0,0,0
5223.917,16433,60,0,0,0,0,0,8,459,5,41,0,0,0,0,0,0,0,0,0,0,0,0,0,0,0,0,0,0,0,0,0,0,239,16789,0,0,0,0
5240.815,16897,59,0,0,0,0,0,8,244,5,41,0,0,0,0,0,0,0,0,0,0,0,0,0,0,0,0,0,0,0,0,0,0,225,14822,0,0,0,0
5257.434,16618,60,0,0,0,0,0,8,322,5,41,0,0,0,0,0,0,0,0,0,0,0,0,0,0,0,0,0,0,0,0,0,0,0,0,0,0,0,0
5274.070,16636,60,0,0,0,0,0,8,445,5,41,0,0,0,0,0,0,0,0,0,0,0,0,0,0,0,0,0,0,0,0,0,0,240,34100,0,0,0,0
5290.441,16370,61,0,0,0,0,0,8,379,5,41,0,0,0,0,0,0,0,0,0,0,0,0,0,0,0,0,0,0,0,0,0,0,200,16702,0,0,0,0
5307.487,17037,58,0,0,0,0,0,8,302,5,41,0,0,0,0,0,0,0,0,0,0,0,0,0,0,0,0,0,0,0,0,0,0,236,15732,0,0,0,0
5324.014,16536,60,0,0,0,0,0,8,317,5,41,0,0,0,0,0,0,0,0,0,0,0,0,0,0,0,0,0,0,0,0,0,0,0,0,0,0,0,0
5341.295,17281,57,0,0,0,0,0,8,409,5,41,0,0,0,0,0,0,0,0,0,0,0,0,0,0,0,0,0,0,0,0,0,0,223,35094,0,0,0,0
5357.396,16100,62,0,0,0,0,0,8,431,5,41,0,0,0,0,0,0,0,0,0,0,0,0,0,0,0,0,0,0,0,0,0,0,209,17659,0,0,0,0
5374.117,16721,59,0,0,0,0,0,8,285,5,41,0,0,0,0,0,0,0,0,0,0,0,0,0,0,0,0,0,0,0,0,0,0,223,14216,0,0,0,0
5390.655,16538,60,0,0,0,0,0,8,442,5,41,0,0,0,0,0,0,0,0,0,0,0,0,0,0,0,0,0,0,0,0,0,0,238,31548,0,0,0,0
5406.991,16336,61,0,0,0,0,0,8,294,5,41,0,0,0,0,0,0,0,0,0,0,0,0,0,0,0,0,0,0,0,0,0,0,138,1713,0,0,0,0
5424.434,17442,57,0,0,0,0,0,8,316,5,41,0,0,0,0,0,0,0,0,0,0,0,0,0,0,0,0,0,0,0,0,0,0,0,0,0,0,0,0
5441.297,16862,59,0,0,0,0,0,8,435,5,41,0,0,0,0,0,0,0,0,0,0,0,0,0,0,0,0,0,0,0,0,0,0,236,33185,0,0,0,0
5457.443,16146,61,0,0,0,0,0,8,403,5,41,0,0,0,0,0,0,0,0,0,0,0,0,0,0,0,0,0,0,0,0,0,0,214,16914,0,0,0,0
5473.945,16501,60,0,0,0,0,0,8,308,5,41,0,0,0,0,0,0,0,0,0,0,0,0,0,0,0,0,0,0,0,0,0,0,223,16633,0,0,0,0
5490.306,16361,61,0,0,0,0,0,8,269,5,41,0,0,0,0,0,0,0,0,0,0,0,0,0,0,0,0,0,0,0,0,0,0,0,0,0,0,0,0
5507.437,17130,58,0,0,0,0,0,8,587,5,41,0,0,0,0,0,0,0,0,0,0,0,0,0,0,0,0,0,0,0,0,0,0,323,48409,0,0,0,0
5524.330,16893,59,0,0,0,0,0,8,294,5,41,0,0,0,0,0,0,0,0,0,0,0,0,0,0,0,0,0,0,0,0,0,0,119,1534,0,0,0,0
5540.917,16586,60,0,0,0,0,0,8,244,5,41,0,0,0,0,0,0,0,0,0,0,0,0,0,0,0,0,0,0,0,0,0,0,229,16960,0,0,0,0
5557.339,16421,60,0,0,0,0,0,8,390,5,41,0,0,0,0,0,0,0,0,0,0,0,0,0,0,0,0,0,0,0,0,0,0,0,0,0,0,0,0
5574.050,16711,59,0,0,0,0,0,8,566,5,41,0,0,0,0,0,0,0,0,0,0,0,0,0,0,0,0,0,0,0,0,0,0,344,48405,0,0,0,0
5590.506,16456,60,0,0,0,0,0,8,200,5,41,0,0,0,0,0,0,0,0,0,0,0,0,0,0,0,0,0,0,0,0,0,0,124,1219,0,0,0,0
5608.310,17803,56,0,0,0,0,0,8,305,5,41,0,0,0,0,0,0,0,0,0,0,0,0,0,0,0,0,0,0,0,0,0,0,229,16559,0,0,0,0
5625.307,16997,58,0,0,0,0,0,8,397,5,41,0,0,0,0,0,0,0,0,0,0,0,0,0,0,0,0,0,0,0,0,0,0,0,0,0,0,0,0
5640.804,15496,64,0,0,0,0,0,8,330,5,41,0,0,0,0,0,0,0,0,0,0,0,0,0,0,0,0,0,0,0,0,0,0,229,33853,0,0,0,0
5657.438,16634,60,0,0,0,0,0,8,448,5,41,0,0,0,0,0,0,0,0,0,0,0,0,0,0,0,0,0,0,0,0,0,0,221,17233,0,0,0,0
5673.930,16492,60,0,0,0,0,0,8,265,5,41,0,0,0,0,0,0,0,0,0,0,0,0,0,0,0,0,0,0,0,0,0,0,232,15843,0,0,0,0
5690.297,16367,61,0,0,0,0,0,8,269,5,41,0,0,0,0,0,0,0,0,0,0,0,0,0,0,0,0,0,0,0,0,0,0,0,0,0,0,0,0
5707.435,17137,58,0,0,0,0,0,8,546,5,41,0,0,0,0,0,0,0,0,0,0,0,0,0,0,0,0,0,0,0,0,0,0,235,32655,0,0,0,0
5723.859,16424,60,0,0,0,0,0,8,377,5,41,0,0,0,0,0,0,0,0,0,0,0,0,0,0,0,0,0,0,0,0,0,0,177,16570,0,0,0,0
5740.808,16948,59,0,0,0,0,0,8,240,5,41,0,0,0,0,0,0,0,0,0,0,0,0,0,0,0,0,0,0,0,0,0,0,232,17224,0,0,0,0
5757.335,16527,60,0,0,0,0,0,8,329,5,41,0,0,0,0,0,0,0,0,0,0,0,0,0,0,0,0,0,0,0,0,0,0,0,0,0,0,0,0
5774.151,16816,59,0,0,0,0,0,8,461,5,41,0,0,0,0,0,0,0,0,0,0,0,0,0,0,0,0,0,0,0,0,0,0,224,32788,0,0,0,0
5791.302,17150,58,0,0,0,0,0,8,365,5,41,0,0,0,0,0,0,0,0,0,0,0,0,0,0,0,0,0,0,0,0,0,0,179,17328,0,0,0,0
5807.554,16252,61,0,0,0,0,0,8,301,5,41,0,0,0,0,0,0,0,0,0,0,0,0,0,0,0,0,0,0,0,0,0,0,248,17344,0,0,0,0
5824.291,16737,59,0,0,0,0,0,8,336,5,41,0,0,0,0,0,0,0,0,0,0,0,0,0,0,0,0,0,0,0,0,0,0,0,0,0,0,0,0
5840.304,16013,62,0,0,0,0,0,8,370,5,41,0,0,0,0,0,0,0,0,0,0,0,0,0,0,0,0,0,0,0,0,0,0,248,32222,0,0,0,0
5858.308,18003,55,0,0,0,0,0,8,451,5,41,0,0,0,0,0,0,0,0,0,0,0,0,0,0,0,0,0,0,0,0,0,0,182,17410,0,0,0,0
5873.847,15538,64,0,0,0,0,0,8,293,5,41,0,0,0,0,0,0,0,0,0,0,0,0,0,0,0,0,0,0,0,0,0,0,237,17358,0,0,0,0
5891.315,17468,57,0,0,0,0,0,8,346,5,41,0,0,0,0,0,0,0,0,0,0,0,0,0,0,0,0,0,0,0,0,0,0,0,0,0,0,0,0
5907.450,16134,61,0,0,0,0,0,8,363,5,41,0,0,0,0,0,0,0,0,0,0,0,0,0,0,0,0,0,0,0,0,0,0,234,32073,0,0,0,0
5923.845,16395,60,0,0,0,0,0,8,453,5,41,0,0,0,0,0,0,0,0,0,0,0,0,0,0,0,0,0,0,0,0,0,0,201,18388,0,0,0,0
5940.435,16589,60,0,0,0,0,0,8,236,5,41,0,0,0,0,0,0,0,0,0,0,0,0,0,0,0,0,0,0,0,0,0,0,221,15124,0,0,0,0
5957.524,17080,58,0,0,0,0,0,8,294,5,41,0,0,0,0,0,0,0,0,0,0,0,0,0,0,0,0,0,0,0,0,0,0,587,17086,0,0,0,0
5974.336,16820,59,0,0,0,0,0,8,213,5,41,0,0,0,0,0,0,0,0,0,0,0,0,0,0,0,0,0,0,0,0,0,0,237,16509,0,0,0,0
5991.295,16959,58,0,0,0,0,0,8,188,5,41,0,0,0,0,0,0,0,0,0,0,0,0,0,0,0,0,0,0,0,0,0,0,235,16792,0,0,0,0
6007.594,16299,61,0,0,0,0,0,8,221,5,41,0,0,0,0,0,0,0,0,0,0,0,0,0,0,0,0,0,0,0,0,0,0,233,17003,0,0,0,0
6023.824,16230,61,0,0,0,0,0,8,457,5,42,0,0,0,0,0,0,0,0,0,0,0,0,0,0,0,0,0,0,0,0,0,0,1146,28150,0,0,0,0
6041.195,17371,57,0,0,0,0,0,8,234,5,42,0,0,0,0,0,0,0,0,0,0,0,0,0,0,0,0,0,0,0,0,0,0,151,4340,0,0,0,0
6057.477,16281,61,0,0,0,0,0,8,256,5,42,0,0,0,0,0,0,0,0,0,0,0,0,0,0,0,0,0,0,0,0,0,0,224,17318,0,0,0,0
6073.952,16474,60,0,0,0,0,0,8,220,5,42,0,0,0,0,0,0,0,0,0,0,0,0,0,0,0,0,0,0,0,0,0,0,202,16286,0,0,0,0
6091.298,17346,57,0,0,0,0,0,8,421,5,42,0,0,0,0,0,0,0,0,0,0,0,0,0,0,0,0,0,0,0,0,0,0,234,29095,0,0,0,0
6107.380,16082,62,0,0,0,0,0,8,315,5,42,0,0,0,0,0,0,0,0,0,0,0,0,0,0,0,0,0,0,0,0,0,0,0,0,0,0,0,0
6124.823,17443,57,0,0,0,0,0,8,385,5,42,0,0,0,0,0,0,0,0,0,0,0,0,0,0,0,0,0,0,0,0,0,0,253,20384,0,0,0,0
6140.809,15985,62,0,0,0,0,0,8,209,5,42,0,0,0,0,0,0,0,0,0,0,0,0,0,0,0,0,0,0,0,0,0,0,250,17989,0,0,0,0
6157.436,16627,60,0,0,0,0,0,8,419,5,42,0,0,0,0,0,0,0,0,0,0,0,0,0,0,0,0,0,0,0,0,0,0,246,30247,0,0,0,0
6173.928,16491,60,0,0,0,0,0,8,356,5,42,0,0,0,0,0,0,0,0,0,0,0,0,0,0,0,0,0,0,0,0,0,0,0,0,0,0,0,0
6191.288,17360,57,0,0,0,0,0,8,279,5,42,0,0,0,0,0,0,0,0,0,0,0,0,0,0,0,0,0,0,0,0,0,0,242,17986,0,0,0,0
6207.428,16139,61,0,0,0,0,0,8,250,5,42,0,0,0,0,0,0,0,0,0,0,0,0,0,0,0,0,0,0,0,0,0,0,228,18182,0,0,0,0
6223.981,16553,60,0,0,0,0,0,8,271,5,42,0,0,0,0,0,0,0,0,0,0,0,0,0,0,0,0,0,0,0,0,0,0,0,0,0,0,0,0
6241.199,17217,58,0,0,0,0,0,8,533,5,42,0,0,0,0,0,0,0,0,0,0,0,0,0,0,0,0,0,0,0,0,0,0,323,46641,0,0,0,0
6257.426,16227,61,0,0,0,0,0,8,257,5,42,0,0,0,0,0,0,0,0,0,0,0,0,0,0,0,0,0,0,0,0,0,0,131,3189,0,0,0,0
6274.805,17378,57,0,0,0,0,0,8,262,5,42,0,0,0,0,0,0,0,0,0,0,0,0,0,0,0,0,0,0,0,0,0,0,231,16274,0,0,0,0
6290.436,15631,63,0,0,0,0,0,8,389,5,42,0,0,0,0,0,0,0,0,0,0,0,0,0,0,0,0,0,0,0,0,0,0,235,31013,0,0,0,0
6307.436,17000,58,0,0,0,0,0,8,413,5,42,0,0,0,0,0,0,0,0,0,0,0,0,0,0,0,0,0,0,0,0,0,0,140,16501,0,0,0,0
6323.844,16408,60,0,0,0,0,0,8,257,5,42,0,0,0,0,0,0,0,0,0,0,0,0,0,0,0,0,0,0,0,0,0,0,155,2468,0,0,0,0
6341.308,17463,57,0,0,0,0,0,8,216,5,42,0,0,0,0,0,0,0,0,0,0,0,0,0,0,0,0,0,0,0,0,0,0,234,16475,0,0,0,0
6357.380,16072,62,0,0,0,0,0,8,438,5,42,0,0,0,0,0,0,0,0,0,0,0,0,0,0,0,0,0,0,0,0,0,0,239,31472,0,0,0,0
6374.431,17051,58,0,0,0,0,0,8,424,5,42,0,0,0,0,0,0,0,0,0,0,0,0,0,0,0,0,0,0,0,0,0,0,132,16633,0,0,0,0
6390.436,16004,62,0,0,0,0,0,8,200,5,42,0,0,0,0,0,0,0,0,0,0,0,0,0,0,0,0,0,0,0,0,0,0,145,2436,0,0,0,0
6407.424,16987,58,0,0,0,0,0,8,262,5,42,0,0,0,0,0,0,0,0,0,0,0,0,0,0,0,0,0,0,0,0,0,0,230,16017,0,0,0,0
6424.009,16585,60,0,0,0,0,0,8,442,5,42,0,0,0,0,0,0,0,0,0,0,0,0,0,0,0,0,0,0,0,0,0,0,232,30596,0,0,0,0
6441.314,17304,57,0,0,0,0,0,8,396,5,42,0,0,0,0,0,0,0,0,0,0,0,0,0,0,0,0,0,0,0,0,0,0,145,17964,0,0,0,0
6457.429,16115,62,0,0,0,0,0,8,261,5,42,0,0,0,0,0,0,0,0,0,0,0,0,0,0,0,0,0,0,0,0,0,0,126,2267,0,0,0,0
6474.086,16657,60,0,0,0,0,0,8,237,5,42,0,0,0,0,0,0,0,0,0,0,0,0,0,0,0,0,0,0,0,0,0,0,237,16153,0,0,0,0
6491.296,17199,58,0,0,0,0,0,8,389,5,42,0,0,0,0,0,0,0,0,0,0,0,0,0,0,0,0,0,0,0,0,0,0,225,30731,0,0,0,0
6506.721,15435,64,0,0,0,0,0,8,322,5,42,0,0,0,0,0,0,0,0,0,0,0,0,0,0,0,0,0,0,0,0,0,0,0,0,0,0,0,0
6523.861,17140,58,0,0,0,0,0,8,370,5,42,0,0,0,0,0,0,0,0,0,0,0,0,0,0,0,0,0,0,0,0,0,0,223,18188,0,0,0,0
6541.304,17443,57,0,0,0,0,0,8,218,5,42,0,0,0,0,0,0,0,0,0,0,0,0,0,0,0,0,0,0,0,0,0,0,232,17529,0,0,0,0
6558.294,16990,58,0,0,0,0,0,8,415,5,42,0,0,0,0,0,0,0,0,0,0,0,0,0,0,0,0,0,0,0,0,0,0,243,31263,0,0,0,0
6573.882,15588,64,0,0,0,0,0,8,328,5,42,0,0,0,0,0,0,0,0,0,0,0,0,0,0,0,0,0,0,0,0,0,0,0,0,0,0,0,0
6591.300,17417,57,0,0,0,0,0,8,318,5,42,0,0,0,0,0,0,0,0,0,0,0,0,0,0,0,0,0,0,0,0,0,0,250,18292,0,0,0,0
6607.432,16132,61,0,0,0,0,0,8,257,5,42,0,0,0,0,0,0,0,0,0,0,0,0,0,0,0,0,0,0,0,0,0,0,246,17886,0,0,0,0
6623.880,16447,60,0,0,0,0,0,8,414,5,42,0,0,0,0,0,0,0,0,0,0,0,0,0,0,0,0,0,0,0,0,0,0,222,29629,0,0,0,0
6640.459,16578,60,0,0,0,0,0,8,392,5,42,0,0,0,0,0,0,0,0,0,0,0,0,0,0,0,0,0,0,0,0,0,0,154,16970,0,0,0,0
6657.522,17062,58,0,0,0,0,0,8,260,5,42,0,0,0,0,0,0,0,0,0,0,0,0,0,0,0,0,0,0,0,0,0,0,157,2576,0,0,0,0
6673.839,16316,61,0,0,0,0,0,8,258,5,42,0,0,0,0,0,0,0,0,0,0,0,0,0,0,0,0,0,0,0,0,0,0,247,17144,0,0,0,0
6691.288,17449,57,0,0,0,0,0,8,393,5,42,0,0,0,0,0,0,0,0,0,0,0,0,0,0,0,0,0,0,0,0,0,0,242,29271,0,0,0,0
6707.421,16132,61,0,0,0,0,0,8,416,5,42,0,0,0,0,0,0,0,0,0,0,0,0,0,0,0,0,0,0,0,0,0,0,152,18184,0,0,0,0
6724.293,16872,59,0,0,0,0,0,8,248,5,42,0,0,0,0,0,0,0,0,0,0,0,0,0,0,0,0,0,0,0,0,0,0,125,2266,0,0,0,0
6740.956,16662,60,0,0,0,0,0,8,226,5,42,0,0,0,0,0,0,0,0,0,0,0,0,0,0,0,0,0,0,0,0,0,0,275,17114,0,0,0,0
6758.285,17329,57,0,0,0,0,0,8,442,5,42,0,0,0,0,0,0,0,0,0,0,0,0,0,0,0,0,0,0,0,0,0,0,232,29477,0,0,0,0
6773.402,15117,66,0,0,0,0,0,8,369,5,42,0,0,0,0,0,0,0,0,0,0,0,0,0,0,0,0,0,0,0,0,0,0,0,0,0,0,0,0
6791.293,17881,55,0,0,0,0,0,8,254,5,42,0,0,0,0,0,0,0,0,0,0,0,0,0,0,0,0,0,0,0,0,0,0,238,18460,0,0,0,0
6807.530,16246,61,0,0,0,0,0,8,254,5,42,0,0,0,0,0,0,0,0,0,0,0,0,0,0,0,0,0,0,0,0,0,0,244,18879,0,0,0,0
6823.891,16361,61,0,0,0,0,0,8,441,5,42,0,0,0,0,0,0,0,0,0,0,0,0,0,0,0,0,0,0,0,0,0,0,210,29036,0,0,0,0
6841.298,17406,57,0,0,0,0,0,8,395,5,42,0,0,0,0,0,0,0,0,0,0,0,0,0,0,0,0,0,0,0,0,0,0,140,17973,0,0,0,0
6858.297,16999,58,0,0,0,0,0,8,260,5,42,0,0,0,0,0,0,0,0,0,0,0,0,0,0,0,0,0,0,0,0,0,0,151,2992,0,0,0,0
6874.152,15854,63,0,0,0,0,0,8,227,5,42,0,0,0,0,0,0,0,0,0,0,0,0,0,0,0,0,0,0,0,0,0,0,242,17055,0,0,0,0
6891.302,17150,58,0,0,0,0,0,8,394,5,42,0,0,0,0,0,0,0,0,0,0,0,0,0,0,0,0,0,0,0,0,0,0,233,28500,0,0,0,0
6907.421,16119,62,0,0,0,0,0,8,436,5,42,0,0,0,0,0,0,0,0,0,0,0,0,0,0,0,0,0,0,0,0,0,0,153,17955,0,0,0,0
6923.929,16507,60,0,0,0,0,0,8,257,5,42,0,0,0,0,0,0,0,0,0,0,0,0,0,0,0,0,0,0,0,0,0,0,142,2566,0,0,0,0
6940.808,16879,59,0,0,0,0,0,8,213,5,42,0,0,0,0,0,0,0,0,0,0,0,0,0,0,0,0,0,0,0,0,0,0,243,16841,0,0,0,0
6957.414,16606,60,0,0,0,0,0,8,427,5,42,0,0,0,0,0,0,0,0,0,0,0,0,0,0,0,0,0,0,0,0,0,0,246,28941,0,0,0,0
6973.896,16481,60,0,0,0,0,0,8,432,5,42,0,0,0,0,0,0,0,0,0,0,0,0,0,0,0,0,0,0,0,0,0,0,184,17404,0,0,0,0
6990.808,16911,59,0,0,0,0,0,8,218,5,42,0,0,0,0,0,0,0,0,0,0,0,0,0,0,0,0,0,0,0,0,0,0,157,3684,0,0,0,0
7007.494,16685,59,0,0,0,0,0,8,257,5,42,0,0,0,0,0,0,0,0,0,0,0,0,0,0,0,0,0,0,0,0,0,0,230,16553,0,0,0,0
7023.899,16404,60,0,0,0,0,0,8,417,5,42,0,0,0,0,0,0,0,0,0,0,0,0,0,0,0,0,0,0,0,0,0,0,238,29296,0,0,0,0
7040.681,16783,59,0,0,0,0,0,8,396,5,42,0,0,0,0,0,0,0,0,0,0,0,0,0,0,0,0,0,0,0,0,0,0,164,17082,0,0,0,0
7057.510,16828,59,0,0,0,0,0,8,260,5,42,0,0,0,0,0,0,0,0,0,0,0,0,0,0,0,0,0,0,0,0,0,0,140,3526,0,0,0,0
7073.915,16404,60,0,0,0,0,0,8,263,5,42,0,0,0,0,0,0,0,0,0,0,0,0,0,0,0,0,0,0,0,0,0,0,211,16746,0,0,0,0
7091.279,17364,57,0,0,0,0,0,8,396,5,42,0,0,0,0,0,0,0,0,0,0,0,0,0,0,0,0,0,0,0,0,0,0,238,28822,0,0,0,0
7107.475,16195,61,0,0,0,0,0,8,413,5,42,0,0,0,0,0,0,0,0,0,0,0,0,0,0,0,0,0,0,0,0,0,0,156,18641,0,0,0,0
7124.068,16592,60,0,0,0,0,0,8,257,5,42,0,0,0,0,0,0,0,0,0,0,0,0,0,0,0,0,0,0,0,0,0,0,157,2581,0,0,0,0
7140.746,16678,59,0,0,0,0,0,8,213,5,42,0,0,0,0,0,0,0,0,0,0,0,0,0,0,0,0,0,0,0,0,0,0,222,16701,0,0,0,0
7157.416,16670,59,0,0,0,0,0,8,438,5,42,0,0,0,0,0,0,0,0,0,0,0,0,0,0,0,0,0,0,0,0,0,0,237,29152,0,0,0,0
7173.852,16435,60,0,0,0,0,0,8,420,5,42,0,0,0,0,0,0,0,0,0,0,0,0,0,0,0,0,0,0,0,0,0,0,155,17516,0,0,0,0
7190.959,17107,58,0,0,0,0,0,8,212,5,42,0,0,0,0,0,0,0,0,0,0,0,0,0,0,0,0,0,0,0,0,0,0,158,3015,0,0,0,0
7207.558,16598,60,0,0,0,0,0,8,262,5,42,0,0,0,0,0,0,0,0,0,0,0,0,0,0,0,0,0,0,0,0,0,0,225,17055,0,0,0,0
7224.281,16723,59,0,0,0,0,0,8,428,5,42,0,0,0,0,0,0,0,0,0,0,0,0,0,0,0,0,0,0,0,0,0,0,229,29089,0,0,0,0
7240.801,16520,60,0,0,0,0,0,8,401,5,42,0,0,0,0,0,0,0,0,0,0,0,0,0,0,0,0,0,0,0,0,0,0,171,17593,0,0,0,0
7257.282,16480,60,0,0,0,0,0,8,260,5,42,0,0,0,0,0,0,0,0,0,0,0,0,0,0,0,0,0,0,0,0,0,0,154,3186,0,0,0,0
7273.821,16539,60,0,0,0,0,0,8,234,5,42,0,0,0,0,0,0,0,0,0,0,0,0,0,0,0,0,0,0,0,0,0,0,239,16464,0,0,0,0
7291.280,17458,57,0,0,0,0,0,8,395,5,42,0,0,0,0,0,0,0,0,0,0,0,0,0,0,0,0,0,0,0,0,0,0,223,29051,0,0,0,0
7307.410,16129,61,0,0,0,0,0,8,439,5,42,0,0,0,0,0,0,0,0,0,0,0,0,0,0,0,0,0,0,0,0,0,0,168,18701,0,0,0,0
7323.352,15942,62,0,0,0,0,0,8,244,5,42,0,0,0,0,0,0,0,0,0,0,0,0,0,0,0,0,0,0,0,0,0,0,161,2400,0,0,0,0
7340.443,17091,58,0,0,0,0,0,8,229,5,42,0,0,0,0,0,0,0,0,0,0,0,0,0,0,0,0,0,0,0,0,0,0,240,15897,0,0,0,0
7357.391,16947,59,0,0,0,0,0,8,414,5,42,0,0,0,0,0,0,0,0,0,0,0,0,0,0,0,0,0,0,0,0,0,0,250,29854,0,0,0,0
7374.804,17413,57,0,0,0,0,0,8,441,5,42,0,0,0,0,0,0,0,0,0,0,0,0,0,0,0,0,0,0,0,0,0,0,156,17580,0,0,0,0
7391.297,16493,60,0,0,0,0,0,8,211,5,42,0,0,0,0,0,0,0,0,0,0,0,0,0,0,0,0,0,0,0,0,0,0,161,4147,0,0,0,0
7407.418,16120,62,0,0,0,0,0,8,258,5,42,0,0,0,0,0,0,0,0,0,0,0,0,0,0,0,0,0,0,0,0,0,0,212,16329,0,0,0,0
7424.279,16861,59,0,0,0,0,0,8,413,5,42,0,0,0,0,0,0,0,0,0,0,0,0,0,0,0,0,0,0,0,0,0,0,219,28610,0,0,0,0
7440.574,16294,61,0,0,0,0,0,8,213,5,42,0,0,0,0,0,0,0,0,0,0,0,0,0,0,0,0,0,0,0,0,0,0,153,4433,0,0,0,0
7457.472,16898,59,0,0,0,0,0,8,446,5,42,0,0,0,0,0,0,0,0,0,0,0,0,0,0,0,0,0,0,0,0,0,0,218,29612,0,0,0,0
7473.566,16093,62,0,0,0,0,0,8,440,5,42,0,0,0,0,0,0,0,0,0,0,0,0,0,0,0,0,0,0,0,0,0,0,163,15986,0,0,0,0
7490.426,16860,59,0,0,0,0,0,8,212,5,42,0,0,0,0,0,0,0,0,0,0,0,0,0,0,0,0,0,0,0,0,0,0,150,3694,0,0,0,0
7508.276,17850,56,0,0,0,0,0,8,238,5,42,0,0,0,0,0,0,0,0,0,0,0,0,0,0,0,0,0,0,0,0,0,0,222,16803,0,0,0,0
7524.313,16036,62,0,0,0,0,0,8,441,5,42,0,0,0,0,0,0,0,0,0,0,0,0,0,0,0,0,0,0,0,0,0,0,238,31435,0,0,0,0
7540.744,16431,60,0,0,0,0,0,8,388,5,42,0,0,0,0,0,0,0,0,0,0,0,0,0,0,0,0,0,0,0,0,0,0,165,15525,0,0,0,0
7557.510,16765,59,0,0,0,0,0,8,261,5,42,0,0,0,0,0,0,0,0,0,0,0,0,0,0,0,0,0,0,0,0,0,0,153,3469,0,0,0,0
7573.925,16415,60,0,0,0,0,0,8,244,5,42,0,0,0,0,0,0,0,0,0,0,0,0,0,0,0,0,0,0,0,0,0,0,239,16691,0,0,0,0
7591.287,17361,57,0,0,0,0,0,8,391,5,42,0,0,0,0,0,0,0,0,0,0,0,0,0,0,0,0,0,0,0,0,0,0,217,29598,0,0,0,0
7607.494,16207,61,0,0,0,0,0,8,437,5,42,0,0,0,0,0,0,0,0,0,0,0,0,0,0,0,0,0,0,0,0,0,0,176,16971,0,0,0,0
7623.421,15926,62,0,0,0,0,0,8,243,5,42,0,0,0,0,0,0,0,0,0,0,0,0,0,0,0,0,0,0,0,0,0,0,164,3433,0,0,0,0
7640.864,17443,57,0,0,0,0,0,8,230,5,42,0,0,0,0,0,0,0,0,0,0,0,0,0,0,0,0,0,0,0,0,0,0,197,15846,0,0,0,0
7657.448,16583,60,0,0,0,0,0,8,443,5,42,0,0,0,0,0,0,0,0,0,0,0,0,0,0,0,0,0,0,0,0,0,0,242,30856,0,0,0,0
7674.413,16965,58,0,0,0,0,0,8,401,5,42,0,0,0,0,0,0,0,0,0,0,0,0,0,0,0,0,0,0,0,0,0,0,191,16040,0,0,0,0
7690.738,16325,61,0,0,0,0,0,8,220,5,42,0,0,0,0,0,0,0,0,0,0,0,0,0,0,0,0,0,0,0,0,0,0,164,4194,0,0,0,0
7708.280,17541,57,0,0,0,0,0,8,261,5,42,0,0,0,0,0,0,0,0,0,0,0,0,0,0,0,0,0,0,0,0,0,0,223,16295,0,0,0,0
7724.021,15740,63,0,0,0,0,0,8,434,5,42,0,0,0,0,0,0,0,0,0,0,0,0,0,0,0,0,0,0,0,0,0,0,240,30680,0,0,0,0
7740.577,16556,60,0,0,0,0,0,8,389,5,42,0,0,0,0,0,0,0,0,0,0,0,0,0,0,0,0,0,0,0,0,0,0,147,15004,0,0,0,0
7757.500,16923,59,0,0,0,0,0,8,236,5,42,0,0,0,0,0,0,0,0,0,0,0,0,0,0,0,0,0,0,0,0,0,0,199,4436,0,0,0,0
7774.277,16776,59,0,0,0,0,0,8,245,5,42,0,0,0,0,0,0,0,0,0,0,0,0,0,0,0,0,0,0,0,0,0,0,207,16617,0,0,0,0
7791.277,16999,58,0,0,0,0,0,8,409,5,42,0,0,0,0,0,0,0,0,0,0,0,0,0,0,0,0,0,0,0,0,0,0,229,30228,0,0,0,0
7807.422,16145,61,0,0,0,0,0,8,437,5,42,0,0,0,0,0,0,0,0,0,0,0,0,0,0,0,0,0,0,0,0,0,0,155,16426,0,0,0,0
7823.546,16123,62,0,0,0,0,0,8,234,5,42,0,0,0,0,0,0,0,0,0,0,0,0,0,0,0,0,0,0,0,0,0,0,137,3256,0,0,0,0
7840.784,17239,58,0,0,0,0,0,8,215,5,42,0,0,0,0,0,0,0,0,0,0,0,0,0,0,0,0,0,0,0,0,0,0,228,16132,0,0,0,0
7857.412,16627,60,0,0,0,0,0,8,442,5,42,0,0,0,0,0,0,0,0,0,0,0,0,0,0,0,0,0,0,0,0,0,0,233,30902,0,0,0,0
7874.288,16875,59,0,0,0,0,0,8,417,5,42,0,0,0,0,0,0,0,0,0,0,0,0,0,0,0,0,0,0,0,0,0,0,152,15188,0,0,0,0
7891.279,16991,58,0,0,0,0,0,8,236,5,42,0,0,0,0,0,0,0,0,0,0,0,0,0,0,0,0,0,0,0,0,0,0,166,4687,0,0,0,0
7907.446,16166,61,0,0,0,0,0,8,230,5,42,0,0,0,0,0,0,0,0,0,0,0,0,0,0,0,0,0,0,0,0,0,0,235,16924,0,0,0,0
7923.961,16514,60,0,0,0,0,0,8,441,5,42,0,0,0,0,0,0,0,0,0,0,0,0,0,0,0,0,0,0,0,0,0,0,233,29621,0,0,0,0
7940.972,17011,58,0,0,0,0,0,8,392,5,42,0,0,0,0,0,0,0,0,0,0,0,0,0,0,0,0,0,0,0,0,0,0,177,15999,0,0,0,0
7958.281,17308,57,0,0,0,0,0,8,261,5,42,0,0,0,0,0,0,0,0,0,0,0,0,0,0,0,0,0,0,0,0,0,0,147,4385,0,0,0,0
7974.095,15814,63,0,0,0,0,0,8,237,5,42,0,0,0,0,0,0,0,0,0,0,0,0,0,0,0,0,0,0,0,0,0,0,221,17039,0,0,0,0
7991.279,17184,58,0,0,0,0,0,8,389,5,42,0,0,0,0,0,0,0,0,0,0,0,0,0,0,0,0,0,0,0,0,0,0,214,29083,0,0,0,0
8007.484,16204,61,0,0,0,0,0,8,436,5,42,0,0,0,0,0,0,0,0,0,0,0,0,0,0,0,0,0,0,0,0,0,0,169,16615,0,0,0,0
8023.813,16329,61,0,0,0,0,0,8,233,5,42,0,0,0,0,0,0,0,0,0,0,0,0,0,0,0,0,0,0,0,0,0,0,166,3560,0,0,0,0
8040.280,16466,60,0,0,0,0,0,8,230,5,42,0,0,0,0,0,0,0,0,0,0,0,0,0,0,0,0,0,0,0,0,0,0,219,16251,0,0,0,0
8057.437,17157,58,0,0,0,0,0,8,441,5,42,0,0,0,0,0,0,0,0,0,0,0,0,0,0,0,0,0,0,0,0,0,0,234,29750,0,0,0,0
8073.969,16531,60,0,0,0,0,0,8,421,5,42,0,0,0,0,0,0,0,0,0,0,0,0,0,0,0,0,0,0,0,0,0,0,201,16714,0,0,0,0
8090.787,16818,59,0,0,0,0,0,8,204,5,42,0,0,0,0,0,0,0,0,0,0,0,0,0,0,0,0,0,0,0,0,0,0,195,4034,0,0,0,0
8107.471,16674,59,0,0,0,0,0,8,265,5,42,0,0,0,0,0,0,0,0,0,0,0,0,0,0,0,0,0,0,0,0,0,0,220,16507,0,0,0,0
8124.408,16946,59,0,0,0,0,0,8,424,5,42,0,0,0,0,0,0,0,0,0,0,0,0,0,0,0,0,0,0,0,0,0,0,235,30154,0,0,0,0
8140.888,16480,60,0,0,0,0,0,8,406,5,42,0,0,0,0,0,0,0,0,0,0,0,0,0,0,0,0,0,0,0,0,0,0,193,16044,0,0,0,0
8158.278,17389,57,0,0,0,0,0,8,240,5,42,0,0,0,0,0,0,0,0,0,0,0,0,0,0,0,0,0,0,0,0,0,0,177,3908,0,0,0,0
8174.105,15827,63,0,0,0,0,0,8,258,5,42,0,0,0,0,0,0,0,0,0,0,0,0,0,0,0,0,0,0,0,0,0,0,219,17371,0,0,0,0
8190.477,16371,61,0,0,0,0,0,8,397,5,42,0,0,0,0,0,0,0,0,0,0,0,0,0,0,0,0,0,0,0,0,0,0,229,28947,0,0,0,0
8207.409,16931,59,0,0,0,0,0,8,437,5,42,0,0,0,0,0,0,0,0,0,0,0,0,0,0,0,0,0,0,0,0,0,0,164,15800,0,0,0,0
8223.794,16385,61,0,0,0,0,0,8,228,5,42,0,0,0,0,0,0,0,0,0,0,0,0,0,0,0,0,0,0,0,0,0,0,156,4424,0,0,0,0
8241.274,17480,57,0,0,0,0,0,8,217,5,42,0,0,0,0,0,0,0,0,0,0,0,0,0,0,0,0,0,0,0,0,0,0,214,16764,0,0,0,0
8257.336,16062,62,0,0,0,0,0,8,438,5,42,0,0,0,0,0,0,0,0,0,0,0,0,0,0,0,0,0,0,0,0,0,0,239,30881,0,0,0,0
8274.268,16931,59,0,0,0,0,0,8,424,5,42,0,0,0,0,0,0,0,0,0,0,0,0,0,0,0,0,0,0,0,0,0,0,170,14684,0,0,0,0
8290.423,16154,61,0,0,0,0,0,8,229,5,42,0,0,0,0,0,0,0,0,0,0,0,0,0,0,0,0,0,0,0,0,0,0,169,4533,0,0,0,0
8307.495,17072,58,0,0,0,0,0,8,241,5,42,0,0,0,0,0,0,0,0,0,0,0,0,0,0,0,0,0,0,0,0,0,0,242,16091,0,0,0,0
8324.419,16923,59,0,0,0,0,0,8,413,5,42,0,0,0,0,0,0,0,0,0,0,0,0,0,0,0,0,0,0,0,0,0,0,242,30284,0,0,0,0
8340.838,16419,60,0,0,0,0,0,8,409,5,42,0,0,0,0,0,0,0,0,0,0,0,0,0,0,0,0,0,0,0,0,0,0,151,16361,0,0,0,0
8357.507,16669,59,0,0,0,0,0,8,261,5,42,0,0,0,0,0,0,0,0,0,0,0,0,0,0,0,0,0,0,0,0,0,0,145,3799,0,0,0,0
8373.797,16290,61,0,0,0,0,0,8,237,5,42,0,0,0,0,0,0,0,0,0,0,0,0,0,0,0,0,0,0,0,0,0,0,213,16639,0,0,0,0
8390.861,17064,58,0,0,0,0,0,8,392,5,42,0,0,0,0,0,0,0,0,0,0,0,0,0,0,0,0,0,0,0,0,0,0,231,29830,0,0,0,0
8407.321,16459,60,0,0,0,0,0,8,261,5,42,0,0,0,0,0,0,0,0,0,0,0,0,0,0,0,0,0,0,0,0,0,0,165,3583,0,0,0,0
8424.274,16953,58,0,0,0,0,0,8,434,5,42,0,0,0,0,0,0,0,0,0,0,0,0,0,0,0,0,0,0,0,0,0,0,236,28838,0,0,0,0
8440.888,16613,60,0,0,0,0,0,8,223,5,42,0,0,0,0,0,0,0,0,0,0,0,0,0,0,0,0,0,0,0,0,0,0,159,4557,0,0,0,0
8458.273,17386,57,0,0,0,0,0,8,437,5,42,0,0,0,0,0,0,0,0,0,0,0,0,0,0,0,0,0,0,0,0,0,0,223,30023,0,0,0,0
8473.803,15529,64,0,0,0,0,0,8,388,5,42,0,0,0,0,0,0,0,0,0,0,0,0,0,0,0,0,0,0,0,0,0,0,159,16548,0,0,0,0
8490.018,16214,61,0,0,0,0,0,8,232,5,42,0,0,0,0,0,0,0,0,0,0,0,0,0,0,0,0,0,0,0,0,0,0,145,2933,0,0,0,0
8507.478,17450,57,0,0,0,0,0,8,262,5,42,0,0,0,0,0,0,0,0,0,0,0,0,0,0,0,0,0,0,0,0,0,0,229,16411,0,0,0,0
8523.818,16350,61,0,0,0,0,0,8,418,5,42,0,0,0,0,0,0,0,0,0,0,0,0,0,0,0,0,0,0,0,0,0,0,250,30621,0,0,0,0
8541.290,17471,57,0,0,0,0,0,8,415,5,42,0,0,0,0,0,0,0,0,0,0,0,0,0,0,0,0,0,0,0,0,0,0,144,15560,0,0,0,0
8557.874,16584,60,0,0,0,0,0,8,233,5,42,0,0,0,0,0,0,0,0,0,0,0,0,0,0,0,0,0,0,0,0,0,0,172,5385,0,0,0,0
8573.456,15581,64,0,0,0,0,0,8,259,5,42,0,0,0,0,0,0,0,0,0,0,0,0,0,0,0,0,0,0,0,0,0,0,217,16060,0,0,0,0
8591.274,17817,56,0,0,0,0,0,8,399,5,42,0,0,0,0,0,0,0,0,0,0,0,0,0,0,0,0,0,0,0,0,0,0,250,28965,0,0,0,0
8607.292,16018,62,0,0,0,0,0,8,253,5,42,0,0,0,0,0,0,0,0,0,0,0,0,0,0,0,0,0,0,0,0,0,0,185,5008,0,0,0,0
8624.316,17023,58,0,0,0,0,0,8,403,5,42,0,0,0,0,0,0,0,0,0,0,0,0,0,0,0,0,0,0,0,0,0,0,209,27816,0,0,0,0
8640.682,16366,61,0,0,0,0,0,8,224,5,42,0,0,0,0,0,0,0,0,0,0,0,0,0,0,0,0,0,0,0,0,0,0,154,4710,0,0,0,0
8658.274,17591,56,0,0,0,0,0,8,445,5,42,0,0,0,0,0,0,0,0,0,0,0,0,0,0,0,0,0,0,0,0,0,0,216,29666,0,0,0,0
8674.405,16131,61,0,0,0,0,0,8,415,5,42,0,0,0,0,0,0,0,0,0,0,0,0,0,0,0,0,0,0,0,0,0,0,177,16715,0,0,0,0
8690.780,16375,61,0,0,0,0,0,8,233,5,42,0,0,0,0,0,0,0,0,0,0,0,0,0,0,0,0,0,0,0,0,0,0,152,4022,0,0,0,0
8707.407,16626,60,0,0,0,0,0,8,238,5,42,0,0,0,0,0,0,0,0,0,0,0,0,0,0,0,0,0,0,0,0,0,0,232,16044,0,0,0,0
8724.355,16947,59,0,0,0,0,0,8,437,5,42,0,0,0,0,0,0,0,0,0,0,0,0,0,0,0,0,0,0,0,0,0,0,222,30190,0,0,0,0
8741.271,16916,59,0,0,0,0,0,8,393,5,42,0,0,0,0,0,0,0,0,0,0,0,0,0,0,0,0,0,0,0,0,0,0,173,16335,0,0,0,0
8758.274,17002,58,0,0,0,0,0,8,252,5,42,0,0,0,0,0,0,0,0,0,0,0,0,0,0,0,0,0,0,0,0,0,0,168,4479,0,0,0,0
8774.408,16134,61,0,0,0,0,0,8,242,5,42,0,0,0,0,0,0,0,0,0,0,0,0,0,0,0,0,0,0,0,0,0,0,227,16484,0,0,0,0
8790.799,16391,61,0,0,0,0,0,8,385,5,42,0,0,0,0,0,0,0,0,0,0,0,0,0,0,0,0,0,0,0,0,0,0,217,29590,0,0,0,0
8807.410,16600,60,0,0,0,0,0,8,440,5,42,0,0,0,0,0,0,0,0,0,0,0,0,0,0,0,0,0,0,0,0,0,0,161,15619,0,0,0,0
8823.914,16514,60,0,0,0,0,0,8,237,5,42,0,0,0,0,0,0,0,0,0,0,0,0,0,0,0,0,0,0,0,0,0,0,150,3957,0,0,0,0
8841.277,17362,57,0,0,0,0,0,8,233,5,42,0,0,0,0,0,0,0,0,0,0,0,0,0,0,0,0,0,0,0,0,0,0,218,16472,0,0,0,0
8857.405,16128,62,0,0,0,0,0,8,441,5,42,0,0,0,0,0,0,0,0,0,0,0,0,0,0,0,0,0,0,0,0,0,0,232,31669,0,0,0,0
8873.799,16393,60,0,0,0,0,0,8,400,5,42,0,0,0,0,0,0,0,0,0,0,0,0,0,0,0,0,0,0,0,0,0,0,135,14191,0,0,0,0
8890.922,17123,58,0,0,0,0,0,8,225,5,42,0,0,0,0,0,0,0,0,0,0,0,0,0,0,0,0,0,0,0,0,0,0,146,4027,0,0,0,0
8908.285,17362,57,0,0,0,0,0,8,262,5,42,0,0,0,0,0,0,0,0,0,0,0,0,0,0,0,0,0,0,0,0,0,0,262,17120,0,0,0,0
8924.017,15731,63,0,0,0,0,0,8,420,5,42,0,0,0,0,0,0,0,0,0,0,0,0,0,0,0,0,0,0,0,0,0,0,244,30858,0,0,0,0
8941.268,17251,57,0,0,0,0,0,8,409,5,42,0,0,0,0,0,0,0,0,0,0,0,0,0,0,0,0,0,0,0,0,0,0,139,14607,0,0,0,0
8958.274,17006,58,0,0,0,0,0,8,237,5,42,0,0,0,0,0,0,0,0,0,0,0,0,0,0,0,0,0,0,0,0,0,0,187,5396,0,0,0,0
8974.270,15995,62,0,0,0,0,0,8,243,5,42,0,0,0,0,0,0,0,0,0,0,0,0,0,0,0,0,0,0,0,0,0,0,226,16499,0,0,0,0
8990.878,16608,60,0,0,0,0,0,8,403,5,42,0,0,0,0,0,0,0,0,0,0,0,0,0,0,0,0,0,0,0,0,0,0,242,29539,0,0,0,0
9008.276,17386,57,0,0,0,0,0,8,441,5,42,0,0,0,0,0,0,0,0,0,0,0,0,0,0,0,0,0,0,0,0,0,0,169,15227,0,0,0,0
9024.261,15995,62,0,0,0,0,0,8,218,5,42,0,0,0,0,0,0,0,0,0,0,0,0,0,0,0,0,0,0,0,0,0,0,153,5254,0,0,0,0
9040.899,16638,60,0,0,0,0,0,8,224,5,42,0,0,0,0,0,0,0,0,0,0,0,0,0,0,0,0,0,0,0,0,0,0,221,15940,0,0,0,0
9057.485,16585,60,0,0,0,0,0,8,438,5,42,0,0,0,0,0,0,0,0,0,0,0,0,0,0,0,0,0,0,0,0,0,0,231,30114,0,0,0,0
9074.267,16781,59,0,0,0,0,0,8,427,5,42,0,0,0,0,0,0,0,0,0,0,0,0,0,0,0,0,0,0,0,0,0,0,171,15517,0,0,0,0
9090.424,16157,61,0,0,0,0,0,8,225,5,42,0,0,0,0,0,0,0,0,0,0,0,0,0,0,0,0,0,0,0,0,0,0,175,4437,0,0,0,0
9107.454,17030,58,0,0,0,0,0,8,237,5,42,0,0,0,0,0,0,0,0,0,0,0,0,0,0,0,0,0,0,0,0,0,0,205,16054,0,0,0,0
9124.264,16809,59,0,0,0,0,0,8,418,5,42,0,0,0,0,0,0,0,0,0,0,0,0,0,0,0,0,0,0,0,0,0,0,225,30398,0,0,0,0
9140.449,16184,61,0,0,0,0,0,8,238,5,42,0,0,0,0,0,0,0,0,0,0,0,0,0,0,0,0,0,0,0,0,0,0,164,3540,0,0,0,0
9156.954,16505,60,0,0,0,0,0,8,436,5,42,0,0,0,0,0,0,0,0,0,0,0,0,0,0,0,0,0,0,0,0,0,0,244,28581,0,0,0,0
9173.916,16962,58,0,0,0,0,0,8,258,5,42,0,0,0,0,0,0,0,0,0,0,0,0,0,0,0,0,0,0,0,0,0,0,164,4069,0,0,0,0
9190.564,16648,60,0,0,0,0,0,8,369,5,42,0,0,0,0,0,0,0,0,0,0,0,0,0,0,0,0,0,0,0,0,0,0,227,30843,0,0,0,0
9207.399,16834,59,0,0,0,0,0,8,437,5,42,0,0,0,0,0,0,0,0,0,0,0,0,0,0,0,0,0,0,0,0,0,0,163,15232,0,0,0,0
9224.509,17110,58,0,0,0,0,0,8,265,5,42,0,0,0,0,0,0,0,0,0,0,0,0,0,0,0,0,0,0,0,0,0,0,142,4332,0,0,0,0
9240.898,16388,61,0,0,0,0,0,8,208,5,42,0,0,0,0,0,0,0,0,0,0,0,0,0,0,0,0,0,0,0,0,0,0,205,17326,0,0,0,0
9257.406,16508,60,0,0,0,0,0,8,438,5,42,0,0,0,0,0,0,0,0,0,0,0,0,0,0,0,0,0,0,0,0,0,0,218,29538,0,0,0,0
9273.967,16560,60,0,0,0,0,0,8,409,5,42,0,0,0,0,0,0,0,0,0,0,0,0,0,0,0,0,0,0,0,0,0,0,140,15719,0,0,0,0
9291.261,17294,57,0,0,0,0,0,8,207,5,42,0,0,0,0,0,0,0,0,0,0,0,0,0,0,0,0,0,0,0,0,0,0,164,4302,0,0,0,0
9307.770,16508,60,0,0,0,0,0,8,262,5,42,0,0,0,0,0,0,0,0,0,0,0,0,0,0,0,0,0,0,0,0,0,0,227,16940,0,0,0,0
9323.408,15638,63,0,0,0,0,0,8,430,5,42,0,0,0,0,0,0,0,0,0,0,0,0,0,0,0,0,0,0,0,0,0,0,223,30303,0,0,0,0
9340.899,17491,57,0,0,0,0,0,8,392,5,42,0,0,0,0,0,0,0,0,0,0,0,0,0,0,0,0,0,0,0,0,0,0,175,14436,0,0,0,0
9357.795,16895,59,0,0,0,0,0,8,237,5,42,0,0,0,0,0,0,0,0,0,0,0,0,0,0,0,0,0,0,0,0,0,0,177,4972,0,0,0,0
9374.291,16495,60,0,0,0,0,0,8,261,5,42,0,0,0,0,0,0,0,0,0,0,0,0,0,0,0,0,0,0,0,0,0,0,233,16862,0,0,0,0
9390.922,16632,60,0,0,0,0,0,8,388,5,42,0,0,0,0,0,0,0,0,0,0,0,0,0,0,0,0,0,0,0,0,0,0,235,30003,0,0,0,0
9407.467,16544,60,0,0,0,0,0,8,262,5,42,0,0,0,0,0,0,0,0,0,0,0,0,0,0,0,0,0,0,0,0,0,0,165,3149,0,0,0,0
9424.260,16793,59,0,0,0,0,0,8,402,5,42,0,0,0,0,0,0,0,0,0,0,0,0,0,0,0,0,0,0,0,0,0,0,235,28893,0,0,0,0
9441.043,16783,59,0,0,0,0,0,8,222,5,42,0,0,0,0,0,0,0,0,0,0,0,0,0,0,0,0,0,0,0,0,0,0,166,4498,0,0,0,0
9457.400,16356,61,0,0,0,0,0,8,442,5,42,0,0,0,0,0,0,0,0,0,0,0,0,0,0,0,0,0,0,0,0,0,0,221,30167,0,0,0,0
9473.919,16519,60,0,0,0,0,0,8,424,5,42,0,0,0,0,0,0,0,0,0,0,0,0,0,0,0,0,0,0,0,0,0,0,182,15472,0,0,0,0
9490.852,16932,59,0,0,0,0,0,8,226,5,42,0,0,0,0,0,0,0,0,0,0,0,0,0,0,0,0,0,0,0,0,0,0,163,4005,0,0,0,0
9507.467,16614,60,0,0,0,0,0,8,236,5,42,0,0,0,0,0,0,0,0,0,0,0,0,0,0,0,0,0,0,0,0,0,0,237,17227,0,0,0,0
9524.430,16962,58,0,0,0,0,0,8,418,5,42,0,0,0,0,0,0,0,0,0,0,0,0,0,0,0,0,0,0,0,0,0,0,225,29681,0,0,0,0
9540.059,15629,63,0,0,0,0,0,8,233,5,42,0,0,0,0,0,0,0,0,0,0,0,0,0,0,0,0,0,0,0,0,0,0,158,3602,0,0,0,0
9557.471,17412,57,0,0,0,0,0,8,444,5,42,0,0,0,0,0,0,0,0,0,0,0,0,0,0,0,0,0,0,0,0,0,0,218,28067,0,0,0,0
9574.396,16924,59,0,0,0,0,0,8,237,5,42,0,0,0,0,0,0,0,0,0,0,0,0,0,0,0,0,0,0,0,0,0,0,163,4953,0,0,0,0
9591.265,16869,59,0,0,0,0,0,8,386,5,42,0,0,0,0,0,0,0,0,0,0,0,0,0,0,0,0,0,0,0,0,0,0,235,30352,0,0,0,0
9607.400,16135,61,0,0,0,0,0,8,264,5,42,0,0,0,0,0,0,0,0,0,0,0,0,0,0,0,0,0,0,0,0,0,0,169,4439,0,0,0,0
9624.395,16994,58,0,0,0,0,0,8,418,5,42,0,0,0,0,0,0,0,0,0,0,0,0,0,0,0,0,0,0,0,0,0,0,237,27621,0,0,0,0
9641.257,16862,59,0,0,0,0,0,8,228,5,42,0,0,0,0,0,0,0,0,0,0,0,0,0,0,0,0,0,0,0,0,0,0,148,4486,0,0,0,0
9657.408,16140,61,0,0,0,0,0,8,438,5,42,0,0,0,0,0,0,0,0,0,0,0,0,0,0,0,0,0,0,0,0,0,0,230,31088,0,0,0,0
9674.403,17004,58,0,0,0,0,0,8,392,5,42,0,0,0,0,0,0,0,0,0,0,0,0,0,0,0,0,0,0,0,0,0,0,147,14398,0,0,0,0
9690.915,16511,60,0,0,0,0,0,8,228,5,42,0,0,0,0,0,0,0,0,0,0,0,0,0,0,0,0,0,0,0,0,0,0,151,4562,0,0,0,0
9707.411,16496,60,0,0,0,0,0,8,262,5,42,0,0,0,0,0,0,0,0,0,0,0,0,0,0,0,0,0,0,0,0,0,0,232,16424,0,0,0,0
9724.278,16866,59,0,0,0,0,0,8,416,5,42,0,0,0,0,0,0,0,0,0,0,0,0,0,0,0,0,0,0,0,0,0,0,242,29972,0,0,0,0
9740.499,16222,61,0,0,0,0,0,8,230,5,42,0,0,0,0,0,0,0,0,0,0,0,0,0,0,0,0,0,0,0,0,0,0,162,3504,0,0,0,0
9757.391,16891,59,0,0,0,0,0,8,416,5,42,0,0,0,0,0,0,0,0,0,0,0,0,0,0,0,0,0,0,0,0,0,0,228,28578,0,0,0,0
9773.551,16159,61,0,0,0,0,0,8,248,5,42,0,0,0,0,0,0,0,0,0,0,0,0,0,0,0,0,0,0,0,0,0,0,160,4509,0,0,0,0
9791.260,17708,56,0,0,0,0,0,8,406,5,42,0,0,0,0,0,0,0,0,0,0,0,0,0,0,0,0,0,0,0,0,0,0,226,29791,0,0,0,0
9807.409,16149,61,0,0,0,0,0,8,253,5,42,0,0,0,0,0,0,0,0,0,0,0,0,0,0,0,0,0,0,0,0,0,0,149,4481,0,0,0,0
9824.395,16985,58,0,0,0,0,0,8,406,5,42,0,0,0,0,0,0,0,0,0,0,0,0,0,0,0,0,0,0,0,0,0,0,229,27829,0,0,0,0
9840.417,16022,62,0,0,0,0,0,8,220,5,42,0,0,0,0,0,0,0,0,0,0,0,0,0,0,0,0,0,0,0,0,0,0,145,4848,0,0,0,0
9857.394,16976,58,0,0,0,0,0,8,436,5,42,0,0,0,0,0,0,0,0,0,0,0,0,0,0,0,0,0,0,0,0,0,0,230,29621,0,0,0,0
9873.899,16504,60,0,0,0,0,0,8,238,5,42,0,0,0,0,0,0,0,0,0,0,0,0,0,0,0,0,0,0,0,0,0,0,147,3435,0,0,0,0
9891.262,17363,57,0,0,0,0,0,8,412,5,42,0,0,0,0,0,0,0,0,0,0,0,0,0,0,0,0,0,0,0,0,0,0,227,28986,0,0,0,0
9907.399,16137,61,0,0,0,0,0,8,233,5,42,0,0,0,0,0,0,0,0,0,0,0,0,0,0,0,0,0,0,0,0,0,0,166,4811,0,0,0,0
9924.417,17018,58,0,0,0,0,0,8,437,5,42,0,0,0,0,0,0,0,0,0,0,0,0,0,0,0,0,0,0,0,0,0,0,213,29749,0,0,0,0
9940.871,16453,60,0,0,0,0,0,8,213,5,42,0,0,0,0,0,0,0,0,0,0,0,0,0,0,0,0,0,0,0,0,0,0,173,3475,0,0,0,0
9957.398,16527,60,0,0,0,0,0,8,446,5,42,0,0,0,0,0,0,0,0,0,0,0,0,0,0,0,0,0,0,0,0,0,0,218,29208,0,0,0,0
9974.264,16865,59,0,0,0,0,0,8,237,5,42,0,0,0,0,0,0,0,0,0,0,0,0,0,0,0,0,0,0,0,0,0,0,156,3765,0,0,0,0
9991.254,16990,58,0,0,0,0,0,8,393,5,42,0,0,0,0,0,0,0,0,0,0,0,0,0,0,0,0,0,0,0,0,0,0,237,30162,0,0,0,0
10007.464,16209,61,0,0,0,0,0,8,258,5,42,0,0,0,0,0,0,0,0,0,0,0,0,0,0,0,0,0,0,0,0,0,0,159,4210,0,0,0,0
10023.789,16325,61,0,0,0,0,0,8,416,5,42,0,0,0,0,0,0,0,0,0,0,0,0,0,0,0,0,0,0,0,0,0,0,230,27920,0,0,0,0
10040.929,17139,58,0,0,0,0,0,8,238,5,42,0,0,0,0,0,0,0,0,0,0,0,0,0,0,0,0,0,0,0,0,0,0,149,4028,0,0,0,0
10057.524,16594,60,0,0,0,0,0,8,441,5,42,0,0,0,0,0,0,0,0,0,0,0,0,0,0,0,0,0,0,0,0,0,0,231,30745,0,0,0,0
10074.373,16849,59,0,0,0,0,0,8,220,5,42,0,0,0,0,0,0,0,0,0,0,0,0,0,0,0,0,0,0,0,0,0,0,158,3046,0,0,0,0
10090.800,16426,60,0,0,0,0,0,8,401,5,42,0,0,0,0,0,0,0,0,0,0,0,0,0,0,0,0,0,0,0,0,0,0,208,29354,0,0,0,0
10107.483,16682,59,0,0,0,0,0,8,262,5,42,0,0,0,0,0,0,0,0,0,0,0,0,0,0,0,0,0,0,0,0,0,0,194,4343,0,0,0,0
10124.252,16769,59,0,0,0,0,0,8,417,5,42,0,0,0,0,0,0,0,0,0,0,0,0,0,0,0,0,0,0,0,0,0,0,213,29430,0,0,0,0
10141.265,17012,58,0,0,0,0,0,8,232,5,42,0,0,0,0,0,0,0,0,0,0,0,0,0,0,0,0,0,0,0,0,0,0,148,3596,0,0,0,0
10158.264,16999,58,0,0,0,0,0,8,412,5,42,0,0,0,0,0,0,0,0,0,0,0,0,0,0,0,0,0,0,0,0,0,0,239,29945,0,0,0,0
10174.254,15989,62,0,0,0,0,0,8,258,5,42,0,0,0,0,0,0,0,0,0,0,0,0,0,0,0,0,0,0,0,0,0,0,151,4140,0,0,0,0
10190.807,16553,60,0,0,0,0,0,8,389,5,42,0,0,0,0,0,0,0,0,0,0,0,0,0,0,0,0,0,0,0,0,0,0,221,29384,0,0,0,0
10207.392,16585,60,0,0,0,0,0,8,257,5,42,0,0,0,0,0,0,0,0,0,0,0,0,0,0,0,0,0,0,0,0,0,0,147,3480,0,0,0,0
10223.423,16030,62,0,0,0,0,0,8,412,5,42,0,0,0,0,0,0,0,0,0,0,0,0,0,0,0,0,0,0,0,0,0,0,223,29004,0,0,0,0
10240.778,17355,57,0,0,0,0,0,8,214,5,42,0,0,0,0,0,0,0,0,0,0,0,0,0,0,0,0,0,0,0,0,0,0,158,3264,0,0,0,0
10257.475,16696,59,0,0,0,0,0,8,298,5,42,0,0,0,0,0,0,0,0,0,0,0,0,0,0,0,0,0,0,0,0,0,0,0,0,0,0,0,0
10273.989,16514,60,0,0,0,0,0,8,579,5,42,0,0,0,0,0,0,0,0,0,0,0,0,0,0,0,0,0,0,0,0,0,0,334,48760,0,0,0,0
10290.937,16947,59,0,0,0,0,0,8,211,5,42,0,0,0,0,0,0,0,0,0,0,0,0,0,0,0,0,0,0,0,0,0,0,168,1974,0,0,0,0
10307.392,16454,60,0,0,0,0,0,8,238,5,42,0,0,0,0,0,0,0,0,0,0,0,0,0,0,0,0,0,0,0,0,0,0,252,16693,0,0,0,0
10324.256,16864,59,0,0,0,0,0,8,433,5,42,0,0,0,0,0,0,0,0,0,0,0,0,0,0,0,0,0,0,0,0,0,0,224,31505,0,0,0,0
10341.257,17000,58,0,0,0,0,0,8,217,5,42,0,0,0,0,0,0,0,0,0,0,0,0,0,0,0,0,0,0,0,0,0,0,138,1876,0,0,0,0
10358.155,16898,59,0,0,0,0,0,8,455,5,42,0,0,0,0,0,0,0,0,0,0,0,0,0,0,0,0,0,0,0,0,0,0,243,30627,0,0,0,0
10374.261,16105,62,0,0,0,0,0,8,215,5,42,0,0,0,0,0,0,0,0,0,0,0,0,0,0,0,0,0,0,0,0,0,0,146,3235,0,0,0,0
10391.252,16990,58,0,0,0,0,0,8,169,5,42,0,0,0,0,0,0,0,0,0,0,0,0,0,0,0,0,0,0,0,0,0,0,226,16062,0,0,0,0
10408.250,16998,58,0,0,0,0,0,8,20270,5,42,0,0,0,0,0,0,0,0,0,0,0,0,0,0,0,0,0,0,0,0,0,0,0,0,0,0,0,0
10434.723,26473,37,0,0,0,0,0,8,36319,6,43,0,0,0,0,0,0,0,0,0,0,0,0,0,0,0,0,0,0,0,0,0,0,0,59237,0,0,0,0
10448.761,14037,71,0,0,0,0,0,8,264,5,43,0,0,0,0,0,0,0,0,0,0,0,0,0,0,0,0,0,0,0,0,0,0,86,86,0,0,0,0
10465.955,17194,58,0,0,0,0,0,8,18554,5,43,0,0,0,0,0,0,0,0,0,0,0,0,0,0,0,0,0,0,0,0,0,0,4635,20025,0,0,0,0
10483.265,17309,57,0,0,0,0,0,8,21500,5,43,0,0,0,0,0,0,0,0,0,0,0,0,0,0,0,0,0,0,0,0,0,0,4823,17368,0,0,0,0
10499.393,16127,62,0,0,0,0,0,8,19881,5,43,0,0,0,0,0,0,0,0,0,0,0,0,0,0,0,0,0,0,0,0,0,0,4752,17240,0,0,0,0
10515.777,16384,61,0,0,0,0,0,8,20656,5,43,0,0,0,0,0,0,0,0,0,0,0,0,0,0,0,0,0,0,0,0,0,0,4473,15882,0,0,0,0
10532.781,17003,58,0,0,0,0,0,8,25275,5,43,0,0,0,0,0,0,0,0,0,0,0,0,0,0,0,0,0,0,0,0,0,0,4599,16485,0,0,0,0
10548.869,16088,62,0,0,0,0,0,8,19509,5,43,0,0,0,0,0,0,0,0,0,0,0,0,0,0,0,0,0,0,0,0,0,0,4520,16390,0,0,0,0
10565.772,16902,59,0,0,0,0,0,8,22900,5,43,0,0,0,0,0,0,0,0,0,0,0,0,0,0,0,0,0,0,0,0,0,0,4512,16124,0,0,0,0
10582.393,16621,60,0,0,0,0,0,8,21885,5,43,0,0,0,0,0,0,0,0,0,0,0,0,0,0,0,0,0,0,0,0,0,0,4635,18039,0,0,0,0
10598.768,16374,61,0,0,0,0,0,8,20323,5,43,0,0,0,0,0,0,0,0,0,0,0,0,0,0,0,0,0,0,0,0,0,0,4529,16002,0,0,0,0
10615.795,17027,58,0,0,0,0,0,8,61666,5,43,0,0,0,0,0,0,0,0,0,0,0,0,0,0,0,0,0,0,0,0,0,0,3535,15428,0,0,0,0
10633.262,17467,57,0,0,0,0,0,8,175010,5,43,0,0,0,0,0,0,0,0,0,0,0,0,0,0,0,0,0,0,0,0,0,0,5129,19075,0,0,0,0
10648.894,15632,63,0,0,0,0,0,8,141329,5,43,0,0,0,0,0,0,0,0,0,0,0,0,0,0,0,0,0,0,0,0,0,0,4670,16476,0,0,0,0
10665.417,16522,60,0,0,0,0,0,8,137750,5,43,0,0,0,0,0,0,0,0,0,0,0,0,0,0,0,0,0,0,0,0,0,0,4708,16233,0,0,0,0
10682.388,16971,58,0,0,0,0,0,8,143982,5,43,0,0,0,0,0,0,0,0,0,0,0,0,0,0,0,0,0,0,0,0,0,0,3262,14534,0,0,0,0
10698.880,16492,60,0,0,0,0,0,8,131501,5,43,0,0,0,0,0,0,0,0,0,0,0,0,0,0,0,0,0,0,0,0,0,0,4195,17385,0,0,0,0
10715.640,16760,59,0,0,0,0,0,8,138711,5,43,0,0,0,0,0,0,0,0,0,0,0,0,0,0,0,0,0,0,0,0,0,0,4249,17586,0,0,0,0
10732.478,16838,59,0,0,0,0,0,8,133345,5,43,0,0,0,0,0,0,0,0,0,0,0,0,0,0,0,0,0,0,0,0,0,0,3549,16045,0,0,0,0
10749.222,16743,59,0,0,0,0,0,8,134255,5,43,0,0,0,0,0,0,0,0,0,0,0,0,0,0,0,0,0,0,0,0,0,0,3515,16299,0,0,0,0
10765.772,16549,60,0,0,0,0,0,8,208950,5,43,0,0,0,0,0,0,0,0,0,0,0,0,0,0,0,0,0,0,0,0,0,0,3508,16723,0,0,0,0
10783.246,17474,57,0,0,0,0,0,8,225897,5,43,0,0,0,0,0,0,0,0,0,0,0,0,0,0,0,0,0,0,0,0,0,0,5427,17982,0,0,0,0
10798.922,15676,63,0,0,0,0,0,8,209029,5,43,0,0,0,0,0,0,0,0,0,0,0,0,0,0,0,0,0,0,0,0,0,0,5467,18005,0,0,0,0
10815.904,16982,58,0,0,0,0,0,8,72687,5,43,0,0,0,0,0,0,0,0,0,0,0,0,0,0,0,0,0,0,0,0,0,0,5536,16269,0,0,0,0
10833.254,17350,57,0,0,0,0,0,8,84776,5,43,0,0,0,0,0,0,0,0,0,0,0,0,0,0,0,0,0,0,0,0,0,0,6594,17558,0,0,0,0
10849.296,16042,62,0,0,0,0,0,8,7050,5,43,0,0,0,0,0,0,0,0,0,0,0,0,0,0,0,0,0,0,0,0,0,0,6600,17334,0,0,0,0
10865.041,15744,63,0,0,0,0,0,8,3494,5,43,0,0,0,0,0,0,0,0,0,0,0,0,0,0,0,0,0,0,0,0,0,0,6891,16936,0,0,0,0
10882.318,17277,57,0,0,0,0,0,8,6880,5,43,0,0,0,0,0,0,0,0,0,0,0,0,0,0,0,0,0,0,0,0,0,0,7168,15449,0,0,0,0
10898.858,16539,60,0,0,0,0,0,8,5544,5,43,0,0,0,0,0,0,0,0,0,0,0,0,0,0,0,0,0,0,0,0,0,0,5461,15547,0,0,0,0
11026.442,127584,7,0,0,0,0,0,8,75067,18,43,0,0,0,0,0,0,0,0,0,0,0,0,0,0,0,0,0,0,0,0,0,0,507887,137198,0,0,0,0
11040.815,14372,69,0,0,0,0,0,8,988,5,43,0,0,0,0,0,0,0,0,0,0,0,0,0,0,0,0,0,0,0,0,0,0,12183,13747,0,0,0,0
11057.381,16566,60,0,0,0,0,0,8,558,5,43,0,0,0,0,0,0,0,0,0,0,0,0,0,0,0,0,0,0,0,0,0,0,6784,8927,0,0,0,0
11074.091,16709,59,0,0,0,0,0,8,532,5,43,0,0,0,0,0,0,0,0,0,0,0,0,0,0,0,0,0,0,0,0,0,0,6894,16582,0,0,0,0
11091.767,17676,56,0,0,0,0,0,8,470,5,43,0,0,0,0,0,0,0,0,0,0,0,0,0,0,0,0,0,0,0,0,0,0,7040,16778,0,0,0,0
11108.266,16499,60,0,0,0,0,0,8,497,5,43,0,0,0,0,0,0,0,0,0,0,0,0,0,0,0,0,0,0,0,0,0,0,7236,17885,0,0,0,0
11123.872,15605,64,0,0,0,0,0,8,526,5,43,0,0,0,0,0,0,0,0,0,0,0,0,0,0,0,0,0,0,0,0,0,0,7839,17139,0,0,0,0
11141.254,17381,57,0,0,0,0,0,8,469,5,43,0,0,0,0,0,0,0,0,0,0,0,0,0,0,0,0,0,0,0,0,0,0,7887,16057,0,0,0,0
11157.361,16107,62,0,0,0,0,0,8,528,5,43,0,0,0,0,0,0,0,0,0,0,0,0,0,0,0,0,0,0,0,0,0,0,7416,16513,0,0,0,0
11174.273,16912,59,0,0,0,0,0,8,508,5,43,0,0,0,0,0,0,0,0,0,0,0,0,0,0,0,0,0,0,0,0,0,0,7721,16496,0,0,0,0
11191.260,16986,58,0,0,0,0,0,8,469,5,43,0,0,0,0,0,0,0,0,0,0,0,0,0,0,0,0,0,0,0,0,0,0,7518,16693,0,0,0,0
11207.500,16239,61,0,0,0,0,0,8,531,5,43,0,0,0,0,0,0,0,0,0,0,0,0,0,0,0,0,0,0,0,0,0,0,7635,17106,0,0,0,0
11223.963,16463,60,0,0,0,0,0,8,530,5,43,0,0,0,0,0,0,0,0,0,0,0,0,0,0,0,0,0,0,0,0,0,0,7496,16010,0,0,0,0
11241.258,17284,57,0,0,0,0,0,8,471,5,43,0,0,0,0,0,0,0,0,0,0,0,0,0,0,0,0,0,0,0,0,0,0,10282,19475,0,0,0,0
11257.379,16131,61,0,0,0,0,0,8,530,5,43,0,0,0,0,0,0,0,0,0,0,0,0,0,0,0,0,0,0,0,0,0,0,8896,15701,0,0,0,0
11273.784,16405,60,0,0,0,0,0,8,496,5,43,0,0,0,0,0,0,0,0,0,0,0,0,0,0,0,0,0,0,0,0,0,0,9144,16381,0,0,0,0
11290.907,17122,58,0,0,0,0,0,8,474,5,43,0,0,0,0,0,0,0,0,0,0,0,0,0,0,0,0,0,0,0,0,0,0,7989,15314,0,0,0,0
11307.378,16470,60,0,0,0,0,0,8,534,5,43,0,0,0,0,0,0,0,0,0,0,0,0,0,0,0,0,0,0,0,0,0,0,8085,17415,0,0,0,0
11324.286,16908,59,0,0,0,0,0,8,496,5,43,0,0,0,0,0,0,0,0,0,0,0,0,0,0,0,0,0,0,0,0,0,0,8039,16235,0,0,0,0
11340.897,16611,60,0,0,0,0,0,8,505,5,43,0,0,0,0,0,0,0,0,0,0,0,0,0,0,0,0,0,0,0,0,0,0,7996,16905,0,0,0,0
11357.394,16497,60,0,0,0,0,0,8,498,5,43,0,0,0,0,0,0,0,0,0,0,0,0,0,0,0,0,0,0,0,0,0,0,8114,16571,0,0,0,0
11374.064,16669,59,0,0,0,0,0,8,533,5,43,0,0,0,0,0,0,0,0,0,0,0,0,0,0,0,0,0,0,0,0,0,0,7998,16425,0,0,0,0
11391.246,17181,58,0,0,0,0,0,8,471,5,43,0,0,0,0,0,0,0,0,0,0,0,0,0,0,0,0,0,0,0,0,0,0,7815,16584,0,0,0,0
11407.394,16148,61,0,0,0,0,0,8,532,5,43,0,0,0,0,0,0,0,0,0,0,0,0,0,0,0,0,0,0,0,0,0,0,8039,17366,0,0,0,0
11424.075,16680,59,0,0,0,0,0,8,499,5,43,0,0,0,0,0,0,0,0,0,0,0,0,0,0,0,0,0,0,0,0,0,0,8020,16113,0,0,0,0
11440.758,16684,59,0,0,0,0,0,8,469,5,43,0,0,0,0,0,0,0,0,0,0,0,0,0,0,0,0,0,0,0,0,0,0,8080,16732,0,0,0,0
11458.242,17482,57,0,0,0,0,0,8,533,5,43,0,0,0,0,0,0,0,0,0,0,0,0,0,0,0,0,0,0,0,0,0,0,8183,16826,0,0,0,0
11474.003,15761,63,0,0,0,0,0,8,528,5,43,0,0,0,0,0,0,0,0,0,0,0,0,0,0,0,0,0,0,0,0,0,0,8097,17432,0,0,0,0
11490.895,16892,59,0,0,0,0,0,8,472,5,43,0,0,0,0,0,0,0,0,0,0,0,0,0,0,0,0,0,0,0,0,0,0,7821,15800,0,0,0,0
11506.794,15898,62,0,0,0,0,0,8,499,5,43,0,0,0,0,0,0,0,0,0,0,0,0,0,0,0,0,0,0,0,0,0,0,8181,16828,0,0,0,0
11523.928,17134,58,0,0,0,0,0,8,509,5,43,0,0,0,0,0,0,0,0,0,0,0,0,0,0,0,0,0,0,0,0,0,0,8210,15981,0,0,0,0
11541.259,17331,57,0,0,0,0,0,8,499,5,43,0,0,0,0,0,0,0,0,0,0,0,0,0,0,0,0,0,0,0,0,0,0,8173,17417,0,0,0,0
11557.402,16142,61,0,0,0,0,0,8,527,5,43,0,0,0,0,0,0,0,0,0,0,0,0,0,0,0,0,0,0,0,0,0,0,8098,16858,0,0,0,0
11574.259,16857,59,0,0,0,0,0,8,505,5,43,0,0,0,0,0,0,0,0,0,0,0,0,0,0,0,0,0,0,0,0,0,0,8096,16184,0,0,0,0
11590.433,16173,61,0,0,0,0,0,8,457,5,43,0,0,0,0,0,0,0,0,0,0,0,0,0,0,0,0,0,0,0,0,0,0,7910,16693,0,0,0,0
11607.324,16891,59,0,0,0,0,0,8,528,5,43,0,0,0,0,0,0,0,0,0,0,0,0,0,0,0,0,0,0,0,0,0,0,8139,17093,0,0,0,0
11623.767,16443,60,0,0,0,0,0,8,506,5,43,0,0,0,0,0,0,0,0,0,0,0,0,0,0,0,0,0,0,0,0,0,0,8076,16080,0,0,0,0
11640.476,16708,59,0,0,0,0,0,8,499,5,43,0,0,0,0,0,0,0,0,0,0,0,0,0,0,0,0,0,0,0,0,0,0,8939,17787,0,0,0,0
11657.386,16900,59,0,0,0,0,0,8,533,5,43,0,0,0,0,0,0,0,0,0,0,0,0,0,0,0,0,0,0,0,0,0,0,8937,16279,0,0,0,0
11674.274,16898,59,0,0,0,0,0,8,467,5,43,0,0,0,0,0,0,0,0,0,0,0,0,0,0,0,0,0,0,0,0,0,0,7768,15752,0,0,0,0
11690.638,16363,61,0,0,0,0,0,8,500,5,43,0,0,0,0,0,0,0,0,0,0,0,0,0,0,0,0,0,0,0,0,0,0,7847,16926,0,0,0,0
11707.391,16753,59,0,0,0,0,0,8,538,5,43,0,0,0,0,0,0,0,0,0,0,0,0,0,0,0,0,0,0,0,0,0,0,9082,17524,0,0,0,0
11724.015,16623,60,0,0,0,0,0,8,531,5,43,0,0,0,0,0,0,0,0,0,0,0,0,0,0,0,0,0,0,0,0,0,0,9150,16921,0,0,0,0
11741.239,17223,58,0,0,0,0,0,8,469,5,43,0,0,0,0,0,0,0,0,0,0,0,0,0,0,0,0,0,0,0,0,0,0,8862,16439,0,0,0,0
11758.255,17016,58,0,0,0,0,0,8,499,5,43,0,0,0,0,0,0,0,0,0,0,0,0,0,0,0,0,0,0,0,0,0,0,9020,17306,0,0,0,0
11773.859,15604,64,0,0,0,0,0,8,528,5,43,0,0,0,0,0,0,0,0,0,0,0,0,0,0,0,0,0,0,0,0,0,0,8731,16739,0,0,0,0
11791.240,17380,57,0,0,0,0,0,8,474,5,43,0,0,0,0,0,0,0,0,0,0,0,0,0,0,0,0,0,0,0,0,0,0,8756,15496,0,0,0,0
11807.374,16134,61,0,0,0,0,0,8,530,5,43,0,0,0,0,0,0,0,0,0,0,0,0,0,0,0,0,0,0,0,0,0,0,8829,17602,0,0,0,0
11823.922,16548,60,0,0,0,0,0,8,498,5,43,0,0,0,0,0,0,0,0,0,0,0,0,0,0,0,0,0,0,0,0,0,0,7870,15076,0,0,0,0
11840.841,16919,59,0,0,0,0,0,8,467,5,43,0,0,0,0,0,0,0,0,0,0,0,0,0,0,0,0,0,0,0,0,0,0,7784,16703,0,0,0,0
11857.670,16829,59,0,0,0,0,0,8,527,5,43,0,0,0,0,0,0,0,0,0,0,0,0,0,0,0,0,0,0,0,0,0,0,7833,16700,0,0,0,0
11873.770,16099,62,0,0,0,0,0,8,499,5,43,0,0,0,0,0,0,0,0,0,0,0,0,0,0,0,0,0,0,0,0,0,0,7853,16877,0,0,0,0
11891.247,17477,57,0,0,0,0,0,8,504,5,43,0,0,0,0,0,0,0,0,0,0,0,0,0,0,0,0,0,0,0,0,0,0,7657,15986,0,0,0,0
11907.388,16140,61,0,0,0,0,0,8,495,5,43,0,0,0,0,0,0,0,0,0,0,0,0,0,0,0,0,0,0,0,0,0,0,7743,17532,0,0,0,0
11923.760,16372,61,0,0,0,0,0,8,495,5,43,0,0,0,0,0,0,0,0,0,0,0,0,0,0,0,0,0,0,0,0,0,0,7841,16556,0,0,0,0
11940.412,16651,60,0,0,0,0,0,8,501,5,43,0,0,0,0,0,0,0,0,0,0,0,0,0,0,0,0,0,0,0,0,0,0,7779,16338,0,0,0,0
11957.397,16985,58,0,0,0,0,0,8,600,5,43,0,0,0,0,0,0,0,0,0,0,0,0,0,0,0,0,0,0,0,0,0,0,7758,16338,0,0,0,0
11973.936,16539,60,0,0,0,0,0,8,504,5,43,0,0,0,0,0,0,0,0,0,0,0,0,0,0,0,0,0,0,0,0,0,0,9149,18343,0,0,0,0
11990.467,16530,60,0,0,0,0,0,8,457,5,43,0,0,0,0,0,0,0,0,0,0,0,0,0,0,0,0,0,0,0,0,0,0,8920,16460,0,0,0,0
12007.464,16997,58,0,0,0,0,0,8,535,5,43,0,0,0,0,0,0,0,0,0,0,0,0,0,0,0,0,0,0,0,0,0,0,8943,17098,0,0,0,0
12024.237,16772,59,0,0,0,0,0,8,496,5,43,0,0,0,0,0,0,0,0,0,0,0,0,0,0,0,0,0,0,0,0,0,0,8931,16301,0,0,0,0
12040.655,16417,60,0,0,0,0,0,8,508,5,43,0,0,0,0,0,0,0,0,0,0,0,0,0,0,0,0,0,0,0,0,0,0,9251,17156,0,0,0,0
12057.762,17107,58,0,0,0,0,0,8,530,5,43,0,0,0,0,0,0,0,0,0,0,0,0,0,0,0,0,0,0,0,0,0,0,8919,16006,0,0,0,0
12074.241,16478,60,0,0,0,0,0,8,475,5,43,0,0,0,0,0,0,0,0,0,0,0,0,0,0,0,0,0,0,0,0,0,0,9139,17220,0,0,0,0
12090.749,16508,60,0,0,0,0,0,8,490,5,43,0,0,0,0,0,0,0,0,0,0,0,0,0,0,0,0,0,0,0,0,0,0,9039,16419,0,0,0,0
12107.477,16728,59,0,0,0,0,0,8,536,5,43,0,0,0,0,0,0,0,0,0,0,0,0,0,0,0,0,0,0,0,0,0,0,8962,16509,0,0,0,0
12124.004,16527,60,0,0,0,0,0,8,533,5,43,0,0,0,0,0,0,0,0,0,0,0,0,0,0,0,0,0,0,0,0,0,0,9226,16972,0,0,0,0
12140.892,16888,59,0,0,0,0,0,8,464,5,43,0,0,0,0,0,0,0,0,0,0,0,0,0,0,0,0,0,0,0,0,0,0,9277,16692,0,0,0,0
12156.838,15945,62,0,0,0,0,0,8,495,5,43,0,0,0,0,0,0,0,0,0,0,0,0,0,0,0,0,0,0,0,0,0,0,9140,16545,0,0,0,0
12174.240,17401,57,0,0,0,0,0,8,499,5,43,0,0,0,0,0,0,0,0,0,0,0,0,0,0,0,0,0,0,0,0,0,0,8168,15322,0,0,0,0
12191.233,16993,58,0,0,0,0,0,8,497,5,43,0,0,0,0,0,0,0,0,0,0,0,0,0,0,0,0,0,0,0,0,0,0,8115,17087,0,0,0,0
12207.348,16113,62,0,0,0,0,0,8,526,5,43,0,0,0,0,0,0,0,0,0,0,0,0,0,0,0,0,0,0,0,0,0,0,8188,17023,0,0,0,0
12224.373,17026,58,0,0,0,0,0,8,480,5,43,0,0,0,0,0,0,0,0,0,0,0,0,0,0,0,0,0,0,0,0,0,0,7908,15935,0,0,0,0
12240.892,16518,60,0,0,0,0,0,8,482,5,43,0,0,0,0,0,0,0,0,0,0,0,0,0,0,0,0,0,0,0,0,0,0,8138,17205,0,0,0,0
12257.367,16474,60,0,0,0,0,0,8,528,5,43,0,0,0,0,0,0,0,0,0,0,0,0,0,0,0,0,0,0,0,0,0,0,9230,17475,0,0,0,0
12274.235,16868,59,0,0,0,0,0,8,495,5,43,0,0,0,0,0,0,0,0,0,0,0,0,0,0,0,0,0,0,0,0,0,0,9386,16781,0,0,0,0
12290.172,15937,62,0,0,0,0,0,8,499,5,43,0,0,0,0,0,0,0,0,0,0,0,0,0,0,0,0,0,0,0,0,0,0,9502,17066,0,0,0,0
12307.755,17582,56,0,0,0,0,0,8,500,5,43,0,0,0,0,0,0,0,0,0,0,0,0,0,0,0,0,0,0,0,0,0,0,9650,15986,0,0,0,0
12323.952,16197,61,0,0,0,0,0,8,532,5,43,0,0,0,0,0,0,0,0,0,0,0,0,0,0,0,0,0,0,0,0,0,0,9377,17200,0,0,0,0
12341.254,17302,57,0,0,0,0,0,8,469,5,43,0,0,0,0,0,0,0,0,0,0,0,0,0,0,0,0,0,0,0,0,0,0,9187,16296,0,0,0,0
12357.311,16057,62,0,0,0,0,0,8,528,5,43,0,0,0,0,0,0,0,0,0,0,0,0,0,0,0,0,0,0,0,0,0,0,9159,16926,0,0,0,0
12374.369,17057,58,0,0,0,0,0,8,493,5,43,0,0,0,0,0,0,0,0,0,0,0,0,0,0,0,0,0,0,0,0,0,0,7893,14994,0,0,0,0
12390.478,16108,62,0,0,0,0,0,8,464,5,43,0,0,0,0,0,0,0,0,0,0,0,0,0,0,0,0,0,0,0,0,0,0,8038,17973,0,0,0,0
12407.378,16890,59,0,0,0,0,0,8,534,5,43,0,0,0,0,0,0,0,0,0,0,0,0,0,0,0,0,0,0,0,0,0,0,8183,15499,0,0,0,0
12423.766,16397,60,0,0,0,0,0,8,495,5,43,0,0,0,0,0,0,0,0,0,0,0,0,0,0,0,0,0,0,0,0,0,0,7980,16556,0,0,0,0
12440.752,16985,58,0,0,0,0,0,8,504,5,43,0,0,0,0,0,0,0,0,0,0,0,0,0,0,0,0,0,0,0,0,0,0,8142,16510,0,0,0,0
12457.459,16698,59,0,0,0,0,0,8,529,5,43,0,0,0,0,0,0,0,0,0,0,0,0,0,0,0,0,0,0,0,0,0,0,8153,17073,0,0,0,0
12474.071,16621,60,0,0,0,0,0,8,498,5,43,0,0,0,0,0,0,0,0,0,0,0,0,0,0,0,0,0,0,0,0,0,0,8040,16552,0,0,0,0
12490.585,16514,60,0,0,0,0,0,8,469,5,43,0,0,0,0,0,0,0,0,0,0,0,0,0,0,0,0,0,0,0,0,0,0,8109,16649,0,0,0,0
12508.232,17646,56,0,0,0,0,0,8,533,5,43,0,0,0,0,0,0,0,0,0,0,0,0,0,0,0,0,0,0,0,0,0,0,7935,16362,0,0,0,0
12523.882,15650,63,0,0,0,0,0,8,501,5,43,0,0,0,0,0,0,0,0,0,0,0,0,0,0,0,0,0,0,0,0,0,0,8080,17892,0,0,0,0
12541.256,17374,57,0,0,0,0,0,8,495,5,43,0,0,0,0,0,0,0,0,0,0,0,0,0,0,0,0,0,0,0,0,0,0,8091,16034,0,0,0,0
12558.251,16994,58,0,0,0,0,0,8,497,5,43,0,0,0,0,0,0,0,0,0,0,0,0,0,0,0,0,0,0,0,0,0,0,8101,16943,0,0,0,0
12574.081,15829,63,0,0,0,0,0,8,525,5,43,0,0,0,0,0,0,0,0,0,0,0,0,0,0,0,0,0,0,0,0,0,0,8065,17012,0,0,0,0
12590.740,16659,60,0,0,0,0,0,8,468,5,43,0,0,0,0,0,0,0,0,0,0,0,0,0,0,0,0,0,0,0,0,0,0,7888,15985,0,0,0,0
12607.384,16643,60,0,0,0,0,0,8,532,5,43,0,0,0,0,0,0,0,0,0,0,0,0,0,0,0,0,0,0,0,0,0,0,7982,16352,0,0,0,0
12623.887,16502,60,0,0,0,0,0,8,493,5,43,0,0,0,0,0,0,0,0,0,0,0,0,0,0,0,0,0,0,0,0,0,0,8058,16715,0,0,0,0
12640.877,16990,58,0,0,0,0,0,8,474,5,43,0,0,0,0,0,0,0,0,0,0,0,0,0,0,0,0,0,0,0,0,0,0,9407,18298,0,0,0,0
12657.385,16507,60,0,0,0,0,0,8,532,5,43,0,0,0,0,0,0,0,0,0,0,0,0,0,0,0,0,0,0,0,0,0,0,9333,16444,0,0,0,0
12673.912,16527,60,0,0,0,0,0,8,529,5,43,0,0,0,0,0,0,0,0,0,0,0,0,0,0,0,0,0,0,0,0,0,0,7580,14858,0,0,0,0
12690.752,16839,59,0,0,0,0,0,8,467,5,43,0,0,0,0,0,0,0,0,0,0,0,0,0,0,0,0,0,0,0,0,0,0,2627,11757,0,0,0,0
12707.459,16707,59,0,0,0,0,0,8,66143,5,44,0,0,0,0,0,0,0,0,0,0,0,0,0,0,0,0,0,0,0,0,0,0,750,14689,0,0,0,0
12724.378,16918,59,0,0,0,0,0,8,65816,5,44,0,0,0,0,0,0,0,0,0,0,0,0,0,0,0,0,0,0,0,0,0,0,220,16230,0,0,0,0
12740.056,15678,63,0,0,0,0,0,8,6268,5,44,0,0,0,0,0,0,0,0,0,0,0,0,0,0,0,0,0,0,0,0,0,0,237,17730,0,0,0,0
12757.432,17375,57,0,0,0,0,0,8,7130,5,44,0,0,0,0,0,0,0,0,0,0,0,0,0,0,0,0,0,0,0,0,0,0,203,14892,0,0,0,0
12774.024,16592,60,0,0,0,0,0,8,6813,5,44,0,0,0,0,0,0,0,0,0,0,0,0,0,0,0,0,0,0,0,0,0,0,213,17285,0,0,0,0
12791.016,16992,58,0,0,0,0,0,8,6867,5,44,0,0,0,0,0,0,0,0,0,0,0,0,0,0,0,0,0,0,0,0,0,0,216,16726,0,0,0,0
12807.238,16222,61,0,0,0,0,0,8,6683,5,44,0,0,0,0,0,0,0,0,0,0,0,0,0,0,0,0,0,0,0,0,0,0,215,16778,0,0,0,0
12824.376,17138,58,0,0,0,0,0,8,7007,5,44,0,0,0,0,0,0,0,0,0,0,0,0,0,0,0,0,0,0,0,0,0,0,212,16358,0,0,0,0
12840.868,16491,60,0,0,0,0,0,8,6728,5,44,0,0,0,0,0,0,0,0,0,0,0,0,0,0,0,0,0,0,0,0,0,0,232,17942,0,0,0,0
12857.742,16874,59,0,0,0,0,0,8,6932,5,44,0,0,0,0,0,0,0,0,0,0,0,0,0,0,0,0,0,0,0,0,0,0,200,15555,0,0,0,0
12874.142,16399,60,0,0,0,0,0,8,6724,5,44,0,0,0,0,0,0,0,0,0,0,0,0,0,0,0,0,0,0,0,0,0,0,235,17187,0,0,0,0
12890.738,16596,60,0,0,0,0,0,8,6747,5,44,0,0,0,0,0,0,0,0,0,0,0,0,0,0,0,0,0,0,0,0,0,0,235,16272,0,0,0,0
12907.443,16705,59,0,0,0,0,0,8,6833,5,44,0,0,0,0,0,0,0,0,0,0,0,0,0,0,0,0,0,0,0,0,0,0,233,16576,0,0,0,0
12924.074,16630,60,0,0,0,0,0,8,6813,5,44,0,0,0,0,0,0,0,0,0,0,0,0,0,0,0,0,0,0,0,0,0,0,225,16674,0,0,0,0
12940.738,16664,60,0,0,0,0,0,8,6785,5,44,0,0,0,0,0,0,0,0,0,0,0,0,0,0,0,0,0,0,0,0,0,0,216,16736,0,0,0,0
12957.274,16535,60,0,0,0,0,0,8,6766,5,44,0,0,0,0,0,0,0,0,0,0,0,0,0,0,0,0,0,0,0,0,0,0,224,16570,0,0,0,0
12974.381,17107,58,0,0,0,0,0,8,6994,5,44,0,0,0,0,0,0,0,0,0,0,0,0,0,0,0,0,0,0,0,0,0,0,221,16554,0,0,0,0
12990.790,16409,60,0,0,0,0,0,8,5193,5,44,0,0,0,0,0,0,0,0,0,0,0,0,0,0,0,0,0,0,0,0,0,0,222,17927,0,0,0,0
13007.398,16608,60,0,0,0,0,0,8,2987,5,44,0,0,0,0,0,0,0,0,0,0,0,0,0,0,0,0,0,0,0,0,0,0,211,15528,0,0,0,0
13023.758,16359,61,0,0,0,0,0,8,3108,5,44,0,0,0,0,0,0,0,0,0,0,0,0,0,0,0,0,0,0,0,0,0,0,222,16600,0,0,0,0
13040.815,17057,58,0,0,0,0,0,8,3027,5,44,0,0,0,0,0,0,0,0,0,0,0,0,0,0,0,0,0,0,0,0,0,0,220,16321,0,0,0,0
13057.366,16550,60,0,0,0,0,0,8,3185,5,44,0,0,0,0,0,0,0,0,0,0,0,0,0,0,0,0,0,0,0,0,0,0,234,17497,0,0,0,0
13074.018,16652,60,0,0,0,0,0,8,3014,5,44,0,0,0,0,0,0,0,0,0,0,0,0,0,0,0,0,0,0,0,0,0,0,222,16199,0,0,0,0
13090.908,16889,59,0,0,0,0,0,8,3174,5,44,0,0,0,0,0,0,0,0,0,0,0,0,0,0,0,0,0,0,0,0,0,0,212,16577,0,0,0,0
13108.225,17316,57,0,0,0,0,0,8,3084,5,44,0,0,0,0,0,0,0,0,0,0,0,0,0,0,0,0,0,0,0,0,0,0,222,16902,0,0,0,0
13123.761,15536,64,0,0,0,0,0,8,2188,5,44,0,0,0,0,0,0,0,0,0,0,0,0,0,0,0,0,0,0,0,0,0,0,227,17373,0,0,0,0
13140.739,16978,58,0,0,0,0,0,8,30221,5,45,0,0,0,0,0,0,0,0,0,0,0,0,0,0,0,0,0,0,0,0,0,0,3904,19122,0,0,0,0
13157.381,16641,60,0,0,0,0,0,8,52871,5,45,0,0,0,0,0,0,0,0,0,0,0,0,0,0,0,0,0,0,0,0,0,0,197,13389,0,0,0,0
13173.887,16506,60,0,0,0,0,0,8,67724,5,45,0,0,0,0,0,0,0,0,0,0,0,0,0,0,0,0,0,0,0,0,0,0,0,0,0,0,0,0
13289.825,115938,8,0,0,0,0,0,8,502990,16,45,0,0,0,0,0,0,0,0,0,0,0,0,0,0,0,0,0,0,0,0,0,0,130998,147442,0,0,0,0
13298.871,9046,110,0,0,0,0,0,8,767,5,45,0,0,0,0,0,0,0,0,0,0,0,0,0,0,0,0,0,0,0,0,0,0,180,952,0,0,0,0
13315.246,16374,61,0,0,0,0,0,8,529,5,45,0,0,0,0,0,0,0,0,0,0,0,0,0,0,0,0,0,0,0,0,0,0,208,9762,0,0,0,0
13332.362,17115,58,0,0,0,0,0,8,465,5,45,0,0,0,0,0,0,0,0,0,0,0,0,0,0,0,0,0,0,0,0,0,0,240,16354,0,0,0,0
13349.036,16674,59,0,0,0,0,0,8,495,5,45,0,0,0,0,0,0,0,0,0,0,0,0,0,0,0,0,0,0,0,0,0,0,230,17153,0,0,0,0
13365.748,16711,59,0,0,0,0,0,8,530,5,45,0,0,0,0,0,0,0,0,0,0,0,0,0,0,0,0,0,0,0,0,0,0,227,16593,0,0,0,0
13382.454,16696,59,0,0,0,0,0,8,471,5,45,0,0,0,0,0,0,0,0,0,0,0,0,0,0,0,0,0,0,0,0,0,0,227,16722,0,0,0,0
13398.928,16484,60,0,0,0,0,0,8,531,5,45,0,0,0,0,0,0,0,0,0,0,0,0,0,0,0,0,0,0,0,0,0,0,232,16741,0,0,0,0
13415.749,16820,59,0,0,0,0,0,8,527,5,45,0,0,0,0,0,0,0,0,0,0,0,0,0,0,0,0,0,0,0,0,0,0,226,16437,0,0,0,0
13432.758,17009,58,0,0,0,0,0,8,437,5,45,0,0,0,0,0,0,0,0,0,0,0,0,0,0,0,0,0,0,0,0,0,0,237,16823,0,0,0,0
13448.960,16202,61,0,0,0,0,0,8,527,5,45,0,0,0,0,0,0,0,0,0,0,0,0,0,0,0,0,0,0,0,0,0,0,222,16989,0,0,0,0
13465.741,16780,59,0,0,0,0,0,8,527,5,45,0,0,0,0,0,0,0,0,0,0,0,0,0,0,0,0,0,0,0,0,0,0,214,16213,0,0,0,0
13482.739,16997,58,0,0,0,0,0,8,468,5,45,0,0,0,0,0,0,0,0,0,0,0,0,0,0,0,0,0,0,0,0,0,0,225,16796,0,0,0,0
13498.370,15631,63,0,0,0,0,0,8,527,5,45,0,0,0,0,0,0,0,0,0,0,0,0,0,0,0,0,0,0,0,0,0,0,250,16979,0,0,0,0
13515.639,17268,57,0,0,0,0,0,8,497,5,45,0,0,0,0,0,0,0,0,0,0,0,0,0,0,0,0,0,0,0,0,0,0,209,15658,0,0,0,0
13532.468,16829,59,0,0,0,0,0,8,462,5,45,0,0,0,0,0,0,0,0,0,0,0,0,0,0,0,0,0,0,0,0,0,0,241,17276,0,0,0,0
13548.791,16323,61,0,0,0,0,0,8,532,5,45,0,0,0,0,0,0,0,0,0,0,0,0,0,0,0,0,0,0,0,0,0,0,231,16846,0,0,0,0
13565.741,16949,58,0,0,0,0,0,8,530,5,45,0,0,0,0,0,0,0,0,0,0,0,0,0,0,0,0,0,0,0,0,0,0,231,16280,0,0,0,0
13582.361,16620,60,0,0,0,0,0,8,469,5,45,0,0,0,0,0,0,0,0,0,0,0,0,0,0,0,0,0,0,0,0,0,0,231,16950,0,0,0,0
13599.224,16862,59,0,0,0,0,0,8,496,5,45,0,0,0,0,0,0,0,0,0,0,0,0,0,0,0,0,0,0,0,0,0,0,232,16663,0,0,0,0
13615.748,16524,60,0,0,0,0,0,8,520,5,45,0,0,0,0,0,0,0,0,0,0,0,0,0,0,0,0,0,0,0,0,0,0,223,16848,0,0,0,0
13632.371,16612,60,0,0,0,0,0,8,466,5,45,0,0,0,0,0,0,0,0,0,0,0,0,0,0,0,0,0,0,0,0,0,0,214,16464,0,0,0,0
13648.988,16626,60,0,0,0,0,0,8,526,5,45,0,0,0,0,0,0,0,0,0,0,0,0,0,0,0,0,0,0,0,0,0,0,219,16684,0,0,0,0
13666.221,17233,58,0,0,0,0,0,8,487,5,45,0,0,0,0,0,0,0,0,0,0,0,0,0,0,0,0,0,0,0,0,0,0,212,16771,0,0,0,0
13682.251,16029,62,0,0,0,0,0,8,461,5,45,0,0,0,0,0,0,0,0,0,0,0,0,0,0,0,0,0,0,0,0,0,0,235,17080,0,0,0,0
13699.368,17116,58,0,0,0,0,0,8,529,5,45,0,0,0,0,0,0,0,0,0,0,0,0,0,0,0,0,0,0,0,0,0,0,227,15952,0,0,0,0
13715.990,16623,60,0,0,0,0,0,8,526,5,45,0,0,0,0,0,0,0,0,0,0,0,0,0,0,0,0,0,0,0,0,0,0,220,17058,0,0,0,0
13731.732,15741,63,0,0,0,0,0,8,462,5,45,0,0,0,0,0,0,0,0,0,0,0,0,0,0,0,0,0,0,0,0,0,0,220,16643,0,0,0,0
13748.870,17137,58,0,0,0,0,0,8,499,5,45,0,0,0,0,0,0,0,0,0,0,0,0,0,0,0,0,0,0,0,0,0,0,229,15739,0,0,0,0
13765.745,16875,59,0,0,0,0,0,8,531,5,45,0,0,0,0,0,0,0,0,0,0,0,0,0,0,0,0,0,0,0,0,0,0,250,17236,0,0,0,0
13782.194,16449,60,0,0,0,0,0,8,463,5,45,0,0,0,0,0,0,0,0,0,0,0,0,0,0,0,0,0,0,0,0,0,0,231,16838,0,0,0,0
13798.879,16684,59,0,0,0,0,0,8,527,5,45,0,0,0,0,0,0,0,0,0,0,0,0,0,0,0,0,0,0,0,0,0,0,232,16472,0,0,0,0
13815.749,16869,59,0,0,0,0,0,8,532,5,45,0,0,0,0,0,0,0,0,0,0,0,0,0,0,0,0,0,0,0,0,0,0,226,16685,0,0,0,0
13832.714,16965,58,0,0,0,0,0,8,433,5,45,0,0,0,0,0,0,0,0,0,0,0,0,0,0,0,0,0,0,0,0,0,0,236,16860,0,0,0,0
13848.900,16185,61,0,0,0,0,0,8,526,5,45,0,0,0,0,0,0,0,0,0,0,0,0,0,0,0,0,0,0,0,0,0,0,237,16968,0,0,0,0
13866.224,17324,57,0,0,0,0,0,8,526,5,45,0,0,0,0,0,0,0,0,0,0,0,0,0,0,0,0,0,0,0,0,0,0,221,16091,0,0,0,0
13882.371,16146,61,0,0,0,0,0,8,467,5,45,0,0,0,0,0,0,0,0,0,0,0,0,0,0,0,0,0,0,0,0,0,0,224,17455,0,0,0,0
13898.825,16453,60,0,0,0,0,0,8,523,5,45,0,0,0,0,0,0,0,0,0,0,0,0,0,0,0,0,0,0,0,0,0,0,215,16030,0,0,0,0
13915.675,16849,59,0,0,0,0,0,8,494,5,45,0,0,0,0,0,0,0,0,0,0,0,0,0,0,0,0,0,0,0,0,0,0,225,16945,0,0,0,0
13932.445,16770,59,0,0,0,0,0,8,464,5,45,0,0,0,0,0,0,0,0,0,0,0,0,0,0,0,0,0,0,0,0,0,0,219,16512,0,0,0,0
13949.363,16918,59,0,0,0,0,0,8,546,5,45,0,0,0,0,0,0,0,0,0,0,0,0,0,0,0,0,0,0,0,0,0,0,236,16899,0,0,0,0
13965.605,16242,61,0,0,0,0,0,8,521,5,45,0,0,0,0,0,0,0,0,0,0,0,0,0,0,0,0,0,0,0,0,0,0,236,16745,0,0,0,0
13982.220,16614,60,0,0,0,0,0,8,469,5,45,0,0,0,0,0,0,0,0,0,0,0,0,0,0,0,0,0,0,0,0,0,0,233,16226,0,0,0,0
13998.965,16745,59,0,0,0,0,0,8,496,5,45,0,0,0,0,0,0,0,0,0,0,0,0,0,0,0,0,0,0,0,0,0,0,226,16620,0,0,0,0
14015.738,16773,59,0,0,0,0,0,8,524,5,45,0,0,0,0,0,0,0,0,0,0,0,0,0,0,0,0,0,0,0,0,0,0,235,16724,0,0,0,0
14032.382,16637,60,0,0,0,0,0,8,466,5,45,0,0,0,0,0,0,0,0,0,0,0,0,0,0,0,0,0,0,0,0,0,0,222,16767,0,0,0,0
14048.669,16293,61,0,0,0,0,0,8,524,5,45,0,0,0,0,0,0,0,0,0,0,0,0,0,0,0,0,0,0,0,0,0,0,235,16681,0,0,0,0
14066.218,17548,56,0,0,0,0,0,8,499,5,45,0,0,0,0,0,0,0,0,0,0,0,0,0,0,0,0,0,0,0,0,0,0,240,16306,0,0,0,0
14082.143,15925,62,0,0,0,0,0,8,463,5,45,0,0,0,0,0,0,0,0,0,0,0,0,0,0,0,0,0,0,0,0,0,0,228,17538,0,0,0,0
14098.448,16305,61,0,0,0,0,0,8,529,5,45,0,0,0,0,0,0,0,0,0,0,0,0,0,0,0,0,0,0,0,0,0,0,224,15864,0,0,0,0
14115.737,17289,57,0,0,0,0,0,8,527,5,45,0,0,0,0,0,0,0,0,0,0,0,0,0,0,0,0,0,0,0,0,0,0,216,16248,0,0,0,0
14132.552,16814,59,0,0,0,0,0,8,463,5,45,0,0,0,0,0,0,0,0,0,0,0,0,0,0,0,0,0,0,0,0,0,0,244,17466,0,0,0,0
14148.344,15791,63,0,0,0,0,0,8,497,5,45,0,0,0,0,0,0,0,0,0,0,0,0,0,0,0,0,0,0,0,0,0,0,220,16745,0,0,0,0
14165.764,17420,57,0,0,0,0,0,8,531,5,45,0,0,0,0,0,0,0,0,0,0,0,0,0,0,0,0,0,0,0,0,0,0,215,15778,0,0,0,0
14182.507,16742,59,0,0,0,0,0,8,463,5,45,0,0,0,0,0,0,0,0,0,0,0,0,0,0,0,0,0,0,0,0,0,0,235,17425,0,0,0,0
14199.008,16501,60,0,0,0,0,0,8,535,5,45,0,0,0,0,0,0,0,0,0,0,0,0,0,0,0,0,0,0,0,0,0,0,248,16766,0,0,0,0
14215.424,16416,60,0,0,0,0,0,8,526,5,45,0,0,0,0,0,0,0,0,0,0,0,0,0,0,0,0,0,0,0,0,0,0,210,16403,0,0,0,0
14232.353,16928,59,0,0,0,0,0,8,434,5,45,0,0,0,0,0,0,0,0,0,0,0,0,0,0,0,0,0,0,0,0,0,0,228,16380,0,0,0,0
14249.076,16723,59,0,0,0,0,0,8,528,5,45,0,0,0,0,0,0,0,0,0,0,0,0,0,0,0,0,0,0,0,0,0,0,231,17063,0,0,0,0
14266.228,17151,58,0,0,0,0,0,8,525,5,45,0,0,0,0,0,0,0,0,0,0,0,0,0,0,0,0,0,0,0,0,0,0,233,16673,0,0,0,0
14282.352,16124,62,0,0,0,0,0,8,462,5,45,0,0,0,0,0,0,0,0,0,0,0,0,0,0,0,0,0,0,0,0,0,0,235,17167,0,0,0,0
14298.944,16592,60,0,0,0,0,0,8,530,5,45,0,0,0,0,0,0,0,0,0,0,0,0,0,0,0,0,0,0,0,0,0,0,218,16134,0,0,0,0
14315.752,16807,59,0,0,0,0,0,8,495,5,45,0,0,0,0,0,0,0,0,0,0,0,0,0,0,0,0,0,0,0,0,0,0,245,16745,0,0,0,0
14332.353,16601,60,0,0,0,0,0,8,470,5,45,0,0,0,0,0,0,0,0,0,0,0,0,0,0,0,0,0,0,0,0,0,0,219,16617,0,0,0,0
14348.898,16545,60,0,0,0,0,0,8,527,5,45,0,0,0,0,0,0,0,0,0,0,0,0,0,0,0,0,0,0,0,0,0,0,225,16584,0,0,0,0
14365.747,16848,59,0,0,0,0,0,8,531,5,45,0,0,0,0,0,0,0,0,0,0,0,0,0,0,0,0,0,0,0,0,0,0,232,16579,0,0,0,0
14382.351,16604,60,0,0,0,0,0,8,465,5,45,0,0,0,0,0,0,0,0,0,0,0,0,0,0,0,0,0,0,0,0,0,0,246,16867,0,0,0,0
14398.968,16616,60,0,0,0,0,0,8,498,5,45,0,0,0,0,0,0,0,0,0,0,0,0,0,0,0,0,0,0,0,0,0,0,234,16617,0,0,0,0
14416.214,17245,57,0,0,0,0,0,8,529,5,45,0,0,0,0,0,0,0,0,0,0,0,0,0,0,0,0,0,0,0,0,0,0,221,16585,0,0,0,0
14431.988,15774,63,0,0,0,0,0,8,457,5,45,0,0,0,0,0,0,0,0,0,0,0,0,0,0,0,0,0,0,0,0,0,0,235,17279,0,0,0,0
14448.964,16975,58,0,0,0,0,0,8,532,5,45,0,0,0,0,0,0,0,0,0,0,0,0,0,0,0,0,0,0,0,0,0,0,206,15719,0,0,0,0
14465.796,16831,59,0,0,0,0,0,8,494,5,45,0,0,0,0,0,0,0,0,0,0,0,0,0,0,0,0,0,0,0,0,0,0,221,17003,0,0,0,0
14481.789,15993,62,0,0,0,0,0,8,462,5,45,0,0,0,0,0,0,0,0,0,0,0,0,0,0,0,0,0,0,0,0,0,0,249,16897,0,0,0,0
14498.761,16972,58,0,0,0,0,0,8,529,5,45,0,0,0,0,0,0,0,0,0,0,0,0,0,0,0,0,0,0,0,0,0,0,254,16350,0,0,0,0
14515.616,16855,59,0,0,0,0,0,8,525,5,45,0,0,0,0,0,0,0,0,0,0,0,0,0,0,0,0,0,0,0,0,0,0,207,16479,0,0,0,0
14533.219,17603,56,0,0,0,0,0,8,465,5,45,0,0,0,0,0,0,0,0,0,0,0,0,0,0,0,0,0,0,0,0,0,0,235,16899,0,0,0,0
14549.304,16084,62,0,0,0,0,0,8,496,5,45,0,0,0,0,0,0,0,0,0,0,0,0,0,0,0,0,0,0,0,0,0,0,236,18130,0,0,0,0
14565.754,16450,60,0,0,0,0,0,8,524,5,45,0,0,0,0,0,0,0,0,0,0,0,0,0,0,0,0,0,0,0,0,0,0,219,15589,0,0,0,0
14582.749,16994,58,0,0,0,0,0,8,466,5,45,0,0,0,0,0,0,0,0,0,0,0,0,0,0,0,0,0,0,0,0,0,0,231,16460,0,0,0,0
14599.147,16397,60,0,0,0,0,0,8,528,5,45,0,0,0,0,0,0,0,0,0,0,0,0,0,0,0,0,0,0,0,0,0,0,221,16894,0,0,0,0
14616.227,17080,58,0,0,0,0,0,8,532,5,45,0,0,0,0,0,0,0,0,0,0,0,0,0,0,0,0,0,0,0,0,0,0,245,16477,0,0,0,0
14633.222,16995,58,0,0,0,0,0,8,437,5,45,0,0,0,0,0,0,0,0,0,0,0,0,0,0,0,0,0,0,0,0,0,0,241,17081,0,0,0,0
14649.397,16175,61,0,0,0,0,0,8,526,5,45,0,0,0,0,0,0,0,0,0,0,0,0,0,0,0,0,0,0,0,0,0,0,227,17019,0,0,0,0
14666.216,16818,59,0,0,0,0,0,8,521,5,45,0,0,0,0,0,0,0,0,0,0,0,0,0,0,0,0,0,0,0,0,0,0,238,16157,0,0,0,0
14682.435,16219,61,0,0,0,0,0,8,462,5,45,0,0,0,0,0,0,0,0,0,0,0,0,0,0,0,0,0,0,0,0,0,0,223,16846,0,0,0,0
14698.750,16314,61,0,0,0,0,0,8,532,5,45,0,0,0,0,0,0,0,0,0,0,0,0,0,0,0,0,0,0,0,0,0,0,275,16297,0,0,0,0
14716.209,17459,57,0,0,0,0,0,8,495,5,45,0,0,0,0,0,0,0,0,0,0,0,0,0,0,0,0,0,0,0,0,0,0,224,16638,0,0,0,0
14732.217,16008,62,0,0,0,0,0,8,466,5,45,0,0,0,0,0,0,0,0,0,0,0,0,0,0,0,0,0,0,0,0,0,0,236,17063,0,0,0,0
14748.839,16621,60,0,0,0,0,0,8,529,5,45,0,0,0,0,0,0,0,0,0,0,0,0,0,0,0,0,0,0,0,0,0,0,202,15938,0,0,0,0
14766.735,17896,55,0,0,0,0,0,8,531,5,45,0,0,0,0,0,0,0,0,0,0,0,0,0,0,0,0,0,0,0,0,0,0,235,16639,0,0,0,0
14782.467,15732,63,0,0,0,0,0,8,460,5,45,0,0,0,0,0,0,0,0,0,0,0,0,0,0,0,0,0,0,0,0,0,0,237,17897,0,0,0,0
14799.357,16890,59,0,0,0,0,0,8,499,5,45,0,0,0,0,0,0,0,0,0,0,0,0,0,0,0,0,0,0,0,0,0,0,228,15782,0,0,0,0
14816.210,16853,59,0,0,0,0,0,8,526,5,45,0,0,0,0,0,0,0,0,0,0,0,0,0,0,0,0,0,0,0,0,0,0,236,16867,0,0,0,0
14832.527,16316,61,0,0,0,0,0,8,467,5,45,0,0,0,0,0,0,0,0,0,0,0,0,0,0,0,0,0,0,0,0,0,0,232,16865,0,0,0,0
14848.442,15915,62,0,0,0,0,0,8,527,5,45,0,0,0,0,0,0,0,0,0,0,0,0,0,0,0,0,0,0,0,0,0,0,207,16196,0,0,0,0
14866.212,17769,56,0,0,0,0,0,8,495,5,45,0,0,0,0,0,0,0,0,0,0,0,0,0,0,0,0,0,0,0,0,0,0,212,15921,0,0,0,0
14882.359,16146,61,0,0,0,0,0,8,465,5,45,0,0,0,0,0,0,0,0,0,0,0,0,0,0,0,0,0,0,0,0,0,0,260,17929,0,0,0,0
14898.468,16109,62,0,0,0,0,0,8,530,5,45,0,0,0,0,0,0,0,0,0,0,0,0,0,0,0,0,0,0,0,0,0,0,215,16050,0,0,0,0
14915.839,17370,57,0,0,0,0,0,8,530,5,45,0,0,0,0,0,0,0,0,0,0,0,0,0,0,0,0,0,0,0,0,0,0,244,16187,0,0,0,0
14932.278,16438,60,0,0,0,0,0,8,465,5,45,0,0,0,0,0,0,0,0,0,0,0,0,0,0,0,0,0,0,0,0,0,0,236,17308,0,0,0,0
14948.851,16573,60,0,0,0,0,0,8,492,5,45,0,0,0,0,0,0,0,0,0,0,0,0,0,0,0,0,0,0,0,0,0,0,216,16401,0,0,0,0
14966.739,17888,55,0,0,0,0,0,8,529,5,45,0,0,0,0,0,0,0,0,0,0,0,0,0,0,0,0,0,0,0,0,0,0,241,16613,0,0,0,0
14982.494,15754,63,0,0,0,0,0,8,464,5,45,0,0,0,0,0,0,0,0,0,0,0,0,0,0,0,0,0,0,0,0,0,0,224,17861,0,0,0,0
14999.221,16715,59,0,0,0,0,0,8,530,5,45,0,0,0,0,0,0,0,0,0,0,0,0,0,0,0,0,0,0,0,0,0,0,205,15719,0,0,0,0
15016.210,17001,58,0,0,0,0,0,8,526,5,45,0,0,0,0,0,0,0,0,0,0,0,0,0,0,0,0,0,0,0,0,0,0,235,16815,0,0,0,0
15032.374,16163,61,0,0,0,0,0,8,428,5,45,0,0,0,0,0,0,0,0,0,0,0,0,0,0,0,0,0,0,0,0,0,0,244,17003,0,0,0,0
15048.937,16563,60,0,0,0,0,0,8,526,5,45,0,0,0,0,0,0,0,0,0,0,0,0,0,0,0,0,0,0,0,0,0,0,214,16089,0,0,0,0
15065.719,16782,59,0,0,0,0,0,8,529,5,45,0,0,0,0,0,0,0,0,0,0,0,0,0,0,0,0,0,0,0,0,0,0,218,16587,0,0,0,0
15083.234,17514,57,0,0,0,0,0,8,463,5,45,0,0,0,0,0,0,0,0,0,0,0,0,0,0,0,0,0,0,0,0,0,0,252,16947,0,0,0,0
15098.842,15608,64,0,0,0,0,0,8,530,5,45,0,0,0,0,0,0,0,0,0,0,0,0,0,0,0,0,0,0,0,0,0,0,236,17314,0,0,0,0
15115.418,16576,60,0,0,0,0,0,8,492,5,45,0,0,0,0,0,0,0,0,0,0,0,0,0,0,0,0,0,0,0,0,0,0,242,15635,0,0,0,0
15132.078,16659,60,0,0,0,0,0,8,462,5,45,0,0,0,0,0,0,0,0,0,0,0,0,0,0,0,0,0,0,0,0,0,0,215,16599,0,0,0,0
15148.999,16921,59,0,0,0,0,0,8,532,5,45,0,0,0,0,0,0,0,0,0,0,0,0,0,0,0,0,0,0,0,0,0,0,224,16652,0,0,0,0
15165.882,16883,59,0,0,0,0,0,8,530,5,45,0,0,0,0,0,0,0,0,0,0,0,0,0,0,0,0,0,0,0,0,0,0,231,16918,0,0,0,0
15183.227,17345,57,0,0,0,0,0,8,466,5,45,0,0,0,0,0,0,0,0,0,0,0,0,0,0,0,0,0,0,0,0,0,0,229,16902,0,0,0,0
15198.859,15632,63,0,0,0,0,0,8,490,5,45,0,0,0,0,0,0,0,0,0,0,0,0,0,0,0,0,0,0,0,0,0,0,233,17350,0,0,0,0
15215.740,16881,59,0,0,0,0,0,8,529,5,45,0,0,0,0,0,0,0,0,0,0,0,0,0,0,0,0,0,0,0,0,0,0,208,15603,0,0,0,0
15233.217,17476,57,0,0,0,0,0,8,471,5,45,0,0,0,0,0,0,0,0,0,0,0,0,0,0,0,0,0,0,0,0,0,0,223,16902,0,0,0,0
15248.860,15643,63,0,0,0,0,0,8,525,5,45,0,0,0,0,0,0,0,0,0,0,0,0,0,0,0,0,0,0,0,0,0,0,234,17495,0,0,0,0
15266.214,17353,57,0,0,0,0,0,8,496,5,45,0,0,0,0,0,0,0,0,0,0,0,0,0,0,0,0,0,0,0,0,0,0,215,15519,0,0,0,0
15282.234,16020,62,0,0,0,0,0,8,449,5,45,0,0,0,0,0,0,0,0,0,0,0,0,0,0,0,0,0,0,0,0,0,0,231,17466,0,0,0,0
15298.376,16142,61,0,0,0,0,0,8,526,5,45,0,0,0,0,0,0,0,0,0,0,0,0,0,0,0,0,0,0,0,0,0,0,233,16059,0,0,0,0
15315.727,17350,57,0,0,0,0,0,8,524,5,45,0,0,0,0,0,0,0,0,0,0,0,0,0,0,0,0,0,0,0,0,0,0,240,16145,0,0,0,0
15332.520,16793,59,0,0,0,0,0,8,466,5,45,0,0,0,0,0,0,0,0,0,0,0,0,0,0,0,0,0,0,0,0,0,0,214,17558,0,0,0,0
15348.817,16296,61,0,0,0,0,0,8,495,5,45,0,0,0,0,0,0,0,0,0,0,0,0,0,0,0,0,0,0,0,0,0,0,223,16539,0,0,0,0
15365.779,16962,58,0,0,0,0,0,8,528,5,45,0,0,0,0,0,0,0,0,0,0,0,0,0,0,0,0,0,0,0,0,0,0,227,16274,0,0,0,0
15383.215,17435,57,0,0,0,0,0,8,472,5,45,0,0,0,0,0,0,0,0,0,0,0,0,0,0,0,0,0,0,0,0,0,0,227,16979,0,0,0,0
15398.874,15659,63,0,0,0,0,0,8,527,5,45,0,0,0,0,0,0,0,0,0,0,0,0,0,0,0,0,0,0,0,0,0,0,224,17443,0,0,0,0
15415.780,16905,59,0,0,0,0,0,8,525,5,45,0,0,0,0,0,0,0,0,0,0,0,0,0,0,0,0,0,0,0,0,0,0,230,15938,0,0,0,0
15432.250,16470,60,0,0,0,0,0,8,428,5,45,0,0,0,0,0,0,0,0,0,0,0,0,0,0,0,0,0,0,0,0,0,0,214,16615,0,0,0,0
15448.863,16612,60,0,0,0,0,0,8,529,5,45,0,0,0,0,0,0,0,0,0,0,0,0,0,0,0,0,0,0,0,0,0,0,225,16471,0,0,0,0
15465.211,16348,61,0,0,0,0,0,8,530,5,45,0,0,0,0,0,0,0,0,0,0,0,0,0,0,0,0,0,0,0,0,0,0,224,16596,0,0,0,0
15482.265,17054,58,0,0,0,0,0,8,466,5,45,0,0,0,0,0,0,0,0,0,0,0,0,0,0,0,0,0,0,0,0,0,0,244,16398,0,0,0,0
15499.208,16943,59,0,0,0,0,0,8,525,5,45,0,0,0,0,0,0,0,0,0,0,0,0,0,0,0,0,0,0,0,0,0,0,225,16988,0,0,0,0
15515.719,16510,60,0,0,0,0,0,8,500,5,45,0,0,0,0,0,0,0,0,0,0,0,0,0,0,0,0,0,0,0,0,0,0,216,16981,0,0,0,0
15532.553,16834,59,0,0,0,0,0,8,468,5,45,0,0,0,0,0,0,0,0,0,0,0,0,0,0,0,0,0,0,0,0,0,0,220,16505,0,0,0,0
15548.412,15858,63,0,0,0,0,0,8,525,5,45,0,0,0,0,0,0,0,0,0,0,0,0,0,0,0,0,0,0,0,0,0,0,231,16879,0,0,0,0
15565.887,17474,57,0,0,0,0,0,8,526,5,45,0,0,0,0,0,0,0,0,0,0,0,0,0,0,0,0,0,0,0,0,0,0,222,15758,0,0,0,0
15582.744,16858,59,0,0,0,0,0,8,465,5,45,0,0,0,0,0,0,0,0,0,0,0,0,0,0,0,0,0,0,0,0,0,0,222,17528,0,0,0,0
15599.344,16599,60,0,0,0,0,0,8,498,5,45,0,0,0,0,0,0,0,0,0,0,0,0,0,0,0,0,0,0,0,0,0,0,227,17265,0,0,0,0
15615.759,16415,60,0,0,0,0,0,8,527,5,45,0,0,0,0,0,0,0,0,0,0,0,0,0,0,0,0,0,0,0,0,0,0,217,16180,0,0,0,0
15632.732,16972,58,0,0,0,0,0,8,466,5,45,0,0,0,0,0,0,0,0,0,0,0,0,0,0,0,0,0,0,0,0,0,0,234,16412,0,0,0,0
15649.350,16609,60,0,0,0,0,0,8,525,5,45,0,0,0,0,0,0,0,0,0,0,0,0,0,0,0,0,0,0,0,0,0,0,206,16958,0,0,0,0
15665.565,16224,61,0,0,0,0,0,8,494,5,45,0,0,0,0,0,0,0,0,0,0,0,0,0,0,0,0,0,0,0,0,0,0,226,16665,0,0,0,0
15683.220,17655,56,0,0,0,0,0,8,466,5,45,0,0,0,0,0,0,0,0,0,0,0,0,0,0,0,0,0,0,0,0,0,0,235,16337,0,0,0,0
15698.332,15111,66,0,0,0,0,0,8,526,5,45,0,0,0,0,0,0,0,0,0,0,0,0,0,0,0,0,0,0,0,0,0,0,233,17536,0,0,0,0
15715.793,17461,57,0,0,0,0,0,8,530,5,45,0,0,0,0,0,0,0,0,0,0,0,0,0,0,0,0,0,0,0,0,0,0,201,14993,0,0,0,0
15733.220,17426,57,0,0,0,0,0,8,465,5,45,0,0,0,0,0,0,0,0,0,0,0,0,0,0,0,0,0,0,0,0,0,0,235,17573,0,0,0,0
15748.944,15724,63,0,0,0,0,0,8,488,5,45,0,0,0,0,0,0,0,0,0,0,0,0,0,0,0,0,0,0,0,0,0,0,227,17407,0,0,0,0
15765.737,16792,59,0,0,0,0,0,8,526,5,45,0,0,0,0,0,0,0,0,0,0,0,0,0,0,0,0,0,0,0,0,0,0,225,15763,0,0,0,0
15782.197,16460,60,0,0,0,0,0,8,467,5,45,0,0,0,0,0,0,0,0,0,0,0,0,0,0,0,0,0,0,0,0,0,0,221,16758,0,0,0,0
15798.972,16774,59,0,0,0,0,0,8,524,5,45,0,0,0,0,0,0,0,0,0,0,0,0,0,0,0,0,0,0,0,0,0,0,238,16461,0,0,0,0
15815.480,16508,60,0,0,0,0,0,8,528,5,45,0,0,0,0,0,0,0,0,0,0,0,0,0,0,0,0,0,0,0,0,0,0,227,16740,0,0,0,0
15832.255,16775,59,0,0,0,0,0,8,437,5,45,0,0,0,0,0,0,0,0,0,0,0,0,0,0,0,0,0,0,0,0,0,0,231,16535,0,0,0,0
15849.201,16945,59,0,0,0,0,0,8,526,5,45,0,0,0,0,0,0,0,0,0,0,0,0,0,0,0,0,0,0,0,0,0,0,216,16714,0,0,0,0
15865.729,16527,60,0,0,0,0,0,8,521,5,45,0,0,0,0,0,0,0,0,0,0,0,0,0,0,0,0,0,0,0,0,0,0,240,17052,0,0,0,0
15882.450,16721,59,0,0,0,0,0,8,465,5,45,0,0,0,0,0,0,0,0,0,0,0,0,0,0,0,0,0,0,0,0,0,0,241,16526,0,0,0,0
15898.981,16531,60,0,0,0,0,0,8,525,5,45,0,0,0,0,0,0,0,0,0,0,0,0,0,0,0,0,0,0,0,0,0,0,221,16690,0,0,0,0
15915.867,16885,59,0,0,0,0,0,8,497,5,45,0,0,0,0,0,0,0,0,0,0,0,0,0,0,0,0,0,0,0,0,0,0,214,16691,0,0,0,0
15933.209,17342,57,0,0,0,0,0,8,467,5,45,0,0,0,0,0,0,0,0,0,0,0,0,0,0,0,0,0,0,0,0,0,0,223,16695,0,0,0,0
15950.202,16992,58,0,0,0,0,0,8,542,5,45,0,0,0,0,0,0,0,0,0,0,0,0,0,0,0,0,0,0,0,0,0,0,222,17601,0,0,0,0
15965.509,15307,65,0,0,0,0,0,8,519,5,45,0,0,0,0,0,0,0,0,0,0,0,0,0,0,0,0,0,0,0,0,0,0,211,16730,0,0,0,0
15982.108,16599,60,0,0,0,0,0,8,465,5,45,0,0,0,0,0,0,0,0,0,0,0,0,0,0,0,0,0,0,0,0,0,0,232,15476,0,0,0,0
15999.211,17103,58,0,0,0,0,0,8,500,5,45,0,0,0,0,0,0,0,0,0,0,0,0,0,0,0,0,0,0,0,0,0,0,227,16464,0,0,0,0
16015.726,16514,60,0,0,0,0,0,8,524,5,45,0,0,0,0,0,0,0,0,0,0,0,0,0,0,0,0,0,0,0,0,0,0,235,17105,0,0,0,0
16033.215,17488,57,0,0,0,0,0,8,464,5,45,0,0,0,0,0,0,0,0,0,0,0,0,0,0,0,0,0,0,0,0,0,0,224,16600,0,0,0,0
16049.233,16018,62,0,0,0,0,0,8,521,5,45,0,0,0,0,0,0,0,0,0,0,0,0,0,0,0,0,0,0,0,0,0,0,247,17414,0,0,0,0
16065.799,16566,60,0,0,0,0,0,8,491,5,45,0,0,0,0,0,0,0,0,0,0,0,0,0,0,0,0,0,0,0,0,0,0,229,16042,0,0,0,0
16082.478,16678,59,0,0,0,0,0,8,470,5,45,0,0,0,0,0,0,0,0,0,0,0,0,0,0,0,0,0,0,0,0,0,0,222,16530,0,0,0,0
16098.906,16427,60,0,0,0,0,0,8,529,5,45,0,0,0,0,0,0,0,0,0,0,0,0,0,0,0,0,0,0,0,0,0,0,212,16638,0,0,0,0
16115.809,16903,59,0,0,0,0,0,8,521,5,45,0,0,0,0,0,0,0,0,0,0,0,0,0,0,0,0,0,0,0,0,0,0,237,16439,0,0,0,0
16132.341,16532,60,0,0,0,0,0,8,465,5,45,0,0,0,0,0,0,0,0,0,0,0,0,0,0,0,0,0,0,0,0,0,0,222,16899,0,0,0,0
16148.806,16465,60,0,0,0,0,0,8,494,5,45,0,0,0,0,0,0,0,0,0,0,0,0,0,0,0,0,0,0,0,0,0,0,227,16563,0,0,0,0
16165.723,16916,59,0,0,0,0,0,8,526,5,45,0,0,0,0,0,0,0,0,0,0,0,0,0,0,0,0,0,0,0,0,0,0,211,16424,0,0,0,0
16183.212,17488,57,0,0,0,0,0,8,471,5,45,0,0,0,0,0,0,0,0,0,0,0,0,0,0,0,0,0,0,0,0,0,0,220,16922,0,0,0,0
16198.712,15500,64,0,0,0,0,0,8,527,5,45,0,0,0,0,0,0,0,0,0,0,0,0,0,0,0,0,0,0,0,0,0,0,241,17537,0,0,0,0
16215.847,17135,58,0,0,0,0,0,8,530,5,45,0,0,0,0,0,0,0,0,0,0,0,0,0,0,0,0,0,0,0,0,0,0,199,15454,0,0,0,0
16232.676,16828,59,0,0,0,0,0,8,435,5,45,0,0,0,0,0,0,0,0,0,0,0,0,0,0,0,0,0,0,0,0,0,0,226,17465,0,0,0,0
16248.435,15758,63,0,0,0,0,0,8,524,5,45,0,0,0,0,0,0,0,0,0,0,0,0,0,0,0,0,0,0,0,0,0,0,269,16516,0,0,0,0
16265.538,17103,58,0,0,0,0,0,8,525,5,45,0,0,0,0,0,0,0,0,0,0,0,0,0,0,0,0,0,0,0,0,0,0,224,15710,0,0,0,0
16283.270,17731,56,0,0,0,0,0,8,470,5,45,0,0,0,0,0,0,0,0,0,0,0,0,0,0,0,0,0,0,0,0,0,0,230,17120,0,0,0,0
16298.942,15671,63,0,0,0,0,0,8,522,5,45,0,0,0,0,0,0,0,0,0,0,0,0,0,0,0,0,0,0,0,0,0,0,213,17667,0,0,0,0
16315.463,16521,60,0,0,0,0,0,8,501,5,45,0,0,0,0,0,0,0,0,0,0,0,0,0,0,0,0,0,0,0,0,0,0,226,15653,0,0,0,0
16332.074,16611,60,0,0,0,0,0,8,461,5,45,0,0,0,0,0,0,0,0,0,0,0,0,0,0,0,0,0,0,0,0,0,0,228,16638,0,0,0,0
16349.719,17644,56,0,0,0,0,0,8,534,5,45,0,0,0,0,0,0,0,0,0,0,0,0,0,0,0,0,0,0,0,0,0,0,228,16573,0,0,0,0
16365.464,15744,63,0,0,0,0,0,8,525,5,45,0,0,0,0,0,0,0,0,0,0,0,0,0,0,0,0,0,0,0,0,0,0,234,17661,0,0,0,0
16382.531,17057,58,0,0,0,0,0,8,465,5,45,0,0,0,0,0,0,0,0,0,0,0,0,0,0,0,0,0,0,0,0,0,0,227,15780,0,0,0,0
16398.823,16302,61,0,0,0,0,0,8,493,5,45,0,0,0,0,0,0,0,0,0,0,0,0,0,0,0,0,0,0,0,0,0,0,235,17076,0,0,0,0
16415.709,16886,59,0,0,0,0,0,8,530,5,45,0,0,0,0,0,0,0,0,0,0,0,0,0,0,0,0,0,0,0,0,0,0,230,16251,0,0,0,0
16432.143,16433,60,0,0,0,0,0,8,465,5,45,0,0,0,0,0,0,0,0,0,0,0,0,0,0,0,0,0,0,0,0,0,0,233,16931,0,0,0,0
16448.459,16316,61,0,0,0,0,0,8,525,5,45,0,0,0,0,0,0,0,0,0,0,0,0,0,0,0,0,0,0,0,0,0,0,247,16481,0,0,0,0
16465.732,17273,57,0,0,0,0,0,8,494,5,45,0,0,0,0,0,0,0,0,0,0,0,0,0,0,0,0,0,0,0,0,0,0,225,16169,0,0,0,0
16482.333,16601,60,0,0,0,0,0,8,465,5,45,0,0,0,0,0,0,0,0,0,0,0,0,0,0,0,0,0,0,0,0,0,0,249,17347,0,0,0,0
16498.965,16631,60,0,0,0,0,0,8,524,5,45,0,0,0,0,0,0,0,0,0,0,0,0,0,0,0,0,0,0,0,0,0,0,225,16610,0,0,0,0
16515.774,16808,59,0,0,0,0,0,8,526,5,45,0,0,0,0,0,0,0,0,0,0,0,0,0,0,0,0,0,0,0,0,0,0,229,16600,0,0,0,0
16532.117,16343,61,0,0,0,0,0,8,462,5,45,0,0,0,0,0,0,0,0,0,0,0,0,0,0,0,0,0,0,0,0,0,0,215,16825,0,0,0,0
16548.831,16713,59,0,0,0,0,0,8,491,5,45,0,0,0,0,0,0,0,0,0,0,0,0,0,0,0,0,0,0,0,0,0,0,226,16365,0,0,0,0
16565.720,16888,59,0,0,0,0,0,8,526,5,45,0,0,0,0,0,0,0,0,0,0,0,0,0,0,0,0,0,0,0,0,0,0,231,17006,0,0,0,0
16582.542,16821,59,0,0,0,0,0,8,466,5,45,0,0,0,0,0,0,0,0,0,0,0,0,0,0,0,0,0,0,0,0,0,0,208,16476,0,0,0,0
16599.335,16793,59,0,0,0,0,0,8,528,5,45,0,0,0,0,0,0,0,0,0,0,0,0,0,0,0,0,0,0,0,0,0,0,213,16937,0,0,0,0
16615.844,16508,60,0,0,0,0,0,8,526,5,45,0,0,0,0,0,0,0,0,0,0,0,0,0,0,0,0,0,0,0,0,0,0,223,16775,0,0,0,0
16633.212,17367,57,0,0,0,0,0,8,434,5,45,0,0,0,0,0,0,0,0,0,0,0,0,0,0,0,0,0,0,0,0,0,0,244,16525,0,0,0,0
16648.867,15655,63,0,0,0,0,0,8,521,5,45,0,0,0,0,0,0,0,0,0,0,0,0,0,0,0,0,0,0,0,0,0,0,277,17562,0,0,0,0
16665.803,16936,59,0,0,0,0,0,8,525,5,45,0,0,0,0,0,0,0,0,0,0,0,0,0,0,0,0,0,0,0,0,0,0,260,15415,0,0,0,0
16683.244,17441,57,0,0,0,0,0,8,470,5,45,0,0,0,0,0,0,0,0,0,0,0,0,0,0,0,0,0,0,0,0,0,0,230,16982,0,0,0,0
16698.823,15579,64,0,0,0,0,0,8,522,5,45,0,0,0,0,0,0,0,0,0,0,0,0,0,0,0,0,0,0,0,0,0,0,222,17354,0,0,0,0
16715.740,16916,59,0,0,0,0,0,8,493,5,45,0,0,0,0,0,0,0,0,0,0,0,0,0,0,0,0,0,0,0,0,0,0,234,15586,0,0,0,0
16733.203,17462,57,0,0,0,0,0,8,466,5,45,0,0,0,0,0,0,0,0,0,0,0,0,0,0,0,0,0,0,0,0,0,0,225,16994,0,0,0,0
16748.950,15747,63,0,0,0,0,0,8,521,5,45,0,0,0,0,0,0,0,0,0,0,0,0,0,0,0,0,0,0,0,0,0,0,237,17462,0,0,0,0
16765.723,16773,59,0,0,0,0,0,8,524,5,45,0,0,0,0,0,0,0,0,0,0,0,0,0,0,0,0,0,0,0,0,0,0,214,15698,0,0,0,0
16782.259,16535,60,0,0,0,0,0,8,466,5,45,0,0,0,0,0,0,0,0,0,0,0,0,0,0,0,0,0,0,0,0,0,0,228,16798,0,0,0,0
16798.716,16456,60,0,0,0,0,0,8,498,5,45,0,0,0,0,0,0,0,0,0,0,0,0,0,0,0,0,0,0,0,0,0,0,219,16558,0,0,0,0
16815.801,17084,58,0,0,0,0,0,8,525,5,45,0,0,0,0,0,0,0,0,0,0,0,0,0,0,0,0,0,0,0,0,0,0,232,16471,0,0,0,0
16832.359,16559,60,0,0,0,0,0,8,460,5,45,0,0,0,0,0,0,0,0,0,0,0,0,0,0,0,0,0,0,0,0,0,0,257,17477,0,0,0,0
16849.201,16841,59,0,0,0,0,0,8,530,5,45,0,0,0,0,0,0,0,0,0,0,0,0,0,0,0,0,0,0,0,0,0,0,204,16092,0,0,0,0
16865.562,16361,61,0,0,0,0,0,8,488,5,45,0,0,0,0,0,0,0,0,0,0,0,0,0,0,0,0,0,0,0,0,0,0,226,16885,0,0,0,0
16882.424,16862,59,0,0,0,0,0,8,469,5,45,0,0,0,0,0,0,0,0,0,0,0,0,0,0,0,0,0,0,0,0,0,0,225,16341,0,0,0,0
16899.195,16771,59,0,0,0,0,0,8,529,5,45,0,0,0,0,0,0,0,0,0,0,0,0,0,0,0,0,0,0,0,0,0,0,221,16881,0,0,0,0
16915.818,16622,60,0,0,0,0,0,8,523,5,45,0,0,0,0,0,0,0,0,0,0,0,0,0,0,0,0,0,0,0,0,0,0,223,16804,0,0,0,0
16933.200,17382,57,0,0,0,0,0,8,471,5,45,0,0,0,0,0,0,0,0,0,0,0,0,0,0,0,0,0,0,0,0,0,0,216,16592,0,0,0,0
16948.702,15502,64,0,0,0,0,0,8,496,5,45,0,0,0,0,0,0,0,0,0,0,0,0,0,0,0,0,0,0,0,0,0,0,232,17400,0,0,0,0
16966.191,17489,57,0,0,0,0,0,8,536,5,45,0,0,0,0,0,0,0,0,0,0,0,0,0,0,0,0,0,0,0,0,0,0,216,15418,0,0,0,0
16982.525,16334,61,0,0,0,0,0,8,458,5,45,0,0,0,0,0,0,0,0,0,0,0,0,0,0,0,0,0,0,0,0,0,0,256,17602,0,0,0,0
16998.955,16429,60,0,0,0,0,0,8,526,5,45,0,0,0,0,0,0,0,0,0,0,0,0,0,0,0,0,0,0,0,0,0,0,206,16179,0,0,0,0
17015.565,16610,60,0,0,0,0,0,8,530,5,45,0,0,0,0,0,0,0,0,0,0,0,0,0,0,0,0,0,0,0,0,0,0,231,16518,0,0,0,0
17032.508,16943,59,0,0,0,0,0,8,432,5,45,0,0,0,0,0,0,0,0,0,0,0,0,0,0,0,0,0,0,0,0,0,0,238,16684,0,0,0,0
17048.470,15961,62,0,0,0,0,0,8,526,5,45,0,0,0,0,0,0,0,0,0,0,0,0,0,0,0,0,0,0,0,0,0,0,229,16816,0,0,0,0
17065.965,17495,57,0,0,0,0,0,8,530,5,45,0,0,0,0,0,0,0,0,0,0,0,0,0,0,0,0,0,0,0,0,0,0,245,16060,0,0,0,0
17083.205,17239,58,0,0,0,0,0,8,464,5,45,0,0,0,0,0,0,0,0,0,0,0,0,0,0,0,0,0,0,0,0,0,0,215,17605,0,0,0,0
17098.811,15605,64,0,0,0,0,0,8,525,5,45,0,0,0,0,0,0,0,0,0,0,0,0,0,0,0,0,0,0,0,0,0,0,219,17038,0,0,0,0
17115.770,16959,58,0,0,0,0,0,8,500,5,45,0,0,0,0,0,0,0,0,0,0,0,0,0,0,0,0,0,0,0,0,0,0,216,15567,0,0,0,0
17132.414,16644,60,0,0,0,0,0,8,460,5,45,0,0,0,0,0,0,0,0,0,0,0,0,0,0,0,0,0,0,0,0,0,0,250,17088,0,0,0,0
17148.799,16385,61,0,0,0,0,0,8,525,5,45,0,0,0,0,0,0,0,0,0,0,0,0,0,0,0,0,0,0,0,0,0,0,208,16567,0,0,0,0
17165.699,16899,59,0,0,0,0,0,8,524,5,45,0,0,0,0,0,0,0,0,0,0,0,0,0,0,0,0,0,0,0,0,0,0,235,16422,0,0,0,0
17181.745,16045,62,0,0,0,0,0,8,457,5,45,0,0,0,0,0,0,0,0,0,0,0,0,0,0,0,0,0,0,0,0,0,0,212,16925,0,0,0,0
17198.944,17199,58,0,0,0,0,0,8,496,5,45,0,0,0,0,0,0,0,0,0,0,0,0,0,0,0,0,0,0,0,0,0,0,226,16014,0,0,0,0
17215.711,16756,59,0,0,0,0,0,8,524,5,45,0,0,0,0,0,0,0,0,0,0,0,0,0,0,0,0,0,0,0,0,0,0,225,17416,0,0,0,0
17232.725,17025,58,0,0,0,0,0,8,468,5,45,0,0,0,0,0,0,0,0,0,0,0,0,0,0,0,0,0,0,0,0,0,0,222,16606,0,0,0,0
17249.351,16625,60,0,0,0,0,0,8,528,5,45,0,0,0,0,0,0,0,0,0,0,0,0,0,0,0,0,0,0,0,0,0,0,257,17023,0,0,0,0
17265.214,15862,63,0,0,0,0,0,8,490,5,45,0,0,0,0,0,0,0,0,0,0,0,0,0,0,0,0,0,0,0,0,0,0,210,16584,0,0,0,0
17282.421,17207,58,0,0,0,0,0,8,469,5,45,0,0,0,0,0,0,0,0,0,0,0,0,0,0,0,0,0,0,0,0,0,0,227,15800,0,0,0,0
17298.487,16065,62,0,0,0,0,0,8,526,5,45,0,0,0,0,0,0,0,0,0,0,0,0,0,0,0,0,0,0,0,0,0,0,234,17267,0,0,0,0
17315.720,17232,58,0,0,0,0,0,8,526,5,45,0,0,0,0,0,0,0,0,0,0,0,0,0,0,0,0,0,0,0,0,0,0,220,16054,0,0,0,0
17332.330,16610,60,0,0,0,0,0,8,466,5,45,0,0,0,0,0,0,0,0,0,0,0,0,0,0,0,0,0,0,0,0,0,0,234,17220,0,0,0,0
17349.328,16998,58,0,0,0,0,0,8,498,5,45,0,0,0,0,0,0,0,0,0,0,0,0,0,0,0,0,0,0,0,0,0,0,216,16574,0,0,0,0
17365.446,16118,62,0,0,0,0,0,8,529,5,45,0,0,0,0,0,0,0,0,0,0,0,0,0,0,0,0,0,0,0,0,0,0,225,17051,0,0,0,0
17382.183,16736,59,0,0,0,0,0,8,471,5,45,0,0,0,0,0,0,0,0,0,0,0,0,0,0,0,0,0,0,0,0,0,0,239,16106,0,0,0,0
17398.878,16694,59,0,0,0,0,0,8,525,5,45,0,0,0,0,0,0,0,0,0,0,0,0,0,0,0,0,0,0,0,0,0,0,234,16777,0,0,0,0
17416.198,17320,57,0,0,0,0,0,8,526,5,45,0,0,0,0,0,0,0,0,0,0,0,0,0,0,0,0,0,0,0,0,0,0,230,16649,0,0,0,0
17433.199,17001,58,0,0,0,0,0,8,440,5,45,0,0,0,0,0,0,0,0,0,0,0,0,0,0,0,0,0,0,0,0,0,0,232,17326,0,0,0,0
17448.425,15225,65,0,0,0,0,0,8,523,5,45,0,0,0,0,0,0,0,0,0,0,0,0,0,0,0,0,0,0,0,0,0,0,245,17074,0,0,0,0
17465.733,17307,57,0,0,0,0,0,8,528,5,45,0,0,0,0,0,0,0,0,0,0,0,0,0,0,0,0,0,0,0,0,0,0,242,15169,0,0,0,0
17483.191,17458,57,0,0,0,0,0,8,465,5,45,0,0,0,0,0,0,0,0,0,0,0,0,0,0,0,0,0,0,0,0,0,0,200,17202,0,0,0,0
17498.815,15624,64,0,0,0,0,0,8,521,5,45,0,0,0,0,0,0,0,0,0,0,0,0,0,0,0,0,0,0,0,0,0,0,239,17578,0,0,0,0
17515.759,16944,59,0,0,0,0,0,8,497,5,45,0,0,0,0,0,0,0,0,0,0,0,0,0,0,0,0,0,0,0,0,0,0,236,15703,0,0,0,0
17533.189,17429,57,0,0,0,0,0,8,468,5,45,0,0,0,0,0,0,0,0,0,0,0,0,0,0,0,0,0,0,0,0,0,0,222,16840,0,0,0,0
17548.981,15791,63,0,0,0,0,0,8,527,5,45,0,0,0,0,0,0,0,0,0,0,0,0,0,0,0,0,0,0,0,0,0,0,240,17453,0,0,0,0
17565.701,16720,59,0,0,0,0,0,8,525,5,45,0,0,0,0,0,0,0,0,0,0,0,0,0,0,0,0,0,0,0,0,0,0,210,15659,0,0,0,0
17582.058,16356,61,0,0,0,0,0,8,462,5,45,0,0,0,0,0,0,0,0,0,0,0,0,0,0,0,0,0,0,0,0,0,0,225,16844,0,0,0,0
17598.730,16672,59,0,0,0,0,0,8,492,5,45,0,0,0,0,0,0,0,0,0,0,0,0,0,0,0,0,0,0,0,0,0,0,216,16442,0,0,0,0
17615.717,16987,58,0,0,0,0,0,8,526,5,45,0,0,0,0,0,0,0,0,0,0,0,0,0,0,0,0,0,0,0,0,0,0,218,16572,0,0,0,0
17633.193,17475,57,0,0,0,0,0,8,470,5,45,0,0,0,0,0,0,0,0,0,0,0,0,0,0,0,0,0,0,0,0,0,0,220,16973,0,0,0,0
17648.817,15624,64,0,0,0,0,0,8,524,5,45,0,0,0,0,0,0,0,0,0,0,0,0,0,0,0,0,0,0,0,0,0,0,244,17529,0,0,0,0
17665.912,17095,58,0,0,0,0,0,8,496,5,45,0,0,0,0,0,0,0,0,0,0,0,0,0,0,0,0,0,0,0,0,0,0,212,15535,0,0,0,0
17682.550,16638,60,0,0,0,0,0,8,465,5,45,0,0,0,0,0,0,0,0,0,0,0,0,0,0,0,0,0,0,0,0,0,0,243,17128,0,0,0,0
17698.874,16323,61,0,0,0,0,0,8,527,5,45,0,0,0,0,0,0,0,0,0,0,0,0,0,0,0,0,0,0,0,0,0,0,228,16653,0,0,0,0
17716.185,17311,57,0,0,0,0,0,8,531,5,45,0,0,0,0,0,0,0,0,0,0,0,0,0,0,0,0,0,0,0,0,0,0,232,16309,0,0,0,0
17733.200,17015,58,0,0,0,0,0,8,466,5,45,0,0,0,0,0,0,0,0,0,0,0,0,0,0,0,0,0,0,0,0,0,0,248,17418,0,0,0,0
17748.839,15638,63,0,0,0,0,0,8,496,5,45,0,0,0,0,0,0,0,0,0,0,0,0,0,0,0,0,0,0,0,0,0,0,223,16929,0,0,0,0
17766.198,17359,57,0,0,0,0,0,8,528,5,45,0,0,0,0,0,0,0,0,0,0,0,0,0,0,0,0,0,0,0,0,0,0,219,15635,0,0,0,0
17783.188,16989,58,0,0,0,0,0,8,465,5,45,0,0,0,0,0,0,0,0,0,0,0,0,0,0,0,0,0,0,0,0,0,0,238,17338,0,0,0,0
17798.871,15683,63,0,0,0,0,0,8,526,5,45,0,0,0,0,0,0,0,0,0,0,0,0,0,0,0,0,0,0,0,0,0,0,205,16911,0,0,0,0
17815.758,16886,59,0,0,0,0,0,8,525,5,45,0,0,0,0,0,0,0,0,0,0,0,0,0,0,0,0,0,0,0,0,0,0,213,15746,0,0,0,0
17833.190,17432,57,0,0,0,0,0,8,433,5,45,0,0,0,0,0,0,0,0,0,0,0,0,0,0,0,0,0,0,0,0,0,0,215,16940,0,0,0,0
17848.343,15153,65,0,0,0,0,0,8,521,5,45,0,0,0,0,0,0,0,0,0,0,0,0,0,0,0,0,0,0,0,0,0,0,281,17532,0,0,0,0
17865.380,17037,58,0,0,0,0,0,8,529,5,45,0,0,0,0,0,0,0,0,0,0,0,0,0,0,0,0,0,0,0,0,0,0,230,15058,0,0,0,0
17882.358,16978,58,0,0,0,0,0,8,465,5,45,0,0,0,0,0,0,0,0,0,0,0,0,0,0,0,0,0,0,0,0,0,0,223,17022,0,0,0,0
17898.826,16467,60,0,0,0,0,0,8,524,5,45,0,0,0,0,0,0,0,0,0,0,0,0,0,0,0,0,0,0,0,0,0,0,222,16972,0,0,0,0
17915.188,16362,61,0,0,0,0,0,8,495,5,45,0,0,0,0,0,0,0,0,0,0,0,0,0,0,0,0,0,0,0,0,0,0,238,16442,0,0,0,0
17932.716,17527,57,0,0,0,0,0,8,461,5,45,0,0,0,0,0,0,0,0,0,0,0,0,0,0,0,0,0,0,0,0,0,0,236,16402,0,0,0,0
17949.323,16606,60,0,0,0,0,0,8,549,5,45,0,0,0,0,0,0,0,0,0,0,0,0,0,0,0,0,0,0,0,0,0,0,234,17647,0,0,0,0
17965.764,16441,60,0,0,0,0,0,8,521,5,45,0,0,0,0,0,0,0,0,0,0,0,0,0,0,0,0,0,0,0,0,0,0,220,16476,0,0,0,0
17982.388,16624,60,0,0,0,0,0,8,467,5,45,0,0,0,0,0,0,0,0,0,0,0,0,0,0,0,0,0,0,0,0,0,0,222,16456,0,0,0,0
17998.784,16395,60,0,0,0,0,0,8,492,5,45,0,0,0,0,0,0,0,0,0,0,0,0,0,0,0,0,0,0,0,0,0,0,220,16607,0,0,0,0
18016.708,17924,55,0,0,0,0,0,8,525,5,45,0,0,0,0,0,0,0,0,0,0,0,0,0,0,0,0,0,0,0,0,0,0,230,16379,0,0,0,0
18033.185,16476,60,0,0,0,0,0,8,459,5,45,0,0,0,0,0,0,0,0,0,0,0,0,0,0,0,0,0,0,0,0,0,0,235,18148,0,0,0,0
18049.319,16134,61,0,0,0,0,0,8,535,5,45,0,0,0,0,0,0,0,0,0,0,0,0,0,0,0,0,0,0,0,0,0,0,251,16388,0,0,0,0
18065.732,16413,60,0,0,0,0,0,8,498,5,45,0,0,0,0,0,0,0,0,0,0,0,0,0,0,0,0,0,0,0,0,0,0,211,16107,0,0,0,0
18083.193,17460,57,0,0,0,0,0,8,470,5,45,0,0,0,0,0,0,0,0,0,0,0,0,0,0,0,0,0,0,0,0,0,0,232,16334,0,0,0,0
18098.906,15712,63,0,0,0,0,0,8,529,5,45,0,0,0,0,0,0,0,0,0,0,0,0,0,0,0,0,0,0,0,0,0,0,238,17471,0,0,0,0
18115.700,16794,59,0,0,0,0,0,8,530,5,45,0,0,0,0,0,0,0,0,0,0,0,0,0,0,0,0,0,0,0,0,0,0,218,15556,0,0,0,0
18132.102,16401,60,0,0,0,0,0,8,466,5,45,0,0,0,0,0,0,0,0,0,0,0,0,0,0,0,0,0,0,0,0,0,0,235,16949,0,0,0,0
18148.803,16700,59,0,0,0,0,0,8,492,5,45,0,0,0,0,0,0,0,0,0,0,0,0,0,0,0,0,0,0,0,0,0,0,237,16403,0,0,0,0
18165.691,16888,59,0,0,0,0,0,8,528,5,45,0,0,0,0,0,0,0,0,0,0,0,0,0,0,0,0,0,0,0,0,0,0,221,16654,0,0,0,0
18182.243,16551,60,0,0,0,0,0,8,461,5,45,0,0,0,0,0,0,0,0,0,0,0,0,0,0,0,0,0,0,0,0,0,0,221,16924,0,0,0,0
18198.924,16680,59,0,0,0,0,0,8,527,5,45,0,0,0,0,0,0,0,0,0,0,0,0,0,0,0,0,0,0,0,0,0,0,223,16547,0,0,0,0
18215.715,16791,59,0,0,0,0,0,8,523,5,45,0,0,0,0,0,0,0,0,0,0,0,0,0,0,0,0,0,0,0,0,0,0,226,16668,0,0,0,0
18232.216,16501,60,0,0,0,0,0,8,431,5,45,0,0,0,0,0,0,0,0,0,0,0,0,0,0,0,0,0,0,0,0,0,0,214,16811,0,0,0,0
18248.824,16607,60,0,0,0,0,0,8,528,5,45,0,0,0,0,0,0,0,0,0,0,0,0,0,0,0,0,0,0,0,0,0,0,233,16504,0,0,0,0
18265.782,16958,58,0,0,0,0,0,8,530,5,45,0,0,0,0,0,0,0,0,0,0,0,0,0,0,0,0,0,0,0,0,0,0,235,16615,0,0,0,0
18282.714,16931,59,0,0,0,0,0,8,458,5,45,0,0,0,0,0,0,0,0,0,0,0,0,0,0,0,0,0,0,0,0,0,0,307,17112,0,0,0,0
18298.988,16274,61,0,0,0,0,0,8,526,5,45,0,0,0,0,0,0,0,0,0,0,0,0,0,0,0,0,0,0,0,0,0,0,221,16736,0,0,0,0
18316.345,17356,57,0,0,0,0,0,8,494,5,45,0,0,0,0,0,0,0,0,0,0,0,0,0,0,0,0,0,0,0,0,0,0,212,16151,0,0,0,0
18332.536,16190,61,0,0,0,0,0,8,467,5,45,0,0,0,0,0,0,0,0,0,0,0,0,0,0,0,0,0,0,0,0,0,0,242,17813,0,0,0,0
18348.955,16419,60,0,0,0,0,0,8,530,5,45,0,0,0,0,0,0,0,0,0,0,0,0,0,0,0,0,0,0,0,0,0,0,226,15876,0,0,0,0
18365.685,16730,59,0,0,0,0,0,8,530,5,45,0,0,0,0,0,0,0,0,0,0,0,0,0,0,0,0,0,0,0,0,0,0,221,16392,0,0,0,0
18383.184,17498,57,0,0,0,0,0,8,465,5,45,0,0,0,0,0,0,0,0,0,0,0,0,0,0,0,0,0,0,0,0,0,0,231,16771,0,0,0,0
18399.315,16130,61,0,0,0,0,0,8,495,5,45,0,0,0,0,0,0,0,0,0,0,0,0,0,0,0,0,0,0,0,0,0,0,240,17571,0,0,0,0
18415.410,16095,62,0,0,0,0,0,8,524,5,45,0,0,0,0,0,0,0,0,0,0,0,0,0,0,0,0,0,0,0,0,0,0,221,16034,0,0,0,0
18432.364,16954,58,0,0,0,0,0,8,465,5,45,0,0,0,0,0,0,0,0,0,0,0,0,0,0,0,0,0,0,0,0,0,0,224,16072,0,0,0,0
18448.930,16565,60,0,0,0,0,0,8,522,5,45,0,0,0,0,0,0,0,0,0,0,0,0,0,0,0,0,0,0,0,0,0,0,256,17053,0,0,0,0
18465.461,16531,60,0,0,0,0,0,8,496,5,45,0,0,0,0,0,0,0,0,0,0,0,0,0,0,0,0,0,0,0,0,0,0,233,16489,0,0,0,0
18483.180,17719,56,0,0,0,0,0,8,462,5,45,0,0,0,0,0,0,0,0,0,0,0,0,0,0,0,0,0,0,0,0,0,0,233,16522,0,0,0,0
18498.711,15530,64,0,0,0,0,0,8,525,5,45,0,0,0,0,0,0,0,0,0,0,0,0,0,0,0,0,0,0,0,0,0,0,218,17745,0,0,0,0
18515.697,16985,58,0,0,0,0,0,8,528,5,45,0,0,0,0,0,0,0,0,0,0,0,0,0,0,0,0,0,0,0,0,0,0,227,15491,0,0,0,0
18533.186,17489,57,0,0,0,0,0,8,466,5,45,0,0,0,0,0,0,0,0,0,0,0,0,0,0,0,0,0,0,0,0,0,0,215,16908,0,0,0,0
18548.310,15123,66,0,0,0,0,0,8,494,5,45,0,0,0,0,0,0,0,0,0,0,0,0,0,0,0,0,0,0,0,0,0,0,223,17594,0,0,0,0
18565.745,17435,57,0,0,0,0,0,8,529,5,45,0,0,0,0,0,0,0,0,0,0,0,0,0,0,0,0,0,0,0,0,0,0,209,15028,0,0,0,0
18582.231,16485,60,0,0,0,0,0,8,462,5,45,0,0,0,0,0,0,0,0,0,0,0,0,0,0,0,0,0,0,0,0,0,0,236,17519,0,0,0,0
18599.327,17095,58,0,0,0,0,0,8,537,5,45,0,0,0,0,0,0,0,0,0,0,0,0,0,0,0,0,0,0,0,0,0,0,223,16443,0,0,0,0
18615.835,16508,60,0,0,0,0,0,8,521,5,45,0,0,0,0,0,0,0,0,0,0,0,0,0,0,0,0,0,0,0,0,0,0,224,17162,0,0,0,0
18632.201,16366,61,0,0,0,0,0,8,432,5,45,0,0,0,0,0,0,0,0,0,0,0,0,0,0,0,0,0,0,0,0,0,0,230,16480,0,0,0,0
18648.793,16591,60,0,0,0,0,0,8,524,5,45,0,0,0,0,0,0,0,0,0,0,0,0,0,0,0,0,0,0,0,0,0,0,216,16363,0,0,0,0
18665.773,16980,58,0,0,0,0,0,8,525,5,45,0,0,0,0,0,0,0,0,0,0,0,0,0,0,0,0,0,0,0,0,0,0,253,16667,0,0,0,0
18682.800,17027,58,0,0,0,0,0,8,466,5,45,0,0,0,0,0,0,0,0,0,0,0,0,0,0,0,0,0,0,0,0,0,0,222,16911,0,0,0,0
18698.965,16165,61,0,0,0,0,0,8,524,5,45,0,0,0,0,0,0,0,0,0,0,0,0,0,0,0,0,0,0,0,0,0,0,231,17036,0,0,0,0
18715.786,16820,59,0,0,0,0,0,8,500,5,45,0,0,0,0,0,0,0,0,0,0,0,0,0,0,0,0,0,0,0,0,0,0,212,16024,0,0,0,0
18731.895,16108,62,0,0,0,0,0,8,462,5,45,0,0,0,0,0,0,0,0,0,0,0,0,0,0,0,0,0,0,0,0,0,0,247,16970,0,0,0,0
18749.696,17801,56,0,0,0,0,0,8,529,5,45,0,0,0,0,0,0,0,0,0,0,0,0,0,0,0,0,0,0,0,0,0,0,228,15987,0,0,0,0
18766.406,16710,59,0,0,0,0,0,8,526,5,45,0,0,0,0,0,0,0,0,0,0,0,0,0,0,0,0,0,0,0,0,0,0,237,17894,0,0,0,0
18782.841,16434,60,0,0,0,0,0,8,465,5,45,0,0,0,0,0,0,0,0,0,0,0,0,0,0,0,0,0,0,0,0,0,0,224,16694,0,0,0,0
18798.786,15945,62,0,0,0,0,0,8,490,5,45,0,0,0,0,0,0,0,0,0,0,0,0,0,0,0,0,0,0,0,0,0,0,234,16486,0,0,0,0
18815.693,16906,59,0,0,0,0,0,8,530,5,45,0,0,0,0,0,0,0,0,0,0,0,0,0,0,0,0,0,0,0,0,0,0,223,15892,0,0,0,0
18832.028,16335,61,0,0,0,0,0,8,465,5,45,0,0,0,0,0,0,0,0,0,0,0,0,0,0,0,0,0,0,0,0,0,0,232,16943,0,0,0,0
18848.842,16813,59,0,0,0,0,0,8,526,5,45,0,0,0,0,0,0,0,0,0,0,0,0,0,0,0,0,0,0,0,0,0,0,236,16500,0,0,0,0
18866.177,17335,57,0,0,0,0,0,8,502,5,45,0,0,0,0,0,0,0,0,0,0,0,0,0,0,0,0,0,0,0,0,0,0,249,16612,0,0,0,0
18882.061,15884,62,0,0,0,0,0,8,455,5,45,0,0,0,0,0,0,0,0,0,0,0,0,0,0,0,0,0,0,0,0,0,0,231,17452,0,0,0,0
18899.176,17114,58,0,0,0,0,0,8,533,5,45,0,0,0,0,0,0,0,0,0,0,0,0,0,0,0,0,0,0,0,0,0,0,213,15702,0,0,0,0
18915.753,16577,60,0,0,0,0,0,8,525,5,45,0,0,0,0,0,0,0,0,0,0,0,0,0,0,0,0,0,0,0,0,0,0,231,17258,0,0,0,0
18933.187,17433,57,0,0,0,0,0,8,466,5,45,0,0,0,0,0,0,0,0,0,0,0,0,0,0,0,0,0,0,0,0,0,0,227,16557,0,0,0,0
18948.852,15665,63,0,0,0,0,0,8,488,5,45,0,0,0,0,0,0,0,0,0,0,0,0,0,0,0,0,0,0,0,0,0,0,233,17421,0,0,0,0
18965.749,16896,59,0,0,0,0,0,8,525,5,45,0,0,0,0,0,0,0,0,0,0,0,0,0,0,0,0,0,0,0,0,0,0,219,15941,0,0,0,0
18983.186,17437,57,0,0,0,0,0,8,466,5,45,0,0,0,0,0,0,0,0,0,0,0,0,0,0,0,0,0,0,0,0,0,0,220,16608,0,0,0,0
18999.200,16014,62,0,0,0,0,0,8,524,5,45,0,0,0,0,0,0,0,0,0,0,0,0,0,0,0,0,0,0,0,0,0,0,230,17363,0,0,0,0
19015.686,16485,60,0,0,0,0,0,8,529,5,45,0,0,0,0,0,0,0,0,0,0,0,0,0,0,0,0,0,0,0,0,0,0,225,16069,0,0,0,0
19033.338,17652,56,0,0,0,0,0,8,475,5,45,0,0,0,0,0,0,0,0,0,0,0,0,0,0,0,0,0,0,0,0,0,0,223,16515,0,0,0,0
19048.961,15623,64,0,0,0,0,0,8,481,5,45,0,0,0,0,0,0,0,0,0,0,0,0,0,0,0,0,0,0,0,0,0,0,212,18390,0,0,0,0
19065.694,16732,59,0,0,0,0,0,8,525,5,45,0,0,0,0,0,0,0,0,0,0,0,0,0,0,0,0,0,0,0,0,0,0,207,14793,0,0,0,0
19083.183,17489,57,0,0,0,0,0,8,464,5,45,0,0,0,0,0,0,0,0,0,0,0,0,0,0,0,0,0,0,0,0,0,0,242,16800,0,0,0,0
19098.896,15712,63,0,0,0,0,0,8,522,5,45,0,0,0,0,0,0,0,0,0,0,0,0,0,0,0,0,0,0,0,0,0,0,242,17600,0,0,0,0
19115.742,16846,59,0,0,0,0,0,8,496,5,45,0,0,0,0,0,0,0,0,0,0,0,0,0,0,0,0,0,0,0,0,0,0,225,15586,0,0,0,0
19132.370,16627,60,0,0,0,0,0,8,463,5,45,0,0,0,0,0,0,0,0,0,0,0,0,0,0,0,0,0,0,0,0,0,0,218,16781,0,0,0,0
19148.893,16523,60,0,0,0,0,0,8,529,5,45,0,0,0,0,0,0,0,0,0,0,0,0,0,0,0,0,0,0,0,0,0,0,225,16691,0,0,0,0
19165.569,16676,59,0,0,0,0,0,8,529,5,45,0,0,0,0,0,0,0,0,0,0,0,0,0,0,0,0,0,0,0,0,0,0,227,16523,0,0,0,0
19182.381,16802,59,0,0,0,0,0,8,467,5,45,0,0,0,0,0,0,0,0,0,0,0,0,0,0,0,0,0,0,0,0,0,0,244,16728,0,0,0,0
19198.931,16559,60,0,0,0,0,0,8,496,5,45,0,0,0,0,0,0,0,0,0,0,0,0,0,0,0,0,0,0,0,0,0,0,224,16798,0,0,0,0
19215.739,16808,59,0,0,0,0,0,8,525,5,45,0,0,0,0,0,0,0,0,0,0,0,0,0,0,0,0,0,0,0,0,0,0,232,16510,0,0,0,0
19233.172,17432,57,0,0,0,0,0,8,461,5,45,0,0,0,0,0,0,0,0,0,0,0,0,0,0,0,0,0,0,0,0,0,0,231,16903,0,0,0,0
19249.185,16012,62,0,0,0,0,0,8,529,5,45,0,0,0,0,0,0,0,0,0,0,0,0,0,0,0,0,0,0,0,0,0,0,235,17396,0,0,0,0
19265.685,16500,60,0,0,0,0,0,8,491,5,45,0,0,0,0,0,0,0,0,0,0,0,0,0,0,0,0,0,0,0,0,0,0,227,15995,0,0,0,0
19283.181,17496,57,0,0,0,0,0,8,466,5,45,0,0,0,0,0,0,0,0,0,0,0,0,0,0,0,0,0,0,0,0,0,0,226,16475,0,0,0,0
19299.212,16030,62,0,0,0,0,0,8,524,5,45,0,0,0,0,0,0,0,0,0,0,0,0,0,0,0,0,0,0,0,0,0,0,226,17511,0,0,0,0
19316.171,16958,58,0,0,0,0,0,8,526,5,45,0,0,0,0,0,0,0,0,0,0,0,0,0,0,0,0,0,0,0,0,0,0,225,16464,0,0,0,0
19333.183,17012,58,0,0,0,0,0,8,462,5,45,0,0,0,0,0,0,0,0,0,0,0,0,0,0,0,0,0,0,0,0,0,0,227,15506,0,0,0,0
19348.934,15750,63,0,0,0,0,0,8,496,5,45,0,0,0,0,0,0,0,0,0,0,0,0,0,0,0,0,0,0,0,0,0,0,233,18033,0,0,0,0
19365.693,16759,59,0,0,0,0,0,8,526,5,45,0,0,0,0,0,0,0,0,0,0,0,0,0,0,0,0,0,0,0,0,0,0,200,15674,0,0,0,0
19382.657,16964,58,0,0,0,0,0,8,469,5,45,0,0,0,0,0,0,0,0,0,0,0,0,0,0,0,0,0,0,0,0,0,0,227,16806,0,0,0,0
19399.215,16558,60,0,0,0,0,0,8,527,5,45,0,0,0,0,0,0,0,0,0,0,0,0,0,0,0,0,0,0,0,0,0,0,278,17504,0,0,0,0
19415.838,16622,60,0,0,0,0,0,8,526,5,45,0,0,0,0,0,0,0,0,0,0,0,0,0,0,0,0,0,0,0,0,0,0,200,15992,0,0,0,0
19433.178,17340,57,0,0,0,0,0,8,437,5,45,0,0,0,0,0,0,0,0,0,0,0,0,0,0,0,0,0,0,0,0,0,0,214,16596,0,0,0,0
19448.920,15741,63,0,0,0,0,0,8,525,5,45,0,0,0,0,0,0,0,0,0,0,0,0,0,0,0,0,0,0,0,0,0,0,226,17419,0,0,0,0
19465.688,16768,59,0,0,0,0,0,8,522,5,45,0,0,0,0,0,0,0,0,0,0,0,0,0,0,0,0,0,0,0,0,0,0,220,15719,0,0,0,0
19482.368,16680,59,0,0,0,0,0,8,464,5,45,0,0,0,0,0,0,0,0,0,0,0,0,0,0,0,0,0,0,0,0,0,0,220,16816,0,0,0,0
19498.862,16493,60,0,0,0,0,0,8,529,5,45,0,0,0,0,0,0,0,0,0,0,0,0,0,0,0,0,0,0,0,0,0,0,225,16630,0,0,0,0
19515.690,16827,59,0,0,0,0,0,8,498,5,45,0,0,0,0,0,0,0,0,0,0,0,0,0,0,0,0,0,0,0,0,0,0,234,16488,0,0,0,0
19533.177,17487,57,0,0,0,0,0,8,469,5,45,0,0,0,0,0,0,0,0,0,0,0,0,0,0,0,0,0,0,0,0,0,0,236,16902,0,0,0,0
19548.500,15322,65,0,0,0,0,0,8,525,5,45,0,0,0,0,0,0,0,0,0,0,0,0,0,0,0,0,0,0,0,0,0,0,222,17451,0,0,0,0
19565.179,16678,59,0,0,0,0,0,8,525,5,45,0,0,0,0,0,0,0,0,0,0,0,0,0,0,0,0,0,0,0,0,0,0,225,15291,0,0,0,0
19583.177,17998,55,0,0,0,0,0,8,470,5,45,0,0,0,0,0,0,0,0,0,0,0,0,0,0,0,0,0,0,0,0,0,0,235,16701,0,0,0,0
19598.961,15783,63,0,0,0,0,0,8,488,5,45,0,0,0,0,0,0,0,0,0,0,0,0,0,0,0,0,0,0,0,0,0,0,261,18035,0,0,0,0
19615.712,16750,59,0,0,0,0,0,8,520,5,45,0,0,0,0,0,0,0,0,0,0,0,0,0,0,0,0,0,0,0,0,0,0,236,15865,0,0,0,0
19633.181,17469,57,0,0,0,0,0,8,469,5,45,0,0,0,0,0,0,0,0,0,0,0,0,0,0,0,0,0,0,0,0,0,0,231,16622,0,0,0,0
19648.954,15772,63,0,0,0,0,0,8,521,5,45,0,0,0,0,0,0,0,0,0,0,0,0,0,0,0,0,0,0,0,0,0,0,237,17483,0,0,0,0
19665.707,16752,59,0,0,0,0,0,8,495,5,45,0,0,0,0,0,0,0,0,0,0,0,0,0,0,0,0,0,0,0,0,0,0,194,15624,0,0,0,0
19682.542,16834,59,0,0,0,0,0,8,461,5,45,0,0,0,0,0,0,0,0,0,0,0,0,0,0,0,0,0,0,0,0,0,0,224,16885,0,0,0,0
19698.930,16388,61,0,0,0,0,0,8,528,5,45,0,0,0,0,0,0,0,0,0,0,0,0,0,0,0,0,0,0,0,0,0,0,233,16813,0,0,0,0
19715.173,16242,61,0,0,0,0,0,8,531,5,45,0,0,0,0,0,0,0,0,0,0,0,0,0,0,0,0,0,0,0,0,0,0,232,16399,0,0,0,0
19733.184,18010,55,0,0,0,0,0,8,467,5,45,0,0,0,0,0,0,0,0,0,0,0,0,0,0,0,0,0,0,0,0,0,0,223,16290,0,0,0,0
19748.946,15761,63,0,0,0,0,0,8,491,5,45,0,0,0,0,0,0,0,0,0,0,0,0,0,0,0,0,0,0,0,0,0,0,232,17983,0,0,0,0
19765.420,16474,60,0,0,0,0,0,8,521,5,45,0,0,0,0,0,0,0,0,0,0,0,0,0,0,0,0,0,0,0,0,0,0,225,15727,0,0,0,0
19782.498,17077,58,0,0,0,0,0,8,464,5,45,0,0,0,0,0,0,0,0,0,0,0,0,0,0,0,0,0,0,0,0,0,0,225,16470,0,0,0,0
19798.770,16272,61,0,0,0,0,0,8,528,5,45,0,0,0,0,0,0,0,0,0,0,0,0,0,0,0,0,0,0,0,0,0,0,225,17091,0,0,0,0
19815.688,16917,59,0,0,0,0,0,8,526,5,45,0,0,0,0,0,0,0,0,0,0,0,0,0,0,0,0,0,0,0,0,0,0,230,16271,0,0,0,0
19832.375,16686,59,0,0,0,0,0,8,431,5,45,0,0,0,0,0,0,0,0,0,0,0,0,0,0,0,0,0,0,0,0,0,0,238,16939,0,0,0,0
19848.854,16479,60,0,0,0,0,0,8,529,5,45,0,0,0,0,0,0,0,0,0,0,0,0,0,0,0,0,0,0,0,0,0,0,203,16551,0,0,0,0
19866.171,17317,57,0,0,0,0,0,8,526,5,45,0,0,0,0,0,0,0,0,0,0,0,0,0,0,0,0,0,0,0,0,0,0,236,16590,0,0,0,0
19883.182,17010,58,0,0,0,0,0,8,467,5,45,0,0,0,0,0,0,0,0,0,0,0,0,0,0,0,0,0,0,0,0,0,0,230,17359,0,0,0,0
19899.300,16118,62,0,0,0,0,0,8,525,5,45,0,0,0,0,0,0,0,0,0,0,0,0,0,0,0,0,0,0,0,0,0,0,222,16991,0,0,0,0
19915.702,16401,60,0,0,0,0,0,8,491,5,45,0,0,0,0,0,0,0,0,0,0,0,0,0,0,0,0,0,0,0,0,0,0,230,16157,0,0,0,0
19932.234,16517,60,0,0,0,0,0,8,466,5,45,0,0,0,0,0,0,0,0,0,0,0,0,0,0,0,0,0,0,0,0,0,0,216,16230,0,0,0,0
19948.942,16722,59,0,0,0,0,0,8,529,5,45,0,0,0,0,0,0,0,0,0,0,0,0,0,0,0,0,0,0,0,0,0,0,235,16681,0,0,0,0
19965.753,16810,59,0,0,0,0,0,8,526,5,45,0,0,0,0,0,0,0,0,0,0,0,0,0,0,0,0,0,0,0,0,0,0,231,16687,0,0,0,0
19982.280,16511,60,0,0,0,0,0,8,462,5,45,0,0,0,0,0,0,0,0,0,0,0,0,0,0,0,0,0,0,0,0,0,0,224,16823,0,0,0,0
19998.787,16523,60,0,0,0,0,0,8,493,5,45,0,0,0,0,0,0,0,0,0,0,0,0,0,0,0,0,0,0,0,0,0,0,243,16515,0,0,0,0
20015.676,16888,59,0,0,0,0,0,8,525,5,45,0,0,0,0,0,0,0,0,0,0,0,0,0,0,0,0,0,0,0,0,0,0,228,16497,0,0,0,0
20033.174,17498,57,0,0,0,0,0,8,471,5,45,0,0,0,0,0,0,0,0,0,0,0,0,0,0,0,0,0,0,0,0,0,0,233,16964,0,0,0,0
20048.870,15696,63,0,0,0,0,0,8,520,5,45,0,0,0,0,0,0,0,0,0,0,0,0,0,0,0,0,0,0,0,0,0,0,233,17433,0,0,0,0
20065.696,16826,59,0,0,0,0,0,8,492,5,45,0,0,0,0,0,0,0,0,0,0,0,0,0,0,0,0,0,0,0,0,0,0,219,15674,0,0,0,0
20081.709,16012,62,0,0,0,0,0,8,464,5,45,0,0,0,0,0,0,0,0,0,0,0,0,0,0,0,0,0,0,0,0,0,0,228,16849,0,0,0,0
20098.902,17193,58,0,0,0,0,0,8,525,5,45,0,0,0,0,0,0,0,0,0,0,0,0,0,0,0,0,0,0,0,0,0,0,247,16008,0,0,0,0
20115.746,16844,59,0,0,0,0,0,8,530,5,45,0,0,0,0,0,0,0,0,0,0,0,0,0,0,0,0,0,0,0,0,0,0,218,17179,0,0,0,0
20132.344,16597,60,0,0,0,0,0,8,467,5,45,0,0,0,0,0,0,0,0,0,0,0,0,0,0,0,0,0,0,0,0,0,0,211,16800,0,0,0,0
20149.161,16817,59,0,0,0,0,0,8,500,5,45,0,0,0,0,0,0,0,0,0,0,0,0,0,0,0,0,0,0,0,0,0,0,241,16683,0,0,0,0
20165.242,16080,62,0,0,0,0,0,8,523,5,45,0,0,0,0,0,0,0,0,0,0,0,0,0,0,0,0,0,0,0,0,0,0,222,16804,0,0,0,0
20182.377,17135,58,0,0,0,0,0,8,470,5,45,0,0,0,0,0,0,0,0,0,0,0,0,0,0,0,0,0,0,0,0,0,0,236,16043,0,0,0,0
20198.886,16508,60,0,0,0,0,0,8,526,5,45,0,0,0,0,0,0,0,0,0,0,0,0,0,0,0,0,0,0,0,0,0,0,233,17086,0,0,0,0
20215.714,16827,59,0,0,0,0,0,8,525,5,45,0,0,0,0,0,0,0,0,0,0,0,0,0,0,0,0,0,0,0,0,0,0,253,16639,0,0,0,0
20233.175,17461,57,0,0,0,0,0,8,433,5,45,0,0,0,0,0,0,0,0,0,0,0,0,0,0,0,0,0,0,0,0,0,0,214,17082,0,0,0,0
20248.406,15230,65,0,0,0,0,0,8,526,5,45,0,0,0,0,0,0,0,0,0,0,0,0,0,0,0,0,0,0,0,0,0,0,234,17157,0,0,0,0
20265.689,17283,57,0,0,0,0,0,8,527,5,45,0,0,0,0,0,0,0,0,0,0,0,0,0,0,0,0,0,0,0,0,0,0,206,15186,0,0,0,0
20282.202,16512,60,0,0,0,0,0,8,464,5,45,0,0,0,0,0,0,0,0,0,0,0,0,0,0,0,0,0,0,0,0,0,0,226,17298,0,0,0,0
20299.305,17103,58,0,0,0,0,0,8,533,5,45,0,0,0,0,0,0,0,0,0,0,0,0,0,0,0,0,0,0,0,0,0,0,214,16511,0,0,0,0
20315.812,16506,60,0,0,0,0,0,8,493,5,45,0,0,0,0,0,0,0,0,0,0,0,0,0,0,0,0,0,0,0,0,0,0,218,17125,0,0,0,0
20332.287,16475,60,0,0,0,0,0,8,466,5,45,0,0,0,0,0,0,0,0,0,0,0,0,0,0,0,0,0,0,0,0,0,0,215,16417,0,0,0,0
20349.209,16921,59,0,0,0,0,0,8,529,5,45,0,0,0,0,0,0,0,0,0,0,0,0,0,0,0,0,0,0,0,0,0,0,233,16554,0,0,0,0
20365.760,16551,60,0,0,0,0,0,8,521,5,45,0,0,0,0,0,0,0,0,0,0,0,0,0,0,0,0,0,0,0,0,0,0,228,16988,0,0,0,0
20381.926,16165,61,0,0,0,0,0,8,458,5,45,0,0,0,0,0,0,0,0,0,0,0,0,0,0,0,0,0,0,0,0,0,0,227,16837,0,0,0,0
20398.945,17019,58,0,0,0,0,0,8,497,5,45,0,0,0,0,0,0,0,0,0,0,0,0,0,0,0,0,0,0,0,0,0,0,224,15840,0,0,0,0
20415.720,16775,59,0,0,0,0,0,8,526,5,45,0,0,0,0,0,0,0,0,0,0,0,0,0,0,0,0,0,0,0,0,0,0,212,16884,0,0,0,0
20432.178,16457,60,0,0,0,0,0,8,465,5,45,0,0,0,0,0,0,0,0,0,0,0,0,0,0,0,0,0,0,0,0,0,0,226,16856,0,0,0,0
20449.163,16985,58,0,0,0,0,0,8,530,5,45,0,0,0,0,0,0,0,0,0,0,0,0,0,0,0,0,0,0,0,0,0,0,235,16517,0,0,0,0
20465.175,16012,62,0,0,0,0,0,8,492,5,45,0,0,0,0,0,0,0,0,0,0,0,0,0,0,0,0,0,0,0,0,0,0,238,16973,0,0,0,0
20482.348,17172,58,0,0,0,0,0,8,461,5,45,0,0,0,0,0,0,0,0,0,0,0,0,0,0,0,0,0,0,0,0,0,0,223,15916,0,0,0,0
20498.758,16409,60,0,0,0,0,0,8,530,5,45,0,0,0,0,0,0,0,0,0,0,0,0,0,0,0,0,0,0,0,0,0,0,244,17269,0,0,0,0
20515.708,16950,58,0,0,0,0,0,8,531,5,45,0,0,0,0,0,0,0,0,0,0,0,0,0,0,0,0,0,0,0,0,0,0,211,16303,0,0,0,0
20532.349,16640,60,0,0,0,0,0,8,464,5,45,0,0,0,0,0,0,0,0,0,0,0,0,0,0,0,0,0,0,0,0,0,0,239,17108,0,0,0,0
20548.905,16555,60,0,0,0,0,0,8,492,5,45,0,0,0,0,0,0,0,0,0,0,0,0,0,0,0,0,0,0,0,0,0,0,224,16587,0,0,0,0
20565.750,16845,59,0,0,0,0,0,8,529,5,45,0,0,0,0,0,0,0,0,0,0,0,0,0,0,0,0,0,0,0,0,0,0,233,16526,0,0,0,0
20583.183,17433,57,0,0,0,0,0,8,464,5,45,0,0,0,0,0,0,0,0,0,0,0,0,0,0,0,0,0,0,0,0,0,0,206,16763,0,0,0,0
20598.924,15740,63,0,0,0,0,0,8,527,5,45,0,0,0,0,0,0,0,0,0,0,0,0,0,0,0,0,0,0,0,0,0,0,250,17494,0,0,0,0
20615.470,16546,60,0,0,0,0,0,8,530,5,45,0,0,0,0,0,0,0,0,0,0,0,0,0,0,0,0,0,0,0,0,0,0,217,15681,0,0,0,0
20633.170,17700,56,0,0,0,0,0,8,437,5,45,0,0,0,0,0,0,0,0,0,0,0,0,0,0,0,0,0,0,0,0,0,0,235,16672,0,0,0,0
20650.158,16987,58,0,0,0,0,0,8,525,5,45,0,0,0,0,0,0,0,0,0,0,0,0,0,0,0,0,0,0,0,0,0,0,242,17695,0,0,0,0
20665.684,15526,64,0,0,0,0,0,8,516,5,45,0,0,0,0,0,0,0,0,0,0,0,0,0,0,0,0,0,0,0,0,0,0,226,16982,0,0,0,0
20682.329,16645,60,0,0,0,0,0,8,461,5,45,0,0,0,0,0,0,0,0,0,0,0,0,0,0,0,0,0,0,0,0,0,0,223,15490,0,0,0,0
20699.317,16988,58,0,0,0,0,0,8,526,5,45,0,0,0,0,0,0,0,0,0,0,0,0,0,0,0,0,0,0,0,0,0,0,223,16646,0,0,0,0
20716.157,16839,59,0,0,0,0,0,8,487,5,45,0,0,0,0,0,0,0,0,0,0,0,0,0,0,0,0,0,0,0,0,0,0,230,17020,0,0,0,0
20732.501,16344,61,0,0,0,0,0,8,471,5,45,0,0,0,0,0,0,0,0,0,0,0,0,0,0,0,0,0,0,0,0,0,0,227,16848,0,0,0,0
20748.910,16408,60,0,0,0,0,0,8,525,5,45,0,0,0,0,0,0,0,0,0,0,0,0,0,0,0,0,0,0,0,0,0,0,210,16308,0,0,0,0
20765.674,16764,59,0,0,0,0,0,8,527,5,45,0,0,0,0,0,0,0,0,0,0,0,0,0,0,0,0,0,0,0,0,0,0,236,16451,0,0,0,0
20783.186,17511,57,0,0,0,0,0,8,468,5,45,0,0,0,0,0,0,0,0,0,0,0,0,0,0,0,0,0,0,0,0,0,0,228,16755,0,0,0,0
20799.005,15819,63,0,0,0,0,0,8,494,5,45,0,0,0,0,0,0,0,0,0,0,0,0,0,0,0,0,0,0,0,0,0,0,224,17450,0,0,0,0
20815.808,16803,59,0,0,0,0,0,8,531,5,45,0,0,0,0,0,0,0,0,0,0,0,0,0,0,0,0,0,0,0,0,0,0,210,15833,0,0,0,0
20832.390,16581,60,0,0,0,0,0,8,463,5,45,0,0,0,0,0,0,0,0,0,0,0,0,0,0,0,0,0,0,0,0,0,0,228,16834,0,0,0,0
20848.878,16488,60,0,0,0,0,0,8,532,5,45,0,0,0,0,0,0,0,0,0,0,0,0,0,0,0,0,0,0,0,0,0,0,223,16589,0,0,0,0
20865.393,16514,60,0,0,0,0,0,8,497,5,45,0,0,0,0,0,0,0,0,0,0,0,0,0,0,0,0,0,0,0,0,0,0,232,16464,0,0,0,0
20882.296,16903,59,0,0,0,0,0,8,461,5,45,0,0,0,0,0,0,0,0,0,0,0,0,0,0,0,0,0,0,0,0,0,0,218,16686,0,0,0,0
20898.332,16036,62,0,0,0,0,0,8,525,5,45,0,0,0,0,0,0,0,0,0,0,0,0,0,0,0,0,0,0,0,0,0,0,224,17094,0,0,0,0
20915.195,16862,59,0,0,0,0,0,8,527,5,45,0,0,0,0,0,0,0,0,0,0,0,0,0,0,0,0,0,0,0,0,0,0,214,15672,0,0,0,0
20933.170,17975,55,0,0,0,0,0,8,470,5,45,0,0,0,0,0,0,0,0,0,0,0,0,0,0,0,0,0,0,0,0,0,0,235,17333,0,0,0,0
20948.811,15640,63,0,0,0,0,0,8,493,5,45,0,0,0,0,0,0,0,0,0,0,0,0,0,0,0,0,0,0,0,0,0,0,236,17521,0,0,0,0
20965.819,17008,58,0,0,0,0,0,8,530,5,45,0,0,0,0,0,0,0,0,0,0,0,0,0,0,0,0,0,0,0,0,0,0,209,15576,0,0,0,0
20982.387,16567,60,0,0,0,0,0,8,460,5,45,0,0,0,0,0,0,0,0,0,0,0,0,0,0,0,0,0,0,0,0,0,0,245,17369,0,0,0,0
20998.839,16451,60,0,0,0,0,0,8,525,5,45,0,0,0,0,0,0,0,0,0,0,0,0,0,0,0,0,0,0,0,0,0,0,215,16518,0,0,0,0
21015.669,16830,59,0,0,0,0,0,8,530,5,45,0,0,0,0,0,0,0,0,0,0,0,0,0,0,0,0,0,0,0,0,0,0,229,16209,0,0,0,0
21032.415,16745,59,0,0,0,0,0,8,434,5,45,0,0,0,0,0,0,0,0,0,0,0,0,0,0,0,0,0,0,0,0,0,0,227,16800,0,0,0,0
21048.384,15969,62,0,0,0,0,0,8,526,5,45,0,0,0,0,0,0,0,0,0,0,0,0,0,0,0,0,0,0,0,0,0,0,225,16784,0,0,0,0
21065.836,17452,57,0,0,0,0,0,8,530,5,45,0,0,0,0,0,0,0,0,0,0,0,0,0,0,0,0,0,0,0,0,0,0,231,15950,0,0,0,0
21082.511,16674,59,0,0,0,0,0,8,467,5,45,0,0,0,0,0,0,0,0,0,0,0,0,0,0,0,0,0,0,0,0,0,0,231,17426,0,0,0,0
21098.902,16391,61,0,0,0,0,0,8,530,5,45,0,0,0,0,0,0,0,0,0,0,0,0,0,0,0,0,0,0,0,0,0,0,206,16569,0,0,0,0
21115.341,16438,60,0,0,0,0,0,8,498,5,45,0,0,0,0,0,0,0,0,0,0,0,0,0,0,0,0,0,0,0,0,0,0,208,16428,0,0,0,0
21133.164,17823,56,0,0,0,0,0,8,465,5,45,0,0,0,0,0,0,0,0,0,0,0,0,0,0,0,0,0,0,0,0,0,0,221,16446,0,0,0,0
21148.412,15248,65,0,0,0,0,0,8,521,5,45,0,0,0,0,0,0,0,0,0,0,0,0,0,0,0,0,0,0,0,0,0,0,236,17931,0,0,0,0
21165.495,17082,58,0,0,0,0,0,8,534,5,45,0,0,0,0,0,0,0,0,0,0,0,0,0,0,0,0,0,0,0,0,0,0,221,15101,0,0,0,0
21182.264,16769,59,0,0,0,0,0,8,461,5,45,0,0,0,0,0,0,0,0,0,0,0,0,0,0,0,0,0,0,0,0,0,0,211,17142,0,0,0,0
21198.804,16540,60,0,0,0,0,0,8,497,5,45,0,0,0,0,0,0,0,0,0,0,0,0,0,0,0,0,0,0,0,0,0,0,229,16863,0,0,0,0
21215.165,16360,61,0,0,0,0,0,8,527,5,45,0,0,0,0,0,0,0,0,0,0,0,0,0,0,0,0,0,0,0,0,0,0,219,16470,0,0,0,0
21232.357,17192,58,0,0,0,0,0,8,464,5,45,0,0,0,0,0,0,0,0,0,0,0,0,0,0,0,0,0,0,0,0,0,0,233,16393,0,0,0,0
21248.384,16026,62,0,0,0,0,0,8,526,5,45,0,0,0,0,0,0,0,0,0,0,0,0,0,0,0,0,0,0,0,0,0,0,232,17952,0,0,0,0
21265.668,17283,57,0,0,0,0,0,8,495,5,45,0,0,0,0,0,0,0,0,0,0,0,0,0,0,0,0,0,0,0,0,0,0,226,15209,0,0,0,0
21282.202,16535,60,0,0,0,0,0,8,465,5,45,0,0,0,0,0,0,0,0,0,0,0,0,0,0,0,0,0,0,0,0,0,0,234,17376,0,0,0,0
21298.786,16583,60,0,0,0,0,0,8,530,5,45,0,0,0,0,0,0,0,0,0,0,0,0,0,0,0,0,0,0,0,0,0,0,233,16950,0,0,0,0
21315.741,16955,58,0,0,0,0,0,8,529,5,45,0,0,0,0,0,0,0,0,0,0,0,0,0,0,0,0,0,0,0,0,0,0,232,16116,0,0,0,0
21332.370,16629,60,0,0,0,0,0,8,461,5,45,0,0,0,0,0,0,0,0,0,0,0,0,0,0,0,0,0,0,0,0,0,0,231,16991,0,0,0,0
21348.879,16509,60,0,0,0,0,0,8,492,5,45,0,0,0,0,0,0,0,0,0,0,0,0,0,0,0,0,0,0,0,0,0,0,228,16603,0,0,0,0
21365.737,16857,59,0,0,0,0,0,8,520,5,45,0,0,0,0,0,0,0,0,0,0,0,0,0,0,0,0,0,0,0,0,0,0,246,16506,0,0,0,0
21383.160,17422,57,0,0,0,0,0,8,467,5,45,0,0,0,0,0,0,0,0,0,0,0,0,0,0,0,0,0,0,0,0,0,0,207,17136,0,0,0,0
21399.084,15923,62,0,0,0,0,0,8,524,5,45,0,0,0,0,0,0,0,0,0,0,0,0,0,0,0,0,0,0,0,0,0,0,223,17168,0,0,0,0
21415.726,16642,60,0,0,0,0,0,8,528,5,45,0,0,0,0,0,0,0,0,0,0,0,0,0,0,0,0,0,0,0,0,0,0,200,15810,0,0,0,0
21432.234,16498,60,0,0,0,0,0,8,432,5,45,0,0,0,0,0,0,0,0,0,0,0,0,0,0,0,0,0,0,0,0,0,0,239,16765,0,0,0,0
21448.904,16679,59,0,0,0,0,0,8,526,5,45,0,0,0,0,0,0,0,0,0,0,0,0,0,0,0,0,0,0,0,0,0,0,237,16501,0,0,0,0
21465.666,16762,59,0,0,0,0,0,8,525,5,45,0,0,0,0,0,0,0,0,0,0,0,0,0,0,0,0,0,0,0,0,0,0,220,16852,0,0,0,0
21483.161,17495,57,0,0,0,0,0,8,468,5,45,0,0,0,0,0,0,0,0,0,0,0,0,0,0,0,0,0,0,0,0,0,0,220,16546,0,0,0,0
21498.762,15600,64,0,0,0,0,0,8,520,5,45,0,0,0,0,0,0,0,0,0,0,0,0,0,0,0,0,0,0,0,0,0,0,217,17523,0,0,0,0
21515.664,16902,59,0,0,0,0,0,8,492,5,45,0,0,0,0,0,0,0,0,0,0,0,0,0,0,0,0,0,0,0,0,0,0,221,15949,0,0,0,0
21533.161,17497,57,0,0,0,0,0,8,468,5,45,0,0,0,0,0,0,0,0,0,0,0,0,0,0,0,0,0,0,0,0,0,0,235,16568,0,0,0,0
21549.251,16089,62,0,0,0,0,0,8,527,5,45,0,0,0,0,0,0,0,0,0,0,0,0,0,0,0,0,0,0,0,0,0,0,257,17594,0,0,0,0
21565.159,15907,62,0,0,0,0,0,8,522,5,45,0,0,0,0,0,0,0,0,0,0,0,0,0,0,0,0,0,0,0,0,0,0,200,15898,0,0,0,0
21582.106,16947,59,0,0,0,0,0,8,461,5,45,0,0,0,0,0,0,0,0,0,0,0,0,0,0,0,0,0,0,0,0,0,0,207,15937,0,0,0,0
21598.782,16675,59,0,0,0,0,0,8,494,5,45,0,0,0,0,0,0,0,0,0,0,0,0,0,0,0,0,0,0,0,0,0,0,241,17007,0,0,0,0
21615.682,16900,59,0,0,0,0,0,8,521,5,45,0,0,0,0,0,0,0,0,0,0,0,0,0,0,0,0,0,0,0,0,0,0,225,16633,0,0,0,0
21633.162,17479,57,0,0,0,0,0,8,470,5,45,0,0,0,0,0,0,0,0,0,0,0,0,0,0,0,0,0,0,0,0,0,0,226,17073,0,0,0,0
21649.301,16139,61,0,0,0,0,0,8,527,5,45,0,0,0,0,0,0,0,0,0,0,0,0,0,0,0,0,0,0,0,0,0,0,240,17366,0,0,0,0
21665.658,16356,61,0,0,0,0,0,8,496,5,45,0,0,0,0,0,0,0,0,0,0,0,0,0,0,0,0,0,0,0,0,0,0,207,15998,0,0,0,0
21682.610,16953,58,0,0,0,0,0,8,466,5,45,0,0,0,0,0,0,0,0,0,0,0,0,0,0,0,0,0,0,0,0,0,0,228,16457,0,0,0,0
21699.213,16601,60,0,0,0,0,0,8,526,5,45,0,0,0,0,0,0,0,0,0,0,0,0,0,0,0,0,0,0,0,0,0,0,231,16868,0,0,0,0
21715.718,16505,60,0,0,0,0,0,8,525,5,45,0,0,0,0,0,0,0,0,0,0,0,0,0,0,0,0,0,0,0,0,0,0,230,17091,0,0,0,0
21732.210,16492,60,0,0,0,0,0,8,468,5,45,0,0,0,0,0,0,0,0,0,0,0,0,0,0,0,0,0,0,0,0,0,0,218,16210,0,0,0,0
21748.798,16587,60,0,0,0,0,0,8,501,5,45,0,0,0,0,0,0,0,0,0,0,0,0,0,0,0,0,0,0,0,0,0,0,233,16411,0,0,0,0
21765.169,16371,61,0,0,0,0,0,8,530,5,45,0,0,0,0,0,0,0,0,0,0,0,0,0,0,0,0,0,0,0,0,0,0,236,16604,0,0,0,0
21783.152,17983,55,0,0,0,0,0,8,467,5,45,0,0,0,0,0,0,0,0,0,0,0,0,0,0,0,0,0,0,0,0,0,0,232,16305,0,0,0,0
21799.199,16046,62,0,0,0,0,0,8,528,5,45,0,0,0,0,0,0,0,0,0,0,0,0,0,0,0,0,0,0,0,0,0,0,236,18017,0,0,0,0
21815.674,16474,60,0,0,0,0,0,8,531,5,45,0,0,0,0,0,0,0,0,0,0,0,0,0,0,0,0,0,0,0,0,0,0,198,15929,0,0,0,0
21832.255,16581,60,0,0,0,0,0,8,434,5,45,0,0,0,0,0,0,0,0,0,0,0,0,0,0,0,0,0,0,0,0,0,0,238,16827,0,0,0,0
21848.832,16576,60,0,0,0,0,0,8,530,5,45,0,0,0,0,0,0,0,0,0,0,0,0,0,0,0,0,0,0,0,0,0,0,219,16271,0,0,0,0
21865.679,16847,59,0,0,0,0,0,8,525,5,45,0,0,0,0,0,0,0,0,0,0,0,0,0,0,0,0,0,0,0,0,0,0,226,16617,0,0,0,0
21883.159,17480,57,0,0,0,0,0,8,470,5,45,0,0,0,0,0,0,0,0,0,0,0,0,0,0,0,0,0,0,0,0,0,0,224,16858,0,0,0,0
21898.825,15666,63,0,0,0,0,0,8,525,5,45,0,0,0,0,0,0,0,0,0,0,0,0,0,0,0,0,0,0,0,0,0,0,227,17490,0,0,0,0
21915.730,16904,59,0,0,0,0,0,8,501,5,45,0,0,0,0,0,0,0,0,0,0,0,0,0,0,0,0,0,0,0,0,0,0,233,15717,0,0,0,0
21933.160,17430,57,0,0,0,0,0,8,467,5,45,0,0,0,0,0,0,0,0,0,0,0,0,0,0,0,0,0,0,0,0,0,0,223,16851,0,0,0,0
21949.305,16144,61,0,0,0,0,0,8,2738,5,45,0,0,0,0,0,0,0,0,0,0,0,0,0,0,0,0,0,0,0,0,0,0,495,26968,0,0,0,0
21965.679,16374,61,0,0,0,0,0,8,2404,5,45,0,0,0,0,0,0,0,0,0,0,0,0,0,0,0,0,0,0,0,0,0,0,179,15785,0,0,0,0
21983.154,17474,57,0,0,0,0,0,8,806,5,45,0,0,0,0,0,0,0,0,0,0,0,0,0,0,0,0,0,0,0,0,0,0,202,8200,0,0,0,0
21999.612,16458,60,0,0,0,0,0,8,3120,5,45,0,0,0,0,0,0,0,0,0,0,0,0,0,0,0,0,0,0,0,0,0,0,241,20673,0,0,0,0
22015.820,16207,61,0,0,0,0,0,8,644,5,45,0,0,0,0,0,0,0,0,0,0,0,0,0,0,0,0,0,0,0,0,0,0,216,12425,0,0,0,0
22032.406,16586,60,0,0,0,0,0,8,611,5,45,0,0,0,0,0,0,0,0,0,0,0,0,0,0,0,0,0,0,0,0,0,0,252,16396,0,0,0,0
22048.836,16429,60,0,0,0,0,0,8,738,5,45,0,0,0,0,0,0,0,0,0,0,0,0,0,0,0,0,0,0,0,0,0,0,240,16652,0,0,0,0
22065.439,16603,60,0,0,0,0,0,8,601,5,45,0,0,0,0,0,0,0,0,0,0,0,0,0,0,0,0,0,0,0,0,0,0,228,16073,0,0,0,0
22083.147,17707,56,0,0,0,0,0,8,732,5,45,0,0,0,0,0,0,0,0,0,0,0,0,0,0,0,0,0,0,0,0,0,0,1565,18648,0,0,0,0
22098.935,15788,63,0,0,0,0,0,8,741,5,45,0,0,0,0,0,0,0,0,0,0,0,0,0,0,0,0,0,0,0,0,0,0,211,16059,0,0,0,0
22115.661,16725,59,0,0,0,0,0,8,647,5,45,0,0,0,0,0,0,0,0,0,0,0,0,0,0,0,0,0,0,0,0,0,0,229,15717,0,0,0,0
22133.151,17489,57,0,0,0,0,0,8,572,5,45,0,0,0,0,0,0,0,0,0,0,0,0,0,0,0,0,0,0,0,0,0,0,239,16473,0,0,0,0
22148.948,15797,63,0,0,0,0,0,8,595,5,45,0,0,0,0,0,0,0,0,0,0,0,0,0,0,0,0,0,0,0,0,0,0,227,17381,0,0,0,0
22165.700,16752,59,0,0,0,0,0,8,628,5,45,0,0,0,0,0,0,0,0,0,0,0,0,0,0,0,0,0,0,0,0,0,0,234,15788,0,0,0,0
22182.438,16737,59,0,0,0,0,0,8,610,5,45,0,0,0,0,0,0,0,0,0,0,0,0,0,0,0,0,0,0,0,0,0,0,230,16720,0,0,0,0
22199.011,16572,60,0,0,0,0,0,8,661,5,45,0,0,0,0,0,0,0,0,0,0,0,0,0,0,0,0,0,0,0,0,0,0,245,16851,0,0,0,0
22215.301,16290,61,0,0,0,0,0,8,660,5,45,0,0,0,0,0,0,0,0,0,0,0,0,0,0,0,0,0,0,0,0,0,0,225,16566,0,0,0,0
22232.318,17016,58,0,0,0,0,0,8,550,5,45,0,0,0,0,0,0,0,0,0,0,0,0,0,0,0,0,0,0,0,0,0,0,259,16638,0,0,0,0
22248.749,16430,60,0,0,0,0,0,8,654,5,45,0,0,0,0,0,0,0,0,0,0,0,0,0,0,0,0,0,0,0,0,0,0,217,16579,0,0,0,0
22266.150,17401,57,0,0,0,0,0,8,650,5,45,0,0,0,0,0,0,0,0,0,0,0,0,0,0,0,0,0,0,0,0,0,0,237,16550,0,0,0,0
22283.151,17000,58,0,0,0,0,0,8,572,5,45,0,0,0,0,0,0,0,0,0,0,0,0,0,0,0,0,0,0,0,0,0,0,242,17410,0,0,0,0
22298.278,15127,66,0,0,0,0,0,8,641,5,45,0,0,0,0,0,0,0,0,0,0,0,0,0,0,0,0,0,0,0,0,0,0,260,17022,0,0,0,0
22315.707,17428,57,0,0,0,0,0,8,612,5,45,0,0,0,0,0,0,0,0,0,0,0,0,0,0,0,0,0,0,0,0,0,0,247,15416,0,0,0,0
22331.853,16145,61,0,0,0,0,0,8,576,5,45,0,0,0,0,0,0,0,0,0,0,0,0,0,0,0,0,0,0,0,0,0,0,220,17010,0,0,0,0
22348.747,16894,59,0,0,0,0,0,8,643,5,45,0,0,0,0,0,0,0,0,0,0,0,0,0,0,0,0,0,0,0,0,0,0,239,16215,0,0,0,0
22366.141,17394,57,0,0,0,0,0,8,1315,5,45,0,0,0,0,0,0,0,0,0,0,0,0,0,0,0,0,0,0,0,0,0,0,234,18152,0,0,0,0
22383.145,17003,58,0,0,0,0,0,8,587,5,45,0,0,0,0,0,0,0,0,0,0,0,0,0,0,0,0,0,0,0,0,0,0,240,16201,0,0,0,0
22398.976,15831,63,0,0,0,0,0,8,616,5,45,0,0,0,0,0,0,0,0,0,0,0,0,0,0,0,0,0,0,0,0,0,0,242,16909,0,0,0,0
22415.721,16744,59,0,0,0,0,0,8,656,5,45,0,0,0,0,0,0,0,0,0,0,0,0,0,0,0,0,0,0,0,0,0,0,229,15847,0,0,0,0
22432.071,16350,61,0,0,0,0,0,8,583,5,45,0,0,0,0,0,0,0,0,0,0,0,0,0,0,0,0,0,0,0,0,0,0,228,16771,0,0,0,0
22448.873,16801,59,0,0,0,0,0,8,651,5,45,0,0,0,0,0,0,0,0,0,0,0,0,0,0,0,0,0,0,0,0,0,0,234,16371,0,0,0,0
22465.419,16546,60,0,0,0,0,0,8,618,5,45,0,0,0,0,0,0,0,0,0,0,0,0,0,0,0,0,0,0,0,0,0,0,230,16759,0,0,0,0
22482.264,16834,59,0,0,0,0,0,8,589,5,45,0,0,0,0,0,0,0,0,0,0,0,0,0,0,0,0,0,0,0,0,0,0,232,16559,0,0,0,0
22498.469,16214,61,0,0,0,0,0,8,651,5,45,0,0,0,0,0,0,0,0,0,0,0,0,0,0,0,0,0,0,0,0,0,0,214,16836,0,0,0,0
22515.665,17196,58,0,0,0,0,0,8,650,5,45,0,0,0,0,0,0,0,0,0,0,0,0,0,0,0,0,0,0,0,0,0,0,227,16211,0,0,0,0
22531.822,16157,61,0,0,0,0,0,8,583,5,45,0,0,0,0,0,0,0,0,0,0,0,0,0,0,0,0,0,0,0,0,0,0,245,17187,0,0,0,0
22548.742,16919,59,0,0,0,0,0,8,616,5,45,0,0,0,0,0,0,0,0,0,0,0,0,0,0,0,0,0,0,0,0,0,0,244,16512,0,0,0,0
22565.695,16952,58,0,0,0,0,0,8,651,5,45,0,0,0,0,0,0,0,0,0,0,0,0,0,0,0,0,0,0,0,0,0,0,222,16586,0,0,0,0
22581.857,16162,61,0,0,0,0,0,8,583,5,45,0,0,0,0,0,0,0,0,0,0,0,0,0,0,0,0,0,0,0,0,0,0,231,17002,0,0,0,0
22598.780,16923,59,0,0,0,0,0,8,654,5,45,0,0,0,0,0,0,0,0,0,0,0,0,0,0,0,0,0,0,0,0,0,0,225,16345,0,0,0,0
22615.289,16508,60,0,0,0,0,0,8,2798,5,45,0,0,0,0,0,0,0,0,0,0,0,0,0,0,0,0,0,0,0,0,0,0,227,19059,0,0,0,0
22632.684,17395,57,0,0,0,0,0,8,561,5,45,0,0,0,0,0,0,0,0,0,0,0,0,0,0,0,0,0,0,0,0,0,0,220,14132,0,0,0,0
22648.738,16054,62,0,0,0,0,0,8,663,5,45,0,0,0,0,0,0,0,0,0,0,0,0,0,0,0,0,0,0,0,0,0,0,230,17344,0,0,0,0
22665.657,16918,59,0,0,0,0,0,8,668,5,45,0,0,0,0,0,0,0,0,0,0,0,0,0,0,0,0,0,0,0,0,0,0,225,16088,0,0,0,0
22683.151,17494,57,0,0,0,0,0,8,600,5,45,0,0,0,0,0,0,0,0,0,0,0,0,0,0,0,0,0,0,0,0,0,0,238,16928,0,0,0,0
22698.889,15738,63,0,0,0,0,0,8,662,5,45,0,0,0,0,0,0,0,0,0,0,0,0,0,0,0,0,0,0,0,0,0,0,214,17510,0,0,0,0
22715.698,16808,59,0,0,0,0,0,8,625,5,45,0,0,0,0,0,0,0,0,0,0,0,0,0,0,0,0,0,0,0,0,0,0,230,15940,0,0,0,0
22732.642,16943,59,0,0,0,0,0,8,604,5,45,0,0,0,0,0,0,0,0,0,0,0,0,0,0,0,0,0,0,0,0,0,0,217,16577,0,0,0,0
22748.844,16202,61,0,0,0,0,0,8,663,5,45,0,0,0,0,0,0,0,0,0,0,0,0,0,0,0,0,0,0,0,0,0,0,215,16966,0,0,0,0
22766.153,17309,57,0,0,0,0,0,8,668,5,45,0,0,0,0,0,0,0,0,0,0,0,0,0,0,0,0,0,0,0,0,0,0,217,16128,0,0,0,0
22783.143,16990,58,0,0,0,0,0,8,600,5,45,0,0,0,0,0,0,0,0,0,0,0,0,0,0,0,0,0,0,0,0,0,0,233,17401,0,0,0,0
22799.139,15995,62,0,0,0,0,0,8,628,5,45,0,0,0,0,0,0,0,0,0,0,0,0,0,0,0,0,0,0,0,0,0,0,239,16980,0,0,0,0
22815.661,16522,60,0,0,0,0,0,8,663,5,45,0,0,0,0,0,0,0,0,0,0,0,0,0,0,0,0,0,0,0,0,0,0,229,15991,0,0,0,0
22832.268,16607,60,0,0,0,0,0,8,600,5,45,0,0,0,0,0,0,0,0,0,0,0,0,0,0,0,0,0,0,0,0,0,0,235,16402,0,0,0,0
22848.886,16617,60,0,0,0,0,0,8,668,5,45,0,0,0,0,0,0,0,0,0,0,0,0,0,0,0,0,0,0,0,0,0,0,231,16642,0,0,0,0
22865.826,16940,59,0,0,0,0,0,8,632,5,45,0,0,0,0,0,0,0,0,0,0,0,0,0,0,0,0,0,0,0,0,0,0,241,16906,0,0,0,0
22883.153,17326,57,0,0,0,0,0,8,595,5,45,0,0,0,0,0,0,0,0,0,0,0,0,0,0,0,0,0,0,0,0,0,0,243,17010,0,0,0,0
22898.754,15601,64,0,0,0,0,0,8,659,5,45,0,0,0,0,0,0,0,0,0,0,0,0,0,0,0,0,0,0,0,0,0,0,230,17057,0,0,0,0
22915.675,16920,59,0,0,0,0,0,8,663,5,45,0,0,0,0,0,0,0,0,0,0,0,0,0,0,0,0,0,0,0,0,0,0,206,15472,0,0,0,0
22933.167,17492,57,0,0,0,0,0,8,604,5,45,0,0,0,0,0,0,0,0,0,0,0,0,0,0,0,0,0,0,0,0,0,0,244,16963,0,0,0,0
22948.893,15726,63,0,0,0,0,0,8,626,5,45,0,0,0,0,0,0,0,0,0,0,0,0,0,0,0,0,0,0,0,0,0,0,252,17551,0,0,0,0
22965.481,16588,60,0,0,0,0,0,8,668,5,45,0,0,0,0,0,0,0,0,0,0,0,0,0,0,0,0,0,0,0,0,0,0,227,15974,0,0,0,0
22983.138,17657,56,0,0,0,0,0,8,598,5,45,0,0,0,0,0,0,0,0,0,0,0,0,0,0,0,0,0,0,0,0,0,0,220,16332,0,0,0,0
22998.804,15665,63,0,0,0,0,0,8,659,5,45,0,0,0,0,0,0,0,0,0,0,0,0,0,0,0,0,0,0,0,0,0,0,229,17712,0,0,0,0
23015.678,16874,59,0,0,0,0,0,8,668,5,45,0,0,0,0,0,0,0,0,0,0,0,0,0,0,0,0,0,0,0,0,0,0,211,15557,0,0,0,0
23033.146,17467,57,0,0,0,0,0,8,569,5,45,0,0,0,0,0,0,0,0,0,0,0,0,0,0,0,0,0,0,0,0,0,0,229,16863,0,0,0,0
23048.928,15781,63,0,0,0,0,0,8,663,5,45,0,0,0,0,0,0,0,0,0,0,0,0,0,0,0,0,0,0,0,0,0,0,230,17651,0,0,0,0
23066.658,17730,56,0,0,0,0,0,8,663,5,45,0,0,0,0,0,0,0,0,0,0,0,0,0,0,0,0,0,0,0,0,0,0,226,15683,0,0,0,0
23082.537,15879,62,0,0,0,0,0,8,599,5,45,0,0,0,0,0,0,0,0,0,0,0,0,0,0,0,0,0,0,0,0,0,0,235,17732,0,0,0,0
23098.749,16211,61,0,0,0,0,0,8,659,5,45,0,0,0,0,0,0,0,0,0,0,0,0,0,0,0,0,0,0,0,0,0,0,209,15780,0,0,0,0
23115.587,16838,59,0,0,0,0,0,8,634,5,45,0,0,0,0,0,0,0,0,0,0,0,0,0,0,0,0,0,0,0,0,0,0,235,16297,0,0,0,0
23133.164,17577,56,0,0,0,0,0,8,598,5,45,0,0,0,0,0,0,0,0,0,0,0,0,0,0,0,0,0,0,0,0,0,0,284,16982,0,0,0,0
23148.972,15807,63,0,0,0,0,0,8,661,5,45,0,0,0,0,0,0,0,0,0,0,0,0,0,0,0,0,0,0,0,0,0,0,220,17358,0,0,0,0
23166.142,17170,58,0,0,0,0,0,8,670,5,45,0,0,0,0,0,0,0,0,0,0,0,0,0,0,0,0,0,0,0,0,0,0,230,15866,0,0,0,0
23182.282,16140,61,0,0,0,0,0,8,598,5,45,0,0,0,0,0,0,0,0,0,0,0,0,0,0,0,0,0,0,0,0,0,0,231,18180,0,0,0,0
23198.754,16472,60,0,0,0,0,0,8,633,5,45,0,0,0,0,0,0,0,0,0,0,0,0,0,0,0,0,0,0,0,0,0,0,202,15100,0,0,0,0
23215.707,16952,58,0,0,0,0,0,8,667,5,45,0,0,0,0,0,0,0,0,0,0,0,0,0,0,0,0,0,0,0,0,0,0,232,16522,0,0,0,0
23233.143,17435,57,0,0,0,0,0,8,600,5,45,0,0,0,0,0,0,0,0,0,0,0,0,0,0,0,0,0,0,0,0,0,0,218,16853,0,0,0,0
23249.211,16067,62,0,0,0,0,0,8,663,5,45,0,0,0,0,0,0,0,0,0,0,0,0,0,0,0,0,0,0,0,0,0,0,236,17455,0,0,0,0
23265.656,16445,60,0,0,0,0,0,8,628,5,45,0,0,0,0,0,0,0,0,0,0,0,0,0,0,0,0,0,0,0,0,0,0,218,16238,0,0,0,0
23282.186,16530,60,0,0,0,0,0,8,600,5,45,0,0,0,0,0,0,0,0,0,0,0,0,0,0,0,0,0,0,0,0,0,0,233,16356,0,0,0,0
23299.272,17086,58,0,0,0,0,0,8,668,5,45,0,0,0,0,0,0,0,0,0,0,0,0,0,0,0,0,0,0,0,0,0,0,231,16450,0,0,0,0
23315.641,16369,61,0,0,0,0,0,8,659,5,45,0,0,0,0,0,0,0,0,0,0,0,0,0,0,0,0,0,0,0,0,0,0,226,17183,0,0,0,0
23332.214,16572,60,0,0,0,0,0,8,596,5,45,0,0,0,0,0,0,0,0,0,0,0,0,0,0,0,0,0,0,0,0,0,0,255,16890,0,0,0,0
23348.927,16712,59,0,0,0,0,0,8,630,5,45,0,0,0,0,0,0,0,0,0,0,0,0,0,0,0,0,0,0,0,0,0,0,225,16073,0,0,0,0
23365.719,16792,59,0,0,0,0,0,8,667,5,45,0,0,0,0,0,0,0,0,0,0,0,0,0,0,0,0,0,0,0,0,0,0,225,16648,0,0,0,0
23383.153,17434,57,0,0,0,0,0,8,601,5,45,0,0,0,0,0,0,0,0,0,0,0,0,0,0,0,0,0,0,0,0,0,0,221,16810,0,0,0,0
23398.779,15625,63,0,0,0,0,0,8,659,5,45,0,0,0,0,0,0,0,0,0,0,0,0,0,0,0,0,0,0,0,0,0,0,244,17462,0,0,0,0
23416.139,17360,57,0,0,0,0,0,8,664,5,45,0,0,0,0,0,0,0,0,0,0,0,0,0,0,0,0,0,0,0,0,0,0,228,15585,0,0,0,0
23432.766,16627,60,0,0,0,0,0,8,562,5,45,0,0,0,0,0,0,0,0,0,0,0,0,0,0,0,0,0,0,0,0,0,0,226,16367,0,0,0,0
23448.824,16057,62,0,0,0,0,0,8,665,5,45,0,0,0,0,0,0,0,0,0,0,0,0,0,0,0,0,0,0,0,0,0,0,211,17534,0,0,0,0
23465.717,16893,59,0,0,0,0,0,8,666,5,45,0,0,0,0,0,0,0,0,0,0,0,0,0,0,0,0,0,0,0,0,0,0,222,16177,0,0,0,0
23482.381,16663,60,0,0,0,0,0,8,595,5,45,0,0,0,0,0,0,0,0,0,0,0,0,0,0,0,0,0,0,0,0,0,0,235,16900,0,0,0,0
23498.708,16327,61,0,0,0,0,0,8,663,5,45,0,0,0,0,0,0,0,0,0,0,0,0,0,0,0,0,0,0,0,0,0,0,235,16634,0,0,0,0
23515.771,17063,58,0,0,0,0,0,8,628,5,45,0,0,0,0,0,0,0,0,0,0,0,0,0,0,0,0,0,0,0,0,0,0,222,16301,0,0,0,0
23532.904,17133,58,0,0,0,0,0,8,598,5,45,0,0,0,0,0,0,0,0,0,0,0,0,0,0,0,0,0,0,0,0,0,0,282,17512,0,0,0,0
23548.951,16047,62,0,0,0,0,0,8,664,5,45,0,0,0,0,0,0,0,0,0,0,0,0,0,0,0,0,0,0,0,0,0,0,218,16635,0,0,0,0
23565.729,16777,59,0,0,0,0,0,8,664,5,45,0,0,0,0,0,0,0,0,0,0,0,0,0,0,0,0,0,0,0,0,0,0,235,16122,0,0,0,0
23583.141,17412,57,0,0,0,0,0,8,603,5,45,0,0,0,0,0,0,0,0,0,0,0,0,0,0,0,0,0,0,0,0,0,0,231,16806,0,0,0,0
23598.361,15219,65,0,0,0,0,0,8,622,5,45,0,0,0,0,0,0,0,0,0,0,0,0,0,0,0,0,0,0,0,0,0,0,247,17410,0,0,0,0
23615.708,17347,57,0,0,0,0,0,8,669,5,45,0,0,0,0,0,0,0,0,0,0,0,0,0,0,0,0,0,0,0,0,0,0,219,15068,0,0,0,0
23632.160,16452,60,0,0,0,0,0,8,598,5,45,0,0,0,0,0,0,0,0,0,0,0,0,0,0,0,0,0,0,0,0,0,0,239,17488,0,0,0,0
23648.733,16572,60,0,0,0,0,0,8,664,5,45,0,0,0,0,0,0,0,0,0,0,0,0,0,0,0,0,0,0,0,0,0,0,234,16476,0,0,0,0
23665.719,16985,58,0,0,0,0,0,8,628,5,45,0,0,0,0,0,0,0,0,0,0,0,0,0,0,0,0,0,0,0,0,0,0,226,16523,0,0,0,0
23681.824,16105,62,0,0,0,0,0,8,600,5,45,0,0,0,0,0,0,0,0,0,0,0,0,0,0,0,0,0,0,0,0,0,0,234,16978,0,0,0,0
23699.134,17309,57,0,0,0,0,0,8,666,5,45,0,0,0,0,0,0,0,0,0,0,0,0,0,0,0,0,0,0,0,0,0,0,228,16477,0,0,0,0
23715.654,16520,60,0,0,0,0,0,8,660,5,45,0,0,0,0,0,0,0,0,0,0,0,0,0,0,0,0,0,0,0,0,0,0,215,16945,0,0,0,0
23733.151,17496,57,0,0,0,0,0,8,600,5,45,0,0,0,0,0,0,0,0,0,0,0,0,0,0,0,0,0,0,0,0,0,0,216,16533,0,0,0,0
23748.897,15746,63,0,0,0,0,0,8,629,5,45,0,0,0,0,0,0,0,0,0,0,0,0,0,0,0,0,0,0,0,0,0,0,212,17540,0,0,0,0
23765.823,16926,59,0,0,0,0,0,8,659,5,45,0,0,0,0,0,0,0,0,0,0,0,0,0,0,0,0,0,0,0,0,0,0,220,15895,0,0,0,0
23783.138,17314,57,0,0,0,0,0,8,602,5,45,0,0,0,0,0,0,0,0,0,0,0,0,0,0,0,0,0,0,0,0,0,0,232,16711,0,0,0,0
23800.148,17010,58,0,0,0,0,0,8,668,5,45,0,0,0,0,0,0,0,0,0,0,0,0,0,0,0,0,0,0,0,0,0,0,239,17371,0,0,0,0
23815.667,15518,64,0,0,0,0,0,8,658,5,45,0,0,0,0,0,0,0,0,0,0,0,0,0,0,0,0,0,0,0,0,0,0,228,16977,0,0,0,0
23833.138,17470,57,0,0,0,0,0,8,563,5,45,0,0,0,0,0,0,0,0,0,0,0,0,0,0,0,0,0,0,0,0,0,0,200,15459,0,0,0,0
23848.712,15574,64,0,0,0,0,0,8,659,5,45,0,0,0,0,0,0,0,0,0,0,0,0,0,0,0,0,0,0,0,0,0,0,226,17539,0,0,0,0
23865.832,17120,58,0,0,0,0,0,8,666,5,45,0,0,0,0,0,0,0,0,0,0,0,0,0,0,0,0,0,0,0,0,0,0,201,15441,0,0,0,0
23883.145,17313,57,0,0,0,0,0,8,601,5,45,0,0,0,0,0,0,0,0,0,0,0,0,0,0,0,0,0,0,0,0,0,0,229,17225,0,0,0,0
23898.477,15331,65,0,0,0,0,0,8,662,5,45,0,0,0,0,0,0,0,0,0,0,0,0,0,0,0,0,0,0,0,0,0,0,225,17356,0,0,0,0
23915.146,16668,59,0,0,0,0,0,8,630,5,45,0,0,0,0,0,0,0,0,0,0,0,0,0,0,0,0,0,0,0,0,0,0,213,15209,0,0,0,0
23933.165,18019,55,0,0,0,0,0,8,604,5,45,0,0,0,0,0,0,0,0,0,0,0,0,0,0,0,0,0,0,0,0,0,0,214,16667,0,0,0,0
23948.931,15766,63,0,0,0,0,0,8,659,5,45,0,0,0,0,0,0,0,0,0,0,0,0,0,0,0,0,0,0,0,0,0,0,237,18162,0,0,0,0
23965.730,16798,59,0,0,0,0,0,8,665,5,45,0,0,0,0,0,0,0,0,0,0,0,0,0,0,0,0,0,0,0,0,0,0,222,15571,0,0,0,0
23983.130,17400,57,0,0,0,0,0,8,591,5,45,0,0,0,0,0,0,0,0,0,0,0,0,0,0,0,0,0,0,0,0,0,0,236,16971,0,0,0,0
23998.403,15272,65,0,0,0,0,0,8,629,5,45,0,0,0,0,0,0,0,0,0,0,0,0,0,0,0,0,0,0,0,0,0,0,235,17370,0,0,0,0
24015.376,16973,58,0,0,0,0,0,8,669,5,45,0,0,0,0,0,0,0,0,0,0,0,0,0,0,0,0,0,0,0,0,0,0,224,15197,0,0,0,0
24033.129,17752,56,0,0,0,0,0,8,597,5,45,0,0,0,0,0,0,0,0,0,0,0,0,0,0,0,0,0,0,0,0,0,0,239,17064,0,0,0,0
24049.270,16141,61,0,0,0,0,0,8,665,5,45,0,0,0,0,0,0,0,0,0,0,0,0,0,0,0,0,0,0,0,0,0,0,238,17751,0,0,0,0
24065.731,16460,60,0,0,0,0,0,8,633,5,45,0,0,0,0,0,0,0,0,0,0,0,0,0,0,0,0,0,0,0,0,0,0,202,16035,0,0,0,0
24082.701,16969,58,0,0,0,0,0,8,601,5,45,0,0,0,0,0,0,0,0,0,0,0,0,0,0,0,0,0,0,0,0,0,0,239,16563,0,0,0,0
24098.877,16175,61,0,0,0,0,0,8,663,5,45,0,0,0,0,0,0,0,0,0,0,0,0,0,0,0,0,0,0,0,0,0,0,226,16967,0,0,0,0
24115.540,16663,60,0,0,0,0,0,8,669,5,45,0,0,0,0,0,0,0,0,0,0,0,0,0,0,0,0,0,0,0,0,0,0,214,16036,0,0,0,0
24133.152,17611,56,0,0,0,0,0,8,604,5,45,0,0,0,0,0,0,0,0,0,0,0,0,0,0,0,0,0,0,0,0,0,0,220,16832,0,0,0,0
24148.954,15802,63,0,0,0,0,0,8,630,5,45,0,0,0,0,0,0,0,0,0,0,0,0,0,0,0,0,0,0,0,0,0,0,242,17614,0,0,0,0
24165.665,16710,59,0,0,0,0,0,8,664,5,45,0,0,0,0,0,0,0,0,0,0,0,0,0,0,0,0,0,0,0,0,0,0,218,15660,0,0,0,0
24182.140,16475,60,0,0,0,0,0,8,598,5,45,0,0,0,0,0,0,0,0,0,0,0,0,0,0,0,0,0,0,0,0,0,0,234,16828,0,0,0,0
24198.362,16221,61,0,0,0,0,0,8,659,5,45,0,0,0,0,0,0,0,0,0,0,0,0,0,0,0,0,0,0,0,0,0,0,245,16497,0,0,0,0
24215.642,17280,57,0,0,0,0,0,8,664,5,45,0,0,0,0,0,0,0,0,0,0,0,0,0,0,0,0,0,0,0,0,0,0,225,16169,0,0,0,0
24233.130,17487,57,0,0,0,0,0,8,564,5,45,0,0,0,0,0,0,0,0,0,0,0,0,0,0,0,0,0,0,0,0,0,0,225,17396,0,0,0,0
24248.406,15276,65,0,0,0,0,0,8,667,5,45,0,0,0,0,0,0,0,0,0,0,0,0,0,0,0,0,0,0,0,0,0,0,232,17413,0,0,0,0
24265.646,17240,58,0,0,0,0,0,8,663,5,45,0,0,0,0,0,0,0,0,0,0,0,0,0,0,0,0,0,0,0,0,0,0,212,15359,0,0,0,0
24282.188,16541,60,0,0,0,0,0,8,595,5,45,0,0,0,0,0,0,0,0,0,0,0,0,0,0,0,0,0,0,0,0,0,0,234,17102,0,0,0,0
24299.273,17085,58,0,0,0,0,0,8,675,5,45,0,0,0,0,0,0,0,0,0,0,0,0,0,0,0,0,0,0,0,0,0,0,223,16487,0,0,0,0
24315.697,16423,60,0,0,0,0,0,8,623,5,45,0,0,0,0,0,0,0,0,0,0,0,0,0,0,0,0,0,0,0,0,0,0,241,17225,0,0,0,0
24332.881,17184,58,0,0,0,0,0,8,604,5,45,0,0,0,0,0,0,0,0,0,0,0,0,0,0,0,0,0,0,0,0,0,0,216,16277,0,0,0,0
24348.775,15893,62,0,0,0,0,0,8,662,5,45,0,0,0,0,0,0,0,0,0,0,0,0,0,0,0,0,0,0,0,0,0,0,216,17257,0,0,0,0
24365.514,16738,59,0,0,0,0,0,8,664,5,45,0,0,0,0,0,0,0,0,0,0,0,0,0,0,0,0,0,0,0,0,0,0,219,15802,0,0,0,0
24383.139,17625,56,0,0,0,0,0,8,606,5,45,0,0,0,0,0,0,0,0,0,0,0,0,0,0,0,0,0,0,0,0,0,0,229,16864,0,0,0,0
24399.267,16128,62,0,0,0,0,0,8,631,5,45,0,0,0,0,0,0,0,0,0,0,0,0,0,0,0,0,0,0,0,0,0,0,240,17627,0,0,0,0
24415.140,15872,63,0,0,0,0,0,8,660,5,45,0,0,0,0,0,0,0,0,0,0,0,0,0,0,0,0,0,0,0,0,0,0,209,16101,0,0,0,0
24432.363,17222,58,0,0,0,0,0,8,604,5,45,0,0,0,0,0,0,0,0,0,0,0,0,0,0,0,0,0,0,0,0,0,0,222,15841,0,0,0,0
24449.261,16898,59,0,0,0,0,0,8,661,5,45,0,0,0,0,0,0,0,0,0,0,0,0,0,0,0,0,0,0,0,0,0,0,221,17280,0,0,0,0
24466.128,16866,59,0,0,0,0,0,8,632,5,45,0,0,0,0,0,0,0,0,0,0,0,0,0,0,0,0,0,0,0,0,0,0,232,16936,0,0,0,0
24482.164,16036,62,0,0,0,0,0,8,602,5,45,0,0,0,0,0,0,0,0,0,0,0,0,0,0,0,0,0,0,0,0,0,0,214,16709,0,0,0,0
24499.262,17097,58,0,0,0,0,0,8,663,5,45,0,0,0,0,0,0,0,0,0,0,0,0,0,0,0,0,0,0,0,0,0,0,218,16082,0,0,0,0
24515.520,16257,61,0,0,0,0,0,8,664,5,45,0,0,0,0,0,0,0,0,0,0,0,0,0,0,0,0,0,0,0,0,0,0,239,17169,0,0,0,0
24532.491,16971,58,0,0,0,0,0,8,603,5,45,0,0,0,0,0,0,0,0,0,0,0,0,0,0,0,0,0,0,0,0,0,0,256,16318,0,0,0,0
24549.125,16633,60,0,0,0,0,0,8,636,5,45,0,0,0,0,0,0,0,0,0,0,0,0,0,0,0,0,0,0,0,0,0,0,230,16963,0,0,0,0
24565.633,16508,60,0,0,0,0,0,8,665,5,45,0,0,0,0,0,0,0,0,0,0,0,0,0,0,0,0,0,0,0,0,0,0,240,16575,0,0,0,0
24583.133,17500,57,0,0,0,0,0,8,601,5,45,0,0,0,0,0,0,0,0,0,0,0,0,0,0,0,0,0,0,0,0,0,0,225,16621,0,0,0,0
24599.132,15998,62,0,0,0,0,0,8,664,5,45,0,0,0,0,0,0,0,0,0,0,0,0,0,0,0,0,0,0,0,0,0,0,236,17391,0,0,0,0
24615.798,16665,60,0,0,0,0,0,8,663,5,45,0,0,0,0,0,0,0,0,0,0,0,0,0,0,0,0,0,0,0,0,0,0,233,16006,0,0,0,0
24633.135,17337,57,0,0,0,0,0,8,566,5,45,0,0,0,0,0,0,0,0,0,0,0,0,0,0,0,0,0,0,0,0,0,0,241,16655,0,0,0,0
24649.122,15986,62,0,0,0,0,0,8,661,5,45,0,0,0,0,0,0,0,0,0,0,0,0,0,0,0,0,0,0,0,0,0,0,234,17368,0,0,0,0
24665.637,16515,60,0,0,0,0,0,8,664,5,45,0,0,0,0,0,0,0,0,0,0,0,0,0,0,0,0,0,0,0,0,0,0,220,15945,0,0,0,0
24683.133,17496,57,0,0,0,0,0,8,603,5,45,0,0,0,0,0,0,0,0,0,0,0,0,0,0,0,0,0,0,0,0,0,0,223,16621,0,0,0,0
24699.130,15996,62,0,0,0,0,0,8,662,5,45,0,0,0,0,0,0,0,0,0,0,0,0,0,0,0,0,0,0,0,0,0,0,234,17408,0,0,0,0
24715.700,16569,60,0,0,0,0,0,8,627,5,45,0,0,0,0,0,0,0,0,0,0,0,0,0,0,0,0,0,0,0,0,0,0,235,16097,0,0,0,0
24732.151,16451,60,0,0,0,0,0,8,596,5,45,0,0,0,0,0,0,0,0,0,0,0,0,0,0,0,0,0,0,0,0,0,0,227,16490,0,0,0,0
24748.889,16737,59,0,0,0,0,0,8,667,5,45,0,0,0,0,0,0,0,0,0,0,0,0,0,0,0,0,0,0,0,0,0,0,231,16547,0,0,0,0
24765.761,16872,59,0,0,0,0,0,8,665,5,45,0,0,0,0,0,0,0,0,0,0,0,0,0,0,0,0,0,0,0,0,0,0,242,16602,0,0,0,0
24783.137,17375,57,0,0,0,0,0,8,601,5,45,0,0,0,0,0,0,0,0,0,0,0,0,0,0,0,0,0,0,0,0,0,0,222,16865,0,0,0,0
24800.132,16984,58,0,0,0,0,0,8,626,5,45,0,0,0,0,0,0,0,0,0,0,0,0,0,0,0,0,0,0,0,0,0,0,234,17401,0,0,0,0
24815.437,15315,65,0,0,0,0,0,8,659,5,45,0,0,0,0,0,0,0,0,0,0,0,0,0,0,0,0,0,0,0,0,0,0,221,16992,0,0,0,0
24833.132,17694,56,0,0,0,0,0,8,601,5,45,0,0,0,0,0,0,0,0,0,0,0,0,0,0,0,0,0,0,0,0,0,0,221,15274,0,0,0,0
24849.130,15998,62,0,0,0,0,0,8,665,5,45,0,0,0,0,0,0,0,0,0,0,0,0,0,0,0,0,0,0,0,0,0,0,226,17729,0,0,0,0
24865.675,16544,60,0,0,0,0,0,8,628,5,45,0,0,0,0,0,0,0,0,0,0,0,0,0,0,0,0,0,0,0,0,0,0,212,15967,0,0,0,0
24883.128,17453,57,0,0,0,0,0,8,598,5,45,0,0,0,0,0,0,0,0,0,0,0,0,0,0,0,0,0,0,0,0,0,0,221,16556,0,0,0,0
24899.126,15998,62,0,0,0,0,0,8,663,5,45,0,0,0,0,0,0,0,0,0,0,0,0,0,0,0,0,0,0,0,0,0,0,230,17544,0,0,0,0
24915.709,16582,60,0,0,0,0,0,8,663,5,45,0,0,0,0,0,0,0,0,0,0,0,0,0,0,0,0,0,0,0,0,0,0,228,15933,0,0,0,0
24933.128,17419,57,0,0,0,0,0,8,600,5,45,0,0,0,0,0,0,0,0,0,0,0,0,0,0,0,0,0,0,0,0,0,0,226,16564,0,0,0,0
24948.748,15619,64,0,0,0,0,0,8,623,5,45,0,0,0,0,0,0,0,0,0,0,0,0,0,0,0,0,0,0,0,0,0,0,242,17455,0,0,0,0
24965.714,16966,58,0,0,0,0,0,8,667,5,45,0,0,0,0,0,0,0,0,0,0,0,0,0,0,0,0,0,0,0,0,0,0,222,15582,0,0,0,0
24982.164,16449,60,0,0,0,0,0,8,601,5,45,0,0,0,0,0,0,0,0,0,0,0,0,0,0,0,0,0,0,0,0,0,0,236,16989,0,0,0,0
24998.902,16738,59,0,0,0,0,0,8,667,5,45,0,0,0,0,0,0,0,0,0,0,0,0,0,0,0,0,0,0,0,0,0,0,214,16725,0,0,0,0
25015.633,16730,59,0,0,0,0,0,8,663,5,45,0,0,0,0,0,0,0,0,0,0,0,0,0,0,0,0,0,0,0,0,0,0,238,16418,0,0,0,0
25032.200,16567,60,0,0,0,0,0,8,563,5,45,0,0,0,0,0,0,0,0,0,0,0,0,0,0,0,0,0,0,0,0,0,0,244,16777,0,0,0,0
25049.115,16914,59,0,0,0,0,0,8,666,5,45,0,0,0,0,0,0,0,0,0,0,0,0,0,0,0,0,0,0,0,0,0,0,227,16541,0,0,0,0
25065.632,16517,60,0,0,0,0,0,8,659,5,45,0,0,0,0,0,0,0,0,0,0,0,0,0,0,0,0,0,0,0,0,0,0,222,16994,0,0,0,0
25083.127,17494,57,0,0,0,0,0,8,600,5,45,0,0,0,0,0,0,0,0,0,0,0,0,0,0,0,0,0,0,0,0,0,0,226,16442,0,0,0,0
25099.122,15995,62,0,0,0,0,0,8,663,5,45,0,0,0,0,0,0,0,0,0,0,0,0,0,0,0,0,0,0,0,0,0,0,226,17492,0,0,0,0
25116.128,17005,58,0,0,0,0,0,8,627,5,45,0,0,0,0,0,0,0,0,0,0,0,0,0,0,0,0,0,0,0,0,0,0,232,15995,0,0,0,0
25133.124,16996,58,0,0,0,0,0,8,596,5,45,0,0,0,0,0,0,0,0,0,0,0,0,0,0,0,0,0,0,0,0,0,0,226,17007,0,0,0,0
25148.861,15736,63,0,0,0,0,0,8,658,5,45,0,0,0,0,0,0,0,0,0,0,0,0,0,0,0,0,0,0,0,0,0,0,259,17121,0,0,0,0
25165.668,16807,59,0,0,0,0,0,8,663,5,45,0,0,0,0,0,0,0,0,0,0,0,0,0,0,0,0,0,0,0,0,0,0,205,15505,0,0,0,0
25183.126,17458,57,0,0,0,0,0,8,599,5,45,0,0,0,0,0,0,0,0,0,0,0,0,0,0,0,0,0,0,0,0,0,0,231,16877,0,0,0,0
25198.889,15763,63,0,0,0,0,0,8,634,5,45,0,0,0,0,0,0,0,0,0,0,0,0,0,0,0,0,0,0,0,0,0,0,221,17469,0,0,0,0
25215.646,16757,59,0,0,0,0,0,8,656,5,45,0,0,0,0,0,0,0,0,0,0,0,0,0,0,0,0,0,0,0,0,0,0,238,15963,0,0,0,0
25233.118,17471,57,0,0,0,0,0,8,599,5,45,0,0,0,0,0,0,0,0,0,0,0,0,0,0,0,0,0,0,0,0,0,0,240,16587,0,0,0,0
25249.119,16001,62,0,0,0,0,0,8,667,5,45,0,0,0,0,0,0,0,0,0,0,0,0,0,0,0,0,0,0,0,0,0,0,257,17505,0,0,0,0
25265.642,16522,60,0,0,0,0,0,8,627,5,45,0,0,0,0,0,0,0,0,0,0,0,0,0,0,0,0,0,0,0,0,0,0,265,16002,0,0,0,0
25282.310,16667,59,0,0,0,0,0,8,597,5,45,0,0,0,0,0,0,0,0,0,0,0,0,0,0,0,0,0,0,0,0,0,0,236,16488,0,0,0,0
25299.127,16817,59,0,0,0,0,0,8,668,5,45,0,0,0,0,0,0,0,0,0,0,0,0,0,0,0,0,0,0,0,0,0,0,223,16642,0,0,0,0
25315.644,16516,60,0,0,0,0,0,8,662,5,45,0,0,0,0,0,0,0,0,0,0,0,0,0,0,0,0,0,0,0,0,0,0,227,16830,0,0,0,0
25333.117,17472,57,0,0,0,0,0,8,595,5,45,0,0,0,0,0,0,0,0,0,0,0,0,0,0,0,0,0,0,0,0,0,0,220,16465,0,0,0,0
25348.365,15248,65,0,0,0,0,0,8,631,5,45,0,0,0,0,0,0,0,0,0,0,0,0,0,0,0,0,0,0,0,0,0,0,223,17546,0,0,0,0
25365.734,17369,57,0,0,0,0,0,8,664,5,45,0,0,0,0,0,0,0,0,0,0,0,0,0,0,0,0,0,0,0,0,0,0,218,15200,0,0,0,0
25382.246,16511,60,0,0,0,0,0,8,602,5,45,0,0,0,0,0,0,0,0,0,0,0,0,0,0,0,0,0,0,0,0,0,0,240,17406,0,0,0,0
25398.900,16654,60,0,0,0,0,0,8,667,5,45,0,0,0,0,0,0,0,0,0,0,0,0,0,0,0,0,0,0,0,0,0,0,232,16488,0,0,0,0
25415.882,16982,58,0,0,0,0,0,8,665,5,45,0,0,0,0,0,0,0,0,0,0,0,0,0,0,0,0,0,0,0,0,0,0,225,16655,0,0,0,0
25432.558,16676,59,0,0,0,0,0,8,565,5,45,0,0,0,0,0,0,0,0,0,0,0,0,0,0,0,0,0,0,0,0,0,0,224,16849,0,0,0,0
25449.114,16555,60,0,0,0,0,0,8,671,5,45,0,0,0,0,0,0,0,0,0,0,0,0,0,0,0,0,0,0,0,0,0,0,228,16845,0,0,0,0
25465.121,16006,62,0,0,0,0,0,8,656,5,45,0,0,0,0,0,0,0,0,0,0,0,0,0,0,0,0,0,0,0,0,0,0,238,16537,0,0,0,0
25483.121,18000,55,0,0,0,0,0,8,609,5,45,0,0,0,0,0,0,0,0,0,0,0,0,0,0,0,0,0,0,0,0,0,0,234,15978,0,0,0,0
25498.866,15744,63,0,0,0,0,0,8,664,5,45,0,0,0,0,0,0,0,0,0,0,0,0,0,0,0,0,0,0,0,0,0,0,242,18023,0,0,0,0
25515.630,16763,59,0,0,0,0,0,8,635,5,45,0,0,0,0,0,0,0,0,0,0,0,0,0,0,0,0,0,0,0,0,0,0,204,15578,0,0,0,0
25532.430,16800,59,0,0,0,0,0,8,599,5,45,0,0,0,0,0,0,0,0,0,0,0,0,0,0,0,0,0,0,0,0,0,0,224,16935,0,0,0,0
25548.893,16462,60,0,0,0,0,0,8,669,5,45,0,0,0,0,0,0,0,0,0,0,0,0,0,0,0,0,0,0,0,0,0,0,221,16734,0,0,0,0
25565.724,16831,59,0,0,0,0,0,8,664,5,45,0,0,0,0,0,0,0,0,0,0,0,0,0,0,0,0,0,0,0,0,0,0,226,16647,0,0,0,0
25583.126,17402,57,0,0,0,0,0,8,599,5,45,0,0,0,0,0,0,0,0,0,0,0,0,0,0,0,0,0,0,0,0,0,0,233,16701,0,0,0,0
25598.742,15616,64,0,0,0,0,0,8,626,5,45,0,0,0,0,0,0,0,0,0,0,0,0,0,0,0,0,0,0,0,0,0,0,245,17487,0,0,0,0
25616.640,17897,55,0,0,0,0,0,8,664,5,45,0,0,0,0,0,0,0,0,0,0,0,0,0,0,0,0,0,0,0,0,0,0,235,15519,0,0,0,0
25632.407,15766,63,0,0,0,0,0,8,597,5,45,0,0,0,0,0,0,0,0,0,0,0,0,0,0,0,0,0,0,0,0,0,0,231,17908,0,0,0,0
25648.699,16291,61,0,0,0,0,0,8,665,5,45,0,0,0,0,0,0,0,0,0,0,0,0,0,0,0,0,0,0,0,0,0,0,227,15752,0,0,0,0
25665.633,16934,59,0,0,0,0,0,8,635,5,45,0,0,0,0,0,0,0,0,0,0,0,0,0,0,0,0,0,0,0,0,0,0,235,16287,0,0,0,0
25683.121,17488,57,0,0,0,0,0,8,602,5,45,0,0,0,0,0,0,0,0,0,0,0,0,0,0,0,0,0,0,0,0,0,0,230,17040,0,0,0,0
25698.793,15671,63,0,0,0,0,0,8,664,5,45,0,0,0,0,0,0,0,0,0,0,0,0,0,0,0,0,0,0,0,0,0,0,228,17393,0,0,0,0
25715.622,16829,59,0,0,0,0,0,8,663,5,45,0,0,0,0,0,0,0,0,0,0,0,0,0,0,0,0,0,0,0,0,0,0,223,15646,0,0,0,0
25732.221,16599,60,0,0,0,0,0,8,597,5,45,0,0,0,0,0,0,0,0,0,0,0,0,0,0,0,0,0,0,0,0,0,0,225,16883,0,0,0,0
25748.870,16649,60,0,0,0,0,0,8,634,5,45,0,0,0,0,0,0,0,0,0,0,0,0,0,0,0,0,0,0,0,0,0,0,233,16613,0,0,0,0
25765.672,16801,59,0,0,0,0,0,8,663,5,45,0,0,0,0,0,0,0,0,0,0,0,0,0,0,0,0,0,0,0,0,0,0,227,16614,0,0,0,0
25783.123,17451,57,0,0,0,0,0,8,600,5,45,0,0,0,0,0,0,0,0,0,0,0,0,0,0,0,0,0,0,0,0,0,0,225,16816,0,0,0,0
25800.117,16993,58,0,0,0,0,0,8,661,5,45,0,0,0,0,0,0,0,0,0,0,0,0,0,0,0,0,0,0,0,0,0,0,243,17447,0,0,0,0
25815.126,15009,66,0,0,0,0,0,8,657,5,45,0,0,0,0,0,0,0,0,0,0,0,0,0,0,0,0,0,0,0,0,0,0,245,17006,0,0,0,0
25832.129,17003,58,0,0,0,0,0,8,565,5,45,0,0,0,0,0,0,0,0,0,0,0,0,0,0,0,0,0,0,0,0,0,0,220,14884,0,0,0,0
25849.287,17157,58,0,0,0,0,0,8,666,5,45,0,0,0,0,0,0,0,0,0,0,0,0,0,0,0,0,0,0,0,0,0,0,220,17104,0,0,0,0
25865.756,16469,60,0,0,0,0,0,8,664,5,45,0,0,0,0,0,0,0,0,0,0,0,0,0,0,0,0,0,0,0,0,0,0,229,17134,0,0,0,0
25882.195,16439,60,0,0,0,0,0,8,597,5,45,0,0,0,0,0,0,0,0,0,0,0,0,0,0,0,0,0,0,0,0,0,0,224,16363,0,0,0,0
25898.715,16520,60,0,0,0,0,0,8,665,5,45,0,0,0,0,0,0,0,0,0,0,0,0,0,0,0,0,0,0,0,0,0,0,216,16918,0,0,0,0
25915.317,16601,60,0,0,0,0,0,8,634,5,45,0,0,0,0,0,0,0,0,0,0,0,0,0,0,0,0,0,0,0,0,0,0,218,16073,0,0,0,0
25931.823,16506,60,0,0,0,0,0,8,600,5,45,0,0,0,0,0,0,0,0,0,0,0,0,0,0,0,0,0,0,0,0,0,0,236,16703,0,0,0,0
25948.391,16567,60,0,0,0,0,0,8,823,5,45,0,0,0,0,0,0,0,0,0,0,0,0,0,0,0,0,0,0,0,0,0,0,288,17493,0,0,0,0
25965.742,17351,57,0,0,0,0,0,8,1033,5,45,0,0,0,0,0,0,0,0,0,0,0,0,0,0,0,0,0,0,0,0,0,0,246,17036,0,0,0,0
25982.103,16361,61,0,0,0,0,0,8,604,5,45,0,0,0,0,0,0,0,0,0,0,0,0,0,0,0,0,0,0,0,0,0,0,227,15943,0,0,0,0
25998.825,16721,59,0,0,0,0,0,8,724,5,45,0,0,0,0,0,0,0,0,0,0,0,0,0,0,0,0,0,0,0,0,0,0,230,16480,0,0,0,0
26015.730,16904,59,0,0,0,0,0,8,765,5,45,0,0,0,0,0,0,0,0,0,0,0,0,0,0,0,0,0,0,0,0,0,0,233,16863,0,0,0,0
26032.147,16417,60,0,0,0,0,0,8,582,5,45,0,0,0,0,0,0,0,0,0,0,0,0,0,0,0,0,0,0,0,0,0,0,227,16907,0,0,0,0
26048.724,16576,60,0,0,0,0,0,8,649,5,45,0,0,0,0,0,0,0,0,0,0,0,0,0,0,0,0,0,0,0,0,0,0,225,16084,0,0,0,0
26065.630,16906,59,0,0,0,0,0,8,607,5,45,0,0,0,0,0,0,0,0,0,0,0,0,0,0,0,0,0,0,0,0,0,0,233,16558,0,0,0,0
26082.156,16525,60,0,0,0,0,0,8,585,5,45,0,0,0,0,0,0,0,0,0,0,0,0,0,0,0,0,0,0,0,0,0,0,232,16941,0,0,0,0
26098.711,16555,60,0,0,0,0,0,8,652,5,45,0,0,0,0,0,0,0,0,0,0,0,0,0,0,0,0,0,0,0,0,0,0,231,16491,0,0,0,0
26115.809,17098,58,0,0,0,0,0,8,647,5,45,0,0,0,0,0,0,0,0,0,0,0,0,0,0,0,0,0,0,0,0,0,0,228,16907,0,0,0,0
26132.181,16372,61,0,0,0,0,0,8,577,5,45,0,0,0,0,0,0,0,0,0,0,0,0,0,0,0,0,0,0,0,0,0,0,246,16790,0,0,0,0
26149.247,17066,58,0,0,0,0,0,8,617,5,45,0,0,0,0,0,0,0,0,0,0,0,0,0,0,0,0,0,0,0,0,0,0,203,16305,0,0,0,0
26165.640,16392,61,0,0,0,0,0,8,641,5,45,0,0,0,0,0,0,0,0,0,0,0,0,0,0,0,0,0,0,0,0,0,0,235,17129,0,0,0,0
26183.111,17471,57,0,0,0,0,0,8,580,5,45,0,0,0,0,0,0,0,0,0,0,0,0,0,0,0,0,0,0,0,0,0,0,210,16360,0,0,0,0
26198.869,15757,63,0,0,0,0,0,8,651,5,45,0,0,0,0,0,0,0,0,0,0,0,0,0,0,0,0,0,0,0,0,0,0,229,17491,0,0,0,0
26215.793,16923,59,0,0,0,0,0,8,652,5,45,0,0,0,0,0,0,0,0,0,0,0,0,0,0,0,0,0,0,0,0,0,0,221,15933,0,0,0,0
26233.151,17358,57,0,0,0,0,0,8,548,5,45,0,0,0,0,0,0,0,0,0,0,0,0,0,0,0,0,0,0,0,0,0,0,235,16717,0,0,0,0
26248.870,15718,63,0,0,0,0,0,8,648,5,45,0,0,0,0,0,0,0,0,0,0,0,0,0,0,0,0,0,0,0,0,0,0,267,17539,0,0,0,0
26265.118,16248,61,0,0,0,0,0,8,649,5,45,0,0,0,0,0,0,0,0,0,0,0,0,0,0,0,0,0,0,0,0,0,0,225,15546,0,0,0,0
26283.114,17995,55,0,0,0,0,0,8,589,5,45,0,0,0,0,0,0,0,0,0,0,0,0,0,0,0,0,0,0,0,0,0,0,226,16239,0,0,0,0
26298.666,15551,64,0,0,0,0,0,8,650,5,45,0,0,0,0,0,0,0,0,0,0,0,0,0,0,0,0,0,0,0,0,0,0,260,18088,0,0,0,0
26315.791,17125,58,0,0,0,0,0,8,619,5,45,0,0,0,0,0,0,0,0,0,0,0,0,0,0,0,0,0,0,0,0,0,0,232,15575,0,0,0,0
26332.121,16329,61,0,0,0,0,0,8,581,5,45,0,0,0,0,0,0,0,0,0,0,0,0,0,0,0,0,0,0,0,0,0,0,234,17018,0,0,0,0
26349.258,17125,58,0,0,0,0,0,8,651,5,45,0,0,0,0,0,0,0,0,0,0,0,0,0,0,0,0,0,0,0,0,0,0,223,16361,0,0,0,0
26365.559,16313,61,0,0,0,0,0,8,644,5,45,0,0,0,0,0,0,0,0,0,0,0,0,0,0,0,0,0,0,0,0,0,0,229,17120,0,0,0,0
26382.448,16888,59,0,0,0,0,0,8,586,5,45,0,0,0,0,0,0,0,0,0,0,0,0,0,0,0,0,0,0,0,0,0,0,227,16264,0,0,0,0
26398.890,16441,60,0,0,0,0,0,8,614,5,45,0,0,0,0,0,0,0,0,0,0,0,0,0,0,0,0,0,0,0,0,0,0,224,16924,0,0,0,0
26415.046,16156,61,0,0,0,0,0,8,648,5,45,0,0,0,0,0,0,0,0,0,0,0,0,0,0,0,0,0,0,0,0,0,0,225,16410,0,0,0,0
26432.298,17252,57,0,0,0,0,0,8,579,5,45,0,0,0,0,0,0,0,0,0,0,0,0,0,0,0,0,0,0,0,0,0,0,217,16075,0,0,0,0
26448.903,16604,60,0,0,0,0,0,8,651,5,45,0,0,0,0,0,0,0,0,0,0,0,0,0,0,0,0,0,0,0,0,0,0,227,17348,0,0,0,0
26465.624,16721,59,0,0,0,0,0,8,614,5,45,0,0,0,0,0,0,0,0,0,0,0,0,0,0,0,0,0,0,0,0,0,0,220,16591,0,0,0,0
26482.171,16547,60,0,0,0,0,0,8,576,5,45,0,0,0,0,0,0,0,0,0,0,0,0,0,0,0,0,0,0,0,0,0,0,231,16752,0,0,0,0
26498.349,16178,61,0,0,0,0,0,8,648,5,45,0,0,0,0,0,0,0,0,0,0,0,0,0,0,0,0,0,0,0,0,0,0,239,16620,0,0,0,0
26515.549,17199,58,0,0,0,0,0,8,650,5,45,0,0,0,0,0,0,0,0,0,0,0,0,0,0,0,0,0,0,0,0,0,0,201,15990,0,0,0,0
26532.526,16976,58,0,0,0,0,0,8,599,5,45,0,0,0,0,0,0,0,0,0,0,0,0,0,0,0,0,0,0,0,0,0,0,235,17344,0,0,0,0
26548.899,16373,61,0,0,0,0,0,8,622,5,45,0,0,0,0,0,0,0,0,0,0,0,0,0,0,0,0,0,0,0,0,0,0,209,16841,0,0,0,0
26565.680,16780,59,0,0,0,0,0,8,662,5,45,0,0,0,0,0,0,0,0,0,0,0,0,0,0,0,0,0,0,0,0,0,0,217,16354,0,0,0,0
26583.151,17471,57,0,0,0,0,0,8,598,5,45,0,0,0,0,0,0,0,0,0,0,0,0,0,0,0,0,0,0,0,0,0,0,245,16929,0,0,0,0
26598.842,15691,63,0,0,0,0,0,8,660,5,45,0,0,0,0,0,0,0,0,0,0,0,0,0,0,0,0,0,0,0,0,0,0,227,17453,0,0,0,0
26616.110,17267,57,0,0,0,0,0,8,665,5,45,0,0,0,0,0,0,0,0,0,0,0,0,0,0,0,0,0,0,0,0,0,0,232,15658,0,0,0,0
26632.167,16056,62,0,0,0,0,0,8,555,5,45,0,0,0,0,0,0,0,0,0,0,0,0,0,0,0,0,0,0,0,0,0,0,230,16259,0,0,0,0
26648.801,16634,60,0,0,0,0,0,8,661,5,45,0,0,0,0,0,0,0,0,0,0,0,0,0,0,0,0,0,0,0,0,0,0,240,17125,0,0,0,0
26665.521,16719,59,0,0,0,0,0,8,664,5,45,0,0,0,0,0,0,0,0,0,0,0,0,0,0,0,0,0,0,0,0,0,0,226,16580,0,0,0,0
26683.110,17589,56,0,0,0,0,0,8,594,5,45,0,0,0,0,0,0,0,0,0,0,0,0,0,0,0,0,0,0,0,0,0,0,221,16729,0,0,0,0
26699.240,16130,61,0,0,0,0,0,8,661,5,45,0,0,0,0,0,0,0,0,0,0,0,0,0,0,0,0,0,0,0,0,0,0,232,17639,0,0,0,0
26715.719,16478,60,0,0,0,0,0,8,621,5,45,0,0,0,0,0,0,0,0,0,0,0,0,0,0,0,0,0,0,0,0,0,0,208,16089,0,0,0,0
26733.115,17395,57,0,0,0,0,0,8,593,5,45,0,0,0,0,0,0,0,0,0,0,0,0,0,0,0,0,0,0,0,0,0,0,227,16821,0,0,0,0
26749.236,16121,62,0,0,0,0,0,8,656,5,45,0,0,0,0,0,0,0,0,0,0,0,0,0,0,0,0,0,0,0,0,0,0,226,17066,0,0,0,0
26765.691,16454,60,0,0,0,0,0,8,658,5,45,0,0,0,0,0,0,0,0,0,0,0,0,0,0,0,0,0,0,0,0,0,0,218,16118,0,0,0,0
26782.166,16475,60,0,0,0,0,0,8,590,5,45,0,0,0,0,0,0,0,0,0,0,0,0,0,0,0,0,0,0,0,0,0,0,210,16432,0,0,0,0
26799.252,17085,58,0,0,0,0,0,8,634,5,45,0,0,0,0,0,0,0,0,0,0,0,0,0,0,0,0,0,0,0,0,0,0,227,16507,0,0,0,0
26815.612,16359,61,0,0,0,0,0,8,653,5,45,0,0,0,0,0,0,0,0,0,0,0,0,0,0,0,0,0,0,0,0,0,0,216,17865,0,0,0,0
26833.114,17502,57,0,0,0,0,0,8,593,5,45,0,0,0,0,0,0,0,0,0,0,0,0,0,0,0,0,0,0,0,0,0,0,200,15546,0,0,0,0
26848.839,15725,63,0,0,0,0,0,8,656,5,45,0,0,0,0,0,0,0,0,0,0,0,0,0,0,0,0,0,0,0,0,0,0,235,17537,0,0,0,0
26866.628,17789,56,0,0,0,0,0,8,623,5,45,0,0,0,0,0,0,0,0,0,0,0,0,0,0,0,0,0,0,0,0,0,0,224,15689,0,0,0,0
26882.293,15664,63,0,0,0,0,0,8,589,5,45,0,0,0,0,0,0,0,0,0,0,0,0,0,0,0,0,0,0,0,0,0,0,225,17809,0,0,0,0
26898.856,16563,60,0,0,0,0,0,8,659,5,45,0,0,0,0,0,0,0,0,0,0,0,0,0,0,0,0,0,0,0,0,0,0,206,15537,0,0,0,0
26915.633,16776,59,0,0,0,0,0,8,656,5,45,0,0,0,0,0,0,0,0,0,0,0,0,0,0,0,0,0,0,0,0,0,0,258,16736,0,0,0,0
26932.238,16605,60,0,0,0,0,0,8,592,5,45,0,0,0,0,0,0,0,0,0,0,0,0,0,0,0,0,0,0,0,0,0,0,206,16623,0,0,0,0
26949.104,16865,59,0,0,0,0,0,8,631,5,45,0,0,0,0,0,0,0,0,0,0,0,0,0,0,0,0,0,0,0,0,0,0,272,16838,0,0,0,0
26965.620,16516,60,0,0,0,0,0,8,657,5,45,0,0,0,0,0,0,0,0,0,0,0,0,0,0,0,0,0,0,0,0,0,0,234,16737,0,0,0,0
26982.224,16604,60,0,0,0,0,0,8,588,5,45,0,0,0,0,0,0,0,0,0,0,0,0,0,0,0,0,0,0,0,0,0,0,223,16504,0,0,0,0
26999.124,16899,59,0,0,0,0,0,8,661,5,45,0,0,0,0,0,0,0,0,0,0,0,0,0,0,0,0,0,0,0,0,0,0,214,16616,0,0,0,0
27015.484,16359,61,0,0,0,0,0,8,656,5,45,0,0,0,0,0,0,0,0,0,0,0,0,0,0,0,0,0,0,0,0,0,0,218,16908,0,0,0,0
27033.104,17620,56,0,0,0,0,0,8,559,5,45,0,0,0,0,0,0,0,0,0,0,0,0,0,0,0,0,0,0,0,0,0,0,229,16381,0,0,0,0
27048.403,15299,65,0,0,0,0,0,8,662,5,45,0,0,0,0,0,0,0,0,0,0,0,0,0,0,0,0,0,0,0,0,0,0,239,17613,0,0,0,0
27065.671,17267,57,0,0,0,0,0,8,660,5,45,0,0,0,0,0,0,0,0,0,0,0,0,0,0,0,0,0,0,0,0,0,0,215,15318,0,0,0,0
27082.199,16528,60,0,0,0,0,0,8,594,5,45,0,0,0,0,0,0,0,0,0,0,0,0,0,0,0,0,0,0,0,0,0,0,209,17227,0,0,0,0
27098.409,16209,61,0,0,0,0,0,8,666,5,45,0,0,0,0,0,0,0,0,0,0,0,0,0,0,0,0,0,0,0,0,0,0,241,16941,0,0,0,0
27115.626,17217,58,0,0,0,0,0,8,627,5,45,0,0,0,0,0,0,0,0,0,0,0,0,0,0,0,0,0,0,0,0,0,0,247,15789,0,0,0,0
27132.636,17009,58,0,0,0,0,0,8,593,5,45,0,0,0,0,0,0,0,0,0,0,0,0,0,0,0,0,0,0,0,0,0,0,216,17103,0,0,0,0
27149.254,16618,60,0,0,0,0,0,8,660,5,45,0,0,0,0,0,0,0,0,0,0,0,0,0,0,0,0,0,0,0,0,0,0,218,17097,0,0,0,0
27165.671,16416,60,0,0,0,0,0,8,658,5,45,0,0,0,0,0,0,0,0,0,0,0,0,0,0,0,0,0,0,0,0,0,0,239,16674,0,0,0,0
27182.339,16668,59,0,0,0,0,0,8,594,5,45,0,0,0,0,0,0,0,0,0,0,0,0,0,0,0,0,0,0,0,0,0,0,212,16375,0,0,0,0
27198.839,16500,60,0,0,0,0,0,8,627,5,45,0,0,0,0,0,0,0,0,0,0,0,0,0,0,0,0,0,0,0,0,0,0,223,16682,0,0,0,0
27215.676,16837,59,0,0,0,0,0,8,664,5,45,0,0,0,0,0,0,0,0,0,0,0,0,0,0,0,0,0,0,0,0,0,0,229,16475,0,0,0,0
27232.152,16475,60,0,0,0,0,0,8,583,5,45,0,0,0,0,0,0,0,0,0,0,0,0,0,0,0,0,0,0,0,0,0,0,226,16867,0,0,0,0
27249.240,17088,58,0,0,0,0,0,8,673,5,45,0,0,0,0,0,0,0,0,0,0,0,0,0,0,0,0,0,0,0,0,0,0,228,16515,0,0,0,0
27265.751,16510,60,0,0,0,0,0,8,622,5,45,0,0,0,0,0,0,0,0,0,0,0,0,0,0,0,0,0,0,0,0,0,0,223,17024,0,0,0,0
27283.119,17368,57,0,0,0,0,0,8,593,5,45,0,0,0,0,0,0,0,0,0,0,0,0,0,0,0,0,0,0,0,0,0,0,231,16567,0,0,0,0
27298.967,15848,63,0,0,0,0,0,8,660,5,45,0,0,0,0,0,0,0,0,0,0,0,0,0,0,0,0,0,0,0,0,0,0,222,17227,0,0,0,0
27315.621,16653,60,0,0,0,0,0,8,660,5,45,0,0,0,0,0,0,0,0,0,0,0,0,0,0,0,0,0,0,0,0,0,0,225,15913,0,0,0,0
27333.195,17574,56,0,0,0,0,0,8,593,5,45,0,0,0,0,0,0,0,0,0,0,0,0,0,0,0,0,0,0,0,0,0,0,226,16661,0,0,0,0
27349.104,15908,62,0,0,0,0,0,8,624,5,45,0,0,0,0,0,0,0,0,0,0,0,0,0,0,0,0,0,0,0,0,0,0,251,18242,0,0,0,0
27365.606,16502,60,0,0,0,0,0,8,659,5,45,0,0,0,0,0,0,0,0,0,0,0,0,0,0,0,0,0,0,0,0,0,0,213,15268,0,0,0,0
27382.396,16789,59,0,0,0,0,0,8,593,5,45,0,0,0,0,0,0,0,0,0,0,0,0,0,0,0,0,0,0,0,0,0,0,220,16528,0,0,0,0
27398.352,15956,62,0,0,0,0,0,8,660,5,45,0,0,0,0,0,0,0,0,0,0,0,0,0,0,0,0,0,0,0,0,0,0,221,16754,0,0,0,0
27415.635,17282,57,0,0,0,0,0,8,661,5,45,0,0,0,0,0,0,0,0,0,0,0,0,0,0,0,0,0,0,0,0,0,0,241,15965,0,0,0,0
27433.106,17471,57,0,0,0,0,0,8,561,5,45,0,0,0,0,0,0,0,0,0,0,0,0,0,0,0,0,0,0,0,0,0,0,233,17291,0,0,0,0
27449.169,16062,62,0,0,0,0,0,8,826,5,45,0,0,0,0,0,0,0,0,0,0,0,0,0,0,0,0,0,0,0,0,0,0,239,18054,0,0,0,0
27465.430,16261,61,0,0,0,0,0,8,1044,5,45,0,0,0,0,0,0,0,0,0,0,0,0,0,0,0,0,0,0,0,0,0,0,229,16934,0,0,0,0
27483.125,17694,56,0,0,0,0,0,8,615,5,45,0,0,0,0,0,0,0,0,0,0,0,0,0,0,0,0,0,0,0,0,0,0,210,14875,0,0,0,0
27499.013,15887,62,0,0,0,0,0,8,761,5,45,0,0,0,0,0,0,0,0,0,0,0,0,0,0,0,0,0,0,0,0,0,0,234,17713,0,0,0,0
27515.103,16090,62,0,0,0,0,0,8,738,5,45,0,0,0,0,0,0,0,0,0,0,0,0,0,0,0,0,0,0,0,0,0,0,205,16149,0,0,0,0
27532.642,17539,57,0,0,0,0,0,8,595,5,45,0,0,0,0,0,0,0,0,0,0,0,0,0,0,0,0,0,0,0,0,0,0,229,15728,0,0,0,0
27548.847,16204,61,0,0,0,0,0,8,659,5,45,0,0,0,0,0,0,0,0,0,0,0,0,0,0,0,0,0,0,0,0,0,0,225,17515,0,0,0,0
27565.610,16763,59,0,0,0,0,0,8,656,5,45,0,0,0,0,0,0,0,0,0,0,0,0,0,0,0,0,0,0,0,0,0,0,223,16177,0,0,0,0
27583.115,17504,57,0,0,0,0,0,8,589,5,45,0,0,0,0,0,0,0,0,0,0,0,0,0,0,0,0,0,0,0,0,0,0,215,16813,0,0,0,0
27599.236,16120,62,0,0,0,0,0,8,623,5,45,0,0,0,0,0,0,0,0,0,0,0,0,0,0,0,0,0,0,0,0,0,0,238,17591,0,0,0,0
27616.623,17386,57,0,0,0,0,0,8,652,5,45,0,0,0,0,0,0,0,0,0,0,0,0,0,0,0,0,0,0,0,0,0,0,212,16024,0,0,0,0
27633.107,16484,60,0,0,0,0,0,8,583,5,45,0,0,0,0,0,0,0,0,0,0,0,0,0,0,0,0,0,0,0,0,0,0,236,17408,0,0,0,0
27648.809,15702,63,0,0,0,0,0,8,656,5,45,0,0,0,0,0,0,0,0,0,0,0,0,0,0,0,0,0,0,0,0,0,0,232,16444,0,0,0,0
27665.609,16799,59,0,0,0,0,0,8,619,5,45,0,0,0,0,0,0,0,0,0,0,0,0,0,0,0,0,0,0,0,0,0,0,218,15725,0,0,0,0
27682.203,16594,60,0,0,0,0,0,8,584,5,45,0,0,0,0,0,0,0,0,0,0,0,0,0,0,0,0,0,0,0,0,0,0,232,16898,0,0,0,0
27699.616,17413,57,0,0,0,0,0,8,680,5,45,0,0,0,0,0,0,0,0,0,0,0,0,0,0,0,0,0,0,0,0,0,0,259,16612,0,0,0,0
27715.444,15827,63,0,0,0,0,0,8,667,5,45,0,0,0,0,0,0,0,0,0,0,0,0,0,0,0,0,0,0,0,0,0,0,233,17389,0,0,0,0
27733.095,17651,56,0,0,0,0,0,8,593,5,45,0,0,0,0,0,0,0,0,0,0,0,0,0,0,0,0,0,0,0,0,0,0,213,15737,0,0,0,0
27748.733,15637,63,0,0,0,0,0,8,635,5,45,0,0,0,0,0,0,0,0,0,0,0,0,0,0,0,0,0,0,0,0,0,0,210,17647,0,0,0,0
27765.783,17050,58,0,0,0,0,0,8,672,5,45,0,0,0,0,0,0,0,0,0,0,0,0,0,0,0,0,0,0,0,0,0,0,220,15966,0,0,0,0
27782.150,16366,61,0,0,0,0,0,8,599,5,45,0,0,0,0,0,0,0,0,0,0,0,0,0,0,0,0,0,0,0,0,0,0,230,16707,0,0,0,0
27799.238,17088,58,0,0,0,0,0,8,674,5,45,0,0,0,0,0,0,0,0,0,0,0,0,0,0,0,0,0,0,0,0,0,0,214,16382,0,0,0,0
27815.613,16374,61,0,0,0,0,0,8,663,5,45,0,0,0,0,0,0,0,0,0,0,0,0,0,0,0,0,0,0,0,0,0,0,228,17419,0,0,0,0
27832.223,16610,60,0,0,0,0,0,8,566,5,45,0,0,0,0,0,0,0,0,0,0,0,0,0,0,0,0,0,0,0,0,0,0,219,16066,0,0,0,0
27849.093,16870,59,0,0,0,0,0,8,670,5,45,0,0,0,0,0,0,0,0,0,0,0,0,0,0,0,0,0,0,0,0,0,0,217,16595,0,0,0,0
27865.366,16273,61,0,0,0,0,0,8,665,5,45,0,0,0,0,0,0,0,0,0,0,0,0,0,0,0,0,0,0,0,0,0,0,218,16876,0,0,0,0
27882.216,16849,59,0,0,0,0,0,8,598,5,45,0,0,0,0,0,0,0,0,0,0,0,0,0,0,0,0,0,0,0,0,0,0,219,16261,0,0,0,0
27898.856,16640,60,0,0,0,0,0,8,672,5,45,0,0,0,0,0,0,0,0,0,0,0,0,0,0,0,0,0,0,0,0,0,0,255,16927,0,0,0,0
27915.252,16395,60,0,0,0,0,0,8,637,5,45,0,0,0,0,0,0,0,0,0,0,0,0,0,0,0,0,0,0,0,0,0,0,233,16469,0,0,0,0
27933.103,17851,56,0,0,0,0,0,8,599,5,45,0,0,0,0,0,0,0,0,0,0,0,0,0,0,0,0,0,0,0,0,0,0,229,16506,0,0,0,0
27948.858,15754,63,0,0,0,0,0,8,683,5,45,0,0,0,0,0,0,0,0,0,0,0,0,0,0,0,0,0,0,0,0,0,0,209,17725,0,0,0,0
27965.465,16607,60,0,0,0,0,0,8,684,5,45,0,0,0,0,0,0,0,0,0,0,0,0,0,0,0,0,0,0,0,0,0,0,224,15878,0,0,0,0
27983.098,17632,56,0,0,0,0,0,8,612,5,45,0,0,0,0,0,0,0,0,0,0,0,0,0,0,0,0,0,0,0,0,0,0,262,16637,0,0,0,0
27998.864,15766,63,0,0,0,0,0,8,643,5,45,0,0,0,0,0,0,0,0,0,0,0,0,0,0,0,0,0,0,0,0,0,0,240,17614,0,0,0,0
28015.659,16794,59,0,0,0,0,0,8,680,5,45,0,0,0,0,0,0,0,0,0,0,0,0,0,0,0,0,0,0,0,0,0,0,219,15725,0,0,0,0
28033.119,17460,57,0,0,0,0,0,8,609,5,45,0,0,0,0,0,0,0,0,0,0,0,0,0,0,0,0,0,0,0,0,0,0,225,17212,0,0,0,0
28049.162,16043,62,0,0,0,0,0,8,682,5,45,0,0,0,0,0,0,0,0,0,0,0,0,0,0,0,0,0,0,0,0,0,0,223,17040,0,0,0,0
28065.600,16437,60,0,0,0,0,0,8,642,5,45,0,0,0,0,0,0,0,0,0,0,0,0,0,0,0,0,0,0,0,0,0,0,224,16097,0,0,0,0
28082.230,16630,60,0,0,0,0,0,8,611,5,45,0,0,0,0,0,0,0,0,0,0,0,0,0,0,0,0,0,0,0,0,0,0,235,16461,0,0,0,0
28099.137,16906,59,0,0,0,0,0,8,679,5,45,0,0,0,0,0,0,0,0,0,0,0,0,0,0,0,0,0,0,0,0,0,0,239,16598,0,0,0,0
28115.169,16032,62,0,0,0,0,0,8,674,5,45,0,0,0,0,0,0,0,0,0,0,0,0,0,0,0,0,0,0,0,0,0,0,233,16895,0,0,0,0
28132.170,17000,58,0,0,0,0,0,8,618,5,45,0,0,0,0,0,0,0,0,0,0,0,0,0,0,0,0,0,0,0,0,0,0,220,15951,0,0,0,0
28148.813,16643,60,0,0,0,0,0,8,645,5,45,0,0,0,0,0,0,0,0,0,0,0,0,0,0,0,0,0,0,0,0,0,0,229,17089,0,0,0,0
28165.773,16960,58,0,0,0,0,0,8,683,5,45,0,0,0,0,0,0,0,0,0,0,0,0,0,0,0,0,0,0,0,0,0,0,237,16622,0,0,0,0
28182.209,16435,60,0,0,0,0,0,8,610,5,45,0,0,0,0,0,0,0,0,0,0,0,0,0,0,0,0,0,0,0,0,0,0,224,16950,0,0,0,0
28199.233,17024,58,0,0,0,0,0,8,685,5,45,0,0,0,0,0,0,0,0,0,0,0,0,0,0,0,0,0,0,0,0,0,0,222,16459,0,0,0,0
28216.090,16856,59,0,0,0,0,0,8,678,5,45,0,0,0,0,0,0,0,0,0,0,0,0,0,0,0,0,0,0,0,0,0,0,237,16997,0,0,0,0
28233.094,17004,58,0,0,0,0,0,8,576,5,45,0,0,0,0,0,0,0,0,0,0,0,0,0,0,0,0,0,0,0,0,0,0,233,16941,0,0,0,0
28248.695,15600,64,0,0,0,0,0,8,680,5,45,0,0,0,0,0,0,0,0,0,0,0,0,0,0,0,0,0,0,0,0,0,0,223,16948,0,0,0,0
28266.093,17398,57,0,0,0,0,0,8,684,5,45,0,0,0,0,0,0,0,0,0,0,0,0,0,0,0,0,0,0,0,0,0,0,228,15589,0,0,0,0
28282.452,16358,61,0,0,0,0,0,8,613,5,45,0,0,0,0,0,0,0,0,0,0,0,0,0,0,0,0,0,0,0,0,0,0,252,17451,0,0,0,0
28298.699,16246,61,0,0,0,0,0,8,679,5,45,0,0,0,0,0,0,0,0,0,0,0,0,0,0,0,0,0,0,0,0,0,0,228,16265,0,0,0,0
28315.623,16923,59,0,0,0,0,0,8,642,5,45,0,0,0,0,0,0,0,0,0,0,0,0,0,0,0,0,0,0,0,0,0,0,232,16268,0,0,0,0
28333.104,17481,57,0,0,0,0,0,8,612,5,45,0,0,0,0,0,0,0,0,0,0,0,0,0,0,0,0,0,0,0,0,0,0,235,16953,0,0,0,0
28348.814,15709,63,0,0,0,0,0,8,676,5,45,0,0,0,0,0,0,0,0,0,0,0,0,0,0,0,0,0,0,0,0,0,0,224,17467,0,0,0,0
28365.685,16871,59,0,0,0,0,0,8,680,5,45,0,0,0,0,0,0,0,0,0,0,0,0,0,0,0,0,0,0,0,0,0,0,228,15704,0,0,0,0
28382.190,16505,60,0,0,0,0,0,8,606,5,45,0,0,0,0,0,0,0,0,0,0,0,0,0,0,0,0,0,0,0,0,0,0,228,16885,0,0,0,0
28398.784,16594,60,0,0,0,0,0,8,646,5,45,0,0,0,0,0,0,0,0,0,0,0,0,0,0,0,0,0,0,0,0,0,0,226,16904,0,0,0,0
28415.469,16684,59,0,0,0,0,0,8,678,5,45,0,0,0,0,0,0,0,0,0,0,0,0,0,0,0,0,0,0,0,0,0,0,227,16180,0,0,0,0
28433.097,17629,56,0,0,0,0,0,8,616,5,45,0,0,0,0,0,0,0,0,0,0,0,0,0,0,0,0,0,0,0,0,0,0,232,16679,0,0,0,0
28449.092,15994,62,0,0,0,0,0,8,679,5,45,0,0,0,0,0,0,0,0,0,0,0,0,0,0,0,0,0,0,0,0,0,0,226,17557,0,0,0,0
28465.602,16510,60,0,0,0,0,0,8,640,5,45,0,0,0,0,0,0,0,0,0,0,0,0,0,0,0,0,0,0,0,0,0,0,227,16103,0,0,0,0
28482.206,16603,60,0,0,0,0,0,8,612,5,45,0,0,0,0,0,0,0,0,0,0,0,0,0,0,0,0,0,0,0,0,0,0,232,16566,0,0,0,0
28499.164,16958,58,0,0,0,0,0,8,685,5,45,0,0,0,0,0,0,0,0,0,0,0,0,0,0,0,0,0,0,0,0,0,0,237,16564,0,0,0,0
28515.047,15883,62,0,0,0,0,0,8,683,5,45,0,0,0,0,0,0,0,0,0,0,0,0,0,0,0,0,0,0,0,0,0,0,237,16927,0,0,0,0
28532.152,17105,58,0,0,0,0,0,8,606,5,45,0,0,0,0,0,0,0,0,0,0,0,0,0,0,0,0,0,0,0,0,0,0,231,15900,0,0,0,0
28548.805,16652,60,0,0,0,0,0,8,645,5,45,0,0,0,0,0,0,0,0,0,0,0,0,0,0,0,0,0,0,0,0,0,0,226,17088,0,0,0,0
28565.672,16867,59,0,0,0,0,0,8,682,5,45,0,0,0,0,0,0,0,0,0,0,0,0,0,0,0,0,0,0,0,0,0,0,234,16642,0,0,0,0
28582.643,16970,58,0,0,0,0,0,8,612,5,45,0,0,0,0,0,0,0,0,0,0,0,0,0,0,0,0,0,0,0,0,0,0,236,16847,0,0,0,0
28598.851,16208,61,0,0,0,0,0,8,680,5,45,0,0,0,0,0,0,0,0,0,0,0,0,0,0,0,0,0,0,0,0,0,0,215,16881,0,0,0,0
28615.603,16752,59,0,0,0,0,0,8,680,5,45,0,0,0,0,0,0,0,0,0,0,0,0,0,0,0,0,0,0,0,0,0,0,220,16181,0,0,0,0
28632.226,16622,60,0,0,0,0,0,8,571,5,45,0,0,0,0,0,0,0,0,0,0,0,0,0,0,0,0,0,0,0,0,0,0,237,16883,0,0,0,0
28648.803,16577,60,0,0,0,0,0,8,682,5,45,0,0,0,0,0,0,0,0,0,0,0,0,0,0,0,0,0,0,0,0,0,0,226,16644,0,0,0,0
28665.613,16809,59,0,0,0,0,0,8,685,5,45,0,0,0,0,0,0,0,0,0,0,0,0,0,0,0,0,0,0,0,0,0,0,235,16545,0,0,0,0
28683.118,17504,57,0,0,0,0,0,8,615,5,45,0,0,0,0,0,0,0,0,0,0,0,0,0,0,0,0,0,0,0,0,0,0,232,16855,0,0,0,0
28699.235,16116,62,0,0,0,0,0,8,679,5,45,0,0,0,0,0,0,0,0,0,0,0,0,0,0,0,0,0,0,0,0,0,0,232,17544,0,0,0,0
28715.838,16603,60,0,0,0,0,0,8,647,5,45,0,0,0,0,0,0,0,0,0,0,0,0,0,0,0,0,0,0,0,0,0,0,219,16060,0,0,0,0
28732.162,16324,61,0,0,0,0,0,8,614,5,45,0,0,0,0,0,0,0,0,0,0,0,0,0,0,0,0,0,0,0,0,0,0,238,16637,0,0,0,0
28749.232,17069,58,0,0,0,0,0,8,682,5,45,0,0,0,0,0,0,0,0,0,0,0,0,0,0,0,0,0,0,0,0,0,0,211,16289,0,0,0,0
28765.600,16368,61,0,0,0,0,0,8,671,5,45,0,0,0,0,0,0,0,0,0,0,0,0,0,0,0,0,0,0,0,0,0,0,241,17085,0,0,0,0
28782.355,16755,59,0,0,0,0,0,8,616,5,45,0,0,0,0,0,0,0,0,0,0,0,0,0,0,0,0,0,0,0,0,0,0,221,16433,0,0,0,0
28798.712,16357,61,0,0,0,0,0,8,642,5,45,0,0,0,0,0,0,0,0,0,0,0,0,0,0,0,0,0,0,0,0,0,0,223,16666,0,0,0,0
28815.660,16948,59,0,0,0,0,0,8,683,5,45,0,0,0,0,0,0,0,0,0,0,0,0,0,0,0,0,0,0,0,0,0,0,225,16331,0,0,0,0
28833.089,17428,57,0,0,0,0,0,8,612,5,45,0,0,0,0,0,0,0,0,0,0,0,0,0,0,0,0,0,0,0,0,0,0,227,16978,0,0,0,0
28848.394,15305,65,0,0,0,0,0,8,672,5,45,0,0,0,0,0,0,0,0,0,0,0,0,0,0,0,0,0,0,0,0,0,0,229,17428,0,0,0,0
28865.659,17264,57,0,0,0,0,0,8,644,5,45,0,0,0,0,0,0,0,0,0,0,0,0,0,0,0,0,0,0,0,0,0,0,221,15442,0,0,0,0
28882.176,16517,60,0,0,0,0,0,8,612,5,45,0,0,0,0,0,0,0,0,0,0,0,0,0,0,0,0,0,0,0,0,0,0,224,17118,0,0,0,0
28898.698,16522,60,0,0,0,0,0,8,678,5,45,0,0,0,0,0,0,0,0,0,0,0,0,0,0,0,0,0,0,0,0,0,0,269,16971,0,0,0,0
28915.717,17018,58,0,0,0,0,0,8,680,5,45,0,0,0,0,0,0,0,0,0,0,0,0,0,0,0,0,0,0,0,0,0,0,217,16127,0,0,0,0
28933.088,17371,57,0,0,0,0,0,8,609,5,45,0,0,0,0,0,0,0,0,0,0,0,0,0,0,0,0,0,0,0,0,0,0,222,16929,0,0,0,0
28949.103,16015,62,0,0,0,0,0,8,728,5,45,0,0,0,0,0,0,0,0,0,0,0,0,0,0,0,0,0,0,0,0,0,0,231,17637,0,0,0,0
28965.494,16391,61,0,0,0,0,0,8,4233,5,45,0,0,0,0,0,0,0,0,0,0,0,0,0,0,0,0,0,0,0,0,0,0,0,0,0,0,0,0
28982.618,17123,58,0,0,0,0,0,8,1904,5,45,0,0,0,0,0,0,0,0,0,0,0,0,0,0,0,0,0,0,0,0,0,0,321,37116,0,0,0,0
28999.230,16612,60,0,0,0,0,0,8,1584,5,45,0,0,0,0,0,0,0,0,0,0,0,0,0,0,0,0,0,0,0,0,0,0,196,15450,0,0,0,0
29015.630,16399,60,0,0,0,0,0,8,1406,5,45,0,0,0,0,0,0,0,0,0,0,0,0,0,0,0,0,0,0,0,0,0,0,219,15315,0,0,0,0
29032.468,16838,59,0,0,0,0,0,8,888,5,45,0,0,0,0,0,0,0,0,0,0,0,0,0,0,0,0,0,0,0,0,0,0,215,15343,0,0,0,0
29049.176,16698,59,0,0,0,0,0,8,799,5,45,0,0,0,0,0,0,0,0,0,0,0,0,0,0,0,0,0,0,0,0,0,0,212,16078,0,0,0,0
29065.594,16427,60,0,0,0,0,0,8,791,5,45,0,0,0,0,0,0,0,0,0,0,0,0,0,0,0,0,0,0,0,0,0,0,230,16867,0,0,0,0
29082.511,16917,59,0,0,0,0,0,8,741,5,45,0,0,0,0,0,0,0,0,0,0,0,0,0,0,0,0,0,0,0,0,0,0,235,16405,0,0,0,0
29098.789,16277,61,0,0,0,0,0,8,807,5,45,0,0,0,0,0,0,0,0,0,0,0,0,0,0,0,0,0,0,0,0,0,0,237,16956,0,0,0,0
29115.636,16847,59,0,0,0,0,0,8,762,5,45,0,0,0,0,0,0,0,0,0,0,0,0,0,0,0,0,0,0,0,0,0,0,237,16172,0,0,0,0
29132.750,17113,58,0,0,0,0,0,8,714,5,45,0,0,0,0,0,0,0,0,0,0,0,0,0,0,0,0,0,0,0,0,0,0,215,16769,0,0,0,0
29148.304,15554,64,0,0,0,0,0,8,783,5,45,0,0,0,0,0,0,0,0,0,0,0,0,0,0,0,0,0,0,0,0,0,0,239,17583,0,0,0,0
29165.684,17379,57,0,0,0,0,0,8,783,5,45,0,0,0,0,0,0,0,0,0,0,0,0,0,0,0,0,0,0,0,0,0,0,248,15120,0,0,0,0
29182.043,16359,61,0,0,0,0,0,8,713,5,45,0,0,0,0,0,0,0,0,0,0,0,0,0,0,0,0,0,0,0,0,0,0,241,17424,0,0,0,0
29198.705,16662,60,0,0,0,0,0,8,747,5,45,0,0,0,0,0,0,0,0,0,0,0,0,0,0,0,0,0,0,0,0,0,0,243,16395,0,0,0,0
29215.088,16382,61,0,0,0,0,0,8,783,5,45,0,0,0,0,0,0,0,0,0,0,0,0,0,0,0,0,0,0,0,0,0,0,235,16611,0,0,0,0
29233.105,18017,55,0,0,0,0,0,8,712,5,45,0,0,0,0,0,0,0,0,0,0,0,0,0,0,0,0,0,0,0,0,0,0,234,16483,0,0,0,0
29248.607,15502,64,0,0,0,0,0,8,771,5,45,0,0,0,0,0,0,0,0,0,0,0,0,0,0,0,0,0,0,0,0,0,0,229,18067,0,0,0,0
29265.594,16987,58,0,0,0,0,0,8,743,5,45,0,0,0,0,0,0,0,0,0,0,0,0,0,0,0,0,0,0,0,0,0,0,220,15465,0,0,0,0
29282.610,17016,58,0,0,0,0,0,8,708,5,45,0,0,0,0,0,0,0,0,0,0,0,0,0,0,0,0,0,0,0,0,0,0,237,16929,0,0,0,0
29298.721,16110,62,0,0,0,0,0,8,780,5,45,0,0,0,0,0,0,0,0,0,0,0,0,0,0,0,0,0,0,0,0,0,0,234,16865,0,0,0,0
29315.653,16932,59,0,0,0,0,0,8,784,5,45,0,0,0,0,0,0,0,0,0,0,0,0,0,0,0,0,0,0,0,0,0,0,227,16055,0,0,0,0
29332.371,16717,59,0,0,0,0,0,8,713,5,45,0,0,0,0,0,0,0,0,0,0,0,0,0,0,0,0,0,0,0,0,0,0,258,17152,0,0,0,0
29349.225,16843,59,0,0,0,0,0,8,745,5,45,0,0,0,0,0,0,0,0,0,0,0,0,0,0,0,0,0,0,0,0,0,0,209,16503,0,0,0,0
29366.089,16874,59,0,0,0,0,0,8,780,5,45,0,0,0,0,0,0,0,0,0,0,0,0,0,0,0,0,0,0,0,0,0,0,224,16975,0,0,0,0
29383.089,17000,58,0,0,0,0,0,8,712,5,45,0,0,0,0,0,0,0,0,0,0,0,0,0,0,0,0,0,0,0,0,0,0,227,16869,0,0,0,0
29398.738,15649,63,0,0,0,0,0,8,780,5,45,0,0,0,0,0,0,0,0,0,0,0,0,0,0,0,0,0,0,0,0,0,0,228,17011,0,0,0,0
29415.607,16868,59,0,0,0,0,0,8,776,5,45,0,0,0,0,0,0,0,0,0,0,0,0,0,0,0,0,0,0,0,0,0,0,227,15678,0,0,0,0
29432.246,16639,60,0,0,0,0,0,8,674,5,45,0,0,0,0,0,0,0,0,0,0,0,0,0,0,0,0,0,0,0,0,0,0,228,16849,0,0,0,0
29448.662,16416,60,0,0,0,0,0,8,780,5,45,0,0,0,0,0,0,0,0,0,0,0,0,0,0,0,0,0,0,0,0,0,0,230,16522,0,0,0,0
29465.661,16999,58,0,0,0,0,0,8,783,5,45,0,0,0,0,0,0,0,0,0,0,0,0,0,0,0,0,0,0,0,0,0,0,225,16524,0,0,0,0
29483.090,17429,57,0,0,0,0,0,8,710,5,45,0,0,0,0,0,0,0,0,0,0,0,0,0,0,0,0,0,0,0,0,0,0,226,17396,0,0,0,0
29499.121,16031,62,0,0,0,0,0,8,780,5,45,0,0,0,0,0,0,0,0,0,0,0,0,0,0,0,0,0,0,0,0,0,0,243,17164,0,0,0,0
29515.113,15991,62,0,0,0,0,0,8,741,5,45,0,0,0,0,0,0,0,0,0,0,0,0,0,0,0,0,0,0,0,0,0,0,216,15938,0,0,0,0
29532.265,17152,58,0,0,0,0,0,8,712,5,45,0,0,0,0,0,0,0,0,0,0,0,0,0,0,0,0,0,0,0,0,0,0,199,15907,0,0,0,0
29548.819,16553,60,0,0,0,0,0,8,780,5,45,0,0,0,0,0,0,0,0,0,0,0,0,0,0,0,0,0,0,0,0,0,0,219,17179,0,0,0,0
29565.801,16981,58,0,0,0,0,0,8,784,5,45,0,0,0,0,0,0,0,0,0,0,0,0,0,0,0,0,0,0,0,0,0,0,241,16813,0,0,0,0
29581.834,16033,62,0,0,0,0,0,8,709,5,45,0,0,0,0,0,0,0,0,0,0,0,0,0,0,0,0,0,0,0,0,0,0,218,16729,0,0,0,0
29598.713,16878,59,0,0,0,0,0,8,745,5,45,0,0,0,0,0,0,0,0,0,0,0,0,0,0,0,0,0,0,0,0,0,0,187,16004,0,0,0,0
29615.495,16782,59,0,0,0,0,0,8,783,5,45,0,0,0,0,0,0,0,0,0,0,0,0,0,0,0,0,0,0,0,0,0,0,219,16835,0,0,0,0
29632.092,16596,60,0,0,0,0,0,8,706,5,45,0,0,0,0,0,0,0,0,0,0,0,0,0,0,0,0,0,0,0,0,0,0,232,16852,0,0,0,0
29648.826,16734,59,0,0,0,0,0,8,783,5,45,0,0,0,0,0,0,0,0,0,0,0,0,0,0,0,0,0,0,0,0,0,0,226,16643,0,0,0,0
29665.587,16760,59,0,0,0,0,0,8,747,5,45,0,0,0,0,0,0,0,0,0,0,0,0,0,0,0,0,0,0,0,0,0,0,228,16713,0,0,0,0
29682.127,16540,60,0,0,0,0,0,8,712,5,45,0,0,0,0,0,0,0,0,0,0,0,0,0,0,0,0,0,0,0,0,0,0,228,16792,0,0,0,0
29699.195,17068,58,0,0,0,0,0,8,787,5,45,0,0,0,0,0,0,0,0,0,0,0,0,0,0,0,0,0,0,0,0,0,0,214,16562,0,0,0,0
29715.696,16500,60,0,0,0,0,0,8,780,5,45,0,0,0,0,0,0,0,0,0,0,0,0,0,0,0,0,0,0,0,0,0,0,233,17049,0,0,0,0
29732.134,16437,60,0,0,0,0,0,8,713,5,45,0,0,0,0,0,0,0,0,0,0,0,0,0,0,0,0,0,0,0,0,0,0,227,16435,0,0,0,0
29748.836,16702,59,0,0,0,0,0,8,746,5,45,0,0,0,0,0,0,0,0,0,0,0,0,0,0,0,0,0,0,0,0,0,0,219,16470,0,0,0,0
29765.590,16753,59,0,0,0,0,0,8,784,5,45,0,0,0,0,0,0,0,0,0,0,0,0,0,0,0,0,0,0,0,0,0,0,217,16620,0,0,0,0
29782.162,16572,60,0,0,0,0,0,8,712,5,45,0,0,0,0,0,0,0,0,0,0,0,0,0,0,0,0,0,0,0,0,0,0,224,16869,0,0,0,0
29798.696,16534,60,0,0,0,0,0,8,780,5,45,0,0,0,0,0,0,0,0,0,0,0,0,0,0,0,0,0,0,0,0,0,0,219,16563,0,0,0,0
29815.592,16896,59,0,0,0,0,0,8,780,5,45,0,0,0,0,0,0,0,0,0,0,0,0,0,0,0,0,0,0,0,0,0,0,211,16500,0,0,0,0
29832.356,16764,59,0,0,0,0,0,8,678,5,45,0,0,0,0,0,0,0,0,0,0,0,0,0,0,0,0,0,0,0,0,0,0,224,16944,0,0,0,0
29849.152,16786,59,0,0,0,0,0,8,784,5,45,0,0,0,0,0,0,0,0,0,0,0,0,0,0,0,0,0,0,0,0,0,0,217,16617,0,0,0,0
29865.614,16471,60,0,0,0,0,0,8,779,5,45,0,0,0,0,0,0,0,0,0,0,0,0,0,0,0,0,0,0,0,0,0,0,215,16831,0,0,0,0
29882.104,16490,60,0,0,0,0,0,8,713,5,45,0,0,0,0,0,0,0,0,0,0,0,0,0,0,0,0,0,0,0,0,0,0,232,16666,0,0,0,0
29898.828,16724,59,0,0,0,0,0,8,780,5,45,0,0,0,0,0,0,0,0,0,0,0,0,0,0,0,0,0,0,0,0,0,0,222,16329,0,0,0,0
29915.847,17018,58,0,0,0,0,0,8,745,5,45,0,0,0,0,0,0,0,0,0,0,0,0,0,0,0,0,0,0,0,0,0,0,249,16845,0,0,0,0
29933.089,17242,57,0,0,0,0,0,8,714,5,45,0,0,0,0,0,0,0,0,0,0,0,0,0,0,0,0,0,0,0,0,0,0,221,16976,0,0,0,0
29948.854,15764,63,0,0,0,0,0,8,776,5,45,0,0,0,0,0,0,0,0,0,0,0,0,0,0,0,0,0,0,0,0,0,0,243,17116,0,0,0,0
29965.607,16752,59,0,0,0,0,0,8,779,5,45,0,0,0,0,0,0,0,0,0,0,0,0,0,0,0,0,0,0,0,0,0,0,216,15816,0,0,0,0
29982.072,16464,60,0,0,0,0,0,8,708,5,45,0,0,0,0,0,0,0,0,0,0,0,0,0,0,0,0,0,0,0,0,0,0,249,16796,0,0,0,0
29998.415,16343,61,0,0,0,0,0,8,745,5,45,0,0,0,0,0,0,0,0,0,0,0,0,0,0,0,0,0,0,0,0,0,0,226,16408,0,0,0,0
30015.655,17239,58,0,0,0,0,0,8,781,5,45,0,0,0,0,0,0,0,0,0,0,0,0,0,0,0,0,0,0,0,0,0,0,229,16332,0,0,0,0
30033.074,17419,57,0,0,0,0,0,8,705,5,45,0,0,0,0,0,0,0,0,0,0,0,0,0,0,0,0,0,0,0,0,0,0,230,17307,0,0,0,0
30049.166,16092,62,0,0,0,0,0,8,779,5,45,0,0,0,0,0,0,0,0,0,0,0,0,0,0,0,0,0,0,0,0,0,0,224,17484,0,0,0,0
30065.613,16446,60,0,0,0,0,0,8,744,5,45,0,0,0,0,0,0,0,0,0,0,0,0,0,0,0,0,0,0,0,0,0,0,214,16014,0,0,0,0
30082.502,16889,59,0,0,0,0,0,8,715,5,45,0,0,0,0,0,0,0,0,0,0,0,0,0,0,0,0,0,0,0,0,0,0,219,16368,0,0,0,0
30098.675,16172,61,0,0,0,0,0,8,780,5,45,0,0,0,0,0,0,0,0,0,0,0,0,0,0,0,0,0,0,0,0,0,0,214,16922,0,0,0,0
30115.602,16927,59,0,0,0,0,0,8,784,5,45,0,0,0,0,0,0,0,0,0,0,0,0,0,0,0,0,0,0,0,0,0,0,212,16231,0,0,0,0
30132.648,17046,58,0,0,0,0,0,8,707,5,45,0,0,0,0,0,0,0,0,0,0,0,0,0,0,0,0,0,0,0,0,0,0,228,16835,0,0,0,0
30148.274,15626,63,0,0,0,0,0,8,742,5,45,0,0,0,0,0,0,0,0,0,0,0,0,0,0,0,0,0,0,0,0,0,0,220,16921,0,0,0,0
30165.655,17380,57,0,0,0,0,0,8,784,5,45,0,0,0,0,0,0,0,0,0,0,0,0,0,0,0,0,0,0,0,0,0,0,206,15669,0,0,0,0
30183.074,17418,57,0,0,0,0,0,8,707,5,45,0,0,0,0,0,0,0,0,0,0,0,0,0,0,0,0,0,0,0,0,0,0,223,17475,0,0,0,0
30198.859,15785,63,0,0,0,0,0,8,782,5,45,0,0,0,0,0,0,0,0,0,0,0,0,0,0,0,0,0,0,0,0,0,0,228,17503,0,0,0,0
30215.657,16797,59,0,0,0,0,0,8,779,5,45,0,0,0,0,0,0,0,0,0,0,0,0,0,0,0,0,0,0,0,0,0,0,212,15562,0,0,0,0
30232.603,16945,59,0,0,0,0,0,8,667,5,45,0,0,0,0,0,0,0,0,0,0,0,0,0,0,0,0,0,0,0,0,0,0,218,17355,0,0,0,0
30248.768,16164,61,0,0,0,0,0,8,776,5,45,0,0,0,0,0,0,0,0,0,0,0,0,0,0,0,0,0,0,0,0,0,0,217,16645,0,0,0,0
30265.599,16831,59,0,0,0,0,0,8,783,5,45,0,0,0,0,0,0,0,0,0,0,0,0,0,0,0,0,0,0,0,0,0,0,223,16042,0,0,0,0
30282.196,16598,60,0,0,0,0,0,8,709,5,45,0,0,0,0,0,0,0,0,0,0,0,0,0,0,0,0,0,0,0,0,0,0,223,16871,0,0,0,0
30298.674,16477,60,0,0,0,0,0,8,779,5,45,0,0,0,0,0,0,0,0,0,0,0,0,0,0,0,0,0,0,0,0,0,0,209,16476,0,0,0,0
30315.693,17019,58,0,0,0,0,0,8,742,5,45,0,0,0,0,0,0,0,0,0,0,0,0,0,0,0,0,0,0,0,0,0,0,227,17016,0,0,0,0
30333.082,17388,57,0,0,0,0,0,8,713,5,45,0,0,0,0,0,0,0,0,0,0,0,0,0,0,0,0,0,0,0,0,0,0,219,16597,0,0,0,0
30349.080,15997,62,0,0,0,0,0,8,779,5,45,0,0,0,0,0,0,0,0,0,0,0,0,0,0,0,0,0,0,0,0,0,0,220,17447,0,0,0,0
30365.587,16507,60,0,0,0,0,0,8,773,5,45,0,0,0,0,0,0,0,0,0,0,0,0,0,0,0,0,0,0,0,0,0,0,229,16050,0,0,0,0
30383.069,17482,57,0,0,0,0,0,8,708,5,45,0,0,0,0,0,0,0,0,0,0,0,0,0,0,0,0,0,0,0,0,0,0,233,16409,0,0,0,0
30399.071,16001,62,0,0,0,0,0,8,742,5,45,0,0,0,0,0,0,0,0,0,0,0,0,0,0,0,0,0,0,0,0,0,0,217,17432,0,0,0,0
30416.075,17004,58,0,0,0,0,0,8,780,5,45,0,0,0,0,0,0,0,0,0,0,0,0,0,0,0,0,0,0,0,0,0,0,202,15994,0,0,0,0
30432.249,16173,61,0,0,0,0,0,8,708,5,45,0,0,0,0,0,0,0,0,0,0,0,0,0,0,0,0,0,0,0,0,0,0,215,17023,0,0,0,0
30448.814,16565,60,0,0,0,0,0,8,783,5,45,0,0,0,0,0,0,0,0,0,0,0,0,0,0,0,0,0,0,0,0,0,0,229,16165,0,0,0,0
30465.648,16833,59,0,0,0,0,0,8,751,5,45,0,0,0,0,0,0,0,0,0,0,0,0,0,0,0,0,0,0,0,0,0,0,216,16600,0,0,0,0
30483.090,17442,57,0,0,0,0,0,8,712,5,45,0,0,0,0,0,0,0,0,0,0,0,0,0,0,0,0,0,0,0,0,0,0,239,16920,0,0,0,0
30499.210,16119,62,0,0,0,0,0,8,784,5,45,0,0,0,0,0,0,0,0,0,0,0,0,0,0,0,0,0,0,0,0,0,0,224,17403,0,0,0,0
30515.487,16278,61,0,0,0,0,0,8,776,5,45,0,0,0,0,0,0,0,0,0,0,0,0,0,0,0,0,0,0,0,0,0,0,217,15962,0,0,0,0
30532.459,16970,58,0,0,0,0,0,8,711,5,45,0,0,0,0,0,0,0,0,0,0,0,0,0,0,0,0,0,0,0,0,0,0,258,16437,0,0,0,0
30549.205,16747,59,0,0,0,0,0,8,748,5,45,0,0,0,0,0,0,0,0,0,0,0,0,0,0,0,0,0,0,0,0,0,0,205,16797,0,0,0,0
30565.078,15872,63,0,0,0,0,0,8,775,5,45,0,0,0,0,0,0,0,0,0,0,0,0,0,0,0,0,0,0,0,0,0,0,218,16863,0,0,0,0
30582.445,17366,57,0,0,0,0,0,8,708,5,45,0,0,0,0,0,0,0,0,0,0,0,0,0,0,0,0,0,0,0,0,0,0,216,15958,0,0,0,0
30598.826,16381,61,0,0,0,0,0,8,780,5,45,0,0,0,0,0,0,0,0,0,0,0,0,0,0,0,0,0,0,0,0,0,0,218,17234,0,0,0,0
30615.645,16819,59,0,0,0,0,0,8,779,5,45,0,0,0,0,0,0,0,0,0,0,0,0,0,0,0,0,0,0,0,0,0,0,226,16444,0,0,0,0
30632.555,16909,59,0,0,0,0,0,8,676,5,45,0,0,0,0,0,0,0,0,0,0,0,0,0,0,0,0,0,0,0,0,0,0,210,16831,0,0,0,0
30648.826,16271,61,0,0,0,0,0,8,780,5,45,0,0,0,0,0,0,0,0,0,0,0,0,0,0,0,0,0,0,0,0,0,0,219,16753,0,0,0,0
30665.606,16780,59,0,0,0,0,0,8,779,5,45,0,0,0,0,0,0,0,0,0,0,0,0,0,0,0,0,0,0,0,0,0,0,230,16409,0,0,0,0
30682.097,16491,60,0,0,0,0,0,8,708,5,45,0,0,0,0,0,0,0,0,0,0,0,0,0,0,0,0,0,0,0,0,0,0,223,16736,0,0,0,0
30698.793,16695,59,0,0,0,0,0,8,779,5,45,0,0,0,0,0,0,0,0,0,0,0,0,0,0,0,0,0,0,0,0,0,0,216,16942,0,0,0,0
30715.595,16801,59,0,0,0,0,0,8,743,5,45,0,0,0,0,0,0,0,0,0,0,0,0,0,0,0,0,0,0,0,0,0,0,222,16218,0,0,0,0
30732.145,16550,60,0,0,0,0,0,8,709,5,45,0,0,0,0,0,0,0,0,0,0,0,0,0,0,0,0,0,0,0,0,0,0,208,16725,0,0,0,0
30749.211,17065,58,0,0,0,0,0,8,779,5,45,0,0,0,0,0,0,0,0,0,0,0,0,0,0,0,0,0,0,0,0,0,0,220,16621,0,0,0,0
30765.579,16368,61,0,0,0,0,0,8,780,5,45,0,0,0,0,0,0,0,0,0,0,0,0,0,0,0,0,0,0,0,0,0,0,231,17181,0,0,0,0
30783.076,17496,57,0,0,0,0,0,8,713,5,45,0,0,0,0,0,0,0,0,0,0,0,0,0,0,0,0,0,0,0,0,0,0,226,16380,0,0,0,0
30799.070,15994,62,0,0,0,0,0,8,741,5,45,0,0,0,0,0,0,0,0,0,0,0,0,0,0,0,0,0,0,0,0,0,0,242,17474,0,0,0,0
30816.077,16996,58,0,0,0,0,0,8,785,5,45,0,0,0,0,0,0,0,0,0,0,0,0,0,0,0,0,0,0,0,0,0,0,216,15979,0,0,0,0
30832.132,16065,62,0,0,0,0,0,8,702,5,45,0,0,0,0,0,0,0,0,0,0,0,0,0,0,0,0,0,0,0,0,0,0,225,17001,0,0,0,0
30849.067,16935,59,0,0,0,0,0,8,785,5,45,0,0,0,0,0,0,0,0,0,0,0,0,0,0,0,0,0,0,0,0,0,0,206,15913,0,0,0,0
30866.590,17523,57,0,0,0,0,0,8,739,5,45,0,0,0,0,0,0,0,0,0,0,0,0,0,0,0,0,0,0,0,0,0,0,213,17076,0,0,0,0
30882.536,15945,62,0,0,0,0,0,8,711,5,45,0,0,0,0,0,0,0,0,0,0,0,0,0,0,0,0,0,0,0,0,0,0,224,17515,0,0,0,0
30898.665,16129,61,0,0,0,0,0,8,781,5,45,0,0,0,0,0,0,0,0,0,0,0,0,0,0,0,0,0,0,0,0,0,0,219,15804,0,0,0,0
30915.660,16995,58,0,0,0,0,0,8,784,5,45,0,0,0,0,0,0,0,0,0,0,0,0,0,0,0,0,0,0,0,0,0,0,235,16131,0,0,0,0
30932.212,16551,60,0,0,0,0,0,8,708,5,45,0,0,0,0,0,0,0,0,0,0,0,0,0,0,0,0,0,0,0,0,0,0,244,17185,0,0,0,0
30948.267,16054,62,0,0,0,0,0,8,742,5,45,0,0,0,0,0,0,0,0,0,0,0,0,0,0,0,0,0,0,0,0,0,0,219,16456,0,0,0,0
30965.595,17328,57,0,0,0,0,0,8,779,5,45,0,0,0,0,0,0,0,0,0,0,0,0,0,0,0,0,0,0,0,0,0,0,213,16045,0,0,0,0
30983.070,17474,57,0,0,0,0,0,8,712,5,45,0,0,0,0,0,0,0,0,0,0,0,0,0,0,0,0,0,0,0,0,0,0,236,17415,0,0,0,0
30999.141,16071,62,0,0,0,0,0,8,781,5,45,0,0,0,0,0,0,0,0,0,0,0,0,0,0,0,0,0,0,0,0,0,0,225,17424,0,0,0,0
31015.654,16512,60,0,0,0,0,0,8,775,5,45,0,0,0,0,0,0,0,0,0,0,0,0,0,0,0,0,0,0,0,0,0,0,231,16061,0,0,0,0
31032.181,16516,60,0,0,0,0,0,8,675,5,45,0,0,0,0,0,0,0,0,0,0,0,0,0,0,0,0,0,0,0,0,0,0,222,16555,0,0,0,0
31048.567,16396,60,0,0,0,0,0,8,783,5,45,0,0,0,0,0,0,0,0,0,0,0,0,0,0,0,0,0,0,0,0,0,0,229,16508,0,0,0,0
31065.591,17023,58,0,0,0,0,0,8,780,5,45,0,0,0,0,0,0,0,0,0,0,0,0,0,0,0,0,0,0,0,0,0,0,218,16410,0,0,0,0
31083.071,17480,57,0,0,0,0,0,8,714,5,45,0,0,0,0,0,0,0,0,0,0,0,0,0,0,0,0,0,0,0,0,0,0,238,17007,0,0,0,0
31099.200,16128,62,0,0,0,0,0,8,779,5,45,0,0,0,0,0,0,0,0,0,0,0,0,0,0,0,0,0,0,0,0,0,0,210,17330,0,0,0,0
31115.467,16266,61,0,0,0,0,0,8,750,5,45,0,0,0,0,0,0,0,0,0,0,0,0,0,0,0,0,0,0,0,0,0,0,223,16309,0,0,0,0
31133.078,17611,56,0,0,0,0,0,8,708,5,45,0,0,0,0,0,0,0,0,0,0,0,0,0,0,0,0,0,0,0,0,0,0,222,16185,0,0,0,0
31149.070,15991,62,0,0,0,0,0,8,776,5,45,0,0,0,0,0,0,0,0,0,0,0,0,0,0,0,0,0,0,0,0,0,0,216,17541,0,0,0,0
31165.072,16002,62,0,0,0,0,0,8,776,5,45,0,0,0,0,0,0,0,0,0,0,0,0,0,0,0,0,0,0,0,0,0,0,224,16123,0,0,0,0
31183.075,18002,55,0,0,0,0,0,8,717,5,45,0,0,0,0,0,0,0,0,0,0,0,0,0,0,0,0,0,0,0,0,0,0,227,16021,0,0,0,0
31199.206,16131,61,0,0,0,0,0,8,741,5,45,0,0,0,0,0,0,0,0,0,0,0,0,0,0,0,0,0,0,0,0,0,0,238,18013,0,0,0,0
31215.487,16280,61,0,0,0,0,0,8,780,5,45,0,0,0,0,0,0,0,0,0,0,0,0,0,0,0,0,0,0,0,0,0,0,223,16120,0,0,0,0
31232.096,16609,60,0,0,0,0,0,8,712,5,45,0,0,0,0,0,0,0,0,0,0,0,0,0,0,0,0,0,0,0,0,0,0,207,16215,0,0,0,0
31248.714,16617,60,0,0,0,0,0,8,785,5,45,0,0,0,0,0,0,0,0,0,0,0,0,0,0,0,0,0,0,0,0,0,0,243,16740,0,0,0,0
31265.649,16934,59,0,0,0,0,0,8,750,5,45,0,0,0,0,0,0,0,0,0,0,0,0,0,0,0,0,0,0,0,0,0,0,221,16463,0,0,0,0
31282.401,16752,59,0,0,0,0,0,8,715,5,45,0,0,0,0,0,0,0,0,0,0,0,0,0,0,0,0,0,0,0,0,0,0,226,16970,0,0,0,0
31298.855,16453,60,0,0,0,0,0,8,779,5,45,0,0,0,0,0,0,0,0,0,0,0,0,0,0,0,0,0,0,0,0,0,0,226,16813,0,0,0,0
31315.699,16844,59,0,0,0,0,0,8,781,5,45,0,0,0,0,0,0,0,0,0,0,0,0,0,0,0,0,0,0,0,0,0,0,199,16280,0,0,0,0
31333.071,17372,57,0,0,0,0,0,8,713,5,45,0,0,0,0,0,0,0,0,0,0,0,0,0,0,0,0,0,0,0,0,0,0,223,16958,0,0,0,0
31349.197,16125,62,0,0,0,0,0,8,738,5,45,0,0,0,0,0,0,0,0,0,0,0,0,0,0,0,0,0,0,0,0,0,0,231,17418,0,0,0,0
31365.593,16396,60,0,0,0,0,0,8,779,5,45,0,0,0,0,0,0,0,0,0,0,0,0,0,0,0,0,0,0,0,0,0,0,228,16125,0,0,0,0
31382.199,16605,60,0,0,0,0,0,8,709,5,45,0,0,0,0,0,0,0,0,0,0,0,0,0,0,0,0,0,0,0,0,0,0,215,16370,0,0,0,0
31398.663,16463,60,0,0,0,0,0,8,784,5,45,0,0,0,0,0,0,0,0,0,0,0,0,0,0,0,0,0,0,0,0,0,0,210,16591,0,0,0,0
31415.648,16985,58,0,0,0,0,0,8,780,5,45,0,0,0,0,0,0,0,0,0,0,0,0,0,0,0,0,0,0,0,0,0,0,223,16771,0,0,0,0
31432.580,16932,59,0,0,0,0,0,8,670,5,45,0,0,0,0,0,0,0,0,0,0,0,0,0,0,0,0,0,0,0,0,0,0,232,16709,0,0,0,0
31448.770,16190,61,0,0,0,0,0,8,779,5,45,0,0,0,0,0,0,0,0,0,0,0,0,0,0,0,0,0,0,0,0,0,0,231,16942,0,0,0,0
31465.646,16875,59,0,0,0,0,0,8,784,5,45,0,0,0,0,0,0,0,0,0,0,0,0,0,0,0,0,0,0,0,0,0,0,225,16158,0,0,0,0
31481.922,16276,61,0,0,0,0,0,8,709,5,45,0,0,0,0,0,0,0,0,0,0,0,0,0,0,0,0,0,0,0,0,0,0,224,16913,0,0,0,0
31498.826,16904,59,0,0,0,0,0,8,783,5,45,0,0,0,0,0,0,0,0,0,0,0,0,0,0,0,0,0,0,0,0,0,0,226,16252,0,0,0,0
31515.767,16940,59,0,0,0,0,0,8,743,5,45,0,0,0,0,0,0,0,0,0,0,0,0,0,0,0,0,0,0,0,0,0,0,262,17015,0,0,0,0
31532.183,16416,60,0,0,0,0,0,8,713,5,45,0,0,0,0,0,0,0,0,0,0,0,0,0,0,0,0,0,0,0,0,0,0,223,16838,0,0,0,0
31549.065,16881,59,0,0,0,0,0,8,783,5,45,0,0,0,0,0,0,0,0,0,0,0,0,0,0,0,0,0,0,0,0,0,0,233,16777,0,0,0,0
31565.640,16574,60,0,0,0,0,0,8,780,5,45,0,0,0,0,0,0,0,0,0,0,0,0,0,0,0,0,0,0,0,0,0,0,210,16463,0,0,0,0
31582.244,16604,60,0,0,0,0,0,8,711,5,45,0,0,0,0,0,0,0,0,0,0,0,0,0,0,0,0,0,0,0,0,0,0,230,16626,0,0,0,0
31598.808,16564,60,0,0,0,0,0,8,750,5,45,0,0,0,0,0,0,0,0,0,0,0,0,0,0,0,0,0,0,0,0,0,0,231,16582,0,0,0,0
31616.067,17258,57,0,0,0,0,0,8,781,5,45,0,0,0,0,0,0,0,0,0,0,0,0,0,0,0,0,0,0,0,0,0,0,226,16567,0,0,0,0
31633.071,17004,58,0,0,0,0,0,8,712,5,45,0,0,0,0,0,0,0,0,0,0,0,0,0,0,0,0,0,0,0,0,0,0,207,16250,0,0,0,0
31648.926,15854,63,0,0,0,0,0,8,780,5,45,0,0,0,0,0,0,0,0,0,0,0,0,0,0,0,0,0,0,0,0,0,0,266,18079,0,0,0,0
31665.072,16146,61,0,0,0,0,0,8,738,5,45,0,0,0,0,0,0,0,0,0,0,0,0,0,0,0,0,0,0,0,0,0,0,207,15645,0,0,0,0
31683.066,17993,55,0,0,0,0,0,8,716,5,45,0,0,0,0,0,0,0,0,0,0,0,0,0,0,0,0,0,0,0,0,0,0,216,15290,0,0,0,0
31699.144,16078,62,0,0,0,0,0,8,777,5,45,0,0,0,0,0,0,0,0,0,0,0,0,0,0,0,0,0,0,0,0,0,0,279,19099,0,0,0,0
31715.608,16463,60,0,0,0,0,0,8,779,5,45,0,0,0,0,0,0,0,0,0,0,0,0,0,0,0,0,0,0,0,0,0,0,228,16018,0,0,0,0
31732.291,16683,59,0,0,0,0,0,8,708,5,45,0,0,0,0,0,0,0,0,0,0,0,0,0,0,0,0,0,0,0,0,0,0,205,16223,0,0,0,0
31748.669,16378,61,0,0,0,0,0,8,746,5,45,0,0,0,0,0,0,0,0,0,0,0,0,0,0,0,0,0,0,0,0,0,0,229,16872,0,0,0,0
31765.589,16919,59,0,0,0,0,0,8,779,5,45,0,0,0,0,0,0,0,0,0,0,0,0,0,0,0,0,0,0,0,0,0,0,219,16315,0,0,0,0
31783.056,17467,57,0,0,0,0,0,8,713,5,45,0,0,0,0,0,0,0,0,0,0,0,0,0,0,0,0,0,0,0,0,0,0,210,17054,0,0,0,0
31799.142,16086,62,0,0,0,0,0,8,780,5,45,0,0,0,0,0,0,0,0,0,0,0,0,0,0,0,0,0,0,0,0,0,0,236,17437,0,0,0,0
31815.638,16495,60,0,0,0,0,0,8,780,5,45,0,0,0,0,0,0,0,0,0,0,0,0,0,0,0,0,0,0,0,0,0,0,215,16070,0,0,0,0
31833.060,17422,57,0,0,0,0,0,8,671,5,45,0,0,0,0,0,0,0,0,0,0,0,0,0,0,0,0,0,0,0,0,0,0,214,16455,0,0,0,0
31849.118,16058,62,0,0,0,0,0,8,779,5,45,0,0,0,0,0,0,0,0,0,0,0,0,0,0,0,0,0,0,0,0,0,0,225,17499,0,0,0,0
31865.487,16368,61,0,0,0,0,0,8,776,5,45,0,0,0,0,0,0,0,0,0,0,0,0,0,0,0,0,0,0,0,0,0,0,231,16036,0,0,0,0
31883.066,17579,56,0,0,0,0,0,8,716,5,45,0,0,0,0,0,0,0,0,0,0,0,0,0,0,0,0,0,0,0,0,0,0,227,16346,0,0,0,0
31898.819,15752,63,0,0,0,0,0,8,779,5,45,0,0,0,0,0,0,0,0,0,0,0,0,0,0,0,0,0,0,0,0,0,0,247,17605,0,0,0,0
31915.605,16786,59,0,0,0,0,0,8,743,5,45,0,0,0,0,0,0,0,0,0,0,0,0,0,0,0,0,0,0,0,0,0,0,222,15719,0,0,0,0
31932.363,16757,59,0,0,0,0,0,8,713,5,45,0,0,0,0,0,0,0,0,0,0,0,0,0,0,0,0,0,0,0,0,0,0,214,16755,0,0,0,0
31948.678,16315,61,0,0,0,0,0,8,934,5,45,0,0,0,0,0,0,0,0,0,0,0,0,0,0,0,0,0,0,0,0,0,0,205,17346,0,0,0,0
31965.570,16891,59,0,0,0,0,0,8,1122,5,45,0,0,0,0,0,0,0,0,0,0,0,0,0,0,0,0,0,0,0,0,0,0,227,16091,0,0,0,0
31982.376,16806,59,0,0,0,0,0,8,743,5,45,0,0,0,0,0,0,0,0,0,0,0,0,0,0,0,0,0,0,0,0,0,0,221,16604,0,0,0,0
31999.058,16682,59,0,0,0,0,0,8,787,5,45,0,0,0,0,0,0,0,0,0,0,0,0,0,0,0,0,0,0,0,0,0,0,231,16795,0,0,0,0
32015.640,16582,60,0,0,0,0,0,8,819,5,45,0,0,0,0,0,0,0,0,0,0,0,0,0,0,0,0,0,0,0,0,0,0,235,16603,0,0,0,0
32033.056,17415,57,0,0,0,0,0,8,739,5,45,0,0,0,0,0,0,0,0,0,0,0,0,0,0,0,0,0,0,0,0,0,0,211,16626,0,0,0,0
32048.823,15767,63,0,0,0,0,0,8,815,5,45,0,0,0,0,0,0,0,0,0,0,0,0,0,0,0,0,0,0,0,0,0,0,225,17395,0,0,0,0
32065.548,16725,59,0,0,0,0,0,8,772,5,45,0,0,0,0,0,0,0,0,0,0,0,0,0,0,0,0,0,0,0,0,0,0,219,15765,0,0,0,0
32082.239,16691,59,0,0,0,0,0,8,721,5,45,0,0,0,0,0,0,0,0,0,0,0,0,0,0,0,0,0,0,0,0,0,0,212,17200,0,0,0,0
32099.133,16893,59,0,0,0,0,0,8,808,5,45,0,0,0,0,0,0,0,0,0,0,0,0,0,0,0,0,0,0,0,0,0,0,210,16208,0,0,0,0
32115.582,16448,60,0,0,0,0,0,8,805,5,45,0,0,0,0,0,0,0,0,0,0,0,0,0,0,0,0,0,0,0,0,0,0,221,16942,0,0,0,0
32132.184,16592,60,0,0,0,0,0,8,727,5,45,0,0,0,0,0,0,0,0,0,0,0,0,0,0,0,0,0,0,0,0,0,0,221,16452,0,0,0,0
32149.165,16990,58,0,0,0,0,0,8,770,5,45,0,0,0,0,0,0,0,0,0,0,0,0,0,0,0,0,0,0,0,0,0,0,207,16422,0,0,0,0
32165.617,16451,60,0,0,0,0,0,8,806,5,45,0,0,0,0,0,0,0,0,0,0,0,0,0,0,0,0,0,0,0,0,0,0,224,17111,0,0,0,0
32182.706,17088,58,0,0,0,0,0,8,727,5,45,0,0,0,0,0,0,0,0,0,0,0,0,0,0,0,0,0,0,0,0,0,0,218,16398,0,0,0,0
32198.805,16098,62,0,0,0,0,0,8,806,5,45,0,0,0,0,0,0,0,0,0,0,0,0,0,0,0,0,0,0,0,0,0,0,219,17140,0,0,0,0
32215.698,16893,59,0,0,0,0,0,8,806,5,45,0,0,0,0,0,0,0,0,0,0,0,0,0,0,0,0,0,0,0,0,0,0,209,16329,0,0,0,0
32232.760,17062,58,0,0,0,0,0,8,690,5,45,0,0,0,0,0,0,0,0,0,0,0,0,0,0,0,0,0,0,0,0,0,0,228,16769,0,0,0,0
32248.812,16051,62,0,0,0,0,0,8,806,5,45,0,0,0,0,0,0,0,0,0,0,0,0,0,0,0,0,0,0,0,0,0,0,218,16975,0,0,0,0
32265.467,16654,60,0,0,0,0,0,8,807,5,45,0,0,0,0,0,0,0,0,0,0,0,0,0,0,0,0,0,0,0,0,0,0,233,16066,0,0,0,0
32282.607,17133,58,0,0,0,0,0,8,734,5,45,0,0,0,0,0,0,0,0,0,0,0,0,0,0,0,0,0,0,0,0,0,0,223,16623,0,0,0,0
32299.202,16601,60,0,0,0,0,0,8,806,5,45,0,0,0,0,0,0,0,0,0,0,0,0,0,0,0,0,0,0,0,0,0,0,198,17051,0,0,0,0
32315.766,16564,60,0,0,0,0,0,8,760,5,45,0,0,0,0,0,0,0,0,0,0,0,0,0,0,0,0,0,0,0,0,0,0,228,16787,0,0,0,0
32332.522,16755,59,0,0,0,0,0,8,729,5,45,0,0,0,0,0,0,0,0,0,0,0,0,0,0,0,0,0,0,0,0,0,0,229,16438,0,0,0,0
32348.693,16170,61,0,0,0,0,0,8,807,5,45,0,0,0,0,0,0,0,0,0,0,0,0,0,0,0,0,0,0,0,0,0,0,214,16807,0,0,0,0
32365.570,16877,59,0,0,0,0,0,8,807,5,45,0,0,0,0,0,0,0,0,0,0,0,0,0,0,0,0,0,0,0,0,0,0,218,16117,0,0,0,0
32382.132,16562,60,0,0,0,0,0,8,724,5,45,0,0,0,0,0,0,0,0,0,0,0,0,0,0,0,0,0,0,0,0,0,0,217,16930,0,0,0,0
32399.569,17437,57,0,0,0,0,0,8,768,5,45,0,0,0,0,0,0,0,0,0,0,0,0,0,0,0,0,0,0,0,0,0,0,225,16581,0,0,0,0
32415.716,16146,61,0,0,0,0,0,8,807,5,45,0,0,0,0,0,0,0,0,0,0,0,0,0,0,0,0,0,0,0,0,0,0,228,17390,0,0,0,0
32432.163,16447,60,0,0,0,0,0,8,724,5,45,0,0,0,0,0,0,0,0,0,0,0,0,0,0,0,0,0,0,0,0,0,0,230,16495,0,0,0,0
32448.655,16491,60,0,0,0,0,0,8,808,5,45,0,0,0,0,0,0,0,0,0,0,0,0,0,0,0,0,0,0,0,0,0,0,208,16020,0,0,0,0
32465.060,16405,60,0,0,0,0,0,8,764,5,45,0,0,0,0,0,0,0,0,0,0,0,0,0,0,0,0,0,0,0,0,0,0,215,16581,0,0,0,0
32482.402,17342,57,0,0,0,0,0,8,751,5,45,0,0,0,0,0,0,0,0,0,0,0,0,0,0,0,0,0,0,0,0,0,0,225,16988,0,0,0,0
32498.837,16435,60,0,0,0,0,0,8,828,5,45,0,0,0,0,0,0,0,0,0,0,0,0,0,0,0,0,0,0,0,0,0,0,231,16856,0,0,0,0
32515.080,16243,61,0,0,0,0,0,8,844,5,45,0,0,0,0,0,0,0,0,0,0,0,0,0,0,0,0,0,0,0,0,0,0,223,16434,0,0,0,0
32533.049,17968,55,0,0,0,0,0,8,763,5,45,0,0,0,0,0,0,0,0,0,0,0,0,0,0,0,0,0,0,0,0,0,0,218,16082,0,0,0,0
32548.816,15767,63,0,0,0,0,0,8,245,5,45,0,0,0,0,0,0,0,0,0,0,0,0,0,0,0,0,0,0,0,0,0,0,0,0,0,0,0,0
32754.368,205551,4,0,0,0,0,0,8,348831,18,49,0,0,0,0,0,0,0,0,0,0,0,0,0,0,0,0,0,0,0,0,0,0,114611,237357,0,0,0,0
32799.167,44799,22,0,0,0,0,0,8,56606,9,50,0,0,0,0,0,0,0,0,0,0,0,0,0,0,0,0,0,0,0,0,0,0,0,44798,0,0,0,0
32815.086,15918,62,0,0,0,0,0,8,13706,5,50,0,0,0,0,0,0,0,0,0,0,0,0,0,0,0,0,0,0,0,0,0,0,71,71,0,0,0,0
32833.054,17968,55,0,0,0,0,0,8,9654,5,50,0,0,0,0,0,0,0,0,0,0,0,0,0,0,0,0,0,0,0,0,0,0,213,17458,0,0,0,0
32849.477,16422,60,0,0,0,0,0,8,4535,5,50,0,0,0,0,0,0,0,0,0,0,0,0,0,0,0,0,0,0,0,0,0,0,211,17972,0,0,0,0
32865.060,15583,64,0,0,0,0,0,8,7058,5,50,0,0,0,0,0,0,0,0,0,0,0,0,0,0,0,0,0,0,0,0,0,0,204,16419,0,0,0,0
32882.575,17514,57,0,0,0,0,0,8,28764,5,50,0,0,0,0,0,0,0,0,0,0,0,0,0,0,0,0,0,0,0,0,0,0,196,15569,0,0,0,0
32899.202,16626,60,0,0,0,0,0,8,47141,5,50,0,0,0,0,0,0,0,0,0,0,0,0,0,0,0,0,0,0,0,0,0,0,220,18046,0,0,0,0
32915.628,16426,60,0,0,0,0,0,8,46167,5,50,0,0,0,0,0,0,0,0,0,0,0,0,0,0,0,0,0,0,0,0,0,0,204,16102,0,0,0,0
32932.078,16450,60,0,0,0,0,0,8,46305,5,50,0,0,0,0,0,0,0,0,0,0,0,0,0,0,0,0,0,0,0,0,0,0,219,16999,0,0,0,0
32949.235,17157,58,0,0,0,0,0,8,31904,5,50,0,0,0,0,0,0,0,0,0,0,0,0,0,0,0,0,0,0,0,0,0,0,207,15415,0,0,0,0
32966.065,16829,59,0,0,0,0,0,8,337,5,50,0,0,0,0,0,0,0,0,0,0,0,0,0,0,0,0,0,0,0,0,0,0,226,17634,0,0,0,0
32982.621,16556,60,0,0,0,0,0,8,3645,5,50,0,0,0,0,0,0,0,0,0,0,0,0,0,0,0,0,0,0,0,0,0,0,193,16816,0,0,0,0
33000.050,17428,57,0,0,0,0,0,8,40094,5,50,0,0,0,0,0,0,0,0,0,0,0,0,0,0,0,0,0,0,0,0,0,0,233,17097,0,0,0,0
33015.728,15679,63,0,0,0,0,0,8,15662,5,50,0,0,0,0,0,0,0,0,0,0,0,0,0,0,0,0,0,0,0,0,0,0,201,16904,0,0,0,0
33032.569,16840,59,0,0,0,0,0,8,78492,5,50,0,0,0,0,0,0,0,0,0,0,0,0,0,0,0,0,0,0,0,0,0,0,200,15149,0,0,0,0
33049.937,17367,57,0,0,0,0,0,8,44785,5,51,0,0,0,0,0,0,0,0,0,0,0,0,0,0,0,0,0,0,0,0,0,0,199,17858,0,0,0,0
33065.352,15415,64,0,0,0,0,0,8,306,5,51,0,0,0,0,0,0,0,0,0,0,0,0,0,0,0,0,0,0,0,0,0,0,214,16866,0,0,0,0
33082.555,17202,58,0,0,0,0,0,8,254,5,51,0,0,0,0,0,0,0,0,0,0,0,0,0,0,0,0,0,0,0,0,0,0,203,14932,0,0,0,0
33099.128,16572,60,0,0,0,0,0,8,860,5,51,0,0,0,0,0,0,0,0,0,0,0,0,0,0,0,0,0,0,0,0,0,0,203,17680,0,0,0,0
33115.594,16466,60,0,0,0,0,0,8,285,5,51,0,0,0,0,0,0,0,0,0,0,0,0,0,0,0,0,0,0,0,0,0,0,213,17097,0,0,0,0
33133.048,17453,57,0,0,0,0,0,8,1213,5,51,0,0,0,0,0,0,0,0,0,0,0,0,0,0,0,0,0,0,0,0,0,0,191,15426,0,0,0,0
33148.972,15923,62,0,0,0,0,0,8,241,5,51,0,0,0,0,0,0,0,0,0,0,0,0,0,0,0,0,0,0,0,0,0,0,225,18025,0,0,0,0
33166.055,17082,58,0,0,0,0,0,8,1138,5,51,0,0,0,0,0,0,0,0,0,0,0,0,0,0,0,0,0,0,0,0,0,0,240,16438,0,0,0,0
33181.736,15681,63,0,0,0,0,0,8,216,5,51,0,0,0,0,0,0,0,0,0,0,0,0,0,0,0,0,0,0,0,0,0,0,238,16560,0,0,0,0
33199.273,17536,57,0,0,0,0,0,8,498,5,51,0,0,0,0,0,0,0,0,0,0,0,0,0,0,0,0,0,0,0,0,0,0,227,15150,0,0,0,0
33216.576,17303,57,0,0,0,0,0,8,270,5,51,0,0,0,0,0,0,0,0,0,0,0,0,0,0,0,0,0,0,0,0,0,0,208,17512,0,0,0,0
33232.223,15647,63,0,0,0,0,0,8,209,5,51,0,0,0,0,0,0,0,0,0,0,0,0,0,0,0,0,0,0,0,0,0,0,196,17298,0,0,0,0
33249.193,16957,58,0,0,0,0,0,8,218,5,51,0,0,0,0,0,0,0,0,0,0,0,0,0,0,0,0,0,0,0,0,0,0,176,16138,0,0,0,0
33265.780,16599,60,0,0,0,0,0,8,346,5,51,0,0,0,0,0,0,0,0,0,0,0,0,0,0,0,0,0,0,0,0,0,0,187,16975,0,0,0,0
33282.588,16807,59,0,0,0,0,0,8,2096,5,51,0,0,0,0,0,0,0,0,0,0,0,0,0,0,0,0,0,0,0,0,0,0,198,17142,0,0,0,0
33300.047,17459,57,0,0,0,0,0,8,666,5,51,0,0,0,0,0,0,0,0,0,0,0,0,0,0,0,0,0,0,0,0,0,0,187,15753,0,0,0,0
33315.058,15011,66,0,0,0,0,0,8,167,5,51,0,0,0,0,0,0,0,0,0,0,0,0,0,0,0,0,0,0,0,0,0,0,195,17977,0,0,0,0
33333.066,18008,55,0,0,0,0,0,8,223,5,51,0,0,0,0,0,0,0,0,0,0,0,0,0,0,0,0,0,0,0,0,0,0,179,14503,0,0,0,0
33349.180,16113,62,0,0,0,0,0,8,722,5,51,0,0,0,0,0,0,0,0,0,0,0,0,0,0,0,0,0,0,0,0,0,0,209,18503,0,0,0,0
33365.763,16583,60,0,0,0,0,0,8,358,5,51,0,0,0,0,0,0,0,0,0,0,0,0,0,0,0,0,0,0,0,0,0,0,195,16117,0,0,0,0
33382.442,16678,59,0,0,0,0,0,8,240,5,51,0,0,0,0,0,0,0,0,0,0,0,0,0,0,0,0,0,0,0,0,0,0,213,17162,0,0,0,0
33399.196,16753,59,0,0,0,0,0,8,244,5,51,0,0,0,0,0,0,0,0,0,0,0,0,0,0,0,0,0,0,0,0,0,0,221,16175,0,0,0,0
33415.254,16058,62,0,0,0,0,0,8,145,5,51,0,0,0,0,0,0,0,0,0,0,0,0,0,0,0,0,0,0,0,0,0,0,194,16160,0,0,0,0
33433.048,17794,56,0,0,0,0,0,8,253,5,51,0,0,0,0,0,0,0,0,0,0,0,0,0,0,0,0,0,0,0,0,0,0,203,17074,0,0,0,0
