t_ms,frame_time_us,fps,draw_calls,command_buffer_stalls,vertices_processed,xma_frames_decoded,audio_frame_latency_us,buffer_queue_depth,functions_dispatched,interrupt_dispatches,active_threads,apc_queue_depth,critical_region_contentions,texture_cache_hits,texture_cache_misses,pipeline_cache_hits,pipeline_cache_misses,cp_busy_us,cp_idle_us,fence_wait_us,swap_us,gpu_busy_us,submissions,resolves,render_target_switches,barrier_batches,barriers,pipelines_created,shader_translations,draws_skipped_pending,cp_waitregmem_us,cp_waitregmem_count,cp_thread_cpu_us,guest_swap_thread_cpu_us,guest_swap_interval_us,app0,app1,app2,app3
0.000,0,0,0,0,0,0,0,8,86526,28,39,0,0,0,0,0,0,0,0,0,0,0,0,0,0,0,0,0,0,0,0,0,0,0,0,0,0,0,0
15.124,15418,64,0,0,0,0,0,8,261,5,39,0,0,0,0,0,0,0,0,0,0,0,0,0,0,0,0,0,0,0,0,0,0,254,567,0,0,0,0
65.122,49998,20,0,0,0,0,0,8,734,9,39,0,0,0,0,0,0,0,0,0,0,0,0,0,0,0,0,0,0,0,0,0,0,378,65231,0,0,0,0
81.758,16636,60,0,0,0,0,0,8,453,5,39,0,0,0,0,0,0,0,0,0,0,0,0,0,0,0,0,0,0,0,0,0,0,159,15143,0,0,0,0
98.311,16552,60,0,0,0,0,0,8,465,5,39,0,0,0,0,0,0,0,0,0,0,0,0,0,0,0,0,0,0,0,0,0,0,143,14806,0,0,0,0
115.080,16769,59,0,0,0,0,0,8,511,5,39,0,0,0,0,0,0,0,0,0,0,0,0,0,0,0,0,0,0,0,0,0,0,219,15844,0,0,0,0
131.594,16513,60,0,0,0,0,0,8,230,5,39,0,0,0,0,0,0,0,0,0,0,0,0,0,0,0,0,0,0,0,0,0,0,173,5543,0,0,0,0
148.161,16566,60,0,0,0,0,0,8,449,5,39,0,0,0,0,0,0,0,0,0,0,0,0,0,0,0,0,0,0,0,0,0,0,248,30073,0,0,0,0
165.070,16909,59,0,0,0,0,0,8,479,5,39,0,0,0,0,0,0,0,0,0,0,0,0,0,0,0,0,0,0,0,0,0,0,162,17447,0,0,0,0
181.389,16318,61,0,0,0,0,0,8,229,5,39,0,0,0,0,0,0,0,0,0,0,0,0,0,0,0,0,0,0,0,0,0,0,148,2423,0,0,0,0
198.157,16767,59,0,0,0,0,0,8,296,5,39,0,0,0,0,0,0,0,0,0,0,0,0,0,0,0,0,0,0,0,0,0,0,222,16240,0,0,0,0
215.061,16904,59,0,0,0,0,0,8,486,5,39,0,0,0,0,0,0,0,0,0,0,0,0,0,0,0,0,0,0,0,0,0,0,241,30803,0,0,0,0
231.792,16731,59,0,0,0,0,0,8,390,5,39,0,0,0,0,0,0,0,0,0,0,0,0,0,0,0,0,0,0,0,0,0,0,158,18052,0,0,0,0
247.816,16023,62,0,0,0,0,0,8,290,5,39,0,0,0,0,0,0,0,0,0,0,0,0,0,0,0,0,0,0,0,0,0,0,156,1793,0,0,0,0
265.063,17247,57,0,0,0,0,0,8,309,5,39,0,0,0,0,0,0,0,0,0,0,0,0,0,0,0,0,0,0,0,0,0,0,266,15858,0,0,0,0
282.078,17015,58,0,0,0,0,0,8,420,5,39,0,0,0,0,0,0,0,0,0,0,0,0,0,0,0,0,0,0,0,0,0,0,259,31598,0,0,0,0
298.080,16002,62,0,0,0,0,0,8,388,5,39,0,0,0,0,0,0,0,0,0,0,0,0,0,0,0,0,0,0,0,0,0,0,0,0,0,0,0,0
315.086,17005,58,0,0,0,0,0,8,357,5,39,0,0,0,0,0,0,0,0,0,0,0,0,0,0,0,0,0,0,0,0,0,0,265,18041,0,0,0,0
331.826,16740,59,0,0,0,0,0,8,239,5,39,0,0,0,0,0,0,0,0,0,0,0,0,0,0,0,0,0,0,0,0,0,0,256,17600,0,0,0,0
348.158,16332,61,0,0,0,0,0,8,478,5,39,0,0,0,0,0,0,0,0,0,0,0,0,0,0,0,0,0,0,0,0,0,0,238,31448,0,0,0,0
364.548,16389,61,0,0,0,0,0,8,335,5,39,0,0,0,0,0,0,0,0,0,0,0,0,0,0,0,0,0,0,0,0,0,0,0,0,0,0,0,0
381.586,17037,58,0,0,0,0,0,8,372,5,39,0,0,0,0,0,0,0,0,0,0,0,0,0,0,0,0,0,0,0,0,0,0,248,18197,0,0,0,0
398.333,16747,59,0,0,0,0,0,8,274,5,39,0,0,0,0,0,0,0,0,0,0,0,0,0,0,0,0,0,0,0,0,0,0,227,16848,0,0,0,0
415.064,16731,59,0,0,0,0,0,8,362,5,39,0,0,0,0,0,0,0,0,0,0,0,0,0,0,0,0,0,0,0,0,0,0,0,0,0,0,0,0
431.608,16543,60,0,0,0,0,0,8,380,5,39,0,0,0,0,0,0,0,0,0,0,0,0,0,0,0,0,0,0,0,0,0,0,239,33314,0,0,0,0
447.675,16067,62,0,0,0,0,0,8,450,5,39,0,0,0,0,0,0,0,0,0,0,0,0,0,0,0,0,0,0,0,0,0,0,232,18072,0,0,0,0
465.190,17515,57,0,0,0,0,0,8,274,5,39,0,0,0,0,0,0,0,0,0,0,0,0,0,0,0,0,0,0,0,0,0,0,231,14722,0,0,0,0
481.712,16522,60,0,0,0,0,0,8,318,5,39,0,0,0,0,0,0,0,0,0,0,0,0,0,0,0,0,0,0,0,0,0,0,0,0,0,0,0,0
498.690,16977,58,0,0,0,0,0,8,509,5,39,0,0,0,0,0,0,0,0,0,0,0,0,0,0,0,0,0,0,0,0,0,0,229,33522,0,0,0,0
515.066,16376,61,0,0,0,0,0,8,360,5,39,0,0,0,0,0,0,0,0,0,0,0,0,0,0,0,0,0,0,0,0,0,0,196,16750,0,0,0,0
532.549,17482,57,0,0,0,0,0,8,241,5,39,0,0,0,0,0,0,0,0,0,0,0,0,0,0,0,0,0,0,0,0,0,0,232,17149,0,0,0,0
548.304,15755,63,0,0,0,0,0,8,310,5,39,0,0,0,0,0,0,0,0,0,0,0,0,0,0,0,0,0,0,0,0,0,0,0,0,0,0,0,0
564.813,16508,60,0,0,0,0,0,8,470,5,39,0,0,0,0,0,0,0,0,0,0,0,0,0,0,0,0,0,0,0,0,0,0,253,33527,0,0,0,0
581.770,16957,58,0,0,0,0,0,8,383,5,39,0,0,0,0,0,0,0,0,0,0,0,0,0,0,0,0,0,0,0,0,0,0,173,17185,0,0,0,0
598.067,16286,61,0,0,0,0,0,8,297,5,39,0,0,0,0,0,0,0,0,0,0,0,0,0,0,0,0,0,0,0,0,0,0,225,16645,0,0,0,0
615.547,17490,57,0,0,0,0,0,8,490,5,39,0,0,0,0,0,0,0,0,0,0,0,0,0,0,0,0,0,0,0,0,0,0,221,30794,0,0,0,0
631.786,16239,61,0,0,0,0,0,8,253,5,39,0,0,0,0,0,0,0,0,0,0,0,0,0,0,0,0,0,0,0,0,0,0,0,0,0,0,0,0
648.123,16336,61,0,0,0,0,0,8,416,5,39,0,0,0,0,0,0,0,0,0,0,0,0,0,0,0,0,0,0,0,0,0,0,246,18808,0,0,0,0
665.087,16964,58,0,0,0,0,0,8,298,5,39,0,0,0,0,0,0,0,0,0,0,0,0,0,0,0,0,0,0,0,0,0,0,233,16109,0,0,0,0
681.673,16586,60,0,0,0,0,0,8,293,5,39,0,0,0,0,0,0,0,0,0,0,0,0,0,0,0,0,0,0,0,0,0,0,0,0,0,0,0,0
697.718,16044,62,0,0,0,0,0,8,433,5,39,0,0,0,0,0,0,0,0,0,0,0,0,0,0,0,0,0,0,0,0,0,0,237,33483,0,0,0,0
715.556,17837,56,0,0,0,0,0,8,425,5,39,0,0,0,0,0,0,0,0,0,0,0,0,0,0,0,0,0,0,0,0,0,0,178,17941,0,0,0,0
732.057,16501,60,0,0,0,0,0,8,233,5,39,0,0,0,0,0,0,0,0,0,0,0,0,0,0,0,0,0,0,0,0,0,0,233,15978,0,0,0,0
747.782,15724,63,0,0,0,0,0,8,332,5,39,0,0,0,0,0,0,0,0,0,0,0,0,0,0,0,0,0,0,0,0,0,0,0,0,0,0,0,0
765.148,17366,57,0,0,0,0,0,8,504,5,39,0,0,0,0,0,0,0,0,0,0,0,0,0,0,0,0,0,0,0,0,0,0,210,32664,0,0,0,0
781.657,16509,60,0,0,0,0,0,8,348,5,39,0,0,0,0,0,0,0,0,0,0,0,0,0,0,0,0,0,0,0,0,0,0,195,16906,0,0,0,0
798.203,16545,60,0,0,0,0,0,8,267,5,39,0,0,0,0,0,0,0,0,0,0,0,0,0,0,0,0,0,0,0,0,0,0,246,16511,0,0,0,0
815.056,16852,59,0,0,0,0,0,8,486,5,39,0,0,0,0,0,0,0,0,0,0,0,0,0,0,0,0,0,0,0,0,0,0,248,31816,0,0,0,0
831.568,16512,60,0,0,0,0,0,8,285,5,39,0,0,0,0,0,0,0,0,0,0,0,0,0,0,0,0,0,0,0,0,0,0,0,0,0,0,0,0
848.315,16746,59,0,0,0,0,0,8,422,5,39,0,0,0,0,0,0,0,0,0,0,0,0,0,0,0,0,0,0,0,0,0,0,210,18152,0,0,0,0
865.545,17230,58,0,0,0,0,0,8,266,5,39,0,0,0,0,0,0,0,0,0,0,0,0,0,0,0,0,0,0,0,0,0,0,225,16597,0,0,0,0
882.551,17006,58,0,0,0,0,0,8,417,5,39,0,0,0,0,0,0,0,0,0,0,0,0,0,0,0,0,0,0,0,0,0,0,234,32259,0,0,0,0
898.053,15501,64,0,0,0,0,0,8,322,5,39,0,0,0,0,0,0,0,0,0,0,0,0,0,0,0,0,0,0,0,0,0,0,0,0,0,0,0,0
915.080,17027,58,0,0,0,0,0,8,445,5,39,0,0,0,0,0,0,0,0,0,0,0,0,0,0,0,0,0,0,0,0,0,0,226,18101,0,0,0,0
931.452,16372,61,0,0,0,0,0,8,241,5,39,0,0,0,0,0,0,0,0,0,0,0,0,0,0,0,0,0,0,0,0,0,0,226,16424,0,0,0,0
948.189,16737,59,0,0,0,0,0,8,451,5,39,0,0,0,0,0,0,0,0,0,0,0,0,0,0,0,0,0,0,0,0,0,0,239,31111,0,0,0,0
965.148,16959,58,0,0,0,0,0,8,370,5,39,0,0,0,0,0,0,0,0,0,0,0,0,0,0,0,0,0,0,0,0,0,0,0,0,0,0,0,0
982.058,16909,59,0,0,0,0,0,8,339,5,39,0,0,0,0,0,0,0,0,0,0,0,0,0,0,0,0,0,0,0,0,0,0,256,18785,0,0,0,0
998.180,16121,62,0,0,0,0,0,8,301,5,39,0,0,0,0,0,0,0,0,0,0,0,0,0,0,0,0,0,0,0,0,0,0,238,17140,0,0,0,0
1015.125,16945,59,0,0,0,0,0,8,363,5,39,0,0,0,0,0,0,0,0,0,0,0,0,0,0,0,0,0,0,0,0,0,0,0,0,0,0,0,0
1031.757,16632,60,0,0,0,0,0,8,338,5,39,0,0,0,0,0,0,0,0,0,0,0,0,0,0,0,0,0,0,0,0,0,0,238,32873,0,0,0,0
1048.170,16412,60,0,0,0,0,0,8,443,5,39,0,0,0,0,0,0,0,0,0,0,0,0,0,0,0,0,0,0,0,0,0,0,228,18130,0,0,0,0
1065.085,16915,59,0,0,0,0,0,8,296,5,39,0,0,0,0,0,0,0,0,0,0,0,0,0,0,0,0,0,0,0,0,0,0,231,15076,0,0,0,0
1081.636,16535,60,0,0,0,0,0,8,313,5,39,0,0,0,0,0,0,0,0,0,0,0,0,0,0,0,0,0,0,0,0,0,0,0,0,0,0,0,0
1098.206,16585,60,0,0,0,0,0,8,464,5,39,0,0,0,0,0,0,0,0,0,0,0,0,0,0,0,0,0,0,0,0,0,0,246,33140,0,0,0,0
1115.070,16864,59,0,0,0,0,0,8,375,5,39,0,0,0,0,0,0,0,0,0,0,0,0,0,0,0,0,0,0,0,0,0,0,200,16898,0,0,0,0
1131.623,16552,60,0,0,0,0,0,8,241,5,39,0,0,0,0,0,0,0,0,0,0,0,0,0,0,0,0,0,0,0,0,0,0,243,16848,0,0,0,0
1149.071,17447,57,0,0,0,0,0,8,492,5,39,0,0,0,0,0,0,0,0,0,0,0,0,0,0,0,0,0,0,0,0,0,0,226,31785,0,0,0,0
1164.711,15640,63,0,0,0,0,0,8,326,5,39,0,0,0,0,0,0,0,0,0,0,0,0,0,0,0,0,0,0,0,0,0,0,0,0,0,0,0,0
1181.681,16969,58,0,0,0,0,0,8,377,5,39,0,0,0,0,0,0,0,0,0,0,0,0,0,0,0,0,0,0,0,0,0,0,239,17899,0,0,0,0
1198.294,16613,60,0,0,0,0,0,8,268,5,39,0,0,0,0,0,0,0,0,0,0,0,0,0,0,0,0,0,0,0,0,0,0,228,16985,0,0,0,0
1215.058,16763,59,0,0,0,0,0,8,485,5,39,0,0,0,0,0,0,0,0,0,0,0,0,0,0,0,0,0,0,0,0,0,0,232,30863,0,0,0,0
1232.004,16945,59,0,0,0,0,0,8,423,5,39,0,0,0,0,0,0,0,0,0,0,0,0,0,0,0,0,0,0,0,0,0,0,143,18091,0,0,0,0
1248.567,16563,60,0,0,0,0,0,8,289,5,39,0,0,0,0,0,0,0,0,0,0,0,0,0,0,0,0,0,0,0,0,0,0,149,1802,0,0,0,0
1264.565,15998,62,0,0,0,0,0,8,261,5,39,0,0,0,0,0,0,0,0,0,0,0,0,0,0,0,0,0,0,0,0,0,0,240,16162,0,0,0,0
1282.552,17987,55,0,0,0,0,0,8,421,5,39,0,0,0,0,0,0,0,0,0,0,0,0,0,0,0,0,0,0,0,0,0,0,215,31177,0,0,0,0
1298.245,15692,63,0,0,0,0,0,8,305,5,39,0,0,0,0,0,0,0,0,0,0,0,0,0,0,0,0,0,0,0,0,0,0,0,0,0,0,0,0
1315.206,16960,58,0,0,0,0,0,8,463,5,39,0,0,0,0,0,0,0,0,0,0,0,0,0,0,0,0,0,0,0,0,0,0,220,19790,0,0,0,0
1331.804,16598,60,0,0,0,0,0,8,240,5,39,0,0,0,0,0,0,0,0,0,0,0,0,0,0,0,0,0,0,0,0,0,0,241,15619,0,0,0,0
1348.099,16295,61,0,0,0,0,0,8,310,5,39,0,0,0,0,0,0,0,0,0,0,0,0,0,0,0,0,0,0,0,0,0,0,0,0,0,0,0,0
1364.849,16749,59,0,0,0,0,0,8,463,5,39,0,0,0,0,0,0,0,0,0,0,0,0,0,0,0,0,0,0,0,0,0,0,231,32723,0,0,0,0
1381.446,16596,60,0,0,0,0,0,8,386,5,39,0,0,0,0,0,0,0,0,0,0,0,0,0,0,0,0,0,0,0,0,0,0,180,17553,0,0,0,0
1399.075,17629,56,0,0,0,0,0,8,298,5,39,0,0,0,0,0,0,0,0,0,0,0,0,0,0,0,0,0,0,0,0,0,0,221,15902,0,0,0,0
1415.541,16466,60,0,0,0,0,0,8,376,5,39,0,0,0,0,0,0,0,0,0,0,0,0,0,0,0,0,0,0,0,0,0,0,0,0,0,0,0,0
1431.590,16049,62,0,0,0,0,0,8,337,5,39,0,0,0,0,0,0,0,0,0,0,0,0,0,0,0,0,0,0,0,0,0,0,239,33550,0,0,0,0
1448.197,16607,60,0,0,0,0,0,8,439,5,39,0,0,0,0,0,0,0,0,0,0,0,0,0,0,0,0,0,0,0,0,0,0,215,17016,0,0,0,0
1465.071,16873,59,0,0,0,0,0,8,304,5,39,0,0,0,0,0,0,0,0,0,0,0,0,0,0,0,0,0,0,0,0,0,0,290,16291,0,0,0,0
1482.069,16998,58,0,0,0,0,0,8,417,5,39,0,0,0,0,0,0,0,0,0,0,0,0,0,0,0,0,0,0,0,0,0,0,214,32187,0,0,0,0
1498.174,16104,62,0,0,0,0,0,8,331,5,39,0,0,0,0,0,0,0,0,0,0,0,0,0,0,0,0,0,0,0,0,0,0,0,0,0,0,0,0
1515.073,16899,59,0,0,0,0,0,8,400,5,39,0,0,0,0,0,0,0,0,0,0,0,0,0,0,0,0,0,0,0,0,0,0,223,17944,0,0,0,0
1531.060,15987,62,0,0,0,0,0,8,242,5,39,0,0,0,0,0,0,0,0,0,0,0,0,0,0,0,0,0,0,0,0,0,0,228,17144,0,0,0,0
1548.065,17004,58,0,0,0,0,0,8,481,5,39,0,0,0,0,0,0,0,0,0,0,0,0,0,0,0,0,0,0,0,0,0,0,210,30705,0,0,0,0
1564.933,16867,59,0,0,0,0,0,8,392,5,39,0,0,0,0,0,0,0,0,0,0,0,0,0,0,0,0,0,0,0,0,0,0,0,0,0,0,0,0
1581.745,16812,59,0,0,0,0,0,8,315,5,39,0,0,0,0,0,0,0,0,0,0,0,0,0,0,0,0,0,0,0,0,0,0,236,18020,0,0,0,0
1598.312,16566,60,0,0,0,0,0,8,268,5,39,0,0,0,0,0,0,0,0,0,0,0,0,0,0,0,0,0,0,0,0,0,0,257,17570,0,0,0,0
1614.699,16387,61,0,0,0,0,0,8,494,5,39,0,0,0,0,0,0,0,0,0,0,0,0,0,0,0,0,0,0,0,0,0,0,237,31295,0,0,0,0
1631.707,17007,58,0,0,0,0,0,8,391,5,39,0,0,0,0,0,0,0,0,0,0,0,0,0,0,0,0,0,0,0,0,0,0,0,0,0,0,0,0
1648.289,16582,60,0,0,0,0,0,8,315,5,39,0,0,0,0,0,0,0,0,0,0,0,0,0,0,0,0,0,0,0,0,0,0,221,17522,0,0,0,0
1664.782,16492,60,0,0,0,0,0,8,270,5,39,0,0,0,0,0,0,0,0,0,0,0,0,0,0,0,0,0,0,0,0,0,0,235,17835,0,0,0,0
1681.357,16575,60,0,0,0,0,0,8,421,5,39,0,0,0,0,0,0,0,0,0,0,0,0,0,0,0,0,0,0,0,0,0,0,230,30920,0,0,0,0
1698.539,17182,58,0,0,0,0,0,8,294,5,39,0,0,0,0,0,0,0,0,0,0,0,0,0,0,0,0,0,0,0,0,0,0,148,1930,0,0,0,0
1715.207,16667,59,0,0,0,0,0,8,478,5,39,0,0,0,0,0,0,0,0,0,0,0,0,0,0,0,0,0,0,0,0,0,0,239,32499,0,0,0,0
1731.793,16586,60,0,0,0,0,0,8,421,5,39,0,0,0,0,0,0,0,0,0,0,0,0,0,0,0,0,0,0,0,0,0,0,125,15490,0,0,0,0
1748.580,16786,59,0,0,0,0,0,8,258,5,39,0,0,0,0,0,0,0,0,0,0,0,0,0,0,0,0,0,0,0,0,0,0,167,3137,0,0,0,0
1765.059,16478,60,0,0,0,0,0,8,305,5,39,0,0,0,0,0,0,0,0,0,0,0,0,0,0,0,0,0,0,0,0,0,0,222,16062,0,0,0,0
1781.755,16696,59,0,0,0,0,0,8,351,5,39,0,0,0,0,0,0,0,0,0,0,0,0,0,0,0,0,0,0,0,0,0,0,0,0,0,0,0,0
1798.065,16310,61,0,0,0,0,0,8,551,5,39,0,0,0,0,0,0,0,0,0,0,0,0,0,0,0,0,0,0,0,0,0,0,334,47459,0,0,0,0
1815.052,16986,58,0,0,0,0,0,8,294,5,39,0,0,0,0,0,0,0,0,0,0,0,0,0,0,0,0,0,0,0,0,0,0,132,1995,0,0,0,0
1831.832,16779,59,0,0,0,0,0,8,205,5,39,0,0,0,0,0,0,0,0,0,0,0,0,0,0,0,0,0,0,0,0,0,0,243,17089,0,0,0,0
1848.070,16238,61,0,0,0,0,0,8,345,5,39,0,0,0,0,0,0,0,0,0,0,0,0,0,0,0,0,0,0,0,0,0,0,0,0,0,0,0,0
1864.934,16864,59,0,0,0,0,0,8,555,5,39,0,0,0,0,0,0,0,0,0,0,0,0,0,0,0,0,0,0,0,0,0,0,224,33013,0,0,0,0
1881.400,16466,60,0,0,0,0,0,8,290,5,39,0,0,0,0,0,0,0,0,0,0,0,0,0,0,0,0,0,0,0,0,0,0,190,15898,0,0,0,0
1898.151,16750,59,0,0,0,0,0,8,301,5,39,0,0,0,0,0,0,0,0,0,0,0,0,0,0,0,0,0,0,0,0,0,0,225,17442,0,0,0,0
1915.145,16994,58,0,0,0,0,0,8,340,5,39,0,0,0,0,0,0,0,0,0,0,0,0,0,0,0,0,0,0,0,0,0,0,0,0,0,0,0,0
1931.700,16554,60,0,0,0,0,0,8,514,5,39,0,0,0,0,0,0,0,0,0,0,0,0,0,0,0,0,0,0,0,0,0,0,241,33297,0,0,0,0
1948.489,16789,59,0,0,0,0,0,8,321,5,39,0,0,0,0,0,0,0,0,0,0,0,0,0,0,0,0,0,0,0,0,0,0,519,16662,0,0,0,0
1965.537,17047,58,0,0,0,0,0,8,229,5,39,0,0,0,0,0,0,0,0,0,0,0,0,0,0,0,0,0,0,0,0,0,0,250,17025,0,0,0,0
1982.549,17011,58,0,0,0,0,0,8,193,5,39,0,0,0,0,0,0,0,0,0,0,0,0,0,0,0,0,0,0,0,0,0,0,239,17122,0,0,0,0
1998.157,15608,64,0,0,0,0,0,8,192,5,39,0,0,0,0,0,0,0,0,0,0,0,0,0,0,0,0,0,0,0,0,0,0,231,16957,0,0,0,0
2015.072,16914,59,0,0,0,0,0,8,451,5,39,0,0,0,0,0,0,0,0,0,0,0,0,0,0,0,0,0,0,0,0,0,0,928,27220,0,0,0,0
2031.797,16725,59,0,0,0,0,0,8,209,5,39,0,0,0,0,0,0,0,0,0,0,0,0,0,0,0,0,0,0,0,0,0,0,201,5358,0,0,0,0
2048.299,16501,60,0,0,0,0,0,8,247,5,39,0,0,0,0,0,0,0,0,0,0,0,0,0,0,0,0,0,0,0,0,0,0,239,16704,0,0,0,0
2065.070,16771,59,0,0,0,0,0,8,231,5,39,0,0,0,0,0,0,0,0,0,0,0,0,0,0,0,0,0,0,0,0,0,0,221,16465,0,0,0,0
2081.707,16637,60,0,0,0,0,0,8,385,5,39,0,0,0,0,0,0,0,0,0,0,0,0,0,0,0,0,0,0,0,0,0,0,229,27840,0,0,0,0
2098.380,16672,59,0,0,0,0,0,8,435,5,39,0,0,0,0,0,0,0,0,0,0,0,0,0,0,0,0,0,0,0,0,0,0,175,19229,0,0,0,0
2115.072,16692,59,0,0,0,0,0,8,254,5,39,0,0,0,0,0,0,0,0,0,0,0,0,0,0,0,0,0,0,0,0,0,0,152,2990,0,0,0,0
2131.446,16374,61,0,0,0,0,0,8,207,5,39,0,0,0,0,0,0,0,0,0,0,0,0,0,0,0,0,0,0,0,0,0,0,232,16755,0,0,0,0
2148.542,17096,58,0,0,0,0,0,8,411,5,39,0,0,0,0,0,0,0,0,0,0,0,0,0,0,0,0,0,0,0,0,0,0,235,29060,0,0,0,0
2164.540,15997,62,0,0,0,0,0,8,430,5,39,0,0,0,0,0,0,0,0,0,0,0,0,0,0,0,0,0,0,0,0,0,0,146,17878,0,0,0,0
2181.678,17137,58,0,0,0,0,0,8,210,5,39,0,0,0,0,0,0,0,0,0,0,0,0,0,0,0,0,0,0,0,0,0,0,148,2508,0,0,0,0
2198.189,16511,60,0,0,0,0,0,8,254,5,39,0,0,0,0,0,0,0,0,0,0,0,0,0,0,0,0,0,0,0,0,0,0,281,17241,0,0,0,0
2214.548,16358,61,0,0,0,0,0,8,435,5,39,0,0,0,0,0,0,0,0,0,0,0,0,0,0,0,0,0,0,0,0,0,0,269,28964,0,0,0,0
2232.543,17995,55,0,0,0,0,0,8,366,5,39,0,0,0,0,0,0,0,0,0,0,0,0,0,0,0,0,0,0,0,0,0,0,183,17322,0,0,0,0
2248.055,15511,64,0,0,0,0,0,8,247,5,39,0,0,0,0,0,0,0,0,0,0,0,0,0,0,0,0,0,0,0,0,0,0,168,4520,0,0,0,0
2265.056,17001,58,0,0,0,0,0,8,258,5,39,0,0,0,0,0,0,0,0,0,0,0,0,0,0,0,0,0,0,0,0,0,0,205,15426,0,0,0,0
2281.346,16290,61,0,0,0,0,0,8,383,5,39,0,0,0,0,0,0,0,0,0,0,0,0,0,0,0,0,0,0,0,0,0,0,224,29633,0,0,0,0
2298.041,16695,59,0,0,0,0,0,8,434,5,39,0,0,0,0,0,0,0,0,0,0,0,0,0,0,0,0,0,0,0,0,0,0,175,17028,0,0,0,0
2314.635,16594,60,0,0,0,0,0,8,231,5,39,0,0,0,0,0,0,0,0,0,0,0,0,0,0,0,0,0,0,0,0,0,0,135,3388,0,0,0,0
2332.546,17910,55,0,0,0,0,0,8,209,5,39,0,0,0,0,0,0,0,0,0,0,0,0,0,0,0,0,0,0,0,0,0,0,234,16555,0,0,0,0
2348.547,16001,62,0,0,0,0,0,8,431,5,39,0,0,0,0,0,0,0,0,0,0,0,0,0,0,0,0,0,0,0,0,0,0,233,30665,0,0,0,0
2365.534,16987,58,0,0,0,0,0,8,431,5,39,0,0,0,0,0,0,0,0,0,0,0,0,0,0,0,0,0,0,0,0,0,0,170,17720,0,0,0,0
2381.707,16173,61,0,0,0,0,0,8,202,5,39,0,0,0,0,0,0,0,0,0,0,0,0,0,0,0,0,0,0,0,0,0,0,202,2655,0,0,0,0
2398.062,16355,61,0,0,0,0,0,8,226,5,39,0,0,0,0,0,0,0,0,0,0,0,0,0,0,0,0,0,0,0,0,0,0,230,16044,0,0,0,0
2414.953,16890,59,0,0,0,0,0,8,439,5,39,0,0,0,0,0,0,0,0,0,0,0,0,0,0,0,0,0,0,0,0,0,0,227,28666,0,0,0,0
2431.705,16752,59,0,0,0,0,0,8,386,5,39,0,0,0,0,0,0,0,0,0,0,0,0,0,0,0,0,0,0,0,0,0,0,175,18151,0,0,0,0
2448.233,16528,60,0,0,0,0,0,8,255,5,39,0,0,0,0,0,0,0,0,0,0,0,0,0,0,0,0,0,0,0,0,0,0,154,3151,0,0,0,0
2465.045,16811,59,0,0,0,0,0,8,226,5,39,0,0,0,0,0,0,0,0,0,0,0,0,0,0,0,0,0,0,0,0,0,0,239,16526,0,0,0,0
2481.648,16603,60,0,0,0,0,0,8,394,5,39,0,0,0,0,0,0,0,0,0,0,0,0,0,0,0,0,0,0,0,0,0,0,231,29368,0,0,0,0
2498.155,16506,60,0,0,0,0,0,8,431,5,39,0,0,0,0,0,0,0,0,0,0,0,0,0,0,0,0,0,0,0,0,0,0,171,18259,0,0,0,0
2515.531,17376,57,0,0,0,0,0,8,255,5,39,0,0,0,0,0,0,0,0,0,0,0,0,0,0,0,0,0,0,0,0,0,0,157,2331,0,0,0,0
2531.401,15869,63,0,0,0,0,0,8,206,5,39,0,0,0,0,0,0,0,0,0,0,0,0,0,0,0,0,0,0,0,0,0,0,247,17463,0,0,0,0
2548.186,16785,59,0,0,0,0,0,8,413,5,39,0,0,0,0,0,0,0,0,0,0,0,0,0,0,0,0,0,0,0,0,0,0,222,28249,0,0,0,0
2565.068,16882,59,0,0,0,0,0,8,435,5,39,0,0,0,0,0,0,0,0,0,0,0,0,0,0,0,0,0,0,0,0,0,0,157,17973,0,0,0,0
2581.803,16734,59,0,0,0,0,0,8,211,5,39,0,0,0,0,0,0,0,0,0,0,0,0,0,0,0,0,0,0,0,0,0,0,154,3191,0,0,0,0
2598.041,16238,61,0,0,0,0,0,8,254,5,39,0,0,0,0,0,0,0,0,0,0,0,0,0,0,0,0,0,0,0,0,0,0,227,16753,0,0,0,0
2615.044,17003,58,0,0,0,0,0,8,435,5,39,0,0,0,0,0,0,0,0,0,0,0,0,0,0,0,0,0,0,0,0,0,0,227,29483,0,0,0,0
2631.311,16266,61,0,0,0,0,0,8,358,5,39,0,0,0,0,0,0,0,0,0,0,0,0,0,0,0,0,0,0,0,0,0,0,148,17819,0,0,0,0
2648.308,16997,58,0,0,0,0,0,8,258,5,39,0,0,0,0,0,0,0,0,0,0,0,0,0,0,0,0,0,0,0,0,0,0,131,1169,0,0,0,0
2665.054,16745,59,0,0,0,0,0,8,255,5,39,0,0,0,0,0,0,0,0,0,0,0,0,0,0,0,0,0,0,0,0,0,0,237,18015,0,0,0,0
2681.173,16119,62,0,0,0,0,0,8,386,5,39,0,0,0,0,0,0,0,0,0,0,0,0,0,0,0,0,0,0,0,0,0,0,259,29257,0,0,0,0
2698.045,16872,59,0,0,0,0,0,8,435,5,39,0,0,0,0,0,0,0,0,0,0,0,0,0,0,0,0,0,0,0,0,0,0,140,17762,0,0,0,0
2715.083,17038,58,0,0,0,0,0,8,230,5,39,0,0,0,0,0,0,0,0,0,0,0,0,0,0,0,0,0,0,0,0,0,0,141,2808,0,0,0,0
2731.535,16451,60,0,0,0,0,0,8,206,5,39,0,0,0,0,0,0,0,0,0,0,0,0,0,0,0,0,0,0,0,0,0,0,241,16953,0,0,0,0
2748.060,16524,60,0,0,0,0,0,8,435,5,39,0,0,0,0,0,0,0,0,0,0,0,0,0,0,0,0,0,0,0,0,0,0,281,29141,0,0,0,0
2765.533,17473,57,0,0,0,0,0,8,435,5,39,0,0,0,0,0,0,0,0,0,0,0,0,0,0,0,0,0,0,0,0,0,0,151,17043,0,0,0,0
2781.671,16138,61,0,0,0,0,0,8,208,5,39,0,0,0,0,0,0,0,0,0,0,0,0,0,0,0,0,0,0,0,0,0,0,144,4282,0,0,0,0
2798.050,16368,61,0,0,0,0,0,8,232,5,39,0,0,0,0,0,0,0,0,0,0,0,0,0,0,0,0,0,0,0,0,0,0,245,16159,0,0,0,0
2814.692,16652,60,0,0,0,0,0,8,431,5,39,0,0,0,0,0,0,0,0,0,0,0,0,0,0,0,0,0,0,0,0,0,0,234,28903,0,0,0,0
2832.528,17836,56,0,0,0,0,0,8,391,5,39,0,0,0,0,0,0,0,0,0,0,0,0,0,0,0,0,0,0,0,0,0,0,171,18109,0,0,0,0
2847.691,15162,65,0,0,0,0,0,8,250,5,39,0,0,0,0,0,0,0,0,0,0,0,0,0,0,0,0,0,0,0,0,0,0,142,3838,0,0,0,0
2865.063,17372,57,0,0,0,0,0,8,229,5,39,0,0,0,0,0,0,0,0,0,0,0,0,0,0,0,0,0,0,0,0,0,0,228,15150,0,0,0,0
2881.652,16589,60,0,0,0,0,0,8,387,5,39,0,0,0,0,0,0,0,0,0,0,0,0,0,0,0,0,0,0,0,0,0,0,243,29926,0,0,0,0
2898.143,16490,60,0,0,0,0,0,8,435,5,39,0,0,0,0,0,0,0,0,0,0,0,0,0,0,0,0,0,0,0,0,0,0,169,17557,0,0,0,0
2915.119,16976,58,0,0,0,0,0,8,254,5,39,0,0,0,0,0,0,0,0,0,0,0,0,0,0,0,0,0,0,0,0,0,0,170,2985,0,0,0,0
2931.410,16290,61,0,0,0,0,0,8,206,5,39,0,0,0,0,0,0,0,0,0,0,0,0,0,0,0,0,0,0,0,0,0,0,220,16900,0,0,0,0
2948.162,16752,59,0,0,0,0,0,8,414,5,39,0,0,0,0,0,0,0,0,0,0,0,0,0,0,0,0,0,0,0,0,0,0,216,29489,0,0,0,0
2964.557,16394,60,0,0,0,0,0,8,435,5,39,0,0,0,0,0,0,0,0,0,0,0,0,0,0,0,0,0,0,0,0,0,0,163,17148,0,0,0,0
2980.917,16359,61,0,0,0,0,0,8,207,5,39,0,0,0,0,0,0,0,0,0,0,0,0,0,0,0,0,0,0,0,0,0,0,154,2888,0,0,0,0
2998.048,17121,58,0,0,0,0,0,8,258,5,39,0,0,0,0,0,0,0,0,0,0,0,0,0,0,0,0,0,0,0,0,0,0,256,16351,0,0,0,0
3015.053,17015,58,0,0,0,0,0,8,435,5,39,0,0,0,0,0,0,0,0,0,0,0,0,0,0,0,0,0,0,0,0,0,0,238,29685,0,0,0,0
3032.539,17485,57,0,0,0,0,0,8,186,5,39,0,0,0,0,0,0,0,0,0,0,0,0,0,0,0,0,0,0,0,0,0,0,160,4426,0,0,0,0
3048.108,15569,64,0,0,0,0,0,8,426,5,39,0,0,0,0,0,0,0,0,0,0,0,0,0,0,0,0,0,0,0,0,0,0,240,30992,0,0,0,0
3064.732,16623,60,0,0,0,0,0,8,435,5,39,0,0,0,0,0,0,0,0,0,0,0,0,0,0,0,0,0,0,0,0,0,0,160,14595,0,0,0,0
3081.760,17027,58,0,0,0,0,0,8,213,5,39,0,0,0,0,0,0,0,0,0,0,0,0,0,0,0,0,0,0,0,0,0,0,164,4105,0,0,0,0
3098.308,16548,60,0,0,0,0,0,8,255,5,39,0,0,0,0,0,0,0,0,0,0,0,0,0,0,0,0,0,0,0,0,0,0,237,17019,0,0,0,0
3115.527,17219,58,0,0,0,0,0,8,415,5,39,0,0,0,0,0,0,0,0,0,0,0,0,0,0,0,0,0,0,0,0,0,0,236,29999,0,0,0,0
3131.785,16258,61,0,0,0,0,0,8,386,5,39,0,0,0,0,0,0,0,0,0,0,0,0,0,0,0,0,0,0,0,0,0,0,164,16383,0,0,0,0
3148.113,16327,61,0,0,0,0,0,8,247,5,39,0,0,0,0,0,0,0,0,0,0,0,0,0,0,0,0,0,0,0,0,0,0,187,3700,0,0,0,0
3165.544,17430,57,0,0,0,0,0,8,259,5,39,0,0,0,0,0,0,0,0,0,0,0,0,0,0,0,0,0,0,0,0,0,0,223,16208,0,0,0,0
3182.528,16984,58,0,0,0,0,0,8,385,5,39,0,0,0,0,0,0,0,0,0,0,0,0,0,0,0,0,0,0,0,0,0,0,257,31025,0,0,0,0
3198.523,15995,62,0,0,0,0,0,8,403,5,39,0,0,0,0,0,0,0,0,0,0,0,0,0,0,0,0,0,0,0,0,0,0,171,16130,0,0,0,0
3214.535,16012,62,0,0,0,0,0,8,250,5,39,0,0,0,0,0,0,0,0,0,0,0,0,0,0,0,0,0,0,0,0,0,0,151,3334,0,0,0,0
3231.418,16883,59,0,0,0,0,0,8,206,5,39,0,0,0,0,0,0,0,0,0,0,0,0,0,0,0,0,0,0,0,0,0,0,215,15978,0,0,0,0
3249.045,17626,56,0,0,0,0,0,8,435,5,39,0,0,0,0,0,0,0,0,0,0,0,0,0,0,0,0,0,0,0,0,0,0,237,29965,0,0,0,0
3264.808,15763,63,0,0,0,0,0,8,406,5,39,0,0,0,0,0,0,0,0,0,0,0,0,0,0,0,0,0,0,0,0,0,0,142,16812,0,0,0,0
3281.770,16961,58,0,0,0,0,0,8,207,5,39,0,0,0,0,0,0,0,0,0,0,0,0,0,0,0,0,0,0,0,0,0,0,161,3545,0,0,0,0
3297.702,15931,62,0,0,0,0,0,8,254,5,39,0,0,0,0,0,0,0,0,0,0,0,0,0,0,0,0,0,0,0,0,0,0,229,16913,0,0,0,0
3314.536,16834,59,0,0,0,0,0,8,431,5,39,0,0,0,0,0,0,0,0,0,0,0,0,0,0,0,0,0,0,0,0,0,0,231,29324,0,0,0,0
3331.610,17074,58,0,0,0,0,0,8,382,5,39,0,0,0,0,0,0,0,0,0,0,0,0,0,0,0,0,0,0,0,0,0,0,174,16051,0,0,0,0
3348.073,16462,60,0,0,0,0,0,8,230,5,39,0,0,0,0,0,0,0,0,0,0,0,0,0,0,0,0,0,0,0,0,0,0,138,4471,0,0,0,0
3365.051,16977,58,0,0,0,0,0,8,255,5,39,0,0,0,0,0,0,0,0,0,0,0,0,0,0,0,0,0,0,0,0,0,0,223,16505,0,0,0,0
3381.403,16352,61,0,0,0,0,0,8,386,5,39,0,0,0,0,0,0,0,0,0,0,0,0,0,0,0,0,0,0,0,0,0,0,238,30446,0,0,0,0
3398.167,16763,59,0,0,0,0,0,8,438,5,39,0,0,0,0,0,0,0,0,0,0,0,0,0,0,0,0,0,0,0,0,0,0,172,15345,0,0,0,0
3415.186,17019,58,0,0,0,0,0,8,255,5,39,0,0,0,0,0,0,0,0,0,0,0,0,0,0,0,0,0,0,0,0,0,0,165,4282,0,0,0,0
3431.718,16531,60,0,0,0,0,0,8,178,5,39,0,0,0,0,0,0,0,0,0,0,0,0,0,0,0,0,0,0,0,0,0,0,242,16966,0,0,0,0
3448.273,16554,60,0,0,0,0,0,8,439,5,39,0,0,0,0,0,0,0,0,0,0,0,0,0,0,0,0,0,0,0,0,0,0,220,29644,0,0,0,0
3465.059,16787,59,0,0,0,0,0,8,431,5,39,0,0,0,0,0,0,0,0,0,0,0,0,0,0,0,0,0,0,0,0,0,0,168,15849,0,0,0,0
3482.536,17476,57,0,0,0,0,0,8,210,5,39,0,0,0,0,0,0,0,0,0,0,0,0,0,0,0,0,0,0,0,0,0,0,172,4452,0,0,0,0
3498.294,15757,63,0,0,0,0,0,8,250,5,39,0,0,0,0,0,0,0,0,0,0,0,0,0,0,0,0,0,0,0,0,0,0,232,17440,0,0,0,0
3515.083,16789,59,0,0,0,0,0,8,411,5,39,0,0,0,0,0,0,0,0,0,0,0,0,0,0,0,0,0,0,0,0,0,0,241,29009,0,0,0,0
3531.531,16448,60,0,0,0,0,0,8,384,5,39,0,0,0,0,0,0,0,0,0,0,0,0,0,0,0,0,0,0,0,0,0,0,150,16109,0,0,0,0
3548.033,16501,60,0,0,0,0,0,8,256,5,39,0,0,0,0,0,0,0,0,0,0,0,0,0,0,0,0,0,0,0,0,0,0,148,3897,0,0,0,0
3565.066,17033,58,0,0,0,0,0,8,255,5,39,0,0,0,0,0,0,0,0,0,0,0,0,0,0,0,0,0,0,0,0,0,0,233,16475,0,0,0,0
3581.680,16613,60,0,0,0,0,0,8,386,5,39,0,0,0,0,0,0,0,0,0,0,0,0,0,0,0,0,0,0,0,0,0,0,233,30503,0,0,0,0
3598.308,16627,60,0,0,0,0,0,8,415,5,39,0,0,0,0,0,0,0,0,0,0,0,0,0,0,0,0,0,0,0,0,0,0,152,15572,0,0,0,0
3614.531,16223,61,0,0,0,0,0,8,250,5,39,0,0,0,0,0,0,0,0,0,0,0,0,0,0,0,0,0,0,0,0,0,0,165,4214,0,0,0,0
3632.535,18004,55,0,0,0,0,0,8,210,5,39,0,0,0,0,0,0,0,0,0,0,0,0,0,0,0,0,0,0,0,0,0,0,232,16201,0,0,0,0
3648.041,15505,64,0,0,0,0,0,8,431,5,39,0,0,0,0,0,0,0,0,0,0,0,0,0,0,0,0,0,0,0,0,0,0,235,31438,0,0,0,0
3665.536,17483,57,0,0,0,0,0,8,410,5,39,0,0,0,0,0,0,0,0,0,0,0,0,0,0,0,0,0,0,0,0,0,0,144,14684,0,0,0,0
3681.696,16171,61,0,0,0,0,0,8,198,5,39,0,0,0,0,0,0,0,0,0,0,0,0,0,0,0,0,0,0,0,0,0,0,165,4932,0,0,0,0
3698.122,16426,60,0,0,0,0,0,8,254,5,39,0,0,0,0,0,0,0,0,0,0,0,0,0,0,0,0,0,0,0,0,0,0,218,16081,0,0,0,0
3714.542,16420,60,0,0,0,0,0,8,431,5,39,0,0,0,0,0,0,0,0,0,0,0,0,0,0,0,0,0,0,0,0,0,0,234,30105,0,0,0,0
3732.532,17989,55,0,0,0,0,0,8,395,5,39,0,0,0,0,0,0,0,0,0,0,0,0,0,0,0,0,0,0,0,0,0,0,134,15310,0,0,0,0
3748.076,15544,64,0,0,0,0,0,8,226,5,39,0,0,0,0,0,0,0,0,0,0,0,0,0,0,0,0,0,0,0,0,0,0,183,5558,0,0,0,0
3765.032,16955,58,0,0,0,0,0,8,255,5,39,0,0,0,0,0,0,0,0,0,0,0,0,0,0,0,0,0,0,0,0,0,0,233,15457,0,0,0,0
3781.352,16320,61,0,0,0,0,0,8,382,5,39,0,0,0,0,0,0,0,0,0,0,0,0,0,0,0,0,0,0,0,0,0,0,243,30418,0,0,0,0
3798.156,16803,59,0,0,0,0,0,8,438,5,39,0,0,0,0,0,0,0,0,0,0,0,0,0,0,0,0,0,0,0,0,0,0,169,15351,0,0,0,0
3815.040,16883,59,0,0,0,0,0,8,255,5,39,0,0,0,0,0,0,0,0,0,0,0,0,0,0,0,0,0,0,0,0,0,0,146,4294,0,0,0,0
3831.829,16789,59,0,0,0,0,0,8,185,5,39,0,0,0,0,0,0,0,0,0,0,0,0,0,0,0,0,0,0,0,0,0,0,240,16891,0,0,0,0
3848.538,16708,59,0,0,0,0,0,8,435,5,39,0,0,0,0,0,0,0,0,0,0,0,0,0,0,0,0,0,0,0,0,0,0,255,30067,0,0,0,0
3865.103,16565,60,0,0,0,0,0,8,431,5,39,0,0,0,0,0,0,0,0,0,0,0,0,0,0,0,0,0,0,0,0,0,0,166,16190,0,0,0,0
3881.919,16816,59,0,0,0,0,0,8,210,5,39,0,0,0,0,0,0,0,0,0,0,0,0,0,0,0,0,0,0,0,0,0,0,173,3880,0,0,0,0
3898.156,16236,61,0,0,0,0,0,8,251,5,39,0,0,0,0,0,0,0,0,0,0,0,0,0,0,0,0,0,0,0,0,0,0,215,16714,0,0,0,0
3914.715,16559,60,0,0,0,0,0,8,414,5,39,0,0,0,0,0,0,0,0,0,0,0,0,0,0,0,0,0,0,0,0,0,0,227,29667,0,0,0,0
3931.604,16888,59,0,0,0,0,0,8,381,5,39,0,0,0,0,0,0,0,0,0,0,0,0,0,0,0,0,0,0,0,0,0,0,169,16643,0,0,0,0
3948.533,16929,59,0,0,0,0,0,8,236,5,39,0,0,0,0,0,0,0,0,0,0,0,0,0,0,0,0,0,0,0,0,0,0,203,3459,0,0,0,0
3964.535,16001,62,0,0,0,0,0,8,228,5,39,0,0,0,0,0,0,0,0,0,0,0,0,0,0,0,0,0,0,0,0,0,0,252,16878,0,0,0,0
3980.931,16396,60,0,0,0,0,0,8,185,5,39,0,0,0,0,0,0,0,0,0,0,0,0,0,0,0,0,0,0,0,0,0,0,223,15986,0,0,0,0
3998.181,17249,57,0,0,0,0,0,8,196,5,39,0,0,0,0,0,0,0,0,0,0,0,0,0,0,0,0,0,0,0,0,0,0,225,16891,0,0,0,0
4015.533,17341,57,0,0,0,0,0,8,571,5,41,0,0,0,0,0,0,0,0,0,0,0,0,0,0,0,0,0,0,0,0,0,0,1864,32163,0,0,0,0
4031.763,16240,61,0,0,0,0,0,8,227,5,41,0,0,0,0,0,0,0,0,0,0,0,0,0,0,0,0,0,0,0,0,0,0,128,1929,0,0,0,0
4048.526,16762,59,0,0,0,0,0,8,293,5,41,0,0,0,0,0,0,0,0,0,0,0,0,0,0,0,0,0,0,0,0,0,0,226,16232,0,0,0,0
4065.034,16508,60,0,0,0,0,0,8,265,5,41,0,0,0,0,0,0,0,0,0,0,0,0,0,0,0,0,0,0,0,0,0,0,235,16755,0,0,0,0
4081.553,16518,60,0,0,0,0,0,8,430,5,41,0,0,0,0,0,0,0,0,0,0,0,0,0,0,0,0,0,0,0,0,0,0,234,27660,0,0,0,0
4098.128,16575,60,0,0,0,0,0,8,293,5,41,0,0,0,0,0,0,0,0,0,0,0,0,0,0,0,0,0,0,0,0,0,0,153,5385,0,0,0,0
4115.048,16920,59,0,0,0,0,0,8,479,5,41,0,0,0,0,0,0,0,0,0,0,0,0,0,0,0,0,0,0,0,0,0,0,225,30491,0,0,0,0
4132.062,17013,58,0,0,0,0,0,8,234,5,41,0,0,0,0,0,0,0,0,0,0,0,0,0,0,0,0,0,0,0,0,0,0,163,3053,0,0,0,0
4147.652,15590,64,0,0,0,0,0,8,448,5,41,0,0,0,0,0,0,0,0,0,0,0,0,0,0,0,0,0,0,0,0,0,0,218,29721,0,0,0,0
4164.531,16878,59,0,0,0,0,0,8,298,5,41,0,0,0,0,0,0,0,0,0,0,0,0,0,0,0,0,0,0,0,0,0,0,139,2875,0,0,0,0
4181.655,17123,58,0,0,0,0,0,8,410,5,41,0,0,0,0,0,0,0,0,0,0,0,0,0,0,0,0,0,0,0,0,0,0,224,30532,0,0,0,0
4198.292,16637,60,0,0,0,0,0,8,294,5,41,0,0,0,0,0,0,0,0,0,0,0,0,0,0,0,0,0,0,0,0,0,0,159,3484,0,0,0,0
4215.055,16762,59,0,0,0,0,0,8,474,5,41,0,0,0,0,0,0,0,0,0,0,0,0,0,0,0,0,0,0,0,0,0,0,235,29119,0,0,0,0
4231.608,16553,60,0,0,0,0,0,8,207,5,41,0,0,0,0,0,0,0,0,0,0,0,0,0,0,0,0,0,0,0,0,0,0,156,4235,0,0,0,0
4248.521,16913,59,0,0,0,0,0,8,483,5,41,0,0,0,0,0,0,0,0,0,0,0,0,0,0,0,0,0,0,0,0,0,0,240,29806,0,0,0,0
4265.093,16571,60,0,0,0,0,0,8,293,5,41,0,0,0,0,0,0,0,0,0,0,0,0,0,0,0,0,0,0,0,0,0,0,164,3690,0,0,0,0
4281.890,16796,59,0,0,0,0,0,8,422,5,41,0,0,0,0,0,0,0,0,0,0,0,0,0,0,0,0,0,0,0,0,0,0,214,29438,0,0,0,0
4297.606,15716,63,0,0,0,0,0,8,294,5,41,0,0,0,0,0,0,0,0,0,0,0,0,0,0,0,0,0,0,0,0,0,0,156,3922,0,0,0,0
4315.150,17543,57,0,0,0,0,0,8,445,5,41,0,0,0,0,0,0,0,0,0,0,0,0,0,0,0,0,0,0,0,0,0,0,271,29498,0,0,0,0
4332.530,17380,57,0,0,0,0,0,8,238,5,41,0,0,0,0,0,0,0,0,0,0,0,0,0,0,0,0,0,0,0,0,0,0,176,3748,0,0,0,0
4348.303,15772,63,0,0,0,0,0,8,478,5,41,0,0,0,0,0,0,0,0,0,0,0,0,0,0,0,0,0,0,0,0,0,0,235,30129,0,0,0,0
4365.041,16737,59,0,0,0,0,0,8,293,5,41,0,0,0,0,0,0,0,0,0,0,0,0,0,0,0,0,0,0,0,0,0,0,154,2980,0,0,0,0
4381.661,16620,60,0,0,0,0,0,8,414,5,41,0,0,0,0,0,0,0,0,0,0,0,0,0,0,0,0,0,0,0,0,0,0,234,30605,0,0,0,0
4398.279,16617,60,0,0,0,0,0,8,265,5,41,0,0,0,0,0,0,0,0,0,0,0,0,0,0,0,0,0,0,0,0,0,0,155,2817,0,0,0,0
4414.594,16315,61,0,0,0,0,0,8,474,5,41,0,0,0,0,0,0,0,0,0,0,0,0,0,0,0,0,0,0,0,0,0,0,250,29075,0,0,0,0
4431.654,17060,58,0,0,0,0,0,8,234,5,41,0,0,0,0,0,0,0,0,0,0,0,0,0,0,0,0,0,0,0,0,0,0,158,3793,0,0,0,0
4448.134,16479,60,0,0,0,0,0,8,482,5,41,0,0,0,0,0,0,0,0,0,0,0,0,0,0,0,0,0,0,0,0,0,0,242,30340,0,0,0,0
4464.533,16398,60,0,0,0,0,0,8,271,5,41,0,0,0,0,0,0,0,0,0,0,0,0,0,0,0,0,0,0,0,0,0,0,145,3551,0,0,0,0
4481.566,17033,58,0,0,0,0,0,8,418,5,41,0,0,0,0,0,0,0,0,0,0,0,0,0,0,0,0,0,0,0,0,0,0,236,28548,0,0,0,0
4498.140,16573,60,0,0,0,0,0,8,298,5,41,0,0,0,0,0,0,0,0,0,0,0,0,0,0,0,0,0,0,0,0,0,0,168,4581,0,0,0,0
4514.573,16433,60,0,0,0,0,0,8,471,5,41,0,0,0,0,0,0,0,0,0,0,0,0,0,0,0,0,0,0,0,0,0,0,227,29962,0,0,0,0
4531.531,16957,58,0,0,0,0,0,8,236,5,41,0,0,0,0,0,0,0,0,0,0,0,0,0,0,0,0,0,0,0,0,0,0,135,3050,0,0,0,0
4547.608,16076,62,0,0,0,0,0,8,450,5,41,0,0,0,0,0,0,0,0,0,0,0,0,0,0,0,0,0,0,0,0,0,0,248,29863,0,0,0,0
4565.528,17920,55,0,0,0,0,0,8,297,5,41,0,0,0,0,0,0,0,0,0,0,0,0,0,0,0,0,0,0,0,0,0,0,151,3158,0,0,0,0
4581.787,16259,61,0,0,0,0,0,8,418,5,41,0,0,0,0,0,0,0,0,0,0,0,0,0,0,0,0,0,0,0,0,0,0,234,32052,0,0,0,0
4598.070,16283,61,0,0,0,0,0,8,482,5,41,0,0,0,0,0,0,0,0,0,0,0,0,0,0,0,0,0,0,0,0,0,0,155,14966,0,0,0,0
4615.041,16970,58,0,0,0,0,0,8,300,5,41,0,0,0,0,0,0,0,0,0,0,0,0,0,0,0,0,0,0,0,0,0,0,171,3437,0,0,0,0
4631.758,16717,59,0,0,0,0,0,8,206,5,41,0,0,0,0,0,0,0,0,0,0,0,0,0,0,0,0,0,0,0,0,0,0,238,17395,0,0,0,0
4648.132,16373,61,0,0,0,0,0,8,475,5,41,0,0,0,0,0,0,0,0,0,0,0,0,0,0,0,0,0,0,0,0,0,0,215,29750,0,0,0,0
4665.029,16897,59,0,0,0,0,0,8,293,5,41,0,0,0,0,0,0,0,0,0,0,0,0,0,0,0,0,0,0,0,0,0,0,151,2905,0,0,0,0
4681.652,16622,60,0,0,0,0,0,8,420,5,41,0,0,0,0,0,0,0,0,0,0,0,0,0,0,0,0,0,0,0,0,0,0,216,29062,0,0,0,0
4698.171,16519,60,0,0,0,0,0,8,296,5,41,0,0,0,0,0,0,0,0,0,0,0,0,0,0,0,0,0,0,0,0,0,0,152,4461,0,0,0,0
4714.739,16567,60,0,0,0,0,0,8,444,5,41,0,0,0,0,0,0,0,0,0,0,0,0,0,0,0,0,0,0,0,0,0,0,223,30225,0,0,0,0
4731.568,16828,59,0,0,0,0,0,8,234,5,41,0,0,0,0,0,0,0,0,0,0,0,0,0,0,0,0,0,0,0,0,0,0,166,2902,0,0,0,0
4748.130,16562,60,0,0,0,0,0,8,477,5,41,0,0,0,0,0,0,0,0,0,0,0,0,0,0,0,0,0,0,0,0,0,0,223,29394,0,0,0,0
4765.022,16892,59,0,0,0,0,0,8,298,5,41,0,0,0,0,0,0,0,0,0,0,0,0,0,0,0,0,0,0,0,0,0,0,166,3988,0,0,0,0
4781.317,16294,61,0,0,0,0,0,8,417,5,41,0,0,0,0,0,0,0,0,0,0,0,0,0,0,0,0,0,0,0,0,0,0,226,30640,0,0,0,0
4798.151,16834,59,0,0,0,0,0,8,261,5,41,0,0,0,0,0,0,0,0,0,0,0,0,0,0,0,0,0,0,0,0,0,0,178,2734,0,0,0,0
4814.680,16529,60,0,0,0,0,0,8,483,5,41,0,0,0,0,0,0,0,0,0,0,0,0,0,0,0,0,0,0,0,0,0,0,234,28954,0,0,0,0
4830.892,16211,61,0,0,0,0,0,8,241,5,41,0,0,0,0,0,0,0,0,0,0,0,0,0,0,0,0,0,0,0,0,0,0,172,4208,0,0,0,0
4848.263,17371,57,0,0,0,0,0,8,483,5,41,0,0,0,0,0,0,0,0,0,0,0,0,0,0,0,0,0,0,0,0,0,0,261,29843,0,0,0,0
4865.055,16791,59,0,0,0,0,0,8,262,5,41,0,0,0,0,0,0,0,0,0,0,0,0,0,0,0,0,0,0,0,0,0,0,147,3718,0,0,0,0
4881.759,16703,59,0,0,0,0,0,8,425,5,41,0,0,0,0,0,0,0,0,0,0,0,0,0,0,0,0,0,0,0,0,0,0,235,29348,0,0,0,0
4898.533,16774,59,0,0,0,0,0,8,298,5,41,0,0,0,0,0,0,0,0,0,0,0,0,0,0,0,0,0,0,0,0,0,0,175,4187,0,0,0,0
4914.580,16047,62,0,0,0,0,0,8,309,5,41,0,0,0,0,0,0,0,0,0,0,0,0,0,0,0,0,0,0,0,0,0,0,0,0,0,0,0,0
4931.669,17088,58,0,0,0,0,0,8,409,5,41,0,0,0,0,0,0,0,0,0,0,0,0,0,0,0,0,0,0,0,0,0,0,261,34066,0,0,0,0
4948.070,16401,60,0,0,0,0,0,8,426,5,41,0,0,0,0,0,0,0,0,0,0,0,0,0,0,0,0,0,0,0,0,0,0,207,18068,0,0,0,0
4964.548,16477,60,0,0,0,0,0,8,300,5,41,0,0,0,0,0,0,0,0,0,0,0,0,0,0,0,0,0,0,0,0,0,0,210,14202,0,0,0,0
4982.510,17962,55,0,0,0,0,0,8,257,5,41,0,0,0,0,0,0,0,0,0,0,0,0,0,0,0,0,0,0,0,0,0,0,0,0,0,0,0,0
4998.041,15530,64,0,0,0,0,0,8,434,5,41,0,0,0,0,0,0,0,0,0,0,0,0,0,0,0,0,0,0,0,0,0,0,229,36207,0,0,0,0
5014.522,16481,60,0,0,0,0,0,8,489,5,41,0,0,0,0,0,0,0,0,0,0,0,0,0,0,0,0,0,0,0,0,0,0,222,18701,0,0,0,0
5031.701,17178,58,0,0,0,0,0,8,209,5,41,0,0,0,0,0,0,0,0,0,0,0,0,0,0,0,0,0,0,0,0,0,0,216,11554,0,0,0,0
5048.006,16304,61,0,0,0,0,0,8,296,5,41,0,0,0,0,0,0,0,0,0,0,0,0,0,0,0,0,0,0,0,0,0,0,0,0,0,0,0,0
5065.073,17067,58,0,0,0,0,0,8,464,5,41,0,0,0,0,0,0,0,0,0,0,0,0,0,0,0,0,0,0,0,0,0,0,245,36723,0,0,0,0
5082.029,16956,58,0,0,0,0,0,8,428,5,41,0,0,0,0,0,0,0,0,0,0,0,0,0,0,0,0,0,0,0,0,0,0,191,18354,0,0,0,0
5098.553,16523,60,0,0,0,0,0,8,300,5,41,0,0,0,0,0,0,0,0,0,0,0,0,0,0,0,0,0,0,0,0,0,0,223,12475,0,0,0,0
5115.032,16479,60,0,0,0,0,0,8,282,5,41,0,0,0,0,0,0,0,0,0,0,0,0,0,0,0,0,0,0,0,0,0,0,0,0,0,0,0,0
5131.251,16219,61,0,0,0,0,0,8,389,5,41,0,0,0,0,0,0,0,0,0,0,0,0,0,0,0,0,0,0,0,0,0,0,231,34748,0,0,0,0
5148.128,16876,59,0,0,0,0,0,8,492,5,41,0,0,0,0,0,0,0,0,0,0,0,0,0,0,0,0,0,0,0,0,0,0,207,17970,0,0,0,0
5165.505,17377,57,0,0,0,0,0,8,294,5,41,0,0,0,0,0,0,0,0,0,0,0,0,0,0,0,0,0,0,0,0,0,0,207,13339,0,0,0,0
5181.542,16037,62,0,0,0,0,0,8,249,5,41,0,0,0,0,0,0,0,0,0,0,0,0,0,0,0,0,0,0,0,0,0,0,0,0,0,0,0,0
5198.211,16668,59,0,0,0,0,0,8,428,5,41,0,0,0,0,0,0,0,0,0,0,0,0,0,0,0,0,0,0,0,0,0,0,243,35155,0,0,0,0
5215.026,16815,59,0,0,0,0,0,8,468,5,41,0,0,0,0,0,0,0,0,0,0,0,0,0,0,0,0,0,0,0,0,0,0,226,16893,0,0,0,0
5232.514,17487,57,0,0,0,0,0,8,244,5,41,0,0,0,0,0,0,0,0,0,0,0,0,0,0,0,0,0,0,0,0,0,0,242,14974,0,0,0,0
5248.098,15583,64,0,0,0,0,0,8,306,5,41,0,0,0,0,0,0,0,0,0,0,0,0,0,0,0,0,0,0,0,0,0,0,0,0,0,0,0,0
5265.012,16914,59,0,0,0,0,0,8,444,5,41,0,0,0,0,0,0,0,0,0,0,0,0,0,0,0,0,0,0,0,0,0,0,235,34400,0,0,0,0
5281.351,16338,61,0,0,0,0,0,8,396,5,41,0,0,0,0,0,0,0,0,0,0,0,0,0,0,0,0,0,0,0,0,0,0,190,16835,0,0,0,0
5298.150,16799,59,0,0,0,0,0,8,306,5,41,0,0,0,0,0,0,0,0,0,0,0,0,0,0,0,0,0,0,0,0,0,0,232,14895,0,0,0,0
5314.666,16515,60,0,0,0,0,0,8,321,5,41,0,0,0,0,0,0,0,0,0,0,0,0,0,0,0,0,0,0,0,0,0,0,0,0,0,0,0,0
5331.721,17054,58,0,0,0,0,0,8,411,5,41,0,0,0,0,0,0,0,0,0,0,0,0,0,0,0,0,0,0,0,0,0,0,233,34723,0,0,0,0
5347.682,15961,62,0,0,0,0,0,8,427,5,41,0,0,0,0,0,0,0,0,0,0,0,0,0,0,0,0,0,0,0,0,0,0,206,17688,0,0,0,0
5365.044,17361,57,0,0,0,0,0,8,300,5,41,0,0,0,0,0,0,0,0,0,0,0,0,0,0,0,0,0,0,0,0,0,0,227,13925,0,0,0,0
5381.655,16611,60,0,0,0,0,0,8,425,5,41,0,0,0,0,0,0,0,0,0,0,0,0,0,0,0,0,0,0,0,0,0,0,257,32173,0,0,0,0
5398.114,16458,60,0,0,0,0,0,8,299,5,41,0,0,0,0,0,0,0,0,0,0,0,0,0,0,0,0,0,0,0,0,0,0,132,1800,0,0,0,0
5415.028,16914,59,0,0,0,0,0,8,335,5,41,0,0,0,0,0,0,0,0,0,0,0,0,0,0,0,0,0,0,0,0,0,0,0,0,0,0,0,0
5431.983,16954,58,0,0,0,0,0,8,376,5,41,0,0,0,0,0,0,0,0,0,0,0,0,0,0,0,0,0,0,0,0,0,0,236,33334,0,0,0,0
5448.121,16138,61,0,0,0,0,0,8,437,5,41,0,0,0,0,0,0,0,0,0,0,0,0,0,0,0,0,0,0,0,0,0,0,175,17368,0,0,0,0
5465.015,16893,59,0,0,0,0,0,8,307,5,41,0,0,0,0,0,0,0,0,0,0,0,0,0,0,0,0,0,0,0,0,0,0,222,16086,0,0,0,0
5481.607,16592,60,0,0,0,0,0,8,327,5,41,0,0,0,0,0,0,0,0,0,0,0,0,0,0,0,0,0,0,0,0,0,0,0,0,0,0,0,0
5498.108,16501,60,0,0,0,0,0,8,385,5,41,0,0,0,0,0,0,0,0,0,0,0,0,0,0,0,0,0,0,0,0,0,0,323,32506,0,0,0,0
5514.522,16414,60,0,0,0,0,0,8,313,5,41,0,0,0,0,0,0,0,0,0,0,0,0,0,0,0,0,0,0,0,0,0,0,0,0,0,0,0,0
5532.517,17994,55,0,0,0,0,0,8,560,5,41,0,0,0,0,0,0,0,0,0,0,0,0,0,0,0,0,0,0,0,0,0,0,385,48899,0,0,0,0
5548.115,15598,64,0,0,0,0,0,8,279,5,41,0,0,0,0,0,0,0,0,0,0,0,0,0,0,0,0,0,0,0,0,0,0,160,2633,0,0,0,0
5565.056,16940,59,0,0,0,0,0,8,303,5,41,0,0,0,0,0,0,0,0,0,0,0,0,0,0,0,0,0,0,0,0,0,0,234,15618,0,0,0,0
5581.633,16578,60,0,0,0,0,0,8,283,5,41,0,0,0,0,0,0,0,0,0,0,0,0,0,0,0,0,0,0,0,0,0,0,0,0,0,0,0,0
5598.153,16519,60,0,0,0,0,0,8,390,5,41,0,0,0,0,0,0,0,0,0,0,0,0,0,0,0,0,0,0,0,0,0,0,307,33129,0,0,0,0
5615.060,16906,59,0,0,0,0,0,8,310,5,41,0,0,0,0,0,0,0,0,0,0,0,0,0,0,0,0,0,0,0,0,0,0,228,16893,0,0,0,0
5632.515,17455,57,0,0,0,0,0,8,422,5,41,0,0,0,0,0,0,0,0,0,0,0,0,0,0,0,0,0,0,0,0,0,0,242,32885,0,0,0,0
5648.130,15614,64,0,0,0,0,0,8,297,5,41,0,0,0,0,0,0,0,0,0,0,0,0,0,0,0,0,0,0,0,0,0,0,0,0,0,0,0,0
5665.166,17036,58,0,0,0,0,0,8,465,5,41,0,0,0,0,0,0,0,0,0,0,0,0,0,0,0,0,0,0,0,0,0,0,151,18966,0,0,0,0
5680.887,15720,63,0,0,0,0,0,8,396,5,41,0,0,0,0,0,0,0,0,0,0,0,0,0,0,0,0,0,0,0,0,0,0,208,16048,0,0,0,0
5698.505,17618,56,0,0,0,0,0,8,295,5,41,0,0,0,0,0,0,0,0,0,0,0,0,0,0,0,0,0,0,0,0,0,0,244,14869,0,0,0,0
5715.507,17002,58,0,0,0,0,0,8,369,5,41,0,0,0,0,0,0,0,0,0,0,0,0,0,0,0,0,0,0,0,0,0,0,0,0,0,0,0,0
5731.819,16311,61,0,0,0,0,0,8,448,5,41,0,0,0,0,0,0,0,0,0,0,0,0,0,0,0,0,0,0,0,0,0,0,250,33923,0,0,0,0
5748.538,16718,59,0,0,0,0,0,8,330,5,41,0,0,0,0,0,0,0,0,0,0,0,0,0,0,0,0,0,0,0,0,0,0,178,16184,0,0,0,0
5764.705,16166,61,0,0,0,0,0,8,296,5,41,0,0,0,0,0,0,0,0,0,0,0,0,0,0,0,0,0,0,0,0,0,0,246,17560,0,0,0,0
5781.661,16956,58,0,0,0,0,0,8,275,5,41,0,0,0,0,0,0,0,0,0,0,0,0,0,0,0,0,0,0,0,0,0,0,0,0,0,0,0,0
5798.292,16631,60,0,0,0,0,0,8,519,5,41,0,0,0,0,0,0,0,0,0,0,0,0,0,0,0,0,0,0,0,0,0,0,221,32948,0,0,0,0
5815.490,17197,58,0,0,0,0,0,8,403,5,41,0,0,0,0,0,0,0,0,0,0,0,0,0,0,0,0,0,0,0,0,0,0,217,16239,0,0,0,0
5831.650,16149,61,0,0,0,0,0,8,200,5,41,0,0,0,0,0,0,0,0,0,0,0,0,0,0,0,0,0,0,0,0,0,0,235,17719,0,0,0,0
5849.013,17374,57,0,0,0,0,0,8,352,5,41,0,0,0,0,0,0,0,0,0,0,0,0,0,0,0,0,0,0,0,0,0,0,0,0,0,0,0,0
5865.522,16508,60,0,0,0,0,0,8,470,5,41,0,0,0,0,0,0,0,0,0,0,0,0,0,0,0,0,0,0,0,0,0,0,211,33123,0,0,0,0
5881.606,16083,62,0,0,0,0,0,8,369,5,41,0,0,0,0,0,0,0,0,0,0,0,0,0,0,0,0,0,0,0,0,0,0,213,16759,0,0,0,0
5898.011,16404,60,0,0,0,0,0,8,304,5,41,0,0,0,0,0,0,0,0,0,0,0,0,0,0,0,0,0,0,0,0,0,0,237,16293,0,0,0,0
5914.658,16647,60,0,0,0,0,0,8,285,5,41,0,0,0,0,0,0,0,0,0,0,0,0,0,0,0,0,0,0,0,0,0,0,0,0,0,0,0,0
5931.709,17050,58,0,0,0,0,0,8,398,5,41,0,0,0,0,0,0,0,0,0,0,0,0,0,0,0,0,0,0,0,0,0,0,221,34526,0,0,0,0
5948.079,16370,61,0,0,0,0,0,8,485,5,41,0,0,0,0,0,0,0,0,0,0,0,0,0,0,0,0,0,0,0,0,0,0,462,18974,0,0,0,0
5964.532,16453,60,0,0,0,0,0,8,237,5,41,0,0,0,0,0,0,0,0,0,0,0,0,0,0,0,0,0,0,0,0,0,0,208,12907,0,0,0,0
5982.043,17510,57,0,0,0,0,0,8,191,5,41,0,0,0,0,0,0,0,0,0,0,0,0,0,0,0,0,0,0,0,0,0,0,232,16444,0,0,0,0
5998.007,15964,62,0,0,0,0,0,8,201,5,41,0,0,0,0,0,0,0,0,0,0,0,0,0,0,0,0,0,0,0,0,0,0,227,17443,0,0,0,0
6014.663,16655,60,0,0,0,0,0,8,468,5,42,0,0,0,0,0,0,0,0,0,0,0,0,0,0,0,0,0,0,0,0,0,0,1158,28079,0,0,0,0
6031.652,16989,58,0,0,0,0,0,8,216,5,42,0,0,0,0,0,0,0,0,0,0,0,0,0,0,0,0,0,0,0,0,0,0,156,4591,0,0,0,0
6048.063,16411,60,0,0,0,0,0,8,257,5,42,0,0,0,0,0,0,0,0,0,0,0,0,0,0,0,0,0,0,0,0,0,0,244,16975,0,0,0,0
6065.508,17444,57,0,0,0,0,0,8,242,5,42,0,0,0,0,0,0,0,0,0,0,0,0,0,0,0,0,0,0,0,0,0,0,226,16484,0,0,0,0
6082.508,17000,58,0,0,0,0,0,8,385,5,42,0,0,0,0,0,0,0,0,0,0,0,0,0,0,0,0,0,0,0,0,0,0,245,30368,0,0,0,0
6097.587,15079,66,0,0,0,0,0,8,277,5,42,0,0,0,0,0,0,0,0,0,0,0,0,0,0,0,0,0,0,0,0,0,0,0,0,0,0,0,0
6114.509,16921,59,0,0,0,0,0,8,410,5,42,0,0,0,0,0,0,0,0,0,0,0,0,0,0,0,0,0,0,0,0,0,0,229,20028,0,0,0,0
6131.510,17001,58,0,0,0,0,0,8,209,5,42,0,0,0,0,0,0,0,0,0,0,0,0,0,0,0,0,0,0,0,0,0,0,233,16030,0,0,0,0
6147.668,16157,61,0,0,0,0,0,8,409,5,42,0,0,0,0,0,0,0,0,0,0,0,0,0,0,0,0,0,0,0,0,0,0,231,31257,0,0,0,0
6165.042,17374,57,0,0,0,0,0,8,447,5,42,0,0,0,0,0,0,0,0,0,0,0,0,0,0,0,0,0,0,0,0,0,0,133,17259,0,0,0,0
6181.381,16338,61,0,0,0,0,0,8,208,5,42,0,0,0,0,0,0,0,0,0,0,0,0,0,0,0,0,0,0,0,0,0,0,134,2003,0,0,0,0
6198.012,16630,60,0,0,0,0,0,8,267,5,42,0,0,0,0,0,0,0,0,0,0,0,0,0,0,0,0,0,0,0,0,0,0,231,16411,0,0,0,0
6214.515,16503,60,0,0,0,0,0,8,393,5,42,0,0,0,0,0,0,0,0,0,0,0,0,0,0,0,0,0,0,0,0,0,0,0,0,0,0,0,0
6231.340,16824,59,0,0,0,0,0,8,408,5,42,0,0,0,0,0,0,0,0,0,0,0,0,0,0,0,0,0,0,0,0,0,0,345,46150,0,0,0,0
6248.072,16732,59,0,0,0,0,0,8,260,5,42,0,0,0,0,0,0,0,0,0,0,0,0,0,0,0,0,0,0,0,0,0,0,157,3682,0,0,0,0
6265.011,16938,59,0,0,0,0,0,8,262,5,42,0,0,0,0,0,0,0,0,0,0,0,0,0,0,0,0,0,0,0,0,0,0,219,16733,0,0,0,0
6281.761,16750,59,0,0,0,0,0,8,396,5,42,0,0,0,0,0,0,0,0,0,0,0,0,0,0,0,0,0,0,0,0,0,0,238,30694,0,0,0,0
6298.129,16368,61,0,0,0,0,0,8,437,5,42,0,0,0,0,0,0,0,0,0,0,0,0,0,0,0,0,0,0,0,0,0,0,144,17469,0,0,0,0
6315.108,16978,58,0,0,0,0,0,8,233,5,42,0,0,0,0,0,0,0,0,0,0,0,0,0,0,0,0,0,0,0,0,0,0,140,1956,0,0,0,0
6331.148,16040,62,0,0,0,0,0,8,217,5,42,0,0,0,0,0,0,0,0,0,0,0,0,0,0,0,0,0,0,0,0,0,0,239,16931,0,0,0,0
6348.498,17350,57,0,0,0,0,0,8,446,5,42,0,0,0,0,0,0,0,0,0,0,0,0,0,0,0,0,0,0,0,0,0,0,224,29886,0,0,0,0
6364.682,16183,61,0,0,0,0,0,8,437,5,42,0,0,0,0,0,0,0,0,0,0,0,0,0,0,0,0,0,0,0,0,0,0,157,18357,0,0,0,0
6382.026,17344,57,0,0,0,0,0,8,211,5,42,0,0,0,0,0,0,0,0,0,0,0,0,0,0,0,0,0,0,0,0,0,0,172,1402,0,0,0,0
6398.007,15980,62,0,0,0,0,0,8,238,5,42,0,0,0,0,0,0,0,0,0,0,0,0,0,0,0,0,0,0,0,0,0,0,246,17270,0,0,0,0
6414.507,16500,60,0,0,0,0,0,8,437,5,42,0,0,0,0,0,0,0,0,0,0,0,0,0,0,0,0,0,0,0,0,0,0,229,29747,0,0,0,0
6431.735,17214,58,0,0,0,0,0,8,396,5,42,0,0,0,0,0,0,0,0,0,0,0,0,0,0,0,0,0,0,0,0,0,0,172,18391,0,0,0,0
6448.124,16402,60,0,0,0,0,0,8,257,5,42,0,0,0,0,0,0,0,0,0,0,0,0,0,0,0,0,0,0,0,0,0,0,131,1562,0,0,0,0
6465.023,16899,59,0,0,0,0,0,8,237,5,42,0,0,0,0,0,0,0,0,0,0,0,0,0,0,0,0,0,0,0,0,0,0,239,16401,0,0,0,0
6481.618,16594,60,0,0,0,0,0,8,398,5,42,0,0,0,0,0,0,0,0,0,0,0,0,0,0,0,0,0,0,0,0,0,0,248,30661,0,0,0,0
6497.650,16032,62,0,0,0,0,0,8,436,5,42,0,0,0,0,0,0,0,0,0,0,0,0,0,0,0,0,0,0,0,0,0,0,154,17637,0,0,0,0
6514.722,17072,58,0,0,0,0,0,8,257,5,42,0,0,0,0,0,0,0,0,0,0,0,0,0,0,0,0,0,0,0,0,0,0,143,2050,0,0,0,0
6531.363,16640,60,0,0,0,0,0,8,213,5,42,0,0,0,0,0,0,0,0,0,0,0,0,0,0,0,0,0,0,0,0,0,0,232,16271,0,0,0,0
6548.273,16910,59,0,0,0,0,0,8,417,5,42,0,0,0,0,0,0,0,0,0,0,0,0,0,0,0,0,0,0,0,0,0,0,233,30135,0,0,0,0
6564.526,16253,61,0,0,0,0,0,8,441,5,42,0,0,0,0,0,0,0,0,0,0,0,0,0,0,0,0,0,0,0,0,0,0,184,18057,0,0,0,0
6580.915,16388,61,0,0,0,0,0,8,212,5,42,0,0,0,0,0,0,0,0,0,0,0,0,0,0,0,0,0,0,0,0,0,0,136,1580,0,0,0,0
6599.019,18104,55,0,0,0,0,0,8,261,5,42,0,0,0,0,0,0,0,0,0,0,0,0,0,0,0,0,0,0,0,0,0,0,263,16458,0,0,0,0
6615.023,16003,62,0,0,0,0,0,8,438,5,42,0,0,0,0,0,0,0,0,0,0,0,0,0,0,0,0,0,0,0,0,0,0,244,31393,0,0,0,0
6631.126,16103,62,0,0,0,0,0,8,368,5,42,0,0,0,0,0,0,0,0,0,0,0,0,0,0,0,0,0,0,0,0,0,0,144,16812,0,0,0,0
6648.268,17142,58,0,0,0,0,0,8,265,5,42,0,0,0,0,0,0,0,0,0,0,0,0,0,0,0,0,0,0,0,0,0,0,138,1916,0,0,0,0
6665.017,16748,59,0,0,0,0,0,8,258,5,42,0,0,0,0,0,0,0,0,0,0,0,0,0,0,0,0,0,0,0,0,0,0,235,17194,0,0,0,0
6682.022,17005,58,0,0,0,0,0,8,396,5,42,0,0,0,0,0,0,0,0,0,0,0,0,0,0,0,0,0,0,0,0,0,0,239,29651,0,0,0,0
6698.073,16050,62,0,0,0,0,0,8,441,5,42,0,0,0,0,0,0,0,0,0,0,0,0,0,0,0,0,0,0,0,0,0,0,167,18025,0,0,0,0
6714.507,16434,60,0,0,0,0,0,8,237,5,42,0,0,0,0,0,0,0,0,0,0,0,0,0,0,0,0,0,0,0,0,0,0,153,2232,0,0,0,0
6731.863,17355,57,0,0,0,0,0,8,220,5,42,0,0,0,0,0,0,0,0,0,0,0,0,0,0,0,0,0,0,0,0,0,0,247,16299,0,0,0,0
6748.229,16366,61,0,0,0,0,0,8,438,5,42,0,0,0,0,0,0,0,0,0,0,0,0,0,0,0,0,0,0,0,0,0,0,264,30964,0,0,0,0
6764.510,16281,61,0,0,0,0,0,8,436,5,42,0,0,0,0,0,0,0,0,0,0,0,0,0,0,0,0,0,0,0,0,0,0,146,16622,0,0,0,0
6781.786,17275,57,0,0,0,0,0,8,221,5,42,0,0,0,0,0,0,0,0,0,0,0,0,0,0,0,0,0,0,0,0,0,0,163,2395,0,0,0,0
6798.192,16405,60,0,0,0,0,0,8,234,5,42,0,0,0,0,0,0,0,0,0,0,0,0,0,0,0,0,0,0,0,0,0,0,257,17329,0,0,0,0
6814.499,16307,61,0,0,0,0,0,8,441,5,42,0,0,0,0,0,0,0,0,0,0,0,0,0,0,0,0,0,0,0,0,0,0,238,29425,0,0,0,0
6831.740,17240,58,0,0,0,0,0,8,396,5,42,0,0,0,0,0,0,0,0,0,0,0,0,0,0,0,0,0,0,0,0,0,0,156,17367,0,0,0,0
6848.022,16281,61,0,0,0,0,0,8,261,5,42,0,0,0,0,0,0,0,0,0,0,0,0,0,0,0,0,0,0,0,0,0,0,148,3119,0,0,0,0
6865.009,16987,58,0,0,0,0,0,8,237,5,42,0,0,0,0,0,0,0,0,0,0,0,0,0,0,0,0,0,0,0,0,0,0,245,16660,0,0,0,0
6881.628,16618,60,0,0,0,0,0,8,393,5,42,0,0,0,0,0,0,0,0,0,0,0,0,0,0,0,0,0,0,0,0,0,0,242,29668,0,0,0,0
6897.775,16147,61,0,0,0,0,0,8,440,5,42,0,0,0,0,0,0,0,0,0,0,0,0,0,0,0,0,0,0,0,0,0,0,135,16759,0,0,0,0
6914.659,16872,59,0,0,0,0,0,8,261,5,42,0,0,0,0,0,0,0,0,0,0,0,0,0,0,0,0,0,0,0,0,0,0,153,2965,0,0,0,0
6931.671,17022,58,0,0,0,0,0,8,214,5,42,0,0,0,0,0,0,0,0,0,0,0,0,0,0,0,0,0,0,0,0,0,0,241,16884,0,0,0,0
6947.556,15884,62,0,0,0,0,0,8,408,5,42,0,0,0,0,0,0,0,0,0,0,0,0,0,0,0,0,0,0,0,0,0,0,231,29430,0,0,0,0
6964.636,17080,58,0,0,0,0,0,8,262,5,42,0,0,0,0,0,0,0,0,0,0,0,0,0,0,0,0,0,0,0,0,0,0,148,3477,0,0,0,0
6981.646,17009,58,0,0,0,0,0,8,399,5,42,0,0,0,0,0,0,0,0,0,0,0,0,0,0,0,0,0,0,0,0,0,0,244,30565,0,0,0,0
6998.315,16668,59,0,0,0,0,0,8,436,5,42,0,0,0,0,0,0,0,0,0,0,0,0,0,0,0,0,0,0,0,0,0,0,173,16014,0,0,0,0
7014.665,16350,61,0,0,0,0,0,8,257,5,42,0,0,0,0,0,0,0,0,0,0,0,0,0,0,0,0,0,0,0,0,0,0,152,4179,0,0,0,0
7032.500,17834,56,0,0,0,0,0,8,188,5,42,0,0,0,0,0,0,0,0,0,0,0,0,0,0,0,0,0,0,0,0,0,0,204,16303,0,0,0,0
7048.065,15565,64,0,0,0,0,0,8,438,5,42,0,0,0,0,0,0,0,0,0,0,0,0,0,0,0,0,0,0,0,0,0,0,254,31349,0,0,0,0
7065.511,17445,57,0,0,0,0,0,8,437,5,42,0,0,0,0,0,0,0,0,0,0,0,0,0,0,0,0,0,0,0,0,0,0,150,14531,0,0,0,0
7081.647,16136,61,0,0,0,0,0,8,212,5,42,0,0,0,0,0,0,0,0,0,0,0,0,0,0,0,0,0,0,0,0,0,0,155,5036,0,0,0,0
7098.111,16464,60,0,0,0,0,0,8,262,5,42,0,0,0,0,0,0,0,0,0,0,0,0,0,0,0,0,0,0,0,0,0,0,227,16076,0,0,0,0
7114.502,16390,61,0,0,0,0,0,8,413,5,42,0,0,0,0,0,0,0,0,0,0,0,0,0,0,0,0,0,0,0,0,0,0,242,29876,0,0,0,0
7131.501,16999,58,0,0,0,0,0,8,388,5,42,0,0,0,0,0,0,0,0,0,0,0,0,0,0,0,0,0,0,0,0,0,0,164,15649,0,0,0,0
7148.181,16680,59,0,0,0,0,0,8,257,5,42,0,0,0,0,0,0,0,0,0,0,0,0,0,0,0,0,0,0,0,0,0,0,184,4422,0,0,0,0
7165.030,16848,59,0,0,0,0,0,8,261,5,42,0,0,0,0,0,0,0,0,0,0,0,0,0,0,0,0,0,0,0,0,0,0,230,16588,0,0,0,0
7181.663,16633,60,0,0,0,0,0,8,394,5,42,0,0,0,0,0,0,0,0,0,0,0,0,0,0,0,0,0,0,0,0,0,0,237,30383,0,0,0,0
7198.306,16643,60,0,0,0,0,0,8,420,5,42,0,0,0,0,0,0,0,0,0,0,0,0,0,0,0,0,0,0,0,0,0,0,155,15497,0,0,0,0
7215.015,16709,59,0,0,0,0,0,8,256,5,42,0,0,0,0,0,0,0,0,0,0,0,0,0,0,0,0,0,0,0,0,0,0,163,4441,0,0,0,0
7231.374,16358,61,0,0,0,0,0,8,214,5,42,0,0,0,0,0,0,0,0,0,0,0,0,0,0,0,0,0,0,0,0,0,0,228,16503,0,0,0,0
7248.090,16716,59,0,0,0,0,0,8,441,5,42,0,0,0,0,0,0,0,0,0,0,0,0,0,0,0,0,0,0,0,0,0,0,239,29730,0,0,0,0
7265.488,17397,57,0,0,0,0,0,8,413,5,42,0,0,0,0,0,0,0,0,0,0,0,0,0,0,0,0,0,0,0,0,0,0,146,15699,0,0,0,0
7281.636,16148,61,0,0,0,0,0,8,212,5,42,0,0,0,0,0,0,0,0,0,0,0,0,0,0,0,0,0,0,0,0,0,0,169,5135,0,0,0,0
7298.091,16454,60,0,0,0,0,0,8,257,5,42,0,0,0,0,0,0,0,0,0,0,0,0,0,0,0,0,0,0,0,0,0,0,213,16064,0,0,0,0
7314.674,16582,60,0,0,0,0,0,8,442,5,42,0,0,0,0,0,0,0,0,0,0,0,0,0,0,0,0,0,0,0,0,0,0,229,29914,0,0,0,0
7331.709,17035,58,0,0,0,0,0,8,401,5,42,0,0,0,0,0,0,0,0,0,0,0,0,0,0,0,0,0,0,0,0,0,0,145,15528,0,0,0,0
7348.109,16400,60,0,0,0,0,0,8,227,5,42,0,0,0,0,0,0,0,0,0,0,0,0,0,0,0,0,0,0,0,0,0,0,154,4685,0,0,0,0
7365.026,16916,59,0,0,0,0,0,8,262,5,42,0,0,0,0,0,0,0,0,0,0,0,0,0,0,0,0,0,0,0,0,0,0,226,16336,0,0,0,0
7381.615,16588,60,0,0,0,0,0,8,393,5,42,0,0,0,0,0,0,0,0,0,0,0,0,0,0,0,0,0,0,0,0,0,0,240,30542,0,0,0,0
7398.121,16506,60,0,0,0,0,0,8,441,5,42,0,0,0,0,0,0,0,0,0,0,0,0,0,0,0,0,0,0,0,0,0,0,157,15366,0,0,0,0
7414.677,16555,60,0,0,0,0,0,8,265,5,42,0,0,0,0,0,0,0,0,0,0,0,0,0,0,0,0,0,0,0,0,0,0,175,4157,0,0,0,0
7431.753,17075,58,0,0,0,0,0,8,196,5,42,0,0,0,0,0,0,0,0,0,0,0,0,0,0,0,0,0,0,0,0,0,0,239,16507,0,0,0,0
7448.203,16449,60,0,0,0,0,0,8,438,5,42,0,0,0,0,0,0,0,0,0,0,0,0,0,0,0,0,0,0,0,0,0,0,240,30394,0,0,0,0
7464.499,16296,61,0,0,0,0,0,8,436,5,42,0,0,0,0,0,0,0,0,0,0,0,0,0,0,0,0,0,0,0,0,0,0,165,15435,0,0,0,0
7482.497,17997,55,0,0,0,0,0,8,217,5,42,0,0,0,0,0,0,0,0,0,0,0,0,0,0,0,0,0,0,0,0,0,0,171,4098,0,0,0,0
7498.287,15790,63,0,0,0,0,0,8,258,5,42,0,0,0,0,0,0,0,0,0,0,0,0,0,0,0,0,0,0,0,0,0,0,246,17947,0,0,0,0
7514.644,16357,61,0,0,0,0,0,8,420,5,42,0,0,0,0,0,0,0,0,0,0,0,0,0,0,0,0,0,0,0,0,0,0,241,29060,0,0,0,0
7531.788,17143,58,0,0,0,0,0,8,393,5,42,0,0,0,0,0,0,0,0,0,0,0,0,0,0,0,0,0,0,0,0,0,0,156,15542,0,0,0,0
7548.072,16284,61,0,0,0,0,0,8,253,5,42,0,0,0,0,0,0,0,0,0,0,0,0,0,0,0,0,0,0,0,0,0,0,156,4706,0,0,0,0
7564.494,16422,60,0,0,0,0,0,8,257,5,42,0,0,0,0,0,0,0,0,0,0,0,0,0,0,0,0,0,0,0,0,0,0,212,16246,0,0,0,0
7581.366,16872,59,0,0,0,0,0,8,393,5,42,0,0,0,0,0,0,0,0,0,0,0,0,0,0,0,0,0,0,0,0,0,0,218,30072,0,0,0,0
7598.135,16768,59,0,0,0,0,0,8,416,5,42,0,0,0,0,0,0,0,0,0,0,0,0,0,0,0,0,0,0,0,0,0,0,167,15480,0,0,0,0
7614.886,16750,59,0,0,0,0,0,8,257,5,42,0,0,0,0,0,0,0,0,0,0,0,0,0,0,0,0,0,0,0,0,0,0,174,4518,0,0,0,0
7632.495,17609,56,0,0,0,0,0,8,215,5,42,0,0,0,0,0,0,0,0,0,0,0,0,0,0,0,0,0,0,0,0,0,0,210,16710,0,0,0,0
7648.069,15573,64,0,0,0,0,0,8,436,5,42,0,0,0,0,0,0,0,0,0,0,0,0,0,0,0,0,0,0,0,0,0,0,244,31284,0,0,0,0
7665.010,16940,59,0,0,0,0,0,8,412,5,42,0,0,0,0,0,0,0,0,0,0,0,0,0,0,0,0,0,0,0,0,0,0,156,14464,0,0,0,0
7682.031,17021,58,0,0,0,0,0,8,219,5,42,0,0,0,0,0,0,0,0,0,0,0,0,0,0,0,0,0,0,0,0,0,0,155,4421,0,0,0,0
7698.005,15964,62,0,0,0,0,0,8,255,5,42,0,0,0,0,0,0,0,0,0,0,0,0,0,0,0,0,0,0,0,0,0,0,233,16982,0,0,0,0
7714.505,16496,60,0,0,0,0,0,8,442,5,42,0,0,0,0,0,0,0,0,0,0,0,0,0,0,0,0,0,0,0,0,0,0,231,29444,0,0,0,0
7731.572,17080,58,0,0,0,0,0,8,399,5,42,0,0,0,0,0,0,0,0,0,0,0,0,0,0,0,0,0,0,0,0,0,0,151,15423,0,0,0,0
7747.776,16204,61,0,0,0,0,0,8,239,5,42,0,0,0,0,0,0,0,0,0,0,0,0,0,0,0,0,0,0,0,0,0,0,169,4707,0,0,0,0
7765.499,17723,56,0,0,0,0,0,8,262,5,42,0,0,0,0,0,0,0,0,0,0,0,0,0,0,0,0,0,0,0,0,0,0,230,16360,0,0,0,0
7781.539,16039,62,0,0,0,0,0,8,389,5,42,0,0,0,0,0,0,0,0,0,0,0,0,0,0,0,0,0,0,0,0,0,0,229,31110,0,0,0,0
7798.263,16724,59,0,0,0,0,0,8,445,5,42,0,0,0,0,0,0,0,0,0,0,0,0,0,0,0,0,0,0,0,0,0,0,161,14857,0,0,0,0
7815.009,16745,59,0,0,0,0,0,8,257,5,42,0,0,0,0,0,0,0,0,0,0,0,0,0,0,0,0,0,0,0,0,0,0,172,4365,0,0,0,0
7831.695,16686,59,0,0,0,0,0,8,188,5,42,0,0,0,0,0,0,0,0,0,0,0,0,0,0,0,0,0,0,0,0,0,0,239,16805,0,0,0,0
7848.013,16317,61,0,0,0,0,0,8,438,5,42,0,0,0,0,0,0,0,0,0,0,0,0,0,0,0,0,0,0,0,0,0,0,238,29914,0,0,0,0
7865.488,17475,57,0,0,0,0,0,8,440,5,42,0,0,0,0,0,0,0,0,0,0,0,0,0,0,0,0,0,0,0,0,0,0,156,15078,0,0,0,0
7881.621,16132,61,0,0,0,0,0,8,208,5,42,0,0,0,0,0,0,0,0,0,0,0,0,0,0,0,0,0,0,0,0,0,0,169,5449,0,0,0,0
7898.275,16654,60,0,0,0,0,0,8,258,5,42,0,0,0,0,0,0,0,0,0,0,0,0,0,0,0,0,0,0,0,0,0,0,246,16230,0,0,0,0
7915.010,16734,59,0,0,0,0,0,8,413,5,42,0,0,0,0,0,0,0,0,0,0,0,0,0,0,0,0,0,0,0,0,0,0,229,29824,0,0,0,0
7932.003,16993,58,0,0,0,0,0,8,393,5,42,0,0,0,0,0,0,0,0,0,0,0,0,0,0,0,0,0,0,0,0,0,0,157,15852,0,0,0,0
7948.031,16027,62,0,0,0,0,0,8,252,5,42,0,0,0,0,0,0,0,0,0,0,0,0,0,0,0,0,0,0,0,0,0,0,153,4570,0,0,0,0
7964.997,16965,58,0,0,0,0,0,8,262,5,42,0,0,0,0,0,0,0,0,0,0,0,0,0,0,0,0,0,0,0,0,0,0,220,15986,0,0,0,0
7982.513,17516,57,0,0,0,0,0,8,393,5,42,0,0,0,0,0,0,0,0,0,0,0,0,0,0,0,0,0,0,0,0,0,0,231,30414,0,0,0,0
7998.076,15562,64,0,0,0,0,0,8,412,5,42,0,0,0,0,0,0,0,0,0,0,0,0,0,0,0,0,0,0,0,0,0,0,178,16692,0,0,0,0
8014.549,16473,60,0,0,0,0,0,8,261,5,42,0,0,0,0,0,0,0,0,0,0,0,0,0,0,0,0,0,0,0,0,0,0,134,2999,0,0,0,0
8031.737,17187,58,0,0,0,0,0,8,217,5,42,0,0,0,0,0,0,0,0,0,0,0,0,0,0,0,0,0,0,0,0,0,0,240,16451,0,0,0,0
8048.108,16370,61,0,0,0,0,0,8,437,5,42,0,0,0,0,0,0,0,0,0,0,0,0,0,0,0,0,0,0,0,0,0,0,241,31007,0,0,0,0
8065.033,16924,59,0,0,0,0,0,8,417,5,42,0,0,0,0,0,0,0,0,0,0,0,0,0,0,0,0,0,0,0,0,0,0,172,15470,0,0,0,0
8081.615,16582,60,0,0,0,0,0,8,216,5,42,0,0,0,0,0,0,0,0,0,0,0,0,0,0,0,0,0,0,0,0,0,0,147,4019,0,0,0,0
8098.618,17003,58,0,0,0,0,0,8,258,5,42,0,0,0,0,0,0,0,0,0,0,0,0,0,0,0,0,0,0,0,0,0,0,233,16548,0,0,0,0
8114.724,16106,62,0,0,0,0,0,8,438,5,42,0,0,0,0,0,0,0,0,0,0,0,0,0,0,0,0,0,0,0,0,0,0,215,30590,0,0,0,0
8131.752,17027,58,0,0,0,0,0,8,395,5,42,0,0,0,0,0,0,0,0,0,0,0,0,0,0,0,0,0,0,0,0,0,0,142,14881,0,0,0,0
8148.098,16346,61,0,0,0,0,0,8,229,5,42,0,0,0,0,0,0,0,0,0,0,0,0,0,0,0,0,0,0,0,0,0,0,164,5376,0,0,0,0
8165.137,17038,58,0,0,0,0,0,8,257,5,42,0,0,0,0,0,0,0,0,0,0,0,0,0,0,0,0,0,0,0,0,0,0,231,15604,0,0,0,0
8181.617,16480,60,0,0,0,0,0,8,393,5,42,0,0,0,0,0,0,0,0,0,0,0,0,0,0,0,0,0,0,0,0,0,0,229,30363,0,0,0,0
8198.103,16486,60,0,0,0,0,0,8,437,5,42,0,0,0,0,0,0,0,0,0,0,0,0,0,0,0,0,0,0,0,0,0,0,184,15797,0,0,0,0
8215.024,16921,59,0,0,0,0,0,8,260,5,42,0,0,0,0,0,0,0,0,0,0,0,0,0,0,0,0,0,0,0,0,0,0,172,3943,0,0,0,0
8231.391,16367,61,0,0,0,0,0,8,190,5,42,0,0,0,0,0,0,0,0,0,0,0,0,0,0,0,0,0,0,0,0,0,0,206,16822,0,0,0,0
8248.116,16725,59,0,0,0,0,0,8,438,5,42,0,0,0,0,0,0,0,0,0,0,0,0,0,0,0,0,0,0,0,0,0,0,237,29619,0,0,0,0
8265.160,17043,58,0,0,0,0,0,8,436,5,42,0,0,0,0,0,0,0,0,0,0,0,0,0,0,0,0,0,0,0,0,0,0,145,16384,0,0,0,0
8281.663,16502,60,0,0,0,0,0,8,212,5,42,0,0,0,0,0,0,0,0,0,0,0,0,0,0,0,0,0,0,0,0,0,0,152,4171,0,0,0,0
8298.084,16421,60,0,0,0,0,0,8,261,5,42,0,0,0,0,0,0,0,0,0,0,0,0,0,0,0,0,0,0,0,0,0,0,230,16474,0,0,0,0
8314.485,16400,60,0,0,0,0,0,8,413,5,42,0,0,0,0,0,0,0,0,0,0,0,0,0,0,0,0,0,0,0,0,0,0,220,29682,0,0,0,0
8331.492,17007,58,0,0,0,0,0,8,213,5,42,0,0,0,0,0,0,0,0,0,0,0,0,0,0,0,0,0,0,0,0,0,0,166,3208,0,0,0,0
8348.101,16608,60,0,0,0,0,0,8,441,5,42,0,0,0,0,0,0,0,0,0,0,0,0,0,0,0,0,0,0,0,0,0,0,243,29937,0,0,0,0
8365.013,16912,59,0,0,0,0,0,8,441,5,42,0,0,0,0,0,0,0,0,0,0,0,0,0,0,0,0,0,0,0,0,0,0,153,17059,0,0,0,0
8382.503,17489,57,0,0,0,0,0,8,217,5,42,0,0,0,0,0,0,0,0,0,0,0,0,0,0,0,0,0,0,0,0,0,0,154,3547,0,0,0,0
8398.094,15591,64,0,0,0,0,0,8,229,5,42,0,0,0,0,0,0,0,0,0,0,0,0,0,0,0,0,0,0,0,0,0,0,264,17497,0,0,0,0
8415.012,16917,59,0,0,0,0,0,8,435,5,42,0,0,0,0,0,0,0,0,0,0,0,0,0,0,0,0,0,0,0,0,0,0,253,28220,0,0,0,0
8432.487,17475,57,0,0,0,0,0,8,217,5,42,0,0,0,0,0,0,0,0,0,0,0,0,0,0,0,0,0,0,0,0,0,0,139,4241,0,0,0,0
8448.120,15632,63,0,0,0,0,0,8,435,5,42,0,0,0,0,0,0,0,0,0,0,0,0,0,0,0,0,0,0,0,0,0,0,238,31598,0,0,0,0
8465.024,16904,59,0,0,0,0,0,8,417,5,42,0,0,0,0,0,0,0,0,0,0,0,0,0,0,0,0,0,0,0,0,0,0,146,14190,0,0,0,0
8481.327,16303,61,0,0,0,0,0,8,211,5,42,0,0,0,0,0,0,0,0,0,0,0,0,0,0,0,0,0,0,0,0,0,0,175,4244,0,0,0,0
8498.057,16729,59,0,0,0,0,0,8,258,5,42,0,0,0,0,0,0,0,0,0,0,0,0,0,0,0,0,0,0,0,0,0,0,236,16370,0,0,0,0
8514.483,16426,60,0,0,0,0,0,8,440,5,42,0,0,0,0,0,0,0,0,0,0,0,0,0,0,0,0,0,0,0,0,0,0,232,29927,0,0,0,0
8531.454,16971,58,0,0,0,0,0,8,219,5,42,0,0,0,0,0,0,0,0,0,0,0,0,0,0,0,0,0,0,0,0,0,0,149,3262,0,0,0,0
8548.183,16728,59,0,0,0,0,0,8,414,5,42,0,0,0,0,0,0,0,0,0,0,0,0,0,0,0,0,0,0,0,0,0,0,236,29461,0,0,0,0
8565.136,16952,58,0,0,0,0,0,8,257,5,42,0,0,0,0,0,0,0,0,0,0,0,0,0,0,0,0,0,0,0,0,0,0,171,4120,0,0,0,0
8582.490,17354,57,0,0,0,0,0,8,396,5,42,0,0,0,0,0,0,0,0,0,0,0,0,0,0,0,0,0,0,0,0,0,0,210,30216,0,0,0,0
8598.542,16051,62,0,0,0,0,0,8,254,5,42,0,0,0,0,0,0,0,0,0,0,0,0,0,0,0,0,0,0,0,0,0,0,168,4171,0,0,0,0
8615.007,16465,60,0,0,0,0,0,8,435,5,42,0,0,0,0,0,0,0,0,0,0,0,0,0,0,0,0,0,0,0,0,0,0,223,28490,0,0,0,0
8631.713,16705,59,0,0,0,0,0,8,190,5,42,0,0,0,0,0,0,0,0,0,0,0,0,0,0,0,0,0,0,0,0,0,0,131,3892,0,0,0,0
8648.159,16445,60,0,0,0,0,0,8,441,5,42,0,0,0,0,0,0,0,0,0,0,0,0,0,0,0,0,0,0,0,0,0,0,225,30013,0,0,0,0
8664.673,16514,60,0,0,0,0,0,8,437,5,42,0,0,0,0,0,0,0,0,0,0,0,0,0,0,0,0,0,0,0,0,0,0,159,15520,0,0,0,0
8681.350,16676,59,0,0,0,0,0,8,213,5,42,0,0,0,0,0,0,0,0,0,0,0,0,0,0,0,0,0,0,0,0,0,0,170,4192,0,0,0,0
8698.245,16895,59,0,0,0,0,0,8,257,5,42,0,0,0,0,0,0,0,0,0,0,0,0,0,0,0,0,0,0,0,0,0,0,231,16720,0,0,0,0
8714.987,16742,59,0,0,0,0,0,8,418,5,42,0,0,0,0,0,0,0,0,0,0,0,0,0,0,0,0,0,0,0,0,0,0,222,30548,0,0,0,0
8731.596,16609,60,0,0,0,0,0,8,392,5,42,0,0,0,0,0,0,0,0,0,0,0,0,0,0,0,0,0,0,0,0,0,0,150,15699,0,0,0,0
8747.988,16391,61,0,0,0,0,0,8,260,5,42,0,0,0,0,0,0,0,0,0,0,0,0,0,0,0,0,0,0,0,0,0,0,160,3973,0,0,0,0
8765.080,17081,58,0,0,0,0,0,8,266,5,42,0,0,0,0,0,0,0,0,0,0,0,0,0,0,0,0,0,0,0,0,0,0,226,16359,0,0,0,0
8781.305,16235,61,0,0,0,0,0,8,392,5,42,0,0,0,0,0,0,0,0,0,0,0,0,0,0,0,0,0,0,0,0,0,0,225,30608,0,0,0,0
8798.089,16784,59,0,0,0,0,0,8,233,5,42,0,0,0,0,0,0,0,0,0,0,0,0,0,0,0,0,0,0,0,0,0,0,139,2685,0,0,0,0
8814.649,16559,60,0,0,0,0,0,8,441,5,42,0,0,0,0,0,0,0,0,0,0,0,0,0,0,0,0,0,0,0,0,0,0,234,29246,0,0,0,0
8832.485,17836,56,0,0,0,0,0,8,221,5,42,0,0,0,0,0,0,0,0,0,0,0,0,0,0,0,0,0,0,0,0,0,0,160,4135,0,0,0,0
8848.083,15598,64,0,0,0,0,0,8,434,5,42,0,0,0,0,0,0,0,0,0,0,0,0,0,0,0,0,0,0,0,0,0,0,237,31020,0,0,0,0
8865.018,16934,59,0,0,0,0,0,8,417,5,42,0,0,0,0,0,0,0,0,0,0,0,0,0,0,0,0,0,0,0,0,0,0,166,14923,0,0,0,0
8881.215,16197,61,0,0,0,0,0,8,207,5,42,0,0,0,0,0,0,0,0,0,0,0,0,0,0,0,0,0,0,0,0,0,0,169,4423,0,0,0,0
8898.205,16989,58,0,0,0,0,0,8,266,5,42,0,0,0,0,0,0,0,0,0,0,0,0,0,0,0,0,0,0,0,0,0,0,223,16138,0,0,0,0
8914.648,16444,60,0,0,0,0,0,8,437,5,42,0,0,0,0,0,0,0,0,0,0,0,0,0,0,0,0,0,0,0,0,0,0,245,30517,0,0,0,0
8932.487,17838,56,0,0,0,0,0,8,397,5,42,0,0,0,0,0,0,0,0,0,0,0,0,0,0,0,0,0,0,0,0,0,0,140,15336,0,0,0,0
8948.171,15684,63,0,0,0,0,0,8,228,5,42,0,0,0,0,0,0,0,0,0,0,0,0,0,0,0,0,0,0,0,0,0,0,180,5499,0,0,0,0
8965.002,16830,59,0,0,0,0,0,8,257,5,42,0,0,0,0,0,0,0,0,0,0,0,0,0,0,0,0,0,0,0,0,0,0,226,15622,0,0,0,0
8981.833,16831,59,0,0,0,0,0,8,397,5,42,0,0,0,0,0,0,0,0,0,0,0,0,0,0,0,0,0,0,0,0,0,0,235,30294,0,0,0,0
8998.107,16273,61,0,0,0,0,0,8,254,5,42,0,0,0,0,0,0,0,0,0,0,0,0,0,0,0,0,0,0,0,0,0,0,136,3410,0,0,0,0
9014.630,16523,60,0,0,0,0,0,8,440,5,42,0,0,0,0,0,0,0,0,0,0,0,0,0,0,0,0,0,0,0,0,0,0,226,28566,0,0,0,0
9031.340,16709,59,0,0,0,0,0,8,189,5,42,0,0,0,0,0,0,0,0,0,0,0,0,0,0,0,0,0,0,0,0,0,0,168,4254,0,0,0,0
9048.119,16779,59,0,0,0,0,0,8,436,5,42,0,0,0,0,0,0,0,0,0,0,0,0,0,0,0,0,0,0,0,0,0,0,219,29787,0,0,0,0
9064.995,16876,59,0,0,0,0,0,8,262,5,42,0,0,0,0,0,0,0,0,0,0,0,0,0,0,0,0,0,0,0,0,0,0,168,3684,0,0,0,0
9080.999,16003,62,0,0,0,0,0,8,389,5,42,0,0,0,0,0,0,0,0,0,0,0,0,0,0,0,0,0,0,0,0,0,0,241,29232,0,0,0,0
9098.085,17086,58,0,0,0,0,0,8,261,5,42,0,0,0,0,0,0,0,0,0,0,0,0,0,0,0,0,0,0,0,0,0,0,181,3758,0,0,0,0
9115.132,17047,58,0,0,0,0,0,8,416,5,42,0,0,0,0,0,0,0,0,0,0,0,0,0,0,0,0,0,0,0,0,0,0,228,30499,0,0,0,0
9131.353,16221,61,0,0,0,0,0,8,214,5,42,0,0,0,0,0,0,0,0,0,0,0,0,0,0,0,0,0,0,0,0,0,0,153,3510,0,0,0,0
9148.248,16895,59,0,0,0,0,0,8,440,5,42,0,0,0,0,0,0,0,0,0,0,0,0,0,0,0,0,0,0,0,0,0,0,230,28753,0,0,0,0
9165.136,16887,59,0,0,0,0,0,8,263,5,42,0,0,0,0,0,0,0,0,0,0,0,0,0,0,0,0,0,0,0,0,0,0,170,4362,0,0,0,0
9181.879,16742,59,0,0,0,0,0,8,397,5,42,0,0,0,0,0,0,0,0,0,0,0,0,0,0,0,0,0,0,0,0,0,0,245,30317,0,0,0,0
9198.120,16240,61,0,0,0,0,0,8,233,5,42,0,0,0,0,0,0,0,0,0,0,0,0,0,0,0,0,0,0,0,0,0,0,182,3391,0,0,0,0
9214.992,16872,59,0,0,0,0,0,8,441,5,42,0,0,0,0,0,0,0,0,0,0,0,0,0,0,0,0,0,0,0,0,0,0,250,28523,0,0,0,0
9231.330,16338,61,0,0,0,0,0,8,213,5,42,0,0,0,0,0,0,0,0,0,0,0,0,0,0,0,0,0,0,0,0,0,0,167,4549,0,0,0,0
9248.211,16880,59,0,0,0,0,0,8,437,5,42,0,0,0,0,0,0,0,0,0,0,0,0,0,0,0,0,0,0,0,0,0,0,234,29826,0,0,0,0
9264.625,16413,60,0,0,0,0,0,8,237,5,42,0,0,0,0,0,0,0,0,0,0,0,0,0,0,0,0,0,0,0,0,0,0,155,3370,0,0,0,0
9282.479,17854,56,0,0,0,0,0,8,396,5,42,0,0,0,0,0,0,0,0,0,0,0,0,0,0,0,0,0,0,0,0,0,0,231,28589,0,0,0,0
9298.040,15560,64,0,0,0,0,0,8,254,5,42,0,0,0,0,0,0,0,0,0,0,0,0,0,0,0,0,0,0,0,0,0,0,174,5712,0,0,0,0
9314.981,16941,59,0,0,0,0,0,8,440,5,42,0,0,0,0,0,0,0,0,0,0,0,0,0,0,0,0,0,0,0,0,0,0,224,28899,0,0,0,0
9331.720,16738,59,0,0,0,0,0,8,217,5,42,0,0,0,0,0,0,0,0,0,0,0,0,0,0,0,0,0,0,0,0,0,0,156,3675,0,0,0,0
9348.477,16757,59,0,0,0,0,0,8,417,5,42,0,0,0,0,0,0,0,0,0,0,0,0,0,0,0,0,0,0,0,0,0,0,247,29440,0,0,0,0
9364.415,15937,62,0,0,0,0,0,8,261,5,42,0,0,0,0,0,0,0,0,0,0,0,0,0,0,0,0,0,0,0,0,0,0,182,3941,0,0,0,0
9381.566,17150,58,0,0,0,0,0,8,393,5,42,0,0,0,0,0,0,0,0,0,0,0,0,0,0,0,0,0,0,0,0,0,0,221,29405,0,0,0,0
9398.121,16554,60,0,0,0,0,0,8,258,5,42,0,0,0,0,0,0,0,0,0,0,0,0,0,0,0,0,0,0,0,0,0,0,135,3824,0,0,0,0
9414.612,16491,60,0,0,0,0,0,8,432,5,42,0,0,0,0,0,0,0,0,0,0,0,0,0,0,0,0,0,0,0,0,0,0,237,29247,0,0,0,0
9431.613,17001,58,0,0,0,0,0,8,189,5,42,0,0,0,0,0,0,0,0,0,0,0,0,0,0,0,0,0,0,0,0,0,0,181,3683,0,0,0,0
9447.984,16371,61,0,0,0,0,0,8,441,5,42,0,0,0,0,0,0,0,0,0,0,0,0,0,0,0,0,0,0,0,0,0,0,235,30870,0,0,0,0
9464.982,16997,58,0,0,0,0,0,8,441,5,42,0,0,0,0,0,0,0,0,0,0,0,0,0,0,0,0,0,0,0,0,0,0,175,14865,0,0,0,0
9481.422,16439,60,0,0,0,0,0,8,208,5,42,0,0,0,0,0,0,0,0,0,0,0,0,0,0,0,0,0,0,0,0,0,0,160,4622,0,0,0,0
9498.071,16650,60,0,0,0,0,0,8,261,5,42,0,0,0,0,0,0,0,0,0,0,0,0,0,0,0,0,0,0,0,0,0,0,234,16377,0,0,0,0
9514.980,16908,59,0,0,0,0,0,8,417,5,42,0,0,0,0,0,0,0,0,0,0,0,0,0,0,0,0,0,0,0,0,0,0,224,29731,0,0,0,0
9532.487,17506,57,0,0,0,0,0,8,218,5,42,0,0,0,0,0,0,0,0,0,0,0,0,0,0,0,0,0,0,0,0,0,0,157,3883,0,0,0,0
9548.104,15616,64,0,0,0,0,0,8,432,5,42,0,0,0,0,0,0,0,0,0,0,0,0,0,0,0,0,0,0,0,0,0,0,247,29970,0,0,0,0
9564.484,16380,61,0,0,0,0,0,8,258,5,42,0,0,0,0,0,0,0,0,0,0,0,0,0,0,0,0,0,0,0,0,0,0,147,3431,0,0,0,0
9581.561,17076,58,0,0,0,0,0,8,391,5,42,0,0,0,0,0,0,0,0,0,0,0,0,0,0,0,0,0,0,0,0,0,0,232,29546,0,0,0,0
9597.650,16089,62,0,0,0,0,0,8,238,5,42,0,0,0,0,0,0,0,0,0,0,0,0,0,0,0,0,0,0,0,0,0,0,175,3684,0,0,0,0
9615.093,17442,57,0,0,0,0,0,8,437,5,42,0,0,0,0,0,0,0,0,0,0,0,0,0,0,0,0,0,0,0,0,0,0,228,28563,0,0,0,0
9632.476,17382,57,0,0,0,0,0,8,212,5,42,0,0,0,0,0,0,0,0,0,0,0,0,0,0,0,0,0,0,0,0,0,0,177,4897,0,0,0,0
9648.468,15992,62,0,0,0,0,0,8,434,5,42,0,0,0,0,0,0,0,0,0,0,0,0,0,0,0,0,0,0,0,0,0,0,230,30983,0,0,0,0
9664.991,16522,60,0,0,0,0,0,8,417,5,42,0,0,0,0,0,0,0,0,0,0,0,0,0,0,0,0,0,0,0,0,0,0,159,14580,0,0,0,0
9681.669,16677,59,0,0,0,0,0,8,212,5,42,0,0,0,0,0,0,0,0,0,0,0,0,0,0,0,0,0,0,0,0,0,0,167,4355,0,0,0,0
9698.080,16411,60,0,0,0,0,0,8,258,5,42,0,0,0,0,0,0,0,0,0,0,0,0,0,0,0,0,0,0,0,0,0,0,240,16626,0,0,0,0
9714.998,16917,59,0,0,0,0,0,8,436,5,42,0,0,0,0,0,0,0,0,0,0,0,0,0,0,0,0,0,0,0,0,0,0,231,29787,0,0,0,0
9732.474,17475,57,0,0,0,0,0,8,213,5,42,0,0,0,0,0,0,0,0,0,0,0,0,0,0,0,0,0,0,0,0,0,0,154,3563,0,0,0,0
9747.861,15387,64,0,0,0,0,0,8,413,5,42,0,0,0,0,0,0,0,0,0,0,0,0,0,0,0,0,0,0,0,0,0,0,240,29681,0,0,0,0
9765.129,17268,57,0,0,0,0,0,8,261,5,42,0,0,0,0,0,0,0,0,0,0,0,0,0,0,0,0,0,0,0,0,0,0,162,3269,0,0,0,0
9782.339,17210,58,0,0,0,0,0,8,396,5,42,0,0,0,0,0,0,0,0,0,0,0,0,0,0,0,0,0,0,0,0,0,0,245,30629,0,0,0,0
9797.598,15259,65,0,0,0,0,0,8,257,5,42,0,0,0,0,0,0,0,0,0,0,0,0,0,0,0,0,0,0,0,0,0,0,136,3772,0,0,0,0
9815.092,17494,57,0,0,0,0,0,8,441,5,42,0,0,0,0,0,0,0,0,0,0,0,0,0,0,0,0,0,0,0,0,0,0,226,27737,0,0,0,0
9832.475,17382,57,0,0,0,0,0,8,194,5,42,0,0,0,0,0,0,0,0,0,0,0,0,0,0,0,0,0,0,0,0,0,0,182,5038,0,0,0,0
9847.976,15501,64,0,0,0,0,0,8,436,5,42,0,0,0,0,0,0,0,0,0,0,0,0,0,0,0,0,0,0,0,0,0,0,244,30792,0,0,0,0
9865.123,17147,58,0,0,0,0,0,8,262,5,42,0,0,0,0,0,0,0,0,0,0,0,0,0,0,0,0,0,0,0,0,0,0,146,2086,0,0,0,0
9882.013,16889,59,0,0,0,0,0,8,388,5,42,0,0,0,0,0,0,0,0,0,0,0,0,0,0,0,0,0,0,0,0,0,0,243,29601,0,0,0,0
9898.110,16097,62,0,0,0,0,0,8,261,5,42,0,0,0,0,0,0,0,0,0,0,0,0,0,0,0,0,0,0,0,0,0,0,142,4394,0,0,0,0
9914.980,16870,59,0,0,0,0,0,8,417,5,42,0,0,0,0,0,0,0,0,0,0,0,0,0,0,0,0,0,0,0,0,0,0,230,29627,0,0,0,0
9932.475,17494,57,0,0,0,0,0,8,216,5,42,0,0,0,0,0,0,0,0,0,0,0,0,0,0,0,0,0,0,0,0,0,0,165,3364,0,0,0,0
9948.157,15682,63,0,0,0,0,0,8,433,5,42,0,0,0,0,0,0,0,0,0,0,0,0,0,0,0,0,0,0,0,0,0,0,226,30023,0,0,0,0
9965.047,16889,59,0,0,0,0,0,8,258,5,42,0,0,0,0,0,0,0,0,0,0,0,0,0,0,0,0,0,0,0,0,0,0,150,3153,0,0,0,0
9981.600,16553,60,0,0,0,0,0,8,392,5,42,0,0,0,0,0,0,0,0,0,0,0,0,0,0,0,0,0,0,0,0,0,0,221,30356,0,0,0,0
9998.219,16618,60,0,0,0,0,0,8,244,5,42,0,0,0,0,0,0,0,0,0,0,0,0,0,0,0,0,0,0,0,0,0,0,181,3170,0,0,0,0
10014.485,16266,61,0,0,0,0,0,8,440,5,42,0,0,0,0,0,0,0,0,0,0,0,0,0,0,0,0,0,0,0,0,0,0,243,28885,0,0,0,0
10032.473,17988,55,0,0,0,0,0,8,213,5,42,0,0,0,0,0,0,0,0,0,0,0,0,0,0,0,0,0,0,0,0,0,0,167,3958,0,0,0,0
10048.114,15641,63,0,0,0,0,0,8,429,5,42,0,0,0,0,0,0,0,0,0,0,0,0,0,0,0,0,0,0,0,0,0,0,250,31502,0,0,0,0
10065.065,16951,58,0,0,0,0,0,8,241,5,42,0,0,0,0,0,0,0,0,0,0,0,0,0,0,0,0,0,0,0,0,0,0,115,2061,0,0,0,0
10081.177,16112,62,0,0,0,0,0,8,388,5,42,0,0,0,0,0,0,0,0,0,0,0,0,0,0,0,0,0,0,0,0,0,0,230,29489,0,0,0,0
10097.565,16387,61,0,0,0,0,0,8,257,5,42,0,0,0,0,0,0,0,0,0,0,0,0,0,0,0,0,0,0,0,0,0,0,161,3818,0,0,0,0
10114.975,17410,57,0,0,0,0,0,8,441,5,42,0,0,0,0,0,0,0,0,0,0,0,0,0,0,0,0,0,0,0,0,0,0,239,29720,0,0,0,0
10131.601,16626,60,0,0,0,0,0,8,214,5,42,0,0,0,0,0,0,0,0,0,0,0,0,0,0,0,0,0,0,0,0,0,0,168,3870,0,0,0,0
10148.200,16599,60,0,0,0,0,0,8,412,5,42,0,0,0,0,0,0,0,0,0,0,0,0,0,0,0,0,0,0,0,0,0,0,227,29065,0,0,0,0
10164.891,16690,59,0,0,0,0,0,8,258,5,42,0,0,0,0,0,0,0,0,0,0,0,0,0,0,0,0,0,0,0,0,0,0,153,4328,0,0,0,0
10182.463,17572,56,0,0,0,0,0,8,384,5,42,0,0,0,0,0,0,0,0,0,0,0,0,0,0,0,0,0,0,0,0,0,0,216,29706,0,0,0,0
10198.067,15603,64,0,0,0,0,0,8,257,5,42,0,0,0,0,0,0,0,0,0,0,0,0,0,0,0,0,0,0,0,0,0,0,172,4443,0,0,0,0
10214.998,16930,59,0,0,0,0,0,8,440,5,42,0,0,0,0,0,0,0,0,0,0,0,0,0,0,0,0,0,0,0,0,0,0,228,28078,0,0,0,0
10230.871,15873,63,0,0,0,0,0,8,189,5,42,0,0,0,0,0,0,0,0,0,0,0,0,0,0,0,0,0,0,0,0,0,0,165,4447,0,0,0,0
10247.969,17098,58,0,0,0,0,0,8,313,5,42,0,0,0,0,0,0,0,0,0,0,0,0,0,0,0,0,0,0,0,0,0,0,0,0,0,0,0,0
10265.089,17119,58,0,0,0,0,0,8,561,5,42,0,0,0,0,0,0,0,0,0,0,0,0,0,0,0,0,0,0,0,0,0,0,322,47381,0,0,0,0
10281.497,16395,60,0,0,0,0,0,8,212,5,42,0,0,0,0,0,0,0,0,0,0,0,0,0,0,0,0,0,0,0,0,0,0,151,1601,0,0,0,0
10298.083,16598,60,0,0,0,0,0,8,262,5,42,0,0,0,0,0,0,0,0,0,0,0,0,0,0,0,0,0,0,0,0,0,0,248,17471,0,0,0,0
10314.630,16547,60,0,0,0,0,0,8,417,5,42,0,0,0,0,0,0,0,0,0,0,0,0,0,0,0,0,0,0,0,0,0,0,234,31493,0,0,0,0
10332.479,17849,56,0,0,0,0,0,8,220,5,42,0,0,0,0,0,0,0,0,0,0,0,0,0,0,0,0,0,0,0,0,0,0,133,1615,0,0,0,0
10348.201,15721,63,0,0,0,0,0,8,451,5,42,0,0,0,0,0,0,0,0,0,0,0,0,0,0,0,0,0,0,0,0,0,0,229,31908,0,0,0,0
10364.998,16797,59,0,0,0,0,0,8,233,5,42,0,0,0,0,0,0,0,0,0,0,0,0,0,0,0,0,0,0,0,0,0,0,147,1928,0,0,0,0
10381.034,16035,62,0,0,0,0,0,8,172,5,42,0,0,0,0,0,0,0,0,0,0,0,0,0,0,0,0,0,0,0,0,0,0,245,16504,0,0,0,0
10398.173,17138,58,0,0,0,0,0,8,20657,5,42,0,0,0,0,0,0,0,0,0,0,0,0,0,0,0,0,0,0,0,0,0,0,0,0,0,0,0,0
10424.090,25917,38,0,0,0,0,0,8,35916,6,43,0,0,0,0,0,0,0,0,0,0,0,0,0,0,0,0,0,0,0,0,0,0,0,57849,0,0,0,0
10439.502,15411,64,0,0,0,0,0,8,1988,5,43,0,0,0,0,0,0,0,0,0,0,0,0,0,0,0,0,0,0,0,0,0,0,89,89,0,0,0,0
10456.596,17093,58,0,0,0,0,0,8,19722,5,43,0,0,0,0,0,0,0,0,0,0,0,0,0,0,0,0,0,0,0,0,0,0,4584,21316,0,0,0,0
10472.995,16398,60,0,0,0,0,0,8,20095,5,43,0,0,0,0,0,0,0,0,0,0,0,0,0,0,0,0,0,0,0,0,0,0,4847,16868,0,0,0,0
10489.987,16992,58,0,0,0,0,0,8,20887,5,43,0,0,0,0,0,0,0,0,0,0,0,0,0,0,0,0,0,0,0,0,0,0,4982,17578,0,0,0,0
10506.602,16614,60,0,0,0,0,0,8,21381,5,43,0,0,0,0,0,0,0,0,0,0,0,0,0,0,0,0,0,0,0,0,0,0,4657,16151,0,0,0,0
10523.458,16856,59,0,0,0,0,0,8,24750,5,43,0,0,0,0,0,0,0,0,0,0,0,0,0,0,0,0,0,0,0,0,0,0,4513,16456,0,0,0,0
10539.701,16243,61,0,0,0,0,0,8,20370,5,43,0,0,0,0,0,0,0,0,0,0,0,0,0,0,0,0,0,0,0,0,0,0,4585,16956,0,0,0,0
10556.679,16977,58,0,0,0,0,0,8,22617,5,43,0,0,0,0,0,0,0,0,0,0,0,0,0,0,0,0,0,0,0,0,0,0,4482,16201,0,0,0,0
10573.503,16824,59,0,0,0,0,0,8,22369,5,43,0,0,0,0,0,0,0,0,0,0,0,0,0,0,0,0,0,0,0,0,0,0,4812,17722,0,0,0,0
10589.915,16411,60,0,0,0,0,0,8,20173,5,43,0,0,0,0,0,0,0,0,0,0,0,0,0,0,0,0,0,0,0,0,0,0,4493,16035,0,0,0,0
10606.592,16677,59,0,0,0,0,0,8,108468,5,43,0,0,0,0,0,0,0,0,0,0,0,0,0,0,0,0,0,0,0,0,0,0,3377,15264,0,0,0,0
10623.594,17001,58,0,0,0,0,0,8,145420,5,43,0,0,0,0,0,0,0,0,0,0,0,0,0,0,0,0,0,0,0,0,0,0,4893,18188,0,0,0,0
10639.765,16171,61,0,0,0,0,0,8,142484,5,43,0,0,0,0,0,0,0,0,0,0,0,0,0,0,0,0,0,0,0,0,0,0,4679,16811,0,0,0,0
10656.633,16868,59,0,0,0,0,0,8,145140,5,43,0,0,0,0,0,0,0,0,0,0,0,0,0,0,0,0,0,0,0,0,0,0,4688,16182,0,0,0,0
10673.270,16636,60,0,0,0,0,0,8,143380,5,43,0,0,0,0,0,0,0,0,0,0,0,0,0,0,0,0,0,0,0,0,0,0,3328,15506,0,0,0,0
10689.939,16669,59,0,0,0,0,0,8,131496,5,43,0,0,0,0,0,0,0,0,0,0,0,0,0,0,0,0,0,0,0,0,0,0,4170,17948,0,0,0,0
10706.524,16585,60,0,0,0,0,0,8,142172,5,43,0,0,0,0,0,0,0,0,0,0,0,0,0,0,0,0,0,0,0,0,0,0,4047,16048,0,0,0,0
10723.218,16694,59,0,0,0,0,0,8,131877,5,43,0,0,0,0,0,0,0,0,0,0,0,0,0,0,0,0,0,0,0,0,0,0,3577,16129,0,0,0,0
10739.728,16510,60,0,0,0,0,0,8,168835,5,43,0,0,0,0,0,0,0,0,0,0,0,0,0,0,0,0,0,0,0,0,0,0,3558,16147,0,0,0,0
10756.988,17259,57,0,0,0,0,0,8,180574,5,43,0,0,0,0,0,0,0,0,0,0,0,0,0,0,0,0,0,0,0,0,0,0,3558,17020,0,0,0,0
10773.461,16472,60,0,0,0,0,0,8,242063,5,43,0,0,0,0,0,0,0,0,0,0,0,0,0,0,0,0,0,0,0,0,0,0,5451,19685,0,0,0,0
10790.011,16550,60,0,0,0,0,0,8,175047,5,43,0,0,0,0,0,0,0,0,0,0,0,0,0,0,0,0,0,0,0,0,0,0,5281,15793,0,0,0,0
10807.469,17458,57,0,0,0,0,0,8,74513,5,43,0,0,0,0,0,0,0,0,0,0,0,0,0,0,0,0,0,0,0,0,0,0,5273,16526,0,0,0,0
10823.458,15988,62,0,0,0,0,0,8,65482,5,43,0,0,0,0,0,0,0,0,0,0,0,0,0,0,0,0,0,0,0,0,0,0,6440,18681,0,0,0,0
10839.617,16159,61,0,0,0,0,0,8,5654,5,43,0,0,0,0,0,0,0,0,0,0,0,0,0,0,0,0,0,0,0,0,0,0,6587,16099,0,0,0,0
10856.001,16383,61,0,0,0,0,0,8,5069,5,43,0,0,0,0,0,0,0,0,0,0,0,0,0,0,0,0,0,0,0,0,0,0,6995,16579,0,0,0,0
10873.466,17465,57,0,0,0,0,0,8,6951,5,43,0,0,0,0,0,0,0,0,0,0,0,0,0,0,0,0,0,0,0,0,0,0,7028,15890,0,0,0,0
10889.781,16314,61,0,0,0,0,0,8,3638,5,43,0,0,0,0,0,0,0,0,0,0,0,0,0,0,0,0,0,0,0,0,0,0,5352,16305,0,0,0,0
11014.659,124878,8,0,0,0,0,0,8,75099,18,43,0,0,0,0,0,0,0,0,0,0,0,0,0,0,0,0,0,0,0,0,0,0,505157,134380,0,0,0,0
11031.675,17015,58,0,0,0,0,0,8,972,5,43,0,0,0,0,0,0,0,0,0,0,0,0,0,0,0,0,0,0,0,0,0,0,11890,13477,0,0,0,0
11048.453,16778,59,0,0,0,0,0,8,556,5,43,0,0,0,0,0,0,0,0,0,0,0,0,0,0,0,0,0,0,0,0,0,0,7234,12268,0,0,0,0
11064.845,16391,61,0,0,0,0,0,8,529,5,43,0,0,0,0,0,0,0,0,0,0,0,0,0,0,0,0,0,0,0,0,0,0,7016,16478,0,0,0,0
11082.463,17618,56,0,0,0,0,0,8,472,5,43,0,0,0,0,0,0,0,0,0,0,0,0,0,0,0,0,0,0,0,0,0,0,6947,16393,0,0,0,0
11098.149,15685,63,0,0,0,0,0,8,528,5,43,0,0,0,0,0,0,0,0,0,0,0,0,0,0,0,0,0,0,0,0,0,0,7143,17747,0,0,0,0
11114.621,16472,60,0,0,0,0,0,8,497,5,43,0,0,0,0,0,0,0,0,0,0,0,0,0,0,0,0,0,0,0,0,0,0,7729,16222,0,0,0,0
11131.747,17125,58,0,0,0,0,0,8,474,5,43,0,0,0,0,0,0,0,0,0,0,0,0,0,0,0,0,0,0,0,0,0,0,7835,16623,0,0,0,0
11147.573,15825,63,0,0,0,0,0,8,526,5,43,0,0,0,0,0,0,0,0,0,0,0,0,0,0,0,0,0,0,0,0,0,0,7386,16835,0,0,0,0
11164.462,16889,59,0,0,0,0,0,8,533,5,43,0,0,0,0,0,0,0,0,0,0,0,0,0,0,0,0,0,0,0,0,0,0,7664,16019,0,0,0,0
11181.988,17525,57,0,0,0,0,0,8,470,5,43,0,0,0,0,0,0,0,0,0,0,0,0,0,0,0,0,0,0,0,0,0,0,7360,16606,0,0,0,0
11198.063,16075,62,0,0,0,0,0,8,498,5,43,0,0,0,0,0,0,0,0,0,0,0,0,0,0,0,0,0,0,0,0,0,0,7539,17689,0,0,0,0
11214.974,16910,59,0,0,0,0,0,8,535,5,43,0,0,0,0,0,0,0,0,0,0,0,0,0,0,0,0,0,0,0,0,0,0,7475,15888,0,0,0,0
11231.522,16548,60,0,0,0,0,0,8,469,5,43,0,0,0,0,0,0,0,0,0,0,0,0,0,0,0,0,0,0,0,0,0,0,10410,19830,0,0,0,0
11248.057,16535,60,0,0,0,0,0,8,529,5,43,0,0,0,0,0,0,0,0,0,0,0,0,0,0,0,0,0,0,0,0,0,0,8981,15144,0,0,0,0
11265.463,17395,57,0,0,0,0,0,8,500,5,43,0,0,0,0,0,0,0,0,0,0,0,0,0,0,0,0,0,0,0,0,0,0,9104,16747,0,0,0,0
11282.459,17006,58,0,0,0,0,0,8,467,5,43,0,0,0,0,0,0,0,0,0,0,0,0,0,0,0,0,0,0,0,0,0,0,7948,16263,0,0,0,0
11298.099,15639,63,0,0,0,0,0,8,530,5,43,0,0,0,0,0,0,0,0,0,0,0,0,0,0,0,0,0,0,0,0,0,0,8044,17114,0,0,0,0
11315.452,17353,57,0,0,0,0,0,8,534,5,43,0,0,0,0,0,0,0,0,0,0,0,0,0,0,0,0,0,0,0,0,0,0,7901,15487,0,0,0,0
11331.095,15642,63,0,0,0,0,0,8,464,5,43,0,0,0,0,0,0,0,0,0,0,0,0,0,0,0,0,0,0,0,0,0,0,8073,17452,0,0,0,0
11348.076,16980,58,0,0,0,0,0,8,503,5,43,0,0,0,0,0,0,0,0,0,0,0,0,0,0,0,0,0,0,0,0,0,0,7787,15576,0,0,0,0
11365.454,17378,57,0,0,0,0,0,8,533,5,43,0,0,0,0,0,0,0,0,0,0,0,0,0,0,0,0,0,0,0,0,0,0,8070,17018,0,0,0,0
11381.336,15881,62,0,0,0,0,0,8,466,5,43,0,0,0,0,0,0,0,0,0,0,0,0,0,0,0,0,0,0,0,0,0,0,8065,17378,0,0,0,0
11398.459,17123,58,0,0,0,0,0,8,536,5,43,0,0,0,0,0,0,0,0,0,0,0,0,0,0,0,0,0,0,0,0,0,0,8106,15881,0,0,0,0
11414.943,16484,60,0,0,0,0,0,8,529,5,43,0,0,0,0,0,0,0,0,0,0,0,0,0,0,0,0,0,0,0,0,0,0,8063,17102,0,0,0,0
11431.737,16793,59,0,0,0,0,0,8,440,5,43,0,0,0,0,0,0,0,0,0,0,0,0,0,0,0,0,0,0,0,0,0,0,7903,16304,0,0,0,0
11447.970,16233,61,0,0,0,0,0,8,537,5,43,0,0,0,0,0,0,0,0,0,0,0,0,0,0,0,0,0,0,0,0,0,0,8036,16966,0,0,0,0
11464.457,16486,60,0,0,0,0,0,8,528,5,43,0,0,0,0,0,0,0,0,0,0,0,0,0,0,0,0,0,0,0,0,0,0,7892,16175,0,0,0,0
11481.572,17114,58,0,0,0,0,0,8,473,5,43,0,0,0,0,0,0,0,0,0,0,0,0,0,0,0,0,0,0,0,0,0,0,8118,16691,0,0,0,0
11498.031,16459,60,0,0,0,0,0,8,529,5,43,0,0,0,0,0,0,0,0,0,0,0,0,0,0,0,0,0,0,0,0,0,0,11430,20439,0,0,0,0
11514.609,16577,60,0,0,0,0,0,8,502,5,43,0,0,0,0,0,0,0,0,0,0,0,0,0,0,0,0,0,0,0,0,0,0,8042,13018,0,0,0,0
11532.002,17393,57,0,0,0,0,0,8,473,5,43,0,0,0,0,0,0,0,0,0,0,0,0,0,0,0,0,0,0,0,0,0,0,8180,16678,0,0,0,0
11548.106,16103,62,0,0,0,0,0,8,531,5,43,0,0,0,0,0,0,0,0,0,0,0,0,0,0,0,0,0,0,0,0,0,0,7916,17089,0,0,0,0
11564.460,16354,61,0,0,0,0,0,8,529,5,43,0,0,0,0,0,0,0,0,0,0,0,0,0,0,0,0,0,0,0,0,0,0,8140,16708,0,0,0,0
11581.495,17035,58,0,0,0,0,0,8,466,5,43,0,0,0,0,0,0,0,0,0,0,0,0,0,0,0,0,0,0,0,0,0,0,8094,15975,0,0,0,0
11598.150,16655,60,0,0,0,0,0,8,499,5,43,0,0,0,0,0,0,0,0,0,0,0,0,0,0,0,0,0,0,0,0,0,0,8120,17092,0,0,0,0
11614.970,16819,59,0,0,0,0,0,8,532,5,43,0,0,0,0,0,0,0,0,0,0,0,0,0,0,0,0,0,0,0,0,0,0,8021,16604,0,0,0,0
11631.576,16606,60,0,0,0,0,0,8,472,5,43,0,0,0,0,0,0,0,0,0,0,0,0,0,0,0,0,0,0,0,0,0,0,9006,17714,0,0,0,0
11648.026,16450,60,0,0,0,0,0,8,533,5,43,0,0,0,0,0,0,0,0,0,0,0,0,0,0,0,0,0,0,0,0,0,0,9035,16731,0,0,0,0
11665.046,17019,58,0,0,0,0,0,8,503,5,43,0,0,0,0,0,0,0,0,0,0,0,0,0,0,0,0,0,0,0,0,0,0,7669,15070,0,0,0,0
11681.758,16712,59,0,0,0,0,0,8,472,5,43,0,0,0,0,0,0,0,0,0,0,0,0,0,0,0,0,0,0,0,0,0,0,7887,17143,0,0,0,0
11698.452,16693,59,0,0,0,0,0,8,530,5,43,0,0,0,0,0,0,0,0,0,0,0,0,0,0,0,0,0,0,0,0,0,0,8978,17815,0,0,0,0
11715.470,17017,58,0,0,0,0,0,8,535,5,43,0,0,0,0,0,0,0,0,0,0,0,0,0,0,0,0,0,0,0,0,0,0,8883,16697,0,0,0,0
11731.598,16128,62,0,0,0,0,0,8,465,5,43,0,0,0,0,0,0,0,0,0,0,0,0,0,0,0,0,0,0,0,0,0,0,8770,16814,0,0,0,0
11748.453,16854,59,0,0,0,0,0,8,500,5,43,0,0,0,0,0,0,0,0,0,0,0,0,0,0,0,0,0,0,0,0,0,0,8759,16200,0,0,0,0
11764.658,16204,61,0,0,0,0,0,8,524,5,43,0,0,0,0,0,0,0,0,0,0,0,0,0,0,0,0,0,0,0,0,0,0,8840,16851,0,0,0,0
11781.714,17056,58,0,0,0,0,0,8,478,5,43,0,0,0,0,0,0,0,0,0,0,0,0,0,0,0,0,0,0,0,0,0,0,8841,16184,0,0,0,0
11798.144,16430,60,0,0,0,0,0,8,525,5,43,0,0,0,0,0,0,0,0,0,0,0,0,0,0,0,0,0,0,0,0,0,0,8842,17169,0,0,0,0
11814.610,16465,60,0,0,0,0,0,8,529,5,43,0,0,0,0,0,0,0,0,0,0,0,0,0,0,0,0,0,0,0,0,0,0,7809,15265,0,0,0,0
11831.678,17068,58,0,0,0,0,0,8,448,5,43,0,0,0,0,0,0,0,0,0,0,0,0,0,0,0,0,0,0,0,0,0,0,7752,16423,0,0,0,0
11848.085,16406,60,0,0,0,0,0,8,530,5,43,0,0,0,0,0,0,0,0,0,0,0,0,0,0,0,0,0,0,0,0,0,0,7811,17150,0,0,0,0
11864.968,16883,59,0,0,0,0,0,8,529,5,43,0,0,0,0,0,0,0,0,0,0,0,0,0,0,0,0,0,0,0,0,0,0,7883,16445,0,0,0,0
11881.535,16567,60,0,0,0,0,0,8,470,5,43,0,0,0,0,0,0,0,0,0,0,0,0,0,0,0,0,0,0,0,0,0,0,7896,16899,0,0,0,0
11898.194,16658,60,0,0,0,0,0,8,533,5,43,0,0,0,0,0,0,0,0,0,0,0,0,0,0,0,0,0,0,0,0,0,0,7770,16475,0,0,0,0
11914.968,16774,59,0,0,0,0,0,8,496,5,43,0,0,0,0,0,0,0,0,0,0,0,0,0,0,0,0,0,0,0,0,0,0,7835,17012,0,0,0,0
11931.680,16711,59,0,0,0,0,0,8,469,5,43,0,0,0,0,0,0,0,0,0,0,0,0,0,0,0,0,0,0,0,0,0,0,7722,16359,0,0,0,0
11947.961,16281,61,0,0,0,0,0,8,600,5,43,0,0,0,0,0,0,0,0,0,0,0,0,0,0,0,0,0,0,0,0,0,0,7791,17048,0,0,0,0
11964.983,17021,58,0,0,0,0,0,8,529,5,43,0,0,0,0,0,0,0,0,0,0,0,0,0,0,0,0,0,0,0,0,0,0,9091,17394,0,0,0,0
11982.454,17471,57,0,0,0,0,0,8,475,5,43,0,0,0,0,0,0,0,0,0,0,0,0,0,0,0,0,0,0,0,0,0,0,8852,16682,0,0,0,0
11998.052,15597,64,0,0,0,0,0,8,500,5,43,0,0,0,0,0,0,0,0,0,0,0,0,0,0,0,0,0,0,0,0,0,0,8979,17729,0,0,0,0
12014.967,16914,59,0,0,0,0,0,8,531,5,43,0,0,0,0,0,0,0,0,0,0,0,0,0,0,0,0,0,0,0,0,0,0,8900,15412,0,0,0,0
12032.460,17493,57,0,0,0,0,0,8,472,5,43,0,0,0,0,0,0,0,0,0,0,0,0,0,0,0,0,0,0,0,0,0,0,9166,17158,0,0,0,0
12048.221,15760,63,0,0,0,0,0,8,528,5,43,0,0,0,0,0,0,0,0,0,0,0,0,0,0,0,0,0,0,0,0,0,0,9006,17455,0,0,0,0
12064.462,16241,61,0,0,0,0,0,8,496,5,43,0,0,0,0,0,0,0,0,0,0,0,0,0,0,0,0,0,0,0,0,0,0,9062,15849,0,0,0,0
12081.098,16635,60,0,0,0,0,0,8,464,5,43,0,0,0,0,0,0,0,0,0,0,0,0,0,0,0,0,0,0,0,0,0,0,9024,16108,0,0,0,0
12098.132,17033,58,0,0,0,0,0,8,535,5,43,0,0,0,0,0,0,0,0,0,0,0,0,0,0,0,0,0,0,0,0,0,0,8930,16540,0,0,0,0
12114.451,16318,61,0,0,0,0,0,8,531,5,43,0,0,0,0,0,0,0,0,0,0,0,0,0,0,0,0,0,0,0,0,0,0,9159,17202,0,0,0,0
12131.756,17305,57,0,0,0,0,0,8,475,5,43,0,0,0,0,0,0,0,0,0,0,0,0,0,0,0,0,0,0,0,0,0,0,9169,16306,0,0,0,0
12148.135,16378,61,0,0,0,0,0,8,500,5,43,0,0,0,0,0,0,0,0,0,0,0,0,0,0,0,0,0,0,0,0,0,0,9249,17440,0,0,0,0
12165.031,16895,59,0,0,0,0,0,8,528,5,43,0,0,0,0,0,0,0,0,0,0,0,0,0,0,0,0,0,0,0,0,0,0,8044,15141,0,0,0,0
12181.970,16939,59,0,0,0,0,0,8,466,5,43,0,0,0,0,0,0,0,0,0,0,0,0,0,0,0,0,0,0,0,0,0,0,8068,16932,0,0,0,0
12198.063,16093,62,0,0,0,0,0,8,529,5,43,0,0,0,0,0,0,0,0,0,0,0,0,0,0,0,0,0,0,0,0,0,0,8078,16932,0,0,0,0
12215.443,17379,57,0,0,0,0,0,8,534,5,43,0,0,0,0,0,0,0,0,0,0,0,0,0,0,0,0,0,0,0,0,0,0,8104,16223,0,0,0,0
12231.519,16076,62,0,0,0,0,0,8,429,5,43,0,0,0,0,0,0,0,0,0,0,0,0,0,0,0,0,0,0,0,0,0,0,8052,17362,0,0,0,0
12247.953,16433,60,0,0,0,0,0,8,532,5,43,0,0,0,0,0,0,0,0,0,0,0,0,0,0,0,0,0,0,0,0,0,0,9216,17163,0,0,0,0
12265.107,17153,58,0,0,0,0,0,8,533,5,43,0,0,0,0,0,0,0,0,0,0,0,0,0,0,0,0,0,0,0,0,0,0,9360,16643,0,0,0,0
12281.011,15904,62,0,0,0,0,0,8,470,5,43,0,0,0,0,0,0,0,0,0,0,0,0,0,0,0,0,0,0,0,0,0,0,9317,16991,0,0,0,0
12298.444,17433,57,0,0,0,0,0,8,533,5,43,0,0,0,0,0,0,0,0,0,0,0,0,0,0,0,0,0,0,0,0,0,0,9142,15835,0,0,0,0
12315.475,17030,58,0,0,0,0,0,8,500,5,43,0,0,0,0,0,0,0,0,0,0,0,0,0,0,0,0,0,0,0,0,0,0,9183,17398,0,0,0,0
12331.951,16475,60,0,0,0,0,0,8,472,5,43,0,0,0,0,0,0,0,0,0,0,0,0,0,0,0,0,0,0,0,0,0,0,9168,17099,0,0,0,0
12348.233,16282,61,0,0,0,0,0,8,528,5,43,0,0,0,0,0,0,0,0,0,0,0,0,0,0,0,0,0,0,0,0,0,0,9271,16576,0,0,0,0
12365.099,16865,59,0,0,0,0,0,8,534,5,43,0,0,0,0,0,0,0,0,0,0,0,0,0,0,0,0,0,0,0,0,0,0,7827,14811,0,0,0,0
12381.681,16581,60,0,0,0,0,0,8,473,5,43,0,0,0,0,0,0,0,0,0,0,0,0,0,0,0,0,0,0,0,0,0,0,8137,17081,0,0,0,0
12398.063,16382,61,0,0,0,0,0,8,496,5,43,0,0,0,0,0,0,0,0,0,0,0,0,0,0,0,0,0,0,0,0,0,0,7912,16493,0,0,0,0
12414.684,16621,60,0,0,0,0,0,8,530,5,43,0,0,0,0,0,0,0,0,0,0,0,0,0,0,0,0,0,0,0,0,0,0,8155,16507,0,0,0,0
12432.443,17759,56,0,0,0,0,0,8,467,5,43,0,0,0,0,0,0,0,0,0,0,0,0,0,0,0,0,0,0,0,0,0,0,8047,16503,0,0,0,0
12448.090,15647,63,0,0,0,0,0,8,529,5,43,0,0,0,0,0,0,0,0,0,0,0,0,0,0,0,0,0,0,0,0,0,0,8105,17926,0,0,0,0
12465.449,17358,57,0,0,0,0,0,8,502,5,43,0,0,0,0,0,0,0,0,0,0,0,0,0,0,0,0,0,0,0,0,0,0,8170,15590,0,0,0,0
12482.442,16993,58,0,0,0,0,0,8,461,5,43,0,0,0,0,0,0,0,0,0,0,0,0,0,0,0,0,0,0,0,0,0,0,8116,17418,0,0,0,0
12498.002,15560,64,0,0,0,0,0,8,525,5,43,0,0,0,0,0,0,0,0,0,0,0,0,0,0,0,0,0,0,0,0,0,0,7834,16714,0,0,0,0
12515.454,17452,57,0,0,0,0,0,8,536,5,43,0,0,0,0,0,0,0,0,0,0,0,0,0,0,0,0,0,0,0,0,0,0,8002,15631,0,0,0,0
12532.473,17018,58,0,0,0,0,0,8,466,5,43,0,0,0,0,0,0,0,0,0,0,0,0,0,0,0,0,0,0,0,0,0,0,7895,17431,0,0,0,0
12548.159,15686,63,0,0,0,0,0,8,492,5,43,0,0,0,0,0,0,0,0,0,0,0,0,0,0,0,0,0,0,0,0,0,0,7925,17057,0,0,0,0
12565.052,16893,59,0,0,0,0,0,8,529,5,43,0,0,0,0,0,0,0,0,0,0,0,0,0,0,0,0,0,0,0,0,0,0,7909,15565,0,0,0,0
12581.505,16452,60,0,0,0,0,0,8,471,5,43,0,0,0,0,0,0,0,0,0,0,0,0,0,0,0,0,0,0,0,0,0,0,8027,17020,0,0,0,0
12598.101,16595,60,0,0,0,0,0,8,530,5,43,0,0,0,0,0,0,0,0,0,0,0,0,0,0,0,0,0,0,0,0,0,0,8097,16541,0,0,0,0
12615.029,16928,59,0,0,0,0,0,8,535,5,43,0,0,0,0,0,0,0,0,0,0,0,0,0,0,0,0,0,0,0,0,0,0,8021,16579,0,0,0,0
12631.513,16484,60,0,0,0,0,0,8,436,5,43,0,0,0,0,0,0,0,0,0,0,0,0,0,0,0,0,0,0,0,0,0,0,9277,18138,0,0,0,0
12647.548,16034,62,0,0,0,0,0,8,528,5,43,0,0,0,0,0,0,0,0,0,0,0,0,0,0,0,0,0,0,0,0,0,0,9220,16438,0,0,0,0
12664.966,17417,57,0,0,0,0,0,8,529,5,43,0,0,0,0,0,0,0,0,0,0,0,0,0,0,0,0,0,0,0,0,0,0,7633,14515,0,0,0,0
12681.387,16420,60,0,0,0,0,0,8,466,5,43,0,0,0,0,0,0,0,0,0,0,0,0,0,0,0,0,0,0,0,0,0,0,2559,12247,0,0,0,0
12698.079,16692,59,0,0,0,0,0,8,66187,5,44,0,0,0,0,0,0,0,0,0,0,0,0,0,0,0,0,0,0,0,0,0,0,708,14609,0,0,0,0
12715.447,17367,57,0,0,0,0,0,8,65857,5,44,0,0,0,0,0,0,0,0,0,0,0,0,0,0,0,0,0,0,0,0,0,0,235,16211,0,0,0,0
12731.718,16271,61,0,0,0,0,0,8,6622,5,44,0,0,0,0,0,0,0,0,0,0,0,0,0,0,0,0,0,0,0,0,0,0,238,17379,0,0,0,0
12747.690,15971,62,0,0,0,0,0,8,6584,5,44,0,0,0,0,0,0,0,0,0,0,0,0,0,0,0,0,0,0,0,0,0,0,209,16360,0,0,0,0
12765.090,17399,57,0,0,0,0,0,8,7128,5,44,0,0,0,0,0,0,0,0,0,0,0,0,0,0,0,0,0,0,0,0,0,0,231,15837,0,0,0,0
12781.161,16071,62,0,0,0,0,0,8,6562,5,44,0,0,0,0,0,0,0,0,0,0,0,0,0,0,0,0,0,0,0,0,0,0,220,17416,0,0,0,0
12798.310,17149,58,0,0,0,0,0,8,7004,5,44,0,0,0,0,0,0,0,0,0,0,0,0,0,0,0,0,0,0,0,0,0,0,222,16006,0,0,0,0
12814.812,16501,60,0,0,0,0,0,8,6798,5,44,0,0,0,0,0,0,0,0,0,0,0,0,0,0,0,0,0,0,0,0,0,0,233,17182,0,0,0,0
12832.449,17636,56,0,0,0,0,0,8,7154,5,44,0,0,0,0,0,0,0,0,0,0,0,0,0,0,0,0,0,0,0,0,0,0,235,16555,0,0,0,0
12848.172,15723,63,0,0,0,0,0,8,6492,5,44,0,0,0,0,0,0,0,0,0,0,0,0,0,0,0,0,0,0,0,0,0,0,235,17656,0,0,0,0
12864.747,16574,60,0,0,0,0,0,8,6784,5,44,0,0,0,0,0,0,0,0,0,0,0,0,0,0,0,0,0,0,0,0,0,0,223,15677,0,0,0,0
12882.447,17700,56,0,0,0,0,0,8,7169,5,44,0,0,0,0,0,0,0,0,0,0,0,0,0,0,0,0,0,0,0,0,0,0,211,16586,0,0,0,0
12898.093,15646,63,0,0,0,0,0,8,6451,5,44,0,0,0,0,0,0,0,0,0,0,0,0,0,0,0,0,0,0,0,0,0,0,227,17703,0,0,0,0
12914.949,16855,59,0,0,0,0,0,8,6906,5,44,0,0,0,0,0,0,0,0,0,0,0,0,0,0,0,0,0,0,0,0,0,0,209,15643,0,0,0,0
12932.456,17507,57,0,0,0,0,0,8,7104,5,44,0,0,0,0,0,0,0,0,0,0,0,0,0,0,0,0,0,0,0,0,0,0,221,16861,0,0,0,0
12948.109,15652,63,0,0,0,0,0,8,6422,5,44,0,0,0,0,0,0,0,0,0,0,0,0,0,0,0,0,0,0,0,0,0,0,218,17439,0,0,0,0
12964.638,16529,60,0,0,0,0,0,8,6802,5,44,0,0,0,0,0,0,0,0,0,0,0,0,0,0,0,0,0,0,0,0,0,0,211,15997,0,0,0,0
12981.581,16942,59,0,0,0,0,0,8,5282,5,44,0,0,0,0,0,0,0,0,0,0,0,0,0,0,0,0,0,0,0,0,0,0,224,16260,0,0,0,0
12998.105,16524,60,0,0,0,0,0,8,2981,5,44,0,0,0,0,0,0,0,0,0,0,0,0,0,0,0,0,0,0,0,0,0,0,215,16931,0,0,0,0
13015.438,17332,57,0,0,0,0,0,8,3290,5,44,0,0,0,0,0,0,0,0,0,0,0,0,0,0,0,0,0,0,0,0,0,0,228,16515,0,0,0,0
13031.286,15848,63,0,0,0,0,0,8,2830,5,44,0,0,0,0,0,0,0,0,0,0,0,0,0,0,0,0,0,0,0,0,0,0,232,17354,0,0,0,0
13047.664,16377,61,0,0,0,0,0,8,3160,5,44,0,0,0,0,0,0,0,0,0,0,0,0,0,0,0,0,0,0,0,0,0,0,217,15847,0,0,0,0
13065.012,17348,57,0,0,0,0,0,8,3128,5,44,0,0,0,0,0,0,0,0,0,0,0,0,0,0,0,0,0,0,0,0,0,0,233,16390,0,0,0,0
13081.161,16149,61,0,0,0,0,0,8,3067,5,44,0,0,0,0,0,0,0,0,0,0,0,0,0,0,0,0,0,0,0,0,0,0,228,17307,0,0,0,0
13098.436,17274,57,0,0,0,0,0,8,3112,5,44,0,0,0,0,0,0,0,0,0,0,0,0,0,0,0,0,0,0,0,0,0,0,207,16312,0,0,0,0
13115.115,16679,59,0,0,0,0,0,8,2190,5,44,0,0,0,0,0,0,0,0,0,0,0,0,0,0,0,0,0,0,0,0,0,0,219,17143,0,0,0,0
13132.445,17329,57,0,0,0,0,0,8,31326,5,45,0,0,0,0,0,0,0,0,0,0,0,0,0,0,0,0,0,0,0,0,0,0,3946,20296,0,0,0,0
13148.258,15813,63,0,0,0,0,0,8,51733,5,45,0,0,0,0,0,0,0,0,0,0,0,0,0,0,0,0,0,0,0,0,0,0,199,13683,0,0,0,0
13165.435,17176,58,0,0,0,0,0,8,71172,5,45,0,0,0,0,0,0,0,0,0,0,0,0,0,0,0,0,0,0,0,0,0,0,0,0,0,0,0,0
13280.944,115509,8,0,0,0,0,0,8,499534,16,45,0,0,0,0,0,0,0,0,0,0,0,0,0,0,0,0,0,0,0,0,0,0,131234,146869,0,0,0,0
13289.762,8817,113,0,0,0,0,0,8,772,5,45,0,0,0,0,0,0,0,0,0,0,0,0,0,0,0,0,0,0,0,0,0,0,178,958,0,0,0,0
13306.571,16809,59,0,0,0,0,0,8,527,5,45,0,0,0,0,0,0,0,0,0,0,0,0,0,0,0,0,0,0,0,0,0,0,192,9479,0,0,0,0
13323.236,16664,60,0,0,0,0,0,8,532,5,45,0,0,0,0,0,0,0,0,0,0,0,0,0,0,0,0,0,0,0,0,0,0,231,16964,0,0,0,0
13339.774,16537,60,0,0,0,0,0,8,466,5,45,0,0,0,0,0,0,0,0,0,0,0,0,0,0,0,0,0,0,0,0,0,0,230,16703,0,0,0,0
13356.960,17185,58,0,0,0,0,0,8,497,5,45,0,0,0,0,0,0,0,0,0,0,0,0,0,0,0,0,0,0,0,0,0,0,227,16451,0,0,0,0
13373.124,16164,61,0,0,0,0,0,8,527,5,45,0,0,0,0,0,0,0,0,0,0,0,0,0,0,0,0,0,0,0,0,0,0,225,17076,0,0,0,0
13390.092,16968,58,0,0,0,0,0,8,467,5,45,0,0,0,0,0,0,0,0,0,0,0,0,0,0,0,0,0,0,0,0,0,0,237,16464,0,0,0,0
13406.582,16489,60,0,0,0,0,0,8,531,5,45,0,0,0,0,0,0,0,0,0,0,0,0,0,0,0,0,0,0,0,0,0,0,239,16685,0,0,0,0
13422.641,16059,62,0,0,0,0,0,8,491,5,45,0,0,0,0,0,0,0,0,0,0,0,0,0,0,0,0,0,0,0,0,0,0,230,16500,0,0,0,0
13440.101,17459,57,0,0,0,0,0,8,471,5,45,0,0,0,0,0,0,0,0,0,0,0,0,0,0,0,0,0,0,0,0,0,0,228,16790,0,0,0,0
13456.579,16467,60,0,0,0,0,0,8,530,5,45,0,0,0,0,0,0,0,0,0,0,0,0,0,0,0,0,0,0,0,0,0,0,243,16717,0,0,0,0
13473.405,16836,59,0,0,0,0,0,8,530,5,45,0,0,0,0,0,0,0,0,0,0,0,0,0,0,0,0,0,0,0,0,0,0,247,16603,0,0,0,0
13489.738,16333,61,0,0,0,0,0,8,461,5,45,0,0,0,0,0,0,0,0,0,0,0,0,0,0,0,0,0,0,0,0,0,0,226,16699,0,0,0,0
13506.580,16830,59,0,0,0,0,0,8,497,5,45,0,0,0,0,0,0,0,0,0,0,0,0,0,0,0,0,0,0,0,0,0,0,224,16315,0,0,0,0
13523.440,16871,59,0,0,0,0,0,8,529,5,45,0,0,0,0,0,0,0,0,0,0,0,0,0,0,0,0,0,0,0,0,0,0,224,16867,0,0,0,0
13540.622,17181,58,0,0,0,0,0,8,468,5,45,0,0,0,0,0,0,0,0,0,0,0,0,0,0,0,0,0,0,0,0,0,0,234,16880,0,0,0,0
13556.676,16053,62,0,0,0,0,0,8,522,5,45,0,0,0,0,0,0,0,0,0,0,0,0,0,0,0,0,0,0,0,0,0,0,237,17209,0,0,0,0
13573.091,16414,60,0,0,0,0,0,8,526,5,45,0,0,0,0,0,0,0,0,0,0,0,0,0,0,0,0,0,0,0,0,0,0,244,15998,0,0,0,0
13589.942,16851,59,0,0,0,0,0,8,437,5,45,0,0,0,0,0,0,0,0,0,0,0,0,0,0,0,0,0,0,0,0,0,0,219,16706,0,0,0,0
13606.650,16708,59,0,0,0,0,0,8,525,5,45,0,0,0,0,0,0,0,0,0,0,0,0,0,0,0,0,0,0,0,0,0,0,226,16578,0,0,0,0
13623.440,16789,59,0,0,0,0,0,8,507,5,45,0,0,0,0,0,0,0,0,0,0,0,0,0,0,0,0,0,0,0,0,0,0,217,16666,0,0,0,0
13640.001,16561,60,0,0,0,0,0,8,485,5,45,0,0,0,0,0,0,0,0,0,0,0,0,0,0,0,0,0,0,0,0,0,0,247,16806,0,0,0,0
13656.661,16658,60,0,0,0,0,0,8,524,5,45,0,0,0,0,0,0,0,0,0,0,0,0,0,0,0,0,0,0,0,0,0,0,237,16607,0,0,0,0
13672.959,16298,61,0,0,0,0,0,8,454,5,45,0,0,0,0,0,0,0,0,0,0,0,0,0,0,0,0,0,0,0,0,0,0,225,16622,0,0,0,0
13689.496,16536,60,0,0,0,0,0,8,497,5,45,0,0,0,0,0,0,0,0,0,0,0,0,0,0,0,0,0,0,0,0,0,0,224,16317,0,0,0,0
13706.576,17080,58,0,0,0,0,0,8,529,5,45,0,0,0,0,0,0,0,0,0,0,0,0,0,0,0,0,0,0,0,0,0,0,241,16541,0,0,0,0
13723.160,16583,60,0,0,0,0,0,8,521,5,45,0,0,0,0,0,0,0,0,0,0,0,0,0,0,0,0,0,0,0,0,0,0,246,17857,0,0,0,0
13740.431,17271,57,0,0,0,0,0,8,456,5,45,0,0,0,0,0,0,0,0,0,0,0,0,0,0,0,0,0,0,0,0,0,0,207,15777,0,0,0,0
13756.523,16091,62,0,0,0,0,0,8,496,5,45,0,0,0,0,0,0,0,0,0,0,0,0,0,0,0,0,0,0,0,0,0,0,240,17328,0,0,0,0
13773.435,16912,59,0,0,0,0,0,8,525,5,45,0,0,0,0,0,0,0,0,0,0,0,0,0,0,0,0,0,0,0,0,0,0,223,16021,0,0,0,0
13790.433,16998,58,0,0,0,0,0,8,467,5,45,0,0,0,0,0,0,0,0,0,0,0,0,0,0,0,0,0,0,0,0,0,0,222,16903,0,0,0,0
13806.567,16133,61,0,0,0,0,0,8,523,5,45,0,0,0,0,0,0,0,0,0,0,0,0,0,0,0,0,0,0,0,0,0,0,245,17067,0,0,0,0
13823.227,16660,60,0,0,0,0,0,8,480,5,45,0,0,0,0,0,0,0,0,0,0,0,0,0,0,0,0,0,0,0,0,0,0,241,16127,0,0,0,0
13840.433,17206,58,0,0,0,0,0,8,481,5,45,0,0,0,0,0,0,0,0,0,0,0,0,0,0,0,0,0,0,0,0,0,0,236,16643,0,0,0,0
13856.994,16561,60,0,0,0,0,0,8,524,5,45,0,0,0,0,0,0,0,0,0,0,0,0,0,0,0,0,0,0,0,0,0,0,245,17224,0,0,0,0
13873.251,16256,61,0,0,0,0,0,8,499,5,45,0,0,0,0,0,0,0,0,0,0,0,0,0,0,0,0,0,0,0,0,0,0,275,16781,0,0,0,0
13889.749,16497,60,0,0,0,0,0,8,483,5,45,0,0,0,0,0,0,0,0,0,0,0,0,0,0,0,0,0,0,0,0,0,0,241,16146,0,0,0,0
13906.656,16906,59,0,0,0,0,0,8,503,5,45,0,0,0,0,0,0,0,0,0,0,0,0,0,0,0,0,0,0,0,0,0,0,224,16248,0,0,0,0
13923.431,16775,59,0,0,0,0,0,8,528,5,45,0,0,0,0,0,0,0,0,0,0,0,0,0,0,0,0,0,0,0,0,0,0,248,17039,0,0,0,0
13940.540,17108,58,0,0,0,0,0,8,461,5,45,0,0,0,0,0,0,0,0,0,0,0,0,0,0,0,0,0,0,0,0,0,0,237,16832,0,0,0,0
13956.565,16025,62,0,0,0,0,0,8,533,5,45,0,0,0,0,0,0,0,0,0,0,0,0,0,0,0,0,0,0,0,0,0,0,231,17077,0,0,0,0
13972.504,15939,62,0,0,0,0,0,8,500,5,45,0,0,0,0,0,0,0,0,0,0,0,0,0,0,0,0,0,0,0,0,0,0,219,15999,0,0,0,0
13990.432,17927,55,0,0,0,0,0,8,458,5,45,0,0,0,0,0,0,0,0,0,0,0,0,0,0,0,0,0,0,0,0,0,0,206,15817,0,0,0,0
14006.726,16294,61,0,0,0,0,0,8,521,5,45,0,0,0,0,0,0,0,0,0,0,0,0,0,0,0,0,0,0,0,0,0,0,246,18061,0,0,0,0
14023.065,16338,61,0,0,0,0,0,8,522,5,45,0,0,0,0,0,0,0,0,0,0,0,0,0,0,0,0,0,0,0,0,0,0,218,16227,0,0,0,0
14040.441,17376,57,0,0,0,0,0,8,467,5,45,0,0,0,0,0,0,0,0,0,0,0,0,0,0,0,0,0,0,0,0,0,0,225,16676,0,0,0,0
14057.444,17002,58,0,0,0,0,0,8,531,5,45,0,0,0,0,0,0,0,0,0,0,0,0,0,0,0,0,0,0,0,0,0,0,239,17062,0,0,0,0
14073.205,15760,63,0,0,0,0,0,8,457,5,45,0,0,0,0,0,0,0,0,0,0,0,0,0,0,0,0,0,0,0,0,0,0,273,17072,0,0,0,0
14089.448,16243,61,0,0,0,0,0,8,500,5,45,0,0,0,0,0,0,0,0,0,0,0,0,0,0,0,0,0,0,0,0,0,0,239,15875,0,0,0,0
14106.563,17114,58,0,0,0,0,0,8,530,5,45,0,0,0,0,0,0,0,0,0,0,0,0,0,0,0,0,0,0,0,0,0,0,237,16054,0,0,0,0
14122.961,16398,60,0,0,0,0,0,8,504,5,45,0,0,0,0,0,0,0,0,0,0,0,0,0,0,0,0,0,0,0,0,0,0,227,17141,0,0,0,0
14139.876,16915,59,0,0,0,0,0,8,488,5,45,0,0,0,0,0,0,0,0,0,0,0,0,0,0,0,0,0,0,0,0,0,0,217,16772,0,0,0,0
14156.593,16716,59,0,0,0,0,0,8,497,5,45,0,0,0,0,0,0,0,0,0,0,0,0,0,0,0,0,0,0,0,0,0,0,239,16503,0,0,0,0
14173.063,16470,60,0,0,0,0,0,8,525,5,45,0,0,0,0,0,0,0,0,0,0,0,0,0,0,0,0,0,0,0,0,0,0,247,16717,0,0,0,0
14189.849,16785,59,0,0,0,0,0,8,466,5,45,0,0,0,0,0,0,0,0,0,0,0,0,0,0,0,0,0,0,0,0,0,0,218,16456,0,0,0,0
14206.568,16718,59,0,0,0,0,0,8,531,5,45,0,0,0,0,0,0,0,0,0,0,0,0,0,0,0,0,0,0,0,0,0,0,225,16791,0,0,0,0
14223.144,16576,60,0,0,0,0,0,8,495,5,45,0,0,0,0,0,0,0,0,0,0,0,0,0,0,0,0,0,0,0,0,0,0,236,16759,0,0,0,0
14240.076,16931,59,0,0,0,0,0,8,467,5,45,0,0,0,0,0,0,0,0,0,0,0,0,0,0,0,0,0,0,0,0,0,0,246,16810,0,0,0,0
14256.569,16493,60,0,0,0,0,0,8,528,5,45,0,0,0,0,0,0,0,0,0,0,0,0,0,0,0,0,0,0,0,0,0,0,226,16686,0,0,0,0
14273.022,16452,60,0,0,0,0,0,8,521,5,45,0,0,0,0,0,0,0,0,0,0,0,0,0,0,0,0,0,0,0,0,0,0,260,16591,0,0,0,0
14290.424,17401,57,0,0,0,0,0,8,467,5,45,0,0,0,0,0,0,0,0,0,0,0,0,0,0,0,0,0,0,0,0,0,0,225,16713,0,0,0,0
14306.661,16237,61,0,0,0,0,0,8,496,5,45,0,0,0,0,0,0,0,0,0,0,0,0,0,0,0,0,0,0,0,0,0,0,231,17056,0,0,0,0
14323.227,16566,60,0,0,0,0,0,8,525,5,45,0,0,0,0,0,0,0,0,0,0,0,0,0,0,0,0,0,0,0,0,0,0,236,16965,0,0,0,0
14339.951,16712,59,0,0,0,0,0,8,461,5,45,0,0,0,0,0,0,0,0,0,0,0,0,0,0,0,0,0,0,0,0,0,0,237,15973,0,0,0,0
14356.484,16534,60,0,0,0,0,0,8,530,5,45,0,0,0,0,0,0,0,0,0,0,0,0,0,0,0,0,0,0,0,0,0,0,226,16585,0,0,0,0
14373.009,16535,60,0,0,0,0,0,8,522,5,45,0,0,0,0,0,0,0,0,0,0,0,0,0,0,0,0,0,0,0,0,0,0,224,16523,0,0,0,0
14390.083,17074,58,0,0,0,0,0,8,437,5,45,0,0,0,0,0,0,0,0,0,0,0,0,0,0,0,0,0,0,0,0,0,0,222,16533,0,0,0,0
14407.425,17341,57,0,0,0,0,0,8,527,5,45,0,0,0,0,0,0,0,0,0,0,0,0,0,0,0,0,0,0,0,0,0,0,231,17048,0,0,0,0
14423.347,15922,62,0,0,0,0,0,8,529,5,45,0,0,0,0,0,0,0,0,0,0,0,0,0,0,0,0,0,0,0,0,0,0,240,17398,0,0,0,0
14439.572,16225,61,0,0,0,0,0,8,457,5,45,0,0,0,0,0,0,0,0,0,0,0,0,0,0,0,0,0,0,0,0,0,0,215,15756,0,0,0,0
14456.572,16989,58,0,0,0,0,0,8,526,5,45,0,0,0,0,0,0,0,0,0,0,0,0,0,0,0,0,0,0,0,0,0,0,230,16354,0,0,0,0
14473.245,16683,59,0,0,0,0,0,8,493,5,45,0,0,0,0,0,0,0,0,0,0,0,0,0,0,0,0,0,0,0,0,0,0,229,17035,0,0,0,0
14489.439,16193,61,0,0,0,0,0,8,462,5,45,0,0,0,0,0,0,0,0,0,0,0,0,0,0,0,0,0,0,0,0,0,0,237,16750,0,0,0,0
14506.447,17008,58,0,0,0,0,0,8,527,5,45,0,0,0,0,0,0,0,0,0,0,0,0,0,0,0,0,0,0,0,0,0,0,233,16092,0,0,0,0
14523.376,16929,59,0,0,0,0,0,8,526,5,45,0,0,0,0,0,0,0,0,0,0,0,0,0,0,0,0,0,0,0,0,0,0,219,16992,0,0,0,0
14539.708,16331,61,0,0,0,0,0,8,462,5,45,0,0,0,0,0,0,0,0,0,0,0,0,0,0,0,0,0,0,0,0,0,0,240,16900,0,0,0,0
14556.467,16747,59,0,0,0,0,0,8,495,5,45,0,0,0,0,0,0,0,0,0,0,0,0,0,0,0,0,0,0,0,0,0,0,207,16241,0,0,0,0
14572.982,16526,60,0,0,0,0,0,8,520,5,45,0,0,0,0,0,0,0,0,0,0,0,0,0,0,0,0,0,0,0,0,0,0,234,16879,0,0,0,0
14589.741,16749,59,0,0,0,0,0,8,470,5,45,0,0,0,0,0,0,0,0,0,0,0,0,0,0,0,0,0,0,0,0,0,0,232,16555,0,0,0,0
14606.575,16844,59,0,0,0,0,0,8,529,5,45,0,0,0,0,0,0,0,0,0,0,0,0,0,0,0,0,0,0,0,0,0,0,228,16707,0,0,0,0
14623.095,16520,60,0,0,0,0,0,8,492,5,45,0,0,0,0,0,0,0,0,0,0,0,0,0,0,0,0,0,0,0,0,0,0,233,16830,0,0,0,0
14640.437,17341,57,0,0,0,0,0,8,466,5,45,0,0,0,0,0,0,0,0,0,0,0,0,0,0,0,0,0,0,0,0,0,0,225,16797,0,0,0,0
14657.430,16993,58,0,0,0,0,0,8,520,5,45,0,0,0,0,0,0,0,0,0,0,0,0,0,0,0,0,0,0,0,0,0,0,201,16999,0,0,0,0
14673.235,15804,63,0,0,0,0,0,8,526,5,45,0,0,0,0,0,0,0,0,0,0,0,0,0,0,0,0,0,0,0,0,0,0,235,17153,0,0,0,0
14689.432,16197,61,0,0,0,0,0,8,466,5,45,0,0,0,0,0,0,0,0,0,0,0,0,0,0,0,0,0,0,0,0,0,0,230,15664,0,0,0,0
14706.466,17034,58,0,0,0,0,0,8,497,5,45,0,0,0,0,0,0,0,0,0,0,0,0,0,0,0,0,0,0,0,0,0,0,233,16254,0,0,0,0
14723.026,16559,60,0,0,0,0,0,8,527,5,45,0,0,0,0,0,0,0,0,0,0,0,0,0,0,0,0,0,0,0,0,0,0,234,17040,0,0,0,0
14739.877,16851,59,0,0,0,0,0,8,464,5,45,0,0,0,0,0,0,0,0,0,0,0,0,0,0,0,0,0,0,0,0,0,0,239,16906,0,0,0,0
14756.570,16682,59,0,0,0,0,0,8,528,5,45,0,0,0,0,0,0,0,0,0,0,0,0,0,0,0,0,0,0,0,0,0,0,213,16400,0,0,0,0
14773.005,16445,60,0,0,0,0,0,8,526,5,45,0,0,0,0,0,0,0,0,0,0,0,0,0,0,0,0,0,0,0,0,0,0,235,16790,0,0,0,0
14789.929,16924,59,0,0,0,0,0,8,432,5,45,0,0,0,0,0,0,0,0,0,0,0,0,0,0,0,0,0,0,0,0,0,0,230,16435,0,0,0,0
14806.554,16624,60,0,0,0,0,0,8,522,5,45,0,0,0,0,0,0,0,0,0,0,0,0,0,0,0,0,0,0,0,0,0,0,244,16939,0,0,0,0
14822.731,16177,61,0,0,0,0,0,8,508,5,45,0,0,0,0,0,0,0,0,0,0,0,0,0,0,0,0,0,0,0,0,0,0,246,16622,0,0,0,0
14840.421,17689,56,0,0,0,0,0,8,482,5,45,0,0,0,0,0,0,0,0,0,0,0,0,0,0,0,0,0,0,0,0,0,0,239,16798,0,0,0,0
14856.508,16087,62,0,0,0,0,0,8,531,5,45,0,0,0,0,0,0,0,0,0,0,0,0,0,0,0,0,0,0,0,0,0,0,210,17050,0,0,0,0
14873.239,16731,59,0,0,0,0,0,8,462,5,45,0,0,0,0,0,0,0,0,0,0,0,0,0,0,0,0,0,0,0,0,0,0,215,16008,0,0,0,0
14890.155,16916,59,0,0,0,0,0,8,502,5,45,0,0,0,0,0,0,0,0,0,0,0,0,0,0,0,0,0,0,0,0,0,0,223,16937,0,0,0,0
14906.967,16812,59,0,0,0,0,0,8,528,5,45,0,0,0,0,0,0,0,0,0,0,0,0,0,0,0,0,0,0,0,0,0,0,244,16772,0,0,0,0
14922.865,15897,62,0,0,0,0,0,8,526,5,45,0,0,0,0,0,0,0,0,0,0,0,0,0,0,0,0,0,0,0,0,0,0,233,16823,0,0,0,0
14940.521,17656,56,0,0,0,0,0,8,469,5,45,0,0,0,0,0,0,0,0,0,0,0,0,0,0,0,0,0,0,0,0,0,0,217,15913,0,0,0,0
14956.632,16111,62,0,0,0,0,0,8,493,5,45,0,0,0,0,0,0,0,0,0,0,0,0,0,0,0,0,0,0,0,0,0,0,234,17478,0,0,0,0
14973.421,16789,59,0,0,0,0,0,8,490,5,45,0,0,0,0,0,0,0,0,0,0,0,0,0,0,0,0,0,0,0,0,0,0,224,16293,0,0,0,0
14990.418,16996,58,0,0,0,0,0,8,503,5,45,0,0,0,0,0,0,0,0,0,0,0,0,0,0,0,0,0,0,0,0,0,0,229,16846,0,0,0,0
15006.554,16135,61,0,0,0,0,0,8,525,5,45,0,0,0,0,0,0,0,0,0,0,0,0,0,0,0,0,0,0,0,0,0,0,234,16934,0,0,0,0
15023.435,16881,59,0,0,0,0,0,8,489,5,45,0,0,0,0,0,0,0,0,0,0,0,0,0,0,0,0,0,0,0,0,0,0,240,16149,0,0,0,0
15040.328,16892,59,0,0,0,0,0,8,467,5,45,0,0,0,0,0,0,0,0,0,0,0,0,0,0,0,0,0,0,0,0,0,0,272,16993,0,0,0,0
15056.625,16297,61,0,0,0,0,0,8,528,5,45,0,0,0,0,0,0,0,0,0,0,0,0,0,0,0,0,0,0,0,0,0,0,214,16662,0,0,0,0
15073.421,16795,59,0,0,0,0,0,8,529,5,45,0,0,0,0,0,0,0,0,0,0,0,0,0,0,0,0,0,0,0,0,0,0,218,16401,0,0,0,0
15089.742,16321,61,0,0,0,0,0,8,466,5,45,0,0,0,0,0,0,0,0,0,0,0,0,0,0,0,0,0,0,0,0,0,0,226,16771,0,0,0,0
15106.648,16906,59,0,0,0,0,0,8,495,5,45,0,0,0,0,0,0,0,0,0,0,0,0,0,0,0,0,0,0,0,0,0,0,223,16345,0,0,0,0
15123.401,16753,59,0,0,0,0,0,8,526,5,45,0,0,0,0,0,0,0,0,0,0,0,0,0,0,0,0,0,0,0,0,0,0,229,16891,0,0,0,0
15139.712,16310,61,0,0,0,0,0,8,461,5,45,0,0,0,0,0,0,0,0,0,0,0,0,0,0,0,0,0,0,0,0,0,0,232,16704,0,0,0,0
15156.613,16900,59,0,0,0,0,0,8,526,5,45,0,0,0,0,0,0,0,0,0,0,0,0,0,0,0,0,0,0,0,0,0,0,210,16341,0,0,0,0
15173.573,16960,58,0,0,0,0,0,8,508,5,45,0,0,0,0,0,0,0,0,0,0,0,0,0,0,0,0,0,0,0,0,0,0,223,16927,0,0,0,0
15189.931,16358,61,0,0,0,0,0,8,450,5,45,0,0,0,0,0,0,0,0,0,0,0,0,0,0,0,0,0,0,0,0,0,0,228,17756,0,0,0,0
15206.936,17004,58,0,0,0,0,0,8,527,5,45,0,0,0,0,0,0,0,0,0,0,0,0,0,0,0,0,0,0,0,0,0,0,222,15701,0,0,0,0
15223.418,16482,60,0,0,0,0,0,8,530,5,45,0,0,0,0,0,0,0,0,0,0,0,0,0,0,0,0,0,0,0,0,0,0,230,16828,0,0,0,0
15239.454,16036,62,0,0,0,0,0,8,461,5,45,0,0,0,0,0,0,0,0,0,0,0,0,0,0,0,0,0,0,0,0,0,0,261,16531,0,0,0,0
15256.646,17191,58,0,0,0,0,0,8,530,5,45,0,0,0,0,0,0,0,0,0,0,0,0,0,0,0,0,0,0,0,0,0,0,277,16172,0,0,0,0
15273.511,16864,59,0,0,0,0,0,8,492,5,45,0,0,0,0,0,0,0,0,0,0,0,0,0,0,0,0,0,0,0,0,0,0,230,17063,0,0,0,0
15289.728,16216,61,0,0,0,0,0,8,469,5,45,0,0,0,0,0,0,0,0,0,0,0,0,0,0,0,0,0,0,0,0,0,0,239,17230,0,0,0,0
15306.616,16888,59,0,0,0,0,0,8,525,5,45,0,0,0,0,0,0,0,0,0,0,0,0,0,0,0,0,0,0,0,0,0,0,246,15846,0,0,0,0
15323.145,16528,60,0,0,0,0,0,8,493,5,45,0,0,0,0,0,0,0,0,0,0,0,0,0,0,0,0,0,0,0,0,0,0,229,16877,0,0,0,0
15340.074,16929,59,0,0,0,0,0,8,496,5,45,0,0,0,0,0,0,0,0,0,0,0,0,0,0,0,0,0,0,0,0,0,0,221,16726,0,0,0,0
15356.474,16389,61,0,0,0,0,0,8,494,5,45,0,0,0,0,0,0,0,0,0,0,0,0,0,0,0,0,0,0,0,0,0,0,220,16581,0,0,0,0
15373.074,16610,60,0,0,0,0,0,8,496,5,45,0,0,0,0,0,0,0,0,0,0,0,0,0,0,0,0,0,0,0,0,0,0,235,16567,0,0,0,0
15389.726,16652,60,0,0,0,0,0,8,491,5,45,0,0,0,0,0,0,0,0,0,0,0,0,0,0,0,0,0,0,0,0,0,0,230,16861,0,0,0,0
15406.616,16878,59,0,0,0,0,0,8,528,5,45,0,0,0,0,0,0,0,0,0,0,0,0,0,0,0,0,0,0,0,0,0,0,228,16370,0,0,0,0
15422.968,16362,61,0,0,0,0,0,8,489,5,45,0,0,0,0,0,0,0,0,0,0,0,0,0,0,0,0,0,0,0,0,0,0,231,16887,0,0,0,0
15440.097,17129,58,0,0,0,0,0,8,466,5,45,0,0,0,0,0,0,0,0,0,0,0,0,0,0,0,0,0,0,0,0,0,0,233,16406,0,0,0,0
15456.599,16501,60,0,0,0,0,0,8,525,5,45,0,0,0,0,0,0,0,0,0,0,0,0,0,0,0,0,0,0,0,0,0,0,254,17377,0,0,0,0
15473.472,16873,59,0,0,0,0,0,8,503,5,45,0,0,0,0,0,0,0,0,0,0,0,0,0,0,0,0,0,0,0,0,0,0,215,16211,0,0,0,0
15490.415,16942,59,0,0,0,0,0,8,485,5,45,0,0,0,0,0,0,0,0,0,0,0,0,0,0,0,0,0,0,0,0,0,0,229,16888,0,0,0,0
15506.553,16138,61,0,0,0,0,0,8,493,5,45,0,0,0,0,0,0,0,0,0,0,0,0,0,0,0,0,0,0,0,0,0,0,230,16892,0,0,0,0
15522.818,16265,61,0,0,0,0,0,8,500,5,45,0,0,0,0,0,0,0,0,0,0,0,0,0,0,0,0,0,0,0,0,0,0,224,16171,0,0,0,0
15540.007,17188,58,0,0,0,0,0,8,490,5,45,0,0,0,0,0,0,0,0,0,0,0,0,0,0,0,0,0,0,0,0,0,0,237,16793,0,0,0,0
15556.556,16548,60,0,0,0,0,0,8,526,5,45,0,0,0,0,0,0,0,0,0,0,0,0,0,0,0,0,0,0,0,0,0,0,220,16634,0,0,0,0
15573.562,17006,58,0,0,0,0,0,8,521,5,45,0,0,0,0,0,0,0,0,0,0,0,0,0,0,0,0,0,0,0,0,0,0,229,16572,0,0,0,0
15590.413,16850,59,0,0,0,0,0,8,432,5,45,0,0,0,0,0,0,0,0,0,0,0,0,0,0,0,0,0,0,0,0,0,0,235,16977,0,0,0,0
15606.553,16139,61,0,0,0,0,0,8,523,5,45,0,0,0,0,0,0,0,0,0,0,0,0,0,0,0,0,0,0,0,0,0,0,224,17850,0,0,0,0
15622.830,16277,61,0,0,0,0,0,8,506,5,45,0,0,0,0,0,0,0,0,0,0,0,0,0,0,0,0,0,0,0,0,0,0,211,15148,0,0,0,0
15639.932,17102,58,0,0,0,0,0,8,485,5,45,0,0,0,0,0,0,0,0,0,0,0,0,0,0,0,0,0,0,0,0,0,0,240,16836,0,0,0,0
15656.486,16553,60,0,0,0,0,0,8,525,5,45,0,0,0,0,0,0,0,0,0,0,0,0,0,0,0,0,0,0,0,0,0,0,250,16637,0,0,0,0
15672.622,16136,61,0,0,0,0,0,8,468,5,45,0,0,0,0,0,0,0,0,0,0,0,0,0,0,0,0,0,0,0,0,0,0,226,16475,0,0,0,0
15690.414,17792,56,0,0,0,0,0,8,484,5,45,0,0,0,0,0,0,0,0,0,0,0,0,0,0,0,0,0,0,0,0,0,0,231,16868,0,0,0,0
15706.552,16137,61,0,0,0,0,0,8,529,5,45,0,0,0,0,0,0,0,0,0,0,0,0,0,0,0,0,0,0,0,0,0,0,234,17519,0,0,0,0
15723.551,16998,58,0,0,0,0,0,8,489,5,45,0,0,0,0,0,0,0,0,0,0,0,0,0,0,0,0,0,0,0,0,0,0,226,16006,0,0,0,0
15739.843,16291,61,0,0,0,0,0,8,491,5,45,0,0,0,0,0,0,0,0,0,0,0,0,0,0,0,0,0,0,0,0,0,0,211,17461,0,0,0,0
15756.630,16787,59,0,0,0,0,0,8,496,5,45,0,0,0,0,0,0,0,0,0,0,0,0,0,0,0,0,0,0,0,0,0,0,230,16018,0,0,0,0
15773.467,16837,59,0,0,0,0,0,8,497,5,45,0,0,0,0,0,0,0,0,0,0,0,0,0,0,0,0,0,0,0,0,0,0,235,16281,0,0,0,0
15789.804,16336,61,0,0,0,0,0,8,487,5,45,0,0,0,0,0,0,0,0,0,0,0,0,0,0,0,0,0,0,0,0,0,0,234,16819,0,0,0,0
15806.612,16798,59,0,0,0,0,0,8,525,5,45,0,0,0,0,0,0,0,0,0,0,0,0,0,0,0,0,0,0,0,0,0,0,237,16892,0,0,0,0
15823.548,16946,59,0,0,0,0,0,8,499,5,45,0,0,0,0,0,0,0,0,0,0,0,0,0,0,0,0,0,0,0,0,0,0,233,16271,0,0,0,0
15840.008,16459,60,0,0,0,0,0,8,461,5,45,0,0,0,0,0,0,0,0,0,0,0,0,0,0,0,0,0,0,0,0,0,0,246,16964,0,0,0,0
15856.619,16611,60,0,0,0,0,0,8,525,5,45,0,0,0,0,0,0,0,0,0,0,0,0,0,0,0,0,0,0,0,0,0,0,201,16333,0,0,0,0
15873.553,16934,59,0,0,0,0,0,8,493,5,45,0,0,0,0,0,0,0,0,0,0,0,0,0,0,0,0,0,0,0,0,0,0,234,16699,0,0,0,0
15889.946,16393,61,0,0,0,0,0,8,491,5,45,0,0,0,0,0,0,0,0,0,0,0,0,0,0,0,0,0,0,0,0,0,0,232,17717,0,0,0,0
15906.614,16667,59,0,0,0,0,0,8,499,5,45,0,0,0,0,0,0,0,0,0,0,0,0,0,0,0,0,0,0,0,0,0,0,203,15911,0,0,0,0
15923.417,16802,59,0,0,0,0,0,8,497,5,45,0,0,0,0,0,0,0,0,0,0,0,0,0,0,0,0,0,0,0,0,0,0,229,16384,0,0,0,0
15940.417,17000,58,0,0,0,0,0,8,497,5,45,0,0,0,0,0,0,0,0,0,0,0,0,0,0,0,0,0,0,0,0,0,0,225,16851,0,0,0,0
15956.460,16042,62,0,0,0,0,0,8,539,5,45,0,0,0,0,0,0,0,0,0,0,0,0,0,0,0,0,0,0,0,0,0,0,237,16993,0,0,0,0
15972.565,16104,62,0,0,0,0,0,8,508,5,45,0,0,0,0,0,0,0,0,0,0,0,0,0,0,0,0,0,0,0,0,0,0,208,15925,0,0,0,0
15989.415,16850,59,0,0,0,0,0,8,448,5,45,0,0,0,0,0,0,0,0,0,0,0,0,0,0,0,0,0,0,0,0,0,0,239,16933,0,0,0,0
16006.551,17135,58,0,0,0,0,0,8,533,5,45,0,0,0,0,0,0,0,0,0,0,0,0,0,0,0,0,0,0,0,0,0,0,223,16044,0,0,0,0
16023.200,16649,60,0,0,0,0,0,8,526,5,45,0,0,0,0,0,0,0,0,0,0,0,0,0,0,0,0,0,0,0,0,0,0,243,17140,0,0,0,0
16040.435,17234,58,0,0,0,0,0,8,467,5,45,0,0,0,0,0,0,0,0,0,0,0,0,0,0,0,0,0,0,0,0,0,0,254,16950,0,0,0,0
16056.476,16040,62,0,0,0,0,0,8,521,5,45,0,0,0,0,0,0,0,0,0,0,0,0,0,0,0,0,0,0,0,0,0,0,282,16973,0,0,0,0
16072.952,16476,60,0,0,0,0,0,8,454,5,45,0,0,0,0,0,0,0,0,0,0,0,0,0,0,0,0,0,0,0,0,0,0,206,15946,0,0,0,0
16090.104,17152,58,0,0,0,0,0,8,501,5,45,0,0,0,0,0,0,0,0,0,0,0,0,0,0,0,0,0,0,0,0,0,0,221,16514,0,0,0,0
16106.458,16353,61,0,0,0,0,0,8,530,5,45,0,0,0,0,0,0,0,0,0,0,0,0,0,0,0,0,0,0,0,0,0,0,232,17144,0,0,0,0
16122.935,16477,60,0,0,0,0,0,8,487,5,45,0,0,0,0,0,0,0,0,0,0,0,0,0,0,0,0,0,0,0,0,0,0,228,16394,0,0,0,0
16140.413,17478,57,0,0,0,0,0,8,506,5,45,0,0,0,0,0,0,0,0,0,0,0,0,0,0,0,0,0,0,0,0,0,0,212,16431,0,0,0,0
16156.609,16196,61,0,0,0,0,0,8,495,5,45,0,0,0,0,0,0,0,0,0,0,0,0,0,0,0,0,0,0,0,0,0,0,236,18509,0,0,0,0
16173.556,16947,59,0,0,0,0,0,8,530,5,45,0,0,0,0,0,0,0,0,0,0,0,0,0,0,0,0,0,0,0,0,0,0,200,15098,0,0,0,0
16190.094,16537,60,0,0,0,0,0,8,463,5,45,0,0,0,0,0,0,0,0,0,0,0,0,0,0,0,0,0,0,0,0,0,0,237,17861,0,0,0,0
16207.409,17315,57,0,0,0,0,0,8,530,5,45,0,0,0,0,0,0,0,0,0,0,0,0,0,0,0,0,0,0,0,0,0,0,252,16143,0,0,0,0
16223.288,15878,62,0,0,0,0,0,8,493,5,45,0,0,0,0,0,0,0,0,0,0,0,0,0,0,0,0,0,0,0,0,0,0,239,16940,0,0,0,0
16239.924,16636,60,0,0,0,0,0,8,465,5,45,0,0,0,0,0,0,0,0,0,0,0,0,0,0,0,0,0,0,0,0,0,0,225,15855,0,0,0,0
16256.449,16524,60,0,0,0,0,0,8,526,5,45,0,0,0,0,0,0,0,0,0,0,0,0,0,0,0,0,0,0,0,0,0,0,260,16702,0,0,0,0
16273.550,17101,58,0,0,0,0,0,8,502,5,45,0,0,0,0,0,0,0,0,0,0,0,0,0,0,0,0,0,0,0,0,0,0,208,16469,0,0,0,0
16289.933,16383,61,0,0,0,0,0,8,481,5,45,0,0,0,0,0,0,0,0,0,0,0,0,0,0,0,0,0,0,0,0,0,0,253,17902,0,0,0,0
16306.451,16518,60,0,0,0,0,0,8,495,5,45,0,0,0,0,0,0,0,0,0,0,0,0,0,0,0,0,0,0,0,0,0,0,212,15507,0,0,0,0
16322.940,16488,60,0,0,0,0,0,8,493,5,45,0,0,0,0,0,0,0,0,0,0,0,0,0,0,0,0,0,0,0,0,0,0,231,16646,0,0,0,0
16339.725,16785,59,0,0,0,0,0,8,501,5,45,0,0,0,0,0,0,0,0,0,0,0,0,0,0,0,0,0,0,0,0,0,0,203,16348,0,0,0,0
16356.500,16775,59,0,0,0,0,0,8,532,5,45,0,0,0,0,0,0,0,0,0,0,0,0,0,0,0,0,0,0,0,0,0,0,227,16696,0,0,0,0
16373.115,16615,60,0,0,0,0,0,8,525,5,45,0,0,0,0,0,0,0,0,0,0,0,0,0,0,0,0,0,0,0,0,0,0,228,16924,0,0,0,0
16389.941,16825,59,0,0,0,0,0,8,425,5,45,0,0,0,0,0,0,0,0,0,0,0,0,0,0,0,0,0,0,0,0,0,0,227,16848,0,0,0,0
16406.457,16515,60,0,0,0,0,0,8,531,5,45,0,0,0,0,0,0,0,0,0,0,0,0,0,0,0,0,0,0,0,0,0,0,212,16456,0,0,0,0
16422.943,16486,60,0,0,0,0,0,8,487,5,45,0,0,0,0,0,0,0,0,0,0,0,0,0,0,0,0,0,0,0,0,0,0,221,16582,0,0,0,0
16439.933,16990,58,0,0,0,0,0,8,505,5,45,0,0,0,0,0,0,0,0,0,0,0,0,0,0,0,0,0,0,0,0,0,0,216,16460,0,0,0,0
16456.604,16670,59,0,0,0,0,0,8,525,5,45,0,0,0,0,0,0,0,0,0,0,0,0,0,0,0,0,0,0,0,0,0,0,221,17036,0,0,0,0
16472.504,15900,62,0,0,0,0,0,8,459,5,45,0,0,0,0,0,0,0,0,0,0,0,0,0,0,0,0,0,0,0,0,0,0,218,16735,0,0,0,0
16489.591,17087,58,0,0,0,0,0,8,505,5,45,0,0,0,0,0,0,0,0,0,0,0,0,0,0,0,0,0,0,0,0,0,0,225,16248,0,0,0,0
16505.915,16323,61,0,0,0,0,0,8,530,5,45,0,0,0,0,0,0,0,0,0,0,0,0,0,0,0,0,0,0,0,0,0,0,240,16735,0,0,0,0
16523.454,17539,57,0,0,0,0,0,8,526,5,45,0,0,0,0,0,0,0,0,0,0,0,0,0,0,0,0,0,0,0,0,0,0,228,16328,0,0,0,0
16539.698,16243,61,0,0,0,0,0,8,465,5,45,0,0,0,0,0,0,0,0,0,0,0,0,0,0,0,0,0,0,0,0,0,0,233,17954,0,0,0,0
16556.308,16609,60,0,0,0,0,0,8,492,5,45,0,0,0,0,0,0,0,0,0,0,0,0,0,0,0,0,0,0,0,0,0,0,230,15930,0,0,0,0
16573.406,17098,58,0,0,0,0,0,8,533,5,45,0,0,0,0,0,0,0,0,0,0,0,0,0,0,0,0,0,0,0,0,0,0,237,16475,0,0,0,0
16589.633,16227,61,0,0,0,0,0,8,459,5,45,0,0,0,0,0,0,0,0,0,0,0,0,0,0,0,0,0,0,0,0,0,0,240,17223,0,0,0,0
16606.557,16914,59,0,0,0,0,0,8,526,5,45,0,0,0,0,0,0,0,0,0,0,0,0,0,0,0,0,0,0,0,0,0,0,218,16122,0,0,0,0
16623.412,16865,59,0,0,0,0,0,8,491,5,45,0,0,0,0,0,0,0,0,0,0,0,0,0,0,0,0,0,0,0,0,0,0,230,16941,0,0,0,0
16640.120,16708,59,0,0,0,0,0,8,469,5,45,0,0,0,0,0,0,0,0,0,0,0,0,0,0,0,0,0,0,0,0,0,0,232,16933,0,0,0,0
16657.429,17309,57,0,0,0,0,0,8,526,5,45,0,0,0,0,0,0,0,0,0,0,0,0,0,0,0,0,0,0,0,0,0,0,210,16535,0,0,0,0
16673.196,15766,63,0,0,0,0,0,8,521,5,45,0,0,0,0,0,0,0,0,0,0,0,0,0,0,0,0,0,0,0,0,0,0,244,17442,0,0,0,0
16690.408,17212,58,0,0,0,0,0,8,466,5,45,0,0,0,0,0,0,0,0,0,0,0,0,0,0,0,0,0,0,0,0,0,0,243,15911,0,0,0,0
16706.547,16139,61,0,0,0,0,0,8,492,5,45,0,0,0,0,0,0,0,0,0,0,0,0,0,0,0,0,0,0,0,0,0,0,227,17090,0,0,0,0
16723.100,16552,60,0,0,0,0,0,8,522,5,45,0,0,0,0,0,0,0,0,0,0,0,0,0,0,0,0,0,0,0,0,0,0,230,16860,0,0,0,0
16739.587,16486,60,0,0,0,0,0,8,463,5,45,0,0,0,0,0,0,0,0,0,0,0,0,0,0,0,0,0,0,0,0,0,0,217,16006,0,0,0,0
16756.550,16963,58,0,0,0,0,0,8,529,5,45,0,0,0,0,0,0,0,0,0,0,0,0,0,0,0,0,0,0,0,0,0,0,211,16184,0,0,0,0
16773.404,16853,59,0,0,0,0,0,8,495,5,45,0,0,0,0,0,0,0,0,0,0,0,0,0,0,0,0,0,0,0,0,0,0,224,17008,0,0,0,0
16789.705,16300,61,0,0,0,0,0,8,467,5,45,0,0,0,0,0,0,0,0,0,0,0,0,0,0,0,0,0,0,0,0,0,0,245,16943,0,0,0,0
16806.545,16840,59,0,0,0,0,0,8,526,5,45,0,0,0,0,0,0,0,0,0,0,0,0,0,0,0,0,0,0,0,0,0,0,208,16121,0,0,0,0
16822.986,16441,60,0,0,0,0,0,8,527,5,45,0,0,0,0,0,0,0,0,0,0,0,0,0,0,0,0,0,0,0,0,0,0,232,16944,0,0,0,0
16839.912,16926,59,0,0,0,0,0,8,468,5,45,0,0,0,0,0,0,0,0,0,0,0,0,0,0,0,0,0,0,0,0,0,0,212,16353,0,0,0,0
16856.544,16631,60,0,0,0,0,0,8,523,5,45,0,0,0,0,0,0,0,0,0,0,0,0,0,0,0,0,0,0,0,0,0,0,241,16994,0,0,0,0
16873.171,16627,60,0,0,0,0,0,8,497,5,45,0,0,0,0,0,0,0,0,0,0,0,0,0,0,0,0,0,0,0,0,0,0,221,16594,0,0,0,0
16890.405,17234,58,0,0,0,0,0,8,462,5,45,0,0,0,0,0,0,0,0,0,0,0,0,0,0,0,0,0,0,0,0,0,0,228,16834,0,0,0,0
16906.550,16133,61,0,0,0,0,0,8,528,5,45,0,0,0,0,0,0,0,0,0,0,0,0,0,0,0,0,0,0,0,0,0,0,231,17075,0,0,0,0
16923.232,16694,59,0,0,0,0,0,8,525,5,45,0,0,0,0,0,0,0,0,0,0,0,0,0,0,0,0,0,0,0,0,0,0,225,16171,0,0,0,0
16940.407,17174,58,0,0,0,0,0,8,464,5,45,0,0,0,0,0,0,0,0,0,0,0,0,0,0,0,0,0,0,0,0,0,0,240,16773,0,0,0,0
16956.604,16196,61,0,0,0,0,0,8,501,5,45,0,0,0,0,0,0,0,0,0,0,0,0,0,0,0,0,0,0,0,0,0,0,244,17030,0,0,0,0
16973.218,16614,60,0,0,0,0,0,8,526,5,45,0,0,0,0,0,0,0,0,0,0,0,0,0,0,0,0,0,0,0,0,0,0,227,16247,0,0,0,0
16989.683,16464,60,0,0,0,0,0,8,464,5,45,0,0,0,0,0,0,0,0,0,0,0,0,0,0,0,0,0,0,0,0,0,0,236,16740,0,0,0,0
17006.399,16715,59,0,0,0,0,0,8,529,5,45,0,0,0,0,0,0,0,0,0,0,0,0,0,0,0,0,0,0,0,0,0,0,226,16316,0,0,0,0
17023.329,16929,59,0,0,0,0,0,8,497,5,45,0,0,0,0,0,0,0,0,0,0,0,0,0,0,0,0,0,0,0,0,0,0,232,16712,0,0,0,0
17040.403,17073,58,0,0,0,0,0,8,467,5,45,0,0,0,0,0,0,0,0,0,0,0,0,0,0,0,0,0,0,0,0,0,0,245,16983,0,0,0,0
17056.693,16290,61,0,0,0,0,0,8,522,5,45,0,0,0,0,0,0,0,0,0,0,0,0,0,0,0,0,0,0,0,0,0,0,228,17044,0,0,0,0
17073.542,16848,59,0,0,0,0,0,8,494,5,45,0,0,0,0,0,0,0,0,0,0,0,0,0,0,0,0,0,0,0,0,0,0,226,16216,0,0,0,0
17090.406,16864,59,0,0,0,0,0,8,498,5,45,0,0,0,0,0,0,0,0,0,0,0,0,0,0,0,0,0,0,0,0,0,0,232,17730,0,0,0,0
17106.544,16137,61,0,0,0,0,0,8,492,5,45,0,0,0,0,0,0,0,0,0,0,0,0,0,0,0,0,0,0,0,0,0,0,244,16112,0,0,0,0
17123.418,16874,59,0,0,0,0,0,8,511,5,45,0,0,0,0,0,0,0,0,0,0,0,0,0,0,0,0,0,0,0,0,0,0,231,16070,0,0,0,0
17139.934,16516,60,0,0,0,0,0,8,482,5,45,0,0,0,0,0,0,0,0,0,0,0,0,0,0,0,0,0,0,0,0,0,0,241,16935,0,0,0,0
17156.464,16529,60,0,0,0,0,0,8,520,5,45,0,0,0,0,0,0,0,0,0,0,0,0,0,0,0,0,0,0,0,0,0,0,197,16295,0,0,0,0
17173.117,16653,60,0,0,0,0,0,8,531,5,45,0,0,0,0,0,0,0,0,0,0,0,0,0,0,0,0,0,0,0,0,0,0,240,17087,0,0,0,0
17190.924,17807,56,0,0,0,0,0,8,434,5,45,0,0,0,0,0,0,0,0,0,0,0,0,0,0,0,0,0,0,0,0,0,0,216,16470,0,0,0,0
17206.129,15205,65,0,0,0,0,0,8,522,5,45,0,0,0,0,0,0,0,0,0,0,0,0,0,0,0,0,0,0,0,0,0,0,235,17569,0,0,0,0
17223.169,17039,58,0,0,0,0,0,8,529,5,45,0,0,0,0,0,0,0,0,0,0,0,0,0,0,0,0,0,0,0,0,0,0,217,15100,0,0,0,0
17240.929,17760,56,0,0,0,0,0,8,467,5,45,0,0,0,0,0,0,0,0,0,0,0,0,0,0,0,0,0,0,0,0,0,0,235,17334,0,0,0,0
17256.716,15787,63,0,0,0,0,0,8,526,5,45,0,0,0,0,0,0,0,0,0,0,0,0,0,0,0,0,0,0,0,0,0,0,260,17713,0,0,0,0
17273.234,16517,60,0,0,0,0,0,8,502,5,45,0,0,0,0,0,0,0,0,0,0,0,0,0,0,0,0,0,0,0,0,0,0,240,15717,0,0,0,0
17290.088,16853,59,0,0,0,0,0,8,466,5,45,0,0,0,0,0,0,0,0,0,0,0,0,0,0,0,0,0,0,0,0,0,0,223,16483,0,0,0,0
17306.538,16450,60,0,0,0,0,0,8,528,5,45,0,0,0,0,0,0,0,0,0,0,0,0,0,0,0,0,0,0,0,0,0,0,245,16815,0,0,0,0
17322.932,16394,60,0,0,0,0,0,8,487,5,45,0,0,0,0,0,0,0,0,0,0,0,0,0,0,0,0,0,0,0,0,0,0,234,16486,0,0,0,0
17340.065,17133,58,0,0,0,0,0,8,497,5,45,0,0,0,0,0,0,0,0,0,0,0,0,0,0,0,0,0,0,0,0,0,0,208,16754,0,0,0,0
17357.406,17340,57,0,0,0,0,0,8,496,5,45,0,0,0,0,0,0,0,0,0,0,0,0,0,0,0,0,0,0,0,0,0,0,221,16700,0,0,0,0
17373.406,16000,62,0,0,0,0,0,8,489,5,45,0,0,0,0,0,0,0,0,0,0,0,0,0,0,0,0,0,0,0,0,0,0,246,17391,0,0,0,0
17390.403,16996,58,0,0,0,0,0,8,498,5,45,0,0,0,0,0,0,0,0,0,0,0,0,0,0,0,0,0,0,0,0,0,0,222,16061,0,0,0,0
17406.074,15671,63,0,0,0,0,0,8,524,5,45,0,0,0,0,0,0,0,0,0,0,0,0,0,0,0,0,0,0,0,0,0,0,237,17020,0,0,0,0
17423.095,17020,58,0,0,0,0,0,8,500,5,45,0,0,0,0,0,0,0,0,0,0,0,0,0,0,0,0,0,0,0,0,0,0,232,15559,0,0,0,0
17439.698,16603,60,0,0,0,0,0,8,463,5,45,0,0,0,0,0,0,0,0,0,0,0,0,0,0,0,0,0,0,0,0,0,0,245,17328,0,0,0,0
17456.474,16775,59,0,0,0,0,0,8,527,5,45,0,0,0,0,0,0,0,0,0,0,0,0,0,0,0,0,0,0,0,0,0,0,200,16194,0,0,0,0
17473.225,16751,59,0,0,0,0,0,8,524,5,45,0,0,0,0,0,0,0,0,0,0,0,0,0,0,0,0,0,0,0,0,0,0,230,16895,0,0,0,0
17489.415,16190,61,0,0,0,0,0,8,454,5,45,0,0,0,0,0,0,0,0,0,0,0,0,0,0,0,0,0,0,0,0,0,0,256,16959,0,0,0,0
17506.533,17118,58,0,0,0,0,0,8,495,5,45,0,0,0,0,0,0,0,0,0,0,0,0,0,0,0,0,0,0,0,0,0,0,216,15920,0,0,0,0
17522.580,16046,62,0,0,0,0,0,8,505,5,45,0,0,0,0,0,0,0,0,0,0,0,0,0,0,0,0,0,0,0,0,0,0,225,17187,0,0,0,0
17540.183,17603,56,0,0,0,0,0,8,481,5,45,0,0,0,0,0,0,0,0,0,0,0,0,0,0,0,0,0,0,0,0,0,0,232,16727,0,0,0,0
17556.532,16349,61,0,0,0,0,0,8,525,5,45,0,0,0,0,0,0,0,0,0,0,0,0,0,0,0,0,0,0,0,0,0,0,221,16845,0,0,0,0
17573.398,16865,59,0,0,0,0,0,8,505,5,45,0,0,0,0,0,0,0,0,0,0,0,0,0,0,0,0,0,0,0,0,0,0,233,16435,0,0,0,0
17590.408,17009,58,0,0,0,0,0,8,467,5,45,0,0,0,0,0,0,0,0,0,0,0,0,0,0,0,0,0,0,0,0,0,0,224,16936,0,0,0,0
17606.535,16127,62,0,0,0,0,0,8,522,5,45,0,0,0,0,0,0,0,0,0,0,0,0,0,0,0,0,0,0,0,0,0,0,246,16996,0,0,0,0
17622.911,16376,61,0,0,0,0,0,8,498,5,45,0,0,0,0,0,0,0,0,0,0,0,0,0,0,0,0,0,0,0,0,0,0,204,15962,0,0,0,0
17640.051,17139,58,0,0,0,0,0,8,496,5,45,0,0,0,0,0,0,0,0,0,0,0,0,0,0,0,0,0,0,0,0,0,0,229,16893,0,0,0,0
17656.590,16528,60,0,0,0,0,0,8,530,5,45,0,0,0,0,0,0,0,0,0,0,0,0,0,0,0,0,0,0,0,0,0,0,223,16573,0,0,0,0
17673.065,16485,60,0,0,0,0,0,8,494,5,45,0,0,0,0,0,0,0,0,0,0,0,0,0,0,0,0,0,0,0,0,0,0,223,16675,0,0,0,0
17690.066,17001,58,0,0,0,0,0,8,463,5,45,0,0,0,0,0,0,0,0,0,0,0,0,0,0,0,0,0,0,0,0,0,0,247,16776,0,0,0,0
17706.324,16258,61,0,0,0,0,0,8,531,5,45,0,0,0,0,0,0,0,0,0,0,0,0,0,0,0,0,0,0,0,0,0,0,217,16637,0,0,0,0
17722.787,16462,60,0,0,0,0,0,8,491,5,45,0,0,0,0,0,0,0,0,0,0,0,0,0,0,0,0,0,0,0,0,0,0,205,16215,0,0,0,0
17739.906,17118,58,0,0,0,0,0,8,503,5,45,0,0,0,0,0,0,0,0,0,0,0,0,0,0,0,0,0,0,0,0,0,0,237,17145,0,0,0,0
17756.589,16683,59,0,0,0,0,0,8,492,5,45,0,0,0,0,0,0,0,0,0,0,0,0,0,0,0,0,0,0,0,0,0,0,222,16670,0,0,0,0
17773.396,16806,59,0,0,0,0,0,8,489,5,45,0,0,0,0,0,0,0,0,0,0,0,0,0,0,0,0,0,0,0,0,0,0,230,16528,0,0,0,0
17789.540,16144,61,0,0,0,0,0,8,501,5,45,0,0,0,0,0,0,0,0,0,0,0,0,0,0,0,0,0,0,0,0,0,0,227,16921,0,0,0,0
17806.600,17059,58,0,0,0,0,0,8,531,5,45,0,0,0,0,0,0,0,0,0,0,0,0,0,0,0,0,0,0,0,0,0,0,230,16058,0,0,0,0
17823.540,16940,59,0,0,0,0,0,8,489,5,45,0,0,0,0,0,0,0,0,0,0,0,0,0,0,0,0,0,0,0,0,0,0,239,17108,0,0,0,0
17840.393,16853,59,0,0,0,0,0,8,465,5,45,0,0,0,0,0,0,0,0,0,0,0,0,0,0,0,0,0,0,0,0,0,0,223,16795,0,0,0,0
17856.605,16211,61,0,0,0,0,0,8,522,5,45,0,0,0,0,0,0,0,0,0,0,0,0,0,0,0,0,0,0,0,0,0,0,230,16902,0,0,0,0
17873.093,16488,60,0,0,0,0,0,8,526,5,45,0,0,0,0,0,0,0,0,0,0,0,0,0,0,0,0,0,0,0,0,0,0,235,16271,0,0,0,0
17890.398,17304,57,0,0,0,0,0,8,462,5,45,0,0,0,0,0,0,0,0,0,0,0,0,0,0,0,0,0,0,0,0,0,0,238,16745,0,0,0,0
17906.530,16131,61,0,0,0,0,0,8,491,5,45,0,0,0,0,0,0,0,0,0,0,0,0,0,0,0,0,0,0,0,0,0,0,261,17077,0,0,0,0
17923.053,16522,60,0,0,0,0,0,8,494,5,45,0,0,0,0,0,0,0,0,0,0,0,0,0,0,0,0,0,0,0,0,0,0,239,16155,0,0,0,0
17939.727,16674,59,0,0,0,0,0,8,499,5,45,0,0,0,0,0,0,0,0,0,0,0,0,0,0,0,0,0,0,0,0,0,0,210,16675,0,0,0,0
17956.670,16942,59,0,0,0,0,0,8,549,5,45,0,0,0,0,0,0,0,0,0,0,0,0,0,0,0,0,0,0,0,0,0,0,238,16605,0,0,0,0
17972.580,15910,62,0,0,0,0,0,8,502,5,45,0,0,0,0,0,0,0,0,0,0,0,0,0,0,0,0,0,0,0,0,0,0,209,16689,0,0,0,0
17989.717,17136,58,0,0,0,0,0,8,452,5,45,0,0,0,0,0,0,0,0,0,0,0,0,0,0,0,0,0,0,0,0,0,0,229,16778,0,0,0,0
18006.589,16872,59,0,0,0,0,0,8,527,5,45,0,0,0,0,0,0,0,0,0,0,0,0,0,0,0,0,0,0,0,0,0,0,234,16273,0,0,0,0
18022.974,16385,61,0,0,0,0,0,8,493,5,45,0,0,0,0,0,0,0,0,0,0,0,0,0,0,0,0,0,0,0,0,0,0,227,16982,0,0,0,0
18039.905,16930,59,0,0,0,0,0,8,500,5,45,0,0,0,0,0,0,0,0,0,0,0,0,0,0,0,0,0,0,0,0,0,0,224,16722,0,0,0,0
18057.391,17485,57,0,0,0,0,0,8,525,5,45,0,0,0,0,0,0,0,0,0,0,0,0,0,0,0,0,0,0,0,0,0,0,233,16595,0,0,0,0
18073.036,15644,63,0,0,0,0,0,8,455,5,45,0,0,0,0,0,0,0,0,0,0,0,0,0,0,0,0,0,0,0,0,0,0,228,17485,0,0,0,0
18089.605,16569,60,0,0,0,0,0,8,501,5,45,0,0,0,0,0,0,0,0,0,0,0,0,0,0,0,0,0,0,0,0,0,0,232,15939,0,0,0,0
18106.597,16981,58,0,0,0,0,0,8,531,5,45,0,0,0,0,0,0,0,0,0,0,0,0,0,0,0,0,0,0,0,0,0,0,234,16255,0,0,0,0
18122.749,16162,61,0,0,0,0,0,8,503,5,45,0,0,0,0,0,0,0,0,0,0,0,0,0,0,0,0,0,0,0,0,0,0,251,17124,0,0,0,0
18139.599,16850,59,0,0,0,0,0,8,483,5,45,0,0,0,0,0,0,0,0,0,0,0,0,0,0,0,0,0,0,0,0,0,0,227,16039,0,0,0,0
18157.394,17794,56,0,0,0,0,0,8,499,5,45,0,0,0,0,0,0,0,0,0,0,0,0,0,0,0,0,0,0,0,0,0,0,205,16780,0,0,0,0
18172.563,15169,65,0,0,0,0,0,8,504,5,45,0,0,0,0,0,0,0,0,0,0,0,0,0,0,0,0,0,0,0,0,0,0,243,17884,0,0,0,0
18189.673,17110,58,0,0,0,0,0,8,479,5,45,0,0,0,0,0,0,0,0,0,0,0,0,0,0,0,0,0,0,0,0,0,0,228,15898,0,0,0,0
18206.906,17232,58,0,0,0,0,0,8,524,5,45,0,0,0,0,0,0,0,0,0,0,0,0,0,0,0,0,0,0,0,0,0,0,225,16316,0,0,0,0
18223.168,16262,61,0,0,0,0,0,8,498,5,45,0,0,0,0,0,0,0,0,0,0,0,0,0,0,0,0,0,0,0,0,0,0,231,17341,0,0,0,0
18240.392,17223,58,0,0,0,0,0,8,462,5,45,0,0,0,0,0,0,0,0,0,0,0,0,0,0,0,0,0,0,0,0,0,0,219,16349,0,0,0,0
18256.578,16186,61,0,0,0,0,0,8,525,5,45,0,0,0,0,0,0,0,0,0,0,0,0,0,0,0,0,0,0,0,0,0,0,234,16995,0,0,0,0
18273.527,16948,59,0,0,0,0,0,8,486,5,45,0,0,0,0,0,0,0,0,0,0,0,0,0,0,0,0,0,0,0,0,0,0,243,16280,0,0,0,0
18290.050,16523,60,0,0,0,0,0,8,502,5,45,0,0,0,0,0,0,0,0,0,0,0,0,0,0,0,0,0,0,0,0,0,0,228,17717,0,0,0,0
18306.533,16482,60,0,0,0,0,0,8,491,5,45,0,0,0,0,0,0,0,0,0,0,0,0,0,0,0,0,0,0,0,0,0,0,232,15728,0,0,0,0
18323.408,16874,59,0,0,0,0,0,8,509,5,45,0,0,0,0,0,0,0,0,0,0,0,0,0,0,0,0,0,0,0,0,0,0,227,16480,0,0,0,0
18339.749,16341,61,0,0,0,0,0,8,485,5,45,0,0,0,0,0,0,0,0,0,0,0,0,0,0,0,0,0,0,0,0,0,0,266,16949,0,0,0,0
18356.536,16786,59,0,0,0,0,0,8,532,5,45,0,0,0,0,0,0,0,0,0,0,0,0,0,0,0,0,0,0,0,0,0,0,228,16254,0,0,0,0
18373.289,16753,59,0,0,0,0,0,8,527,5,45,0,0,0,0,0,0,0,0,0,0,0,0,0,0,0,0,0,0,0,0,0,0,220,16808,0,0,0,0
18389.981,16691,59,0,0,0,0,0,8,430,5,45,0,0,0,0,0,0,0,0,0,0,0,0,0,0,0,0,0,0,0,0,0,0,234,16787,0,0,0,0
18407.064,17083,58,0,0,0,0,0,8,525,5,45,0,0,0,0,0,0,0,0,0,0,0,0,0,0,0,0,0,0,0,0,0,0,225,16625,0,0,0,0
18423.446,16381,61,0,0,0,0,0,8,506,5,45,0,0,0,0,0,0,0,0,0,0,0,0,0,0,0,0,0,0,0,0,0,0,222,17071,0,0,0,0
18440.021,16575,60,0,0,0,0,0,8,484,5,45,0,0,0,0,0,0,0,0,0,0,0,0,0,0,0,0,0,0,0,0,0,0,233,16424,0,0,0,0
18456.555,16534,60,0,0,0,0,0,8,525,5,45,0,0,0,0,0,0,0,0,0,0,0,0,0,0,0,0,0,0,0,0,0,0,221,16640,0,0,0,0
18473.403,16847,59,0,0,0,0,0,8,475,5,45,0,0,0,0,0,0,0,0,0,0,0,0,0,0,0,0,0,0,0,0,0,0,236,16446,0,0,0,0
18489.919,16515,60,0,0,0,0,0,8,488,5,45,0,0,0,0,0,0,0,0,0,0,0,0,0,0,0,0,0,0,0,0,0,0,229,16865,0,0,0,0
18506.524,16605,60,0,0,0,0,0,8,521,5,45,0,0,0,0,0,0,0,0,0,0,0,0,0,0,0,0,0,0,0,0,0,0,234,16514,0,0,0,0
18522.566,16041,62,0,0,0,0,0,8,504,5,45,0,0,0,0,0,0,0,0,0,0,0,0,0,0,0,0,0,0,0,0,0,0,231,16615,0,0,0,0
18540.140,17573,56,0,0,0,0,0,8,484,5,45,0,0,0,0,0,0,0,0,0,0,0,0,0,0,0,0,0,0,0,0,0,0,254,16910,0,0,0,0
18556.463,16323,61,0,0,0,0,0,8,501,5,45,0,0,0,0,0,0,0,0,0,0,0,0,0,0,0,0,0,0,0,0,0,0,210,16536,0,0,0,0
18573.542,17078,58,0,0,0,0,0,8,501,5,45,0,0,0,0,0,0,0,0,0,0,0,0,0,0,0,0,0,0,0,0,0,0,227,16480,0,0,0,0
18589.991,16449,60,0,0,0,0,0,8,480,5,45,0,0,0,0,0,0,0,0,0,0,0,0,0,0,0,0,0,0,0,0,0,0,246,17871,0,0,0,0
18606.587,16595,60,0,0,0,0,0,8,531,5,45,0,0,0,0,0,0,0,0,0,0,0,0,0,0,0,0,0,0,0,0,0,0,219,15607,0,0,0,0
18623.082,16495,60,0,0,0,0,0,8,494,5,45,0,0,0,0,0,0,0,0,0,0,0,0,0,0,0,0,0,0,0,0,0,0,254,16689,0,0,0,0
18640.388,17305,57,0,0,0,0,0,8,462,5,45,0,0,0,0,0,0,0,0,0,0,0,0,0,0,0,0,0,0,0,0,0,0,227,16697,0,0,0,0
18656.588,16188,61,0,0,0,0,0,8,524,5,45,0,0,0,0,0,0,0,0,0,0,0,0,0,0,0,0,0,0,0,0,0,0,228,18022,0,0,0,0
18673.387,16810,59,0,0,0,0,0,8,529,5,45,0,0,0,0,0,0,0,0,0,0,0,0,0,0,0,0,0,0,0,0,0,0,218,15218,0,0,0,0
18689.668,16281,61,0,0,0,0,0,8,456,5,45,0,0,0,0,0,0,0,0,0,0,0,0,0,0,0,0,0,0,0,0,0,0,231,16792,0,0,0,0
18706.600,16921,59,0,0,0,0,0,8,504,5,45,0,0,0,0,0,0,0,0,0,0,0,0,0,0,0,0,0,0,0,0,0,0,223,16284,0,0,0,0
18723.116,16526,60,0,0,0,0,0,8,525,5,45,0,0,0,0,0,0,0,0,0,0,0,0,0,0,0,0,0,0,0,0,0,0,234,16975,0,0,0,0
18739.911,16795,59,0,0,0,0,0,8,464,5,45,0,0,0,0,0,0,0,0,0,0,0,0,0,0,0,0,0,0,0,0,0,0,244,16735,0,0,0,0
18756.580,16668,59,0,0,0,0,0,8,526,5,45,0,0,0,0,0,0,0,0,0,0,0,0,0,0,0,0,0,0,0,0,0,0,205,16443,0,0,0,0
18773.537,16957,58,0,0,0,0,0,8,504,5,45,0,0,0,0,0,0,0,0,0,0,0,0,0,0,0,0,0,0,0,0,0,0,211,16662,0,0,0,0
18790.023,16485,60,0,0,0,0,0,8,448,5,45,0,0,0,0,0,0,0,0,0,0,0,0,0,0,0,0,0,0,0,0,0,0,235,17861,0,0,0,0
18806.520,16496,60,0,0,0,0,0,8,526,5,45,0,0,0,0,0,0,0,0,0,0,0,0,0,0,0,0,0,0,0,0,0,0,211,15684,0,0,0,0
18822.939,16419,60,0,0,0,0,0,8,524,5,45,0,0,0,0,0,0,0,0,0,0,0,0,0,0,0,0,0,0,0,0,0,0,234,16521,0,0,0,0
18839.897,16958,58,0,0,0,0,0,8,468,5,45,0,0,0,0,0,0,0,0,0,0,0,0,0,0,0,0,0,0,0,0,0,0,227,16454,0,0,0,0
18856.540,16642,60,0,0,0,0,0,8,526,5,45,0,0,0,0,0,0,0,0,0,0,0,0,0,0,0,0,0,0,0,0,0,0,227,16898,0,0,0,0
18873.382,16842,59,0,0,0,0,0,8,499,5,45,0,0,0,0,0,0,0,0,0,0,0,0,0,0,0,0,0,0,0,0,0,0,233,16653,0,0,0,0
18890.385,17002,58,0,0,0,0,0,8,464,5,45,0,0,0,0,0,0,0,0,0,0,0,0,0,0,0,0,0,0,0,0,0,0,225,16836,0,0,0,0
18906.532,16146,61,0,0,0,0,0,8,527,5,45,0,0,0,0,0,0,0,0,0,0,0,0,0,0,0,0,0,0,0,0,0,0,249,16951,0,0,0,0
18923.926,17394,57,0,0,0,0,0,8,530,5,45,0,0,0,0,0,0,0,0,0,0,0,0,0,0,0,0,0,0,0,0,0,0,257,16304,0,0,0,0
18940.389,16462,60,0,0,0,0,0,8,469,5,45,0,0,0,0,0,0,0,0,0,0,0,0,0,0,0,0,0,0,0,0,0,0,217,17255,0,0,0,0
18956.530,16141,61,0,0,0,0,0,8,494,5,45,0,0,0,0,0,0,0,0,0,0,0,0,0,0,0,0,0,0,0,0,0,0,244,16446,0,0,0,0
18973.523,16992,58,0,0,0,0,0,8,488,5,45,0,0,0,0,0,0,0,0,0,0,0,0,0,0,0,0,0,0,0,0,0,0,217,16189,0,0,0,0
18990.386,16862,59,0,0,0,0,0,8,497,5,45,0,0,0,0,0,0,0,0,0,0,0,0,0,0,0,0,0,0,0,0,0,0,237,17805,0,0,0,0
19006.574,16188,61,0,0,0,0,0,8,521,5,45,0,0,0,0,0,0,0,0,0,0,0,0,0,0,0,0,0,0,0,0,0,0,233,16008,0,0,0,0
19022.555,15980,62,0,0,0,0,0,8,486,5,45,0,0,0,0,0,0,0,0,0,0,0,0,0,0,0,0,0,0,0,0,0,0,234,16271,0,0,0,0
19041.392,18836,53,0,0,0,0,0,8,471,5,45,0,0,0,0,0,0,0,0,0,0,0,0,0,0,0,0,0,0,0,0,0,0,233,15958,0,0,0,0
19056.569,15177,65,0,0,0,0,0,8,524,5,45,0,0,0,0,0,0,0,0,0,0,0,0,0,0,0,0,0,0,0,0,0,0,244,18802,0,0,0,0
19073.190,16621,60,0,0,0,0,0,8,529,5,45,0,0,0,0,0,0,0,0,0,0,0,0,0,0,0,0,0,0,0,0,0,0,218,15220,0,0,0,0
19090.215,17024,58,0,0,0,0,0,8,466,5,45,0,0,0,0,0,0,0,0,0,0,0,0,0,0,0,0,0,0,0,0,0,0,237,16759,0,0,0,0
19106.623,16408,60,0,0,0,0,0,8,488,5,45,0,0,0,0,0,0,0,0,0,0,0,0,0,0,0,0,0,0,0,0,0,0,226,16830,0,0,0,0
19122.607,15984,62,0,0,0,0,0,8,509,5,45,0,0,0,0,0,0,0,0,0,0,0,0,0,0,0,0,0,0,0,0,0,0,245,16606,0,0,0,0
19139.180,16572,60,0,0,0,0,0,8,486,5,45,0,0,0,0,0,0,0,0,0,0,0,0,0,0,0,0,0,0,0,0,0,0,209,15740,0,0,0,0
19157.380,18199,54,0,0,0,0,0,8,533,5,45,0,0,0,0,0,0,0,0,0,0,0,0,0,0,0,0,0,0,0,0,0,0,236,16785,0,0,0,0
19172.615,15235,65,0,0,0,0,0,8,500,5,45,0,0,0,0,0,0,0,0,0,0,0,0,0,0,0,0,0,0,0,0,0,0,236,18080,0,0,0,0
19190.064,17449,57,0,0,0,0,0,8,455,5,45,0,0,0,0,0,0,0,0,0,0,0,0,0,0,0,0,0,0,0,0,0,0,227,15419,0,0,0,0
19207.383,17319,57,0,0,0,0,0,8,522,5,45,0,0,0,0,0,0,0,0,0,0,0,0,0,0,0,0,0,0,0,0,0,0,233,17205,0,0,0,0
19223.174,15790,63,0,0,0,0,0,8,490,5,45,0,0,0,0,0,0,0,0,0,0,0,0,0,0,0,0,0,0,0,0,0,0,236,17388,0,0,0,0
19239.873,16699,59,0,0,0,0,0,8,500,5,45,0,0,0,0,0,0,0,0,0,0,0,0,0,0,0,0,0,0,0,0,0,0,225,15734,0,0,0,0
19257.386,17512,57,0,0,0,0,0,8,525,5,45,0,0,0,0,0,0,0,0,0,0,0,0,0,0,0,0,0,0,0,0,0,0,235,17199,0,0,0,0
19272.485,15099,66,0,0,0,0,0,8,466,5,45,0,0,0,0,0,0,0,0,0,0,0,0,0,0,0,0,0,0,0,0,0,0,238,17058,0,0,0,0
19289.890,17404,57,0,0,0,0,0,8,482,5,45,0,0,0,0,0,0,0,0,0,0,0,0,0,0,0,0,0,0,0,0,0,0,218,15905,0,0,0,0
19306.439,16549,60,0,0,0,0,0,8,530,5,45,0,0,0,0,0,0,0,0,0,0,0,0,0,0,0,0,0,0,0,0,0,0,230,16574,0,0,0,0
19322.920,16481,60,0,0,0,0,0,8,485,5,45,0,0,0,0,0,0,0,0,0,0,0,0,0,0,0,0,0,0,0,0,0,0,273,16675,0,0,0,0
19340.387,17466,57,0,0,0,0,0,8,505,5,45,0,0,0,0,0,0,0,0,0,0,0,0,0,0,0,0,0,0,0,0,0,0,213,16326,0,0,0,0
19357.386,16999,58,0,0,0,0,0,8,489,5,45,0,0,0,0,0,0,0,0,0,0,0,0,0,0,0,0,0,0,0,0,0,0,237,17446,0,0,0,0
19373.382,15996,62,0,0,0,0,0,8,496,5,45,0,0,0,0,0,0,0,0,0,0,0,0,0,0,0,0,0,0,0,0,0,0,223,17124,0,0,0,0
19390.392,17009,58,0,0,0,0,0,8,497,5,45,0,0,0,0,0,0,0,0,0,0,0,0,0,0,0,0,0,0,0,0,0,0,227,15997,0,0,0,0
19406.904,16512,60,0,0,0,0,0,8,525,5,45,0,0,0,0,0,0,0,0,0,0,0,0,0,0,0,0,0,0,0,0,0,0,246,16920,0,0,0,0
19423.076,16171,61,0,0,0,0,0,8,492,5,45,0,0,0,0,0,0,0,0,0,0,0,0,0,0,0,0,0,0,0,0,0,0,220,16502,0,0,0,0
19439.905,16828,59,0,0,0,0,0,8,465,5,45,0,0,0,0,0,0,0,0,0,0,0,0,0,0,0,0,0,0,0,0,0,0,220,16442,0,0,0,0
19456.515,16610,60,0,0,0,0,0,8,525,5,45,0,0,0,0,0,0,0,0,0,0,0,0,0,0,0,0,0,0,0,0,0,0,229,16600,0,0,0,0
19473.380,16864,59,0,0,0,0,0,8,531,5,45,0,0,0,0,0,0,0,0,0,0,0,0,0,0,0,0,0,0,0,0,0,0,227,16601,0,0,0,0
19489.657,16277,61,0,0,0,0,0,8,461,5,45,0,0,0,0,0,0,0,0,0,0,0,0,0,0,0,0,0,0,0,0,0,0,233,16849,0,0,0,0
19506.566,16908,59,0,0,0,0,0,8,498,5,45,0,0,0,0,0,0,0,0,0,0,0,0,0,0,0,0,0,0,0,0,0,0,241,16303,0,0,0,0
19522.901,16335,61,0,0,0,0,0,8,487,5,45,0,0,0,0,0,0,0,0,0,0,0,0,0,0,0,0,0,0,0,0,0,0,253,16931,0,0,0,0
19540.377,17476,57,0,0,0,0,0,8,503,5,45,0,0,0,0,0,0,0,0,0,0,0,0,0,0,0,0,0,0,0,0,0,0,248,16306,0,0,0,0
19556.516,16138,61,0,0,0,0,0,8,529,5,45,0,0,0,0,0,0,0,0,0,0,0,0,0,0,0,0,0,0,0,0,0,0,241,17599,0,0,0,0
19573.202,16686,59,0,0,0,0,0,8,526,5,45,0,0,0,0,0,0,0,0,0,0,0,0,0,0,0,0,0,0,0,0,0,0,222,16017,0,0,0,0
19589.866,16663,60,0,0,0,0,0,8,431,5,45,0,0,0,0,0,0,0,0,0,0,0,0,0,0,0,0,0,0,0,0,0,0,242,16805,0,0,0,0
19606.730,16864,59,0,0,0,0,0,8,529,5,45,0,0,0,0,0,0,0,0,0,0,0,0,0,0,0,0,0,0,0,0,0,0,238,16540,0,0,0,0
19623.205,16475,60,0,0,0,0,0,8,528,5,45,0,0,0,0,0,0,0,0,0,0,0,0,0,0,0,0,0,0,0,0,0,0,242,16864,0,0,0,0
19640.028,16822,59,0,0,0,0,0,8,468,5,45,0,0,0,0,0,0,0,0,0,0,0,0,0,0,0,0,0,0,0,0,0,0,235,16598,0,0,0,0
19656.524,16496,60,0,0,0,0,0,8,529,5,45,0,0,0,0,0,0,0,0,0,0,0,0,0,0,0,0,0,0,0,0,0,0,202,16585,0,0,0,0
19673.054,16530,60,0,0,0,0,0,8,494,5,45,0,0,0,0,0,0,0,0,0,0,0,0,0,0,0,0,0,0,0,0,0,0,229,16598,0,0,0,0
19689.953,16898,59,0,0,0,0,0,8,462,5,45,0,0,0,0,0,0,0,0,0,0,0,0,0,0,0,0,0,0,0,0,0,0,212,16801,0,0,0,0
19706.526,16573,60,0,0,0,0,0,8,529,5,45,0,0,0,0,0,0,0,0,0,0,0,0,0,0,0,0,0,0,0,0,0,0,235,16627,0,0,0,0
19723.123,16596,60,0,0,0,0,0,8,525,5,45,0,0,0,0,0,0,0,0,0,0,0,0,0,0,0,0,0,0,0,0,0,0,211,16564,0,0,0,0
19740.553,17430,57,0,0,0,0,0,8,461,5,45,0,0,0,0,0,0,0,0,0,0,0,0,0,0,0,0,0,0,0,0,0,0,223,16804,0,0,0,0
19756.675,16121,62,0,0,0,0,0,8,491,5,45,0,0,0,0,0,0,0,0,0,0,0,0,0,0,0,0,0,0,0,0,0,0,225,17189,0,0,0,0
19773.378,16703,59,0,0,0,0,0,8,531,5,45,0,0,0,0,0,0,0,0,0,0,0,0,0,0,0,0,0,0,0,0,0,0,205,16059,0,0,0,0
19789.301,15923,62,0,0,0,0,0,8,465,5,45,0,0,0,0,0,0,0,0,0,0,0,0,0,0,0,0,0,0,0,0,0,0,232,16805,0,0,0,0
19806.568,17267,57,0,0,0,0,0,8,528,5,45,0,0,0,0,0,0,0,0,0,0,0,0,0,0,0,0,0,0,0,0,0,0,235,15950,0,0,0,0
19822.903,16335,61,0,0,0,0,0,8,471,5,45,0,0,0,0,0,0,0,0,0,0,0,0,0,0,0,0,0,0,0,0,0,0,247,17271,0,0,0,0
19840.382,17478,57,0,0,0,0,0,8,488,5,45,0,0,0,0,0,0,0,0,0,0,0,0,0,0,0,0,0,0,0,0,0,0,212,16271,0,0,0,0
19856.844,16461,60,0,0,0,0,0,8,532,5,45,0,0,0,0,0,0,0,0,0,0,0,0,0,0,0,0,0,0,0,0,0,0,244,17505,0,0,0,0
19872.936,16092,62,0,0,0,0,0,8,522,5,45,0,0,0,0,0,0,0,0,0,0,0,0,0,0,0,0,0,0,0,0,0,0,222,16436,0,0,0,0
19890.374,17438,57,0,0,0,0,0,8,464,5,45,0,0,0,0,0,0,0,0,0,0,0,0,0,0,0,0,0,0,0,0,0,0,221,16095,0,0,0,0
19906.577,16202,61,0,0,0,0,0,8,488,5,45,0,0,0,0,0,0,0,0,0,0,0,0,0,0,0,0,0,0,0,0,0,0,267,17643,0,0,0,0
19923.436,16859,59,0,0,0,0,0,8,497,5,45,0,0,0,0,0,0,0,0,0,0,0,0,0,0,0,0,0,0,0,0,0,0,240,16137,0,0,0,0
19939.961,16524,60,0,0,0,0,0,8,493,5,45,0,0,0,0,0,0,0,0,0,0,0,0,0,0,0,0,0,0,0,0,0,0,226,16766,0,0,0,0
19956.299,16337,61,0,0,0,0,0,8,526,5,45,0,0,0,0,0,0,0,0,0,0,0,0,0,0,0,0,0,0,0,0,0,0,223,16481,0,0,0,0
19973.373,17073,58,0,0,0,0,0,8,524,5,45,0,0,0,0,0,0,0,0,0,0,0,0,0,0,0,0,0,0,0,0,0,0,215,16285,0,0,0,0
19989.936,16563,60,0,0,0,0,0,8,439,5,45,0,0,0,0,0,0,0,0,0,0,0,0,0,0,0,0,0,0,0,0,0,0,218,17107,0,0,0,0
20006.575,16639,60,0,0,0,0,0,8,521,5,45,0,0,0,0,0,0,0,0,0,0,0,0,0,0,0,0,0,0,0,0,0,0,205,16496,0,0,0,0
20022.600,16024,62,0,0,0,0,0,8,502,5,45,0,0,0,0,0,0,0,0,0,0,0,0,0,0,0,0,0,0,0,0,0,0,224,16710,0,0,0,0
20039.417,16817,59,0,0,0,0,0,8,484,5,45,0,0,0,0,0,0,0,0,0,0,0,0,0,0,0,0,0,0,0,0,0,0,233,16784,0,0,0,0
20056.437,17019,58,0,0,0,0,0,8,528,5,45,0,0,0,0,0,0,0,0,0,0,0,0,0,0,0,0,0,0,0,0,0,0,239,16084,0,0,0,0
20073.381,16944,59,0,0,0,0,0,8,473,5,45,0,0,0,0,0,0,0,0,0,0,0,0,0,0,0,0,0,0,0,0,0,0,234,16991,0,0,0,0
20090.386,17004,58,0,0,0,0,0,8,485,5,45,0,0,0,0,0,0,0,0,0,0,0,0,0,0,0,0,0,0,0,0,0,0,240,17077,0,0,0,0
20106.674,16288,61,0,0,0,0,0,8,522,5,45,0,0,0,0,0,0,0,0,0,0,0,0,0,0,0,0,0,0,0,0,0,0,243,17402,0,0,0,0
20123.133,16459,60,0,0,0,0,0,8,530,5,45,0,0,0,0,0,0,0,0,0,0,0,0,0,0,0,0,0,0,0,0,0,0,195,15693,0,0,0,0
20140.381,17247,57,0,0,0,0,0,8,465,5,45,0,0,0,0,0,0,0,0,0,0,0,0,0,0,0,0,0,0,0,0,0,0,244,16772,0,0,0,0
20156.380,15999,62,0,0,0,0,0,8,494,5,45,0,0,0,0,0,0,0,0,0,0,0,0,0,0,0,0,0,0,0,0,0,0,221,16970,0,0,0,0
20173.022,16642,60,0,0,0,0,0,8,494,5,45,0,0,0,0,0,0,0,0,0,0,0,0,0,0,0,0,0,0,0,0,0,0,230,16073,0,0,0,0
20190.380,17357,57,0,0,0,0,0,8,496,5,45,0,0,0,0,0,0,0,0,0,0,0,0,0,0,0,0,0,0,0,0,0,0,237,16925,0,0,0,0
20206.517,16137,61,0,0,0,0,0,8,522,5,45,0,0,0,0,0,0,0,0,0,0,0,0,0,0,0,0,0,0,0,0,0,0,223,17137,0,0,0,0
20223.368,16850,59,0,0,0,0,0,8,496,5,45,0,0,0,0,0,0,0,0,0,0,0,0,0,0,0,0,0,0,0,0,0,0,226,16366,0,0,0,0
20240.899,17530,57,0,0,0,0,0,8,466,5,45,0,0,0,0,0,0,0,0,0,0,0,0,0,0,0,0,0,0,0,0,0,0,235,16545,0,0,0,0
20256.805,15906,62,0,0,0,0,0,8,526,5,45,0,0,0,0,0,0,0,0,0,0,0,0,0,0,0,0,0,0,0,0,0,0,237,17612,0,0,0,0
20273.120,16315,61,0,0,0,0,0,8,525,5,45,0,0,0,0,0,0,0,0,0,0,0,0,0,0,0,0,0,0,0,0,0,0,221,15831,0,0,0,0
20290.001,16880,59,0,0,0,0,0,8,462,5,45,0,0,0,0,0,0,0,0,0,0,0,0,0,0,0,0,0,0,0,0,0,0,225,16534,0,0,0,0
20306.673,16671,59,0,0,0,0,0,8,502,5,45,0,0,0,0,0,0,0,0,0,0,0,0,0,0,0,0,0,0,0,0,0,0,220,16633,0,0,0,0
20323.304,16630,60,0,0,0,0,0,8,533,5,45,0,0,0,0,0,0,0,0,0,0,0,0,0,0,0,0,0,0,0,0,0,0,256,16723,0,0,0,0
20340.372,17068,58,0,0,0,0,0,8,462,5,45,0,0,0,0,0,0,0,0,0,0,0,0,0,0,0,0,0,0,0,0,0,0,210,16583,0,0,0,0
20356.505,16133,61,0,0,0,0,0,8,520,5,45,0,0,0,0,0,0,0,0,0,0,0,0,0,0,0,0,0,0,0,0,0,0,240,17050,0,0,0,0
20373.506,17001,58,0,0,0,0,0,8,487,5,45,0,0,0,0,0,0,0,0,0,0,0,0,0,0,0,0,0,0,0,0,0,0,221,16188,0,0,0,0
20389.914,16407,60,0,0,0,0,0,8,469,5,45,0,0,0,0,0,0,0,0,0,0,0,0,0,0,0,0,0,0,0,0,0,0,244,17842,0,0,0,0
20406.573,16658,60,0,0,0,0,0,8,525,5,45,0,0,0,0,0,0,0,0,0,0,0,0,0,0,0,0,0,0,0,0,0,0,224,15496,0,0,0,0
20423.173,16600,60,0,0,0,0,0,8,526,5,45,0,0,0,0,0,0,0,0,0,0,0,0,0,0,0,0,0,0,0,0,0,0,228,16718,0,0,0,0
20440.379,17206,58,0,0,0,0,0,8,461,5,45,0,0,0,0,0,0,0,0,0,0,0,0,0,0,0,0,0,0,0,0,0,0,233,16741,0,0,0,0
20456.439,16060,62,0,0,0,0,0,8,525,5,45,0,0,0,0,0,0,0,0,0,0,0,0,0,0,0,0,0,0,0,0,0,0,242,18034,0,0,0,0
20473.513,17073,58,0,0,0,0,0,8,460,5,45,0,0,0,0,0,0,0,0,0,0,0,0,0,0,0,0,0,0,0,0,0,0,232,15088,0,0,0,0
20489.897,16384,61,0,0,0,0,0,8,492,5,45,0,0,0,0,0,0,0,0,0,0,0,0,0,0,0,0,0,0,0,0,0,0,230,17885,0,0,0,0
20506.564,16656,60,0,0,0,0,0,8,525,5,45,0,0,0,0,0,0,0,0,0,0,0,0,0,0,0,0,0,0,0,0,0,0,228,15724,0,0,0,0
20523.048,16493,60,0,0,0,0,0,8,496,5,45,0,0,0,0,0,0,0,0,0,0,0,0,0,0,0,0,0,0,0,0,0,0,247,16550,0,0,0,0
20539.165,16116,62,0,0,0,0,0,8,490,5,45,0,0,0,0,0,0,0,0,0,0,0,0,0,0,0,0,0,0,0,0,0,0,230,16678,0,0,0,0
20556.890,17725,56,0,0,0,0,0,8,492,5,45,0,0,0,0,0,0,0,0,0,0,0,0,0,0,0,0,0,0,0,0,0,0,232,16050,0,0,0,0
20573.319,16428,60,0,0,0,0,0,8,525,5,45,0,0,0,0,0,0,0,0,0,0,0,0,0,0,0,0,0,0,0,0,0,0,249,17563,0,0,0,0
20589.882,16562,60,0,0,0,0,0,8,460,5,45,0,0,0,0,0,0,0,0,0,0,0,0,0,0,0,0,0,0,0,0,0,0,234,16440,0,0,0,0
20606.581,16698,59,0,0,0,0,0,8,522,5,45,0,0,0,0,0,0,0,0,0,0,0,0,0,0,0,0,0,0,0,0,0,0,243,16567,0,0,0,0
20622.808,16227,61,0,0,0,0,0,8,491,5,45,0,0,0,0,0,0,0,0,0,0,0,0,0,0,0,0,0,0,0,0,0,0,237,16694,0,0,0,0
20639.880,17071,58,0,0,0,0,0,8,470,5,45,0,0,0,0,0,0,0,0,0,0,0,0,0,0,0,0,0,0,0,0,0,0,239,16729,0,0,0,0
20656.886,17005,58,0,0,0,0,0,8,525,5,45,0,0,0,0,0,0,0,0,0,0,0,0,0,0,0,0,0,0,0,0,0,0,218,16544,0,0,0,0
20672.702,15816,63,0,0,0,0,0,8,506,5,45,0,0,0,0,0,0,0,0,0,0,0,0,0,0,0,0,0,0,0,0,0,0,243,17021,0,0,0,0
20690.371,17669,56,0,0,0,0,0,8,492,5,45,0,0,0,0,0,0,0,0,0,0,0,0,0,0,0,0,0,0,0,0,0,0,228,16450,0,0,0,0
20706.214,15843,63,0,0,0,0,0,8,490,5,45,0,0,0,0,0,0,0,0,0,0,0,0,0,0,0,0,0,0,0,0,0,0,262,17538,0,0,0,0
20723.164,16949,58,0,0,0,0,0,8,529,5,45,0,0,0,0,0,0,0,0,0,0,0,0,0,0,0,0,0,0,0,0,0,0,227,15276,0,0,0,0
20740.373,17209,58,0,0,0,0,0,8,465,5,45,0,0,0,0,0,0,0,0,0,0,0,0,0,0,0,0,0,0,0,0,0,0,235,17178,0,0,0,0
20756.374,16001,62,0,0,0,0,0,8,524,5,45,0,0,0,0,0,0,0,0,0,0,0,0,0,0,0,0,0,0,0,0,0,0,240,17559,0,0,0,0
20772.542,16167,61,0,0,0,0,0,8,509,5,45,0,0,0,0,0,0,0,0,0,0,0,0,0,0,0,0,0,0,0,0,0,0,245,15690,0,0,0,0
20790.367,17824,56,0,0,0,0,0,8,452,5,45,0,0,0,0,0,0,0,0,0,0,0,0,0,0,0,0,0,0,0,0,0,0,249,16745,0,0,0,0
20806.562,16195,61,0,0,0,0,0,8,528,5,45,0,0,0,0,0,0,0,0,0,0,0,0,0,0,0,0,0,0,0,0,0,0,225,17500,0,0,0,0
20823.508,16946,59,0,0,0,0,0,8,486,5,45,0,0,0,0,0,0,0,0,0,0,0,0,0,0,0,0,0,0,0,0,0,0,234,15740,0,0,0,0
20840.179,16670,59,0,0,0,0,0,8,501,5,45,0,0,0,0,0,0,0,0,0,0,0,0,0,0,0,0,0,0,0,0,0,0,222,17739,0,0,0,0
20855.915,15735,63,0,0,0,0,0,8,525,5,45,0,0,0,0,0,0,0,0,0,0,0,0,0,0,0,0,0,0,0,0,0,0,225,15821,0,0,0,0
20873.410,17495,57,0,0,0,0,0,8,479,5,45,0,0,0,0,0,0,0,0,0,0,0,0,0,0,0,0,0,0,0,0,0,0,230,15854,0,0,0,0
20889.875,16465,60,0,0,0,0,0,8,480,5,45,0,0,0,0,0,0,0,0,0,0,0,0,0,0,0,0,0,0,0,0,0,0,245,17476,0,0,0,0
20907.366,17490,57,0,0,0,0,0,8,531,5,45,0,0,0,0,0,0,0,0,0,0,0,0,0,0,0,0,0,0,0,0,0,0,233,16395,0,0,0,0
20923.162,15796,63,0,0,0,0,0,8,493,5,45,0,0,0,0,0,0,0,0,0,0,0,0,0,0,0,0,0,0,0,0,0,0,232,17562,0,0,0,0
20940.374,17211,58,0,0,0,0,0,8,495,5,45,0,0,0,0,0,0,0,0,0,0,0,0,0,0,0,0,0,0,0,0,0,0,220,15880,0,0,0,0
20956.515,16141,61,0,0,0,0,0,8,490,5,45,0,0,0,0,0,0,0,0,0,0,0,0,0,0,0,0,0,0,0,0,0,0,244,18170,0,0,0,0
20973.401,16885,59,0,0,0,0,0,8,488,5,45,0,0,0,0,0,0,0,0,0,0,0,0,0,0,0,0,0,0,0,0,0,0,217,15054,0,0,0,0
20989.847,16446,60,0,0,0,0,0,8,503,5,45,0,0,0,0,0,0,0,0,0,0,0,0,0,0,0,0,0,0,0,0,0,0,231,16921,0,0,0,0
21007.373,17525,57,0,0,0,0,0,8,527,5,45,0,0,0,0,0,0,0,0,0,0,0,0,0,0,0,0,0,0,0,0,0,0,234,16860,0,0,0,0
21023.363,15990,62,0,0,0,0,0,8,476,5,45,0,0,0,0,0,0,0,0,0,0,0,0,0,0,0,0,0,0,0,0,0,0,229,17082,0,0,0,0
21039.881,16517,60,0,0,0,0,0,8,477,5,45,0,0,0,0,0,0,0,0,0,0,0,0,0,0,0,0,0,0,0,0,0,0,216,15973,0,0,0,0
21056.560,16678,59,0,0,0,0,0,8,529,5,45,0,0,0,0,0,0,0,0,0,0,0,0,0,0,0,0,0,0,0,0,0,0,233,16525,0,0,0,0
21073.176,16615,60,0,0,0,0,0,8,524,5,45,0,0,0,0,0,0,0,0,0,0,0,0,0,0,0,0,0,0,0,0,0,0,236,16689,0,0,0,0
21090.368,17192,58,0,0,0,0,0,8,462,5,45,0,0,0,0,0,0,0,0,0,0,0,0,0,0,0,0,0,0,0,0,0,0,235,16734,0,0,0,0
21106.055,15686,63,0,0,0,0,0,8,490,5,45,0,0,0,0,0,0,0,0,0,0,0,0,0,0,0,0,0,0,0,0,0,0,236,17558,0,0,0,0
21122.904,16849,59,0,0,0,0,0,8,494,5,45,0,0,0,0,0,0,0,0,0,0,0,0,0,0,0,0,0,0,0,0,0,0,218,15173,0,0,0,0
21139.879,16975,58,0,0,0,0,0,8,507,5,45,0,0,0,0,0,0,0,0,0,0,0,0,0,0,0,0,0,0,0,0,0,0,224,16825,0,0,0,0
21156.419,16540,60,0,0,0,0,0,8,529,5,45,0,0,0,0,0,0,0,0,0,0,0,0,0,0,0,0,0,0,0,0,0,0,238,17019,0,0,0,0
21173.374,16954,58,0,0,0,0,0,8,504,5,45,0,0,0,0,0,0,0,0,0,0,0,0,0,0,0,0,0,0,0,0,0,0,233,16536,0,0,0,0
21189.887,16513,60,0,0,0,0,0,8,448,5,45,0,0,0,0,0,0,0,0,0,0,0,0,0,0,0,0,0,0,0,0,0,0,237,17032,0,0,0,0
21206.549,16661,60,0,0,0,0,0,8,526,5,45,0,0,0,0,0,0,0,0,0,0,0,0,0,0,0,0,0,0,0,0,0,0,226,16443,0,0,0,0
21223.064,16515,60,0,0,0,0,0,8,526,5,45,0,0,0,0,0,0,0,0,0,0,0,0,0,0,0,0,0,0,0,0,0,0,219,16650,0,0,0,0
21239.875,16810,59,0,0,0,0,0,8,465,5,45,0,0,0,0,0,0,0,0,0,0,0,0,0,0,0,0,0,0,0,0,0,0,230,16742,0,0,0,0
21257.372,17487,57,0,0,0,0,0,8,529,5,45,0,0,0,0,0,0,0,0,0,0,0,0,0,0,0,0,0,0,0,0,0,0,223,17019,0,0,0,0
21272.750,15387,64,0,0,0,0,0,8,467,5,45,0,0,0,0,0,0,0,0,0,0,0,0,0,0,0,0,0,0,0,0,0,0,227,17061,0,0,0,0
21289.878,17128,58,0,0,0,0,0,8,489,5,45,0,0,0,0,0,0,0,0,0,0,0,0,0,0,0,0,0,0,0,0,0,0,229,15934,0,0,0,0
21306.500,16621,60,0,0,0,0,0,8,530,5,45,0,0,0,0,0,0,0,0,0,0,0,0,0,0,0,0,0,0,0,0,0,0,235,16576,0,0,0,0
21323.038,16538,60,0,0,0,0,0,8,526,5,45,0,0,0,0,0,0,0,0,0,0,0,0,0,0,0,0,0,0,0,0,0,0,236,16798,0,0,0,0
21339.779,16740,59,0,0,0,0,0,8,460,5,45,0,0,0,0,0,0,0,0,0,0,0,0,0,0,0,0,0,0,0,0,0,0,229,16659,0,0,0,0
21356.673,16894,59,0,0,0,0,0,8,496,5,45,0,0,0,0,0,0,0,0,0,0,0,0,0,0,0,0,0,0,0,0,0,0,224,16962,0,0,0,0
21373.054,16380,61,0,0,0,0,0,8,529,5,45,0,0,0,0,0,0,0,0,0,0,0,0,0,0,0,0,0,0,0,0,0,0,232,16349,0,0,0,0
21389.876,16822,59,0,0,0,0,0,8,468,5,45,0,0,0,0,0,0,0,0,0,0,0,0,0,0,0,0,0,0,0,0,0,0,240,16672,0,0,0,0
21406.498,16621,60,0,0,0,0,0,8,525,5,45,0,0,0,0,0,0,0,0,0,0,0,0,0,0,0,0,0,0,0,0,0,0,237,16565,0,0,0,0
21422.776,16277,61,0,0,0,0,0,8,482,5,45,0,0,0,0,0,0,0,0,0,0,0,0,0,0,0,0,0,0,0,0,0,0,221,16594,0,0,0,0
21440.029,17253,57,0,0,0,0,0,8,475,5,45,0,0,0,0,0,0,0,0,0,0,0,0,0,0,0,0,0,0,0,0,0,0,234,16834,0,0,0,0
21456.504,16474,60,0,0,0,0,0,8,521,5,45,0,0,0,0,0,0,0,0,0,0,0,0,0,0,0,0,0,0,0,0,0,0,222,16658,0,0,0,0
21473.376,16871,59,0,0,0,0,0,8,508,5,45,0,0,0,0,0,0,0,0,0,0,0,0,0,0,0,0,0,0,0,0,0,0,228,17332,0,0,0,0
21490.363,16987,58,0,0,0,0,0,8,480,5,45,0,0,0,0,0,0,0,0,0,0,0,0,0,0,0,0,0,0,0,0,0,0,228,16125,0,0,0,0
21506.524,16160,61,0,0,0,0,0,8,491,5,45,0,0,0,0,0,0,0,0,0,0,0,0,0,0,0,0,0,0,0,0,0,0,217,15888,0,0,0,0
21523.365,16840,59,0,0,0,0,0,8,497,5,45,0,0,0,0,0,0,0,0,0,0,0,0,0,0,0,0,0,0,0,0,0,0,232,17201,0,0,0,0
21539.692,16327,61,0,0,0,0,0,8,494,5,45,0,0,0,0,0,0,0,0,0,0,0,0,0,0,0,0,0,0,0,0,0,0,223,16900,0,0,0,0
21556.510,16804,59,0,0,0,0,0,8,529,5,45,0,0,0,0,0,0,0,0,0,0,0,0,0,0,0,0,0,0,0,0,0,0,222,16262,0,0,0,0
21573.498,17001,58,0,0,0,0,0,8,496,5,45,0,0,0,0,0,0,0,0,0,0,0,0,0,0,0,0,0,0,0,0,0,0,233,16810,0,0,0,0
21589.778,16279,61,0,0,0,0,0,8,455,5,45,0,0,0,0,0,0,0,0,0,0,0,0,0,0,0,0,0,0,0,0,0,0,230,17797,0,0,0,0
21607.373,17595,56,0,0,0,0,0,8,531,5,45,0,0,0,0,0,0,0,0,0,0,0,0,0,0,0,0,0,0,0,0,0,0,237,15514,0,0,0,0
21622.713,15340,65,0,0,0,0,0,8,504,5,45,0,0,0,0,0,0,0,0,0,0,0,0,0,0,0,0,0,0,0,0,0,0,233,17559,0,0,0,0
21639.874,17160,58,0,0,0,0,0,8,484,5,45,0,0,0,0,0,0,0,0,0,0,0,0,0,0,0,0,0,0,0,0,0,0,229,15927,0,0,0,0
21656.547,16672,59,0,0,0,0,0,8,529,5,45,0,0,0,0,0,0,0,0,0,0,0,0,0,0,0,0,0,0,0,0,0,0,241,16595,0,0,0,0
21673.363,16816,59,0,0,0,0,0,8,461,5,45,0,0,0,0,0,0,0,0,0,0,0,0,0,0,0,0,0,0,0,0,0,0,228,16650,0,0,0,0
21689.870,16507,60,0,0,0,0,0,8,492,5,45,0,0,0,0,0,0,0,0,0,0,0,0,0,0,0,0,0,0,0,0,0,0,223,16879,0,0,0,0
21706.355,16485,60,0,0,0,0,0,8,529,5,45,0,0,0,0,0,0,0,0,0,0,0,0,0,0,0,0,0,0,0,0,0,0,225,16428,0,0,0,0
21723.007,16651,60,0,0,0,0,0,8,487,5,45,0,0,0,0,0,0,0,0,0,0,0,0,0,0,0,0,0,0,0,0,0,0,220,16490,0,0,0,0
21739.870,16863,59,0,0,0,0,0,8,503,5,45,0,0,0,0,0,0,0,0,0,0,0,0,0,0,0,0,0,0,0,0,0,0,247,16687,0,0,0,0
21757.374,17504,57,0,0,0,0,0,8,499,5,45,0,0,0,0,0,0,0,0,0,0,0,0,0,0,0,0,0,0,0,0,0,0,219,16824,0,0,0,0
21772.604,15229,65,0,0,0,0,0,8,498,5,45,0,0,0,0,0,0,0,0,0,0,0,0,0,0,0,0,0,0,0,0,0,0,234,17536,0,0,0,0
21789.948,17344,57,0,0,0,0,0,8,489,5,45,0,0,0,0,0,0,0,0,0,0,0,0,0,0,0,0,0,0,0,0,0,0,241,15931,0,0,0,0
21806.503,16554,60,0,0,0,0,0,8,526,5,45,0,0,0,0,0,0,0,0,0,0,0,0,0,0,0,0,0,0,0,0,0,0,238,16626,0,0,0,0
21823.269,16765,59,0,0,0,0,0,8,491,5,45,0,0,0,0,0,0,0,0,0,0,0,0,0,0,0,0,0,0,0,0,0,0,224,16541,0,0,0,0
21840.362,17093,58,0,0,0,0,0,8,462,5,45,0,0,0,0,0,0,0,0,0,0,0,0,0,0,0,0,0,0,0,0,0,0,247,16816,0,0,0,0
21856.482,16119,62,0,0,0,0,0,8,524,5,45,0,0,0,0,0,0,0,0,0,0,0,0,0,0,0,0,0,0,0,0,0,0,228,17128,0,0,0,0
21872.973,16491,60,0,0,0,0,0,8,521,5,45,0,0,0,0,0,0,0,0,0,0,0,0,0,0,0,0,0,0,0,0,0,0,204,15954,0,0,0,0
21889.734,16760,59,0,0,0,0,0,8,459,5,45,0,0,0,0,0,0,0,0,0,0,0,0,0,0,0,0,0,0,0,0,0,0,225,16910,0,0,0,0
21906.621,16886,59,0,0,0,0,0,8,501,5,45,0,0,0,0,0,0,0,0,0,0,0,0,0,0,0,0,0,0,0,0,0,0,229,16401,0,0,0,0
21923.388,16766,59,0,0,0,0,0,8,529,5,45,0,0,0,0,0,0,0,0,0,0,0,0,0,0,0,0,0,0,0,0,0,0,250,17186,0,0,0,0
21939.745,16357,61,0,0,0,0,0,8,459,5,45,0,0,0,0,0,0,0,0,0,0,0,0,0,0,0,0,0,0,0,0,0,0,222,16445,0,0,0,0
21956.497,16752,59,0,0,0,0,0,8,2737,5,45,0,0,0,0,0,0,0,0,0,0,0,0,0,0,0,0,0,0,0,0,0,0,534,26013,0,0,0,0
21973.022,16524,60,0,0,0,0,0,8,2395,5,45,0,0,0,0,0,0,0,0,0,0,0,0,0,0,0,0,0,0,0,0,0,0,194,16472,0,0,0,0
21989.659,16637,60,0,0,0,0,0,8,796,5,45,0,0,0,0,0,0,0,0,0,0,0,0,0,0,0,0,0,0,0,0,0,0,171,7876,0,0,0,0
22006.571,16911,59,0,0,0,0,0,8,3162,5,45,0,0,0,0,0,0,0,0,0,0,0,0,0,0,0,0,0,0,0,0,0,0,232,20103,0,0,0,0
22023.388,16817,59,0,0,0,0,0,8,612,5,45,0,0,0,0,0,0,0,0,0,0,0,0,0,0,0,0,0,0,0,0,0,0,220,12956,0,0,0,0
22040.010,16621,60,0,0,0,0,0,8,642,5,45,0,0,0,0,0,0,0,0,0,0,0,0,0,0,0,0,0,0,0,0,0,0,228,16840,0,0,0,0
22056.500,16490,60,0,0,0,0,0,8,734,5,45,0,0,0,0,0,0,0,0,0,0,0,0,0,0,0,0,0,0,0,0,0,0,234,16897,0,0,0,0
22073.358,16858,59,0,0,0,0,0,8,743,5,45,0,0,0,0,0,0,0,0,0,0,0,0,0,0,0,0,0,0,0,0,0,0,1616,17482,0,0,0,0
22091.355,17996,55,0,0,0,0,0,8,702,5,45,0,0,0,0,0,0,0,0,0,0,0,0,0,0,0,0,0,0,0,0,0,0,228,15928,0,0,0,0
22106.340,14985,66,0,0,0,0,0,8,644,5,45,0,0,0,0,0,0,0,0,0,0,0,0,0,0,0,0,0,0,0,0,0,0,224,17664,0,0,0,0
22123.021,16681,59,0,0,0,0,0,8,632,5,45,0,0,0,0,0,0,0,0,0,0,0,0,0,0,0,0,0,0,0,0,0,0,231,14995,0,0,0,0
22140.381,17360,57,0,0,0,0,0,8,573,5,45,0,0,0,0,0,0,0,0,0,0,0,0,0,0,0,0,0,0,0,0,0,0,246,16892,0,0,0,0
22156.457,16075,62,0,0,0,0,0,8,603,5,45,0,0,0,0,0,0,0,0,0,0,0,0,0,0,0,0,0,0,0,0,0,0,247,16933,0,0,0,0
22173.353,16896,59,0,0,0,0,0,8,592,5,45,0,0,0,0,0,0,0,0,0,0,0,0,0,0,0,0,0,0,0,0,0,0,217,16072,0,0,0,0
22190.116,16763,59,0,0,0,0,0,8,645,5,45,0,0,0,0,0,0,0,0,0,0,0,0,0,0,0,0,0,0,0,0,0,0,237,17031,0,0,0,0
22206.560,16444,60,0,0,0,0,0,8,662,5,45,0,0,0,0,0,0,0,0,0,0,0,0,0,0,0,0,0,0,0,0,0,0,236,16631,0,0,0,0
22223.392,16831,59,0,0,0,0,0,8,622,5,45,0,0,0,0,0,0,0,0,0,0,0,0,0,0,0,0,0,0,0,0,0,0,226,16542,0,0,0,0
22240.877,17485,57,0,0,0,0,0,8,583,5,45,0,0,0,0,0,0,0,0,0,0,0,0,0,0,0,0,0,0,0,0,0,0,247,17168,0,0,0,0
22256.540,15662,63,0,0,0,0,0,8,648,5,45,0,0,0,0,0,0,0,0,0,0,0,0,0,0,0,0,0,0,0,0,0,0,247,17257,0,0,0,0
22273.167,16626,60,0,0,0,0,0,8,655,5,45,0,0,0,0,0,0,0,0,0,0,0,0,0,0,0,0,0,0,0,0,0,0,249,15622,0,0,0,0
22289.875,16707,59,0,0,0,0,0,8,579,5,45,0,0,0,0,0,0,0,0,0,0,0,0,0,0,0,0,0,0,0,0,0,0,227,16680,0,0,0,0
22306.577,16691,59,0,0,0,0,0,8,612,5,45,0,0,0,0,0,0,0,0,0,0,0,0,0,0,0,0,0,0,0,0,0,0,243,16601,0,0,0,0
22323.489,16923,59,0,0,0,0,0,8,607,5,45,0,0,0,0,0,0,0,0,0,0,0,0,0,0,0,0,0,0,0,0,0,0,256,16749,0,0,0,0
22339.882,16393,61,0,0,0,0,0,8,608,5,45,0,0,0,0,0,0,0,0,0,0,0,0,0,0,0,0,0,0,0,0,0,0,234,16917,0,0,0,0
22356.492,16609,60,0,0,0,0,0,8,643,5,45,0,0,0,0,0,0,0,0,0,0,0,0,0,0,0,0,0,0,0,0,0,0,247,16349,0,0,0,0
22373.037,16545,60,0,0,0,0,0,8,1312,5,45,0,0,0,0,0,0,0,0,0,0,0,0,0,0,0,0,0,0,0,0,0,0,235,17949,0,0,0,0
22389.433,16396,60,0,0,0,0,0,8,547,5,45,0,0,0,0,0,0,0,0,0,0,0,0,0,0,0,0,0,0,0,0,0,0,246,15466,0,0,0,0
22406.488,17054,58,0,0,0,0,0,8,655,5,45,0,0,0,0,0,0,0,0,0,0,0,0,0,0,0,0,0,0,0,0,0,0,217,16017,0,0,0,0
22422.916,16427,60,0,0,0,0,0,8,651,5,45,0,0,0,0,0,0,0,0,0,0,0,0,0,0,0,0,0,0,0,0,0,0,227,17148,0,0,0,0
22439.784,16867,59,0,0,0,0,0,8,593,5,45,0,0,0,0,0,0,0,0,0,0,0,0,0,0,0,0,0,0,0,0,0,0,221,16440,0,0,0,0
22456.486,16702,59,0,0,0,0,0,8,651,5,45,0,0,0,0,0,0,0,0,0,0,0,0,0,0,0,0,0,0,0,0,0,0,239,16861,0,0,0,0
22473.493,17007,58,0,0,0,0,0,8,576,5,45,0,0,0,0,0,0,0,0,0,0,0,0,0,0,0,0,0,0,0,0,0,0,228,16698,0,0,0,0
22490.220,16726,59,0,0,0,0,0,8,626,5,45,0,0,0,0,0,0,0,0,0,0,0,0,0,0,0,0,0,0,0,0,0,0,232,17808,0,0,0,0
22507.356,17136,58,0,0,0,0,0,8,655,5,45,0,0,0,0,0,0,0,0,0,0,0,0,0,0,0,0,0,0,0,0,0,0,231,15884,0,0,0,0
22523.024,15667,63,0,0,0,0,0,8,646,5,45,0,0,0,0,0,0,0,0,0,0,0,0,0,0,0,0,0,0,0,0,0,0,256,17253,0,0,0,0
22539.978,16954,58,0,0,0,0,0,8,584,5,45,0,0,0,0,0,0,0,0,0,0,0,0,0,0,0,0,0,0,0,0,0,0,261,15916,0,0,0,0
22556.059,16081,62,0,0,0,0,0,8,611,5,45,0,0,0,0,0,0,0,0,0,0,0,0,0,0,0,0,0,0,0,0,0,0,220,16582,0,0,0,0
22573.353,17293,57,0,0,0,0,0,8,655,5,45,0,0,0,0,0,0,0,0,0,0,0,0,0,0,0,0,0,0,0,0,0,0,228,16362,0,0,0,0
22590.871,17518,57,0,0,0,0,0,8,588,5,45,0,0,0,0,0,0,0,0,0,0,0,0,0,0,0,0,0,0,0,0,0,0,224,17042,0,0,0,0
22606.419,15548,64,0,0,0,0,0,8,650,5,45,0,0,0,0,0,0,0,0,0,0,0,0,0,0,0,0,0,0,0,0,0,0,232,17609,0,0,0,0
22623.490,17071,58,0,0,0,0,0,8,2744,5,45,0,0,0,0,0,0,0,0,0,0,0,0,0,0,0,0,0,0,0,0,0,0,225,17620,0,0,0,0
22639.873,16382,61,0,0,0,0,0,8,616,5,45,0,0,0,0,0,0,0,0,0,0,0,0,0,0,0,0,0,0,0,0,0,0,222,15736,0,0,0,0
22656.538,16665,60,0,0,0,0,0,8,668,5,45,0,0,0,0,0,0,0,0,0,0,0,0,0,0,0,0,0,0,0,0,0,0,206,15503,0,0,0,0
22673.217,16679,59,0,0,0,0,0,8,664,5,45,0,0,0,0,0,0,0,0,0,0,0,0,0,0,0,0,0,0,0,0,0,0,238,16748,0,0,0,0
22689.945,16727,59,0,0,0,0,0,8,596,5,45,0,0,0,0,0,0,0,0,0,0,0,0,0,0,0,0,0,0,0,0,0,0,246,16754,0,0,0,0
22706.486,16541,60,0,0,0,0,0,8,628,5,45,0,0,0,0,0,0,0,0,0,0,0,0,0,0,0,0,0,0,0,0,0,0,231,16606,0,0,0,0
22723.490,17003,58,0,0,0,0,0,8,626,5,45,0,0,0,0,0,0,0,0,0,0,0,0,0,0,0,0,0,0,0,0,0,0,231,16583,0,0,0,0
22739.991,16500,60,0,0,0,0,0,8,635,5,45,0,0,0,0,0,0,0,0,0,0,0,0,0,0,0,0,0,0,0,0,0,0,229,17804,0,0,0,0
22756.487,16496,60,0,0,0,0,0,8,667,5,45,0,0,0,0,0,0,0,0,0,0,0,0,0,0,0,0,0,0,0,0,0,0,218,15673,0,0,0,0
22773.391,16903,59,0,0,0,0,0,8,620,5,45,0,0,0,0,0,0,0,0,0,0,0,0,0,0,0,0,0,0,0,0,0,0,230,16537,0,0,0,0
22789.900,16509,60,0,0,0,0,0,8,606,5,45,0,0,0,0,0,0,0,0,0,0,0,0,0,0,0,0,0,0,0,0,0,0,236,16915,0,0,0,0
22806.548,16637,60,0,0,0,0,0,8,667,5,45,0,0,0,0,0,0,0,0,0,0,0,0,0,0,0,0,0,0,0,0,0,0,224,16423,0,0,0,0
22823.285,16747,59,0,0,0,0,0,8,666,5,45,0,0,0,0,0,0,0,0,0,0,0,0,0,0,0,0,0,0,0,0,0,0,248,16721,0,0,0,0
22839.858,16573,60,0,0,0,0,0,8,600,5,45,0,0,0,0,0,0,0,0,0,0,0,0,0,0,0,0,0,0,0,0,0,0,246,16721,0,0,0,0
22856.449,16590,60,0,0,0,0,0,8,669,5,45,0,0,0,0,0,0,0,0,0,0,0,0,0,0,0,0,0,0,0,0,0,0,237,16584,0,0,0,0
22873.487,17038,58,0,0,0,0,0,8,593,5,45,0,0,0,0,0,0,0,0,0,0,0,0,0,0,0,0,0,0,0,0,0,0,234,16572,0,0,0,0
22889.571,16083,62,0,0,0,0,0,8,630,5,45,0,0,0,0,0,0,0,0,0,0,0,0,0,0,0,0,0,0,0,0,0,0,232,17924,0,0,0,0
22906.406,16835,59,0,0,0,0,0,8,668,5,45,0,0,0,0,0,0,0,0,0,0,0,0,0,0,0,0,0,0,0,0,0,0,216,15134,0,0,0,0
22923.395,16988,58,0,0,0,0,0,8,625,5,45,0,0,0,0,0,0,0,0,0,0,0,0,0,0,0,0,0,0,0,0,0,0,250,16971,0,0,0,0
22940.357,16961,58,0,0,0,0,0,8,635,5,45,0,0,0,0,0,0,0,0,0,0,0,0,0,0,0,0,0,0,0,0,0,0,235,16916,0,0,0,0
22956.481,16124,62,0,0,0,0,0,8,631,5,45,0,0,0,0,0,0,0,0,0,0,0,0,0,0,0,0,0,0,0,0,0,0,240,17033,0,0,0,0
22973.389,16908,59,0,0,0,0,0,8,637,5,45,0,0,0,0,0,0,0,0,0,0,0,0,0,0,0,0,0,0,0,0,0,0,233,16160,0,0,0,0
22989.784,16394,60,0,0,0,0,0,8,619,5,45,0,0,0,0,0,0,0,0,0,0,0,0,0,0,0,0,0,0,0,0,0,0,244,16844,0,0,0,0
23006.807,17023,58,0,0,0,0,0,8,663,5,45,0,0,0,0,0,0,0,0,0,0,0,0,0,0,0,0,0,0,0,0,0,0,235,16875,0,0,0,0
23023.485,16678,59,0,0,0,0,0,8,632,5,45,0,0,0,0,0,0,0,0,0,0,0,0,0,0,0,0,0,0,0,0,0,0,226,16390,0,0,0,0
23039.862,16376,61,0,0,0,0,0,8,597,5,45,0,0,0,0,0,0,0,0,0,0,0,0,0,0,0,0,0,0,0,0,0,0,236,16778,0,0,0,0
23056.246,16384,61,0,0,0,0,0,8,663,5,45,0,0,0,0,0,0,0,0,0,0,0,0,0,0,0,0,0,0,0,0,0,0,218,16311,0,0,0,0
23072.927,16681,59,0,0,0,0,0,8,638,5,45,0,0,0,0,0,0,0,0,0,0,0,0,0,0,0,0,0,0,0,0,0,0,224,16416,0,0,0,0
23090.056,17128,58,0,0,0,0,0,8,627,5,45,0,0,0,0,0,0,0,0,0,0,0,0,0,0,0,0,0,0,0,0,0,0,245,17095,0,0,0,0
23106.735,16679,59,0,0,0,0,0,8,635,5,45,0,0,0,0,0,0,0,0,0,0,0,0,0,0,0,0,0,0,0,0,0,0,246,16724,0,0,0,0
23123.351,16615,60,0,0,0,0,0,8,625,5,45,0,0,0,0,0,0,0,0,0,0,0,0,0,0,0,0,0,0,0,0,0,0,241,16790,0,0,0,0
23140.040,16689,59,0,0,0,0,0,8,640,5,45,0,0,0,0,0,0,0,0,0,0,0,0,0,0,0,0,0,0,0,0,0,0,238,16595,0,0,0,0
23156.573,16533,60,0,0,0,0,0,8,663,5,45,0,0,0,0,0,0,0,0,0,0,0,0,0,0,0,0,0,0,0,0,0,0,229,16612,0,0,0,0
23173.226,16653,60,0,0,0,0,0,8,666,5,45,0,0,0,0,0,0,0,0,0,0,0,0,0,0,0,0,0,0,0,0,0,0,246,16563,0,0,0,0
23190.343,17116,58,0,0,0,0,0,8,561,5,45,0,0,0,0,0,0,0,0,0,0,0,0,0,0,0,0,0,0,0,0,0,0,242,16716,0,0,0,0
23205.929,15585,64,0,0,0,0,0,8,661,5,45,0,0,0,0,0,0,0,0,0,0,0,0,0,0,0,0,0,0,0,0,0,0,237,17133,0,0,0,0
23223.072,17142,58,0,0,0,0,0,8,630,5,45,0,0,0,0,0,0,0,0,0,0,0,0,0,0,0,0,0,0,0,0,0,0,226,15509,0,0,0,0
23239.614,16542,60,0,0,0,0,0,8,635,5,45,0,0,0,0,0,0,0,0,0,0,0,0,0,0,0,0,0,0,0,0,0,0,232,17341,0,0,0,0
23256.484,16869,59,0,0,0,0,0,8,665,5,45,0,0,0,0,0,0,0,0,0,0,0,0,0,0,0,0,0,0,0,0,0,0,253,16316,0,0,0,0
23273.015,16531,60,0,0,0,0,0,8,629,5,45,0,0,0,0,0,0,0,0,0,0,0,0,0,0,0,0,0,0,0,0,0,0,239,17720,0,0,0,0
23290.344,17329,57,0,0,0,0,0,8,598,5,45,0,0,0,0,0,0,0,0,0,0,0,0,0,0,0,0,0,0,0,0,0,0,205,16016,0,0,0,0
23306.544,16199,61,0,0,0,0,0,8,664,5,45,0,0,0,0,0,0,0,0,0,0,0,0,0,0,0,0,0,0,0,0,0,0,240,17474,0,0,0,0
23323.106,16562,60,0,0,0,0,0,8,663,5,45,0,0,0,0,0,0,0,0,0,0,0,0,0,0,0,0,0,0,0,0,0,0,246,15833,0,0,0,0
23340.352,17245,57,0,0,0,0,0,8,599,5,45,0,0,0,0,0,0,0,0,0,0,0,0,0,0,0,0,0,0,0,0,0,0,234,16607,0,0,0,0
23356.045,15693,63,0,0,0,0,0,8,623,5,45,0,0,0,0,0,0,0,0,0,0,0,0,0,0,0,0,0,0,0,0,0,0,239,18040,0,0,0,0
23373.349,17304,57,0,0,0,0,0,8,635,5,45,0,0,0,0,0,0,0,0,0,0,0,0,0,0,0,0,0,0,0,0,0,0,216,14872,0,0,0,0
23390.348,16998,58,0,0,0,0,0,8,623,5,45,0,0,0,0,0,0,0,0,0,0,0,0,0,0,0,0,0,0,0,0,0,0,246,17241,0,0,0,0
23407.054,16705,59,0,0,0,0,0,8,669,5,45,0,0,0,0,0,0,0,0,0,0,0,0,0,0,0,0,0,0,0,0,0,0,247,17417,0,0,0,0
23423.149,16096,62,0,0,0,0,0,8,631,5,45,0,0,0,0,0,0,0,0,0,0,0,0,0,0,0,0,0,0,0,0,0,0,208,16123,0,0,0,0
23439.552,16402,60,0,0,0,0,0,8,603,5,45,0,0,0,0,0,0,0,0,0,0,0,0,0,0,0,0,0,0,0,0,0,0,214,16282,0,0,0,0
23457.343,17791,56,0,0,0,0,0,8,672,5,45,0,0,0,0,0,0,0,0,0,0,0,0,0,0,0,0,0,0,0,0,0,0,218,16216,0,0,0,0
23472.966,15622,64,0,0,0,0,0,8,661,5,45,0,0,0,0,0,0,0,0,0,0,0,0,0,0,0,0,0,0,0,0,0,0,237,17911,0,0,0,0
23489.623,16656,60,0,0,0,0,0,8,592,5,45,0,0,0,0,0,0,0,0,0,0,0,0,0,0,0,0,0,0,0,0,0,0,238,15935,0,0,0,0
23506.603,16980,58,0,0,0,0,0,8,636,5,45,0,0,0,0,0,0,0,0,0,0,0,0,0,0,0,0,0,0,0,0,0,0,219,16271,0,0,0,0
23522.611,16008,62,0,0,0,0,0,8,641,5,45,0,0,0,0,0,0,0,0,0,0,0,0,0,0,0,0,0,0,0,0,0,0,224,16983,0,0,0,0
23540.007,17395,57,0,0,0,0,0,8,620,5,45,0,0,0,0,0,0,0,0,0,0,0,0,0,0,0,0,0,0,0,0,0,0,243,16820,0,0,0,0
23555.914,15907,62,0,0,0,0,0,8,660,5,45,0,0,0,0,0,0,0,0,0,0,0,0,0,0,0,0,0,0,0,0,0,0,253,16684,0,0,0,0
23573.352,17437,57,0,0,0,0,0,8,670,5,45,0,0,0,0,0,0,0,0,0,0,0,0,0,0,0,0,0,0,0,0,0,0,231,15828,0,0,0,0
23589.854,16501,60,0,0,0,0,0,8,564,5,45,0,0,0,0,0,0,0,0,0,0,0,0,0,0,0,0,0,0,0,0,0,0,233,17457,0,0,0,0
23606.484,16630,60,0,0,0,0,0,8,666,5,45,0,0,0,0,0,0,0,0,0,0,0,0,0,0,0,0,0,0,0,0,0,0,234,16496,0,0,0,0
23623.343,16858,59,0,0,0,0,0,8,624,5,45,0,0,0,0,0,0,0,0,0,0,0,0,0,0,0,0,0,0,0,0,0,0,228,17438,0,0,0,0
23639.855,16511,60,0,0,0,0,0,8,639,5,45,0,0,0,0,0,0,0,0,0,0,0,0,0,0,0,0,0,0,0,0,0,0,230,16110,0,0,0,0
23657.343,17488,57,0,0,0,0,0,8,666,5,45,0,0,0,0,0,0,0,0,0,0,0,0,0,0,0,0,0,0,0,0,0,0,237,16464,0,0,0,0
23673.477,16134,61,0,0,0,0,0,8,588,5,45,0,0,0,0,0,0,0,0,0,0,0,0,0,0,0,0,0,0,0,0,0,0,244,17420,0,0,0,0
23689.610,16133,61,0,0,0,0,0,8,631,5,45,0,0,0,0,0,0,0,0,0,0,0,0,0,0,0,0,0,0,0,0,0,0,219,17009,0,0,0,0
23706.391,16780,59,0,0,0,0,0,8,667,5,45,0,0,0,0,0,0,0,0,0,0,0,0,0,0,0,0,0,0,0,0,0,0,211,15193,0,0,0,0
23723.490,17099,58,0,0,0,0,0,8,637,5,45,0,0,0,0,0,0,0,0,0,0,0,0,0,0,0,0,0,0,0,0,0,0,229,16991,0,0,0,0
23739.530,16039,62,0,0,0,0,0,8,618,5,45,0,0,0,0,0,0,0,0,0,0,0,0,0,0,0,0,0,0,0,0,0,0,248,17813,0,0,0,0
23756.487,16956,58,0,0,0,0,0,8,636,5,45,0,0,0,0,0,0,0,0,0,0,0,0,0,0,0,0,0,0,0,0,0,0,225,15147,0,0,0,0
23772.506,16019,62,0,0,0,0,0,8,636,5,45,0,0,0,0,0,0,0,0,0,0,0,0,0,0,0,0,0,0,0,0,0,0,222,17064,0,0,0,0
23789.863,17356,57,0,0,0,0,0,8,627,5,45,0,0,0,0,0,0,0,0,0,0,0,0,0,0,0,0,0,0,0,0,0,0,246,16812,0,0,0,0
23806.379,16516,60,0,0,0,0,0,8,664,5,45,0,0,0,0,0,0,0,0,0,0,0,0,0,0,0,0,0,0,0,0,0,0,236,16567,0,0,0,0
23823.357,16977,58,0,0,0,0,0,8,624,5,45,0,0,0,0,0,0,0,0,0,0,0,0,0,0,0,0,0,0,0,0,0,0,234,16478,0,0,0,0
23839.886,16528,60,0,0,0,0,0,8,600,5,45,0,0,0,0,0,0,0,0,0,0,0,0,0,0,0,0,0,0,0,0,0,0,233,17063,0,0,0,0
23856.871,16984,58,0,0,0,0,0,8,665,5,45,0,0,0,0,0,0,0,0,0,0,0,0,0,0,0,0,0,0,0,0,0,0,234,16432,0,0,0,0
23873.336,16465,60,0,0,0,0,0,8,663,5,45,0,0,0,0,0,0,0,0,0,0,0,0,0,0,0,0,0,0,0,0,0,0,215,17162,0,0,0,0
23890.064,16727,59,0,0,0,0,0,8,606,5,45,0,0,0,0,0,0,0,0,0,0,0,0,0,0,0,0,0,0,0,0,0,0,228,16316,0,0,0,0
23906.530,16466,60,0,0,0,0,0,8,629,5,45,0,0,0,0,0,0,0,0,0,0,0,0,0,0,0,0,0,0,0,0,0,0,233,16716,0,0,0,0
23923.340,16810,59,0,0,0,0,0,8,641,5,45,0,0,0,0,0,0,0,0,0,0,0,0,0,0,0,0,0,0,0,0,0,0,224,16523,0,0,0,0
23939.855,16514,60,0,0,0,0,0,8,618,5,45,0,0,0,0,0,0,0,0,0,0,0,0,0,0,0,0,0,0,0,0,0,0,224,16842,0,0,0,0
23956.475,16620,60,0,0,0,0,0,8,667,5,45,0,0,0,0,0,0,0,0,0,0,0,0,0,0,0,0,0,0,0,0,0,0,234,16507,0,0,0,0
23973.335,16860,59,0,0,0,0,0,8,659,5,45,0,0,0,0,0,0,0,0,0,0,0,0,0,0,0,0,0,0,0,0,0,0,263,16600,0,0,0,0
23989.171,15835,63,0,0,0,0,0,8,566,5,45,0,0,0,0,0,0,0,0,0,0,0,0,0,0,0,0,0,0,0,0,0,0,233,16797,0,0,0,0
24006.523,17352,57,0,0,0,0,0,8,660,5,45,0,0,0,0,0,0,0,0,0,0,0,0,0,0,0,0,0,0,0,0,0,0,213,15955,0,0,0,0
24023.482,16959,58,0,0,0,0,0,8,638,5,45,0,0,0,0,0,0,0,0,0,0,0,0,0,0,0,0,0,0,0,0,0,0,230,17271,0,0,0,0
24040.003,16520,60,0,0,0,0,0,8,628,5,45,0,0,0,0,0,0,0,0,0,0,0,0,0,0,0,0,0,0,0,0,0,0,234,17746,0,0,0,0
24056.349,16345,61,0,0,0,0,0,8,666,5,45,0,0,0,0,0,0,0,0,0,0,0,0,0,0,0,0,0,0,0,0,0,0,232,15694,0,0,0,0
24073.474,17124,58,0,0,0,0,0,8,593,5,45,0,0,0,0,0,0,0,0,0,0,0,0,0,0,0,0,0,0,0,0,0,0,238,16381,0,0,0,0
24089.696,16222,61,0,0,0,0,0,8,632,5,45,0,0,0,0,0,0,0,0,0,0,0,0,0,0,0,0,0,0,0,0,0,0,233,17914,0,0,0,0
24106.472,16776,59,0,0,0,0,0,8,667,5,45,0,0,0,0,0,0,0,0,0,0,0,0,0,0,0,0,0,0,0,0,0,0,226,15395,0,0,0,0
24123.231,16758,59,0,0,0,0,0,8,666,5,45,0,0,0,0,0,0,0,0,0,0,0,0,0,0,0,0,0,0,0,0,0,0,215,16879,0,0,0,0
24139.994,16762,59,0,0,0,0,0,8,597,5,45,0,0,0,0,0,0,0,0,0,0,0,0,0,0,0,0,0,0,0,0,0,0,236,16731,0,0,0,0
24156.342,16347,61,0,0,0,0,0,8,629,5,45,0,0,0,0,0,0,0,0,0,0,0,0,0,0,0,0,0,0,0,0,0,0,229,16691,0,0,0,0
24173.500,17157,58,0,0,0,0,0,8,631,5,45,0,0,0,0,0,0,0,0,0,0,0,0,0,0,0,0,0,0,0,0,0,0,238,16422,0,0,0,0
24189.871,16371,61,0,0,0,0,0,8,629,5,45,0,0,0,0,0,0,0,0,0,0,0,0,0,0,0,0,0,0,0,0,0,0,246,17889,0,0,0,0
24206.473,16601,60,0,0,0,0,0,8,667,5,45,0,0,0,0,0,0,0,0,0,0,0,0,0,0,0,0,0,0,0,0,0,0,214,15496,0,0,0,0
24222.921,16447,60,0,0,0,0,0,8,628,5,45,0,0,0,0,0,0,0,0,0,0,0,0,0,0,0,0,0,0,0,0,0,0,228,17009,0,0,0,0
24239.957,17036,58,0,0,0,0,0,8,597,5,45,0,0,0,0,0,0,0,0,0,0,0,0,0,0,0,0,0,0,0,0,0,0,216,16478,0,0,0,0
24256.482,16524,60,0,0,0,0,0,8,667,5,45,0,0,0,0,0,0,0,0,0,0,0,0,0,0,0,0,0,0,0,0,0,0,230,16647,0,0,0,0
24272.517,16035,62,0,0,0,0,0,8,637,5,45,0,0,0,0,0,0,0,0,0,0,0,0,0,0,0,0,0,0,0,0,0,0,240,16642,0,0,0,0
24290.012,17494,57,0,0,0,0,0,8,628,5,45,0,0,0,0,0,0,0,0,0,0,0,0,0,0,0,0,0,0,0,0,0,0,237,16719,0,0,0,0
24306.520,16507,60,0,0,0,0,0,8,630,5,45,0,0,0,0,0,0,0,0,0,0,0,0,0,0,0,0,0,0,0,0,0,0,232,16699,0,0,0,0
24323.133,16613,60,0,0,0,0,0,8,628,5,45,0,0,0,0,0,0,0,0,0,0,0,0,0,0,0,0,0,0,0,0,0,0,239,16625,0,0,0,0
24340.334,17200,58,0,0,0,0,0,8,636,5,45,0,0,0,0,0,0,0,0,0,0,0,0,0,0,0,0,0,0,0,0,0,0,225,16666,0,0,0,0
24356.544,16210,61,0,0,0,0,0,8,662,5,45,0,0,0,0,0,0,0,0,0,0,0,0,0,0,0,0,0,0,0,0,0,0,240,17009,0,0,0,0
24373.499,16954,58,0,0,0,0,0,8,638,5,45,0,0,0,0,0,0,0,0,0,0,0,0,0,0,0,0,0,0,0,0,0,0,221,16283,0,0,0,0
24390.042,16542,60,0,0,0,0,0,8,589,5,45,0,0,0,0,0,0,0,0,0,0,0,0,0,0,0,0,0,0,0,0,0,0,231,17695,0,0,0,0
24407.340,17298,57,0,0,0,0,0,8,664,5,45,0,0,0,0,0,0,0,0,0,0,0,0,0,0,0,0,0,0,0,0,0,0,194,15951,0,0,0,0
24422.916,15575,64,0,0,0,0,0,8,659,5,45,0,0,0,0,0,0,0,0,0,0,0,0,0,0,0,0,0,0,0,0,0,0,229,17127,0,0,0,0
24439.633,16716,59,0,0,0,0,0,8,599,5,45,0,0,0,0,0,0,0,0,0,0,0,0,0,0,0,0,0,0,0,0,0,0,232,15588,0,0,0,0
24456.468,16834,59,0,0,0,0,0,8,661,5,45,0,0,0,0,0,0,0,0,0,0,0,0,0,0,0,0,0,0,0,0,0,0,244,16712,0,0,0,0
24473.060,16592,60,0,0,0,0,0,8,625,5,45,0,0,0,0,0,0,0,0,0,0,0,0,0,0,0,0,0,0,0,0,0,0,234,16851,0,0,0,0
24490.004,16943,59,0,0,0,0,0,8,600,5,45,0,0,0,0,0,0,0,0,0,0,0,0,0,0,0,0,0,0,0,0,0,0,233,16803,0,0,0,0
24506.528,16514,60,0,0,0,0,0,8,665,5,45,0,0,0,0,0,0,0,0,0,0,0,0,0,0,0,0,0,0,0,0,0,0,228,16651,0,0,0,0
24523.477,16958,58,0,0,0,0,0,8,624,5,45,0,0,0,0,0,0,0,0,0,0,0,0,0,0,0,0,0,0,0,0,0,0,218,16581,0,0,0,0
24539.967,16490,60,0,0,0,0,0,8,629,5,45,0,0,0,0,0,0,0,0,0,0,0,0,0,0,0,0,0,0,0,0,0,0,234,17754,0,0,0,0
24556.474,16506,60,0,0,0,0,0,8,630,5,45,0,0,0,0,0,0,0,0,0,0,0,0,0,0,0,0,0,0,0,0,0,0,227,15693,0,0,0,0
24574.349,17875,55,0,0,0,0,0,8,665,5,45,0,0,0,0,0,0,0,0,0,0,0,0,0,0,0,0,0,0,0,0,0,0,215,16563,0,0,0,0
24590.013,15664,63,0,0,0,0,0,8,598,5,45,0,0,0,0,0,0,0,0,0,0,0,0,0,0,0,0,0,0,0,0,0,0,214,17858,0,0,0,0
24606.483,16470,60,0,0,0,0,0,8,669,5,45,0,0,0,0,0,0,0,0,0,0,0,0,0,0,0,0,0,0,0,0,0,0,209,15602,0,0,0,0
24623.482,16998,58,0,0,0,0,0,8,612,5,45,0,0,0,0,0,0,0,0,0,0,0,0,0,0,0,0,0,0,0,0,0,0,232,16512,0,0,0,0
24640.336,16853,59,0,0,0,0,0,8,613,5,45,0,0,0,0,0,0,0,0,0,0,0,0,0,0,0,0,0,0,0,0,0,0,227,16975,0,0,0,0
24657.340,17004,58,0,0,0,0,0,8,663,5,45,0,0,0,0,0,0,0,0,0,0,0,0,0,0,0,0,0,0,0,0,0,0,241,17292,0,0,0,0
24672.610,15269,65,0,0,0,0,0,8,635,5,45,0,0,0,0,0,0,0,0,0,0,0,0,0,0,0,0,0,0,0,0,0,0,209,16501,0,0,0,0
24690.345,17735,56,0,0,0,0,0,8,621,5,45,0,0,0,0,0,0,0,0,0,0,0,0,0,0,0,0,0,0,0,0,0,0,232,15996,0,0,0,0
24706.518,16173,61,0,0,0,0,0,8,628,5,45,0,0,0,0,0,0,0,0,0,0,0,0,0,0,0,0,0,0,0,0,0,0,238,16997,0,0,0,0
24722.480,15962,62,0,0,0,0,0,8,638,5,45,0,0,0,0,0,0,0,0,0,0,0,0,0,0,0,0,0,0,0,0,0,0,224,16246,0,0,0,0
24739.450,16969,58,0,0,0,0,0,8,623,5,45,0,0,0,0,0,0,0,0,0,0,0,0,0,0,0,0,0,0,0,0,0,0,241,16751,0,0,0,0
24756.527,17076,58,0,0,0,0,0,8,665,5,45,0,0,0,0,0,0,0,0,0,0,0,0,0,0,0,0,0,0,0,0,0,0,241,16182,0,0,0,0
24773.226,16699,59,0,0,0,0,0,8,671,5,45,0,0,0,0,0,0,0,0,0,0,0,0,0,0,0,0,0,0,0,0,0,0,240,17083,0,0,0,0
24789.846,16620,60,0,0,0,0,0,8,563,5,45,0,0,0,0,0,0,0,0,0,0,0,0,0,0,0,0,0,0,0,0,0,0,225,16742,0,0,0,0
24806.270,16424,60,0,0,0,0,0,8,663,5,45,0,0,0,0,0,0,0,0,0,0,0,0,0,0,0,0,0,0,0,0,0,0,233,16553,0,0,0,0
24823.369,17098,58,0,0,0,0,0,8,623,5,45,0,0,0,0,0,0,0,0,0,0,0,0,0,0,0,0,0,0,0,0,0,0,267,16458,0,0,0,0
24839.718,16349,61,0,0,0,0,0,8,636,5,45,0,0,0,0,0,0,0,0,0,0,0,0,0,0,0,0,0,0,0,0,0,0,243,17125,0,0,0,0
24856.462,16744,59,0,0,0,0,0,8,664,5,45,0,0,0,0,0,0,0,0,0,0,0,0,0,0,0,0,0,0,0,0,0,0,244,16296,0,0,0,0
24872.982,16520,60,0,0,0,0,0,8,607,5,45,0,0,0,0,0,0,0,0,0,0,0,0,0,0,0,0,0,0,0,0,0,0,231,16763,0,0,0,0
24889.131,16148,61,0,0,0,0,0,8,619,5,45,0,0,0,0,0,0,0,0,0,0,0,0,0,0,0,0,0,0,0,0,0,0,233,16809,0,0,0,0
24906.466,17335,57,0,0,0,0,0,8,662,5,45,0,0,0,0,0,0,0,0,0,0,0,0,0,0,0,0,0,0,0,0,0,0,224,16049,0,0,0,0
24923.471,17004,58,0,0,0,0,0,8,621,5,45,0,0,0,0,0,0,0,0,0,0,0,0,0,0,0,0,0,0,0,0,0,0,231,17157,0,0,0,0
24939.845,16373,61,0,0,0,0,0,8,634,5,45,0,0,0,0,0,0,0,0,0,0,0,0,0,0,0,0,0,0,0,0,0,0,228,17753,0,0,0,0
24956.528,16683,59,0,0,0,0,0,8,623,5,45,0,0,0,0,0,0,0,0,0,0,0,0,0,0,0,0,0,0,0,0,0,0,248,15626,0,0,0,0
24973.171,16643,60,0,0,0,0,0,8,630,5,45,0,0,0,0,0,0,0,0,0,0,0,0,0,0,0,0,0,0,0,0,0,0,249,17446,0,0,0,0
24990.166,16995,58,0,0,0,0,0,8,632,5,45,0,0,0,0,0,0,0,0,0,0,0,0,0,0,0,0,0,0,0,0,0,0,225,15953,0,0,0,0
25006.466,16299,61,0,0,0,0,0,8,664,5,45,0,0,0,0,0,0,0,0,0,0,0,0,0,0,0,0,0,0,0,0,0,0,249,16896,0,0,0,0
25022.888,16421,60,0,0,0,0,0,8,628,5,45,0,0,0,0,0,0,0,0,0,0,0,0,0,0,0,0,0,0,0,0,0,0,227,16306,0,0,0,0
25039.989,17100,58,0,0,0,0,0,8,601,5,45,0,0,0,0,0,0,0,0,0,0,0,0,0,0,0,0,0,0,0,0,0,0,233,16453,0,0,0,0
25056.385,16386,61,0,0,0,0,0,8,667,5,45,0,0,0,0,0,0,0,0,0,0,0,0,0,0,0,0,0,0,0,0,0,0,234,17006,0,0,0,0
25073.484,17109,58,0,0,0,0,0,8,636,5,45,0,0,0,0,0,0,0,0,0,0,0,0,0,0,0,0,0,0,0,0,0,0,233,16448,0,0,0,0
25090.208,16724,59,0,0,0,0,0,8,624,5,45,0,0,0,0,0,0,0,0,0,0,0,0,0,0,0,0,0,0,0,0,0,0,225,17877,0,0,0,0
25106.529,16309,61,0,0,0,0,0,8,624,5,45,0,0,0,0,0,0,0,0,0,0,0,0,0,0,0,0,0,0,0,0,0,0,238,15942,0,0,0,0
25123.374,16856,59,0,0,0,0,0,8,621,5,45,0,0,0,0,0,0,0,0,0,0,0,0,0,0,0,0,0,0,0,0,0,0,227,16312,0,0,0,0
25139.839,16465,60,0,0,0,0,0,8,636,5,45,0,0,0,0,0,0,0,0,0,0,0,0,0,0,0,0,0,0,0,0,0,0,234,16875,0,0,0,0
25157.346,17507,57,0,0,0,0,0,8,667,5,45,0,0,0,0,0,0,0,0,0,0,0,0,0,0,0,0,0,0,0,0,0,0,237,16439,0,0,0,0
25173.069,15722,63,0,0,0,0,0,8,660,5,45,0,0,0,0,0,0,0,0,0,0,0,0,0,0,0,0,0,0,0,0,0,0,253,17597,0,0,0,0
25190.326,17257,57,0,0,0,0,0,8,563,5,45,0,0,0,0,0,0,0,0,0,0,0,0,0,0,0,0,0,0,0,0,0,0,232,15534,0,0,0,0
25206.667,16341,61,0,0,0,0,0,8,671,5,45,0,0,0,0,0,0,0,0,0,0,0,0,0,0,0,0,0,0,0,0,0,0,242,18354,0,0,0,0
25223.338,16670,59,0,0,0,0,0,8,627,5,45,0,0,0,0,0,0,0,0,0,0,0,0,0,0,0,0,0,0,0,0,0,0,217,15217,0,0,0,0
25239.851,16512,60,0,0,0,0,0,8,638,5,45,0,0,0,0,0,0,0,0,0,0,0,0,0,0,0,0,0,0,0,0,0,0,227,16813,0,0,0,0
25256.853,17002,58,0,0,0,0,0,8,660,5,45,0,0,0,0,0,0,0,0,0,0,0,0,0,0,0,0,0,0,0,0,0,0,228,16472,0,0,0,0
25273.330,16476,60,0,0,0,0,0,8,628,5,45,0,0,0,0,0,0,0,0,0,0,0,0,0,0,0,0,0,0,0,0,0,0,226,17004,0,0,0,0
25289.836,16506,60,0,0,0,0,0,8,597,5,45,0,0,0,0,0,0,0,0,0,0,0,0,0,0,0,0,0,0,0,0,0,0,233,16484,0,0,0,0
25306.531,16694,59,0,0,0,0,0,8,671,5,45,0,0,0,0,0,0,0,0,0,0,0,0,0,0,0,0,0,0,0,0,0,0,228,16533,0,0,0,0
25322.565,16034,62,0,0,0,0,0,8,639,5,45,0,0,0,0,0,0,0,0,0,0,0,0,0,0,0,0,0,0,0,0,0,0,233,16799,0,0,0,0
25340.324,17759,56,0,0,0,0,0,8,619,5,45,0,0,0,0,0,0,0,0,0,0,0,0,0,0,0,0,0,0,0,0,0,0,241,16636,0,0,0,0
25357.351,17027,58,0,0,0,0,0,8,638,5,45,0,0,0,0,0,0,0,0,0,0,0,0,0,0,0,0,0,0,0,0,0,0,239,17036,0,0,0,0
25373.351,15999,62,0,0,0,0,0,8,618,5,45,0,0,0,0,0,0,0,0,0,0,0,0,0,0,0,0,0,0,0,0,0,0,246,16982,0,0,0,0
25389.547,16196,61,0,0,0,0,0,8,637,5,45,0,0,0,0,0,0,0,0,0,0,0,0,0,0,0,0,0,0,0,0,0,0,238,16041,0,0,0,0
25406.594,17047,58,0,0,0,0,0,8,665,5,45,0,0,0,0,0,0,0,0,0,0,0,0,0,0,0,0,0,0,0,0,0,0,228,16208,0,0,0,0
25423.466,16871,59,0,0,0,0,0,8,610,5,45,0,0,0,0,0,0,0,0,0,0,0,0,0,0,0,0,0,0,0,0,0,0,227,17041,0,0,0,0
25441.333,17867,55,0,0,0,0,0,8,618,5,45,0,0,0,0,0,0,0,0,0,0,0,0,0,0,0,0,0,0,0,0,0,0,231,16864,0,0,0,0
25457.325,15992,62,0,0,0,0,0,8,669,5,45,0,0,0,0,0,0,0,0,0,0,0,0,0,0,0,0,0,0,0,0,0,0,229,17837,0,0,0,0
25473.193,15867,63,0,0,0,0,0,8,638,5,45,0,0,0,0,0,0,0,0,0,0,0,0,0,0,0,0,0,0,0,0,0,0,234,16166,0,0,0,0
25489.841,16648,60,0,0,0,0,0,8,626,5,45,0,0,0,0,0,0,0,0,0,0,0,0,0,0,0,0,0,0,0,0,0,0,219,15725,0,0,0,0
25507.337,17485,57,0,0,0,0,0,8,636,5,45,0,0,0,0,0,0,0,0,0,0,0,0,0,0,0,0,0,0,0,0,0,0,244,16660,0,0,0,0
25523.463,16136,61,0,0,0,0,0,8,618,5,45,0,0,0,0,0,0,0,0,0,0,0,0,0,0,0,0,0,0,0,0,0,0,226,17478,0,0,0,0
25539.842,16379,61,0,0,0,0,0,8,639,5,45,0,0,0,0,0,0,0,0,0,0,0,0,0,0,0,0,0,0,0,0,0,0,228,16935,0,0,0,0
25556.474,16621,60,0,0,0,0,0,8,664,5,45,0,0,0,0,0,0,0,0,0,0,0,0,0,0,0,0,0,0,0,0,0,0,238,15601,0,0,0,0
25573.473,17009,58,0,0,0,0,0,8,626,5,45,0,0,0,0,0,0,0,0,0,0,0,0,0,0,0,0,0,0,0,0,0,0,255,16636,0,0,0,0
25590.030,16557,60,0,0,0,0,0,8,597,5,45,0,0,0,0,0,0,0,0,0,0,0,0,0,0,0,0,0,0,0,0,0,0,239,16901,0,0,0,0
25606.460,16429,60,0,0,0,0,0,8,668,5,45,0,0,0,0,0,0,0,0,0,0,0,0,0,0,0,0,0,0,0,0,0,0,242,16610,0,0,0,0
25623.463,17003,58,0,0,0,0,0,8,624,5,45,0,0,0,0,0,0,0,0,0,0,0,0,0,0,0,0,0,0,0,0,0,0,222,16443,0,0,0,0
25639.899,16435,60,0,0,0,0,0,8,633,5,45,0,0,0,0,0,0,0,0,0,0,0,0,0,0,0,0,0,0,0,0,0,0,238,17812,0,0,0,0
25656.547,16648,60,0,0,0,0,0,8,667,5,45,0,0,0,0,0,0,0,0,0,0,0,0,0,0,0,0,0,0,0,0,0,0,226,15603,0,0,0,0
25672.597,16050,62,0,0,0,0,0,8,609,5,45,0,0,0,0,0,0,0,0,0,0,0,0,0,0,0,0,0,0,0,0,0,0,231,16534,0,0,0,0
25689.598,17000,58,0,0,0,0,0,8,624,5,45,0,0,0,0,0,0,0,0,0,0,0,0,0,0,0,0,0,0,0,0,0,0,249,16886,0,0,0,0
25706.466,16867,59,0,0,0,0,0,8,669,5,45,0,0,0,0,0,0,0,0,0,0,0,0,0,0,0,0,0,0,0,0,0,0,234,16297,0,0,0,0
25722.712,16246,61,0,0,0,0,0,8,631,5,45,0,0,0,0,0,0,0,0,0,0,0,0,0,0,0,0,0,0,0,0,0,0,235,16875,0,0,0,0
25739.836,17124,58,0,0,0,0,0,8,625,5,45,0,0,0,0,0,0,0,0,0,0,0,0,0,0,0,0,0,0,0,0,0,0,244,16806,0,0,0,0
25756.466,16629,60,0,0,0,0,0,8,629,5,45,0,0,0,0,0,0,0,0,0,0,0,0,0,0,0,0,0,0,0,0,0,0,228,16544,0,0,0,0
25772.505,16039,62,0,0,0,0,0,8,635,5,45,0,0,0,0,0,0,0,0,0,0,0,0,0,0,0,0,0,0,0,0,0,0,290,16771,0,0,0,0
25789.913,17408,57,0,0,0,0,0,8,626,5,45,0,0,0,0,0,0,0,0,0,0,0,0,0,0,0,0,0,0,0,0,0,0,234,16750,0,0,0,0
25806.472,16547,60,0,0,0,0,0,8,668,5,45,0,0,0,0,0,0,0,0,0,0,0,0,0,0,0,0,0,0,0,0,0,0,234,16570,0,0,0,0
25822.546,16085,62,0,0,0,0,0,8,626,5,45,0,0,0,0,0,0,0,0,0,0,0,0,0,0,0,0,0,0,0,0,0,0,254,16594,0,0,0,0
25839.925,17378,57,0,0,0,0,0,8,601,5,45,0,0,0,0,0,0,0,0,0,0,0,0,0,0,0,0,0,0,0,0,0,0,245,16755,0,0,0,0
25856.470,16535,60,0,0,0,0,0,8,667,5,45,0,0,0,0,0,0,0,0,0,0,0,0,0,0,0,0,0,0,0,0,0,0,223,16624,0,0,0,0
25873.216,16755,59,0,0,0,0,0,8,664,5,45,0,0,0,0,0,0,0,0,0,0,0,0,0,0,0,0,0,0,0,0,0,0,230,16495,0,0,0,0
25890.004,16788,59,0,0,0,0,0,8,599,5,45,0,0,0,0,0,0,0,0,0,0,0,0,0,0,0,0,0,0,0,0,0,0,245,16892,0,0,0,0
25906.510,16506,60,0,0,0,0,0,8,631,5,45,0,0,0,0,0,0,0,0,0,0,0,0,0,0,0,0,0,0,0,0,0,0,220,16679,0,0,0,0
25923.351,16841,59,0,0,0,0,0,8,628,5,45,0,0,0,0,0,0,0,0,0,0,0,0,0,0,0,0,0,0,0,0,0,0,224,16588,0,0,0,0
25939.685,16333,61,0,0,0,0,0,8,637,5,45,0,0,0,0,0,0,0,0,0,0,0,0,0,0,0,0,0,0,0,0,0,0,231,16858,0,0,0,0
25957.336,17650,56,0,0,0,0,0,8,828,5,45,0,0,0,0,0,0,0,0,0,0,0,0,0,0,0,0,0,0,0,0,0,0,235,16900,0,0,0,0
25973.052,15716,63,0,0,0,0,0,8,1029,5,45,0,0,0,0,0,0,0,0,0,0,0,0,0,0,0,0,0,0,0,0,0,0,236,18381,0,0,0,0
25989.964,16911,59,0,0,0,0,0,8,571,5,45,0,0,0,0,0,0,0,0,0,0,0,0,0,0,0,0,0,0,0,0,0,0,205,14561,0,0,0,0
26006.527,16563,60,0,0,0,0,0,8,759,5,45,0,0,0,0,0,0,0,0,0,0,0,0,0,0,0,0,0,0,0,0,0,0,222,16906,0,0,0,0
26023.461,16933,59,0,0,0,0,0,8,718,5,45,0,0,0,0,0,0,0,0,0,0,0,0,0,0,0,0,0,0,0,0,0,0,233,16760,0,0,0,0
26040.034,16573,60,0,0,0,0,0,8,631,5,45,0,0,0,0,0,0,0,0,0,0,0,0,0,0,0,0,0,0,0,0,0,0,225,17341,0,0,0,0
26056.460,16425,60,0,0,0,0,0,8,653,5,45,0,0,0,0,0,0,0,0,0,0,0,0,0,0,0,0,0,0,0,0,0,0,233,16018,0,0,0,0
26072.539,16079,62,0,0,0,0,0,8,577,5,45,0,0,0,0,0,0,0,0,0,0,0,0,0,0,0,0,0,0,0,0,0,0,225,16201,0,0,0,0
26089.830,17290,57,0,0,0,0,0,8,612,5,45,0,0,0,0,0,0,0,0,0,0,0,0,0,0,0,0,0,0,0,0,0,0,231,16792,0,0,0,0
26107.319,17488,57,0,0,0,0,0,8,645,5,45,0,0,0,0,0,0,0,0,0,0,0,0,0,0,0,0,0,0,0,0,0,0,235,16566,0,0,0,0
26122.886,15567,64,0,0,0,0,0,8,648,5,45,0,0,0,0,0,0,0,0,0,0,0,0,0,0,0,0,0,0,0,0,0,0,240,17504,0,0,0,0
26140.014,17127,58,0,0,0,0,0,8,584,5,45,0,0,0,0,0,0,0,0,0,0,0,0,0,0,0,0,0,0,0,0,0,0,222,15560,0,0,0,0
26156.373,16359,61,0,0,0,0,0,8,623,5,45,0,0,0,0,0,0,0,0,0,0,0,0,0,0,0,0,0,0,0,0,0,0,239,17076,0,0,0,0
26172.526,16153,61,0,0,0,0,0,8,615,5,45,0,0,0,0,0,0,0,0,0,0,0,0,0,0,0,0,0,0,0,0,0,0,240,16484,0,0,0,0
26189.758,17231,58,0,0,0,0,0,8,608,5,45,0,0,0,0,0,0,0,0,0,0,0,0,0,0,0,0,0,0,0,0,0,0,239,16804,0,0,0,0
26206.883,17125,58,0,0,0,0,0,8,652,5,45,0,0,0,0,0,0,0,0,0,0,0,0,0,0,0,0,0,0,0,0,0,0,240,16993,0,0,0,0
26223.458,16574,60,0,0,0,0,0,8,591,5,45,0,0,0,0,0,0,0,0,0,0,0,0,0,0,0,0,0,0,0,0,0,0,219,16600,0,0,0,0
26239.954,16496,60,0,0,0,0,0,8,597,5,45,0,0,0,0,0,0,0,0,0,0,0,0,0,0,0,0,0,0,0,0,0,0,216,16581,0,0,0,0
26256.603,16635,60,0,0,0,0,0,8,654,5,45,0,0,0,0,0,0,0,0,0,0,0,0,0,0,0,0,0,0,0,0,0,0,208,16416,0,0,0,0
26273.322,16732,59,0,0,0,0,0,8,622,5,45,0,0,0,0,0,0,0,0,0,0,0,0,0,0,0,0,0,0,0,0,0,0,221,16741,0,0,0,0
26289.929,16606,60,0,0,0,0,0,8,606,5,45,0,0,0,0,0,0,0,0,0,0,0,0,0,0,0,0,0,0,0,0,0,0,232,16710,0,0,0,0
26306.483,16543,60,0,0,0,0,0,8,618,5,45,0,0,0,0,0,0,0,0,0,0,0,0,0,0,0,0,0,0,0,0,0,0,218,16547,0,0,0,0
26323.325,16852,59,0,0,0,0,0,8,611,5,45,0,0,0,0,0,0,0,0,0,0,0,0,0,0,0,0,0,0,0,0,0,0,229,16624,0,0,0,0
26339.911,16585,60,0,0,0,0,0,8,616,5,45,0,0,0,0,0,0,0,0,0,0,0,0,0,0,0,0,0,0,0,0,0,0,241,16923,0,0,0,0
26356.412,16501,60,0,0,0,0,0,8,652,5,45,0,0,0,0,0,0,0,0,0,0,0,0,0,0,0,0,0,0,0,0,0,0,238,16519,0,0,0,0
26373.297,16884,59,0,0,0,0,0,8,607,5,45,0,0,0,0,0,0,0,0,0,0,0,0,0,0,0,0,0,0,0,0,0,0,228,16389,0,0,0,0
26390.025,16728,59,0,0,0,0,0,8,583,5,45,0,0,0,0,0,0,0,0,0,0,0,0,0,0,0,0,0,0,0,0,0,0,220,17070,0,0,0,0
26406.462,16436,60,0,0,0,0,0,8,651,5,45,0,0,0,0,0,0,0,0,0,0,0,0,0,0,0,0,0,0,0,0,0,0,217,16519,0,0,0,0
26423.317,16855,59,0,0,0,0,0,8,613,5,45,0,0,0,0,0,0,0,0,0,0,0,0,0,0,0,0,0,0,0,0,0,0,242,16549,0,0,0,0
26439.619,16301,61,0,0,0,0,0,8,614,5,45,0,0,0,0,0,0,0,0,0,0,0,0,0,0,0,0,0,0,0,0,0,0,223,16924,0,0,0,0
26457.317,17698,56,0,0,0,0,0,8,647,5,45,0,0,0,0,0,0,0,0,0,0,0,0,0,0,0,0,0,0,0,0,0,0,240,16228,0,0,0,0
26473.453,16135,61,0,0,0,0,0,8,574,5,45,0,0,0,0,0,0,0,0,0,0,0,0,0,0,0,0,0,0,0,0,0,0,222,17716,0,0,0,0
26489.849,16396,60,0,0,0,0,0,8,614,5,45,0,0,0,0,0,0,0,0,0,0,0,0,0,0,0,0,0,0,0,0,0,0,222,16928,0,0,0,0
26506.359,16509,60,0,0,0,0,0,8,649,5,45,0,0,0,0,0,0,0,0,0,0,0,0,0,0,0,0,0,0,0,0,0,0,214,15532,0,0,0,0
26523.024,16665,60,0,0,0,0,0,8,649,5,45,0,0,0,0,0,0,0,0,0,0,0,0,0,0,0,0,0,0,0,0,0,0,225,16559,0,0,0,0
26539.323,16299,61,0,0,0,0,0,8,589,5,45,0,0,0,0,0,0,0,0,0,0,0,0,0,0,0,0,0,0,0,0,0,0,234,16906,0,0,0,0
26556.478,17154,58,0,0,0,0,0,8,628,5,45,0,0,0,0,0,0,0,0,0,0,0,0,0,0,0,0,0,0,0,0,0,0,216,16033,0,0,0,0
26573.474,16996,58,0,0,0,0,0,8,628,5,45,0,0,0,0,0,0,0,0,0,0,0,0,0,0,0,0,0,0,0,0,0,0,231,17206,0,0,0,0
26589.839,16364,61,0,0,0,0,0,8,616,5,45,0,0,0,0,0,0,0,0,0,0,0,0,0,0,0,0,0,0,0,0,0,0,238,17765,0,0,0,0
26606.314,16475,60,0,0,0,0,0,8,661,5,45,0,0,0,0,0,0,0,0,0,0,0,0,0,0,0,0,0,0,0,0,0,0,201,15565,0,0,0,0
26623.043,16729,59,0,0,0,0,0,8,626,5,45,0,0,0,0,0,0,0,0,0,0,0,0,0,0,0,0,0,0,0,0,0,0,221,16480,0,0,0,0
26640.023,16979,58,0,0,0,0,0,8,594,5,45,0,0,0,0,0,0,0,0,0,0,0,0,0,0,0,0,0,0,0,0,0,0,230,16949,0,0,0,0
26656.331,16307,61,0,0,0,0,0,8,662,5,45,0,0,0,0,0,0,0,0,0,0,0,0,0,0,0,0,0,0,0,0,0,0,225,16766,0,0,0,0
26673.044,16713,59,0,0,0,0,0,8,661,5,45,0,0,0,0,0,0,0,0,0,0,0,0,0,0,0,0,0,0,0,0,0,0,233,16211,0,0,0,0
26689.291,16247,61,0,0,0,0,0,8,589,5,45,0,0,0,0,0,0,0,0,0,0,0,0,0,0,0,0,0,0,0,0,0,0,230,17026,0,0,0,0
26706.379,17087,58,0,0,0,0,0,8,632,5,45,0,0,0,0,0,0,0,0,0,0,0,0,0,0,0,0,0,0,0,0,0,0,213,15884,0,0,0,0
26723.196,16816,59,0,0,0,0,0,8,661,5,45,0,0,0,0,0,0,0,0,0,0,0,0,0,0,0,0,0,0,0,0,0,0,229,17277,0,0,0,0
26739.877,16681,59,0,0,0,0,0,8,585,5,45,0,0,0,0,0,0,0,0,0,0,0,0,0,0,0,0,0,0,0,0,0,0,238,16842,0,0,0,0
26756.415,16538,60,0,0,0,0,0,8,664,5,45,0,0,0,0,0,0,0,0,0,0,0,0,0,0,0,0,0,0,0,0,0,0,236,16636,0,0,0,0
26773.037,16621,60,0,0,0,0,0,8,667,5,45,0,0,0,0,0,0,0,0,0,0,0,0,0,0,0,0,0,0,0,0,0,0,225,16419,0,0,0,0
26789.653,16616,60,0,0,0,0,0,8,556,5,45,0,0,0,0,0,0,0,0,0,0,0,0,0,0,0,0,0,0,0,0,0,0,225,16939,0,0,0,0
26806.829,17176,58,0,0,0,0,0,8,664,5,45,0,0,0,0,0,0,0,0,0,0,0,0,0,0,0,0,0,0,0,0,0,0,235,16373,0,0,0,0
26823.316,16486,60,0,0,0,0,0,8,634,5,45,0,0,0,0,0,0,0,0,0,0,0,0,0,0,0,0,0,0,0,0,0,0,236,17175,0,0,0,0
26839.629,16313,61,0,0,0,0,0,8,619,5,45,0,0,0,0,0,0,0,0,0,0,0,0,0,0,0,0,0,0,0,0,0,0,233,16578,0,0,0,0
26856.372,16742,59,0,0,0,0,0,8,664,5,45,0,0,0,0,0,0,0,0,0,0,0,0,0,0,0,0,0,0,0,0,0,0,234,16246,0,0,0,0
26873.024,16652,60,0,0,0,0,0,8,619,5,45,0,0,0,0,0,0,0,0,0,0,0,0,0,0,0,0,0,0,0,0,0,0,225,16636,0,0,0,0
26890.318,17293,57,0,0,0,0,0,8,591,5,45,0,0,0,0,0,0,0,0,0,0,0,0,0,0,0,0,0,0,0,0,0,0,243,17017,0,0,0,0
26906.460,16129,61,0,0,0,0,0,8,660,5,45,0,0,0,0,0,0,0,0,0,0,0,0,0,0,0,0,0,0,0,0,0,0,240,17021,0,0,0,0
26923.016,16567,60,0,0,0,0,0,8,660,5,45,0,0,0,0,0,0,0,0,0,0,0,0,0,0,0,0,0,0,0,0,0,0,223,16175,0,0,0,0
26939.991,16975,58,0,0,0,0,0,8,593,5,45,0,0,0,0,0,0,0,0,0,0,0,0,0,0,0,0,0,0,0,0,0,0,235,16781,0,0,0,0
26956.389,16398,60,0,0,0,0,0,8,637,5,45,0,0,0,0,0,0,0,0,0,0,0,0,0,0,0,0,0,0,0,0,0,0,218,16736,0,0,0,0
26973.312,16923,59,0,0,0,0,0,8,621,5,45,0,0,0,0,0,0,0,0,0,0,0,0,0,0,0,0,0,0,0,0,0,0,233,16280,0,0,0,0
26990.322,17009,58,0,0,0,0,0,8,627,5,45,0,0,0,0,0,0,0,0,0,0,0,0,0,0,0,0,0,0,0,0,0,0,222,17108,0,0,0,0
27006.462,16141,61,0,0,0,0,0,8,661,5,45,0,0,0,0,0,0,0,0,0,0,0,0,0,0,0,0,0,0,0,0,0,0,234,16866,0,0,0,0
27023.314,16851,59,0,0,0,0,0,8,599,5,45,0,0,0,0,0,0,0,0,0,0,0,0,0,0,0,0,0,0,0,0,0,0,227,16206,0,0,0,0
27040.036,16722,59,0,0,0,0,0,8,614,5,45,0,0,0,0,0,0,0,0,0,0,0,0,0,0,0,0,0,0,0,0,0,0,238,16930,0,0,0,0
27057.322,17286,57,0,0,0,0,0,8,661,5,45,0,0,0,0,0,0,0,0,0,0,0,0,0,0,0,0,0,0,0,0,0,0,226,16649,0,0,0,0
27073.309,15987,62,0,0,0,0,0,8,623,5,45,0,0,0,0,0,0,0,0,0,0,0,0,0,0,0,0,0,0,0,0,0,0,234,17299,0,0,0,0
27091.318,18008,55,0,0,0,0,0,8,629,5,45,0,0,0,0,0,0,0,0,0,0,0,0,0,0,0,0,0,0,0,0,0,0,223,16062,0,0,0,0
27107.311,15992,62,0,0,0,0,0,8,620,5,45,0,0,0,0,0,0,0,0,0,0,0,0,0,0,0,0,0,0,0,0,0,0,230,17871,0,0,0,0
27122.518,15207,65,0,0,0,0,0,8,627,5,45,0,0,0,0,0,0,0,0,0,0,0,0,0,0,0,0,0,0,0,0,0,0,220,16058,0,0,0,0
27139.947,17429,57,0,0,0,0,0,8,620,5,45,0,0,0,0,0,0,0,0,0,0,0,0,0,0,0,0,0,0,0,0,0,0,240,16033,0,0,0,0
27157.125,17178,58,0,0,0,0,0,8,659,5,45,0,0,0,0,0,0,0,0,0,0,0,0,0,0,0,0,0,0,0,0,0,0,208,16466,0,0,0,0
27173.463,16337,61,0,0,0,0,0,8,630,5,45,0,0,0,0,0,0,0,0,0,0,0,0,0,0,0,0,0,0,0,0,0,0,231,17331,0,0,0,0
27189.675,16212,61,0,0,0,0,0,8,578,5,45,0,0,0,0,0,0,0,0,0,0,0,0,0,0,0,0,0,0,0,0,0,0,220,17080,0,0,0,0
27206.461,16786,59,0,0,0,0,0,8,663,5,45,0,0,0,0,0,0,0,0,0,0,0,0,0,0,0,0,0,0,0,0,0,0,216,15432,0,0,0,0
27223.259,16797,59,0,0,0,0,0,8,657,5,45,0,0,0,0,0,0,0,0,0,0,0,0,0,0,0,0,0,0,0,0,0,0,228,16776,0,0,0,0
27239.995,16736,59,0,0,0,0,0,8,594,5,45,0,0,0,0,0,0,0,0,0,0,0,0,0,0,0,0,0,0,0,0,0,0,229,16804,0,0,0,0
27256.442,16431,60,0,0,0,0,0,8,660,5,45,0,0,0,0,0,0,0,0,0,0,0,0,0,0,0,0,0,0,0,0,0,0,219,16690,0,0,0,0
27273.445,17018,58,0,0,0,0,0,8,580,5,45,0,0,0,0,0,0,0,0,0,0,0,0,0,0,0,0,0,0,0,0,0,0,222,16488,0,0,0,0
27290.311,16865,59,0,0,0,0,0,8,635,5,45,0,0,0,0,0,0,0,0,0,0,0,0,0,0,0,0,0,0,0,0,0,0,217,17797,0,0,0,0
27306.356,16045,62,0,0,0,0,0,8,661,5,45,0,0,0,0,0,0,0,0,0,0,0,0,0,0,0,0,0,0,0,0,0,0,211,16544,0,0,0,0
27322.658,16301,61,0,0,0,0,0,8,631,5,45,0,0,0,0,0,0,0,0,0,0,0,0,0,0,0,0,0,0,0,0,0,0,219,15570,0,0,0,0
27339.337,16678,59,0,0,0,0,0,8,621,5,45,0,0,0,0,0,0,0,0,0,0,0,0,0,0,0,0,0,0,0,0,0,0,260,16943,0,0,0,0
27356.469,17132,58,0,0,0,0,0,8,627,5,45,0,0,0,0,0,0,0,0,0,0,0,0,0,0,0,0,0,0,0,0,0,0,215,15892,0,0,0,0
27373.315,16846,59,0,0,0,0,0,8,617,5,45,0,0,0,0,0,0,0,0,0,0,0,0,0,0,0,0,0,0,0,0,0,0,224,17264,0,0,0,0
27391.309,17993,55,0,0,0,0,0,8,632,5,45,0,0,0,0,0,0,0,0,0,0,0,0,0,0,0,0,0,0,0,0,0,0,223,16929,0,0,0,0
27406.451,15142,66,0,0,0,0,0,8,661,5,45,0,0,0,0,0,0,0,0,0,0,0,0,0,0,0,0,0,0,0,0,0,0,228,16893,0,0,0,0
27423.309,16857,59,0,0,0,0,0,8,616,5,45,0,0,0,0,0,0,0,0,0,0,0,0,0,0,0,0,0,0,0,0,0,0,238,16197,0,0,0,0
27439.544,16234,61,0,0,0,0,0,8,598,5,45,0,0,0,0,0,0,0,0,0,0,0,0,0,0,0,0,0,0,0,0,0,0,219,16902,0,0,0,0
27456.363,16819,59,0,0,0,0,0,8,821,5,45,0,0,0,0,0,0,0,0,0,0,0,0,0,0,0,0,0,0,0,0,0,0,225,16734,0,0,0,0
27472.656,16292,61,0,0,0,0,0,8,1017,5,45,0,0,0,0,0,0,0,0,0,0,0,0,0,0,0,0,0,0,0,0,0,0,216,17790,0,0,0,0
27490.314,17657,56,0,0,0,0,0,8,639,5,45,0,0,0,0,0,0,0,0,0,0,0,0,0,0,0,0,0,0,0,0,0,0,236,15458,0,0,0,0
27506.567,16253,61,0,0,0,0,0,8,718,5,45,0,0,0,0,0,0,0,0,0,0,0,0,0,0,0,0,0,0,0,0,0,0,234,17609,0,0,0,0
27523.437,16870,59,0,0,0,0,0,8,726,5,45,0,0,0,0,0,0,0,0,0,0,0,0,0,0,0,0,0,0,0,0,0,0,228,16019,0,0,0,0
27539.833,16395,60,0,0,0,0,0,8,639,5,45,0,0,0,0,0,0,0,0,0,0,0,0,0,0,0,0,0,0,0,0,0,0,243,17283,0,0,0,0
27556.506,16673,59,0,0,0,0,0,8,652,5,45,0,0,0,0,0,0,0,0,0,0,0,0,0,0,0,0,0,0,0,0,0,0,258,15643,0,0,0,0
27573.379,16873,59,0,0,0,0,0,8,657,5,45,0,0,0,0,0,0,0,0,0,0,0,0,0,0,0,0,0,0,0,0,0,0,233,16719,0,0,0,0
27589.831,16451,60,0,0,0,0,0,8,550,5,45,0,0,0,0,0,0,0,0,0,0,0,0,0,0,0,0,0,0,0,0,0,0,241,17143,0,0,0,0
27606.523,16692,59,0,0,0,0,0,8,655,5,45,0,0,0,0,0,0,0,0,0,0,0,0,0,0,0,0,0,0,0,0,0,0,238,16135,0,0,0,0
27623.306,16782,59,0,0,0,0,0,8,622,5,45,0,0,0,0,0,0,0,0,0,0,0,0,0,0,0,0,0,0,0,0,0,0,230,16600,0,0,0,0
27639.813,16507,60,0,0,0,0,0,8,621,5,45,0,0,0,0,0,0,0,0,0,0,0,0,0,0,0,0,0,0,0,0,0,0,214,16871,0,0,0,0
27656.548,16735,59,0,0,0,0,0,8,655,5,45,0,0,0,0,0,0,0,0,0,0,0,0,0,0,0,0,0,0,0,0,0,0,225,16437,0,0,0,0
27673.315,16766,59,0,0,0,0,0,8,590,5,45,0,0,0,0,0,0,0,0,0,0,0,0,0,0,0,0,0,0,0,0,0,0,228,16726,0,0,0,0
27689.954,16639,60,0,0,0,0,0,8,618,5,45,0,0,0,0,0,0,0,0,0,0,0,0,0,0,0,0,0,0,0,0,0,0,220,16830,0,0,0,0
27706.454,16500,60,0,0,0,0,0,8,670,5,45,0,0,0,0,0,0,0,0,0,0,0,0,0,0,0,0,0,0,0,0,0,0,214,16546,0,0,0,0
27722.498,16043,62,0,0,0,0,0,8,637,5,45,0,0,0,0,0,0,0,0,0,0,0,0,0,0,0,0,0,0,0,0,0,0,222,16522,0,0,0,0
27739.601,17102,58,0,0,0,0,0,8,624,5,45,0,0,0,0,0,0,0,0,0,0,0,0,0,0,0,0,0,0,0,0,0,0,224,16051,0,0,0,0
27757.309,17707,56,0,0,0,0,0,8,634,5,45,0,0,0,0,0,0,0,0,0,0,0,0,0,0,0,0,0,0,0,0,0,0,257,17396,0,0,0,0
27772.572,15262,65,0,0,0,0,0,8,634,5,45,0,0,0,0,0,0,0,0,0,0,0,0,0,0,0,0,0,0,0,0,0,0,230,17454,0,0,0,0
27789.825,17253,57,0,0,0,0,0,8,628,5,45,0,0,0,0,0,0,0,0,0,0,0,0,0,0,0,0,0,0,0,0,0,0,224,15836,0,0,0,0
27806.477,16651,60,0,0,0,0,0,8,672,5,45,0,0,0,0,0,0,0,0,0,0,0,0,0,0,0,0,0,0,0,0,0,0,219,16656,0,0,0,0
27822.961,16483,60,0,0,0,0,0,8,617,5,45,0,0,0,0,0,0,0,0,0,0,0,0,0,0,0,0,0,0,0,0,0,0,252,16675,0,0,0,0
27840.309,17348,57,0,0,0,0,0,8,610,5,45,0,0,0,0,0,0,0,0,0,0,0,0,0,0,0,0,0,0,0,0,0,0,224,16448,0,0,0,0
27856.836,16526,60,0,0,0,0,0,8,669,5,45,0,0,0,0,0,0,0,0,0,0,0,0,0,0,0,0,0,0,0,0,0,0,237,18318,0,0,0,0
27873.305,16469,60,0,0,0,0,0,8,642,5,45,0,0,0,0,0,0,0,0,0,0,0,0,0,0,0,0,0,0,0,0,0,0,220,15516,0,0,0,0
27890.324,17019,58,0,0,0,0,0,8,627,5,45,0,0,0,0,0,0,0,0,0,0,0,0,0,0,0,0,0,0,0,0,0,0,225,16579,0,0,0,0
27906.440,16115,62,0,0,0,0,0,8,628,5,45,0,0,0,0,0,0,0,0,0,0,0,0,0,0,0,0,0,0,0,0,0,0,222,17091,0,0,0,0
27922.876,16436,60,0,0,0,0,0,8,633,5,45,0,0,0,0,0,0,0,0,0,0,0,0,0,0,0,0,0,0,0,0,0,0,204,15893,0,0,0,0
27939.829,16952,58,0,0,0,0,0,8,633,5,45,0,0,0,0,0,0,0,0,0,0,0,0,0,0,0,0,0,0,0,0,0,0,211,16861,0,0,0,0
27957.341,17512,57,0,0,0,0,0,8,681,5,45,0,0,0,0,0,0,0,0,0,0,0,0,0,0,0,0,0,0,0,0,0,0,236,16534,0,0,0,0
27973.213,15871,63,0,0,0,0,0,8,648,5,45,0,0,0,0,0,0,0,0,0,0,0,0,0,0,0,0,0,0,0,0,0,0,259,17524,0,0,0,0
27991.312,18099,55,0,0,0,0,0,8,601,5,45,0,0,0,0,0,0,0,0,0,0,0,0,0,0,0,0,0,0,0,0,0,0,222,15929,0,0,0,0
28006.440,15127,66,0,0,0,0,0,8,674,5,45,0,0,0,0,0,0,0,0,0,0,0,0,0,0,0,0,0,0,0,0,0,0,234,18018,0,0,0,0
28023.361,16921,59,0,0,0,0,0,8,680,5,45,0,0,0,0,0,0,0,0,0,0,0,0,0,0,0,0,0,0,0,0,0,0,215,15224,0,0,0,0
28040.042,16680,59,0,0,0,0,0,8,610,5,45,0,0,0,0,0,0,0,0,0,0,0,0,0,0,0,0,0,0,0,0,0,0,222,17313,0,0,0,0
28056.832,16790,59,0,0,0,0,0,8,679,5,45,0,0,0,0,0,0,0,0,0,0,0,0,0,0,0,0,0,0,0,0,0,0,230,16489,0,0,0,0
28073.303,16470,60,0,0,0,0,0,8,605,5,45,0,0,0,0,0,0,0,0,0,0,0,0,0,0,0,0,0,0,0,0,0,0,211,16461,0,0,0,0
28090.301,16998,58,0,0,0,0,0,8,651,5,45,0,0,0,0,0,0,0,0,0,0,0,0,0,0,0,0,0,0,0,0,0,0,219,16755,0,0,0,0
28106.440,16139,61,0,0,0,0,0,8,679,5,45,0,0,0,0,0,0,0,0,0,0,0,0,0,0,0,0,0,0,0,0,0,0,226,16777,0,0,0,0
28122.653,16213,61,0,0,0,0,0,8,649,5,45,0,0,0,0,0,0,0,0,0,0,0,0,0,0,0,0,0,0,0,0,0,0,239,16212,0,0,0,0
28140.301,17647,56,0,0,0,0,0,8,643,5,45,0,0,0,0,0,0,0,0,0,0,0,0,0,0,0,0,0,0,0,0,0,0,225,16774,0,0,0,0
28156.465,16164,61,0,0,0,0,0,8,638,5,45,0,0,0,0,0,0,0,0,0,0,0,0,0,0,0,0,0,0,0,0,0,0,248,17052,0,0,0,0
28173.303,16838,59,0,0,0,0,0,8,641,5,45,0,0,0,0,0,0,0,0,0,0,0,0,0,0,0,0,0,0,0,0,0,0,235,16163,0,0,0,0
28189.827,16523,60,0,0,0,0,0,8,640,5,45,0,0,0,0,0,0,0,0,0,0,0,0,0,0,0,0,0,0,0,0,0,0,223,16912,0,0,0,0
28206.353,16525,60,0,0,0,0,0,8,679,5,45,0,0,0,0,0,0,0,0,0,0,0,0,0,0,0,0,0,0,0,0,0,0,223,16435,0,0,0,0
28223.439,17086,58,0,0,0,0,0,8,642,5,45,0,0,0,0,0,0,0,0,0,0,0,0,0,0,0,0,0,0,0,0,0,0,229,16571,0,0,0,0
28239.989,16550,60,0,0,0,0,0,8,617,5,45,0,0,0,0,0,0,0,0,0,0,0,0,0,0,0,0,0,0,0,0,0,0,236,17084,0,0,0,0
28257.336,17347,57,0,0,0,0,0,8,686,5,45,0,0,0,0,0,0,0,0,0,0,0,0,0,0,0,0,0,0,0,0,0,0,233,16502,0,0,0,0
28273.437,16100,62,0,0,0,0,0,8,636,5,45,0,0,0,0,0,0,0,0,0,0,0,0,0,0,0,0,0,0,0,0,0,0,234,17296,0,0,0,0
28289.734,16297,61,0,0,0,0,0,8,643,5,45,0,0,0,0,0,0,0,0,0,0,0,0,0,0,0,0,0,0,0,0,0,0,222,17002,0,0,0,0
28306.515,16780,59,0,0,0,0,0,8,646,5,45,0,0,0,0,0,0,0,0,0,0,0,0,0,0,0,0,0,0,0,0,0,0,227,15988,0,0,0,0
28323.305,16790,59,0,0,0,0,0,8,653,5,45,0,0,0,0,0,0,0,0,0,0,0,0,0,0,0,0,0,0,0,0,0,0,247,16383,0,0,0,0
28339.840,16534,60,0,0,0,0,0,8,633,5,45,0,0,0,0,0,0,0,0,0,0,0,0,0,0,0,0,0,0,0,0,0,0,230,16740,0,0,0,0
28356.443,16602,60,0,0,0,0,0,8,679,5,45,0,0,0,0,0,0,0,0,0,0,0,0,0,0,0,0,0,0,0,0,0,0,222,16442,0,0,0,0
28373.321,16877,59,0,0,0,0,0,8,642,5,45,0,0,0,0,0,0,0,0,0,0,0,0,0,0,0,0,0,0,0,0,0,0,248,16654,0,0,0,0
28389.808,16487,60,0,0,0,0,0,8,614,5,45,0,0,0,0,0,0,0,0,0,0,0,0,0,0,0,0,0,0,0,0,0,0,226,16806,0,0,0,0
28406.436,16628,60,0,0,0,0,0,8,685,5,45,0,0,0,0,0,0,0,0,0,0,0,0,0,0,0,0,0,0,0,0,0,0,228,16517,0,0,0,0
28423.314,16877,59,0,0,0,0,0,8,633,5,45,0,0,0,0,0,0,0,0,0,0,0,0,0,0,0,0,0,0,0,0,0,0,240,16683,0,0,0,0
28439.910,16596,60,0,0,0,0,0,8,649,5,45,0,0,0,0,0,0,0,0,0,0,0,0,0,0,0,0,0,0,0,0,0,0,234,16798,0,0,0,0
28456.059,16149,61,0,0,0,0,0,8,679,5,45,0,0,0,0,0,0,0,0,0,0,0,0,0,0,0,0,0,0,0,0,0,0,223,16662,0,0,0,0
28473.040,16980,58,0,0,0,0,0,8,647,5,45,0,0,0,0,0,0,0,0,0,0,0,0,0,0,0,0,0,0,0,0,0,0,225,16085,0,0,0,0
28489.806,16766,59,0,0,0,0,0,8,608,5,45,0,0,0,0,0,0,0,0,0,0,0,0,0,0,0,0,0,0,0,0,0,0,230,17000,0,0,0,0
28507.298,17491,57,0,0,0,0,0,8,683,5,45,0,0,0,0,0,0,0,0,0,0,0,0,0,0,0,0,0,0,0,0,0,0,245,16814,0,0,0,0
28523.386,16088,62,0,0,0,0,0,8,674,5,45,0,0,0,0,0,0,0,0,0,0,0,0,0,0,0,0,0,0,0,0,0,0,227,17483,0,0,0,0
28540.822,17435,57,0,0,0,0,0,8,612,5,45,0,0,0,0,0,0,0,0,0,0,0,0,0,0,0,0,0,0,0,0,0,0,219,16041,0,0,0,0
28556.367,15545,64,0,0,0,0,0,8,648,5,45,0,0,0,0,0,0,0,0,0,0,0,0,0,0,0,0,0,0,0,0,0,0,235,17629,0,0,0,0
28573.354,16986,58,0,0,0,0,0,8,680,5,45,0,0,0,0,0,0,0,0,0,0,0,0,0,0,0,0,0,0,0,0,0,0,227,15299,0,0,0,0
28589.194,15840,63,0,0,0,0,0,8,607,5,45,0,0,0,0,0,0,0,0,0,0,0,0,0,0,0,0,0,0,0,0,0,0,251,17138,0,0,0,0
28606.514,17320,57,0,0,0,0,0,8,687,5,45,0,0,0,0,0,0,0,0,0,0,0,0,0,0,0,0,0,0,0,0,0,0,226,15693,0,0,0,0
28623.296,16781,59,0,0,0,0,0,8,617,5,45,0,0,0,0,0,0,0,0,0,0,0,0,0,0,0,0,0,0,0,0,0,0,251,17434,0,0,0,0
28640.847,17551,56,0,0,0,0,0,8,635,5,45,0,0,0,0,0,0,0,0,0,0,0,0,0,0,0,0,0,0,0,0,0,0,223,16753,0,0,0,0
28656.444,15596,64,0,0,0,0,0,8,679,5,45,0,0,0,0,0,0,0,0,0,0,0,0,0,0,0,0,0,0,0,0,0,0,228,17606,0,0,0,0
28673.447,17003,58,0,0,0,0,0,8,651,5,45,0,0,0,0,0,0,0,0,0,0,0,0,0,0,0,0,0,0,0,0,0,0,244,15604,0,0,0,0
28690.098,16651,60,0,0,0,0,0,8,638,5,45,0,0,0,0,0,0,0,0,0,0,0,0,0,0,0,0,0,0,0,0,0,0,240,17720,0,0,0,0
28706.482,16384,61,0,0,0,0,0,8,645,5,45,0,0,0,0,0,0,0,0,0,0,0,0,0,0,0,0,0,0,0,0,0,0,211,15894,0,0,0,0
28723.334,16851,59,0,0,0,0,0,8,634,5,45,0,0,0,0,0,0,0,0,0,0,0,0,0,0,0,0,0,0,0,0,0,0,228,16364,0,0,0,0
28739.812,16478,60,0,0,0,0,0,8,655,5,45,0,0,0,0,0,0,0,0,0,0,0,0,0,0,0,0,0,0,0,0,0,0,225,16856,0,0,0,0
28756.436,16624,60,0,0,0,0,0,8,683,5,45,0,0,0,0,0,0,0,0,0,0,0,0,0,0,0,0,0,0,0,0,0,0,239,16500,0,0,0,0
28773.296,16860,59,0,0,0,0,0,8,654,5,45,0,0,0,0,0,0,0,0,0,0,0,0,0,0,0,0,0,0,0,0,0,0,214,16486,0,0,0,0
28789.795,16499,60,0,0,0,0,0,8,600,5,45,0,0,0,0,0,0,0,0,0,0,0,0,0,0,0,0,0,0,0,0,0,0,244,17053,0,0,0,0
28806.430,16634,60,0,0,0,0,0,8,684,5,45,0,0,0,0,0,0,0,0,0,0,0,0,0,0,0,0,0,0,0,0,0,0,231,16373,0,0,0,0
28823.150,16720,59,0,0,0,0,0,8,680,5,45,0,0,0,0,0,0,0,0,0,0,0,0,0,0,0,0,0,0,0,0,0,0,247,16707,0,0,0,0
28839.870,16719,59,0,0,0,0,0,8,610,5,45,0,0,0,0,0,0,0,0,0,0,0,0,0,0,0,0,0,0,0,0,0,0,254,16809,0,0,0,0
28856.346,16476,60,0,0,0,0,0,8,677,5,45,0,0,0,0,0,0,0,0,0,0,0,0,0,0,0,0,0,0,0,0,0,0,225,16569,0,0,0,0
28873.294,16947,59,0,0,0,0,0,8,617,5,45,0,0,0,0,0,0,0,0,0,0,0,0,0,0,0,0,0,0,0,0,0,0,223,16482,0,0,0,0
28890.303,17008,58,0,0,0,0,0,8,646,5,45,0,0,0,0,0,0,0,0,0,0,0,0,0,0,0,0,0,0,0,0,0,0,234,17054,0,0,0,0
28905.838,15535,64,0,0,0,0,0,8,676,5,45,0,0,0,0,0,0,0,0,0,0,0,0,0,0,0,0,0,0,0,0,0,0,249,16865,0,0,0,0
28923.294,17455,57,0,0,0,0,0,8,650,5,45,0,0,0,0,0,0,0,0,0,0,0,0,0,0,0,0,0,0,0,0,0,0,229,16020,0,0,0,0
28939.307,16013,62,0,0,0,0,0,8,642,5,45,0,0,0,0,0,0,0,0,0,0,0,0,0,0,0,0,0,0,0,0,0,0,234,17118,0,0,0,0
28955.882,16574,60,0,0,0,0,0,8,727,5,45,0,0,0,0,0,0,0,0,0,0,0,0,0,0,0,0,0,0,0,0,0,0,236,16228,0,0,0,0
28972.947,17065,58,0,0,0,0,0,8,4257,5,45,0,0,0,0,0,0,0,0,0,0,0,0,0,0,0,0,0,0,0,0,0,0,240,31501,0,0,0,0
28989.665,16718,59,0,0,0,0,0,8,1890,5,45,0,0,0,0,0,0,0,0,0,0,0,0,0,0,0,0,0,0,0,0,0,0,137,7104,0,0,0,0
29006.433,16767,59,0,0,0,0,0,8,1581,5,45,0,0,0,0,0,0,0,0,0,0,0,0,0,0,0,0,0,0,0,0,0,0,201,14632,0,0,0,0
29023.091,16658,60,0,0,0,0,0,8,1373,5,45,0,0,0,0,0,0,0,0,0,0,0,0,0,0,0,0,0,0,0,0,0,0,204,15571,0,0,0,0
29039.355,16263,61,0,0,0,0,0,8,921,5,45,0,0,0,0,0,0,0,0,0,0,0,0,0,0,0,0,0,0,0,0,0,0,209,15654,0,0,0,0
29056.430,17075,58,0,0,0,0,0,8,805,5,45,0,0,0,0,0,0,0,0,0,0,0,0,0,0,0,0,0,0,0,0,0,0,221,15570,0,0,0,0
29073.370,16939,59,0,0,0,0,0,8,796,5,45,0,0,0,0,0,0,0,0,0,0,0,0,0,0,0,0,0,0,0,0,0,0,236,16955,0,0,0,0
29089.511,16141,61,0,0,0,0,0,8,738,5,45,0,0,0,0,0,0,0,0,0,0,0,0,0,0,0,0,0,0,0,0,0,0,244,17470,0,0,0,0
29106.686,17174,58,0,0,0,0,0,8,772,5,45,0,0,0,0,0,0,0,0,0,0,0,0,0,0,0,0,0,0,0,0,0,0,244,15790,0,0,0,0
29123.108,16422,60,0,0,0,0,0,8,802,5,45,0,0,0,0,0,0,0,0,0,0,0,0,0,0,0,0,0,0,0,0,0,0,241,17137,0,0,0,0
29140.026,16918,59,0,0,0,0,0,8,720,5,45,0,0,0,0,0,0,0,0,0,0,0,0,0,0,0,0,0,0,0,0,0,0,236,16403,0,0,0,0
29156.337,16310,61,0,0,0,0,0,8,779,5,45,0,0,0,0,0,0,0,0,0,0,0,0,0,0,0,0,0,0,0,0,0,0,228,16762,0,0,0,0
29172.630,16292,61,0,0,0,0,0,8,766,5,45,0,0,0,0,0,0,0,0,0,0,0,0,0,0,0,0,0,0,0,0,0,0,245,16899,0,0,0,0
29190.289,17659,56,0,0,0,0,0,8,692,5,45,0,0,0,0,0,0,0,0,0,0,0,0,0,0,0,0,0,0,0,0,0,0,237,15719,0,0,0,0
29206.534,16245,61,0,0,0,0,0,8,776,5,45,0,0,0,0,0,0,0,0,0,0,0,0,0,0,0,0,0,0,0,0,0,0,253,17678,0,0,0,0
29223.290,16755,59,0,0,0,0,0,8,747,5,45,0,0,0,0,0,0,0,0,0,0,0,0,0,0,0,0,0,0,0,0,0,0,237,16371,0,0,0,0
29240.298,17007,58,0,0,0,0,0,8,749,5,45,0,0,0,0,0,0,0,0,0,0,0,0,0,0,0,0,0,0,0,0,0,0,246,16693,0,0,0,0
29256.683,16385,61,0,0,0,0,0,8,771,5,45,0,0,0,0,0,0,0,0,0,0,0,0,0,0,0,0,0,0,0,0,0,0,260,17491,0,0,0,0
29272.470,15787,63,0,0,0,0,0,8,714,5,45,0,0,0,0,0,0,0,0,0,0,0,0,0,0,0,0,0,0,0,0,0,0,217,15785,0,0,0,0
29289.582,17111,58,0,0,0,0,0,8,734,5,45,0,0,0,0,0,0,0,0,0,0,0,0,0,0,0,0,0,0,0,0,0,0,244,16681,0,0,0,0
29306.425,16842,59,0,0,0,0,0,8,783,5,45,0,0,0,0,0,0,0,0,0,0,0,0,0,0,0,0,0,0,0,0,0,0,241,16338,0,0,0,0
29323.359,16934,59,0,0,0,0,0,8,776,5,45,0,0,0,0,0,0,0,0,0,0,0,0,0,0,0,0,0,0,0,0,0,0,251,16839,0,0,0,0
29339.967,16607,60,0,0,0,0,0,8,712,5,45,0,0,0,0,0,0,0,0,0,0,0,0,0,0,0,0,0,0,0,0,0,0,253,17363,0,0,0,0
29356.688,16721,59,0,0,0,0,0,8,749,5,45,0,0,0,0,0,0,0,0,0,0,0,0,0,0,0,0,0,0,0,0,0,0,224,15973,0,0,0,0
29372.600,15911,62,0,0,0,0,0,8,738,5,45,0,0,0,0,0,0,0,0,0,0,0,0,0,0,0,0,0,0,0,0,0,0,247,16895,0,0,0,0
29389.950,17350,57,0,0,0,0,0,8,752,5,45,0,0,0,0,0,0,0,0,0,0,0,0,0,0,0,0,0,0,0,0,0,0,210,15799,0,0,0,0
29407.290,17339,57,0,0,0,0,0,8,779,5,45,0,0,0,0,0,0,0,0,0,0,0,0,0,0,0,0,0,0,0,0,0,0,234,17790,0,0,0,0
29423.289,15999,62,0,0,0,0,0,8,726,5,45,0,0,0,0,0,0,0,0,0,0,0,0,0,0,0,0,0,0,0,0,0,0,227,17075,0,0,0,0
29439.798,16508,60,0,0,0,0,0,8,728,5,45,0,0,0,0,0,0,0,0,0,0,0,0,0,0,0,0,0,0,0,0,0,0,218,16032,0,0,0,0
29456.426,16628,60,0,0,0,0,0,8,779,5,45,0,0,0,0,0,0,0,0,0,0,0,0,0,0,0,0,0,0,0,0,0,0,250,16466,0,0,0,0
29472.974,16547,60,0,0,0,0,0,8,778,5,45,0,0,0,0,0,0,0,0,0,0,0,0,0,0,0,0,0,0,0,0,0,0,211,16448,0,0,0,0
29489.288,16314,61,0,0,0,0,0,8,707,5,45,0,0,0,0,0,0,0,0,0,0,0,0,0,0,0,0,0,0,0,0,0,0,232,16971,0,0,0,0
29506.488,17186,58,0,0,0,0,0,8,754,5,45,0,0,0,0,0,0,0,0,0,0,0,0,0,0,0,0,0,0,0,0,0,0,232,16036,0,0,0,0
29523.055,16580,60,0,0,0,0,0,8,784,5,45,0,0,0,0,0,0,0,0,0,0,0,0,0,0,0,0,0,0,0,0,0,0,229,17217,0,0,0,0
29539.829,16774,59,0,0,0,0,0,8,708,5,45,0,0,0,0,0,0,0,0,0,0,0,0,0,0,0,0,0,0,0,0,0,0,225,16733,0,0,0,0
29556.833,17004,58,0,0,0,0,0,8,781,5,45,0,0,0,0,0,0,0,0,0,0,0,0,0,0,0,0,0,0,0,0,0,0,226,16584,0,0,0,0
29572.625,15791,63,0,0,0,0,0,8,736,5,45,0,0,0,0,0,0,0,0,0,0,0,0,0,0,0,0,0,0,0,0,0,0,229,16848,0,0,0,0
29589.538,16913,59,0,0,0,0,0,8,714,5,45,0,0,0,0,0,0,0,0,0,0,0,0,0,0,0,0,0,0,0,0,0,0,233,16687,0,0,0,0
29606.386,16847,59,0,0,0,0,0,8,784,5,45,0,0,0,0,0,0,0,0,0,0,0,0,0,0,0,0,0,0,0,0,0,0,235,16186,0,0,0,0
29623.288,16902,59,0,0,0,0,0,8,750,5,45,0,0,0,0,0,0,0,0,0,0,0,0,0,0,0,0,0,0,0,0,0,0,233,16849,0,0,0,0
29640.294,17005,58,0,0,0,0,0,8,749,5,45,0,0,0,0,0,0,0,0,0,0,0,0,0,0,0,0,0,0,0,0,0,0,240,17023,0,0,0,0
29657.302,17008,58,0,0,0,0,0,8,781,5,45,0,0,0,0,0,0,0,0,0,0,0,0,0,0,0,0,0,0,0,0,0,0,242,16829,0,0,0,0
29672.980,15677,63,0,0,0,0,0,8,741,5,45,0,0,0,0,0,0,0,0,0,0,0,0,0,0,0,0,0,0,0,0,0,0,233,17079,0,0,0,0
29689.567,16587,60,0,0,0,0,0,8,713,5,45,0,0,0,0,0,0,0,0,0,0,0,0,0,0,0,0,0,0,0,0,0,0,218,15864,0,0,0,0
29706.340,16773,59,0,0,0,0,0,8,783,5,45,0,0,0,0,0,0,0,0,0,0,0,0,0,0,0,0,0,0,0,0,0,0,225,16393,0,0,0,0
29723.283,16943,59,0,0,0,0,0,8,741,5,45,0,0,0,0,0,0,0,0,0,0,0,0,0,0,0,0,0,0,0,0,0,0,256,16736,0,0,0,0
29740.817,17534,57,0,0,0,0,0,8,752,5,45,0,0,0,0,0,0,0,0,0,0,0,0,0,0,0,0,0,0,0,0,0,0,232,17100,0,0,0,0
29755.986,15168,65,0,0,0,0,0,8,734,5,45,0,0,0,0,0,0,0,0,0,0,0,0,0,0,0,0,0,0,0,0,0,0,240,17786,0,0,0,0
29772.937,16950,58,0,0,0,0,0,8,743,5,45,0,0,0,0,0,0,0,0,0,0,0,0,0,0,0,0,0,0,0,0,0,0,200,14990,0,0,0,0
29790.292,17355,57,0,0,0,0,0,8,749,5,45,0,0,0,0,0,0,0,0,0,0,0,0,0,0,0,0,0,0,0,0,0,0,216,16976,0,0,0,0
29806.448,16156,61,0,0,0,0,0,8,779,5,45,0,0,0,0,0,0,0,0,0,0,0,0,0,0,0,0,0,0,0,0,0,0,230,17058,0,0,0,0
29823.287,16838,59,0,0,0,0,0,8,747,5,45,0,0,0,0,0,0,0,0,0,0,0,0,0,0,0,0,0,0,0,0,0,0,230,16176,0,0,0,0
29839.926,16638,60,0,0,0,0,0,8,712,5,45,0,0,0,0,0,0,0,0,0,0,0,0,0,0,0,0,0,0,0,0,0,0,233,16838,0,0,0,0
29857.294,17367,57,0,0,0,0,0,8,780,5,45,0,0,0,0,0,0,0,0,0,0,0,0,0,0,0,0,0,0,0,0,0,0,215,16666,0,0,0,0
29873.299,16005,62,0,0,0,0,0,8,749,5,45,0,0,0,0,0,0,0,0,0,0,0,0,0,0,0,0,0,0,0,0,0,0,230,17383,0,0,0,0
29889.566,16266,61,0,0,0,0,0,8,738,5,45,0,0,0,0,0,0,0,0,0,0,0,0,0,0,0,0,0,0,0,0,0,0,229,16060,0,0,0,0
29907.286,17720,56,0,0,0,0,0,8,748,5,45,0,0,0,0,0,0,0,0,0,0,0,0,0,0,0,0,0,0,0,0,0,0,222,16150,0,0,0,0
29923.284,15998,62,0,0,0,0,0,8,732,5,45,0,0,0,0,0,0,0,0,0,0,0,0,0,0,0,0,0,0,0,0,0,0,222,17821,0,0,0,0
29940.303,17018,58,0,0,0,0,0,8,755,5,45,0,0,0,0,0,0,0,0,0,0,0,0,0,0,0,0,0,0,0,0,0,0,256,16083,0,0,0,0
29955.866,15563,64,0,0,0,0,0,8,772,5,45,0,0,0,0,0,0,0,0,0,0,0,0,0,0,0,0,0,0,0,0,0,0,237,16827,0,0,0,0
29972.994,17128,58,0,0,0,0,0,8,783,5,45,0,0,0,0,0,0,0,0,0,0,0,0,0,0,0,0,0,0,0,0,0,0,217,15615,0,0,0,0
29989.598,16603,60,0,0,0,0,0,8,679,5,45,0,0,0,0,0,0,0,0,0,0,0,0,0,0,0,0,0,0,0,0,0,0,237,17405,0,0,0,0
30006.422,16824,59,0,0,0,0,0,8,780,5,45,0,0,0,0,0,0,0,0,0,0,0,0,0,0,0,0,0,0,0,0,0,0,231,16313,0,0,0,0
30022.457,16035,62,0,0,0,0,0,8,749,5,45,0,0,0,0,0,0,0,0,0,0,0,0,0,0,0,0,0,0,0,0,0,0,234,16848,0,0,0,0
30039.991,17533,57,0,0,0,0,0,8,735,5,45,0,0,0,0,0,0,0,0,0,0,0,0,0,0,0,0,0,0,0,0,0,0,227,16829,0,0,0,0
30056.500,16498,60,0,0,0,0,0,8,783,5,45,0,0,0,0,0,0,0,0,0,0,0,0,0,0,0,0,0,0,0,0,0,0,218,16675,0,0,0,0
30073.798,17308,57,0,0,0,0,0,8,739,5,45,0,0,0,0,0,0,0,0,0,0,0,0,0,0,0,0,0,0,0,0,0,0,235,16618,0,0,0,0
30090.293,16495,60,0,0,0,0,0,8,713,5,45,0,0,0,0,0,0,0,0,0,0,0,0,0,0,0,0,0,0,0,0,0,0,229,17293,0,0,0,0
30105.831,15537,64,0,0,0,0,0,8,775,5,45,0,0,0,0,0,0,0,0,0,0,0,0,0,0,0,0,0,0,0,0,0,0,241,17532,0,0,0,0
30123.432,17601,56,0,0,0,0,0,8,788,5,45,0,0,0,0,0,0,0,0,0,0,0,0,0,0,0,0,0,0,0,0,0,0,214,14482,0,0,0,0
30140.313,16881,59,0,0,0,0,0,8,704,5,45,0,0,0,0,0,0,0,0,0,0,0,0,0,0,0,0,0,0,0,0,0,0,235,17628,0,0,0,0
30156.354,16040,62,0,0,0,0,0,8,746,5,45,0,0,0,0,0,0,0,0,0,0,0,0,0,0,0,0,0,0,0,0,0,0,224,16926,0,0,0,0
30172.503,16150,61,0,0,0,0,0,8,745,5,45,0,0,0,0,0,0,0,0,0,0,0,0,0,0,0,0,0,0,0,0,0,0,223,15871,0,0,0,0
30189.570,17066,58,0,0,0,0,0,8,739,5,45,0,0,0,0,0,0,0,0,0,0,0,0,0,0,0,0,0,0,0,0,0,0,233,16973,0,0,0,0
30206.422,16852,59,0,0,0,0,0,8,784,5,45,0,0,0,0,0,0,0,0,0,0,0,0,0,0,0,0,0,0,0,0,0,0,239,16313,0,0,0,0
30223.368,16945,59,0,0,0,0,0,8,746,5,45,0,0,0,0,0,0,0,0,0,0,0,0,0,0,0,0,0,0,0,0,0,0,234,17193,0,0,0,0
30239.952,16585,60,0,0,0,0,0,8,708,5,45,0,0,0,0,0,0,0,0,0,0,0,0,0,0,0,0,0,0,0,0,0,0,247,16602,0,0,0,0
30256.297,16344,61,0,0,0,0,0,8,772,5,45,0,0,0,0,0,0,0,0,0,0,0,0,0,0,0,0,0,0,0,0,0,0,215,16557,0,0,0,0
30273.428,17131,58,0,0,0,0,0,8,743,5,45,0,0,0,0,0,0,0,0,0,0,0,0,0,0,0,0,0,0,0,0,0,0,218,16322,0,0,0,0
30289.910,16482,60,0,0,0,0,0,8,745,5,45,0,0,0,0,0,0,0,0,0,0,0,0,0,0,0,0,0,0,0,0,0,0,246,17967,0,0,0,0
30306.435,16524,60,0,0,0,0,0,8,747,5,45,0,0,0,0,0,0,0,0,0,0,0,0,0,0,0,0,0,0,0,0,0,0,225,15722,0,0,0,0
30323.073,16638,60,0,0,0,0,0,8,779,5,45,0,0,0,0,0,0,0,0,0,0,0,0,0,0,0,0,0,0,0,0,0,0,231,16903,0,0,0,0
30340.285,17211,58,0,0,0,0,0,8,708,5,45,0,0,0,0,0,0,0,0,0,0,0,0,0,0,0,0,0,0,0,0,0,0,232,16433,0,0,0,0
30356.330,16045,62,0,0,0,0,0,8,779,5,45,0,0,0,0,0,0,0,0,0,0,0,0,0,0,0,0,0,0,0,0,0,0,250,17538,0,0,0,0
30372.486,16156,61,0,0,0,0,0,8,750,5,45,0,0,0,0,0,0,0,0,0,0,0,0,0,0,0,0,0,0,0,0,0,0,230,15517,0,0,0,0
30389.293,16806,59,0,0,0,0,0,8,701,5,45,0,0,0,0,0,0,0,0,0,0,0,0,0,0,0,0,0,0,0,0,0,0,215,16899,0,0,0,0
30406.473,17180,58,0,0,0,0,0,8,776,5,45,0,0,0,0,0,0,0,0,0,0,0,0,0,0,0,0,0,0,0,0,0,0,235,16067,0,0,0,0
30423.425,16952,58,0,0,0,0,0,8,751,5,45,0,0,0,0,0,0,0,0,0,0,0,0,0,0,0,0,0,0,0,0,0,0,219,17118,0,0,0,0
30439.432,16006,62,0,0,0,0,0,8,737,5,45,0,0,0,0,0,0,0,0,0,0,0,0,0,0,0,0,0,0,0,0,0,0,233,17824,0,0,0,0
30455.826,16394,60,0,0,0,0,0,8,773,5,45,0,0,0,0,0,0,0,0,0,0,0,0,0,0,0,0,0,0,0,0,0,0,213,15083,0,0,0,0
30473.435,17609,56,0,0,0,0,0,8,723,5,45,0,0,0,0,0,0,0,0,0,0,0,0,0,0,0,0,0,0,0,0,0,0,223,16600,0,0,0,0
30489.962,16527,60,0,0,0,0,0,8,738,5,45,0,0,0,0,0,0,0,0,0,0,0,0,0,0,0,0,0,0,0,0,0,0,249,18331,0,0,0,0
30506.472,16499,60,0,0,0,0,0,8,784,5,45,0,0,0,0,0,0,0,0,0,0,0,0,0,0,0,0,0,0,0,0,0,0,233,15722,0,0,0,0
30523.288,16826,59,0,0,0,0,0,8,753,5,45,0,0,0,0,0,0,0,0,0,0,0,0,0,0,0,0,0,0,0,0,0,0,219,16484,0,0,0,0
30539.918,16630,60,0,0,0,0,0,8,740,5,45,0,0,0,0,0,0,0,0,0,0,0,0,0,0,0,0,0,0,0,0,0,0,243,16934,0,0,0,0
30556.428,16509,60,0,0,0,0,0,8,742,5,45,0,0,0,0,0,0,0,0,0,0,0,0,0,0,0,0,0,0,0,0,0,0,265,16596,0,0,0,0
30572.707,16279,61,0,0,0,0,0,8,758,5,45,0,0,0,0,0,0,0,0,0,0,0,0,0,0,0,0,0,0,0,0,0,0,211,16299,0,0,0,0
30590.283,17575,56,0,0,0,0,0,8,742,5,45,0,0,0,0,0,0,0,0,0,0,0,0,0,0,0,0,0,0,0,0,0,0,228,16949,0,0,0,0
30606.421,16137,61,0,0,0,0,0,8,780,5,45,0,0,0,0,0,0,0,0,0,0,0,0,0,0,0,0,0,0,0,0,0,0,233,17487,0,0,0,0
30623.428,17007,58,0,0,0,0,0,8,737,5,45,0,0,0,0,0,0,0,0,0,0,0,0,0,0,0,0,0,0,0,0,0,0,226,15738,0,0,0,0
30639.858,16429,60,0,0,0,0,0,8,717,5,45,0,0,0,0,0,0,0,0,0,0,0,0,0,0,0,0,0,0,0,0,0,0,218,17774,0,0,0,0
30656.478,16619,60,0,0,0,0,0,8,776,5,45,0,0,0,0,0,0,0,0,0,0,0,0,0,0,0,0,0,0,0,0,0,0,209,15564,0,0,0,0
30672.927,16449,60,0,0,0,0,0,8,739,5,45,0,0,0,0,0,0,0,0,0,0,0,0,0,0,0,0,0,0,0,0,0,0,227,16932,0,0,0,0
30690.276,17349,57,0,0,0,0,0,8,757,5,45,0,0,0,0,0,0,0,0,0,0,0,0,0,0,0,0,0,0,0,0,0,0,219,16444,0,0,0,0
30706.466,16189,61,0,0,0,0,0,8,737,5,45,0,0,0,0,0,0,0,0,0,0,0,0,0,0,0,0,0,0,0,0,0,0,237,17575,0,0,0,0
30723.414,16948,59,0,0,0,0,0,8,742,5,45,0,0,0,0,0,0,0,0,0,0,0,0,0,0,0,0,0,0,0,0,0,0,225,15718,0,0,0,0
30739.963,16548,60,0,0,0,0,0,8,744,5,45,0,0,0,0,0,0,0,0,0,0,0,0,0,0,0,0,0,0,0,0,0,0,214,17687,0,0,0,0
30756.416,16452,60,0,0,0,0,0,8,780,5,45,0,0,0,0,0,0,0,0,0,0,0,0,0,0,0,0,0,0,0,0,0,0,207,15938,0,0,0,0
30773.429,17013,58,0,0,0,0,0,8,754,5,45,0,0,0,0,0,0,0,0,0,0,0,0,0,0,0,0,0,0,0,0,0,0,235,16371,0,0,0,0
30789.382,15952,62,0,0,0,0,0,8,698,5,45,0,0,0,0,0,0,0,0,0,0,0,0,0,0,0,0,0,0,0,0,0,0,220,17700,0,0,0,0
30806.419,17036,58,0,0,0,0,0,8,785,5,45,0,0,0,0,0,0,0,0,0,0,0,0,0,0,0,0,0,0,0,0,0,0,230,15256,0,0,0,0
30823.103,16684,59,0,0,0,0,0,8,780,5,45,0,0,0,0,0,0,0,0,0,0,0,0,0,0,0,0,0,0,0,0,0,0,221,17000,0,0,0,0
30839.989,16885,59,0,0,0,0,0,8,712,5,45,0,0,0,0,0,0,0,0,0,0,0,0,0,0,0,0,0,0,0,0,0,0,230,16760,0,0,0,0
30857.276,17286,57,0,0,0,0,0,8,782,5,45,0,0,0,0,0,0,0,0,0,0,0,0,0,0,0,0,0,0,0,0,0,0,233,16808,0,0,0,0
30873.147,15871,63,0,0,0,0,0,8,744,5,45,0,0,0,0,0,0,0,0,0,0,0,0,0,0,0,0,0,0,0,0,0,0,226,17268,0,0,0,0
30889.598,16451,60,0,0,0,0,0,8,713,5,45,0,0,0,0,0,0,0,0,0,0,0,0,0,0,0,0,0,0,0,0,0,0,231,15974,0,0,0,0
30905.911,16312,61,0,0,0,0,0,8,780,5,45,0,0,0,0,0,0,0,0,0,0,0,0,0,0,0,0,0,0,0,0,0,0,234,16350,0,0,0,0
30923.325,17414,57,0,0,0,0,0,8,743,5,45,0,0,0,0,0,0,0,0,0,0,0,0,0,0,0,0,0,0,0,0,0,0,232,16667,0,0,0,0
30939.814,16488,60,0,0,0,0,0,8,744,5,45,0,0,0,0,0,0,0,0,0,0,0,0,0,0,0,0,0,0,0,0,0,0,211,16945,0,0,0,0
30956.411,16597,60,0,0,0,0,0,8,749,5,45,0,0,0,0,0,0,0,0,0,0,0,0,0,0,0,0,0,0,0,0,0,0,223,16612,0,0,0,0
30973.415,17004,58,0,0,0,0,0,8,740,5,45,0,0,0,0,0,0,0,0,0,0,0,0,0,0,0,0,0,0,0,0,0,0,220,16580,0,0,0,0
30989.505,16089,62,0,0,0,0,0,8,750,5,45,0,0,0,0,0,0,0,0,0,0,0,0,0,0,0,0,0,0,0,0,0,0,239,17856,0,0,0,0
31006.322,16816,59,0,0,0,0,0,8,779,5,45,0,0,0,0,0,0,0,0,0,0,0,0,0,0,0,0,0,0,0,0,0,0,223,15117,0,0,0,0
31023.310,16988,58,0,0,0,0,0,8,746,5,45,0,0,0,0,0,0,0,0,0,0,0,0,0,0,0,0,0,0,0,0,0,0,231,16995,0,0,0,0
31039.823,16513,60,0,0,0,0,0,8,709,5,45,0,0,0,0,0,0,0,0,0,0,0,0,0,0,0,0,0,0,0,0,0,0,236,17326,0,0,0,0
31056.459,16636,60,0,0,0,0,0,8,779,5,45,0,0,0,0,0,0,0,0,0,0,0,0,0,0,0,0,0,0,0,0,0,0,213,16069,0,0,0,0
31073.126,16666,60,0,0,0,0,0,8,746,5,45,0,0,0,0,0,0,0,0,0,0,0,0,0,0,0,0,0,0,0,0,0,0,220,16850,0,0,0,0
31089.823,16697,59,0,0,0,0,0,8,751,5,45,0,0,0,0,0,0,0,0,0,0,0,0,0,0,0,0,0,0,0,0,0,0,205,16597,0,0,0,0
31106.480,16657,60,0,0,0,0,0,8,749,5,45,0,0,0,0,0,0,0,0,0,0,0,0,0,0,0,0,0,0,0,0,0,0,231,16562,0,0,0,0
31122.939,16459,60,0,0,0,0,0,8,776,5,45,0,0,0,0,0,0,0,0,0,0,0,0,0,0,0,0,0,0,0,0,0,0,227,16758,0,0,0,0
31139.948,17008,58,0,0,0,0,0,8,710,5,45,0,0,0,0,0,0,0,0,0,0,0,0,0,0,0,0,0,0,0,0,0,0,261,16782,0,0,0,0
31156.501,16553,60,0,0,0,0,0,8,779,5,45,0,0,0,0,0,0,0,0,0,0,0,0,0,0,0,0,0,0,0,0,0,0,227,16521,0,0,0,0
31172.991,16490,60,0,0,0,0,0,8,780,5,45,0,0,0,0,0,0,0,0,0,0,0,0,0,0,0,0,0,0,0,0,0,0,216,16504,0,0,0,0
31189.546,16554,60,0,0,0,0,0,8,670,5,45,0,0,0,0,0,0,0,0,0,0,0,0,0,0,0,0,0,0,0,0,0,0,233,16911,0,0,0,0
31207.274,17728,56,0,0,0,0,0,8,784,5,45,0,0,0,0,0,0,0,0,0,0,0,0,0,0,0,0,0,0,0,0,0,0,231,16291,0,0,0,0
31223.272,15997,62,0,0,0,0,0,8,737,5,45,0,0,0,0,0,0,0,0,0,0,0,0,0,0,0,0,0,0,0,0,0,0,227,17778,0,0,0,0
31239.911,16638,60,0,0,0,0,0,8,751,5,45,0,0,0,0,0,0,0,0,0,0,0,0,0,0,0,0,0,0,0,0,0,0,236,16072,0,0,0,0
31256.799,16888,59,0,0,0,0,0,8,780,5,45,0,0,0,0,0,0,0,0,0,0,0,0,0,0,0,0,0,0,0,0,0,0,218,16514,0,0,0,0
31273.279,16480,60,0,0,0,0,0,8,719,5,45,0,0,0,0,0,0,0,0,0,0,0,0,0,0,0,0,0,0,0,0,0,0,220,16883,0,0,0,0
31289.918,16639,60,0,0,0,0,0,8,739,5,45,0,0,0,0,0,0,0,0,0,0,0,0,0,0,0,0,0,0,0,0,0,0,237,16596,0,0,0,0
31306.409,16490,60,0,0,0,0,0,8,781,5,45,0,0,0,0,0,0,0,0,0,0,0,0,0,0,0,0,0,0,0,0,0,0,214,16496,0,0,0,0
31323.274,16864,59,0,0,0,0,0,8,756,5,45,0,0,0,0,0,0,0,0,0,0,0,0,0,0,0,0,0,0,0,0,0,0,236,16670,0,0,0,0
31339.967,16693,59,0,0,0,0,0,8,743,5,45,0,0,0,0,0,0,0,0,0,0,0,0,0,0,0,0,0,0,0,0,0,0,242,16803,0,0,0,0
31356.629,16661,60,0,0,0,0,0,8,747,5,45,0,0,0,0,0,0,0,0,0,0,0,0,0,0,0,0,0,0,0,0,0,0,228,16631,0,0,0,0
31373.422,16793,59,0,0,0,0,0,8,742,5,45,0,0,0,0,0,0,0,0,0,0,0,0,0,0,0,0,0,0,0,0,0,0,232,16666,0,0,0,0
31389.951,16528,60,0,0,0,0,0,8,741,5,45,0,0,0,0,0,0,0,0,0,0,0,0,0,0,0,0,0,0,0,0,0,0,224,17537,0,0,0,0
31406.465,16513,60,0,0,0,0,0,8,777,5,45,0,0,0,0,0,0,0,0,0,0,0,0,0,0,0,0,0,0,0,0,0,0,230,16028,0,0,0,0
31423.410,16944,59,0,0,0,0,0,8,720,5,45,0,0,0,0,0,0,0,0,0,0,0,0,0,0,0,0,0,0,0,0,0,0,201,16194,0,0,0,0
31439.792,16382,61,0,0,0,0,0,8,730,5,45,0,0,0,0,0,0,0,0,0,0,0,0,0,0,0,0,0,0,0,0,0,0,227,17800,0,0,0,0
31456.320,16528,60,0,0,0,0,0,8,783,5,45,0,0,0,0,0,0,0,0,0,0,0,0,0,0,0,0,0,0,0,0,0,0,216,15580,0,0,0,0
31473.272,16952,58,0,0,0,0,0,8,749,5,45,0,0,0,0,0,0,0,0,0,0,0,0,0,0,0,0,0,0,0,0,0,0,205,16497,0,0,0,0
31489.861,16588,60,0,0,0,0,0,8,734,5,45,0,0,0,0,0,0,0,0,0,0,0,0,0,0,0,0,0,0,0,0,0,0,218,17038,0,0,0,0
31506.496,16625,60,0,0,0,0,0,8,748,5,45,0,0,0,0,0,0,0,0,0,0,0,0,0,0,0,0,0,0,0,0,0,0,233,16557,0,0,0,0
31523.425,16939,59,0,0,0,0,0,8,743,5,45,0,0,0,0,0,0,0,0,0,0,0,0,0,0,0,0,0,0,0,0,0,0,226,16576,0,0,0,0
31539.836,16410,60,0,0,0,0,0,8,744,5,45,0,0,0,0,0,0,0,0,0,0,0,0,0,0,0,0,0,0,0,0,0,0,255,17886,0,0,0,0
31556.414,16578,60,0,0,0,0,0,8,780,5,45,0,0,0,0,0,0,0,0,0,0,0,0,0,0,0,0,0,0,0,0,0,0,220,15450,0,0,0,0
31572.574,16159,61,0,0,0,0,0,8,750,5,45,0,0,0,0,0,0,0,0,0,0,0,0,0,0,0,0,0,0,0,0,0,0,219,16640,0,0,0,0
31589.828,17254,57,0,0,0,0,0,8,704,5,45,0,0,0,0,0,0,0,0,0,0,0,0,0,0,0,0,0,0,0,0,0,0,231,16573,0,0,0,0
31606.403,16575,60,0,0,0,0,0,8,781,5,45,0,0,0,0,0,0,0,0,0,0,0,0,0,0,0,0,0,0,0,0,0,0,243,17252,0,0,0,0
31623.333,16930,59,0,0,0,0,0,8,780,5,45,0,0,0,0,0,0,0,0,0,0,0,0,0,0,0,0,0,0,0,0,0,0,230,16175,0,0,0,0
31640.263,16930,59,0,0,0,0,0,8,707,5,45,0,0,0,0,0,0,0,0,0,0,0,0,0,0,0,0,0,0,0,0,0,0,236,17260,0,0,0,0
31656.465,16191,61,0,0,0,0,0,8,784,5,45,0,0,0,0,0,0,0,0,0,0,0,0,0,0,0,0,0,0,0,0,0,0,230,16546,0,0,0,0
31673.017,16562,60,0,0,0,0,0,8,742,5,45,0,0,0,0,0,0,0,0,0,0,0,0,0,0,0,0,0,0,0,0,0,0,232,16231,0,0,0,0
31690.007,16990,58,0,0,0,0,0,8,708,5,45,0,0,0,0,0,0,0,0,0,0,0,0,0,0,0,0,0,0,0,0,0,0,244,16797,0,0,0,0
31707.281,17273,57,0,0,0,0,0,8,785,5,45,0,0,0,0,0,0,0,0,0,0,0,0,0,0,0,0,0,0,0,0,0,0,233,16752,0,0,0,0
31722.967,15686,63,0,0,0,0,0,8,775,5,45,0,0,0,0,0,0,0,0,0,0,0,0,0,0,0,0,0,0,0,0,0,0,246,17272,0,0,0,0
31739.870,16902,59,0,0,0,0,0,8,713,5,45,0,0,0,0,0,0,0,0,0,0,0,0,0,0,0,0,0,0,0,0,0,0,225,15809,0,0,0,0
31756.424,16554,60,0,0,0,0,0,8,741,5,45,0,0,0,0,0,0,0,0,0,0,0,0,0,0,0,0,0,0,0,0,0,0,243,16822,0,0,0,0
31773.298,16874,59,0,0,0,0,0,8,788,5,45,0,0,0,0,0,0,0,0,0,0,0,0,0,0,0,0,0,0,0,0,0,0,238,16527,0,0,0,0
31790.279,16980,58,0,0,0,0,0,8,705,5,45,0,0,0,0,0,0,0,0,0,0,0,0,0,0,0,0,0,0,0,0,0,0,234,17279,0,0,0,0
31806.232,15953,62,0,0,0,0,0,8,779,5,45,0,0,0,0,0,0,0,0,0,0,0,0,0,0,0,0,0,0,0,0,0,0,225,16986,0,0,0,0
31822.939,16707,59,0,0,0,0,0,8,743,5,45,0,0,0,0,0,0,0,0,0,0,0,0,0,0,0,0,0,0,0,0,0,0,214,15710,0,0,0,0
31839.789,16850,59,0,0,0,0,0,8,716,5,45,0,0,0,0,0,0,0,0,0,0,0,0,0,0,0,0,0,0,0,0,0,0,226,16499,0,0,0,0
31856.405,16615,60,0,0,0,0,0,8,779,5,45,0,0,0,0,0,0,0,0,0,0,0,0,0,0,0,0,0,0,0,0,0,0,238,16886,0,0,0,0
31872.873,16468,60,0,0,0,0,0,8,740,5,45,0,0,0,0,0,0,0,0,0,0,0,0,0,0,0,0,0,0,0,0,0,0,214,16587,0,0,0,0
31889.790,16917,59,0,0,0,0,0,8,753,5,45,0,0,0,0,0,0,0,0,0,0,0,0,0,0,0,0,0,0,0,0,0,0,232,16762,0,0,0,0
31906.489,16699,59,0,0,0,0,0,8,746,5,45,0,0,0,0,0,0,0,0,0,0,0,0,0,0,0,0,0,0,0,0,0,0,237,16644,0,0,0,0
31923.403,16913,59,0,0,0,0,0,8,780,5,45,0,0,0,0,0,0,0,0,0,0,0,0,0,0,0,0,0,0,0,0,0,0,229,16668,0,0,0,0
31940.278,16875,59,0,0,0,0,0,8,715,5,45,0,0,0,0,0,0,0,0,0,0,0,0,0,0,0,0,0,0,0,0,0,0,234,16869,0,0,0,0
31956.292,16014,62,0,0,0,0,0,8,927,5,45,0,0,0,0,0,0,0,0,0,0,0,0,0,0,0,0,0,0,0,0,0,0,244,17399,0,0,0,0
31973.404,17111,58,0,0,0,0,0,8,1122,5,45,0,0,0,0,0,0,0,0,0,0,0,0,0,0,0,0,0,0,0,0,0,0,226,15798,0,0,0,0
31989.371,15967,62,0,0,0,0,0,8,692,5,45,0,0,0,0,0,0,0,0,0,0,0,0,0,0,0,0,0,0,0,0,0,0,224,16780,0,0,0,0
32006.781,17409,57,0,0,0,0,0,8,834,5,45,0,0,0,0,0,0,0,0,0,0,0,0,0,0,0,0,0,0,0,0,0,0,215,15807,0,0,0,0
32023.271,16490,60,0,0,0,0,0,8,774,5,45,0,0,0,0,0,0,0,0,0,0,0,0,0,0,0,0,0,0,0,0,0,0,231,17620,0,0,0,0
32039.773,16502,60,0,0,0,0,0,8,786,5,45,0,0,0,0,0,0,0,0,0,0,0,0,0,0,0,0,0,0,0,0,0,0,226,16459,0,0,0,0
32056.495,16721,59,0,0,0,0,0,8,813,5,45,0,0,0,0,0,0,0,0,0,0,0,0,0,0,0,0,0,0,0,0,0,0,238,16660,0,0,0,0
32072.454,15958,62,0,0,0,0,0,8,726,5,45,0,0,0,0,0,0,0,0,0,0,0,0,0,0,0,0,0,0,0,0,0,0,227,16580,0,0,0,0
32089.850,17396,57,0,0,0,0,0,8,766,5,45,0,0,0,0,0,0,0,0,0,0,0,0,0,0,0,0,0,0,0,0,0,0,234,16765,0,0,0,0
32106.409,16558,60,0,0,0,0,0,8,810,5,45,0,0,0,0,0,0,0,0,0,0,0,0,0,0,0,0,0,0,0,0,0,0,234,16656,0,0,0,0
32124.278,17869,55,0,0,0,0,0,8,807,5,45,0,0,0,0,0,0,0,0,0,0,0,0,0,0,0,0,0,0,0,0,0,0,230,17350,0,0,0,0
32139.438,15160,65,0,0,0,0,0,8,725,5,45,0,0,0,0,0,0,0,0,0,0,0,0,0,0,0,0,0,0,0,0,0,0,217,17045,0,0,0,0
32156.512,17074,58,0,0,0,0,0,8,767,5,45,0,0,0,0,0,0,0,0,0,0,0,0,0,0,0,0,0,0,0,0,0,0,203,15116,0,0,0,0
32173.078,16566,60,0,0,0,0,0,8,807,5,45,0,0,0,0,0,0,0,0,0,0,0,0,0,0,0,0,0,0,0,0,0,0,227,17128,0,0,0,0
32189.859,16780,59,0,0,0,0,0,8,721,5,45,0,0,0,0,0,0,0,0,0,0,0,0,0,0,0,0,0,0,0,0,0,0,234,16695,0,0,0,0
32206.785,16925,59,0,0,0,0,0,8,807,5,45,0,0,0,0,0,0,0,0,0,0,0,0,0,0,0,0,0,0,0,0,0,0,229,16552,0,0,0,0
32223.264,16479,60,0,0,0,0,0,8,752,5,45,0,0,0,0,0,0,0,0,0,0,0,0,0,0,0,0,0,0,0,0,0,0,206,16959,0,0,0,0
32239.772,16508,60,0,0,0,0,0,8,740,5,45,0,0,0,0,0,0,0,0,0,0,0,0,0,0,0,0,0,0,0,0,0,0,229,16580,0,0,0,0
32256.774,17001,58,0,0,0,0,0,8,807,5,45,0,0,0,0,0,0,0,0,0,0,0,0,0,0,0,0,0,0,0,0,0,0,229,16530,0,0,0,0
32273.262,16488,60,0,0,0,0,0,8,807,5,45,0,0,0,0,0,0,0,0,0,0,0,0,0,0,0,0,0,0,0,0,0,0,223,16991,0,0,0,0
32290.265,17002,58,0,0,0,0,0,8,734,5,45,0,0,0,0,0,0,0,0,0,0,0,0,0,0,0,0,0,0,0,0,0,0,239,16455,0,0,0,0
32306.482,16217,61,0,0,0,0,0,8,755,5,45,0,0,0,0,0,0,0,0,0,0,0,0,0,0,0,0,0,0,0,0,0,0,240,17457,0,0,0,0
32323.301,16818,59,0,0,0,0,0,8,759,5,45,0,0,0,0,0,0,0,0,0,0,0,0,0,0,0,0,0,0,0,0,0,0,222,15765,0,0,0,0
32339.995,16693,59,0,0,0,0,0,8,778,5,45,0,0,0,0,0,0,0,0,0,0,0,0,0,0,0,0,0,0,0,0,0,0,247,16875,0,0,0,0
32356.768,16773,59,0,0,0,0,0,8,807,5,45,0,0,0,0,0,0,0,0,0,0,0,0,0,0,0,0,0,0,0,0,0,0,268,16692,0,0,0,0
32373.321,16552,60,0,0,0,0,0,8,758,5,45,0,0,0,0,0,0,0,0,0,0,0,0,0,0,0,0,0,0,0,0,0,0,225,16697,0,0,0,0
32390.431,17110,58,0,0,0,0,0,8,733,5,45,0,0,0,0,0,0,0,0,0,0,0,0,0,0,0,0,0,0,0,0,0,0,227,16532,0,0,0,0
32406.305,15873,62,0,0,0,0,0,8,808,5,45,0,0,0,0,0,0,0,0,0,0,0,0,0,0,0,0,0,0,0,0,0,0,225,17113,0,0,0,0
32423.264,16959,58,0,0,0,0,0,8,802,5,45,0,0,0,0,0,0,0,0,0,0,0,0,0,0,0,0,0,0,0,0,0,0,211,15725,0,0,0,0
32440.262,16997,58,0,0,0,0,0,8,729,5,45,0,0,0,0,0,0,0,0,0,0,0,0,0,0,0,0,0,0,0,0,0,0,230,17044,0,0,0,0
32456.494,16232,61,0,0,0,0,0,8,799,5,45,0,0,0,0,0,0,0,0,0,0,0,0,0,0,0,0,0,0,0,0,0,0,230,18024,0,0,0,0
32473.399,16904,59,0,0,0,0,0,8,719,5,45,0,0,0,0,0,0,0,0,0,0,0,0,0,0,0,0,0,0,0,0,0,0,205,15085,0,0,0,0
32489.783,16384,61,0,0,0,0,0,8,797,5,45,0,0,0,0,0,0,0,0,0,0,0,0,0,0,0,0,0,0,0,0,0,0,221,18339,0,0,0,0
32506.398,16614,60,0,0,0,0,0,8,828,5,45,0,0,0,0,0,0,0,0,0,0,0,0,0,0,0,0,0,0,0,0,0,0,214,15215,0,0,0,0
32523.430,17032,58,0,0,0,0,0,8,844,5,45,0,0,0,0,0,0,0,0,0,0,0,0,0,0,0,0,0,0,0,0,0,0,212,16594,0,0,0,0
32539.934,16504,60,0,0,0,0,0,8,756,5,45,0,0,0,0,0,0,0,0,0,0,0,0,0,0,0,0,0,0,0,0,0,0,240,17343,0,0,0,0
32556.785,16850,59,0,0,0,0,0,8,244,5,45,0,0,0,0,0,0,0,0,0,0,0,0,0,0,0,0,0,0,0,0,0,0,0,0,0,0,0,0
32764.811,208026,4,0,0,0,0,0,8,348778,18,49,0,0,0,0,0,0,0,0,0,0,0,0,0,0,0,0,0,0,0,0,0,0,115869,239014,0,0,0,0
32774.348,9536,104,0,0,0,0,0,8,7895,5,50,0,0,0,0,0,0,0,0,0,0,0,0,0,0,0,0,0,0,0,0,0,0,69,2021,0,0,0,0
32790.772,16423,60,0,0,0,0,0,8,10718,5,50,0,0,0,0,0,0,0,0,0,0,0,0,0,0,0,0,0,0,0,0,0,0,0,0,0,0,0,0
32807.611,16839,59,0,0,0,0,0,8,6550,5,50,0,0,0,0,0,0,0,0,0,0,0,0,0,0,0,0,0,0,0,0,0,0,287,25545,0,0,0,0
32824.800,17189,58,0,0,0,0,0,8,7150,5,50,0,0,0,0,0,0,0,0,0,0,0,0,0,0,0,0,0,0,0,0,0,0,233,16402,0,0,0,0
32840.918,16117,62,0,0,0,0,0,8,43416,5,50,0,0,0,0,0,0,0,0,0,0,0,0,0,0,0,0,0,0,0,0,0,0,216,17620,0,0,0,0
32857.810,16892,59,0,0,0,0,0,8,47835,5,50,0,0,0,0,0,0,0,0,0,0,0,0,0,0,0,0,0,0,0,0,0,0,205,16123,0,0,0,0
32874.396,16586,60,0,0,0,0,0,8,46641,5,50,0,0,0,0,0,0,0,0,0,0,0,0,0,0,0,0,0,0,0,0,0,0,227,17424,0,0,0,0
32891.001,16604,60,0,0,0,0,0,8,50986,5,50,0,0,0,0,0,0,0,0,0,0,0,0,0,0,0,0,0,0,0,0,0,0,183,15529,0,0,0,0
32907.698,16696,59,0,0,0,0,0,8,9028,5,50,0,0,0,0,0,0,0,0,0,0,0,0,0,0,0,0,0,0,0,0,0,0,210,16603,0,0,0,0
32924.422,16724,59,0,0,0,0,0,8,174,5,50,0,0,0,0,0,0,0,0,0,0,0,0,0,0,0,0,0,0,0,0,0,0,222,17230,0,0,0,0
32940.286,15864,63,0,0,0,0,0,8,204,5,50,0,0,0,0,0,0,0,0,0,0,0,0,0,0,0,0,0,0,0,0,0,0,198,16541,0,0,0,0
32957.419,17132,58,0,0,0,0,0,8,32611,5,50,0,0,0,0,0,0,0,0,0,0,0,0,0,0,0,0,0,0,0,0,0,0,202,16040,0,0,0,0
32974.456,17036,58,0,0,0,0,0,8,19184,5,50,0,0,0,0,0,0,0,0,0,0,0,0,0,0,0,0,0,0,0,0,0,0,230,17657,0,0,0,0
32990.287,15831,63,0,0,0,0,0,8,13270,5,50,0,0,0,0,0,0,0,0,0,0,0,0,0,0,0,0,0,0,0,0,0,0,198,17053,0,0,0,0
33007.764,17476,57,0,0,0,0,0,8,62693,5,50,0,0,0,0,0,0,0,0,0,0,0,0,0,0,0,0,0,0,0,0,0,0,203,15295,0,0,0,0
33024.476,16712,59,0,0,0,0,0,8,62915,5,50,0,0,0,0,0,0,0,0,0,0,0,0,0,0,0,0,0,0,0,0,0,0,238,17535,0,0,0,0
33040.446,15970,62,0,0,0,0,0,8,67544,5,50,0,0,0,0,0,0,0,0,0,0,0,0,0,0,0,0,0,0,0,0,0,0,222,16163,0,0,0,0
33057.397,16950,58,0,0,0,0,0,8,10031,5,50,0,0,0,0,0,0,0,0,0,0,0,0,0,0,0,0,0,0,0,0,0,0,187,15910,0,0,0,0
33074.263,16866,59,0,0,0,0,0,8,19578,5,50,0,0,0,0,0,0,0,0,0,0,0,0,0,0,0,0,0,0,0,0,0,0,204,17489,0,0,0,0
33090.423,16159,61,0,0,0,0,0,8,61291,5,50,0,0,0,0,0,0,0,0,0,0,0,0,0,0,0,0,0,0,0,0,0,0,196,16846,0,0,0,0
33107.643,17219,58,0,0,0,0,0,8,59896,5,50,0,0,0,0,0,0,0,0,0,0,0,0,0,0,0,0,0,0,0,0,0,0,194,16171,0,0,0,0
33124.419,16776,59,0,0,0,0,0,8,67256,5,50,0,0,0,0,0,0,0,0,0,0,0,0,0,0,0,0,0,0,0,0,0,0,211,17237,0,0,0,0
33141.254,16835,59,0,0,0,0,0,8,85009,5,50,0,0,0,0,0,0,0,0,0,0,0,0,0,0,0,0,0,0,0,0,0,0,184,16767,0,0,0,0
33157.771,16516,60,0,0,0,0,0,8,615,5,51,0,0,0,0,0,0,0,0,0,0,0,0,0,0,0,0,0,0,0,0,0,0,193,16837,0,0,0,0
33174.541,16769,59,0,0,0,0,0,8,11351,5,51,0,0,0,0,0,0,0,0,0,0,0,0,0,0,0,0,0,0,0,0,0,0,213,17051,0,0,0,0
33191.034,16493,60,0,0,0,0,0,8,229,5,51,0,0,0,0,0,0,0,0,0,0,0,0,0,0,0,0,0,0,0,0,0,0,199,16238,0,0,0,0
33208.252,17217,58,0,0,0,0,0,8,529,5,51,0,0,0,0,0,0,0,0,0,0,0,0,0,0,0,0,0,0,0,0,0,0,200,16990,0,0,0,0
33224.418,16166,61,0,0,0,0,0,8,178,5,51,0,0,0,0,0,0,0,0,0,0,0,0,0,0,0,0,0,0,0,0,0,0,224,16801,0,0,0,0
33240.988,16570,60,0,0,0,0,0,8,696,5,51,0,0,0,0,0,0,0,0,0,0,0,0,0,0,0,0,0,0,0,0,0,0,233,15606,0,0,0,0
33257.327,16338,61,0,0,0,0,0,8,704,5,51,0,0,0,0,0,0,0,0,0,0,0,0,0,0,0,0,0,0,0,0,0,0,224,17062,0,0,0,0
33274.437,17097,58,0,0,0,0,0,8,719,5,51,0,0,0,0,0,0,0,0,0,0,0,0,0,0,0,0,0,0,0,0,0,0,202,16317,0,0,0,0
33290.800,16376,61,0,0,0,0,0,8,256,5,51,0,0,0,0,0,0,0,0,0,0,0,0,0,0,0,0,0,0,0,0,0,0,201,17103,0,0,0,0
33307.028,16228,61,0,0,0,0,0,8,245,5,51,0,0,0,0,0,0,0,0,0,0,0,0,0,0,0,0,0,0,0,0,0,0,211,16883,0,0,0,0
33324.498,17469,57,0,0,0,0,0,8,440,5,51,0,0,0,0,0,0,0,0,0,0,0,0,0,0,0,0,0,0,0,0,0,0,183,15711,0,0,0,0
33340.873,16375,61,0,0,0,0,0,8,878,5,51,0,0,0,0,0,0,0,0,0,0,0,0,0,0,0,0,0,0,0,0,0,0,206,16988,0,0,0,0
33357.779,16905,59,0,0,0,0,0,8,940,5,51,0,0,0,0,0,0,0,0,0,0,0,0,0,0,0,0,0,0,0,0,0,0,203,17368,0,0,0,0
33374.523,16743,59,0,0,0,0,0,8,189,5,51,0,0,0,0,0,0,0,0,0,0,0,0,0,0,0,0,0,0,0,0,0,0,184,15875,0,0,0,0
33391.061,16538,60,0,0,0,0,0,8,245,5,51,0,0,0,0,0,0,0,0,0,0,0,0,0,0,0,0,0,0,0,0,0,0,196,17266,0,0,0,0
33407.784,16723,59,0,0,0,0,0,8,402,5,51,0,0,0,0,0,0,0,0,0,0,0,0,0,0,0,0,0,0,0,0,0,0,210,16020,0,0,0,0
33424.420,16636,60,0,0,0,0,0,8,225,5,51,0,0,0,0,0,0,0,0,0,0,0,0,0,0,0,0,0,0,0,0,0,0,201,17749,0,0,0,0
33440.956,16535,60,0,0,0,0,0,8,15055,5,51,0,0,0,0,0,0,0,0,0,0,0,0,0,0,0,0,0,0,0,0,0,0,228,16220,0,0,0,0
33457.830,16873,59,0,0,0,0,0,8,7109,5,51,0,0,0,0,0,0,0,0,0,0,0,0,0,0,0,0,0,0,0,0,0,0,186,16975,0,0,0,0
33474.346,16516,60,0,0,0,0,0,8,853,5,51,0,0,0,0,0,0,0,0,0,0,0,0,0,0,0,0,0,0,0,0,0,0,198,15841,0,0,0,0
33542.367,68021,14,0,0,0,0,0,8,54211,50,53,0,0,0,0,0,0,0,0,0,0,0,0,0,0,0,0,0,0,0,0,0,0,441023,83308,0,0,0,0
33557.447,15079,66,0,0,0,0,0,8,33582,44,53,0,0,0,0,0,0,0,0,0,0,0,0,0,0,0,0,0,0,0,0,0,0,283,8517,0,0,0,0
33850.834,293386,3,0,0,0,0,0,8,40545,77,53,0,0,0,0,0,0,0,0,0,0,0,0,0,0,0,0,0,0,0,0,0,0,524,300058,0,0,0,0
33865.756,14921,67,0,0,0,0,0,8,33948,44,53,0,0,0,0,0,0,0,0,0,0,0,0,0,0,0,0,0,0,0,0,0,0,257,6934,0,0,0,0
33884.913,19158,52,0,0,0,0,0,8,34472,44,53,0,0,0,0,0,0,0,0,0,0,0,0,0,0,0,0,0,0,0,0,0,0,255,27147,0,0,0,0
33899.520,14606,68,0,0,0,0,0,8,34007,44,53,0,0,0,0,0,0,0,0,0,0,0,0,0,0,0,0,0,0,0,0,0,0,291,13675,0,0,0,0
33916.251,16730,59,0,0,0,0,0,8,42232,44,53,0,0,0,0,0,0,0,0,0,0,0,0,0,0,0,0,0,0,0,0,0,0,280,10180,0,0,0,0
33932.859,16607,60,0,0,0,0,0,8,59431,44,53,0,0,0,0,0,0,0,0,0,0,0,0,0,0,0,0,0,0,0,0,0,0,552,22789,0,0,0,0
33949.398,16528,60,0,0,0,0,0,8,34068,44,53,0,0,0,0,0,0,0,0,0,0,0,0,0,0,0,0,0,0,0,0,0,0,325,12700,0,0,0,0
33966.073,16685,59,0,0,0,0,0,8,34101,44,53,0,0,0,0,0,0,0,0,0,0,0,0,0,0,0,0,0,0,0,0,0,0,342,12378,0,0,0,0
33982.761,16687,59,0,0,0,0,0,8,34047,44,53,0,0,0,0,0,0,0,0,0,0,0,0,0,0,0,0,0,0,0,0,0,0,374,16630,0,0,0,0
33999.388,16627,60,0,0,0,0,0,8,34132,44,53,0,0,0,0,0,0,0,0,0,0,0,0,0,0,0,0,0,0,0,0,0,0,366,16772,0,0,0,0
34016.252,16863,59,0,0,0,0,0,8,34140,44,53,0,0,0,0,0,0,0,0,0,0,0,0,0,0,0,0,0,0,0,0,0,0,360,17232,0,0,0,0
34032.695,16443,60,0,0,0,0,0,8,34201,44,53,0,0,0,0,0,0,0,0,0,0,0,0,0,0,0,0,0,0,0,0,0,0,348,15831,0,0,0,0
34049.449,16753,59,0,0,0,0,0,8,34190,44,53,0,0,0,0,0,0,0,0,0,0,0,0,0,0,0,0,0,0,0,0,0,0,363,16852,0,0,0,0
34066.132,16683,59,0,0,0,0,0,8,34082,44,53,0,0,0,0,0,0,0,0,0,0,0,0,0,0,0,0,0,0,0,0,0,0,346,16743,0,0,0,0
34082.760,16627,60,0,0,0,0,0,8,34027,44,53,0,0,0,0,0,0,0,0,0,0,0,0,0,0,0,0,0,0,0,0,0,0,356,16534,0,0,0,0
34099.257,16496,60,0,0,0,0,0,8,32574,44,53,0,0,0,0,0,0,0,0,0,0,0,0,0,0,0,0,0,0,0,0,0,0,379,17591,0,0,0,0
34117.254,17997,55,0,0,0,0,0,8,32424,44,53,0,0,0,0,0,0,0,0,0,0,0,0,0,0,0,0,0,0,0,0,0,0,368,16050,0,0,0,0
34132.253,14999,66,0,0,0,0,0,8,32459,44,53,0,0,0,0,0,0,0,0,0,0,0,0,0,0,0,0,0,0,0,0,0,0,354,17633,0,0,0,0
34149.082,16829,59,0,0,0,0,0,8,32425,44,53,0,0,0,0,0,0,0,0,0,0,0,0,0,0,0,0,0,0,0,0,0,0,362,14587,0,0,0,0
34166.059,16976,58,0,0,0,0,0,8,32588,44,53,0,0,0,0,0,0,0,0,0,0,0,0,0,0,0,0,0,0,0,0,0,0,359,17187,0,0,0,0
34182.593,16534,60,0,0,0,0,0,8,32135,44,53,0,0,0,0,0,0,0,0,0,0,0,0,0,0,0,0,0,0,0,0,0,0,354,17130,0,0,0,0
34199.767,17173,58,0,0,0,0,0,8,32272,44,53,0,0,0,0,0,0,0,0,0,0,0,0,0,0,0,0,0,0,0,0,0,0,370,16285,0,0,0,0
34215.848,16080,62,0,0,0,0,0,8,32300,44,53,0,0,0,0,0,0,0,0,0,0,0,0,0,0,0,0,0,0,0,0,0,0,364,17710,0,0,0,0
34232.507,16659,60,0,0,0,0,0,8,32172,44,53,0,0,0,0,0,0,0,0,0,0,0,0,0,0,0,0,0,0,0,0,0,0,374,15628,0,0,0,0
34249.300,16792,59,0,0,0,0,0,8,34000,44,53,0,0,0,0,0,0,0,0,0,0,0,0,0,0,0,0,0,0,0,0,0,0,347,15686,0,0,0,0
34265.600,16300,61,0,0,0,0,0,8,34039,44,53,0,0,0,0,0,0,0,0,0,0,0,0,0,0,0,0,0,0,0,0,0,0,368,18424,0,0,0,0
34282.533,16933,59,0,0,0,0,0,8,33998,44,53,0,0,0,0,0,0,0,0,0,0,0,0,0,0,0,0,0,0,0,0,0,0,351,15135,0,0,0,0
34299.383,16849,59,0,0,0,0,0,8,33985,44,53,0,0,0,0,0,0,0,0,0,0,0,0,0,0,0,0,0,0,0,0,0,0,380,17312,0,0,0,0
34315.826,16443,60,0,0,0,0,0,8,34103,44,53,0,0,0,0,0,0,0,0,0,0,0,0,0,0,0,0,0,0,0,0,0,0,368,17171,0,0,0,0
34332.719,16892,59,0,0,0,0,0,8,33947,44,53,0,0,0,0,0,0,0,0,0,0,0,0,0,0,0,0,0,0,0,0,0,0,351,16309,0,0,0,0
34349.333,16614,60,0,0,0,0,0,8,34040,44,53,0,0,0,0,0,0,0,0,0,0,0,0,0,0,0,0,0,0,0,0,0,0,348,16497,0,0,0,0
34366.247,16913,59,0,0,0,0,0,8,34042,44,53,0,0,0,0,0,0,0,0,0,0,0,0,0,0,0,0,0,0,0,0,0,0,378,16616,0,0,0,0
34382.613,16366,61,0,0,0,0,0,8,34141,44,53,0,0,0,0,0,0,0,0,0,0,0,0,0,0,0,0,0,0,0,0,0,0,343,17466,0,0,0,0
34399.766,17152,58,0,0,0,0,0,8,34153,44,53,0,0,0,0,0,0,0,0,0,0,0,0,0,0,0,0,0,0,0,0,0,0,351,15630,0,0,0,0
34415.779,16013,62,0,0,0,0,0,8,34093,44,53,0,0,0,0,0,0,0,0,0,0,0,0,0,0,0,0,0,0,0,0,0,0,374,17930,0,0,0,0
34432.390,16610,60,0,0,0,0,0,8,34084,44,53,0,0,0,0,0,0,0,0,0,0,0,0,0,0,0,0,0,0,0,0,0,0,348,15509,0,0,0,0
34449.461,17070,58,0,0,0,0,0,8,34187,44,53,0,0,0,0,0,0,0,0,0,0,0,0,0,0,0,0,0,0,0,0,0,0,387,17106,0,0,0,0
34466.260,16798,59,0,0,0,0,0,8,34024,44,53,0,0,0,0,0,0,0,0,0,0,0,0,0,0,0,0,0,0,0,0,0,0,356,16369,0,0,0,0
34483.243,16984,58,0,0,0,0,0,8,34145,44,53,0,0,0,0,0,0,0,0,0,0,0,0,0,0,0,0,0,0,0,0,0,0,373,18124,0,0,0,0
34499.796,16552,60,0,0,0,0,0,8,34077,44,53,0,0,0,0,0,0,0,0,0,0,0,0,0,0,0,0,0,0,0,0,0,0,377,16284,0,0,0,0
34516.239,16443,60,0,0,0,0,0,8,32277,44,53,0,0,0,0,0,0,0,0,0,0,0,0,0,0,0,0,0,0,0,0,0,0,341,16061,0,0,0,0
34532.546,16307,61,0,0,0,0,0,8,32249,44,53,0,0,0,0,0,0,0,0,0,0,0,0,0,0,0,0,0,0,0,0,0,0,361,16797,0,0,0,0
34549.483,16937,59,0,0,0,0,0,8,32245,44,53,0,0,0,0,0,0,0,0,0,0,0,0,0,0,0,0,0,0,0,0,0,0,363,16057,0,0,0,0
34566.242,16758,59,0,0,0,0,0,8,32178,44,53,0,0,0,0,0,0,0,0,0,0,0,0,0,0,0,0,0,0,0,0,0,0,387,17031,0,0,0,0
34582.913,16671,59,0,0,0,0,0,8,32213,44,53,0,0,0,0,0,0,0,0,0,0,0,0,0,0,0,0,0,0,0,0,0,0,338,16223,0,0,0,0
34599.782,16868,59,0,0,0,0,0,8,32335,44,53,0,0,0,0,0,0,0,0,0,0,0,0,0,0,0,0,0,0,0,0,0,0,365,17145,0,0,0,0
34615.823,16041,62,0,0,0,0,0,8,32253,44,53,0,0,0,0,0,0,0,0,0,0,0,0,0,0,0,0,0,0,0,0,0,0,382,16746,0,0,0,0
34633.272,17448,57,0,0,0,0,0,8,32215,44,53,0,0,0,0,0,0,0,0,0,0,0,0,0,0,0,0,0,0,0,0,0,0,350,16307,0,0,0,0
34649.480,16208,61,0,0,0,0,0,8,32385,44,53,0,0,0,0,0,0,0,0,0,0,0,0,0,0,0,0,0,0,0,0,0,0,361,17330,0,0,0,0
34665.811,16330,61,0,0,0,0,0,8,32308,44,53,0,0,0,0,0,0,0,0,0,0,0,0,0,0,0,0,0,0,0,0,0,0,377,16506,0,0,0,0
34682.444,16632,60,0,0,0,0,0,8,32214,44,53,0,0,0,0,0,0,0,0,0,0,0,0,0,0,0,0,0,0,0,0,0,0,355,16399,0,0,0,0
34699.435,16991,58,0,0,0,0,0,8,32256,44,53,0,0,0,0,0,0,0,0,0,0,0,0,0,0,0,0,0,0,0,0,0,0,360,16257,0,0,0,0
34715.883,16447,60,0,0,0,0,0,8,32329,44,53,0,0,0,0,0,0,0,0,0,0,0,0,0,0,0,0,0,0,0,0,0,0,360,17514,0,0,0,0
34732.480,16597,60,0,0,0,0,0,8,32317,44,53,0,0,0,0,0,0,0,0,0,0,0,0,0,0,0,0,0,0,0,0,0,0,327,16260,0,0,0,0
34749.034,16553,60,0,0,0,0,0,8,32303,44,53,0,0,0,0,0,0,0,0,0,0,0,0,0,0,0,0,0,0,0,0,0,0,378,16016,0,0,0,0
34765.835,16801,59,0,0,0,0,0,8,32303,44,53,0,0,0,0,0,0,0,0,0,0,0,0,0,0,0,0,0,0,0,0,0,0,373,16625,0,0,0,0
34783.239,17403,57,0,0,0,0,0,8,32337,44,53,0,0,0,0,0,0,0,0,0,0,0,0,0,0,0,0,0,0,0,0,0,0,356,16955,0,0,0,0
34799.499,16260,61,0,0,0,0,0,8,32536,44,53,0,0,0,0,0,0,0,0,0,0,0,0,0,0,0,0,0,0,0,0,0,0,392,17539,0,0,0,0
34816.237,16738,59,0,0,0,0,0,8,32364,44,53,0,0,0,0,0,0,0,0,0,0,0,0,0,0,0,0,0,0,0,0,0,0,338,15841,0,0,0,0
34832.472,16234,61,0,0,0,0,0,8,32500,44,53,0,0,0,0,0,0,0,0,0,0,0,0,0,0,0,0,0,0,0,0,0,0,367,17285,0,0,0,0
34849.530,17058,58,0,0,0,0,0,8,32473,44,53,0,0,0,0,0,0,0,0,0,0,0,0,0,0,0,0,0,0,0,0,0,0,345,15709,0,0,0,0
34866.119,16588,60,0,0,0,0,0,8,32450,44,53,0,0,0,0,0,0,0,0,0,0,0,0,0,0,0,0,0,0,0,0,0,0,349,17287,0,0,0,0
34882.590,16471,60,0,0,0,0,0,8,32330,44,53,0,0,0,0,0,0,0,0,0,0,0,0,0,0,0,0,0,0,0,0,0,0,355,16660,0,0,0,0
34899.427,16836,59,0,0,0,0,0,8,32344,44,53,0,0,0,0,0,0,0,0,0,0,0,0,0,0,0,0,0,0,0,0,0,0,354,16289,0,0,0,0
34915.762,16336,61,0,0,0,0,0,8,32344,44,53,0,0,0,0,0,0,0,0,0,0,0,0,0,0,0,0,0,0,0,0,0,0,373,17342,0,0,0,0
34932.785,17022,58,0,0,0,0,0,8,32332,44,53,0,0,0,0,0,0,0,0,0,0,0,0,0,0,0,0,0,0,0,0,0,0,350,15884,0,0,0,0
34949.428,16642,60,0,0,0,0,0,8,32416,44,53,0,0,0,0,0,0,0,0,0,0,0,0,0,0,0,0,0,0,0,0,0,0,356,16942,0,0,0,0
34965.768,16340,61,0,0,0,0,0,8,32334,44,53,0,0,0,0,0,0,0,0,0,0,0,0,0,0,0,0,0,0,0,0,0,0,358,17105,0,0,0,0
34982.251,16483,60,0,0,0,0,0,8,32295,44,53,0,0,0,0,0,0,0,0,0,0,0,0,0,0,0,0,0,0,0,0,0,0,335,15942,0,0,0,0
34999.404,17152,58,0,0,0,0,0,8,32306,44,53,0,0,0,0,0,0,0,0,0,0,0,0,0,0,0,0,0,0,0,0,0,0,363,15635,0,0,0,0
35015.772,16367,61,0,0,0,0,0,8,34044,44,53,0,0,0,0,0,0,0,0,0,0,0,0,0,0,0,0,0,0,0,0,0,0,391,18191,0,0,0,0
35032.539,16767,59,0,0,0,0,0,8,34027,44,53,0,0,0,0,0,0,0,0,0,0,0,0,0,0,0,0,0,0,0,0,0,0,338,15913,0,0,0,0
35049.086,16546,60,0,0,0,0,0,8,34092,44,53,0,0,0,0,0,0,0,0,0,0,0,0,0,0,0,0,0,0,0,0,0,0,387,17028,0,0,0,0
35065.703,16617,60,0,0,0,0,0,8,33977,44,53,0,0,0,0,0,0,0,0,0,0,0,0,0,0,0,0,0,0,0,0,0,0,337,16601,0,0,0,0
35082.067,16364,61,0,0,0,0,0,8,33992,44,53,0,0,0,0,0,0,0,0,0,0,0,0,0,0,0,0,0,0,0,0,0,0,357,16498,0,0,0,0
35099.377,17309,57,0,0,0,0,0,8,34005,44,53,0,0,0,0,0,0,0,0,0,0,0,0,0,0,0,0,0,0,0,0,0,0,335,16763,0,0,0,0
35115.692,16315,61,0,0,0,0,0,8,34118,44,53,0,0,0,0,0,0,0,0,0,0,0,0,0,0,0,0,0,0,0,0,0,0,330,17373,0,0,0,0
35132.489,16797,59,0,0,0,0,0,8,34077,44,53,0,0,0,0,0,0,0,0,0,0,0,0,0,0,0,0,0,0,0,0,0,0,330,15913,0,0,0,0
35149.274,16784,59,0,0,0,0,0,8,34147,44,53,0,0,0,0,0,0,0,0,0,0,0,0,0,0,0,0,0,0,0,0,0,0,353,16969,0,0,0,0
35166.236,16961,58,0,0,0,0,0,8,34164,44,53,0,0,0,0,0,0,0,0,0,0,0,0,0,0,0,0,0,0,0,0,0,0,340,17288,0,0,0,0
35182.380,16144,61,0,0,0,0,0,8,34074,44,53,0,0,0,0,0,0,0,0,0,0,0,0,0,0,0,0,0,0,0,0,0,0,378,16578,0,0,0,0
35199.776,17395,57,0,0,0,0,0,8,34102,44,53,0,0,0,0,0,0,0,0,0,0,0,0,0,0,0,0,0,0,0,0,0,0,366,16397,0,0,0,0
35215.893,16117,62,0,0,0,0,0,8,34358,44,53,0,0,0,0,0,0,0,0,0,0,0,0,0,0,0,0,0,0,0,0,0,0,374,17087,0,0,0,0
35232.378,16484,60,0,0,0,0,0,8,34384,44,53,0,0,0,0,0,0,0,0,0,0,0,0,0,0,0,0,0,0,0,0,0,0,378,16752,0,0,0,0
35249.384,17005,58,0,0,0,0,0,8,34406,44,53,0,0,0,0,0,0,0,0,0,0,0,0,0,0,0,0,0,0,0,0,0,0,345,16025,0,0,0,0
35266.234,16850,59,0,0,0,0,0,8,34343,44,53,0,0,0,0,0,0,0,0,0,0,0,0,0,0,0,0,0,0,0,0,0,0,376,16552,0,0,0,0
35282.787,16553,60,0,0,0,0,0,8,32770,44,53,0,0,0,0,0,0,0,0,0,0,0,0,0,0,0,0,0,0,0,0,0,0,322,17031,0,0,0,0
35299.370,16582,60,0,0,0,0,0,8,32717,44,53,0,0,0,0,0,0,0,0,0,0,0,0,0,0,0,0,0,0,0,0,0,0,372,16803,0,0,0,0
35316.234,16864,59,0,0,0,0,0,8,32647,44,53,0,0,0,0,0,0,0,0,0,0,0,0,0,0,0,0,0,0,0,0,0,0,380,16350,0,0,0,0
35332.755,16520,60,0,0,0,0,0,8,32619,44,53,0,0,0,0,0,0,0,0,0,0,0,0,0,0,0,0,0,0,0,0,0,0,364,15767,0,0,0,0
35349.256,16501,60,0,0,0,0,0,8,32710,44,53,0,0,0,0,0,0,0,0,0,0,0,0,0,0,0,0,0,0,0,0,0,0,362,17892,0,0,0,0
35366.241,16984,58,0,0,0,0,0,8,32623,44,53,0,0,0,0,0,0,0,0,0,0,0,0,0,0,0,0,0,0,0,0,0,0,333,15055,0,0,0,0
35382.562,16321,61,0,0,0,0,0,8,32740,44,53,0,0,0,0,0,0,0,0,0,0,0,0,0,0,0,0,0,0,0,0,0,0,380,17467,0,0,0,0
35399.236,16674,59,0,0,0,0,0,8,32791,44,53,0,0,0,0,0,0,0,0,0,0,0,0,0,0,0,0,0,0,0,0,0,0,386,17397,0,0,0,0
35416.059,16823,59,0,0,0,0,0,8,32617,44,53,0,0,0,0,0,0,0,0,0,0,0,0,0,0,0,0,0,0,0,0,0,0,361,15373,0,0,0,0
35432.386,16327,61,0,0,0,0,0,8,32719,44,53,0,0,0,0,0,0,0,0,0,0,0,0,0,0,0,0,0,0,0,0,0,0,375,17784,0,0,0,0
35449.359,16973,58,0,0,0,0,0,8,32742,44,53,0,0,0,0,0,0,0,0,0,0,0,0,0,0,0,0,0,0,0,0,0,0,384,16497,0,0,0,0
35465.814,16454,60,0,0,0,0,0,8,32728,44,53,0,0,0,0,0,0,0,0,0,0,0,0,0,0,0,0,0,0,0,0,0,0,342,16463,0,0,0,0
35482.362,16548,60,0,0,0,0,0,8,32609,44,53,0,0,0,0,0,0,0,0,0,0,0,0,0,0,0,0,0,0,0,0,0,0,356,17091,0,0,0,0
35500.233,17870,55,0,0,0,0,0,8,34375,44,53,0,0,0,0,0,0,0,0,0,0,0,0,0,0,0,0,0,0,0,0,0,0,349,16282,0,0,0,0
35516.845,16612,60,0,0,0,0,0,8,34370,44,53,0,0,0,0,0,0,0,0,0,0,0,0,0,0,0,0,0,0,0,0,0,0,359,17953,0,0,0,0
35532.828,15982,62,0,0,0,0,0,8,34165,44,53,0,0,0,0,0,0,0,0,0,0,0,0,0,0,0,0,0,0,0,0,0,0,349,16044,0,0,0,0
35548.991,16162,61,0,0,0,0,0,8,34258,44,53,0,0,0,0,0,0,0,0,0,0,0,0,0,0,0,0,0,0,0,0,0,0,339,16735,0,0,0,0
35565.922,16931,59,0,0,0,0,0,8,34294,44,53,0,0,0,0,0,0,0,0,0,0,0,0,0,0,0,0,0,0,0,0,0,0,333,16144,0,0,0,0
35583.234,17311,57,0,0,0,0,0,8,34102,44,53,0,0,0,0,0,0,0,0,0,0,0,0,0,0,0,0,0,0,0,0,0,0,359,17081,0,0,0,0
35599.404,16170,61,0,0,0,0,0,8,34385,44,53,0,0,0,0,0,0,0,0,0,0,0,0,0,0,0,0,0,0,0,0,0,0,390,17426,0,0,0,0
35615.939,16535,60,0,0,0,0,0,8,34310,44,53,0,0,0,0,0,0,0,0,0,0,0,0,0,0,0,0,0,0,0,0,0,0,356,15203,0,0,0,0
35632.788,16848,59,0,0,0,0,0,8,34134,44,53,0,0,0,0,0,0,0,0,0,0,0,0,0,0,0,0,0,0,0,0,0,0,348,16578,0,0,0,0
35649.249,16461,60,0,0,0,0,0,8,34250,44,53,0,0,0,0,0,0,0,0,0,0,0,0,0,0,0,0,0,0,0,0,0,0,363,16967,0,0,0,0
35666.233,16984,58,0,0,0,0,0,8,34150,44,53,0,0,0,0,0,0,0,0,0,0,0,0,0,0,0,0,0,0,0,0,0,0,307,15988,0,0,0,0
35682.452,16219,61,0,0,0,0,0,8,34357,44,53,0,0,0,0,0,0,0,0,0,0,0,0,0,0,0,0,0,0,0,0,0,0,344,17023,0,0,0,0
35699.231,16779,59,0,0,0,0,0,8,34260,44,53,0,0,0,0,0,0,0,0,0,0,0,0,0,0,0,0,0,0,0,0,0,0,382,16745,0,0,0,0
35715.767,16535,60,0,0,0,0,0,8,34171,44,53,0,0,0,0,0,0,0,0,0,0,0,0,0,0,0,0,0,0,0,0,0,0,357,16257,0,0,0,0
35732.688,16920,59,0,0,0,0,0,8,34250,44,53,0,0,0,0,0,0,0,0,0,0,0,0,0,0,0,0,0,0,0,0,0,0,365,17170,0,0,0,0
35749.400,16711,59,0,0,0,0,0,8,34242,44,53,0,0,0,0,0,0,0,0,0,0,0,0,0,0,0,0,0,0,0,0,0,0,377,17480,0,0,0,0
35765.759,16358,61,0,0,0,0,0,8,32436,44,53,0,0,0,0,0,0,0,0,0,0,0,0,0,0,0,0,0,0,0,0,0,0,383,16094,0,0,0,0
35782.641,16882,59,0,0,0,0,0,8,32492,44,53,0,0,0,0,0,0,0,0,0,0,0,0,0,0,0,0,0,0,0,0,0,0,351,16443,0,0,0,0
35799.235,16594,60,0,0,0,0,0,8,32607,44,53,0,0,0,0,0,0,0,0,0,0,0,0,0,0,0,0,0,0,0,0,0,0,377,17280,0,0,0,0
35815.927,16691,59,0,0,0,0,0,8,32548,44,53,0,0,0,0,0,0,0,0,0,0,0,0,0,0,0,0,0,0,0,0,0,0,372,16521,0,0,0,0
35832.462,16534,60,0,0,0,0,0,8,32401,44,53,0,0,0,0,0,0,0,0,0,0,0,0,0,0,0,0,0,0,0,0,0,0,349,16147,0,0,0,0
35849.374,16912,59,0,0,0,0,0,8,32495,44,53,0,0,0,0,0,0,0,0,0,0,0,0,0,0,0,0,0,0,0,0,0,0,336,16361,0,0,0,0
35865.759,16385,61,0,0,0,0,0,8,32520,44,53,0,0,0,0,0,0,0,0,0,0,0,0,0,0,0,0,0,0,0,0,0,0,359,17938,0,0,0,0
35882.744,16984,58,0,0,0,0,0,8,32503,44,53,0,0,0,0,0,0,0,0,0,0,0,0,0,0,0,0,0,0,0,0,0,0,341,15564,0,0,0,0
35899.295,16550,60,0,0,0,0,0,8,32578,44,53,0,0,0,0,0,0,0,0,0,0,0,0,0,0,0,0,0,0,0,0,0,0,343,17514,0,0,0,0
35916.229,16934,59,0,0,0,0,0,8,32478,44,53,0,0,0,0,0,0,0,0,0,0,0,0,0,0,0,0,0,0,0,0,0,0,374,16288,0,0,0,0
35932.819,16590,60,0,0,0,0,0,8,32454,44,53,0,0,0,0,0,0,0,0,0,0,0,0,0,0,0,0,0,0,0,0,0,0,347,17114,0,0,0,0
35949.230,16410,60,0,0,0,0,0,8,32459,44,53,0,0,0,0,0,0,0,0,0,0,0,0,0,0,0,0,0,0,0,0,0,0,350,16102,0,0,0,0
35966.230,17000,58,0,0,0,0,0,8,32409,44,53,0,0,0,0,0,0,0,0,0,0,0,0,0,0,0,0,0,0,0,0,0,0,392,16781,0,0,0,0
35982.746,16516,60,0,0,0,0,0,8,32401,44,53,0,0,0,0,0,0,0,0,0,0,0,0,0,0,0,0,0,0,0,0,0,0,370,16002,0,0,0,0
35998.975,16228,61,0,0,0,0,0,8,32609,44,53,0,0,0,0,0,0,0,0,0,0,0,0,0,0,0,0,0,0,0,0,0,0,352,17860,0,0,0,0
36015.783,16808,59,0,0,0,0,0,8,32412,44,53,0,0,0,0,0,0,0,0,0,0,0,0,0,0,0,0,0,0,0,0,0,0,368,15609,0,0,0,0
36032.426,16642,60,0,0,0,0,0,8,32493,44,53,0,0,0,0,0,0,0,0,0,0,0,0,0,0,0,0,0,0,0,0,0,0,338,16748,0,0,0,0
36049.377,16951,58,0,0,0,0,0,8,32479,44,53,0,0,0,0,0,0,0,0,0,0,0,0,0,0,0,0,0,0,0,0,0,0,365,16571,0,0,0,0
36065.761,16383,61,0,0,0,0,0,8,32324,44,53,0,0,0,0,0,0,0,0,0,0,0,0,0,0,0,0,0,0,0,0,0,0,366,17026,0,0,0,0
36083.236,17475,57,0,0,0,0,0,8,32428,44,53,0,0,0,0,0,0,0,0,0,0,0,0,0,0,0,0,0,0,0,0,0,0,355,16349,0,0,0,0
36098.692,15455,64,0,0,0,0,0,8,32623,44,53,0,0,0,0,0,0,0,0,0,0,0,0,0,0,0,0,0,0,0,0,0,0,371,17266,0,0,0,0
36115.738,17045,58,0,0,0,0,0,8,32505,44,53,0,0,0,0,0,0,0,0,0,0,0,0,0,0,0,0,0,0,0,0,0,0,357,15613,0,0,0,0
36132.456,16718,59,0,0,0,0,0,8,32461,44,53,0,0,0,0,0,0,0,0,0,0,0,0,0,0,0,0,0,0,0,0,0,0,367,17635,0,0,0,0
36149.094,16638,60,0,0,0,0,0,8,32464,44,53,0,0,0,0,0,0,0,0,0,0,0,0,0,0,0,0,0,0,0,0,0,0,367,16222,0,0,0,0
36166.240,17145,58,0,0,0,0,0,8,32541,44,53,0,0,0,0,0,0,0,0,0,0,0,0,0,0,0,0,0,0,0,0,0,0,344,17144,0,0,0,0
36182.623,16382,61,0,0,0,0,0,8,32488,44,53,0,0,0,0,0,0,0,0,0,0,0,0,0,0,0,0,0,0,0,0,0,0,348,15805,0,0,0,0
36199.370,16747,59,0,0,0,0,0,8,32591,44,53,0,0,0,0,0,0,0,0,0,0,0,0,0,0,0,0,0,0,0,0,0,0,384,17144,0,0,0,0
36215.964,16593,60,0,0,0,0,0,8,32355,44,53,0,0,0,0,0,0,0,0,0,0,0,0,0,0,0,0,0,0,0,0,0,0,390,17244,0,0,0,0
36232.569,16605,60,0,0,0,0,0,8,32231,44,53,0,0,0,0,0,0,0,0,0,0,0,0,0,0,0,0,0,0,0,0,0,0,340,16218,0,0,0,0
36249.234,16665,60,0,0,0,0,0,8,32312,44,53,0,0,0,0,0,0,0,0,0,0,0,0,0,0,0,0,0,0,0,0,0,0,363,17239,0,0,0,0
36266.225,16990,58,0,0,0,0,0,8,32403,44,53,0,0,0,0,0,0,0,0,0,0,0,0,0,0,0,0,0,0,0,0,0,0,361,16789,0,0,0,0
36282.739,16514,60,0,0,0,0,0,8,32295,44,53,0,0,0,0,0,0,0,0,0,0,0,0,0,0,0,0,0,0,0,0,0,0,362,16896,0,0,0,0
36299.371,16631,60,0,0,0,0,0,8,32238,44,53,0,0,0,0,0,0,0,0,0,0,0,0,0,0,0,0,0,0,0,0,0,0,353,16077,0,0,0,0
36315.920,16548,60,0,0,0,0,0,8,32435,44,53,0,0,0,0,0,0,0,0,0,0,0,0,0,0,0,0,0,0,0,0,0,0,386,17086,0,0,0,0
36332.886,16966,58,0,0,0,0,0,8,32190,44,53,0,0,0,0,0,0,0,0,0,0,0,0,0,0,0,0,0,0,0,0,0,0,365,16102,0,0,0,0
36349.325,16438,60,0,0,0,0,0,8,32284,44,53,0,0,0,0,0,0,0,0,0,0,0,0,0,0,0,0,0,0,0,0,0,0,375,16657,0,0,0,0
36366.225,16900,59,0,0,0,0,0,8,33943,44,53,0,0,0,0,0,0,0,0,0,0,0,0,0,0,0,0,0,0,0,0,0,0,351,16317,0,0,0,0
36382.506,16280,61,0,0,0,0,0,8,34061,44,53,0,0,0,0,0,0,0,0,0,0,0,0,0,0,0,0,0,0,0,0,0,0,352,17216,0,0,0,0
36398.822,16315,61,0,0,0,0,0,8,33983,44,53,0,0,0,0,0,0,0,0,0,0,0,0,0,0,0,0,0,0,0,0,0,0,346,15860,0,0,0,0
36415.811,16988,58,0,0,0,0,0,8,34007,44,53,0,0,0,0,0,0,0,0,0,0,0,0,0,0,0,0,0,0,0,0,0,0,384,16901,0,0,0,0
36432.560,16749,59,0,0,0,0,0,8,33944,44,53,0,0,0,0,0,0,0,0,0,0,0,0,0,0,0,0,0,0,0,0,0,0,347,17020,0,0,0,0
36449.476,16915,59,0,0,0,0,0,8,34055,44,53,0,0,0,0,0,0,0,0,0,0,0,0,0,0,0,0,0,0,0,0,0,0,363,16287,0,0,0,0
36466.029,16553,60,0,0,0,0,0,8,33944,44,53,0,0,0,0,0,0,0,0,0,0,0,0,0,0,0,0,0,0,0,0,0,0,356,16878,0,0,0,0
36482.497,16468,60,0,0,0,0,0,8,34013,44,53,0,0,0,0,0,0,0,0,0,0,0,0,0,0,0,0,0,0,0,0,0,0,346,16907,0,0,0,0
36499.210,16712,59,0,0,0,0,0,8,34033,44,53,0,0,0,0,0,0,0,0,0,0,0,0,0,0,0,0,0,0,0,0,0,0,368,16712,0,0,0,0
36515.742,16532,60,0,0,0,0,0,8,33945,44,53,0,0,0,0,0,0,0,0,0,0,0,0,0,0,0,0,0,0,0,0,0,0,360,16314,0,0,0,0
36533.225,17482,57,0,0,0,0,0,8,34037,44,53,0,0,0,0,0,0,0,0,0,0,0,0,0,0,0,0,0,0,0,0,0,0,343,16843,0,0,0,0
36549.228,16003,62,0,0,0,0,0,8,34079,44,53,0,0,0,0,0,0,0,0,0,0,0,0,0,0,0,0,0,0,0,0,0,0,384,17578,0,0,0,0
36565.745,16517,60,0,0,0,0,0,8,34020,44,53,0,0,0,0,0,0,0,0,0,0,0,0,0,0,0,0,0,0,0,0,0,0,350,14608,0,0,0,0
36582.801,17055,58,0,0,0,0,0,8,34105,44,53,0,0,0,0,0,0,0,0,0,0,0,0,0,0,0,0,0,0,0,0,0,0,362,17353,0,0,0,0
36599.231,16429,60,0,0,0,0,0,8,34158,44,53,0,0,0,0,0,0,0,0,0,0,0,0,0,0,0,0,0,0,0,0,0,0,366,17351,0,0,0,0
36615.748,16517,60,0,0,0,0,0,8,33959,44,53,0,0,0,0,0,0,0,0,0,0,0,0,0,0,0,0,0,0,0,0,0,0,362,15508,0,0,0,0
36632.609,16861,59,0,0,0,0,0,8,32357,44,53,0,0,0,0,0,0,0,0,0,0,0,0,0,0,0,0,0,0,0,0,0,0,367,17136,0,0,0,0
36649.750,17140,58,0,0,0,0,0,8,32409,44,53,0,0,0,0,0,0,0,0,0,0,0,0,0,0,0,0,0,0,0,0,0,0,365,17142,0,0,0,0
36665.749,15999,62,0,0,0,0,0,8,32350,44,53,0,0,0,0,0,0,0,0,0,0,0,0,0,0,0,0,0,0,0,0,0,0,361,17382,0,0,0,0
36683.224,17474,57,0,0,0,0,0,8,32322,44,53,0,0,0,0,0,0,0,0,0,0,0,0,0,0,0,0,0,0,0,0,0,0,380,15600,0,0,0,0
36699.368,16144,61,0,0,0,0,0,8,32384,44,53,0,0,0,0,0,0,0,0,0,0,0,0,0,0,0,0,0,0,0,0,0,0,385,17911,0,0,0,0
36715.737,16369,61,0,0,0,0,0,8,32293,44,53,0,0,0,0,0,0,0,0,0,0,0,0,0,0,0,0,0,0,0,0,0,0,359,15934,0,0,0,0
36732.418,16681,59,0,0,0,0,0,8,32362,44,53,0,0,0,0,0,0,0,0,0,0,0,0,0,0,0,0,0,0,0,0,0,0,361,16067,0,0,0,0
36748.987,16569,60,0,0,0,0,0,8,32340,44,53,0,0,0,0,0,0,0,0,0,0,0,0,0,0,0,0,0,0,0,0,0,0,378,16854,0,0,0,0
36765.755,16768,59,0,0,0,0,0,8,32331,44,53,0,0,0,0,0,0,0,0,0,0,0,0,0,0,0,0,0,0,0,0,0,0,354,19841,0,0,0,0
36782.385,16630,60,0,0,0,0,0,8,32302,44,53,0,0,0,0,0,0,0,0,0,0,0,0,0,0,0,0,0,0,0,0,0,0,341,13408,0,0,0,0
36799.275,16890,59,0,0,0,0,0,8,32399,44,53,0,0,0,0,0,0,0,0,0,0,0,0,0,0,0,0,0,0,0,0,0,0,340,16827,0,0,0,0
36815.749,16473,60,0,0,0,0,0,8,32424,44,53,0,0,0,0,0,0,0,0,0,0,0,0,0,0,0,0,0,0,0,0,0,0,395,17183,0,0,0,0
36832.737,16988,58,0,0,0,0,0,8,32358,44,53,0,0,0,0,0,0,0,0,0,0,0,0,0,0,0,0,0,0,0,0,0,0,348,15943,0,0,0,0
36849.358,16621,60,0,0,0,0,0,8,32486,44,53,0,0,0,0,0,0,0,0,0,0,0,0,0,0,0,0,0,0,0,0,0,0,386,17350,0,0,0,0
36865.659,16300,61,0,0,0,0,0,8,32219,44,53,0,0,0,0,0,0,0,0,0,0,0,0,0,0,0,0,0,0,0,0,0,0,354,16865,0,0,0,0
36882.878,17218,58,0,0,0,0,0,8,32344,44,53,0,0,0,0,0,0,0,0,0,0,0,0,0,0,0,0,0,0,0,0,0,0,350,16028,0,0,0,0
36899.221,16343,61,0,0,0,0,0,8,32091,44,53,0,0,0,0,0,0,0,0,0,0,0,0,0,0,0,0,0,0,0,0,0,0,365,16704,0,0,0,0
36915.748,16527,60,0,0,0,0,0,8,32004,44,53,0,0,0,0,0,0,0,0,0,0,0,0,0,0,0,0,0,0,0,0,0,0,352,15920,0,0,0,0
36932.294,16546,60,0,0,0,0,0,8,32120,44,53,0,0,0,0,0,0,0,0,0,0,0,0,0,0,0,0,0,0,0,0,0,0,337,17058,0,0,0,0
36949.757,17462,57,0,0,0,0,0,8,32029,44,53,0,0,0,0,0,0,0,0,0,0,0,0,0,0,0,0,0,0,0,0,0,0,352,16833,0,0,0,0
36965.759,16002,62,0,0,0,0,0,8,32148,44,53,0,0,0,0,0,0,0,0,0,0,0,0,0,0,0,0,0,0,0,0,0,0,349,17622,0,0,0,0
36982.689,16930,59,0,0,0,0,0,8,32057,44,53,0,0,0,0,0,0,0,0,0,0,0,0,0,0,0,0,0,0,0,0,0,0,350,15699,0,0,0,0
36999.484,16794,59,0,0,0,0,0,8,32160,44,53,0,0,0,0,0,0,0,0,0,0,0,0,0,0,0,0,0,0,0,0,0,0,402,17336,0,0,0,0
37015.786,16302,61,0,0,0,0,0,8,31998,44,53,0,0,0,0,0,0,0,0,0,0,0,0,0,0,0,0,0,0,0,0,0,0,347,15986,0,0,0,0
37033.219,17432,57,0,0,0,0,0,8,32015,44,53,0,0,0,0,0,0,0,0,0,0,0,0,0,0,0,0,0,0,0,0,0,0,378,16989,0,0,0,0
37049.398,16178,61,0,0,0,0,0,8,32119,44,53,0,0,0,0,0,0,0,0,0,0,0,0,0,0,0,0,0,0,0,0,0,0,360,18224,0,0,0,0
37066.219,16821,59,0,0,0,0,0,8,31938,44,53,0,0,0,0,0,0,0,0,0,0,0,0,0,0,0,0,0,0,0,0,0,0,380,15016,0,0,0,0
37082.421,16201,61,0,0,0,0,0,8,31993,44,53,0,0,0,0,0,0,0,0,0,0,0,0,0,0,0,0,0,0,0,0,0,0,342,15861,0,0,0,0
37099.411,16989,58,0,0,0,0,0,8,32066,44,53,0,0,0,0,0,0,0,0,0,0,0,0,0,0,0,0,0,0,0,0,0,0,353,17331,0,0,0,0
37115.743,16332,61,0,0,0,0,0,8,31970,44,53,0,0,0,0,0,0,0,0,0,0,0,0,0,0,0,0,0,0,0,0,0,0,344,17145,0,0,0,0
37133.231,17487,57,0,0,0,0,0,8,32007,44,53,0,0,0,0,0,0,0,0,0,0,0,0,0,0,0,0,0,0,0,0,0,0,338,15859,0,0,0,0
37149.218,15987,62,0,0,0,0,0,8,32210,44,53,0,0,0,0,0,0,0,0,0,0,0,0,0,0,0,0,0,0,0,0,0,0,381,17849,0,0,0,0
37165.744,16525,60,0,0,0,0,0,8,31989,44,53,0,0,0,0,0,0,0,0,0,0,0,0,0,0,0,0,0,0,0,0,0,0,377,14999,0,0,0,0
37183.234,17489,57,0,0,0,0,0,8,32069,44,53,0,0,0,0,0,0,0,0,0,0,0,0,0,0,0,0,0,0,0,0,0,0,354,17210,0,0,0,0
37199.757,16523,60,0,0,0,0,0,8,32135,44,53,0,0,0,0,0,0,0,0,0,0,0,0,0,0,0,0,0,0,0,0,0,0,360,18501,0,0,0,0
37215.911,16154,61,0,0,0,0,0,8,32030,44,53,0,0,0,0,0,0,0,0,0,0,0,0,0,0,0,0,0,0,0,0,0,0,344,15409,0,0,0,0
37232.575,16664,60,0,0,0,0,0,8,31954,44,53,0,0,0,0,0,0,0,0,0,0,0,0,0,0,0,0,0,0,0,0,0,0,340,16483,0,0,0,0
37249.291,16716,59,0,0,0,0,0,8,33782,44,53,0,0,0,0,0,0,0,0,0,0,0,0,0,0,0,0,0,0,0,0,0,0,357,16547,0,0,0,0
37265.756,16464,60,0,0,0,0,0,8,33723,44,53,0,0,0,0,0,0,0,0,0,0,0,0,0,0,0,0,0,0,0,0,0,0,364,17030,0,0,0,0
37282.568,16812,59,0,0,0,0,0,8,33696,44,53,0,0,0,0,0,0,0,0,0,0,0,0,0,0,0,0,0,0,0,0,0,0,354,16070,0,0,0,0
37299.330,16761,59,0,0,0,0,0,8,33786,44,53,0,0,0,0,0,0,0,0,0,0,0,0,0,0,0,0,0,0,0,0,0,0,372,16828,0,0,0,0
37315.683,16353,61,0,0,0,0,0,8,33787,44,53,0,0,0,0,0,0,0,0,0,0,0,0,0,0,0,0,0,0,0,0,0,0,343,17214,0,0,0,0
37332.364,16680,59,0,0,0,0,0,8,33726,44,53,0,0,0,0,0,0,0,0,0,0,0,0,0,0,0,0,0,0,0,0,0,0,356,16042,0,0,0,0
37349.748,17383,57,0,0,0,0,0,8,33724,44,53,0,0,0,0,0,0,0,0,0,0,0,0,0,0,0,0,0,0,0,0,0,0,374,16838,0,0,0,0
37366.217,16468,60,0,0,0,0,0,8,33806,44,53,0,0,0,0,0,0,0,0,0,0,0,0,0,0,0,0,0,0,0,0,0,0,366,17376,0,0,0,0
37382.224,16006,62,0,0,0,0,0,8,33726,44,53,0,0,0,0,0,0,0,0,0,0,0,0,0,0,0,0,0,0,0,0,0,0,329,16747,0,0,0,0
37399.353,17129,58,0,0,0,0,0,8,33808,44,53,0,0,0,0,0,0,0,0,0,0,0,0,0,0,0,0,0,0,0,0,0,0,366,15579,0,0,0,0
37415.747,16394,60,0,0,0,0,0,8,33799,44,53,0,0,0,0,0,0,0,0,0,0,0,0,0,0,0,0,0,0,0,0,0,0,361,17411,0,0,0,0
37432.369,16621,60,0,0,0,0,0,8,33749,44,53,0,0,0,0,0,0,0,0,0,0,0,0,0,0,0,0,0,0,0,0,0,0,336,16102,0,0,0,0
37449.741,17372,57,0,0,0,0,0,8,33768,44,53,0,0,0,0,0,0,0,0,0,0,0,0,0,0,0,0,0,0,0,0,0,0,367,17188,0,0,0,0
37465.737,15996,62,0,0,0,0,0,8,33784,44,53,0,0,0,0,0,0,0,0,0,0,0,0,0,0,0,0,0,0,0,0,0,0,351,17798,0,0,0,0
37482.389,16651,60,0,0,0,0,0,8,33746,44,53,0,0,0,0,0,0,0,0,0,0,0,0,0,0,0,0,0,0,0,0,0,0,346,15259,0,0,0,0
37499.736,17347,57,0,0,0,0,0,8,33795,44,53,0,0,0,0,0,0,0,0,0,0,0,0,0,0,0,0,0,0,0,0,0,0,364,17099,0,0,0,0
37515.744,16008,62,0,0,0,0,0,8,33703,44,53,0,0,0,0,0,0,0,0,0,0,0,0,0,0,0,0,0,0,0,0,0,0,360,16964,0,0,0,0
37532.546,16801,59,0,0,0,0,0,8,33743,44,53,0,0,0,0,0,0,0,0,0,0,0,0,0,0,0,0,0,0,0,0,0,0,337,16002,0,0,0,0
37549.350,16804,59,0,0,0,0,0,8,33755,44,53,0,0,0,0,0,0,0,0,0,0,0,0,0,0,0,0,0,0,0,0,0,0,375,16935,0,0,0,0
37565.757,16406,60,0,0,0,0,0,8,33820,44,53,0,0,0,0,0,0,0,0,0,0,0,0,0,0,0,0,0,0,0,0,0,0,347,17014,0,0,0,0
37583.224,17467,57,0,0,0,0,0,8,33698,44,53,0,0,0,0,0,0,0,0,0,0,0,0,0,0,0,0,0,0,0,0,0,0,365,16149,0,0,0,0
37599.221,15996,62,0,0,0,0,0,8,33929,44,53,0,0,0,0,0,0,0,0,0,0,0,0,0,0,0,0,0,0,0,0,0,0,377,17953,0,0,0,0
37615.730,16509,60,0,0,0,0,0,8,33817,44,53,0,0,0,0,0,0,0,0,0,0,0,0,0,0,0,0,0,0,0,0,0,0,349,14935,0,0,0,0
37632.738,17008,58,0,0,0,0,0,8,33839,44,53,0,0,0,0,0,0,0,0,0,0,0,0,0,0,0,0,0,0,0,0,0,0,344,17591,0,0,0,0
37649.015,16276,61,0,0,0,0,0,8,33841,44,53,0,0,0,0,0,0,0,0,0,0,0,0,0,0,0,0,0,0,0,0,0,0,354,16432,0,0,0,0
37666.218,17202,58,0,0,0,0,0,8,31925,44,53,0,0,0,0,0,0,0,0,0,0,0,0,0,0,0,0,0,0,0,0,0,0,367,16904,0,0,0,0
37682.737,16519,60,0,0,0,0,0,8,32021,44,53,0,0,0,0,0,0,0,0,0,0,0,0,0,0,0,0,0,0,0,0,0,0,339,15439,0,0,0,0
37699.734,16997,58,0,0,0,0,0,8,32186,44,53,0,0,0,0,0,0,0,0,0,0,0,0,0,0,0,0,0,0,0,0,0,0,344,17827,0,0,0,0
37715.785,16051,62,0,0,0,0,0,8,32158,44,53,0,0,0,0,0,0,0,0,0,0,0,0,0,0,0,0,0,0,0,0,0,0,382,17184,0,0,0,0
37733.068,17282,57,0,0,0,0,0,8,31960,44,53,0,0,0,0,0,0,0,0,0,0,0,0,0,0,0,0,0,0,0,0,0,0,378,16103,0,0,0,0
37749.386,16317,61,0,0,0,0,0,8,31986,44,53,0,0,0,0,0,0,0,0,0,0,0,0,0,0,0,0,0,0,0,0,0,0,357,16772,0,0,0,0
37766.237,16850,59,0,0,0,0,0,8,31972,44,53,0,0,0,0,0,0,0,0,0,0,0,0,0,0,0,0,0,0,0,0,0,0,339,16548,0,0,0,0
37782.588,16350,61,0,0,0,0,0,8,32122,44,53,0,0,0,0,0,0,0,0,0,0,0,0,0,0,0,0,0,0,0,0,0,0,374,16956,0,0,0,0
37799.214,16626,60,0,0,0,0,0,8,32023,44,53,0,0,0,0,0,0,0,0,0,0,0,0,0,0,0,0,0,0,0,0,0,0,392,16290,0,0,0,0
37816.215,17000,58,0,0,0,0,0,8,31954,44,53,0,0,0,0,0,0,0,0,0,0,0,0,0,0,0,0,0,0,0,0,0,0,379,15870,0,0,0,0
37832.739,16524,60,0,0,0,0,0,8,32084,44,53,0,0,0,0,0,0,0,0,0,0,0,0,0,0,0,0,0,0,0,0,0,0,390,18338,0,0,0,0
37850.238,17498,57,0,0,0,0,0,8,32009,44,53,0,0,0,0,0,0,0,0,0,0,0,0,0,0,0,0,0,0,0,0,0,0,405,16108,0,0,0,0
37865.659,15421,64,0,0,0,0,0,8,32026,44,53,0,0,0,0,0,0,0,0,0,0,0,0,0,0,0,0,0,0,0,0,0,0,383,17825,0,0,0,0
37882.726,17067,58,0,0,0,0,0,8,31953,44,53,0,0,0,0,0,0,0,0,0,0,0,0,0,0,0,0,0,0,0,0,0,0,338,14597,0,0,0,0
37898.543,15816,63,0,0,0,0,0,8,32057,44,53,0,0,0,0,0,0,0,0,0,0,0,0,0,0,0,0,0,0,0,0,0,0,365,17904,0,0,0,0
37916.211,17668,56,0,0,0,0,0,8,31879,44,53,0,0,0,0,0,0,0,0,0,0,0,0,0,0,0,0,0,0,0,0,0,0,375,15119,0,0,0,0
37933.217,17006,58,0,0,0,0,0,8,32027,44,53,0,0,0,0,0,0,0,0,0,0,0,0,0,0,0,0,0,0,0,0,0,0,361,17934,0,0,0,0
37949.353,16136,61,0,0,0,0,0,8,31849,44,53,0,0,0,0,0,0,0,0,0,0,0,0,0,0,0,0,0,0,0,0,0,0,360,16886,0,0,0,0
37966.212,16858,59,0,0,0,0,0,8,31663,44,53,0,0,0,0,0,0,0,0,0,0,0,0,0,0,0,0,0,0,0,0,0,0,347,16417,0,0,0,0
37983.214,17001,58,0,0,0,0,0,8,31701,44,53,0,0,0,0,0,0,0,0,0,0,0,0,0,0,0,0,0,0,0,0,0,0,370,16864,0,0,0,0
37999.345,16131,61,0,0,0,0,0,8,31915,44,53,0,0,0,0,0,0,0,0,0,0,0,0,0,0,0,0,0,0,0,0,0,0,371,17878,0,0,0,0
38015.731,16385,61,0,0,0,0,0,8,31704,44,53,0,0,0,0,0,0,0,0,0,0,0,0,0,0,0,0,0,0,0,0,0,0,346,14964,0,0,0,0
38032.489,16757,59,0,0,0,0,0,8,31781,44,53,0,0,0,0,0,0,0,0,0,0,0,0,0,0,0,0,0,0,0,0,0,0,376,16222,0,0,0,0
38049.737,17248,57,0,0,0,0,0,8,31784,44,53,0,0,0,0,0,0,0,0,0,0,0,0,0,0,0,0,0,0,0,0,0,0,381,16661,0,0,0,0
38066.213,16475,60,0,0,0,0,0,8,31746,44,53,0,0,0,0,0,0,0,0,0,0,0,0,0,0,0,0,0,0,0,0,0,0,381,17866,0,0,0,0
38082.745,16531,60,0,0,0,0,0,8,31785,44,53,0,0,0,0,0,0,0,0,0,0,0,0,0,0,0,0,0,0,0,0,0,0,338,15902,0,0,0,0
38099.357,16612,60,0,0,0,0,0,8,31810,44,53,0,0,0,0,0,0,0,0,0,0,0,0,0,0,0,0,0,0,0,0,0,0,349,16931,0,0,0,0
38115.721,16364,61,0,0,0,0,0,8,31815,44,53,0,0,0,0,0,0,0,0,0,0,0,0,0,0,0,0,0,0,0,0,0,0,376,16360,0,0,0,0
38133.214,17493,57,0,0,0,0,0,8,31713,44,53,0,0,0,0,0,0,0,0,0,0,0,0,0,0,0,0,0,0,0,0,0,0,351,16419,0,0,0,0
38149.233,16019,62,0,0,0,0,0,8,31840,44,53,0,0,0,0,0,0,0,0,0,0,0,0,0,0,0,0,0,0,0,0,0,0,380,17153,0,0,0,0
38165.764,16531,60,0,0,0,0,0,8,31809,44,53,0,0,0,0,0,0,0,0,0,0,0,0,0,0,0,0,0,0,0,0,0,0,362,16354,0,0,0,0
38182.518,16753,59,0,0,0,0,0,8,33413,44,53,0,0,0,0,0,0,0,0,0,0,0,0,0,0,0,0,0,0,0,0,0,0,332,16642,0,0,0,0
38199.207,16689,59,0,0,0,0,0,8,33553,44,53,0,0,0,0,0,0,0,0,0,0,0,0,0,0,0,0,0,0,0,0,0,0,386,16502,0,0,0,0
38215.748,16541,60,0,0,0,0,0,8,33539,44,53,0,0,0,0,0,0,0,0,0,0,0,0,0,0,0,0,0,0,0,0,0,0,348,17278,0,0,0,0
38232.670,16921,59,0,0,0,0,0,8,33433,44,53,0,0,0,0,0,0,0,0,0,0,0,0,0,0,0,0,0,0,0,0,0,0,362,16052,0,0,0,0
38249.725,17054,58,0,0,0,0,0,8,33388,44,53,0,0,0,0,0,0,0,0,0,0,0,0,0,0,0,0,0,0,0,0,0,0,364,17498,0,0,0,0
38265.919,16194,61,0,0,0,0,0,8,33367,44,53,0,0,0,0,0,0,0,0,0,0,0,0,0,0,0,0,0,0,0,0,0,0,376,16762,0,0,0,0
38282.457,16537,60,0,0,0,0,0,8,33316,44,53,0,0,0,0,0,0,0,0,0,0,0,0,0,0,0,0,0,0,0,0,0,0,347,15940,0,0,0,0
38299.042,16584,60,0,0,0,0,0,8,33454,44,53,0,0,0,0,0,0,0,0,0,0,0,0,0,0,0,0,0,0,0,0,0,0,355,16246,0,0,0,0
38315.776,16734,59,0,0,0,0,0,8,33442,44,53,0,0,0,0,0,0,0,0,0,0,0,0,0,0,0,0,0,0,0,0,0,0,348,16588,0,0,0,0
38332.288,16511,60,0,0,0,0,0,8,33512,44,53,0,0,0,0,0,0,0,0,0,0,0,0,0,0,0,0,0,0,0,0,0,0,373,17089,0,0,0,0
38348.919,16631,60,0,0,0,0,0,8,33439,44,53,0,0,0,0,0,0,0,0,0,0,0,0,0,0,0,0,0,0,0,0,0,0,406,16204,0,0,0,0
38365.738,16819,59,0,0,0,0,0,8,33397,44,53,0,0,0,0,0,0,0,0,0,0,0,0,0,0,0,0,0,0,0,0,0,0,355,17026,0,0,0,0
38382.719,16980,58,0,0,0,0,0,8,33390,44,53,0,0,0,0,0,0,0,0,0,0,0,0,0,0,0,0,0,0,0,0,0,0,391,16762,0,0,0,0
38399.208,16489,60,0,0,0,0,0,8,33568,44,53,0,0,0,0,0,0,0,0,0,0,0,0,0,0,0,0,0,0,0,0,0,0,355,16954,0,0,0,0
38415.730,16521,60,0,0,0,0,0,8,33374,44,53,0,0,0,0,0,0,0,0,0,0,0,0,0,0,0,0,0,0,0,0,0,0,353,15495,0,0,0,0
38432.222,16492,60,0,0,0,0,0,8,33606,44,53,0,0,0,0,0,0,0,0,0,0,0,0,0,0,0,0,0,0,0,0,0,0,349,17417,0,0,0,0
38449.368,17146,58,0,0,0,0,0,8,33527,44,53,0,0,0,0,0,0,0,0,0,0,0,0,0,0,0,0,0,0,0,0,0,0,373,16571,0,0,0,0
38465.776,16407,60,0,0,0,0,0,8,33548,44,53,0,0,0,0,0,0,0,0,0,0,0,0,0,0,0,0,0,0,0,0,0,0,383,17306,0,0,0,0
38482.361,16585,60,0,0,0,0,0,8,33343,44,53,0,0,0,0,0,0,0,0,0,0,0,0,0,0,0,0,0,0,0,0,0,0,381,16328,0,0,0,0
38499.444,17082,58,0,0,0,0,0,8,33607,44,53,0,0,0,0,0,0,0,0,0,0,0,0,0,0,0,0,0,0,0,0,0,0,367,17225,0,0,0,0
38515.223,15779,63,0,0,0,0,0,8,33664,44,53,0,0,0,0,0,0,0,0,0,0,0,0,0,0,0,0,0,0,0,0,0,0,362,16162,0,0,0,0
38532.343,17120,58,0,0,0,0,0,8,33778,44,53,0,0,0,0,0,0,0,0,0,0,0,0,0,0,0,0,0,0,0,0,0,0,357,16010,0,0,0,0
38549.284,16941,59,0,0,0,0,0,8,33700,44,53,0,0,0,0,0,0,0,0,0,0,0,0,0,0,0,0,0,0,0,0,0,0,377,16366,0,0,0,0
38565.743,16458,60,0,0,0,0,0,8,33791,44,53,0,0,0,0,0,0,0,0,0,0,0,0,0,0,0,0,0,0,0,0,0,0,352,17663,0,0,0,0
38582.732,16989,58,0,0,0,0,0,8,33731,44,53,0,0,0,0,0,0,0,0,0,0,0,0,0,0,0,0,0,0,0,0,0,0,345,15959,0,0,0,0
38598.897,16165,61,0,0,0,0,0,8,33842,44,53,0,0,0,0,0,0,0,0,0,0,0,0,0,0,0,0,0,0,0,0,0,0,381,17854,0,0,0,0
38616.737,17840,56,0,0,0,0,0,8,31990,44,53,0,0,0,0,0,0,0,0,0,0,0,0,0,0,0,0,0,0,0,0,0,0,358,15492,0,0,0,0
38632.768,16031,62,0,0,0,0,0,8,32031,44,53,0,0,0,0,0,0,0,0,0,0,0,0,0,0,0,0,0,0,0,0,0,0,346,17718,0,0,0,0
38648.733,15964,62,0,0,0,0,0,8,33776,44,53,0,0,0,0,0,0,0,0,0,0,0,0,0,0,0,0,0,0,0,0,0,0,342,16511,0,0,0,0
38665.723,16990,58,0,0,0,0,0,8,33645,44,53,0,0,0,0,0,0,0,0,0,0,0,0,0,0,0,0,0,0,0,0,0,0,370,16153,0,0,0,0
38682.491,16767,59,0,0,0,0,0,8,33869,44,53,0,0,0,0,0,0,0,0,0,0,0,0,0,0,0,0,0,0,0,0,0,0,389,17382,0,0,0,0
38699.728,17237,58,0,0,0,0,0,8,33835,44,53,0,0,0,0,0,0,0,0,0,0,0,0,0,0,0,0,0,0,0,0,0,0,366,15654,0,0,0,0
38715.726,15998,62,0,0,0,0,0,8,33775,44,53,0,0,0,0,0,0,0,0,0,0,0,0,0,0,0,0,0,0,0,0,0,0,338,17758,0,0,0,0
38732.484,16757,59,0,0,0,0,0,8,33768,44,53,0,0,0,0,0,0,0,0,0,0,0,0,0,0,0,0,0,0,0,0,0,0,329,15646,0,0,0,0
38749.235,16751,59,0,0,0,0,0,8,33775,44,53,0,0,0,0,0,0,0,0,0,0,0,0,0,0,0,0,0,0,0,0,0,0,360,16984,0,0,0,0
38766.003,16768,59,0,0,0,0,0,8,33773,44,53,0,0,0,0,0,0,0,0,0,0,0,0,0,0,0,0,0,0,0,0,0,0,369,17214,0,0,0,0
38783.212,17209,58,0,0,0,0,0,8,33718,44,53,0,0,0,0,0,0,0,0,0,0,0,0,0,0,0,0,0,0,0,0,0,0,345,16561,0,0,0,0
38798.846,15633,63,0,0,0,0,0,8,33750,44,53,0,0,0,0,0,0,0,0,0,0,0,0,0,0,0,0,0,0,0,0,0,0,365,16665,0,0,0,0
38816.200,17354,57,0,0,0,0,0,8,33693,44,53,0,0,0,0,0,0,0,0,0,0,0,0,0,0,0,0,0,0,0,0,0,0,354,15885,0,0,0,0
38832.323,16122,62,0,0,0,0,0,8,33828,44,53,0,0,0,0,0,0,0,0,0,0,0,0,0,0,0,0,0,0,0,0,0,0,354,17222,0,0,0,0
38849.153,16830,59,0,0,0,0,0,8,33773,44,53,0,0,0,0,0,0,0,0,0,0,0,0,0,0,0,0,0,0,0,0,0,0,378,16356,0,0,0,0
38865.722,16568,60,0,0,0,0,0,8,33607,44,53,0,0,0,0,0,0,0,0,0,0,0,0,0,0,0,0,0,0,0,0,0,0,337,16367,0,0,0,0
38882.307,16585,60,0,0,0,0,0,8,33878,44,53,0,0,0,0,0,0,0,0,0,0,0,0,0,0,0,0,0,0,0,0,0,0,369,17298,0,0,0,0
38899.179,16871,59,0,0,0,0,0,8,33792,44,53,0,0,0,0,0,0,0,0,0,0,0,0,0,0,0,0,0,0,0,0,0,0,355,16517,0,0,0,0
38916.069,16889,59,0,0,0,0,0,8,31976,44,53,0,0,0,0,0,0,0,0,0,0,0,0,0,0,0,0,0,0,0,0,0,0,366,16451,0,0,0,0
38932.710,16641,60,0,0,0,0,0,8,32072,44,53,0,0,0,0,0,0,0,0,0,0,0,0,0,0,0,0,0,0,0,0,0,0,361,16879,0,0,0,0
38949.206,16495,60,0,0,0,0,0,8,31973,44,53,0,0,0,0,0,0,0,0,0,0,0,0,0,0,0,0,0,0,0,0,0,0,359,17152,0,0,0,0
38965.731,16525,60,0,0,0,0,0,8,31945,44,53,0,0,0,0,0,0,0,0,0,0,0,0,0,0,0,0,0,0,0,0,0,0,360,15287,0,0,0,0
38982.560,16828,59,0,0,0,0,0,8,32103,44,53,0,0,0,0,0,0,0,0,0,0,0,0,0,0,0,0,0,0,0,0,0,0,353,17268,0,0,0,0
38998.799,16239,61,0,0,0,0,0,8,32108,44,53,0,0,0,0,0,0,0,0,0,0,0,0,0,0,0,0,0,0,0,0,0,0,337,17234,0,0,0,0
39015.959,17160,58,0,0,0,0,0,8,31932,44,53,0,0,0,0,0,0,0,0,0,0,0,0,0,0,0,0,0,0,0,0,0,0,363,15762,0,0,0,0
39032.426,16466,60,0,0,0,0,0,8,32053,44,53,0,0,0,0,0,0,0,0,0,0,0,0,0,0,0,0,0,0,0,0,0,0,355,17515,0,0,0,0
39050.200,17774,56,0,0,0,0,0,8,32041,44,53,0,0,0,0,0,0,0,0,0,0,0,0,0,0,0,0,0,0,0,0,0,0,362,16076,0,0,0,0
39065.728,15527,64,0,0,0,0,0,8,32051,44,53,0,0,0,0,0,0,0,0,0,0,0,0,0,0,0,0,0,0,0,0,0,0,379,18281,0,0,0,0
39082.223,16495,60,0,0,0,0,0,8,31990,44,53,0,0,0,0,0,0,0,0,0,0,0,0,0,0,0,0,0,0,0,0,0,0,372,14864,0,0,0,0
39099.335,17112,58,0,0,0,0,0,8,31971,44,53,0,0,0,0,0,0,0,0,0,0,0,0,0,0,0,0,0,0,0,0,0,0,366,15875,0,0,0,0
39116.196,16861,59,0,0,0,0,0,8,32072,44,53,0,0,0,0,0,0,0,0,0,0,0,0,0,0,0,0,0,0,0,0,0,0,364,18185,0,0,0,0
39133.207,17011,58,0,0,0,0,0,8,32025,44,53,0,0,0,0,0,0,0,0,0,0,0,0,0,0,0,0,0,0,0,0,0,0,352,15544,0,0,0,0
39149.362,16154,61,0,0,0,0,0,8,32102,44,53,0,0,0,0,0,0,0,0,0,0,0,0,0,0,0,0,0,0,0,0,0,0,409,18451,0,0,0,0
39166.200,16838,59,0,0,0,0,0,8,31953,44,53,0,0,0,0,0,0,0,0,0,0,0,0,0,0,0,0,0,0,0,0,0,0,346,15679,0,0,0,0
39182.721,16520,60,0,0,0,0,0,8,31939,44,53,0,0,0,0,0,0,0,0,0,0,0,0,0,0,0,0,0,0,0,0,0,0,342,16079,0,0,0,0
39199.720,16999,58,0,0,0,0,0,8,32136,44,53,0,0,0,0,0,0,0,0,0,0,0,0,0,0,0,0,0,0,0,0,0,0,346,17872,0,0,0,0
39215.722,16002,62,0,0,0,0,0,8,32035,44,53,0,0,0,0,0,0,0,0,0,0,0,0,0,0,0,0,0,0,0,0,0,0,348,17184,0,0,0,0
39232.480,16758,59,0,0,0,0,0,8,31959,44,53,0,0,0,0,0,0,0,0,0,0,0,0,0,0,0,0,0,0,0,0,0,0,335,15478,0,0,0,0
39248.481,16000,62,0,0,0,0,0,8,32050,44,53,0,0,0,0,0,0,0,0,0,0,0,0,0,0,0,0,0,0,0,0,0,0,361,16789,0,0,0,0
39265.791,17310,57,0,0,0,0,0,8,31989,44,53,0,0,0,0,0,0,0,0,0,0,0,0,0,0,0,0,0,0,0,0,0,0,349,15914,0,0,0,0
39282.342,16551,60,0,0,0,0,0,8,32013,44,53,0,0,0,0,0,0,0,0,0,0,0,0,0,0,0,0,0,0,0,0,0,0,333,17430,0,0,0,0
39299.343,17000,58,0,0,0,0,0,8,32054,44,53,0,0,0,0,0,0,0,0,0,0,0,0,0,0,0,0,0,0,0,0,0,0,356,16494,0,0,0,0
39316.725,17381,57,0,0,0,0,0,8,32018,44,53,0,0,0,0,0,0,0,0,0,0,0,0,0,0,0,0,0,0,0,0,0,0,358,17255,0,0,0,0
39333.201,16476,60,0,0,0,0,0,8,31990,44,53,0,0,0,0,0,0,0,0,0,0,0,0,0,0,0,0,0,0,0,0,0,0,350,17199,0,0,0,0
39348.990,15788,63,0,0,0,0,0,8,31936,44,53,0,0,0,0,0,0,0,0,0,0,0,0,0,0,0,0,0,0,0,0,0,0,391,16034,0,0,0,0
39366.212,17221,58,0,0,0,0,0,8,31992,44,53,0,0,0,0,0,0,0,0,0,0,0,0,0,0,0,0,0,0,0,0,0,0,334,16132,0,0,0,0
39381.854,15641,63,0,0,0,0,0,8,31882,44,53,0,0,0,0,0,0,0,0,0,0,0,0,0,0,0,0,0,0,0,0,0,0,351,16047,0,0,0,0
39398.772,16918,59,0,0,0,0,0,8,31773,44,53,0,0,0,0,0,0,0,0,0,0,0,0,0,0,0,0,0,0,0,0,0,0,346,16941,0,0,0,0
39415.721,16948,59,0,0,0,0,0,8,31676,44,53,0,0,0,0,0,0,0,0,0,0,0,0,0,0,0,0,0,0,0,0,0,0,381,16436,0,0,0,0
39432.340,16619,60,0,0,0,0,0,8,31704,44,53,0,0,0,0,0,0,0,0,0,0,0,0,0,0,0,0,0,0,0,0,0,0,376,16953,0,0,0,0
39449.425,17084,58,0,0,0,0,0,8,31786,44,53,0,0,0,0,0,0,0,0,0,0,0,0,0,0,0,0,0,0,0,0,0,0,354,17084,0,0,0,0
39465.749,16323,61,0,0,0,0,0,8,31696,44,53,0,0,0,0,0,0,0,0,0,0,0,0,0,0,0,0,0,0,0,0,0,0,390,16811,0,0,0,0
39482.337,16588,60,0,0,0,0,0,8,31799,44,53,0,0,0,0,0,0,0,0,0,0,0,0,0,0,0,0,0,0,0,0,0,0,349,16092,0,0,0,0
39499.382,17044,58,0,0,0,0,0,8,33444,44,53,0,0,0,0,0,0,0,0,0,0,0,0,0,0,0,0,0,0,0,0,0,0,360,17357,0,0,0,0
39515.735,16353,61,0,0,0,0,0,8,33596,44,53,0,0,0,0,0,0,0,0,0,0,0,0,0,0,0,0,0,0,0,0,0,0,358,17051,0,0,0,0
39533.197,17462,57,0,0,0,0,0,8,33510,44,53,0,0,0,0,0,0,0,0,0,0,0,0,0,0,0,0,0,0,0,0,0,0,333,15528,0,0,0,0
39549.379,16182,61,0,0,0,0,0,8,33645,44,53,0,0,0,0,0,0,0,0,0,0,0,0,0,0,0,0,0,0,0,0,0,0,375,17997,0,0,0,0
39566.199,16819,59,0,0,0,0,0,8,33503,44,53,0,0,0,0,0,0,0,0,0,0,0,0,0,0,0,0,0,0,0,0,0,0,329,15766,0,0,0,0
39582.372,16173,61,0,0,0,0,0,8,33512,44,53,0,0,0,0,0,0,0,0,0,0,0,0,0,0,0,0,0,0,0,0,0,0,382,16502,0,0,0,0
39599.197,16824,59,0,0,0,0,0,8,33670,44,53,0,0,0,0,0,0,0,0,0,0,0,0,0,0,0,0,0,0,0,0,0,0,341,17260,0,0,0,0
39615.587,16389,61,0,0,0,0,0,8,33523,44,53,0,0,0,0,0,0,0,0,0,0,0,0,0,0,0,0,0,0,0,0,0,0,338,15835,0,0,0,0
39633.197,17610,56,0,0,0,0,0,8,33646,44,53,0,0,0,0,0,0,0,0,0,0,0,0,0,0,0,0,0,0,0,0,0,0,368,16489,0,0,0,0
39649.192,15995,62,0,0,0,0,0,8,33689,44,53,0,0,0,0,0,0,0,0,0,0,0,0,0,0,0,0,0,0,0,0,0,0,395,17751,0,0,0,0
39665.779,16586,60,0,0,0,0,0,8,33531,44,53,0,0,0,0,0,0,0,0,0,0,0,0,0,0,0,0,0,0,0,0,0,0,347,16425,0,0,0,0
39682.546,16766,59,0,0,0,0,0,8,33423,44,53,0,0,0,0,0,0,0,0,0,0,0,0,0,0,0,0,0,0,0,0,0,0,346,16765,0,0,0,0
39699.365,16819,59,0,0,0,0,0,8,33574,44,53,0,0,0,0,0,0,0,0,0,0,0,0,0,0,0,0,0,0,0,0,0,0,377,16659,0,0,0,0
39716.199,16834,59,0,0,0,0,0,8,33522,44,53,0,0,0,0,0,0,0,0,0,0,0,0,0,0,0,0,0,0,0,0,0,0,350,16594,0,0,0,0
39733.195,16995,58,0,0,0,0,0,8,33540,44,53,0,0,0,0,0,0,0,0,0,0,0,0,0,0,0,0,0,0,0,0,0,0,351,15661,0,0,0,0
39749.204,16009,62,0,0,0,0,0,8,33330,44,53,0,0,0,0,0,0,0,0,0,0,0,0,0,0,0,0,0,0,0,0,0,0,370,18510,0,0,0,0
39765.885,16681,59,0,0,0,0,0,8,31558,44,53,0,0,0,0,0,0,0,0,0,0,0,0,0,0,0,0,0,0,0,0,0,0,338,14575,0,0,0,0
39782.633,16748,59,0,0,0,0,0,8,31616,44,53,0,0,0,0,0,0,0,0,0,0,0,0,0,0,0,0,0,0,0,0,0,0,344,17685,0,0,0,0
39799.344,16710,59,0,0,0,0,0,8,31631,44,53,0,0,0,0,0,0,0,0,0,0,0,0,0,0,0,0,0,0,0,0,0,0,384,16795,0,0,0,0
39815.891,16546,60,0,0,0,0,0,8,31642,44,53,0,0,0,0,0,0,0,0,0,0,0,0,0,0,0,0,0,0,0,0,0,0,373,16823,0,0,0,0
39832.575,16684,59,0,0,0,0,0,8,31491,44,53,0,0,0,0,0,0,0,0,0,0,0,0,0,0,0,0,0,0,0,0,0,0,363,16330,0,0,0,0
39850.197,17622,56,0,0,0,0,0,8,31593,44,53,0,0,0,0,0,0,0,0,0,0,0,0,0,0,0,0,0,0,0,0,0,0,390,16754,0,0,0,0
39866.240,16042,62,0,0,0,0,0,8,31609,44,53,0,0,0,0,0,0,0,0,0,0,0,0,0,0,0,0,0,0,0,0,0,0,381,17602,0,0,0,0
39882.439,16199,61,0,0,0,0,0,8,31588,44,53,0,0,0,0,0,0,0,0,0,0,0,0,0,0,0,0,0,0,0,0,0,0,381,15154,0,0,0,0
39899.336,16896,59,0,0,0,0,0,8,31532,44,53,0,0,0,0,0,0,0,0,0,0,0,0,0,0,0,0,0,0,0,0,0,0,369,16940,0,0,0,0
39915.722,16386,61,0,0,0,0,0,8,31628,44,53,0,0,0,0,0,0,0,0,0,0,0,0,0,0,0,0,0,0,0,0,0,0,352,17306,0,0,0,0
39932.632,16910,59,0,0,0,0,0,8,31575,44,53,0,0,0,0,0,0,0,0,0,0,0,0,0,0,0,0,0,0,0,0,0,0,349,16211,0,0,0,0
39949.329,16696,59,0,0,0,0,0,8,31553,44,53,0,0,0,0,0,0,0,0,0,0,0,0,0,0,0,0,0,0,0,0,0,0,370,17669,0,0,0,0
39965.720,16391,61,0,0,0,0,0,8,31402,44,53,0,0,0,0,0,0,0,0,0,0,0,0,0,0,0,0,0,0,0,0,0,0,387,16521,0,0,0,0
39982.539,16819,59,0,0,0,0,0,8,31374,44,53,0,0,0,0,0,0,0,0,0,0,0,0,0,0,0,0,0,0,0,0,0,0,376,16356,0,0,0,0
39998.749,16209,61,0,0,0,0,0,8,33285,44,53,0,0,0,0,0,0,0,0,0,0,0,0,0,0,0,0,0,0,0,0,0,0,363,16062,0,0,0,0
40016.205,17455,57,0,0,0,0,0,8,33180,44,53,0,0,0,0,0,0,0,0,0,0,0,0,0,0,0,0,0,0,0,0,0,0,336,16884,0,0,0,0
40033.191,16986,58,0,0,0,0,0,8,33213,44,53,0,0,0,0,0,0,0,0,0,0,0,0,0,0,0,0,0,0,0,0,0,0,339,15961,0,0,0,0
40049.198,16006,62,0,0,0,0,0,8,33365,44,53,0,0,0,0,0,0,0,0,0,0,0,0,0,0,0,0,0,0,0,0,0,0,371,18349,0,0,0,0
40066.192,16994,58,0,0,0,0,0,8,33102,44,53,0,0,0,0,0,0,0,0,0,0,0,0,0,0,0,0,0,0,0,0,0,0,367,14658,0,0,0,0
40082.535,16342,61,0,0,0,0,0,8,33160,44,53,0,0,0,0,0,0,0,0,0,0,0,0,0,0,0,0,0,0,0,0,0,0,357,17199,0,0,0,0
40099.331,16795,59,0,0,0,0,0,8,33295,44,53,0,0,0,0,0,0,0,0,0,0,0,0,0,0,0,0,0,0,0,0,0,0,352,17483,0,0,0,0
40115.709,16378,61,0,0,0,0,0,8,33195,44,53,0,0,0,0,0,0,0,0,0,0,0,0,0,0,0,0,0,0,0,0,0,0,347,16580,0,0,0,0
40132.709,16999,58,0,0,0,0,0,8,33176,44,53,0,0,0,0,0,0,0,0,0,0,0,0,0,0,0,0,0,0,0,0,0,0,362,16681,0,0,0,0
40148.694,15985,62,0,0,0,0,0,8,33125,44,53,0,0,0,0,0,0,0,0,0,0,0,0,0,0,0,0,0,0,0,0,0,0,352,16691,0,0,0,0
40165.714,17020,58,0,0,0,0,0,8,33135,44,53,0,0,0,0,0,0,0,0,0,0,0,0,0,0,0,0,0,0,0,0,0,0,377,15671,0,0,0,0
40182.340,16626,60,0,0,0,0,0,8,33349,44,53,0,0,0,0,0,0,0,0,0,0,0,0,0,0,0,0,0,0,0,0,0,0,363,17087,0,0,0,0
40199.252,16911,59,0,0,0,0,0,8,33210,44,53,0,0,0,0,0,0,0,0,0,0,0,0,0,0,0,0,0,0,0,0,0,0,366,16714,0,0,0,0
40215.714,16461,60,0,0,0,0,0,8,33099,44,53,0,0,0,0,0,0,0,0,0,0,0,0,0,0,0,0,0,0,0,0,0,0,365,16653,0,0,0,0
40232.584,16870,59,0,0,0,0,0,8,33145,44,53,0,0,0,0,0,0,0,0,0,0,0,0,0,0,0,0,0,0,0,0,0,0,357,16716,0,0,0,0
40249.362,16777,59,0,0,0,0,0,8,33270,44,53,0,0,0,0,0,0,0,0,0,0,0,0,0,0,0,0,0,0,0,0,0,0,381,17082,0,0,0,0
40265.718,16355,61,0,0,0,0,0,8,31464,44,53,0,0,0,0,0,0,0,0,0,0,0,0,0,0,0,0,0,0,0,0,0,0,374,16160,0,0,0,0
40282.549,16831,59,0,0,0,0,0,8,31427,44,53,0,0,0,0,0,0,0,0,0,0,0,0,0,0,0,0,0,0,0,0,0,0,357,16781,0,0,0,0
40299.327,16777,59,0,0,0,0,0,8,31402,44,53,0,0,0,0,0,0,0,0,0,0,0,0,0,0,0,0,0,0,0,0,0,0,361,16424,0,0,0,0
40316.189,16862,59,0,0,0,0,0,8,31475,44,53,0,0,0,0,0,0,0,0,0,0,0,0,0,0,0,0,0,0,0,0,0,0,339,17635,0,0,0,0
40332.723,16533,60,0,0,0,0,0,8,31472,44,53,0,0,0,0,0,0,0,0,0,0,0,0,0,0,0,0,0,0,0,0,0,0,343,16461,0,0,0,0
40349.265,16542,60,0,0,0,0,0,8,31482,44,53,0,0,0,0,0,0,0,0,0,0,0,0,0,0,0,0,0,0,0,0,0,0,365,16390,0,0,0,0
40366.195,16929,59,0,0,0,0,0,8,31437,44,53,0,0,0,0,0,0,0,0,0,0,0,0,0,0,0,0,0,0,0,0,0,0,368,16777,0,0,0,0
40382.600,16404,60,0,0,0,0,0,8,31392,44,53,0,0,0,0,0,0,0,0,0,0,0,0,0,0,0,0,0,0,0,0,0,0,337,16904,0,0,0,0
40399.102,16502,60,0,0,0,0,0,8,31518,44,53,0,0,0,0,0,0,0,0,0,0,0,0,0,0,0,0,0,0,0,0,0,0,381,16463,0,0,0,0
40416.031,16928,59,0,0,0,0,0,8,31408,44,53,0,0,0,0,0,0,0,0,0,0,0,0,0,0,0,0,0,0,0,0,0,0,355,16278,0,0,0,0
40433.191,17160,58,0,0,0,0,0,8,31585,44,53,0,0,0,0,0,0,0,0,0,0,0,0,0,0,0,0,0,0,0,0,0,0,395,16911,0,0,0,0
40449.297,16106,62,0,0,0,0,0,8,31499,44,53,0,0,0,0,0,0,0,0,0,0,0,0,0,0,0,0,0,0,0,0,0,0,359,15788,0,0,0,0
40465.205,15908,62,0,0,0,0,0,8,31477,44,53,0,0,0,0,0,0,0,0,0,0,0,0,0,0,0,0,0,0,0,0,0,0,396,17232,0,0,0,0
40482.715,17509,57,0,0,0,0,0,8,31519,44,53,0,0,0,0,0,0,0,0,0,0,0,0,0,0,0,0,0,0,0,0,0,0,380,16309,0,0,0,0
40499.705,16989,58,0,0,0,0,0,8,31620,44,53,0,0,0,0,0,0,0,0,0,0,0,0,0,0,0,0,0,0,0,0,0,0,363,17794,0,0,0,0
40515.724,16018,62,0,0,0,0,0,8,31561,44,53,0,0,0,0,0,0,0,0,0,0,0,0,0,0,0,0,0,0,0,0,0,0,376,16902,0,0,0,0
40532.427,16703,59,0,0,0,0,0,8,31465,44,53,0,0,0,0,0,0,0,0,0,0,0,0,0,0,0,0,0,0,0,0,0,0,354,15671,0,0,0,0
40549.329,16901,59,0,0,0,0,0,8,31552,44,53,0,0,0,0,0,0,0,0,0,0,0,0,0,0,0,0,0,0,0,0,0,0,392,16946,0,0,0,0
40565.734,16405,60,0,0,0,0,0,8,31485,44,53,0,0,0,0,0,0,0,0,0,0,0,0,0,0,0,0,0,0,0,0,0,0,370,17120,0,0,0,0
40582.514,16780,59,0,0,0,0,0,8,33141,44,53,0,0,0,0,0,0,0,0,0,0,0,0,0,0,0,0,0,0,0,0,0,0,345,16284,0,0,0,0
40600.186,17671,56,0,0,0,0,0,8,33197,44,53,0,0,0,0,0,0,0,0,0,0,0,0,0,0,0,0,0,0,0,0,0,0,387,16243,0,0,0,0
40616.191,16004,62,0,0,0,0,0,8,33255,44,53,0,0,0,0,0,0,0,0,0,0,0,0,0,0,0,0,0,0,0,0,0,0,381,18217,0,0,0,0
40632.328,16137,61,0,0,0,0,0,8,33174,44,53,0,0,0,0,0,0,0,0,0,0,0,0,0,0,0,0,0,0,0,0,0,0,339,14716,0,0,0,0
40649.247,16919,59,0,0,0,0,0,8,33335,44,53,0,0,0,0,0,0,0,0,0,0,0,0,0,0,0,0,0,0,0,0,0,0,379,17285,0,0,0,0
40665.848,16600,60,0,0,0,0,0,8,33191,44,53,0,0,0,0,0,0,0,0,0,0,0,0,0,0,0,0,0,0,0,0,0,0,372,16596,0,0,0,0
40682.742,16894,59,0,0,0,0,0,8,33193,44,53,0,0,0,0,0,0,0,0,0,0,0,0,0,0,0,0,0,0,0,0,0,0,344,16717,0,0,0,0
40699.330,16587,60,0,0,0,0,0,8,33154,44,53,0,0,0,0,0,0,0,0,0,0,0,0,0,0,0,0,0,0,0,0,0,0,382,17196,0,0,0,0
40715.719,16388,61,0,0,0,0,0,8,33261,44,53,0,0,0,0,0,0,0,0,0,0,0,0,0,0,0,0,0,0,0,0,0,0,371,16612,0,0,0,0
40732.239,16519,60,0,0,0,0,0,8,33374,44,53,0,0,0,0,0,0,0,0,0,0,0,0,0,0,0,0,0,0,0,0,0,0,358,16132,0,0,0,0
40749.337,17098,58,0,0,0,0,0,8,33405,44,53,0,0,0,0,0,0,0,0,0,0,0,0,0,0,0,0,0,0,0,0,0,0,336,16363,0,0,0,0
40765.197,15860,63,0,0,0,0,0,8,32963,44,53,0,0,0,0,0,0,0,0,0,0,0,0,0,0,0,0,0,0,0,0,0,0,380,16950,0,0,0,0
40783.185,17988,55,0,0,0,0,0,8,32983,44,53,0,0,0,0,0,0,0,0,0,0,0,0,0,0,0,0,0,0,0,0,0,0,350,16226,0,0,0,0
40798.807,15621,64,0,0,0,0,0,8,33130,44,53,0,0,0,0,0,0,0,0,0,0,0,0,0,0,0,0,0,0,0,0,0,0,376,18508,0,0,0,0
40816.183,17376,57,0,0,0,0,0,8,33022,44,53,0,0,0,0,0,0,0,0,0,0,0,0,0,0,0,0,0,0,0,0,0,0,378,15136,0,0,0,0
40832.904,16720,59,0,0,0,0,0,8,33138,44,53,0,0,0,0,0,0,0,0,0,0,0,0,0,0,0,0,0,0,0,0,0,0,338,17447,0,0,0,0
40848.765,15861,63,0,0,0,0,0,8,33036,44,53,0,0,0,0,0,0,0,0,0,0,0,0,0,0,0,0,0,0,0,0,0,0,358,15284,0,0,0,0
40865.720,16954,58,0,0,0,0,0,8,33074,44,53,0,0,0,0,0,0,0,0,0,0,0,0,0,0,0,0,0,0,0,0,0,0,364,17126,0,0,0,0
40882.467,16748,59,0,0,0,0,0,8,31290,44,53,0,0,0,0,0,0,0,0,0,0,0,0,0,0,0,0,0,0,0,0,0,0,358,16866,0,0,0,0
40899.184,16716,59,0,0,0,0,0,8,31357,44,53,0,0,0,0,0,0,0,0,0,0,0,0,0,0,0,0,0,0,0,0,0,0,378,16417,0,0,0,0
40915.715,16531,60,0,0,0,0,0,8,31407,44,53,0,0,0,0,0,0,0,0,0,0,0,0,0,0,0,0,0,0,0,0,0,0,374,17195,0,0,0,0
40933.136,17420,57,0,0,0,0,0,8,31348,44,53,0,0,0,0,0,0,0,0,0,0,0,0,0,0,0,0,0,0,0,0,0,0,349,16465,0,0,0,0
40948.523,15387,64,0,0,0,0,0,8,31400,44,53,0,0,0,0,0,0,0,0,0,0,0,0,0,0,0,0,0,0,0,0,0,0,365,17054,0,0,0,0
40965.705,17181,58,0,0,0,0,0,8,31296,44,53,0,0,0,0,0,0,0,0,0,0,0,0,0,0,0,0,0,0,0,0,0,0,373,15942,0,0,0,0
40982.427,16722,59,0,0,0,0,0,8,31408,44,53,0,0,0,0,0,0,0,0,0,0,0,0,0,0,0,0,0,0,0,0,0,0,351,17135,0,0,0,0
41000.198,17770,56,0,0,0,0,0,8,31356,44,53,0,0,0,0,0,0,0,0,0,0,0,0,0,0,0,0,0,0,0,0,0,0,396,17007,0,0,0,0
41016.182,15984,62,0,0,0,0,0,8,31359,44,53,0,0,0,0,0,0,0,0,0,0,0,0,0,0,0,0,0,0,0,0,0,0,371,17515,0,0,0,0
41033.192,17010,58,0,0,0,0,0,8,31396,44,53,0,0,0,0,0,0,0,0,0,0,0,0,0,0,0,0,0,0,0,0,0,0,347,15889,0,0,0,0
41049.202,16009,62,0,0,0,0,0,8,31530,44,53,0,0,0,0,0,0,0,0,0,0,0,0,0,0,0,0,0,0,0,0,0,0,372,17346,0,0,0,0
41065.698,16496,60,0,0,0,0,0,8,31326,44,53,0,0,0,0,0,0,0,0,0,0,0,0,0,0,0,0,0,0,0,0,0,0,373,15796,0,0,0,0
41082.543,16845,59,0,0,0,0,0,8,31386,44,53,0,0,0,0,0,0,0,0,0,0,0,0,0,0,0,0,0,0,0,0,0,0,328,15963,0,0,0,0
41099.246,16703,59,0,0,0,0,0,8,31454,44,53,0,0,0,0,0,0,0,0,0,0,0,0,0,0,0,0,0,0,0,0,0,0,354,16775,0,0,0,0
41115.688,16442,60,0,0,0,0,0,8,31376,44,53,0,0,0,0,0,0,0,0,0,0,0,0,0,0,0,0,0,0,0,0,0,0,372,17059,0,0,0,0
41133.183,17494,57,0,0,0,0,0,8,31438,44,53,0,0,0,0,0,0,0,0,0,0,0,0,0,0,0,0,0,0,0,0,0,0,345,16517,0,0,0,0
41149.383,16200,61,0,0,0,0,0,8,31579,44,53,0,0,0,0,0,0,0,0,0,0,0,0,0,0,0,0,0,0,0,0,0,0,383,17759,0,0,0,0
41165.705,16321,61,0,0,0,0,0,8,31375,44,53,0,0,0,0,0,0,0,0,0,0,0,0,0,0,0,0,0,0,0,0,0,0,340,15845,0,0,0,0
41182.707,17001,58,0,0,0,0,0,8,31313,44,53,0,0,0,0,0,0,0,0,0,0,0,0,0,0,0,0,0,0,0,0,0,0,345,15755,0,0,0,0
41198.730,16022,62,0,0,0,0,0,8,31404,44,53,0,0,0,0,0,0,0,0,0,0,0,0,0,0,0,0,0,0,0,0,0,0,381,18502,0,0,0,0
41215.594,16864,59,0,0,0,0,0,8,31319,44,53,0,0,0,0,0,0,0,0,0,0,0,0,0,0,0,0,0,0,0,0,0,0,360,15412,0,0,0,0
41232.760,17166,58,0,0,0,0,0,8,31334,44,53,0,0,0,0,0,0,0,0,0,0,0,0,0,0,0,0,0,0,0,0,0,0,350,16213,0,0,0,0
41249.344,16584,60,0,0,0,0,0,8,31334,44,53,0,0,0,0,0,0,0,0,0,0,0,0,0,0,0,0,0,0,0,0,0,0,418,17543,0,0,0,0
41265.729,16385,61,0,0,0,0,0,8,31062,44,53,0,0,0,0,0,0,0,0,0,0,0,0,0,0,0,0,0,0,0,0,0,0,341,16571,0,0,0,0
41282.424,16694,59,0,0,0,0,0,8,31190,44,53,0,0,0,0,0,0,0,0,0,0,0,0,0,0,0,0,0,0,0,0,0,0,344,16158,0,0,0,0
41298.895,16470,60,0,0,0,0,0,8,31292,44,53,0,0,0,0,0,0,0,0,0,0,0,0,0,0,0,0,0,0,0,0,0,0,376,17076,0,0,0,0
41315.196,16301,61,0,0,0,0,0,8,31172,44,53,0,0,0,0,0,0,0,0,0,0,0,0,0,0,0,0,0,0,0,0,0,0,347,16489,0,0,0,0
41332.698,17501,57,0,0,0,0,0,8,31250,44,53,0,0,0,0,0,0,0,0,0,0,0,0,0,0,0,0,0,0,0,0,0,0,344,16030,0,0,0,0
41349.317,16620,60,0,0,0,0,0,8,31340,44,53,0,0,0,0,0,0,0,0,0,0,0,0,0,0,0,0,0,0,0,0,0,0,387,17438,0,0,0,0
41365.906,16587,60,0,0,0,0,0,8,31189,44,53,0,0,0,0,0,0,0,0,0,0,0,0,0,0,0,0,0,0,0,0,0,0,371,16710,0,0,0,0
41382.428,16522,60,0,0,0,0,0,8,31256,44,53,0,0,0,0,0,0,0,0,0,0,0,0,0,0,0,0,0,0,0,0,0,0,377,16625,0,0,0,0
41398.998,16570,60,0,0,0,0,0,8,31273,44,53,0,0,0,0,0,0,0,0,0,0,0,0,0,0,0,0,0,0,0,0,0,0,366,16258,0,0,0,0
41416.034,17036,58,0,0,0,0,0,8,31219,44,53,0,0,0,0,0,0,0,0,0,0,0,0,0,0,0,0,0,0,0,0,0,0,367,16898,0,0,0,0
41432.512,16478,60,0,0,0,0,0,8,31151,44,53,0,0,0,0,0,0,0,0,0,0,0,0,0,0,0,0,0,0,0,0,0,0,365,17238,0,0,0,0
41449.330,16817,59,0,0,0,0,0,8,31079,44,53,0,0,0,0,0,0,0,0,0,0,0,0,0,0,0,0,0,0,0,0,0,0,372,15950,0,0,0,0
41465.732,16401,60,0,0,0,0,0,8,31117,44,53,0,0,0,0,0,0,0,0,0,0,0,0,0,0,0,0,0,0,0,0,0,0,329,17390,0,0,0,0
41482.696,16964,58,0,0,0,0,0,8,32659,44,53,0,0,0,0,0,0,0,0,0,0,0,0,0,0,0,0,0,0,0,0,0,0,339,15477,0,0,0,0
41498.932,16236,61,0,0,0,0,0,8,32714,44,53,0,0,0,0,0,0,0,0,0,0,0,0,0,0,0,0,0,0,0,0,0,0,376,17899,0,0,0,0
41515.709,16776,59,0,0,0,0,0,8,32988,44,53,0,0,0,0,0,0,0,0,0,0,0,0,0,0,0,0,0,0,0,0,0,0,330,15478,0,0,0,0
41532.454,16744,59,0,0,0,0,0,8,33188,44,53,0,0,0,0,0,0,0,0,0,0,0,0,0,0,0,0,0,0,0,0,0,0,389,17576,0,0,0,0
41549.316,16862,59,0,0,0,0,0,8,33072,44,53,0,0,0,0,0,0,0,0,0,0,0,0,0,0,0,0,0,0,0,0,0,0,352,16236,0,0,0,0
41565.690,16374,61,0,0,0,0,0,8,33108,44,53,0,0,0,0,0,0,0,0,0,0,0,0,0,0,0,0,0,0,0,0,0,0,348,17209,0,0,0,0
41582.685,16994,58,0,0,0,0,0,8,33094,44,53,0,0,0,0,0,0,0,0,0,0,0,0,0,0,0,0,0,0,0,0,0,0,359,16467,0,0,0,0
41599.185,16500,60,0,0,0,0,0,8,33159,44,53,0,0,0,0,0,0,0,0,0,0,0,0,0,0,0,0,0,0,0,0,0,0,379,16846,0,0,0,0
41615.687,16502,60,0,0,0,0,0,8,33055,44,53,0,0,0,0,0,0,0,0,0,0,0,0,0,0,0,0,0,0,0,0,0,0,353,15354,0,0,0,0
41632.431,16743,59,0,0,0,0,0,8,33201,44,53,0,0,0,0,0,0,0,0,0,0,0,0,0,0,0,0,0,0,0,0,0,0,341,17907,0,0,0,0
41649.173,16742,59,0,0,0,0,0,8,33179,44,53,0,0,0,0,0,0,0,0,0,0,0,0,0,0,0,0,0,0,0,0,0,0,377,16102,0,0,0,0
41665.653,16479,60,0,0,0,0,0,8,32635,44,53,0,0,0,0,0,0,0,0,0,0,0,0,0,0,0,0,0,0,0,0,0,0,337,16954,0,0,0,0
41682.635,16982,58,0,0,0,0,0,8,32617,44,53,0,0,0,0,0,0,0,0,0,0,0,0,0,0,0,0,0,0,0,0,0,0,356,16511,0,0,0,0
41698.791,16155,61,0,0,0,0,0,8,32671,44,53,0,0,0,0,0,0,0,0,0,0,0,0,0,0,0,0,0,0,0,0,0,0,358,16571,0,0,0,0
41715.699,16908,59,0,0,0,0,0,8,32576,44,53,0,0,0,0,0,0,0,0,0,0,0,0,0,0,0,0,0,0,0,0,0,0,341,16651,0,0,0,0
41732.619,16919,59,0,0,0,0,0,8,32643,44,53,0,0,0,0,0,0,0,0,0,0,0,0,0,0,0,0,0,0,0,0,0,0,341,16515,0,0,0,0
41749.315,16696,59,0,0,0,0,0,8,30863,44,53,0,0,0,0,0,0,0,0,0,0,0,0,0,0,0,0,0,0,0,0,0,0,357,16846,0,0,0,0
41765.706,16390,61,0,0,0,0,0,8,30815,44,53,0,0,0,0,0,0,0,0,0,0,0,0,0,0,0,0,0,0,0,0,0,0,362,16820,0,0,0,0
41782.645,16938,59,0,0,0,0,0,8,30873,44,53,0,0,0,0,0,0,0,0,0,0,0,0,0,0,0,0,0,0,0,0,0,0,376,16412,0,0,0,0
41799.367,16721,59,0,0,0,0,0,8,30875,44,53,0,0,0,0,0,0,0,0,0,0,0,0,0,0,0,0,0,0,0,0,0,0,348,16866,0,0,0,0
41815.629,16262,61,0,0,0,0,0,8,30803,44,53,0,0,0,0,0,0,0,0,0,0,0,0,0,0,0,0,0,0,0,0,0,0,364,16933,0,0,0,0
41832.185,16556,60,0,0,0,0,0,8,30830,44,53,0,0,0,0,0,0,0,0,0,0,0,0,0,0,0,0,0,0,0,0,0,0,376,15989,0,0,0,0
41849.342,17156,58,0,0,0,0,0,8,30887,44,53,0,0,0,0,0,0,0,0,0,0,0,0,0,0,0,0,0,0,0,0,0,0,405,16390,0,0,0,0
41865.758,16416,60,0,0,0,0,0,8,30918,44,53,0,0,0,0,0,0,0,0,0,0,0,0,0,0,0,0,0,0,0,0,0,0,371,17571,0,0,0,0
41882.440,16682,59,0,0,0,0,0,8,30927,44,53,0,0,0,0,0,0,0,0,0,0,0,0,0,0,0,0,0,0,0,0,0,0,359,16118,0,0,0,0
41899.312,16871,59,0,0,0,0,0,8,30806,44,53,0,0,0,0,0,0,0,0,0,0,0,0,0,0,0,0,0,0,0,0,0,0,373,16717,0,0,0,0
41915.723,16410,60,0,0,0,0,0,8,30947,44,53,0,0,0,0,0,0,0,0,0,0,0,0,0,0,0,0,0,0,0,0,0,0,393,18184,0,0,0,0
41932.422,16698,59,0,0,0,0,0,8,30759,44,53,0,0,0,0,0,0,0,0,0,0,0,0,0,0,0,0,0,0,0,0,0,0,361,15660,0,0,0,0
41949.338,16916,59,0,0,0,0,0,8,30888,44,53,0,0,0,0,0,0,0,0,0,0,0,0,0,0,0,0,0,0,0,0,0,0,375,16208,0,0,0,0
41965.730,16392,61,0,0,0,0,0,8,30874,44,53,0,0,0,0,0,0,0,0,0,0,0,0,0,0,0,0,0,0,0,0,0,0,376,16924,0,0,0,0
41982.486,16756,59,0,0,0,0,0,8,30717,44,53,0,0,0,0,0,0,0,0,0,0,0,0,0,0,0,0,0,0,0,0,0,0,398,17017,0,0,0,0
41999.327,16840,59,0,0,0,0,0,8,30861,44,53,0,0,0,0,0,0,0,0,0,0,0,0,0,0,0,0,0,0,0,0,0,0,362,16083,0,0,0,0
42015.708,16381,61,0,0,0,0,0,8,30914,44,53,0,0,0,0,0,0,0,0,0,0,0,0,0,0,0,0,0,0,0,0,0,0,353,17546,0,0,0,0
42033.174,17466,57,0,0,0,0,0,8,31090,44,53,0,0,0,0,0,0,0,0,0,0,0,0,0,0,0,0,0,0,0,0,0,0,362,15617,0,0,0,0
42048.727,15553,64,0,0,0,0,0,8,31229,44,53,0,0,0,0,0,0,0,0,0,0,0,0,0,0,0,0,0,0,0,0,0,0,426,18190,0,0,0,0
42065.737,17009,58,0,0,0,0,0,8,30978,44,53,0,0,0,0,0,0,0,0,0,0,0,0,0,0,0,0,0,0,0,0,0,0,391,15239,0,0,0,0
42082.391,16654,60,0,0,0,0,0,8,31082,44,53,0,0,0,0,0,0,0,0,0,0,0,0,0,0,0,0,0,0,0,0,0,0,374,16560,0,0,0,0
42099.692,17301,57,0,0,0,0,0,8,31228,44,53,0,0,0,0,0,0,0,0,0,0,0,0,0,0,0,0,0,0,0,0,0,0,389,17468,0,0,0,0
42115.680,15987,62,0,0,0,0,0,8,31051,44,53,0,0,0,0,0,0,0,0,0,0,0,0,0,0,0,0,0,0,0,0,0,0,369,16504,0,0,0,0
42133.172,17492,57,0,0,0,0,0,8,30877,44,53,0,0,0,0,0,0,0,0,0,0,0,0,0,0,0,0,0,0,0,0,0,0,369,16121,0,0,0,0
42149.311,16138,61,0,0,0,0,0,8,30911,44,53,0,0,0,0,0,0,0,0,0,0,0,0,0,0,0,0,0,0,0,0,0,0,367,17627,0,0,0,0
42165.192,15881,62,0,0,0,0,0,8,30770,44,53,0,0,0,0,0,0,0,0,0,0,0,0,0,0,0,0,0,0,0,0,0,0,336,15998,0,0,0,0
42182.449,17256,57,0,0,0,0,0,8,30820,44,53,0,0,0,0,0,0,0,0,0,0,0,0,0,0,0,0,0,0,0,0,0,0,350,14945,0,0,0,0
42199.308,16858,59,0,0,0,0,0,8,30902,44,53,0,0,0,0,0,0,0,0,0,0,0,0,0,0,0,0,0,0,0,0,0,0,382,18315,0,0,0,0
42215.704,16395,60,0,0,0,0,0,8,30823,44,53,0,0,0,0,0,0,0,0,0,0,0,0,0,0,0,0,0,0,0,0,0,0,383,17044,0,0,0,0
42232.939,17235,58,0,0,0,0,0,8,30798,44,53,0,0,0,0,0,0,0,0,0,0,0,0,0,0,0,0,0,0,0,0,0,0,352,15832,0,0,0,0
42249.318,16379,61,0,0,0,0,0,8,30956,44,53,0,0,0,0,0,0,0,0,0,0,0,0,0,0,0,0,0,0,0,0,0,0,373,17404,0,0,0,0
42265.750,16432,60,0,0,0,0,0,8,30859,44,53,0,0,0,0,0,0,0,0,0,0,0,0,0,0,0,0,0,0,0,0,0,0,343,16641,0,0,0,0
42282.702,16951,58,0,0,0,0,0,8,30588,44,53,0,0,0,0,0,0,0,0,0,0,0,0,0,0,0,0,0,0,0,0,0,0,357,16548,0,0,0,0
42300.169,17467,57,0,0,0,0,0,8,30766,44,53,0,0,0,0,0,0,0,0,0,0,0,0,0,0,0,0,0,0,0,0,0,0,355,16891,0,0,0,0
42316.171,16002,62,0,0,0,0,0,8,30760,44,53,0,0,0,0,0,0,0,0,0,0,0,0,0,0,0,0,0,0,0,0,0,0,363,17536,0,0,0,0
42332.258,16076,62,0,0,0,0,0,8,30710,44,53,0,0,0,0,0,0,0,0,0,0,0,0,0,0,0,0,0,0,0,0,0,0,342,14829,0,0,0,0
42348.755,16507,60,0,0,0,0,0,8,30820,44,53,0,0,0,0,0,0,0,0,0,0,0,0,0,0,0,0,0,0,0,0,0,0,356,17622,0,0,0,0
42365.872,17117,58,0,0,0,0,0,8,30756,44,53,0,0,0,0,0,0,0,0,0,0,0,0,0,0,0,0,0,0,0,0,0,0,366,16059,0,0,0,0
42382.276,16403,60,0,0,0,0,0,8,32308,44,53,0,0,0,0,0,0,0,0,0,0,0,0,0,0,0,0,0,0,0,0,0,0,360,16994,0,0,0,0
42400.208,17931,55,0,0,0,0,0,8,32511,44,53,0,0,0,0,0,0,0,0,0,0,0,0,0,0,0,0,0,0,0,0,0,0,357,16521,0,0,0,0
42415.497,15288,65,0,0,0,0,0,8,32498,44,53,0,0,0,0,0,0,0,0,0,0,0,0,0,0,0,0,0,0,0,0,0,0,377,18407,0,0,0,0
42433.192,17695,56,0,0,0,0,0,8,32434,44,53,0,0,0,0,0,0,0,0,0,0,0,0,0,0,0,0,0,0,0,0,0,0,347,14789,0,0,0,0
42449.343,16150,61,0,0,0,0,0,8,32651,44,53,0,0,0,0,0,0,0,0,0,0,0,0,0,0,0,0,0,0,0,0,0,0,352,17150,0,0,0,0
42465.845,16502,60,0,0,0,0,0,8,32495,44,53,0,0,0,0,0,0,0,0,0,0,0,0,0,0,0,0,0,0,0,0,0,0,361,17367,0,0,0,0
42482.314,16468,60,0,0,0,0,0,8,32418,44,53,0,0,0,0,0,0,0,0,0,0,0,0,0,0,0,0,0,0,0,0,0,0,347,15805,0,0,0,0
42500.177,17862,55,0,0,0,0,0,8,32544,44,53,0,0,0,0,0,0,0,0,0,0,0,0,0,0,0,0,0,0,0,0,0,0,351,16656,0,0,0,0
42515.679,15502,64,0,0,0,0,0,8,32569,44,53,0,0,0,0,0,0,0,0,0,0,0,0,0,0,0,0,0,0,0,0,0,0,354,18338,0,0,0,0
42532.435,16755,59,0,0,0,0,0,8,32628,44,53,0,0,0,0,0,0,0,0,0,0,0,0,0,0,0,0,0,0,0,0,0,0,326,14540,0,0,0,0
42549.200,16766,59,0,0,0,0,0,8,32600,44,53,0,0,0,0,0,0,0,0,0,0,0,0,0,0,0,0,0,0,0,0,0,0,354,16942,0,0,0,0
42566.167,16966,58,0,0,0,0,0,8,32419,44,53,0,0,0,0,0,0,0,0,0,0,0,0,0,0,0,0,0,0,0,0,0,0,354,16595,0,0,0,0
42582.492,16325,61,0,0,0,0,0,8,32586,44,53,0,0,0,0,0,0,0,0,0,0,0,0,0,0,0,0,0,0,0,0,0,0,341,17773,0,0,0,0
42599.310,16818,59,0,0,0,0,0,8,32499,44,53,0,0,0,0,0,0,0,0,0,0,0,0,0,0,0,0,0,0,0,0,0,0,352,15629,0,0,0,0
42615.715,16404,60,0,0,0,0,0,8,32551,44,53,0,0,0,0,0,0,0,0,0,0,0,0,0,0,0,0,0,0,0,0,0,0,362,17040,0,0,0,0
42632.344,16629,60,0,0,0,0,0,8,32332,44,53,0,0,0,0,0,0,0,0,0,0,0,0,0,0,0,0,0,0,0,0,0,0,398,17189,0,0,0,0
42649.171,16827,59,0,0,0,0,0,8,30745,44,53,0,0,0,0,0,0,0,0,0,0,0,0,0,0,0,0,0,0,0,0,0,0,368,15899,0,0,0,0
42665.515,16343,61,0,0,0,0,0,8,30643,44,53,0,0,0,0,0,0,0,0,0,0,0,0,0,0,0,0,0,0,0,0,0,0,351,16527,0,0,0,0
42682.692,17176,58,0,0,0,0,0,8,30687,44,53,0,0,0,0,0,0,0,0,0,0,0,0,0,0,0,0,0,0,0,0,0,0,338,16033,0,0,0,0
42699.313,16621,60,0,0,0,0,0,8,30735,44,53,0,0,0,0,0,0,0,0,0,0,0,0,0,0,0,0,0,0,0,0,0,0,344,18025,0,0,0,0
42715.688,16374,61,0,0,0,0,0,8,30641,44,53,0,0,0,0,0,0,0,0,0,0,0,0,0,0,0,0,0,0,0,0,0,0,362,16400,0,0,0,0
42732.691,17003,58,0,0,0,0,0,8,30703,44,53,0,0,0,0,0,0,0,0,0,0,0,0,0,0,0,0,0,0,0,0,0,0,337,16098,0,0,0,0
42749.360,16668,59,0,0,0,0,0,8,30845,44,53,0,0,0,0,0,0,0,0,0,0,0,0,0,0,0,0,0,0,0,0,0,0,401,17916,0,0,0,0
42765.698,16337,61,0,0,0,0,0,8,30623,44,53,0,0,0,0,0,0,0,0,0,0,0,0,0,0,0,0,0,0,0,0,0,0,351,15902,0,0,0,0
42782.486,16788,59,0,0,0,0,0,8,30661,44,53,0,0,0,0,0,0,0,0,0,0,0,0,0,0,0,0,0,0,0,0,0,0,346,16004,0,0,0,0
42799.330,16843,59,0,0,0,0,0,8,30701,44,53,0,0,0,0,0,0,0,0,0,0,0,0,0,0,0,0,0,0,0,0,0,0,365,16714,0,0,0,0
42816.175,16845,59,0,0,0,0,0,8,30706,44,53,0,0,0,0,0,0,0,0,0,0,0,0,0,0,0,0,0,0,0,0,0,0,386,17481,0,0,0,0
42832.079,15903,62,0,0,0,0,0,8,30408,44,53,0,0,0,0,0,0,0,0,0,0,0,0,0,0,0,0,0,0,0,0,0,0,352,16547,0,0,0,0
42849.170,17090,58,0,0,0,0,0,8,30435,44,53,0,0,0,0,0,0,0,0,0,0,0,0,0,0,0,0,0,0,0,0,0,0,372,15926,0,0,0,0
42865.859,16688,59,0,0,0,0,0,8,30381,44,53,0,0,0,0,0,0,0,0,0,0,0,0,0,0,0,0,0,0,0,0,0,0,352,16502,0,0,0,0
42882.315,16456,60,0,0,0,0,0,8,30442,44,53,0,0,0,0,0,0,0,0,0,0,0,0,0,0,0,0,0,0,0,0,0,0,369,17410,0,0,0,0
42899.259,16943,59,0,0,0,0,0,8,30386,44,53,0,0,0,0,0,0,0,0,0,0,0,0,0,0,0,0,0,0,0,0,0,0,333,16233,0,0,0,0
42915.979,16720,59,0,0,0,0,0,8,30032,44,53,0,0,0,0,0,0,0,0,0,0,0,0,0,0,0,0,0,0,0,0,0,0,380,17145,0,0,0,0
42932.577,16598,60,0,0,0,0,0,8,30019,44,53,0,0,0,0,0,0,0,0,0,0,0,0,0,0,0,0,0,0,0,0,0,0,352,15487,0,0,0,0
42948.860,16282,61,0,0,0,0,0,8,30227,44,53,0,0,0,0,0,0,0,0,0,0,0,0,0,0,0,0,0,0,0,0,0,0,362,17917,0,0,0,0
42965.707,16846,59,0,0,0,0,0,8,30057,44,53,0,0,0,0,0,0,0,0,0,0,0,0,0,0,0,0,0,0,0,0,0,0,339,15725,0,0,0,0
42983.167,17460,57,0,0,0,0,0,8,30036,44,53,0,0,0,0,0,0,0,0,0,0,0,0,0,0,0,0,0,0,0,0,0,0,350,17167,0,0,0,0
42998.959,15792,63,0,0,0,0,0,8,30127,44,53,0,0,0,0,0,0,0,0,0,0,0,0,0,0,0,0,0,0,0,0,0,0,374,18069,0,0,0,0
43015.687,16728,59,0,0,0,0,0,8,29966,44,53,0,0,0,0,0,0,0,0,0,0,0,0,0,0,0,0,0,0,0,0,0,0,327,15037,0,0,0,0
43032.398,16710,59,0,0,0,0,0,8,30155,44,53,0,0,0,0,0,0,0,0,0,0,0,0,0,0,0,0,0,0,0,0,0,0,351,16938,0,0,0,0
43049.709,17310,57,0,0,0,0,0,8,30111,44,53,0,0,0,0,0,0,0,0,0,0,0,0,0,0,0,0,0,0,0,0,0,0,385,16652,0,0,0,0
43065.745,16036,62,0,0,0,0,0,8,29956,44,53,0,0,0,0,0,0,0,0,0,0,0,0,0,0,0,0,0,0,0,0,0,0,358,17284,0,0,0,0
43082.690,16944,59,0,0,0,0,0,8,31692,44,53,0,0,0,0,0,0,0,0,0,0,0,0,0,0,0,0,0,0,0,0,0,0,349,16189,0,0,0,0
43098.714,16024,62,0,0,0,0,0,8,31753,44,53,0,0,0,0,0,0,0,0,0,0,0,0,0,0,0,0,0,0,0,0,0,0,336,17009,0,0,0,0
43115.690,16975,58,0,0,0,0,0,8,31554,44,53,0,0,0,0,0,0,0,0,0,0,0,0,0,0,0,0,0,0,0,0,0,0,371,15733,0,0,0,0
43132.309,16619,60,0,0,0,0,0,8,31642,44,53,0,0,0,0,0,0,0,0,0,0,0,0,0,0,0,0,0,0,0,0,0,0,356,17203,0,0,0,0
43148.769,16460,60,0,0,0,0,0,8,31659,44,53,0,0,0,0,0,0,0,0,0,0,0,0,0,0,0,0,0,0,0,0,0,0,364,17243,0,0,0,0
43165.696,16926,59,0,0,0,0,0,8,31559,44,53,0,0,0,0,0,0,0,0,0,0,0,0,0,0,0,0,0,0,0,0,0,0,368,15719,0,0,0,0
43182.687,16990,58,0,0,0,0,0,8,31583,44,53,0,0,0,0,0,0,0,0,0,0,0,0,0,0,0,0,0,0,0,0,0,0,354,16784,0,0,0,0
43199.381,16694,59,0,0,0,0,0,8,31734,44,53,0,0,0,0,0,0,0,0,0,0,0,0,0,0,0,0,0,0,0,0,0,0,336,17504,0,0,0,0
43215.173,15792,63,0,0,0,0,0,8,31648,44,53,0,0,0,0,0,0,0,0,0,0,0,0,0,0,0,0,0,0,0,0,0,0,379,16251,0,0,0,0
43232.555,17382,57,0,0,0,0,0,8,31693,44,53,0,0,0,0,0,0,0,0,0,0,0,0,0,0,0,0,0,0,0,0,0,0,348,15932,0,0,0,0
43250.173,17616,56,0,0,0,0,0,8,31807,44,53,0,0,0,0,0,0,0,0,0,0,0,0,0,0,0,0,0,0,0,0,0,0,400,17110,0,0,0,0
43266.160,15987,62,0,0,0,0,0,8,31699,44,53,0,0,0,0,0,0,0,0,0,0,0,0,0,0,0,0,0,0,0,0,0,0,353,17887,0,0,0,0
43282.371,16210,61,0,0,0,0,0,8,31607,44,53,0,0,0,0,0,0,0,0,0,0,0,0,0,0,0,0,0,0,0,0,0,0,350,15191,0,0,0,0
43299.216,16844,59,0,0,0,0,0,8,31840,44,53,0,0,0,0,0,0,0,0,0,0,0,0,0,0,0,0,0,0,0,0,0,0,395,17797,0,0,0,0
43315.653,16437,60,0,0,0,0,0,8,31713,44,53,0,0,0,0,0,0,0,0,0,0,0,0,0,0,0,0,0,0,0,0,0,0,327,16135,0,0,0,0
43333.170,17516,57,0,0,0,0,0,8,31734,44,53,0,0,0,0,0,0,0,0,0,0,0,0,0,0,0,0,0,0,0,0,0,0,346,16059,0,0,0,0
43349.162,15992,62,0,0,0,0,0,8,30083,44,53,0,0,0,0,0,0,0,0,0,0,0,0,0,0,0,0,0,0,0,0,0,0,378,18773,0,0,0,0
43365.700,16538,60,0,0,0,0,0,8,29961,44,53,0,0,0,0,0,0,0,0,0,0,0,0,0,0,0,0,0,0,0,0,0,0,330,14840,0,0,0,0
43382.516,16816,59,0,0,0,0,0,8,30028,44,53,0,0,0,0,0,0,0,0,0,0,0,0,0,0,0,0,0,0,0,0,0,0,349,16456,0,0,0,0
43399.330,16813,59,0,0,0,0,0,8,30161,44,53,0,0,0,0,0,0,0,0,0,0,0,0,0,0,0,0,0,0,0,0,0,0,361,17259,0,0,0,0
43416.166,16836,59,0,0,0,0,0,8,31713,44,53,0,0,0,0,0,0,0,0,0,0,0,0,0,0,0,0,0,0,0,0,0,0,352,16117,0,0,0,0
43432.682,16515,60,0,0,0,0,0,8,31644,44,53,0,0,0,0,0,0,0,0,0,0,0,0,0,0,0,0,0,0,0,0,0,0,350,15905,0,0,0,0
43449.704,17021,58,0,0,0,0,0,8,31895,44,53,0,0,0,0,0,0,0,0,0,0,0,0,0,0,0,0,0,0,0,0,0,0,360,17726,0,0,0,0
43465.760,16056,62,0,0,0,0,0,8,31695,44,53,0,0,0,0,0,0,0,0,0,0,0,0,0,0,0,0,0,0,0,0,0,0,360,17025,0,0,0,0
43482.278,16518,60,0,0,0,0,0,8,31822,44,53,0,0,0,0,0,0,0,0,0,0,0,0,0,0,0,0,0,0,0,0,0,0,345,15838,0,0,0,0
43498.868,16590,60,0,0,0,0,0,8,31732,44,53,0,0,0,0,0,0,0,0,0,0,0,0,0,0,0,0,0,0,0,0,0,0,372,16615,0,0,0,0
43515.903,17034,58,0,0,0,0,0,8,31738,44,53,0,0,0,0,0,0,0,0,0,0,0,0,0,0,0,0,0,0,0,0,0,0,339,16896,0,0,0,0
43532.674,16771,59,0,0,0,0,0,8,31674,44,53,0,0,0,0,0,0,0,0,0,0,0,0,0,0,0,0,0,0,0,0,0,0,362,16850,0,0,0,0
43549.160,16485,60,0,0,0,0,0,8,31741,44,53,0,0,0,0,0,0,0,0,0,0,0,0,0,0,0,0,0,0,0,0,0,0,330,16719,0,0,0,0
43565.688,16528,60,0,0,0,0,0,8,31498,44,53,0,0,0,0,0,0,0,0,0,0,0,0,0,0,0,0,0,0,0,0,0,0,352,16735,0,0,0,0
43582.694,17005,58,0,0,0,0,0,8,31412,44,53,0,0,0,0,0,0,0,0,0,0,0,0,0,0,0,0,0,0,0,0,0,0,350,16433,0,0,0,0
43599.685,16991,58,0,0,0,0,0,8,31581,44,53,0,0,0,0,0,0,0,0,0,0,0,0,0,0,0,0,0,0,0,0,0,0,336,17515,0,0,0,0
43615.709,16024,62,0,0,0,0,0,8,31453,44,53,0,0,0,0,0,0,0,0,0,0,0,0,0,0,0,0,0,0,0,0,0,0,369,16369,0,0,0,0
43632.698,16988,58,0,0,0,0,0,8,31316,44,53,0,0,0,0,0,0,0,0,0,0,0,0,0,0,0,0,0,0,0,0,0,0,342,15682,0,0,0,0
43649.333,16634,60,0,0,0,0,0,8,31346,44,53,0,0,0,0,0,0,0,0,0,0,0,0,0,0,0,0,0,0,0,0,0,0,404,17261,0,0,0,0
43665.776,16442,60,0,0,0,0,0,8,31274,44,53,0,0,0,0,0,0,0,0,0,0,0,0,0,0,0,0,0,0,0,0,0,0,377,16969,0,0,0,0
43682.299,16523,60,0,0,0,0,0,8,29462,44,53,0,0,0,0,0,0,0,0,0,0,0,0,0,0,0,0,0,0,0,0,0,0,369,16428,0,0,0,0
43699.294,16994,58,0,0,0,0,0,8,29596,44,53,0,0,0,0,0,0,0,0,0,0,0,0,0,0,0,0,0,0,0,0,0,0,353,16630,0,0,0,0
43715.595,16301,61,0,0,0,0,0,8,29497,44,53,0,0,0,0,0,0,0,0,0,0,0,0,0,0,0,0,0,0,0,0,0,0,353,16899,0,0,0,0
43732.687,17091,58,0,0,0,0,0,8,29541,44,53,0,0,0,0,0,0,0,0,0,0,0,0,0,0,0,0,0,0,0,0,0,0,356,15724,0,0,0,0
43749.679,16992,58,0,0,0,0,0,8,29624,44,53,0,0,0,0,0,0,0,0,0,0,0,0,0,0,0,0,0,0,0,0,0,0,376,17055,0,0,0,0
43765.714,16035,62,0,0,0,0,0,8,29712,44,53,0,0,0,0,0,0,0,0,0,0,0,0,0,0,0,0,0,0,0,0,0,0,345,17613,0,0,0,0
43782.263,16549,60,0,0,0,0,0,8,29680,44,53,0,0,0,0,0,0,0,0,0,0,0,0,0,0,0,0,0,0,0,0,0,0,356,15952,0,0,0,0
43798.819,16555,60,0,0,0,0,0,8,29694,44,53,0,0,0,0,0,0,0,0,0,0,0,0,0,0,0,0,0,0,0,0,0,0,346,16343,0,0,0,0
43816.164,17344,57,0,0,0,0,0,8,29549,44,53,0,0,0,0,0,0,0,0,0,0,0,0,0,0,0,0,0,0,0,0,0,0,379,16812,0,0,0,0
43832.681,16517,60,0,0,0,0,0,8,29492,44,53,0,0,0,0,0,0,0,0,0,0,0,0,0,0,0,0,0,0,0,0,0,0,349,15806,0,0,0,0
43849.705,17024,58,0,0,0,0,0,8,29637,44,53,0,0,0,0,0,0,0,0,0,0,0,0,0,0,0,0,0,0,0,0,0,0,353,17530,0,0,0,0
43865.756,16051,62,0,0,0,0,0,8,29559,44,53,0,0,0,0,0,0,0,0,0,0,0,0,0,0,0,0,0,0,0,0,0,0,373,17314,0,0,0,0
43883.160,17403,57,0,0,0,0,0,8,29457,44,53,0,0,0,0,0,0,0,0,0,0,0,0,0,0,0,0,0,0,0,0,0,0,356,16336,0,0,0,0
43899.674,16513,60,0,0,0,0,0,8,29630,44,53,0,0,0,0,0,0,0,0,0,0,0,0,0,0,0,0,0,0,0,0,0,0,368,16790,0,0,0,0
43916.164,16490,60,0,0,0,0,0,8,31242,44,53,0,0,0,0,0,0,0,0,0,0,0,0,0,0,0,0,0,0,0,0,0,0,345,17077,0,0,0,0
43932.406,16242,61,0,0,0,0,0,8,31308,44,53,0,0,0,0,0,0,0,0,0,0,0,0,0,0,0,0,0,0,0,0,0,0,317,14983,0,0,0,0
43950.169,17762,56,0,0,0,0,0,8,31403,44,53,0,0,0,0,0,0,0,0,0,0,0,0,0,0,0,0,0,0,0,0,0,0,339,17686,0,0,0,0
43965.599,15430,64,0,0,0,0,0,8,31380,44,53,0,0,0,0,0,0,0,0,0,0,0,0,0,0,0,0,0,0,0,0,0,0,345,17687,0,0,0,0
43982.299,16700,59,0,0,0,0,0,8,31220,44,53,0,0,0,0,0,0,0,0,0,0,0,0,0,0,0,0,0,0,0,0,0,0,352,15246,0,0,0,0
43998.921,16622,60,0,0,0,0,0,8,31412,44,53,0,0,0,0,0,0,0,0,0,0,0,0,0,0,0,0,0,0,0,0,0,0,358,16838,0,0,0,0
44015.823,16901,59,0,0,0,0,0,8,31315,44,53,0,0,0,0,0,0,0,0,0,0,0,0,0,0,0,0,0,0,0,0,0,0,378,16610,0,0,0,0
44032.644,16821,59,0,0,0,0,0,8,31263,44,53,0,0,0,0,0,0,0,0,0,0,0,0,0,0,0,0,0,0,0,0,0,0,344,16959,0,0,0,0
44049.333,16689,59,0,0,0,0,0,8,31328,44,53,0,0,0,0,0,0,0,0,0,0,0,0,0,0,0,0,0,0,0,0,0,0,381,16684,0,0,0,0
44065.713,16380,61,0,0,0,0,0,8,31135,44,53,0,0,0,0,0,0,0,0,0,0,0,0,0,0,0,0,0,0,0,0,0,0,368,16230,0,0,0,0
44082.306,16593,60,0,0,0,0,0,8,31260,44,53,0,0,0,0,0,0,0,0,0,0,0,0,0,0,0,0,0,0,0,0,0,0,338,17055,0,0,0,0
44099.192,16886,59,0,0,0,0,0,8,31239,44,53,0,0,0,0,0,0,0,0,0,0,0,0,0,0,0,0,0,0,0,0,0,0,355,16597,0,0,0,0
44115.692,16499,60,0,0,0,0,0,8,31138,44,53,0,0,0,0,0,0,0,0,0,0,0,0,0,0,0,0,0,0,0,0,0,0,344,16887,0,0,0,0
44132.498,16805,59,0,0,0,0,0,8,31275,44,53,0,0,0,0,0,0,0,0,0,0,0,0,0,0,0,0,0,0,0,0,0,0,338,16372,0,0,0,0
44149.165,16667,59,0,0,0,0,0,8,31204,44,53,0,0,0,0,0,0,0,0,0,0,0,0,0,0,0,0,0,0,0,0,0,0,363,16644,0,0,0,0
44165.729,16564,60,0,0,0,0,0,8,31242,44,53,0,0,0,0,0,0,0,0,0,0,0,0,0,0,0,0,0,0,0,0,0,0,354,15667,0,0,0,0
44182.296,16566,60,0,0,0,0,0,8,29513,44,53,0,0,0,0,0,0,0,0,0,0,0,0,0,0,0,0,0,0,0,0,0,0,362,17881,0,0,0,0
44198.685,16389,61,0,0,0,0,0,8,29552,44,53,0,0,0,0,0,0,0,0,0,0,0,0,0,0,0,0,0,0,0,0,0,0,343,16666,0,0,0,0
44215.666,16981,58,0,0,0,0,0,8,29485,44,53,0,0,0,0,0,0,0,0,0,0,0,0,0,0,0,0,0,0,0,0,0,0,361,16182,0,0,0,0
44232.167,16500,60,0,0,0,0,0,8,29502,44,53,0,0,0,0,0,0,0,0,0,0,0,0,0,0,0,0,0,0,0,0,0,0,370,16704,0,0,0,0
44248.875,16708,59,0,0,0,0,0,8,29579,44,53,0,0,0,0,0,0,0,0,0,0,0,0,0,0,0,0,0,0,0,0,0,0,346,16582,0,0,0,0
44265.766,16891,59,0,0,0,0,0,8,29604,44,53,0,0,0,0,0,0,0,0,0,0,0,0,0,0,0,0,0,0,0,0,0,0,377,16971,0,0,0,0
44282.635,16868,59,0,0,0,0,0,8,29626,44,53,0,0,0,0,0,0,0,0,0,0,0,0,0,0,0,0,0,0,0,0,0,0,336,17028,0,0,0,0
44299.291,16655,60,0,0,0,0,0,8,29558,44,53,0,0,0,0,0,0,0,0,0,0,0,0,0,0,0,0,0,0,0,0,0,0,353,16530,0,0,0,0
44316.154,16863,59,0,0,0,0,0,8,29522,44,53,0,0,0,0,0,0,0,0,0,0,0,0,0,0,0,0,0,0,0,0,0,0,351,16642,0,0,0,0
44332.611,16457,60,0,0,0,0,0,8,29539,44,53,0,0,0,0,0,0,0,0,0,0,0,0,0,0,0,0,0,0,0,0,0,0,340,16789,0,0,0,0
44348.552,15940,62,0,0,0,0,0,8,29627,44,53,0,0,0,0,0,0,0,0,0,0,0,0,0,0,0,0,0,0,0,0,0,0,369,16390,0,0,0,0
44365.627,17075,58,0,0,0,0,0,8,29527,44,53,0,0,0,0,0,0,0,0,0,0,0,0,0,0,0,0,0,0,0,0,0,0,365,15983,0,0,0,0
44382.441,16813,59,0,0,0,0,0,8,29608,44,53,0,0,0,0,0,0,0,0,0,0,0,0,0,0,0,0,0,0,0,0,0,0,354,17037,0,0,0,0
44399.304,16863,59,0,0,0,0,0,8,29747,44,53,0,0,0,0,0,0,0,0,0,0,0,0,0,0,0,0,0,0,0,0,0,0,352,16999,0,0,0,0
44415.715,16411,60,0,0,0,0,0,8,29395,44,53,0,0,0,0,0,0,0,0,0,0,0,0,0,0,0,0,0,0,0,0,0,0,355,17144,0,0,0,0
44433.162,17446,57,0,0,0,0,0,8,29293,44,53,0,0,0,0,0,0,0,0,0,0,0,0,0,0,0,0,0,0,0,0,0,0,379,16350,0,0,0,0
44449.315,16153,61,0,0,0,0,0,8,29509,44,53,0,0,0,0,0,0,0,0,0,0,0,0,0,0,0,0,0,0,0,0,0,0,388,17630,0,0,0,0
44465.186,15870,63,0,0,0,0,0,8,29267,44,53,0,0,0,0,0,0,0,0,0,0,0,0,0,0,0,0,0,0,0,0,0,0,348,15249,0,0,0,0
44482.295,17108,58,0,0,0,0,0,8,29368,44,53,0,0,0,0,0,0,0,0,0,0,0,0,0,0,0,0,0,0,0,0,0,0,359,15583,0,0,0,0
44499.683,17387,57,0,0,0,0,0,8,29446,44,53,0,0,0,0,0,0,0,0,0,0,0,0,0,0,0,0,0,0,0,0,0,0,378,18026,0,0,0,0
44516.150,16467,60,0,0,0,0,0,8,29294,44,53,0,0,0,0,0,0,0,0,0,0,0,0,0,0,0,0,0,0,0,0,0,0,352,17009,0,0,0,0
44532.276,16126,62,0,0,0,0,0,8,29258,44,53,0,0,0,0,0,0,0,0,0,0,0,0,0,0,0,0,0,0,0,0,0,0,361,15733,0,0,0,0
44549.208,16931,59,0,0,0,0,0,8,29315,44,53,0,0,0,0,0,0,0,0,0,0,0,0,0,0,0,0,0,0,0,0,0,0,374,17412,0,0,0,0
44566.165,16956,58,0,0,0,0,0,8,29162,44,53,0,0,0,0,0,0,0,0,0,0,0,0,0,0,0,0,0,0,0,0,0,0,359,16729,0,0,0,0
44581.987,15822,63,0,0,0,0,0,8,29219,44,53,0,0,0,0,0,0,0,0,0,0,0,0,0,0,0,0,0,0,0,0,0,0,392,17281,0,0,0,0
44599.671,17683,56,0,0,0,0,0,8,29172,44,53,0,0,0,0,0,0,0,0,0,0,0,0,0,0,0,0,0,0,0,0,0,0,349,15589,0,0,0,0
44615.621,15950,62,0,0,0,0,0,8,29186,44,53,0,0,0,0,0,0,0,0,0,0,0,0,0,0,0,0,0,0,0,0,0,0,338,17667,0,0,0,0
44632.354,16732,59,0,0,0,0,0,8,29152,44,53,0,0,0,0,0,0,0,0,0,0,0,0,0,0,0,0,0,0,0,0,0,0,379,15321,0,0,0,0
44650.153,17798,56,0,0,0,0,0,8,29164,44,53,0,0,0,0,0,0,0,0,0,0,0,0,0,0,0,0,0,0,0,0,0,0,387,16987,0,0,0,0
44665.911,15758,63,0,0,0,0,0,8,29235,44,53,0,0,0,0,0,0,0,0,0,0,0,0,0,0,0,0,0,0,0,0,0,0,378,18074,0,0,0,0
44682.351,16439,60,0,0,0,0,0,8,29065,44,53,0,0,0,0,0,0,0,0,0,0,0,0,0,0,0,0,0,0,0,0,0,0,369,15670,0,0,0,0
44699.216,16865,59,0,0,0,0,0,8,29126,44,53,0,0,0,0,0,0,0,0,0,0,0,0,0,0,0,0,0,0,0,0,0,0,376,16048,0,0,0,0
44716.157,16941,59,0,0,0,0,0,8,29242,44,53,0,0,0,0,0,0,0,0,0,0,0,0,0,0,0,0,0,0,0,0,0,0,373,17527,0,0,0,0
44732.286,16129,62,0,0,0,0,0,8,29133,44,53,0,0,0,0,0,0,0,0,0,0,0,0,0,0,0,0,0,0,0,0,0,0,351,16619,0,0,0,0
44748.613,16327,61,0,0,0,0,0,8,29187,44,53,0,0,0,0,0,0,0,0,0,0,0,0,0,0,0,0,0,0,0,0,0,0,353,16405,0,0,0,0
44765.693,17079,58,0,0,0,0,0,8,29054,44,53,0,0,0,0,0,0,0,0,0,0,0,0,0,0,0,0,0,0,0,0,0,0,367,16213,0,0,0,0
44782.704,17011,58,0,0,0,0,0,8,29271,44,53,0,0,0,0,0,0,0,0,0,0,0,0,0,0,0,0,0,0,0,0,0,0,381,17271,0,0,0,0
44799.379,16675,59,0,0,0,0,0,8,29206,44,53,0,0,0,0,0,0,0,0,0,0,0,0,0,0,0,0,0,0,0,0,0,0,359,17108,0,0,0,0
44815.680,16300,61,0,0,0,0,0,8,29104,44,53,0,0,0,0,0,0,0,0,0,0,0,0,0,0,0,0,0,0,0,0,0,0,377,15918,0,0,0,0
44832.288,16608,60,0,0,0,0,0,8,29109,44,53,0,0,0,0,0,0,0,0,0,0,0,0,0,0,0,0,0,0,0,0,0,0,351,16879,0,0,0,0
44849.167,16879,59,0,0,0,0,0,8,29176,44,53,0,0,0,0,0,0,0,0,0,0,0,0,0,0,0,0,0,0,0,0,0,0,359,16523,0,0,0,0
44865.675,16507,60,0,0,0,0,0,8,29126,44,53,0,0,0,0,0,0,0,0,0,0,0,0,0,0,0,0,0,0,0,0,0,0,361,15861,0,0,0,0
44883.150,17475,57,0,0,0,0,0,8,30977,44,53,0,0,0,0,0,0,0,0,0,0,0,0,0,0,0,0,0,0,0,0,0,0,363,17044,0,0,0,0
44898.832,15682,63,0,0,0,0,0,8,31033,44,53,0,0,0,0,0,0,0,0,0,0,0,0,0,0,0,0,0,0,0,0,0,0,378,17863,0,0,0,0
44915.759,16926,59,0,0,0,0,0,8,30970,44,53,0,0,0,0,0,0,0,0,0,0,0,0,0,0,0,0,0,0,0,0,0,0,362,15243,0,0,0,0
44932.464,16705,59,0,0,0,0,0,8,30914,44,53,0,0,0,0,0,0,0,0,0,0,0,0,0,0,0,0,0,0,0,0,0,0,358,17594,0,0,0,0
44948.780,16315,61,0,0,0,0,0,8,30887,44,53,0,0,0,0,0,0,0,0,0,0,0,0,0,0,0,0,0,0,0,0,0,0,377,16332,0,0,0,0
44966.148,17367,57,0,0,0,0,0,8,30852,44,53,0,0,0,0,0,0,0,0,0,0,0,0,0,0,0,0,0,0,0,0,0,0,353,16452,0,0,0,0
44982.359,16210,61,0,0,0,0,0,8,30884,44,53,0,0,0,0,0,0,0,0,0,0,0,0,0,0,0,0,0,0,0,0,0,0,346,16558,0,0,0,0
44999.151,16792,59,0,0,0,0,0,8,30918,44,53,0,0,0,0,0,0,0,0,0,0,0,0,0,0,0,0,0,0,0,0,0,0,390,16795,0,0,0,0
45015.531,16379,61,0,0,0,0,0,8,30794,44,53,0,0,0,0,0,0,0,0,0,0,0,0,0,0,0,0,0,0,0,0,0,0,367,16356,0,0,0,0
45032.665,17134,58,0,0,0,0,0,8,30932,44,53,0,0,0,0,0,0,0,0,0,0,0,0,0,0,0,0,0,0,0,0,0,0,369,17186,0,0,0,0
45049.696,17031,58,0,0,0,0,0,8,31058,44,53,0,0,0,0,0,0,0,0,0,0,0,0,0,0,0,0,0,0,0,0,0,0,381,16661,0,0,0,0
45066.159,16462,60,0,0,0,0,0,8,30904,44,53,0,0,0,0,0,0,0,0,0,0,0,0,0,0,0,0,0,0,0,0,0,0,352,17138,0,0,0,0
45082.661,16502,60,0,0,0,0,0,8,30896,44,53,0,0,0,0,0,0,0,0,0,0,0,0,0,0,0,0,0,0,0,0,0,0,350,16831,0,0,0,0
45099.284,16622,60,0,0,0,0,0,8,30896,44,53,0,0,0,0,0,0,0,0,0,0,0,0,0,0,0,0,0,0,0,0,0,0,365,16351,0,0,0,0
45116.158,16873,59,0,0,0,0,0,8,30851,44,53,0,0,0,0,0,0,0,0,0,0,0,0,0,0,0,0,0,0,0,0,0,0,327,17013,0,0,0,0
45132.560,16402,60,0,0,0,0,0,8,30928,44,53,0,0,0,0,0,0,0,0,0,0,0,0,0,0,0,0,0,0,0,0,0,0,367,16756,0,0,0,0
45148.802,16241,61,0,0,0,0,0,8,29222,44,53,0,0,0,0,0,0,0,0,0,0,0,0,0,0,0,0,0,0,0,0,0,0,346,16036,0,0,0,0
45165.667,16865,59,0,0,0,0,0,8,29103,44,53,0,0,0,0,0,0,0,0,0,0,0,0,0,0,0,0,0,0,0,0,0,0,330,16202,0,0,0,0
45183.145,17477,57,0,0,0,0,0,8,29095,44,53,0,0,0,0,0,0,0,0,0,0,0,0,0,0,0,0,0,0,0,0,0,0,357,16487,0,0,0,0
45199.248,16103,62,0,0,0,0,0,8,29219,44,53,0,0,0,0,0,0,0,0,0,0,0,0,0,0,0,0,0,0,0,0,0,0,379,18637,0,0,0,0
45215.666,16417,60,0,0,0,0,0,8,29136,44,53,0,0,0,0,0,0,0,0,0,0,0,0,0,0,0,0,0,0,0,0,0,0,355,15039,0,0,0,0
45232.496,16830,59,0,0,0,0,0,8,29188,44,53,0,0,0,0,0,0,0,0,0,0,0,0,0,0,0,0,0,0,0,0,0,0,367,16818,0,0,0,0
45249.151,16655,60,0,0,0,0,0,8,29224,44,53,0,0,0,0,0,0,0,0,0,0,0,0,0,0,0,0,0,0,0,0,0,0,354,16136,0,0,0,0
45265.748,16597,60,0,0,0,0,0,8,29197,44,53,0,0,0,0,0,0,0,0,0,0,0,0,0,0,0,0,0,0,0,0,0,0,369,16717,0,0,0,0
45282.663,16914,59,0,0,0,0,0,8,29222,44,53,0,0,0,0,0,0,0,0,0,0,0,0,0,0,0,0,0,0,0,0,0,0,361,17210,0,0,0,0
45299.147,16484,60,0,0,0,0,0,8,29305,44,53,0,0,0,0,0,0,0,0,0,0,0,0,0,0,0,0,0,0,0,0,0,0,370,16720,0,0,0,0
45315.940,16792,59,0,0,0,0,0,8,29244,44,53,0,0,0,0,0,0,0,0,0,0,0,0,0,0,0,0,0,0,0,0,0,0,363,15940,0,0,0,0
45332.353,16412,60,0,0,0,0,0,8,29243,44,53,0,0,0,0,0,0,0,0,0,0,0,0,0,0,0,0,0,0,0,0,0,0,366,17558,0,0,0,0
45349.293,16930,59,0,0,0,0,0,8,29228,44,53,0,0,0,0,0,0,0,0,0,0,0,0,0,0,0,0,0,0,0,0,0,0,359,16365,0,0,0,0
45365.671,16387,61,0,0,0,0,0,8,29265,44,53,0,0,0,0,0,0,0,0,0,0,0,0,0,0,0,0,0,0,0,0,0,0,362,17179,0,0,0,0
45382.282,16611,60,0,0,0,0,0,8,29285,44,53,0,0,0,0,0,0,0,0,0,0,0,0,0,0,0,0,0,0,0,0,0,0,367,16459,0,0,0,0
45398.869,16587,60,0,0,0,0,0,8,29288,44,53,0,0,0,0,0,0,0,0,0,0,0,0,0,0,0,0,0,0,0,0,0,0,363,16127,0,0,0,0
45415.974,17104,58,0,0,0,0,0,8,29157,44,53,0,0,0,0,0,0,0,0,0,0,0,0,0,0,0,0,0,0,0,0,0,0,378,16505,0,0,0,0
45432.673,16699,59,0,0,0,0,0,8,29281,44,53,0,0,0,0,0,0,0,0,0,0,0,0,0,0,0,0,0,0,0,0,0,0,355,17299,0,0,0,0
45448.824,16151,61,0,0,0,0,0,8,29258,44,53,0,0,0,0,0,0,0,0,0,0,0,0,0,0,0,0,0,0,0,0,0,0,345,16691,0,0,0,0
45466.144,17319,57,0,0,0,0,0,8,29144,44,53,0,0,0,0,0,0,0,0,0,0,0,0,0,0,0,0,0,0,0,0,0,0,358,16283,0,0,0,0
45482.653,16509,60,0,0,0,0,0,8,29338,44,53,0,0,0,0,0,0,0,0,0,0,0,0,0,0,0,0,0,0,0,0,0,0,354,17204,0,0,0,0
45498.823,16169,61,0,0,0,0,0,8,29207,44,53,0,0,0,0,0,0,0,0,0,0,0,0,0,0,0,0,0,0,0,0,0,0,348,16635,0,0,0,0
45515.701,16878,59,0,0,0,0,0,8,29281,44,53,0,0,0,0,0,0,0,0,0,0,0,0,0,0,0,0,0,0,0,0,0,0,344,15717,0,0,0,0
45532.186,16484,60,0,0,0,0,0,8,31121,44,53,0,0,0,0,0,0,0,0,0,0,0,0,0,0,0,0,0,0,0,0,0,0,348,17400,0,0,0,0
45549.661,17475,57,0,0,0,0,0,8,31205,44,53,0,0,0,0,0,0,0,0,0,0,0,0,0,0,0,0,0,0,0,0,0,0,354,16060,0,0,0,0
45565.663,16002,62,0,0,0,0,0,8,31249,44,53,0,0,0,0,0,0,0,0,0,0,0,0,0,0,0,0,0,0,0,0,0,0,337,17961,0,0,0,0
45582.321,16658,60,0,0,0,0,0,8,31237,44,53,0,0,0,0,0,0,0,0,0,0,0,0,0,0,0,0,0,0,0,0,0,0,361,15693,0,0,0,0
45599.656,17334,57,0,0,0,0,0,8,31490,44,53,0,0,0,0,0,0,0,0,0,0,0,0,0,0,0,0,0,0,0,0,0,0,368,17247,0,0,0,0
45615.148,15492,64,0,0,0,0,0,8,31282,44,53,0,0,0,0,0,0,0,0,0,0,0,0,0,0,0,0,0,0,0,0,0,0,366,16856,0,0,0,0
45632.252,17103,58,0,0,0,0,0,8,31474,44,53,0,0,0,0,0,0,0,0,0,0,0,0,0,0,0,0,0,0,0,0,0,0,385,15865,0,0,0,0
45649.065,16813,59,0,0,0,0,0,8,31707,44,53,0,0,0,0,0,0,0,0,0,0,0,0,0,0,0,0,0,0,0,0,0,0,336,16907,0,0,0,0
45665.163,16097,62,0,0,0,0,0,8,31363,44,53,0,0,0,0,0,0,0,0,0,0,0,0,0,0,0,0,0,0,0,0,0,0,340,16520,0,0,0,0
45682.667,17503,57,0,0,0,0,0,8,31588,44,53,0,0,0,0,0,0,0,0,0,0,0,0,0,0,0,0,0,0,0,0,0,0,349,16573,0,0,0,0
45699.185,16517,60,0,0,0,0,0,8,31731,44,53,0,0,0,0,0,0,0,0,0,0,0,0,0,0,0,0,0,0,0,0,0,0,342,17071,0,0,0,0
45715.673,16488,60,0,0,0,0,0,8,31561,44,53,0,0,0,0,0,0,0,0,0,0,0,0,0,0,0,0,0,0,0,0,0,0,349,16164,0,0,0,0
45732.294,16621,60,0,0,0,0,0,8,31588,44,53,0,0,0,0,0,0,0,0,0,0,0,0,0,0,0,0,0,0,0,0,0,0,345,17229,0,0,0,0
45749.655,17360,57,0,0,0,0,0,8,31560,44,53,0,0,0,0,0,0,0,0,0,0,0,0,0,0,0,0,0,0,0,0,0,0,355,16455,0,0,0,0
45765.718,16063,62,0,0,0,0,0,8,31776,44,53,0,0,0,0,0,0,0,0,0,0,0,0,0,0,0,0,0,0,0,0,0,0,343,17530,0,0,0,0
45782.283,16564,60,0,0,0,0,0,8,31533,44,53,0,0,0,0,0,0,0,0,0,0,0,0,0,0,0,0,0,0,0,0,0,0,362,15743,0,0,0,0
45799.183,16900,59,0,0,0,0,0,8,29975,44,53,0,0,0,0,0,0,0,0,0,0,0,0,0,0,0,0,0,0,0,0,0,0,358,16598,0,0,0,0
45815.151,15967,62,0,0,0,0,0,8,29973,44,53,0,0,0,0,0,0,0,0,0,0,0,0,0,0,0,0,0,0,0,0,0,0,348,17212,0,0,0,0
45832.622,17470,57,0,0,0,0,0,8,31609,44,53,0,0,0,0,0,0,0,0,0,0,0,0,0,0,0,0,0,0,0,0,0,0,364,15797,0,0,0,0
45849.260,16638,60,0,0,0,0,0,8,31810,44,53,0,0,0,0,0,0,0,0,0,0,0,0,0,0,0,0,0,0,0,0,0,0,379,17500,0,0,0,0
45866.137,16876,59,0,0,0,0,0,8,31877,44,53,0,0,0,0,0,0,0,0,0,0,0,0,0,0,0,0,0,0,0,0,0,0,347,16462,0,0,0,0
45882.664,16527,60,0,0,0,0,0,8,32051,44,53,0,0,0,0,0,0,0,0,0,0,0,0,0,0,0,0,0,0,0,0,0,0,347,17184,0,0,0,0
45900.142,17477,57,0,0,0,0,0,8,31995,44,53,0,0,0,0,0,0,0,0,0,0,0,0,0,0,0,0,0,0,0,0,0,0,349,16177,0,0,0,0
45915.722,15580,64,0,0,0,0,0,8,32201,44,53,0,0,0,0,0,0,0,0,0,0,0,0,0,0,0,0,0,0,0,0,0,0,343,17798,0,0,0,0
45932.229,16507,60,0,0,0,0,0,8,32037,44,53,0,0,0,0,0,0,0,0,0,0,0,0,0,0,0,0,0,0,0,0,0,0,365,15816,0,0,0,0
45948.656,16427,60,0,0,0,0,0,8,32268,44,53,0,0,0,0,0,0,0,0,0,0,0,0,0,0,0,0,0,0,0,0,0,0,350,16025,0,0,0,0
45965.688,17031,58,0,0,0,0,0,8,32120,44,53,0,0,0,0,0,0,0,0,0,0,0,0,0,0,0,0,0,0,0,0,0,0,359,16908,0,0,0,0
45983.150,17462,57,0,0,0,0,0,8,32258,44,53,0,0,0,0,0,0,0,0,0,0,0,0,0,0,0,0,0,0,0,0,0,0,381,16959,0,0,0,0
45999.278,16127,62,0,0,0,0,0,8,32453,44,53,0,0,0,0,0,0,0,0,0,0,0,0,0,0,0,0,0,0,0,0,0,0,380,17004,0,0,0,0
46015.695,16417,60,0,0,0,0,0,8,32330,44,53,0,0,0,0,0,0,0,0,0,0,0,0,0,0,0,0,0,0,0,0,0,0,342,16341,0,0,0,0
46032.656,16961,58,0,0,0,0,0,8,32367,44,53,0,0,0,0,0,0,0,0,0,0,0,0,0,0,0,0,0,0,0,0,0,0,346,16357,0,0,0,0
46049.661,17004,58,0,0,0,0,0,8,32453,44,53,0,0,0,0,0,0,0,0,0,0,0,0,0,0,0,0,0,0,0,0,0,0,346,16685,0,0,0,0
46065.661,15999,62,0,0,0,0,0,8,32361,44,53,0,0,0,0,0,0,0,0,0,0,0,0,0,0,0,0,0,0,0,0,0,0,359,17457,0,0,0,0
46082.257,16596,60,0,0,0,0,0,8,32578,44,53,0,0,0,0,0,0,0,0,0,0,0,0,0,0,0,0,0,0,0,0,0,0,351,15748,0,0,0,0
46099.663,17406,57,0,0,0,0,0,8,32638,44,53,0,0,0,0,0,0,0,0,0,0,0,0,0,0,0,0,0,0,0,0,0,0,365,16991,0,0,0,0
46115.741,16078,62,0,0,0,0,0,8,32791,44,53,0,0,0,0,0,0,0,0,0,0,0,0,0,0,0,0,0,0,0,0,0,0,351,17044,0,0,0,0
46132.664,16923,59,0,0,0,0,0,8,32631,44,53,0,0,0,0,0,0,0,0,0,0,0,0,0,0,0,0,0,0,0,0,0,0,339,16426,0,0,0,0
46148.858,16193,61,0,0,0,0,0,8,32648,44,53,0,0,0,0,0,0,0,0,0,0,0,0,0,0,0,0,0,0,0,0,0,0,372,16591,0,0,0,0
46165.665,16807,59,0,0,0,0,0,8,32619,44,53,0,0,0,0,0,0,0,0,0,0,0,0,0,0,0,0,0,0,0,0,0,0,340,16440,0,0,0,0
46182.207,16541,60,0,0,0,0,0,8,32697,44,53,0,0,0,0,0,0,0,0,0,0,0,0,0,0,0,0,0,0,0,0,0,0,342,16614,0,0,0,0
46199.191,16984,58,0,0,0,0,0,8,32751,44,53,0,0,0,0,0,0,0,0,0,0,0,0,0,0,0,0,0,0,0,0,0,0,353,16336,0,0,0,0
46215.511,16319,61,0,0,0,0,0,8,30943,44,53,0,0,0,0,0,0,0,0,0,0,0,0,0,0,0,0,0,0,0,0,0,0,341,17534,0,0,0,0
46232.270,16758,59,0,0,0,0,0,8,30870,44,53,0,0,0,0,0,0,0,0,0,0,0,0,0,0,0,0,0,0,0,0,0,0,359,15922,0,0,0,0
46249.137,16867,59,0,0,0,0,0,8,30999,44,53,0,0,0,0,0,0,0,0,0,0,0,0,0,0,0,0,0,0,0,0,0,0,380,17034,0,0,0,0
46265.659,16522,60,0,0,0,0,0,8,30910,44,53,0,0,0,0,0,0,0,0,0,0,0,0,0,0,0,0,0,0,0,0,0,0,358,15606,0,0,0,0
46282.389,16730,59,0,0,0,0,0,8,30955,44,53,0,0,0,0,0,0,0,0,0,0,0,0,0,0,0,0,0,0,0,0,0,0,380,17641,0,0,0,0
46299.198,16798,59,0,0,0,0,0,8,30588,44,53,0,0,0,0,0,0,0,0,0,0,0,0,0,0,0,0,0,0,0,0,0,0,372,16354,0,0,0,0
46315.610,16422,60,0,0,0,0,0,8,30561,44,53,0,0,0,0,0,0,0,0,0,0,0,0,0,0,0,0,0,0,0,0,0,0,383,17404,0,0,0,0
46333.135,17525,57,0,0,0,0,0,8,30517,44,53,0,0,0,0,0,0,0,0,0,0,0,0,0,0,0,0,0,0,0,0,0,0,367,16138,0,0,0,0
46348.914,15778,63,0,0,0,0,0,8,30583,44,53,0,0,0,0,0,0,0,0,0,0,0,0,0,0,0,0,0,0,0,0,0,0,385,17777,0,0,0,0
46365.156,16241,61,0,0,0,0,0,8,30347,44,53,0,0,0,0,0,0,0,0,0,0,0,0,0,0,0,0,0,0,0,0,0,0,363,15471,0,0,0,0
46382.164,17008,58,0,0,0,0,0,8,30401,44,53,0,0,0,0,0,0,0,0,0,0,0,0,0,0,0,0,0,0,0,0,0,0,360,16210,0,0,0,0
46399.669,17504,57,0,0,0,0,0,8,32279,44,53,0,0,0,0,0,0,0,0,0,0,0,0,0,0,0,0,0,0,0,0,0,0,353,17089,0,0,0,0
46415.246,15577,64,0,0,0,0,0,8,32170,44,53,0,0,0,0,0,0,0,0,0,0,0,0,0,0,0,0,0,0,0,0,0,0,352,17307,0,0,0,0
46432.280,17034,58,0,0,0,0,0,8,32165,44,53,0,0,0,0,0,0,0,0,0,0,0,0,0,0,0,0,0,0,0,0,0,0,335,15777,0,0,0,0
46449.276,16996,58,0,0,0,0,0,8,32245,44,53,0,0,0,0,0,0,0,0,0,0,0,0,0,0,0,0,0,0,0,0,0,0,332,17165,0,0,0,0
46465.659,16383,61,0,0,0,0,0,8,32069,44,53,0,0,0,0,0,0,0,0,0,0,0,0,0,0,0,0,0,0,0,0,0,0,344,17005,0,0,0,0
46482.296,16637,60,0,0,0,0,0,8,32113,44,53,0,0,0,0,0,0,0,0,0,0,0,0,0,0,0,0,0,0,0,0,0,0,346,15923,0,0,0,0
46499.181,16885,59,0,0,0,0,0,8,32033,44,53,0,0,0,0,0,0,0,0,0,0,0,0,0,0,0,0,0,0,0,0,0,0,331,17185,0,0,0,0
46515.587,16405,60,0,0,0,0,0,8,32012,44,53,0,0,0,0,0,0,0,0,0,0,0,0,0,0,0,0,0,0,0,0,0,0,359,16551,0,0,0,0
46533.142,17554,56,0,0,0,0,0,8,32071,44,53,0,0,0,0,0,0,0,0,0,0,0,0,0,0,0,0,0,0,0,0,0,0,349,16296,0,0,0,0
46549.651,16508,60,0,0,0,0,0,8,32126,44,53,0,0,0,0,0,0,0,0,0,0,0,0,0,0,0,0,0,0,0,0,0,0,380,18236,0,0,0,0
46565.702,16051,62,0,0,0,0,0,8,32028,44,53,0,0,0,0,0,0,0,0,0,0,0,0,0,0,0,0,0,0,0,0,0,0,342,15665,0,0,0,0
46582.181,16478,60,0,0,0,0,0,8,31902,44,53,0,0,0,0,0,0,0,0,0,0,0,0,0,0,0,0,0,0,0,0,0,0,343,16439,0,0,0,0
46599.224,17043,58,0,0,0,0,0,8,31981,44,53,0,0,0,0,0,0,0,0,0,0,0,0,0,0,0,0,0,0,0,0,0,0,351,16674,0,0,0,0
46615.695,16470,60,0,0,0,0,0,8,32040,44,53,0,0,0,0,0,0,0,0,0,0,0,0,0,0,0,0,0,0,0,0,0,0,353,16373,0,0,0,0
46632.271,16576,60,0,0,0,0,0,8,31794,44,53,0,0,0,0,0,0,0,0,0,0,0,0,0,0,0,0,0,0,0,0,0,0,357,16993,0,0,0,0
46649.655,17383,57,0,0,0,0,0,8,31860,44,53,0,0,0,0,0,0,0,0,0,0,0,0,0,0,0,0,0,0,0,0,0,0,351,16451,0,0,0,0
46665.826,16171,61,0,0,0,0,0,8,30251,44,53,0,0,0,0,0,0,0,0,0,0,0,0,0,0,0,0,0,0,0,0,0,0,366,17345,0,0,0,0
46682.346,16520,60,0,0,0,0,0,8,30048,44,53,0,0,0,0,0,0,0,0,0,0,0,0,0,0,0,0,0,0,0,0,0,0,346,16247,0,0,0,0
46699.651,17304,57,0,0,0,0,0,8,30184,44,53,0,0,0,0,0,0,0,0,0,0,0,0,0,0,0,0,0,0,0,0,0,0,349,17198,0,0,0,0
46715.666,16015,62,0,0,0,0,0,8,30051,44,53,0,0,0,0,0,0,0,0,0,0,0,0,0,0,0,0,0,0,0,0,0,0,365,16824,0,0,0,0
46732.274,16608,60,0,0,0,0,0,8,30084,44,53,0,0,0,0,0,0,0,0,0,0,0,0,0,0,0,0,0,0,0,0,0,0,355,15674,0,0,0,0
46749.650,17375,57,0,0,0,0,0,8,30144,44,53,0,0,0,0,0,0,0,0,0,0,0,0,0,0,0,0,0,0,0,0,0,0,370,17071,0,0,0,0
46765.658,16007,62,0,0,0,0,0,8,30134,44,53,0,0,0,0,0,0,0,0,0,0,0,0,0,0,0,0,0,0,0,0,0,0,346,17387,0,0,0,0
46782.476,16818,59,0,0,0,0,0,8,30040,44,53,0,0,0,0,0,0,0,0,0,0,0,0,0,0,0,0,0,0,0,0,0,0,354,15867,0,0,0,0
46799.275,16799,59,0,0,0,0,0,8,30150,44,53,0,0,0,0,0,0,0,0,0,0,0,0,0,0,0,0,0,0,0,0,0,0,370,16286,0,0,0,0
46815.666,16390,61,0,0,0,0,0,8,30168,44,53,0,0,0,0,0,0,0,0,0,0,0,0,0,0,0,0,0,0,0,0,0,0,407,17386,0,0,0,0
46832.407,16741,59,0,0,0,0,0,8,30098,44,53,0,0,0,0,0,0,0,0,0,0,0,0,0,0,0,0,0,0,0,0,0,0,356,16198,0,0,0,0
46848.826,16419,60,0,0,0,0,0,8,30130,44,53,0,0,0,0,0,0,0,0,0,0,0,0,0,0,0,0,0,0,0,0,0,0,372,16684,0,0,0,0
46866.128,17302,57,0,0,0,0,0,8,29981,44,53,0,0,0,0,0,0,0,0,0,0,0,0,0,0,0,0,0,0,0,0,0,0,359,16329,0,0,0,0
46881.951,15822,63,0,0,0,0,0,8,32015,44,53,0,0,0,0,0,0,0,0,0,0,0,0,0,0,0,0,0,0,0,0,0,0,339,17539,0,0,0,0
46898.788,16837,59,0,0,0,0,0,8,31880,44,53,0,0,0,0,0,0,0,0,0,0,0,0,0,0,0,0,0,0,0,0,0,0,356,15778,0,0,0,0
46915.604,16815,59,0,0,0,0,0,8,31792,44,53,0,0,0,0,0,0,0,0,0,0,0,0,0,0,0,0,0,0,0,0,0,0,363,16633,0,0,0,0
46932.276,16672,59,0,0,0,0,0,8,31821,44,53,0,0,0,0,0,0,0,0,0,0,0,0,0,0,0,0,0,0,0,0,0,0,351,16821,0,0,0,0
46949.645,17368,57,0,0,0,0,0,8,31813,44,53,0,0,0,0,0,0,0,0,0,0,0,0,0,0,0,0,0,0,0,0,0,0,331,16823,0,0,0,0
46966.138,16493,60,0,0,0,0,0,8,31860,44,53,0,0,0,0,0,0,0,0,0,0,0,0,0,0,0,0,0,0,0,0,0,0,364,17483,0,0,0,0
46982.483,16345,61,0,0,0,0,0,8,31806,44,53,0,0,0,0,0,0,0,0,0,0,0,0,0,0,0,0,0,0,0,0,0,0,344,15177,0,0,0,0
46998.937,16453,60,0,0,0,0,0,8,31939,44,53,0,0,0,0,0,0,0,0,0,0,0,0,0,0,0,0,0,0,0,0,0,0,376,17283,0,0,0,0
47015.520,16583,60,0,0,0,0,0,8,31739,44,53,0,0,0,0,0,0,0,0,0,0,0,0,0,0,0,0,0,0,0,0,0,0,340,16738,0,0,0,0
47033.135,17615,56,0,0,0,0,0,8,31793,44,53,0,0,0,0,0,0,0,0,0,0,0,0,0,0,0,0,0,0,0,0,0,0,344,16137,0,0,0,0
47049.145,16010,62,0,0,0,0,0,8,31945,44,53,0,0,0,0,0,0,0,0,0,0,0,0,0,0,0,0,0,0,0,0,0,0,378,18038,0,0,0,0
47065.563,16418,60,0,0,0,0,0,8,31782,44,53,0,0,0,0,0,0,0,0,0,0,0,0,0,0,0,0,0,0,0,0,0,0,318,15928,0,0,0,0
47082.656,17092,58,0,0,0,0,0,8,31829,44,53,0,0,0,0,0,0,0,0,0,0,0,0,0,0,0,0,0,0,0,0,0,0,359,16261,0,0,0,0
47099.654,16998,58,0,0,0,0,0,8,31908,44,53,0,0,0,0,0,0,0,0,0,0,0,0,0,0,0,0,0,0,0,0,0,0,338,17004,0,0,0,0
47116.135,16481,60,0,0,0,0,0,8,31781,44,53,0,0,0,0,0,0,0,0,0,0,0,0,0,0,0,0,0,0,0,0,0,0,360,17007,0,0,0,0
47132.270,16134,61,0,0,0,0,0,8,31810,44,53,0,0,0,0,0,0,0,0,0,0,0,0,0,0,0,0,0,0,0,0,0,0,371,16381,0,0,0,0
47149.066,16796,59,0,0,0,0,0,8,30114,44,53,0,0,0,0,0,0,0,0,0,0,0,0,0,0,0,0,0,0,0,0,0,0,365,16619,0,0,0,0
47165.163,16097,62,0,0,0,0,0,8,30007,44,53,0,0,0,0,0,0,0,0,0,0,0,0,0,0,0,0,0,0,0,0,0,0,351,16699,0,0,0,0
47182.268,17105,58,0,0,0,0,0,8,30064,44,53,0,0,0,0,0,0,0,0,0,0,0,0,0,0,0,0,0,0,0,0,0,0,376,16137,0,0,0,0
47199.250,16981,58,0,0,0,0,0,8,30180,44,53,0,0,0,0,0,0,0,0,0,0,0,0,0,0,0,0,0,0,0,0,0,0,371,17308,0,0,0,0
47215.752,16501,60,0,0,0,0,0,8,30198,44,53,0,0,0,0,0,0,0,0,0,0,0,0,0,0,0,0,0,0,0,0,0,0,382,17074,0,0,0,0
47232.470,16718,59,0,0,0,0,0,8,29974,44,53,0,0,0,0,0,0,0,0,0,0,0,0,0,0,0,0,0,0,0,0,0,0,345,16247,0,0,0,0
47249.272,16801,59,0,0,0,0,0,8,30104,44,53,0,0,0,0,0,0,0,0,0,0,0,0,0,0,0,0,0,0,0,0,0,0,358,16370,0,0,0,0
47265.646,16374,61,0,0,0,0,0,8,30012,44,53,0,0,0,0,0,0,0,0,0,0,0,0,0,0,0,0,0,0,0,0,0,0,361,17361,0,0,0,0
47283.129,17482,57,0,0,0,0,0,8,30038,44,53,0,0,0,0,0,0,0,0,0,0,0,0,0,0,0,0,0,0,0,0,0,0,355,15511,0,0,0,0
47298.765,15635,63,0,0,0,0,0,8,30149,44,53,0,0,0,0,0,0,0,0,0,0,0,0,0,0,0,0,0,0,0,0,0,0,361,17498,0,0,0,0
47316.126,17361,57,0,0,0,0,0,8,30018,44,53,0,0,0,0,0,0,0,0,0,0,0,0,0,0,0,0,0,0,0,0,0,0,362,16453,0,0,0,0
47332.651,16525,60,0,0,0,0,0,8,30127,44,53,0,0,0,0,0,0,0,0,0,0,0,0,0,0,0,0,0,0,0,0,0,0,339,17210,0,0,0,0
47349.647,16995,58,0,0,0,0,0,8,30030,44,53,0,0,0,0,0,0,0,0,0,0,0,0,0,0,0,0,0,0,0,0,0,0,346,16405,0,0,0,0
47365.647,16000,62,0,0,0,0,0,8,29957,44,53,0,0,0,0,0,0,0,0,0,0,0,0,0,0,0,0,0,0,0,0,0,0,373,16670,0,0,0,0
47382.644,16996,58,0,0,0,0,0,8,30062,44,53,0,0,0,0,0,0,0,0,0,0,0,0,0,0,0,0,0,0,0,0,0,0,375,16010,0,0,0,0
47399.124,16480,60,0,0,0,0,0,8,30093,44,53,0,0,0,0,0,0,0,0,0,0,0,0,0,0,0,0,0,0,0,0,0,0,376,17094,0,0,0,0
47415.565,16440,60,0,0,0,0,0,8,29989,44,53,0,0,0,0,0,0,0,0,0,0,0,0,0,0,0,0,0,0,0,0,0,0,374,15761,0,0,0,0
47433.133,17568,56,0,0,0,0,0,8,30112,44,53,0,0,0,0,0,0,0,0,0,0,0,0,0,0,0,0,0,0,0,0,0,0,347,17268,0,0,0,0
47449.641,16507,60,0,0,0,0,0,8,30190,44,53,0,0,0,0,0,0,0,0,0,0,0,0,0,0,0,0,0,0,0,0,0,0,375,17338,0,0,0,0
47465.686,16045,62,0,0,0,0,0,8,30005,44,53,0,0,0,0,0,0,0,0,0,0,0,0,0,0,0,0,0,0,0,0,0,0,371,16675,0,0,0,0
47482.263,16576,60,0,0,0,0,0,8,30069,44,53,0,0,0,0,0,0,0,0,0,0,0,0,0,0,0,0,0,0,0,0,0,0,351,15897,0,0,0,0
47498.727,16464,60,0,0,0,0,0,8,30014,44,53,0,0,0,0,0,0,0,0,0,0,0,0,0,0,0,0,0,0,0,0,0,0,374,16739,0,0,0,0
47515.529,16801,59,0,0,0,0,0,8,30014,44,53,0,0,0,0,0,0,0,0,0,0,0,0,0,0,0,0,0,0,0,0,0,0,345,16731,0,0,0,0
47532.638,17108,58,0,0,0,0,0,8,30045,44,53,0,0,0,0,0,0,0,0,0,0,0,0,0,0,0,0,0,0,0,0,0,0,342,16465,0,0,0,0
47549.125,16487,60,0,0,0,0,0,8,30175,44,53,0,0,0,0,0,0,0,0,0,0,0,0,0,0,0,0,0,0,0,0,0,0,354,17668,0,0,0,0
47565.636,16510,60,0,0,0,0,0,8,29988,44,53,0,0,0,0,0,0,0,0,0,0,0,0,0,0,0,0,0,0,0,0,0,0,351,15351,0,0,0,0
47582.416,16779,59,0,0,0,0,0,8,30089,44,53,0,0,0,0,0,0,0,0,0,0,0,0,0,0,0,0,0,0,0,0,0,0,363,17461,0,0,0,0
47598.807,16391,61,0,0,0,0,0,8,31860,44,53,0,0,0,0,0,0,0,0,0,0,0,0,0,0,0,0,0,0,0,0,0,0,378,16510,0,0,0,0
47615.633,16826,59,0,0,0,0,0,8,31719,44,53,0,0,0,0,0,0,0,0,0,0,0,0,0,0,0,0,0,0,0,0,0,0,344,16481,0,0,0,0
47632.314,16680,59,0,0,0,0,0,8,31737,44,53,0,0,0,0,0,0,0,0,0,0,0,0,0,0,0,0,0,0,0,0,0,0,348,17023,0,0,0,0
47649.263,16949,58,0,0,0,0,0,8,31807,44,53,0,0,0,0,0,0,0,0,0,0,0,0,0,0,0,0,0,0,0,0,0,0,358,16099,0,0,0,0
47665.693,16430,60,0,0,0,0,0,8,31730,44,53,0,0,0,0,0,0,0,0,0,0,0,0,0,0,0,0,0,0,0,0,0,0,351,17643,0,0,0,0
47682.215,16522,60,0,0,0,0,0,8,31770,44,53,0,0,0,0,0,0,0,0,0,0,0,0,0,0,0,0,0,0,0,0,0,0,332,16467,0,0,0,0
47698.792,16577,60,0,0,0,0,0,8,31787,44,53,0,0,0,0,0,0,0,0,0,0,0,0,0,0,0,0,0,0,0,0,0,0,353,15833,0,0,0,0
47715.646,16853,59,0,0,0,0,0,8,31695,44,53,0,0,0,0,0,0,0,0,0,0,0,0,0,0,0,0,0,0,0,0,0,0,341,16955,0,0,0,0
47732.167,16521,60,0,0,0,0,0,8,31778,44,53,0,0,0,0,0,0,0,0,0,0,0,0,0,0,0,0,0,0,0,0,0,0,343,16723,0,0,0,0
47749.263,17095,58,0,0,0,0,0,8,31769,44,53,0,0,0,0,0,0,0,0,0,0,0,0,0,0,0,0,0,0,0,0,0,0,347,16824,0,0,0,0
47766.125,16862,59,0,0,0,0,0,8,31811,44,53,0,0,0,0,0,0,0,0,0,0,0,0,0,0,0,0,0,0,0,0,0,0,347,17460,0,0,0,0
47782.259,16134,61,0,0,0,0,0,8,31795,44,53,0,0,0,0,0,0,0,0,0,0,0,0,0,0,0,0,0,0,0,0,0,0,339,16535,0,0,0,0
47799.262,17003,58,0,0,0,0,0,8,31794,44,53,0,0,0,0,0,0,0,0,0,0,0,0,0,0,0,0,0,0,0,0,0,0,359,15965,0,0,0,0
47815.667,16405,60,0,0,0,0,0,8,31824,44,53,0,0,0,0,0,0,0,0,0,0,0,0,0,0,0,0,0,0,0,0,0,0,356,17292,0,0,0,0
47832.179,16512,60,0,0,0,0,0,8,31749,44,53,0,0,0,0,0,0,0,0,0,0,0,0,0,0,0,0,0,0,0,0,0,0,389,16430,0,0,0,0
47849.260,17080,58,0,0,0,0,0,8,31813,44,53,0,0,0,0,0,0,0,0,0,0,0,0,0,0,0,0,0,0,0,0,0,0,344,15824,0,0,0,0
47866.125,16865,59,0,0,0,0,0,8,30085,44,53,0,0,0,0,0,0,0,0,0,0,0,0,0,0,0,0,0,0,0,0,0,0,373,17535,0,0,0,0
47882.633,16508,60,0,0,0,0,0,8,30079,44,53,0,0,0,0,0,0,0,0,0,0,0,0,0,0,0,0,0,0,0,0,0,0,370,15595,0,0,0,0
47899.268,16634,60,0,0,0,0,0,8,30150,44,53,0,0,0,0,0,0,0,0,0,0,0,0,0,0,0,0,0,0,0,0,0,0,379,17720,0,0,0,0
47915.531,16263,61,0,0,0,0,0,8,30021,44,53,0,0,0,0,0,0,0,0,0,0,0,0,0,0,0,0,0,0,0,0,0,0,379,16850,0,0,0,0
47932.652,17121,58,0,0,0,0,0,8,30074,44,53,0,0,0,0,0,0,0,0,0,0,0,0,0,0,0,0,0,0,0,0,0,0,347,15435,0,0,0,0
47948.771,16118,62,0,0,0,0,0,8,30223,44,53,0,0,0,0,0,0,0,0,0,0,0,0,0,0,0,0,0,0,0,0,0,0,361,17301,0,0,0,0
47965.129,16358,61,0,0,0,0,0,8,30018,44,53,0,0,0,0,0,0,0,0,0,0,0,0,0,0,0,0,0,0,0,0,0,0,366,16546,0,0,0,0
47982.645,17516,57,0,0,0,0,0,8,30043,44,53,0,0,0,0,0,0,0,0,0,0,0,0,0,0,0,0,0,0,0,0,0,0,357,16498,0,0,0,0
47998.958,16312,61,0,0,0,0,0,8,30221,44,53,0,0,0,0,0,0,0,0,0,0,0,0,0,0,0,0,0,0,0,0,0,0,355,17067,0,0,0,0
48015.743,16784,59,0,0,0,0,0,8,30149,44,53,0,0,0,0,0,0,0,0,0,0,0,0,0,0,0,0,0,0,0,0,0,0,337,16907,0,0,0,0
48032.322,16579,60,0,0,0,0,0,8,29988,44,53,0,0,0,0,0,0,0,0,0,0,0,0,0,0,0,0,0,0,0,0,0,0,585,16758,0,0,0,0
48049.121,16798,59,0,0,0,0,0,8,30112,44,53,0,0,0,0,0,0,0,0,0,0,0,0,0,0,0,0,0,0,0,0,0,0,354,16325,0,0,0,0
48065.787,16666,60,0,0,0,0,0,8,30072,44,53,0,0,0,0,0,0,0,0,0,0,0,0,0,0,0,0,0,0,0,0,0,0,365,16015,0,0,0,0
48082.649,16861,59,0,0,0,0,0,8,30134,44,53,0,0,0,0,0,0,0,0,0,0,0,0,0,0,0,0,0,0,0,0,0,0,339,17761,0,0,0,0
48099.638,16989,58,0,0,0,0,0,8,31864,44,53,0,0,0,0,0,0,0,0,0,0,0,0,0,0,0,0,0,0,0,0,0,0,351,16701,0,0,0,0
48115.526,15888,62,0,0,0,0,0,8,31764,44,53,0,0,0,0,0,0,0,0,0,0,0,0,0,0,0,0,0,0,0,0,0,0,348,16814,0,0,0,0
48132.392,16865,59,0,0,0,0,0,8,31830,44,53,0,0,0,0,0,0,0,0,0,0,0,0,0,0,0,0,0,0,0,0,0,0,330,15662,0,0,0,0
48149.110,16718,59,0,0,0,0,0,8,31784,44,53,0,0,0,0,0,0,0,0,0,0,0,0,0,0,0,0,0,0,0,0,0,0,371,17054,0,0,0,0
48165.906,16795,59,0,0,0,0,0,8,31806,44,53,0,0,0,0,0,0,0,0,0,0,0,0,0,0,0,0,0,0,0,0,0,0,357,16464,0,0,0,0
48182.454,16547,60,0,0,0,0,0,8,31791,44,53,0,0,0,0,0,0,0,0,0,0,0,0,0,0,0,0,0,0,0,0,0,0,359,16941,0,0,0,0
48199.246,16791,59,0,0,0,0,0,8,31848,44,53,0,0,0,0,0,0,0,0,0,0,0,0,0,0,0,0,0,0,0,0,0,0,348,16616,0,0,0,0
48216.128,16882,59,0,0,0,0,0,8,31729,44,53,0,0,0,0,0,0,0,0,0,0,0,0,0,0,0,0,0,0,0,0,0,0,388,16720,0,0,0,0
48232.647,16518,60,0,0,0,0,0,8,31731,44,53,0,0,0,0,0,0,0,0,0,0,0,0,0,0,0,0,0,0,0,0,0,0,369,16439,0,0,0,0
48248.780,16133,61,0,0,0,0,0,8,31935,44,53,0,0,0,0,0,0,0,0,0,0,0,0,0,0,0,0,0,0,0,0,0,0,338,16778,0,0,0,0
48265.639,16858,59,0,0,0,0,0,8,31762,44,53,0,0,0,0,0,0,0,0,0,0,0,0,0,0,0,0,0,0,0,0,0,0,352,16437,0,0,0,0
48282.260,16621,60,0,0,0,0,0,8,31787,44,53,0,0,0,0,0,0,0,0,0,0,0,0,0,0,0,0,0,0,0,0,0,0,331,16627,0,0,0,0
48299.259,16998,58,0,0,0,0,0,8,31765,44,53,0,0,0,0,0,0,0,0,0,0,0,0,0,0,0,0,0,0,0,0,0,0,335,17190,0,0,0,0
48315.617,16357,61,0,0,0,0,0,8,31849,44,53,0,0,0,0,0,0,0,0,0,0,0,0,0,0,0,0,0,0,0,0,0,0,335,16729,0,0,0,0
48332.335,16718,59,0,0,0,0,0,8,31823,44,53,0,0,0,0,0,0,0,0,0,0,0,0,0,0,0,0,0,0,0,0,0,0,355,16414,0,0,0,0
48349.237,16902,59,0,0,0,0,0,8,31927,44,53,0,0,0,0,0,0,0,0,0,0,0,0,0,0,0,0,0,0,0,0,0,0,361,16843,0,0,0,0
48365.562,16325,61,0,0,0,0,0,8,31767,44,53,0,0,0,0,0,0,0,0,0,0,0,0,0,0,0,0,0,0,0,0,0,0,385,16894,0,0,0,0
48383.120,17558,56,0,0,0,0,0,8,31725,44,53,0,0,0,0,0,0,0,0,0,0,0,0,0,0,0,0,0,0,0,0,0,0,339,15853,0,0,0,0
48399.180,16059,62,0,0,0,0,0,8,30207,44,53,0,0,0,0,0,0,0,0,0,0,0,0,0,0,0,0,0,0,0,0,0,0,371,17487,0,0,0,0
48415.617,16437,60,0,0,0,0,0,8,30033,44,53,0,0,0,0,0,0,0,0,0,0,0,0,0,0,0,0,0,0,0,0,0,0,363,16543,0,0,0,0
48432.384,16766,59,0,0,0,0,0,8,30016,44,53,0,0,0,0,0,0,0,0,0,0,0,0,0,0,0,0,0,0,0,0,0,0,366,16134,0,0,0,0
48449.117,16732,59,0,0,0,0,0,8,30103,44,53,0,0,0,0,0,0,0,0,0,0,0,0,0,0,0,0,0,0,0,0,0,0,366,16582,0,0,0,0
48465.742,16625,60,0,0,0,0,0,8,30227,44,53,0,0,0,0,0,0,0,0,0,0,0,0,0,0,0,0,0,0,0,0,0,0,361,15920,0,0,0,0
48482.447,16704,59,0,0,0,0,0,8,30173,44,53,0,0,0,0,0,0,0,0,0,0,0,0,0,0,0,0,0,0,0,0,0,0,357,17493,0,0,0,0
48500.122,17675,56,0,0,0,0,0,8,30242,44,53,0,0,0,0,0,0,0,0,0,0,0,0,0,0,0,0,0,0,0,0,0,0,365,17452,0,0,0,0
48515.938,15815,63,0,0,0,0,0,8,30173,44,53,0,0,0,0,0,0,0,0,0,0,0,0,0,0,0,0,0,0,0,0,0,0,370,17255,0,0,0,0
48533.126,17188,58,0,0,0,0,0,8,31884,44,53,0,0,0,0,0,0,0,0,0,0,0,0,0,0,0,0,0,0,0,0,0,0,343,14994,0,0,0,0
48549.282,16155,61,0,0,0,0,0,8,31891,44,53,0,0,0,0,0,0,0,0,0,0,0,0,0,0,0,0,0,0,0,0,0,0,350,17747,0,0,0,0
48565.687,16404,60,0,0,0,0,0,8,31793,44,53,0,0,0,0,0,0,0,0,0,0,0,0,0,0,0,0,0,0,0,0,0,0,357,16026,0,0,0,0
48582.638,16950,58,0,0,0,0,0,8,31859,44,53,0,0,0,0,0,0,0,0,0,0,0,0,0,0,0,0,0,0,0,0,0,0,345,16558,0,0,0,0
48599.142,16503,60,0,0,0,0,0,8,31981,44,53,0,0,0,0,0,0,0,0,0,0,0,0,0,0,0,0,0,0,0,0,0,0,366,17471,0,0,0,0
48615.681,16538,60,0,0,0,0,0,8,31820,44,53,0,0,0,0,0,0,0,0,0,0,0,0,0,0,0,0,0,0,0,0,0,0,360,16296,0,0,0,0
48632.631,16950,58,0,0,0,0,0,8,31891,44,53,0,0,0,0,0,0,0,0,0,0,0,0,0,0,0,0,0,0,0,0,0,0,351,16293,0,0,0,0
48648.833,16202,61,0,0,0,0,0,8,31937,44,53,0,0,0,0,0,0,0,0,0,0,0,0,0,0,0,0,0,0,0,0,0,0,349,16964,0,0,0,0
48665.490,16656,60,0,0,0,0,0,8,31899,44,53,0,0,0,0,0,0,0,0,0,0,0,0,0,0,0,0,0,0,0,0,0,0,346,16276,0,0,0,0
48682.259,16769,59,0,0,0,0,0,8,31930,44,53,0,0,0,0,0,0,0,0,0,0,0,0,0,0,0,0,0,0,0,0,0,0,336,16332,0,0,0,0
48700.116,17856,56,0,0,0,0,0,8,32040,44,53,0,0,0,0,0,0,0,0,0,0,0,0,0,0,0,0,0,0,0,0,0,0,345,17283,0,0,0,0
48716.113,15997,62,0,0,0,0,0,8,31995,44,53,0,0,0,0,0,0,0,0,0,0,0,0,0,0,0,0,0,0,0,0,0,0,356,17940,0,0,0,0
48732.135,16022,62,0,0,0,0,0,8,31915,44,53,0,0,0,0,0,0,0,0,0,0,0,0,0,0,0,0,0,0,0,0,0,0,330,14640,0,0,0,0
48749.045,16909,59,0,0,0,0,0,8,32087,44,53,0,0,0,0,0,0,0,0,0,0,0,0,0,0,0,0,0,0,0,0,0,0,369,17456,0,0,0,0
48765.630,16585,60,0,0,0,0,0,8,32388,44,53,0,0,0,0,0,0,0,0,0,0,0,0,0,0,0,0,0,0,0,0,0,0,350,16494,0,0,0,0
48782.641,17010,58,0,0,0,0,0,8,32298,44,53,0,0,0,0,0,0,0,0,0,0,0,0,0,0,0,0,0,0,0,0,0,0,352,16990,0,0,0,0
48800.085,17444,57,0,0,0,0,0,8,32372,44,53,0,0,0,0,0,0,0,0,0,0,0,0,0,0,0,0,0,0,0,0,0,0,340,16447,0,0,0,0
48815.647,15561,64,0,0,0,0,0,8,32431,44,53,0,0,0,0,0,0,0,0,0,0,0,0,0,0,0,0,0,0,0,0,0,0,363,17867,0,0,0,0
48832.247,16600,60,0,0,0,0,0,8,32432,44,53,0,0,0,0,0,0,0,0,0,0,0,0,0,0,0,0,0,0,0,0,0,0,338,15335,0,0,0,0
48848.767,16519,60,0,0,0,0,0,8,32420,44,53,0,0,0,0,0,0,0,0,0,0,0,0,0,0,0,0,0,0,0,0,0,0,363,16901,0,0,0,0
48865.668,16901,59,0,0,0,0,0,8,32250,44,53,0,0,0,0,0,0,0,0,0,0,0,0,0,0,0,0,0,0,0,0,0,0,329,16302,0,0,0,0
48883.111,17442,57,0,0,0,0,0,8,32409,44,53,0,0,0,0,0,0,0,0,0,0,0,0,0,0,0,0,0,0,0,0,0,0,347,16782,0,0,0,0
48899.626,16515,60,0,0,0,0,0,8,30841,44,53,0,0,0,0,0,0,0,0,0,0,0,0,0,0,0,0,0,0,0,0,0,0,374,18379,0,0,0,0
48915.633,16007,62,0,0,0,0,0,8,30652,44,53,0,0,0,0,0,0,0,0,0,0,0,0,0,0,0,0,0,0,0,0,0,0,331,15960,0,0,0,0
48932.257,16623,60,0,0,0,0,0,8,30793,44,53,0,0,0,0,0,0,0,0,0,0,0,0,0,0,0,0,0,0,0,0,0,0,365,15450,0,0,0,0
48948.760,16502,60,0,0,0,0,0,8,30702,44,53,0,0,0,0,0,0,0,0,0,0,0,0,0,0,0,0,0,0,0,0,0,0,359,16864,0,0,0,0
48965.170,16410,60,0,0,0,0,0,8,30618,44,53,0,0,0,0,0,0,0,0,0,0,0,0,0,0,0,0,0,0,0,0,0,0,369,16415,0,0,0,0
48982.640,17469,57,0,0,0,0,0,8,30772,44,53,0,0,0,0,0,0,0,0,0,0,0,0,0,0,0,0,0,0,0,0,0,0,367,16735,0,0,0,0
48998.652,16012,62,0,0,0,0,0,8,30873,44,53,0,0,0,0,0,0,0,0,0,0,0,0,0,0,0,0,0,0,0,0,0,0,363,17634,0,0,0,0
49015.737,17084,58,0,0,0,0,0,8,30808,44,53,0,0,0,0,0,0,0,0,0,0,0,0,0,0,0,0,0,0,0,0,0,0,370,15959,0,0,0,0
49032.159,16422,60,0,0,0,0,0,8,30804,44,53,0,0,0,0,0,0,0,0,0,0,0,0,0,0,0,0,0,0,0,0,0,0,365,16896,0,0,0,0
49049.113,16953,58,0,0,0,0,0,8,30853,44,53,0,0,0,0,0,0,0,0,0,0,0,0,0,0,0,0,0,0,0,0,0,0,365,16090,0,0,0,0
49065.549,16435,60,0,0,0,0,0,8,30728,44,53,0,0,0,0,0,0,0,0,0,0,0,0,0,0,0,0,0,0,0,0,0,0,355,16378,0,0,0,0
49083.121,17572,56,0,0,0,0,0,8,30927,44,53,0,0,0,0,0,0,0,0,0,0,0,0,0,0,0,0,0,0,0,0,0,0,358,17114,0,0,0,0
49099.249,16128,62,0,0,0,0,0,8,32643,44,53,0,0,0,0,0,0,0,0,0,0,0,0,0,0,0,0,0,0,0,0,0,0,377,17416,0,0,0,0
49115.119,15870,63,0,0,0,0,0,8,32493,44,53,0,0,0,0,0,0,0,0,0,0,0,0,0,0,0,0,0,0,0,0,0,0,340,16328,0,0,0,0
49132.450,17331,57,0,0,0,0,0,8,32598,44,53,0,0,0,0,0,0,0,0,0,0,0,0,0,0,0,0,0,0,0,0,0,0,363,14740,0,0,0,0
49149.208,16757,59,0,0,0,0,0,8,32704,44,53,0,0,0,0,0,0,0,0,0,0,0,0,0,0,0,0,0,0,0,0,0,0,365,18180,0,0,0,0
49165.627,16419,60,0,0,0,0,0,8,32493,44,53,0,0,0,0,0,0,0,0,0,0,0,0,0,0,0,0,0,0,0,0,0,0,358,16884,0,0,0,0
49182.396,16769,59,0,0,0,0,0,8,32448,44,53,0,0,0,0,0,0,0,0,0,0,0,0,0,0,0,0,0,0,0,0,0,0,369,16386,0,0,0,0
49199.273,16876,59,0,0,0,0,0,8,32506,44,53,0,0,0,0,0,0,0,0,0,0,0,0,0,0,0,0,0,0,0,0,0,0,380,16817,0,0,0,0
49215.701,16427,60,0,0,0,0,0,8,32553,44,53,0,0,0,0,0,0,0,0,0,0,0,0,0,0,0,0,0,0,0,0,0,0,353,17352,0,0,0,0
49232.278,16566,60,0,0,0,0,0,8,32509,44,53,0,0,0,0,0,0,0,0,0,0,0,0,0,0,0,0,0,0,0,0,0,0,347,15873,0,0,0,0
49249.110,16842,59,0,0,0,0,0,8,32483,44,53,0,0,0,0,0,0,0,0,0,0,0,0,0,0,0,0,0,0,0,0,0,0,340,16898,0,0,0,0
49265.689,16579,60,0,0,0,0,0,8,32312,44,53,0,0,0,0,0,0,0,0,0,0,0,0,0,0,0,0,0,0,0,0,0,0,346,16034,0,0,0,0
49282.373,16683,59,0,0,0,0,0,8,32538,44,53,0,0,0,0,0,0,0,0,0,0,0,0,0,0,0,0,0,0,0,0,0,0,346,17216,0,0,0,0
49299.268,16895,59,0,0,0,0,0,8,32491,44,53,0,0,0,0,0,0,0,0,0,0,0,0,0,0,0,0,0,0,0,0,0,0,361,16473,0,0,0,0
49315.778,16509,60,0,0,0,0,0,8,32541,44,53,0,0,0,0,0,0,0,0,0,0,0,0,0,0,0,0,0,0,0,0,0,0,338,17361,0,0,0,0
49332.261,16483,60,0,0,0,0,0,8,32356,44,53,0,0,0,0,0,0,0,0,0,0,0,0,0,0,0,0,0,0,0,0,0,0,346,16341,0,0,0,0
49349.061,16800,59,0,0,0,0,0,8,32383,44,53,0,0,0,0,0,0,0,0,0,0,0,0,0,0,0,0,0,0,0,0,0,0,354,16401,0,0,0,0
49365.503,16441,60,0,0,0,0,0,8,30638,44,53,0,0,0,0,0,0,0,0,0,0,0,0,0,0,0,0,0,0,0,0,0,0,368,16596,0,0,0,0
49382.463,16959,58,0,0,0,0,0,8,30702,44,53,0,0,0,0,0,0,0,0,0,0,0,0,0,0,0,0,0,0,0,0,0,0,371,16595,0,0,0,0
49398.778,16315,61,0,0,0,0,0,8,30728,44,53,0,0,0,0,0,0,0,0,0,0,0,0,0,0,0,0,0,0,0,0,0,0,382,16893,0,0,0,0
49415.626,16848,59,0,0,0,0,0,8,30597,44,53,0,0,0,0,0,0,0,0,0,0,0,0,0,0,0,0,0,0,0,0,0,0,345,16221,0,0,0,0
49432.247,16620,60,0,0,0,0,0,8,30762,44,53,0,0,0,0,0,0,0,0,0,0,0,0,0,0,0,0,0,0,0,0,0,0,361,17494,0,0,0,0
49449.276,17029,58,0,0,0,0,0,8,30730,44,53,0,0,0,0,0,0,0,0,0,0,0,0,0,0,0,0,0,0,0,0,0,0,375,15982,0,0,0,0
49465.623,16346,61,0,0,0,0,0,8,30731,44,53,0,0,0,0,0,0,0,0,0,0,0,0,0,0,0,0,0,0,0,0,0,0,398,17136,0,0,0,0
49482.245,16621,60,0,0,0,0,0,8,30690,44,53,0,0,0,0,0,0,0,0,0,0,0,0,0,0,0,0,0,0,0,0,0,0,346,16914,0,0,0,0
49499.248,17003,58,0,0,0,0,0,8,30704,44,53,0,0,0,0,0,0,0,0,0,0,0,0,0,0,0,0,0,0,0,0,0,0,361,16292,0,0,0,0
49515.633,16385,61,0,0,0,0,0,8,30652,44,53,0,0,0,0,0,0,0,0,0,0,0,0,0,0,0,0,0,0,0,0,0,0,356,16949,0,0,0,0
49532.205,16572,60,0,0,0,0,0,8,30709,44,53,0,0,0,0,0,0,0,0,0,0,0,0,0,0,0,0,0,0,0,0,0,0,354,16662,0,0,0,0
49549.114,16908,59,0,0,0,0,0,8,30765,44,53,0,0,0,0,0,0,0,0,0,0,0,0,0,0,0,0,0,0,0,0,0,0,378,16408,0,0,0,0
49566.116,17001,58,0,0,0,0,0,8,30646,44,53,0,0,0,0,0,0,0,0,0,0,0,0,0,0,0,0,0,0,0,0,0,0,355,16784,0,0,0,0
49583.123,17007,58,0,0,0,0,0,8,30621,44,53,0,0,0,0,0,0,0,0,0,0,0,0,0,0,0,0,0,0,0,0,0,0,372,16083,0,0,0,0
49600.111,16988,58,0,0,0,0,0,8,30810,44,53,0,0,0,0,0,0,0,0,0,0,0,0,0,0,0,0,0,0,0,0,0,0,349,17644,0,0,0,0
49615.671,15560,64,0,0,0,0,0,8,30736,44,53,0,0,0,0,0,0,0,0,0,0,0,0,0,0,0,0,0,0,0,0,0,0,367,17416,0,0,0,0
49633.104,17432,57,0,0,0,0,0,8,30665,44,53,0,0,0,0,0,0,0,0,0,0,0,0,0,0,0,0,0,0,0,0,0,0,369,15716,0,0,0,0
49649.025,15920,62,0,0,0,0,0,8,30757,44,53,0,0,0,0,0,0,0,0,0,0,0,0,0,0,0,0,0,0,0,0,0,0,352,16913,0,0,0,0
49666.106,17081,58,0,0,0,0,0,8,30581,44,53,0,0,0,0,0,0,0,0,0,0,0,0,0,0,0,0,0,0,0,0,0,0,360,16059,0,0,0,0
49682.412,16305,61,0,0,0,0,0,8,30852,44,53,0,0,0,0,0,0,0,0,0,0,0,0,0,0,0,0,0,0,0,0,0,0,358,17311,0,0,0,0
49699.104,16692,59,0,0,0,0,0,8,30792,44,53,0,0,0,0,0,0,0,0,0,0,0,0,0,0,0,0,0,0,0,0,0,0,349,16199,0,0,0,0
49716.108,17004,58,0,0,0,0,0,8,30712,44,53,0,0,0,0,0,0,0,0,0,0,0,0,0,0,0,0,0,0,0,0,0,0,361,16927,0,0,0,0
49732.308,16199,61,0,0,0,0,0,8,30767,44,53,0,0,0,0,0,0,0,0,0,0,0,0,0,0,0,0,0,0,0,0,0,0,337,16038,0,0,0,0
49749.104,16796,59,0,0,0,0,0,8,30797,44,53,0,0,0,0,0,0,0,0,0,0,0,0,0,0,0,0,0,0,0,0,0,0,350,16635,0,0,0,0
49765.623,16519,60,0,0,0,0,0,8,30679,44,53,0,0,0,0,0,0,0,0,0,0,0,0,0,0,0,0,0,0,0,0,0,0,367,16125,0,0,0,0
49782.626,17002,58,0,0,0,0,0,8,30825,44,53,0,0,0,0,0,0,0,0,0,0,0,0,0,0,0,0,0,0,0,0,0,0,337,17117,0,0,0,0
49799.113,16487,60,0,0,0,0,0,8,30766,44,53,0,0,0,0,0,0,0,0,0,0,0,0,0,0,0,0,0,0,0,0,0,0,351,16983,0,0,0,0
49816.105,16992,58,0,0,0,0,0,8,30662,44,53,0,0,0,0,0,0,0,0,0,0,0,0,0,0,0,0,0,0,0,0,0,0,360,17010,0,0,0,0
49832.316,16210,61,0,0,0,0,0,8,30639,44,53,0,0,0,0,0,0,0,0,0,0,0,0,0,0,0,0,0,0,0,0,0,0,356,17043,0,0,0,0
49848.833,16517,60,0,0,0,0,0,8,30696,44,53,0,0,0,0,0,0,0,0,0,0,0,0,0,0,0,0,0,0,0,0,0,0,357,15602,0,0,0,0
49865.801,16967,58,0,0,0,0,0,8,30744,44,53,0,0,0,0,0,0,0,0,0,0,0,0,0,0,0,0,0,0,0,0,0,0,356,16652,0,0,0,0
49882.567,16765,59,0,0,0,0,0,8,30651,44,53,0,0,0,0,0,0,0,0,0,0,0,0,0,0,0,0,0,0,0,0,0,0,352,17279,0,0,0,0
49899.239,16673,59,0,0,0,0,0,8,30666,44,53,0,0,0,0,0,0,0,0,0,0,0,0,0,0,0,0,0,0,0,0,0,0,377,16630,0,0,0,0
49915.615,16375,61,0,0,0,0,0,8,30610,44,53,0,0,0,0,0,0,0,0,0,0,0,0,0,0,0,0,0,0,0,0,0,0,356,16470,0,0,0,0
49932.238,16622,60,0,0,0,0,0,8,32461,44,53,0,0,0,0,0,0,0,0,0,0,0,0,0,0,0,0,0,0,0,0,0,0,331,16949,0,0,0,0
49949.015,16777,59,0,0,0,0,0,8,32482,44,53,0,0,0,0,0,0,0,0,0,0,0,0,0,0,0,0,0,0,0,0,0,0,345,16285,0,0,0,0
49965.600,16585,60,0,0,0,0,0,8,32322,44,53,0,0,0,0,0,0,0,0,0,0,0,0,0,0,0,0,0,0,0,0,0,0,357,16818,0,0,0,0
49982.301,16701,59,0,0,0,0,0,8,32325,44,53,0,0,0,0,0,0,0,0,0,0,0,0,0,0,0,0,0,0,0,0,0,0,356,16231,0,0,0,0
49999.150,16848,59,0,0,0,0,0,8,32523,44,53,0,0,0,0,0,0,0,0,0,0,0,0,0,0,0,0,0,0,0,0,0,0,379,17135,0,0,0,0
50015.131,15980,62,0,0,0,0,0,8,32336,44,53,0,0,0,0,0,0,0,0,0,0,0,0,0,0,0,0,0,0,0,0,0,0,352,16222,0,0,0,0
50032.242,17110,58,0,0,0,0,0,8,32437,44,53,0,0,0,0,0,0,0,0,0,0,0,0,0,0,0,0,0,0,0,0,0,0,344,16248,0,0,0,0
50049.626,17384,57,0,0,0,0,0,8,32481,44,53,0,0,0,0,0,0,0,0,0,0,0,0,0,0,0,0,0,0,0,0,0,0,342,17372,0,0,0,0
50065.631,16005,62,0,0,0,0,0,8,32389,44,53,0,0,0,0,0,0,0,0,0,0,0,0,0,0,0,0,0,0,0,0,0,0,367,16919,0,0,0,0
50082.478,16847,59,0,0,0,0,0,8,32394,44,53,0,0,0,0,0,0,0,0,0,0,0,0,0,0,0,0,0,0,0,0,0,0,362,16202,0,0,0,0
50099.005,16526,60,0,0,0,0,0,8,32429,44,53,0,0,0,0,0,0,0,0,0,0,0,0,0,0,0,0,0,0,0,0,0,0,386,16753,0,0,0,0
50116.104,17099,58,0,0,0,0,0,8,32350,44,53,0,0,0,0,0,0,0,0,0,0,0,0,0,0,0,0,0,0,0,0,0,0,356,16766,0,0,0,0
50132.627,16522,60,0,0,0,0,0,8,32455,44,53,0,0,0,0,0,0,0,0,0,0,0,0,0,0,0,0,0,0,0,0,0,0,338,17582,0,0,0,0
50149.624,16997,58,0,0,0,0,0,8,32385,44,53,0,0,0,0,0,0,0,0,0,0,0,0,0,0,0,0,0,0,0,0,0,0,346,15881,0,0,0,0
50165.173,15549,64,0,0,0,0,0,8,32305,44,53,0,0,0,0,0,0,0,0,0,0,0,0,0,0,0,0,0,0,0,0,0,0,355,17086,0,0,0,0
50183.125,17951,55,0,0,0,0,0,8,32424,44,53,0,0,0,0,0,0,0,0,0,0,0,0,0,0,0,0,0,0,0,0,0,0,338,15864,0,0,0,0
50198.657,15532,64,0,0,0,0,0,8,30767,44,53,0,0,0,0,0,0,0,0,0,0,0,0,0,0,0,0,0,0,0,0,0,0,376,18793,0,0,0,0
50215.689,17031,58,0,0,0,0,0,8,30595,44,53,0,0,0,0,0,0,0,0,0,0,0,0,0,0,0,0,0,0,0,0,0,0,326,14495,0,0,0,0
50232.436,16747,59,0,0,0,0,0,8,30627,44,53,0,0,0,0,0,0,0,0,0,0,0,0,0,0,0,0,0,0,0,0,0,0,334,16805,0,0,0,0
50249.115,16667,59,0,0,0,0,0,8,30794,44,53,0,0,0,0,0,0,0,0,0,0,0,0,0,0,0,0,0,0,0,0,0,0,376,17354,0,0,0,0
50266.099,16995,58,0,0,0,0,0,8,30562,44,53,0,0,0,0,0,0,0,0,0,0,0,0,0,0,0,0,0,0,0,0,0,0,351,16816,0,0,0,0
50282.531,16432,60,0,0,0,0,0,8,30621,44,53,0,0,0,0,0,0,0,0,0,0,0,0,0,0,0,0,0,0,0,0,0,0,329,16610,0,0,0,0
50299.239,16707,59,0,0,0,0,0,8,30595,44,53,0,0,0,0,0,0,0,0,0,0,0,0,0,0,0,0,0,0,0,0,0,0,386,16089,0,0,0,0
50315.629,16390,61,0,0,0,0,0,8,30578,44,53,0,0,0,0,0,0,0,0,0,0,0,0,0,0,0,0,0,0,0,0,0,0,378,16677,0,0,0,0
50332.251,16621,60,0,0,0,0,0,8,30636,44,53,0,0,0,0,0,0,0,0,0,0,0,0,0,0,0,0,0,0,0,0,0,0,349,16565,0,0,0,0
50348.652,16401,60,0,0,0,0,0,8,30652,44,53,0,0,0,0,0,0,0,0,0,0,0,0,0,0,0,0,0,0,0,0,0,0,372,16810,0,0,0,0
50365.521,16869,59,0,0,0,0,0,8,30575,44,53,0,0,0,0,0,0,0,0,0,0,0,0,0,0,0,0,0,0,0,0,0,0,365,16809,0,0,0,0
50382.298,16776,59,0,0,0,0,0,8,30583,44,53,0,0,0,0,0,0,0,0,0,0,0,0,0,0,0,0,0,0,0,0,0,0,342,16557,0,0,0,0
50399.642,17343,57,0,0,0,0,0,8,30629,44,53,0,0,0,0,0,0,0,0,0,0,0,0,0,0,0,0,0,0,0,0,0,0,413,16295,0,0,0,0
50416.098,16455,60,0,0,0,0,0,8,30740,44,53,0,0,0,0,0,0,0,0,0,0,0,0,0,0,0,0,0,0,0,0,0,0,366,17224,0,0,0,0
50432.514,16417,60,0,0,0,0,0,8,30674,44,53,0,0,0,0,0,0,0,0,0,0,0,0,0,0,0,0,0,0,0,0,0,0,352,17011,0,0,0,0
50448.803,16288,61,0,0,0,0,0,8,30680,44,53,0,0,0,0,0,0,0,0,0,0,0,0,0,0,0,0,0,0,0,0,0,0,355,16308,0,0,0,0
50465.517,16714,59,0,0,0,0,0,8,30569,44,53,0,0,0,0,0,0,0,0,0,0,0,0,0,0,0,0,0,0,0,0,0,0,351,16103,0,0,0,0
50483.095,17577,56,0,0,0,0,0,8,30609,44,53,0,0,0,0,0,0,0,0,0,0,0,0,0,0,0,0,0,0,0,0,0,0,383,16662,0,0,0,0
50499.115,16020,62,0,0,0,0,0,8,30814,44,53,0,0,0,0,0,0,0,0,0,0,0,0,0,0,0,0,0,0,0,0,0,0,387,17744,0,0,0,0
50515.742,16626,60,0,0,0,0,0,8,30710,44,53,0,0,0,0,0,0,0,0,0,0,0,0,0,0,0,0,0,0,0,0,0,0,345,16099,0,0,0,0
50532.150,16408,60,0,0,0,0,0,8,30551,44,53,0,0,0,0,0,0,0,0,0,0,0,0,0,0,0,0,0,0,0,0,0,0,365,16875,0,0,0,0
50548.868,16718,59,0,0,0,0,0,8,30631,44,53,0,0,0,0,0,0,0,0,0,0,0,0,0,0,0,0,0,0,0,0,0,0,375,15896,0,0,0,0
50565.592,16723,59,0,0,0,0,0,8,30577,44,53,0,0,0,0,0,0,0,0,0,0,0,0,0,0,0,0,0,0,0,0,0,0,367,17130,0,0,0,0
50582.609,17017,58,0,0,0,0,0,8,30695,44,53,0,0,0,0,0,0,0,0,0,0,0,0,0,0,0,0,0,0,0,0,0,0,379,16258,0,0,0,0
50599.637,17027,58,0,0,0,0,0,8,30794,44,53,0,0,0,0,0,0,0,0,0,0,0,0,0,0,0,0,0,0,0,0,0,0,336,17412,0,0,0,0
50615.694,16056,62,0,0,0,0,0,8,30574,44,53,0,0,0,0,0,0,0,0,0,0,0,0,0,0,0,0,0,0,0,0,0,0,348,16855,0,0,0,0
50632.238,16544,60,0,0,0,0,0,8,30636,44,53,0,0,0,0,0,0,0,0,0,0,0,0,0,0,0,0,0,0,0,0,0,0,336,16320,0,0,0,0
50648.802,16564,60,0,0,0,0,0,8,30684,44,53,0,0,0,0,0,0,0,0,0,0,0,0,0,0,0,0,0,0,0,0,0,0,352,16469,0,0,0,0
50665.471,16668,59,0,0,0,0,0,8,30587,44,53,0,0,0,0,0,0,0,0,0,0,0,0,0,0,0,0,0,0,0,0,0,0,365,16243,0,0,0,0
50683.106,17634,56,0,0,0,0,0,8,30664,44,53,0,0,0,0,0,0,0,0,0,0,0,0,0,0,0,0,0,0,0,0,0,0,341,16794,0,0,0,0
50699.232,16126,62,0,0,0,0,0,8,30711,44,53,0,0,0,0,0,0,0,0,0,0,0,0,0,0,0,0,0,0,0,0,0,0,363,18055,0,0,0,0
50715.519,16286,61,0,0,0,0,0,8,30589,44,53,0,0,0,0,0,0,0,0,0,0,0,0,0,0,0,0,0,0,0,0,0,0,347,15674,0,0,0,0
50732.308,16788,59,0,0,0,0,0,8,30634,44,53,0,0,0,0,0,0,0,0,0,0,0,0,0,0,0,0,0,0,0,0,0,0,344,16270,0,0,0,0
50749.096,16788,59,0,0,0,0,0,8,30632,44,53,0,0,0,0,0,0,0,0,0,0,0,0,0,0,0,0,0,0,0,0,0,0,386,16883,0,0,0,0
50766.093,16996,58,0,0,0,0,0,8,30445,44,53,0,0,0,0,0,0,0,0,0,0,0,0,0,0,0,0,0,0,0,0,0,0,355,15893,0,0,0,0
50782.376,16283,61,0,0,0,0,0,8,30495,44,53,0,0,0,0,0,0,0,0,0,0,0,0,0,0,0,0,0,0,0,0,0,0,350,18154,0,0,0,0
50799.111,16734,59,0,0,0,0,0,8,30477,44,53,0,0,0,0,0,0,0,0,0,0,0,0,0,0,0,0,0,0,0,0,0,0,375,15864,0,0,0,0
50815.515,16403,60,0,0,0,0,0,8,30493,44,53,0,0,0,0,0,0,0,0,0,0,0,0,0,0,0,0,0,0,0,0,0,0,399,17108,0,0,0,0
50832.628,17113,58,0,0,0,0,0,8,32176,44,53,0,0,0,0,0,0,0,0,0,0,0,0,0,0,0,0,0,0,0,0,0,0,349,15878,0,0,0,0
50848.832,16204,61,0,0,0,0,0,8,32350,44,53,0,0,0,0,0,0,0,0,0,0,0,0,0,0,0,0,0,0,0,0,0,0,346,17118,0,0,0,0
50866.101,17268,57,0,0,0,0,0,8,32092,44,53,0,0,0,0,0,0,0,0,0,0,0,0,0,0,0,0,0,0,0,0,0,0,346,16279,0,0,0,0
50882.225,16124,62,0,0,0,0,0,8,32295,44,53,0,0,0,0,0,0,0,0,0,0,0,0,0,0,0,0,0,0,0,0,0,0,371,17441,0,0,0,0
50899.122,16897,59,0,0,0,0,0,8,32171,44,53,0,0,0,0,0,0,0,0,0,0,0,0,0,0,0,0,0,0,0,0,0,0,351,16058,0,0,0,0
50915.431,16309,61,0,0,0,0,0,8,32035,44,53,0,0,0,0,0,0,0,0,0,0,0,0,0,0,0,0,0,0,0,0,0,0,372,16879,0,0,0,0
50932.226,16794,59,0,0,0,0,0,8,32119,44,53,0,0,0,0,0,0,0,0,0,0,0,0,0,0,0,0,0,0,0,0,0,0,364,16407,0,0,0,0
50948.687,16461,60,0,0,0,0,0,8,32153,44,53,0,0,0,0,0,0,0,0,0,0,0,0,0,0,0,0,0,0,0,0,0,0,377,17196,0,0,0,0
50965.617,16930,59,0,0,0,0,0,8,32046,44,53,0,0,0,0,0,0,0,0,0,0,0,0,0,0,0,0,0,0,0,0,0,0,346,16522,0,0,0,0
50982.617,17000,58,0,0,0,0,0,8,32066,44,53,0,0,0,0,0,0,0,0,0,0,0,0,0,0,0,0,0,0,0,0,0,0,349,16479,0,0,0,0
50999.231,16613,60,0,0,0,0,0,8,32136,44,53,0,0,0,0,0,0,0,0,0,0,0,0,0,0,0,0,0,0,0,0,0,0,354,17125,0,0,0,0
51015.455,16224,61,0,0,0,0,0,8,31969,44,53,0,0,0,0,0,0,0,0,0,0,0,0,0,0,0,0,0,0,0,0,0,0,395,16872,0,0,0,0
51032.406,16950,58,0,0,0,0,0,8,31979,44,53,0,0,0,0,0,0,0,0,0,0,0,0,0,0,0,0,0,0,0,0,0,0,372,15732,0,0,0,0
51049.096,16690,59,0,0,0,0,0,8,32013,44,53,0,0,0,0,0,0,0,0,0,0,0,0,0,0,0,0,0,0,0,0,0,0,378,16745,0,0,0,0
51065.818,16721,59,0,0,0,0,0,8,32115,44,53,0,0,0,0,0,0,0,0,0,0,0,0,0,0,0,0,0,0,0,0,0,0,371,17491,0,0,0,0
51082.177,16359,61,0,0,0,0,0,8,31820,44,53,0,0,0,0,0,0,0,0,0,0,0,0,0,0,0,0,0,0,0,0,0,0,335,16398,0,0,0,0
51098.726,16548,60,0,0,0,0,0,8,30050,44,53,0,0,0,0,0,0,0,0,0,0,0,0,0,0,0,0,0,0,0,0,0,0,362,15797,0,0,0,0
51115.553,16827,59,0,0,0,0,0,8,29985,44,53,0,0,0,0,0,0,0,0,0,0,0,0,0,0,0,0,0,0,0,0,0,0,371,17159,0,0,0,0
51132.228,16674,59,0,0,0,0,0,8,30138,44,53,0,0,0,0,0,0,0,0,0,0,0,0,0,0,0,0,0,0,0,0,0,0,354,16270,0,0,0,0
51149.041,16812,59,0,0,0,0,0,8,30125,44,53,0,0,0,0,0,0,0,0,0,0,0,0,0,0,0,0,0,0,0,0,0,0,352,16991,0,0,0,0
51164.970,15929,62,0,0,0,0,0,8,30006,44,53,0,0,0,0,0,0,0,0,0,0,0,0,0,0,0,0,0,0,0,0,0,0,334,16785,0,0,0,0
51182.237,17257,57,0,0,0,0,0,8,30073,44,53,0,0,0,0,0,0,0,0,0,0,0,0,0,0,0,0,0,0,0,0,0,0,344,16202,0,0,0,0
51200.116,17888,55,0,0,0,0,0,8,30251,44,53,0,0,0,0,0,0,0,0,0,0,0,0,0,0,0,0,0,0,0,0,0,0,364,17370,0,0,0,0
51215.543,15427,64,0,0,0,0,0,8,30119,44,53,0,0,0,0,0,0,0,0,0,0,0,0,0,0,0,0,0,0,0,0,0,0,375,17719,0,0,0,0
51232.364,16820,59,0,0,0,0,0,8,31851,44,53,0,0,0,0,0,0,0,0,0,0,0,0,0,0,0,0,0,0,0,0,0,0,353,14743,0,0,0,0
51249.622,17258,57,0,0,0,0,0,8,31948,44,53,0,0,0,0,0,0,0,0,0,0,0,0,0,0,0,0,0,0,0,0,0,0,361,17457,0,0,0,0
51265.612,15990,62,0,0,0,0,0,8,31803,44,53,0,0,0,0,0,0,0,0,0,0,0,0,0,0,0,0,0,0,0,0,0,0,370,17363,0,0,0,0
51282.215,16602,60,0,0,0,0,0,8,31837,44,53,0,0,0,0,0,0,0,0,0,0,0,0,0,0,0,0,0,0,0,0,0,0,329,15680,0,0,0,0
51298.775,16560,60,0,0,0,0,0,8,31883,44,53,0,0,0,0,0,0,0,0,0,0,0,0,0,0,0,0,0,0,0,0,0,0,354,16517,0,0,0,0
51315.788,17012,58,0,0,0,0,0,8,31815,44,53,0,0,0,0,0,0,0,0,0,0,0,0,0,0,0,0,0,0,0,0,0,0,373,16910,0,0,0,0
51332.328,16539,60,0,0,0,0,0,8,31938,44,53,0,0,0,0,0,0,0,0,0,0,0,0,0,0,0,0,0,0,0,0,0,0,363,16874,0,0,0,0
51349.069,16741,59,0,0,0,0,0,8,31849,44,53,0,0,0,0,0,0,0,0,0,0,0,0,0,0,0,0,0,0,0,0,0,0,360,16355,0,0,0,0
51365.661,16592,60,0,0,0,0,0,8,31768,44,53,0,0,0,0,0,0,0,0,0,0,0,0,0,0,0,0,0,0,0,0,0,0,360,16359,0,0,0,0
51382.100,16438,60,0,0,0,0,0,8,31842,44,53,0,0,0,0,0,0,0,0,0,0,0,0,0,0,0,0,0,0,0,0,0,0,339,16977,0,0,0,0
51399.272,17172,58,0,0,0,0,0,8,31814,44,53,0,0,0,0,0,0,0,0,0,0,0,0,0,0,0,0,0,0,0,0,0,0,347,16676,0,0,0,0
51416.087,16814,59,0,0,0,0,0,8,31778,44,53,0,0,0,0,0,0,0,0,0,0,0,0,0,0,0,0,0,0,0,0,0,0,350,16953,0,0,0,0
51432.232,16145,61,0,0,0,0,0,8,31790,44,53,0,0,0,0,0,0,0,0,0,0,0,0,0,0,0,0,0,0,0,0,0,0,354,16340,0,0,0,0
51449.010,16777,59,0,0,0,0,0,8,31966,44,53,0,0,0,0,0,0,0,0,0,0,0,0,0,0,0,0,0,0,0,0,0,0,362,17485,0,0,0,0
51465.564,16553,60,0,0,0,0,0,8,31808,44,53,0,0,0,0,0,0,0,0,0,0,0,0,0,0,0,0,0,0,0,0,0,0,346,16312,0,0,0,0
51482.017,16453,60,0,0,0,0,0,8,31828,44,53,0,0,0,0,0,0,0,0,0,0,0,0,0,0,0,0,0,0,0,0,0,0,373,16185,0,0,0,0
51500.087,18070,55,0,0,0,0,0,8,30082,44,53,0,0,0,0,0,0,0,0,0,0,0,0,0,0,0,0,0,0,0,0,0,0,351,16589,0,0,0,0
51515.115,15027,66,0,0,0,0,0,8,30090,44,53,0,0,0,0,0,0,0,0,0,0,0,0,0,0,0,0,0,0,0,0,0,0,387,18372,0,0,0,0
51532.442,17327,57,0,0,0,0,0,8,30136,44,53,0,0,0,0,0,0,0,0,0,0,0,0,0,0,0,0,0,0,0,0,0,0,345,14813,0,0,0,0
51548.373,15930,62,0,0,0,0,0,8,30241,44,53,0,0,0,0,0,0,0,0,0,0,0,0,0,0,0,0,0,0,0,0,0,0,344,17121,0,0,0,0
51565.415,17042,58,0,0,0,0,0,8,30107,44,53,0,0,0,0,0,0,0,0,0,0,0,0,0,0,0,0,0,0,0,0,0,0,394,16139,0,0,0,0
51583.088,17672,56,0,0,0,0,0,8,30025,44,53,0,0,0,0,0,0,0,0,0,0,0,0,0,0,0,0,0,0,0,0,0,0,376,16680,0,0,0,0
51599.087,15999,62,0,0,0,0,0,8,30213,44,53,0,0,0,0,0,0,0,0,0,0,0,0,0,0,0,0,0,0,0,0,0,0,393,17640,0,0,0,0
51615.110,16023,62,0,0,0,0,0,8,31736,44,53,0,0,0,0,0,0,0,0,0,0,0,0,0,0,0,0,0,0,0,0,0,0,375,15371,0,0,0,0
51632.597,17487,57,0,0,0,0,0,8,31970,44,53,0,0,0,0,0,0,0,0,0,0,0,0,0,0,0,0,0,0,0,0,0,0,345,17236,0,0,0,0
51648.858,16261,61,0,0,0,0,0,8,31967,44,53,0,0,0,0,0,0,0,0,0,0,0,0,0,0,0,0,0,0,0,0,0,0,367,17618,0,0,0,0
51666.086,17227,58,0,0,0,0,0,8,31731,44,53,0,0,0,0,0,0,0,0,0,0,0,0,0,0,0,0,0,0,0,0,0,0,338,15856,0,0,0,0
51682.230,16144,61,0,0,0,0,0,8,31878,44,53,0,0,0,0,0,0,0,0,0,0,0,0,0,0,0,0,0,0,0,0,0,0,358,17401,0,0,0,0
51699.088,16857,59,0,0,0,0,0,8,31860,44,53,0,0,0,0,0,0,0,0,0,0,0,0,0,0,0,0,0,0,0,0,0,0,341,15912,0,0,0,0
51715.459,16372,61,0,0,0,0,0,8,31737,44,53,0,0,0,0,0,0,0,0,0,0,0,0,0,0,0,0,0,0,0,0,0,0,362,15993,0,0,0,0
51731.807,16347,61,0,0,0,0,0,8,31916,44,53,0,0,0,0,0,0,0,0,0,0,0,0,0,0,0,0,0,0,0,0,0,0,326,17324,0,0,0,0
51749.088,17281,57,0,0,0,0,0,8,31813,44,53,0,0,0,0,0,0,0,0,0,0,0,0,0,0,0,0,0,0,0,0,0,0,365,15815,0,0,0,0
51765.753,16664,60,0,0,0,0,0,8,31860,44,53,0,0,0,0,0,0,0,0,0,0,0,0,0,0,0,0,0,0,0,0,0,0,358,17854,0,0,0,0
51782.137,16384,61,0,0,0,0,0,8,31894,44,53,0,0,0,0,0,0,0,0,0,0,0,0,0,0,0,0,0,0,0,0,0,0,329,16862,0,0,0,0
51799.112,16974,58,0,0,0,0,0,8,31885,44,53,0,0,0,0,0,0,0,0,0,0,0,0,0,0,0,0,0,0,0,0,0,0,383,16148,0,0,0,0
51815.749,16637,60,0,0,0,0,0,8,31768,44,53,0,0,0,0,0,0,0,0,0,0,0,0,0,0,0,0,0,0,0,0,0,0,358,15929,0,0,0,0
51832.471,16721,59,0,0,0,0,0,8,31875,44,53,0,0,0,0,0,0,0,0,0,0,0,0,0,0,0,0,0,0,0,0,0,0,346,17845,0,0,0,0
51849.223,16751,59,0,0,0,0,0,8,31884,44,53,0,0,0,0,0,0,0,0,0,0,0,0,0,0,0,0,0,0,0,0,0,0,363,16487,0,0,0,0
51865.534,16310,61,0,0,0,0,0,8,31861,44,53,0,0,0,0,0,0,0,0,0,0,0,0,0,0,0,0,0,0,0,0,0,0,384,16628,0,0,0,0
51882.141,16606,60,0,0,0,0,0,8,30110,44,53,0,0,0,0,0,0,0,0,0,0,0,0,0,0,0,0,0,0,0,0,0,0,347,16187,0,0,0,0
51898.890,16749,59,0,0,0,0,0,8,30105,44,53,0,0,0,0,0,0,0,0,0,0,0,0,0,0,0,0,0,0,0,0,0,0,356,17103,0,0,0,0
51915.666,16776,59,0,0,0,0,0,8,30006,44,53,0,0,0,0,0,0,0,0,0,0,0,0,0,0,0,0,0,0,0,0,0,0,389,16139,0,0,0,0
51932.227,16561,60,0,0,0,0,0,8,30109,44,53,0,0,0,0,0,0,0,0,0,0,0,0,0,0,0,0,0,0,0,0,0,0,349,16824,0,0,0,0
51949.092,16864,59,0,0,0,0,0,8,30114,44,53,0,0,0,0,0,0,0,0,0,0,0,0,0,0,0,0,0,0,0,0,0,0,351,17102,0,0,0,0
51965.656,16564,60,0,0,0,0,0,8,30025,44,53,0,0,0,0,0,0,0,0,0,0,0,0,0,0,0,0,0,0,0,0,0,0,369,16423,0,0,0,0
51983.083,17426,57,0,0,0,0,0,8,30046,44,53,0,0,0,0,0,0,0,0,0,0,0,0,0,0,0,0,0,0,0,0,0,0,359,16476,0,0,0,0
51998.542,15458,64,0,0,0,0,0,8,30195,44,53,0,0,0,0,0,0,0,0,0,0,0,0,0,0,0,0,0,0,0,0,0,0,394,17546,0,0,0,0
52015.745,17203,58,0,0,0,0,0,8,30042,44,53,0,0,0,0,0,0,0,0,0,0,0,0,0,0,0,0,0,0,0,0,0,0,345,15516,0,0,0,0
52032.130,16384,61,0,0,0,0,0,8,30076,44,53,0,0,0,0,0,0,0,0,0,0,0,0,0,0,0,0,0,0,0,0,0,0,357,17177,0,0,0,0
52048.999,16869,59,0,0,0,0,0,8,30134,44,53,0,0,0,0,0,0,0,0,0,0,0,0,0,0,0,0,0,0,0,0,0,0,355,16455,0,0,0,0
52065.513,16513,60,0,0,0,0,0,8,29955,44,53,0,0,0,0,0,0,0,0,0,0,0,0,0,0,0,0,0,0,0,0,0,0,350,16689,0,0,0,0
52082.386,16873,59,0,0,0,0,0,8,30108,44,53,0,0,0,0,0,0,0,0,0,0,0,0,0,0,0,0,0,0,0,0,0,0,374,16523,0,0,0,0
52099.081,16695,59,0,0,0,0,0,8,30211,44,53,0,0,0,0,0,0,0,0,0,0,0,0,0,0,0,0,0,0,0,0,0,0,353,17322,0,0,0,0
52115.663,16581,60,0,0,0,0,0,8,30076,44,53,0,0,0,0,0,0,0,0,0,0,0,0,0,0,0,0,0,0,0,0,0,0,351,16635,0,0,0,0
52132.599,16935,59,0,0,0,0,0,8,30112,44,53,0,0,0,0,0,0,0,0,0,0,0,0,0,0,0,0,0,0,0,0,0,0,378,16180,0,0,0,0
52149.210,16611,60,0,0,0,0,0,8,30089,44,53,0,0,0,0,0,0,0,0,0,0,0,0,0,0,0,0,0,0,0,0,0,0,392,16940,0,0,0,0
52165.600,16390,61,0,0,0,0,0,8,30075,44,53,0,0,0,0,0,0,0,0,0,0,0,0,0,0,0,0,0,0,0,0,0,0,357,16620,0,0,0,0
52182.224,16624,60,0,0,0,0,0,8,30057,44,53,0,0,0,0,0,0,0,0,0,0,0,0,0,0,0,0,0,0,0,0,0,0,361,16826,0,0,0,0
52199.085,16860,59,0,0,0,0,0,8,30126,44,53,0,0,0,0,0,0,0,0,0,0,0,0,0,0,0,0,0,0,0,0,0,0,370,16657,0,0,0,0
52215.445,16360,61,0,0,0,0,0,8,30029,44,53,0,0,0,0,0,0,0,0,0,0,0,0,0,0,0,0,0,0,0,0,0,0,377,15713,0,0,0,0
52232.600,17154,58,0,0,0,0,0,8,31851,44,53,0,0,0,0,0,0,0,0,0,0,0,0,0,0,0,0,0,0,0,0,0,0,354,17313,0,0,0,0
52249.382,16782,59,0,0,0,0,0,8,31820,44,53,0,0,0,0,0,0,0,0,0,0,0,0,0,0,0,0,0,0,0,0,0,0,361,16890,0,0,0,0
52265.732,16349,61,0,0,0,0,0,8,31928,44,53,0,0,0,0,0,0,0,0,0,0,0,0,0,0,0,0,0,0,0,0,0,0,379,16985,0,0,0,0
52282.222,16490,60,0,0,0,0,0,8,31718,44,53,0,0,0,0,0,0,0,0,0,0,0,0,0,0,0,0,0,0,0,0,0,0,367,16115,0,0,0,0
52299.151,16928,59,0,0,0,0,0,8,31972,44,53,0,0,0,0,0,0,0,0,0,0,0,0,0,0,0,0,0,0,0,0,0,0,351,16991,0,0,0,0
52315.429,16277,61,0,0,0,0,0,8,31747,44,53,0,0,0,0,0,0,0,0,0,0,0,0,0,0,0,0,0,0,0,0,0,0,364,16853,0,0,0,0
52332.224,16795,59,0,0,0,0,0,8,31863,44,53,0,0,0,0,0,0,0,0,0,0,0,0,0,0,0,0,0,0,0,0,0,0,353,15699,0,0,0,0
52349.148,16924,59,0,0,0,0,0,8,31941,44,53,0,0,0,0,0,0,0,0,0,0,0,0,0,0,0,0,0,0,0,0,0,0,363,17342,0,0,0,0
52365.391,16242,61,0,0,0,0,0,8,31862,44,53,0,0,0,0,0,0,0,0,0,0,0,0,0,0,0,0,0,0,0,0,0,0,357,17503,0,0,0,0
52383.099,17708,56,0,0,0,0,0,8,31803,44,53,0,0,0,0,0,0,0,0,0,0,0,0,0,0,0,0,0,0,0,0,0,0,347,15535,0,0,0,0
52399.618,16518,60,0,0,0,0,0,8,31955,44,53,0,0,0,0,0,0,0,0,0,0,0,0,0,0,0,0,0,0,0,0,0,0,371,17587,0,0,0,0
52416.079,16461,60,0,0,0,0,0,8,31791,44,53,0,0,0,0,0,0,0,0,0,0,0,0,0,0,0,0,0,0,0,0,0,0,351,16772,0,0,0,0
52432.423,16344,61,0,0,0,0,0,8,31809,44,53,0,0,0,0,0,0,0,0,0,0,0,0,0,0,0,0,0,0,0,0,0,0,338,16504,0,0,0,0
52449.094,16671,59,0,0,0,0,0,8,31859,44,53,0,0,0,0,0,0,0,0,0,0,0,0,0,0,0,0,0,0,0,0,0,0,375,15956,0,0,0,0
52465.604,16510,60,0,0,0,0,0,8,31666,44,53,0,0,0,0,0,0,0,0,0,0,0,0,0,0,0,0,0,0,0,0,0,0,366,16864,0,0,0,0
52482.402,16797,59,0,0,0,0,0,8,31832,44,53,0,0,0,0,0,0,0,0,0,0,0,0,0,0,0,0,0,0,0,0,0,0,325,16632,0,0,0,0
52500.100,17698,56,0,0,0,0,0,8,30142,44,53,0,0,0,0,0,0,0,0,0,0,0,0,0,0,0,0,0,0,0,0,0,0,362,16235,0,0,0,0
52515.580,15479,64,0,0,0,0,0,8,30123,44,53,0,0,0,0,0,0,0,0,0,0,0,0,0,0,0,0,0,0,0,0,0,0,384,18635,0,0,0,0
52532.222,16642,60,0,0,0,0,0,8,30106,44,53,0,0,0,0,0,0,0,0,0,0,0,0,0,0,0,0,0,0,0,0,0,0,379,14709,0,0,0,0
52549.181,16958,58,0,0,0,0,0,8,30096,44,53,0,0,0,0,0,0,0,0,0,0,0,0,0,0,0,0,0,0,0,0,0,0,362,17008,0,0,0,0
52565.478,16297,61,0,0,0,0,0,8,30043,44,53,0,0,0,0,0,0,0,0,0,0,0,0,0,0,0,0,0,0,0,0,0,0,385,16506,0,0,0,0
52582.461,16982,58,0,0,0,0,0,8,30120,44,53,0,0,0,0,0,0,0,0,0,0,0,0,0,0,0,0,0,0,0,0,0,0,376,16483,0,0,0,0
52599.108,16647,60,0,0,0,0,0,8,30132,44,53,0,0,0,0,0,0,0,0,0,0,0,0,0,0,0,0,0,0,0,0,0,0,402,16916,0,0,0,0
52615.457,16349,61,0,0,0,0,0,8,30040,44,53,0,0,0,0,0,0,0,0,0,0,0,0,0,0,0,0,0,0,0,0,0,0,381,17037,0,0,0,0
52632.598,17140,58,0,0,0,0,0,8,30037,44,53,0,0,0,0,0,0,0,0,0,0,0,0,0,0,0,0,0,0,0,0,0,0,350,15816,0,0,0,0
52649.613,17015,58,0,0,0,0,0,8,30202,44,53,0,0,0,0,0,0,0,0,0,0,0,0,0,0,0,0,0,0,0,0,0,0,369,17372,0,0,0,0
52665.405,15792,63,0,0,0,0,0,8,30111,44,53,0,0,0,0,0,0,0,0,0,0,0,0,0,0,0,0,0,0,0,0,0,0,359,16825,0,0,0,0
52683.076,17670,56,0,0,0,0,0,8,31812,44,53,0,0,0,0,0,0,0,0,0,0,0,0,0,0,0,0,0,0,0,0,0,0,364,16079,0,0,0,0
52699.132,16056,62,0,0,0,0,0,8,31855,44,53,0,0,0,0,0,0,0,0,0,0,0,0,0,0,0,0,0,0,0,0,0,0,368,17541,0,0,0,0
52715.591,16458,60,0,0,0,0,0,8,31732,44,53,0,0,0,0,0,0,0,0,0,0,0,0,0,0,0,0,0,0,0,0,0,0,384,16299,0,0,0,0
52732.218,16627,60,0,0,0,0,0,8,31813,44,53,0,0,0,0,0,0,0,0,0,0,0,0,0,0,0,0,0,0,0,0,0,0,338,16157,0,0,0,0
52749.086,16868,59,0,0,0,0,0,8,31833,44,53,0,0,0,0,0,0,0,0,0,0,0,0,0,0,0,0,0,0,0,0,0,0,373,16974,0,0,0,0
52765.719,16633,60,0,0,0,0,0,8,31933,44,53,0,0,0,0,0,0,0,0,0,0,0,0,0,0,0,0,0,0,0,0,0,0,378,17270,0,0,0,0
52782.234,16514,60,0,0,0,0,0,8,31639,44,53,0,0,0,0,0,0,0,0,0,0,0,0,0,0,0,0,0,0,0,0,0,0,364,16126,0,0,0,0
52798.745,16510,60,0,0,0,0,0,8,31830,44,53,0,0,0,0,0,0,0,0,0,0,0,0,0,0,0,0,0,0,0,0,0,0,369,16600,0,0,0,0
52815.740,16995,58,0,0,0,0,0,8,31688,44,53,0,0,0,0,0,0,0,0,0,0,0,0,0,0,0,0,0,0,0,0,0,0,374,16160,0,0,0,0
52832.518,16777,59,0,0,0,0,0,8,31811,44,53,0,0,0,0,0,0,0,0,0,0,0,0,0,0,0,0,0,0,0,0,0,0,346,17042,0,0,0,0
52849.595,17076,58,0,0,0,0,0,8,31815,44,53,0,0,0,0,0,0,0,0,0,0,0,0,0,0,0,0,0,0,0,0,0,0,365,16471,0,0,0,0
52865.708,16113,62,0,0,0,0,0,8,31750,44,53,0,0,0,0,0,0,0,0,0,0,0,0,0,0,0,0,0,0,0,0,0,0,364,17459,0,0,0,0
52882.211,16503,60,0,0,0,0,0,8,31737,44,53,0,0,0,0,0,0,0,0,0,0,0,0,0,0,0,0,0,0,0,0,0,0,337,16413,0,0,0,0
52898.745,16534,60,0,0,0,0,0,8,31815,44,53,0,0,0,0,0,0,0,0,0,0,0,0,0,0,0,0,0,0,0,0,0,0,366,16415,0,0,0,0
52915.597,16851,59,0,0,0,0,0,8,31697,44,53,0,0,0,0,0,0,0,0,0,0,0,0,0,0,0,0,0,0,0,0,0,0,374,16629,0,0,0,0
52932.219,16622,60,0,0,0,0,0,8,34745,44,53,0,0,0,0,0,0,0,0,0,0,0,0,0,0,0,0,0,0,0,0,0,0,351,17311,0,0,0,0
52948.674,16455,60,0,0,0,0,0,8,27605,44,53,0,0,0,0,0,0,0,0,0,0,0,0,0,0,0,0,0,0,0,0,0,0,2100,17336,0,0,0,0
52966.075,17400,57,0,0,0,0,0,8,26930,44,53,0,0,0,0,0,0,0,0,0,0,0,0,0,0,0,0,0,0,0,0,0,0,345,14177,0,0,0,0
52982.398,16322,61,0,0,0,0,0,8,27023,44,53,0,0,0,0,0,0,0,0,0,0,0,0,0,0,0,0,0,0,0,0,0,0,389,17677,0,0,0,0
52999.211,16813,59,0,0,0,0,0,8,26966,44,53,0,0,0,0,0,0,0,0,0,0,0,0,0,0,0,0,0,0,0,0,0,0,363,16089,0,0,0,0
53015.596,16384,61,0,0,0,0,0,8,26963,44,53,0,0,0,0,0,0,0,0,0,0,0,0,0,0,0,0,0,0,0,0,0,0,343,17134,0,0,0,0
53032.604,17007,58,0,0,0,0,0,8,26930,44,53,0,0,0,0,0,0,0,0,0,0,0,0,0,0,0,0,0,0,0,0,0,0,337,16801,0,0,0,0
53049.079,16475,60,0,0,0,0,0,8,27572,44,53,0,0,0,0,0,0,0,0,0,0,0,0,0,0,0,0,0,0,0,0,0,0,343,16450,0,0,0,0
53066.074,16994,58,0,0,0,0,0,8,26950,44,53,0,0,0,0,0,0,0,0,0,0,0,0,0,0,0,0,0,0,0,0,0,0,341,15763,0,0,0,0
53083.076,17002,58,0,0,0,0,0,8,27087,44,53,0,0,0,0,0,0,0,0,0,0,0,0,0,0,0,0,0,0,0,0,0,0,372,17985,0,0,0,0
53098.758,15682,63,0,0,0,0,0,8,26972,44,53,0,0,0,0,0,0,0,0,0,0,0,0,0,0,0,0,0,0,0,0,0,0,341,16358,0,0,0,0
53115.733,16974,58,0,0,0,0,0,8,26984,44,53,0,0,0,0,0,0,0,0,0,0,0,0,0,0,0,0,0,0,0,0,0,0,375,15921,0,0,0,0
53132.589,16855,59,0,0,0,0,0,8,28730,44,53,0,0,0,0,0,0,0,0,0,0,0,0,0,0,0,0,0,0,0,0,0,0,344,16967,0,0,0,0
53149.595,17006,58,0,0,0,0,0,8,28903,44,53,0,0,0,0,0,0,0,0,0,0,0,0,0,0,0,0,0,0,0,0,0,0,366,17278,0,0,0,0
53166.073,16478,60,0,0,0,0,0,8,28679,44,53,0,0,0,0,0,0,0,0,0,0,0,0,0,0,0,0,0,0,0,0,0,0,377,16574,0,0,0,0
53183.080,17007,58,0,0,0,0,0,8,28682,44,53,0,0,0,0,0,0,0,0,0,0,0,0,0,0,0,0,0,0,0,0,0,0,381,15283,0,0,0,0
53198.640,15559,64,0,0,0,0,0,8,28868,44,53,0,0,0,0,0,0,0,0,0,0,0,0,0,0,0,0,0,0,0,0,0,0,368,18513,0,0,0,0
53216.070,17430,57,0,0,0,0,0,8,28680,44,53,0,0,0,0,0,0,0,0,0,0,0,0,0,0,0,0,0,0,0,0,0,0,348,15483,0,0,0,0
53232.595,16524,60,0,0,0,0,0,8,28816,44,53,0,0,0,0,0,0,0,0,0,0,0,0,0,0,0,0,0,0,0,0,0,0,326,17367,0,0,0,0
53249.192,16597,60,0,0,0,0,0,8,28872,44,53,0,0,0,0,0,0,0,0,0,0,0,0,0,0,0,0,0,0,0,0,0,0,342,16513,0,0,0,0
53264.972,15780,63,0,0,0,0,0,8,28580,44,53,0,0,0,0,0,0,0,0,0,0,0,0,0,0,0,0,0,0,0,0,0,0,336,16348,0,0,0,0
53282.356,17383,57,0,0,0,0,0,8,28741,44,53,0,0,0,0,0,0,0,0,0,0,0,0,0,0,0,0,0,0,0,0,0,0,339,15874,0,0,0,0
53299.224,16857,59,0,0,0,0,0,8,28828,44,53,0,0,0,0,0,0,0,0,0,0,0,0,0,0,0,0,0,0,0,0,0,0,368,17280,0,0,0,0
53316.080,16866,59,0,0,0,0,0,8,28736,44,53,0,0,0,0,0,0,0,0,0,0,0,0,0,0,0,0,0,0,0,0,0,0,375,17266,0,0,0,0
53332.265,16184,61,0,0,0,0,0,8,28730,44,53,0,0,0,0,0,0,0,0,0,0,0,0,0,0,0,0,0,0,0,0,0,0,343,16660,0,0,0,0
53349.075,16810,59,0,0,0,0,0,8,28660,44,53,0,0,0,0,0,0,0,0,0,0,0,0,0,0,0,0,0,0,0,0,0,0,344,15866,0,0,0,0
53365.695,16619,60,0,0,0,0,0,8,28633,44,53,0,0,0,0,0,0,0,0,0,0,0,0,0,0,0,0,0,0,0,0,0,0,349,15801,0,0,0,0
53382.336,16641,60,0,0,0,0,0,8,28773,44,53,0,0,0,0,0,0,0,0,0,0,0,0,0,0,0,0,0,0,0,0,0,0,357,18122,0,0,0,0
53398.735,16398,60,0,0,0,0,0,8,26957,44,53,0,0,0,0,0,0,0,0,0,0,0,0,0,0,0,0,0,0,0,0,0,0,390,16228,0,0,0,0
53415.466,16731,59,0,0,0,0,0,8,26892,44,53,0,0,0,0,0,0,0,0,0,0,0,0,0,0,0,0,0,0,0,0,0,0,353,16355,0,0,0,0
53432.212,16745,59,0,0,0,0,0,8,26889,44,53,0,0,0,0,0,0,0,0,0,0,0,0,0,0,0,0,0,0,0,0,0,0,354,16743,0,0,0,0
53448.822,16610,60,0,0,0,0,0,8,27072,44,53,0,0,0,0,0,0,0,0,0,0,0,0,0,0,0,0,0,0,0,0,0,0,360,16823,0,0,0,0
53465.642,16819,59,0,0,0,0,0,8,26906,44,53,0,0,0,0,0,0,0,0,0,0,0,0,0,0,0,0,0,0,0,0,0,0,353,16946,0,0,0,0
53482.224,16570,60,0,0,0,0,0,8,26906,44,53,0,0,0,0,0,0,0,0,0,0,0,0,0,0,0,0,0,0,0,0,0,0,349,16759,0,0,0,0
53499.167,16953,58,0,0,0,0,0,8,28615,44,53,0,0,0,0,0,0,0,0,0,0,0,0,0,0,0,0,0,0,0,0,0,0,393,16661,0,0,0,0
53515.347,16180,61,0,0,0,0,0,8,28577,44,53,0,0,0,0,0,0,0,0,0,0,0,0,0,0,0,0,0,0,0,0,0,0,371,16970,0,0,0,0
53532.219,16872,59,0,0,0,0,0,8,28705,44,53,0,0,0,0,0,0,0,0,0,0,0,0,0,0,0,0,0,0,0,0,0,0,329,15995,0,0,0,0
53548.674,16454,60,0,0,0,0,0,8,28778,44,53,0,0,0,0,0,0,0,0,0,0,0,0,0,0,0,0,0,0,0,0,0,0,370,17073,0,0,0,0
53565.642,16968,58,0,0,0,0,0,8,29927,44,53,0,0,0,0,0,0,0,0,0,0,0,0,0,0,0,0,0,0,0,0,0,0,401,16355,0,0,0,0
53582.433,16791,59,0,0,0,0,0,8,29918,44,53,0,0,0,0,0,0,0,0,0,0,0,0,0,0,0,0,0,0,0,0,0,0,348,17069,0,0,0,0
53599.071,16637,60,0,0,0,0,0,8,29842,44,53,0,0,0,0,0,0,0,0,0,0,0,0,0,0,0,0,0,0,0,0,0,0,354,16735,0,0,0,0
53615.586,16515,60,0,0,0,0,0,8,29718,44,53,0,0,0,0,0,0,0,0,0,0,0,0,0,0,0,0,0,0,0,0,0,0,358,15907,0,0,0,0
53632.118,16531,60,0,0,0,0,0,8,29035,44,53,0,0,0,0,0,0,0,0,0,0,0,0,0,0,0,0,0,0,0,0,0,0,339,17200,0,0,0,0
53648.599,16481,60,0,0,0,0,0,8,30003,44,53,0,0,0,0,0,0,0,0,0,0,0,0,0,0,0,0,0,0,0,0,0,0,381,16692,0,0,0,0
53665.590,16990,58,0,0,0,0,0,8,29291,44,53,0,0,0,0,0,0,0,0,0,0,0,0,0,0,0,0,0,0,0,0,0,0,342,16494,0,0,0,0
53682.605,17015,58,0,0,0,0,0,8,28867,44,53,0,0,0,0,0,0,0,0,0,0,0,0,0,0,0,0,0,0,0,0,0,0,335,16806,0,0,0,0
53699.072,16467,60,0,0,0,0,0,8,28679,44,53,0,0,0,0,0,0,0,0,0,0,0,0,0,0,0,0,0,0,0,0,0,0,351,16906,0,0,0,0
53715.460,16388,61,0,0,0,0,0,8,28644,44,53,0,0,0,0,0,0,0,0,0,0,0,0,0,0,0,0,0,0,0,0,0,0,348,15484,0,0,0,0
53732.373,16912,59,0,0,0,0,0,8,28725,44,53,0,0,0,0,0,0,0,0,0,0,0,0,0,0,0,0,0,0,0,0,0,0,368,17344,0,0,0,0
53749.075,16702,59,0,0,0,0,0,8,28697,44,53,0,0,0,0,0,0,0,0,0,0,0,0,0,0,0,0,0,0,0,0,0,0,375,16752,0,0,0,0
53765.052,15977,62,0,0,0,0,0,8,26854,44,53,0,0,0,0,0,0,0,0,0,0,0,0,0,0,0,0,0,0,0,0,0,0,368,15720,0,0,0,0
53782.177,17124,58,0,0,0,0,0,8,27094,44,53,0,0,0,0,0,0,0,0,0,0,0,0,0,0,0,0,0,0,0,0,0,0,362,17180,0,0,0,0
53799.231,17053,58,0,0,0,0,0,8,27071,44,53,0,0,0,0,0,0,0,0,0,0,0,0,0,0,0,0,0,0,0,0,0,0,353,17117,0,0,0,0
53815.589,16358,61,0,0,0,0,0,8,26922,44,53,0,0,0,0,0,0,0,0,0,0,0,0,0,0,0,0,0,0,0,0,0,0,368,16721,0,0,0,0
53832.594,17004,58,0,0,0,0,0,8,26959,44,53,0,0,0,0,0,0,0,0,0,0,0,0,0,0,0,0,0,0,0,0,0,0,369,16442,0,0,0,0
53849.208,16614,60,0,0,0,0,0,8,26949,44,53,0,0,0,0,0,0,0,0,0,0,0,0,0,0,0,0,0,0,0,0,0,0,350,16916,0,0,0,0
53866.589,17381,57,0,0,0,0,0,8,27008,44,53,0,0,0,0,0,0,0,0,0,0,0,0,0,0,0,0,0,0,0,0,0,0,345,17012,0,0,0,0
53882.379,15789,63,0,0,0,0,0,8,27407,44,53,0,0,0,0,0,0,0,0,0,0,0,0,0,0,0,0,0,0,0,0,0,0,378,17798,0,0,0,0
53899.096,16716,59,0,0,0,0,0,8,27330,44,53,0,0,0,0,0,0,0,0,0,0,0,0,0,0,0,0,0,0,0,0,0,0,340,15489,0,0,0,0
53915.602,16506,60,0,0,0,0,0,8,27308,44,53,0,0,0,0,0,0,0,0,0,0,0,0,0,0,0,0,0,0,0,0,0,0,360,16562,0,0,0,0
53933.073,17471,57,0,0,0,0,0,8,27316,44,53,0,0,0,0,0,0,0,0,0,0,0,0,0,0,0,0,0,0,0,0,0,0,363,16327,0,0,0,0
53948.669,15595,64,0,0,0,0,0,8,27446,44,53,0,0,0,0,0,0,0,0,0,0,0,0,0,0,0,0,0,0,0,0,0,0,366,17527,0,0,0,0
53966.066,17397,57,0,0,0,0,0,8,27310,44,53,0,0,0,0,0,0,0,0,0,0,0,0,0,0,0,0,0,0,0,0,0,0,348,15708,0,0,0,0
53982.229,16163,61,0,0,0,0,0,8,29552,44,53,0,0,0,0,0,0,0,0,0,0,0,0,0,0,0,0,0,0,0,0,0,0,358,17573,0,0,0,0
53998.775,16545,60,0,0,0,0,0,8,27406,44,53,0,0,0,0,0,0,0,0,0,0,0,0,0,0,0,0,0,0,0,0,0,0,361,16837,0,0,0,0
54015.730,16955,58,0,0,0,0,0,8,27325,44,53,0,0,0,0,0,0,0,0,0,0,0,0,0,0,0,0,0,0,0,0,0,0,355,15318,0,0,0,0
54032.065,16334,61,0,0,0,0,0,8,27409,44,53,0,0,0,0,0,0,0,0,0,0,0,0,0,0,0,0,0,0,0,0,0,0,349,17038,0,0,0,0
54049.400,17335,57,0,0,0,0,0,8,27455,44,53,0,0,0,0,0,0,0,0,0,0,0,0,0,0,0,0,0,0,0,0,0,0,353,16819,0,0,0,0
54065.785,16385,61,0,0,0,0,0,8,27528,44,53,0,0,0,0,0,0,0,0,0,0,0,0,0,0,0,0,0,0,0,0,0,0,367,16736,0,0,0,0
54083.068,17282,57,0,0,0,0,0,8,28518,44,53,0,0,0,0,0,0,0,0,0,0,0,0,0,0,0,0,0,0,0,0,0,0,356,16931,0,0,0,0
54099.206,16138,61,0,0,0,0,0,8,27751,44,53,0,0,0,0,0,0,0,0,0,0,0,0,0,0,0,0,0,0,0,0,0,0,397,17529,0,0,0,0
54115.603,16397,60,0,0,0,0,0,8,28489,44,53,0,0,0,0,0,0,0,0,0,0,0,0,0,0,0,0,0,0,0,0,0,0,345,16128,0,0,0,0
54132.311,16708,59,0,0,0,0,0,8,28279,44,53,0,0,0,0,0,0,0,0,0,0,0,0,0,0,0,0,0,0,0,0,0,0,365,16296,0,0,0,0
54149.118,16806,59,0,0,0,0,0,8,28317,44,53,0,0,0,0,0,0,0,0,0,0,0,0,0,0,0,0,0,0,0,0,0,0,365,16907,0,0,0,0
54165.575,16457,60,0,0,0,0,0,8,28397,44,53,0,0,0,0,0,0,0,0,0,0,0,0,0,0,0,0,0,0,0,0,0,0,406,16834,0,0,0,0
54182.250,16674,59,0,0,0,0,0,8,29836,44,53,0,0,0,0,0,0,0,0,0,0,0,0,0,0,0,0,0,0,0,0,0,0,343,16308,0,0,0,0
54199.094,16844,59,0,0,0,0,0,8,28641,44,53,0,0,0,0,0,0,0,0,0,0,0,0,0,0,0,0,0,0,0,0,0,0,353,16657,0,0,0,0
54215.958,16864,59,0,0,0,0,0,8,28313,44,53,0,0,0,0,0,0,0,0,0,0,0,0,0,0,0,0,0,0,0,0,0,0,354,16403,0,0,0,0
54232.584,16625,60,0,0,0,0,0,8,28085,44,53,0,0,0,0,0,0,0,0,0,0,0,0,0,0,0,0,0,0,0,0,0,0,347,16747,0,0,0,0
54249.128,16544,60,0,0,0,0,0,8,28178,44,53,0,0,0,0,0,0,0,0,0,0,0,0,0,0,0,0,0,0,0,0,0,0,347,17124,0,0,0,0
54265.563,16435,60,0,0,0,0,0,8,27923,44,53,0,0,0,0,0,0,0,0,0,0,0,0,0,0,0,0,0,0,0,0,0,0,348,16474,0,0,0,0
54282.364,16800,59,0,0,0,0,0,8,27568,44,53,0,0,0,0,0,0,0,0,0,0,0,0,0,0,0,0,0,0,0,0,0,0,353,16275,0,0,0,0
54299.215,16841,59,0,0,0,0,0,8,27405,44,53,0,0,0,0,0,0,0,0,0,0,0,0,0,0,0,0,0,0,0,0,0,0,376,16336,0,0,0,0
54315.584,16378,61,0,0,0,0,0,8,27494,44,53,0,0,0,0,0,0,0,0,0,0,0,0,0,0,0,0,0,0,0,0,0,0,373,17497,0,0,0,0
54332.211,16626,60,0,0,0,0,0,8,27266,44,53,0,0,0,0,0,0,0,0,0,0,0,0,0,0,0,0,0,0,0,0,0,0,353,16042,0,0,0,0
54349.066,16855,59,0,0,0,0,0,8,27283,44,53,0,0,0,0,0,0,0,0,0,0,0,0,0,0,0,0,0,0,0,0,0,0,399,17335,0,0,0,0
54365.599,16533,60,0,0,0,0,0,8,27237,44,53,0,0,0,0,0,0,0,0,0,0,0,0,0,0,0,0,0,0,0,0,0,0,345,15049,0,0,0,0
54382.252,16652,60,0,0,0,0,0,8,26772,44,53,0,0,0,0,0,0,0,0,0,0,0,0,0,0,0,0,0,0,0,0,0,0,360,17978,0,0,0,0
54399.062,16810,59,0,0,0,0,0,8,26642,44,53,0,0,0,0,0,0,0,0,0,0,0,0,0,0,0,0,0,0,0,0,0,0,349,16038,0,0,0,0
54415.579,16517,60,0,0,0,0,0,8,26516,44,53,0,0,0,0,0,0,0,0,0,0,0,0,0,0,0,0,0,0,0,0,0,0,358,16252,0,0,0,0
54433.063,17483,57,0,0,0,0,0,8,26739,44,53,0,0,0,0,0,0,0,0,0,0,0,0,0,0,0,0,0,0,0,0,0,0,359,17510,0,0,0,0
54449.087,16023,62,0,0,0,0,0,8,26779,44,53,0,0,0,0,0,0,0,0,0,0,0,0,0,0,0,0,0,0,0,0,0,0,370,17379,0,0,0,0
54465.583,16496,60,0,0,0,0,0,8,26589,44,53,0,0,0,0,0,0,0,0,0,0,0,0,0,0,0,0,0,0,0,0,0,0,348,15798,0,0,0,0
54482.200,16616,60,0,0,0,0,0,8,26706,44,53,0,0,0,0,0,0,0,0,0,0,0,0,0,0,0,0,0,0,0,0,0,0,371,16420,0,0,0,0
54499.589,17389,57,0,0,0,0,0,8,26653,44,53,0,0,0,0,0,0,0,0,0,0,0,0,0,0,0,0,0,0,0,0,0,0,367,16776,0,0,0,0
54515.067,15477,64,0,0,0,0,0,8,26647,44,53,0,0,0,0,0,0,0,0,0,0,0,0,0,0,0,0,0,0,0,0,0,0,368,17198,0,0,0,0
54532.195,17128,58,0,0,0,0,0,8,28436,44,53,0,0,0,0,0,0,0,0,0,0,0,0,0,0,0,0,0,0,0,0,0,0,333,15824,0,0,0,0
54549.072,16876,59,0,0,0,0,0,8,28420,44,53,0,0,0,0,0,0,0,0,0,0,0,0,0,0,0,0,0,0,0,0,0,0,368,17108,0,0,0,0
54565.623,16551,60,0,0,0,0,0,8,28427,44,53,0,0,0,0,0,0,0,0,0,0,0,0,0,0,0,0,0,0,0,0,0,0,381,16934,0,0,0,0
54582.210,16587,60,0,0,0,0,0,8,28412,44,53,0,0,0,0,0,0,0,0,0,0,0,0,0,0,0,0,0,0,0,0,0,0,356,16605,0,0,0,0
54599.206,16995,58,0,0,0,0,0,8,28508,44,53,0,0,0,0,0,0,0,0,0,0,0,0,0,0,0,0,0,0,0,0,0,0,338,16450,0,0,0,0
54615.646,16440,60,0,0,0,0,0,8,28499,44,53,0,0,0,0,0,0,0,0,0,0,0,0,0,0,0,0,0,0,0,0,0,0,341,17430,0,0,0,0
54632.197,16550,60,0,0,0,0,0,8,28593,44,53,0,0,0,0,0,0,0,0,0,0,0,0,0,0,0,0,0,0,0,0,0,0,365,15773,0,0,0,0
54649.061,16863,59,0,0,0,0,0,8,28684,44,53,0,0,0,0,0,0,0,0,0,0,0,0,0,0,0,0,0,0,0,0,0,0,353,16489,0,0,0,0
54665.209,16148,61,0,0,0,0,0,8,28602,44,53,0,0,0,0,0,0,0,0,0,0,0,0,0,0,0,0,0,0,0,0,0,0,348,16226,0,0,0,0
54682.391,17181,58,0,0,0,0,0,8,28827,44,53,0,0,0,0,0,0,0,0,0,0,0,0,0,0,0,0,0,0,0,0,0,0,369,17191,0,0,0,0
54699.194,16802,59,0,0,0,0,0,8,28893,44,53,0,0,0,0,0,0,0,0,0,0,0,0,0,0,0,0,0,0,0,0,0,0,379,16877,0,0,0,0
54715.481,16287,61,0,0,0,0,0,8,29220,44,53,0,0,0,0,0,0,0,0,0,0,0,0,0,0,0,0,0,0,0,0,0,0,351,17236,0,0,0,0
54731.767,16285,61,0,0,0,0,0,8,29542,44,53,0,0,0,0,0,0,0,0,0,0,0,0,0,0,0,0,0,0,0,0,0,0,362,15555,0,0,0,0
54749.066,17299,57,0,0,0,0,0,8,29567,44,53,0,0,0,0,0,0,0,0,0,0,0,0,0,0,0,0,0,0,0,0,0,0,375,16918,0,0,0,0
54765.429,16363,61,0,0,0,0,0,8,29299,44,53,0,0,0,0,0,0,0,0,0,0,0,0,0,0,0,0,0,0,0,0,0,0,340,15948,0,0,0,0
54782.310,16880,59,0,0,0,0,0,8,29511,44,53,0,0,0,0,0,0,0,0,0,0,0,0,0,0,0,0,0,0,0,0,0,0,375,17562,0,0,0,0
54799.056,16747,59,0,0,0,0,0,8,27704,44,53,0,0,0,0,0,0,0,0,0,0,0,0,0,0,0,0,0,0,0,0,0,0,370,16992,0,0,0,0
54815.408,16351,61,0,0,0,0,0,8,34891,44,53,0,0,0,0,0,0,0,0,0,0,0,0,0,0,0,0,0,0,0,0,0,0,344,17388,0,0,0,0
54832.489,17080,58,0,0,0,0,0,8,29368,44,53,0,0,0,0,0,0,0,0,0,0,0,0,0,0,0,0,0,0,0,0,0,0,363,16017,0,0,0,0
54849.195,16706,59,0,0,0,0,0,8,28980,44,53,0,0,0,0,0,0,0,0,0,0,0,0,0,0,0,0,0,0,0,0,0,0,375,17002,0,0,0,0
54865.575,16380,61,0,0,0,0,0,8,28827,44,53,0,0,0,0,0,0,0,0,0,0,0,0,0,0,0,0,0,0,0,0,0,0,331,16738,0,0,0,0
54882.306,16730,59,0,0,0,0,0,8,29429,44,53,0,0,0,0,0,0,0,0,0,0,0,0,0,0,0,0,0,0,0,0,0,0,349,16458,0,0,0,0
54899.208,16902,59,0,0,0,0,0,8,29254,44,53,0,0,0,0,0,0,0,0,0,0,0,0,0,0,0,0,0,0,0,0,0,0,348,16822,0,0,0,0
54915.567,16358,61,0,0,0,0,0,8,28893,44,53,0,0,0,0,0,0,0,0,0,0,0,0,0,0,0,0,0,0,0,0,0,0,341,17035,0,0,0,0
54932.194,16627,60,0,0,0,0,0,8,29524,44,53,0,0,0,0,0,0,0,0,0,0,0,0,0,0,0,0,0,0,0,0,0,0,328,16150,0,0,0,0
54949.204,17009,58,0,0,0,0,0,8,29478,44,53,0,0,0,0,0,0,0,0,0,0,0,0,0,0,0,0,0,0,0,0,0,0,327,16766,0,0,0,0
54965.575,16371,61,0,0,0,0,0,8,29626,44,53,0,0,0,0,0,0,0,0,0,0,0,0,0,0,0,0,0,0,0,0,0,0,370,17251,0,0,0,0
54982.190,16615,60,0,0,0,0,0,8,30127,44,53,0,0,0,0,0,0,0,0,0,0,0,0,0,0,0,0,0,0,0,0,0,0,359,15648,0,0,0,0
54998.743,16552,60,0,0,0,0,0,8,29849,44,53,0,0,0,0,0,0,0,0,0,0,0,0,0,0,0,0,0,0,0,0,0,0,348,16669,0,0,0,0
55015.189,16446,60,0,0,0,0,0,8,29879,44,53,0,0,0,0,0,0,0,0,0,0,0,0,0,0,0,0,0,0,0,0,0,0,337,16099,0,0,0,0
55032.425,17236,58,0,0,0,0,0,8,29939,44,53,0,0,0,0,0,0,0,0,0,0,0,0,0,0,0,0,0,0,0,0,0,0,346,17048,0,0,0,0
55049.206,16770,59,0,0,0,0,0,8,30324,44,53,0,0,0,0,0,0,0,0,0,0,0,0,0,0,0,0,0,0,0,0,0,0,381,16884,0,0,0,0
55065.516,16320,61,0,0,0,0,0,8,30281,44,53,0,0,0,0,0,0,0,0,0,0,0,0,0,0,0,0,0,0,0,0,0,0,381,17188,0,0,0,0
55082.411,16895,59,0,0,0,0,0,8,30326,44,53,0,0,0,0,0,0,0,0,0,0,0,0,0,0,0,0,0,0,0,0,0,0,340,15918,0,0,0,0
55099.201,16790,59,0,0,0,0,0,8,30258,44,53,0,0,0,0,0,0,0,0,0,0,0,0,0,0,0,0,0,0,0,0,0,0,377,17813,0,0,0,0
55115.573,16371,61,0,0,0,0,0,8,30236,44,53,0,0,0,0,0,0,0,0,0,0,0,0,0,0,0,0,0,0,0,0,0,0,333,16223,0,0,0,0
55133.054,17481,57,0,0,0,0,0,8,30162,44,53,0,0,0,0,0,0,0,0,0,0,0,0,0,0,0,0,0,0,0,0,0,0,336,16510,0,0,0,0
55150.063,17008,58,0,0,0,0,0,8,30210,44,53,0,0,0,0,0,0,0,0,0,0,0,0,0,0,0,0,0,0,0,0,0,0,383,16869,0,0,0,0
55165.926,15863,63,0,0,0,0,0,8,30148,44,53,0,0,0,0,0,0,0,0,0,0,0,0,0,0,0,0,0,0,0,0,0,0,386,17676,0,0,0,0
55182.172,16245,61,0,0,0,0,0,8,30260,44,53,0,0,0,0,0,0,0,0,0,0,0,0,0,0,0,0,0,0,0,0,0,0,364,15362,0,0,0,0
55199.099,16927,59,0,0,0,0,0,8,30349,44,53,0,0,0,0,0,0,0,0,0,0,0,0,0,0,0,0,0,0,0,0,0,0,368,16462,0,0,0,0
55215.579,16480,60,0,0,0,0,0,8,30682,44,53,0,0,0,0,0,0,0,0,0,0,0,0,0,0,0,0,0,0,0,0,0,0,360,17234,0,0,0,0
55232.578,16998,58,0,0,0,0,0,8,30629,44,53,0,0,0,0,0,0,0,0,0,0,0,0,0,0,0,0,0,0,0,0,0,0,357,16054,0,0,0,0
55248.749,16170,61,0,0,0,0,0,8,30545,44,53,0,0,0,0,0,0,0,0,0,0,0,0,0,0,0,0,0,0,0,0,0,0,385,17000,0,0,0,0
55266.055,17306,57,0,0,0,0,0,8,30556,44,53,0,0,0,0,0,0,0,0,0,0,0,0,0,0,0,0,0,0,0,0,0,0,376,16198,0,0,0,0
55282.577,16522,60,0,0,0,0,0,8,30638,44,53,0,0,0,0,0,0,0,0,0,0,0,0,0,0,0,0,0,0,0,0,0,0,361,17937,0,0,0,0
55299.215,16637,60,0,0,0,0,0,8,30667,44,53,0,0,0,0,0,0,0,0,0,0,0,0,0,0,0,0,0,0,0,0,0,0,368,16000,0,0,0,0
55315.562,16347,61,0,0,0,0,0,8,30613,44,53,0,0,0,0,0,0,0,0,0,0,0,0,0,0,0,0,0,0,0,0,0,0,347,17365,0,0,0,0
55332.197,16635,60,0,0,0,0,0,8,30274,44,53,0,0,0,0,0,0,0,0,0,0,0,0,0,0,0,0,0,0,0,0,0,0,349,15583,0,0,0,0
55349.132,16934,59,0,0,0,0,0,8,30230,44,53,0,0,0,0,0,0,0,0,0,0,0,0,0,0,0,0,0,0,0,0,0,0,368,16914,0,0,0,0
55365.698,16566,60,0,0,0,0,0,8,30219,44,53,0,0,0,0,0,0,0,0,0,0,0,0,0,0,0,0,0,0,0,0,0,0,387,16553,0,0,0,0
55383.075,17376,57,0,0,0,0,0,8,30464,44,53,0,0,0,0,0,0,0,0,0,0,0,0,0,0,0,0,0,0,0,0,0,0,370,16690,0,0,0,0
55399.590,16515,60,0,0,0,0,0,8,30178,44,53,0,0,0,0,0,0,0,0,0,0,0,0,0,0,0,0,0,0,0,0,0,0,378,17613,0,0,0,0
55415.684,16093,62,0,0,0,0,0,8,31724,44,53,0,0,0,0,0,0,0,0,0,0,0,0,0,0,0,0,0,0,0,0,0,0,301,16261,0,0,0,0
55433.059,17375,57,0,0,0,0,0,8,31636,44,53,0,0,0,0,0,0,0,0,0,0,0,0,0,0,0,0,0,0,0,0,0,0,361,16120,0,0,0,0
55449.083,16024,62,0,0,0,0,0,8,32141,44,53,0,0,0,0,0,0,0,0,0,0,0,0,0,0,0,0,0,0,0,0,0,0,359,18174,0,0,0,0
55465.454,16370,61,0,0,0,0,0,8,31986,44,53,0,0,0,0,0,0,0,0,0,0,0,0,0,0,0,0,0,0,0,0,0,0,365,15240,0,0,0,0
55482.051,16597,60,0,0,0,0,0,8,31507,44,53,0,0,0,0,0,0,0,0,0,0,0,0,0,0,0,0,0,0,0,0,0,0,336,16444,0,0,0,0
55499.199,17138,58,0,0,0,0,0,8,31519,44,53,0,0,0,0,0,0,0,0,0,0,0,0,0,0,0,0,0,0,0,0,0,0,364,16179,0,0,0,0
55515.580,16391,61,0,0,0,0,0,8,31686,44,53,0,0,0,0,0,0,0,0,0,0,0,0,0,0,0,0,0,0,0,0,0,0,352,17485,0,0,0,0
55532.656,17075,58,0,0,0,0,0,8,31781,44,53,0,0,0,0,0,0,0,0,0,0,0,0,0,0,0,0,0,0,0,0,0,0,364,16012,0,0,0,0
55548.715,16058,62,0,0,0,0,0,8,31672,44,53,0,0,0,0,0,0,0,0,0,0,0,0,0,0,0,0,0,0,0,0,0,0,351,16196,0,0,0,0
55565.839,17124,58,0,0,0,0,0,8,31918,44,53,0,0,0,0,0,0,0,0,0,0,0,0,0,0,0,0,0,0,0,0,0,0,349,16921,0,0,0,0
55582.135,16296,61,0,0,0,0,0,8,32038,44,53,0,0,0,0,0,0,0,0,0,0,0,0,0,0,0,0,0,0,0,0,0,0,378,17658,0,0,0,0
55599.053,16917,59,0,0,0,0,0,8,32588,44,53,0,0,0,0,0,0,0,0,0,0,0,0,0,0,0,0,0,0,0,0,0,0,360,16418,0,0,0,0
55615.696,16643,60,0,0,0,0,0,8,32097,44,53,0,0,0,0,0,0,0,0,0,0,0,0,0,0,0,0,0,0,0,0,0,0,369,15744,0,0,0,0
55632.186,16489,60,0,0,0,0,0,8,32049,44,53,0,0,0,0,0,0,0,0,0,0,0,0,0,0,0,0,0,0,0,0,0,0,359,17253,0,0,0,0
55649.188,17002,58,0,0,0,0,0,8,31834,44,53,0,0,0,0,0,0,0,0,0,0,0,0,0,0,0,0,0,0,0,0,0,0,347,17045,0,0,0,0
55665.063,15874,62,0,0,0,0,0,8,31677,44,53,0,0,0,0,0,0,0,0,0,0,0,0,0,0,0,0,0,0,0,0,0,0,330,16873,0,0,0,0
55682.192,17129,58,0,0,0,0,0,8,29589,44,53,0,0,0,0,0,0,0,0,0,0,0,0,0,0,0,0,0,0,0,0,0,0,364,15757,0,0,0,0
55698.704,16511,60,0,0,0,0,0,8,29709,44,53,0,0,0,0,0,0,0,0,0,0,0,0,0,0,0,0,0,0,0,0,0,0,350,17254,0,0,0,0
55715.406,16701,59,0,0,0,0,0,8,29515,44,53,0,0,0,0,0,0,0,0,0,0,0,0,0,0,0,0,0,0,0,0,0,0,378,16175,0,0,0,0
55732.286,16880,59,0,0,0,0,0,8,29465,44,53,0,0,0,0,0,0,0,0,0,0,0,0,0,0,0,0,0,0,0,0,0,0,356,16780,0,0,0,0
55750.048,17762,56,0,0,0,0,0,8,29355,44,53,0,0,0,0,0,0,0,0,0,0,0,0,0,0,0,0,0,0,0,0,0,0,370,16890,0,0,0,0
55765.579,15530,64,0,0,0,0,0,8,29397,44,53,0,0,0,0,0,0,0,0,0,0,0,0,0,0,0,0,0,0,0,0,0,0,351,17692,0,0,0,0
55782.191,16611,60,0,0,0,0,0,8,29411,44,53,0,0,0,0,0,0,0,0,0,0,0,0,0,0,0,0,0,0,0,0,0,0,377,15402,0,0,0,0
55799.131,16940,59,0,0,0,0,0,8,29449,44,53,0,0,0,0,0,0,0,0,0,0,0,0,0,0,0,0,0,0,0,0,0,0,402,17102,0,0,0,0
55816.571,17440,57,0,0,0,0,0,8,29309,44,53,0,0,0,0,0,0,0,0,0,0,0,0,0,0,0,0,0,0,0,0,0,0,338,16356,0,0,0,0
55833.047,16475,60,0,0,0,0,0,8,29282,44,53,0,0,0,0,0,0,0,0,0,0,0,0,0,0,0,0,0,0,0,0,0,0,363,17730,0,0,0,0
55849.058,16010,62,0,0,0,0,0,8,29391,44,53,0,0,0,0,0,0,0,0,0,0,0,0,0,0,0,0,0,0,0,0,0,0,362,16217,0,0,0,0
55865.449,16390,61,0,0,0,0,0,8,29341,44,53,0,0,0,0,0,0,0,0,0,0,0,0,0,0,0,0,0,0,0,0,0,0,337,16659,0,0,0,0
55883.048,17599,56,0,0,0,0,0,8,29313,44,53,0,0,0,0,0,0,0,0,0,0,0,0,0,0,0,0,0,0,0,0,0,0,331,15989,0,0,0,0
55899.187,16138,61,0,0,0,0,0,8,29348,44,53,0,0,0,0,0,0,0,0,0,0,0,0,0,0,0,0,0,0,0,0,0,0,377,18100,0,0,0,0
55916.060,16873,59,0,0,0,0,0,8,28750,44,53,0,0,0,0,0,0,0,0,0,0,0,0,0,0,0,0,0,0,0,0,0,0,351,15974,0,0,0,0
55932.190,16130,61,0,0,0,0,0,8,28841,44,53,0,0,0,0,0,0,0,0,0,0,0,0,0,0,0,0,0,0,0,0,0,0,388,16823,0,0,0,0
55949.053,16862,59,0,0,0,0,0,8,28865,44,53,0,0,0,0,0,0,0,0,0,0,0,0,0,0,0,0,0,0,0,0,0,0,345,16128,0,0,0,0
55965.578,16525,60,0,0,0,0,0,8,28720,44,53,0,0,0,0,0,0,0,0,0,0,0,0,0,0,0,0,0,0,0,0,0,0,387,15871,0,0,0,0
55983.050,17471,57,0,0,0,0,0,8,28915,44,53,0,0,0,0,0,0,0,0,0,0,0,0,0,0,0,0,0,0,0,0,0,0,349,17073,0,0,0,0
55999.051,16001,62,0,0,0,0,0,8,31090,44,53,0,0,0,0,0,0,0,0,0,0,0,0,0,0,0,0,0,0,0,0,0,0,399,17401,0,0,0,0
56015.711,16660,60,0,0,0,0,0,8,30940,44,53,0,0,0,0,0,0,0,0,0,0,0,0,0,0,0,0,0,0,0,0,0,0,348,15213,0,0,0,0
56032.344,16632,60,0,0,0,0,0,8,31208,44,53,0,0,0,0,0,0,0,0,0,0,0,0,0,0,0,0,0,0,0,0,0,0,355,17730,0,0,0,0
56049.067,16722,59,0,0,0,0,0,8,30949,44,53,0,0,0,0,0,0,0,0,0,0,0,0,0,0,0,0,0,0,0,0,0,0,356,16684,0,0,0,0
56066.048,16981,58,0,0,0,0,0,8,30704,44,53,0,0,0,0,0,0,0,0,0,0,0,0,0,0,0,0,0,0,0,0,0,0,362,16685,0,0,0,0
56082.194,16145,61,0,0,0,0,0,8,30754,44,53,0,0,0,0,0,0,0,0,0,0,0,0,0,0,0,0,0,0,0,0,0,0,334,16918,0,0,0,0
56098.729,16535,60,0,0,0,0,0,8,30851,44,53,0,0,0,0,0,0,0,0,0,0,0,0,0,0,0,0,0,0,0,0,0,0,332,16043,0,0,0,0
56116.563,17834,56,0,0,0,0,0,8,30967,44,53,0,0,0,0,0,0,0,0,0,0,0,0,0,0,0,0,0,0,0,0,0,0,349,16450,0,0,0,0
56132.330,15766,63,0,0,0,0,0,8,30794,44,53,0,0,0,0,0,0,0,0,0,0,0,0,0,0,0,0,0,0,0,0,0,0,353,18479,0,0,0,0
56149.567,17237,58,0,0,0,0,0,8,30733,44,53,0,0,0,0,0,0,0,0,0,0,0,0,0,0,0,0,0,0,0,0,0,0,359,15174,0,0,0,0
56165.554,15986,62,0,0,0,0,0,8,30858,44,53,0,0,0,0,0,0,0,0,0,0,0,0,0,0,0,0,0,0,0,0,0,0,366,17171,0,0,0,0
56183.072,17518,57,0,0,0,0,0,8,29923,44,53,0,0,0,0,0,0,0,0,0,0,0,0,0,0,0,0,0,0,0,0,0,0,329,16208,0,0,0,0
56199.121,16049,62,0,0,0,0,0,8,29972,44,53,0,0,0,0,0,0,0,0,0,0,0,0,0,0,0,0,0,0,0,0,0,0,378,17496,0,0,0,0
56215.474,16353,61,0,0,0,0,0,8,29583,44,53,0,0,0,0,0,0,0,0,0,0,0,0,0,0,0,0,0,0,0,0,0,0,343,15856,0,0,0,0
56233.046,17571,56,0,0,0,0,0,8,29776,44,53,0,0,0,0,0,0,0,0,0,0,0,0,0,0,0,0,0,0,0,0,0,0,356,16373,0,0,0,0
56249.185,16138,61,0,0,0,0,0,8,29970,44,53,0,0,0,0,0,0,0,0,0,0,0,0,0,0,0,0,0,0,0,0,0,0,366,17894,0,0,0,0
56265.770,16584,60,0,0,0,0,0,8,28144,44,53,0,0,0,0,0,0,0,0,0,0,0,0,0,0,0,0,0,0,0,0,0,0,335,15999,0,0,0,0
56283.054,17284,57,0,0,0,0,0,8,27879,44,53,0,0,0,0,0,0,0,0,0,0,0,0,0,0,0,0,0,0,0,0,0,0,341,16081,0,0,0,0
56299.116,16061,62,0,0,0,0,0,8,27914,44,53,0,0,0,0,0,0,0,0,0,0,0,0,0,0,0,0,0,0,0,0,0,0,372,18073,0,0,0,0
56315.414,16298,61,0,0,0,0,0,8,27761,44,53,0,0,0,0,0,0,0,0,0,0,0,0,0,0,0,0,0,0,0,0,0,0,324,15900,0,0,0,0
56332.182,16767,59,0,0,0,0,0,8,27586,44,53,0,0,0,0,0,0,0,0,0,0,0,0,0,0,0,0,0,0,0,0,0,0,333,16034,0,0,0,0
56349.057,16875,59,0,0,0,0,0,8,27750,44,53,0,0,0,0,0,0,0,0,0,0,0,0,0,0,0,0,0,0,0,0,0,0,366,17015,0,0,0,0
56366.562,17505,57,0,0,0,0,0,8,27863,44,53,0,0,0,0,0,0,0,0,0,0,0,0,0,0,0,0,0,0,0,0,0,0,319,15204,0,0,0,0
56382.443,15880,62,0,0,0,0,0,8,27723,44,53,0,0,0,0,0,0,0,0,0,0,0,0,0,0,0,0,0,0,0,0,0,0,399,19018,0,0,0,0
56399.102,16659,60,0,0,0,0,0,8,27644,44,53,0,0,0,0,0,0,0,0,0,0,0,0,0,0,0,0,0,0,0,0,0,0,367,15918,0,0,0,0
56416.041,16938,59,0,0,0,0,0,8,27301,44,53,0,0,0,0,0,0,0,0,0,0,0,0,0,0,0,0,0,0,0,0,0,0,367,16573,0,0,0,0
56432.476,16434,60,0,0,0,0,0,8,27297,44,53,0,0,0,0,0,0,0,0,0,0,0,0,0,0,0,0,0,0,0,0,0,0,335,16834,0,0,0,0
56449.185,16709,59,0,0,0,0,0,8,27355,44,53,0,0,0,0,0,0,0,0,0,0,0,0,0,0,0,0,0,0,0,0,0,0,356,16225,0,0,0,0
56465.554,16369,61,0,0,0,0,0,8,27245,44,53,0,0,0,0,0,0,0,0,0,0,0,0,0,0,0,0,0,0,0,0,0,0,360,17241,0,0,0,0
56483.051,17496,57,0,0,0,0,0,8,27194,44,53,0,0,0,0,0,0,0,0,0,0,0,0,0,0,0,0,0,0,0,0,0,0,335,16289,0,0,0,0
56498.505,15454,64,0,0,0,0,0,8,27353,44,53,0,0,0,0,0,0,0,0,0,0,0,0,0,0,0,0,0,0,0,0,0,0,375,17987,0,0,0,0
56515.564,17059,58,0,0,0,0,0,8,27173,44,53,0,0,0,0,0,0,0,0,0,0,0,0,0,0,0,0,0,0,0,0,0,0,377,15214,0,0,0,0
56533.046,17481,57,0,0,0,0,0,8,27230,44,53,0,0,0,0,0,0,0,0,0,0,0,0,0,0,0,0,0,0,0,0,0,0,355,16892,0,0,0,0
56549.566,16520,60,0,0,0,0,0,8,27257,44,53,0,0,0,0,0,0,0,0,0,0,0,0,0,0,0,0,0,0,0,0,0,0,384,18069,0,0,0,0
56565.560,15994,62,0,0,0,0,0,8,27087,44,53,0,0,0,0,0,0,0,0,0,0,0,0,0,0,0,0,0,0,0,0,0,0,372,15408,0,0,0,0
56582.592,17031,58,0,0,0,0,0,8,27149,44,53,0,0,0,0,0,0,0,0,0,0,0,0,0,0,0,0,0,0,0,0,0,0,372,16350,0,0,0,0
56599.169,16577,60,0,0,0,0,0,8,27162,44,53,0,0,0,0,0,0,0,0,0,0,0,0,0,0,0,0,0,0,0,0,0,0,349,16498,0,0,0,0
56615.473,16303,61,0,0,0,0,0,8,27256,44,53,0,0,0,0,0,0,0,0,0,0,0,0,0,0,0,0,0,0,0,0,0,0,373,16844,0,0,0,0
56632.075,16602,60,0,0,0,0,0,8,27441,44,53,0,0,0,0,0,0,0,0,0,0,0,0,0,0,0,0,0,0,0,0,0,0,338,16031,0,0,0,0
56649.048,16972,58,0,0,0,0,0,8,27835,44,53,0,0,0,0,0,0,0,0,0,0,0,0,0,0,0,0,0,0,0,0,0,0,357,16994,0,0,0,0
56666.043,16995,58,0,0,0,0,0,8,27284,44,53,0,0,0,0,0,0,0,0,0,0,0,0,0,0,0,0,0,0,0,0,0,0,345,15919,0,0,0,0
56683.041,16998,58,0,0,0,0,0,8,27344,44,53,0,0,0,0,0,0,0,0,0,0,0,0,0,0,0,0,0,0,0,0,0,0,384,17228,0,0,0,0
56699.091,16037,62,0,0,0,0,0,8,27376,44,53,0,0,0,0,0,0,0,0,0,0,0,0,0,0,0,0,0,0,0,0,0,0,380,18067,0,0,0,0
56715.579,16501,60,0,0,0,0,0,8,29991,44,53,0,0,0,0,0,0,0,0,0,0,0,0,0,0,0,0,0,0,0,0,0,0,354,16063,0,0,0,0
56732.569,16989,58,0,0,0,0,0,8,28965,44,53,0,0,0,0,0,0,0,0,0,0,0,0,0,0,0,0,0,0,0,0,0,0,344,16198,0,0,0,0
56749.555,16985,58,0,0,0,0,0,8,29012,44,53,0,0,0,0,0,0,0,0,0,0,0,0,0,0,0,0,0,0,0,0,0,0,373,16789,0,0,0,0
56765.645,16090,62,0,0,0,0,0,8,29127,44,53,0,0,0,0,0,0,0,0,0,0,0,0,0,0,0,0,0,0,0,0,0,0,376,17123,0,0,0,0
56781.939,16294,61,0,0,0,0,0,8,31070,44,53,0,0,0,0,0,0,0,0,0,0,0,0,0,0,0,0,0,0,0,0,0,0,344,16088,0,0,0,0
56799.043,17103,58,0,0,0,0,0,8,31150,44,53,0,0,0,0,0,0,0,0,0,0,0,0,0,0,0,0,0,0,0,0,0,0,339,16428,0,0,0,0
56815.560,16517,60,0,0,0,0,0,8,30907,44,53,0,0,0,0,0,0,0,0,0,0,0,0,0,0,0,0,0,0,0,0,0,0,353,16252,0,0,0,0
56832.135,16574,60,0,0,0,0,0,8,31168,44,53,0,0,0,0,0,0,0,0,0,0,0,0,0,0,0,0,0,0,0,0,0,0,358,17701,0,0,0,0
56849.041,16906,59,0,0,0,0,0,8,31115,44,53,0,0,0,0,0,0,0,0,0,0,0,0,0,0,0,0,0,0,0,0,0,0,346,16074,0,0,0,0
56865.613,16571,60,0,0,0,0,0,8,30973,44,53,0,0,0,0,0,0,0,0,0,0,0,0,0,0,0,0,0,0,0,0,0,0,337,16012,0,0,0,0
56882.143,16530,60,0,0,0,0,0,8,31198,44,53,0,0,0,0,0,0,0,0,0,0,0,0,0,0,0,0,0,0,0,0,0,0,350,17828,0,0,0,0
56899.052,16908,59,0,0,0,0,0,8,31145,44,53,0,0,0,0,0,0,0,0,0,0,0,0,0,0,0,0,0,0,0,0,0,0,362,15990,0,0,0,0
56915.592,16540,60,0,0,0,0,0,8,31172,44,53,0,0,0,0,0,0,0,0,0,0,0,0,0,0,0,0,0,0,0,0,0,0,373,17860,0,0,0,0
56932.192,16600,60,0,0,0,0,0,8,31008,44,53,0,0,0,0,0,0,0,0,0,0,0,0,0,0,0,0,0,0,0,0,0,0,338,15973,0,0,0,0
56949.111,16919,59,0,0,0,0,0,8,31039,44,53,0,0,0,0,0,0,0,0,0,0,0,0,0,0,0,0,0,0,0,0,0,0,363,16818,0,0,0,0
56966.041,16929,59,0,0,0,0,0,8,30898,44,53,0,0,0,0,0,0,0,0,0,0,0,0,0,0,0,0,0,0,0,0,0,0,370,16727,0,0,0,0
56982.150,16109,62,0,0,0,0,0,8,31169,44,53,0,0,0,0,0,0,0,0,0,0,0,0,0,0,0,0,0,0,0,0,0,0,345,16862,0,0,0,0
56999.052,16901,59,0,0,0,0,0,8,31292,44,53,0,0,0,0,0,0,0,0,0,0,0,0,0,0,0,0,0,0,0,0,0,0,362,16263,0,0,0,0
57015.157,16105,62,0,0,0,0,0,8,31123,44,53,0,0,0,0,0,0,0,0,0,0,0,0,0,0,0,0,0,0,0,0,0,0,367,15810,0,0,0,0
57032.171,17014,58,0,0,0,0,0,8,33634,44,53,0,0,0,0,0,0,0,0,0,0,0,0,0,0,0,0,0,0,0,0,0,0,344,17322,0,0,0,0
57049.037,16865,59,0,0,0,0,0,8,31764,44,53,0,0,0,0,0,0,0,0,0,0,0,0,0,0,0,0,0,0,0,0,0,0,346,17008,0,0,0,0
57066.036,16999,58,0,0,0,0,0,8,31633,44,53,0,0,0,0,0,0,0,0,0,0,0,0,0,0,0,0,0,0,0,0,0,0,352,15559,0,0,0,0
57082.198,16161,61,0,0,0,0,0,8,31990,44,53,0,0,0,0,0,0,0,0,0,0,0,0,0,0,0,0,0,0,0,0,0,0,343,18197,0,0,0,0
57099.009,16811,59,0,0,0,0,0,8,31944,44,53,0,0,0,0,0,0,0,0,0,0,0,0,0,0,0,0,0,0,0,0,0,0,341,15715,0,0,0,0
57115.368,16359,61,0,0,0,0,0,8,32031,44,53,0,0,0,0,0,0,0,0,0,0,0,0,0,0,0,0,0,0,0,0,0,0,363,17070,0,0,0,0
57132.294,16925,59,0,0,0,0,0,8,31742,44,53,0,0,0,0,0,0,0,0,0,0,0,0,0,0,0,0,0,0,0,0,0,0,339,16084,0,0,0,0
57148.827,16533,60,0,0,0,0,0,8,31803,44,53,0,0,0,0,0,0,0,0,0,0,0,0,0,0,0,0,0,0,0,0,0,0,360,17393,0,0,0,0
57165.557,16729,59,0,0,0,0,0,8,31556,44,53,0,0,0,0,0,0,0,0,0,0,0,0,0,0,0,0,0,0,0,0,0,0,363,16360,0,0,0,0
57182.293,16735,59,0,0,0,0,0,8,31567,44,53,0,0,0,0,0,0,0,0,0,0,0,0,0,0,0,0,0,0,0,0,0,0,340,16848,0,0,0,0
57199.035,16741,59,0,0,0,0,0,8,31787,44,53,0,0,0,0,0,0,0,0,0,0,0,0,0,0,0,0,0,0,0,0,0,0,349,16624,0,0,0,0
57215.191,16156,61,0,0,0,0,0,8,31524,44,53,0,0,0,0,0,0,0,0,0,0,0,0,0,0,0,0,0,0,0,0,0,0,345,15793,0,0,0,0
57232.186,16994,58,0,0,0,0,0,8,31720,44,53,0,0,0,0,0,0,0,0,0,0,0,0,0,0,0,0,0,0,0,0,0,0,353,17137,0,0,0,0
57249.547,17360,57,0,0,0,0,0,8,31697,44,53,0,0,0,0,0,0,0,0,0,0,0,0,0,0,0,0,0,0,0,0,0,0,338,17068,0,0,0,0
57266.053,16505,60,0,0,0,0,0,8,31310,44,53,0,0,0,0,0,0,0,0,0,0,0,0,0,0,0,0,0,0,0,0,0,0,371,17086,0,0,0,0
57282.408,16354,61,0,0,0,0,0,8,31333,44,53,0,0,0,0,0,0,0,0,0,0,0,0,0,0,0,0,0,0,0,0,0,0,339,16883,0,0,0,0
57299.049,16630,60,0,0,0,0,0,8,31187,44,53,0,0,0,0,0,0,0,0,0,0,0,0,0,0,0,0,0,0,0,0,0,0,323,15964,0,0,0,0
57315.109,16071,62,0,0,0,0,0,8,30861,44,53,0,0,0,0,0,0,0,0,0,0,0,0,0,0,0,0,0,0,0,0,0,0,381,17185,0,0,0,0
57332.174,17065,58,0,0,0,0,0,8,30879,44,53,0,0,0,0,0,0,0,0,0,0,0,0,0,0,0,0,0,0,0,0,0,0,366,15836,0,0,0,0
57349.180,17005,58,0,0,0,0,0,8,30649,44,53,0,0,0,0,0,0,0,0,0,0,0,0,0,0,0,0,0,0,0,0,0,0,372,16957,0,0,0,0
57366.072,16891,59,0,0,0,0,0,8,30418,44,53,0,0,0,0,0,0,0,0,0,0,0,0,0,0,0,0,0,0,0,0,0,0,387,17001,0,0,0,0
57382.274,16202,61,0,0,0,0,0,8,30181,44,53,0,0,0,0,0,0,0,0,0,0,0,0,0,0,0,0,0,0,0,0,0,0,329,16701,0,0,0,0
57399.048,16773,59,0,0,0,0,0,8,30018,44,53,0,0,0,0,0,0,0,0,0,0,0,0,0,0,0,0,0,0,0,0,0,0,351,16056,0,0,0,0
57415.573,16524,60,0,0,0,0,0,8,29813,44,53,0,0,0,0,0,0,0,0,0,0,0,0,0,0,0,0,0,0,0,0,0,0,340,16354,0,0,0,0
57432.560,16987,58,0,0,0,0,0,8,29788,44,53,0,0,0,0,0,0,0,0,0,0,0,0,0,0,0,0,0,0,0,0,0,0,330,17349,0,0,0,0
57448.948,16387,61,0,0,0,0,0,8,29678,44,53,0,0,0,0,0,0,0,0,0,0,0,0,0,0,0,0,0,0,0,0,0,0,344,16717,0,0,0,0
57465.387,16439,60,0,0,0,0,0,8,29406,44,53,0,0,0,0,0,0,0,0,0,0,0,0,0,0,0,0,0,0,0,0,0,0,354,16247,0,0,0,0
57481.992,16604,60,0,0,0,0,0,8,29494,44,53,0,0,0,0,0,0,0,0,0,0,0,0,0,0,0,0,0,0,0,0,0,0,337,16601,0,0,0,0
57499.174,17182,58,0,0,0,0,0,8,29393,44,53,0,0,0,0,0,0,0,0,0,0,0,0,0,0,0,0,0,0,0,0,0,0,335,16749,0,0,0,0
57515.089,15914,62,0,0,0,0,0,8,29630,44,53,0,0,0,0,0,0,0,0,0,0,0,0,0,0,0,0,0,0,0,0,0,0,332,17559,0,0,0,0
57532.180,17091,58,0,0,0,0,0,8,29612,44,53,0,0,0,0,0,0,0,0,0,0,0,0,0,0,0,0,0,0,0,0,0,0,336,15491,0,0,0,0
57549.556,17375,57,0,0,0,0,0,8,29600,44,53,0,0,0,0,0,0,0,0,0,0,0,0,0,0,0,0,0,0,0,0,0,0,377,17173,0,0,0,0
57565.567,16011,62,0,0,0,0,0,8,29489,44,53,0,0,0,0,0,0,0,0,0,0,0,0,0,0,0,0,0,0,0,0,0,0,351,17187,0,0,0,0
57583.070,17503,57,0,0,0,0,0,8,29337,44,53,0,0,0,0,0,0,0,0,0,0,0,0,0,0,0,0,0,0,0,0,0,0,333,15903,0,0,0,0
57599.104,16034,62,0,0,0,0,0,8,29476,44,53,0,0,0,0,0,0,0,0,0,0,0,0,0,0,0,0,0,0,0,0,0,0,363,17311,0,0,0,0
57615.621,16516,60,0,0,0,0,0,8,29088,44,53,0,0,0,0,0,0,0,0,0,0,0,0,0,0,0,0,0,0,0,0,0,0,364,16688,0,0,0,0
57632.561,16940,59,0,0,0,0,0,8,28865,44,53,0,0,0,0,0,0,0,0,0,0,0,0,0,0,0,0,0,0,0,0,0,0,320,15815,0,0,0,0
57649.035,16473,60,0,0,0,0,0,8,28804,44,53,0,0,0,0,0,0,0,0,0,0,0,0,0,0,0,0,0,0,0,0,0,0,351,17157,0,0,0,0
57666.563,17528,57,0,0,0,0,0,8,28545,44,53,0,0,0,0,0,0,0,0,0,0,0,0,0,0,0,0,0,0,0,0,0,0,350,15641,0,0,0,0
57683.034,16470,60,0,0,0,0,0,8,28437,44,53,0,0,0,0,0,0,0,0,0,0,0,0,0,0,0,0,0,0,0,0,0,0,360,18768,0,0,0,0
57699.552,16517,60,0,0,0,0,0,8,29907,44,53,0,0,0,0,0,0,0,0,0,0,0,0,0,0,0,0,0,0,0,0,0,0,358,15960,0,0,0,0
57715.526,15974,62,0,0,0,0,0,8,29617,44,53,0,0,0,0,0,0,0,0,0,0,0,0,0,0,0,0,0,0,0,0,0,0,352,16450,0,0,0,0
57732.307,16780,59,0,0,0,0,0,8,29452,44,53,0,0,0,0,0,0,0,0,0,0,0,0,0,0,0,0,0,0,0,0,0,0,344,15935,0,0,0,0
57749.039,16732,59,0,0,0,0,0,8,30912,44,53,0,0,0,0,0,0,0,0,0,0,0,0,0,0,0,0,0,0,0,0,0,0,377,17412,0,0,0,0
57766.550,17511,57,0,0,0,0,0,8,30408,44,53,0,0,0,0,0,0,0,0,0,0,0,0,0,0,0,0,0,0,0,0,0,0,362,15716,0,0,0,0
57782.037,15486,64,0,0,0,0,0,8,29508,44,53,0,0,0,0,0,0,0,0,0,0,0,0,0,0,0,0,0,0,0,0,0,0,373,18876,0,0,0,0
57799.205,17167,58,0,0,0,0,0,8,30614,44,53,0,0,0,0,0,0,0,0,0,0,0,0,0,0,0,0,0,0,0,0,0,0,361,14631,0,0,0,0
57815.582,16377,61,0,0,0,0,0,8,30845,44,53,0,0,0,0,0,0,0,0,0,0,0,0,0,0,0,0,0,0,0,0,0,0,361,17230,0,0,0,0
57832.392,16810,59,0,0,0,0,0,8,30650,44,53,0,0,0,0,0,0,0,0,0,0,0,0,0,0,0,0,0,0,0,0,0,0,338,16939,0,0,0,0
57848.694,16301,61,0,0,0,0,0,8,30768,44,53,0,0,0,0,0,0,0,0,0,0,0,0,0,0,0,0,0,0,0,0,0,0,364,16366,0,0,0,0
57865.574,16880,59,0,0,0,0,0,8,30515,44,53,0,0,0,0,0,0,0,0,0,0,0,0,0,0,0,0,0,0,0,0,0,0,333,16432,0,0,0,0
57882.192,16617,60,0,0,0,0,0,8,30355,44,53,0,0,0,0,0,0,0,0,0,0,0,0,0,0,0,0,0,0,0,0,0,0,358,16921,0,0,0,0
57898.691,16499,60,0,0,0,0,0,8,30076,44,53,0,0,0,0,0,0,0,0,0,0,0,0,0,0,0,0,0,0,0,0,0,0,346,16561,0,0,0,0
57915.443,16751,59,0,0,0,0,0,8,29970,44,53,0,0,0,0,0,0,0,0,0,0,0,0,0,0,0,0,0,0,0,0,0,0,343,16313,0,0,0,0
57932.553,17110,58,0,0,0,0,0,8,30091,44,53,0,0,0,0,0,0,0,0,0,0,0,0,0,0,0,0,0,0,0,0,0,0,350,16966,0,0,0,0
57950.043,17490,57,0,0,0,0,0,8,29504,44,53,0,0,0,0,0,0,0,0,0,0,0,0,0,0,0,0,0,0,0,0,0,0,386,16613,0,0,0,0
57965.605,15561,64,0,0,0,0,0,8,27546,44,53,0,0,0,0,0,0,0,0,0,0,0,0,0,0,0,0,0,0,0,0,0,0,378,18257,0,0,0,0
57982.141,16535,60,0,0,0,0,0,8,27607,44,53,0,0,0,0,0,0,0,0,0,0,0,0,0,0,0,0,0,0,0,0,0,0,351,15434,0,0,0,0
57998.566,16425,60,0,0,0,0,0,8,27550,44,53,0,0,0,0,0,0,0,0,0,0,0,0,0,0,0,0,0,0,0,0,0,0,368,16077,0,0,0,0
58015.605,17038,58,0,0,0,0,0,8,27485,44,53,0,0,0,0,0,0,0,0,0,0,0,0,0,0,0,0,0,0,0,0,0,0,345,16617,0,0,0,0
58032.052,16446,60,0,0,0,0,0,8,27352,44,53,0,0,0,0,0,0,0,0,0,0,0,0,0,0,0,0,0,0,0,0,0,0,400,16647,0,0,0,0
58049.100,17048,58,0,0,0,0,0,8,27380,44,53,0,0,0,0,0,0,0,0,0,0,0,0,0,0,0,0,0,0,0,0,0,0,358,16891,0,0,0,0
58065.721,16620,60,0,0,0,0,0,8,27308,44,53,0,0,0,0,0,0,0,0,0,0,0,0,0,0,0,0,0,0,0,0,0,0,353,16798,0,0,0,0
58082.163,16442,60,0,0,0,0,0,8,27236,44,53,0,0,0,0,0,0,0,0,0,0,0,0,0,0,0,0,0,0,0,0,0,0,370,16791,0,0,0,0
58098.416,16252,61,0,0,0,0,0,8,27465,44,53,0,0,0,0,0,0,0,0,0,0,0,0,0,0,0,0,0,0,0,0,0,0,348,16565,0,0,0,0
58115.536,17120,58,0,0,0,0,0,8,27268,44,53,0,0,0,0,0,0,0,0,0,0,0,0,0,0,0,0,0,0,0,0,0,0,345,16355,0,0,0,0
58133.027,17490,57,0,0,0,0,0,8,27444,44,53,0,0,0,0,0,0,0,0,0,0,0,0,0,0,0,0,0,0,0,0,0,0,347,17021,0,0,0,0
58149.028,16000,62,0,0,0,0,0,8,27544,44,53,0,0,0,0,0,0,0,0,0,0,0,0,0,0,0,0,0,0,0,0,0,0,360,17156,0,0,0,0
58165.775,16747,59,0,0,0,0,0,8,27495,44,53,0,0,0,0,0,0,0,0,0,0,0,0,0,0,0,0,0,0,0,0,0,0,371,15216,0,0,0,0
58182.122,16346,61,0,0,0,0,0,8,27542,44,53,0,0,0,0,0,0,0,0,0,0,0,0,0,0,0,0,0,0,0,0,0,0,375,17952,0,0,0,0
58199.023,16902,59,0,0,0,0,0,8,27496,44,53,0,0,0,0,0,0,0,0,0,0,0,0,0,0,0,0,0,0,0,0,0,0,356,16034,0,0,0,0
58216.029,17005,58,0,0,0,0,0,8,27475,44,53,0,0,0,0,0,0,0,0,0,0,0,0,0,0,0,0,0,0,0,0,0,0,345,17206,0,0,0,0
58232.350,16321,61,0,0,0,0,0,8,27402,44,53,0,0,0,0,0,0,0,0,0,0,0,0,0,0,0,0,0,0,0,0,0,0,334,15699,0,0,0,0
58249.577,17226,58,0,0,0,0,0,8,27583,44,53,0,0,0,0,0,0,0,0,0,0,0,0,0,0,0,0,0,0,0,0,0,0,387,17253,0,0,0,0
58265.584,16007,62,0,0,0,0,0,8,27614,44,53,0,0,0,0,0,0,0,0,0,0,0,0,0,0,0,0,0,0,0,0,0,0,376,17137,0,0,0,0
58283.036,17451,57,0,0,0,0,0,8,27359,44,53,0,0,0,0,0,0,0,0,0,0,0,0,0,0,0,0,0,0,0,0,0,0,342,15986,0,0,0,0
58299.024,15988,62,0,0,0,0,0,8,27432,44,53,0,0,0,0,0,0,0,0,0,0,0,0,0,0,0,0,0,0,0,0,0,0,357,18779,0,0,0,0
58315.534,16510,60,0,0,0,0,0,8,27685,44,53,0,0,0,0,0,0,0,0,0,0,0,0,0,0,0,0,0,0,0,0,0,0,350,15433,0,0,0,0
58332.391,16856,59,0,0,0,0,0,8,27763,44,53,0,0,0,0,0,0,0,0,0,0,0,0,0,0,0,0,0,0,0,0,0,0,340,15846,0,0,0,0
58349.163,16771,59,0,0,0,0,0,8,27860,44,53,0,0,0,0,0,0,0,0,0,0,0,0,0,0,0,0,0,0,0,0,0,0,378,16848,0,0,0,0
58366.028,16865,59,0,0,0,0,0,8,27726,44,53,0,0,0,0,0,0,0,0,0,0,0,0,0,0,0,0,0,0,0,0,0,0,356,16937,0,0,0,0
58383.026,16997,58,0,0,0,0,0,8,27690,44,53,0,0,0,0,0,0,0,0,0,0,0,0,0,0,0,0,0,0,0,0,0,0,346,15875,0,0,0,0
58399.031,16004,62,0,0,0,0,0,8,27930,44,53,0,0,0,0,0,0,0,0,0,0,0,0,0,0,0,0,0,0,0,0,0,0,377,18015,0,0,0,0
58415.776,16744,59,0,0,0,0,0,8,27730,44,53,0,0,0,0,0,0,0,0,0,0,0,0,0,0,0,0,0,0,0,0,0,0,340,15006,0,0,0,0
58432.353,16577,60,0,0,0,0,0,8,29688,44,53,0,0,0,0,0,0,0,0,0,0,0,0,0,0,0,0,0,0,0,0,0,0,355,17480,0,0,0,0
58449.119,16766,59,0,0,0,0,0,8,29515,44,53,0,0,0,0,0,0,0,0,0,0,0,0,0,0,0,0,0,0,0,0,0,0,372,16839,0,0,0,0
58466.551,17431,57,0,0,0,0,0,8,29281,44,53,0,0,0,0,0,0,0,0,0,0,0,0,0,0,0,0,0,0,0,0,0,0,335,16469,0,0,0,0
58482.551,16000,62,0,0,0,0,0,8,29409,44,53,0,0,0,0,0,0,0,0,0,0,0,0,0,0,0,0,0,0,0,0,0,0,361,18197,0,0,0,0
58499.053,16501,60,0,0,0,0,0,8,29367,44,53,0,0,0,0,0,0,0,0,0,0,0,0,0,0,0,0,0,0,0,0,0,0,354,15486,0,0,0,0
58516.547,17494,57,0,0,0,0,0,8,29511,44,53,0,0,0,0,0,0,0,0,0,0,0,0,0,0,0,0,0,0,0,0,0,0,353,16346,0,0,0,0
58532.117,15570,64,0,0,0,0,0,8,29364,44,53,0,0,0,0,0,0,0,0,0,0,0,0,0,0,0,0,0,0,0,0,0,0,362,17932,0,0,0,0
58549.148,17031,58,0,0,0,0,0,8,30137,44,53,0,0,0,0,0,0,0,0,0,0,0,0,0,0,0,0,0,0,0,0,0,0,355,15246,0,0,0,0
58565.616,16468,60,0,0,0,0,0,8,32173,44,53,0,0,0,0,0,0,0,0,0,0,0,0,0,0,0,0,0,0,0,0,0,0,358,17224,0,0,0,0
58583.024,17407,57,0,0,0,0,0,8,30128,44,53,0,0,0,0,0,0,0,0,0,0,0,0,0,0,0,0,0,0,0,0,0,0,346,16224,0,0,0,0
58598.681,15657,63,0,0,0,0,0,8,29792,44,53,0,0,0,0,0,0,0,0,0,0,0,0,0,0,0,0,0,0,0,0,0,0,382,17642,0,0,0,0
58615.136,16454,60,0,0,0,0,0,8,29349,44,53,0,0,0,0,0,0,0,0,0,0,0,0,0,0,0,0,0,0,0,0,0,0,359,15412,0,0,0,0
58632.485,17349,57,0,0,0,0,0,8,29618,44,53,0,0,0,0,0,0,0,0,0,0,0,0,0,0,0,0,0,0,0,0,0,0,374,16759,0,0,0,0
58649.113,16627,60,0,0,0,0,0,8,29512,44,53,0,0,0,0,0,0,0,0,0,0,0,0,0,0,0,0,0,0,0,0,0,0,367,17068,0,0,0,0
58665.614,16501,60,0,0,0,0,0,8,29401,44,53,0,0,0,0,0,0,0,0,0,0,0,0,0,0,0,0,0,0,0,0,0,0,367,16870,0,0,0,0
58683.034,17419,57,0,0,0,0,0,8,29525,44,53,0,0,0,0,0,0,0,0,0,0,0,0,0,0,0,0,0,0,0,0,0,0,358,16370,0,0,0,0
58700.043,17008,58,0,0,0,0,0,8,27728,44,53,0,0,0,0,0,0,0,0,0,0,0,0,0,0,0,0,0,0,0,0,0,0,370,18358,0,0,0,0
58715.457,15414,64,0,0,0,0,0,8,27774,44,53,0,0,0,0,0,0,0,0,0,0,0,0,0,0,0,0,0,0,0,0,0,0,376,16464,0,0,0,0
58732.336,16879,59,0,0,0,0,0,8,27797,44,53,0,0,0,0,0,0,0,0,0,0,0,0,0,0,0,0,0,0,0,0,0,0,336,14750,0,0,0,0
58750.022,17685,56,0,0,0,0,0,8,27770,44,53,0,0,0,0,0,0,0,0,0,0,0,0,0,0,0,0,0,0,0,0,0,0,396,17139,0,0,0,0
58765.560,15537,64,0,0,0,0,0,8,28047,44,53,0,0,0,0,0,0,0,0,0,0,0,0,0,0,0,0,0,0,0,0,0,0,377,18076,0,0,0,0
58782.175,16615,60,0,0,0,0,0,8,27754,44,53,0,0,0,0,0,0,0,0,0,0,0,0,0,0,0,0,0,0,0,0,0,0,345,15104,0,0,0,0
58799.536,17360,57,0,0,0,0,0,8,27763,44,53,0,0,0,0,0,0,0,0,0,0,0,0,0,0,0,0,0,0,0,0,0,0,366,17038,0,0,0,0
58815.545,16008,62,0,0,0,0,0,8,27761,44,53,0,0,0,0,0,0,0,0,0,0,0,0,0,0,0,0,0,0,0,0,0,0,381,16779,0,0,0,0
58832.491,16946,59,0,0,0,0,0,8,27954,44,53,0,0,0,0,0,0,0,0,0,0,0,0,0,0,0,0,0,0,0,0,0,0,391,16273,0,0,0,0
58848.707,16215,61,0,0,0,0,0,8,27940,44,53,0,0,0,0,0,0,0,0,0,0,0,0,0,0,0,0,0,0,0,0,0,0,375,16881,0,0,0,0
58865.695,16988,58,0,0,0,0,0,8,27742,44,53,0,0,0,0,0,0,0,0,0,0,0,0,0,0,0,0,0,0,0,0,0,0,351,16155,0,0,0,0
58882.167,16472,60,0,0,0,0,0,8,27818,44,53,0,0,0,0,0,0,0,0,0,0,0,0,0,0,0,0,0,0,0,0,0,0,339,16848,0,0,0,0
58899.073,16905,59,0,0,0,0,0,8,27636,44,53,0,0,0,0,0,0,0,0,0,0,0,0,0,0,0,0,0,0,0,0,0,0,359,16990,0,0,0,0
58915.415,16341,61,0,0,0,0,0,8,27663,44,53,0,0,0,0,0,0,0,0,0,0,0,0,0,0,0,0,0,0,0,0,0,0,338,17182,0,0,0,0
58932.370,16955,58,0,0,0,0,0,8,27571,44,53,0,0,0,0,0,0,0,0,0,0,0,0,0,0,0,0,0,0,0,0,0,0,326,16028,0,0,0,0
58949.078,16707,59,0,0,0,0,0,8,27460,44,53,0,0,0,0,0,0,0,0,0,0,0,0,0,0,0,0,0,0,0,0,0,0,350,16598,0,0,0,0
58965.734,16656,60,0,0,0,0,0,8,27754,44,53,0,0,0,0,0,0,0,0,0,0,0,0,0,0,0,0,0,0,0,0,0,0,376,16995,0,0,0,0
58982.274,16539,60,0,0,0,0,0,8,27787,44,53,0,0,0,0,0,0,0,0,0,0,0,0,0,0,0,0,0,0,0,0,0,0,339,16973,0,0,0,0
58999.094,16819,59,0,0,0,0,0,8,29073,44,53,0,0,0,0,0,0,0,0,0,0,0,0,0,0,0,0,0,0,0,0,0,0,366,15901,0,0,0,0
59015.462,16367,61,0,0,0,0,0,8,28985,44,53,0,0,0,0,0,0,0,0,0,0,0,0,0,0,0,0,0,0,0,0,0,0,394,16883,0,0,0,0
59033.023,17560,56,0,0,0,0,0,8,28908,44,53,0,0,0,0,0,0,0,0,0,0,0,0,0,0,0,0,0,0,0,0,0,0,383,16587,0,0,0,0
59049.186,16162,61,0,0,0,0,0,8,28964,44,53,0,0,0,0,0,0,0,0,0,0,0,0,0,0,0,0,0,0,0,0,0,0,365,16457,0,0,0,0
59066.018,16832,59,0,0,0,0,0,8,28709,44,53,0,0,0,0,0,0,0,0,0,0,0,0,0,0,0,0,0,0,0,0,0,0,381,17282,0,0,0,0
59082.357,16338,61,0,0,0,0,0,8,28687,44,53,0,0,0,0,0,0,0,0,0,0,0,0,0,0,0,0,0,0,0,0,0,0,347,16338,0,0,0,0
59100.018,17660,56,0,0,0,0,0,8,28550,44,53,0,0,0,0,0,0,0,0,0,0,0,0,0,0,0,0,0,0,0,0,0,0,370,16446,0,0,0,0
59115.530,15512,64,0,0,0,0,0,8,28663,44,53,0,0,0,0,0,0,0,0,0,0,0,0,0,0,0,0,0,0,0,0,0,0,383,18069,0,0,0,0
59132.007,16477,60,0,0,0,0,0,8,28180,44,53,0,0,0,0,0,0,0,0,0,0,0,0,0,0,0,0,0,0,0,0,0,0,344,15507,0,0,0,0
59149.018,17011,58,0,0,0,0,0,8,28104,44,53,0,0,0,0,0,0,0,0,0,0,0,0,0,0,0,0,0,0,0,0,0,0,341,16591,0,0,0,0
59165.896,16877,59,0,0,0,0,0,8,28087,44,53,0,0,0,0,0,0,0,0,0,0,0,0,0,0,0,0,0,0,0,0,0,0,372,15954,0,0,0,0
59182.103,16207,61,0,0,0,0,0,8,28214,44,53,0,0,0,0,0,0,0,0,0,0,0,0,0,0,0,0,0,0,0,0,0,0,345,17854,0,0,0,0
59199.059,16955,58,0,0,0,0,0,8,28619,44,53,0,0,0,0,0,0,0,0,0,0,0,0,0,0,0,0,0,0,0,0,0,0,394,16277,0,0,0,0
59215.564,16505,60,0,0,0,0,0,8,28551,44,53,0,0,0,0,0,0,0,0,0,0,0,0,0,0,0,0,0,0,0,0,0,0,408,16708,0,0,0,0
59232.309,16744,59,0,0,0,0,0,8,28626,44,53,0,0,0,0,0,0,0,0,0,0,0,0,0,0,0,0,0,0,0,0,0,0,370,16315,0,0,0,0
59249.030,16720,59,0,0,0,0,0,8,28671,44,53,0,0,0,0,0,0,0,0,0,0,0,0,0,0,0,0,0,0,0,0,0,0,373,16906,0,0,0,0
59265.392,16361,61,0,0,0,0,0,8,30338,44,53,0,0,0,0,0,0,0,0,0,0,0,0,0,0,0,0,0,0,0,0,0,0,364,16072,0,0,0,0
59282.539,17147,58,0,0,0,0,0,8,30654,44,53,0,0,0,0,0,0,0,0,0,0,0,0,0,0,0,0,0,0,0,0,0,0,356,17090,0,0,0,0
59299.018,16479,60,0,0,0,0,0,8,30711,44,53,0,0,0,0,0,0,0,0,0,0,0,0,0,0,0,0,0,0,0,0,0,0,371,16899,0,0,0,0
59315.463,16444,60,0,0,0,0,0,8,30314,44,53,0,0,0,0,0,0,0,0,0,0,0,0,0,0,0,0,0,0,0,0,0,0,373,17173,0,0,0,0
59333.023,17560,56,0,0,0,0,0,8,30376,44,53,0,0,0,0,0,0,0,0,0,0,0,0,0,0,0,0,0,0,0,0,0,0,357,15920,0,0,0,0
59349.111,16088,62,0,0,0,0,0,8,30540,44,53,0,0,0,0,0,0,0,0,0,0,0,0,0,0,0,0,0,0,0,0,0,0,379,17782,0,0,0,0
59365.647,16536,60,0,0,0,0,0,8,30317,44,53,0,0,0,0,0,0,0,0,0,0,0,0,0,0,0,0,0,0,0,0,0,0,327,16022,0,0,0,0
59382.252,16604,60,0,0,0,0,0,8,30286,44,53,0,0,0,0,0,0,0,0,0,0,0,0,0,0,0,0,0,0,0,0,0,0,348,16441,0,0,0,0
59399.154,16901,59,0,0,0,0,0,8,30371,44,53,0,0,0,0,0,0,0,0,0,0,0,0,0,0,0,0,0,0,0,0,0,0,358,16617,0,0,0,0
59415.420,16266,61,0,0,0,0,0,8,30514,44,53,0,0,0,0,0,0,0,0,0,0,0,0,0,0,0,0,0,0,0,0,0,0,367,17295,0,0,0,0
59432.146,16726,59,0,0,0,0,0,8,30700,44,53,0,0,0,0,0,0,0,0,0,0,0,0,0,0,0,0,0,0,0,0,0,0,369,15795,0,0,0,0
59448.701,16554,60,0,0,0,0,0,8,30820,44,53,0,0,0,0,0,0,0,0,0,0,0,0,0,0,0,0,0,0,0,0,0,0,338,17076,0,0,0,0
59465.460,16758,59,0,0,0,0,0,8,30704,44,53,0,0,0,0,0,0,0,0,0,0,0,0,0,0,0,0,0,0,0,0,0,0,361,16173,0,0,0,0
59483.016,17555,56,0,0,0,0,0,8,30774,44,53,0,0,0,0,0,0,0,0,0,0,0,0,0,0,0,0,0,0,0,0,0,0,346,16900,0,0,0,0
59499.153,16137,61,0,0,0,0,0,8,30928,44,53,0,0,0,0,0,0,0,0,0,0,0,0,0,0,0,0,0,0,0,0,0,0,379,18179,0,0,0,0
59515.028,15874,62,0,0,0,0,0,8,30588,44,53,0,0,0,0,0,0,0,0,0,0,0,0,0,0,0,0,0,0,0,0,0,0,337,15932,0,0,0,0
59532.156,17128,58,0,0,0,0,0,8,29199,44,53,0,0,0,0,0,0,0,0,0,0,0,0,0,0,0,0,0,0,0,0,0,0,345,15903,0,0,0,0
59549.052,16895,59,0,0,0,0,0,8,29256,44,53,0,0,0,0,0,0,0,0,0,0,0,0,0,0,0,0,0,0,0,0,0,0,360,17112,0,0,0,0
59565.530,16478,60,0,0,0,0,0,8,28766,44,53,0,0,0,0,0,0,0,0,0,0,0,0,0,0,0,0,0,0,0,0,0,0,373,16368,0,0,0,0
59582.162,16631,60,0,0,0,0,0,8,28765,44,53,0,0,0,0,0,0,0,0,0,0,0,0,0,0,0,0,0,0,0,0,0,0,359,16864,0,0,0,0
59598.572,16409,60,0,0,0,0,0,8,28799,44,53,0,0,0,0,0,0,0,0,0,0,0,0,0,0,0,0,0,0,0,0,0,0,355,16035,0,0,0,0
59616.021,17448,57,0,0,0,0,0,8,28780,44,53,0,0,0,0,0,0,0,0,0,0,0,0,0,0,0,0,0,0,0,0,0,0,359,16713,0,0,0,0
59632.157,16136,61,0,0,0,0,0,8,29141,44,53,0,0,0,0,0,0,0,0,0,0,0,0,0,0,0,0,0,0,0,0,0,0,334,17842,0,0,0,0
59649.151,16993,58,0,0,0,0,0,8,29185,44,53,0,0,0,0,0,0,0,0,0,0,0,0,0,0,0,0,0,0,0,0,0,0,359,15518,0,0,0,0
59665.587,16436,60,0,0,0,0,0,8,29247,44,53,0,0,0,0,0,0,0,0,0,0,0,0,0,0,0,0,0,0,0,0,0,0,350,17496,0,0,0,0
59681.826,16239,61,0,0,0,0,0,8,28849,44,53,0,0,0,0,0,0,0,0,0,0,0,0,0,0,0,0,0,0,0,0,0,0,339,16161,0,0,0,0
59699.148,17321,57,0,0,0,0,0,8,28948,44,53,0,0,0,0,0,0,0,0,0,0,0,0,0,0,0,0,0,0,0,0,0,0,351,16462,0,0,0,0
59715.534,16385,61,0,0,0,0,0,8,28966,44,53,0,0,0,0,0,0,0,0,0,0,0,0,0,0,0,0,0,0,0,0,0,0,348,17420,0,0,0,0
59733.023,17489,57,0,0,0,0,0,8,28866,44,53,0,0,0,0,0,0,0,0,0,0,0,0,0,0,0,0,0,0,0,0,0,0,359,16341,0,0,0,0
59748.718,15695,63,0,0,0,0,0,8,29368,44,53,0,0,0,0,0,0,0,0,0,0,0,0,0,0,0,0,0,0,0,0,0,0,391,18303,0,0,0,0
59765.546,16827,59,0,0,0,0,0,8,28863,44,53,0,0,0,0,0,0,0,0,0,0,0,0,0,0,0,0,0,0,0,0,0,0,366,14403,0,0,0,0
59783.020,17473,57,0,0,0,0,0,8,29167,44,53,0,0,0,0,0,0,0,0,0,0,0,0,0,0,0,0,0,0,0,0,0,0,364,17034,0,0,0,0
59799.146,16125,62,0,0,0,0,0,8,28947,44,53,0,0,0,0,0,0,0,0,0,0,0,0,0,0,0,0,0,0,0,0,0,0,381,17738,0,0,0,0
59815.416,16270,61,0,0,0,0,0,8,28663,44,53,0,0,0,0,0,0,0,0,0,0,0,0,0,0,0,0,0,0,0,0,0,0,366,15687,0,0,0,0
59832.484,17068,58,0,0,0,0,0,8,28864,44,53,0,0,0,0,0,0,0,0,0,0,0,0,0,0,0,0,0,0,0,0,0,0,372,18183,0,0,0,0
59849.158,16673,59,0,0,0,0,0,8,28951,44,53,0,0,0,0,0,0,0,0,0,0,0,0,0,0,0,0,0,0,0,0,0,0,356,15803,0,0,0,0
59865.539,16381,61,0,0,0,0,0,8,28975,44,53,0,0,0,0,0,0,0,0,0,0,0,0,0,0,0,0,0,0,0,0,0,0,353,16330,0,0,0,0
59882.178,16639,60,0,0,0,0,0,8,29133,44,53,0,0,0,0,0,0,0,0,0,0,0,0,0,0,0,0,0,0,0,0,0,0,351,16733,0,0,0,0
59899.101,16922,59,0,0,0,0,0,8,29047,44,53,0,0,0,0,0,0,0,0,0,0,0,0,0,0,0,0,0,0,0,0,0,0,347,15952,0,0,0,0
59915.536,16435,60,0,0,0,0,0,8,29235,44,53,0,0,0,0,0,0,0,0,0,0,0,0,0,0,0,0,0,0,0,0,0,0,357,17444,0,0,0,0
59933.020,17483,57,0,0,0,0,0,8,29008,44,53,0,0,0,0,0,0,0,0,0,0,0,0,0,0,0,0,0,0,0,0,0,0,378,16097,0,0,0,0
59949.161,16141,61,0,0,0,0,0,8,29314,44,53,0,0,0,0,0,0,0,0,0,0,0,0,0,0,0,0,0,0,0,0,0,0,338,17361,0,0,0,0
59965.504,16343,61,0,0,0,0,0,8,28863,44,53,0,0,0,0,0,0,0,0,0,0,0,0,0,0,0,0,0,0,0,0,0,0,374,16785,0,0,0,0
59983.016,17512,57,0,0,0,0,0,8,28561,44,53,0,0,0,0,0,0,0,0,0,0,0,0,0,0,0,0,0,0,0,0,0,0,352,15776,0,0,0,0
59999.011,15995,62,0,0,0,0,0,8,28818,44,53,0,0,0,0,0,0,0,0,0,0,0,0,0,0,0,0,0,0,0,0,0,0,375,18018,0,0,0,0
60015.818,16807,59,0,0,0,0,0,8,28421,44,53,0,0,0,0,0,0,0,0,0,0,0,0,0,0,0,0,0,0,0,0,0,0,344,14318,0,0,0,0
60032.144,16325,61,0,0,0,0,0,8,28621,44,53,0,0,0,0,0,0,0,0,0,0,0,0,0,0,0,0,0,0,0,0,0,0,357,17929,0,0,0,0
60049.238,17094,58,0,0,0,0,0,8,28749,44,53,0,0,0,0,0,0,0,0,0,0,0,0,0,0,0,0,0,0,0,0,0,0,367,16616,0,0,0,0
60065.564,16325,61,0,0,0,0,0,8,28861,44,53,0,0,0,0,0,0,0,0,0,0,0,0,0,0,0,0,0,0,0,0,0,0,382,17298,0,0,0,0
60082.272,16708,59,0,0,0,0,0,8,28996,44,53,0,0,0,0,0,0,0,0,0,0,0,0,0,0,0,0,0,0,0,0,0,0,351,16167,0,0,0,0
60098.260,15987,62,0,0,0,0,0,8,29114,44,53,0,0,0,0,0,0,0,0,0,0,0,0,0,0,0,0,0,0,0,0,0,0,390,17119,0,0,0,0
60116.020,17760,56,0,0,0,0,0,8,28821,44,53,0,0,0,0,0,0,0,0,0,0,0,0,0,0,0,0,0,0,0,0,0,0,342,15699,0,0,0,0
60132.172,16152,61,0,0,0,0,0,8,29337,44,53,0,0,0,0,0,0,0,0,0,0,0,0,0,0,0,0,0,0,0,0,0,0,370,17720,0,0,0,0
60149.531,17359,57,0,0,0,0,0,8,29225,44,53,0,0,0,0,0,0,0,0,0,0,0,0,0,0,0,0,0,0,0,0,0,0,376,16405,0,0,0,0
60165.004,15472,64,0,0,0,0,0,8,29214,44,53,0,0,0,0,0,0,0,0,0,0,0,0,0,0,0,0,0,0,0,0,0,0,368,16907,0,0,0,0
60182.153,17138,58,0,0,0,0,0,8,29313,44,53,0,0,0,0,0,0,0,0,0,0,0,0,0,0,0,0,0,0,0,0,0,0,357,15091,0,0,0,0
60199.168,17024,58,0,0,0,0,0,8,29408,44,53,0,0,0,0,0,0,0,0,0,0,0,0,0,0,0,0,0,0,0,0,0,0,382,17810,0,0,0,0
60215.761,16593,60,0,0,0,0,0,8,29444,44,53,0,0,0,0,0,0,0,0,0,0,0,0,0,0,0,0,0,0,0,0,0,0,354,16886,0,0,0,0
60232.415,16654,60,0,0,0,0,0,8,29413,44,53,0,0,0,0,0,0,0,0,0,0,0,0,0,0,0,0,0,0,0,0,0,0,349,16217,0,0,0,0
60249.009,16593,60,0,0,0,0,0,8,31333,44,53,0,0,0,0,0,0,0,0,0,0,0,0,0,0,0,0,0,0,0,0,0,0,374,16793,0,0,0,0
60265.583,16574,60,0,0,0,0,0,8,31083,44,53,0,0,0,0,0,0,0,0,0,0,0,0,0,0,0,0,0,0,0,0,0,0,354,15701,0,0,0,0
60283.010,17426,57,0,0,0,0,0,8,31275,44,53,0,0,0,0,0,0,0,0,0,0,0,0,0,0,0,0,0,0,0,0,0,0,345,17383,0,0,0,0
60299.060,16050,62,0,0,0,0,0,8,31154,44,53,0,0,0,0,0,0,0,0,0,0,0,0,0,0,0,0,0,0,0,0,0,0,367,17951,0,0,0,0
60315.529,16469,60,0,0,0,0,0,8,31189,44,53,0,0,0,0,0,0,0,0,0,0,0,0,0,0,0,0,0,0,0,0,0,0,343,15813,0,0,0,0
60332.314,16785,59,0,0,0,0,0,8,31076,44,53,0,0,0,0,0,0,0,0,0,0,0,0,0,0,0,0,0,0,0,0,0,0,342,16099,0,0,0,0
60349.355,17040,58,0,0,0,0,0,8,31060,44,53,0,0,0,0,0,0,0,0,0,0,0,0,0,0,0,0,0,0,0,0,0,0,349,16863,0,0,0,0
60365.628,16272,61,0,0,0,0,0,8,31075,44,53,0,0,0,0,0,0,0,0,0,0,0,0,0,0,0,0,0,0,0,0,0,0,362,17190,0,0,0,0
60382.531,16903,59,0,0,0,0,0,8,31020,44,53,0,0,0,0,0,0,0,0,0,0,0,0,0,0,0,0,0,0,0,0,0,0,323,15972,0,0,0,0
60399.066,16535,60,0,0,0,0,0,8,31074,44,53,0,0,0,0,0,0,0,0,0,0,0,0,0,0,0,0,0,0,0,0,0,0,342,16920,0,0,0,0
60415.545,16478,60,0,0,0,0,0,8,31149,44,53,0,0,0,0,0,0,0,0,0,0,0,0,0,0,0,0,0,0,0,0,0,0,376,16793,0,0,0,0
60432.025,16479,60,0,0,0,0,0,8,30819,44,53,0,0,0,0,0,0,0,0,0,0,0,0,0,0,0,0,0,0,0,0,0,0,338,16785,0,0,0,0
60449.109,17084,58,0,0,0,0,0,8,29856,44,53,0,0,0,0,0,0,0,0,0,0,0,0,0,0,0,0,0,0,0,0,0,0,338,16270,0,0,0,0
60465.018,15908,62,0,0,0,0,0,8,29885,44,53,0,0,0,0,0,0,0,0,0,0,0,0,0,0,0,0,0,0,0,0,0,0,353,17076,0,0,0,0
60482.528,17510,57,0,0,0,0,0,8,30262,44,53,0,0,0,0,0,0,0,0,0,0,0,0,0,0,0,0,0,0,0,0,0,0,347,16088,0,0,0,0
60499.101,16572,60,0,0,0,0,0,8,30191,44,53,0,0,0,0,0,0,0,0,0,0,0,0,0,0,0,0,0,0,0,0,0,0,361,17243,0,0,0,0
60516.010,16908,59,0,0,0,0,0,8,30425,44,53,0,0,0,0,0,0,0,0,0,0,0,0,0,0,0,0,0,0,0,0,0,0,363,16435,0,0,0,0
60532.522,16512,60,0,0,0,0,0,8,30520,44,53,0,0,0,0,0,0,0,0,0,0,0,0,0,0,0,0,0,0,0,0,0,0,356,17415,0,0,0,0
60549.151,16629,60,0,0,0,0,0,8,30287,44,53,0,0,0,0,0,0,0,0,0,0,0,0,0,0,0,0,0,0,0,0,0,0,368,15963,0,0,0,0
60565.706,16554,60,0,0,0,0,0,8,30197,44,53,0,0,0,0,0,0,0,0,0,0,0,0,0,0,0,0,0,0,0,0,0,0,370,17105,0,0,0,0
60582.218,16512,60,0,0,0,0,0,8,30041,44,53,0,0,0,0,0,0,0,0,0,0,0,0,0,0,0,0,0,0,0,0,0,0,353,16237,0,0,0,0
60599.525,17306,57,0,0,0,0,0,8,30165,44,53,0,0,0,0,0,0,0,0,0,0,0,0,0,0,0,0,0,0,0,0,0,0,362,16816,0,0,0,0
60615.526,16000,62,0,0,0,0,0,8,29628,44,53,0,0,0,0,0,0,0,0,0,0,0,0,0,0,0,0,0,0,0,0,0,0,397,16876,0,0,0,0
60631.605,16079,62,0,0,0,0,0,8,29644,44,53,0,0,0,0,0,0,0,0,0,0,0,0,0,0,0,0,0,0,0,0,0,0,371,15937,0,0,0,0
60649.096,17490,57,0,0,0,0,0,8,29714,44,53,0,0,0,0,0,0,0,0,0,0,0,0,0,0,0,0,0,0,0,0,0,0,381,16339,0,0,0,0
60665.694,16597,60,0,0,0,0,0,8,29930,44,53,0,0,0,0,0,0,0,0,0,0,0,0,0,0,0,0,0,0,0,0,0,0,372,17314,0,0,0,0
60682.314,16620,60,0,0,0,0,0,8,29756,44,53,0,0,0,0,0,0,0,0,0,0,0,0,0,0,0,0,0,0,0,0,0,0,352,16727,0,0,0,0
60699.146,16831,59,0,0,0,0,0,8,29732,44,53,0,0,0,0,0,0,0,0,0,0,0,0,0,0,0,0,0,0,0,0,0,0,351,16608,0,0,0,0
60715.502,16355,61,0,0,0,0,0,8,29660,44,53,0,0,0,0,0,0,0,0,0,0,0,0,0,0,0,0,0,0,0,0,0,0,366,16743,0,0,0,0
60732.534,17032,58,0,0,0,0,0,8,29728,44,53,0,0,0,0,0,0,0,0,0,0,0,0,0,0,0,0,0,0,0,0,0,0,357,16448,0,0,0,0
60749.139,16605,60,0,0,0,0,0,8,30072,44,53,0,0,0,0,0,0,0,0,0,0,0,0,0,0,0,0,0,0,0,0,0,0,358,17280,0,0,0,0
60766.001,16861,59,0,0,0,0,0,8,29677,44,53,0,0,0,0,0,0,0,0,0,0,0,0,0,0,0,0,0,0,0,0,0,0,353,16521,0,0,0,0
60782.200,16198,61,0,0,0,0,0,8,28113,44,53,0,0,0,0,0,0,0,0,0,0,0,0,0,0,0,0,0,0,0,0,0,0,338,16648,0,0,0,0
60799.156,16946,59,0,0,0,0,0,8,28138,44,53,0,0,0,0,0,0,0,0,0,0,0,0,0,0,0,0,0,0,0,0,0,0,365,16257,0,0,0,0
60815.575,16428,60,0,0,0,0,0,8,28135,44,53,0,0,0,0,0,0,0,0,0,0,0,0,0,0,0,0,0,0,0,0,0,0,381,17016,0,0,0,0
60833.010,17435,57,0,0,0,0,0,8,28622,44,53,0,0,0,0,0,0,0,0,0,0,0,0,0,0,0,0,0,0,0,0,0,0,350,16082,0,0,0,0
60849.160,16149,61,0,0,0,0,0,8,28949,44,53,0,0,0,0,0,0,0,0,0,0,0,0,0,0,0,0,0,0,0,0,0,0,383,17630,0,0,0,0
60865.527,16366,61,0,0,0,0,0,8,28657,44,53,0,0,0,0,0,0,0,0,0,0,0,0,0,0,0,0,0,0,0,0,0,0,361,16322,0,0,0,0
60882.999,17472,57,0,0,0,0,0,8,28808,44,53,0,0,0,0,0,0,0,0,0,0,0,0,0,0,0,0,0,0,0,0,0,0,366,16312,0,0,0,0
60899.002,16003,62,0,0,0,0,0,8,29502,44,53,0,0,0,0,0,0,0,0,0,0,0,0,0,0,0,0,0,0,0,0,0,0,411,18478,0,0,0,0
60915.444,16441,60,0,0,0,0,0,8,29231,44,53,0,0,0,0,0,0,0,0,0,0,0,0,0,0,0,0,0,0,0,0,0,0,344,14078,0,0,0,0
60932.481,17036,58,0,0,0,0,0,8,31743,44,53,0,0,0,0,0,0,0,0,0,0,0,0,0,0,0,0,0,0,0,0,0,0,361,17221,0,0,0,0
60949.519,17037,58,0,0,0,0,0,8,31527,44,53,0,0,0,0,0,0,0,0,0,0,0,0,0,0,0,0,0,0,0,0,0,0,390,17040,0,0,0,0
60965.370,15850,63,0,0,0,0,0,8,31610,44,53,0,0,0,0,0,0,0,0,0,0,0,0,0,0,0,0,0,0,0,0,0,0,341,17086,0,0,0,0
60982.253,16883,59,0,0,0,0,0,8,31879,44,53,0,0,0,0,0,0,0,0,0,0,0,0,0,0,0,0,0,0,0,0,0,0,360,15956,0,0,0,0
60999.026,16772,59,0,0,0,0,0,8,32237,44,53,0,0,0,0,0,0,0,0,0,0,0,0,0,0,0,0,0,0,0,0,0,0,358,16811,0,0,0,0
61015.535,16508,60,0,0,0,0,0,8,32463,44,53,0,0,0,0,0,0,0,0,0,0,0,0,0,0,0,0,0,0,0,0,0,0,338,17135,0,0,0,0
61032.183,16648,60,0,0,0,0,0,8,32102,44,53,0,0,0,0,0,0,0,0,0,0,0,0,0,0,0,0,0,0,0,0,0,0,355,16309,0,0,0,0
61049.068,16885,59,0,0,0,0,0,8,32308,44,53,0,0,0,0,0,0,0,0,0,0,0,0,0,0,0,0,0,0,0,0,0,0,352,17013,0,0,0,0
61066.005,16936,59,0,0,0,0,0,8,32226,44,53,0,0,0,0,0,0,0,0,0,0,0,0,0,0,0,0,0,0,0,0,0,0,364,16332,0,0,0,0
61081.574,15568,64,0,0,0,0,0,8,32169,44,53,0,0,0,0,0,0,0,0,0,0,0,0,0,0,0,0,0,0,0,0,0,0,328,16198,0,0,0,0
61099.152,17578,56,0,0,0,0,0,8,32207,44,53,0,0,0,0,0,0,0,0,0,0,0,0,0,0,0,0,0,0,0,0,0,0,344,16734,0,0,0,0
61115.529,16377,61,0,0,0,0,0,8,32324,44,53,0,0,0,0,0,0,0,0,0,0,0,0,0,0,0,0,0,0,0,0,0,0,371,17772,0,0,0,0
61132.520,16990,58,0,0,0,0,0,8,32268,44,53,0,0,0,0,0,0,0,0,0,0,0,0,0,0,0,0,0,0,0,0,0,0,337,16106,0,0,0,0
61149.526,17005,58,0,0,0,0,0,8,32500,44,53,0,0,0,0,0,0,0,0,0,0,0,0,0,0,0,0,0,0,0,0,0,0,361,16709,0,0,0,0
61165.009,15483,64,0,0,0,0,0,8,31872,44,53,0,0,0,0,0,0,0,0,0,0,0,0,0,0,0,0,0,0,0,0,0,0,362,17479,0,0,0,0
61183.018,18008,55,0,0,0,0,0,8,33527,44,53,0,0,0,0,0,0,0,0,0,0,0,0,0,0,0,0,0,0,0,0,0,0,351,14163,0,0,0,0
61199.550,16532,60,0,0,0,0,0,8,36130,44,53,0,0,0,0,0,0,0,0,0,0,0,0,0,0,0,0,0,0,0,0,0,0,367,18876,0,0,0,0
61215.653,16103,62,0,0,0,0,0,8,36116,44,53,0,0,0,0,0,0,0,0,0,0,0,0,0,0,0,0,0,0,0,0,0,0,367,16724,0,0,0,0
61231.805,16151,61,0,0,0,0,0,8,35826,44,53,0,0,0,0,0,0,0,0,0,0,0,0,0,0,0,0,0,0,0,0,0,0,324,15951,0,0,0,0
61248.656,16851,59,0,0,0,0,0,8,36054,44,53,0,0,0,0,0,0,0,0,0,0,0,0,0,0,0,0,0,0,0,0,0,0,350,16191,0,0,0,0
61265.389,16732,59,0,0,0,0,0,8,36003,44,53,0,0,0,0,0,0,0,0,0,0,0,0,0,0,0,0,0,0,0,0,0,0,383,16843,0,0,0,0
61282.283,16893,59,0,0,0,0,0,8,36426,44,53,0,0,0,0,0,0,0,0,0,0,0,0,0,0,0,0,0,0,0,0,0,0,349,16414,0,0,0,0
61299.135,16852,59,0,0,0,0,0,8,36362,44,53,0,0,0,0,0,0,0,0,0,0,0,0,0,0,0,0,0,0,0,0,0,0,390,17039,0,0,0,0
61315.534,16399,60,0,0,0,0,0,8,36631,44,53,0,0,0,0,0,0,0,0,0,0,0,0,0,0,0,0,0,0,0,0,0,0,358,17311,0,0,0,0
61332.353,16818,59,0,0,0,0,0,8,36411,44,53,0,0,0,0,0,0,0,0,0,0,0,0,0,0,0,0,0,0,0,0,0,0,364,16427,0,0,0,0
61349.243,16890,59,0,0,0,0,0,8,36032,44,53,0,0,0,0,0,0,0,0,0,0,0,0,0,0,0,0,0,0,0,0,0,0,354,16310,0,0,0,0
61366.516,17273,57,0,0,0,0,0,8,36072,44,53,0,0,0,0,0,0,0,0,0,0,0,0,0,0,0,0,0,0,0,0,0,0,371,16926,0,0,0,0
61383.007,16490,60,0,0,0,0,0,8,36026,44,53,0,0,0,0,0,0,0,0,0,0,0,0,0,0,0,0,0,0,0,0,0,0,370,17776,0,0,0,0
61399.529,16521,60,0,0,0,0,0,8,36067,44,53,0,0,0,0,0,0,0,0,0,0,0,0,0,0,0,0,0,0,0,0,0,0,372,16438,0,0,0,0
61416.020,16491,60,0,0,0,0,0,8,36291,44,53,0,0,0,0,0,0,0,0,0,0,0,0,0,0,0,0,0,0,0,0,0,0,346,15823,0,0,0,0
61432.052,16032,62,0,0,0,0,0,8,36265,44,53,0,0,0,0,0,0,0,0,0,0,0,0,0,0,0,0,0,0,0,0,0,0,352,17135,0,0,0,0
61448.814,16761,59,0,0,0,0,0,8,34561,44,53,0,0,0,0,0,0,0,0,0,0,0,0,0,0,0,0,0,0,0,0,0,0,330,15925,0,0,0,0
61465.516,16702,59,0,0,0,0,0,8,34382,44,53,0,0,0,0,0,0,0,0,0,0,0,0,0,0,0,0,0,0,0,0,0,0,354,16857,0,0,0,0
61482.001,16484,60,0,0,0,0,0,8,34408,44,53,0,0,0,0,0,0,0,0,0,0,0,0,0,0,0,0,0,0,0,0,0,0,353,16820,0,0,0,0
61499.512,17511,57,0,0,0,0,0,8,34051,44,53,0,0,0,0,0,0,0,0,0,0,0,0,0,0,0,0,0,0,0,0,0,0,359,16264,0,0,0,0
61515.591,16078,62,0,0,0,0,0,8,33948,44,53,0,0,0,0,0,0,0,0,0,0,0,0,0,0,0,0,0,0,0,0,0,0,374,17241,0,0,0,0
61532.444,16852,59,0,0,0,0,0,8,33610,44,53,0,0,0,0,0,0,0,0,0,0,0,0,0,0,0,0,0,0,0,0,0,0,343,16358,0,0,0,0
61549.080,16636,60,0,0,0,0,0,8,33529,44,53,0,0,0,0,0,0,0,0,0,0,0,0,0,0,0,0,0,0,0,0,0,0,361,16638,0,0,0,0
61565.568,16488,60,0,0,0,0,0,8,33879,44,53,0,0,0,0,0,0,0,0,0,0,0,0,0,0,0,0,0,0,0,0,0,0,335,17055,0,0,0,0
61582.302,16733,59,0,0,0,0,0,8,33682,44,53,0,0,0,0,0,0,0,0,0,0,0,0,0,0,0,0,0,0,0,0,0,0,358,15986,0,0,0,0
61599.007,16705,59,0,0,0,0,0,8,33471,44,53,0,0,0,0,0,0,0,0,0,0,0,0,0,0,0,0,0,0,0,0,0,0,374,16879,0,0,0,0
61616.023,17016,58,0,0,0,0,0,8,33187,44,53,0,0,0,0,0,0,0,0,0,0,0,0,0,0,0,0,0,0,0,0,0,0,379,17012,0,0,0,0
61632.265,16242,61,0,0,0,0,0,8,33242,44,53,0,0,0,0,0,0,0,0,0,0,0,0,0,0,0,0,0,0,0,0,0,0,347,16993,0,0,0,0
61648.996,16730,59,0,0,0,0,0,8,33110,44,53,0,0,0,0,0,0,0,0,0,0,0,0,0,0,0,0,0,0,0,0,0,0,355,15612,0,0,0,0
61665.366,16370,61,0,0,0,0,0,8,32808,44,53,0,0,0,0,0,0,0,0,0,0,0,0,0,0,0,0,0,0,0,0,0,0,361,17373,0,0,0,0
61682.130,16764,59,0,0,0,0,0,8,32796,44,53,0,0,0,0,0,0,0,0,0,0,0,0,0,0,0,0,0,0,0,0,0,0,337,15961,0,0,0,0
61699.044,16913,59,0,0,0,0,0,8,32814,44,53,0,0,0,0,0,0,0,0,0,0,0,0,0,0,0,0,0,0,0,0,0,0,368,17176,0,0,0,0
61715.700,16655,60,0,0,0,0,0,8,32887,44,53,0,0,0,0,0,0,0,0,0,0,0,0,0,0,0,0,0,0,0,0,0,0,349,16649,0,0,0,0
61732.071,16371,61,0,0,0,0,0,8,32299,44,53,0,0,0,0,0,0,0,0,0,0,0,0,0,0,0,0,0,0,0,0,0,0,358,16465,0,0,0,0
61748.508,16437,60,0,0,0,0,0,8,32167,44,53,0,0,0,0,0,0,0,0,0,0,0,0,0,0,0,0,0,0,0,0,0,0,360,16700,0,0,0,0
61765.617,17108,58,0,0,0,0,0,8,32045,44,53,0,0,0,0,0,0,0,0,0,0,0,0,0,0,0,0,0,0,0,0,0,0,358,16063,0,0,0,0
61782.143,16526,60,0,0,0,0,0,8,32219,44,53,0,0,0,0,0,0,0,0,0,0,0,0,0,0,0,0,0,0,0,0,0,0,353,17557,0,0,0,0
61799.000,16857,59,0,0,0,0,0,8,32130,44,53,0,0,0,0,0,0,0,0,0,0,0,0,0,0,0,0,0,0,0,0,0,0,337,16312,0,0,0,0
61815.524,16524,60,0,0,0,0,0,8,32038,44,53,0,0,0,0,0,0,0,0,0,0,0,0,0,0,0,0,0,0,0,0,0,0,366,15961,0,0,0,0
61831.998,16473,60,0,0,0,0,0,8,31970,44,53,0,0,0,0,0,0,0,0,0,0,0,0,0,0,0,0,0,0,0,0,0,0,361,17692,0,0,0,0
61849.065,17067,58,0,0,0,0,0,8,31331,44,53,0,0,0,0,0,0,0,0,0,0,0,0,0,0,0,0,0,0,0,0,0,0,353,16034,0,0,0,0
61865.573,16507,60,0,0,0,0,0,8,32906,44,53,0,0,0,0,0,0,0,0,0,0,0,0,0,0,0,0,0,0,0,0,0,0,355,17105,0,0,0,0
61882.595,17022,58,0,0,0,0,0,8,32646,44,53,0,0,0,0,0,0,0,0,0,0,0,0,0,0,0,0,0,0,0,0,0,0,355,16355,0,0,0,0
61899.562,16966,58,0,0,0,0,0,8,32590,44,53,0,0,0,0,0,0,0,0,0,0,0,0,0,0,0,0,0,0,0,0,0,0,374,16981,0,0,0,0
61915.783,16220,61,0,0,0,0,0,8,32191,44,53,0,0,0,0,0,0,0,0,0,0,0,0,0,0,0,0,0,0,0,0,0,0,353,17464,0,0,0,0
61932.999,17216,58,0,0,0,0,0,8,31671,44,53,0,0,0,0,0,0,0,0,0,0,0,0,0,0,0,0,0,0,0,0,0,0,334,15728,0,0,0,0
61949.103,16103,62,0,0,0,0,0,8,31841,44,53,0,0,0,0,0,0,0,0,0,0,0,0,0,0,0,0,0,0,0,0,0,0,392,17773,0,0,0,0
61965.529,16425,60,0,0,0,0,0,8,32835,44,53,0,0,0,0,0,0,0,0,0,0,0,0,0,0,0,0,0,0,0,0,0,0,357,16028,0,0,0,0
61982.133,16604,60,0,0,0,0,0,8,32524,44,53,0,0,0,0,0,0,0,0,0,0,0,0,0,0,0,0,0,0,0,0,0,0,355,16637,0,0,0,0
61998.999,16866,59,0,0,0,0,0,8,32627,44,53,0,0,0,0,0,0,0,0,0,0,0,0,0,0,0,0,0,0,0,0,0,0,350,16390,0,0,0,0
62015.306,16307,61,0,0,0,0,0,8,32277,44,53,0,0,0,0,0,0,0,0,0,0,0,0,0,0,0,0,0,0,0,0,0,0,396,15920,0,0,0,0
62032.124,16818,59,0,0,0,0,0,8,31594,44,53,0,0,0,0,0,0,0,0,0,0,0,0,0,0,0,0,0,0,0,0,0,0,365,16843,0,0,0,0
62049.130,17005,58,0,0,0,0,0,8,31378,44,53,0,0,0,0,0,0,0,0,0,0,0,0,0,0,0,0,0,0,0,0,0,0,352,17095,0,0,0,0
62065.518,16388,61,0,0,0,0,0,8,31394,44,53,0,0,0,0,0,0,0,0,0,0,0,0,0,0,0,0,0,0,0,0,0,0,361,17086,0,0,0,0
62082.125,16606,60,0,0,0,0,0,8,31162,44,53,0,0,0,0,0,0,0,0,0,0,0,0,0,0,0,0,0,0,0,0,0,0,343,15798,0,0,0,0
62100.004,17878,55,0,0,0,0,0,8,31152,44,53,0,0,0,0,0,0,0,0,0,0,0,0,0,0,0,0,0,0,0,0,0,0,368,17009,0,0,0,0
62115.503,15498,64,0,0,0,0,0,8,31025,44,53,0,0,0,0,0,0,0,0,0,0,0,0,0,0,0,0,0,0,0,0,0,0,390,18191,0,0,0,0
62132.532,17030,58,0,0,0,0,0,8,30978,44,53,0,0,0,0,0,0,0,0,0,0,0,0,0,0,0,0,0,0,0,0,0,0,362,14883,0,0,0,0
62149.019,16486,60,0,0,0,0,0,8,31137,44,53,0,0,0,0,0,0,0,0,0,0,0,0,0,0,0,0,0,0,0,0,0,0,368,17229,0,0,0,0
62165.734,16714,59,0,0,0,0,0,8,30930,44,53,0,0,0,0,0,0,0,0,0,0,0,0,0,0,0,0,0,0,0,0,0,0,344,16288,0,0,0,0
62182.876,17142,58,0,0,0,0,0,8,30771,44,53,0,0,0,0,0,0,0,0,0,0,0,0,0,0,0,0,0,0,0,0,0,0,332,16594,0,0,0,0
62198.663,15787,63,0,0,0,0,0,8,30805,44,53,0,0,0,0,0,0,0,0,0,0,0,0,0,0,0,0,0,0,0,0,0,0,372,17205,0,0,0,0
62215.408,16745,59,0,0,0,0,0,8,30541,44,53,0,0,0,0,0,0,0,0,0,0,0,0,0,0,0,0,0,0,0,0,0,0,377,15987,0,0,0,0
62232.514,17105,58,0,0,0,0,0,8,30716,44,53,0,0,0,0,0,0,0,0,0,0,0,0,0,0,0,0,0,0,0,0,0,0,363,16582,0,0,0,0
62249.999,17484,57,0,0,0,0,0,8,30686,44,53,0,0,0,0,0,0,0,0,0,0,0,0,0,0,0,0,0,0,0,0,0,0,377,17526,0,0,0,0
62266.521,16521,60,0,0,0,0,0,8,30621,44,53,0,0,0,0,0,0,0,0,0,0,0,0,0,0,0,0,0,0,0,0,0,0,358,17336,0,0,0,0
62282.217,15696,63,0,0,0,0,0,8,30464,44,53,0,0,0,0,0,0,0,0,0,0,0,0,0,0,0,0,0,0,0,0,0,0,376,16507,0,0,0,0
62299.136,16908,59,0,0,0,0,0,8,30483,44,53,0,0,0,0,0,0,0,0,0,0,0,0,0,0,0,0,0,0,0,0,0,0,350,15273,0,0,0,0
62315.342,16217,61,0,0,0,0,0,8,30675,44,53,0,0,0,0,0,0,0,0,0,0,0,0,0,0,0,0,0,0,0,0,0,0,355,17454,0,0,0,0
62332.509,17166,58,0,0,0,0,0,8,30489,44,53,0,0,0,0,0,0,0,0,0,0,0,0,0,0,0,0,0,0,0,0,0,0,350,15825,0,0,0,0
62349.131,16622,60,0,0,0,0,0,8,30535,44,53,0,0,0,0,0,0,0,0,0,0,0,0,0,0,0,0,0,0,0,0,0,0,371,17641,0,0,0,0
62365.492,16360,61,0,0,0,0,0,8,30276,44,53,0,0,0,0,0,0,0,0,0,0,0,0,0,0,0,0,0,0,0,0,0,0,360,16413,0,0,0,0
62382.154,16662,60,0,0,0,0,0,8,30158,44,53,0,0,0,0,0,0,0,0,0,0,0,0,0,0,0,0,0,0,0,0,0,0,389,16334,0,0,0,0
62399.130,16976,58,0,0,0,0,0,8,28647,44,53,0,0,0,0,0,0,0,0,0,0,0,0,0,0,0,0,0,0,0,0,0,0,394,18055,0,0,0,0
62415.986,16856,59,0,0,0,0,0,8,28313,44,53,0,0,0,0,0,0,0,0,0,0,0,0,0,0,0,0,0,0,0,0,0,0,350,15692,0,0,0,0
62432.353,16366,61,0,0,0,0,0,8,28208,44,53,0,0,0,0,0,0,0,0,0,0,0,0,0,0,0,0,0,0,0,0,0,0,351,16553,0,0,0,0
62448.994,16641,60,0,0,0,0,0,8,28190,44,53,0,0,0,0,0,0,0,0,0,0,0,0,0,0,0,0,0,0,0,0,0,0,367,16319,0,0,0,0
62465.502,16507,60,0,0,0,0,0,8,29036,44,53,0,0,0,0,0,0,0,0,0,0,0,0,0,0,0,0,0,0,0,0,0,0,351,17062,0,0,0,0
62482.131,16629,60,0,0,0,0,0,8,28650,44,53,0,0,0,0,0,0,0,0,0,0,0,0,0,0,0,0,0,0,0,0,0,0,344,16458,0,0,0,0
62498.808,16677,59,0,0,0,0,0,8,28591,44,53,0,0,0,0,0,0,0,0,0,0,0,0,0,0,0,0,0,0,0,0,0,0,350,16592,0,0,0,0
62515.674,16866,59,0,0,0,0,0,8,28463,44,53,0,0,0,0,0,0,0,0,0,0,0,0,0,0,0,0,0,0,0,0,0,0,373,16902,0,0,0,0
62532.507,16832,59,0,0,0,0,0,8,30224,44,53,0,0,0,0,0,0,0,0,0,0,0,0,0,0,0,0,0,0,0,0,0,0,343,21250,0,0,0,0
62549.055,16548,60,0,0,0,0,0,8,29878,44,53,0,0,0,0,0,0,0,0,0,0,0,0,0,0,0,0,0,0,0,0,0,0,323,12464,0,0,0,0
62565.035,15980,62,0,0,0,0,0,8,30585,44,53,0,0,0,0,0,0,0,0,0,0,0,0,0,0,0,0,0,0,0,0,0,0,378,16615,0,0,0,0
62581.887,16851,59,0,0,0,0,0,8,31790,44,53,0,0,0,0,0,0,0,0,0,0,0,0,0,0,0,0,0,0,0,0,0,0,377,15868,0,0,0,0
62598.987,17100,58,0,0,0,0,0,8,30407,44,53,0,0,0,0,0,0,0,0,0,0,0,0,0,0,0,0,0,0,0,0,0,0,347,16379,0,0,0,0
62615.993,17005,58,0,0,0,0,0,8,30103,44,53,0,0,0,0,0,0,0,0,0,0,0,0,0,0,0,0,0,0,0,0,0,0,354,17474,0,0,0,0
62632.520,16527,60,0,0,0,0,0,8,30129,44,53,0,0,0,0,0,0,0,0,0,0,0,0,0,0,0,0,0,0,0,0,0,0,367,17100,0,0,0,0
62649.135,16614,60,0,0,0,0,0,8,30149,44,53,0,0,0,0,0,0,0,0,0,0,0,0,0,0,0,0,0,0,0,0,0,0,332,16443,0,0,0,0
62665.674,16540,60,0,0,0,0,0,8,29934,44,53,0,0,0,0,0,0,0,0,0,0,0,0,0,0,0,0,0,0,0,0,0,0,338,16022,0,0,0,0
62682.401,16726,59,0,0,0,0,0,8,29987,44,53,0,0,0,0,0,0,0,0,0,0,0,0,0,0,0,0,0,0,0,0,0,0,376,16777,0,0,0,0
62699.128,16727,59,0,0,0,0,0,8,30755,44,53,0,0,0,0,0,0,0,0,0,0,0,0,0,0,0,0,0,0,0,0,0,0,359,16948,0,0,0,0
62715.524,16395,60,0,0,0,0,0,8,30106,44,53,0,0,0,0,0,0,0,0,0,0,0,0,0,0,0,0,0,0,0,0,0,0,376,16958,0,0,0,0
62732.509,16985,58,0,0,0,0,0,8,30021,44,53,0,0,0,0,0,0,0,0,0,0,0,0,0,0,0,0,0,0,0,0,0,0,362,16101,0,0,0,0
62749.501,16992,58,0,0,0,0,0,8,31395,44,53,0,0,0,0,0,0,0,0,0,0,0,0,0,0,0,0,0,0,0,0,0,0,352,16936,0,0,0,0
62765.577,16075,62,0,0,0,0,0,8,31565,44,53,0,0,0,0,0,0,0,0,0,0,0,0,0,0,0,0,0,0,0,0,0,0,351,17308,0,0,0,0
62783.015,17438,57,0,0,0,0,0,8,31021,44,53,0,0,0,0,0,0,0,0,0,0,0,0,0,0,0,0,0,0,0,0,0,0,341,15919,0,0,0,0
62799.347,16332,61,0,0,0,0,0,8,28366,44,53,0,0,0,0,0,0,0,0,0,0,0,0,0,0,0,0,0,0,0,0,0,0,369,17188,0,0,0,0
62815.374,16026,62,0,0,0,0,0,8,29446,44,53,0,0,0,0,0,0,0,0,0,0,0,0,0,0,0,0,0,0,0,0,0,0,334,16974,0,0,0,0
62832.138,16764,59,0,0,0,0,0,8,29175,44,53,0,0,0,0,0,0,0,0,0,0,0,0,0,0,0,0,0,0,0,0,0,0,346,15277,0,0,0,0
62849.230,17092,58,0,0,0,0,0,8,28640,44,53,0,0,0,0,0,0,0,0,0,0,0,0,0,0,0,0,0,0,0,0,0,0,363,17290,0,0,0,0
62865.479,16248,61,0,0,0,0,0,8,28811,44,53,0,0,0,0,0,0,0,0,0,0,0,0,0,0,0,0,0,0,0,0,0,0,348,17055,0,0,0,0
62882.165,16685,59,0,0,0,0,0,8,28763,44,53,0,0,0,0,0,0,0,0,0,0,0,0,0,0,0,0,0,0,0,0,0,0,360,15671,0,0,0,0
62899.108,16943,59,0,0,0,0,0,8,29346,44,53,0,0,0,0,0,0,0,0,0,0,0,0,0,0,0,0,0,0,0,0,0,0,362,17078,0,0,0,0
62915.512,16403,60,0,0,0,0,0,8,28818,44,53,0,0,0,0,0,0,0,0,0,0,0,0,0,0,0,0,0,0,0,0,0,0,370,16968,0,0,0,0
62932.126,16614,60,0,0,0,0,0,8,29404,44,53,0,0,0,0,0,0,0,0,0,0,0,0,0,0,0,0,0,0,0,0,0,0,372,16789,0,0,0,0
62948.995,16869,59,0,0,0,0,0,8,29350,44,53,0,0,0,0,0,0,0,0,0,0,0,0,0,0,0,0,0,0,0,0,0,0,363,16428,0,0,0,0
62966.503,17507,57,0,0,0,0,0,8,29013,44,53,0,0,0,0,0,0,0,0,0,0,0,0,0,0,0,0,0,0,0,0,0,0,391,16901,0,0,0,0
62982.350,15846,63,0,0,0,0,0,8,29828,44,53,0,0,0,0,0,0,0,0,0,0,0,0,0,0,0,0,0,0,0,0,0,0,366,17110,0,0,0,0
62999.107,16757,59,0,0,0,0,0,8,29343,44,53,0,0,0,0,0,0,0,0,0,0,0,0,0,0,0,0,0,0,0,0,0,0,376,15926,0,0,0,0
63015.985,16878,59,0,0,0,0,0,8,29697,44,53,0,0,0,0,0,0,0,0,0,0,0,0,0,0,0,0,0,0,0,0,0,0,362,16769,0,0,0,0
63032.211,16225,61,0,0,0,0,0,8,29546,44,53,0,0,0,0,0,0,0,0,0,0,0,0,0,0,0,0,0,0,0,0,0,0,345,17389,0,0,0,0
63048.982,16770,59,0,0,0,0,0,8,29741,44,53,0,0,0,0,0,0,0,0,0,0,0,0,0,0,0,0,0,0,0,0,0,0,340,15441,0,0,0,0
63066.507,17525,57,0,0,0,0,0,8,29746,44,53,0,0,0,0,0,0,0,0,0,0,0,0,0,0,0,0,0,0,0,0,0,0,376,16542,0,0,0,0
63082.375,15867,63,0,0,0,0,0,8,31942,44,53,0,0,0,0,0,0,0,0,0,0,0,0,0,0,0,0,0,0,0,0,0,0,377,18157,0,0,0,0
63099.131,16745,59,0,0,0,0,0,8,31731,44,53,0,0,0,0,0,0,0,0,0,0,0,0,0,0,0,0,0,0,0,0,0,0,349,15734,0,0,0,0
63115.469,16348,61,0,0,0,0,0,8,31854,44,53,0,0,0,0,0,0,0,0,0,0,0,0,0,0,0,0,0,0,0,0,0,0,340,17314,0,0,0,0
63132.356,16886,59,0,0,0,0,0,8,32008,44,53,0,0,0,0,0,0,0,0,0,0,0,0,0,0,0,0,0,0,0,0,0,0,325,16018,0,0,0,0
63148.622,16266,61,0,0,0,0,0,8,32109,44,53,0,0,0,0,0,0,0,0,0,0,0,0,0,0,0,0,0,0,0,0,0,0,363,16893,0,0,0,0
63165.995,17373,57,0,0,0,0,0,8,32068,44,53,0,0,0,0,0,0,0,0,0,0,0,0,0,0,0,0,0,0,0,0,0,0,346,16387,0,0,0,0
63182.306,16311,61,0,0,0,0,0,8,31880,44,53,0,0,0,0,0,0,0,0,0,0,0,0,0,0,0,0,0,0,0,0,0,0,361,16552,0,0,0,0
63199.090,16783,59,0,0,0,0,0,8,32128,44,53,0,0,0,0,0,0,0,0,0,0,0,0,0,0,0,0,0,0,0,0,0,0,364,17210,0,0,0,0
63215.390,16300,61,0,0,0,0,0,8,31886,44,53,0,0,0,0,0,0,0,0,0,0,0,0,0,0,0,0,0,0,0,0,0,0,387,16601,0,0,0,0
63232.147,16756,59,0,0,0,0,0,8,32061,44,53,0,0,0,0,0,0,0,0,0,0,0,0,0,0,0,0,0,0,0,0,0,0,369,16369,0,0,0,0
63248.551,16404,60,0,0,0,0,0,8,32185,44,53,0,0,0,0,0,0,0,0,0,0,0,0,0,0,0,0,0,0,0,0,0,0,358,16597,0,0,0,0
63265.519,16968,58,0,0,0,0,0,8,32153,44,53,0,0,0,0,0,0,0,0,0,0,0,0,0,0,0,0,0,0,0,0,0,0,362,16790,0,0,0,0
63282.501,16981,58,0,0,0,0,0,8,32295,44,53,0,0,0,0,0,0,0,0,0,0,0,0,0,0,0,0,0,0,0,0,0,0,367,16799,0,0,0,0
63299.019,16518,60,0,0,0,0,0,8,32746,44,53,0,0,0,0,0,0,0,0,0,0,0,0,0,0,0,0,0,0,0,0,0,0,365,16715,0,0,0,0
63315.502,16483,60,0,0,0,0,0,8,32375,44,53,0,0,0,0,0,0,0,0,0,0,0,0,0,0,0,0,0,0,0,0,0,0,347,17128,0,0,0,0
63332.332,16829,59,0,0,0,0,0,8,32232,44,53,0,0,0,0,0,0,0,0,0,0,0,0,0,0,0,0,0,0,0,0,0,0,331,16467,0,0,0,0
63349.044,16711,59,0,0,0,0,0,8,30467,44,53,0,0,0,0,0,0,0,0,0,0,0,0,0,0,0,0,0,0,0,0,0,0,342,16462,0,0,0,0
63366.185,17140,58,0,0,0,0,0,8,30608,44,53,0,0,0,0,0,0,0,0,0,0,0,0,0,0,0,0,0,0,0,0,0,0,348,17150,0,0,0,0
63382.192,16007,62,0,0,0,0,0,8,30644,44,53,0,0,0,0,0,0,0,0,0,0,0,0,0,0,0,0,0,0,0,0,0,0,372,17090,0,0,0,0
63398.808,16615,60,0,0,0,0,0,8,30582,44,53,0,0,0,0,0,0,0,0,0,0,0,0,0,0,0,0,0,0,0,0,0,0,329,15916,0,0,0,0
63415.715,16907,59,0,0,0,0,0,8,30399,44,53,0,0,0,0,0,0,0,0,0,0,0,0,0,0,0,0,0,0,0,0,0,0,337,16507,0,0,0,0
63432.988,17273,57,0,0,0,0,0,8,30452,44,53,0,0,0,0,0,0,0,0,0,0,0,0,0,0,0,0,0,0,0,0,0,0,366,16813,0,0,0,0
63448.508,15519,64,0,0,0,0,0,8,30492,44,53,0,0,0,0,0,0,0,0,0,0,0,0,0,0,0,0,0,0,0,0,0,0,370,16675,0,0,0,0
63465.319,16811,59,0,0,0,0,0,8,30346,44,53,0,0,0,0,0,0,0,0,0,0,0,0,0,0,0,0,0,0,0,0,0,0,342,15701,0,0,0,0
63482.117,16798,59,0,0,0,0,0,8,30518,44,53,0,0,0,0,0,0,0,0,0,0,0,0,0,0,0,0,0,0,0,0,0,0,349,16773,0,0,0,0
63498.499,16381,61,0,0,0,0,0,8,30474,44,53,0,0,0,0,0,0,0,0,0,0,0,0,0,0,0,0,0,0,0,0,0,0,351,17066,0,0,0,0
63515.134,16635,60,0,0,0,0,0,8,30344,44,53,0,0,0,0,0,0,0,0,0,0,0,0,0,0,0,0,0,0,0,0,0,0,350,16638,0,0,0,0
63531.930,16786,59,0,0,0,0,0,8,30457,44,53,0,0,0,0,0,0,0,0,0,0,0,0,0,0,0,0,0,0,0,0,0,0,340,16693,0,0,0,0
63548.536,16615,60,0,0,0,0,0,8,30450,44,53,0,0,0,0,0,0,0,0,0,0,0,0,0,0,0,0,0,0,0,0,0,0,356,16608,0,0,0,0
63565.494,16957,58,0,0,0,0,0,8,30468,44,53,0,0,0,0,0,0,0,0,0,0,0,0,0,0,0,0,0,0,0,0,0,0,360,16597,0,0,0,0
63582.055,16561,60,0,0,0,0,0,8,30338,44,53,0,0,0,0,0,0,0,0,0,0,0,0,0,0,0,0,0,0,0,0,0,0,357,16838,0,0,0,0
63598.497,16441,60,0,0,0,0,0,8,30449,44,53,0,0,0,0,0,0,0,0,0,0,0,0,0,0,0,0,0,0,0,0,0,0,334,16714,0,0,0,0
63615.980,17482,57,0,0,0,0,0,8,30353,44,53,0,0,0,0,0,0,0,0,0,0,0,0,0,0,0,0,0,0,0,0,0,0,356,16355,0,0,0,0
63632.004,16024,62,0,0,0,0,0,8,30553,44,53,0,0,0,0,0,0,0,0,0,0,0,0,0,0,0,0,0,0,0,0,0,0,378,17564,0,0,0,0
63648.988,16984,58,0,0,0,0,0,8,30555,44,53,0,0,0,0,0,0,0,0,0,0,0,0,0,0,0,0,0,0,0,0,0,0,353,15122,0,0,0,0
63665.717,16729,59,0,0,0,0,0,8,31396,44,53,0,0,0,0,0,0,0,0,0,0,0,0,0,0,0,0,0,0,0,0,0,0,348,18056,0,0,0,0
63682.117,16399,60,0,0,0,0,0,8,33205,44,53,0,0,0,0,0,0,0,0,0,0,0,0,0,0,0,0,0,0,0,0,0,0,334,16466,0,0,0,0
63698.713,16596,60,0,0,0,0,0,8,32302,44,53,0,0,0,0,0,0,0,0,0,0,0,0,0,0,0,0,0,0,0,0,0,0,386,16531,0,0,0,0
63715.394,16680,59,0,0,0,0,0,8,32117,44,53,0,0,0,0,0,0,0,0,0,0,0,0,0,0,0,0,0,0,0,0,0,0,365,16529,0,0,0,0
63732.501,17106,58,0,0,0,0,0,8,32270,44,53,0,0,0,0,0,0,0,0,0,0,0,0,0,0,0,0,0,0,0,0,0,0,374,16664,0,0,0,0
63748.982,16481,60,0,0,0,0,0,8,32185,44,53,0,0,0,0,0,0,0,0,0,0,0,0,0,0,0,0,0,0,0,0,0,0,371,17076,0,0,0,0
63765.241,16259,61,0,0,0,0,0,8,32043,44,53,0,0,0,0,0,0,0,0,0,0,0,0,0,0,0,0,0,0,0,0,0,0,361,15663,0,0,0,0
63781.657,16415,60,0,0,0,0,0,8,32212,44,53,0,0,0,0,0,0,0,0,0,0,0,0,0,0,0,0,0,0,0,0,0,0,374,17326,0,0,0,0
63798.724,17066,58,0,0,0,0,0,8,32311,44,53,0,0,0,0,0,0,0,0,0,0,0,0,0,0,0,0,0,0,0,0,0,0,341,15917,0,0,0,0
63815.977,17253,57,0,0,0,0,0,8,32380,44,53,0,0,0,0,0,0,0,0,0,0,0,0,0,0,0,0,0,0,0,0,0,0,340,17643,0,0,0,0
63831.982,16005,62,0,0,0,0,0,8,32399,44,53,0,0,0,0,0,0,0,0,0,0,0,0,0,0,0,0,0,0,0,0,0,0,341,17315,0,0,0,0
63848.547,16564,60,0,0,0,0,0,8,32029,44,53,0,0,0,0,0,0,0,0,0,0,0,0,0,0,0,0,0,0,0,0,0,0,346,14506,0,0,0,0
63865.577,17030,58,0,0,0,0,0,8,32201,44,53,0,0,0,0,0,0,0,0,0,0,0,0,0,0,0,0,0,0,0,0,0,0,367,17621,0,0,0,0
63881.745,16167,61,0,0,0,0,0,8,32162,44,53,0,0,0,0,0,0,0,0,0,0,0,0,0,0,0,0,0,0,0,0,0,0,339,17228,0,0,0,0
63898.981,17236,58,0,0,0,0,0,8,32725,44,53,0,0,0,0,0,0,0,0,0,0,0,0,0,0,0,0,0,0,0,0,0,0,377,15966,0,0,0,0
63915.174,16193,61,0,0,0,0,0,8,33287,44,53,0,0,0,0,0,0,0,0,0,0,0,0,0,0,0,0,0,0,0,0,0,0,331,16341,0,0,0,0
63932.211,17036,58,0,0,0,0,0,8,32346,44,53,0,0,0,0,0,0,0,0,0,0,0,0,0,0,0,0,0,0,0,0,0,0,366,17513,0,0,0,0
63948.982,16771,59,0,0,0,0,0,8,32140,44,53,0,0,0,0,0,0,0,0,0,0,0,0,0,0,0,0,0,0,0,0,0,0,351,16609,0,0,0,0
63965.542,16559,60,0,0,0,0,0,8,31948,44,53,0,0,0,0,0,0,0,0,0,0,0,0,0,0,0,0,0,0,0,0,0,0,367,15873,0,0,0,0
63982.118,16575,60,0,0,0,0,0,8,32385,44,53,0,0,0,0,0,0,0,0,0,0,0,0,0,0,0,0,0,0,0,0,0,0,357,17861,0,0,0,0
63998.500,16382,61,0,0,0,0,0,8,31836,44,53,0,0,0,0,0,0,0,0,0,0,0,0,0,0,0,0,0,0,0,0,0,0,355,16330,0,0,0,0
64015.543,17042,58,0,0,0,0,0,8,31803,44,53,0,0,0,0,0,0,0,0,0,0,0,0,0,0,0,0,0,0,0,0,0,0,360,16193,0,0,0,0
64031.332,15789,63,0,0,0,0,0,8,31782,44,53,0,0,0,0,0,0,0,0,0,0,0,0,0,0,0,0,0,0,0,0,0,0,356,15866,0,0,0,0
64048.976,17644,56,0,0,0,0,0,8,31964,44,53,0,0,0,0,0,0,0,0,0,0,0,0,0,0,0,0,0,0,0,0,0,0,374,18397,0,0,0,0
64065.980,17003,58,0,0,0,0,0,8,31774,44,53,0,0,0,0,0,0,0,0,0,0,0,0,0,0,0,0,0,0,0,0,0,0,365,15324,0,0,0,0
64081.985,16005,62,0,0,0,0,0,8,31789,44,53,0,0,0,0,0,0,0,0,0,0,0,0,0,0,0,0,0,0,0,0,0,0,340,18242,0,0,0,0
64098.988,17002,58,0,0,0,0,0,8,33061,44,53,0,0,0,0,0,0,0,0,0,0,0,0,0,0,0,0,0,0,0,0,0,0,349,16252,0,0,0,0
64115.635,16647,60,0,0,0,0,0,8,32155,44,53,0,0,0,0,0,0,0,0,0,0,0,0,0,0,0,0,0,0,0,0,0,0,378,16763,0,0,0,0
64131.974,16338,61,0,0,0,0,0,8,30409,44,53,0,0,0,0,0,0,0,0,0,0,0,0,0,0,0,0,0,0,0,0,0,0,353,16160,0,0,0,0
64148.692,16718,59,0,0,0,0,0,8,30305,44,53,0,0,0,0,0,0,0,0,0,0,0,0,0,0,0,0,0,0,0,0,0,0,360,16764,0,0,0,0
64165.540,16847,59,0,0,0,0,0,8,30466,44,53,0,0,0,0,0,0,0,0,0,0,0,0,0,0,0,0,0,0,0,0,0,0,321,17001,0,0,0,0
64181.977,16436,60,0,0,0,0,0,8,30542,44,53,0,0,0,0,0,0,0,0,0,0,0,0,0,0,0,0,0,0,0,0,0,0,347,16120,0,0,0,0
64198.520,16542,60,0,0,0,0,0,8,30444,44,53,0,0,0,0,0,0,0,0,0,0,0,0,0,0,0,0,0,0,0,0,0,0,329,15924,0,0,0,0
64215.053,16533,60,0,0,0,0,0,8,30678,44,53,0,0,0,0,0,0,0,0,0,0,0,0,0,0,0,0,0,0,0,0,0,0,380,17209,0,0,0,0
64232.504,17451,57,0,0,0,0,0,8,30462,44,53,0,0,0,0,0,0,0,0,0,0,0,0,0,0,0,0,0,0,0,0,0,0,350,16852,0,0,0,0
64248.622,16117,62,0,0,0,0,0,8,32353,44,53,0,0,0,0,0,0,0,0,0,0,0,0,0,0,0,0,0,0,0,0,0,0,358,17038,0,0,0,0
64265.327,16704,59,0,0,0,0,0,8,32340,44,53,0,0,0,0,0,0,0,0,0,0,0,0,0,0,0,0,0,0,0,0,0,0,379,16295,0,0,0,0
64281.979,16652,60,0,0,0,0,0,8,32294,44,53,0,0,0,0,0,0,0,0,0,0,0,0,0,0,0,0,0,0,0,0,0,0,365,16612,0,0,0,0
64298.826,16847,59,0,0,0,0,0,8,32603,44,53,0,0,0,0,0,0,0,0,0,0,0,0,0,0,0,0,0,0,0,0,0,0,355,16398,0,0,0,0
64315.201,16374,61,0,0,0,0,0,8,32181,44,53,0,0,0,0,0,0,0,0,0,0,0,0,0,0,0,0,0,0,0,0,0,0,364,17043,0,0,0,0
64332.171,16969,58,0,0,0,0,0,8,32105,44,53,0,0,0,0,0,0,0,0,0,0,0,0,0,0,0,0,0,0,0,0,0,0,353,16629,0,0,0,0
64348.999,16827,59,0,0,0,0,0,8,32124,44,53,0,0,0,0,0,0,0,0,0,0,0,0,0,0,0,0,0,0,0,0,0,0,392,16412,0,0,0,0
64365.243,16244,61,0,0,0,0,0,8,32003,44,53,0,0,0,0,0,0,0,0,0,0,0,0,0,0,0,0,0,0,0,0,0,0,366,16290,0,0,0,0
64382.202,16960,58,0,0,0,0,0,8,32144,44,53,0,0,0,0,0,0,0,0,0,0,0,0,0,0,0,0,0,0,0,0,0,0,356,17513,0,0,0,0
64398.486,16283,61,0,0,0,0,0,8,32265,44,53,0,0,0,0,0,0,0,0,0,0,0,0,0,0,0,0,0,0,0,0,0,0,359,17110,0,0,0,0
64415.475,16989,58,0,0,0,0,0,8,32105,44,53,0,0,0,0,0,0,0,0,0,0,0,0,0,0,0,0,0,0,0,0,0,0,364,16118,0,0,0,0
64432.130,16654,60,0,0,0,0,0,8,32280,44,53,0,0,0,0,0,0,0,0,0,0,0,0,0,0,0,0,0,0,0,0,0,0,350,16371,0,0,0,0
64448.511,16380,61,0,0,0,0,0,8,32532,44,53,0,0,0,0,0,0,0,0,0,0,0,0,0,0,0,0,0,0,0,0,0,0,367,17740,0,0,0,0
64465.971,17460,57,0,0,0,0,0,8,32139,44,53,0,0,0,0,0,0,0,0,0,0,0,0,0,0,0,0,0,0,0,0,0,0,346,15910,0,0,0,0
64482.365,16394,60,0,0,0,0,0,8,32292,44,53,0,0,0,0,0,0,0,0,0,0,0,0,0,0,0,0,0,0,0,0,0,0,359,17303,0,0,0,0
64498.666,16300,61,0,0,0,0,0,8,32374,44,53,0,0,0,0,0,0,0,0,0,0,0,0,0,0,0,0,0,0,0,0,0,0,384,17029,0,0,0,0
64515.977,17310,57,0,0,0,0,0,8,30495,44,53,0,0,0,0,0,0,0,0,0,0,0,0,0,0,0,0,0,0,0,0,0,0,344,15407,0,0,0,0
64532.115,16138,61,0,0,0,0,0,8,30604,44,53,0,0,0,0,0,0,0,0,0,0,0,0,0,0,0,0,0,0,0,0,0,0,360,17551,0,0,0,0
64548.600,16484,60,0,0,0,0,0,8,30704,44,53,0,0,0,0,0,0,0,0,0,0,0,0,0,0,0,0,0,0,0,0,0,0,353,16099,0,0,0,0
64565.981,17381,57,0,0,0,0,0,8,30734,44,53,0,0,0,0,0,0,0,0,0,0,0,0,0,0,0,0,0,0,0,0,0,0,359,16202,0,0,0,0
64581.933,15952,62,0,0,0,0,0,8,30922,44,53,0,0,0,0,0,0,0,0,0,0,0,0,0,0,0,0,0,0,0,0,0,0,358,18042,0,0,0,0
64598.980,17046,58,0,0,0,0,0,8,30877,44,53,0,0,0,0,0,0,0,0,0,0,0,0,0,0,0,0,0,0,0,0,0,0,345,15842,0,0,0,0
64615.513,16533,60,0,0,0,0,0,8,30495,44,53,0,0,0,0,0,0,0,0,0,0,0,0,0,0,0,0,0,0,0,0,0,0,314,15711,0,0,0,0
64632.162,16648,60,0,0,0,0,0,8,30774,44,53,0,0,0,0,0,0,0,0,0,0,0,0,0,0,0,0,0,0,0,0,0,0,364,17849,0,0,0,0
64648.514,16352,61,0,0,0,0,0,8,30741,44,53,0,0,0,0,0,0,0,0,0,0,0,0,0,0,0,0,0,0,0,0,0,0,359,16354,0,0,0,0
64665.974,17460,57,0,0,0,0,0,8,30573,44,53,0,0,0,0,0,0,0,0,0,0,0,0,0,0,0,0,0,0,0,0,0,0,336,16467,0,0,0,0
64682.105,16131,61,0,0,0,0,0,8,30875,44,53,0,0,0,0,0,0,0,0,0,0,0,0,0,0,0,0,0,0,0,0,0,0,378,17717,0,0,0,0
64698.533,16428,60,0,0,0,0,0,8,30350,44,53,0,0,0,0,0,0,0,0,0,0,0,0,0,0,0,0,0,0,0,0,0,0,327,16430,0,0,0,0
64715.114,16580,60,0,0,0,0,0,8,30468,44,53,0,0,0,0,0,0,0,0,0,0,0,0,0,0,0,0,0,0,0,0,0,0,342,15624,0,0,0,0
64732.169,17055,58,0,0,0,0,0,8,30532,44,53,0,0,0,0,0,0,0,0,0,0,0,0,0,0,0,0,0,0,0,0,0,0,384,17052,0,0,0,0
64748.817,16647,60,0,0,0,0,0,8,30886,44,53,0,0,0,0,0,0,0,0,0,0,0,0,0,0,0,0,0,0,0,0,0,0,364,16805,0,0,0,0
64765.493,16676,59,0,0,0,0,0,8,30991,44,53,0,0,0,0,0,0,0,0,0,0,0,0,0,0,0,0,0,0,0,0,0,0,403,17079,0,0,0,0
64782.980,17487,57,0,0,0,0,0,8,30807,44,53,0,0,0,0,0,0,0,0,0,0,0,0,0,0,0,0,0,0,0,0,0,0,347,16243,0,0,0,0
64798.731,15750,63,0,0,0,0,0,8,30790,44,53,0,0,0,0,0,0,0,0,0,0,0,0,0,0,0,0,0,0,0,0,0,0,369,17349,0,0,0,0
64815.415,16683,59,0,0,0,0,0,8,30489,44,53,0,0,0,0,0,0,0,0,0,0,0,0,0,0,0,0,0,0,0,0,0,0,348,16125,0,0,0,0
64831.969,16553,60,0,0,0,0,0,8,30603,44,53,0,0,0,0,0,0,0,0,0,0,0,0,0,0,0,0,0,0,0,0,0,0,339,16363,0,0,0,0
64848.481,16512,60,0,0,0,0,0,8,30969,44,53,0,0,0,0,0,0,0,0,0,0,0,0,0,0,0,0,0,0,0,0,0,0,346,15953,0,0,0,0
64865.251,16769,59,0,0,0,0,0,8,30637,44,53,0,0,0,0,0,0,0,0,0,0,0,0,0,0,0,0,0,0,0,0,0,0,355,17464,0,0,0,0
64881.760,16510,60,0,0,0,0,0,8,30731,44,53,0,0,0,0,0,0,0,0,0,0,0,0,0,0,0,0,0,0,0,0,0,0,372,16773,0,0,0,0
64898.481,16720,59,0,0,0,0,0,8,30899,44,53,0,0,0,0,0,0,0,0,0,0,0,0,0,0,0,0,0,0,0,0,0,0,380,16281,0,0,0,0
64915.370,16889,59,0,0,0,0,0,8,30534,44,53,0,0,0,0,0,0,0,0,0,0,0,0,0,0,0,0,0,0,0,0,0,0,346,16635,0,0,0,0
64931.965,16595,60,0,0,0,0,0,8,30841,44,53,0,0,0,0,0,0,0,0,0,0,0,0,0,0,0,0,0,0,0,0,0,0,363,16440,0,0,0,0
64948.972,17007,58,0,0,0,0,0,8,30478,44,53,0,0,0,0,0,0,0,0,0,0,0,0,0,0,0,0,0,0,0,0,0,0,346,17018,0,0,0,0
64965.483,16510,60,0,0,0,0,0,8,30587,44,53,0,0,0,0,0,0,0,0,0,0,0,0,0,0,0,0,0,0,0,0,0,0,353,16057,0,0,0,0
64981.977,16493,60,0,0,0,0,0,8,30610,44,53,0,0,0,0,0,0,0,0,0,0,0,0,0,0,0,0,0,0,0,0,0,0,347,17247,0,0,0,0
64998.643,16665,60,0,0,0,0,0,8,31889,44,53,0,0,0,0,0,0,0,0,0,0,0,0,0,0,0,0,0,0,0,0,0,0,353,16853,0,0,0,0
65015.594,16950,58,0,0,0,0,0,8,31897,44,53,0,0,0,0,0,0,0,0,0,0,0,0,0,0,0,0,0,0,0,0,0,0,391,16140,0,0,0,0
65032.111,16517,60,0,0,0,0,0,8,32520,44,53,0,0,0,0,0,0,0,0,0,0,0,0,0,0,0,0,0,0,0,0,0,0,338,17680,0,0,0,0
65048.690,16579,60,0,0,0,0,0,8,32742,44,53,0,0,0,0,0,0,0,0,0,0,0,0,0,0,0,0,0,0,0,0,0,0,366,16519,0,0,0,0
65065.963,17273,57,0,0,0,0,0,8,32585,44,53,0,0,0,0,0,0,0,0,0,0,0,0,0,0,0,0,0,0,0,0,0,0,367,16080,0,0,0,0
65081.967,16003,62,0,0,0,0,0,8,33001,44,53,0,0,0,0,0,0,0,0,0,0,0,0,0,0,0,0,0,0,0,0,0,0,340,17764,0,0,0,0
65098.753,16786,59,0,0,0,0,0,8,35109,44,53,0,0,0,0,0,0,0,0,0,0,0,0,0,0,0,0,0,0,0,0,0,0,353,15891,0,0,0,0
65115.111,16357,61,0,0,0,0,0,8,34819,44,53,0,0,0,0,0,0,0,0,0,0,0,0,0,0,0,0,0,0,0,0,0,0,374,16940,0,0,0,0
65132.519,17408,57,0,0,0,0,0,8,35124,44,53,0,0,0,0,0,0,0,0,0,0,0,0,0,0,0,0,0,0,0,0,0,0,354,16207,0,0,0,0
65148.971,16451,60,0,0,0,0,0,8,35576,44,53,0,0,0,0,0,0,0,0,0,0,0,0,0,0,0,0,0,0,0,0,0,0,342,17159,0,0,0,0
65165.217,16246,61,0,0,0,0,0,8,37168,44,53,0,0,0,0,0,0,0,0,0,0,0,0,0,0,0,0,0,0,0,0,0,0,359,15728,0,0,0,0
65182.158,16940,59,0,0,0,0,0,8,37397,44,53,0,0,0,0,0,0,0,0,0,0,0,0,0,0,0,0,0,0,0,0,0,0,344,17057,0,0,0,0
65198.993,16834,59,0,0,0,0,0,8,37361,44,53,0,0,0,0,0,0,0,0,0,0,0,0,0,0,0,0,0,0,0,0,0,0,387,17465,0,0,0,0
65215.519,16526,60,0,0,0,0,0,8,37417,44,53,0,0,0,0,0,0,0,0,0,0,0,0,0,0,0,0,0,0,0,0,0,0,343,16494,0,0,0,0
65231.863,16343,61,0,0,0,0,0,8,37320,44,53,0,0,0,0,0,0,0,0,0,0,0,0,0,0,0,0,0,0,0,0,0,0,329,16152,0,0,0,0
65248.829,16966,58,0,0,0,0,0,8,37401,44,53,0,0,0,0,0,0,0,0,0,0,0,0,0,0,0,0,0,0,0,0,0,0,364,16810,0,0,0,0
65265.355,16525,60,0,0,0,0,0,8,37159,44,53,0,0,0,0,0,0,0,0,0,0,0,0,0,0,0,0,0,0,0,0,0,0,361,17017,0,0,0,0
65281.744,16389,61,0,0,0,0,0,8,37281,44,53,0,0,0,0,0,0,0,0,0,0,0,0,0,0,0,0,0,0,0,0,0,0,363,16101,0,0,0,0
65298.688,16943,59,0,0,0,0,0,8,37332,44,53,0,0,0,0,0,0,0,0,0,0,0,0,0,0,0,0,0,0,0,0,0,0,356,16379,0,0,0,0
65315.991,17303,57,0,0,0,0,0,8,37316,44,53,0,0,0,0,0,0,0,0,0,0,0,0,0,0,0,0,0,0,0,0,0,0,349,17486,0,0,0,0
65332.034,16042,62,0,0,0,0,0,8,37162,44,53,0,0,0,0,0,0,0,0,0,0,0,0,0,0,0,0,0,0,0,0,0,0,371,16564,0,0,0,0
65348.986,16952,58,0,0,0,0,0,8,37113,44,53,0,0,0,0,0,0,0,0,0,0,0,0,0,0,0,0,0,0,0,0,0,0,354,16830,0,0,0,0
65365.972,16985,58,0,0,0,0,0,8,36939,44,53,0,0,0,0,0,0,0,0,0,0,0,0,0,0,0,0,0,0,0,0,0,0,362,16654,0,0,0,0
65382.492,16519,60,0,0,0,0,0,8,37163,44,53,0,0,0,0,0,0,0,0,0,0,0,0,0,0,0,0,0,0,0,0,0,0,370,17273,0,0,0,0
65398.675,16183,61,0,0,0,0,0,8,37376,44,53,0,0,0,0,0,0,0,0,0,0,0,0,0,0,0,0,0,0,0,0,0,0,361,15998,0,0,0,0
65415.966,17290,57,0,0,0,0,0,8,39415,44,53,0,0,0,0,0,0,0,0,0,0,0,0,0,0,0,0,0,0,0,0,0,0,356,16584,0,0,0,0
65432.104,16138,61,0,0,0,0,0,8,37840,44,53,0,0,0,0,0,0,0,0,0,0,0,0,0,0,0,0,0,0,0,0,0,0,357,17245,0,0,0,0
65448.967,16862,59,0,0,0,0,0,8,37927,44,53,0,0,0,0,0,0,0,0,0,0,0,0,0,0,0,0,0,0,0,0,0,0,365,16297,0,0,0,0
65465.371,16404,60,0,0,0,0,0,8,38092,44,53,0,0,0,0,0,0,0,0,0,0,0,0,0,0,0,0,0,0,0,0,0,0,382,16992,0,0,0,0
65481.966,16595,60,0,0,0,0,0,8,38321,44,53,0,0,0,0,0,0,0,0,0,0,0,0,0,0,0,0,0,0,0,0,0,0,355,15695,0,0,0,0
65498.962,16995,58,0,0,0,0,0,8,38424,44,53,0,0,0,0,0,0,0,0,0,0,0,0,0,0,0,0,0,0,0,0,0,0,358,15829,0,0,0,0
65515.470,16508,60,0,0,0,0,0,8,38221,44,53,0,0,0,0,0,0,0,0,0,0,0,0,0,0,0,0,0,0,0,0,0,0,379,16954,0,0,0,0
65532.092,16622,60,0,0,0,0,0,8,38372,44,53,0,0,0,0,0,0,0,0,0,0,0,0,0,0,0,0,0,0,0,0,0,0,348,17621,0,0,0,0
65548.960,16867,59,0,0,0,0,0,8,37947,44,53,0,0,0,0,0,0,0,0,0,0,0,0,0,0,0,0,0,0,0,0,0,0,355,16518,0,0,0,0
65565.290,16329,61,0,0,0,0,0,8,37684,44,53,0,0,0,0,0,0,0,0,0,0,0,0,0,0,0,0,0,0,0,0,0,0,359,15827,0,0,0,0
65581.962,16672,59,0,0,0,0,0,8,37730,44,53,0,0,0,0,0,0,0,0,0,0,0,0,0,0,0,0,0,0,0,0,0,0,345,17126,0,0,0,0
65598.961,16999,58,0,0,0,0,0,8,37696,44,53,0,0,0,0,0,0,0,0,0,0,0,0,0,0,0,0,0,0,0,0,0,0,383,15935,0,0,0,0
65615.160,16199,61,0,0,0,0,0,8,37581,44,53,0,0,0,0,0,0,0,0,0,0,0,0,0,0,0,0,0,0,0,0,0,0,357,18121,0,0,0,0
65632.477,17316,57,0,0,0,0,0,8,37621,44,53,0,0,0,0,0,0,0,0,0,0,0,0,0,0,0,0,0,0,0,0,0,0,362,16341,0,0,0,0
65648.959,16482,60,0,0,0,0,0,8,37460,44,53,0,0,0,0,0,0,0,0,0,0,0,0,0,0,0,0,0,0,0,0,0,0,392,16760,0,0,0,0
65665.963,17003,58,0,0,0,0,0,8,37157,44,53,0,0,0,0,0,0,0,0,0,0,0,0,0,0,0,0,0,0,0,0,0,0,365,15702,0,0,0,0
65682.146,16183,61,0,0,0,0,0,8,37226,44,53,0,0,0,0,0,0,0,0,0,0,0,0,0,0,0,0,0,0,0,0,0,0,359,16997,0,0,0,0
65698.964,16817,59,0,0,0,0,0,8,37204,44,53,0,0,0,0,0,0,0,0,0,0,0,0,0,0,0,0,0,0,0,0,0,0,375,17254,0,0,0,0
65715.958,16994,58,0,0,0,0,0,8,35910,44,53,0,0,0,0,0,0,0,0,0,0,0,0,0,0,0,0,0,0,0,0,0,0,368,15787,0,0,0,0
65732.101,16142,61,0,0,0,0,0,8,35805,44,53,0,0,0,0,0,0,0,0,0,0,0,0,0,0,0,0,0,0,0,0,0,0,375,18057,0,0,0,0
65748.956,16855,59,0,0,0,0,0,8,35483,44,53,0,0,0,0,0,0,0,0,0,0,0,0,0,0,0,0,0,0,0,0,0,0,383,16236,0,0,0,0
65765.015,16058,62,0,0,0,0,0,8,35220,44,53,0,0,0,0,0,0,0,0,0,0,0,0,0,0,0,0,0,0,0,0,0,0,349,16176,0,0,0,0
65782.159,17143,58,0,0,0,0,0,8,35143,44,53,0,0,0,0,0,0,0,0,0,0,0,0,0,0,0,0,0,0,0,0,0,0,339,16744,0,0,0,0
65798.498,16339,61,0,0,0,0,0,8,35229,44,53,0,0,0,0,0,0,0,0,0,0,0,0,0,0,0,0,0,0,0,0,0,0,369,17095,0,0,0,0
65815.965,17466,57,0,0,0,0,0,8,34795,44,53,0,0,0,0,0,0,0,0,0,0,0,0,0,0,0,0,0,0,0,0,0,0,334,16320,0,0,0,0
65832.483,16517,60,0,0,0,0,0,8,34758,44,53,0,0,0,0,0,0,0,0,0,0,0,0,0,0,0,0,0,0,0,0,0,0,335,17600,0,0,0,0
65848.960,16477,60,0,0,0,0,0,8,34554,44,53,0,0,0,0,0,0,0,0,0,0,0,0,0,0,0,0,0,0,0,0,0,0,365,16241,0,0,0,0
65865.529,16568,60,0,0,0,0,0,8,34300,44,53,0,0,0,0,0,0,0,0,0,0,0,0,0,0,0,0,0,0,0,0,0,0,352,15362,0,0,0,0
65882.095,16566,60,0,0,0,0,0,8,34457,44,53,0,0,0,0,0,0,0,0,0,0,0,0,0,0,0,0,0,0,0,0,0,0,367,17443,0,0,0,0
65898.127,16031,62,0,0,0,0,0,8,34237,44,53,0,0,0,0,0,0,0,0,0,0,0,0,0,0,0,0,0,0,0,0,0,0,347,16907,0,0,0,0
65915.286,17158,58,0,0,0,0,0,8,34431,44,53,0,0,0,0,0,0,0,0,0,0,0,0,0,0,0,0,0,0,0,0,0,0,363,16111,0,0,0,0
65931.976,16690,59,0,0,0,0,0,8,34289,44,53,0,0,0,0,0,0,0,0,0,0,0,0,0,0,0,0,0,0,0,0,0,0,370,16969,0,0,0,0
65948.511,16535,60,0,0,0,0,0,8,34295,44,53,0,0,0,0,0,0,0,0,0,0,0,0,0,0,0,0,0,0,0,0,0,0,345,15906,0,0,0,0
65965.097,16586,60,0,0,0,0,0,8,34315,44,53,0,0,0,0,0,0,0,0,0,0,0,0,0,0,0,0,0,0,0,0,0,0,349,17629,0,0,0,0
65982.068,16970,58,0,0,0,0,0,8,34097,44,53,0,0,0,0,0,0,0,0,0,0,0,0,0,0,0,0,0,0,0,0,0,0,352,16547,0,0,0,0
65998.965,16897,59,0,0,0,0,0,8,34142,44,53,0,0,0,0,0,0,0,0,0,0,0,0,0,0,0,0,0,0,0,0,0,0,341,17019,0,0,0,0
66015.475,16510,60,0,0,0,0,0,8,33982,44,53,0,0,0,0,0,0,0,0,0,0,0,0,0,0,0,0,0,0,0,0,0,0,327,16833,0,0,0,0
66032.123,16648,60,0,0,0,0,0,8,33900,44,53,0,0,0,0,0,0,0,0,0,0,0,0,0,0,0,0,0,0,0,0,0,0,338,15943,0,0,0,0
66048.583,16459,60,0,0,0,0,0,8,33820,44,53,0,0,0,0,0,0,0,0,0,0,0,0,0,0,0,0,0,0,0,0,0,0,365,16854,0,0,0,0
66065.967,17384,57,0,0,0,0,0,8,33271,44,53,0,0,0,0,0,0,0,0,0,0,0,0,0,0,0,0,0,0,0,0,0,0,355,16758,0,0,0,0
66081.956,15989,62,0,0,0,0,0,8,35157,44,53,0,0,0,0,0,0,0,0,0,0,0,0,0,0,0,0,0,0,0,0,0,0,369,17388,0,0,0,0
66098.493,16536,60,0,0,0,0,0,8,34840,44,53,0,0,0,0,0,0,0,0,0,0,0,0,0,0,0,0,0,0,0,0,0,0,362,14842,0,0,0,0
66115.103,16610,60,0,0,0,0,0,8,34602,44,53,0,0,0,0,0,0,0,0,0,0,0,0,0,0,0,0,0,0,0,0,0,0,347,17800,0,0,0,0
66132.504,17401,57,0,0,0,0,0,8,34449,44,53,0,0,0,0,0,0,0,0,0,0,0,0,0,0,0,0,0,0,0,0,0,0,373,16403,0,0,0,0
66148.518,16014,62,0,0,0,0,0,8,34367,44,53,0,0,0,0,0,0,0,0,0,0,0,0,0,0,0,0,0,0,0,0,0,0,371,16909,0,0,0,0
66165.377,16858,59,0,0,0,0,0,8,35262,44,53,0,0,0,0,0,0,0,0,0,0,0,0,0,0,0,0,0,0,0,0,0,0,324,16736,0,0,0,0
66181.963,16586,60,0,0,0,0,0,8,35337,44,53,0,0,0,0,0,0,0,0,0,0,0,0,0,0,0,0,0,0,0,0,0,0,348,16747,0,0,0,0
66198.956,16992,58,0,0,0,0,0,8,35447,44,53,0,0,0,0,0,0,0,0,0,0,0,0,0,0,0,0,0,0,0,0,0,0,379,15619,0,0,0,0
66215.967,17011,58,0,0,0,0,0,8,35796,44,53,0,0,0,0,0,0,0,0,0,0,0,0,0,0,0,0,0,0,0,0,0,0,371,17040,0,0,0,0
66232.147,16179,61,0,0,0,0,0,8,35605,44,53,0,0,0,0,0,0,0,0,0,0,0,0,0,0,0,0,0,0,0,0,0,0,354,18223,0,0,0,0
66248.951,16804,59,0,0,0,0,0,8,35857,44,53,0,0,0,0,0,0,0,0,0,0,0,0,0,0,0,0,0,0,0,0,0,0,336,15664,0,0,0,0
66265.346,16394,60,0,0,0,0,0,8,35772,44,53,0,0,0,0,0,0,0,0,0,0,0,0,0,0,0,0,0,0,0,0,0,0,354,17154,0,0,0,0
66281.959,16613,60,0,0,0,0,0,8,35480,44,53,0,0,0,0,0,0,0,0,0,0,0,0,0,0,0,0,0,0,0,0,0,0,362,16149,0,0,0,0
66298.509,16549,60,0,0,0,0,0,8,34570,44,53,0,0,0,0,0,0,0,0,0,0,0,0,0,0,0,0,0,0,0,0,0,0,385,15821,0,0,0,0
66315.528,17018,58,0,0,0,0,0,8,34359,44,53,0,0,0,0,0,0,0,0,0,0,0,0,0,0,0,0,0,0,0,0,0,0,354,17293,0,0,0,0
66332.955,17427,57,0,0,0,0,0,8,34371,44,53,0,0,0,0,0,0,0,0,0,0,0,0,0,0,0,0,0,0,0,0,0,0,365,16482,0,0,0,0
66348.918,15962,62,0,0,0,0,0,8,34445,44,53,0,0,0,0,0,0,0,0,0,0,0,0,0,0,0,0,0,0,0,0,0,0,368,17997,0,0,0,0
66365.536,16618,60,0,0,0,0,0,8,34155,44,53,0,0,0,0,0,0,0,0,0,0,0,0,0,0,0,0,0,0,0,0,0,0,363,15589,0,0,0,0
66382.962,17425,57,0,0,0,0,0,8,34320,44,53,0,0,0,0,0,0,0,0,0,0,0,0,0,0,0,0,0,0,0,0,0,0,371,16766,0,0,0,0
66398.813,15850,63,0,0,0,0,0,8,34360,44,53,0,0,0,0,0,0,0,0,0,0,0,0,0,0,0,0,0,0,0,0,0,0,366,17315,0,0,0,0
66415.963,17150,58,0,0,0,0,0,8,33924,44,53,0,0,0,0,0,0,0,0,0,0,0,0,0,0,0,0,0,0,0,0,0,0,335,16184,0,0,0,0
66432.103,16139,61,0,0,0,0,0,8,34185,44,53,0,0,0,0,0,0,0,0,0,0,0,0,0,0,0,0,0,0,0,0,0,0,376,17414,0,0,0,0
66448.971,16868,59,0,0,0,0,0,8,33917,44,53,0,0,0,0,0,0,0,0,0,0,0,0,0,0,0,0,0,0,0,0,0,0,359,16094,0,0,0,0
66465.552,16581,60,0,0,0,0,0,8,33781,44,53,0,0,0,0,0,0,0,0,0,0,0,0,0,0,0,0,0,0,0,0,0,0,406,17040,0,0,0,0
66482.088,16536,60,0,0,0,0,0,8,33754,44,53,0,0,0,0,0,0,0,0,0,0,0,0,0,0,0,0,0,0,0,0,0,0,353,16421,0,0,0,0
66498.967,16879,59,0,0,0,0,0,8,33864,44,53,0,0,0,0,0,0,0,0,0,0,0,0,0,0,0,0,0,0,0,0,0,0,400,16828,0,0,0,0
66515.346,16378,61,0,0,0,0,0,8,33608,44,53,0,0,0,0,0,0,0,0,0,0,0,0,0,0,0,0,0,0,0,0,0,0,368,16561,0,0,0,0
66531.952,16606,60,0,0,0,0,0,8,33663,44,53,0,0,0,0,0,0,0,0,0,0,0,0,0,0,0,0,0,0,0,0,0,0,339,15718,0,0,0,0
66548.955,17002,58,0,0,0,0,0,8,33837,44,53,0,0,0,0,0,0,0,0,0,0,0,0,0,0,0,0,0,0,0,0,0,0,343,17009,0,0,0,0
66565.961,17006,58,0,0,0,0,0,8,33730,44,53,0,0,0,0,0,0,0,0,0,0,0,0,0,0,0,0,0,0,0,0,0,0,357,16027,0,0,0,0
66582.110,16149,61,0,0,0,0,0,8,33354,44,53,0,0,0,0,0,0,0,0,0,0,0,0,0,0,0,0,0,0,0,0,0,0,344,16831,0,0,0,0
66598.867,16756,59,0,0,0,0,0,8,34084,44,53,0,0,0,0,0,0,0,0,0,0,0,0,0,0,0,0,0,0,0,0,0,0,356,17249,0,0,0,0
66615.261,16393,60,0,0,0,0,0,8,33639,44,53,0,0,0,0,0,0,0,0,0,0,0,0,0,0,0,0,0,0,0,0,0,0,347,15981,0,0,0,0
66632.045,16784,59,0,0,0,0,0,8,33963,44,53,0,0,0,0,0,0,0,0,0,0,0,0,0,0,0,0,0,0,0,0,0,0,349,16862,0,0,0,0
66648.997,16951,58,0,0,0,0,0,8,33799,44,53,0,0,0,0,0,0,0,0,0,0,0,0,0,0,0,0,0,0,0,0,0,0,326,17312,0,0,0,0
66665.467,16470,60,0,0,0,0,0,8,33441,44,53,0,0,0,0,0,0,0,0,0,0,0,0,0,0,0,0,0,0,0,0,0,0,368,16786,0,0,0,0
66681.953,16485,60,0,0,0,0,0,8,33478,44,53,0,0,0,0,0,0,0,0,0,0,0,0,0,0,0,0,0,0,0,0,0,0,338,16408,0,0,0,0
66698.531,16578,60,0,0,0,0,0,8,33394,44,53,0,0,0,0,0,0,0,0,0,0,0,0,0,0,0,0,0,0,0,0,0,0,360,15627,0,0,0,0
66715.069,16537,60,0,0,0,0,0,8,33541,44,53,0,0,0,0,0,0,0,0,0,0,0,0,0,0,0,0,0,0,0,0,0,0,350,17037,0,0,0,0
66731.956,16887,59,0,0,0,0,0,8,33496,44,53,0,0,0,0,0,0,0,0,0,0,0,0,0,0,0,0,0,0,0,0,0,0,337,16925,0,0,0,0
66748.487,16531,60,0,0,0,0,0,8,33354,44,53,0,0,0,0,0,0,0,0,0,0,0,0,0,0,0,0,0,0,0,0,0,0,339,17032,0,0,0,0
66765.954,17466,57,0,0,0,0,0,8,33317,44,53,0,0,0,0,0,0,0,0,0,0,0,0,0,0,0,0,0,0,0,0,0,0,347,16611,0,0,0,0
66781.890,15935,62,0,0,0,0,0,8,33372,44,53,0,0,0,0,0,0,0,0,0,0,0,0,0,0,0,0,0,0,0,0,0,0,363,17163,0,0,0,0
66798.595,16705,59,0,0,0,0,0,8,33451,44,53,0,0,0,0,0,0,0,0,0,0,0,0,0,0,0,0,0,0,0,0,0,0,352,15975,0,0,0,0
66815.361,16766,59,0,0,0,0,0,8,33172,44,53,0,0,0,0,0,0,0,0,0,0,0,0,0,0,0,0,0,0,0,0,0,0,358,16454,0,0,0,0
66831.964,16602,60,0,0,0,0,0,8,33267,44,53,0,0,0,0,0,0,0,0,0,0,0,0,0,0,0,0,0,0,0,0,0,0,365,16579,0,0,0,0
66848.952,16988,58,0,0,0,0,0,8,33247,44,53,0,0,0,0,0,0,0,0,0,0,0,0,0,0,0,0,0,0,0,0,0,0,373,17252,0,0,0,0
66865.748,16795,59,0,0,0,0,0,8,32984,44,53,0,0,0,0,0,0,0,0,0,0,0,0,0,0,0,0,0,0,0,0,0,0,357,16947,0,0,0,0
66882.145,16397,60,0,0,0,0,0,8,33226,44,53,0,0,0,0,0,0,0,0,0,0,0,0,0,0,0,0,0,0,0,0,0,0,361,16906,0,0,0,0
66898.576,16431,60,0,0,0,0,0,8,33092,44,53,0,0,0,0,0,0,0,0,0,0,0,0,0,0,0,0,0,0,0,0,0,0,337,16210,0,0,0,0
66915.631,17054,58,0,0,0,0,0,8,32934,44,53,0,0,0,0,0,0,0,0,0,0,0,0,0,0,0,0,0,0,0,0,0,0,360,16076,0,0,0,0
66931.693,16061,62,0,0,0,0,0,8,33163,44,53,0,0,0,0,0,0,0,0,0,0,0,0,0,0,0,0,0,0,0,0,0,0,356,16947,0,0,0,0
66948.953,17260,57,0,0,0,0,0,8,33368,44,53,0,0,0,0,0,0,0,0,0,0,0,0,0,0,0,0,0,0,0,0,0,0,356,16215,0,0,0,0
66965.350,16396,60,0,0,0,0,0,8,34881,44,53,0,0,0,0,0,0,0,0,0,0,0,0,0,0,0,0,0,0,0,0,0,0,336,16657,0,0,0,0
66982.481,17131,58,0,0,0,0,0,8,33290,44,53,0,0,0,0,0,0,0,0,0,0,0,0,0,0,0,0,0,0,0,0,0,0,332,17231,0,0,0,0
66998.944,16463,60,0,0,0,0,0,8,33121,44,53,0,0,0,0,0,0,0,0,0,0,0,0,0,0,0,0,0,0,0,0,0,0,351,17214,0,0,0,0
67015.283,16339,61,0,0,0,0,0,8,34051,44,53,0,0,0,0,0,0,0,0,0,0,0,0,0,0,0,0,0,0,0,0,0,0,338,16494,0,0,0,0
67031.946,16662,60,0,0,0,0,0,8,31240,44,53,0,0,0,0,0,0,0,0,0,0,0,0,0,0,0,0,0,0,0,0,0,0,342,16718,0,0,0,0
67048.482,16535,60,0,0,0,0,0,8,31418,44,53,0,0,0,0,0,0,0,0,0,0,0,0,0,0,0,0,0,0,0,0,0,0,373,16890,0,0,0,0
67065.955,17473,57,0,0,0,0,0,8,31216,44,53,0,0,0,0,0,0,0,0,0,0,0,0,0,0,0,0,0,0,0,0,0,0,338,16294,0,0,0,0
67081.947,15992,62,0,0,0,0,0,8,31569,44,53,0,0,0,0,0,0,0,0,0,0,0,0,0,0,0,0,0,0,0,0,0,0,346,17022,0,0,0,0
67098.640,16693,59,0,0,0,0,0,8,31267,44,53,0,0,0,0,0,0,0,0,0,0,0,0,0,0,0,0,0,0,0,0,0,0,338,16551,0,0,0,0
67115.363,16723,59,0,0,0,0,0,8,31189,44,53,0,0,0,0,0,0,0,0,0,0,0,0,0,0,0,0,0,0,0,0,0,0,381,15923,0,0,0,0
67131.946,16583,60,0,0,0,0,0,8,31359,44,53,0,0,0,0,0,0,0,0,0,0,0,0,0,0,0,0,0,0,0,0,0,0,355,16765,0,0,0,0
67148.473,16526,60,0,0,0,0,0,8,31102,44,53,0,0,0,0,0,0,0,0,0,0,0,0,0,0,0,0,0,0,0,0,0,0,355,16869,0,0,0,0
67165.130,16656,60,0,0,0,0,0,8,30583,44,53,0,0,0,0,0,0,0,0,0,0,0,0,0,0,0,0,0,0,0,0,0,0,360,16729,0,0,0,0
67182.003,16873,59,0,0,0,0,0,8,30595,44,53,0,0,0,0,0,0,0,0,0,0,0,0,0,0,0,0,0,0,0,0,0,0,341,16218,0,0,0,0
67198.951,16947,59,0,0,0,0,0,8,30602,44,53,0,0,0,0,0,0,0,0,0,0,0,0,0,0,0,0,0,0,0,0,0,0,361,17189,0,0,0,0
67215.409,16458,60,0,0,0,0,0,8,30529,44,53,0,0,0,0,0,0,0,0,0,0,0,0,0,0,0,0,0,0,0,0,0,0,351,15779,0,0,0,0
67232.953,17543,57,0,0,0,0,0,8,30575,44,53,0,0,0,0,0,0,0,0,0,0,0,0,0,0,0,0,0,0,0,0,0,0,350,17693,0,0,0,0
67248.953,15999,62,0,0,0,0,0,8,30560,44,53,0,0,0,0,0,0,0,0,0,0,0,0,0,0,0,0,0,0,0,0,0,0,396,17649,0,0,0,0
67265.955,17002,58,0,0,0,0,0,8,30177,44,53,0,0,0,0,0,0,0,0,0,0,0,0,0,0,0,0,0,0,0,0,0,0,352,15871,0,0,0,0
67281.953,15998,62,0,0,0,0,0,8,30328,44,53,0,0,0,0,0,0,0,0,0,0,0,0,0,0,0,0,0,0,0,0,0,0,350,16923,0,0,0,0
67298.483,16530,60,0,0,0,0,0,8,30320,44,53,0,0,0,0,0,0,0,0,0,0,0,0,0,0,0,0,0,0,0,0,0,0,367,15011,0,0,0,0
67315.960,17476,57,0,0,0,0,0,8,30406,44,53,0,0,0,0,0,0,0,0,0,0,0,0,0,0,0,0,0,0,0,0,0,0,375,17712,0,0,0,0
67332.071,16110,62,0,0,0,0,0,8,30649,44,53,0,0,0,0,0,0,0,0,0,0,0,0,0,0,0,0,0,0,0,0,0,0,359,17432,0,0,0,0
67348.305,16234,61,0,0,0,0,0,8,30557,44,53,0,0,0,0,0,0,0,0,0,0,0,0,0,0,0,0,0,0,0,0,0,0,345,15771,0,0,0,0
67365.216,16911,59,0,0,0,0,0,8,30493,44,53,0,0,0,0,0,0,0,0,0,0,0,0,0,0,0,0,0,0,0,0,0,0,371,16053,0,0,0,0
67381.901,16685,59,0,0,0,0,0,8,30610,44,53,0,0,0,0,0,0,0,0,0,0,0,0,0,0,0,0,0,0,0,0,0,0,350,16987,0,0,0,0
67398.825,16924,59,0,0,0,0,0,8,30464,44,53,0,0,0,0,0,0,0,0,0,0,0,0,0,0,0,0,0,0,0,0,0,0,358,16721,0,0,0,0
67415.288,16463,60,0,0,0,0,0,8,30357,44,53,0,0,0,0,0,0,0,0,0,0,0,0,0,0,0,0,0,0,0,0,0,0,344,17277,0,0,0,0
67431.943,16654,60,0,0,0,0,0,8,30599,44,53,0,0,0,0,0,0,0,0,0,0,0,0,0,0,0,0,0,0,0,0,0,0,363,16037,0,0,0,0
67448.945,17002,58,0,0,0,0,0,8,30276,44,53,0,0,0,0,0,0,0,0,0,0,0,0,0,0,0,0,0,0,0,0,0,0,358,15919,0,0,0,0
67465.258,16312,61,0,0,0,0,0,8,32040,44,53,0,0,0,0,0,0,0,0,0,0,0,0,0,0,0,0,0,0,0,0,0,0,349,17624,0,0,0,0
67482.111,16853,59,0,0,0,0,0,8,31848,44,53,0,0,0,0,0,0,0,0,0,0,0,0,0,0,0,0,0,0,0,0,0,0,356,19897,0,0,0,0
67498.945,16833,59,0,0,0,0,0,8,32063,44,53,0,0,0,0,0,0,0,0,0,0,0,0,0,0,0,0,0,0,0,0,0,0,334,13344,0,0,0,0
67515.268,16322,61,0,0,0,0,0,8,31900,44,53,0,0,0,0,0,0,0,0,0,0,0,0,0,0,0,0,0,0,0,0,0,0,362,15884,0,0,0,0
67532.459,17191,58,0,0,0,0,0,8,32035,44,53,0,0,0,0,0,0,0,0,0,0,0,0,0,0,0,0,0,0,0,0,0,0,361,17723,0,0,0,0
67548.837,16377,61,0,0,0,0,0,8,32077,44,53,0,0,0,0,0,0,0,0,0,0,0,0,0,0,0,0,0,0,0,0,0,0,351,17215,0,0,0,0
67565.469,16632,60,0,0,0,0,0,8,31884,44,53,0,0,0,0,0,0,0,0,0,0,0,0,0,0,0,0,0,0,0,0,0,0,351,15813,0,0,0,0
67582.091,16612,60,0,0,0,0,0,8,31838,44,53,0,0,0,0,0,0,0,0,0,0,0,0,0,0,0,0,0,0,0,0,0,0,349,16671,0,0,0,0
67598.549,16467,60,0,0,0,0,0,8,32344,44,53,0,0,0,0,0,0,0,0,0,0,0,0,0,0,0,0,0,0,0,0,0,0,355,16728,0,0,0,0
67614.592,16043,62,0,0,0,0,0,8,31880,44,53,0,0,0,0,0,0,0,0,0,0,0,0,0,0,0,0,0,0,0,0,0,0,352,16464,0,0,0,0
67631.949,17356,57,0,0,0,0,0,8,31974,44,53,0,0,0,0,0,0,0,0,0,0,0,0,0,0,0,0,0,0,0,0,0,0,342,16117,0,0,0,0
67648.943,16994,58,0,0,0,0,0,8,32217,44,53,0,0,0,0,0,0,0,0,0,0,0,0,0,0,0,0,0,0,0,0,0,0,351,16448,0,0,0,0
67665.156,16212,61,0,0,0,0,0,8,32699,44,53,0,0,0,0,0,0,0,0,0,0,0,0,0,0,0,0,0,0,0,0,0,0,363,16970,0,0,0,0
67681.750,16593,60,0,0,0,0,0,8,32403,44,53,0,0,0,0,0,0,0,0,0,0,0,0,0,0,0,0,0,0,0,0,0,0,351,17258,0,0,0,0
67698.522,16772,59,0,0,0,0,0,8,32102,44,53,0,0,0,0,0,0,0,0,0,0,0,0,0,0,0,0,0,0,0,0,0,0,338,16564,0,0,0,0
67715.298,16775,59,0,0,0,0,0,8,32114,44,53,0,0,0,0,0,0,0,0,0,0,0,0,0,0,0,0,0,0,0,0,0,0,346,16862,0,0,0,0
67731.957,16659,60,0,0,0,0,0,8,32074,44,53,0,0,0,0,0,0,0,0,0,0,0,0,0,0,0,0,0,0,0,0,0,0,337,16867,0,0,0,0
67748.492,16535,60,0,0,0,0,0,8,32000,44,53,0,0,0,0,0,0,0,0,0,0,0,0,0,0,0,0,0,0,0,0,0,0,355,16299,0,0,0,0
67765.940,17448,57,0,0,0,0,0,8,31979,44,53,0,0,0,0,0,0,0,0,0,0,0,0,0,0,0,0,0,0,0,0,0,0,359,16682,0,0,0,0
67781.939,15999,62,0,0,0,0,0,8,30372,44,53,0,0,0,0,0,0,0,0,0,0,0,0,0,0,0,0,0,0,0,0,0,0,338,17338,0,0,0,0
67798.464,16524,60,0,0,0,0,0,8,30428,44,53,0,0,0,0,0,0,0,0,0,0,0,0,0,0,0,0,0,0,0,0,0,0,341,16079,0,0,0,0
67815.200,16735,59,0,0,0,0,0,8,30300,44,53,0,0,0,0,0,0,0,0,0,0,0,0,0,0,0,0,0,0,0,0,0,0,356,16645,0,0,0,0
67832.941,17741,56,0,0,0,0,0,8,30386,44,53,0,0,0,0,0,0,0,0,0,0,0,0,0,0,0,0,0,0,0,0,0,0,347,16531,0,0,0,0
67848.489,15547,64,0,0,0,0,0,8,30463,44,53,0,0,0,0,0,0,0,0,0,0,0,0,0,0,0,0,0,0,0,0,0,0,375,18116,0,0,0,0
67865.462,16973,58,0,0,0,0,0,8,30302,44,53,0,0,0,0,0,0,0,0,0,0,0,0,0,0,0,0,0,0,0,0,0,0,332,15546,0,0,0,0
67882.209,16747,59,0,0,0,0,0,8,30182,44,53,0,0,0,0,0,0,0,0,0,0,0,0,0,0,0,0,0,0,0,0,0,0,353,17024,0,0,0,0
67897.954,15744,63,0,0,0,0,0,8,29966,44,53,0,0,0,0,0,0,0,0,0,0,0,0,0,0,0,0,0,0,0,0,0,0,334,16334,0,0,0,0
67915.469,17515,57,0,0,0,0,0,8,29930,44,53,0,0,0,0,0,0,0,0,0,0,0,0,0,0,0,0,0,0,0,0,0,0,371,15956,0,0,0,0
67932.018,16549,60,0,0,0,0,0,8,30166,44,53,0,0,0,0,0,0,0,0,0,0,0,0,0,0,0,0,0,0,0,0,0,0,359,17411,0,0,0,0
67948.647,16629,60,0,0,0,0,0,8,30398,44,53,0,0,0,0,0,0,0,0,0,0,0,0,0,0,0,0,0,0,0,0,0,0,363,16777,0,0,0,0
67965.062,16414,60,0,0,0,0,0,8,30025,44,53,0,0,0,0,0,0,0,0,0,0,0,0,0,0,0,0,0,0,0,0,0,0,333,16690,0,0,0,0
67981.725,16662,60,0,0,0,0,0,8,29880,44,53,0,0,0,0,0,0,0,0,0,0,0,0,0,0,0,0,0,0,0,0,0,0,327,16152,0,0,0,0
67998.479,16754,59,0,0,0,0,0,8,30075,44,53,0,0,0,0,0,0,0,0,0,0,0,0,0,0,0,0,0,0,0,0,0,0,342,16395,0,0,0,0
68015.939,17459,57,0,0,0,0,0,8,30320,44,53,0,0,0,0,0,0,0,0,0,0,0,0,0,0,0,0,0,0,0,0,0,0,361,17048,0,0,0,0
68031.748,15809,63,0,0,0,0,0,8,30354,44,53,0,0,0,0,0,0,0,0,0,0,0,0,0,0,0,0,0,0,0,0,0,0,344,17677,0,0,0,0
68048.939,17191,58,0,0,0,0,0,8,30344,44,53,0,0,0,0,0,0,0,0,0,0,0,0,0,0,0,0,0,0,0,0,0,0,361,15752,0,0,0,0
68065.951,17012,58,0,0,0,0,0,8,30059,44,53,0,0,0,0,0,0,0,0,0,0,0,0,0,0,0,0,0,0,0,0,0,0,346,15617,0,0,0,0
68081.815,15863,63,0,0,0,0,0,8,30222,44,53,0,0,0,0,0,0,0,0,0,0,0,0,0,0,0,0,0,0,0,0,0,0,376,18573,0,0,0,0
68098.482,16666,59,0,0,0,0,0,8,30090,44,53,0,0,0,0,0,0,0,0,0,0,0,0,0,0,0,0,0,0,0,0,0,0,340,15352,0,0,0,0
68115.097,16614,60,0,0,0,0,0,8,29762,44,53,0,0,0,0,0,0,0,0,0,0,0,0,0,0,0,0,0,0,0,0,0,0,390,17174,0,0,0,0
68131.944,16847,59,0,0,0,0,0,8,31743,44,53,0,0,0,0,0,0,0,0,0,0,0,0,0,0,0,0,0,0,0,0,0,0,349,16555,0,0,0,0
68148.023,16078,62,0,0,0,0,0,8,31568,44,53,0,0,0,0,0,0,0,0,0,0,0,0,0,0,0,0,0,0,0,0,0,0,335,16735,0,0,0,0
68165.471,17447,57,0,0,0,0,0,8,31650,44,53,0,0,0,0,0,0,0,0,0,0,0,0,0,0,0,0,0,0,0,0,0,0,357,15697,0,0,0,0
68182.416,16945,59,0,0,0,0,0,8,31734,44,53,0,0,0,0,0,0,0,0,0,0,0,0,0,0,0,0,0,0,0,0,0,0,365,17800,0,0,0,0
68198.545,16129,61,0,0,0,0,0,8,31516,44,53,0,0,0,0,0,0,0,0,0,0,0,0,0,0,0,0,0,0,0,0,0,0,389,16967,0,0,0,0
68215.081,16535,60,0,0,0,0,0,8,31197,44,53,0,0,0,0,0,0,0,0,0,0,0,0,0,0,0,0,0,0,0,0,0,0,327,16042,0,0,0,0
68231.942,16861,59,0,0,0,0,0,8,30837,44,53,0,0,0,0,0,0,0,0,0,0,0,0,0,0,0,0,0,0,0,0,0,0,350,16247,0,0,0,0
68248.626,16684,59,0,0,0,0,0,8,30738,44,53,0,0,0,0,0,0,0,0,0,0,0,0,0,0,0,0,0,0,0,0,0,0,350,16992,0,0,0,0
68265.941,17314,57,0,0,0,0,0,8,30728,44,53,0,0,0,0,0,0,0,0,0,0,0,0,0,0,0,0,0,0,0,0,0,0,347,16968,0,0,0,0
68281.942,16001,62,0,0,0,0,0,8,31096,44,53,0,0,0,0,0,0,0,0,0,0,0,0,0,0,0,0,0,0,0,0,0,0,350,16975,0,0,0,0
68298.515,16572,60,0,0,0,0,0,8,30935,44,53,0,0,0,0,0,0,0,0,0,0,0,0,0,0,0,0,0,0,0,0,0,0,342,16064,0,0,0,0
68315.441,16926,59,0,0,0,0,0,8,30736,44,53,0,0,0,0,0,0,0,0,0,0,0,0,0,0,0,0,0,0,0,0,0,0,367,16849,0,0,0,0
68332.044,16602,60,0,0,0,0,0,8,30450,44,53,0,0,0,0,0,0,0,0,0,0,0,0,0,0,0,0,0,0,0,0,0,0,358,16185,0,0,0,0
68348.953,16908,59,0,0,0,0,0,8,30842,44,53,0,0,0,0,0,0,0,0,0,0,0,0,0,0,0,0,0,0,0,0,0,0,354,17202,0,0,0,0
68365.022,16069,62,0,0,0,0,0,8,30641,44,53,0,0,0,0,0,0,0,0,0,0,0,0,0,0,0,0,0,0,0,0,0,0,332,15527,0,0,0,0
68382.031,17009,58,0,0,0,0,0,8,30750,44,53,0,0,0,0,0,0,0,0,0,0,0,0,0,0,0,0,0,0,0,0,0,0,359,17020,0,0,0,0
68398.507,16475,60,0,0,0,0,0,8,29108,44,53,0,0,0,0,0,0,0,0,0,0,0,0,0,0,0,0,0,0,0,0,0,0,363,17309,0,0,0,0
68415.935,17428,57,0,0,0,0,0,8,28894,44,53,0,0,0,0,0,0,0,0,0,0,0,0,0,0,0,0,0,0,0,0,0,0,337,16023,0,0,0,0
68432.909,16973,58,0,0,0,0,0,8,28920,44,53,0,0,0,0,0,0,0,0,0,0,0,0,0,0,0,0,0,0,0,0,0,0,354,17995,0,0,0,0
68448.461,15551,64,0,0,0,0,0,8,28838,44,53,0,0,0,0,0,0,0,0,0,0,0,0,0,0,0,0,0,0,0,0,0,0,408,21660,0,0,0,0
68465.072,16612,60,0,0,0,0,0,8,28872,44,53,0,0,0,0,0,0,0,0,0,0,0,0,0,0,0,0,0,0,0,0,0,0,338,10575,0,0,0,0
68482.069,16996,58,0,0,0,0,0,8,29114,44,53,0,0,0,0,0,0,0,0,0,0,0,0,0,0,0,0,0,0,0,0,0,0,371,16830,0,0,0,0
68498.474,16405,60,0,0,0,0,0,8,28875,44,53,0,0,0,0,0,0,0,0,0,0,0,0,0,0,0,0,0,0,0,0,0,0,344,16905,0,0,0,0
68515.480,17005,58,0,0,0,0,0,8,28341,44,53,0,0,0,0,0,0,0,0,0,0,0,0,0,0,0,0,0,0,0,0,0,0,349,16329,0,0,0,0
68531.745,16265,61,0,0,0,0,0,8,28038,44,53,0,0,0,0,0,0,0,0,0,0,0,0,0,0,0,0,0,0,0,0,0,0,354,16923,0,0,0,0
68548.479,16734,59,0,0,0,0,0,8,28270,44,53,0,0,0,0,0,0,0,0,0,0,0,0,0,0,0,0,0,0,0,0,0,0,373,16020,0,0,0,0
68565.209,16729,59,0,0,0,0,0,8,28171,44,53,0,0,0,0,0,0,0,0,0,0,0,0,0,0,0,0,0,0,0,0,0,0,365,16968,0,0,0,0
68582.933,17724,56,0,0,0,0,0,8,28187,44,53,0,0,0,0,0,0,0,0,0,0,0,0,0,0,0,0,0,0,0,0,0,0,348,16631,0,0,0,0
68598.596,15663,63,0,0,0,0,0,8,28243,44,53,0,0,0,0,0,0,0,0,0,0,0,0,0,0,0,0,0,0,0,0,0,0,364,18206,0,0,0,0
68615.451,16855,59,0,0,0,0,0,8,28002,44,53,0,0,0,0,0,0,0,0,0,0,0,0,0,0,0,0,0,0,0,0,0,0,370,15113,0,0,0,0
68632.079,16627,60,0,0,0,0,0,8,28279,44,53,0,0,0,0,0,0,0,0,0,0,0,0,0,0,0,0,0,0,0,0,0,0,346,17368,0,0,0,0
68648.933,16853,59,0,0,0,0,0,8,28235,44,53,0,0,0,0,0,0,0,0,0,0,0,0,0,0,0,0,0,0,0,0,0,0,354,16331,0,0,0,0
68665.177,16243,61,0,0,0,0,0,8,28097,44,53,0,0,0,0,0,0,0,0,0,0,0,0,0,0,0,0,0,0,0,0,0,0,365,15710,0,0,0,0
68681.698,16521,60,0,0,0,0,0,8,28098,44,53,0,0,0,0,0,0,0,0,0,0,0,0,0,0,0,0,0,0,0,0,0,0,366,16979,0,0,0,0
68698.946,17247,57,0,0,0,0,0,8,28031,44,53,0,0,0,0,0,0,0,0,0,0,0,0,0,0,0,0,0,0,0,0,0,0,342,16868,0,0,0,0
68715.614,16668,59,0,0,0,0,0,8,28467,44,53,0,0,0,0,0,0,0,0,0,0,0,0,0,0,0,0,0,0,0,0,0,0,379,17019,0,0,0,0
68731.935,16320,61,0,0,0,0,0,8,28069,44,53,0,0,0,0,0,0,0,0,0,0,0,0,0,0,0,0,0,0,0,0,0,0,339,16692,0,0,0,0
68748.486,16550,60,0,0,0,0,0,8,27998,44,53,0,0,0,0,0,0,0,0,0,0,0,0,0,0,0,0,0,0,0,0,0,0,367,16610,0,0,0,0
68765.933,17447,57,0,0,0,0,0,8,27680,44,53,0,0,0,0,0,0,0,0,0,0,0,0,0,0,0,0,0,0,0,0,0,0,359,16565,0,0,0,0
68782.139,16205,61,0,0,0,0,0,8,27824,44,53,0,0,0,0,0,0,0,0,0,0,0,0,0,0,0,0,0,0,0,0,0,0,370,18204,0,0,0,0
68798.939,16800,59,0,0,0,0,0,8,27762,44,53,0,0,0,0,0,0,0,0,0,0,0,0,0,0,0,0,0,0,0,0,0,0,352,15256,0,0,0,0
68815.591,16652,60,0,0,0,0,0,8,27377,44,53,0,0,0,0,0,0,0,0,0,0,0,0,0,0,0,0,0,0,0,0,0,0,375,16598,0,0,0,0
68832.073,16481,60,0,0,0,0,0,8,27297,44,53,0,0,0,0,0,0,0,0,0,0,0,0,0,0,0,0,0,0,0,0,0,0,343,16302,0,0,0,0
68848.943,16869,59,0,0,0,0,0,8,27408,44,53,0,0,0,0,0,0,0,0,0,0,0,0,0,0,0,0,0,0,0,0,0,0,378,17910,0,0,0,0
68864.948,16005,62,0,0,0,0,0,8,27141,44,53,0,0,0,0,0,0,0,0,0,0,0,0,0,0,0,0,0,0,0,0,0,0,378,16048,0,0,0,0
68881.931,16982,58,0,0,0,0,0,8,27041,44,53,0,0,0,0,0,0,0,0,0,0,0,0,0,0,0,0,0,0,0,0,0,0,366,16066,0,0,0,0
68898.475,16544,60,0,0,0,0,0,8,27051,44,53,0,0,0,0,0,0,0,0,0,0,0,0,0,0,0,0,0,0,0,0,0,0,381,16950,0,0,0,0
68915.394,16918,59,0,0,0,0,0,8,27143,44,53,0,0,0,0,0,0,0,0,0,0,0,0,0,0,0,0,0,0,0,0,0,0,380,16195,0,0,0,0
68931.955,16561,60,0,0,0,0,0,8,27051,44,53,0,0,0,0,0,0,0,0,0,0,0,0,0,0,0,0,0,0,0,0,0,0,381,17039,0,0,0,0
68948.506,16550,60,0,0,0,0,0,8,27542,44,53,0,0,0,0,0,0,0,0,0,0,0,0,0,0,0,0,0,0,0,0,0,0,340,17114,0,0,0,0
68965.341,16835,59,0,0,0,0,0,8,27193,44,53,0,0,0,0,0,0,0,0,0,0,0,0,0,0,0,0,0,0,0,0,0,0,338,16211,0,0,0,0
68982.454,17113,58,0,0,0,0,0,8,27106,44,53,0,0,0,0,0,0,0,0,0,0,0,0,0,0,0,0,0,0,0,0,0,0,363,16302,0,0,0,0
68998.451,15997,62,0,0,0,0,0,8,27192,44,53,0,0,0,0,0,0,0,0,0,0,0,0,0,0,0,0,0,0,0,0,0,0,382,17460,0,0,0,0
69015.598,17147,58,0,0,0,0,0,8,26948,44,53,0,0,0,0,0,0,0,0,0,0,0,0,0,0,0,0,0,0,0,0,0,0,331,16295,0,0,0,0
69031.941,16342,61,0,0,0,0,0,8,26963,44,53,0,0,0,0,0,0,0,0,0,0,0,0,0,0,0,0,0,0,0,0,0,0,355,16576,0,0,0,0
69048.940,16998,58,0,0,0,0,0,8,27626,44,53,0,0,0,0,0,0,0,0,0,0,0,0,0,0,0,0,0,0,0,0,0,0,375,16778,0,0,0,0
69065.399,16458,60,0,0,0,0,0,8,26980,44,53,0,0,0,0,0,0,0,0,0,0,0,0,0,0,0,0,0,0,0,0,0,0,340,17021,0,0,0,0
69081.992,16594,60,0,0,0,0,0,8,28753,44,53,0,0,0,0,0,0,0,0,0,0,0,0,0,0,0,0,0,0,0,0,0,0,360,16162,0,0,0,0
69098.450,16457,60,0,0,0,0,0,8,28610,44,53,0,0,0,0,0,0,0,0,0,0,0,0,0,0,0,0,0,0,0,0,0,0,342,16910,0,0,0,0
69115.933,17482,57,0,0,0,0,0,8,28517,44,53,0,0,0,0,0,0,0,0,0,0,0,0,0,0,0,0,0,0,0,0,0,0,328,16563,0,0,0,0
69132.006,16073,62,0,0,0,0,0,8,28824,44,53,0,0,0,0,0,0,0,0,0,0,0,0,0,0,0,0,0,0,0,0,0,0,362,17070,0,0,0,0
69148.697,16690,59,0,0,0,0,0,8,28655,44,53,0,0,0,0,0,0,0,0,0,0,0,0,0,0,0,0,0,0,0,0,0,0,335,15904,0,0,0,0
69165.277,16580,60,0,0,0,0,0,8,28736,44,53,0,0,0,0,0,0,0,0,0,0,0,0,0,0,0,0,0,0,0,0,0,0,349,16964,0,0,0,0
69181.673,16395,60,0,0,0,0,0,8,28616,44,53,0,0,0,0,0,0,0,0,0,0,0,0,0,0,0,0,0,0,0,0,0,0,344,16219,0,0,0,0
69198.516,16843,59,0,0,0,0,0,8,28685,44,53,0,0,0,0,0,0,0,0,0,0,0,0,0,0,0,0,0,0,0,0,0,0,336,16687,0,0,0,0
69215.929,17413,57,0,0,0,0,0,8,28736,44,53,0,0,0,0,0,0,0,0,0,0,0,0,0,0,0,0,0,0,0,0,0,0,374,17027,0,0,0,0
69232.932,17003,58,0,0,0,0,0,8,29188,44,53,0,0,0,0,0,0,0,0,0,0,0,0,0,0,0,0,0,0,0,0,0,0,358,17246,0,0,0,0
69248.464,15532,64,0,0,0,0,0,8,29119,44,53,0,0,0,0,0,0,0,0,0,0,0,0,0,0,0,0,0,0,0,0,0,0,355,16913,0,0,0,0
69265.242,16778,59,0,0,0,0,0,8,29012,44,53,0,0,0,0,0,0,0,0,0,0,0,0,0,0,0,0,0,0,0,0,0,0,380,15915,0,0,0,0
69282.078,16835,59,0,0,0,0,0,8,29331,44,53,0,0,0,0,0,0,0,0,0,0,0,0,0,0,0,0,0,0,0,0,0,0,357,16183,0,0,0,0
69299.020,16942,59,0,0,0,0,0,8,30003,44,53,0,0,0,0,0,0,0,0,0,0,0,0,0,0,0,0,0,0,0,0,0,0,386,17380,0,0,0,0
69315.945,16924,59,0,0,0,0,0,8,31715,44,53,0,0,0,0,0,0,0,0,0,0,0,0,0,0,0,0,0,0,0,0,0,0,383,16871,0,0,0,0
69331.860,15915,62,0,0,0,1,0,8,31641,44,53,0,0,0,0,0,0,0,0,0,0,0,0,0,0,0,0,0,0,0,0,0,0,400,16915,0,0,0,0
69348.470,16610,60,0,0,0,0,0,8,29893,44,53,0,0,0,0,0,0,0,0,0,0,0,0,0,0,0,0,0,0,0,0,0,0,379,15870,0,0,0,0
69365.453,16982,58,0,0,0,0,0,8,30067,44,53,0,0,0,0,0,0,0,0,0,0,0,0,0,0,0,0,0,0,0,0,0,0,343,16595,0,0,0,0
69382.076,16623,60,0,0,0,0,0,8,30483,44,53,0,0,0,0,0,0,0,0,0,0,0,0,0,0,0,0,0,0,0,0,0,0,341,16707,0,0,0,0
69398.930,16854,59,0,0,0,0,0,8,30515,44,53,0,0,0,0,0,0,0,0,0,0,0,0,0,0,0,0,0,0,0,0,0,0,341,16876,0,0,0,0
69415.441,16510,60,0,0,0,0,0,8,30446,44,53,0,0,0,0,0,0,0,0,0,0,0,0,0,0,0,0,0,0,0,0,0,0,357,15975,0,0,0,0
69431.933,16492,60,0,0,0,0,0,8,30661,44,53,0,0,0,0,0,0,0,0,0,0,0,0,0,0,0,0,0,0,0,0,0,0,372,17347,0,0,0,0
69448.935,17001,58,0,0,0,0,0,8,31050,44,53,0,0,0,0,0,0,0,0,0,0,0,0,0,0,0,0,0,0,0,0,0,0,367,16786,0,0,0,0
69465.068,16134,61,0,0,0,0,0,8,30356,44,53,0,0,0,0,0,0,0,0,0,0,0,0,0,0,0,0,0,0,0,0,0,0,376,16062,0,0,0,0
69481.933,16864,59,0,0,0,0,0,8,30549,44,53,0,0,0,0,0,0,0,0,0,0,0,0,0,0,0,0,0,0,0,0,0,0,349,17226,0,0,0,0
69498.924,16991,58,0,0,0,0,0,8,30318,44,53,0,0,0,0,0,0,0,0,0,0,0,0,0,0,0,0,0,0,0,0,0,0,386,16830,0,0,0,0
69515.925,17000,58,0,0,0,0,0,8,30244,44,53,0,0,0,0,0,0,0,0,0,0,0,0,0,0,0,0,0,0,0,0,0,0,349,15874,0,0,0,0
69532.076,16150,61,0,0,0,0,0,8,30506,44,53,0,0,0,0,0,0,0,0,0,0,0,0,0,0,0,0,0,0,0,0,0,0,357,16530,0,0,0,0
69548.064,15988,62,0,0,0,0,0,8,30726,44,53,0,0,0,0,0,0,0,0,0,0,0,0,0,0,0,0,0,0,0,0,0,0,374,17474,0,0,0,0
69565.440,17377,57,0,0,0,0,0,8,30330,44,53,0,0,0,0,0,0,0,0,0,0,0,0,0,0,0,0,0,0,0,0,0,0,360,16189,0,0,0,0
69581.978,16537,60,0,0,0,0,0,8,30510,44,53,0,0,0,0,0,0,0,0,0,0,0,0,0,0,0,0,0,0,0,0,0,0,348,17205,0,0,0,0
69598.924,16945,59,0,0,0,0,0,8,32604,44,53,0,0,0,0,0,0,0,0,0,0,0,0,0,0,0,0,0,0,0,0,0,0,362,17070,0,0,0,0
69615.450,16526,60,0,0,0,0,0,8,32181,44,53,0,0,0,0,0,0,0,0,0,0,0,0,0,0,0,0,0,0,0,0,0,0,339,15155,0,0,0,0
69632.180,16720,59,0,0,0,0,0,8,32644,44,53,0,0,0,0,0,0,0,0,0,0,0,0,0,0,0,0,0,0,0,0,0,0,334,17806,0,0,0,0
69648.437,16266,61,0,0,0,0,0,8,32728,44,53,0,0,0,0,0,0,0,0,0,0,0,0,0,0,0,0,0,0,0,0,0,0,377,16901,0,0,0,0
69664.951,16514,60,0,0,0,0,0,8,32863,44,53,0,0,0,0,0,0,0,0,0,0,0,0,0,0,0,0,0,0,0,0,0,0,331,16084,0,0,0,0
69682.468,17517,57,0,0,0,0,0,8,33297,44,53,0,0,0,0,0,0,0,0,0,0,0,0,0,0,0,0,0,0,0,0,0,0,340,16144,0,0,0,0
69697.925,15456,64,0,0,0,0,0,8,33459,44,53,0,0,0,0,0,0,0,0,0,0,0,0,0,0,0,0,0,0,0,0,0,0,361,17914,0,0,0,0
69715.068,17143,58,0,0,0,0,0,8,33577,44,53,0,0,0,0,0,0,0,0,0,0,0,0,0,0,0,0,0,0,0,0,0,0,311,14748,0,0,0,0
69731.966,16898,59,0,0,0,0,0,8,33374,44,53,0,0,0,0,0,0,0,0,0,0,0,0,0,0,0,0,0,0,0,0,0,0,370,18031,0,0,0,0
69748.492,16526,60,0,0,0,0,0,8,33085,44,53,0,0,0,0,0,0,0,0,0,0,0,0,0,0,0,0,0,0,0,0,0,0,333,16657,0,0,0,0
69765.583,17090,58,0,0,0,0,0,8,33013,44,53,0,0,0,0,0,0,0,0,0,0,0,0,0,0,0,0,0,0,0,0,0,0,329,16554,0,0,0,0
69782.059,16476,60,0,0,0,0,0,8,33318,44,53,0,0,0,0,0,0,0,0,0,0,0,0,0,0,0,0,0,0,0,0,0,0,347,17019,0,0,0,0
69798.507,16447,60,0,0,0,0,0,8,33091,44,53,0,0,0,0,0,0,0,0,0,0,0,0,0,0,0,0,0,0,0,0,0,0,362,16397,0,0,0,0
69815.262,16755,59,0,0,0,0,0,8,32994,44,53,0,0,0,0,0,0,0,0,0,0,0,0,0,0,0,0,0,0,0,0,0,0,337,16606,0,0,0,0
69832.006,16744,59,0,0,0,0,0,8,32867,44,53,0,0,0,0,0,0,0,0,0,0,0,0,0,0,0,0,0,0,0,0,0,0,355,16281,0,0,0,0
69848.925,16918,59,0,0,0,0,0,8,33225,44,53,0,0,0,0,0,0,0,0,0,0,0,0,0,0,0,0,0,0,0,0,0,0,362,17137,0,0,0,0
69865.250,16325,61,0,0,0,0,0,8,32849,44,53,0,0,0,0,0,0,0,0,0,0,0,0,0,0,0,0,0,0,0,0,0,0,351,16841,0,0,0,0
69881.928,16677,59,0,0,0,0,0,8,32728,44,53,0,0,0,0,0,0,0,0,0,0,0,0,0,0,0,0,0,0,0,0,0,0,362,16153,0,0,0,0
69898.122,16194,61,0,0,0,0,0,8,32430,44,53,0,0,0,0,0,0,0,0,0,0,0,0,0,0,0,0,0,0,0,0,0,0,354,16002,0,0,0,0
69915.053,16920,59,0,0,0,0,0,8,32209,44,53,0,0,0,0,0,0,0,0,0,0,0,0,0,0,0,0,0,0,0,0,0,0,399,17008,0,0,0,0
69932.058,17015,58,0,0,0,0,0,8,34020,44,53,0,0,0,0,0,0,0,0,0,0,0,0,0,0,0,0,0,0,0,0,0,0,351,17070,0,0,0,0
69948.941,16882,59,0,0,0,0,0,8,33785,44,53,0,0,0,0,0,0,0,0,0,0,0,0,0,0,0,0,0,0,0,0,0,0,393,16760,0,0,0,0
69965.346,16405,60,0,0,0,0,0,8,33419,44,53,0,0,0,0,0,0,0,0,0,0,0,0,0,0,0,0,0,0,0,0,0,0,357,17357,0,0,0,0
69982.067,16720,59,0,0,0,0,0,8,33221,44,53,0,0,0,0,0,0,0,0,0,0,0,0,0,0,0,0,0,0,0,0,0,0,366,15912,0,0,0,0
69998.923,16855,59,0,0,0,0,0,8,33238,44,53,0,0,0,0,0,0,0,0,0,0,0,0,0,0,0,0,0,0,0,0,0,0,354,16956,0,0,0,0
70015.045,16121,62,0,0,0,0,0,8,32825,44,53,0,0,0,0,0,0,0,0,0,0,0,0,0,0,0,0,0,0,0,0,0,0,359,15901,0,0,0,0
70032.212,17167,58,0,0,0,0,0,8,32970,44,53,0,0,0,0,0,0,0,0,0,0,0,0,0,0,0,0,0,0,0,0,0,0,365,17129,0,0,0,0
70048.439,16227,61,0,0,0,0,0,8,33150,44,53,0,0,0,0,0,0,0,0,0,0,0,0,0,0,0,0,0,0,0,0,0,0,348,17117,0,0,0,0
70065.067,16627,60,0,0,0,0,0,8,32660,44,53,0,0,0,0,0,0,0,0,0,0,0,0,0,0,0,0,0,0,0,0,0,0,381,16274,0,0,0,0
70082.056,16989,58,0,0,0,0,0,8,32893,44,53,0,0,0,0,0,0,0,0,0,0,0,0,0,0,0,0,0,0,0,0,0,0,343,16736,0,0,0,0
70098.926,16870,59,0,0,0,0,0,8,32811,44,53,0,0,0,0,0,0,0,0,0,0,0,0,0,0,0,0,0,0,0,0,0,0,366,17107,0,0,0,0
70115.291,16364,61,0,0,0,0,0,8,32978,44,53,0,0,0,0,0,0,0,0,0,0,0,0,0,0,0,0,0,0,0,0,0,0,348,15663,0,0,0,0
70131.806,16515,60,0,0,0,0,0,8,32366,44,53,0,0,0,0,0,0,0,0,0,0,0,0,0,0,0,0,0,0,0,0,0,0,365,17049,0,0,0,0
70148.593,16786,59,0,0,0,0,0,8,32070,44,53,0,0,0,0,0,0,0,0,0,0,0,0,0,0,0,0,0,0,0,0,0,0,351,16646,0,0,0,0
70165.920,17327,57,0,0,0,0,0,8,31924,44,53,0,0,0,0,0,0,0,0,0,0,0,0,0,0,0,0,0,0,0,0,0,0,358,16813,0,0,0,0
70181.927,16007,62,0,0,0,0,0,8,32202,44,53,0,0,0,0,0,0,0,0,0,0,0,0,0,0,0,0,0,0,0,0,0,0,367,17670,0,0,0,0
70198.377,16450,60,0,0,0,0,0,8,30368,44,53,0,0,0,0,0,0,0,0,0,0,0,0,0,0,0,0,0,0,0,0,0,0,339,14789,0,0,0,0
70215.441,17064,58,0,0,0,0,0,8,30208,44,53,0,0,0,0,0,0,0,0,0,0,0,0,0,0,0,0,0,0,0,0,0,0,348,17362,0,0,0,0
70232.107,16666,60,0,0,0,0,0,8,30178,44,53,0,0,0,0,0,0,0,0,0,0,0,0,0,0,0,0,0,0,0,0,0,0,345,17389,0,0,0,0
70248.918,16810,59,0,0,0,0,0,8,29890,44,53,0,0,0,0,0,0,0,0,0,0,0,0,0,0,0,0,0,0,0,0,0,0,348,16384,0,0,0,0
70265.507,16589,60,0,0,0,0,0,8,29486,44,53,0,0,0,0,0,0,0,0,0,0,0,0,0,0,0,0,0,0,0,0,0,0,348,15973,0,0,0,0
70282.096,16588,60,0,0,0,0,0,8,29636,44,53,0,0,0,0,0,0,0,0,0,0,0,0,0,0,0,0,0,0,0,0,0,0,351,17169,0,0,0,0
70298.461,16365,61,0,0,0,0,0,8,29174,44,53,0,0,0,0,0,0,0,0,0,0,0,0,0,0,0,0,0,0,0,0,0,0,375,16488,0,0,0,0
70315.587,17126,58,0,0,0,0,0,8,28877,44,53,0,0,0,0,0,0,0,0,0,0,0,0,0,0,0,0,0,0,0,0,0,0,350,16720,0,0,0,0
70332.439,16851,59,0,0,0,0,0,8,28832,44,53,0,0,0,0,0,0,0,0,0,0,0,0,0,0,0,0,0,0,0,0,0,0,366,17051,0,0,0,0
70348.677,16238,61,0,0,0,0,0,8,28727,44,53,0,0,0,0,0,0,0,0,0,0,0,0,0,0,0,0,0,0,0,0,0,0,409,17206,0,0,0,0
70365.093,16416,60,0,0,0,0,0,8,29812,44,53,0,0,0,0,0,0,0,0,0,0,0,0,0,0,0,0,0,0,0,0,0,0,376,16209,0,0,0,0
70381.649,16555,60,0,0,0,0,0,8,29379,44,53,0,0,0,0,0,0,0,0,0,0,0,0,0,0,0,0,0,0,0,0,0,0,371,15869,0,0,0,0
70398.932,17283,57,0,0,0,0,0,8,29601,44,53,0,0,0,0,0,0,0,0,0,0,0,0,0,0,0,0,0,0,0,0,0,0,364,17084,0,0,0,0
70415.343,16411,60,0,0,0,0,0,8,28599,44,53,0,0,0,0,0,0,0,0,0,0,0,0,0,0,0,0,0,0,0,0,0,0,343,17082,0,0,0,0
70432.441,17097,58,0,0,0,0,0,8,31457,44,53,0,0,0,0,0,0,0,0,0,0,0,0,0,0,0,0,0,0,0,0,0,0,364,16189,0,0,0,0
70448.923,16482,60,0,0,0,0,0,8,30469,44,53,0,0,0,0,0,0,0,0,0,0,0,0,0,0,0,0,0,0,0,0,0,0,370,16917,0,0,0,0
70465.386,16462,60,0,0,0,0,0,8,30982,44,53,0,0,0,0,0,0,0,0,0,0,0,0,0,0,0,0,0,0,0,0,0,0,357,16987,0,0,0,0
70482.157,16770,59,0,0,0,0,0,8,30106,44,53,0,0,0,0,0,0,0,0,0,0,0,0,0,0,0,0,0,0,0,0,0,0,369,15915,0,0,0,0
70498.923,16766,59,0,0,0,0,0,8,29974,44,53,0,0,0,0,0,0,0,0,0,0,0,0,0,0,0,0,0,0,0,0,0,0,365,16586,0,0,0,0
70515.926,17003,58,0,0,0,0,0,8,29807,44,53,0,0,0,0,0,0,0,0,0,0,0,0,0,0,0,0,0,0,0,0,0,0,367,16322,0,0,0,0
70532.083,16157,61,0,0,0,0,0,8,29910,44,53,0,0,0,0,0,0,0,0,0,0,0,0,0,0,0,0,0,0,0,0,0,0,380,18073,0,0,0,0
70548.724,16640,60,0,0,0,0,0,8,29718,44,53,0,0,0,0,0,0,0,0,0,0,0,0,0,0,0,0,0,0,0,0,0,0,337,15670,0,0,0,0
70565.450,16725,59,0,0,0,0,0,8,29531,44,53,0,0,0,0,0,0,0,0,0,0,0,0,0,0,0,0,0,0,0,0,0,0,358,16883,0,0,0,0
70582.023,16574,60,0,0,0,0,0,8,29533,44,53,0,0,0,0,0,0,0,0,0,0,0,0,0,0,0,0,0,0,0,0,0,0,321,16598,0,0,0,0
70598.479,16456,60,0,0,0,0,0,8,29450,44,53,0,0,0,0,0,0,0,0,0,0,0,0,0,0,0,0,0,0,0,0,0,0,352,16534,0,0,0,0
70615.922,17442,57,0,0,0,0,0,8,29439,44,53,0,0,0,0,0,0,0,0,0,0,0,0,0,0,0,0,0,0,0,0,0,0,341,16795,0,0,0,0
70631.935,16012,62,0,0,0,0,0,8,29481,44,53,0,0,0,0,0,0,0,0,0,0,0,0,0,0,0,0,0,0,0,0,0,0,361,17572,0,0,0,0
70648.711,16776,59,0,0,0,0,0,8,29466,44,53,0,0,0,0,0,0,0,0,0,0,0,0,0,0,0,0,0,0,0,0,0,0,344,15817,0,0,0,0
70665.056,16345,61,0,0,0,0,0,8,29255,44,53,0,0,0,0,0,0,0,0,0,0,0,0,0,0,0,0,0,0,0,0,0,0,346,16855,0,0,0,0
70682.444,17388,57,0,0,0,0,0,8,29465,44,53,0,0,0,0,0,0,0,0,0,0,0,0,0,0,0,0,0,0,0,0,0,0,357,16474,0,0,0,0
70698.602,16157,61,0,0,0,0,0,8,27866,44,53,0,0,0,0,0,0,0,0,0,0,0,0,0,0,0,0,0,0,0,0,0,0,363,17126,0,0,0,0
70715.185,16582,60,0,0,0,0,0,8,27459,44,53,0,0,0,0,0,0,0,0,0,0,0,0,0,0,0,0,0,0,0,0,0,0,382,16055,0,0,0,0
70732.050,16866,59,0,0,0,0,0,8,27569,44,53,0,0,0,0,0,0,0,0,0,0,0,0,0,0,0,0,0,0,0,0,0,0,354,16611,0,0,0,0
70748.537,16486,60,0,0,0,0,0,8,27588,44,53,0,0,0,0,0,0,0,0,0,0,0,0,0,0,0,0,0,0,0,0,0,0,351,17223,0,0,0,0
70765.060,16522,60,0,0,0,0,0,8,27352,44,53,0,0,0,0,0,0,0,0,0,0,0,0,0,0,0,0,0,0,0,0,0,0,356,16189,0,0,0,0
70782.682,17622,56,0,0,0,0,0,8,27542,44,53,0,0,0,0,0,0,0,0,0,0,0,0,0,0,0,0,0,0,0,0,0,0,392,17153,0,0,0,0
70798.841,16159,61,0,0,0,0,0,8,27448,44,53,0,0,0,0,0,0,0,0,0,0,0,0,0,0,0,0,0,0,0,0,0,0,371,17007,0,0,0,0
70815.427,16586,60,0,0,0,0,0,8,27232,44,53,0,0,0,0,0,0,0,0,0,0,0,0,0,0,0,0,0,0,0,0,0,0,343,15068,0,0,0,0
70832.373,16946,59,0,0,0,0,0,8,27407,44,53,0,0,0,0,0,0,0,0,0,0,0,0,0,0,0,0,0,0,0,0,0,0,363,17869,0,0,0,0
70848.011,15637,63,0,0,0,0,0,8,27290,44,53,0,0,0,0,0,0,0,0,0,0,0,0,0,0,0,0,0,0,0,0,0,0,369,16821,0,0,0,0
70865.920,17909,55,0,0,0,0,0,8,28265,44,53,0,0,0,0,0,0,0,0,0,0,0,0,0,0,0,0,0,0,0,0,0,0,375,15663,0,0,0,0
70882.456,16536,60,0,0,0,0,0,8,27443,44,53,0,0,0,0,0,0,0,0,0,0,0,0,0,0,0,0,0,0,0,0,0,0,372,17818,0,0,0,0
70898.014,15557,64,0,0,0,0,0,8,28221,44,53,0,0,0,0,0,0,0,0,0,0,0,0,0,0,0,0,0,0,0,0,0,0,366,16258,0,0,0,0
70915.924,17909,55,0,0,0,0,0,8,27718,44,53,0,0,0,0,0,0,0,0,0,0,0,0,0,0,0,0,0,0,0,0,0,0,347,15989,0,0,0,0
70931.970,16046,62,0,0,0,0,0,8,27369,44,53,0,0,0,0,0,0,0,0,0,0,0,0,0,0,0,0,0,0,0,0,0,0,397,17880,0,0,0,0
70948.921,16951,58,0,0,0,0,0,8,28333,44,53,0,0,0,0,0,0,0,0,0,0,0,0,0,0,0,0,0,0,0,0,0,0,352,16009,0,0,0,0
70965.434,16512,60,0,0,0,0,0,8,27299,44,53,0,0,0,0,0,0,0,0,0,0,0,0,0,0,0,0,0,0,0,0,0,0,351,16994,0,0,0,0
70981.462,16027,62,0,0,0,0,0,8,29609,44,53,0,0,0,0,0,0,0,0,0,0,0,0,0,0,0,0,0,0,0,0,0,0,358,16762,0,0,0,0
70998.482,17020,58,0,0,0,0,0,8,27767,44,53,0,0,0,0,0,0,0,0,0,0,0,0,0,0,0,0,0,0,0,0,0,0,373,15289,0,0,0,0
71014.697,16215,61,0,0,0,0,0,8,27467,44,53,0,0,0,0,0,0,0,0,0,0,0,0,0,0,0,0,0,0,0,0,0,0,333,17638,0,0,0,0
71032.439,17741,56,0,0,0,0,0,8,27586,44,53,0,0,0,0,0,0,0,0,0,0,0,0,0,0,0,0,0,0,0,0,0,0,377,16118,0,0,0,0
71048.910,16471,60,0,0,0,0,0,8,27627,44,53,0,0,0,0,0,0,0,0,0,0,0,0,0,0,0,0,0,0,0,0,0,0,364,17485,0,0,0,0
71065.360,16449,60,0,0,0,0,0,8,27368,44,53,0,0,0,0,0,0,0,0,0,0,0,0,0,0,0,0,0,0,0,0,0,0,355,16713,0,0,0,0
71082.074,16713,59,0,0,0,0,0,8,27436,44,53,0,0,0,0,0,0,0,0,0,0,0,0,0,0,0,0,0,0,0,0,0,0,357,16087,0,0,0,0
71098.451,16377,61,0,0,0,0,0,8,27468,44,53,0,0,0,0,0,0,0,0,0,0,0,0,0,0,0,0,0,0,0,0,0,0,360,17113,0,0,0,0
71115.910,17458,57,0,0,0,0,0,8,27313,44,53,0,0,0,0,0,0,0,0,0,0,0,0,0,0,0,0,0,0,0,0,0,0,332,16052,0,0,0,0
71131.916,16005,62,0,0,0,0,0,8,27362,44,53,0,0,0,0,0,0,0,0,0,0,0,0,0,0,0,0,0,0,0,0,0,0,340,17914,0,0,0,0
71148.420,16504,60,0,0,0,0,0,8,28784,44,53,0,0,0,0,0,0,0,0,0,0,0,0,0,0,0,0,0,0,0,0,0,0,341,16244,0,0,0,0
71165.058,16638,60,0,0,0,0,0,8,28621,44,53,0,0,0,0,0,0,0,0,0,0,0,0,0,0,0,0,0,0,0,0,0,0,360,16026,0,0,0,0
71182.912,17853,56,0,0,0,0,0,8,27134,44,53,0,0,0,0,0,0,0,0,0,0,0,0,0,0,0,0,0,0,0,0,0,0,376,16747,0,0,0,0
71198.456,15544,64,0,0,0,0,0,8,27929,44,53,0,0,0,0,0,0,0,0,0,0,0,0,0,0,0,0,0,0,0,0,0,0,361,17972,0,0,0,0
71215.208,16752,59,0,0,0,0,0,8,27925,44,53,0,0,0,0,0,0,0,0,0,0,0,0,0,0,0,0,0,0,0,0,0,0,339,15512,0,0,0,0
71232.050,16841,59,0,0,0,0,0,8,28801,44,53,0,0,0,0,0,0,0,0,0,0,0,0,0,0,0,0,0,0,0,0,0,0,349,16944,0,0,0,0
71248.912,16862,59,0,0,0,0,0,8,27139,44,53,0,0,0,0,0,0,0,0,0,0,0,0,0,0,0,0,0,0,0,0,0,0,353,16627,0,0,0,0
71265.305,16392,61,0,0,0,0,0,8,26784,44,53,0,0,0,0,0,0,0,0,0,0,0,0,0,0,0,0,0,0,0,0,0,0,371,16844,0,0,0,0
71282.091,16786,59,0,0,0,0,0,8,27033,44,53,0,0,0,0,0,0,0,0,0,0,0,0,0,0,0,0,0,0,0,0,0,0,336,16170,0,0,0,0
71298.920,16828,59,0,0,0,0,0,8,27211,44,53,0,0,0,0,0,0,0,0,0,0,0,0,0,0,0,0,0,0,0,0,0,0,347,17270,0,0,0,0
71315.420,16500,60,0,0,0,0,0,8,26969,44,53,0,0,0,0,0,0,0,0,0,0,0,0,0,0,0,0,0,0,0,0,0,0,341,15338,0,0,0,0
71331.994,16574,60,0,0,0,0,0,8,27168,44,53,0,0,0,0,0,0,0,0,0,0,0,0,0,0,0,0,0,0,0,0,0,0,348,17811,0,0,0,0
71348.443,16449,60,0,0,0,0,0,8,26849,44,53,0,0,0,0,0,0,0,0,0,0,0,0,0,0,0,0,0,0,0,0,0,0,348,16300,0,0,0,0
71365.081,16637,60,0,0,0,0,0,8,26769,44,53,0,0,0,0,0,0,0,0,0,0,0,0,0,0,0,0,0,0,0,0,0,0,339,16271,0,0,0,0
71381.949,16867,59,0,0,0,0,0,8,26769,44,53,0,0,0,0,0,0,0,0,0,0,0,0,0,0,0,0,0,0,0,0,0,0,388,16900,0,0,0,0
71398.474,16525,60,0,0,0,0,0,8,26727,44,53,0,0,0,0,0,0,0,0,0,0,0,0,0,0,0,0,0,0,0,0,0,0,354,16798,0,0,0,0
71415.425,16951,58,0,0,0,0,0,8,28274,44,53,0,0,0,0,0,0,0,0,0,0,0,0,0,0,0,0,0,0,0,0,0,0,348,16714,0,0,0,0
71432.394,16969,58,0,0,0,0,0,8,28300,44,53,0,0,0,0,0,0,0,0,0,0,0,0,0,0,0,0,0,0,0,0,0,0,344,16841,0,0,0,0
71448.913,16518,60,0,0,0,0,0,8,28427,44,53,0,0,0,0,0,0,0,0,0,0,0,0,0,0,0,0,0,0,0,0,0,0,351,16638,0,0,0,0
71465.323,16410,60,0,0,0,0,0,8,28172,44,53,0,0,0,0,0,0,0,0,0,0,0,0,0,0,0,0,0,0,0,0,0,0,395,16551,0,0,0,0
71482.054,16731,59,0,0,0,0,0,8,28089,44,53,0,0,0,0,0,0,0,0,0,0,0,0,0,0,0,0,0,0,0,0,0,0,371,16449,0,0,0,0
71498.458,16403,60,0,0,0,0,0,8,28492,44,53,0,0,0,0,0,0,0,0,0,0,0,0,0,0,0,0,0,0,0,0,0,0,361,16975,0,0,0,0
71515.922,17463,57,0,0,0,0,0,8,28411,44,53,0,0,0,0,0,0,0,0,0,0,0,0,0,0,0,0,0,0,0,0,0,0,341,16580,0,0,0,0
71531.844,15922,62,0,0,0,0,0,8,28867,44,53,0,0,0,0,0,0,0,0,0,0,0,0,0,0,0,0,0,0,0,0,0,0,371,17471,0,0,0,0
71548.205,16360,61,0,0,0,0,0,8,28574,44,53,0,0,0,0,0,0,0,0,0,0,0,0,0,0,0,0,0,0,0,0,0,0,392,16079,0,0,0,0
71565.293,17088,58,0,0,0,0,0,8,28596,44,53,0,0,0,0,0,0,0,0,0,0,0,0,0,0,0,0,0,0,0,0,0,0,352,15713,0,0,0,0
71582.157,16863,59,0,0,0,0,0,8,28972,44,53,0,0,0,0,0,0,0,0,0,0,0,0,0,0,0,0,0,0,0,0,0,0,387,17306,0,0,0,0
71598.532,16375,61,0,0,0,0,0,8,29006,44,53,0,0,0,0,0,0,0,0,0,0,0,0,0,0,0,0,0,0,0,0,0,0,364,16852,0,0,0,0
71615.287,16755,59,0,0,0,0,0,8,29081,44,53,0,0,0,0,0,0,0,0,0,0,0,0,0,0,0,0,0,0,0,0,0,0,352,16578,0,0,0,0
71632.039,16751,59,0,0,0,0,0,8,29210,44,53,0,0,0,0,0,0,0,0,0,0,0,0,0,0,0,0,0,0,0,0,0,0,377,16655,0,0,0,0
71648.920,16881,59,0,0,0,0,0,8,29731,44,53,0,0,0,0,0,0,0,0,0,0,0,0,0,0,0,0,0,0,0,0,0,0,365,17018,0,0,0,0
71665.418,16498,60,0,0,0,0,0,8,28980,44,53,0,0,0,0,0,0,0,0,0,0,0,0,0,0,0,0,0,0,0,0,0,0,332,15976,0,0,0,0
71682.114,16696,59,0,0,0,0,0,8,27567,44,53,0,0,0,0,0,0,0,0,0,0,0,0,0,0,0,0,0,0,0,0,0,0,342,17207,0,0,0,0
71698.922,16807,59,0,0,0,0,0,8,27756,44,53,0,0,0,0,0,0,0,0,0,0,0,0,0,0,0,0,0,0,0,0,0,0,359,16546,0,0,0,0
71715.276,16354,61,0,0,0,0,0,8,27533,44,53,0,0,0,0,0,0,0,0,0,0,0,0,0,0,0,0,0,0,0,0,0,0,355,15718,0,0,0,0
71732.438,17161,58,0,0,0,0,0,8,27653,44,53,0,0,0,0,0,0,0,0,0,0,0,0,0,0,0,0,0,0,0,0,0,0,356,17597,0,0,0,0
71748.909,16471,60,0,0,0,0,0,8,27662,44,53,0,0,0,0,0,0,0,0,0,0,0,0,0,0,0,0,0,0,0,0,0,0,371,16931,0,0,0,0
71765.559,16649,60,0,0,0,0,0,8,27604,44,53,0,0,0,0,0,0,0,0,0,0,0,0,0,0,0,0,0,0,0,0,0,0,389,17000,0,0,0,0
71782.062,16502,60,0,0,0,0,0,8,27954,44,53,0,0,0,0,0,0,0,0,0,0,0,0,0,0,0,0,0,0,0,0,0,0,342,16428,0,0,0,0
71798.435,16373,61,0,0,0,0,0,8,28058,44,53,0,0,0,0,0,0,0,0,0,0,0,0,0,0,0,0,0,0,0,0,0,0,356,16721,0,0,0,0
71815.418,16983,58,0,0,0,0,0,8,28007,44,53,0,0,0,0,0,0,0,0,0,0,0,0,0,0,0,0,0,0,0,0,0,0,387,16363,0,0,0,0
71832.203,16784,59,0,0,0,0,0,8,27999,44,53,0,0,0,0,0,0,0,0,0,0,0,0,0,0,0,0,0,0,0,0,0,0,342,16847,0,0,0,0
71848.425,16222,61,0,0,0,0,0,8,28033,44,53,0,0,0,0,0,0,0,0,0,0,0,0,0,0,0,0,0,0,0,0,0,0,370,16332,0,0,0,0
71865.218,16793,59,0,0,0,0,0,8,28438,44,53,0,0,0,0,0,0,0,0,0,0,0,0,0,0,0,0,0,0,0,0,0,0,372,16921,0,0,0,0
71882.038,16809,59,0,0,0,0,0,8,28342,44,53,0,0,0,0,0,0,0,0,0,0,0,0,0,0,0,0,0,0,0,0,0,0,356,16180,0,0,0,0
71898.412,16383,61,0,0,0,0,0,8,28059,44,53,0,0,0,0,0,0,0,0,0,0,0,0,0,0,0,0,0,0,0,0,0,0,380,17336,0,0,0,0
71915.391,16979,58,0,0,0,0,0,8,27962,44,53,0,0,0,0,0,0,0,0,0,0,0,0,0,0,0,0,0,0,0,0,0,0,353,16335,0,0,0,0
71931.912,16520,60,0,0,0,0,0,8,28270,44,53,0,0,0,0,0,0,0,0,0,0,0,0,0,0,0,0,0,0,0,0,0,0,353,16354,0,0,0,0
71948.428,16516,60,0,0,0,0,0,8,28401,44,53,0,0,0,0,0,0,0,0,0,0,0,0,0,0,0,0,0,0,0,0,0,0,362,16221,0,0,0,0
71965.164,16736,59,0,0,0,0,0,8,28521,44,53,0,0,0,0,0,0,0,0,0,0,0,0,0,0,0,0,0,0,0,0,0,0,345,17523,0,0,0,0
71981.972,16807,59,0,0,0,0,0,8,28246,44,53,0,0,0,0,0,0,0,0,0,0,0,0,0,0,0,0,0,0,0,0,0,0,340,16328,0,0,0,0
71998.477,16504,60,0,0,0,0,0,8,28275,44,53,0,0,0,0,0,0,0,0,0,0,0,0,0,0,0,0,0,0,0,0,0,0,353,16924,0,0,0,0
72015.900,17423,57,0,0,0,0,0,8,27927,44,53,0,0,0,0,0,0,0,0,0,0,0,0,0,0,0,0,0,0,0,0,0,0,352,16611,0,0,0,0
72031.947,16046,62,0,0,0,0,0,8,28235,44,53,0,0,0,0,0,0,0,0,0,0,0,0,0,0,0,0,0,0,0,0,0,0,351,17184,0,0,0,0
72048.902,16955,58,0,0,0,0,0,8,27931,44,53,0,0,0,0,0,0,0,0,0,0,0,0,0,0,0,0,0,0,0,0,0,0,344,16158,0,0,0,0
72065.246,16343,61,0,0,0,0,0,8,27781,44,53,0,0,0,0,0,0,0,0,0,0,0,0,0,0,0,0,0,0,0,0,0,0,364,16083,0,0,0,0
72082.125,16879,59,0,0,0,0,0,8,28009,44,53,0,0,0,0,0,0,0,0,0,0,0,0,0,0,0,0,0,0,0,0,0,0,350,17142,0,0,0,0
72098.588,16462,60,0,0,0,0,0,8,27939,44,53,0,0,0,0,0,0,0,0,0,0,0,0,0,0,0,0,0,0,0,0,0,0,372,16837,0,0,0,0
72115.596,17008,58,0,0,0,0,0,8,30053,44,53,0,0,0,0,0,0,0,0,0,0,0,0,0,0,0,0,0,0,0,0,0,0,358,16324,0,0,0,0
72132.005,16408,60,0,0,0,0,0,8,29832,44,53,0,0,0,0,0,0,0,0,0,0,0,0,0,0,0,0,0,0,0,0,0,0,379,18241,0,0,0,0
72148.587,16582,60,0,0,0,0,0,8,29449,44,53,0,0,0,0,0,0,0,0,0,0,0,0,0,0,0,0,0,0,0,0,0,0,356,15197,0,0,0,0
72165.014,16427,60,0,0,0,0,0,8,29805,44,53,0,0,0,0,0,0,0,0,0,0,0,0,0,0,0,0,0,0,0,0,0,0,350,16461,0,0,0,0
72181.763,16748,59,0,0,0,0,0,8,29510,44,53,0,0,0,0,0,0,0,0,0,0,0,0,0,0,0,0,0,0,0,0,0,0,348,16274,0,0,0,0
72198.322,16558,60,0,0,0,0,0,8,29480,44,53,0,0,0,0,0,0,0,0,0,0,0,0,0,0,0,0,0,0,0,0,0,0,370,17336,0,0,0,0
72215.564,17242,57,0,0,0,0,0,8,29259,44,53,0,0,0,0,0,0,0,0,0,0,0,0,0,0,0,0,0,0,0,0,0,0,358,16303,0,0,0,0
72231.898,16333,61,0,0,0,0,0,8,29515,44,53,0,0,0,0,0,0,0,0,0,0,0,0,0,0,0,0,0,0,0,0,0,0,371,17318,0,0,0,0
72248.904,17006,58,0,0,0,0,0,8,29713,44,53,0,0,0,0,0,0,0,0,0,0,0,0,0,0,0,0,0,0,0,0,0,0,337,16445,0,0,0,0
72265.219,16314,61,0,0,0,0,0,8,29587,44,53,0,0,0,0,0,0,0,0,0,0,0,0,0,0,0,0,0,0,0,0,0,0,347,16084,0,0,0,0
72282.227,17008,58,0,0,0,0,0,8,29852,44,53,0,0,0,0,0,0,0,0,0,0,0,0,0,0,0,0,0,0,0,0,0,0,357,16877,0,0,0,0
72298.905,16678,59,0,0,0,0,0,8,30522,44,53,0,0,0,0,0,0,0,0,0,0,0,0,0,0,0,0,0,0,0,0,0,0,366,17063,0,0,0,0
72315.907,17002,58,0,0,0,0,0,8,30326,44,53,0,0,0,0,0,0,0,0,0,0,0,0,0,0,0,0,0,0,0,0,0,0,350,15604,0,0,0,0
72332.056,16149,61,0,0,0,0,0,8,30550,44,53,0,0,0,0,0,0,0,0,0,0,0,0,0,0,0,0,0,0,0,0,0,0,376,18223,0,0,0,0
72348.595,16539,60,0,0,0,0,0,8,30401,44,53,0,0,0,0,0,0,0,0,0,0,0,0,0,0,0,0,0,0,0,0,0,0,363,16815,0,0,0,0
72365.928,17332,57,0,0,0,0,0,8,30103,44,53,0,0,0,0,0,0,0,0,0,0,0,0,0,0,0,0,0,0,0,0,0,0,372,15626,0,0,0,0
72381.684,15756,63,0,0,0,0,0,8,29913,44,53,0,0,0,0,0,0,0,0,0,0,0,0,0,0,0,0,0,0,0,0,0,0,379,17755,0,0,0,0
72398.427,16743,59,0,0,0,0,0,8,28057,44,53,0,0,0,0,0,0,0,0,0,0,0,0,0,0,0,0,0,0,0,0,0,0,339,15462,0,0,0,0
72415.900,17472,57,0,0,0,0,0,8,28115,44,53,0,0,0,0,0,0,0,0,0,0,0,0,0,0,0,0,0,0,0,0,0,0,373,17070,0,0,0,0
72432.430,16530,60,0,0,0,0,0,8,28056,44,53,0,0,0,0,0,0,0,0,0,0,0,0,0,0,0,0,0,0,0,0,0,0,358,17520,0,0,0,0
72448.416,15986,62,0,0,0,0,0,8,28089,44,53,0,0,0,0,0,0,0,0,0,0,0,0,0,0,0,0,0,0,0,0,0,0,364,16112,0,0,0,0
72465.419,17003,58,0,0,0,0,0,8,27750,44,53,0,0,0,0,0,0,0,0,0,0,0,0,0,0,0,0,0,0,0,0,0,0,372,16456,0,0,0,0
72482.030,16610,60,0,0,0,0,0,8,27933,44,53,0,0,0,0,0,0,0,0,0,0,0,0,0,0,0,0,0,0,0,0,0,0,326,16622,0,0,0,0
72498.897,16866,59,0,0,0,0,0,8,27848,44,53,0,0,0,0,0,0,0,0,0,0,0,0,0,0,0,0,0,0,0,0,0,0,375,16768,0,0,0,0
72515.417,16520,60,0,0,0,0,0,8,27579,44,53,0,0,0,0,0,0,0,0,0,0,0,0,0,0,0,0,0,0,0,0,0,0,386,16812,0,0,0,0
72532.411,16993,58,0,0,0,0,0,8,27669,44,53,0,0,0,0,0,0,0,0,0,0,0,0,0,0,0,0,0,0,0,0,0,0,339,16116,0,0,0,0
72548.898,16486,60,0,0,0,0,0,8,27662,44,53,0,0,0,0,0,0,0,0,0,0,0,0,0,0,0,0,0,0,0,0,0,0,380,17215,0,0,0,0
72565.434,16536,60,0,0,0,0,0,8,27279,44,53,0,0,0,0,0,0,0,0,0,0,0,0,0,0,0,0,0,0,0,0,0,0,366,15595,0,0,0,0
72581.803,16369,61,0,0,0,0,0,8,27497,44,53,0,0,0,0,0,0,0,0,0,0,0,0,0,0,0,0,0,0,0,0,0,0,346,17644,0,0,0,0
72598.897,17093,58,0,0,0,0,0,8,27498,44,53,0,0,0,0,0,0,0,0,0,0,0,0,0,0,0,0,0,0,0,0,0,0,375,16347,0,0,0,0
72615.898,17001,58,0,0,0,0,0,8,27574,44,53,0,0,0,0,0,0,0,0,0,0,0,0,0,0,0,0,0,0,0,0,0,0,357,17049,0,0,0,0
72631.899,16001,62,0,0,0,0,0,8,27396,44,53,0,0,0,0,0,0,0,0,0,0,0,0,0,0,0,0,0,0,0,0,0,0,375,17052,0,0,0,0
72648.446,16546,60,0,0,0,0,0,8,27306,44,53,0,0,0,0,0,0,0,0,0,0,0,0,0,0,0,0,0,0,0,0,0,0,365,15976,0,0,0,0
72665.908,17462,57,0,0,0,0,0,8,26704,44,53,0,0,0,0,0,0,0,0,0,0,0,0,0,0,0,0,0,0,0,0,0,0,333,16404,0,0,0,0
72681.896,15987,62,0,0,0,0,0,8,27069,44,53,0,0,0,0,0,0,0,0,0,0,0,0,0,0,0,0,0,0,0,0,0,0,351,17611,0,0,0,0
72698.892,16995,58,0,0,0,0,0,8,26996,44,53,0,0,0,0,0,0,0,0,0,0,0,0,0,0,0,0,0,0,0,0,0,0,374,15891,0,0,0,0
72715.324,16432,60,0,0,0,0,0,8,28519,44,53,0,0,0,0,0,0,0,0,0,0,0,0,0,0,0,0,0,0,0,0,0,0,331,16890,0,0,0,0
72732.039,16714,59,0,0,0,0,0,8,28529,44,53,0,0,0,0,0,0,0,0,0,0,0,0,0,0,0,0,0,0,0,0,0,0,349,16352,0,0,0,0
72748.775,16736,59,0,0,0,0,0,8,28574,44,53,0,0,0,0,0,0,0,0,0,0,0,0,0,0,0,0,0,0,0,0,0,0,372,16904,0,0,0,0
72765.407,16631,60,0,0,0,0,0,8,28229,44,53,0,0,0,0,0,0,0,0,0,0,0,0,0,0,0,0,0,0,0,0,0,0,378,16221,0,0,0,0
72781.983,16576,60,0,0,0,0,0,8,28431,44,53,0,0,0,0,0,0,0,0,0,0,0,0,0,0,0,0,0,0,0,0,0,0,363,17023,0,0,0,0
72798.139,16155,61,0,0,0,0,0,8,28472,44,53,0,0,0,0,0,0,0,0,0,0,0,0,0,0,0,0,0,0,0,0,0,0,370,16734,0,0,0,0
72815.406,17267,57,0,0,0,0,0,8,28374,44,53,0,0,0,0,0,0,0,0,0,0,0,0,0,0,0,0,0,0,0,0,0,0,382,16049,0,0,0,0
72831.715,16308,61,0,0,0,0,0,8,28344,44,53,0,0,0,0,0,0,0,0,0,0,0,0,0,0,0,0,0,0,0,0,0,0,357,17215,0,0,0,0
72848.904,17189,58,0,0,0,0,0,8,27121,44,53,0,0,0,0,0,0,0,0,0,0,0,0,0,0,0,0,0,0,0,0,0,0,354,16121,0,0,0,0
72865.417,16512,60,0,0,0,0,0,8,27001,44,53,0,0,0,0,0,0,0,0,0,0,0,0,0,0,0,0,0,0,0,0,0,0,355,17356,0,0,0,0
72881.789,16372,61,0,0,0,0,0,8,27139,44,53,0,0,0,0,0,0,0,0,0,0,0,0,0,0,0,0,0,0,0,0,0,0,346,16500,0,0,0,0
72898.894,17104,58,0,0,0,0,0,8,27342,44,53,0,0,0,0,0,0,0,0,0,0,0,0,0,0,0,0,0,0,0,0,0,0,346,16042,0,0,0,0
72915.267,16373,61,0,0,0,0,0,8,26974,44,53,0,0,0,0,0,0,0,0,0,0,0,0,0,0,0,0,0,0,0,0,0,0,394,17392,0,0,0,0
72931.997,16730,59,0,0,0,0,0,8,27030,44,53,0,0,0,0,0,0,0,0,0,0,0,0,0,0,0,0,0,0,0,0,0,0,331,15782,0,0,0,0
72948.897,16899,59,0,0,0,0,0,8,27054,44,53,0,0,0,0,0,0,0,0,0,0,0,0,0,0,0,0,0,0,0,0,0,0,371,17452,0,0,0,0
72965.558,16661,60,0,0,0,0,0,8,26171,44,53,0,0,0,0,0,0,0,0,0,0,0,0,0,0,0,0,0,0,0,0,0,0,391,16725,0,0,0,0
72982.895,17336,57,0,0,0,0,0,8,24542,44,53,0,0,0,0,0,0,0,0,0,0,0,0,0,0,0,0,0,0,0,0,0,0,395,16797,0,0,0,0
72998.434,15522,64,0,0,0,0,0,8,24724,44,53,0,0,0,0,0,0,0,0,0,0,0,0,0,0,0,0,0,0,0,0,0,0,373,17193,0,0,0,0
73015.898,17481,57,0,0,0,0,0,8,24326,44,53,0,0,0,0,0,0,0,0,0,0,0,0,0,0,0,0,0,0,0,0,0,0,341,14888,0,0,0,0
73032.099,16201,61,0,0,0,0,0,8,24441,44,53,0,0,0,0,0,0,0,0,0,0,0,0,0,0,0,0,0,0,0,0,0,0,356,18139,0,0,0,0
73048.473,16373,61,0,0,0,0,0,8,24070,44,53,0,0,0,0,0,0,0,0,0,0,0,0,0,0,0,0,0,0,0,0,0,0,364,15880,0,0,0,0
73065.408,16934,59,0,0,0,0,0,8,24012,44,53,0,0,0,0,0,0,0,0,0,0,0,0,0,0,0,0,0,0,0,0,0,0,388,16634,0,0,0,0
73082.301,16883,59,0,0,0,0,0,8,24029,44,53,0,0,0,0,0,0,0,0,0,0,0,0,0,0,0,0,0,0,0,0,0,0,378,17202,0,0,0,0
73098.899,16608,60,0,0,0,0,0,8,25682,44,53,0,0,0,0,0,0,0,0,0,0,0,0,0,0,0,0,0,0,0,0,0,0,381,16764,0,0,0,0
73114.530,15630,63,0,0,0,0,0,8,25718,44,53,0,0,0,0,0,0,0,0,0,0,0,0,0,0,0,0,0,0,0,0,0,0,358,16207,0,0,0,0
73132.031,17501,57,0,0,0,0,0,8,25744,44,53,0,0,0,0,0,0,0,0,0,0,0,0,0,0,0,0,0,0,0,0,0,0,363,16099,0,0,0,0
73148.909,16877,59,0,0,0,0,0,8,25989,44,53,0,0,0,0,0,0,0,0,0,0,0,0,0,0,0,0,0,0,0,0,0,0,353,17493,0,0,0,0
73165.097,16188,61,0,0,0,0,0,8,25596,44,53,0,0,0,0,0,0,0,0,0,0,0,0,0,0,0,0,0,0,0,0,0,0,333,15415,0,0,0,0
73181.893,16795,59,0,0,0,0,0,8,25926,44,53,0,0,0,0,0,0,0,0,0,0,0,0,0,0,0,0,0,0,0,0,0,0,342,17241,0,0,0,0
73197.989,16096,62,0,0,0,0,0,8,25819,44,53,0,0,0,0,0,0,0,0,0,0,0,0,0,0,0,0,0,0,0,0,0,0,368,16853,0,0,0,0
73215.413,17424,57,0,0,0,0,0,8,25497,44,53,0,0,0,0,0,0,0,0,0,0,0,0,0,0,0,0,0,0,0,0,0,0,359,16266,0,0,0,0
73231.945,16532,60,0,0,0,0,0,8,25640,44,53,0,0,0,0,0,0,0,0,0,0,0,0,0,0,0,0,0,0,0,0,0,0,385,16928,0,0,0,0
73248.289,16343,61,0,0,0,0,0,8,25623,44,53,0,0,0,0,0,0,0,0,0,0,0,0,0,0,0,0,0,0,0,0,0,0,357,16512,0,0,0,0
73265.897,17607,56,0,0,0,0,0,8,25387,44,53,0,0,0,0,0,0,0,0,0,0,0,0,0,0,0,0,0,0,0,0,0,0,371,16687,0,0,0,0
73282.030,16133,61,0,0,0,0,0,8,25791,44,53,0,0,0,0,0,0,0,0,0,0,0,0,0,0,0,0,0,0,0,0,0,0,359,17827,0,0,0,0
73297.900,15870,63,0,0,0,0,0,8,25584,44,53,0,0,0,0,0,0,0,0,0,0,0,0,0,0,0,0,0,0,0,0,0,0,364,15947,0,0,0,0
73315.416,17515,57,0,0,0,0,0,8,25518,44,53,0,0,0,0,0,0,0,0,0,0,0,0,0,0,0,0,0,0,0,0,0,0,363,16171,0,0,0,0
73331.415,15999,62,0,0,0,0,0,8,25546,44,53,0,0,0,0,0,0,0,0,0,0,0,0,0,0,0,0,0,0,0,0,0,0,340,17278,0,0,0,0
73348.439,17024,58,0,0,0,0,0,8,25407,44,53,0,0,0,0,0,0,0,0,0,0,0,0,0,0,0,0,0,0,0,0,0,0,336,15773,0,0,0,0
73364.991,16552,60,0,0,0,0,0,8,23775,44,53,0,0,0,0,0,0,0,0,0,0,0,0,0,0,0,0,0,0,0,0,0,0,349,17190,0,0,0,0
73382.616,17624,56,0,0,0,0,0,8,23744,44,53,0,0,0,0,0,0,0,0,0,0,0,0,0,0,0,0,0,0,0,0,0,0,335,16377,0,0,0,0
73398.891,16275,61,0,0,0,0,0,8,23831,44,53,0,0,0,0,0,0,0,0,0,0,0,0,0,0,0,0,0,0,0,0,0,0,385,17892,0,0,0,0
73415.158,16266,61,0,0,0,0,0,8,23667,44,53,0,0,0,0,0,0,0,0,0,0,0,0,0,0,0,0,0,0,0,0,0,0,351,16226,0,0,0,0
73431.897,16738,59,0,0,0,0,0,8,23933,44,53,0,0,0,0,0,0,0,0,0,0,0,0,0,0,0,0,0,0,0,0,0,0,367,16254,0,0,0,0
73447.951,16054,62,0,0,0,0,0,8,24191,44,53,0,0,0,0,0,0,0,0,0,0,0,0,0,0,0,0,0,0,0,0,0,0,364,16992,0,0,0,0
73465.240,17289,57,0,0,0,0,0,8,24000,44,53,0,0,0,0,0,0,0,0,0,0,0,0,0,0,0,0,0,0,0,0,0,0,372,16112,0,0,0,0
73481.887,16647,60,0,0,0,0,0,8,24077,44,53,0,0,0,0,0,0,0,0,0,0,0,0,0,0,0,0,0,0,0,0,0,0,355,16587,0,0,0,0
73497.896,16009,62,0,0,0,0,0,8,24083,44,53,0,0,0,0,0,0,0,0,0,0,0,0,0,0,0,0,0,0,0,0,0,0,358,16879,0,0,0,0
73515.125,17229,58,0,0,0,0,0,8,23970,44,53,0,0,0,0,0,0,0,0,0,0,0,0,0,0,0,0,0,0,0,0,0,0,362,16018,0,0,0,0
73531.627,16501,60,0,0,0,0,0,8,24541,44,53,0,0,0,0,0,0,0,0,0,0,0,0,0,0,0,0,0,0,0,0,0,0,351,17238,0,0,0,0
73548.699,17072,58,0,0,0,0,0,8,24405,44,53,0,0,0,0,0,0,0,0,0,0,0,0,0,0,0,0,0,0,0,0,0,0,370,16230,0,0,0,0
73565.113,16413,60,0,0,0,0,0,8,24589,44,53,0,0,0,0,0,0,0,0,0,0,0,0,0,0,0,0,0,0,0,0,0,0,385,17137,0,0,0,0
73581.901,16787,59,0,0,0,0,0,8,24731,44,53,0,0,0,0,0,0,0,0,0,0,0,0,0,0,0,0,0,0,0,0,0,0,396,16735,0,0,0,0
73598.904,17003,58,0,0,0,0,0,8,24857,44,53,0,0,0,0,0,0,0,0,0,0,0,0,0,0,0,0,0,0,0,0,0,0,355,16544,0,0,0,0
73614.855,15950,62,0,0,0,0,0,8,24984,44,53,0,0,0,0,0,0,0,0,0,0,0,0,0,0,0,0,0,0,0,0,0,0,350,17402,0,0,0,0
73631.949,17094,58,0,0,0,0,0,8,24913,44,53,0,0,0,0,0,0,0,0,0,0,0,0,0,0,0,0,0,0,0,0,0,0,341,14398,0,0,0,0
73648.682,16733,59,0,0,0,0,0,8,25070,44,53,0,0,0,0,0,0,0,0,0,0,0,0,0,0,0,0,0,0,0,0,0,0,387,18740,0,0,0,0
73665.117,16435,60,0,0,0,0,0,8,24740,44,53,0,0,0,0,0,0,0,0,0,0,0,0,0,0,0,0,0,0,0,0,0,0,356,16649,0,0,0,0
73682.401,17283,57,0,0,0,0,0,8,25009,44,53,0,0,0,0,0,0,0,0,0,0,0,0,0,0,0,0,0,0,0,0,0,0,385,17420,0,0,0,0
73698.811,16409,60,0,0,0,0,0,8,25012,44,53,0,0,0,0,0,0,0,0,0,0,0,0,0,0,0,0,0,0,0,0,0,0,369,15920,0,0,0,0
73715.888,17077,58,0,0,0,0,0,8,24773,44,53,0,0,0,0,0,0,0,0,0,0,0,0,0,0,0,0,0,0,0,0,0,0,351,15567,0,0,0,0
73732.460,16571,60,0,0,0,0,0,8,24958,44,53,0,0,0,0,0,0,0,0,0,0,0,0,0,0,0,0,0,0,0,0,0,0,397,18639,0,0,0,0
73748.602,16141,61,0,0,0,0,0,8,24779,44,53,0,0,0,0,0,0,0,0,0,0,0,0,0,0,0,0,0,0,0,0,0,0,348,14858,0,0,0,0
73765.887,17285,57,0,0,0,0,0,8,24873,44,53,0,0,0,0,0,0,0,0,0,0,0,0,0,0,0,0,0,0,0,0,0,0,370,17538,0,0,0,0
73782.053,16165,61,0,0,0,0,0,8,25338,44,53,0,0,0,0,0,0,0,0,0,0,0,0,0,0,0,0,0,0,0,0,0,0,347,17077,0,0,0,0
73798.891,16837,59,0,0,0,0,0,8,25353,44,53,0,0,0,0,0,0,0,0,0,0,0,0,0,0,0,0,0,0,0,0,0,0,343,16119,0,0,0,0
73815.884,16993,58,0,0,0,0,0,8,24784,44,53,0,0,0,0,0,0,0,0,0,0,0,0,0,0,0,0,0,0,0,0,0,0,351,16970,0,0,0,0
73831.965,16081,62,0,0,0,0,0,8,25000,44,53,0,0,0,0,0,0,0,0,0,0,0,0,0,0,0,0,0,0,0,0,0,0,363,17047,0,0,0,0
73848.421,16456,60,0,0,0,0,0,8,25336,44,53,0,0,0,0,0,0,0,0,0,0,0,0,0,0,0,0,0,0,0,0,0,0,339,16000,0,0,0,0
73864.980,16558,60,0,0,0,0,0,8,25412,44,53,0,0,0,0,0,0,0,0,0,0,0,0,0,0,0,0,0,0,0,0,0,0,350,16443,0,0,0,0
73882.033,17052,58,0,0,0,0,0,8,25064,44,53,0,0,0,0,0,0,0,0,0,0,0,0,0,0,0,0,0,0,0,0,0,0,360,16440,0,0,0,0
73898.888,16855,59,0,0,0,0,0,8,25249,44,53,0,0,0,0,0,0,0,0,0,0,0,0,0,0,0,0,0,0,0,0,0,0,372,17190,0,0,0,0
73915.405,16517,60,0,0,0,0,0,8,25132,44,53,0,0,0,0,0,0,0,0,0,0,0,0,0,0,0,0,0,0,0,0,0,0,366,15672,0,0,0,0
73931.890,16485,60,0,0,0,0,0,8,25252,44,53,0,0,0,0,0,0,0,0,0,0,0,0,0,0,0,0,0,0,0,0,0,0,374,17551,0,0,0,0
73948.887,16997,58,0,0,0,0,0,8,25194,44,53,0,0,0,0,0,0,0,0,0,0,0,0,0,0,0,0,0,0,0,0,0,0,379,16792,0,0,0,0
73965.109,16221,61,0,0,0,0,0,8,25012,44,53,0,0,0,0,0,0,0,0,0,0,0,0,0,0,0,0,0,0,0,0,0,0,348,16562,0,0,0,0
73981.672,16562,60,0,0,0,0,0,8,25263,44,53,0,0,0,0,0,0,0,0,0,0,0,0,0,0,0,0,0,0,0,0,0,0,416,16422,0,0,0,0
73999.410,17738,56,0,0,0,0,0,8,25312,44,53,0,0,0,0,0,0,0,0,0,0,0,0,0,0,0,0,0,0,0,0,0,0,363,16287,0,0,0,0
74015.440,16029,62,0,0,0,0,0,8,25294,44,53,0,0,0,0,0,0,0,0,0,0,0,0,0,0,0,0,0,0,0,0,0,0,359,17868,0,0,0,0
74031.971,16531,60,0,0,0,0,0,8,25354,44,53,0,0,0,0,0,0,0,0,0,0,0,0,0,0,0,0,0,0,0,0,0,0,353,16106,0,0,0,0
74048.889,16918,59,0,0,0,0,0,8,25267,44,53,0,0,0,0,0,0,0,0,0,0,0,0,0,0,0,0,0,0,0,0,0,0,362,16551,0,0,0,0
74065.890,17000,58,0,0,0,0,0,8,24953,44,53,0,0,0,0,0,0,0,0,0,0,0,0,0,0,0,0,0,0,0,0,0,0,354,15722,0,0,0,0
74081.884,15994,62,0,0,0,0,0,8,25112,44,53,0,0,0,0,0,0,0,0,0,0,0,0,0,0,0,0,0,0,0,0,0,0,371,18190,0,0,0,0
74098.423,16539,60,0,0,0,0,0,8,24944,44,53,0,0,0,0,0,0,0,0,0,0,0,0,0,0,0,0,0,0,0,0,0,0,352,15949,0,0,0,0
74114.822,16399,60,0,0,0,0,0,8,24760,44,53,0,0,0,0,0,0,0,0,0,0,0,0,0,0,0,0,0,0,0,0,0,0,360,16330,0,0,0,0
74131.469,16646,60,0,0,0,0,0,8,26376,44,53,0,0,0,0,0,0,0,0,0,0,0,0,0,0,0,0,0,0,0,0,0,0,361,16532,0,0,0,0
74148.427,16958,58,0,0,0,0,0,8,26100,44,53,0,0,0,0,0,0,0,0,0,0,0,0,0,0,0,0,0,0,0,0,0,0,364,16429,0,0,0,0
74165.889,17462,57,0,0,0,0,0,8,25965,44,53,0,0,0,0,0,0,0,0,0,0,0,0,0,0,0,0,0,0,0,0,0,0,359,17603,0,0,0,0
74182.006,16116,62,0,0,0,0,0,8,26114,44,53,0,0,0,0,0,0,0,0,0,0,0,0,0,0,0,0,0,0,0,0,0,0,370,17192,0,0,0,0
74198.895,16889,59,0,0,0,0,0,8,25874,44,53,0,0,0,0,0,0,0,0,0,0,0,0,0,0,0,0,0,0,0,0,0,0,354,15923,0,0,0,0
74215.400,16505,60,0,0,0,0,0,8,25579,44,53,0,0,0,0,0,0,0,0,0,0,0,0,0,0,0,0,0,0,0,0,0,0,377,17219,0,0,0,0
74232.023,16622,60,0,0,0,0,0,8,25547,44,53,0,0,0,0,0,0,0,0,0,0,0,0,0,0,0,0,0,0,0,0,0,0,341,16296,0,0,0,0
74248.883,16860,59,0,0,0,0,0,8,25255,44,53,0,0,0,0,0,0,0,0,0,0,0,0,0,0,0,0,0,0,0,0,0,0,356,16572,0,0,0,0
74265.441,16558,60,0,0,0,0,0,8,25012,44,53,0,0,0,0,0,0,0,0,0,0,0,0,0,0,0,0,0,0,0,0,0,0,331,15600,0,0,0,0
74282.092,16650,60,0,0,0,0,0,8,25302,44,53,0,0,0,0,0,0,0,0,0,0,0,0,0,0,0,0,0,0,0,0,0,0,355,18002,0,0,0,0
74298.571,16478,60,0,0,0,0,0,8,25077,44,53,0,0,0,0,0,0,0,0,0,0,0,0,0,0,0,0,0,0,0,0,0,0,356,16402,0,0,0,0
74315.401,16830,59,0,0,0,0,0,8,25252,44,53,0,0,0,0,0,0,0,0,0,0,0,0,0,0,0,0,0,0,0,0,0,0,353,16302,0,0,0,0
74332.027,16625,60,0,0,0,0,0,8,25375,44,53,0,0,0,0,0,0,0,0,0,0,0,0,0,0,0,0,0,0,0,0,0,0,380,17093,0,0,0,0
74348.482,16455,60,0,0,0,0,0,8,25172,44,53,0,0,0,0,0,0,0,0,0,0,0,0,0,0,0,0,0,0,0,0,0,0,378,16794,0,0,0,0
74365.894,17412,57,0,0,0,0,0,8,25134,44,53,0,0,0,0,0,0,0,0,0,0,0,0,0,0,0,0,0,0,0,0,0,0,351,16179,0,0,0,0
74382.020,16126,62,0,0,0,0,0,8,24797,44,53,0,0,0,0,0,0,0,0,0,0,0,0,0,0,0,0,0,0,0,0,0,0,386,17674,0,0,0,0
74398.389,16368,61,0,0,0,0,0,8,24481,44,53,0,0,0,0,0,0,0,0,0,0,0,0,0,0,0,0,0,0,0,0,0,0,380,15945,0,0,0,0
74415.061,16672,59,0,0,0,0,0,8,24355,44,53,0,0,0,0,0,0,0,0,0,0,0,0,0,0,0,0,0,0,0,0,0,0,366,16629,0,0,0,0
74432.057,16996,58,0,0,0,0,0,8,24554,44,53,0,0,0,0,0,0,0,0,0,0,0,0,0,0,0,0,0,0,0,0,0,0,376,16986,0,0,0,0
74448.886,16829,59,0,0,0,0,0,8,24287,44,53,0,0,0,0,0,0,0,0,0,0,0,0,0,0,0,0,0,0,0,0,0,0,358,16438,0,0,0,0
74465.884,16997,58,0,0,0,0,0,8,23832,44,53,0,0,0,0,0,0,0,0,0,0,0,0,0,0,0,0,0,0,0,0,0,0,346,15435,0,0,0,0
74482.411,16527,60,0,0,0,0,0,8,23941,44,53,0,0,0,0,0,0,0,0,0,0,0,0,0,0,0,0,0,0,0,0,0,0,389,18609,0,0,0,0
74498.431,16020,62,0,0,0,0,0,8,23705,44,53,0,0,0,0,0,0,0,0,0,0,0,0,0,0,0,0,0,0,0,0,0,0,348,15866,0,0,0,0
74515.087,16655,60,0,0,0,0,0,8,23546,44,53,0,0,0,0,0,0,0,0,0,0,0,0,0,0,0,0,0,0,0,0,0,0,353,15952,0,0,0,0
74532.406,17319,57,0,0,0,0,0,8,23853,44,53,0,0,0,0,0,0,0,0,0,0,0,0,0,0,0,0,0,0,0,0,0,0,367,17110,0,0,0,0
74548.536,16129,61,0,0,0,0,0,8,24829,44,53,0,0,0,0,0,0,0,0,0,0,0,0,0,0,0,0,0,0,0,0,0,0,376,17946,0,0,0,0
74565.184,16647,60,0,0,0,0,0,8,22757,44,53,0,0,0,0,0,0,0,0,0,0,0,0,0,0,0,0,0,0,0,0,0,0,352,15227,0,0,0,0
74582.009,16825,59,0,0,0,0,0,8,22656,44,53,0,0,0,0,0,0,0,0,0,0,0,0,0,0,0,0,0,0,0,0,0,0,350,17181,0,0,0,0
74598.431,16421,60,0,0,0,0,0,8,23067,44,53,0,0,0,0,0,0,0,0,0,0,0,0,0,0,0,0,0,0,0,0,0,0,379,16754,0,0,0,0
74615.554,17123,58,0,0,0,0,0,8,23542,44,53,0,0,0,0,0,0,0,0,0,0,0,0,0,0,0,0,0,0,0,0,0,0,352,16262,0,0,0,0
74632.023,16469,60,0,0,0,0,0,8,23234,44,53,0,0,0,0,0,0,0,0,0,0,0,0,0,0,0,0,0,0,0,0,0,0,358,17456,0,0,0,0
74648.413,16389,61,0,0,0,0,0,8,23379,44,53,0,0,0,0,0,0,0,0,0,0,0,0,0,0,0,0,0,0,0,0,0,0,346,16202,0,0,0,0
74665.323,16910,59,0,0,0,0,0,8,23489,44,53,0,0,0,0,0,0,0,0,0,0,0,0,0,0,0,0,0,0,0,0,0,0,353,16197,0,0,0,0
74682.443,17120,58,0,0,0,0,0,8,22469,44,53,0,0,0,0,0,0,0,0,0,0,0,0,0,0,0,0,0,0,0,0,0,0,359,17128,0,0,0,0
74698.394,15950,62,0,0,0,0,0,8,22637,44,53,0,0,0,0,0,0,0,0,0,0,0,0,0,0,0,0,0,0,0,0,0,0,367,17245,0,0,0,0
74715.533,17138,58,0,0,0,0,0,8,23304,44,53,0,0,0,0,0,0,0,0,0,0,0,0,0,0,0,0,0,0,0,0,0,0,356,15775,0,0,0,0
74732.050,16517,60,0,0,0,0,0,8,23645,44,53,0,0,0,0,0,0,0,0,0,0,0,0,0,0,0,0,0,0,0,0,0,0,362,17202,0,0,0,0
74748.889,16838,59,0,0,0,0,0,8,23823,44,53,0,0,0,0,0,0,0,0,0,0,0,0,0,0,0,0,0,0,0,0,0,0,370,17082,0,0,0,0
74765.258,16369,61,0,0,0,0,0,8,23319,44,53,0,0,0,0,0,0,0,0,0,0,0,0,0,0,0,0,0,0,0,0,0,0,368,16316,0,0,0,0
74782.876,17618,56,0,0,0,0,0,8,23603,44,53,0,0,0,0,0,0,0,0,0,0,0,0,0,0,0,0,0,0,0,0,0,0,366,16093,0,0,0,0
74798.968,16091,62,0,0,0,0,0,8,23809,44,53,0,0,0,0,0,0,0,0,0,0,0,0,0,0,0,0,0,0,0,0,0,0,390,18078,0,0,0,0
74815.165,16197,61,0,0,0,0,0,8,23684,44,53,0,0,0,0,0,0,0,0,0,0,0,0,0,0,0,0,0,0,0,0,0,0,357,16060,0,0,0,0
74831.683,16518,60,0,0,0,0,0,8,23793,44,53,0,0,0,0,0,0,0,0,0,0,0,0,0,0,0,0,0,0,0,0,0,0,355,15523,0,0,0,0
74848.707,17024,58,0,0,0,0,0,8,25437,44,53,0,0,0,0,0,0,0,0,0,0,0,0,0,0,0,0,0,0,0,0,0,0,393,17182,0,0,0,0
74865.069,16361,61,0,0,0,0,0,8,24119,44,53,0,0,0,0,0,0,0,0,0,0,0,0,0,0,0,0,0,0,0,0,0,0,351,16905,0,0,0,0
74882.882,17812,56,0,0,0,0,0,8,25072,44,53,0,0,0,0,0,0,0,0,0,0,0,0,0,0,0,0,0,0,0,0,0,0,367,16573,0,0,0,0
74898.435,15552,64,0,0,0,0,0,8,24485,44,53,0,0,0,0,0,0,0,0,0,0,0,0,0,0,0,0,0,0,0,0,0,0,375,17712,0,0,0,0
74915.883,17448,57,0,0,0,0,0,8,24889,44,53,0,0,0,0,0,0,0,0,0,0,0,0,0,0,0,0,0,0,0,0,0,0,330,15465,0,0,0,0
74931.636,15752,63,0,0,0,0,0,8,24475,44,53,0,0,0,0,0,0,0,0,0,0,0,0,0,0,0,0,0,0,0,0,0,0,366,17709,0,0,0,0
74948.528,16892,59,0,0,0,0,0,8,25189,44,53,0,0,0,0,0,0,0,0,0,0,0,0,0,0,0,0,0,0,0,0,0,0,341,15526,0,0,0,0
74965.385,16857,59,0,0,0,0,0,8,24405,44,53,0,0,0,0,0,0,0,0,0,0,0,0,0,0,0,0,0,0,0,0,0,0,357,16703,0,0,0,0
74981.574,16189,61,0,0,0,0,0,8,24511,44,53,0,0,0,0,0,0,0,0,0,0,0,0,0,0,0,0,0,0,0,0,0,0,358,17011,0,0,0,0
74998.887,17313,57,0,0,0,0,0,8,26209,44,53,0,0,0,0,0,0,0,0,0,0,0,0,0,0,0,0,0,0,0,0,0,0,381,16164,0,0,0,0
75015.020,16133,61,0,0,0,0,0,8,25236,44,53,0,0,0,0,0,0,0,0,0,0,0,0,0,0,0,0,0,0,0,0,0,0,387,17443,0,0,0,0
75031.909,16888,59,0,0,0,0,0,8,26196,44,53,0,0,0,0,0,0,0,0,0,0,0,0,0,0,0,0,0,0,0,0,0,0,362,15925,0,0,0,0
75048.887,16968,58,0,0,0,0,0,8,25210,44,53,0,0,0,0,0,0,0,0,0,0,0,0,0,0,0,0,0,0,0,0,0,0,355,17415,0,0,0,0
75065.206,16329,61,0,0,0,0,0,8,24781,44,53,0,0,0,0,0,0,0,0,0,0,0,0,0,0,0,0,0,0,0,0,0,0,387,16678,0,0,0,0
75082.070,16864,59,0,0,0,0,0,8,24938,44,53,0,0,0,0,0,0,0,0,0,0,0,0,0,0,0,0,0,0,0,0,0,0,372,15930,0,0,0,0
75098.888,16817,59,0,0,0,0,0,8,26659,44,53,0,0,0,0,0,0,0,0,0,0,0,0,0,0,0,0,0,0,0,0,0,0,375,16831,0,0,0,0
75115.162,16274,61,0,0,0,0,0,8,26789,44,53,0,0,0,0,0,0,0,0,0,0,0,0,0,0,0,0,0,0,0,0,0,0,360,17252,0,0,0,0
75131.875,16712,59,0,0,0,0,0,8,26836,44,53,0,0,0,0,0,0,0,0,0,0,0,0,0,0,0,0,0,0,0,0,0,0,345,16075,0,0,0,0
75148.873,16997,58,0,0,0,0,0,8,26748,44,53,0,0,0,0,0,0,0,0,0,0,0,0,0,0,0,0,0,0,0,0,0,0,353,15905,0,0,0,0
75165.152,16279,61,0,0,0,0,0,8,26709,44,53,0,0,0,0,0,0,0,0,0,0,0,0,0,0,0,0,0,0,0,0,0,0,361,16949,0,0,0,0
75182.029,16877,59,0,0,0,0,0,8,26887,44,53,0,0,0,0,0,0,0,0,0,0,0,0,0,0,0,0,0,0,0,0,0,0,371,17153,0,0,0,0
75198.483,16454,60,0,0,0,0,0,8,27068,44,53,0,0,0,0,0,0,0,0,0,0,0,0,0,0,0,0,0,0,0,0,0,0,376,17068,0,0,0,0
75215.263,16779,59,0,0,0,0,0,8,26799,44,53,0,0,0,0,0,0,0,0,0,0,0,0,0,0,0,0,0,0,0,0,0,0,376,16131,0,0,0,0
75231.941,16678,59,0,0,0,0,0,8,26802,44,53,0,0,0,0,0,0,0,0,0,0,0,0,0,0,0,0,0,0,0,0,0,0,357,16780,0,0,0,0
75248.875,16934,59,0,0,0,0,0,8,26879,44,53,0,0,0,0,0,0,0,0,0,0,0,0,0,0,0,0,0,0,0,0,0,0,399,17190,0,0,0,0
75265.880,17004,58,0,0,0,0,0,8,26713,44,53,0,0,0,0,0,0,0,0,0,0,0,0,0,0,0,0,0,0,0,0,0,0,367,15870,0,0,0,0
75282.410,16530,60,0,0,0,0,0,8,27120,44,53,0,0,0,0,0,0,0,0,0,0,0,0,0,0,0,0,0,0,0,0,0,0,377,18156,0,0,0,0
75298.553,16142,61,0,0,0,0,0,8,26979,44,53,0,0,0,0,0,0,0,0,0,0,0,0,0,0,0,0,0,0,0,0,0,0,343,16560,0,0,0,0
75314.916,16353,61,0,0,0,0,0,8,26906,44,53,0,0,0,0,0,0,0,0,0,0,0,0,0,0,0,0,0,0,0,0,0,0,354,15808,0,0,0,0
75331.941,17034,58,0,0,0,0,0,8,27031,44,53,0,0,0,0,0,0,0,0,0,0,0,0,0,0,0,0,0,0,0,0,0,0,358,16693,0,0,0,0
75348.876,16935,59,0,0,0,0,0,8,27302,44,53,0,0,0,0,0,0,0,0,0,0,0,0,0,0,0,0,0,0,0,0,0,0,357,16708,0,0,0,0
75364.956,16080,62,0,0,0,0,0,8,28679,44,53,0,0,0,0,0,0,0,0,0,0,0,0,0,0,0,0,0,0,0,0,0,0,377,16836,0,0,0,0
75381.879,16922,59,0,0,0,0,0,8,27964,44,53,0,0,0,0,0,0,0,0,0,0,0,0,0,0,0,0,0,0,0,0,0,0,352,16487,0,0,0,0
75398.742,16863,59,0,0,0,0,0,8,27422,44,53,0,0,0,0,0,0,0,0,0,0,0,0,0,0,0,0,0,0,0,0,0,0,379,15910,0,0,0,0
75415.389,16646,60,0,0,0,0,0,8,27316,44,53,0,0,0,0,0,0,0,0,0,0,0,0,0,0,0,0,0,0,0,0,0,0,349,17795,0,0,0,0
75432.022,16632,60,0,0,0,0,0,8,27341,44,53,0,0,0,0,0,0,0,0,0,0,0,0,0,0,0,0,0,0,0,0,0,0,336,16575,0,0,0,0
75448.546,16524,60,0,0,0,0,0,8,27592,44,53,0,0,0,0,0,0,0,0,0,0,0,0,0,0,0,0,0,0,0,0,0,0,350,16491,0,0,0,0
75465.013,16466,60,0,0,0,0,0,8,27312,44,53,0,0,0,0,0,0,0,0,0,0,0,0,0,0,0,0,0,0,0,0,0,0,342,16805,0,0,0,0
75481.873,16859,59,0,0,0,0,0,8,27433,44,53,0,0,0,0,0,0,0,0,0,0,0,0,0,0,0,0,0,0,0,0,0,0,348,16402,0,0,0,0
75498.462,16589,60,0,0,0,0,0,8,27492,44,53,0,0,0,0,0,0,0,0,0,0,0,0,0,0,0,0,0,0,0,0,0,0,371,15675,0,0,0,0
75514.770,16308,61,0,0,0,0,0,8,27448,44,53,0,0,0,0,0,0,0,0,0,0,0,0,0,0,0,0,0,0,0,0,0,0,333,17782,0,0,0,0
75531.998,17228,58,0,0,0,0,0,8,29717,44,53,0,0,0,0,0,0,0,0,0,0,0,0,0,0,0,0,0,0,0,0,0,0,358,15992,0,0,0,0
75548.887,16888,59,0,0,0,0,0,8,27582,44,53,0,0,0,0,0,0,0,0,0,0,0,0,0,0,0,0,0,0,0,0,0,0,362,18027,0,0,0,0
75565.446,16559,60,0,0,0,0,0,8,27379,44,53,0,0,0,0,0,0,0,0,0,0,0,0,0,0,0,0,0,0,0,0,0,0,379,16294,0,0,0,0
75581.839,16393,61,0,0,0,0,0,8,27360,44,53,0,0,0,0,0,0,0,0,0,0,0,0,0,0,0,0,0,0,0,0,0,0,352,16621,0,0,0,0
75598.545,16705,59,0,0,0,0,0,8,25764,44,53,0,0,0,0,0,0,0,0,0,0,0,0,0,0,0,0,0,0,0,0,0,0,342,16504,0,0,0,0
75615.870,17324,57,0,0,0,0,0,8,25784,44,53,0,0,0,0,0,0,0,0,0,0,0,0,0,0,0,0,0,0,0,0,0,0,366,16566,0,0,0,0
75631.881,16011,62,0,0,0,0,0,8,25952,44,53,0,0,0,0,0,0,0,0,0,0,0,0,0,0,0,0,0,0,0,0,0,0,350,17273,0,0,0,0
75648.277,16396,60,0,0,0,0,0,8,25854,44,53,0,0,0,0,0,0,0,0,0,0,0,0,0,0,0,0,0,0,0,0,0,0,363,15033,0,0,0,0
75664.984,16706,59,0,0,0,0,0,8,25811,44,53,0,0,0,0,0,0,0,0,0,0,0,0,0,0,0,0,0,0,0,0,0,0,357,17121,0,0,0,0
75682.006,17022,58,0,0,0,0,0,8,25917,44,53,0,0,0,0,0,0,0,0,0,0,0,0,0,0,0,0,0,0,0,0,0,0,359,16757,0,0,0,0
75698.714,16708,59,0,0,0,0,0,8,27182,44,53,0,0,0,0,0,0,0,0,0,0,0,0,0,0,0,0,0,0,0,0,0,0,359,17748,0,0,0,0
75715.390,16676,59,0,0,0,0,0,8,26873,44,53,0,0,0,0,0,0,0,0,0,0,0,0,0,0,0,0,0,0,0,0,0,0,385,16475,0,0,0,0
75731.867,16476,60,0,0,0,0,0,8,26941,44,53,0,0,0,0,0,0,0,0,0,0,0,0,0,0,0,0,0,0,0,0,0,0,352,16637,0,0,0,0
75748.413,16546,60,0,0,0,0,0,8,26910,44,53,0,0,0,0,0,0,0,0,0,0,0,0,0,0,0,0,0,0,0,0,0,0,349,16509,0,0,0,0
75765.311,16897,59,0,0,0,0,0,8,26889,44,53,0,0,0,0,0,0,0,0,0,0,0,0,0,0,0,0,0,0,0,0,0,0,368,16358,0,0,0,0
75782.038,16727,59,0,0,0,0,0,8,27073,44,53,0,0,0,0,0,0,0,0,0,0,0,0,0,0,0,0,0,0,0,0,0,0,358,16641,0,0,0,0
75798.435,16396,60,0,0,0,0,0,8,26963,44,53,0,0,0,0,0,0,0,0,0,0,0,0,0,0,0,0,0,0,0,0,0,0,355,16888,0,0,0,0
75815.165,16730,59,0,0,0,0,0,8,26994,44,53,0,0,0,0,0,0,0,0,0,0,0,0,0,0,0,0,0,0,0,0,0,0,347,16609,0,0,0,0
75832.390,17225,58,0,0,0,0,0,8,27039,44,53,0,0,0,0,0,0,0,0,0,0,0,0,0,0,0,0,0,0,0,0,0,0,362,16636,0,0,0,0
75848.509,16118,62,0,0,0,0,0,8,27103,44,53,0,0,0,0,0,0,0,0,0,0,0,0,0,0,0,0,0,0,0,0,0,0,342,17109,0,0,0,0
75865.548,17039,58,0,0,0,0,0,8,27149,44,53,0,0,0,0,0,0,0,0,0,0,0,0,0,0,0,0,0,0,0,0,0,0,351,16273,0,0,0,0
75881.733,16184,61,0,0,0,0,0,8,27103,44,53,0,0,0,0,0,0,0,0,0,0,0,0,0,0,0,0,0,0,0,0,0,0,367,17154,0,0,0,0
75898.417,16683,59,0,0,0,0,0,8,26953,44,53,0,0,0,0,0,0,0,0,0,0,0,0,0,0,0,0,0,0,0,0,0,0,348,15952,0,0,0,0
75915.125,16708,59,0,0,0,0,0,8,26859,44,53,0,0,0,0,0,0,0,0,0,0,0,0,0,0,0,0,0,0,0,0,0,0,340,16648,0,0,0,0
75931.983,16858,59,0,0,0,0,0,8,27039,44,53,0,0,0,0,0,0,0,0,0,0,0,0,0,0,0,0,0,0,0,0,0,0,369,16991,0,0,0,0
75948.880,16897,59,0,0,0,0,0,8,27113,44,53,0,0,0,0,0,0,0,0,0,0,0,0,0,0,0,0,0,0,0,0,0,0,380,16861,0,0,0,0
75965.890,17009,58,0,0,0,0,0,8,27142,44,53,0,0,0,0,0,0,0,0,0,0,0,0,0,0,0,0,0,0,0,0,0,0,357,15380,0,0,0,0
75981.917,16026,62,0,0,0,0,0,8,27327,44,53,0,0,0,0,0,0,0,0,0,0,0,0,0,0,0,0,0,0,0,0,0,0,350,18528,0,0,0,0
75998.456,16539,60,0,0,0,0,0,8,27406,44,53,0,0,0,0,0,0,0,0,0,0,0,0,0,0,0,0,0,0,0,0,0,0,353,16057,0,0,0,0
76015.292,16836,59,0,0,0,0,0,8,27256,44,53,0,0,0,0,0,0,0,0,0,0,0,0,0,0,0,0,0,0,0,0,0,0,358,16383,0,0,0,0
76032.109,16817,59,0,0,0,0,0,8,27372,44,53,0,0,0,0,0,0,0,0,0,0,0,0,0,0,0,0,0,0,0,0,0,0,355,16389,0,0,0,0
76048.408,16298,61,0,0,0,0,0,8,27596,44,53,0,0,0,0,0,0,0,0,0,0,0,0,0,0,0,0,0,0,0,0,0,0,343,16970,0,0,0,0
76065.164,16756,59,0,0,0,0,0,8,27410,44,53,0,0,0,0,0,0,0,0,0,0,0,0,0,0,0,0,0,0,0,0,0,0,372,16617,0,0,0,0
76082.007,16842,59,0,0,0,0,0,8,27683,44,53,0,0,0,0,0,0,0,0,0,0,0,0,0,0,0,0,0,0,0,0,0,0,346,16738,0,0,0,0
76099.110,17103,58,0,0,0,0,0,8,27710,44,53,0,0,0,0,0,0,0,0,0,0,0,0,0,0,0,0,0,0,0,0,0,0,354,16987,0,0,0,0
76115.474,16364,61,0,0,0,0,0,8,27847,44,53,0,0,0,0,0,0,0,0,0,0,0,0,0,0,0,0,0,0,0,0,0,0,350,16817,0,0,0,0
76131.824,16349,61,0,0,0,0,0,8,28090,44,53,0,0,0,0,0,0,0,0,0,0,0,0,0,0,0,0,0,0,0,0,0,0,345,16302,0,0,0,0
76148.442,16618,60,0,0,0,0,0,8,28085,44,53,0,0,0,0,0,0,0,0,0,0,0,0,0,0,0,0,0,0,0,0,0,0,379,16892,0,0,0,0
76165.257,16814,59,0,0,0,0,0,8,28077,44,53,0,0,0,0,0,0,0,0,0,0,0,0,0,0,0,0,0,0,0,0,0,0,379,16695,0,0,0,0
76182.050,16792,59,0,0,0,0,0,8,28385,44,53,0,0,0,0,0,0,0,0,0,0,0,0,0,0,0,0,0,0,0,0,0,0,369,16058,0,0,0,0
76198.868,16818,59,0,0,0,0,0,8,28156,44,53,0,0,0,0,0,0,0,0,0,0,0,0,0,0,0,0,0,0,0,0,0,0,365,16954,0,0,0,0
76215.379,16510,60,0,0,0,0,0,8,28056,44,53,0,0,0,0,0,0,0,0,0,0,0,0,0,0,0,0,0,0,0,0,0,0,369,17166,0,0,0,0
76231.875,16496,60,0,0,0,0,0,8,28075,44,53,0,0,0,0,0,0,0,0,0,0,0,0,0,0,0,0,0,0,0,0,0,0,349,16141,0,0,0,0
76248.409,16534,60,0,0,0,0,0,8,28767,44,53,0,0,0,0,0,0,0,0,0,0,0,0,0,0,0,0,0,0,0,0,0,0,368,15985,0,0,0,0
76265.385,16975,58,0,0,0,0,0,8,28402,44,53,0,0,0,0,0,0,0,0,0,0,0,0,0,0,0,0,0,0,0,0,0,0,348,17503,0,0,0,0
76282.029,16644,60,0,0,0,0,0,8,30672,44,53,0,0,0,0,0,0,0,0,0,0,0,0,0,0,0,0,0,0,0,0,0,0,326,16822,0,0,0,0
76298.542,16512,60,0,0,0,0,0,8,30575,44,53,0,0,0,0,0,0,0,0,0,0,0,0,0,0,0,0,0,0,0,0,0,0,376,16433,0,0,0,0
76315.014,16472,60,0,0,0,0,0,8,30580,44,53,0,0,0,0,0,0,0,0,0,0,0,0,0,0,0,0,0,0,0,0,0,0,382,16733,0,0,0,0
76331.522,16507,60,0,0,0,0,0,8,30832,44,53,0,0,0,0,0,0,0,0,0,0,0,0,0,0,0,0,0,0,0,0,0,0,373,16847,0,0,0,0
76348.399,16877,59,0,0,0,0,0,8,30683,44,53,0,0,0,0,0,0,0,0,0,0,0,0,0,0,0,0,0,0,0,0,0,0,357,16368,0,0,0,0
76365.551,17151,58,0,0,0,0,0,8,30718,44,53,0,0,0,0,0,0,0,0,0,0,0,0,0,0,0,0,0,0,0,0,0,0,380,16696,0,0,0,0
76381.725,16174,61,0,0,0,0,0,8,30575,44,53,0,0,0,0,0,0,0,0,0,0,0,0,0,0,0,0,0,0,0,0,0,0,370,17530,0,0,0,0
76398.267,16541,60,0,0,0,0,0,8,30768,44,53,0,0,0,0,0,0,0,0,0,0,0,0,0,0,0,0,0,0,0,0,0,0,370,15730,0,0,0,0
76415.871,17604,56,0,0,0,0,0,8,30530,44,53,0,0,0,0,0,0,0,0,0,0,0,0,0,0,0,0,0,0,0,0,0,0,346,16749,0,0,0,0
76431.942,16070,62,0,0,0,0,0,8,31141,44,53,0,0,0,0,0,0,0,0,0,0,0,0,0,0,0,0,0,0,0,0,0,0,363,18116,0,0,0,0
76448.861,16919,59,0,0,0,0,0,8,31006,44,53,0,0,0,0,0,0,0,0,0,0,0,0,0,0,0,0,0,0,0,0,0,0,336,15904,0,0,0,0
76465.402,16540,60,0,0,0,0,0,8,30657,44,53,0,0,0,0,0,0,0,0,0,0,0,0,0,0,0,0,0,0,0,0,0,0,350,15897,0,0,0,0
76482.387,16984,58,0,0,0,0,0,8,30834,44,53,0,0,0,0,0,0,0,0,0,0,0,0,0,0,0,0,0,0,0,0,0,0,360,17377,0,0,0,0
76498.861,16474,60,0,0,0,0,0,8,30720,44,53,0,0,0,0,0,0,0,0,0,0,0,0,0,0,0,0,0,0,0,0,0,0,360,16632,0,0,0,0
76515.410,16548,60,0,0,0,0,0,8,30668,44,53,0,0,0,0,0,0,0,0,0,0,0,0,0,0,0,0,0,0,0,0,0,0,359,17175,0,0,0,0
76532.300,16890,59,0,0,0,0,0,8,30970,44,53,0,0,0,0,0,0,0,0,0,0,0,0,0,0,0,0,0,0,0,0,0,0,337,16009,0,0,0,0
76548.876,16576,60,0,0,0,0,0,8,29870,44,53,0,0,0,0,0,0,0,0,0,0,0,0,0,0,0,0,0,0,0,0,0,0,367,16819,0,0,0,0
76564.738,15861,63,0,0,0,0,0,8,29297,44,53,0,0,0,0,0,0,0,0,0,0,0,0,0,0,0,0,0,0,0,0,0,0,350,15617,0,0,0,0
76581.386,16648,60,0,0,0,0,0,8,29421,44,53,0,0,0,0,0,0,0,0,0,0,0,0,0,0,0,0,0,0,0,0,0,0,345,17274,0,0,0,0
76598.386,16994,58,0,0,0,0,0,8,29693,44,53,0,0,0,0,0,0,0,0,0,0,0,0,0,0,0,0,0,0,0,0,0,0,329,16663,0,0,0,0
76615.004,16623,60,0,0,0,0,0,8,29802,44,53,0,0,0,0,0,0,0,0,0,0,0,0,0,0,0,0,0,0,0,0,0,0,367,17063,0,0,0,0
76632.376,17372,57,0,0,0,0,0,8,29727,44,53,0,0,0,0,0,0,0,0,0,0,0,0,0,0,0,0,0,0,0,0,0,0,361,16676,0,0,0,0
76648.667,16290,61,0,0,0,0,0,8,29831,44,53,0,0,0,0,0,0,0,0,0,0,0,0,0,0,0,0,0,0,0,0,0,0,363,16959,0,0,0,0
76665.862,17195,58,0,0,0,0,0,8,29382,44,53,0,0,0,0,0,0,0,0,0,0,0,0,0,0,0,0,0,0,0,0,0,0,382,16561,0,0,0,0
76681.861,15999,62,0,0,0,0,0,8,30029,44,53,0,0,0,0,0,0,0,0,0,0,0,0,0,0,0,0,0,0,0,0,0,0,343,17214,0,0,0,0
76698.378,16516,60,0,0,0,0,0,8,30136,44,53,0,0,0,0,0,0,0,0,0,0,0,0,0,0,0,0,0,0,0,0,0,0,351,14641,0,0,0,0
76715.098,16719,59,0,0,0,0,0,8,30189,44,53,0,0,0,0,0,0,0,0,0,0,0,0,0,0,0,0,0,0,0,0,0,0,373,18335,0,0,0,0
76731.618,16520,60,0,0,0,0,0,8,30396,44,53,0,0,0,0,0,0,0,0,0,0,0,0,0,0,0,0,0,0,0,0,0,0,360,16352,0,0,0,0
76748.859,17241,57,0,0,0,0,0,8,30217,44,53,0,0,0,0,0,0,0,0,0,0,0,0,0,0,0,0,0,0,0,0,0,0,344,16271,0,0,0,0
76765.210,16351,61,0,0,0,0,0,8,30266,44,53,0,0,0,0,0,0,0,0,0,0,0,0,0,0,0,0,0,0,0,0,0,0,375,17219,0,0,0,0
76781.990,16780,59,0,0,0,0,0,8,30300,44,53,0,0,0,0,0,0,0,0,0,0,0,0,0,0,0,0,0,0,0,0,0,0,359,15847,0,0,0,0
76798.864,16873,59,0,0,0,0,0,8,30437,44,53,0,0,0,0,0,0,0,0,0,0,0,0,0,0,0,0,0,0,0,0,0,0,388,17213,0,0,0,0
76815.248,16384,61,0,0,0,0,0,8,30361,44,53,0,0,0,0,0,0,0,0,0,0,0,0,0,0,0,0,0,0,0,0,0,0,384,15945,0,0,0,0
76831.203,15954,62,0,0,0,0,0,8,30454,44,53,0,0,0,0,0,0,0,0,0,0,0,0,0,0,0,0,0,0,0,0,0,0,370,16985,0,0,0,0
76848.339,17135,58,0,0,0,0,0,8,30423,44,53,0,0,0,0,0,0,0,0,0,0,0,0,0,0,0,0,0,0,0,0,0,0,367,15995,0,0,0,0
76865.409,17069,58,0,0,0,0,0,8,32158,44,53,0,0,0,0,0,0,0,0,0,0,0,0,0,0,0,0,0,0,0,0,0,0,369,17218,0,0,0,0
76882.384,16975,58,0,0,0,0,0,8,31973,44,53,0,0,0,0,0,0,0,0,0,0,0,0,0,0,0,0,0,0,0,0,0,0,366,17475,0,0,0,0
76898.864,16479,60,0,0,0,0,0,8,31889,44,53,0,0,0,0,0,0,0,0,0,0,0,0,0,0,0,0,0,0,0,0,0,0,362,16467,0,0,0,0
76915.210,16345,61,0,0,0,0,0,8,31854,44,53,0,0,0,0,0,0,0,0,0,0,0,0,0,0,0,0,0,0,0,0,0,0,323,15470,0,0,0,0
76931.954,16744,59,0,0,0,0,0,8,32012,44,53,0,0,0,0,0,0,0,0,0,0,0,0,0,0,0,0,0,0,0,0,0,0,357,17756,0,0,0,0
76948.420,16465,60,0,0,0,0,0,8,32012,44,53,0,0,0,0,0,0,0,0,0,0,0,0,0,0,0,0,0,0,0,0,0,0,379,16949,0,0,0,0
76965.199,16779,59,0,0,0,0,0,8,32052,44,53,0,0,0,0,0,0,0,0,0,0,0,0,0,0,0,0,0,0,0,0,0,0,365,15995,0,0,0,0
76982.002,16802,59,0,0,0,0,0,8,32109,44,53,0,0,0,0,0,0,0,0,0,0,0,0,0,0,0,0,0,0,0,0,0,0,390,16803,0,0,0,0
76998.775,16773,59,0,0,0,0,0,8,32489,44,53,0,0,0,0,0,0,0,0,0,0,0,0,0,0,0,0,0,0,0,0,0,0,386,17320,0,0,0,0
77015.137,16362,61,0,0,0,0,0,8,32334,44,53,0,0,0,0,0,0,0,0,0,0,0,0,0,0,0,0,0,0,0,0,0,0,388,16566,0,0,0,0
77031.992,16855,59,0,0,0,0,0,8,32424,44,53,0,0,0,0,0,0,0,0,0,0,0,0,0,0,0,0,0,0,0,0,0,0,368,16832,0,0,0,0
77048.854,16862,59,0,0,0,0,0,8,32434,44,53,0,0,0,0,0,0,0,0,0,0,0,0,0,0,0,0,0,0,0,0,0,0,348,16307,0,0,0,0
77065.379,16524,60,0,0,0,0,0,8,32378,44,53,0,0,0,0,0,0,0,0,0,0,0,0,0,0,0,0,0,0,0,0,0,0,354,17085,0,0,0,0
77081.858,16479,60,0,0,0,0,0,8,32442,44,53,0,0,0,0,0,0,0,0,0,0,0,0,0,0,0,0,0,0,0,0,0,0,360,16056,0,0,0,0
77098.383,16525,60,0,0,0,0,0,8,32458,44,53,0,0,0,0,0,0,0,0,0,0,0,0,0,0,0,0,0,0,0,0,0,0,365,17081,0,0,0,0
77115.522,17139,58,0,0,0,0,0,8,32487,44,53,0,0,0,0,0,0,0,0,0,0,0,0,0,0,0,0,0,0,0,0,0,0,356,16366,0,0,0,0
77131.856,16333,61,0,0,0,0,0,8,29729,44,53,0,0,0,0,0,0,0,0,0,0,0,0,0,0,0,0,0,0,0,0,0,0,362,16697,0,0,0,0
77148.254,16398,60,0,0,0,0,0,8,29747,44,53,0,0,0,0,0,0,0,0,0,0,0,0,0,0,0,0,0,0,0,0,0,0,353,16648,0,0,0,0
77165.016,16760,59,0,0,0,0,0,8,29620,44,53,0,0,0,0,0,0,0,0,0,0,0,0,0,0,0,0,0,0,0,0,0,0,345,16396,0,0,0,0
77182.231,17215,58,0,0,0,0,0,8,29827,44,53,0,0,0,0,0,0,0,0,0,0,0,0,0,0,0,0,0,0,0,0,0,0,354,16530,0,0,0,0
77198.876,16645,60,0,0,0,0,0,8,30056,44,53,0,0,0,0,0,0,0,0,0,0,0,0,0,0,0,0,0,0,0,0,0,0,354,17347,0,0,0,0
77215.858,16981,58,0,0,0,0,0,8,29765,44,53,0,0,0,0,0,0,0,0,0,0,0,0,0,0,0,0,0,0,0,0,0,0,371,16483,0,0,0,0
77231.887,16029,62,0,0,0,0,0,8,29855,44,53,0,0,0,0,0,0,0,0,0,0,0,0,0,0,0,0,0,0,0,0,0,0,362,16782,0,0,0,0
77248.380,16493,60,0,0,0,0,0,8,29896,44,53,0,0,0,0,0,0,0,0,0,0,0,0,0,0,0,0,0,0,0,0,0,0,369,16309,0,0,0,0
77265.065,16685,59,0,0,0,0,0,8,29813,44,53,0,0,0,0,0,0,0,0,0,0,0,0,0,0,0,0,0,0,0,0,0,0,362,16561,0,0,0,0
77282.009,16943,59,0,0,0,0,0,8,30321,44,53,0,0,0,0,0,0,0,0,0,0,0,0,0,0,0,0,0,0,0,0,0,0,349,16692,0,0,0,0
77298.854,16845,59,0,0,0,0,0,8,30031,44,53,0,0,0,0,0,0,0,0,0,0,0,0,0,0,0,0,0,0,0,0,0,0,365,17059,0,0,0,0
77315.095,16241,61,0,0,0,0,0,8,30013,44,53,0,0,0,0,0,0,0,0,0,0,0,0,0,0,0,0,0,0,0,0,0,0,353,15827,0,0,0,0
77331.849,16754,59,0,0,0,0,0,8,30206,44,53,0,0,0,0,0,0,0,0,0,0,0,0,0,0,0,0,0,0,0,0,0,0,350,17001,0,0,0,0
77348.234,16384,61,0,0,0,0,0,8,30777,44,53,0,0,0,0,0,0,0,0,0,0,0,0,0,0,0,0,0,0,0,0,0,0,349,16991,0,0,0,0
77365.398,17164,58,0,0,0,0,0,8,30652,44,53,0,0,0,0,0,0,0,0,0,0,0,0,0,0,0,0,0,0,0,0,0,0,353,16056,0,0,0,0
77382.111,16712,59,0,0,0,0,0,8,30413,44,53,0,0,0,0,0,0,0,0,0,0,0,0,0,0,0,0,0,0,0,0,0,0,357,17169,0,0,0,0
77398.395,16283,61,0,0,0,0,0,8,30181,44,53,0,0,0,0,0,0,0,0,0,0,0,0,0,0,0,0,0,0,0,0,0,0,358,16845,0,0,0,0
77415.372,16977,58,0,0,0,0,0,8,29932,44,53,0,0,0,0,0,0,0,0,0,0,0,0,0,0,0,0,0,0,0,0,0,0,344,15910,0,0,0,0
77432.023,16650,60,0,0,0,0,0,8,30164,44,53,0,0,0,0,0,0,0,0,0,0,0,0,0,0,0,0,0,0,0,0,0,0,351,17493,0,0,0,0
77448.401,16377,61,0,0,0,0,0,8,30538,44,53,0,0,0,0,0,0,0,0,0,0,0,0,0,0,0,0,0,0,0,0,0,0,387,16775,0,0,0,0
77465.235,16834,59,0,0,0,0,0,8,30040,44,53,0,0,0,0,0,0,0,0,0,0,0,0,0,0,0,0,0,0,0,0,0,0,359,16060,0,0,0,0
77481.992,16756,59,0,0,0,0,0,8,30076,44,53,0,0,0,0,0,0,0,0,0,0,0,0,0,0,0,0,0,0,0,0,0,0,342,16752,0,0,0,0
77497.998,16006,62,0,0,0,0,0,8,30206,44,53,0,0,0,0,0,0,0,0,0,0,0,0,0,0,0,0,0,0,0,0,0,0,376,17022,0,0,0,0
77515.235,17237,58,0,0,0,0,0,8,30030,44,53,0,0,0,0,0,0,0,0,0,0,0,0,0,0,0,0,0,0,0,0,0,0,367,15886,0,0,0,0
77532.065,16830,59,0,0,0,0,0,8,30397,44,53,0,0,0,0,0,0,0,0,0,0,0,0,0,0,0,0,0,0,0,0,0,0,341,17383,0,0,0,0
77548.860,16795,59,0,0,0,0,0,8,30134,44,53,0,0,0,0,0,0,0,0,0,0,0,0,0,0,0,0,0,0,0,0,0,0,355,16981,0,0,0,0
77565.448,16587,60,0,0,0,0,0,8,30019,44,53,0,0,0,0,0,0,0,0,0,0,0,0,0,0,0,0,0,0,0,0,0,0,393,16930,0,0,0,0
77581.819,16371,61,0,0,0,0,0,8,30031,44,53,0,0,0,0,0,0,0,0,0,0,0,0,0,0,0,0,0,0,0,0,0,0,349,15766,0,0,0,0
77598.561,16742,59,0,0,0,0,0,8,30140,44,53,0,0,0,0,0,0,0,0,0,0,0,0,0,0,0,0,0,0,0,0,0,0,346,16802,0,0,0,0
77615.067,16505,60,0,0,0,0,0,8,30198,44,53,0,0,0,0,0,0,0,0,0,0,0,0,0,0,0,0,0,0,0,0,0,0,353,17121,0,0,0,0
77631.851,16783,59,0,0,0,0,0,8,30351,44,53,0,0,0,0,0,0,0,0,0,0,0,0,0,0,0,0,0,0,0,0,0,0,357,16314,0,0,0,0
77647.883,16032,62,0,0,0,0,0,8,30590,44,53,0,0,0,0,0,0,0,0,0,0,0,0,0,0,0,0,0,0,0,0,0,0,358,16830,0,0,0,0
77665.858,17974,55,0,0,0,0,0,8,30673,44,53,0,0,0,0,0,0,0,0,0,0,0,0,0,0,0,0,0,0,0,0,0,0,358,15786,0,0,0,0
77681.987,16128,62,0,0,0,0,0,8,31039,44,53,0,0,0,0,0,0,0,0,0,0,0,0,0,0,0,0,0,0,0,0,0,0,363,18101,0,0,0,0
77698.849,16862,59,0,0,0,0,0,8,31403,44,53,0,0,0,0,0,0,0,0,0,0,0,0,0,0,0,0,0,0,0,0,0,0,363,16515,0,0,0,0
77715.362,16513,60,0,0,0,0,0,8,33206,44,53,0,0,0,0,0,0,0,0,0,0,0,0,0,0,0,0,0,0,0,0,0,0,338,16704,0,0,0,0
77731.602,16239,61,0,0,0,0,0,8,33131,44,53,0,0,0,0,0,0,0,0,0,0,0,0,0,0,0,0,0,0,0,0,0,0,356,16383,0,0,0,0
77748.407,16805,59,0,0,0,0,0,8,33442,44,53,0,0,0,0,0,0,0,0,0,0,0,0,0,0,0,0,0,0,0,0,0,0,352,16217,0,0,0,0
77764.949,16542,60,0,0,0,0,0,8,33640,44,53,0,0,0,0,0,0,0,0,0,0,0,0,0,0,0,0,0,0,0,0,0,0,345,16238,0,0,0,0
77782.065,17116,58,0,0,0,0,0,8,34057,44,53,0,0,0,0,0,0,0,0,0,0,0,0,0,0,0,0,0,0,0,0,0,0,363,17050,0,0,0,0
77798.870,16804,59,0,0,0,0,0,8,34335,44,53,0,0,0,0,0,0,0,0,0,0,0,0,0,0,0,0,0,0,0,0,0,0,399,17930,0,0,0,0
77815.369,16499,60,0,0,0,0,0,8,34231,44,53,0,0,0,0,0,0,0,0,0,0,0,0,0,0,0,0,0,0,0,0,0,0,358,14953,0,0,0,0
77831.838,16469,60,0,0,0,0,0,8,34330,44,53,0,0,0,0,0,0,0,0,0,0,0,0,0,0,0,0,0,0,0,0,0,0,348,17702,0,0,0,0
77848.861,17011,58,0,0,0,0,0,8,34270,44,53,0,0,0,0,0,0,0,0,0,0,0,0,0,0,0,0,0,0,0,0,0,0,383,16407,0,0,0,0
77865.228,16377,61,0,0,0,0,0,8,34302,44,53,0,0,0,0,0,0,0,0,0,0,0,0,0,0,0,0,0,0,0,0,0,0,334,17052,0,0,0,0
77881.611,16383,61,0,0,0,0,0,8,34211,44,53,0,0,0,0,0,0,0,0,0,0,0,0,0,0,0,0,0,0,0,0,0,0,338,15855,0,0,0,0
77898.398,16786,59,0,0,0,0,0,8,34110,44,53,0,0,0,0,0,0,0,0,0,0,0,0,0,0,0,0,0,0,0,0,0,0,358,17202,0,0,0,0
77914.992,16593,60,0,0,0,0,0,8,34092,44,53,0,0,0,0,0,0,0,0,0,0,0,0,0,0,0,0,0,0,0,0,0,0,350,16434,0,0,0,0
77931.980,16988,58,0,0,0,0,0,8,34268,44,53,0,0,0,0,0,0,0,0,0,0,0,0,0,0,0,0,0,0,0,0,0,0,372,16821,0,0,0,0
77948.509,16529,60,0,0,0,0,0,8,34342,44,53,0,0,0,0,0,0,0,0,0,0,0,0,0,0,0,0,0,0,0,0,0,0,359,16854,0,0,0,0
77964.898,16388,61,0,0,0,0,0,8,34159,44,53,0,0,0,0,0,0,0,0,0,0,0,0,0,0,0,0,0,0,0,0,0,0,363,16415,0,0,0,0
77982.728,17830,56,0,0,0,0,0,8,32810,44,53,0,0,0,0,0,0,0,0,0,0,0,0,0,0,0,0,0,0,0,0,0,0,347,16539,0,0,0,0
77998.369,15640,63,0,0,0,0,0,8,33362,44,53,0,0,0,0,0,0,0,0,0,0,0,0,0,0,0,0,0,0,0,0,0,0,359,17681,0,0,0,0
78015.253,16884,59,0,0,0,0,0,8,33263,44,53,0,0,0,0,0,0,0,0,0,0,0,0,0,0,0,0,0,0,0,0,0,0,363,15525,0,0,0,0
78031.667,16413,60,0,0,0,0,0,8,33539,44,53,0,0,0,0,0,0,0,0,0,0,0,0,0,0,0,0,0,0,0,0,0,0,390,16786,0,0,0,0
78048.848,17181,58,0,0,0,0,0,8,33769,44,53,0,0,0,0,0,0,0,0,0,0,0,0,0,0,0,0,0,0,0,0,0,0,367,16190,0,0,0,0
78065.856,17008,58,0,0,0,0,0,8,33680,44,53,0,0,0,0,0,0,0,0,0,0,0,0,0,0,0,0,0,0,0,0,0,0,344,16703,0,0,0,0
78081.866,16009,62,0,0,0,0,0,8,34328,44,53,0,0,0,0,0,0,0,0,0,0,0,0,0,0,0,0,0,0,0,0,0,0,347,18194,0,0,0,0
78098.382,16516,60,0,0,0,0,0,8,34310,44,53,0,0,0,0,0,0,0,0,0,0,0,0,0,0,0,0,0,0,0,0,0,0,353,16244,0,0,0,0
78115.261,16878,59,0,0,0,0,0,8,34390,44,53,0,0,0,0,0,0,0,0,0,0,0,0,0,0,0,0,0,0,0,0,0,0,359,16002,0,0,0,0
78132.057,16795,59,0,0,0,0,0,8,34259,44,53,0,0,0,0,0,0,0,0,0,0,0,0,0,0,0,0,0,0,0,0,0,0,350,16693,0,0,0,0
78148.710,16653,60,0,0,0,0,0,8,34319,44,53,0,0,0,0,0,0,0,0,0,0,0,0,0,0,0,0,0,0,0,0,0,0,355,17220,0,0,0,0
78164.626,15916,62,0,0,0,0,0,8,34120,44,53,0,0,0,0,0,0,0,0,0,0,0,0,0,0,0,0,0,0,0,0,0,0,335,16144,0,0,0,0
78181.985,17358,57,0,0,0,0,0,8,34240,44,53,0,0,0,0,0,0,0,0,0,0,0,0,0,0,0,0,0,0,0,0,0,0,359,16342,0,0,0,0
78198.420,16434,60,0,0,0,0,0,8,34426,44,53,0,0,0,0,0,0,0,0,0,0,0,0,0,0,0,0,0,0,0,0,0,0,363,17300,0,0,0,0
78215.369,16950,58,0,0,0,0,0,8,34063,44,53,0,0,0,0,0,0,0,0,0,0,0,0,0,0,0,0,0,0,0,0,0,0,347,16109,0,0,0,0
78232.010,16640,60,0,0,0,0,0,8,34265,44,53,0,0,0,0,0,0,0,0,0,0,0,0,0,0,0,0,0,0,0,0,0,0,333,17316,0,0,0,0
78248.378,16368,61,0,0,0,0,0,8,34165,44,53,0,0,0,0,0,0,0,0,0,0,0,0,0,0,0,0,0,0,0,0,0,0,378,16097,0,0,0,0
78264.985,16606,60,0,0,0,0,0,8,34697,44,53,0,0,0,0,0,0,0,0,0,0,0,0,0,0,0,0,0,0,0,0,0,0,331,16898,0,0,0,0
78281.873,16888,59,0,0,0,0,0,8,34081,44,53,0,0,0,0,0,0,0,0,0,0,0,0,0,0,0,0,0,0,0,0,0,0,350,16837,0,0,0,0
78298.231,16357,61,0,0,0,0,0,8,33823,44,53,0,0,0,0,0,0,0,0,0,0,0,0,0,0,0,0,0,0,0,0,0,0,369,16576,0,0,0,0
78315.453,17222,58,0,0,0,0,0,8,33622,44,53,0,0,0,0,0,0,0,0,0,0,0,0,0,0,0,0,0,0,0,0,0,0,379,15871,0,0,0,0
78332.937,17483,57,0,0,0,0,0,8,33719,44,53,0,0,0,0,0,0,0,0,0,0,0,0,0,0,0,0,0,0,0,0,0,0,359,17754,0,0,0,0
78348.250,15313,65,0,0,0,0,0,8,33402,44,53,0,0,0,0,0,0,0,0,0,0,0,0,0,0,0,0,0,0,0,0,0,0,379,17997,0,0,0,0
78365.367,17116,58,0,0,0,0,0,8,33286,44,53,0,0,0,0,0,0,0,0,0,0,0,0,0,0,0,0,0,0,0,0,0,0,337,14900,0,0,0,0
78382.000,16633,60,0,0,0,0,0,8,32986,44,53,0,0,0,0,0,0,0,0,0,0,0,0,0,0,0,0,0,0,0,0,0,0,349,17173,0,0,0,0
78398.382,16381,61,0,0,0,0,0,8,32832,44,53,0,0,0,0,0,0,0,0,0,0,0,0,0,0,0,0,0,0,0,0,0,0,373,16236,0,0,0,0
78415.356,16973,58,0,0,0,0,0,8,32674,44,53,0,0,0,0,0,0,0,0,0,0,0,0,0,0,0,0,0,0,0,0,0,0,345,16590,0,0,0,0
78432.373,17017,58,0,0,0,0,0,8,32609,44,53,0,0,0,0,0,0,0,0,0,0,0,0,0,0,0,0,0,0,0,0,0,0,345,17027,0,0,0,0
78448.844,16470,60,0,0,0,0,0,8,32608,44,53,0,0,0,0,0,0,0,0,0,0,0,0,0,0,0,0,0,0,0,0,0,0,348,16347,0,0,0,0
78465.850,17005,58,0,0,0,0,0,8,32210,44,53,0,0,0,0,0,0,0,0,0,0,0,0,0,0,0,0,0,0,0,0,0,0,366,17063,0,0,0,0
78482.055,16205,61,0,0,0,0,0,8,32493,44,53,0,0,0,0,0,0,0,0,0,0,0,0,0,0,0,0,0,0,0,0,0,0,372,17149,0,0,0,0
78498.856,16800,59,0,0,0,0,0,8,32345,44,53,0,0,0,0,0,0,0,0,0,0,0,0,0,0,0,0,0,0,0,0,0,0,359,15784,0,0,0,0
78515.151,16295,61,0,0,0,0,0,8,32597,44,53,0,0,0,0,0,0,0,0,0,0,0,0,0,0,0,0,0,0,0,0,0,0,417,17302,0,0,0,0
78531.982,16831,59,0,0,0,0,0,8,34268,44,53,0,0,0,0,0,0,0,0,0,0,0,0,0,0,0,0,0,0,0,0,0,0,355,15685,0,0,0,0
78548.466,16483,60,0,0,0,0,0,8,34177,44,53,0,0,0,0,0,0,0,0,0,0,0,0,0,0,0,0,0,0,0,0,0,0,350,17333,0,0,0,0
78565.849,17382,57,0,0,0,0,0,8,33972,44,53,0,0,0,0,0,0,0,0,0,0,0,0,0,0,0,0,0,0,0,0,0,0,354,15967,0,0,0,0
78581.887,16037,62,0,0,0,0,0,8,34264,44,53,0,0,0,0,0,0,0,0,0,0,0,0,0,0,0,0,0,0,0,0,0,0,379,17750,0,0,0,0
78598.608,16721,59,0,0,0,0,0,8,34086,44,53,0,0,0,0,0,0,0,0,0,0,0,0,0,0,0,0,0,0,0,0,0,0,358,16109,0,0,0,0
78615.859,17250,57,0,0,0,0,0,8,34081,44,53,0,0,0,0,0,0,0,0,0,0,0,0,0,0,0,0,0,0,0,0,0,0,346,16390,0,0,0,0
78631.977,16118,62,0,0,0,0,0,8,33919,44,53,0,0,0,0,0,0,0,0,0,0,0,0,0,0,0,0,0,0,0,0,0,0,381,17886,0,0,0,0
78648.841,16864,59,0,0,0,0,0,8,33654,44,53,0,0,0,0,0,0,0,0,0,0,0,0,0,0,0,0,0,0,0,0,0,0,344,15765,0,0,0,0
78665.253,16411,60,0,0,0,0,0,8,33351,44,53,0,0,0,0,0,0,0,0,0,0,0,0,0,0,0,0,0,0,0,0,0,0,339,16926,0,0,0,0
78681.914,16661,60,0,0,0,0,0,8,33272,44,53,0,0,0,0,0,0,0,0,0,0,0,0,0,0,0,0,0,0,0,0,0,0,338,15818,0,0,0,0
78698.366,16451,60,0,0,0,0,0,8,33388,44,53,0,0,0,0,0,0,0,0,0,0,0,0,0,0,0,0,0,0,0,0,0,0,355,17390,0,0,0,0
78715.500,17134,58,0,0,0,0,0,8,33140,44,53,0,0,0,0,0,0,0,0,0,0,0,0,0,0,0,0,0,0,0,0,0,0,341,16081,0,0,0,0
78731.988,16487,60,0,0,0,0,0,8,32894,44,53,0,0,0,0,0,0,0,0,0,0,0,0,0,0,0,0,0,0,0,0,0,0,349,16891,0,0,0,0
78748.842,16854,59,0,0,0,0,0,8,32841,44,53,0,0,0,0,0,0,0,0,0,0,0,0,0,0,0,0,0,0,0,0,0,0,339,16807,0,0,0,0
78764.906,16063,62,0,0,0,0,0,8,33899,44,53,0,0,0,0,0,0,0,0,0,0,0,0,0,0,0,0,0,0,0,0,0,0,359,16992,0,0,0,0
78782.843,17937,55,0,0,0,0,0,8,33731,44,53,0,0,0,0,0,0,0,0,0,0,0,0,0,0,0,0,0,0,0,0,0,0,349,16419,0,0,0,0
78798.352,15508,64,0,0,0,0,0,8,31305,44,53,0,0,0,0,0,0,0,0,0,0,0,0,0,0,0,0,0,0,0,0,0,0,354,17396,0,0,0,0
78815.850,17498,57,0,0,0,0,0,8,32128,44,53,0,0,0,0,0,0,0,0,0,0,0,0,0,0,0,0,0,0,0,0,0,0,381,15878,0,0,0,0
78831.902,16051,62,0,0,0,0,0,8,31328,44,53,0,0,0,0,0,0,0,0,0,0,0,0,0,0,0,0,0,0,0,0,0,0,349,17147,0,0,0,0
78848.232,16329,61,0,0,0,0,0,8,32260,44,53,0,0,0,0,0,0,0,0,0,0,0,0,0,0,0,0,0,0,0,0,0,0,347,16181,0,0,0,0
78865.355,17122,58,0,0,0,0,0,8,33351,44,53,0,0,0,0,0,0,0,0,0,0,0,0,0,0,0,0,0,0,0,0,0,0,356,16654,0,0,0,0
78881.840,16484,60,0,0,0,0,0,8,32793,44,53,0,0,0,0,0,0,0,0,0,0,0,0,0,0,0,0,0,0,0,0,0,0,339,16842,0,0,0,0
78898.557,16717,59,0,0,0,0,0,8,32608,44,53,0,0,0,0,0,0,0,0,0,0,0,0,0,0,0,0,0,0,0,0,0,0,342,15156,0,0,0,0
78914.514,15957,62,0,0,0,0,0,8,32582,44,53,0,0,0,0,0,0,0,0,0,0,0,0,0,0,0,0,0,0,0,0,0,0,364,17901,0,0,0,0
78931.846,17331,57,0,0,0,0,0,8,32664,44,53,0,0,0,0,0,0,0,0,0,0,0,0,0,0,0,0,0,0,0,0,0,0,377,16018,0,0,0,0
78948.435,16588,60,0,0,0,0,0,8,32719,44,53,0,0,0,0,0,0,0,0,0,0,0,0,0,0,0,0,0,0,0,0,0,0,369,17305,0,0,0,0
78965.275,16840,59,0,0,0,0,0,8,32568,44,53,0,0,0,0,0,0,0,0,0,0,0,0,0,0,0,0,0,0,0,0,0,0,360,16468,0,0,0,0
78982.843,17567,56,0,0,0,0,0,8,32547,44,53,0,0,0,0,0,0,0,0,0,0,0,0,0,0,0,0,0,0,0,0,0,0,317,16252,0,0,0,0
78998.843,16000,62,0,0,0,0,0,8,32598,44,53,0,0,0,0,0,0,0,0,0,0,0,0,0,0,0,0,0,0,0,0,0,0,373,18224,0,0,0,0
79015.427,16584,60,0,0,0,0,0,8,32389,44,53,0,0,0,0,0,0,0,0,0,0,0,0,0,0,0,0,0,0,0,0,0,0,342,14923,0,0,0,0
79032.371,16943,59,0,0,0,0,0,8,32578,44,53,0,0,0,0,0,0,0,0,0,0,0,0,0,0,0,0,0,0,0,0,0,0,367,17853,0,0,0,0
79048.846,16475,60,0,0,0,0,0,8,32452,44,53,0,0,0,0,0,0,0,0,0,0,0,0,0,0,0,0,0,0,0,0,0,0,350,16324,0,0,0,0
79065.838,16991,58,0,0,0,0,0,8,32316,44,53,0,0,0,0,0,0,0,0,0,0,0,0,0,0,0,0,0,0,0,0,0,0,359,17017,0,0,0,0
79081.503,15665,63,0,0,0,0,0,8,32428,44,53,0,0,0,0,0,0,0,0,0,0,0,0,0,0,0,0,0,0,0,0,0,0,356,17013,0,0,0,0
79098.357,16854,59,0,0,0,0,0,8,32345,44,53,0,0,0,0,0,0,0,0,0,0,0,0,0,0,0,0,0,0,0,0,0,0,330,15846,0,0,0,0
79115.351,16993,58,0,0,0,0,0,8,32513,44,53,0,0,0,0,0,0,0,0,0,0,0,0,0,0,0,0,0,0,0,0,0,0,345,16884,0,0,0,0
79131.911,16559,60,0,0,0,0,0,8,30693,44,53,0,0,0,0,0,0,0,0,0,0,0,0,0,0,0,0,0,0,0,0,0,0,343,16472,0,0,0,0
79148.591,16680,59,0,0,0,0,0,8,30640,44,53,0,0,0,0,0,0,0,0,0,0,0,0,0,0,0,0,0,0,0,0,0,0,370,16677,0,0,0,0
79165.844,17253,57,0,0,0,0,0,8,30573,44,53,0,0,0,0,0,0,0,0,0,0,0,0,0,0,0,0,0,0,0,0,0,0,343,16750,0,0,0,0
79182.049,16204,61,0,0,0,0,0,8,30627,44,53,0,0,0,0,0,0,0,0,0,0,0,0,0,0,0,0,0,0,0,0,0,0,339,17390,0,0,0,0
79198.365,16316,61,0,0,0,0,0,8,30651,44,53,0,0,0,0,0,0,0,0,0,0,0,0,0,0,0,0,0,0,0,0,0,0,358,15908,0,0,0,0
79215.360,16995,58,0,0,0,0,0,8,30420,44,53,0,0,0,0,0,0,0,0,0,0,0,0,0,0,0,0,0,0,0,0,0,0,346,16204,0,0,0,0
79231.844,16483,60,0,0,0,0,0,8,30535,44,53,0,0,0,0,0,0,0,0,0,0,0,0,0,0,0,0,0,0,0,0,0,0,364,17320,0,0,0,0
79248.260,16416,60,0,0,0,0,0,8,30468,44,53,0,0,0,0,0,0,0,0,0,0,0,0,0,0,0,0,0,0,0,0,0,0,345,15186,0,0,0,0
79265.844,17583,56,0,0,0,0,0,8,30300,44,53,0,0,0,0,0,0,0,0,0,0,0,0,0,0,0,0,0,0,0,0,0,0,371,17582,0,0,0,0
79281.845,16001,62,0,0,0,0,0,8,30547,44,53,0,0,0,0,0,0,0,0,0,0,0,0,0,0,0,0,0,0,0,0,0,0,359,17870,0,0,0,0
79298.381,16536,60,0,0,0,0,0,8,31450,44,53,0,0,0,0,0,0,0,0,0,0,0,0,0,0,0,0,0,0,0,0,0,0,367,15909,0,0,0,0
79315.320,16938,59,0,0,0,0,0,8,30806,44,53,0,0,0,0,0,0,0,0,0,0,0,0,0,0,0,0,0,0,0,0,0,0,365,16490,0,0,0,0
79332.072,16752,59,0,0,0,0,0,8,30761,44,53,0,0,0,0,0,0,0,0,0,0,0,0,0,0,0,0,0,0,0,0,0,0,353,16352,0,0,0,0
79348.418,16345,61,0,0,0,0,0,8,32341,44,53,0,0,0,0,0,0,0,0,0,0,0,0,0,0,0,0,0,0,0,0,0,0,368,16752,0,0,0,0
79365.382,16964,58,0,0,0,0,0,8,32361,44,53,0,0,0,0,0,0,0,0,0,0,0,0,0,0,0,0,0,0,0,0,0,0,353,16341,0,0,0,0
79382.836,17453,57,0,0,0,0,0,8,32454,44,53,0,0,0,0,0,0,0,0,0,0,0,0,0,0,0,0,0,0,0,0,0,0,340,16926,0,0,0,0
79398.840,16004,62,0,0,0,0,0,8,33864,44,53,0,0,0,0,0,0,0,0,0,0,0,0,0,0,0,0,0,0,0,0,0,0,361,18345,0,0,0,0
79415.842,17002,58,0,0,0,0,0,8,32437,44,53,0,0,0,0,0,0,0,0,0,0,0,0,0,0,0,0,0,0,0,0,0,0,354,15348,0,0,0,0
79431.961,16118,62,0,0,0,0,0,8,32532,44,53,0,0,0,0,0,0,0,0,0,0,0,0,0,0,0,0,0,0,0,0,0,0,360,17443,0,0,0,0
79448.838,16877,59,0,0,0,0,0,8,32768,44,53,0,0,0,0,0,0,0,0,0,0,0,0,0,0,0,0,0,0,0,0,0,0,355,16063,0,0,0,0
79465.838,16999,58,0,0,0,0,0,8,32544,44,53,0,0,0,0,0,0,0,0,0,0,0,0,0,0,0,0,0,0,0,0,0,0,339,15660,0,0,0,0
79481.636,15798,63,0,0,0,0,0,8,32540,44,53,0,0,0,0,0,0,0,0,0,0,0,0,0,0,0,0,0,0,0,0,0,0,352,18093,0,0,0,0
79498.343,16707,59,0,0,0,0,0,8,32335,44,53,0,0,0,0,0,0,0,0,0,0,0,0,0,0,0,0,0,0,0,0,0,0,350,15911,0,0,0,0
79514.986,16643,60,0,0,0,0,0,8,33214,44,53,0,0,0,0,0,0,0,0,0,0,0,0,0,0,0,0,0,0,0,0,0,0,352,16835,0,0,0,0
79532.012,17025,58,0,0,0,0,0,8,32565,44,53,0,0,0,0,0,0,0,0,0,0,0,0,0,0,0,0,0,0,0,0,0,0,358,16393,0,0,0,0
79548.394,16381,61,0,0,0,0,0,8,33808,44,53,0,0,0,0,0,0,0,0,0,0,0,0,0,0,0,0,0,0,0,0,0,0,365,16987,0,0,0,0
79565.839,17445,57,0,0,0,0,0,8,33959,44,53,0,0,0,0,0,0,0,0,0,0,0,0,0,0,0,0,0,0,0,0,0,0,355,16760,0,0,0,0
79582.045,16206,61,0,0,0,0,0,8,32911,44,53,0,0,0,0,0,0,0,0,0,0,0,0,0,0,0,0,0,0,0,0,0,0,336,17675,0,0,0,0
79598.485,16439,60,0,0,0,0,0,8,33309,44,53,0,0,0,0,0,0,0,0,0,0,0,0,0,0,0,0,0,0,0,0,0,0,361,15966,0,0,0,0
79615.832,17347,57,0,0,0,0,0,8,31680,44,53,0,0,0,0,0,0,0,0,0,0,0,0,0,0,0,0,0,0,0,0,0,0,360,16689,0,0,0,0
79631.832,16000,62,0,0,0,0,0,8,31080,44,53,0,0,0,0,0,0,0,0,0,0,0,0,0,0,0,0,0,0,0,0,0,0,364,17003,0,0,0,0
79648.364,16532,60,0,0,0,0,0,8,30767,44,53,0,0,0,0,0,0,0,0,0,0,0,0,0,0,0,0,0,0,0,0,0,0,355,15505,0,0,0,0
79665.184,16819,59,0,0,0,0,0,8,30579,44,53,0,0,0,0,0,0,0,0,0,0,0,0,0,0,0,0,0,0,0,0,0,0,350,16961,0,0,0,0
79682.353,17169,58,0,0,0,0,0,8,30878,44,53,0,0,0,0,0,0,0,0,0,0,0,0,0,0,0,0,0,0,0,0,0,0,361,16741,0,0,0,0
79697.841,15488,64,0,0,0,0,0,8,32866,44,53,0,0,0,0,0,0,0,0,0,0,0,0,0,0,0,0,0,0,0,0,0,0,369,20903,0,0,0,0
79714.973,17132,58,0,0,0,0,0,8,32523,44,53,0,0,0,0,0,0,0,0,0,0,0,0,0,0,0,0,0,0,0,0,0,0,342,11465,0,0,0,0
79731.864,16890,59,0,0,0,0,0,8,32814,44,53,0,0,0,0,0,0,0,0,0,0,0,0,0,0,0,0,0,0,0,0,0,0,371,17631,0,0,0,0
79748.260,16396,60,0,0,0,0,0,8,32643,44,53,0,0,0,0,0,0,0,0,0,0,0,0,0,0,0,0,0,0,0,0,0,0,348,15720,0,0,0,0
79764.988,16728,59,0,0,0,0,0,8,32528,44,53,0,0,0,0,0,0,0,0,0,0,0,0,0,0,0,0,0,0,0,0,0,0,362,17177,0,0,0,0
79781.974,16986,58,0,0,0,0,0,8,32896,44,53,0,0,0,0,0,0,0,0,0,0,0,0,0,0,0,0,0,0,0,0,0,0,362,16982,0,0,0,0
79798.373,16399,60,0,0,0,0,0,8,32611,44,53,0,0,0,0,0,0,0,0,0,0,0,0,0,0,0,0,0,0,0,0,0,0,345,16961,0,0,0,0
79815.353,16979,58,0,0,0,0,0,8,32514,44,53,0,0,0,0,0,0,0,0,0,0,0,0,0,0,0,0,0,0,0,0,0,0,357,16445,0,0,0,0
79831.980,16627,60,0,0,0,0,0,8,32937,44,53,0,0,0,0,0,0,0,0,0,0,0,0,0,0,0,0,0,0,0,0,0,0,338,16996,0,0,0,0
79848.833,16852,59,0,0,0,0,0,8,33045,44,53,0,0,0,0,0,0,0,0,0,0,0,0,0,0,0,0,0,0,0,0,0,0,362,16259,0,0,0,0
79865.407,16574,60,0,0,0,0,0,8,32850,44,53,0,0,0,0,0,0,0,0,0,0,0,0,0,0,0,0,0,0,0,0,0,0,361,15959,0,0,0,0
79881.982,16575,60,0,0,0,0,0,8,32894,44,53,0,0,0,0,0,0,0,0,0,0,0,0,0,0,0,0,0,0,0,0,0,0,355,17967,0,0,0,0
79898.520,16538,60,0,0,0,0,0,8,32994,44,53,0,0,0,0,0,0,0,0,0,0,0,0,0,0,0,0,0,0,0,0,0,0,440,17246,0,0,0,0
79914.571,16050,62,0,0,0,0,0,8,32870,44,53,0,0,0,0,0,0,0,0,0,0,0,0,0,0,0,0,0,0,0,0,0,0,370,15632,0,0,0,0
79932.002,17431,57,0,0,0,0,0,8,32960,44,53,0,0,0,0,0,0,0,0,0,0,0,0,0,0,0,0,0,0,0,0,0,0,367,15703,0,0,0,0
79948.833,16831,59,0,0,0,0,0,8,33213,44,53,0,0,0,0,0,0,0,0,0,0,0,0,0,0,0,0,0,0,0,0,0,0,388,18513,0,0,0,0
79965.837,17003,58,0,0,0,0,0,8,31248,44,53,0,0,0,0,0,0,0,0,0,0,0,0,0,0,0,0,0,0,0,0,0,0,354,15194,0,0,0,0
79981.830,15993,62,0,0,0,0,0,8,31312,44,53,0,0,0,0,0,0,0,0,0,0,0,0,0,0,0,0,0,0,0,0,0,0,365,17973,0,0,0,0
79998.367,16537,60,0,0,0,0,0,8,31369,44,53,0,0,0,0,0,0,0,0,0,0,0,0,0,0,0,0,0,0,0,0,0,0,341,16031,0,0,0,0
80015.276,16908,59,0,0,0,0,0,8,31155,44,53,0,0,0,0,0,0,0,0,0,0,0,0,0,0,0,0,0,0,0,0,0,0,369,16052,0,0,0,0
80031.978,16702,59,0,0,0,0,0,8,31390,44,53,0,0,0,0,0,0,0,0,0,0,0,0,0,0,0,0,0,0,0,0,0,0,347,16989,0,0,0,0
80048.833,16854,59,0,0,0,0,0,8,31387,44,53,0,0,0,0,0,0,0,0,0,0,0,0,0,0,0,0,0,0,0,0,0,0,384,16932,0,0,0,0
80065.830,16997,58,0,0,0,0,0,8,31201,44,53,0,0,0,0,0,0,0,0,0,0,0,0,0,0,0,0,0,0,0,0,0,0,357,16075,0,0,0,0
80081.889,16058,62,0,0,0,0,0,8,31577,44,53,0,0,0,0,0,0,0,0,0,0,0,0,0,0,0,0,0,0,0,0,0,0,377,17943,0,0,0,0
80098.836,16947,59,0,0,0,0,0,8,31507,44,53,0,0,0,0,0,0,0,0,0,0,0,0,0,0,0,0,0,0,0,0,0,0,351,16091,0,0,0,0
80114.978,16142,61,0,0,0,0,0,8,31446,44,53,0,0,0,0,0,0,0,0,0,0,0,0,0,0,0,0,0,0,0,0,0,0,379,16817,0,0,0,0
80131.829,16851,59,0,0,0,0,0,8,31444,44,53,0,0,0,0,0,0,0,0,0,0,0,0,0,0,0,0,0,0,0,0,0,0,358,16193,0,0,0,0
80148.839,17009,58,0,0,0,0,0,8,31483,44,53,0,0,0,0,0,0,0,0,0,0,0,0,0,0,0,0,0,0,0,0,0,0,342,17234,0,0,0,0
80165.045,16206,61,0,0,0,0,0,8,31512,44,53,0,0,0,0,0,0,0,0,0,0,0,0,0,0,0,0,0,0,0,0,0,0,332,15536,0,0,0,0
80181.581,16535,60,0,0,0,0,0,8,31657,44,53,0,0,0,0,0,0,0,0,0,0,0,0,0,0,0,0,0,0,0,0,0,0,366,17058,0,0,0,0
80198.362,16781,59,0,0,0,0,0,8,31621,44,53,0,0,0,0,0,0,0,0,0,0,0,0,0,0,0,0,0,0,0,0,0,0,359,16369,0,0,0,0
80214.963,16600,60,0,0,0,0,0,8,31348,44,53,0,0,0,0,0,0,0,0,0,0,0,0,0,0,0,0,0,0,0,0,0,0,374,16886,0,0,0,0
80232.054,17091,58,0,0,0,0,0,8,31747,44,53,0,0,0,0,0,0,0,0,0,0,0,0,0,0,0,0,0,0,0,0,0,0,376,17547,0,0,0,0
80247.901,15846,63,0,0,0,0,0,8,31408,44,53,0,0,0,0,0,0,0,0,0,0,0,0,0,0,0,0,0,0,0,0,0,0,378,16291,0,0,0,0
80265.338,17437,57,0,0,0,0,0,8,31239,44,53,0,0,0,0,0,0,0,0,0,0,0,0,0,0,0,0,0,0,0,0,0,0,380,15652,0,0,0,0
80281.996,16657,60,0,0,0,0,0,8,32392,44,53,0,0,0,0,0,0,0,0,0,0,0,0,0,0,0,0,0,0,0,0,0,0,346,17791,0,0,0,0
80298.502,16506,60,0,0,0,0,0,8,32529,44,53,0,0,0,0,0,0,0,0,0,0,0,0,0,0,0,0,0,0,0,0,0,0,400,16254,0,0,0,0
80315.082,16579,60,0,0,0,0,0,8,32434,44,53,0,0,0,0,0,0,0,0,0,0,0,0,0,0,0,0,0,0,0,0,0,0,380,16842,0,0,0,0
80331.965,16883,59,0,0,0,0,0,8,32491,44,53,0,0,0,0,0,0,0,0,0,0,0,0,0,0,0,0,0,0,0,0,0,0,381,17061,0,0,0,0
80348.393,16427,60,0,0,0,0,0,8,32533,44,53,0,0,0,0,0,0,0,0,0,0,0,0,0,0,0,0,0,0,0,0,0,0,355,16426,0,0,0,0
80365.836,17443,57,0,0,0,0,0,8,32490,44,53,0,0,0,0,0,0,0,0,0,0,0,0,0,0,0,0,0,0,0,0,0,0,357,16444,0,0,0,0
80381.842,16006,62,0,0,0,0,0,8,32514,44,53,0,0,0,0,0,0,0,0,0,0,0,0,0,0,0,0,0,0,0,0,0,0,342,17258,0,0,0,0
80398.828,16986,58,0,0,0,0,0,8,32547,44,53,0,0,0,0,0,0,0,0,0,0,0,0,0,0,0,0,0,0,0,0,0,0,357,16141,0,0,0,0
80415.044,16215,61,0,0,0,0,0,8,32368,44,53,0,0,0,0,0,0,0,0,0,0,0,0,0,0,0,0,0,0,0,0,0,0,333,15716,0,0,0,0
80431.408,16363,61,0,0,0,0,0,8,32326,44,53,0,0,0,0,0,0,0,0,0,0,0,0,0,0,0,0,0,0,0,0,0,0,341,17324,0,0,0,0
80448.383,16975,58,0,0,0,0,0,8,32255,44,53,0,0,0,0,0,0,0,0,0,0,0,0,0,0,0,0,0,0,0,0,0,0,359,16295,0,0,0,0
80465.054,16671,59,0,0,0,0,0,8,32129,44,53,0,0,0,0,0,0,0,0,0,0,0,0,0,0,0,0,0,0,0,0,0,0,350,17314,0,0,0,0
80482.350,17296,57,0,0,0,0,0,8,31789,44,53,0,0,0,0,0,0,0,0,0,0,0,0,0,0,0,0,0,0,0,0,0,0,386,15841,0,0,0,0
80498.425,16075,62,0,0,0,0,0,8,31898,44,53,0,0,0,0,0,0,0,0,0,0,0,0,0,0,0,0,0,0,0,0,0,0,368,17553,0,0,0,0
80515.075,16650,60,0,0,0,0,0,8,31711,44,53,0,0,0,0,0,0,0,0,0,0,0,0,0,0,0,0,0,0,0,0,0,0,340,16094,0,0,0,0
80531.984,16908,59,0,0,0,0,0,8,32131,44,53,0,0,0,0,0,0,0,0,0,0,0,0,0,0,0,0,0,0,0,0,0,0,381,16951,0,0,0,0
80548.370,16385,61,0,0,0,0,0,8,31794,44,53,0,0,0,0,0,0,0,0,0,0,0,0,0,0,0,0,0,0,0,0,0,0,352,15966,0,0,0,0
80565.824,17453,57,0,0,0,0,0,8,31901,44,53,0,0,0,0,0,0,0,0,0,0,0,0,0,0,0,0,0,0,0,0,0,0,378,17104,0,0,0,0
80581.828,16004,62,0,0,0,0,0,8,31942,44,53,0,0,0,0,0,0,0,0,0,0,0,0,0,0,0,0,0,0,0,0,0,0,372,18108,0,0,0,0
80598.674,16845,59,0,0,0,0,0,8,31942,44,53,0,0,0,0,0,0,0,0,0,0,0,0,0,0,0,0,0,0,0,0,0,0,355,14815,0,0,0,0
80615.342,16667,59,0,0,0,0,0,8,31953,44,53,0,0,0,0,0,0,0,0,0,0,0,0,0,0,0,0,0,0,0,0,0,0,354,17823,0,0,0,0
80632.000,16658,60,0,0,0,0,0,8,31836,44,53,0,0,0,0,0,0,0,0,0,0,0,0,0,0,0,0,0,0,0,0,0,0,350,16359,0,0,0,0
80648.345,16344,61,0,0,0,0,0,8,32015,44,53,0,0,0,0,0,0,0,0,0,0,0,0,0,0,0,0,0,0,0,0,0,0,342,16713,0,0,0,0
80665.145,16799,59,0,0,0,0,0,8,33375,44,53,0,0,0,0,0,0,0,0,0,0,0,0,0,0,0,0,0,0,0,0,0,0,357,16600,0,0,0,0
80681.986,16840,59,0,0,0,0,0,8,33472,44,53,0,0,0,0,0,0,0,0,0,0,0,0,0,0,0,0,0,0,0,0,0,0,350,16478,0,0,0,0
80698.342,16356,61,0,0,0,0,0,8,33402,44,53,0,0,0,0,0,0,0,0,0,0,0,0,0,0,0,0,0,0,0,0,0,0,377,16951,0,0,0,0
80714.889,16546,60,0,0,0,0,0,8,33196,44,53,0,0,0,0,0,0,0,0,0,0,0,0,0,0,0,0,0,0,0,0,0,0,349,16415,0,0,0,0
80731.852,16963,58,0,0,0,0,0,8,33302,44,53,0,0,0,0,0,0,0,0,0,0,0,0,0,0,0,0,0,0,0,0,0,0,362,16815,0,0,0,0
80748.434,16581,60,0,0,0,0,0,8,33223,44,53,0,0,0,0,0,0,0,0,0,0,0,0,0,0,0,0,0,0,0,0,0,0,354,16252,0,0,0,0
80764.842,16408,60,0,0,0,0,0,8,33221,44,53,0,0,0,0,0,0,0,0,0,0,0,0,0,0,0,0,0,0,0,0,0,0,337,16889,0,0,0,0
80781.832,16990,58,0,0,0,0,0,8,33476,44,53,0,0,0,0,0,0,0,0,0,0,0,0,0,0,0,0,0,0,0,0,0,0,334,15223,0,0,0,0
80798.707,16874,59,0,0,0,0,0,8,33469,44,53,0,0,0,0,0,0,0,0,0,0,0,0,0,0,0,0,0,0,0,0,0,0,353,17295,0,0,0,0
80815.267,16559,60,0,0,0,0,0,8,33386,44,53,0,0,0,0,0,0,0,0,0,0,0,0,0,0,0,0,0,0,0,0,0,0,350,17347,0,0,0,0
80831.826,16559,60,0,0,0,0,0,8,33281,44,53,0,0,0,0,0,0,0,0,0,0,0,0,0,0,0,0,0,0,0,0,0,0,334,16944,0,0,0,0
80847.862,16035,62,0,0,0,0,0,8,33475,44,53,0,0,0,0,0,0,0,0,0,0,0,0,0,0,0,0,0,0,0,0,0,0,343,15632,0,0,0,0
80865.824,17961,55,0,0,0,0,0,8,33526,44,53,0,0,0,0,0,0,0,0,0,0,0,0,0,0,0,0,0,0,0,0,0,0,400,17590,0,0,0,0
80881.993,16168,61,0,0,0,0,0,8,33522,44,53,0,0,0,0,0,0,0,0,0,0,0,0,0,0,0,0,0,0,0,0,0,0,347,17408,0,0,0,0
80898.826,16832,59,0,0,0,0,0,8,33381,44,53,0,0,0,0,0,0,0,0,0,0,0,0,0,0,0,0,0,0,0,0,0,0,376,16482,0,0,0,0
80915.295,16469,60,0,0,0,0,0,8,33176,44,53,0,0,0,0,0,0,0,0,0,0,0,0,0,0,0,0,0,0,0,0,0,0,404,16228,0,0,0,0
80931.870,16574,60,0,0,0,0,0,8,31657,44,53,0,0,0,0,0,0,0,0,0,0,0,0,0,0,0,0,0,0,0,0,0,0,371,16635,0,0,0,0
80948.385,16515,60,0,0,0,0,0,8,31651,44,53,0,0,0,0,0,0,0,0,0,0,0,0,0,0,0,0,0,0,0,0,0,0,362,16830,0,0,0,0
80965.213,16828,59,0,0,0,0,0,8,31340,44,53,0,0,0,0,0,0,0,0,0,0,0,0,0,0,0,0,0,0,0,0,0,0,346,16382,0,0,0,0
80981.718,16505,60,0,0,0,0,0,8,31402,44,53,0,0,0,0,0,0,0,0,0,0,0,0,0,0,0,0,0,0,0,0,0,0,342,16579,0,0,0,0
80998.823,17104,58,0,0,0,0,0,8,31421,44,53,0,0,0,0,0,0,0,0,0,0,0,0,0,0,0,0,0,0,0,0,0,0,332,16783,0,0,0,0
81015.115,16291,61,0,0,0,0,0,8,31010,44,53,0,0,0,0,0,0,0,0,0,0,0,0,0,0,0,0,0,0,0,0,0,0,352,16117,0,0,0,0
81031.765,16650,60,0,0,0,0,0,8,31975,44,53,0,0,0,0,0,0,0,0,0,0,0,0,0,0,0,0,0,0,0,0,0,0,350,17110,0,0,0,0
81048.820,17055,58,0,0,0,0,0,8,32193,44,53,0,0,0,0,0,0,0,0,0,0,0,0,0,0,0,0,0,0,0,0,0,0,370,16600,0,0,0,0
81065.268,16447,60,0,0,0,0,0,8,31133,44,53,0,0,0,0,0,0,0,0,0,0,0,0,0,0,0,0,0,0,0,0,0,0,361,17426,0,0,0,0
81082.819,17550,56,0,0,0,0,0,8,30905,44,53,0,0,0,0,0,0,0,0,0,0,0,0,0,0,0,0,0,0,0,0,0,0,350,20982,0,0,0,0
81098.368,15549,64,0,0,0,0,0,8,30807,44,53,0,0,0,0,0,0,0,0,0,0,0,0,0,0,0,0,0,0,0,0,0,0,336,12688,0,0,0,0
81115.034,16665,60,0,0,0,0,0,8,30544,44,53,0,0,0,0,0,0,0,0,0,0,0,0,0,0,0,0,0,0,0,0,0,0,356,15283,0,0,0,0
81131.960,16926,59,0,0,0,0,0,8,30840,44,53,0,0,0,0,0,0,0,0,0,0,0,0,0,0,0,0,0,0,0,0,0,0,364,16685,0,0,0,0
81148.345,16384,61,0,0,0,0,0,8,30815,44,53,0,0,0,0,0,0,0,0,0,0,0,0,0,0,0,0,0,0,0,0,0,0,355,17338,0,0,0,0
81165.825,17479,57,0,0,0,0,0,8,30609,44,53,0,0,0,0,0,0,0,0,0,0,0,0,0,0,0,0,0,0,0,0,0,0,347,16037,0,0,0,0
81181.465,15640,63,0,0,0,0,0,8,31052,44,53,0,0,0,0,0,0,0,0,0,0,0,0,0,0,0,0,0,0,0,0,0,0,363,18005,0,0,0,0
81198.347,16882,59,0,0,0,0,0,8,30782,44,53,0,0,0,0,0,0,0,0,0,0,0,0,0,0,0,0,0,0,0,0,0,0,341,15469,0,0,0,0
81215.244,16897,59,0,0,0,0,0,8,31204,44,53,0,0,0,0,0,0,0,0,0,0,0,0,0,0,0,0,0,0,0,0,0,0,333,16819,0,0,0,0
81231.841,16596,60,0,0,0,0,0,8,30313,44,53,0,0,0,0,0,0,0,0,0,0,0,0,0,0,0,0,0,0,0,0,0,0,344,16691,0,0,0,0
81248.361,16520,60,0,0,0,0,0,8,30252,44,53,0,0,0,0,0,0,0,0,0,0,0,0,0,0,0,0,0,0,0,0,0,0,354,16431,0,0,0,0
81265.824,17462,57,0,0,0,0,0,8,29992,44,53,0,0,0,0,0,0,0,0,0,0,0,0,0,0,0,0,0,0,0,0,0,0,347,16870,0,0,0,0
81281.849,16025,62,0,0,0,0,0,8,30341,44,53,0,0,0,0,0,0,0,0,0,0,0,0,0,0,0,0,0,0,0,0,0,0,368,17555,0,0,0,0
81298.817,16967,58,0,0,0,0,0,8,30080,44,53,0,0,0,0,0,0,0,0,0,0,0,0,0,0,0,0,0,0,0,0,0,0,337,15922,0,0,0,0
81315.377,16560,60,0,0,0,0,0,8,30009,44,53,0,0,0,0,0,0,0,0,0,0,0,0,0,0,0,0,0,0,0,0,0,0,350,17124,0,0,0,0
81331.897,16519,60,0,0,0,0,0,8,30071,44,53,0,0,0,0,0,0,0,0,0,0,0,0,0,0,0,0,0,0,0,0,0,0,328,16239,0,0,0,0
81348.821,16924,59,0,0,0,0,0,8,30054,44,53,0,0,0,0,0,0,0,0,0,0,0,0,0,0,0,0,0,0,0,0,0,0,361,16853,0,0,0,0
81365.824,17002,58,0,0,0,0,0,8,30161,44,53,0,0,0,0,0,0,0,0,0,0,0,0,0,0,0,0,0,0,0,0,0,0,364,15475,0,0,0,0
81381.987,16163,61,0,0,0,0,0,8,30249,44,53,0,0,0,0,0,0,0,0,0,0,0,0,0,0,0,0,0,0,0,0,0,0,374,18282,0,0,0,0
81398.442,16454,60,0,0,0,0,0,8,30280,44,53,0,0,0,0,0,0,0,0,0,0,0,0,0,0,0,0,0,0,0,0,0,0,344,15752,0,0,0,0
81415.477,17035,58,0,0,0,0,0,8,30056,44,53,0,0,0,0,0,0,0,0,0,0,0,0,0,0,0,0,0,0,0,0,0,0,352,16864,0,0,0,0
81431.953,16476,60,0,0,0,0,0,8,30030,44,53,0,0,0,0,0,0,0,0,0,0,0,0,0,0,0,0,0,0,0,0,0,0,347,16776,0,0,0,0
81448.365,16411,60,0,0,0,0,0,8,29683,44,53,0,0,0,0,0,0,0,0,0,0,0,0,0,0,0,0,0,0,0,0,0,0,355,16676,0,0,0,0
81464.532,16167,61,0,0,0,0,0,8,29397,44,53,0,0,0,0,0,0,0,0,0,0,0,0,0,0,0,0,0,0,0,0,0,0,346,16399,0,0,0,0
81481.984,17451,57,0,0,0,0,0,8,31278,44,53,0,0,0,0,0,0,0,0,0,0,0,0,0,0,0,0,0,0,0,0,0,0,355,16020,0,0,0,0
81498.374,16389,61,0,0,0,0,0,8,31371,44,53,0,0,0,0,0,0,0,0,0,0,0,0,0,0,0,0,0,0,0,0,0,0,367,17427,0,0,0,0
81515.070,16696,59,0,0,0,0,0,8,31313,44,53,0,0,0,0,0,0,0,0,0,0,0,0,0,0,0,0,0,0,0,0,0,0,367,16121,0,0,0,0
81531.958,16888,59,0,0,0,0,0,8,32030,44,53,0,0,0,0,0,0,0,0,0,0,0,0,0,0,0,0,0,0,0,0,0,0,361,17246,0,0,0,0
81548.508,16549,60,0,0,0,0,0,8,32162,44,53,0,0,0,0,0,0,0,0,0,0,0,0,0,0,0,0,0,0,0,0,0,0,359,16776,0,0,0,0
81565.479,16970,58,0,0,0,0,0,8,31749,44,53,0,0,0,0,0,0,0,0,0,0,0,0,0,0,0,0,0,0,0,0,0,0,361,16644,0,0,0,0
81582.815,17336,57,0,0,0,0,0,8,31645,44,53,0,0,0,0,0,0,0,0,0,0,0,0,0,0,0,0,0,0,0,0,0,0,329,16582,0,0,0,0
81598.337,15522,64,0,0,0,0,0,8,31900,44,53,0,0,0,0,0,0,0,0,0,0,0,0,0,0,0,0,0,0,0,0,0,0,359,17831,0,0,0,0
81615.326,16989,58,0,0,0,0,0,8,31710,44,53,0,0,0,0,0,0,0,0,0,0,0,0,0,0,0,0,0,0,0,0,0,0,341,15384,0,0,0,0
81631.963,16636,60,0,0,0,0,0,8,31799,44,53,0,0,0,0,0,0,0,0,0,0,0,0,0,0,0,0,0,0,0,0,0,0,337,16812,0,0,0,0
81648.419,16455,60,0,0,0,0,0,8,32068,44,53,0,0,0,0,0,0,0,0,0,0,0,0,0,0,0,0,0,0,0,0,0,0,360,16971,0,0,0,0
81665.815,17396,57,0,0,0,0,0,8,31488,44,53,0,0,0,0,0,0,0,0,0,0,0,0,0,0,0,0,0,0,0,0,0,0,357,16259,0,0,0,0
81681.823,16007,62,0,0,0,0,0,8,31839,44,53,0,0,0,0,0,0,0,0,0,0,0,0,0,0,0,0,0,0,0,0,0,0,382,18560,0,0,0,0
81698.739,16916,59,0,0,0,0,0,8,31807,44,53,0,0,0,0,0,0,0,0,0,0,0,0,0,0,0,0,0,0,0,0,0,0,328,14046,0,0,0,0
81715.386,16647,60,0,0,0,0,0,8,31687,44,53,0,0,0,0,0,0,0,0,0,0,0,0,0,0,0,0,0,0,0,0,0,0,367,17828,0,0,0,0
81731.827,16441,60,0,0,0,0,0,8,31606,44,53,0,0,0,0,0,0,0,0,0,0,0,0,0,0,0,0,0,0,0,0,0,0,345,16509,0,0,0,0
81748.813,16985,58,0,0,0,0,0,8,29806,44,53,0,0,0,0,0,0,0,0,0,0,0,0,0,0,0,0,0,0,0,0,0,0,340,15570,0,0,0,0
81765.480,16666,59,0,0,0,0,0,8,29812,44,53,0,0,0,0,0,0,0,0,0,0,0,0,0,0,0,0,0,0,0,0,0,0,340,16509,0,0,0,0
81782.012,16533,60,0,0,0,0,0,8,30022,44,53,0,0,0,0,0,0,0,0,0,0,0,0,0,0,0,0,0,0,0,0,0,0,345,17714,0,0,0,0
81797.844,15831,63,0,0,0,0,0,8,29841,44,53,0,0,0,0,0,0,0,0,0,0,0,0,0,0,0,0,0,0,0,0,0,0,359,16735,0,0,0,0
81815.819,17975,55,0,0,0,0,0,8,29670,44,53,0,0,0,0,0,0,0,0,0,0,0,0,0,0,0,0,0,0,0,0,0,0,361,15581,0,0,0,0
81831.797,15966,62,0,0,0,0,0,8,30180,44,53,0,0,0,0,0,0,0,0,0,0,0,0,0,0,0,0,0,0,0,0,0,0,352,18661,0,0,0,0
81848.813,17026,58,0,0,0,0,0,8,31814,44,53,0,0,0,0,0,0,0,0,0,0,0,0,0,0,0,0,0,0,0,0,0,0,343,15687,0,0,0,0
81865.341,16528,60,0,0,0,0,0,8,31773,44,53,0,0,0,0,0,0,0,0,0,0,0,0,0,0,0,0,0,0,0,0,0,0,364,16170,0,0,0,0
81881.823,16481,60,0,0,0,0,0,8,32107,44,53,0,0,0,0,0,0,0,0,0,0,0,0,0,0,0,0,0,0,0,0,0,0,374,17128,0,0,0,0
81898.360,16537,60,0,0,0,0,0,8,32018,44,53,0,0,0,0,0,0,0,0,0,0,0,0,0,0,0,0,0,0,0,0,0,0,379,16578,0,0,0,0
81914.978,16618,60,0,0,0,0,0,8,32118,44,53,0,0,0,0,0,0,0,0,0,0,0,0,0,0,0,0,0,0,0,0,0,0,361,16464,0,0,0,0
81931.810,16831,59,0,0,0,0,0,8,32334,44,53,0,0,0,0,0,0,0,0,0,0,0,0,0,0,0,0,0,0,0,0,0,0,339,16751,0,0,0,0
81948.361,16551,60,0,0,0,0,0,8,32542,44,53,0,0,0,0,0,0,0,0,0,0,0,0,0,0,0,0,0,0,0,0,0,0,359,17124,0,0,0,0
81965.475,17114,58,0,0,0,0,0,8,32430,44,53,0,0,0,0,0,0,0,0,0,0,0,0,0,0,0,0,0,0,0,0,0,0,359,16222,0,0,0,0
81981.957,16471,60,0,0,0,0,0,8,32605,44,53,0,0,0,0,0,0,0,0,0,0,0,0,0,0,0,0,0,0,0,0,0,0,335,16989,0,0,0,0
81998.264,16316,61,0,0,0,0,0,8,32794,44,53,0,0,0,0,0,0,0,0,0,0,0,0,0,0,0,0,0,0,0,0,0,0,350,16711,0,0,0,0
82015.396,17132,58,0,0,0,0,0,8,32319,44,53,0,0,0,0,0,0,0,0,0,0,0,0,0,0,0,0,0,0,0,0,0,0,342,15743,0,0,0,0
82032.346,16950,58,0,0,0,0,0,8,32245,44,53,0,0,0,0,0,0,0,0,0,0,0,0,0,0,0,0,0,0,0,0,0,0,364,17944,0,0,0,0
82048.826,16480,60,0,0,0,0,0,8,32149,44,53,0,0,0,0,0,0,0,0,0,0,0,0,0,0,0,0,0,0,0,0,0,0,361,16544,0,0,0,0
82065.214,16387,61,0,0,0,0,0,8,31860,44,53,0,0,0,0,0,0,0,0,0,0,0,0,0,0,0,0,0,0,0,0,0,0,365,16655,0,0,0,0
82082.330,17116,58,0,0,0,0,0,8,32037,44,53,0,0,0,0,0,0,0,0,0,0,0,0,0,0,0,0,0,0,0,0,0,0,345,16101,0,0,0,0
82098.825,16495,60,0,0,0,0,0,8,32263,44,53,0,0,0,0,0,0,0,0,0,0,0,0,0,0,0,0,0,0,0,0,0,0,376,17781,0,0,0,0
82115.378,16552,60,0,0,0,0,0,8,30373,44,53,0,0,0,0,0,0,0,0,0,0,0,0,0,0,0,0,0,0,0,0,0,0,339,16124,0,0,0,0
82132.814,17436,57,0,0,0,0,0,8,30307,44,53,0,0,0,0,0,0,0,0,0,0,0,0,0,0,0,0,0,0,0,0,0,0,339,16708,0,0,0,0
82148.693,15879,62,0,0,0,0,0,8,30458,44,53,0,0,0,0,0,0,0,0,0,0,0,0,0,0,0,0,0,0,0,0,0,0,385,17096,0,0,0,0
82164.955,16261,61,0,0,0,0,0,8,30198,44,53,0,0,0,0,0,0,0,0,0,0,0,0,0,0,0,0,0,0,0,0,0,0,327,14942,0,0,0,0
82181.837,16882,59,0,0,0,0,0,8,30347,44,53,0,0,0,0,0,0,0,0,0,0,0,0,0,0,0,0,0,0,0,0,0,0,359,17442,0,0,0,0
82198.810,16972,58,0,0,0,0,0,8,30537,44,53,0,0,0,0,0,0,0,0,0,0,0,0,0,0,0,0,0,0,0,0,0,0,333,16701,0,0,0,0
82215.328,16518,60,0,0,0,0,0,8,30224,44,53,0,0,0,0,0,0,0,0,0,0,0,0,0,0,0,0,0,0,0,0,0,0,350,15857,0,0,0,0
82231.908,16569,60,0,0,0,0,0,8,30501,44,53,0,0,0,0,0,0,0,0,0,0,0,0,0,0,0,0,0,0,0,0,0,0,374,16508,0,0,0,0
82248.150,16252,61,0,0,0,0,0,8,31157,44,53,0,0,0,0,0,0,0,0,0,0,0,0,0,0,0,0,0,0,0,0,0,0,366,17801,0,0,0,0
82265.320,17169,58,0,0,0,0,0,8,31131,44,53,0,0,0,0,0,0,0,0,0,0,0,0,0,0,0,0,0,0,0,0,0,0,353,16124,0,0,0,0
82281.958,16638,60,0,0,0,0,0,8,31551,44,53,0,0,0,0,0,0,0,0,0,0,0,0,0,0,0,0,0,0,0,0,0,0,363,17215,0,0,0,0
82297.818,15859,63,0,0,0,0,0,8,33187,44,53,0,0,0,0,0,0,0,0,0,0,0,0,0,0,0,0,0,0,0,0,0,0,400,16225,0,0,0,0
82315.205,17387,57,0,0,0,0,0,8,33157,44,53,0,0,0,0,0,0,0,0,0,0,0,0,0,0,0,0,0,0,0,0,0,0,353,16488,0,0,0,0
82331.818,16613,60,0,0,0,0,0,8,33304,44,53,0,0,0,0,0,0,0,0,0,0,0,0,0,0,0,0,0,0,0,0,0,0,350,16965,0,0,0,0
82348.237,16418,60,0,0,0,0,0,8,33149,44,53,0,0,0,0,0,0,0,0,0,0,0,0,0,0,0,0,0,0,0,0,0,0,352,17021,0,0,0,0
82365.111,16874,59,0,0,0,0,0,8,33105,44,53,0,0,0,0,0,0,0,0,0,0,0,0,0,0,0,0,0,0,0,0,0,0,372,15862,0,0,0,0
82381.588,16476,60,0,0,0,0,0,8,33036,44,53,0,0,0,0,0,0,0,0,0,0,0,0,0,0,0,0,0,0,0,0,0,0,347,17018,0,0,0,0
82398.347,16758,59,0,0,0,0,0,8,33152,44,53,0,0,0,0,0,0,0,0,0,0,0,0,0,0,0,0,0,0,0,0,0,0,354,16452,0,0,0,0
82415.472,17125,58,0,0,0,0,0,8,33003,44,53,0,0,0,0,0,0,0,0,0,0,0,0,0,0,0,0,0,0,0,0,0,0,337,16956,0,0,0,0
82432.823,17350,57,0,0,0,0,0,8,33068,44,53,0,0,0,0,0,0,0,0,0,0,0,0,0,0,0,0,0,0,0,0,0,0,353,16996,0,0,0,0
82448.827,16004,62,0,0,0,0,0,8,33347,44,53,0,0,0,0,0,0,0,0,0,0,0,0,0,0,0,0,0,0,0,0,0,0,415,18288,0,0,0,0
82465.192,16365,61,0,0,0,0,0,8,32965,44,53,0,0,0,0,0,0,0,0,0,0,0,0,0,0,0,0,0,0,0,0,0,0,353,15438,0,0,0,0
82481.808,16615,60,0,0,0,0,0,8,33024,44,53,0,0,0,0,0,0,0,0,0,0,0,0,0,0,0,0,0,0,0,0,0,0,336,15558,0,0,0,0
82498.570,16762,59,0,0,0,0,0,8,32950,44,53,0,0,0,0,0,0,0,0,0,0,0,0,0,0,0,0,0,0,0,0,0,0,369,16071,0,0,0,0
82514.707,16136,61,0,0,0,0,0,8,32358,44,53,0,0,0,0,0,0,0,0,0,0,0,0,0,0,0,0,0,0,0,0,0,0,339,17872,0,0,0,0
82531.736,17029,58,0,0,0,0,0,8,32297,44,53,0,0,0,0,0,0,0,0,0,0,0,0,0,0,0,0,0,0,0,0,0,0,338,15848,0,0,0,0
82548.659,16923,59,0,0,0,0,0,8,32093,44,53,0,0,0,0,0,0,0,0,0,0,0,0,0,0,0,0,0,0,0,0,0,0,353,17299,0,0,0,0
82565.153,16493,60,0,0,0,0,0,8,30074,44,53,0,0,0,0,0,0,0,0,0,0,0,0,0,0,0,0,0,0,0,0,0,0,348,16913,0,0,0,0
82581.917,16763,59,0,0,0,0,0,8,31716,44,53,0,0,0,0,0,0,0,0,0,0,0,0,0,0,0,0,0,0,0,0,0,0,354,16094,0,0,0,0
82598.837,16920,59,0,0,0,0,0,8,31607,44,53,0,0,0,0,0,0,0,0,0,0,0,0,0,0,0,0,0,0,0,0,0,0,367,17083,0,0,0,0
82615.817,16979,58,0,0,0,0,0,8,31385,44,53,0,0,0,0,0,0,0,0,0,0,0,0,0,0,0,0,0,0,0,0,0,0,358,16874,0,0,0,0
82631.952,16135,61,0,0,0,0,0,8,31259,44,53,0,0,0,0,0,0,0,0,0,0,0,0,0,0,0,0,0,0,0,0,0,0,369,17109,0,0,0,0
82648.504,16551,60,0,0,0,0,0,8,31101,44,53,0,0,0,0,0,0,0,0,0,0,0,0,0,0,0,0,0,0,0,0,0,0,343,16192,0,0,0,0
82665.813,17309,57,0,0,0,0,0,8,30841,44,53,0,0,0,0,0,0,0,0,0,0,0,0,0,0,0,0,0,0,0,0,0,0,358,16448,0,0,0,0
82681.810,15997,62,0,0,0,0,0,8,31082,44,53,0,0,0,0,0,0,0,0,0,0,0,0,0,0,0,0,0,0,0,0,0,0,394,17493,0,0,0,0
82698.369,16559,60,0,0,0,0,0,8,31007,44,53,0,0,0,0,0,0,0,0,0,0,0,0,0,0,0,0,0,0,0,0,0,0,386,14851,0,0,0,0
82715.806,17436,57,0,0,0,0,0,8,31188,44,53,0,0,0,0,0,0,0,0,0,0,0,0,0,0,0,0,0,0,0,0,0,0,364,17345,0,0,0,0
82731.915,16108,62,0,0,0,0,0,8,31157,44,53,0,0,0,0,0,0,0,0,0,0,0,0,0,0,0,0,0,0,0,0,0,0,378,17802,0,0,0,0
82748.351,16435,60,0,0,0,0,0,8,31040,44,53,0,0,0,0,0,0,0,0,0,0,0,0,0,0,0,0,0,0,0,0,0,0,368,16136,0,0,0,0
82765.373,17022,58,0,0,0,0,0,8,30921,44,53,0,0,0,0,0,0,0,0,0,0,0,0,0,0,0,0,0,0,0,0,0,0,337,16290,0,0,0,0
82782.807,17434,57,0,0,0,0,0,8,31027,44,53,0,0,0,0,0,0,0,0,0,0,0,0,0,0,0,0,0,0,0,0,0,0,369,16826,0,0,0,0
82798.324,15517,64,0,0,0,0,0,8,31150,44,53,0,0,0,0,0,0,0,0,0,0,0,0,0,0,0,0,0,0,0,0,0,0,372,17190,0,0,0,0
82815.071,16747,59,0,0,0,0,0,8,30870,44,53,0,0,0,0,0,0,0,0,0,0,0,0,0,0,0,0,0,0,0,0,0,0,339,15717,0,0,0,0
82831.593,16521,60,0,0,0,0,0,8,30937,44,53,0,0,0,0,0,0,0,0,0,0,0,0,0,0,0,0,0,0,0,0,0,0,361,17008,0,0,0,0
82848.543,16949,58,0,0,0,0,0,8,30765,44,53,0,0,0,0,0,0,0,0,0,0,0,0,0,0,0,0,0,0,0,0,0,0,361,16205,0,0,0,0
82865.812,17269,57,0,0,0,0,0,8,30579,44,53,0,0,0,0,0,0,0,0,0,0,0,0,0,0,0,0,0,0,0,0,0,0,352,17084,0,0,0,0
82881.965,16152,61,0,0,0,0,0,8,30427,44,53,0,0,0,0,0,0,0,0,0,0,0,0,0,0,0,0,0,0,0,0,0,0,347,17400,0,0,0,0
82898.811,16846,59,0,0,0,0,0,8,30240,44,53,0,0,0,0,0,0,0,0,0,0,0,0,0,0,0,0,0,0,0,0,0,0,350,15842,0,0,0,0
82915.277,16465,60,0,0,0,0,0,8,30025,44,53,0,0,0,0,0,0,0,0,0,0,0,0,0,0,0,0,0,0,0,0,0,0,340,17038,0,0,0,0
82931.803,16525,60,0,0,0,0,0,8,29780,44,53,0,0,0,0,0,0,0,0,0,0,0,0,0,0,0,0,0,0,0,0,0,0,364,16351,0,0,0,0
82948.348,16546,60,0,0,0,0,0,8,31188,44,53,0,0,0,0,0,0,0,0,0,0,0,0,0,0,0,0,0,0,0,0,0,0,361,16968,0,0,0,0
82965.811,17462,57,0,0,0,0,0,8,30554,44,53,0,0,0,0,0,0,0,0,0,0,0,0,0,0,0,0,0,0,0,0,0,0,348,16515,0,0,0,0
82982.807,16996,58,0,0,0,0,0,8,29944,44,53,0,0,0,0,0,0,0,0,0,0,0,0,0,0,0,0,0,0,0,0,0,0,353,17553,0,0,0,0
82997.809,15001,66,0,0,0,0,0,8,31099,44,53,0,0,0,0,0,0,0,0,0,0,0,0,0,0,0,0,0,0,0,0,0,0,352,16716,0,0,0,0
83015.818,18008,55,0,0,0,0,0,8,31028,44,53,0,0,0,0,0,0,0,0,0,0,0,0,0,0,0,0,0,0,0,0,0,0,335,15070,0,0,0,0
83031.617,15799,63,0,0,0,0,0,8,31282,44,53,0,0,0,0,0,0,0,0,0,0,0,0,0,0,0,0,0,0,0,0,0,0,371,18389,0,0,0,0
83048.340,16722,59,0,0,0,0,0,8,29196,44,53,0,0,0,0,0,0,0,0,0,0,0,0,0,0,0,0,0,0,0,0,0,0,350,15595,0,0,0,0
83064.901,16561,60,0,0,0,0,0,8,28978,44,53,0,0,0,0,0,0,0,0,0,0,0,0,0,0,0,0,0,0,0,0,0,0,407,16933,0,0,0,0
83081.896,16994,58,0,0,0,0,0,8,29010,44,53,0,0,0,0,0,0,0,0,0,0,0,0,0,0,0,0,0,0,0,0,0,0,333,16047,0,0,0,0
83098.354,16457,60,0,0,0,0,0,8,27901,44,53,0,0,0,0,0,0,0,0,0,0,0,0,0,0,0,0,0,0,0,0,0,0,368,17108,0,0,0,0
83115.314,16960,58,0,0,0,0,0,8,28608,44,53,0,0,0,0,0,0,0,0,0,0,0,0,0,0,0,0,0,0,0,0,0,0,359,16229,0,0,0,0
83131.951,16636,60,0,0,0,0,0,8,28047,44,53,0,0,0,0,0,0,0,0,0,0,0,0,0,0,0,0,0,0,0,0,0,0,352,17110,0,0,0,0
83148.337,16386,61,0,0,0,0,0,8,28762,44,53,0,0,0,0,0,0,0,0,0,0,0,0,0,0,0,0,0,0,0,0,0,0,373,16656,0,0,0,0
83165.798,17461,57,0,0,0,0,0,8,27782,44,53,0,0,0,0,0,0,0,0,0,0,0,0,0,0,0,0,0,0,0,0,0,0,349,16414,0,0,0,0
83181.949,16150,61,0,0,0,0,0,8,27941,44,53,0,0,0,0,0,0,0,0,0,0,0,0,0,0,0,0,0,0,0,0,0,0,364,17201,0,0,0,0
83198.377,16428,60,0,0,0,0,0,8,27905,44,53,0,0,0,0,0,0,0,0,0,0,0,0,0,0,0,0,0,0,0,0,0,0,366,16076,0,0,0,0
83215.153,16775,59,0,0,0,0,0,8,27646,44,53,0,0,0,0,0,0,0,0,0,0,0,0,0,0,0,0,0,0,0,0,0,0,339,16624,0,0,0,0
83231.968,16815,59,0,0,0,0,0,8,27759,44,53,0,0,0,0,0,0,0,0,0,0,0,0,0,0,0,0,0,0,0,0,0,0,352,16777,0,0,0,0
83248.801,16833,59,0,0,0,0,0,8,27809,44,53,0,0,0,0,0,0,0,0,0,0,0,0,0,0,0,0,0,0,0,0,0,0,401,16824,0,0,0,0
83264.522,15720,63,0,0,0,0,0,8,27216,44,53,0,0,0,0,0,0,0,0,0,0,0,0,0,0,0,0,0,0,0,0,0,0,350,15888,0,0,0,0
83281.675,17152,58,0,0,0,0,0,8,27480,44,53,0,0,0,0,0,0,0,0,0,0,0,0,0,0,0,0,0,0,0,0,0,0,325,16609,0,0,0,0
83298.355,16680,59,0,0,0,0,0,8,27605,44,53,0,0,0,0,0,0,0,0,0,0,0,0,0,0,0,0,0,0,0,0,0,0,365,17470,0,0,0,0
83315.353,16998,58,0,0,0,0,0,8,27282,44,53,0,0,0,0,0,0,0,0,0,0,0,0,0,0,0,0,0,0,0,0,0,0,333,16418,0,0,0,0
83331.939,16585,60,0,0,0,0,0,8,27365,44,53,0,0,0,0,0,0,0,0,0,0,0,0,0,0,0,0,0,0,0,0,0,0,349,16694,0,0,0,0
83348.339,16400,60,0,0,0,0,0,8,27457,44,53,0,0,0,0,0,0,0,0,0,0,0,0,0,0,0,0,0,0,0,0,0,0,364,16704,0,0,0,0
83364.944,16604,60,0,0,0,0,0,8,28837,44,53,0,0,0,0,0,0,0,0,0,0,0,0,0,0,0,0,0,0,0,0,0,0,345,16839,0,0,0,0
83382.035,17092,58,0,0,0,0,0,8,27679,44,53,0,0,0,0,0,0,0,0,0,0,0,0,0,0,0,0,0,0,0,0,0,0,355,16631,0,0,0,0
83398.796,16760,59,0,0,0,0,0,8,27569,44,53,0,0,0,0,0,0,0,0,0,0,0,0,0,0,0,0,0,0,0,0,0,0,360,16358,0,0,0,0
83415.219,16422,60,0,0,0,0,0,8,27591,44,53,0,0,0,0,0,0,0,0,0,0,0,0,0,0,0,0,0,0,0,0,0,0,363,17615,0,0,0,0
83431.643,16423,60,0,0,0,0,0,8,27475,44,53,0,0,0,0,0,0,0,0,0,0,0,0,0,0,0,0,0,0,0,0,0,0,353,15842,0,0,0,0
83448.821,17178,58,0,0,0,0,0,8,27624,44,53,0,0,0,0,0,0,0,0,0,0,0,0,0,0,0,0,0,0,0,0,0,0,358,16701,0,0,0,0
83465.402,16581,60,0,0,0,0,0,8,27550,44,53,0,0,0,0,0,0,0,0,0,0,0,0,0,0,0,0,0,0,0,0,0,0,383,17134,0,0,0,0
83481.330,15928,62,0,0,0,0,0,8,27583,44,53,0,0,0,0,0,0,0,0,0,0,0,0,0,0,0,0,0,0,0,0,0,0,328,16294,0,0,0,0
83498.500,17169,58,0,0,0,0,0,8,27567,44,53,0,0,0,0,0,0,0,0,0,0,0,0,0,0,0,0,0,0,0,0,0,0,379,17322,0,0,0,0
83515.799,17299,57,0,0,0,0,0,8,27353,44,53,0,0,0,0,0,0,0,0,0,0,0,0,0,0,0,0,0,0,0,0,0,0,355,15791,0,0,0,0
83531.582,15782,63,0,0,0,0,0,8,27733,44,53,0,0,0,0,0,0,0,0,0,0,0,0,0,0,0,0,0,0,0,0,0,0,329,17420,0,0,0,0
83548.473,16891,59,0,0,0,0,0,8,27519,44,53,0,0,0,0,0,0,0,0,0,0,0,0,0,0,0,0,0,0,0,0,0,0,360,15779,0,0,0,0
83565.082,16608,60,0,0,0,0,0,8,27494,44,53,0,0,0,0,0,0,0,0,0,0,0,0,0,0,0,0,0,0,0,0,0,0,337,16998,0,0,0,0
83581.806,16713,59,0,0,0,0,0,8,27525,44,53,0,0,0,0,0,0,0,0,0,0,0,0,0,0,0,0,0,0,0,0,0,0,365,16254,0,0,0,0
83598.350,16554,60,0,0,0,0,0,8,29419,44,53,0,0,0,0,0,0,0,0,0,0,0,0,0,0,0,0,0,0,0,0,0,0,357,17100,0,0,0,0
83615.253,16902,59,0,0,0,0,0,8,29317,44,53,0,0,0,0,0,0,0,0,0,0,0,0,0,0,0,0,0,0,0,0,0,0,342,16538,0,0,0,0
83631.935,16682,59,0,0,0,0,0,8,29275,44,53,0,0,0,0,0,0,0,0,0,0,0,0,0,0,0,0,0,0,0,0,0,0,347,16625,0,0,0,0
83648.495,16560,60,0,0,0,0,0,8,29285,44,53,0,0,0,0,0,0,0,0,0,0,0,0,0,0,0,0,0,0,0,0,0,0,390,16930,0,0,0,0
83664.741,16245,61,0,0,0,0,0,8,29047,44,53,0,0,0,0,0,0,0,0,0,0,0,0,0,0,0,0,0,0,0,0,0,0,329,16050,0,0,0,0
83681.936,17195,58,0,0,0,0,0,8,29298,44,53,0,0,0,0,0,0,0,0,0,0,0,0,0,0,0,0,0,0,0,0,0,0,346,16856,0,0,0,0
83698.349,16412,60,0,0,0,0,0,8,29480,44,53,0,0,0,0,0,0,0,0,0,0,0,0,0,0,0,0,0,0,0,0,0,0,349,17119,0,0,0,0
83715.350,17000,58,0,0,0,0,0,8,29223,44,53,0,0,0,0,0,0,0,0,0,0,0,0,0,0,0,0,0,0,0,0,0,0,371,16383,0,0,0,0
83731.934,16584,60,0,0,0,0,0,8,29214,44,53,0,0,0,0,0,0,0,0,0,0,0,0,0,0,0,0,0,0,0,0,0,0,349,16573,0,0,0,0
83748.801,16866,59,0,0,0,0,0,8,29554,44,53,0,0,0,0,0,0,0,0,0,0,0,0,0,0,0,0,0,0,0,0,0,0,337,17129,0,0,0,0
83764.945,16144,61,0,0,0,0,0,8,30847,44,53,0,0,0,0,0,0,0,0,0,0,0,0,0,0,0,0,0,0,0,0,0,0,371,16905,0,0,0,0
83781.801,16855,59,0,0,0,0,0,8,30178,44,53,0,0,0,0,0,0,0,0,0,0,0,0,0,0,0,0,0,0,0,0,0,0,324,15959,0,0,0,0
83799.312,17511,57,0,0,0,0,0,8,30109,44,53,0,0,0,0,0,0,0,0,0,0,0,0,0,0,0,0,0,0,0,0,0,0,373,17011,0,0,0,0
83815.797,16484,60,0,0,0,0,0,8,29677,44,53,0,0,0,0,0,0,0,0,0,0,0,0,0,0,0,0,0,0,0,0,0,0,373,17318,0,0,0,0
83831.876,16078,62,0,0,0,0,0,8,29674,44,53,0,0,0,0,0,0,0,0,0,0,0,0,0,0,0,0,0,0,0,0,0,0,369,16885,0,0,0,0
83848.332,16456,60,0,0,0,0,0,8,29756,44,53,0,0,0,0,0,0,0,0,0,0,0,0,0,0,0,0,0,0,0,0,0,0,340,15886,0,0,0,0
83865.134,16802,59,0,0,0,0,0,8,27948,44,53,0,0,0,0,0,0,0,0,0,0,0,0,0,0,0,0,0,0,0,0,0,0,358,16534,0,0,0,0
83881.609,16474,60,0,0,0,0,0,8,28225,44,53,0,0,0,0,0,0,0,0,0,0,0,0,0,0,0,0,0,0,0,0,0,0,332,16429,0,0,0,0
83898.484,16874,59,0,0,0,0,0,8,28083,44,53,0,0,0,0,0,0,0,0,0,0,0,0,0,0,0,0,0,0,0,0,0,0,355,16873,0,0,0,0
83915.122,16638,60,0,0,0,0,0,8,28037,44,53,0,0,0,0,0,0,0,0,0,0,0,0,0,0,0,0,0,0,0,0,0,0,369,16418,0,0,0,0
83932.800,17677,56,0,0,0,0,0,8,27714,44,53,0,0,0,0,0,0,0,0,0,0,0,0,0,0,0,0,0,0,0,0,0,0,368,17079,0,0,0,0
83948.810,16010,62,0,0,0,0,0,8,28001,44,53,0,0,0,0,0,0,0,0,0,0,0,0,0,0,0,0,0,0,0,0,0,0,376,17582,0,0,0,0
83965.317,16506,60,0,0,0,0,0,8,27571,44,53,0,0,0,0,0,0,0,0,0,0,0,0,0,0,0,0,0,0,0,0,0,0,363,16435,0,0,0,0
83981.534,16217,61,0,0,0,0,0,8,27526,44,53,0,0,0,0,0,0,0,0,0,0,0,0,0,0,0,0,0,0,0,0,0,0,354,16187,0,0,0,0
83998.796,17262,57,0,0,0,0,0,8,28008,44,53,0,0,0,0,0,0,0,0,0,0,0,0,0,0,0,0,0,0,0,0,0,0,362,16045,0,0,0,0
84015.236,16439,60,0,0,0,0,0,8,28647,44,53,0,0,0,0,0,0,0,0,0,0,0,0,0,0,0,0,0,0,0,0,0,0,370,16204,0,0,0,0
84031.925,16689,59,0,0,0,0,0,8,28974,44,53,0,0,0,0,0,0,0,0,0,0,0,0,0,0,0,0,0,0,0,0,0,0,367,17421,0,0,0,0
84048.814,16888,59,0,0,0,0,0,8,28918,44,53,0,0,0,0,0,0,0,0,0,0,0,0,0,0,0,0,0,0,0,0,0,0,384,17022,0,0,0,0
84064.824,16010,62,0,0,0,0,0,8,28607,44,53,0,0,0,0,0,0,0,0,0,0,0,0,0,0,0,0,0,0,0,0,0,0,364,15624,0,0,0,0
84081.115,16290,61,0,0,0,0,0,8,29017,44,53,0,0,0,0,0,0,0,0,0,0,0,0,0,0,0,0,0,0,0,0,0,0,358,15749,0,0,0,0
84098.810,17695,56,0,0,0,0,0,8,29165,44,53,0,0,0,0,0,0,0,0,0,0,0,0,0,0,0,0,0,0,0,0,0,0,392,17498,0,0,0,0
84114.986,16175,61,0,0,0,0,0,8,29131,44,53,0,0,0,0,0,0,0,0,0,0,0,0,0,0,0,0,0,0,0,0,0,0,373,16851,0,0,0,0
84131.801,16814,59,0,0,0,0,0,8,29190,44,53,0,0,0,0,0,0,0,0,0,0,0,0,0,0,0,0,0,0,0,0,0,0,337,17070,0,0,0,0
84148.621,16820,59,0,0,0,0,0,8,29061,44,53,0,0,0,0,0,0,0,0,0,0,0,0,0,0,0,0,0,0,0,0,0,0,342,16956,0,0,0,0
84165.316,16695,59,0,0,0,0,0,8,28926,44,53,0,0,0,0,0,0,0,0,0,0,0,0,0,0,0,0,0,0,0,0,0,0,360,16686,0,0,0,0
84181.788,16471,60,0,0,0,0,0,8,28840,44,53,0,0,0,0,0,0,0,0,0,0,0,0,0,0,0,0,0,0,0,0,0,0,346,16542,0,0,0,0
84198.330,16542,60,0,0,0,0,0,8,28861,44,53,0,0,0,0,0,0,0,0,0,0,0,0,0,0,0,0,0,0,0,0,0,0,356,16497,0,0,0,0
84215.382,17052,58,0,0,0,0,0,8,28656,44,53,0,0,0,0,0,0,0,0,0,0,0,0,0,0,0,0,0,0,0,0,0,0,359,17422,0,0,0,0
84231.994,16611,60,0,0,0,0,0,8,28777,44,53,0,0,0,0,0,0,0,0,0,0,0,0,0,0,0,0,0,0,0,0,0,0,377,15786,0,0,0,0
84248.812,16818,59,0,0,0,0,0,8,28998,44,53,0,0,0,0,0,0,0,0,0,0,0,0,0,0,0,0,0,0,0,0,0,0,351,17006,0,0,0,0
84265.795,16982,58,0,0,0,0,0,8,28704,44,53,0,0,0,0,0,0,0,0,0,0,0,0,0,0,0,0,0,0,0,0,0,0,361,16007,0,0,0,0
84281.965,16170,61,0,0,0,0,0,8,30805,44,53,0,0,0,0,0,0,0,0,0,0,0,0,0,0,0,0,0,0,0,0,0,0,362,18088,0,0,0,0
84297.825,15859,63,0,0,0,0,0,8,30520,44,53,0,0,0,0,0,0,0,0,0,0,0,0,0,0,0,0,0,0,0,0,0,0,341,16136,0,0,0,0
84315.074,17248,57,0,0,0,0,0,8,30405,44,53,0,0,0,0,0,0,0,0,0,0,0,0,0,0,0,0,0,0,0,0,0,0,346,15760,0,0,0,0
84331.957,16883,59,0,0,0,0,0,8,30941,44,53,0,0,0,0,0,0,0,0,0,0,0,0,0,0,0,0,0,0,0,0,0,0,330,17267,0,0,0,0
84348.526,16568,60,0,0,0,0,0,8,30813,44,53,0,0,0,0,0,0,0,0,0,0,0,0,0,0,0,0,0,0,0,0,0,0,356,16717,0,0,0,0
84364.870,16343,61,0,0,0,0,0,8,30445,44,53,0,0,0,0,0,0,0,0,0,0,0,0,0,0,0,0,0,0,0,0,0,0,344,16500,0,0,0,0
84382.794,17923,55,0,0,0,0,0,8,30466,44,53,0,0,0,0,0,0,0,0,0,0,0,0,0,0,0,0,0,0,0,0,0,0,344,16923,0,0,0,0
84398.583,15789,63,0,0,0,0,0,8,30537,44,53,0,0,0,0,0,0,0,0,0,0,0,0,0,0,0,0,0,0,0,0,0,0,372,17635,0,0,0,0
84415.023,16440,60,0,0,0,0,0,8,30270,44,53,0,0,0,0,0,0,0,0,0,0,0,0,0,0,0,0,0,0,0,0,0,0,341,15285,0,0,0,0
84431.914,16890,59,0,0,0,0,0,8,30336,44,53,0,0,0,0,0,0,0,0,0,0,0,0,0,0,0,0,0,0,0,0,0,0,380,16725,0,0,0,0
84448.810,16895,59,0,0,0,0,0,8,30877,44,53,0,0,0,0,0,0,0,0,0,0,0,0,0,0,0,0,0,0,0,0,0,0,353,17251,0,0,0,0
84464.924,16113,62,0,0,0,0,0,8,30706,44,53,0,0,0,0,0,0,0,0,0,0,0,0,0,0,0,0,0,0,0,0,0,0,334,15359,0,0,0,0
84481.932,17009,58,0,0,0,0,0,8,30629,44,53,0,0,0,0,0,0,0,0,0,0,0,0,0,0,0,0,0,0,0,0,0,0,365,17007,0,0,0,0
84498.562,16629,60,0,0,0,0,0,8,30752,44,53,0,0,0,0,0,0,0,0,0,0,0,0,0,0,0,0,0,0,0,0,0,0,349,17756,0,0,0,0
84514.919,16357,61,0,0,0,0,0,8,30811,44,53,0,0,0,0,0,0,0,0,0,0,0,0,0,0,0,0,0,0,0,0,0,0,364,16126,0,0,0,0
84531.682,16763,59,0,0,0,0,0,8,30587,44,53,0,0,0,0,0,0,0,0,0,0,0,0,0,0,0,0,0,0,0,0,0,0,344,16062,0,0,0,0
84548.791,17108,58,0,0,0,0,0,8,29028,44,53,0,0,0,0,0,0,0,0,0,0,0,0,0,0,0,0,0,0,0,0,0,0,348,16968,0,0,0,0
84565.204,16413,60,0,0,0,0,0,8,28746,44,53,0,0,0,0,0,0,0,0,0,0,0,0,0,0,0,0,0,0,0,0,0,0,358,16663,0,0,0,0
84581.635,16430,60,0,0,0,0,0,8,28960,44,53,0,0,0,0,0,0,0,0,0,0,0,0,0,0,0,0,0,0,0,0,0,0,345,17329,0,0,0,0
84598.395,16760,59,0,0,0,0,0,8,28869,44,53,0,0,0,0,0,0,0,0,0,0,0,0,0,0,0,0,0,0,0,0,0,0,352,16056,0,0,0,0
84614.840,16444,60,0,0,0,0,0,8,28789,44,53,0,0,0,0,0,0,0,0,0,0,0,0,0,0,0,0,0,0,0,0,0,0,375,16690,0,0,0,0
84631.808,16967,58,0,0,0,0,0,8,29008,44,53,0,0,0,0,0,0,0,0,0,0,0,0,0,0,0,0,0,0,0,0,0,0,355,16701,0,0,0,0
84648.645,16837,59,0,0,0,0,0,8,29095,44,53,0,0,0,0,0,0,0,0,0,0,0,0,0,0,0,0,0,0,0,0,0,0,386,15942,0,0,0,0
84665.028,16382,61,0,0,0,0,0,8,29281,44,53,0,0,0,0,0,0,0,0,0,0,0,0,0,0,0,0,0,0,0,0,0,0,365,17823,0,0,0,0
84681.788,16760,59,0,0,0,0,0,8,29190,44,53,0,0,0,0,0,0,0,0,0,0,0,0,0,0,0,0,0,0,0,0,0,0,351,15961,0,0,0,0
84698.305,16516,60,0,0,0,0,0,8,29230,44,53,0,0,0,0,0,0,0,0,0,0,0,0,0,0,0,0,0,0,0,0,0,0,362,16218,0,0,0,0
84715.186,16880,59,0,0,0,0,0,8,29068,44,53,0,0,0,0,0,0,0,0,0,0,0,0,0,0,0,0,0,0,0,0,0,0,353,17751,0,0,0,0
84731.796,16600,60,0,0,0,0,0,8,29071,44,53,0,0,0,0,0,0,0,0,0,0,0,0,0,0,0,0,0,0,0,0,0,0,340,16346,0,0,0,0
84748.333,16547,60,0,0,0,0,0,8,29060,44,53,0,0,0,0,0,0,0,0,0,0,0,0,0,0,0,0,0,0,0,0,0,0,361,17179,0,0,0,0
84764.942,16598,60,0,0,0,0,0,8,30694,44,53,0,0,0,0,0,0,0,0,0,0,0,0,0,0,0,0,0,0,0,0,0,0,371,16580,0,0,0,0
84782.015,17083,58,0,0,0,0,0,8,30916,44,53,0,0,0,0,0,0,0,0,0,0,0,0,0,0,0,0,0,0,0,0,0,0,336,16365,0,0,0,0
84798.307,16292,61,0,0,0,0,0,8,31074,44,53,0,0,0,0,0,0,0,0,0,0,0,0,0,0,0,0,0,0,0,0,0,0,363,16819,0,0,0,0
84814.931,16624,60,0,0,0,0,0,8,30751,44,53,0,0,0,0,0,0,0,0,0,0,0,0,0,0,0,0,0,0,0,0,0,0,334,16128,0,0,0,0
84832.058,17127,58,0,0,0,0,0,8,30967,44,53,0,0,0,0,0,0,0,0,0,0,0,0,0,0,0,0,0,0,0,0,0,0,363,17025,0,0,0,0
84848.788,16729,59,0,0,0,0,0,8,31113,44,53,0,0,0,0,0,0,0,0,0,0,0,0,0,0,0,0,0,0,0,0,0,0,345,17429,0,0,0,0
84865.785,16997,58,0,0,0,0,0,8,30996,44,53,0,0,0,0,0,0,0,0,0,0,0,0,0,0,0,0,0,0,0,0,0,0,346,15636,0,0,0,0
84881.932,16147,61,0,0,0,0,0,8,31181,44,53,0,0,0,0,0,0,0,0,0,0,0,0,0,0,0,0,0,0,0,0,0,0,352,18027,0,0,0,0
84898.381,16448,60,0,0,0,0,0,8,31074,44,53,0,0,0,0,0,0,0,0,0,0,0,0,0,0,0,0,0,0,0,0,0,0,348,16022,0,0,0,0
84915.066,16685,59,0,0,0,0,0,8,30874,44,53,0,0,0,0,0,0,0,0,0,0,0,0,0,0,0,0,0,0,0,0,0,0,356,16407,0,0,0,0
84932.001,16935,59,0,0,0,0,0,8,30989,44,53,0,0,0,0,0,0,0,0,0,0,0,0,0,0,0,0,0,0,0,0,0,0,343,16601,0,0,0,0
84948.785,16784,59,0,0,0,0,0,8,31068,44,53,0,0,0,0,0,0,0,0,0,0,0,0,0,0,0,0,0,0,0,0,0,0,352,16862,0,0,0,0
84965.305,16520,60,0,0,0,0,0,8,30813,44,53,0,0,0,0,0,0,0,0,0,0,0,0,0,0,0,0,0,0,0,0,0,0,349,16012,0,0,0,0
84981.775,16469,60,0,0,0,0,0,8,30682,44,53,0,0,0,0,0,0,0,0,0,0,0,0,0,0,0,0,0,0,0,0,0,0,332,17442,0,0,0,0
84998.336,16561,60,0,0,0,0,0,8,30723,44,53,0,0,0,0,0,0,0,0,0,0,0,0,0,0,0,0,0,0,0,0,0,0,361,16211,0,0,0,0
85015.208,16872,59,0,0,0,0,0,8,30558,44,53,0,0,0,0,0,0,0,0,0,0,0,0,0,0,0,0,0,0,0,0,0,0,336,16808,0,0,0,0
85031.821,16613,60,0,0,0,0,0,8,29010,44,53,0,0,0,0,0,0,0,0,0,0,0,0,0,0,0,0,0,0,0,0,0,0,368,16789,0,0,0,0
85048.785,16964,58,0,0,0,0,0,8,29148,44,53,0,0,0,0,0,0,0,0,0,0,0,0,0,0,0,0,0,0,0,0,0,0,355,16759,0,0,0,0
85065.252,16466,60,0,0,0,0,0,8,29113,44,53,0,0,0,0,0,0,0,0,0,0,0,0,0,0,0,0,0,0,0,0,0,0,337,15426,0,0,0,0
85082.310,17058,58,0,0,0,0,0,8,29344,44,53,0,0,0,0,0,0,0,0,0,0,0,0,0,0,0,0,0,0,0,0,0,0,357,17973,0,0,0,0
85098.314,16004,62,0,0,0,0,0,8,29243,44,53,0,0,0,0,0,0,0,0,0,0,0,0,0,0,0,0,0,0,0,0,0,0,356,16568,0,0,0,0
85115.308,16993,58,0,0,0,0,0,8,29246,44,53,0,0,0,0,0,0,0,0,0,0,0,0,0,0,0,0,0,0,0,0,0,0,351,16122,0,0,0,0
85131.952,16643,60,0,0,0,0,0,8,29264,44,53,0,0,0,0,0,0,0,0,0,0,0,0,0,0,0,0,0,0,0,0,0,0,354,17260,0,0,0,0
85148.788,16836,59,0,0,0,0,0,8,29272,44,53,0,0,0,0,0,0,0,0,0,0,0,0,0,0,0,0,0,0,0,0,0,0,377,16381,0,0,0,0
85165.229,16440,60,0,0,0,0,0,8,29254,44,53,0,0,0,0,0,0,0,0,0,0,0,0,0,0,0,0,0,0,0,0,0,0,346,15899,0,0,0,0
85181.924,16694,59,0,0,0,0,0,8,29327,44,53,0,0,0,0,0,0,0,0,0,0,0,0,0,0,0,0,0,0,0,0,0,0,341,17348,0,0,0,0
85198.788,16864,59,0,0,0,0,0,8,29832,44,53,0,0,0,0,0,0,0,0,0,0,0,0,0,0,0,0,0,0,0,0,0,0,386,17245,0,0,0,0
85215.066,16277,61,0,0,0,0,0,8,29235,44,53,0,0,0,0,0,0,0,0,0,0,0,0,0,0,0,0,0,0,0,0,0,0,353,15510,0,0,0,0
85231.873,16806,59,0,0,0,0,0,8,29767,44,53,0,0,0,0,0,0,0,0,0,0,0,0,0,0,0,0,0,0,0,0,0,0,334,17330,0,0,0,0
85248.552,16678,59,0,0,0,0,0,8,29670,44,53,0,0,0,0,0,0,0,0,0,0,0,0,0,0,0,0,0,0,0,0,0,0,343,16709,0,0,0,0
85265.084,16532,60,0,0,0,0,0,8,29486,44,53,0,0,0,0,0,0,0,0,0,0,0,0,0,0,0,0,0,0,0,0,0,0,358,16565,0,0,0,0
85281.788,16704,59,0,0,0,0,0,8,29760,44,53,0,0,0,0,0,0,0,0,0,0,0,0,0,0,0,0,0,0,0,0,0,0,333,16587,0,0,0,0
85298.372,16583,60,0,0,0,0,0,8,29724,44,53,0,0,0,0,0,0,0,0,0,0,0,0,0,0,0,0,0,0,0,0,0,0,354,16917,0,0,0,0
85315.449,17077,58,0,0,0,0,0,8,29609,44,53,0,0,0,0,0,0,0,0,0,0,0,0,0,0,0,0,0,0,0,0,0,0,363,16785,0,0,0,0
85331.924,16475,60,0,0,0,0,0,8,29745,44,53,0,0,0,0,0,0,0,0,0,0,0,0,0,0,0,0,0,0,0,0,0,0,316,16644,0,0,0,0
85348.788,16863,59,0,0,0,0,0,8,29822,44,53,0,0,0,0,0,0,0,0,0,0,0,0,0,0,0,0,0,0,0,0,0,0,375,16193,0,0,0,0
85365.029,16241,61,0,0,0,0,0,8,29791,44,53,0,0,0,0,0,0,0,0,0,0,0,0,0,0,0,0,0,0,0,0,0,0,355,16270,0,0,0,0
85381.787,16758,59,0,0,0,0,0,8,29979,44,53,0,0,0,0,0,0,0,0,0,0,0,0,0,0,0,0,0,0,0,0,0,0,335,17491,0,0,0,0
85398.781,16994,58,0,0,0,0,0,8,29928,44,53,0,0,0,0,0,0,0,0,0,0,0,0,0,0,0,0,0,0,0,0,0,0,367,15794,0,0,0,0
85415.192,16410,60,0,0,0,0,0,8,29812,44,53,0,0,0,0,0,0,0,0,0,0,0,0,0,0,0,0,0,0,0,0,0,0,361,16989,0,0,0,0
85431.707,16515,60,0,0,0,0,0,8,29846,44,53,0,0,0,0,0,0,0,0,0,0,0,0,0,0,0,0,0,0,0,0,0,0,369,17131,0,0,0,0
85448.392,16685,59,0,0,0,0,0,8,29830,44,53,0,0,0,0,0,0,0,0,0,0,0,0,0,0,0,0,0,0,0,0,0,0,362,16750,0,0,0,0
85465.226,16834,59,0,0,0,0,0,8,29582,44,53,0,0,0,0,0,0,0,0,0,0,0,0,0,0,0,0,0,0,0,0,0,0,370,16677,0,0,0,0
85481.789,16552,60,0,0,0,0,0,8,29610,44,53,0,0,0,0,0,0,0,0,0,0,0,0,0,0,0,0,0,0,0,0,0,0,335,16374,0,0,0,0
85498.524,16745,59,0,0,0,0,0,8,28594,44,53,0,0,0,0,0,0,0,0,0,0,0,0,0,0,0,0,0,0,0,0,0,0,390,17238,0,0,0,0
85515.418,16893,59,0,0,0,0,0,8,28596,44,53,0,0,0,0,0,0,0,0,0,0,0,0,0,0,0,0,0,0,0,0,0,0,377,16500,0,0,0,0
85532.779,17360,57,0,0,0,0,0,8,30467,44,53,0,0,0,0,0,0,0,0,0,0,0,0,0,0,0,0,0,0,0,0,0,0,345,16450,0,0,0,0
85548.787,16008,62,0,0,0,0,0,8,30531,44,53,0,0,0,0,0,0,0,0,0,0,0,0,0,0,0,0,0,0,0,0,0,0,395,18446,0,0,0,0
85565.171,16383,61,0,0,0,0,0,8,30089,44,53,0,0,0,0,0,0,0,0,0,0,0,0,0,0,0,0,0,0,0,0,0,0,354,15096,0,0,0,0
85581.949,16778,59,0,0,0,0,0,8,30338,44,53,0,0,0,0,0,0,0,0,0,0,0,0,0,0,0,0,0,0,0,0,0,0,337,16711,0,0,0,0
85598.779,16830,59,0,0,0,0,0,8,30458,44,53,0,0,0,0,0,0,0,0,0,0,0,0,0,0,0,0,0,0,0,0,0,0,344,16106,0,0,0,0
85615.035,16255,61,0,0,0,0,0,8,30221,44,53,0,0,0,0,0,0,0,0,0,0,0,0,0,0,0,0,0,0,0,0,0,0,345,16590,0,0,0,0
85631.784,16749,59,0,0,0,0,0,8,30296,44,53,0,0,0,0,0,0,0,0,0,0,0,0,0,0,0,0,0,0,0,0,0,0,368,17525,0,0,0,0
85648.385,16600,60,0,0,0,0,0,8,30224,44,53,0,0,0,0,0,0,0,0,0,0,0,0,0,0,0,0,0,0,0,0,0,0,354,16343,0,0,0,0
85664.919,16533,60,0,0,0,0,0,8,29954,44,53,0,0,0,0,0,0,0,0,0,0,0,0,0,0,0,0,0,0,0,0,0,0,337,16515,0,0,0,0
85681.926,17007,58,0,0,0,0,0,8,30247,44,53,0,0,0,0,0,0,0,0,0,0,0,0,0,0,0,0,0,0,0,0,0,0,346,16484,0,0,0,0
85698.792,16865,59,0,0,0,0,0,8,30547,44,53,0,0,0,0,0,0,0,0,0,0,0,0,0,0,0,0,0,0,0,0,0,0,379,17565,0,0,0,0
85715.333,16541,60,0,0,0,0,0,8,30173,44,53,0,0,0,0,0,0,0,0,0,0,0,0,0,0,0,0,0,0,0,0,0,0,385,16389,0,0,0,0
85731.780,16447,60,0,0,0,0,0,8,30186,44,53,0,0,0,0,0,0,0,0,0,0,0,0,0,0,0,0,0,0,0,0,0,0,379,16669,0,0,0,0
85748.321,16540,60,0,0,0,0,0,8,30277,44,53,0,0,0,0,0,0,0,0,0,0,0,0,0,0,0,0,0,0,0,0,0,0,375,16096,0,0,0,0
85765.006,16685,59,0,0,0,0,0,8,30143,44,53,0,0,0,0,0,0,0,0,0,0,0,0,0,0,0,0,0,0,0,0,0,0,344,16692,0,0,0,0
85782.004,16997,58,0,0,0,0,0,8,30192,44,53,0,0,0,0,0,0,0,0,0,0,0,0,0,0,0,0,0,0,0,0,0,0,355,16134,0,0,0,0
85798.316,16312,61,0,0,0,0,0,8,28446,44,53,0,0,0,0,0,0,0,0,0,0,0,0,0,0,0,0,0,0,0,0,0,0,382,17185,0,0,0,0
85815.448,17132,58,0,0,0,0,0,8,28081,44,53,0,0,0,0,0,0,0,0,0,0,0,0,0,0,0,0,0,0,0,0,0,0,332,16478,0,0,0,0
85831.792,16343,61,0,0,0,0,0,8,28360,44,53,0,0,0,0,0,0,0,0,0,0,0,0,0,0,0,0,0,0,0,0,0,0,377,17271,0,0,0,0
85848.779,16987,58,0,0,0,0,0,8,28426,44,53,0,0,0,0,0,0,0,0,0,0,0,0,0,0,0,0,0,0,0,0,0,0,350,16319,0,0,0,0
85865.774,16995,58,0,0,0,0,0,8,28273,44,53,0,0,0,0,0,0,0,0,0,0,0,0,0,0,0,0,0,0,0,0,0,0,353,15910,0,0,0,0
85882.300,16526,60,0,0,0,0,0,8,28328,44,53,0,0,0,0,0,0,0,0,0,0,0,0,0,0,0,0,0,0,0,0,0,0,367,16834,0,0,0,0
85898.328,16027,62,0,0,0,0,0,8,28340,44,53,0,0,0,0,0,0,0,0,0,0,0,0,0,0,0,0,0,0,0,0,0,0,393,17397,0,0,0,0
85915.296,16968,58,0,0,0,0,0,8,27996,44,53,0,0,0,0,0,0,0,0,0,0,0,0,0,0,0,0,0,0,0,0,0,0,344,16436,0,0,0,0
85932.042,16746,59,0,0,0,0,0,8,28095,44,53,0,0,0,0,0,0,0,0,0,0,0,0,0,0,0,0,0,0,0,0,0,0,359,16958,0,0,0,0
85948.626,16583,60,0,0,0,0,0,8,28203,44,53,0,0,0,0,0,0,0,0,0,0,0,0,0,0,0,0,0,0,0,0,0,0,356,16506,0,0,0,0
85965.777,17151,58,0,0,0,0,0,8,28029,44,53,0,0,0,0,0,0,0,0,0,0,0,0,0,0,0,0,0,0,0,0,0,0,359,16250,0,0,0,0
85982.034,16246,61,0,0,0,0,0,8,28257,44,53,0,0,0,0,0,0,0,0,0,0,0,0,0,0,0,0,0,0,0,0,0,0,361,17867,0,0,0,0
85998.772,16748,59,0,0,0,0,0,8,28229,44,53,0,0,0,0,0,0,0,0,0,0,0,0,0,0,0,0,0,0,0,0,0,0,384,16250,0,0,0,0
86015.114,16341,61,0,0,0,0,0,8,28238,44,53,0,0,0,0,0,0,0,0,0,0,0,0,0,0,0,0,0,0,0,0,0,0,375,16878,0,0,0,0
86031.607,16493,60,0,0,0,0,0,8,29056,44,53,0,0,0,0,0,0,0,0,0,0,0,0,0,0,0,0,0,0,0,0,0,0,347,15821,0,0,0,0
86048.782,17174,58,0,0,0,0,0,8,29044,44,53,0,0,0,0,0,0,0,0,0,0,0,0,0,0,0,0,0,0,0,0,0,0,358,16467,0,0,0,0
86065.287,16505,60,0,0,0,0,0,8,28924,44,53,0,0,0,0,0,0,0,0,0,0,0,0,0,0,0,0,0,0,0,0,0,0,346,16408,0,0,0,0
86081.974,16687,59,0,0,0,0,0,8,29472,44,53,0,0,0,0,0,0,0,0,0,0,0,0,0,0,0,0,0,0,0,0,0,0,398,17918,0,0,0,0
86098.784,16799,59,0,0,0,0,0,8,29684,44,53,0,0,0,0,0,0,0,0,0,0,0,0,0,0,0,0,0,0,0,0,0,0,373,16833,0,0,0,0
86115.788,17014,58,0,0,0,0,0,8,29681,44,53,0,0,0,0,0,0,0,0,0,0,0,0,0,0,0,0,0,0,0,0,0,0,364,16595,0,0,0,0
86131.866,16078,62,0,0,0,0,0,8,30056,44,53,0,0,0,0,0,0,0,0,0,0,0,0,0,0,0,0,0,0,0,0,0,0,354,16943,0,0,0,0
86148.189,16323,61,0,0,0,0,0,8,31888,44,53,0,0,0,0,0,0,0,0,0,0,0,0,0,0,0,0,0,0,0,0,0,0,375,15659,0,0,0,0
86165.341,17151,58,0,0,0,0,0,8,31945,44,53,0,0,0,0,0,0,0,0,0,0,0,0,0,0,0,0,0,0,0,0,0,0,355,19852,0,0,0,0
86181.777,16435,60,0,0,0,0,0,8,32229,44,53,0,0,0,0,0,0,0,0,0,0,0,0,0,0,0,0,0,0,0,0,0,0,334,13799,0,0,0,0
86198.793,17017,58,0,0,0,0,0,8,32353,44,53,0,0,0,0,0,0,0,0,0,0,0,0,0,0,0,0,0,0,0,0,0,0,374,15679,0,0,0,0
86214.799,16005,62,0,0,0,0,0,8,32061,44,53,0,0,0,0,0,0,0,0,0,0,0,0,0,0,0,0,0,0,0,0,0,0,367,18249,0,0,0,0
86231.777,16978,58,0,0,0,0,0,8,32106,44,53,0,0,0,0,0,0,0,0,0,0,0,0,0,0,0,0,0,0,0,0,0,0,351,14306,0,0,0,0
86248.777,17000,58,0,0,0,0,0,8,32699,44,53,0,0,0,0,0,0,0,0,0,0,0,0,0,0,0,0,0,0,0,0,0,0,378,18558,0,0,0,0
86265.034,16257,61,0,0,0,0,0,8,31839,44,53,0,0,0,0,0,0,0,0,0,0,0,0,0,0,0,0,0,0,0,0,0,0,366,15877,0,0,0,0
86281.918,16873,59,0,0,0,0,0,8,32199,44,53,0,0,0,0,0,0,0,0,0,0,0,0,0,0,0,0,0,0,0,0,0,0,353,17123,0,0,0,0
86298.556,16648,60,0,0,0,0,0,8,31917,44,53,0,0,0,0,0,0,0,0,0,0,0,0,0,0,0,0,0,0,0,0,0,0,374,16918,0,0,0,0
86315.291,16734,59,0,0,0,0,0,8,31679,44,53,0,0,0,0,0,0,0,0,0,0,0,0,0,0,0,0,0,0,0,0,0,0,357,16686,0,0,0,0
86331.714,16423,60,0,0,0,0,0,8,31792,44,53,0,0,0,0,0,0,0,0,0,0,0,0,0,0,0,0,0,0,0,0,0,0,381,16362,0,0,0,0
86348.519,16805,59,0,0,0,0,0,8,31844,44,53,0,0,0,0,0,0,0,0,0,0,0,0,0,0,0,0,0,0,0,0,0,0,342,16822,0,0,0,0
86365.175,16655,60,0,0,0,0,0,8,31830,44,53,0,0,0,0,0,0,0,0,0,0,0,0,0,0,0,0,0,0,0,0,0,0,370,16818,0,0,0,0
86382.774,17599,56,0,0,0,0,0,8,32108,44,53,0,0,0,0,0,0,0,0,0,0,0,0,0,0,0,0,0,0,0,0,0,0,333,16204,0,0,0,0
86398.456,15681,63,0,0,0,0,0,8,34543,44,53,0,0,0,0,0,0,0,0,0,0,0,0,0,0,0,0,0,0,0,0,0,0,353,18112,0,0,0,0
86415.308,16852,59,0,0,0,0,0,8,33833,44,53,0,0,0,0,0,0,0,0,0,0,0,0,0,0,0,0,0,0,0,0,0,0,336,15518,0,0,0,0
86432.297,16989,58,0,0,0,0,0,8,33598,44,53,0,0,0,0,0,0,0,0,0,0,0,0,0,0,0,0,0,0,0,0,0,0,337,16629,0,0,0,0
86448.285,15988,62,0,0,0,0,0,8,34136,44,53,0,0,0,0,0,0,0,0,0,0,0,0,0,0,0,0,0,0,0,0,0,0,360,17566,0,0,0,0
86465.778,17492,57,0,0,0,0,0,8,33589,44,53,0,0,0,0,0,0,0,0,0,0,0,0,0,0,0,0,0,0,0,0,0,0,346,15545,0,0,0,0
86481.775,15996,62,0,0,0,0,0,8,35858,44,53,0,0,0,0,0,0,0,0,0,0,0,0,0,0,0,0,0,0,0,0,0,0,364,17749,0,0,0,0
86498.772,16996,58,0,0,0,0,0,8,35843,44,53,0,0,0,0,0,0,0,0,0,0,0,0,0,0,0,0,0,0,0,0,0,0,371,15887,0,0,0,0
86515.335,16563,60,0,0,0,0,0,8,35782,44,53,0,0,0,0,0,0,0,0,0,0,0,0,0,0,0,0,0,0,0,0,0,0,352,15584,0,0,0,0
86531.909,16574,60,0,0,0,0,0,8,35971,44,53,0,0,0,0,0,0,0,0,0,0,0,0,0,0,0,0,0,0,0,0,0,0,382,17629,0,0,0,0
86547.813,15903,62,0,0,0,0,0,8,35700,44,53,0,0,0,0,0,0,0,0,0,0,0,0,0,0,0,0,0,0,0,0,0,0,363,16865,0,0,0,0
86565.425,17612,56,0,0,0,0,0,8,35633,44,53,0,0,0,0,0,0,0,0,0,0,0,0,0,0,0,0,0,0,0,0,0,0,371,15246,0,0,0,0
86581.911,16485,60,0,0,0,0,0,8,35680,44,53,0,0,0,0,0,0,0,0,0,0,0,0,0,0,0,0,0,0,0,0,0,0,394,17943,0,0,0,0
86598.768,16857,59,0,0,0,0,0,8,35526,44,53,0,0,0,0,0,0,0,0,0,0,0,0,0,0,0,0,0,0,0,0,0,0,377,16843,0,0,0,0
86615.481,16712,59,0,0,0,0,0,8,35404,44,53,0,0,0,0,0,0,0,0,0,0,0,0,0,0,0,0,0,0,0,0,0,0,350,15535,0,0,0,0
86631.772,16291,61,0,0,0,0,0,8,35416,44,53,0,0,0,0,0,0,0,0,0,0,0,0,0,0,0,0,0,0,0,0,0,0,355,17573,0,0,0,0
86648.794,17021,58,0,0,0,0,0,8,35399,44,53,0,0,0,0,0,0,0,0,0,0,0,0,0,0,0,0,0,0,0,0,0,0,347,16699,0,0,0,0
86665.782,16988,58,0,0,0,0,0,8,35171,44,53,0,0,0,0,0,0,0,0,0,0,0,0,0,0,0,0,0,0,0,0,0,0,369,17247,0,0,0,0
86681.771,15988,62,0,0,0,0,0,8,35194,44,53,0,0,0,0,0,0,0,0,0,0,0,0,0,0,0,0,0,0,0,0,0,0,345,16502,0,0,0,0
86698.336,16564,60,0,0,0,0,0,8,35031,44,53,0,0,0,0,0,0,0,0,0,0,0,0,0,0,0,0,0,0,0,0,0,0,344,16402,0,0,0,0
86715.114,16778,59,0,0,0,0,0,8,34673,44,53,0,0,0,0,0,0,0,0,0,0,0,0,0,0,0,0,0,0,0,0,0,0,346,16115,0,0,0,0
86732.289,17174,58,0,0,0,0,0,8,34669,44,53,0,0,0,0,0,0,0,0,0,0,0,0,0,0,0,0,0,0,0,0,0,0,367,16448,0,0,0,0
86748.421,16131,61,0,0,0,0,0,8,32832,44,53,0,0,0,0,0,0,0,0,0,0,0,0,0,0,0,0,0,0,0,0,0,0,359,17447,0,0,0,0
86764.947,16526,60,0,0,0,0,0,8,32480,44,53,0,0,0,0,0,0,0,0,0,0,0,0,0,0,0,0,0,0,0,0,0,0,344,16218,0,0,0,0
86781.924,16976,58,0,0,0,0,0,8,32315,44,53,0,0,0,0,0,0,0,0,0,0,0,0,0,0,0,0,0,0,0,0,0,0,343,16490,0,0,0,0
86798.304,16379,61,0,0,0,0,0,8,32664,44,53,0,0,0,0,0,0,0,0,0,0,0,0,0,0,0,0,0,0,0,0,0,0,365,16788,0,0,0,0
86815.315,17010,58,0,0,0,0,0,8,31783,44,53,0,0,0,0,0,0,0,0,0,0,0,0,0,0,0,0,0,0,0,0,0,0,372,17096,0,0,0,0
86831.778,16463,60,0,0,0,0,0,8,32284,44,53,0,0,0,0,0,0,0,0,0,0,0,0,0,0,0,0,0,0,0,0,0,0,359,16915,0,0,0,0
86848.681,16902,59,0,0,0,0,0,8,32087,44,53,0,0,0,0,0,0,0,0,0,0,0,0,0,0,0,0,0,0,0,0,0,0,367,15142,0,0,0,0
86865.083,16401,60,0,0,0,0,0,8,31827,44,53,0,0,0,0,0,0,0,0,0,0,0,0,0,0,0,0,0,0,0,0,0,0,375,17921,0,0,0,0
86882.285,17202,58,0,0,0,0,0,8,31868,44,53,0,0,0,0,0,0,0,0,0,0,0,0,0,0,0,0,0,0,0,0,0,0,348,16107,0,0,0,0
86898.141,15856,63,0,0,0,0,0,8,31902,44,53,0,0,0,0,0,0,0,0,0,0,0,0,0,0,0,0,0,0,0,0,0,0,351,17404,0,0,0,0
86915.018,16877,59,0,0,0,0,0,8,31887,44,53,0,0,0,0,0,0,0,0,0,0,0,0,0,0,0,0,0,0,0,0,0,0,358,15712,0,0,0,0
86932.029,17010,58,0,0,0,0,0,8,31310,44,53,0,0,0,0,0,0,0,0,0,0,0,0,0,0,0,0,0,0,0,0,0,0,337,17078,0,0,0,0
86948.306,16277,61,0,0,0,0,0,8,31159,44,53,0,0,0,0,0,0,0,0,0,0,0,0,0,0,0,0,0,0,0,0,0,0,347,17191,0,0,0,0
86965.781,17475,57,0,0,0,0,0,8,30789,44,53,0,0,0,0,0,0,0,0,0,0,0,0,0,0,0,0,0,0,0,0,0,0,334,16207,0,0,0,0
86981.902,16121,62,0,0,0,0,0,8,31027,44,53,0,0,0,0,0,0,0,0,0,0,0,0,0,0,0,0,0,0,0,0,0,0,363,17663,0,0,0,0
86998.772,16869,59,0,0,0,0,0,8,30849,44,53,0,0,0,0,0,0,0,0,0,0,0,0,0,0,0,0,0,0,0,0,0,0,365,15988,0,0,0,0
87015.312,16540,60,0,0,0,0,0,8,30660,44,53,0,0,0,0,0,0,0,0,0,0,0,0,0,0,0,0,0,0,0,0,0,0,370,15659,0,0,0,0
87031.900,16588,60,0,0,0,0,0,8,30801,44,53,0,0,0,0,0,0,0,0,0,0,0,0,0,0,0,0,0,0,0,0,0,0,348,17686,0,0,0,0
87048.770,16869,59,0,0,0,0,0,8,30508,44,53,0,0,0,0,0,0,0,0,0,0,0,0,0,0,0,0,0,0,0,0,0,0,371,16486,0,0,0,0
87064.961,16191,61,0,0,0,0,0,8,30148,44,53,0,0,0,0,0,0,0,0,0,0,0,0,0,0,0,0,0,0,0,0,0,0,360,16606,0,0,0,0
87082.769,17808,56,0,0,0,0,0,8,30119,44,53,0,0,0,0,0,0,0,0,0,0,0,0,0,0,0,0,0,0,0,0,0,0,354,16597,0,0,0,0
87098.318,15549,64,0,0,0,0,0,8,29881,44,53,0,0,0,0,0,0,0,0,0,0,0,0,0,0,0,0,0,0,0,0,0,0,362,17677,0,0,0,0
87115.234,16915,59,0,0,0,0,0,8,29586,44,53,0,0,0,0,0,0,0,0,0,0,0,0,0,0,0,0,0,0,0,0,0,0,359,15368,0,0,0,0
87131.830,16596,60,0,0,0,0,0,8,29436,44,53,0,0,0,0,0,0,0,0,0,0,0,0,0,0,0,0,0,0,0,0,0,0,364,16511,0,0,0,0
87148.770,16939,59,0,0,0,0,0,8,29281,44,53,0,0,0,0,0,0,0,0,0,0,0,0,0,0,0,0,0,0,0,0,0,0,360,17338,0,0,0,0
87165.312,16541,60,0,0,0,0,0,8,30409,44,53,0,0,0,0,0,0,0,0,0,0,0,0,0,0,0,0,0,0,0,0,0,0,380,16867,0,0,0,0
87181.904,16591,60,0,0,0,0,0,8,30475,44,53,0,0,0,0,0,0,0,0,0,0,0,0,0,0,0,0,0,0,0,0,0,0,375,16527,0,0,0,0
87198.765,16860,59,0,0,0,0,0,8,30831,44,53,0,0,0,0,0,0,0,0,0,0,0,0,0,0,0,0,0,0,0,0,0,0,357,16753,0,0,0,0
87215.406,16641,60,0,0,0,0,0,8,31855,44,53,0,0,0,0,0,0,0,0,0,0,0,0,0,0,0,0,0,0,0,0,0,0,354,15536,0,0,0,0
87231.903,16496,60,0,0,0,0,0,8,31174,44,53,0,0,0,0,0,0,0,0,0,0,0,0,0,0,0,0,0,0,0,0,0,0,342,17793,0,0,0,0
87248.317,16414,60,0,0,0,0,0,8,32188,44,53,0,0,0,0,0,0,0,0,0,0,0,0,0,0,0,0,0,0,0,0,0,0,349,16549,0,0,0,0
87264.970,16653,60,0,0,0,0,0,8,31315,44,53,0,0,0,0,0,0,0,0,0,0,0,0,0,0,0,0,0,0,0,0,0,0,357,16235,0,0,0,0
87281.911,16941,59,0,0,0,0,0,8,30928,44,53,0,0,0,0,0,0,0,0,0,0,0,0,0,0,0,0,0,0,0,0,0,0,367,16472,0,0,0,0
87298.302,16390,61,0,0,0,0,0,8,30571,44,53,0,0,0,0,0,0,0,0,0,0,0,0,0,0,0,0,0,0,0,0,0,0,369,17209,0,0,0,0
87315.115,16812,59,0,0,0,0,0,8,30405,44,53,0,0,0,0,0,0,0,0,0,0,0,0,0,0,0,0,0,0,0,0,0,0,349,16324,0,0,0,0
87331.617,16501,60,0,0,0,0,0,8,30396,44,53,0,0,0,0,0,0,0,0,0,0,0,0,0,0,0,0,0,0,0,0,0,0,356,16408,0,0,0,0
87348.767,17150,58,0,0,0,0,0,8,30353,44,53,0,0,0,0,0,0,0,0,0,0,0,0,0,0,0,0,0,0,0,0,0,0,391,16847,0,0,0,0
87365.274,16507,60,0,0,0,0,0,8,30351,44,53,0,0,0,0,0,0,0,0,0,0,0,0,0,0,0,0,0,0,0,0,0,0,367,17240,0,0,0,0
87381.910,16627,60,0,0,0,0,0,8,30289,44,53,0,0,0,0,0,0,0,0,0,0,0,0,0,0,0,0,0,0,0,0,0,0,359,16015,0,0,0,0
87398.762,16861,59,0,0,0,0,0,8,30208,44,53,0,0,0,0,0,0,0,0,0,0,0,0,0,0,0,0,0,0,0,0,0,0,353,16921,0,0,0,0
87415.096,16333,61,0,0,0,0,0,8,29887,44,53,0,0,0,0,0,0,0,0,0,0,0,0,0,0,0,0,0,0,0,0,0,0,377,15864,0,0,0,0
87431.898,16802,59,0,0,0,0,0,8,29992,44,53,0,0,0,0,0,0,0,0,0,0,0,0,0,0,0,0,0,0,0,0,0,0,387,17587,0,0,0,0
87447.993,16095,62,0,0,0,0,0,8,30043,44,53,0,0,0,0,0,0,0,0,0,0,0,0,0,0,0,0,0,0,0,0,0,0,341,16568,0,0,0,0
87465.078,17085,58,0,0,0,0,0,8,29793,44,53,0,0,0,0,0,0,0,0,0,0,0,0,0,0,0,0,0,0,0,0,0,0,379,15923,0,0,0,0
87481.920,16841,59,0,0,0,0,0,8,30034,44,53,0,0,0,0,0,0,0,0,0,0,0,0,0,0,0,0,0,0,0,0,0,0,365,17162,0,0,0,0
87498.300,16379,61,0,0,0,0,0,8,29948,44,53,0,0,0,0,0,0,0,0,0,0,0,0,0,0,0,0,0,0,0,0,0,0,366,17121,0,0,0,0
87515.422,17122,58,0,0,0,0,0,8,29707,44,53,0,0,0,0,0,0,0,0,0,0,0,0,0,0,0,0,0,0,0,0,0,0,338,16007,0,0,0,0
87531.979,16556,60,0,0,0,0,0,8,29980,44,53,0,0,0,0,0,0,0,0,0,0,0,0,0,0,0,0,0,0,0,0,0,0,347,16914,0,0,0,0
87548.575,16595,60,0,0,0,0,0,8,29849,44,53,0,0,0,0,0,0,0,0,0,0,0,0,0,0,0,0,0,0,0,0,0,0,355,16857,0,0,0,0
87565.306,16731,59,0,0,0,0,0,8,29605,44,53,0,0,0,0,0,0,0,0,0,0,0,0,0,0,0,0,0,0,0,0,0,0,366,16953,0,0,0,0
87581.776,16459,60,0,0,0,0,0,8,29537,44,53,0,0,0,0,0,0,0,0,0,0,0,0,0,0,0,0,0,0,0,0,0,0,361,16343,0,0,0,0
87598.474,16708,59,0,0,0,0,0,8,29570,44,53,0,0,0,0,0,0,0,0,0,0,0,0,0,0,0,0,0,0,0,0,0,0,374,16609,0,0,0,0
87615.263,16788,59,0,0,0,0,0,8,29296,44,53,0,0,0,0,0,0,0,0,0,0,0,0,0,0,0,0,0,0,0,0,0,0,351,16610,0,0,0,0
87631.772,16509,60,0,0,0,0,0,8,29208,44,53,0,0,0,0,0,0,0,0,0,0,0,0,0,0,0,0,0,0,0,0,0,0,345,16827,0,0,0,0
87648.034,16262,61,0,0,0,0,0,8,29189,44,53,0,0,0,0,0,0,0,0,0,0,0,0,0,0,0,0,0,0,0,0,0,0,343,15743,0,0,0,0
87665.270,17235,58,0,0,0,0,0,8,30031,44,53,0,0,0,0,0,0,0,0,0,0,0,0,0,0,0,0,0,0,0,0,0,0,362,17134,0,0,0,0
87681.655,16385,61,0,0,0,0,0,8,27598,44,53,0,0,0,0,0,0,0,0,0,0,0,0,0,0,0,0,0,0,0,0,0,0,370,17085,0,0,0,0
87698.759,17103,58,0,0,0,0,0,8,28428,44,53,0,0,0,0,0,0,0,0,0,0,0,0,0,0,0,0,0,0,0,0,0,0,335,16427,0,0,0,0
87714.985,16226,61,0,0,0,0,0,8,27465,44,53,0,0,0,0,0,0,0,0,0,0,0,0,0,0,0,0,0,0,0,0,0,0,341,17597,0,0,0,0
87731.931,16945,59,0,0,0,0,0,8,28096,44,53,0,0,0,0,0,0,0,0,0,0,0,0,0,0,0,0,0,0,0,0,0,0,339,15436,0,0,0,0
87748.292,16361,61,0,0,0,0,0,8,27547,44,53,0,0,0,0,0,0,0,0,0,0,0,0,0,0,0,0,0,0,0,0,0,0,358,17011,0,0,0,0
87765.768,17476,57,0,0,0,0,0,8,27455,44,53,0,0,0,0,0,0,0,0,0,0,0,0,0,0,0,0,0,0,0,0,0,0,363,16938,0,0,0,0
87781.860,16091,62,0,0,0,0,0,8,27389,44,53,0,0,0,0,0,0,0,0,0,0,0,0,0,0,0,0,0,0,0,0,0,0,344,17006,0,0,0,0
87798.779,16919,59,0,0,0,0,0,8,28541,44,53,0,0,0,0,0,0,0,0,0,0,0,0,0,0,0,0,0,0,0,0,0,0,345,16704,0,0,0,0
87815.375,16595,60,0,0,0,1,0,8,27447,44,53,0,0,0,0,0,0,0,0,0,0,0,0,0,0,0,0,0,0,0,0,0,0,353,16168,0,0,0,0
87831.894,16519,60,0,0,0,0,0,8,27326,44,53,0,0,0,0,0,0,0,0,0,0,0,0,0,0,0,0,0,0,0,0,0,0,350,16800,0,0,0,0
87848.764,16869,59,0,0,0,0,0,8,27485,44,53,0,0,0,0,0,0,0,0,0,0,0,0,0,0,0,0,0,0,0,0,0,0,354,16858,0,0,0,0
87864.904,16140,61,0,0,0,0,0,8,27370,44,53,0,0,0,0,0,0,0,0,0,0,0,0,0,0,0,0,0,0,0,0,0,0,335,15449,0,0,0,0
87881.759,16855,59,0,0,0,0,0,8,27539,44,53,0,0,0,0,0,0,0,0,0,0,0,0,0,0,0,0,0,0,0,0,0,0,365,17300,0,0,0,0
87898.319,16559,60,0,0,0,0,0,8,27220,44,53,0,0,0,0,0,0,0,0,0,0,0,0,0,0,0,0,0,0,0,0,0,0,323,16873,0,0,0,0
87915.757,17437,57,0,0,0,0,0,8,29643,44,53,0,0,0,0,0,0,0,0,0,0,0,0,0,0,0,0,0,0,0,0,0,0,378,16336,0,0,0,0
87932.286,16529,60,0,0,0,0,0,8,29083,44,53,0,0,0,0,0,0,0,0,0,0,0,0,0,0,0,0,0,0,0,0,0,0,366,17665,0,0,0,0
87948.180,15893,62,0,0,0,0,0,8,30442,44,53,0,0,0,0,0,0,0,0,0,0,0,0,0,0,0,0,0,0,0,0,0,0,367,16430,0,0,0,0
87964.417,16237,61,0,0,0,0,0,8,30378,44,53,0,0,0,0,0,0,0,0,0,0,0,0,0,0,0,0,0,0,0,0,0,0,351,16101,0,0,0,0
87982.284,17866,55,0,0,0,0,0,8,30090,44,53,0,0,0,0,0,0,0,0,0,0,0,0,0,0,0,0,0,0,0,0,0,0,381,16118,0,0,0,0
87998.547,16262,61,0,0,0,0,0,8,29070,44,53,0,0,0,0,0,0,0,0,0,0,0,0,0,0,0,0,0,0,0,0,0,0,356,17695,0,0,0,0
88015.052,16505,60,0,0,0,0,0,8,30105,44,53,0,0,0,0,0,0,0,0,0,0,0,0,0,0,0,0,0,0,0,0,0,0,379,17000,0,0,0,0
88031.380,16327,61,0,0,0,0,0,8,30405,44,53,0,0,0,0,0,0,0,0,0,0,0,0,0,0,0,0,0,0,0,0,0,0,375,16344,0,0,0,0
88048.480,17099,58,0,0,0,0,0,8,29466,44,53,0,0,0,0,0,0,0,0,0,0,0,0,0,0,0,0,0,0,0,0,0,0,362,16350,0,0,0,0
88065.418,16938,59,0,0,0,0,0,8,29336,44,53,0,0,0,0,0,0,0,0,0,0,0,0,0,0,0,0,0,0,0,0,0,0,366,16499,0,0,0,0
88081.756,16338,61,0,0,0,0,0,8,29983,44,53,0,0,0,0,0,0,0,0,0,0,0,0,0,0,0,0,0,0,0,0,0,0,344,17529,0,0,0,0
88098.517,16761,59,0,0,0,0,0,8,29528,44,53,0,0,0,0,0,0,0,0,0,0,0,0,0,0,0,0,0,0,0,0,0,0,366,16302,0,0,0,0
88115.763,17246,57,0,0,0,0,0,8,29412,44,53,0,0,0,0,0,0,0,0,0,0,0,0,0,0,0,0,0,0,0,0,0,0,353,16791,0,0,0,0
88131.895,16131,61,0,0,0,0,0,8,29712,44,53,0,0,0,0,0,0,0,0,0,0,0,0,0,0,0,0,0,0,0,0,0,0,374,17370,0,0,0,0
88148.335,16440,60,0,0,0,0,0,8,30521,44,53,0,0,0,0,0,0,0,0,0,0,0,0,0,0,0,0,0,0,0,0,0,0,348,16022,0,0,0,0
88165.760,17424,57,0,0,0,0,0,8,30036,44,53,0,0,0,0,0,0,0,0,0,0,0,0,0,0,0,0,0,0,0,0,0,0,331,16253,0,0,0,0
88182.271,16510,60,0,0,0,0,0,8,28545,44,53,0,0,0,0,0,0,0,0,0,0,0,0,0,0,0,0,0,0,0,0,0,0,353,17602,0,0,0,0
88198.518,16246,61,0,0,0,0,0,8,28461,44,53,0,0,0,0,0,0,0,0,0,0,0,0,0,0,0,0,0,0,0,0,0,0,383,16232,0,0,0,0
88214.902,16384,61,0,0,0,0,0,8,28393,44,53,0,0,0,0,0,0,0,0,0,0,0,0,0,0,0,0,0,0,0,0,0,0,354,15933,0,0,0,0
88231.538,16636,60,0,0,0,0,0,8,28465,44,53,0,0,0,0,0,0,0,0,0,0,0,0,0,0,0,0,0,0,0,0,0,0,371,16596,0,0,0,0
88248.465,16927,59,0,0,0,0,0,8,28624,44,53,0,0,0,0,0,0,0,0,0,0,0,0,0,0,0,0,0,0,0,0,0,0,350,16732,0,0,0,0
88265.272,16806,59,0,0,0,0,0,8,28847,44,53,0,0,0,0,0,0,0,0,0,0,0,0,0,0,0,0,0,0,0,0,0,0,367,17176,0,0,0,0
88282.279,17007,58,0,0,0,0,0,8,29070,44,53,0,0,0,0,0,0,0,0,0,0,0,0,0,0,0,0,0,0,0,0,0,0,337,16720,0,0,0,0
88298.275,15996,62,0,0,0,0,0,8,29184,44,53,0,0,0,0,0,0,0,0,0,0,0,0,0,0,0,0,0,0,0,0,0,0,364,16865,0,0,0,0
88315.248,16973,58,0,0,0,0,0,8,29007,44,53,0,0,0,0,0,0,0,0,0,0,0,0,0,0,0,0,0,0,0,0,0,0,365,16351,0,0,0,0
88331.767,16519,60,0,0,0,0,0,8,29193,44,53,0,0,0,0,0,0,0,0,0,0,0,0,0,0,0,0,0,0,0,0,0,0,362,16583,0,0,0,0
88348.268,16500,60,0,0,0,0,0,8,29672,44,53,0,0,0,0,0,0,0,0,0,0,0,0,0,0,0,0,0,0,0,0,0,0,353,16914,0,0,0,0
88364.893,16625,60,0,0,0,0,0,8,29265,44,53,0,0,0,0,0,0,0,0,0,0,0,0,0,0,0,0,0,0,0,0,0,0,394,16743,0,0,0,0
88381.505,16611,60,0,0,0,0,0,8,30995,44,53,0,0,0,0,0,0,0,0,0,0,0,0,0,0,0,0,0,0,0,0,0,0,387,16942,0,0,0,0
88398.755,17250,57,0,0,0,0,0,8,31057,44,53,0,0,0,0,0,0,0,0,0,0,0,0,0,0,0,0,0,0,0,0,0,0,361,15747,0,0,0,0
88415.285,16530,60,0,0,0,0,0,8,30916,44,53,0,0,0,0,0,0,0,0,0,0,0,0,0,0,0,0,0,0,0,0,0,0,377,16634,0,0,0,0
88431.754,16469,60,0,0,0,0,0,8,31466,44,53,0,0,0,0,0,0,0,0,0,0,0,0,0,0,0,0,0,0,0,0,0,0,355,17062,0,0,0,0
88447.767,16012,62,0,0,0,0,0,8,31141,44,53,0,0,0,0,0,0,0,0,0,0,0,0,0,0,0,0,0,0,0,0,0,0,371,16840,0,0,0,0
88465.765,17998,55,0,0,0,0,0,8,30953,44,53,0,0,0,0,0,0,0,0,0,0,0,0,0,0,0,0,0,0,0,0,0,0,340,15742,0,0,0,0
88481.902,16127,62,0,0,0,0,0,8,31314,44,53,0,0,0,0,0,0,0,0,0,0,0,0,0,0,0,0,0,0,0,0,0,0,341,18303,0,0,0,0
88498.756,16863,59,0,0,0,0,0,8,31163,44,53,0,0,0,0,0,0,0,0,0,0,0,0,0,0,0,0,0,0,0,0,0,0,378,16062,0,0,0,0
88515.064,16308,61,0,0,0,0,0,8,30979,44,53,0,0,0,0,0,0,0,0,0,0,0,0,0,0,0,0,0,0,0,0,0,0,351,15939,0,0,0,0
88531.867,16793,59,0,0,0,0,0,8,31593,44,53,0,0,0,0,0,0,0,0,0,0,0,0,0,0,0,0,0,0,0,0,0,0,359,17089,0,0,0,0
88548.488,16630,60,0,0,0,0,0,8,31642,44,53,0,0,0,0,0,0,0,0,0,0,0,0,0,0,0,0,0,0,0,0,0,0,368,16988,0,0,0,0
88564.893,16405,60,0,0,0,0,0,8,31354,44,53,0,0,0,0,0,0,0,0,0,0,0,0,0,0,0,0,0,0,0,0,0,0,371,16306,0,0,0,0
88581.912,17019,58,0,0,0,0,0,8,31669,44,53,0,0,0,0,0,0,0,0,0,0,0,0,0,0,0,0,0,0,0,0,0,0,353,16876,0,0,0,0
88598.774,16861,59,0,0,0,0,0,8,31957,44,53,0,0,0,0,0,0,0,0,0,0,0,0,0,0,0,0,0,0,0,0,0,0,397,17025,0,0,0,0
88615.167,16392,61,0,0,0,0,0,8,31870,44,53,0,0,0,0,0,0,0,0,0,0,0,0,0,0,0,0,0,0,0,0,0,0,357,15798,0,0,0,0
88631.897,16730,59,0,0,0,0,0,8,32024,44,53,0,0,0,0,0,0,0,0,0,0,0,0,0,0,0,0,0,0,0,0,0,0,372,17379,0,0,0,0
88648.771,16874,59,0,0,0,0,0,8,30074,44,53,0,0,0,0,0,0,0,0,0,0,0,0,0,0,0,0,0,0,0,0,0,0,346,16775,0,0,0,0
88665.753,16982,58,0,0,0,0,0,8,31148,44,53,0,0,0,0,0,0,0,0,0,0,0,0,0,0,0,0,0,0,0,0,0,0,338,15785,0,0,0,0
88681.964,16210,61,0,0,0,0,0,8,30470,44,53,0,0,0,0,0,0,0,0,0,0,0,0,0,0,0,0,0,0,0,0,0,0,342,18487,0,0,0,0
88698.297,16333,61,0,0,0,0,0,8,30919,44,53,0,0,0,0,0,0,0,0,0,0,0,0,0,0,0,0,0,0,0,0,0,0,338,15853,0,0,0,0
88714.701,16404,60,0,0,0,0,0,8,30185,44,53,0,0,0,0,0,0,0,0,0,0,0,0,0,0,0,0,0,0,0,0,0,0,347,16043,0,0,0,0
88732.041,17329,57,0,0,0,0,0,8,30341,44,53,0,0,0,0,0,0,0,0,0,0,0,0,0,0,0,0,0,0,0,0,0,0,338,16722,0,0,0,0
88748.772,16741,59,0,0,0,0,0,8,30365,44,53,0,0,0,0,0,0,0,0,0,0,0,0,0,0,0,0,0,0,0,0,0,0,383,17419,0,0,0,0
88765.225,16452,60,0,0,0,0,0,8,30162,44,53,0,0,0,0,0,0,0,0,0,0,0,0,0,0,0,0,0,0,0,0,0,0,361,16703,0,0,0,0
88782.264,17038,58,0,0,0,0,0,8,30152,44,53,0,0,0,0,0,0,0,0,0,0,0,0,0,0,0,0,0,0,0,0,0,0,368,16332,0,0,0,0
88798.410,16146,61,0,0,0,0,0,8,30141,44,53,0,0,0,0,0,0,0,0,0,0,0,0,0,0,0,0,0,0,0,0,0,0,359,16566,0,0,0,0
88815.435,17024,58,0,0,0,0,0,8,29997,44,53,0,0,0,0,0,0,0,0,0,0,0,0,0,0,0,0,0,0,0,0,0,0,344,16543,0,0,0,0
88831.904,16469,60,0,0,0,0,0,8,30114,44,53,0,0,0,0,0,0,0,0,0,0,0,0,0,0,0,0,0,0,0,0,0,0,356,16618,0,0,0,0
88848.758,16854,59,0,0,0,0,0,8,30053,44,53,0,0,0,0,0,0,0,0,0,0,0,0,0,0,0,0,0,0,0,0,0,0,346,16413,0,0,0,0
88865.756,16997,58,0,0,0,0,0,8,29895,44,53,0,0,0,0,0,0,0,0,0,0,0,0,0,0,0,0,0,0,0,0,0,0,357,15908,0,0,0,0
88882.752,16996,58,0,0,0,0,0,8,30040,44,53,0,0,0,0,0,0,0,0,0,0,0,0,0,0,0,0,0,0,0,0,0,0,344,18073,0,0,0,0
88898.536,15783,63,0,0,0,0,0,8,29963,44,53,0,0,0,0,0,0,0,0,0,0,0,0,0,0,0,0,0,0,0,0,0,0,346,17155,0,0,0,0
88915.750,17214,58,0,0,0,0,0,8,29883,44,53,0,0,0,0,0,0,0,0,0,0,0,0,0,0,0,0,0,0,0,0,0,0,346,15803,0,0,0,0
88932.271,16521,60,0,0,0,0,0,8,30029,44,53,0,0,0,0,0,0,0,0,0,0,0,0,0,0,0,0,0,0,0,0,0,0,348,17175,0,0,0,0
88948.747,16475,60,0,0,0,0,0,8,30008,44,53,0,0,0,0,0,0,0,0,0,0,0,0,0,0,0,0,0,0,0,0,0,0,371,16755,0,0,0,0
88965.310,16562,60,0,0,0,0,0,8,30011,44,53,0,0,0,0,0,0,0,0,0,0,0,0,0,0,0,0,0,0,0,0,0,0,353,16523,0,0,0,0
88981.899,16589,60,0,0,0,0,0,8,30041,44,53,0,0,0,0,0,0,0,0,0,0,0,0,0,0,0,0,0,0,0,0,0,0,360,16256,0,0,0,0
88998.749,16849,59,0,0,0,0,0,8,29919,44,53,0,0,0,0,0,0,0,0,0,0,0,0,0,0,0,0,0,0,0,0,0,0,354,16434,0,0,0,0
89015.753,17004,58,0,0,0,0,0,8,29733,44,53,0,0,0,0,0,0,0,0,0,0,0,0,0,0,0,0,0,0,0,0,0,0,353,16261,0,0,0,0
89031.635,15881,62,0,0,0,0,0,8,29974,44,53,0,0,0,0,0,0,0,0,0,0,0,0,0,0,0,0,0,0,0,0,0,0,351,17956,0,0,0,0
89048.309,16674,59,0,0,0,0,0,8,29843,44,53,0,0,0,0,0,0,0,0,0,0,0,0,0,0,0,0,0,0,0,0,0,0,361,15417,0,0,0,0
89065.057,16747,59,0,0,0,0,0,8,29765,44,53,0,0,0,0,0,0,0,0,0,0,0,0,0,0,0,0,0,0,0,0,0,0,339,17402,0,0,0,0
89081.750,16692,59,0,0,0,0,0,8,31404,44,53,0,0,0,0,0,0,0,0,0,0,0,0,0,0,0,0,0,0,0,0,0,0,334,16688,0,0,0,0
89098.269,16519,60,0,0,0,0,0,8,30751,44,53,0,0,0,0,0,0,0,0,0,0,0,0,0,0,0,0,0,0,0,0,0,0,355,15625,0,0,0,0
89115.757,17487,57,0,0,0,0,0,8,29943,44,53,0,0,0,0,0,0,0,0,0,0,0,0,0,0,0,0,0,0,0,0,0,0,328,17215,0,0,0,0
89131.915,16157,61,0,0,0,0,0,8,29887,44,53,0,0,0,0,0,0,0,0,0,0,0,0,0,0,0,0,0,0,0,0,0,0,338,17547,0,0,0,0
89148.562,16646,60,0,0,0,0,0,8,29789,44,53,0,0,0,0,0,0,0,0,0,0,0,0,0,0,0,0,0,0,0,0,0,0,353,16035,0,0,0,0
89165.754,17192,58,0,0,0,0,0,8,29624,44,53,0,0,0,0,0,0,0,0,0,0,0,0,0,0,0,0,0,0,0,0,0,0,334,15894,0,0,0,0
89181.980,16225,61,0,0,0,0,0,8,29755,44,53,0,0,0,0,0,0,0,0,0,0,0,0,0,0,0,0,0,0,0,0,0,0,433,18314,0,0,0,0
89198.429,16449,60,0,0,0,0,0,8,29851,44,53,0,0,0,0,0,0,0,0,0,0,0,0,0,0,0,0,0,0,0,0,0,0,379,16048,0,0,0,0
89215.781,17351,57,0,0,0,0,0,8,29461,44,53,0,0,0,0,0,0,0,0,0,0,0,0,0,0,0,0,0,0,0,0,0,0,333,16032,0,0,0,0
89231.817,16035,62,0,0,0,0,0,8,29700,44,53,0,0,0,0,0,0,0,0,0,0,0,0,0,0,0,0,0,0,0,0,0,0,398,17932,0,0,0,0
89248.305,16488,60,0,0,0,0,0,8,29557,44,53,0,0,0,0,0,0,0,0,0,0,0,0,0,0,0,0,0,0,0,0,0,0,343,15950,0,0,0,0
89265.260,16954,58,0,0,0,0,0,8,31003,44,53,0,0,0,0,0,0,0,0,0,0,0,0,0,0,0,0,0,0,0,0,0,0,337,16221,0,0,0,0
89281.751,16491,60,0,0,0,0,0,8,31460,44,53,0,0,0,0,0,0,0,0,0,0,0,0,0,0,0,0,0,0,0,0,0,0,342,17061,0,0,0,0
89298.255,16503,60,0,0,0,0,0,8,32533,44,53,0,0,0,0,0,0,0,0,0,0,0,0,0,0,0,0,0,0,0,0,0,0,332,15457,0,0,0,0
89315.105,16850,59,0,0,0,0,0,8,31527,44,53,0,0,0,0,0,0,0,0,0,0,0,0,0,0,0,0,0,0,0,0,0,0,347,17709,0,0,0,0
89331.744,16638,60,0,0,0,0,0,8,32264,44,53,0,0,0,0,0,0,0,0,0,0,0,0,0,0,0,0,0,0,0,0,0,0,352,16652,0,0,0,0
89348.521,16776,59,0,0,0,0,0,8,31216,44,53,0,0,0,0,0,0,0,0,0,0,0,0,0,0,0,0,0,0,0,0,0,0,348,16359,0,0,0,0
89365.262,16741,59,0,0,0,0,0,8,31174,44,53,0,0,0,0,0,0,0,0,0,0,0,0,0,0,0,0,0,0,0,0,0,0,381,16957,0,0,0,0
89381.911,16648,60,0,0,0,0,0,8,31088,44,53,0,0,0,0,0,0,0,0,0,0,0,0,0,0,0,0,0,0,0,0,0,0,349,16989,0,0,0,0
89398.389,16478,60,0,0,0,0,0,8,31035,44,53,0,0,0,0,0,0,0,0,0,0,0,0,0,0,0,0,0,0,0,0,0,0,373,16228,0,0,0,0
89415.755,17365,57,0,0,0,0,0,8,31158,44,53,0,0,0,0,0,0,0,0,0,0,0,0,0,0,0,0,0,0,0,0,0,0,366,16347,0,0,0,0
89431.640,15884,62,0,0,0,0,0,8,31348,44,53,0,0,0,0,0,0,0,0,0,0,0,0,0,0,0,0,0,0,0,0,0,0,346,17894,0,0,0,0
89448.632,16992,58,0,0,0,0,0,8,31644,44,53,0,0,0,0,0,0,0,0,0,0,0,0,0,0,0,0,0,0,0,0,0,0,396,15729,0,0,0,0
89465.323,16690,59,0,0,0,0,0,8,31525,44,53,0,0,0,0,0,0,0,0,0,0,0,0,0,0,0,0,0,0,0,0,0,0,341,17241,0,0,0,0
89482.282,16958,58,0,0,0,0,0,8,31378,44,53,0,0,0,0,0,0,0,0,0,0,0,0,0,0,0,0,0,0,0,0,0,0,348,16551,0,0,0,0
89498.269,15987,62,0,0,0,0,0,8,31349,44,53,0,0,0,0,0,0,0,0,0,0,0,0,0,0,0,0,0,0,0,0,0,0,350,16399,0,0,0,0
89515.174,16905,59,0,0,0,0,0,8,31053,44,53,0,0,0,0,0,0,0,0,0,0,0,0,0,0,0,0,0,0,0,0,0,0,343,16067,0,0,0,0
89532.569,17395,57,0,0,0,0,0,8,29535,44,53,0,0,0,0,0,0,0,0,0,0,0,0,0,0,0,0,0,0,0,0,0,0,355,17759,0,0,0,0
89548.278,15708,63,0,0,0,0,0,8,29403,44,53,0,0,0,0,0,0,0,0,0,0,0,0,0,0,0,0,0,0,0,0,0,0,356,17294,0,0,0,0
89565.742,17463,57,0,0,0,0,0,8,30985,44,53,0,0,0,0,0,0,0,0,0,0,0,0,0,0,0,0,0,0,0,0,0,0,354,15750,0,0,0,0
89582.263,16521,60,0,0,0,0,0,8,29777,44,53,0,0,0,0,0,0,0,0,0,0,0,0,0,0,0,0,0,0,0,0,0,0,383,17151,0,0,0,0
89598.755,16492,60,0,0,0,0,0,8,29448,44,53,0,0,0,0,0,0,0,0,0,0,0,0,0,0,0,0,0,0,0,0,0,0,341,16000,0,0,0,0
89615.269,16513,60,0,0,0,0,0,8,29245,44,53,0,0,0,0,0,0,0,0,0,0,0,0,0,0,0,0,0,0,0,0,0,0,382,17105,0,0,0,0
89631.741,16471,60,0,0,0,0,0,8,29238,44,53,0,0,0,0,0,0,0,0,0,0,0,0,0,0,0,0,0,0,0,0,0,0,326,16393,0,0,0,0
89648.261,16520,60,0,0,0,0,0,8,29242,44,53,0,0,0,0,0,0,0,0,0,0,0,0,0,0,0,0,0,0,0,0,0,0,355,16650,0,0,0,0
89664.978,16717,59,0,0,0,0,0,8,29075,44,53,0,0,0,0,0,0,0,0,0,0,0,0,0,0,0,0,0,0,0,0,0,0,352,16466,0,0,0,0
89681.620,16641,60,0,0,0,0,0,8,31115,44,53,0,0,0,0,0,0,0,0,0,0,0,0,0,0,0,0,0,0,0,0,0,0,383,16823,0,0,0,0
89699.261,17640,56,0,0,0,0,0,8,30590,44,53,0,0,0,0,0,0,0,0,0,0,0,0,0,0,0,0,0,0,0,0,0,0,364,16203,0,0,0,0
89715.745,16484,60,0,0,0,0,0,8,29405,44,53,0,0,0,0,0,0,0,0,0,0,0,0,0,0,0,0,0,0,0,0,0,0,374,18084,0,0,0,0
89731.755,16010,62,0,0,0,0,0,8,29177,44,53,0,0,0,0,0,0,0,0,0,0,0,0,0,0,0,0,0,0,0,0,0,0,357,15103,0,0,0,0
89748.744,16988,58,0,0,0,0,0,8,29153,44,53,0,0,0,0,0,0,0,0,0,0,0,0,0,0,0,0,0,0,0,0,0,0,333,16294,0,0,0,0
89764.937,16192,61,0,0,0,0,0,8,29055,44,53,0,0,0,0,0,0,0,0,0,0,0,0,0,0,0,0,0,0,0,0,0,0,346,16536,0,0,0,0
89781.577,16640,60,0,0,0,0,0,8,31158,44,53,0,0,0,0,0,0,0,0,0,0,0,0,0,0,0,0,0,0,0,0,0,0,357,17067,0,0,0,0
89798.284,16706,59,0,0,0,0,0,8,32553,44,53,0,0,0,0,0,0,0,0,0,0,0,0,0,0,0,0,0,0,0,0,0,0,361,17096,0,0,0,0
89814.898,16613,60,0,0,0,0,0,8,31945,44,53,0,0,0,0,0,0,0,0,0,0,0,0,0,0,0,0,0,0,0,0,0,0,337,16760,0,0,0,0
89832.750,17852,56,0,0,0,0,0,8,30992,44,53,0,0,0,0,0,0,0,0,0,0,0,0,0,0,0,0,0,0,0,0,0,0,356,16102,0,0,0,0
89848.390,15639,63,0,0,0,0,0,8,31127,44,53,0,0,0,0,0,0,0,0,0,0,0,0,0,0,0,0,0,0,0,0,0,0,374,18571,0,0,0,0
89865.752,17362,57,0,0,0,0,0,8,30947,44,53,0,0,0,0,0,0,0,0,0,0,0,0,0,0,0,0,0,0,0,0,0,0,346,15413,0,0,0,0
89881.685,15933,62,0,0,0,0,0,8,31104,44,53,0,0,0,0,0,0,0,0,0,0,0,0,0,0,0,0,0,0,0,0,0,0,359,17565,0,0,0,0
89898.278,16592,60,0,0,0,0,0,8,30910,44,53,0,0,0,0,0,0,0,0,0,0,0,0,0,0,0,0,0,0,0,0,0,0,371,15433,0,0,0,0
89915.742,17463,57,0,0,0,0,0,8,30834,44,53,0,0,0,0,0,0,0,0,0,0,0,0,0,0,0,0,0,0,0,0,0,0,334,16596,0,0,0,0
89931.624,15882,62,0,0,0,0,0,8,31015,44,53,0,0,0,0,0,0,0,0,0,0,0,0,0,0,0,0,0,0,0,0,0,0,362,17625,0,0,0,0
89948.740,17116,58,0,0,0,0,0,8,31696,44,53,0,0,0,0,0,0,0,0,0,0,0,0,0,0,0,0,0,0,0,0,0,0,367,15800,0,0,0,0
89965.287,16547,60,0,0,0,0,0,8,30896,44,53,0,0,0,0,0,0,0,0,0,0,0,0,0,0,0,0,0,0,0,0,0,0,371,16165,0,0,0,0
89982.755,17467,57,0,0,0,0,0,8,30953,44,53,0,0,0,0,0,0,0,0,0,0,0,0,0,0,0,0,0,0,0,0,0,0,366,17221,0,0,0,0
89998.340,15584,64,0,0,0,0,0,8,31015,44,53,0,0,0,0,0,0,0,0,0,0,0,0,0,0,0,0,0,0,0,0,0,0,367,17832,0,0,0,0
90015.253,16913,59,0,0,0,0,0,8,30823,44,53,0,0,0,0,0,0,0,0,0,0,0,0,0,0,0,0,0,0,0,0,0,0,329,15338,0,0,0,0
90031.660,16407,60,0,0,0,0,0,8,31049,44,53,0,0,0,0,0,0,0,0,0,0,0,0,0,0,0,0,0,0,0,0,0,0,339,17436,0,0,0,0
90048.742,17082,58,0,0,0,0,0,8,29922,44,53,0,0,0,0,0,0,0,0,0,0,0,0,0,0,0,0,0,0,0,0,0,0,347,16153,0,0,0,0
90065.286,16543,60,0,0,0,0,0,8,29041,44,53,0,0,0,0,0,0,0,0,0,0,0,0,0,0,0,0,0,0,0,0,0,0,353,16181,0,0,0,0
90081.879,16593,60,0,0,0,0,0,8,29307,44,53,0,0,0,0,0,0,0,0,0,0,0,0,0,0,0,0,0,0,0,0,0,0,338,17765,0,0,0,0
90098.616,16737,59,0,0,0,0,0,8,29186,44,53,0,0,0,0,0,0,0,0,0,0,0,0,0,0,0,0,0,0,0,0,0,0,359,16177,0,0,0,0
90114.779,16163,61,0,0,0,0,0,8,29251,44,53,0,0,0,0,0,0,0,0,0,0,0,0,0,0,0,0,0,0,0,0,0,0,344,17048,0,0,0,0
90131.751,16972,58,0,0,0,0,0,8,29204,44,53,0,0,0,0,0,0,0,0,0,0,0,0,0,0,0,0,0,0,0,0,0,0,364,16213,0,0,0,0
90148.279,16527,60,0,0,0,0,0,8,29132,44,53,0,0,0,0,0,0,0,0,0,0,0,0,0,0,0,0,0,0,0,0,0,0,365,16928,0,0,0,0
90164.844,16564,60,0,0,0,0,0,8,29104,44,53,0,0,0,0,0,0,0,0,0,0,0,0,0,0,0,0,0,0,0,0,0,0,350,16392,0,0,0,0
90181.318,16474,60,0,0,0,0,0,8,29157,44,53,0,0,0,0,0,0,0,0,0,0,0,0,0,0,0,0,0,0,0,0,0,0,369,16491,0,0,0,0
90198.518,17200,58,0,0,0,0,0,8,30992,44,53,0,0,0,0,0,0,0,0,0,0,0,0,0,0,0,0,0,0,0,0,0,0,401,16361,0,0,0,0
90214.973,16455,60,0,0,0,0,0,8,31024,44,53,0,0,0,0,0,0,0,0,0,0,0,0,0,0,0,0,0,0,0,0,0,0,337,17574,0,0,0,0
90231.750,16776,59,0,0,0,0,0,8,31247,44,53,0,0,0,0,0,0,0,0,0,0,0,0,0,0,0,0,0,0,0,0,0,0,346,16076,0,0,0,0
90249.261,17510,57,0,0,0,0,0,8,31574,44,53,0,0,0,0,0,0,0,0,0,0,0,0,0,0,0,0,0,0,0,0,0,0,346,17106,0,0,0,0
90265.257,15996,62,0,0,0,0,0,8,31645,44,53,0,0,0,0,0,0,0,0,0,0,0,0,0,0,0,0,0,0,0,0,0,0,372,17233,0,0,0,0
90281.882,16624,60,0,0,0,0,0,8,31649,44,53,0,0,0,0,0,0,0,0,0,0,0,0,0,0,0,0,0,0,0,0,0,0,366,15853,0,0,0,0
90298.766,16883,59,0,0,0,0,0,8,31714,44,53,0,0,0,0,0,0,0,0,0,0,0,0,0,0,0,0,0,0,0,0,0,0,355,17130,0,0,0,0
90315.517,16751,59,0,0,0,0,0,8,31909,44,53,0,0,0,0,0,0,0,0,0,0,0,0,0,0,0,0,0,0,0,0,0,0,357,16848,0,0,0,0
90332.264,16747,59,0,0,0,0,0,8,32163,44,53,0,0,0,0,0,0,0,0,0,0,0,0,0,0,0,0,0,0,0,0,0,0,368,15595,0,0,0,0
90348.414,16150,61,0,0,0,0,0,8,32531,44,53,0,0,0,0,0,0,0,0,0,0,0,0,0,0,0,0,0,0,0,0,0,0,365,17658,0,0,0,0
90365.049,16634,60,0,0,0,0,0,8,32367,44,53,0,0,0,0,0,0,0,0,0,0,0,0,0,0,0,0,0,0,0,0,0,0,365,15893,0,0,0,0
90381.863,16813,59,0,0,0,0,0,8,32618,44,53,0,0,0,0,0,0,0,0,0,0,0,0,0,0,0,0,0,0,0,0,0,0,361,16817,0,0,0,0
90398.736,16873,59,0,0,0,0,0,8,32997,44,53,0,0,0,0,0,0,0,0,0,0,0,0,0,0,0,0,0,0,0,0,0,0,338,17069,0,0,0,0
90415.737,17001,58,0,0,0,0,0,8,32916,44,53,0,0,0,0,0,0,0,0,0,0,0,0,0,0,0,0,0,0,0,0,0,0,346,16028,0,0,0,0
90431.830,16093,62,0,0,0,0,0,8,33121,44,53,0,0,0,0,0,0,0,0,0,0,0,0,0,0,0,0,0,0,0,0,0,0,349,16422,0,0,0,0
90448.492,16661,60,0,0,0,0,0,8,33206,44,53,0,0,0,0,0,0,0,0,0,0,0,0,0,0,0,0,0,0,0,0,0,0,362,17663,0,0,0,0
90465.738,17246,57,0,0,0,0,0,8,31131,44,53,0,0,0,0,0,0,0,0,0,0,0,0,0,0,0,0,0,0,0,0,0,0,338,16369,0,0,0,0
90481.820,16081,62,0,0,0,0,0,8,31424,44,53,0,0,0,0,0,0,0,0,0,0,0,0,0,0,0,0,0,0,0,0,0,0,347,17336,0,0,0,0
90498.378,16558,60,0,0,0,0,0,8,31314,44,53,0,0,0,0,0,0,0,0,0,0,0,0,0,0,0,0,0,0,0,0,0,0,355,15890,0,0,0,0
90515.662,17283,57,0,0,0,0,0,8,31278,44,53,0,0,0,0,0,0,0,0,0,0,0,0,0,0,0,0,0,0,0,0,0,0,357,16696,0,0,0,0
90531.745,16073,62,0,0,0,0,0,8,31481,44,53,0,0,0,0,0,0,0,0,0,0,0,0,0,0,0,0,0,0,0,0,0,0,371,17239,0,0,0,0
90548.754,17018,58,0,0,0,0,0,8,31427,44,53,0,0,0,0,0,0,0,0,0,0,0,0,0,0,0,0,0,0,0,0,0,0,383,16368,0,0,0,0
90565.247,16493,60,0,0,0,0,0,8,31560,44,53,0,0,0,0,0,0,0,0,0,0,0,0,0,0,0,0,0,0,0,0,0,0,380,16953,0,0,0,0
90582.281,17033,58,0,0,0,0,0,8,31539,44,53,0,0,0,0,0,0,0,0,0,0,0,0,0,0,0,0,0,0,0,0,0,0,333,16149,0,0,0,0
90598.337,16056,62,0,0,0,0,0,8,31957,44,53,0,0,0,0,0,0,0,0,0,0,0,0,0,0,0,0,0,0,0,0,0,0,355,16989,0,0,0,0
90615.164,16827,59,0,0,0,0,0,8,31815,44,53,0,0,0,0,0,0,0,0,0,0,0,0,0,0,0,0,0,0,0,0,0,0,328,16347,0,0,0,0
90631.867,16702,59,0,0,0,0,0,8,32065,44,53,0,0,0,0,0,0,0,0,0,0,0,0,0,0,0,0,0,0,0,0,0,0,337,16203,0,0,0,0
90648.581,16714,59,0,0,0,0,0,8,32550,44,53,0,0,0,0,0,0,0,0,0,0,0,0,0,0,0,0,0,0,0,0,0,0,352,17373,0,0,0,0
90665.199,16618,60,0,0,0,0,0,8,32507,44,53,0,0,0,0,0,0,0,0,0,0,0,0,0,0,0,0,0,0,0,0,0,0,372,16835,0,0,0,0
90681.745,16545,60,0,0,0,0,0,8,32934,44,53,0,0,0,0,0,0,0,0,0,0,0,0,0,0,0,0,0,0,0,0,0,0,337,16074,0,0,0,0
90698.736,16991,58,0,0,0,0,0,8,32892,44,53,0,0,0,0,0,0,0,0,0,0,0,0,0,0,0,0,0,0,0,0,0,0,371,16970,0,0,0,0
90714.963,16227,61,0,0,0,0,0,8,32849,44,53,0,0,0,0,0,0,0,0,0,0,0,0,0,0,0,0,0,0,0,0,0,0,348,15929,0,0,0,0
90731.544,16580,60,0,0,0,0,0,8,32986,44,53,0,0,0,0,0,0,0,0,0,0,0,0,0,0,0,0,0,0,0,0,0,0,363,17011,0,0,0,0
90748.495,16951,58,0,0,0,0,0,8,32813,44,53,0,0,0,0,0,0,0,0,0,0,0,0,0,0,0,0,0,0,0,0,0,0,346,16380,0,0,0,0
90765.290,16794,59,0,0,0,0,0,8,32862,44,53,0,0,0,0,0,0,0,0,0,0,0,0,0,0,0,0,0,0,0,0,0,0,375,17484,0,0,0,0
90781.944,16654,60,0,0,0,0,0,8,32635,44,53,0,0,0,0,0,0,0,0,0,0,0,0,0,0,0,0,0,0,0,0,0,0,373,16131,0,0,0,0
90798.341,16396,60,0,0,0,0,0,8,32876,44,53,0,0,0,0,0,0,0,0,0,0,0,0,0,0,0,0,0,0,0,0,0,0,351,17225,0,0,0,0
90815.412,17070,58,0,0,0,0,0,8,32616,44,53,0,0,0,0,0,0,0,0,0,0,0,0,0,0,0,0,0,0,0,0,0,0,340,16249,0,0,0,0
90831.741,16329,61,0,0,0,0,0,8,32743,44,53,0,0,0,0,0,0,0,0,0,0,0,0,0,0,0,0,0,0,0,0,0,0,365,16808,0,0,0,0
90848.729,16988,58,0,0,0,0,0,8,33604,44,53,0,0,0,0,0,0,0,0,0,0,0,0,0,0,0,0,0,0,0,0,0,0,337,15840,0,0,0,0
90865.294,16564,60,0,0,0,0,0,8,33343,44,53,0,0,0,0,0,0,0,0,0,0,0,0,0,0,0,0,0,0,0,0,0,0,343,17964,0,0,0,0
90881.821,16527,60,0,0,0,0,0,8,33339,44,53,0,0,0,0,0,0,0,0,0,0,0,0,0,0,0,0,0,0,0,0,0,0,346,16424,0,0,0,0
90898.415,16594,60,0,0,0,0,0,8,33208,44,53,0,0,0,0,0,0,0,0,0,0,0,0,0,0,0,0,0,0,0,0,0,0,360,16701,0,0,0,0
90915.413,16997,58,0,0,0,0,0,8,32261,44,53,0,0,0,0,0,0,0,0,0,0,0,0,0,0,0,0,0,0,0,0,0,0,346,16310,0,0,0,0
90931.884,16471,60,0,0,0,0,0,8,32275,44,53,0,0,0,0,0,0,0,0,0,0,0,0,0,0,0,0,0,0,0,0,0,0,363,16695,0,0,0,0
90948.288,16403,60,0,0,0,0,0,8,32716,44,53,0,0,0,0,0,0,0,0,0,0,0,0,0,0,0,0,0,0,0,0,0,0,387,17182,0,0,0,0
90965.248,16960,58,0,0,0,0,0,8,34210,44,53,0,0,0,0,0,0,0,0,0,0,0,0,0,0,0,0,0,0,0,0,0,0,360,16172,0,0,0,0
90981.885,16636,60,0,0,0,0,0,8,33385,44,53,0,0,0,0,0,0,0,0,0,0,0,0,0,0,0,0,0,0,0,0,0,0,415,16839,0,0,0,0
90998.755,16870,59,0,0,0,0,0,8,33285,44,53,0,0,0,0,0,0,0,0,0,0,0,0,0,0,0,0,0,0,0,0,0,0,334,15770,0,0,0,0
91014.871,16115,62,0,0,0,0,0,8,33133,44,53,0,0,0,0,0,0,0,0,0,0,0,0,0,0,0,0,0,0,0,0,0,0,333,16464,0,0,0,0
91031.873,17001,58,0,0,0,0,0,8,33056,44,53,0,0,0,0,0,0,0,0,0,0,0,0,0,0,0,0,0,0,0,0,0,0,359,17450,0,0,0,0
91047.733,15860,63,0,0,0,0,0,8,32867,44,53,0,0,0,0,0,0,0,0,0,0,0,0,0,0,0,0,0,0,0,0,0,0,334,16692,0,0,0,0
91065.271,17538,57,0,0,0,0,0,8,32668,44,53,0,0,0,0,0,0,0,0,0,0,0,0,0,0,0,0,0,0,0,0,0,0,354,15775,0,0,0,0
91082.019,16747,59,0,0,0,0,0,8,32840,44,53,0,0,0,0,0,0,0,0,0,0,0,0,0,0,0,0,0,0,0,0,0,0,336,17376,0,0,0,0
91098.418,16399,60,0,0,0,0,0,8,32791,44,53,0,0,0,0,0,0,0,0,0,0,0,0,0,0,0,0,0,0,0,0,0,0,365,16884,0,0,0,0
91114.935,16516,60,0,0,0,0,0,8,32914,44,53,0,0,0,0,0,0,0,0,0,0,0,0,0,0,0,0,0,0,0,0,0,0,349,16960,0,0,0,0
91131.571,16636,60,0,0,0,0,0,8,32876,44,53,0,0,0,0,0,0,0,0,0,0,0,0,0,0,0,0,0,0,0,0,0,0,328,16285,0,0,0,0
91148.590,17019,58,0,0,0,0,0,8,32881,44,53,0,0,0,0,0,0,0,0,0,0,0,0,0,0,0,0,0,0,0,0,0,0,340,16820,0,0,0,0
91165.123,16533,60,0,0,0,0,0,8,32747,44,53,0,0,0,0,0,0,0,0,0,0,0,0,0,0,0,0,0,0,0,0,0,0,350,16667,0,0,0,0
91181.884,16761,59,0,0,0,0,0,8,32886,44,53,0,0,0,0,0,0,0,0,0,0,0,0,0,0,0,0,0,0,0,0,0,0,380,16401,0,0,0,0
91198.729,16844,59,0,0,0,0,0,8,32987,44,53,0,0,0,0,0,0,0,0,0,0,0,0,0,0,0,0,0,0,0,0,0,0,348,17139,0,0,0,0
91215.192,16463,60,0,0,0,0,0,8,32680,44,53,0,0,0,0,0,0,0,0,0,0,0,0,0,0,0,0,0,0,0,0,0,0,341,15791,0,0,0,0
91232.245,17053,58,0,0,0,0,0,8,31011,44,53,0,0,0,0,0,0,0,0,0,0,0,0,0,0,0,0,0,0,0,0,0,0,361,16322,0,0,0,0
91248.736,16490,60,0,0,0,0,0,8,30961,44,53,0,0,0,0,0,0,0,0,0,0,0,0,0,0,0,0,0,0,0,0,0,0,371,17892,0,0,0,0
91265.266,16530,60,0,0,0,0,0,8,30571,44,53,0,0,0,0,0,0,0,0,0,0,0,0,0,0,0,0,0,0,0,0,0,0,348,16674,0,0,0,0
91281.846,16579,60,0,0,0,0,0,8,30464,44,53,0,0,0,0,0,0,0,0,0,0,0,0,0,0,0,0,0,0,0,0,0,0,339,16250,0,0,0,0
91298.730,16883,59,0,0,0,0,0,8,30395,44,53,0,0,0,0,0,0,0,0,0,0,0,0,0,0,0,0,0,0,0,0,0,0,393,17164,0,0,0,0
91315.148,16417,60,0,0,0,0,0,8,30035,44,53,0,0,0,0,0,0,0,0,0,0,0,0,0,0,0,0,0,0,0,0,0,0,331,15700,0,0,0,0
91332.729,17581,56,0,0,0,0,0,8,30089,44,53,0,0,0,0,0,0,0,0,0,0,0,0,0,0,0,0,0,0,0,0,0,0,347,17197,0,0,0,0
91348.891,16162,61,0,0,0,0,0,8,30126,44,53,0,0,0,0,0,0,0,0,0,0,0,0,0,0,0,0,0,0,0,0,0,0,391,18161,0,0,0,0
91365.126,16234,61,0,0,0,0,0,8,30902,44,53,0,0,0,0,0,0,0,0,0,0,0,0,0,0,0,0,0,0,0,0,0,0,352,16049,0,0,0,0
91381.904,16778,59,0,0,0,0,0,8,30999,44,53,0,0,0,0,0,0,0,0,0,0,0,0,0,0,0,0,0,0,0,0,0,0,331,15750,0,0,0,0
91397.812,15908,62,0,0,0,0,0,8,31139,44,53,0,0,0,0,0,0,0,0,0,0,0,0,0,0,0,0,0,0,0,0,0,0,362,16832,0,0,0,0
91415.736,17924,55,0,0,0,0,0,8,31184,44,53,0,0,0,0,0,0,0,0,0,0,0,0,0,0,0,0,0,0,0,0,0,0,366,15983,0,0,0,0
91432.265,16529,60,0,0,0,0,0,8,31323,44,53,0,0,0,0,0,0,0,0,0,0,0,0,0,0,0,0,0,0,0,0,0,0,359,18285,0,0,0,0
91448.728,16462,60,0,0,0,0,0,8,31156,44,53,0,0,0,0,0,0,0,0,0,0,0,0,0,0,0,0,0,0,0,0,0,0,349,16271,0,0,0,0
91465.238,16510,60,0,0,0,0,0,8,30986,44,53,0,0,0,0,0,0,0,0,0,0,0,0,0,0,0,0,0,0,0,0,0,0,354,15590,0,0,0,0
91481.942,16703,59,0,0,0,0,0,8,29965,44,53,0,0,0,0,0,0,0,0,0,0,0,0,0,0,0,0,0,0,0,0,0,0,356,17460,0,0,0,0
91498.722,16779,59,0,0,0,0,0,8,29535,44,53,0,0,0,0,0,0,0,0,0,0,0,0,0,0,0,0,0,0,0,0,0,0,354,16577,0,0,0,0
91515.732,17010,58,0,0,0,0,0,8,30550,44,53,0,0,0,0,0,0,0,0,0,0,0,0,0,0,0,0,0,0,0,0,0,0,337,17143,0,0,0,0
91531.914,16181,61,0,0,0,0,0,8,29832,44,53,0,0,0,0,0,0,0,0,0,0,0,0,0,0,0,0,0,0,0,0,0,0,346,16720,0,0,0,0
91548.714,16800,59,0,0,0,0,0,8,30582,44,53,0,0,0,0,0,0,0,0,0,0,0,0,0,0,0,0,0,0,0,0,0,0,355,15659,0,0,0,0
91565.035,16321,61,0,0,0,0,0,8,29709,44,53,0,0,0,0,0,0,0,0,0,0,0,0,0,0,0,0,0,0,0,0,0,0,359,17290,0,0,0,0
91581.727,16692,59,0,0,0,0,0,8,29597,44,53,0,0,0,0,0,0,0,0,0,0,0,0,0,0,0,0,0,0,0,0,0,0,356,15949,0,0,0,0
91597.947,16220,61,0,0,0,0,0,8,29830,44,53,0,0,0,0,0,0,0,0,0,0,0,0,0,0,0,0,0,0,0,0,0,0,338,17011,0,0,0,0
91614.869,16922,59,0,0,0,0,0,8,29463,44,53,0,0,0,0,0,0,0,0,0,0,0,0,0,0,0,0,0,0,0,0,0,0,356,15824,0,0,0,0
91631.956,17086,58,0,0,0,0,0,8,29678,44,53,0,0,0,0,0,0,0,0,0,0,0,0,0,0,0,0,0,0,0,0,0,0,353,17937,0,0,0,0
91648.485,16529,60,0,0,0,0,0,8,29520,44,53,0,0,0,0,0,0,0,0,0,0,0,0,0,0,0,0,0,0,0,0,0,0,354,16301,0,0,0,0
91665.296,16810,59,0,0,0,0,0,8,29324,44,53,0,0,0,0,0,0,0,0,0,0,0,0,0,0,0,0,0,0,0,0,0,0,350,16809,0,0,0,0
91681.822,16526,60,0,0,0,0,0,8,29567,44,53,0,0,0,0,0,0,0,0,0,0,0,0,0,0,0,0,0,0,0,0,0,0,372,16796,0,0,0,0
91698.275,16453,60,0,0,0,0,0,8,31185,44,53,0,0,0,0,0,0,0,0,0,0,0,0,0,0,0,0,0,0,0,0,0,0,371,16487,0,0,0,0
91715.733,17458,57,0,0,0,0,0,8,31023,44,53,0,0,0,0,0,0,0,0,0,0,0,0,0,0,0,0,0,0,0,0,0,0,339,16386,0,0,0,0
91731.878,16133,61,0,0,0,0,0,8,31272,44,53,0,0,0,0,0,0,0,0,0,0,0,0,0,0,0,0,0,0,0,0,0,0,371,17611,0,0,0,0
91748.731,16864,59,0,0,0,0,0,8,31102,44,53,0,0,0,0,0,0,0,0,0,0,0,0,0,0,0,0,0,0,0,0,0,0,338,16108,0,0,0,0
91765.212,16480,60,0,0,0,0,0,8,32525,44,53,0,0,0,0,0,0,0,0,0,0,0,0,0,0,0,0,0,0,0,0,0,0,378,17031,0,0,0,0
91781.108,15895,62,0,0,0,0,0,8,31264,44,53,0,0,0,0,0,0,0,0,0,0,0,0,0,0,0,0,0,0,0,0,0,0,339,15928,0,0,0,0
91798.725,17617,56,0,0,0,0,0,8,31102,44,53,0,0,0,0,0,0,0,0,0,0,0,0,0,0,0,0,0,0,0,0,0,0,349,15603,0,0,0,0
91814.933,16208,61,0,0,0,0,0,8,31100,44,53,0,0,0,0,0,0,0,0,0,0,0,0,0,0,0,0,0,0,0,0,0,0,366,18395,0,0,0,0
91831.868,16935,59,0,0,0,0,0,8,31014,44,53,0,0,0,0,0,0,0,0,0,0,0,0,0,0,0,0,0,0,0,0,0,0,356,16034,0,0,0,0
91848.725,16856,59,0,0,0,0,0,8,31151,44,53,0,0,0,0,0,0,0,0,0,0,0,0,0,0,0,0,0,0,0,0,0,0,366,17101,0,0,0,0
91865.055,16330,61,0,0,0,0,0,8,30876,44,53,0,0,0,0,0,0,0,0,0,0,0,0,0,0,0,0,0,0,0,0,0,0,359,15399,0,0,0,0
91881.967,16912,59,0,0,0,0,0,8,31080,44,53,0,0,0,0,0,0,0,0,0,0,0,0,0,0,0,0,0,0,0,0,0,0,351,17243,0,0,0,0
91898.249,16281,61,0,0,0,0,0,8,30955,44,53,0,0,0,0,0,0,0,0,0,0,0,0,0,0,0,0,0,0,0,0,0,0,355,17189,0,0,0,0
91915.728,17478,57,0,0,0,0,0,8,30761,44,53,0,0,0,0,0,0,0,0,0,0,0,0,0,0,0,0,0,0,0,0,0,0,349,16107,0,0,0,0
91932.279,16551,60,0,0,0,0,0,8,30937,44,53,0,0,0,0,0,0,0,0,0,0,0,0,0,0,0,0,0,0,0,0,0,0,349,16429,0,0,0,0
91948.724,16444,60,0,0,0,0,0,8,30957,44,53,0,0,0,0,0,0,0,0,0,0,0,0,0,0,0,0,0,0,0,0,0,0,396,17541,0,0,0,0
91964.750,16025,62,0,0,0,0,0,8,28988,44,53,0,0,0,0,0,0,0,0,0,0,0,0,0,0,0,0,0,0,0,0,0,0,347,15511,0,0,0,0
91981.787,17037,58,0,0,0,0,0,8,29053,44,53,0,0,0,0,0,0,0,0,0,0,0,0,0,0,0,0,0,0,0,0,0,0,351,16771,0,0,0,0
91998.355,16567,60,0,0,0,0,0,8,29253,44,53,0,0,0,0,0,0,0,0,0,0,0,0,0,0,0,0,0,0,0,0,0,0,379,17873,0,0,0,0
92015.286,16931,59,0,0,0,0,0,8,29113,44,53,0,0,0,0,0,0,0,0,0,0,0,0,0,0,0,0,0,0,0,0,0,0,333,16168,0,0,0,0
92031.722,16435,60,0,0,0,0,0,8,29044,44,53,0,0,0,0,0,0,0,0,0,0,0,0,0,0,0,0,0,0,0,0,0,0,333,16703,0,0,0,0
92048.736,17014,58,0,0,0,0,0,8,29042,44,53,0,0,0,0,0,0,0,0,0,0,0,0,0,0,0,0,0,0,0,0,0,0,359,16959,0,0,0,0
92065.728,16992,58,0,0,0,0,0,8,28753,44,53,0,0,0,0,0,0,0,0,0,0,0,0,0,0,0,0,0,0,0,0,0,0,359,15633,0,0,0,0
92081.861,16132,61,0,0,0,0,0,8,29111,44,53,0,0,0,0,0,0,0,0,0,0,0,0,0,0,0,0,0,0,0,0,0,0,354,17930,0,0,0,0
92098.723,16861,59,0,0,0,0,0,8,29019,44,53,0,0,0,0,0,0,0,0,0,0,0,0,0,0,0,0,0,0,0,0,0,0,332,16152,0,0,0,0
92114.943,16219,61,0,0,0,0,0,8,28844,44,53,0,0,0,0,0,0,0,0,0,0,0,0,0,0,0,0,0,0,0,0,0,0,354,15879,0,0,0,0
92131.723,16781,59,0,0,0,0,0,8,29041,44,53,0,0,0,0,0,0,0,0,0,0,0,0,0,0,0,0,0,0,0,0,0,0,348,17491,0,0,0,0
92148.722,16998,58,0,0,0,0,0,8,29580,44,53,0,0,0,0,0,0,0,0,0,0,0,0,0,0,0,0,0,0,0,0,0,0,341,16615,0,0,0,0
92164.988,16265,61,0,0,0,0,0,8,31261,44,53,0,0,0,0,0,0,0,0,0,0,0,0,0,0,0,0,0,0,0,0,0,0,369,16161,0,0,0,0
92181.727,16738,59,0,0,0,0,0,8,29416,44,53,0,0,0,0,0,0,0,0,0,0,0,0,0,0,0,0,0,0,0,0,0,0,351,16891,0,0,0,0
92198.341,16614,60,0,0,0,0,0,8,30318,44,53,0,0,0,0,0,0,0,0,0,0,0,0,0,0,0,0,0,0,0,0,0,0,348,17027,0,0,0,0
92215.273,16932,59,0,0,0,0,0,8,31325,44,53,0,0,0,0,0,0,0,0,0,0,0,0,0,0,0,0,0,0,0,0,0,0,343,16427,0,0,0,0
92231.644,16370,61,0,0,0,0,0,8,29110,44,53,0,0,0,0,0,0,0,0,0,0,0,0,0,0,0,0,0,0,0,0,0,0,344,16929,0,0,0,0
92248.440,16796,59,0,0,0,0,0,8,28771,44,53,0,0,0,0,0,0,0,0,0,0,0,0,0,0,0,0,0,0,0,0,0,0,375,16803,0,0,0,0
92265.061,16620,60,0,0,0,0,0,8,28646,44,53,0,0,0,0,0,0,0,0,0,0,0,0,0,0,0,0,0,0,0,0,0,0,357,17070,0,0,0,0
92281.544,16482,60,0,0,0,0,0,8,28817,44,53,0,0,0,0,0,0,0,0,0,0,0,0,0,0,0,0,0,0,0,0,0,0,330,16047,0,0,0,0
92298.453,16909,59,0,0,0,0,0,8,28742,44,53,0,0,0,0,0,0,0,0,0,0,0,0,0,0,0,0,0,0,0,0,0,0,382,16583,0,0,0,0
92315.118,16664,60,0,0,0,0,0,8,28613,44,53,0,0,0,0,0,0,0,0,0,0,0,0,0,0,0,0,0,0,0,0,0,0,362,17035,0,0,0,0
92331.854,16736,59,0,0,0,0,0,8,28756,44,53,0,0,0,0,0,0,0,0,0,0,0,0,0,0,0,0,0,0,0,0,0,0,343,16243,0,0,0,0
92348.279,16424,60,0,0,0,0,0,8,29048,44,53,0,0,0,0,0,0,0,0,0,0,0,0,0,0,0,0,0,0,0,0,0,0,357,17360,0,0,0,0
92365.197,16918,59,0,0,0,0,0,8,28644,44,53,0,0,0,0,0,0,0,0,0,0,0,0,0,0,0,0,0,0,0,0,0,0,362,16280,0,0,0,0
92382.245,17047,58,0,0,0,0,0,8,28639,44,53,0,0,0,0,0,0,0,0,0,0,0,0,0,0,0,0,0,0,0,0,0,0,362,16759,0,0,0,0
92398.725,16480,60,0,0,0,0,0,8,28642,44,53,0,0,0,0,0,0,0,0,0,0,0,0,0,0,0,0,0,0,0,0,0,0,368,16708,0,0,0,0
92415.003,16277,61,0,0,0,0,0,8,28703,44,53,0,0,0,0,0,0,0,0,0,0,0,0,0,0,0,0,0,0,0,0,0,0,355,16000,0,0,0,0
92431.869,16866,59,0,0,0,0,0,8,28643,44,53,0,0,0,0,0,0,0,0,0,0,0,0,0,0,0,0,0,0,0,0,0,0,351,16863,0,0,0,0
92448.725,16856,59,0,0,0,0,0,8,28583,44,53,0,0,0,0,0,0,0,0,0,0,0,0,0,0,0,0,0,0,0,0,0,0,342,17047,0,0,0,0
92465.300,16574,60,0,0,0,0,0,8,28290,44,53,0,0,0,0,0,0,0,0,0,0,0,0,0,0,0,0,0,0,0,0,0,0,357,17042,0,0,0,0
92481.888,16588,60,0,0,0,0,0,8,28352,44,53,0,0,0,0,0,0,0,0,0,0,0,0,0,0,0,0,0,0,0,0,0,0,342,16081,0,0,0,0
92498.257,16368,61,0,0,0,0,0,8,28768,44,53,0,0,0,0,0,0,0,0,0,0,0,0,0,0,0,0,0,0,0,0,0,0,358,16276,0,0,0,0
92515.196,16938,59,0,0,0,0,0,8,27739,44,53,0,0,0,0,0,0,0,0,0,0,0,0,0,0,0,0,0,0,0,0,0,0,349,16830,0,0,0,0
92531.822,16626,60,0,0,0,0,0,8,27845,44,53,0,0,0,0,0,0,0,0,0,0,0,0,0,0,0,0,0,0,0,0,0,0,371,16789,0,0,0,0
92549.239,17416,57,0,0,0,0,0,8,27899,44,53,0,0,0,0,0,0,0,0,0,0,0,0,0,0,0,0,0,0,0,0,0,0,359,16818,0,0,0,0
92565.284,16044,62,0,0,0,0,0,8,27622,44,53,0,0,0,0,0,0,0,0,0,0,0,0,0,0,0,0,0,0,0,0,0,0,353,16886,0,0,0,0
92581.858,16573,60,0,0,0,0,0,8,27796,44,53,0,0,0,0,0,0,0,0,0,0,0,0,0,0,0,0,0,0,0,0,0,0,333,16208,0,0,0,0
92598.374,16516,60,0,0,0,0,0,8,27832,44,53,0,0,0,0,0,0,0,0,0,0,0,0,0,0,0,0,0,0,0,0,0,0,358,17054,0,0,0,0
92615.277,16902,59,0,0,0,0,0,8,27477,44,53,0,0,0,0,0,0,0,0,0,0,0,0,0,0,0,0,0,0,0,0,0,0,354,16353,0,0,0,0
92632.248,16971,58,0,0,0,0,0,8,27487,44,53,0,0,0,0,0,0,0,0,0,0,0,0,0,0,0,0,0,0,0,0,0,0,344,16272,0,0,0,0
92648.724,16475,60,0,0,0,0,0,8,27311,44,53,0,0,0,0,0,0,0,0,0,0,0,0,0,0,0,0,0,0,0,0,0,0,351,17200,0,0,0,0
92664.978,16254,61,0,0,0,0,0,8,27284,44,53,0,0,0,0,0,0,0,0,0,0,0,0,0,0,0,0,0,0,0,0,0,0,374,15880,0,0,0,0
92681.887,16908,59,0,0,0,0,0,8,29262,44,53,0,0,0,0,0,0,0,0,0,0,0,0,0,0,0,0,0,0,0,0,0,0,357,16715,0,0,0,0
92698.248,16361,61,0,0,0,0,0,8,28941,44,53,0,0,0,0,0,0,0,0,0,0,0,0,0,0,0,0,0,0,0,0,0,0,380,17008,0,0,0,0
92715.383,17134,58,0,0,0,0,0,8,28748,44,53,0,0,0,0,0,0,0,0,0,0,0,0,0,0,0,0,0,0,0,0,0,0,363,16946,0,0,0,0
92731.915,16531,60,0,0,0,0,0,8,28692,44,53,0,0,0,0,0,0,0,0,0,0,0,0,0,0,0,0,0,0,0,0,0,0,345,16350,0,0,0,0
92747.971,16055,62,0,0,0,0,0,8,28657,44,53,0,0,0,0,0,0,0,0,0,0,0,0,0,0,0,0,0,0,0,0,0,0,342,16866,0,0,0,0
92765.723,17751,56,0,0,0,0,0,8,28661,44,53,0,0,0,0,0,0,0,0,0,0,0,0,0,0,0,0,0,0,0,0,0,0,377,15967,0,0,0,0
92781.922,16189,61,0,0,0,0,0,8,28027,44,53,0,0,0,0,0,0,0,0,0,0,0,0,0,0,0,0,0,0,0,0,0,0,360,17981,0,0,0,0
92798.385,16472,60,0,0,0,0,0,8,27952,44,53,0,0,0,0,0,0,0,0,0,0,0,0,0,0,0,0,0,0,0,0,0,0,348,16038,0,0,0,0
92815.121,16736,59,0,0,0,0,0,8,27703,44,53,0,0,0,0,0,0,0,0,0,0,0,0,0,0,0,0,0,0,0,0,0,0,349,16218,0,0,0,0
92832.255,17133,58,0,0,0,0,0,8,27840,44,53,0,0,0,0,0,0,0,0,0,0,0,0,0,0,0,0,0,0,0,0,0,0,335,16754,0,0,0,0
92847.741,15486,64,0,0,0,0,0,8,28414,44,53,0,0,0,0,0,0,0,0,0,0,0,0,0,0,0,0,0,0,0,0,0,0,344,17268,0,0,0,0
92864.961,17220,58,0,0,0,0,0,8,27839,44,53,0,0,0,0,0,0,0,0,0,0,0,0,0,0,0,0,0,0,0,0,0,0,346,15341,0,0,0,0
92881.574,16612,60,0,0,0,0,0,8,28126,44,53,0,0,0,0,0,0,0,0,0,0,0,0,0,0,0,0,0,0,0,0,0,0,369,17561,0,0,0,0
92898.712,17138,58,0,0,0,0,0,8,28088,44,53,0,0,0,0,0,0,0,0,0,0,0,0,0,0,0,0,0,0,0,0,0,0,365,16335,0,0,0,0
92915.375,16662,60,0,0,0,0,0,8,27597,44,53,0,0,0,0,0,0,0,0,0,0,0,0,0,0,0,0,0,0,0,0,0,0,361,16486,0,0,0,0
92931.421,16046,62,0,0,0,0,0,8,28078,44,53,0,0,0,0,0,0,0,0,0,0,0,0,0,0,0,0,0,0,0,0,0,0,364,18015,0,0,0,0
92948.717,17295,57,0,0,0,0,0,8,26069,44,53,0,0,0,0,0,0,0,0,0,0,0,0,0,0,0,0,0,0,0,0,0,0,376,15466,0,0,0,0
92965.731,17014,58,0,0,0,0,0,8,26140,44,53,0,0,0,0,0,0,0,0,0,0,0,0,0,0,0,0,0,0,0,0,0,0,356,16493,0,0,0,0
92981.491,15759,63,0,0,0,0,0,8,26437,44,53,0,0,0,0,0,0,0,0,0,0,0,0,0,0,0,0,0,0,0,0,0,0,344,18078,0,0,0,0
92998.539,17048,58,0,0,0,0,0,8,26257,44,53,0,0,0,0,0,0,0,0,0,0,0,0,0,0,0,0,0,0,0,0,0,0,333,15400,0,0,0,0
93015.721,17182,58,0,0,0,0,0,8,25994,44,53,0,0,0,0,0,0,0,0,0,0,0,0,0,0,0,0,0,0,0,0,0,0,375,16903,0,0,0,0
93031.848,16126,62,0,0,0,0,0,8,26073,44,53,0,0,0,0,0,0,0,0,0,0,0,0,0,0,0,0,0,0,0,0,0,0,402,17217,0,0,0,0
93048.259,16411,60,0,0,0,0,0,8,25995,44,53,0,0,0,0,0,0,0,0,0,0,0,0,0,0,0,0,0,0,0,0,0,0,346,16317,0,0,0,0
93065.713,17454,57,0,0,0,0,0,8,27510,44,53,0,0,0,0,0,0,0,0,0,0,0,0,0,0,0,0,0,0,0,0,0,0,348,16667,0,0,0,0
93081.633,15919,62,0,0,0,0,0,8,27823,44,53,0,0,0,0,0,0,0,0,0,0,0,0,0,0,0,0,0,0,0,0,0,0,354,17051,0,0,0,0
93098.727,17093,58,0,0,0,0,0,8,27736,44,53,0,0,0,0,0,0,0,0,0,0,0,0,0,0,0,0,0,0,0,0,0,0,350,15951,0,0,0,0
93115.720,16993,58,0,0,0,0,0,8,27555,44,53,0,0,0,0,0,0,0,0,0,0,0,0,0,0,0,0,0,0,0,0,0,0,372,16046,0,0,0,0
93132.229,16509,60,0,0,0,0,0,8,27891,44,53,0,0,0,0,0,0,0,0,0,0,0,0,0,0,0,0,0,0,0,0,0,0,361,18116,0,0,0,0
93148.713,16483,60,0,0,0,0,0,8,27728,44,53,0,0,0,0,0,0,0,0,0,0,0,0,0,0,0,0,0,0,0,0,0,0,352,16513,0,0,0,0
93164.721,16008,62,0,0,0,0,0,8,27541,44,53,0,0,0,0,0,0,0,0,0,0,0,0,0,0,0,0,0,0,0,0,0,0,361,15649,0,0,0,0
93182.719,17997,55,0,0,0,0,0,8,27845,44,53,0,0,0,0,0,0,0,0,0,0,0,0,0,0,0,0,0,0,0,0,0,0,374,16476,0,0,0,0
93198.710,15991,62,0,0,0,0,0,8,27837,44,53,0,0,0,0,0,0,0,0,0,0,0,0,0,0,0,0,0,0,0,0,0,0,350,18351,0,0,0,0
93215.225,16514,60,0,0,0,0,0,8,27644,44,53,0,0,0,0,0,0,0,0,0,0,0,0,0,0,0,0,0,0,0,0,0,0,353,16116,0,0,0,0
93231.742,16517,60,0,0,0,0,0,8,28163,44,53,0,0,0,0,0,0,0,0,0,0,0,0,0,0,0,0,0,0,0,0,0,0,341,16621,0,0,0,0
93248.731,16988,58,0,0,0,0,0,8,28787,44,53,0,0,0,0,0,0,0,0,0,0,0,0,0,0,0,0,0,0,0,0,0,0,343,16403,0,0,0,0
93265.717,16986,58,0,0,0,0,0,8,28166,44,53,0,0,0,0,0,0,0,0,0,0,0,0,0,0,0,0,0,0,0,0,0,0,374,17013,0,0,0,0
93281.855,16137,61,0,0,0,0,0,8,27939,44,53,0,0,0,0,0,0,0,0,0,0,0,0,0,0,0,0,0,0,0,0,0,0,367,16864,0,0,0,0
93298.319,16464,60,0,0,0,0,0,8,27712,44,53,0,0,0,0,0,0,0,0,0,0,0,0,0,0,0,0,0,0,0,0,0,0,363,16129,0,0,0,0
93315.196,16876,59,0,0,0,0,0,8,27524,44,53,0,0,0,0,0,0,0,0,0,0,0,0,0,0,0,0,0,0,0,0,0,0,355,16202,0,0,0,0
93331.519,16323,61,0,0,0,0,0,8,25927,44,53,0,0,0,0,0,0,0,0,0,0,0,0,0,0,0,0,0,0,0,0,0,0,359,16903,0,0,0,0
93348.705,17185,58,0,0,0,0,0,8,25953,44,53,0,0,0,0,0,0,0,0,0,0,0,0,0,0,0,0,0,0,0,0,0,0,327,16580,0,0,0,0
93365.235,16529,60,0,0,0,0,0,8,25909,44,53,0,0,0,0,0,0,0,0,0,0,0,0,0,0,0,0,0,0,0,0,0,0,385,17418,0,0,0,0
93381.737,16502,60,0,0,0,0,0,8,25990,44,53,0,0,0,0,0,0,0,0,0,0,0,0,0,0,0,0,0,0,0,0,0,0,379,16059,0,0,0,0
93397.780,16042,62,0,0,0,0,0,8,25937,44,53,0,0,0,0,0,0,0,0,0,0,0,0,0,0,0,0,0,0,0,0,0,0,385,16892,0,0,0,0
93415.190,17410,57,0,0,0,0,0,8,27454,44,53,0,0,0,0,0,0,0,0,0,0,0,0,0,0,0,0,0,0,0,0,0,0,334,15282,0,0,0,0
93431.753,16552,60,0,0,0,0,0,8,27769,44,53,0,0,0,0,0,0,0,0,0,0,0,0,0,0,0,0,0,0,0,0,0,0,383,17894,0,0,0,0
93448.709,16965,58,0,0,0,0,0,8,27551,44,53,0,0,0,0,0,0,0,0,0,0,0,0,0,0,0,0,0,0,0,0,0,0,382,16895,0,0,0,0
93465.142,16433,60,0,0,0,0,0,8,27414,44,53,0,0,0,0,0,0,0,0,0,0,0,0,0,0,0,0,0,0,0,0,0,0,363,16887,0,0,0,0
93481.709,16566,60,0,0,0,0,0,8,27587,44,53,0,0,0,0,0,0,0,0,0,0,0,0,0,0,0,0,0,0,0,0,0,0,349,16077,0,0,0,0
93498.233,16524,60,0,0,0,0,0,8,27506,44,53,0,0,0,0,0,0,0,0,0,0,0,0,0,0,0,0,0,0,0,0,0,0,335,16887,0,0,0,0
93514.992,16758,59,0,0,0,0,0,8,27564,44,53,0,0,0,0,0,0,0,0,0,0,0,0,0,0,0,0,0,0,0,0,0,0,355,16404,0,0,0,0
93531.602,16609,60,0,0,0,0,0,8,27583,44,53,0,0,0,0,0,0,0,0,0,0,0,0,0,0,0,0,0,0,0,0,0,0,363,17036,0,0,0,0
93548.246,16644,60,0,0,0,0,0,8,27504,44,53,0,0,0,0,0,0,0,0,0,0,0,0,0,0,0,0,0,0,0,0,0,0,356,16046,0,0,0,0
93565.708,17462,57,0,0,0,0,0,8,27445,44,53,0,0,0,0,0,0,0,0,0,0,0,0,0,0,0,0,0,0,0,0,0,0,339,16961,0,0,0,0
93581.723,16015,62,0,0,0,0,0,8,27408,44,53,0,0,0,0,0,0,0,0,0,0,0,0,0,0,0,0,0,0,0,0,0,0,373,16221,0,0,0,0
93598.400,16676,59,0,0,0,0,0,8,27734,44,53,0,0,0,0,0,0,0,0,0,0,0,0,0,0,0,0,0,0,0,0,0,0,340,16164,0,0,0,0
93615.173,16773,59,0,0,0,0,0,8,27617,44,53,0,0,0,0,0,0,0,0,0,0,0,0,0,0,0,0,0,0,0,0,0,0,372,17629,0,0,0,0
93632.718,17544,56,0,0,0,0,0,8,27706,44,53,0,0,0,0,0,0,0,0,0,0,0,0,0,0,0,0,0,0,0,0,0,0,349,16423,0,0,0,0
93648.723,16005,62,0,0,0,0,0,8,27763,44,53,0,0,0,0,0,0,0,0,0,0,0,0,0,0,0,0,0,0,0,0,0,0,362,17921,0,0,0,0
93665.709,16986,58,0,0,0,0,0,8,27041,44,53,0,0,0,0,0,0,0,0,0,0,0,0,0,0,0,0,0,0,0,0,0,0,318,15946,0,0,0,0
93681.890,16180,61,0,0,0,0,0,8,25689,44,53,0,0,0,0,0,0,0,0,0,0,0,0,0,0,0,0,0,0,0,0,0,0,356,17040,0,0,0,0
93698.249,16359,61,0,0,0,0,0,8,25533,44,53,0,0,0,0,0,0,0,0,0,0,0,0,0,0,0,0,0,0,0,0,0,0,380,16042,0,0,0,0
93715.000,16751,59,0,0,0,0,0,8,25289,44,53,0,0,0,0,0,0,0,0,0,0,0,0,0,0,0,0,0,0,0,0,0,0,350,16759,0,0,0,0
93731.907,16906,59,0,0,0,0,0,8,25295,44,53,0,0,0,0,0,0,0,0,0,0,0,0,0,0,0,0,0,0,0,0,0,0,341,16146,0,0,0,0
93748.707,16799,59,0,0,0,0,0,8,25373,44,53,0,0,0,0,0,0,0,0,0,0,0,0,0,0,0,0,0,0,0,0,0,0,341,17291,0,0,0,0
93765.254,16547,60,0,0,0,0,0,8,25332,44,53,0,0,0,0,0,0,0,0,0,0,0,0,0,0,0,0,0,0,0,0,0,0,349,17184,0,0,0,0
93781.707,16452,60,0,0,0,0,0,8,25156,44,53,0,0,0,0,0,0,0,0,0,0,0,0,0,0,0,0,0,0,0,0,0,0,363,15773,0,0,0,0
93798.709,17002,58,0,0,0,0,0,8,25241,44,53,0,0,0,0,0,0,0,0,0,0,0,0,0,0,0,0,0,0,0,0,0,0,380,15986,0,0,0,0
93815.105,16396,60,0,0,0,0,0,8,25137,44,53,0,0,0,0,0,0,0,0,0,0,0,0,0,0,0,0,0,0,0,0,0,0,373,17700,0,0,0,0
93831.788,16683,59,0,0,0,0,0,8,26896,44,53,0,0,0,0,0,0,0,0,0,0,0,0,0,0,0,0,0,0,0,0,0,0,352,16121,0,0,0,0
93848.307,16518,60,0,0,0,0,0,8,27472,44,53,0,0,0,0,0,0,0,0,0,0,0,0,0,0,0,0,0,0,0,0,0,0,351,17108,0,0,0,0
93865.218,16911,59,0,0,0,0,0,8,26673,44,53,0,0,0,0,0,0,0,0,0,0,0,0,0,0,0,0,0,0,0,0,0,0,369,16702,0,0,0,0
93881.852,16633,60,0,0,0,0,0,8,26929,44,53,0,0,0,0,0,0,0,0,0,0,0,0,0,0,0,0,0,0,0,0,0,0,344,16583,0,0,0,0
93898.323,16471,60,0,0,0,0,0,8,26829,44,53,0,0,0,0,0,0,0,0,0,0,0,0,0,0,0,0,0,0,0,0,0,0,357,16617,0,0,0,0
93914.891,16567,60,0,0,0,0,0,8,26771,44,53,0,0,0,0,0,0,0,0,0,0,0,0,0,0,0,0,0,0,0,0,0,0,344,16153,0,0,0,0
93931.740,16849,59,0,0,0,0,0,8,27030,44,53,0,0,0,0,0,0,0,0,0,0,0,0,0,0,0,0,0,0,0,0,0,0,376,17138,0,0,0,0
93948.725,16984,58,0,0,0,0,0,8,27302,44,53,0,0,0,0,0,0,0,0,0,0,0,0,0,0,0,0,0,0,0,0,0,0,409,16878,0,0,0,0
93965.021,16295,61,0,0,0,0,0,8,26777,44,53,0,0,0,0,0,0,0,0,0,0,0,0,0,0,0,0,0,0,0,0,0,0,354,15728,0,0,0,0
93981.843,16822,59,0,0,0,0,0,8,26909,44,53,0,0,0,0,0,0,0,0,0,0,0,0,0,0,0,0,0,0,0,0,0,0,375,17393,0,0,0,0
93998.711,16862,59,0,0,0,0,0,8,26106,44,53,0,0,0,0,0,0,0,0,0,0,0,0,0,0,0,0,0,0,0,0,0,0,368,16867,0,0,0,0
94015.326,16621,60,0,0,0,0,0,8,26119,44,53,0,0,0,0,0,0,0,0,0,0,0,0,0,0,0,0,0,0,0,0,0,0,358,16957,0,0,0,0
94031.508,16181,61,0,0,0,0,0,8,25933,44,53,0,0,0,0,0,0,0,0,0,0,0,0,0,0,0,0,0,0,0,0,0,0,354,16310,0,0,0,0
94048.278,16770,59,0,0,0,0,0,8,25762,44,53,0,0,0,0,0,0,0,0,0,0,0,0,0,0,0,0,0,0,0,0,0,0,356,15845,0,0,0,0
94065.034,16745,59,0,0,0,0,0,8,25537,44,53,0,0,0,0,0,0,0,0,0,0,0,0,0,0,0,0,0,0,0,0,0,0,350,17206,0,0,0,0
94081.856,16832,59,0,0,0,0,0,8,25658,44,53,0,0,0,0,0,0,0,0,0,0,0,0,0,0,0,0,0,0,0,0,0,0,381,16951,0,0,0,0
94098.018,16162,61,0,0,0,0,0,8,23280,44,53,0,0,0,0,0,0,0,0,0,0,0,0,0,0,0,0,0,0,0,0,0,0,386,16629,0,0,0,0
94115.226,17208,58,0,0,0,0,0,8,22905,44,53,0,0,0,0,0,0,0,0,0,0,0,0,0,0,0,0,0,0,0,0,0,0,371,15889,0,0,0,0
94131.867,16641,60,0,0,0,0,0,8,22812,44,53,0,0,0,0,0,0,0,0,0,0,0,0,0,0,0,0,0,0,0,0,0,0,344,17483,0,0,0,0
94148.743,16875,59,0,0,0,0,0,8,23416,44,53,0,0,0,0,0,0,0,0,0,0,0,0,0,0,0,0,0,0,0,0,0,0,399,16208,0,0,0,0
94165.220,16476,60,0,0,0,0,0,8,22607,44,53,0,0,0,0,0,0,0,0,0,0,0,0,0,0,0,0,0,0,0,0,0,0,396,15960,0,0,0,0
94181.839,16619,60,0,0,0,0,0,8,22670,44,53,0,0,0,0,0,0,0,0,0,0,0,0,0,0,0,0,0,0,0,0,0,0,379,17865,0,0,0,0
94198.703,16863,59,0,0,0,0,0,8,22364,44,53,0,0,0,0,0,0,0,0,0,0,0,0,0,0,0,0,0,0,0,0,0,0,362,16305,0,0,0,0
94214.954,16250,61,0,0,0,0,0,8,22321,44,53,0,0,0,0,0,0,0,0,0,0,0,0,0,0,0,0,0,0,0,0,0,0,366,16777,0,0,0,0
94231.627,16673,59,0,0,0,0,0,8,22299,44,53,0,0,0,0,0,0,0,0,0,0,0,0,0,0,0,0,0,0,0,0,0,0,353,16779,0,0,0,0
94248.170,16543,60,0,0,0,0,0,8,24397,44,53,0,0,0,0,0,0,0,0,0,0,0,0,0,0,0,0,0,0,0,0,0,0,364,16183,0,0,0,0
94265.300,17129,58,0,0,0,0,0,8,22316,44,53,0,0,0,0,0,0,0,0,0,0,0,0,0,0,0,0,0,0,0,0,0,0,378,16536,0,0,0,0
94281.094,15794,63,0,0,0,0,0,8,22688,44,53,0,0,0,0,0,0,0,0,0,0,0,0,0,0,0,0,0,0,0,0,0,0,361,16949,0,0,0,0
94298.856,17761,56,0,0,0,0,0,8,22214,44,53,0,0,0,0,0,0,0,0,0,0,0,0,0,0,0,0,0,0,0,0,0,0,396,16585,0,0,0,0
94315.211,16355,61,0,0,0,0,0,8,22553,44,53,0,0,0,0,0,0,0,0,0,0,0,0,0,0,0,0,0,0,0,0,0,0,382,17252,0,0,0,0
94331.711,16499,60,0,0,0,0,0,8,22462,44,53,0,0,0,0,0,0,0,0,0,0,0,0,0,0,0,0,0,0,0,0,0,0,366,16368,0,0,0,0
94347.753,16042,62,0,0,0,0,0,8,22387,44,53,0,0,0,0,0,0,0,0,0,0,0,0,0,0,0,0,0,0,0,0,0,0,384,16599,0,0,0,0
94365.711,17957,55,0,0,0,0,0,8,22048,44,53,0,0,0,0,0,0,0,0,0,0,0,0,0,0,0,0,0,0,0,0,0,0,368,15818,0,0,0,0
94381.568,15857,63,0,0,0,0,0,8,23757,44,53,0,0,0,0,0,0,0,0,0,0,0,0,0,0,0,0,0,0,0,0,0,0,377,18007,0,0,0,0
94397.844,16275,61,0,0,0,0,0,8,23399,44,53,0,0,0,0,0,0,0,0,0,0,0,0,0,0,0,0,0,0,0,0,0,0,376,15681,0,0,0,0
94415.708,17863,55,0,0,0,0,0,8,23485,44,53,0,0,0,0,0,0,0,0,0,0,0,0,0,0,0,0,0,0,0,0,0,0,363,16301,0,0,0,0
94431.339,15631,63,0,0,0,0,0,8,23948,44,53,0,0,0,0,0,0,0,0,0,0,0,0,0,0,0,0,0,0,0,0,0,0,377,18308,0,0,0,0
94447.734,16394,60,0,0,0,0,0,8,23904,44,53,0,0,0,0,0,0,0,0,0,0,0,0,0,0,0,0,0,0,0,0,0,0,353,15534,0,0,0,0
94465.296,17561,56,0,0,0,0,0,8,23607,44,53,0,0,0,0,0,0,0,0,0,0,0,0,0,0,0,0,0,0,0,0,0,0,356,16009,0,0,0,0
94481.625,16329,61,0,0,0,0,0,8,24045,44,53,0,0,0,0,0,0,0,0,0,0,0,0,0,0,0,0,0,0,0,0,0,0,392,17362,0,0,0,0
94498.384,16759,59,0,0,0,0,0,8,23931,44,53,0,0,0,0,0,0,0,0,0,0,0,0,0,0,0,0,0,0,0,0,0,0,395,16990,0,0,0,0
94515.698,17314,57,0,0,0,0,0,8,23900,44,53,0,0,0,0,0,0,0,0,0,0,0,0,0,0,0,0,0,0,0,0,0,0,343,16422,0,0,0,0
94531.849,16150,61,0,0,0,0,0,8,24299,44,53,0,0,0,0,0,0,0,0,0,0,0,0,0,0,0,0,0,0,0,0,0,0,377,17029,0,0,0,0
94548.712,16862,59,0,0,0,0,0,8,24363,44,53,0,0,0,0,0,0,0,0,0,0,0,0,0,0,0,0,0,0,0,0,0,0,377,16456,0,0,0,0
94565.699,16987,58,0,0,0,0,0,8,24367,44,53,0,0,0,0,0,0,0,0,0,0,0,0,0,0,0,0,0,0,0,0,0,0,362,16900,0,0,0,0
94581.845,16137,61,0,0,0,0,0,8,24677,44,53,0,0,0,0,0,0,0,0,0,0,0,0,0,0,0,0,0,0,0,0,0,0,363,16803,0,0,0,0
94598.714,16878,59,0,0,0,0,0,8,23980,44,53,0,0,0,0,0,0,0,0,0,0,0,0,0,0,0,0,0,0,0,0,0,0,397,16458,0,0,0,0
94614.954,16240,61,0,0,0,0,0,8,23595,44,53,0,0,0,0,0,0,0,0,0,0,0,0,0,0,0,0,0,0,0,0,0,0,387,16393,0,0,0,0
94631.627,16673,59,0,0,0,0,0,8,23753,44,53,0,0,0,0,0,0,0,0,0,0,0,0,0,0,0,0,0,0,0,0,0,0,367,16562,0,0,0,0
94648.576,16948,59,0,0,0,0,0,8,22975,44,53,0,0,0,0,0,0,0,0,0,0,0,0,0,0,0,0,0,0,0,0,0,0,382,16542,0,0,0,0
94665.138,16561,60,0,0,0,0,0,8,22031,44,53,0,0,0,0,0,0,0,0,0,0,0,0,0,0,0,0,0,0,0,0,0,0,396,17147,0,0,0,0
94682.715,17576,56,0,0,0,0,0,8,22679,44,53,0,0,0,0,0,0,0,0,0,0,0,0,0,0,0,0,0,0,0,0,0,0,361,16536,0,0,0,0
94698.696,15981,62,0,0,0,0,0,8,22582,44,53,0,0,0,0,0,0,0,0,0,0,0,0,0,0,0,0,0,0,0,0,0,0,385,17391,0,0,0,0
94715.216,16519,60,0,0,0,0,0,8,21831,44,53,0,0,0,0,0,0,0,0,0,0,0,0,0,0,0,0,0,0,0,0,0,0,372,15140,0,0,0,0
94731.837,16621,60,0,0,0,0,0,8,22039,44,53,0,0,0,0,0,0,0,0,0,0,0,0,0,0,0,0,0,0,0,0,0,0,372,17818,0,0,0,0
94748.532,16694,59,0,0,0,0,0,8,21943,44,53,0,0,0,0,0,0,0,0,0,0,0,0,0,0,0,0,0,0,0,0,0,0,372,16488,0,0,0,0
94765.368,16836,59,0,0,0,0,0,8,21854,44,53,0,0,0,0,0,0,0,0,0,0,0,0,0,0,0,0,0,0,0,0,0,0,357,16414,0,0,0,0
94781.697,16328,61,0,0,0,0,0,8,22075,44,53,0,0,0,0,0,0,0,0,0,0,0,0,0,0,0,0,0,0,0,0,0,0,384,17069,0,0,0,0
94798.247,16550,60,0,0,0,0,0,8,22387,44,53,0,0,0,0,0,0,0,0,0,0,0,0,0,0,0,0,0,0,0,0,0,0,376,16133,0,0,0,0
94814.953,16706,59,0,0,0,0,0,8,22342,44,53,0,0,0,0,0,0,0,0,0,0,0,0,0,0,0,0,0,0,0,0,0,0,361,16729,0,0,0,0
94832.267,17313,57,0,0,0,0,0,8,22469,44,53,0,0,0,0,0,0,0,0,0,0,0,0,0,0,0,0,0,0,0,0,0,0,374,16564,0,0,0,0
94848.713,16446,60,0,0,0,0,0,8,23496,44,53,0,0,0,0,0,0,0,0,0,0,0,0,0,0,0,0,0,0,0,0,0,0,377,16975,0,0,0,0
94865.071,16357,61,0,0,0,0,0,8,23173,44,53,0,0,0,0,0,0,0,0,0,0,0,0,0,0,0,0,0,0,0,0,0,0,371,16686,0,0,0,0
94881.696,16625,60,0,0,0,0,0,8,23584,44,53,0,0,0,0,0,0,0,0,0,0,0,0,0,0,0,0,0,0,0,0,0,0,358,16123,0,0,0,0
94898.273,16576,60,0,0,0,0,0,8,23452,44,53,0,0,0,0,0,0,0,0,0,0,0,0,0,0,0,0,0,0,0,0,0,0,374,17033,0,0,0,0
94915.242,16968,58,0,0,0,0,0,8,25160,44,53,0,0,0,0,0,0,0,0,0,0,0,0,0,0,0,0,0,0,0,0,0,0,372,16440,0,0,0,0
94931.865,16623,60,0,0,0,0,0,8,25300,44,53,0,0,0,0,0,0,0,0,0,0,0,0,0,0,0,0,0,0,0,0,0,0,404,16726,0,0,0,0
94948.503,16637,60,0,0,0,0,0,8,25096,44,53,0,0,0,0,0,0,0,0,0,0,0,0,0,0,0,0,0,0,0,0,0,0,357,16916,0,0,0,0
94965.214,16710,59,0,0,0,0,0,8,25009,44,53,0,0,0,0,0,0,0,0,0,0,0,0,0,0,0,0,0,0,0,0,0,0,364,16633,0,0,0,0
94981.700,16486,60,0,0,0,0,0,8,25113,44,53,0,0,0,0,0,0,0,0,0,0,0,0,0,0,0,0,0,0,0,0,0,0,350,16476,0,0,0,0
94998.446,16745,59,0,0,0,0,0,8,24895,44,53,0,0,0,0,0,0,0,0,0,0,0,0,0,0,0,0,0,0,0,0,0,0,357,16809,0,0,0,0
95015.368,16922,59,0,0,0,0,0,8,24774,44,53,0,0,0,0,0,0,0,0,0,0,0,0,0,0,0,0,0,0,0,0,0,0,367,16836,0,0,0,0
95031.637,16268,61,0,0,0,0,0,8,24756,44,53,0,0,0,0,0,0,0,0,0,0,0,0,0,0,0,0,0,0,0,0,0,0,361,16787,0,0,0,0
95048.708,17072,58,0,0,0,0,0,8,24839,44,53,0,0,0,0,0,0,0,0,0,0,0,0,0,0,0,0,0,0,0,0,0,0,341,15798,0,0,0,0
95064.701,15992,62,0,0,0,0,0,8,24661,44,53,0,0,0,0,0,0,0,0,0,0,0,0,0,0,0,0,0,0,0,0,0,0,382,17557,0,0,0,0
95081.838,17137,58,0,0,0,0,0,8,24754,44,53,0,0,0,0,0,0,0,0,0,0,0,0,0,0,0,0,0,0,0,0,0,0,341,14846,0,0,0,0
95098.231,16392,61,0,0,0,0,0,8,24696,44,53,0,0,0,0,0,0,0,0,0,0,0,0,0,0,0,0,0,0,0,0,0,0,393,18216,0,0,0,0
95115.394,17162,58,0,0,0,0,0,8,24275,44,53,0,0,0,0,0,0,0,0,0,0,0,0,0,0,0,0,0,0,0,0,0,0,400,16166,0,0,0,0
95131.692,16298,61,0,0,0,0,0,8,24152,44,53,0,0,0,0,0,0,0,0,0,0,0,0,0,0,0,0,0,0,0,0,0,0,378,17015,0,0,0,0
95148.335,16643,60,0,0,0,0,0,8,24030,44,53,0,0,0,0,0,0,0,0,0,0,0,0,0,0,0,0,0,0,0,0,0,0,375,16648,0,0,0,0
95165.701,17365,57,0,0,0,0,0,8,23686,44,53,0,0,0,0,0,0,0,0,0,0,0,0,0,0,0,0,0,0,0,0,0,0,393,16589,0,0,0,0
95181.697,15996,62,0,0,0,0,0,8,23743,44,53,0,0,0,0,0,0,0,0,0,0,0,0,0,0,0,0,0,0,0,0,0,0,386,17667,0,0,0,0
95198.691,16993,58,0,0,0,0,0,8,24091,44,53,0,0,0,0,0,0,0,0,0,0,0,0,0,0,0,0,0,0,0,0,0,0,361,15597,0,0,0,0
95215.699,17007,58,0,0,0,0,0,8,23770,44,53,0,0,0,0,0,0,0,0,0,0,0,0,0,0,0,0,0,0,0,0,0,0,393,16118,0,0,0,0
95231.898,16200,61,0,0,0,0,0,8,23879,44,53,0,0,0,0,0,0,0,0,0,0,0,0,0,0,0,0,0,0,0,0,0,0,364,18055,0,0,0,0
95248.707,16808,59,0,0,0,0,0,8,23617,44,53,0,0,0,0,0,0,0,0,0,0,0,0,0,0,0,0,0,0,0,0,0,0,359,15804,0,0,0,0
95265.692,16985,58,0,0,0,0,0,8,23440,44,53,0,0,0,0,0,0,0,0,0,0,0,0,0,0,0,0,0,0,0,0,0,0,356,17053,0,0,0,0
95281.345,15652,63,0,0,0,0,0,8,23588,44,53,0,0,0,0,0,0,0,0,0,0,0,0,0,0,0,0,0,0,0,0,0,0,379,17309,0,0,0,0
95298.343,16998,58,0,0,0,0,0,8,21763,44,53,0,0,0,0,0,0,0,0,0,0,0,0,0,0,0,0,0,0,0,0,0,0,366,15588,0,0,0,0
95314.896,16553,60,0,0,0,0,0,8,21810,44,53,0,0,0,0,0,0,0,0,0,0,0,0,0,0,0,0,0,0,0,0,0,0,369,16983,0,0,0,0
95331.600,16703,59,0,0,0,0,0,8,21113,44,53,0,0,0,0,0,0,0,0,0,0,0,0,0,0,0,0,0,0,0,0,0,0,352,16289,0,0,0,0
95348.483,16882,59,0,0,0,0,0,8,21113,44,53,0,0,0,0,0,0,0,0,0,0,0,0,0,0,0,0,0,0,0,0,0,0,365,16707,0,0,0,0
95365.203,16719,59,0,0,0,0,0,8,21133,44,53,0,0,0,0,0,0,0,0,0,0,0,0,0,0,0,0,0,0,0,0,0,0,360,17065,0,0,0,0
95381.654,16451,60,0,0,0,0,0,8,21073,44,53,0,0,0,0,0,0,0,0,0,0,0,0,0,0,0,0,0,0,0,0,0,0,364,16536,0,0,0,0
95397.810,16156,61,0,0,0,0,0,8,21171,44,53,0,0,0,0,0,0,0,0,0,0,0,0,0,0,0,0,0,0,0,0,0,0,353,16626,0,0,0,0
95415.226,17415,57,0,0,0,0,0,8,20979,44,53,0,0,0,0,0,0,0,0,0,0,0,0,0,0,0,0,0,0,0,0,0,0,355,15936,0,0,0,0
95431.856,16630,60,0,0,0,0,0,8,21304,44,53,0,0,0,0,0,0,0,0,0,0,0,0,0,0,0,0,0,0,0,0,0,0,369,17834,0,0,0,0
95448.235,16378,61,0,0,0,0,0,8,20592,44,53,0,0,0,0,0,0,0,0,0,0,0,0,0,0,0,0,0,0,0,0,0,0,393,16420,0,0,0,0
95465.705,17470,57,0,0,0,0,0,8,20231,44,53,0,0,0,0,0,0,0,0,0,0,0,0,0,0,0,0,0,0,0,0,0,0,373,16369,0,0,0,0
95481.715,16010,62,0,0,0,0,0,8,20318,44,53,0,0,0,0,0,0,0,0,0,0,0,0,0,0,0,0,0,0,0,0,0,0,430,17859,0,0,0,0
95498.698,16982,58,0,0,0,0,0,8,20012,44,53,0,0,0,0,0,0,0,0,0,0,0,0,0,0,0,0,0,0,0,0,0,0,361,15668,0,0,0,0
95515.125,16426,60,0,0,0,0,0,8,19906,44,53,0,0,0,0,0,0,0,0,0,0,0,0,0,0,0,0,0,0,0,0,0,0,349,15753,0,0,0,0
95531.826,16701,59,0,0,0,0,0,8,19949,44,53,0,0,0,0,0,0,0,0,0,0,0,0,0,0,0,0,0,0,0,0,0,0,377,17347,0,0,0,0
95548.249,16423,60,0,0,0,0,0,8,19825,44,53,0,0,0,0,0,0,0,0,0,0,0,0,0,0,0,0,0,0,0,0,0,0,377,16937,0,0,0,0
95565.201,16951,58,0,0,0,0,0,8,20910,44,53,0,0,0,0,0,0,0,0,0,0,0,0,0,0,0,0,0,0,0,0,0,0,346,16442,0,0,0,0
95581.740,16539,60,0,0,0,0,0,8,20600,44,53,0,0,0,0,0,0,0,0,0,0,0,0,0,0,0,0,0,0,0,0,0,0,368,16920,0,0,0,0
95598.688,16947,59,0,0,0,0,0,8,22639,44,53,0,0,0,0,0,0,0,0,0,0,0,0,0,0,0,0,0,0,0,0,0,0,381,16713,0,0,0,0
95615.033,16345,61,0,0,0,0,0,8,22233,44,53,0,0,0,0,0,0,0,0,0,0,0,0,0,0,0,0,0,0,0,0,0,0,381,17011,0,0,0,0
95631.826,16792,59,0,0,0,0,0,8,22375,44,53,0,0,0,0,0,0,0,0,0,0,0,0,0,0,0,0,0,0,0,0,0,0,361,15834,0,0,0,0
95648.695,16868,59,0,0,0,0,0,8,21745,44,53,0,0,0,0,0,0,0,0,0,0,0,0,0,0,0,0,0,0,0,0,0,0,396,17391,0,0,0,0
95665.197,16501,60,0,0,0,0,0,8,22349,44,53,0,0,0,0,0,0,0,0,0,0,0,0,0,0,0,0,0,0,0,0,0,0,398,16457,0,0,0,0
95681.869,16673,59,0,0,0,0,0,8,21635,44,53,0,0,0,0,0,0,0,0,0,0,0,0,0,0,0,0,0,0,0,0,0,0,383,16529,0,0,0,0
95698.377,16507,60,0,0,0,0,0,8,21449,44,53,0,0,0,0,0,0,0,0,0,0,0,0,0,0,0,0,0,0,0,0,0,0,391,16764,0,0,0,0
95714.837,16459,60,0,0,0,0,0,8,21313,44,53,0,0,0,0,0,0,0,0,0,0,0,0,0,0,0,0,0,0,0,0,0,0,377,16346,0,0,0,0
95731.856,17018,58,0,0,0,0,0,8,21406,44,53,0,0,0,0,0,0,0,0,0,0,0,0,0,0,0,0,0,0,0,0,0,0,386,16323,0,0,0,0
95748.688,16832,59,0,0,0,0,0,8,21452,44,53,0,0,0,0,0,0,0,0,0,0,0,0,0,0,0,0,0,0,0,0,0,0,362,17116,0,0,0,0
95765.233,16545,60,0,0,0,0,0,8,21460,44,53,0,0,0,0,0,0,0,0,0,0,0,0,0,0,0,0,0,0,0,0,0,0,377,16922,0,0,0,0
95781.826,16592,60,0,0,0,0,0,8,21305,44,53,0,0,0,0,0,0,0,0,0,0,0,0,0,0,0,0,0,0,0,0,0,0,364,16392,0,0,0,0
95798.298,16472,60,0,0,0,0,0,8,21331,44,53,0,0,0,0,0,0,0,0,0,0,0,0,0,0,0,0,0,0,0,0,0,0,352,17016,0,0,0,0
95815.210,16912,59,0,0,0,0,0,8,21217,44,53,0,0,0,0,0,0,0,0,0,0,0,0,0,0,0,0,0,0,0,0,0,0,374,16382,0,0,0,0
95831.761,16551,60,0,0,0,0,0,8,21297,44,53,0,0,0,0,0,0,0,0,0,0,0,0,0,0,0,0,0,0,0,0,0,0,355,16684,0,0,0,0
95848.342,16581,60,0,0,0,0,0,8,21469,44,53,0,0,0,0,0,0,0,0,0,0,0,0,0,0,0,0,0,0,0,0,0,0,372,16637,0,0,0,0
95864.951,16608,60,0,0,0,0,0,8,21248,44,53,0,0,0,0,0,0,0,0,0,0,0,0,0,0,0,0,0,0,0,0,0,0,358,16527,0,0,0,0
95881.708,16757,59,0,0,0,0,0,8,21397,44,53,0,0,0,0,0,0,0,0,0,0,0,0,0,0,0,0,0,0,0,0,0,0,393,16640,0,0,0,0
95898.749,17040,58,0,0,0,0,0,8,21344,44,53,0,0,0,0,0,0,0,0,0,0,0,0,0,0,0,0,0,0,0,0,0,0,360,16732,0,0,0,0
95915.194,16445,60,0,0,0,0,0,8,21396,44,53,0,0,0,0,0,0,0,0,0,0,0,0,0,0,0,0,0,0,0,0,0,0,376,17198,0,0,0,0
95931.800,16605,60,0,0,0,0,0,8,21466,44,53,0,0,0,0,0,0,0,0,0,0,0,0,0,0,0,0,0,0,0,0,0,0,349,16493,0,0,0,0
95948.241,16441,60,0,0,0,0,0,8,21356,44,53,0,0,0,0,0,0,0,0,0,0,0,0,0,0,0,0,0,0,0,0,0,0,387,16392,0,0,0,0
95965.697,17456,57,0,0,0,0,0,8,21198,44,53,0,0,0,0,0,0,0,0,0,0,0,0,0,0,0,0,0,0,0,0,0,0,358,16543,0,0,0,0
95981.809,16101,62,0,0,0,0,0,8,21391,44,53,0,0,0,0,0,0,0,0,0,0,0,0,0,0,0,0,0,0,0,0,0,0,385,17585,0,0,0,0
95997.720,15921,62,0,0,0,0,0,8,21315,44,53,0,0,0,0,0,0,0,0,0,0,0,0,0,0,0,0,0,0,0,0,0,0,360,16022,0,0,0,0
96015.288,17568,56,0,0,0,0,0,8,21228,44,53,0,0,0,0,0,0,0,0,0,0,0,0,0,0,0,0,0,0,0,0,0,0,352,15789,0,0,0,0
96031.697,16409,60,0,0,0,0,0,8,21356,44,53,0,0,0,0,0,0,0,0,0,0,0,0,0,0,0,0,0,0,0,0,0,0,350,17335,0,0,0,0
96048.225,16527,60,0,0,0,0,0,8,21294,44,53,0,0,0,0,0,0,0,0,0,0,0,0,0,0,0,0,0,0,0,0,0,0,359,16629,0,0,0,0
96065.003,16777,59,0,0,0,0,0,8,22074,44,53,0,0,0,0,0,0,0,0,0,0,0,0,0,0,0,0,0,0,0,0,0,0,371,16556,0,0,0,0
96081.473,16471,60,0,0,0,0,0,8,21834,44,53,0,0,0,0,0,0,0,0,0,0,0,0,0,0,0,0,0,0,0,0,0,0,380,16875,0,0,0,0
96098.131,16657,60,0,0,0,0,0,8,20183,44,53,0,0,0,0,0,0,0,0,0,0,0,0,0,0,0,0,0,0,0,0,0,0,356,16360,0,0,0,0
96115.246,17114,58,0,0,0,0,0,8,20010,44,53,0,0,0,0,0,0,0,0,0,0,0,0,0,0,0,0,0,0,0,0,0,0,364,16603,0,0,0,0
96131.655,16408,60,0,0,0,0,0,8,21511,44,53,0,0,0,0,0,0,0,0,0,0,0,0,0,0,0,0,0,0,0,0,0,0,381,17147,0,0,0,0
96149.206,17551,56,0,0,0,0,0,8,22361,44,53,0,0,0,0,0,0,0,0,0,0,0,0,0,0,0,0,0,0,0,0,0,0,371,16993,0,0,0,0
96164.705,15499,64,0,0,0,0,0,8,21394,44,53,0,0,0,0,0,0,0,0,0,0,0,0,0,0,0,0,0,0,0,0,0,0,357,16901,0,0,0,0
96181.834,17128,58,0,0,0,0,0,8,24139,44,53,0,0,0,0,0,0,0,0,0,0,0,0,0,0,0,0,0,0,0,0,0,0,380,16534,0,0,0,0
96198.313,16479,60,0,0,0,0,0,8,22041,44,53,0,0,0,0,0,0,0,0,0,0,0,0,0,0,0,0,0,0,0,0,0,0,365,15834,0,0,0,0
96214.538,16225,61,0,0,0,0,0,8,21532,44,53,0,0,0,0,0,0,0,0,0,0,0,0,0,0,0,0,0,0,0,0,0,0,375,16808,0,0,0,0
96232.205,17667,56,0,0,0,0,0,8,21630,44,53,0,0,0,0,0,0,0,0,0,0,0,0,0,0,0,0,0,0,0,0,0,0,386,16224,0,0,0,0
96248.689,16483,60,0,0,0,0,0,8,21974,44,53,0,0,0,0,0,0,0,0,0,0,0,0,0,0,0,0,0,0,0,0,0,0,369,17809,0,0,0,0
96265.130,16441,60,0,0,0,0,0,8,21770,44,53,0,0,0,0,0,0,0,0,0,0,0,0,0,0,0,0,0,0,0,0,0,0,390,15824,0,0,0,0
96281.693,16562,60,0,0,0,0,0,8,21984,44,53,0,0,0,0,0,0,0,0,0,0,0,0,0,0,0,0,0,0,0,0,0,0,358,16927,0,0,0,0
96298.210,16517,60,0,0,0,0,0,8,22719,44,53,0,0,0,0,0,0,0,0,0,0,0,0,0,0,0,0,0,0,0,0,0,0,353,16896,0,0,0,0
96315.207,16996,58,0,0,0,0,0,8,21731,44,53,0,0,0,0,0,0,0,0,0,0,0,0,0,0,0,0,0,0,0,0,0,0,360,16402,0,0,0,0
96331.817,16610,60,0,0,0,0,0,8,21762,44,53,0,0,0,0,0,0,0,0,0,0,0,0,0,0,0,0,0,0,0,0,0,0,340,16529,0,0,0,0
96348.252,16434,60,0,0,0,0,0,8,23696,44,53,0,0,0,0,0,0,0,0,0,0,0,0,0,0,0,0,0,0,0,0,0,0,364,17056,0,0,0,0
96365.266,17014,58,0,0,0,0,0,8,23775,44,53,0,0,0,0,0,0,0,0,0,0,0,0,0,0,0,0,0,0,0,0,0,0,362,16827,0,0,0,0
96381.957,16691,59,0,0,0,0,0,8,22885,44,53,0,0,0,0,0,0,0,0,0,0,0,0,0,0,0,0,0,0,0,0,0,0,359,16487,0,0,0,0
96398.219,16261,61,0,0,0,0,0,8,19976,44,53,0,0,0,0,0,0,0,0,0,0,0,0,0,0,0,0,0,0,0,0,0,0,355,16587,0,0,0,0
96415.087,16868,59,0,0,0,0,0,8,20814,44,53,0,0,0,0,0,0,0,0,0,0,0,0,0,0,0,0,0,0,0,0,0,0,335,16634,0,0,0,0
96431.673,16585,60,0,0,0,0,0,8,21129,44,53,0,0,0,0,0,0,0,0,0,0,0,0,0,0,0,0,0,0,0,0,0,0,354,16573,0,0,0,0
96448.684,17011,58,0,0,0,0,0,8,21235,44,53,0,0,0,0,0,0,0,0,0,0,0,0,0,0,0,0,0,0,0,0,0,0,351,16526,0,0,0,0
96465.220,16536,60,0,0,0,0,0,8,19668,44,53,0,0,0,0,0,0,0,0,0,0,0,0,0,0,0,0,0,0,0,0,0,0,384,15993,0,0,0,0
96481.898,16677,59,0,0,0,0,0,8,19991,44,53,0,0,0,0,0,0,0,0,0,0,0,0,0,0,0,0,0,0,0,0,0,0,373,18006,0,0,0,0
96498.255,16356,61,0,0,0,0,0,8,20124,44,53,0,0,0,0,0,0,0,0,0,0,0,0,0,0,0,0,0,0,0,0,0,0,372,16149,0,0,0,0
96515.246,16991,58,0,0,0,0,0,8,20167,44,53,0,0,0,0,0,0,0,0,0,0,0,0,0,0,0,0,0,0,0,0,0,0,353,17007,0,0,0,0
96531.681,16435,60,0,0,0,0,0,8,20302,44,53,0,0,0,0,0,0,0,0,0,0,0,0,0,0,0,0,0,0,0,0,0,0,328,16416,0,0,0,0
96548.261,16579,60,0,0,0,0,0,8,20621,44,53,0,0,0,0,0,0,0,0,0,0,0,0,0,0,0,0,0,0,0,0,0,0,336,16733,0,0,0,0
96565.139,16878,59,0,0,0,0,0,8,20548,44,53,0,0,0,0,0,0,0,0,0,0,0,0,0,0,0,0,0,0,0,0,0,0,358,16248,0,0,0,0
96581.830,16691,59,0,0,0,0,0,8,20915,44,53,0,0,0,0,0,0,0,0,0,0,0,0,0,0,0,0,0,0,0,0,0,0,389,16870,0,0,0,0
96598.243,16412,60,0,0,0,0,0,8,21015,44,53,0,0,0,0,0,0,0,0,0,0,0,0,0,0,0,0,0,0,0,0,0,0,368,16884,0,0,0,0
96614.835,16592,60,0,0,0,0,0,8,20300,44,53,0,0,0,0,0,0,0,0,0,0,0,0,0,0,0,0,0,0,0,0,0,0,347,16384,0,0,0,0
96631.888,17043,58,0,0,0,0,0,8,20373,44,53,0,0,0,0,0,0,0,0,0,0,0,0,0,0,0,0,0,0,0,0,0,0,370,16936,0,0,0,0
96648.389,16510,60,0,0,0,0,0,8,20841,44,53,0,0,0,0,0,0,0,0,0,0,0,0,0,0,0,0,0,0,0,0,0,0,381,16888,0,0,0,0
96664.828,16438,60,0,0,0,0,0,8,20368,44,53,0,0,0,0,0,0,0,0,0,0,0,0,0,0,0,0,0,0,0,0,0,0,392,16839,0,0,0,0
96681.663,16835,59,0,0,0,0,0,8,20555,44,53,0,0,0,0,0,0,0,0,0,0,0,0,0,0,0,0,0,0,0,0,0,0,360,16208,0,0,0,0
96698.734,17071,58,0,0,0,0,0,8,20398,44,53,0,0,0,0,0,0,0,0,0,0,0,0,0,0,0,0,0,0,0,0,0,0,359,16891,0,0,0,0
96715.287,16552,60,0,0,0,0,0,8,20256,44,53,0,0,0,0,0,0,0,0,0,0,0,0,0,0,0,0,0,0,0,0,0,0,360,16553,0,0,0,0
96732.692,17405,57,0,0,0,0,0,8,20395,44,53,0,0,0,0,0,0,0,0,0,0,0,0,0,0,0,0,0,0,0,0,0,0,382,16671,0,0,0,0
96748.821,16128,62,0,0,0,0,0,8,21866,44,53,0,0,0,0,0,0,0,0,0,0,0,0,0,0,0,0,0,0,0,0,0,0,381,17338,0,0,0,0
96764.854,16033,62,0,0,0,0,0,8,21713,44,53,0,0,0,0,0,0,0,0,0,0,0,0,0,0,0,0,0,0,0,0,0,0,353,16547,0,0,0,0
96781.693,16839,59,0,0,0,0,0,8,21729,44,53,0,0,0,0,0,0,0,0,0,0,0,0,0,0,0,0,0,0,0,0,0,0,352,15364,0,0,0,0
96798.423,16729,59,0,0,0,0,0,8,22015,44,53,0,0,0,0,0,0,0,0,0,0,0,0,0,0,0,0,0,0,0,0,0,0,362,17498,0,0,0,0
96815.277,16853,59,0,0,0,0,0,8,23643,44,53,0,0,0,0,0,0,0,0,0,0,0,0,0,0,0,0,0,0,0,0,0,0,370,16740,0,0,0,0
96832.684,17406,57,0,0,0,0,0,8,23719,44,53,0,0,0,0,0,0,0,0,0,0,0,0,0,0,0,0,0,0,0,0,0,0,354,16617,0,0,0,0
96848.680,15996,62,0,0,0,0,0,8,23697,44,53,0,0,0,0,0,0,0,0,0,0,0,0,0,0,0,0,0,0,0,0,0,0,373,17457,0,0,0,0
96865.699,17018,58,0,0,0,0,0,8,23162,44,53,0,0,0,0,0,0,0,0,0,0,0,0,0,0,0,0,0,0,0,0,0,0,395,15943,0,0,0,0
96881.719,16020,62,0,0,0,0,0,8,23618,44,53,0,0,0,0,0,0,0,0,0,0,0,0,0,0,0,0,0,0,0,0,0,0,386,16854,0,0,0,0
96898.482,16763,59,0,0,0,0,0,8,23696,44,53,0,0,0,0,0,0,0,0,0,0,0,0,0,0,0,0,0,0,0,0,0,0,370,16145,0,0,0,0
96915.214,16732,59,0,0,0,0,0,8,23335,44,53,0,0,0,0,0,0,0,0,0,0,0,0,0,0,0,0,0,0,0,0,0,0,354,16841,0,0,0,0
96931.654,16440,60,0,0,0,0,0,8,23632,44,53,0,0,0,0,0,0,0,0,0,0,0,0,0,0,0,0,0,0,0,0,0,0,354,16327,0,0,0,0
96948.375,16720,59,0,0,0,0,0,8,23539,44,53,0,0,0,0,0,0,0,0,0,0,0,0,0,0,0,0,0,0,0,0,0,0,372,16892,0,0,0,0
96964.832,16457,60,0,0,0,0,0,8,23642,44,53,0,0,0,0,0,0,0,0,0,0,0,0,0,0,0,0,0,0,0,0,0,0,376,16897,0,0,0,0
96982.199,17367,57,0,0,0,0,0,8,23782,44,53,0,0,0,0,0,0,0,0,0,0,0,0,0,0,0,0,0,0,0,0,0,0,382,16153,0,0,0,0
96998.322,16123,62,0,0,0,0,0,8,23715,44,53,0,0,0,0,0,0,0,0,0,0,0,0,0,0,0,0,0,0,0,0,0,0,353,17030,0,0,0,0
97014.833,16510,60,0,0,0,0,0,8,24262,44,53,0,0,0,0,0,0,0,0,0,0,0,0,0,0,0,0,0,0,0,0,0,0,383,16825,0,0,0,0
97031.743,16909,59,0,0,0,0,0,8,24662,44,53,0,0,0,0,0,0,0,0,0,0,0,0,0,0,0,0,0,0,0,0,0,0,371,16363,0,0,0,0
97048.679,16936,59,0,0,0,0,0,8,24748,44,53,0,0,0,0,0,0,0,0,0,0,0,0,0,0,0,0,0,0,0,0,0,0,366,17089,0,0,0,0
97064.945,16265,61,0,0,0,0,0,8,24527,44,53,0,0,0,0,0,0,0,0,0,0,0,0,0,0,0,0,0,0,0,0,0,0,381,16536,0,0,0,0
97081.795,16850,59,0,0,0,0,0,8,23322,44,53,0,0,0,0,0,0,0,0,0,0,0,0,0,0,0,0,0,0,0,0,0,0,384,16328,0,0,0,0
97098.671,16876,59,0,0,0,0,0,8,23264,44,53,0,0,0,0,0,0,0,0,0,0,0,0,0,0,0,0,0,0,0,0,0,0,376,16979,0,0,0,0
97115.677,17006,58,0,0,0,0,0,8,23316,44,53,0,0,0,0,0,0,0,0,0,0,0,0,0,0,0,0,0,0,0,0,0,0,365,17143,0,0,0,0
97132.203,16525,60,0,0,0,0,0,8,23577,44,53,0,0,0,0,0,0,0,0,0,0,0,0,0,0,0,0,0,0,0,0,0,0,393,17114,0,0,0,0
97148.676,16473,60,0,0,0,0,0,8,23482,44,53,0,0,0,0,0,0,0,0,0,0,0,0,0,0,0,0,0,0,0,0,0,0,364,15894,0,0,0,0
97164.886,16209,61,0,0,0,0,0,8,23534,44,53,0,0,0,0,0,0,0,0,0,0,0,0,0,0,0,0,0,0,0,0,0,0,361,16131,0,0,0,0
97182.199,17313,57,0,0,0,0,0,8,24358,44,53,0,0,0,0,0,0,0,0,0,0,0,0,0,0,0,0,0,0,0,0,0,0,367,17149,0,0,0,0
97198.654,16454,60,0,0,0,0,0,8,24337,44,53,0,0,0,0,0,0,0,0,0,0,0,0,0,0,0,0,0,0,0,0,0,0,366,16668,0,0,0,0
97215.128,16474,60,0,0,0,0,0,8,25056,44,53,0,0,0,0,0,0,0,0,0,0,0,0,0,0,0,0,0,0,0,0,0,0,375,17233,0,0,0,0
97231.693,16551,60,0,0,0,0,0,8,25322,44,53,0,0,0,0,0,0,0,0,0,0,0,0,0,0,0,0,0,0,0,0,0,0,363,16167,0,0,0,0
97249.196,17516,57,0,0,0,0,0,8,25665,44,53,0,0,0,0,0,0,0,0,0,0,0,0,0,0,0,0,0,0,0,0,0,0,355,16783,0,0,0,0
97265.072,15876,62,0,0,0,0,0,8,25698,44,53,0,0,0,0,0,0,0,0,0,0,0,0,0,0,0,0,0,0,0,0,0,0,378,17278,0,0,0,0
97281.673,16600,60,0,0,0,0,0,8,25357,44,53,0,0,0,0,0,0,0,0,0,0,0,0,0,0,0,0,0,0,0,0,0,0,382,15434,0,0,0,0
97298.301,16628,60,0,0,0,0,0,8,25289,44,53,0,0,0,0,0,0,0,0,0,0,0,0,0,0,0,0,0,0,0,0,0,0,358,16974,0,0,0,0
97314.818,16516,60,0,0,0,0,0,8,25401,44,53,0,0,0,0,0,0,0,0,0,0,0,0,0,0,0,0,0,0,0,0,0,0,351,16617,0,0,0,0
97331.480,16661,60,0,0,0,0,0,8,25648,44,53,0,0,0,0,0,0,0,0,0,0,0,0,0,0,0,0,0,0,0,0,0,0,361,16879,0,0,0,0
97348.672,17192,58,0,0,0,0,0,8,25569,44,53,0,0,0,0,0,0,0,0,0,0,0,0,0,0,0,0,0,0,0,0,0,0,372,16569,0,0,0,0
97364.953,16280,61,0,0,0,0,0,8,25190,44,53,0,0,0,0,0,0,0,0,0,0,0,0,0,0,0,0,0,0,0,0,0,0,336,16959,0,0,0,0
97381.920,16967,58,0,0,0,0,0,8,25381,44,53,0,0,0,0,0,0,0,0,0,0,0,0,0,0,0,0,0,0,0,0,0,0,354,16018,0,0,0,0
97398.248,16327,61,0,0,0,0,0,8,25350,44,53,0,0,0,0,0,0,0,0,0,0,0,0,0,0,0,0,0,0,0,0,0,0,374,16927,0,0,0,0
97415.102,16854,59,0,0,0,0,0,8,25380,44,53,0,0,0,0,0,0,0,0,0,0,0,0,0,0,0,0,0,0,0,0,0,0,380,16976,0,0,0,0
97431.735,16632,60,0,0,0,0,0,8,25808,44,53,0,0,0,0,0,0,0,0,0,0,0,0,0,0,0,0,0,0,0,0,0,0,344,16332,0,0,0,0
97448.438,16703,59,0,0,0,0,0,8,26048,44,53,0,0,0,0,0,0,0,0,0,0,0,0,0,0,0,0,0,0,0,0,0,0,376,17123,0,0,0,0
97465.033,16594,60,0,0,0,0,0,8,25979,44,53,0,0,0,0,0,0,0,0,0,0,0,0,0,0,0,0,0,0,0,0,0,0,378,16985,0,0,0,0
97482.203,17170,58,0,0,0,0,0,8,26142,44,53,0,0,0,0,0,0,0,0,0,0,0,0,0,0,0,0,0,0,0,0,0,0,347,15995,0,0,0,0
97498.812,16609,60,0,0,0,0,0,8,26177,44,53,0,0,0,0,0,0,0,0,0,0,0,0,0,0,0,0,0,0,0,0,0,0,345,17052,0,0,0,0
97514.842,16029,62,0,0,0,0,0,8,26095,44,53,0,0,0,0,0,0,0,0,0,0,0,0,0,0,0,0,0,0,0,0,0,0,379,16926,0,0,0,0
97531.677,16835,59,0,0,0,0,0,8,26074,44,53,0,0,0,0,0,0,0,0,0,0,0,0,0,0,0,0,0,0,0,0,0,0,352,16032,0,0,0,0
97548.212,16534,60,0,0,0,0,0,8,26112,44,53,0,0,0,0,0,0,0,0,0,0,0,0,0,0,0,0,0,0,0,0,0,0,354,16762,0,0,0,0
97565.677,17465,57,0,0,0,0,0,8,26112,44,53,0,0,0,0,0,0,0,0,0,0,0,0,0,0,0,0,0,0,0,0,0,0,335,16464,0,0,0,0
97581.478,15801,63,0,0,0,0,0,8,26989,44,53,0,0,0,0,0,0,0,0,0,0,0,0,0,0,0,0,0,0,0,0,0,0,391,17795,0,0,0,0
97598.610,17131,58,0,0,0,0,0,8,26475,44,53,0,0,0,0,0,0,0,0,0,0,0,0,0,0,0,0,0,0,0,0,0,0,361,15385,0,0,0,0
97615.197,16586,60,0,0,0,0,0,8,26391,44,53,0,0,0,0,0,0,0,0,0,0,0,0,0,0,0,0,0,0,0,0,0,0,364,17635,0,0,0,0
97632.188,16991,58,0,0,0,0,0,8,26104,44,53,0,0,0,0,0,0,0,0,0,0,0,0,0,0,0,0,0,0,0,0,0,0,357,16020,0,0,0,0
97647.702,15513,64,0,0,0,0,0,8,26174,44,53,0,0,0,0,0,0,0,0,0,0,0,0,0,0,0,0,0,0,0,0,0,0,357,17373,0,0,0,0
97665.208,17506,57,0,0,0,0,0,8,26067,44,53,0,0,0,0,0,0,0,0,0,0,0,0,0,0,0,0,0,0,0,0,0,0,369,15383,0,0,0,0
97681.832,16623,60,0,0,0,0,0,8,26409,44,53,0,0,0,0,0,0,0,0,0,0,0,0,0,0,0,0,0,0,0,0,0,0,380,17921,0,0,0,0
97698.674,16842,59,0,0,0,0,0,8,26063,44,53,0,0,0,0,0,0,0,0,0,0,0,0,0,0,0,0,0,0,0,0,0,0,375,16053,0,0,0,0
97715.015,16341,61,0,0,0,0,0,8,27740,44,53,0,0,0,0,0,0,0,0,0,0,0,0,0,0,0,0,0,0,0,0,0,0,396,17327,0,0,0,0
97731.812,16796,59,0,0,0,0,0,8,27833,44,53,0,0,0,0,0,0,0,0,0,0,0,0,0,0,0,0,0,0,0,0,0,0,368,16060,0,0,0,0
97748.233,16421,60,0,0,0,0,0,8,27814,44,53,0,0,0,0,0,0,0,0,0,0,0,0,0,0,0,0,0,0,0,0,0,0,362,17084,0,0,0,0
97765.174,16940,59,0,0,0,0,0,8,27912,44,53,0,0,0,0,0,0,0,0,0,0,0,0,0,0,0,0,0,0,0,0,0,0,339,16115,0,0,0,0
97782.199,17025,58,0,0,0,0,0,8,27966,44,53,0,0,0,0,0,0,0,0,0,0,0,0,0,0,0,0,0,0,0,0,0,0,353,16788,0,0,0,0
97798.670,16471,60,0,0,0,0,0,8,28199,44,53,0,0,0,0,0,0,0,0,0,0,0,0,0,0,0,0,0,0,0,0,0,0,326,17012,0,0,0,0
97815.175,16504,60,0,0,0,0,0,8,28001,44,53,0,0,0,0,0,0,0,0,0,0,0,0,0,0,0,0,0,0,0,0,0,0,332,16910,0,0,0,0
97831.912,16737,59,0,0,0,0,0,8,28137,44,53,0,0,0,0,0,0,0,0,0,0,0,0,0,0,0,0,0,0,0,0,0,0,365,16059,0,0,0,0
97848.668,16756,59,0,0,0,0,0,8,28388,44,53,0,0,0,0,0,0,0,0,0,0,0,0,0,0,0,0,0,0,0,0,0,0,343,16562,0,0,0,0
97864.983,16314,61,0,0,0,0,0,8,28250,44,53,0,0,0,0,0,0,0,0,0,0,0,0,0,0,0,0,0,0,0,0,0,0,359,17602,0,0,0,0
97881.193,16210,61,0,0,0,0,0,8,28286,44,53,0,0,0,0,0,0,0,0,0,0,0,0,0,0,0,0,0,0,0,0,0,0,345,16200,0,0,0,0
97898.332,17138,58,0,0,0,0,0,8,28070,44,53,0,0,0,0,0,0,0,0,0,0,0,0,0,0,0,0,0,0,0,0,0,0,367,16120,0,0,0,0
97915.698,17366,57,0,0,0,0,0,8,27932,44,53,0,0,0,0,0,0,0,0,0,0,0,0,0,0,0,0,0,0,0,0,0,0,382,16993,0,0,0,0
97931.848,16149,61,0,0,0,0,0,8,28300,44,53,0,0,0,0,0,0,0,0,0,0,0,0,0,0,0,0,0,0,0,0,0,0,368,17257,0,0,0,0
97948.668,16820,59,0,0,0,0,0,8,28216,44,53,0,0,0,0,0,0,0,0,0,0,0,0,0,0,0,0,0,0,0,0,0,0,348,16217,0,0,0,0
97965.084,16415,60,0,0,0,0,0,8,28051,44,53,0,0,0,0,0,0,0,0,0,0,0,0,0,0,0,0,0,0,0,0,0,0,340,16823,0,0,0,0
97982.191,17107,58,0,0,0,0,0,8,26125,44,53,0,0,0,0,0,0,0,0,0,0,0,0,0,0,0,0,0,0,0,0,0,0,358,16020,0,0,0,0
97997.910,15719,63,0,0,0,0,0,8,26404,44,53,0,0,0,0,0,0,0,0,0,0,0,0,0,0,0,0,0,0,0,0,0,0,354,17235,0,0,0,0
98015.262,17352,57,0,0,0,0,0,8,26346,44,53,0,0,0,0,0,0,0,0,0,0,0,0,0,0,0,0,0,0,0,0,0,0,355,16039,0,0,0,0
98031.941,16678,59,0,0,0,0,0,8,26342,44,53,0,0,0,0,0,0,0,0,0,0,0,0,0,0,0,0,0,0,0,0,0,0,396,17710,0,0,0,0
98048.353,16412,60,0,0,0,0,0,8,26166,44,53,0,0,0,0,0,0,0,0,0,0,0,0,0,0,0,0,0,0,0,0,0,0,357,16073,0,0,0,0
98065.326,16972,58,0,0,0,0,0,8,25994,44,53,0,0,0,0,0,0,0,0,0,0,0,0,0,0,0,0,0,0,0,0,0,0,341,16886,0,0,0,0
98081.762,16436,60,0,0,0,0,0,8,26083,44,53,0,0,0,0,0,0,0,0,0,0,0,0,0,0,0,0,0,0,0,0,0,0,332,16242,0,0,0,0
98098.433,16671,59,0,0,0,0,0,8,26103,44,53,0,0,0,0,0,0,0,0,0,0,0,0,0,0,0,0,0,0,0,0,0,0,352,16960,0,0,0,0
98114.986,16552,60,0,0,0,0,0,8,26215,44,53,0,0,0,0,0,0,0,0,0,0,0,0,0,0,0,0,0,0,0,0,0,0,353,16781,0,0,0,0
98131.845,16858,59,0,0,0,0,0,8,26493,44,53,0,0,0,0,0,0,0,0,0,0,0,0,0,0,0,0,0,0,0,0,0,0,365,16418,0,0,0,0
98148.612,16767,59,0,0,0,0,0,8,26506,44,53,0,0,0,0,0,0,0,0,0,0,0,0,0,0,0,0,0,0,0,0,0,0,369,16709,0,0,0,0
98165.668,17056,58,0,0,0,0,0,8,26470,44,53,0,0,0,0,0,0,0,0,0,0,0,0,0,0,0,0,0,0,0,0,0,0,346,16763,0,0,0,0
98181.785,16116,62,0,0,0,0,0,8,26875,44,53,0,0,0,0,0,0,0,0,0,0,0,0,0,0,0,0,0,0,0,0,0,0,379,17574,0,0,0,0
98198.666,16881,59,0,0,0,0,0,8,26830,44,53,0,0,0,0,0,0,0,0,0,0,0,0,0,0,0,0,0,0,0,0,0,0,361,15526,0,0,0,0
98214.984,16317,61,0,0,0,0,0,8,26674,44,53,0,0,0,0,0,0,0,0,0,0,0,0,0,0,0,0,0,0,0,0,0,0,357,16297,0,0,0,0
98232.188,17204,58,0,0,0,0,0,8,26801,44,53,0,0,0,0,0,0,0,0,0,0,0,0,0,0,0,0,0,0,0,0,0,0,360,17048,0,0,0,0
98248.666,16478,60,0,0,0,0,0,8,27406,44,53,0,0,0,0,0,0,0,0,0,0,0,0,0,0,0,0,0,0,0,0,0,0,345,17552,0,0,0,0
98265.672,17005,58,0,0,0,0,0,8,27157,44,53,0,0,0,0,0,0,0,0,0,0,0,0,0,0,0,0,0,0,0,0,0,0,341,15338,0,0,0,0
98282.186,16514,60,0,0,0,0,0,8,27269,44,53,0,0,0,0,0,0,0,0,0,0,0,0,0,0,0,0,0,0,0,0,0,0,356,18084,0,0,0,0
98298.666,16480,60,0,0,0,0,0,8,27103,44,53,0,0,0,0,0,0,0,0,0,0,0,0,0,0,0,0,0,0,0,0,0,0,381,16377,0,0,0,0
98315.113,16446,60,0,0,0,0,0,8,27230,44,53,0,0,0,0,0,0,0,0,0,0,0,0,0,0,0,0,0,0,0,0,0,0,353,15065,0,0,0,0
98331.808,16695,59,0,0,0,0,0,8,27474,44,53,0,0,0,0,0,0,0,0,0,0,0,0,0,0,0,0,0,0,0,0,0,0,348,17964,0,0,0,0
98348.212,16404,60,0,0,0,0,0,8,27798,44,53,0,0,0,0,0,0,0,0,0,0,0,0,0,0,0,0,0,0,0,0,0,0,378,16814,0,0,0,0
98364.925,16712,59,0,0,0,0,0,8,27246,44,53,0,0,0,0,0,0,0,0,0,0,0,0,0,0,0,0,0,0,0,0,0,0,339,16200,0,0,0,0
98382.518,17592,56,0,0,0,0,0,8,27230,44,53,0,0,0,0,0,0,0,0,0,0,0,0,0,0,0,0,0,0,0,0,0,0,340,16253,0,0,0,0
98398.670,16152,61,0,0,0,0,0,8,27409,44,53,0,0,0,0,0,0,0,0,0,0,0,0,0,0,0,0,0,0,0,0,0,0,347,18072,0,0,0,0
98415.283,16613,60,0,0,0,0,0,8,27183,44,53,0,0,0,0,0,0,0,0,0,0,0,0,0,0,0,0,0,0,0,0,0,0,326,14972,0,0,0,0
98431.180,15896,62,0,0,0,0,0,8,27470,44,53,0,0,0,0,0,0,0,0,0,0,0,0,0,0,0,0,0,0,0,0,0,0,361,18103,0,0,0,0
98448.413,17233,58,0,0,0,0,0,8,27782,44,53,0,0,0,0,0,0,0,0,0,0,0,0,0,0,0,0,0,0,0,0,0,0,392,15829,0,0,0,0
98465.667,17253,57,0,0,0,0,0,8,27249,44,53,0,0,0,0,0,0,0,0,0,0,0,0,0,0,0,0,0,0,0,0,0,0,359,17129,0,0,0,0
98481.803,16136,61,0,0,0,0,0,8,27480,44,53,0,0,0,0,0,0,0,0,0,0,0,0,0,0,0,0,0,0,0,0,0,0,368,17129,0,0,0,0
98498.198,16395,60,0,0,0,0,0,8,27408,44,53,0,0,0,0,0,0,0,0,0,0,0,0,0,0,0,0,0,0,0,0,0,0,374,16116,0,0,0,0
98514.920,16722,59,0,0,0,0,0,8,27304,44,53,0,0,0,0,0,0,0,0,0,0,0,0,0,0,0,0,0,0,0,0,0,0,345,16467,0,0,0,0
98531.527,16606,60,0,0,0,0,0,8,27321,44,53,0,0,0,0,0,0,0,0,0,0,0,0,0,0,0,0,0,0,0,0,0,0,345,16481,0,0,0,0
98548.599,17072,58,0,0,0,0,0,8,27326,44,53,0,0,0,0,0,0,0,0,0,0,0,0,0,0,0,0,0,0,0,0,0,0,358,16680,0,0,0,0
98565.199,16599,60,0,0,0,0,0,8,27317,44,53,0,0,0,0,0,0,0,0,0,0,0,0,0,0,0,0,0,0,0,0,0,0,371,17206,0,0,0,0
98581.811,16612,60,0,0,0,0,0,8,27392,44,53,0,0,0,0,0,0,0,0,0,0,0,0,0,0,0,0,0,0,0,0,0,0,359,16089,0,0,0,0
98598.201,16389,61,0,0,0,0,0,8,27448,44,53,0,0,0,0,0,0,0,0,0,0,0,0,0,0,0,0,0,0,0,0,0,0,343,16967,0,0,0,0
98615.322,17121,58,0,0,0,0,0,8,29006,44,53,0,0,0,0,0,0,0,0,0,0,0,0,0,0,0,0,0,0,0,0,0,0,344,16493,0,0,0,0
98632.208,16885,59,0,0,0,0,0,8,29368,44,53,0,0,0,0,0,0,0,0,0,0,0,0,0,0,0,0,0,0,0,0,0,0,338,16613,0,0,0,0
98648.680,16471,60,0,0,0,0,0,8,29617,44,53,0,0,0,0,0,0,0,0,0,0,0,0,0,0,0,0,0,0,0,0,0,0,346,17158,0,0,0,0
98665.240,16560,60,0,0,0,0,0,8,29486,44,53,0,0,0,0,0,0,0,0,0,0,0,0,0,0,0,0,0,0,0,0,0,0,357,16886,0,0,0,0
98681.937,16697,59,0,0,0,0,0,8,31688,44,53,0,0,0,0,0,0,0,0,0,0,0,0,0,0,0,0,0,0,0,0,0,0,381,16223,0,0,0,0
98698.683,16746,59,0,0,0,0,0,8,31350,44,53,0,0,0,0,0,0,0,0,0,0,0,0,0,0,0,0,0,0,0,0,0,0,397,16738,0,0,0,0
98715.240,16556,60,0,0,0,0,0,8,31331,44,53,0,0,0,0,0,0,0,0,0,0,0,0,0,0,0,0,0,0,0,0,0,0,341,15725,0,0,0,0
98731.667,16427,60,0,0,0,0,0,8,31868,44,53,0,0,0,0,0,0,0,0,0,0,0,0,0,0,0,0,0,0,0,0,0,0,376,17710,0,0,0,0
98748.675,17007,58,0,0,0,0,0,8,32022,44,53,0,0,0,0,0,0,0,0,0,0,0,0,0,0,0,0,0,0,0,0,0,0,345,15186,0,0,0,0
98765.218,16543,60,0,0,0,0,0,8,32360,44,53,0,0,0,0,0,0,0,0,0,0,0,0,0,0,0,0,0,0,0,0,0,0,368,18607,0,0,0,0
98781.800,16582,60,0,0,0,0,0,8,32233,44,53,0,0,0,0,0,0,0,0,0,0,0,0,0,0,0,0,0,0,0,0,0,0,336,16005,0,0,0,0
98798.664,16864,59,0,0,0,0,0,8,32477,44,53,0,0,0,0,0,0,0,0,0,0,0,0,0,0,0,0,0,0,0,0,0,0,344,16866,0,0,0,0
98814.946,16282,61,0,0,0,0,0,8,32457,44,53,0,0,0,0,0,0,0,0,0,0,0,0,0,0,0,0,0,0,0,0,0,0,353,15477,0,0,0,0
98831.769,16822,59,0,0,0,0,0,8,32812,44,53,0,0,0,0,0,0,0,0,0,0,0,0,0,0,0,0,0,0,0,0,0,0,345,17294,0,0,0,0
98848.272,16503,60,0,0,0,0,0,8,32933,44,53,0,0,0,0,0,0,0,0,0,0,0,0,0,0,0,0,0,0,0,0,0,0,357,17669,0,0,0,0
98865.660,17387,57,0,0,0,0,0,8,32405,44,53,0,0,0,0,0,0,0,0,0,0,0,0,0,0,0,0,0,0,0,0,0,0,332,16037,0,0,0,0
98881.829,16168,61,0,0,0,0,0,8,30835,44,53,0,0,0,0,0,0,0,0,0,0,0,0,0,0,0,0,0,0,0,0,0,0,351,16114,0,0,0,0
98898.673,16843,59,0,0,0,0,0,8,31063,44,53,0,0,0,0,0,0,0,0,0,0,0,0,0,0,0,0,0,0,0,0,0,0,363,17305,0,0,0,0
98915.318,16644,60,0,0,0,0,0,8,30799,44,53,0,0,0,0,0,0,0,0,0,0,0,0,0,0,0,0,0,0,0,0,0,0,374,15745,0,0,0,0
98931.568,16250,61,0,0,0,0,0,8,31179,44,53,0,0,0,0,0,0,0,0,0,0,0,0,0,0,0,0,0,0,0,0,0,0,356,18012,0,0,0,0
98948.677,17108,58,0,0,0,0,0,8,30825,44,53,0,0,0,0,0,0,0,0,0,0,0,0,0,0,0,0,0,0,0,0,0,0,358,15903,0,0,0,0
98964.830,16152,61,0,0,0,0,0,8,30896,44,53,0,0,0,0,0,0,0,0,0,0,0,0,0,0,0,0,0,0,0,0,0,0,376,17392,0,0,0,0
98981.618,16788,59,0,0,0,0,0,8,30889,44,53,0,0,0,0,0,0,0,0,0,0,0,0,0,0,0,0,0,0,0,0,0,0,338,15887,0,0,0,0
98998.661,17042,58,0,0,0,0,0,8,31754,44,53,0,0,0,0,0,0,0,0,0,0,0,0,0,0,0,0,0,0,0,0,0,0,356,16790,0,0,0,0
99015.220,16559,60,0,0,0,0,0,8,31522,44,53,0,0,0,0,0,0,0,0,0,0,0,0,0,0,0,0,0,0,0,0,0,0,360,17324,0,0,0,0
99031.634,16413,60,0,0,0,0,0,8,31717,44,53,0,0,0,0,0,0,0,0,0,0,0,0,0,0,0,0,0,0,0,0,0,0,342,16313,0,0,0,0
99048.656,17022,58,0,0,0,0,0,8,32006,44,53,0,0,0,0,0,0,0,0,0,0,0,0,0,0,0,0,0,0,0,0,0,0,376,16650,0,0,0,0
99065.165,16508,60,0,0,0,0,0,8,32253,44,53,0,0,0,0,0,0,0,0,0,0,0,0,0,0,0,0,0,0,0,0,0,0,347,15991,0,0,0,0
99081.194,16029,62,0,0,0,0,0,8,34678,44,53,0,0,0,0,0,0,0,0,0,0,0,0,0,0,0,0,0,0,0,0,0,0,370,17307,0,0,0,0
99098.206,17011,58,0,0,0,0,0,8,34597,44,53,0,0,0,0,0,0,0,0,0,0,0,0,0,0,0,0,0,0,0,0,0,0,375,15965,0,0,0,0
99115.672,17465,57,0,0,0,0,0,8,34139,44,53,0,0,0,0,0,0,0,0,0,0,0,0,0,0,0,0,0,0,0,0,0,0,356,17627,0,0,0,0
99131.505,15832,63,0,0,0,0,0,8,34770,44,53,0,0,0,0,0,0,0,0,0,0,0,0,0,0,0,0,0,0,0,0,0,0,365,17207,0,0,0,0
99148.660,17155,58,0,0,0,0,0,8,34606,44,53,0,0,0,0,0,0,0,0,0,0,0,0,0,0,0,0,0,0,0,0,0,0,352,15894,0,0,0,0
99164.884,16223,61,0,0,0,0,0,8,34533,44,53,0,0,0,0,0,0,0,0,0,0,0,0,0,0,0,0,0,0,0,0,0,0,360,17191,0,0,0,0
99181.798,16913,59,0,0,0,0,0,8,34317,44,53,0,0,0,0,0,0,0,0,0,0,0,0,0,0,0,0,0,0,0,0,0,0,342,15814,0,0,0,0
99198.484,16686,59,0,0,0,0,0,8,34429,44,53,0,0,0,0,0,0,0,0,0,0,0,0,0,0,0,0,0,0,0,0,0,0,353,17259,0,0,0,0
99214.944,16460,60,0,0,0,0,0,8,33927,44,53,0,0,0,0,0,0,0,0,0,0,0,0,0,0,0,0,0,0,0,0,0,0,365,16765,0,0,0,0
99231.918,16974,58,0,0,0,0,0,8,34261,44,53,0,0,0,0,0,0,0,0,0,0,0,0,0,0,0,0,0,0,0,0,0,0,373,16512,0,0,0,0
99248.439,16520,60,0,0,0,0,0,8,34563,44,53,0,0,0,0,0,0,0,0,0,0,0,0,0,0,0,0,0,0,0,0,0,0,364,16697,0,0,0,0
99264.901,16462,60,0,0,0,0,0,8,34241,44,53,0,0,0,0,0,0,0,0,0,0,0,0,0,0,0,0,0,0,0,0,0,0,359,16721,0,0,0,0
99281.494,16592,60,0,0,0,0,0,8,34352,44,53,0,0,0,0,0,0,0,0,0,0,0,0,0,0,0,0,0,0,0,0,0,0,354,16382,0,0,0,0
99298.676,17182,58,0,0,0,0,0,8,34227,44,53,0,0,0,0,0,0,0,0,0,0,0,0,0,0,0,0,0,0,0,0,0,0,378,16742,0,0,0,0
99315.659,16982,58,0,0,0,0,0,8,33797,44,53,0,0,0,0,0,0,0,0,0,0,0,0,0,0,0,0,0,0,0,0,0,0,336,16142,0,0,0,0
99331.955,16296,61,0,0,0,0,0,8,33761,44,53,0,0,0,0,0,0,0,0,0,0,0,0,0,0,0,0,0,0,0,0,0,0,335,18046,0,0,0,0
99348.655,16699,59,0,0,0,0,0,8,33591,44,53,0,0,0,0,0,0,0,0,0,0,0,0,0,0,0,0,0,0,0,0,0,0,344,16151,0,0,0,0
99365.212,16557,60,0,0,0,0,0,8,33224,44,53,0,0,0,0,0,0,0,0,0,0,0,0,0,0,0,0,0,0,0,0,0,0,365,15785,0,0,0,0
99382.170,16957,58,0,0,0,0,0,8,33124,44,53,0,0,0,0,0,0,0,0,0,0,0,0,0,0,0,0,0,0,0,0,0,0,368,17171,0,0,0,0
99398.322,16152,61,0,0,0,0,0,8,32937,44,53,0,0,0,0,0,0,0,0,0,0,0,0,0,0,0,0,0,0,0,0,0,0,364,17176,0,0,0,0
99415.666,17344,57,0,0,0,0,0,8,32596,44,53,0,0,0,0,0,0,0,0,0,0,0,0,0,0,0,0,0,0,0,0,0,0,361,15897,0,0,0,0
99431.551,15884,62,0,0,0,0,0,8,32567,44,53,0,0,0,0,0,0,0,0,0,0,0,0,0,0,0,0,0,0,0,0,0,0,404,17661,0,0,0,0
99447.694,16143,61,0,0,0,0,0,8,32397,44,53,0,0,0,0,0,0,0,0,0,0,0,0,0,0,0,0,0,0,0,0,0,0,373,15916,0,0,0,0
99465.139,17445,57,0,0,0,0,0,8,32152,44,53,0,0,0,0,0,0,0,0,0,0,0,0,0,0,0,0,0,0,0,0,0,0,360,15687,0,0,0,0
99481.588,16448,60,0,0,0,0,0,8,32366,44,53,0,0,0,0,0,0,0,0,0,0,0,0,0,0,0,0,0,0,0,0,0,0,372,17983,0,0,0,0
99498.657,17068,58,0,0,0,0,0,8,32151,44,53,0,0,0,0,0,0,0,0,0,0,0,0,0,0,0,0,0,0,0,0,0,0,380,16187,0,0,0,0
99514.621,15964,62,0,0,0,0,0,8,32460,44,53,0,0,0,0,0,0,0,0,0,0,0,0,0,0,0,0,0,0,0,0,0,0,389,17389,0,0,0,0
99532.658,18037,55,0,0,0,0,0,8,31792,44,53,0,0,0,0,0,0,0,0,0,0,0,0,0,0,0,0,0,0,0,0,0,0,359,15634,0,0,0,0
99548.174,15516,64,0,0,0,0,0,8,33580,44,53,0,0,0,0,0,0,0,0,0,0,0,0,0,0,0,0,0,0,0,0,0,0,407,17989,0,0,0,0
99565.656,17482,57,0,0,0,0,0,8,33348,44,53,0,0,0,0,0,0,0,0,0,0,0,0,0,0,0,0,0,0,0,0,0,0,351,15728,0,0,0,0
99581.686,16030,62,0,0,0,0,0,8,33485,44,53,0,0,0,0,0,0,0,0,0,0,0,0,0,0,0,0,0,0,0,0,0,0,360,17446,0,0,0,0
99598.658,16971,58,0,0,0,0,0,8,33502,44,53,0,0,0,0,0,0,0,0,0,0,0,0,0,0,0,0,0,0,0,0,0,0,350,15686,0,0,0,0
99615.145,16487,60,0,0,0,0,0,8,33255,44,53,0,0,0,0,0,0,0,0,0,0,0,0,0,0,0,0,0,0,0,0,0,0,363,17335,0,0,0,0
99631.656,16511,60,0,0,0,0,0,8,33167,44,53,0,0,0,0,0,0,0,0,0,0,0,0,0,0,0,0,0,0,0,0,0,0,348,16059,0,0,0,0
99648.302,16646,60,0,0,0,0,0,8,32891,44,53,0,0,0,0,0,0,0,0,0,0,0,0,0,0,0,0,0,0,0,0,0,0,363,15659,0,0,0,0
99665.666,17364,57,0,0,0,0,0,8,32406,44,53,0,0,0,0,0,0,0,0,0,0,0,0,0,0,0,0,0,0,0,0,0,0,351,17876,0,0,0,0
99681.797,16130,61,0,0,0,0,0,8,32506,44,53,0,0,0,0,0,0,0,0,0,0,0,0,0,0,0,0,0,0,0,0,0,0,361,17273,0,0,0,0
99698.174,16366,61,0,0,0,0,0,8,32172,44,53,0,0,0,0,0,0,0,0,0,0,0,0,0,0,0,0,0,0,0,0,0,0,333,16047,0,0,0,0
99715.239,17076,58,0,0,0,0,0,8,31878,44,53,0,0,0,0,0,0,0,0,0,0,0,0,0,0,0,0,0,0,0,0,0,0,366,16393,0,0,0,0
99731.849,16609,60,0,0,0,0,0,8,31700,44,53,0,0,0,0,0,0,0,0,0,0,0,0,0,0,0,0,0,0,0,0,0,0,382,16583,0,0,0,0
99748.386,16536,60,0,0,0,0,0,8,33040,44,53,0,0,0,0,0,0,0,0,0,0,0,0,0,0,0,0,0,0,0,0,0,0,367,16994,0,0,0,0
99765.116,16730,59,0,0,0,0,0,8,32467,44,53,0,0,0,0,0,0,0,0,0,0,0,0,0,0,0,0,0,0,0,0,0,0,370,16510,0,0,0,0
99781.793,16676,59,0,0,0,0,0,8,32693,44,53,0,0,0,0,0,0,0,0,0,0,0,0,0,0,0,0,0,0,0,0,0,0,346,16574,0,0,0,0
99798.192,16398,60,0,0,0,0,0,8,32781,44,53,0,0,0,0,0,0,0,0,0,0,0,0,0,0,0,0,0,0,0,0,0,0,374,17129,0,0,0,0
99815.185,16992,58,0,0,0,0,0,8,31074,44,53,0,0,0,0,0,0,0,0,0,0,0,0,0,0,0,0,0,0,0,0,0,0,335,16427,0,0,0,0
99831.712,16527,60,0,0,0,0,0,8,30902,44,53,0,0,0,0,0,0,0,0,0,0,0,0,0,0,0,0,0,0,0,0,0,0,357,16588,0,0,0,0
99848.650,16938,59,0,0,0,0,0,8,31264,44,53,0,0,0,0,0,0,0,0,0,0,0,0,0,0,0,0,0,0,0,0,0,0,358,17112,0,0,0,0
99864.924,16274,61,0,0,0,0,0,8,31183,44,53,0,0,0,0,0,0,0,0,0,0,0,0,0,0,0,0,0,0,0,0,0,0,356,15628,0,0,0,0
99881.939,17014,58,0,0,0,0,0,8,30345,44,53,0,0,0,0,0,0,0,0,0,0,0,0,0,0,0,0,0,0,0,0,0,0,359,17199,0,0,0,0
99898.806,16857,59,0,0,0,0,0,8,29884,44,53,0,0,0,0,0,0,0,0,0,0,0,0,0,0,0,0,0,0,0,0,0,0,367,17177,0,0,0,0
99914.990,16193,61,0,0,0,0,0,8,29769,44,53,0,0,0,0,0,0,0,0,0,0,0,0,0,0,0,0,0,0,0,0,0,0,340,16949,0,0,0,0
99931.656,16666,60,0,0,0,0,0,8,30659,44,53,0,0,0,0,0,0,0,0,0,0,0,0,0,0,0,0,0,0,0,0,0,0,362,15839,0,0,0,0
99948.287,16630,60,0,0,0,0,0,8,30967,44,53,0,0,0,0,0,0,0,0,0,0,0,0,0,0,0,0,0,0,0,0,0,0,367,17223,0,0,0,0
99965.657,17370,57,0,0,0,0,0,8,30584,44,53,0,0,0,0,0,0,0,0,0,0,0,0,0,0,0,0,0,0,0,0,0,0,358,16270,0,0,0,0
99981.793,16136,61,0,0,0,0,0,8,30900,44,53,0,0,0,0,0,0,0,0,0,0,0,0,0,0,0,0,0,0,0,0,0,0,333,17280,0,0,0,0
99998.650,16856,59,0,0,0,0,0,8,30732,44,53,0,0,0,0,0,0,0,0,0,0,0,0,0,0,0,0,0,0,0,0,0,0,347,16404,0,0,0,0
