t_ms,frame_time_us,fps,draw_calls,command_buffer_stalls,vertices_processed,xma_frames_decoded,audio_frame_latency_us,buffer_queue_depth,functions_dispatched,interrupt_dispatches,active_threads,apc_queue_depth,critical_region_contentions,texture_cache_hits,texture_cache_misses,pipeline_cache_hits,pipeline_cache_misses,cp_busy_us,cp_idle_us,fence_wait_us,swap_us,gpu_busy_us,submissions,resolves,render_target_switches,barrier_batches,barriers,pipelines_created,shader_translations,draws_skipped_pending,cp_waitregmem_us,cp_waitregmem_count,cp_thread_cpu_us,guest_swap_thread_cpu_us,guest_swap_interval_us,app0,app1,app2,app3
0.000,0,0,0,0,0,0,0,8,86528,27,39,0,0,0,0,0,0,0,0,0,0,0,0,0,0,0,0,0,0,0,0,0,0,244,368,0,0,0,0
8.792,9024,110,0,0,0,0,0,8,107,5,39,0,0,0,0,0,0,0,0,0,0,0,0,0,0,0,0,0,0,0,0,0,0,0,0,0,0,0,0
64.801,56009,17,0,0,0,0,0,8,792,9,39,0,0,0,0,0,0,0,0,0,0,0,0,0,0,0,0,0,0,0,0,0,0,361,65038,0,0,0,0
79.965,15164,65,0,0,0,0,0,8,433,5,39,0,0,0,0,0,0,0,0,0,0,0,0,0,0,0,0,0,0,0,0,0,0,127,15157,0,0,0,0
95.076,15110,66,0,0,0,0,0,8,442,5,39,0,0,0,0,0,0,0,0,0,0,0,0,0,0,0,0,0,0,0,0,0,0,126,15110,0,0,0,0
110.267,15191,65,0,0,0,0,0,8,403,5,39,0,0,0,0,0,0,0,0,0,0,0,0,0,0,0,0,0,0,0,0,0,0,115,15192,0,0,0,0
125.465,15197,65,0,0,0,0,0,8,357,5,39,0,0,0,0,0,0,0,0,0,0,0,0,0,0,0,0,0,0,0,0,0,0,218,2047,0,0,0,0
142.011,16545,60,0,0,0,0,0,8,260,5,39,0,0,0,0,0,0,0,0,0,0,0,0,0,0,0,0,0,0,0,0,0,0,221,14401,0,0,0,0
158.870,16859,59,0,0,0,0,0,8,458,5,39,0,0,0,0,0,0,0,0,0,0,0,0,0,0,0,0,0,0,0,0,0,0,250,30303,0,0,0,0
175.296,16426,60,0,0,0,0,0,8,455,5,39,0,0,0,0,0,0,0,0,0,0,0,0,0,0,0,0,0,0,0,0,0,0,199,17704,0,0,0,0
191.864,16567,60,0,0,0,0,0,8,252,5,39,0,0,0,0,0,0,0,0,0,0,0,0,0,0,0,0,0,0,0,0,0,0,140,1823,0,0,0,0
208.866,16990,58,0,0,0,0,0,8,304,5,39,0,0,0,0,0,0,0,0,0,0,0,0,0,0,0,0,0,0,0,0,0,0,264,16656,0,0,0,0
225.226,16371,61,0,0,0,0,0,8,415,5,39,0,0,0,0,0,0,0,0,0,0,0,0,0,0,0,0,0,0,0,0,0,0,239,31116,0,0,0,0
241.871,16644,60,0,0,0,0,0,8,450,5,39,0,0,0,0,0,0,0,0,0,0,0,0,0,0,0,0,0,0,0,0,0,0,169,17172,0,0,0,0
258.892,17021,58,0,0,0,0,0,8,304,5,39,0,0,0,0,0,0,0,0,0,0,0,0,0,0,0,0,0,0,0,0,0,0,141,1616,0,0,0,0
275.358,16465,60,0,0,0,0,0,8,280,5,39,0,0,0,0,0,0,0,0,0,0,0,0,0,0,0,0,0,0,0,0,0,0,254,17115,0,0,0,0
291.907,16548,60,0,0,0,0,0,8,442,5,39,0,0,0,0,0,0,0,0,0,0,0,0,0,0,0,0,0,0,0,0,0,0,237,30476,0,0,0,0
309.711,17804,56,0,0,0,0,0,8,482,5,39,0,0,0,0,0,0,0,0,0,0,0,0,0,0,0,0,0,0,0,0,0,0,150,17443,0,0,0,0
325.488,15776,63,0,0,0,0,0,8,238,5,39,0,0,0,0,0,0,0,0,0,0,0,0,0,0,0,0,0,0,0,0,0,0,152,2833,0,0,0,0
341.371,15883,62,0,0,0,0,0,8,259,5,39,0,0,0,0,0,0,0,0,0,0,0,0,0,0,0,0,0,0,0,0,0,0,204,15740,0,0,0,0
358.969,17598,56,0,0,0,0,0,8,483,5,39,0,0,0,0,0,0,0,0,0,0,0,0,0,0,0,0,0,0,0,0,0,0,237,30760,0,0,0,0
375.582,16612,60,0,0,0,0,0,8,330,5,39,0,0,0,0,0,0,0,0,0,0,0,0,0,0,0,0,0,0,0,0,0,0,0,0,0,0,0,0
392.119,16537,60,0,0,0,0,0,8,387,5,39,0,0,0,0,0,0,0,0,0,0,0,0,0,0,0,0,0,0,0,0,0,0,256,19422,0,0,0,0
408.739,16620,60,0,0,0,0,0,8,267,5,39,0,0,0,0,0,0,0,0,0,0,0,0,0,0,0,0,0,0,0,0,0,0,207,16509,0,0,0,0
425.285,16546,60,0,0,0,0,0,8,317,5,39,0,0,0,0,0,0,0,0,0,0,0,0,0,0,0,0,0,0,0,0,0,0,0,0,0,0,0,0
441.792,16506,60,0,0,0,0,0,8,408,5,39,0,0,0,0,0,0,0,0,0,0,0,0,0,0,0,0,0,0,0,0,0,0,235,33377,0,0,0,0
458.741,16949,58,0,0,0,0,0,8,454,5,39,0,0,0,0,0,0,0,0,0,0,0,0,0,0,0,0,0,0,0,0,0,0,238,18288,0,0,0,0
475.501,16759,59,0,0,0,0,0,8,267,5,39,0,0,0,0,0,0,0,0,0,0,0,0,0,0,0,0,0,0,0,0,0,0,243,15058,0,0,0,0
492.229,16728,59,0,0,0,0,0,8,350,5,39,0,0,0,0,0,0,0,0,0,0,0,0,0,0,0,0,0,0,0,0,0,0,0,0,0,0,0,0
509.220,16991,58,0,0,0,0,0,8,538,5,39,0,0,0,0,0,0,0,0,0,0,0,0,0,0,0,0,0,0,0,0,0,0,231,32596,0,0,0,0
525.705,16484,60,0,0,0,0,0,8,294,5,39,0,0,0,0,0,0,0,0,0,0,0,0,0,0,0,0,0,0,0,0,0,0,213,16709,0,0,0,0
542.225,16520,60,0,0,0,0,0,8,252,5,39,0,0,0,0,0,0,0,0,0,0,0,0,0,0,0,0,0,0,0,0,0,0,242,17579,0,0,0,0
558.900,16665,60,0,0,0,0,0,8,371,5,39,0,0,0,0,0,0,0,0,0,0,0,0,0,0,0,0,0,0,0,0,0,0,0,0,0,0,0,0
575.030,16139,61,0,0,0,0,0,8,360,5,39,0,0,0,0,0,0,0,0,0,0,0,0,0,0,0,0,0,0,0,0,0,0,228,32480,0,0,0,0
591.965,16934,59,0,0,0,0,0,8,426,5,39,0,0,0,0,0,0,0,0,0,0,0,0,0,0,0,0,0,0,0,0,0,0,276,17450,0,0,0,0
608.762,16797,59,0,0,0,0,0,8,307,5,39,0,0,0,0,0,0,0,0,0,0,0,0,0,0,0,0,0,0,0,0,0,0,226,16358,0,0,0,0
624.821,16059,62,0,0,0,0,0,8,325,5,39,0,0,0,0,0,0,0,0,0,0,0,0,0,0,0,0,0,0,0,0,0,0,0,0,0,0,0,0
642.220,17398,57,0,0,0,0,0,8,452,5,39,0,0,0,0,0,0,0,0,0,0,0,0,0,0,0,0,0,0,0,0,0,0,229,32266,0,0,0,0
658.840,16620,60,0,0,0,0,0,8,367,5,39,0,0,0,0,0,0,0,0,0,0,0,0,0,0,0,0,0,0,0,0,0,0,222,17429,0,0,0,0
675.341,16501,60,0,0,0,0,0,8,289,5,39,0,0,0,0,0,0,0,0,0,0,0,0,0,0,0,0,0,0,0,0,0,0,234,17141,0,0,0,0
692.704,17362,57,0,0,0,0,0,8,355,5,39,0,0,0,0,0,0,0,0,0,0,0,0,0,0,0,0,0,0,0,0,0,0,0,0,0,0,0,0
708.846,16141,61,0,0,0,0,0,8,404,5,39,0,0,0,0,0,0,0,0,0,0,0,0,0,0,0,0,0,0,0,0,0,0,225,33137,0,0,0,0
725.170,16324,61,0,0,0,0,0,8,344,5,39,0,0,0,0,0,0,0,0,0,0,0,0,0,0,0,0,0,0,0,0,0,0,202,17956,0,0,0,0
741.988,16808,59,0,0,0,0,0,8,309,5,39,0,0,0,0,0,0,0,0,0,0,0,0,0,0,0,0,0,0,0,0,0,0,221,15186,0,0,0,0
758.840,16861,59,0,0,0,0,0,8,428,5,39,0,0,0,0,0,0,0,0,0,0,0,0,0,0,0,0,0,0,0,0,0,0,0,0,0,0,0,0
775.215,16374,61,0,0,0,0,0,8,393,5,39,0,0,0,0,0,0,0,0,0,0,0,0,0,0,0,0,0,0,0,0,0,0,234,32565,0,0,0,0
792.239,17024,58,0,0,0,0,0,8,364,5,39,0,0,0,0,0,0,0,0,0,0,0,0,0,0,0,0,0,0,0,0,0,0,180,16805,0,0,0,0
808.762,16522,60,0,0,0,0,0,8,270,5,39,0,0,0,0,0,0,0,0,0,0,0,0,0,0,0,0,0,0,0,0,0,0,231,17759,0,0,0,0
824.709,15947,62,0,0,0,0,0,8,305,5,39,0,0,0,0,0,0,0,0,0,0,0,0,0,0,0,0,0,0,0,0,0,0,0,0,0,0,0,0
841.940,17230,58,0,0,0,0,0,8,544,5,39,0,0,0,0,0,0,0,0,0,0,0,0,0,0,0,0,0,0,0,0,0,0,230,32115,0,0,0,0
858.419,16479,60,0,0,0,0,0,8,337,5,39,0,0,0,0,0,0,0,0,0,0,0,0,0,0,0,0,0,0,0,0,0,0,171,16505,0,0,0,0
874.774,16355,61,0,0,0,0,0,8,235,5,39,0,0,0,0,0,0,0,0,0,0,0,0,0,0,0,0,0,0,0,0,0,0,241,17500,0,0,0,0
892.715,17940,55,0,0,0,0,0,8,451,5,39,0,0,0,0,0,0,0,0,0,0,0,0,0,0,0,0,0,0,0,0,0,0,216,30922,0,0,0,0
908.803,16087,62,0,0,0,0,0,8,337,5,39,0,0,0,0,0,0,0,0,0,0,0,0,0,0,0,0,0,0,0,0,0,0,0,0,0,0,0,0
925.704,16901,59,0,0,0,0,0,8,415,5,39,0,0,0,0,0,0,0,0,0,0,0,0,0,0,0,0,0,0,0,0,0,0,235,19645,0,0,0,0
942.708,17004,58,0,0,0,0,0,8,251,5,39,0,0,0,0,0,0,0,0,0,0,0,0,0,0,0,0,0,0,0,0,0,0,242,16747,0,0,0,0
958.725,16016,62,0,0,0,0,0,8,347,5,39,0,0,0,0,0,0,0,0,0,0,0,0,0,0,0,0,0,0,0,0,0,0,0,0,0,0,0,0
975.327,16601,60,0,0,0,0,0,8,446,5,39,0,0,0,0,0,0,0,0,0,0,0,0,0,0,0,0,0,0,0,0,0,0,216,32428,0,0,0,0
991.812,16485,60,0,0,0,0,0,8,347,5,39,0,0,0,0,0,0,0,0,0,0,0,0,0,0,0,0,0,0,0,0,0,0,196,16805,0,0,0,0
1008.860,17048,58,0,0,0,0,0,8,304,5,39,0,0,0,0,0,0,0,0,0,0,0,0,0,0,0,0,0,0,0,0,0,0,236,16906,0,0,0,0
1024.993,16132,61,0,0,0,0,0,8,255,5,39,0,0,0,0,0,0,0,0,0,0,0,0,0,0,0,0,0,0,0,0,0,0,0,0,0,0,0,0
1042.181,17187,58,0,0,0,0,0,8,446,5,39,0,0,0,0,0,0,0,0,0,0,0,0,0,0,0,0,0,0,0,0,0,0,213,33807,0,0,0,0
1059.225,17044,58,0,0,0,0,0,8,450,5,39,0,0,0,0,0,0,0,0,0,0,0,0,0,0,0,0,0,0,0,0,0,0,189,18025,0,0,0,0
1075.509,16283,61,0,0,0,0,0,8,286,5,39,0,0,0,0,0,0,0,0,0,0,0,0,0,0,0,0,0,0,0,0,0,0,254,15549,0,0,0,0
1092.705,17196,58,0,0,0,0,0,8,381,5,39,0,0,0,0,0,0,0,0,0,0,0,0,0,0,0,0,0,0,0,0,0,0,0,0,0,0,0,0
1108.714,16008,62,0,0,0,0,0,8,440,5,39,0,0,0,0,0,0,0,0,0,0,0,0,0,0,0,0,0,0,0,0,0,0,235,32430,0,0,0,0
1125.549,16835,59,0,0,0,0,0,8,288,5,39,0,0,0,0,0,0,0,0,0,0,0,0,0,0,0,0,0,0,0,0,0,0,214,16595,0,0,0,0
1141.854,16305,61,0,0,0,0,0,8,300,5,39,0,0,0,0,0,0,0,0,0,0,0,0,0,0,0,0,0,0,0,0,0,0,245,17314,0,0,0,0
1158.779,16925,59,0,0,0,0,0,8,488,5,39,0,0,0,0,0,0,0,0,0,0,0,0,0,0,0,0,0,0,0,0,0,0,228,31342,0,0,0,0
1175.482,16702,59,0,0,0,0,0,8,458,5,39,0,0,0,0,0,0,0,0,0,0,0,0,0,0,0,0,0,0,0,0,0,0,0,0,0,0,0,0
1192.709,17227,58,0,0,0,0,0,8,248,5,39,0,0,0,0,0,0,0,0,0,0,0,0,0,0,0,0,0,0,0,0,0,0,241,17467,0,0,0,0
1208.703,15993,62,0,0,0,0,0,8,274,5,39,0,0,0,0,0,0,0,0,0,0,0,0,0,0,0,0,0,0,0,0,0,0,274,18444,0,0,0,0
1224.920,16217,61,0,0,0,0,0,8,415,5,39,0,0,0,0,0,0,0,0,0,0,0,0,0,0,0,0,0,0,0,0,0,0,243,30477,0,0,0,0
1242.714,17793,56,0,0,0,0,0,8,487,5,39,0,0,0,0,0,0,0,0,0,0,0,0,0,0,0,0,0,0,0,0,0,0,138,17588,0,0,0,0
1258.890,16176,61,0,0,0,0,0,8,293,5,39,0,0,0,0,0,0,0,0,0,0,0,0,0,0,0,0,0,0,0,0,0,0,147,1785,0,0,0,0
1275.263,16373,61,0,0,0,0,0,8,236,5,39,0,0,0,0,0,0,0,0,0,0,0,0,0,0,0,0,0,0,0,0,0,0,242,16297,0,0,0,0
1291.948,16684,59,0,0,0,0,0,8,454,5,39,0,0,0,0,0,0,0,0,0,0,0,0,0,0,0,0,0,0,0,0,0,0,249,31529,0,0,0,0
1308.771,16823,59,0,0,0,0,0,8,360,5,39,0,0,0,0,0,0,0,0,0,0,0,0,0,0,0,0,0,0,0,0,0,0,0,0,0,0,0,0
1325.267,16496,60,0,0,0,0,0,8,351,5,39,0,0,0,0,0,0,0,0,0,0,0,0,0,0,0,0,0,0,0,0,0,0,246,18142,0,0,0,0
1341.956,16678,59,0,0,0,0,0,8,304,5,39,0,0,0,0,0,0,0,0,0,0,0,0,0,0,0,0,0,0,0,0,0,0,248,16623,0,0,0,0
1358.837,16891,59,0,0,0,0,0,8,335,5,39,0,0,0,0,0,0,0,0,0,0,0,0,0,0,0,0,0,0,0,0,0,0,0,0,0,0,0,0
1375.577,16739,59,0,0,0,0,0,8,422,5,39,0,0,0,0,0,0,0,0,0,0,0,0,0,0,0,0,0,0,0,0,0,0,233,33046,0,0,0,0
1391.984,16407,60,0,0,0,0,0,8,392,5,39,0,0,0,0,0,0,0,0,0,0,0,0,0,0,0,0,0,0,0,0,0,0,212,17418,0,0,0,0
1408.840,16855,59,0,0,0,0,0,8,303,5,39,0,0,0,0,0,0,0,0,0,0,0,0,0,0,0,0,0,0,0,0,0,0,254,16327,0,0,0,0
1424.909,16068,62,0,0,0,0,0,8,289,5,39,0,0,0,0,0,0,0,0,0,0,0,0,0,0,0,0,0,0,0,0,0,0,0,0,0,0,0,0
1441.934,17025,58,0,0,0,0,0,8,492,5,39,0,0,0,0,0,0,0,0,0,0,0,0,0,0,0,0,0,0,0,0,0,0,225,32562,0,0,0,0
1458.842,16908,59,0,0,0,0,0,8,387,5,39,0,0,0,0,0,0,0,0,0,0,0,0,0,0,0,0,0,0,0,0,0,0,177,16610,0,0,0,0
1475.335,16493,60,0,0,0,0,0,8,273,5,39,0,0,0,0,0,0,0,0,0,0,0,0,0,0,0,0,0,0,0,0,0,0,229,17625,0,0,0,0
1492.699,17363,57,0,0,0,0,0,8,441,5,39,0,0,0,0,0,0,0,0,0,0,0,0,0,0,0,0,0,0,0,0,0,0,238,31680,0,0,0,0
1508.837,16138,61,0,0,0,0,0,8,328,5,39,0,0,0,0,0,0,0,0,0,0,0,0,0,0,0,0,0,0,0,0,0,0,0,0,0,0,0,0
1524.829,15991,62,0,0,0,0,0,8,343,5,39,0,0,0,0,0,0,0,0,0,0,0,0,0,0,0,0,0,0,0,0,0,0,223,18848,0,0,0,0
1542.701,17871,55,0,0,0,0,0,8,306,5,39,0,0,0,0,0,0,0,0,0,0,0,0,0,0,0,0,0,0,0,0,0,0,226,15413,0,0,0,0
1558.557,15856,63,0,0,0,0,0,8,398,5,39,0,0,0,0,0,0,0,0,0,0,0,0,0,0,0,0,0,0,0,0,0,0,0,0,0,0,0,0
1574.830,16272,61,0,0,0,0,0,8,389,5,39,0,0,0,0,0,0,0,0,0,0,0,0,0,0,0,0,0,0,0,0,0,0,237,32932,0,0,0,0
1591.848,17017,58,0,0,0,0,0,8,396,5,39,0,0,0,0,0,0,0,0,0,0,0,0,0,0,0,0,0,0,0,0,0,0,196,16666,0,0,0,0
1608.853,17005,58,0,0,0,0,0,8,271,5,39,0,0,0,0,0,0,0,0,0,0,0,0,0,0,0,0,0,0,0,0,0,0,251,17469,0,0,0,0
1625.214,16361,61,0,0,0,0,0,8,393,5,39,0,0,0,0,0,0,0,0,0,0,0,0,0,0,0,0,0,0,0,0,0,0,0,0,0,0,0,0
1642.731,17516,57,0,0,0,0,0,8,501,5,39,0,0,0,0,0,0,0,0,0,0,0,0,0,0,0,0,0,0,0,0,0,0,318,48177,0,0,0,0
1658.783,16052,62,0,0,0,0,0,8,294,5,39,0,0,0,0,0,0,0,0,0,0,0,0,0,0,0,0,0,0,0,0,0,0,154,2681,0,0,0,0
1675.697,16914,59,0,0,0,0,0,8,260,5,39,0,0,0,0,0,0,0,0,0,0,0,0,0,0,0,0,0,0,0,0,0,0,238,16042,0,0,0,0
1691.860,16162,61,0,0,0,0,0,8,432,5,39,0,0,0,0,0,0,0,0,0,0,0,0,0,0,0,0,0,0,0,0,0,0,239,31591,0,0,0,0
1708.205,16345,61,0,0,0,0,0,8,461,5,39,0,0,0,0,0,0,0,0,0,0,0,0,0,0,0,0,0,0,0,0,0,0,0,0,0,0,0,0
1724.964,16758,59,0,0,0,0,0,8,255,5,39,0,0,0,0,0,0,0,0,0,0,0,0,0,0,0,0,0,0,0,0,0,0,261,17881,0,0,0,0
1742.697,17733,56,0,0,0,0,0,8,300,5,39,0,0,0,0,0,0,0,0,0,0,0,0,0,0,0,0,0,0,0,0,0,0,239,17384,0,0,0,0
1758.838,16141,61,0,0,0,0,0,8,450,5,39,0,0,0,0,0,0,0,0,0,0,0,0,0,0,0,0,0,0,0,0,0,0,229,31134,0,0,0,0
1775.376,16537,60,0,0,0,0,0,8,348,5,39,0,0,0,0,0,0,0,0,0,0,0,0,0,0,0,0,0,0,0,0,0,0,0,0,0,0,0,0
1791.706,16329,61,0,0,0,0,0,8,364,5,39,0,0,0,0,0,0,0,0,0,0,0,0,0,0,0,0,0,0,0,0,0,0,233,18318,0,0,0,0
1808.906,17200,58,0,0,0,0,0,8,302,5,39,0,0,0,0,0,0,0,0,0,0,0,0,0,0,0,0,0,0,0,0,0,0,239,16623,0,0,0,0
1825.023,16117,62,0,0,0,0,0,8,360,5,39,0,0,0,0,0,0,0,0,0,0,0,0,0,0,0,0,0,0,0,0,0,0,0,0,0,0,0,0
1841.830,16807,59,0,0,0,0,0,8,505,5,39,0,0,0,0,0,0,0,0,0,0,0,0,0,0,0,0,0,0,0,0,0,0,229,32268,0,0,0,0
1858.701,16871,59,0,0,0,0,0,8,297,5,39,0,0,0,0,0,0,0,0,0,0,0,0,0,0,0,0,0,0,0,0,0,0,184,16736,0,0,0,0
1875.272,16570,60,0,0,0,0,0,8,232,5,39,0,0,0,0,0,0,0,0,0,0,0,0,0,0,0,0,0,0,0,0,0,0,265,18019,0,0,0,0
1891.493,16220,61,0,0,0,0,0,8,398,5,39,0,0,0,0,0,0,0,0,0,0,0,0,0,0,0,0,0,0,0,0,0,0,0,0,0,0,0,0
1908.834,17341,57,0,0,0,0,0,8,562,5,39,0,0,0,0,0,0,0,0,0,0,0,0,0,0,0,0,0,0,0,0,0,0,320,48665,0,0,0,0
1925.571,16736,59,0,0,0,0,0,8,245,5,39,0,0,0,0,0,0,0,0,0,0,0,0,0,0,0,0,0,0,0,0,0,0,113,1359,0,0,0,0
1941.953,16382,61,0,0,0,0,0,8,253,5,39,0,0,0,0,0,0,0,0,0,0,0,0,0,0,0,0,0,0,0,0,0,0,228,16783,0,0,0,0
1958.905,16941,59,0,0,0,0,0,8,297,5,39,0,0,0,0,0,0,0,0,0,0,0,0,0,0,0,0,0,0,0,0,0,0,613,17481,0,0,0,0
1974.918,16022,62,0,0,0,0,0,8,189,5,39,0,0,0,0,0,0,0,0,0,0,0,0,0,0,0,0,0,0,0,0,0,0,238,15851,0,0,0,0
1991.997,17079,58,0,0,0,0,0,8,236,5,39,0,0,0,0,0,0,0,0,0,0,0,0,0,0,0,0,0,0,0,0,0,0,234,15994,0,0,0,0
2009.706,17698,56,0,0,0,0,0,8,201,5,39,0,0,0,0,0,0,0,0,0,0,0,0,0,0,0,0,0,0,0,0,0,0,221,17027,0,0,0,0
2025.475,15779,63,0,0,0,0,0,8,431,5,39,0,0,0,0,0,0,0,0,0,0,0,0,0,0,0,0,0,0,0,0,0,0,924,29363,0,0,0,0
2042.532,17057,58,0,0,0,0,0,8,229,5,39,0,0,0,0,0,0,0,0,0,0,0,0,0,0,0,0,0,0,0,0,0,0,145,4131,0,0,0,0
2058.876,16343,61,0,0,0,0,0,8,247,5,39,0,0,0,0,0,0,0,0,0,0,0,0,0,0,0,0,0,0,0,0,0,0,238,17123,0,0,0,0
2075.077,16200,61,0,0,0,0,0,8,206,5,39,0,0,0,0,0,0,0,0,0,0,0,0,0,0,0,0,0,0,0,0,0,0,201,16303,0,0,0,0
2091.842,16754,59,0,0,0,0,0,8,406,5,39,0,0,0,0,0,0,0,0,0,0,0,0,0,0,0,0,0,0,0,0,0,0,237,27227,0,0,0,0
2108.693,16861,59,0,0,0,0,0,8,255,5,39,0,0,0,0,0,0,0,0,0,0,0,0,0,0,0,0,0,0,0,0,0,0,191,5786,0,0,0,0
2125.697,17004,58,0,0,0,0,0,8,424,5,39,0,0,0,0,0,0,0,0,0,0,0,0,0,0,0,0,0,0,0,0,0,0,233,30375,0,0,0,0
2142.694,16996,58,0,0,0,0,0,8,401,5,39,0,0,0,0,0,0,0,0,0,0,0,0,0,0,0,0,0,0,0,0,0,0,163,16198,0,0,0,0
2158.555,15861,63,0,0,0,0,0,8,227,5,39,0,0,0,0,0,0,0,0,0,0,0,0,0,0,0,0,0,0,0,0,0,0,157,4253,0,0,0,0
2175.206,16651,60,0,0,0,0,0,8,201,5,39,0,0,0,0,0,0,0,0,0,0,0,0,0,0,0,0,0,0,0,0,0,0,229,15850,0,0,0,0
2191.354,16147,61,0,0,0,0,0,8,439,5,39,0,0,0,0,0,0,0,0,0,0,0,0,0,0,0,0,0,0,0,0,0,0,221,30114,0,0,0,0
2208.885,17531,57,0,0,0,0,0,8,434,5,39,0,0,0,0,0,0,0,0,0,0,0,0,0,0,0,0,0,0,0,0,0,0,143,15150,0,0,0,0
2225.509,16623,60,0,0,0,0,0,8,239,5,39,0,0,0,0,0,0,0,0,0,0,0,0,0,0,0,0,0,0,0,0,0,0,176,5160,0,0,0,0
2242.253,16743,59,0,0,0,0,0,8,202,5,39,0,0,0,0,0,0,0,0,0,0,0,0,0,0,0,0,0,0,0,0,0,0,220,16473,0,0,0,0
2258.931,16664,60,0,0,0,0,0,8,434,5,39,0,0,0,0,0,0,0,0,0,0,0,0,0,0,0,0,0,0,0,0,0,0,234,30345,0,0,0,0
2275.523,16606,60,0,0,0,0,0,8,420,5,39,0,0,0,0,0,0,0,0,0,0,0,0,0,0,0,0,0,0,0,0,0,0,163,15507,0,0,0,0
2292.709,17185,58,0,0,0,0,0,8,222,5,39,0,0,0,0,0,0,0,0,0,0,0,0,0,0,0,0,0,0,0,0,0,0,152,4229,0,0,0,0
2308.894,16185,61,0,0,0,0,0,8,250,5,39,0,0,0,0,0,0,0,0,0,0,0,0,0,0,0,0,0,0,0,0,0,0,237,17170,0,0,0,0
2324.699,15804,63,0,0,0,0,0,8,358,5,39,0,0,0,0,0,0,0,0,0,0,0,0,0,0,0,0,0,0,0,0,0,0,231,29489,0,0,0,0
2342.697,17998,55,0,0,0,0,0,8,437,5,39,0,0,0,0,0,0,0,0,0,0,0,0,0,0,0,0,0,0,0,0,0,0,146,14878,0,0,0,0
2358.828,16131,61,0,0,0,0,0,8,252,5,39,0,0,0,0,0,0,0,0,0,0,0,0,0,0,0,0,0,0,0,0,0,0,184,5697,0,0,0,0
2375.532,16703,59,0,0,0,0,0,8,235,5,39,0,0,0,0,0,0,0,0,0,0,0,0,0,0,0,0,0,0,0,0,0,0,210,16047,0,0,0,0
2391.878,16346,61,0,0,0,0,0,8,410,5,39,0,0,0,0,0,0,0,0,0,0,0,0,0,0,0,0,0,0,0,0,0,0,232,30493,0,0,0,0
2408.863,16985,58,0,0,0,0,0,8,414,5,39,0,0,0,0,0,0,0,0,0,0,0,0,0,0,0,0,0,0,0,0,0,0,152,15027,0,0,0,0
2425.698,16834,59,0,0,0,0,0,8,235,5,39,0,0,0,0,0,0,0,0,0,0,0,0,0,0,0,0,0,0,0,0,0,0,158,4532,0,0,0,0
2442.710,17011,58,0,0,0,0,0,8,230,5,39,0,0,0,0,0,0,0,0,0,0,0,0,0,0,0,0,0,0,0,0,0,0,214,16765,0,0,0,0
2459.691,16981,58,0,0,0,0,0,8,431,5,39,0,0,0,0,0,0,0,0,0,0,0,0,0,0,0,0,0,0,0,0,0,0,235,30401,0,0,0,0
2475.311,15619,64,0,0,0,0,0,8,396,5,39,0,0,0,0,0,0,0,0,0,0,0,0,0,0,0,0,0,0,0,0,0,0,172,15939,0,0,0,0
2492.235,16924,59,0,0,0,0,0,8,216,5,39,0,0,0,0,0,0,0,0,0,0,0,0,0,0,0,0,0,0,0,0,0,0,179,3372,0,0,0,0
2508.279,16044,62,0,0,0,0,0,8,255,5,39,0,0,0,0,0,0,0,0,0,0,0,0,0,0,0,0,0,0,0,0,0,0,231,16851,0,0,0,0
2524.834,16555,60,0,0,0,0,0,8,390,5,39,0,0,0,0,0,0,0,0,0,0,0,0,0,0,0,0,0,0,0,0,0,0,242,30186,0,0,0,0
2542.711,17876,55,0,0,0,0,0,8,435,5,39,0,0,0,0,0,0,0,0,0,0,0,0,0,0,0,0,0,0,0,0,0,0,145,15075,0,0,0,0
2558.739,16028,62,0,0,0,0,0,8,229,5,39,0,0,0,0,0,0,0,0,0,0,0,0,0,0,0,0,0,0,0,0,0,0,162,5242,0,0,0,0
2575.220,16481,60,0,0,0,0,0,8,203,5,39,0,0,0,0,0,0,0,0,0,0,0,0,0,0,0,0,0,0,0,0,0,0,231,16176,0,0,0,0
2591.851,16630,60,0,0,0,0,0,8,435,5,39,0,0,0,0,0,0,0,0,0,0,0,0,0,0,0,0,0,0,0,0,0,0,214,29726,0,0,0,0
2608.730,16879,59,0,0,0,0,0,8,434,5,39,0,0,0,0,0,0,0,0,0,0,0,0,0,0,0,0,0,0,0,0,0,0,183,16468,0,0,0,0
2625.265,16534,60,0,0,0,0,0,8,202,5,39,0,0,0,0,0,0,0,0,0,0,0,0,0,0,0,0,0,0,0,0,0,0,152,3691,0,0,0,0
2642.020,16755,59,0,0,0,0,0,8,234,5,39,0,0,0,0,0,0,0,0,0,0,0,0,0,0,0,0,0,0,0,0,0,0,231,16479,0,0,0,0
2658.828,16808,59,0,0,0,0,0,8,431,5,39,0,0,0,0,0,0,0,0,0,0,0,0,0,0,0,0,0,0,0,0,0,0,229,31145,0,0,0,0
2675.253,16424,60,0,0,0,0,0,8,387,5,39,0,0,0,0,0,0,0,0,0,0,0,0,0,0,0,0,0,0,0,0,0,0,162,15174,0,0,0,0
2692.697,17443,57,0,0,0,0,0,8,258,5,39,0,0,0,0,0,0,0,0,0,0,0,0,0,0,0,0,0,0,0,0,0,0,155,3646,0,0,0,0
2709.693,16996,58,0,0,0,0,0,8,251,5,39,0,0,0,0,0,0,0,0,0,0,0,0,0,0,0,0,0,0,0,0,0,0,236,17548,0,0,0,0
2724.915,15222,65,0,0,0,0,0,8,294,5,39,0,0,0,0,0,0,0,0,0,0,0,0,0,0,0,0,0,0,0,0,0,0,0,0,0,0,0,0
2741.969,17044,58,0,0,0,0,0,8,501,5,39,0,0,0,0,0,0,0,0,0,0,0,0,0,0,0,0,0,0,0,0,0,0,330,44053,0,0,0,0
2758.883,16923,59,0,0,0,0,0,8,255,5,39,0,0,0,0,0,0,0,0,0,0,0,0,0,0,0,0,0,0,0,0,0,0,162,5152,0,0,0,0
2775.358,16475,60,0,0,0,0,0,8,234,5,39,0,0,0,0,0,0,0,0,0,0,0,0,0,0,0,0,0,0,0,0,0,0,235,16904,0,0,0,0
2791.796,16438,60,0,0,0,0,0,8,410,5,39,0,0,0,0,0,0,0,0,0,0,0,0,0,0,0,0,0,0,0,0,0,0,235,29868,0,0,0,0
2808.895,17098,58,0,0,0,0,0,8,411,5,39,0,0,0,0,0,0,0,0,0,0,0,0,0,0,0,0,0,0,0,0,0,0,187,15591,0,0,0,0
2825.061,16165,61,0,0,0,0,0,8,210,5,39,0,0,0,0,0,0,0,0,0,0,0,0,0,0,0,0,0,0,0,0,0,0,154,4569,0,0,0,0
2841.828,16767,59,0,0,0,0,0,8,255,5,39,0,0,0,0,0,0,0,0,0,0,0,0,0,0,0,0,0,0,0,0,0,0,226,16179,0,0,0,0
2858.835,17007,58,0,0,0,0,0,8,439,5,39,0,0,0,0,0,0,0,0,0,0,0,0,0,0,0,0,0,0,0,0,0,0,245,30967,0,0,0,0
2875.687,16852,59,0,0,0,0,0,8,399,5,39,0,0,0,0,0,0,0,0,0,0,0,0,0,0,0,0,0,0,0,0,0,0,149,15244,0,0,0,0
2892.334,16646,60,0,0,0,0,0,8,213,5,39,0,0,0,0,0,0,0,0,0,0,0,0,0,0,0,0,0,0,0,0,0,0,160,4399,0,0,0,0
2908.838,16503,60,0,0,0,0,0,8,254,5,39,0,0,0,0,0,0,0,0,0,0,0,0,0,0,0,0,0,0,0,0,0,0,228,16631,0,0,0,0
2925.693,16854,59,0,0,0,0,0,8,417,5,39,0,0,0,0,0,0,0,0,0,0,0,0,0,0,0,0,0,0,0,0,0,0,237,30525,0,0,0,0
2942.699,16992,58,0,0,0,0,0,8,400,5,39,0,0,0,0,0,0,0,0,0,0,0,0,0,0,0,0,0,0,0,0,0,0,180,16211,0,0,0,0
2958.715,16029,62,0,0,0,0,0,8,222,5,39,0,0,0,0,0,0,0,0,0,0,0,0,0,0,0,0,0,0,0,0,0,0,155,3668,0,0,0,0
2975.686,16971,58,0,0,0,0,0,8,239,5,39,0,0,0,0,0,0,0,0,0,0,0,0,0,0,0,0,0,0,0,0,0,0,231,15984,0,0,0,0
2992.716,17029,58,0,0,0,0,0,8,403,5,39,0,0,0,0,0,0,0,0,0,0,0,0,0,0,0,0,0,0,0,0,0,0,265,30457,0,0,0,0
3008.836,16120,62,0,0,0,0,0,8,430,5,39,0,0,0,0,0,0,0,0,0,0,0,0,0,0,0,0,0,0,0,0,0,0,155,16245,0,0,0,0
3025.546,16709,59,0,0,0,0,0,8,228,5,39,0,0,0,0,0,0,0,0,0,0,0,0,0,0,0,0,0,0,0,0,0,0,149,3407,0,0,0,0
3042.003,16443,60,0,0,0,0,0,8,204,5,39,0,0,0,0,0,0,0,0,0,0,0,0,0,0,0,0,0,0,0,0,0,0,223,16724,0,0,0,0
3058.882,16892,59,0,0,0,0,0,8,435,5,39,0,0,0,0,0,0,0,0,0,0,0,0,0,0,0,0,0,0,0,0,0,0,225,29877,0,0,0,0
3075.699,16816,59,0,0,0,0,0,8,235,5,39,0,0,0,0,0,0,0,0,0,0,0,0,0,0,0,0,0,0,0,0,0,0,151,3476,0,0,0,0
3091.987,16288,61,0,0,0,0,0,8,409,5,39,0,0,0,0,0,0,0,0,0,0,0,0,0,0,0,0,0,0,0,0,0,0,220,29388,0,0,0,0
3108.824,16836,59,0,0,0,0,0,8,435,5,39,0,0,0,0,0,0,0,0,0,0,0,0,0,0,0,0,0,0,0,0,0,0,165,17112,0,0,0,0
3125.421,16597,60,0,0,0,0,0,8,211,5,39,0,0,0,0,0,0,0,0,0,0,0,0,0,0,0,0,0,0,0,0,0,0,141,3412,0,0,0,0
3141.938,16507,60,0,0,0,0,0,8,226,5,39,0,0,0,0,0,0,0,0,0,0,0,0,0,0,0,0,0,0,0,0,0,0,224,16805,0,0,0,0
3158.827,16899,59,0,0,0,0,0,8,435,5,39,0,0,0,0,0,0,0,0,0,0,0,0,0,0,0,0,0,0,0,0,0,0,218,28826,0,0,0,0
3175.571,16743,59,0,0,0,0,0,8,234,5,39,0,0,0,0,0,0,0,0,0,0,0,0,0,0,0,0,0,0,0,0,0,0,169,4421,0,0,0,0
3192.032,16460,60,0,0,0,0,0,8,406,5,39,0,0,0,0,0,0,0,0,0,0,0,0,0,0,0,0,0,0,0,0,0,0,238,30022,0,0,0,0
3208.868,16835,59,0,0,0,0,0,8,415,5,39,0,0,0,0,0,0,0,0,0,0,0,0,0,0,0,0,0,0,0,0,0,0,142,15592,0,0,0,0
3225.543,16674,59,0,0,0,0,0,8,234,5,39,0,0,0,0,0,0,0,0,0,0,0,0,0,0,0,0,0,0,0,0,0,0,165,4439,0,0,0,0
3242.685,17142,58,0,0,0,0,0,8,218,5,39,0,0,0,0,0,0,0,0,0,0,0,0,0,0,0,0,0,0,0,0,0,0,238,16705,0,0,0,0
3258.834,16149,61,0,0,0,0,0,8,434,5,39,0,0,0,0,0,0,0,0,0,0,0,0,0,0,0,0,0,0,0,0,0,0,243,30478,0,0,0,0
3275.448,16613,60,0,0,0,0,0,8,397,5,39,0,0,0,0,0,0,0,0,0,0,0,0,0,0,0,0,0,0,0,0,0,0,156,16161,0,0,0,0
3291.941,16493,60,0,0,0,0,0,8,217,5,39,0,0,0,0,0,0,0,0,0,0,0,0,0,0,0,0,0,0,0,0,0,0,137,3535,0,0,0,0
3308.686,16745,59,0,0,0,0,0,8,248,5,39,0,0,0,0,0,0,0,0,0,0,0,0,0,0,0,0,0,0,0,0,0,0,206,16124,0,0,0,0
3325.696,17010,58,0,0,0,0,0,8,388,5,39,0,0,0,0,0,0,0,0,0,0,0,0,0,0,0,0,0,0,0,0,0,0,225,30204,0,0,0,0
3342.703,17006,58,0,0,0,0,0,8,435,5,39,0,0,0,0,0,0,0,0,0,0,0,0,0,0,0,0,0,0,0,0,0,0,164,15972,0,0,0,0
3358.830,16127,62,0,0,0,0,0,8,226,5,39,0,0,0,0,0,0,0,0,0,0,0,0,0,0,0,0,0,0,0,0,0,0,174,4647,0,0,0,0
3375.210,16379,61,0,0,0,0,0,8,206,5,39,0,0,0,0,0,0,0,0,0,0,0,0,0,0,0,0,0,0,0,0,0,0,240,16077,0,0,0,0
3391.894,16683,59,0,0,0,0,0,8,434,5,39,0,0,0,0,0,0,0,0,0,0,0,0,0,0,0,0,0,0,0,0,0,0,259,29867,0,0,0,0
3409.684,17790,56,0,0,0,0,0,8,251,5,39,0,0,0,0,0,0,0,0,0,0,0,0,0,0,0,0,0,0,0,0,0,0,168,3212,0,0,0,0
3425.363,15678,63,0,0,0,0,0,8,411,5,39,0,0,0,0,0,0,0,0,0,0,0,0,0,0,0,0,0,0,0,0,0,0,228,30439,0,0,0,0
3442.118,16755,59,0,0,0,0,0,8,206,5,39,0,0,0,0,0,0,0,0,0,0,0,0,0,0,0,0,0,0,0,0,0,0,153,3026,0,0,0,0
3458.850,16731,59,0,0,0,0,0,8,435,5,39,0,0,0,0,0,0,0,0,0,0,0,0,0,0,0,0,0,0,0,0,0,0,229,29917,0,0,0,0
3475.698,16847,59,0,0,0,0,0,8,245,5,39,0,0,0,0,0,0,0,0,0,0,0,0,0,0,0,0,0,0,0,0,0,0,171,3600,0,0,0,0
3492.687,16989,58,0,0,0,0,0,8,403,5,39,0,0,0,0,0,0,0,0,0,0,0,0,0,0,0,0,0,0,0,0,0,0,229,29330,0,0,0,0
3509.684,16996,58,0,0,0,0,0,8,255,5,39,0,0,0,0,0,0,0,0,0,0,0,0,0,0,0,0,0,0,0,0,0,0,155,4483,0,0,0,0
3525.407,15723,63,0,0,0,0,0,8,386,5,39,0,0,0,0,0,0,0,0,0,0,0,0,0,0,0,0,0,0,0,0,0,0,221,30528,0,0,0,0
3542.694,17286,57,0,0,0,0,0,8,406,5,39,0,0,0,0,0,0,0,0,0,0,0,0,0,0,0,0,0,0,0,0,0,0,157,14472,0,0,0,0
3558.705,16010,62,0,0,0,0,0,8,255,5,39,0,0,0,0,0,0,0,0,0,0,0,0,0,0,0,0,0,0,0,0,0,0,173,5028,0,0,0,0
3575.305,16600,60,0,0,0,0,0,8,234,5,39,0,0,0,0,0,0,0,0,0,0,0,0,0,0,0,0,0,0,0,0,0,0,231,15929,0,0,0,0
3591.880,16575,60,0,0,0,0,0,8,411,5,39,0,0,0,0,0,0,0,0,0,0,0,0,0,0,0,0,0,0,0,0,0,0,248,29937,0,0,0,0
3608.836,16956,58,0,0,0,0,0,8,231,5,39,0,0,0,0,0,0,0,0,0,0,0,0,0,0,0,0,0,0,0,0,0,0,139,3299,0,0,0,0
3625.500,16663,60,0,0,0,0,0,8,414,5,39,0,0,0,0,0,0,0,0,0,0,0,0,0,0,0,0,0,0,0,0,0,0,245,29410,0,0,0,0
3642.686,17186,58,0,0,0,0,0,8,221,5,39,0,0,0,0,0,0,0,0,0,0,0,0,0,0,0,0,0,0,0,0,0,0,163,4358,0,0,0,0
3658.686,16000,62,0,0,0,0,0,8,431,5,39,0,0,0,0,0,0,0,0,0,0,0,0,0,0,0,0,0,0,0,0,0,0,227,30058,0,0,0,0
3675.285,16599,60,0,0,0,0,0,8,397,5,39,0,0,0,0,0,0,0,0,0,0,0,0,0,0,0,0,0,0,0,0,0,0,151,15626,0,0,0,0
3692.684,17398,57,0,0,0,0,0,8,216,5,39,0,0,0,0,0,0,0,0,0,0,0,0,0,0,0,0,0,0,0,0,0,0,133,3921,0,0,0,0
3708.755,16071,62,0,0,0,0,0,8,242,5,39,0,0,0,0,0,0,0,0,0,0,0,0,0,0,0,0,0,0,0,0,0,0,237,17497,0,0,0,0
3725.336,16581,60,0,0,0,0,0,8,415,5,39,0,0,0,0,0,0,0,0,0,0,0,0,0,0,0,0,0,0,0,0,0,0,223,29882,0,0,0,0
3741.797,16460,60,0,0,0,0,0,8,410,5,39,0,0,0,0,0,0,0,0,0,0,0,0,0,0,0,0,0,0,0,0,0,0,159,15125,0,0,0,0
3758.817,17020,58,0,0,0,0,0,8,219,5,39,0,0,0,0,0,0,0,0,0,0,0,0,0,0,0,0,0,0,0,0,0,0,145,4863,0,0,0,0
3774.979,16161,61,0,0,0,0,0,8,210,5,39,0,0,0,0,0,0,0,0,0,0,0,0,0,0,0,0,0,0,0,0,0,0,237,16186,0,0,0,0
3791.958,16978,58,0,0,0,0,0,8,434,5,39,0,0,0,0,0,0,0,0,0,0,0,0,0,0,0,0,0,0,0,0,0,0,266,29496,0,0,0,0
3808.823,16865,59,0,0,0,0,0,8,251,5,39,0,0,0,0,0,0,0,0,0,0,0,0,0,0,0,0,0,0,0,0,0,0,174,3678,0,0,0,0
3825.409,16586,60,0,0,0,0,0,8,415,5,39,0,0,0,0,0,0,0,0,0,0,0,0,0,0,0,0,0,0,0,0,0,0,237,29208,0,0,0,0
3841.351,15941,62,0,0,0,0,0,8,197,5,39,0,0,0,0,0,0,0,0,0,0,0,0,0,0,0,0,0,0,0,0,0,0,150,4402,0,0,0,0
3858.749,17398,57,0,0,0,0,0,8,439,5,39,0,0,0,0,0,0,0,0,0,0,0,0,0,0,0,0,0,0,0,0,0,0,207,29151,0,0,0,0
3875.535,16785,59,0,0,0,0,0,8,235,5,39,0,0,0,0,0,0,0,0,0,0,0,0,0,0,0,0,0,0,0,0,0,0,169,4012,0,0,0,0
3892.192,16656,60,0,0,0,0,0,8,398,5,39,0,0,0,0,0,0,0,0,0,0,0,0,0,0,0,0,0,0,0,0,0,0,221,28916,0,0,0,0
3908.829,16637,60,0,0,0,0,0,8,259,5,39,0,0,0,0,0,0,0,0,0,0,0,0,0,0,0,0,0,0,0,0,0,0,149,4519,0,0,0,0
3925.440,16611,60,0,0,0,0,0,8,390,5,39,0,0,0,0,0,0,0,0,0,0,0,0,0,0,0,0,0,0,0,0,0,0,239,29953,0,0,0,0
3942.198,16757,59,0,0,0,0,0,8,410,5,39,0,0,0,0,0,0,0,0,0,0,0,0,0,0,0,0,0,0,0,0,0,0,154,15772,0,0,0,0
3958.814,16615,60,0,0,0,0,0,8,235,5,39,0,0,0,0,0,0,0,0,0,0,0,0,0,0,0,0,0,0,0,0,0,0,216,4296,0,0,0,0
3975.422,16608,60,0,0,0,0,0,8,216,5,39,0,0,0,0,0,0,0,0,0,0,0,0,0,0,0,0,0,0,0,0,0,0,242,16606,0,0,0,0
3992.151,16728,59,0,0,0,0,0,8,213,5,39,0,0,0,0,0,0,0,0,0,0,0,0,0,0,0,0,0,0,0,0,0,0,274,16673,0,0,0,0
4008.774,16623,60,0,0,0,0,0,8,198,5,39,0,0,0,0,0,0,0,0,0,0,0,0,0,0,0,0,0,0,0,0,0,0,228,16590,0,0,0,0
4025.430,16655,60,0,0,0,0,0,8,566,5,41,0,0,0,0,0,0,0,0,0,0,0,0,0,0,0,0,0,0,0,0,0,0,1920,31748,0,0,0,0
4042.684,17254,57,0,0,0,0,0,8,254,5,41,0,0,0,0,0,0,0,0,0,0,0,0,0,0,0,0,0,0,0,0,0,0,111,1511,0,0,0,0
4058.856,16172,61,0,0,0,0,0,8,288,5,41,0,0,0,0,0,0,0,0,0,0,0,0,0,0,0,0,0,0,0,0,0,0,234,17303,0,0,0,0
4075.289,16432,60,0,0,0,0,0,8,260,5,41,0,0,0,0,0,0,0,0,0,0,0,0,0,0,0,0,0,0,0,0,0,0,220,16193,0,0,0,0
4091.817,16528,60,0,0,0,0,0,8,425,5,41,0,0,0,0,0,0,0,0,0,0,0,0,0,0,0,0,0,0,0,0,0,0,221,27289,0,0,0,0
4108.376,16559,60,0,0,0,0,0,8,300,5,41,0,0,0,0,0,0,0,0,0,0,0,0,0,0,0,0,0,0,0,0,0,0,176,5956,0,0,0,0
4124.688,16312,61,0,0,0,0,0,8,411,5,41,0,0,0,0,0,0,0,0,0,0,0,0,0,0,0,0,0,0,0,0,0,0,230,29661,0,0,0,0
4141.820,17132,58,0,0,0,0,0,8,305,5,41,0,0,0,0,0,0,0,0,0,0,0,0,0,0,0,0,0,0,0,0,0,0,161,2956,0,0,0,0
4159.674,17853,56,0,0,0,0,0,8,457,5,41,0,0,0,0,0,0,0,0,0,0,0,0,0,0,0,0,0,0,0,0,0,0,236,29676,0,0,0,0
4175.696,16022,62,0,0,0,0,0,8,230,5,41,0,0,0,0,0,0,0,0,0,0,0,0,0,0,0,0,0,0,0,0,0,0,169,5366,0,0,0,0
4192.262,16565,60,0,0,0,0,0,8,486,5,41,0,0,0,0,0,0,0,0,0,0,0,0,0,0,0,0,0,0,0,0,0,0,221,29508,0,0,0,0
4208.812,16550,60,0,0,0,0,0,8,298,5,41,0,0,0,0,0,0,0,0,0,0,0,0,0,0,0,0,0,0,0,0,0,0,149,3040,0,0,0,0
4225.333,16520,60,0,0,0,0,0,8,461,5,41,0,0,0,0,0,0,0,0,0,0,0,0,0,0,0,0,0,0,0,0,0,0,232,29533,0,0,0,0
4241.929,16596,60,0,0,0,0,0,8,232,5,41,0,0,0,0,0,0,0,0,0,0,0,0,0,0,0,0,0,0,0,0,0,0,177,3518,0,0,0,0
4258.439,16510,60,0,0,0,0,0,8,479,5,41,0,0,0,0,0,0,0,0,0,0,0,0,0,0,0,0,0,0,0,0,0,0,218,30351,0,0,0,0
4274.816,16376,61,0,0,0,0,0,8,233,5,41,0,0,0,0,0,0,0,0,0,0,0,0,0,0,0,0,0,0,0,0,0,0,150,2733,0,0,0,0
4291.980,17163,58,0,0,0,0,0,8,486,5,41,0,0,0,0,0,0,0,0,0,0,0,0,0,0,0,0,0,0,0,0,0,0,216,28825,0,0,0,0
4308.329,16348,61,0,0,0,0,0,8,294,5,41,0,0,0,0,0,0,0,0,0,0,0,0,0,0,0,0,0,0,0,0,0,0,184,4803,0,0,0,0
4325.443,17113,58,0,0,0,0,0,8,429,5,41,0,0,0,0,0,0,0,0,0,0,0,0,0,0,0,0,0,0,0,0,0,0,226,30195,0,0,0,0
4341.885,16442,60,0,0,0,0,0,8,254,5,41,0,0,0,0,0,0,0,0,0,0,0,0,0,0,0,0,0,0,0,0,0,0,165,3172,0,0,0,0
4358.829,16944,59,0,0,0,0,0,8,481,5,41,0,0,0,0,0,0,0,0,0,0,0,0,0,0,0,0,0,0,0,0,0,0,227,29203,0,0,0,0
4375.481,16651,60,0,0,0,0,0,8,278,5,41,0,0,0,0,0,0,0,0,0,0,0,0,0,0,0,0,0,0,0,0,0,0,185,4209,0,0,0,0
4392.677,17196,58,0,0,0,0,0,8,433,5,41,0,0,0,0,0,0,0,0,0,0,0,0,0,0,0,0,0,0,0,0,0,0,248,29895,0,0,0,0
4408.814,16136,61,0,0,0,0,0,8,266,5,41,0,0,0,0,0,0,0,0,0,0,0,0,0,0,0,0,0,0,0,0,0,0,162,3966,0,0,0,0
4425.411,16596,60,0,0,0,0,0,8,462,5,41,0,0,0,0,0,0,0,0,0,0,0,0,0,0,0,0,0,0,0,0,0,0,227,28669,0,0,0,0
4442.195,16784,59,0,0,0,0,0,8,245,5,41,0,0,0,0,0,0,0,0,0,0,0,0,0,0,0,0,0,0,0,0,0,0,154,4024,0,0,0,0
4458.816,16620,60,0,0,0,0,0,8,479,5,41,0,0,0,0,0,0,0,0,0,0,0,0,0,0,0,0,0,0,0,0,0,0,202,30477,0,0,0,0
4474.707,15891,62,0,0,0,0,0,8,239,5,41,0,0,0,0,0,0,0,0,0,0,0,0,0,0,0,0,0,0,0,0,0,0,129,2904,0,0,0,0
4491.787,17080,58,0,0,0,0,0,8,446,5,41,0,0,0,0,0,0,0,0,0,0,0,0,0,0,0,0,0,0,0,0,0,0,234,28676,0,0,0,0
4508.739,16952,58,0,0,0,0,0,8,298,5,41,0,0,0,0,0,0,0,0,0,0,0,0,0,0,0,0,0,0,0,0,0,0,150,4297,0,0,0,0
4525.400,16660,60,0,0,0,0,0,8,459,5,41,0,0,0,0,0,0,0,0,0,0,0,0,0,0,0,0,0,0,0,0,0,0,234,30419,0,0,0,0
4541.868,16468,60,0,0,0,0,0,8,252,5,41,0,0,0,0,0,0,0,0,0,0,0,0,0,0,0,0,0,0,0,0,0,0,158,3228,0,0,0,0
4559.680,17811,56,0,0,0,0,0,8,450,5,41,0,0,0,0,0,0,0,0,0,0,0,0,0,0,0,0,0,0,0,0,0,0,255,29012,0,0,0,0
4575.676,15996,62,0,0,0,0,0,8,280,5,41,0,0,0,0,0,0,0,0,0,0,0,0,0,0,0,0,0,0,0,0,0,0,159,5301,0,0,0,0
4591.893,16216,61,0,0,0,0,0,8,434,5,41,0,0,0,0,0,0,0,0,0,0,0,0,0,0,0,0,0,0,0,0,0,0,215,29316,0,0,0,0
4608.842,16948,59,0,0,0,0,0,8,299,5,41,0,0,0,0,0,0,0,0,0,0,0,0,0,0,0,0,0,0,0,0,0,0,164,2876,0,0,0,0
4625.735,16893,59,0,0,0,0,0,8,472,5,41,0,0,0,0,0,0,0,0,0,0,0,0,0,0,0,0,0,0,0,0,0,0,237,29670,0,0,0,0
4641.849,16104,62,0,0,0,0,0,8,215,5,41,0,0,0,0,0,0,0,0,0,0,0,0,0,0,0,0,0,0,0,0,0,0,151,4150,0,0,0,0
4659.689,17850,56,0,0,0,0,0,8,477,5,41,0,0,0,0,0,0,0,0,0,0,0,0,0,0,0,0,0,0,0,0,0,0,225,29672,0,0,0,0
4675.590,15900,62,0,0,0,0,0,8,271,5,41,0,0,0,0,0,0,0,0,0,0,0,0,0,0,0,0,0,0,0,0,0,0,172,4310,0,0,0,0
4692.250,16660,60,0,0,0,0,0,8,445,5,41,0,0,0,0,0,0,0,0,0,0,0,0,0,0,0,0,0,0,0,0,0,0,238,28108,0,0,0,0
4708.813,16563,60,0,0,0,0,0,8,301,5,41,0,0,0,0,0,0,0,0,0,0,0,0,0,0,0,0,0,0,0,0,0,0,154,4400,0,0,0,0
4725.236,16422,60,0,0,0,0,0,8,378,5,41,0,0,0,0,0,0,0,0,0,0,0,0,0,0,0,0,0,0,0,0,0,0,225,30150,0,0,0,0
4741.401,16165,61,0,0,0,0,0,8,296,5,41,0,0,0,0,0,0,0,0,0,0,0,0,0,0,0,0,0,0,0,0,0,0,164,2930,0,0,0,0
4759.216,17814,56,0,0,0,0,0,8,481,5,41,0,0,0,0,0,0,0,0,0,0,0,0,0,0,0,0,0,0,0,0,0,0,230,28550,0,0,0,0
4775.326,16110,62,0,0,0,0,0,8,285,5,41,0,0,0,0,0,0,0,0,0,0,0,0,0,0,0,0,0,0,0,0,0,0,149,5338,0,0,0,0
4792.672,17345,57,0,0,0,0,0,8,438,5,41,0,0,0,0,0,0,0,0,0,0,0,0,0,0,0,0,0,0,0,0,0,0,215,29743,0,0,0,0
4808.670,15998,62,0,0,0,0,0,8,265,5,41,0,0,0,0,0,0,0,0,0,0,0,0,0,0,0,0,0,0,0,0,0,0,160,3751,0,0,0,0
4825.597,16927,59,0,0,0,0,0,8,462,5,41,0,0,0,0,0,0,0,0,0,0,0,0,0,0,0,0,0,0,0,0,0,0,230,28593,0,0,0,0
4842.685,17087,58,0,0,0,0,0,8,256,5,41,0,0,0,0,0,0,0,0,0,0,0,0,0,0,0,0,0,0,0,0,0,0,172,4310,0,0,0,0
4858.839,16154,61,0,0,0,0,0,8,479,5,41,0,0,0,0,0,0,0,0,0,0,0,0,0,0,0,0,0,0,0,0,0,0,218,30721,0,0,0,0
4875.360,16520,60,0,0,0,0,0,8,256,5,41,0,0,0,0,0,0,0,0,0,0,0,0,0,0,0,0,0,0,0,0,0,0,163,2544,0,0,0,0
4892.185,16825,59,0,0,0,0,0,8,431,5,41,0,0,0,0,0,0,0,0,0,0,0,0,0,0,0,0,0,0,0,0,0,0,241,29415,0,0,0,0
4908.768,16583,60,0,0,0,0,0,8,298,5,41,0,0,0,0,0,0,0,0,0,0,0,0,0,0,0,0,0,0,0,0,0,0,144,3968,0,0,0,0
4925.423,16654,60,0,0,0,0,0,8,301,5,41,0,0,0,0,0,0,0,0,0,0,0,0,0,0,0,0,0,0,0,0,0,0,0,0,0,0,0,0
4942.670,17247,57,0,0,0,0,0,8,434,5,41,0,0,0,0,0,0,0,0,0,0,0,0,0,0,0,0,0,0,0,0,0,0,226,34082,0,0,0,0
4958.816,16145,61,0,0,0,0,0,8,421,5,41,0,0,0,0,0,0,0,0,0,0,0,0,0,0,0,0,0,0,0,0,0,0,166,18249,0,0,0,0
4975.678,16862,59,0,0,0,0,0,8,290,5,41,0,0,0,0,0,0,0,0,0,0,0,0,0,0,0,0,0,0,0,0,0,0,215,14319,0,0,0,0
4992.176,16498,60,0,0,0,0,0,8,241,5,41,0,0,0,0,0,0,0,0,0,0,0,0,0,0,0,0,0,0,0,0,0,0,0,0,0,0,0,0
5008.806,16629,60,0,0,0,0,0,8,451,5,41,0,0,0,0,0,0,0,0,0,0,0,0,0,0,0,0,0,0,0,0,0,0,221,37064,0,0,0,0
5025.432,16626,60,0,0,0,0,0,8,489,5,41,0,0,0,0,0,0,0,0,0,0,0,0,0,0,0,0,0,0,0,0,0,0,202,19337,0,0,0,0
5042.674,17241,58,0,0,0,0,0,8,226,5,41,0,0,0,0,0,0,0,0,0,0,0,0,0,0,0,0,0,0,0,0,0,0,197,10175,0,0,0,0
5058.354,15679,63,0,0,0,0,0,8,289,5,41,0,0,0,0,0,0,0,0,0,0,0,0,0,0,0,0,0,0,0,0,0,0,0,0,0,0,0,0
5075.025,16671,59,0,0,0,0,0,8,389,5,41,0,0,0,0,0,0,0,0,0,0,0,0,0,0,0,0,0,0,0,0,0,0,235,36383,0,0,0,0
5092.206,17181,58,0,0,0,0,0,8,498,5,41,0,0,0,0,0,0,0,0,0,0,0,0,0,0,0,0,0,0,0,0,0,0,265,18672,0,0,0,0
5108.807,16601,60,0,0,0,0,0,8,304,5,41,0,0,0,0,0,0,0,0,0,0,0,0,0,0,0,0,0,0,0,0,0,0,198,11670,0,0,0,0
5125.272,16465,60,0,0,0,0,0,8,214,5,41,0,0,0,0,0,0,0,0,0,0,0,0,0,0,0,0,0,0,0,0,0,0,0,0,0,0,0,0
5141.749,16476,60,0,0,0,0,0,8,452,5,41,0,0,0,0,0,0,0,0,0,0,0,0,0,0,0,0,0,0,0,0,0,0,237,35337,0,0,0,0
5158.751,17002,58,0,0,0,0,0,8,493,5,41,0,0,0,0,0,0,0,0,0,0,0,0,0,0,0,0,0,0,0,0,0,0,181,17944,0,0,0,0
5174.840,16089,62,0,0,0,0,0,8,234,5,41,0,0,0,0,0,0,0,0,0,0,0,0,0,0,0,0,0,0,0,0,0,0,199,13273,0,0,0,0
5192.673,17832,56,0,0,0,0,0,8,335,5,41,0,0,0,0,0,0,0,0,0,0,0,0,0,0,0,0,0,0,0,0,0,0,0,0,0,0,0,0
5208.676,16003,62,0,0,0,0,0,8,424,5,41,0,0,0,0,0,0,0,0,0,0,0,0,0,0,0,0,0,0,0,0,0,0,238,34147,0,0,0,0
5225.528,16852,59,0,0,0,0,0,8,430,5,41,0,0,0,0,0,0,0,0,0,0,0,0,0,0,0,0,0,0,0,0,0,0,175,16683,0,0,0,0
5242.187,16649,60,0,0,0,0,0,8,260,5,41,0,0,0,0,0,0,0,0,0,0,0,0,0,0,0,0,0,0,0,0,0,0,224,15926,0,0,0,0
5258.686,16508,60,0,0,0,0,0,8,327,5,41,0,0,0,0,0,0,0,0,0,0,0,0,0,0,0,0,0,0,0,0,0,0,0,0,0,0,0,0
5274.911,16224,61,0,0,0,0,0,8,399,5,41,0,0,0,0,0,0,0,0,0,0,0,0,0,0,0,0,0,0,0,0,0,0,226,33959,0,0,0,0
5291.842,16931,59,0,0,0,0,0,8,428,5,41,0,0,0,0,0,0,0,0,0,0,0,0,0,0,0,0,0,0,0,0,0,0,194,17034,0,0,0,0
5308.816,16973,58,0,0,0,0,0,8,312,5,41,0,0,0,0,0,0,0,0,0,0,0,0,0,0,0,0,0,0,0,0,0,0,231,15360,0,0,0,0
5325.297,16480,60,0,0,0,0,0,8,285,5,41,0,0,0,0,0,0,0,0,0,0,0,0,0,0,0,0,0,0,0,0,0,0,0,0,0,0,0,0
5342.667,17369,57,0,0,0,0,0,8,427,5,41,0,0,0,0,0,0,0,0,0,0,0,0,0,0,0,0,0,0,0,0,0,0,245,35516,0,0,0,0
5358.697,16030,62,0,0,0,0,0,8,433,5,41,0,0,0,0,0,0,0,0,0,0,0,0,0,0,0,0,0,0,0,0,0,0,210,17984,0,0,0,0
5374.831,16134,61,0,0,0,0,0,8,235,5,41,0,0,0,0,0,0,0,0,0,0,0,0,0,0,0,0,0,0,0,0,0,0,235,13417,0,0,0,0
5392.670,17838,56,0,0,0,0,0,8,482,5,41,0,0,0,0,0,0,0,0,0,0,0,0,0,0,0,0,0,0,0,0,0,0,232,30734,0,0,0,0
5408.840,16170,61,0,0,0,0,0,8,294,5,41,0,0,0,0,0,0,0,0,0,0,0,0,0,0,0,0,0,0,0,0,0,0,166,3193,0,0,0,0
5425.464,16624,60,0,0,0,0,0,8,308,5,41,0,0,0,0,0,0,0,0,0,0,0,0,0,0,0,0,0,0,0,0,0,0,0,0,0,0,0,0
5442.667,17202,58,0,0,0,0,0,8,404,5,41,0,0,0,0,0,0,0,0,0,0,0,0,0,0,0,0,0,0,0,0,0,0,255,33254,0,0,0,0
5458.701,16034,62,0,0,0,0,0,8,443,5,41,0,0,0,0,0,0,0,0,0,0,0,0,0,0,0,0,0,0,0,0,0,0,228,17317,0,0,0,0
5475.666,16965,58,0,0,0,0,0,8,233,5,41,0,0,0,0,0,0,0,0,0,0,0,0,0,0,0,0,0,0,0,0,0,0,221,15418,0,0,0,0
5491.903,16236,61,0,0,0,0,0,8,345,5,41,0,0,0,0,0,0,0,0,0,0,0,0,0,0,0,0,0,0,0,0,0,0,0,0,0,0,0,0
5508.701,16798,59,0,0,0,0,0,8,425,5,41,0,0,0,0,0,0,0,0,0,0,0,0,0,0,0,0,0,0,0,0,0,0,332,32834,0,0,0,0
5525.397,16695,59,0,0,0,0,0,8,254,5,41,0,0,0,0,0,0,0,0,0,0,0,0,0,0,0,0,0,0,0,0,0,0,212,17140,0,0,0,0
5541.819,16422,60,0,0,0,0,0,8,308,5,41,0,0,0,0,0,0,0,0,0,0,0,0,0,0,0,0,0,0,0,0,0,0,0,0,0,0,0,0
5559.663,17844,56,0,0,0,0,0,8,620,5,41,0,0,0,0,0,0,0,0,0,0,0,0,0,0,0,0,0,0,0,0,0,0,340,48412,0,0,0,0
5575.690,16026,62,0,0,0,0,0,8,280,5,41,0,0,0,0,0,0,0,0,0,0,0,0,0,0,0,0,0,0,0,0,0,0,153,2625,0,0,0,0
5591.963,16273,61,0,0,0,0,0,8,280,5,41,0,0,0,0,0,0,0,0,0,0,0,0,0,0,0,0,0,0,0,0,0,0,0,0,0,0,0,0
5608.745,16781,59,0,0,0,0,0,8,407,5,41,0,0,0,0,0,0,0,0,0,0,0,0,0,0,0,0,0,0,0,0,0,0,353,32325,0,0,0,0
5624.923,16177,61,0,0,0,0,0,8,245,5,41,0,0,0,0,0,0,0,0,0,0,0,0,0,0,0,0,0,0,0,0,0,0,221,16674,0,0,0,0
5641.800,16877,59,0,0,0,0,0,8,422,5,41,0,0,0,0,0,0,0,0,0,0,0,0,0,0,0,0,0,0,0,0,0,0,0,0,0,0,0,0
5658.786,16986,58,0,0,0,0,0,8,461,5,41,0,0,0,0,0,0,0,0,0,0,0,0,0,0,0,0,0,0,0,0,0,0,229,32020,0,0,0,0
5675.663,16876,59,0,0,0,0,0,8,334,5,41,0,0,0,0,0,0,0,0,0,0,0,0,0,0,0,0,0,0,0,0,0,0,199,17257,0,0,0,0
5692.245,16582,60,0,0,0,0,0,8,246,5,41,0,0,0,0,0,0,0,0,0,0,0,0,0,0,0,0,0,0,0,0,0,0,238,17651,0,0,0,0
5708.810,16564,60,0,0,0,0,0,8,394,5,41,0,0,0,0,0,0,0,0,0,0,0,0,0,0,0,0,0,0,0,0,0,0,0,0,0,0,0,0
5725.200,16390,61,0,0,0,0,0,8,360,5,41,0,0,0,0,0,0,0,0,0,0,0,0,0,0,0,0,0,0,0,0,0,0,235,32328,0,0,0,0
5742.254,17054,58,0,0,0,0,0,8,432,5,41,0,0,0,0,0,0,0,0,0,0,0,0,0,0,0,0,0,0,0,0,0,0,199,17023,0,0,0,0
5758.805,16550,60,0,0,0,0,0,8,270,5,41,0,0,0,0,0,0,0,0,0,0,0,0,0,0,0,0,0,0,0,0,0,0,225,17254,0,0,0,0
5774.834,16029,62,0,0,0,0,0,8,269,5,41,0,0,0,0,0,0,0,0,0,0,0,0,0,0,0,0,0,0,0,0,0,0,0,0,0,0,0,0
5791.983,17149,58,0,0,0,0,0,8,490,5,41,0,0,0,0,0,0,0,0,0,0,0,0,0,0,0,0,0,0,0,0,0,0,229,32397,0,0,0,0
5808.796,16812,59,0,0,0,0,0,8,426,5,41,0,0,0,0,0,0,0,0,0,0,0,0,0,0,0,0,0,0,0,0,0,0,206,17210,0,0,0,0
5825.349,16553,60,0,0,0,0,0,8,289,5,41,0,0,0,0,0,0,0,0,0,0,0,0,0,0,0,0,0,0,0,0,0,0,234,16975,0,0,0,0
5841.801,16451,60,0,0,0,0,0,8,272,5,41,0,0,0,0,0,0,0,0,0,0,0,0,0,0,0,0,0,0,0,0,0,0,0,0,0,0,0,0
5858.555,16753,59,0,0,0,0,0,8,479,5,41,0,0,0,0,0,0,0,0,0,0,0,0,0,0,0,0,0,0,0,0,0,0,228,32426,0,0,0,0
5875.456,16901,59,0,0,0,0,0,8,414,5,41,0,0,0,0,0,0,0,0,0,0,0,0,0,0,0,0,0,0,0,0,0,0,182,17158,0,0,0,0
5891.912,16444,60,0,0,0,0,0,8,266,5,41,0,0,0,0,0,0,0,0,0,0,0,0,0,0,0,0,0,0,0,0,0,0,234,17045,0,0,0,0
5908.828,16926,59,0,0,0,0,0,8,340,5,41,0,0,0,0,0,0,0,0,0,0,0,0,0,0,0,0,0,0,0,0,0,0,0,0,0,0,0,0
5925.367,16538,60,0,0,0,0,0,8,407,5,41,0,0,0,0,0,0,0,0,0,0,0,0,0,0,0,0,0,0,0,0,0,0,229,33004,0,0,0,0
5942.257,16890,59,0,0,0,0,0,8,429,5,41,0,0,0,0,0,0,0,0,0,0,0,0,0,0,0,0,0,0,0,0,0,0,471,19206,0,0,0,0
5958.797,16539,60,0,0,0,0,0,8,233,5,41,0,0,0,0,0,0,0,0,0,0,0,0,0,0,0,0,0,0,0,0,0,0,221,14530,0,0,0,0
5975.800,17002,58,0,0,0,0,0,8,230,5,41,0,0,0,0,0,0,0,0,0,0,0,0,0,0,0,0,0,0,0,0,0,0,238,16571,0,0,0,0
5991.934,16134,61,0,0,0,0,0,8,186,5,41,0,0,0,0,0,0,0,0,0,0,0,0,0,0,0,0,0,0,0,0,0,0,218,17737,0,0,0,0
6008.812,16867,59,0,0,0,0,0,8,452,5,42,0,0,0,0,0,0,0,0,0,0,0,0,0,0,0,0,0,0,0,0,0,0,998,26848,0,0,0,0
6025.528,16726,59,0,0,0,0,0,8,240,5,42,0,0,0,0,0,0,0,0,0,0,0,0,0,0,0,0,0,0,0,0,0,0,173,5452,0,0,0,0
6041.907,16368,61,0,0,0,0,0,8,229,5,42,0,0,0,0,0,0,0,0,0,0,0,0,0,0,0,0,0,0,0,0,0,0,223,16630,0,0,0,0
6058.866,16969,58,0,0,0,0,0,8,263,5,42,0,0,0,0,0,0,0,0,0,0,0,0,0,0,0,0,0,0,0,0,0,0,227,16443,0,0,0,0
6075.546,16680,59,0,0,0,0,0,8,411,5,42,0,0,0,0,0,0,0,0,0,0,0,0,0,0,0,0,0,0,0,0,0,0,229,29215,0,0,0,0
6091.560,16013,62,0,0,0,0,0,8,288,5,42,0,0,0,0,0,0,0,0,0,0,0,0,0,0,0,0,0,0,0,0,0,0,0,0,0,0,0,0
6108.831,17271,57,0,0,0,0,0,8,370,5,42,0,0,0,0,0,0,0,0,0,0,0,0,0,0,0,0,0,0,0,0,0,0,250,19922,0,0,0,0
6125.433,16601,60,0,0,0,0,0,8,213,5,42,0,0,0,0,0,0,0,0,0,0,0,0,0,0,0,0,0,0,0,0,0,0,252,17821,0,0,0,0
6141.672,16238,61,0,0,0,0,0,8,442,5,42,0,0,0,0,0,0,0,0,0,0,0,0,0,0,0,0,0,0,0,0,0,0,236,30899,0,0,0,0
6158.706,17033,58,0,0,0,0,0,8,419,5,42,0,0,0,0,0,0,0,0,0,0,0,0,0,0,0,0,0,0,0,0,0,0,160,16999,0,0,0,0
6175.233,16527,60,0,0,0,0,0,8,206,5,42,0,0,0,0,0,0,0,0,0,0,0,0,0,0,0,0,0,0,0,0,0,0,150,1949,0,0,0,0
6191.880,16646,60,0,0,0,0,0,8,259,5,42,0,0,0,0,0,0,0,0,0,0,0,0,0,0,0,0,0,0,0,0,0,0,207,16476,0,0,0,0
6208.793,16913,59,0,0,0,0,0,8,412,5,42,0,0,0,0,0,0,0,0,0,0,0,0,0,0,0,0,0,0,0,0,0,0,0,0,0,0,0,0
6225.669,16875,59,0,0,0,0,0,8,416,5,42,0,0,0,0,0,0,0,0,0,0,0,0,0,0,0,0,0,0,0,0,0,0,306,46689,0,0,0,0
6242.175,16505,60,0,0,0,0,0,8,236,5,42,0,0,0,0,0,0,0,0,0,0,0,0,0,0,0,0,0,0,0,0,0,0,154,3770,0,0,0,0
6258.827,16652,60,0,0,0,0,0,8,258,5,42,0,0,0,0,0,0,0,0,0,0,0,0,0,0,0,0,0,0,0,0,0,0,260,16565,0,0,0,0
6275.469,16642,60,0,0,0,0,0,8,426,5,42,0,0,0,0,0,0,0,0,0,0,0,0,0,0,0,0,0,0,0,0,0,0,227,30139,0,0,0,0
6292.166,16696,59,0,0,0,0,0,8,407,5,42,0,0,0,0,0,0,0,0,0,0,0,0,0,0,0,0,0,0,0,0,0,0,158,17364,0,0,0,0
6308.805,16628,60,0,0,0,0,0,8,265,5,42,0,0,0,0,0,0,0,0,0,0,0,0,0,0,0,0,0,0,0,0,0,0,141,2415,0,0,0,0
6326.199,17405,57,0,0,0,0,0,8,218,5,42,0,0,0,0,0,0,0,0,0,0,0,0,0,0,0,0,0,0,0,0,0,0,226,16639,0,0,0,0
6341.875,15665,63,0,0,0,0,0,8,409,5,42,0,0,0,0,0,0,0,0,0,0,0,0,0,0,0,0,0,0,0,0,0,0,219,30989,0,0,0,0
6358.860,16995,58,0,0,0,0,0,8,441,5,42,0,0,0,0,0,0,0,0,0,0,0,0,0,0,0,0,0,0,0,0,0,0,133,16699,0,0,0,0
6375.386,16525,60,0,0,0,0,0,8,240,5,42,0,0,0,0,0,0,0,0,0,0,0,0,0,0,0,0,0,0,0,0,0,0,134,2362,0,0,0,0
6391.872,16486,60,0,0,0,0,0,8,237,5,42,0,0,0,0,0,0,0,0,0,0,0,0,0,0,0,0,0,0,0,0,0,0,244,16575,0,0,0,0
6408.697,16825,59,0,0,0,0,0,8,414,5,42,0,0,0,0,0,0,0,0,0,0,0,0,0,0,0,0,0,0,0,0,0,0,213,31161,0,0,0,0
6425.173,16475,60,0,0,0,0,0,8,391,5,42,0,0,0,0,0,0,0,0,0,0,0,0,0,0,0,0,0,0,0,0,0,0,147,17133,0,0,0,0
6442.173,16989,58,0,0,0,0,0,8,261,5,42,0,0,0,0,0,0,0,0,0,0,0,0,0,0,0,0,0,0,0,0,0,0,124,1446,0,0,0,0
6458.796,16632,60,0,0,0,0,0,8,261,5,42,0,0,0,0,0,0,0,0,0,0,0,0,0,0,0,0,0,0,0,0,0,0,253,17070,0,0,0,0
6475.568,16772,59,0,0,0,0,0,8,404,5,42,0,0,0,0,0,0,0,0,0,0,0,0,0,0,0,0,0,0,0,0,0,0,242,30992,0,0,0,0
6492.164,16595,60,0,0,0,0,0,8,403,5,42,0,0,0,0,0,0,0,0,0,0,0,0,0,0,0,0,0,0,0,0,0,0,149,16823,0,0,0,0
6508.887,16723,59,0,0,0,0,0,8,256,5,42,0,0,0,0,0,0,0,0,0,0,0,0,0,0,0,0,0,0,0,0,0,0,144,2132,0,0,0,0
6525.683,16796,59,0,0,0,0,0,8,249,5,42,0,0,0,0,0,0,0,0,0,0,0,0,0,0,0,0,0,0,0,0,0,0,214,16772,0,0,0,0
6542.177,16494,60,0,0,0,0,0,8,398,5,42,0,0,0,0,0,0,0,0,0,0,0,0,0,0,0,0,0,0,0,0,0,0,227,30533,0,0,0,0
6558.795,16618,60,0,0,0,0,0,8,416,5,42,0,0,0,0,0,0,0,0,0,0,0,0,0,0,0,0,0,0,0,0,0,0,162,17614,0,0,0,0
6575.438,16642,60,0,0,0,0,0,8,241,5,42,0,0,0,0,0,0,0,0,0,0,0,0,0,0,0,0,0,0,0,0,0,0,129,1692,0,0,0,0
6591.959,16521,60,0,0,0,0,0,8,236,5,42,0,0,0,0,0,0,0,0,0,0,0,0,0,0,0,0,0,0,0,0,0,0,276,16749,0,0,0,0
6608.872,16913,59,0,0,0,0,0,8,442,5,42,0,0,0,0,0,0,0,0,0,0,0,0,0,0,0,0,0,0,0,0,0,0,214,29802,0,0,0,0
6625.714,16842,59,0,0,0,0,0,8,438,5,42,0,0,0,0,0,0,0,0,0,0,0,0,0,0,0,0,0,0,0,0,0,0,149,17538,0,0,0,0
6641.890,16165,61,0,0,0,0,0,8,191,5,42,0,0,0,0,0,0,0,0,0,0,0,0,0,0,0,0,0,0,0,0,0,0,143,2814,0,0,0,0
6658.818,16938,59,0,0,0,0,0,8,258,5,42,0,0,0,0,0,0,0,0,0,0,0,0,0,0,0,0,0,0,0,0,0,0,227,16213,0,0,0,0
6675.304,16485,60,0,0,0,0,0,8,422,5,42,0,0,0,0,0,0,0,0,0,0,0,0,0,0,0,0,0,0,0,0,0,0,225,29956,0,0,0,0
6692.195,16891,59,0,0,0,0,0,8,411,5,42,0,0,0,0,0,0,0,0,0,0,0,0,0,0,0,0,0,0,0,0,0,0,161,17492,0,0,0,0
6708.775,16579,60,0,0,0,0,0,8,253,5,42,0,0,0,0,0,0,0,0,0,0,0,0,0,0,0,0,0,0,0,0,0,0,148,2833,0,0,0,0
6725.620,16845,59,0,0,0,0,0,8,228,5,42,0,0,0,0,0,0,0,0,0,0,0,0,0,0,0,0,0,0,0,0,0,0,231,16628,0,0,0,0
6742.172,16551,60,0,0,0,0,0,8,414,5,42,0,0,0,0,0,0,0,0,0,0,0,0,0,0,0,0,0,0,0,0,0,0,249,29917,0,0,0,0
6758.826,16654,60,0,0,0,0,0,8,441,5,42,0,0,0,0,0,0,0,0,0,0,0,0,0,0,0,0,0,0,0,0,0,0,144,17327,0,0,0,0
6775.257,16430,60,0,0,0,0,0,8,208,5,42,0,0,0,0,0,0,0,0,0,0,0,0,0,0,0,0,0,0,0,0,0,0,155,2760,0,0,0,0
6791.896,16639,60,0,0,0,0,0,8,258,5,42,0,0,0,0,0,0,0,0,0,0,0,0,0,0,0,0,0,0,0,0,0,0,275,16500,0,0,0,0
6809.176,17279,57,0,0,0,0,0,8,418,5,42,0,0,0,0,0,0,0,0,0,0,0,0,0,0,0,0,0,0,0,0,0,0,235,29513,0,0,0,0
6825.652,16476,60,0,0,0,0,0,8,424,5,42,0,0,0,0,0,0,0,0,0,0,0,0,0,0,0,0,0,0,0,0,0,0,174,18392,0,0,0,0
6842.657,17004,58,0,0,0,0,0,8,224,5,42,0,0,0,0,0,0,0,0,0,0,0,0,0,0,0,0,0,0,0,0,0,0,158,2507,0,0,0,0
6858.680,16022,62,0,0,0,0,0,8,253,5,42,0,0,0,0,0,0,0,0,0,0,0,0,0,0,0,0,0,0,0,0,0,0,255,16966,0,0,0,0
6875.429,16749,59,0,0,0,0,0,8,404,5,42,0,0,0,0,0,0,0,0,0,0,0,0,0,0,0,0,0,0,0,0,0,0,227,28980,0,0,0,0
6892.410,16981,58,0,0,0,0,0,8,404,5,42,0,0,0,0,0,0,0,0,0,0,0,0,0,0,0,0,0,0,0,0,0,0,151,17069,0,0,0,0
6908.795,16384,61,0,0,0,0,0,8,268,5,42,0,0,0,0,0,0,0,0,0,0,0,0,0,0,0,0,0,0,0,0,0,0,136,3722,0,0,0,0
6925.554,16759,59,0,0,0,0,0,8,242,5,42,0,0,0,0,0,0,0,0,0,0,0,0,0,0,0,0,0,0,0,0,0,0,246,16425,0,0,0,0
6942.167,16612,60,0,0,0,0,0,8,417,5,42,0,0,0,0,0,0,0,0,0,0,0,0,0,0,0,0,0,0,0,0,0,0,235,28870,0,0,0,0
6958.789,16622,60,0,0,0,0,0,8,417,5,42,0,0,0,0,0,0,0,0,0,0,0,0,0,0,0,0,0,0,0,0,0,0,175,17874,0,0,0,0
6975.202,16412,60,0,0,0,0,0,8,208,5,42,0,0,0,0,0,0,0,0,0,0,0,0,0,0,0,0,0,0,0,0,0,0,154,3174,0,0,0,0
6991.797,16595,60,0,0,0,0,0,8,265,5,42,0,0,0,0,0,0,0,0,0,0,0,0,0,0,0,0,0,0,0,0,0,0,226,16420,0,0,0,0
7008.792,16995,58,0,0,0,0,0,8,438,5,42,0,0,0,0,0,0,0,0,0,0,0,0,0,0,0,0,0,0,0,0,0,0,218,30420,0,0,0,0
7025.201,16408,60,0,0,0,0,0,8,385,5,42,0,0,0,0,0,0,0,0,0,0,0,0,0,0,0,0,0,0,0,0,0,0,159,16422,0,0,0,0
7042.654,17453,57,0,0,0,0,0,8,235,5,42,0,0,0,0,0,0,0,0,0,0,0,0,0,0,0,0,0,0,0,0,0,0,166,3158,0,0,0,0
7058.250,15595,64,0,0,0,0,0,8,254,5,42,0,0,0,0,0,0,0,0,0,0,0,0,0,0,0,0,0,0,0,0,0,0,225,17392,0,0,0,0
7075.378,17128,58,0,0,0,0,0,8,421,5,42,0,0,0,0,0,0,0,0,0,0,0,0,0,0,0,0,0,0,0,0,0,0,221,27965,0,0,0,0
7091.938,16560,60,0,0,0,0,0,8,417,5,42,0,0,0,0,0,0,0,0,0,0,0,0,0,0,0,0,0,0,0,0,0,0,174,18169,0,0,0,0
7108.521,16582,60,0,0,0,0,0,8,261,5,42,0,0,0,0,0,0,0,0,0,0,0,0,0,0,0,0,0,0,0,0,0,0,141,3178,0,0,0,0
7125.337,16815,59,0,0,0,0,0,8,221,5,42,0,0,0,0,0,0,0,0,0,0,0,0,0,0,0,0,0,0,0,0,0,0,231,16537,0,0,0,0
7141.864,16527,60,0,0,0,0,0,8,413,5,42,0,0,0,0,0,0,0,0,0,0,0,0,0,0,0,0,0,0,0,0,0,0,241,29390,0,0,0,0
7158.795,16931,59,0,0,0,0,0,8,441,5,42,0,0,0,0,0,0,0,0,0,0,0,0,0,0,0,0,0,0,0,0,0,0,169,17317,0,0,0,0
7175.348,16553,60,0,0,0,0,0,8,246,5,42,0,0,0,0,0,0,0,0,0,0,0,0,0,0,0,0,0,0,0,0,0,0,163,3634,0,0,0,0
7192.671,17322,57,0,0,0,0,0,8,228,5,42,0,0,0,0,0,0,0,0,0,0,0,0,0,0,0,0,0,0,0,0,0,0,270,16581,0,0,0,0
7208.742,16071,62,0,0,0,0,0,8,412,5,42,0,0,0,0,0,0,0,0,0,0,0,0,0,0,0,0,0,0,0,0,0,0,241,29920,0,0,0,0
7225.059,16317,61,0,0,0,0,0,8,393,5,42,0,0,0,0,0,0,0,0,0,0,0,0,0,0,0,0,0,0,0,0,0,0,181,17027,0,0,0,0
7241.665,16606,60,0,0,0,0,0,8,257,5,42,0,0,0,0,0,0,0,0,0,0,0,0,0,0,0,0,0,0,0,0,0,0,168,2749,0,0,0,0
7259.656,17990,55,0,0,0,0,0,8,261,5,42,0,0,0,0,0,0,0,0,0,0,0,0,0,0,0,0,0,0,0,0,0,0,228,16555,0,0,0,0
7275.284,15628,63,0,0,0,0,0,8,389,5,42,0,0,0,0,0,0,0,0,0,0,0,0,0,0,0,0,0,0,0,0,0,0,240,30674,0,0,0,0
7291.757,16473,60,0,0,0,0,0,8,417,5,42,0,0,0,0,0,0,0,0,0,0,0,0,0,0,0,0,0,0,0,0,0,0,132,16783,0,0,0,0
7308.406,16649,60,0,0,0,0,0,8,256,5,42,0,0,0,0,0,0,0,0,0,0,0,0,0,0,0,0,0,0,0,0,0,0,130,2615,0,0,0,0
7324.687,16280,61,0,0,0,0,0,8,210,5,42,0,0,0,0,0,0,0,0,0,0,0,0,0,0,0,0,0,0,0,0,0,0,219,16633,0,0,0,0
7341.869,17182,58,0,0,0,0,0,8,444,5,42,0,0,0,0,0,0,0,0,0,0,0,0,0,0,0,0,0,0,0,0,0,0,232,28889,0,0,0,0
7358.716,16836,59,0,0,0,0,0,8,237,5,42,0,0,0,0,0,0,0,0,0,0,0,0,0,0,0,0,0,0,0,0,0,0,177,4624,0,0,0,0
7375.374,16667,59,0,0,0,0,0,8,422,5,42,0,0,0,0,0,0,0,0,0,0,0,0,0,0,0,0,0,0,0,0,0,0,214,30336,0,0,0,0
7392.652,17278,57,0,0,0,0,0,8,408,5,42,0,0,0,0,0,0,0,0,0,0,0,0,0,0,0,0,0,0,0,0,0,0,145,15427,0,0,0,0
7408.354,15701,63,0,0,0,0,0,8,257,5,42,0,0,0,0,0,0,0,0,0,0,0,0,0,0,0,0,0,0,0,0,0,0,187,5063,0,0,0,0
7425.438,17084,58,0,0,0,0,0,8,246,5,42,0,0,0,0,0,0,0,0,0,0,0,0,0,0,0,0,0,0,0,0,0,0,222,15597,0,0,0,0
7442.647,17209,58,0,0,0,0,0,8,392,5,42,0,0,0,0,0,0,0,0,0,0,0,0,0,0,0,0,0,0,0,0,0,0,240,30366,0,0,0,0
7458.834,16187,61,0,0,0,0,0,8,435,5,42,0,0,0,0,0,0,0,0,0,0,0,0,0,0,0,0,0,0,0,0,0,0,164,16824,0,0,0,0
7475.418,16584,60,0,0,0,0,0,8,242,5,42,0,0,0,0,0,0,0,0,0,0,0,0,0,0,0,0,0,0,0,0,0,0,160,3351,0,0,0,0
7492.032,16613,60,0,0,0,0,0,8,238,5,42,0,0,0,0,0,0,0,0,0,0,0,0,0,0,0,0,0,0,0,0,0,0,241,16549,0,0,0,0
7508.535,16503,60,0,0,0,0,0,8,442,5,42,0,0,0,0,0,0,0,0,0,0,0,0,0,0,0,0,0,0,0,0,0,0,223,30704,0,0,0,0
7526.172,17637,56,0,0,0,0,0,8,399,5,42,0,0,0,0,0,0,0,0,0,0,0,0,0,0,0,0,0,0,0,0,0,0,152,15093,0,0,0,0
7542.225,16052,62,0,0,0,0,0,8,229,5,42,0,0,0,0,0,0,0,0,0,0,0,0,0,0,0,0,0,0,0,0,0,0,128,4944,0,0,0,0
7558.698,16473,60,0,0,0,0,0,8,262,5,42,0,0,0,0,0,0,0,0,0,0,0,0,0,0,0,0,0,0,0,0,0,0,222,16038,0,0,0,0
7575.299,16601,60,0,0,0,0,0,8,394,5,42,0,0,0,0,0,0,0,0,0,0,0,0,0,0,0,0,0,0,0,0,0,0,238,30054,0,0,0,0
7592.170,16871,59,0,0,0,0,0,8,433,5,42,0,0,0,0,0,0,0,0,0,0,0,0,0,0,0,0,0,0,0,0,0,0,153,15529,0,0,0,0
7609.664,17493,57,0,0,0,0,0,8,237,5,42,0,0,0,0,0,0,0,0,0,0,0,0,0,0,0,0,0,0,0,0,0,0,222,4534,0,0,0,0
7625.657,15992,62,0,0,0,0,0,8,237,5,42,0,0,0,0,0,0,0,0,0,0,0,0,0,0,0,0,0,0,0,0,0,0,226,17378,0,0,0,0
7642.254,16597,60,0,0,0,0,0,8,414,5,42,0,0,0,0,0,0,0,0,0,0,0,0,0,0,0,0,0,0,0,0,0,0,222,29247,0,0,0,0
7658.516,16262,61,0,0,0,0,0,8,440,5,42,0,0,0,0,0,0,0,0,0,0,0,0,0,0,0,0,0,0,0,0,0,0,193,16050,0,0,0,0
7675.132,16616,60,0,0,0,0,0,8,216,5,42,0,0,0,0,0,0,0,0,0,0,0,0,0,0,0,0,0,0,0,0,0,0,169,3560,0,0,0,0
7691.781,16649,60,0,0,0,0,0,8,241,5,42,0,0,0,0,0,0,0,0,0,0,0,0,0,0,0,0,0,0,0,0,0,0,213,16546,0,0,0,0
7708.801,17019,58,0,0,0,0,0,8,438,5,42,0,0,0,0,0,0,0,0,0,0,0,0,0,0,0,0,0,0,0,0,0,0,236,30109,0,0,0,0
7724.662,15861,63,0,0,0,0,0,8,388,5,42,0,0,0,0,0,0,0,0,0,0,0,0,0,0,0,0,0,0,0,0,0,0,152,16082,0,0,0,0
7741.734,17071,58,0,0,0,0,0,8,260,5,42,0,0,0,0,0,0,0,0,0,0,0,0,0,0,0,0,0,0,0,0,0,0,160,3434,0,0,0,0
7758.781,17047,58,0,0,0,0,0,8,242,5,42,0,0,0,0,0,0,0,0,0,0,0,0,0,0,0,0,0,0,0,0,0,0,232,16979,0,0,0,0
7775.353,16572,60,0,0,0,0,0,8,422,5,42,0,0,0,0,0,0,0,0,0,0,0,0,0,0,0,0,0,0,0,0,0,0,224,30501,0,0,0,0
7792.645,17291,57,0,0,0,0,0,8,412,5,42,0,0,0,0,0,0,0,0,0,0,0,0,0,0,0,0,0,0,0,0,0,0,170,15443,0,0,0,0
7808.163,15517,64,0,0,0,0,0,8,249,5,42,0,0,0,0,0,0,0,0,0,0,0,0,0,0,0,0,0,0,0,0,0,0,193,5064,0,0,0,0
7825.400,17237,58,0,0,0,0,0,8,245,5,42,0,0,0,0,0,0,0,0,0,0,0,0,0,0,0,0,0,0,0,0,0,0,250,15588,0,0,0,0
7841.784,16384,61,0,0,0,0,0,8,393,5,42,0,0,0,0,0,0,0,0,0,0,0,0,0,0,0,0,0,0,0,0,0,0,247,30411,0,0,0,0
7858.779,16994,58,0,0,0,0,0,8,433,5,42,0,0,0,0,0,0,0,0,0,0,0,0,0,0,0,0,0,0,0,0,0,0,156,15635,0,0,0,0
7875.197,16417,60,0,0,0,0,0,8,211,5,42,0,0,0,0,0,0,0,0,0,0,0,0,0,0,0,0,0,0,0,0,0,0,163,4480,0,0,0,0
7892.257,17059,58,0,0,0,0,0,8,262,5,42,0,0,0,0,0,0,0,0,0,0,0,0,0,0,0,0,0,0,0,0,0,0,244,16375,0,0,0,0
7909.653,17396,57,0,0,0,0,0,8,442,5,42,0,0,0,0,0,0,0,0,0,0,0,0,0,0,0,0,0,0,0,0,0,0,249,30559,0,0,0,0
7925.382,15728,63,0,0,0,0,0,8,392,5,42,0,0,0,0,0,0,0,0,0,0,0,0,0,0,0,0,0,0,0,0,0,0,160,16535,0,0,0,0
7941.781,16398,60,0,0,0,0,0,8,237,5,42,0,0,0,0,0,0,0,0,0,0,0,0,0,0,0,0,0,0,0,0,0,0,145,3079,0,0,0,0
7958.792,17011,58,0,0,0,0,0,8,257,5,42,0,0,0,0,0,0,0,0,0,0,0,0,0,0,0,0,0,0,0,0,0,0,228,16414,0,0,0,0
7975.656,16863,59,0,0,0,0,0,8,389,5,42,0,0,0,0,0,0,0,0,0,0,0,0,0,0,0,0,0,0,0,0,0,0,225,30494,0,0,0,0
7992.161,16505,60,0,0,0,0,0,8,433,5,42,0,0,0,0,0,0,0,0,0,0,0,0,0,0,0,0,0,0,0,0,0,0,157,15833,0,0,0,0
8008.839,16677,59,0,0,0,0,0,8,236,5,42,0,0,0,0,0,0,0,0,0,0,0,0,0,0,0,0,0,0,0,0,0,0,215,4153,0,0,0,0
8025.220,16381,61,0,0,0,0,0,8,213,5,42,0,0,0,0,0,0,0,0,0,0,0,0,0,0,0,0,0,0,0,0,0,0,232,16594,0,0,0,0
8042.649,17428,57,0,0,0,0,0,8,441,5,42,0,0,0,0,0,0,0,0,0,0,0,0,0,0,0,0,0,0,0,0,0,0,243,29833,0,0,0,0
8058.777,16128,62,0,0,0,0,0,8,437,5,42,0,0,0,0,0,0,0,0,0,0,0,0,0,0,0,0,0,0,0,0,0,0,169,16895,0,0,0,0
8075.221,16444,60,0,0,0,0,0,8,213,5,42,0,0,0,0,0,0,0,0,0,0,0,0,0,0,0,0,0,0,0,0,0,0,143,3225,0,0,0,0
8091.886,16664,60,0,0,0,0,0,8,236,5,42,0,0,0,0,0,0,0,0,0,0,0,0,0,0,0,0,0,0,0,0,0,0,244,16377,0,0,0,0
8108.191,16305,61,0,0,0,0,0,8,438,5,42,0,0,0,0,0,0,0,0,0,0,0,0,0,0,0,0,0,0,0,0,0,0,231,29963,0,0,0,0
8125.349,17157,58,0,0,0,0,0,8,242,5,42,0,0,0,0,0,0,0,0,0,0,0,0,0,0,0,0,0,0,0,0,0,0,145,3055,0,0,0,0
8141.755,16395,60,0,0,0,0,0,8,415,5,42,0,0,0,0,0,0,0,0,0,0,0,0,0,0,0,0,0,0,0,0,0,0,222,29613,0,0,0,0
8158.788,17033,58,0,0,0,0,0,8,234,5,42,0,0,0,0,0,0,0,0,0,0,0,0,0,0,0,0,0,0,0,0,0,0,153,3970,0,0,0,0
8175.640,16861,59,0,0,0,0,0,8,431,5,42,0,0,0,0,0,0,0,0,0,0,0,0,0,0,0,0,0,0,0,0,0,0,241,30365,0,0,0,0
8191.757,16116,62,0,0,0,0,0,8,406,5,42,0,0,0,0,0,0,0,0,0,0,0,0,0,0,0,0,0,0,0,0,0,0,185,16009,0,0,0,0
8208.587,16829,59,0,0,0,0,0,8,265,5,42,0,0,0,0,0,0,0,0,0,0,0,0,0,0,0,0,0,0,0,0,0,0,153,3620,0,0,0,0
8225.135,16548,60,0,0,0,0,0,8,217,5,42,0,0,0,0,0,0,0,0,0,0,0,0,0,0,0,0,0,0,0,0,0,0,224,16761,0,0,0,0
8241.888,16753,59,0,0,0,0,0,8,418,5,42,0,0,0,0,0,0,0,0,0,0,0,0,0,0,0,0,0,0,0,0,0,0,224,30529,0,0,0,0
8258.780,16890,59,0,0,0,0,0,8,441,5,42,0,0,0,0,0,0,0,0,0,0,0,0,0,0,0,0,0,0,0,0,0,0,151,15303,0,0,0,0
8275.668,16889,59,0,0,0,0,0,8,240,5,42,0,0,0,0,0,0,0,0,0,0,0,0,0,0,0,0,0,0,0,0,0,0,167,4450,0,0,0,0
8292.644,16975,58,0,0,0,0,0,8,239,5,42,0,0,0,0,0,0,0,0,0,0,0,0,0,0,0,0,0,0,0,0,0,0,223,17226,0,0,0,0
8309.661,17016,58,0,0,0,0,0,8,441,5,42,0,0,0,0,0,0,0,0,0,0,0,0,0,0,0,0,0,0,0,0,0,0,223,30120,0,0,0,0
8325.285,15623,64,0,0,0,0,0,8,388,5,42,0,0,0,0,0,0,0,0,0,0,0,0,0,0,0,0,0,0,0,0,0,0,157,16064,0,0,0,0
8341.900,16615,60,0,0,0,0,0,8,233,5,42,0,0,0,0,0,0,0,0,0,0,0,0,0,0,0,0,0,0,0,0,0,0,137,3036,0,0,0,0
8358.777,16877,59,0,0,0,0,0,8,261,5,42,0,0,0,0,0,0,0,0,0,0,0,0,0,0,0,0,0,0,0,0,0,0,219,16607,0,0,0,0
8375.406,16628,60,0,0,0,0,0,8,422,5,42,0,0,0,0,0,0,0,0,0,0,0,0,0,0,0,0,0,0,0,0,0,0,236,30286,0,0,0,0
8392.642,17236,58,0,0,0,0,0,8,416,5,42,0,0,0,0,0,0,0,0,0,0,0,0,0,0,0,0,0,0,0,0,0,0,156,15618,0,0,0,0
8408.772,16130,61,0,0,0,0,0,8,229,5,42,0,0,0,0,0,0,0,0,0,0,0,0,0,0,0,0,0,0,0,0,0,0,188,5008,0,0,0,0
8426.202,17429,57,0,0,0,0,0,8,246,5,42,0,0,0,0,0,0,0,0,0,0,0,0,0,0,0,0,0,0,0,0,0,0,240,16007,0,0,0,0
8441.910,15708,63,0,0,0,0,0,8,408,5,42,0,0,0,0,0,0,0,0,0,0,0,0,0,0,0,0,0,0,0,0,0,0,228,30754,0,0,0,0
8458.440,16530,60,0,0,0,0,0,8,441,5,42,0,0,0,0,0,0,0,0,0,0,0,0,0,0,0,0,0,0,0,0,0,0,135,14777,0,0,0,0
8475.267,16826,59,0,0,0,0,0,8,213,5,42,0,0,0,0,0,0,0,0,0,0,0,0,0,0,0,0,0,0,0,0,0,0,153,4236,0,0,0,0
8492.646,17378,57,0,0,0,0,0,8,236,5,42,0,0,0,0,0,0,0,0,0,0,0,0,0,0,0,0,0,0,0,0,0,0,230,16975,0,0,0,0
8508.853,16207,61,0,0,0,0,0,8,438,5,42,0,0,0,0,0,0,0,0,0,0,0,0,0,0,0,0,0,0,0,0,0,0,230,30400,0,0,0,0
8525.415,16561,60,0,0,0,0,0,8,420,5,42,0,0,0,0,0,0,0,0,0,0,0,0,0,0,0,0,0,0,0,0,0,0,157,15428,0,0,0,0
8542.152,16737,59,0,0,0,0,0,8,233,5,42,0,0,0,0,0,0,0,0,0,0,0,0,0,0,0,0,0,0,0,0,0,0,159,4068,0,0,0,0
8558.754,16602,60,0,0,0,0,0,8,238,5,42,0,0,0,0,0,0,0,0,0,0,0,0,0,0,0,0,0,0,0,0,0,0,223,16709,0,0,0,0
8575.514,16760,59,0,0,0,0,0,8,421,5,42,0,0,0,0,0,0,0,0,0,0,0,0,0,0,0,0,0,0,0,0,0,0,228,29903,0,0,0,0
8591.883,16358,61,0,0,0,0,0,8,412,5,42,0,0,0,0,0,0,0,0,0,0,0,0,0,0,0,0,0,0,0,0,0,0,162,15711,0,0,0,0
8608.833,16960,58,0,0,0,0,0,8,257,5,42,0,0,0,0,0,0,0,0,0,0,0,0,0,0,0,0,0,0,0,0,0,0,169,4157,0,0,0,0
8625.342,16509,60,0,0,0,0,0,8,245,5,42,0,0,0,0,0,0,0,0,0,0,0,0,0,0,0,0,0,0,0,0,0,0,271,16988,0,0,0,0
8641.656,16313,61,0,0,0,0,0,8,385,5,42,0,0,0,0,0,0,0,0,0,0,0,0,0,0,0,0,0,0,0,0,0,0,248,29777,0,0,0,0
8658.775,17118,58,0,0,0,0,0,8,440,5,42,0,0,0,0,0,0,0,0,0,0,0,0,0,0,0,0,0,0,0,0,0,0,160,15225,0,0,0,0
8675.423,16648,60,0,0,0,0,0,8,245,5,42,0,0,0,0,0,0,0,0,0,0,0,0,0,0,0,0,0,0,0,0,0,0,173,4913,0,0,0,0
8691.924,16500,60,0,0,0,0,0,8,234,5,42,0,0,0,0,0,0,0,0,0,0,0,0,0,0,0,0,0,0,0,0,0,0,225,16538,0,0,0,0
8708.825,16900,59,0,0,0,0,0,8,440,5,42,0,0,0,0,0,0,0,0,0,0,0,0,0,0,0,0,0,0,0,0,0,0,232,29855,0,0,0,0
8724.928,16103,62,0,0,0,0,0,8,189,5,42,0,0,0,0,0,0,0,0,0,0,0,0,0,0,0,0,0,0,0,0,0,0,141,3609,0,0,0,0
8742.146,17217,58,0,0,0,0,0,8,438,5,42,0,0,0,0,0,0,0,0,0,0,0,0,0,0,0,0,0,0,0,0,0,0,226,28194,0,0,0,0
8759.637,17491,57,0,0,0,0,0,8,264,5,42,0,0,0,0,0,0,0,0,0,0,0,0,0,0,0,0,0,0,0,0,0,0,191,5179,0,0,0,0
8775.259,15621,64,0,0,0,0,0,8,390,5,42,0,0,0,0,0,0,0,0,0,0,0,0,0,0,0,0,0,0,0,0,0,0,231,31298,0,0,0,0
8791.369,16110,62,0,0,0,0,0,8,436,5,42,0,0,0,0,0,0,0,0,0,0,0,0,0,0,0,0,0,0,0,0,0,0,161,14122,0,0,0,0
8808.807,17437,57,0,0,0,0,0,8,236,5,42,0,0,0,0,0,0,0,0,0,0,0,0,0,0,0,0,0,0,0,0,0,0,164,3750,0,0,0,0
8825.413,16605,60,0,0,0,0,0,8,245,5,42,0,0,0,0,0,0,0,0,0,0,0,0,0,0,0,0,0,0,0,0,0,0,263,17467,0,0,0,0
8841.882,16469,60,0,0,0,0,0,8,409,5,42,0,0,0,0,0,0,0,0,0,0,0,0,0,0,0,0,0,0,0,0,0,0,227,29620,0,0,0,0
8858.714,16832,59,0,0,0,0,0,8,258,5,42,0,0,0,0,0,0,0,0,0,0,0,0,0,0,0,0,0,0,0,0,0,0,149,3392,0,0,0,0
8875.771,17056,58,0,0,0,0,0,8,416,5,42,0,0,0,0,0,0,0,0,0,0,0,0,0,0,0,0,0,0,0,0,0,0,250,29487,0,0,0,0
8892.638,16867,59,0,0,0,0,0,8,217,5,42,0,0,0,0,0,0,0,0,0,0,0,0,0,0,0,0,0,0,0,0,0,0,157,4443,0,0,0,0
8908.664,16026,62,0,0,0,0,0,8,437,5,42,0,0,0,0,0,0,0,0,0,0,0,0,0,0,0,0,0,0,0,0,0,0,241,30156,0,0,0,0
8925.431,16767,59,0,0,0,0,0,8,421,5,42,0,0,0,0,0,0,0,0,0,0,0,0,0,0,0,0,0,0,0,0,0,0,160,15191,0,0,0,0
8942.204,16772,59,0,0,0,0,0,8,229,5,42,0,0,0,0,0,0,0,0,0,0,0,0,0,0,0,0,0,0,0,0,0,0,165,4320,0,0,0,0
8958.779,16574,60,0,0,0,0,0,8,232,5,42,0,0,0,0,0,0,0,0,0,0,0,0,0,0,0,0,0,0,0,0,0,0,224,16702,0,0,0,0
8975.371,16592,60,0,0,0,0,0,8,422,5,42,0,0,0,0,0,0,0,0,0,0,0,0,0,0,0,0,0,0,0,0,0,0,221,31011,0,0,0,0
8992.638,17266,57,0,0,0,0,0,8,417,5,42,0,0,0,0,0,0,0,0,0,0,0,0,0,0,0,0,0,0,0,0,0,0,117,14477,0,0,0,0
9008.698,16060,62,0,0,0,0,0,8,256,5,42,0,0,0,0,0,0,0,0,0,0,0,0,0,0,0,0,0,0,0,0,0,0,156,5009,0,0,0,0
9025.609,16910,59,0,0,0,0,0,8,248,5,42,0,0,0,0,0,0,0,0,0,0,0,0,0,0,0,0,0,0,0,0,0,0,227,16079,0,0,0,0
9042.217,16608,60,0,0,0,0,0,8,388,5,42,0,0,0,0,0,0,0,0,0,0,0,0,0,0,0,0,0,0,0,0,0,0,226,30166,0,0,0,0
9058.772,16554,60,0,0,0,0,0,8,256,5,42,0,0,0,0,0,0,0,0,0,0,0,0,0,0,0,0,0,0,0,0,0,0,149,3290,0,0,0,0
9075.314,16541,60,0,0,0,0,0,8,422,5,42,0,0,0,0,0,0,0,0,0,0,0,0,0,0,0,0,0,0,0,0,0,0,214,29578,0,0,0,0
9091.377,16063,62,0,0,0,0,0,8,233,5,42,0,0,0,0,0,0,0,0,0,0,0,0,0,0,0,0,0,0,0,0,0,0,163,3567,0,0,0,0
9108.805,17427,57,0,0,0,0,0,8,441,5,42,0,0,0,0,0,0,0,0,0,0,0,0,0,0,0,0,0,0,0,0,0,0,220,29407,0,0,0,0
9125.641,16836,59,0,0,0,0,0,8,189,5,42,0,0,0,0,0,0,0,0,0,0,0,0,0,0,0,0,0,0,0,0,0,0,164,4065,0,0,0,0
9142.291,16649,60,0,0,0,0,0,8,440,5,42,0,0,0,0,0,0,0,0,0,0,0,0,0,0,0,0,0,0,0,0,0,0,230,29279,0,0,0,0
9158.820,16528,60,0,0,0,0,0,8,262,5,42,0,0,0,0,0,0,0,0,0,0,0,0,0,0,0,0,0,0,0,0,0,0,147,4189,0,0,0,0
9175.520,16699,59,0,0,0,0,0,8,425,5,42,0,0,0,0,0,0,0,0,0,0,0,0,0,0,0,0,0,0,0,0,0,0,229,29988,0,0,0,0
9192.638,17118,58,0,0,0,0,0,8,412,5,42,0,0,0,0,0,0,0,0,0,0,0,0,0,0,0,0,0,0,0,0,0,0,136,15578,0,0,0,0
9208.633,15994,62,0,0,0,0,0,8,229,5,42,0,0,0,0,0,0,0,0,0,0,0,0,0,0,0,0,0,0,0,0,0,0,171,4825,0,0,0,0
9225.345,16712,59,0,0,0,0,0,8,242,5,42,0,0,0,0,0,0,0,0,0,0,0,0,0,0,0,0,0,0,0,0,0,0,236,15990,0,0,0,0
9242.630,17284,57,0,0,0,0,0,8,413,5,42,0,0,0,0,0,0,0,0,0,0,0,0,0,0,0,0,0,0,0,0,0,0,232,30427,0,0,0,0
9258.846,16215,61,0,0,0,0,0,8,437,5,42,0,0,0,0,0,0,0,0,0,0,0,0,0,0,0,0,0,0,0,0,0,0,159,16276,0,0,0,0
9275.400,16554,60,0,0,0,0,0,8,225,5,42,0,0,0,0,0,0,0,0,0,0,0,0,0,0,0,0,0,0,0,0,0,0,161,3515,0,0,0,0
9291.973,16573,60,0,0,0,0,0,8,228,5,42,0,0,0,0,0,0,0,0,0,0,0,0,0,0,0,0,0,0,0,0,0,0,209,16445,0,0,0,0
9308.858,16884,59,0,0,0,0,0,8,441,5,42,0,0,0,0,0,0,0,0,0,0,0,0,0,0,0,0,0,0,0,0,0,0,225,29953,0,0,0,0
9325.397,16539,60,0,0,0,0,0,8,241,5,42,0,0,0,0,0,0,0,0,0,0,0,0,0,0,0,0,0,0,0,0,0,0,162,3611,0,0,0,0
9342.633,17236,58,0,0,0,0,0,8,412,5,42,0,0,0,0,0,0,0,0,0,0,0,0,0,0,0,0,0,0,0,0,0,0,228,28744,0,0,0,0
9358.766,16133,61,0,0,0,0,0,8,230,5,42,0,0,0,0,0,0,0,0,0,0,0,0,0,0,0,0,0,0,0,0,0,0,146,4964,0,0,0,0
9375.559,16792,59,0,0,0,0,0,8,421,5,42,0,0,0,0,0,0,0,0,0,0,0,0,0,0,0,0,0,0,0,0,0,0,211,30515,0,0,0,0
9392.166,16606,60,0,0,0,0,0,8,409,5,42,0,0,0,0,0,0,0,0,0,0,0,0,0,0,0,0,0,0,0,0,0,0,162,15101,0,0,0,0
9408.666,16500,60,0,0,0,0,0,8,260,5,42,0,0,0,0,0,0,0,0,0,0,0,0,0,0,0,0,0,0,0,0,0,0,151,4035,0,0,0,0
9425.657,16991,58,0,0,0,0,0,8,252,5,42,0,0,0,0,0,0,0,0,0,0,0,0,0,0,0,0,0,0,0,0,0,0,231,16389,0,0,0,0
9441.811,16153,61,0,0,0,0,0,8,382,5,42,0,0,0,0,0,0,0,0,0,0,0,0,0,0,0,0,0,0,0,0,0,0,225,30541,0,0,0,0
9458.447,16635,60,0,0,0,0,0,8,257,5,42,0,0,0,0,0,0,0,0,0,0,0,0,0,0,0,0,0,0,0,0,0,0,161,2658,0,0,0,0
9475.771,17324,57,0,0,0,0,0,8,424,5,42,0,0,0,0,0,0,0,0,0,0,0,0,0,0,0,0,0,0,0,0,0,0,255,28882,0,0,0,0
9492.158,16387,61,0,0,0,0,0,8,232,5,42,0,0,0,0,0,0,0,0,0,0,0,0,0,0,0,0,0,0,0,0,0,0,160,5056,0,0,0,0
9508.700,16541,60,0,0,0,0,0,8,438,5,42,0,0,0,0,0,0,0,0,0,0,0,0,0,0,0,0,0,0,0,0,0,0,226,29611,0,0,0,0
9525.585,16885,59,0,0,0,0,0,8,233,5,42,0,0,0,0,0,0,0,0,0,0,0,0,0,0,0,0,0,0,0,0,0,0,167,3339,0,0,0,0
9542.252,16666,60,0,0,0,0,0,8,405,5,42,0,0,0,0,0,0,0,0,0,0,0,0,0,0,0,0,0,0,0,0,0,0,234,28884,0,0,0,0
9558.126,15874,62,0,0,0,0,0,8,258,5,42,0,0,0,0,0,0,0,0,0,0,0,0,0,0,0,0,0,0,0,0,0,0,146,4602,0,0,0,0
9575.294,17167,58,0,0,0,0,0,8,392,5,42,0,0,0,0,0,0,0,0,0,0,0,0,0,0,0,0,0,0,0,0,0,0,222,29144,0,0,0,0
9592.155,16861,59,0,0,0,0,0,8,261,5,42,0,0,0,0,0,0,0,0,0,0,0,0,0,0,0,0,0,0,0,0,0,0,180,3983,0,0,0,0
9609.626,17471,57,0,0,0,0,0,8,414,5,42,0,0,0,0,0,0,0,0,0,0,0,0,0,0,0,0,0,0,0,0,0,0,229,29281,0,0,0,0
9625.659,16032,62,0,0,0,0,0,8,261,5,42,0,0,0,0,0,0,0,0,0,0,0,0,0,0,0,0,0,0,0,0,0,0,213,5091,0,0,0,0
9641.840,16181,61,0,0,0,0,0,8,395,5,42,0,0,0,0,0,0,0,0,0,0,0,0,0,0,0,0,0,0,0,0,0,0,244,29115,0,0,0,0
9658.805,16964,58,0,0,0,0,0,8,266,5,42,0,0,0,0,0,0,0,0,0,0,0,0,0,0,0,0,0,0,0,0,0,0,151,2970,0,0,0,0
9675.269,16464,60,0,0,0,0,0,8,388,5,42,0,0,0,0,0,0,0,0,0,0,0,0,0,0,0,0,0,0,0,0,0,0,235,29484,0,0,0,0
9691.801,16532,60,0,0,0,0,0,8,242,5,42,0,0,0,0,0,0,0,0,0,0,0,0,0,0,0,0,0,0,0,0,0,0,155,3976,0,0,0,0
9709.150,17348,57,0,0,0,0,0,8,441,5,42,0,0,0,0,0,0,0,0,0,0,0,0,0,0,0,0,0,0,0,0,0,0,236,29979,0,0,0,0
9725.414,16264,61,0,0,0,0,0,8,237,5,42,0,0,0,0,0,0,0,0,0,0,0,0,0,0,0,0,0,0,0,0,0,0,158,3941,0,0,0,0
9742.139,16725,59,0,0,0,0,0,8,412,5,42,0,0,0,0,0,0,0,0,0,0,0,0,0,0,0,0,0,0,0,0,0,0,229,28648,0,0,0,0
9758.807,16666,59,0,0,0,0,0,8,237,5,42,0,0,0,0,0,0,0,0,0,0,0,0,0,0,0,0,0,0,0,0,0,0,153,4325,0,0,0,0
9775.219,16412,60,0,0,0,0,0,8,388,5,42,0,0,0,0,0,0,0,0,0,0,0,0,0,0,0,0,0,0,0,0,0,0,225,30045,0,0,0,0
9791.763,16544,60,0,0,0,0,0,8,259,5,42,0,0,0,0,0,0,0,0,0,0,0,0,0,0,0,0,0,0,0,0,0,0,133,2983,0,0,0,0
9808.792,17029,58,0,0,0,0,0,8,449,5,42,0,0,0,0,0,0,0,0,0,0,0,0,0,0,0,0,0,0,0,0,0,0,230,29106,0,0,0,0
9824.753,15960,62,0,0,0,0,0,8,210,5,42,0,0,0,0,0,0,0,0,0,0,0,0,0,0,0,0,0,0,0,0,0,0,174,4538,0,0,0,0
9842.235,17481,57,0,0,0,0,0,8,416,5,42,0,0,0,0,0,0,0,0,0,0,0,0,0,0,0,0,0,0,0,0,0,0,220,29259,0,0,0,0
9859.624,17389,57,0,0,0,0,0,8,262,5,42,0,0,0,0,0,0,0,0,0,0,0,0,0,0,0,0,0,0,0,0,0,0,183,4203,0,0,0,0
9875.308,15684,63,0,0,0,0,0,8,417,5,42,0,0,0,0,0,0,0,0,0,0,0,0,0,0,0,0,0,0,0,0,0,0,237,29871,0,0,0,0
9892.635,17326,57,0,0,0,0,0,8,236,5,42,0,0,0,0,0,0,0,0,0,0,0,0,0,0,0,0,0,0,0,0,0,0,123,3113,0,0,0,0
9908.647,16012,62,0,0,0,0,0,8,436,5,42,0,0,0,0,0,0,0,0,0,0,0,0,0,0,0,0,0,0,0,0,0,0,223,30913,0,0,0,0
9924.688,16040,62,0,0,0,0,0,8,186,5,42,0,0,0,0,0,0,0,0,0,0,0,0,0,0,0,0,0,0,0,0,0,0,116,2411,0,0,0,0
9942.139,17451,57,0,0,0,0,0,8,440,5,42,0,0,0,0,0,0,0,0,0,0,0,0,0,0,0,0,0,0,0,0,0,0,215,28405,0,0,0,0
9958.246,16106,62,0,0,0,0,0,8,258,5,42,0,0,0,0,0,0,0,0,0,0,0,0,0,0,0,0,0,0,0,0,0,0,154,5145,0,0,0,0
9975.369,17122,58,0,0,0,0,0,8,424,5,42,0,0,0,0,0,0,0,0,0,0,0,0,0,0,0,0,0,0,0,0,0,0,243,29435,0,0,0,0
9991.738,16369,61,0,0,0,0,0,8,238,5,42,0,0,0,0,0,0,0,0,0,0,0,0,0,0,0,0,0,0,0,0,0,0,175,3796,0,0,0,0
10008.803,17065,58,0,0,0,0,0,8,421,5,42,0,0,0,0,0,0,0,0,0,0,0,0,0,0,0,0,0,0,0,0,0,0,228,28926,0,0,0,0
10025.441,16638,60,0,0,0,0,0,8,241,5,42,0,0,0,0,0,0,0,0,0,0,0,0,0,0,0,0,0,0,0,0,0,0,170,4583,0,0,0,0
10042.162,16720,59,0,0,0,0,0,8,412,5,42,0,0,0,0,0,0,0,0,0,0,0,0,0,0,0,0,0,0,0,0,0,0,232,29940,0,0,0,0
10058.670,16508,60,0,0,0,0,0,8,262,5,42,0,0,0,0,0,0,0,0,0,0,0,0,0,0,0,0,0,0,0,0,0,0,160,3331,0,0,0,0
10075.247,16576,60,0,0,0,0,0,8,388,5,42,0,0,0,0,0,0,0,0,0,0,0,0,0,0,0,0,0,0,0,0,0,0,234,29214,0,0,0,0
10092.625,17378,57,0,0,0,0,0,8,233,5,42,0,0,0,0,0,0,0,0,0,0,0,0,0,0,0,0,0,0,0,0,0,0,151,3864,0,0,0,0
10108.763,16137,61,0,0,0,0,0,8,436,5,42,0,0,0,0,0,0,0,0,0,0,0,0,0,0,0,0,0,0,0,0,0,0,232,30568,0,0,0,0
10124.642,15879,62,0,0,0,0,0,8,210,5,42,0,0,0,0,0,0,0,0,0,0,0,0,0,0,0,0,0,0,0,0,0,0,150,2969,0,0,0,0
10142.238,17596,56,0,0,0,0,0,8,437,5,42,0,0,0,0,0,0,0,0,0,0,0,0,0,0,0,0,0,0,0,0,0,0,208,28305,0,0,0,0
10158.466,16216,61,0,0,0,0,0,8,233,5,42,0,0,0,0,0,0,0,0,0,0,0,0,0,0,0,0,0,0,0,0,0,0,174,5151,0,0,0,0
10176.175,17720,56,0,0,0,0,0,8,421,5,42,0,0,0,0,0,0,0,0,0,0,0,0,0,0,0,0,0,0,0,0,0,0,230,29420,0,0,0,0
10192.153,15978,62,0,0,0,0,0,8,233,5,42,0,0,0,0,0,0,0,0,0,0,0,0,0,0,0,0,0,0,0,0,0,0,136,4482,0,0,0,0
10208.779,16626,60,0,0,0,0,0,8,436,5,42,0,0,0,0,0,0,0,0,0,0,0,0,0,0,0,0,0,0,0,0,0,0,217,28550,0,0,0,0
10225.368,16589,60,0,0,0,0,0,8,238,5,42,0,0,0,0,0,0,0,0,0,0,0,0,0,0,0,0,0,0,0,0,0,0,171,4156,0,0,0,0
10242.144,16776,59,0,0,0,0,0,8,262,5,42,0,0,0,0,0,0,0,0,0,0,0,0,0,0,0,0,0,0,0,0,0,0,0,0,0,0,0,0
10258.691,16546,60,0,0,0,0,0,8,562,5,42,0,0,0,0,0,0,0,0,0,0,0,0,0,0,0,0,0,0,0,0,0,0,328,47509,0,0,0,0
10275.629,16938,59,0,0,0,0,0,8,213,5,42,0,0,0,0,0,0,0,0,0,0,0,0,0,0,0,0,0,0,0,0,0,0,141,2317,0,0,0,0
10291.401,15772,63,0,0,0,0,0,8,257,5,42,0,0,0,0,0,0,0,0,0,0,0,0,0,0,0,0,0,0,0,0,0,0,237,16951,0,0,0,0
10308.759,17357,57,0,0,0,0,0,8,441,5,42,0,0,0,0,0,0,0,0,0,0,0,0,0,0,0,0,0,0,0,0,0,0,228,30754,0,0,0,0
10324.725,15966,62,0,0,0,0,0,8,184,5,42,0,0,0,0,0,0,0,0,0,0,0,0,0,0,0,0,0,0,0,0,0,0,124,2350,0,0,0,0
10342.279,17553,56,0,0,0,0,0,8,459,5,42,0,0,0,0,0,0,0,0,0,0,0,0,0,0,0,0,0,0,0,0,0,0,238,29812,0,0,0,0
10358.840,16561,60,0,0,0,0,0,8,237,5,42,0,0,0,0,0,0,0,0,0,0,0,0,0,0,0,0,0,0,0,0,0,0,143,3734,0,0,0,0
10374.962,16121,62,0,0,0,0,0,8,176,5,42,0,0,0,0,0,0,0,0,0,0,0,0,0,0,0,0,0,0,0,0,0,0,249,16535,0,0,0,0
10392.128,17166,58,0,0,0,0,0,8,21005,5,42,0,0,0,0,0,0,0,0,0,0,0,0,0,0,0,0,0,0,0,0,0,0,0,0,0,0,0,0
10418.036,25908,38,0,0,0,0,0,8,35584,6,43,0,0,0,0,0,0,0,0,0,0,0,0,0,0,0,0,0,0,0,0,0,0,0,57958,0,0,0,0
10433.757,15720,63,0,0,0,0,0,8,2143,5,43,0,0,0,0,0,0,0,0,0,0,0,0,0,0,0,0,0,0,0,0,0,0,87,86,0,0,0,0
10449.685,15927,62,0,0,0,0,0,8,17769,5,43,0,0,0,0,0,0,0,0,0,0,0,0,0,0,0,0,0,0,0,0,0,0,4595,21969,0,0,0,0
10466.973,17287,57,0,0,0,0,0,8,21585,5,43,0,0,0,0,0,0,0,0,0,0,0,0,0,0,0,0,0,0,0,0,0,0,4858,15889,0,0,0,0
10483.765,16791,59,0,0,0,0,0,8,20281,5,43,0,0,0,0,0,0,0,0,0,0,0,0,0,0,0,0,0,0,0,0,0,0,4798,17227,0,0,0,0
10499.684,15919,62,0,0,0,0,0,8,20583,5,43,0,0,0,0,0,0,0,0,0,0,0,0,0,0,0,0,0,0,0,0,0,0,4744,16731,0,0,0,0
10516.766,17081,58,0,0,0,0,0,8,24941,5,43,0,0,0,0,0,0,0,0,0,0,0,0,0,0,0,0,0,0,0,0,0,0,4491,15167,0,0,0,0
10533.627,16860,59,0,0,0,0,0,8,20961,5,43,0,0,0,0,0,0,0,0,0,0,0,0,0,0,0,0,0,0,0,0,0,0,4531,17106,0,0,0,0
10550.235,16608,60,0,0,0,0,0,8,22346,5,43,0,0,0,0,0,0,0,0,0,0,0,0,0,0,0,0,0,0,0,0,0,0,4808,17639,0,0,0,0
10566.763,16528,60,0,0,0,0,0,8,22198,5,43,0,0,0,0,0,0,0,0,0,0,0,0,0,0,0,0,0,0,0,0,0,0,4727,16559,0,0,0,0
10583.841,17078,58,0,0,0,0,0,8,21241,5,43,0,0,0,0,0,0,0,0,0,0,0,0,0,0,0,0,0,0,0,0,0,0,4651,16014,0,0,0,0
10600.220,16379,61,0,0,0,0,0,8,100430,5,43,0,0,0,0,0,0,0,0,0,0,0,0,0,0,0,0,0,0,0,0,0,0,3646,16485,0,0,0,0
10617.215,16994,58,0,0,0,0,0,8,147411,5,43,0,0,0,0,0,0,0,0,0,0,0,0,0,0,0,0,0,0,0,0,0,0,5216,18477,0,0,0,0
10634.132,16917,59,0,0,0,0,0,8,148374,5,43,0,0,0,0,0,0,0,0,0,0,0,0,0,0,0,0,0,0,0,0,0,0,4942,16717,0,0,0,0
10650.223,16091,62,0,0,0,0,0,8,135250,5,43,0,0,0,0,0,0,0,0,0,0,0,0,0,0,0,0,0,0,0,0,0,0,4724,16208,0,0,0,0
10667.226,17003,58,0,0,0,0,0,8,143404,5,43,0,0,0,0,0,0,0,0,0,0,0,0,0,0,0,0,0,0,0,0,0,0,3665,15534,0,0,0,0
10684.621,17394,57,0,0,0,0,0,8,137806,5,43,0,0,0,0,0,0,0,0,0,0,0,0,0,0,0,0,0,0,0,0,0,0,4181,17504,0,0,0,0
10700.442,15821,63,0,0,0,0,0,8,125591,5,43,0,0,0,0,0,0,0,0,0,0,0,0,0,0,0,0,0,0,0,0,0,0,4929,17634,0,0,0,0
10716.342,15900,62,0,0,0,0,0,8,121754,5,43,0,0,0,0,0,0,0,0,0,0,0,0,0,0,0,0,0,0,0,0,0,0,3349,14767,0,0,0,0
10733.626,17284,57,0,0,0,0,0,8,138765,5,43,0,0,0,0,0,0,0,0,0,0,0,0,0,0,0,0,0,0,0,0,0,0,3672,16214,0,0,0,0
10749.891,16265,61,0,0,0,0,0,8,204976,5,43,0,0,0,0,0,0,0,0,0,0,0,0,0,0,0,0,0,0,0,0,0,0,3526,17130,0,0,0,0
10767.620,17728,56,0,0,0,0,0,8,227990,5,43,0,0,0,0,0,0,0,0,0,0,0,0,0,0,0,0,0,0,0,0,0,0,5741,17975,0,0,0,0
10783.788,16167,61,0,0,0,0,0,8,207942,5,43,0,0,0,0,0,0,0,0,0,0,0,0,0,0,0,0,0,0,0,0,0,0,5255,16717,0,0,0,0
10800.228,16440,60,0,0,0,0,0,8,68888,5,43,0,0,0,0,0,0,0,0,0,0,0,0,0,0,0,0,0,0,0,0,0,0,5220,16649,0,0,0,0
10816.463,16235,61,0,0,0,0,0,8,86291,5,43,0,0,0,0,0,0,0,0,0,0,0,0,0,0,0,0,0,0,0,0,0,0,6508,18271,0,0,0,0
10833.758,17294,57,0,0,0,0,0,8,7435,5,43,0,0,0,0,0,0,0,0,0,0,0,0,0,0,0,0,0,0,0,0,0,0,6720,16420,0,0,0,0
10850.524,16766,59,0,0,0,0,0,8,3923,5,43,0,0,0,0,0,0,0,0,0,0,0,0,0,0,0,0,0,0,0,0,0,0,6931,17001,0,0,0,0
10866.737,16212,61,0,0,0,0,0,8,6469,5,43,0,0,0,0,0,0,0,0,0,0,0,0,0,0,0,0,0,0,0,0,0,0,6887,16214,0,0,0,0
10883.681,16943,59,0,0,0,0,0,8,5856,5,43,0,0,0,0,0,0,0,0,0,0,0,0,0,0,0,0,0,0,0,0,0,0,5476,15825,0,0,0,0
11012.256,128575,7,0,0,0,0,0,8,75095,18,43,0,0,0,0,0,0,0,0,0,0,0,0,0,0,0,0,0,0,0,0,0,0,510057,138074,0,0,0,0
11025.127,12870,77,0,0,0,0,0,8,600,5,43,0,0,0,0,0,0,0,0,0,0,0,0,0,0,0,0,0,0,0,0,0,0,5511,6407,0,0,0,0
11041.760,16632,60,0,0,0,0,0,8,912,5,43,0,0,0,0,0,0,0,0,0,0,0,0,0,0,0,0,0,0,0,0,0,0,13199,14476,0,0,0,0
11058.754,16994,58,0,0,0,0,0,8,533,5,43,0,0,0,0,0,0,0,0,0,0,0,0,0,0,0,0,0,0,0,0,0,0,6845,16860,0,0,0,0
11075.141,16387,61,0,0,0,0,0,8,465,5,43,0,0,0,0,0,0,0,0,0,0,0,0,0,0,0,0,0,0,0,0,0,0,6912,17174,0,0,0,0
11092.274,17132,58,0,0,0,0,0,8,536,5,43,0,0,0,0,0,0,0,0,0,0,0,0,0,0,0,0,0,0,0,0,0,0,7378,16697,0,0,0,0
11108.307,16032,62,0,0,0,0,0,8,535,5,43,0,0,0,0,0,0,0,0,0,0,0,0,0,0,0,0,0,0,0,0,0,0,7768,17526,0,0,0,0
11125.226,16919,59,0,0,0,0,0,8,436,5,43,0,0,0,0,0,0,0,0,0,0,0,0,0,0,0,0,0,0,0,0,0,0,7795,16444,0,0,0,0
11143.155,17929,55,0,0,0,0,0,8,529,5,43,0,0,0,0,0,0,0,0,0,0,0,0,0,0,0,0,0,0,0,0,0,0,7231,15992,0,0,0,0
11159.623,16467,60,0,0,0,0,0,8,533,5,43,0,0,0,0,0,0,0,0,0,0,0,0,0,0,0,0,0,0,0,0,0,0,7763,18445,0,0,0,0
11175.178,15555,64,0,0,0,0,0,8,466,5,43,0,0,0,0,0,0,0,0,0,0,0,0,0,0,0,0,0,0,0,0,0,0,7441,16356,0,0,0,0
11191.824,16645,60,0,0,0,0,0,8,534,5,43,0,0,0,0,0,0,0,0,0,0,0,0,0,0,0,0,0,0,0,0,0,0,7461,15357,0,0,0,0
11208.750,16926,59,0,0,0,0,0,8,497,5,43,0,0,0,0,0,0,0,0,0,0,0,0,0,0,0,0,0,0,0,0,0,0,7450,16736,0,0,0,0
11225.624,16873,59,0,0,0,0,0,8,475,5,43,0,0,0,0,0,0,0,0,0,0,0,0,0,0,0,0,0,0,0,0,0,0,10363,19850,0,0,0,0
11242.167,16543,60,0,0,0,0,0,8,529,5,43,0,0,0,0,0,0,0,0,0,0,0,0,0,0,0,0,0,0,0,0,0,0,8850,15384,0,0,0,0
11258.832,16664,60,0,0,0,0,0,8,531,5,43,0,0,0,0,0,0,0,0,0,0,0,0,0,0,0,0,0,0,0,0,0,0,8874,16534,0,0,0,0
11275.308,16476,60,0,0,0,0,0,8,481,5,43,0,0,0,0,0,0,0,0,0,0,0,0,0,0,0,0,0,0,0,0,0,0,7987,15732,0,0,0,0
11291.725,16416,60,0,0,0,0,0,8,486,5,43,0,0,0,0,0,0,0,0,0,0,0,0,0,0,0,0,0,0,0,0,0,0,7904,16342,0,0,0,0
11308.781,17056,58,0,0,0,0,0,8,534,5,43,0,0,0,0,0,0,0,0,0,0,0,0,0,0,0,0,0,0,0,0,0,0,8173,16765,0,0,0,0
11325.309,16527,60,0,0,0,0,0,8,496,5,43,0,0,0,0,0,0,0,0,0,0,0,0,0,0,0,0,0,0,0,0,0,0,8107,17038,0,0,0,0
11342.615,17306,57,0,0,0,0,0,8,503,5,43,0,0,0,0,0,0,0,0,0,0,0,0,0,0,0,0,0,0,0,0,0,0,7892,16291,0,0,0,0
11358.747,16131,61,0,0,0,0,0,8,496,5,43,0,0,0,0,0,0,0,0,0,0,0,0,0,0,0,0,0,0,0,0,0,0,8047,17493,0,0,0,0
11375.617,16869,59,0,0,0,0,0,8,504,5,43,0,0,0,0,0,0,0,0,0,0,0,0,0,0,0,0,0,0,0,0,0,0,8068,16141,0,0,0,0
11391.810,16193,61,0,0,0,0,0,8,493,5,43,0,0,0,0,0,0,0,0,0,0,0,0,0,0,0,0,0,0,0,0,0,0,8080,16845,0,0,0,0
11408.746,16935,59,0,0,0,0,0,8,538,5,43,0,0,0,0,0,0,0,0,0,0,0,0,0,0,0,0,0,0,0,0,0,0,7868,15956,0,0,0,0
11425.353,16606,60,0,0,0,0,0,8,497,5,43,0,0,0,0,0,0,0,0,0,0,0,0,0,0,0,0,0,0,0,0,0,0,8177,17186,0,0,0,0
11441.828,16475,60,0,0,0,0,0,8,475,5,43,0,0,0,0,0,0,0,0,0,0,0,0,0,0,0,0,0,0,0,0,0,0,8041,16455,0,0,0,0
11458.748,16920,59,0,0,0,0,0,8,533,5,43,0,0,0,0,0,0,0,0,0,0,0,0,0,0,0,0,0,0,0,0,0,0,8133,16689,0,0,0,0
11475.254,16506,60,0,0,0,0,0,8,466,5,43,0,0,0,0,0,0,0,0,0,0,0,0,0,0,0,0,0,0,0,0,0,0,8094,16845,0,0,0,0
11491.934,16680,59,0,0,0,0,0,8,538,5,43,0,0,0,0,0,0,0,0,0,0,0,0,0,0,0,0,0,0,0,0,0,0,7904,16242,0,0,0,0
11508.756,16821,59,0,0,0,0,0,8,530,5,43,0,0,0,0,0,0,0,0,0,0,0,0,0,0,0,0,0,0,0,0,0,0,8147,17027,0,0,0,0
11525.325,16569,60,0,0,0,0,0,8,469,5,43,0,0,0,0,0,0,0,0,0,0,0,0,0,0,0,0,0,0,0,0,0,0,7957,16530,0,0,0,0
11541.869,16543,60,0,0,0,0,0,8,500,5,43,0,0,0,0,0,0,0,0,0,0,0,0,0,0,0,0,0,0,0,0,0,0,8076,16785,0,0,0,0
11559.132,17263,57,0,0,0,0,0,8,528,5,43,0,0,0,0,0,0,0,0,0,0,0,0,0,0,0,0,0,0,0,0,0,0,8157,16562,0,0,0,0
11574.659,15526,64,0,0,0,0,0,8,466,5,43,0,0,0,0,0,0,0,0,0,0,0,0,0,0,0,0,0,0,0,0,0,0,8035,17632,0,0,0,0
11592.148,17489,57,0,0,0,0,0,8,535,5,43,0,0,0,0,0,0,0,0,0,0,0,0,0,0,0,0,0,0,0,0,0,0,7912,14976,0,0,0,0
11608.745,16596,60,0,0,0,0,0,8,501,5,43,0,0,0,0,0,0,0,0,0,0,0,0,0,0,0,0,0,0,0,0,0,0,8122,17589,0,0,0,0
11625.143,16397,60,0,0,0,0,0,8,472,5,43,0,0,0,0,0,0,0,0,0,0,0,0,0,0,0,0,0,0,0,0,0,0,8877,17475,0,0,0,0
11642.160,17017,58,0,0,0,0,0,8,533,5,43,0,0,0,0,0,0,0,0,0,0,0,0,0,0,0,0,0,0,0,0,0,0,8774,16271,0,0,0,0
11658.758,16597,60,0,0,0,0,0,8,533,5,43,0,0,0,0,0,0,0,0,0,0,0,0,0,0,0,0,0,0,0,0,0,0,8232,16813,0,0,0,0
11675.126,16367,61,0,0,0,0,0,8,468,5,43,0,0,0,0,0,0,0,0,0,0,0,0,0,0,0,0,0,0,0,0,0,0,7807,15759,0,0,0,0
11692.609,17483,57,0,0,0,0,0,8,501,5,43,0,0,0,0,0,0,0,0,0,0,0,0,0,0,0,0,0,0,0,0,0,0,9065,17637,0,0,0,0
11708.994,16385,61,0,0,0,0,0,8,527,5,43,0,0,0,0,0,0,0,0,0,0,0,0,0,0,0,0,0,0,0,0,0,0,8976,17471,0,0,0,0
11725.674,16680,59,0,0,0,0,0,8,499,5,43,0,0,0,0,0,0,0,0,0,0,0,0,0,0,0,0,0,0,0,0,0,0,8876,16179,0,0,0,0
11742.248,16573,60,0,0,0,0,0,8,501,5,43,0,0,0,0,0,0,0,0,0,0,0,0,0,0,0,0,0,0,0,0,0,0,8961,16847,0,0,0,0
11758.646,16397,60,0,0,0,0,0,8,499,5,43,0,0,0,0,0,0,0,0,0,0,0,0,0,0,0,0,0,0,0,0,0,0,9011,16614,0,0,0,0
11776.140,17494,57,0,0,0,0,0,8,498,5,43,0,0,0,0,0,0,0,0,0,0,0,0,0,0,0,0,0,0,0,0,0,0,9094,16529,0,0,0,0
11792.180,16039,62,0,0,0,0,0,8,500,5,43,0,0,0,0,0,0,0,0,0,0,0,0,0,0,0,0,0,0,0,0,0,0,9008,17711,0,0,0,0
11808.678,16488,60,0,0,0,0,0,8,533,5,43,0,0,0,0,0,0,0,0,0,0,0,0,0,0,0,0,0,0,0,0,0,0,7708,14484,0,0,0,0
11825.199,16530,60,0,0,0,0,0,8,467,5,43,0,0,0,0,0,0,0,0,0,0,0,0,0,0,0,0,0,0,0,0,0,0,7850,16487,0,0,0,0
11841.860,16661,60,0,0,0,0,0,8,501,5,43,0,0,0,0,0,0,0,0,0,0,0,0,0,0,0,0,0,0,0,0,0,0,7791,16439,0,0,0,0
11858.800,16930,59,0,0,0,0,0,8,534,5,43,0,0,0,0,0,0,0,0,0,0,0,0,0,0,0,0,0,0,0,0,0,0,7892,17565,0,0,0,0
11875.335,16544,60,0,0,0,0,0,8,498,5,43,0,0,0,0,0,0,0,0,0,0,0,0,0,0,0,0,0,0,0,0,0,0,7833,16109,0,0,0,0
11891.855,16520,60,0,0,0,0,0,8,500,5,43,0,0,0,0,0,0,0,0,0,0,0,0,0,0,0,0,0,0,0,0,0,0,7769,16446,0,0,0,0
11908.821,16965,58,0,0,0,0,0,8,538,5,43,0,0,0,0,0,0,0,0,0,0,0,0,0,0,0,0,0,0,0,0,0,0,7851,16737,0,0,0,0
11925.316,16495,60,0,0,0,0,0,8,464,5,43,0,0,0,0,0,0,0,0,0,0,0,0,0,0,0,0,0,0,0,0,0,0,7846,16957,0,0,0,0
11941.902,16585,60,0,0,0,0,0,8,505,5,43,0,0,0,0,0,0,0,0,0,0,0,0,0,0,0,0,0,0,0,0,0,0,8018,16529,0,0,0,0
11958.745,16843,59,0,0,0,0,0,8,599,5,43,0,0,0,0,0,0,0,0,0,0,0,0,0,0,0,0,0,0,0,0,0,0,9302,18142,0,0,0,0
11975.397,16651,60,0,0,0,0,0,8,497,5,43,0,0,0,0,0,0,0,0,0,0,0,0,0,0,0,0,0,0,0,0,0,0,8975,16336,0,0,0,0
11992.621,17224,58,0,0,0,0,0,8,505,5,43,0,0,0,0,0,0,0,0,0,0,0,0,0,0,0,0,0,0,0,0,0,0,8953,16551,0,0,0,0
12008.769,16148,61,0,0,0,0,0,8,496,5,43,0,0,0,0,0,0,0,0,0,0,0,0,0,0,0,0,0,0,0,0,0,0,8940,17227,0,0,0,0
12025.265,16496,60,0,0,0,0,0,8,474,5,43,0,0,0,0,0,0,0,0,0,0,0,0,0,0,0,0,0,0,0,0,0,0,9371,16551,0,0,0,0
12042.194,16928,59,0,0,0,0,0,8,530,5,43,0,0,0,0,0,0,0,0,0,0,0,0,0,0,0,0,0,0,0,0,0,0,9056,16329,0,0,0,0
12059.617,17412,57,0,0,0,0,0,8,533,5,43,0,0,0,0,0,0,0,0,0,0,0,0,0,0,0,0,0,0,0,0,0,0,9243,16971,0,0,0,0
12075.126,15519,64,0,0,0,0,0,8,466,5,43,0,0,0,0,0,0,0,0,0,0,0,0,0,0,0,0,0,0,0,0,0,0,8968,17263,0,0,0,0
12092.140,17013,58,0,0,0,0,0,8,503,5,43,0,0,0,0,0,0,0,0,0,0,0,0,0,0,0,0,0,0,0,0,0,0,9026,15564,0,0,0,0
12108.837,16697,59,0,0,0,0,0,8,535,5,43,0,0,0,0,0,0,0,0,0,0,0,0,0,0,0,0,0,0,0,0,0,0,9052,17001,0,0,0,0
12125.133,16295,61,0,0,0,0,0,8,467,5,43,0,0,0,0,0,0,0,0,0,0,0,0,0,0,0,0,0,0,0,0,0,0,9151,17470,0,0,0,0
12142.605,17472,57,0,0,0,0,0,8,529,5,43,0,0,0,0,0,0,0,0,0,0,0,0,0,0,0,0,0,0,0,0,0,0,9039,15556,0,0,0,0
12158.744,16138,61,0,0,0,0,0,8,494,5,43,0,0,0,0,0,0,0,0,0,0,0,0,0,0,0,0,0,0,0,0,0,0,8056,16488,0,0,0,0
12175.618,16874,59,0,0,0,0,0,8,474,5,43,0,0,0,0,0,0,0,0,0,0,0,0,0,0,0,0,0,0,0,0,0,0,8044,16139,0,0,0,0
12191.692,16074,62,0,0,0,0,0,8,529,5,43,0,0,0,0,0,0,0,0,0,0,0,0,0,0,0,0,0,0,0,0,0,0,8071,16796,0,0,0,0
12208.740,17047,58,0,0,0,0,0,8,538,5,43,0,0,0,0,0,0,0,0,0,0,0,0,0,0,0,0,0,0,0,0,0,0,8077,16049,0,0,0,0
12225.607,16866,59,0,0,0,0,0,8,511,5,43,0,0,0,0,0,0,0,0,0,0,0,0,0,0,0,0,0,0,0,0,0,0,8051,17066,0,0,0,0
12241.779,16172,61,0,0,0,0,0,8,461,5,43,0,0,0,0,0,0,0,0,0,0,0,0,0,0,0,0,0,0,0,0,0,0,9230,18179,0,0,0,0
12258.739,16960,58,0,0,0,0,0,8,529,5,43,0,0,0,0,0,0,0,0,0,0,0,0,0,0,0,0,0,0,0,0,0,0,9277,16062,0,0,0,0
12275.227,16488,60,0,0,0,0,0,8,466,5,43,0,0,0,0,0,0,0,0,0,0,0,0,0,0,0,0,0,0,0,0,0,0,9236,17010,0,0,0,0
12291.733,16506,60,0,0,0,0,0,8,537,5,43,0,0,0,0,0,0,0,0,0,0,0,0,0,0,0,0,0,0,0,0,0,0,9141,16365,0,0,0,0
12308.742,17009,58,0,0,0,0,0,8,531,5,43,0,0,0,0,0,0,0,0,0,0,0,0,0,0,0,0,0,0,0,0,0,0,9197,16613,0,0,0,0
12325.616,16874,59,0,0,0,0,0,8,432,5,43,0,0,0,0,0,0,0,0,0,0,0,0,0,0,0,0,0,0,0,0,0,0,9263,17069,0,0,0,0
12342.601,16984,58,0,0,0,0,0,8,524,5,43,0,0,0,0,0,0,0,0,0,0,0,0,0,0,0,0,0,0,0,0,0,0,9264,16777,0,0,0,0
12358.715,16113,62,0,0,0,0,0,8,532,5,43,0,0,0,0,0,0,0,0,0,0,0,0,0,0,0,0,0,0,0,0,0,0,8049,15852,0,0,0,0
12375.423,16708,59,0,0,0,0,0,8,498,5,43,0,0,0,0,0,0,0,0,0,0,0,0,0,0,0,0,0,0,0,0,0,0,8113,16159,0,0,0,0
12391.902,16478,60,0,0,0,0,0,8,505,5,43,0,0,0,0,0,0,0,0,0,0,0,0,0,0,0,0,0,0,0,0,0,0,8014,16520,0,0,0,0
12408.434,16532,60,0,0,0,0,0,8,500,5,43,0,0,0,0,0,0,0,0,0,0,0,0,0,0,0,0,0,0,0,0,0,0,7932,16441,0,0,0,0
12425.613,17179,58,0,0,0,0,0,8,474,5,43,0,0,0,0,0,0,0,0,0,0,0,0,0,0,0,0,0,0,0,0,0,0,8079,16620,0,0,0,0
12442.108,16494,60,0,0,0,0,0,8,525,5,43,0,0,0,0,0,0,0,0,0,0,0,0,0,0,0,0,0,0,0,0,0,0,8221,17433,0,0,0,0
12458.155,16047,62,0,0,0,0,0,8,532,5,43,0,0,0,0,0,0,0,0,0,0,0,0,0,0,0,0,0,0,0,0,0,0,8132,16339,0,0,0,0
12475.268,17112,58,0,0,0,0,0,8,469,5,43,0,0,0,0,0,0,0,0,0,0,0,0,0,0,0,0,0,0,0,0,0,0,8076,16013,0,0,0,0
12492.622,17354,57,0,0,0,0,0,8,496,5,43,0,0,0,0,0,0,0,0,0,0,0,0,0,0,0,0,0,0,0,0,0,0,8020,16993,0,0,0,0
12508.328,15705,63,0,0,0,0,0,8,524,5,43,0,0,0,0,0,0,0,0,0,0,0,0,0,0,0,0,0,0,0,0,0,0,8175,17618,0,0,0,0
12525.186,16858,59,0,0,0,0,0,8,470,5,43,0,0,0,0,0,0,0,0,0,0,0,0,0,0,0,0,0,0,0,0,0,0,8073,15490,0,0,0,0
12542.170,16983,58,0,0,0,0,0,8,535,5,43,0,0,0,0,0,0,0,0,0,0,0,0,0,0,0,0,0,0,0,0,0,0,8116,16912,0,0,0,0
12558.799,16629,60,0,0,0,0,0,8,503,5,43,0,0,0,0,0,0,0,0,0,0,0,0,0,0,0,0,0,0,0,0,0,0,8160,17079,0,0,0,0
12575.736,16936,59,0,0,0,0,0,8,495,5,43,0,0,0,0,0,0,0,0,0,0,0,0,0,0,0,0,0,0,0,0,0,0,8120,16550,0,0,0,0
12591.748,16012,62,0,0,0,0,0,8,502,5,43,0,0,0,0,0,0,0,0,0,0,0,0,0,0,0,0,0,0,0,0,0,0,8062,17777,0,0,0,0
12608.745,16985,58,0,0,0,0,0,8,535,5,43,0,0,0,0,0,0,0,0,0,0,0,0,0,0,0,0,0,0,0,0,0,0,8131,15699,0,0,0,0
12625.151,16416,60,0,0,0,0,0,8,473,5,43,0,0,0,0,0,0,0,0,0,0,0,0,0,0,0,0,0,0,0,0,0,0,9312,17684,0,0,0,0
12641.935,16784,59,0,0,0,0,0,8,504,5,43,0,0,0,0,0,0,0,0,0,0,0,0,0,0,0,0,0,0,0,0,0,0,9395,16452,0,0,0,0
12658.611,16675,59,0,0,0,0,0,8,531,5,43,0,0,0,0,0,0,0,0,0,0,0,0,0,0,0,0,0,0,0,0,0,0,7684,15127,0,0,0,0
12675.511,16900,59,0,0,0,0,0,8,509,5,43,0,0,0,0,0,0,0,0,0,0,0,0,0,0,0,0,0,0,0,0,0,0,2560,11559,0,0,0,0
12691.394,15882,62,0,0,0,0,0,8,62164,5,44,0,0,0,0,0,0,0,0,0,0,0,0,0,0,0,0,0,0,0,0,0,0,679,14961,0,0,0,0
12708.750,17355,57,0,0,0,0,0,8,69806,5,44,0,0,0,0,0,0,0,0,0,0,0,0,0,0,0,0,0,0,0,0,0,0,239,15858,0,0,0,0
12725.443,16693,59,0,0,0,0,0,8,6496,5,44,0,0,0,0,0,0,0,0,0,0,0,0,0,0,0,0,0,0,0,0,0,0,244,17037,0,0,0,0
12742.112,16669,59,0,0,0,0,0,8,6817,5,44,0,0,0,0,0,0,0,0,0,0,0,0,0,0,0,0,0,0,0,0,0,0,225,16586,0,0,0,0
12759.600,17487,57,0,0,0,0,0,8,7150,5,44,0,0,0,0,0,0,0,0,0,0,0,0,0,0,0,0,0,0,0,0,0,0,226,16732,0,0,0,0
12775.117,15517,64,0,0,0,0,0,8,6320,5,44,0,0,0,0,0,0,0,0,0,0,0,0,0,0,0,0,0,0,0,0,0,0,242,17474,0,0,0,0
12792.207,17090,58,0,0,0,0,0,8,7002,5,44,0,0,0,0,0,0,0,0,0,0,0,0,0,0,0,0,0,0,0,0,0,0,198,15410,0,0,0,0
12808.736,16529,60,0,0,0,0,0,8,6757,5,44,0,0,0,0,0,0,0,0,0,0,0,0,0,0,0,0,0,0,0,0,0,0,233,17213,0,0,0,0
12825.262,16526,60,0,0,0,0,0,8,6701,5,44,0,0,0,0,0,0,0,0,0,0,0,0,0,0,0,0,0,0,0,0,0,0,228,16533,0,0,0,0
12841.651,16388,61,0,0,0,0,0,8,6267,5,44,0,0,0,0,0,0,0,0,0,0,0,0,0,0,0,0,0,0,0,0,0,0,210,16423,0,0,0,0
12858.603,16952,58,0,0,0,0,0,8,6939,5,44,0,0,0,0,0,0,0,0,0,0,0,0,0,0,0,0,0,0,0,0,0,0,211,16373,0,0,0,0
12875.449,16845,59,0,0,0,0,0,8,6819,5,44,0,0,0,0,0,0,0,0,0,0,0,0,0,0,0,0,0,0,0,0,0,0,236,17077,0,0,0,0
12892.151,16702,59,0,0,0,0,0,8,6798,5,44,0,0,0,0,0,0,0,0,0,0,0,0,0,0,0,0,0,0,0,0,0,0,217,16704,0,0,0,0
12908.844,16692,59,0,0,0,0,0,8,6807,5,44,0,0,0,0,0,0,0,0,0,0,0,0,0,0,0,0,0,0,0,0,0,0,237,16808,0,0,0,0
12926.124,17280,57,0,0,0,0,0,8,7030,5,44,0,0,0,0,0,0,0,0,0,0,0,0,0,0,0,0,0,0,0,0,0,0,209,16564,0,0,0,0
12942.607,16482,60,0,0,0,0,0,8,6732,5,44,0,0,0,0,0,0,0,0,0,0,0,0,0,0,0,0,0,0,0,0,0,0,229,17389,0,0,0,0
12958.733,16125,62,0,0,0,0,0,8,6593,5,44,0,0,0,0,0,0,0,0,0,0,0,0,0,0,0,0,0,0,0,0,0,0,239,16509,0,0,0,0
12975.133,16400,60,0,0,0,0,0,8,5562,5,44,0,0,0,0,0,0,0,0,0,0,0,0,0,0,0,0,0,0,0,0,0,0,226,16112,0,0,0,0
12992.610,17476,57,0,0,0,0,0,8,3231,5,44,0,0,0,0,0,0,0,0,0,0,0,0,0,0,0,0,0,0,0,0,0,0,217,16281,0,0,0,0
13008.734,16124,62,0,0,0,0,0,8,3006,5,44,0,0,0,0,0,0,0,0,0,0,0,0,0,0,0,0,0,0,0,0,0,0,223,17607,0,0,0,0
13025.351,16617,60,0,0,0,0,0,8,3111,5,44,0,0,0,0,0,0,0,0,0,0,0,0,0,0,0,0,0,0,0,0,0,0,221,16121,0,0,0,0
13042.232,16881,59,0,0,0,0,0,8,3052,5,44,0,0,0,0,0,0,0,0,0,0,0,0,0,0,0,0,0,0,0,0,0,0,224,16593,0,0,0,0
13057.981,15748,63,0,0,0,0,0,8,3080,5,44,0,0,0,0,0,0,0,0,0,0,0,0,0,0,0,0,0,0,0,0,0,0,236,16873,0,0,0,0
13075.472,17491,57,0,0,0,0,0,8,3075,5,44,0,0,0,0,0,0,0,0,0,0,0,0,0,0,0,0,0,0,0,0,0,0,230,15828,0,0,0,0
13092.014,16541,60,0,0,0,0,0,8,3103,5,44,0,0,0,0,0,0,0,0,0,0,0,0,0,0,0,0,0,0,0,0,0,0,233,17546,0,0,0,0
13108.702,16687,59,0,0,0,0,0,8,2610,5,44,0,0,0,0,0,0,0,0,0,0,0,0,0,0,0,0,0,0,0,0,0,0,208,16398,0,0,0,0
13125.389,16687,59,0,0,0,0,0,8,29008,5,45,0,0,0,0,0,0,0,0,0,0,0,0,0,0,0,0,0,0,0,0,0,0,3949,20394,0,0,0,0
13142.252,16862,59,0,0,0,0,0,8,54026,5,45,0,0,0,0,0,0,0,0,0,0,0,0,0,0,0,0,0,0,0,0,0,0,228,13231,0,0,0,0
13158.598,16346,61,0,0,0,0,0,8,65449,5,45,0,0,0,0,0,0,0,0,0,0,0,0,0,0,0,0,0,0,0,0,0,0,0,0,0,0,0,0
13274.388,115790,8,0,0,0,0,0,8,505299,16,45,0,0,0,0,0,0,0,0,0,0,0,0,0,0,0,0,0,0,0,0,0,0,130729,147141,0,0,0,0
13283.673,9283,107,0,0,0,0,0,8,738,5,45,0,0,0,0,0,0,0,0,0,0,0,0,0,0,0,0,0,0,0,0,0,0,174,942,0,0,0,0
13300.122,16449,60,0,0,0,0,0,8,525,5,45,0,0,0,0,0,0,0,0,0,0,0,0,0,0,0,0,0,0,0,0,0,0,193,9999,0,0,0,0
13317.609,17487,57,0,0,0,0,0,8,531,5,45,0,0,0,0,0,0,0,0,0,0,0,0,0,0,0,0,0,0,0,0,0,0,231,16414,0,0,0,0
13333.397,15788,63,0,0,0,0,0,8,458,5,45,0,0,0,0,0,0,0,0,0,0,0,0,0,0,0,0,0,0,0,0,0,0,224,17500,0,0,0,0
13350.113,16715,59,0,0,0,0,0,8,529,5,45,0,0,0,0,0,0,0,0,0,0,0,0,0,0,0,0,0,0,0,0,0,0,220,15772,0,0,0,0
13367.597,17484,57,0,0,0,0,0,8,504,5,45,0,0,0,0,0,0,0,0,0,0,0,0,0,0,0,0,0,0,0,0,0,0,233,16756,0,0,0,0
13383.763,16166,61,0,0,0,0,0,8,461,5,45,0,0,0,0,0,0,0,0,0,0,0,0,0,0,0,0,0,0,0,0,0,0,231,17477,0,0,0,0
13400.203,16439,60,0,0,0,0,0,8,528,5,45,0,0,0,0,0,0,0,0,0,0,0,0,0,0,0,0,0,0,0,0,0,0,230,16490,0,0,0,0
13417.596,17393,57,0,0,0,0,0,8,532,5,45,0,0,0,0,0,0,0,0,0,0,0,0,0,0,0,0,0,0,0,0,0,0,218,16438,0,0,0,0
13433.767,16170,61,0,0,0,0,0,8,464,5,45,0,0,0,0,0,0,0,0,0,0,0,0,0,0,0,0,0,0,0,0,0,0,291,17144,0,0,0,0
13450.597,16830,59,0,0,0,0,0,8,494,5,45,0,0,0,0,0,0,0,0,0,0,0,0,0,0,0,0,0,0,0,0,0,0,232,16136,0,0,0,0
13467.614,17016,58,0,0,0,0,0,8,526,5,45,0,0,0,0,0,0,0,0,0,0,0,0,0,0,0,0,0,0,0,0,0,0,220,16772,0,0,0,0
13483.526,15912,62,0,0,0,0,0,8,461,5,45,0,0,0,0,0,0,0,0,0,0,0,0,0,0,0,0,0,0,0,0,0,0,220,17034,0,0,0,0
13500.232,16705,59,0,0,0,0,0,8,526,5,45,0,0,0,0,0,0,0,0,0,0,0,0,0,0,0,0,0,0,0,0,0,0,200,15991,0,0,0,0
13517.119,16887,59,0,0,0,0,0,8,500,5,45,0,0,0,0,0,0,0,0,0,0,0,0,0,0,0,0,0,0,0,0,0,0,210,16536,0,0,0,0
13533.593,16473,60,0,0,0,0,0,8,469,5,45,0,0,0,0,0,0,0,0,0,0,0,0,0,0,0,0,0,0,0,0,0,0,245,16984,0,0,0,0
13549.660,16067,62,0,0,0,0,0,8,527,5,45,0,0,0,0,0,0,0,0,0,0,0,0,0,0,0,0,0,0,0,0,0,0,248,16446,0,0,0,0
13567.593,17932,55,0,0,0,0,0,8,531,5,45,0,0,0,0,0,0,0,0,0,0,0,0,0,0,0,0,0,0,0,0,0,0,234,16079,0,0,0,0
13583.387,15794,63,0,0,0,0,0,8,459,5,45,0,0,0,0,0,0,0,0,0,0,0,0,0,0,0,0,0,0,0,0,0,0,219,17926,0,0,0,0
13599.671,16283,61,0,0,0,0,0,8,491,5,45,0,0,0,0,0,0,0,0,0,0,0,0,0,0,0,0,0,0,0,0,0,0,224,15762,0,0,0,0
13617.602,17930,55,0,0,0,0,0,8,529,5,45,0,0,0,0,0,0,0,0,0,0,0,0,0,0,0,0,0,0,0,0,0,0,233,16702,0,0,0,0
13633.435,15833,63,0,0,0,0,0,8,458,5,45,0,0,0,0,0,0,0,0,0,0,0,0,0,0,0,0,0,0,0,0,0,0,250,17609,0,0,0,0
13649.676,16240,61,0,0,0,0,0,8,528,5,45,0,0,0,0,0,0,0,0,0,0,0,0,0,0,0,0,0,0,0,0,0,0,251,15801,0,0,0,0
13666.462,16786,59,0,0,0,0,0,8,527,5,45,0,0,0,0,0,0,0,0,0,0,0,0,0,0,0,0,0,0,0,0,0,0,199,16096,0,0,0,0
13684.597,18134,55,0,0,0,0,0,8,442,5,45,0,0,0,0,0,0,0,0,0,0,0,0,0,0,0,0,0,0,0,0,0,0,230,16854,0,0,0,0
13700.303,15705,63,0,0,0,0,0,8,520,5,45,0,0,0,0,0,0,0,0,0,0,0,0,0,0,0,0,0,0,0,0,0,0,237,18183,0,0,0,0
13717.590,17287,57,0,0,0,0,0,8,525,5,45,0,0,0,0,0,0,0,0,0,0,0,0,0,0,0,0,0,0,0,0,0,0,225,15676,0,0,0,0
13734.122,16532,60,0,0,0,0,0,8,470,5,45,0,0,0,0,0,0,0,0,0,0,0,0,0,0,0,0,0,0,0,0,0,0,223,17309,0,0,0,0
13750.104,15982,62,0,0,0,0,0,8,523,5,45,0,0,0,0,0,0,0,0,0,0,0,0,0,0,0,0,0,0,0,0,0,0,227,16579,0,0,0,0
13767.590,17484,57,0,0,0,0,0,8,498,5,45,0,0,0,0,0,0,0,0,0,0,0,0,0,0,0,0,0,0,0,0,0,0,219,15950,0,0,0,0
13783.700,16110,62,0,0,0,0,0,8,462,5,45,0,0,0,0,0,0,0,0,0,0,0,0,0,0,0,0,0,0,0,0,0,0,225,17477,0,0,0,0
13800.170,16470,60,0,0,0,0,0,8,528,5,45,0,0,0,0,0,0,0,0,0,0,0,0,0,0,0,0,0,0,0,0,0,0,219,16066,0,0,0,0
13816.491,16320,61,0,0,0,0,0,8,526,5,45,0,0,0,0,0,0,0,0,0,0,0,0,0,0,0,0,0,0,0,0,0,0,224,16492,0,0,0,0
13833.753,17262,57,0,0,0,0,0,8,471,5,45,0,0,0,0,0,0,0,0,0,0,0,0,0,0,0,0,0,0,0,0,0,0,241,16317,0,0,0,0
13850.171,16418,60,0,0,0,0,0,8,494,5,45,0,0,0,0,0,0,0,0,0,0,0,0,0,0,0,0,0,0,0,0,0,0,235,17308,0,0,0,0
13867.118,16946,59,0,0,0,0,0,8,528,5,45,0,0,0,0,0,0,0,0,0,0,0,0,0,0,0,0,0,0,0,0,0,0,218,16399,0,0,0,0
13883.615,16496,60,0,0,0,0,0,8,459,5,45,0,0,0,0,0,0,0,0,0,0,0,0,0,0,0,0,0,0,0,0,0,0,238,17023,0,0,0,0
13900.166,16550,60,0,0,0,0,0,8,529,5,45,0,0,0,0,0,0,0,0,0,0,0,0,0,0,0,0,0,0,0,0,0,0,229,16441,0,0,0,0
13917.043,16877,59,0,0,0,0,0,8,492,5,45,0,0,0,0,0,0,0,0,0,0,0,0,0,0,0,0,0,0,0,0,0,0,224,16550,0,0,0,0
13933.569,16525,60,0,0,0,0,0,8,470,5,45,0,0,0,0,0,0,0,0,0,0,0,0,0,0,0,0,0,0,0,0,0,0,225,16848,0,0,0,0
13949.648,16079,62,0,0,0,0,0,8,537,5,45,0,0,0,0,0,0,0,0,0,0,0,0,0,0,0,0,0,0,0,0,0,0,232,16639,0,0,0,0
13966.338,16689,59,0,0,0,0,0,8,525,5,45,0,0,0,0,0,0,0,0,0,0,0,0,0,0,0,0,0,0,0,0,0,0,203,15873,0,0,0,0
13983.820,17481,57,0,0,0,0,0,8,466,5,45,0,0,0,0,0,0,0,0,0,0,0,0,0,0,0,0,0,0,0,0,0,0,208,16921,0,0,0,0
13999.686,15865,63,0,0,0,0,0,8,494,5,45,0,0,0,0,0,0,0,0,0,0,0,0,0,0,0,0,0,0,0,0,0,0,214,17393,0,0,0,0
14017.586,17900,55,0,0,0,0,0,8,529,5,45,0,0,0,0,0,0,0,0,0,0,0,0,0,0,0,0,0,0,0,0,0,0,206,15724,0,0,0,0
14033.685,16099,62,0,0,0,0,0,8,463,5,45,0,0,0,0,0,0,0,0,0,0,0,0,0,0,0,0,0,0,0,0,0,0,240,18011,0,0,0,0
14050.109,16413,60,0,0,0,0,0,8,524,5,45,0,0,0,0,0,0,0,0,0,0,0,0,0,0,0,0,0,0,0,0,0,0,263,16142,0,0,0,0
14067.587,17488,57,0,0,0,0,0,8,526,5,45,0,0,0,0,0,0,0,0,0,0,0,0,0,0,0,0,0,0,0,0,0,0,233,16391,0,0,0,0
14083.675,16088,62,0,0,0,0,0,8,426,5,45,0,0,0,0,0,0,0,0,0,0,0,0,0,0,0,0,0,0,0,0,0,0,228,17467,0,0,0,0
14100.336,16661,60,0,0,0,0,0,8,532,5,45,0,0,0,0,0,0,0,0,0,0,0,0,0,0,0,0,0,0,0,0,0,0,212,16078,0,0,0,0
14116.486,16149,61,0,0,0,0,0,8,523,5,45,0,0,0,0,0,0,0,0,0,0,0,0,0,0,0,0,0,0,0,0,0,0,227,16647,0,0,0,0
14133.295,16808,59,0,0,0,0,0,8,469,5,45,0,0,0,0,0,0,0,0,0,0,0,0,0,0,0,0,0,0,0,0,0,0,228,16112,0,0,0,0
14150.371,17076,58,0,0,0,0,0,8,531,5,45,0,0,0,0,0,0,0,0,0,0,0,0,0,0,0,0,0,0,0,0,0,0,219,17068,0,0,0,0
14167.601,17229,58,0,0,0,0,0,8,499,5,45,0,0,0,0,0,0,0,0,0,0,0,0,0,0,0,0,0,0,0,0,0,0,219,16847,0,0,0,0
14183.916,16304,61,0,0,0,0,0,8,465,5,45,0,0,0,0,0,0,0,0,0,0,0,0,0,0,0,0,0,0,0,0,0,0,239,17250,0,0,0,0
14200.741,16835,59,0,0,0,0,0,8,525,5,45,0,0,0,0,0,0,0,0,0,0,0,0,0,0,0,0,0,0,0,0,0,0,226,16321,0,0,0,0
14217.590,16849,59,0,0,0,0,0,8,524,5,45,0,0,0,0,0,0,0,0,0,0,0,0,0,0,0,0,0,0,0,0,0,0,229,16809,0,0,0,0
14233.241,15651,63,0,0,0,0,0,8,459,5,45,0,0,0,0,0,0,0,0,0,0,0,0,0,0,0,0,0,0,0,0,0,0,223,16884,0,0,0,0
14250.633,17391,57,0,0,0,0,0,8,495,5,45,0,0,0,0,0,0,0,0,0,0,0,0,0,0,0,0,0,0,0,0,0,0,232,15634,0,0,0,0
14266.340,15707,63,0,0,0,0,0,8,516,5,45,0,0,0,0,0,0,0,0,0,0,0,0,0,0,0,0,0,0,0,0,0,0,224,17355,0,0,0,0
14283.431,17090,58,0,0,0,0,0,8,466,5,45,0,0,0,0,0,0,0,0,0,0,0,0,0,0,0,0,0,0,0,0,0,0,210,15922,0,0,0,0
14300.478,17047,58,0,0,0,0,0,8,529,5,45,0,0,0,0,0,0,0,0,0,0,0,0,0,0,0,0,0,0,0,0,0,0,234,16876,0,0,0,0
14317.246,16767,59,0,0,0,0,0,8,499,5,45,0,0,0,0,0,0,0,0,0,0,0,0,0,0,0,0,0,0,0,0,0,0,232,17025,0,0,0,0
14333.689,16443,60,0,0,0,0,0,8,466,5,45,0,0,0,0,0,0,0,0,0,0,0,0,0,0,0,0,0,0,0,0,0,0,233,16776,0,0,0,0
14350.162,16473,60,0,0,0,0,0,8,529,5,45,0,0,0,0,0,0,0,0,0,0,0,0,0,0,0,0,0,0,0,0,0,0,213,16326,0,0,0,0
14367.109,16946,59,0,0,0,0,0,8,526,5,45,0,0,0,0,0,0,0,0,0,0,0,0,0,0,0,0,0,0,0,0,0,0,227,16598,0,0,0,0
14383.816,16707,59,0,0,0,0,0,8,466,5,45,0,0,0,0,0,0,0,0,0,0,0,0,0,0,0,0,0,0,0,0,0,0,215,16970,0,0,0,0
14400.174,16358,61,0,0,0,0,0,8,487,5,45,0,0,0,0,0,0,0,0,0,0,0,0,0,0,0,0,0,0,0,0,0,0,243,16733,0,0,0,0
14417.584,17410,57,0,0,0,0,0,8,534,5,45,0,0,0,0,0,0,0,0,0,0,0,0,0,0,0,0,0,0,0,0,0,0,234,16369,0,0,0,0
14434.585,17001,58,0,0,0,0,0,8,462,5,45,0,0,0,0,0,0,0,0,0,0,0,0,0,0,0,0,0,0,0,0,0,0,237,17383,0,0,0,0
14450.343,15757,63,0,0,0,0,0,8,526,5,45,0,0,0,0,0,0,0,0,0,0,0,0,0,0,0,0,0,0,0,0,0,0,226,17016,0,0,0,0
14466.727,16384,61,0,0,0,0,0,8,525,5,45,0,0,0,0,0,0,0,0,0,0,0,0,0,0,0,0,0,0,0,0,0,0,218,15749,0,0,0,0
14483.731,17003,58,0,0,0,0,0,8,434,5,45,0,0,0,0,0,0,0,0,0,0,0,0,0,0,0,0,0,0,0,0,0,0,227,16337,0,0,0,0
14499.750,16019,62,0,0,0,0,0,8,522,5,45,0,0,0,0,0,0,0,0,0,0,0,0,0,0,0,0,0,0,0,0,0,0,227,16977,0,0,0,0
14517.013,17262,57,0,0,0,0,0,8,529,5,45,0,0,0,0,0,0,0,0,0,0,0,0,0,0,0,0,0,0,0,0,0,0,219,16068,0,0,0,0
14533.922,16908,59,0,0,0,0,0,8,463,5,45,0,0,0,0,0,0,0,0,0,0,0,0,0,0,0,0,0,0,0,0,0,0,242,17283,0,0,0,0
14549.763,15840,63,0,0,0,0,0,8,528,5,45,0,0,0,0,0,0,0,0,0,0,0,0,0,0,0,0,0,0,0,0,0,0,217,17054,0,0,0,0
14567.586,17823,56,0,0,0,0,0,8,495,5,45,0,0,0,0,0,0,0,0,0,0,0,0,0,0,0,0,0,0,0,0,0,0,236,15688,0,0,0,0
14583.730,16132,61,0,0,0,0,0,8,462,5,45,0,0,0,0,0,0,0,0,0,0,0,0,0,0,0,0,0,0,0,0,0,0,236,17805,0,0,0,0
14600.302,16582,60,0,0,0,0,0,8,521,5,45,0,0,0,0,0,0,0,0,0,0,0,0,0,0,0,0,0,0,0,0,0,0,226,16166,0,0,0,0
14617.583,17280,57,0,0,0,0,0,8,531,5,45,0,0,0,0,0,0,0,0,0,0,0,0,0,0,0,0,0,0,0,0,0,0,218,16529,0,0,0,0
14633.989,16407,60,0,0,0,0,0,8,464,5,45,0,0,0,0,0,0,0,0,0,0,0,0,0,0,0,0,0,0,0,0,0,0,233,17328,0,0,0,0
14650.277,16287,61,0,0,0,0,0,8,502,5,45,0,0,0,0,0,0,0,0,0,0,0,0,0,0,0,0,0,0,0,0,0,0,238,16419,0,0,0,0
14667.169,16891,59,0,0,0,0,0,8,527,5,45,0,0,0,0,0,0,0,0,0,0,0,0,0,0,0,0,0,0,0,0,0,0,203,16145,0,0,0,0
14683.311,16142,61,0,0,0,0,0,8,463,5,45,0,0,0,0,0,0,0,0,0,0,0,0,0,0,0,0,0,0,0,0,0,0,215,16940,0,0,0,0
14699.668,16357,61,0,0,0,0,0,8,528,5,45,0,0,0,0,0,0,0,0,0,0,0,0,0,0,0,0,0,0,0,0,0,0,232,16198,0,0,0,0
14716.642,16974,58,0,0,0,0,0,8,488,5,45,0,0,0,0,0,0,0,0,0,0,0,0,0,0,0,0,0,0,0,0,0,0,228,16384,0,0,0,0
14733.721,17079,58,0,0,0,0,0,8,469,5,45,0,0,0,0,0,0,0,0,0,0,0,0,0,0,0,0,0,0,0,0,0,0,292,17030,0,0,0,0
14750.187,16465,60,0,0,0,0,0,8,526,5,45,0,0,0,0,0,0,0,0,0,0,0,0,0,0,0,0,0,0,0,0,0,0,230,16970,0,0,0,0
14767.585,17397,57,0,0,0,0,0,8,531,5,45,0,0,0,0,0,0,0,0,0,0,0,0,0,0,0,0,0,0,0,0,0,0,227,16498,0,0,0,0
14784.581,16996,58,0,0,0,0,0,8,468,5,45,0,0,0,0,0,0,0,0,0,0,0,0,0,0,0,0,0,0,0,0,0,0,208,17289,0,0,0,0
14800.276,15694,63,0,0,0,0,0,8,495,5,45,0,0,0,0,0,0,0,0,0,0,0,0,0,0,0,0,0,0,0,0,0,0,243,17121,0,0,0,0
14817.585,17309,57,0,0,0,0,0,8,531,5,45,0,0,0,0,0,0,0,0,0,0,0,0,0,0,0,0,0,0,0,0,0,0,207,15551,0,0,0,0
14833.659,16073,62,0,0,0,0,0,8,465,5,45,0,0,0,0,0,0,0,0,0,0,0,0,0,0,0,0,0,0,0,0,0,0,241,17455,0,0,0,0
14850.184,16524,60,0,0,0,0,0,8,526,5,45,0,0,0,0,0,0,0,0,0,0,0,0,0,0,0,0,0,0,0,0,0,0,226,15958,0,0,0,0
14867.139,16955,58,0,0,0,0,0,8,529,5,45,0,0,0,0,0,0,0,0,0,0,0,0,0,0,0,0,0,0,0,0,0,0,250,16621,0,0,0,0
14884.581,17441,57,0,0,0,0,0,8,433,5,45,0,0,0,0,0,0,0,0,0,0,0,0,0,0,0,0,0,0,0,0,0,0,244,17045,0,0,0,0
14900.362,15781,63,0,0,0,0,0,8,529,5,45,0,0,0,0,0,0,0,0,0,0,0,0,0,0,0,0,0,0,0,0,0,0,197,17247,0,0,0,0
14917.578,17215,58,0,0,0,0,0,8,524,5,45,0,0,0,0,0,0,0,0,0,0,0,0,0,0,0,0,0,0,0,0,0,0,214,15866,0,0,0,0
14933.861,16283,61,0,0,0,0,0,8,462,5,45,0,0,0,0,0,0,0,0,0,0,0,0,0,0,0,0,0,0,0,0,0,0,226,17245,0,0,0,0
14950.091,16229,61,0,0,0,0,0,8,525,5,45,0,0,0,0,0,0,0,0,0,0,0,0,0,0,0,0,0,0,0,0,0,0,232,16951,0,0,0,0
14967.585,17494,57,0,0,0,0,0,8,499,5,45,0,0,0,0,0,0,0,0,0,0,0,0,0,0,0,0,0,0,0,0,0,0,219,15521,0,0,0,0
14983.787,16202,61,0,0,0,0,0,8,463,5,45,0,0,0,0,0,0,0,0,0,0,0,0,0,0,0,0,0,0,0,0,0,0,241,17529,0,0,0,0
14999.892,16104,62,0,0,0,0,0,8,525,5,45,0,0,0,0,0,0,0,0,0,0,0,0,0,0,0,0,0,0,0,0,0,0,225,16922,0,0,0,0
15017.169,17277,57,0,0,0,0,0,8,531,5,45,0,0,0,0,0,0,0,0,0,0,0,0,0,0,0,0,0,0,0,0,0,0,222,15385,0,0,0,0
15033.379,16210,61,0,0,0,0,0,8,462,5,45,0,0,0,0,0,0,0,0,0,0,0,0,0,0,0,0,0,0,0,0,0,0,234,17263,0,0,0,0
15050.155,16776,59,0,0,0,0,0,8,495,5,45,0,0,0,0,0,0,0,0,0,0,0,0,0,0,0,0,0,0,0,0,0,0,220,16131,0,0,0,0
15067.096,16940,59,0,0,0,0,0,8,530,5,45,0,0,0,0,0,0,0,0,0,0,0,0,0,0,0,0,0,0,0,0,0,0,226,16831,0,0,0,0
15083.416,16320,61,0,0,0,0,0,8,464,5,45,0,0,0,0,0,0,0,0,0,0,0,0,0,0,0,0,0,0,0,0,0,0,277,17446,0,0,0,0
15100.110,16693,59,0,0,0,0,0,8,530,5,45,0,0,0,0,0,0,0,0,0,0,0,0,0,0,0,0,0,0,0,0,0,0,204,15729,0,0,0,0
15117.575,17464,57,0,0,0,0,0,8,495,5,45,0,0,0,0,0,0,0,0,0,0,0,0,0,0,0,0,0,0,0,0,0,0,215,16818,0,0,0,0
15133.284,15709,63,0,0,0,0,0,8,465,5,45,0,0,0,0,0,0,0,0,0,0,0,0,0,0,0,0,0,0,0,0,0,0,233,17469,0,0,0,0
15150.174,16890,59,0,0,0,0,0,8,526,5,45,0,0,0,0,0,0,0,0,0,0,0,0,0,0,0,0,0,0,0,0,0,0,230,15927,0,0,0,0
15166.785,16610,60,0,0,0,0,0,8,526,5,45,0,0,0,0,0,0,0,0,0,0,0,0,0,0,0,0,0,0,0,0,0,0,238,16646,0,0,0,0
15184.097,17312,57,0,0,0,0,0,8,468,5,45,0,0,0,0,0,0,0,0,0,0,0,0,0,0,0,0,0,0,0,0,0,0,237,16607,0,0,0,0
15200.256,16159,61,0,0,0,0,0,8,494,5,45,0,0,0,0,0,0,0,0,0,0,0,0,0,0,0,0,0,0,0,0,0,0,226,17321,0,0,0,0
15216.949,16693,59,0,0,0,0,0,8,526,5,45,0,0,0,0,0,0,0,0,0,0,0,0,0,0,0,0,0,0,0,0,0,0,235,16152,0,0,0,0
15233.159,16210,61,0,0,0,0,0,8,461,5,45,0,0,0,0,0,0,0,0,0,0,0,0,0,0,0,0,0,0,0,0,0,0,228,16725,0,0,0,0
15250.207,17048,58,0,0,0,0,0,8,529,5,45,0,0,0,0,0,0,0,0,0,0,0,0,0,0,0,0,0,0,0,0,0,0,223,16197,0,0,0,0
15267.575,17368,57,0,0,0,0,0,8,533,5,45,0,0,0,0,0,0,0,0,0,0,0,0,0,0,0,0,0,0,0,0,0,0,244,17018,0,0,0,0
15284.591,17016,58,0,0,0,0,0,8,435,5,45,0,0,0,0,0,0,0,0,0,0,0,0,0,0,0,0,0,0,0,0,0,0,275,17465,0,0,0,0
15299.786,15194,65,0,0,0,0,0,8,521,5,45,0,0,0,0,0,0,0,0,0,0,0,0,0,0,0,0,0,0,0,0,0,0,213,16854,0,0,0,0
15317.574,17788,56,0,0,0,0,0,8,527,5,45,0,0,0,0,0,0,0,0,0,0,0,0,0,0,0,0,0,0,0,0,0,0,231,15303,0,0,0,0
15334.095,16521,60,0,0,0,0,0,8,466,5,45,0,0,0,0,0,0,0,0,0,0,0,0,0,0,0,0,0,0,0,0,0,0,232,17778,0,0,0,0
15350.284,16188,61,0,0,0,0,0,8,528,5,45,0,0,0,0,0,0,0,0,0,0,0,0,0,0,0,0,0,0,0,0,0,0,244,16588,0,0,0,0
15367.573,17288,57,0,0,0,0,0,8,497,5,45,0,0,0,0,0,0,0,0,0,0,0,0,0,0,0,0,0,0,0,0,0,0,217,16064,0,0,0,0
15384.587,17013,58,0,0,0,0,0,8,466,5,45,0,0,0,0,0,0,0,0,0,0,0,0,0,0,0,0,0,0,0,0,0,0,224,17339,0,0,0,0
15399.671,15084,66,0,0,0,0,0,8,522,5,45,0,0,0,0,0,0,0,0,0,0,0,0,0,0,0,0,0,0,0,0,0,0,241,17017,0,0,0,0
15417.165,17494,57,0,0,0,0,0,8,529,5,45,0,0,0,0,0,0,0,0,0,0,0,0,0,0,0,0,0,0,0,0,0,0,204,15222,0,0,0,0
15433.445,16280,61,0,0,0,0,0,8,463,5,45,0,0,0,0,0,0,0,0,0,0,0,0,0,0,0,0,0,0,0,0,0,0,232,17329,0,0,0,0
15450.083,16637,60,0,0,0,0,0,8,497,5,45,0,0,0,0,0,0,0,0,0,0,0,0,0,0,0,0,0,0,0,0,0,0,226,16266,0,0,0,0
15466.431,16348,61,0,0,0,0,0,8,525,5,45,0,0,0,0,0,0,0,0,0,0,0,0,0,0,0,0,0,0,0,0,0,0,216,16676,0,0,0,0
15483.888,17457,57,0,0,0,0,0,8,468,5,45,0,0,0,0,0,0,0,0,0,0,0,0,0,0,0,0,0,0,0,0,0,0,236,16442,0,0,0,0
15499.619,15730,63,0,0,0,0,0,8,522,5,45,0,0,0,0,0,0,0,0,0,0,0,0,0,0,0,0,0,0,0,0,0,0,251,18128,0,0,0,0
15517.570,17951,55,0,0,0,0,0,8,497,5,45,0,0,0,0,0,0,0,0,0,0,0,0,0,0,0,0,0,0,0,0,0,0,241,14924,0,0,0,0
15533.102,15531,64,0,0,0,0,0,8,460,5,45,0,0,0,0,0,0,0,0,0,0,0,0,0,0,0,0,0,0,0,0,0,0,233,17984,0,0,0,0
15549.661,16558,60,0,0,0,0,0,8,525,5,45,0,0,0,0,0,0,0,0,0,0,0,0,0,0,0,0,0,0,0,0,0,0,220,15501,0,0,0,0
15567.111,17450,57,0,0,0,0,0,8,525,5,45,0,0,0,0,0,0,0,0,0,0,0,0,0,0,0,0,0,0,0,0,0,0,233,16579,0,0,0,0
15584.087,16976,58,0,0,0,0,0,8,466,5,45,0,0,0,0,0,0,0,0,0,0,0,0,0,0,0,0,0,0,0,0,0,0,231,17514,0,0,0,0
15600.289,16201,61,0,0,0,0,0,8,496,5,45,0,0,0,0,0,0,0,0,0,0,0,0,0,0,0,0,0,0,0,0,0,0,236,16919,0,0,0,0
15616.299,16010,62,0,0,0,0,0,8,505,5,45,0,0,0,0,0,0,0,0,0,0,0,0,0,0,0,0,0,0,0,0,0,0,209,16079,0,0,0,0
15633.823,17523,57,0,0,0,0,0,8,493,5,45,0,0,0,0,0,0,0,0,0,0,0,0,0,0,0,0,0,0,0,0,0,0,213,16285,0,0,0,0
15650.177,16354,61,0,0,0,0,0,8,527,5,45,0,0,0,0,0,0,0,0,0,0,0,0,0,0,0,0,0,0,0,0,0,0,221,17978,0,0,0,0
15667.574,17396,57,0,0,0,0,0,8,530,5,45,0,0,0,0,0,0,0,0,0,0,0,0,0,0,0,0,0,0,0,0,0,0,229,15723,0,0,0,0
15683.142,15568,64,0,0,0,0,0,8,433,5,45,0,0,0,0,0,0,0,0,0,0,0,0,0,0,0,0,0,0,0,0,0,0,225,17428,0,0,0,0
15700.574,17431,57,0,0,0,0,0,8,532,5,45,0,0,0,0,0,0,0,0,0,0,0,0,0,0,0,0,0,0,0,0,0,0,202,15447,0,0,0,0
15717.204,16630,60,0,0,0,0,0,8,531,5,45,0,0,0,0,0,0,0,0,0,0,0,0,0,0,0,0,0,0,0,0,0,0,247,17565,0,0,0,0
15734.572,17367,57,0,0,0,0,0,8,467,5,45,0,0,0,0,0,0,0,0,0,0,0,0,0,0,0,0,0,0,0,0,0,0,204,16512,0,0,0,0
15750.575,16002,62,0,0,0,0,0,8,521,5,45,0,0,0,0,0,0,0,0,0,0,0,0,0,0,0,0,0,0,0,0,0,0,219,17483,0,0,0,0
15767.130,16555,60,0,0,0,0,0,8,491,5,45,0,0,0,0,0,0,0,0,0,0,0,0,0,0,0,0,0,0,0,0,0,0,212,15983,0,0,0,0
15783.812,16681,59,0,0,0,0,0,8,469,5,45,0,0,0,0,0,0,0,0,0,0,0,0,0,0,0,0,0,0,0,0,0,0,231,16584,0,0,0,0
15800.282,16469,60,0,0,0,0,0,8,528,5,45,0,0,0,0,0,0,0,0,0,0,0,0,0,0,0,0,0,0,0,0,0,0,240,16612,0,0,0,0
15817.085,16802,59,0,0,0,0,0,8,525,5,45,0,0,0,0,0,0,0,0,0,0,0,0,0,0,0,0,0,0,0,0,0,0,221,16478,0,0,0,0
15833.760,16675,59,0,0,0,0,0,8,469,5,45,0,0,0,0,0,0,0,0,0,0,0,0,0,0,0,0,0,0,0,0,0,0,224,16847,0,0,0,0
15850.340,16580,60,0,0,0,0,0,8,491,5,45,0,0,0,0,0,0,0,0,0,0,0,0,0,0,0,0,0,0,0,0,0,0,249,17534,0,0,0,0
15867.093,16752,59,0,0,0,0,0,8,501,5,45,0,0,0,0,0,0,0,0,0,0,0,0,0,0,0,0,0,0,0,0,0,0,226,15691,0,0,0,0
15884.580,17486,57,0,0,0,0,0,8,495,5,45,0,0,0,0,0,0,0,0,0,0,0,0,0,0,0,0,0,0,0,0,0,0,217,17181,0,0,0,0
15900.219,15639,63,0,0,0,0,0,8,523,5,45,0,0,0,0,0,0,0,0,0,0,0,0,0,0,0,0,0,0,0,0,0,0,272,17167,0,0,0,0
15917.113,16893,59,0,0,0,0,0,8,483,5,45,0,0,0,0,0,0,0,0,0,0,0,0,0,0,0,0,0,0,0,0,0,0,208,15527,0,0,0,0
15934.587,17461,57,0,0,0,0,0,8,478,5,45,0,0,0,0,0,0,0,0,0,0,0,0,0,0,0,0,0,0,0,0,0,0,216,17292,0,0,0,0
15950.096,15522,64,0,0,0,0,0,8,538,5,45,0,0,0,0,0,0,0,0,0,0,0,0,0,0,0,0,0,0,0,0,0,0,233,17272,0,0,0,0
15967.089,16992,58,0,0,0,0,0,8,500,5,45,0,0,0,0,0,0,0,0,0,0,0,0,0,0,0,0,0,0,0,0,0,0,215,15348,0,0,0,0
15984.128,17039,58,0,0,0,0,0,8,496,5,45,0,0,0,0,0,0,0,0,0,0,0,0,0,0,0,0,0,0,0,0,0,0,230,17393,0,0,0,0
15999.655,15526,64,0,0,0,0,0,8,488,5,45,0,0,0,0,0,0,0,0,0,0,0,0,0,0,0,0,0,0,0,0,0,0,231,16550,0,0,0,0
16017.229,17574,56,0,0,0,0,0,8,526,5,45,0,0,0,0,0,0,0,0,0,0,0,0,0,0,0,0,0,0,0,0,0,0,231,15598,0,0,0,0
16033.225,15995,62,0,0,0,0,0,8,459,5,45,0,0,0,0,0,0,0,0,0,0,0,0,0,0,0,0,0,0,0,0,0,0,236,17876,0,0,0,0
16050.162,16936,59,0,0,0,0,0,8,524,5,45,0,0,0,0,0,0,0,0,0,0,0,0,0,0,0,0,0,0,0,0,0,0,221,15694,0,0,0,0
16066.962,16799,59,0,0,0,0,0,8,525,5,45,0,0,0,0,0,0,0,0,0,0,0,0,0,0,0,0,0,0,0,0,0,0,221,16900,0,0,0,0
16083.804,16842,59,0,0,0,0,0,8,439,5,45,0,0,0,0,0,0,0,0,0,0,0,0,0,0,0,0,0,0,0,0,0,0,223,16825,0,0,0,0
16100.720,16902,59,0,0,0,0,0,8,521,5,45,0,0,0,0,0,0,0,0,0,0,0,0,0,0,0,0,0,0,0,0,0,0,243,17589,0,0,0,0
16117.144,16438,60,0,0,0,0,0,8,521,5,45,0,0,0,0,0,0,0,0,0,0,0,0,0,0,0,0,0,0,0,0,0,0,251,16263,0,0,0,0
16133.407,16263,61,0,0,0,0,0,8,466,5,45,0,0,0,0,0,0,0,0,0,0,0,0,0,0,0,0,0,0,0,0,0,0,222,16360,0,0,0,0
16150.211,16803,59,0,0,0,0,0,8,529,5,45,0,0,0,0,0,0,0,0,0,0,0,0,0,0,0,0,0,0,0,0,0,0,218,16158,0,0,0,0
16167.095,16883,59,0,0,0,0,0,8,496,5,45,0,0,0,0,0,0,0,0,0,0,0,0,0,0,0,0,0,0,0,0,0,0,231,16847,0,0,0,0
16183.397,16301,61,0,0,0,0,0,8,465,5,45,0,0,0,0,0,0,0,0,0,0,0,0,0,0,0,0,0,0,0,0,0,0,237,16993,0,0,0,0
16200.570,17173,58,0,0,0,0,0,8,527,5,45,0,0,0,0,0,0,0,0,0,0,0,0,0,0,0,0,0,0,0,0,0,0,225,16175,0,0,0,0
16217.573,17003,58,0,0,0,0,0,8,533,5,45,0,0,0,0,0,0,0,0,0,0,0,0,0,0,0,0,0,0,0,0,0,0,206,16184,0,0,0,0
16233.341,15768,63,0,0,0,0,0,8,457,5,45,0,0,0,0,0,0,0,0,0,0,0,0,0,0,0,0,0,0,0,0,0,0,239,18074,0,0,0,0
16250.182,16840,59,0,0,0,0,0,8,499,5,45,0,0,0,0,0,0,0,0,0,0,0,0,0,0,0,0,0,0,0,0,0,0,218,15683,0,0,0,0
16267.571,17389,57,0,0,0,0,0,8,529,5,45,0,0,0,0,0,0,0,0,0,0,0,0,0,0,0,0,0,0,0,0,0,0,231,16869,0,0,0,0
16283.221,15649,63,0,0,0,0,0,8,465,5,45,0,0,0,0,0,0,0,0,0,0,0,0,0,0,0,0,0,0,0,0,0,0,230,17431,0,0,0,0
16300.088,16867,59,0,0,0,0,0,8,532,5,45,0,0,0,0,0,0,0,0,0,0,0,0,0,0,0,0,0,0,0,0,0,0,228,15628,0,0,0,0
16317.108,17019,58,0,0,0,0,0,8,486,5,45,0,0,0,0,0,0,0,0,0,0,0,0,0,0,0,0,0,0,0,0,0,0,282,17445,0,0,0,0
16333.796,16688,59,0,0,0,0,0,8,466,5,45,0,0,0,0,0,0,0,0,0,0,0,0,0,0,0,0,0,0,0,0,0,0,238,16534,0,0,0,0
16350.215,16419,60,0,0,0,0,0,8,520,5,45,0,0,0,0,0,0,0,0,0,0,0,0,0,0,0,0,0,0,0,0,0,0,233,16556,0,0,0,0
16367.568,17353,57,0,0,0,0,0,8,529,5,45,0,0,0,0,0,0,0,0,0,0,0,0,0,0,0,0,0,0,0,0,0,0,213,16425,0,0,0,0
16384.568,16999,58,0,0,0,0,0,8,462,5,45,0,0,0,0,0,0,0,0,0,0,0,0,0,0,0,0,0,0,0,0,0,0,223,17407,0,0,0,0
16400.142,15574,64,0,0,0,0,0,8,492,5,45,0,0,0,0,0,0,0,0,0,0,0,0,0,0,0,0,0,0,0,0,0,0,233,17015,0,0,0,0
16417.576,17434,57,0,0,0,0,0,8,530,5,45,0,0,0,0,0,0,0,0,0,0,0,0,0,0,0,0,0,0,0,0,0,0,226,15930,0,0,0,0
16434.588,16992,58,0,0,0,0,0,8,467,5,45,0,0,0,0,0,0,0,0,0,0,0,0,0,0,0,0,0,0,0,0,0,0,222,17043,0,0,0,0
16450.622,16053,62,0,0,0,0,0,8,524,5,45,0,0,0,0,0,0,0,0,0,0,0,0,0,0,0,0,0,0,0,0,0,0,228,17021,0,0,0,0
16467.103,16481,60,0,0,0,0,0,8,528,5,45,0,0,0,0,0,0,0,0,0,0,0,0,0,0,0,0,0,0,0,0,0,0,227,16026,0,0,0,0
16484.161,17058,58,0,0,0,0,0,8,432,5,45,0,0,0,0,0,0,0,0,0,0,0,0,0,0,0,0,0,0,0,0,0,0,226,16468,0,0,0,0
16500.282,16120,62,0,0,0,0,0,8,526,5,45,0,0,0,0,0,0,0,0,0,0,0,0,0,0,0,0,0,0,0,0,0,0,254,17098,0,0,0,0
16517.150,16868,59,0,0,0,0,0,8,529,5,45,0,0,0,0,0,0,0,0,0,0,0,0,0,0,0,0,0,0,0,0,0,0,217,16087,0,0,0,0
16533.368,16217,61,0,0,0,0,0,8,461,5,45,0,0,0,0,0,0,0,0,0,0,0,0,0,0,0,0,0,0,0,0,0,0,223,16881,0,0,0,0
16549.827,16459,60,0,0,0,0,0,8,526,5,45,0,0,0,0,0,0,0,0,0,0,0,0,0,0,0,0,0,0,0,0,0,0,224,16177,0,0,0,0
16567.076,17248,57,0,0,0,0,0,8,469,5,45,0,0,0,0,0,0,0,0,0,0,0,0,0,0,0,0,0,0,0,0,0,0,231,16486,0,0,0,0
16583.359,16282,61,0,0,0,0,0,8,491,5,45,0,0,0,0,0,0,0,0,0,0,0,0,0,0,0,0,0,0,0,0,0,0,229,17660,0,0,0,0
16600.178,16819,59,0,0,0,0,0,8,530,5,45,0,0,0,0,0,0,0,0,0,0,0,0,0,0,0,0,0,0,0,0,0,0,226,15864,0,0,0,0
16617.088,16909,59,0,0,0,0,0,8,534,5,45,0,0,0,0,0,0,0,0,0,0,0,0,0,0,0,0,0,0,0,0,0,0,234,16804,0,0,0,0
16633.729,16641,60,0,0,0,0,0,8,463,5,45,0,0,0,0,0,0,0,0,0,0,0,0,0,0,0,0,0,0,0,0,0,0,222,16946,0,0,0,0
16649.644,15914,62,0,0,0,0,0,8,493,5,45,0,0,0,0,0,0,0,0,0,0,0,0,0,0,0,0,0,0,0,0,0,0,233,16609,0,0,0,0
16667.081,17437,57,0,0,0,0,0,8,502,5,45,0,0,0,0,0,0,0,0,0,0,0,0,0,0,0,0,0,0,0,0,0,0,234,15966,0,0,0,0
16683.151,16070,62,0,0,0,0,0,8,484,5,45,0,0,0,0,0,0,0,0,0,0,0,0,0,0,0,0,0,0,0,0,0,0,229,17836,0,0,0,0
16700.082,16930,59,0,0,0,0,0,8,529,5,45,0,0,0,0,0,0,0,0,0,0,0,0,0,0,0,0,0,0,0,0,0,0,231,15638,0,0,0,0
16716.589,16506,60,0,0,0,0,0,8,490,5,45,0,0,0,0,0,0,0,0,0,0,0,0,0,0,0,0,0,0,0,0,0,0,235,17039,0,0,0,0
16733.655,17066,58,0,0,0,0,0,8,463,5,45,0,0,0,0,0,0,0,0,0,0,0,0,0,0,0,0,0,0,0,0,0,0,207,16388,0,0,0,0
16750.346,16690,59,0,0,0,0,0,8,528,5,45,0,0,0,0,0,0,0,0,0,0,0,0,0,0,0,0,0,0,0,0,0,0,228,17065,0,0,0,0
16767.140,16794,59,0,0,0,0,0,8,521,5,45,0,0,0,0,0,0,0,0,0,0,0,0,0,0,0,0,0,0,0,0,0,0,226,16701,0,0,0,0
16783.607,16467,60,0,0,0,0,0,8,462,5,45,0,0,0,0,0,0,0,0,0,0,0,0,0,0,0,0,0,0,0,0,0,0,232,16822,0,0,0,0
16800.274,16667,59,0,0,0,0,0,8,495,5,45,0,0,0,0,0,0,0,0,0,0,0,0,0,0,0,0,0,0,0,0,0,0,215,16414,0,0,0,0
16817.561,17286,57,0,0,0,0,0,8,526,5,45,0,0,0,0,0,0,0,0,0,0,0,0,0,0,0,0,0,0,0,0,0,0,231,16673,0,0,0,0
16833.699,16138,61,0,0,0,0,0,8,469,5,45,0,0,0,0,0,0,0,0,0,0,0,0,0,0,0,0,0,0,0,0,0,0,227,17320,0,0,0,0
16850.165,16466,60,0,0,0,0,0,8,525,5,45,0,0,0,0,0,0,0,0,0,0,0,0,0,0,0,0,0,0,0,0,0,0,237,16962,0,0,0,0
16867.096,16930,59,0,0,0,0,0,8,526,5,45,0,0,0,0,0,0,0,0,0,0,0,0,0,0,0,0,0,0,0,0,0,0,229,15557,0,0,0,0
16884.563,17466,57,0,0,0,0,0,8,438,5,45,0,0,0,0,0,0,0,0,0,0,0,0,0,0,0,0,0,0,0,0,0,0,232,17069,0,0,0,0
16900.087,15524,64,0,0,0,0,0,8,522,5,45,0,0,0,0,0,0,0,0,0,0,0,0,0,0,0,0,0,0,0,0,0,0,269,17473,0,0,0,0
16916.765,16678,59,0,0,0,0,0,8,526,5,45,0,0,0,0,0,0,0,0,0,0,0,0,0,0,0,0,0,0,0,0,0,0,254,15512,0,0,0,0
16933.495,16730,59,0,0,0,0,0,8,469,5,45,0,0,0,0,0,0,0,0,0,0,0,0,0,0,0,0,0,0,0,0,0,0,215,16503,0,0,0,0
16950.561,17066,58,0,0,0,0,0,8,530,5,45,0,0,0,0,0,0,0,0,0,0,0,0,0,0,0,0,0,0,0,0,0,0,225,16802,0,0,0,0
16966.574,16012,62,0,0,0,0,0,8,452,5,45,0,0,0,0,0,0,0,0,0,0,0,0,0,0,0,0,0,0,0,0,0,0,236,17119,0,0,0,0
16983.437,16863,59,0,0,0,0,0,8,505,5,45,0,0,0,0,0,0,0,0,0,0,0,0,0,0,0,0,0,0,0,0,0,0,220,15969,0,0,0,0
17000.384,16947,59,0,0,0,0,0,8,526,5,45,0,0,0,0,0,0,0,0,0,0,0,0,0,0,0,0,0,0,0,0,0,0,217,16840,0,0,0,0
17017.559,17174,58,0,0,0,0,0,8,529,5,45,0,0,0,0,0,0,0,0,0,0,0,0,0,0,0,0,0,0,0,0,0,0,230,16974,0,0,0,0
17033.204,15645,63,0,0,0,0,0,8,466,5,45,0,0,0,0,0,0,0,0,0,0,0,0,0,0,0,0,0,0,0,0,0,0,226,17213,0,0,0,0
17049.627,16423,60,0,0,0,0,0,8,498,5,45,0,0,0,0,0,0,0,0,0,0,0,0,0,0,0,0,0,0,0,0,0,0,210,15594,0,0,0,0
17067.072,17444,57,0,0,0,0,0,8,529,5,45,0,0,0,0,0,0,0,0,0,0,0,0,0,0,0,0,0,0,0,0,0,0,237,16469,0,0,0,0
17083.569,16497,60,0,0,0,0,0,8,462,5,45,0,0,0,0,0,0,0,0,0,0,0,0,0,0,0,0,0,0,0,0,0,0,223,17439,0,0,0,0
17099.620,16051,62,0,0,0,0,0,8,526,5,45,0,0,0,0,0,0,0,0,0,0,0,0,0,0,0,0,0,0,0,0,0,0,244,16566,0,0,0,0
17116.591,16971,58,0,0,0,0,0,8,492,5,45,0,0,0,0,0,0,0,0,0,0,0,0,0,0,0,0,0,0,0,0,0,0,244,16043,0,0,0,0
17134.580,17989,55,0,0,0,0,0,8,469,5,45,0,0,0,0,0,0,0,0,0,0,0,0,0,0,0,0,0,0,0,0,0,0,231,15953,0,0,0,0
17149.653,15073,66,0,0,0,0,0,8,522,5,45,0,0,0,0,0,0,0,0,0,0,0,0,0,0,0,0,0,0,0,0,0,0,233,18875,0,0,0,0
17167.558,17904,55,0,0,0,0,0,8,527,5,45,0,0,0,0,0,0,0,0,0,0,0,0,0,0,0,0,0,0,0,0,0,0,257,15346,0,0,0,0
17183.766,16207,61,0,0,0,0,0,8,466,5,45,0,0,0,0,0,0,0,0,0,0,0,0,0,0,0,0,0,0,0,0,0,0,233,17716,0,0,0,0
17200.140,16374,61,0,0,0,0,0,8,497,5,45,0,0,0,0,0,0,0,0,0,0,0,0,0,0,0,0,0,0,0,0,0,0,228,16142,0,0,0,0
17217.112,16971,58,0,0,0,0,0,8,525,5,45,0,0,0,0,0,0,0,0,0,0,0,0,0,0,0,0,0,0,0,0,0,0,216,16342,0,0,0,0
17234.557,17445,57,0,0,0,0,0,8,460,5,45,0,0,0,0,0,0,0,0,0,0,0,0,0,0,0,0,0,0,0,0,0,0,235,17104,0,0,0,0
17250.132,15574,64,0,0,0,0,0,8,529,5,45,0,0,0,0,0,0,0,0,0,0,0,0,0,0,0,0,0,0,0,0,0,0,237,17359,0,0,0,0
17266.575,16442,60,0,0,0,0,0,8,525,5,45,0,0,0,0,0,0,0,0,0,0,0,0,0,0,0,0,0,0,0,0,0,0,207,15521,0,0,0,0
17283.839,17264,57,0,0,0,0,0,8,437,5,45,0,0,0,0,0,0,0,0,0,0,0,0,0,0,0,0,0,0,0,0,0,0,224,16486,0,0,0,0
17300.560,16721,59,0,0,0,0,0,8,526,5,45,0,0,0,0,0,0,0,0,0,0,0,0,0,0,0,0,0,0,0,0,0,0,239,17275,0,0,0,0
17317.126,16566,60,0,0,0,0,0,8,524,5,45,0,0,0,0,0,0,0,0,0,0,0,0,0,0,0,0,0,0,0,0,0,0,223,16769,0,0,0,0
17333.418,16292,61,0,0,0,0,0,8,466,5,45,0,0,0,0,0,0,0,0,0,0,0,0,0,0,0,0,0,0,0,0,0,0,229,16548,0,0,0,0
17350.209,16790,59,0,0,0,0,0,8,530,5,45,0,0,0,0,0,0,0,0,0,0,0,0,0,0,0,0,0,0,0,0,0,0,235,16378,0,0,0,0
17367.066,16857,59,0,0,0,0,0,8,495,5,45,0,0,0,0,0,0,0,0,0,0,0,0,0,0,0,0,0,0,0,0,0,0,223,16986,0,0,0,0
17383.658,16591,60,0,0,0,0,0,8,467,5,45,0,0,0,0,0,0,0,0,0,0,0,0,0,0,0,0,0,0,0,0,0,0,224,16580,0,0,0,0
17400.067,16409,60,0,0,0,0,0,8,530,5,45,0,0,0,0,0,0,0,0,0,0,0,0,0,0,0,0,0,0,0,0,0,0,234,16571,0,0,0,0
17417.556,17488,57,0,0,0,0,0,8,526,5,45,0,0,0,0,0,0,0,0,0,0,0,0,0,0,0,0,0,0,0,0,0,0,237,16525,0,0,0,0
17433.754,16198,61,0,0,0,0,0,8,464,5,45,0,0,0,0,0,0,0,0,0,0,0,0,0,0,0,0,0,0,0,0,0,0,223,17387,0,0,0,0
17449.720,15966,62,0,0,0,0,0,8,492,5,45,0,0,0,0,0,0,0,0,0,0,0,0,0,0,0,0,0,0,0,0,0,0,224,16947,0,0,0,0
17467.558,17837,56,0,0,0,0,0,8,526,5,45,0,0,0,0,0,0,0,0,0,0,0,0,0,0,0,0,0,0,0,0,0,0,200,15105,0,0,0,0
17483.836,16278,61,0,0,0,0,0,8,467,5,45,0,0,0,0,0,0,0,0,0,0,0,0,0,0,0,0,0,0,0,0,0,0,229,17951,0,0,0,0
17500.131,16294,61,0,0,0,0,0,8,524,5,45,0,0,0,0,0,0,0,0,0,0,0,0,0,0,0,0,0,0,0,0,0,0,230,16966,0,0,0,0
17517.570,17438,57,0,0,0,0,0,8,500,5,45,0,0,0,0,0,0,0,0,0,0,0,0,0,0,0,0,0,0,0,0,0,0,224,15571,0,0,0,0
17533.766,16196,61,0,0,0,0,0,8,462,5,45,0,0,0,0,0,0,0,0,0,0,0,0,0,0,0,0,0,0,0,0,0,0,230,17471,0,0,0,0
17550.141,16374,61,0,0,0,0,0,8,525,5,45,0,0,0,0,0,0,0,0,0,0,0,0,0,0,0,0,0,0,0,0,0,0,221,16275,0,0,0,0
17567.140,16999,58,0,0,0,0,0,8,529,5,45,0,0,0,0,0,0,0,0,0,0,0,0,0,0,0,0,0,0,0,0,0,0,239,16275,0,0,0,0
17584.555,17414,57,0,0,0,0,0,8,464,5,45,0,0,0,0,0,0,0,0,0,0,0,0,0,0,0,0,0,0,0,0,0,0,218,17014,0,0,0,0
17600.170,15614,64,0,0,0,0,0,8,493,5,45,0,0,0,0,0,0,0,0,0,0,0,0,0,0,0,0,0,0,0,0,0,0,219,17347,0,0,0,0
17617.564,17393,57,0,0,0,0,0,8,529,5,45,0,0,0,0,0,0,0,0,0,0,0,0,0,0,0,0,0,0,0,0,0,0,228,15673,0,0,0,0
17633.748,16183,61,0,0,0,0,0,8,463,5,45,0,0,0,0,0,0,0,0,0,0,0,0,0,0,0,0,0,0,0,0,0,0,237,17415,0,0,0,0
17650.141,16393,61,0,0,0,0,0,8,525,5,45,0,0,0,0,0,0,0,0,0,0,0,0,0,0,0,0,0,0,0,0,0,0,233,16171,0,0,0,0
17667.067,16925,59,0,0,0,0,0,8,529,5,45,0,0,0,0,0,0,0,0,0,0,0,0,0,0,0,0,0,0,0,0,0,0,232,16379,0,0,0,0
17683.780,16713,59,0,0,0,0,0,8,437,5,45,0,0,0,0,0,0,0,0,0,0,0,0,0,0,0,0,0,0,0,0,0,0,221,16948,0,0,0,0
17700.128,16348,61,0,0,0,0,0,8,527,5,45,0,0,0,0,0,0,0,0,0,0,0,0,0,0,0,0,0,0,0,0,0,0,239,16757,0,0,0,0
17717.064,16935,59,0,0,0,0,0,8,487,5,45,0,0,0,0,0,0,0,0,0,0,0,0,0,0,0,0,0,0,0,0,0,0,239,16351,0,0,0,0
17734.572,17508,57,0,0,0,0,0,8,506,5,45,0,0,0,0,0,0,0,0,0,0,0,0,0,0,0,0,0,0,0,0,0,0,257,17381,0,0,0,0
17749.947,15375,65,0,0,0,0,0,8,523,5,45,0,0,0,0,0,0,0,0,0,0,0,0,0,0,0,0,0,0,0,0,0,0,221,17056,0,0,0,0
17767.556,17608,56,0,0,0,0,0,8,496,5,45,0,0,0,0,0,0,0,0,0,0,0,0,0,0,0,0,0,0,0,0,0,0,222,15325,0,0,0,0
17783.406,15850,63,0,0,0,0,0,8,460,5,45,0,0,0,0,0,0,0,0,0,0,0,0,0,0,0,0,0,0,0,0,0,0,230,17631,0,0,0,0
17799.727,16320,61,0,0,0,0,0,8,526,5,45,0,0,0,0,0,0,0,0,0,0,0,0,0,0,0,0,0,0,0,0,0,0,214,15832,0,0,0,0
17817.214,17486,57,0,0,0,0,0,8,529,5,45,0,0,0,0,0,0,0,0,0,0,0,0,0,0,0,0,0,0,0,0,0,0,241,16328,0,0,0,0
17833.406,16192,61,0,0,0,0,0,8,464,5,45,0,0,0,0,0,0,0,0,0,0,0,0,0,0,0,0,0,0,0,0,0,0,230,17439,0,0,0,0
17850.143,16736,59,0,0,0,0,0,8,496,5,45,0,0,0,0,0,0,0,0,0,0,0,0,0,0,0,0,0,0,0,0,0,0,233,16201,0,0,0,0
17867.100,16957,58,0,0,0,0,0,8,525,5,45,0,0,0,0,0,0,0,0,0,0,0,0,0,0,0,0,0,0,0,0,0,0,222,16740,0,0,0,0
17883.468,16367,61,0,0,0,0,0,8,465,5,45,0,0,0,0,0,0,0,0,0,0,0,0,0,0,0,0,0,0,0,0,0,0,232,16975,0,0,0,0
17900.128,16660,60,0,0,0,0,0,8,526,5,45,0,0,0,0,0,0,0,0,0,0,0,0,0,0,0,0,0,0,0,0,0,0,239,16420,0,0,0,0
17917.570,17429,57,0,0,0,0,0,8,496,5,45,0,0,0,0,0,0,0,0,0,0,0,0,0,0,0,0,0,0,0,0,0,0,233,16591,0,0,0,0
17933.755,16197,61,0,0,0,0,0,8,462,5,45,0,0,0,0,0,0,0,0,0,0,0,0,0,0,0,0,0,0,0,0,0,0,242,17481,0,0,0,0
17950.116,16360,61,0,0,0,0,0,8,541,5,45,0,0,0,0,0,0,0,0,0,0,0,0,0,0,0,0,0,0,0,0,0,0,243,16307,0,0,0,0
17967.290,17174,58,0,0,0,0,0,8,530,5,45,0,0,0,0,0,0,0,0,0,0,0,0,0,0,0,0,0,0,0,0,0,0,240,16271,0,0,0,0
17982.971,15681,63,0,0,0,0,0,8,464,5,45,0,0,0,0,0,0,0,0,0,0,0,0,0,0,0,0,0,0,0,0,0,0,230,17117,0,0,0,0
18000.072,17101,58,0,0,0,0,0,8,501,5,45,0,0,0,0,0,0,0,0,0,0,0,0,0,0,0,0,0,0,0,0,0,0,224,15619,0,0,0,0
18016.868,16795,59,0,0,0,0,0,8,527,5,45,0,0,0,0,0,0,0,0,0,0,0,0,0,0,0,0,0,0,0,0,0,0,239,17185,0,0,0,0
18033.491,16623,60,0,0,0,0,0,8,467,5,45,0,0,0,0,0,0,0,0,0,0,0,0,0,0,0,0,0,0,0,0,0,0,242,16953,0,0,0,0
18050.234,16742,59,0,0,0,0,0,8,528,5,45,0,0,0,0,0,0,0,0,0,0,0,0,0,0,0,0,0,0,0,0,0,0,238,16342,0,0,0,0
18066.861,16627,60,0,0,0,0,0,8,496,5,45,0,0,0,0,0,0,0,0,0,0,0,0,0,0,0,0,0,0,0,0,0,0,214,16767,0,0,0,0
18083.781,16919,59,0,0,0,0,0,8,463,5,45,0,0,0,0,0,0,0,0,0,0,0,0,0,0,0,0,0,0,0,0,0,0,238,17349,0,0,0,0
18100.132,16351,61,0,0,0,0,0,8,526,5,45,0,0,0,0,0,0,0,0,0,0,0,0,0,0,0,0,0,0,0,0,0,0,241,17013,0,0,0,0
18117.145,17013,58,0,0,0,0,0,8,532,5,45,0,0,0,0,0,0,0,0,0,0,0,0,0,0,0,0,0,0,0,0,0,0,209,15558,0,0,0,0
18134.568,17422,57,0,0,0,0,0,8,466,5,45,0,0,0,0,0,0,0,0,0,0,0,0,0,0,0,0,0,0,0,0,0,0,226,17066,0,0,0,0
18150.198,15630,63,0,0,0,0,0,8,521,5,45,0,0,0,0,0,0,0,0,0,0,0,0,0,0,0,0,0,0,0,0,0,0,236,17354,0,0,0,0
18167.551,17353,57,0,0,0,0,0,8,500,5,45,0,0,0,0,0,0,0,0,0,0,0,0,0,0,0,0,0,0,0,0,0,0,210,15739,0,0,0,0
18184.548,16997,58,0,0,0,0,0,8,466,5,45,0,0,0,0,0,0,0,0,0,0,0,0,0,0,0,0,0,0,0,0,0,0,231,17322,0,0,0,0
18200.138,15589,64,0,0,0,0,0,8,524,5,45,0,0,0,0,0,0,0,0,0,0,0,0,0,0,0,0,0,0,0,0,0,0,224,16934,0,0,0,0
18217.064,16926,59,0,0,0,0,0,8,504,5,45,0,0,0,0,0,0,0,0,0,0,0,0,0,0,0,0,0,0,0,0,0,0,205,15506,0,0,0,0
18233.590,16525,60,0,0,0,0,0,8,486,5,45,0,0,0,0,0,0,0,0,0,0,0,0,0,0,0,0,0,0,0,0,0,0,216,17473,0,0,0,0
18250.128,16538,60,0,0,0,0,0,8,492,5,45,0,0,0,0,0,0,0,0,0,0,0,0,0,0,0,0,0,0,0,0,0,0,223,16087,0,0,0,0
18267.062,16934,59,0,0,0,0,0,8,502,5,45,0,0,0,0,0,0,0,0,0,0,0,0,0,0,0,0,0,0,0,0,0,0,226,16537,0,0,0,0
18283.739,16676,59,0,0,0,0,0,8,495,5,45,0,0,0,0,0,0,0,0,0,0,0,0,0,0,0,0,0,0,0,0,0,0,233,16980,0,0,0,0
18300.124,16385,61,0,0,0,0,0,8,523,5,45,0,0,0,0,0,0,0,0,0,0,0,0,0,0,0,0,0,0,0,0,0,0,235,17446,0,0,0,0
18317.554,17429,57,0,0,0,0,0,8,504,5,45,0,0,0,0,0,0,0,0,0,0,0,0,0,0,0,0,0,0,0,0,0,0,232,15595,0,0,0,0
18333.727,16172,61,0,0,0,0,0,8,466,5,45,0,0,0,0,0,0,0,0,0,0,0,0,0,0,0,0,0,0,0,0,0,0,239,17441,0,0,0,0
18350.244,16517,60,0,0,0,0,0,8,524,5,45,0,0,0,0,0,0,0,0,0,0,0,0,0,0,0,0,0,0,0,0,0,0,243,16155,0,0,0,0
18367.555,17311,57,0,0,0,0,0,8,529,5,45,0,0,0,0,0,0,0,0,0,0,0,0,0,0,0,0,0,0,0,0,0,0,222,16532,0,0,0,0
18383.559,16004,62,0,0,0,0,0,8,470,5,45,0,0,0,0,0,0,0,0,0,0,0,0,0,0,0,0,0,0,0,0,0,0,235,17331,0,0,0,0
18400.323,16763,59,0,0,0,0,0,8,496,5,45,0,0,0,0,0,0,0,0,0,0,0,0,0,0,0,0,0,0,0,0,0,0,214,16005,0,0,0,0
18417.099,16775,59,0,0,0,0,0,8,529,5,45,0,0,0,0,0,0,0,0,0,0,0,0,0,0,0,0,0,0,0,0,0,0,227,16697,0,0,0,0
18433.752,16653,60,0,0,0,0,0,8,470,5,45,0,0,0,0,0,0,0,0,0,0,0,0,0,0,0,0,0,0,0,0,0,0,231,16807,0,0,0,0
18450.557,16805,59,0,0,0,0,0,8,526,5,45,0,0,0,0,0,0,0,0,0,0,0,0,0,0,0,0,0,0,0,0,0,0,245,17411,0,0,0,0
18467.549,16991,58,0,0,0,0,0,8,528,5,45,0,0,0,0,0,0,0,0,0,0,0,0,0,0,0,0,0,0,0,0,0,0,209,15940,0,0,0,0
18483.714,16166,61,0,0,0,0,0,8,432,5,45,0,0,0,0,0,0,0,0,0,0,0,0,0,0,0,0,0,0,0,0,0,0,238,17109,0,0,0,0
18500.128,16413,60,0,0,0,0,0,8,525,5,45,0,0,0,0,0,0,0,0,0,0,0,0,0,0,0,0,0,0,0,0,0,0,201,16095,0,0,0,0
18517.547,17418,57,0,0,0,0,0,8,529,5,45,0,0,0,0,0,0,0,0,0,0,0,0,0,0,0,0,0,0,0,0,0,0,221,16458,0,0,0,0
18534.579,17031,58,0,0,0,0,0,8,461,5,45,0,0,0,0,0,0,0,0,0,0,0,0,0,0,0,0,0,0,0,0,0,0,239,17498,0,0,0,0
18550.267,15688,63,0,0,0,0,0,8,524,5,45,0,0,0,0,0,0,0,0,0,0,0,0,0,0,0,0,0,0,0,0,0,0,220,16874,0,0,0,0
18567.548,17280,57,0,0,0,0,0,8,494,5,45,0,0,0,0,0,0,0,0,0,0,0,0,0,0,0,0,0,0,0,0,0,0,202,15723,0,0,0,0
18584.015,16467,60,0,0,0,0,0,8,464,5,45,0,0,0,0,0,0,0,0,0,0,0,0,0,0,0,0,0,0,0,0,0,0,229,17358,0,0,0,0
18600.139,16123,62,0,0,0,0,0,8,527,5,45,0,0,0,0,0,0,0,0,0,0,0,0,0,0,0,0,0,0,0,0,0,0,228,16504,0,0,0,0
18617.548,17408,57,0,0,0,0,0,8,530,5,45,0,0,0,0,0,0,0,0,0,0,0,0,0,0,0,0,0,0,0,0,0,0,235,16077,0,0,0,0
18633.436,15888,62,0,0,0,0,0,8,465,5,45,0,0,0,0,0,0,0,0,0,0,0,0,0,0,0,0,0,0,0,0,0,0,238,17380,0,0,0,0
18650.251,16815,59,0,0,0,0,0,8,499,5,45,0,0,0,0,0,0,0,0,0,0,0,0,0,0,0,0,0,0,0,0,0,0,231,15885,0,0,0,0
18667.545,17293,57,0,0,0,0,0,8,529,5,45,0,0,0,0,0,0,0,0,0,0,0,0,0,0,0,0,0,0,0,0,0,0,228,16818,0,0,0,0
18684.549,17003,58,0,0,0,0,0,8,464,5,45,0,0,0,0,0,0,0,0,0,0,0,0,0,0,0,0,0,0,0,0,0,0,232,17341,0,0,0,0
18700.579,16030,62,0,0,0,0,0,8,518,5,45,0,0,0,0,0,0,0,0,0,0,0,0,0,0,0,0,0,0,0,0,0,0,215,17052,0,0,0,0
18716.995,16415,60,0,0,0,0,0,8,496,5,45,0,0,0,0,0,0,0,0,0,0,0,0,0,0,0,0,0,0,0,0,0,0,215,15871,0,0,0,0
18733.925,16930,59,0,0,0,0,0,8,468,5,45,0,0,0,0,0,0,0,0,0,0,0,0,0,0,0,0,0,0,0,0,0,0,223,16452,0,0,0,0
18750.064,16139,61,0,0,0,0,0,8,525,5,45,0,0,0,0,0,0,0,0,0,0,0,0,0,0,0,0,0,0,0,0,0,0,252,17593,0,0,0,0
18766.886,16821,59,0,0,0,0,0,8,529,5,45,0,0,0,0,0,0,0,0,0,0,0,0,0,0,0,0,0,0,0,0,0,0,237,15635,0,0,0,0
18783.385,16499,60,0,0,0,0,0,8,465,5,45,0,0,0,0,0,0,0,0,0,0,0,0,0,0,0,0,0,0,0,0,0,0,231,16719,0,0,0,0
18800.553,17167,58,0,0,0,0,0,8,500,5,45,0,0,0,0,0,0,0,0,0,0,0,0,0,0,0,0,0,0,0,0,0,0,228,16459,0,0,0,0
18817.106,16553,60,0,0,0,0,0,8,520,5,45,0,0,0,0,0,0,0,0,0,0,0,0,0,0,0,0,0,0,0,0,0,0,222,17191,0,0,0,0
18833.754,16648,60,0,0,0,0,0,8,469,5,45,0,0,0,0,0,0,0,0,0,0,0,0,0,0,0,0,0,0,0,0,0,0,218,16593,0,0,0,0
18850.060,16305,61,0,0,0,0,0,8,524,5,45,0,0,0,0,0,0,0,0,0,0,0,0,0,0,0,0,0,0,0,0,0,0,274,17430,0,0,0,0
18867.556,17496,57,0,0,0,0,0,8,534,5,45,0,0,0,0,0,0,0,0,0,0,0,0,0,0,0,0,0,0,0,0,0,0,221,15519,0,0,0,0
18883.198,15641,63,0,0,0,0,0,8,425,5,45,0,0,0,0,0,0,0,0,0,0,0,0,0,0,0,0,0,0,0,0,0,0,220,17454,0,0,0,0
18900.230,17032,58,0,0,0,0,0,8,526,5,45,0,0,0,0,0,0,0,0,0,0,0,0,0,0,0,0,0,0,0,0,0,0,222,15662,0,0,0,0
18917.550,17319,57,0,0,0,0,0,8,526,5,45,0,0,0,0,0,0,0,0,0,0,0,0,0,0,0,0,0,0,0,0,0,0,225,17293,0,0,0,0
18934.544,16994,58,0,0,0,0,0,8,467,5,45,0,0,0,0,0,0,0,0,0,0,0,0,0,0,0,0,0,0,0,0,0,0,234,17052,0,0,0,0
18949.609,15065,66,0,0,0,0,0,8,523,5,45,0,0,0,0,0,0,0,0,0,0,0,0,0,0,0,0,0,0,0,0,0,0,248,17032,0,0,0,0
18967.210,17600,56,0,0,0,0,0,8,500,5,45,0,0,0,0,0,0,0,0,0,0,0,0,0,0,0,0,0,0,0,0,0,0,217,15042,0,0,0,0
18983.897,16688,59,0,0,0,0,0,8,467,5,45,0,0,0,0,0,0,0,0,0,0,0,0,0,0,0,0,0,0,0,0,0,0,221,17511,0,0,0,0
19000.191,16293,61,0,0,0,0,0,8,520,5,45,0,0,0,0,0,0,0,0,0,0,0,0,0,0,0,0,0,0,0,0,0,0,228,17253,0,0,0,0
19017.207,17016,58,0,0,0,0,0,8,529,5,45,0,0,0,0,0,0,0,0,0,0,0,0,0,0,0,0,0,0,0,0,0,0,239,15777,0,0,0,0
19033.680,16473,60,0,0,0,0,0,8,466,5,45,0,0,0,0,0,0,0,0,0,0,0,0,0,0,0,0,0,0,0,0,0,0,240,17314,0,0,0,0
19050.069,16389,61,0,0,0,0,0,8,483,5,45,0,0,0,0,0,0,0,0,0,0,0,0,0,0,0,0,0,0,0,0,0,0,236,17008,0,0,0,0
19066.962,16892,59,0,0,0,0,0,8,525,5,45,0,0,0,0,0,0,0,0,0,0,0,0,0,0,0,0,0,0,0,0,0,0,221,15724,0,0,0,0
19083.416,16454,60,0,0,0,0,0,8,465,5,45,0,0,0,0,0,0,0,0,0,0,0,0,0,0,0,0,0,0,0,0,0,0,235,16737,0,0,0,0
19099.752,16336,61,0,0,0,0,0,8,530,5,45,0,0,0,0,0,0,0,0,0,0,0,0,0,0,0,0,0,0,0,0,0,0,224,16431,0,0,0,0
19116.829,17076,58,0,0,0,0,0,8,497,5,45,0,0,0,0,0,0,0,0,0,0,0,0,0,0,0,0,0,0,0,0,0,0,236,16372,0,0,0,0
19133.854,17025,58,0,0,0,0,0,8,466,5,45,0,0,0,0,0,0,0,0,0,0,0,0,0,0,0,0,0,0,0,0,0,0,234,17238,0,0,0,0
19150.554,16699,59,0,0,0,0,0,8,525,5,45,0,0,0,0,0,0,0,0,0,0,0,0,0,0,0,0,0,0,0,0,0,0,242,16850,0,0,0,0
19167.546,16992,58,0,0,0,0,0,8,520,5,45,0,0,0,0,0,0,0,0,0,0,0,0,0,0,0,0,0,0,0,0,0,0,238,16770,0,0,0,0
19183.796,16250,61,0,0,0,0,0,8,466,5,45,0,0,0,0,0,0,0,0,0,0,0,0,0,0,0,0,0,0,0,0,0,0,261,16991,0,0,0,0
19199.797,16000,62,0,0,0,0,0,8,486,5,45,0,0,0,0,0,0,0,0,0,0,0,0,0,0,0,0,0,0,0,0,0,0,240,16893,0,0,0,0
19216.552,16750,59,0,0,0,0,0,8,506,5,45,0,0,0,0,0,0,0,0,0,0,0,0,0,0,0,0,0,0,0,0,0,0,232,15327,0,0,0,0
19233.763,17216,58,0,0,0,0,0,8,488,5,45,0,0,0,0,0,0,0,0,0,0,0,0,0,0,0,0,0,0,0,0,0,0,217,16778,0,0,0,0
19250.268,16505,60,0,0,0,0,0,8,520,5,45,0,0,0,0,0,0,0,0,0,0,0,0,0,0,0,0,0,0,0,0,0,0,242,17899,0,0,0,0
19266.919,16650,60,0,0,0,0,0,8,529,5,45,0,0,0,0,0,0,0,0,0,0,0,0,0,0,0,0,0,0,0,0,0,0,213,15712,0,0,0,0
19283.753,16834,59,0,0,0,0,0,8,440,5,45,0,0,0,0,0,0,0,0,0,0,0,0,0,0,0,0,0,0,0,0,0,0,230,16684,0,0,0,0
19300.547,16793,59,0,0,0,0,0,8,522,5,45,0,0,0,0,0,0,0,0,0,0,0,0,0,0,0,0,0,0,0,0,0,0,232,17591,0,0,0,0
19317.245,16697,59,0,0,0,0,0,8,527,5,45,0,0,0,0,0,0,0,0,0,0,0,0,0,0,0,0,0,0,0,0,0,0,216,16050,0,0,0,0
19334.556,17311,57,0,0,0,0,0,8,468,5,45,0,0,0,0,0,0,0,0,0,0,0,0,0,0,0,0,0,0,0,0,0,0,228,16696,0,0,0,0
19350.114,15557,64,0,0,0,0,0,8,516,5,45,0,0,0,0,0,0,0,0,0,0,0,0,0,0,0,0,0,0,0,0,0,0,241,17339,0,0,0,0
19366.989,16875,59,0,0,0,0,0,8,496,5,45,0,0,0,0,0,0,0,0,0,0,0,0,0,0,0,0,0,0,0,0,0,0,205,15485,0,0,0,0
19383.391,16401,60,0,0,0,0,0,8,467,5,45,0,0,0,0,0,0,0,0,0,0,0,0,0,0,0,0,0,0,0,0,0,0,263,17023,0,0,0,0
19399.780,16388,61,0,0,0,0,0,8,526,5,45,0,0,0,0,0,0,0,0,0,0,0,0,0,0,0,0,0,0,0,0,0,0,197,16167,0,0,0,0
19416.607,16827,59,0,0,0,0,0,8,503,5,45,0,0,0,0,0,0,0,0,0,0,0,0,0,0,0,0,0,0,0,0,0,0,227,16513,0,0,0,0
19434.554,17946,55,0,0,0,0,0,8,487,5,45,0,0,0,0,0,0,0,0,0,0,0,0,0,0,0,0,0,0,0,0,0,0,232,16835,0,0,0,0
19449.858,15304,65,0,0,0,0,0,8,492,5,45,0,0,0,0,0,0,0,0,0,0,0,0,0,0,0,0,0,0,0,0,0,0,228,17946,0,0,0,0
19467.538,17679,56,0,0,0,0,0,8,533,5,45,0,0,0,0,0,0,0,0,0,0,0,0,0,0,0,0,0,0,0,0,0,0,211,15216,0,0,0,0
19483.234,15696,63,0,0,0,0,0,8,464,5,45,0,0,0,0,0,0,0,0,0,0,0,0,0,0,0,0,0,0,0,0,0,0,243,18244,0,0,0,0
19500.576,17341,57,0,0,0,0,0,8,529,5,45,0,0,0,0,0,0,0,0,0,0,0,0,0,0,0,0,0,0,0,0,0,0,221,15098,0,0,0,0
19517.538,16962,58,0,0,0,0,0,8,494,5,45,0,0,0,0,0,0,0,0,0,0,0,0,0,0,0,0,0,0,0,0,0,0,236,17445,0,0,0,0
19533.646,16108,62,0,0,0,0,0,8,467,5,45,0,0,0,0,0,0,0,0,0,0,0,0,0,0,0,0,0,0,0,0,0,0,229,16988,0,0,0,0
19550.044,16398,60,0,0,0,0,0,8,526,5,45,0,0,0,0,0,0,0,0,0,0,0,0,0,0,0,0,0,0,0,0,0,0,230,16080,0,0,0,0
19567.051,17006,58,0,0,0,0,0,8,490,5,45,0,0,0,0,0,0,0,0,0,0,0,0,0,0,0,0,0,0,0,0,0,0,240,16498,0,0,0,0
19583.831,16779,59,0,0,0,0,0,8,504,5,45,0,0,0,0,0,0,0,0,0,0,0,0,0,0,0,0,0,0,0,0,0,0,224,17280,0,0,0,0
19600.133,16302,61,0,0,0,0,0,8,494,5,45,0,0,0,0,0,0,0,0,0,0,0,0,0,0,0,0,0,0,0,0,0,0,233,17082,0,0,0,0
19617.048,16915,59,0,0,0,0,0,8,529,5,45,0,0,0,0,0,0,0,0,0,0,0,0,0,0,0,0,0,0,0,0,0,0,219,15613,0,0,0,0
19634.558,17509,57,0,0,0,0,0,8,467,5,45,0,0,0,0,0,0,0,0,0,0,0,0,0,0,0,0,0,0,0,0,0,0,235,16965,0,0,0,0
19649.745,15187,65,0,0,0,0,0,8,520,5,45,0,0,0,0,0,0,0,0,0,0,0,0,0,0,0,0,0,0,0,0,0,0,221,17502,0,0,0,0
19666.563,16817,59,0,0,0,0,0,8,487,5,45,0,0,0,0,0,0,0,0,0,0,0,0,0,0,0,0,0,0,0,0,0,0,227,15170,0,0,0,0
19682.984,16421,60,0,0,0,0,0,8,471,5,45,0,0,0,0,0,0,0,0,0,0,0,0,0,0,0,0,0,0,0,0,0,0,237,16788,0,0,0,0
19700.117,17132,58,0,0,0,0,0,8,527,5,45,0,0,0,0,0,0,0,0,0,0,0,0,0,0,0,0,0,0,0,0,0,0,221,16461,0,0,0,0
19716.984,16867,59,0,0,0,0,0,8,528,5,45,0,0,0,0,0,0,0,0,0,0,0,0,0,0,0,0,0,0,0,0,0,0,221,17091,0,0,0,0
19733.877,16892,59,0,0,0,0,0,8,472,5,45,0,0,0,0,0,0,0,0,0,0,0,0,0,0,0,0,0,0,0,0,0,0,236,16911,0,0,0,0
19749.733,15856,63,0,0,0,0,0,8,521,5,45,0,0,0,0,0,0,0,0,0,0,0,0,0,0,0,0,0,0,0,0,0,0,232,16843,0,0,0,0
19766.577,16844,59,0,0,0,0,0,8,471,5,45,0,0,0,0,0,0,0,0,0,0,0,0,0,0,0,0,0,0,0,0,0,0,243,16164,0,0,0,0
19783.853,17275,57,0,0,0,0,0,8,490,5,45,0,0,0,0,0,0,0,0,0,0,0,0,0,0,0,0,0,0,0,0,0,0,243,17016,0,0,0,0
19799.684,15831,63,0,0,0,0,0,8,517,5,45,0,0,0,0,0,0,0,0,0,0,0,0,0,0,0,0,0,0,0,0,0,0,227,17430,0,0,0,0
19817.540,17856,56,0,0,0,0,0,8,529,5,45,0,0,0,0,0,0,0,0,0,0,0,0,0,0,0,0,0,0,0,0,0,0,219,15212,0,0,0,0
19833.476,15935,62,0,0,0,0,0,8,462,5,45,0,0,0,0,0,0,0,0,0,0,0,0,0,0,0,0,0,0,0,0,0,0,238,17886,0,0,0,0
19850.117,16641,60,0,0,0,0,0,8,493,5,45,0,0,0,0,0,0,0,0,0,0,0,0,0,0,0,0,0,0,0,0,0,0,207,15811,0,0,0,0
19867.536,17418,57,0,0,0,0,0,8,529,5,45,0,0,0,0,0,0,0,0,0,0,0,0,0,0,0,0,0,0,0,0,0,0,230,16788,0,0,0,0
19883.722,16186,61,0,0,0,0,0,8,465,5,45,0,0,0,0,0,0,0,0,0,0,0,0,0,0,0,0,0,0,0,0,0,0,226,17406,0,0,0,0
19900.106,16383,61,0,0,0,0,0,8,524,5,45,0,0,0,0,0,0,0,0,0,0,0,0,0,0,0,0,0,0,0,0,0,0,219,16122,0,0,0,0
19917.046,16940,59,0,0,0,0,0,8,486,5,45,0,0,0,0,0,0,0,0,0,0,0,0,0,0,0,0,0,0,0,0,0,0,221,16399,0,0,0,0
19933.495,16448,60,0,0,0,0,0,8,475,5,45,0,0,0,0,0,0,0,0,0,0,0,0,0,0,0,0,0,0,0,0,0,0,229,17392,0,0,0,0
19950.109,16614,60,0,0,0,0,0,8,525,5,45,0,0,0,0,0,0,0,0,0,0,0,0,0,0,0,0,0,0,0,0,0,0,228,16029,0,0,0,0
19967.096,16987,58,0,0,0,0,0,8,530,5,45,0,0,0,0,0,0,0,0,0,0,0,0,0,0,0,0,0,0,0,0,0,0,231,16610,0,0,0,0
19983.292,16195,61,0,0,0,0,0,8,461,5,45,0,0,0,0,0,0,0,0,0,0,0,0,0,0,0,0,0,0,0,0,0,0,211,16930,0,0,0,0
20000.156,16863,59,0,0,0,0,0,8,496,5,45,0,0,0,0,0,0,0,0,0,0,0,0,0,0,0,0,0,0,0,0,0,0,206,16139,0,0,0,0
20017.534,17378,57,0,0,0,0,0,8,530,5,45,0,0,0,0,0,0,0,0,0,0,0,0,0,0,0,0,0,0,0,0,0,0,223,16949,0,0,0,0
20033.409,15874,62,0,0,0,0,0,8,466,5,45,0,0,0,0,0,0,0,0,0,0,0,0,0,0,0,0,0,0,0,0,0,0,230,17421,0,0,0,0
20050.133,16724,59,0,0,0,0,0,8,531,5,45,0,0,0,0,0,0,0,0,0,0,0,0,0,0,0,0,0,0,0,0,0,0,205,15731,0,0,0,0
20067.556,17407,57,0,0,0,0,0,8,533,5,45,0,0,0,0,0,0,0,0,0,0,0,0,0,0,0,0,0,0,0,0,0,0,235,16819,0,0,0,0
20083.377,15836,63,0,0,0,0,0,8,431,5,45,0,0,0,0,0,0,0,0,0,0,0,0,0,0,0,0,0,0,0,0,0,0,244,17469,0,0,0,0
20100.182,16804,59,0,0,0,0,0,8,530,5,45,0,0,0,0,0,0,0,0,0,0,0,0,0,0,0,0,0,0,0,0,0,0,205,15697,0,0,0,0
20117.533,17351,57,0,0,0,0,0,8,532,5,45,0,0,0,0,0,0,0,0,0,0,0,0,0,0,0,0,0,0,0,0,0,0,237,16895,0,0,0,0
20133.671,16138,61,0,0,0,0,0,8,461,5,45,0,0,0,0,0,0,0,0,0,0,0,0,0,0,0,0,0,0,0,0,0,0,232,17448,0,0,0,0
20150.757,17085,58,0,0,0,0,0,8,525,5,45,0,0,0,0,0,0,0,0,0,0,0,0,0,0,0,0,0,0,0,0,0,0,227,16896,0,0,0,0
20166.596,15839,63,0,0,0,0,0,8,467,5,45,0,0,0,0,0,0,0,0,0,0,0,0,0,0,0,0,0,0,0,0,0,0,219,16145,0,0,0,0
20183.693,17097,58,0,0,0,0,0,8,487,5,45,0,0,0,0,0,0,0,0,0,0,0,0,0,0,0,0,0,0,0,0,0,0,236,15911,0,0,0,0
20200.351,16657,60,0,0,0,0,0,8,526,5,45,0,0,0,0,0,0,0,0,0,0,0,0,0,0,0,0,0,0,0,0,0,0,244,17118,0,0,0,0
20216.982,16630,60,0,0,0,0,0,8,522,5,45,0,0,0,0,0,0,0,0,0,0,0,0,0,0,0,0,0,0,0,0,0,0,222,16787,0,0,0,0
20233.724,16741,59,0,0,0,0,0,8,464,5,45,0,0,0,0,0,0,0,0,0,0,0,0,0,0,0,0,0,0,0,0,0,0,207,16414,0,0,0,0
20250.254,16530,60,0,0,0,0,0,8,491,5,45,0,0,0,0,0,0,0,0,0,0,0,0,0,0,0,0,0,0,0,0,0,0,224,16805,0,0,0,0
20266.884,16629,60,0,0,0,0,0,8,529,5,45,0,0,0,0,0,0,0,0,0,0,0,0,0,0,0,0,0,0,0,0,0,0,207,16429,0,0,0,0
20283.533,16648,60,0,0,0,0,0,8,467,5,45,0,0,0,0,0,0,0,0,0,0,0,0,0,0,0,0,0,0,0,0,0,0,207,16739,0,0,0,0
20300.342,16808,59,0,0,0,0,0,8,526,5,45,0,0,0,0,0,0,0,0,0,0,0,0,0,0,0,0,0,0,0,0,0,0,232,16755,0,0,0,0
20317.537,17194,58,0,0,0,0,0,8,497,5,45,0,0,0,0,0,0,0,0,0,0,0,0,0,0,0,0,0,0,0,0,0,0,219,16719,0,0,0,0
20333.709,16171,61,0,0,0,0,0,8,462,5,45,0,0,0,0,0,0,0,0,0,0,0,0,0,0,0,0,0,0,0,0,0,0,251,17293,0,0,0,0
20350.042,16334,61,0,0,0,0,0,8,529,5,45,0,0,0,0,0,0,0,0,0,0,0,0,0,0,0,0,0,0,0,0,0,0,233,16073,0,0,0,0
20367.551,17508,57,0,0,0,0,0,8,533,5,45,0,0,0,0,0,0,0,0,0,0,0,0,0,0,0,0,0,0,0,0,0,0,240,16389,0,0,0,0
20383.733,16182,61,0,0,0,0,0,8,457,5,45,0,0,0,0,0,0,0,0,0,0,0,0,0,0,0,0,0,0,0,0,0,0,231,17445,0,0,0,0
20400.177,16443,60,0,0,0,0,0,8,504,5,45,0,0,0,0,0,0,0,0,0,0,0,0,0,0,0,0,0,0,0,0,0,0,212,16153,0,0,0,0
20417.536,17359,57,0,0,0,0,0,8,526,5,45,0,0,0,0,0,0,0,0,0,0,0,0,0,0,0,0,0,0,0,0,0,0,225,16786,0,0,0,0
20433.054,15517,64,0,0,0,0,0,8,461,5,45,0,0,0,0,0,0,0,0,0,0,0,0,0,0,0,0,0,0,0,0,0,0,225,17057,0,0,0,0
20450.535,17481,57,0,0,0,0,0,8,530,5,45,0,0,0,0,0,0,0,0,0,0,0,0,0,0,0,0,0,0,0,0,0,0,245,15602,0,0,0,0
20466.591,16055,62,0,0,0,0,0,8,501,5,45,0,0,0,0,0,0,0,0,0,0,0,0,0,0,0,0,0,0,0,0,0,0,236,17396,0,0,0,0
20483.378,16787,59,0,0,0,0,0,8,455,5,45,0,0,0,0,0,0,0,0,0,0,0,0,0,0,0,0,0,0,0,0,0,0,232,16476,0,0,0,0
20500.528,17150,58,0,0,0,0,0,8,521,5,45,0,0,0,0,0,0,0,0,0,0,0,0,0,0,0,0,0,0,0,0,0,0,216,16323,0,0,0,0
20517.051,16522,60,0,0,0,0,0,8,529,5,45,0,0,0,0,0,0,0,0,0,0,0,0,0,0,0,0,0,0,0,0,0,0,221,17201,0,0,0,0
20533.701,16650,60,0,0,0,0,0,8,462,5,45,0,0,0,0,0,0,0,0,0,0,0,0,0,0,0,0,0,0,0,0,0,0,219,16527,0,0,0,0
20550.123,16422,60,0,0,0,0,0,8,529,5,45,0,0,0,0,0,0,0,0,0,0,0,0,0,0,0,0,0,0,0,0,0,0,219,16589,0,0,0,0
20566.544,16421,60,0,0,0,0,0,8,494,5,45,0,0,0,0,0,0,0,0,0,0,0,0,0,0,0,0,0,0,0,0,0,0,243,16518,0,0,0,0
20583.421,16876,59,0,0,0,0,0,8,465,5,45,0,0,0,0,0,0,0,0,0,0,0,0,0,0,0,0,0,0,0,0,0,0,221,16353,0,0,0,0
20600.272,16851,59,0,0,0,0,0,8,530,5,45,0,0,0,0,0,0,0,0,0,0,0,0,0,0,0,0,0,0,0,0,0,0,227,16949,0,0,0,0
20616.727,16454,60,0,0,0,0,0,8,492,5,45,0,0,0,0,0,0,0,0,0,0,0,0,0,0,0,0,0,0,0,0,0,0,211,16989,0,0,0,0
20633.796,17068,58,0,0,0,0,0,8,504,5,45,0,0,0,0,0,0,0,0,0,0,0,0,0,0,0,0,0,0,0,0,0,0,219,16750,0,0,0,0
20650.158,16362,61,0,0,0,0,0,8,491,5,45,0,0,0,0,0,0,0,0,0,0,0,0,0,0,0,0,0,0,0,0,0,0,238,16558,0,0,0,0
20667.051,16892,59,0,0,0,0,0,8,530,5,45,0,0,0,0,0,0,0,0,0,0,0,0,0,0,0,0,0,0,0,0,0,0,233,16362,0,0,0,0
20684.556,17505,57,0,0,0,0,0,8,472,5,45,0,0,0,0,0,0,0,0,0,0,0,0,0,0,0,0,0,0,0,0,0,0,244,17008,0,0,0,0
20700.247,15690,63,0,0,0,0,0,8,524,5,45,0,0,0,0,0,0,0,0,0,0,0,0,0,0,0,0,0,0,0,0,0,0,245,17441,0,0,0,0
20717.039,16792,59,0,0,0,0,0,8,477,5,45,0,0,0,0,0,0,0,0,0,0,0,0,0,0,0,0,0,0,0,0,0,0,209,15611,0,0,0,0
20734.533,17494,57,0,0,0,0,0,8,483,5,45,0,0,0,0,0,0,0,0,0,0,0,0,0,0,0,0,0,0,0,0,0,0,222,17279,0,0,0,0
20750.548,16014,62,0,0,0,0,0,8,525,5,45,0,0,0,0,0,0,0,0,0,0,0,0,0,0,0,0,0,0,0,0,0,0,252,17152,0,0,0,0
20767.113,16565,60,0,0,0,0,0,8,524,5,45,0,0,0,0,0,0,0,0,0,0,0,0,0,0,0,0,0,0,0,0,0,0,250,16136,0,0,0,0
20784.526,17412,57,0,0,0,0,0,8,463,5,45,0,0,0,0,0,0,0,0,0,0,0,0,0,0,0,0,0,0,0,0,0,0,238,16723,0,0,0,0
20800.129,15603,64,0,0,0,0,0,8,495,5,45,0,0,0,0,0,0,0,0,0,0,0,0,0,0,0,0,0,0,0,0,0,0,229,16977,0,0,0,0
20817.123,16993,58,0,0,0,0,0,8,528,5,45,0,0,0,0,0,0,0,0,0,0,0,0,0,0,0,0,0,0,0,0,0,0,315,15792,0,0,0,0
20833.818,16695,59,0,0,0,0,0,8,469,5,45,0,0,0,0,0,0,0,0,0,0,0,0,0,0,0,0,0,0,0,0,0,0,238,16844,0,0,0,0
20850.678,16859,59,0,0,0,0,0,8,529,5,45,0,0,0,0,0,0,0,0,0,0,0,0,0,0,0,0,0,0,0,0,0,0,241,16698,0,0,0,0
20866.915,16237,61,0,0,0,0,0,8,522,5,45,0,0,0,0,0,0,0,0,0,0,0,0,0,0,0,0,0,0,0,0,0,0,237,16881,0,0,0,0
20883.714,16798,59,0,0,0,0,0,8,441,5,45,0,0,0,0,0,0,0,0,0,0,0,0,0,0,0,0,0,0,0,0,0,0,230,16246,0,0,0,0
20900.128,16415,60,0,0,0,0,0,8,521,5,45,0,0,0,0,0,0,0,0,0,0,0,0,0,0,0,0,0,0,0,0,0,0,243,16753,0,0,0,0
20917.524,17395,57,0,0,0,0,0,8,533,5,45,0,0,0,0,0,0,0,0,0,0,0,0,0,0,0,0,0,0,0,0,0,0,212,16439,0,0,0,0
20933.391,15866,63,0,0,0,0,0,8,458,5,45,0,0,0,0,0,0,0,0,0,0,0,0,0,0,0,0,0,0,0,0,0,0,231,17412,0,0,0,0
20950.036,16645,60,0,0,0,0,0,8,530,5,45,0,0,0,0,0,0,0,0,0,0,0,0,0,0,0,0,0,0,0,0,0,0,216,15867,0,0,0,0
20966.735,16699,59,0,0,0,0,0,8,494,5,45,0,0,0,0,0,0,0,0,0,0,0,0,0,0,0,0,0,0,0,0,0,0,250,16729,0,0,0,0
20984.481,17744,56,0,0,0,0,0,8,467,5,45,0,0,0,0,0,0,0,0,0,0,0,0,0,0,0,0,0,0,0,0,0,0,217,16638,0,0,0,0
20999.638,15158,65,0,0,0,0,0,8,521,5,45,0,0,0,0,0,0,0,0,0,0,0,0,0,0,0,0,0,0,0,0,0,0,229,17626,0,0,0,0
21017.089,17450,57,0,0,0,0,0,8,530,5,45,0,0,0,0,0,0,0,0,0,0,0,0,0,0,0,0,0,0,0,0,0,0,232,15260,0,0,0,0
21033.663,16573,60,0,0,0,0,0,8,462,5,45,0,0,0,0,0,0,0,0,0,0,0,0,0,0,0,0,0,0,0,0,0,0,237,17476,0,0,0,0
21049.737,16073,62,0,0,0,0,0,8,501,5,45,0,0,0,0,0,0,0,0,0,0,0,0,0,0,0,0,0,0,0,0,0,0,224,17351,0,0,0,0
21067.058,17321,57,0,0,0,0,0,8,525,5,45,0,0,0,0,0,0,0,0,0,0,0,0,0,0,0,0,0,0,0,0,0,0,212,15164,0,0,0,0
21083.429,16371,61,0,0,0,0,0,8,466,5,45,0,0,0,0,0,0,0,0,0,0,0,0,0,0,0,0,0,0,0,0,0,0,238,17490,0,0,0,0
21100.110,16680,59,0,0,0,0,0,8,527,5,45,0,0,0,0,0,0,0,0,0,0,0,0,0,0,0,0,0,0,0,0,0,0,243,16352,0,0,0,0
21117.524,17413,57,0,0,0,0,0,8,497,5,45,0,0,0,0,0,0,0,0,0,0,0,0,0,0,0,0,0,0,0,0,0,0,221,16582,0,0,0,0
21133.636,16112,62,0,0,0,0,0,8,463,5,45,0,0,0,0,0,0,0,0,0,0,0,0,0,0,0,0,0,0,0,0,0,0,233,17486,0,0,0,0
21150.539,16903,59,0,0,0,0,0,8,527,5,45,0,0,0,0,0,0,0,0,0,0,0,0,0,0,0,0,0,0,0,0,0,0,272,16182,0,0,0,0
21167.122,16583,60,0,0,0,0,0,8,526,5,45,0,0,0,0,0,0,0,0,0,0,0,0,0,0,0,0,0,0,0,0,0,0,214,16715,0,0,0,0
21183.324,16202,61,0,0,0,0,0,8,461,5,45,0,0,0,0,0,0,0,0,0,0,0,0,0,0,0,0,0,0,0,0,0,0,232,17007,0,0,0,0
21200.134,16809,59,0,0,0,0,0,8,496,5,45,0,0,0,0,0,0,0,0,0,0,0,0,0,0,0,0,0,0,0,0,0,0,237,15870,0,0,0,0
21217.525,17390,57,0,0,0,0,0,8,530,5,45,0,0,0,0,0,0,0,0,0,0,0,0,0,0,0,0,0,0,0,0,0,0,220,16768,0,0,0,0
21233.705,16179,61,0,0,0,0,0,8,460,5,45,0,0,0,0,0,0,0,0,0,0,0,0,0,0,0,0,0,0,0,0,0,0,242,17443,0,0,0,0
21250.116,16411,60,0,0,0,0,0,8,521,5,45,0,0,0,0,0,0,0,0,0,0,0,0,0,0,0,0,0,0,0,0,0,0,224,16135,0,0,0,0
21267.525,17408,57,0,0,0,0,0,8,529,5,45,0,0,0,0,0,0,0,0,0,0,0,0,0,0,0,0,0,0,0,0,0,0,198,16368,0,0,0,0
21284.523,16998,58,0,0,0,0,0,8,431,5,45,0,0,0,0,0,0,0,0,0,0,0,0,0,0,0,0,0,0,0,0,0,0,227,17513,0,0,0,0
21300.531,16007,62,0,0,0,0,0,8,525,5,45,0,0,0,0,0,0,0,0,0,0,0,0,0,0,0,0,0,0,0,0,0,0,221,16899,0,0,0,0
21317.526,16994,58,0,0,0,0,0,8,525,5,45,0,0,0,0,0,0,0,0,0,0,0,0,0,0,0,0,0,0,0,0,0,0,243,16163,0,0,0,0
21334.038,16512,60,0,0,0,0,0,8,461,5,45,0,0,0,0,0,0,0,0,0,0,0,0,0,0,0,0,0,0,0,0,0,0,235,16905,0,0,0,0
21350.616,16577,60,0,0,0,0,0,8,528,5,45,0,0,0,0,0,0,0,0,0,0,0,0,0,0,0,0,0,0,0,0,0,0,269,16701,0,0,0,0
21367.107,16491,60,0,0,0,0,0,8,492,5,45,0,0,0,0,0,0,0,0,0,0,0,0,0,0,0,0,0,0,0,0,0,0,248,16436,0,0,0,0
21384.530,17422,57,0,0,0,0,0,8,466,5,45,0,0,0,0,0,0,0,0,0,0,0,0,0,0,0,0,0,0,0,0,0,0,224,16432,0,0,0,0
21399.615,15084,66,0,0,0,0,0,8,520,5,45,0,0,0,0,0,0,0,0,0,0,0,0,0,0,0,0,0,0,0,0,0,0,243,17376,0,0,0,0
21417.041,17426,57,0,0,0,0,0,8,502,5,45,0,0,0,0,0,0,0,0,0,0,0,0,0,0,0,0,0,0,0,0,0,0,212,15050,0,0,0,0
21433.656,16615,60,0,0,0,0,0,8,483,5,45,0,0,0,0,0,0,0,0,0,0,0,0,0,0,0,0,0,0,0,0,0,0,229,17921,0,0,0,0
21450.244,16587,60,0,0,0,0,0,8,488,5,45,0,0,0,0,0,0,0,0,0,0,0,0,0,0,0,0,0,0,0,0,0,0,240,17021,0,0,0,0
21466.706,16461,60,0,0,0,0,0,8,523,5,45,0,0,0,0,0,0,0,0,0,0,0,0,0,0,0,0,0,0,0,0,0,0,219,15773,0,0,0,0
21483.532,16825,59,0,0,0,0,0,8,471,5,45,0,0,0,0,0,0,0,0,0,0,0,0,0,0,0,0,0,0,0,0,0,0,232,16445,0,0,0,0
21500.115,16583,60,0,0,0,0,0,8,525,5,45,0,0,0,0,0,0,0,0,0,0,0,0,0,0,0,0,0,0,0,0,0,0,211,16902,0,0,0,0
21517.521,17406,57,0,0,0,0,0,8,503,5,45,0,0,0,0,0,0,0,0,0,0,0,0,0,0,0,0,0,0,0,0,0,0,240,16498,0,0,0,0
21533.674,16152,61,0,0,0,0,0,8,458,5,45,0,0,0,0,0,0,0,0,0,0,0,0,0,0,0,0,0,0,0,0,0,0,240,17529,0,0,0,0
21550.244,16569,60,0,0,0,0,0,8,527,5,45,0,0,0,0,0,0,0,0,0,0,0,0,0,0,0,0,0,0,0,0,0,0,225,16050,0,0,0,0
21567.526,17282,57,0,0,0,0,0,8,528,5,45,0,0,0,0,0,0,0,0,0,0,0,0,0,0,0,0,0,0,0,0,0,0,225,16583,0,0,0,0
21583.769,16243,61,0,0,0,0,0,8,461,5,45,0,0,0,0,0,0,0,0,0,0,0,0,0,0,0,0,0,0,0,0,0,0,242,17282,0,0,0,0
21600.038,16268,61,0,0,0,0,0,8,487,5,45,0,0,0,0,0,0,0,0,0,0,0,0,0,0,0,0,0,0,0,0,0,0,226,16988,0,0,0,0
21617.075,17037,58,0,0,0,0,0,8,529,5,45,0,0,0,0,0,0,0,0,0,0,0,0,0,0,0,0,0,0,0,0,0,0,202,15848,0,0,0,0
21633.407,16332,61,0,0,0,0,0,8,467,5,45,0,0,0,0,0,0,0,0,0,0,0,0,0,0,0,0,0,0,0,0,0,0,246,16753,0,0,0,0
21650.468,17060,58,0,0,0,0,0,8,531,5,45,0,0,0,0,0,0,0,0,0,0,0,0,0,0,0,0,0,0,0,0,0,0,238,16248,0,0,0,0
21667.532,17052,58,0,0,0,0,0,8,533,5,45,0,0,0,0,0,0,0,0,0,0,0,0,0,0,0,0,0,0,0,0,0,0,226,17049,0,0,0,0
21684.523,17002,58,0,0,0,0,0,8,432,5,45,0,0,0,0,0,0,0,0,0,0,0,0,0,0,0,0,0,0,0,0,0,0,234,17101,0,0,0,0
21700.360,15836,63,0,0,0,0,0,8,525,5,45,0,0,0,0,0,0,0,0,0,0,0,0,0,0,0,0,0,0,0,0,0,0,228,17015,0,0,0,0
21717.112,16752,59,0,0,0,0,0,8,531,5,45,0,0,0,0,0,0,0,0,0,0,0,0,0,0,0,0,0,0,0,0,0,0,237,15799,0,0,0,0
21734.555,17442,57,0,0,0,0,0,8,469,5,45,0,0,0,0,0,0,0,0,0,0,0,0,0,0,0,0,0,0,0,0,0,0,219,16758,0,0,0,0
21750.666,16111,62,0,0,0,0,0,8,523,5,45,0,0,0,0,0,0,0,0,0,0,0,0,0,0,0,0,0,0,0,0,0,0,247,17483,0,0,0,0
21767.516,16850,59,0,0,0,0,0,8,493,5,45,0,0,0,0,0,0,0,0,0,0,0,0,0,0,0,0,0,0,0,0,0,0,223,16014,0,0,0,0
21783.784,16267,61,0,0,0,0,0,8,464,5,45,0,0,0,0,0,0,0,0,0,0,0,0,0,0,0,0,0,0,0,0,0,0,227,16919,0,0,0,0
21800.085,16301,61,0,0,0,0,0,8,525,5,45,0,0,0,0,0,0,0,0,0,0,0,0,0,0,0,0,0,0,0,0,0,0,235,16241,0,0,0,0
21817.531,17434,57,0,0,0,0,0,8,534,5,45,0,0,0,0,0,0,0,0,0,0,0,0,0,0,0,0,0,0,0,0,0,0,238,16306,0,0,0,0
21833.765,16244,61,0,0,0,0,0,8,461,5,45,0,0,0,0,0,0,0,0,0,0,0,0,0,0,0,0,0,0,0,0,0,0,243,17469,0,0,0,0
21850.305,16540,60,0,0,0,0,0,8,500,5,45,0,0,0,0,0,0,0,0,0,0,0,0,0,0,0,0,0,0,0,0,0,0,245,16220,0,0,0,0
21867.531,17225,58,0,0,0,0,0,8,529,5,45,0,0,0,0,0,0,0,0,0,0,0,0,0,0,0,0,0,0,0,0,0,0,222,16543,0,0,0,0
21883.679,16148,61,0,0,0,0,0,8,457,5,45,0,0,0,0,0,0,0,0,0,0,0,0,0,0,0,0,0,0,0,0,0,0,232,17298,0,0,0,0
21899.589,15910,62,0,0,0,0,0,8,526,5,45,0,0,0,0,0,0,0,0,0,0,0,0,0,0,0,0,0,0,0,0,0,0,219,16050,0,0,0,0
21916.423,16833,59,0,0,0,0,0,8,493,5,45,0,0,0,0,0,0,0,0,0,0,0,0,0,0,0,0,0,0,0,0,0,0,234,16022,0,0,0,0
21933.347,16923,59,0,0,0,0,0,8,471,5,45,0,0,0,0,0,0,0,0,0,0,0,0,0,0,0,0,0,0,0,0,0,0,232,16712,0,0,0,0
21950.646,17299,57,0,0,0,0,0,8,2742,5,45,0,0,0,0,0,0,0,0,0,0,0,0,0,0,0,0,0,0,0,0,0,0,575,27138,0,0,0,0
21967.523,16876,59,0,0,0,0,0,8,2411,5,45,0,0,0,0,0,0,0,0,0,0,0,0,0,0,0,0,0,0,0,0,0,0,181,16322,0,0,0,0
21984.529,17006,58,0,0,0,0,0,8,804,5,45,0,0,0,0,0,0,0,0,0,0,0,0,0,0,0,0,0,0,0,0,0,0,186,8580,0,0,0,0
22000.131,15602,64,0,0,0,0,0,8,3119,5,45,0,0,0,0,0,0,0,0,0,0,0,0,0,0,0,0,0,0,0,0,0,0,220,20130,0,0,0,0
22017.027,16896,59,0,0,0,0,0,8,622,5,45,0,0,0,0,0,0,0,0,0,0,0,0,0,0,0,0,0,0,0,0,0,0,205,12015,0,0,0,0
22033.428,16400,60,0,0,0,0,0,8,637,5,45,0,0,0,0,0,0,0,0,0,0,0,0,0,0,0,0,0,0,0,0,0,0,239,16683,0,0,0,0
22050.520,17091,58,0,0,0,0,0,8,737,5,45,0,0,0,0,0,0,0,0,0,0,0,0,0,0,0,0,0,0,0,0,0,0,249,16576,0,0,0,0
22067.044,16524,60,0,0,0,0,0,8,796,5,45,0,0,0,0,0,0,0,0,0,0,0,0,0,0,0,0,0,0,0,0,0,0,1635,18199,0,0,0,0
22083.383,16339,61,0,0,0,0,0,8,649,5,45,0,0,0,0,0,0,0,0,0,0,0,0,0,0,0,0,0,0,0,0,0,0,221,15480,0,0,0,0
22100.089,16705,59,0,0,0,0,0,8,644,5,45,0,0,0,0,0,0,0,0,0,0,0,0,0,0,0,0,0,0,0,0,0,0,229,16061,0,0,0,0
22117.068,16979,58,0,0,0,0,0,8,633,5,45,0,0,0,0,0,0,0,0,0,0,0,0,0,0,0,0,0,0,0,0,0,0,229,16592,0,0,0,0
22134.537,17468,57,0,0,0,0,0,8,572,5,45,0,0,0,0,0,0,0,0,0,0,0,0,0,0,0,0,0,0,0,0,0,0,257,17096,0,0,0,0
22150.549,16012,62,0,0,0,0,0,8,629,5,45,0,0,0,0,0,0,0,0,0,0,0,0,0,0,0,0,0,0,0,0,0,0,234,17382,0,0,0,0
22166.927,16377,61,0,0,0,0,0,8,599,5,45,0,0,0,0,0,0,0,0,0,0,0,0,0,0,0,0,0,0,0,0,0,0,239,16002,0,0,0,0
22183.658,16731,59,0,0,0,0,0,8,608,5,45,0,0,0,0,0,0,0,0,0,0,0,0,0,0,0,0,0,0,0,0,0,0,246,16355,0,0,0,0
22200.510,16852,59,0,0,0,0,0,8,659,5,45,0,0,0,0,0,0,0,0,0,0,0,0,0,0,0,0,0,0,0,0,0,0,251,17685,0,0,0,0
22216.934,16424,60,0,0,0,0,0,8,656,5,45,0,0,0,0,0,0,0,0,0,0,0,0,0,0,0,0,0,0,0,0,0,0,222,15958,0,0,0,0
22233.678,16743,59,0,0,0,0,0,8,584,5,45,0,0,0,0,0,0,0,0,0,0,0,0,0,0,0,0,0,0,0,0,0,0,252,16448,0,0,0,0
22250.096,16418,60,0,0,0,0,0,8,618,5,45,0,0,0,0,0,0,0,0,0,0,0,0,0,0,0,0,0,0,0,0,0,0,244,16679,0,0,0,0
22267.515,17419,57,0,0,0,0,0,8,648,5,45,0,0,0,0,0,0,0,0,0,0,0,0,0,0,0,0,0,0,0,0,0,0,242,16434,0,0,0,0
22283.652,16137,61,0,0,0,0,0,8,573,5,45,0,0,0,0,0,0,0,0,0,0,0,0,0,0,0,0,0,0,0,0,0,0,237,17430,0,0,0,0
22300.164,16511,60,0,0,0,0,0,8,634,5,45,0,0,0,0,0,0,0,0,0,0,0,0,0,0,0,0,0,0,0,0,0,0,248,16934,0,0,0,0
22317.022,16858,59,0,0,0,0,0,8,608,5,45,0,0,0,0,0,0,0,0,0,0,0,0,0,0,0,0,0,0,0,0,0,0,233,15687,0,0,0,0
22334.520,17497,57,0,0,0,0,0,8,574,5,45,0,0,0,0,0,0,0,0,0,0,0,0,0,0,0,0,0,0,0,0,0,0,232,16931,0,0,0,0
22350.514,15993,62,0,0,0,0,0,8,635,5,45,0,0,0,0,0,0,0,0,0,0,0,0,0,0,0,0,0,0,0,0,0,0,218,17491,0,0,0,0
22367.520,17006,58,0,0,0,0,0,8,1312,5,45,0,0,0,0,0,0,0,0,0,0,0,0,0,0,0,0,0,0,0,0,0,0,241,17236,0,0,0,0
22383.971,16450,60,0,0,0,0,0,8,584,5,45,0,0,0,0,0,0,0,0,0,0,0,0,0,0,0,0,0,0,0,0,0,0,233,15724,0,0,0,0
22400.221,16250,61,0,0,0,0,0,8,613,5,45,0,0,0,0,0,0,0,0,0,0,0,0,0,0,0,0,0,0,0,0,0,0,230,16818,0,0,0,0
22417.524,17303,57,0,0,0,0,0,8,655,5,45,0,0,0,0,0,0,0,0,0,0,0,0,0,0,0,0,0,0,0,0,0,0,221,15839,0,0,0,0
22433.700,16175,61,0,0,0,0,0,8,579,5,45,0,0,0,0,0,0,0,0,0,0,0,0,0,0,0,0,0,0,0,0,0,0,222,17321,0,0,0,0
22450.511,16811,59,0,0,0,0,0,8,655,5,45,0,0,0,0,0,0,0,0,0,0,0,0,0,0,0,0,0,0,0,0,0,0,231,16169,0,0,0,0
22466.727,16216,61,0,0,0,0,0,8,648,5,45,0,0,0,0,0,0,0,0,0,0,0,0,0,0,0,0,0,0,0,0,0,0,219,16807,0,0,0,0
22484.523,17795,56,0,0,0,0,0,8,551,5,45,0,0,0,0,0,0,0,0,0,0,0,0,0,0,0,0,0,0,0,0,0,0,224,16199,0,0,0,0
22500.097,15574,64,0,0,0,0,0,8,651,5,45,0,0,0,0,0,0,0,0,0,0,0,0,0,0,0,0,0,0,0,0,0,0,211,17735,0,0,0,0
22516.823,16725,59,0,0,0,0,0,8,651,5,45,0,0,0,0,0,0,0,0,0,0,0,0,0,0,0,0,0,0,0,0,0,0,206,15665,0,0,0,0
22533.268,16445,60,0,0,0,0,0,8,587,5,45,0,0,0,0,0,0,0,0,0,0,0,0,0,0,0,0,0,0,0,0,0,0,231,16727,0,0,0,0
22549.831,16563,60,0,0,0,0,0,8,652,5,45,0,0,0,0,0,0,0,0,0,0,0,0,0,0,0,0,0,0,0,0,0,0,227,16436,0,0,0,0
22566.803,16971,58,0,0,0,0,0,8,621,5,45,0,0,0,0,0,0,0,0,0,0,0,0,0,0,0,0,0,0,0,0,0,0,222,16688,0,0,0,0
22584.511,17708,56,0,0,0,0,0,8,591,5,45,0,0,0,0,0,0,0,0,0,0,0,0,0,0,0,0,0,0,0,0,0,0,222,17489,0,0,0,0
22600.528,16017,62,0,0,0,0,0,8,648,5,45,0,0,0,0,0,0,0,0,0,0,0,0,0,0,0,0,0,0,0,0,0,0,221,17050,0,0,0,0
22616.563,16034,62,0,0,0,0,0,8,2767,5,45,0,0,0,0,0,0,0,0,0,0,0,0,0,0,0,0,0,0,0,0,0,0,225,18276,0,0,0,0
22633.733,17170,58,0,0,0,0,0,8,629,5,45,0,0,0,0,0,0,0,0,0,0,0,0,0,0,0,0,0,0,0,0,0,0,222,13835,0,0,0,0
22650.518,16785,59,0,0,0,0,0,8,627,5,45,0,0,0,0,0,0,0,0,0,0,0,0,0,0,0,0,0,0,0,0,0,0,229,17969,0,0,0,0
22667.121,16602,60,0,0,0,0,0,8,664,5,45,0,0,0,0,0,0,0,0,0,0,0,0,0,0,0,0,0,0,0,0,0,0,221,16037,0,0,0,0
22683.364,16242,61,0,0,0,0,0,8,597,5,45,0,0,0,0,0,0,0,0,0,0,0,0,0,0,0,0,0,0,0,0,0,0,235,16526,0,0,0,0
22700.088,16724,59,0,0,0,0,0,8,662,5,45,0,0,0,0,0,0,0,0,0,0,0,0,0,0,0,0,0,0,0,0,0,0,229,16259,0,0,0,0
22716.748,16659,60,0,0,0,0,0,8,631,5,45,0,0,0,0,0,0,0,0,0,0,0,0,0,0,0,0,0,0,0,0,0,0,213,16668,0,0,0,0
22733.523,16775,59,0,0,0,0,0,8,600,5,45,0,0,0,0,0,0,0,0,0,0,0,0,0,0,0,0,0,0,0,0,0,0,229,16947,0,0,0,0
22749.847,16324,61,0,0,0,0,0,8,662,5,45,0,0,0,0,0,0,0,0,0,0,0,0,0,0,0,0,0,0,0,0,0,0,240,16625,0,0,0,0
22767.171,17323,57,0,0,0,0,0,8,667,5,45,0,0,0,0,0,0,0,0,0,0,0,0,0,0,0,0,0,0,0,0,0,0,226,16122,0,0,0,0
22783.929,16758,59,0,0,0,0,0,8,603,5,45,0,0,0,0,0,0,0,0,0,0,0,0,0,0,0,0,0,0,0,0,0,0,206,17483,0,0,0,0
22799.685,15756,63,0,0,0,0,0,8,624,5,45,0,0,0,0,0,0,0,0,0,0,0,0,0,0,0,0,0,0,0,0,0,0,220,16603,0,0,0,0
22817.173,17488,57,0,0,0,0,0,8,663,5,45,0,0,0,0,0,0,0,0,0,0,0,0,0,0,0,0,0,0,0,0,0,0,231,15866,0,0,0,0
22833.724,16550,60,0,0,0,0,0,8,599,5,45,0,0,0,0,0,0,0,0,0,0,0,0,0,0,0,0,0,0,0,0,0,0,236,17816,0,0,0,0
22850.323,16599,60,0,0,0,0,0,8,668,5,45,0,0,0,0,0,0,0,0,0,0,0,0,0,0,0,0,0,0,0,0,0,0,239,16188,0,0,0,0
22866.824,16500,60,0,0,0,0,0,8,664,5,45,0,0,0,0,0,0,0,0,0,0,0,0,0,0,0,0,0,0,0,0,0,0,234,16616,0,0,0,0
22883.610,16786,59,0,0,0,0,0,8,563,5,45,0,0,0,0,0,0,0,0,0,0,0,0,0,0,0,0,0,0,0,0,0,0,228,16500,0,0,0,0
22900.536,16925,59,0,0,0,0,0,8,667,5,45,0,0,0,0,0,0,0,0,0,0,0,0,0,0,0,0,0,0,0,0,0,0,228,16739,0,0,0,0
22917.507,16970,58,0,0,0,0,0,8,663,5,45,0,0,0,0,0,0,0,0,0,0,0,0,0,0,0,0,0,0,0,0,0,0,233,16992,0,0,0,0
22933.647,16140,61,0,0,0,0,0,8,597,5,45,0,0,0,0,0,0,0,0,0,0,0,0,0,0,0,0,0,0,0,0,0,0,240,16975,0,0,0,0
22950.407,16759,59,0,0,0,0,0,8,666,5,45,0,0,0,0,0,0,0,0,0,0,0,0,0,0,0,0,0,0,0,0,0,0,244,16983,0,0,0,0
22967.513,17106,58,0,0,0,0,0,8,627,5,45,0,0,0,0,0,0,0,0,0,0,0,0,0,0,0,0,0,0,0,0,0,0,227,15966,0,0,0,0
22984.513,16999,58,0,0,0,0,0,8,602,5,45,0,0,0,0,0,0,0,0,0,0,0,0,0,0,0,0,0,0,0,0,0,0,221,17024,0,0,0,0
22999.643,15130,66,0,0,0,0,0,8,658,5,45,0,0,0,0,0,0,0,0,0,0,0,0,0,0,0,0,0,0,0,0,0,0,209,16882,0,0,0,0
23016.748,17104,58,0,0,0,0,0,8,668,5,45,0,0,0,0,0,0,0,0,0,0,0,0,0,0,0,0,0,0,0,0,0,0,232,15272,0,0,0,0
23033.654,16906,59,0,0,0,0,0,8,601,5,45,0,0,0,0,0,0,0,0,0,0,0,0,0,0,0,0,0,0,0,0,0,0,239,17314,0,0,0,0
23050.347,16692,59,0,0,0,0,0,8,631,5,45,0,0,0,0,0,0,0,0,0,0,0,0,0,0,0,0,0,0,0,0,0,0,252,17510,0,0,0,0
23067.018,16671,59,0,0,0,0,0,8,668,5,45,0,0,0,0,0,0,0,0,0,0,0,0,0,0,0,0,0,0,0,0,0,0,225,15772,0,0,0,0
23084.519,17501,57,0,0,0,0,0,8,598,5,45,0,0,0,0,0,0,0,0,0,0,0,0,0,0,0,0,0,0,0,0,0,0,226,16774,0,0,0,0
23100.154,15634,63,0,0,0,0,0,8,665,5,45,0,0,0,0,0,0,0,0,0,0,0,0,0,0,0,0,0,0,0,0,0,0,243,17479,0,0,0,0
23117.171,17017,58,0,0,0,0,0,8,630,5,45,0,0,0,0,0,0,0,0,0,0,0,0,0,0,0,0,0,0,0,0,0,0,213,15545,0,0,0,0
23134.510,17339,57,0,0,0,0,0,8,600,5,45,0,0,0,0,0,0,0,0,0,0,0,0,0,0,0,0,0,0,0,0,0,0,220,17390,0,0,0,0
23150.049,15538,64,0,0,0,0,0,8,665,5,45,0,0,0,0,0,0,0,0,0,0,0,0,0,0,0,0,0,0,0,0,0,0,235,17066,0,0,0,0
23166.899,16850,59,0,0,0,0,0,8,669,5,45,0,0,0,0,0,0,0,0,0,0,0,0,0,0,0,0,0,0,0,0,0,0,221,15584,0,0,0,0
23184.506,17606,56,0,0,0,0,0,8,603,5,45,0,0,0,0,0,0,0,0,0,0,0,0,0,0,0,0,0,0,0,0,0,0,233,16798,0,0,0,0
23199.690,15184,65,0,0,0,0,0,8,629,5,45,0,0,0,0,0,0,0,0,0,0,0,0,0,0,0,0,0,0,0,0,0,0,222,17619,0,0,0,0
23217.088,17397,57,0,0,0,0,0,8,662,5,45,0,0,0,0,0,0,0,0,0,0,0,0,0,0,0,0,0,0,0,0,0,0,210,15117,0,0,0,0
23234.504,17416,57,0,0,0,0,0,8,596,5,45,0,0,0,0,0,0,0,0,0,0,0,0,0,0,0,0,0,0,0,0,0,0,245,17844,0,0,0,0
23250.506,16002,62,0,0,0,0,0,8,666,5,45,0,0,0,0,0,0,0,0,0,0,0,0,0,0,0,0,0,0,0,0,0,0,225,17135,0,0,0,0
23267.087,16580,60,0,0,0,0,0,8,659,5,45,0,0,0,0,0,0,0,0,0,0,0,0,0,0,0,0,0,0,0,0,0,0,209,15810,0,0,0,0
23283.304,16217,61,0,0,0,0,0,8,563,5,45,0,0,0,0,0,0,0,0,0,0,0,0,0,0,0,0,0,0,0,0,0,0,204,16632,0,0,0,0
23300.087,16783,59,0,0,0,0,0,8,664,5,45,0,0,0,0,0,0,0,0,0,0,0,0,0,0,0,0,0,0,0,0,0,0,223,16238,0,0,0,0
23316.916,16828,59,0,0,0,0,0,8,667,5,45,0,0,0,0,0,0,0,0,0,0,0,0,0,0,0,0,0,0,0,0,0,0,239,16805,0,0,0,0
23334.507,17590,56,0,0,0,0,0,8,599,5,45,0,0,0,0,0,0,0,0,0,0,0,0,0,0,0,0,0,0,0,0,0,0,244,16808,0,0,0,0
23350.094,15587,64,0,0,0,0,0,8,658,5,45,0,0,0,0,0,0,0,0,0,0,0,0,0,0,0,0,0,0,0,0,0,0,241,17642,0,0,0,0
23367.501,17407,57,0,0,0,0,0,8,636,5,45,0,0,0,0,0,0,0,0,0,0,0,0,0,0,0,0,0,0,0,0,0,0,215,15461,0,0,0,0
23383.245,15744,63,0,0,0,0,0,8,591,5,45,0,0,0,0,0,0,0,0,0,0,0,0,0,0,0,0,0,0,0,0,0,0,225,17508,0,0,0,0
23400.639,17394,57,0,0,0,0,0,8,668,5,45,0,0,0,0,0,0,0,0,0,0,0,0,0,0,0,0,0,0,0,0,0,0,212,15898,0,0,0,0
23417.499,16859,59,0,0,0,0,0,8,665,5,45,0,0,0,0,0,0,0,0,0,0,0,0,0,0,0,0,0,0,0,0,0,0,237,17310,0,0,0,0
23433.576,16076,62,0,0,0,0,0,8,593,5,45,0,0,0,0,0,0,0,0,0,0,0,0,0,0,0,0,0,0,0,0,0,0,228,16794,0,0,0,0
23450.083,16506,60,0,0,0,0,0,8,623,5,45,0,0,0,0,0,0,0,0,0,0,0,0,0,0,0,0,0,0,0,0,0,0,225,16064,0,0,0,0
23467.502,17418,57,0,0,0,0,0,8,671,5,45,0,0,0,0,0,0,0,0,0,0,0,0,0,0,0,0,0,0,0,0,0,0,219,16460,0,0,0,0
23483.554,16052,62,0,0,0,0,0,8,599,5,45,0,0,0,0,0,0,0,0,0,0,0,0,0,0,0,0,0,0,0,0,0,0,234,17459,0,0,0,0
23500.591,17036,58,0,0,0,0,0,8,667,5,45,0,0,0,0,0,0,0,0,0,0,0,0,0,0,0,0,0,0,0,0,0,0,227,15972,0,0,0,0
23517.015,16424,60,0,0,0,0,0,8,629,5,45,0,0,0,0,0,0,0,0,0,0,0,0,0,0,0,0,0,0,0,0,0,0,233,17132,0,0,0,0
23533.677,16661,60,0,0,0,0,0,8,604,5,45,0,0,0,0,0,0,0,0,0,0,0,0,0,0,0,0,0,0,0,0,0,0,224,16416,0,0,0,0
23550.257,16580,60,0,0,0,0,0,8,665,5,45,0,0,0,0,0,0,0,0,0,0,0,0,0,0,0,0,0,0,0,0,0,0,247,17461,0,0,0,0
23567.025,16767,59,0,0,0,0,0,8,634,5,45,0,0,0,0,0,0,0,0,0,0,0,0,0,0,0,0,0,0,0,0,0,0,231,15747,0,0,0,0
23583.699,16674,59,0,0,0,0,0,8,633,5,45,0,0,0,0,0,0,0,0,0,0,0,0,0,0,0,0,0,0,0,0,0,0,238,16885,0,0,0,0
23600.221,16521,60,0,0,0,0,0,8,632,5,45,0,0,0,0,0,0,0,0,0,0,0,0,0,0,0,0,0,0,0,0,0,0,227,16506,0,0,0,0
23617.507,17285,57,0,0,0,0,0,8,672,5,45,0,0,0,0,0,0,0,0,0,0,0,0,0,0,0,0,0,0,0,0,0,0,207,16446,0,0,0,0
23634.501,16994,58,0,0,0,0,0,8,602,5,45,0,0,0,0,0,0,0,0,0,0,0,0,0,0,0,0,0,0,0,0,0,0,242,17450,0,0,0,0
23650.068,15566,64,0,0,0,0,0,8,659,5,45,0,0,0,0,0,0,0,0,0,0,0,0,0,0,0,0,0,0,0,0,0,0,239,16967,0,0,0,0
23667.057,16989,58,0,0,0,0,0,8,666,5,45,0,0,0,0,0,0,0,0,0,0,0,0,0,0,0,0,0,0,0,0,0,0,224,15442,0,0,0,0
23683.635,16577,60,0,0,0,0,0,8,564,5,45,0,0,0,0,0,0,0,0,0,0,0,0,0,0,0,0,0,0,0,0,0,0,242,17177,0,0,0,0
23700.507,16871,59,0,0,0,0,0,8,663,5,45,0,0,0,0,0,0,0,0,0,0,0,0,0,0,0,0,0,0,0,0,0,0,224,17338,0,0,0,0
23717.499,16992,58,0,0,0,0,0,8,666,5,45,0,0,0,0,0,0,0,0,0,0,0,0,0,0,0,0,0,0,0,0,0,0,227,16060,0,0,0,0
23733.680,16180,61,0,0,0,0,0,8,597,5,45,0,0,0,0,0,0,0,0,0,0,0,0,0,0,0,0,0,0,0,0,0,0,220,16998,0,0,0,0
23750.500,16820,59,0,0,0,0,0,8,667,5,45,0,0,0,0,0,0,0,0,0,0,0,0,0,0,0,0,0,0,0,0,0,0,209,16118,0,0,0,0
23767.498,16997,58,0,0,0,0,0,8,624,5,45,0,0,0,0,0,0,0,0,0,0,0,0,0,0,0,0,0,0,0,0,0,0,226,16938,0,0,0,0
23784.510,17012,58,0,0,0,0,0,8,601,5,45,0,0,0,0,0,0,0,0,0,0,0,0,0,0,0,0,0,0,0,0,0,0,236,16950,0,0,0,0
23800.078,15568,64,0,0,0,0,0,8,662,5,45,0,0,0,0,0,0,0,0,0,0,0,0,0,0,0,0,0,0,0,0,0,0,239,17034,0,0,0,0
23817.501,17422,57,0,0,0,0,0,8,672,5,45,0,0,0,0,0,0,0,0,0,0,0,0,0,0,0,0,0,0,0,0,0,0,221,15534,0,0,0,0
23833.705,16204,61,0,0,0,0,0,8,595,5,45,0,0,0,0,0,0,0,0,0,0,0,0,0,0,0,0,0,0,0,0,0,0,243,17442,0,0,0,0
23850.090,16384,61,0,0,0,0,0,8,626,5,45,0,0,0,0,0,0,0,0,0,0,0,0,0,0,0,0,0,0,0,0,0,0,240,16946,0,0,0,0
23866.519,16429,60,0,0,0,0,0,8,625,5,45,0,0,0,0,0,0,0,0,0,0,0,0,0,0,0,0,0,0,0,0,0,0,246,15620,0,0,0,0
23883.639,17120,58,0,0,0,0,0,8,638,5,45,0,0,0,0,0,0,0,0,0,0,0,0,0,0,0,0,0,0,0,0,0,0,245,16393,0,0,0,0
23900.205,16565,60,0,0,0,0,0,8,669,5,45,0,0,0,0,0,0,0,0,0,0,0,0,0,0,0,0,0,0,0,0,0,0,236,17202,0,0,0,0
23917.018,16812,59,0,0,0,0,0,8,634,5,45,0,0,0,0,0,0,0,0,0,0,0,0,0,0,0,0,0,0,0,0,0,0,239,16495,0,0,0,0
23933.956,16938,59,0,0,0,0,0,8,602,5,45,0,0,0,0,0,0,0,0,0,0,0,0,0,0,0,0,0,0,0,0,0,0,232,16834,0,0,0,0
23950.644,16688,59,0,0,0,0,0,8,665,5,45,0,0,0,0,0,0,0,0,0,0,0,0,0,0,0,0,0,0,0,0,0,0,240,17436,0,0,0,0
23967.501,16856,59,0,0,0,0,0,8,662,5,45,0,0,0,0,0,0,0,0,0,0,0,0,0,0,0,0,0,0,0,0,0,0,216,16075,0,0,0,0
23983.629,16128,62,0,0,0,0,0,8,602,5,45,0,0,0,0,0,0,0,0,0,0,0,0,0,0,0,0,0,0,0,0,0,0,227,16994,0,0,0,0
24000.117,16488,60,0,0,0,0,0,8,627,5,45,0,0,0,0,0,0,0,0,0,0,0,0,0,0,0,0,0,0,0,0,0,0,283,16895,0,0,0,0
24017.495,17378,57,0,0,0,0,0,8,671,5,45,0,0,0,0,0,0,0,0,0,0,0,0,0,0,0,0,0,0,0,0,0,0,233,15664,0,0,0,0
24033.659,16163,61,0,0,0,0,0,8,599,5,45,0,0,0,0,0,0,0,0,0,0,0,0,0,0,0,0,0,0,0,0,0,0,235,17418,0,0,0,0
24049.608,15949,62,0,0,0,0,0,8,663,5,45,0,0,0,0,0,0,0,0,0,0,0,0,0,0,0,0,0,0,0,0,0,0,237,16124,0,0,0,0
24066.676,17068,58,0,0,0,0,0,8,667,5,45,0,0,0,0,0,0,0,0,0,0,0,0,0,0,0,0,0,0,0,0,0,0,217,15964,0,0,0,0
24083.747,17070,58,0,0,0,0,0,8,569,5,45,0,0,0,0,0,0,0,0,0,0,0,0,0,0,0,0,0,0,0,0,0,0,234,17375,0,0,0,0
24100.577,16830,59,0,0,0,0,0,8,666,5,45,0,0,0,0,0,0,0,0,0,0,0,0,0,0,0,0,0,0,0,0,0,0,231,16761,0,0,0,0
24117.048,16471,60,0,0,0,0,0,8,662,5,45,0,0,0,0,0,0,0,0,0,0,0,0,0,0,0,0,0,0,0,0,0,0,235,16861,0,0,0,0
24133.768,16719,59,0,0,0,0,0,8,602,5,45,0,0,0,0,0,0,0,0,0,0,0,0,0,0,0,0,0,0,0,0,0,0,232,16505,0,0,0,0
24150.496,16727,59,0,0,0,0,0,8,668,5,45,0,0,0,0,0,0,0,0,0,0,0,0,0,0,0,0,0,0,0,0,0,0,241,17345,0,0,0,0
24167.017,16521,60,0,0,0,0,0,8,631,5,45,0,0,0,0,0,0,0,0,0,0,0,0,0,0,0,0,0,0,0,0,0,0,228,16096,0,0,0,0
24183.615,16598,60,0,0,0,0,0,8,601,5,45,0,0,0,0,0,0,0,0,0,0,0,0,0,0,0,0,0,0,0,0,0,0,238,16603,0,0,0,0
24200.230,16614,60,0,0,0,0,0,8,659,5,45,0,0,0,0,0,0,0,0,0,0,0,0,0,0,0,0,0,0,0,0,0,0,236,16462,0,0,0,0
24217.499,17269,57,0,0,0,0,0,8,664,5,45,0,0,0,0,0,0,0,0,0,0,0,0,0,0,0,0,0,0,0,0,0,0,231,16637,0,0,0,0
24234.499,16999,58,0,0,0,0,0,8,602,5,45,0,0,0,0,0,0,0,0,0,0,0,0,0,0,0,0,0,0,0,0,0,0,234,17278,0,0,0,0
24249.580,15081,66,0,0,0,0,0,8,625,5,45,0,0,0,0,0,0,0,0,0,0,0,0,0,0,0,0,0,0,0,0,0,0,218,16969,0,0,0,0
24267.158,17577,56,0,0,0,0,0,8,664,5,45,0,0,0,0,0,0,0,0,0,0,0,0,0,0,0,0,0,0,0,0,0,0,207,14983,0,0,0,0
24283.693,16534,60,0,0,0,0,0,8,599,5,45,0,0,0,0,0,0,0,0,0,0,0,0,0,0,0,0,0,0,0,0,0,0,223,17681,0,0,0,0
24300.646,16953,58,0,0,0,0,0,8,655,5,45,0,0,0,0,0,0,0,0,0,0,0,0,0,0,0,0,0,0,0,0,0,0,237,17301,0,0,0,0
24317.138,16492,60,0,0,0,0,0,8,630,5,45,0,0,0,0,0,0,0,0,0,0,0,0,0,0,0,0,0,0,0,0,0,0,229,16152,0,0,0,0
24333.768,16629,60,0,0,0,0,0,8,592,5,45,0,0,0,0,0,0,0,0,0,0,0,0,0,0,0,0,0,0,0,0,0,0,238,16854,0,0,0,0
24350.014,16246,61,0,0,0,0,0,8,664,5,45,0,0,0,0,0,0,0,0,0,0,0,0,0,0,0,0,0,0,0,0,0,0,207,16318,0,0,0,0
24367.501,17487,57,0,0,0,0,0,8,670,5,45,0,0,0,0,0,0,0,0,0,0,0,0,0,0,0,0,0,0,0,0,0,0,209,16207,0,0,0,0
24383.493,15991,62,0,0,0,0,0,8,597,5,45,0,0,0,0,0,0,0,0,0,0,0,0,0,0,0,0,0,0,0,0,0,0,281,17617,0,0,0,0
24400.111,16618,60,0,0,0,0,0,8,625,5,45,0,0,0,0,0,0,0,0,0,0,0,0,0,0,0,0,0,0,0,0,0,0,243,15901,0,0,0,0
24417.493,17381,57,0,0,0,0,0,8,669,5,45,0,0,0,0,0,0,0,0,0,0,0,0,0,0,0,0,0,0,0,0,0,0,205,16522,0,0,0,0
24434.494,17001,58,0,0,0,0,0,8,598,5,45,0,0,0,0,0,0,0,0,0,0,0,0,0,0,0,0,0,0,0,0,0,0,228,17468,0,0,0,0
24450.042,15548,64,0,0,0,0,0,8,662,5,45,0,0,0,0,0,0,0,0,0,0,0,0,0,0,0,0,0,0,0,0,0,0,230,16907,0,0,0,0
24467.004,16961,58,0,0,0,0,0,8,624,5,45,0,0,0,0,0,0,0,0,0,0,0,0,0,0,0,0,0,0,0,0,0,0,222,15596,0,0,0,0
24483.696,16692,59,0,0,0,0,0,8,610,5,45,0,0,0,0,0,0,0,0,0,0,0,0,0,0,0,0,0,0,0,0,0,0,238,17446,0,0,0,0
24500.577,16871,59,0,0,0,0,0,8,665,5,45,0,0,0,0,0,0,0,0,0,0,0,0,0,0,0,0,0,0,0,0,0,0,233,17005,0,0,0,0
24517.071,16504,60,0,0,0,0,0,8,663,5,45,0,0,0,0,0,0,0,0,0,0,0,0,0,0,0,0,0,0,0,0,0,0,217,16112,0,0,0,0
24534.502,17430,57,0,0,0,0,0,8,599,5,45,0,0,0,0,0,0,0,0,0,0,0,0,0,0,0,0,0,0,0,0,0,0,227,16496,0,0,0,0
24549.666,15164,65,0,0,0,0,0,8,658,5,45,0,0,0,0,0,0,0,0,0,0,0,0,0,0,0,0,0,0,0,0,0,0,232,17368,0,0,0,0
24567.007,17341,57,0,0,0,0,0,8,633,5,45,0,0,0,0,0,0,0,0,0,0,0,0,0,0,0,0,0,0,0,0,0,0,212,15196,0,0,0,0
24583.924,16916,59,0,0,0,0,0,8,606,5,45,0,0,0,0,0,0,0,0,0,0,0,0,0,0,0,0,0,0,0,0,0,0,241,17431,0,0,0,0
24600.374,16450,60,0,0,0,0,0,8,663,5,45,0,0,0,0,0,0,0,0,0,0,0,0,0,0,0,0,0,0,0,0,0,0,234,17401,0,0,0,0
24617.495,17121,58,0,0,0,0,0,8,668,5,45,0,0,0,0,0,0,0,0,0,0,0,0,0,0,0,0,0,0,0,0,0,0,221,15857,0,0,0,0
24633.925,16429,60,0,0,0,0,0,8,594,5,45,0,0,0,0,0,0,0,0,0,0,0,0,0,0,0,0,0,0,0,0,0,0,237,17180,0,0,0,0
24650.137,16212,61,0,0,0,0,0,8,635,5,45,0,0,0,0,0,0,0,0,0,0,0,0,0,0,0,0,0,0,0,0,0,0,233,16306,0,0,0,0
24667.497,17360,57,0,0,0,0,0,8,664,5,45,0,0,0,0,0,0,0,0,0,0,0,0,0,0,0,0,0,0,0,0,0,0,239,16306,0,0,0,0
24683.755,16257,61,0,0,0,0,0,8,602,5,45,0,0,0,0,0,0,0,0,0,0,0,0,0,0,0,0,0,0,0,0,0,0,240,18378,0,0,0,0
24700.256,16501,60,0,0,0,0,0,8,663,5,45,0,0,0,0,0,0,0,0,0,0,0,0,0,0,0,0,0,0,0,0,0,0,225,15905,0,0,0,0
24717.045,16788,59,0,0,0,0,0,8,627,5,45,0,0,0,0,0,0,0,0,0,0,0,0,0,0,0,0,0,0,0,0,0,0,222,15850,0,0,0,0
24733.719,16673,59,0,0,0,0,0,8,604,5,45,0,0,0,0,0,0,0,0,0,0,0,0,0,0,0,0,0,0,0,0,0,0,230,16880,0,0,0,0
24750.493,16774,59,0,0,0,0,0,8,664,5,45,0,0,0,0,0,0,0,0,0,0,0,0,0,0,0,0,0,0,0,0,0,0,231,17312,0,0,0,0
24767.040,16547,60,0,0,0,0,0,8,662,5,45,0,0,0,0,0,0,0,0,0,0,0,0,0,0,0,0,0,0,0,0,0,0,230,16100,0,0,0,0
24783.035,15994,62,0,0,0,0,0,8,595,5,45,0,0,0,0,0,0,0,0,0,0,0,0,0,0,0,0,0,0,0,0,0,0,246,16592,0,0,0,0
24800.104,17069,58,0,0,0,0,0,8,630,5,45,0,0,0,0,0,0,0,0,0,0,0,0,0,0,0,0,0,0,0,0,0,0,213,15951,0,0,0,0
24817.007,16903,59,0,0,0,0,0,8,628,5,45,0,0,0,0,0,0,0,0,0,0,0,0,0,0,0,0,0,0,0,0,0,0,229,17000,0,0,0,0
24833.446,16439,60,0,0,0,0,0,8,631,5,45,0,0,0,0,0,0,0,0,0,0,0,0,0,0,0,0,0,0,0,0,0,0,230,17338,0,0,0,0
24850.582,17124,58,0,0,0,0,0,8,671,5,45,0,0,0,0,0,0,0,0,0,0,0,0,0,0,0,0,0,0,0,0,0,0,237,15996,0,0,0,0
24867.199,16627,60,0,0,0,0,0,8,664,5,45,0,0,0,0,0,0,0,0,0,0,0,0,0,0,0,0,0,0,0,0,0,0,250,17176,0,0,0,0
24883.745,16545,60,0,0,0,0,0,8,565,5,45,0,0,0,0,0,0,0,0,0,0,0,0,0,0,0,0,0,0,0,0,0,0,222,16592,0,0,0,0
24900.470,16725,59,0,0,0,0,0,8,663,5,45,0,0,0,0,0,0,0,0,0,0,0,0,0,0,0,0,0,0,0,0,0,0,242,17274,0,0,0,0
24916.894,16424,60,0,0,0,0,0,8,661,5,45,0,0,0,0,0,0,0,0,0,0,0,0,0,0,0,0,0,0,0,0,0,0,231,16025,0,0,0,0
24933.801,16906,59,0,0,0,0,0,8,607,5,45,0,0,0,0,0,0,0,0,0,0,0,0,0,0,0,0,0,0,0,0,0,0,223,16404,0,0,0,0
24950.491,16689,59,0,0,0,0,0,8,664,5,45,0,0,0,0,0,0,0,0,0,0,0,0,0,0,0,0,0,0,0,0,0,0,226,16972,0,0,0,0
24966.830,16338,61,0,0,0,0,0,8,627,5,45,0,0,0,0,0,0,0,0,0,0,0,0,0,0,0,0,0,0,0,0,0,0,216,16625,0,0,0,0
24984.499,17669,56,0,0,0,0,0,8,602,5,45,0,0,0,0,0,0,0,0,0,0,0,0,0,0,0,0,0,0,0,0,0,0,210,16202,0,0,0,0
25000.491,15991,62,0,0,0,0,0,8,661,5,45,0,0,0,0,0,0,0,0,0,0,0,0,0,0,0,0,0,0,0,0,0,0,235,17819,0,0,0,0
25017.053,16562,60,0,0,0,0,0,8,666,5,45,0,0,0,0,0,0,0,0,0,0,0,0,0,0,0,0,0,0,0,0,0,0,233,15989,0,0,0,0
25033.432,16379,61,0,0,0,0,0,8,599,5,45,0,0,0,0,0,0,0,0,0,0,0,0,0,0,0,0,0,0,0,0,0,0,226,16576,0,0,0,0
25050.202,16769,59,0,0,0,0,0,8,628,5,45,0,0,0,0,0,0,0,0,0,0,0,0,0,0,0,0,0,0,0,0,0,0,238,16349,0,0,0,0
25067.148,16945,59,0,0,0,0,0,8,666,5,45,0,0,0,0,0,0,0,0,0,0,0,0,0,0,0,0,0,0,0,0,0,0,235,16752,0,0,0,0
25083.621,16473,60,0,0,0,0,0,8,599,5,45,0,0,0,0,0,0,0,0,0,0,0,0,0,0,0,0,0,0,0,0,0,0,232,16940,0,0,0,0
25099.718,16097,62,0,0,0,0,0,8,660,5,45,0,0,0,0,0,0,0,0,0,0,0,0,0,0,0,0,0,0,0,0,0,0,229,17313,0,0,0,0
25117.487,17768,56,0,0,0,0,0,8,638,5,45,0,0,0,0,0,0,0,0,0,0,0,0,0,0,0,0,0,0,0,0,0,0,223,15346,0,0,0,0
25133.513,16026,62,0,0,0,0,0,8,596,5,45,0,0,0,0,0,0,0,0,0,0,0,0,0,0,0,0,0,0,0,0,0,0,238,17718,0,0,0,0
25150.502,16988,58,0,0,0,0,0,8,663,5,45,0,0,0,0,0,0,0,0,0,0,0,0,0,0,0,0,0,0,0,0,0,0,235,16006,0,0,0,0
25166.269,15767,63,0,0,0,0,0,8,660,5,45,0,0,0,0,0,0,0,0,0,0,0,0,0,0,0,0,0,0,0,0,0,0,227,16952,0,0,0,0
25183.713,17444,57,0,0,0,0,0,8,605,5,45,0,0,0,0,0,0,0,0,0,0,0,0,0,0,0,0,0,0,0,0,0,0,211,15759,0,0,0,0
25199.998,16284,61,0,0,0,0,0,8,628,5,45,0,0,0,0,0,0,0,0,0,0,0,0,0,0,0,0,0,0,0,0,0,0,259,18236,0,0,0,0
25217.148,17149,58,0,0,0,0,0,8,667,5,45,0,0,0,0,0,0,0,0,0,0,0,0,0,0,0,0,0,0,0,0,0,0,230,15596,0,0,0,0
25233.706,16558,60,0,0,0,0,0,8,603,5,45,0,0,0,0,0,0,0,0,0,0,0,0,0,0,0,0,0,0,0,0,0,0,235,17070,0,0,0,0
25250.376,16670,59,0,0,0,0,0,8,662,5,45,0,0,0,0,0,0,0,0,0,0,0,0,0,0,0,0,0,0,0,0,0,0,242,17306,0,0,0,0
25267.486,17109,58,0,0,0,0,0,8,668,5,45,0,0,0,0,0,0,0,0,0,0,0,0,0,0,0,0,0,0,0,0,0,0,216,15893,0,0,0,0
25283.330,15843,63,0,0,0,0,0,8,562,5,45,0,0,0,0,0,0,0,0,0,0,0,0,0,0,0,0,0,0,0,0,0,0,225,17159,0,0,0,0
25300.062,16732,59,0,0,0,0,0,8,667,5,45,0,0,0,0,0,0,0,0,0,0,0,0,0,0,0,0,0,0,0,0,0,0,230,15865,0,0,0,0
25316.916,16854,59,0,0,0,0,0,8,663,5,45,0,0,0,0,0,0,0,0,0,0,0,0,0,0,0,0,0,0,0,0,0,0,236,16730,0,0,0,0
25333.773,16856,59,0,0,0,0,0,8,603,5,45,0,0,0,0,0,0,0,0,0,0,0,0,0,0,0,0,0,0,0,0,0,0,236,16851,0,0,0,0
25350.273,16500,60,0,0,0,0,0,8,664,5,45,0,0,0,0,0,0,0,0,0,0,0,0,0,0,0,0,0,0,0,0,0,0,261,16807,0,0,0,0
25366.889,16616,60,0,0,0,0,0,8,632,5,45,0,0,0,0,0,0,0,0,0,0,0,0,0,0,0,0,0,0,0,0,0,0,238,16522,0,0,0,0
25384.498,17596,56,0,0,0,0,0,8,602,5,45,0,0,0,0,0,0,0,0,0,0,0,0,0,0,0,0,0,0,0,0,0,0,235,16617,0,0,0,0
25400.629,16144,61,0,0,0,0,0,8,659,5,45,0,0,0,0,0,0,0,0,0,0,0,0,0,0,0,0,0,0,0,0,0,0,236,17648,0,0,0,0
25417.010,16380,61,0,0,0,0,0,8,629,5,45,0,0,0,0,0,0,0,0,0,0,0,0,0,0,0,0,0,0,0,0,0,0,224,16111,0,0,0,0
25434.495,17473,57,0,0,0,0,0,8,633,5,45,0,0,0,0,0,0,0,0,0,0,0,0,0,0,0,0,0,0,0,0,0,0,229,16794,0,0,0,0
25450.255,15771,63,0,0,0,0,0,8,628,5,45,0,0,0,0,0,0,0,0,0,0,0,0,0,0,0,0,0,0,0,0,0,0,234,17073,0,0,0,0
25467.484,17229,58,0,0,0,0,0,8,667,5,45,0,0,0,0,0,0,0,0,0,0,0,0,0,0,0,0,0,0,0,0,0,0,234,15764,0,0,0,0
25484.503,17018,58,0,0,0,0,0,8,601,5,45,0,0,0,0,0,0,0,0,0,0,0,0,0,0,0,0,0,0,0,0,0,0,241,17249,0,0,0,0
25500.203,15700,63,0,0,0,0,0,8,664,5,45,0,0,0,0,0,0,0,0,0,0,0,0,0,0,0,0,0,0,0,0,0,0,221,16873,0,0,0,0
25517.482,17279,57,0,0,0,0,0,8,634,5,45,0,0,0,0,0,0,0,0,0,0,0,0,0,0,0,0,0,0,0,0,0,0,229,15786,0,0,0,0
25533.723,16240,61,0,0,0,0,0,8,597,5,45,0,0,0,0,0,0,0,0,0,0,0,0,0,0,0,0,0,0,0,0,0,0,229,17315,0,0,0,0
25550.189,16466,60,0,0,0,0,0,8,662,5,45,0,0,0,0,0,0,0,0,0,0,0,0,0,0,0,0,0,0,0,0,0,0,268,17018,0,0,0,0
25567.022,16832,59,0,0,0,0,0,8,641,5,45,0,0,0,0,0,0,0,0,0,0,0,0,0,0,0,0,0,0,0,0,0,0,230,15625,0,0,0,0
25583.585,16563,60,0,0,0,0,0,8,627,5,45,0,0,0,0,0,0,0,0,0,0,0,0,0,0,0,0,0,0,0,0,0,0,207,17273,0,0,0,0
25600.241,16656,60,0,0,0,0,0,8,629,5,45,0,0,0,0,0,0,0,0,0,0,0,0,0,0,0,0,0,0,0,0,0,0,233,16154,0,0,0,0
25617.047,16805,59,0,0,0,0,0,8,665,5,45,0,0,0,0,0,0,0,0,0,0,0,0,0,0,0,0,0,0,0,0,0,0,229,16654,0,0,0,0
25633.507,16460,60,0,0,0,0,0,8,599,5,45,0,0,0,0,0,0,0,0,0,0,0,0,0,0,0,0,0,0,0,0,0,0,229,16861,0,0,0,0
25650.484,16976,58,0,0,0,0,0,8,663,5,45,0,0,0,0,0,0,0,0,0,0,0,0,0,0,0,0,0,0,0,0,0,0,241,16413,0,0,0,0
25667.484,17000,58,0,0,0,0,0,8,667,5,45,0,0,0,0,0,0,0,0,0,0,0,0,0,0,0,0,0,0,0,0,0,0,230,17017,0,0,0,0
25684.497,17012,58,0,0,0,0,0,8,559,5,45,0,0,0,0,0,0,0,0,0,0,0,0,0,0,0,0,0,0,0,0,0,0,236,16991,0,0,0,0
25700.014,15517,64,0,0,0,0,0,8,660,5,45,0,0,0,0,0,0,0,0,0,0,0,0,0,0,0,0,0,0,0,0,0,0,215,17010,0,0,0,0
25716.855,16841,59,0,0,0,0,0,8,666,5,45,0,0,0,0,0,0,0,0,0,0,0,0,0,0,0,0,0,0,0,0,0,0,222,15378,0,0,0,0
25734.483,17627,56,0,0,0,0,0,8,605,5,45,0,0,0,0,0,0,0,0,0,0,0,0,0,0,0,0,0,0,0,0,0,0,234,16933,0,0,0,0
25750.217,15734,63,0,0,0,0,0,8,665,5,45,0,0,0,0,0,0,0,0,0,0,0,0,0,0,0,0,0,0,0,0,0,0,257,17766,0,0,0,0
25767.483,17265,57,0,0,0,0,0,8,635,5,45,0,0,0,0,0,0,0,0,0,0,0,0,0,0,0,0,0,0,0,0,0,0,205,15635,0,0,0,0
25784.481,16998,58,0,0,0,0,0,8,602,5,45,0,0,0,0,0,0,0,0,0,0,0,0,0,0,0,0,0,0,0,0,0,0,242,17279,0,0,0,0
25800.104,15622,64,0,0,0,0,0,8,660,5,45,0,0,0,0,0,0,0,0,0,0,0,0,0,0,0,0,0,0,0,0,0,0,223,16981,0,0,0,0
25816.996,16892,59,0,0,0,0,0,8,637,5,45,0,0,0,0,0,0,0,0,0,0,0,0,0,0,0,0,0,0,0,0,0,0,210,15939,0,0,0,0
25833.710,16713,59,0,0,0,0,0,8,628,5,45,0,0,0,0,0,0,0,0,0,0,0,0,0,0,0,0,0,0,0,0,0,0,231,17000,0,0,0,0
25850.072,16362,61,0,0,0,0,0,8,628,5,45,0,0,0,0,0,0,0,0,0,0,0,0,0,0,0,0,0,0,0,0,0,0,255,17098,0,0,0,0
25867.482,17409,57,0,0,0,0,0,8,672,5,45,0,0,0,0,0,0,0,0,0,0,0,0,0,0,0,0,0,0,0,0,0,0,227,15530,0,0,0,0
25883.555,16073,62,0,0,0,0,0,8,593,5,45,0,0,0,0,0,0,0,0,0,0,0,0,0,0,0,0,0,0,0,0,0,0,238,17444,0,0,0,0
25900.052,16496,60,0,0,0,0,0,8,662,5,45,0,0,0,0,0,0,0,0,0,0,0,0,0,0,0,0,0,0,0,0,0,0,220,16028,0,0,0,0
25916.629,16578,60,0,0,0,0,0,8,628,5,45,0,0,0,0,0,0,0,0,0,0,0,0,0,0,0,0,0,0,0,0,0,0,244,16495,0,0,0,0
25933.328,16699,59,0,0,0,0,0,8,604,5,45,0,0,0,0,0,0,0,0,0,0,0,0,0,0,0,0,0,0,0,0,0,0,258,17456,0,0,0,0
25950.050,16721,59,0,0,0,0,0,8,821,5,45,0,0,0,0,0,0,0,0,0,0,0,0,0,0,0,0,0,0,0,0,0,0,221,17230,0,0,0,0
25966.984,16934,59,0,0,0,0,0,8,1038,5,45,0,0,0,0,0,0,0,0,0,0,0,0,0,0,0,0,0,0,0,0,0,0,214,16760,0,0,0,0
25983.702,16718,59,0,0,0,0,0,8,607,5,45,0,0,0,0,0,0,0,0,0,0,0,0,0,0,0,0,0,0,0,0,0,0,224,15623,0,0,0,0
26000.064,16362,61,0,0,0,0,0,8,723,5,45,0,0,0,0,0,0,0,0,0,0,0,0,0,0,0,0,0,0,0,0,0,0,224,16752,0,0,0,0
26016.995,16930,59,0,0,0,0,0,8,771,5,45,0,0,0,0,0,0,0,0,0,0,0,0,0,0,0,0,0,0,0,0,0,0,230,16599,0,0,0,0
26033.734,16739,59,0,0,0,0,0,8,586,5,45,0,0,0,0,0,0,0,0,0,0,0,0,0,0,0,0,0,0,0,0,0,0,234,16566,0,0,0,0
26050.163,16429,60,0,0,0,0,0,8,649,5,45,0,0,0,0,0,0,0,0,0,0,0,0,0,0,0,0,0,0,0,0,0,0,240,16674,0,0,0,0
26067.488,17324,57,0,0,0,0,0,8,657,5,45,0,0,0,0,0,0,0,0,0,0,0,0,0,0,0,0,0,0,0,0,0,0,239,16446,0,0,0,0
26084.480,16992,58,0,0,0,0,0,8,542,5,45,0,0,0,0,0,0,0,0,0,0,0,0,0,0,0,0,0,0,0,0,0,0,233,17347,0,0,0,0
26101.490,17010,58,0,0,0,0,0,8,650,5,45,0,0,0,0,0,0,0,0,0,0,0,0,0,0,0,0,0,0,0,0,0,0,229,17026,0,0,0,0
26116.696,15205,65,0,0,0,0,0,8,644,5,45,0,0,0,0,0,0,0,0,0,0,0,0,0,0,0,0,0,0,0,0,0,0,234,16969,0,0,0,0
26133.631,16935,59,0,0,0,0,0,8,581,5,45,0,0,0,0,0,0,0,0,0,0,0,0,0,0,0,0,0,0,0,0,0,0,233,15525,0,0,0,0
26150.180,16549,60,0,0,0,0,0,8,649,5,45,0,0,0,0,0,0,0,0,0,0,0,0,0,0,0,0,0,0,0,0,0,0,236,16520,0,0,0,0
26166.716,16536,60,0,0,0,0,0,8,611,5,45,0,0,0,0,0,0,0,0,0,0,0,0,0,0,0,0,0,0,0,0,0,0,202,16853,0,0,0,0
26183.619,16902,59,0,0,0,0,0,8,583,5,45,0,0,0,0,0,0,0,0,0,0,0,0,0,0,0,0,0,0,0,0,0,0,232,16549,0,0,0,0
26200.047,16428,60,0,0,0,0,0,8,649,5,45,0,0,0,0,0,0,0,0,0,0,0,0,0,0,0,0,0,0,0,0,0,0,241,16652,0,0,0,0
26217.475,17427,57,0,0,0,0,0,8,652,5,45,0,0,0,0,0,0,0,0,0,0,0,0,0,0,0,0,0,0,0,0,0,0,222,16433,0,0,0,0
26233.480,16004,62,0,0,0,0,0,8,578,5,45,0,0,0,0,0,0,0,0,0,0,0,0,0,0,0,0,0,0,0,0,0,0,227,17469,0,0,0,0
26250.508,17018,58,0,0,0,0,0,8,616,5,45,0,0,0,0,0,0,0,0,0,0,0,0,0,0,0,0,0,0,0,0,0,0,219,16024,0,0,0,0
26267.479,16981,58,0,0,0,0,0,8,647,5,45,0,0,0,0,0,0,0,0,0,0,0,0,0,0,0,0,0,0,0,0,0,0,234,17005,0,0,0,0
26283.623,16143,61,0,0,0,0,0,8,580,5,45,0,0,0,0,0,0,0,0,0,0,0,0,0,0,0,0,0,0,0,0,0,0,225,16960,0,0,0,0
26300.348,16725,59,0,0,0,0,0,8,649,5,45,0,0,0,0,0,0,0,0,0,0,0,0,0,0,0,0,0,0,0,0,0,0,226,16927,0,0,0,0
26317.484,17135,58,0,0,0,0,0,8,615,5,45,0,0,0,0,0,0,0,0,0,0,0,0,0,0,0,0,0,0,0,0,0,0,214,15976,0,0,0,0
26333.699,16215,61,0,0,0,0,0,8,576,5,45,0,0,0,0,0,0,0,0,0,0,0,0,0,0,0,0,0,0,0,0,0,0,268,17201,0,0,0,0
26350.480,16781,59,0,0,0,0,0,8,650,5,45,0,0,0,0,0,0,0,0,0,0,0,0,0,0,0,0,0,0,0,0,0,0,227,16842,0,0,0,0
26367.475,16994,58,0,0,0,0,0,8,652,5,45,0,0,0,0,0,0,0,0,0,0,0,0,0,0,0,0,0,0,0,0,0,0,219,16030,0,0,0,0
26383.616,16141,61,0,0,0,0,0,8,579,5,45,0,0,0,0,0,0,0,0,0,0,0,0,0,0,0,0,0,0,0,0,0,0,232,17021,0,0,0,0
26399.572,15956,62,0,0,0,0,0,8,615,5,45,0,0,0,0,0,0,0,0,0,0,0,0,0,0,0,0,0,0,0,0,0,0,227,16080,0,0,0,0
26417.475,17902,55,0,0,0,0,0,8,651,5,45,0,0,0,0,0,0,0,0,0,0,0,0,0,0,0,0,0,0,0,0,0,0,219,16025,0,0,0,0
26433.361,15885,62,0,0,0,0,0,8,578,5,45,0,0,0,0,0,0,0,0,0,0,0,0,0,0,0,0,0,0,0,0,0,0,231,18341,0,0,0,0
26449.986,16625,60,0,0,0,0,0,8,649,5,45,0,0,0,0,0,0,0,0,0,0,0,0,0,0,0,0,0,0,0,0,0,0,203,15273,0,0,0,0
26467.476,17489,57,0,0,0,0,0,8,652,5,45,0,0,0,0,0,0,0,0,0,0,0,0,0,0,0,0,0,0,0,0,0,0,216,16803,0,0,0,0
26483.637,16161,61,0,0,0,0,0,8,540,5,45,0,0,0,0,0,0,0,0,0,0,0,0,0,0,0,0,0,0,0,0,0,0,229,17506,0,0,0,0
26499.998,16360,61,0,0,0,0,0,8,643,5,45,0,0,0,0,0,0,0,0,0,0,0,0,0,0,0,0,0,0,0,0,0,0,237,16248,0,0,0,0
26516.917,16919,59,0,0,0,0,0,8,650,5,45,0,0,0,0,0,0,0,0,0,0,0,0,0,0,0,0,0,0,0,0,0,0,221,16201,0,0,0,0
26533.471,16553,60,0,0,0,0,0,8,595,5,45,0,0,0,0,0,0,0,0,0,0,0,0,0,0,0,0,0,0,0,0,0,0,233,16972,0,0,0,0
26550.178,16706,59,0,0,0,0,0,8,660,5,45,0,0,0,0,0,0,0,0,0,0,0,0,0,0,0,0,0,0,0,0,0,0,250,16744,0,0,0,0
26567.088,16910,59,0,0,0,0,0,8,628,5,45,0,0,0,0,0,0,0,0,0,0,0,0,0,0,0,0,0,0,0,0,0,0,207,16461,0,0,0,0
26583.140,16051,62,0,0,0,0,0,8,592,5,45,0,0,0,0,0,0,0,0,0,0,0,0,0,0,0,0,0,0,0,0,0,0,235,16936,0,0,0,0
26600.313,17173,58,0,0,0,0,0,8,665,5,45,0,0,0,0,0,0,0,0,0,0,0,0,0,0,0,0,0,0,0,0,0,0,226,16027,0,0,0,0
26616.980,16667,59,0,0,0,0,0,8,660,5,45,0,0,0,0,0,0,0,0,0,0,0,0,0,0,0,0,0,0,0,0,0,0,219,17178,0,0,0,0
26634.483,17502,57,0,0,0,0,0,8,597,5,45,0,0,0,0,0,0,0,0,0,0,0,0,0,0,0,0,0,0,0,0,0,0,220,16697,0,0,0,0
26650.194,15711,63,0,0,0,0,0,8,620,5,45,0,0,0,0,0,0,0,0,0,0,0,0,0,0,0,0,0,0,0,0,0,0,241,17580,0,0,0,0
26666.877,16682,59,0,0,0,0,0,8,662,5,45,0,0,0,0,0,0,0,0,0,0,0,0,0,0,0,0,0,0,0,0,0,0,216,15542,0,0,0,0
26683.318,16440,60,0,0,0,0,0,8,596,5,45,0,0,0,0,0,0,0,0,0,0,0,0,0,0,0,0,0,0,0,0,0,0,236,16781,0,0,0,0
26700.472,17154,58,0,0,0,0,0,8,668,5,45,0,0,0,0,0,0,0,0,0,0,0,0,0,0,0,0,0,0,0,0,0,0,220,16388,0,0,0,0
26716.818,16346,61,0,0,0,0,0,8,625,5,45,0,0,0,0,0,0,0,0,0,0,0,0,0,0,0,0,0,0,0,0,0,0,230,17205,0,0,0,0
26733.701,16882,59,0,0,0,0,0,8,592,5,45,0,0,0,0,0,0,0,0,0,0,0,0,0,0,0,0,0,0,0,0,0,0,249,16380,0,0,0,0
26750.033,16331,61,0,0,0,0,0,8,653,5,45,0,0,0,0,0,0,0,0,0,0,0,0,0,0,0,0,0,0,0,0,0,0,236,16907,0,0,0,0
26767.003,16969,58,0,0,0,0,0,8,665,5,45,0,0,0,0,0,0,0,0,0,0,0,0,0,0,0,0,0,0,0,0,0,0,224,16251,0,0,0,0
26783.614,16611,60,0,0,0,0,0,8,595,5,45,0,0,0,0,0,0,0,0,0,0,0,0,0,0,0,0,0,0,0,0,0,0,239,17096,0,0,0,0
26800.073,16459,60,0,0,0,0,0,8,616,5,45,0,0,0,0,0,0,0,0,0,0,0,0,0,0,0,0,0,0,0,0,0,0,248,17305,0,0,0,0
26817.486,17412,57,0,0,0,0,0,8,663,5,45,0,0,0,0,0,0,0,0,0,0,0,0,0,0,0,0,0,0,0,0,0,0,203,15792,0,0,0,0
26833.611,16125,62,0,0,0,0,0,8,587,5,45,0,0,0,0,0,0,0,0,0,0,0,0,0,0,0,0,0,0,0,0,0,0,236,17289,0,0,0,0
26849.992,16380,61,0,0,0,0,0,8,657,5,45,0,0,0,0,0,0,0,0,0,0,0,0,0,0,0,0,0,0,0,0,0,0,223,16919,0,0,0,0
26866.356,16363,61,0,0,0,0,0,8,665,5,45,0,0,0,0,0,0,0,0,0,0,0,0,0,0,0,0,0,0,0,0,0,0,216,15550,0,0,0,0
26883.988,17632,56,0,0,0,0,0,8,560,5,45,0,0,0,0,0,0,0,0,0,0,0,0,0,0,0,0,0,0,0,0,0,0,226,16441,0,0,0,0
26900.609,16620,60,0,0,0,0,0,8,664,5,45,0,0,0,0,0,0,0,0,0,0,0,0,0,0,0,0,0,0,0,0,0,0,232,17667,0,0,0,0
26916.983,16374,61,0,0,0,0,0,8,661,5,45,0,0,0,0,0,0,0,0,0,0,0,0,0,0,0,0,0,0,0,0,0,0,236,16575,0,0,0,0
26934.473,17490,57,0,0,0,0,0,8,593,5,45,0,0,0,0,0,0,0,0,0,0,0,0,0,0,0,0,0,0,0,0,0,0,216,16315,0,0,0,0
26949.997,15524,64,0,0,0,0,0,8,658,5,45,0,0,0,0,0,0,0,0,0,0,0,0,0,0,0,0,0,0,0,0,0,0,234,17557,0,0,0,0
26967.142,17144,58,0,0,0,0,0,8,629,5,45,0,0,0,0,0,0,0,0,0,0,0,0,0,0,0,0,0,0,0,0,0,0,213,15494,0,0,0,0
26983.158,16015,62,0,0,0,0,0,8,589,5,45,0,0,0,0,0,0,0,0,0,0,0,0,0,0,0,0,0,0,0,0,0,0,223,17300,0,0,0,0
27000.095,16937,59,0,0,0,0,0,8,665,5,45,0,0,0,0,0,0,0,0,0,0,0,0,0,0,0,0,0,0,0,0,0,0,205,15731,0,0,0,0
27016.240,16145,61,0,0,0,0,0,8,635,5,45,0,0,0,0,0,0,0,0,0,0,0,0,0,0,0,0,0,0,0,0,0,0,240,17018,0,0,0,0
27033.984,17744,56,0,0,0,0,0,8,622,5,45,0,0,0,0,0,0,0,0,0,0,0,0,0,0,0,0,0,0,0,0,0,0,208,16326,0,0,0,0
27050.349,16364,61,0,0,0,0,0,8,630,5,45,0,0,0,0,0,0,0,0,0,0,0,0,0,0,0,0,0,0,0,0,0,0,244,17716,0,0,0,0
27067.004,16655,60,0,0,0,0,0,8,661,5,45,0,0,0,0,0,0,0,0,0,0,0,0,0,0,0,0,0,0,0,0,0,0,224,16236,0,0,0,0
27083.348,16344,61,0,0,0,0,0,8,592,5,45,0,0,0,0,0,0,0,0,0,0,0,0,0,0,0,0,0,0,0,0,0,0,239,16662,0,0,0,0
27100.584,17224,58,0,0,0,0,0,8,666,5,45,0,0,0,0,0,0,0,0,0,0,0,0,0,0,0,0,0,0,0,0,0,0,228,16400,0,0,0,0
27116.990,16417,60,0,0,0,0,0,8,624,5,45,0,0,0,0,0,0,0,0,0,0,0,0,0,0,0,0,0,0,0,0,0,0,232,17170,0,0,0,0
27133.634,16644,60,0,0,0,0,0,8,589,5,45,0,0,0,0,0,0,0,0,0,0,0,0,0,0,0,0,0,0,0,0,0,0,227,16419,0,0,0,0
27150.179,16545,60,0,0,0,0,0,8,665,5,45,0,0,0,0,0,0,0,0,0,0,0,0,0,0,0,0,0,0,0,0,0,0,233,16605,0,0,0,0
27167.052,16872,59,0,0,0,0,0,8,660,5,45,0,0,0,0,0,0,0,0,0,0,0,0,0,0,0,0,0,0,0,0,0,0,236,16609,0,0,0,0
27183.706,16653,60,0,0,0,0,0,8,594,5,45,0,0,0,0,0,0,0,0,0,0,0,0,0,0,0,0,0,0,0,0,0,0,207,16718,0,0,0,0
27200.081,16375,61,0,0,0,0,0,8,621,5,45,0,0,0,0,0,0,0,0,0,0,0,0,0,0,0,0,0,0,0,0,0,0,232,17495,0,0,0,0
27217.468,17387,57,0,0,0,0,0,8,666,5,45,0,0,0,0,0,0,0,0,0,0,0,0,0,0,0,0,0,0,0,0,0,0,203,15488,0,0,0,0
27233.332,15864,63,0,0,0,0,0,8,586,5,45,0,0,0,0,0,0,0,0,0,0,0,0,0,0,0,0,0,0,0,0,0,0,226,17566,0,0,0,0
27250.196,16863,59,0,0,0,0,0,8,663,5,45,0,0,0,0,0,0,0,0,0,0,0,0,0,0,0,0,0,0,0,0,0,0,214,15680,0,0,0,0
27267.468,17271,57,0,0,0,0,0,8,661,5,45,0,0,0,0,0,0,0,0,0,0,0,0,0,0,0,0,0,0,0,0,0,0,217,16998,0,0,0,0
27283.280,15812,63,0,0,0,0,0,8,556,5,45,0,0,0,0,0,0,0,0,0,0,0,0,0,0,0,0,0,0,0,0,0,0,236,17313,0,0,0,0
27300.036,16756,59,0,0,0,0,0,8,665,5,45,0,0,0,0,0,0,0,0,0,0,0,0,0,0,0,0,0,0,0,0,0,0,208,15713,0,0,0,0
27316.939,16902,59,0,0,0,0,0,8,667,5,45,0,0,0,0,0,0,0,0,0,0,0,0,0,0,0,0,0,0,0,0,0,0,230,16840,0,0,0,0
27333.777,16838,59,0,0,0,0,0,8,597,5,45,0,0,0,0,0,0,0,0,0,0,0,0,0,0,0,0,0,0,0,0,0,0,242,16915,0,0,0,0
27350.607,16829,59,0,0,0,0,0,8,659,5,45,0,0,0,0,0,0,0,0,0,0,0,0,0,0,0,0,0,0,0,0,0,0,247,16857,0,0,0,0
27367.483,16875,59,0,0,0,0,0,8,628,5,45,0,0,0,0,0,0,0,0,0,0,0,0,0,0,0,0,0,0,0,0,0,0,219,16828,0,0,0,0
27383.546,16062,62,0,0,0,0,0,8,591,5,45,0,0,0,0,0,0,0,0,0,0,0,0,0,0,0,0,0,0,0,0,0,0,234,16871,0,0,0,0
27400.465,16919,59,0,0,0,0,0,8,658,5,45,0,0,0,0,0,0,0,0,0,0,0,0,0,0,0,0,0,0,0,0,0,0,216,15949,0,0,0,0
27416.960,16495,60,0,0,0,0,0,8,664,5,45,0,0,0,0,0,0,0,0,0,0,0,0,0,0,0,0,0,0,0,0,0,0,233,17013,0,0,0,0
27433.679,16718,59,0,0,0,0,0,8,591,5,45,0,0,0,0,0,0,0,0,0,0,0,0,0,0,0,0,0,0,0,0,0,0,222,16483,0,0,0,0
27450.151,16472,60,0,0,0,0,0,8,787,5,45,0,0,0,0,0,0,0,0,0,0,0,0,0,0,0,0,0,0,0,0,0,0,240,17298,0,0,0,0
27466.531,16379,61,0,0,0,0,0,8,1048,5,45,0,0,0,0,0,0,0,0,0,0,0,0,0,0,0,0,0,0,0,0,0,0,240,17344,0,0,0,0
27483.605,17074,58,0,0,0,0,0,8,615,5,45,0,0,0,0,0,0,0,0,0,0,0,0,0,0,0,0,0,0,0,0,0,0,231,15439,0,0,0,0
27500.474,16868,59,0,0,0,0,0,8,764,5,45,0,0,0,0,0,0,0,0,0,0,0,0,0,0,0,0,0,0,0,0,0,0,232,17012,0,0,0,0
27517.474,17000,58,0,0,0,0,0,8,735,5,45,0,0,0,0,0,0,0,0,0,0,0,0,0,0,0,0,0,0,0,0,0,0,215,16770,0,0,0,0
27533.660,16185,61,0,0,0,0,0,8,594,5,45,0,0,0,0,0,0,0,0,0,0,0,0,0,0,0,0,0,0,0,0,0,0,226,16659,0,0,0,0
27550.150,16489,60,0,0,0,0,0,8,651,5,45,0,0,0,0,0,0,0,0,0,0,0,0,0,0,0,0,0,0,0,0,0,0,240,16132,0,0,0,0
27566.982,16832,59,0,0,0,0,0,8,631,5,45,0,0,0,0,0,0,0,0,0,0,0,0,0,0,0,0,0,0,0,0,0,0,236,16814,0,0,0,0
27583.623,16640,60,0,0,0,0,0,8,617,5,45,0,0,0,0,0,0,0,0,0,0,0,0,0,0,0,0,0,0,0,0,0,0,257,17073,0,0,0,0
27599.695,16071,62,0,0,0,0,0,8,617,5,45,0,0,0,0,0,0,0,0,0,0,0,0,0,0,0,0,0,0,0,0,0,0,251,16109,0,0,0,0
27616.536,16841,59,0,0,0,0,0,8,626,5,45,0,0,0,0,0,0,0,0,0,0,0,0,0,0,0,0,0,0,0,0,0,0,212,15994,0,0,0,0
27634.009,17473,57,0,0,0,0,0,8,617,5,45,0,0,0,0,0,0,0,0,0,0,0,0,0,0,0,0,0,0,0,0,0,0,232,16946,0,0,0,0
27650.012,16003,62,0,0,0,0,0,8,654,5,45,0,0,0,0,0,0,0,0,0,0,0,0,0,0,0,0,0,0,0,0,0,0,222,17461,0,0,0,0
27667.476,17463,57,0,0,0,0,0,8,660,5,45,0,0,0,0,0,0,0,0,0,0,0,0,0,0,0,0,0,0,0,0,0,0,232,15993,0,0,0,0
27683.775,16299,61,0,0,0,0,0,8,549,5,45,0,0,0,0,0,0,0,0,0,0,0,0,0,0,0,0,0,0,0,0,0,0,227,17460,0,0,0,0
27700.158,16382,61,0,0,0,0,0,8,671,5,45,0,0,0,0,0,0,0,0,0,0,0,0,0,0,0,0,0,0,0,0,0,0,215,16309,0,0,0,0
27717.470,17312,57,0,0,0,0,0,8,676,5,45,0,0,0,0,0,0,0,0,0,0,0,0,0,0,0,0,0,0,0,0,0,0,230,16363,0,0,0,0
27733.336,15865,63,0,0,0,0,0,8,596,5,45,0,0,0,0,0,0,0,0,0,0,0,0,0,0,0,0,0,0,0,0,0,0,233,17365,0,0,0,0
27750.519,17183,58,0,0,0,0,0,8,668,5,45,0,0,0,0,0,0,0,0,0,0,0,0,0,0,0,0,0,0,0,0,0,0,236,15917,0,0,0,0
27767.467,16947,59,0,0,0,0,0,8,629,5,45,0,0,0,0,0,0,0,0,0,0,0,0,0,0,0,0,0,0,0,0,0,0,221,17114,0,0,0,0
27783.666,16198,61,0,0,0,0,0,8,596,5,45,0,0,0,0,0,0,0,0,0,0,0,0,0,0,0,0,0,0,0,0,0,0,231,17019,0,0,0,0
27800.041,16375,61,0,0,0,0,0,8,664,5,45,0,0,0,0,0,0,0,0,0,0,0,0,0,0,0,0,0,0,0,0,0,0,247,16133,0,0,0,0
27817.471,17429,57,0,0,0,0,0,8,671,5,45,0,0,0,0,0,0,0,0,0,0,0,0,0,0,0,0,0,0,0,0,0,0,233,16393,0,0,0,0
27833.300,15829,63,0,0,0,0,0,8,596,5,45,0,0,0,0,0,0,0,0,0,0,0,0,0,0,0,0,0,0,0,0,0,0,242,17544,0,0,0,0
27850.149,16849,59,0,0,0,0,0,8,634,5,45,0,0,0,0,0,0,0,0,0,0,0,0,0,0,0,0,0,0,0,0,0,0,218,15615,0,0,0,0
27866.640,16490,60,0,0,0,0,0,8,667,5,45,0,0,0,0,0,0,0,0,0,0,0,0,0,0,0,0,0,0,0,0,0,0,231,17186,0,0,0,0
27883.520,16880,59,0,0,0,0,0,8,602,5,45,0,0,0,0,0,0,0,0,0,0,0,0,0,0,0,0,0,0,0,0,0,0,235,16506,0,0,0,0
27900.109,16588,60,0,0,0,0,0,8,669,5,45,0,0,0,0,0,0,0,0,0,0,0,0,0,0,0,0,0,0,0,0,0,0,227,16617,0,0,0,0
27917.463,17353,57,0,0,0,0,0,8,638,5,45,0,0,0,0,0,0,0,0,0,0,0,0,0,0,0,0,0,0,0,0,0,0,233,16612,0,0,0,0
27933.235,15772,63,0,0,0,0,0,8,596,5,45,0,0,0,0,0,0,0,0,0,0,0,0,0,0,0,0,0,0,0,0,0,0,233,17281,0,0,0,0
27950.460,17224,58,0,0,0,0,0,8,685,5,45,0,0,0,0,0,0,0,0,0,0,0,0,0,0,0,0,0,0,0,0,0,0,218,15973,0,0,0,0
27966.730,16270,61,0,0,0,0,0,8,640,5,45,0,0,0,0,0,0,0,0,0,0,0,0,0,0,0,0,0,0,0,0,0,0,212,17055,0,0,0,0
27983.139,16408,60,0,0,0,0,0,8,642,5,45,0,0,0,0,0,0,0,0,0,0,0,0,0,0,0,0,0,0,0,0,0,0,225,16948,0,0,0,0
27999.970,16831,59,0,0,0,0,0,8,644,5,45,0,0,0,0,0,0,0,0,0,0,0,0,0,0,0,0,0,0,0,0,0,0,226,15703,0,0,0,0
28016.707,16736,59,0,0,0,0,0,8,681,5,45,0,0,0,0,0,0,0,0,0,0,0,0,0,0,0,0,0,0,0,0,0,0,226,16859,0,0,0,0
28033.669,16961,58,0,0,0,0,0,8,616,5,45,0,0,0,0,0,0,0,0,0,0,0,0,0,0,0,0,0,0,0,0,0,0,248,16711,0,0,0,0
28050.152,16483,60,0,0,0,0,0,8,679,5,45,0,0,0,0,0,0,0,0,0,0,0,0,0,0,0,0,0,0,0,0,0,0,234,17831,0,0,0,0
28067.467,17314,57,0,0,0,0,0,8,685,5,45,0,0,0,0,0,0,0,0,0,0,0,0,0,0,0,0,0,0,0,0,0,0,227,15665,0,0,0,0
28084.470,17003,58,0,0,0,0,0,8,570,5,45,0,0,0,0,0,0,0,0,0,0,0,0,0,0,0,0,0,0,0,0,0,0,236,17290,0,0,0,0
28100.541,16061,62,0,0,0,0,0,8,681,5,45,0,0,0,0,0,0,0,0,0,0,0,0,0,0,0,0,0,0,0,0,0,0,237,17093,0,0,0,0
28117.471,16939,59,0,0,0,0,0,8,682,5,45,0,0,0,0,0,0,0,0,0,0,0,0,0,0,0,0,0,0,0,0,0,0,215,16054,0,0,0,0
28133.646,16174,61,0,0,0,0,0,8,607,5,45,0,0,0,0,0,0,0,0,0,0,0,0,0,0,0,0,0,0,0,0,0,0,231,16863,0,0,0,0
28150.461,16815,59,0,0,0,0,0,8,684,5,45,0,0,0,0,0,0,0,0,0,0,0,0,0,0,0,0,0,0,0,0,0,0,236,16131,0,0,0,0
28167.025,16563,60,0,0,0,0,0,8,647,5,45,0,0,0,0,0,0,0,0,0,0,0,0,0,0,0,0,0,0,0,0,0,0,233,16853,0,0,0,0
28183.646,16621,60,0,0,0,0,0,8,613,5,45,0,0,0,0,0,0,0,0,0,0,0,0,0,0,0,0,0,0,0,0,0,0,223,16600,0,0,0,0
28200.462,16815,59,0,0,0,0,0,8,686,5,45,0,0,0,0,0,0,0,0,0,0,0,0,0,0,0,0,0,0,0,0,0,0,240,16549,0,0,0,0
28216.987,16525,60,0,0,0,0,0,8,680,5,45,0,0,0,0,0,0,0,0,0,0,0,0,0,0,0,0,0,0,0,0,0,0,269,16915,0,0,0,0
28233.788,16800,59,0,0,0,0,0,8,615,5,45,0,0,0,0,0,0,0,0,0,0,0,0,0,0,0,0,0,0,0,0,0,0,213,16364,0,0,0,0
28250.497,16709,59,0,0,0,0,0,8,640,5,45,0,0,0,0,0,0,0,0,0,0,0,0,0,0,0,0,0,0,0,0,0,0,236,17513,0,0,0,0
28266.704,16207,61,0,0,0,0,0,8,635,5,45,0,0,0,0,0,0,0,0,0,0,0,0,0,0,0,0,0,0,0,0,0,0,212,16110,0,0,0,0
28283.691,16986,58,0,0,0,0,0,8,650,5,45,0,0,0,0,0,0,0,0,0,0,0,0,0,0,0,0,0,0,0,0,0,0,234,16877,0,0,0,0
28300.547,16856,59,0,0,0,0,0,8,680,5,45,0,0,0,0,0,0,0,0,0,0,0,0,0,0,0,0,0,0,0,0,0,0,244,16271,0,0,0,0
28317.457,16909,59,0,0,0,0,0,8,645,5,45,0,0,0,0,0,0,0,0,0,0,0,0,0,0,0,0,0,0,0,0,0,0,232,16905,0,0,0,0
28333.602,16145,61,0,0,0,0,0,8,603,5,45,0,0,0,0,0,0,0,0,0,0,0,0,0,0,0,0,0,0,0,0,0,0,228,16893,0,0,0,0
28350.338,16736,59,0,0,0,0,0,8,679,5,45,0,0,0,0,0,0,0,0,0,0,0,0,0,0,0,0,0,0,0,0,0,0,217,17020,0,0,0,0
28366.968,16629,60,0,0,0,0,0,8,636,5,45,0,0,0,0,0,0,0,0,0,0,0,0,0,0,0,0,0,0,0,0,0,0,233,15812,0,0,0,0
28383.501,16533,60,0,0,0,0,0,8,649,5,45,0,0,0,0,0,0,0,0,0,0,0,0,0,0,0,0,0,0,0,0,0,0,216,17081,0,0,0,0
28400.172,16671,59,0,0,0,0,0,8,642,5,45,0,0,0,0,0,0,0,0,0,0,0,0,0,0,0,0,0,0,0,0,0,0,227,16106,0,0,0,0
28416.810,16638,60,0,0,0,0,0,8,684,5,45,0,0,0,0,0,0,0,0,0,0,0,0,0,0,0,0,0,0,0,0,0,0,226,16663,0,0,0,0
28434.463,17652,56,0,0,0,0,0,8,614,5,45,0,0,0,0,0,0,0,0,0,0,0,0,0,0,0,0,0,0,0,0,0,0,235,16769,0,0,0,0
28450.123,15660,63,0,0,0,0,0,8,676,5,45,0,0,0,0,0,0,0,0,0,0,0,0,0,0,0,0,0,0,0,0,0,0,218,17525,0,0,0,0
28466.879,16756,59,0,0,0,0,0,8,680,5,45,0,0,0,0,0,0,0,0,0,0,0,0,0,0,0,0,0,0,0,0,0,0,228,16039,0,0,0,0
28483.682,16803,59,0,0,0,0,0,8,578,5,45,0,0,0,0,0,0,0,0,0,0,0,0,0,0,0,0,0,0,0,0,0,0,239,16405,0,0,0,0
28499.964,16281,61,0,0,0,0,0,8,679,5,45,0,0,0,0,0,0,0,0,0,0,0,0,0,0,0,0,0,0,0,0,0,0,233,17379,0,0,0,0
28517.469,17505,57,0,0,0,0,0,8,680,5,45,0,0,0,0,0,0,0,0,0,0,0,0,0,0,0,0,0,0,0,0,0,0,222,15711,0,0,0,0
28533.313,15843,63,0,0,0,0,0,8,604,5,45,0,0,0,0,0,0,0,0,0,0,0,0,0,0,0,0,0,0,0,0,0,0,233,17505,0,0,0,0
28550.494,17181,58,0,0,0,0,0,8,686,5,45,0,0,0,0,0,0,0,0,0,0,0,0,0,0,0,0,0,0,0,0,0,0,235,15806,0,0,0,0
28567.454,16960,58,0,0,0,0,0,8,643,5,45,0,0,0,0,0,0,0,0,0,0,0,0,0,0,0,0,0,0,0,0,0,0,241,17214,0,0,0,0
28583.648,16194,61,0,0,0,0,0,8,608,5,45,0,0,0,0,0,0,0,0,0,0,0,0,0,0,0,0,0,0,0,0,0,0,248,17029,0,0,0,0
28600.032,16383,61,0,0,0,0,0,8,675,5,45,0,0,0,0,0,0,0,0,0,0,0,0,0,0,0,0,0,0,0,0,0,0,232,16065,0,0,0,0
28616.886,16853,59,0,0,0,0,0,8,683,5,45,0,0,0,0,0,0,0,0,0,0,0,0,0,0,0,0,0,0,0,0,0,0,234,16455,0,0,0,0
28633.596,16710,59,0,0,0,0,0,8,608,5,45,0,0,0,0,0,0,0,0,0,0,0,0,0,0,0,0,0,0,0,0,0,0,243,16864,0,0,0,0
28650.591,16995,58,0,0,0,0,0,8,644,5,45,0,0,0,0,0,0,0,0,0,0,0,0,0,0,0,0,0,0,0,0,0,0,235,16645,0,0,0,0
28666.607,16015,62,0,0,0,0,0,8,671,5,45,0,0,0,0,0,0,0,0,0,0,0,0,0,0,0,0,0,0,0,0,0,0,229,17041,0,0,0,0
28683.701,17094,58,0,0,0,0,0,8,616,5,45,0,0,0,0,0,0,0,0,0,0,0,0,0,0,0,0,0,0,0,0,0,0,223,15941,0,0,0,0
28700.593,16891,59,0,0,0,0,0,8,682,5,45,0,0,0,0,0,0,0,0,0,0,0,0,0,0,0,0,0,0,0,0,0,0,228,17298,0,0,0,0
28716.510,15917,62,0,0,0,0,0,8,630,5,45,0,0,0,0,0,0,0,0,0,0,0,0,0,0,0,0,0,0,0,0,0,0,224,16737,0,0,0,0
28733.645,17135,58,0,0,0,0,0,8,622,5,45,0,0,0,0,0,0,0,0,0,0,0,0,0,0,0,0,0,0,0,0,0,0,225,15920,0,0,0,0
28750.148,16502,60,0,0,0,0,0,8,674,5,45,0,0,0,0,0,0,0,0,0,0,0,0,0,0,0,0,0,0,0,0,0,0,235,17901,0,0,0,0
28767.449,17301,57,0,0,0,0,0,8,689,5,45,0,0,0,0,0,0,0,0,0,0,0,0,0,0,0,0,0,0,0,0,0,0,226,15756,0,0,0,0
28784.454,17004,58,0,0,0,0,0,8,611,5,45,0,0,0,0,0,0,0,0,0,0,0,0,0,0,0,0,0,0,0,0,0,0,240,17295,0,0,0,0
28800.170,15715,63,0,0,0,0,0,8,640,5,45,0,0,0,0,0,0,0,0,0,0,0,0,0,0,0,0,0,0,0,0,0,0,227,17055,0,0,0,0
28816.771,16600,60,0,0,0,0,0,8,680,5,45,0,0,0,0,0,0,0,0,0,0,0,0,0,0,0,0,0,0,0,0,0,0,262,15665,0,0,0,0
28833.269,16498,60,0,0,0,0,0,8,611,5,45,0,0,0,0,0,0,0,0,0,0,0,0,0,0,0,0,0,0,0,0,0,0,232,16493,0,0,0,0
28850.591,17321,57,0,0,0,0,0,8,679,5,45,0,0,0,0,0,0,0,0,0,0,0,0,0,0,0,0,0,0,0,0,0,0,210,16547,0,0,0,0
28866.298,15707,63,0,0,0,0,0,8,651,5,45,0,0,0,0,0,0,0,0,0,0,0,0,0,0,0,0,0,0,0,0,0,0,239,17388,0,0,0,0
28883.346,17048,58,0,0,0,0,0,8,606,5,45,0,0,0,0,0,0,0,0,0,0,0,0,0,0,0,0,0,0,0,0,0,0,257,15829,0,0,0,0
28900.041,16695,59,0,0,0,0,0,8,681,5,45,0,0,0,0,0,0,0,0,0,0,0,0,0,0,0,0,0,0,0,0,0,0,236,16839,0,0,0,0
28916.703,16662,60,0,0,0,0,0,8,684,5,45,0,0,0,0,0,0,0,0,0,0,0,0,0,0,0,0,0,0,0,0,0,0,222,16728,0,0,0,0
28933.594,16891,59,0,0,0,0,0,8,613,5,45,0,0,0,0,0,0,0,0,0,0,0,0,0,0,0,0,0,0,0,0,0,0,235,16950,0,0,0,0
28950.006,16411,60,0,0,0,0,0,8,760,5,45,0,0,0,0,0,0,0,0,0,0,0,0,0,0,0,0,0,0,0,0,0,0,235,17676,0,0,0,0
28966.575,16568,60,0,0,0,0,0,8,4202,5,45,0,0,0,0,0,0,0,0,0,0,0,0,0,0,0,0,0,0,0,0,0,0,0,0,0,0,0,0
28983.618,17043,58,0,0,0,0,0,8,1903,5,45,0,0,0,0,0,0,0,0,0,0,0,0,0,0,0,0,0,0,0,0,0,0,318,36722,0,0,0,0
29000.030,16411,60,0,0,0,0,0,8,1577,5,45,0,0,0,0,0,0,0,0,0,0,0,0,0,0,0,0,0,0,0,0,0,0,212,15595,0,0,0,0
29017.022,16992,58,0,0,0,0,0,8,1413,5,45,0,0,0,0,0,0,0,0,0,0,0,0,0,0,0,0,0,0,0,0,0,0,225,15096,0,0,0,0
29033.792,16769,59,0,0,0,0,0,8,926,5,45,0,0,0,0,0,0,0,0,0,0,0,0,0,0,0,0,0,0,0,0,0,0,256,15876,0,0,0,0
29050.046,16254,61,0,0,0,0,0,8,767,5,45,0,0,0,0,0,0,0,0,0,0,0,0,0,0,0,0,0,0,0,0,0,0,216,16736,0,0,0,0
29067.449,17402,57,0,0,0,0,0,8,807,5,45,0,0,0,0,0,0,0,0,0,0,0,0,0,0,0,0,0,0,0,0,0,0,222,15669,0,0,0,0
29083.527,16078,62,0,0,0,0,0,8,731,5,45,0,0,0,0,0,0,0,0,0,0,0,0,0,0,0,0,0,0,0,0,0,0,243,17431,0,0,0,0
29100.536,17009,58,0,0,0,0,0,8,810,5,45,0,0,0,0,0,0,0,0,0,0,0,0,0,0,0,0,0,0,0,0,0,0,229,16054,0,0,0,0
29116.467,15930,62,0,0,0,0,0,8,755,5,45,0,0,0,0,0,0,0,0,0,0,0,0,0,0,0,0,0,0,0,0,0,0,246,16996,0,0,0,0
29133.655,17187,58,0,0,0,0,0,8,728,5,45,0,0,0,0,0,0,0,0,0,0,0,0,0,0,0,0,0,0,0,0,0,0,255,15971,0,0,0,0
29150.216,16560,60,0,0,0,0,0,8,787,5,45,0,0,0,0,0,0,0,0,0,0,0,0,0,0,0,0,0,0,0,0,0,0,250,17906,0,0,0,0
29166.968,16752,59,0,0,0,0,0,8,784,5,45,0,0,0,0,0,0,0,0,0,0,0,0,0,0,0,0,0,0,0,0,0,0,228,15816,0,0,0,0
29184.451,17482,57,0,0,0,0,0,8,712,5,45,0,0,0,0,0,0,0,0,0,0,0,0,0,0,0,0,0,0,0,0,0,0,249,17173,0,0,0,0
29200.049,15598,64,0,0,0,0,0,8,739,5,45,0,0,0,0,0,0,0,0,0,0,0,0,0,0,0,0,0,0,0,0,0,0,242,17099,0,0,0,0
29217.477,17427,57,0,0,0,0,0,8,783,5,45,0,0,0,0,0,0,0,0,0,0,0,0,0,0,0,0,0,0,0,0,0,0,246,15554,0,0,0,0
29233.712,16235,61,0,0,0,0,0,8,709,5,45,0,0,0,0,0,0,0,0,0,0,0,0,0,0,0,0,0,0,0,0,0,0,235,17299,0,0,0,0
29250.086,16374,61,0,0,0,0,0,8,776,5,45,0,0,0,0,0,0,0,0,0,0,0,0,0,0,0,0,0,0,0,0,0,0,229,17041,0,0,0,0
29267.447,17360,57,0,0,0,0,0,8,780,5,45,0,0,0,0,0,0,0,0,0,0,0,0,0,0,0,0,0,0,0,0,0,0,224,15992,0,0,0,0
29282.972,15525,64,0,0,0,0,0,8,670,5,45,0,0,0,0,0,0,0,0,0,0,0,0,0,0,0,0,0,0,0,0,0,0,259,17090,0,0,0,0
29300.162,17189,58,0,0,0,0,0,8,783,5,45,0,0,0,0,0,0,0,0,0,0,0,0,0,0,0,0,0,0,0,0,0,0,241,15488,0,0,0,0
29317.458,17295,57,0,0,0,0,0,8,780,5,45,0,0,0,0,0,0,0,0,0,0,0,0,0,0,0,0,0,0,0,0,0,0,235,17066,0,0,0,0
29333.456,15998,62,0,0,0,0,0,8,708,5,45,0,0,0,0,0,0,0,0,0,0,0,0,0,0,0,0,0,0,0,0,0,0,263,17434,0,0,0,0
29350.228,16772,59,0,0,0,0,0,8,779,5,45,0,0,0,0,0,0,0,0,0,0,0,0,0,0,0,0,0,0,0,0,0,0,231,16405,0,0,0,0
29366.594,16366,61,0,0,0,0,0,8,748,5,45,0,0,0,0,0,0,0,0,0,0,0,0,0,0,0,0,0,0,0,0,0,0,230,16198,0,0,0,0
29383.360,16765,59,0,0,0,0,0,8,708,5,45,0,0,0,0,0,0,0,0,0,0,0,0,0,0,0,0,0,0,0,0,0,0,225,16474,0,0,0,0
29400.233,16872,59,0,0,0,0,0,8,784,5,45,0,0,0,0,0,0,0,0,0,0,0,0,0,0,0,0,0,0,0,0,0,0,240,16770,0,0,0,0
29416.472,16238,61,0,0,0,0,0,8,747,5,45,0,0,0,0,0,0,0,0,0,0,0,0,0,0,0,0,0,0,0,0,0,0,242,16939,0,0,0,0
29433.652,17180,58,0,0,0,0,0,8,748,5,45,0,0,0,0,0,0,0,0,0,0,0,0,0,0,0,0,0,0,0,0,0,0,236,16134,0,0,0,0
29450.117,16464,60,0,0,0,0,0,8,746,5,45,0,0,0,0,0,0,0,0,0,0,0,0,0,0,0,0,0,0,0,0,0,0,241,18001,0,0,0,0
29466.969,16851,59,0,0,0,0,0,8,780,5,45,0,0,0,0,0,0,0,0,0,0,0,0,0,0,0,0,0,0,0,0,0,0,223,15937,0,0,0,0
29483.428,16459,60,0,0,0,0,0,8,716,5,45,0,0,0,0,0,0,0,0,0,0,0,0,0,0,0,0,0,0,0,0,0,0,227,16625,0,0,0,0
29500.293,16865,59,0,0,0,0,0,8,780,5,45,0,0,0,0,0,0,0,0,0,0,0,0,0,0,0,0,0,0,0,0,0,0,211,16252,0,0,0,0
29517.447,17153,58,0,0,0,0,0,8,742,5,45,0,0,0,0,0,0,0,0,0,0,0,0,0,0,0,0,0,0,0,0,0,0,224,17008,0,0,0,0
29533.591,16143,61,0,0,0,0,0,8,713,5,45,0,0,0,0,0,0,0,0,0,0,0,0,0,0,0,0,0,0,0,0,0,0,238,17675,0,0,0,0
29550.216,16624,60,0,0,0,0,0,8,780,5,45,0,0,0,0,0,0,0,0,0,0,0,0,0,0,0,0,0,0,0,0,0,0,217,15560,0,0,0,0
29567.102,16886,59,0,0,0,0,0,8,780,5,45,0,0,0,0,0,0,0,0,0,0,0,0,0,0,0,0,0,0,0,0,0,0,225,16876,0,0,0,0
29583.691,16589,60,0,0,0,0,0,8,712,5,45,0,0,0,0,0,0,0,0,0,0,0,0,0,0,0,0,0,0,0,0,0,0,248,16779,0,0,0,0
29600.535,16843,59,0,0,0,0,0,8,742,5,45,0,0,0,0,0,0,0,0,0,0,0,0,0,0,0,0,0,0,0,0,0,0,242,16507,0,0,0,0
29617.452,16917,59,0,0,0,0,0,8,779,5,45,0,0,0,0,0,0,0,0,0,0,0,0,0,0,0,0,0,0,0,0,0,0,232,16859,0,0,0,0
29633.620,16167,61,0,0,0,0,0,8,712,5,45,0,0,0,0,0,0,0,0,0,0,0,0,0,0,0,0,0,0,0,0,0,0,215,16916,0,0,0,0
29650.446,16826,59,0,0,0,0,0,8,780,5,45,0,0,0,0,0,0,0,0,0,0,0,0,0,0,0,0,0,0,0,0,0,0,215,16129,0,0,0,0
29666.957,16511,60,0,0,0,0,0,8,780,5,45,0,0,0,0,0,0,0,0,0,0,0,0,0,0,0,0,0,0,0,0,0,0,215,16912,0,0,0,0
29684.447,17489,57,0,0,0,0,0,8,671,5,45,0,0,0,0,0,0,0,0,0,0,0,0,0,0,0,0,0,0,0,0,0,0,242,16626,0,0,0,0
29700.143,15696,63,0,0,0,0,0,8,776,5,45,0,0,0,0,0,0,0,0,0,0,0,0,0,0,0,0,0,0,0,0,0,0,219,17376,0,0,0,0
29717.111,16967,58,0,0,0,0,0,8,784,5,45,0,0,0,0,0,0,0,0,0,0,0,0,0,0,0,0,0,0,0,0,0,0,227,15649,0,0,0,0
29733.669,16558,60,0,0,0,0,0,8,709,5,45,0,0,0,0,0,0,0,0,0,0,0,0,0,0,0,0,0,0,0,0,0,0,230,17262,0,0,0,0
29749.640,15970,62,0,0,0,0,0,8,775,5,45,0,0,0,0,0,0,0,0,0,0,0,0,0,0,0,0,0,0,0,0,0,0,227,17013,0,0,0,0
29767.444,17803,56,0,0,0,0,0,8,749,5,45,0,0,0,0,0,0,0,0,0,0,0,0,0,0,0,0,0,0,0,0,0,0,216,15240,0,0,0,0
29783.555,16111,62,0,0,0,0,0,8,708,5,45,0,0,0,0,0,0,0,0,0,0,0,0,0,0,0,0,0,0,0,0,0,0,237,17840,0,0,0,0
29800.020,16464,60,0,0,0,0,0,8,776,5,45,0,0,0,0,0,0,0,0,0,0,0,0,0,0,0,0,0,0,0,0,0,0,236,16060,0,0,0,0
29817.453,17433,57,0,0,0,0,0,8,789,5,45,0,0,0,0,0,0,0,0,0,0,0,0,0,0,0,0,0,0,0,0,0,0,259,16554,0,0,0,0
29833.445,15991,62,0,0,0,0,0,8,708,5,45,0,0,0,0,0,0,0,0,0,0,0,0,0,0,0,0,0,0,0,0,0,0,230,17379,0,0,0,0
29850.100,16655,60,0,0,0,0,0,8,743,5,45,0,0,0,0,0,0,0,0,0,0,0,0,0,0,0,0,0,0,0,0,0,0,227,16025,0,0,0,0
29866.787,16686,59,0,0,0,0,0,8,783,5,45,0,0,0,0,0,0,0,0,0,0,0,0,0,0,0,0,0,0,0,0,0,0,222,16555,0,0,0,0
29884.462,17674,56,0,0,0,0,0,8,716,5,45,0,0,0,0,0,0,0,0,0,0,0,0,0,0,0,0,0,0,0,0,0,0,238,16860,0,0,0,0
29900.579,16117,62,0,0,0,0,0,8,777,5,45,0,0,0,0,0,0,0,0,0,0,0,0,0,0,0,0,0,0,0,0,0,0,226,17428,0,0,0,0
29917.009,16429,60,0,0,0,0,0,8,741,5,45,0,0,0,0,0,0,0,0,0,0,0,0,0,0,0,0,0,0,0,0,0,0,221,16269,0,0,0,0
29934.444,17435,57,0,0,0,0,0,8,712,5,45,0,0,0,0,0,0,0,0,0,0,0,0,0,0,0,0,0,0,0,0,0,0,223,16399,0,0,0,0
29950.032,15587,64,0,0,0,0,0,8,779,5,45,0,0,0,0,0,0,0,0,0,0,0,0,0,0,0,0,0,0,0,0,0,0,232,17502,0,0,0,0
29967.447,17415,57,0,0,0,0,0,8,784,5,45,0,0,0,0,0,0,0,0,0,0,0,0,0,0,0,0,0,0,0,0,0,0,210,15529,0,0,0,0
29983.734,16287,61,0,0,0,0,0,8,709,5,45,0,0,0,0,0,0,0,0,0,0,0,0,0,0,0,0,0,0,0,0,0,0,218,17351,0,0,0,0
30000.031,16296,61,0,0,0,0,0,8,743,5,45,0,0,0,0,0,0,0,0,0,0,0,0,0,0,0,0,0,0,0,0,0,0,233,16602,0,0,0,0
30016.520,16488,60,0,0,0,0,0,8,780,5,45,0,0,0,0,0,0,0,0,0,0,0,0,0,0,0,0,0,0,0,0,0,0,219,16027,0,0,0,0
30033.662,17142,58,0,0,0,0,0,8,715,5,45,0,0,0,0,0,0,0,0,0,0,0,0,0,0,0,0,0,0,0,0,0,0,222,16466,0,0,0,0
30050.443,16781,59,0,0,0,0,0,8,780,5,45,0,0,0,0,0,0,0,0,0,0,0,0,0,0,0,0,0,0,0,0,0,0,228,17822,0,0,0,0
30067.442,16998,58,0,0,0,0,0,8,780,5,45,0,0,0,0,0,0,0,0,0,0,0,0,0,0,0,0,0,0,0,0,0,0,215,15974,0,0,0,0
30083.747,16304,61,0,0,0,0,0,8,677,5,45,0,0,0,0,0,0,0,0,0,0,0,0,0,0,0,0,0,0,0,0,0,0,226,17111,0,0,0,0
30100.443,16696,59,0,0,0,0,0,8,781,5,45,0,0,0,0,0,0,0,0,0,0,0,0,0,0,0,0,0,0,0,0,0,0,226,16419,0,0,0,0
30116.951,16508,60,0,0,0,0,0,8,777,5,45,0,0,0,0,0,0,0,0,0,0,0,0,0,0,0,0,0,0,0,0,0,0,203,16572,0,0,0,0
30133.627,16675,59,0,0,0,0,0,8,715,5,45,0,0,0,0,0,0,0,0,0,0,0,0,0,0,0,0,0,0,0,0,0,0,237,16564,0,0,0,0
30150.190,16562,60,0,0,0,0,0,8,780,5,45,0,0,0,0,0,0,0,0,0,0,0,0,0,0,0,0,0,0,0,0,0,0,221,17414,0,0,0,0
30166.832,16642,60,0,0,0,0,0,8,742,5,45,0,0,0,0,0,0,0,0,0,0,0,0,0,0,0,0,0,0,0,0,0,0,230,15851,0,0,0,0
30184.441,17608,56,0,0,0,0,0,8,713,5,45,0,0,0,0,0,0,0,0,0,0,0,0,0,0,0,0,0,0,0,0,0,0,235,17162,0,0,0,0
30200.444,16002,62,0,0,0,0,0,8,784,5,45,0,0,0,0,0,0,0,0,0,0,0,0,0,0,0,0,0,0,0,0,0,0,233,17068,0,0,0,0
30216.989,16545,60,0,0,0,0,0,8,779,5,45,0,0,0,0,0,0,0,0,0,0,0,0,0,0,0,0,0,0,0,0,0,0,217,15978,0,0,0,0
30234.457,17467,57,0,0,0,0,0,8,716,5,45,0,0,0,0,0,0,0,0,0,0,0,0,0,0,0,0,0,0,0,0,0,0,261,17032,0,0,0,0
30250.577,16120,62,0,0,0,0,0,8,742,5,45,0,0,0,0,0,0,0,0,0,0,0,0,0,0,0,0,0,0,0,0,0,0,227,16842,0,0,0,0
30267.959,17382,57,0,0,0,0,0,8,784,5,45,0,0,0,0,0,0,0,0,0,0,0,0,0,0,0,0,0,0,0,0,0,0,218,16258,0,0,0,0
30283.559,15599,64,0,0,0,0,0,8,709,5,45,0,0,0,0,0,0,0,0,0,0,0,0,0,0,0,0,0,0,0,0,0,0,219,17299,0,0,0,0
30300.017,16458,60,0,0,0,0,0,8,779,5,45,0,0,0,0,0,0,0,0,0,0,0,0,0,0,0,0,0,0,0,0,0,0,224,15671,0,0,0,0
30317.437,17420,57,0,0,0,0,0,8,747,5,45,0,0,0,0,0,0,0,0,0,0,0,0,0,0,0,0,0,0,0,0,0,0,208,16372,0,0,0,0
30333.582,16144,61,0,0,0,0,0,8,712,5,45,0,0,0,0,0,0,0,0,0,0,0,0,0,0,0,0,0,0,0,0,0,0,230,17543,0,0,0,0
30350.517,16925,59,0,0,0,0,0,8,779,5,45,0,0,0,0,0,0,0,0,0,0,0,0,0,0,0,0,0,0,0,0,0,0,235,16096,0,0,0,0
30366.990,16483,60,0,0,0,0,0,8,777,5,45,0,0,0,0,0,0,0,0,0,0,0,0,0,0,0,0,0,0,0,0,0,0,225,16970,0,0,0,0
30383.732,16742,59,0,0,0,0,0,8,713,5,45,0,0,0,0,0,0,0,0,0,0,0,0,0,0,0,0,0,0,0,0,0,0,227,16482,0,0,0,0
30400.102,16369,61,0,0,0,0,0,8,744,5,45,0,0,0,0,0,0,0,0,0,0,0,0,0,0,0,0,0,0,0,0,0,0,231,16734,0,0,0,0
30417.438,17336,57,0,0,0,0,0,8,788,5,45,0,0,0,0,0,0,0,0,0,0,0,0,0,0,0,0,0,0,0,0,0,0,216,16284,0,0,0,0
30433.663,16224,61,0,0,0,0,0,8,712,5,45,0,0,0,0,0,0,0,0,0,0,0,0,0,0,0,0,0,0,0,0,0,0,244,17694,0,0,0,0
30450.079,16415,60,0,0,0,0,0,8,781,5,45,0,0,0,0,0,0,0,0,0,0,0,0,0,0,0,0,0,0,0,0,0,0,216,15946,0,0,0,0
30467.439,17360,57,0,0,0,0,0,8,784,5,45,0,0,0,0,0,0,0,0,0,0,0,0,0,0,0,0,0,0,0,0,0,0,227,16358,0,0,0,0
30483.665,16226,61,0,0,0,0,0,8,670,5,45,0,0,0,0,0,0,0,0,0,0,0,0,0,0,0,0,0,0,0,0,0,0,237,17462,0,0,0,0
30500.573,16908,59,0,0,0,0,0,8,784,5,45,0,0,0,0,0,0,0,0,0,0,0,0,0,0,0,0,0,0,0,0,0,0,230,16580,0,0,0,0
30516.668,16094,62,0,0,0,0,0,8,775,5,45,0,0,0,0,0,0,0,0,0,0,0,0,0,0,0,0,0,0,0,0,0,0,232,16530,0,0,0,0
30533.757,17089,58,0,0,0,0,0,8,714,5,45,0,0,0,0,0,0,0,0,0,0,0,0,0,0,0,0,0,0,0,0,0,0,223,16052,0,0,0,0
30550.439,16682,59,0,0,0,0,0,8,780,5,45,0,0,0,0,0,0,0,0,0,0,0,0,0,0,0,0,0,0,0,0,0,0,232,17193,0,0,0,0
30566.935,16496,60,0,0,0,0,0,8,748,5,45,0,0,0,0,0,0,0,0,0,0,0,0,0,0,0,0,0,0,0,0,0,0,227,16509,0,0,0,0
30583.437,16502,60,0,0,0,0,0,8,713,5,45,0,0,0,0,0,0,0,0,0,0,0,0,0,0,0,0,0,0,0,0,0,0,231,16569,0,0,0,0
30600.168,16730,59,0,0,0,0,0,8,780,5,45,0,0,0,0,0,0,0,0,0,0,0,0,0,0,0,0,0,0,0,0,0,0,231,16421,0,0,0,0
30616.588,16419,60,0,0,0,0,0,8,780,5,45,0,0,0,0,0,0,0,0,0,0,0,0,0,0,0,0,0,0,0,0,0,0,217,16806,0,0,0,0
30634.448,17860,55,0,0,0,0,0,8,716,5,45,0,0,0,0,0,0,0,0,0,0,0,0,0,0,0,0,0,0,0,0,0,0,207,16321,0,0,0,0
30650.460,16011,62,0,0,0,0,0,8,739,5,45,0,0,0,0,0,0,0,0,0,0,0,0,0,0,0,0,0,0,0,0,0,0,235,17971,0,0,0,0
30666.844,16383,61,0,0,0,0,0,8,781,5,45,0,0,0,0,0,0,0,0,0,0,0,0,0,0,0,0,0,0,0,0,0,0,214,15885,0,0,0,0
30683.582,16738,59,0,0,0,0,0,8,711,5,45,0,0,0,0,0,0,0,0,0,0,0,0,0,0,0,0,0,0,0,0,0,0,234,16539,0,0,0,0
30700.441,16858,59,0,0,0,0,0,8,779,5,45,0,0,0,0,0,0,0,0,0,0,0,0,0,0,0,0,0,0,0,0,0,0,219,17504,0,0,0,0
30717.437,16996,58,0,0,0,0,0,8,742,5,45,0,0,0,0,0,0,0,0,0,0,0,0,0,0,0,0,0,0,0,0,0,0,221,16052,0,0,0,0
30733.656,16219,61,0,0,0,0,0,8,713,5,45,0,0,0,0,0,0,0,0,0,0,0,0,0,0,0,0,0,0,0,0,0,0,221,17015,0,0,0,0
30750.148,16491,60,0,0,0,0,0,8,779,5,45,0,0,0,0,0,0,0,0,0,0,0,0,0,0,0,0,0,0,0,0,0,0,213,16503,0,0,0,0
30767.439,17291,57,0,0,0,0,0,8,783,5,45,0,0,0,0,0,0,0,0,0,0,0,0,0,0,0,0,0,0,0,0,0,0,229,16211,0,0,0,0
30783.620,16180,61,0,0,0,0,0,8,712,5,45,0,0,0,0,0,0,0,0,0,0,0,0,0,0,0,0,0,0,0,0,0,0,213,17265,0,0,0,0
30800.152,16532,60,0,0,0,0,0,8,740,5,45,0,0,0,0,0,0,0,0,0,0,0,0,0,0,0,0,0,0,0,0,0,0,224,16167,0,0,0,0
30817.435,17283,57,0,0,0,0,0,8,780,5,45,0,0,0,0,0,0,0,0,0,0,0,0,0,0,0,0,0,0,0,0,0,0,227,16546,0,0,0,0
30833.685,16249,61,0,0,0,0,0,8,708,5,45,0,0,0,0,0,0,0,0,0,0,0,0,0,0,0,0,0,0,0,0,0,0,230,17328,0,0,0,0
30850.434,16749,59,0,0,0,0,0,8,784,5,45,0,0,0,0,0,0,0,0,0,0,0,0,0,0,0,0,0,0,0,0,0,0,270,17077,0,0,0,0
30866.474,16040,62,0,0,0,0,0,8,746,5,45,0,0,0,0,0,0,0,0,0,0,0,0,0,0,0,0,0,0,0,0,0,0,213,15773,0,0,0,0
30883.664,17189,58,0,0,0,0,0,8,708,5,45,0,0,0,0,0,0,0,0,0,0,0,0,0,0,0,0,0,0,0,0,0,0,225,16080,0,0,0,0
30900.141,16477,60,0,0,0,0,0,8,780,5,45,0,0,0,0,0,0,0,0,0,0,0,0,0,0,0,0,0,0,0,0,0,0,246,18001,0,0,0,0
30917.952,17811,56,0,0,0,0,0,8,783,5,45,0,0,0,0,0,0,0,0,0,0,0,0,0,0,0,0,0,0,0,0,0,0,214,15556,0,0,0,0
30933.040,15088,66,0,0,0,0,0,8,708,5,45,0,0,0,0,0,0,0,0,0,0,0,0,0,0,0,0,0,0,0,0,0,0,229,17947,0,0,0,0
30950.257,17216,58,0,0,0,0,0,8,784,5,45,0,0,0,0,0,0,0,0,0,0,0,0,0,0,0,0,0,0,0,0,0,0,215,15062,0,0,0,0
30966.228,15971,62,0,0,0,0,0,8,742,5,45,0,0,0,0,0,0,0,0,0,0,0,0,0,0,0,0,0,0,0,0,0,0,238,17315,0,0,0,0
30983.611,17382,57,0,0,0,0,0,8,710,5,45,0,0,0,0,0,0,0,0,0,0,0,0,0,0,0,0,0,0,0,0,0,0,239,16544,0,0,0,0
31000.018,16406,60,0,0,0,0,0,8,779,5,45,0,0,0,0,0,0,0,0,0,0,0,0,0,0,0,0,0,0,0,0,0,0,218,16811,0,0,0,0
31017.082,17064,58,0,0,0,0,0,8,784,5,45,0,0,0,0,0,0,0,0,0,0,0,0,0,0,0,0,0,0,0,0,0,0,222,16327,0,0,0,0
31033.441,16359,61,0,0,0,0,0,8,708,5,45,0,0,0,0,0,0,0,0,0,0,0,0,0,0,0,0,0,0,0,0,0,0,215,17085,0,0,0,0
31050.458,17017,58,0,0,0,0,0,8,745,5,45,0,0,0,0,0,0,0,0,0,0,0,0,0,0,0,0,0,0,0,0,0,0,245,16476,0,0,0,0
31066.962,16503,60,0,0,0,0,0,8,750,5,45,0,0,0,0,0,0,0,0,0,0,0,0,0,0,0,0,0,0,0,0,0,0,214,17233,0,0,0,0
31083.648,16687,59,0,0,0,0,0,8,743,5,45,0,0,0,0,0,0,0,0,0,0,0,0,0,0,0,0,0,0,0,0,0,0,208,16468,0,0,0,0
31100.077,16428,60,0,0,0,0,0,8,779,5,45,0,0,0,0,0,0,0,0,0,0,0,0,0,0,0,0,0,0,0,0,0,0,225,17107,0,0,0,0
31116.950,16873,59,0,0,0,0,0,8,733,5,45,0,0,0,0,0,0,0,0,0,0,0,0,0,0,0,0,0,0,0,0,0,0,241,15721,0,0,0,0
31133.638,16687,59,0,0,0,0,0,8,726,5,45,0,0,0,0,0,0,0,0,0,0,0,0,0,0,0,0,0,0,0,0,0,0,228,16905,0,0,0,0
31150.154,16516,60,0,0,0,0,0,8,781,5,45,0,0,0,0,0,0,0,0,0,0,0,0,0,0,0,0,0,0,0,0,0,0,241,16668,0,0,0,0
31167.116,16961,58,0,0,0,0,0,8,784,5,45,0,0,0,0,0,0,0,0,0,0,0,0,0,0,0,0,0,0,0,0,0,0,227,16506,0,0,0,0
31183.947,16830,59,0,0,0,0,0,8,711,5,45,0,0,0,0,0,0,0,0,0,0,0,0,0,0,0,0,0,0,0,0,0,0,234,16994,0,0,0,0
31200.096,16149,61,0,0,0,0,0,8,746,5,45,0,0,0,0,0,0,0,0,0,0,0,0,0,0,0,0,0,0,0,0,0,0,240,16973,0,0,0,0
31218.437,18340,54,0,0,0,0,0,8,785,5,45,0,0,0,0,0,0,0,0,0,0,0,0,0,0,0,0,0,0,0,0,0,0,228,16181,0,0,0,0
31233.625,15188,65,0,0,0,0,0,8,711,5,45,0,0,0,0,0,0,0,0,0,0,0,0,0,0,0,0,0,0,0,0,0,0,256,18168,0,0,0,0
31249.969,16344,61,0,0,0,0,0,8,772,5,45,0,0,0,0,0,0,0,0,0,0,0,0,0,0,0,0,0,0,0,0,0,0,244,15113,0,0,0,0
31267.436,17466,57,0,0,0,0,0,8,783,5,45,0,0,0,0,0,0,0,0,0,0,0,0,0,0,0,0,0,0,0,0,0,0,223,16300,0,0,0,0
31283.770,16334,61,0,0,0,0,0,8,680,5,45,0,0,0,0,0,0,0,0,0,0,0,0,0,0,0,0,0,0,0,0,0,0,224,17551,0,0,0,0
31300.574,16803,59,0,0,0,0,0,8,780,5,45,0,0,0,0,0,0,0,0,0,0,0,0,0,0,0,0,0,0,0,0,0,0,232,16272,0,0,0,0
31317.428,16854,59,0,0,0,0,0,8,780,5,45,0,0,0,0,0,0,0,0,0,0,0,0,0,0,0,0,0,0,0,0,0,0,226,16877,0,0,0,0
31333.571,16142,61,0,0,0,0,0,8,708,5,45,0,0,0,0,0,0,0,0,0,0,0,0,0,0,0,0,0,0,0,0,0,0,226,16886,0,0,0,0
31350.162,16590,60,0,0,0,0,0,8,783,5,45,0,0,0,0,0,0,0,0,0,0,0,0,0,0,0,0,0,0,0,0,0,0,222,16082,0,0,0,0
31366.981,16819,59,0,0,0,0,0,8,746,5,45,0,0,0,0,0,0,0,0,0,0,0,0,0,0,0,0,0,0,0,0,0,0,231,16646,0,0,0,0
31383.746,16764,59,0,0,0,0,0,8,716,5,45,0,0,0,0,0,0,0,0,0,0,0,0,0,0,0,0,0,0,0,0,0,0,232,16723,0,0,0,0
31400.486,16730,59,0,0,0,0,0,8,780,5,45,0,0,0,0,0,0,0,0,0,0,0,0,0,0,0,0,0,0,0,0,0,0,228,16901,0,0,0,0
31417.429,16953,58,0,0,0,0,0,8,780,5,45,0,0,0,0,0,0,0,0,0,0,0,0,0,0,0,0,0,0,0,0,0,0,230,16704,0,0,0,0
31434.445,17015,58,0,0,0,0,0,8,712,5,45,0,0,0,0,0,0,0,0,0,0,0,0,0,0,0,0,0,0,0,0,0,0,228,16821,0,0,0,0
31450.020,15574,64,0,0,0,0,0,8,739,5,45,0,0,0,0,0,0,0,0,0,0,0,0,0,0,0,0,0,0,0,0,0,0,220,17083,0,0,0,0
31467.434,17414,57,0,0,0,0,0,8,780,5,45,0,0,0,0,0,0,0,0,0,0,0,0,0,0,0,0,0,0,0,0,0,0,207,15489,0,0,0,0
31483.673,16238,61,0,0,0,0,0,8,711,5,45,0,0,0,0,0,0,0,0,0,0,0,0,0,0,0,0,0,0,0,0,0,0,247,17573,0,0,0,0
31500.019,16346,61,0,0,0,0,0,8,781,5,45,0,0,0,0,0,0,0,0,0,0,0,0,0,0,0,0,0,0,0,0,0,0,232,16624,0,0,0,0
31517.436,17417,57,0,0,0,0,0,8,750,5,45,0,0,0,0,0,0,0,0,0,0,0,0,0,0,0,0,0,0,0,0,0,0,211,15883,0,0,0,0
31533.635,16198,61,0,0,0,0,0,8,715,5,45,0,0,0,0,0,0,0,0,0,0,0,0,0,0,0,0,0,0,0,0,0,0,221,17433,0,0,0,0
31549.979,16344,61,0,0,0,0,0,8,784,5,45,0,0,0,0,0,0,0,0,0,0,0,0,0,0,0,0,0,0,0,0,0,0,246,16205,0,0,0,0
31567.447,17467,57,0,0,0,0,0,8,779,5,45,0,0,0,0,0,0,0,0,0,0,0,0,0,0,0,0,0,0,0,0,0,0,214,16343,0,0,0,0
31583.505,16058,62,0,0,0,0,0,8,709,5,45,0,0,0,0,0,0,0,0,0,0,0,0,0,0,0,0,0,0,0,0,0,0,227,17931,0,0,0,0
31599.677,16171,61,0,0,0,0,0,8,744,5,45,0,0,0,0,0,0,0,0,0,0,0,0,0,0,0,0,0,0,0,0,0,0,233,15594,0,0,0,0
31617.428,17751,56,0,0,0,0,0,8,783,5,45,0,0,0,0,0,0,0,0,0,0,0,0,0,0,0,0,0,0,0,0,0,0,232,16206,0,0,0,0
31633.625,16196,61,0,0,0,0,0,8,708,5,45,0,0,0,0,0,0,0,0,0,0,0,0,0,0,0,0,0,0,0,0,0,0,214,17658,0,0,0,0
31650.070,16444,60,0,0,0,0,0,8,775,5,45,0,0,0,0,0,0,0,0,0,0,0,0,0,0,0,0,0,0,0,0,0,0,241,16243,0,0,0,0
31666.963,16893,59,0,0,0,0,0,8,751,5,45,0,0,0,0,0,0,0,0,0,0,0,0,0,0,0,0,0,0,0,0,0,0,247,16892,0,0,0,0
31683.620,16656,60,0,0,0,0,0,8,703,5,45,0,0,0,0,0,0,0,0,0,0,0,0,0,0,0,0,0,0,0,0,0,0,211,16724,0,0,0,0
31700.436,16815,59,0,0,0,0,0,8,780,5,45,0,0,0,0,0,0,0,0,0,0,0,0,0,0,0,0,0,0,0,0,0,0,222,17236,0,0,0,0
31717.427,16991,58,0,0,0,0,0,8,776,5,45,0,0,0,0,0,0,0,0,0,0,0,0,0,0,0,0,0,0,0,0,0,0,226,15941,0,0,0,0
31733.684,16257,61,0,0,0,0,0,8,713,5,45,0,0,0,0,0,0,0,0,0,0,0,0,0,0,0,0,0,0,0,0,0,0,218,17009,0,0,0,0
31749.998,16313,61,0,0,0,0,0,8,783,5,45,0,0,0,0,0,0,0,0,0,0,0,0,0,0,0,0,0,0,0,0,0,0,224,16960,0,0,0,0
31767.428,17430,57,0,0,0,0,0,8,751,5,45,0,0,0,0,0,0,0,0,0,0,0,0,0,0,0,0,0,0,0,0,0,0,217,15605,0,0,0,0
31783.549,16120,62,0,0,0,0,0,8,707,5,45,0,0,0,0,0,0,0,0,0,0,0,0,0,0,0,0,0,0,0,0,0,0,222,17452,0,0,0,0
31800.426,16877,59,0,0,0,0,0,8,781,5,45,0,0,0,0,0,0,0,0,0,0,0,0,0,0,0,0,0,0,0,0,0,0,231,16074,0,0,0,0
31817.179,16752,59,0,0,0,0,0,8,780,5,45,0,0,0,0,0,0,0,0,0,0,0,0,0,0,0,0,0,0,0,0,0,0,215,16935,0,0,0,0
31834.428,17249,57,0,0,0,0,0,8,712,5,45,0,0,0,0,0,0,0,0,0,0,0,0,0,0,0,0,0,0,0,0,0,0,235,16756,0,0,0,0
31850.012,15584,64,0,0,0,0,0,8,745,5,45,0,0,0,0,0,0,0,0,0,0,0,0,0,0,0,0,0,0,0,0,0,0,245,17230,0,0,0,0
31867.435,17422,57,0,0,0,0,0,8,788,5,45,0,0,0,0,0,0,0,0,0,0,0,0,0,0,0,0,0,0,0,0,0,0,217,15790,0,0,0,0
31883.563,16128,62,0,0,0,0,0,8,707,5,45,0,0,0,0,0,0,0,0,0,0,0,0,0,0,0,0,0,0,0,0,0,0,253,17334,0,0,0,0
31900.071,16508,60,0,0,0,0,0,8,786,5,45,0,0,0,0,0,0,0,0,0,0,0,0,0,0,0,0,0,0,0,0,0,0,219,16020,0,0,0,0
31917.423,17351,57,0,0,0,0,0,8,742,5,45,0,0,0,0,0,0,0,0,0,0,0,0,0,0,0,0,0,0,0,0,0,0,228,16681,0,0,0,0
31933.591,16168,61,0,0,0,0,0,8,708,5,45,0,0,0,0,0,0,0,0,0,0,0,0,0,0,0,0,0,0,0,0,0,0,236,17219,0,0,0,0
31950.003,16412,60,0,0,0,0,0,8,930,5,45,0,0,0,0,0,0,0,0,0,0,0,0,0,0,0,0,0,0,0,0,0,0,221,16613,0,0,0,0
31967.426,17422,57,0,0,0,0,0,8,1134,5,45,0,0,0,0,0,0,0,0,0,0,0,0,0,0,0,0,0,0,0,0,0,0,226,16214,0,0,0,0
31983.718,16291,61,0,0,0,0,0,8,745,5,45,0,0,0,0,0,0,0,0,0,0,0,0,0,0,0,0,0,0,0,0,0,0,229,17146,0,0,0,0
32000.422,16704,59,0,0,0,0,0,8,780,5,45,0,0,0,0,0,0,0,0,0,0,0,0,0,0,0,0,0,0,0,0,0,0,226,16471,0,0,0,0
32016.819,16396,60,0,0,0,0,0,8,816,5,45,0,0,0,0,0,0,0,0,0,0,0,0,0,0,0,0,0,0,0,0,0,0,233,16618,0,0,0,0
32033.627,16808,59,0,0,0,0,0,8,745,5,45,0,0,0,0,0,0,0,0,0,0,0,0,0,0,0,0,0,0,0,0,0,0,213,16295,0,0,0,0
32049.687,16060,62,0,0,0,0,0,8,804,5,45,0,0,0,0,0,0,0,0,0,0,0,0,0,0,0,0,0,0,0,0,0,0,229,17583,0,0,0,0
32066.611,16924,59,0,0,0,0,0,8,811,5,45,0,0,0,0,0,0,0,0,0,0,0,0,0,0,0,0,0,0,0,0,0,0,209,15557,0,0,0,0
32083.664,17052,58,0,0,0,0,0,8,687,5,45,0,0,0,0,0,0,0,0,0,0,0,0,0,0,0,0,0,0,0,0,0,0,202,16924,0,0,0,0
32100.560,16895,59,0,0,0,0,0,8,805,5,45,0,0,0,0,0,0,0,0,0,0,0,0,0,0,0,0,0,0,0,0,0,0,225,17435,0,0,0,0
32117.015,16455,60,0,0,0,0,0,8,804,5,45,0,0,0,0,0,0,0,0,0,0,0,0,0,0,0,0,0,0,0,0,0,0,214,16171,0,0,0,0
32133.983,16967,58,0,0,0,0,0,8,724,5,45,0,0,0,0,0,0,0,0,0,0,0,0,0,0,0,0,0,0,0,0,0,0,218,16507,0,0,0,0
32149.962,15978,62,0,0,0,0,0,8,815,5,45,0,0,0,0,0,0,0,0,0,0,0,0,0,0,0,0,0,0,0,0,0,0,244,17070,0,0,0,0
32166.954,16992,58,0,0,0,0,0,8,767,5,45,0,0,0,0,0,0,0,0,0,0,0,0,0,0,0,0,0,0,0,0,0,0,217,15696,0,0,0,0
32183.756,16802,59,0,0,0,0,0,8,728,5,45,0,0,0,0,0,0,0,0,0,0,0,0,0,0,0,0,0,0,0,0,0,0,235,17319,0,0,0,0
32200.075,16319,61,0,0,0,0,0,8,808,5,45,0,0,0,0,0,0,0,0,0,0,0,0,0,0,0,0,0,0,0,0,0,0,230,16748,0,0,0,0
32216.637,16561,60,0,0,0,0,0,8,812,5,45,0,0,0,0,0,0,0,0,0,0,0,0,0,0,0,0,0,0,0,0,0,0,234,16254,0,0,0,0
32233.732,17094,58,0,0,0,0,0,8,729,5,45,0,0,0,0,0,0,0,0,0,0,0,0,0,0,0,0,0,0,0,0,0,0,226,16866,0,0,0,0
32250.481,16748,59,0,0,0,0,0,8,767,5,45,0,0,0,0,0,0,0,0,0,0,0,0,0,0,0,0,0,0,0,0,0,0,224,16765,0,0,0,0
32267.441,16960,58,0,0,0,0,0,8,806,5,45,0,0,0,0,0,0,0,0,0,0,0,0,0,0,0,0,0,0,0,0,0,0,245,16882,0,0,0,0
32283.424,15983,62,0,0,0,0,0,8,731,5,45,0,0,0,0,0,0,0,0,0,0,0,0,0,0,0,0,0,0,0,0,0,0,216,16770,0,0,0,0
32299.941,16516,60,0,0,0,0,0,8,804,5,45,0,0,0,0,0,0,0,0,0,0,0,0,0,0,0,0,0,0,0,0,0,0,223,16098,0,0,0,0
32316.930,16988,58,0,0,0,0,0,8,764,5,45,0,0,0,0,0,0,0,0,0,0,0,0,0,0,0,0,0,0,0,0,0,0,228,16477,0,0,0,0
32333.617,16687,59,0,0,0,0,0,8,731,5,45,0,0,0,0,0,0,0,0,0,0,0,0,0,0,0,0,0,0,0,0,0,0,225,17003,0,0,0,0
32350.007,16390,61,0,0,0,0,0,8,807,5,45,0,0,0,0,0,0,0,0,0,0,0,0,0,0,0,0,0,0,0,0,0,0,236,16594,0,0,0,0
32367.421,17413,57,0,0,0,0,0,8,814,5,45,0,0,0,0,0,0,0,0,0,0,0,0,0,0,0,0,0,0,0,0,0,0,234,16444,0,0,0,0
32384.436,17015,58,0,0,0,0,0,8,728,5,45,0,0,0,0,0,0,0,0,0,0,0,0,0,0,0,0,0,0,0,0,0,0,230,17447,0,0,0,0
32400.450,16013,62,0,0,0,0,0,8,764,5,45,0,0,0,0,0,0,0,0,0,0,0,0,0,0,0,0,0,0,0,0,0,0,208,16983,0,0,0,0
32416.871,16420,60,0,0,0,0,0,8,804,5,45,0,0,0,0,0,0,0,0,0,0,0,0,0,0,0,0,0,0,0,0,0,0,226,16036,0,0,0,0
32434.433,17550,56,0,0,0,0,0,8,733,5,45,0,0,0,0,0,0,0,0,0,0,0,0,0,0,0,0,0,0,0,0,0,0,222,16353,0,0,0,0
32449.681,15260,65,0,0,0,0,0,8,803,5,45,0,0,0,0,0,0,0,0,0,0,0,0,0,0,0,0,0,0,0,0,0,0,236,17639,0,0,0,0
32467.516,17833,56,0,0,0,0,0,8,811,5,45,0,0,0,0,0,0,0,0,0,0,0,0,0,0,0,0,0,0,0,0,0,0,215,15007,0,0,0,0
32483.736,16220,61,0,0,0,0,0,8,708,5,45,0,0,0,0,0,0,0,0,0,0,0,0,0,0,0,0,0,0,0,0,0,0,224,18396,0,0,0,0
32500.562,16826,59,0,0,0,0,0,8,832,5,45,0,0,0,0,0,0,0,0,0,0,0,0,0,0,0,0,0,0,0,0,0,0,240,16271,0,0,0,0
32517.436,16874,59,0,0,0,0,0,8,848,5,45,0,0,0,0,0,0,0,0,0,0,0,0,0,0,0,0,0,0,0,0,0,0,220,16559,0,0,0,0
32533.614,16178,61,0,0,0,0,0,8,759,5,45,0,0,0,0,0,0,0,0,0,0,0,0,0,0,0,0,0,0,0,0,0,0,238,16825,0,0,0,0
32549.991,16377,61,0,0,0,0,0,8,286,5,45,0,0,0,0,0,0,0,0,0,0,0,0,0,0,0,0,0,0,0,0,0,0,0,0,0,0,0,0
32757.170,207179,4,0,0,0,0,0,8,348711,18,49,0,0,0,0,0,0,0,0,0,0,0,0,0,0,0,0,0,0,0,0,0,0,116229,237646,0,0,0,0
32768.414,11243,88,0,0,0,0,0,8,8104,5,50,0,0,0,0,0,0,0,0,0,0,0,0,0,0,0,0,0,0,0,0,0,0,85,3175,0,0,0,0
32784.547,16134,61,0,0,0,0,0,8,11831,5,50,0,0,0,0,0,0,0,0,0,0,0,0,0,0,0,0,0,0,0,0,0,0,0,0,0,0,0,0
32800.532,15984,62,0,0,0,0,0,8,5330,5,50,0,0,0,0,0,0,0,0,0,0,0,0,0,0,0,0,0,0,0,0,0,0,277,25822,0,0,0,0
32817.968,17435,57,0,0,0,0,0,8,7719,5,50,0,0,0,0,0,0,0,0,0,0,0,0,0,0,0,0,0,0,0,0,0,0,186,15967,0,0,0,0
32834.641,16673,59,0,0,0,0,0,8,41550,5,50,0,0,0,0,0,0,0,0,0,0,0,0,0,0,0,0,0,0,0,0,0,0,199,16922,0,0,0,0
32850.615,15973,62,0,0,0,0,0,8,44879,5,50,0,0,0,0,0,0,0,0,0,0,0,0,0,0,0,0,0,0,0,0,0,0,223,17763,0,0,0,0
32868.093,17478,57,0,0,0,0,0,8,49514,5,50,0,0,0,0,0,0,0,0,0,0,0,0,0,0,0,0,0,0,0,0,0,0,200,15269,0,0,0,0
32884.589,16495,60,0,0,0,0,0,8,49656,5,50,0,0,0,0,0,0,0,0,0,0,0,0,0,0,0,0,0,0,0,0,0,0,255,18219,0,0,0,0
32901.029,16440,60,0,0,0,0,0,8,12523,5,50,0,0,0,0,0,0,0,0,0,0,0,0,0,0,0,0,0,0,0,0,0,0,204,15883,0,0,0,0
32918.117,17087,58,0,0,0,0,0,8,18535,5,50,0,0,0,0,0,0,0,0,0,0,0,0,0,0,0,0,0,0,0,0,0,0,197,16982,0,0,0,0
32934.561,16444,60,0,0,0,0,0,8,30019,5,50,0,0,0,0,0,0,0,0,0,0,0,0,0,0,0,0,0,0,0,0,0,0,236,16578,0,0,0,0
32951.324,16762,59,0,0,0,0,0,8,15837,5,50,0,0,0,0,0,0,0,0,0,0,0,0,0,0,0,0,0,0,0,0,0,0,208,16412,0,0,0,0
32968.056,16732,59,0,0,0,0,0,8,94535,5,50,0,0,0,0,0,0,0,0,0,0,0,0,0,0,0,0,0,0,0,0,0,0,208,16257,0,0,0,0
32984.598,16541,60,0,0,0,0,0,8,12065,5,51,0,0,0,0,0,0,0,0,0,0,0,0,0,0,0,0,0,0,0,0,0,0,209,17769,0,0,0,0
33001.453,16855,59,0,0,0,0,0,8,183,5,51,0,0,0,0,0,0,0,0,0,0,0,0,0,0,0,0,0,0,0,0,0,0,192,16008,0,0,0,0
33017.676,16223,61,0,0,0,0,0,8,468,5,51,0,0,0,0,0,0,0,0,0,0,0,0,0,0,0,0,0,0,0,0,0,0,203,16348,0,0,0,0
33034.627,16951,58,0,0,0,0,0,8,915,5,51,0,0,0,0,0,0,0,0,0,0,0,0,0,0,0,0,0,0,0,0,0,0,205,16228,0,0,0,0
33051.558,16931,59,0,0,0,0,0,8,371,5,51,0,0,0,0,0,0,0,0,0,0,0,0,0,0,0,0,0,0,0,0,0,0,209,16936,0,0,0,0
33067.667,16108,62,0,0,0,0,0,8,244,5,51,0,0,0,0,0,0,0,0,0,0,0,0,0,0,0,0,0,0,0,0,0,0,193,17437,0,0,0,0
33084.575,16907,59,0,0,0,0,0,8,253,5,51,0,0,0,0,0,0,0,0,0,0,0,0,0,0,0,0,0,0,0,0,0,0,209,16145,0,0,0,0
33101.167,16592,60,0,0,0,0,0,8,504,5,51,0,0,0,0,0,0,0,0,0,0,0,0,0,0,0,0,0,0,0,0,0,0,194,16874,0,0,0,0
33118.064,16897,59,0,0,0,0,0,8,267,5,51,0,0,0,0,0,0,0,0,0,0,0,0,0,0,0,0,0,0,0,0,0,0,194,16085,0,0,0,0
33134.476,16411,60,0,0,0,0,0,8,2098,5,51,0,0,0,0,0,0,0,0,0,0,0,0,0,0,0,0,0,0,0,0,0,0,195,16893,0,0,0,0
33151.177,16701,59,0,0,0,0,0,8,181,5,51,0,0,0,0,0,0,0,0,0,0,0,0,0,0,0,0,0,0,0,0,0,0,208,17466,0,0,0,0
33168.077,16899,59,0,0,0,0,0,8,2009,5,51,0,0,0,0,0,0,0,0,0,0,0,0,0,0,0,0,0,0,0,0,0,0,185,16143,0,0,0,0
33184.639,16562,60,0,0,0,0,0,8,212,5,51,0,0,0,0,0,0,0,0,0,0,0,0,0,0,0,0,0,0,0,0,0,0,180,16905,0,0,0,0
33201.159,16520,60,0,0,0,0,0,8,566,5,51,0,0,0,0,0,0,0,0,0,0,0,0,0,0,0,0,0,0,0,0,0,0,184,17087,0,0,0,0
33218.065,16906,59,0,0,0,0,0,8,1881,5,51,0,0,0,0,0,0,0,0,0,0,0,0,0,0,0,0,0,0,0,0,0,0,201,15496,0,0,0,0
33234.599,16534,60,0,0,0,0,0,8,241,5,51,0,0,0,0,0,0,0,0,0,0,0,0,0,0,0,0,0,0,0,0,0,0,191,17426,0,0,0,0
33250.942,16343,61,0,0,0,0,0,8,1185,5,51,0,0,0,0,0,0,0,0,0,0,0,0,0,0,0,0,0,0,0,0,0,0,188,16010,0,0,0,0
33267.900,16957,58,0,0,0,0,0,8,2494,5,51,0,0,0,0,0,0,0,0,0,0,0,0,0,0,0,0,0,0,0,0,0,0,189,16838,0,0,0,0
33284.645,16745,59,0,0,0,0,0,8,256,5,51,0,0,0,0,0,0,0,0,0,0,0,0,0,0,0,0,0,0,0,0,0,0,205,16988,0,0,0,0
33300.983,16337,61,0,0,0,0,0,8,305,5,51,0,0,0,0,0,0,0,0,0,0,0,0,0,0,0,0,0,0,0,0,0,0,208,16737,0,0,0,0
33318.094,17111,58,0,0,0,0,0,8,248,5,51,0,0,0,0,0,0,0,0,0,0,0,0,0,0,0,0,0,0,0,0,0,0,192,16888,0,0,0,0
33334.661,16567,60,0,0,0,0,0,8,297,5,51,0,0,0,0,0,0,0,0,0,0,0,0,0,0,0,0,0,0,0,0,0,0,190,16555,0,0,0,0
33351.270,16608,60,0,0,0,0,0,8,154,5,51,0,0,0,0,0,0,0,0,0,0,0,0,0,0,0,0,0,0,0,0,0,0,209,17080,0,0,0,0
33367.921,16650,60,0,0,0,0,0,8,480,5,51,0,0,0,0,0,0,0,0,0,0,0,0,0,0,0,0,0,0,0,0,0,0,201,15579,0,0,0,0
33384.552,16630,60,0,0,0,0,0,8,2123,5,51,0,0,0,0,0,0,0,0,0,0,0,0,0,0,0,0,0,0,0,0,0,0,192,17170,0,0,0,0
33401.479,16927,59,0,0,0,0,0,8,180,5,51,0,0,0,0,0,0,0,0,0,0,0,0,0,0,0,0,0,0,0,0,0,0,183,16629,0,0,0,0
33417.925,16446,60,0,0,0,0,0,8,1381,5,51,0,0,0,0,0,0,0,0,0,0,0,0,0,0,0,0,0,0,0,0,0,0,210,16941,0,0,0,0
33434.449,16524,60,0,0,0,0,0,8,220,5,51,0,0,0,0,0,0,0,0,0,0,0,0,0,0,0,0,0,0,0,0,0,0,192,16437,0,0,0,0
33451.242,16793,59,0,0,0,0,0,8,257,5,51,0,0,0,0,0,0,0,0,0,0,0,0,0,0,0,0,0,0,0,0,0,0,187,16503,0,0,0,0
33467.820,16577,60,0,0,0,0,0,8,289,5,51,0,0,0,0,0,0,0,0,0,0,0,0,0,0,0,0,0,0,0,0,0,0,178,16805,0,0,0,0
33484.610,16789,59,0,0,0,0,0,8,245,5,51,0,0,0,0,0,0,0,0,0,0,0,0,0,0,0,0,0,0,0,0,0,0,182,16046,0,0,0,0
33501.271,16661,60,0,0,0,0,0,8,219,5,51,0,0,0,0,0,0,0,0,0,0,0,0,0,0,0,0,0,0,0,0,0,0,221,16836,0,0,0,0
33517.609,16338,61,0,0,0,0,0,8,16623,5,51,0,0,0,0,0,0,0,0,0,0,0,0,0,0,0,0,0,0,0,0,0,0,205,17695,0,0,0,0
33534.411,16801,59,0,0,0,0,0,8,10960,5,51,0,0,0,0,0,0,0,0,0,0,0,0,0,0,0,0,0,0,0,0,0,0,196,15788,0,0,0,0
33600.257,65846,15,0,0,0,0,0,8,32140,49,53,0,0,0,0,0,0,0,0,0,0,0,0,0,0,0,0,0,0,0,0,0,0,249426,81028,0,0,0,0
33609.564,9306,107,0,0,0,0,0,8,29648,44,53,0,0,0,0,0,0,0,0,0,0,0,0,0,0,0,0,0,0,0,0,0,0,241,5600,0,0,0,0
33807.626,198061,5,0,0,0,0,0,8,31904,65,53,0,0,0,0,0,0,0,0,0,0,0,0,0,0,0,0,0,0,0,0,0,0,451,201769,0,0,0,0
33895.320,87694,11,0,0,0,1,0,8,30782,53,53,0,0,0,0,0,0,0,0,0,0,0,0,0,0,0,0,0,0,0,0,0,0,405,87687,0,0,0,0
33910.407,15087,66,0,0,0,0,0,8,29724,44,53,0,0,0,0,0,0,0,0,0,0,0,0,0,0,0,0,0,0,0,0,0,0,228,5476,0,0,0,0
33926.015,15608,64,0,0,0,0,0,8,60906,44,53,0,0,0,0,0,0,0,0,0,0,0,0,0,0,0,0,0,0,0,0,0,0,258,20394,0,0,0,0
33942.446,16430,60,0,0,0,0,0,8,30720,44,53,0,0,0,0,0,0,0,0,0,0,0,0,0,0,0,0,0,0,0,0,0,0,423,9135,0,0,0,0
33959.407,16960,58,0,0,0,0,0,8,30489,44,53,0,0,0,0,0,0,0,0,0,0,0,0,0,0,0,0,0,0,0,0,0,0,356,17965,0,0,0,0
33976.414,17007,58,0,0,0,0,0,8,30734,44,53,0,0,0,0,0,0,0,0,0,0,0,0,0,0,0,0,0,0,0,0,0,0,351,16647,0,0,0,0
33993.406,16991,58,0,0,0,0,0,8,30546,44,53,0,0,0,0,0,0,0,0,0,0,0,0,0,0,0,0,0,0,0,0,0,0,344,16700,0,0,0,0
34009.954,16548,60,0,0,0,0,0,8,30858,44,53,0,0,0,0,0,0,0,0,0,0,0,0,0,0,0,0,0,0,0,0,0,0,363,17154,0,0,0,0
34026.414,16460,60,0,0,0,0,0,8,30774,44,53,0,0,0,0,0,0,0,0,0,0,0,0,0,0,0,0,0,0,0,0,0,0,319,15972,0,0,0,0
34042.939,16524,60,0,0,0,0,0,8,30753,44,53,0,0,0,0,0,0,0,0,0,0,0,0,0,0,0,0,0,0,0,0,0,0,309,16888,0,0,0,0
34059.544,16605,60,0,0,0,0,0,8,29509,44,53,0,0,0,0,0,0,0,0,0,0,0,0,0,0,0,0,0,0,0,0,0,0,348,16648,0,0,0,0
34076.202,16657,60,0,0,0,0,0,8,29523,44,53,0,0,0,0,0,0,0,0,0,0,0,0,0,0,0,0,0,0,0,0,0,0,317,16459,0,0,0,0
34093.403,17201,58,0,0,0,0,0,8,29553,44,53,0,0,0,0,0,0,0,0,0,0,0,0,0,0,0,0,0,0,0,0,0,0,323,16481,0,0,0,0
34109.728,16325,61,0,0,0,0,0,8,29713,44,53,0,0,0,0,0,0,0,0,0,0,0,0,0,0,0,0,0,0,0,0,0,0,349,17463,0,0,0,0
34126.046,16317,61,0,0,0,0,0,8,29690,44,53,0,0,0,0,0,0,0,0,0,0,0,0,0,0,0,0,0,0,0,0,0,0,313,16401,0,0,0,0
34142.924,16868,59,0,0,0,0,0,8,29731,44,53,0,0,0,0,0,0,0,0,0,0,0,0,0,0,0,0,0,0,0,0,0,0,319,15672,0,0,0,0
34159.447,16532,60,0,0,0,0,0,8,29691,44,53,0,0,0,0,0,0,0,0,0,0,0,0,0,0,0,0,0,0,0,0,0,0,324,17583,0,0,0,0
34176.406,16959,58,0,0,0,0,0,8,28196,44,53,0,0,0,0,0,0,0,0,0,0,0,0,0,0,0,0,0,0,0,0,0,0,324,16333,0,0,0,0
34192.928,16522,60,0,0,0,0,0,8,28184,44,53,0,0,0,0,0,0,0,0,0,0,0,0,0,0,0,0,0,0,0,0,0,0,336,15722,0,0,0,0
34209.438,16510,60,0,0,0,0,0,8,28786,44,53,0,0,0,0,0,0,0,0,0,0,0,0,0,0,0,0,0,0,0,0,0,0,311,17506,0,0,0,0
34225.997,16558,60,0,0,0,0,0,8,28769,44,53,0,0,0,0,0,0,0,0,0,0,0,0,0,0,0,0,0,0,0,0,0,0,334,15627,0,0,0,0
34243.057,17060,58,0,0,0,0,0,8,28901,44,53,0,0,0,0,0,0,0,0,0,0,0,0,0,0,0,0,0,0,0,0,0,0,327,17149,0,0,0,0
34260.420,17362,57,0,0,0,0,0,8,28781,44,53,0,0,0,0,0,0,0,0,0,0,0,0,0,0,0,0,0,0,0,0,0,0,328,17815,0,0,0,0
34276.175,15755,63,0,0,0,0,0,8,29053,44,53,0,0,0,0,0,0,0,0,0,0,0,0,0,0,0,0,0,0,0,0,0,0,349,16914,0,0,0,0
34292.145,15969,62,0,0,0,0,0,8,28909,44,53,0,0,0,0,0,0,0,0,0,0,0,0,0,0,0,0,0,0,0,0,0,0,306,15816,0,0,0,0
34309.468,17323,57,0,0,0,0,0,8,28908,44,53,0,0,0,0,0,0,0,0,0,0,0,0,0,0,0,0,0,0,0,0,0,0,319,15840,0,0,0,0
34325.933,16464,60,0,0,0,0,0,8,29174,44,53,0,0,0,0,0,0,0,0,0,0,0,0,0,0,0,0,0,0,0,0,0,0,327,17184,0,0,0,0
34342.814,16881,59,0,0,0,0,0,8,28969,44,53,0,0,0,0,0,0,0,0,0,0,0,0,0,0,0,0,0,0,0,0,0,0,308,16603,0,0,0,0
34359.411,16597,60,0,0,0,0,0,8,29136,44,53,0,0,0,0,0,0,0,0,0,0,0,0,0,0,0,0,0,0,0,0,0,0,320,16988,0,0,0,0
34376.406,16994,58,0,0,0,0,0,8,29060,44,53,0,0,0,0,0,0,0,0,0,0,0,0,0,0,0,0,0,0,0,0,0,0,337,16543,0,0,0,0
34392.950,16545,60,0,0,0,0,0,8,29117,44,53,0,0,0,0,0,0,0,0,0,0,0,0,0,0,0,0,0,0,0,0,0,0,383,17379,0,0,0,0
34409.660,16709,59,0,0,0,0,0,8,28980,44,53,0,0,0,0,0,0,0,0,0,0,0,0,0,0,0,0,0,0,0,0,0,0,333,16441,0,0,0,0
34426.430,16770,59,0,0,0,0,0,8,29118,44,53,0,0,0,0,0,0,0,0,0,0,0,0,0,0,0,0,0,0,0,0,0,0,338,16558,0,0,0,0
34442.751,16321,61,0,0,0,0,0,8,29119,44,53,0,0,0,0,0,0,0,0,0,0,0,0,0,0,0,0,0,0,0,0,0,0,295,15806,0,0,0,0
34459.539,16787,59,0,0,0,0,0,8,29323,44,53,0,0,0,0,0,0,0,0,0,0,0,0,0,0,0,0,0,0,0,0,0,0,312,17315,0,0,0,0
34476.401,16862,59,0,0,0,0,0,8,27439,44,53,0,0,0,0,0,0,0,0,0,0,0,0,0,0,0,0,0,0,0,0,0,0,331,16822,0,0,0,0
34492.642,16240,61,0,0,0,0,0,8,27426,44,53,0,0,0,0,0,0,0,0,0,0,0,0,0,0,0,0,0,0,0,0,0,0,311,16900,0,0,0,0
34509.227,16584,60,0,0,0,0,0,8,27318,44,53,0,0,0,0,0,0,0,0,0,0,0,0,0,0,0,0,0,0,0,0,0,0,313,15796,0,0,0,0
34526.403,17176,58,0,0,0,0,0,8,27462,44,53,0,0,0,0,0,0,0,0,0,0,0,0,0,0,0,0,0,0,0,0,0,0,319,16890,0,0,0,0
34542.406,16002,62,0,0,0,0,0,8,27528,44,53,0,0,0,0,0,0,0,0,0,0,0,0,0,0,0,0,0,0,0,0,0,0,303,17002,0,0,0,0
34559.920,17514,57,0,0,0,0,0,8,27347,44,53,0,0,0,0,0,0,0,0,0,0,0,0,0,0,0,0,0,0,0,0,0,0,319,15330,0,0,0,0
34576.053,16132,61,0,0,0,0,0,8,27561,44,53,0,0,0,0,0,0,0,0,0,0,0,0,0,0,0,0,0,0,0,0,0,0,329,18422,0,0,0,0
34593.406,17353,57,0,0,0,0,0,8,27565,44,53,0,0,0,0,0,0,0,0,0,0,0,0,0,0,0,0,0,0,0,0,0,0,301,15621,0,0,0,0
34609.062,15656,63,0,0,0,0,0,8,27487,44,53,0,0,0,0,0,0,0,0,0,0,0,0,0,0,0,0,0,0,0,0,0,0,349,17533,0,0,0,0
34626.535,17472,57,0,0,0,0,0,8,27533,44,53,0,0,0,0,0,0,0,0,0,0,0,0,0,0,0,0,0,0,0,0,0,0,313,16052,0,0,0,0
34643.401,16866,59,0,0,0,0,0,8,27648,44,53,0,0,0,0,0,0,0,0,0,0,0,0,0,0,0,0,0,0,0,0,0,0,309,17370,0,0,0,0
34659.928,16527,60,0,0,0,0,0,8,27481,44,53,0,0,0,0,0,0,0,0,0,0,0,0,0,0,0,0,0,0,0,0,0,0,318,16671,0,0,0,0
34676.613,16684,59,0,0,0,0,0,8,27668,44,53,0,0,0,0,0,0,0,0,0,0,0,0,0,0,0,0,0,0,0,0,0,0,293,16246,0,0,0,0
34692.646,16032,62,0,0,0,0,0,8,27617,44,53,0,0,0,0,0,0,0,0,0,0,0,0,0,0,0,0,0,0,0,0,0,0,316,17203,0,0,0,0
34709.648,17002,58,0,0,0,0,0,8,27442,44,53,0,0,0,0,0,0,0,0,0,0,0,0,0,0,0,0,0,0,0,0,0,0,313,15623,0,0,0,0
34726.406,16758,59,0,0,0,0,0,8,27728,44,53,0,0,0,0,0,0,0,0,0,0,0,0,0,0,0,0,0,0,0,0,0,0,313,17343,0,0,0,0
34742.705,16298,61,0,0,0,0,0,8,27317,44,53,0,0,0,0,0,0,0,0,0,0,0,0,0,0,0,0,0,0,0,0,0,0,321,16514,0,0,0,0
34759.401,16696,59,0,0,0,0,0,8,26891,44,53,0,0,0,0,0,0,0,0,0,0,0,0,0,0,0,0,0,0,0,0,0,0,331,16218,0,0,0,0
34776.403,17001,58,0,0,0,0,0,8,27008,44,53,0,0,0,0,0,0,0,0,0,0,0,0,0,0,0,0,0,0,0,0,0,0,343,17281,0,0,0,0
34792.932,16528,60,0,0,0,0,0,8,26968,44,53,0,0,0,0,0,0,0,0,0,0,0,0,0,0,0,0,0,0,0,0,0,0,328,15774,0,0,0,0
34809.690,16758,59,0,0,0,0,0,8,28728,44,53,0,0,0,0,0,0,0,0,0,0,0,0,0,0,0,0,0,0,0,0,0,0,323,17143,0,0,0,0
34826.064,16373,61,0,0,0,0,0,8,28936,44,53,0,0,0,0,0,0,0,0,0,0,0,0,0,0,0,0,0,0,0,0,0,0,308,17520,0,0,0,0
34842.920,16856,59,0,0,0,0,0,8,28715,44,53,0,0,0,0,0,0,0,0,0,0,0,0,0,0,0,0,0,0,0,0,0,0,304,15675,0,0,0,0
34859.289,16368,61,0,0,0,0,0,8,28803,44,53,0,0,0,0,0,0,0,0,0,0,0,0,0,0,0,0,0,0,0,0,0,0,314,17148,0,0,0,0
34876.252,16963,58,0,0,0,0,0,8,28716,44,53,0,0,0,0,0,0,0,0,0,0,0,0,0,0,0,0,0,0,0,0,0,0,328,16079,0,0,0,0
34892.965,16713,59,0,0,0,0,0,8,28853,44,53,0,0,0,0,0,0,0,0,0,0,0,0,0,0,0,0,0,0,0,0,0,0,314,17100,0,0,0,0
34909.528,16563,60,0,0,0,0,0,8,28644,44,53,0,0,0,0,0,0,0,0,0,0,0,0,0,0,0,0,0,0,0,0,0,0,298,16615,0,0,0,0
34926.398,16869,59,0,0,0,0,0,8,28748,44,53,0,0,0,0,0,0,0,0,0,0,0,0,0,0,0,0,0,0,0,0,0,0,329,16601,0,0,0,0
34942.671,16273,61,0,0,0,0,0,8,28767,44,53,0,0,0,0,0,0,0,0,0,0,0,0,0,0,0,0,0,0,0,0,0,0,320,17528,0,0,0,0
34959.526,16854,59,0,0,0,0,0,8,29913,44,53,0,0,0,0,0,0,0,0,0,0,0,0,0,0,0,0,0,0,0,0,0,0,299,15817,0,0,0,0
34976.404,16878,59,0,0,0,0,0,8,26922,44,53,0,0,0,0,0,0,0,0,0,0,0,0,0,0,0,0,0,0,0,0,0,0,346,16788,0,0,0,0
34992.605,16201,61,0,0,0,0,0,8,27812,44,53,0,0,0,0,0,0,0,0,0,0,0,0,0,0,0,0,0,0,0,0,0,0,357,15737,0,0,0,0
35009.397,16791,59,0,0,0,0,0,8,27711,44,53,0,0,0,0,0,0,0,0,0,0,0,0,0,0,0,0,0,0,0,0,0,0,317,16927,0,0,0,0
35026.022,16625,60,0,0,0,0,0,8,26944,44,53,0,0,0,0,0,0,0,0,0,0,0,0,0,0,0,0,0,0,0,0,0,0,343,17587,0,0,0,0
35042.904,16882,59,0,0,0,0,0,8,27795,44,53,0,0,0,0,0,0,0,0,0,0,0,0,0,0,0,0,0,0,0,0,0,0,319,16009,0,0,0,0
35059.540,16636,60,0,0,0,0,0,8,27478,44,53,0,0,0,0,0,0,0,0,0,0,0,0,0,0,0,0,0,0,0,0,0,0,377,17243,0,0,0,0
35076.165,16624,60,0,0,0,0,0,8,25614,44,53,0,0,0,0,0,0,0,0,0,0,0,0,0,0,0,0,0,0,0,0,0,0,348,16476,0,0,0,0
35092.657,16492,60,0,0,0,0,0,8,24983,44,53,0,0,0,0,0,0,0,0,0,0,0,0,0,0,0,0,0,0,0,0,0,0,312,16253,0,0,0,0
35110.410,17753,56,0,0,0,0,0,8,24694,44,53,0,0,0,0,0,0,0,0,0,0,0,0,0,0,0,0,0,0,0,0,0,0,319,16253,0,0,0,0
35126.409,15998,62,0,0,0,0,0,8,24936,44,53,0,0,0,0,0,0,0,0,0,0,0,0,0,0,0,0,0,0,0,0,0,0,298,18097,0,0,0,0
35143.049,16639,60,0,0,0,0,0,8,24906,44,53,0,0,0,0,0,0,0,0,0,0,0,0,0,0,0,0,0,0,0,0,0,0,286,15973,0,0,0,0
35160.404,17355,57,0,0,0,0,0,8,22745,44,53,0,0,0,0,0,0,0,0,0,0,0,0,0,0,0,0,0,0,0,0,0,0,308,16550,0,0,0,0
35176.426,16021,62,0,0,0,0,0,8,22917,44,53,0,0,0,0,0,0,0,0,0,0,0,0,0,0,0,0,0,0,0,0,0,0,304,17108,0,0,0,0
35192.992,16565,60,0,0,0,0,0,8,22755,44,53,0,0,0,0,0,0,0,0,0,0,0,0,0,0,0,0,0,0,0,0,0,0,329,15998,0,0,0,0
35209.531,16539,60,0,0,0,0,0,8,21947,44,53,0,0,0,0,0,0,0,0,0,0,0,0,0,0,0,0,0,0,0,0,0,0,325,16235,0,0,0,0
35226.398,16867,59,0,0,0,0,0,8,22034,44,53,0,0,0,0,0,0,0,0,0,0,0,0,0,0,0,0,0,0,0,0,0,0,310,16871,0,0,0,0
35242.904,16505,60,0,0,0,0,0,8,21940,44,53,0,0,0,0,0,0,0,0,0,0,0,0,0,0,0,0,0,0,0,0,0,0,340,16693,0,0,0,0
35259.334,16430,60,0,0,0,0,0,8,21997,44,53,0,0,0,0,0,0,0,0,0,0,0,0,0,0,0,0,0,0,0,0,0,0,323,16592,0,0,0,0
35276.083,16748,59,0,0,0,0,0,8,23680,44,53,0,0,0,0,0,0,0,0,0,0,0,0,0,0,0,0,0,0,0,0,0,0,330,16427,0,0,0,0
35293.162,17079,58,0,0,0,0,0,8,23947,44,53,0,0,0,0,0,0,0,0,0,0,0,0,0,0,0,0,0,0,0,0,0,0,313,16786,0,0,0,0
35309.425,16263,61,0,0,0,0,0,8,23619,44,53,0,0,0,0,0,0,0,0,0,0,0,0,0,0,0,0,0,0,0,0,0,0,312,16748,0,0,0,0
35326.098,16672,59,0,0,0,0,0,8,23718,44,53,0,0,0,0,0,0,0,0,0,0,0,0,0,0,0,0,0,0,0,0,0,0,318,16728,0,0,0,0
35342.953,16855,59,0,0,0,0,0,8,23596,44,53,0,0,0,0,0,0,0,0,0,0,0,0,0,0,0,0,0,0,0,0,0,0,297,16488,0,0,0,0
35359.511,16557,60,0,0,0,0,0,8,23630,44,53,0,0,0,0,0,0,0,0,0,0,0,0,0,0,0,0,0,0,0,0,0,0,325,16863,0,0,0,0
35376.662,17151,58,0,0,0,0,0,8,23659,44,53,0,0,0,0,0,0,0,0,0,0,0,0,0,0,0,0,0,0,0,0,0,0,383,16867,0,0,0,0
35392.424,15762,63,0,0,0,0,0,8,23572,44,53,0,0,0,0,0,0,0,0,0,0,0,0,0,0,0,0,0,0,0,0,0,0,366,16016,0,0,0,0
35410.059,17634,56,0,0,0,0,0,8,23451,44,53,0,0,0,0,0,0,0,0,0,0,0,0,0,0,0,0,0,0,0,0,0,0,301,15630,0,0,0,0
35425.957,15898,62,0,0,0,0,0,8,23645,44,53,0,0,0,0,0,0,0,0,0,0,0,0,0,0,0,0,0,0,0,0,0,0,346,18816,0,0,0,0
35442.941,16984,58,0,0,0,0,0,8,24609,44,53,0,0,0,0,0,0,0,0,0,0,0,0,0,0,0,0,0,0,0,0,0,0,318,15644,0,0,0,0
35459.604,16662,60,0,0,0,0,0,8,23872,44,53,0,0,0,0,0,0,0,0,0,0,0,0,0,0,0,0,0,0,0,0,0,0,311,17408,0,0,0,0
35475.656,16052,62,0,0,0,0,0,8,24442,44,53,0,0,0,0,0,0,0,0,0,0,0,0,0,0,0,0,0,0,0,0,0,0,333,16637,0,0,0,0
35492.967,17311,57,0,0,0,0,0,8,24181,44,53,0,0,0,0,0,0,0,0,0,0,0,0,0,0,0,0,0,0,0,0,0,0,356,16180,0,0,0,0
35509.517,16548,60,0,0,0,0,0,8,24027,44,53,0,0,0,0,0,0,0,0,0,0,0,0,0,0,0,0,0,0,0,0,0,0,336,16778,0,0,0,0
35525.910,16393,61,0,0,0,0,0,8,24170,44,53,0,0,0,0,0,0,0,0,0,0,0,0,0,0,0,0,0,0,0,0,0,0,359,16967,0,0,0,0
35542.730,16820,59,0,0,0,0,0,8,22392,44,53,0,0,0,0,0,0,0,0,0,0,0,0,0,0,0,0,0,0,0,0,0,0,331,16368,0,0,0,0
35559.399,16668,59,0,0,0,0,0,8,22312,44,53,0,0,0,0,0,0,0,0,0,0,0,0,0,0,0,0,0,0,0,0,0,0,311,16349,0,0,0,0
35576.400,17001,58,0,0,0,0,0,8,22471,44,53,0,0,0,0,0,0,0,0,0,0,0,0,0,0,0,0,0,0,0,0,0,0,326,17275,0,0,0,0
35592.901,16500,60,0,0,0,0,0,8,22642,44,53,0,0,0,0,0,0,0,0,0,0,0,0,0,0,0,0,0,0,0,0,0,0,316,15734,0,0,0,0
35609.592,16691,59,0,0,0,0,0,8,24454,44,53,0,0,0,0,0,0,0,0,0,0,0,0,0,0,0,0,0,0,0,0,0,0,353,17943,0,0,0,0
35626.412,16819,59,0,0,0,0,0,8,24059,44,53,0,0,0,0,0,0,0,0,0,0,0,0,0,0,0,0,0,0,0,0,0,0,304,16118,0,0,0,0
35642.917,16504,60,0,0,0,0,0,8,24036,44,53,0,0,0,0,0,0,0,0,0,0,0,0,0,0,0,0,0,0,0,0,0,0,311,17088,0,0,0,0
35659.394,16477,60,0,0,0,0,0,8,23933,44,53,0,0,0,0,0,0,0,0,0,0,0,0,0,0,0,0,0,0,0,0,0,0,312,16255,0,0,0,0
35676.401,17007,58,0,0,0,0,0,8,24007,44,53,0,0,0,0,0,0,0,0,0,0,0,0,0,0,0,0,0,0,0,0,0,0,318,17050,0,0,0,0
35692.836,16434,60,0,0,0,0,0,8,24073,44,53,0,0,0,0,0,0,0,0,0,0,0,0,0,0,0,0,0,0,0,0,0,0,304,16701,0,0,0,0
35709.486,16650,60,0,0,0,0,0,8,24818,44,53,0,0,0,0,0,0,0,0,0,0,0,0,0,0,0,0,0,0,0,0,0,0,322,16344,0,0,0,0
35725.937,16451,60,0,0,0,0,0,8,24180,44,53,0,0,0,0,0,0,0,0,0,0,0,0,0,0,0,0,0,0,0,0,0,0,324,16874,0,0,0,0
35742.965,17027,58,0,0,0,0,0,8,23983,44,53,0,0,0,0,0,0,0,0,0,0,0,0,0,0,0,0,0,0,0,0,0,0,330,15962,0,0,0,0
35759.394,16428,60,0,0,0,0,0,8,24984,44,53,0,0,0,0,0,0,0,0,0,0,0,0,0,0,0,0,0,0,0,0,0,0,326,17538,0,0,0,0
35776.536,17142,58,0,0,0,0,0,8,24936,44,53,0,0,0,0,0,0,0,0,0,0,0,0,0,0,0,0,0,0,0,0,0,0,315,16471,0,0,0,0
35793.073,16537,60,0,0,0,0,0,8,25601,44,53,0,0,0,0,0,0,0,0,0,0,0,0,0,0,0,0,0,0,0,0,0,0,322,17115,0,0,0,0
35809.459,16386,61,0,0,0,0,0,8,25552,44,53,0,0,0,0,0,0,0,0,0,0,0,0,0,0,0,0,0,0,0,0,0,0,309,16659,0,0,0,0
35826.532,17072,58,0,0,0,0,0,8,25612,44,53,0,0,0,0,0,0,0,0,0,0,0,0,0,0,0,0,0,0,0,0,0,0,328,16459,0,0,0,0
35842.873,16340,61,0,0,0,0,0,8,25835,44,53,0,0,0,0,0,0,0,0,0,0,0,0,0,0,0,0,0,0,0,0,0,0,340,16987,0,0,0,0
35859.338,16464,60,0,0,0,0,0,8,25514,44,53,0,0,0,0,0,0,0,0,0,0,0,0,0,0,0,0,0,0,0,0,0,0,322,16245,0,0,0,0
35876.049,16711,59,0,0,0,0,0,8,25649,44,53,0,0,0,0,0,0,0,0,0,0,0,0,0,0,0,0,0,0,0,0,0,0,331,16289,0,0,0,0
35892.660,16610,60,0,0,0,0,0,8,27561,44,53,0,0,0,0,0,0,0,0,0,0,0,0,0,0,0,0,0,0,0,0,0,0,337,17368,0,0,0,0
35909.736,17076,58,0,0,0,0,0,8,27427,44,53,0,0,0,0,0,0,0,0,0,0,0,0,0,0,0,0,0,0,0,0,0,0,313,16180,0,0,0,0
35926.134,16397,60,0,0,0,0,0,8,27639,44,53,0,0,0,0,0,0,0,0,0,0,0,0,0,0,0,0,0,0,0,0,0,0,335,17741,0,0,0,0
35942.998,16864,59,0,0,0,0,0,8,27513,44,53,0,0,0,0,0,0,0,0,0,0,0,0,0,0,0,0,0,0,0,0,0,0,316,15868,0,0,0,0
35959.400,16402,60,0,0,0,0,0,8,29214,44,53,0,0,0,0,0,0,0,0,0,0,0,0,0,0,0,0,0,0,0,0,0,0,306,16720,0,0,0,0
35975.972,16571,60,0,0,0,0,0,8,29272,44,53,0,0,0,0,0,0,0,0,0,0,0,0,0,0,0,0,0,0,0,0,0,0,364,17019,0,0,0,0
35992.903,16931,59,0,0,0,0,0,8,29165,44,53,0,0,0,0,0,0,0,0,0,0,0,0,0,0,0,0,0,0,0,0,0,0,330,15788,0,0,0,0
36009.758,16854,59,0,0,0,0,0,8,29154,44,53,0,0,0,0,0,0,0,0,0,0,0,0,0,0,0,0,0,0,0,0,0,0,339,17508,0,0,0,0
36026.391,16633,60,0,0,0,0,0,8,29330,44,53,0,0,0,0,0,0,0,0,0,0,0,0,0,0,0,0,0,0,0,0,0,0,344,17019,0,0,0,0
36043.039,16648,60,0,0,0,0,0,8,29169,44,53,0,0,0,0,0,0,0,0,0,0,0,0,0,0,0,0,0,0,0,0,0,0,292,15080,0,0,0,0
36059.466,16427,60,0,0,0,0,0,8,29122,44,53,0,0,0,0,0,0,0,0,0,0,0,0,0,0,0,0,0,0,0,0,0,0,311,17860,0,0,0,0
36076.410,16943,59,0,0,0,0,0,8,29128,44,53,0,0,0,0,0,0,0,0,0,0,0,0,0,0,0,0,0,0,0,0,0,0,327,16711,0,0,0,0
36092.955,16545,60,0,0,0,0,0,8,29146,44,53,0,0,0,0,0,0,0,0,0,0,0,0,0,0,0,0,0,0,0,0,0,0,321,16215,0,0,0,0
36109.721,16766,59,0,0,0,0,0,8,29224,44,53,0,0,0,0,0,0,0,0,0,0,0,0,0,0,0,0,0,0,0,0,0,0,337,16896,0,0,0,0
36126.330,16608,60,0,0,0,0,0,8,29232,44,53,0,0,0,0,0,0,0,0,0,0,0,0,0,0,0,0,0,0,0,0,0,0,313,16578,0,0,0,0
36143.049,16719,59,0,0,0,0,0,8,29147,44,53,0,0,0,0,0,0,0,0,0,0,0,0,0,0,0,0,0,0,0,0,0,0,303,16930,0,0,0,0
36159.284,16234,61,0,0,0,0,0,8,29062,44,53,0,0,0,0,0,0,0,0,0,0,0,0,0,0,0,0,0,0,0,0,0,0,367,16788,0,0,0,0
36176.397,17113,58,0,0,0,0,0,8,29233,44,53,0,0,0,0,0,0,0,0,0,0,0,0,0,0,0,0,0,0,0,0,0,0,313,15795,0,0,0,0
36192.932,16535,60,0,0,0,0,0,8,29319,44,53,0,0,0,0,0,0,0,0,0,0,0,0,0,0,0,0,0,0,0,0,0,0,296,17270,0,0,0,0
36209.625,16692,59,0,0,0,0,0,8,29118,44,53,0,0,0,0,0,0,0,0,0,0,0,0,0,0,0,0,0,0,0,0,0,0,343,16991,0,0,0,0
36225.976,16351,61,0,0,0,0,0,8,27434,44,53,0,0,0,0,0,0,0,0,0,0,0,0,0,0,0,0,0,0,0,0,0,0,311,16247,0,0,0,0
36242.976,16999,58,0,0,0,0,0,8,27524,44,53,0,0,0,0,0,0,0,0,0,0,0,0,0,0,0,0,0,0,0,0,0,0,307,16099,0,0,0,0
36259.485,16509,60,0,0,0,0,0,8,27513,44,53,0,0,0,0,0,0,0,0,0,0,0,0,0,0,0,0,0,0,0,0,0,0,298,17149,0,0,0,0
36276.214,16729,59,0,0,0,0,0,8,27581,44,53,0,0,0,0,0,0,0,0,0,0,0,0,0,0,0,0,0,0,0,0,0,0,312,16846,0,0,0,0
36292.855,16640,60,0,0,0,0,0,8,27516,44,53,0,0,0,0,0,0,0,0,0,0,0,0,0,0,0,0,0,0,0,0,0,0,310,16566,0,0,0,0
36309.525,16669,59,0,0,0,0,0,8,27391,44,53,0,0,0,0,0,0,0,0,0,0,0,0,0,0,0,0,0,0,0,0,0,0,316,16256,0,0,0,0
36326.529,17004,58,0,0,0,0,0,8,27664,44,53,0,0,0,0,0,0,0,0,0,0,0,0,0,0,0,0,0,0,0,0,0,0,324,16774,0,0,0,0
36342.813,16283,61,0,0,0,0,0,8,27690,44,53,0,0,0,0,0,0,0,0,0,0,0,0,0,0,0,0,0,0,0,0,0,0,312,17257,0,0,0,0
36359.387,16574,60,0,0,0,0,0,8,27543,44,53,0,0,0,0,0,0,0,0,0,0,0,0,0,0,0,0,0,0,0,0,0,0,300,16030,0,0,0,0
36375.910,16522,60,0,0,0,0,0,8,27682,44,53,0,0,0,0,0,0,0,0,0,0,0,0,0,0,0,0,0,0,0,0,0,0,325,17247,0,0,0,0
36393.046,17136,58,0,0,0,0,0,8,27847,44,53,0,0,0,0,0,0,0,0,0,0,0,0,0,0,0,0,0,0,0,0,0,0,307,16379,0,0,0,0
36409.728,16681,59,0,0,0,0,0,8,27513,44,53,0,0,0,0,0,0,0,0,0,0,0,0,0,0,0,0,0,0,0,0,0,0,315,16876,0,0,0,0
36426.391,16663,60,0,0,0,0,0,8,27620,44,53,0,0,0,0,0,0,0,0,0,0,0,0,0,0,0,0,0,0,0,0,0,0,305,16860,0,0,0,0
36442.963,16571,60,0,0,0,0,0,8,27589,44,53,0,0,0,0,0,0,0,0,0,0,0,0,0,0,0,0,0,0,0,0,0,0,309,15445,0,0,0,0
36459.384,16421,60,0,0,0,0,0,8,27615,44,53,0,0,0,0,0,0,0,0,0,0,0,0,0,0,0,0,0,0,0,0,0,0,313,17405,0,0,0,0
36476.311,16926,59,0,0,0,0,0,8,27556,44,53,0,0,0,0,0,0,0,0,0,0,0,0,0,0,0,0,0,0,0,0,0,0,329,16902,0,0,0,0
36492.910,16599,60,0,0,0,0,0,8,27606,44,53,0,0,0,0,0,0,0,0,0,0,0,0,0,0,0,0,0,0,0,0,0,0,303,16542,0,0,0,0
36509.675,16765,59,0,0,0,0,0,8,27534,44,53,0,0,0,0,0,0,0,0,0,0,0,0,0,0,0,0,0,0,0,0,0,0,317,16936,0,0,0,0
36526.043,16357,61,0,0,0,0,0,8,27623,44,53,0,0,0,0,0,0,0,0,0,0,0,0,0,0,0,0,0,0,0,0,0,0,336,16319,0,0,0,0
36542.965,16932,59,0,0,0,0,0,8,27581,44,53,0,0,0,0,0,0,0,0,0,0,0,0,0,0,0,0,0,0,0,0,0,0,298,16421,0,0,0,0
36560.391,17425,57,0,0,0,0,0,8,27493,44,53,0,0,0,0,0,0,0,0,0,0,0,0,0,0,0,0,0,0,0,0,0,0,296,16959,0,0,0,0
36576.170,15779,63,0,0,0,0,0,8,27634,44,53,0,0,0,0,0,0,0,0,0,0,0,0,0,0,0,0,0,0,0,0,0,0,312,17398,0,0,0,0
36592.964,16793,59,0,0,0,0,0,8,27594,44,53,0,0,0,0,0,0,0,0,0,0,0,0,0,0,0,0,0,0,0,0,0,0,348,15681,0,0,0,0
36609.310,16346,61,0,0,0,0,0,8,27494,44,53,0,0,0,0,0,0,0,0,0,0,0,0,0,0,0,0,0,0,0,0,0,0,309,16760,0,0,0,0
36625.892,16581,60,0,0,0,0,0,8,27541,44,53,0,0,0,0,0,0,0,0,0,0,0,0,0,0,0,0,0,0,0,0,0,0,307,16419,0,0,0,0
36642.963,17071,58,0,0,0,0,0,8,27034,44,53,0,0,0,0,0,0,0,0,0,0,0,0,0,0,0,0,0,0,0,0,0,0,319,16802,0,0,0,0
36659.522,16558,60,0,0,0,0,0,8,27047,44,53,0,0,0,0,0,0,0,0,0,0,0,0,0,0,0,0,0,0,0,0,0,0,312,16483,0,0,0,0
36676.186,16663,60,0,0,0,0,0,8,26964,44,53,0,0,0,0,0,0,0,0,0,0,0,0,0,0,0,0,0,0,0,0,0,0,308,17264,0,0,0,0
36692.889,16703,59,0,0,0,0,0,8,26999,44,53,0,0,0,0,0,0,0,0,0,0,0,0,0,0,0,0,0,0,0,0,0,0,307,16424,0,0,0,0
36709.514,16625,60,0,0,0,0,0,8,26799,44,53,0,0,0,0,0,0,0,0,0,0,0,0,0,0,0,0,0,0,0,0,0,0,350,16971,0,0,0,0
36726.385,16870,59,0,0,0,0,0,8,26955,44,53,0,0,0,0,0,0,0,0,0,0,0,0,0,0,0,0,0,0,0,0,0,0,305,16415,0,0,0,0
36742.918,16532,60,0,0,0,0,0,8,26983,44,53,0,0,0,0,0,0,0,0,0,0,0,0,0,0,0,0,0,0,0,0,0,0,325,16199,0,0,0,0
36760.380,17462,57,0,0,0,0,0,8,27044,44,53,0,0,0,0,0,0,0,0,0,0,0,0,0,0,0,0,0,0,0,0,0,0,319,17596,0,0,0,0
36776.219,15838,63,0,0,0,0,0,8,28785,44,53,0,0,0,0,0,0,0,0,0,0,0,0,0,0,0,0,0,0,0,0,0,0,297,17369,0,0,0,0
36793.039,16820,59,0,0,0,0,0,8,28679,44,53,0,0,0,0,0,0,0,0,0,0,0,0,0,0,0,0,0,0,0,0,0,0,313,15305,0,0,0,0
36809.916,16876,59,0,0,0,0,0,8,28710,44,53,0,0,0,0,0,0,0,0,0,0,0,0,0,0,0,0,0,0,0,0,0,0,318,17433,0,0,0,0
36826.044,16128,62,0,0,0,0,0,8,28791,44,53,0,0,0,0,0,0,0,0,0,0,0,0,0,0,0,0,0,0,0,0,0,0,338,16145,0,0,0,0
36843.005,16961,58,0,0,0,0,0,8,28661,44,53,0,0,0,0,0,0,0,0,0,0,0,0,0,0,0,0,0,0,0,0,0,0,337,16727,0,0,0,0
36859.274,16268,61,0,0,0,0,0,8,28699,44,53,0,0,0,0,0,0,0,0,0,0,0,0,0,0,0,0,0,0,0,0,0,0,306,16539,0,0,0,0
36876.282,17008,58,0,0,0,0,0,8,28709,44,53,0,0,0,0,0,0,0,0,0,0,0,0,0,0,0,0,0,0,0,0,0,0,314,16466,0,0,0,0
36892.796,16514,60,0,0,0,0,0,8,28781,44,53,0,0,0,0,0,0,0,0,0,0,0,0,0,0,0,0,0,0,0,0,0,0,328,17279,0,0,0,0
36909.517,16720,59,0,0,0,0,0,8,28652,44,53,0,0,0,0,0,0,0,0,0,0,0,0,0,0,0,0,0,0,0,0,0,0,311,15893,0,0,0,0
36926.379,16862,59,0,0,0,0,0,8,28789,44,53,0,0,0,0,0,0,0,0,0,0,0,0,0,0,0,0,0,0,0,0,0,0,311,17325,0,0,0,0
36942.607,16227,61,0,0,0,0,0,8,28643,44,53,0,0,0,0,0,0,0,0,0,0,0,0,0,0,0,0,0,0,0,0,0,0,336,15670,0,0,0,0
36959.515,16908,59,0,0,0,0,0,8,28870,44,53,0,0,0,0,0,0,0,0,0,0,0,0,0,0,0,0,0,0,0,0,0,0,333,16812,0,0,0,0
36976.166,16651,60,0,0,0,0,0,8,28798,44,53,0,0,0,0,0,0,0,0,0,0,0,0,0,0,0,0,0,0,0,0,0,0,327,17420,0,0,0,0
36992.967,16801,59,0,0,0,0,0,8,28671,44,53,0,0,0,0,0,0,0,0,0,0,0,0,0,0,0,0,0,0,0,0,0,0,293,16465,0,0,0,0
37009.269,16301,61,0,0,0,0,0,8,28582,44,53,0,0,0,0,0,0,0,0,0,0,0,0,0,0,0,0,0,0,0,0,0,0,290,16518,0,0,0,0
37026.106,16836,59,0,0,0,0,0,8,28655,44,53,0,0,0,0,0,0,0,0,0,0,0,0,0,0,0,0,0,0,0,0,0,0,306,16413,0,0,0,0
37043.075,16969,58,0,0,0,0,0,8,26956,44,53,0,0,0,0,0,0,0,0,0,0,0,0,0,0,0,0,0,0,0,0,0,0,304,16978,0,0,0,0
37059.515,16439,60,0,0,0,0,0,8,26869,44,53,0,0,0,0,0,0,0,0,0,0,0,0,0,0,0,0,0,0,0,0,0,0,313,16652,0,0,0,0
37076.583,17068,58,0,0,0,0,0,8,26943,44,53,0,0,0,0,0,0,0,0,0,0,0,0,0,0,0,0,0,0,0,0,0,0,338,17108,0,0,0,0
37092.792,16208,61,0,0,0,0,0,8,26939,44,53,0,0,0,0,0,0,0,0,0,0,0,0,0,0,0,0,0,0,0,0,0,0,308,16370,0,0,0,0
37110.397,17605,56,0,0,0,0,0,8,26797,44,53,0,0,0,0,0,0,0,0,0,0,0,0,0,0,0,0,0,0,0,0,0,0,306,16394,0,0,0,0
37126.426,16028,62,0,0,0,0,0,8,28861,44,53,0,0,0,0,0,0,0,0,0,0,0,0,0,0,0,0,0,0,0,0,0,0,333,17791,0,0,0,0
37142.973,16547,60,0,0,0,0,0,8,28720,44,53,0,0,0,0,0,0,0,0,0,0,0,0,0,0,0,0,0,0,0,0,0,0,291,14771,0,0,0,0
37159.258,16285,61,0,0,0,0,0,8,28679,44,53,0,0,0,0,0,0,0,0,0,0,0,0,0,0,0,0,0,0,0,0,0,0,297,17623,0,0,0,0
37176.382,17124,58,0,0,0,0,0,8,28829,44,53,0,0,0,0,0,0,0,0,0,0,0,0,0,0,0,0,0,0,0,0,0,0,304,16562,0,0,0,0
37192.947,16565,60,0,0,0,0,0,8,28644,44,53,0,0,0,0,0,0,0,0,0,0,0,0,0,0,0,0,0,0,0,0,0,0,325,15891,0,0,0,0
37209.018,16070,62,0,0,0,0,0,8,28699,44,53,0,0,0,0,0,0,0,0,0,0,0,0,0,0,0,0,0,0,0,0,0,0,307,17461,0,0,0,0
37226.378,17359,57,0,0,0,0,0,8,28905,44,53,0,0,0,0,0,0,0,0,0,0,0,0,0,0,0,0,0,0,0,0,0,0,333,16441,0,0,0,0
37242.565,16186,61,0,0,0,0,0,8,28792,44,53,0,0,0,0,0,0,0,0,0,0,0,0,0,0,0,0,0,0,0,0,0,0,298,17143,0,0,0,0
37259.650,17085,58,0,0,0,0,0,8,28518,44,53,0,0,0,0,0,0,0,0,0,0,0,0,0,0,0,0,0,0,0,0,0,0,303,15965,0,0,0,0
37276.377,16726,59,0,0,0,0,0,8,28693,44,53,0,0,0,0,0,0,0,0,0,0,0,0,0,0,0,0,0,0,0,0,0,0,309,17595,0,0,0,0
37292.824,16447,60,0,0,0,0,0,8,28651,44,53,0,0,0,0,0,0,0,0,0,0,0,0,0,0,0,0,0,0,0,0,0,0,334,15455,0,0,0,0
37309.664,16840,59,0,0,0,0,0,8,28659,44,53,0,0,0,0,0,0,0,0,0,0,0,0,0,0,0,0,0,0,0,0,0,0,317,17335,0,0,0,0
37326.418,16753,59,0,0,0,0,0,8,28703,44,53,0,0,0,0,0,0,0,0,0,0,0,0,0,0,0,0,0,0,0,0,0,0,342,16863,0,0,0,0
37343.384,16966,58,0,0,0,0,0,8,28585,44,53,0,0,0,0,0,0,0,0,0,0,0,0,0,0,0,0,0,0,0,0,0,0,293,16739,0,0,0,0
37359.302,15917,62,0,0,0,0,0,8,28573,44,53,0,0,0,0,0,0,0,0,0,0,0,0,0,0,0,0,0,0,0,0,0,0,329,17069,0,0,0,0
37376.529,17226,58,0,0,0,0,0,8,28652,44,53,0,0,0,0,0,0,0,0,0,0,0,0,0,0,0,0,0,0,0,0,0,0,326,15898,0,0,0,0
37392.946,16417,60,0,0,0,0,0,8,28748,44,53,0,0,0,0,0,0,0,0,0,0,0,0,0,0,0,0,0,0,0,0,0,0,303,17412,0,0,0,0
37409.460,16513,60,0,0,0,0,0,8,28592,44,53,0,0,0,0,0,0,0,0,0,0,0,0,0,0,0,0,0,0,0,0,0,0,300,16113,0,0,0,0
37426.912,17452,57,0,0,0,0,0,8,28591,44,53,0,0,0,0,0,0,0,0,0,0,0,0,0,0,0,0,0,0,0,0,0,0,311,16492,0,0,0,0
37443.018,16105,62,0,0,0,0,0,8,28738,44,53,0,0,0,0,0,0,0,0,0,0,0,0,0,0,0,0,0,0,0,0,0,0,313,17418,0,0,0,0
37458.894,15875,62,0,0,0,0,0,8,28670,44,53,0,0,0,0,0,0,0,0,0,0,0,0,0,0,0,0,0,0,0,0,0,0,320,16612,0,0,0,0
37475.941,17047,58,0,0,0,0,0,8,28655,44,53,0,0,0,0,0,0,0,0,0,0,0,0,0,0,0,0,0,0,0,0,0,0,279,15503,0,0,0,0
37493.018,17077,58,0,0,0,0,0,8,28952,44,53,0,0,0,0,0,0,0,0,0,0,0,0,0,0,0,0,0,0,0,0,0,0,315,17052,0,0,0,0
37510.385,17367,57,0,0,0,0,0,8,28561,44,53,0,0,0,0,0,0,0,0,0,0,0,0,0,0,0,0,0,0,0,0,0,0,321,17476,0,0,0,0
37526.202,15816,63,0,0,0,0,0,8,28738,44,53,0,0,0,0,0,0,0,0,0,0,0,0,0,0,0,0,0,0,0,0,0,0,334,17124,0,0,0,0
37542.639,16437,60,0,0,0,0,0,8,28612,44,53,0,0,0,0,0,0,0,0,0,0,0,0,0,0,0,0,0,0,0,0,0,0,288,15330,0,0,0,0
37560.390,17751,56,0,0,0,0,0,8,28696,44,53,0,0,0,0,0,0,0,0,0,0,0,0,0,0,0,0,0,0,0,0,0,0,324,17256,0,0,0,0
37576.472,16081,62,0,0,0,0,0,8,28749,44,53,0,0,0,0,0,0,0,0,0,0,0,0,0,0,0,0,0,0,0,0,0,0,330,17299,0,0,0,0
37592.897,16424,60,0,0,0,0,0,8,28503,44,53,0,0,0,0,0,0,0,0,0,0,0,0,0,0,0,0,0,0,0,0,0,0,320,15964,0,0,0,0
37609.601,16704,59,0,0,0,0,0,8,28627,44,53,0,0,0,0,0,0,0,0,0,0,0,0,0,0,0,0,0,0,0,0,0,0,299,16743,0,0,0,0
37625.982,16381,61,0,0,0,0,0,8,28643,44,53,0,0,0,0,0,0,0,0,0,0,0,0,0,0,0,0,0,0,0,0,0,0,340,16634,0,0,0,0
37642.731,16748,59,0,0,0,0,0,8,28647,44,53,0,0,0,0,0,0,0,0,0,0,0,0,0,0,0,0,0,0,0,0,0,0,308,16110,0,0,0,0
37660.388,17657,56,0,0,0,0,0,8,28622,44,53,0,0,0,0,0,0,0,0,0,0,0,0,0,0,0,0,0,0,0,0,0,0,323,16991,0,0,0,0
37676.536,16148,61,0,0,0,0,0,8,26974,44,53,0,0,0,0,0,0,0,0,0,0,0,0,0,0,0,0,0,0,0,0,0,0,323,17571,0,0,0,0
37692.938,16401,60,0,0,0,0,0,8,26916,44,53,0,0,0,0,0,0,0,0,0,0,0,0,0,0,0,0,0,0,0,0,0,0,307,16108,0,0,0,0
37709.492,16553,60,0,0,0,0,0,8,26789,44,53,0,0,0,0,0,0,0,0,0,0,0,0,0,0,0,0,0,0,0,0,0,0,317,16365,0,0,0,0
37725.908,16416,60,0,0,0,0,0,8,26921,44,53,0,0,0,0,0,0,0,0,0,0,0,0,0,0,0,0,0,0,0,0,0,0,315,16547,0,0,0,0
37742.659,16751,59,0,0,0,0,0,8,26800,44,53,0,0,0,0,0,0,0,0,0,0,0,0,0,0,0,0,0,0,0,0,0,0,298,16232,0,0,0,0
37759.510,16850,59,0,0,0,0,0,8,26829,44,53,0,0,0,0,0,0,0,0,0,0,0,0,0,0,0,0,0,0,0,0,0,0,316,17016,0,0,0,0
37775.895,16384,61,0,0,0,0,0,8,27042,44,53,0,0,0,0,0,0,0,0,0,0,0,0,0,0,0,0,0,0,0,0,0,0,330,16971,0,0,0,0
37793.371,17476,57,0,0,0,0,0,8,26777,44,53,0,0,0,0,0,0,0,0,0,0,0,0,0,0,0,0,0,0,0,0,0,0,317,16282,0,0,0,0
37809.164,15792,63,0,0,0,0,0,8,26880,44,53,0,0,0,0,0,0,0,0,0,0,0,0,0,0,0,0,0,0,0,0,0,0,319,18419,0,0,0,0
37826.382,17218,58,0,0,0,0,0,8,26804,44,53,0,0,0,0,0,0,0,0,0,0,0,0,0,0,0,0,0,0,0,0,0,0,306,14588,0,0,0,0
37842.899,16516,60,0,0,0,0,0,8,26848,44,53,0,0,0,0,0,0,0,0,0,0,0,0,0,0,0,0,0,0,0,0,0,0,321,16380,0,0,0,0
37860.383,17484,57,0,0,0,0,0,8,26843,44,53,0,0,0,0,0,0,0,0,0,0,0,0,0,0,0,0,0,0,0,0,0,0,330,18229,0,0,0,0
37876.368,15985,62,0,0,0,0,0,8,26931,44,53,0,0,0,0,0,0,0,0,0,0,0,0,0,0,0,0,0,0,0,0,0,0,331,16740,0,0,0,0
37892.549,16180,61,0,0,0,0,0,8,26772,44,53,0,0,0,0,0,0,0,0,0,0,0,0,0,0,0,0,0,0,0,0,0,0,368,16148,0,0,0,0
37909.291,16742,59,0,0,0,0,0,8,26807,44,53,0,0,0,0,0,0,0,0,0,0,0,0,0,0,0,0,0,0,0,0,0,0,354,16334,0,0,0,0
37926.013,16722,59,0,0,0,0,0,8,26847,44,53,0,0,0,0,0,0,0,0,0,0,0,0,0,0,0,0,0,0,0,0,0,0,331,16272,0,0,0,0
37943.373,17359,57,0,0,0,0,0,8,27062,44,53,0,0,0,0,0,0,0,0,0,0,0,0,0,0,0,0,0,0,0,0,0,0,337,17267,0,0,0,0
37959.670,16297,61,0,0,0,0,0,8,27123,44,53,0,0,0,0,0,0,0,0,0,0,0,0,0,0,0,0,0,0,0,0,0,0,320,16935,0,0,0,0
37976.373,16702,59,0,0,0,0,0,8,25881,44,53,0,0,0,0,0,0,0,0,0,0,0,0,0,0,0,0,0,0,0,0,0,0,317,16100,0,0,0,0
37992.223,15850,63,0,0,0,0,0,8,25408,44,53,0,0,0,0,0,0,0,0,0,0,0,0,0,0,0,0,0,0,0,0,0,0,351,17267,0,0,0,0
38009.299,17075,58,0,0,0,0,0,8,25647,44,53,0,0,0,0,0,0,0,0,0,0,0,0,0,0,0,0,0,0,0,0,0,0,315,15571,0,0,0,0
38026.370,17071,58,0,0,0,0,0,8,25604,44,53,0,0,0,0,0,0,0,0,0,0,0,0,0,0,0,0,0,0,0,0,0,0,306,16952,0,0,0,0
38043.034,16664,60,0,0,0,0,0,8,25792,44,53,0,0,0,0,0,0,0,0,0,0,0,0,0,0,0,0,0,0,0,0,0,0,333,16040,0,0,0,0
38059.509,16474,60,0,0,0,0,0,8,24857,44,53,0,0,0,0,0,0,0,0,0,0,0,0,0,0,0,0,0,0,0,0,0,0,313,17804,0,0,0,0
38076.371,16862,59,0,0,0,0,0,8,25828,44,53,0,0,0,0,0,0,0,0,0,0,0,0,0,0,0,0,0,0,0,0,0,0,304,16951,0,0,0,0
38092.938,16566,60,0,0,0,0,0,8,24767,44,53,0,0,0,0,0,0,0,0,0,0,0,0,0,0,0,0,0,0,0,0,0,0,316,15162,0,0,0,0
38109.370,16432,60,0,0,0,0,0,8,24589,44,53,0,0,0,0,0,0,0,0,0,0,0,0,0,0,0,0,0,0,0,0,0,0,356,17796,0,0,0,0
38126.235,16864,59,0,0,0,0,0,8,24647,44,53,0,0,0,0,0,0,0,0,0,0,0,0,0,0,0,0,0,0,0,0,0,0,302,16361,0,0,0,0
38142.877,16642,60,0,0,0,0,0,8,24543,44,53,0,0,0,0,0,0,0,0,0,0,0,0,0,0,0,0,0,0,0,0,0,0,303,16517,0,0,0,0
38159.379,16502,60,0,0,0,0,0,8,24475,44,53,0,0,0,0,0,0,0,0,0,0,0,0,0,0,0,0,0,0,0,0,0,0,339,17071,0,0,0,0
38176.066,16686,59,0,0,0,0,0,8,22622,44,53,0,0,0,0,0,0,0,0,0,0,0,0,0,0,0,0,0,0,0,0,0,0,342,16296,0,0,0,0
38192.954,16888,59,0,0,0,0,0,8,22596,44,53,0,0,0,0,0,0,0,0,0,0,0,0,0,0,0,0,0,0,0,0,0,0,321,16214,0,0,0,0
38209.901,16947,59,0,0,0,0,0,8,21875,44,53,0,0,0,0,0,0,0,0,0,0,0,0,0,0,0,0,0,0,0,0,0,0,296,17072,0,0,0,0
38226.372,16470,60,0,0,0,0,0,8,21810,44,53,0,0,0,0,0,0,0,0,0,0,0,0,0,0,0,0,0,0,0,0,0,0,334,16571,0,0,0,0
38243.049,16677,59,0,0,0,0,0,8,21867,44,53,0,0,0,0,0,0,0,0,0,0,0,0,0,0,0,0,0,0,0,0,0,0,341,15744,0,0,0,0
38259.502,16453,60,0,0,0,0,0,8,21837,44,53,0,0,0,0,0,0,0,0,0,0,0,0,0,0,0,0,0,0,0,0,0,0,312,17750,0,0,0,0
38276.112,16609,60,0,0,0,0,0,8,21906,44,53,0,0,0,0,0,0,0,0,0,0,0,0,0,0,0,0,0,0,0,0,0,0,300,16537,0,0,0,0
38292.764,16652,60,0,0,0,0,0,8,21849,44,53,0,0,0,0,0,0,0,0,0,0,0,0,0,0,0,0,0,0,0,0,0,0,316,16471,0,0,0,0
38309.200,16435,60,0,0,0,0,0,8,21788,44,53,0,0,0,0,0,0,0,0,0,0,0,0,0,0,0,0,0,0,0,0,0,0,337,16734,0,0,0,0
38326.063,16864,59,0,0,0,0,0,8,22028,44,53,0,0,0,0,0,0,0,0,0,0,0,0,0,0,0,0,0,0,0,0,0,0,309,16293,0,0,0,0
38342.875,16811,59,0,0,0,0,0,8,21875,44,53,0,0,0,0,0,0,0,0,0,0,0,0,0,0,0,0,0,0,0,0,0,0,324,17026,0,0,0,0
38360.370,17494,57,0,0,0,0,0,8,21730,44,53,0,0,0,0,0,0,0,0,0,0,0,0,0,0,0,0,0,0,0,0,0,0,309,16618,0,0,0,0
38376.505,16135,61,0,0,0,0,0,8,21938,44,53,0,0,0,0,0,0,0,0,0,0,0,0,0,0,0,0,0,0,0,0,0,0,325,17630,0,0,0,0
38392.844,16338,61,0,0,0,0,0,8,21727,44,53,0,0,0,0,0,0,0,0,0,0,0,0,0,0,0,0,0,0,0,0,0,0,307,15958,0,0,0,0
38409.661,16817,59,0,0,0,0,0,8,21593,44,53,0,0,0,0,0,0,0,0,0,0,0,0,0,0,0,0,0,0,0,0,0,0,337,16117,0,0,0,0
38426.365,16704,59,0,0,0,0,0,8,21735,44,53,0,0,0,0,0,0,0,0,0,0,0,0,0,0,0,0,0,0,0,0,0,0,340,16884,0,0,0,0
38442.803,16438,60,0,0,0,0,0,8,23381,44,53,0,0,0,0,0,0,0,0,0,0,0,0,0,0,0,0,0,0,0,0,0,0,326,15934,0,0,0,0
38459.501,16697,59,0,0,0,0,0,8,23432,44,53,0,0,0,0,0,0,0,0,0,0,0,0,0,0,0,0,0,0,0,0,0,0,323,17229,0,0,0,0
38476.116,16614,60,0,0,0,0,0,8,23492,44,53,0,0,0,0,0,0,0,0,0,0,0,0,0,0,0,0,0,0,0,0,0,0,302,16990,0,0,0,0
38492.952,16836,59,0,0,0,0,0,8,24438,44,53,0,0,0,0,0,0,0,0,0,0,0,0,0,0,0,0,0,0,0,0,0,0,312,16837,0,0,0,0
38509.582,16630,60,0,0,0,0,0,8,23959,44,53,0,0,0,0,0,0,0,0,0,0,0,0,0,0,0,0,0,0,0,0,0,0,326,16461,0,0,0,0
38526.170,16587,60,0,0,0,0,0,8,24038,44,53,0,0,0,0,0,0,0,0,0,0,0,0,0,0,0,0,0,0,0,0,0,0,358,16646,0,0,0,0
38542.467,16297,61,0,0,0,0,0,8,23844,44,53,0,0,0,0,0,0,0,0,0,0,0,0,0,0,0,0,0,0,0,0,0,0,308,16434,0,0,0,0
38560.383,17915,55,0,0,0,0,0,8,23857,44,53,0,0,0,0,0,0,0,0,0,0,0,0,0,0,0,0,0,0,0,0,0,0,329,16810,0,0,0,0
38576.090,15707,63,0,0,0,0,0,8,23804,44,53,0,0,0,0,0,0,0,0,0,0,0,0,0,0,0,0,0,0,0,0,0,0,338,17719,0,0,0,0
38592.930,16839,59,0,0,0,0,0,8,24494,44,53,0,0,0,0,0,0,0,0,0,0,0,0,0,0,0,0,0,0,0,0,0,0,311,15680,0,0,0,0
38609.527,16596,60,0,0,0,0,0,8,25786,44,53,0,0,0,0,0,0,0,0,0,0,0,0,0,0,0,0,0,0,0,0,0,0,310,17223,0,0,0,0
38626.367,16840,59,0,0,0,0,0,8,25503,44,53,0,0,0,0,0,0,0,0,0,0,0,0,0,0,0,0,0,0,0,0,0,0,332,16207,0,0,0,0
38642.829,16462,60,0,0,0,0,0,8,25567,44,53,0,0,0,0,0,0,0,0,0,0,0,0,0,0,0,0,0,0,0,0,0,0,303,15925,0,0,0,0
38659.905,17075,58,0,0,0,0,0,8,25598,44,53,0,0,0,0,0,0,0,0,0,0,0,0,0,0,0,0,0,0,0,0,0,0,315,17470,0,0,0,0
38675.979,16074,62,0,0,0,0,0,8,25716,44,53,0,0,0,0,0,0,0,0,0,0,0,0,0,0,0,0,0,0,0,0,0,0,329,17144,0,0,0,0
38692.796,16816,59,0,0,0,0,0,8,25638,44,53,0,0,0,0,0,0,0,0,0,0,0,0,0,0,0,0,0,0,0,0,0,0,305,16202,0,0,0,0
38709.499,16702,59,0,0,0,0,0,8,26274,44,53,0,0,0,0,0,0,0,0,0,0,0,0,0,0,0,0,0,0,0,0,0,0,307,16715,0,0,0,0
38726.389,16889,59,0,0,0,0,0,8,25832,44,53,0,0,0,0,0,0,0,0,0,0,0,0,0,0,0,0,0,0,0,0,0,0,330,16927,0,0,0,0
38742.443,16054,62,0,0,0,0,0,8,25606,44,53,0,0,0,0,0,0,0,0,0,0,0,0,0,0,0,0,0,0,0,0,0,0,317,16288,0,0,0,0
38759.003,16560,60,0,0,0,0,0,8,26385,44,53,0,0,0,0,0,0,0,0,0,0,0,0,0,0,0,0,0,0,0,0,0,0,323,16857,0,0,0,0
38776.210,17206,58,0,0,0,0,0,8,26494,44,53,0,0,0,0,0,0,0,0,0,0,0,0,0,0,0,0,0,0,0,0,0,0,311,16479,0,0,0,0
38792.804,16594,60,0,0,0,0,0,8,27215,44,53,0,0,0,0,0,0,0,0,0,0,0,0,0,0,0,0,0,0,0,0,0,0,324,17441,0,0,0,0
38809.500,16695,59,0,0,0,0,0,8,27114,44,53,0,0,0,0,0,0,0,0,0,0,0,0,0,0,0,0,0,0,0,0,0,0,319,15990,0,0,0,0
38826.154,16653,60,0,0,0,0,0,8,27291,44,53,0,0,0,0,0,0,0,0,0,0,0,0,0,0,0,0,0,0,0,0,0,0,306,17213,0,0,0,0
38842.888,16734,59,0,0,0,0,0,8,27158,44,53,0,0,0,0,0,0,0,0,0,0,0,0,0,0,0,0,0,0,0,0,0,0,315,16512,0,0,0,0
38859.219,16331,61,0,0,0,0,0,8,27150,44,53,0,0,0,0,0,0,0,0,0,0,0,0,0,0,0,0,0,0,0,0,0,0,310,16905,0,0,0,0
38876.379,17159,58,0,0,0,0,0,8,27330,44,53,0,0,0,0,0,0,0,0,0,0,0,0,0,0,0,0,0,0,0,0,0,0,297,16059,0,0,0,0
38892.977,16597,60,0,0,0,0,0,8,29216,44,53,0,0,0,0,0,0,0,0,0,0,0,0,0,0,0,0,0,0,0,0,0,0,309,17426,0,0,0,0
38909.681,16704,59,0,0,0,0,0,8,27327,44,53,0,0,0,0,0,0,0,0,0,0,0,0,0,0,0,0,0,0,0,0,0,0,316,16840,0,0,0,0
38926.157,16475,60,0,0,0,0,0,8,27490,44,53,0,0,0,0,0,0,0,0,0,0,0,0,0,0,0,0,0,0,0,0,0,0,370,17075,0,0,0,0
38942.891,16733,59,0,0,0,0,0,8,27400,44,53,0,0,0,0,0,0,0,0,0,0,0,0,0,0,0,0,0,0,0,0,0,0,310,15917,0,0,0,0
38959.890,16999,58,0,0,0,0,0,8,27301,44,53,0,0,0,0,0,0,0,0,0,0,0,0,0,0,0,0,0,0,0,0,0,0,316,16511,0,0,0,0
38976.361,16471,60,0,0,0,0,0,8,27336,44,53,0,0,0,0,0,0,0,0,0,0,0,0,0,0,0,0,0,0,0,0,0,0,318,16858,0,0,0,0
38992.785,16423,60,0,0,0,0,0,8,27308,44,53,0,0,0,0,0,0,0,0,0,0,0,0,0,0,0,0,0,0,0,0,0,0,330,15734,0,0,0,0
39009.261,16475,60,0,0,0,0,0,8,27422,44,53,0,0,0,0,0,0,0,0,0,0,0,0,0,0,0,0,0,0,0,0,0,0,332,17266,0,0,0,0
39026.157,16895,59,0,0,0,0,0,8,27149,44,53,0,0,0,0,0,0,0,0,0,0,0,0,0,0,0,0,0,0,0,0,0,0,325,16446,0,0,0,0
39042.982,16824,59,0,0,0,0,0,8,27218,44,53,0,0,0,0,0,0,0,0,0,0,0,0,0,0,0,0,0,0,0,0,0,0,323,17161,0,0,0,0
39059.659,16677,59,0,0,0,0,0,8,27046,44,53,0,0,0,0,0,0,0,0,0,0,0,0,0,0,0,0,0,0,0,0,0,0,294,16559,0,0,0,0
39076.336,16677,59,0,0,0,0,0,8,27280,44,53,0,0,0,0,0,0,0,0,0,0,0,0,0,0,0,0,0,0,0,0,0,0,336,17314,0,0,0,0
39092.621,16284,61,0,0,0,0,0,8,27211,44,53,0,0,0,0,0,0,0,0,0,0,0,0,0,0,0,0,0,0,0,0,0,0,287,16016,0,0,0,0
39109.653,17032,58,0,0,0,0,0,8,26994,44,53,0,0,0,0,0,0,0,0,0,0,0,0,0,0,0,0,0,0,0,0,0,0,313,16222,0,0,0,0
39126.499,16846,59,0,0,0,0,0,8,27322,44,53,0,0,0,0,0,0,0,0,0,0,0,0,0,0,0,0,0,0,0,0,0,0,318,16999,0,0,0,0
39142.706,16206,61,0,0,0,0,0,8,27476,44,53,0,0,0,0,0,0,0,0,0,0,0,0,0,0,0,0,0,0,0,0,0,0,326,17150,0,0,0,0
39159.426,16719,59,0,0,0,0,0,8,27081,44,53,0,0,0,0,0,0,0,0,0,0,0,0,0,0,0,0,0,0,0,0,0,0,320,16256,0,0,0,0
39176.005,16579,60,0,0,0,0,0,8,27223,44,53,0,0,0,0,0,0,0,0,0,0,0,0,0,0,0,0,0,0,0,0,0,0,304,16283,0,0,0,0
39192.802,16796,59,0,0,0,0,0,8,27152,44,53,0,0,0,0,0,0,0,0,0,0,0,0,0,0,0,0,0,0,0,0,0,0,318,16622,0,0,0,0
39209.363,16561,60,0,0,0,0,0,8,27109,44,53,0,0,0,0,0,0,0,0,0,0,0,0,0,0,0,0,0,0,0,0,0,0,327,16877,0,0,0,0
39226.044,16680,59,0,0,0,0,0,8,29039,44,53,0,0,0,0,0,0,0,0,0,0,0,0,0,0,0,0,0,0,0,0,0,0,328,17204,0,0,0,0
39242.843,16799,59,0,0,0,0,0,8,28935,44,53,0,0,0,0,0,0,0,0,0,0,0,0,0,0,0,0,0,0,0,0,0,0,316,16022,0,0,0,0
39259.627,16783,59,0,0,0,0,0,8,28805,44,53,0,0,0,0,0,0,0,0,0,0,0,0,0,0,0,0,0,0,0,0,0,0,314,16904,0,0,0,0
39276.041,16413,60,0,0,0,0,0,8,28924,44,53,0,0,0,0,0,0,0,0,0,0,0,0,0,0,0,0,0,0,0,0,0,0,312,16732,0,0,0,0
39292.885,16844,59,0,0,0,0,0,8,28936,44,53,0,0,0,0,0,0,0,0,0,0,0,0,0,0,0,0,0,0,0,0,0,0,322,16375,0,0,0,0
39309.003,16117,62,0,0,0,0,0,8,29087,44,53,0,0,0,0,0,0,0,0,0,0,0,0,0,0,0,0,0,0,0,0,0,0,353,17471,0,0,0,0
39325.978,16975,58,0,0,0,0,0,8,29045,44,53,0,0,0,0,0,0,0,0,0,0,0,0,0,0,0,0,0,0,0,0,0,0,320,16033,0,0,0,0
39342.363,16385,61,0,0,0,0,0,8,28959,44,53,0,0,0,0,0,0,0,0,0,0,0,0,0,0,0,0,0,0,0,0,0,0,303,16666,0,0,0,0
39359.585,17222,58,0,0,0,0,0,8,28915,44,53,0,0,0,0,0,0,0,0,0,0,0,0,0,0,0,0,0,0,0,0,0,0,327,15395,0,0,0,0
39376.022,16436,60,0,0,0,0,0,8,29114,44,53,0,0,0,0,0,0,0,0,0,0,0,0,0,0,0,0,0,0,0,0,0,0,322,18512,0,0,0,0
39392.781,16759,59,0,0,0,0,0,8,29087,44,53,0,0,0,0,0,0,0,0,0,0,0,0,0,0,0,0,0,0,0,0,0,0,304,15655,0,0,0,0
39409.499,16717,59,0,0,0,0,0,8,28884,44,53,0,0,0,0,0,0,0,0,0,0,0,0,0,0,0,0,0,0,0,0,0,0,305,17017,0,0,0,0
39426.427,16928,59,0,0,0,0,0,8,29169,44,53,0,0,0,0,0,0,0,0,0,0,0,0,0,0,0,0,0,0,0,0,0,0,308,16930,0,0,0,0
39442.866,16438,60,0,0,0,0,0,8,28999,44,53,0,0,0,0,0,0,0,0,0,0,0,0,0,0,0,0,0,0,0,0,0,0,324,17034,0,0,0,0
39459.490,16624,60,0,0,0,0,0,8,28930,44,53,0,0,0,0,0,0,0,0,0,0,0,0,0,0,0,0,0,0,0,0,0,0,315,16270,0,0,0,0
39476.359,16868,59,0,0,0,0,0,8,29042,44,53,0,0,0,0,0,0,0,0,0,0,0,0,0,0,0,0,0,0,0,0,0,0,315,16776,0,0,0,0
39492.915,16556,60,0,0,0,0,0,8,27311,44,53,0,0,0,0,0,0,0,0,0,0,0,0,0,0,0,0,0,0,0,0,0,0,312,16875,0,0,0,0
39509.025,16109,62,0,0,0,0,0,8,27139,44,53,0,0,0,0,0,0,0,0,0,0,0,0,0,0,0,0,0,0,0,0,0,0,342,16260,0,0,0,0
39526.145,17120,58,0,0,0,0,0,8,27330,44,53,0,0,0,0,0,0,0,0,0,0,0,0,0,0,0,0,0,0,0,0,0,0,323,15991,0,0,0,0
39542.465,16320,61,0,0,0,0,0,8,27390,44,53,0,0,0,0,0,0,0,0,0,0,0,0,0,0,0,0,0,0,0,0,0,0,316,17541,0,0,0,0
39560.358,17892,55,0,0,0,0,0,8,27215,44,53,0,0,0,0,0,0,0,0,0,0,0,0,0,0,0,0,0,0,0,0,0,0,319,16436,0,0,0,0
39575.966,15607,64,0,0,0,0,0,8,27434,44,53,0,0,0,0,0,0,0,0,0,0,0,0,0,0,0,0,0,0,0,0,0,0,335,17779,0,0,0,0
39592.897,16930,59,0,0,0,0,0,8,27295,44,53,0,0,0,0,0,0,0,0,0,0,0,0,0,0,0,0,0,0,0,0,0,0,307,15272,0,0,0,0
39609.495,16598,60,0,0,0,0,0,8,27257,44,53,0,0,0,0,0,0,0,0,0,0,0,0,0,0,0,0,0,0,0,0,0,0,312,17050,0,0,0,0
39626.321,16826,59,0,0,0,0,0,8,26789,44,53,0,0,0,0,0,0,0,0,0,0,0,0,0,0,0,0,0,0,0,0,0,0,330,16857,0,0,0,0
39642.926,16605,60,0,0,0,0,0,8,26725,44,53,0,0,0,0,0,0,0,0,0,0,0,0,0,0,0,0,0,0,0,0,0,0,311,16780,0,0,0,0
39659.355,16429,60,0,0,0,0,0,8,26609,44,53,0,0,0,0,0,0,0,0,0,0,0,0,0,0,0,0,0,0,0,0,0,0,292,16253,0,0,0,0
39676.111,16755,59,0,0,0,0,0,8,26646,44,53,0,0,0,0,0,0,0,0,0,0,0,0,0,0,0,0,0,0,0,0,0,0,320,16916,0,0,0,0
39692.866,16755,59,0,0,0,0,0,8,26730,44,53,0,0,0,0,0,0,0,0,0,0,0,0,0,0,0,0,0,0,0,0,0,0,303,16517,0,0,0,0
39710.360,17493,57,0,0,0,0,0,8,26780,44,53,0,0,0,0,0,0,0,0,0,0,0,0,0,0,0,0,0,0,0,0,0,0,341,16449,0,0,0,0
39725.930,15569,64,0,0,0,0,0,8,26828,44,53,0,0,0,0,0,0,0,0,0,0,0,0,0,0,0,0,0,0,0,0,0,0,331,17742,0,0,0,0
39742.924,16994,58,0,0,0,0,0,8,26746,44,53,0,0,0,0,0,0,0,0,0,0,0,0,0,0,0,0,0,0,0,0,0,0,295,15470,0,0,0,0
39759.500,16575,60,0,0,0,0,0,8,26722,44,53,0,0,0,0,0,0,0,0,0,0,0,0,0,0,0,0,0,0,0,0,0,0,324,17289,0,0,0,0
39775.468,15968,62,0,0,0,0,0,8,26762,44,53,0,0,0,0,0,0,0,0,0,0,0,0,0,0,0,0,0,0,0,0,0,0,306,16283,0,0,0,0
39792.677,17208,58,0,0,0,0,0,8,26777,44,53,0,0,0,0,0,0,0,0,0,0,0,0,0,0,0,0,0,0,0,0,0,0,309,15820,0,0,0,0
39809.414,16737,59,0,0,0,0,0,8,26777,44,53,0,0,0,0,0,0,0,0,0,0,0,0,0,0,0,0,0,0,0,0,0,0,320,17670,0,0,0,0
39826.361,16946,59,0,0,0,0,0,8,26882,44,53,0,0,0,0,0,0,0,0,0,0,0,0,0,0,0,0,0,0,0,0,0,0,297,16386,0,0,0,0
39842.804,16443,60,0,0,0,0,0,8,26773,44,53,0,0,0,0,0,0,0,0,0,0,0,0,0,0,0,0,0,0,0,0,0,0,289,16010,0,0,0,0
39859.496,16692,59,0,0,0,0,0,8,26812,44,53,0,0,0,0,0,0,0,0,0,0,0,0,0,0,0,0,0,0,0,0,0,0,307,17282,0,0,0,0
39876.208,16711,59,0,0,0,0,0,8,26856,44,53,0,0,0,0,0,0,0,0,0,0,0,0,0,0,0,0,0,0,0,0,0,0,318,17030,0,0,0,0
39892.877,16669,59,0,0,0,0,0,8,26804,44,53,0,0,0,0,0,0,0,0,0,0,0,0,0,0,0,0,0,0,0,0,0,0,326,16694,0,0,0,0
39909.363,16485,60,0,0,0,0,0,8,26594,44,53,0,0,0,0,0,0,0,0,0,0,0,0,0,0,0,0,0,0,0,0,0,0,327,17242,0,0,0,0
39926.351,16988,58,0,0,0,0,0,8,26741,44,53,0,0,0,0,0,0,0,0,0,0,0,0,0,0,0,0,0,0,0,0,0,0,323,15875,0,0,0,0
39942.602,16250,61,0,0,0,0,0,8,26863,44,53,0,0,0,0,0,0,0,0,0,0,0,0,0,0,0,0,0,0,0,0,0,0,313,16951,0,0,0,0
39959.493,16890,59,0,0,0,0,0,8,28388,44,53,0,0,0,0,0,0,0,0,0,0,0,0,0,0,0,0,0,0,0,0,0,0,305,16040,0,0,0,0
39976.372,16878,59,0,0,0,0,0,8,28704,44,53,0,0,0,0,0,0,0,0,0,0,0,0,0,0,0,0,0,0,0,0,0,0,328,16810,0,0,0,0
39993.002,16630,60,0,0,0,0,0,8,28444,44,53,0,0,0,0,0,0,0,0,0,0,0,0,0,0,0,0,0,0,0,0,0,0,341,17323,0,0,0,0
40009.698,16695,59,0,0,0,0,0,8,28471,44,53,0,0,0,0,0,0,0,0,0,0,0,0,0,0,0,0,0,0,0,0,0,0,319,16552,0,0,0,0
40026.002,16303,61,0,0,0,0,0,8,28501,44,53,0,0,0,0,0,0,0,0,0,0,0,0,0,0,0,0,0,0,0,0,0,0,309,16436,0,0,0,0
40042.772,16769,59,0,0,0,0,0,8,28527,44,53,0,0,0,0,0,0,0,0,0,0,0,0,0,0,0,0,0,0,0,0,0,0,308,16524,0,0,0,0
40059.174,16402,60,0,0,0,0,0,8,28386,44,53,0,0,0,0,0,0,0,0,0,0,0,0,0,0,0,0,0,0,0,0,0,0,310,16385,0,0,0,0
40076.351,17176,58,0,0,0,0,0,8,28442,44,53,0,0,0,0,0,0,0,0,0,0,0,0,0,0,0,0,0,0,0,0,0,0,327,16838,0,0,0,0
40092.984,16633,60,0,0,0,0,0,8,28516,44,53,0,0,0,0,0,0,0,0,0,0,0,0,0,0,0,0,0,0,0,0,0,0,300,16055,0,0,0,0
40109.494,16509,60,0,0,0,0,0,8,28462,44,53,0,0,0,0,0,0,0,0,0,0,0,0,0,0,0,0,0,0,0,0,0,0,305,17545,0,0,0,0
40126.362,16868,59,0,0,0,0,0,8,28535,44,53,0,0,0,0,0,0,0,0,0,0,0,0,0,0,0,0,0,0,0,0,0,0,321,16812,0,0,0,0
40142.647,16284,61,0,0,0,0,0,8,28426,44,53,0,0,0,0,0,0,0,0,0,0,0,0,0,0,0,0,0,0,0,0,0,0,310,16797,0,0,0,0
40159.651,17004,58,0,0,0,0,0,8,28402,44,53,0,0,0,0,0,0,0,0,0,0,0,0,0,0,0,0,0,0,0,0,0,0,308,15900,0,0,0,0
40176.356,16704,59,0,0,0,0,0,8,28573,44,53,0,0,0,0,0,0,0,0,0,0,0,0,0,0,0,0,0,0,0,0,0,0,321,17419,0,0,0,0
40193.005,16648,60,0,0,0,0,0,8,28511,44,53,0,0,0,0,0,0,0,0,0,0,0,0,0,0,0,0,0,0,0,0,0,0,306,15363,0,0,0,0
40209.493,16487,60,0,0,0,0,0,8,28482,44,53,0,0,0,0,0,0,0,0,0,0,0,0,0,0,0,0,0,0,0,0,0,0,330,17958,0,0,0,0
40226.008,16515,60,0,0,0,0,0,8,26737,44,53,0,0,0,0,0,0,0,0,0,0,0,0,0,0,0,0,0,0,0,0,0,0,337,16631,0,0,0,0
40242.858,16849,59,0,0,0,0,0,8,26795,44,53,0,0,0,0,0,0,0,0,0,0,0,0,0,0,0,0,0,0,0,0,0,0,310,15930,0,0,0,0
40259.878,17019,58,0,0,0,0,0,8,26845,44,53,0,0,0,0,0,0,0,0,0,0,0,0,0,0,0,0,0,0,0,0,0,0,319,17393,0,0,0,0
40276.175,16297,61,0,0,0,0,0,8,26722,44,53,0,0,0,0,0,0,0,0,0,0,0,0,0,0,0,0,0,0,0,0,0,0,324,16545,0,0,0,0
40292.888,16712,59,0,0,0,0,0,8,26687,44,53,0,0,0,0,0,0,0,0,0,0,0,0,0,0,0,0,0,0,0,0,0,0,320,16491,0,0,0,0
40309.876,16988,58,0,0,0,0,0,8,26557,44,53,0,0,0,0,0,0,0,0,0,0,0,0,0,0,0,0,0,0,0,0,0,0,300,16867,0,0,0,0
40326.096,16219,61,0,0,0,0,0,8,26693,44,53,0,0,0,0,0,0,0,0,0,0,0,0,0,0,0,0,0,0,0,0,0,0,334,16867,0,0,0,0
40342.502,16405,60,0,0,0,0,0,8,26602,44,53,0,0,0,0,0,0,0,0,0,0,0,0,0,0,0,0,0,0,0,0,0,0,319,16345,0,0,0,0
40359.878,17376,57,0,0,0,0,0,8,26659,44,53,0,0,0,0,0,0,0,0,0,0,0,0,0,0,0,0,0,0,0,0,0,0,320,17023,0,0,0,0
40376.037,16159,61,0,0,0,0,0,8,26699,44,53,0,0,0,0,0,0,0,0,0,0,0,0,0,0,0,0,0,0,0,0,0,0,309,16289,0,0,0,0
40392.618,16580,60,0,0,0,0,0,8,26544,44,53,0,0,0,0,0,0,0,0,0,0,0,0,0,0,0,0,0,0,0,0,0,0,317,16335,0,0,0,0
40409.610,16991,58,0,0,0,0,0,8,26855,44,53,0,0,0,0,0,0,0,0,0,0,0,0,0,0,0,0,0,0,0,0,0,0,330,17423,0,0,0,0
40425.609,15999,62,0,0,0,0,0,8,26761,44,53,0,0,0,0,0,0,0,0,0,0,0,0,0,0,0,0,0,0,0,0,0,0,309,16523,0,0,0,0
40443.009,17400,57,0,0,0,0,0,8,26760,44,53,0,0,0,0,0,0,0,0,0,0,0,0,0,0,0,0,0,0,0,0,0,0,287,15722,0,0,0,0
40459.451,16441,60,0,0,0,0,0,8,26699,44,53,0,0,0,0,0,0,0,0,0,0,0,0,0,0,0,0,0,0,0,0,0,0,323,17998,0,0,0,0
40476.349,16898,59,0,0,0,0,0,8,26682,44,53,0,0,0,0,0,0,0,0,0,0,0,0,0,0,0,0,0,0,0,0,0,0,317,15741,0,0,0,0
40492.896,16546,60,0,0,0,0,0,8,26721,44,53,0,0,0,0,0,0,0,0,0,0,0,0,0,0,0,0,0,0,0,0,0,0,330,16087,0,0,0,0
40508.891,15994,62,0,0,0,0,0,8,26665,44,53,0,0,0,0,0,0,0,0,0,0,0,0,0,0,0,0,0,0,0,0,0,0,329,17794,0,0,0,0
40525.901,17010,58,0,0,0,0,0,8,26901,44,53,0,0,0,0,0,0,0,0,0,0,0,0,0,0,0,0,0,0,0,0,0,0,296,15460,0,0,0,0
40542.573,16671,59,0,0,0,0,0,8,26716,44,53,0,0,0,0,0,0,0,0,0,0,0,0,0,0,0,0,0,0,0,0,0,0,313,17215,0,0,0,0
40559.212,16639,60,0,0,0,0,0,8,26612,44,53,0,0,0,0,0,0,0,0,0,0,0,0,0,0,0,0,0,0,0,0,0,0,337,16608,0,0,0,0
40576.513,17300,57,0,0,0,0,0,8,26701,44,53,0,0,0,0,0,0,0,0,0,0,0,0,0,0,0,0,0,0,0,0,0,0,342,16908,0,0,0,0
40592.579,16066,62,0,0,0,0,0,8,26787,44,53,0,0,0,0,0,0,0,0,0,0,0,0,0,0,0,0,0,0,0,0,0,0,322,17305,0,0,0,0
40609.242,16662,60,0,0,0,0,0,8,26600,44,53,0,0,0,0,0,0,0,0,0,0,0,0,0,0,0,0,0,0,0,0,0,0,301,15700,0,0,0,0
40625.949,16707,59,0,0,0,0,0,8,26670,44,53,0,0,0,0,0,0,0,0,0,0,0,0,0,0,0,0,0,0,0,0,0,0,312,17150,0,0,0,0
40642.743,16795,59,0,0,0,0,0,8,26708,44,53,0,0,0,0,0,0,0,0,0,0,0,0,0,0,0,0,0,0,0,0,0,0,312,16296,0,0,0,0
40659.345,16601,60,0,0,0,0,0,8,26580,44,53,0,0,0,0,0,0,0,0,0,0,0,0,0,0,0,0,0,0,0,0,0,0,313,16701,0,0,0,0
40676.346,17001,58,0,0,0,0,0,8,26786,44,53,0,0,0,0,0,0,0,0,0,0,0,0,0,0,0,0,0,0,0,0,0,0,325,17276,0,0,0,0
40692.558,16211,61,0,0,0,0,0,8,26675,44,53,0,0,0,0,0,0,0,0,0,0,0,0,0,0,0,0,0,0,0,0,0,0,301,15589,0,0,0,0
40709.570,17011,58,0,0,0,0,0,8,26594,44,53,0,0,0,0,0,0,0,0,0,0,0,0,0,0,0,0,0,0,0,0,0,0,310,16992,0,0,0,0
40726.346,16776,59,0,0,0,0,0,8,26774,44,53,0,0,0,0,0,0,0,0,0,0,0,0,0,0,0,0,0,0,0,0,0,0,339,17404,0,0,0,0
40742.857,16510,60,0,0,0,0,0,8,26638,44,53,0,0,0,0,0,0,0,0,0,0,0,0,0,0,0,0,0,0,0,0,0,0,311,15455,0,0,0,0
40759.567,16710,59,0,0,0,0,0,8,26633,44,53,0,0,0,0,0,0,0,0,0,0,0,0,0,0,0,0,0,0,0,0,0,0,314,17947,0,0,0,0
40776.350,16782,59,0,0,0,0,0,8,26644,44,53,0,0,0,0,0,0,0,0,0,0,0,0,0,0,0,0,0,0,0,0,0,0,331,16602,0,0,0,0
40792.937,16586,60,0,0,0,0,0,8,26788,44,53,0,0,0,0,0,0,0,0,0,0,0,0,0,0,0,0,0,0,0,0,0,0,309,16637,0,0,0,0
40809.598,16661,60,0,0,0,0,0,8,26539,44,53,0,0,0,0,0,0,0,0,0,0,0,0,0,0,0,0,0,0,0,0,0,0,312,16235,0,0,0,0
40826.345,16747,59,0,0,0,0,0,8,26678,44,53,0,0,0,0,0,0,0,0,0,0,0,0,0,0,0,0,0,0,0,0,0,0,321,16739,0,0,0,0
40842.916,16570,60,0,0,0,0,0,8,26644,44,53,0,0,0,0,0,0,0,0,0,0,0,0,0,0,0,0,0,0,0,0,0,0,311,16933,0,0,0,0
40860.356,17440,57,0,0,0,0,0,8,26624,44,53,0,0,0,0,0,0,0,0,0,0,0,0,0,0,0,0,0,0,0,0,0,0,299,16421,0,0,0,0
40876.183,15827,63,0,0,0,0,0,8,26687,44,53,0,0,0,0,0,0,0,0,0,0,0,0,0,0,0,0,0,0,0,0,0,0,352,17726,0,0,0,0
40892.247,16063,62,0,0,0,0,0,8,26617,44,53,0,0,0,0,0,0,0,0,0,0,0,0,0,0,0,0,0,0,0,0,0,0,296,15818,0,0,0,0
40909.878,17631,56,0,0,0,0,0,8,26659,44,53,0,0,0,0,0,0,0,0,0,0,0,0,0,0,0,0,0,0,0,0,0,0,300,15978,0,0,0,0
40925.898,16019,62,0,0,0,0,0,8,26781,44,53,0,0,0,0,0,0,0,0,0,0,0,0,0,0,0,0,0,0,0,0,0,0,334,17285,0,0,0,0
40942.770,16872,59,0,0,0,0,0,8,28379,44,53,0,0,0,0,0,0,0,0,0,0,0,0,0,0,0,0,0,0,0,0,0,0,309,16132,0,0,0,0
40959.864,17094,58,0,0,0,0,0,8,28643,44,53,0,0,0,0,0,0,0,0,0,0,0,0,0,0,0,0,0,0,0,0,0,0,301,16951,0,0,0,0
40975.855,15991,62,0,0,0,0,0,8,26569,44,53,0,0,0,0,0,0,0,0,0,0,0,0,0,0,0,0,0,0,0,0,0,0,318,16930,0,0,0,0
40993.056,17200,58,0,0,0,0,0,8,27409,44,53,0,0,0,0,0,0,0,0,0,0,0,0,0,0,0,0,0,0,0,0,0,0,292,16309,0,0,0,0
41009.587,16531,60,0,0,0,0,0,8,26633,44,53,0,0,0,0,0,0,0,0,0,0,0,0,0,0,0,0,0,0,0,0,0,0,310,17159,0,0,0,0
41026.348,16760,59,0,0,0,0,0,8,27563,44,53,0,0,0,0,0,0,0,0,0,0,0,0,0,0,0,0,0,0,0,0,0,0,314,16211,0,0,0,0
41043.350,17001,58,0,0,0,0,0,8,27172,44,53,0,0,0,0,0,0,0,0,0,0,0,0,0,0,0,0,0,0,0,0,0,0,329,16175,0,0,0,0
41059.693,16343,61,0,0,0,0,0,8,26382,44,53,0,0,0,0,0,0,0,0,0,0,0,0,0,0,0,0,0,0,0,0,0,0,373,17874,0,0,0,0
41076.003,16310,61,0,0,0,0,0,8,27717,44,53,0,0,0,0,0,0,0,0,0,0,0,0,0,0,0,0,0,0,0,0,0,0,341,16800,0,0,0,0
41092.855,16851,59,0,0,0,0,0,8,26341,44,53,0,0,0,0,0,0,0,0,0,0,0,0,0,0,0,0,0,0,0,0,0,0,298,15431,0,0,0,0
41109.650,16795,59,0,0,0,0,0,8,26055,44,53,0,0,0,0,0,0,0,0,0,0,0,0,0,0,0,0,0,0,0,0,0,0,319,16796,0,0,0,0
41125.655,16005,62,0,0,0,0,0,8,26251,44,53,0,0,0,0,0,0,0,0,0,0,0,0,0,0,0,0,0,0,0,0,0,0,304,16799,0,0,0,0
41142.710,17054,58,0,0,0,0,0,8,26188,44,53,0,0,0,0,0,0,0,0,0,0,0,0,0,0,0,0,0,0,0,0,0,0,309,15929,0,0,0,0
41159.475,16765,59,0,0,0,0,0,8,24216,44,53,0,0,0,0,0,0,0,0,0,0,0,0,0,0,0,0,0,0,0,0,0,0,310,17264,0,0,0,0
41176.347,16871,59,0,0,0,0,0,8,24250,44,53,0,0,0,0,0,0,0,0,0,0,0,0,0,0,0,0,0,0,0,0,0,0,317,16771,0,0,0,0
41192.545,16198,61,0,0,0,0,0,8,23992,44,53,0,0,0,0,0,0,0,0,0,0,0,0,0,0,0,0,0,0,0,0,0,0,318,15883,0,0,0,0
41208.767,16222,61,0,0,0,0,0,8,21804,44,53,0,0,0,0,0,0,0,0,0,0,0,0,0,0,0,0,0,0,0,0,0,0,329,16951,0,0,0,0
41226.342,17574,56,0,0,0,0,0,8,21727,44,53,0,0,0,0,0,0,0,0,0,0,0,0,0,0,0,0,0,0,0,0,0,0,344,16075,0,0,0,0
41242.918,16576,60,0,0,0,0,0,8,21741,44,53,0,0,0,0,0,0,0,0,0,0,0,0,0,0,0,0,0,0,0,0,0,0,324,16715,0,0,0,0
41259.868,16949,58,0,0,0,0,0,8,21743,44,53,0,0,0,0,0,0,0,0,0,0,0,0,0,0,0,0,0,0,0,0,0,0,331,17625,0,0,0,0
41275.995,16125,62,0,0,0,0,0,8,21710,44,53,0,0,0,0,0,0,0,0,0,0,0,0,0,0,0,0,0,0,0,0,0,0,322,16786,0,0,0,0
41292.925,16931,59,0,0,0,0,0,8,21931,44,53,0,0,0,0,0,0,0,0,0,0,0,0,0,0,0,0,0,0,0,0,0,0,323,16348,0,0,0,0
41308.868,15942,62,0,0,0,0,0,8,21748,44,53,0,0,0,0,0,0,0,0,0,0,0,0,0,0,0,0,0,0,0,0,0,0,319,17015,0,0,0,0
41326.106,17238,58,0,0,0,0,0,8,21757,44,53,0,0,0,0,0,0,0,0,0,0,0,0,0,0,0,0,0,0,0,0,0,0,312,15675,0,0,0,0
41343.281,17174,58,0,0,0,0,0,8,21782,44,53,0,0,0,0,0,0,0,0,0,0,0,0,0,0,0,0,0,0,0,0,0,0,314,17421,0,0,0,0
41359.560,16280,61,0,0,0,0,0,8,21843,44,53,0,0,0,0,0,0,0,0,0,0,0,0,0,0,0,0,0,0,0,0,0,0,298,16099,0,0,0,0
41375.902,16341,61,0,0,0,0,0,8,23535,44,53,0,0,0,0,0,0,0,0,0,0,0,0,0,0,0,0,0,0,0,0,0,0,306,17041,0,0,0,0
41392.700,16797,59,0,0,0,0,0,8,23373,44,53,0,0,0,0,0,0,0,0,0,0,0,0,0,0,0,0,0,0,0,0,0,0,313,16643,0,0,0,0
41409.602,16902,59,0,0,0,0,0,8,23182,44,53,0,0,0,0,0,0,0,0,0,0,0,0,0,0,0,0,0,0,0,0,0,0,312,16527,0,0,0,0
41426.336,16734,59,0,0,0,0,0,8,23220,44,53,0,0,0,0,0,0,0,0,0,0,0,0,0,0,0,0,0,0,0,0,0,0,314,16894,0,0,0,0
41442.851,16515,60,0,0,0,0,0,8,23294,44,53,0,0,0,0,0,0,0,0,0,0,0,0,0,0,0,0,0,0,0,0,0,0,326,17087,0,0,0,0
41459.867,17015,58,0,0,0,0,0,8,23221,44,53,0,0,0,0,0,0,0,0,0,0,0,0,0,0,0,0,0,0,0,0,0,0,348,16471,0,0,0,0
41476.500,16633,60,0,0,0,0,0,8,24363,44,53,0,0,0,0,0,0,0,0,0,0,0,0,0,0,0,0,0,0,0,0,0,0,340,16870,0,0,0,0
41492.836,16336,61,0,0,0,0,0,8,23866,44,53,0,0,0,0,0,0,0,0,0,0,0,0,0,0,0,0,0,0,0,0,0,0,314,16662,0,0,0,0
41509.200,16364,61,0,0,0,0,0,8,23764,44,53,0,0,0,0,0,0,0,0,0,0,0,0,0,0,0,0,0,0,0,0,0,0,336,16527,0,0,0,0
41525.854,16653,60,0,0,0,0,0,8,23897,44,53,0,0,0,0,0,0,0,0,0,0,0,0,0,0,0,0,0,0,0,0,0,0,335,15961,0,0,0,0
41542.345,16491,60,0,0,0,0,0,8,23739,44,53,0,0,0,0,0,0,0,0,0,0,0,0,0,0,0,0,0,0,0,0,0,0,312,17111,0,0,0,0
41559.518,17173,58,0,0,0,0,0,8,23799,44,53,0,0,0,0,0,0,0,0,0,0,0,0,0,0,0,0,0,0,0,0,0,0,340,16177,0,0,0,0
41576.487,16968,58,0,0,0,0,0,8,23692,44,53,0,0,0,0,0,0,0,0,0,0,0,0,0,0,0,0,0,0,0,0,0,0,304,17565,0,0,0,0
41592.299,15812,63,0,0,0,0,0,8,24074,44,53,0,0,0,0,0,0,0,0,0,0,0,0,0,0,0,0,0,0,0,0,0,0,297,16821,0,0,0,0
41609.541,17242,57,0,0,0,0,0,8,25716,44,53,0,0,0,0,0,0,0,0,0,0,0,0,0,0,0,0,0,0,0,0,0,0,303,15942,0,0,0,0
41626.011,16470,60,0,0,0,0,0,8,25559,44,53,0,0,0,0,0,0,0,0,0,0,0,0,0,0,0,0,0,0,0,0,0,0,323,17435,0,0,0,0
41642.628,16617,60,0,0,0,0,0,8,23961,44,53,0,0,0,0,0,0,0,0,0,0,0,0,0,0,0,0,0,0,0,0,0,0,313,16020,0,0,0,0
41659.862,17233,58,0,0,0,0,0,8,23630,44,53,0,0,0,0,0,0,0,0,0,0,0,0,0,0,0,0,0,0,0,0,0,0,303,16782,0,0,0,0
41675.872,16009,62,0,0,0,0,0,8,23687,44,53,0,0,0,0,0,0,0,0,0,0,0,0,0,0,0,0,0,0,0,0,0,0,303,17174,0,0,0,0
41692.564,16692,59,0,0,0,0,0,8,23782,44,53,0,0,0,0,0,0,0,0,0,0,0,0,0,0,0,0,0,0,0,0,0,0,342,16299,0,0,0,0
41709.481,16916,59,0,0,0,0,0,8,24428,44,53,0,0,0,0,0,0,0,0,0,0,0,0,0,0,0,0,0,0,0,0,0,0,320,16669,0,0,0,0
41726.337,16855,59,0,0,0,0,0,8,23875,44,53,0,0,0,0,0,0,0,0,0,0,0,0,0,0,0,0,0,0,0,0,0,0,307,15595,0,0,0,0
41743.340,17002,58,0,0,0,0,0,8,23636,44,53,0,0,0,0,0,0,0,0,0,0,0,0,0,0,0,0,0,0,0,0,0,0,333,17008,0,0,0,0
41758.761,15421,64,0,0,0,0,0,8,23688,44,53,0,0,0,0,0,0,0,0,0,0,0,0,0,0,0,0,0,0,0,0,0,0,318,16873,0,0,0,0
41776.028,17267,57,0,0,0,0,0,8,24655,44,53,0,0,0,0,0,0,0,0,0,0,0,0,0,0,0,0,0,0,0,0,0,0,344,16484,0,0,0,0
41792.367,16338,61,0,0,0,0,0,8,27018,44,53,0,0,0,0,0,0,0,0,0,0,0,0,0,0,0,0,0,0,0,0,0,0,320,17480,0,0,0,0
41809.570,17202,58,0,0,0,0,0,8,27040,44,53,0,0,0,0,0,0,0,0,0,0,0,0,0,0,0,0,0,0,0,0,0,0,325,16255,0,0,0,0
41826.344,16763,59,0,0,0,0,0,8,27117,44,53,0,0,0,0,0,0,0,0,0,0,0,0,0,0,0,0,0,0,0,0,0,0,335,17801,0,0,0,0
41842.962,16629,60,0,0,0,0,0,8,27037,44,53,0,0,0,0,0,0,0,0,0,0,0,0,0,0,0,0,0,0,0,0,0,0,343,16390,0,0,0,0
41859.507,16544,60,0,0,0,0,0,8,26931,44,53,0,0,0,0,0,0,0,0,0,0,0,0,0,0,0,0,0,0,0,0,0,0,343,16580,0,0,0,0
41876.031,16524,60,0,0,0,0,0,8,27193,44,53,0,0,0,0,0,0,0,0,0,0,0,0,0,0,0,0,0,0,0,0,0,0,336,16313,0,0,0,0
41892.902,16871,59,0,0,0,0,0,8,28902,44,53,0,0,0,0,0,0,0,0,0,0,0,0,0,0,0,0,0,0,0,0,0,0,305,16679,0,0,0,0
41909.464,16561,60,0,0,0,0,0,8,29283,44,53,0,0,0,0,0,0,0,0,0,0,0,0,0,0,0,0,0,0,0,0,0,0,294,17633,0,0,0,0
41925.915,16451,60,0,0,0,0,0,8,29048,44,53,0,0,0,0,0,0,0,0,0,0,0,0,0,0,0,0,0,0,0,0,0,0,331,16559,0,0,0,0
41942.997,17082,58,0,0,0,0,0,8,29014,44,53,0,0,0,0,0,0,0,0,0,0,0,0,0,0,0,0,0,0,0,0,0,0,346,15840,0,0,0,0
41959.861,16863,59,0,0,0,0,0,8,28932,44,53,0,0,0,0,0,0,0,0,0,0,0,0,0,0,0,0,0,0,0,0,0,0,328,17592,0,0,0,0
41976.062,16200,61,0,0,0,0,0,8,28903,44,53,0,0,0,0,0,0,0,0,0,0,0,0,0,0,0,0,0,0,0,0,0,0,307,16180,0,0,0,0
41992.720,16658,60,0,0,0,0,0,8,28849,44,53,0,0,0,0,0,0,0,0,0,0,0,0,0,0,0,0,0,0,0,0,0,0,321,16239,0,0,0,0
42009.473,16752,59,0,0,0,0,0,8,28804,44,53,0,0,0,0,0,0,0,0,0,0,0,0,0,0,0,0,0,0,0,0,0,0,324,16491,0,0,0,0
42026.333,16859,59,0,0,0,0,0,8,29032,44,53,0,0,0,0,0,0,0,0,0,0,0,0,0,0,0,0,0,0,0,0,0,0,307,17082,0,0,0,0
42042.833,16500,60,0,0,0,0,0,8,28958,44,53,0,0,0,0,0,0,0,0,0,0,0,0,0,0,0,0,0,0,0,0,0,0,298,16890,0,0,0,0
42059.588,16754,59,0,0,0,0,0,8,27133,44,53,0,0,0,0,0,0,0,0,0,0,0,0,0,0,0,0,0,0,0,0,0,0,336,16730,0,0,0,0
42076.338,16749,59,0,0,0,0,0,8,27176,44,53,0,0,0,0,0,0,0,0,0,0,0,0,0,0,0,0,0,0,0,0,0,0,312,16286,0,0,0,0
42092.351,16013,62,0,0,0,0,0,8,27266,44,53,0,0,0,0,0,0,0,0,0,0,0,0,0,0,0,0,0,0,0,0,0,0,319,16065,0,0,0,0
42109.736,17384,57,0,0,0,0,0,8,27143,44,53,0,0,0,0,0,0,0,0,0,0,0,0,0,0,0,0,0,0,0,0,0,0,333,15801,0,0,0,0
42125.984,16248,61,0,0,0,0,0,8,27392,44,53,0,0,0,0,0,0,0,0,0,0,0,0,0,0,0,0,0,0,0,0,0,0,329,18717,0,0,0,0
42142.861,16876,59,0,0,0,0,0,8,27250,44,53,0,0,0,0,0,0,0,0,0,0,0,0,0,0,0,0,0,0,0,0,0,0,327,15983,0,0,0,0
42160.333,17471,57,0,0,0,0,0,8,27295,44,53,0,0,0,0,0,0,0,0,0,0,0,0,0,0,0,0,0,0,0,0,0,0,359,17272,0,0,0,0
42176.293,15960,62,0,0,0,0,0,8,27404,44,53,0,0,0,0,0,0,0,0,0,0,0,0,0,0,0,0,0,0,0,0,0,0,321,17222,0,0,0,0
42192.677,16384,61,0,0,0,0,0,8,27478,44,53,0,0,0,0,0,0,0,0,0,0,0,0,0,0,0,0,0,0,0,0,0,0,326,16019,0,0,0,0
42209.451,16773,59,0,0,0,0,0,8,27195,44,53,0,0,0,0,0,0,0,0,0,0,0,0,0,0,0,0,0,0,0,0,0,0,352,16361,0,0,0,0
42225.940,16488,60,0,0,0,0,0,8,27252,44,53,0,0,0,0,0,0,0,0,0,0,0,0,0,0,0,0,0,0,0,0,0,0,329,16718,0,0,0,0
42242.849,16908,59,0,0,0,0,0,8,27263,44,53,0,0,0,0,0,0,0,0,0,0,0,0,0,0,0,0,0,0,0,0,0,0,304,16191,0,0,0,0
42259.478,16629,60,0,0,0,0,0,8,27409,44,53,0,0,0,0,0,0,0,0,0,0,0,0,0,0,0,0,0,0,0,0,0,0,324,17546,0,0,0,0
42276.341,16863,59,0,0,0,0,0,8,27377,44,53,0,0,0,0,0,0,0,0,0,0,0,0,0,0,0,0,0,0,0,0,0,0,334,16706,0,0,0,0
42292.540,16199,61,0,0,0,0,0,8,27337,44,53,0,0,0,0,0,0,0,0,0,0,0,0,0,0,0,0,0,0,0,0,0,0,301,15861,0,0,0,0
42309.541,17001,58,0,0,0,0,0,8,27312,44,53,0,0,0,0,0,0,0,0,0,0,0,0,0,0,0,0,0,0,0,0,0,0,326,16479,0,0,0,0
42326.001,16459,60,0,0,0,0,0,8,27482,44,53,0,0,0,0,0,0,0,0,0,0,0,0,0,0,0,0,0,0,0,0,0,0,342,17456,0,0,0,0
42342.815,16814,59,0,0,0,0,0,8,27415,44,53,0,0,0,0,0,0,0,0,0,0,0,0,0,0,0,0,0,0,0,0,0,0,338,16047,0,0,0,0
42359.164,16349,61,0,0,0,0,0,8,27378,44,53,0,0,0,0,0,0,0,0,0,0,0,0,0,0,0,0,0,0,0,0,0,0,317,17496,0,0,0,0
42376.281,17116,58,0,0,0,0,0,8,27419,44,53,0,0,0,0,0,0,0,0,0,0,0,0,0,0,0,0,0,0,0,0,0,0,301,15801,0,0,0,0
42392.846,16565,60,0,0,0,0,0,8,27346,44,53,0,0,0,0,0,0,0,0,0,0,0,0,0,0,0,0,0,0,0,0,0,0,307,17017,0,0,0,0
42410.338,17491,57,0,0,0,0,0,8,27285,44,53,0,0,0,0,0,0,0,0,0,0,0,0,0,0,0,0,0,0,0,0,0,0,301,16776,0,0,0,0
42425.979,15641,63,0,0,0,0,0,8,27509,44,53,0,0,0,0,0,0,0,0,0,0,0,0,0,0,0,0,0,0,0,0,0,0,316,17880,0,0,0,0
42442.473,16493,60,0,0,0,0,0,8,27467,44,53,0,0,0,0,0,0,0,0,0,0,0,0,0,0,0,0,0,0,0,0,0,0,299,15412,0,0,0,0
42459.849,17376,57,0,0,0,0,0,8,27489,44,53,0,0,0,0,0,0,0,0,0,0,0,0,0,0,0,0,0,0,0,0,0,0,331,16584,0,0,0,0
42476.340,16480,60,0,0,0,0,0,8,27464,44,53,0,0,0,0,0,0,0,0,0,0,0,0,0,0,0,0,0,0,0,0,0,0,353,16981,0,0,0,0
42492.270,15941,62,0,0,0,0,0,8,27354,44,53,0,0,0,0,0,0,0,0,0,0,0,0,0,0,0,0,0,0,0,0,0,0,326,16595,0,0,0,0
42509.448,17177,58,0,0,0,0,0,8,27369,44,53,0,0,0,0,0,0,0,0,0,0,0,0,0,0,0,0,0,0,0,0,0,0,335,15849,0,0,0,0
42526.335,16887,59,0,0,0,0,0,8,27486,44,53,0,0,0,0,0,0,0,0,0,0,0,0,0,0,0,0,0,0,0,0,0,0,314,17471,0,0,0,0
42542.798,16462,60,0,0,0,0,0,8,27377,44,53,0,0,0,0,0,0,0,0,0,0,0,0,0,0,0,0,0,0,0,0,0,0,303,15621,0,0,0,0
42559.329,16530,60,0,0,0,0,0,8,27387,44,53,0,0,0,0,0,0,0,0,0,0,0,0,0,0,0,0,0,0,0,0,0,0,310,17243,0,0,0,0
42576.071,16743,59,0,0,0,0,0,8,27439,44,53,0,0,0,0,0,0,0,0,0,0,0,0,0,0,0,0,0,0,0,0,0,0,324,16594,0,0,0,0
42592.930,16858,59,0,0,0,0,0,8,27500,44,53,0,0,0,0,0,0,0,0,0,0,0,0,0,0,0,0,0,0,0,0,0,0,329,17086,0,0,0,0
42609.286,16356,61,0,0,0,0,0,8,27358,44,53,0,0,0,0,0,0,0,0,0,0,0,0,0,0,0,0,0,0,0,0,0,0,318,17201,0,0,0,0
42626.343,17057,58,0,0,0,0,0,8,26823,44,53,0,0,0,0,0,0,0,0,0,0,0,0,0,0,0,0,0,0,0,0,0,0,306,15690,0,0,0,0
42642.918,16574,60,0,0,0,0,0,8,26925,44,53,0,0,0,0,0,0,0,0,0,0,0,0,0,0,0,0,0,0,0,0,0,0,324,18046,0,0,0,0
42659.855,16936,59,0,0,0,0,0,8,26715,44,53,0,0,0,0,0,0,0,0,0,0,0,0,0,0,0,0,0,0,0,0,0,0,324,15996,0,0,0,0
42676.003,16138,61,0,0,0,0,0,8,26846,44,53,0,0,0,0,0,0,0,0,0,0,0,0,0,0,0,0,0,0,0,0,0,0,304,16387,0,0,0,0
42692.868,16875,59,0,0,0,0,0,8,26742,44,53,0,0,0,0,0,0,0,0,0,0,0,0,0,0,0,0,0,0,0,0,0,0,372,16585,0,0,0,0
42709.550,16681,59,0,0,0,0,0,8,26706,44,53,0,0,0,0,0,0,0,0,0,0,0,0,0,0,0,0,0,0,0,0,0,0,301,16634,0,0,0,0
42726.331,16780,59,0,0,0,0,0,8,26888,44,53,0,0,0,0,0,0,0,0,0,0,0,0,0,0,0,0,0,0,0,0,0,0,320,16695,0,0,0,0
42742.845,16513,60,0,0,0,0,0,8,27157,44,53,0,0,0,0,0,0,0,0,0,0,0,0,0,0,0,0,0,0,0,0,0,0,338,17197,0,0,0,0
42759.435,16589,60,0,0,0,0,0,8,28468,44,53,0,0,0,0,0,0,0,0,0,0,0,0,0,0,0,0,0,0,0,0,0,0,323,16485,0,0,0,0
42775.845,16400,60,0,0,0,0,0,8,28545,44,53,0,0,0,0,0,0,0,0,0,0,0,0,0,0,0,0,0,0,0,0,0,0,328,16651,0,0,0,0
42792.337,16502,60,0,0,0,0,0,8,28476,44,53,0,0,0,0,0,0,0,0,0,0,0,0,0,0,0,0,0,0,0,0,0,0,292,16058,0,0,0,0
42809.406,17069,58,0,0,0,0,0,8,28550,44,53,0,0,0,0,0,0,0,0,0,0,0,0,0,0,0,0,0,0,0,0,0,0,318,16290,0,0,0,0
42826.331,16924,59,0,0,0,0,0,8,28678,44,53,0,0,0,0,0,0,0,0,0,0,0,0,0,0,0,0,0,0,0,0,0,0,348,17532,0,0,0,0
42842.899,16567,60,0,0,0,0,0,8,28607,44,53,0,0,0,0,0,0,0,0,0,0,0,0,0,0,0,0,0,0,0,0,0,0,302,15680,0,0,0,0
42859.450,16551,60,0,0,0,0,0,8,28588,44,53,0,0,0,0,0,0,0,0,0,0,0,0,0,0,0,0,0,0,0,0,0,0,308,17607,0,0,0,0
42876.140,16690,59,0,0,0,0,0,8,28514,44,53,0,0,0,0,0,0,0,0,0,0,0,0,0,0,0,0,0,0,0,0,0,0,374,16873,0,0,0,0
42892.634,16494,60,0,0,0,0,0,8,28551,44,53,0,0,0,0,0,0,0,0,0,0,0,0,0,0,0,0,0,0,0,0,0,0,298,16333,0,0,0,0
42909.502,16867,59,0,0,0,0,0,8,28453,44,53,0,0,0,0,0,0,0,0,0,0,0,0,0,0,0,0,0,0,0,0,0,0,342,16464,0,0,0,0
42926.049,16546,60,0,0,0,0,0,8,28543,44,53,0,0,0,0,0,0,0,0,0,0,0,0,0,0,0,0,0,0,0,0,0,0,316,16460,0,0,0,0
42942.816,16767,59,0,0,0,0,0,8,28511,44,53,0,0,0,0,0,0,0,0,0,0,0,0,0,0,0,0,0,0,0,0,0,0,320,16631,0,0,0,0
42959.325,16508,60,0,0,0,0,0,8,28528,44,53,0,0,0,0,0,0,0,0,0,0,0,0,0,0,0,0,0,0,0,0,0,0,297,17216,0,0,0,0
42976.344,17018,58,0,0,0,0,0,8,28528,44,53,0,0,0,0,0,0,0,0,0,0,0,0,0,0,0,0,0,0,0,0,0,0,319,16797,0,0,0,0
42993.076,16732,59,0,0,0,0,0,8,28557,44,53,0,0,0,0,0,0,0,0,0,0,0,0,0,0,0,0,0,0,0,0,0,0,305,15433,0,0,0,0
43009.377,16300,61,0,0,0,0,0,8,28720,44,53,0,0,0,0,0,0,0,0,0,0,0,0,0,0,0,0,0,0,0,0,0,0,297,17704,0,0,0,0
43025.866,16489,60,0,0,0,0,0,8,26748,44,53,0,0,0,0,0,0,0,0,0,0,0,0,0,0,0,0,0,0,0,0,0,0,333,16618,0,0,0,0
43042.904,17038,58,0,0,0,0,0,8,26818,44,53,0,0,0,0,0,0,0,0,0,0,0,0,0,0,0,0,0,0,0,0,0,0,312,16096,0,0,0,0
43060.346,17441,57,0,0,0,0,0,8,26789,44,53,0,0,0,0,0,0,0,0,0,0,0,0,0,0,0,0,0,0,0,0,0,0,305,17002,0,0,0,0
43076.162,15816,63,0,0,0,0,0,8,26893,44,53,0,0,0,0,0,0,0,0,0,0,0,0,0,0,0,0,0,0,0,0,0,0,351,17777,0,0,0,0
43092.845,16683,59,0,0,0,0,0,8,26874,44,53,0,0,0,0,0,0,0,0,0,0,0,0,0,0,0,0,0,0,0,0,0,0,301,14752,0,0,0,0
43109.405,16559,60,0,0,0,0,0,8,26711,44,53,0,0,0,0,0,0,0,0,0,0,0,0,0,0,0,0,0,0,0,0,0,0,334,18194,0,0,0,0
43126.102,16697,59,0,0,0,0,0,8,26972,44,53,0,0,0,0,0,0,0,0,0,0,0,0,0,0,0,0,0,0,0,0,0,0,313,15769,0,0,0,0
43143.328,17226,58,0,0,0,0,0,8,26821,44,53,0,0,0,0,0,0,0,0,0,0,0,0,0,0,0,0,0,0,0,0,0,0,348,17255,0,0,0,0
43159.284,15955,62,0,0,0,0,0,8,26809,44,53,0,0,0,0,0,0,0,0,0,0,0,0,0,0,0,0,0,0,0,0,0,0,322,16991,0,0,0,0
43175.994,16709,59,0,0,0,0,0,8,26828,44,53,0,0,0,0,0,0,0,0,0,0,0,0,0,0,0,0,0,0,0,0,0,0,307,16081,0,0,0,0
43192.608,16614,60,0,0,0,0,0,8,26810,44,53,0,0,0,0,0,0,0,0,0,0,0,0,0,0,0,0,0,0,0,0,0,0,301,16259,0,0,0,0
43209.441,16832,59,0,0,0,0,0,8,26739,44,53,0,0,0,0,0,0,0,0,0,0,0,0,0,0,0,0,0,0,0,0,0,0,307,16572,0,0,0,0
43225.937,16496,60,0,0,0,0,0,8,26915,44,53,0,0,0,0,0,0,0,0,0,0,0,0,0,0,0,0,0,0,0,0,0,0,318,17483,0,0,0,0
43242.980,17043,58,0,0,0,1,0,8,26966,44,53,0,0,0,0,0,0,0,0,0,0,0,0,0,0,0,0,0,0,0,0,0,0,312,16276,0,0,0,0
43259.503,16522,60,0,0,0,0,0,8,26720,44,53,0,0,0,0,0,0,0,0,0,0,0,0,0,0,0,0,0,0,0,0,0,0,336,17285,0,0,0,0
43276.348,16844,59,0,0,0,0,0,8,26735,44,53,0,0,0,0,0,0,0,0,0,0,0,0,0,0,0,0,0,0,0,0,0,0,302,16177,0,0,0,0
43292.763,16414,60,0,0,0,0,0,8,28671,44,53,0,0,0,0,0,0,0,0,0,0,0,0,0,0,0,0,0,0,0,0,0,0,348,17152,0,0,0,0
43309.327,16564,60,0,0,0,0,0,8,28397,44,53,0,0,0,0,0,0,0,0,0,0,0,0,0,0,0,0,0,0,0,0,0,0,303,15979,0,0,0,0
43325.969,16642,60,0,0,0,0,0,8,28524,44,53,0,0,0,0,0,0,0,0,0,0,0,0,0,0,0,0,0,0,0,0,0,0,313,16463,0,0,0,0
43342.750,16780,59,0,0,0,0,0,8,28449,44,53,0,0,0,0,0,0,0,0,0,0,0,0,0,0,0,0,0,0,0,0,0,0,318,16840,0,0,0,0
43359.495,16745,59,0,0,0,0,0,8,28371,44,53,0,0,0,0,0,0,0,0,0,0,0,0,0,0,0,0,0,0,0,0,0,0,314,16707,0,0,0,0
43375.923,16427,60,0,0,0,0,0,8,28504,44,53,0,0,0,0,0,0,0,0,0,0,0,0,0,0,0,0,0,0,0,0,0,0,324,16614,0,0,0,0
43392.882,16958,58,0,0,0,0,0,8,28481,44,53,0,0,0,0,0,0,0,0,0,0,0,0,0,0,0,0,0,0,0,0,0,0,313,16762,0,0,0,0
43408.832,15951,62,0,0,0,0,0,8,28471,44,53,0,0,0,0,0,0,0,0,0,0,0,0,0,0,0,0,0,0,0,0,0,0,312,17091,0,0,0,0
43426.039,17206,58,0,0,0,0,0,8,28504,44,53,0,0,0,0,0,0,0,0,0,0,0,0,0,0,0,0,0,0,0,0,0,0,299,16053,0,0,0,0
43443.050,17011,58,0,0,0,0,0,8,28548,44,53,0,0,0,0,0,0,0,0,0,0,0,0,0,0,0,0,0,0,0,0,0,0,314,16720,0,0,0,0
43459.582,16532,60,0,0,0,0,0,8,28484,44,53,0,0,0,0,0,0,0,0,0,0,0,0,0,0,0,0,0,0,0,0,0,0,305,17194,0,0,0,0
43476.322,16740,59,0,0,0,0,0,8,28489,44,53,0,0,0,0,0,0,0,0,0,0,0,0,0,0,0,0,0,0,0,0,0,0,336,16856,0,0,0,0
43493.355,17032,58,0,0,0,0,0,8,28374,44,53,0,0,0,0,0,0,0,0,0,0,0,0,0,0,0,0,0,0,0,0,0,0,329,15472,0,0,0,0
43509.126,15771,63,0,0,0,0,0,8,28463,44,53,0,0,0,0,0,0,0,0,0,0,0,0,0,0,0,0,0,0,0,0,0,0,311,17579,0,0,0,0
43525.848,16722,59,0,0,0,0,0,8,28503,44,53,0,0,0,0,0,0,0,0,0,0,0,0,0,0,0,0,0,0,0,0,0,0,315,16094,0,0,0,0
43542.747,16899,59,0,0,0,0,0,8,28486,44,53,0,0,0,0,0,0,0,0,0,0,0,0,0,0,0,0,0,0,0,0,0,0,322,16939,0,0,0,0
43559.401,16654,60,0,0,0,0,0,8,28574,44,53,0,0,0,0,0,0,0,0,0,0,0,0,0,0,0,0,0,0,0,0,0,0,328,16492,0,0,0,0
43575.707,16305,61,0,0,0,0,0,8,28573,44,53,0,0,0,0,0,0,0,0,0,0,0,0,0,0,0,0,0,0,0,0,0,0,316,17071,0,0,0,0
43592.835,17128,58,0,0,0,0,0,8,28346,44,53,0,0,0,0,0,0,0,0,0,0,0,0,0,0,0,0,0,0,0,0,0,0,312,15811,0,0,0,0
43609.434,16598,60,0,0,0,0,0,8,28558,44,53,0,0,0,0,0,0,0,0,0,0,0,0,0,0,0,0,0,0,0,0,0,0,315,17874,0,0,0,0
43626.037,16602,60,0,0,0,0,0,8,28493,44,53,0,0,0,0,0,0,0,0,0,0,0,0,0,0,0,0,0,0,0,0,0,0,320,15917,0,0,0,0
43642.569,16532,60,0,0,0,0,0,8,28484,44,53,0,0,0,0,0,0,0,0,0,0,0,0,0,0,0,0,0,0,0,0,0,0,335,16879,0,0,0,0
43659.147,16577,60,0,0,0,0,0,8,28374,44,53,0,0,0,0,0,0,0,0,0,0,0,0,0,0,0,0,0,0,0,0,0,0,295,16268,0,0,0,0
43676.019,16871,59,0,0,0,0,0,8,28435,44,53,0,0,0,0,0,0,0,0,0,0,0,0,0,0,0,0,0,0,0,0,0,0,326,16920,0,0,0,0
43692.693,16673,59,0,0,0,0,0,8,28441,44,53,0,0,0,0,0,0,0,0,0,0,0,0,0,0,0,0,0,0,0,0,0,0,310,16711,0,0,0,0
43709.855,17162,58,0,0,0,0,0,8,28391,44,53,0,0,0,0,0,0,0,0,0,0,0,0,0,0,0,0,0,0,0,0,0,0,303,16385,0,0,0,0
43726.318,16462,60,0,0,0,0,0,8,28539,44,53,0,0,0,0,0,0,0,0,0,0,0,0,0,0,0,0,0,0,0,0,0,0,320,17443,0,0,0,0
43742.763,16444,60,0,0,0,0,0,8,28406,44,53,0,0,0,0,0,0,0,0,0,0,0,0,0,0,0,0,0,0,0,0,0,0,310,16490,0,0,0,0
43760.320,17557,56,0,0,0,0,0,8,28351,44,53,0,0,0,0,0,0,0,0,0,0,0,0,0,0,0,0,0,0,0,0,0,0,319,16305,0,0,0,0
43776.316,15996,62,0,0,0,0,0,8,28534,44,53,0,0,0,0,0,0,0,0,0,0,0,0,0,0,0,0,0,0,0,0,0,0,313,17872,0,0,0,0
43792.851,16534,60,0,0,0,0,0,8,28589,44,53,0,0,0,0,0,0,0,0,0,0,0,0,0,0,0,0,0,0,0,0,0,0,315,15963,0,0,0,0
43809.187,16335,61,0,0,0,0,0,8,28371,44,53,0,0,0,0,0,0,0,0,0,0,0,0,0,0,0,0,0,0,0,0,0,0,301,16659,0,0,0,0
43826.319,17132,58,0,0,0,0,0,8,28631,44,53,0,0,0,0,0,0,0,0,0,0,0,0,0,0,0,0,0,0,0,0,0,0,297,15842,0,0,0,0
43842.732,16413,60,0,0,0,0,0,8,28481,44,53,0,0,0,0,0,0,0,0,0,0,0,0,0,0,0,0,0,0,0,0,0,0,315,16322,0,0,0,0
43859.444,16711,59,0,0,0,0,0,8,28484,44,53,0,0,0,0,0,0,0,0,0,0,0,0,0,0,0,0,0,0,0,0,0,0,313,17271,0,0,0,0
43876.330,16881,59,0,0,0,0,0,8,28563,44,53,0,0,0,0,0,0,0,0,0,0,0,0,0,0,0,0,0,0,0,0,0,0,391,17525,0,0,0,0
43892.788,16462,60,0,0,0,0,0,8,28474,44,53,0,0,0,0,0,0,0,0,0,0,0,0,0,0,0,0,0,0,0,0,0,0,286,15038,0,0,0,0
43909.840,17052,58,0,0,0,0,0,8,28400,44,53,0,0,0,0,0,0,0,0,0,0,0,0,0,0,0,0,0,0,0,0,0,0,310,17657,0,0,0,0
43926.317,16477,60,0,0,0,0,0,8,28587,44,53,0,0,0,0,0,0,0,0,0,0,0,0,0,0,0,0,0,0,0,0,0,0,326,16909,0,0,0,0
43942.885,16567,60,0,0,0,0,0,8,28536,44,53,0,0,0,0,0,0,0,0,0,0,0,0,0,0,0,0,0,0,0,0,0,0,312,16489,0,0,0,0
43960.338,17453,57,0,0,0,0,0,8,28381,44,53,0,0,0,0,0,0,0,0,0,0,0,0,0,0,0,0,0,0,0,0,0,0,308,16692,0,0,0,0
43976.064,15725,63,0,0,0,0,0,8,26873,44,53,0,0,0,0,0,0,0,0,0,0,0,0,0,0,0,0,0,0,0,0,0,0,321,17488,0,0,0,0
43992.829,16764,59,0,0,0,0,0,8,26657,44,53,0,0,0,0,0,0,0,0,0,0,0,0,0,0,0,0,0,0,0,0,0,0,307,15791,0,0,0,0
44009.613,16784,59,0,0,0,0,0,8,26721,44,53,0,0,0,0,0,0,0,0,0,0,0,0,0,0,0,0,0,0,0,0,0,0,298,16794,0,0,0,0
44026.314,16700,59,0,0,0,0,0,8,26757,44,53,0,0,0,0,0,0,0,0,0,0,0,0,0,0,0,0,0,0,0,0,0,0,315,16661,0,0,0,0
44042.870,16555,60,0,0,0,0,0,8,26768,44,53,0,0,0,0,0,0,0,0,0,0,0,0,0,0,0,0,0,0,0,0,0,0,328,15807,0,0,0,0
44059.020,16150,61,0,0,0,0,0,8,26778,44,53,0,0,0,0,0,0,0,0,0,0,0,0,0,0,0,0,0,0,0,0,0,0,357,17473,0,0,0,0
44076.459,17439,57,0,0,0,0,0,8,26727,44,53,0,0,0,0,0,0,0,0,0,0,0,0,0,0,0,0,0,0,0,0,0,0,353,16214,0,0,0,0
44092.792,16332,61,0,0,0,0,0,8,26859,44,53,0,0,0,0,0,0,0,0,0,0,0,0,0,0,0,0,0,0,0,0,0,0,318,17413,0,0,0,0
44109.484,16691,59,0,0,0,0,0,8,26660,44,53,0,0,0,0,0,0,0,0,0,0,0,0,0,0,0,0,0,0,0,0,0,0,315,16541,0,0,0,0
44125.840,16356,61,0,0,0,0,0,8,26979,44,53,0,0,0,0,0,0,0,0,0,0,0,0,0,0,0,0,0,0,0,0,0,0,334,16250,0,0,0,0
44142.548,16707,59,0,0,0,0,0,8,26718,44,53,0,0,0,0,0,0,0,0,0,0,0,0,0,0,0,0,0,0,0,0,0,0,299,16211,0,0,0,0
44159.616,17067,58,0,0,0,0,0,8,26671,44,53,0,0,0,0,0,0,0,0,0,0,0,0,0,0,0,0,0,0,0,0,0,0,298,16710,0,0,0,0
44176.128,16512,60,0,0,0,0,0,8,26874,44,53,0,0,0,0,0,0,0,0,0,0,0,0,0,0,0,0,0,0,0,0,0,0,303,17107,0,0,0,0
44192.669,16541,60,0,0,0,0,0,8,26759,44,53,0,0,0,0,0,0,0,0,0,0,0,0,0,0,0,0,0,0,0,0,0,0,321,16854,0,0,0,0
44209.370,16701,59,0,0,0,0,0,8,26625,44,53,0,0,0,0,0,0,0,0,0,0,0,0,0,0,0,0,0,0,0,0,0,0,331,16695,0,0,0,0
44226.324,16953,58,0,0,0,0,0,8,26732,44,53,0,0,0,0,0,0,0,0,0,0,0,0,0,0,0,0,0,0,0,0,0,0,334,16560,0,0,0,0
44242.824,16500,60,0,0,0,0,0,8,26753,44,53,0,0,0,0,0,0,0,0,0,0,0,0,0,0,0,0,0,0,0,0,0,0,310,16920,0,0,0,0
44259.695,16871,59,0,0,0,0,0,8,26634,44,53,0,0,0,0,0,0,0,0,0,0,0,0,0,0,0,0,0,0,0,0,0,0,318,16497,0,0,0,0
44275.962,16266,61,0,0,0,0,0,8,26757,44,53,0,0,0,0,0,0,0,0,0,0,0,0,0,0,0,0,0,0,0,0,0,0,300,16534,0,0,0,0
44292.919,16956,58,0,0,0,0,0,8,26749,44,53,0,0,0,0,0,0,0,0,0,0,0,0,0,0,0,0,0,0,0,0,0,0,333,16464,0,0,0,0
44309.415,16495,60,0,0,0,0,0,8,26600,44,53,0,0,0,0,0,0,0,0,0,0,0,0,0,0,0,0,0,0,0,0,0,0,311,16967,0,0,0,0
44326.026,16611,60,0,0,0,0,0,8,26831,44,53,0,0,0,0,0,0,0,0,0,0,0,0,0,0,0,0,0,0,0,0,0,0,330,17503,0,0,0,0
44342.973,16946,59,0,0,0,0,0,8,28492,44,53,0,0,0,0,0,0,0,0,0,0,0,0,0,0,0,0,0,0,0,0,0,0,321,15565,0,0,0,0
44359.195,16222,61,0,0,0,0,0,8,28442,44,53,0,0,0,0,0,0,0,0,0,0,0,0,0,0,0,0,0,0,0,0,0,0,315,17198,0,0,0,0
44376.313,17117,58,0,0,0,0,0,8,28484,44,53,0,0,0,0,0,0,0,0,0,0,0,0,0,0,0,0,0,0,0,0,0,0,321,16302,0,0,0,0
44392.968,16654,60,0,0,0,0,0,8,28686,44,53,0,0,0,0,0,0,0,0,0,0,0,0,0,0,0,0,0,0,0,0,0,0,340,17040,0,0,0,0
44408.947,15979,62,0,0,0,0,0,8,28467,44,53,0,0,0,0,0,0,0,0,0,0,0,0,0,0,0,0,0,0,0,0,0,0,310,16695,0,0,0,0
44425.886,16928,59,0,0,0,0,0,8,28519,44,53,0,0,0,0,0,0,0,0,0,0,0,0,0,0,0,0,0,0,0,0,0,0,329,15928,0,0,0,0
44442.759,16882,59,0,0,0,0,0,8,28535,44,53,0,0,0,0,0,0,0,0,0,0,0,0,0,0,0,0,0,0,0,0,0,0,320,16782,0,0,0,0
44459.130,16370,61,0,0,0,0,0,8,28418,44,53,0,0,0,0,0,0,0,0,0,0,0,0,0,0,0,0,0,0,0,0,0,0,313,16898,0,0,0,0
44475.988,16859,59,0,0,0,0,0,8,28461,44,53,0,0,0,0,0,0,0,0,0,0,0,0,0,0,0,0,0,0,0,0,0,0,306,16382,0,0,0,0
44492.827,16838,59,0,0,0,0,0,8,28530,44,53,0,0,0,0,0,0,0,0,0,0,0,0,0,0,0,0,0,0,0,0,0,0,321,16830,0,0,0,0
44509.211,16384,61,0,0,0,0,0,8,28415,44,53,0,0,0,0,0,0,0,0,0,0,0,0,0,0,0,0,0,0,0,0,0,0,298,16851,0,0,0,0
44526.120,16908,59,0,0,0,0,0,8,28502,44,53,0,0,0,0,0,0,0,0,0,0,0,0,0,0,0,0,0,0,0,0,0,0,305,16589,0,0,0,0
44542.533,16412,60,0,0,0,0,0,8,28481,44,53,0,0,0,0,0,0,0,0,0,0,0,0,0,0,0,0,0,0,0,0,0,0,311,16550,0,0,0,0
44559.125,16592,60,0,0,0,0,0,8,28410,44,53,0,0,0,0,0,0,0,0,0,0,0,0,0,0,0,0,0,0,0,0,0,0,320,16422,0,0,0,0
44576.314,17188,58,0,0,0,0,0,8,28551,44,53,0,0,0,0,0,0,0,0,0,0,0,0,0,0,0,0,0,0,0,0,0,0,299,16539,0,0,0,0
44592.821,16507,60,0,0,0,0,0,8,28425,44,53,0,0,0,0,0,0,0,0,0,0,0,0,0,0,0,0,0,0,0,0,0,0,317,16393,0,0,0,0
44609.838,17016,58,0,0,0,0,0,8,28588,44,53,0,0,0,0,0,0,0,0,0,0,0,0,0,0,0,0,0,0,0,0,0,0,341,18015,0,0,0,0
44625.920,16082,62,0,0,0,0,0,8,28478,44,53,0,0,0,0,0,0,0,0,0,0,0,0,0,0,0,0,0,0,0,0,0,0,300,16232,0,0,0,0
44642.886,16966,58,0,0,0,0,0,8,28518,44,53,0,0,0,0,0,0,0,0,0,0,0,0,0,0,0,0,0,0,0,0,0,0,339,16305,0,0,0,0
44659.190,16304,61,0,0,0,0,0,8,28611,44,53,0,0,0,0,0,0,0,0,0,0,0,0,0,0,0,0,0,0,0,0,0,0,316,16802,0,0,0,0
44676.130,16940,59,0,0,0,0,0,8,28520,44,53,0,0,0,0,0,0,0,0,0,0,0,0,0,0,0,0,0,0,0,0,0,0,355,16602,0,0,0,0
44692.821,16691,59,0,0,0,0,0,8,28541,44,53,0,0,0,0,0,0,0,0,0,0,0,0,0,0,0,0,0,0,0,0,0,0,298,16976,0,0,0,0
44709.320,16498,60,0,0,0,0,0,8,28494,44,53,0,0,0,0,0,0,0,0,0,0,0,0,0,0,0,0,0,0,0,0,0,0,301,16584,0,0,0,0
44725.982,16661,60,0,0,0,0,0,8,28496,44,53,0,0,0,0,0,0,0,0,0,0,0,0,0,0,0,0,0,0,0,0,0,0,330,16756,0,0,0,0
44742.828,16846,59,0,0,0,0,0,8,28444,44,53,0,0,0,0,0,0,0,0,0,0,0,0,0,0,0,0,0,0,0,0,0,0,335,16685,0,0,0,0
44759.839,17011,58,0,0,0,0,0,8,28627,44,53,0,0,0,0,0,0,0,0,0,0,0,0,0,0,0,0,0,0,0,0,0,0,331,17117,0,0,0,0
44776.086,16246,61,0,0,0,0,0,8,28552,44,53,0,0,0,0,0,0,0,0,0,0,0,0,0,0,0,0,0,0,0,0,0,0,313,16210,0,0,0,0
44792.319,16233,61,0,0,0,0,0,8,28373,44,53,0,0,0,0,0,0,0,0,0,0,0,0,0,0,0,0,0,0,0,0,0,0,325,16705,0,0,0,0
44809.449,17129,58,0,0,0,0,0,8,28487,44,53,0,0,0,0,0,0,0,0,0,0,0,0,0,0,0,0,0,0,0,0,0,0,314,16506,0,0,0,0
44826.308,16859,59,0,0,0,0,0,8,28521,44,53,0,0,0,0,0,0,0,0,0,0,0,0,0,0,0,0,0,0,0,0,0,0,327,16395,0,0,0,0
44842.508,16200,61,0,0,0,0,0,8,28506,44,53,0,0,0,0,0,0,0,0,0,0,0,0,0,0,0,0,0,0,0,0,0,0,339,16218,0,0,0,0
44859.070,16561,60,0,0,0,0,0,8,28495,44,53,0,0,0,0,0,0,0,0,0,0,0,0,0,0,0,0,0,0,0,0,0,0,328,17328,0,0,0,0
44875.861,16791,59,0,0,0,0,0,8,28449,44,53,0,0,0,0,0,0,0,0,0,0,0,0,0,0,0,0,0,0,0,0,0,0,305,16461,0,0,0,0
44892.843,16982,58,0,0,0,0,0,8,28427,44,53,0,0,0,0,0,0,0,0,0,0,0,0,0,0,0,0,0,0,0,0,0,0,320,16413,0,0,0,0
44909.454,16610,60,0,0,0,0,0,8,28543,44,53,0,0,0,0,0,0,0,0,0,0,0,0,0,0,0,0,0,0,0,0,0,0,310,17346,0,0,0,0
44926.325,16871,59,0,0,0,0,0,8,28673,44,53,0,0,0,0,0,0,0,0,0,0,0,0,0,0,0,0,0,0,0,0,0,0,331,17072,0,0,0,0
44942.848,16522,60,0,0,0,0,0,8,28428,44,53,0,0,0,0,0,0,0,0,0,0,0,0,0,0,0,0,0,0,0,0,0,0,326,16216,0,0,0,0
44959.912,17064,58,0,0,0,0,0,8,28354,44,53,0,0,0,0,0,0,0,0,0,0,0,0,0,0,0,0,0,0,0,0,0,0,325,16638,0,0,0,0
44976.310,16397,60,0,0,0,0,0,8,28534,44,53,0,0,0,0,0,0,0,0,0,0,0,0,0,0,0,0,0,0,0,0,0,0,320,17337,0,0,0,0
44992.880,16569,60,0,0,0,0,0,8,28436,44,53,0,0,0,0,0,0,0,0,0,0,0,0,0,0,0,0,0,0,0,0,0,0,337,15894,0,0,0,0
45009.336,16456,60,0,0,0,0,0,8,28355,44,53,0,0,0,0,0,0,0,0,0,0,0,0,0,0,0,0,0,0,0,0,0,0,327,16618,0,0,0,0
45025.820,16484,60,0,0,0,0,0,8,28470,44,53,0,0,0,0,0,0,0,0,0,0,0,0,0,0,0,0,0,0,0,0,0,0,321,16882,0,0,0,0
45043.284,17463,57,0,0,0,0,0,8,26638,44,53,0,0,0,0,0,0,0,0,0,0,0,0,0,0,0,0,0,0,0,0,0,0,315,16116,0,0,0,0
45059.369,16085,62,0,0,0,0,0,8,26784,44,53,0,0,0,0,0,0,0,0,0,0,0,0,0,0,0,0,0,0,0,0,0,0,308,17532,0,0,0,0
45076.243,16873,59,0,0,0,0,0,8,26746,44,53,0,0,0,0,0,0,0,0,0,0,0,0,0,0,0,0,0,0,0,0,0,0,345,16475,0,0,0,0
45092.960,16717,59,0,0,0,0,0,8,26731,44,53,0,0,0,0,0,0,0,0,0,0,0,0,0,0,0,0,0,0,0,0,0,0,300,16498,0,0,0,0
45109.871,16911,59,0,0,0,0,0,8,26585,44,53,0,0,0,0,0,0,0,0,0,0,0,0,0,0,0,0,0,0,0,0,0,0,302,16802,0,0,0,0
45126.053,16181,61,0,0,0,0,0,8,26748,44,53,0,0,0,0,0,0,0,0,0,0,0,0,0,0,0,0,0,0,0,0,0,0,320,16669,0,0,0,0
45142.868,16814,59,0,0,0,0,0,8,26697,44,53,0,0,0,0,0,0,0,0,0,0,0,0,0,0,0,0,0,0,0,0,0,0,302,16367,0,0,0,0
45160.307,17439,57,0,0,0,0,0,8,26720,44,53,0,0,0,0,0,0,0,0,0,0,0,0,0,0,0,0,0,0,0,0,0,0,343,17158,0,0,0,0
45176.310,16003,62,0,0,0,0,0,8,26857,44,53,0,0,0,0,0,0,0,0,0,0,0,0,0,0,0,0,0,0,0,0,0,0,330,17215,0,0,0,0
45192.848,16537,60,0,0,0,0,0,8,26725,44,53,0,0,0,0,0,0,0,0,0,0,0,0,0,0,0,0,0,0,0,0,0,0,299,16003,0,0,0,0
45209.828,16981,58,0,0,0,0,0,8,26853,44,53,0,0,0,0,0,0,0,0,0,0,0,0,0,0,0,0,0,0,0,0,0,0,327,16738,0,0,0,0
45226.165,16336,61,0,0,0,0,0,8,26787,44,53,0,0,0,0,0,0,0,0,0,0,0,0,0,0,0,0,0,0,0,0,0,0,320,16365,0,0,0,0
45242.850,16684,59,0,0,0,0,0,8,26754,44,53,0,0,0,0,0,0,0,0,0,0,0,0,0,0,0,0,0,0,0,0,0,0,334,16489,0,0,0,0
45259.416,16565,60,0,0,0,0,0,8,26768,44,53,0,0,0,0,0,0,0,0,0,0,0,0,0,0,0,0,0,0,0,0,0,0,323,17072,0,0,0,0
45276.014,16598,60,0,0,0,0,0,8,26750,44,53,0,0,0,0,0,0,0,0,0,0,0,0,0,0,0,0,0,0,0,0,0,0,298,16055,0,0,0,0
45292.584,16570,60,0,0,0,0,0,8,26796,44,53,0,0,0,0,0,0,0,0,0,0,0,0,0,0,0,0,0,0,0,0,0,0,290,16513,0,0,0,0
45309.365,16781,59,0,0,0,0,0,8,28399,44,53,0,0,0,0,0,0,0,0,0,0,0,0,0,0,0,0,0,0,0,0,0,0,307,16734,0,0,0,0
45326.445,17079,58,0,0,0,0,0,8,28589,44,53,0,0,0,0,0,0,0,0,0,0,0,0,0,0,0,0,0,0,0,0,0,0,310,17384,0,0,0,0
45342.812,16367,61,0,0,0,0,0,8,28425,44,53,0,0,0,0,0,0,0,0,0,0,0,0,0,0,0,0,0,0,0,0,0,0,302,16467,0,0,0,0
45360.317,17505,57,0,0,0,0,0,8,28519,44,53,0,0,0,0,0,0,0,0,0,0,0,0,0,0,0,0,0,0,0,0,0,0,292,16552,0,0,0,0
45376.299,15982,62,0,0,0,0,0,8,28705,44,53,0,0,0,0,0,0,0,0,0,0,0,0,0,0,0,0,0,0,0,0,0,0,323,17671,0,0,0,0
45392.812,16512,60,0,0,0,0,0,8,28430,44,53,0,0,0,0,0,0,0,0,0,0,0,0,0,0,0,0,0,0,0,0,0,0,332,15954,0,0,0,0
45409.448,16636,60,0,0,0,0,0,8,28556,44,53,0,0,0,0,0,0,0,0,0,0,0,0,0,0,0,0,0,0,0,0,0,0,317,16618,0,0,0,0
45426.301,16852,59,0,0,0,0,0,8,28433,44,53,0,0,0,0,0,0,0,0,0,0,0,0,0,0,0,0,0,0,0,0,0,0,321,16498,0,0,0,0
45442.058,15756,63,0,0,0,0,0,8,28518,44,53,0,0,0,0,0,0,0,0,0,0,0,0,0,0,0,0,0,0,0,0,0,0,309,15945,0,0,0,0
45459.179,17120,58,0,0,0,0,0,8,28412,44,53,0,0,0,0,0,0,0,0,0,0,0,0,0,0,0,0,0,0,0,0,0,0,309,16528,0,0,0,0
45476.897,17718,56,0,0,0,0,0,8,28508,44,53,0,0,0,0,0,0,0,0,0,0,0,0,0,0,0,0,0,0,0,0,0,0,345,16897,0,0,0,0
45492.332,15435,64,0,0,0,0,0,8,28716,44,53,0,0,0,0,0,0,0,0,0,0,0,0,0,0,0,0,0,0,0,0,0,0,318,17740,0,0,0,0
45510.300,17968,55,0,0,0,0,0,8,28430,44,53,0,0,0,0,0,0,0,0,0,0,0,0,0,0,0,0,0,0,0,0,0,0,306,15400,0,0,0,0
45526.303,16002,62,0,0,0,0,0,8,28591,44,53,0,0,0,0,0,0,0,0,0,0,0,0,0,0,0,0,0,0,0,0,0,0,332,18407,0,0,0,0
45542.823,16519,60,0,0,0,0,0,8,28401,44,53,0,0,0,0,0,0,0,0,0,0,0,0,0,0,0,0,0,0,0,0,0,0,327,15969,0,0,0,0
45559.492,16669,59,0,0,0,0,0,8,28454,44,53,0,0,0,0,0,0,0,0,0,0,0,0,0,0,0,0,0,0,0,0,0,0,314,16825,0,0,0,0
45576.307,16814,59,0,0,0,0,0,8,26772,44,53,0,0,0,0,0,0,0,0,0,0,0,0,0,0,0,0,0,0,0,0,0,0,305,16044,0,0,0,0
45592.871,16564,60,0,0,0,0,0,8,26696,44,53,0,0,0,0,0,0,0,0,0,0,0,0,0,0,0,0,0,0,0,0,0,0,307,15918,0,0,0,0
45609.823,16952,58,0,0,0,0,0,8,26712,44,53,0,0,0,0,0,0,0,0,0,0,0,0,0,0,0,0,0,0,0,0,0,0,305,17558,0,0,0,0
45626.315,16491,60,0,0,0,0,0,8,26755,44,53,0,0,0,0,0,0,0,0,0,0,0,0,0,0,0,0,0,0,0,0,0,0,328,16804,0,0,0,0
45643.301,16986,58,0,0,0,0,0,8,28393,44,53,0,0,0,0,0,0,0,0,0,0,0,0,0,0,0,0,0,0,0,0,0,0,315,15693,0,0,0,0
45659.437,16135,61,0,0,0,0,0,8,28500,44,53,0,0,0,0,0,0,0,0,0,0,0,0,0,0,0,0,0,0,0,0,0,0,300,18185,0,0,0,0
45676.302,16864,59,0,0,0,0,0,8,28429,44,53,0,0,0,0,0,0,0,0,0,0,0,0,0,0,0,0,0,0,0,0,0,0,329,16160,0,0,0,0
45692.833,16531,60,0,0,0,0,0,8,28375,44,53,0,0,0,0,0,0,0,0,0,0,0,0,0,0,0,0,0,0,0,0,0,0,354,15668,0,0,0,0
45709.439,16605,60,0,0,0,0,0,8,28525,44,53,0,0,0,0,0,0,0,0,0,0,0,0,0,0,0,0,0,0,0,0,0,0,330,17754,0,0,0,0
45726.302,16862,59,0,0,0,0,0,8,28479,44,53,0,0,0,0,0,0,0,0,0,0,0,0,0,0,0,0,0,0,0,0,0,0,331,16239,0,0,0,0
45742.732,16430,60,0,0,0,0,0,8,28419,44,53,0,0,0,0,0,0,0,0,0,0,0,0,0,0,0,0,0,0,0,0,0,0,313,15959,0,0,0,0
45759.350,16618,60,0,0,0,0,0,8,28393,44,53,0,0,0,0,0,0,0,0,0,0,0,0,0,0,0,0,0,0,0,0,0,0,306,17434,0,0,0,0
45776.300,16950,58,0,0,0,0,0,8,28692,44,53,0,0,0,0,0,0,0,0,0,0,0,0,0,0,0,0,0,0,0,0,0,0,318,16812,0,0,0,0
45792.717,16417,60,0,0,0,0,0,8,28461,44,53,0,0,0,0,0,0,0,0,0,0,0,0,0,0,0,0,0,0,0,0,0,0,315,15670,0,0,0,0
45808.817,16099,62,0,0,0,0,0,8,28441,44,53,0,0,0,0,0,0,0,0,0,0,0,0,0,0,0,0,0,0,0,0,0,0,325,17377,0,0,0,0
45825.999,17181,58,0,0,0,0,0,8,28439,44,53,0,0,0,0,0,0,0,0,0,0,0,0,0,0,0,0,0,0,0,0,0,0,322,16034,0,0,0,0
45842.928,16929,59,0,0,0,0,0,8,28550,44,53,0,0,0,0,0,0,0,0,0,0,0,0,0,0,0,0,0,0,0,0,0,0,304,17101,0,0,0,0
45858.905,15976,62,0,0,0,0,0,8,28467,44,53,0,0,0,0,0,0,0,0,0,0,0,0,0,0,0,0,0,0,0,0,0,0,323,17661,0,0,0,0
45876.146,17240,58,0,0,0,0,0,8,28493,44,53,0,0,0,0,0,0,0,0,0,0,0,0,0,0,0,0,0,0,0,0,0,0,319,15324,0,0,0,0
45892.829,16683,59,0,0,0,0,0,8,28489,44,53,0,0,0,0,0,0,0,0,0,0,0,0,0,0,0,0,0,0,0,0,0,0,321,17621,0,0,0,0
45910.325,17496,57,0,0,0,0,0,8,28401,44,53,0,0,0,0,0,0,0,0,0,0,0,0,0,0,0,0,0,0,0,0,0,0,318,16974,0,0,0,0
45926.307,15982,62,0,0,0,0,0,8,28588,44,53,0,0,0,0,0,0,0,0,0,0,0,0,0,0,0,0,0,0,0,0,0,0,323,17047,0,0,0,0
45942.380,16072,62,0,0,0,0,0,8,28526,44,53,0,0,0,0,0,0,0,0,0,0,0,0,0,0,0,0,0,0,0,0,0,0,305,15854,0,0,0,0
45959.435,17055,58,0,0,0,0,0,8,27773,44,53,0,0,0,0,0,0,0,0,0,0,0,0,0,0,0,0,0,0,0,0,0,0,340,16655,0,0,0,0
45976.155,16719,59,0,0,0,0,0,8,26795,44,53,0,0,0,0,0,0,0,0,0,0,0,0,0,0,0,0,0,0,0,0,0,0,331,17074,0,0,0,0
45992.699,16543,60,0,0,0,0,0,8,26245,44,53,0,0,0,0,0,0,0,0,0,0,0,0,0,0,0,0,0,0,0,0,0,0,335,16243,0,0,0,0
46009.309,16610,60,0,0,0,0,0,8,25988,44,53,0,0,0,0,0,0,0,0,0,0,0,0,0,0,0,0,0,0,0,0,0,0,320,17161,0,0,0,0
46025.639,16330,61,0,0,0,0,0,8,26196,44,53,0,0,0,0,0,0,0,0,0,0,0,0,0,0,0,0,0,0,0,0,0,0,328,16571,0,0,0,0
46042.434,16794,59,0,0,0,0,0,8,26348,44,53,0,0,0,0,0,0,0,0,0,0,0,0,0,0,0,0,0,0,0,0,0,0,323,15871,0,0,0,0
46059.821,17387,57,0,0,0,0,0,8,25706,44,53,0,0,0,0,0,0,0,0,0,0,0,0,0,0,0,0,0,0,0,0,0,0,318,16861,0,0,0,0
46076.177,16356,61,0,0,0,0,0,8,25667,44,53,0,0,0,0,0,0,0,0,0,0,0,0,0,0,0,0,0,0,0,0,0,0,352,17363,0,0,0,0
46092.348,16170,61,0,0,0,0,0,8,24892,44,53,0,0,0,0,0,0,0,0,0,0,0,0,0,0,0,0,0,0,0,0,0,0,328,15031,0,0,0,0
46110.328,17979,55,0,0,0,0,0,8,24988,44,53,0,0,0,0,0,0,0,0,0,0,0,0,0,0,0,0,0,0,0,0,0,0,333,17916,0,0,0,0
46126.161,15833,63,0,0,0,0,0,8,24971,44,53,0,0,0,0,0,0,0,0,0,0,0,0,0,0,0,0,0,0,0,0,0,0,329,17267,0,0,0,0
46143.303,17141,58,0,0,0,0,0,8,24705,44,53,0,0,0,0,0,0,0,0,0,0,0,0,0,0,0,0,0,0,0,0,0,0,319,15889,0,0,0,0
46159.273,15970,62,0,0,0,0,0,8,24633,44,53,0,0,0,0,0,0,0,0,0,0,0,0,0,0,0,0,0,0,0,0,0,0,337,17270,0,0,0,0
46176.329,17055,58,0,0,0,0,0,8,23955,44,53,0,0,0,0,0,0,0,0,0,0,0,0,0,0,0,0,0,0,0,0,0,0,331,15460,0,0,0,0
46192.810,16481,60,0,0,0,0,0,8,24090,44,53,0,0,0,0,0,0,0,0,0,0,0,0,0,0,0,0,0,0,0,0,0,0,312,17390,0,0,0,0
46209.570,16759,59,0,0,0,0,0,8,23881,44,53,0,0,0,0,0,0,0,0,0,0,0,0,0,0,0,0,0,0,0,0,0,0,324,16498,0,0,0,0
46225.863,16293,61,0,0,0,0,0,8,23847,44,53,0,0,0,0,0,0,0,0,0,0,0,0,0,0,0,0,0,0,0,0,0,0,346,16936,0,0,0,0
46242.868,17004,58,0,0,0,0,0,8,21954,44,53,0,0,0,0,0,0,0,0,0,0,0,0,0,0,0,0,0,0,0,0,0,0,312,15957,0,0,0,0
46258.715,15847,63,0,0,0,0,0,8,21979,44,53,0,0,0,0,0,0,0,0,0,0,0,0,0,0,0,0,0,0,0,0,0,0,360,17368,0,0,0,0
46275.937,17221,58,0,0,0,0,0,8,22352,44,53,0,0,0,0,0,0,0,0,0,0,0,0,0,0,0,0,0,0,0,0,0,0,351,15080,0,0,0,0
46292.876,16939,59,0,0,0,0,0,8,24340,44,53,0,0,0,0,0,0,0,0,0,0,0,0,0,0,0,0,0,0,0,0,0,0,339,17797,0,0,0,0
46309.157,16280,61,0,0,0,0,0,8,24073,44,53,0,0,0,0,0,0,0,0,0,0,0,0,0,0,0,0,0,0,0,0,0,0,332,16463,0,0,0,0
46326.128,16970,58,0,0,0,0,0,8,24012,44,53,0,0,0,0,0,0,0,0,0,0,0,0,0,0,0,0,0,0,0,0,0,0,303,16592,0,0,0,0
46342.692,16564,60,0,0,0,0,0,8,24039,44,53,0,0,0,0,0,0,0,0,0,0,0,0,0,0,0,0,0,0,0,0,0,0,339,16947,0,0,0,0
46359.565,16873,59,0,0,0,0,0,8,23532,44,53,0,0,0,0,0,0,0,0,0,0,0,0,0,0,0,0,0,0,0,0,0,0,330,16433,0,0,0,0
46376.297,16731,59,0,0,0,0,0,8,23627,44,53,0,0,0,0,0,0,0,0,0,0,0,0,0,0,0,0,0,0,0,0,0,0,308,16511,0,0,0,0
46392.815,16518,60,0,0,0,0,0,8,23482,44,53,0,0,0,0,0,0,0,0,0,0,0,0,0,0,0,0,0,0,0,0,0,0,325,16077,0,0,0,0
46409.477,16661,60,0,0,0,0,0,8,23702,44,53,0,0,0,0,0,0,0,0,0,0,0,0,0,0,0,0,0,0,0,0,0,0,333,17858,0,0,0,0
46426.293,16816,59,0,0,0,0,0,8,23608,44,53,0,0,0,0,0,0,0,0,0,0,0,0,0,0,0,0,0,0,0,0,0,0,323,16461,0,0,0,0
46442.954,16660,60,0,0,0,0,0,8,23252,44,53,0,0,0,0,0,0,0,0,0,0,0,0,0,0,0,0,0,0,0,0,0,0,335,15627,0,0,0,0
46459.188,16234,61,0,0,0,0,0,8,23266,44,53,0,0,0,0,0,0,0,0,0,0,0,0,0,0,0,0,0,0,0,0,0,0,343,17835,0,0,0,0
46476.309,17120,58,0,0,0,0,0,8,23217,44,53,0,0,0,0,0,0,0,0,0,0,0,0,0,0,0,0,0,0,0,0,0,0,323,15911,0,0,0,0
46492.853,16544,60,0,0,0,0,0,8,22831,44,53,0,0,0,0,0,0,0,0,0,0,0,0,0,0,0,0,0,0,0,0,0,0,310,16088,0,0,0,0
46510.295,17442,57,0,0,0,0,0,8,22817,44,53,0,0,0,0,0,0,0,0,0,0,0,0,0,0,0,0,0,0,0,0,0,0,312,17922,0,0,0,0
46525.922,15627,63,0,0,0,0,0,8,22926,44,53,0,0,0,0,0,0,0,0,0,0,0,0,0,0,0,0,0,0,0,0,0,0,329,17331,0,0,0,0
46543.290,17367,57,0,0,0,0,0,8,22787,44,53,0,0,0,0,0,0,0,0,0,0,0,0,0,0,0,0,0,0,0,0,0,0,304,15637,0,0,0,0
46559.563,16273,61,0,0,0,0,0,8,22849,44,53,0,0,0,0,0,0,0,0,0,0,0,0,0,0,0,0,0,0,0,0,0,0,301,17137,0,0,0,0
46575.826,16262,61,0,0,0,0,0,8,22807,44,53,0,0,0,0,0,0,0,0,0,0,0,0,0,0,0,0,0,0,0,0,0,0,338,16591,0,0,0,0
46592.861,17035,58,0,0,0,0,0,8,23004,44,53,0,0,0,0,0,0,0,0,0,0,0,0,0,0,0,0,0,0,0,0,0,0,297,16198,0,0,0,0
46608.938,16077,62,0,0,0,0,0,8,22897,44,53,0,0,0,0,0,0,0,0,0,0,0,0,0,0,0,0,0,0,0,0,0,0,314,16750,0,0,0,0
46626.303,17364,57,0,0,0,0,0,8,22810,44,53,0,0,0,0,0,0,0,0,0,0,0,0,0,0,0,0,0,0,0,0,0,0,322,16226,0,0,0,0
46642.301,15997,62,0,0,0,0,0,8,22765,44,53,0,0,0,0,0,0,0,0,0,0,0,0,0,0,0,0,0,0,0,0,0,0,310,16178,0,0,0,0
46660.293,17991,55,0,0,0,0,0,8,22910,44,53,0,0,0,0,0,0,0,0,0,0,0,0,0,0,0,0,0,0,0,0,0,0,332,17929,0,0,0,0
46676.300,16007,62,0,0,0,0,0,8,22817,44,53,0,0,0,0,0,0,0,0,0,0,0,0,0,0,0,0,0,0,0,0,0,0,335,17202,0,0,0,0
46692.948,16647,60,0,0,0,0,0,8,22731,44,53,0,0,0,0,0,0,0,0,0,0,0,0,0,0,0,0,0,0,0,0,0,0,291,15953,0,0,0,0
46709.616,16668,59,0,0,0,0,0,8,22564,44,53,0,0,0,0,0,0,0,0,0,0,0,0,0,0,0,0,0,0,0,0,0,0,331,16804,0,0,0,0
46725.431,15814,63,0,0,0,0,0,8,22689,44,53,0,0,0,0,0,0,0,0,0,0,0,0,0,0,0,0,0,0,0,0,0,0,305,16367,0,0,0,0
46742.806,17374,57,0,0,0,0,0,8,22641,44,53,0,0,0,0,0,0,0,0,0,0,0,0,0,0,0,0,0,0,0,0,0,0,335,15902,0,0,0,0
46759.607,16801,59,0,0,0,0,0,8,22795,44,53,0,0,0,0,0,0,0,0,0,0,0,0,0,0,0,0,0,0,0,0,0,0,344,17838,0,0,0,0
46775.803,16195,61,0,0,0,0,0,8,22688,44,53,0,0,0,0,0,0,0,0,0,0,0,0,0,0,0,0,0,0,0,0,0,0,304,16328,0,0,0,0
46792.730,16927,59,0,0,0,0,0,8,22566,44,53,0,0,0,0,0,0,0,0,0,0,0,0,0,0,0,0,0,0,0,0,0,0,317,16521,0,0,0,0
46809.218,16487,60,0,0,0,0,0,8,20766,44,53,0,0,0,0,0,0,0,0,0,0,0,0,0,0,0,0,0,0,0,0,0,0,322,16431,0,0,0,0
46825.888,16670,59,0,0,0,0,0,8,20835,44,53,0,0,0,0,0,0,0,0,0,0,0,0,0,0,0,0,0,0,0,0,0,0,335,16581,0,0,0,0
46842.353,16464,60,0,0,0,0,0,8,20816,44,53,0,0,0,0,0,0,0,0,0,0,0,0,0,0,0,0,0,0,0,0,0,0,350,17181,0,0,0,0
46860.304,17951,55,0,0,0,0,0,8,20907,44,53,0,0,0,0,0,0,0,0,0,0,0,0,0,0,0,0,0,0,0,0,0,0,311,16247,0,0,0,0
46876.343,16039,62,0,0,0,0,0,8,20797,44,53,0,0,0,0,0,0,0,0,0,0,0,0,0,0,0,0,0,0,0,0,0,0,365,17888,0,0,0,0
46892.887,16544,60,0,0,0,0,0,8,20736,44,53,0,0,0,0,0,0,0,0,0,0,0,0,0,0,0,0,0,0,0,0,0,0,303,15861,0,0,0,0
46909.592,16704,59,0,0,0,0,0,8,20617,44,53,0,0,0,0,0,0,0,0,0,0,0,0,0,0,0,0,0,0,0,0,0,0,323,16411,0,0,0,0
46926.287,16695,59,0,0,0,0,0,8,20784,44,53,0,0,0,0,0,0,0,0,0,0,0,0,0,0,0,0,0,0,0,0,0,0,327,16655,0,0,0,0
46942.771,16484,60,0,0,0,0,0,8,20648,44,53,0,0,0,0,0,0,0,0,0,0,0,0,0,0,0,0,0,0,0,0,0,0,336,17027,0,0,0,0
46959.463,16691,59,0,0,0,0,0,8,20417,44,53,0,0,0,0,0,0,0,0,0,0,0,0,0,0,0,0,0,0,0,0,0,0,350,16207,0,0,0,0
46976.298,16834,59,0,0,0,0,0,8,20335,44,53,0,0,0,0,0,0,0,0,0,0,0,0,0,0,0,0,0,0,0,0,0,0,338,16682,0,0,0,0
46993.290,16992,58,0,0,0,0,0,8,20276,44,53,0,0,0,0,0,0,0,0,0,0,0,0,0,0,0,0,0,0,0,0,0,0,305,16053,0,0,0,0
47009.559,16268,61,0,0,0,0,0,8,20680,44,53,0,0,0,0,0,0,0,0,0,0,0,0,0,0,0,0,0,0,0,0,0,0,344,18873,0,0,0,0
47026.107,16547,60,0,0,0,0,0,8,20680,44,53,0,0,0,0,0,0,0,0,0,0,0,0,0,0,0,0,0,0,0,0,0,0,327,15240,0,0,0,0
47042.979,16871,59,0,0,0,0,0,8,21618,44,53,0,0,0,0,0,0,0,0,0,0,0,0,0,0,0,0,0,0,0,0,0,0,309,16775,0,0,0,0
47059.388,16409,60,0,0,0,0,0,8,21099,44,53,0,0,0,0,0,0,0,0,0,0,0,0,0,0,0,0,0,0,0,0,0,0,318,16738,0,0,0,0
47075.969,16581,60,0,0,0,0,0,8,20429,44,53,0,0,0,0,0,0,0,0,0,0,0,0,0,0,0,0,0,0,0,0,0,0,309,16669,0,0,0,0
47092.832,16863,59,0,0,0,0,0,8,20300,44,53,0,0,0,0,0,0,0,0,0,0,0,0,0,0,0,0,0,0,0,0,0,0,330,16276,0,0,0,0
47109.456,16623,60,0,0,0,0,0,8,20248,44,53,0,0,0,0,0,0,0,0,0,0,0,0,0,0,0,0,0,0,0,0,0,0,296,17155,0,0,0,0
47126.288,16831,59,0,0,0,0,0,8,20255,44,53,0,0,0,0,0,0,0,0,0,0,0,0,0,0,0,0,0,0,0,0,0,0,344,16253,0,0,0,0
47142.890,16602,60,0,0,0,0,0,8,20333,44,53,0,0,0,0,0,0,0,0,0,0,0,0,0,0,0,0,0,0,0,0,0,0,337,17163,0,0,0,0
47159.525,16635,60,0,0,0,0,0,8,19653,44,53,0,0,0,0,0,0,0,0,0,0,0,0,0,0,0,0,0,0,0,0,0,0,328,16279,0,0,0,0
47176.304,16778,59,0,0,0,0,0,8,19638,44,53,0,0,0,0,0,0,0,0,0,0,0,0,0,0,0,0,0,0,0,0,0,0,314,16540,0,0,0,0
47192.962,16658,60,0,0,0,0,0,8,19670,44,53,0,0,0,0,0,0,0,0,0,0,0,0,0,0,0,0,0,0,0,0,0,0,338,17087,0,0,0,0
47209.697,16734,59,0,0,0,0,0,8,19597,44,53,0,0,0,0,0,0,0,0,0,0,0,0,0,0,0,0,0,0,0,0,0,0,340,16291,0,0,0,0
47226.290,16592,60,0,0,0,0,0,8,19719,44,53,0,0,0,0,0,0,0,0,0,0,0,0,0,0,0,0,0,0,0,0,0,0,368,17493,0,0,0,0
47242.374,16084,62,0,0,0,0,0,8,19572,44,53,0,0,0,0,0,0,0,0,0,0,0,0,0,0,0,0,0,0,0,0,0,0,332,15037,0,0,0,0
47258.928,16553,60,0,0,0,0,0,8,19708,44,53,0,0,0,0,0,0,0,0,0,0,0,0,0,0,0,0,0,0,0,0,0,0,330,17463,0,0,0,0
47276.443,17502,57,0,0,0,0,0,8,19529,44,53,0,0,0,0,0,0,0,0,0,0,0,0,0,0,0,0,0,0,0,0,0,0,333,16225,0,0,0,0
47292.660,16230,61,0,0,0,0,0,8,19706,44,53,0,0,0,0,0,0,0,0,0,0,0,0,0,0,0,0,0,0,0,0,0,0,335,17591,0,0,0,0
47309.423,16763,59,0,0,0,0,0,8,19369,44,53,0,0,0,0,0,0,0,0,0,0,0,0,0,0,0,0,0,0,0,0,0,0,333,16290,0,0,0,0
47326.022,16598,60,0,0,0,0,0,8,19450,44,53,0,0,0,0,0,0,0,0,0,0,0,0,0,0,0,0,0,0,0,0,0,0,341,16843,0,0,0,0
47343.283,17260,57,0,0,0,0,0,8,19381,44,53,0,0,0,0,0,0,0,0,0,0,0,0,0,0,0,0,0,0,0,0,0,0,345,16470,0,0,0,0
47359.321,16038,62,0,0,0,0,0,8,19452,44,53,0,0,0,0,0,0,0,0,0,0,0,0,0,0,0,0,0,0,0,0,0,0,367,17258,0,0,0,0
47376.126,16804,59,0,0,0,0,0,8,19453,44,53,0,0,0,0,0,0,0,0,0,0,0,0,0,0,0,0,0,0,0,0,0,0,350,15755,0,0,0,0
47392.702,16576,60,0,0,0,0,0,8,19521,44,53,0,0,0,0,0,0,0,0,0,0,0,0,0,0,0,0,0,0,0,0,0,0,345,17145,0,0,0,0
47409.397,16694,59,0,0,0,0,0,8,19329,44,53,0,0,0,0,0,0,0,0,0,0,0,0,0,0,0,0,0,0,0,0,0,0,321,16366,0,0,0,0
47425.795,16398,60,0,0,0,0,0,8,19540,44,53,0,0,0,0,0,0,0,0,0,0,0,0,0,0,0,0,0,0,0,0,0,0,343,16590,0,0,0,0
47442.378,16582,60,0,0,0,0,0,8,19347,44,53,0,0,0,0,0,0,0,0,0,0,0,0,0,0,0,0,0,0,0,0,0,0,345,16594,0,0,0,0
47459.551,17173,58,0,0,0,0,0,8,21065,44,53,0,0,0,0,0,0,0,0,0,0,0,0,0,0,0,0,0,0,0,0,0,0,313,16585,0,0,0,0
47475.954,16403,60,0,0,0,0,0,8,21028,44,53,0,0,0,0,0,0,0,0,0,0,0,0,0,0,0,0,0,0,0,0,0,0,322,17191,0,0,0,0
47492.807,16852,59,0,0,0,0,0,8,20891,44,53,0,0,0,0,0,0,0,0,0,0,0,0,0,0,0,0,0,0,0,0,0,0,324,16478,0,0,0,0
47510.294,17487,57,0,0,0,0,0,8,20686,44,53,0,0,0,0,0,0,0,0,0,0,0,0,0,0,0,0,0,0,0,0,0,0,314,16800,0,0,0,0
47526.281,15987,62,0,0,0,0,0,8,20790,44,53,0,0,0,0,0,0,0,0,0,0,0,0,0,0,0,0,0,0,0,0,0,0,387,17565,0,0,0,0
47542.939,16657,60,0,0,0,0,0,8,20487,44,53,0,0,0,0,0,0,0,0,0,0,0,0,0,0,0,0,0,0,0,0,0,0,306,14917,0,0,0,0
47559.559,16619,60,0,0,0,0,0,8,20534,44,53,0,0,0,0,0,0,0,0,0,0,0,0,0,0,0,0,0,0,0,0,0,0,338,17689,0,0,0,0
47576.381,16822,59,0,0,0,0,0,8,20248,44,53,0,0,0,0,0,0,0,0,0,0,0,0,0,0,0,0,0,0,0,0,0,0,317,16431,0,0,0,0
47592.872,16491,60,0,0,0,0,0,8,20193,44,53,0,0,0,0,0,0,0,0,0,0,0,0,0,0,0,0,0,0,0,0,0,0,326,16618,0,0,0,0
47609.427,16554,60,0,0,0,0,0,8,20052,44,53,0,0,0,0,0,0,0,0,0,0,0,0,0,0,0,0,0,0,0,0,0,0,337,16859,0,0,0,0
47626.335,16908,59,0,0,0,0,0,8,19930,44,53,0,0,0,0,0,0,0,0,0,0,0,0,0,0,0,0,0,0,0,0,0,0,331,16585,0,0,0,0
47642.311,15976,62,0,0,0,0,0,8,19918,44,53,0,0,0,0,0,0,0,0,0,0,0,0,0,0,0,0,0,0,0,0,0,0,334,16493,0,0,0,0
47658.944,16633,60,0,0,0,0,0,8,19733,44,53,0,0,0,0,0,0,0,0,0,0,0,0,0,0,0,0,0,0,0,0,0,0,316,15835,0,0,0,0
47675.494,16549,60,0,0,0,0,0,8,19727,44,53,0,0,0,0,0,0,0,0,0,0,0,0,0,0,0,0,0,0,0,0,0,0,310,16922,0,0,0,0
47692.897,17402,57,0,0,0,0,0,8,19931,44,53,0,0,0,0,0,0,0,0,0,0,0,0,0,0,0,0,0,0,0,0,0,0,323,16633,0,0,0,0
47710.310,17412,57,0,0,0,0,0,8,19792,44,53,0,0,0,0,0,0,0,0,0,0,0,0,0,0,0,0,0,0,0,0,0,0,345,17753,0,0,0,0
47725.800,15490,64,0,0,0,0,0,8,19600,44,53,0,0,0,0,0,0,0,0,0,0,0,0,0,0,0,0,0,0,0,0,0,0,351,17048,0,0,0,0
47743.281,17481,57,0,0,0,0,0,8,19473,44,53,0,0,0,0,0,0,0,0,0,0,0,0,0,0,0,0,0,0,0,0,0,0,326,15315,0,0,0,0
47759.078,15797,63,0,0,0,0,0,8,19582,44,53,0,0,0,0,0,0,0,0,0,0,0,0,0,0,0,0,0,0,0,0,0,0,332,17587,0,0,0,0
47775.806,16727,59,0,0,0,0,0,8,19462,44,53,0,0,0,0,0,0,0,0,0,0,0,0,0,0,0,0,0,0,0,0,0,0,310,15741,0,0,0,0
47792.810,17004,58,0,0,0,0,0,8,17607,44,53,0,0,0,0,0,0,0,0,0,0,0,0,0,0,0,0,0,0,0,0,0,0,309,16604,0,0,0,0
47810.287,17476,57,0,0,0,0,0,8,17545,44,53,0,0,0,0,0,0,0,0,0,0,0,0,0,0,0,0,0,0,0,0,0,0,356,17775,0,0,0,0
47825.930,15643,63,0,0,0,0,0,8,17597,44,53,0,0,0,0,0,0,0,0,0,0,0,0,0,0,0,0,0,0,0,0,0,0,356,16929,0,0,0,0
47842.585,16654,60,0,0,0,0,0,8,17732,44,53,0,0,0,0,0,0,0,0,0,0,0,0,0,0,0,0,0,0,0,0,0,0,346,15741,0,0,0,0
47859.600,17015,58,0,0,0,0,0,8,17606,44,53,0,0,0,0,0,0,0,0,0,0,0,0,0,0,0,0,0,0,0,0,0,0,315,16226,0,0,0,0
47876.288,16687,59,0,0,0,0,0,8,17844,44,53,0,0,0,0,0,0,0,0,0,0,0,0,0,0,0,0,0,0,0,0,0,0,361,17913,0,0,0,0
47892.873,16584,60,0,0,0,0,0,8,17708,44,53,0,0,0,0,0,0,0,0,0,0,0,0,0,0,0,0,0,0,0,0,0,0,326,16132,0,0,0,0
47909.268,16394,60,0,0,0,0,0,8,17603,44,53,0,0,0,0,0,0,0,0,0,0,0,0,0,0,0,0,0,0,0,0,0,0,311,16837,0,0,0,0
47926.285,17017,58,0,0,0,0,0,8,17699,44,53,0,0,0,0,0,0,0,0,0,0,0,0,0,0,0,0,0,0,0,0,0,0,322,15861,0,0,0,0
47942.841,16556,60,0,0,0,0,0,8,17679,44,53,0,0,0,0,0,0,0,0,0,0,0,0,0,0,0,0,0,0,0,0,0,0,324,16327,0,0,0,0
47959.417,16575,60,0,0,0,0,0,8,18166,44,53,0,0,0,0,0,0,0,0,0,0,0,0,0,0,0,0,0,0,0,0,0,0,330,17141,0,0,0,0
47976.286,16868,59,0,0,0,0,0,8,17861,44,53,0,0,0,0,0,0,0,0,0,0,0,0,0,0,0,0,0,0,0,0,0,0,314,16885,0,0,0,0
47992.800,16514,60,0,0,0,0,0,8,17836,44,53,0,0,0,0,0,0,0,0,0,0,0,0,0,0,0,0,0,0,0,0,0,0,313,16700,0,0,0,0
48009.229,16428,60,0,0,0,0,0,8,17646,44,53,0,0,0,0,0,0,0,0,0,0,0,0,0,0,0,0,0,0,0,0,0,0,350,17013,0,0,0,0
48026.426,17196,58,0,0,0,0,0,8,17670,44,53,0,0,0,0,0,0,0,0,0,0,0,0,0,0,0,0,0,0,0,0,0,0,350,15761,0,0,0,0
48042.835,16409,60,0,0,0,0,0,8,17768,44,53,0,0,0,0,0,0,0,0,0,0,0,0,0,0,0,0,0,0,0,0,0,0,325,17457,0,0,0,0
48059.281,16447,60,0,0,0,0,0,8,17669,44,53,0,0,0,0,0,0,0,0,0,0,0,0,0,0,0,0,0,0,0,0,0,0,329,16454,0,0,0,0
48076.182,16900,59,0,0,0,0,0,8,17686,44,53,0,0,0,0,0,0,0,0,0,0,0,0,0,0,0,0,0,0,0,0,0,0,306,16330,0,0,0,0
48092.370,16188,61,0,0,0,0,0,8,17854,44,53,0,0,0,0,0,0,0,0,0,0,0,0,0,0,0,0,0,0,0,0,0,0,356,17225,0,0,0,0
48109.810,17439,57,0,0,0,0,0,8,17617,44,53,0,0,0,0,0,0,0,0,0,0,0,0,0,0,0,0,0,0,0,0,0,0,340,16220,0,0,0,0
48126.276,16466,60,0,0,0,0,0,8,17809,44,53,0,0,0,0,0,0,0,0,0,0,0,0,0,0,0,0,0,0,0,0,0,0,321,17069,0,0,0,0
48142.919,16642,60,0,0,0,0,0,8,17694,44,53,0,0,0,0,0,0,0,0,0,0,0,0,0,0,0,0,0,0,0,0,0,0,304,16566,0,0,0,0
48158.915,15995,62,0,0,0,0,0,8,17585,44,53,0,0,0,0,0,0,0,0,0,0,0,0,0,0,0,0,0,0,0,0,0,0,311,16696,0,0,0,0
48175.849,16934,59,0,0,0,0,0,8,17669,44,53,0,0,0,0,0,0,0,0,0,0,0,0,0,0,0,0,0,0,0,0,0,0,348,16122,0,0,0,0
48192.776,16927,59,0,0,0,0,0,8,17700,44,53,0,0,0,0,0,0,0,0,0,0,0,0,0,0,0,0,0,0,0,0,0,0,328,16948,0,0,0,0
48209.277,16500,60,0,0,0,0,0,8,17588,44,53,0,0,0,0,0,0,0,0,0,0,0,0,0,0,0,0,0,0,0,0,0,0,318,16600,0,0,0,0
48226.428,17145,58,0,0,0,0,0,8,17712,44,53,0,0,0,0,0,0,0,0,0,0,0,0,0,0,0,0,0,0,0,0,0,0,320,16798,0,0,0,0
48242.816,16393,61,0,0,0,0,0,8,18374,44,53,0,0,0,0,0,0,0,0,0,0,0,0,0,0,0,0,0,0,0,0,0,0,315,17261,0,0,0,0
48260.281,17465,57,0,0,0,0,0,8,19690,44,53,0,0,0,0,0,0,0,0,0,0,0,0,0,0,0,0,0,0,0,0,0,0,328,16421,0,0,0,0
48276.422,16140,61,0,0,0,0,0,8,20011,44,53,0,0,0,0,0,0,0,0,0,0,0,0,0,0,0,0,0,0,0,0,0,0,324,17344,0,0,0,0
48292.615,16192,61,0,0,0,0,0,8,21797,44,53,0,0,0,0,0,0,0,0,0,0,0,0,0,0,0,0,0,0,0,0,0,0,306,16233,0,0,0,0
48309.417,16802,59,0,0,0,0,0,8,21514,44,53,0,0,0,0,0,0,0,0,0,0,0,0,0,0,0,0,0,0,0,0,0,0,336,16258,0,0,0,0
48326.287,16870,59,0,0,0,0,0,8,21673,44,53,0,0,0,0,0,0,0,0,0,0,0,0,0,0,0,0,0,0,0,0,0,0,321,16781,0,0,0,0
48342.787,16499,60,0,0,0,0,0,8,21694,44,53,0,0,0,0,0,0,0,0,0,0,0,0,0,0,0,0,0,0,0,0,0,0,304,15522,0,0,0,0
48359.446,16658,60,0,0,0,0,0,8,22130,44,53,0,0,0,0,0,0,0,0,0,0,0,0,0,0,0,0,0,0,0,0,0,0,344,18049,0,0,0,0
48375.991,16545,60,0,0,0,0,0,8,22171,44,53,0,0,0,0,0,0,0,0,0,0,0,0,0,0,0,0,0,0,0,0,0,0,294,16376,0,0,0,0
48392.804,16812,59,0,0,0,0,0,8,22032,44,53,0,0,0,0,0,0,0,0,0,0,0,0,0,0,0,0,0,0,0,0,0,0,326,16581,0,0,0,0
48409.815,17010,58,0,0,0,0,0,8,22414,44,53,0,0,0,0,0,0,0,0,0,0,0,0,0,0,0,0,0,0,0,0,0,0,331,17092,0,0,0,0
48426.305,16490,60,0,0,0,0,0,8,22481,44,53,0,0,0,0,0,0,0,0,0,0,0,0,0,0,0,0,0,0,0,0,0,0,333,16373,0,0,0,0
48442.305,15999,62,0,0,0,0,0,8,22289,44,53,0,0,0,0,0,0,0,0,0,0,0,0,0,0,0,0,0,0,0,0,0,0,350,15781,0,0,0,0
48459.430,17124,58,0,0,0,0,0,8,22471,44,53,0,0,0,0,0,0,0,0,0,0,0,0,0,0,0,0,0,0,0,0,0,0,315,15909,0,0,0,0
48476.275,16845,59,0,0,0,0,0,8,22485,44,53,0,0,0,0,0,0,0,0,0,0,0,0,0,0,0,0,0,0,0,0,0,0,340,18460,0,0,0,0
48492.845,16569,60,0,0,0,0,0,8,22444,44,53,0,0,0,0,0,0,0,0,0,0,0,0,0,0,0,0,0,0,0,0,0,0,329,16654,0,0,0,0
48510.283,17437,57,0,0,0,0,0,8,22278,44,53,0,0,0,0,0,0,0,0,0,0,0,0,0,0,0,0,0,0,0,0,0,0,320,16230,0,0,0,0
48525.790,15507,64,0,0,0,0,0,8,20996,44,53,0,0,0,0,0,0,0,0,0,0,0,0,0,0,0,0,0,0,0,0,0,0,348,17633,0,0,0,0
48542.825,17034,58,0,0,0,0,0,8,20570,44,53,0,0,0,0,0,0,0,0,0,0,0,0,0,0,0,0,0,0,0,0,0,0,330,15317,0,0,0,0
48560.279,17454,57,0,0,0,0,0,8,20642,44,53,0,0,0,0,0,0,0,0,0,0,0,0,0,0,0,0,0,0,0,0,0,0,338,17723,0,0,0,0
48576.410,16131,61,0,0,0,0,0,8,20737,44,53,0,0,0,0,0,0,0,0,0,0,0,0,0,0,0,0,0,0,0,0,0,0,360,17275,0,0,0,0
48592.680,16269,61,0,0,0,0,0,8,20589,44,53,0,0,0,0,0,0,0,0,0,0,0,0,0,0,0,0,0,0,0,0,0,0,327,15947,0,0,0,0
48609.533,16852,59,0,0,0,0,0,8,20650,44,53,0,0,0,0,0,0,0,0,0,0,0,0,0,0,0,0,0,0,0,0,0,0,337,16209,0,0,0,0
48625.818,16285,61,0,0,0,0,0,8,20654,44,53,0,0,0,0,0,0,0,0,0,0,0,0,0,0,0,0,0,0,0,0,0,0,309,16958,0,0,0,0
48642.539,16720,59,0,0,0,0,0,8,22798,44,53,0,0,0,0,0,0,0,0,0,0,0,0,0,0,0,0,0,0,0,0,0,0,331,16058,0,0,0,0
48659.795,17256,57,0,0,0,0,0,8,22680,44,53,0,0,0,0,0,0,0,0,0,0,0,0,0,0,0,0,0,0,0,0,0,0,305,16751,0,0,0,0
48675.899,16104,62,0,0,0,0,0,8,22983,44,53,0,0,0,0,0,0,0,0,0,0,0,0,0,0,0,0,0,0,0,0,0,0,318,17320,0,0,0,0
48692.603,16703,59,0,0,0,0,0,8,22855,44,53,0,0,0,0,0,0,0,0,0,0,0,0,0,0,0,0,0,0,0,0,0,0,293,16156,0,0,0,0
48709.090,16487,60,0,0,0,0,0,8,24675,44,53,0,0,0,0,0,0,0,0,0,0,0,0,0,0,0,0,0,0,0,0,0,0,335,16686,0,0,0,0
48725.383,16293,61,0,0,0,0,0,8,24853,44,53,0,0,0,0,0,0,0,0,0,0,0,0,0,0,0,0,0,0,0,0,0,0,333,16439,0,0,0,0
48742.786,17403,57,0,0,0,0,0,8,24538,44,53,0,0,0,0,0,0,0,0,0,0,0,0,0,0,0,0,0,0,0,0,0,0,336,16576,0,0,0,0
48758.774,15988,62,0,0,0,0,0,8,24739,44,53,0,0,0,0,0,0,0,0,0,0,0,0,0,0,0,0,0,0,0,0,0,0,323,17111,0,0,0,0
48776.275,17500,57,0,0,0,0,0,8,24651,44,53,0,0,0,0,0,0,0,0,0,0,0,0,0,0,0,0,0,0,0,0,0,0,314,16081,0,0,0,0
48793.278,17003,58,0,0,0,0,0,8,24573,44,53,0,0,0,0,0,0,0,0,0,0,0,0,0,0,0,0,0,0,0,0,0,0,340,16420,0,0,0,0
48809.359,16081,62,0,0,0,0,0,8,24644,44,53,0,0,0,0,0,0,0,0,0,0,0,0,0,0,0,0,0,0,0,0,0,0,327,17993,0,0,0,0
48826.271,16911,59,0,0,0,0,0,8,24592,44,53,0,0,0,0,0,0,0,0,0,0,0,0,0,0,0,0,0,0,0,0,0,0,333,16412,0,0,0,0
48842.474,16202,61,0,0,0,0,0,8,24572,44,53,0,0,0,0,0,0,0,0,0,0,0,0,0,0,0,0,0,0,0,0,0,0,325,15481,0,0,0,0
48859.792,17318,57,0,0,0,0,0,8,24688,44,53,0,0,0,0,0,0,0,0,0,0,0,0,0,0,0,0,0,0,0,0,0,0,333,17693,0,0,0,0
48876.206,16413,60,0,0,0,0,0,8,24593,44,53,0,0,0,0,0,0,0,0,0,0,0,0,0,0,0,0,0,0,0,0,0,0,334,16968,0,0,0,0
48892.795,16589,60,0,0,0,0,0,8,24315,44,53,0,0,0,0,0,0,0,0,0,0,0,0,0,0,0,0,0,0,0,0,0,0,303,16418,0,0,0,0
48909.497,16702,59,0,0,0,0,0,8,24225,44,53,0,0,0,0,0,0,0,0,0,0,0,0,0,0,0,0,0,0,0,0,0,0,321,16942,0,0,0,0
48926.069,16571,60,0,0,0,0,0,8,24129,44,53,0,0,0,0,0,0,0,0,0,0,0,0,0,0,0,0,0,0,0,0,0,0,337,16132,0,0,0,0
48942.544,16475,60,0,0,0,0,0,8,23814,44,53,0,0,0,0,0,0,0,0,0,0,0,0,0,0,0,0,0,0,0,0,0,0,322,16888,0,0,0,0
48959.494,16950,58,0,0,0,0,0,8,23596,44,53,0,0,0,0,0,0,0,0,0,0,0,0,0,0,0,0,0,0,0,0,0,0,314,16188,0,0,0,0
48976.290,16796,59,0,0,0,0,0,8,23719,44,53,0,0,0,0,0,0,0,0,0,0,0,0,0,0,0,0,0,0,0,0,0,0,345,17200,0,0,0,0
48992.843,16552,60,0,0,0,0,0,8,24228,44,53,0,0,0,0,0,0,0,0,0,0,0,0,0,0,0,0,0,0,0,0,0,0,297,15713,0,0,0,0
49009.797,16954,58,0,0,0,0,0,8,23285,44,53,0,0,0,0,0,0,0,0,0,0,0,0,0,0,0,0,0,0,0,0,0,0,319,17550,0,0,0,0
49026.296,16498,60,0,0,0,0,0,8,22895,44,53,0,0,0,0,0,0,0,0,0,0,0,0,0,0,0,0,0,0,0,0,0,0,304,16856,0,0,0,0
49042.576,16280,61,0,0,0,0,0,8,25701,44,53,0,0,0,0,0,0,0,0,0,0,0,0,0,0,0,0,0,0,0,0,0,0,317,17003,0,0,0,0
49059.124,16548,60,0,0,0,0,0,8,24430,44,53,0,0,0,0,0,0,0,0,0,0,0,0,0,0,0,0,0,0,0,0,0,0,317,15680,0,0,0,0
49076.128,17003,58,0,0,0,0,0,8,24399,44,53,0,0,0,0,0,0,0,0,0,0,0,0,0,0,0,0,0,0,0,0,0,0,305,16681,0,0,0,0
49092.848,16719,59,0,0,0,0,0,8,24283,44,53,0,0,0,0,0,0,0,0,0,0,0,0,0,0,0,0,0,0,0,0,0,0,316,17427,0,0,0,0
49109.799,16951,58,0,0,0,0,0,8,24155,44,53,0,0,0,0,0,0,0,0,0,0,0,0,0,0,0,0,0,0,0,0,0,0,290,16370,0,0,0,0
49126.268,16469,60,0,0,0,0,0,8,24329,44,53,0,0,0,0,0,0,0,0,0,0,0,0,0,0,0,0,0,0,0,0,0,0,339,16923,0,0,0,0
49142.920,16652,60,0,0,0,0,0,8,24225,44,53,0,0,0,0,0,0,0,0,0,0,0,0,0,0,0,0,0,0,0,0,0,0,308,16672,0,0,0,0
49159.267,16346,61,0,0,0,0,0,8,24032,44,53,0,0,0,0,0,0,0,0,0,0,0,0,0,0,0,0,0,0,0,0,0,0,318,16474,0,0,0,0
49176.266,16999,58,0,0,0,0,0,8,22511,44,53,0,0,0,0,0,0,0,0,0,0,0,0,0,0,0,0,0,0,0,0,0,0,316,16560,0,0,0,0
49192.823,16557,60,0,0,0,0,0,8,22381,44,53,0,0,0,0,0,0,0,0,0,0,0,0,0,0,0,0,0,0,0,0,0,0,311,16897,0,0,0,0
49208.951,16127,62,0,0,0,0,0,8,22333,44,53,0,0,0,0,0,0,0,0,0,0,0,0,0,0,0,0,0,0,0,0,0,0,330,16563,0,0,0,0
49226.293,17341,57,0,0,0,0,0,8,22821,44,53,0,0,0,0,0,0,0,0,0,0,0,0,0,0,0,0,0,0,0,0,0,0,319,16156,0,0,0,0
49242.562,16269,61,0,0,0,0,0,8,22440,44,53,0,0,0,0,0,0,0,0,0,0,0,0,0,0,0,0,0,0,0,0,0,0,345,16166,0,0,0,0
49259.391,16828,59,0,0,0,0,0,8,22038,44,53,0,0,0,0,0,0,0,0,0,0,0,0,0,0,0,0,0,0,0,0,0,0,327,17354,0,0,0,0
49276.281,16890,59,0,0,0,0,0,8,21858,44,53,0,0,0,0,0,0,0,0,0,0,0,0,0,0,0,0,0,0,0,0,0,0,340,17007,0,0,0,0
49292.830,16548,60,0,0,0,0,0,8,21448,44,53,0,0,0,0,0,0,0,0,0,0,0,0,0,0,0,0,0,0,0,0,0,0,309,16492,0,0,0,0
49309.534,16704,59,0,0,0,0,0,8,21303,44,53,0,0,0,0,0,0,0,0,0,0,0,0,0,0,0,0,0,0,0,0,0,0,324,16556,0,0,0,0
49326.288,16753,59,0,0,0,0,0,8,21190,44,53,0,0,0,0,0,0,0,0,0,0,0,0,0,0,0,0,0,0,0,0,0,0,331,16562,0,0,0,0
49342.880,16592,60,0,0,0,0,0,8,22743,44,53,0,0,0,0,0,0,0,0,0,0,0,0,0,0,0,0,0,0,0,0,0,0,310,17332,0,0,0,0
49359.245,16365,61,0,0,0,0,0,8,23673,44,53,0,0,0,0,0,0,0,0,0,0,0,0,0,0,0,0,0,0,0,0,0,0,315,16612,0,0,0,0
49376.264,17018,58,0,0,0,0,0,8,23305,44,53,0,0,0,0,0,0,0,0,0,0,0,0,0,0,0,0,0,0,0,0,0,0,307,15890,0,0,0,0
49392.468,16204,61,0,0,0,0,0,8,22587,44,53,0,0,0,0,0,0,0,0,0,0,0,0,0,0,0,0,0,0,0,0,0,0,308,17209,0,0,0,0
49409.271,16802,59,0,0,0,0,0,8,23777,44,53,0,0,0,0,0,0,0,0,0,0,0,0,0,0,0,0,0,0,0,0,0,0,325,16200,0,0,0,0
49425.798,16526,60,0,0,0,0,0,8,23970,44,53,0,0,0,0,0,0,0,0,0,0,0,0,0,0,0,0,0,0,0,0,0,0,335,17245,0,0,0,0
49442.680,16882,59,0,0,0,0,0,8,23774,44,53,0,0,0,0,0,0,0,0,0,0,0,0,0,0,0,0,0,0,0,0,0,0,318,16139,0,0,0,0
49459.401,16721,59,0,0,0,0,0,8,23644,44,53,0,0,0,0,0,0,0,0,0,0,0,0,0,0,0,0,0,0,0,0,0,0,326,16990,0,0,0,0
49476.168,16766,59,0,0,0,0,0,8,23891,44,53,0,0,0,0,0,0,0,0,0,0,0,0,0,0,0,0,0,0,0,0,0,0,291,16728,0,0,0,0
49493.266,17098,58,0,0,0,0,0,8,23557,44,53,0,0,0,0,0,0,0,0,0,0,0,0,0,0,0,0,0,0,0,0,0,0,303,16536,0,0,0,0
49509.397,16130,61,0,0,0,0,0,8,22297,44,53,0,0,0,0,0,0,0,0,0,0,0,0,0,0,0,0,0,0,0,0,0,0,325,16875,0,0,0,0
49525.801,16404,60,0,0,0,0,0,8,22342,44,53,0,0,0,0,0,0,0,0,0,0,0,0,0,0,0,0,0,0,0,0,0,0,294,16400,0,0,0,0
49542.281,16479,60,0,0,0,0,0,8,22066,44,53,0,0,0,0,0,0,0,0,0,0,0,0,0,0,0,0,0,0,0,0,0,0,321,15998,0,0,0,0
49559.401,17120,58,0,0,0,0,0,8,22191,44,53,0,0,0,0,0,0,0,0,0,0,0,0,0,0,0,0,0,0,0,0,0,0,312,16780,0,0,0,0
49576.266,16864,59,0,0,0,0,0,8,22551,44,53,0,0,0,0,0,0,0,0,0,0,0,0,0,0,0,0,0,0,0,0,0,0,332,17347,0,0,0,0
49592.790,16524,60,0,0,0,0,0,8,22430,44,53,0,0,0,0,0,0,0,0,0,0,0,0,0,0,0,0,0,0,0,0,0,0,322,16891,0,0,0,0
49609.412,16622,60,0,0,0,0,0,8,22563,44,53,0,0,0,0,0,0,0,0,0,0,0,0,0,0,0,0,0,0,0,0,0,0,310,16336,0,0,0,0
49626.282,16870,59,0,0,0,0,0,8,23136,44,53,0,0,0,0,0,0,0,0,0,0,0,0,0,0,0,0,0,0,0,0,0,0,363,16826,0,0,0,0
49642.895,16613,60,0,0,0,0,0,8,22877,44,53,0,0,0,0,0,0,0,0,0,0,0,0,0,0,0,0,0,0,0,0,0,0,317,15591,0,0,0,0
49659.293,16397,60,0,0,0,0,0,8,22753,44,53,0,0,0,0,0,0,0,0,0,0,0,0,0,0,0,0,0,0,0,0,0,0,317,17631,0,0,0,0
49675.815,16522,60,0,0,0,0,0,8,23720,44,53,0,0,0,0,0,0,0,0,0,0,0,0,0,0,0,0,0,0,0,0,0,0,340,16915,0,0,0,0
49692.676,16861,59,0,0,0,0,0,8,23205,44,53,0,0,0,0,0,0,0,0,0,0,0,0,0,0,0,0,0,0,0,0,0,0,306,16021,0,0,0,0
49709.069,16392,61,0,0,0,0,0,8,22955,44,53,0,0,0,0,0,0,0,0,0,0,0,0,0,0,0,0,0,0,0,0,0,0,321,16698,0,0,0,0
49726.277,17208,58,0,0,0,0,0,8,22868,44,53,0,0,0,0,0,0,0,0,0,0,0,0,0,0,0,0,0,0,0,0,0,0,303,16510,0,0,0,0
49742.431,16153,61,0,0,0,0,0,8,22615,44,53,0,0,0,0,0,0,0,0,0,0,0,0,0,0,0,0,0,0,0,0,0,0,312,16031,0,0,0,0
49759.264,16833,59,0,0,0,0,0,8,22087,44,53,0,0,0,0,0,0,0,0,0,0,0,0,0,0,0,0,0,0,0,0,0,0,324,17805,0,0,0,0
49775.870,16605,60,0,0,0,0,0,8,22864,44,53,0,0,0,0,0,0,0,0,0,0,0,0,0,0,0,0,0,0,0,0,0,0,293,16487,0,0,0,0
49792.827,16957,58,0,0,0,0,0,8,22752,44,53,0,0,0,0,0,0,0,0,0,0,0,0,0,0,0,0,0,0,0,0,0,0,314,16347,0,0,0,0
49809.789,16962,58,0,0,0,0,0,8,21898,44,53,0,0,0,0,0,0,0,0,0,0,0,0,0,0,0,0,0,0,0,0,0,0,331,17205,0,0,0,0
49826.276,16486,60,0,0,0,0,0,8,22708,44,53,0,0,0,0,0,0,0,0,0,0,0,0,0,0,0,0,0,0,0,0,0,0,340,16834,0,0,0,0
49842.755,16479,60,0,0,0,0,0,8,21630,44,53,0,0,0,0,0,0,0,0,0,0,0,0,0,0,0,0,0,0,0,0,0,0,319,16358,0,0,0,0
49859.787,17031,58,0,0,0,0,0,8,22252,44,53,0,0,0,0,0,0,0,0,0,0,0,0,0,0,0,0,0,0,0,0,0,0,330,16656,0,0,0,0
49876.281,16493,60,0,0,0,0,0,8,21564,44,53,0,0,0,0,0,0,0,0,0,0,0,0,0,0,0,0,0,0,0,0,0,0,338,17102,0,0,0,0
49892.302,16021,62,0,0,0,0,0,8,21420,44,53,0,0,0,0,0,0,0,0,0,0,0,0,0,0,0,0,0,0,0,0,0,0,342,16302,0,0,0,0
49909.399,17097,58,0,0,0,0,0,8,21182,44,53,0,0,0,0,0,0,0,0,0,0,0,0,0,0,0,0,0,0,0,0,0,0,317,15993,0,0,0,0
49926.269,16870,59,0,0,0,0,0,8,21425,44,53,0,0,0,0,0,0,0,0,0,0,0,0,0,0,0,0,0,0,0,0,0,0,314,17422,0,0,0,0
49942.539,16269,61,0,0,0,0,0,8,21134,44,53,0,0,0,0,0,0,0,0,0,0,0,0,0,0,0,0,0,0,0,0,0,0,301,16960,0,0,0,0
49959.544,17005,58,0,0,0,0,0,8,21199,44,53,0,0,0,0,0,0,0,0,0,0,0,0,0,0,0,0,0,0,0,0,0,0,293,15775,0,0,0,0
49976.262,16718,59,0,0,0,0,0,8,21269,44,53,0,0,0,0,0,0,0,0,0,0,0,0,0,0,0,0,0,0,0,0,0,0,335,17451,0,0,0,0
49992.877,16614,60,0,0,0,0,0,8,21123,44,53,0,0,0,0,0,0,0,0,0,0,0,0,0,0,0,0,0,0,0,0,0,0,314,16391,0,0,0,0
50009.509,16632,60,0,0,0,0,0,8,20958,44,53,0,0,0,0,0,0,0,0,0,0,0,0,0,0,0,0,0,0,0,0,0,0,355,17036,0,0,0,0
50025.967,16457,60,0,0,0,0,0,8,19334,44,53,0,0,0,0,0,0,0,0,0,0,0,0,0,0,0,0,0,0,0,0,0,0,362,16450,0,0,0,0
50042.624,16657,60,0,0,0,0,0,8,19312,44,53,0,0,0,0,0,0,0,0,0,0,0,0,0,0,0,0,0,0,0,0,0,0,334,16339,0,0,0,0
50060.271,17646,56,0,0,0,0,0,8,19049,44,53,0,0,0,0,0,0,0,0,0,0,0,0,0,0,0,0,0,0,0,0,0,0,312,16341,0,0,0,0
50076.124,15853,63,0,0,0,0,0,8,19166,44,53,0,0,0,0,0,0,0,0,0,0,0,0,0,0,0,0,0,0,0,0,0,0,325,17953,0,0,0,0
50092.678,16553,60,0,0,0,0,0,8,19178,44,53,0,0,0,0,0,0,0,0,0,0,0,0,0,0,0,0,0,0,0,0,0,0,299,15819,0,0,0,0
50109.259,16581,60,0,0,0,0,0,8,18963,44,53,0,0,0,0,0,0,0,0,0,0,0,0,0,0,0,0,0,0,0,0,0,0,340,16452,0,0,0,0
50126.258,16999,58,0,0,0,0,0,8,20874,44,53,0,0,0,0,0,0,0,0,0,0,0,0,0,0,0,0,0,0,0,0,0,0,330,16738,0,0,0,0
50142.777,16518,60,0,0,0,0,0,8,20713,44,53,0,0,0,0,0,0,0,0,0,0,0,0,0,0,0,0,0,0,0,0,0,0,331,15907,0,0,0,0
50160.276,17499,57,0,0,0,0,0,8,20949,44,53,0,0,0,0,0,0,0,0,0,0,0,0,0,0,0,0,0,0,0,0,0,0,344,18007,0,0,0,0
50176.266,15989,62,0,0,0,0,0,8,21499,44,53,0,0,0,0,0,0,0,0,0,0,0,0,0,0,0,0,0,0,0,0,0,0,321,17240,0,0,0,0
50192.772,16506,60,0,0,0,0,0,8,21500,44,53,0,0,0,0,0,0,0,0,0,0,0,0,0,0,0,0,0,0,0,0,0,0,319,15221,0,0,0,0
50209.468,16696,59,0,0,0,0,0,8,21126,44,53,0,0,0,0,0,0,0,0,0,0,0,0,0,0,0,0,0,0,0,0,0,0,322,17186,0,0,0,0
50226.023,16554,60,0,0,0,0,0,8,20723,44,53,0,0,0,0,0,0,0,0,0,0,0,0,0,0,0,0,0,0,0,0,0,0,341,16895,0,0,0,0
50242.799,16776,59,0,0,0,0,0,8,20647,44,53,0,0,0,0,0,0,0,0,0,0,0,0,0,0,0,0,0,0,0,0,0,0,306,16318,0,0,0,0
50260.275,17475,57,0,0,0,0,0,8,20665,44,53,0,0,0,0,0,0,0,0,0,0,0,0,0,0,0,0,0,0,0,0,0,0,323,16747,0,0,0,0
50276.182,15907,62,0,0,0,0,0,8,20821,44,53,0,0,0,0,0,0,0,0,0,0,0,0,0,0,0,0,0,0,0,0,0,0,332,17521,0,0,0,0
50292.878,16696,59,0,0,0,0,0,8,20695,44,53,0,0,0,0,0,0,0,0,0,0,0,0,0,0,0,0,0,0,0,0,0,0,313,15802,0,0,0,0
50310.278,17399,57,0,0,0,0,0,8,20496,44,53,0,0,0,0,0,0,0,0,0,0,0,0,0,0,0,0,0,0,0,0,0,0,306,16730,0,0,0,0
50326.082,15804,63,0,0,0,0,0,8,21724,44,53,0,0,0,0,0,0,0,0,0,0,0,0,0,0,0,0,0,0,0,0,0,0,327,17596,0,0,0,0
50342.802,16719,59,0,0,0,0,0,8,21586,44,53,0,0,0,0,0,0,0,0,0,0,0,0,0,0,0,0,0,0,0,0,0,0,320,15802,0,0,0,0
50359.293,16491,60,0,0,0,0,0,8,21402,44,53,0,0,0,0,0,0,0,0,0,0,0,0,0,0,0,0,0,0,0,0,0,0,330,16667,0,0,0,0
50376.009,16715,59,0,0,0,0,0,8,21526,44,53,0,0,0,0,0,0,0,0,0,0,0,0,0,0,0,0,0,0,0,0,0,0,307,16262,0,0,0,0
50393.262,17252,57,0,0,0,0,0,8,19671,44,53,0,0,0,0,0,0,0,0,0,0,0,0,0,0,0,0,0,0,0,0,0,0,311,16905,0,0,0,0
50409.443,16180,61,0,0,0,0,0,8,19520,44,53,0,0,0,0,0,0,0,0,0,0,0,0,0,0,0,0,0,0,0,0,0,0,321,16291,0,0,0,0
50426.267,16824,59,0,0,0,0,0,8,19781,44,53,0,0,0,0,0,0,0,0,0,0,0,0,0,0,0,0,0,0,0,0,0,0,314,17353,0,0,0,0
50442.230,15962,62,0,0,0,0,0,8,19657,44,53,0,0,0,0,0,0,0,0,0,0,0,0,0,0,0,0,0,0,0,0,0,0,300,16610,0,0,0,0
50459.396,17166,58,0,0,0,0,0,8,19832,44,53,0,0,0,0,0,0,0,0,0,0,0,0,0,0,0,0,0,0,0,0,0,0,360,16879,0,0,0,0
50476.259,16863,59,0,0,0,0,0,8,19463,44,53,0,0,0,0,0,0,0,0,0,0,0,0,0,0,0,0,0,0,0,0,0,0,304,16459,0,0,0,0
50492.589,16329,61,0,0,0,0,0,8,19563,44,53,0,0,0,0,0,0,0,0,0,0,0,0,0,0,0,0,0,0,0,0,0,0,307,16589,0,0,0,0
50509.395,16806,59,0,0,0,0,0,8,19571,44,53,0,0,0,0,0,0,0,0,0,0,0,0,0,0,0,0,0,0,0,0,0,0,309,16225,0,0,0,0
50526.259,16863,59,0,0,0,0,0,8,19804,44,53,0,0,0,0,0,0,0,0,0,0,0,0,0,0,0,0,0,0,0,0,0,0,323,17180,0,0,0,0
50542.772,16512,60,0,0,0,0,0,8,19555,44,53,0,0,0,0,0,0,0,0,0,0,0,0,0,0,0,0,0,0,0,0,0,0,302,16726,0,0,0,0
50559.401,16629,60,0,0,0,0,0,8,19548,44,53,0,0,0,0,0,0,0,0,0,0,0,0,0,0,0,0,0,0,0,0,0,0,316,16622,0,0,0,0
50575.540,16139,61,0,0,0,0,0,8,19706,44,53,0,0,0,0,0,0,0,0,0,0,0,0,0,0,0,0,0,0,0,0,0,0,308,16600,0,0,0,0
50592.496,16955,58,0,0,0,0,0,8,19571,44,53,0,0,0,0,0,0,0,0,0,0,0,0,0,0,0,0,0,0,0,0,0,0,315,16070,0,0,0,0
50609.531,17034,58,0,0,0,0,0,8,19621,44,53,0,0,0,0,0,0,0,0,0,0,0,0,0,0,0,0,0,0,0,0,0,0,335,16838,0,0,0,0
50625.923,16392,61,0,0,0,0,0,8,19563,44,53,0,0,0,0,0,0,0,0,0,0,0,0,0,0,0,0,0,0,0,0,0,0,336,17044,0,0,0,0
50642.912,16988,58,0,0,0,0,0,8,19629,44,53,0,0,0,0,0,0,0,0,0,0,0,0,0,0,0,0,0,0,0,0,0,0,334,16530,0,0,0,0
50659.306,16393,60,0,0,0,0,0,8,19462,44,53,0,0,0,0,0,0,0,0,0,0,0,0,0,0,0,0,0,0,0,0,0,0,323,16643,0,0,0,0
50675.660,16354,61,0,0,0,0,0,8,19493,44,53,0,0,0,0,0,0,0,0,0,0,0,0,0,0,0,0,0,0,0,0,0,0,332,16506,0,0,0,0
50693.255,17595,56,0,0,0,0,0,8,19342,44,53,0,0,0,0,0,0,0,0,0,0,0,0,0,0,0,0,0,0,0,0,0,0,338,16358,0,0,0,0
50709.084,15828,63,0,0,0,0,0,8,19374,44,53,0,0,0,0,0,0,0,0,0,0,0,0,0,0,0,0,0,0,0,0,0,0,344,18540,0,0,0,0
50725.952,16868,59,0,0,0,0,0,8,19554,44,53,0,0,0,0,0,0,0,0,0,0,0,0,0,0,0,0,0,0,0,0,0,0,319,14939,0,0,0,0
50742.528,16575,60,0,0,0,0,0,8,19264,44,53,0,0,0,0,0,0,0,0,0,0,0,0,0,0,0,0,0,0,0,0,0,0,338,17075,0,0,0,0
50759.545,17016,58,0,0,0,0,0,8,19515,44,53,0,0,0,0,0,0,0,0,0,0,0,0,0,0,0,0,0,0,0,0,0,0,324,17080,0,0,0,0
50776.064,16519,60,0,0,0,0,0,8,19583,44,53,0,0,0,0,0,0,0,0,0,0,0,0,0,0,0,0,0,0,0,0,0,0,300,16311,0,0,0,0
50792.869,16805,59,0,0,0,0,0,8,19470,44,53,0,0,0,0,0,0,0,0,0,0,0,0,0,0,0,0,0,0,0,0,0,0,329,16293,0,0,0,0
50809.443,16573,60,0,0,0,0,0,8,19485,44,53,0,0,0,0,0,0,0,0,0,0,0,0,0,0,0,0,0,0,0,0,0,0,323,16764,0,0,0,0
50826.020,16577,60,0,0,0,0,0,8,19926,44,53,0,0,0,0,0,0,0,0,0,0,0,0,0,0,0,0,0,0,0,0,0,0,312,17295,0,0,0,0
50842.788,16768,59,0,0,0,0,0,8,19873,44,53,0,0,0,0,0,0,0,0,0,0,0,0,0,0,0,0,0,0,0,0,0,0,324,16280,0,0,0,0
50859.579,16791,59,0,0,0,0,0,8,20020,44,53,0,0,0,0,0,0,0,0,0,0,0,0,0,0,0,0,0,0,0,0,0,0,297,16963,0,0,0,0
50876.254,16674,59,0,0,0,0,0,8,20231,44,53,0,0,0,0,0,0,0,0,0,0,0,0,0,0,0,0,0,0,0,0,0,0,322,16896,0,0,0,0
50892.814,16560,60,0,0,0,0,0,8,20206,44,53,0,0,0,0,0,0,0,0,0,0,0,0,0,0,0,0,0,0,0,0,0,0,313,16401,0,0,0,0
50909.393,16578,60,0,0,0,0,0,8,20083,44,53,0,0,0,0,0,0,0,0,0,0,0,0,0,0,0,0,0,0,0,0,0,0,343,16878,0,0,0,0
50926.260,16867,59,0,0,0,0,0,8,20127,44,53,0,0,0,0,0,0,0,0,0,0,0,0,0,0,0,0,0,0,0,0,0,0,320,16501,0,0,0,0
50942.764,16503,60,0,0,0,0,0,8,20044,44,53,0,0,0,0,0,0,0,0,0,0,0,0,0,0,0,0,0,0,0,0,0,0,322,15627,0,0,0,0
50959.261,16497,60,0,0,0,0,0,8,21032,44,53,0,0,0,0,0,0,0,0,0,0,0,0,0,0,0,0,0,0,0,0,0,0,332,17795,0,0,0,0
50975.989,16727,59,0,0,0,0,0,8,20985,44,53,0,0,0,0,0,0,0,0,0,0,0,0,0,0,0,0,0,0,0,0,0,0,301,16198,0,0,0,0
50992.953,16963,58,0,0,0,0,0,8,20982,44,53,0,0,0,0,0,0,0,0,0,0,0,0,0,0,0,0,0,0,0,0,0,0,360,16908,0,0,0,0
51009.470,16517,60,0,0,0,0,0,8,21002,44,53,0,0,0,0,0,0,0,0,0,0,0,0,0,0,0,0,0,0,0,0,0,0,326,16835,0,0,0,0
51025.334,15863,63,0,0,0,0,0,8,20848,44,53,0,0,0,0,0,0,0,0,0,0,0,0,0,0,0,0,0,0,0,0,0,0,299,16166,0,0,0,0
51042.759,17425,57,0,0,0,0,0,8,20859,44,53,0,0,0,0,0,0,0,0,0,0,0,0,0,0,0,0,0,0,0,0,0,0,315,16266,0,0,0,0
51059.393,16633,60,0,0,0,0,0,8,21003,44,53,0,0,0,0,0,0,0,0,0,0,0,0,0,0,0,0,0,0,0,0,0,0,330,17563,0,0,0,0
51076.255,16862,59,0,0,0,0,0,8,20971,44,53,0,0,0,0,0,0,0,0,0,0,0,0,0,0,0,0,0,0,0,0,0,0,299,16643,0,0,0,0
51092.514,16260,61,0,0,0,0,0,8,20911,44,53,0,0,0,0,0,0,0,0,0,0,0,0,0,0,0,0,0,0,0,0,0,0,310,16753,0,0,0,0
51109.558,17043,58,0,0,0,0,0,8,22750,44,53,0,0,0,0,0,0,0,0,0,0,0,0,0,0,0,0,0,0,0,0,0,0,318,16228,0,0,0,0
51126.255,16696,59,0,0,0,0,0,8,23109,44,53,0,0,0,0,0,0,0,0,0,0,0,0,0,0,0,0,0,0,0,0,0,0,296,16908,0,0,0,0
51142.942,16687,59,0,0,0,0,0,8,22786,44,53,0,0,0,0,0,0,0,0,0,0,0,0,0,0,0,0,0,0,0,0,0,0,307,15726,0,0,0,0
51159.337,16395,60,0,0,0,0,0,8,22756,44,53,0,0,0,0,0,0,0,0,0,0,0,0,0,0,0,0,0,0,0,0,0,0,332,17592,0,0,0,0
51175.885,16547,60,0,0,0,0,0,8,22822,44,53,0,0,0,0,0,0,0,0,0,0,0,0,0,0,0,0,0,0,0,0,0,0,315,16466,0,0,0,0
51192.849,16964,58,0,0,0,0,0,8,22685,44,53,0,0,0,0,0,0,0,0,0,0,0,0,0,0,0,0,0,0,0,0,0,0,316,16751,0,0,0,0
51209.781,16931,59,0,0,0,0,0,8,22653,44,53,0,0,0,0,0,0,0,0,0,0,0,0,0,0,0,0,0,0,0,0,0,0,317,16628,0,0,0,0
51225.770,15988,62,0,0,0,0,0,8,22736,44,53,0,0,0,0,0,0,0,0,0,0,0,0,0,0,0,0,0,0,0,0,0,0,347,17175,0,0,0,0
51242.521,16750,59,0,0,0,0,0,8,22739,44,53,0,0,0,0,0,0,0,0,0,0,0,0,0,0,0,0,0,0,0,0,0,0,318,15844,0,0,0,0
51259.420,16899,59,0,0,0,0,0,8,22611,44,53,0,0,0,0,0,0,0,0,0,0,0,0,0,0,0,0,0,0,0,0,0,0,315,16703,0,0,0,0
51276.249,16829,59,0,0,0,0,0,8,22985,44,53,0,0,0,0,0,0,0,0,0,0,0,0,0,0,0,0,0,0,0,0,0,0,321,17326,0,0,0,0
51292.681,16431,60,0,0,0,0,0,8,23001,44,53,0,0,0,0,0,0,0,0,0,0,0,0,0,0,0,0,0,0,0,0,0,0,323,16778,0,0,0,0
51309.331,16650,60,0,0,0,0,0,8,22448,44,53,0,0,0,0,0,0,0,0,0,0,0,0,0,0,0,0,0,0,0,0,0,0,298,16115,0,0,0,0
51326.262,16930,59,0,0,0,0,0,8,22661,44,53,0,0,0,0,0,0,0,0,0,0,0,0,0,0,0,0,0,0,0,0,0,0,312,17130,0,0,0,0
51342.794,16532,60,0,0,0,0,0,8,22480,44,53,0,0,0,0,0,0,0,0,0,0,0,0,0,0,0,0,0,0,0,0,0,0,285,15443,0,0,0,0
51359.780,16985,58,0,0,0,0,0,8,22518,44,53,0,0,0,0,0,0,0,0,0,0,0,0,0,0,0,0,0,0,0,0,0,0,328,18386,0,0,0,0
51376.263,16482,60,0,0,0,0,0,8,20819,44,53,0,0,0,0,0,0,0,0,0,0,0,0,0,0,0,0,0,0,0,0,0,0,320,16130,0,0,0,0
51392.785,16522,60,0,0,0,0,0,8,20758,44,53,0,0,0,0,0,0,0,0,0,0,0,0,0,0,0,0,0,0,0,0,0,0,377,16688,0,0,0,0
51409.251,16466,60,0,0,0,0,0,8,20839,44,53,0,0,0,0,0,0,0,0,0,0,0,0,0,0,0,0,0,0,0,0,0,0,311,16441,0,0,0,0
51425.902,16650,60,0,0,0,0,0,8,21001,44,53,0,0,0,0,0,0,0,0,0,0,0,0,0,0,0,0,0,0,0,0,0,0,310,16438,0,0,0,0
51443.249,17346,57,0,0,0,0,0,8,21190,44,53,0,0,0,0,0,0,0,0,0,0,0,0,0,0,0,0,0,0,0,0,0,0,309,16670,0,0,0,0
51459.768,16519,60,0,0,0,0,0,8,21260,44,53,0,0,0,0,0,0,0,0,0,0,0,0,0,0,0,0,0,0,0,0,0,0,339,18451,0,0,0,0
51475.951,16182,61,0,0,0,0,0,8,21192,44,53,0,0,0,0,0,0,0,0,0,0,0,0,0,0,0,0,0,0,0,0,0,0,332,15658,0,0,0,0
51492.529,16578,60,0,0,0,0,0,8,21182,44,53,0,0,0,0,0,0,0,0,0,0,0,0,0,0,0,0,0,0,0,0,0,0,311,15879,0,0,0,0
51509.412,16883,59,0,0,0,0,0,8,20991,44,53,0,0,0,0,0,0,0,0,0,0,0,0,0,0,0,0,0,0,0,0,0,0,314,16633,0,0,0,0
51526.088,16676,59,0,0,0,0,0,8,21254,44,53,0,0,0,0,0,0,0,0,0,0,0,0,0,0,0,0,0,0,0,0,0,0,323,17198,0,0,0,0
51543.254,17165,58,0,0,0,0,0,8,21091,44,53,0,0,0,0,0,0,0,0,0,0,0,0,0,0,0,0,0,0,0,0,0,0,308,16180,0,0,0,0
51559.433,16178,61,0,0,0,0,0,8,21490,44,53,0,0,0,0,0,0,0,0,0,0,0,0,0,0,0,0,0,0,0,0,0,0,332,18316,0,0,0,0
51576.247,16814,59,0,0,0,0,0,8,21317,44,53,0,0,0,0,0,0,0,0,0,0,0,0,0,0,0,0,0,0,0,0,0,0,356,15424,0,0,0,0
51592.774,16526,60,0,0,0,0,0,8,21105,44,53,0,0,0,0,0,0,0,0,0,0,0,0,0,0,0,0,0,0,0,0,0,0,303,16743,0,0,0,0
51609.087,16313,61,0,0,0,0,0,8,21213,44,53,0,0,0,0,0,0,0,0,0,0,0,0,0,0,0,0,0,0,0,0,0,0,310,16271,0,0,0,0
51625.828,16741,59,0,0,0,0,0,8,21217,44,53,0,0,0,0,0,0,0,0,0,0,0,0,0,0,0,0,0,0,0,0,0,0,303,16647,0,0,0,0
51642.248,16419,60,0,0,0,0,0,8,21340,44,53,0,0,0,0,0,0,0,0,0,0,0,0,0,0,0,0,0,0,0,0,0,0,301,16293,0,0,0,0
51659.337,17089,58,0,0,0,0,0,8,21589,44,53,0,0,0,0,0,0,0,0,0,0,0,0,0,0,0,0,0,0,0,0,0,0,328,16630,0,0,0,0
51676.293,16956,58,0,0,0,0,0,8,21665,44,53,0,0,0,0,0,0,0,0,0,0,0,0,0,0,0,0,0,0,0,0,0,0,310,17732,0,0,0,0
51692.257,15963,62,0,0,0,0,0,8,21650,44,53,0,0,0,0,0,0,0,0,0,0,0,0,0,0,0,0,0,0,0,0,0,0,314,16581,0,0,0,0
51709.312,17055,58,0,0,0,0,0,8,21964,44,53,0,0,0,0,0,0,0,0,0,0,0,0,0,0,0,0,0,0,0,0,0,0,312,14888,0,0,0,0
51726.249,16936,59,0,0,0,0,0,8,22066,44,53,0,0,0,0,0,0,0,0,0,0,0,0,0,0,0,0,0,0,0,0,0,0,340,17981,0,0,0,0
51742.665,16416,60,0,0,0,0,0,8,22066,44,53,0,0,0,0,0,0,0,0,0,0,0,0,0,0,0,0,0,0,0,0,0,0,331,16837,0,0,0,0
51758.749,16083,62,0,0,0,0,0,8,21905,44,53,0,0,0,0,0,0,0,0,0,0,0,0,0,0,0,0,0,0,0,0,0,0,321,16633,0,0,0,0
51776.250,17501,57,0,0,0,0,0,8,22065,44,53,0,0,0,0,0,0,0,0,0,0,0,0,0,0,0,0,0,0,0,0,0,0,343,15858,0,0,0,0
51792.724,16473,60,0,0,0,0,0,8,21960,44,53,0,0,0,0,0,0,0,0,0,0,0,0,0,0,0,0,0,0,0,0,0,0,344,16830,0,0,0,0
51809.529,16805,59,0,0,0,0,0,8,22194,44,53,0,0,0,0,0,0,0,0,0,0,0,0,0,0,0,0,0,0,0,0,0,0,323,17275,0,0,0,0
51826.185,16655,60,0,0,0,0,0,8,22437,44,53,0,0,0,0,0,0,0,0,0,0,0,0,0,0,0,0,0,0,0,0,0,0,306,16799,0,0,0,0
51842.799,16614,60,0,0,0,0,0,8,22227,44,53,0,0,0,0,0,0,0,0,0,0,0,0,0,0,0,0,0,0,0,0,0,0,290,16811,0,0,0,0
51859.902,17102,58,0,0,0,0,0,8,22463,44,53,0,0,0,0,0,0,0,0,0,0,0,0,0,0,0,0,0,0,0,0,0,0,320,16747,0,0,0,0
51876.247,16345,61,0,0,0,0,0,8,22429,44,53,0,0,0,0,0,0,0,0,0,0,0,0,0,0,0,0,0,0,0,0,0,0,351,15734,0,0,0,0
51892.570,16323,61,0,0,0,0,0,8,22493,44,53,0,0,0,0,0,0,0,0,0,0,0,0,0,0,0,0,0,0,0,0,0,0,315,17877,0,0,0,0
51909.489,16918,59,0,0,0,0,0,8,23958,44,53,0,0,0,0,0,0,0,0,0,0,0,0,0,0,0,0,0,0,0,0,0,0,338,15714,0,0,0,0
51926.283,16794,59,0,0,0,0,0,8,24229,44,53,0,0,0,0,0,0,0,0,0,0,0,0,0,0,0,0,0,0,0,0,0,0,318,17265,0,0,0,0
51942.760,16476,60,0,0,0,0,0,8,24075,44,53,0,0,0,0,0,0,0,0,0,0,0,0,0,0,0,0,0,0,0,0,0,0,295,16466,0,0,0,0
51959.486,16725,59,0,0,0,0,0,8,24041,44,53,0,0,0,0,0,0,0,0,0,0,0,0,0,0,0,0,0,0,0,0,0,0,317,16884,0,0,0,0
51975.683,16197,61,0,0,0,0,0,8,24122,44,53,0,0,0,0,0,0,0,0,0,0,0,0,0,0,0,0,0,0,0,0,0,0,317,16796,0,0,0,0
51992.709,17026,58,0,0,0,0,0,8,24170,44,53,0,0,0,0,0,0,0,0,0,0,0,0,0,0,0,0,0,0,0,0,0,0,360,17398,0,0,0,0
52009.289,16579,60,0,0,0,0,0,8,24044,44,53,0,0,0,0,0,0,0,0,0,0,0,0,0,0,0,0,0,0,0,0,0,0,372,16192,0,0,0,0
52026.082,16793,59,0,0,0,0,0,8,24855,44,53,0,0,0,0,0,0,0,0,0,0,0,0,0,0,0,0,0,0,0,0,0,0,326,15993,0,0,0,0
52042.706,16623,60,0,0,0,0,0,8,25460,44,53,0,0,0,0,0,0,0,0,0,0,0,0,0,0,0,0,0,0,0,0,0,0,312,15864,0,0,0,0
52059.597,16891,59,0,0,0,0,0,8,25439,44,53,0,0,0,0,0,0,0,0,0,0,0,0,0,0,0,0,0,0,0,0,0,0,319,17626,0,0,0,0
52076.243,16646,60,0,0,0,0,0,8,25447,44,53,0,0,0,0,0,0,0,0,0,0,0,0,0,0,0,0,0,0,0,0,0,0,344,17262,0,0,0,0
52092.518,16275,61,0,0,0,0,0,8,25669,44,53,0,0,0,0,0,0,0,0,0,0,0,0,0,0,0,0,0,0,0,0,0,0,350,16280,0,0,0,0
52109.424,16905,59,0,0,0,0,0,8,25616,44,53,0,0,0,0,0,0,0,0,0,0,0,0,0,0,0,0,0,0,0,0,0,0,323,16099,0,0,0,0
52125.988,16563,60,0,0,0,0,0,8,25554,44,53,0,0,0,0,0,0,0,0,0,0,0,0,0,0,0,0,0,0,0,0,0,0,313,16836,0,0,0,0
52143.246,17258,57,0,0,0,0,0,8,25580,44,53,0,0,0,0,0,0,0,0,0,0,0,0,0,0,0,0,0,0,0,0,0,0,315,16575,0,0,0,0
52159.076,15829,63,0,0,0,0,0,8,25672,44,53,0,0,0,0,0,0,0,0,0,0,0,0,0,0,0,0,0,0,0,0,0,0,304,16283,0,0,0,0
52175.842,16766,59,0,0,0,0,0,8,24180,44,53,0,0,0,0,0,0,0,0,0,0,0,0,0,0,0,0,0,0,0,0,0,0,340,16995,0,0,0,0
52193.252,17410,57,0,0,0,0,0,8,23845,44,53,0,0,0,0,0,0,0,0,0,0,0,0,0,0,0,0,0,0,0,0,0,0,348,16545,0,0,0,0
52209.740,16488,60,0,0,0,0,0,8,24085,44,53,0,0,0,0,0,0,0,0,0,0,0,0,0,0,0,0,0,0,0,0,0,0,327,18342,0,0,0,0
52226.240,16499,60,0,0,0,0,0,8,23924,44,53,0,0,0,0,0,0,0,0,0,0,0,0,0,0,0,0,0,0,0,0,0,0,326,14669,0,0,0,0
52243.245,17004,58,0,0,0,0,0,8,23992,44,53,0,0,0,0,0,0,0,0,0,0,0,0,0,0,0,0,0,0,0,0,0,0,342,17373,0,0,0,0
52259.444,16199,61,0,0,0,0,0,8,24099,44,53,0,0,0,0,0,0,0,0,0,0,0,0,0,0,0,0,0,0,0,0,0,0,323,17230,0,0,0,0
52276.243,16798,59,0,0,0,0,0,8,24054,44,53,0,0,0,0,0,0,0,0,0,0,0,0,0,0,0,0,0,0,0,0,0,0,316,16193,0,0,0,0
52292.914,16670,59,0,0,0,0,0,8,23964,44,53,0,0,0,0,0,0,0,0,0,0,0,0,0,0,0,0,0,0,0,0,0,0,323,15671,0,0,0,0
52309.238,16324,61,0,0,0,0,0,8,23972,44,53,0,0,0,0,0,0,0,0,0,0,0,0,0,0,0,0,0,0,0,0,0,0,304,17940,0,0,0,0
52325.908,16670,59,0,0,0,0,0,8,23988,44,53,0,0,0,0,0,0,0,0,0,0,0,0,0,0,0,0,0,0,0,0,0,0,312,15855,0,0,0,0
52343.239,17330,57,0,0,0,0,0,8,23908,44,53,0,0,0,0,0,0,0,0,0,0,0,0,0,0,0,0,0,0,0,0,0,0,338,16619,0,0,0,0
52359.401,16162,61,0,0,0,0,0,8,24046,44,53,0,0,0,0,0,0,0,0,0,0,0,0,0,0,0,0,0,0,0,0,0,0,331,18538,0,0,0,0
52376.272,16870,59,0,0,0,0,0,8,24088,44,53,0,0,0,0,0,0,0,0,0,0,0,0,0,0,0,0,0,0,0,0,0,0,361,15212,0,0,0,0
52392.579,16307,61,0,0,0,0,0,8,23874,44,53,0,0,0,0,0,0,0,0,0,0,0,0,0,0,0,0,0,0,0,0,0,0,328,15816,0,0,0,0
52409.554,16974,58,0,0,0,0,0,8,23965,44,53,0,0,0,0,0,0,0,0,0,0,0,0,0,0,0,0,0,0,0,0,0,0,311,17206,0,0,0,0
52426.239,16685,59,0,0,0,0,0,8,23973,44,53,0,0,0,0,0,0,0,0,0,0,0,0,0,0,0,0,0,0,0,0,0,0,327,16977,0,0,0,0
52442.746,16507,60,0,0,0,0,0,8,24189,44,53,0,0,0,0,0,0,0,0,0,0,0,0,0,0,0,0,0,0,0,0,0,0,329,17071,0,0,0,0
52460.250,17503,57,0,0,0,0,0,8,24279,44,53,0,0,0,0,0,0,0,0,0,0,0,0,0,0,0,0,0,0,0,0,0,0,314,16610,0,0,0,0
52476.011,15761,63,0,0,0,0,0,8,24454,44,53,0,0,0,0,0,0,0,0,0,0,0,0,0,0,0,0,0,0,0,0,0,0,328,17084,0,0,0,0
52492.175,16163,61,0,0,0,0,0,8,26677,44,53,0,0,0,0,0,0,0,0,0,0,0,0,0,0,0,0,0,0,0,0,0,0,303,15728,0,0,0,0
52509.774,17599,56,0,0,0,0,0,8,24685,44,53,0,0,0,0,0,0,0,0,0,0,0,0,0,0,0,0,0,0,0,0,0,0,306,16533,0,0,0,0
52526.237,16462,60,0,0,0,0,0,8,25067,44,53,0,0,0,0,0,0,0,0,0,0,0,0,0,0,0,0,0,0,0,0,0,0,342,17800,0,0,0,0
52543.342,17104,58,0,0,0,0,0,8,25018,44,53,0,0,0,0,0,0,0,0,0,0,0,0,0,0,0,0,0,0,0,0,0,0,302,16086,0,0,0,0
52559.374,16032,62,0,0,0,0,0,8,25263,44,53,0,0,0,0,0,0,0,0,0,0,0,0,0,0,0,0,0,0,0,0,0,0,349,17985,0,0,0,0
52576.235,16861,59,0,0,0,0,0,8,25434,44,53,0,0,0,0,0,0,0,0,0,0,0,0,0,0,0,0,0,0,0,0,0,0,334,15407,0,0,0,0
52592.779,16543,60,0,0,0,0,0,8,25361,44,53,0,0,0,0,0,0,0,0,0,0,0,0,0,0,0,0,0,0,0,0,0,0,318,15635,0,0,0,0
52610.260,17481,57,0,0,0,0,0,8,25688,44,53,0,0,0,0,0,0,0,0,0,0,0,0,0,0,0,0,0,0,0,0,0,0,323,17863,0,0,0,0
52625.998,15737,63,0,0,0,0,0,8,25606,44,53,0,0,0,0,0,0,0,0,0,0,0,0,0,0,0,0,0,0,0,0,0,0,320,17031,0,0,0,0
52642.763,16765,59,0,0,0,0,0,8,25560,44,53,0,0,0,0,0,0,0,0,0,0,0,0,0,0,0,0,0,0,0,0,0,0,312,15837,0,0,0,0
52659.270,16506,60,0,0,0,0,0,8,25820,44,53,0,0,0,0,0,0,0,0,0,0,0,0,0,0,0,0,0,0,0,0,0,0,339,17482,0,0,0,0
52675.984,16714,59,0,0,0,0,0,8,25607,44,53,0,0,0,0,0,0,0,0,0,0,0,0,0,0,0,0,0,0,0,0,0,0,292,16083,0,0,0,0
52692.804,16819,59,0,0,0,0,0,8,25629,44,53,0,0,0,0,0,0,0,0,0,0,0,0,0,0,0,0,0,0,0,0,0,0,350,16466,0,0,0,0
52709.558,16753,59,0,0,0,0,0,8,25332,44,53,0,0,0,0,0,0,0,0,0,0,0,0,0,0,0,0,0,0,0,0,0,0,308,16733,0,0,0,0
52726.242,16684,59,0,0,0,0,0,8,25580,44,53,0,0,0,0,0,0,0,0,0,0,0,0,0,0,0,0,0,0,0,0,0,0,323,16629,0,0,0,0
52742.747,16504,60,0,0,0,0,0,8,25633,44,53,0,0,0,0,0,0,0,0,0,0,0,0,0,0,0,0,0,0,0,0,0,0,332,16984,0,0,0,0
52758.899,16152,61,0,0,0,0,0,8,26167,44,53,0,0,0,0,0,0,0,0,0,0,0,0,0,0,0,0,0,0,0,0,0,0,338,16391,0,0,0,0
52776.242,17343,57,0,0,0,0,0,8,26304,44,53,0,0,0,0,0,0,0,0,0,0,0,0,0,0,0,0,0,0,0,0,0,0,325,16467,0,0,0,0
52792.755,16512,60,0,0,0,0,0,8,26197,44,53,0,0,0,0,0,0,0,0,0,0,0,0,0,0,0,0,0,0,0,0,0,0,336,16210,0,0,0,0
52809.481,16726,59,0,0,0,0,0,8,26772,44,53,0,0,0,0,0,0,0,0,0,0,0,0,0,0,0,0,0,0,0,0,0,0,309,17767,0,0,0,0
52826.232,16751,59,0,0,0,0,0,8,26569,44,53,0,0,0,0,0,0,0,0,0,0,0,0,0,0,0,0,0,0,0,0,0,0,328,16385,0,0,0,0
52842.686,16453,60,0,0,0,0,0,8,26672,44,53,0,0,0,0,0,0,0,0,0,0,0,0,0,0,0,0,0,0,0,0,0,0,281,15566,0,0,0,0
52859.387,16700,59,0,0,0,0,0,8,28328,44,53,0,0,0,0,0,0,0,0,0,0,0,0,0,0,0,0,0,0,0,0,0,0,326,17406,0,0,0,0
52875.538,16151,61,0,0,0,0,0,8,28840,44,53,0,0,0,0,0,0,0,0,0,0,0,0,0,0,0,0,0,0,0,0,0,0,331,17079,0,0,0,0
52892.828,17290,57,0,0,0,0,0,8,28947,44,53,0,0,0,0,0,0,0,0,0,0,0,0,0,0,0,0,0,0,0,0,0,0,310,16046,0,0,0,0
52909.272,16443,60,0,0,0,0,0,8,291,44,53,0,0,0,0,0,0,0,0,0,0,0,0,0,0,0,0,0,0,0,0,0,0,0,0,0,0,0,0
53586.373,677101,1,0,0,0,0,0,8,41399,123,53,0,0,0,0,0,0,0,0,0,0,0,0,0,0,0,0,0,0,0,0,0,0,395,706116,0,0,0,0
53600.492,14118,70,0,0,0,0,0,8,27428,44,53,0,0,0,0,0,0,0,0,0,0,0,0,0,0,0,0,0,0,0,0,0,0,208,3865,0,0,0,0
53635.948,35456,28,0,0,0,0,0,8,27854,46,53,0,0,0,0,0,0,0,0,0,0,0,0,0,0,0,0,0,0,0,0,0,0,294,45715,0,0,0,0
53651.238,15289,65,0,0,0,0,0,8,53333,44,53,0,0,0,0,0,0,0,0,0,0,0,0,0,0,0,0,0,0,0,0,0,0,401,11002,0,0,0,0
53668.226,16988,58,0,0,0,0,0,8,26969,44,53,0,0,0,0,0,0,0,0,0,0,0,0,0,0,0,0,0,0,0,0,0,0,302,11545,0,0,0,0
53684.365,16138,61,0,0,0,0,0,8,26769,44,53,0,0,0,0,0,0,0,0,0,0,0,0,0,0,0,0,0,0,0,0,0,0,303,14439,0,0,0,0
53700.942,16577,60,0,0,0,0,0,8,26637,44,53,0,0,0,0,0,0,0,0,0,0,0,0,0,0,0,0,0,0,0,0,0,0,322,15939,0,0,0,0
53717.772,16830,59,0,0,0,0,0,8,27776,44,53,0,0,0,0,0,0,0,0,0,0,0,0,0,0,0,0,0,0,0,0,0,0,329,16545,0,0,0,0
53733.811,16039,62,0,0,0,0,0,8,27586,44,53,0,0,0,0,0,0,0,0,0,0,0,0,0,0,0,0,0,0,0,0,0,0,321,17113,0,0,0,0
53750.888,17076,58,0,0,0,0,0,8,27434,44,53,0,0,0,0,0,0,0,0,0,0,0,0,0,0,0,0,0,0,0,0,0,0,313,16472,0,0,0,0
53767.810,16921,59,0,0,0,0,0,8,27760,44,53,0,0,0,0,0,0,0,0,0,0,0,0,0,0,0,0,0,0,0,0,0,0,351,16960,0,0,0,0
53784.376,16566,60,0,0,0,0,0,8,28914,44,53,0,0,0,0,0,0,0,0,0,0,0,0,0,0,0,0,0,0,0,0,0,0,339,16574,0,0,0,0
53801.080,16703,59,0,0,0,0,0,8,27939,44,53,0,0,0,0,0,0,0,0,0,0,0,0,0,0,0,0,0,0,0,0,0,0,340,17754,0,0,0,0
53817.868,16788,59,0,0,0,0,0,8,28942,44,53,0,0,0,0,0,0,0,0,0,0,0,0,0,0,0,0,0,0,0,0,0,0,304,15472,0,0,0,0
53835.229,17360,57,0,0,0,0,0,8,28058,44,53,0,0,0,0,0,0,0,0,0,0,0,0,0,0,0,0,0,0,0,0,0,0,306,17140,0,0,0,0
53851.069,15841,63,0,0,0,0,0,8,26292,44,53,0,0,0,0,0,0,0,0,0,0,0,0,0,0,0,0,0,0,0,0,0,0,350,17130,0,0,0,0
53867.587,16517,60,0,0,0,0,0,8,27408,44,53,0,0,0,0,0,0,0,0,0,0,0,0,0,0,0,0,0,0,0,0,0,0,303,15666,0,0,0,0
53884.365,16777,59,0,0,0,0,0,8,26960,44,53,0,0,0,0,0,0,0,0,0,0,0,0,0,0,0,0,0,0,0,0,0,0,328,16811,0,0,0,0
53900.771,16406,60,0,0,0,0,0,8,26780,44,53,0,0,0,0,0,0,0,0,0,0,0,0,0,0,0,0,0,0,0,0,0,0,335,16813,0,0,0,0
53917.511,16739,59,0,0,0,0,0,8,26807,44,53,0,0,0,0,0,0,0,0,0,0,0,0,0,0,0,0,0,0,0,0,0,0,317,16513,0,0,0,0
53934.421,16910,59,0,0,0,0,0,8,26924,44,53,0,0,0,0,0,0,0,0,0,0,0,0,0,0,0,0,0,0,0,0,0,0,351,16495,0,0,0,0
53950.809,16388,61,0,0,0,0,0,8,27777,44,53,0,0,0,0,0,0,0,0,0,0,0,0,0,0,0,0,0,0,0,0,0,0,318,17176,0,0,0,0
53968.239,17418,57,0,0,0,0,0,8,26885,44,53,0,0,0,0,0,0,0,0,0,0,0,0,0,0,0,0,0,0,0,0,0,0,299,16294,0,0,0,0
53984.400,16172,61,0,0,0,0,0,8,26780,44,53,0,0,0,0,0,0,0,0,0,0,0,0,0,0,0,0,0,0,0,0,0,0,331,17387,0,0,0,0
54000.792,16392,61,0,0,0,0,0,8,26630,44,53,0,0,0,0,0,0,0,0,0,0,0,0,0,0,0,0,0,0,0,0,0,0,332,15948,0,0,0,0
54017.495,16703,59,0,0,0,0,0,8,26803,44,53,0,0,0,0,0,0,0,0,0,0,0,0,0,0,0,0,0,0,0,0,0,0,338,16664,0,0,0,0
54033.781,16286,61,0,0,0,0,0,8,27613,44,53,0,0,0,0,0,0,0,0,0,0,0,0,0,0,0,0,0,0,0,0,0,0,328,16853,0,0,0,0
54051.226,17444,57,0,0,0,0,0,8,27474,44,53,0,0,0,0,0,0,0,0,0,0,0,0,0,0,0,0,0,0,0,0,0,0,291,16171,0,0,0,0
54067.921,16695,59,0,0,0,0,0,8,27087,44,53,0,0,0,0,0,0,0,0,0,0,0,0,0,0,0,0,0,0,0,0,0,0,312,17626,0,0,0,0
54084.760,16838,59,0,0,0,0,0,8,28619,44,53,0,0,0,0,0,0,0,0,0,0,0,0,0,0,0,0,0,0,0,0,0,0,312,16343,0,0,0,0
54101.030,16270,61,0,0,0,0,0,8,28477,44,53,0,0,0,0,0,0,0,0,0,0,0,0,0,0,0,0,0,0,0,0,0,0,333,16685,0,0,0,0
54117.738,16707,59,0,0,0,0,0,8,28641,44,53,0,0,0,0,0,0,0,0,0,0,0,0,0,0,0,0,0,0,0,0,0,0,346,16250,0,0,0,0
54134.421,16682,59,0,0,0,0,0,8,28673,44,53,0,0,0,0,0,0,0,0,0,0,0,0,0,0,0,0,0,0,0,0,0,0,350,16808,0,0,0,0
54150.822,16401,60,0,0,0,0,0,8,28488,44,53,0,0,0,0,0,0,0,0,0,0,0,0,0,0,0,0,0,0,0,0,0,0,313,16307,0,0,0,0
54167.882,17059,58,0,0,0,0,0,8,28713,44,53,0,0,0,0,0,0,0,0,0,0,0,0,0,0,0,0,0,0,0,0,0,0,335,16558,0,0,0,0
54184.358,16475,60,0,0,0,0,0,8,28833,44,53,0,0,0,0,0,0,0,0,0,0,0,0,0,0,0,0,0,0,0,0,0,0,345,17099,0,0,0,0
54200.838,16480,60,0,0,0,0,0,8,28683,44,53,0,0,0,0,0,0,0,0,0,0,0,0,0,0,0,0,0,0,0,0,0,0,340,16697,0,0,0,0
54217.857,17018,58,0,0,0,0,0,8,28449,44,53,0,0,0,0,0,0,0,0,0,0,0,0,0,0,0,0,0,0,0,0,0,0,365,16703,0,0,0,0
54234.251,16394,60,0,0,0,0,0,8,28360,44,53,0,0,0,0,0,0,0,0,0,0,0,0,0,0,0,0,0,0,0,0,0,0,338,16479,0,0,0,0
54250.779,16527,60,0,0,0,0,0,8,28304,44,53,0,0,0,0,0,0,0,0,0,0,0,0,0,0,0,0,0,0,0,0,0,0,306,16460,0,0,0,0
54267.881,17102,58,0,0,0,0,0,8,28525,44,53,0,0,0,0,0,0,0,0,0,0,0,0,0,0,0,0,0,0,0,0,0,0,311,16691,0,0,0,0
54284.391,16510,60,0,0,0,0,0,8,28557,44,53,0,0,0,0,0,0,0,0,0,0,0,0,0,0,0,0,0,0,0,0,0,0,318,17329,0,0,0,0
54300.920,16529,60,0,0,0,0,0,8,28664,44,53,0,0,0,0,0,0,0,0,0,0,0,0,0,0,0,0,0,0,0,0,0,0,305,16109,0,0,0,0
54317.624,16703,59,0,0,0,0,0,8,28577,44,53,0,0,0,0,0,0,0,0,0,0,0,0,0,0,0,0,0,0,0,0,0,0,297,16362,0,0,0,0
54334.307,16683,59,0,0,0,0,0,8,28582,44,53,0,0,0,0,0,0,0,0,0,0,0,0,0,0,0,0,0,0,0,0,0,0,336,16869,0,0,0,0
54350.933,16625,60,0,0,0,0,0,8,28131,44,53,0,0,0,0,0,0,0,0,0,0,0,0,0,0,0,0,0,0,0,0,0,0,303,17075,0,0,0,0
54367.702,16769,59,0,0,0,0,0,8,28109,44,53,0,0,0,0,0,0,0,0,0,0,0,0,0,0,0,0,0,0,0,0,0,0,332,16825,0,0,0,0
54384.290,16588,60,0,0,0,0,0,8,27717,44,53,0,0,0,0,0,0,0,0,0,0,0,0,0,0,0,0,0,0,0,0,0,0,326,16449,0,0,0,0
54400.760,16469,60,0,0,0,0,0,8,27708,44,53,0,0,0,0,0,0,0,0,0,0,0,0,0,0,0,0,0,0,0,0,0,0,341,16693,0,0,0,0
54417.639,16868,59,0,0,0,0,0,8,27796,44,53,0,0,0,0,0,0,0,0,0,0,0,0,0,0,0,0,0,0,0,0,0,0,349,16890,0,0,0,0
54434.407,16778,59,0,0,0,0,0,8,27741,44,53,0,0,0,0,0,0,0,0,0,0,0,0,0,0,0,0,0,0,0,0,0,0,331,16588,0,0,0,0
54450.775,16367,61,0,0,0,0,0,8,27065,44,53,0,0,0,0,0,0,0,0,0,0,0,0,0,0,0,0,0,0,0,0,0,0,310,16384,0,0,0,0
54467.924,17149,58,0,0,0,0,0,8,26935,44,53,0,0,0,0,0,0,0,0,0,0,0,0,0,0,0,0,0,0,0,0,0,0,328,16501,0,0,0,0
54484.391,16467,60,0,0,0,0,0,8,27191,44,53,0,0,0,0,0,0,0,0,0,0,0,0,0,0,0,0,0,0,0,0,0,0,319,17110,0,0,0,0
54501.200,16808,59,0,0,0,0,0,8,27002,44,53,0,0,0,0,0,0,0,0,0,0,0,0,0,0,0,0,0,0,0,0,0,0,302,16425,0,0,0,0
54517.880,16679,59,0,0,0,0,0,8,27147,44,53,0,0,0,0,0,0,0,0,0,0,0,0,0,0,0,0,0,0,0,0,0,0,331,17088,0,0,0,0
54534.338,16458,60,0,0,0,0,0,8,26976,44,53,0,0,0,0,0,0,0,0,0,0,0,0,0,0,0,0,0,0,0,0,0,0,301,16687,0,0,0,0
54550.789,16439,60,0,0,0,0,0,8,26820,44,53,0,0,0,0,0,0,0,0,0,0,0,0,0,0,0,0,0,0,0,0,0,0,302,16035,0,0,0,0
54567.740,16962,58,0,0,0,0,0,8,26999,44,53,0,0,0,0,0,0,0,0,0,0,0,0,0,0,0,0,0,0,0,0,0,0,301,16821,0,0,0,0
54584.391,16650,60,0,0,0,0,0,8,27309,44,53,0,0,0,0,0,0,0,0,0,0,0,0,0,0,0,0,0,0,0,0,0,0,337,17166,0,0,0,0
54600.941,16549,60,0,0,0,0,0,8,26976,44,53,0,0,0,0,0,0,0,0,0,0,0,0,0,0,0,0,0,0,0,0,0,0,340,16139,0,0,0,0
54618.222,17281,57,0,0,0,0,0,8,27025,44,53,0,0,0,0,0,0,0,0,0,0,0,0,0,0,0,0,0,0,0,0,0,0,320,16707,0,0,0,0
54634.299,16076,62,0,0,0,0,0,8,27038,44,53,0,0,0,0,0,0,0,0,0,0,0,0,0,0,0,0,0,0,0,0,0,0,329,17433,0,0,0,0
54650.808,16509,60,0,0,0,0,0,8,26838,44,53,0,0,0,0,0,0,0,0,0,0,0,0,0,0,0,0,0,0,0,0,0,0,299,15563,0,0,0,0
54667.397,16588,60,0,0,0,0,0,8,28732,44,53,0,0,0,0,0,0,0,0,0,0,0,0,0,0,0,0,0,0,0,0,0,0,325,16541,0,0,0,0
54684.393,16996,58,0,0,0,0,0,8,28831,44,53,0,0,0,0,0,0,0,0,0,0,0,0,0,0,0,0,0,0,0,0,0,0,326,17507,0,0,0,0
54701.366,16973,58,0,0,0,0,0,8,28619,44,53,0,0,0,0,0,0,0,0,0,0,0,0,0,0,0,0,0,0,0,0,0,0,305,16025,0,0,0,0
54717.523,16156,61,0,0,0,0,0,8,28764,44,53,0,0,0,0,0,0,0,0,0,0,0,0,0,0,0,0,0,0,0,0,0,0,345,17320,0,0,0,0
54734.549,17026,58,0,0,0,0,0,8,28797,44,53,0,0,0,0,0,0,0,0,0,0,0,0,0,0,0,0,0,0,0,0,0,0,323,15977,0,0,0,0
54750.881,16332,61,0,0,0,0,0,8,28773,44,53,0,0,0,0,0,0,0,0,0,0,0,0,0,0,0,0,0,0,0,0,0,0,358,17517,0,0,0,0
54768.213,17332,57,0,0,0,0,0,8,28814,44,53,0,0,0,0,0,0,0,0,0,0,0,0,0,0,0,0,0,0,0,0,0,0,332,15706,0,0,0,0
54784.354,16141,61,0,0,0,0,0,8,28843,44,53,0,0,0,0,0,0,0,0,0,0,0,0,0,0,0,0,0,0,0,0,0,0,347,17893,0,0,0,0
54801.229,16874,59,0,0,0,0,0,8,28698,44,53,0,0,0,0,0,0,0,0,0,0,0,0,0,0,0,0,0,0,0,0,0,0,302,15589,0,0,0,0
54818.222,16993,58,0,0,0,0,0,8,28789,44,53,0,0,0,0,0,0,0,0,0,0,0,0,0,0,0,0,0,0,0,0,0,0,341,16228,0,0,0,0
54834.762,16540,60,0,0,0,0,0,8,29822,44,53,0,0,0,0,0,0,0,0,0,0,0,0,0,0,0,0,0,0,0,0,0,0,325,17022,0,0,0,0
54851.220,16458,60,0,0,0,0,0,8,29021,44,53,0,0,0,0,0,0,0,0,0,0,0,0,0,0,0,0,0,0,0,0,0,0,331,17174,0,0,0,0
54867.860,16639,60,0,0,0,0,0,8,29852,44,53,0,0,0,0,0,0,0,0,0,0,0,0,0,0,0,0,0,0,0,0,0,0,328,16834,0,0,0,0
54884.382,16521,60,0,0,0,0,0,8,29464,44,53,0,0,0,0,0,0,0,0,0,0,0,0,0,0,0,0,0,0,0,0,0,0,334,16862,0,0,0,0
54900.739,16357,61,0,0,0,0,0,8,29294,44,53,0,0,0,0,0,0,0,0,0,0,0,0,0,0,0,0,0,0,0,0,0,0,300,16215,0,0,0,0
54918.283,17543,57,0,0,0,0,0,8,29470,44,53,0,0,0,0,0,0,0,0,0,0,0,0,0,0,0,0,0,0,0,0,0,0,332,16407,0,0,0,0
54934.399,16116,62,0,0,0,0,0,8,29517,44,53,0,0,0,0,0,0,0,0,0,0,0,0,0,0,0,0,0,0,0,0,0,0,350,16490,0,0,0,0
54951.224,16825,59,0,0,0,0,0,8,28788,44,53,0,0,0,0,0,0,0,0,0,0,0,0,0,0,0,0,0,0,0,0,0,0,326,16815,0,0,0,0
54968.219,16993,58,0,0,0,0,0,8,28894,44,53,0,0,0,0,0,0,0,0,0,0,0,0,0,0,0,0,0,0,0,0,0,0,325,17156,0,0,0,0
54984.493,16274,61,0,0,0,0,0,8,29900,44,53,0,0,0,0,0,0,0,0,0,0,0,0,0,0,0,0,0,0,0,0,0,0,351,17328,0,0,0,0
55001.021,16527,60,0,0,0,0,0,8,29244,44,53,0,0,0,0,0,0,0,0,0,0,0,0,0,0,0,0,0,0,0,0,0,0,321,15880,0,0,0,0
55017.662,16640,60,0,0,0,0,0,8,29399,44,53,0,0,0,0,0,0,0,0,0,0,0,0,0,0,0,0,0,0,0,0,0,0,316,16752,0,0,0,0
55034.735,17073,58,0,0,0,0,0,8,29390,44,53,0,0,0,0,0,0,0,0,0,0,0,0,0,0,0,0,0,0,0,0,0,0,310,16245,0,0,0,0
55051.224,16489,60,0,0,0,0,0,8,29055,44,53,0,0,0,0,0,0,0,0,0,0,0,0,0,0,0,0,0,0,0,0,0,0,297,17715,0,0,0,0
55067.722,16497,60,0,0,0,0,0,8,30222,44,53,0,0,0,0,0,0,0,0,0,0,0,0,0,0,0,0,0,0,0,0,0,0,307,15159,0,0,0,0
55084.744,17021,58,0,0,0,0,0,8,29139,44,53,0,0,0,0,0,0,0,0,0,0,0,0,0,0,0,0,0,0,0,0,0,0,326,17555,0,0,0,0
55100.846,16102,62,0,0,0,0,0,8,29083,44,53,0,0,0,0,0,0,0,0,0,0,0,0,0,0,0,0,0,0,0,0,0,0,318,16898,0,0,0,0
55117.751,16904,59,0,0,0,0,0,8,30153,44,53,0,0,0,0,0,0,0,0,0,0,0,0,0,0,0,0,0,0,0,0,0,0,316,15992,0,0,0,0
55134.164,16413,60,0,0,0,0,0,8,29815,44,53,0,0,0,0,0,0,0,0,0,0,0,0,0,0,0,0,0,0,0,0,0,0,326,16874,0,0,0,0
55151.237,17072,58,0,0,0,0,0,8,29562,44,53,0,0,0,0,0,0,0,0,0,0,0,0,0,0,0,0,0,0,0,0,0,0,293,16328,0,0,0,0
55167.761,16524,60,0,0,0,0,0,8,27412,44,53,0,0,0,0,0,0,0,0,0,0,0,0,0,0,0,0,0,0,0,0,0,0,323,17355,0,0,0,0
55184.253,16491,60,0,0,0,0,0,8,28291,44,53,0,0,0,0,0,0,0,0,0,0,0,0,0,0,0,0,0,0,0,0,0,0,325,16379,0,0,0,0
55201.059,16806,59,0,0,0,0,0,8,27884,44,53,0,0,0,0,0,0,0,0,0,0,0,0,0,0,0,0,0,0,0,0,0,0,297,16391,0,0,0,0
55217.790,16731,59,0,0,0,0,0,8,27944,44,53,0,0,0,0,0,0,0,0,0,0,0,0,0,0,0,0,0,0,0,0,0,0,332,16737,0,0,0,0
55234.213,16423,60,0,0,0,0,0,8,27947,44,53,0,0,0,0,0,0,0,0,0,0,0,0,0,0,0,0,0,0,0,0,0,0,335,16801,0,0,0,0
55251.221,17008,58,0,0,0,0,0,8,27801,44,53,0,0,0,0,0,0,0,0,0,0,0,0,0,0,0,0,0,0,0,0,0,0,300,16588,0,0,0,0
55267.871,16650,60,0,0,0,0,0,8,27911,44,53,0,0,0,0,0,0,0,0,0,0,0,0,0,0,0,0,0,0,0,0,0,0,328,16108,0,0,0,0
55284.221,16349,61,0,0,0,0,0,8,27895,44,53,0,0,0,0,0,0,0,0,0,0,0,0,0,0,0,0,0,0,0,0,0,0,334,17665,0,0,0,0
55300.983,16762,59,0,0,0,0,0,8,27727,44,53,0,0,0,0,0,0,0,0,0,0,0,0,0,0,0,0,0,0,0,0,0,0,329,16250,0,0,0,0
55317.514,16530,60,0,0,0,0,0,8,27741,44,53,0,0,0,0,0,0,0,0,0,0,0,0,0,0,0,0,0,0,0,0,0,0,368,16605,0,0,0,0
55334.258,16744,59,0,0,0,0,0,8,27925,44,53,0,0,0,0,0,0,0,0,0,0,0,0,0,0,0,0,0,0,0,0,0,0,319,16319,0,0,0,0
55350.931,16673,59,0,0,0,0,0,8,27608,44,53,0,0,0,0,0,0,0,0,0,0,0,0,0,0,0,0,0,0,0,0,0,0,318,16943,0,0,0,0
55367.780,16848,59,0,0,0,0,0,8,27817,44,53,0,0,0,0,0,0,0,0,0,0,0,0,0,0,0,0,0,0,0,0,0,0,296,16503,0,0,0,0
55384.312,16532,60,0,0,0,0,0,8,27776,44,53,0,0,0,0,0,0,0,0,0,0,0,0,0,0,0,0,0,0,0,0,0,0,311,17002,0,0,0,0
55401.222,16909,59,0,0,0,0,0,8,27690,44,53,0,0,0,0,0,0,0,0,0,0,0,0,0,0,0,0,0,0,0,0,0,0,312,16556,0,0,0,0
55417.846,16623,60,0,0,0,0,0,8,28036,44,53,0,0,0,0,0,0,0,0,0,0,0,0,0,0,0,0,0,0,0,0,0,0,331,17261,0,0,0,0
55435.214,17368,57,0,0,0,0,0,8,27704,44,53,0,0,0,0,0,0,0,0,0,0,0,0,0,0,0,0,0,0,0,0,0,0,316,16493,0,0,0,0
55451.352,16138,61,0,0,0,0,0,8,27576,44,53,0,0,0,0,0,0,0,0,0,0,0,0,0,0,0,0,0,0,0,0,0,0,355,17653,0,0,0,0
55467.669,16317,61,0,0,0,0,0,8,27675,44,53,0,0,0,0,0,0,0,0,0,0,0,0,0,0,0,0,0,0,0,0,0,0,338,15979,0,0,0,0
55484.514,16845,59,0,0,0,0,0,8,27398,44,53,0,0,0,0,0,0,0,0,0,0,0,0,0,0,0,0,0,0,0,0,0,0,319,16035,0,0,0,0
55500.959,16444,60,0,0,0,0,0,8,27064,44,53,0,0,0,0,0,0,0,0,0,0,0,0,0,0,0,0,0,0,0,0,0,0,330,16831,0,0,0,0
55517.535,16576,60,0,0,0,0,0,8,25405,44,53,0,0,0,0,0,0,0,0,0,0,0,0,0,0,0,0,0,0,0,0,0,0,332,16073,0,0,0,0
55534.264,16729,59,0,0,0,0,0,8,24920,44,53,0,0,0,0,0,0,0,0,0,0,0,0,0,0,0,0,0,0,0,0,0,0,329,16680,0,0,0,0
55550.970,16705,59,0,0,0,0,0,8,24902,44,53,0,0,0,0,0,0,0,0,0,0,0,0,0,0,0,0,0,0,0,0,0,0,330,16819,0,0,0,0
55567.806,16825,59,0,0,0,0,0,8,25123,44,53,0,0,0,0,0,0,0,0,0,0,0,0,0,0,0,0,0,0,0,0,0,0,326,16722,0,0,0,0
55584.482,16685,59,0,0,0,0,0,8,25136,44,53,0,0,0,0,0,0,0,0,0,0,0,0,0,0,0,0,0,0,0,0,0,0,332,16856,0,0,0,0
55600.342,15859,63,0,0,0,0,0,8,24868,44,53,0,0,0,0,0,0,0,0,0,0,0,0,0,0,0,0,0,0,0,0,0,0,313,16667,0,0,0,0
55618.211,17869,55,0,0,0,0,0,8,24904,44,53,0,0,0,0,0,0,0,0,0,0,0,0,0,0,0,0,0,0,0,0,0,0,308,15993,0,0,0,0
55634.390,16179,61,0,0,0,0,0,8,24948,44,53,0,0,0,0,0,0,0,0,0,0,0,0,0,0,0,0,0,0,0,0,0,0,329,16684,0,0,0,0
55650.884,16494,60,0,0,0,0,0,8,24845,44,53,0,0,0,0,0,0,0,0,0,0,0,0,0,0,0,0,0,0,0,0,0,0,344,17535,0,0,0,0
55667.388,16503,60,0,0,0,0,0,8,24953,44,53,0,0,0,0,0,0,0,0,0,0,0,0,0,0,0,0,0,0,0,0,0,0,308,16007,0,0,0,0
55684.251,16863,59,0,0,0,0,0,8,123055,44,53,0,0,0,0,0,0,0,0,0,0,0,0,0,0,0,0,0,0,0,0,0,0,0,0,0,0,0,0
55715.876,31624,31,0,0,0,0,0,8,170992,45,53,0,0,0,0,0,0,0,0,0,0,0,0,0,0,0,0,0,0,0,0,0,0,34319,60552,0,0,0,0
55726.208,10331,96,0,0,0,0,0,8,44708,44,53,0,0,0,0,0,0,0,0,0,0,0,0,0,0,0,0,0,0,0,0,0,0,227,7569,0,0,0,0
55743.214,17006,58,0,0,0,0,0,8,25863,44,53,0,0,0,0,0,0,0,0,0,0,0,0,0,0,0,0,0,0,0,0,0,0,422,10422,0,0,0,0
55759.348,16133,61,0,0,0,0,0,8,22564,44,53,0,0,0,0,0,0,0,0,0,0,0,0,0,0,0,0,0,0,0,0,0,0,304,13067,0,0,0,0
55776.262,16914,59,0,0,0,0,0,8,22591,44,53,0,0,0,0,0,0,0,0,0,0,0,0,0,0,0,0,0,0,0,0,0,0,346,17246,0,0,0,0
55792.723,16460,60,0,0,0,0,0,8,23269,44,53,0,0,0,0,0,0,0,0,0,0,0,0,0,0,0,0,0,0,0,0,0,0,337,18250,0,0,0,0
55808.841,16118,62,0,0,0,0,0,8,24240,44,53,0,0,0,0,0,0,0,0,0,0,0,0,0,0,0,0,0,0,0,0,0,0,341,14997,0,0,0,0
55825.964,17122,58,0,0,0,0,0,8,24230,44,53,0,0,0,0,0,0,0,0,0,0,0,0,0,0,0,0,0,0,0,0,0,0,294,16146,0,0,0,0
55842.788,16824,59,0,0,0,0,0,8,24279,44,53,0,0,0,0,0,0,0,0,0,0,0,0,0,0,0,0,0,0,0,0,0,0,332,16876,0,0,0,0
55859.733,16944,59,0,0,0,0,0,8,24282,44,53,0,0,0,0,0,0,0,0,0,0,0,0,0,0,0,0,0,0,0,0,0,0,321,17218,0,0,0,0
55876.227,16494,60,0,0,0,0,0,8,24291,44,53,0,0,0,0,0,0,0,0,0,0,0,0,0,0,0,0,0,0,0,0,0,0,356,17005,0,0,0,0
55892.783,16556,60,0,0,0,0,0,8,24241,44,53,0,0,0,0,0,0,0,0,0,0,0,0,0,0,0,0,0,0,0,0,0,0,292,16110,0,0,0,0
55909.432,16648,60,0,0,0,0,0,8,24220,44,53,0,0,0,0,0,0,0,0,0,0,0,0,0,0,0,0,0,0,0,0,0,0,317,16666,0,0,0,0
55926.359,16927,59,0,0,0,0,0,8,24295,44,53,0,0,0,0,0,0,0,0,0,0,0,0,0,0,0,0,0,0,0,0,0,0,335,16564,0,0,0,0
55942.777,16417,60,0,0,0,0,0,8,24291,44,53,0,0,0,0,0,0,0,0,0,0,0,0,0,0,0,0,0,0,0,0,0,0,326,16898,0,0,0,0
55960.207,17429,57,0,0,0,0,0,8,24208,44,53,0,0,0,0,0,0,0,0,0,0,0,0,0,0,0,0,0,0,0,0,0,0,314,16727,0,0,0,0
55976.296,16089,62,0,0,0,0,0,8,24294,44,53,0,0,0,0,0,0,0,0,0,0,0,0,0,0,0,0,0,0,0,0,0,0,321,17203,0,0,0,0
55992.821,16525,60,0,0,0,0,0,8,24250,44,53,0,0,0,0,0,0,0,0,0,0,0,0,0,0,0,0,0,0,0,0,0,0,343,16106,0,0,0,0
56009.506,16684,59,0,0,0,0,0,8,24203,44,53,0,0,0,0,0,0,0,0,0,0,0,0,0,0,0,0,0,0,0,0,0,0,371,16732,0,0,0,0
56026.373,16867,59,0,0,0,0,0,8,24299,44,53,0,0,0,0,0,0,0,0,0,0,0,0,0,0,0,0,0,0,0,0,0,0,317,16368,0,0,0,0
56042.481,16108,62,0,0,0,0,0,8,24231,44,53,0,0,0,0,0,0,0,0,0,0,0,0,0,0,0,0,0,0,0,0,0,0,356,17020,0,0,0,0
56059.048,16567,60,0,0,0,0,0,8,24262,44,53,0,0,0,0,0,0,0,0,0,0,0,0,0,0,0,0,0,0,0,0,0,0,325,15800,0,0,0,0
56075.883,16834,59,0,0,0,0,0,8,22523,44,53,0,0,0,0,0,0,0,0,0,0,0,0,0,0,0,0,0,0,0,0,0,0,326,16496,0,0,0,0
56093.209,17325,57,0,0,0,0,0,8,22512,44,53,0,0,0,0,0,0,0,0,0,0,0,0,0,0,0,0,0,0,0,0,0,0,305,16956,0,0,0,0
56109.473,16263,61,0,0,0,0,0,8,22534,44,53,0,0,0,0,0,0,0,0,0,0,0,0,0,0,0,0,0,0,0,0,0,0,329,17627,0,0,0,0
56125.756,16283,61,0,0,0,0,0,8,22563,44,53,0,0,0,0,0,0,0,0,0,0,0,0,0,0,0,0,0,0,0,0,0,0,335,16296,0,0,0,0
56142.771,17014,58,0,0,0,0,0,8,22522,44,53,0,0,0,0,0,0,0,0,0,0,0,0,0,0,0,0,0,0,0,0,0,0,320,15854,0,0,0,0
56159.215,16443,60,0,0,0,0,0,8,22479,44,53,0,0,0,0,0,0,0,0,0,0,0,0,0,0,0,0,0,0,0,0,0,0,323,17386,0,0,0,0
56175.920,16705,59,0,0,0,0,0,8,22563,44,53,0,0,0,0,0,0,0,0,0,0,0,0,0,0,0,0,0,0,0,0,0,0,331,16098,0,0,0,0
56193.210,17290,57,0,0,0,0,0,8,22507,44,53,0,0,0,0,0,0,0,0,0,0,0,0,0,0,0,0,0,0,0,0,0,0,373,16867,0,0,0,0
56209.454,16244,61,0,0,0,0,0,8,22542,44,53,0,0,0,0,0,0,0,0,0,0,0,0,0,0,0,0,0,0,0,0,0,0,316,17282,0,0,0,0
56226.235,16781,59,0,0,0,0,0,8,22519,44,53,0,0,0,0,0,0,0,0,0,0,0,0,0,0,0,0,0,0,0,0,0,0,351,16545,0,0,0,0
56242.863,16627,60,0,0,0,0,0,8,22571,44,53,0,0,0,0,0,0,0,0,0,0,0,0,0,0,0,0,0,0,0,0,0,0,329,16261,0,0,0,0
56259.206,16342,61,0,0,0,0,0,8,22566,44,53,0,0,0,0,0,0,0,0,0,0,0,0,0,0,0,0,0,0,0,0,0,0,313,16948,0,0,0,0
56275.856,16650,60,0,0,0,0,0,8,22578,44,53,0,0,0,0,0,0,0,0,0,0,0,0,0,0,0,0,0,0,0,0,0,0,319,16711,0,0,0,0
56292.786,16929,59,0,0,0,0,0,8,22588,44,53,0,0,0,0,0,0,0,0,0,0,0,0,0,0,0,0,0,0,0,0,0,0,365,16469,0,0,0,0
56309.165,16378,61,0,0,0,0,0,8,24596,44,53,0,0,0,0,0,0,0,0,0,0,0,0,0,0,0,0,0,0,0,0,0,0,327,19257,0,0,0,0
56326.280,17115,58,0,0,0,0,0,8,22603,44,53,0,0,0,0,0,0,0,0,0,0,0,0,0,0,0,0,0,0,0,0,0,0,358,13717,0,0,0,0
56343.204,16924,59,0,0,0,0,0,8,22595,44,53,0,0,0,0,0,0,0,0,0,0,0,0,0,0,0,0,0,0,0,0,0,0,361,17299,0,0,0,0
56360.212,17007,58,0,0,0,0,0,8,22506,44,53,0,0,0,0,0,0,0,0,0,0,0,0,0,0,0,0,0,0,0,0,0,0,336,15902,0,0,0,0
56375.886,15674,63,0,0,0,0,0,8,22587,44,53,0,0,0,0,0,0,0,0,0,0,0,0,0,0,0,0,0,0,0,0,0,0,331,17871,0,0,0,0
56392.490,16603,60,0,0,0,0,0,8,22502,44,53,0,0,0,0,0,0,0,0,0,0,0,0,0,0,0,0,0,0,0,0,0,0,304,15525,0,0,0,0
56409.760,17269,57,0,0,0,0,0,8,22564,44,53,0,0,0,0,0,0,0,0,0,0,0,0,0,0,0,0,0,0,0,0,0,0,342,16824,0,0,0,0
56425.935,16175,61,0,0,0,0,0,8,22694,44,53,0,0,0,0,0,0,0,0,0,0,0,0,0,0,0,0,0,0,0,0,0,0,297,17007,0,0,0,0
56443.217,17281,57,0,0,0,0,0,8,22565,44,53,0,0,0,0,0,0,0,0,0,0,0,0,0,0,0,0,0,0,0,0,0,0,323,16209,0,0,0,0
56459.380,16163,61,0,0,0,0,0,8,22572,44,53,0,0,0,0,0,0,0,0,0,0,0,0,0,0,0,0,0,0,0,0,0,0,325,17508,0,0,0,0
56475.536,16156,61,0,0,0,0,0,8,22567,44,53,0,0,0,0,0,0,0,0,0,0,0,0,0,0,0,0,0,0,0,0,0,0,379,16293,0,0,0,0
56492.719,17183,58,0,0,0,0,0,8,22547,44,53,0,0,0,0,0,0,0,0,0,0,0,0,0,0,0,0,0,0,0,0,0,0,340,16002,0,0,0,0
56509.274,16554,60,0,0,0,0,0,8,22586,44,53,0,0,0,0,0,0,0,0,0,0,0,0,0,0,0,0,0,0,0,0,0,0,355,17459,0,0,0,0
56525.902,16628,60,0,0,0,0,0,8,22603,44,53,0,0,0,0,0,0,0,0,0,0,0,0,0,0,0,0,0,0,0,0,0,0,334,16760,0,0,0,0
56542.735,16833,59,0,0,0,0,0,8,22555,44,53,0,0,0,0,0,0,0,0,0,0,0,0,0,0,0,0,0,0,0,0,0,0,297,15888,0,0,0,0
56559.498,16762,59,0,0,0,0,0,8,22543,44,53,0,0,0,0,0,0,0,0,0,0,0,0,0,0,0,0,0,0,0,0,0,0,332,17091,0,0,0,0
56576.336,16837,59,0,0,0,0,0,8,22607,44,53,0,0,0,0,0,0,0,0,0,0,0,0,0,0,0,0,0,0,0,0,0,0,360,16890,0,0,0,0
56593.213,16876,59,0,0,0,0,0,8,22554,44,53,0,0,0,0,0,0,0,0,0,0,0,0,0,0,0,0,0,0,0,0,0,0,337,16755,0,0,0,0
56608.851,15638,63,0,0,0,0,0,8,22579,44,53,0,0,0,0,0,0,0,0,0,0,0,0,0,0,0,0,0,0,0,0,0,0,327,16964,0,0,0,0
56625.956,17105,58,0,0,0,0,0,8,22563,44,53,0,0,0,0,0,0,0,0,0,0,0,0,0,0,0,0,0,0,0,0,0,0,295,15564,0,0,0,0
56643.236,17279,57,0,0,0,0,0,8,22570,44,53,0,0,0,0,0,0,0,0,0,0,0,0,0,0,0,0,0,0,0,0,0,0,298,17083,0,0,0,0
56659.333,16097,62,0,0,0,0,0,8,22555,44,53,0,0,0,0,0,0,0,0,0,0,0,0,0,0,0,0,0,0,0,0,0,0,319,17272,0,0,0,0
56676.203,16869,59,0,0,0,0,0,8,22611,44,53,0,0,0,0,0,0,0,0,0,0,0,0,0,0,0,0,0,0,0,0,0,0,330,16293,0,0,0,0
56693.197,16993,58,0,0,0,0,0,8,22615,44,53,0,0,0,0,0,0,0,0,0,0,0,0,0,0,0,0,0,0,0,0,0,0,314,15563,0,0,0,0
56709.272,16075,62,0,0,0,0,0,8,22471,44,53,0,0,0,0,0,0,0,0,0,0,0,0,0,0,0,0,0,0,0,0,0,0,308,18179,0,0,0,0
56725.771,16498,60,0,0,0,0,0,8,22611,44,53,0,0,0,0,0,0,0,0,0,0,0,0,0,0,0,0,0,0,0,0,0,0,345,16341,0,0,0,0
56742.736,16964,58,0,0,0,0,0,8,22611,44,53,0,0,0,0,0,0,0,0,0,0,0,0,0,0,0,0,0,0,0,0,0,0,330,16194,0,0,0,0
56759.481,16745,59,0,0,0,0,0,8,22526,44,53,0,0,0,0,0,0,0,0,0,0,0,0,0,0,0,0,0,0,0,0,0,0,332,17146,0,0,0,0
56776.222,16741,59,0,0,0,0,0,8,22611,44,53,0,0,0,0,0,0,0,0,0,0,0,0,0,0,0,0,0,0,0,0,0,0,351,16908,0,0,0,0
56792.817,16595,60,0,0,0,0,0,8,22509,44,53,0,0,0,0,0,0,0,0,0,0,0,0,0,0,0,0,0,0,0,0,0,0,314,16278,0,0,0,0
56810.202,17385,57,0,0,0,0,0,8,22571,44,53,0,0,0,0,0,0,0,0,0,0,0,0,0,0,0,0,0,0,0,0,0,0,327,16641,0,0,0,0
56826.350,16134,61,0,0,0,0,0,8,24339,44,53,0,0,0,0,0,0,0,0,0,0,0,0,0,0,0,0,0,0,0,0,0,0,306,17562,0,0,0,0
56842.719,16382,61,0,0,0,0,0,8,24331,44,53,0,0,0,0,0,0,0,0,0,0,0,0,0,0,0,0,0,0,0,0,0,0,287,15959,0,0,0,0
56859.018,16299,61,0,0,0,0,0,8,24247,44,53,0,0,0,0,0,0,0,0,0,0,0,0,0,0,0,0,0,0,0,0,0,0,326,16704,0,0,0,0
56876.072,17053,58,0,0,0,0,0,8,24299,44,53,0,0,0,0,0,0,0,0,0,0,0,0,0,0,0,0,0,0,0,0,0,0,301,15926,0,0,0,0
56893.198,17126,58,0,0,0,0,0,8,24339,44,53,0,0,0,0,0,0,0,0,0,0,0,0,0,0,0,0,0,0,0,0,0,0,333,17137,0,0,0,0
56909.220,16021,62,0,0,0,0,0,8,24250,44,53,0,0,0,0,0,0,0,0,0,0,0,0,0,0,0,0,0,0,0,0,0,0,294,16031,0,0,0,0
56925.783,16563,60,0,0,0,0,0,8,24335,44,53,0,0,0,0,0,0,0,0,0,0,0,0,0,0,0,0,0,0,0,0,0,0,329,17359,0,0,0,0
56942.709,16926,59,0,0,0,0,0,8,24275,44,53,0,0,0,0,0,0,0,0,0,0,0,0,0,0,0,0,0,0,0,0,0,0,292,15976,0,0,0,0
56959.346,16636,60,0,0,0,0,0,8,24278,44,53,0,0,0,0,0,0,0,0,0,0,0,0,0,0,0,0,0,0,0,0,0,0,326,17430,0,0,0,0
56975.908,16562,60,0,0,0,0,0,8,24335,44,53,0,0,0,0,0,0,0,0,0,0,0,0,0,0,0,0,0,0,0,0,0,0,327,16246,0,0,0,0
56992.874,16966,58,0,0,0,0,0,8,24343,44,53,0,0,0,0,0,0,0,0,0,0,0,0,0,0,0,0,0,0,0,0,0,0,337,16557,0,0,0,0
57009.334,16459,60,0,0,0,0,0,8,24243,44,53,0,0,0,0,0,0,0,0,0,0,0,0,0,0,0,0,0,0,0,0,0,0,310,17285,0,0,0,0
57025.816,16482,60,0,0,0,0,0,8,24299,44,53,0,0,0,0,0,0,0,0,0,0,0,0,0,0,0,0,0,0,0,0,0,0,325,16464,0,0,0,0
57042.390,16574,60,0,0,0,0,0,8,24282,44,53,0,0,0,0,0,0,0,0,0,0,0,0,0,0,0,0,0,0,0,0,0,0,306,16474,0,0,0,0
57059.457,17066,58,0,0,0,0,0,8,24314,44,53,0,0,0,0,0,0,0,0,0,0,0,0,0,0,0,0,0,0,0,0,0,0,331,16558,0,0,0,0
57075.780,16323,61,0,0,0,0,0,8,24339,44,53,0,0,0,0,0,0,0,0,0,0,0,0,0,0,0,0,0,0,0,0,0,0,322,17150,0,0,0,0
57092.878,17098,58,0,0,0,0,0,8,24285,44,53,0,0,0,0,0,0,0,0,0,0,0,0,0,0,0,0,0,0,0,0,0,0,302,15887,0,0,0,0
57109.726,16847,59,0,0,0,0,0,8,24255,44,53,0,0,0,0,0,0,0,0,0,0,0,0,0,0,0,0,0,0,0,0,0,0,314,17373,0,0,0,0
57125.885,16159,61,0,0,0,0,0,8,24339,44,53,0,0,0,0,0,0,0,0,0,0,0,0,0,0,0,0,0,0,0,0,0,0,316,16643,0,0,0,0
57142.759,16873,59,0,0,0,0,0,8,24339,44,53,0,0,0,0,0,0,0,0,0,0,0,0,0,0,0,0,0,0,0,0,0,0,313,16179,0,0,0,0
57159.245,16485,60,0,0,0,0,0,8,24255,44,53,0,0,0,0,0,0,0,0,0,0,0,0,0,0,0,0,0,0,0,0,0,0,318,16800,0,0,0,0
57175.890,16645,60,0,0,0,0,0,8,24335,44,53,0,0,0,0,0,0,0,0,0,0,0,0,0,0,0,0,0,0,0,0,0,0,342,17062,0,0,0,0
57192.731,16840,59,0,0,0,0,0,8,24334,44,53,0,0,0,0,0,0,0,0,0,0,0,0,0,0,0,0,0,0,0,0,0,0,329,16113,0,0,0,0
57210.200,17469,57,0,0,0,0,0,8,24330,44,53,0,0,0,0,0,0,0,0,0,0,0,0,0,0,0,0,0,0,0,0,0,0,323,17086,0,0,0,0
57226.355,16154,61,0,0,0,0,0,8,24351,44,53,0,0,0,0,0,0,0,0,0,0,0,0,0,0,0,0,0,0,0,0,0,0,325,17468,0,0,0,0
57242.752,16397,60,0,0,0,0,0,8,24351,44,53,0,0,0,0,0,0,0,0,0,0,0,0,0,0,0,0,0,0,0,0,0,0,320,16262,0,0,0,0
57260.208,17455,57,0,0,0,0,0,8,24271,44,53,0,0,0,0,0,0,0,0,0,0,0,0,0,0,0,0,0,0,0,0,0,0,299,16461,0,0,0,0
57275.778,15570,64,0,0,0,0,0,8,24302,44,53,0,0,0,0,0,0,0,0,0,0,0,0,0,0,0,0,0,0,0,0,0,0,314,17471,0,0,0,0
57292.202,16423,60,0,0,0,0,0,8,24295,44,53,0,0,0,0,0,0,0,0,0,0,0,0,0,0,0,0,0,0,0,0,0,0,306,15155,0,0,0,0
57309.332,17129,58,0,0,0,0,0,8,24331,44,53,0,0,0,0,0,0,0,0,0,0,0,0,0,0,0,0,0,0,0,0,0,0,333,16368,0,0,0,0
57326.237,16904,59,0,0,0,0,0,8,24355,44,53,0,0,0,0,0,0,0,0,0,0,0,0,0,0,0,0,0,0,0,0,0,0,334,17582,0,0,0,0
57343.195,16958,58,0,0,0,0,0,8,24307,44,53,0,0,0,0,0,0,0,0,0,0,0,0,0,0,0,0,0,0,0,0,0,0,309,16900,0,0,0,0
57359.540,16345,61,0,0,0,0,0,8,24277,44,53,0,0,0,0,0,0,0,0,0,0,0,0,0,0,0,0,0,0,0,0,0,0,323,15739,0,0,0,0
57375.849,16308,61,0,0,0,0,0,8,24351,44,53,0,0,0,0,0,0,0,0,0,0,0,0,0,0,0,0,0,0,0,0,0,0,348,17460,0,0,0,0
57393.216,17366,57,0,0,0,0,0,8,24310,44,53,0,0,0,0,0,0,0,0,0,0,0,0,0,0,0,0,0,0,0,0,0,0,372,16421,0,0,0,0
57409.408,16192,61,0,0,0,0,0,8,24308,44,53,0,0,0,0,0,0,0,0,0,0,0,0,0,0,0,0,0,0,0,0,0,0,323,17085,0,0,0,0
57425.776,16367,61,0,0,0,0,0,8,24310,44,53,0,0,0,0,0,0,0,0,0,0,0,0,0,0,0,0,0,0,0,0,0,0,318,16309,0,0,0,0
57442.718,16942,59,0,0,0,0,0,8,24302,44,53,0,0,0,0,0,0,0,0,0,0,0,0,0,0,0,0,0,0,0,0,0,0,288,16053,0,0,0,0
57460.196,17477,57,0,0,0,0,0,8,24427,44,53,0,0,0,0,0,0,0,0,0,0,0,0,0,0,0,0,0,0,0,0,0,0,331,17320,0,0,0,0
57476.346,16150,61,0,0,0,0,0,8,24371,44,53,0,0,0,0,0,0,0,0,0,0,0,0,0,0,0,0,0,0,0,0,0,0,296,17268,0,0,0,0
57493.195,16848,59,0,0,0,0,0,8,24313,44,53,0,0,0,0,0,0,0,0,0,0,0,0,0,0,0,0,0,0,0,0,0,0,318,16261,0,0,0,0
57509.356,16161,61,0,0,0,0,0,8,24292,44,53,0,0,0,0,0,0,0,0,0,0,0,0,0,0,0,0,0,0,0,0,0,0,317,16747,0,0,0,0
57525.784,16428,60,0,0,0,0,0,8,24371,44,53,0,0,0,0,0,0,0,0,0,0,0,0,0,0,0,0,0,0,0,0,0,0,341,16087,0,0,0,0
57543.192,17407,57,0,0,0,0,0,8,24313,44,53,0,0,0,0,0,0,0,0,0,0,0,0,0,0,0,0,0,0,0,0,0,0,337,17060,0,0,0,0
57559.436,16244,61,0,0,0,0,0,8,24341,44,53,0,0,0,0,0,0,0,0,0,0,0,0,0,0,0,0,0,0,0,0,0,0,330,17189,0,0,0,0
57575.852,16416,60,0,0,0,0,0,8,24363,44,53,0,0,0,0,0,0,0,0,0,0,0,0,0,0,0,0,0,0,0,0,0,0,314,15949,0,0,0,0
57593.199,17346,57,0,0,0,0,0,8,24334,44,53,0,0,0,0,0,0,0,0,0,0,0,0,0,0,0,0,0,0,0,0,0,0,296,16199,0,0,0,0
57609.191,15991,62,0,0,0,0,0,8,24277,44,53,0,0,0,0,0,0,0,0,0,0,0,0,0,0,0,0,0,0,0,0,0,0,329,16686,0,0,0,0
57625.788,16597,60,0,0,0,0,0,8,22641,44,53,0,0,0,0,0,0,0,0,0,0,0,0,0,0,0,0,0,0,0,0,0,0,328,17144,0,0,0,0
57643.195,17406,57,0,0,0,0,0,8,22601,44,53,0,0,0,0,0,0,0,0,0,0,0,0,0,0,0,0,0,0,0,0,0,0,307,16070,0,0,0,0
57658.913,15718,63,0,0,0,0,0,8,22600,44,53,0,0,0,0,0,0,0,0,0,0,0,0,0,0,0,0,0,0,0,0,0,0,333,17821,0,0,0,0
57676.210,17297,57,0,0,0,0,0,8,22595,44,53,0,0,0,0,0,0,0,0,0,0,0,0,0,0,0,0,0,0,0,0,0,0,292,15552,0,0,0,0
57692.847,16636,60,0,0,0,0,0,8,22643,44,53,0,0,0,0,0,0,0,0,0,0,0,0,0,0,0,0,0,0,0,0,0,0,343,17051,0,0,0,0
57709.330,16483,60,0,0,0,0,0,8,22551,44,53,0,0,0,0,0,0,0,0,0,0,0,0,0,0,0,0,0,0,0,0,0,0,299,16938,0,0,0,0
57725.875,16544,60,0,0,0,0,0,8,22639,44,53,0,0,0,0,0,0,0,0,0,0,0,0,0,0,0,0,0,0,0,0,0,0,335,16215,0,0,0,0
57742.721,16845,59,0,0,0,0,0,8,22598,44,53,0,0,0,0,0,0,0,0,0,0,0,0,0,0,0,0,0,0,0,0,0,0,328,16544,0,0,0,0
57759.460,16738,59,0,0,0,0,0,8,22555,44,53,0,0,0,0,0,0,0,0,0,0,0,0,0,0,0,0,0,0,0,0,0,0,303,17297,0,0,0,0
57776.332,16871,59,0,0,0,0,0,8,22647,44,53,0,0,0,0,0,0,0,0,0,0,0,0,0,0,0,0,0,0,0,0,0,0,341,16765,0,0,0,0
57792.610,16278,61,0,0,0,0,0,8,22643,44,53,0,0,0,0,0,0,0,0,0,0,0,0,0,0,0,0,0,0,0,0,0,0,323,16394,0,0,0,0
57810.197,17587,56,0,0,0,0,0,8,22554,44,53,0,0,0,0,0,0,0,0,0,0,0,0,0,0,0,0,0,0,0,0,0,0,316,16092,0,0,0,0
57825.335,15137,66,0,0,0,0,0,8,22595,44,53,0,0,0,0,0,0,0,0,0,0,0,0,0,0,0,0,0,0,0,0,0,0,337,17990,0,0,0,0
57842.749,17414,57,0,0,0,0,0,8,22643,44,53,0,0,0,0,0,0,0,0,0,0,0,0,0,0,0,0,0,0,0,0,0,0,319,15215,0,0,0,0
57859.393,16643,60,0,0,0,0,0,8,22555,44,53,0,0,0,0,0,0,0,0,0,0,0,0,0,0,0,0,0,0,0,0,0,0,348,17619,0,0,0,0
57876.285,16891,59,0,0,0,0,0,8,22647,44,53,0,0,0,0,0,0,0,0,0,0,0,0,0,0,0,0,0,0,0,0,0,0,332,16171,0,0,0,0
57892.709,16424,60,0,0,0,0,0,8,22589,44,53,0,0,0,0,0,0,0,0,0,0,0,0,0,0,0,0,0,0,0,0,0,0,301,16817,0,0,0,0
57910.205,17495,57,0,0,0,0,0,8,22564,44,53,0,0,0,0,0,0,0,0,0,0,0,0,0,0,0,0,0,0,0,0,0,0,343,16840,0,0,0,0
57925.849,15643,63,0,0,0,0,0,8,22635,44,53,0,0,0,0,0,0,0,0,0,0,0,0,0,0,0,0,0,0,0,0,0,0,323,17355,0,0,0,0
57943.190,17341,57,0,0,0,0,0,8,22587,44,53,0,0,0,0,0,0,0,0,0,0,0,0,0,0,0,0,0,0,0,0,0,0,340,15817,0,0,0,0
57960.187,16997,58,0,0,0,0,0,8,22614,44,53,0,0,0,0,0,0,0,0,0,0,0,0,0,0,0,0,0,0,0,0,0,0,313,17214,0,0,0,0
57975.758,15571,64,0,0,0,0,0,8,22635,44,53,0,0,0,0,0,0,0,0,0,0,0,0,0,0,0,0,0,0,0,0,0,0,310,17033,0,0,0,0
57992.822,17063,58,0,0,0,0,0,8,22603,44,53,0,0,0,0,0,0,0,0,0,0,0,0,0,0,0,0,0,0,0,0,0,0,289,15278,0,0,0,0
58010.211,17388,57,0,0,0,0,0,8,22555,44,53,0,0,0,0,0,0,0,0,0,0,0,0,0,0,0,0,0,0,0,0,0,0,368,17582,0,0,0,0
58025.791,15580,64,0,0,0,0,0,8,22631,44,53,0,0,0,0,0,0,0,0,0,0,0,0,0,0,0,0,0,0,0,0,0,0,335,17101,0,0,0,0
58042.194,16403,60,0,0,0,0,0,8,22583,44,53,0,0,0,0,0,0,0,0,0,0,0,0,0,0,0,0,0,0,0,0,0,0,293,15226,0,0,0,0
58059.072,16877,59,0,0,0,0,0,8,22618,44,53,0,0,0,0,0,0,0,0,0,0,0,0,0,0,0,0,0,0,0,0,0,0,335,16604,0,0,0,0
58075.270,16197,61,0,0,0,0,0,8,22595,44,53,0,0,0,0,0,0,0,0,0,0,0,0,0,0,0,0,0,0,0,0,0,0,345,17148,0,0,0,0
58093.193,17923,55,0,0,0,0,0,8,24378,44,53,0,0,0,0,0,0,0,0,0,0,0,0,0,0,0,0,0,0,0,0,0,0,312,16111,0,0,0,0
58109.356,16163,61,0,0,0,0,0,8,24278,44,53,0,0,0,0,0,0,0,0,0,0,0,0,0,0,0,0,0,0,0,0,0,0,342,16922,0,0,0,0
58126.263,16907,59,0,0,0,0,0,8,24375,44,53,0,0,0,0,0,0,0,0,0,0,0,0,0,0,0,0,0,0,0,0,0,0,315,16892,0,0,0,0
58143.189,16925,59,0,0,0,0,0,8,24297,44,53,0,0,0,0,0,0,0,0,0,0,0,0,0,0,0,0,0,0,0,0,0,0,332,17211,0,0,0,0
58159.355,16165,61,0,0,0,0,0,8,24309,44,53,0,0,0,0,0,0,0,0,0,0,0,0,0,0,0,0,0,0,0,0,0,0,340,16927,0,0,0,0
58175.743,16388,61,0,0,0,0,0,8,24367,44,53,0,0,0,0,0,0,0,0,0,0,0,0,0,0,0,0,0,0,0,0,0,0,321,16245,0,0,0,0
58193.199,17455,57,0,0,0,0,0,8,24318,44,53,0,0,0,0,0,0,0,0,0,0,0,0,0,0,0,0,0,0,0,0,0,0,297,15967,0,0,0,0
58209.192,15993,62,0,0,0,0,0,8,24339,44,53,0,0,0,0,0,0,0,0,0,0,0,0,0,0,0,0,0,0,0,0,0,0,321,17841,0,0,0,0
58226.347,17154,58,0,0,0,0,0,8,24331,44,53,0,0,0,0,0,0,0,0,0,0,0,0,0,0,0,0,0,0,0,0,0,0,298,16025,0,0,0,0
58243.189,16841,59,0,0,0,0,0,8,24367,44,53,0,0,0,0,0,0,0,0,0,0,0,0,0,0,0,0,0,0,0,0,0,0,319,17123,0,0,0,0
58260.200,17011,58,0,0,0,0,0,8,24329,44,53,0,0,0,0,0,0,0,0,0,0,0,0,0,0,0,0,0,0,0,0,0,0,313,17025,0,0,0,0
58275.878,15678,63,0,0,0,0,0,8,24363,44,53,0,0,0,0,0,0,0,0,0,0,0,0,0,0,0,0,0,0,0,0,0,0,325,16618,0,0,0,0
58293.185,17306,57,0,0,0,0,0,8,24307,44,53,0,0,0,0,0,0,0,0,0,0,0,0,0,0,0,0,0,0,0,0,0,0,310,15856,0,0,0,0
58310.206,17021,58,0,0,0,0,0,8,24303,44,53,0,0,0,0,0,0,0,0,0,0,0,0,0,0,0,0,0,0,0,0,0,0,327,17361,0,0,0,0
58325.293,15086,66,0,0,0,0,0,8,24363,44,53,0,0,0,0,0,0,0,0,0,0,0,0,0,0,0,0,0,0,0,0,0,0,303,16817,0,0,0,0
58343.195,17902,55,0,0,0,0,0,8,24329,44,53,0,0,0,0,0,0,0,0,0,0,0,0,0,0,0,0,0,0,0,0,0,0,324,15801,0,0,0,0
58359.517,16322,61,0,0,0,0,0,8,24335,44,53,0,0,0,0,0,0,0,0,0,0,0,0,0,0,0,0,0,0,0,0,0,0,331,17210,0,0,0,0
58376.330,16802,59,0,0,0,0,0,8,24478,44,53,0,0,0,0,0,0,0,0,0,0,0,0,0,0,0,0,0,0,0,0,0,0,339,16644,0,0,0,0
58392.717,16397,60,0,0,0,0,0,8,24282,44,53,0,0,0,0,0,0,0,0,0,0,0,0,0,0,0,0,0,0,0,0,0,0,328,16630,0,0,0,0
58409.368,16651,60,0,0,0,0,0,8,24358,44,53,0,0,0,0,0,0,0,0,0,0,0,0,0,0,0,0,0,0,0,0,0,0,293,16106,0,0,0,0
58426.173,16798,59,0,0,0,0,0,8,24387,44,53,0,0,0,0,0,0,0,0,0,0,0,0,0,0,0,0,0,0,0,0,0,0,314,16536,0,0,0,0
58443.192,17025,58,0,0,0,0,0,8,24334,44,53,0,0,0,0,0,0,0,0,0,0,0,0,0,0,0,0,0,0,0,0,0,0,328,16946,0,0,0,0
58459.482,16290,61,0,0,0,0,0,8,24352,44,53,0,0,0,0,0,0,0,0,0,0,0,0,0,0,0,0,0,0,0,0,0,0,320,17139,0,0,0,0
58475.839,16356,61,0,0,0,0,0,8,24339,44,53,0,0,0,0,0,0,0,0,0,0,0,0,0,0,0,0,0,0,0,0,0,0,313,16371,0,0,0,0
58493.191,17352,57,0,0,0,0,0,8,24328,44,53,0,0,0,0,0,0,0,0,0,0,0,0,0,0,0,0,0,0,0,0,0,0,312,16448,0,0,0,0
58509.466,16274,61,0,0,0,0,0,8,24357,44,53,0,0,0,0,0,0,0,0,0,0,0,0,0,0,0,0,0,0,0,0,0,0,311,17211,0,0,0,0
58525.868,16402,60,0,0,0,0,0,8,24387,44,53,0,0,0,0,0,0,0,0,0,0,0,0,0,0,0,0,0,0,0,0,0,0,326,16419,0,0,0,0
58542.506,16638,60,0,0,0,0,0,8,24323,44,53,0,0,0,0,0,0,0,0,0,0,0,0,0,0,0,0,0,0,0,0,0,0,296,15931,0,0,0,0
58559.324,16818,59,0,0,0,0,0,8,24470,44,53,0,0,0,0,0,0,0,0,0,0,0,0,0,0,0,0,0,0,0,0,0,0,327,17409,0,0,0,0
58575.762,16438,60,0,0,0,0,0,8,24759,44,53,0,0,0,0,0,0,0,0,0,0,0,0,0,0,0,0,0,0,0,0,0,0,337,17879,0,0,0,0
58592.656,16893,59,0,0,0,0,0,8,24405,44,53,0,0,0,0,0,0,0,0,0,0,0,0,0,0,0,0,0,0,0,0,0,0,320,14752,0,0,0,0
58609.318,16661,60,0,0,0,0,0,8,24408,44,53,0,0,0,0,0,0,0,0,0,0,0,0,0,0,0,0,0,0,0,0,0,0,319,17019,0,0,0,0
58625.697,16379,61,0,0,0,0,0,8,24451,44,53,0,0,0,0,0,0,0,0,0,0,0,0,0,0,0,0,0,0,0,0,0,0,303,17168,0,0,0,0
58642.342,16645,60,0,0,0,0,0,8,24446,44,53,0,0,0,0,0,0,0,0,0,0,0,0,0,0,0,0,0,0,0,0,0,0,327,16095,0,0,0,0
58659.235,16892,59,0,0,0,0,0,8,22649,44,53,0,0,0,0,0,0,0,0,0,0,0,0,0,0,0,0,0,0,0,0,0,0,311,16387,0,0,0,0
58675.786,16551,60,0,0,0,0,0,8,22674,44,53,0,0,0,0,0,0,0,0,0,0,0,0,0,0,0,0,0,0,0,0,0,0,334,16791,0,0,0,0
58692.771,16985,58,0,0,0,0,0,8,22674,44,53,0,0,0,0,0,0,0,0,0,0,0,0,0,0,0,0,0,0,0,0,0,0,314,16832,0,0,0,0
58709.221,16449,60,0,0,0,0,0,8,22531,44,53,0,0,0,0,0,0,0,0,0,0,0,0,0,0,0,0,0,0,0,0,0,0,296,16976,0,0,0,0
58725.733,16512,60,0,0,0,0,0,8,22670,44,53,0,0,0,0,0,0,0,0,0,0,0,0,0,0,0,0,0,0,0,0,0,0,314,16689,0,0,0,0
58742.762,17028,58,0,0,0,0,0,8,22616,44,53,0,0,0,0,0,0,0,0,0,0,0,0,0,0,0,0,0,0,0,0,0,0,289,16341,0,0,0,0
58760.209,17447,57,0,0,0,0,0,8,22644,44,53,0,0,0,0,0,0,0,0,0,0,0,0,0,0,0,0,0,0,0,0,0,0,300,16804,0,0,0,0
58775.270,15060,66,0,0,0,0,0,8,22666,44,53,0,0,0,0,0,0,0,0,0,0,0,0,0,0,0,0,0,0,0,0,0,0,335,17696,0,0,0,0
58792.693,17423,57,0,0,0,0,0,8,22574,44,53,0,0,0,0,0,0,0,0,0,0,0,0,0,0,0,0,0,0,0,0,0,0,340,15023,0,0,0,0
58809.308,16615,60,0,0,0,0,0,8,22639,44,53,0,0,0,0,0,0,0,0,0,0,0,0,0,0,0,0,0,0,0,0,0,0,341,17326,0,0,0,0
58825.896,16587,60,0,0,0,0,0,8,22723,44,53,0,0,0,0,0,0,0,0,0,0,0,0,0,0,0,0,0,0,0,0,0,0,368,17074,0,0,0,0
58843.181,17284,57,0,0,0,0,0,8,22610,44,53,0,0,0,0,0,0,0,0,0,0,0,0,0,0,0,0,0,0,0,0,0,0,324,15795,0,0,0,0
58859.706,16525,60,0,0,0,0,0,8,22642,44,53,0,0,0,0,0,0,0,0,0,0,0,0,0,0,0,0,0,0,0,0,0,0,312,17582,0,0,0,0
58875.769,16063,62,0,0,0,0,0,8,24358,44,53,0,0,0,0,0,0,0,0,0,0,0,0,0,0,0,0,0,0,0,0,0,0,320,16398,0,0,0,0
58893.189,17419,57,0,0,0,0,0,8,24345,44,53,0,0,0,0,0,0,0,0,0,0,0,0,0,0,0,0,0,0,0,0,0,0,320,16010,0,0,0,0
58909.226,16037,62,0,0,0,0,0,8,24371,44,53,0,0,0,0,0,0,0,0,0,0,0,0,0,0,0,0,0,0,0,0,0,0,327,17545,0,0,0,0
58926.185,16958,58,0,0,0,0,0,8,24406,44,53,0,0,0,0,0,0,0,0,0,0,0,0,0,0,0,0,0,0,0,0,0,0,295,16054,0,0,0,0
58942.691,16505,60,0,0,0,0,0,8,24326,44,53,0,0,0,0,0,0,0,0,0,0,0,0,0,0,0,0,0,0,0,0,0,0,321,15861,0,0,0,0
58959.320,16628,60,0,0,0,0,0,8,24335,44,53,0,0,0,0,0,0,0,0,0,0,0,0,0,0,0,0,0,0,0,0,0,0,326,17697,0,0,0,0
58976.321,17001,58,0,0,0,0,0,8,24406,44,53,0,0,0,0,0,0,0,0,0,0,0,0,0,0,0,0,0,0,0,0,0,0,316,16615,0,0,0,0
58993.695,17374,57,0,0,0,0,0,8,24397,44,53,0,0,0,0,0,0,0,0,0,0,0,0,0,0,0,0,0,0,0,0,0,0,313,16917,0,0,0,0
59009.316,15620,64,0,0,0,0,0,8,24306,44,53,0,0,0,0,0,0,0,0,0,0,0,0,0,0,0,0,0,0,0,0,0,0,342,17813,0,0,0,0
59025.723,16407,60,0,0,0,0,0,8,24347,44,53,0,0,0,0,0,0,0,0,0,0,0,0,0,0,0,0,0,0,0,0,0,0,313,15370,0,0,0,0
59042.863,17140,58,0,0,0,0,0,8,24406,44,53,0,0,0,0,0,0,0,0,0,0,0,0,0,0,0,0,0,0,0,0,0,0,302,15971,0,0,0,0
59059.384,16520,60,0,0,0,0,0,8,24310,44,53,0,0,0,0,0,0,0,0,0,0,0,0,0,0,0,0,0,0,0,0,0,0,351,17624,0,0,0,0
59075.761,16376,61,0,0,0,0,0,8,24398,44,53,0,0,0,0,0,0,0,0,0,0,0,0,0,0,0,0,0,0,0,0,0,0,299,16292,0,0,0,0
59093.698,17937,55,0,0,0,0,0,8,24473,44,53,0,0,0,0,0,0,0,0,0,0,0,0,0,0,0,0,0,0,0,0,0,0,299,16360,0,0,0,0
59109.707,16008,62,0,0,0,0,0,8,24274,44,53,0,0,0,0,0,0,0,0,0,0,0,0,0,0,0,0,0,0,0,0,0,0,317,18310,0,0,0,0
59125.865,16157,61,0,0,0,0,0,8,24410,44,53,0,0,0,0,0,0,0,0,0,0,0,0,0,0,0,0,0,0,0,0,0,0,313,15490,0,0,0,0
59142.480,16615,60,0,0,0,0,0,8,24421,44,53,0,0,0,0,0,0,0,0,0,0,0,0,0,0,0,0,0,0,0,0,0,0,288,16049,0,0,0,0
59159.322,16842,59,0,0,0,0,0,8,24437,44,53,0,0,0,0,0,0,0,0,0,0,0,0,0,0,0,0,0,0,0,0,0,0,290,17017,0,0,0,0
59175.731,16408,60,0,0,0,0,0,8,24430,44,53,0,0,0,0,0,0,0,0,0,0,0,0,0,0,0,0,0,0,0,0,0,0,326,16863,0,0,0,0
59192.702,16970,58,0,0,0,0,0,8,24322,44,53,0,0,0,0,0,0,0,0,0,0,0,0,0,0,0,0,0,0,0,0,0,0,288,16135,0,0,0,0
59210.191,17489,57,0,0,0,0,0,8,24399,44,53,0,0,0,0,0,0,0,0,0,0,0,0,0,0,0,0,0,0,0,0,0,0,307,17036,0,0,0,0
59225.918,15727,63,0,0,0,0,0,8,24430,44,53,0,0,0,0,0,0,0,0,0,0,0,0,0,0,0,0,0,0,0,0,0,0,355,17722,0,0,0,0
59242.762,16844,59,0,0,0,0,0,8,24483,44,53,0,0,0,0,0,0,0,0,0,0,0,0,0,0,0,0,0,0,0,0,0,0,297,15552,0,0,0,0
59259.173,16410,60,0,0,0,0,0,8,24338,44,53,0,0,0,0,0,0,0,0,0,0,0,0,0,0,0,0,0,0,0,0,0,0,316,16580,0,0,0,0
59275.746,16573,60,0,0,0,0,0,8,24383,44,53,0,0,0,0,0,0,0,0,0,0,0,0,0,0,0,0,0,0,0,0,0,0,297,16804,0,0,0,0
59292.721,16974,58,0,0,0,0,0,8,24430,44,53,0,0,0,0,0,0,0,0,0,0,0,0,0,0,0,0,0,0,0,0,0,0,318,16250,0,0,0,0
59310.191,17470,57,0,0,0,0,0,8,24342,44,53,0,0,0,0,0,0,0,0,0,0,0,0,0,0,0,0,0,0,0,0,0,0,338,17410,0,0,0,0
59325.818,15626,63,0,0,0,0,0,8,24422,44,53,0,0,0,0,0,0,0,0,0,0,0,0,0,0,0,0,0,0,0,0,0,0,319,17357,0,0,0,0
59342.727,16908,59,0,0,0,0,0,8,24383,44,53,0,0,0,0,0,0,0,0,0,0,0,0,0,0,0,0,0,0,0,0,0,0,298,15157,0,0,0,0
59359.423,16696,59,0,0,0,0,0,8,24334,44,53,0,0,0,0,0,0,0,0,0,0,0,0,0,0,0,0,0,0,0,0,0,0,315,17440,0,0,0,0
59376.223,16799,59,0,0,0,0,0,8,24434,44,53,0,0,0,0,0,0,0,0,0,0,0,0,0,0,0,0,0,0,0,0,0,0,325,16672,0,0,0,0
59392.620,16397,60,0,0,0,0,0,8,24418,44,53,0,0,0,0,0,0,0,0,0,0,0,0,0,0,0,0,0,0,0,0,0,0,357,17179,0,0,0,0
59409.387,16767,59,0,0,0,0,0,8,22670,44,53,0,0,0,0,0,0,0,0,0,0,0,0,0,0,0,0,0,0,0,0,0,0,324,15979,0,0,0,0
59425.755,16368,61,0,0,0,0,0,8,22652,44,53,0,0,0,0,0,0,0,0,0,0,0,0,0,0,0,0,0,0,0,0,0,0,353,16891,0,0,0,0
59442.465,16709,59,0,0,0,0,0,8,22652,44,53,0,0,0,0,0,0,0,0,0,0,0,0,0,0,0,0,0,0,0,0,0,0,321,16125,0,0,0,0
59459.323,16858,59,0,0,0,0,0,8,22668,44,53,0,0,0,0,0,0,0,0,0,0,0,0,0,0,0,0,0,0,0,0,0,0,322,16882,0,0,0,0
59475.916,16592,60,0,0,0,0,0,8,22702,44,53,0,0,0,0,0,0,0,0,0,0,0,0,0,0,0,0,0,0,0,0,0,0,326,16842,0,0,0,0
59492.797,16881,59,0,0,0,0,0,8,22644,44,53,0,0,0,0,0,0,0,0,0,0,0,0,0,0,0,0,0,0,0,0,0,0,317,16245,0,0,0,0
59509.341,16544,60,0,0,0,0,0,8,22621,44,53,0,0,0,0,0,0,0,0,0,0,0,0,0,0,0,0,0,0,0,0,0,0,313,17212,0,0,0,0
59525.741,16399,60,0,0,0,0,0,8,22698,44,53,0,0,0,0,0,0,0,0,0,0,0,0,0,0,0,0,0,0,0,0,0,0,331,16603,0,0,0,0
59542.721,16980,58,0,0,0,0,0,8,22756,44,53,0,0,0,0,0,0,0,0,0,0,0,0,0,0,0,0,0,0,0,0,0,0,300,16142,0,0,0,0
59560.173,17452,57,0,0,0,0,0,8,22611,44,53,0,0,0,0,0,0,0,0,0,0,0,0,0,0,0,0,0,0,0,0,0,0,347,17342,0,0,0,0
59575.781,15607,64,0,0,0,0,0,8,22695,44,53,0,0,0,0,0,0,0,0,0,0,0,0,0,0,0,0,0,0,0,0,0,0,336,17193,0,0,0,0
59593.179,17398,57,0,0,0,0,0,8,22656,44,53,0,0,0,0,0,0,0,0,0,0,0,0,0,0,0,0,0,0,0,0,0,0,304,15223,0,0,0,0
59609.429,16250,61,0,0,0,0,0,8,22610,44,53,0,0,0,0,0,0,0,0,0,0,0,0,0,0,0,0,0,0,0,0,0,0,320,17567,0,0,0,0
59625.896,16466,60,0,0,0,0,0,8,22702,44,53,0,0,0,0,0,0,0,0,0,0,0,0,0,0,0,0,0,0,0,0,0,0,305,16599,0,0,0,0
59642.734,16837,59,0,0,0,0,0,8,22702,44,53,0,0,0,0,0,0,0,0,0,0,0,0,0,0,0,0,0,0,0,0,0,0,308,16020,0,0,0,0
59659.398,16663,60,0,0,0,0,0,8,22605,44,53,0,0,0,0,0,0,0,0,0,0,0,0,0,0,0,0,0,0,0,0,0,0,331,17443,0,0,0,0
59676.279,16881,59,0,0,0,0,0,8,22655,44,53,0,0,0,0,0,0,0,0,0,0,0,0,0,0,0,0,0,0,0,0,0,0,311,16400,0,0,0,0
59692.755,16476,60,0,0,0,0,0,8,22752,44,53,0,0,0,0,0,0,0,0,0,0,0,0,0,0,0,0,0,0,0,0,0,0,318,17079,0,0,0,0
59709.285,16529,60,0,0,0,0,0,8,22609,44,53,0,0,0,0,0,0,0,0,0,0,0,0,0,0,0,0,0,0,0,0,0,0,308,16546,0,0,0,0
59726.205,16921,59,0,0,0,0,0,8,22694,44,53,0,0,0,0,0,0,0,0,0,0,0,0,0,0,0,0,0,0,0,0,0,0,329,16278,0,0,0,0
59742.685,16479,60,0,0,0,0,0,8,22623,44,53,0,0,0,0,0,0,0,0,0,0,0,0,0,0,0,0,0,0,0,0,0,0,331,16766,0,0,0,0
59759.179,16493,60,0,0,0,0,0,8,22643,44,53,0,0,0,0,0,0,0,0,0,0,0,0,0,0,0,0,0,0,0,0,0,0,291,16515,0,0,0,0
59775.724,16544,60,0,0,0,0,0,8,22694,44,53,0,0,0,0,0,0,0,0,0,0,0,0,0,0,0,0,0,0,0,0,0,0,312,16576,0,0,0,0
59793.179,17455,57,0,0,0,0,0,8,22648,44,53,0,0,0,0,0,0,0,0,0,0,0,0,0,0,0,0,0,0,0,0,0,0,299,16472,0,0,0,0
59809.350,16171,61,0,0,0,0,0,8,22660,44,53,0,0,0,0,0,0,0,0,0,0,0,0,0,0,0,0,0,0,0,0,0,0,355,17638,0,0,0,0
59825.895,16544,60,0,0,0,0,0,8,22659,44,53,0,0,0,0,0,0,0,0,0,0,0,0,0,0,0,0,0,0,0,0,0,0,312,16217,0,0,0,0
59842.734,16839,59,0,0,0,0,0,8,22759,44,53,0,0,0,0,0,0,0,0,0,0,0,0,0,0,0,0,0,0,0,0,0,0,308,16276,0,0,0,0
59860.174,17440,57,0,0,0,0,0,8,22711,44,53,0,0,0,0,0,0,0,0,0,0,0,0,0,0,0,0,0,0,0,0,0,0,337,17087,0,0,0,0
59876.260,16086,62,0,0,0,0,0,8,22727,44,53,0,0,0,0,0,0,0,0,0,0,0,0,0,0,0,0,0,0,0,0,0,0,311,17443,0,0,0,0
59892.836,16575,60,0,0,0,0,0,8,24449,44,53,0,0,0,0,0,0,0,0,0,0,0,0,0,0,0,0,0,0,0,0,0,0,308,16008,0,0,0,0
59910.175,17338,57,0,0,0,0,0,8,24307,44,53,0,0,0,0,0,0,0,0,0,0,0,0,0,0,0,0,0,0,0,0,0,0,323,16496,0,0,0,0
59925.342,15167,65,0,0,0,0,0,8,24566,44,53,0,0,0,0,0,0,0,0,0,0,0,0,0,0,0,0,0,0,0,0,0,0,317,17312,0,0,0,0
59942.422,17079,58,0,0,0,0,0,8,24398,44,53,0,0,0,0,0,0,0,0,0,0,0,0,0,0,0,0,0,0,0,0,0,0,301,14892,0,0,0,0
59958.990,16568,60,0,0,0,0,0,8,24437,44,53,0,0,0,0,0,0,0,0,0,0,0,0,0,0,0,0,0,0,0,0,0,0,306,17449,0,0,0,0
59975.867,16876,59,0,0,0,0,0,8,24462,44,53,0,0,0,0,0,0,0,0,0,0,0,0,0,0,0,0,0,0,0,0,0,0,301,16455,0,0,0,0
59992.701,16834,59,0,0,0,0,0,8,24401,44,53,0,0,0,0,0,0,0,0,0,0,0,0,0,0,0,0,0,0,0,0,0,0,329,16897,0,0,0,0
60009.338,16636,60,0,0,0,0,0,8,24437,44,53,0,0,0,0,0,0,0,0,0,0,0,0,0,0,0,0,0,0,0,0,0,0,313,16671,0,0,0,0
60025.755,16417,60,0,0,0,0,0,8,24462,44,53,0,0,0,0,0,0,0,0,0,0,0,0,0,0,0,0,0,0,0,0,0,0,327,16993,0,0,0,0
60042.714,16959,58,0,0,0,0,0,8,24462,44,53,0,0,0,0,0,0,0,0,0,0,0,0,0,0,0,0,0,0,0,0,0,0,311,16040,0,0,0,0
60060.172,17458,57,0,0,0,0,0,8,24373,44,53,0,0,0,0,0,0,0,0,0,0,0,0,0,0,0,0,0,0,0,0,0,0,340,17464,0,0,0,0
60075.855,15683,63,0,0,0,0,0,8,24413,44,53,0,0,0,0,0,0,0,0,0,0,0,0,0,0,0,0,0,0,0,0,0,0,318,17221,0,0,0,0
60092.680,16824,59,0,0,0,0,0,8,24396,44,53,0,0,0,0,0,0,0,0,0,0,0,0,0,0,0,0,0,0,0,0,0,0,310,15794,0,0,0,0
60109.347,16667,59,0,0,0,0,0,8,24430,44,53,0,0,0,0,0,0,0,0,0,0,0,0,0,0,0,0,0,0,0,0,0,0,332,17399,0,0,0,0
60126.312,16964,58,0,0,0,0,0,8,24462,44,53,0,0,0,0,0,0,0,0,0,0,0,0,0,0,0,0,0,0,0,0,0,0,321,15972,0,0,0,0
60142.787,16475,60,0,0,0,0,0,8,24469,44,53,0,0,0,0,0,0,0,0,0,0,0,0,0,0,0,0,0,0,0,0,0,0,337,17166,0,0,0,0
60159.702,16914,59,0,0,0,0,0,8,24365,44,53,0,0,0,0,0,0,0,0,0,0,0,0,0,0,0,0,0,0,0,0,0,0,336,16437,0,0,0,0
60175.824,16121,62,0,0,0,0,0,8,24458,44,53,0,0,0,0,0,0,0,0,0,0,0,0,0,0,0,0,0,0,0,0,0,0,314,16409,0,0,0,0
60192.723,16898,59,0,0,0,0,0,8,24458,44,53,0,0,0,0,0,0,0,0,0,0,0,0,0,0,0,0,0,0,0,0,0,0,321,16645,0,0,0,0
60209.456,16733,59,0,0,0,0,0,8,24370,44,53,0,0,0,0,0,0,0,0,0,0,0,0,0,0,0,0,0,0,0,0,0,0,293,16918,0,0,0,0
60225.717,16261,61,0,0,0,0,0,8,24408,44,53,0,0,0,0,0,0,0,0,0,0,0,0,0,0,0,0,0,0,0,0,0,0,315,16548,0,0,0,0
60243.173,17455,57,0,0,0,0,0,8,24466,44,53,0,0,0,0,0,0,0,0,0,0,0,0,0,0,0,0,0,0,0,0,0,0,292,15903,0,0,0,0
60260.173,17000,58,0,0,0,0,0,8,24365,44,53,0,0,0,0,0,0,0,0,0,0,0,0,0,0,0,0,0,0,0,0,0,0,328,16608,0,0,0,0
60276.270,16097,62,0,0,0,0,0,8,24462,44,53,0,0,0,0,0,0,0,0,0,0,0,0,0,0,0,0,0,0,0,0,0,0,335,18274,0,0,0,0
60292.439,16169,61,0,0,0,0,0,8,24451,44,53,0,0,0,0,0,0,0,0,0,0,0,0,0,0,0,0,0,0,0,0,0,0,362,16285,0,0,0,0
60309.442,17002,58,0,0,0,0,0,8,24387,44,53,0,0,0,0,0,0,0,0,0,0,0,0,0,0,0,0,0,0,0,0,0,0,310,15798,0,0,0,0
60326.168,16725,59,0,0,0,0,0,8,24466,44,53,0,0,0,0,0,0,0,0,0,0,0,0,0,0,0,0,0,0,0,0,0,0,311,17128,0,0,0,0
60342.720,16551,60,0,0,0,0,0,8,24458,44,53,0,0,0,0,0,0,0,0,0,0,0,0,0,0,0,0,0,0,0,0,0,0,301,16634,0,0,0,0
60360.168,17448,57,0,0,0,0,0,8,24370,44,53,0,0,0,0,0,0,0,0,0,0,0,0,0,0,0,0,0,0,0,0,0,0,343,16762,0,0,0,0
60376.319,16150,61,0,0,0,0,0,8,22734,44,53,0,0,0,0,0,0,0,0,0,0,0,0,0,0,0,0,0,0,0,0,0,0,337,17251,0,0,0,0
60392.672,16353,61,0,0,0,0,0,8,22619,44,53,0,0,0,0,0,0,0,0,0,0,0,0,0,0,0,0,0,0,0,0,0,0,344,16236,0,0,0,0
60409.305,16632,60,0,0,0,0,0,8,22707,44,53,0,0,0,0,0,0,0,0,0,0,0,0,0,0,0,0,0,0,0,0,0,0,312,16244,0,0,0,0
60425.769,16464,60,0,0,0,0,0,8,22846,44,53,0,0,0,0,0,0,0,0,0,0,0,0,0,0,0,0,0,0,0,0,0,0,347,16913,0,0,0,0
60442.688,16918,59,0,0,0,0,0,8,22764,44,53,0,0,0,0,0,0,0,0,0,0,0,0,0,0,0,0,0,0,0,0,0,0,307,16172,0,0,0,0
60459.341,16653,60,0,0,0,0,0,8,22719,44,53,0,0,0,0,0,0,0,0,0,0,0,0,0,0,0,0,0,0,0,0,0,0,330,16961,0,0,0,0
60475.764,16422,60,0,0,0,0,0,8,22699,44,53,0,0,0,0,0,0,0,0,0,0,0,0,0,0,0,0,0,0,0,0,0,0,334,16908,0,0,0,0
60493.169,17405,57,0,0,0,0,0,8,22699,44,53,0,0,0,0,0,0,0,0,0,0,0,0,0,0,0,0,0,0,0,0,0,0,288,15932,0,0,0,0
60510.189,17019,58,0,0,0,0,0,8,22717,44,53,0,0,0,0,0,0,0,0,0,0,0,0,0,0,0,0,0,0,0,0,0,0,330,17663,0,0,0,0
60525.774,15584,64,0,0,0,0,0,8,22742,44,53,0,0,0,0,0,0,0,0,0,0,0,0,0,0,0,0,0,0,0,0,0,0,314,16902,0,0,0,0
60542.790,17016,58,0,0,0,0,0,8,22708,44,53,0,0,0,0,0,0,0,0,0,0,0,0,0,0,0,0,0,0,0,0,0,0,309,15395,0,0,0,0
60559.472,16682,59,0,0,0,0,0,8,22651,44,53,0,0,0,0,0,0,0,0,0,0,0,0,0,0,0,0,0,0,0,0,0,0,332,17487,0,0,0,0
60575.717,16245,61,0,0,0,0,0,8,22748,44,53,0,0,0,0,0,0,0,0,0,0,0,0,0,0,0,0,0,0,0,0,0,0,329,16673,0,0,0,0
60592.766,17048,58,0,0,0,0,0,8,22754,44,53,0,0,0,0,0,0,0,0,0,0,0,0,0,0,0,0,0,0,0,0,0,0,310,15693,0,0,0,0
60609.840,17074,58,0,0,0,0,0,8,22646,44,53,0,0,0,0,0,0,0,0,0,0,0,0,0,0,0,0,0,0,0,0,0,0,353,17626,0,0,0,0
60625.882,16041,62,0,0,0,0,0,8,22707,44,53,0,0,0,0,0,0,0,0,0,0,0,0,0,0,0,0,0,0,0,0,0,0,302,16585,0,0,0,0
60642.662,16779,59,0,0,0,0,0,8,22754,44,53,0,0,0,0,0,0,0,0,0,0,0,0,0,0,0,0,0,0,0,0,0,0,300,16033,0,0,0,0
60659.444,16782,59,0,0,0,0,0,8,22674,44,53,0,0,0,0,0,0,0,0,0,0,0,0,0,0,0,0,0,0,0,0,0,0,345,16841,0,0,0,0
60676.313,16868,59,0,0,0,0,0,8,22754,44,53,0,0,0,0,0,0,0,0,0,0,0,0,0,0,0,0,0,0,0,0,0,0,333,17127,0,0,0,0
60691.982,15668,63,0,0,0,0,0,8,22649,44,53,0,0,0,0,0,0,0,0,0,0,0,0,0,0,0,0,0,0,0,0,0,0,305,16720,0,0,0,0
60709.300,17318,57,0,0,0,0,0,8,22704,44,53,0,0,0,0,0,0,0,0,0,0,0,0,0,0,0,0,0,0,0,0,0,0,326,15744,0,0,0,0
60725.330,16029,62,0,0,0,0,0,8,22738,44,53,0,0,0,0,0,0,0,0,0,0,0,0,0,0,0,0,0,0,0,0,0,0,341,17331,0,0,0,0
60742.676,17345,57,0,0,0,0,0,8,22696,44,53,0,0,0,0,0,0,0,0,0,0,0,0,0,0,0,0,0,0,0,0,0,0,307,15655,0,0,0,0
60760.178,17491,57,0,0,0,0,0,8,22716,44,53,0,0,0,0,0,0,0,0,0,0,0,0,0,0,0,0,0,0,0,0,0,0,341,17610,0,0,0,0
60775.693,15525,64,0,0,0,0,0,8,22742,44,53,0,0,0,0,0,0,0,0,0,0,0,0,0,0,0,0,0,0,0,0,0,0,335,17636,0,0,0,0
60792.397,16704,59,0,0,0,0,0,8,22699,44,53,0,0,0,0,0,0,0,0,0,0,0,0,0,0,0,0,0,0,0,0,0,0,282,15088,0,0,0,0
60808.679,16282,61,0,0,0,0,0,8,22658,44,53,0,0,0,0,0,0,0,0,0,0,0,0,0,0,0,0,0,0,0,0,0,0,318,17062,0,0,0,0
60825.844,17164,58,0,0,0,0,0,8,22750,44,53,0,0,0,0,0,0,0,0,0,0,0,0,0,0,0,0,0,0,0,0,0,0,327,15880,0,0,0,0
60842.723,16879,59,0,0,0,0,0,8,22754,44,53,0,0,0,0,0,0,0,0,0,0,0,0,0,0,0,0,0,0,0,0,0,0,306,17245,0,0,0,0
60859.457,16734,59,0,0,0,0,0,8,22657,44,53,0,0,0,0,0,0,0,0,0,0,0,0,0,0,0,0,0,0,0,0,0,0,341,17291,0,0,0,0
60876.312,16854,59,0,0,0,0,0,8,24435,44,53,0,0,0,0,0,0,0,0,0,0,0,0,0,0,0,0,0,0,0,0,0,0,300,16674,0,0,0,0
60893.160,16847,59,0,0,0,0,0,8,24478,44,53,0,0,0,0,0,0,0,0,0,0,0,0,0,0,0,0,0,0,0,0,0,0,335,16973,0,0,0,0
60909.470,16310,61,0,0,0,0,0,8,24390,44,53,0,0,0,0,0,0,0,0,0,0,0,0,0,0,0,0,0,0,0,0,0,0,301,16734,0,0,0,0
60925.707,16236,61,0,0,0,0,0,8,24470,44,53,0,0,0,0,0,0,0,0,0,0,0,0,0,0,0,0,0,0,0,0,0,0,349,16459,0,0,0,0
60942.746,17038,58,0,0,0,0,0,8,24435,44,53,0,0,0,0,0,0,0,0,0,0,0,0,0,0,0,0,0,0,0,0,0,0,310,15792,0,0,0,0
60960.167,17420,57,0,0,0,0,0,8,24382,44,53,0,0,0,0,0,0,0,0,0,0,0,0,0,0,0,0,0,0,0,0,0,0,334,17396,0,0,0,0
60975.835,15668,63,0,0,0,0,0,8,24482,44,53,0,0,0,0,0,0,0,0,0,0,0,0,0,0,0,0,0,0,0,0,0,0,331,17004,0,0,0,0
60993.162,17326,57,0,0,0,0,0,8,24414,44,53,0,0,0,0,0,0,0,0,0,0,0,0,0,0,0,0,0,0,0,0,0,0,308,15873,0,0,0,0
61009.311,16148,61,0,0,0,0,0,8,24449,44,53,0,0,0,0,0,0,0,0,0,0,0,0,0,0,0,0,0,0,0,0,0,0,341,17376,0,0,0,0
61026.310,16988,58,0,0,0,0,0,8,24432,44,53,0,0,0,0,0,0,0,0,0,0,0,0,0,0,0,0,0,0,0,0,0,0,312,16217,0,0,0,0
61042.529,16230,61,0,0,0,0,0,8,24474,44,53,0,0,0,0,0,0,0,0,0,0,0,0,0,0,0,0,0,0,0,0,0,0,318,16971,0,0,0,0
61059.440,16911,59,0,0,0,0,0,8,24410,44,53,0,0,0,0,0,0,0,0,0,0,0,0,0,0,0,0,0,0,0,0,0,0,311,16399,0,0,0,0
61075.747,16307,61,0,0,0,0,0,8,24478,44,53,0,0,0,0,0,0,0,0,0,0,0,0,0,0,0,0,0,0,0,0,0,0,355,16988,0,0,0,0
61092.711,16963,58,0,0,0,0,0,8,24478,44,53,0,0,0,0,0,0,0,0,0,0,0,0,0,0,0,0,0,0,0,0,0,0,329,15788,0,0,0,0
61109.391,16680,59,0,0,0,0,0,8,24335,44,53,0,0,0,0,0,0,0,0,0,0,0,0,0,0,0,0,0,0,0,0,0,0,327,17556,0,0,0,0
61125.883,16491,60,0,0,0,0,0,8,24474,44,53,0,0,0,0,0,0,0,0,0,0,0,0,0,0,0,0,0,0,0,0,0,0,342,16435,0,0,0,0
61142.816,16933,59,0,0,0,0,0,8,22750,44,53,0,0,0,0,0,0,0,0,0,0,0,0,0,0,0,0,0,0,0,0,0,0,289,16155,0,0,0,0
61159.159,16342,61,0,0,0,0,0,8,22657,44,53,0,0,0,0,0,0,0,0,0,0,0,0,0,0,0,0,0,0,0,0,0,0,311,17357,0,0,0,0
61175.715,16556,60,0,0,0,0,0,8,22742,44,53,0,0,0,0,0,0,0,0,0,0,0,0,0,0,0,0,0,0,0,0,0,0,321,16136,0,0,0,0
61192.162,16446,60,0,0,0,0,0,8,22640,44,53,0,0,0,0,0,0,0,0,0,0,0,0,0,0,0,0,0,0,0,0,0,0,289,16293,0,0,0,0
61208.942,16779,59,0,0,0,0,0,8,22726,44,53,0,0,0,0,0,0,0,0,0,0,0,0,0,0,0,0,0,0,0,0,0,0,326,16509,0,0,0,0
61225.701,16759,59,0,0,0,0,0,8,22746,44,53,0,0,0,0,0,0,0,0,0,0,0,0,0,0,0,0,0,0,0,0,0,0,309,16702,0,0,0,0
61243.158,17456,57,0,0,0,0,0,8,22693,44,53,0,0,0,0,0,0,0,0,0,0,0,0,0,0,0,0,0,0,0,0,0,0,292,16787,0,0,0,0
61259.212,16054,62,0,0,0,0,0,8,22714,44,53,0,0,0,0,0,0,0,0,0,0,0,0,0,0,0,0,0,0,0,0,0,0,313,17724,0,0,0,0
61275.329,16117,62,0,0,0,0,0,8,22700,44,53,0,0,0,0,0,0,0,0,0,0,0,0,0,0,0,0,0,0,0,0,0,0,324,15711,0,0,0,0
61293.165,17836,56,0,0,0,0,0,8,22696,44,53,0,0,0,0,0,0,0,0,0,0,0,0,0,0,0,0,0,0,0,0,0,0,316,16459,0,0,0,0
61309.311,16145,61,0,0,0,0,0,8,22711,44,53,0,0,0,0,0,0,0,0,0,0,0,0,0,0,0,0,0,0,0,0,0,0,355,17975,0,0,0,0
61325.852,16541,60,0,0,0,0,0,8,22746,44,53,0,0,0,0,0,0,0,0,0,0,0,0,0,0,0,0,0,0,0,0,0,0,300,16102,0,0,0,0
61342.467,16615,60,0,0,0,0,0,8,22676,44,53,0,0,0,0,0,0,0,0,0,0,0,0,0,0,0,0,0,0,0,0,0,0,314,16165,0,0,0,0
61360.172,17704,56,0,0,0,0,0,8,22690,44,53,0,0,0,0,0,0,0,0,0,0,0,0,0,0,0,0,0,0,0,0,0,0,312,16869,0,0,0,0
61375.430,15258,65,0,0,0,0,0,8,22877,44,53,0,0,0,0,0,0,0,0,0,0,0,0,0,0,0,0,0,0,0,0,0,0,337,17902,0,0,0,0
61392.588,17157,58,0,0,0,0,0,8,22770,44,53,0,0,0,0,0,0,0,0,0,0,0,0,0,0,0,0,0,0,0,0,0,0,318,14981,0,0,0,0
61409.294,16706,59,0,0,0,0,0,8,22673,44,53,0,0,0,0,0,0,0,0,0,0,0,0,0,0,0,0,0,0,0,0,0,0,345,17134,0,0,0,0
61426.164,16869,59,0,0,0,0,0,8,22720,44,53,0,0,0,0,0,0,0,0,0,0,0,0,0,0,0,0,0,0,0,0,0,0,347,16936,0,0,0,0
61443.156,16991,58,0,0,0,0,0,8,22706,44,53,0,0,0,0,0,0,0,0,0,0,0,0,0,0,0,0,0,0,0,0,0,0,317,15532,0,0,0,0
61460.173,17002,58,0,0,0,0,0,8,22749,44,53,0,0,0,0,0,0,0,0,0,0,0,0,0,0,0,0,0,0,0,0,0,0,334,18457,0,0,0,0
61476.208,16049,62,0,0,0,0,0,8,22762,44,53,0,0,0,0,0,0,0,0,0,0,0,0,0,0,0,0,0,0,0,0,0,0,328,16760,0,0,0,0
61492.376,16168,61,0,0,0,0,0,8,22827,44,53,0,0,0,0,0,0,0,0,0,0,0,0,0,0,0,0,0,0,0,0,0,0,319,16430,0,0,0,0
61509.502,17126,58,0,0,0,0,0,8,22722,44,53,0,0,0,0,0,0,0,0,0,0,0,0,0,0,0,0,0,0,0,0,0,0,305,15951,0,0,0,0
61525.855,16352,61,0,0,0,0,0,8,22778,44,53,0,0,0,0,0,0,0,0,0,0,0,0,0,0,0,0,0,0,0,0,0,0,330,17118,0,0,0,0
61542.810,16956,58,0,0,0,0,0,8,22782,44,53,0,0,0,0,0,0,0,0,0,0,0,0,0,0,0,0,0,0,0,0,0,0,290,16268,0,0,0,0
61559.139,16329,61,0,0,0,0,0,8,22685,44,53,0,0,0,0,0,0,0,0,0,0,0,0,0,0,0,0,0,0,0,0,0,0,299,16953,0,0,0,0
61575.700,16560,60,0,0,0,0,0,8,22778,44,53,0,0,0,0,0,0,0,0,0,0,0,0,0,0,0,0,0,0,0,0,0,0,314,16034,0,0,0,0
61593.155,17454,57,0,0,0,0,0,8,22744,44,53,0,0,0,0,0,0,0,0,0,0,0,0,0,0,0,0,0,0,0,0,0,0,310,16702,0,0,0,0
61609.322,16167,61,0,0,0,0,0,8,22689,44,53,0,0,0,0,0,0,0,0,0,0,0,0,0,0,0,0,0,0,0,0,0,0,291,17472,0,0,0,0
61625.699,16377,61,0,0,0,0,0,8,22778,44,53,0,0,0,0,0,0,0,0,0,0,0,0,0,0,0,0,0,0,0,0,0,0,292,16290,0,0,0,0
61643.171,17471,57,0,0,0,0,0,8,22737,44,53,0,0,0,0,0,0,0,0,0,0,0,0,0,0,0,0,0,0,0,0,0,0,296,16006,0,0,0,0
61659.291,16119,62,0,0,0,0,0,8,22731,44,53,0,0,0,0,0,0,0,0,0,0,0,0,0,0,0,0,0,0,0,0,0,0,352,17804,0,0,0,0
61675.761,16470,60,0,0,0,0,0,8,22736,44,53,0,0,0,0,0,0,0,0,0,0,0,0,0,0,0,0,0,0,0,0,0,0,288,16227,0,0,0,0
61692.676,16914,59,0,0,0,0,0,8,22722,44,53,0,0,0,0,0,0,0,0,0,0,0,0,0,0,0,0,0,0,0,0,0,0,297,16345,0,0,0,0
61708.819,16143,61,0,0,0,0,0,8,22749,44,53,0,0,0,0,0,0,0,0,0,0,0,0,0,0,0,0,0,0,0,0,0,0,338,17283,0,0,0,0
61725.892,17072,58,0,0,0,0,0,8,22786,44,53,0,0,0,0,0,0,0,0,0,0,0,0,0,0,0,0,0,0,0,0,0,0,309,15815,0,0,0,0
61742.614,16722,59,0,0,0,0,0,8,22736,44,53,0,0,0,0,0,0,0,0,0,0,0,0,0,0,0,0,0,0,0,0,0,0,336,16804,0,0,0,0
61759.459,16844,59,0,0,0,0,0,8,24424,44,53,0,0,0,0,0,0,0,0,0,0,0,0,0,0,0,0,0,0,0,0,0,0,317,16683,0,0,0,0
61775.711,16252,61,0,0,0,0,0,8,24506,44,53,0,0,0,0,0,0,0,0,0,0,0,0,0,0,0,0,0,0,0,0,0,0,315,17160,0,0,0,0
61793.149,17438,57,0,0,0,0,0,8,24442,44,53,0,0,0,0,0,0,0,0,0,0,0,0,0,0,0,0,0,0,0,0,0,0,300,16447,0,0,0,0
61809.318,16168,61,0,0,0,0,0,8,24486,44,53,0,0,0,0,0,0,0,0,0,0,0,0,0,0,0,0,0,0,0,0,0,0,321,17282,0,0,0,0
61825.858,16540,60,0,0,0,0,0,8,24464,44,53,0,0,0,0,0,0,0,0,0,0,0,0,0,0,0,0,0,0,0,0,0,0,315,16124,0,0,0,0
61843.156,17297,57,0,0,0,0,0,8,24456,44,53,0,0,0,0,0,0,0,0,0,0,0,0,0,0,0,0,0,0,0,0,0,0,315,16596,0,0,0,0
61860.177,17021,58,0,0,0,0,0,8,24475,44,53,0,0,0,0,0,0,0,0,0,0,0,0,0,0,0,0,0,0,0,0,0,0,336,17425,0,0,0,0
61876.238,16061,62,0,0,0,0,0,8,24502,44,53,0,0,0,0,0,0,0,0,0,0,0,0,0,0,0,0,0,0,0,0,0,0,334,16938,0,0,0,0
61893.153,16915,59,0,0,0,0,0,8,24443,44,53,0,0,0,0,0,0,0,0,0,0,0,0,0,0,0,0,0,0,0,0,0,0,320,16047,0,0,0,0
61909.345,16191,61,0,0,0,0,0,8,24437,44,53,0,0,0,0,0,0,0,0,0,0,0,0,0,0,0,0,0,0,0,0,0,0,322,16517,0,0,0,0
61925.248,15903,62,0,0,0,0,0,8,24507,44,53,0,0,0,0,0,0,0,0,0,0,0,0,0,0,0,0,0,0,0,0,0,0,310,16524,0,0,0,0
61942.163,16915,59,0,0,0,0,0,8,24446,44,53,0,0,0,0,0,0,0,0,0,0,0,0,0,0,0,0,0,0,0,0,0,0,319,15841,0,0,0,0
61959.315,17151,58,0,0,0,0,0,8,24538,44,53,0,0,0,0,0,0,0,0,0,0,0,0,0,0,0,0,0,0,0,0,0,0,330,16092,0,0,0,0
61975.751,16435,60,0,0,0,0,0,8,25212,44,53,0,0,0,0,0,0,0,0,0,0,0,0,0,0,0,0,0,0,0,0,0,0,353,20715,0,0,0,0
61993.168,17418,57,0,0,0,0,0,8,25273,44,53,0,0,0,0,0,0,0,0,0,0,0,0,0,0,0,0,0,0,0,0,0,0,299,17463,0,0,0,0
62008.667,15498,64,0,0,0,0,0,8,24532,44,53,0,0,0,0,0,0,0,0,0,0,0,0,0,0,0,0,0,0,0,0,0,0,304,14030,0,0,0,0
62025.836,17169,58,0,0,0,0,0,8,23211,44,53,0,0,0,0,0,0,0,0,0,0,0,0,0,0,0,0,0,0,0,0,0,0,316,15741,0,0,0,0
62042.578,16741,59,0,0,0,0,0,8,22844,44,53,0,0,0,0,0,0,0,0,0,0,0,0,0,0,0,0,0,0,0,0,0,0,328,16421,0,0,0,0
62060.153,17575,56,0,0,0,0,0,8,22766,44,53,0,0,0,0,0,0,0,0,0,0,0,0,0,0,0,0,0,0,0,0,0,0,331,16884,0,0,0,0
62075.717,15564,64,0,0,0,0,0,8,22856,44,53,0,0,0,0,0,0,0,0,0,0,0,0,0,0,0,0,0,0,0,0,0,0,332,17921,0,0,0,0
62092.381,16663,60,0,0,0,0,0,8,22745,44,53,0,0,0,0,0,0,0,0,0,0,0,0,0,0,0,0,0,0,0,0,0,0,307,14837,0,0,0,0
62110.161,17780,56,0,0,0,0,0,8,22785,44,53,0,0,0,0,0,0,0,0,0,0,0,0,0,0,0,0,0,0,0,0,0,0,332,17132,0,0,0,0
62126.167,16006,62,0,0,0,0,0,8,22809,44,53,0,0,0,0,0,0,0,0,0,0,0,0,0,0,0,0,0,0,0,0,0,0,318,17561,0,0,0,0
62142.606,16439,60,0,0,0,0,0,8,22757,44,53,0,0,0,0,0,0,0,0,0,0,0,0,0,0,0,0,0,0,0,0,0,0,314,16069,0,0,0,0
62159.285,16679,59,0,0,0,0,0,8,22837,44,53,0,0,0,0,0,0,0,0,0,0,0,0,0,0,0,0,0,0,0,0,0,0,327,16646,0,0,0,0
62175.733,16447,60,0,0,0,0,0,8,22839,44,53,0,0,0,0,0,0,0,0,0,0,0,0,0,0,0,0,0,0,0,0,0,0,331,16707,0,0,0,0
62192.823,17089,58,0,0,0,0,0,8,22833,44,53,0,0,0,0,0,0,0,0,0,0,0,0,0,0,0,0,0,0,0,0,0,0,312,16269,0,0,0,0
62210.172,17349,57,0,0,0,0,0,8,22737,44,53,0,0,0,0,0,0,0,0,0,0,0,0,0,0,0,0,0,0,0,0,0,0,307,17264,0,0,0,0
62226.211,16028,62,0,0,0,0,0,8,22772,44,53,0,0,0,0,0,0,0,0,0,0,0,0,0,0,0,0,0,0,0,0,0,0,330,17129,0,0,0,0
62243.085,16884,59,0,0,0,0,0,8,22754,44,53,0,0,0,0,0,0,0,0,0,0,0,0,0,0,0,0,0,0,0,0,0,0,344,16162,0,0,0,0
62259.289,16203,61,0,0,0,0,0,8,22804,44,53,0,0,0,0,0,0,0,0,0,0,0,0,0,0,0,0,0,0,0,0,0,0,304,16806,0,0,0,0
62275.696,16407,60,0,0,0,0,0,8,22817,44,53,0,0,0,0,0,0,0,0,0,0,0,0,0,0,0,0,0,0,0,0,0,0,327,16266,0,0,0,0
62292.831,17135,58,0,0,0,0,0,8,22833,44,53,0,0,0,0,0,0,0,0,0,0,0,0,0,0,0,0,0,0,0,0,0,0,317,16085,0,0,0,0
62309.527,16695,59,0,0,0,0,0,8,22680,44,53,0,0,0,0,0,0,0,0,0,0,0,0,0,0,0,0,0,0,0,0,0,0,316,17555,0,0,0,0
62325.836,16308,61,0,0,0,0,0,8,22821,44,53,0,0,0,0,0,0,0,0,0,0,0,0,0,0,0,0,0,0,0,0,0,0,314,16187,0,0,0,0
62342.173,16337,61,0,0,0,0,0,8,22743,44,53,0,0,0,0,0,0,0,0,0,0,0,0,0,0,0,0,0,0,0,0,0,0,333,16444,0,0,0,0
62359.457,17284,57,0,0,0,0,0,8,22837,44,53,0,0,0,0,0,0,0,0,0,0,0,0,0,0,0,0,0,0,0,0,0,0,330,16548,0,0,0,0
62375.905,16448,60,0,0,0,0,0,8,22841,44,53,0,0,0,0,0,0,0,0,0,0,0,0,0,0,0,0,0,0,0,0,0,0,337,17098,0,0,0,0
62392.317,16411,60,0,0,0,0,0,8,22714,44,53,0,0,0,0,0,0,0,0,0,0,0,0,0,0,0,0,0,0,0,0,0,0,318,16751,0,0,0,0
62409.085,16768,59,0,0,0,0,0,8,22811,44,53,0,0,0,0,0,0,0,0,0,0,0,0,0,0,0,0,0,0,0,0,0,0,318,16247,0,0,0,0
62425.835,16749,59,0,0,0,0,0,8,22833,44,53,0,0,0,0,0,0,0,0,0,0,0,0,0,0,0,0,0,0,0,0,0,0,309,16994,0,0,0,0
62443.153,17317,57,0,0,0,0,0,8,22841,44,53,0,0,0,0,0,0,0,0,0,0,0,0,0,0,0,0,0,0,0,0,0,0,313,16299,0,0,0,0
62459.608,16455,60,0,0,0,0,0,8,22744,44,53,0,0,0,0,0,0,0,0,0,0,0,0,0,0,0,0,0,0,0,0,0,0,320,17584,0,0,0,0
62475.838,16230,61,0,0,0,0,0,8,22785,44,53,0,0,0,0,0,0,0,0,0,0,0,0,0,0,0,0,0,0,0,0,0,0,316,15405,0,0,0,0
62492.394,16555,60,0,0,0,0,0,8,22785,44,53,0,0,0,0,0,0,0,0,0,0,0,0,0,0,0,0,0,0,0,0,0,0,370,17098,0,0,0,0
62508.977,16583,60,0,0,0,0,0,8,22793,44,53,0,0,0,0,0,0,0,0,0,0,0,0,0,0,0,0,0,0,0,0,0,0,324,16840,0,0,0,0
62525.813,16835,59,0,0,0,0,0,8,22837,44,53,0,0,0,0,0,0,0,0,0,0,0,0,0,0,0,0,0,0,0,0,0,0,345,16313,0,0,0,0
62543.147,17334,57,0,0,0,0,0,8,22760,44,53,0,0,0,0,0,0,0,0,0,0,0,0,0,0,0,0,0,0,0,0,0,0,336,16769,0,0,0,0
62559.283,16136,61,0,0,0,0,0,8,22769,44,53,0,0,0,0,0,0,0,0,0,0,0,0,0,0,0,0,0,0,0,0,0,0,319,17513,0,0,0,0
62576.201,16918,59,0,0,0,0,0,8,22837,44,53,0,0,0,0,0,0,0,0,0,0,0,0,0,0,0,0,0,0,0,0,0,0,317,16379,0,0,0,0
62592.349,16148,61,0,0,0,0,0,8,22833,44,53,0,0,0,0,0,0,0,0,0,0,0,0,0,0,0,0,0,0,0,0,0,0,305,16593,0,0,0,0
62609.305,16955,58,0,0,0,0,0,8,22744,44,53,0,0,0,0,0,0,0,0,0,0,0,0,0,0,0,0,0,0,0,0,0,0,306,16247,0,0,0,0
62625.859,16554,60,0,0,0,0,0,8,24516,44,53,0,0,0,0,0,0,0,0,0,0,0,0,0,0,0,0,0,0,0,0,0,0,324,17235,0,0,0,0
62643.149,17289,57,0,0,0,0,0,8,24505,44,53,0,0,0,0,0,0,0,0,0,0,0,0,0,0,0,0,0,0,0,0,0,0,298,15949,0,0,0,0
62659.217,16068,62,0,0,0,0,0,8,24529,44,53,0,0,0,0,0,0,0,0,0,0,0,0,0,0,0,0,0,0,0,0,0,0,318,17662,0,0,0,0
62676.149,16931,59,0,0,0,0,0,8,24565,44,53,0,0,0,0,0,0,0,0,0,0,0,0,0,0,0,0,0,0,0,0,0,0,292,16067,0,0,0,0
62693.164,17015,58,0,0,0,0,0,8,24569,44,53,0,0,0,0,0,0,0,0,0,0,0,0,0,0,0,0,0,0,0,0,0,0,318,16282,0,0,0,0
62709.299,16134,61,0,0,0,0,0,8,24412,44,53,0,0,0,0,0,0,0,0,0,0,0,0,0,0,0,0,0,0,0,0,0,0,338,17662,0,0,0,0
62726.080,16781,59,0,0,0,0,0,8,24569,44,53,0,0,0,0,0,0,0,0,0,0,0,0,0,0,0,0,0,0,0,0,0,0,325,16231,0,0,0,0
62743.146,17065,58,0,0,0,0,0,8,24496,44,53,0,0,0,0,0,0,0,0,0,0,0,0,0,0,0,0,0,0,0,0,0,0,332,16710,0,0,0,0
62759.452,16305,61,0,0,0,0,0,8,24577,44,53,0,0,0,0,0,0,0,0,0,0,0,0,0,0,0,0,0,0,0,0,0,0,306,17151,0,0,0,0
62775.838,16386,61,0,0,0,0,0,8,24561,44,53,0,0,0,0,0,0,0,0,0,0,0,0,0,0,0,0,0,0,0,0,0,0,322,16333,0,0,0,0
62792.327,16488,60,0,0,0,0,0,8,24459,44,53,0,0,0,0,0,0,0,0,0,0,0,0,0,0,0,0,0,0,0,0,0,0,303,15997,0,0,0,0
62809.327,17000,58,0,0,0,0,0,8,24531,44,53,0,0,0,0,0,0,0,0,0,0,0,0,0,0,0,0,0,0,0,0,0,0,305,16928,0,0,0,0
62825.827,16499,60,0,0,0,0,0,8,24561,44,53,0,0,0,0,0,0,0,0,0,0,0,0,0,0,0,0,0,0,0,0,0,0,321,16851,0,0,0,0
62842.421,16593,60,0,0,0,0,0,8,24495,44,53,0,0,0,0,0,0,0,0,0,0,0,0,0,0,0,0,0,0,0,0,0,0,303,16194,0,0,0,0
62859.388,16967,58,0,0,0,0,0,8,24542,44,53,0,0,0,0,0,0,0,0,0,0,0,0,0,0,0,0,0,0,0,0,0,0,305,16741,0,0,0,0
62875.861,16472,60,0,0,0,0,0,8,24513,44,53,0,0,0,0,0,0,0,0,0,0,0,0,0,0,0,0,0,0,0,0,0,0,327,17145,0,0,0,0
62893.164,17303,57,0,0,0,0,0,8,22779,44,53,0,0,0,0,0,0,0,0,0,0,0,0,0,0,0,0,0,0,0,0,0,0,323,16629,0,0,0,0
62909.319,16155,61,0,0,0,0,0,8,22802,44,53,0,0,0,0,0,0,0,0,0,0,0,0,0,0,0,0,0,0,0,0,0,0,319,17123,0,0,0,0
62925.229,15909,62,0,0,0,0,0,8,22833,44,53,0,0,0,0,0,0,0,0,0,0,0,0,0,0,0,0,0,0,0,0,0,0,325,16199,0,0,0,0
62942.666,17437,57,0,0,0,0,0,8,22769,44,53,0,0,0,0,0,0,0,0,0,0,0,0,0,0,0,0,0,0,0,0,0,0,316,16032,0,0,0,0
62959.792,17126,58,0,0,0,0,0,8,22765,44,53,0,0,0,0,0,0,0,0,0,0,0,0,0,0,0,0,0,0,0,0,0,0,326,17170,0,0,0,0
62975.854,16062,62,0,0,0,0,0,8,22833,44,53,0,0,0,0,0,0,0,0,0,0,0,0,0,0,0,0,0,0,0,0,0,0,312,16842,0,0,0,0
62992.802,16947,59,0,0,0,0,0,8,22988,44,53,0,0,0,0,0,0,0,0,0,0,0,0,0,0,0,0,0,0,0,0,0,0,305,16364,0,0,0,0
63009.311,16509,60,0,0,0,0,0,8,22749,44,53,0,0,0,0,0,0,0,0,0,0,0,0,0,0,0,0,0,0,0,0,0,0,335,17078,0,0,0,0
63026.204,16893,59,0,0,0,0,0,8,22852,44,53,0,0,0,0,0,0,0,0,0,0,0,0,0,0,0,0,0,0,0,0,0,0,337,16755,0,0,0,0
63043.143,16938,59,0,0,0,0,0,8,22784,44,53,0,0,0,0,0,0,0,0,0,0,0,0,0,0,0,0,0,0,0,0,0,0,319,16676,0,0,0,0
63059.246,16103,62,0,0,0,0,0,8,22817,44,53,0,0,0,0,0,0,0,0,0,0,0,0,0,0,0,0,0,0,0,0,0,0,309,16851,0,0,0,0
63075.869,16623,60,0,0,0,0,0,8,22853,44,53,0,0,0,0,0,0,0,0,0,0,0,0,0,0,0,0,0,0,0,0,0,0,326,16239,0,0,0,0
63092.178,16308,61,0,0,0,0,0,8,22800,44,53,0,0,0,0,0,0,0,0,0,0,0,0,0,0,0,0,0,0,0,0,0,0,298,16284,0,0,0,0
63109.561,17382,57,0,0,0,0,0,8,22897,44,53,0,0,0,0,0,0,0,0,0,0,0,0,0,0,0,0,0,0,0,0,0,0,332,16418,0,0,0,0
63126.142,16581,60,0,0,0,0,0,8,22889,44,53,0,0,0,0,0,0,0,0,0,0,0,0,0,0,0,0,0,0,0,0,0,0,329,17758,0,0,0,0
63143.153,17011,58,0,0,0,0,0,8,22865,44,53,0,0,0,0,0,0,0,0,0,0,0,0,0,0,0,0,0,0,0,0,0,0,324,16226,0,0,0,0
63159.282,16128,62,0,0,0,0,0,8,22768,44,53,0,0,0,0,0,0,0,0,0,0,0,0,0,0,0,0,0,0,0,0,0,0,335,16174,0,0,0,0
63176.665,17383,57,0,0,0,0,0,8,22869,44,53,0,0,0,0,0,0,0,0,0,0,0,0,0,0,0,0,0,0,0,0,0,0,329,17241,0,0,0,0
63192.815,16149,61,0,0,0,0,0,8,22813,44,53,0,0,0,0,0,0,0,0,0,0,0,0,0,0,0,0,0,0,0,0,0,0,346,17563,0,0,0,0
63209.283,16468,60,0,0,0,0,0,8,22776,44,53,0,0,0,0,0,0,0,0,0,0,0,0,0,0,0,0,0,0,0,0,0,0,330,15866,0,0,0,0
63225.684,16401,60,0,0,0,0,0,8,22861,44,53,0,0,0,0,0,0,0,0,0,0,0,0,0,0,0,0,0,0,0,0,0,0,307,16235,0,0,0,0
63242.340,16656,60,0,0,0,0,0,8,22805,44,53,0,0,0,0,0,0,0,0,0,0,0,0,0,0,0,0,0,0,0,0,0,0,316,16167,0,0,0,0
63260.162,17821,56,0,0,0,0,0,8,22845,44,53,0,0,0,0,0,0,0,0,0,0,0,0,0,0,0,0,0,0,0,0,0,0,296,16819,0,0,0,0
63275.764,15603,64,0,0,0,0,0,8,22813,44,53,0,0,0,0,0,0,0,0,0,0,0,0,0,0,0,0,0,0,0,0,0,0,359,18001,0,0,0,0
63292.787,17022,58,0,0,0,0,0,8,22917,44,53,0,0,0,0,0,0,0,0,0,0,0,0,0,0,0,0,0,0,0,0,0,0,340,16370,0,0,0,0
63309.457,16670,59,0,0,0,0,0,8,22776,44,53,0,0,0,0,0,0,0,0,0,0,0,0,0,0,0,0,0,0,0,0,0,0,319,16329,0,0,0,0
63326.289,16832,59,0,0,0,0,0,8,22869,44,53,0,0,0,0,0,0,0,0,0,0,0,0,0,0,0,0,0,0,0,0,0,0,334,16664,0,0,0,0
63343.147,16857,59,0,0,0,0,0,8,22793,44,53,0,0,0,0,0,0,0,0,0,0,0,0,0,0,0,0,0,0,0,0,0,0,304,16732,0,0,0,0
63360.156,17008,58,0,0,0,0,0,8,24535,44,53,0,0,0,0,0,0,0,0,0,0,0,0,0,0,0,0,0,0,0,0,0,0,322,16908,0,0,0,0
63375.711,15554,64,0,0,0,0,0,8,24585,44,53,0,0,0,0,0,0,0,0,0,0,0,0,0,0,0,0,0,0,0,0,0,0,309,16937,0,0,0,0
63392.672,16962,58,0,0,0,0,0,8,24533,44,53,0,0,0,0,0,0,0,0,0,0,0,0,0,0,0,0,0,0,0,0,0,0,329,15401,0,0,0,0
63409.365,16692,59,0,0,0,0,0,8,24565,44,53,0,0,0,0,0,0,0,0,0,0,0,0,0,0,0,0,0,0,0,0,0,0,302,16898,0,0,0,0
63425.692,16327,61,0,0,0,0,0,8,24545,44,53,0,0,0,0,0,0,0,0,0,0,0,0,0,0,0,0,0,0,0,0,0,0,334,16986,0,0,0,0
63442.787,17095,58,0,0,0,0,0,8,24641,44,53,0,0,0,0,0,0,0,0,0,0,0,0,0,0,0,0,0,0,0,0,0,0,298,16770,0,0,0,0
63459.276,16489,60,0,0,0,0,0,8,24496,44,53,0,0,0,0,0,0,0,0,0,0,0,0,0,0,0,0,0,0,0,0,0,0,309,16652,0,0,0,0
63475.674,16398,60,0,0,0,0,0,8,24589,44,53,0,0,0,0,0,0,0,0,0,0,0,0,0,0,0,0,0,0,0,0,0,0,353,16639,0,0,0,0
63492.398,16723,59,0,0,0,0,0,8,24543,44,53,0,0,0,0,0,0,0,0,0,0,0,0,0,0,0,0,0,0,0,0,0,0,298,16129,0,0,0,0
63509.378,16979,58,0,0,0,0,0,8,24514,44,53,0,0,0,0,0,0,0,0,0,0,0,0,0,0,0,0,0,0,0,0,0,0,322,16898,0,0,0,0
63525.865,16486,60,0,0,0,0,0,8,24597,44,53,0,0,0,0,0,0,0,0,0,0,0,0,0,0,0,0,0,0,0,0,0,0,354,17191,0,0,0,0
63542.655,16790,59,0,0,0,0,0,8,24540,44,53,0,0,0,0,0,0,0,0,0,0,0,0,0,0,0,0,0,0,0,0,0,0,330,16010,0,0,0,0
63560.108,17452,57,0,0,0,0,0,8,24561,44,53,0,0,0,0,0,0,0,0,0,0,0,0,0,0,0,0,0,0,0,0,0,0,312,16897,0,0,0,0
63575.699,15591,64,0,0,0,0,0,8,24582,44,53,0,0,0,0,0,0,0,0,0,0,0,0,0,0,0,0,0,0,0,0,0,0,295,17624,0,0,0,0
63592.648,16949,58,0,0,0,0,0,8,24525,44,53,0,0,0,0,0,0,0,0,0,0,0,0,0,0,0,0,0,0,0,0,0,0,317,15512,0,0,0,0
63609.012,16363,61,0,0,0,0,0,8,24576,44,53,0,0,0,0,0,0,0,0,0,0,0,0,0,0,0,0,0,0,0,0,0,0,308,16949,0,0,0,0
63625.773,16761,59,0,0,0,0,0,8,22861,44,53,0,0,0,0,0,0,0,0,0,0,0,0,0,0,0,0,0,0,0,0,0,0,344,16331,0,0,0,0
63642.371,16597,60,0,0,0,0,0,8,22873,44,53,0,0,0,0,0,0,0,0,0,0,0,0,0,0,0,0,0,0,0,0,0,0,309,16808,0,0,0,0
63659.287,16916,59,0,0,0,0,0,8,22773,44,53,0,0,0,0,0,0,0,0,0,0,0,0,0,0,0,0,0,0,0,0,0,0,320,16795,0,0,0,0
63675.233,15945,62,0,0,0,0,0,8,22820,44,53,0,0,0,0,0,0,0,0,0,0,0,0,0,0,0,0,0,0,0,0,0,0,325,16715,0,0,0,0
63692.485,17251,57,0,0,0,0,0,8,22873,44,53,0,0,0,0,0,0,0,0,0,0,0,0,0,0,0,0,0,0,0,0,0,0,310,15971,0,0,0,0
63709.670,17185,58,0,0,0,0,0,8,22773,44,53,0,0,0,0,0,0,0,0,0,0,0,0,0,0,0,0,0,0,0,0,0,0,307,17283,0,0,0,0
63725.829,16158,61,0,0,0,0,0,8,22869,44,53,0,0,0,0,0,0,0,0,0,0,0,0,0,0,0,0,0,0,0,0,0,0,322,16762,0,0,0,0
63743.134,17305,57,0,0,0,0,0,8,22827,44,53,0,0,0,0,0,0,0,0,0,0,0,0,0,0,0,0,0,0,0,0,0,0,335,16712,0,0,0,0
63759.280,16145,61,0,0,0,0,0,8,22806,44,53,0,0,0,0,0,0,0,0,0,0,0,0,0,0,0,0,0,0,0,0,0,0,312,17052,0,0,0,0
63775.685,16405,60,0,0,0,0,0,8,22865,44,53,0,0,0,0,0,0,0,0,0,0,0,0,0,0,0,0,0,0,0,0,0,0,330,16287,0,0,0,0
63792.717,17031,58,0,0,0,0,0,8,22805,44,53,0,0,0,0,0,0,0,0,0,0,0,0,0,0,0,0,0,0,0,0,0,0,312,16044,0,0,0,0
63809.100,16383,61,0,0,0,0,0,8,22841,44,53,0,0,0,0,0,0,0,0,0,0,0,0,0,0,0,0,0,0,0,0,0,0,313,16982,0,0,0,0
63825.732,16631,60,0,0,0,0,0,8,22820,44,53,0,0,0,0,0,0,0,0,0,0,0,0,0,0,0,0,0,0,0,0,0,0,311,16619,0,0,0,0
63843.145,17412,57,0,0,0,0,0,8,22820,44,53,0,0,0,0,0,0,0,0,0,0,0,0,0,0,0,0,0,0,0,0,0,0,304,16464,0,0,0,0
63860.164,17019,58,0,0,0,0,0,8,22822,44,53,0,0,0,0,0,0,0,0,0,0,0,0,0,0,0,0,0,0,0,0,0,0,325,17557,0,0,0,0
63875.892,15728,63,0,0,0,0,0,8,22865,44,53,0,0,0,0,0,0,0,0,0,0,0,0,0,0,0,0,0,0,0,0,0,0,321,17050,0,0,0,0
63892.439,16546,60,0,0,0,0,0,8,22859,44,53,0,0,0,0,0,0,0,0,0,0,0,0,0,0,0,0,0,0,0,0,0,0,282,15657,0,0,0,0
63909.189,16749,59,0,0,0,0,0,8,22778,44,53,0,0,0,0,0,0,0,0,0,0,0,0,0,0,0,0,0,0,0,0,0,0,313,16596,0,0,0,0
63926.465,17275,57,0,0,0,0,0,8,22873,44,53,0,0,0,0,0,0,0,0,0,0,0,0,0,0,0,0,0,0,0,0,0,0,309,17022,0,0,0,0
63943.135,16670,59,0,0,0,0,0,8,22804,44,53,0,0,0,0,0,0,0,0,0,0,0,0,0,0,0,0,0,0,0,0,0,0,322,17040,0,0,0,0
63960.139,17003,58,0,0,0,0,0,8,22834,44,53,0,0,0,0,0,0,0,0,0,0,0,0,0,0,0,0,0,0,0,0,0,0,334,16809,0,0,0,0
63975.658,15519,64,0,0,0,0,0,8,24592,44,53,0,0,0,0,0,0,0,0,0,0,0,0,0,0,0,0,0,0,0,0,0,0,333,16719,0,0,0,0
63993.139,17481,57,0,0,0,0,0,8,24486,44,53,0,0,0,0,0,0,0,0,0,0,0,0,0,0,0,0,0,0,0,0,0,0,276,15654,0,0,0,0
64009.141,16001,62,0,0,0,0,0,8,24563,44,53,0,0,0,0,0,0,0,0,0,0,0,0,0,0,0,0,0,0,0,0,0,0,326,17669,0,0,0,0
64026.187,17046,58,0,0,0,0,0,8,24593,44,53,0,0,0,0,0,0,0,0,0,0,0,0,0,0,0,0,0,0,0,0,0,0,334,16333,0,0,0,0
64043.237,17050,58,0,0,0,0,0,8,24645,44,53,0,0,0,0,0,0,0,0,0,0,0,0,0,0,0,0,0,0,0,0,0,0,330,16841,0,0,0,0
64060.146,16908,59,0,0,0,0,0,8,24498,44,53,0,0,0,0,0,0,0,0,0,0,0,0,0,0,0,0,0,0,0,0,0,0,304,16796,0,0,0,0
64075.722,15576,64,0,0,0,0,0,8,24543,44,53,0,0,0,0,0,0,0,0,0,0,0,0,0,0,0,0,0,0,0,0,0,0,309,17015,0,0,0,0
64093.140,17417,57,0,0,0,0,0,8,24547,44,53,0,0,0,0,0,0,0,0,0,0,0,0,0,0,0,0,0,0,0,0,0,0,305,15241,0,0,0,0
64109.007,15867,63,0,0,0,0,0,8,24555,44,53,0,0,0,0,0,0,0,0,0,0,0,0,0,0,0,0,0,0,0,0,0,0,341,17682,0,0,0,0
64126.196,17188,58,0,0,0,0,0,8,24601,44,53,0,0,0,0,0,0,0,0,0,0,0,0,0,0,0,0,0,0,0,0,0,0,303,15681,0,0,0,0
64142.643,16446,60,0,0,0,0,0,8,24507,44,53,0,0,0,0,0,0,0,0,0,0,0,0,0,0,0,0,0,0,0,0,0,0,332,17304,0,0,0,0
64159.137,16493,60,0,0,0,0,0,8,24534,44,53,0,0,0,0,0,0,0,0,0,0,0,0,0,0,0,0,0,0,0,0,0,0,315,16606,0,0,0,0
64175.704,16567,60,0,0,0,0,0,8,24601,44,53,0,0,0,0,0,0,0,0,0,0,0,0,0,0,0,0,0,0,0,0,0,0,321,16124,0,0,0,0
64193.146,17442,57,0,0,0,0,0,8,24649,44,53,0,0,0,0,0,0,0,0,0,0,0,0,0,0,0,0,0,0,0,0,0,0,312,16722,0,0,0,0
64209.268,16121,62,0,0,0,0,0,8,24492,44,53,0,0,0,0,0,0,0,0,0,0,0,0,0,0,0,0,0,0,0,0,0,0,313,17437,0,0,0,0
64226.196,16917,59,0,0,0,0,0,8,24553,44,53,0,0,0,0,0,0,0,0,0,0,0,0,0,0,0,0,0,0,0,0,0,0,311,16375,0,0,0,0
64243.332,17146,58,0,0,0,0,0,8,22869,44,53,0,0,0,0,0,0,0,0,0,0,0,0,0,0,0,0,0,0,0,0,0,0,321,16775,0,0,0,0
64259.281,15949,62,0,0,0,0,0,8,22765,44,53,0,0,0,0,0,0,0,0,0,0,0,0,0,0,0,0,0,0,0,0,0,0,316,17051,0,0,0,0
64275.718,16437,60,0,0,0,0,0,8,22865,44,53,0,0,0,0,0,0,0,0,0,0,0,0,0,0,0,0,0,0,0,0,0,0,303,16167,0,0,0,0
64293.137,17418,57,0,0,0,0,0,8,22813,44,53,0,0,0,0,0,0,0,0,0,0,0,0,0,0,0,0,0,0,0,0,0,0,302,16049,0,0,0,0
64309.441,16304,61,0,0,0,0,0,8,22784,44,53,0,0,0,0,0,0,0,0,0,0,0,0,0,0,0,0,0,0,0,0,0,0,306,17661,0,0,0,0
64325.850,16408,60,0,0,0,0,0,8,22869,44,53,0,0,0,0,0,0,0,0,0,0,0,0,0,0,0,0,0,0,0,0,0,0,312,16360,0,0,0,0
64343.130,17280,57,0,0,0,0,0,8,22837,44,53,0,0,0,0,0,0,0,0,0,0,0,0,0,0,0,0,0,0,0,0,0,0,326,16292,0,0,0,0
64359.267,16136,61,0,0,0,0,0,8,22836,44,53,0,0,0,0,0,0,0,0,0,0,0,0,0,0,0,0,0,0,0,0,0,0,308,17297,0,0,0,0
64376.192,16924,59,0,0,0,0,0,8,22877,44,53,0,0,0,0,0,0,0,0,0,0,0,0,0,0,0,0,0,0,0,0,0,0,317,16131,0,0,0,0
64393.127,16935,59,0,0,0,0,0,8,22821,44,53,0,0,0,0,0,0,0,0,0,0,0,0,0,0,0,0,0,0,0,0,0,0,310,17079,0,0,0,0
64409.653,16526,60,0,0,0,0,0,8,22773,44,53,0,0,0,0,0,0,0,0,0,0,0,0,0,0,0,0,0,0,0,0,0,0,309,16964,0,0,0,0
64425.704,16050,62,0,0,0,0,0,8,22861,44,53,0,0,0,0,0,0,0,0,0,0,0,0,0,0,0,0,0,0,0,0,0,0,314,16181,0,0,0,0
64442.783,17079,58,0,0,0,0,0,8,22873,44,53,0,0,0,0,0,0,0,0,0,0,0,0,0,0,0,0,0,0,0,0,0,0,329,16028,0,0,0,0
64459.441,16657,60,0,0,0,0,0,8,22772,44,53,0,0,0,0,0,0,0,0,0,0,0,0,0,0,0,0,0,0,0,0,0,0,328,17511,0,0,0,0
64476.290,16849,59,0,0,0,0,0,8,22825,44,53,0,0,0,0,0,0,0,0,0,0,0,0,0,0,0,0,0,0,0,0,0,0,317,16157,0,0,0,0
64493.133,16843,59,0,0,0,0,0,8,22845,44,53,0,0,0,0,0,0,0,0,0,0,0,0,0,0,0,0,0,0,0,0,0,0,318,17295,0,0,0,0
64509.107,15973,62,0,0,0,0,0,8,22836,44,53,0,0,0,0,0,0,0,0,0,0,0,0,0,0,0,0,0,0,0,0,0,0,333,16788,0,0,0,0
64526.189,17072,58,0,0,0,0,0,8,22877,44,53,0,0,0,0,0,0,0,0,0,0,0,0,0,0,0,0,0,0,0,0,0,0,298,15562,0,0,0,0
64543.130,16950,58,0,0,0,0,0,8,22793,44,53,0,0,0,0,0,0,0,0,0,0,0,0,0,0,0,0,0,0,0,0,0,0,333,17620,0,0,0,0
64559.273,16143,61,0,0,0,0,0,8,22797,44,53,0,0,0,0,0,0,0,0,0,0,0,0,0,0,0,0,0,0,0,0,0,0,335,16799,0,0,0,0
64575.727,16454,60,0,0,0,0,0,8,22869,44,53,0,0,0,0,0,0,0,0,0,0,0,0,0,0,0,0,0,0,0,0,0,0,331,16217,0,0,0,0
64592.654,16926,59,0,0,0,0,0,8,22811,44,53,0,0,0,0,0,0,0,0,0,0,0,0,0,0,0,0,0,0,0,0,0,0,295,16064,0,0,0,0
64610.142,17488,57,0,0,0,0,0,8,22834,44,53,0,0,0,0,0,0,0,0,0,0,0,0,0,0,0,0,0,0,0,0,0,0,301,17056,0,0,0,0
64625.697,15555,64,0,0,0,0,0,8,22817,44,53,0,0,0,0,0,0,0,0,0,0,0,0,0,0,0,0,0,0,0,0,0,0,305,17828,0,0,0,0
64642.783,17085,58,0,0,0,0,0,8,22917,44,53,0,0,0,0,0,0,0,0,0,0,0,0,0,0,0,0,0,0,0,0,0,0,293,15269,0,0,0,0
64660.158,17374,57,0,0,0,0,0,8,22776,44,53,0,0,0,0,0,0,0,0,0,0,0,0,0,0,0,0,0,0,0,0,0,0,330,17288,0,0,0,0
64675.884,15726,63,0,0,0,0,0,8,22862,44,53,0,0,0,0,0,0,0,0,0,0,0,0,0,0,0,0,0,0,0,0,0,0,305,17256,0,0,0,0
64692.321,16437,60,0,0,0,0,0,8,22872,44,53,0,0,0,0,0,0,0,0,0,0,0,0,0,0,0,0,0,0,0,0,0,0,286,15449,0,0,0,0
64709.363,17041,58,0,0,0,0,0,8,22733,44,53,0,0,0,0,0,0,0,0,0,0,0,0,0,0,0,0,0,0,0,0,0,0,314,16925,0,0,0,0
64726.281,16917,59,0,0,0,0,0,8,22869,44,53,0,0,0,0,0,0,0,0,0,0,0,0,0,0,0,0,0,0,0,0,0,0,344,16940,0,0,0,0
64743.128,16847,59,0,0,0,0,0,8,22869,44,53,0,0,0,0,0,0,0,0,0,0,0,0,0,0,0,0,0,0,0,0,0,0,353,17454,0,0,0,0
64759.263,16135,61,0,0,0,0,0,8,22772,44,53,0,0,0,0,0,0,0,0,0,0,0,0,0,0,0,0,0,0,0,0,0,0,305,16273,0,0,0,0
64775.838,16574,60,0,0,0,0,0,8,22865,44,53,0,0,0,0,0,0,0,0,0,0,0,0,0,0,0,0,0,0,0,0,0,0,299,15999,0,0,0,0
64793.126,17288,57,0,0,0,0,0,8,22757,44,53,0,0,0,0,0,0,0,0,0,0,0,0,0,0,0,0,0,0,0,0,0,0,316,16415,0,0,0,0
64810.157,17031,58,0,0,0,0,0,8,22844,44,53,0,0,0,0,0,0,0,0,0,0,0,0,0,0,0,0,0,0,0,0,0,0,330,17449,0,0,0,0
64826.204,16046,62,0,0,0,0,0,8,22865,44,53,0,0,0,0,0,0,0,0,0,0,0,0,0,0,0,0,0,0,0,0,0,0,307,17091,0,0,0,0
64843.135,16930,59,0,0,0,0,0,8,22811,44,53,0,0,0,0,0,0,0,0,0,0,0,0,0,0,0,0,0,0,0,0,0,0,329,16252,0,0,0,0
64859.112,15977,62,0,0,0,0,0,8,24574,44,53,0,0,0,0,0,0,0,0,0,0,0,0,0,0,0,0,0,0,0,0,0,0,303,16895,0,0,0,0
64876.287,17175,58,0,0,0,0,0,8,24549,44,53,0,0,0,0,0,0,0,0,0,0,0,0,0,0,0,0,0,0,0,0,0,0,315,15454,0,0,0,0
64893.125,16838,59,0,0,0,0,0,8,24533,44,53,0,0,0,0,0,0,0,0,0,0,0,0,0,0,0,0,0,0,0,0,0,0,329,17491,0,0,0,0
64910.169,17043,58,0,0,0,0,0,8,24556,44,53,0,0,0,0,0,0,0,0,0,0,0,0,0,0,0,0,0,0,0,0,0,0,305,16963,0,0,0,0
64925.656,15487,64,0,0,0,0,0,8,24589,44,53,0,0,0,0,0,0,0,0,0,0,0,0,0,0,0,0,0,0,0,0,0,0,303,16830,0,0,0,0
64943.132,17475,57,0,0,0,0,0,8,24529,44,53,0,0,0,0,0,0,0,0,0,0,0,0,0,0,0,0,0,0,0,0,0,0,284,15558,0,0,0,0
64959.645,16512,60,0,0,0,0,0,8,24516,44,53,0,0,0,0,0,0,0,0,0,0,0,0,0,0,0,0,0,0,0,0,0,0,312,17551,0,0,0,0
64976.191,16546,60,0,0,0,0,0,8,24601,44,53,0,0,0,0,0,0,0,0,0,0,0,0,0,0,0,0,0,0,0,0,0,0,286,16278,0,0,0,0
64993.137,16945,59,0,0,0,0,0,8,24597,44,53,0,0,0,0,0,0,0,0,0,0,0,0,0,0,0,0,0,0,0,0,0,0,317,16705,0,0,0,0
65009.132,15994,62,0,0,0,0,0,8,24497,44,53,0,0,0,0,0,0,0,0,0,0,0,0,0,0,0,0,0,0,0,0,0,0,324,17034,0,0,0,0
65026.281,17149,58,0,0,0,0,0,8,24549,44,53,0,0,0,0,0,0,0,0,0,0,0,0,0,0,0,0,0,0,0,0,0,0,322,16148,0,0,0,0
65042.635,16353,61,0,0,0,0,0,8,24521,44,53,0,0,0,0,0,0,0,0,0,0,0,0,0,0,0,0,0,0,0,0,0,0,305,17020,0,0,0,0
65059.292,16657,60,0,0,0,0,0,8,24572,44,53,0,0,0,0,0,0,0,0,0,0,0,0,0,0,0,0,0,0,0,0,0,0,322,16387,0,0,0,0
65076.196,16903,59,0,0,0,0,0,8,24593,44,53,0,0,0,0,0,0,0,0,0,0,0,0,0,0,0,0,0,0,0,0,0,0,345,16462,0,0,0,0
65093.124,16928,59,0,0,0,0,0,8,24535,44,53,0,0,0,0,0,0,0,0,0,0,0,0,0,0,0,0,0,0,0,0,0,0,299,16707,0,0,0,0
65109.302,16178,61,0,0,0,0,0,8,24514,44,53,0,0,0,0,0,0,0,0,0,0,0,0,0,0,0,0,0,0,0,0,0,0,325,17350,0,0,0,0
65125.201,15898,62,0,0,0,0,0,8,22861,44,53,0,0,0,0,0,0,0,0,0,0,0,0,0,0,0,0,0,0,0,0,0,0,340,16177,0,0,0,0
65143.133,17921,55,0,0,0,0,0,8,22877,44,53,0,0,0,0,0,0,0,0,0,0,0,0,0,0,0,0,0,0,0,0,0,0,305,15819,0,0,0,0
65159.216,16093,62,0,0,0,0,0,8,22773,44,53,0,0,0,0,0,0,0,0,0,0,0,0,0,0,0,0,0,0,0,0,0,0,311,17960,0,0,0,0
65175.717,16500,60,0,0,0,0,0,8,22865,44,53,0,0,0,0,0,0,0,0,0,0,0,0,0,0,0,0,0,0,0,0,0,0,318,15680,0,0,0,0
65193.125,17407,57,0,0,0,0,0,8,22763,44,53,0,0,0,0,0,0,0,0,0,0,0,0,0,0,0,0,0,0,0,0,0,0,319,16633,0,0,0,0
65209.131,16006,62,0,0,0,0,0,8,22838,44,53,0,0,0,0,0,0,0,0,0,0,0,0,0,0,0,0,0,0,0,0,0,0,314,17565,0,0,0,0
65225.833,16701,59,0,0,0,0,0,8,22865,44,53,0,0,0,0,0,0,0,0,0,0,0,0,0,0,0,0,0,0,0,0,0,0,332,16272,0,0,0,0
65242.637,16803,59,0,0,0,0,0,8,22811,44,53,0,0,0,0,0,0,0,0,0,0,0,0,0,0,0,0,0,0,0,0,0,0,303,16359,0,0,0,0
65259.373,16736,59,0,0,0,0,0,8,22855,44,53,0,0,0,0,0,0,0,0,0,0,0,0,0,0,0,0,0,0,0,0,0,0,364,17108,0,0,0,0
65275.927,16553,60,0,0,0,0,0,8,22816,44,53,0,0,0,0,0,0,0,0,0,0,0,0,0,0,0,0,0,0,0,0,0,0,325,16810,0,0,0,0
65293.126,17199,58,0,0,0,0,0,8,22809,44,53,0,0,0,0,0,0,0,0,0,0,0,0,0,0,0,0,0,0,0,0,0,0,304,16109,0,0,0,0
65308.935,15808,63,0,0,0,0,0,8,22833,44,53,0,0,0,0,0,0,0,0,0,0,0,0,0,0,0,0,0,0,0,0,0,0,339,17521,0,0,0,0
65325.694,16759,59,0,0,0,0,0,8,22873,44,53,0,0,0,0,0,0,0,0,0,0,0,0,0,0,0,0,0,0,0,0,0,0,316,15554,0,0,0,0
65342.649,16954,58,0,0,0,0,0,8,22805,44,53,0,0,0,0,0,0,0,0,0,0,0,0,0,0,0,0,0,0,0,0,0,0,317,16661,0,0,0,0
65358.937,16288,61,0,0,0,0,0,8,22792,44,53,0,0,0,0,0,0,0,0,0,0,0,0,0,0,0,0,0,0,0,0,0,0,320,17265,0,0,0,0
65375.836,16899,59,0,0,0,0,0,8,22877,44,53,0,0,0,0,0,0,0,0,0,0,0,0,0,0,0,0,0,0,0,0,0,0,324,16055,0,0,0,0
65392.275,16438,60,0,0,0,0,0,8,22869,44,53,0,0,0,0,0,0,0,0,0,0,0,0,0,0,0,0,0,0,0,0,0,0,336,16708,0,0,0,0
65409.200,16925,59,0,0,0,0,0,8,22781,44,53,0,0,0,0,0,0,0,0,0,0,0,0,0,0,0,0,0,0,0,0,0,0,325,16786,0,0,0,0
65425.696,16495,60,0,0,0,0,0,8,22824,44,53,0,0,0,0,0,0,0,0,0,0,0,0,0,0,0,0,0,0,0,0,0,0,306,16877,0,0,0,0
65443.131,17435,57,0,0,0,0,0,8,22869,44,53,0,0,0,0,0,0,0,0,0,0,0,0,0,0,0,0,0,0,0,0,0,0,330,16633,0,0,0,0
65459.659,16527,60,0,0,0,0,0,8,22769,44,53,0,0,0,0,0,0,0,0,0,0,0,0,0,0,0,0,0,0,0,0,0,0,328,17104,0,0,0,0
65475.720,16061,62,0,0,0,0,0,8,22869,44,53,0,0,0,0,0,0,0,0,0,0,0,0,0,0,0,0,0,0,0,0,0,0,289,16437,0,0,0,0
65493.120,17400,57,0,0,0,0,0,8,22805,44,53,0,0,0,0,0,0,0,0,0,0,0,0,0,0,0,0,0,0,0,0,0,0,307,16338,0,0,0,0
65509.116,15995,62,0,0,0,0,0,8,22788,44,53,0,0,0,0,0,0,0,0,0,0,0,0,0,0,0,0,0,0,0,0,0,0,326,17434,0,0,0,0
65525.632,16516,60,0,0,0,0,0,8,22861,44,53,0,0,0,0,0,0,0,0,0,0,0,0,0,0,0,0,0,0,0,0,0,0,331,16084,0,0,0,0
65542.765,17133,58,0,0,0,0,0,8,22873,44,53,0,0,0,0,0,0,0,0,0,0,0,0,0,0,0,0,0,0,0,0,0,0,320,16762,0,0,0,0
65559.267,16501,60,0,0,0,0,0,8,22777,44,53,0,0,0,0,0,0,0,0,0,0,0,0,0,0,0,0,0,0,0,0,0,0,323,16970,0,0,0,0
65575.635,16368,61,0,0,0,0,0,8,22861,44,53,0,0,0,0,0,0,0,0,0,0,0,0,0,0,0,0,0,0,0,0,0,0,319,16424,0,0,0,0
65593.117,17482,57,0,0,0,0,0,8,22824,44,53,0,0,0,0,0,0,0,0,0,0,0,0,0,0,0,0,0,0,0,0,0,0,314,16231,0,0,0,0
65609.255,16137,61,0,0,0,0,0,8,22769,44,53,0,0,0,0,0,0,0,0,0,0,0,0,0,0,0,0,0,0,0,0,0,0,330,17627,0,0,0,0
65625.829,16574,60,0,0,0,0,0,8,22869,44,53,0,0,0,0,0,0,0,0,0,0,0,0,0,0,0,0,0,0,0,0,0,0,381,16416,0,0,0,0
65642.546,16716,59,0,0,0,0,0,8,24604,44,53,0,0,0,0,0,0,0,0,0,0,0,0,0,0,0,0,0,0,0,0,0,0,298,16070,0,0,0,0
65659.292,16746,59,0,0,0,0,0,8,24516,44,53,0,0,0,0,0,0,0,0,0,0,0,0,0,0,0,0,0,0,0,0,0,0,351,16808,0,0,0,0
65675.697,16404,60,0,0,0,0,0,8,24545,44,53,0,0,0,0,0,0,0,0,0,0,0,0,0,0,0,0,0,0,0,0,0,0,340,17013,0,0,0,0
65693.125,17428,57,0,0,0,0,0,8,24534,44,53,0,0,0,0,0,0,0,0,0,0,0,0,0,0,0,0,0,0,0,0,0,0,316,15899,0,0,0,0
65709.260,16134,61,0,0,0,0,0,8,24568,44,53,0,0,0,0,0,0,0,0,0,0,0,0,0,0,0,0,0,0,0,0,0,0,337,17624,0,0,0,0
65726.119,16859,59,0,0,0,0,0,8,24593,44,53,0,0,0,0,0,0,0,0,0,0,0,0,0,0,0,0,0,0,0,0,0,0,317,16265,0,0,0,0
65743.131,17011,58,0,0,0,0,0,8,24548,44,53,0,0,0,0,0,0,0,0,0,0,0,0,0,0,0,0,0,0,0,0,0,0,315,15635,0,0,0,0
65760.133,17002,58,0,0,0,0,0,8,24501,44,53,0,0,0,0,0,0,0,0,0,0,0,0,0,0,0,0,0,0,0,0,0,0,306,18063,0,0,0,0
65775.817,15683,63,0,0,0,0,0,8,24593,44,53,0,0,0,0,0,0,0,0,0,0,0,0,0,0,0,0,0,0,0,0,0,0,323,17029,0,0,0,0
65793.117,17299,57,0,0,0,0,0,8,24537,44,53,0,0,0,0,0,0,0,0,0,0,0,0,0,0,0,0,0,0,0,0,0,0,313,15531,0,0,0,0
65810.131,17013,58,0,0,0,0,0,8,24564,44,53,0,0,0,0,0,0,0,0,0,0,0,0,0,0,0,0,0,0,0,0,0,0,316,17515,0,0,0,0
65826.254,16123,62,0,0,0,0,0,8,24545,44,53,0,0,0,0,0,0,0,0,0,0,0,0,0,0,0,0,0,0,0,0,0,0,328,17038,0,0,0,0
65842.879,16625,60,0,0,0,0,0,8,24528,44,53,0,0,0,0,0,0,0,0,0,0,0,0,0,0,0,0,0,0,0,0,0,0,364,16794,0,0,0,0
65858.785,15905,62,0,0,0,0,0,8,24566,44,53,0,0,0,0,0,0,0,0,0,0,0,0,0,0,0,0,0,0,0,0,0,0,324,15901,0,0,0,0
65875.336,16550,60,0,0,0,0,0,8,24601,44,53,0,0,0,0,0,0,0,0,0,0,0,0,0,0,0,0,0,0,0,0,0,0,306,15588,0,0,0,0
65892.402,17066,58,0,0,0,0,0,8,24597,44,53,0,0,0,0,0,0,0,0,0,0,0,0,0,0,0,0,0,0,0,0,0,0,324,16891,0,0,0,0
65909.254,16851,59,0,0,0,0,0,8,22724,44,53,0,0,0,0,0,0,0,0,0,0,0,0,0,0,0,0,0,0,0,0,0,0,302,17213,0,0,0,0
65925.638,16384,61,0,0,0,0,0,8,22865,44,53,0,0,0,0,0,0,0,0,0,0,0,0,0,0,0,0,0,0,0,0,0,0,312,16811,0,0,0,0
65942.889,17250,57,0,0,0,0,0,8,22815,44,53,0,0,0,0,0,0,0,0,0,0,0,0,0,0,0,0,0,0,0,0,0,0,306,16300,0,0,0,0
65959.313,16424,60,0,0,0,0,0,8,22830,44,53,0,0,0,0,0,0,0,0,0,0,0,0,0,0,0,0,0,0,0,0,0,0,328,17344,0,0,0,0
65976.252,16938,59,0,0,0,0,0,8,22869,44,53,0,0,0,0,0,0,0,0,0,0,0,0,0,0,0,0,0,0,0,0,0,0,326,16333,0,0,0,0
65992.639,16387,61,0,0,0,0,0,8,22749,44,53,0,0,0,0,0,0,0,0,0,0,0,0,0,0,0,0,0,0,0,0,0,0,315,16969,0,0,0,0
66010.122,17483,57,0,0,0,0,0,8,22841,44,53,0,0,0,0,0,0,0,0,0,0,0,0,0,0,0,0,0,0,0,0,0,0,300,16038,0,0,0,0
66025.663,15541,64,0,0,0,0,0,8,22861,44,53,0,0,0,0,0,0,0,0,0,0,0,0,0,0,0,0,0,0,0,0,0,0,324,17864,0,0,0,0
66042.640,16976,58,0,0,0,0,0,8,22819,44,53,0,0,0,0,0,0,0,0,0,0,0,0,0,0,0,0,0,0,0,0,0,0,289,15203,0,0,0,0
66059.256,16615,60,0,0,0,0,0,8,22829,44,53,0,0,0,0,0,0,0,0,0,0,0,0,0,0,0,0,0,0,0,0,0,0,309,17176,0,0,0,0
66076.125,16869,59,0,0,0,0,0,8,22822,44,53,0,0,0,0,0,0,0,0,0,0,0,0,0,0,0,0,0,0,0,0,0,0,321,16807,0,0,0,0
66092.434,16309,61,0,0,0,0,0,8,22865,44,53,0,0,0,0,0,0,0,0,0,0,0,0,0,0,0,0,0,0,0,0,0,0,326,16800,0,0,0,0
66110.132,17697,56,0,0,0,0,0,8,22780,44,53,0,0,0,0,0,0,0,0,0,0,0,0,0,0,0,0,0,0,0,0,0,0,315,16309,0,0,0,0
66126.121,15989,62,0,0,0,0,0,8,22865,44,53,0,0,0,0,0,0,0,0,0,0,0,0,0,0,0,0,0,0,0,0,0,0,331,17792,0,0,0,0
66142.625,16503,60,0,0,0,0,0,8,22780,44,53,0,0,0,0,0,0,0,0,0,0,0,0,0,0,0,0,0,0,0,0,0,0,311,14926,0,0,0,0
66160.131,17506,57,0,0,0,0,0,8,22858,44,53,0,0,0,0,0,0,0,0,0,0,0,0,0,0,0,0,0,0,0,0,0,0,328,17535,0,0,0,0
66175.663,15531,64,0,0,0,0,0,8,22861,44,53,0,0,0,0,0,0,0,0,0,0,0,0,0,0,0,0,0,0,0,0,0,0,309,17258,0,0,0,0
66192.676,17013,58,0,0,0,0,0,8,22869,44,53,0,0,0,0,0,0,0,0,0,0,0,0,0,0,0,0,0,0,0,0,0,0,291,15955,0,0,0,0
66208.928,16252,61,0,0,0,0,0,8,22772,44,53,0,0,0,0,0,0,0,0,0,0,0,0,0,0,0,0,0,0,0,0,0,0,327,16890,0,0,0,0
66225.658,16729,59,0,0,0,0,0,8,22817,44,53,0,0,0,0,0,0,0,0,0,0,0,0,0,0,0,0,0,0,0,0,0,0,335,15908,0,0,0,0
66242.790,17132,58,0,0,0,0,0,8,22877,44,53,0,0,0,0,0,0,0,0,0,0,0,0,0,0,0,0,0,0,0,0,0,0,340,16745,0,0,0,0
66259.174,16383,61,0,0,0,0,0,8,22772,44,53,0,0,0,0,0,0,0,0,0,0,0,0,0,0,0,0,0,0,0,0,0,0,323,17261,0,0,0,0
66276.637,17463,57,0,0,0,0,0,8,22865,44,53,0,0,0,0,0,0,0,0,0,0,0,0,0,0,0,0,0,0,0,0,0,0,317,16684,0,0,0,0
66292.623,15985,62,0,0,0,0,0,8,22800,44,53,0,0,0,0,0,0,0,0,0,0,0,0,0,0,0,0,0,0,0,0,0,0,327,17004,0,0,0,0
66309.272,16648,60,0,0,0,0,0,8,24525,44,53,0,0,0,0,0,0,0,0,0,0,0,0,0,0,0,0,0,0,0,0,0,0,310,16175,0,0,0,0
66326.114,16842,59,0,0,0,0,0,8,24593,44,53,0,0,0,0,0,0,0,0,0,0,0,0,0,0,0,0,0,0,0,0,0,0,330,16310,0,0,0,0
66343.111,16996,58,0,0,0,0,0,8,24597,44,53,0,0,0,0,0,0,0,0,0,0,0,0,0,0,0,0,0,0,0,0,0,0,325,16198,0,0,0,0
66359.249,16138,61,0,0,0,0,0,8,24492,44,53,0,0,0,0,0,0,0,0,0,0,0,0,0,0,0,0,0,0,0,0,0,0,322,17931,0,0,0,0
66375.656,16406,60,0,0,0,0,0,8,24593,44,53,0,0,0,0,0,0,0,0,0,0,0,0,0,0,0,0,0,0,0,0,0,0,323,16364,0,0,0,0
66392.482,16826,59,0,0,0,0,0,8,24483,44,53,0,0,0,0,0,0,0,0,0,0,0,0,0,0,0,0,0,0,0,0,0,0,300,15945,0,0,0,0
66409.248,16765,59,0,0,0,0,0,8,24570,44,53,0,0,0,0,0,0,0,0,0,0,0,0,0,0,0,0,0,0,0,0,0,0,325,16840,0,0,0,0
66426.121,16862,59,0,0,0,0,0,8,24645,44,53,0,0,0,0,0,0,0,0,0,0,0,0,0,0,0,0,0,0,0,0,0,0,313,17254,0,0,0,0
66442.669,16557,60,0,0,0,0,0,8,24535,44,53,0,0,0,0,0,0,0,0,0,0,0,0,0,0,0,0,0,0,0,0,0,0,304,16728,0,0,0,0
66460.123,17444,57,0,0,0,0,0,8,24563,44,53,0,0,0,0,0,0,0,0,0,0,0,0,0,0,0,0,0,0,0,0,0,0,322,16671,0,0,0,0
66475.273,15160,65,0,0,0,0,0,8,24537,44,53,0,0,0,0,0,0,0,0,0,0,0,0,0,0,0,0,0,0,0,0,0,0,323,17277,0,0,0,0
66493.111,17837,56,0,0,0,0,0,8,24532,44,53,0,0,0,0,0,0,0,0,0,0,0,0,0,0,0,0,0,0,0,0,0,0,317,15181,0,0,0,0
66510.117,17005,58,0,0,0,0,0,8,24569,44,53,0,0,0,0,0,0,0,0,0,0,0,0,0,0,0,0,0,0,0,0,0,0,329,17895,0,0,0,0
66526.264,16147,61,0,0,0,0,0,8,24593,44,53,0,0,0,0,0,0,0,0,0,0,0,0,0,0,0,0,0,0,0,0,0,0,322,17008,0,0,0,0
66543.108,16844,59,0,0,0,0,0,8,24511,44,53,0,0,0,0,0,0,0,0,0,0,0,0,0,0,0,0,0,0,0,0,0,0,316,16113,0,0,0,0
66559.416,16307,61,0,0,0,0,0,8,24538,44,53,0,0,0,0,0,0,0,0,0,0,0,0,0,0,0,0,0,0,0,0,0,0,304,16812,0,0,0,0
66576.122,16695,59,0,0,0,0,0,8,22869,44,53,0,0,0,0,0,0,0,0,0,0,0,0,0,0,0,0,0,0,0,0,0,0,324,16284,0,0,0,0
66593.111,17000,58,0,0,0,0,0,8,22805,44,53,0,0,0,0,0,0,0,0,0,0,0,0,0,0,0,0,0,0,0,0,0,0,341,16781,0,0,0,0
66608.970,15858,63,0,0,0,0,0,8,22829,44,53,0,0,0,0,0,0,0,0,0,0,0,0,0,0,0,0,0,0,0,0,0,0,327,16971,0,0,0,0
66625.651,16680,59,0,0,0,0,0,8,22821,44,53,0,0,0,0,0,0,0,0,0,0,0,0,0,0,0,0,0,0,0,0,0,0,295,15496,0,0,0,0
66642.795,17144,58,0,0,0,0,0,8,22873,44,53,0,0,0,0,0,0,0,0,0,0,0,0,0,0,0,0,0,0,0,0,0,0,333,16704,0,0,0,0
66660.122,17326,57,0,0,0,0,0,8,22770,44,53,0,0,0,0,0,0,0,0,0,0,0,0,0,0,0,0,0,0,0,0,0,0,321,17422,0,0,0,0
66676.112,15990,62,0,0,0,0,0,8,22871,44,53,0,0,0,0,0,0,0,0,0,0,0,0,0,0,0,0,0,0,0,0,0,0,340,17425,0,0,0,0
66693.118,17006,58,0,0,0,0,0,8,22860,44,53,0,0,0,0,0,0,0,0,0,0,0,0,0,0,0,0,0,0,0,0,0,0,311,15064,0,0,0,0
66708.983,15864,63,0,0,0,0,0,8,22773,44,53,0,0,0,0,0,0,0,0,0,0,0,0,0,0,0,0,0,0,0,0,0,0,335,17903,0,0,0,0
66725.614,16631,60,0,0,0,0,0,8,22865,44,53,0,0,0,0,0,0,0,0,0,0,0,0,0,0,0,0,0,0,0,0,0,0,280,15822,0,0,0,0
66742.300,16685,59,0,0,0,0,0,8,22865,44,53,0,0,0,0,0,0,0,0,0,0,0,0,0,0,0,0,0,0,0,0,0,0,304,16587,0,0,0,0
66759.378,17078,58,0,0,0,0,0,8,22781,44,53,0,0,0,0,0,0,0,0,0,0,0,0,0,0,0,0,0,0,0,0,0,0,318,16912,0,0,0,0
66775.638,16259,61,0,0,0,0,0,8,22857,44,53,0,0,0,0,0,0,0,0,0,0,0,0,0,0,0,0,0,0,0,0,0,0,353,17109,0,0,0,0
66793.110,17471,57,0,0,0,0,0,8,22767,44,53,0,0,0,0,0,0,0,0,0,0,0,0,0,0,0,0,0,0,0,0,0,0,294,15779,0,0,0,0
66809.249,16139,61,0,0,0,0,0,8,22834,44,53,0,0,0,0,0,0,0,0,0,0,0,0,0,0,0,0,0,0,0,0,0,0,315,17876,0,0,0,0
66825.650,16400,60,0,0,0,0,0,8,22861,44,53,0,0,0,0,0,0,0,0,0,0,0,0,0,0,0,0,0,0,0,0,0,0,319,15920,0,0,0,0
66843.110,17459,57,0,0,0,0,0,8,22815,44,53,0,0,0,0,0,0,0,0,0,0,0,0,0,0,0,0,0,0,0,0,0,0,325,16421,0,0,0,0
66859.027,15917,62,0,0,0,0,0,8,22827,44,53,0,0,0,0,0,0,0,0,0,0,0,0,0,0,0,0,0,0,0,0,0,0,336,17446,0,0,0,0
66876.246,17219,58,0,0,0,0,0,8,22824,44,53,0,0,0,0,0,0,0,0,0,0,0,0,0,0,0,0,0,0,0,0,0,0,292,15656,0,0,0,0
66893.105,16859,59,0,0,0,0,0,8,22805,44,53,0,0,0,0,0,0,0,0,0,0,0,0,0,0,0,0,0,0,0,0,0,0,328,17459,0,0,0,0
66910.115,17009,58,0,0,0,0,0,8,22825,44,53,0,0,0,0,0,0,0,0,0,0,0,0,0,0,0,0,0,0,0,0,0,0,331,16934,0,0,0,0
66926.254,16139,61,0,0,0,0,0,8,22873,44,53,0,0,0,0,0,0,0,0,0,0,0,0,0,0,0,0,0,0,0,0,0,0,307,16863,0,0,0,0
66942.786,16532,60,0,0,0,0,0,8,22817,44,53,0,0,0,0,0,0,0,0,0,0,0,0,0,0,0,0,0,0,0,0,0,0,317,16295,0,0,0,0
66959.243,16457,60,0,0,0,0,0,8,22911,44,53,0,0,0,0,0,0,0,0,0,0,0,0,0,0,0,0,0,0,0,0,0,0,316,17042,0,0,0,0
66975.622,16378,61,0,0,0,0,0,8,23235,44,53,0,0,0,0,0,0,0,0,0,0,0,0,0,0,0,0,0,0,0,0,0,0,320,17099,0,0,0,0
66992.625,17002,58,0,0,0,0,0,8,22819,44,53,0,0,0,0,0,0,0,0,0,0,0,0,0,0,0,0,0,0,0,0,0,0,303,15371,0,0,0,0
67009.108,16483,60,0,0,0,0,0,8,22942,44,53,0,0,0,0,0,0,0,0,0,0,0,0,0,0,0,0,0,0,0,0,0,0,337,17052,0,0,0,0
67025.799,16691,59,0,0,0,0,0,8,22924,44,53,0,0,0,0,0,0,0,0,0,0,0,0,0,0,0,0,0,0,0,0,0,0,308,16544,0,0,0,0
67042.678,16879,59,0,0,0,0,0,8,22870,44,53,0,0,0,0,0,0,0,0,0,0,0,0,0,0,0,0,0,0,0,0,0,0,328,16180,0,0,0,0
67059.026,16347,61,0,0,0,0,0,8,22760,44,53,0,0,0,0,0,0,0,0,0,0,0,0,0,0,0,0,0,0,0,0,0,0,339,17290,0,0,0,0
67076.252,17226,58,0,0,0,0,0,8,22864,44,53,0,0,0,0,0,0,0,0,0,0,0,0,0,0,0,0,0,0,0,0,0,0,300,15961,0,0,0,0
67092.636,16384,61,0,0,0,0,0,8,22780,44,53,0,0,0,0,0,0,0,0,0,0,0,0,0,0,0,0,0,0,0,0,0,0,343,17544,0,0,0,0
67109.240,16604,60,0,0,0,0,0,8,22783,44,53,0,0,0,0,0,0,0,0,0,0,0,0,0,0,0,0,0,0,0,0,0,0,302,16060,0,0,0,0
67126.088,16848,59,0,0,0,0,0,8,22860,44,53,0,0,0,0,0,0,0,0,0,0,0,0,0,0,0,0,0,0,0,0,0,0,323,16923,0,0,0,0
67142.648,16559,60,0,0,0,0,0,8,22798,44,53,0,0,0,0,0,0,0,0,0,0,0,0,0,0,0,0,0,0,0,0,0,0,325,16677,0,0,0,0
67159.634,16985,58,0,0,0,0,0,8,22826,44,53,0,0,0,0,0,0,0,0,0,0,0,0,0,0,0,0,0,0,0,0,0,0,295,16465,0,0,0,0
67176.240,16606,60,0,0,0,0,0,8,22856,44,53,0,0,0,0,0,0,0,0,0,0,0,0,0,0,0,0,0,0,0,0,0,0,303,16859,0,0,0,0
67193.106,16865,59,0,0,0,0,0,8,22739,44,53,0,0,0,0,0,0,0,0,0,0,0,0,0,0,0,0,0,0,0,0,0,0,346,16982,0,0,0,0
67210.142,17036,58,0,0,0,0,0,8,22836,44,53,0,0,0,0,0,0,0,0,0,0,0,0,0,0,0,0,0,0,0,0,0,0,341,17692,0,0,0,0
67225.815,15673,63,0,0,0,0,0,8,22900,44,53,0,0,0,0,0,0,0,0,0,0,0,0,0,0,0,0,0,0,0,0,0,0,346,16087,0,0,0,0
67243.122,17306,57,0,0,0,0,0,8,22803,44,53,0,0,0,0,0,0,0,0,0,0,0,0,0,0,0,0,0,0,0,0,0,0,356,15537,0,0,0,0
67260.119,16997,58,0,0,0,0,0,8,22824,44,53,0,0,0,0,0,0,0,0,0,0,0,0,0,0,0,0,0,0,0,0,0,0,325,17528,0,0,0,0
67275.701,15582,64,0,0,0,0,0,8,22800,44,53,0,0,0,0,0,0,0,0,0,0,0,0,0,0,0,0,0,0,0,0,0,0,329,16685,0,0,0,0
67292.869,17167,58,0,0,0,0,0,8,22806,44,53,0,0,0,0,0,0,0,0,0,0,0,0,0,0,0,0,0,0,0,0,0,0,297,15558,0,0,0,0
67308.947,16078,62,0,0,0,0,0,8,22822,44,53,0,0,0,0,0,0,0,0,0,0,0,0,0,0,0,0,0,0,0,0,0,0,331,17389,0,0,0,0
67325.648,16700,59,0,0,0,0,0,8,22860,44,53,0,0,0,0,0,0,0,0,0,0,0,0,0,0,0,0,0,0,0,0,0,0,299,15875,0,0,0,0
67343.116,17468,57,0,0,0,0,0,8,24522,44,53,0,0,0,0,0,0,0,0,0,0,0,0,0,0,0,0,0,0,0,0,0,0,311,16717,0,0,0,0
67360.112,16996,58,0,0,0,0,0,8,24516,44,53,0,0,0,0,0,0,0,0,0,0,0,0,0,0,0,0,0,0,0,0,0,0,314,17726,0,0,0,0
67375.617,15504,64,0,0,0,0,0,8,24584,44,53,0,0,0,0,0,0,0,0,0,0,0,0,0,0,0,0,0,0,0,0,0,0,309,16902,0,0,0,0
67392.625,17007,58,0,0,0,0,0,8,24529,44,53,0,0,0,0,0,0,0,0,0,0,0,0,0,0,0,0,0,0,0,0,0,0,309,15355,0,0,0,0
67409.239,16614,60,0,0,0,0,0,8,24554,44,53,0,0,0,0,0,0,0,0,0,0,0,0,0,0,0,0,0,0,0,0,0,0,324,17362,0,0,0,0
67425.682,16442,60,0,0,0,0,0,8,24536,44,53,0,0,0,0,0,0,0,0,0,0,0,0,0,0,0,0,0,0,0,0,0,0,313,16475,0,0,0,0
67443.118,17435,57,0,0,0,0,0,8,24520,44,53,0,0,0,0,0,0,0,0,0,0,0,0,0,0,0,0,0,0,0,0,0,0,333,16216,0,0,0,0
67460.101,16983,58,0,0,0,0,0,8,24568,44,53,0,0,0,0,0,0,0,0,0,0,0,0,0,0,0,0,0,0,0,0,0,0,317,17542,0,0,0,0
67475.791,15689,63,0,0,0,0,0,8,24580,44,53,0,0,0,0,0,0,0,0,0,0,0,0,0,0,0,0,0,0,0,0,0,0,314,17112,0,0,0,0
67492.610,16819,59,0,0,0,0,0,8,24556,44,53,0,0,0,0,0,0,0,0,0,0,0,0,0,0,0,0,0,0,0,0,0,0,324,15922,0,0,0,0
67509.242,16631,60,0,0,0,0,0,8,24515,44,53,0,0,0,0,0,0,0,0,0,0,0,0,0,0,0,0,0,0,0,0,0,0,322,16677,0,0,0,0
67525.756,16514,60,0,0,0,0,0,8,24584,44,53,0,0,0,0,0,0,0,0,0,0,0,0,0,0,0,0,0,0,0,0,0,0,319,16428,0,0,0,0
67543.101,17344,57,0,0,0,0,0,8,24534,44,53,0,0,0,0,0,0,0,0,0,0,0,0,0,0,0,0,0,0,0,0,0,0,301,16355,0,0,0,0
67559.304,16203,61,0,0,0,0,0,8,24553,44,53,0,0,0,0,0,0,0,0,0,0,0,0,0,0,0,0,0,0,0,0,0,0,315,17582,0,0,0,0
67575.679,16374,61,0,0,0,0,0,8,24584,44,53,0,0,0,0,0,0,0,0,0,0,0,0,0,0,0,0,0,0,0,0,0,0,300,16249,0,0,0,0
67593.101,17421,57,0,0,0,0,0,8,24476,44,53,0,0,0,0,0,0,0,0,0,0,0,0,0,0,0,0,0,0,0,0,0,0,320,16082,0,0,0,0
67609.387,16286,61,0,0,0,0,0,8,22832,44,53,0,0,0,0,0,0,0,0,0,0,0,0,0,0,0,0,0,0,0,0,0,0,324,17748,0,0,0,0
67625.781,16394,60,0,0,0,0,0,8,22856,44,53,0,0,0,0,0,0,0,0,0,0,0,0,0,0,0,0,0,0,0,0,0,0,295,16309,0,0,0,0
67643.117,17334,57,0,0,0,0,0,8,22908,44,53,0,0,0,0,0,0,0,0,0,0,0,0,0,0,0,0,0,0,0,0,0,0,303,16564,0,0,0,0
67659.384,16267,61,0,0,0,0,0,8,22759,44,53,0,0,0,0,0,0,0,0,0,0,0,0,0,0,0,0,0,0,0,0,0,0,317,15971,0,0,0,0
67675.780,16395,60,0,0,0,0,0,8,22816,44,53,0,0,0,0,0,0,0,0,0,0,0,0,0,0,0,0,0,0,0,0,0,0,321,17399,0,0,0,0
67693.101,17321,57,0,0,0,0,0,8,22860,44,53,0,0,0,0,0,0,0,0,0,0,0,0,0,0,0,0,0,0,0,0,0,0,300,16039,0,0,0,0
67709.238,16136,61,0,0,0,0,0,8,22758,44,53,0,0,0,0,0,0,0,0,0,0,0,0,0,0,0,0,0,0,0,0,0,0,326,17731,0,0,0,0
67725.791,16553,60,0,0,0,0,0,8,22861,44,53,0,0,0,0,0,0,0,0,0,0,0,0,0,0,0,0,0,0,0,0,0,0,326,16273,0,0,0,0
67742.374,16583,60,0,0,0,0,0,8,22778,44,53,0,0,0,0,0,0,0,0,0,0,0,0,0,0,0,0,0,0,0,0,0,0,300,16047,0,0,0,0
67759.235,16860,59,0,0,0,0,0,8,22816,44,53,0,0,0,0,0,0,0,0,0,0,0,0,0,0,0,0,0,0,0,0,0,0,318,16831,0,0,0,0
67776.039,16803,59,0,0,0,0,0,8,22876,44,53,0,0,0,0,0,0,0,0,0,0,0,0,0,0,0,0,0,0,0,0,0,0,326,16988,0,0,0,0
67792.612,16573,60,0,0,0,0,0,8,22852,44,53,0,0,0,0,0,0,0,0,0,0,0,0,0,0,0,0,0,0,0,0,0,0,309,16917,0,0,0,0
67810.103,17490,57,0,0,0,0,0,8,22839,44,53,0,0,0,0,0,0,0,0,0,0,0,0,0,0,0,0,0,0,0,0,0,0,332,16331,0,0,0,0
67826.105,16002,62,0,0,0,0,0,8,22823,44,53,0,0,0,0,0,0,0,0,0,0,0,0,0,0,0,0,0,0,0,0,0,0,327,17291,0,0,0,0
67842.609,16503,60,0,0,0,0,0,8,22793,44,53,0,0,0,0,0,0,0,0,0,0,0,0,0,0,0,0,0,0,0,0,0,0,302,16370,0,0,0,0
67859.234,16625,60,0,0,0,0,0,8,22851,44,53,0,0,0,0,0,0,0,0,0,0,0,0,0,0,0,0,0,0,0,0,0,0,316,16384,0,0,0,0
67876.243,17009,58,0,0,0,0,0,8,22872,44,53,0,0,0,0,0,0,0,0,0,0,0,0,0,0,0,0,0,0,0,0,0,0,335,16559,0,0,0,0
67892.754,16511,60,0,0,0,0,0,8,22868,44,53,0,0,0,0,0,0,0,0,0,0,0,0,0,0,0,0,0,0,0,0,0,0,337,17711,0,0,0,0
67910.103,17348,57,0,0,0,0,0,8,22728,44,53,0,0,0,0,0,0,0,0,0,0,0,0,0,0,0,0,0,0,0,0,0,0,283,15877,0,0,0,0
67926.103,16000,62,0,0,0,0,0,8,22864,44,53,0,0,0,0,0,0,0,0,0,0,0,0,0,0,0,0,0,0,0,0,0,0,327,17170,0,0,0,0
67943.110,16996,58,0,0,0,0,0,8,24651,44,53,0,0,0,0,0,0,0,0,0,0,0,0,0,0,0,0,0,0,0,0,0,0,326,16258,0,0,0,0
67958.927,15826,63,0,0,0,0,0,8,24503,44,53,0,0,0,0,0,0,0,0,0,0,0,0,0,0,0,0,0,0,0,0,0,0,326,16982,0,0,0,0
67975.639,16712,59,0,0,0,0,0,8,24592,44,53,0,0,0,0,0,0,0,0,0,0,0,0,0,0,0,0,0,0,0,0,0,0,306,15688,0,0,0,0
67993.099,17460,57,0,0,0,0,0,8,24498,44,53,0,0,0,0,0,0,0,0,0,0,0,0,0,0,0,0,0,0,0,0,0,0,323,16564,0,0,0,0
68010.098,16999,58,0,0,0,0,0,8,24557,44,53,0,0,0,0,0,0,0,0,0,0,0,0,0,0,0,0,0,0,0,0,0,0,326,17645,0,0,0,0
68025.780,15681,63,0,0,0,0,0,8,24592,44,53,0,0,0,0,0,0,0,0,0,0,0,0,0,0,0,0,0,0,0,0,0,0,319,17021,0,0,0,0
68043.104,17324,57,0,0,0,0,0,8,24539,44,53,0,0,0,0,0,0,0,0,0,0,0,0,0,0,0,0,0,0,0,0,0,0,292,15552,0,0,0,0
68059.310,16206,61,0,0,0,0,0,8,24569,44,53,0,0,0,0,0,0,0,0,0,0,0,0,0,0,0,0,0,0,0,0,0,0,333,17431,0,0,0,0
68076.103,16792,59,0,0,0,0,0,8,24552,44,53,0,0,0,0,0,0,0,0,0,0,0,0,0,0,0,0,0,0,0,0,0,0,310,16242,0,0,0,0
68092.097,15994,62,0,0,0,0,0,8,24640,44,53,0,0,0,0,0,0,0,0,0,0,0,0,0,0,0,0,0,0,0,0,0,0,308,15788,0,0,0,0
68109.265,17167,58,0,0,0,0,0,8,24507,44,53,0,0,0,0,0,0,0,0,0,0,0,0,0,0,0,0,0,0,0,0,0,0,340,16796,0,0,0,0
68125.681,16416,60,0,0,0,0,0,8,24600,44,53,0,0,0,0,0,0,0,0,0,0,0,0,0,0,0,0,0,0,0,0,0,0,325,17166,0,0,0,0
68143.095,17414,57,0,0,0,0,0,8,24518,44,53,0,0,0,0,0,0,0,0,0,0,0,0,0,0,0,0,0,0,0,0,0,0,323,16308,0,0,0,0
68159.617,16522,60,0,0,0,0,0,8,24541,44,53,0,0,0,0,0,0,0,0,0,0,0,0,0,0,0,0,0,0,0,0,0,0,315,17709,0,0,0,0
68176.176,16558,60,0,0,0,0,0,8,24600,44,53,0,0,0,0,0,0,0,0,0,0,0,0,0,0,0,0,0,0,0,0,0,0,310,16227,0,0,0,0
68193.095,16918,59,0,0,0,0,0,8,24525,44,53,0,0,0,0,0,0,0,0,0,0,0,0,0,0,0,0,0,0,0,0,0,0,327,16841,0,0,0,0
68209.106,16010,62,0,0,0,0,0,8,22843,44,53,0,0,0,0,0,0,0,0,0,0,0,0,0,0,0,0,0,0,0,0,0,0,338,17167,0,0,0,0
68225.811,16705,59,0,0,0,0,0,8,22824,44,53,0,0,0,0,0,0,0,0,0,0,0,0,0,0,0,0,0,0,0,0,0,0,300,15938,0,0,0,0
68242.615,16804,59,0,0,0,0,0,8,22858,44,53,0,0,0,0,0,0,0,0,0,0,0,0,0,0,0,0,0,0,0,0,0,0,287,16659,0,0,0,0
68260.125,17509,57,0,0,0,0,0,8,22841,44,53,0,0,0,0,0,0,0,0,0,0,0,0,0,0,0,0,0,0,0,0,0,0,320,16791,0,0,0,0
68275.665,15539,64,0,0,0,0,0,8,22860,44,53,0,0,0,0,0,0,0,0,0,0,0,0,0,0,0,0,0,0,0,0,0,0,335,17540,0,0,0,0
68293.094,17428,57,0,0,0,0,0,8,22803,44,53,0,0,0,0,0,0,0,0,0,0,0,0,0,0,0,0,0,0,0,0,0,0,295,15518,0,0,0,0
68310.110,17016,58,0,0,0,0,0,8,22792,44,53,0,0,0,0,0,0,0,0,0,0,0,0,0,0,0,0,0,0,0,0,0,0,317,17421,0,0,0,0
68325.652,15542,64,0,0,0,0,0,8,22864,44,53,0,0,0,0,0,0,0,0,0,0,0,0,0,0,0,0,0,0,0,0,0,0,342,17614,0,0,0,0
68342.314,16661,60,0,0,0,0,0,8,22804,44,53,0,0,0,0,0,0,0,0,0,0,0,0,0,0,0,0,0,0,0,0,0,0,281,14599,0,0,0,0
68360.105,17790,56,0,0,0,0,0,8,22848,44,53,0,0,0,0,0,0,0,0,0,0,0,0,0,0,0,0,0,0,0,0,0,0,325,16662,0,0,0,0
68375.784,15679,63,0,0,0,0,0,8,22868,44,53,0,0,0,0,0,0,0,0,0,0,0,0,0,0,0,0,0,0,0,0,0,0,323,17946,0,0,0,0
68393.093,17308,57,0,0,0,0,0,8,24531,44,53,0,0,0,0,0,0,0,0,0,0,0,0,0,0,0,0,0,0,0,0,0,0,318,15816,0,0,0,0
68409.411,16318,61,0,0,0,0,0,8,24579,44,53,0,0,0,0,0,0,0,0,0,0,0,0,0,0,0,0,0,0,0,0,0,0,328,18011,0,0,0,0
68425.648,16237,61,0,0,0,0,0,8,24596,44,53,0,0,0,0,0,0,0,0,0,0,0,0,0,0,0,0,0,0,0,0,0,0,313,15799,0,0,0,0
68442.758,17110,58,0,0,0,0,0,8,24607,44,53,0,0,0,0,0,0,0,0,0,0,0,0,0,0,0,0,0,0,0,0,0,0,308,15850,0,0,0,0
68459.254,16495,60,0,0,0,0,0,8,24504,44,53,0,0,0,0,0,0,0,0,0,0,0,0,0,0,0,0,0,0,0,0,0,0,351,17398,0,0,0,0
68475.801,16547,60,0,0,0,0,0,8,24543,44,53,0,0,0,0,0,0,0,0,0,0,0,0,0,0,0,0,0,0,0,0,0,0,313,16454,0,0,0,0
68493.093,17292,57,0,0,0,0,0,8,24546,44,53,0,0,0,0,0,0,0,0,0,0,0,0,0,0,0,0,0,0,0,0,0,0,326,16264,0,0,0,0
68508.906,15812,63,0,0,0,0,0,8,24562,44,53,0,0,0,0,0,0,0,0,0,0,0,0,0,0,0,0,0,0,0,0,0,0,308,17399,0,0,0,0
68525.782,16875,59,0,0,0,0,0,8,24600,44,53,0,0,0,0,0,0,0,0,0,0,0,0,0,0,0,0,0,0,0,0,0,0,313,15804,0,0,0,0
68543.095,17313,57,0,0,0,0,0,8,24574,44,53,0,0,0,0,0,0,0,0,0,0,0,0,0,0,0,0,0,0,0,0,0,0,290,16907,0,0,0,0
68559.094,15998,62,0,0,0,0,0,8,24533,44,53,0,0,0,0,0,0,0,0,0,0,0,0,0,0,0,0,0,0,0,0,0,0,320,17350,0,0,0,0
68575.675,16581,60,0,0,0,0,0,8,24596,44,53,0,0,0,0,0,0,0,0,0,0,0,0,0,0,0,0,0,0,0,0,0,0,309,15948,0,0,0,0
68592.745,17070,58,0,0,0,0,0,8,24600,44,53,0,0,0,0,0,0,0,0,0,0,0,0,0,0,0,0,0,0,0,0,0,0,287,16336,0,0,0,0
68609.268,16523,60,0,0,0,0,0,8,24504,44,53,0,0,0,0,0,0,0,0,0,0,0,0,0,0,0,0,0,0,0,0,0,0,331,17712,0,0,0,0
68625.643,16374,61,0,0,0,0,0,8,24547,44,53,0,0,0,0,0,0,0,0,0,0,0,0,0,0,0,0,0,0,0,0,0,0,349,16321,0,0,0,0
68642.740,17097,58,0,0,0,0,0,8,24608,44,53,0,0,0,0,0,0,0,0,0,0,0,0,0,0,0,0,0,0,0,0,0,0,287,16057,0,0,0,0
68659.118,16378,61,0,0,0,0,0,8,24504,44,53,0,0,0,0,0,0,0,0,0,0,0,0,0,0,0,0,0,0,0,0,0,0,316,17366,0,0,0,0
68675.613,16482,60,0,0,0,0,0,8,24596,44,53,0,0,0,0,0,0,0,0,0,0,0,0,0,0,0,0,0,0,0,0,0,0,340,16543,0,0,0,0
68692.574,16973,58,0,0,0,0,0,8,24594,44,53,0,0,0,0,0,0,0,0,0,0,0,0,0,0,0,0,0,0,0,0,0,0,297,16321,0,0,0,0
68709.226,16652,60,0,0,0,0,0,8,22781,44,53,0,0,0,0,0,0,0,0,0,0,0,0,0,0,0,0,0,0,0,0,0,0,322,16824,0,0,0,0
68725.657,16431,60,0,0,0,0,0,8,22868,44,53,0,0,0,0,0,0,0,0,0,0,0,0,0,0,0,0,0,0,0,0,0,0,334,16867,0,0,0,0
68742.751,17093,58,0,0,0,0,0,8,22880,44,53,0,0,0,0,0,0,0,0,0,0,0,0,0,0,0,0,0,0,0,0,0,0,298,15984,0,0,0,0
68758.906,16154,61,0,0,0,0,0,8,22772,44,53,0,0,0,0,0,0,0,0,0,0,0,0,0,0,0,0,0,0,0,0,0,0,323,17514,0,0,0,0
68775.625,16719,59,0,0,0,0,0,8,22876,44,53,0,0,0,0,0,0,0,0,0,0,0,0,0,0,0,0,0,0,0,0,0,0,315,15811,0,0,0,0
68792.607,16981,58,0,0,0,0,0,8,22757,44,53,0,0,0,0,0,0,0,0,0,0,0,0,0,0,0,0,0,0,0,0,0,0,312,16677,0,0,0,0
68809.610,17002,58,0,0,0,0,0,8,22846,44,53,0,0,0,0,0,0,0,0,0,0,0,0,0,0,0,0,0,0,0,0,0,0,306,17316,0,0,0,0
68825.275,15665,63,0,0,0,0,0,8,22872,44,53,0,0,0,0,0,0,0,0,0,0,0,0,0,0,0,0,0,0,0,0,0,0,304,16690,0,0,0,0
68842.599,17324,57,0,0,0,0,0,8,22848,44,53,0,0,0,0,0,0,0,0,0,0,0,0,0,0,0,0,0,0,0,0,0,0,343,16233,0,0,0,0
68858.651,16051,62,0,0,0,0,0,8,22847,44,53,0,0,0,0,0,0,0,0,0,0,0,0,0,0,0,0,0,0,0,0,0,0,339,16968,0,0,0,0
68876.613,17961,55,0,0,0,0,0,8,22828,44,53,0,0,0,0,0,0,0,0,0,0,0,0,0,0,0,0,0,0,0,0,0,0,318,15990,0,0,0,0
68892.602,15989,62,0,0,0,0,0,8,22792,44,53,0,0,0,0,0,0,0,0,0,0,0,0,0,0,0,0,0,0,0,0,0,0,309,18240,0,0,0,0
68910.107,17505,57,0,0,0,0,0,8,22852,44,53,0,0,0,0,0,0,0,0,0,0,0,0,0,0,0,0,0,0,0,0,0,0,308,15902,0,0,0,0
68925.677,15570,64,0,0,0,0,0,8,22864,44,53,0,0,0,0,0,0,0,0,0,0,0,0,0,0,0,0,0,0,0,0,0,0,334,17288,0,0,0,0
68942.699,17021,58,0,0,0,0,0,8,22831,44,53,0,0,0,0,0,0,0,0,0,0,0,0,0,0,0,0,0,0,0,0,0,0,309,15465,0,0,0,0
68959.230,16531,60,0,0,0,0,0,8,22778,44,53,0,0,0,0,0,0,0,0,0,0,0,0,0,0,0,0,0,0,0,0,0,0,329,17334,0,0,0,0
68976.235,16996,58,0,0,0,0,0,8,22870,44,53,0,0,0,0,0,0,0,0,0,0,0,0,0,0,0,0,0,0,0,0,0,0,326,16552,0,0,0,0
68992.667,16440,60,0,0,0,0,0,8,22872,44,53,0,0,0,0,0,0,0,0,0,0,0,0,0,0,0,0,0,0,0,0,0,0,316,16910,0,0,0,0
69010.101,17433,57,0,0,0,0,0,8,22779,44,53,0,0,0,0,0,0,0,0,0,0,0,0,0,0,0,0,0,0,0,0,0,0,354,16723,0,0,0,0
69025.683,15582,64,0,0,0,0,0,8,22816,44,53,0,0,0,0,0,0,0,0,0,0,0,0,0,0,0,0,0,0,0,0,0,0,318,17093,0,0,0,0
69043.105,17421,57,0,0,0,0,0,8,22864,44,53,0,0,0,0,0,0,0,0,0,0,0,0,0,0,0,0,0,0,0,0,0,0,312,15475,0,0,0,0
69058.743,15638,63,0,0,0,0,0,8,22788,44,53,0,0,0,0,0,0,0,0,0,0,0,0,0,0,0,0,0,0,0,0,0,0,354,16521,0,0,0,0
69075.657,16913,59,0,0,0,0,0,8,22876,44,53,0,0,0,0,0,0,0,0,0,0,0,0,0,0,0,0,0,0,0,0,0,0,304,16447,0,0,0,0
69092.782,17124,58,0,0,0,0,0,8,22814,44,53,0,0,0,0,0,0,0,0,0,0,0,0,0,0,0,0,0,0,0,0,0,0,297,16785,0,0,0,0
69109.242,16459,60,0,0,0,0,0,8,24520,44,53,0,0,0,0,0,0,0,0,0,0,0,0,0,0,0,0,0,0,0,0,0,0,310,17421,0,0,0,0
69125.779,16537,60,0,0,0,0,0,8,24596,44,53,0,0,0,0,0,0,0,0,0,0,0,0,0,0,0,0,0,0,0,0,0,0,317,16610,0,0,0,0
69143.090,17311,57,0,0,0,0,0,8,24546,44,53,0,0,0,0,0,0,0,0,0,0,0,0,0,0,0,0,0,0,0,0,0,0,310,16168,0,0,0,0
69159.301,16211,61,0,0,0,0,0,8,24561,44,53,0,0,0,0,0,0,0,0,0,0,0,0,0,0,0,0,0,0,0,0,0,0,318,17435,0,0,0,0
69176.237,16935,59,0,0,0,0,0,8,24600,44,53,0,0,0,0,0,0,0,0,0,0,0,0,0,0,0,0,0,0,0,0,0,0,299,16315,0,0,0,0
69192.596,16359,61,0,0,0,0,0,8,24472,44,53,0,0,0,0,0,0,0,0,0,0,0,0,0,0,0,0,0,0,0,0,0,0,325,17016,0,0,0,0
69210.100,17503,57,0,0,0,0,0,8,24580,44,53,0,0,0,0,0,0,0,0,0,0,0,0,0,0,0,0,0,0,0,0,0,0,317,16437,0,0,0,0
69225.800,15699,63,0,0,0,0,0,8,24596,44,53,0,0,0,0,0,0,0,0,0,0,0,0,0,0,0,0,0,0,0,0,0,0,360,17541,0,0,0,0
69242.620,16820,59,0,0,0,0,0,8,24534,44,53,0,0,0,0,0,0,0,0,0,0,0,0,0,0,0,0,0,0,0,0,0,0,327,15693,0,0,0,0
69259.220,16599,60,0,0,0,0,0,8,24561,44,53,0,0,0,0,0,0,0,0,0,0,0,0,0,0,0,0,0,0,0,0,0,0,326,16686,0,0,0,0
69275.602,16382,61,0,0,0,0,0,8,24552,44,53,0,0,0,0,0,0,0,0,0,0,0,0,0,0,0,0,0,0,0,0,0,0,309,16640,0,0,0,0
69292.731,17128,58,0,0,0,0,0,8,24604,44,53,0,0,0,0,0,0,0,0,0,0,0,0,0,0,0,0,0,0,0,0,0,0,319,16332,0,0,0,0
69309.613,16882,59,0,0,0,0,0,8,24499,44,53,0,0,0,0,0,0,0,0,0,0,0,0,0,0,0,0,0,0,0,0,0,0,295,17292,0,0,0,0
69325.661,16048,62,0,0,0,0,0,8,24596,44,53,0,0,0,0,0,0,0,0,0,0,0,0,0,0,0,0,0,0,0,0,0,0,280,16470,0,0,0,0
69342.737,17076,58,0,0,0,0,0,8,24556,44,53,0,0,0,0,0,0,0,0,0,0,0,0,0,0,0,0,0,0,0,0,0,0,290,16137,0,0,0,0
69360.095,17357,57,0,0,0,0,0,8,24501,44,53,0,0,0,0,0,0,0,0,0,0,0,0,0,0,0,0,0,0,0,0,0,0,305,17234,0,0,0,0
69376.231,16136,61,0,0,0,0,0,8,22871,44,53,0,0,0,0,0,0,0,0,0,0,0,0,0,0,0,0,0,0,0,0,0,0,309,17416,0,0,0,0
69393.092,16860,59,0,0,0,0,0,8,22822,44,53,0,0,0,0,0,0,0,0,0,0,0,0,0,0,0,0,0,0,0,0,0,0,323,16242,0,0,0,0
69409.220,16129,62,0,0,0,0,0,8,22825,44,53,0,0,0,0,0,0,0,0,0,0,0,0,0,0,0,0,0,0,0,0,0,0,329,16791,0,0,0,0
69426.230,17000,58,0,0,0,0,0,8,22828,44,53,0,0,0,0,0,0,0,0,0,0,0,0,0,0,0,0,0,0,0,0,0,0,336,16265,0,0,0,0
69443.086,16865,59,0,0,0,0,0,8,22804,44,53,0,0,0,0,0,0,0,0,0,0,0,0,0,0,0,0,0,0,0,0,0,0,325,16815,0,0,0,0
69460.097,17000,58,0,0,0,0,0,8,22855,44,53,0,0,0,0,0,0,0,0,0,0,0,0,0,0,0,0,0,0,0,0,0,0,309,16784,0,0,0,0
69475.980,15893,62,0,0,0,0,0,8,22872,44,53,0,0,0,0,0,0,0,0,0,0,0,0,0,0,0,0,0,0,0,0,0,0,312,16949,0,0,0,0
69492.757,16776,59,0,0,0,0,0,8,22806,44,53,0,0,0,0,0,0,0,0,0,0,0,0,0,0,0,0,0,0,0,0,0,0,318,15938,0,0,0,0
69510.099,17341,57,0,0,0,0,0,8,22786,44,53,0,0,0,0,0,0,0,0,0,0,0,0,0,0,0,0,0,0,0,0,0,0,305,16800,0,0,0,0
69525.659,15559,64,0,0,0,0,0,8,22860,44,53,0,0,0,0,0,0,0,0,0,0,0,0,0,0,0,0,0,0,0,0,0,0,323,17305,0,0,0,0
69542.600,16941,59,0,0,0,0,0,8,22808,44,53,0,0,0,0,0,0,0,0,0,0,0,0,0,0,0,0,0,0,0,0,0,0,304,15438,0,0,0,0
69559.376,16776,59,0,0,0,0,0,8,22843,44,53,0,0,0,0,0,0,0,0,0,0,0,0,0,0,0,0,0,0,0,0,0,0,334,17188,0,0,0,0
69575.757,16380,61,0,0,0,0,0,8,22868,44,53,0,0,0,0,0,0,0,0,0,0,0,0,0,0,0,0,0,0,0,0,0,0,329,16695,0,0,0,0
69593.082,17325,57,0,0,0,0,0,8,22769,44,53,0,0,0,0,0,0,0,0,0,0,0,0,0,0,0,0,0,0,0,0,0,0,305,16369,0,0,0,0
69609.221,16139,61,0,0,0,0,0,8,22838,44,53,0,0,0,0,0,0,0,0,0,0,0,0,0,0,0,0,0,0,0,0,0,0,312,17353,0,0,0,0
69625.630,16408,60,0,0,0,0,0,8,22868,44,53,0,0,0,0,0,0,0,0,0,0,0,0,0,0,0,0,0,0,0,0,0,0,343,16124,0,0,0,0
69642.366,16736,59,0,0,0,0,0,8,22815,44,53,0,0,0,0,0,0,0,0,0,0,0,0,0,0,0,0,0,0,0,0,0,0,306,16111,0,0,0,0
69660.112,17745,56,0,0,0,0,0,8,22841,44,53,0,0,0,0,0,0,0,0,0,0,0,0,0,0,0,0,0,0,0,0,0,0,311,16920,0,0,0,0
69676.083,15971,62,0,0,0,0,0,8,22816,44,53,0,0,0,0,0,0,0,0,0,0,0,0,0,0,0,0,0,0,0,0,0,0,306,17737,0,0,0,0
69692.603,16520,60,0,0,0,0,0,8,22800,44,53,0,0,0,0,0,0,0,0,0,0,0,0,0,0,0,0,0,0,0,0,0,0,317,15211,0,0,0,0
69709.269,16665,60,0,0,0,0,0,8,22843,44,53,0,0,0,0,0,0,0,0,0,0,0,0,0,0,0,0,0,0,0,0,0,0,316,17102,0,0,0,0
69726.229,16950,58,0,0,0,0,0,8,22876,44,53,0,0,0,0,0,0,0,0,0,0,0,0,0,0,0,0,0,0,0,0,0,0,324,16828,0,0,0,0
69742.638,16419,60,0,0,0,0,0,8,22820,44,53,0,0,0,0,0,0,0,0,0,0,0,0,0,0,0,0,0,0,0,0,0,0,329,17075,0,0,0,0
69759.220,16581,60,0,0,0,0,0,8,22775,44,53,0,0,0,0,0,0,0,0,0,0,0,0,0,0,0,0,0,0,0,0,0,0,321,16571,0,0,0,0
69775.679,16459,60,0,0,0,0,0,8,22872,44,53,0,0,0,0,0,0,0,0,0,0,0,0,0,0,0,0,0,0,0,0,0,0,315,16401,0,0,0,0
69792.745,17066,58,0,0,0,0,0,8,22876,44,53,0,0,0,0,0,0,0,0,0,0,0,0,0,0,0,0,0,0,0,0,0,0,294,16221,0,0,0,0
69809.079,16333,61,0,0,0,0,0,8,22780,44,53,0,0,0,0,0,0,0,0,0,0,0,0,0,0,0,0,0,0,0,0,0,0,298,17122,0,0,0,0
69825.669,16589,60,0,0,0,0,0,8,22820,44,53,0,0,0,0,0,0,0,0,0,0,0,0,0,0,0,0,0,0,0,0,0,0,330,16629,0,0,0,0
69842.743,17074,58,0,0,0,0,0,8,22872,44,53,0,0,0,0,0,0,0,0,0,0,0,0,0,0,0,0,0,0,0,0,0,0,297,16129,0,0,0,0
69859.244,16500,60,0,0,0,0,0,8,22787,44,53,0,0,0,0,0,0,0,0,0,0,0,0,0,0,0,0,0,0,0,0,0,0,310,17490,0,0,0,0
69876.088,16844,59,0,0,0,0,0,8,24603,44,53,0,0,0,0,0,0,0,0,0,0,0,0,0,0,0,0,0,0,0,0,0,0,348,16307,0,0,0,0
69893.080,16992,58,0,0,0,0,0,8,24530,44,53,0,0,0,0,0,0,0,0,0,0,0,0,0,0,0,0,0,0,0,0,0,0,342,17151,0,0,0,0
69909.051,15970,62,0,0,0,0,0,8,24521,44,53,0,0,0,0,0,0,0,0,0,0,0,0,0,0,0,0,0,0,0,0,0,0,316,16918,0,0,0,0
69926.088,17036,58,0,0,0,0,0,8,24600,44,53,0,0,0,0,0,0,0,0,0,0,0,0,0,0,0,0,0,0,0,0,0,0,297,15625,0,0,0,0
69942.654,16566,60,0,0,0,0,0,8,24600,44,53,0,0,0,0,0,0,0,0,0,0,0,0,0,0,0,0,0,0,0,0,0,0,337,16310,0,0,0,0
69960.098,17443,57,0,0,0,0,0,8,24504,44,53,0,0,0,0,0,0,0,0,0,0,0,0,0,0,0,0,0,0,0,0,0,0,300,17728,0,0,0,0
69976.603,16504,60,0,0,0,0,0,8,24592,44,53,0,0,0,0,0,0,0,0,0,0,0,0,0,0,0,0,0,0,0,0,0,0,308,17302,0,0,0,0
69993.078,16475,60,0,0,0,0,0,8,24481,44,53,0,0,0,0,0,0,0,0,0,0,0,0,0,0,0,0,0,0,0,0,0,0,323,16317,0,0,0,0
70009.254,16176,61,0,0,0,0,0,8,24570,44,53,0,0,0,0,0,0,0,0,0,0,0,0,0,0,0,0,0,0,0,0,0,0,314,16607,0,0,0,0
70026.255,17000,58,0,0,0,0,0,8,24600,44,53,0,0,0,0,0,0,0,0,0,0,0,0,0,0,0,0,0,0,0,0,0,0,351,16445,0,0,0,0
70042.645,16389,61,0,0,0,0,0,8,24596,44,53,0,0,0,0,0,0,0,0,0,0,0,0,0,0,0,0,0,0,0,0,0,0,309,16831,0,0,0,0
70060.090,17445,57,0,0,0,0,0,8,24502,44,53,0,0,0,0,0,0,0,0,0,0,0,0,0,0,0,0,0,0,0,0,0,0,325,16524,0,0,0,0
70076.221,16131,61,0,0,0,0,0,8,24545,44,53,0,0,0,0,0,0,0,0,0,0,0,0,0,0,0,0,0,0,0,0,0,0,317,17186,0,0,0,0
70092.097,15875,62,0,0,0,0,0,8,24500,44,53,0,0,0,0,0,0,0,0,0,0,0,0,0,0,0,0,0,0,0,0,0,0,290,16149,0,0,0,0
70109.603,17506,57,0,0,0,0,0,8,24600,44,53,0,0,0,0,0,0,0,0,0,0,0,0,0,0,0,0,0,0,0,0,0,0,303,15853,0,0,0,0
70125.761,16158,61,0,0,0,0,0,8,24600,44,53,0,0,0,0,0,0,0,0,0,0,0,0,0,0,0,0,0,0,0,0,0,0,310,17427,0,0,0,0
70142.363,16601,60,0,0,0,0,0,8,22790,44,53,0,0,0,0,0,0,0,0,0,0,0,0,0,0,0,0,0,0,0,0,0,0,326,16043,0,0,0,0
70159.397,17034,58,0,0,0,0,0,8,22813,44,53,0,0,0,0,0,0,0,0,0,0,0,0,0,0,0,0,0,0,0,0,0,0,308,16570,0,0,0,0
70176.080,16682,59,0,0,0,0,0,8,22872,44,53,0,0,0,0,0,0,0,0,0,0,0,0,0,0,0,0,0,0,0,0,0,0,301,17456,0,0,0,0
70192.588,16507,60,0,0,0,0,0,8,22800,44,53,0,0,0,0,0,0,0,0,0,0,0,0,0,0,0,0,0,0,0,0,0,0,328,16585,0,0,0,0
70209.259,16671,59,0,0,0,0,0,8,22844,44,53,0,0,0,0,0,0,0,0,0,0,0,0,0,0,0,0,0,0,0,0,0,0,329,16838,0,0,0,0
70225.797,16538,60,0,0,0,0,0,8,22827,44,53,0,0,0,0,0,0,0,0,0,0,0,0,0,0,0,0,0,0,0,0,0,0,317,16354,0,0,0,0
70242.622,16825,59,0,0,0,0,0,8,22810,44,53,0,0,0,0,0,0,0,0,0,0,0,0,0,0,0,0,0,0,0,0,0,0,297,16193,0,0,0,0
70260.099,17477,57,0,0,0,0,0,8,22842,44,53,0,0,0,0,0,0,0,0,0,0,0,0,0,0,0,0,0,0,0,0,0,0,293,17050,0,0,0,0
70276.223,16123,62,0,0,0,0,0,8,22865,44,53,0,0,0,0,0,0,0,0,0,0,0,0,0,0,0,0,0,0,0,0,0,0,319,17528,0,0,0,0
70293.076,16853,59,0,0,0,0,0,8,22804,44,53,0,0,0,0,0,0,0,0,0,0,0,0,0,0,0,0,0,0,0,0,0,0,326,16229,0,0,0,0
70308.994,15918,62,0,0,0,0,0,8,22798,44,53,0,0,0,0,0,0,0,0,0,0,0,0,0,0,0,0,0,0,0,0,0,0,339,16868,0,0,0,0
70326.076,17082,58,0,0,0,0,0,8,22868,44,53,0,0,0,0,0,0,0,0,0,0,0,0,0,0,0,0,0,0,0,0,0,0,316,15630,0,0,0,0
70343.079,17002,58,0,0,0,0,0,8,22814,44,53,0,0,0,0,0,0,0,0,0,0,0,0,0,0,0,0,0,0,0,0,0,0,311,16163,0,0,0,0
70359.251,16172,61,0,0,0,0,0,8,22890,44,53,0,0,0,0,0,0,0,0,0,0,0,0,0,0,0,0,0,0,0,0,0,0,340,18359,0,0,0,0
70375.759,16507,60,0,0,0,0,0,8,24682,44,53,0,0,0,0,0,0,0,0,0,0,0,0,0,0,0,0,0,0,0,0,0,0,307,16076,0,0,0,0
70392.771,17011,58,0,0,0,0,0,8,309,44,53,0,0,0,0,0,0,0,0,0,0,0,0,0,0,0,0,0,0,0,0,0,0,0,0,0,0,0,0
70945.299,552528,1,0,0,0,0,0,8,2016555,59,57,0,0,0,0,0,0,0,0,0,0,0,0,0,0,0,0,0,0,0,0,0,0,309633,581235,0,0,0,0
70955.086,9786,102,0,0,0,0,0,8,972,5,57,0,0,0,0,0,0,0,0,0,0,0,0,0,0,0,0,0,0,0,0,0,0,217,1737,0,0,0,0
70972.215,17130,58,0,0,0,0,0,8,553,5,57,0,0,0,0,0,0,0,0,0,0,0,0,0,0,0,0,0,0,0,0,0,0,179,9732,0,0,0,0
70988.358,16142,61,0,0,0,0,0,8,463,5,57,0,0,0,0,0,0,0,0,0,0,0,0,0,0,0,0,0,0,0,0,0,0,233,17093,0,0,0,0
71005.611,17252,57,0,0,0,0,0,8,496,5,57,0,0,0,0,0,0,0,0,0,0,0,0,0,0,0,0,0,0,0,0,0,0,239,16351,0,0,0,0
71021.668,16057,62,0,0,0,0,0,8,523,5,57,0,0,0,0,0,0,0,0,0,0,0,0,0,0,0,0,0,0,0,0,0,0,224,17453,0,0,0,0
71038.599,16930,59,0,0,0,0,0,8,460,5,57,0,0,0,0,0,0,0,0,0,0,0,0,0,0,0,0,0,0,0,0,0,0,232,16006,0,0,0,0
71055.081,16482,60,0,0,0,0,0,8,529,5,57,0,0,0,0,0,0,0,0,0,0,0,0,0,0,0,0,0,0,0,0,0,0,226,16546,0,0,0,0
71072.206,17124,58,0,0,0,0,0,8,526,5,57,0,0,0,0,0,0,0,0,0,0,0,0,0,0,0,0,0,0,0,0,0,0,244,16519,0,0,0,0
71088.795,16589,60,0,0,0,0,0,8,436,5,57,0,0,0,0,0,0,0,0,0,0,0,0,0,0,0,0,0,0,0,0,0,0,236,17085,0,0,0,0
71105.399,16603,60,0,0,0,0,0,8,525,5,57,0,0,0,0,0,0,0,0,0,0,0,0,0,0,0,0,0,0,0,0,0,0,227,16851,0,0,0,0
71121.885,16486,60,0,0,0,0,0,8,527,5,57,0,0,0,0,0,0,0,0,0,0,0,0,0,0,0,0,0,0,0,0,0,0,231,16349,0,0,0,0
71139.075,17189,58,0,0,0,0,0,8,466,5,57,0,0,0,0,0,0,0,0,0,0,0,0,0,0,0,0,0,0,0,0,0,0,222,16497,0,0,0,0
71155.282,16207,61,0,0,0,0,0,8,534,5,57,0,0,0,0,0,0,0,0,0,0,0,0,0,0,0,0,0,0,0,0,0,0,231,17239,0,0,0,0
71171.664,16382,61,0,0,0,0,0,8,493,5,57,0,0,0,0,0,0,0,0,0,0,0,0,0,0,0,0,0,0,0,0,0,0,225,16160,0,0,0,0
71189.621,17955,55,0,0,0,0,0,8,493,5,57,0,0,0,0,0,0,0,0,0,0,0,0,0,0,0,0,0,0,0,0,0,0,222,16419,0,0,0,0
71204.868,15247,65,0,0,0,0,0,8,501,5,57,0,0,0,0,0,0,0,0,0,0,0,0,0,0,0,0,0,0,0,0,0,0,219,17891,0,0,0,0
71222.172,17303,57,0,0,0,0,0,8,529,5,57,0,0,0,0,0,0,0,0,0,0,0,0,0,0,0,0,0,0,0,0,0,0,205,15187,0,0,0,0
71238.747,16575,60,0,0,0,0,0,8,464,5,57,0,0,0,0,0,0,0,0,0,0,0,0,0,0,0,0,0,0,0,0,0,0,244,17394,0,0,0,0
71254.874,16125,62,0,0,0,0,0,8,489,5,57,0,0,0,0,0,0,0,0,0,0,0,0,0,0,0,0,0,0,0,0,0,0,236,16596,0,0,0,0
71271.730,16856,59,0,0,0,0,0,8,531,5,57,0,0,0,0,0,0,0,0,0,0,0,0,0,0,0,0,0,0,0,0,0,0,197,15961,0,0,0,0
71288.812,17082,58,0,0,0,0,0,8,469,5,57,0,0,0,0,0,0,0,0,0,0,0,0,0,0,0,0,0,0,0,0,0,0,233,17222,0,0,0,0
71305.218,16406,60,0,0,0,0,0,8,526,5,57,0,0,0,0,0,0,0,0,0,0,0,0,0,0,0,0,0,0,0,0,0,0,207,16925,0,0,0,0
71322.182,16963,58,0,0,0,0,0,8,491,5,57,0,0,0,0,0,0,0,0,0,0,0,0,0,0,0,0,0,0,0,0,0,0,232,16347,0,0,0,0
71338.799,16617,60,0,0,0,0,0,8,465,5,57,0,0,0,0,0,0,0,0,0,0,0,0,0,0,0,0,0,0,0,0,0,0,235,16941,0,0,0,0
71355.583,16784,59,0,0,0,0,0,8,526,5,57,0,0,0,0,0,0,0,0,0,0,0,0,0,0,0,0,0,0,0,0,0,0,227,16878,0,0,0,0
71372.207,16623,60,0,0,0,0,0,8,522,5,57,0,0,0,0,0,0,0,0,0,0,0,0,0,0,0,0,0,0,0,0,0,0,231,16983,0,0,0,0
71388.747,16539,60,0,0,0,0,0,8,458,5,57,0,0,0,0,0,0,0,0,0,0,0,0,0,0,0,0,0,0,0,0,0,0,232,16196,0,0,0,0
71406.068,17321,57,0,0,0,0,0,8,495,5,57,0,0,0,0,0,0,0,0,0,0,0,0,0,0,0,0,0,0,0,0,0,0,220,16844,0,0,0,0
71423.085,17016,58,0,0,0,0,0,8,538,5,57,0,0,0,0,0,0,0,0,0,0,0,0,0,0,0,0,0,0,0,0,0,0,248,17096,0,0,0,0
71438.804,15719,63,0,0,0,0,0,8,463,5,57,0,0,0,0,0,0,0,0,0,0,0,0,0,0,0,0,0,0,0,0,0,0,214,16841,0,0,0,0
71455.584,16780,59,0,0,0,0,0,8,526,5,57,0,0,0,0,0,0,0,0,0,0,0,0,0,0,0,0,0,0,0,0,0,0,212,15811,0,0,0,0
71471.941,16357,61,0,0,0,0,0,8,530,5,57,0,0,0,0,0,0,0,0,0,0,0,0,0,0,0,0,0,0,0,0,0,0,216,16766,0,0,0,0
71488.771,16829,59,0,0,0,0,0,8,428,5,57,0,0,0,0,0,0,0,0,0,0,0,0,0,0,0,0,0,0,0,0,0,0,233,16351,0,0,0,0
71505.249,16477,60,0,0,0,0,0,8,526,5,57,0,0,0,0,0,0,0,0,0,0,0,0,0,0,0,0,0,0,0,0,0,0,229,17148,0,0,0,0
71521.950,16701,59,0,0,0,0,0,8,528,5,57,0,0,0,0,0,0,0,0,0,0,0,0,0,0,0,0,0,0,0,0,0,0,205,16087,0,0,0,0
71538.876,16926,59,0,0,0,0,0,8,471,5,57,0,0,0,0,0,0,0,0,0,0,0,0,0,0,0,0,0,0,0,0,0,0,239,16761,0,0,0,0
71554.805,15929,62,0,0,0,0,0,8,519,5,57,0,0,0,0,0,0,0,0,0,0,0,0,0,0,0,0,0,0,0,0,0,0,255,17150,0,0,0,0
71571.796,16991,58,0,0,0,0,0,8,493,5,57,0,0,0,0,0,0,0,0,0,0,0,0,0,0,0,0,0,0,0,0,0,0,239,15939,0,0,0,0
71589.588,17791,56,0,0,0,0,0,8,497,5,57,0,0,0,0,0,0,0,0,0,0,0,0,0,0,0,0,0,0,0,0,0,0,216,16983,0,0,0,0
71605.389,15800,63,0,0,0,0,0,8,494,5,57,0,0,0,0,0,0,0,0,0,0,0,0,0,0,0,0,0,0,0,0,0,0,247,17678,0,0,0,0
71622.266,16877,59,0,0,0,0,0,8,522,5,57,0,0,0,0,0,0,0,0,0,0,0,0,0,0,0,0,0,0,0,0,0,0,263,15852,0,0,0,0
71638.818,16551,60,0,0,0,0,0,8,471,5,57,0,0,0,0,0,0,0,0,0,0,0,0,0,0,0,0,0,0,0,0,0,0,196,16597,0,0,0,0
71656.065,17246,57,0,0,0,0,0,8,490,5,57,0,0,0,0,0,0,0,0,0,0,0,0,0,0,0,0,0,0,0,0,0,0,232,16923,0,0,0,0
71672.200,16135,61,0,0,0,0,0,8,522,5,57,0,0,0,0,0,0,0,0,0,0,0,0,0,0,0,0,0,0,0,0,0,0,235,17042,0,0,0,0
71688.619,16418,60,0,0,0,0,0,8,475,5,57,0,0,0,0,0,0,0,0,0,0,0,0,0,0,0,0,0,0,0,0,0,0,237,16156,0,0,0,0
71706.065,17445,57,0,0,0,0,0,8,529,5,57,0,0,0,0,0,0,0,0,0,0,0,0,0,0,0,0,0,0,0,0,0,0,213,16376,0,0,0,0
71722.201,16135,61,0,0,0,0,0,8,492,5,57,0,0,0,0,0,0,0,0,0,0,0,0,0,0,0,0,0,0,0,0,0,0,227,17529,0,0,0,0
71738.674,16472,60,0,0,0,0,0,8,464,5,57,0,0,0,0,0,0,0,0,0,0,0,0,0,0,0,0,0,0,0,0,0,0,223,16056,0,0,0,0
71756.068,17394,57,0,0,0,0,0,8,529,5,57,0,0,0,0,0,0,0,0,0,0,0,0,0,0,0,0,0,0,0,0,0,0,224,16855,0,0,0,0
71772.202,16133,61,0,0,0,0,0,8,521,5,57,0,0,0,0,0,0,0,0,0,0,0,0,0,0,0,0,0,0,0,0,0,0,226,17001,0,0,0,0
71788.588,16386,61,0,0,0,0,0,8,467,5,57,0,0,0,0,0,0,0,0,0,0,0,0,0,0,0,0,0,0,0,0,0,0,206,16123,0,0,0,0
71805.578,16990,58,0,0,0,0,0,8,492,5,57,0,0,0,0,0,0,0,0,0,0,0,0,0,0,0,0,0,0,0,0,0,0,231,16398,0,0,0,0
71822.033,16455,60,0,0,0,0,0,8,535,5,57,0,0,0,0,0,0,0,0,0,0,0,0,0,0,0,0,0,0,0,0,0,0,269,17098,0,0,0,0
71838.091,16058,62,0,0,0,0,0,8,480,5,57,0,0,0,0,0,0,0,0,0,0,0,0,0,0,0,0,0,0,0,0,0,0,225,16400,0,0,0,0
71856.062,17971,55,0,0,0,0,0,8,528,5,57,0,0,0,0,0,0,0,0,0,0,0,0,0,0,0,0,0,0,0,0,0,0,239,16063,0,0,0,0
71871.790,15727,63,0,0,0,0,0,8,529,5,57,0,0,0,0,0,0,0,0,0,0,0,0,0,0,0,0,0,0,0,0,0,0,234,17920,0,0,0,0
71889.585,17795,56,0,0,0,0,0,8,466,5,57,0,0,0,0,0,0,0,0,0,0,0,0,0,0,0,0,0,0,0,0,0,0,215,15615,0,0,0,0
71905.413,15828,63,0,0,0,0,0,8,498,5,57,0,0,0,0,0,0,0,0,0,0,0,0,0,0,0,0,0,0,0,0,0,0,237,17880,0,0,0,0
71922.234,16820,59,0,0,0,0,0,8,527,5,57,0,0,0,0,0,0,0,0,0,0,0,0,0,0,0,0,0,0,0,0,0,0,205,15747,0,0,0,0
71938.707,16473,60,0,0,0,0,0,8,458,5,57,0,0,0,0,0,0,0,0,0,0,0,0,0,0,0,0,0,0,0,0,0,0,218,16847,0,0,0,0
71954.842,16134,61,0,0,0,0,0,8,524,5,57,0,0,0,0,0,0,0,0,0,0,0,0,0,0,0,0,0,0,0,0,0,0,232,16897,0,0,0,0
71972.202,17359,57,0,0,0,0,0,8,500,5,57,0,0,0,0,0,0,0,0,0,0,0,0,0,0,0,0,0,0,0,0,0,0,230,15787,0,0,0,0
71989.587,17385,57,0,0,0,0,0,8,511,5,57,0,0,0,0,0,0,0,0,0,0,0,0,0,0,0,0,0,0,0,0,0,0,231,17411,0,0,0,0
72006.063,16476,60,0,0,0,0,0,8,494,5,57,0,0,0,0,0,0,0,0,0,0,0,0,0,0,0,0,0,0,0,0,0,0,252,17334,0,0,0,0
72021.893,15829,63,0,0,0,0,0,8,526,5,57,0,0,0,0,0,0,0,0,0,0,0,0,0,0,0,0,0,0,0,0,0,0,233,16518,0,0,0,0
72038.597,16704,59,0,0,0,0,0,8,463,5,57,0,0,0,0,0,0,0,0,0,0,0,0,0,0,0,0,0,0,0,0,0,0,230,15674,0,0,0,0
72055.610,17013,58,0,0,0,0,0,8,501,5,57,0,0,0,0,0,0,0,0,0,0,0,0,0,0,0,0,0,0,0,0,0,0,232,16775,0,0,0,0
72072.091,16481,60,0,0,0,0,0,8,530,5,57,0,0,0,0,0,0,0,0,0,0,0,0,0,0,0,0,0,0,0,0,0,0,219,17030,0,0,0,0
72088.429,16338,61,0,0,0,0,0,8,463,5,57,0,0,0,0,0,0,0,0,0,0,0,0,0,0,0,0,0,0,0,0,0,0,224,16497,0,0,0,0
72106.060,17630,56,0,0,0,0,0,8,529,5,57,0,0,0,0,0,0,0,0,0,0,0,0,0,0,0,0,0,0,0,0,0,0,234,16354,0,0,0,0
72121.766,15705,63,0,0,0,0,0,8,491,5,57,0,0,0,0,0,0,0,0,0,0,0,0,0,0,0,0,0,0,0,0,0,0,245,17634,0,0,0,0
72138.605,16838,59,0,0,0,0,0,8,481,5,57,0,0,0,0,0,0,0,0,0,0,0,0,0,0,0,0,0,0,0,0,0,0,219,15737,0,0,0,0
72155.579,16974,58,0,0,0,0,0,8,537,5,57,0,0,0,0,0,0,0,0,0,0,0,0,0,0,0,0,0,0,0,0,0,0,224,16782,0,0,0,0
72171.902,16323,61,0,0,0,0,0,8,529,5,57,0,0,0,0,0,0,0,0,0,0,0,0,0,0,0,0,0,0,0,0,0,0,219,16983,0,0,0,0
72189.585,17682,56,0,0,0,0,0,8,498,5,57,0,0,0,0,0,0,0,0,0,0,0,0,0,0,0,0,0,0,0,0,0,0,227,16309,0,0,0,0
72206.064,16478,60,0,0,0,0,0,8,467,5,57,0,0,0,0,0,0,0,0,0,0,0,0,0,0,0,0,0,0,0,0,0,0,222,17763,0,0,0,0
72221.820,15755,63,0,0,0,0,0,8,528,5,57,0,0,0,0,0,0,0,0,0,0,0,0,0,0,0,0,0,0,0,0,0,0,223,16416,0,0,0,0
72238.594,16774,59,0,0,0,0,0,8,465,5,57,0,0,0,0,0,0,0,0,0,0,0,0,0,0,0,0,0,0,0,0,0,0,243,15754,0,0,0,0
72255.642,17048,58,0,0,0,0,0,8,527,5,57,0,0,0,0,0,0,0,0,0,0,0,0,0,0,0,0,0,0,0,0,0,0,208,16731,0,0,0,0
72271.648,16005,62,0,0,0,0,0,8,525,5,57,0,0,0,0,0,0,0,0,0,0,0,0,0,0,0,0,0,0,0,0,0,0,227,17053,0,0,0,0
72288.573,16925,59,0,0,0,0,0,8,449,5,57,0,0,0,0,0,0,0,0,0,0,0,0,0,0,0,0,0,0,0,0,0,0,225,15957,0,0,0,0
72304.952,16379,61,0,0,0,0,0,8,526,5,57,0,0,0,0,0,0,0,0,0,0,0,0,0,0,0,0,0,0,0,0,0,0,229,17001,0,0,0,0
72323.064,18111,55,0,0,0,0,0,8,525,5,57,0,0,0,0,0,0,0,0,0,0,0,0,0,0,0,0,0,0,0,0,0,0,239,16435,0,0,0,0
72338.863,15799,63,0,0,0,0,0,8,463,5,57,0,0,0,0,0,0,0,0,0,0,0,0,0,0,0,0,0,0,0,0,0,0,239,18102,0,0,0,0
72356.073,17210,58,0,0,0,0,0,8,533,5,57,0,0,0,0,0,0,0,0,0,0,0,0,0,0,0,0,0,0,0,0,0,0,203,15622,0,0,0,0
72372.189,16115,62,0,0,0,0,0,8,497,5,57,0,0,0,0,0,0,0,0,0,0,0,0,0,0,0,0,0,0,0,0,0,0,240,17341,0,0,0,0
72388.596,16407,60,0,0,0,0,0,8,458,5,57,0,0,0,0,0,0,0,0,0,0,0,0,0,0,0,0,0,0,0,0,0,0,221,16120,0,0,0,0
72405.199,16602,60,0,0,0,0,0,8,529,5,57,0,0,0,0,0,0,0,0,0,0,0,0,0,0,0,0,0,0,0,0,0,0,224,16463,0,0,0,0
72422.195,16996,58,0,0,0,0,0,8,531,5,57,0,0,0,0,0,0,0,0,0,0,0,0,0,0,0,0,0,0,0,0,0,0,250,16564,0,0,0,0
72438.131,15936,62,0,0,0,0,0,8,476,5,57,0,0,0,0,0,0,0,0,0,0,0,0,0,0,0,0,0,0,0,0,0,0,233,17080,0,0,0,0
72454.825,16693,59,0,0,0,0,0,8,492,5,57,0,0,0,0,0,0,0,0,0,0,0,0,0,0,0,0,0,0,0,0,0,0,244,15907,0,0,0,0
72471.785,16960,58,0,0,0,0,0,8,528,5,57,0,0,0,0,0,0,0,0,0,0,0,0,0,0,0,0,0,0,0,0,0,0,235,16808,0,0,0,0
72488.406,16621,60,0,0,0,0,0,8,466,5,57,0,0,0,0,0,0,0,0,0,0,0,0,0,0,0,0,0,0,0,0,0,0,238,16760,0,0,0,0
72506.071,17665,56,0,0,0,0,0,8,530,5,57,0,0,0,0,0,0,0,0,0,0,0,0,0,0,0,0,0,0,0,0,0,0,240,17247,0,0,0,0
72522.197,16125,62,0,0,0,0,0,8,492,5,57,0,0,0,0,0,0,0,0,0,0,0,0,0,0,0,0,0,0,0,0,0,0,240,17055,0,0,0,0
72538.065,15868,63,0,0,0,0,0,8,457,5,57,0,0,0,0,0,0,0,0,0,0,0,0,0,0,0,0,0,0,0,0,0,0,222,16130,0,0,0,0
72556.064,17998,55,0,0,0,0,0,8,534,5,57,0,0,0,0,0,0,0,0,0,0,0,0,0,0,0,0,0,0,0,0,0,0,226,15957,0,0,0,0
72571.596,15531,64,0,0,0,0,0,8,529,5,57,0,0,0,0,0,0,0,0,0,0,0,0,0,0,0,0,0,0,0,0,0,0,238,17896,0,0,0,0
72588.693,17097,58,0,0,0,0,0,8,478,5,57,0,0,0,0,0,0,0,0,0,0,0,0,0,0,0,0,0,0,0,0,0,0,219,15544,0,0,0,0
72605.463,16769,59,0,0,0,0,0,8,488,5,57,0,0,0,0,0,0,0,0,0,0,0,0,0,0,0,0,0,0,0,0,0,0,243,17418,0,0,0,0
72622.670,17206,58,0,0,0,0,0,8,534,5,57,0,0,0,0,0,0,0,0,0,0,0,0,0,0,0,0,0,0,0,0,0,0,224,16390,0,0,0,0
72638.804,16134,61,0,0,0,0,0,8,463,5,57,0,0,0,0,0,0,0,0,0,0,0,0,0,0,0,0,0,0,0,0,0,0,234,17254,0,0,0,0
72655.561,16757,59,0,0,0,0,0,8,527,5,57,0,0,0,0,0,0,0,0,0,0,0,0,0,0,0,0,0,0,0,0,0,0,222,16273,0,0,0,0
72671.812,16250,61,0,0,0,0,0,8,528,5,57,0,0,0,0,0,0,0,0,0,0,0,0,0,0,0,0,0,0,0,0,0,0,232,16686,0,0,0,0
72688.568,16755,59,0,0,0,0,0,8,432,5,57,0,0,0,0,0,0,0,0,0,0,0,0,0,0,0,0,0,0,0,0,0,0,216,16180,0,0,0,0
72705.591,17023,58,0,0,0,0,0,8,529,5,57,0,0,0,0,0,0,0,0,0,0,0,0,0,0,0,0,0,0,0,0,0,0,222,16817,0,0,0,0
72722.200,16609,60,0,0,0,0,0,8,526,5,57,0,0,0,0,0,0,0,0,0,0,0,0,0,0,0,0,0,0,0,0,0,0,232,17027,0,0,0,0
72739.070,16870,59,0,0,0,0,0,8,476,5,57,0,0,0,0,0,0,0,0,0,0,0,0,0,0,0,0,0,0,0,0,0,0,228,16607,0,0,0,0
72755.189,16119,62,0,0,0,0,0,8,522,5,57,0,0,0,0,0,0,0,0,0,0,0,0,0,0,0,0,0,0,0,0,0,0,211,16721,0,0,0,0
72772.057,16867,59,0,0,0,0,0,8,501,5,57,0,0,0,0,0,0,0,0,0,0,0,0,0,0,0,0,0,0,0,0,0,0,256,16230,0,0,0,0
72788.433,16376,61,0,0,0,0,0,8,463,5,57,0,0,0,0,0,0,0,0,0,0,0,0,0,0,0,0,0,0,0,0,0,0,223,16834,0,0,0,0
72805.085,16651,60,0,0,0,0,0,8,521,5,57,0,0,0,0,0,0,0,0,0,0,0,0,0,0,0,0,0,0,0,0,0,0,238,16425,0,0,0,0
72821.774,16689,59,0,0,0,0,0,8,526,5,57,0,0,0,0,0,0,0,0,0,0,0,0,0,0,0,0,0,0,0,0,0,0,228,16602,0,0,0,0
72838.905,17131,58,0,0,0,0,0,8,465,5,57,0,0,0,0,0,0,0,0,0,0,0,0,0,0,0,0,0,0,0,0,0,0,244,16688,0,0,0,0
72855.690,16784,59,0,0,0,0,0,8,493,5,57,0,0,0,0,0,0,0,0,0,0,0,0,0,0,0,0,0,0,0,0,0,0,224,17066,0,0,0,0
72871.981,16291,61,0,0,0,0,0,8,532,5,57,0,0,0,0,0,0,0,0,0,0,0,0,0,0,0,0,0,0,0,0,0,0,232,16834,0,0,0,0
72889.059,17077,58,0,0,0,0,0,8,483,5,57,0,0,0,0,0,0,0,0,0,0,0,0,0,0,0,0,0,0,0,0,0,0,239,16373,0,0,0,0
72905.443,16383,61,0,0,0,0,0,8,523,5,57,0,0,0,0,0,0,0,0,0,0,0,0,0,0,0,0,0,0,0,0,0,0,228,17017,0,0,0,0
72921.877,16434,60,0,0,0,0,0,8,494,5,57,0,0,0,0,0,0,0,0,0,0,0,0,0,0,0,0,0,0,0,0,0,0,233,16415,0,0,0,0
72938.066,16189,61,0,0,0,0,0,8,466,5,57,0,0,0,0,0,0,0,0,0,0,0,0,0,0,0,0,0,0,0,0,0,0,220,16529,0,0,0,0
72956.054,17987,55,0,0,0,0,0,8,527,5,57,0,0,0,0,0,0,0,0,0,0,0,0,0,0,0,0,0,0,0,0,0,0,235,16252,0,0,0,0
72972.006,15952,62,0,0,0,0,0,8,531,5,57,0,0,0,0,0,0,0,0,0,0,0,0,0,0,0,0,0,0,0,0,0,0,229,17807,0,0,0,0
72988.125,16118,62,0,0,0,0,0,8,464,5,57,0,0,0,0,0,0,0,0,0,0,0,0,0,0,0,0,0,0,0,0,0,0,220,15925,0,0,0,0
73005.678,17553,56,0,0,0,0,0,8,502,5,57,0,0,0,0,0,0,0,0,0,0,0,0,0,0,0,0,0,0,0,0,0,0,220,16068,0,0,0,0
73022.216,16537,60,0,0,0,0,0,8,526,5,57,0,0,0,0,0,0,0,0,0,0,0,0,0,0,0,0,0,0,0,0,0,0,244,17590,0,0,0,0
73038.811,16594,60,0,0,0,0,0,8,480,5,57,0,0,0,0,0,0,0,0,0,0,0,0,0,0,0,0,0,0,0,0,0,0,260,17002,0,0,0,0
73055.571,16760,59,0,0,0,0,0,8,526,5,57,0,0,0,0,0,0,0,0,0,0,0,0,0,0,0,0,0,0,0,0,0,0,194,16008,0,0,0,0
73071.911,16340,61,0,0,0,0,0,8,529,5,57,0,0,0,0,0,0,0,0,0,0,0,0,0,0,0,0,0,0,0,0,0,0,211,16916,0,0,0,0
73088.395,16484,60,0,0,0,0,0,8,435,5,57,0,0,0,0,0,0,0,0,0,0,0,0,0,0,0,0,0,0,0,0,0,0,217,16328,0,0,0,0
73105.298,16902,59,0,0,0,0,0,8,526,5,57,0,0,0,0,0,0,0,0,0,0,0,0,0,0,0,0,0,0,0,0,0,0,251,16509,0,0,0,0
73121.932,16633,60,0,0,0,0,0,8,531,5,57,0,0,0,0,0,0,0,0,0,0,0,0,0,0,0,0,0,0,0,0,0,0,226,16843,0,0,0,0
73138.569,16637,60,0,0,0,0,0,8,462,5,57,0,0,0,0,0,0,0,0,0,0,0,0,0,0,0,0,0,0,0,0,0,0,227,16661,0,0,0,0
73155.201,16631,60,0,0,0,0,0,8,528,5,57,0,0,0,0,0,0,0,0,0,0,0,0,0,0,0,0,0,0,0,0,0,0,197,17057,0,0,0,0
73172.190,16988,58,0,0,0,0,0,8,504,5,57,0,0,0,0,0,0,0,0,0,0,0,0,0,0,0,0,0,0,0,0,0,0,227,16278,0,0,0,0
73188.559,16369,61,0,0,0,0,0,8,464,5,57,0,0,0,0,0,0,0,0,0,0,0,0,0,0,0,0,0,0,0,0,0,0,219,16924,0,0,0,0
73205.569,17010,58,0,0,0,0,0,8,527,5,57,0,0,0,0,0,0,0,0,0,0,0,0,0,0,0,0,0,0,0,0,0,0,217,16365,0,0,0,0
73222.584,17015,58,0,0,0,0,0,8,530,5,57,0,0,0,0,0,0,0,0,0,0,0,0,0,0,0,0,0,0,0,0,0,0,223,17041,0,0,0,0
73238.775,16190,61,0,0,0,0,0,8,461,5,57,0,0,0,0,0,0,0,0,0,0,0,0,0,0,0,0,0,0,0,0,0,0,274,17075,0,0,0,0
73255.199,16413,60,0,0,0,0,0,8,518,5,57,0,0,0,0,0,0,0,0,0,0,0,0,0,0,0,0,0,0,0,0,0,0,214,16090,0,0,0,0
73271.892,16704,59,0,0,0,0,0,8,530,5,57,0,0,0,0,0,0,0,0,0,0,0,0,0,0,0,0,0,0,0,0,0,0,220,16437,0,0,0,0
73288.572,16680,59,0,0,0,0,0,8,466,5,57,0,0,0,0,0,0,0,0,0,0,0,0,0,0,0,0,0,0,0,0,0,0,228,16798,0,0,0,0
73305.567,16995,58,0,0,0,0,0,8,526,5,57,0,0,0,0,0,0,0,0,0,0,0,0,0,0,0,0,0,0,0,0,0,0,215,16548,0,0,0,0
73323.054,17486,57,0,0,0,0,0,8,501,5,57,0,0,0,0,0,0,0,0,0,0,0,0,0,0,0,0,0,0,0,0,0,0,231,17059,0,0,0,0
73338.597,15543,64,0,0,0,0,0,8,460,5,57,0,0,0,0,0,0,0,0,0,0,0,0,0,0,0,0,0,0,0,0,0,0,233,17435,0,0,0,0
73355.638,17040,58,0,0,0,0,0,8,528,5,57,0,0,0,0,0,0,0,0,0,0,0,0,0,0,0,0,0,0,0,0,0,0,208,15556,0,0,0,0
73372.054,16415,60,0,0,0,0,0,8,525,5,57,0,0,0,0,0,0,0,0,0,0,0,0,0,0,0,0,0,0,0,0,0,0,239,17026,0,0,0,0
73388.388,16334,61,0,0,0,0,0,8,466,5,57,0,0,0,0,0,0,0,0,0,0,0,0,0,0,0,0,0,0,0,0,0,0,222,16434,0,0,0,0
73405.268,16879,59,0,0,0,0,0,8,498,5,57,0,0,0,0,0,0,0,0,0,0,0,0,0,0,0,0,0,0,0,0,0,0,225,16360,0,0,0,0
73421.784,16515,60,0,0,0,0,0,8,526,5,57,0,0,0,0,0,0,0,0,0,0,0,0,0,0,0,0,0,0,0,0,0,0,253,16893,0,0,0,0
73438.877,17093,58,0,0,0,0,0,8,466,5,57,0,0,0,0,0,0,0,0,0,0,0,0,0,0,0,0,0,0,0,0,0,0,226,16483,0,0,0,0
73454.913,16036,62,0,0,0,0,0,8,529,5,57,0,0,0,0,0,0,0,0,0,0,0,0,0,0,0,0,0,0,0,0,0,0,228,17078,0,0,0,0
73471.808,16894,59,0,0,0,0,0,8,531,5,57,0,0,0,0,0,0,0,0,0,0,0,0,0,0,0,0,0,0,0,0,0,0,227,16029,0,0,0,0
73488.843,17035,58,0,0,0,0,0,8,438,5,57,0,0,0,0,0,0,0,0,0,0,0,0,0,0,0,0,0,0,0,0,0,0,256,16930,0,0,0,0
73505.566,16722,59,0,0,0,0,0,8,530,5,57,0,0,0,0,0,0,0,0,0,0,0,0,0,0,0,0,0,0,0,0,0,0,234,17001,0,0,0,0
73522.198,16621,60,0,0,0,0,0,8,532,5,57,0,0,0,0,0,0,0,0,0,0,0,0,0,0,0,0,0,0,0,0,0,0,231,16723,0,0,0,0
73539.056,16868,59,0,0,0,0,0,8,462,5,57,0,0,0,0,0,0,0,0,0,0,0,0,0,0,0,0,0,0,0,0,0,0,245,16665,0,0,0,0
73555.057,16001,62,0,0,0,0,0,8,523,5,57,0,0,0,0,0,0,0,0,0,0,0,0,0,0,0,0,0,0,0,0,0,0,221,16927,0,0,0,0
73571.806,16748,59,0,0,0,0,0,8,492,5,57,0,0,0,0,0,0,0,0,0,0,0,0,0,0,0,0,0,0,0,0,0,0,221,15902,0,0,0,0
73588.569,16763,59,0,0,0,0,0,8,462,5,57,0,0,0,0,0,0,0,0,0,0,0,0,0,0,0,0,0,0,0,0,0,0,213,16750,0,0,0,0
73605.572,17003,58,0,0,0,0,0,8,530,5,57,0,0,0,0,0,0,0,0,0,0,0,0,0,0,0,0,0,0,0,0,0,0,216,16842,0,0,0,0
73622.067,16494,60,0,0,0,0,0,8,526,5,57,0,0,0,0,0,0,0,0,0,0,0,0,0,0,0,0,0,0,0,0,0,0,237,16910,0,0,0,0
73638.875,16808,59,0,0,0,0,0,8,462,5,57,0,0,0,0,0,0,0,0,0,0,0,0,0,0,0,0,0,0,0,0,0,0,228,16529,0,0,0,0
73656.060,17173,58,0,0,0,0,0,8,518,5,57,0,0,0,0,0,0,0,0,0,0,0,0,0,0,0,0,0,0,0,0,0,0,221,16743,0,0,0,0
73672.060,16010,62,0,0,0,0,0,8,523,5,57,0,0,0,0,0,0,0,0,0,0,0,0,0,0,0,0,0,0,0,0,0,0,236,17242,0,0,0,0
73689.049,16989,58,0,0,0,0,0,8,460,5,57,0,0,0,0,0,0,0,0,0,0,0,0,0,0,0,0,0,0,0,0,0,0,217,15996,0,0,0,0
73706.048,16998,58,0,0,0,0,0,8,531,5,57,0,0,0,0,0,0,0,0,0,0,0,0,0,0,0,0,0,0,0,0,0,0,233,17081,0,0,0,0
73722.183,16134,61,0,0,0,0,0,8,491,5,57,0,0,0,0,0,0,0,0,0,0,0,0,0,0,0,0,0,0,0,0,0,0,230,16916,0,0,0,0
73739.052,16869,59,0,0,0,0,0,8,463,5,57,0,0,0,0,0,0,0,0,0,0,0,0,0,0,0,0,0,0,0,0,0,0,224,16138,0,0,0,0
73755.181,16129,61,0,0,0,0,0,8,526,5,57,0,0,0,0,0,0,0,0,0,0,0,0,0,0,0,0,0,0,0,0,0,0,229,16862,0,0,0,0
73772.569,17387,57,0,0,0,0,0,8,528,5,57,0,0,0,0,0,0,0,0,0,0,0,0,0,0,0,0,0,0,0,0,0,0,222,16140,0,0,0,0
73788.759,16190,61,0,0,0,0,0,8,464,5,57,0,0,0,0,0,0,0,0,0,0,0,0,0,0,0,0,0,0,0,0,0,0,234,17333,0,0,0,0
73806.060,17300,57,0,0,0,0,0,8,498,5,57,0,0,0,0,0,0,0,0,0,0,0,0,0,0,0,0,0,0,0,0,0,0,233,16207,0,0,0,0
73822.133,16073,62,0,0,0,0,0,8,521,5,57,0,0,0,0,0,0,0,0,0,0,0,0,0,0,0,0,0,0,0,0,0,0,223,17309,0,0,0,0
73838.764,16631,60,0,0,0,0,0,8,464,5,57,0,0,0,0,0,0,0,0,0,0,0,0,0,0,0,0,0,0,0,0,0,0,217,16040,0,0,0,0
73856.031,17267,57,0,0,0,0,0,8,533,5,57,0,0,0,0,0,0,0,0,0,0,0,0,0,0,0,0,0,0,0,0,0,0,216,16644,0,0,0,0
73872.175,16143,61,0,0,0,0,0,8,521,5,57,0,0,0,0,0,0,0,0,0,0,0,0,0,0,0,0,0,0,0,0,0,0,217,17305,0,0,0,0
73888.863,16688,59,0,0,0,0,0,8,428,5,57,0,0,0,0,0,0,0,0,0,0,0,0,0,0,0,0,0,0,0,0,0,0,215,16046,0,0,0,0
73905.452,16588,60,0,0,0,0,0,8,529,5,57,0,0,0,0,0,0,0,0,0,0,0,0,0,0,0,0,0,0,0,0,0,0,256,16764,0,0,0,0
73921.910,16458,60,0,0,0,0,0,8,525,5,57,0,0,0,0,0,0,0,0,0,0,0,0,0,0,0,0,0,0,0,0,0,0,238,16632,0,0,0,0
73939.042,17131,58,0,0,0,0,0,8,461,5,57,0,0,0,0,0,0,0,0,0,0,0,0,0,0,0,0,0,0,0,0,0,0,219,16474,0,0,0,0
73955.670,16628,60,0,0,0,0,0,8,525,5,57,0,0,0,0,0,0,0,0,0,0,0,0,0,0,0,0,0,0,0,0,0,0,220,17041,0,0,0,0
73971.668,15999,62,0,0,0,0,0,8,494,5,57,0,0,0,0,0,0,0,0,0,0,0,0,0,0,0,0,0,0,0,0,0,0,208,16565,0,0,0,0
73988.983,17314,57,0,0,0,0,0,8,466,5,57,0,0,0,0,0,0,0,0,0,0,0,0,0,0,0,0,0,0,0,0,0,0,224,16360,0,0,0,0
74005.310,16327,61,0,0,0,0,0,8,525,5,57,0,0,0,0,0,0,0,0,0,0,0,0,0,0,0,0,0,0,0,0,0,0,233,16955,0,0,0,0
74022.208,16898,59,0,0,0,0,0,8,528,5,57,0,0,0,0,0,0,0,0,0,0,0,0,0,0,0,0,0,0,0,0,0,0,238,16412,0,0,0,0
74038.640,16432,60,0,0,0,0,0,8,458,5,57,0,0,0,0,0,0,0,0,0,0,0,0,0,0,0,0,0,0,0,0,0,0,233,16914,0,0,0,0
74055.286,16645,60,0,0,0,0,0,8,525,5,57,0,0,0,0,0,0,0,0,0,0,0,0,0,0,0,0,0,0,0,0,0,0,231,16517,0,0,0,0
74071.964,16678,59,0,0,0,0,0,8,529,5,57,0,0,0,0,0,0,0,0,0,0,0,0,0,0,0,0,0,0,0,0,0,0,267,16910,0,0,0,0
74088.594,16629,60,0,0,0,0,0,8,463,5,57,0,0,0,0,0,0,0,0,0,0,0,0,0,0,0,0,0,0,0,0,0,0,239,16350,0,0,0,0
74105.557,16963,58,0,0,0,0,0,8,528,5,57,0,0,0,0,0,0,0,0,0,0,0,0,0,0,0,0,0,0,0,0,0,0,220,16477,0,0,0,0
74121.881,16323,61,0,0,0,0,0,8,495,5,57,0,0,0,0,0,0,0,0,0,0,0,0,0,0,0,0,0,0,0,0,0,0,229,17100,0,0,0,0
74139.048,17167,58,0,0,0,0,0,8,461,5,57,0,0,0,0,0,0,0,0,0,0,0,0,0,0,0,0,0,0,0,0,0,0,236,16313,0,0,0,0
74155.137,16088,62,0,0,0,0,0,8,533,5,57,0,0,0,0,0,0,0,0,0,0,0,0,0,0,0,0,0,0,0,0,0,0,234,17148,0,0,0,0
74171.923,16786,59,0,0,0,0,0,8,532,5,57,0,0,0,0,0,0,0,0,0,0,0,0,0,0,0,0,0,0,0,0,0,0,207,16006,0,0,0,0
74188.858,16934,59,0,0,0,0,0,8,463,5,57,0,0,0,0,0,0,0,0,0,0,0,0,0,0,0,0,0,0,0,0,0,0,255,16902,0,0,0,0
74205.296,16437,60,0,0,0,0,0,8,490,5,57,0,0,0,0,0,0,0,0,0,0,0,0,0,0,0,0,0,0,0,0,0,0,221,16918,0,0,0,0
74222.058,16762,59,0,0,0,0,0,8,531,5,57,0,0,0,0,0,0,0,0,0,0,0,0,0,0,0,0,0,0,0,0,0,0,237,16420,0,0,0,0
74238.554,16495,60,0,0,0,0,0,8,467,5,57,0,0,0,0,0,0,0,0,0,0,0,0,0,0,0,0,0,0,0,0,0,0,228,16789,0,0,0,0
74256.055,17487,57,0,0,0,0,0,8,525,5,57,0,0,0,0,0,0,0,0,0,0,0,0,0,0,0,0,0,0,0,0,0,0,240,16571,0,0,0,0
74272.282,16240,61,0,0,0,0,0,8,523,5,57,0,0,0,0,0,0,0,0,0,0,0,0,0,0,0,0,0,0,0,0,0,0,264,17492,0,0,0,0
74288.580,16297,61,0,0,0,0,0,8,431,5,57,0,0,0,0,0,0,0,0,0,0,0,0,0,0,0,0,0,0,0,0,0,0,228,16023,0,0,0,0
74305.188,16607,60,0,0,0,0,0,8,529,5,57,0,0,0,0,0,0,0,0,0,0,0,0,0,0,0,0,0,0,0,0,0,0,234,16511,0,0,0,0
74322.280,17092,58,0,0,0,0,0,8,525,5,57,0,0,0,0,0,0,0,0,0,0,0,0,0,0,0,0,0,0,0,0,0,0,251,16533,0,0,0,0
74338.273,15993,62,0,0,0,0,0,8,461,5,57,0,0,0,0,0,0,0,0,0,0,0,0,0,0,0,0,0,0,0,0,0,0,239,17060,0,0,0,0
74356.043,17769,56,0,0,0,0,0,8,533,5,57,0,0,0,0,0,0,0,0,0,0,0,0,0,0,0,0,0,0,0,0,0,0,227,16237,0,0,0,0
74371.361,15318,65,0,0,0,0,0,8,486,5,57,0,0,0,0,0,0,0,0,0,0,0,0,0,0,0,0,0,0,0,0,0,0,237,17568,0,0,0,0
74388.555,17193,58,0,0,0,0,0,8,471,5,57,0,0,0,0,0,0,0,0,0,0,0,0,0,0,0,0,0,0,0,0,0,0,234,15265,0,0,0,0
74405.182,16627,60,0,0,0,0,0,8,526,5,57,0,0,0,0,0,0,0,0,0,0,0,0,0,0,0,0,0,0,0,0,0,0,232,17230,0,0,0,0
74422.193,17011,58,0,0,0,0,0,8,533,5,57,0,0,0,0,0,0,0,0,0,0,0,0,0,0,0,0,0,0,0,0,0,0,236,16641,0,0,0,0
74438.895,16702,59,0,0,0,0,0,8,465,5,57,0,0,0,0,0,0,0,0,0,0,0,0,0,0,0,0,0,0,0,0,0,0,229,17299,0,0,0,0
74455.555,16660,60,0,0,0,0,0,8,498,5,57,0,0,0,0,0,0,0,0,0,0,0,0,0,0,0,0,0,0,0,0,0,0,233,16490,0,0,0,0
74471.991,16436,60,0,0,0,0,0,8,530,5,57,0,0,0,0,0,0,0,0,0,0,0,0,0,0,0,0,0,0,0,0,0,0,236,16688,0,0,0,0
74488.640,16648,60,0,0,0,0,0,8,464,5,57,0,0,0,0,0,0,0,0,0,0,0,0,0,0,0,0,0,0,0,0,0,0,222,16323,0,0,0,0
74505.175,16535,60,0,0,0,0,0,8,529,5,57,0,0,0,0,0,0,0,0,0,0,0,0,0,0,0,0,0,0,0,0,0,0,213,16551,0,0,0,0
74521.798,16622,60,0,0,0,0,0,8,495,5,57,0,0,0,0,0,0,0,0,0,0,0,0,0,0,0,0,0,0,0,0,0,0,217,16606,0,0,0,0
74538.926,17128,58,0,0,0,0,0,8,474,5,57,0,0,0,0,0,0,0,0,0,0,0,0,0,0,0,0,0,0,0,0,0,0,241,16644,0,0,0,0
74555.561,16635,60,0,0,0,0,0,8,541,5,57,0,0,0,0,0,0,0,0,0,0,0,0,0,0,0,0,0,0,0,0,0,0,220,17136,0,0,0,0
74572.178,16616,60,0,0,0,0,0,8,526,5,57,0,0,0,0,0,0,0,0,0,0,0,0,0,0,0,0,0,0,0,0,0,0,229,16611,0,0,0,0
74588.871,16692,59,0,0,0,0,0,8,466,5,57,0,0,0,0,0,0,0,0,0,0,0,0,0,0,0,0,0,0,0,0,0,0,226,16648,0,0,0,0
74606.038,17167,58,0,0,0,0,0,8,502,5,57,0,0,0,0,0,0,0,0,0,0,0,0,0,0,0,0,0,0,0,0,0,0,226,16652,0,0,0,0
74622.081,16043,62,0,0,0,0,0,8,527,5,57,0,0,0,0,0,0,0,0,0,0,0,0,0,0,0,0,0,0,0,0,0,0,238,17199,0,0,0,0
74638.857,16775,59,0,0,0,0,0,8,466,5,57,0,0,0,0,0,0,0,0,0,0,0,0,0,0,0,0,0,0,0,0,0,0,228,16008,0,0,0,0
74655.611,16754,59,0,0,0,0,0,8,526,5,57,0,0,0,0,0,0,0,0,0,0,0,0,0,0,0,0,0,0,0,0,0,0,236,16779,0,0,0,0
74671.477,15865,63,0,0,0,0,0,8,524,5,57,0,0,0,0,0,0,0,0,0,0,0,0,0,0,0,0,0,0,0,0,0,0,237,16742,0,0,0,0
74688.050,16572,60,0,0,0,0,0,8,432,5,57,0,0,0,0,0,0,0,0,0,0,0,0,0,0,0,0,0,0,0,0,0,0,224,15789,0,0,0,0
74705.058,17008,58,0,0,0,0,0,8,534,5,57,0,0,0,0,0,0,0,0,0,0,0,0,0,0,0,0,0,0,0,0,0,0,246,16655,0,0,0,0
74721.762,16704,59,0,0,0,0,0,8,528,5,57,0,0,0,0,0,0,0,0,0,0,0,0,0,0,0,0,0,0,0,0,0,0,236,17044,0,0,0,0
74738.291,16528,60,0,0,0,0,0,8,466,5,57,0,0,0,0,0,0,0,0,0,0,0,0,0,0,0,0,0,0,0,0,0,0,230,16688,0,0,0,0
74755.171,16880,59,0,0,0,0,0,8,530,5,57,0,0,0,0,0,0,0,0,0,0,0,0,0,0,0,0,0,0,0,0,0,0,245,16544,0,0,0,0
74772.039,16867,59,0,0,0,0,0,8,498,5,57,0,0,0,0,0,0,0,0,0,0,0,0,0,0,0,0,0,0,0,0,0,0,218,16779,0,0,0,0
74788.603,16564,60,0,0,0,0,0,8,459,5,57,0,0,0,0,0,0,0,0,0,0,0,0,0,0,0,0,0,0,0,0,0,0,239,16971,0,0,0,0
74806.045,17441,57,0,0,0,0,0,8,529,5,57,0,0,0,0,0,0,0,0,0,0,0,0,0,0,0,0,0,0,0,0,0,0,220,16506,0,0,0,0
74821.698,15652,63,0,0,0,0,0,8,534,5,57,0,0,0,0,0,0,0,0,0,0,0,0,0,0,0,0,0,0,0,0,0,0,223,17619,0,0,0,0
74838.735,17037,58,0,0,0,0,0,8,466,5,57,0,0,0,0,0,0,0,0,0,0,0,0,0,0,0,0,0,0,0,0,0,0,212,15436,0,0,0,0
74855.171,16435,60,0,0,0,0,0,8,491,5,57,0,0,0,0,0,0,0,0,0,0,0,0,0,0,0,0,0,0,0,0,0,0,234,17098,0,0,0,0
74871.363,16191,61,0,0,0,0,0,8,526,5,57,0,0,0,0,0,0,0,0,0,0,0,0,0,0,0,0,0,0,0,0,0,0,247,16492,0,0,0,0
74888.562,17199,58,0,0,0,0,0,8,465,5,57,0,0,0,0,0,0,0,0,0,0,0,0,0,0,0,0,0,0,0,0,0,0,205,16016,0,0,0,0
74905.617,17054,58,0,0,0,0,0,8,521,5,57,0,0,0,0,0,0,0,0,0,0,0,0,0,0,0,0,0,0,0,0,0,0,255,17809,0,0,0,0
74921.583,15966,62,0,0,0,0,0,8,497,5,57,0,0,0,0,0,0,0,0,0,0,0,0,0,0,0,0,0,0,0,0,0,0,213,16498,0,0,0,0
74938.552,16969,58,0,0,0,0,0,8,469,5,57,0,0,0,0,0,0,0,0,0,0,0,0,0,0,0,0,0,0,0,0,0,0,219,16048,0,0,0,0
74956.033,17481,57,0,0,0,0,0,8,525,5,57,0,0,0,0,0,0,0,0,0,0,0,0,0,0,0,0,0,0,0,0,0,0,234,16983,0,0,0,0
74971.692,15658,63,0,0,0,0,0,8,531,5,57,0,0,0,0,0,0,0,0,0,0,0,0,0,0,0,0,0,0,0,0,0,0,234,17475,0,0,0,0
74989.043,17350,57,0,0,0,0,0,8,465,5,57,0,0,0,0,0,0,0,0,0,0,0,0,0,0,0,0,0,0,0,0,0,0,229,15931,0,0,0,0
75005.562,16519,60,0,0,0,0,0,8,496,5,57,0,0,0,0,0,0,0,0,0,0,0,0,0,0,0,0,0,0,0,0,0,0,234,17081,0,0,0,0
75021.981,16418,60,0,0,0,0,0,8,533,5,57,0,0,0,0,0,0,0,0,0,0,0,0,0,0,0,0,0,0,0,0,0,0,233,16512,0,0,0,0
75038.544,16562,60,0,0,0,0,0,8,467,5,57,0,0,0,0,0,0,0,0,0,0,0,0,0,0,0,0,0,0,0,0,0,0,220,16358,0,0,0,0
75055.979,17435,57,0,0,0,0,0,8,526,5,57,0,0,0,0,0,0,0,0,0,0,0,0,0,0,0,0,0,0,0,0,0,0,209,16548,0,0,0,0
75071.780,15800,63,0,0,0,0,0,8,521,5,57,0,0,0,0,0,0,0,0,0,0,0,0,0,0,0,0,0,0,0,0,0,0,244,17525,0,0,0,0
75088.760,16980,58,0,0,0,0,0,8,456,5,57,0,0,0,0,0,0,0,0,0,0,0,0,0,0,0,0,0,0,0,0,0,0,208,15732,0,0,0,0
75105.178,16417,60,0,0,0,0,0,8,534,5,57,0,0,0,0,0,0,0,0,0,0,0,0,0,0,0,0,0,0,0,0,0,0,274,17128,0,0,0,0
75121.821,16643,60,0,0,0,0,0,8,530,5,57,0,0,0,0,0,0,0,0,0,0,0,0,0,0,0,0,0,0,0,0,0,0,221,16245,0,0,0,0
75138.299,16477,60,0,0,0,0,0,8,461,5,57,0,0,0,0,0,0,0,0,0,0,0,0,0,0,0,0,0,0,0,0,0,0,235,16640,0,0,0,0
75155.453,17154,58,0,0,0,0,0,8,527,5,57,0,0,0,0,0,0,0,0,0,0,0,0,0,0,0,0,0,0,0,0,0,0,235,16553,0,0,0,0
75172.832,17379,57,0,0,0,0,0,8,491,5,57,0,0,0,0,0,0,0,0,0,0,0,0,0,0,0,0,0,0,0,0,0,0,223,17128,0,0,0,0
75188.563,15731,63,0,0,0,0,0,8,456,5,57,0,0,0,0,0,0,0,0,0,0,0,0,0,0,0,0,0,0,0,0,0,0,227,17395,0,0,0,0
75205.180,16607,60,0,0,0,0,0,8,529,5,57,0,0,0,0,0,0,0,0,0,0,0,0,0,0,0,0,0,0,0,0,0,0,220,15695,0,0,0,0
75222.168,16997,58,0,0,0,0,0,8,526,5,57,0,0,0,0,0,0,0,0,0,0,0,0,0,0,0,0,0,0,0,0,0,0,216,16651,0,0,0,0
75238.763,16594,60,0,0,0,0,0,8,465,5,57,0,0,0,0,0,0,0,0,0,0,0,0,0,0,0,0,0,0,0,0,0,0,209,16986,0,0,0,0
75255.168,16405,60,0,0,0,0,0,8,500,5,57,0,0,0,0,0,0,0,0,0,0,0,0,0,0,0,0,0,0,0,0,0,0,226,16586,0,0,0,0
75271.807,16638,60,0,0,0,0,0,8,531,5,57,0,0,0,0,0,0,0,0,0,0,0,0,0,0,0,0,0,0,0,0,0,0,240,16439,0,0,0,0
75288.605,16798,59,0,0,0,0,0,8,460,5,57,0,0,0,0,0,0,0,0,0,0,0,0,0,0,0,0,0,0,0,0,0,0,271,16894,0,0,0,0
75304.755,16149,61,0,0,0,0,0,8,526,5,57,0,0,0,0,0,0,0,0,0,0,0,0,0,0,0,0,0,0,0,0,0,0,223,16452,0,0,0,0
75321.899,17144,58,0,0,0,0,0,8,498,5,57,0,0,0,0,0,0,0,0,0,0,0,0,0,0,0,0,0,0,0,0,0,0,220,16218,0,0,0,0
75338.880,16981,58,0,0,0,0,0,8,466,5,57,0,0,0,0,0,0,0,0,0,0,0,0,0,0,0,0,0,0,0,0,0,0,223,17123,0,0,0,0
75355.492,16611,60,0,0,0,0,0,8,538,5,57,0,0,0,0,0,0,0,0,0,0,0,0,0,0,0,0,0,0,0,0,0,0,233,17040,0,0,0,0
75372.226,16733,59,0,0,0,0,0,8,524,5,57,0,0,0,0,0,0,0,0,0,0,0,0,0,0,0,0,0,0,0,0,0,0,216,16545,0,0,0,0
75388.770,16544,60,0,0,0,0,0,8,466,5,57,0,0,0,0,0,0,0,0,0,0,0,0,0,0,0,0,0,0,0,0,0,0,222,16710,0,0,0,0
75406.043,17262,57,0,0,0,0,0,8,499,5,57,0,0,0,0,0,0,0,0,0,0,0,0,0,0,0,0,0,0,0,0,0,0,228,16572,0,0,0,0
75422.168,16135,61,0,0,0,0,0,8,526,5,57,0,0,0,0,0,0,0,0,0,0,0,0,0,0,0,0,0,0,0,0,0,0,227,17294,0,0,0,0
75438.153,15984,62,0,0,0,0,0,8,461,5,57,0,0,0,0,0,0,0,0,0,0,0,0,0,0,0,0,0,0,0,0,0,0,233,16155,0,0,0,0
75455.267,17114,58,0,0,0,0,0,8,529,5,57,0,0,0,0,0,0,0,0,0,0,0,0,0,0,0,0,0,0,0,0,0,0,239,16065,0,0,0,0
75472.165,16898,59,0,0,0,0,0,8,528,5,57,0,0,0,0,0,0,0,0,0,0,0,0,0,0,0,0,0,0,0,0,0,0,237,17010,0,0,0,0
75489.043,16878,59,0,0,0,0,0,8,429,5,57,0,0,0,0,0,0,0,0,0,0,0,0,0,0,0,0,0,0,0,0,0,0,259,16996,0,0,0,0
75505.276,16232,61,0,0,0,0,0,8,525,5,57,0,0,0,0,0,0,0,0,0,0,0,0,0,0,0,0,0,0,0,0,0,0,224,16784,0,0,0,0
75522.315,17039,58,0,0,0,0,0,8,530,5,57,0,0,0,0,0,0,0,0,0,0,0,0,0,0,0,0,0,0,0,0,0,0,216,16881,0,0,0,0
75538.780,16465,60,0,0,0,0,0,8,467,5,57,0,0,0,0,0,0,0,0,0,0,0,0,0,0,0,0,0,0,0,0,0,0,221,16367,0,0,0,0
75555.388,16607,60,0,0,0,0,0,8,533,5,57,0,0,0,0,0,0,0,0,0,0,0,0,0,0,0,0,0,0,0,0,0,0,210,16353,0,0,0,0
75572.065,16676,59,0,0,0,0,0,8,496,5,57,0,0,0,0,0,0,0,0,0,0,0,0,0,0,0,0,0,0,0,0,0,0,233,16765,0,0,0,0
75588.557,16492,60,0,0,0,0,0,8,461,5,57,0,0,0,0,0,0,0,0,0,0,0,0,0,0,0,0,0,0,0,0,0,0,236,16628,0,0,0,0
75605.545,16988,58,0,0,0,0,0,8,528,5,57,0,0,0,0,0,0,0,0,0,0,0,0,0,0,0,0,0,0,0,0,0,0,216,16475,0,0,0,0
75621.862,16316,61,0,0,0,0,0,8,544,5,57,0,0,0,0,0,0,0,0,0,0,0,0,0,0,0,0,0,0,0,0,0,0,228,17103,0,0,0,0
75638.553,16691,59,0,0,0,0,0,8,466,5,57,0,0,0,0,0,0,0,0,0,0,0,0,0,0,0,0,0,0,0,0,0,0,230,16239,0,0,0,0
75655.145,16591,60,0,0,0,0,0,8,495,5,57,0,0,0,0,0,0,0,0,0,0,0,0,0,0,0,0,0,0,0,0,0,0,212,16582,0,0,0,0
75673.029,17883,55,0,0,0,0,0,8,534,5,57,0,0,0,0,0,0,0,0,0,0,0,0,0,0,0,0,0,0,0,0,0,0,230,16672,0,0,0,0
75688.748,15719,63,0,0,0,0,0,8,457,5,57,0,0,0,0,0,0,0,0,0,0,0,0,0,0,0,0,0,0,0,0,0,0,238,17946,0,0,0,0
75705.552,16804,59,0,0,0,0,0,8,525,5,57,0,0,0,0,0,0,0,0,0,0,0,0,0,0,0,0,0,0,0,0,0,0,196,15802,0,0,0,0
75722.028,16475,60,0,0,0,0,0,8,494,5,57,0,0,0,0,0,0,0,0,0,0,0,0,0,0,0,0,0,0,0,0,0,0,236,16699,0,0,0,0
75738.550,16522,60,0,0,0,0,0,8,470,5,57,0,0,0,0,0,0,0,0,0,0,0,0,0,0,0,0,0,0,0,0,0,0,243,16485,0,0,0,0
75755.552,17002,58,0,0,0,0,0,8,526,5,57,0,0,0,0,0,0,0,0,0,0,0,0,0,0,0,0,0,0,0,0,0,0,221,16427,0,0,0,0
75772.191,16639,60,0,0,0,0,0,8,521,5,57,0,0,0,0,0,0,0,0,0,0,0,0,0,0,0,0,0,0,0,0,0,0,229,17081,0,0,0,0
75788.857,16666,60,0,0,0,0,0,8,466,5,57,0,0,0,0,0,0,0,0,0,0,0,0,0,0,0,0,0,0,0,0,0,0,222,16621,0,0,0,0
75805.061,16204,61,0,0,0,0,0,8,490,5,57,0,0,0,0,0,0,0,0,0,0,0,0,0,0,0,0,0,0,0,0,0,0,236,16784,0,0,0,0
75822.022,16960,58,0,0,0,0,0,8,528,5,57,0,0,0,0,0,0,0,0,0,0,0,0,0,0,0,0,0,0,0,0,0,0,230,16533,0,0,0,0
75838.782,16759,59,0,0,0,0,0,8,463,5,57,0,0,0,0,0,0,0,0,0,0,0,0,0,0,0,0,0,0,0,0,0,0,223,16515,0,0,0,0
75856.030,17248,57,0,0,0,0,0,8,529,5,57,0,0,0,0,0,0,0,0,0,0,0,0,0,0,0,0,0,0,0,0,0,0,231,16742,0,0,0,0
75872.624,16593,60,0,0,0,0,0,8,525,5,57,0,0,0,0,0,0,0,0,0,0,0,0,0,0,0,0,0,0,0,0,0,0,245,17303,0,0,0,0
75888.668,16044,62,0,0,0,0,0,8,448,5,57,0,0,0,0,0,0,0,0,0,0,0,0,0,0,0,0,0,0,0,0,0,0,224,16606,0,0,0,0
75905.710,17042,58,0,0,0,0,0,8,535,5,57,0,0,0,0,0,0,0,0,0,0,0,0,0,0,0,0,0,0,0,0,0,0,246,15929,0,0,0,0
75921.602,15892,62,0,0,0,0,0,8,527,5,57,0,0,0,0,0,0,0,0,0,0,0,0,0,0,0,0,0,0,0,0,0,0,242,17088,0,0,0,0
75938.885,17283,57,0,0,0,0,0,8,466,5,57,0,0,0,0,0,0,0,0,0,0,0,0,0,0,0,0,0,0,0,0,0,0,222,15926,0,0,0,0
75955.543,16657,60,0,0,0,0,0,8,528,5,57,0,0,0,0,0,0,0,0,0,0,0,0,0,0,0,0,0,0,0,0,0,0,241,17252,0,0,0,0
75972.200,16657,60,0,0,0,0,0,8,497,5,57,0,0,0,0,0,0,0,0,0,0,0,0,0,0,0,0,0,0,0,0,0,0,236,16692,0,0,0,0
75988.748,16548,60,0,0,0,0,0,8,462,5,57,0,0,0,0,0,0,0,0,0,0,0,0,0,0,0,0,0,0,0,0,0,0,238,16614,0,0,0,0
76006.021,17272,57,0,0,0,0,0,8,529,5,57,0,0,0,0,0,0,0,0,0,0,0,0,0,0,0,0,0,0,0,0,0,0,213,16438,0,0,0,0
76022.041,16020,62,0,0,0,0,0,8,531,5,57,0,0,0,0,0,0,0,0,0,0,0,0,0,0,0,0,0,0,0,0,0,0,246,17420,0,0,0,0
76038.907,16866,59,0,0,0,0,0,8,482,5,57,0,0,0,0,0,0,0,0,0,0,0,0,0,0,0,0,0,0,0,0,0,0,211,16000,0,0,0,0
76056.030,17122,58,0,0,0,0,0,8,501,5,57,0,0,0,0,0,0,0,0,0,0,0,0,0,0,0,0,0,0,0,0,0,0,218,16825,0,0,0,0
76071.768,15738,63,0,0,0,0,0,8,521,5,57,0,0,0,0,0,0,0,0,0,0,0,0,0,0,0,0,0,0,0,0,0,0,224,17159,0,0,0,0
76088.558,16789,59,0,0,0,0,0,8,458,5,57,0,0,0,0,0,0,0,0,0,0,0,0,0,0,0,0,0,0,0,0,0,0,247,15782,0,0,0,0
76105.168,16609,60,0,0,0,0,0,8,533,5,57,0,0,0,0,0,0,0,0,0,0,0,0,0,0,0,0,0,0,0,0,0,0,239,16769,0,0,0,0
76122.257,17088,58,0,0,0,0,0,8,493,5,57,0,0,0,0,0,0,0,0,0,0,0,0,0,0,0,0,0,0,0,0,0,0,221,16614,0,0,0,0
76138.574,16316,61,0,0,0,0,0,8,462,5,57,0,0,0,0,0,0,0,0,0,0,0,0,0,0,0,0,0,0,0,0,0,0,231,17289,0,0,0,0
76155.180,16606,60,0,0,0,0,0,8,529,5,57,0,0,0,0,0,0,0,0,0,0,0,0,0,0,0,0,0,0,0,0,0,0,226,16076,0,0,0,0
76172.248,17067,58,0,0,0,0,0,8,522,5,57,0,0,0,0,0,0,0,0,0,0,0,0,0,0,0,0,0,0,0,0,0,0,238,16644,0,0,0,0
76188.557,16309,61,0,0,0,0,0,8,482,5,57,0,0,0,0,0,0,0,0,0,0,0,0,0,0,0,0,0,0,0,0,0,0,230,17095,0,0,0,0
76205.682,17124,58,0,0,0,0,0,8,499,5,57,0,0,0,0,0,0,0,0,0,0,0,0,0,0,0,0,0,0,0,0,0,0,214,16368,0,0,0,0
76221.883,16200,61,0,0,0,0,0,8,533,5,57,0,0,0,0,0,0,0,0,0,0,0,0,0,0,0,0,0,0,0,0,0,0,237,16994,0,0,0,0
76238.835,16952,58,0,0,0,0,0,8,469,5,57,0,0,0,0,0,0,0,0,0,0,0,0,0,0,0,0,0,0,0,0,0,0,231,16222,0,0,0,0
76256.035,17188,58,0,0,0,0,0,8,528,5,57,0,0,0,0,0,0,0,0,0,0,0,0,0,0,0,0,0,0,0,0,0,0,232,16938,0,0,0,0
76271.827,15803,63,0,0,0,0,0,8,525,5,57,0,0,0,0,0,0,0,0,0,0,0,0,0,0,0,0,0,0,0,0,0,0,255,17258,0,0,0,0
76288.559,16731,59,0,0,0,0,0,8,426,5,57,0,0,0,0,0,0,0,0,0,0,0,0,0,0,0,0,0,0,0,0,0,0,256,15878,0,0,0,0
76305.158,16598,60,0,0,0,0,0,8,526,5,57,0,0,0,0,0,0,0,0,0,0,0,0,0,0,0,0,0,0,0,0,0,0,230,16635,0,0,0,0
76322.090,16932,59,0,0,0,0,0,8,535,5,57,0,0,0,0,0,0,0,0,0,0,0,0,0,0,0,0,0,0,0,0,0,0,230,16597,0,0,0,0
76338.544,16454,60,0,0,0,0,0,8,485,5,57,0,0,0,0,0,0,0,0,0,0,0,0,0,0,0,0,0,0,0,0,0,0,243,16941,0,0,0,0
76356.030,17486,57,0,0,0,0,0,8,530,5,57,0,0,0,0,0,0,0,0,0,0,0,0,0,0,0,0,0,0,0,0,0,0,232,16437,0,0,0,0
76372.162,16132,61,0,0,0,0,0,8,495,5,57,0,0,0,0,0,0,0,0,0,0,0,0,0,0,0,0,0,0,0,0,0,0,239,17469,0,0,0,0
76388.030,15868,63,0,0,0,0,0,8,464,5,57,0,0,0,0,0,0,0,0,0,0,0,0,0,0,0,0,0,0,0,0,0,0,255,16170,0,0,0,0
76405.031,17000,58,0,0,0,0,0,8,531,5,57,0,0,0,0,0,0,0,0,0,0,0,0,0,0,0,0,0,0,0,0,0,0,225,15952,0,0,0,0
76421.855,16824,59,0,0,0,0,0,8,534,5,57,0,0,0,0,0,0,0,0,0,0,0,0,0,0,0,0,0,0,0,0,0,0,243,16863,0,0,0,0
76438.606,16751,59,0,0,0,0,0,8,462,5,57,0,0,0,0,0,0,0,0,0,0,0,0,0,0,0,0,0,0,0,0,0,0,243,16826,0,0,0,0
76455.546,16938,59,0,0,0,0,0,8,489,5,57,0,0,0,0,0,0,0,0,0,0,0,0,0,0,0,0,0,0,0,0,0,0,234,16685,0,0,0,0
76471.846,16300,61,0,0,0,0,0,8,531,5,57,0,0,0,0,0,0,0,0,0,0,0,0,0,0,0,0,0,0,0,0,0,0,230,17044,0,0,0,0
76488.808,16962,58,0,0,0,0,0,8,474,5,57,0,0,0,0,0,0,0,0,0,0,0,0,0,0,0,0,0,0,0,0,0,0,220,16332,0,0,0,0
76505.167,16358,61,0,0,0,0,0,8,529,5,57,0,0,0,0,0,0,0,0,0,0,0,0,0,0,0,0,0,0,0,0,0,0,223,16863,0,0,0,0
76522.157,16989,58,0,0,0,0,0,8,495,5,57,0,0,0,0,0,0,0,0,0,0,0,0,0,0,0,0,0,0,0,0,0,0,218,16381,0,0,0,0
76538.572,16415,60,0,0,0,0,0,8,464,5,57,0,0,0,0,0,0,0,0,0,0,0,0,0,0,0,0,0,0,0,0,0,0,234,17016,0,0,0,0
76555.539,16967,58,0,0,0,0,0,8,530,5,57,0,0,0,0,0,0,0,0,0,0,0,0,0,0,0,0,0,0,0,0,0,0,232,16452,0,0,0,0
76571.592,16052,62,0,0,0,0,0,8,528,5,57,0,0,0,0,0,0,0,0,0,0,0,0,0,0,0,0,0,0,0,0,0,0,227,16958,0,0,0,0
76588.538,16945,59,0,0,0,0,0,8,470,5,57,0,0,0,0,0,0,0,0,0,0,0,0,0,0,0,0,0,0,0,0,0,0,219,15967,0,0,0,0
76606.030,17481,57,0,0,0,0,0,8,496,5,57,0,0,0,0,0,0,0,0,0,0,0,0,0,0,0,0,0,0,0,0,0,0,217,16943,0,0,0,0
76622.219,16199,61,0,0,0,0,0,8,521,5,57,0,0,0,0,0,0,0,0,0,0,0,0,0,0,0,0,0,0,0,0,0,0,229,17528,0,0,0,0
76638.840,16621,60,0,0,0,0,0,8,477,5,57,0,0,0,0,0,0,0,0,0,0,0,0,0,0,0,0,0,0,0,0,0,0,229,16223,0,0,0,0
76655.556,16715,59,0,0,0,0,0,8,530,5,57,0,0,0,0,0,0,0,0,0,0,0,0,0,0,0,0,0,0,0,0,0,0,263,16668,0,0,0,0
76671.912,16356,61,0,0,0,0,0,8,525,5,57,0,0,0,0,0,0,0,0,0,0,0,0,0,0,0,0,0,0,0,0,0,0,231,16659,0,0,0,0
76689.020,17108,58,0,0,0,0,0,8,436,5,57,0,0,0,0,0,0,0,0,0,0,0,0,0,0,0,0,0,0,0,0,0,0,221,16325,0,0,0,0
76705.167,16146,61,0,0,0,0,0,8,530,5,57,0,0,0,0,0,0,0,0,0,0,0,0,0,0,0,0,0,0,0,0,0,0,231,17114,0,0,0,0
76721.825,16658,60,0,0,0,0,0,8,530,5,57,0,0,0,0,0,0,0,0,0,0,0,0,0,0,0,0,0,0,0,0,0,0,241,16134,0,0,0,0
76738.270,16445,60,0,0,0,0,0,8,462,5,57,0,0,0,0,0,0,0,0,0,0,0,0,0,0,0,0,0,0,0,0,0,0,240,16692,0,0,0,0
76755.154,16883,59,0,0,0,0,0,8,526,5,57,0,0,0,0,0,0,0,0,0,0,0,0,0,0,0,0,0,0,0,0,0,0,234,16936,0,0,0,0
76771.827,16672,59,0,0,0,0,0,8,499,5,57,0,0,0,0,0,0,0,0,0,0,0,0,0,0,0,0,0,0,0,0,0,0,211,16383,0,0,0,0
76788.614,16787,59,0,0,0,0,0,8,477,5,57,0,0,0,0,0,0,0,0,0,0,0,0,0,0,0,0,0,0,0,0,0,0,235,16726,0,0,0,0
76805.545,16930,59,0,0,0,0,0,8,526,5,57,0,0,0,0,0,0,0,0,0,0,0,0,0,0,0,0,0,0,0,0,0,0,218,16724,0,0,0,0
76822.152,16607,60,0,0,0,0,0,8,528,5,57,0,0,0,0,0,0,0,0,0,0,0,0,0,0,0,0,0,0,0,0,0,0,226,16945,0,0,0,0
76838.537,16384,61,0,0,0,0,0,8,462,5,57,0,0,0,0,0,0,0,0,0,0,0,0,0,0,0,0,0,0,0,0,0,0,204,16497,0,0,0,0
76855.548,17011,58,0,0,0,0,0,8,495,5,57,0,0,0,0,0,0,0,0,0,0,0,0,0,0,0,0,0,0,0,0,0,0,221,16506,0,0,0,0
76871.834,16285,61,0,0,0,0,0,8,527,5,57,0,0,0,0,0,0,0,0,0,0,0,0,0,0,0,0,0,0,0,0,0,0,218,16986,0,0,0,0
76888.746,16912,59,0,0,0,0,0,8,467,5,57,0,0,0,0,0,0,0,0,0,0,0,0,0,0,0,0,0,0,0,0,0,0,228,16286,0,0,0,0
76906.017,17270,57,0,0,0,0,0,8,529,5,57,0,0,0,0,0,0,0,0,0,0,0,0,0,0,0,0,0,0,0,0,0,0,243,16887,0,0,0,0
76922.189,16172,61,0,0,0,0,0,8,490,5,57,0,0,0,0,0,0,0,0,0,0,0,0,0,0,0,0,0,0,0,0,0,0,233,17322,0,0,0,0
76938.383,16194,61,0,0,0,0,0,8,481,5,57,0,0,0,0,0,0,0,0,0,0,0,0,0,0,0,0,0,0,0,0,0,0,205,16087,0,0,0,0
76955.398,17014,58,0,0,0,0,0,8,526,5,57,0,0,0,0,0,0,0,0,0,0,0,0,0,0,0,0,0,0,0,0,0,0,235,16923,0,0,0,0
76971.830,16432,60,0,0,0,0,0,8,529,5,57,0,0,0,0,0,0,0,0,0,0,0,0,0,0,0,0,0,0,0,0,0,0,211,16344,0,0,0,0
76988.334,16504,60,0,0,0,0,0,8,466,5,57,0,0,0,0,0,0,0,0,0,0,0,0,0,0,0,0,0,0,0,0,0,0,227,16437,0,0,0,0
77005.350,17015,58,0,0,0,0,0,8,496,5,57,0,0,0,0,0,0,0,0,0,0,0,0,0,0,0,0,0,0,0,0,0,0,207,16381,0,0,0,0
77021.890,16539,60,0,0,0,0,0,8,529,5,57,0,0,0,0,0,0,0,0,0,0,0,0,0,0,0,0,0,0,0,0,0,0,234,17114,0,0,0,0
77038.842,16951,58,0,0,0,0,0,8,465,5,57,0,0,0,0,0,0,0,0,0,0,0,0,0,0,0,0,0,0,0,0,0,0,236,16560,0,0,0,0
77055.621,16779,59,0,0,0,0,0,8,529,5,57,0,0,0,0,0,0,0,0,0,0,0,0,0,0,0,0,0,0,0,0,0,0,268,16965,0,0,0,0
77072.202,16581,60,0,0,0,0,0,8,520,5,57,0,0,0,0,0,0,0,0,0,0,0,0,0,0,0,0,0,0,0,0,0,0,234,17091,0,0,0,0
77088.866,16663,60,0,0,0,0,0,8,450,5,57,0,0,0,0,0,0,0,0,0,0,0,0,0,0,0,0,0,0,0,0,0,0,204,16491,0,0,0,0
77104.826,15960,62,0,0,0,0,0,8,523,5,57,0,0,0,0,0,0,0,0,0,0,0,0,0,0,0,0,0,0,0,0,0,0,211,16287,0,0,0,0
77121.908,17081,58,0,0,0,0,0,8,530,5,57,0,0,0,0,0,0,0,0,0,0,0,0,0,0,0,0,0,0,0,0,0,0,215,15966,0,0,0,0
77138.409,16501,60,0,0,0,0,0,8,469,5,57,0,0,0,0,0,0,0,0,0,0,0,0,0,0,0,0,0,0,0,0,0,0,240,17225,0,0,0,0
77156.016,17606,56,0,0,0,0,0,8,528,5,57,0,0,0,0,0,0,0,0,0,0,0,0,0,0,0,0,0,0,0,0,0,0,246,16559,0,0,0,0
77172.020,16004,62,0,0,0,0,0,8,495,5,57,0,0,0,0,0,0,0,0,0,0,0,0,0,0,0,0,0,0,0,0,0,0,231,17542,0,0,0,0
77188.564,16543,60,0,0,0,0,0,8,461,5,57,0,0,0,0,0,0,0,0,0,0,0,0,0,0,0,0,0,0,0,0,0,0,238,16052,0,0,0,0
77206.029,17464,57,0,0,0,0,0,8,531,5,57,0,0,0,0,0,0,0,0,0,0,0,0,0,0,0,0,0,0,0,0,0,0,236,16544,0,0,0,0
77221.764,15735,63,0,0,0,0,0,8,521,5,57,0,0,0,0,0,0,0,0,0,0,0,0,0,0,0,0,0,0,0,0,0,0,243,17422,0,0,0,0
77238.027,16262,61,0,0,0,0,0,8,479,5,57,0,0,0,0,0,0,0,0,0,0,0,0,0,0,0,0,0,0,0,0,0,0,199,15669,0,0,0,0
77255.132,17104,58,0,0,0,0,0,8,491,5,57,0,0,0,0,0,0,0,0,0,0,0,0,0,0,0,0,0,0,0,0,0,0,264,16490,0,0,0,0
77272.011,16879,59,0,0,0,0,0,8,530,5,57,0,0,0,0,0,0,0,0,0,0,0,0,0,0,0,0,0,0,0,0,0,0,224,16889,0,0,0,0
77288.356,16344,61,0,0,0,0,0,8,466,5,57,0,0,0,0,0,0,0,0,0,0,0,0,0,0,0,0,0,0,0,0,0,0,243,16941,0,0,0,0
77305.284,16928,59,0,0,0,0,0,8,526,5,57,0,0,0,0,0,0,0,0,0,0,0,0,0,0,0,0,0,0,0,0,0,0,247,16358,0,0,0,0
77321.876,16591,60,0,0,0,0,0,8,501,5,57,0,0,0,0,0,0,0,0,0,0,0,0,0,0,0,0,0,0,0,0,0,0,229,16872,0,0,0,0
77338.370,16493,60,0,0,0,0,0,8,464,5,57,0,0,0,0,0,0,0,0,0,0,0,0,0,0,0,0,0,0,0,0,0,0,226,16607,0,0,0,0
77356.010,17640,56,0,0,0,0,0,8,528,5,57,0,0,0,0,0,0,0,0,0,0,0,0,0,0,0,0,0,0,0,0,0,0,246,17163,0,0,0,0
77371.783,15773,63,0,0,0,0,0,8,523,5,57,0,0,0,0,0,0,0,0,0,0,0,0,0,0,0,0,0,0,0,0,0,0,222,17052,0,0,0,0
77388.578,16795,59,0,0,0,0,0,8,461,5,57,0,0,0,0,0,0,0,0,0,0,0,0,0,0,0,0,0,0,0,0,0,0,208,15682,0,0,0,0
77405.591,17012,58,0,0,0,0,0,8,495,5,57,0,0,0,0,0,0,0,0,0,0,0,0,0,0,0,0,0,0,0,0,0,0,226,16776,0,0,0,0
77421.848,16257,61,0,0,0,0,0,8,529,5,57,0,0,0,0,0,0,0,0,0,0,0,0,0,0,0,0,0,0,0,0,0,0,239,17031,0,0,0,0
77438.540,16692,59,0,0,0,0,0,8,465,5,57,0,0,0,0,0,0,0,0,0,0,0,0,0,0,0,0,0,0,0,0,0,0,233,16286,0,0,0,0
77456.013,17472,57,0,0,0,0,0,8,546,5,57,0,0,0,0,0,0,0,0,0,0,0,0,0,0,0,0,0,0,0,0,0,0,229,16754,0,0,0,0
77472.152,16138,61,0,0,0,0,0,8,523,5,57,0,0,0,0,0,0,0,0,0,0,0,0,0,0,0,0,0,0,0,0,0,0,237,17402,0,0,0,0
77488.052,15899,62,0,0,0,0,0,8,430,5,57,0,0,0,0,0,0,0,0,0,0,0,0,0,0,0,0,0,0,0,0,0,0,206,16116,0,0,0,0
77505.598,17546,56,0,0,0,0,0,8,526,5,57,0,0,0,0,0,0,0,0,0,0,0,0,0,0,0,0,0,0,0,0,0,0,208,16019,0,0,0,0
77523.009,17411,57,0,0,0,0,0,8,526,5,57,0,0,0,0,0,0,0,0,0,0,0,0,0,0,0,0,0,0,0,0,0,0,235,17463,0,0,0,0
77538.066,15057,66,0,0,0,0,0,8,457,5,57,0,0,0,0,0,0,0,0,0,0,0,0,0,0,0,0,0,0,0,0,0,0,235,17424,0,0,0,0
77556.022,17955,55,0,0,0,0,0,8,525,5,57,0,0,0,0,0,0,0,0,0,0,0,0,0,0,0,0,0,0,0,0,0,0,188,14959,0,0,0,0
77571.780,15758,63,0,0,0,0,0,8,491,5,57,0,0,0,0,0,0,0,0,0,0,0,0,0,0,0,0,0,0,0,0,0,0,238,17993,0,0,0,0
77589.019,17238,58,0,0,0,0,0,8,463,5,57,0,0,0,0,0,0,0,0,0,0,0,0,0,0,0,0,0,0,0,0,0,0,222,15761,0,0,0,0
77605.540,16521,60,0,0,0,0,0,8,524,5,57,0,0,0,0,0,0,0,0,0,0,0,0,0,0,0,0,0,0,0,0,0,0,222,17206,0,0,0,0
77622.149,16608,60,0,0,0,0,0,8,522,5,57,0,0,0,0,0,0,0,0,0,0,0,0,0,0,0,0,0,0,0,0,0,0,241,16590,0,0,0,0
77638.699,16550,60,0,0,0,0,0,8,461,5,57,0,0,0,0,0,0,0,0,0,0,0,0,0,0,0,0,0,0,0,0,0,0,231,16630,0,0,0,0
77655.167,16468,60,0,0,0,0,0,8,494,5,57,0,0,0,0,0,0,0,0,0,0,0,0,0,0,0,0,0,0,0,0,0,0,259,16857,0,0,0,0
77671.819,16652,60,0,0,0,0,0,8,531,5,57,0,0,0,0,0,0,0,0,0,0,0,0,0,0,0,0,0,0,0,0,0,0,227,16147,0,0,0,0
77688.866,17046,58,0,0,0,0,0,8,468,5,57,0,0,0,0,0,0,0,0,0,0,0,0,0,0,0,0,0,0,0,0,0,0,215,16604,0,0,0,0
77705.410,16543,60,0,0,0,0,0,8,522,5,57,0,0,0,0,0,0,0,0,0,0,0,0,0,0,0,0,0,0,0,0,0,0,218,17017,0,0,0,0
77721.952,16542,60,0,0,0,0,0,8,492,5,57,0,0,0,0,0,0,0,0,0,0,0,0,0,0,0,0,0,0,0,0,0,0,233,16585,0,0,0,0
77738.522,16570,60,0,0,0,0,0,8,469,5,57,0,0,0,0,0,0,0,0,0,0,0,0,0,0,0,0,0,0,0,0,0,0,239,16562,0,0,0,0
77755.665,17143,58,0,0,0,0,0,8,525,5,57,0,0,0,0,0,0,0,0,0,0,0,0,0,0,0,0,0,0,0,0,0,0,218,16572,0,0,0,0
77771.809,16143,61,0,0,0,0,0,8,525,5,57,0,0,0,0,0,0,0,0,0,0,0,0,0,0,0,0,0,0,0,0,0,0,231,17104,0,0,0,0
77788.531,16722,59,0,0,0,0,0,8,462,5,57,0,0,0,0,0,0,0,0,0,0,0,0,0,0,0,0,0,0,0,0,0,0,216,16310,0,0,0,0
77806.009,17477,57,0,0,0,0,0,8,497,5,57,0,0,0,0,0,0,0,0,0,0,0,0,0,0,0,0,0,0,0,0,0,0,197,16571,0,0,0,0
77821.778,15768,63,0,0,0,0,0,8,525,5,57,0,0,0,0,0,0,0,0,0,0,0,0,0,0,0,0,0,0,0,0,0,0,235,17514,0,0,0,0
77838.057,16279,61,0,0,0,0,0,8,464,5,57,0,0,0,0,0,0,0,0,0,0,0,0,0,0,0,0,0,0,0,0,0,0,211,15649,0,0,0,0
77855.109,17051,58,0,0,0,0,0,8,547,5,57,0,0,0,0,0,0,0,0,0,0,0,0,0,0,0,0,0,0,0,0,0,0,234,16489,0,0,0,0
77871.905,16797,59,0,0,0,0,0,8,530,5,57,0,0,0,0,0,0,0,0,0,0,0,0,0,0,0,0,0,0,0,0,0,0,231,17003,0,0,0,0
77888.072,16165,61,0,0,0,0,0,8,428,5,57,0,0,0,0,0,0,0,0,0,0,0,0,0,0,0,0,0,0,0,0,0,0,233,16774,0,0,0,0
77906.019,17946,55,0,0,0,0,0,8,530,5,57,0,0,0,0,0,0,0,0,0,0,0,0,0,0,0,0,0,0,0,0,0,0,235,16152,0,0,0,0
77922.195,16176,61,0,0,0,0,0,8,526,5,57,0,0,0,0,0,0,0,0,0,0,0,0,0,0,0,0,0,0,0,0,0,0,236,17951,0,0,0,0
77938.708,16513,60,0,0,0,0,0,8,460,5,57,0,0,0,0,0,0,0,0,0,0,0,0,0,0,0,0,0,0,0,0,0,0,230,16144,0,0,0,0
77956.008,17299,57,0,0,0,0,0,8,527,5,57,0,0,0,0,0,0,0,0,0,0,0,0,0,0,0,0,0,0,0,0,0,0,223,16464,0,0,0,0
77971.760,15752,63,0,0,0,0,0,8,493,5,57,0,0,0,0,0,0,0,0,0,0,0,0,0,0,0,0,0,0,0,0,0,0,232,17359,0,0,0,0
77988.710,16949,58,0,0,0,0,0,8,466,5,57,0,0,0,0,0,0,0,0,0,0,0,0,0,0,0,0,0,0,0,0,0,0,219,15647,0,0,0,0
78005.247,16537,60,0,0,0,0,0,8,529,5,57,0,0,0,0,0,0,0,0,0,0,0,0,0,0,0,0,0,0,0,0,0,0,207,16975,0,0,0,0
78021.843,16595,60,0,0,0,0,0,8,523,5,57,0,0,0,0,0,0,0,0,0,0,0,0,0,0,0,0,0,0,0,0,0,0,221,16835,0,0,0,0
78038.036,16193,61,0,0,0,0,0,8,465,5,57,0,0,0,0,0,0,0,0,0,0,0,0,0,0,0,0,0,0,0,0,0,0,213,16378,0,0,0,0
78056.005,17968,55,0,0,0,0,0,8,497,5,57,0,0,0,0,0,0,0,0,0,0,0,0,0,0,0,0,0,0,0,0,0,0,200,16059,0,0,0,0
78072.257,16251,61,0,0,0,0,0,8,525,5,57,0,0,0,0,0,0,0,0,0,0,0,0,0,0,0,0,0,0,0,0,0,0,274,18244,0,0,0,0
78088.758,16501,60,0,0,0,0,0,8,465,5,57,0,0,0,0,0,0,0,0,0,0,0,0,0,0,0,0,0,0,0,0,0,0,211,15974,0,0,0,0
78106.015,17257,57,0,0,0,0,0,8,531,5,57,0,0,0,0,0,0,0,0,0,0,0,0,0,0,0,0,0,0,0,0,0,0,225,16582,0,0,0,0
78121.885,15869,63,0,0,0,0,0,8,490,5,57,0,0,0,0,0,0,0,0,0,0,0,0,0,0,0,0,0,0,0,0,0,0,243,17304,0,0,0,0
78138.159,16274,61,0,0,0,0,0,8,464,5,57,0,0,0,0,0,0,0,0,0,0,0,0,0,0,0,0,0,0,0,0,0,0,220,15894,0,0,0,0
78155.275,17115,58,0,0,0,0,0,8,527,5,57,0,0,0,0,0,0,0,0,0,0,0,0,0,0,0,0,0,0,0,0,0,0,235,17060,0,0,0,0
78171.771,16496,60,0,0,0,0,0,8,527,5,57,0,0,0,0,0,0,0,0,0,0,0,0,0,0,0,0,0,0,0,0,0,0,224,16253,0,0,0,0
78188.527,16755,59,0,0,0,0,0,8,466,5,57,0,0,0,0,0,0,0,0,0,0,0,0,0,0,0,0,0,0,0,0,0,0,244,16567,0,0,0,0
78205.640,17112,58,0,0,0,0,0,8,497,5,57,0,0,0,0,0,0,0,0,0,0,0,0,0,0,0,0,0,0,0,0,0,0,234,16725,0,0,0,0
78222.016,16376,61,0,0,0,0,0,8,524,5,57,0,0,0,0,0,0,0,0,0,0,0,0,0,0,0,0,0,0,0,0,0,0,244,17430,0,0,0,0
78238.522,16505,60,0,0,0,0,0,8,461,5,57,0,0,0,0,0,0,0,0,0,0,0,0,0,0,0,0,0,0,0,0,0,0,228,16084,0,0,0,0
78255.545,17023,58,0,0,0,0,0,8,551,5,57,0,0,0,0,0,0,0,0,0,0,0,0,0,0,0,0,0,0,0,0,0,0,228,16681,0,0,0,0
78272.347,16801,59,0,0,0,0,0,8,528,5,57,0,0,0,0,0,0,0,0,0,0,0,0,0,0,0,0,0,0,0,0,0,0,270,16915,0,0,0,0
78288.038,15690,63,0,0,0,0,0,8,431,5,57,0,0,0,0,0,0,0,0,0,0,0,0,0,0,0,0,0,0,0,0,0,0,207,16589,0,0,0,0
78306.006,17968,55,0,0,0,0,0,8,529,5,57,0,0,0,0,0,0,0,0,0,0,0,0,0,0,0,0,0,0,0,0,0,0,252,15965,0,0,0,0
78321.803,15797,63,0,0,0,0,0,8,525,5,57,0,0,0,0,0,0,0,0,0,0,0,0,0,0,0,0,0,0,0,0,0,0,242,17817,0,0,0,0
78338.862,17058,58,0,0,0,0,0,8,466,5,57,0,0,0,0,0,0,0,0,0,0,0,0,0,0,0,0,0,0,0,0,0,0,227,15789,0,0,0,0
78355.072,16209,61,0,0,0,0,0,8,526,5,57,0,0,0,0,0,0,0,0,0,0,0,0,0,0,0,0,0,0,0,0,0,0,225,17040,0,0,0,0
78372.526,17454,57,0,0,0,0,0,8,498,5,57,0,0,0,0,0,0,0,0,0,0,0,0,0,0,0,0,0,0,0,0,0,0,227,16252,0,0,0,0
78388.833,16307,61,0,0,0,0,0,8,464,5,57,0,0,0,0,0,0,0,0,0,0,0,0,0,0,0,0,0,0,0,0,0,0,243,17541,0,0,0,0
78406.015,17181,58,0,0,0,0,0,8,531,5,57,0,0,0,0,0,0,0,0,0,0,0,0,0,0,0,0,0,0,0,0,0,0,220,16148,0,0,0,0
78423.003,16987,58,0,0,0,0,0,8,527,5,57,0,0,0,0,0,0,0,0,0,0,0,0,0,0,0,0,0,0,0,0,0,0,237,17238,0,0,0,0
78438.706,15703,63,0,0,0,0,0,8,463,5,57,0,0,0,0,0,0,0,0,0,0,0,0,0,0,0,0,0,0,0,0,0,0,226,16990,0,0,0,0
78455.518,16812,59,0,0,0,0,0,8,501,5,57,0,0,0,0,0,0,0,0,0,0,0,0,0,0,0,0,0,0,0,0,0,0,217,15678,0,0,0,0
78471.957,16439,60,0,0,0,0,0,8,531,5,57,0,0,0,0,0,0,0,0,0,0,0,0,0,0,0,0,0,0,0,0,0,0,234,16856,0,0,0,0
78488.644,16687,59,0,0,0,0,0,8,463,5,57,0,0,0,0,0,0,0,0,0,0,0,0,0,0,0,0,0,0,0,0,0,0,267,16653,0,0,0,0
78505.152,16507,60,0,0,0,0,0,8,525,5,57,0,0,0,0,0,0,0,0,0,0,0,0,0,0,0,0,0,0,0,0,0,0,218,16671,0,0,0,0
78521.868,16715,59,0,0,0,0,0,8,487,5,57,0,0,0,0,0,0,0,0,0,0,0,0,0,0,0,0,0,0,0,0,0,0,225,16260,0,0,0,0
78538.597,16728,59,0,0,0,0,0,8,465,5,57,0,0,0,0,0,0,0,0,0,0,0,0,0,0,0,0,0,0,0,0,0,0,227,16699,0,0,0,0
78555.145,16548,60,0,0,0,0,0,8,527,5,57,0,0,0,0,0,0,0,0,0,0,0,0,0,0,0,0,0,0,0,0,0,0,217,16703,0,0,0,0
78573.009,17863,55,0,0,0,0,0,8,523,5,57,0,0,0,0,0,0,0,0,0,0,0,0,0,0,0,0,0,0,0,0,0,0,238,17428,0,0,0,0
78588.320,15311,65,0,0,0,0,0,8,466,5,57,0,0,0,0,0,0,0,0,0,0,0,0,0,0,0,0,0,0,0,0,0,0,238,17068,0,0,0,0
78605.543,17223,58,0,0,0,0,0,8,492,5,57,0,0,0,0,0,0,0,0,0,0,0,0,0,0,0,0,0,0,0,0,0,0,221,15216,0,0,0,0
78622.142,16598,60,0,0,0,0,0,8,532,5,57,0,0,0,0,0,0,0,0,0,0,0,0,0,0,0,0,0,0,0,0,0,0,225,17715,0,0,0,0
78638.531,16389,61,0,0,0,0,0,8,461,5,57,0,0,0,0,0,0,0,0,0,0,0,0,0,0,0,0,0,0,0,0,0,0,226,16177,0,0,0,0
78655.320,16788,59,0,0,0,0,0,8,521,5,57,0,0,0,0,0,0,0,0,0,0,0,0,0,0,0,0,0,0,0,0,0,0,202,16281,0,0,0,0
78673.001,17680,56,0,0,0,0,0,8,533,5,57,0,0,0,0,0,0,0,0,0,0,0,0,0,0,0,0,0,0,0,0,0,0,227,16902,0,0,0,0
78688.606,15605,64,0,0,0,0,0,8,424,5,57,0,0,0,0,0,0,0,0,0,0,0,0,0,0,0,0,0,0,0,0,0,0,218,17669,0,0,0,0
78705.542,16936,59,0,0,0,0,0,8,527,5,57,0,0,0,0,0,0,0,0,0,0,0,0,0,0,0,0,0,0,0,0,0,0,241,15733,0,0,0,0
78722.336,16793,59,0,0,0,0,0,8,528,5,57,0,0,0,0,0,0,0,0,0,0,0,0,0,0,0,0,0,0,0,0,0,0,220,16795,0,0,0,0
78738.766,16430,60,0,0,0,0,0,8,465,5,57,0,0,0,0,0,0,0,0,0,0,0,0,0,0,0,0,0,0,0,0,0,0,209,16766,0,0,0,0
78754.878,16111,62,0,0,0,0,0,8,595,5,57,0,0,0,0,0,0,0,0,0,0,0,0,0,0,0,0,0,0,0,0,0,0,212,16477,0,0,0,0
78771.857,16978,58,0,0,0,0,0,8,496,5,57,0,0,0,0,0,0,0,0,0,0,0,0,0,0,0,0,0,0,0,0,0,0,230,16108,0,0,0,0
78789.006,17148,58,0,0,0,0,0,8,464,5,57,0,0,0,0,0,0,0,0,0,0,0,0,0,0,0,0,0,0,0,0,0,0,231,16993,0,0,0,0
78805.088,16082,62,0,0,0,0,0,8,517,5,57,0,0,0,0,0,0,0,0,0,0,0,0,0,0,0,0,0,0,0,0,0,0,226,17114,0,0,0,0
78822.147,17058,58,0,0,0,0,0,8,529,5,57,0,0,0,0,0,0,0,0,0,0,0,0,0,0,0,0,0,0,0,0,0,0,218,16120,0,0,0,0
78838.760,16613,60,0,0,0,0,0,8,466,5,57,0,0,0,0,0,0,0,0,0,0,0,0,0,0,0,0,0,0,0,0,0,0,240,17053,0,0,0,0
78855.225,16464,60,0,0,0,0,0,8,495,5,57,0,0,0,0,0,0,0,0,0,0,0,0,0,0,0,0,0,0,0,0,0,0,235,16583,0,0,0,0
78872.087,16862,59,0,0,0,0,0,8,520,5,57,0,0,0,0,0,0,0,0,0,0,0,0,0,0,0,0,0,0,0,0,0,0,218,16462,0,0,0,0
78888.521,16433,60,0,0,0,0,0,8,459,5,57,0,0,0,0,0,0,0,0,0,0,0,0,0,0,0,0,0,0,0,0,0,0,204,16764,0,0,0,0
78905.115,16594,60,0,0,0,0,0,8,532,5,57,0,0,0,0,0,0,0,0,0,0,0,0,0,0,0,0,0,0,0,0,0,0,198,16516,0,0,0,0
78921.738,16623,60,0,0,0,0,0,8,495,5,57,0,0,0,0,0,0,0,0,0,0,0,0,0,0,0,0,0,0,0,0,0,0,207,16546,0,0,0,0
78938.786,17047,58,0,0,0,0,0,8,467,5,57,0,0,0,0,0,0,0,0,0,0,0,0,0,0,0,0,0,0,0,0,0,0,235,16748,0,0,0,0
78955.518,16732,59,0,0,0,0,0,8,530,5,57,0,0,0,0,0,0,0,0,0,0,0,0,0,0,0,0,0,0,0,0,0,0,240,16993,0,0,0,0
78971.886,16367,61,0,0,0,0,0,8,530,5,57,0,0,0,0,0,0,0,0,0,0,0,0,0,0,0,0,0,0,0,0,0,0,228,16762,0,0,0,0
78988.862,16976,58,0,0,0,0,0,8,468,5,57,0,0,0,0,0,0,0,0,0,0,0,0,0,0,0,0,0,0,0,0,0,0,223,16366,0,0,0,0
79005.996,17133,58,0,0,0,0,0,8,495,5,57,0,0,0,0,0,0,0,0,0,0,0,0,0,0,0,0,0,0,0,0,0,0,244,17046,0,0,0,0
79021.829,15833,63,0,0,0,0,0,8,522,5,57,0,0,0,0,0,0,0,0,0,0,0,0,0,0,0,0,0,0,0,0,0,0,250,17115,0,0,0,0
79038.854,17025,58,0,0,0,0,0,8,466,5,57,0,0,0,0,0,0,0,0,0,0,0,0,0,0,0,0,0,0,0,0,0,0,227,15778,0,0,0,0
79055.516,16662,60,0,0,0,0,0,8,533,5,57,0,0,0,0,0,0,0,0,0,0,0,0,0,0,0,0,0,0,0,0,0,0,221,16887,0,0,0,0
79071.818,16301,61,0,0,0,0,0,8,532,5,57,0,0,0,0,0,0,0,0,0,0,0,0,0,0,0,0,0,0,0,0,0,0,237,16797,0,0,0,0
79088.823,17005,58,0,0,0,0,0,8,437,5,57,0,0,0,0,0,0,0,0,0,0,0,0,0,0,0,0,0,0,0,0,0,0,226,16305,0,0,0,0
79105.569,16746,59,0,0,0,0,0,8,532,5,57,0,0,0,0,0,0,0,0,0,0,0,0,0,0,0,0,0,0,0,0,0,0,230,16918,0,0,0,0
79122.132,16563,60,0,0,0,0,0,8,521,5,57,0,0,0,0,0,0,0,0,0,0,0,0,0,0,0,0,0,0,0,0,0,0,246,16852,0,0,0,0
79138.736,16603,60,0,0,0,0,0,8,466,5,57,0,0,0,0,0,0,0,0,0,0,0,0,0,0,0,0,0,0,0,0,0,0,224,16860,0,0,0,0
79155.111,16375,61,0,0,0,0,0,8,529,5,57,0,0,0,0,0,0,0,0,0,0,0,0,0,0,0,0,0,0,0,0,0,0,212,16214,0,0,0,0
79171.874,16762,59,0,0,0,0,0,8,495,5,57,0,0,0,0,0,0,0,0,0,0,0,0,0,0,0,0,0,0,0,0,0,0,225,16440,0,0,0,0
79188.520,16646,60,0,0,0,0,0,8,463,5,57,0,0,0,0,0,0,0,0,0,0,0,0,0,0,0,0,0,0,0,0,0,0,235,16768,0,0,0,0
79205.519,16998,58,0,0,0,0,0,8,531,5,57,0,0,0,0,0,0,0,0,0,0,0,0,0,0,0,0,0,0,0,0,0,0,223,16638,0,0,0,0
79221.734,16215,61,0,0,0,0,0,8,524,5,57,0,0,0,0,0,0,0,0,0,0,0,0,0,0,0,0,0,0,0,0,0,0,231,17007,0,0,0,0
79238.095,16360,61,0,0,0,0,0,8,464,5,57,0,0,0,0,0,0,0,0,0,0,0,0,0,0,0,0,0,0,0,0,0,0,251,16217,0,0,0,0
79255.194,17099,58,0,0,0,0,0,8,496,5,57,0,0,0,0,0,0,0,0,0,0,0,0,0,0,0,0,0,0,0,0,0,0,242,16361,0,0,0,0
79272.219,17024,58,0,0,0,0,0,8,526,5,57,0,0,0,0,0,0,0,0,0,0,0,0,0,0,0,0,0,0,0,0,0,0,237,17079,0,0,0,0
79288.698,16479,60,0,0,0,0,0,8,465,5,57,0,0,0,0,0,0,0,0,0,0,0,0,0,0,0,0,0,0,0,0,0,0,238,17274,0,0,0,0
79305.239,16540,60,0,0,0,0,0,8,529,5,57,0,0,0,0,0,0,0,0,0,0,0,0,0,0,0,0,0,0,0,0,0,0,218,16205,0,0,0,0
79322.140,16901,59,0,0,0,0,0,8,496,5,57,0,0,0,0,0,0,0,0,0,0,0,0,0,0,0,0,0,0,0,0,0,0,232,17279,0,0,0,0
79338.526,16385,61,0,0,0,0,0,8,459,5,57,0,0,0,0,0,0,0,0,0,0,0,0,0,0,0,0,0,0,0,0,0,0,248,16258,0,0,0,0
79355.517,16991,58,0,0,0,0,0,8,528,5,57,0,0,0,0,0,0,0,0,0,0,0,0,0,0,0,0,0,0,0,0,0,0,208,16214,0,0,0,0
79372.152,16634,60,0,0,0,0,0,8,525,5,57,0,0,0,0,0,0,0,0,0,0,0,0,0,0,0,0,0,0,0,0,0,0,241,17550,0,0,0,0
79388.522,16369,61,0,0,0,0,0,8,457,5,57,0,0,0,0,0,0,0,0,0,0,0,0,0,0,0,0,0,0,0,0,0,0,242,16109,0,0,0,0
79405.655,17132,58,0,0,0,0,0,8,497,5,57,0,0,0,0,0,0,0,0,0,0,0,0,0,0,0,0,0,0,0,0,0,0,227,16510,0,0,0,0
79421.776,16120,62,0,0,0,0,0,8,526,5,57,0,0,0,0,0,0,0,0,0,0,0,0,0,0,0,0,0,0,0,0,0,0,228,17026,0,0,0,0
79438.004,16228,61,0,0,0,0,0,8,463,5,57,0,0,0,0,0,0,0,0,0,0,0,0,0,0,0,0,0,0,0,0,0,0,234,16151,0,0,0,0
79455.647,17643,56,0,0,0,0,0,8,530,5,57,0,0,0,0,0,0,0,0,0,0,0,0,0,0,0,0,0,0,0,0,0,0,228,16397,0,0,0,0
79471.339,15691,63,0,0,0,0,0,8,526,5,57,0,0,0,0,0,0,0,0,0,0,0,0,0,0,0,0,0,0,0,0,0,0,233,17456,0,0,0,0
79488.803,17464,57,0,0,0,0,0,8,436,5,57,0,0,0,0,0,0,0,0,0,0,0,0,0,0,0,0,0,0,0,0,0,0,222,15648,0,0,0,0
79505.991,17187,58,0,0,0,0,0,8,534,5,57,0,0,0,0,0,0,0,0,0,0,0,0,0,0,0,0,0,0,0,0,0,0,207,17475,0,0,0,0
79522.108,16117,62,0,0,0,0,0,8,522,5,57,0,0,0,0,0,0,0,0,0,0,0,0,0,0,0,0,0,0,0,0,0,0,239,17285,0,0,0,0
79538.813,16704,59,0,0,0,0,0,8,463,5,57,0,0,0,0,0,0,0,0,0,0,0,0,0,0,0,0,0,0,0,0,0,0,247,16070,0,0,0,0
79556.005,17192,58,0,0,0,0,0,8,550,5,57,0,0,0,0,0,0,0,0,0,0,0,0,0,0,0,0,0,0,0,0,0,0,241,16745,0,0,0,0
79572.167,16162,61,0,0,0,0,0,8,491,5,57,0,0,0,0,0,0,0,0,0,0,0,0,0,0,0,0,0,0,0,0,0,0,244,17167,0,0,0,0
79588.504,16337,61,0,0,0,0,0,8,462,5,57,0,0,0,0,0,0,0,0,0,0,0,0,0,0,0,0,0,0,0,0,0,0,230,16449,0,0,0,0
79605.521,17016,58,0,0,0,0,0,8,525,5,57,0,0,0,0,0,0,0,0,0,0,0,0,0,0,0,0,0,0,0,0,0,0,208,16022,0,0,0,0
79622.130,16609,60,0,0,0,0,0,8,525,5,57,0,0,0,0,0,0,0,0,0,0,0,0,0,0,0,0,0,0,0,0,0,0,236,17039,0,0,0,0
79638.510,16379,61,0,0,0,0,0,8,459,5,57,0,0,0,0,0,0,0,0,0,0,0,0,0,0,0,0,0,0,0,0,0,0,231,16643,0,0,0,0
79656.004,17493,57,0,0,0,0,0,8,496,5,57,0,0,0,0,0,0,0,0,0,0,0,0,0,0,0,0,0,0,0,0,0,0,213,16344,0,0,0,0
79671.829,15825,63,0,0,0,0,0,8,521,5,57,0,0,0,0,0,0,0,0,0,0,0,0,0,0,0,0,0,0,0,0,0,0,237,17575,0,0,0,0
79688.723,16893,59,0,0,0,0,0,8,466,5,57,0,0,0,0,0,0,0,0,0,0,0,0,0,0,0,0,0,0,0,0,0,0,227,15723,0,0,0,0
79706.001,17277,57,0,0,0,0,0,8,524,5,57,0,0,0,0,0,0,0,0,0,0,0,0,0,0,0,0,0,0,0,0,0,0,210,16859,0,0,0,0
79722.034,16033,62,0,0,0,0,0,8,496,5,57,0,0,0,0,0,0,0,0,0,0,0,0,0,0,0,0,0,0,0,0,0,0,235,17341,0,0,0,0
79738.854,16819,59,0,0,0,0,0,8,466,5,57,0,0,0,0,0,0,0,0,0,0,0,0,0,0,0,0,0,0,0,0,0,0,253,16025,0,0,0,0
79755.503,16649,60,0,0,0,0,0,8,531,5,57,0,0,0,0,0,0,0,0,0,0,0,0,0,0,0,0,0,0,0,0,0,0,211,16745,0,0,0,0
79772.023,16520,60,0,0,0,0,0,8,527,5,57,0,0,0,0,0,0,0,0,0,0,0,0,0,0,0,0,0,0,0,0,0,0,235,16742,0,0,0,0
79788.505,16481,60,0,0,0,0,0,8,457,5,57,0,0,0,0,0,0,0,0,0,0,0,0,0,0,0,0,0,0,0,0,0,0,225,16486,0,0,0,0
79805.356,16851,59,0,0,0,0,0,8,497,5,57,0,0,0,0,0,0,0,0,0,0,0,0,0,0,0,0,0,0,0,0,0,0,211,16495,0,0,0,0
79821.800,16443,60,0,0,0,0,0,8,547,5,57,0,0,0,0,0,0,0,0,0,0,0,0,0,0,0,0,0,0,0,0,0,0,240,16891,0,0,0,0
79838.135,16335,61,0,0,0,0,0,8,462,5,57,0,0,0,0,0,0,0,0,0,0,0,0,0,0,0,0,0,0,0,0,0,0,229,16521,0,0,0,0
79855.642,17507,57,0,0,0,0,0,8,529,5,57,0,0,0,0,0,0,0,0,0,0,0,0,0,0,0,0,0,0,0,0,0,0,237,16233,0,0,0,0
79871.951,16308,61,0,0,0,0,0,8,530,5,57,0,0,0,0,0,0,0,0,0,0,0,0,0,0,0,0,0,0,0,0,0,0,238,17462,0,0,0,0
79888.994,17043,58,0,0,0,0,0,8,435,5,57,0,0,0,0,0,0,0,0,0,0,0,0,0,0,0,0,0,0,0,0,0,0,216,16296,0,0,0,0
79905.652,16658,60,0,0,0,0,0,8,529,5,57,0,0,0,0,0,0,0,0,0,0,0,0,0,0,0,0,0,0,0,0,0,0,244,17086,0,0,0,0
79921.768,16116,62,0,0,0,0,0,8,524,5,57,0,0,0,0,0,0,0,0,0,0,0,0,0,0,0,0,0,0,0,0,0,0,215,16521,0,0,0,0
79938.209,16440,60,0,0,0,0,0,8,466,5,57,0,0,0,0,0,0,0,0,0,0,0,0,0,0,0,0,0,0,0,0,0,0,210,16142,0,0,0,0
79955.993,17783,56,0,0,0,0,0,8,530,5,57,0,0,0,0,0,0,0,0,0,0,0,0,0,0,0,0,0,0,0,0,0,0,231,16495,0,0,0,0
79971.326,15333,65,0,0,0,0,0,8,488,5,57,0,0,0,0,0,0,0,0,0,0,0,0,0,0,0,0,0,0,0,0,0,0,236,17830,0,0,0,0
79988.770,17444,57,0,0,0,0,0,8,469,5,57,0,0,0,0,0,0,0,0,0,0,0,0,0,0,0,0,0,0,0,0,0,0,220,15271,0,0,0,0
80005.674,16903,59,0,0,0,0,0,8,529,5,57,0,0,0,0,0,0,0,0,0,0,0,0,0,0,0,0,0,0,0,0,0,0,242,17464,0,0,0,0
80021.806,16132,61,0,0,0,0,0,8,521,5,57,0,0,0,0,0,0,0,0,0,0,0,0,0,0,0,0,0,0,0,0,0,0,250,17217,0,0,0,0
80038.587,16781,59,0,0,0,0,0,8,458,5,57,0,0,0,0,0,0,0,0,0,0,0,0,0,0,0,0,0,0,0,0,0,0,216,15759,0,0,0,0
80055.195,16607,60,0,0,0,0,0,8,494,5,57,0,0,0,0,0,0,0,0,0,0,0,0,0,0,0,0,0,0,0,0,0,0,227,16884,0,0,0,0
80072.076,16881,59,0,0,0,0,0,8,526,5,57,0,0,0,0,0,0,0,0,0,0,0,0,0,0,0,0,0,0,0,0,0,0,207,16515,0,0,0,0
80088.698,16621,60,0,0,0,0,0,8,473,5,57,0,0,0,0,0,0,0,0,0,0,0,0,0,0,0,0,0,0,0,0,0,0,224,17018,0,0,0,0
80105.129,16431,60,0,0,0,0,0,8,529,5,57,0,0,0,0,0,0,0,0,0,0,0,0,0,0,0,0,0,0,0,0,0,0,210,16443,0,0,0,0
80121.989,16859,59,0,0,0,0,0,8,494,5,57,0,0,0,0,0,0,0,0,0,0,0,0,0,0,0,0,0,0,0,0,0,0,232,16555,0,0,0,0
80138.520,16531,60,0,0,0,0,0,8,465,5,57,0,0,0,0,0,0,0,0,0,0,0,0,0,0,0,0,0,0,0,0,0,0,258,17021,0,0,0,0
80155.001,16481,60,0,0,0,0,0,8,523,5,57,0,0,0,0,0,0,0,0,0,0,0,0,0,0,0,0,0,0,0,0,0,0,219,16413,0,0,0,0
80171.732,16730,59,0,0,0,0,0,8,525,5,57,0,0,0,0,0,0,0,0,0,0,0,0,0,0,0,0,0,0,0,0,0,0,227,16458,0,0,0,0
80188.512,16780,59,0,0,0,0,0,8,462,5,57,0,0,0,0,0,0,0,0,0,0,0,0,0,0,0,0,0,0,0,0,0,0,229,16711,0,0,0,0
80205.136,16624,60,0,0,0,0,0,8,500,5,57,0,0,0,0,0,0,0,0,0,0,0,0,0,0,0,0,0,0,0,0,0,0,225,16782,0,0,0,0
80222.213,17076,58,0,0,0,0,0,8,529,5,57,0,0,0,0,0,0,0,0,0,0,0,0,0,0,0,0,0,0,0,0,0,0,246,16655,0,0,0,0
80238.497,16284,61,0,0,0,0,0,8,480,5,57,0,0,0,0,0,0,0,0,0,0,0,0,0,0,0,0,0,0,0,0,0,0,228,17082,0,0,0,0
80255.998,17501,57,0,0,0,0,0,8,526,5,57,0,0,0,0,0,0,0,0,0,0,0,0,0,0,0,0,0,0,0,0,0,0,226,16262,0,0,0,0
80271.852,15853,63,0,0,0,0,0,8,525,5,57,0,0,0,0,0,0,0,0,0,0,0,0,0,0,0,0,0,0,0,0,0,0,245,17500,0,0,0,0
80288.527,16675,59,0,0,0,0,0,8,428,5,57,0,0,0,0,0,0,0,0,0,0,0,0,0,0,0,0,0,0,0,0,0,0,239,15854,0,0,0,0
80305.994,17467,57,0,0,0,0,0,8,529,5,57,0,0,0,0,0,0,0,0,0,0,0,0,0,0,0,0,0,0,0,0,0,0,227,16721,0,0,0,0
80321.336,15342,65,0,0,0,0,0,8,520,5,57,0,0,0,0,0,0,0,0,0,0,0,0,0,0,0,0,0,0,0,0,0,0,239,17443,0,0,0,0
80338.716,17379,57,0,0,0,0,0,8,470,5,57,0,0,0,0,0,0,0,0,0,0,0,0,0,0,0,0,0,0,0,0,0,0,214,15154,0,0,0,0
80355.125,16410,60,0,0,0,0,0,8,528,5,57,0,0,0,0,0,0,0,0,0,0,0,0,0,0,0,0,0,0,0,0,0,0,214,17395,0,0,0,0
80372.173,17046,58,0,0,0,0,0,8,502,5,57,0,0,0,0,0,0,0,0,0,0,0,0,0,0,0,0,0,0,0,0,0,0,219,16537,0,0,0,0
80388.884,16711,59,0,0,0,0,0,8,483,5,57,0,0,0,0,0,0,0,0,0,0,0,0,0,0,0,0,0,0,0,0,0,0,237,17034,0,0,0,0
80405.242,16357,61,0,0,0,0,0,8,534,5,57,0,0,0,0,0,0,0,0,0,0,0,0,0,0,0,0,0,0,0,0,0,0,192,16582,0,0,0,0
80421.789,16546,60,0,0,0,0,0,8,527,5,57,0,0,0,0,0,0,0,0,0,0,0,0,0,0,0,0,0,0,0,0,0,0,215,16458,0,0,0,0
80438.687,16897,59,0,0,0,0,0,8,467,5,57,0,0,0,0,0,0,0,0,0,0,0,0,0,0,0,0,0,0,0,0,0,0,229,16582,0,0,0,0
80455.992,17305,57,0,0,0,0,0,8,496,5,57,0,0,0,0,0,0,0,0,0,0,0,0,0,0,0,0,0,0,0,0,0,0,223,16860,0,0,0,0
80472.218,16226,61,0,0,0,0,0,8,521,5,57,0,0,0,0,0,0,0,0,0,0,0,0,0,0,0,0,0,0,0,0,0,0,245,17361,0,0,0,0
80488.000,15781,63,0,0,0,0,0,8,461,5,57,0,0,0,0,0,0,0,0,0,0,0,0,0,0,0,0,0,0,0,0,0,0,227,16155,0,0,0,0
80505.501,17500,57,0,0,0,0,0,8,528,5,57,0,0,0,0,0,0,0,0,0,0,0,0,0,0,0,0,0,0,0,0,0,0,202,15888,0,0,0,0
80522.084,16583,60,0,0,0,0,0,8,500,5,57,0,0,0,0,0,0,0,0,0,0,0,0,0,0,0,0,0,0,0,0,0,0,232,17461,0,0,0,0
80538.632,16547,60,0,0,0,0,0,8,477,5,57,0,0,0,0,0,0,0,0,0,0,0,0,0,0,0,0,0,0,0,0,0,0,249,16700,0,0,0,0
80555.989,17357,57,0,0,0,0,0,8,530,5,57,0,0,0,0,0,0,0,0,0,0,0,0,0,0,0,0,0,0,0,0,0,0,225,16329,0,0,0,0
80571.727,15737,63,0,0,0,0,0,8,527,5,57,0,0,0,0,0,0,0,0,0,0,0,0,0,0,0,0,0,0,0,0,0,0,239,17493,0,0,0,0
80588.783,17055,58,0,0,0,0,0,8,466,5,57,0,0,0,0,0,0,0,0,0,0,0,0,0,0,0,0,0,0,0,0,0,0,216,15699,0,0,0,0
80605.998,17215,58,0,0,0,0,0,8,495,5,57,0,0,0,0,0,0,0,0,0,0,0,0,0,0,0,0,0,0,0,0,0,0,248,17033,0,0,0,0
80621.798,15799,63,0,0,0,0,0,8,525,5,57,0,0,0,0,0,0,0,0,0,0,0,0,0,0,0,0,0,0,0,0,0,0,239,17252,0,0,0,0
80638.564,16766,59,0,0,0,0,0,8,462,5,57,0,0,0,0,0,0,0,0,0,0,0,0,0,0,0,0,0,0,0,0,0,0,239,15795,0,0,0,0
80655.422,16858,59,0,0,0,0,0,8,524,5,57,0,0,0,0,0,0,0,0,0,0,0,0,0,0,0,0,0,0,0,0,0,0,229,16771,0,0,0,0
80672.204,16781,59,0,0,0,0,0,8,529,5,57,0,0,0,0,0,0,0,0,0,0,0,0,0,0,0,0,0,0,0,0,0,0,222,16858,0,0,0,0
80688.513,16309,61,0,0,0,0,0,8,447,5,57,0,0,0,0,0,0,0,0,0,0,0,0,0,0,0,0,0,0,0,0,0,0,227,16872,0,0,0,0
80705.500,16986,58,0,0,0,0,0,8,529,5,57,0,0,0,0,0,0,0,0,0,0,0,0,0,0,0,0,0,0,0,0,0,0,213,16192,0,0,0,0
80721.939,16439,60,0,0,0,0,0,8,531,5,57,0,0,0,0,0,0,0,0,0,0,0,0,0,0,0,0,0,0,0,0,0,0,232,17023,0,0,0,0
80738.048,16108,62,0,0,0,0,0,8,464,5,57,0,0,0,0,0,0,0,0,0,0,0,0,0,0,0,0,0,0,0,0,0,0,222,16418,0,0,0,0
80755.121,17073,58,0,0,0,0,0,8,530,5,57,0,0,0,0,0,0,0,0,0,0,0,0,0,0,0,0,0,0,0,0,0,0,242,16148,0,0,0,0
80772.118,16996,58,0,0,0,0,0,8,483,5,57,0,0,0,0,0,0,0,0,0,0,0,0,0,0,0,0,0,0,0,0,0,0,241,17093,0,0,0,0
80788.500,16382,61,0,0,0,0,0,8,467,5,57,0,0,0,0,0,0,0,0,0,0,0,0,0,0,0,0,0,0,0,0,0,0,221,16904,0,0,0,0
80805.281,16781,59,0,0,0,0,0,8,530,5,57,0,0,0,0,0,0,0,0,0,0,0,0,0,0,0,0,0,0,0,0,0,0,232,16846,0,0,0,0
80822.119,16837,59,0,0,0,0,0,8,528,5,57,0,0,0,0,0,0,0,0,0,0,0,0,0,0,0,0,0,0,0,0,0,0,206,16264,0,0,0,0
80838.468,16348,61,0,0,0,0,0,8,479,5,57,0,0,0,0,0,0,0,0,0,0,0,0,0,0,0,0,0,0,0,0,0,0,226,16944,0,0,0,0
80855.512,17044,58,0,0,0,0,0,8,500,5,57,0,0,0,0,0,0,0,0,0,0,0,0,0,0,0,0,0,0,0,0,0,0,235,16446,0,0,0,0
80872.090,16578,60,0,0,0,0,0,8,525,5,57,0,0,0,0,0,0,0,0,0,0,0,0,0,0,0,0,0,0,0,0,0,0,229,16933,0,0,0,0
80888.699,16609,60,0,0,0,0,0,8,465,5,57,0,0,0,0,0,0,0,0,0,0,0,0,0,0,0,0,0,0,0,0,0,0,219,16498,0,0,0,0
80904.699,15999,62,0,0,0,0,0,8,525,5,57,0,0,0,0,0,0,0,0,0,0,0,0,0,0,0,0,0,0,0,0,0,0,219,16646,0,0,0,0
80921.628,16929,59,0,0,0,0,0,8,490,5,57,0,0,0,0,0,0,0,0,0,0,0,0,0,0,0,0,0,0,0,0,0,0,223,16256,0,0,0,0
80938.697,17068,58,0,0,0,0,0,8,462,5,57,0,0,0,0,0,0,0,0,0,0,0,0,0,0,0,0,0,0,0,0,0,0,254,16993,0,0,0,0
80954.939,16242,61,0,0,0,0,0,8,530,5,57,0,0,0,0,0,0,0,0,0,0,0,0,0,0,0,0,0,0,0,0,0,0,241,16857,0,0,0,0
80972.173,17234,58,0,0,0,0,0,8,524,5,57,0,0,0,0,0,0,0,0,0,0,0,0,0,0,0,0,0,0,0,0,0,0,215,16086,0,0,0,0
80988.256,16082,62,0,0,0,0,0,8,481,5,57,0,0,0,0,0,0,0,0,0,0,0,0,0,0,0,0,0,0,0,0,0,0,228,17366,0,0,0,0
81005.390,17133,58,0,0,0,0,0,8,500,5,57,0,0,0,0,0,0,0,0,0,0,0,0,0,0,0,0,0,0,0,0,0,0,209,16063,0,0,0,0
81022.113,16723,59,0,0,0,0,0,8,526,5,57,0,0,0,0,0,0,0,0,0,0,0,0,0,0,0,0,0,0,0,0,0,0,247,17157,0,0,0,0
81038.534,16421,60,0,0,0,0,0,8,462,5,57,0,0,0,0,0,0,0,0,0,0,0,0,0,0,0,0,0,0,0,0,0,0,240,16677,0,0,0,0
81055.120,16585,60,0,0,0,0,0,8,529,5,57,0,0,0,0,0,0,0,0,0,0,0,0,0,0,0,0,0,0,0,0,0,0,220,16444,0,0,0,0
81072.498,17378,57,0,0,0,0,0,8,526,5,57,0,0,0,0,0,0,0,0,0,0,0,0,0,0,0,0,0,0,0,0,0,0,237,16524,0,0,0,0
81088.983,16485,60,0,0,0,0,0,8,430,5,57,0,0,0,0,0,0,0,0,0,0,0,0,0,0,0,0,0,0,0,0,0,0,235,17383,0,0,0,0
81105.125,16141,61,0,0,0,0,0,8,524,5,57,0,0,0,0,0,0,0,0,0,0,0,0,0,0,0,0,0,0,0,0,0,0,216,16493,0,0,0,0
81121.708,16582,60,0,0,0,0,0,8,526,5,57,0,0,0,0,0,0,0,0,0,0,0,0,0,0,0,0,0,0,0,0,0,0,233,16163,0,0,0,0
81138.816,17108,58,0,0,0,0,0,8,481,5,57,0,0,0,0,0,0,0,0,0,0,0,0,0,0,0,0,0,0,0,0,0,0,234,16675,0,0,0,0
81155.189,16372,61,0,0,0,0,0,8,532,5,57,0,0,0,0,0,0,0,0,0,0,0,0,0,0,0,0,0,0,0,0,0,0,226,16970,0,0,0,0
81171.892,16702,59,0,0,0,0,0,8,499,5,57,0,0,0,0,0,0,0,0,0,0,0,0,0,0,0,0,0,0,0,0,0,0,237,16418,0,0,0,0
81188.626,16733,59,0,0,0,0,0,8,461,5,57,0,0,0,0,0,0,0,0,0,0,0,0,0,0,0,0,0,0,0,0,0,0,232,16683,0,0,0,0
81205.988,17362,57,0,0,0,0,0,8,531,5,57,0,0,0,0,0,0,0,0,0,0,0,0,0,0,0,0,0,0,0,0,0,0,243,16725,0,0,0,0
81222.076,16087,62,0,0,0,0,0,8,522,5,57,0,0,0,0,0,0,0,0,0,0,0,0,0,0,0,0,0,0,0,0,0,0,226,17369,0,0,0,0
81238.749,16673,59,0,0,0,0,0,8,465,5,57,0,0,0,0,0,0,0,0,0,0,0,0,0,0,0,0,0,0,0,0,0,0,238,16471,0,0,0,0
81255.114,16365,61,0,0,0,0,0,8,493,5,57,0,0,0,0,0,0,0,0,0,0,0,0,0,0,0,0,0,0,0,0,0,0,221,16248,0,0,0,0
81271.985,16870,59,0,0,0,0,0,8,522,5,57,0,0,0,0,0,0,0,0,0,0,0,0,0,0,0,0,0,0,0,0,0,0,223,16746,0,0,0,0
81288.504,16518,60,0,0,0,0,0,8,479,5,57,0,0,0,0,0,0,0,0,0,0,0,0,0,0,0,0,0,0,0,0,0,0,222,16595,0,0,0,0
81305.508,17004,58,0,0,0,0,0,8,526,5,57,0,0,0,0,0,0,0,0,0,0,0,0,0,0,0,0,0,0,0,0,0,0,222,16472,0,0,0,0
81322.489,16981,58,0,0,0,0,0,8,498,5,57,0,0,0,0,0,0,0,0,0,0,0,0,0,0,0,0,0,0,0,0,0,0,225,16984,0,0,0,0
81338.820,16330,61,0,0,0,0,0,8,466,5,57,0,0,0,0,0,0,0,0,0,0,0,0,0,0,0,0,0,0,0,0,0,0,262,17043,0,0,0,0
81355.235,16415,60,0,0,0,0,0,8,521,5,57,0,0,0,0,0,0,0,0,0,0,0,0,0,0,0,0,0,0,0,0,0,0,204,16226,0,0,0,0
81372.271,17035,58,0,0,0,0,0,8,528,5,57,0,0,0,0,0,0,0,0,0,0,0,0,0,0,0,0,0,0,0,0,0,0,230,16475,0,0,0,0
81388.515,16244,61,0,0,0,0,0,8,461,5,57,0,0,0,0,0,0,0,0,0,0,0,0,0,0,0,0,0,0,0,0,0,0,211,16896,0,0,0,0
81405.984,17469,57,0,0,0,0,0,8,501,5,57,0,0,0,0,0,0,0,0,0,0,0,0,0,0,0,0,0,0,0,0,0,0,230,16443,0,0,0,0
81421.827,15842,63,0,0,0,0,0,8,524,5,57,0,0,0,0,0,0,0,0,0,0,0,0,0,0,0,0,0,0,0,0,0,0,231,17407,0,0,0,0
81438.975,17147,58,0,0,0,0,0,8,482,5,57,0,0,0,0,0,0,0,0,0,0,0,0,0,0,0,0,0,0,0,0,0,0,221,15867,0,0,0,0
81455.987,17012,58,0,0,0,0,0,8,529,5,57,0,0,0,0,0,0,0,0,0,0,0,0,0,0,0,0,0,0,0,0,0,0,213,17085,0,0,0,0
81472.135,16147,61,0,0,0,0,0,8,521,5,57,0,0,0,0,0,0,0,0,0,0,0,0,0,0,0,0,0,0,0,0,0,0,261,17083,0,0,0,0
81488.029,15894,62,0,0,0,0,0,8,430,5,57,0,0,0,0,0,0,0,0,0,0,0,0,0,0,0,0,0,0,0,0,0,0,228,16066,0,0,0,0
81505.977,17948,55,0,0,0,0,0,8,529,5,57,0,0,0,0,0,0,0,0,0,0,0,0,0,0,0,0,0,0,0,0,0,0,207,15869,0,0,0,0
81521.412,15435,64,0,0,0,0,0,8,521,5,57,0,0,0,0,0,0,0,0,0,0,0,0,0,0,0,0,0,0,0,0,0,0,238,18024,0,0,0,0
81538.660,17248,57,0,0,0,0,0,8,464,5,57,0,0,0,0,0,0,0,0,0,0,0,0,0,0,0,0,0,0,0,0,0,0,224,15283,0,0,0,0
81555.250,16589,60,0,0,0,0,0,8,525,5,57,0,0,0,0,0,0,0,0,0,0,0,0,0,0,0,0,0,0,0,0,0,0,215,17308,0,0,0,0
81572.604,17354,57,0,0,0,0,0,8,498,5,57,0,0,0,0,0,0,0,0,0,0,0,0,0,0,0,0,0,0,0,0,0,0,234,16684,0,0,0,0
81587.985,15381,65,0,0,0,0,0,8,457,5,57,0,0,0,0,0,0,0,0,0,0,0,0,0,0,0,0,0,0,0,0,0,0,233,17332,0,0,0,0
81605.248,17262,57,0,0,0,0,0,8,533,5,57,0,0,0,0,0,0,0,0,0,0,0,0,0,0,0,0,0,0,0,0,0,0,225,15458,0,0,0,0
81621.612,16364,61,0,0,0,0,0,8,524,5,57,0,0,0,0,0,0,0,0,0,0,0,0,0,0,0,0,0,0,0,0,0,0,229,17194,0,0,0,0
81638.499,16886,59,0,0,0,0,0,8,470,5,57,0,0,0,0,0,0,0,0,0,0,0,0,0,0,0,0,0,0,0,0,0,0,237,16337,0,0,0,0
81655.495,16995,58,0,0,0,0,0,8,517,5,57,0,0,0,0,0,0,0,0,0,0,0,0,0,0,0,0,0,0,0,0,0,0,219,16977,0,0,0,0
81672.109,16614,60,0,0,0,0,0,8,525,5,57,0,0,0,0,0,0,0,0,0,0,0,0,0,0,0,0,0,0,0,0,0,0,243,16956,0,0,0,0
81688.542,16432,60,0,0,0,0,0,8,459,5,57,0,0,0,0,0,0,0,0,0,0,0,0,0,0,0,0,0,0,0,0,0,0,233,16629,0,0,0,0
81705.195,16652,60,0,0,0,0,0,8,531,5,57,0,0,0,0,0,0,0,0,0,0,0,0,0,0,0,0,0,0,0,0,0,0,211,16366,0,0,0,0
81721.765,16570,60,0,0,0,0,0,8,495,5,57,0,0,0,0,0,0,0,0,0,0,0,0,0,0,0,0,0,0,0,0,0,0,229,16692,0,0,0,0
81737.978,16212,61,0,0,0,0,0,8,461,5,57,0,0,0,0,0,0,0,0,0,0,0,0,0,0,0,0,0,0,0,0,0,0,240,16582,0,0,0,0
81755.985,18006,55,0,0,0,0,0,8,531,5,57,0,0,0,0,0,0,0,0,0,0,0,0,0,0,0,0,0,0,0,0,0,0,218,16109,0,0,0,0
81771.764,15779,63,0,0,0,0,0,8,519,5,57,0,0,0,0,0,0,0,0,0,0,0,0,0,0,0,0,0,0,0,0,0,0,239,18165,0,0,0,0
81788.662,16898,59,0,0,0,0,0,8,462,5,57,0,0,0,0,0,0,0,0,0,0,0,0,0,0,0,0,0,0,0,0,0,0,215,15639,0,0,0,0
81805.975,17312,57,0,0,0,0,0,8,499,5,57,0,0,0,0,0,0,0,0,0,0,0,0,0,0,0,0,0,0,0,0,0,0,233,16931,0,0,0,0
81821.736,15761,63,0,0,0,0,0,8,524,5,57,0,0,0,0,0,0,0,0,0,0,0,0,0,0,0,0,0,0,0,0,0,0,231,17350,0,0,0,0
81838.495,16758,59,0,0,0,0,0,8,466,5,57,0,0,0,0,0,0,0,0,0,0,0,0,0,0,0,0,0,0,0,0,0,0,222,15736,0,0,0,0
81855.193,16698,59,0,0,0,0,0,8,525,5,57,0,0,0,0,0,0,0,0,0,0,0,0,0,0,0,0,0,0,0,0,0,0,229,16783,0,0,0,0
81872.141,16947,59,0,0,0,0,0,8,530,5,57,0,0,0,0,0,0,0,0,0,0,0,0,0,0,0,0,0,0,0,0,0,0,235,16661,0,0,0,0
81888.671,16530,60,0,0,0,0,0,8,427,5,57,0,0,0,0,0,0,0,0,0,0,0,0,0,0,0,0,0,0,0,0,0,0,248,16949,0,0,0,0
81905.982,17301,57,0,0,0,0,0,8,529,5,57,0,0,0,0,0,0,0,0,0,0,0,0,0,0,0,0,0,0,0,0,0,0,220,16554,0,0,0,0
81922.116,16143,61,0,0,0,0,0,8,528,5,57,0,0,0,0,0,0,0,0,0,0,0,0,0,0,0,0,0,0,0,0,0,0,249,17359,0,0,0,0
81938.749,16633,60,0,0,0,0,0,8,467,5,57,0,0,0,0,0,0,0,0,0,0,0,0,0,0,0,0,0,0,0,0,0,0,256,16354,0,0,0,0
81955.653,16904,59,0,0,0,0,0,8,529,5,57,0,0,0,0,0,0,0,0,0,0,0,0,0,0,0,0,0,0,0,0,0,0,206,16324,0,0,0,0
81971.764,16111,62,0,0,0,0,0,8,496,5,57,0,0,0,0,0,0,0,0,0,0,0,0,0,0,0,0,0,0,0,0,0,0,244,16919,0,0,0,0
81988.664,16899,59,0,0,0,0,0,8,463,5,57,0,0,0,0,0,0,0,0,0,0,0,0,0,0,0,0,0,0,0,0,0,0,221,16300,0,0,0,0
82005.988,17324,57,0,0,0,0,0,8,526,5,57,0,0,0,0,0,0,0,0,0,0,0,0,0,0,0,0,0,0,0,0,0,0,210,16592,0,0,0,0
82022.230,16242,61,0,0,0,0,0,8,520,5,57,0,0,0,0,0,0,0,0,0,0,0,0,0,0,0,0,0,0,0,0,0,0,222,17463,0,0,0,0
82038.838,16608,60,0,0,0,0,0,8,467,5,57,0,0,0,0,0,0,0,0,0,0,0,0,0,0,0,0,0,0,0,0,0,0,221,16934,0,0,0,0
82055.975,17136,58,0,0,0,0,0,8,512,5,57,0,0,0,0,0,0,0,0,0,0,0,0,0,0,0,0,0,0,0,0,0,0,220,15966,0,0,0,0
82071.806,15831,63,0,0,0,0,0,8,530,5,57,0,0,0,0,0,0,0,0,0,0,0,0,0,0,0,0,0,0,0,0,0,0,221,17090,0,0,0,0
82087.982,16175,61,0,0,0,0,0,8,465,5,57,0,0,0,0,0,0,0,0,0,0,0,0,0,0,0,0,0,0,0,0,0,0,234,15832,0,0,0,0
82105.110,17128,58,0,0,0,0,0,8,530,5,57,0,0,0,0,0,0,0,0,0,0,0,0,0,0,0,0,0,0,0,0,0,0,233,16242,0,0,0,0
82122.195,17085,58,0,0,0,0,0,8,497,5,57,0,0,0,0,0,0,0,0,0,0,0,0,0,0,0,0,0,0,0,0,0,0,230,17050,0,0,0,0
82138.180,15985,62,0,0,0,0,0,8,461,5,57,0,0,0,0,0,0,0,0,0,0,0,0,0,0,0,0,0,0,0,0,0,0,241,17088,0,0,0,0
82155.493,17313,57,0,0,0,0,0,8,524,5,57,0,0,0,0,0,0,0,0,0,0,0,0,0,0,0,0,0,0,0,0,0,0,212,15966,0,0,0,0
82172.497,17003,58,0,0,0,0,0,8,526,5,57,0,0,0,0,0,0,0,0,0,0,0,0,0,0,0,0,0,0,0,0,0,0,228,17347,0,0,0,0
82188.875,16378,61,0,0,0,0,0,8,468,5,57,0,0,0,0,0,0,0,0,0,0,0,0,0,0,0,0,0,0,0,0,0,0,231,16964,0,0,0,0
82205.493,16618,60,0,0,0,0,0,8,496,5,57,0,0,0,0,0,0,0,0,0,0,0,0,0,0,0,0,0,0,0,0,0,0,246,16400,0,0,0,0
82221.815,16321,61,0,0,0,0,0,8,529,5,57,0,0,0,0,0,0,0,0,0,0,0,0,0,0,0,0,0,0,0,0,0,0,220,16604,0,0,0,0
82238.482,16666,59,0,0,0,0,0,8,461,5,57,0,0,0,0,0,0,0,0,0,0,0,0,0,0,0,0,0,0,0,0,0,0,229,16333,0,0,0,0
82255.982,17489,57,0,0,0,0,0,8,530,5,57,0,0,0,0,0,0,0,0,0,0,0,0,0,0,0,0,0,0,0,0,0,0,221,16754,0,0,0,0
82271.495,15522,64,0,0,0,0,0,8,519,5,57,0,0,0,0,0,0,0,0,0,0,0,0,0,0,0,0,0,0,0,0,0,0,225,17408,0,0,0,0
82288.489,16994,58,0,0,0,0,0,8,434,5,57,0,0,0,0,0,0,0,0,0,0,0,0,0,0,0,0,0,0,0,0,0,0,222,15599,0,0,0,0
82305.116,16616,60,0,0,0,0,0,8,526,5,57,0,0,0,0,0,0,0,0,0,0,0,0,0,0,0,0,0,0,0,0,0,0,213,16893,0,0,0,0
82322.207,17102,58,0,0,0,0,0,8,530,5,57,0,0,0,0,0,0,0,0,0,0,0,0,0,0,0,0,0,0,0,0,0,0,237,16654,0,0,0,0
82338.802,16594,60,0,0,0,0,0,8,467,5,57,0,0,0,0,0,0,0,0,0,0,0,0,0,0,0,0,0,0,0,0,0,0,243,17385,0,0,0,0
82355.484,16681,59,0,0,0,0,0,8,526,5,57,0,0,0,0,0,0,0,0,0,0,0,0,0,0,0,0,0,0,0,0,0,0,222,16422,0,0,0,0
82372.108,16624,60,0,0,0,0,0,8,494,5,57,0,0,0,0,0,0,0,0,0,0,0,0,0,0,0,0,0,0,0,0,0,0,228,16567,0,0,0,0
82388.528,16420,60,0,0,0,0,0,8,458,5,57,0,0,0,0,0,0,0,0,0,0,0,0,0,0,0,0,0,0,0,0,0,0,219,16588,0,0,0,0
82405.501,16972,58,0,0,0,0,0,8,525,5,57,0,0,0,0,0,0,0,0,0,0,0,0,0,0,0,0,0,0,0,0,0,0,221,16480,0,0,0,0
82421.700,16199,61,0,0,0,0,0,8,525,5,57,0,0,0,0,0,0,0,0,0,0,0,0,0,0,0,0,0,0,0,0,0,0,234,16946,0,0,0,0
82438.794,17094,58,0,0,0,0,0,8,466,5,57,0,0,0,0,0,0,0,0,0,0,0,0,0,0,0,0,0,0,0,0,0,0,233,16189,0,0,0,0
82455.977,17183,58,0,0,0,0,0,8,529,5,57,0,0,0,0,0,0,0,0,0,0,0,0,0,0,0,0,0,0,0,0,0,0,233,17155,0,0,0,0
82471.493,15515,64,0,0,0,0,0,8,518,5,57,0,0,0,0,0,0,0,0,0,0,0,0,0,0,0,0,0,0,0,0,0,0,240,17141,0,0,0,0
82488.414,16921,59,0,0,0,0,0,8,466,5,57,0,0,0,0,0,0,0,0,0,0,0,0,0,0,0,0,0,0,0,0,0,0,232,15459,0,0,0,0
82505.977,17562,56,0,0,0,0,0,8,530,5,57,0,0,0,0,0,0,0,0,0,0,0,0,0,0,0,0,0,0,0,0,0,0,209,16997,0,0,0,0
82521.806,15829,63,0,0,0,0,0,8,486,5,57,0,0,0,0,0,0,0,0,0,0,0,0,0,0,0,0,0,0,0,0,0,0,243,17553,0,0,0,0
82538.517,16710,59,0,0,0,0,0,8,465,5,57,0,0,0,0,0,0,0,0,0,0,0,0,0,0,0,0,0,0,0,0,0,0,254,15846,0,0,0,0
82555.971,17454,57,0,0,0,0,0,8,528,5,57,0,0,0,0,0,0,0,0,0,0,0,0,0,0,0,0,0,0,0,0,0,0,225,16630,0,0,0,0
82572.189,16218,61,0,0,0,0,0,8,521,5,57,0,0,0,0,0,0,0,0,0,0,0,0,0,0,0,0,0,0,0,0,0,0,229,17476,0,0,0,0
82588.625,16436,60,0,0,0,0,0,8,462,5,57,0,0,0,0,0,0,0,0,0,0,0,0,0,0,0,0,0,0,0,0,0,0,228,16217,0,0,0,0
82605.979,17342,57,0,0,0,0,0,8,498,5,57,0,0,0,0,0,0,0,0,0,0,0,0,0,0,0,0,0,0,0,0,0,0,215,16456,0,0,0,0
82621.983,16015,62,0,0,0,0,0,8,525,5,57,0,0,0,0,0,0,0,0,0,0,0,0,0,0,0,0,0,0,0,0,0,0,239,17341,0,0,0,0
82638.678,16695,59,0,0,0,0,0,8,465,5,57,0,0,0,0,0,0,0,0,0,0,0,0,0,0,0,0,0,0,0,0,0,0,224,15995,0,0,0,0
82655.357,16679,59,0,0,0,0,0,8,532,5,57,0,0,0,0,0,0,0,0,0,0,0,0,0,0,0,0,0,0,0,0,0,0,240,16956,0,0,0,0
82672.101,16744,59,0,0,0,0,0,8,525,5,57,0,0,0,0,0,0,0,0,0,0,0,0,0,0,0,0,0,0,0,0,0,0,234,16390,0,0,0,0
82688.087,15986,62,0,0,0,0,0,8,427,5,57,0,0,0,0,0,0,0,0,0,0,0,0,0,0,0,0,0,0,0,0,0,0,236,16794,0,0,0,0
82705.966,17878,55,0,0,0,0,0,8,531,5,57,0,0,0,0,0,0,0,0,0,0,0,0,0,0,0,0,0,0,0,0,0,0,227,15962,0,0,0,0
82721.920,15953,62,0,0,0,0,0,8,524,5,57,0,0,0,0,0,0,0,0,0,0,0,0,0,0,0,0,0,0,0,0,0,0,276,17921,0,0,0,0
82738.551,16631,60,0,0,0,0,0,8,460,5,57,0,0,0,0,0,0,0,0,0,0,0,0,0,0,0,0,0,0,0,0,0,0,224,16028,0,0,0,0
82755.258,16706,59,0,0,0,0,0,8,523,5,57,0,0,0,0,0,0,0,0,0,0,0,0,0,0,0,0,0,0,0,0,0,0,211,16495,0,0,0,0
82772.069,16810,59,0,0,0,0,0,8,499,5,57,0,0,0,0,0,0,0,0,0,0,0,0,0,0,0,0,0,0,0,0,0,0,224,16759,0,0,0,0
82788.509,16440,60,0,0,0,0,0,8,463,5,57,0,0,0,0,0,0,0,0,0,0,0,0,0,0,0,0,0,0,0,0,0,0,237,16781,0,0,0,0
82805.112,16602,60,0,0,0,0,0,8,524,5,57,0,0,0,0,0,0,0,0,0,0,0,0,0,0,0,0,0,0,0,0,0,0,213,16865,0,0,0,0
82821.986,16874,59,0,0,0,0,0,8,530,5,57,0,0,0,0,0,0,0,0,0,0,0,0,0,0,0,0,0,0,0,0,0,0,227,16212,0,0,0,0
82838.881,16895,59,0,0,0,0,0,8,465,5,57,0,0,0,0,0,0,0,0,0,0,0,0,0,0,0,0,0,0,0,0,0,0,228,16844,0,0,0,0
82855.970,17088,58,0,0,0,0,0,8,488,5,57,0,0,0,0,0,0,0,0,0,0,0,0,0,0,0,0,0,0,0,0,0,0,245,16945,0,0,0,0
82872.101,16131,61,0,0,0,0,0,8,518,5,57,0,0,0,0,0,0,0,0,0,0,0,0,0,0,0,0,0,0,0,0,0,0,229,17076,0,0,0,0
82888.478,16377,61,0,0,0,0,0,8,465,5,57,0,0,0,0,0,0,0,0,0,0,0,0,0,0,0,0,0,0,0,0,0,0,216,16090,0,0,0,0
82905.963,17484,57,0,0,0,0,0,8,531,5,57,0,0,0,0,0,0,0,0,0,0,0,0,0,0,0,0,0,0,0,0,0,0,226,16407,0,0,0,0
82921.776,15813,63,0,0,0,0,0,8,491,5,57,0,0,0,0,0,0,0,0,0,0,0,0,0,0,0,0,0,0,0,0,0,0,241,17495,0,0,0,0
82938.751,16974,58,0,0,0,0,0,8,466,5,57,0,0,0,0,0,0,0,0,0,0,0,0,0,0,0,0,0,0,0,0,0,0,224,15714,0,0,0,0
82955.330,16579,60,0,0,0,0,0,8,544,5,57,0,0,0,0,0,0,0,0,0,0,0,0,0,0,0,0,0,0,0,0,0,0,221,17049,0,0,0,0
82972.050,16720,59,0,0,0,0,0,8,525,5,57,0,0,0,0,0,0,0,0,0,0,0,0,0,0,0,0,0,0,0,0,0,0,246,16602,0,0,0,0
82987.996,15945,62,0,0,0,0,0,8,467,5,57,0,0,0,0,0,0,0,0,0,0,0,0,0,0,0,0,0,0,0,0,0,0,227,16675,0,0,0,0
83005.615,17619,56,0,0,0,0,0,8,494,5,57,0,0,0,0,0,0,0,0,0,0,0,0,0,0,0,0,0,0,0,0,0,0,242,15966,0,0,0,0
83022.612,16996,58,0,0,0,0,0,8,529,5,57,0,0,0,0,0,0,0,0,0,0,0,0,0,0,0,0,0,0,0,0,0,0,230,17577,0,0,0,0
83038.727,16114,62,0,0,0,0,0,8,462,5,57,0,0,0,0,0,0,0,0,0,0,0,0,0,0,0,0,0,0,0,0,0,0,242,17028,0,0,0,0
83055.101,16373,61,0,0,0,0,0,8,529,5,57,0,0,0,0,0,0,0,0,0,0,0,0,0,0,0,0,0,0,0,0,0,0,217,16008,0,0,0,0
83071.748,16647,60,0,0,0,0,0,8,530,5,57,0,0,0,0,0,0,0,0,0,0,0,0,0,0,0,0,0,0,0,0,0,0,219,16385,0,0,0,0
83088.208,16460,60,0,0,0,0,0,8,435,5,57,0,0,0,0,0,0,0,0,0,0,0,0,0,0,0,0,0,0,0,0,0,0,218,16643,0,0,0,0
83105.959,17750,56,0,0,0,0,0,8,525,5,57,0,0,0,0,0,0,0,0,0,0,0,0,0,0,0,0,0,0,0,0,0,0,235,16553,0,0,0,0
83121.727,15767,63,0,0,0,0,0,8,520,5,57,0,0,0,0,0,0,0,0,0,0,0,0,0,0,0,0,0,0,0,0,0,0,238,17771,0,0,0,0
83138.793,17066,58,0,0,0,0,0,8,465,5,57,0,0,0,0,0,0,0,0,0,0,0,0,0,0,0,0,0,0,0,0,0,0,224,15928,0,0,0,0
83155.974,17180,58,0,0,0,0,0,8,533,5,57,0,0,0,0,0,0,0,0,0,0,0,0,0,0,0,0,0,0,0,0,0,0,260,16897,0,0,0,0
83172.017,16043,62,0,0,0,0,0,8,492,5,57,0,0,0,0,0,0,0,0,0,0,0,0,0,0,0,0,0,0,0,0,0,0,228,17163,0,0,0,0
83188.585,16568,60,0,0,0,0,0,8,457,5,57,0,0,0,0,0,0,0,0,0,0,0,0,0,0,0,0,0,0,0,0,0,0,221,15950,0,0,0,0
83205.174,16588,60,0,0,0,0,0,8,527,5,57,0,0,0,0,0,0,0,0,0,0,0,0,0,0,0,0,0,0,0,0,0,0,205,16692,0,0,0,0
83221.521,16347,61,0,0,0,0,0,8,542,5,57,0,0,0,0,0,0,0,0,0,0,0,0,0,0,0,0,0,0,0,0,0,0,230,16599,0,0,0,0
83238.834,17312,57,0,0,0,0,0,8,466,5,57,0,0,0,0,0,0,0,0,0,0,0,0,0,0,0,0,0,0,0,0,0,0,225,16248,0,0,0,0
83255.101,16267,61,0,0,0,0,0,8,499,5,57,0,0,0,0,0,0,0,0,0,0,0,0,0,0,0,0,0,0,0,0,0,0,227,17339,0,0,0,0
83272.095,16994,58,0,0,0,0,0,8,529,5,57,0,0,0,0,0,0,0,0,0,0,0,0,0,0,0,0,0,0,0,0,0,0,248,16318,0,0,0,0
83288.474,16378,61,0,0,0,0,0,8,458,5,57,0,0,0,0,0,0,0,0,0,0,0,0,0,0,0,0,0,0,0,0,0,0,227,16988,0,0,0,0
83305.476,17002,58,0,0,0,0,0,8,526,5,57,0,0,0,0,0,0,0,0,0,0,0,0,0,0,0,0,0,0,0,0,0,0,242,16585,0,0,0,0
83322.098,16621,60,0,0,0,0,0,8,500,5,57,0,0,0,0,0,0,0,0,0,0,0,0,0,0,0,0,0,0,0,0,0,0,221,16798,0,0,0,0
83338.796,16699,59,0,0,0,0,0,8,466,5,57,0,0,0,0,0,0,0,0,0,0,0,0,0,0,0,0,0,0,0,0,0,0,227,16610,0,0,0,0
83355.957,17160,58,0,0,0,0,0,8,522,5,57,0,0,0,0,0,0,0,0,0,0,0,0,0,0,0,0,0,0,0,0,0,0,231,16812,0,0,0,0
83372.245,16287,61,0,0,0,0,0,8,530,5,57,0,0,0,0,0,0,0,0,0,0,0,0,0,0,0,0,0,0,0,0,0,0,260,17226,0,0,0,0
83388.176,15931,62,0,0,0,0,0,8,461,5,57,0,0,0,0,0,0,0,0,0,0,0,0,0,0,0,0,0,0,0,0,0,0,245,16144,0,0,0,0
83405.395,17219,58,0,0,0,0,0,8,499,5,57,0,0,0,0,0,0,0,0,0,0,0,0,0,0,0,0,0,0,0,0,0,0,230,16640,0,0,0,0
83422.114,16719,59,0,0,0,0,0,8,530,5,57,0,0,0,0,0,0,0,0,0,0,0,0,0,0,0,0,0,0,0,0,0,0,236,16471,0,0,0,0
83438.285,16170,61,0,0,0,0,0,8,464,5,57,0,0,0,0,0,0,0,0,0,0,0,0,0,0,0,0,0,0,0,0,0,0,231,16729,0,0,0,0
83455.958,17673,56,0,0,0,0,0,8,525,5,57,0,0,0,0,0,0,0,0,0,0,0,0,0,0,0,0,0,0,0,0,0,0,238,16180,0,0,0,0
83472.419,16460,60,0,0,0,0,0,8,520,5,57,0,0,0,0,0,0,0,0,0,0,0,0,0,0,0,0,0,0,0,0,0,0,235,17655,0,0,0,0
83488.616,16197,61,0,0,0,0,0,8,448,5,57,0,0,0,0,0,0,0,0,0,0,0,0,0,0,0,0,0,0,0,0,0,0,221,16652,0,0,0,0
83505.475,16859,59,0,0,0,0,0,8,526,5,57,0,0,0,0,0,0,0,0,0,0,0,0,0,0,0,0,0,0,0,0,0,0,208,16249,0,0,0,0
83522.128,16652,60,0,0,0,0,0,8,528,5,57,0,0,0,0,0,0,0,0,0,0,0,0,0,0,0,0,0,0,0,0,0,0,221,16632,0,0,0,0
83538.614,16477,60,0,0,0,0,0,8,466,5,57,0,0,0,0,0,0,0,0,0,0,0,0,0,0,0,0,0,0,0,0,0,0,237,16625,0,0,0,0
83555.988,17383,57,0,0,0,0,0,8,529,5,57,0,0,0,0,0,0,0,0,0,0,0,0,0,0,0,0,0,0,0,0,0,0,238,16504,0,0,0,0
83572.006,16018,62,0,0,0,0,0,8,486,5,57,0,0,0,0,0,0,0,0,0,0,0,0,0,0,0,0,0,0,0,0,0,0,233,17384,0,0,0,0
83589.489,17482,57,0,0,0,0,0,8,467,5,57,0,0,0,0,0,0,0,0,0,0,0,0,0,0,0,0,0,0,0,0,0,0,218,15972,0,0,0,0
83605.567,16078,62,0,0,0,0,0,8,525,5,57,0,0,0,0,0,0,0,0,0,0,0,0,0,0,0,0,0,0,0,0,0,0,218,17468,0,0,0,0
83622.958,17390,57,0,0,0,0,0,8,525,5,57,0,0,0,0,0,0,0,0,0,0,0,0,0,0,0,0,0,0,0,0,0,0,218,16444,0,0,0,0
83638.154,15195,65,0,0,0,0,0,8,458,5,57,0,0,0,0,0,0,0,0,0,0,0,0,0,0,0,0,0,0,0,0,0,0,230,17086,0,0,0,0
83655.613,17459,57,0,0,0,0,0,8,486,5,57,0,0,0,0,0,0,0,0,0,0,0,0,0,0,0,0,0,0,0,0,0,0,233,15936,0,0,0,0
83672.092,16478,60,0,0,0,0,0,8,526,5,57,0,0,0,0,0,0,0,0,0,0,0,0,0,0,0,0,0,0,0,0,0,0,222,16670,0,0,0,0
83688.579,16486,60,0,0,0,0,0,8,462,5,57,0,0,0,0,0,0,0,0,0,0,0,0,0,0,0,0,0,0,0,0,0,0,215,16512,0,0,0,0
83705.966,17377,57,0,0,0,0,0,8,529,5,57,0,0,0,0,0,0,0,0,0,0,0,0,0,0,0,0,0,0,0,0,0,0,236,16443,0,0,0,0
83722.152,16195,61,0,0,0,0,0,8,492,5,57,0,0,0,0,0,0,0,0,0,0,0,0,0,0,0,0,0,0,0,0,0,0,225,17411,0,0,0,0
83738.315,16163,61,0,0,0,0,0,8,460,5,57,0,0,0,0,0,0,0,0,0,0,0,0,0,0,0,0,0,0,0,0,0,0,213,16097,0,0,0,0
83755.482,17167,58,0,0,0,0,0,8,544,5,57,0,0,0,0,0,0,0,0,0,0,0,0,0,0,0,0,0,0,0,0,0,0,237,16376,0,0,0,0
83771.807,16325,61,0,0,0,0,0,8,532,5,57,0,0,0,0,0,0,0,0,0,0,0,0,0,0,0,0,0,0,0,0,0,0,221,17058,0,0,0,0
83788.816,17008,58,0,0,0,0,0,8,466,5,57,0,0,0,0,0,0,0,0,0,0,0,0,0,0,0,0,0,0,0,0,0,0,232,16253,0,0,0,0
83805.957,17140,58,0,0,0,0,0,8,491,5,57,0,0,0,0,0,0,0,0,0,0,0,0,0,0,0,0,0,0,0,0,0,0,243,17032,0,0,0,0
83822.021,16064,62,0,0,0,0,0,8,521,5,57,0,0,0,0,0,0,0,0,0,0,0,0,0,0,0,0,0,0,0,0,0,0,246,17211,0,0,0,0
83838.875,16854,59,0,0,0,0,0,8,471,5,57,0,0,0,0,0,0,0,0,0,0,0,0,0,0,0,0,0,0,0,0,0,0,233,16020,0,0,0,0
83855.954,17078,58,0,0,0,0,0,8,530,5,57,0,0,0,0,0,0,0,0,0,0,0,0,0,0,0,0,0,0,0,0,0,0,236,16857,0,0,0,0
83872.432,16478,60,0,0,0,0,0,8,520,5,57,0,0,0,0,0,0,0,0,0,0,0,0,0,0,0,0,0,0,0,0,0,0,231,17098,0,0,0,0
83888.584,16151,61,0,0,0,0,0,8,431,5,57,0,0,0,0,0,0,0,0,0,0,0,0,0,0,0,0,0,0,0,0,0,0,231,16443,0,0,0,0
83905.952,17367,57,0,0,0,0,0,8,526,5,57,0,0,0,0,0,0,0,0,0,0,0,0,0,0,0,0,0,0,0,0,0,0,214,16150,0,0,0,0
83922.961,17009,58,0,0,0,0,0,8,527,5,57,0,0,0,0,0,0,0,0,0,0,0,0,0,0,0,0,0,0,0,0,0,0,232,17416,0,0,0,0
83938.502,15541,64,0,0,0,0,0,8,455,5,57,0,0,0,0,0,0,0,0,0,0,0,0,0,0,0,0,0,0,0,0,0,0,215,16919,0,0,0,0
83955.058,16556,60,0,0,0,0,0,8,530,5,57,0,0,0,0,0,0,0,0,0,0,0,0,0,0,0,0,0,0,0,0,0,0,230,15822,0,0,0,0
83972.090,17032,58,0,0,0,0,0,8,493,5,57,0,0,0,0,0,0,0,0,0,0,0,0,0,0,0,0,0,0,0,0,0,0,225,16365,0,0,0,0
83988.493,16402,60,0,0,0,0,0,8,458,5,57,0,0,0,0,0,0,0,0,0,0,0,0,0,0,0,0,0,0,0,0,0,0,235,16988,0,0,0,0
84005.957,17464,57,0,0,0,0,0,8,528,5,57,0,0,0,0,0,0,0,0,0,0,0,0,0,0,0,0,0,0,0,0,0,0,199,16332,0,0,0,0
84022.064,16107,62,0,0,0,0,0,8,538,5,57,0,0,0,0,0,0,0,0,0,0,0,0,0,0,0,0,0,0,0,0,0,0,235,17620,0,0,0,0
84038.764,16699,59,0,0,0,0,0,8,466,5,57,0,0,0,0,0,0,0,0,0,0,0,0,0,0,0,0,0,0,0,0,0,0,229,16020,0,0,0,0
84055.471,16706,59,0,0,0,0,0,8,499,5,57,0,0,0,0,0,0,0,0,0,0,0,0,0,0,0,0,0,0,0,0,0,0,221,16716,0,0,0,0
84071.936,16465,60,0,0,0,0,0,8,527,5,57,0,0,0,0,0,0,0,0,0,0,0,0,0,0,0,0,0,0,0,0,0,0,236,16735,0,0,0,0
84088.590,16653,60,0,0,0,0,0,8,465,5,57,0,0,0,0,0,0,0,0,0,0,0,0,0,0,0,0,0,0,0,0,0,0,222,16440,0,0,0,0
84105.101,16511,60,0,0,0,0,0,8,530,5,57,0,0,0,0,0,0,0,0,0,0,0,0,0,0,0,0,0,0,0,0,0,0,235,16825,0,0,0,0
84121.498,16396,60,0,0,0,0,0,8,491,5,57,0,0,0,0,0,0,0,0,0,0,0,0,0,0,0,0,0,0,0,0,0,0,239,16351,0,0,0,0
84138.811,17312,57,0,0,0,0,0,8,465,5,57,0,0,0,0,0,0,0,0,0,0,0,0,0,0,0,0,0,0,0,0,0,0,234,16404,0,0,0,0
84155.625,16813,59,0,0,0,0,0,8,525,5,57,0,0,0,0,0,0,0,0,0,0,0,0,0,0,0,0,0,0,0,0,0,0,231,17388,0,0,0,0
84172.142,16517,60,0,0,0,0,0,8,525,5,57,0,0,0,0,0,0,0,0,0,0,0,0,0,0,0,0,0,0,0,0,0,0,233,17107,0,0,0,0
84188.572,16430,60,0,0,0,0,0,8,460,5,57,0,0,0,0,0,0,0,0,0,0,0,0,0,0,0,0,0,0,0,0,0,0,232,16411,0,0,0,0
84204.668,16095,62,0,0,0,0,0,8,492,5,57,0,0,0,0,0,0,0,0,0,0,0,0,0,0,0,0,0,0,0,0,0,0,216,16054,0,0,0,0
84222.125,17456,57,0,0,0,0,0,8,528,5,57,0,0,0,0,0,0,0,0,0,0,0,0,0,0,0,0,0,0,0,0,0,0,240,16427,0,0,0,0
84238.465,16340,61,0,0,0,0,0,8,468,5,57,0,0,0,0,0,0,0,0,0,0,0,0,0,0,0,0,0,0,0,0,0,0,240,17213,0,0,0,0
84255.973,17508,57,0,0,0,0,0,8,527,5,57,0,0,0,0,0,0,0,0,0,0,0,0,0,0,0,0,0,0,0,0,0,0,218,16362,0,0,0,0
84271.741,15767,63,0,0,0,0,0,8,522,5,57,0,0,0,0,0,0,0,0,0,0,0,0,0,0,0,0,0,0,0,0,0,0,221,17488,0,0,0,0
84287.999,16257,61,0,0,0,0,0,8,441,5,57,0,0,0,0,0,0,0,0,0,0,0,0,0,0,0,0,0,0,0,0,0,0,233,15819,0,0,0,0
84305.956,17956,55,0,0,0,0,0,8,531,5,57,0,0,0,0,0,0,0,0,0,0,0,0,0,0,0,0,0,0,0,0,0,0,218,16315,0,0,0,0
84322.056,16100,62,0,0,0,0,0,8,516,5,57,0,0,0,0,0,0,0,0,0,0,0,0,0,0,0,0,0,0,0,0,0,0,253,17881,0,0,0,0
84337.993,15936,62,0,0,0,0,0,8,461,5,57,0,0,0,0,0,0,0,0,0,0,0,0,0,0,0,0,0,0,0,0,0,0,234,16084,0,0,0,0
84355.953,17960,55,0,0,0,0,0,8,529,5,57,0,0,0,0,0,0,0,0,0,0,0,0,0,0,0,0,0,0,0,0,0,0,222,15810,0,0,0,0
84372.477,16524,60,0,0,0,0,0,8,489,5,57,0,0,0,0,0,0,0,0,0,0,0,0,0,0,0,0,0,0,0,0,0,0,249,18086,0,0,0,0
84388.992,16515,60,0,0,0,0,0,8,464,5,57,0,0,0,0,0,0,0,0,0,0,0,0,0,0,0,0,0,0,0,0,0,0,226,16597,0,0,0,0
84405.170,16178,61,0,0,0,0,0,8,526,5,57,0,0,0,0,0,0,0,0,0,0,0,0,0,0,0,0,0,0,0,0,0,0,205,16373,0,0,0,0
84422.087,16916,59,0,0,0,0,0,8,529,5,57,0,0,0,0,0,0,0,0,0,0,0,0,0,0,0,0,0,0,0,0,0,0,235,16218,0,0,0,0
84438.461,16374,61,0,0,0,0,0,8,479,5,57,0,0,0,0,0,0,0,0,0,0,0,0,0,0,0,0,0,0,0,0,0,0,224,17006,0,0,0,0
84455.095,16622,60,0,0,0,0,0,8,495,5,57,0,0,0,0,0,0,0,0,0,0,0,0,0,0,0,0,0,0,0,0,0,0,240,16761,0,0,0,0
84472.012,16928,59,0,0,0,0,0,8,526,5,57,0,0,0,0,0,0,0,0,0,0,0,0,0,0,0,0,0,0,0,0,0,0,231,16172,0,0,0,0
84488.171,16158,61,0,0,0,0,0,8,460,5,57,0,0,0,0,0,0,0,0,0,0,0,0,0,0,0,0,0,0,0,0,0,0,222,16899,0,0,0,0
84505.162,16991,58,0,0,0,0,0,8,525,5,57,0,0,0,0,0,0,0,0,0,0,0,0,0,0,0,0,0,0,0,0,0,0,223,16918,0,0,0,0
84522.949,17787,56,0,0,0,0,0,8,497,5,57,0,0,0,0,0,0,0,0,0,0,0,0,0,0,0,0,0,0,0,0,0,0,238,16236,0,0,0,0
84538.722,15772,63,0,0,0,0,0,8,463,5,57,0,0,0,0,0,0,0,0,0,0,0,0,0,0,0,0,0,0,0,0,0,0,238,17873,0,0,0,0
84555.234,16511,60,0,0,0,0,0,8,526,5,57,0,0,0,0,0,0,0,0,0,0,0,0,0,0,0,0,0,0,0,0,0,0,210,15600,0,0,0,0
84572.084,16850,59,0,0,0,0,0,8,526,5,57,0,0,0,0,0,0,0,0,0,0,0,0,0,0,0,0,0,0,0,0,0,0,240,16601,0,0,0,0
84588.711,16627,60,0,0,0,0,0,8,483,5,57,0,0,0,0,0,0,0,0,0,0,0,0,0,0,0,0,0,0,0,0,0,0,228,16920,0,0,0,0
84604.962,16250,61,0,0,0,0,0,8,492,5,57,0,0,0,0,0,0,0,0,0,0,0,0,0,0,0,0,0,0,0,0,0,0,244,16581,0,0,0,0
84622.948,17986,55,0,0,0,0,0,8,524,5,57,0,0,0,0,0,0,0,0,0,0,0,0,0,0,0,0,0,0,0,0,0,0,228,16229,0,0,0,0
84638.681,15732,63,0,0,0,0,0,8,458,5,57,0,0,0,0,0,0,0,0,0,0,0,0,0,0,0,0,0,0,0,0,0,0,231,18003,0,0,0,0
84655.029,16348,61,0,0,0,0,0,8,529,5,57,0,0,0,0,0,0,0,0,0,0,0,0,0,0,0,0,0,0,0,0,0,0,194,15886,0,0,0,0
84672.082,17052,58,0,0,0,0,0,8,524,5,57,0,0,0,0,0,0,0,0,0,0,0,0,0,0,0,0,0,0,0,0,0,0,225,16190,0,0,0,0
84688.469,16386,61,0,0,0,0,0,8,432,5,57,0,0,0,0,0,0,0,0,0,0,0,0,0,0,0,0,0,0,0,0,0,0,231,17072,0,0,0,0
84705.048,16579,60,0,0,0,0,0,8,528,5,57,0,0,0,0,0,0,0,0,0,0,0,0,0,0,0,0,0,0,0,0,0,0,257,16426,0,0,0,0
84722.110,17062,58,0,0,0,0,0,8,526,5,57,0,0,0,0,0,0,0,0,0,0,0,0,0,0,0,0,0,0,0,0,0,0,239,16536,0,0,0,0
84738.815,16705,59,0,0,0,0,0,8,477,5,57,0,0,0,0,0,0,0,0,0,0,0,0,0,0,0,0,0,0,0,0,0,0,227,17057,0,0,0,0
84754.682,15867,63,0,0,0,0,0,8,517,5,57,0,0,0,0,0,0,0,0,0,0,0,0,0,0,0,0,0,0,0,0,0,0,233,16836,0,0,0,0
84772.470,17787,56,0,0,0,0,0,8,497,5,57,0,0,0,0,0,0,0,0,0,0,0,0,0,0,0,0,0,0,0,0,0,0,215,15932,0,0,0,0
84788.704,16234,61,0,0,0,0,0,8,465,5,57,0,0,0,0,0,0,0,0,0,0,0,0,0,0,0,0,0,0,0,0,0,0,231,17980,0,0,0,0
84805.466,16761,59,0,0,0,0,0,8,525,5,57,0,0,0,0,0,0,0,0,0,0,0,0,0,0,0,0,0,0,0,0,0,0,217,15771,0,0,0,0
84821.503,16036,62,0,0,0,0,0,8,525,5,57,0,0,0,0,0,0,0,0,0,0,0,0,0,0,0,0,0,0,0,0,0,0,232,16830,0,0,0,0
84838.428,16925,59,0,0,0,0,0,8,469,5,57,0,0,0,0,0,0,0,0,0,0,0,0,0,0,0,0,0,0,0,0,0,0,231,16075,0,0,0,0
84855.255,16827,59,0,0,0,0,0,8,495,5,57,0,0,0,0,0,0,0,0,0,0,0,0,0,0,0,0,0,0,0,0,0,0,239,16882,0,0,0,0
84871.504,16249,61,0,0,0,0,0,8,520,5,57,0,0,0,0,0,0,0,0,0,0,0,0,0,0,0,0,0,0,0,0,0,0,228,16803,0,0,0,0
84888.493,16988,58,0,0,0,0,0,8,478,5,57,0,0,0,0,0,0,0,0,0,0,0,0,0,0,0,0,0,0,0,0,0,0,212,16294,0,0,0,0
84905.943,17450,57,0,0,0,0,0,8,525,5,57,0,0,0,0,0,0,0,0,0,0,0,0,0,0,0,0,0,0,0,0,0,0,223,16995,0,0,0,0
84922.041,16098,62,0,0,0,0,0,8,496,5,57,0,0,0,0,0,0,0,0,0,0,0,0,0,0,0,0,0,0,0,0,0,0,266,17522,0,0,0,0
84938.617,16576,60,0,0,0,0,0,8,458,5,57,0,0,0,0,0,0,0,0,0,0,0,0,0,0,0,0,0,0,0,0,0,0,217,15926,0,0,0,0
84955.659,17042,58,0,0,0,0,0,8,525,5,57,0,0,0,0,0,0,0,0,0,0,0,0,0,0,0,0,0,0,0,0,0,0,220,16979,0,0,0,0
84972.002,16342,61,0,0,0,0,0,8,517,5,57,0,0,0,0,0,0,0,0,0,0,0,0,0,0,0,0,0,0,0,0,0,0,216,15689,0,0,0,0
84988.989,16986,58,0,0,0,0,0,8,466,5,57,0,0,0,0,0,0,0,0,0,0,0,0,0,0,0,0,0,0,0,0,0,0,223,17755,0,0,0,0
85005.464,16475,60,0,0,0,0,0,8,490,5,57,0,0,0,0,0,0,0,0,0,0,0,0,0,0,0,0,0,0,0,0,0,0,204,16519,0,0,0,0
85022.098,16634,60,0,0,0,0,0,8,533,5,57,0,0,0,0,0,0,0,0,0,0,0,0,0,0,0,0,0,0,0,0,0,0,227,16548,0,0,0,0
85038.462,16364,61,0,0,0,0,0,8,477,5,57,0,0,0,0,0,0,0,0,0,0,0,0,0,0,0,0,0,0,0,0,0,0,226,16687,0,0,0,0
85055.459,16996,58,0,0,0,0,0,8,527,5,57,0,0,0,0,0,0,0,0,0,0,0,0,0,0,0,0,0,0,0,0,0,0,227,16316,0,0,0,0
85072.080,16620,60,0,0,0,0,0,8,527,5,57,0,0,0,0,0,0,0,0,0,0,0,0,0,0,0,0,0,0,0,0,0,0,230,17071,0,0,0,0
85088.486,16406,60,0,0,0,0,0,8,425,5,57,0,0,0,0,0,0,0,0,0,0,0,0,0,0,0,0,0,0,0,0,0,0,213,16519,0,0,0,0
85105.463,16976,58,0,0,0,0,0,8,524,5,57,0,0,0,0,0,0,0,0,0,0,0,0,0,0,0,0,0,0,0,0,0,0,218,16468,0,0,0,0
85122.084,16621,60,0,0,0,0,0,8,526,5,57,0,0,0,0,0,0,0,0,0,0,0,0,0,0,0,0,0,0,0,0,0,0,221,16928,0,0,0,0
85138.792,16707,59,0,0,0,0,0,8,468,5,57,0,0,0,0,0,0,0,0,0,0,0,0,0,0,0,0,0,0,0,0,0,0,243,16645,0,0,0,0
85155.944,17151,58,0,0,0,0,0,8,526,5,57,0,0,0,0,0,0,0,0,0,0,0,0,0,0,0,0,0,0,0,0,0,0,208,16689,0,0,0,0
85172.076,16132,61,0,0,0,0,0,8,496,5,57,0,0,0,0,0,0,0,0,0,0,0,0,0,0,0,0,0,0,0,0,0,0,235,17158,0,0,0,0
85188.742,16666,60,0,0,0,0,0,8,480,5,57,0,0,0,0,0,0,0,0,0,0,0,0,0,0,0,0,0,0,0,0,0,0,222,16193,0,0,0,0
85205.578,16835,59,0,0,0,0,0,8,533,5,57,0,0,0,0,0,0,0,0,0,0,0,0,0,0,0,0,0,0,0,0,0,0,233,16566,0,0,0,0
85221.603,16024,62,0,0,0,0,0,8,525,5,57,0,0,0,0,0,0,0,0,0,0,0,0,0,0,0,0,0,0,0,0,0,0,231,16859,0,0,0,0
85238.554,16951,58,0,0,0,0,0,8,466,5,57,0,0,0,0,0,0,0,0,0,0,0,0,0,0,0,0,0,0,0,0,0,0,226,16327,0,0,0,0
85255.955,17400,57,0,0,0,0,0,8,495,5,57,0,0,0,0,0,0,0,0,0,0,0,0,0,0,0,0,0,0,0,0,0,0,228,16645,0,0,0,0
85272.081,16126,62,0,0,0,0,0,8,520,5,57,0,0,0,0,0,0,0,0,0,0,0,0,0,0,0,0,0,0,0,0,0,0,234,17398,0,0,0,0
85288.665,16583,60,0,0,0,0,0,8,466,5,57,0,0,0,0,0,0,0,0,0,0,0,0,0,0,0,0,0,0,0,0,0,0,217,16445,0,0,0,0
85304.949,16284,61,0,0,0,0,0,8,521,5,57,0,0,0,0,0,0,0,0,0,0,0,0,0,0,0,0,0,0,0,0,0,0,230,16513,0,0,0,0
85322.079,17129,58,0,0,0,0,0,8,499,5,57,0,0,0,0,0,0,0,0,0,0,0,0,0,0,0,0,0,0,0,0,0,0,230,16044,0,0,0,0
85339.489,17409,57,0,0,0,0,0,8,477,5,57,0,0,0,0,0,0,0,0,0,0,0,0,0,0,0,0,0,0,0,0,0,0,245,17247,0,0,0,0
85355.044,15555,64,0,0,0,0,0,8,527,5,57,0,0,0,0,0,0,0,0,0,0,0,0,0,0,0,0,0,0,0,0,0,0,238,17278,0,0,0,0
85371.947,16902,59,0,0,0,0,0,8,526,5,57,0,0,0,0,0,0,0,0,0,0,0,0,0,0,0,0,0,0,0,0,0,0,205,15457,0,0,0,0
85388.515,16567,60,0,0,0,0,0,8,466,5,57,0,0,0,0,0,0,0,0,0,0,0,0,0,0,0,0,0,0,0,0,0,0,232,17013,0,0,0,0
85405.535,17020,58,0,0,0,0,0,8,490,5,57,0,0,0,0,0,0,0,0,0,0,0,0,0,0,0,0,0,0,0,0,0,0,222,16563,0,0,0,0
85422.075,16540,60,0,0,0,0,0,8,526,5,57,0,0,0,0,0,0,0,0,0,0,0,0,0,0,0,0,0,0,0,0,0,0,216,16982,0,0,0,0
85438.833,16757,59,0,0,0,0,0,8,466,5,57,0,0,0,0,0,0,0,0,0,0,0,0,0,0,0,0,0,0,0,0,0,0,221,16586,0,0,0,0
85455.366,16523,60,0,0,0,0,0,8,524,5,57,0,0,0,0,0,0,0,0,0,0,0,0,0,0,0,0,0,0,0,0,0,0,246,16822,0,0,0,0
85472.119,16762,59,0,0,0,0,0,8,521,5,57,0,0,0,0,0,0,0,0,0,0,0,0,0,0,0,0,0,0,0,0,0,0,219,16375,0,0,0,0
85488.451,16332,61,0,0,0,0,0,8,450,5,57,0,0,0,0,0,0,0,0,0,0,0,0,0,0,0,0,0,0,0,0,0,0,239,16891,0,0,0,0
85505.950,17498,57,0,0,0,0,0,8,526,5,57,0,0,0,0,0,0,0,0,0,0,0,0,0,0,0,0,0,0,0,0,0,0,210,16266,0,0,0,0
85521.497,15547,64,0,0,0,0,0,8,521,5,57,0,0,0,0,0,0,0,0,0,0,0,0,0,0,0,0,0,0,0,0,0,0,222,17513,0,0,0,0
85538.651,17153,58,0,0,0,0,0,8,465,5,57,0,0,0,0,0,0,0,0,0,0,0,0,0,0,0,0,0,0,0,0,0,0,222,15593,0,0,0,0
85555.290,16638,60,0,0,0,0,0,8,533,5,57,0,0,0,0,0,0,0,0,0,0,0,0,0,0,0,0,0,0,0,0,0,0,240,17116,0,0,0,0
85572.073,16783,59,0,0,0,0,0,8,491,5,57,0,0,0,0,0,0,0,0,0,0,0,0,0,0,0,0,0,0,0,0,0,0,233,16669,0,0,0,0
85588.790,16716,59,0,0,0,0,0,8,461,5,57,0,0,0,0,0,0,0,0,0,0,0,0,0,0,0,0,0,0,0,0,0,0,223,16716,0,0,0,0
85605.947,17157,58,0,0,0,0,0,8,532,5,57,0,0,0,0,0,0,0,0,0,0,0,0,0,0,0,0,0,0,0,0,0,0,214,16820,0,0,0,0
85622.953,17005,58,0,0,0,0,0,8,527,5,57,0,0,0,0,0,0,0,0,0,0,0,0,0,0,0,0,0,0,0,0,0,0,243,17091,0,0,0,0
85638.709,15755,63,0,0,0,0,0,8,473,5,57,0,0,0,0,0,0,0,0,0,0,0,0,0,0,0,0,0,0,0,0,0,0,237,17087,0,0,0,0
85654.953,16244,61,0,0,0,0,0,8,491,5,57,0,0,0,0,0,0,0,0,0,0,0,0,0,0,0,0,0,0,0,0,0,0,211,15844,0,0,0,0
85672.072,17119,58,0,0,0,0,0,8,530,5,57,0,0,0,0,0,0,0,0,0,0,0,0,0,0,0,0,0,0,0,0,0,0,224,16059,0,0,0,0
85688.016,15943,62,0,0,0,0,0,8,458,5,57,0,0,0,0,0,0,0,0,0,0,0,0,0,0,0,0,0,0,0,0,0,0,229,17136,0,0,0,0
85705.466,17449,57,0,0,0,0,0,8,531,5,57,0,0,0,0,0,0,0,0,0,0,0,0,0,0,0,0,0,0,0,0,0,0,247,15957,0,0,0,0
85722.937,17471,57,0,0,0,0,0,8,496,5,57,0,0,0,0,0,0,0,0,0,0,0,0,0,0,0,0,0,0,0,0,0,0,237,17445,0,0,0,0
85738.619,15682,63,0,0,0,0,0,8,458,5,57,0,0,0,0,0,0,0,0,0,0,0,0,0,0,0,0,0,0,0,0,0,0,242,17512,0,0,0,0
85754.994,16374,61,0,0,0,0,0,8,524,5,57,0,0,0,0,0,0,0,0,0,0,0,0,0,0,0,0,0,0,0,0,0,0,259,15816,0,0,0,0
85771.680,16686,59,0,0,0,0,0,8,526,5,57,0,0,0,0,0,0,0,0,0,0,0,0,0,0,0,0,0,0,0,0,0,0,228,16157,0,0,0,0
85788.486,16806,59,0,0,0,0,0,8,461,5,57,0,0,0,0,0,0,0,0,0,0,0,0,0,0,0,0,0,0,0,0,0,0,225,16696,0,0,0,0
85805.455,16968,58,0,0,0,0,0,8,498,5,57,0,0,0,0,0,0,0,0,0,0,0,0,0,0,0,0,0,0,0,0,0,0,202,16758,0,0,0,0
85821.584,16129,61,0,0,0,0,0,8,527,5,57,0,0,0,0,0,0,0,0,0,0,0,0,0,0,0,0,0,0,0,0,0,0,227,17038,0,0,0,0
85838.776,17192,58,0,0,0,0,0,8,468,5,57,0,0,0,0,0,0,0,0,0,0,0,0,0,0,0,0,0,0,0,0,0,0,241,16429,0,0,0,0
85855.450,16674,59,0,0,0,0,0,8,539,5,57,0,0,0,0,0,0,0,0,0,0,0,0,0,0,0,0,0,0,0,0,0,0,235,17050,0,0,0,0
85872.074,16623,60,0,0,0,0,0,8,527,5,57,0,0,0,0,0,0,0,0,0,0,0,0,0,0,0,0,0,0,0,0,0,0,222,16503,0,0,0,0
85888.760,16685,59,0,0,0,0,0,8,427,5,57,0,0,0,0,0,0,0,0,0,0,0,0,0,0,0,0,0,0,0,0,0,0,215,16629,0,0,0,0
85905.453,16693,59,0,0,0,0,0,8,522,5,57,0,0,0,0,0,0,0,0,0,0,0,0,0,0,0,0,0,0,0,0,0,0,229,16815,0,0,0,0
85921.492,16039,62,0,0,0,0,0,8,526,5,57,0,0,0,0,0,0,0,0,0,0,0,0,0,0,0,0,0,0,0,0,0,0,217,16642,0,0,0,0
85938.556,17063,58,0,0,0,0,0,8,468,5,57,0,0,0,0,0,0,0,0,0,0,0,0,0,0,0,0,0,0,0,0,0,0,229,16013,0,0,0,0
85955.967,17410,57,0,0,0,0,0,8,526,5,57,0,0,0,0,0,0,0,0,0,0,0,0,0,0,0,0,0,0,0,0,0,0,272,17450,0,0,0,0
85972.233,16265,61,0,0,0,0,0,8,487,5,57,0,0,0,0,0,0,0,0,0,0,0,0,0,0,0,0,0,0,0,0,0,0,242,16988,0,0,0,0
85988.764,16531,60,0,0,0,0,0,8,463,5,57,0,0,0,0,0,0,0,0,0,0,0,0,0,0,0,0,0,0,0,0,0,0,210,16206,0,0,0,0
86005.451,16686,59,0,0,0,0,0,8,518,5,57,0,0,0,0,0,0,0,0,0,0,0,0,0,0,0,0,0,0,0,0,0,0,214,16677,0,0,0,0
86022.165,16713,59,0,0,0,0,0,8,525,5,57,0,0,0,0,0,0,0,0,0,0,0,0,0,0,0,0,0,0,0,0,0,0,226,16597,0,0,0,0
86038.835,16670,59,0,0,0,0,0,8,470,5,57,0,0,0,0,0,0,0,0,0,0,0,0,0,0,0,0,0,0,0,0,0,0,230,16669,0,0,0,0
86055.071,16236,61,0,0,0,0,0,8,495,5,57,0,0,0,0,0,0,0,0,0,0,0,0,0,0,0,0,0,0,0,0,0,0,222,16685,0,0,0,0
86072.455,17383,57,0,0,0,0,0,8,525,5,57,0,0,0,0,0,0,0,0,0,0,0,0,0,0,0,0,0,0,0,0,0,0,219,16229,0,0,0,0
86088.621,16166,61,0,0,0,0,0,8,461,5,57,0,0,0,0,0,0,0,0,0,0,0,0,0,0,0,0,0,0,0,0,0,0,227,17369,0,0,0,0
86105.518,16896,59,0,0,0,0,0,8,532,5,57,0,0,0,0,0,0,0,0,0,0,0,0,0,0,0,0,0,0,0,0,0,0,230,16302,0,0,0,0
86121.449,15932,62,0,0,0,0,0,8,497,5,57,0,0,0,0,0,0,0,0,0,0,0,0,0,0,0,0,0,0,0,0,0,0,225,16796,0,0,0,0
86138.481,17031,58,0,0,0,0,0,8,471,5,57,0,0,0,0,0,0,0,0,0,0,0,0,0,0,0,0,0,0,0,0,0,0,212,15893,0,0,0,0
86155.475,16994,58,0,0,0,0,0,8,526,5,57,0,0,0,0,0,0,0,0,0,0,0,0,0,0,0,0,0,0,0,0,0,0,251,17069,0,0,0,0
86172.092,16616,60,0,0,0,0,0,8,529,5,57,0,0,0,0,0,0,0,0,0,0,0,0,0,0,0,0,0,0,0,0,0,0,215,16880,0,0,0,0
86188.814,16721,59,0,0,0,0,0,8,465,5,57,0,0,0,0,0,0,0,0,0,0,0,0,0,0,0,0,0,0,0,0,0,0,215,16624,0,0,0,0
86205.936,17122,58,0,0,0,0,0,8,501,5,57,0,0,0,0,0,0,0,0,0,0,0,0,0,0,0,0,0,0,0,0,0,0,248,16809,0,0,0,0
86222.934,16997,58,0,0,0,0,0,8,524,5,57,0,0,0,0,0,0,0,0,0,0,0,0,0,0,0,0,0,0,0,0,0,0,234,17143,0,0,0,0
86238.420,15486,64,0,0,0,0,0,8,463,5,57,0,0,0,0,0,0,0,0,0,0,0,0,0,0,0,0,0,0,0,0,0,0,239,17004,0,0,0,0
86255.508,17088,58,0,0,0,0,0,8,543,5,57,0,0,0,0,0,0,0,0,0,0,0,0,0,0,0,0,0,0,0,0,0,0,218,15447,0,0,0,0
86271.683,16175,61,0,0,0,0,0,8,530,5,57,0,0,0,0,0,0,0,0,0,0,0,0,0,0,0,0,0,0,0,0,0,0,247,17113,0,0,0,0
86288.556,16872,59,0,0,0,0,0,8,435,5,57,0,0,0,0,0,0,0,0,0,0,0,0,0,0,0,0,0,0,0,0,0,0,232,16171,0,0,0,0
86305.588,17033,58,0,0,0,0,0,8,530,5,57,0,0,0,0,0,0,0,0,0,0,0,0,0,0,0,0,0,0,0,0,0,0,224,16779,0,0,0,0
86322.092,16503,60,0,0,0,0,0,8,524,5,57,0,0,0,0,0,0,0,0,0,0,0,0,0,0,0,0,0,0,0,0,0,0,240,17104,0,0,0,0
86338.619,16527,60,0,0,0,0,0,8,461,5,57,0,0,0,0,0,0,0,0,0,0,0,0,0,0,0,0,0,0,0,0,0,0,230,16505,0,0,0,0
86355.495,16876,59,0,0,0,0,0,8,529,5,57,0,0,0,0,0,0,0,0,0,0,0,0,0,0,0,0,0,0,0,0,0,0,215,16481,0,0,0,0
86372.162,16666,59,0,0,0,0,0,8,495,5,57,0,0,0,0,0,0,0,0,0,0,0,0,0,0,0,0,0,0,0,0,0,0,236,16928,0,0,0,0
86388.523,16361,61,0,0,0,0,0,8,464,5,57,0,0,0,0,0,0,0,0,0,0,0,0,0,0,0,0,0,0,0,0,0,0,228,16673,0,0,0,0
86405.457,16933,59,0,0,0,0,0,8,531,5,57,0,0,0,0,0,0,0,0,0,0,0,0,0,0,0,0,0,0,0,0,0,0,222,16777,0,0,0,0
86422.064,16607,60,0,0,0,0,0,8,524,5,57,0,0,0,0,0,0,0,0,0,0,0,0,0,0,0,0,0,0,0,0,0,0,225,16531,0,0,0,0
86439.457,17392,57,0,0,0,0,0,8,462,5,57,0,0,0,0,0,0,0,0,0,0,0,0,0,0,0,0,0,0,0,0,0,0,227,16612,0,0,0,0
86455.330,15873,62,0,0,0,0,0,8,498,5,57,0,0,0,0,0,0,0,0,0,0,0,0,0,0,0,0,0,0,0,0,0,0,226,17372,0,0,0,0
86472.067,16736,59,0,0,0,0,0,8,526,5,57,0,0,0,0,0,0,0,0,0,0,0,0,0,0,0,0,0,0,0,0,0,0,226,15868,0,0,0,0
86488.677,16610,60,0,0,0,0,0,8,465,5,57,0,0,0,0,0,0,0,0,0,0,0,0,0,0,0,0,0,0,0,0,0,0,217,16755,0,0,0,0
86504.937,16260,61,0,0,0,0,0,8,520,5,57,0,0,0,0,0,0,0,0,0,0,0,0,0,0,0,0,0,0,0,0,0,0,206,16532,0,0,0,0
86522.172,17234,58,0,0,0,0,0,8,492,5,57,0,0,0,0,0,0,0,0,0,0,0,0,0,0,0,0,0,0,0,0,0,0,228,16356,0,0,0,0
86538.746,16574,60,0,0,0,0,0,8,464,5,57,0,0,0,0,0,0,0,0,0,0,0,0,0,0,0,0,0,0,0,0,0,0,224,17422,0,0,0,0
86555.465,16718,59,0,0,0,0,0,8,534,5,57,0,0,0,0,0,0,0,0,0,0,0,0,0,0,0,0,0,0,0,0,0,0,229,16373,0,0,0,0
86572.930,17464,57,0,0,0,0,0,8,528,5,57,0,0,0,0,0,0,0,0,0,0,0,0,0,0,0,0,0,0,0,0,0,0,227,16701,0,0,0,0
86588.874,15944,62,0,0,0,0,0,8,456,5,57,0,0,0,0,0,0,0,0,0,0,0,0,0,0,0,0,0,0,0,0,0,0,230,17480,0,0,0,0
86605.443,16569,60,0,0,0,0,0,8,500,5,57,0,0,0,0,0,0,0,0,0,0,0,0,0,0,0,0,0,0,0,0,0,0,192,15915,0,0,0,0
86622.065,16622,60,0,0,0,0,0,8,527,5,57,0,0,0,0,0,0,0,0,0,0,0,0,0,0,0,0,0,0,0,0,0,0,239,16579,0,0,0,0
86638.636,16570,60,0,0,0,0,0,8,467,5,57,0,0,0,0,0,0,0,0,0,0,0,0,0,0,0,0,0,0,0,0,0,0,235,16657,0,0,0,0
86654.937,16301,61,0,0,0,0,0,8,549,5,57,0,0,0,0,0,0,0,0,0,0,0,0,0,0,0,0,0,0,0,0,0,0,217,16630,0,0,0,0
86671.988,17051,58,0,0,0,0,0,8,526,5,57,0,0,0,0,0,0,0,0,0,0,0,0,0,0,0,0,0,0,0,0,0,0,226,16218,0,0,0,0
86688.561,16573,60,0,0,0,0,0,8,433,5,57,0,0,0,0,0,0,0,0,0,0,0,0,0,0,0,0,0,0,0,0,0,0,239,17036,0,0,0,0
86705.929,17367,57,0,0,0,0,0,8,522,5,57,0,0,0,0,0,0,0,0,0,0,0,0,0,0,0,0,0,0,0,0,0,0,228,17134,0,0,0,0
86722.150,16221,61,0,0,0,0,0,8,526,5,57,0,0,0,0,0,0,0,0,0,0,0,0,0,0,0,0,0,0,0,0,0,0,233,16843,0,0,0,0
86738.713,16562,60,0,0,0,0,0,8,468,5,57,0,0,0,0,0,0,0,0,0,0,0,0,0,0,0,0,0,0,0,0,0,0,223,16153,0,0,0,0
86755.299,16586,60,0,0,0,0,0,8,526,5,57,0,0,0,0,0,0,0,0,0,0,0,0,0,0,0,0,0,0,0,0,0,0,235,16829,0,0,0,0
86771.306,16006,62,0,0,0,0,0,8,498,5,57,0,0,0,0,0,0,0,0,0,0,0,0,0,0,0,0,0,0,0,0,0,0,199,16228,0,0,0,0
86788.823,17517,57,0,0,0,0,0,8,465,5,57,0,0,0,0,0,0,0,0,0,0,0,0,0,0,0,0,0,0,0,0,0,0,202,16027,0,0,0,0
86805.936,17113,58,0,0,0,0,0,8,524,5,57,0,0,0,0,0,0,0,0,0,0,0,0,0,0,0,0,0,0,0,0,0,0,246,17623,0,0,0,0
86821.838,15901,62,0,0,0,0,0,8,529,5,57,0,0,0,0,0,0,0,0,0,0,0,0,0,0,0,0,0,0,0,0,0,0,225,17114,0,0,0,0
86838.793,16955,58,0,0,0,0,0,8,463,5,57,0,0,0,0,0,0,0,0,0,0,0,0,0,0,0,0,0,0,0,0,0,0,237,15904,0,0,0,0
86855.444,16650,60,0,0,0,0,0,8,498,5,57,0,0,0,0,0,0,0,0,0,0,0,0,0,0,0,0,0,0,0,0,0,0,237,16925,0,0,0,0
86871.797,16352,61,0,0,0,0,0,8,530,5,57,0,0,0,0,0,0,0,0,0,0,0,0,0,0,0,0,0,0,0,0,0,0,234,16689,0,0,0,0
86888.622,16825,59,0,0,0,0,0,8,468,5,57,0,0,0,0,0,0,0,0,0,0,0,0,0,0,0,0,0,0,0,0,0,0,226,16335,0,0,0,0
86905.447,16824,59,0,0,0,0,0,8,529,5,57,0,0,0,0,0,0,0,0,0,0,0,0,0,0,0,0,0,0,0,0,0,0,218,16817,0,0,0,0
86921.740,16293,61,0,0,0,0,0,8,499,5,57,0,0,0,0,0,0,0,0,0,0,0,0,0,0,0,0,0,0,0,0,0,0,230,16862,0,0,0,0
86938.237,16497,60,0,0,0,0,0,8,465,5,57,0,0,0,0,0,0,0,0,0,0,0,0,0,0,0,0,0,0,0,0,0,0,222,16269,0,0,0,0
86955.940,17702,56,0,0,0,0,0,8,525,5,57,0,0,0,0,0,0,0,0,0,0,0,0,0,0,0,0,0,0,0,0,0,0,241,16543,0,0,0,0
86972.185,16245,61,0,0,0,0,0,8,521,5,57,0,0,0,0,0,0,0,0,0,0,0,0,0,0,0,0,0,0,0,0,0,0,250,17696,0,0,0,0
86988.768,16582,60,0,0,0,0,0,8,465,5,57,0,0,0,0,0,0,0,0,0,0,0,0,0,0,0,0,0,0,0,0,0,0,233,16196,0,0,0,0
87005.449,16680,59,0,0,0,0,0,8,495,5,57,0,0,0,0,0,0,0,0,0,0,0,0,0,0,0,0,0,0,0,0,0,0,216,16474,0,0,0,0
87022.126,16677,59,0,0,0,0,0,8,526,5,57,0,0,0,0,0,0,0,0,0,0,0,0,0,0,0,0,0,0,0,0,0,0,230,16813,0,0,0,0
87038.779,16653,60,0,0,0,0,0,8,465,5,57,0,0,0,0,0,0,0,0,0,0,0,0,0,0,0,0,0,0,0,0,0,0,227,16928,0,0,0,0
87055.931,17151,58,0,0,0,0,0,8,529,5,57,0,0,0,0,0,0,0,0,0,0,0,0,0,0,0,0,0,0,0,0,0,0,215,16289,0,0,0,0
87072.155,16224,61,0,0,0,0,0,8,520,5,57,0,0,0,0,0,0,0,0,0,0,0,0,0,0,0,0,0,0,0,0,0,0,243,17265,0,0,0,0
87087.932,15777,63,0,0,0,0,0,8,432,5,57,0,0,0,0,0,0,0,0,0,0,0,0,0,0,0,0,0,0,0,0,0,0,234,16194,0,0,0,0
87105.929,17996,55,0,0,0,0,0,8,535,5,57,0,0,0,0,0,0,0,0,0,0,0,0,0,0,0,0,0,0,0,0,0,0,242,15797,0,0,0,0
87121.648,15719,63,0,0,0,0,0,8,520,5,57,0,0,0,0,0,0,0,0,0,0,0,0,0,0,0,0,0,0,0,0,0,0,239,18077,0,0,0,0
87138.595,16946,59,0,0,0,0,0,8,466,5,57,0,0,0,0,0,0,0,0,0,0,0,0,0,0,0,0,0,0,0,0,0,0,222,15565,0,0,0,0
87155.517,16921,59,0,0,0,0,0,8,537,5,57,0,0,0,0,0,0,0,0,0,0,0,0,0,0,0,0,0,0,0,0,0,0,259,17480,0,0,0,0
87172.038,16521,60,0,0,0,0,0,8,494,5,57,0,0,0,0,0,0,0,0,0,0,0,0,0,0,0,0,0,0,0,0,0,0,227,16415,0,0,0,0
87188.447,16408,60,0,0,0,0,0,8,462,5,57,0,0,0,0,0,0,0,0,0,0,0,0,0,0,0,0,0,0,0,0,0,0,214,16553,0,0,0,0
87205.926,17479,57,0,0,0,0,0,8,533,5,57,0,0,0,0,0,0,0,0,0,0,0,0,0,0,0,0,0,0,0,0,0,0,210,16380,0,0,0,0
87221.713,15786,63,0,0,0,0,0,8,521,5,57,0,0,0,0,0,0,0,0,0,0,0,0,0,0,0,0,0,0,0,0,0,0,235,17546,0,0,0,0
87239.452,17739,56,0,0,0,0,0,8,469,5,57,0,0,0,0,0,0,0,0,0,0,0,0,0,0,0,0,0,0,0,0,0,0,211,15706,0,0,0,0
87255.766,16314,61,0,0,0,0,0,8,494,5,57,0,0,0,0,0,0,0,0,0,0,0,0,0,0,0,0,0,0,0,0,0,0,225,17750,0,0,0,0
87272.028,16262,61,0,0,0,0,0,8,530,5,57,0,0,0,0,0,0,0,0,0,0,0,0,0,0,0,0,0,0,0,0,0,0,234,16377,0,0,0,0
87288.719,16690,59,0,0,0,0,0,8,467,5,57,0,0,0,0,0,0,0,0,0,0,0,0,0,0,0,0,0,0,0,0,0,0,226,16222,0,0,0,0
87304.603,15884,62,0,0,0,0,0,8,525,5,57,0,0,0,0,0,0,0,0,0,0,0,0,0,0,0,0,0,0,0,0,0,0,211,16671,0,0,0,0
87322.058,17455,57,0,0,0,0,0,8,495,5,57,0,0,0,0,0,0,0,0,0,0,0,0,0,0,0,0,0,0,0,0,0,0,227,16194,0,0,0,0
87338.575,16516,60,0,0,0,0,0,8,457,5,57,0,0,0,0,0,0,0,0,0,0,0,0,0,0,0,0,0,0,0,0,0,0,244,17209,0,0,0,0
87355.050,16474,60,0,0,0,0,0,8,531,5,57,0,0,0,0,0,0,0,0,0,0,0,0,0,0,0,0,0,0,0,0,0,0,233,16495,0,0,0,0
87372.063,17013,58,0,0,0,0,0,8,528,5,57,0,0,0,0,0,0,0,0,0,0,0,0,0,0,0,0,0,0,0,0,0,0,217,16724,0,0,0,0
87388.241,16178,61,0,0,0,0,0,8,462,5,57,0,0,0,0,0,0,0,0,0,0,0,0,0,0,0,0,0,0,0,0,0,0,229,16791,0,0,0,0
87405.930,17688,56,0,0,0,0,0,8,494,5,57,0,0,0,0,0,0,0,0,0,0,0,0,0,0,0,0,0,0,0,0,0,0,222,16299,0,0,0,0
87422.058,16127,62,0,0,0,0,0,8,526,5,57,0,0,0,0,0,0,0,0,0,0,0,0,0,0,0,0,0,0,0,0,0,0,230,17542,0,0,0,0
87438.668,16610,60,0,0,0,0,0,8,465,5,57,0,0,0,0,0,0,0,0,0,0,0,0,0,0,0,0,0,0,0,0,0,0,218,16929,0,0,0,0
87455.922,17253,57,0,0,0,0,0,8,529,5,57,0,0,0,0,0,0,0,0,0,0,0,0,0,0,0,0,0,0,0,0,0,0,212,15769,0,0,0,0
87472.145,16223,61,0,0,0,0,0,8,522,5,57,0,0,0,0,0,0,0,0,0,0,0,0,0,0,0,0,0,0,0,0,0,0,235,17309,0,0,0,0
87488.150,16004,62,0,0,0,0,0,8,432,5,57,0,0,0,0,0,0,0,0,0,0,0,0,0,0,0,0,0,0,0,0,0,0,233,16182,0,0,0,0
87504.930,16780,59,0,0,0,0,0,8,522,5,57,0,0,0,0,0,0,0,0,0,0,0,0,0,0,0,0,0,0,0,0,0,0,207,15936,0,0,0,0
87521.892,16961,58,0,0,0,0,0,8,532,5,57,0,0,0,0,0,0,0,0,0,0,0,0,0,0,0,0,0,0,0,0,0,0,226,16845,0,0,0,0
87538.460,16568,60,0,0,0,0,0,8,463,5,57,0,0,0,0,0,0,0,0,0,0,0,0,0,0,0,0,0,0,0,0,0,0,235,16977,0,0,0,0
87555.603,17142,58,0,0,0,0,0,8,530,5,57,0,0,0,0,0,0,0,0,0,0,0,0,0,0,0,0,0,0,0,0,0,0,261,16684,0,0,0,0
87571.722,16119,62,0,0,0,0,0,8,496,5,57,0,0,0,0,0,0,0,0,0,0,0,0,0,0,0,0,0,0,0,0,0,0,240,16980,0,0,0,0
87588.001,16279,61,0,0,0,0,0,8,462,5,57,0,0,0,0,0,0,0,0,0,0,0,0,0,0,0,0,0,0,0,0,0,0,218,16148,0,0,0,0
87605.442,17440,57,0,0,0,0,0,8,527,5,57,0,0,0,0,0,0,0,0,0,0,0,0,0,0,0,0,0,0,0,0,0,0,238,16327,0,0,0,0
87621.729,16287,61,0,0,0,0,0,8,526,5,57,0,0,0,0,0,0,0,0,0,0,0,0,0,0,0,0,0,0,0,0,0,0,228,17416,0,0,0,0
87638.539,16809,59,0,0,0,0,0,8,460,5,57,0,0,0,0,0,0,0,0,0,0,0,0,0,0,0,0,0,0,0,0,0,0,234,16288,0,0,0,0
87655.439,16900,59,0,0,0,0,0,8,499,5,57,0,0,0,0,0,0,0,0,0,0,0,0,0,0,0,0,0,0,0,0,0,0,221,16775,0,0,0,0
87672.057,16618,60,0,0,0,0,0,8,527,5,57,0,0,0,0,0,0,0,0,0,0,0,0,0,0,0,0,0,0,0,0,0,0,229,16938,0,0,0,0
87688.061,16003,62,0,0,0,0,0,8,469,5,57,0,0,0,0,0,0,0,0,0,0,0,0,0,0,0,0,0,0,0,0,0,0,218,16606,0,0,0,0
87705.524,17463,57,0,0,0,0,0,8,522,5,57,0,0,0,0,0,0,0,0,0,0,0,0,0,0,0,0,0,0,0,0,0,0,226,16834,0,0,0,0
87722.163,16638,60,0,0,0,0,0,8,495,5,57,0,0,0,0,0,0,0,0,0,0,0,0,0,0,0,0,0,0,0,0,0,0,235,16642,0,0,0,0
87738.568,16404,60,0,0,0,0,0,8,467,5,57,0,0,0,0,0,0,0,0,0,0,0,0,0,0,0,0,0,0,0,0,0,0,254,16649,0,0,0,0
87755.455,16887,59,0,0,0,0,0,8,522,5,57,0,0,0,0,0,0,0,0,0,0,0,0,0,0,0,0,0,0,0,0,0,0,260,16761,0,0,0,0
87772.071,16615,60,0,0,0,0,0,8,528,5,57,0,0,0,0,0,0,0,0,0,0,0,0,0,0,0,0,0,0,0,0,0,0,217,16488,0,0,0,0
87788.239,16168,61,0,0,0,0,0,8,461,5,57,0,0,0,0,0,0,0,0,0,0,0,0,0,0,0,0,0,0,0,0,0,0,228,17437,0,0,0,0
87805.924,17684,56,0,0,0,0,0,8,496,5,57,0,0,0,0,0,0,0,0,0,0,0,0,0,0,0,0,0,0,0,0,0,0,221,15414,0,0,0,0
87821.487,15562,64,0,0,0,0,0,8,519,5,57,0,0,0,0,0,0,0,0,0,0,0,0,0,0,0,0,0,0,0,0,0,0,234,17613,0,0,0,0
87837.921,16434,60,0,0,0,0,0,8,469,5,57,0,0,0,0,0,0,0,0,0,0,0,0,0,0,0,0,0,0,0,0,0,0,203,15526,0,0,0,0
87855.181,17259,57,0,0,0,0,0,8,533,5,57,0,0,0,0,0,0,0,0,0,0,0,0,0,0,0,0,0,0,0,0,0,0,232,16482,0,0,0,0
87872.059,16878,59,0,0,0,0,0,8,524,5,57,0,0,0,0,0,0,0,0,0,0,0,0,0,0,0,0,0,0,0,0,0,0,248,17291,0,0,0,0
87888.720,16661,60,0,0,0,0,0,8,434,5,57,0,0,0,0,0,0,0,0,0,0,0,0,0,0,0,0,0,0,0,0,0,0,224,16872,0,0,0,0
87905.307,16587,60,0,0,0,0,0,8,530,5,57,0,0,0,0,0,0,0,0,0,0,0,0,0,0,0,0,0,0,0,0,0,0,230,16615,0,0,0,0
87922.056,16749,59,0,0,0,0,0,8,531,5,57,0,0,0,0,0,0,0,0,0,0,0,0,0,0,0,0,0,0,0,0,0,0,225,16715,0,0,0,0
87938.543,16486,60,0,0,0,0,0,8,462,5,57,0,0,0,0,0,0,0,0,0,0,0,0,0,0,0,0,0,0,0,0,0,0,211,16562,0,0,0,0
87955.259,16716,59,0,0,0,0,0,8,544,5,57,0,0,0,0,0,0,0,0,0,0,0,0,0,0,0,0,0,0,0,0,0,0,268,17081,0,0,0,0
87972.926,17667,56,0,0,0,0,0,8,497,5,57,0,0,0,0,0,0,0,0,0,0,0,0,0,0,0,0,0,0,0,0,0,0,217,16156,0,0,0,0
87988.588,15661,63,0,0,0,0,0,8,457,5,57,0,0,0,0,0,0,0,0,0,0,0,0,0,0,0,0,0,0,0,0,0,0,232,17730,0,0,0,0
88005.922,17334,57,0,0,0,0,0,8,530,5,57,0,0,0,0,0,0,0,0,0,0,0,0,0,0,0,0,0,0,0,0,0,0,205,15969,0,0,0,0
88022.146,16224,61,0,0,0,0,0,8,521,5,57,0,0,0,0,0,0,0,0,0,0,0,0,0,0,0,0,0,0,0,0,0,0,236,17024,0,0,0,0
88038.759,16598,60,0,0,0,0,0,8,465,5,57,0,0,0,0,0,0,0,0,0,0,0,0,0,0,0,0,0,0,0,0,0,0,230,16195,0,0,0,0
88055.496,16751,59,0,0,0,0,0,8,496,5,57,0,0,0,0,0,0,0,0,0,0,0,0,0,0,0,0,0,0,0,0,0,0,215,16625,0,0,0,0
88071.848,16351,61,0,0,0,0,0,8,526,5,57,0,0,0,0,0,0,0,0,0,0,0,0,0,0,0,0,0,0,0,0,0,0,214,16643,0,0,0,0
88088.928,17079,58,0,0,0,0,0,8,468,5,57,0,0,0,0,0,0,0,0,0,0,0,0,0,0,0,0,0,0,0,0,0,0,226,16468,0,0,0,0
88105.927,16989,58,0,0,0,0,0,8,526,5,57,0,0,0,0,0,0,0,0,0,0,0,0,0,0,0,0,0,0,0,0,0,0,215,16956,0,0,0,0
88121.811,15893,62,0,0,0,0,0,8,487,5,57,0,0,0,0,0,0,0,0,0,0,0,0,0,0,0,0,0,0,0,0,0,0,233,17121,0,0,0,0
88138.505,16694,59,0,0,0,0,0,8,457,5,57,0,0,0,0,0,0,0,0,0,0,0,0,0,0,0,0,0,0,0,0,0,0,234,15930,0,0,0,0
88155.916,17410,57,0,0,0,0,0,8,529,5,57,0,0,0,0,0,0,0,0,0,0,0,0,0,0,0,0,0,0,0,0,0,0,210,16631,0,0,0,0
88172.195,16279,61,0,0,0,0,0,8,520,5,57,0,0,0,0,0,0,0,0,0,0,0,0,0,0,0,0,0,0,0,0,0,0,211,17344,0,0,0,0
88188.484,16288,61,0,0,0,0,0,8,467,5,57,0,0,0,0,0,0,0,0,0,0,0,0,0,0,0,0,0,0,0,0,0,0,222,16340,0,0,0,0
88205.058,16574,60,0,0,0,0,0,8,498,5,57,0,0,0,0,0,0,0,0,0,0,0,0,0,0,0,0,0,0,0,0,0,0,210,16308,0,0,0,0
88221.784,16726,59,0,0,0,0,0,8,545,5,57,0,0,0,0,0,0,0,0,0,0,0,0,0,0,0,0,0,0,0,0,0,0,222,16934,0,0,0,0
88238.396,16611,60,0,0,0,0,0,8,461,5,57,0,0,0,0,0,0,0,0,0,0,0,0,0,0,0,0,0,0,0,0,0,0,222,16338,0,0,0,0
88255.373,16977,58,0,0,0,0,0,8,528,5,57,0,0,0,0,0,0,0,0,0,0,0,0,0,0,0,0,0,0,0,0,0,0,227,16737,0,0,0,0
88272.055,16681,59,0,0,0,0,0,8,530,5,57,0,0,0,0,0,0,0,0,0,0,0,0,0,0,0,0,0,0,0,0,0,0,244,16889,0,0,0,0
88288.448,16388,61,0,0,0,0,0,8,424,5,57,0,0,0,0,0,0,0,0,0,0,0,0,0,0,0,0,0,0,0,0,0,0,223,16673,0,0,0,0
88305.923,17479,57,0,0,0,0,0,8,524,5,57,0,0,0,0,0,0,0,0,0,0,0,0,0,0,0,0,0,0,0,0,0,0,204,16398,0,0,0,0
88322.111,16187,61,0,0,0,0,0,8,522,5,57,0,0,0,0,0,0,0,0,0,0,0,0,0,0,0,0,0,0,0,0,0,0,237,17492,0,0,0,0
88338.943,16832,59,0,0,0,0,0,8,458,5,57,0,0,0,0,0,0,0,0,0,0,0,0,0,0,0,0,0,0,0,0,0,0,237,16138,0,0,0,0
88355.569,16625,60,0,0,0,0,0,8,530,5,57,0,0,0,0,0,0,0,0,0,0,0,0,0,0,0,0,0,0,0,0,0,0,189,17181,0,0,0,0
88371.565,15996,62,0,0,0,0,0,8,491,5,57,0,0,0,0,0,0,0,0,0,0,0,0,0,0,0,0,0,0,0,0,0,0,236,16522,0,0,0,0
88388.473,16908,59,0,0,0,0,0,8,466,5,57,0,0,0,0,0,0,0,0,0,0,0,0,0,0,0,0,0,0,0,0,0,0,231,15765,0,0,0,0
88405.077,16603,60,0,0,0,0,0,8,523,5,57,0,0,0,0,0,0,0,0,0,0,0,0,0,0,0,0,0,0,0,0,0,0,219,16872,0,0,0,0
88422.084,17007,58,0,0,0,0,0,8,521,5,57,0,0,0,0,0,0,0,0,0,0,0,0,0,0,0,0,0,0,0,0,0,0,229,16628,0,0,0,0
88438.476,16391,61,0,0,0,0,0,8,462,5,57,0,0,0,0,0,0,0,0,0,0,0,0,0,0,0,0,0,0,0,0,0,0,224,16992,0,0,0,0
88455.464,16987,58,0,0,0,0,0,8,491,5,57,0,0,0,0,0,0,0,0,0,0,0,0,0,0,0,0,0,0,0,0,0,0,216,16454,0,0,0,0
88471.801,16336,61,0,0,0,0,0,8,528,5,57,0,0,0,0,0,0,0,0,0,0,0,0,0,0,0,0,0,0,0,0,0,0,228,16933,0,0,0,0
88488.780,16979,58,0,0,0,0,0,8,482,5,57,0,0,0,0,0,0,0,0,0,0,0,0,0,0,0,0,0,0,0,0,0,0,232,16431,0,0,0,0
88504.927,16147,61,0,0,0,0,0,8,530,5,57,0,0,0,0,0,0,0,0,0,0,0,0,0,0,0,0,0,0,0,0,0,0,228,16852,0,0,0,0
88522.433,17506,57,0,0,0,0,0,8,496,5,57,0,0,0,0,0,0,0,0,0,0,0,0,0,0,0,0,0,0,0,0,0,0,226,16204,0,0,0,0
88537.948,15514,64,0,0,0,0,0,8,459,5,57,0,0,0,0,0,0,0,0,0,0,0,0,0,0,0,0,0,0,0,0,0,0,230,17481,0,0,0,0
88555.441,17493,57,0,0,0,0,0,8,525,5,57,0,0,0,0,0,0,0,0,0,0,0,0,0,0,0,0,0,0,0,0,0,0,214,15517,0,0,0,0
88572.049,16607,60,0,0,0,0,0,8,521,5,57,0,0,0,0,0,0,0,0,0,0,0,0,0,0,0,0,0,0,0,0,0,0,258,17951,0,0,0,0
88588.590,16541,60,0,0,0,0,0,8,462,5,57,0,0,0,0,0,0,0,0,0,0,0,0,0,0,0,0,0,0,0,0,0,0,228,16169,0,0,0,0
88605.189,16599,60,0,0,0,0,0,8,491,5,57,0,0,0,0,0,0,0,0,0,0,0,0,0,0,0,0,0,0,0,0,0,0,205,16520,0,0,0,0
88622.109,16919,59,0,0,0,0,0,8,534,5,57,0,0,0,0,0,0,0,0,0,0,0,0,0,0,0,0,0,0,0,0,0,0,234,16653,0,0,0,0
88638.793,16683,59,0,0,0,0,0,8,478,5,57,0,0,0,0,0,0,0,0,0,0,0,0,0,0,0,0,0,0,0,0,0,0,230,16959,0,0,0,0
88655.918,17115,58,0,0,0,0,0,8,528,5,57,0,0,0,0,0,0,0,0,0,0,0,0,0,0,0,0,0,0,0,0,0,0,222,16484,0,0,0,0
88671.721,15812,63,0,0,0,0,0,8,525,5,57,0,0,0,0,0,0,0,0,0,0,0,0,0,0,0,0,0,0,0,0,0,0,244,17271,0,0,0,0
88688.764,17042,58,0,0,0,0,0,8,435,5,57,0,0,0,0,0,0,0,0,0,0,0,0,0,0,0,0,0,0,0,0,0,0,222,15769,0,0,0,0
88705.144,16380,61,0,0,0,0,0,8,534,5,57,0,0,0,0,0,0,0,0,0,0,0,0,0,0,0,0,0,0,0,0,0,0,217,16996,0,0,0,0
88722.144,16999,58,0,0,0,0,0,8,531,5,57,0,0,0,0,0,0,0,0,0,0,0,0,0,0,0,0,0,0,0,0,0,0,221,16420,0,0,0,0
88738.728,16584,60,0,0,0,0,0,8,467,5,57,0,0,0,0,0,0,0,0,0,0,0,0,0,0,0,0,0,0,0,0,0,0,237,17249,0,0,0,0
88755.924,17195,58,0,0,0,0,0,8,531,5,57,0,0,0,0,0,0,0,0,0,0,0,0,0,0,0,0,0,0,0,0,0,0,238,16343,0,0,0,0
88772.005,16081,62,0,0,0,0,0,8,489,5,57,0,0,0,0,0,0,0,0,0,0,0,0,0,0,0,0,0,0,0,0,0,0,234,17212,0,0,0,0
88788.710,16705,59,0,0,0,0,0,8,481,5,57,0,0,0,0,0,0,0,0,0,0,0,0,0,0,0,0,0,0,0,0,0,0,252,16565,0,0,0,0
88805.119,16409,60,0,0,0,0,0,8,530,5,57,0,0,0,0,0,0,0,0,0,0,0,0,0,0,0,0,0,0,0,0,0,0,196,16085,0,0,0,0
88821.996,16876,59,0,0,0,0,0,8,520,5,57,0,0,0,0,0,0,0,0,0,0,0,0,0,0,0,0,0,0,0,0,0,0,234,16514,0,0,0,0
88837.999,16002,62,0,0,0,0,0,8,461,5,57,0,0,0,0,0,0,0,0,0,0,0,0,0,0,0,0,0,0,0,0,0,0,211,16845,0,0,0,0
88855.430,17431,57,0,0,0,0,0,8,499,5,57,0,0,0,0,0,0,0,0,0,0,0,0,0,0,0,0,0,0,0,0,0,0,228,16070,0,0,0,0
88872.044,16614,60,0,0,0,0,0,8,520,5,57,0,0,0,0,0,0,0,0,0,0,0,0,0,0,0,0,0,0,0,0,0,0,208,17327,0,0,0,0
88887.999,15954,62,0,0,0,0,0,8,469,5,57,0,0,0,0,0,0,0,0,0,0,0,0,0,0,0,0,0,0,0,0,0,0,218,16690,0,0,0,0
88904.626,16627,60,0,0,0,0,0,8,527,5,57,0,0,0,0,0,0,0,0,0,0,0,0,0,0,0,0,0,0,0,0,0,0,234,15941,0,0,0,0
88922.117,17490,57,0,0,0,0,0,8,490,5,57,0,0,0,0,0,0,0,0,0,0,0,0,0,0,0,0,0,0,0,0,0,0,227,16897,0,0,0,0
88937.964,15847,63,0,0,0,0,0,8,478,5,57,0,0,0,0,0,0,0,0,0,0,0,0,0,0,0,0,0,0,0,0,0,0,234,17569,0,0,0,0
88955.428,17464,57,0,0,0,0,0,8,528,5,57,0,0,0,0,0,0,0,0,0,0,0,0,0,0,0,0,0,0,0,0,0,0,206,15464,0,0,0,0
88972.911,17482,57,0,0,0,0,0,8,531,5,57,0,0,0,0,0,0,0,0,0,0,0,0,0,0,0,0,0,0,0,0,0,0,238,17607,0,0,0,0
88988.623,15711,63,0,0,0,0,0,8,460,5,57,0,0,0,0,0,0,0,0,0,0,0,0,0,0,0,0,0,0,0,0,0,0,242,17448,0,0,0,0
89004.842,16219,61,0,0,0,0,0,8,490,5,57,0,0,0,0,0,0,0,0,0,0,0,0,0,0,0,0,0,0,0,0,0,0,240,16063,0,0,0,0
89022.119,17276,57,0,0,0,0,0,8,521,5,57,0,0,0,0,0,0,0,0,0,0,0,0,0,0,0,0,0,0,0,0,0,0,207,15777,0,0,0,0
89038.615,16496,60,0,0,0,0,0,8,466,5,57,0,0,0,0,0,0,0,0,0,0,0,0,0,0,0,0,0,0,0,0,0,0,231,17286,0,0,0,0
89055.908,17292,57,0,0,0,0,0,8,524,5,57,0,0,0,0,0,0,0,0,0,0,0,0,0,0,0,0,0,0,0,0,0,0,217,16436,0,0,0,0
89071.312,15404,64,0,0,0,0,0,8,526,5,57,0,0,0,0,0,0,0,0,0,0,0,0,0,0,0,0,0,0,0,0,0,0,232,17397,0,0,0,0
89088.145,16833,59,0,0,0,0,0,8,451,5,57,0,0,0,0,0,0,0,0,0,0,0,0,0,0,0,0,0,0,0,0,0,0,219,15362,0,0,0,0
89105.562,17416,57,0,0,0,0,0,8,525,5,57,0,0,0,0,0,0,0,0,0,0,0,0,0,0,0,0,0,0,0,0,0,0,222,17181,0,0,0,0
89121.700,16137,61,0,0,0,0,0,8,524,5,57,0,0,0,0,0,0,0,0,0,0,0,0,0,0,0,0,0,0,0,0,0,0,231,17062,0,0,0,0
89139.422,17722,56,0,0,0,0,0,8,465,5,57,0,0,0,0,0,0,0,0,0,0,0,0,0,0,0,0,0,0,0,0,0,0,229,16324,0,0,0,0
89155.422,16000,62,0,0,0,0,0,8,521,5,57,0,0,0,0,0,0,0,0,0,0,0,0,0,0,0,0,0,0,0,0,0,0,236,17539,0,0,0,0
89172.079,16656,60,0,0,0,0,0,8,495,5,57,0,0,0,0,0,0,0,0,0,0,0,0,0,0,0,0,0,0,0,0,0,0,224,16016,0,0,0,0
89188.723,16644,60,0,0,0,0,0,8,467,5,57,0,0,0,0,0,0,0,0,0,0,0,0,0,0,0,0,0,0,0,0,0,0,230,16652,0,0,0,0
89205.930,17206,58,0,0,0,0,0,8,522,5,57,0,0,0,0,0,0,0,0,0,0,0,0,0,0,0,0,0,0,0,0,0,0,268,16852,0,0,0,0
89222.147,16217,61,0,0,0,0,0,8,521,5,57,0,0,0,0,0,0,0,0,0,0,0,0,0,0,0,0,0,0,0,0,0,0,238,17028,0,0,0,0
89238.475,16327,61,0,0,0,0,0,8,478,5,57,0,0,0,0,0,0,0,0,0,0,0,0,0,0,0,0,0,0,0,0,0,0,222,16502,0,0,0,0
89255.909,17434,57,0,0,0,0,0,8,494,5,57,0,0,0,0,0,0,0,0,0,0,0,0,0,0,0,0,0,0,0,0,0,0,218,16049,0,0,0,0
89271.458,15548,64,0,0,0,0,0,8,523,5,57,0,0,0,0,0,0,0,0,0,0,0,0,0,0,0,0,0,0,0,0,0,0,224,17421,0,0,0,0
89288.616,17158,58,0,0,0,0,0,8,466,5,57,0,0,0,0,0,0,0,0,0,0,0,0,0,0,0,0,0,0,0,0,0,0,232,15595,0,0,0,0
89305.909,17293,57,0,0,0,0,0,8,531,5,57,0,0,0,0,0,0,0,0,0,0,0,0,0,0,0,0,0,0,0,0,0,0,235,17333,0,0,0,0
89322.122,16213,61,0,0,0,0,0,8,494,5,57,0,0,0,0,0,0,0,0,0,0,0,0,0,0,0,0,0,0,0,0,0,0,231,17141,0,0,0,0
89338.591,16469,60,0,0,0,0,0,8,467,5,57,0,0,0,0,0,0,0,0,0,0,0,0,0,0,0,0,0,0,0,0,0,0,227,16111,0,0,0,0
89355.906,17314,57,0,0,0,0,0,8,526,5,57,0,0,0,0,0,0,0,0,0,0,0,0,0,0,0,0,0,0,0,0,0,0,233,16767,0,0,0,0
89372.041,16135,61,0,0,0,0,0,8,521,5,57,0,0,0,0,0,0,0,0,0,0,0,0,0,0,0,0,0,0,0,0,0,0,213,17112,0,0,0,0
89388.955,16914,59,0,0,0,0,0,8,485,5,57,0,0,0,0,0,0,0,0,0,0,0,0,0,0,0,0,0,0,0,0,0,0,235,16145,0,0,0,0
89405.433,16478,60,0,0,0,0,0,8,491,5,57,0,0,0,0,0,0,0,0,0,0,0,0,0,0,0,0,0,0,0,0,0,0,251,16890,0,0,0,0
89422.082,16648,60,0,0,0,0,0,8,529,5,57,0,0,0,0,0,0,0,0,0,0,0,0,0,0,0,0,0,0,0,0,0,0,229,16425,0,0,0,0
89438.613,16531,60,0,0,0,0,0,8,460,5,57,0,0,0,0,0,0,0,0,0,0,0,0,0,0,0,0,0,0,0,0,0,0,223,16650,0,0,0,0
89455.423,16810,59,0,0,0,0,0,8,528,5,57,0,0,0,0,0,0,0,0,0,0,0,0,0,0,0,0,0,0,0,0,0,0,245,16563,0,0,0,0
89472.904,17480,57,0,0,0,0,0,8,531,5,57,0,0,0,0,0,0,0,0,0,0,0,0,0,0,0,0,0,0,0,0,0,0,245,16802,0,0,0,0
89488.634,15729,63,0,0,0,0,0,8,431,5,57,0,0,0,0,0,0,0,0,0,0,0,0,0,0,0,0,0,0,0,0,0,0,236,17469,0,0,0,0
89505.127,16492,60,0,0,0,0,0,8,525,5,57,0,0,0,0,0,0,0,0,0,0,0,0,0,0,0,0,0,0,0,0,0,0,194,15933,0,0,0,0
89522.076,16949,58,0,0,0,0,0,8,521,5,57,0,0,0,0,0,0,0,0,0,0,0,0,0,0,0,0,0,0,0,0,0,0,235,16260,0,0,0,0
89538.680,16603,60,0,0,0,0,0,8,482,5,57,0,0,0,0,0,0,0,0,0,0,0,0,0,0,0,0,0,0,0,0,0,0,219,17006,0,0,0,0
89554.909,16228,61,0,0,0,0,0,8,526,5,57,0,0,0,0,0,0,0,0,0,0,0,0,0,0,0,0,0,0,0,0,0,0,226,16561,0,0,0,0
89571.767,16858,59,0,0,0,0,0,8,500,5,57,0,0,0,0,0,0,0,0,0,0,0,0,0,0,0,0,0,0,0,0,0,0,237,16214,0,0,0,0
89588.623,16855,59,0,0,0,0,0,8,465,5,57,0,0,0,0,0,0,0,0,0,0,0,0,0,0,0,0,0,0,0,0,0,0,245,16887,0,0,0,0
89605.555,16932,59,0,0,0,0,0,8,533,5,57,0,0,0,0,0,0,0,0,0,0,0,0,0,0,0,0,0,0,0,0,0,0,209,16725,0,0,0,0
89622.076,16521,60,0,0,0,0,0,8,521,5,57,0,0,0,0,0,0,0,0,0,0,0,0,0,0,0,0,0,0,0,0,0,0,242,17019,0,0,0,0
89638.780,16703,59,0,0,0,0,0,8,466,5,57,0,0,0,0,0,0,0,0,0,0,0,0,0,0,0,0,0,0,0,0,0,0,225,16507,0,0,0,0
89655.045,16265,61,0,0,0,0,0,8,494,5,57,0,0,0,0,0,0,0,0,0,0,0,0,0,0,0,0,0,0,0,0,0,0,230,16817,0,0,0,0
89672.124,17079,58,0,0,0,0,0,8,525,5,57,0,0,0,0,0,0,0,0,0,0,0,0,0,0,0,0,0,0,0,0,0,0,229,16523,0,0,0,0
89688.669,16544,60,0,0,0,0,0,8,482,5,57,0,0,0,0,0,0,0,0,0,0,0,0,0,0,0,0,0,0,0,0,0,0,225,16783,0,0,0,0
89705.153,16483,60,0,0,0,0,0,8,526,5,57,0,0,0,0,0,0,0,0,0,0,0,0,0,0,0,0,0,0,0,0,0,0,224,16510,0,0,0,0
89721.978,16825,59,0,0,0,0,0,8,493,5,57,0,0,0,0,0,0,0,0,0,0,0,0,0,0,0,0,0,0,0,0,0,0,226,16454,0,0,0,0
89738.422,16444,60,0,0,0,0,0,8,470,5,57,0,0,0,0,0,0,0,0,0,0,0,0,0,0,0,0,0,0,0,0,0,0,235,16821,0,0,0,0
89754.665,16242,61,0,0,0,0,0,8,525,5,57,0,0,0,0,0,0,0,0,0,0,0,0,0,0,0,0,0,0,0,0,0,0,202,16393,0,0,0,0
89771.897,17232,58,0,0,0,0,0,8,526,5,57,0,0,0,0,0,0,0,0,0,0,0,0,0,0,0,0,0,0,0,0,0,0,214,16263,0,0,0,0
89788.450,16552,60,0,0,0,0,0,8,469,5,57,0,0,0,0,0,0,0,0,0,0,0,0,0,0,0,0,0,0,0,0,0,0,266,17516,0,0,0,0
89805.038,16588,60,0,0,0,0,0,8,500,5,57,0,0,0,0,0,0,0,0,0,0,0,0,0,0,0,0,0,0,0,0,0,0,203,16271,0,0,0,0
89822.426,17387,57,0,0,0,0,0,8,525,5,57,0,0,0,0,0,0,0,0,0,0,0,0,0,0,0,0,0,0,0,0,0,0,232,16645,0,0,0,0
89839.013,16587,60,0,0,0,0,0,8,472,5,57,0,0,0,0,0,0,0,0,0,0,0,0,0,0,0,0,0,0,0,0,0,0,237,17536,0,0,0,0
89855.383,16369,61,0,0,0,0,0,8,529,5,57,0,0,0,0,0,0,0,0,0,0,0,0,0,0,0,0,0,0,0,0,0,0,190,16318,0,0,0,0
89872.046,16663,60,0,0,0,0,0,8,525,5,57,0,0,0,0,0,0,0,0,0,0,0,0,0,0,0,0,0,0,0,0,0,0,228,16393,0,0,0,0
89888.526,16479,60,0,0,0,0,0,8,430,5,57,0,0,0,0,0,0,0,0,0,0,0,0,0,0,0,0,0,0,0,0,0,0,209,16623,0,0,0,0
89905.096,16570,60,0,0,0,0,0,8,535,5,57,0,0,0,0,0,0,0,0,0,0,0,0,0,0,0,0,0,0,0,0,0,0,206,16533,0,0,0,0
89921.628,16531,60,0,0,0,0,0,8,527,5,57,0,0,0,0,0,0,0,0,0,0,0,0,0,0,0,0,0,0,0,0,0,0,233,16662,0,0,0,0
89938.931,17303,57,0,0,0,0,0,8,467,5,57,0,0,0,0,0,0,0,0,0,0,0,0,0,0,0,0,0,0,0,0,0,0,245,16494,0,0,0,0
89955.556,16624,60,0,0,0,0,0,8,522,5,57,0,0,0,0,0,0,0,0,0,0,0,0,0,0,0,0,0,0,0,0,0,0,252,17317,0,0,0,0
89971.579,16022,62,0,0,0,0,0,8,496,5,57,0,0,0,0,0,0,0,0,0,0,0,0,0,0,0,0,0,0,0,0,0,0,213,16527,0,0,0,0
89988.038,16459,60,0,0,0,0,0,8,461,5,57,0,0,0,0,0,0,0,0,0,0,0,0,0,0,0,0,0,0,0,0,0,0,237,16362,0,0,0,0
90005.911,17873,55,0,0,0,0,0,8,529,5,57,0,0,0,0,0,0,0,0,0,0,0,0,0,0,0,0,0,0,0,0,0,0,214,16136,0,0,0,0
90022.175,16264,61,0,0,0,0,0,8,516,5,57,0,0,0,0,0,0,0,0,0,0,0,0,0,0,0,0,0,0,0,0,0,0,232,17966,0,0,0,0
90038.658,16482,60,0,0,0,0,0,8,462,5,57,0,0,0,0,0,0,0,0,0,0,0,0,0,0,0,0,0,0,0,0,0,0,218,16242,0,0,0,0
90055.548,16890,59,0,0,0,0,0,8,510,5,57,0,0,0,0,0,0,0,0,0,0,0,0,0,0,0,0,0,0,0,0,0,0,212,16760,0,0,0,0
90072.040,16491,60,0,0,0,0,0,8,526,5,57,0,0,0,0,0,0,0,0,0,0,0,0,0,0,0,0,0,0,0,0,0,0,238,16611,0,0,0,0
90088.421,16381,61,0,0,0,0,0,8,459,5,57,0,0,0,0,0,0,0,0,0,0,0,0,0,0,0,0,0,0,0,0,0,0,230,16527,0,0,0,0
90105.559,17138,58,0,0,0,0,0,8,532,5,57,0,0,0,0,0,0,0,0,0,0,0,0,0,0,0,0,0,0,0,0,0,0,231,16383,0,0,0,0
90122.079,16520,60,0,0,0,0,0,8,500,5,57,0,0,0,0,0,0,0,0,0,0,0,0,0,0,0,0,0,0,0,0,0,0,231,17108,0,0,0,0
90138.412,16332,61,0,0,0,0,0,8,464,5,57,0,0,0,0,0,0,0,0,0,0,0,0,0,0,0,0,0,0,0,0,0,0,231,16540,0,0,0,0
90155.904,17492,57,0,0,0,0,0,8,530,5,57,0,0,0,0,0,0,0,0,0,0,0,0,0,0,0,0,0,0,0,0,0,0,226,16353,0,0,0,0
90172.897,16992,58,0,0,0,0,0,8,525,5,57,0,0,0,0,0,0,0,0,0,0,0,0,0,0,0,0,0,0,0,0,0,0,233,17458,0,0,0,0
90188.844,15947,62,0,0,0,0,0,8,457,5,57,0,0,0,0,0,0,0,0,0,0,0,0,0,0,0,0,0,0,0,0,0,0,265,17240,0,0,0,0
90204.674,15829,63,0,0,0,0,0,8,487,5,57,0,0,0,0,0,0,0,0,0,0,0,0,0,0,0,0,0,0,0,0,0,0,206,15639,0,0,0,0
90222.146,17471,57,0,0,0,0,0,8,524,5,57,0,0,0,0,0,0,0,0,0,0,0,0,0,0,0,0,0,0,0,0,0,0,217,15820,0,0,0,0
90238.250,16103,62,0,0,0,0,0,8,466,5,57,0,0,0,0,0,0,0,0,0,0,0,0,0,0,0,0,0,0,0,0,0,0,244,17532,0,0,0,0
90255.894,17644,56,0,0,0,0,0,8,522,5,57,0,0,0,0,0,0,0,0,0,0,0,0,0,0,0,0,0,0,0,0,0,0,242,16137,0,0,0,0
90272.893,16999,58,0,0,0,0,0,8,527,5,57,0,0,0,0,0,0,0,0,0,0,0,0,0,0,0,0,0,0,0,0,0,0,229,17641,0,0,0,0
90288.635,15741,63,0,0,0,0,0,8,433,5,57,0,0,0,0,0,0,0,0,0,0,0,0,0,0,0,0,0,0,0,0,0,0,231,16989,0,0,0,0
90305.220,16585,60,0,0,0,0,0,8,526,5,57,0,0,0,0,0,0,0,0,0,0,0,0,0,0,0,0,0,0,0,0,0,0,208,15864,0,0,0,0
90321.957,16737,59,0,0,0,0,0,8,525,5,57,0,0,0,0,0,0,0,0,0,0,0,0,0,0,0,0,0,0,0,0,0,0,227,16369,0,0,0,0
90338.404,16447,60,0,0,0,0,0,8,458,5,57,0,0,0,0,0,0,0,0,0,0,0,0,0,0,0,0,0,0,0,0,0,0,219,16770,0,0,0,0
90355.041,16636,60,0,0,0,0,0,8,532,5,57,0,0,0,0,0,0,0,0,0,0,0,0,0,0,0,0,0,0,0,0,0,0,228,16510,0,0,0,0
90371.630,16589,60,0,0,0,0,0,8,491,5,57,0,0,0,0,0,0,0,0,0,0,0,0,0,0,0,0,0,0,0,0,0,0,252,16648,0,0,0,0
90388.576,16946,59,0,0,0,0,0,8,466,5,57,0,0,0,0,0,0,0,0,0,0,0,0,0,0,0,0,0,0,0,0,0,0,225,16569,0,0,0,0
90405.433,16856,59,0,0,0,0,0,8,531,5,57,0,0,0,0,0,0,0,0,0,0,0,0,0,0,0,0,0,0,0,0,0,0,219,17121,0,0,0,0
90421.645,16211,61,0,0,0,0,0,8,527,5,57,0,0,0,0,0,0,0,0,0,0,0,0,0,0,0,0,0,0,0,0,0,0,227,16696,0,0,0,0
90438.424,16778,59,0,0,0,0,0,8,464,5,57,0,0,0,0,0,0,0,0,0,0,0,0,0,0,0,0,0,0,0,0,0,0,211,16298,0,0,0,0
90455.038,16604,60,0,0,0,0,0,8,515,5,57,0,0,0,0,0,0,0,0,0,0,0,0,0,0,0,0,0,0,0,0,0,0,243,17189,0,0,0,0
90472.029,17001,58,0,0,0,0,0,8,521,5,57,0,0,0,0,0,0,0,0,0,0,0,0,0,0,0,0,0,0,0,0,0,0,225,16099,0,0,0,0
90488.789,16760,59,0,0,0,0,0,8,466,5,57,0,0,0,0,0,0,0,0,0,0,0,0,0,0,0,0,0,0,0,0,0,0,221,16994,0,0,0,0
90505.895,17105,58,0,0,0,0,0,8,531,5,57,0,0,0,0,0,0,0,0,0,0,0,0,0,0,0,0,0,0,0,0,0,0,203,16639,0,0,0,0
90522.089,16193,61,0,0,0,0,0,8,491,5,57,0,0,0,0,0,0,0,0,0,0,0,0,0,0,0,0,0,0,0,0,0,0,222,17209,0,0,0,0
90538.624,16535,60,0,0,0,0,0,8,461,5,57,0,0,0,0,0,0,0,0,0,0,0,0,0,0,0,0,0,0,0,0,0,0,229,16221,0,0,0,0
90555.513,16888,59,0,0,0,0,0,8,525,5,57,0,0,0,0,0,0,0,0,0,0,0,0,0,0,0,0,0,0,0,0,0,0,232,16498,0,0,0,0
90571.843,16329,61,0,0,0,0,0,8,524,5,57,0,0,0,0,0,0,0,0,0,0,0,0,0,0,0,0,0,0,0,0,0,0,232,16897,0,0,0,0
90588.601,16758,59,0,0,0,0,0,8,466,5,57,0,0,0,0,0,0,0,0,0,0,0,0,0,0,0,0,0,0,0,0,0,0,244,16357,0,0,0,0
90605.097,16495,60,0,0,0,0,0,8,496,5,57,0,0,0,0,0,0,0,0,0,0,0,0,0,0,0,0,0,0,0,0,0,0,235,16742,0,0,0,0
90621.476,16378,61,0,0,0,0,0,8,521,5,57,0,0,0,0,0,0,0,0,0,0,0,0,0,0,0,0,0,0,0,0,0,0,206,16440,0,0,0,0
90638.408,16932,59,0,0,0,0,0,8,466,5,57,0,0,0,0,0,0,0,0,0,0,0,0,0,0,0,0,0,0,0,0,0,0,214,16386,0,0,0,0
90655.899,17490,57,0,0,0,0,0,8,527,5,57,0,0,0,0,0,0,0,0,0,0,0,0,0,0,0,0,0,0,0,0,0,0,224,16976,0,0,0,0
90671.551,15652,63,0,0,0,0,0,8,522,5,57,0,0,0,0,0,0,0,0,0,0,0,0,0,0,0,0,0,0,0,0,0,0,228,17494,0,0,0,0
90688.454,16903,59,0,0,0,0,0,8,424,5,57,0,0,0,0,0,0,0,0,0,0,0,0,0,0,0,0,0,0,0,0,0,0,237,15946,0,0,0,0
90705.141,16686,59,0,0,0,0,0,8,529,5,57,0,0,0,0,0,0,0,0,0,0,0,0,0,0,0,0,0,0,0,0,0,0,232,16661,0,0,0,0
90721.789,16648,60,0,0,0,0,0,8,529,5,57,0,0,0,0,0,0,0,0,0,0,0,0,0,0,0,0,0,0,0,0,0,0,232,16616,0,0,0,0
90738.721,16931,59,0,0,0,0,0,8,465,5,57,0,0,0,0,0,0,0,0,0,0,0,0,0,0,0,0,0,0,0,0,0,0,228,16720,0,0,0,0
90755.486,16765,59,0,0,0,0,0,8,528,5,57,0,0,0,0,0,0,0,0,0,0,0,0,0,0,0,0,0,0,0,0,0,0,221,16997,0,0,0,0
90771.903,16417,60,0,0,0,0,0,8,496,5,57,0,0,0,0,0,0,0,0,0,0,0,0,0,0,0,0,0,0,0,0,0,0,230,16630,0,0,0,0
90788.601,16697,59,0,0,0,0,0,8,465,5,57,0,0,0,0,0,0,0,0,0,0,0,0,0,0,0,0,0,0,0,0,0,0,246,16512,0,0,0,0
90805.121,16520,60,0,0,0,0,0,8,525,5,57,0,0,0,0,0,0,0,0,0,0,0,0,0,0,0,0,0,0,0,0,0,0,213,16538,0,0,0,0
90822.910,17788,56,0,0,0,0,0,8,527,5,57,0,0,0,0,0,0,0,0,0,0,0,0,0,0,0,0,0,0,0,0,0,0,234,16582,0,0,0,0
90838.137,15227,65,0,0,0,0,0,8,458,5,57,0,0,0,0,0,0,0,0,0,0,0,0,0,0,0,0,0,0,0,0,0,0,206,17716,0,0,0,0
90855.410,17273,57,0,0,0,0,0,8,517,5,57,0,0,0,0,0,0,0,0,0,0,0,0,0,0,0,0,0,0,0,0,0,0,219,15498,0,0,0,0
90872.030,16619,60,0,0,0,0,0,8,526,5,57,0,0,0,0,0,0,0,0,0,0,0,0,0,0,0,0,0,0,0,0,0,0,228,17109,0,0,0,0
90888.704,16674,59,0,0,0,0,0,8,464,5,57,0,0,0,0,0,0,0,0,0,0,0,0,0,0,0,0,0,0,0,0,0,0,228,16614,0,0,0,0
90905.471,16766,59,0,0,0,0,0,8,529,5,57,0,0,0,0,0,0,0,0,0,0,0,0,0,0,0,0,0,0,0,0,0,0,239,16807,0,0,0,0
90922.891,17420,57,0,0,0,0,0,8,498,5,57,0,0,0,0,0,0,0,0,0,0,0,0,0,0,0,0,0,0,0,0,0,0,228,16629,0,0,0,0
90937.914,15022,66,0,0,0,0,0,8,455,5,57,0,0,0,0,0,0,0,0,0,0,0,0,0,0,0,0,0,0,0,0,0,0,229,17501,0,0,0,0
90955.444,17530,57,0,0,0,0,0,8,525,5,57,0,0,0,0,0,0,0,0,0,0,0,0,0,0,0,0,0,0,0,0,0,0,221,14904,0,0,0,0
90972.892,17448,57,0,0,0,0,0,8,523,5,57,0,0,0,0,0,0,0,0,0,0,0,0,0,0,0,0,0,0,0,0,0,0,234,17530,0,0,0,0
90988.745,15852,63,0,0,0,0,0,8,462,5,57,0,0,0,0,0,0,0,0,0,0,0,0,0,0,0,0,0,0,0,0,0,0,239,17513,0,0,0,0
91005.897,17152,58,0,0,0,0,0,8,501,5,57,0,0,0,0,0,0,0,0,0,0,0,0,0,0,0,0,0,0,0,0,0,0,212,15697,0,0,0,0
91022.409,16513,60,0,0,0,0,0,8,524,5,57,0,0,0,0,0,0,0,0,0,0,0,0,0,0,0,0,0,0,0,0,0,0,235,17297,0,0,0,0
91038.617,16207,61,0,0,0,0,0,8,465,5,57,0,0,0,0,0,0,0,0,0,0,0,0,0,0,0,0,0,0,0,0,0,0,225,16455,0,0,0,0
91055.888,17271,57,0,0,0,0,0,8,532,5,57,0,0,0,0,0,0,0,0,0,0,0,0,0,0,0,0,0,0,0,0,0,0,245,16205,0,0,0,0
91072.886,16998,58,0,0,0,0,0,8,525,5,57,0,0,0,0,0,0,0,0,0,0,0,0,0,0,0,0,0,0,0,0,0,0,240,17325,0,0,0,0
91088.586,15699,63,0,0,0,0,0,8,428,5,57,0,0,0,0,0,0,0,0,0,0,0,0,0,0,0,0,0,0,0,0,0,0,236,16991,0,0,0,0
91105.902,17317,57,0,0,0,0,0,8,521,5,57,0,0,0,0,0,0,0,0,0,0,0,0,0,0,0,0,0,0,0,0,0,0,225,15991,0,0,0,0
91121.278,15375,65,0,0,0,0,0,8,521,5,57,0,0,0,0,0,0,0,0,0,0,0,0,0,0,0,0,0,0,0,0,0,0,219,17009,0,0,0,0
91138.403,17125,58,0,0,0,0,0,8,468,5,57,0,0,0,0,0,0,0,0,0,0,0,0,0,0,0,0,0,0,0,0,0,0,230,15446,0,0,0,0
91155.890,17486,57,0,0,0,0,0,8,525,5,57,0,0,0,0,0,0,0,0,0,0,0,0,0,0,0,0,0,0,0,0,0,0,219,17051,0,0,0,0
91171.830,15939,62,0,0,0,0,0,8,492,5,57,0,0,0,0,0,0,0,0,0,0,0,0,0,0,0,0,0,0,0,0,0,0,223,17480,0,0,0,0
91188.030,16200,61,0,0,0,0,0,8,460,5,57,0,0,0,0,0,0,0,0,0,0,0,0,0,0,0,0,0,0,0,0,0,0,247,15977,0,0,0,0
91204.967,16936,59,0,0,0,0,0,8,529,5,57,0,0,0,0,0,0,0,0,0,0,0,0,0,0,0,0,0,0,0,0,0,0,213,16954,0,0,0,0
91222.027,17060,58,0,0,0,0,0,8,526,5,57,0,0,0,0,0,0,0,0,0,0,0,0,0,0,0,0,0,0,0,0,0,0,228,16156,0,0,0,0
91238.668,16640,60,0,0,0,0,0,8,469,5,57,0,0,0,0,0,0,0,0,0,0,0,0,0,0,0,0,0,0,0,0,0,0,217,17039,0,0,0,0
91255.482,16814,59,0,0,0,0,0,8,495,5,57,0,0,0,0,0,0,0,0,0,0,0,0,0,0,0,0,0,0,0,0,0,0,225,16639,0,0,0,0
91272.147,16664,60,0,0,0,0,0,8,524,5,57,0,0,0,0,0,0,0,0,0,0,0,0,0,0,0,0,0,0,0,0,0,0,245,16799,0,0,0,0
91288.245,16098,62,0,0,0,0,0,8,461,5,57,0,0,0,0,0,0,0,0,0,0,0,0,0,0,0,0,0,0,0,0,0,0,234,16689,0,0,0,0
91305.546,17301,57,0,0,0,0,0,8,530,5,57,0,0,0,0,0,0,0,0,0,0,0,0,0,0,0,0,0,0,0,0,0,0,216,16145,0,0,0,0
91321.740,16193,61,0,0,0,0,0,8,491,5,57,0,0,0,0,0,0,0,0,0,0,0,0,0,0,0,0,0,0,0,0,0,0,240,17256,0,0,0,0
91338.402,16661,60,0,0,0,0,0,8,465,5,57,0,0,0,0,0,0,0,0,0,0,0,0,0,0,0,0,0,0,0,0,0,0,232,16175,0,0,0,0
91355.507,17105,58,0,0,0,0,0,8,545,5,57,0,0,0,0,0,0,0,0,0,0,0,0,0,0,0,0,0,0,0,0,0,0,229,16767,0,0,0,0
91372.037,16529,60,0,0,0,0,0,8,524,5,57,0,0,0,0,0,0,0,0,0,0,0,0,0,0,0,0,0,0,0,0,0,0,229,17347,0,0,0,0
91388.523,16486,60,0,0,0,0,0,8,458,5,57,0,0,0,0,0,0,0,0,0,0,0,0,0,0,0,0,0,0,0,0,0,0,235,16127,0,0,0,0
91405.892,17369,57,0,0,0,0,0,8,498,5,57,0,0,0,0,0,0,0,0,0,0,0,0,0,0,0,0,0,0,0,0,0,0,216,16559,0,0,0,0
91422.020,16127,62,0,0,0,0,0,8,518,5,57,0,0,0,0,0,0,0,0,0,0,0,0,0,0,0,0,0,0,0,0,0,0,227,17843,0,0,0,0
91438.618,16598,60,0,0,0,0,0,8,465,5,57,0,0,0,0,0,0,0,0,0,0,0,0,0,0,0,0,0,0,0,0,0,0,221,16468,0,0,0,0
91455.105,16487,60,0,0,0,0,0,8,520,5,57,0,0,0,0,0,0,0,0,0,0,0,0,0,0,0,0,0,0,0,0,0,0,215,15999,0,0,0,0
91472.022,16916,59,0,0,0,0,0,8,531,5,57,0,0,0,0,0,0,0,0,0,0,0,0,0,0,0,0,0,0,0,0,0,0,229,16267,0,0,0,0
91488.719,16697,59,0,0,0,0,0,8,434,5,57,0,0,0,0,0,0,0,0,0,0,0,0,0,0,0,0,0,0,0,0,0,0,231,16938,0,0,0,0
91505.897,17177,58,0,0,0,0,0,8,532,5,57,0,0,0,0,0,0,0,0,0,0,0,0,0,0,0,0,0,0,0,0,0,0,212,16634,0,0,0,0
91521.720,15822,63,0,0,0,0,0,8,526,5,57,0,0,0,0,0,0,0,0,0,0,0,0,0,0,0,0,0,0,0,0,0,0,232,17233,0,0,0,0
91538.892,17172,58,0,0,0,0,0,8,465,5,57,0,0,0,0,0,0,0,0,0,0,0,0,0,0,0,0,0,0,0,0,0,0,228,15824,0,0,0,0
91555.399,16506,60,0,0,0,0,0,8,517,5,57,0,0,0,0,0,0,0,0,0,0,0,0,0,0,0,0,0,0,0,0,0,0,230,17159,0,0,0,0
91572.891,17492,57,0,0,0,0,0,8,503,5,57,0,0,0,0,0,0,0,0,0,0,0,0,0,0,0,0,0,0,0,0,0,0,216,16503,0,0,0,0
91588.406,15515,64,0,0,0,0,0,8,456,5,57,0,0,0,0,0,0,0,0,0,0,0,0,0,0,0,0,0,0,0,0,0,0,232,17532,0,0,0,0
91605.229,16822,59,0,0,0,0,0,8,525,5,57,0,0,0,0,0,0,0,0,0,0,0,0,0,0,0,0,0,0,0,0,0,0,189,15539,0,0,0,0
91622.414,17184,58,0,0,0,0,0,8,542,5,57,0,0,0,0,0,0,0,0,0,0,0,0,0,0,0,0,0,0,0,0,0,0,214,16779,0,0,0,0
91638.737,16323,61,0,0,0,0,0,8,466,5,57,0,0,0,0,0,0,0,0,0,0,0,0,0,0,0,0,0,0,0,0,0,0,239,17170,0,0,0,0
91655.400,16663,60,0,0,0,0,0,8,495,5,57,0,0,0,0,0,0,0,0,0,0,0,0,0,0,0,0,0,0,0,0,0,0,243,16486,0,0,0,0
91672.025,16625,60,0,0,0,0,0,8,529,5,57,0,0,0,0,0,0,0,0,0,0,0,0,0,0,0,0,0,0,0,0,0,0,230,16533,0,0,0,0
91689.418,17392,57,0,0,0,0,0,8,466,5,57,0,0,0,0,0,0,0,0,0,0,0,0,0,0,0,0,0,0,0,0,0,0,245,16612,0,0,0,0
91705.396,15978,62,0,0,0,0,0,8,526,5,57,0,0,0,0,0,0,0,0,0,0,0,0,0,0,0,0,0,0,0,0,0,0,226,17330,0,0,0,0
91722.112,16715,59,0,0,0,0,0,8,501,5,57,0,0,0,0,0,0,0,0,0,0,0,0,0,0,0,0,0,0,0,0,0,0,233,16040,0,0,0,0
91738.202,16089,62,0,0,0,0,0,8,467,5,57,0,0,0,0,0,0,0,0,0,0,0,0,0,0,0,0,0,0,0,0,0,0,224,16928,0,0,0,0
91755.890,17688,56,0,0,0,0,0,8,530,5,57,0,0,0,0,0,0,0,0,0,0,0,0,0,0,0,0,0,0,0,0,0,0,224,16601,0,0,0,0
91772.363,16459,60,0,0,0,0,0,8,526,5,57,0,0,0,0,0,0,0,0,0,0,0,0,0,0,0,0,0,0,0,0,0,0,234,16978,0,0,0,0
91788.208,15858,63,0,0,0,0,0,8,458,5,57,0,0,0,0,0,0,0,0,0,0,0,0,0,0,0,0,0,0,0,0,0,0,213,16443,0,0,0,0
91805.443,17234,58,0,0,0,0,0,8,496,5,57,0,0,0,0,0,0,0,0,0,0,0,0,0,0,0,0,0,0,0,0,0,0,210,15806,0,0,0,0
91822.883,17439,57,0,0,0,0,0,8,524,5,57,0,0,0,0,0,0,0,0,0,0,0,0,0,0,0,0,0,0,0,0,0,0,230,17282,0,0,0,0
91838.938,16054,62,0,0,0,0,0,8,462,5,57,0,0,0,0,0,0,0,0,0,0,0,0,0,0,0,0,0,0,0,0,0,0,239,17436,0,0,0,0
91855.009,16071,62,0,0,0,0,0,8,530,5,57,0,0,0,0,0,0,0,0,0,0,0,0,0,0,0,0,0,0,0,0,0,0,221,15941,0,0,0,0
91872.019,17010,58,0,0,0,0,0,8,519,5,57,0,0,0,0,0,0,0,0,0,0,0,0,0,0,0,0,0,0,0,0,0,0,211,16062,0,0,0,0
91888.254,16234,61,0,0,0,0,0,8,454,5,57,0,0,0,0,0,0,0,0,0,0,0,0,0,0,0,0,0,0,0,0,0,0,221,17191,0,0,0,0
91905.274,17020,58,0,0,0,0,0,8,525,5,57,0,0,0,0,0,0,0,0,0,0,0,0,0,0,0,0,0,0,0,0,0,0,223,16090,0,0,0,0
91922.020,16746,59,0,0,0,0,0,8,534,5,57,0,0,0,0,0,0,0,0,0,0,0,0,0,0,0,0,0,0,0,0,0,0,243,17124,0,0,0,0
91938.592,16571,60,0,0,0,0,0,8,457,5,57,0,0,0,0,0,0,0,0,0,0,0,0,0,0,0,0,0,0,0,0,0,0,230,16722,0,0,0,0
91955.196,16603,60,0,0,0,0,0,8,527,5,57,0,0,0,0,0,0,0,0,0,0,0,0,0,0,0,0,0,0,0,0,0,0,219,16575,0,0,0,0
91972.111,16915,59,0,0,0,0,0,8,491,5,57,0,0,0,0,0,0,0,0,0,0,0,0,0,0,0,0,0,0,0,0,0,0,231,16570,0,0,0,0
91988.633,16521,60,0,0,0,0,0,8,467,5,57,0,0,0,0,0,0,0,0,0,0,0,0,0,0,0,0,0,0,0,0,0,0,265,16977,0,0,0,0
92004.930,16297,61,0,0,0,0,0,8,527,5,57,0,0,0,0,0,0,0,0,0,0,0,0,0,0,0,0,0,0,0,0,0,0,225,16434,0,0,0,0
92022.045,17115,58,0,0,0,0,0,8,532,5,57,0,0,0,0,0,0,0,0,0,0,0,0,0,0,0,0,0,0,0,0,0,0,236,16364,0,0,0,0
92038.263,16217,61,0,0,0,0,0,8,466,5,57,0,0,0,0,0,0,0,0,0,0,0,0,0,0,0,0,0,0,0,0,0,0,227,17064,0,0,0,0
92055.238,16975,58,0,0,0,0,0,8,492,5,57,0,0,0,0,0,0,0,0,0,0,0,0,0,0,0,0,0,0,0,0,0,0,249,16834,0,0,0,0
92072.016,16777,59,0,0,0,0,0,8,529,5,57,0,0,0,0,0,0,0,0,0,0,0,0,0,0,0,0,0,0,0,0,0,0,227,16372,0,0,0,0
92088.884,16865,59,0,0,0,0,0,8,462,5,57,0,0,0,0,0,0,0,0,0,0,0,0,0,0,0,0,0,0,0,0,0,0,221,16812,0,0,0,0
92105.458,16576,60,0,0,0,0,0,8,525,5,57,0,0,0,0,0,0,0,0,0,0,0,0,0,0,0,0,0,0,0,0,0,0,220,16775,0,0,0,0
92122.015,16556,60,0,0,0,0,0,8,491,5,57,0,0,0,0,0,0,0,0,0,0,0,0,0,0,0,0,0,0,0,0,0,0,240,16677,0,0,0,0
92139.404,17388,57,0,0,0,0,0,8,468,5,57,0,0,0,0,0,0,0,0,0,0,0,0,0,0,0,0,0,0,0,0,0,0,233,16536,0,0,0,0
92155.402,15998,62,0,0,0,0,0,8,542,5,57,0,0,0,0,0,0,0,0,0,0,0,0,0,0,0,0,0,0,0,0,0,0,224,17518,0,0,0,0
92172.014,16612,60,0,0,0,0,0,8,525,5,57,0,0,0,0,0,0,0,0,0,0,0,0,0,0,0,0,0,0,0,0,0,0,217,15867,0,0,0,0
92189.419,17404,57,0,0,0,0,0,8,462,5,57,0,0,0,0,0,0,0,0,0,0,0,0,0,0,0,0,0,0,0,0,0,0,242,16719,0,0,0,0
92205.117,15697,63,0,0,0,0,0,8,491,5,57,0,0,0,0,0,0,0,0,0,0,0,0,0,0,0,0,0,0,0,0,0,0,217,17231,0,0,0,0
92222.032,16914,59,0,0,0,0,0,8,530,5,57,0,0,0,0,0,0,0,0,0,0,0,0,0,0,0,0,0,0,0,0,0,0,216,15764,0,0,0,0
92238.600,16568,60,0,0,0,0,0,8,461,5,57,0,0,0,0,0,0,0,0,0,0,0,0,0,0,0,0,0,0,0,0,0,0,227,16917,0,0,0,0
92255.088,16488,60,0,0,0,0,0,8,525,5,57,0,0,0,0,0,0,0,0,0,0,0,0,0,0,0,0,0,0,0,0,0,0,246,16550,0,0,0,0
92271.908,16820,59,0,0,0,0,0,8,531,5,57,0,0,0,0,0,0,0,0,0,0,0,0,0,0,0,0,0,0,0,0,0,0,224,16501,0,0,0,0
92288.392,16483,60,0,0,0,0,0,8,437,5,57,0,0,0,0,0,0,0,0,0,0,0,0,0,0,0,0,0,0,0,0,0,0,241,16795,0,0,0,0
92305.890,17497,57,0,0,0,0,0,8,529,5,57,0,0,0,0,0,0,0,0,0,0,0,0,0,0,0,0,0,0,0,0,0,0,224,16521,0,0,0,0
92322.879,16989,58,0,0,0,0,0,8,530,5,57,0,0,0,0,0,0,0,0,0,0,0,0,0,0,0,0,0,0,0,0,0,0,233,17479,0,0,0,0
92338.638,15759,63,0,0,0,0,0,8,456,5,57,0,0,0,0,0,0,0,0,0,0,0,0,0,0,0,0,0,0,0,0,0,0,233,16989,0,0,0,0
92355.891,17253,57,0,0,0,0,0,8,525,5,57,0,0,0,0,0,0,0,0,0,0,0,0,0,0,0,0,0,0,0,0,0,0,223,15964,0,0,0,0
92372.094,16202,61,0,0,0,0,0,8,490,5,57,0,0,0,0,0,0,0,0,0,0,0,0,0,0,0,0,0,0,0,0,0,0,225,17049,0,0,0,0
92388.624,16529,60,0,0,0,0,0,8,462,5,57,0,0,0,0,0,0,0,0,0,0,0,0,0,0,0,0,0,0,0,0,0,0,249,16510,0,0,0,0
92405.878,17254,57,0,0,0,0,0,8,532,5,57,0,0,0,0,0,0,0,0,0,0,0,0,0,0,0,0,0,0,0,0,0,0,220,16177,0,0,0,0
92421.986,16107,62,0,0,0,0,0,8,538,5,57,0,0,0,0,0,0,0,0,0,0,0,0,0,0,0,0,0,0,0,0,0,0,233,17381,0,0,0,0
92438.543,16557,60,0,0,0,0,0,8,469,5,57,0,0,0,0,0,0,0,0,0,0,0,0,0,0,0,0,0,0,0,0,0,0,235,16025,0,0,0,0
92455.410,16866,59,0,0,0,0,0,8,495,5,57,0,0,0,0,0,0,0,0,0,0,0,0,0,0,0,0,0,0,0,0,0,0,208,16550,0,0,0,0
92471.454,16043,62,0,0,0,0,0,8,527,5,57,0,0,0,0,0,0,0,0,0,0,0,0,0,0,0,0,0,0,0,0,0,0,235,16877,0,0,0,0
92488.753,17299,57,0,0,0,0,0,8,465,5,57,0,0,0,0,0,0,0,0,0,0,0,0,0,0,0,0,0,0,0,0,0,0,225,16052,0,0,0,0
92505.583,16829,59,0,0,0,0,0,8,530,5,57,0,0,0,0,0,0,0,0,0,0,0,0,0,0,0,0,0,0,0,0,0,0,226,17191,0,0,0,0
92522.065,16481,60,0,0,0,0,0,8,496,5,57,0,0,0,0,0,0,0,0,0,0,0,0,0,0,0,0,0,0,0,0,0,0,233,16927,0,0,0,0
92538.566,16501,60,0,0,0,0,0,8,466,5,57,0,0,0,0,0,0,0,0,0,0,0,0,0,0,0,0,0,0,0,0,0,0,224,16453,0,0,0,0
92555.880,17314,57,0,0,0,0,0,8,524,5,57,0,0,0,0,0,0,0,0,0,0,0,0,0,0,0,0,0,0,0,0,0,0,233,16807,0,0,0,0
92572.071,16191,61,0,0,0,0,0,8,521,5,57,0,0,0,0,0,0,0,0,0,0,0,0,0,0,0,0,0,0,0,0,0,0,242,17045,0,0,0,0
92588.938,16866,59,0,0,0,0,0,8,465,5,57,0,0,0,0,0,0,0,0,0,0,0,0,0,0,0,0,0,0,0,0,0,0,214,16181,0,0,0,0
92605.876,16938,59,0,0,0,0,0,8,496,5,57,0,0,0,0,0,0,0,0,0,0,0,0,0,0,0,0,0,0,0,0,0,0,214,16785,0,0,0,0
92622.012,16136,61,0,0,0,0,0,8,523,5,57,0,0,0,0,0,0,0,0,0,0,0,0,0,0,0,0,0,0,0,0,0,0,229,17037,0,0,0,0
92638.100,16087,62,0,0,0,0,0,8,461,5,57,0,0,0,0,0,0,0,0,0,0,0,0,0,0,0,0,0,0,0,0,0,0,223,16121,0,0,0,0
92655.395,17294,57,0,0,0,0,0,8,526,5,57,0,0,0,0,0,0,0,0,0,0,0,0,0,0,0,0,0,0,0,0,0,0,238,16071,0,0,0,0
92672.008,16613,60,0,0,0,0,0,8,529,5,57,0,0,0,0,0,0,0,0,0,0,0,0,0,0,0,0,0,0,0,0,0,0,216,17310,0,0,0,0
92688.405,16396,60,0,0,0,0,0,8,447,5,57,0,0,0,0,0,0,0,0,0,0,0,0,0,0,0,0,0,0,0,0,0,0,223,16673,0,0,0,0
92705.401,16996,58,0,0,0,0,0,8,523,5,57,0,0,0,0,0,0,0,0,0,0,0,0,0,0,0,0,0,0,0,0,0,0,216,16657,0,0,0,0
92722.154,16752,59,0,0,0,0,0,8,530,5,57,0,0,0,0,0,0,0,0,0,0,0,0,0,0,0,0,0,0,0,0,0,0,222,16660,0,0,0,0
92738.758,16604,60,0,0,0,0,0,8,465,5,57,0,0,0,0,0,0,0,0,0,0,0,0,0,0,0,0,0,0,0,0,0,0,228,16666,0,0,0,0
92755.387,16629,60,0,0,0,0,0,8,526,5,57,0,0,0,0,0,0,0,0,0,0,0,0,0,0,0,0,0,0,0,0,0,0,239,16702,0,0,0,0
92772.038,16650,60,0,0,0,0,0,8,491,5,57,0,0,0,0,0,0,0,0,0,0,0,0,0,0,0,0,0,0,0,0,0,0,237,16731,0,0,0,0
92788.463,16424,60,0,0,0,0,0,8,461,5,57,0,0,0,0,0,0,0,0,0,0,0,0,0,0,0,0,0,0,0,0,0,0,220,16509,0,0,0,0
92805.261,16798,59,0,0,0,0,0,8,527,5,57,0,0,0,0,0,0,0,0,0,0,0,0,0,0,0,0,0,0,0,0,0,0,230,16449,0,0,0,0
92822.883,17622,56,0,0,0,0,0,8,527,5,57,0,0,0,0,0,0,0,0,0,0,0,0,0,0,0,0,0,0,0,0,0,0,229,16840,0,0,0,0
92838.864,15981,62,0,0,0,0,0,8,474,5,57,0,0,0,0,0,0,0,0,0,0,0,0,0,0,0,0,0,0,0,0,0,0,243,17694,0,0,0,0
92855.386,16521,60,0,0,0,0,0,8,491,5,57,0,0,0,0,0,0,0,0,0,0,0,0,0,0,0,0,0,0,0,0,0,0,216,14843,0,0,0,0
92872.090,16703,59,0,0,0,0,0,8,526,5,57,0,0,0,0,0,0,0,0,0,0,0,0,0,0,0,0,0,0,0,0,0,0,222,17646,0,0,0,0
92888.020,15930,62,0,0,0,0,0,8,457,5,57,0,0,0,0,0,0,0,0,0,0,0,0,0,0,0,0,0,0,0,0,0,0,242,16599,0,0,0,0
92905.211,17190,58,0,0,0,0,0,8,520,5,57,0,0,0,0,0,0,0,0,0,0,0,0,0,0,0,0,0,0,0,0,0,0,226,16757,0,0,0,0
92921.924,16712,59,0,0,0,0,0,8,497,5,57,0,0,0,0,0,0,0,0,0,0,0,0,0,0,0,0,0,0,0,0,0,0,208,16267,0,0,0,0
92938.391,16467,60,0,0,0,0,0,8,457,5,57,0,0,0,0,0,0,0,0,0,0,0,0,0,0,0,0,0,0,0,0,0,0,234,16836,0,0,0,0
92955.868,17476,57,0,0,0,0,0,8,532,5,57,0,0,0,0,0,0,0,0,0,0,0,0,0,0,0,0,0,0,0,0,0,0,209,16346,0,0,0,0
92971.895,16027,62,0,0,0,0,0,8,521,5,57,0,0,0,0,0,0,0,0,0,0,0,0,0,0,0,0,0,0,0,0,0,0,236,17583,0,0,0,0
92988.436,16540,60,0,0,0,0,0,8,479,5,57,0,0,0,0,0,0,0,0,0,0,0,0,0,0,0,0,0,0,0,0,0,0,232,16143,0,0,0,0
93005.876,17440,57,0,0,0,0,0,8,500,5,57,0,0,0,0,0,0,0,0,0,0,0,0,0,0,0,0,0,0,0,0,0,0,245,16513,0,0,0,0
93022.155,16279,61,0,0,0,0,0,8,523,5,57,0,0,0,0,0,0,0,0,0,0,0,0,0,0,0,0,0,0,0,0,0,0,251,17406,0,0,0,0
93038.548,16393,61,0,0,0,0,0,8,460,5,57,0,0,0,0,0,0,0,0,0,0,0,0,0,0,0,0,0,0,0,0,0,0,240,16429,0,0,0,0
93055.414,16865,59,0,0,0,0,0,8,531,5,57,0,0,0,0,0,0,0,0,0,0,0,0,0,0,0,0,0,0,0,0,0,0,222,16458,0,0,0,0
93072.876,17462,57,0,0,0,0,0,8,528,5,57,0,0,0,0,0,0,0,0,0,0,0,0,0,0,0,0,0,0,0,0,0,0,234,16610,0,0,0,0
93088.048,15171,65,0,0,0,0,0,8,430,5,57,0,0,0,0,0,0,0,0,0,0,0,0,0,0,0,0,0,0,0,0,0,0,232,17544,0,0,0,0
93105.454,17406,57,0,0,0,0,0,8,521,5,57,0,0,0,0,0,0,0,0,0,0,0,0,0,0,0,0,0,0,0,0,0,0,219,15777,0,0,0,0
93122.391,16936,59,0,0,0,0,0,8,524,5,57,0,0,0,0,0,0,0,0,0,0,0,0,0,0,0,0,0,0,0,0,0,0,232,16753,0,0,0,0
93138.601,16210,61,0,0,0,0,0,8,479,5,57,0,0,0,0,0,0,0,0,0,0,0,0,0,0,0,0,0,0,0,0,0,0,227,16926,0,0,0,0
93155.877,17276,57,0,0,0,0,0,8,524,5,57,0,0,0,0,0,0,0,0,0,0,0,0,0,0,0,0,0,0,0,0,0,0,226,16139,0,0,0,0
93172.005,16128,62,0,0,0,0,0,8,499,5,57,0,0,0,0,0,0,0,0,0,0,0,0,0,0,0,0,0,0,0,0,0,0,240,17333,0,0,0,0
93188.926,16920,59,0,0,0,0,0,8,461,5,57,0,0,0,0,0,0,0,0,0,0,0,0,0,0,0,0,0,0,0,0,0,0,244,16143,0,0,0,0
93205.701,16775,59,0,0,0,0,0,8,524,5,57,0,0,0,0,0,0,0,0,0,0,0,0,0,0,0,0,0,0,0,0,0,0,210,16791,0,0,0,0
93221.990,16289,61,0,0,0,0,0,8,523,5,57,0,0,0,0,0,0,0,0,0,0,0,0,0,0,0,0,0,0,0,0,0,0,201,16809,0,0,0,0
93238.394,16404,60,0,0,0,0,0,8,467,5,57,0,0,0,0,0,0,0,0,0,0,0,0,0,0,0,0,0,0,0,0,0,0,233,16327,0,0,0,0
93255.879,17484,57,0,0,0,0,0,8,496,5,57,0,0,0,0,0,0,0,0,0,0,0,0,0,0,0,0,0,0,0,0,0,0,233,16869,0,0,0,0
93271.466,15586,64,0,0,0,0,0,8,521,5,57,0,0,0,0,0,0,0,0,0,0,0,0,0,0,0,0,0,0,0,0,0,0,237,17041,0,0,0,0
93288.690,17224,58,0,0,0,0,0,8,485,5,57,0,0,0,0,0,0,0,0,0,0,0,0,0,0,0,0,0,0,0,0,0,0,215,15610,0,0,0,0
93305.178,16488,60,0,0,0,0,0,8,526,5,57,0,0,0,0,0,0,0,0,0,0,0,0,0,0,0,0,0,0,0,0,0,0,242,17218,0,0,0,0
93322.100,16921,59,0,0,0,0,0,8,497,5,57,0,0,0,0,0,0,0,0,0,0,0,0,0,0,0,0,0,0,0,0,0,0,230,16481,0,0,0,0
93338.145,16045,62,0,0,0,0,0,8,466,5,57,0,0,0,0,0,0,0,0,0,0,0,0,0,0,0,0,0,0,0,0,0,0,226,16875,0,0,0,0
93355.528,17382,57,0,0,0,0,0,8,528,5,57,0,0,0,0,0,0,0,0,0,0,0,0,0,0,0,0,0,0,0,0,0,0,234,16747,0,0,0,0
93372.876,17348,57,0,0,0,0,0,8,524,5,57,0,0,0,0,0,0,0,0,0,0,0,0,0,0,0,0,0,0,0,0,0,0,226,16676,0,0,0,0
93388.021,15145,66,0,0,0,0,0,8,456,5,57,0,0,0,0,0,0,0,0,0,0,0,0,0,0,0,0,0,0,0,0,0,0,225,17482,0,0,0,0
93405.868,17847,56,0,0,0,0,0,8,494,5,57,0,0,0,0,0,0,0,0,0,0,0,0,0,0,0,0,0,0,0,0,0,0,229,16035,0,0,0,0
93422.874,17005,58,0,0,0,0,0,8,522,5,57,0,0,0,0,0,0,0,0,0,0,0,0,0,0,0,0,0,0,0,0,0,0,227,16881,0,0,0,0
93438.940,16066,62,0,0,0,0,0,8,474,5,57,0,0,0,0,0,0,0,0,0,0,0,0,0,0,0,0,0,0,0,0,0,0,241,17064,0,0,0,0
93455.490,16549,60,0,0,0,0,0,8,524,5,57,0,0,0,0,0,0,0,0,0,0,0,0,0,0,0,0,0,0,0,0,0,0,210,15893,0,0,0,0
93471.979,16489,60,0,0,0,0,0,8,529,5,57,0,0,0,0,0,0,0,0,0,0,0,0,0,0,0,0,0,0,0,0,0,0,226,16608,0,0,0,0
93488.388,16408,60,0,0,0,0,0,8,431,5,57,0,0,0,0,0,0,0,0,0,0,0,0,0,0,0,0,0,0,0,0,0,0,229,16523,0,0,0,0
93505.385,16997,58,0,0,0,0,0,8,526,5,57,0,0,0,0,0,0,0,0,0,0,0,0,0,0,0,0,0,0,0,0,0,0,227,16782,0,0,0,0
93522.870,17485,57,0,0,0,0,0,8,532,5,57,0,0,0,0,0,0,0,0,0,0,0,0,0,0,0,0,0,0,0,0,0,0,239,16631,0,0,0,0
93538.742,15871,63,0,0,0,0,0,8,464,5,57,0,0,0,0,0,0,0,0,0,0,0,0,0,0,0,0,0,0,0,0,0,0,240,17482,0,0,0,0
93555.441,16699,59,0,0,0,0,0,8,524,5,57,0,0,0,0,0,0,0,0,0,0,0,0,0,0,0,0,0,0,0,0,0,0,215,15810,0,0,0,0
93572.018,16577,60,0,0,0,0,0,8,493,5,57,0,0,0,0,0,0,0,0,0,0,0,0,0,0,0,0,0,0,0,0,0,0,240,16746,0,0,0,0
93588.389,16370,61,0,0,0,0,0,8,477,5,57,0,0,0,0,0,0,0,0,0,0,0,0,0,0,0,0,0,0,0,0,0,0,244,16565,0,0,0,0
93605.395,17006,58,0,0,0,0,0,8,529,5,57,0,0,0,0,0,0,0,0,0,0,0,0,0,0,0,0,0,0,0,0,0,0,245,16440,0,0,0,0
93621.912,16516,60,0,0,0,0,0,8,529,5,57,0,0,0,0,0,0,0,0,0,0,0,0,0,0,0,0,0,0,0,0,0,0,204,16858,0,0,0,0
93638.873,16960,58,0,0,0,0,0,8,467,5,57,0,0,0,0,0,0,0,0,0,0,0,0,0,0,0,0,0,0,0,0,0,0,228,16617,0,0,0,0
93655.288,16414,60,0,0,0,0,0,8,490,5,57,0,0,0,0,0,0,0,0,0,0,0,0,0,0,0,0,0,0,0,0,0,0,226,16925,0,0,0,0
93672.010,16722,59,0,0,0,0,0,8,531,5,57,0,0,0,0,0,0,0,0,0,0,0,0,0,0,0,0,0,0,0,0,0,0,231,16470,0,0,0,0
93688.563,16553,60,0,0,0,0,0,8,458,5,57,0,0,0,0,0,0,0,0,0,0,0,0,0,0,0,0,0,0,0,0,0,0,233,17502,0,0,0,0
93705.158,16594,60,0,0,0,0,0,8,534,5,57,0,0,0,0,0,0,0,0,0,0,0,0,0,0,0,0,0,0,0,0,0,0,204,15836,0,0,0,0
93722.386,17228,58,0,0,0,0,0,8,494,5,57,0,0,0,0,0,0,0,0,0,0,0,0,0,0,0,0,0,0,0,0,0,0,225,16515,0,0,0,0
93738.712,16325,61,0,0,0,0,0,8,484,5,57,0,0,0,0,0,0,0,0,0,0,0,0,0,0,0,0,0,0,0,0,0,0,239,17267,0,0,0,0
93755.396,16683,59,0,0,0,0,0,8,523,5,57,0,0,0,0,0,0,0,0,0,0,0,0,0,0,0,0,0,0,0,0,0,0,223,16436,0,0,0,0
93772.101,16705,59,0,0,0,0,0,8,524,5,57,0,0,0,0,0,0,0,0,0,0,0,0,0,0,0,0,0,0,0,0,0,0,228,16614,0,0,0,0
93788.437,16336,61,0,0,0,0,0,8,462,5,57,0,0,0,0,0,0,0,0,0,0,0,0,0,0,0,0,0,0,0,0,0,0,240,16593,0,0,0,0
93805.525,17087,58,0,0,0,0,0,8,499,5,57,0,0,0,0,0,0,0,0,0,0,0,0,0,0,0,0,0,0,0,0,0,0,217,16407,0,0,0,0
93822.108,16583,60,0,0,0,0,0,8,525,5,57,0,0,0,0,0,0,0,0,0,0,0,0,0,0,0,0,0,0,0,0,0,0,245,17031,0,0,0,0
93838.737,16629,60,0,0,0,0,0,8,468,5,57,0,0,0,0,0,0,0,0,0,0,0,0,0,0,0,0,0,0,0,0,0,0,242,16574,0,0,0,0
93855.864,17126,58,0,0,0,0,0,8,526,5,57,0,0,0,0,0,0,0,0,0,0,0,0,0,0,0,0,0,0,0,0,0,0,226,16785,0,0,0,0
93872.005,16141,61,0,0,0,0,0,8,531,5,57,0,0,0,0,0,0,0,0,0,0,0,0,0,0,0,0,0,0,0,0,0,0,244,17020,0,0,0,0
93888.058,16053,62,0,0,0,0,0,8,447,5,57,0,0,0,0,0,0,0,0,0,0,0,0,0,0,0,0,0,0,0,0,0,0,207,16071,0,0,0,0
93905.334,17276,57,0,0,0,0,0,8,530,5,57,0,0,0,0,0,0,0,0,0,0,0,0,0,0,0,0,0,0,0,0,0,0,226,16846,0,0,0,0
93922.003,16668,59,0,0,0,0,0,8,529,5,57,0,0,0,0,0,0,0,0,0,0,0,0,0,0,0,0,0,0,0,0,0,0,245,16552,0,0,0,0
93938.013,16010,62,0,0,0,0,0,8,456,5,57,0,0,0,0,0,0,0,0,0,0,0,0,0,0,0,0,0,0,0,0,0,0,236,16641,0,0,0,0
93955.872,17859,55,0,0,0,0,0,8,527,5,57,0,0,0,0,0,0,0,0,0,0,0,0,0,0,0,0,0,0,0,0,0,0,236,16823,0,0,0,0
93972.076,16203,61,0,0,0,0,0,8,489,5,57,0,0,0,0,0,0,0,0,0,0,0,0,0,0,0,0,0,0,0,0,0,0,271,17105,0,0,0,0
93988.187,16111,62,0,0,0,0,0,8,466,5,57,0,0,0,0,0,0,0,0,0,0,0,0,0,0,0,0,0,0,0,0,0,0,223,16109,0,0,0,0
94005.378,17190,58,0,0,0,0,0,8,523,5,57,0,0,0,0,0,0,0,0,0,0,0,0,0,0,0,0,0,0,0,0,0,0,217,16077,0,0,0,0
94022.002,16623,60,0,0,0,0,0,8,534,5,57,0,0,0,0,0,0,0,0,0,0,0,0,0,0,0,0,0,0,0,0,0,0,235,17274,0,0,0,0
94037.972,15970,62,0,0,0,0,0,8,475,5,57,0,0,0,0,0,0,0,0,0,0,0,0,0,0,0,0,0,0,0,0,0,0,238,16688,0,0,0,0
94055.521,17549,56,0,0,0,0,0,8,496,5,57,0,0,0,0,0,0,0,0,0,0,0,0,0,0,0,0,0,0,0,0,0,0,220,15850,0,0,0,0
94071.869,16347,61,0,0,0,0,0,8,524,5,57,0,0,0,0,0,0,0,0,0,0,0,0,0,0,0,0,0,0,0,0,0,0,241,17548,0,0,0,0
94088.433,16564,60,0,0,0,0,0,8,462,5,57,0,0,0,0,0,0,0,0,0,0,0,0,0,0,0,0,0,0,0,0,0,0,235,16379,0,0,0,0
94105.869,17436,57,0,0,0,0,0,8,534,5,57,0,0,0,0,0,0,0,0,0,0,0,0,0,0,0,0,0,0,0,0,0,0,228,16536,0,0,0,0
94121.861,15992,62,0,0,0,0,0,8,502,5,57,0,0,0,0,0,0,0,0,0,0,0,0,0,0,0,0,0,0,0,0,0,0,240,17467,0,0,0,0
94138.417,16556,60,0,0,0,0,0,8,463,5,57,0,0,0,0,0,0,0,0,0,0,0,0,0,0,0,0,0,0,0,0,0,0,219,16006,0,0,0,0
94155.866,17448,57,0,0,0,0,0,8,528,5,57,0,0,0,0,0,0,0,0,0,0,0,0,0,0,0,0,0,0,0,0,0,0,225,16548,0,0,0,0
94171.883,16016,62,0,0,0,0,0,8,526,5,57,0,0,0,0,0,0,0,0,0,0,0,0,0,0,0,0,0,0,0,0,0,0,236,17443,0,0,0,0
94188.679,16796,59,0,0,0,0,0,8,465,5,57,0,0,0,0,0,0,0,0,0,0,0,0,0,0,0,0,0,0,0,0,0,0,214,16011,0,0,0,0
94205.886,17206,58,0,0,0,0,0,8,496,5,57,0,0,0,0,0,0,0,0,0,0,0,0,0,0,0,0,0,0,0,0,0,0,271,16999,0,0,0,0
94221.996,16110,62,0,0,0,0,0,8,520,5,57,0,0,0,0,0,0,0,0,0,0,0,0,0,0,0,0,0,0,0,0,0,0,223,17027,0,0,0,0
94239.383,17386,57,0,0,0,0,0,8,467,5,57,0,0,0,0,0,0,0,0,0,0,0,0,0,0,0,0,0,0,0,0,0,0,228,16062,0,0,0,0
94255.583,16200,61,0,0,0,0,0,8,537,5,57,0,0,0,0,0,0,0,0,0,0,0,0,0,0,0,0,0,0,0,0,0,0,205,17537,0,0,0,0
94271.907,16323,61,0,0,0,0,0,8,521,5,57,0,0,0,0,0,0,0,0,0,0,0,0,0,0,0,0,0,0,0,0,0,0,225,16041,0,0,0,0
94288.021,16114,62,0,0,0,0,0,8,431,5,57,0,0,0,0,0,0,0,0,0,0,0,0,0,0,0,0,0,0,0,0,0,0,226,16776,0,0,0,0
94305.519,17498,57,0,0,0,0,0,8,526,5,57,0,0,0,0,0,0,0,0,0,0,0,0,0,0,0,0,0,0,0,0,0,0,225,16476,0,0,0,0
94322.079,16559,60,0,0,0,0,0,8,525,5,57,0,0,0,0,0,0,0,0,0,0,0,0,0,0,0,0,0,0,0,0,0,0,237,16698,0,0,0,0
94338.518,16439,60,0,0,0,0,0,8,462,5,57,0,0,0,0,0,0,0,0,0,0,0,0,0,0,0,0,0,0,0,0,0,0,220,16550,0,0,0,0
94355.389,16870,59,0,0,0,0,0,8,525,5,57,0,0,0,0,0,0,0,0,0,0,0,0,0,0,0,0,0,0,0,0,0,0,210,16861,0,0,0,0
94371.372,15983,62,0,0,0,0,0,8,493,5,57,0,0,0,0,0,0,0,0,0,0,0,0,0,0,0,0,0,0,0,0,0,0,229,16553,0,0,0,0
94388.602,17229,58,0,0,0,0,0,8,469,5,57,0,0,0,0,0,0,0,0,0,0,0,0,0,0,0,0,0,0,0,0,0,0,230,15878,0,0,0,0
94405.027,16425,60,0,0,0,0,0,8,521,5,57,0,0,0,0,0,0,0,0,0,0,0,0,0,0,0,0,0,0,0,0,0,0,233,17459,0,0,0,0
94422.893,17866,55,0,0,0,0,0,8,524,5,57,0,0,0,0,0,0,0,0,0,0,0,0,0,0,0,0,0,0,0,0,0,0,255,16267,0,0,0,0
94439.000,16106,62,0,0,0,0,0,8,460,5,57,0,0,0,0,0,0,0,0,0,0,0,0,0,0,0,0,0,0,0,0,0,0,215,17739,0,0,0,0
94455.377,16377,61,0,0,0,0,0,8,497,5,57,0,0,0,0,0,0,0,0,0,0,0,0,0,0,0,0,0,0,0,0,0,0,224,16214,0,0,0,0
94471.882,16504,60,0,0,0,0,0,8,526,5,57,0,0,0,0,0,0,0,0,0,0,0,0,0,0,0,0,0,0,0,0,0,0,235,16363,0,0,0,0
94488.714,16832,59,0,0,0,0,0,8,461,5,57,0,0,0,0,0,0,0,0,0,0,0,0,0,0,0,0,0,0,0,0,0,0,226,16482,0,0,0,0
94505.106,16391,61,0,0,0,0,0,8,528,5,57,0,0,0,0,0,0,0,0,0,0,0,0,0,0,0,0,0,0,0,0,0,0,230,16834,0,0,0,0
94521.889,16772,59,0,0,0,0,0,8,496,5,57,0,0,0,0,0,0,0,0,0,0,0,0,0,0,0,0,0,0,0,0,0,0,226,16377,0,0,0,0
94538.676,16797,59,0,0,0,0,0,8,465,5,57,0,0,0,0,0,0,0,0,0,0,0,0,0,0,0,0,0,0,0,0,0,0,234,16813,0,0,0,0
94554.862,16186,61,0,0,0,0,0,8,525,5,57,0,0,0,0,0,0,0,0,0,0,0,0,0,0,0,0,0,0,0,0,0,0,218,16900,0,0,0,0
94571.991,17129,58,0,0,0,0,0,8,529,5,57,0,0,0,0,0,0,0,0,0,0,0,0,0,0,0,0,0,0,0,0,0,0,219,16030,0,0,0,0
94588.362,16371,61,0,0,0,0,0,8,457,5,57,0,0,0,0,0,0,0,0,0,0,0,0,0,0,0,0,0,0,0,0,0,0,220,17160,0,0,0,0
94605.864,17501,57,0,0,0,0,0,8,499,5,57,0,0,0,0,0,0,0,0,0,0,0,0,0,0,0,0,0,0,0,0,0,0,224,16419,0,0,0,0
94622.393,16529,60,0,0,0,0,0,8,521,5,57,0,0,0,0,0,0,0,0,0,0,0,0,0,0,0,0,0,0,0,0,0,0,264,17488,0,0,0,0
94638.488,16095,62,0,0,0,0,0,8,461,5,57,0,0,0,0,0,0,0,0,0,0,0,0,0,0,0,0,0,0,0,0,0,0,242,16509,0,0,0,0
94655.856,17367,57,0,0,0,0,0,8,541,5,57,0,0,0,0,0,0,0,0,0,0,0,0,0,0,0,0,0,0,0,0,0,0,223,16451,0,0,0,0
94672.012,16156,61,0,0,0,0,0,8,524,5,57,0,0,0,0,0,0,0,0,0,0,0,0,0,0,0,0,0,0,0,0,0,0,233,17011,0,0,0,0
94688.149,16136,61,0,0,0,0,0,8,428,5,57,0,0,0,0,0,0,0,0,0,0,0,0,0,0,0,0,0,0,0,0,0,0,227,16145,0,0,0,0
94705.852,17702,56,0,0,0,0,0,8,529,5,57,0,0,0,0,0,0,0,0,0,0,0,0,0,0,0,0,0,0,0,0,0,0,233,16804,0,0,0,0
94722.077,16225,61,0,0,0,0,0,8,520,5,57,0,0,0,0,0,0,0,0,0,0,0,0,0,0,0,0,0,0,0,0,0,0,233,17054,0,0,0,0
94738.704,16626,60,0,0,0,0,0,8,466,5,57,0,0,0,0,0,0,0,0,0,0,0,0,0,0,0,0,0,0,0,0,0,0,232,16179,0,0,0,0
94755.864,17160,58,0,0,0,0,0,8,531,5,57,0,0,0,0,0,0,0,0,0,0,0,0,0,0,0,0,0,0,0,0,0,0,236,16640,0,0,0,0
94771.699,15835,63,0,0,0,0,0,8,495,5,57,0,0,0,0,0,0,0,0,0,0,0,0,0,0,0,0,0,0,0,0,0,0,225,17171,0,0,0,0
94788.993,17293,57,0,0,0,0,0,8,461,5,57,0,0,0,0,0,0,0,0,0,0,0,0,0,0,0,0,0,0,0,0,0,0,225,15824,0,0,0,0
94805.860,16866,59,0,0,0,0,0,8,525,5,57,0,0,0,0,0,0,0,0,0,0,0,0,0,0,0,0,0,0,0,0,0,0,218,17309,0,0,0,0
94822.876,17016,58,0,0,0,0,0,8,526,5,57,0,0,0,0,0,0,0,0,0,0,0,0,0,0,0,0,0,0,0,0,0,0,248,16915,0,0,0,0
94838.090,15213,65,0,0,0,0,0,8,460,5,57,0,0,0,0,0,0,0,0,0,0,0,0,0,0,0,0,0,0,0,0,0,0,227,16973,0,0,0,0
94854.963,16873,59,0,0,0,0,0,8,491,5,57,0,0,0,0,0,0,0,0,0,0,0,0,0,0,0,0,0,0,0,0,0,0,229,15146,0,0,0,0
94871.940,16976,58,0,0,0,0,0,8,529,5,57,0,0,0,0,0,0,0,0,0,0,0,0,0,0,0,0,0,0,0,0,0,0,242,16930,0,0,0,0
94888.368,16428,60,0,0,0,0,0,8,461,5,57,0,0,0,0,0,0,0,0,0,0,0,0,0,0,0,0,0,0,0,0,0,0,226,16969,0,0,0,0
94905.515,17146,58,0,0,0,0,0,8,531,5,57,0,0,0,0,0,0,0,0,0,0,0,0,0,0,0,0,0,0,0,0,0,0,243,16898,0,0,0,0
94921.991,16476,60,0,0,0,0,0,8,495,5,57,0,0,0,0,0,0,0,0,0,0,0,0,0,0,0,0,0,0,0,0,0,0,234,16665,0,0,0,0
94938.062,16070,62,0,0,0,0,0,8,464,5,57,0,0,0,0,0,0,0,0,0,0,0,0,0,0,0,0,0,0,0,0,0,0,227,16508,0,0,0,0
94955.429,17367,57,0,0,0,0,0,8,526,5,57,0,0,0,0,0,0,0,0,0,0,0,0,0,0,0,0,0,0,0,0,0,0,227,16030,0,0,0,0
94971.927,16497,60,0,0,0,0,0,8,521,5,57,0,0,0,0,0,0,0,0,0,0,0,0,0,0,0,0,0,0,0,0,0,0,232,17372,0,0,0,0
94988.361,16435,60,0,0,0,0,0,8,469,5,57,0,0,0,0,0,0,0,0,0,0,0,0,0,0,0,0,0,0,0,0,0,0,234,16491,0,0,0,0
95005.515,17153,58,0,0,0,0,0,8,495,5,57,0,0,0,0,0,0,0,0,0,0,0,0,0,0,0,0,0,0,0,0,0,0,228,16491,0,0,0,0
95022.102,16587,60,0,0,0,0,0,8,525,5,57,0,0,0,0,0,0,0,0,0,0,0,0,0,0,0,0,0,0,0,0,0,0,260,17110,0,0,0,0
95038.573,16470,60,0,0,0,0,0,8,463,5,57,0,0,0,0,0,0,0,0,0,0,0,0,0,0,0,0,0,0,0,0,0,0,250,16629,0,0,0,0
95055.209,16636,60,0,0,0,0,0,8,544,5,57,0,0,0,0,0,0,0,0,0,0,0,0,0,0,0,0,0,0,0,0,0,0,226,16856,0,0,0,0
95071.990,16780,59,0,0,0,0,0,8,533,5,57,0,0,0,0,0,0,0,0,0,0,0,0,0,0,0,0,0,0,0,0,0,0,229,16235,0,0,0,0
95088.833,16843,59,0,0,0,0,0,8,433,5,57,0,0,0,0,0,0,0,0,0,0,0,0,0,0,0,0,0,0,0,0,0,0,231,17094,0,0,0,0
95105.504,16671,59,0,0,0,0,0,8,527,5,57,0,0,0,0,0,0,0,0,0,0,0,0,0,0,0,0,0,0,0,0,0,0,250,16516,0,0,0,0
95122.850,17345,57,0,0,0,0,0,8,530,5,57,0,0,0,0,0,0,0,0,0,0,0,0,0,0,0,0,0,0,0,0,0,0,226,16642,0,0,0,0
95138.426,15576,64,0,0,0,0,0,8,458,5,57,0,0,0,0,0,0,0,0,0,0,0,0,0,0,0,0,0,0,0,0,0,0,235,17402,0,0,0,0
95155.372,16946,59,0,0,0,0,0,8,529,5,57,0,0,0,0,0,0,0,0,0,0,0,0,0,0,0,0,0,0,0,0,0,0,207,15491,0,0,0,0
95171.864,16491,60,0,0,0,0,0,8,460,5,57,0,0,0,0,0,0,0,0,0,0,0,0,0,0,0,0,0,0,0,0,0,0,223,17411,0,0,0,0
95188.396,16531,60,0,0,0,0,0,8,493,5,57,0,0,0,0,0,0,0,0,0,0,0,0,0,0,0,0,0,0,0,0,0,0,230,16133,0,0,0,0
95205.510,17114,58,0,0,0,0,0,8,524,5,57,0,0,0,0,0,0,0,0,0,0,0,0,0,0,0,0,0,0,0,0,0,0,216,16487,0,0,0,0
95222.081,16571,60,0,0,0,0,0,8,525,5,57,0,0,0,0,0,0,0,0,0,0,0,0,0,0,0,0,0,0,0,0,0,0,232,17096,0,0,0,0
95238.198,16116,62,0,0,0,0,0,8,457,5,57,0,0,0,0,0,0,0,0,0,0,0,0,0,0,0,0,0,0,0,0,0,0,245,16594,0,0,0,0
95255.065,16866,59,0,0,0,0,0,8,500,5,57,0,0,0,0,0,0,0,0,0,0,0,0,0,0,0,0,0,0,0,0,0,0,219,16051,0,0,0,0
95272.376,17311,57,0,0,0,0,0,8,526,5,57,0,0,0,0,0,0,0,0,0,0,0,0,0,0,0,0,0,0,0,0,0,0,218,16920,0,0,0,0
95288.363,15987,62,0,0,0,0,0,8,465,5,57,0,0,0,0,0,0,0,0,0,0,0,0,0,0,0,0,0,0,0,0,0,0,250,17738,0,0,0,0
95305.041,16677,59,0,0,0,0,0,8,525,5,57,0,0,0,0,0,0,0,0,0,0,0,0,0,0,0,0,0,0,0,0,0,0,226,15571,0,0,0,0
95321.890,16849,59,0,0,0,0,0,8,488,5,57,0,0,0,0,0,0,0,0,0,0,0,0,0,0,0,0,0,0,0,0,0,0,223,16632,0,0,0,0
95338.602,16712,59,0,0,0,0,0,8,468,5,57,0,0,0,0,0,0,0,0,0,0,0,0,0,0,0,0,0,0,0,0,0,0,237,17321,0,0,0,0
95355.401,16798,59,0,0,0,0,0,8,529,5,57,0,0,0,0,0,0,0,0,0,0,0,0,0,0,0,0,0,0,0,0,0,0,231,16488,0,0,0,0
95371.999,16598,60,0,0,0,0,0,8,526,5,57,0,0,0,0,0,0,0,0,0,0,0,0,0,0,0,0,0,0,0,0,0,0,235,16587,0,0,0,0
95388.663,16664,60,0,0,0,0,0,8,460,5,57,0,0,0,0,0,0,0,0,0,0,0,0,0,0,0,0,0,0,0,0,0,0,218,16579,0,0,0,0
95404.859,16195,61,0,0,0,0,0,8,500,5,57,0,0,0,0,0,0,0,0,0,0,0,0,0,0,0,0,0,0,0,0,0,0,218,16634,0,0,0,0
95421.990,17130,58,0,0,0,0,0,8,530,5,57,0,0,0,0,0,0,0,0,0,0,0,0,0,0,0,0,0,0,0,0,0,0,232,16253,0,0,0,0
95438.356,16365,61,0,0,0,0,0,8,459,5,57,0,0,0,0,0,0,0,0,0,0,0,0,0,0,0,0,0,0,0,0,0,0,247,17151,0,0,0,0
95455.375,17018,58,0,0,0,0,0,8,529,5,57,0,0,0,0,0,0,0,0,0,0,0,0,0,0,0,0,0,0,0,0,0,0,219,16439,0,0,0,0
95471.767,16392,61,0,0,0,0,0,8,524,5,57,0,0,0,0,0,0,0,0,0,0,0,0,0,0,0,0,0,0,0,0,0,0,229,16910,0,0,0,0
95488.376,16609,60,0,0,0,0,0,8,428,5,57,0,0,0,0,0,0,0,0,0,0,0,0,0,0,0,0,0,0,0,0,0,0,223,16384,0,0,0,0
95505.377,17000,58,0,0,0,0,0,8,529,5,57,0,0,0,0,0,0,0,0,0,0,0,0,0,0,0,0,0,0,0,0,0,0,242,16688,0,0,0,0
95522.849,17471,57,0,0,0,0,0,8,525,5,57,0,0,0,0,0,0,0,0,0,0,0,0,0,0,0,0,0,0,0,0,0,0,226,16936,0,0,0,0
95538.367,15518,64,0,0,0,0,0,8,457,5,57,0,0,0,0,0,0,0,0,0,0,0,0,0,0,0,0,0,0,0,0,0,0,215,17453,0,0,0,0
95555.469,17101,58,0,0,0,0,0,8,548,5,57,0,0,0,0,0,0,0,0,0,0,0,0,0,0,0,0,0,0,0,0,0,0,213,15738,0,0,0,0
95571.988,16519,60,0,0,0,0,0,8,500,5,57,0,0,0,0,0,0,0,0,0,0,0,0,0,0,0,0,0,0,0,0,0,0,241,17253,0,0,0,0
95588.686,16697,59,0,0,0,0,0,8,464,5,57,0,0,0,0,0,0,0,0,0,0,0,0,0,0,0,0,0,0,0,0,0,0,229,16160,0,0,0,0
95605.368,16682,59,0,0,0,0,0,8,525,5,57,0,0,0,0,0,0,0,0,0,0,0,0,0,0,0,0,0,0,0,0,0,0,234,16819,0,0,0,0
95621.987,16619,60,0,0,0,0,0,8,529,5,57,0,0,0,0,0,0,0,0,0,0,0,0,0,0,0,0,0,0,0,0,0,0,231,16627,0,0,0,0
95638.377,16389,61,0,0,0,0,0,8,454,5,57,0,0,0,0,0,0,0,0,0,0,0,0,0,0,0,0,0,0,0,0,0,0,265,16648,0,0,0,0
95655.381,17004,58,0,0,0,0,0,8,494,5,57,0,0,0,0,0,0,0,0,0,0,0,0,0,0,0,0,0,0,0,0,0,0,222,16726,0,0,0,0
95671.983,16602,60,0,0,0,0,0,8,526,5,57,0,0,0,0,0,0,0,0,0,0,0,0,0,0,0,0,0,0,0,0,0,0,233,16650,0,0,0,0
95688.705,16721,59,0,0,0,0,0,8,466,5,57,0,0,0,0,0,0,0,0,0,0,0,0,0,0,0,0,0,0,0,0,0,0,231,16502,0,0,0,0
95705.130,16424,60,0,0,0,0,0,8,527,5,57,0,0,0,0,0,0,0,0,0,0,0,0,0,0,0,0,0,0,0,0,0,0,216,16696,0,0,0,0
95722.366,17236,58,0,0,0,0,0,8,496,5,57,0,0,0,0,0,0,0,0,0,0,0,0,0,0,0,0,0,0,0,0,0,0,226,16435,0,0,0,0
95738.836,16469,60,0,0,0,0,0,8,466,5,57,0,0,0,0,0,0,0,0,0,0,0,0,0,0,0,0,0,0,0,0,0,0,234,17361,0,0,0,0
95755.075,16239,61,0,0,0,0,0,8,518,5,57,0,0,0,0,0,0,0,0,0,0,0,0,0,0,0,0,0,0,0,0,0,0,233,16339,0,0,0,0
95772.365,17290,57,0,0,0,0,0,8,532,5,57,0,0,0,0,0,0,0,0,0,0,0,0,0,0,0,0,0,0,0,0,0,0,202,16226,0,0,0,0
95788.603,16238,61,0,0,0,0,0,8,461,5,57,0,0,0,0,0,0,0,0,0,0,0,0,0,0,0,0,0,0,0,0,0,0,230,17323,0,0,0,0
95805.016,16413,60,0,0,0,0,0,8,488,5,57,0,0,0,0,0,0,0,0,0,0,0,0,0,0,0,0,0,0,0,0,0,0,241,16457,0,0,0,0
95822.071,17054,58,0,0,0,0,0,8,525,5,57,0,0,0,0,0,0,0,0,0,0,0,0,0,0,0,0,0,0,0,0,0,0,229,16534,0,0,0,0
95838.798,16726,59,0,0,0,0,0,8,466,5,57,0,0,0,0,0,0,0,0,0,0,0,0,0,0,0,0,0,0,0,0,0,0,232,16751,0,0,0,0
95855.368,16570,60,0,0,0,0,0,8,522,5,57,0,0,0,0,0,0,0,0,0,0,0,0,0,0,0,0,0,0,0,0,0,0,234,16723,0,0,0,0
95872.014,16646,60,0,0,0,0,0,8,524,5,57,0,0,0,0,0,0,0,0,0,0,0,0,0,0,0,0,0,0,0,0,0,0,214,16511,0,0,0,0
95888.504,16489,60,0,0,0,0,0,8,436,5,57,0,0,0,0,0,0,0,0,0,0,0,0,0,0,0,0,0,0,0,0,0,0,223,16684,0,0,0,0
95905.389,16884,59,0,0,0,0,0,8,526,5,57,0,0,0,0,0,0,0,0,0,0,0,0,0,0,0,0,0,0,0,0,0,0,239,16792,0,0,0,0
95922.082,16692,59,0,0,0,0,0,8,525,5,57,0,0,0,0,0,0,0,0,0,0,0,0,0,0,0,0,0,0,0,0,0,0,226,16599,0,0,0,0
95939.385,17303,57,0,0,0,0,0,8,465,5,57,0,0,0,0,0,0,0,0,0,0,0,0,0,0,0,0,0,0,0,0,0,0,233,16658,0,0,0,0
95955.373,15988,62,0,0,0,0,0,8,525,5,57,0,0,0,0,0,0,0,0,0,0,0,0,0,0,0,0,0,0,0,0,0,0,222,17290,0,0,0,0
95971.846,16472,60,0,0,0,0,0,8,493,5,57,0,0,0,0,0,0,0,0,0,0,0,0,0,0,0,0,0,0,0,0,0,0,231,16044,0,0,0,0
95989.372,17526,57,0,0,0,0,0,8,463,5,57,0,0,0,0,0,0,0,0,0,0,0,0,0,0,0,0,0,0,0,0,0,0,226,16455,0,0,0,0
96005.465,16092,62,0,0,0,0,0,8,521,5,57,0,0,0,0,0,0,0,0,0,0,0,0,0,0,0,0,0,0,0,0,0,0,215,17394,0,0,0,0
96021.396,15931,62,0,0,0,0,0,8,525,5,57,0,0,0,0,0,0,0,0,0,0,0,0,0,0,0,0,0,0,0,0,0,0,241,16226,0,0,0,0
96038.368,16971,58,0,0,0,0,0,8,465,5,57,0,0,0,0,0,0,0,0,0,0,0,0,0,0,0,0,0,0,0,0,0,0,229,15984,0,0,0,0
96055.146,16777,59,0,0,0,0,0,8,496,5,57,0,0,0,0,0,0,0,0,0,0,0,0,0,0,0,0,0,0,0,0,0,0,262,16976,0,0,0,0
96071.851,16705,59,0,0,0,0,0,8,524,5,57,0,0,0,0,0,0,0,0,0,0,0,0,0,0,0,0,0,0,0,0,0,0,205,16665,0,0,0,0
96088.539,16688,59,0,0,0,0,0,8,461,5,57,0,0,0,0,0,0,0,0,0,0,0,0,0,0,0,0,0,0,0,0,0,0,229,16836,0,0,0,0
96105.840,17300,57,0,0,0,0,0,8,525,5,57,0,0,0,0,0,0,0,0,0,0,0,0,0,0,0,0,0,0,0,0,0,0,234,16595,0,0,0,0
96122.845,17004,58,0,0,0,0,0,8,487,5,57,0,0,0,0,0,0,0,0,0,0,0,0,0,0,0,0,0,0,0,0,0,0,230,17337,0,0,0,0
96137.939,15094,66,0,0,0,0,0,8,457,5,57,0,0,0,0,0,0,0,0,0,0,0,0,0,0,0,0,0,0,0,0,0,0,239,17014,0,0,0,0
96155.112,17173,58,0,0,0,0,0,8,526,5,57,0,0,0,0,0,0,0,0,0,0,0,0,0,0,0,0,0,0,0,0,0,0,212,14941,0,0,0,0
96172.054,16941,59,0,0,0,0,0,8,524,5,57,0,0,0,0,0,0,0,0,0,0,0,0,0,0,0,0,0,0,0,0,0,0,238,17270,0,0,0,0
96188.493,16439,60,0,0,0,0,0,8,466,5,57,0,0,0,0,0,0,0,0,0,0,0,0,0,0,0,0,0,0,0,0,0,0,224,16920,0,0,0,0
96205.358,16865,59,0,0,0,0,0,8,495,5,57,0,0,0,0,0,0,0,0,0,0,0,0,0,0,0,0,0,0,0,0,0,0,219,16451,0,0,0,0
96221.642,16283,61,0,0,0,0,0,8,532,5,57,0,0,0,0,0,0,0,0,0,0,0,0,0,0,0,0,0,0,0,0,0,0,237,17118,0,0,0,0
96238.994,17338,57,0,0,0,0,0,8,466,5,57,0,0,0,0,0,0,0,0,0,0,0,0,0,0,0,0,0,0,0,0,0,0,220,16056,0,0,0,0
96255.862,16881,59,0,0,0,0,0,8,524,5,57,0,0,0,0,0,0,0,0,0,0,0,0,0,0,0,0,0,0,0,0,0,0,269,17387,0,0,0,0
96272.386,16523,60,0,0,0,0,0,8,521,5,57,0,0,0,0,0,0,0,0,0,0,0,0,0,0,0,0,0,0,0,0,0,0,215,16796,0,0,0,0
96288.488,16101,62,0,0,0,0,0,8,436,5,57,0,0,0,0,0,0,0,0,0,0,0,0,0,0,0,0,0,0,0,0,0,0,236,16572,0,0,0,0
96304.937,16449,60,0,0,0,0,0,8,524,5,57,0,0,0,0,0,0,0,0,0,0,0,0,0,0,0,0,0,0,0,0,0,0,234,16110,0,0,0,0
96322.088,17150,58,0,0,0,0,0,8,525,5,57,0,0,0,0,0,0,0,0,0,0,0,0,0,0,0,0,0,0,0,0,0,0,236,16456,0,0,0,0
96338.358,16269,61,0,0,0,0,0,8,465,5,57,0,0,0,0,0,0,0,0,0,0,0,0,0,0,0,0,0,0,0,0,0,0,228,17096,0,0,0,0
96355.387,17029,58,0,0,0,0,0,8,542,5,57,0,0,0,0,0,0,0,0,0,0,0,0,0,0,0,0,0,0,0,0,0,0,222,16401,0,0,0,0
96371.905,16518,60,0,0,0,0,0,8,499,5,57,0,0,0,0,0,0,0,0,0,0,0,0,0,0,0,0,0,0,0,0,0,0,226,16912,0,0,0,0
96388.408,16503,60,0,0,0,0,0,8,460,5,57,0,0,0,0,0,0,0,0,0,0,0,0,0,0,0,0,0,0,0,0,0,0,227,16525,0,0,0,0
96405.171,16763,59,0,0,0,0,0,8,529,5,57,0,0,0,0,0,0,0,0,0,0,0,0,0,0,0,0,0,0,0,0,0,0,230,16606,0,0,0,0
96421.654,16482,60,0,0,0,0,0,8,525,5,57,0,0,0,0,0,0,0,0,0,0,0,0,0,0,0,0,0,0,0,0,0,0,234,16666,0,0,0,0
96438.347,16692,59,0,0,0,0,0,8,471,5,57,0,0,0,0,0,0,0,0,0,0,0,0,0,0,0,0,0,0,0,0,0,0,234,16466,0,0,0,0
96455.856,17508,57,0,0,0,0,0,8,496,5,57,0,0,0,0,0,0,0,0,0,0,0,0,0,0,0,0,0,0,0,0,0,0,231,16727,0,0,0,0
96471.986,16130,61,0,0,0,0,0,8,526,5,57,0,0,0,0,0,0,0,0,0,0,0,0,0,0,0,0,0,0,0,0,0,0,250,17521,0,0,0,0
96488.564,16578,60,0,0,0,0,0,8,460,5,57,0,0,0,0,0,0,0,0,0,0,0,0,0,0,0,0,0,0,0,0,0,0,262,16178,0,0,0,0
96505.424,16859,59,0,0,0,0,0,8,525,5,57,0,0,0,0,0,0,0,0,0,0,0,0,0,0,0,0,0,0,0,0,0,0,213,16549,0,0,0,0
96522.842,17418,57,0,0,0,0,0,8,498,5,57,0,0,0,0,0,0,0,0,0,0,0,0,0,0,0,0,0,0,0,0,0,0,244,16811,0,0,0,0
96538.459,15617,64,0,0,0,0,0,8,457,5,57,0,0,0,0,0,0,0,0,0,0,0,0,0,0,0,0,0,0,0,0,0,0,245,17430,0,0,0,0
96555.845,17385,57,0,0,0,0,0,8,530,5,57,0,0,0,0,0,0,0,0,0,0,0,0,0,0,0,0,0,0,0,0,0,0,222,15565,0,0,0,0
96572.365,16520,60,0,0,0,0,0,8,525,5,57,0,0,0,0,0,0,0,0,0,0,0,0,0,0,0,0,0,0,0,0,0,0,237,17440,0,0,0,0
96588.507,16141,61,0,0,0,0,0,8,459,5,57,0,0,0,0,0,0,0,0,0,0,0,0,0,0,0,0,0,0,0,0,0,0,241,16494,0,0,0,0
96605.842,17335,57,0,0,0,0,0,8,495,5,57,0,0,0,0,0,0,0,0,0,0,0,0,0,0,0,0,0,0,0,0,0,0,214,16196,0,0,0,0
96622.356,16514,60,0,0,0,0,0,8,538,5,57,0,0,0,0,0,0,0,0,0,0,0,0,0,0,0,0,0,0,0,0,0,0,233,17328,0,0,0,0
96637.937,15580,64,0,0,0,0,0,8,462,5,57,0,0,0,0,0,0,0,0,0,0,0,0,0,0,0,0,0,0,0,0,0,0,227,16554,0,0,0,0
96655.368,17431,57,0,0,0,0,0,8,529,5,57,0,0,0,0,0,0,0,0,0,0,0,0,0,0,0,0,0,0,0,0,0,0,238,15490,0,0,0,0
96672.016,16647,60,0,0,0,0,0,8,525,5,57,0,0,0,0,0,0,0,0,0,0,0,0,0,0,0,0,0,0,0,0,0,0,238,17452,0,0,0,0
96688.829,16813,59,0,0,0,0,0,8,441,5,57,0,0,0,0,0,0,0,0,0,0,0,0,0,0,0,0,0,0,0,0,0,0,246,16631,0,0,0,0
96705.118,16288,61,0,0,0,0,0,8,526,5,57,0,0,0,0,0,0,0,0,0,0,0,0,0,0,0,0,0,0,0,0,0,0,222,16792,0,0,0,0
96721.975,16857,59,0,0,0,0,0,8,529,5,57,0,0,0,0,0,0,0,0,0,0,0,0,0,0,0,0,0,0,0,0,0,0,205,16211,0,0,0,0
96738.348,16373,61,0,0,0,0,0,8,462,5,57,0,0,0,0,0,0,0,0,0,0,0,0,0,0,0,0,0,0,0,0,0,0,248,16969,0,0,0,0
96755.071,16722,59,0,0,0,0,0,8,529,5,57,0,0,0,0,0,0,0,0,0,0,0,0,0,0,0,0,0,0,0,0,0,0,233,16402,0,0,0,0
96771.499,16428,60,0,0,0,0,0,8,486,5,57,0,0,0,0,0,0,0,0,0,0,0,0,0,0,0,0,0,0,0,0,0,0,218,16684,0,0,0,0
96788.626,17126,58,0,0,0,0,0,8,466,5,57,0,0,0,0,0,0,0,0,0,0,0,0,0,0,0,0,0,0,0,0,0,0,216,16366,0,0,0,0
96805.839,17213,58,0,0,0,0,0,8,533,5,57,0,0,0,0,0,0,0,0,0,0,0,0,0,0,0,0,0,0,0,0,0,0,237,17168,0,0,0,0
96821.977,16138,61,0,0,0,0,0,8,516,5,57,0,0,0,0,0,0,0,0,0,0,0,0,0,0,0,0,0,0,0,0,0,0,228,17320,0,0,0,0
96838.439,16461,60,0,0,0,0,0,8,462,5,57,0,0,0,0,0,0,0,0,0,0,0,0,0,0,0,0,0,0,0,0,0,0,232,16033,0,0,0,0
96855.421,16971,58,0,0,0,0,0,8,499,5,57,0,0,0,0,0,0,0,0,0,0,0,0,0,0,0,0,0,0,0,0,0,0,227,16473,0,0,0,0
96871.973,16562,60,0,0,0,0,0,8,524,5,57,0,0,0,0,0,0,0,0,0,0,0,0,0,0,0,0,0,0,0,0,0,0,230,17003,0,0,0,0
96888.563,16590,60,0,0,0,0,0,8,478,5,57,0,0,0,0,0,0,0,0,0,0,0,0,0,0,0,0,0,0,0,0,0,0,234,16671,0,0,0,0
96904.975,16412,60,0,0,0,0,0,8,529,5,57,0,0,0,0,0,0,0,0,0,0,0,0,0,0,0,0,0,0,0,0,0,0,224,16474,0,0,0,0
96921.971,16995,58,0,0,0,0,0,8,493,5,57,0,0,0,0,0,0,0,0,0,0,0,0,0,0,0,0,0,0,0,0,0,0,236,16399,0,0,0,0
96938.350,16379,61,0,0,0,0,0,8,464,5,57,0,0,0,0,0,0,0,0,0,0,0,0,0,0,0,0,0,0,0,0,0,0,228,16989,0,0,0,0
96955.363,17012,58,0,0,0,0,0,8,528,5,57,0,0,0,0,0,0,0,0,0,0,0,0,0,0,0,0,0,0,0,0,0,0,231,16426,0,0,0,0
96972.421,17058,58,0,0,0,0,0,8,521,5,57,0,0,0,0,0,0,0,0,0,0,0,0,0,0,0,0,0,0,0,0,0,0,230,17371,0,0,0,0
96988.252,15697,63,0,0,0,0,0,8,459,5,57,0,0,0,0,0,0,0,0,0,0,0,0,0,0,0,0,0,0,0,0,0,0,241,16670,0,0,0,0
97005.378,17260,57,0,0,0,0,0,8,500,5,57,0,0,0,0,0,0,0,0,0,0,0,0,0,0,0,0,0,0,0,0,0,0,235,15611,0,0,0,0
97022.362,16983,58,0,0,0,0,0,8,526,5,57,0,0,0,0,0,0,0,0,0,0,0,0,0,0,0,0,0,0,0,0,0,0,244,17388,0,0,0,0
97038.679,16317,61,0,0,0,0,0,8,478,5,57,0,0,0,0,0,0,0,0,0,0,0,0,0,0,0,0,0,0,0,0,0,0,217,16972,0,0,0,0
97055.254,16574,60,0,0,0,0,0,8,529,5,57,0,0,0,0,0,0,0,0,0,0,0,0,0,0,0,0,0,0,0,0,0,0,211,16267,0,0,0,0
97071.964,16710,59,0,0,0,0,0,8,529,5,57,0,0,0,0,0,0,0,0,0,0,0,0,0,0,0,0,0,0,0,0,0,0,233,16581,0,0,0,0
97088.415,16450,60,0,0,0,0,0,8,432,5,57,0,0,0,0,0,0,0,0,0,0,0,0,0,0,0,0,0,0,0,0,0,0,244,16718,0,0,0,0
97105.123,16707,59,0,0,0,0,0,8,529,5,57,0,0,0,0,0,0,0,0,0,0,0,0,0,0,0,0,0,0,0,0,0,0,231,16366,0,0,0,0
97122.025,16902,59,0,0,0,0,0,8,530,5,57,0,0,0,0,0,0,0,0,0,0,0,0,0,0,0,0,0,0,0,0,0,0,205,16693,0,0,0,0
97138.042,16017,62,0,0,0,0,0,8,460,5,57,0,0,0,0,0,0,0,0,0,0,0,0,0,0,0,0,0,0,0,0,0,0,227,16982,0,0,0,0
97155.836,17793,56,0,0,0,0,0,8,525,5,57,0,0,0,0,0,0,0,0,0,0,0,0,0,0,0,0,0,0,0,0,0,0,243,16782,0,0,0,0
97171.906,16070,62,0,0,0,0,0,8,487,5,57,0,0,0,0,0,0,0,0,0,0,0,0,0,0,0,0,0,0,0,0,0,0,217,17053,0,0,0,0
97188.330,16424,60,0,0,0,0,0,8,484,5,57,0,0,0,0,0,0,0,0,0,0,0,0,0,0,0,0,0,0,0,0,0,0,224,16088,0,0,0,0
97205.355,17024,58,0,0,0,0,0,8,526,5,57,0,0,0,0,0,0,0,0,0,0,0,0,0,0,0,0,0,0,0,0,0,0,227,16392,0,0,0,0
97221.734,16378,61,0,0,0,0,0,8,529,5,57,0,0,0,0,0,0,0,0,0,0,0,0,0,0,0,0,0,0,0,0,0,0,222,17013,0,0,0,0
97238.597,16862,59,0,0,0,0,0,8,465,5,57,0,0,0,0,0,0,0,0,0,0,0,0,0,0,0,0,0,0,0,0,0,0,219,16380,0,0,0,0
97255.833,17236,58,0,0,0,0,0,8,488,5,57,0,0,0,0,0,0,0,0,0,0,0,0,0,0,0,0,0,0,0,0,0,0,233,17064,0,0,0,0
97272.054,16221,61,0,0,0,0,0,8,520,5,57,0,0,0,0,0,0,0,0,0,0,0,0,0,0,0,0,0,0,0,0,0,0,237,17084,0,0,0,0
97287.935,15881,62,0,0,0,0,0,8,461,5,57,0,0,0,0,0,0,0,0,0,0,0,0,0,0,0,0,0,0,0,0,0,0,238,16194,0,0,0,0
97305.071,17135,58,0,0,0,0,0,8,529,5,57,0,0,0,0,0,0,0,0,0,0,0,0,0,0,0,0,0,0,0,0,0,0,220,15774,0,0,0,0
97322.075,17004,58,0,0,0,0,0,8,494,5,57,0,0,0,0,0,0,0,0,0,0,0,0,0,0,0,0,0,0,0,0,0,0,235,17242,0,0,0,0
97338.499,16424,60,0,0,0,0,0,8,475,5,57,0,0,0,0,0,0,0,0,0,0,0,0,0,0,0,0,0,0,0,0,0,0,224,17011,0,0,0,0
97355.833,17333,57,0,0,0,0,0,8,534,5,57,0,0,0,0,0,0,0,0,0,0,0,0,0,0,0,0,0,0,0,0,0,0,210,16393,0,0,0,0
97371.967,16134,61,0,0,0,0,0,8,523,5,57,0,0,0,0,0,0,0,0,0,0,0,0,0,0,0,0,0,0,0,0,0,0,244,17435,0,0,0,0
97388.522,16555,60,0,0,0,0,0,8,461,5,57,0,0,0,0,0,0,0,0,0,0,0,0,0,0,0,0,0,0,0,0,0,0,219,15982,0,0,0,0
97405.363,16840,59,0,0,0,0,0,8,497,5,57,0,0,0,0,0,0,0,0,0,0,0,0,0,0,0,0,0,0,0,0,0,0,233,16917,0,0,0,0
97422.011,16638,60,0,0,0,0,0,8,532,5,57,0,0,0,0,0,0,0,0,0,0,0,0,0,0,0,0,0,0,0,0,0,0,214,16427,0,0,0,0
97438.757,16756,59,0,0,0,0,0,8,465,5,57,0,0,0,0,0,0,0,0,0,0,0,0,0,0,0,0,0,0,0,0,0,0,233,16750,0,0,0,0
97455.435,16677,59,0,0,0,0,0,8,524,5,57,0,0,0,0,0,0,0,0,0,0,0,0,0,0,0,0,0,0,0,0,0,0,230,16791,0,0,0,0
97471.848,16412,60,0,0,0,0,0,8,522,5,57,0,0,0,0,0,0,0,0,0,0,0,0,0,0,0,0,0,0,0,0,0,0,242,17019,0,0,0,0
97488.028,16180,61,0,0,0,0,0,8,449,5,57,0,0,0,0,0,0,0,0,0,0,0,0,0,0,0,0,0,0,0,0,0,0,226,16017,0,0,0,0
97505.493,17464,57,0,0,0,0,0,8,527,5,57,0,0,0,0,0,0,0,0,0,0,0,0,0,0,0,0,0,0,0,0,0,0,222,16140,0,0,0,0
97522.843,17339,57,0,0,0,0,0,8,530,5,57,0,0,0,0,0,0,0,0,0,0,0,0,0,0,0,0,0,0,0,0,0,0,232,17489,0,0,0,0
97538.072,15240,65,0,0,0,0,0,8,458,5,57,0,0,0,0,0,0,0,0,0,0,0,0,0,0,0,0,0,0,0,0,0,0,236,17385,0,0,0,0
97555.404,17331,57,0,0,0,0,0,8,527,5,57,0,0,0,0,0,0,0,0,0,0,0,0,0,0,0,0,0,0,0,0,0,0,225,15918,0,0,0,0
97571.860,16455,60,0,0,0,0,0,8,488,5,57,0,0,0,0,0,0,0,0,0,0,0,0,0,0,0,0,0,0,0,0,0,0,228,16602,0,0,0,0
97588.338,16478,60,0,0,0,0,0,8,469,5,57,0,0,0,0,0,0,0,0,0,0,0,0,0,0,0,0,0,0,0,0,0,0,228,16451,0,0,0,0
97605.373,17035,58,0,0,0,0,0,8,526,5,57,0,0,0,0,0,0,0,0,0,0,0,0,0,0,0,0,0,0,0,0,0,0,220,16548,0,0,0,0
97621.347,15973,62,0,0,0,0,0,8,525,5,57,0,0,0,0,0,0,0,0,0,0,0,0,0,0,0,0,0,0,0,0,0,0,235,16984,0,0,0,0
97638.391,17044,58,0,0,0,0,0,8,478,5,57,0,0,0,0,0,0,0,0,0,0,0,0,0,0,0,0,0,0,0,0,0,0,239,16144,0,0,0,0
97655.070,16678,59,0,0,0,0,0,8,499,5,57,0,0,0,0,0,0,0,0,0,0,0,0,0,0,0,0,0,0,0,0,0,0,238,16975,0,0,0,0
97671.990,16920,59,0,0,0,0,0,8,528,5,57,0,0,0,0,0,0,0,0,0,0,0,0,0,0,0,0,0,0,0,0,0,0,247,16629,0,0,0,0
97688.143,16153,61,0,0,0,0,0,8,461,5,57,0,0,0,0,0,0,0,0,0,0,0,0,0,0,0,0,0,0,0,0,0,0,228,16792,0,0,0,0
97705.353,17209,58,0,0,0,0,0,8,524,5,57,0,0,0,0,0,0,0,0,0,0,0,0,0,0,0,0,0,0,0,0,0,0,231,16929,0,0,0,0
97721.648,16294,61,0,0,0,0,0,8,498,5,57,0,0,0,0,0,0,0,0,0,0,0,0,0,0,0,0,0,0,0,0,0,0,192,16435,0,0,0,0
97739.361,17713,56,0,0,0,0,0,8,468,5,57,0,0,0,0,0,0,0,0,0,0,0,0,0,0,0,0,0,0,0,0,0,0,232,16375,0,0,0,0
97755.045,15684,63,0,0,0,0,0,8,520,5,57,0,0,0,0,0,0,0,0,0,0,0,0,0,0,0,0,0,0,0,0,0,0,233,17684,0,0,0,0
97772.831,17785,56,0,0,0,0,0,8,529,5,57,0,0,0,0,0,0,0,0,0,0,0,0,0,0,0,0,0,0,0,0,0,0,228,15704,0,0,0,0
97788.254,15423,64,0,0,0,0,0,8,483,5,57,0,0,0,0,0,0,0,0,0,0,0,0,0,0,0,0,0,0,0,0,0,0,235,17882,0,0,0,0
97805.346,17092,58,0,0,0,0,0,8,495,5,57,0,0,0,0,0,0,0,0,0,0,0,0,0,0,0,0,0,0,0,0,0,0,221,15871,0,0,0,0
97821.961,16614,60,0,0,0,0,0,8,529,5,57,0,0,0,0,0,0,0,0,0,0,0,0,0,0,0,0,0,0,0,0,0,0,224,16578,0,0,0,0
97838.473,16512,60,0,0,0,0,0,8,458,5,57,0,0,0,0,0,0,0,0,0,0,0,0,0,0,0,0,0,0,0,0,0,0,224,16604,0,0,0,0
97855.353,16880,59,0,0,0,0,0,8,532,5,57,0,0,0,0,0,0,0,0,0,0,0,0,0,0,0,0,0,0,0,0,0,0,233,16532,0,0,0,0
97871.961,16607,60,0,0,0,0,0,8,525,5,57,0,0,0,0,0,0,0,0,0,0,0,0,0,0,0,0,0,0,0,0,0,0,221,16837,0,0,0,0
97888.628,16666,59,0,0,0,0,0,8,431,5,57,0,0,0,0,0,0,0,0,0,0,0,0,0,0,0,0,0,0,0,0,0,0,245,16674,0,0,0,0
97905.161,16533,60,0,0,0,0,0,8,525,5,57,0,0,0,0,0,0,0,0,0,0,0,0,0,0,0,0,0,0,0,0,0,0,212,16504,0,0,0,0
97921.423,16262,61,0,0,0,0,0,8,524,5,57,0,0,0,0,0,0,0,0,0,0,0,0,0,0,0,0,0,0,0,0,0,0,215,16657,0,0,0,0
97938.856,17432,57,0,0,0,0,0,8,483,5,57,0,0,0,0,0,0,0,0,0,0,0,0,0,0,0,0,0,0,0,0,0,0,213,16161,0,0,0,0
97955.094,16238,61,0,0,0,0,0,8,527,5,57,0,0,0,0,0,0,0,0,0,0,0,0,0,0,0,0,0,0,0,0,0,0,228,17502,0,0,0,0
97972.828,17733,56,0,0,0,0,0,8,494,5,57,0,0,0,0,0,0,0,0,0,0,0,0,0,0,0,0,0,0,0,0,0,0,216,16185,0,0,0,0
97988.399,15570,64,0,0,0,0,0,8,453,5,57,0,0,0,0,0,0,0,0,0,0,0,0,0,0,0,0,0,0,0,0,0,0,215,17906,0,0,0,0
98005.364,16952,58,0,0,0,0,0,8,529,5,57,0,0,0,0,0,0,0,0,0,0,0,0,0,0,0,0,0,0,0,0,0,0,233,15555,0,0,0,0
98021.978,16626,60,0,0,0,0,0,8,528,5,57,0,0,0,0,0,0,0,0,0,0,0,0,0,0,0,0,0,0,0,0,0,0,230,16893,0,0,0,0
98038.432,16453,60,0,0,0,0,0,8,465,5,57,0,0,0,0,0,0,0,0,0,0,0,0,0,0,0,0,0,0,0,0,0,0,230,16608,0,0,0,0
98055.051,16619,60,0,0,0,0,0,8,497,5,57,0,0,0,0,0,0,0,0,0,0,0,0,0,0,0,0,0,0,0,0,0,0,237,16440,0,0,0,0
98072.841,17790,56,0,0,0,0,0,8,524,5,57,0,0,0,0,0,0,0,0,0,0,0,0,0,0,0,0,0,0,0,0,0,0,238,16665,0,0,0,0
98088.436,15594,64,0,0,0,0,0,8,474,5,57,0,0,0,0,0,0,0,0,0,0,0,0,0,0,0,0,0,0,0,0,0,0,211,17722,0,0,0,0
98105.338,16903,59,0,0,0,0,0,8,529,5,57,0,0,0,0,0,0,0,0,0,0,0,0,0,0,0,0,0,0,0,0,0,0,212,15647,0,0,0,0
98122.016,16677,59,0,0,0,0,0,8,500,5,57,0,0,0,0,0,0,0,0,0,0,0,0,0,0,0,0,0,0,0,0,0,0,241,16900,0,0,0,0
98138.026,16010,62,0,0,0,0,0,8,458,5,57,0,0,0,0,0,0,0,0,0,0,0,0,0,0,0,0,0,0,0,0,0,0,223,16657,0,0,0,0
98155.484,17458,57,0,0,0,0,0,8,526,5,57,0,0,0,0,0,0,0,0,0,0,0,0,0,0,0,0,0,0,0,0,0,0,232,16623,0,0,0,0
98172.844,17359,57,0,0,0,0,0,8,531,5,57,0,0,0,0,0,0,0,0,0,0,0,0,0,0,0,0,0,0,0,0,0,0,218,16844,0,0,0,0
98188.833,15989,62,0,0,0,0,0,8,458,5,57,0,0,0,0,0,0,0,0,0,0,0,0,0,0,0,0,0,0,0,0,0,0,229,17351,0,0,0,0
98205.351,16507,60,0,0,0,0,0,8,490,5,57,0,0,0,0,0,0,0,0,0,0,0,0,0,0,0,0,0,0,0,0,0,0,191,15997,0,0,0,0
98221.970,16629,60,0,0,0,0,0,8,529,5,57,0,0,0,0,0,0,0,0,0,0,0,0,0,0,0,0,0,0,0,0,0,0,227,16533,0,0,0,0
98238.419,16448,60,0,0,0,0,0,8,478,5,57,0,0,0,0,0,0,0,0,0,0,0,0,0,0,0,0,0,0,0,0,0,0,234,16663,0,0,0,0
98255.340,16920,59,0,0,0,0,0,8,529,5,57,0,0,0,0,0,0,0,0,0,0,0,0,0,0,0,0,0,0,0,0,0,0,242,16673,0,0,0,0
98272.861,17521,57,0,0,0,0,0,8,529,5,57,0,0,0,0,0,0,0,0,0,0,0,0,0,0,0,0,0,0,0,0,0,0,240,16682,0,0,0,0
98288.567,15706,63,0,0,0,0,0,8,426,5,57,0,0,0,0,0,0,0,0,0,0,0,0,0,0,0,0,0,0,0,0,0,0,247,17489,0,0,0,0
98305.061,16493,60,0,0,0,0,0,8,521,5,57,0,0,0,0,0,0,0,0,0,0,0,0,0,0,0,0,0,0,0,0,0,0,214,15657,0,0,0,0
98321.825,16764,59,0,0,0,0,0,8,529,5,57,0,0,0,0,0,0,0,0,0,0,0,0,0,0,0,0,0,0,0,0,0,0,226,16505,0,0,0,0
98338.531,16706,59,0,0,0,0,0,8,466,5,57,0,0,0,0,0,0,0,0,0,0,0,0,0,0,0,0,0,0,0,0,0,0,243,16810,0,0,0,0
98355.824,17292,57,0,0,0,0,0,8,521,5,57,0,0,0,0,0,0,0,0,0,0,0,0,0,0,0,0,0,0,0,0,0,0,231,16759,0,0,0,0
98371.962,16138,61,0,0,0,0,0,8,490,5,57,0,0,0,0,0,0,0,0,0,0,0,0,0,0,0,0,0,0,0,0,0,0,218,17226,0,0,0,0
98388.469,16506,60,0,0,0,0,0,8,462,5,57,0,0,0,0,0,0,0,0,0,0,0,0,0,0,0,0,0,0,0,0,0,0,222,16124,0,0,0,0
98404.992,16523,60,0,0,0,0,0,8,525,5,57,0,0,0,0,0,0,0,0,0,0,0,0,0,0,0,0,0,0,0,0,0,0,232,16525,0,0,0,0
98421.829,16836,59,0,0,0,0,0,8,521,5,57,0,0,0,0,0,0,0,0,0,0,0,0,0,0,0,0,0,0,0,0,0,0,227,16811,0,0,0,0
98438.591,16762,59,0,0,0,0,0,8,463,5,57,0,0,0,0,0,0,0,0,0,0,0,0,0,0,0,0,0,0,0,0,0,0,211,16518,0,0,0,0
98455.342,16750,59,0,0,0,0,0,8,512,5,57,0,0,0,0,0,0,0,0,0,0,0,0,0,0,0,0,0,0,0,0,0,0,244,16908,0,0,0,0
98472.848,17506,57,0,0,0,0,0,8,529,5,57,0,0,0,0,0,0,0,0,0,0,0,0,0,0,0,0,0,0,0,0,0,0,250,16696,0,0,0,0
98488.577,15729,63,0,0,0,0,0,8,458,5,57,0,0,0,0,0,0,0,0,0,0,0,0,0,0,0,0,0,0,0,0,0,0,219,17415,0,0,0,0
98505.144,16566,60,0,0,0,0,0,8,530,5,57,0,0,0,0,0,0,0,0,0,0,0,0,0,0,0,0,0,0,0,0,0,0,212,15781,0,0,0,0
98521.962,16817,59,0,0,0,0,0,8,491,5,57,0,0,0,0,0,0,0,0,0,0,0,0,0,0,0,0,0,0,0,0,0,0,256,16573,0,0,0,0
98538.486,16524,60,0,0,0,0,0,8,460,5,57,0,0,0,0,0,0,0,0,0,0,0,0,0,0,0,0,0,0,0,0,0,0,235,16774,0,0,0,0
98555.821,17335,57,0,0,0,0,0,8,533,5,57,0,0,0,0,0,0,0,0,0,0,0,0,0,0,0,0,0,0,0,0,0,0,237,16538,0,0,0,0
98571.879,16057,62,0,0,0,0,0,8,521,5,57,0,0,0,0,0,0,0,0,0,0,0,0,0,0,0,0,0,0,0,0,0,0,233,17320,0,0,0,0
98588.504,16624,60,0,0,0,0,0,8,456,5,57,0,0,0,0,0,0,0,0,0,0,0,0,0,0,0,0,0,0,0,0,0,0,231,16056,0,0,0,0
98605.828,17323,57,0,0,0,0,0,8,495,5,57,0,0,0,0,0,0,0,0,0,0,0,0,0,0,0,0,0,0,0,0,0,0,227,16787,0,0,0,0
98621.961,16133,61,0,0,0,0,0,8,526,5,57,0,0,0,0,0,0,0,0,0,0,0,0,0,0,0,0,0,0,0,0,0,0,232,17142,0,0,0,0
98638.526,16565,60,0,0,0,0,0,8,457,5,57,0,0,0,0,0,0,0,0,0,0,0,0,0,0,0,0,0,0,0,0,0,0,235,16133,0,0,0,0
98655.091,16565,60,0,0,0,0,0,8,526,5,57,0,0,0,0,0,0,0,0,0,0,0,0,0,0,0,0,0,0,0,0,0,0,220,16681,0,0,0,0
98671.960,16868,59,0,0,0,0,0,8,529,5,57,0,0,0,0,0,0,0,0,0,0,0,0,0,0,0,0,0,0,0,0,0,0,238,16455,0,0,0,0
98688.510,16549,60,0,0,0,0,0,8,429,5,57,0,0,0,0,0,0,0,0,0,0,0,0,0,0,0,0,0,0,0,0,0,0,257,17774,0,0,0,0
98705.372,16861,59,0,0,0,0,0,8,526,5,57,0,0,0,0,0,0,0,0,0,0,0,0,0,0,0,0,0,0,0,0,0,0,200,15583,0,0,0,0
98721.821,16449,60,0,0,0,0,0,8,530,5,57,0,0,0,0,0,0,0,0,0,0,0,0,0,0,0,0,0,0,0,0,0,0,234,16864,0,0,0,0
98738.588,16767,59,0,0,0,0,0,8,463,5,57,0,0,0,0,0,0,0,0,0,0,0,0,0,0,0,0,0,0,0,0,0,0,232,16532,0,0,0,0
98755.501,16913,59,0,0,0,0,0,8,526,5,57,0,0,0,0,0,0,0,0,0,0,0,0,0,0,0,0,0,0,0,0,0,0,235,16817,0,0,0,0
98771.957,16455,60,0,0,0,0,0,8,496,5,57,0,0,0,0,0,0,0,0,0,0,0,0,0,0,0,0,0,0,0,0,0,0,238,16840,0,0,0,0
98787.879,15921,62,0,0,0,0,0,8,462,5,57,0,0,0,0,0,0,0,0,0,0,0,0,0,0,0,0,0,0,0,0,0,0,214,16469,0,0,0,0
98804.817,16938,59,0,0,0,0,0,8,526,5,57,0,0,0,0,0,0,0,0,0,0,0,0,0,0,0,0,0,0,0,0,0,0,239,15989,0,0,0,0
98821.955,17137,58,0,0,0,0,0,8,528,5,57,0,0,0,0,0,0,0,0,0,0,0,0,0,0,0,0,0,0,0,0,0,0,273,16940,0,0,0,0
98838.690,16735,59,0,0,0,0,0,8,461,5,57,0,0,0,0,0,0,0,0,0,0,0,0,0,0,0,0,0,0,0,0,0,0,222,17064,0,0,0,0
98855.823,17132,58,0,0,0,0,0,8,511,5,57,0,0,0,0,0,0,0,0,0,0,0,0,0,0,0,0,0,0,0,0,0,0,226,16822,0,0,0,0
98871.957,16134,61,0,0,0,0,0,8,517,5,57,0,0,0,0,0,0,0,0,0,0,0,0,0,0,0,0,0,0,0,0,0,0,245,17061,0,0,0,0
98888.133,16176,61,0,0,0,0,0,8,465,5,57,0,0,0,0,0,0,0,0,0,0,0,0,0,0,0,0,0,0,0,0,0,0,218,16086,0,0,0,0
98905.471,17337,57,0,0,0,0,0,8,524,5,57,0,0,0,0,0,0,0,0,0,0,0,0,0,0,0,0,0,0,0,0,0,0,241,16856,0,0,0,0
98921.991,16519,60,0,0,0,0,0,8,500,5,57,0,0,0,0,0,0,0,0,0,0,0,0,0,0,0,0,0,0,0,0,0,0,269,16752,0,0,0,0
98938.503,16513,60,0,0,0,0,0,8,462,5,57,0,0,0,0,0,0,0,0,0,0,0,0,0,0,0,0,0,0,0,0,0,0,236,16417,0,0,0,0
98955.833,17329,57,0,0,0,0,0,8,526,5,57,0,0,0,0,0,0,0,0,0,0,0,0,0,0,0,0,0,0,0,0,0,0,226,16736,0,0,0,0
98971.487,15654,63,0,0,0,0,0,8,522,5,57,0,0,0,0,0,0,0,0,0,0,0,0,0,0,0,0,0,0,0,0,0,0,229,17157,0,0,0,0
98988.329,16841,59,0,0,0,0,0,8,465,5,57,0,0,0,0,0,0,0,0,0,0,0,0,0,0,0,0,0,0,0,0,0,0,212,15887,0,0,0,0
99005.534,17205,58,0,0,0,0,0,8,497,5,57,0,0,0,0,0,0,0,0,0,0,0,0,0,0,0,0,0,0,0,0,0,0,248,16589,0,0,0,0
99022.081,16547,60,0,0,0,0,0,8,527,5,57,0,0,0,0,0,0,0,0,0,0,0,0,0,0,0,0,0,0,0,0,0,0,247,17188,0,0,0,0
99038.545,16463,60,0,0,0,0,0,8,461,5,57,0,0,0,0,0,0,0,0,0,0,0,0,0,0,0,0,0,0,0,0,0,0,236,16793,0,0,0,0
99055.817,17272,57,0,0,0,0,0,8,526,5,57,0,0,0,0,0,0,0,0,0,0,0,0,0,0,0,0,0,0,0,0,0,0,227,16222,0,0,0,0
99071.953,16136,61,0,0,0,0,0,8,521,5,57,0,0,0,0,0,0,0,0,0,0,0,0,0,0,0,0,0,0,0,0,0,0,215,17312,0,0,0,0
99088.779,16826,59,0,0,0,0,0,8,439,5,57,0,0,0,0,0,0,0,0,0,0,0,0,0,0,0,0,0,0,0,0,0,0,233,16118,0,0,0,0
99105.416,16636,60,0,0,0,0,0,8,526,5,57,0,0,0,0,0,0,0,0,0,0,0,0,0,0,0,0,0,0,0,0,0,0,228,17234,0,0,0,0
99122.046,16630,60,0,0,0,0,0,8,528,5,57,0,0,0,0,0,0,0,0,0,0,0,0,0,0,0,0,0,0,0,0,0,0,218,16258,0,0,0,0
99137.882,15835,63,0,0,0,0,0,8,457,5,57,0,0,0,0,0,0,0,0,0,0,0,0,0,0,0,0,0,0,0,0,0,0,228,16597,0,0,0,0
99154.953,17070,58,0,0,0,0,0,8,528,5,57,0,0,0,0,0,0,0,0,0,0,0,0,0,0,0,0,0,0,0,0,0,0,222,15919,0,0,0,0
99172.048,17095,58,0,0,0,0,0,8,490,5,57,0,0,0,0,0,0,0,0,0,0,0,0,0,0,0,0,0,0,0,0,0,0,237,16998,0,0,0,0
99188.564,16515,60,0,0,0,0,0,8,463,5,57,0,0,0,0,0,0,0,0,0,0,0,0,0,0,0,0,0,0,0,0,0,0,228,17054,0,0,0,0
99205.060,16496,60,0,0,0,0,0,8,525,5,57,0,0,0,0,0,0,0,0,0,0,0,0,0,0,0,0,0,0,0,0,0,0,218,16639,0,0,0,0
99222.333,17273,57,0,0,0,0,0,8,529,5,57,0,0,0,0,0,0,0,0,0,0,0,0,0,0,0,0,0,0,0,0,0,0,230,16381,0,0,0,0
99238.367,16034,62,0,0,0,0,0,8,454,5,57,0,0,0,0,0,0,0,0,0,0,0,0,0,0,0,0,0,0,0,0,0,0,216,17265,0,0,0,0
99255.418,17050,58,0,0,0,0,0,8,524,5,57,0,0,0,0,0,0,0,0,0,0,0,0,0,0,0,0,0,0,0,0,0,0,214,16193,0,0,0,0
99272.334,16916,59,0,0,0,0,0,8,526,5,57,0,0,0,0,0,0,0,0,0,0,0,0,0,0,0,0,0,0,0,0,0,0,238,16904,0,0,0,0
99288.651,16316,61,0,0,0,0,0,8,465,5,57,0,0,0,0,0,0,0,0,0,0,0,0,0,0,0,0,0,0,0,0,0,0,232,17021,0,0,0,0
99305.443,16792,59,0,0,0,0,0,8,529,5,57,0,0,0,0,0,0,0,0,0,0,0,0,0,0,0,0,0,0,0,0,0,0,240,16191,0,0,0,0
99321.840,16396,60,0,0,0,0,0,8,488,5,57,0,0,0,0,0,0,0,0,0,0,0,0,0,0,0,0,0,0,0,0,0,0,254,16912,0,0,0,0
99338.500,16659,60,0,0,0,0,0,8,461,5,57,0,0,0,0,0,0,0,0,0,0,0,0,0,0,0,0,0,0,0,0,0,0,236,16339,0,0,0,0
99355.332,16832,59,0,0,0,0,0,8,528,5,57,0,0,0,0,0,0,0,0,0,0,0,0,0,0,0,0,0,0,0,0,0,0,231,16792,0,0,0,0
99372.823,17490,57,0,0,0,0,0,8,531,5,57,0,0,0,0,0,0,0,0,0,0,0,0,0,0,0,0,0,0,0,0,0,0,231,16762,0,0,0,0
99388.134,15310,65,0,0,0,0,0,8,462,5,57,0,0,0,0,0,0,0,0,0,0,0,0,0,0,0,0,0,0,0,0,0,0,232,17402,0,0,0,0
99405.330,17196,58,0,0,0,0,0,8,500,5,57,0,0,0,0,0,0,0,0,0,0,0,0,0,0,0,0,0,0,0,0,0,0,212,15793,0,0,0,0
99421.746,16416,60,0,0,0,0,0,8,531,5,57,0,0,0,0,0,0,0,0,0,0,0,0,0,0,0,0,0,0,0,0,0,0,226,16725,0,0,0,0
99438.512,16766,59,0,0,0,0,0,8,461,5,57,0,0,0,0,0,0,0,0,0,0,0,0,0,0,0,0,0,0,0,0,0,0,234,16433,0,0,0,0
99455.815,17303,57,0,0,0,0,0,8,522,5,57,0,0,0,0,0,0,0,0,0,0,0,0,0,0,0,0,0,0,0,0,0,0,245,16897,0,0,0,0
99472.816,17000,58,0,0,0,0,0,8,525,5,57,0,0,0,0,0,0,0,0,0,0,0,0,0,0,0,0,0,0,0,0,0,0,231,17165,0,0,0,0
99488.413,15596,64,0,0,0,0,0,8,424,5,57,0,0,0,0,0,0,0,0,0,0,0,0,0,0,0,0,0,0,0,0,0,0,239,17000,0,0,0,0
99505.429,17016,58,0,0,0,0,0,8,531,5,57,0,0,0,0,0,0,0,0,0,0,0,0,0,0,0,0,0,0,0,0,0,0,233,15831,0,0,0,0
99521.910,16480,60,0,0,0,0,0,8,526,5,57,0,0,0,0,0,0,0,0,0,0,0,0,0,0,0,0,0,0,0,0,0,0,251,16866,0,0,0,0
99537.883,15973,62,0,0,0,0,0,8,462,5,57,0,0,0,0,0,0,0,0,0,0,0,0,0,0,0,0,0,0,0,0,0,0,206,16213,0,0,0,0
99555.474,17590,56,0,0,0,0,0,8,526,5,57,0,0,0,0,0,0,0,0,0,0,0,0,0,0,0,0,0,0,0,0,0,0,237,16161,0,0,0,0
99571.945,16471,60,0,0,0,0,0,8,495,5,57,0,0,0,0,0,0,0,0,0,0,0,0,0,0,0,0,0,0,0,0,0,0,230,17534,0,0,0,0
99588.188,16242,61,0,0,0,0,0,8,465,5,57,0,0,0,0,0,0,0,0,0,0,0,0,0,0,0,0,0,0,0,0,0,0,231,16490,0,0,0,0
99605.843,17655,56,0,0,0,0,0,8,525,5,57,0,0,0,0,0,0,0,0,0,0,0,0,0,0,0,0,0,0,0,0,0,0,244,16741,0,0,0,0
99621.908,16065,62,0,0,0,0,0,8,521,5,57,0,0,0,0,0,0,0,0,0,0,0,0,0,0,0,0,0,0,0,0,0,0,208,17070,0,0,0,0
99638.371,16463,60,0,0,0,0,0,8,466,5,57,0,0,0,0,0,0,0,0,0,0,0,0,0,0,0,0,0,0,0,0,0,0,230,16154,0,0,0,0
99655.330,16959,58,0,0,0,0,0,8,501,5,57,0,0,0,0,0,0,0,0,0,0,0,0,0,0,0,0,0,0,0,0,0,0,232,16468,0,0,0,0
99671.946,16615,60,0,0,0,0,0,8,530,5,57,0,0,0,0,0,0,0,0,0,0,0,0,0,0,0,0,0,0,0,0,0,0,231,16969,0,0,0,0
99688.353,16406,60,0,0,0,0,0,8,461,5,57,0,0,0,0,0,0,0,0,0,0,0,0,0,0,0,0,0,0,0,0,0,0,223,16603,0,0,0,0
99705.826,17472,57,0,0,0,0,0,8,534,5,57,0,0,0,0,0,0,0,0,0,0,0,0,0,0,0,0,0,0,0,0,0,0,231,16494,0,0,0,0
99721.996,16169,61,0,0,0,0,0,8,488,5,57,0,0,0,0,0,0,0,0,0,0,0,0,0,0,0,0,0,0,0,0,0,0,246,17443,0,0,0,0
99737.947,15951,62,0,0,0,0,0,8,461,5,57,0,0,0,0,0,0,0,0,0,0,0,0,0,0,0,0,0,0,0,0,0,0,211,15979,0,0,0,0
99755.126,17178,58,0,0,0,0,0,8,533,5,57,0,0,0,0,0,0,0,0,0,0,0,0,0,0,0,0,0,0,0,0,0,0,239,16913,0,0,0,0
99772.816,17690,56,0,0,0,0,0,8,529,5,57,0,0,0,0,0,0,0,0,0,0,0,0,0,0,0,0,0,0,0,0,0,0,219,16351,0,0,0,0
99788.046,15229,65,0,0,0,0,0,8,463,5,57,0,0,0,0,0,0,0,0,0,0,0,0,0,0,0,0,0,0,0,0,0,0,234,18144,0,0,0,0
99805.329,17282,57,0,0,0,0,0,8,491,5,57,0,0,0,0,0,0,0,0,0,0,0,0,0,0,0,0,0,0,0,0,0,0,192,14653,0,0,0,0
99821.721,16393,61,0,0,0,0,0,8,525,5,57,0,0,0,0,0,0,0,0,0,0,0,0,0,0,0,0,0,0,0,0,0,0,230,17423,0,0,0,0
99838.488,16765,59,0,0,0,0,0,8,464,5,57,0,0,0,0,0,0,0,0,0,0,0,0,0,0,0,0,0,0,0,0,0,0,226,16416,0,0,0,0
99855.271,16783,59,0,0,0,0,0,8,526,5,57,0,0,0,0,0,0,0,0,0,0,0,0,0,0,0,0,0,0,0,0,0,0,242,16931,0,0,0,0
99872.820,17548,56,0,0,0,0,0,8,533,5,57,0,0,0,0,0,0,0,0,0,0,0,0,0,0,0,0,0,0,0,0,0,0,233,16584,0,0,0,0
99888.454,15634,63,0,0,0,0,0,8,429,5,57,0,0,0,0,0,0,0,0,0,0,0,0,0,0,0,0,0,0,0,0,0,0,231,17567,0,0,0,0
99905.339,16885,59,0,0,0,0,0,8,525,5,57,0,0,0,0,0,0,0,0,0,0,0,0,0,0,0,0,0,0,0,0,0,0,207,15534,0,0,0,0
99922.000,16660,60,0,0,0,0,0,8,532,5,57,0,0,0,0,0,0,0,0,0,0,0,0,0,0,0,0,0,0,0,0,0,0,238,17034,0,0,0,0
99938.855,16854,59,0,0,0,0,0,8,462,5,57,0,0,0,0,0,0,0,0,0,0,0,0,0,0,0,0,0,0,0,0,0,0,222,16577,0,0,0,0
99955.325,16470,60,0,0,0,0,0,8,521,5,57,0,0,0,0,0,0,0,0,0,0,0,0,0,0,0,0,0,0,0,0,0,0,215,16790,0,0,0,0
99971.769,16444,60,0,0,0,0,0,8,494,5,57,0,0,0,0,0,0,0,0,0,0,0,0,0,0,0,0,0,0,0,0,0,0,237,16562,0,0,0,0
99988.819,17049,58,0,0,0,0,0,8,462,5,57,0,0,0,0,0,0,0,0,0,0,0,0,0,0,0,0,0,0,0,0,0,0,223,16416,0,0,0,0
