t_ms,frame_time_us,fps,draw_calls,command_buffer_stalls,vertices_processed,xma_frames_decoded,audio_frame_latency_us,buffer_queue_depth,functions_dispatched,interrupt_dispatches,active_threads,apc_queue_depth,critical_region_contentions,texture_cache_hits,texture_cache_misses,pipeline_cache_hits,pipeline_cache_misses,cp_busy_us,cp_idle_us,fence_wait_us,swap_us,gpu_busy_us,submissions,resolves,render_target_switches,barrier_batches,barriers,pipelines_created,shader_translations,draws_skipped_pending,cp_waitregmem_us,cp_waitregmem_count,cp_thread_cpu_us,guest_swap_thread_cpu_us,guest_swap_interval_us,app0,app1,app2,app3
0.000,0,0,0,0,0,0,0,8,86523,28,39,0,0,0,0,0,0,0,0,0,0,0,0,0,0,0,0,0,0,0,0,0,0,264,368,0,0,0,0
15.951,16225,61,0,0,0,0,0,8,147,5,39,0,0,0,0,0,0,0,0,0,0,0,0,0,0,0,0,0,0,0,0,0,0,0,0,0,0,0,0
64.683,48731,20,0,0,0,0,0,8,765,8,39,0,0,0,0,0,0,0,0,0,0,0,0,0,0,0,0,0,0,0,0,0,0,391,64962,0,0,0,0
80.204,15520,64,0,0,0,0,0,8,424,5,39,0,0,0,0,0,0,0,0,0,0,0,0,0,0,0,0,0,0,0,0,0,0,165,15527,0,0,0,0
95.088,14884,67,0,0,0,0,0,8,407,5,39,0,0,0,0,0,0,0,0,0,0,0,0,0,0,0,0,0,0,0,0,0,0,125,14888,0,0,0,0
110.308,15220,65,0,0,0,0,0,8,457,5,39,0,0,0,0,0,0,0,0,0,0,0,0,0,0,0,0,0,0,0,0,0,0,121,15223,0,0,0,0
125.374,15065,66,0,0,0,0,0,8,306,5,39,0,0,0,0,0,0,0,0,0,0,0,0,0,0,0,0,0,0,0,0,0,0,215,2107,0,0,0,0
141.319,15944,62,0,0,0,0,0,8,300,5,39,0,0,0,0,0,0,0,0,0,0,0,0,0,0,0,0,0,0,0,0,0,0,220,14256,0,0,0,0
157.986,16667,59,0,0,0,0,0,8,445,5,39,0,0,0,0,0,0,0,0,0,0,0,0,0,0,0,0,0,0,0,0,0,0,241,29995,0,0,0,0
173.900,15914,62,0,0,0,0,0,8,348,5,39,0,0,0,0,0,0,0,0,0,0,0,0,0,0,0,0,0,0,0,0,0,0,0,0,0,0,0,0
191.336,17436,57,0,0,0,0,0,8,370,5,39,0,0,0,0,0,0,0,0,0,0,0,0,0,0,0,0,0,0,0,0,0,0,250,17686,0,0,0,0
207.844,16508,60,0,0,0,0,0,8,280,5,39,0,0,0,0,0,0,0,0,0,0,0,0,0,0,0,0,0,0,0,0,0,0,258,18275,0,0,0,0
224.856,17012,58,0,0,0,0,0,8,447,5,39,0,0,0,0,0,0,0,0,0,0,0,0,0,0,0,0,0,0,0,0,0,0,240,30427,0,0,0,0
241.350,16493,60,0,0,0,0,0,8,449,5,39,0,0,0,0,0,0,0,0,0,0,0,0,0,0,0,0,0,0,0,0,0,0,173,17993,0,0,0,0
258.149,16799,59,0,0,0,0,0,8,275,5,39,0,0,0,0,0,0,0,0,0,0,0,0,0,0,0,0,0,0,0,0,0,0,133,1524,0,0,0,0
274.294,16144,61,0,0,0,0,0,8,257,5,39,0,0,0,0,0,0,0,0,0,0,0,0,0,0,0,0,0,0,0,0,0,0,253,16885,0,0,0,0
291.701,17406,57,0,0,0,0,0,8,480,5,39,0,0,0,0,0,0,0,0,0,0,0,0,0,0,0,0,0,0,0,0,0,0,291,31162,0,0,0,0
307.688,15986,62,0,0,0,0,0,8,323,5,39,0,0,0,0,0,0,0,0,0,0,0,0,0,0,0,0,0,0,0,0,0,0,0,0,0,0,0,0
324.454,16766,59,0,0,0,0,0,8,356,5,39,0,0,0,0,0,0,0,0,0,0,0,0,0,0,0,0,0,0,0,0,0,0,251,17773,0,0,0,0
341.304,16850,59,0,0,0,0,0,8,300,5,39,0,0,0,0,0,0,0,0,0,0,0,0,0,0,0,0,0,0,0,0,0,0,236,17343,0,0,0,0
357.452,16148,61,0,0,0,0,0,8,415,5,39,0,0,0,0,0,0,0,0,0,0,0,0,0,0,0,0,0,0,0,0,0,0,244,31661,0,0,0,0
374.002,16550,60,0,0,0,0,0,8,364,5,39,0,0,0,0,0,0,0,0,0,0,0,0,0,0,0,0,0,0,0,0,0,0,0,0,0,0,0,0
391.299,17296,57,0,0,0,0,0,8,417,5,39,0,0,0,0,0,0,0,0,0,0,0,0,0,0,0,0,0,0,0,0,0,0,221,17771,0,0,0,0
408.147,16847,59,0,0,0,0,0,8,254,5,39,0,0,0,0,0,0,0,0,0,0,0,0,0,0,0,0,0,0,0,0,0,0,247,17469,0,0,0,0
425.157,17009,58,0,0,0,0,0,8,325,5,39,0,0,0,0,0,0,0,0,0,0,0,0,0,0,0,0,0,0,0,0,0,0,0,0,0,0,0,0
440.991,15834,63,0,0,0,0,0,8,423,5,39,0,0,0,0,0,0,0,0,0,0,0,0,0,0,0,0,0,0,0,0,0,0,246,33467,0,0,0,0
458.188,17197,58,0,0,0,0,0,8,435,5,39,0,0,0,0,0,0,0,0,0,0,0,0,0,0,0,0,0,0,0,0,0,0,212,17923,0,0,0,0
474.435,16246,61,0,0,0,0,0,8,266,5,39,0,0,0,0,0,0,0,0,0,0,0,0,0,0,0,0,0,0,0,0,0,0,221,15429,0,0,0,0
491.193,16758,59,0,0,0,0,0,8,374,5,39,0,0,0,0,0,0,0,0,0,0,0,0,0,0,0,0,0,0,0,0,0,0,0,0,0,0,0,0
507.311,16118,62,0,0,0,0,0,8,377,5,39,0,0,0,0,0,0,0,0,0,0,0,0,0,0,0,0,0,0,0,0,0,0,275,32088,0,0,0,0
524.466,17144,58,0,0,0,0,0,8,400,5,39,0,0,0,0,0,0,0,0,0,0,0,0,0,0,0,0,0,0,0,0,0,0,195,16786,0,0,0,0
541.286,16830,59,0,0,0,0,0,8,296,5,39,0,0,0,0,0,0,0,0,0,0,0,0,0,0,0,0,0,0,0,0,0,0,240,17486,0,0,0,0
557.659,16372,61,0,0,0,0,0,8,296,5,39,0,0,0,0,0,0,0,0,0,0,0,0,0,0,0,0,0,0,0,0,0,0,0,0,0,0,0,0
575.166,17507,57,0,0,0,0,0,8,491,5,39,0,0,0,0,0,0,0,0,0,0,0,0,0,0,0,0,0,0,0,0,0,0,240,33062,0,0,0,0
592.149,16982,58,0,0,0,0,0,8,369,5,39,0,0,0,0,0,0,0,0,0,0,0,0,0,0,0,0,0,0,0,0,0,0,229,17071,0,0,0,0
607.707,15558,64,0,0,0,0,0,8,230,5,39,0,0,0,0,0,0,0,0,0,0,0,0,0,0,0,0,0,0,0,0,0,0,232,17522,0,0,0,0
625.150,17443,57,0,0,0,0,0,8,496,5,39,0,0,0,0,0,0,0,0,0,0,0,0,0,0,0,0,0,0,0,0,0,0,221,30927,0,0,0,0
641.289,16138,61,0,0,0,0,0,8,281,5,39,0,0,0,0,0,0,0,0,0,0,0,0,0,0,0,0,0,0,0,0,0,0,0,0,0,0,0,0
658.186,16896,59,0,0,0,0,0,8,426,5,39,0,0,0,0,0,0,0,0,0,0,0,0,0,0,0,0,0,0,0,0,0,0,242,19629,0,0,0,0
674.409,16222,61,0,0,0,0,0,8,261,5,39,0,0,0,0,0,0,0,0,0,0,0,0,0,0,0,0,0,0,0,0,0,0,239,15474,0,0,0,0
691.298,16889,59,0,0,0,0,0,8,380,5,39,0,0,0,0,0,0,0,0,0,0,0,0,0,0,0,0,0,0,0,0,0,0,0,0,0,0,0,0
707.424,16126,62,0,0,0,0,0,8,359,5,39,0,0,0,0,0,0,0,0,0,0,0,0,0,0,0,0,0,0,0,0,0,0,222,32702,0,0,0,0
725.169,17744,56,0,0,0,0,0,8,420,5,39,0,0,0,0,0,0,0,0,0,0,0,0,0,0,0,0,0,0,0,0,0,0,205,18006,0,0,0,0
741.295,16112,62,0,0,0,0,0,8,298,5,39,0,0,0,0,0,0,0,0,0,0,0,0,0,0,0,0,0,0,0,0,0,0,250,16285,0,0,0,0
757.928,16646,60,0,0,0,0,0,8,377,5,39,0,0,0,0,0,0,0,0,0,0,0,0,0,0,0,0,0,0,0,0,0,0,0,0,0,0,0,0
774.746,16818,59,0,0,0,0,0,8,443,5,39,0,0,0,0,0,0,0,0,0,0,0,0,0,0,0,0,0,0,0,0,0,0,230,32029,0,0,0,0
791.253,16506,60,0,0,0,0,0,8,372,5,39,0,0,0,0,0,0,0,0,0,0,0,0,0,0,0,0,0,0,0,0,0,0,226,16981,0,0,0,0
807.975,16722,59,0,0,0,0,0,8,251,5,39,0,0,0,0,0,0,0,0,0,0,0,0,0,0,0,0,0,0,0,0,0,0,240,17005,0,0,0,0
825.148,17172,58,0,0,0,0,0,8,442,5,39,0,0,0,0,0,0,0,0,0,0,0,0,0,0,0,0,0,0,0,0,0,0,247,32081,0,0,0,0
842.165,17017,58,0,0,0,0,0,8,409,5,39,0,0,0,0,0,0,0,0,0,0,0,0,0,0,0,0,0,0,0,0,0,0,0,0,0,0,0,0
857.664,15499,64,0,0,0,0,0,8,294,5,39,0,0,0,0,0,0,0,0,0,0,0,0,0,0,0,0,0,0,0,0,0,0,226,18149,0,0,0,0
874.685,17020,58,0,0,0,0,0,8,307,5,39,0,0,0,0,0,0,0,0,0,0,0,0,0,0,0,0,0,0,0,0,0,0,233,16146,0,0,0,0
891.177,16492,60,0,0,0,0,0,8,445,5,39,0,0,0,0,0,0,0,0,0,0,0,0,0,0,0,0,0,0,0,0,0,0,212,31755,0,0,0,0
907.249,16072,62,0,0,0,0,0,8,290,5,39,0,0,0,0,0,0,0,0,0,0,0,0,0,0,0,0,0,0,0,0,0,0,0,0,0,0,0,0
925.180,17931,55,0,0,0,0,0,8,429,5,39,0,0,0,0,0,0,0,0,0,0,0,0,0,0,0,0,0,0,0,0,0,0,279,17942,0,0,0,0
941.307,16126,62,0,0,0,0,0,8,293,5,39,0,0,0,0,0,0,0,0,0,0,0,0,0,0,0,0,0,0,0,0,0,0,266,17866,0,0,0,0
957.322,16014,62,0,0,0,0,0,8,358,5,39,0,0,0,0,0,0,0,0,0,0,0,0,0,0,0,0,0,0,0,0,0,0,0,0,0,0,0,0
974.661,17339,57,0,0,0,0,0,8,453,5,39,0,0,0,0,0,0,0,0,0,0,0,0,0,0,0,0,0,0,0,0,0,0,228,31066,0,0,0,0
991.350,16688,59,0,0,0,0,0,8,337,5,39,0,0,0,0,0,0,0,0,0,0,0,0,0,0,0,0,0,0,0,0,0,0,181,17404,0,0,0,0
1008.021,16671,59,0,0,0,0,0,8,289,5,39,0,0,0,0,0,0,0,0,0,0,0,0,0,0,0,0,0,0,0,0,0,0,247,17786,0,0,0,0
1024.681,16660,60,0,0,0,0,0,8,321,5,39,0,0,0,0,0,0,0,0,0,0,0,0,0,0,0,0,0,0,0,0,0,0,0,0,0,0,0,0
1042.146,17465,57,0,0,0,0,0,8,419,5,39,0,0,0,0,0,0,0,0,0,0,0,0,0,0,0,0,0,0,0,0,0,0,210,33127,0,0,0,0
1057.667,15521,64,0,0,0,0,0,8,367,5,39,0,0,0,0,0,0,0,0,0,0,0,0,0,0,0,0,0,0,0,0,0,0,184,18077,0,0,0,0
1074.564,16896,59,0,0,0,0,0,8,309,5,39,0,0,0,0,0,0,0,0,0,0,0,0,0,0,0,0,0,0,0,0,0,0,256,15076,0,0,0,0
1091.286,16722,59,0,0,0,0,0,8,392,5,39,0,0,0,0,0,0,0,0,0,0,0,0,0,0,0,0,0,0,0,0,0,0,0,0,0,0,0,0
1107.709,16422,60,0,0,0,0,0,8,378,5,39,0,0,0,0,0,0,0,0,0,0,0,0,0,0,0,0,0,0,0,0,0,0,237,32927,0,0,0,0
1125.171,17462,57,0,0,0,0,0,8,386,5,39,0,0,0,0,0,0,0,0,0,0,0,0,0,0,0,0,0,0,0,0,0,0,201,17097,0,0,0,0
1141.389,16218,61,0,0,0,0,0,8,297,5,39,0,0,0,0,0,0,0,0,0,0,0,0,0,0,0,0,0,0,0,0,0,0,251,17421,0,0,0,0
1158.147,16757,59,0,0,0,0,0,8,424,5,39,0,0,0,0,0,0,0,0,0,0,0,0,0,0,0,0,0,0,0,0,0,0,224,31604,0,0,0,0
1174.718,16571,60,0,0,0,0,0,8,422,5,39,0,0,0,0,0,0,0,0,0,0,0,0,0,0,0,0,0,0,0,0,0,0,0,0,0,0,0,0
1191.286,16567,60,0,0,0,0,0,8,350,5,39,0,0,0,0,0,0,0,0,0,0,0,0,0,0,0,0,0,0,0,0,0,0,207,17003,0,0,0,0
1207.358,16072,62,0,0,0,0,0,8,211,5,39,0,0,0,0,0,0,0,0,0,0,0,0,0,0,0,0,0,0,0,0,0,0,242,17827,0,0,0,0
1225.149,17791,56,0,0,0,0,0,8,487,5,39,0,0,0,0,0,0,0,0,0,0,0,0,0,0,0,0,0,0,0,0,0,0,245,30186,0,0,0,0
1241.330,16180,61,0,0,0,0,0,8,334,5,39,0,0,0,0,0,0,0,0,0,0,0,0,0,0,0,0,0,0,0,0,0,0,0,0,0,0,0,0
1257.870,16539,60,0,0,0,0,0,8,409,5,39,0,0,0,0,0,0,0,0,0,0,0,0,0,0,0,0,0,0,0,0,0,0,259,19503,0,0,0,0
1274.771,16901,59,0,0,0,0,0,8,260,5,39,0,0,0,0,0,0,0,0,0,0,0,0,0,0,0,0,0,0,0,0,0,0,235,16535,0,0,0,0
1291.283,16511,60,0,0,0,0,0,8,446,5,39,0,0,0,0,0,0,0,0,0,0,0,0,0,0,0,0,0,0,0,0,0,0,226,32113,0,0,0,0
1308.186,16903,59,0,0,0,0,0,8,320,5,39,0,0,0,0,0,0,0,0,0,0,0,0,0,0,0,0,0,0,0,0,0,0,0,0,0,0,0,0
1325.154,16967,58,0,0,0,0,0,8,379,5,39,0,0,0,0,0,0,0,0,0,0,0,0,0,0,0,0,0,0,0,0,0,0,245,18284,0,0,0,0
1341.265,16111,62,0,0,0,0,0,8,300,5,39,0,0,0,0,0,0,0,0,0,0,0,0,0,0,0,0,0,0,0,0,0,0,226,16953,0,0,0,0
1357.681,16415,60,0,0,0,0,0,8,269,5,39,0,0,0,0,0,0,0,0,0,0,0,0,0,0,0,0,0,0,0,0,0,0,0,0,0,0,0,0
1374.714,17032,58,0,0,0,0,0,8,437,5,39,0,0,0,0,0,0,0,0,0,0,0,0,0,0,0,0,0,0,0,0,0,0,230,32597,0,0,0,0
1391.314,16599,60,0,0,0,0,0,8,445,5,39,0,0,0,0,0,0,0,0,0,0,0,0,0,0,0,0,0,0,0,0,0,0,209,17616,0,0,0,0
1408.025,16711,59,0,0,0,0,0,8,286,5,39,0,0,0,0,0,0,0,0,0,0,0,0,0,0,0,0,0,0,0,0,0,0,233,15942,0,0,0,0
1424.656,16630,60,0,0,0,0,0,8,349,5,39,0,0,0,0,0,0,0,0,0,0,0,0,0,0,0,0,0,0,0,0,0,0,0,0,0,0,0,0
1441.669,17012,58,0,0,0,0,0,8,531,5,39,0,0,0,0,0,0,0,0,0,0,0,0,0,0,0,0,0,0,0,0,0,0,340,48917,0,0,0,0
1457.335,15665,63,0,0,0,0,0,8,234,5,39,0,0,0,0,0,0,0,0,0,0,0,0,0,0,0,0,0,0,0,0,0,0,128,1367,0,0,0,0
1475.163,17828,56,0,0,0,0,0,8,302,5,39,0,0,0,0,0,0,0,0,0,0,0,0,0,0,0,0,0,0,0,0,0,0,219,15702,0,0,0,0
1491.279,16116,62,0,0,0,0,0,8,389,5,39,0,0,0,0,0,0,0,0,0,0,0,0,0,0,0,0,0,0,0,0,0,0,0,0,0,0,0,0
1507.786,16507,60,0,0,0,0,0,8,388,5,39,0,0,0,0,0,0,0,0,0,0,0,0,0,0,0,0,0,0,0,0,0,0,248,33188,0,0,0,0
1525.178,17391,57,0,0,0,0,0,8,379,5,39,0,0,0,0,0,0,0,0,0,0,0,0,0,0,0,0,0,0,0,0,0,0,203,17006,0,0,0,0
1541.882,16704,59,0,0,0,0,0,8,301,5,39,0,0,0,0,0,0,0,0,0,0,0,0,0,0,0,0,0,0,0,0,0,0,235,17630,0,0,0,0
1557.794,15911,62,0,0,0,0,0,8,319,5,39,0,0,0,0,0,0,0,0,0,0,0,0,0,0,0,0,0,0,0,0,0,0,0,0,0,0,0,0
1574.549,16754,59,0,0,0,0,0,8,505,5,39,0,0,0,0,0,0,0,0,0,0,0,0,0,0,0,0,0,0,0,0,0,0,229,31929,0,0,0,0
1591.293,16744,59,0,0,0,0,0,8,363,5,39,0,0,0,0,0,0,0,0,0,0,0,0,0,0,0,0,0,0,0,0,0,0,193,16688,0,0,0,0
1607.654,16360,61,0,0,0,0,0,8,211,5,39,0,0,0,0,0,0,0,0,0,0,0,0,0,0,0,0,0,0,0,0,0,0,224,17505,0,0,0,0
1624.742,17087,58,0,0,0,0,0,8,480,5,39,0,0,0,0,0,0,0,0,0,0,0,0,0,0,0,0,0,0,0,0,0,0,241,31447,0,0,0,0
1641.281,16539,60,0,0,0,0,0,8,408,5,39,0,0,0,0,0,0,0,0,0,0,0,0,0,0,0,0,0,0,0,0,0,0,0,0,0,0,0,0
1657.876,16595,60,0,0,0,0,0,8,347,5,39,0,0,0,0,0,0,0,0,0,0,0,0,0,0,0,0,0,0,0,0,0,0,270,17840,0,0,0,0
1675.148,17271,57,0,0,0,0,0,8,257,5,39,0,0,0,0,0,0,0,0,0,0,0,0,0,0,0,0,0,0,0,0,0,0,245,17274,0,0,0,0
1691.332,16185,61,0,0,0,0,0,8,389,5,39,0,0,0,0,0,0,0,0,0,0,0,0,0,0,0,0,0,0,0,0,0,0,0,0,0,0,0,0
1707.791,16458,60,0,0,0,0,0,8,474,5,39,0,0,0,0,0,0,0,0,0,0,0,0,0,0,0,0,0,0,0,0,0,0,319,47794,0,0,0,0
1724.664,16873,59,0,0,0,0,0,8,293,5,39,0,0,0,0,0,0,0,0,0,0,0,0,0,0,0,0,0,0,0,0,0,0,132,2074,0,0,0,0
1740.675,16011,62,0,0,0,0,0,8,297,5,39,0,0,0,0,0,0,0,0,0,0,0,0,0,0,0,0,0,0,0,0,0,0,222,16932,0,0,0,0
1757.870,17194,58,0,0,0,0,0,8,448,5,39,0,0,0,0,0,0,0,0,0,0,0,0,0,0,0,0,0,0,0,0,0,0,232,30324,0,0,0,0
1774.734,16863,59,0,0,0,0,0,8,344,5,39,0,0,0,0,0,0,0,0,0,0,0,0,0,0,0,0,0,0,0,0,0,0,0,0,0,0,0,0
1791.276,16542,60,0,0,0,0,0,8,373,5,39,0,0,0,0,0,0,0,0,0,0,0,0,0,0,0,0,0,0,0,0,0,0,286,19125,0,0,0,0
1808.019,16743,59,0,0,0,0,0,8,281,5,39,0,0,0,0,0,0,0,0,0,0,0,0,0,0,0,0,0,0,0,0,0,0,236,17196,0,0,0,0
1824.656,16636,60,0,0,0,0,0,8,449,5,39,0,0,0,0,0,0,0,0,0,0,0,0,0,0,0,0,0,0,0,0,0,0,238,31675,0,0,0,0
1841.270,16614,60,0,0,0,0,0,8,319,5,39,0,0,0,0,0,0,0,0,0,0,0,0,0,0,0,0,0,0,0,0,0,0,0,0,0,0,0,0
1858.137,16866,59,0,0,0,0,0,8,410,5,39,0,0,0,0,0,0,0,0,0,0,0,0,0,0,0,0,0,0,0,0,0,0,215,18309,0,0,0,0
1874.720,16582,60,0,0,0,0,0,8,246,5,39,0,0,0,0,0,0,0,0,0,0,0,0,0,0,0,0,0,0,0,0,0,0,259,16894,0,0,0,0
1891.321,16600,60,0,0,0,0,0,8,421,5,39,0,0,0,0,0,0,0,0,0,0,0,0,0,0,0,0,0,0,0,0,0,0,0,0,0,0,0,0
1907.781,16460,60,0,0,0,0,0,8,385,5,39,0,0,0,0,0,0,0,0,0,0,0,0,0,0,0,0,0,0,0,0,0,0,244,32096,0,0,0,0
1923.939,16157,61,0,0,0,0,0,8,350,5,39,0,0,0,0,0,0,0,0,0,0,0,0,0,0,0,0,0,0,0,0,0,0,203,16945,0,0,0,0
1941.209,17270,57,0,0,0,0,0,8,296,5,39,0,0,0,0,0,0,0,0,0,0,0,0,0,0,0,0,0,0,0,0,0,0,223,16718,0,0,0,0
1957.907,16697,59,0,0,0,0,0,8,278,5,39,0,0,0,0,0,0,0,0,0,0,0,0,0,0,0,0,0,0,0,0,0,0,622,18149,0,0,0,0
1974.832,16926,59,0,0,0,0,0,8,213,5,39,0,0,0,0,0,0,0,0,0,0,0,0,0,0,0,0,0,0,0,0,0,0,228,15768,0,0,0,0
1991.277,16444,60,0,0,0,0,0,8,235,5,39,0,0,0,0,0,0,0,0,0,0,0,0,0,0,0,0,0,0,0,0,0,0,238,16927,0,0,0,0
2007.356,16079,62,0,0,0,0,0,8,149,5,39,0,0,0,0,0,0,0,0,0,0,0,0,0,0,0,0,0,0,0,0,0,0,234,16440,0,0,0,0
2025.151,17795,56,0,0,0,0,0,8,459,5,39,0,0,0,0,0,0,0,0,0,0,0,0,0,0,0,0,0,0,0,0,0,0,928,27520,0,0,0,0
2041.313,16161,61,0,0,0,0,0,8,248,5,39,0,0,0,0,0,0,0,0,0,0,0,0,0,0,0,0,0,0,0,0,0,0,176,6392,0,0,0,0
2058.277,16964,58,0,0,0,0,0,8,234,5,39,0,0,0,0,0,0,0,0,0,0,0,0,0,0,0,0,0,0,0,0,0,0,242,16165,0,0,0,0
2075.140,16862,59,0,0,0,0,0,8,225,5,39,0,0,0,0,0,0,0,0,0,0,0,0,0,0,0,0,0,0,0,0,0,0,232,16950,0,0,0,0
2091.276,16136,61,0,0,0,0,0,8,410,5,39,0,0,0,0,0,0,0,0,0,0,0,0,0,0,0,0,0,0,0,0,0,0,229,28157,0,0,0,0
2107.729,16452,60,0,0,0,0,0,8,379,5,39,0,0,0,0,0,0,0,0,0,0,0,0,0,0,0,0,0,0,0,0,0,0,161,18159,0,0,0,0
2124.802,17073,58,0,0,0,0,0,8,254,5,39,0,0,0,0,0,0,0,0,0,0,0,0,0,0,0,0,0,0,0,0,0,0,154,3099,0,0,0,0
2142.155,17353,57,0,0,0,0,0,8,251,5,39,0,0,0,0,0,0,0,0,0,0,0,0,0,0,0,0,0,0,0,0,0,0,231,17063,0,0,0,0
2158.027,15871,63,0,0,0,0,0,8,400,5,39,0,0,0,0,0,0,0,0,0,0,0,0,0,0,0,0,0,0,0,0,0,0,239,29704,0,0,0,0
2175.136,17109,58,0,0,0,0,0,8,400,5,39,0,0,0,0,0,0,0,0,0,0,0,0,0,0,0,0,0,0,0,0,0,0,155,17140,0,0,0,0
2191.134,15998,62,0,0,0,0,0,8,255,5,39,0,0,0,0,0,0,0,0,0,0,0,0,0,0,0,0,0,0,0,0,0,0,152,3563,0,0,0,0
2207.900,16765,59,0,0,0,0,0,8,234,5,39,0,0,0,0,0,0,0,0,0,0,0,0,0,0,0,0,0,0,0,0,0,0,247,15968,0,0,0,0
2224.676,16776,59,0,0,0,0,0,8,411,5,39,0,0,0,0,0,0,0,0,0,0,0,0,0,0,0,0,0,0,0,0,0,0,253,29333,0,0,0,0
2241.171,16495,60,0,0,0,0,0,8,410,5,39,0,0,0,0,0,0,0,0,0,0,0,0,0,0,0,0,0,0,0,0,0,0,140,17559,0,0,0,0
2257.944,16772,59,0,0,0,0,0,8,230,5,39,0,0,0,0,0,0,0,0,0,0,0,0,0,0,0,0,0,0,0,0,0,0,148,3159,0,0,0,0
2275.143,17199,58,0,0,0,0,0,8,231,5,39,0,0,0,0,0,0,0,0,0,0,0,0,0,0,0,0,0,0,0,0,0,0,228,16713,0,0,0,0
2291.273,16130,61,0,0,0,0,0,8,430,5,39,0,0,0,0,0,0,0,0,0,0,0,0,0,0,0,0,0,0,0,0,0,0,235,29550,0,0,0,0
2307.486,16212,61,0,0,0,0,0,8,386,5,39,0,0,0,0,0,0,0,0,0,0,0,0,0,0,0,0,0,0,0,0,0,0,188,17399,0,0,0,0
2324.745,17259,57,0,0,0,0,0,8,227,5,39,0,0,0,0,0,0,0,0,0,0,0,0,0,0,0,0,0,0,0,0,0,0,149,2660,0,0,0,0
2341.303,16558,60,0,0,0,0,0,8,250,5,39,0,0,0,0,0,0,0,0,0,0,0,0,0,0,0,0,0,0,0,0,0,0,239,17203,0,0,0,0
2357.481,16178,61,0,0,0,0,0,8,387,5,39,0,0,0,0,0,0,0,0,0,0,0,0,0,0,0,0,0,0,0,0,0,0,220,29188,0,0,0,0
2374.678,17197,58,0,0,0,0,0,8,438,5,39,0,0,0,0,0,0,0,0,0,0,0,0,0,0,0,0,0,0,0,0,0,0,185,17764,0,0,0,0
2391.286,16607,60,0,0,0,0,0,8,251,5,39,0,0,0,0,0,0,0,0,0,0,0,0,0,0,0,0,0,0,0,0,0,0,128,2998,0,0,0,0
2407.409,16122,62,0,0,0,0,0,8,178,5,39,0,0,0,0,0,0,0,0,0,0,0,0,0,0,0,0,0,0,0,0,0,0,213,16572,0,0,0,0
2424.298,16879,59,0,0,0,0,0,8,434,5,39,0,0,0,0,0,0,0,0,0,0,0,0,0,0,0,0,0,0,0,0,0,0,214,28731,0,0,0,0
2441.275,16986,58,0,0,0,0,0,8,431,5,39,0,0,0,0,0,0,0,0,0,0,0,0,0,0,0,0,0,0,0,0,0,0,153,17745,0,0,0,0
2457.920,16645,60,0,0,0,0,0,8,239,5,39,0,0,0,0,0,0,0,0,0,0,0,0,0,0,0,0,0,0,0,0,0,0,153,3707,0,0,0,0
2474.650,16730,59,0,0,0,0,0,8,221,5,39,0,0,0,0,0,0,0,0,0,0,0,0,0,0,0,0,0,0,0,0,0,0,239,16466,0,0,0,0
2491.132,16481,60,0,0,0,0,0,8,415,5,39,0,0,0,0,0,0,0,0,0,0,0,0,0,0,0,0,0,0,0,0,0,0,226,29160,0,0,0,0
2507.756,16623,60,0,0,0,0,0,8,386,5,39,0,0,0,0,0,0,0,0,0,0,0,0,0,0,0,0,0,0,0,0,0,0,160,18126,0,0,0,0
2524.662,16906,59,0,0,0,0,0,8,254,5,39,0,0,0,0,0,0,0,0,0,0,0,0,0,0,0,0,0,0,0,0,0,0,146,2564,0,0,0,0
2541.347,16684,59,0,0,0,0,0,8,256,5,39,0,0,0,0,0,0,0,0,0,0,0,0,0,0,0,0,0,0,0,0,0,0,238,16931,0,0,0,0
2557.889,16542,60,0,0,0,0,0,8,399,5,39,0,0,0,0,0,0,0,0,0,0,0,0,0,0,0,0,0,0,0,0,0,0,230,29027,0,0,0,0
2573.837,15948,62,0,0,0,0,0,8,393,5,39,0,0,0,0,0,0,0,0,0,0,0,0,0,0,0,0,0,0,0,0,0,0,181,17452,0,0,0,0
2591.172,17334,57,0,0,0,0,0,8,258,5,39,0,0,0,0,0,0,0,0,0,0,0,0,0,0,0,0,0,0,0,0,0,0,138,3010,0,0,0,0
2608.142,16969,58,0,0,0,0,0,8,202,5,39,0,0,0,0,0,0,0,0,0,0,0,0,0,0,0,0,0,0,0,0,0,0,237,17431,0,0,0,0
2624.515,16373,61,0,0,0,0,0,8,432,5,39,0,0,0,0,0,0,0,0,0,0,0,0,0,0,0,0,0,0,0,0,0,0,210,29856,0,0,0,0
2641.326,16811,59,0,0,0,0,0,8,413,5,39,0,0,0,0,0,0,0,0,0,0,0,0,0,0,0,0,0,0,0,0,0,0,162,16324,0,0,0,0
2657.926,16599,60,0,0,0,0,0,8,235,5,39,0,0,0,0,0,0,0,0,0,0,0,0,0,0,0,0,0,0,0,0,0,0,150,3529,0,0,0,0
2674.295,16368,61,0,0,0,0,0,8,231,5,39,0,0,0,0,0,0,0,0,0,0,0,0,0,0,0,0,0,0,0,0,0,0,219,16548,0,0,0,0
2691.398,17103,58,0,0,0,0,0,8,434,5,39,0,0,0,0,0,0,0,0,0,0,0,0,0,0,0,0,0,0,0,0,0,0,223,28824,0,0,0,0
2707.678,16279,61,0,0,0,0,0,8,382,5,39,0,0,0,0,0,0,0,0,0,0,0,0,0,0,0,0,0,0,0,0,0,0,146,19031,0,0,0,0
2724.383,16704,59,0,0,0,0,0,8,230,5,39,0,0,0,0,0,0,0,0,0,0,0,0,0,0,0,0,0,0,0,0,0,0,126,1945,0,0,0,0
2741.374,16990,58,0,0,0,0,0,8,252,5,39,0,0,0,0,0,0,0,0,0,0,0,0,0,0,0,0,0,0,0,0,0,0,240,16740,0,0,0,0
2757.865,16491,60,0,0,0,0,0,8,418,5,39,0,0,0,0,0,0,0,0,0,0,0,0,0,0,0,0,0,0,0,0,0,0,220,29350,0,0,0,0
2774.796,16930,59,0,0,0,0,0,8,409,5,39,0,0,0,0,0,0,0,0,0,0,0,0,0,0,0,0,0,0,0,0,0,0,166,17373,0,0,0,0
2791.270,16474,60,0,0,0,0,0,8,254,5,39,0,0,0,0,0,0,0,0,0,0,0,0,0,0,0,0,0,0,0,0,0,0,157,3607,0,0,0,0
2807.873,16602,60,0,0,0,0,0,8,212,5,39,0,0,0,0,0,0,0,0,0,0,0,0,0,0,0,0,0,0,0,0,0,0,226,16548,0,0,0,0
2825.143,17269,57,0,0,0,0,0,8,406,5,39,0,0,0,0,0,0,0,0,0,0,0,0,0,0,0,0,0,0,0,0,0,0,234,29475,0,0,0,0
2841.294,16151,61,0,0,0,0,0,8,430,5,39,0,0,0,0,0,0,0,0,0,0,0,0,0,0,0,0,0,0,0,0,0,0,177,19070,0,0,0,0
2858.048,16754,59,0,0,0,0,0,8,235,5,39,0,0,0,0,0,0,0,0,0,0,0,0,0,0,0,0,0,0,0,0,0,0,121,1449,0,0,0,0
2874.645,16596,60,0,0,0,0,0,8,230,5,39,0,0,0,0,0,0,0,0,0,0,0,0,0,0,0,0,0,0,0,0,0,0,234,16719,0,0,0,0
2891.337,16692,59,0,0,0,0,0,8,411,5,39,0,0,0,0,0,0,0,0,0,0,0,0,0,0,0,0,0,0,0,0,0,0,225,28707,0,0,0,0
2907.326,15989,62,0,0,0,0,0,8,381,5,39,0,0,0,0,0,0,0,0,0,0,0,0,0,0,0,0,0,0,0,0,0,0,158,18103,0,0,0,0
2924.786,17459,57,0,0,0,0,0,8,255,5,39,0,0,0,0,0,0,0,0,0,0,0,0,0,0,0,0,0,0,0,0,0,0,137,2673,0,0,0,0
2941.315,16529,60,0,0,0,0,0,8,255,5,39,0,0,0,0,0,0,0,0,0,0,0,0,0,0,0,0,0,0,0,0,0,0,224,17266,0,0,0,0
2958.130,16814,59,0,0,0,0,0,8,400,5,39,0,0,0,0,0,0,0,0,0,0,0,0,0,0,0,0,0,0,0,0,0,0,248,29885,0,0,0,0
2974.283,16153,61,0,0,0,0,0,8,393,5,39,0,0,0,0,0,0,0,0,0,0,0,0,0,0,0,0,0,0,0,0,0,0,155,17457,0,0,0,0
2991.270,16987,58,0,0,0,0,0,8,254,5,39,0,0,0,0,0,0,0,0,0,0,0,0,0,0,0,0,0,0,0,0,0,0,161,2230,0,0,0,0
3007.791,16520,60,0,0,0,0,0,8,202,5,39,0,0,0,0,0,0,0,0,0,0,0,0,0,0,0,0,0,0,0,0,0,0,209,16922,0,0,0,0
3025.129,17337,57,0,0,0,0,0,8,439,5,39,0,0,0,0,0,0,0,0,0,0,0,0,0,0,0,0,0,0,0,0,0,0,200,29145,0,0,0,0
3041.267,16138,61,0,0,0,0,0,8,406,5,39,0,0,0,0,0,0,0,0,0,0,0,0,0,0,0,0,0,0,0,0,0,0,202,18651,0,0,0,0
3057.390,16122,62,0,0,0,0,0,8,202,5,39,0,0,0,0,0,0,0,0,0,0,0,0,0,0,0,0,0,0,0,0,0,0,118,1214,0,0,0,0
3075.129,17739,56,0,0,0,0,0,8,254,5,39,0,0,0,0,0,0,0,0,0,0,0,0,0,0,0,0,0,0,0,0,0,0,220,17130,0,0,0,0
3090.779,15650,63,0,0,0,0,0,8,427,5,39,0,0,0,0,0,0,0,0,0,0,0,0,0,0,0,0,0,0,0,0,0,0,232,30836,0,0,0,0
3108.136,17356,57,0,0,0,0,0,8,391,5,39,0,0,0,0,0,0,0,0,0,0,0,0,0,0,0,0,0,0,0,0,0,0,139,16063,0,0,0,0
3124.235,16098,62,0,0,0,0,0,8,230,5,39,0,0,0,0,0,0,0,0,0,0,0,0,0,0,0,0,0,0,0,0,0,0,155,3876,0,0,0,0
3141.266,17031,58,0,0,0,0,0,8,254,5,39,0,0,0,0,0,0,0,0,0,0,0,0,0,0,0,0,0,0,0,0,0,0,220,16065,0,0,0,0
3157.762,16496,60,0,0,0,0,0,8,387,5,39,0,0,0,0,0,0,0,0,0,0,0,0,0,0,0,0,0,0,0,0,0,0,227,29379,0,0,0,0
3175.131,17368,57,0,0,0,0,0,8,434,5,39,0,0,0,0,0,0,0,0,0,0,0,0,0,0,0,0,0,0,0,0,0,0,154,18003,0,0,0,0
3191.318,16186,61,0,0,0,0,0,8,247,5,39,0,0,0,0,0,0,0,0,0,0,0,0,0,0,0,0,0,0,0,0,0,0,160,3584,0,0,0,0
3207.947,16629,60,0,0,0,0,0,8,210,5,39,0,0,0,0,0,0,0,0,0,0,0,0,0,0,0,0,0,0,0,0,0,0,248,16088,0,0,0,0
3224.643,16695,59,0,0,0,0,0,8,405,5,39,0,0,0,0,0,0,0,0,0,0,0,0,0,0,0,0,0,0,0,0,0,0,232,28849,0,0,0,0
3242.142,17499,57,0,0,0,0,0,8,436,5,39,0,0,0,0,0,0,0,0,0,0,0,0,0,0,0,0,0,0,0,0,0,0,171,17723,0,0,0,0
3257.289,15146,66,0,0,0,0,0,8,198,5,39,0,0,0,0,0,0,0,0,0,0,0,0,0,0,0,0,0,0,0,0,0,0,171,4328,0,0,0,0
3275.153,17864,55,0,0,0,0,0,8,255,5,39,0,0,0,0,0,0,0,0,0,0,0,0,0,0,0,0,0,0,0,0,0,0,229,15102,0,0,0,0
3291.294,16141,61,0,0,0,0,0,8,402,5,39,0,0,0,0,0,0,0,0,0,0,0,0,0,0,0,0,0,0,0,0,0,0,234,30178,0,0,0,0
3307.905,16611,60,0,0,0,0,0,8,415,5,39,0,0,0,0,0,0,0,0,0,0,0,0,0,0,0,0,0,0,0,0,0,0,147,17218,0,0,0,0
3325.128,17222,58,0,0,0,0,0,8,230,5,39,0,0,0,0,0,0,0,0,0,0,0,0,0,0,0,0,0,0,0,0,0,0,155,3229,0,0,0,0
3341.262,16133,61,0,0,0,0,0,8,250,5,39,0,0,0,0,0,0,0,0,0,0,0,0,0,0,0,0,0,0,0,0,0,0,229,17208,0,0,0,0
3357.855,16593,60,0,0,0,0,0,8,401,5,39,0,0,0,0,0,0,0,0,0,0,0,0,0,0,0,0,0,0,0,0,0,0,232,28828,0,0,0,0
3374.467,16611,60,0,0,0,0,0,8,400,5,39,0,0,0,0,0,0,0,0,0,0,0,0,0,0,0,0,0,0,0,0,0,0,161,17260,0,0,0,0
3391.278,16810,59,0,0,0,0,0,8,250,5,39,0,0,0,0,0,0,0,0,0,0,0,0,0,0,0,0,0,0,0,0,0,0,157,3278,0,0,0,0
3407.892,16614,60,0,0,0,0,0,8,231,5,39,0,0,0,0,0,0,0,0,0,0,0,0,0,0,0,0,0,0,0,0,0,0,237,16800,0,0,0,0
3425.136,17244,57,0,0,0,0,0,8,410,5,39,0,0,0,0,0,0,0,0,0,0,0,0,0,0,0,0,0,0,0,0,0,0,221,28941,0,0,0,0
3441.325,16188,61,0,0,0,0,0,8,407,5,39,0,0,0,0,0,0,0,0,0,0,0,0,0,0,0,0,0,0,0,0,0,0,181,19069,0,0,0,0
3457.894,16569,60,0,0,0,0,0,8,235,5,39,0,0,0,0,0,0,0,0,0,0,0,0,0,0,0,0,0,0,0,0,0,0,154,2064,0,0,0,0
3475.130,17235,58,0,0,0,0,0,8,229,5,39,0,0,0,0,0,0,0,0,0,0,0,0,0,0,0,0,0,0,0,0,0,0,240,16495,0,0,0,0
3491.260,16130,61,0,0,0,0,0,8,427,5,39,0,0,0,0,0,0,0,0,0,0,0,0,0,0,0,0,0,0,0,0,0,0,237,29521,0,0,0,0
3508.648,17388,57,0,0,0,0,0,8,415,5,39,0,0,0,0,0,0,0,0,0,0,0,0,0,0,0,0,0,0,0,0,0,0,156,17137,0,0,0,0
3524.789,16140,61,0,0,0,0,0,8,201,5,39,0,0,0,0,0,0,0,0,0,0,0,0,0,0,0,0,0,0,0,0,0,0,133,4203,0,0,0,0
3541.034,16245,61,0,0,0,0,0,8,251,5,39,0,0,0,0,0,0,0,0,0,0,0,0,0,0,0,0,0,0,0,0,0,0,221,16034,0,0,0,0
3557.737,16702,59,0,0,0,0,0,8,390,5,39,0,0,0,0,0,0,0,0,0,0,0,0,0,0,0,0,0,0,0,0,0,0,231,28724,0,0,0,0
3574.667,16920,59,0,0,0,0,0,8,439,5,39,0,0,0,0,0,0,0,0,0,0,0,0,0,0,0,0,0,0,0,0,0,0,145,17622,0,0,0,0
3592.155,17497,57,0,0,0,0,0,8,251,5,39,0,0,0,0,0,0,0,0,0,0,0,0,0,0,0,0,0,0,0,0,0,0,133,3541,0,0,0,0
3608.123,15968,62,0,0,0,0,0,8,206,5,39,0,0,0,0,0,0,0,0,0,0,0,0,0,0,0,0,0,0,0,0,0,0,225,17512,0,0,0,0
3624.904,16781,59,0,0,0,0,0,8,410,5,39,0,0,0,0,0,0,0,0,0,0,0,0,0,0,0,0,0,0,0,0,0,0,192,28198,0,0,0,0
3641.121,16217,61,0,0,0,0,0,8,434,5,39,0,0,0,0,0,0,0,0,0,0,0,0,0,0,0,0,0,0,0,0,0,0,175,18129,0,0,0,0
3657.874,16752,59,0,0,0,0,0,8,235,5,39,0,0,0,0,0,0,0,0,0,0,0,0,0,0,0,0,0,0,0,0,0,0,136,2641,0,0,0,0
3674.658,16784,59,0,0,0,0,0,8,231,5,39,0,0,0,0,0,0,0,0,0,0,0,0,0,0,0,0,0,0,0,0,0,0,224,16704,0,0,0,0
3691.174,16515,60,0,0,0,0,0,8,409,5,39,0,0,0,0,0,0,0,0,0,0,0,0,0,0,0,0,0,0,0,0,0,0,224,29471,0,0,0,0
3707.718,16544,60,0,0,0,0,0,8,387,5,39,0,0,0,0,0,0,0,0,0,0,0,0,0,0,0,0,0,0,0,0,0,0,160,17582,0,0,0,0
3724.760,17042,58,0,0,0,0,0,8,255,5,39,0,0,0,0,0,0,0,0,0,0,0,0,0,0,0,0,0,0,0,0,0,0,144,3222,0,0,0,0
3741.231,16470,60,0,0,0,0,0,8,249,5,39,0,0,0,0,0,0,0,0,0,0,0,0,0,0,0,0,0,0,0,0,0,0,240,16629,0,0,0,0
3757.164,15933,62,0,0,0,0,0,8,383,5,39,0,0,0,0,0,0,0,0,0,0,0,0,0,0,0,0,0,0,0,0,0,0,208,28992,0,0,0,0
3774.262,17098,58,0,0,0,0,0,8,414,5,39,0,0,0,0,0,0,0,0,0,0,0,0,0,0,0,0,0,0,0,0,0,0,139,16788,0,0,0,0
3792.145,17882,55,0,0,0,0,0,8,255,5,39,0,0,0,0,0,0,0,0,0,0,0,0,0,0,0,0,0,0,0,0,0,0,172,3793,0,0,0,0
3808.015,15870,63,0,0,0,0,0,8,231,5,39,0,0,0,0,0,0,0,0,0,0,0,0,0,0,0,0,0,0,0,0,0,0,237,17831,0,0,0,0
3824.639,16623,60,0,0,0,0,0,8,410,5,39,0,0,0,0,0,0,0,0,0,0,0,0,0,0,0,0,0,0,0,0,0,0,217,28409,0,0,0,0
3841.184,16546,60,0,0,0,0,0,8,410,5,39,0,0,0,0,0,0,0,0,0,0,0,0,0,0,0,0,0,0,0,0,0,0,172,17381,0,0,0,0
3858.659,17474,57,0,0,0,0,0,8,239,5,39,0,0,0,0,0,0,0,0,0,0,0,0,0,0,0,0,0,0,0,0,0,0,167,3265,0,0,0,0
3875.133,16474,60,0,0,0,0,0,8,226,5,39,0,0,0,0,0,0,0,0,0,0,0,0,0,0,0,0,0,0,0,0,0,0,241,17448,0,0,0,0
3891.038,15905,62,0,0,0,0,0,8,431,5,39,0,0,0,0,0,0,0,0,0,0,0,0,0,0,0,0,0,0,0,0,0,0,223,28854,0,0,0,0
3907.850,16811,59,0,0,0,0,0,8,418,5,39,0,0,0,0,0,0,0,0,0,0,0,0,0,0,0,0,0,0,0,0,0,0,166,17208,0,0,0,0
3925.129,17279,57,0,0,0,0,0,8,206,5,39,0,0,0,0,0,0,0,0,0,0,0,0,0,0,0,0,0,0,0,0,0,0,154,3165,0,0,0,0
3941.226,16096,62,0,0,0,0,0,8,247,5,39,0,0,0,0,0,0,0,0,0,0,0,0,0,0,0,0,0,0,0,0,0,0,234,17244,0,0,0,0
3957.826,16599,60,0,0,0,0,0,8,222,5,39,0,0,0,0,0,0,0,0,0,0,0,0,0,0,0,0,0,0,0,0,0,0,300,16131,0,0,0,0
3975.126,17300,57,0,0,0,0,0,8,209,5,39,0,0,0,0,0,0,0,0,0,0,0,0,0,0,0,0,0,0,0,0,0,0,232,16549,0,0,0,0
3991.125,15999,62,0,0,0,0,0,8,236,5,39,0,0,0,0,0,0,0,0,0,0,0,0,0,0,0,0,0,0,0,0,0,0,277,17383,0,0,0,0
4008.120,16995,58,0,0,0,0,0,8,176,5,39,0,0,0,0,0,0,0,0,0,0,0,0,0,0,0,0,0,0,0,0,0,0,201,15955,0,0,0,0
4023.899,15778,63,0,0,0,0,0,8,316,5,41,0,0,0,0,0,0,0,0,0,0,0,0,0,0,0,0,0,0,0,0,0,0,0,0,0,0,0,0
4041.247,17337,57,0,0,0,0,0,8,525,5,41,0,0,0,0,0,0,0,0,0,0,0,0,0,0,0,0,0,0,0,0,0,0,1937,32301,0,0,0,0
4057.771,16533,60,0,0,0,0,0,8,229,5,41,0,0,0,0,0,0,0,0,0,0,0,0,0,0,0,0,0,0,0,0,0,0,238,17805,0,0,0,0
4075.128,17357,57,0,0,0,0,0,8,310,5,41,0,0,0,0,0,0,0,0,0,0,0,0,0,0,0,0,0,0,0,0,0,0,235,16522,0,0,0,0
4091.256,16127,62,0,0,0,0,0,8,443,5,41,0,0,0,0,0,0,0,0,0,0,0,0,0,0,0,0,0,0,0,0,0,0,247,28553,0,0,0,0
4107.319,16063,62,0,0,0,0,0,8,231,5,41,0,0,0,0,0,0,0,0,0,0,0,0,0,0,0,0,0,0,0,0,0,0,162,5762,0,0,0,0
4125.132,17812,56,0,0,0,0,0,8,483,5,41,0,0,0,0,0,0,0,0,0,0,0,0,0,0,0,0,0,0,0,0,0,0,238,28612,0,0,0,0
4141.253,16120,62,0,0,0,0,0,8,289,5,41,0,0,0,0,0,0,0,0,0,0,0,0,0,0,0,0,0,0,0,0,0,0,177,4492,0,0,0,0
4157.891,16638,60,0,0,0,0,0,8,444,5,41,0,0,0,0,0,0,0,0,0,0,0,0,0,0,0,0,0,0,0,0,0,0,225,28667,0,0,0,0
4174.646,16755,59,0,0,0,0,0,8,241,5,41,0,0,0,0,0,0,0,0,0,0,0,0,0,0,0,0,0,0,0,0,0,0,133,4061,0,0,0,0
4191.258,16611,60,0,0,0,0,0,8,480,5,41,0,0,0,0,0,0,0,0,0,0,0,0,0,0,0,0,0,0,0,0,0,0,243,30389,0,0,0,0
4207.829,16571,60,0,0,0,0,0,8,228,5,41,0,0,0,0,0,0,0,0,0,0,0,0,0,0,0,0,0,0,0,0,0,0,158,3005,0,0,0,0
4225.117,17287,57,0,0,0,0,0,8,482,5,41,0,0,0,0,0,0,0,0,0,0,0,0,0,0,0,0,0,0,0,0,0,0,206,29259,0,0,0,0
4240.944,15827,63,0,0,0,0,0,8,269,5,41,0,0,0,0,0,0,0,0,0,0,0,0,0,0,0,0,0,0,0,0,0,0,166,4584,0,0,0,0
4257.789,16845,59,0,0,0,0,0,8,418,5,41,0,0,0,0,0,0,0,0,0,0,0,0,0,0,0,0,0,0,0,0,0,0,212,29207,0,0,0,0
4274.770,16980,58,0,0,0,0,0,8,302,5,41,0,0,0,0,0,0,0,0,0,0,0,0,0,0,0,0,0,0,0,0,0,0,171,3451,0,0,0,0
4291.153,16382,61,0,0,0,0,0,8,482,5,41,0,0,0,0,0,0,0,0,0,0,0,0,0,0,0,0,0,0,0,0,0,0,233,29389,0,0,0,0
4307.790,16636,60,0,0,0,0,0,8,228,5,41,0,0,0,0,0,0,0,0,0,0,0,0,0,0,0,0,0,0,0,0,0,0,168,3979,0,0,0,0
4325.131,17341,57,0,0,0,0,0,8,455,5,41,0,0,0,0,0,0,0,0,0,0,0,0,0,0,0,0,0,0,0,0,0,0,213,30007,0,0,0,0
4341.260,16128,62,0,0,0,0,0,8,289,5,41,0,0,0,0,0,0,0,0,0,0,0,0,0,0,0,0,0,0,0,0,0,0,143,3939,0,0,0,0
4357.677,16417,60,0,0,0,0,0,8,417,5,41,0,0,0,0,0,0,0,0,0,0,0,0,0,0,0,0,0,0,0,0,0,0,228,28813,0,0,0,0
4374.776,17098,58,0,0,0,0,0,8,302,5,41,0,0,0,0,0,0,0,0,0,0,0,0,0,0,0,0,0,0,0,0,0,0,153,3737,0,0,0,0
4391.275,16499,60,0,0,0,0,0,8,478,5,41,0,0,0,0,0,0,0,0,0,0,0,0,0,0,0,0,0,0,0,0,0,0,227,30422,0,0,0,0
4407.229,15953,62,0,0,0,0,0,8,202,5,41,0,0,0,0,0,0,0,0,0,0,0,0,0,0,0,0,0,0,0,0,0,0,155,3240,0,0,0,0
4424.129,16899,59,0,0,0,0,0,8,481,5,41,0,0,0,0,0,0,0,0,0,0,0,0,0,0,0,0,0,0,0,0,0,0,220,28924,0,0,0,0
4441.257,17128,58,0,0,0,0,0,8,298,5,41,0,0,0,0,0,0,0,0,0,0,0,0,0,0,0,0,0,0,0,0,0,0,168,3867,0,0,0,0
4457.977,16719,59,0,0,0,0,0,8,459,5,41,0,0,0,0,0,0,0,0,0,0,0,0,0,0,0,0,0,0,0,0,0,0,223,30709,0,0,0,0
4473.834,15857,63,0,0,0,0,0,8,262,5,41,0,0,0,0,0,0,0,0,0,0,0,0,0,0,0,0,0,0,0,0,0,0,176,3150,0,0,0,0
4491.291,17456,57,0,0,0,0,0,8,447,5,41,0,0,0,0,0,0,0,0,0,0,0,0,0,0,0,0,0,0,0,0,0,0,230,29062,0,0,0,0
4507.661,16370,61,0,0,0,0,0,8,233,5,41,0,0,0,0,0,0,0,0,0,0,0,0,0,0,0,0,0,0,0,0,0,0,156,4280,0,0,0,0
4524.252,16590,60,0,0,0,0,0,8,482,5,41,0,0,0,0,0,0,0,0,0,0,0,0,0,0,0,0,0,0,0,0,0,0,223,29827,0,0,0,0
4541.323,17061,58,0,0,0,0,0,8,298,5,41,0,0,0,0,0,0,0,0,0,0,0,0,0,0,0,0,0,0,0,0,0,0,142,3114,0,0,0,0
4557.403,16090,62,0,0,0,0,0,8,421,5,41,0,0,0,0,0,0,0,0,0,0,0,0,0,0,0,0,0,0,0,0,0,0,230,29480,0,0,0,0
4574.319,16915,59,0,0,0,0,0,8,265,5,41,0,0,0,0,0,0,0,0,0,0,0,0,0,0,0,0,0,0,0,0,0,0,163,3688,0,0,0,0
4591.255,16936,59,0,0,0,0,0,8,481,5,41,0,0,0,0,0,0,0,0,0,0,0,0,0,0,0,0,0,0,0,0,0,0,243,30302,0,0,0,0
4607.842,16587,60,0,0,0,0,0,8,279,5,41,0,0,0,0,0,0,0,0,0,0,0,0,0,0,0,0,0,0,0,0,0,0,184,3570,0,0,0,0
4624.787,16945,59,0,0,0,0,0,8,437,5,41,0,0,0,0,0,0,0,0,0,0,0,0,0,0,0,0,0,0,0,0,0,0,246,29417,0,0,0,0
4640.917,16130,61,0,0,0,0,0,8,263,5,41,0,0,0,0,0,0,0,0,0,0,0,0,0,0,0,0,0,0,0,0,0,0,179,4055,0,0,0,0
4658.064,17146,58,0,0,0,0,0,8,458,5,41,0,0,0,0,0,0,0,0,0,0,0,0,0,0,0,0,0,0,0,0,0,0,229,29646,0,0,0,0
4674.704,16640,60,0,0,0,0,0,8,253,5,41,0,0,0,0,0,0,0,0,0,0,0,0,0,0,0,0,0,0,0,0,0,0,170,3675,0,0,0,0
4691.258,16553,60,0,0,0,0,0,8,480,5,41,0,0,0,0,0,0,0,0,0,0,0,0,0,0,0,0,0,0,0,0,0,0,232,29180,0,0,0,0
4707.830,16572,60,0,0,0,0,0,8,278,5,41,0,0,0,0,0,0,0,0,0,0,0,0,0,0,0,0,0,0,0,0,0,0,165,4820,0,0,0,0
4724.635,16805,59,0,0,0,0,0,8,407,5,41,0,0,0,0,0,0,0,0,0,0,0,0,0,0,0,0,0,0,0,0,0,0,224,29325,0,0,0,0
4741.283,16647,60,0,0,0,0,0,8,297,5,41,0,0,0,0,0,0,0,0,0,0,0,0,0,0,0,0,0,0,0,0,0,0,143,3216,0,0,0,0
4757.881,16597,60,0,0,0,0,0,8,464,5,41,0,0,0,0,0,0,0,0,0,0,0,0,0,0,0,0,0,0,0,0,0,0,233,29185,0,0,0,0
4774.509,16628,60,0,0,0,0,0,8,264,5,41,0,0,0,0,0,0,0,0,0,0,0,0,0,0,0,0,0,0,0,0,0,0,136,4003,0,0,0,0
4791.286,16777,59,0,0,0,0,0,8,478,5,41,0,0,0,0,0,0,0,0,0,0,0,0,0,0,0,0,0,0,0,0,0,0,222,30004,0,0,0,0
4807.323,16036,62,0,0,0,0,0,8,201,5,41,0,0,0,0,0,0,0,0,0,0,0,0,0,0,0,0,0,0,0,0,0,0,202,3544,0,0,0,0
4825.119,17796,56,0,0,0,0,0,8,486,5,41,0,0,0,0,0,0,0,0,0,0,0,0,0,0,0,0,0,0,0,0,0,0,229,28111,0,0,0,0
4841.303,16184,61,0,0,0,0,0,8,293,5,41,0,0,0,0,0,0,0,0,0,0,0,0,0,0,0,0,0,0,0,0,0,0,172,5662,0,0,0,0
4858.247,16943,59,0,0,0,0,0,8,467,5,41,0,0,0,0,0,0,0,0,0,0,0,0,0,0,0,0,0,0,0,0,0,0,224,29636,0,0,0,0
4874.292,16045,62,0,0,0,0,0,8,249,5,41,0,0,0,0,0,0,0,0,0,0,0,0,0,0,0,0,0,0,0,0,0,0,152,3483,0,0,0,0
4891.258,16965,58,0,0,0,0,0,8,446,5,41,0,0,0,0,0,0,0,0,0,0,0,0,0,0,0,0,0,0,0,0,0,0,248,28833,0,0,0,0
4907.730,16471,60,0,0,0,0,0,8,229,5,41,0,0,0,0,0,0,0,0,0,0,0,0,0,0,0,0,0,0,0,0,0,0,169,4190,0,0,0,0
4924.250,16520,60,0,0,0,0,0,8,321,5,41,0,0,0,0,0,0,0,0,0,0,0,0,0,0,0,0,0,0,0,0,0,0,0,0,0,0,0,0
4941.252,17001,58,0,0,0,0,0,8,474,5,41,0,0,0,0,0,0,0,0,0,0,0,0,0,0,0,0,0,0,0,0,0,0,231,34043,0,0,0,0
4957.418,16166,61,0,0,0,0,0,8,397,5,41,0,0,0,0,0,0,0,0,0,0,0,0,0,0,0,0,0,0,0,0,0,0,216,18165,0,0,0,0
4974.400,16981,58,0,0,0,0,0,8,264,5,41,0,0,0,0,0,0,0,0,0,0,0,0,0,0,0,0,0,0,0,0,0,0,232,14630,0,0,0,0
4991.337,16937,59,0,0,0,0,0,8,302,5,41,0,0,0,0,0,0,0,0,0,0,0,0,0,0,0,0,0,0,0,0,0,0,0,0,0,0,0,0
5007.847,16510,60,0,0,0,0,0,8,428,5,41,0,0,0,0,0,0,0,0,0,0,0,0,0,0,0,0,0,0,0,0,0,0,233,35770,0,0,0,0
5024.263,16416,60,0,0,0,0,0,8,451,5,41,0,0,0,0,0,0,0,0,0,0,0,0,0,0,0,0,0,0,0,0,0,0,192,19393,0,0,0,0
5041.307,17031,58,0,0,0,0,0,8,269,5,41,0,0,0,0,0,0,0,0,0,0,0,0,0,0,0,0,0,0,0,0,0,0,219,11069,0,0,0,0
5057.814,16519,60,0,0,0,0,0,8,234,5,41,0,0,0,0,0,0,0,0,0,0,0,0,0,0,0,0,0,0,0,0,0,0,0,0,0,0,0,0
5075.114,17300,57,0,0,0,0,0,8,463,5,41,0,0,0,0,0,0,0,0,0,0,0,0,0,0,0,0,0,0,0,0,0,0,229,36391,0,0,0,0
5092.117,17002,58,0,0,0,0,0,8,482,5,41,0,0,0,0,0,0,0,0,0,0,0,0,0,0,0,0,0,0,0,0,0,0,198,18448,0,0,0,0
5107.788,15670,63,0,0,0,0,0,8,229,5,41,0,0,0,0,0,0,0,0,0,0,0,0,0,0,0,0,0,0,0,0,0,0,208,12954,0,0,0,0
5125.109,17321,57,0,0,0,0,0,8,286,5,41,0,0,0,0,0,0,0,0,0,0,0,0,0,0,0,0,0,0,0,0,0,0,0,0,0,0,0,0
5142.114,17005,58,0,0,0,0,0,8,466,5,41,0,0,0,0,0,0,0,0,0,0,0,0,0,0,0,0,0,0,0,0,0,0,229,34089,0,0,0,0
5157.844,15729,63,0,0,0,0,0,8,447,5,41,0,0,0,0,0,0,0,0,0,0,0,0,0,0,0,0,0,0,0,0,0,0,186,17923,0,0,0,0
5175.114,17269,57,0,0,0,0,0,8,258,5,41,0,0,0,0,0,0,0,0,0,0,0,0,0,0,0,0,0,0,0,0,0,0,189,13632,0,0,0,0
5191.205,16091,62,0,0,0,0,0,8,303,5,41,0,0,0,0,0,0,0,0,0,0,0,0,0,0,0,0,0,0,0,0,0,0,0,0,0,0,0,0
5207.723,16518,60,0,0,0,0,0,8,363,5,41,0,0,0,0,0,0,0,0,0,0,0,0,0,0,0,0,0,0,0,0,0,0,228,35329,0,0,0,0
5224.359,16636,60,0,0,0,0,0,8,468,5,41,0,0,0,0,0,0,0,0,0,0,0,0,0,0,0,0,0,0,0,0,0,0,264,16900,0,0,0,0
5241.303,16943,59,0,0,0,0,0,8,303,5,41,0,0,0,0,0,0,0,0,0,0,0,0,0,0,0,0,0,0,0,0,0,0,206,14332,0,0,0,0
5258.108,16804,59,0,0,0,0,0,8,274,5,41,0,0,0,0,0,0,0,0,0,0,0,0,0,0,0,0,0,0,0,0,0,0,0,0,0,0,0,0
5274.624,16516,60,0,0,0,0,0,8,472,5,41,0,0,0,0,0,0,0,0,0,0,0,0,0,0,0,0,0,0,0,0,0,0,233,33720,0,0,0,0
5291.295,16670,59,0,0,0,0,0,8,404,5,41,0,0,0,0,0,0,0,0,0,0,0,0,0,0,0,0,0,0,0,0,0,0,207,16817,0,0,0,0
5307.970,16674,59,0,0,0,0,0,8,288,5,41,0,0,0,0,0,0,0,0,0,0,0,0,0,0,0,0,0,0,0,0,0,0,235,16461,0,0,0,0
5325.114,17144,58,0,0,0,0,0,8,282,5,41,0,0,0,0,0,0,0,0,0,0,0,0,0,0,0,0,0,0,0,0,0,0,0,0,0,0,0,0
5341.243,16128,62,0,0,0,0,0,8,450,5,41,0,0,0,0,0,0,0,0,0,0,0,0,0,0,0,0,0,0,0,0,0,0,224,34533,0,0,0,0
5358.114,16871,59,0,0,0,0,0,8,423,5,41,0,0,0,0,0,0,0,0,0,0,0,0,0,0,0,0,0,0,0,0,0,0,224,18033,0,0,0,0
5375.122,17008,58,0,0,0,0,0,8,249,5,41,0,0,0,0,0,0,0,0,0,0,0,0,0,0,0,0,0,0,0,0,0,0,219,14255,0,0,0,0
5391.273,16150,61,0,0,0,0,0,8,390,5,41,0,0,0,0,0,0,0,0,0,0,0,0,0,0,0,0,0,0,0,0,0,0,0,0,0,0,0,0
5407.632,16359,61,0,0,0,0,0,8,321,5,41,0,0,0,0,0,0,0,0,0,0,0,0,0,0,0,0,0,0,0,0,0,0,334,32427,0,0,0,0
5424.810,17178,58,0,0,0,0,0,8,337,5,41,0,0,0,0,0,0,0,0,0,0,0,0,0,0,0,0,0,0,0,0,0,0,0,0,0,0,0,0
5440.510,15699,63,0,0,0,0,0,8,393,5,41,0,0,0,0,0,0,0,0,0,0,0,0,0,0,0,0,0,0,0,0,0,0,348,34199,0,0,0,0
5457.791,17280,57,0,0,0,0,0,8,240,5,41,0,0,0,0,0,0,0,0,0,0,0,0,0,0,0,0,0,0,0,0,0,0,213,16238,0,0,0,0
5475.108,17316,57,0,0,0,0,0,8,356,5,41,0,0,0,0,0,0,0,0,0,0,0,0,0,0,0,0,0,0,0,0,0,0,0,0,0,0,0,0
5491.128,16020,62,0,0,0,0,0,8,509,5,41,0,0,0,0,0,0,0,0,0,0,0,0,0,0,0,0,0,0,0,0,0,0,232,33526,0,0,0,0
5507.755,16627,60,0,0,0,0,0,8,325,5,41,0,0,0,0,0,0,0,0,0,0,0,0,0,0,0,0,0,0,0,0,0,0,199,15888,0,0,0,0
5524.773,17017,58,0,0,0,0,0,8,270,5,41,0,0,0,0,0,0,0,0,0,0,0,0,0,0,0,0,0,0,0,0,0,0,250,17340,0,0,0,0
5541.123,16350,61,0,0,0,0,0,8,347,5,41,0,0,0,0,0,0,0,0,0,0,0,0,0,0,0,0,0,0,0,0,0,0,0,0,0,0,0,0
5557.998,16875,59,0,0,0,0,0,8,600,5,41,0,0,0,0,0,0,0,0,0,0,0,0,0,0,0,0,0,0,0,0,0,0,329,48653,0,0,0,0
5575.020,17022,58,0,0,0,0,0,8,252,5,41,0,0,0,0,0,0,0,0,0,0,0,0,0,0,0,0,0,0,0,0,0,0,140,1506,0,0,0,0
5591.246,16225,61,0,0,0,0,0,8,339,5,41,0,0,0,0,0,0,0,0,0,0,0,0,0,0,0,0,0,0,0,0,0,0,0,0,0,0,0,0
5607.849,16603,60,0,0,0,0,0,8,377,5,41,0,0,0,0,0,0,0,0,0,0,0,0,0,0,0,0,0,0,0,0,0,0,319,32947,0,0,0,0
5624.780,16931,59,0,0,0,0,0,8,268,5,41,0,0,0,0,0,0,0,0,0,0,0,0,0,0,0,0,0,0,0,0,0,0,255,16985,0,0,0,0
5641.244,16464,60,0,0,0,0,0,8,367,5,41,0,0,0,0,0,0,0,0,0,0,0,0,0,0,0,0,0,0,0,0,0,0,0,0,0,0,0,0
5658.020,16775,59,0,0,0,0,0,8,431,5,41,0,0,0,0,0,0,0,0,0,0,0,0,0,0,0,0,0,0,0,0,0,0,219,32687,0,0,0,0
5674.248,16228,61,0,0,0,0,0,8,467,5,41,0,0,0,0,0,0,0,0,0,0,0,0,0,0,0,0,0,0,0,0,0,0,115,17262,0,0,0,0
5691.286,17027,58,0,0,0,0,0,8,383,5,41,0,0,0,0,0,0,0,0,0,0,0,0,0,0,0,0,0,0,0,0,0,0,192,15862,0,0,0,0
5707.493,16217,61,0,0,0,0,0,8,234,5,41,0,0,0,0,0,0,0,0,0,0,0,0,0,0,0,0,0,0,0,0,0,0,236,17572,0,0,0,0
5725.106,17613,56,0,0,0,0,0,8,388,5,41,0,0,0,0,0,0,0,0,0,0,0,0,0,0,0,0,0,0,0,0,0,0,0,0,0,0,0,0
5741.239,16133,61,0,0,0,0,0,8,376,5,41,0,0,0,0,0,0,0,0,0,0,0,0,0,0,0,0,0,0,0,0,0,0,355,33152,0,0,0,0
5757.748,16508,60,0,0,0,0,0,8,242,5,41,0,0,0,0,0,0,0,0,0,0,0,0,0,0,0,0,0,0,0,0,0,0,228,16809,0,0,0,0
5775.104,17355,57,0,0,0,0,0,8,459,5,41,0,0,0,0,0,0,0,0,0,0,0,0,0,0,0,0,0,0,0,0,0,0,223,32275,0,0,0,0
5791.246,16142,61,0,0,0,0,0,8,321,5,41,0,0,0,0,0,0,0,0,0,0,0,0,0,0,0,0,0,0,0,0,0,0,0,0,0,0,0,0
5807.840,16593,60,0,0,0,0,0,8,458,5,41,0,0,0,0,0,0,0,0,0,0,0,0,0,0,0,0,0,0,0,0,0,0,145,18293,0,0,0,0
5824.325,16485,60,0,0,0,0,0,8,407,5,41,0,0,0,0,0,0,0,0,0,0,0,0,0,0,0,0,0,0,0,0,0,0,209,16652,0,0,0,0
5841.322,16996,58,0,0,0,0,0,8,269,5,41,0,0,0,0,0,0,0,0,0,0,0,0,0,0,0,0,0,0,0,0,0,0,253,15878,0,0,0,0
5858.102,16779,59,0,0,0,0,0,8,303,5,41,0,0,0,0,0,0,0,0,0,0,0,0,0,0,0,0,0,0,0,0,0,0,0,0,0,0,0,0
5875.115,17013,58,0,0,0,0,0,8,443,5,41,0,0,0,0,0,0,0,0,0,0,0,0,0,0,0,0,0,0,0,0,0,0,224,34507,0,0,0,0
5891.242,16126,62,0,0,0,0,0,8,448,5,41,0,0,0,0,0,0,0,0,0,0,0,0,0,0,0,0,0,0,0,0,0,0,205,16697,0,0,0,0
5907.886,16644,60,0,0,0,0,0,8,282,5,41,0,0,0,0,0,0,0,0,0,0,0,0,0,0,0,0,0,0,0,0,0,0,245,15799,0,0,0,0
5924.748,16861,59,0,0,0,0,0,8,248,5,41,0,0,0,0,0,0,0,0,0,0,0,0,0,0,0,0,0,0,0,0,0,0,0,0,0,0,0,0
5941.233,16485,60,0,0,0,0,0,8,459,5,41,0,0,0,0,0,0,0,0,0,0,0,0,0,0,0,0,0,0,0,0,0,0,224,34859,0,0,0,0
5957.816,16582,60,0,0,0,0,0,8,422,5,41,0,0,0,0,0,0,0,0,0,0,0,0,0,0,0,0,0,0,0,0,0,0,557,18720,0,0,0,0
5975.111,17295,57,0,0,0,0,0,8,237,5,41,0,0,0,0,0,0,0,0,0,0,0,0,0,0,0,0,0,0,0,0,0,0,197,12802,0,0,0,0
5991.265,16153,61,0,0,0,0,0,8,236,5,41,0,0,0,0,0,0,0,0,0,0,0,0,0,0,0,0,0,0,0,0,0,0,225,17331,0,0,0,0
6007.415,16150,61,0,0,0,0,0,8,153,5,41,0,0,0,0,0,0,0,0,0,0,0,0,0,0,0,0,0,0,0,0,0,0,222,16136,0,0,0,0
6024.348,16933,59,0,0,0,0,0,8,471,5,42,0,0,0,0,0,0,0,0,0,0,0,0,0,0,0,0,0,0,0,0,0,0,1149,27911,0,0,0,0
6041.308,16960,58,0,0,0,0,0,8,257,5,42,0,0,0,0,0,0,0,0,0,0,0,0,0,0,0,0,0,0,0,0,0,0,174,5246,0,0,0,0
6057.727,16418,60,0,0,0,0,0,8,212,5,42,0,0,0,0,0,0,0,0,0,0,0,0,0,0,0,0,0,0,0,0,0,0,230,16926,0,0,0,0
6074.636,16909,59,0,0,0,0,0,8,271,5,42,0,0,0,0,0,0,0,0,0,0,0,0,0,0,0,0,0,0,0,0,0,0,219,16391,0,0,0,0
6091.235,16599,60,0,0,0,0,0,8,410,5,42,0,0,0,0,0,0,0,0,0,0,0,0,0,0,0,0,0,0,0,0,0,0,217,29239,0,0,0,0
6107.258,16022,62,0,0,0,0,0,8,270,5,42,0,0,0,0,0,0,0,0,0,0,0,0,0,0,0,0,0,0,0,0,0,0,0,0,0,0,0,0
6125.114,17856,56,0,0,0,0,0,8,385,5,42,0,0,0,0,0,0,0,0,0,0,0,0,0,0,0,0,0,0,0,0,0,0,260,19901,0,0,0,0
6141.236,16121,62,0,0,0,0,0,8,250,5,42,0,0,0,0,0,0,0,0,0,0,0,0,0,0,0,0,0,0,0,0,0,0,259,18278,0,0,0,0
6157.967,16731,59,0,0,0,0,0,8,422,5,42,0,0,0,0,0,0,0,0,0,0,0,0,0,0,0,0,0,0,0,0,0,0,226,30605,0,0,0,0
6174.720,16752,59,0,0,0,0,0,8,392,5,42,0,0,0,0,0,0,0,0,0,0,0,0,0,0,0,0,0,0,0,0,0,0,137,15919,0,0,0,0
6191.242,16522,60,0,0,0,0,0,8,257,5,42,0,0,0,0,0,0,0,0,0,0,0,0,0,0,0,0,0,0,0,0,0,0,135,3011,0,0,0,0
6208.106,16863,59,0,0,0,0,0,8,209,5,42,0,0,0,0,0,0,0,0,0,0,0,0,0,0,0,0,0,0,0,0,0,0,211,16577,0,0,0,0
6225.103,16997,58,0,0,0,0,0,8,438,5,42,0,0,0,0,0,0,0,0,0,0,0,0,0,0,0,0,0,0,0,0,0,0,215,32313,0,0,0,0
6241.199,16096,62,0,0,0,0,0,8,416,5,42,0,0,0,0,0,0,0,0,0,0,0,0,0,0,0,0,0,0,0,0,0,0,150,15581,0,0,0,0
6257.812,16612,60,0,0,0,0,0,8,212,5,42,0,0,0,0,0,0,0,0,0,0,0,0,0,0,0,0,0,0,0,0,0,0,136,2027,0,0,0,0
6275.114,17302,57,0,0,0,0,0,8,262,5,42,0,0,0,0,0,0,0,0,0,0,0,0,0,0,0,0,0,0,0,0,0,0,206,16615,0,0,0,0
6291.233,16118,62,0,0,0,0,0,8,433,5,42,0,0,0,0,0,0,0,0,0,0,0,0,0,0,0,0,0,0,0,0,0,0,235,30952,0,0,0,0
6307.835,16602,60,0,0,0,0,0,8,417,5,42,0,0,0,0,0,0,0,0,0,0,0,0,0,0,0,0,0,0,0,0,0,0,143,17662,0,0,0,0
6324.352,16517,60,0,0,0,0,0,8,209,5,42,0,0,0,0,0,0,0,0,0,0,0,0,0,0,0,0,0,0,0,0,0,0,119,1366,0,0,0,0
6341.244,16881,59,0,0,0,0,0,8,261,5,42,0,0,0,0,0,0,0,0,0,0,0,0,0,0,0,0,0,0,0,0,0,0,223,16586,0,0,0,0
6358.108,16873,59,0,0,0,0,0,8,389,5,42,0,0,0,0,0,0,0,0,0,0,0,0,0,0,0,0,0,0,0,0,0,0,227,30468,0,0,0,0
6374.442,16333,61,0,0,0,0,0,8,436,5,42,0,0,0,0,0,0,0,0,0,0,0,0,0,0,0,0,0,0,0,0,0,0,158,18017,0,0,0,0
6391.262,16820,59,0,0,0,0,0,8,257,5,42,0,0,0,0,0,0,0,0,0,0,0,0,0,0,0,0,0,0,0,0,0,0,129,1539,0,0,0,0
6407.824,16561,60,0,0,0,0,0,8,214,5,42,0,0,0,0,0,0,0,0,0,0,0,0,0,0,0,0,0,0,0,0,0,0,208,16870,0,0,0,0
6424.103,16279,61,0,0,0,0,0,8,412,5,42,0,0,0,0,0,0,0,0,0,0,0,0,0,0,0,0,0,0,0,0,0,0,230,30316,0,0,0,0
6441.292,17188,58,0,0,0,0,0,8,445,5,42,0,0,0,0,0,0,0,0,0,0,0,0,0,0,0,0,0,0,0,0,0,0,158,17428,0,0,0,0
6457.404,16111,62,0,0,0,0,0,8,212,5,42,0,0,0,0,0,0,0,0,0,0,0,0,0,0,0,0,0,0,0,0,0,0,149,2332,0,0,0,0
6473.879,16475,60,0,0,0,0,0,8,258,5,42,0,0,0,0,0,0,0,0,0,0,0,0,0,0,0,0,0,0,0,0,0,0,236,16693,0,0,0,0
6490.941,17062,58,0,0,0,0,0,8,418,5,42,0,0,0,0,0,0,0,0,0,0,0,0,0,0,0,0,0,0,0,0,0,0,222,29483,0,0,0,0
6507.470,16528,60,0,0,0,0,0,8,391,5,42,0,0,0,0,0,0,0,0,0,0,0,0,0,0,0,0,0,0,0,0,0,0,158,18015,0,0,0,0
6524.416,16945,59,0,0,0,0,0,8,265,5,42,0,0,0,0,0,0,0,0,0,0,0,0,0,0,0,0,0,0,0,0,0,0,128,1911,0,0,0,0
6540.544,16128,62,0,0,0,0,0,8,258,5,42,0,0,0,0,0,0,0,0,0,0,0,0,0,0,0,0,0,0,0,0,0,0,221,17037,0,0,0,0
6557.804,17260,57,0,0,0,0,0,8,393,5,42,0,0,0,0,0,0,0,0,0,0,0,0,0,0,0,0,0,0,0,0,0,0,225,29914,0,0,0,0
6574.517,16713,59,0,0,0,0,0,8,420,5,42,0,0,0,0,0,0,0,0,0,0,0,0,0,0,0,0,0,0,0,0,0,0,149,18023,0,0,0,0
6591.325,16807,59,0,0,0,0,0,8,256,5,42,0,0,0,0,0,0,0,0,0,0,0,0,0,0,0,0,0,0,0,0,0,0,131,2082,0,0,0,0
6607.325,16000,62,0,0,0,0,0,8,218,5,42,0,0,0,0,0,0,0,0,0,0,0,0,0,0,0,0,0,0,0,0,0,0,229,16825,0,0,0,0
6624.104,16779,59,0,0,0,0,0,8,438,5,42,0,0,0,0,0,0,0,0,0,0,0,0,0,0,0,0,0,0,0,0,0,0,217,29453,0,0,0,0
6641.232,17128,58,0,0,0,0,0,8,416,5,42,0,0,0,0,0,0,0,0,0,0,0,0,0,0,0,0,0,0,0,0,0,0,153,17614,0,0,0,0
6657.322,16089,62,0,0,0,0,0,8,212,5,42,0,0,0,0,0,0,0,0,0,0,0,0,0,0,0,0,0,0,0,0,0,0,143,2841,0,0,0,0
6674.779,17457,57,0,0,0,0,0,8,266,5,42,0,0,0,0,0,0,0,0,0,0,0,0,0,0,0,0,0,0,0,0,0,0,274,16204,0,0,0,0
6691.234,16455,60,0,0,0,0,0,8,437,5,42,0,0,0,0,0,0,0,0,0,0,0,0,0,0,0,0,0,0,0,0,0,0,249,30367,0,0,0,0
6707.903,16668,59,0,0,0,0,0,8,421,5,42,0,0,0,0,0,0,0,0,0,0,0,0,0,0,0,0,0,0,0,0,0,0,135,17267,0,0,0,0
6724.670,16767,59,0,0,0,0,0,8,212,5,42,0,0,0,0,0,0,0,0,0,0,0,0,0,0,0,0,0,0,0,0,0,0,131,2781,0,0,0,0
6742.106,17425,57,0,0,0,0,0,8,261,5,42,0,0,0,0,0,0,0,0,0,0,0,0,0,0,0,0,0,0,0,0,0,0,218,16833,0,0,0,0
6757.770,15674,63,0,0,0,0,0,8,386,5,42,0,0,0,0,0,0,0,0,0,0,0,0,0,0,0,0,0,0,0,0,0,0,235,31118,0,0,0,0
6774.230,16460,60,0,0,0,0,0,8,444,5,42,0,0,0,0,0,0,0,0,0,0,0,0,0,0,0,0,0,0,0,0,0,0,134,15874,0,0,0,0
6791.091,16860,59,0,0,0,0,0,8,261,5,42,0,0,0,0,0,0,0,0,0,0,0,0,0,0,0,0,0,0,0,0,0,0,145,2555,0,0,0,0
6807.826,16734,59,0,0,0,0,0,8,189,5,42,0,0,0,0,0,0,0,0,0,0,0,0,0,0,0,0,0,0,0,0,0,0,246,16902,0,0,0,0
6825.102,17276,57,0,0,0,0,0,8,447,5,42,0,0,0,0,0,0,0,0,0,0,0,0,0,0,0,0,0,0,0,0,0,0,229,29703,0,0,0,0
6841.235,16132,61,0,0,0,0,0,8,432,5,42,0,0,0,0,0,0,0,0,0,0,0,0,0,0,0,0,0,0,0,0,0,0,156,18461,0,0,0,0
6857.978,16743,59,0,0,0,0,0,8,245,5,42,0,0,0,0,0,0,0,0,0,0,0,0,0,0,0,0,0,0,0,0,0,0,134,1916,0,0,0,0
6874.824,16846,59,0,0,0,0,0,8,238,5,42,0,0,0,0,0,0,0,0,0,0,0,0,0,0,0,0,0,0,0,0,0,0,222,16728,0,0,0,0
6890.998,16173,61,0,0,0,0,0,8,417,5,42,0,0,0,0,0,0,0,0,0,0,0,0,0,0,0,0,0,0,0,0,0,0,232,29822,0,0,0,0
6907.663,16665,60,0,0,0,0,0,8,388,5,42,0,0,0,0,0,0,0,0,0,0,0,0,0,0,0,0,0,0,0,0,0,0,146,16623,0,0,0,0
6924.303,16640,60,0,0,0,0,0,8,261,5,42,0,0,0,0,0,0,0,0,0,0,0,0,0,0,0,0,0,0,0,0,0,0,163,3276,0,0,0,0
6942.096,17792,56,0,0,0,0,0,8,263,5,42,0,0,0,0,0,0,0,0,0,0,0,0,0,0,0,0,0,0,0,0,0,0,219,16594,0,0,0,0
6958.093,15996,62,0,0,0,0,0,8,387,5,42,0,0,0,0,0,0,0,0,0,0,0,0,0,0,0,0,0,0,0,0,0,0,242,30474,0,0,0,0
6975.096,17003,58,0,0,0,0,0,8,417,5,42,0,0,0,0,0,0,0,0,0,0,0,0,0,0,0,0,0,0,0,0,0,0,169,16898,0,0,0,0
6990.754,15657,63,0,0,0,0,0,8,252,5,42,0,0,0,0,0,0,0,0,0,0,0,0,0,0,0,0,0,0,0,0,0,0,151,3478,0,0,0,0
7007.810,17055,58,0,0,0,0,0,8,218,5,42,0,0,0,0,0,0,0,0,0,0,0,0,0,0,0,0,0,0,0,0,0,0,227,15611,0,0,0,0
7025.107,17297,57,0,0,0,0,0,8,446,5,42,0,0,0,0,0,0,0,0,0,0,0,0,0,0,0,0,0,0,0,0,0,0,221,29491,0,0,0,0
7041.127,16020,62,0,0,0,0,0,8,411,5,42,0,0,0,0,0,0,0,0,0,0,0,0,0,0,0,0,0,0,0,0,0,0,163,18458,0,0,0,0
7057.767,16639,60,0,0,0,0,0,8,209,5,42,0,0,0,0,0,0,0,0,0,0,0,0,0,0,0,0,0,0,0,0,0,0,202,2559,0,0,0,0
7074.259,16491,60,0,0,0,0,0,8,266,5,42,0,0,0,0,0,0,0,0,0,0,0,0,0,0,0,0,0,0,0,0,0,0,224,16486,0,0,0,0
7090.910,16651,60,0,0,0,0,0,8,437,5,42,0,0,0,0,0,0,0,0,0,0,0,0,0,0,0,0,0,0,0,0,0,0,215,29010,0,0,0,0
7108.044,17134,58,0,0,0,0,0,8,425,5,42,0,0,0,0,0,0,0,0,0,0,0,0,0,0,0,0,0,0,0,0,0,0,171,17366,0,0,0,0
7124.610,16564,60,0,0,0,0,0,8,211,5,42,0,0,0,0,0,0,0,0,0,0,0,0,0,0,0,0,0,0,0,0,0,0,163,3976,0,0,0,0
7141.227,16617,60,0,0,0,0,0,8,254,5,42,0,0,0,0,0,0,0,0,0,0,0,0,0,0,0,0,0,0,0,0,0,0,220,16957,0,0,0,0
7157.939,16712,59,0,0,0,0,0,8,426,5,42,0,0,0,0,0,0,0,0,0,0,0,0,0,0,0,0,0,0,0,0,0,0,231,28866,0,0,0,0
7174.626,16687,59,0,0,0,0,0,8,412,5,42,0,0,0,0,0,0,0,0,0,0,0,0,0,0,0,0,0,0,0,0,0,0,174,17335,0,0,0,0
7191.229,16602,60,0,0,0,0,0,8,261,5,42,0,0,0,0,0,0,0,0,0,0,0,0,0,0,0,0,0,0,0,0,0,0,173,3436,0,0,0,0
7207.827,16598,60,0,0,0,0,0,8,189,5,42,0,0,0,0,0,0,0,0,0,0,0,0,0,0,0,0,0,0,0,0,0,0,227,16556,0,0,0,0
7224.611,16784,59,0,0,0,0,0,8,445,5,42,0,0,0,0,0,0,0,0,0,0,0,0,0,0,0,0,0,0,0,0,0,0,218,29092,0,0,0,0
7241.241,16630,60,0,0,0,0,0,8,441,5,42,0,0,0,0,0,0,0,0,0,0,0,0,0,0,0,0,0,0,0,0,0,0,158,17630,0,0,0,0
7257.807,16565,60,0,0,0,0,0,8,207,5,42,0,0,0,0,0,0,0,0,0,0,0,0,0,0,0,0,0,0,0,0,0,0,152,3345,0,0,0,0
7274.625,16818,59,0,0,0,0,0,8,266,5,42,0,0,0,0,0,0,0,0,0,0,0,0,0,0,0,0,0,0,0,0,0,0,264,16573,0,0,0,0
7291.622,16997,58,0,0,0,0,0,8,418,5,42,0,0,0,0,0,0,0,0,0,0,0,0,0,0,0,0,0,0,0,0,0,0,229,29328,0,0,0,0
7307.644,16021,62,0,0,0,0,0,8,388,5,42,0,0,0,0,0,0,0,0,0,0,0,0,0,0,0,0,0,0,0,0,0,0,163,17905,0,0,0,0
7325.104,17459,57,0,0,0,0,0,8,265,5,42,0,0,0,0,0,0,0,0,0,0,0,0,0,0,0,0,0,0,0,0,0,0,136,2559,0,0,0,0
7340.988,15884,62,0,0,0,0,0,8,253,5,42,0,0,0,0,0,0,0,0,0,0,0,0,0,0,0,0,0,0,0,0,0,0,245,17445,0,0,0,0
7357.725,16736,59,0,0,0,0,0,8,397,5,42,0,0,0,0,0,0,0,0,0,0,0,0,0,0,0,0,0,0,0,0,0,0,231,28487,0,0,0,0
7374.250,16524,60,0,0,0,0,0,8,417,5,42,0,0,0,0,0,0,0,0,0,0,0,0,0,0,0,0,0,0,0,0,0,0,169,17508,0,0,0,0
7392.091,17841,56,0,0,0,0,0,8,264,5,42,0,0,0,0,0,0,0,0,0,0,0,0,0,0,0,0,0,0,0,0,0,0,152,3170,0,0,0,0
7407.884,15792,63,0,0,0,0,0,8,238,5,42,0,0,0,0,0,0,0,0,0,0,0,0,0,0,0,0,0,0,0,0,0,0,240,17810,0,0,0,0
7424.312,16428,60,0,0,0,0,0,8,413,5,42,0,0,0,0,0,0,0,0,0,0,0,0,0,0,0,0,0,0,0,0,0,0,222,28197,0,0,0,0
7441.228,16915,59,0,0,0,0,0,8,419,5,42,0,0,0,0,0,0,0,0,0,0,0,0,0,0,0,0,0,0,0,0,0,0,156,17437,0,0,0,0
7457.706,16478,60,0,0,0,0,0,8,210,5,42,0,0,0,0,0,0,0,0,0,0,0,0,0,0,0,0,0,0,0,0,0,0,166,3597,0,0,0,0
7475.098,17392,57,0,0,0,0,0,8,266,5,42,0,0,0,0,0,0,0,0,0,0,0,0,0,0,0,0,0,0,0,0,0,0,208,16327,0,0,0,0
7491.285,16186,61,0,0,0,0,0,8,437,5,42,0,0,0,0,0,0,0,0,0,0,0,0,0,0,0,0,0,0,0,0,0,0,240,29969,0,0,0,0
7508.227,16941,59,0,0,0,0,0,8,426,5,42,0,0,0,0,0,0,0,0,0,0,0,0,0,0,0,0,0,0,0,0,0,0,162,17043,0,0,0,0
7525.088,16862,59,0,0,0,0,0,8,199,5,42,0,0,0,0,0,0,0,0,0,0,0,0,0,0,0,0,0,0,0,0,0,0,154,3625,0,0,0,0
7541.115,16026,62,0,0,0,0,0,8,263,5,42,0,0,0,0,0,0,0,0,0,0,0,0,0,0,0,0,0,0,0,0,0,0,229,16811,0,0,0,0
7557.872,16757,59,0,0,0,0,0,8,418,5,42,0,0,0,0,0,0,0,0,0,0,0,0,0,0,0,0,0,0,0,0,0,0,236,28622,0,0,0,0
7574.605,16732,59,0,0,0,0,0,8,411,5,42,0,0,0,0,0,0,0,0,0,0,0,0,0,0,0,0,0,0,0,0,0,0,165,17415,0,0,0,0
7591.096,16491,60,0,0,0,0,0,8,260,5,42,0,0,0,0,0,0,0,0,0,0,0,0,0,0,0,0,0,0,0,0,0,0,143,3494,0,0,0,0
7607.795,16698,59,0,0,0,0,0,8,186,5,42,0,0,0,0,0,0,0,0,0,0,0,0,0,0,0,0,0,0,0,0,0,0,224,16470,0,0,0,0
7625.102,17307,57,0,0,0,0,0,8,446,5,42,0,0,0,0,0,0,0,0,0,0,0,0,0,0,0,0,0,0,0,0,0,0,235,29116,0,0,0,0
7641.243,16141,61,0,0,0,0,0,8,437,5,42,0,0,0,0,0,0,0,0,0,0,0,0,0,0,0,0,0,0,0,0,0,0,189,18589,0,0,0,0
7657.280,16036,62,0,0,0,0,0,8,207,5,42,0,0,0,0,0,0,0,0,0,0,0,0,0,0,0,0,0,0,0,0,0,0,176,2524,0,0,0,0
7674.604,17324,57,0,0,0,0,0,8,257,5,42,0,0,0,0,0,0,0,0,0,0,0,0,0,0,0,0,0,0,0,0,0,0,219,15941,0,0,0,0
7691.236,16631,60,0,0,0,0,0,8,414,5,42,0,0,0,0,0,0,0,0,0,0,0,0,0,0,0,0,0,0,0,0,0,0,234,29951,0,0,0,0
7708.110,16874,59,0,0,0,0,0,8,392,5,42,0,0,0,0,0,0,0,0,0,0,0,0,0,0,0,0,0,0,0,0,0,0,146,17828,0,0,0,0
7724.731,16621,60,0,0,0,0,0,8,261,5,42,0,0,0,0,0,0,0,0,0,0,0,0,0,0,0,0,0,0,0,0,0,0,164,3116,0,0,0,0
7741.225,16494,60,0,0,0,0,0,8,261,5,42,0,0,0,0,0,0,0,0,0,0,0,0,0,0,0,0,0,0,0,0,0,0,246,16562,0,0,0,0
7757.688,16463,60,0,0,0,0,0,8,389,5,42,0,0,0,0,0,0,0,0,0,0,0,0,0,0,0,0,0,0,0,0,0,0,240,28907,0,0,0,0
7774.418,16730,59,0,0,0,0,0,8,242,5,42,0,0,0,0,0,0,0,0,0,0,0,0,0,0,0,0,0,0,0,0,0,0,169,4104,0,0,0,0
7792.098,17679,56,0,0,0,0,0,8,441,5,42,0,0,0,0,0,0,0,0,0,0,0,0,0,0,0,0,0,0,0,0,0,0,228,30135,0,0,0,0
7808.092,15994,62,0,0,0,0,0,8,388,5,42,0,0,0,0,0,0,0,0,0,0,0,0,0,0,0,0,0,0,0,0,0,0,168,16802,0,0,0,0
7825.085,16992,58,0,0,0,0,0,8,256,5,42,0,0,0,0,0,0,0,0,0,0,0,0,0,0,0,0,0,0,0,0,0,0,157,3455,0,0,0,0
7841.219,16134,61,0,0,0,0,0,8,234,5,42,0,0,0,0,0,0,0,0,0,0,0,0,0,0,0,0,0,0,0,0,0,0,239,17047,0,0,0,0
7857.894,16674,59,0,0,0,0,0,8,426,5,42,0,0,0,0,0,0,0,0,0,0,0,0,0,0,0,0,0,0,0,0,0,0,246,29360,0,0,0,0
7875.092,17198,58,0,0,0,0,0,8,415,5,42,0,0,0,0,0,0,0,0,0,0,0,0,0,0,0,0,0,0,0,0,0,0,144,15823,0,0,0,0
7890.737,15645,63,0,0,0,0,0,8,253,5,42,0,0,0,0,0,0,0,0,0,0,0,0,0,0,0,0,0,0,0,0,0,0,167,4760,0,0,0,0
7908.045,17307,57,0,0,0,0,0,8,253,5,42,0,0,0,0,0,0,0,0,0,0,0,0,0,0,0,0,0,0,0,0,0,0,231,15581,0,0,0,0
7925.099,17054,58,0,0,0,0,0,8,382,5,42,0,0,0,0,0,0,0,0,0,0,0,0,0,0,0,0,0,0,0,0,0,0,220,30555,0,0,0,0
7941.285,16186,61,0,0,0,0,0,8,437,5,42,0,0,0,0,0,0,0,0,0,0,0,0,0,0,0,0,0,0,0,0,0,0,139,16536,0,0,0,0
7957.827,16541,60,0,0,0,0,0,8,246,5,42,0,0,0,0,0,0,0,0,0,0,0,0,0,0,0,0,0,0,0,0,0,0,150,3503,0,0,0,0
7975.085,17258,57,0,0,0,0,0,8,226,5,42,0,0,0,0,0,0,0,0,0,0,0,0,0,0,0,0,0,0,0,0,0,0,234,16509,0,0,0,0
7991.096,16010,62,0,0,0,0,0,8,439,5,42,0,0,0,0,0,0,0,0,0,0,0,0,0,0,0,0,0,0,0,0,0,0,214,30920,0,0,0,0
8007.821,16725,59,0,0,0,0,0,8,396,5,42,0,0,0,0,0,0,0,0,0,0,0,0,0,0,0,0,0,0,0,0,0,0,139,14974,0,0,0,0
8025.088,17266,57,0,0,0,0,0,8,236,5,42,0,0,0,0,0,0,0,0,0,0,0,0,0,0,0,0,0,0,0,0,0,0,159,4125,0,0,0,0
8042.117,17029,58,0,0,0,0,0,8,256,5,42,0,0,0,0,0,0,0,0,0,0,0,0,0,0,0,0,0,0,0,0,0,0,257,17291,0,0,0,0
8057.837,15719,63,0,0,0,0,0,8,415,5,42,0,0,0,0,0,0,0,0,0,0,0,0,0,0,0,0,0,0,0,0,0,0,214,30466,0,0,0,0
8074.612,16775,59,0,0,0,0,0,8,409,5,42,0,0,0,0,0,0,0,0,0,0,0,0,0,0,0,0,0,0,0,0,0,0,135,15193,0,0,0,0
8092.090,17477,57,0,0,0,0,0,8,237,5,42,0,0,0,0,0,0,0,0,0,0,0,0,0,0,0,0,0,0,0,0,0,0,156,3859,0,0,0,0
8107.858,15767,63,0,0,0,0,0,8,237,5,42,0,0,0,0,0,0,0,0,0,0,0,0,0,0,0,0,0,0,0,0,0,0,237,17468,0,0,0,0
8124.617,16759,59,0,0,0,0,0,8,408,5,42,0,0,0,0,0,0,0,0,0,0,0,0,0,0,0,0,0,0,0,0,0,0,246,29068,0,0,0,0
8141.256,16639,60,0,0,0,0,0,8,261,5,42,0,0,0,0,0,0,0,0,0,0,0,0,0,0,0,0,0,0,0,0,0,0,150,3469,0,0,0,0
8157.835,16578,60,0,0,0,0,0,8,412,5,42,0,0,0,0,0,0,0,0,0,0,0,0,0,0,0,0,0,0,0,0,0,0,245,29149,0,0,0,0
8175.095,17259,57,0,0,0,0,0,8,398,5,42,0,0,0,0,0,0,0,0,0,0,0,0,0,0,0,0,0,0,0,0,0,0,165,17246,0,0,0,0
8191.271,16176,61,0,0,0,0,0,8,256,5,42,0,0,0,0,0,0,0,0,0,0,0,0,0,0,0,0,0,0,0,0,0,0,146,4070,0,0,0,0
8207.806,16534,60,0,0,0,0,0,8,214,5,42,0,0,0,0,0,0,0,0,0,0,0,0,0,0,0,0,0,0,0,0,0,0,217,16156,0,0,0,0
8224.616,16810,59,0,0,0,0,0,8,440,5,42,0,0,0,0,0,0,0,0,0,0,0,0,0,0,0,0,0,0,0,0,0,0,218,29047,0,0,0,0
8241.625,17008,58,0,0,0,0,0,8,242,5,42,0,0,0,0,0,0,0,0,0,0,0,0,0,0,0,0,0,0,0,0,0,0,167,4447,0,0,0,0
8257.835,16210,61,0,0,0,0,0,8,422,5,42,0,0,0,0,0,0,0,0,0,0,0,0,0,0,0,0,0,0,0,0,0,0,244,30403,0,0,0,0
8275.082,17246,57,0,0,0,0,0,8,415,5,42,0,0,0,0,0,0,0,0,0,0,0,0,0,0,0,0,0,0,0,0,0,0,145,15014,0,0,0,0
8291.219,16137,61,0,0,0,0,0,8,257,5,42,0,0,0,0,0,0,0,0,0,0,0,0,0,0,0,0,0,0,0,0,0,0,191,4978,0,0,0,0
8307.879,16659,60,0,0,0,0,0,8,238,5,42,0,0,0,0,0,0,0,0,0,0,0,0,0,0,0,0,0,0,0,0,0,0,192,16032,0,0,0,0
8325.082,17203,58,0,0,0,0,0,8,384,5,42,0,0,0,0,0,0,0,0,0,0,0,0,0,0,0,0,0,0,0,0,0,0,222,30041,0,0,0,0
8341.053,15971,62,0,0,0,0,0,8,441,5,42,0,0,0,0,0,0,0,0,0,0,0,0,0,0,0,0,0,0,0,0,0,0,159,16407,0,0,0,0
8357.798,16744,59,0,0,0,0,0,8,216,5,42,0,0,0,0,0,0,0,0,0,0,0,0,0,0,0,0,0,0,0,0,0,0,156,3434,0,0,0,0
8374.442,16644,60,0,0,0,0,0,8,266,5,42,0,0,0,0,0,0,0,0,0,0,0,0,0,0,0,0,0,0,0,0,0,0,225,16715,0,0,0,0
8391.303,16860,59,0,0,0,0,0,8,441,5,42,0,0,0,0,0,0,0,0,0,0,0,0,0,0,0,0,0,0,0,0,0,0,220,29936,0,0,0,0
8407.394,16090,62,0,0,0,0,0,8,188,5,42,0,0,0,0,0,0,0,0,0,0,0,0,0,0,0,0,0,0,0,0,0,0,163,3624,0,0,0,0
8424.617,17223,58,0,0,0,0,0,8,447,5,42,0,0,0,0,0,0,0,0,0,0,0,0,0,0,0,0,0,0,0,0,0,0,230,28416,0,0,0,0
8441.254,16637,60,0,0,0,0,0,8,258,5,42,0,0,0,0,0,0,0,0,0,0,0,0,0,0,0,0,0,0,0,0,0,0,202,4961,0,0,0,0
8457.917,16663,60,0,0,0,0,0,8,421,5,42,0,0,0,0,0,0,0,0,0,0,0,0,0,0,0,0,0,0,0,0,0,0,225,29907,0,0,0,0
8475.077,17160,58,0,0,0,0,0,8,413,5,42,0,0,0,0,0,0,0,0,0,0,0,0,0,0,0,0,0,0,0,0,0,0,156,16002,0,0,0,0
8490.926,15848,63,0,0,0,0,0,8,227,5,42,0,0,0,0,0,0,0,0,0,0,0,0,0,0,0,0,0,0,0,0,0,0,161,4482,0,0,0,0
8508.610,17683,56,0,0,0,0,0,8,242,5,42,0,0,0,0,0,0,0,0,0,0,0,0,0,0,0,0,0,0,0,0,0,0,227,15775,0,0,0,0
8523.991,15380,65,0,0,0,0,0,8,414,5,42,0,0,0,0,0,0,0,0,0,0,0,0,0,0,0,0,0,0,0,0,0,0,235,30871,0,0,0,0
8541.218,17227,58,0,0,0,0,0,8,444,5,42,0,0,0,0,0,0,0,0,0,0,0,0,0,0,0,0,0,0,0,0,0,0,121,13387,0,0,0,0
8557.151,15932,62,0,0,0,0,0,8,208,5,42,0,0,0,0,0,0,0,0,0,0,0,0,0,0,0,0,0,0,0,0,0,0,167,6109,0,0,0,0
8574.221,17069,58,0,0,0,0,0,8,241,5,42,0,0,0,0,0,0,0,0,0,0,0,0,0,0,0,0,0,0,0,0,0,0,211,15864,0,0,0,0
8591.216,16994,58,0,0,0,0,0,8,442,5,42,0,0,0,0,0,0,0,0,0,0,0,0,0,0,0,0,0,0,0,0,0,0,228,30699,0,0,0,0
8608.215,16999,58,0,0,0,0,0,8,425,5,42,0,0,0,0,0,0,0,0,0,0,0,0,0,0,0,0,0,0,0,0,0,0,149,15865,0,0,0,0
8625.090,16875,59,0,0,0,0,0,8,228,5,42,0,0,0,0,0,0,0,0,0,0,0,0,0,0,0,0,0,0,0,0,0,0,163,4570,0,0,0,0
8641.275,16184,61,0,0,0,0,0,8,233,5,42,0,0,0,0,0,0,0,0,0,0,0,0,0,0,0,0,0,0,0,0,0,0,224,16819,0,0,0,0
8657.683,16408,60,0,0,0,0,0,8,389,5,42,0,0,0,0,0,0,0,0,0,0,0,0,0,0,0,0,0,0,0,0,0,0,228,29685,0,0,0,0
8674.738,17054,58,0,0,0,0,0,8,261,5,42,0,0,0,0,0,0,0,0,0,0,0,0,0,0,0,0,0,0,0,0,0,0,163,2929,0,0,0,0
8691.208,16459,60,0,0,0,0,0,8,441,5,42,0,0,0,0,0,0,0,0,0,0,0,0,0,0,0,0,0,0,0,0,0,0,232,29620,0,0,0,0
8707.946,16748,59,0,0,0,0,0,8,241,5,42,0,0,0,0,0,0,0,0,0,0,0,0,0,0,0,0,0,0,0,0,0,0,155,3903,0,0,0,0
8724.777,16830,59,0,0,0,0,0,8,393,5,42,0,0,0,0,0,0,0,0,0,0,0,0,0,0,0,0,0,0,0,0,0,0,228,30522,0,0,0,0
8741.124,16347,61,0,0,0,0,0,8,437,5,42,0,0,0,0,0,0,0,0,0,0,0,0,0,0,0,0,0,0,0,0,0,0,148,15404,0,0,0,0
8757.626,16488,60,0,0,0,0,0,8,216,5,42,0,0,0,0,0,0,0,0,0,0,0,0,0,0,0,0,0,0,0,0,0,0,164,4005,0,0,0,0
8774.652,17038,58,0,0,0,0,0,8,258,5,42,0,0,0,0,0,0,0,0,0,0,0,0,0,0,0,0,0,0,0,0,0,0,221,16464,0,0,0,0
8791.600,16947,59,0,0,0,0,0,8,437,5,42,0,0,0,0,0,0,0,0,0,0,0,0,0,0,0,0,0,0,0,0,0,0,230,30469,0,0,0,0
8807.750,16150,61,0,0,0,0,0,8,188,5,42,0,0,0,0,0,0,0,0,0,0,0,0,0,0,0,0,0,0,0,0,0,0,159,3638,0,0,0,0
8823.816,16065,62,0,0,0,0,0,8,437,5,42,0,0,0,0,0,0,0,0,0,0,0,0,0,0,0,0,0,0,0,0,0,0,219,28240,0,0,0,0
8840.729,16913,59,0,0,0,0,0,8,257,5,42,0,0,0,0,0,0,0,0,0,0,0,0,0,0,0,0,0,0,0,0,0,0,154,3870,0,0,0,0
8857.804,17075,58,0,0,0,0,0,8,392,5,42,0,0,0,0,0,0,0,0,0,0,0,0,0,0,0,0,0,0,0,0,0,0,266,30299,0,0,0,0
8875.085,17280,57,0,0,0,0,0,8,266,5,42,0,0,0,0,0,0,0,0,0,0,0,0,0,0,0,0,0,0,0,0,0,0,141,3663,0,0,0,0
8891.211,16126,62,0,0,0,0,0,8,412,5,42,0,0,0,0,0,0,0,0,0,0,0,0,0,0,0,0,0,0,0,0,0,0,240,29867,0,0,0,0
8908.596,17384,57,0,0,0,0,0,8,242,5,42,0,0,0,0,0,0,0,0,0,0,0,0,0,0,0,0,0,0,0,0,0,0,163,3590,0,0,0,0
8924.353,15756,63,0,0,0,0,0,8,404,5,42,0,0,0,0,0,0,0,0,0,0,0,0,0,0,0,0,0,0,0,0,0,0,230,30759,0,0,0,0
8941.190,16836,59,0,0,0,0,0,8,438,5,42,0,0,0,0,0,0,0,0,0,0,0,0,0,0,0,0,0,0,0,0,0,0,164,14644,0,0,0,0
8958.077,16887,59,0,0,0,0,0,8,231,5,42,0,0,0,0,0,0,0,0,0,0,0,0,0,0,0,0,0,0,0,0,0,0,162,4555,0,0,0,0
8974.663,16585,60,0,0,0,0,0,8,210,5,42,0,0,0,0,0,0,0,0,0,0,0,0,0,0,0,0,0,0,0,0,0,0,236,16863,0,0,0,0
8991.211,16548,60,0,0,0,0,0,8,442,5,42,0,0,0,0,0,0,0,0,0,0,0,0,0,0,0,0,0,0,0,0,0,0,206,30056,0,0,0,0
9007.891,16680,59,0,0,0,0,0,8,392,5,42,0,0,0,0,0,0,0,0,0,0,0,0,0,0,0,0,0,0,0,0,0,0,147,15538,0,0,0,0
9024.214,16322,61,0,0,0,0,0,8,260,5,42,0,0,0,0,0,0,0,0,0,0,0,0,0,0,0,0,0,0,0,0,0,0,139,4188,0,0,0,0
9040.791,16577,60,0,0,0,0,0,8,234,5,42,0,0,0,0,0,0,0,0,0,0,0,0,0,0,0,0,0,0,0,0,0,0,198,16326,0,0,0,0
9057.300,16509,60,0,0,0,0,0,8,396,5,42,0,0,0,0,0,0,0,0,0,0,0,0,0,0,0,0,0,0,0,0,0,0,241,29988,0,0,0,0
9075.077,17777,56,0,0,0,0,0,8,266,5,42,0,0,0,0,0,0,0,0,0,0,0,0,0,0,0,0,0,0,0,0,0,0,173,3184,0,0,0,0
9092.085,17008,58,0,0,0,0,0,8,439,5,42,0,0,0,0,0,0,0,0,0,0,0,0,0,0,0,0,0,0,0,0,0,0,238,30211,0,0,0,0
9107.276,15190,65,0,0,0,0,0,8,198,5,42,0,0,0,0,0,0,0,0,0,0,0,0,0,0,0,0,0,0,0,0,0,0,173,4553,0,0,0,0
9124.645,17368,57,0,0,0,0,0,8,418,5,42,0,0,0,0,0,0,0,0,0,0,0,0,0,0,0,0,0,0,0,0,0,0,206,28269,0,0,0,0
9142.081,17435,57,0,0,0,0,0,8,262,5,42,0,0,0,0,0,0,0,0,0,0,0,0,0,0,0,0,0,0,0,0,0,0,163,4265,0,0,0,0
9157.685,15604,64,0,0,0,0,0,8,385,5,42,0,0,0,0,0,0,0,0,0,0,0,0,0,0,0,0,0,0,0,0,0,0,231,30423,0,0,0,0
9174.321,16635,60,0,0,0,0,0,8,441,5,42,0,0,0,0,0,0,0,0,0,0,0,0,0,0,0,0,0,0,0,0,0,0,173,15975,0,0,0,0
9191.210,16889,59,0,0,0,0,0,8,260,5,42,0,0,0,0,0,0,0,0,0,0,0,0,0,0,0,0,0,0,0,0,0,0,152,3313,0,0,0,0
9207.802,16591,60,0,0,0,0,0,8,190,5,42,0,0,0,0,0,0,0,0,0,0,0,0,0,0,0,0,0,0,0,0,0,0,218,16826,0,0,0,0
9224.728,16926,59,0,0,0,0,0,8,445,5,42,0,0,0,0,0,0,0,0,0,0,0,0,0,0,0,0,0,0,0,0,0,0,235,29006,0,0,0,0
9241.257,16528,60,0,0,0,0,0,8,257,5,42,0,0,0,0,0,0,0,0,0,0,0,0,0,0,0,0,0,0,0,0,0,0,217,4910,0,0,0,0
9258.141,16884,59,0,0,0,0,0,8,421,5,42,0,0,0,0,0,0,0,0,0,0,0,0,0,0,0,0,0,0,0,0,0,0,201,29519,0,0,0,0
9275.078,16937,59,0,0,0,0,0,8,232,5,42,0,0,0,0,0,0,0,0,0,0,0,0,0,0,0,0,0,0,0,0,0,0,155,3549,0,0,0,0
9291.091,16012,62,0,0,0,0,0,8,413,5,42,0,0,0,0,0,0,0,0,0,0,0,0,0,0,0,0,0,0,0,0,0,0,221,29629,0,0,0,0
9307.806,16715,59,0,0,0,0,0,8,209,5,42,0,0,0,0,0,0,0,0,0,0,0,0,0,0,0,0,0,0,0,0,0,0,143,3309,0,0,0,0
9324.585,16778,59,0,0,0,0,0,8,440,5,42,0,0,0,0,0,0,0,0,0,0,0,0,0,0,0,0,0,0,0,0,0,0,231,30103,0,0,0,0
9341.247,16662,60,0,0,0,0,0,8,266,5,42,0,0,0,0,0,0,0,0,0,0,0,0,0,0,0,0,0,0,0,0,0,0,142,3374,0,0,0,0
9358.213,16966,58,0,0,0,0,0,8,402,5,42,0,0,0,0,0,0,0,0,0,0,0,0,0,0,0,0,0,0,0,0,0,0,231,29022,0,0,0,0
9374.306,16092,62,0,0,0,0,0,8,220,5,42,0,0,0,0,0,0,0,0,0,0,0,0,0,0,0,0,0,0,0,0,0,0,168,5440,0,0,0,0
9391.597,17290,57,0,0,0,0,0,8,445,5,42,0,0,0,0,0,0,0,0,0,0,0,0,0,0,0,0,0,0,0,0,0,0,225,28510,0,0,0,0
9407.479,15882,62,0,0,0,0,0,8,212,5,42,0,0,0,0,0,0,0,0,0,0,0,0,0,0,0,0,0,0,0,0,0,0,171,4033,0,0,0,0
9425.074,17595,56,0,0,0,0,0,8,441,5,42,0,0,0,0,0,0,0,0,0,0,0,0,0,0,0,0,0,0,0,0,0,0,244,28568,0,0,0,0
9441.155,16080,62,0,0,0,0,0,8,230,5,42,0,0,0,0,0,0,0,0,0,0,0,0,0,0,0,0,0,0,0,0,0,0,201,4992,0,0,0,0
9457.842,16687,59,0,0,0,0,0,8,424,5,42,0,0,0,0,0,0,0,0,0,0,0,0,0,0,0,0,0,0,0,0,0,0,212,29333,0,0,0,0
9475.081,17238,58,0,0,0,0,0,8,237,5,42,0,0,0,0,0,0,0,0,0,0,0,0,0,0,0,0,0,0,0,0,0,0,167,3354,0,0,0,0
9491.216,16135,61,0,0,0,0,0,8,436,5,42,0,0,0,0,0,0,0,0,0,0,0,0,0,0,0,0,0,0,0,0,0,0,239,29739,0,0,0,0
9507.757,16541,60,0,0,0,0,0,8,214,5,42,0,0,0,0,0,0,0,0,0,0,0,0,0,0,0,0,0,0,0,0,0,0,152,3645,0,0,0,0
9524.733,16975,58,0,0,0,0,0,8,421,5,42,0,0,0,0,0,0,0,0,0,0,0,0,0,0,0,0,0,0,0,0,0,0,226,29774,0,0,0,0
9541.089,16356,61,0,0,0,0,0,8,261,5,42,0,0,0,0,0,0,0,0,0,0,0,0,0,0,0,0,0,0,0,0,0,0,164,3726,0,0,0,0
9557.863,16774,59,0,0,0,0,0,8,421,5,42,0,0,0,0,0,0,0,0,0,0,0,0,0,0,0,0,0,0,0,0,0,0,220,28945,0,0,0,0
9574.606,16743,59,0,0,0,0,0,8,236,5,42,0,0,0,0,0,0,0,0,0,0,0,0,0,0,0,0,0,0,0,0,0,0,136,4144,0,0,0,0
9591.203,16596,60,0,0,0,0,0,8,437,5,42,0,0,0,0,0,0,0,0,0,0,0,0,0,0,0,0,0,0,0,0,0,0,235,30495,0,0,0,0
9607.749,16546,60,0,0,0,0,0,8,189,5,42,0,0,0,0,0,0,0,0,0,0,0,0,0,0,0,0,0,0,0,0,0,0,138,2873,0,0,0,0
9625.067,17318,57,0,0,0,0,0,8,440,5,42,0,0,0,0,0,0,0,0,0,0,0,0,0,0,0,0,0,0,0,0,0,0,235,29151,0,0,0,0
9641.339,16271,61,0,0,0,0,0,8,254,5,42,0,0,0,0,0,0,0,0,0,0,0,0,0,0,0,0,0,0,0,0,0,0,192,4856,0,0,0,0
9657.379,16039,62,0,0,0,0,0,8,397,5,42,0,0,0,0,0,0,0,0,0,0,0,0,0,0,0,0,0,0,0,0,0,0,228,29399,0,0,0,0
9675.071,17692,56,0,0,0,0,0,8,265,5,42,0,0,0,0,0,0,0,0,0,0,0,0,0,0,0,0,0,0,0,0,0,0,133,2785,0,0,0,0
9691.203,16131,61,0,0,0,0,0,8,405,5,42,0,0,0,0,0,0,0,0,0,0,0,0,0,0,0,0,0,0,0,0,0,0,236,30287,0,0,0,0
9707.862,16659,60,0,0,0,0,0,8,245,5,42,0,0,0,0,0,0,0,0,0,0,0,0,0,0,0,0,0,0,0,0,0,0,139,3577,0,0,0,0
9724.212,16340,61,0,0,0,0,0,8,416,5,42,0,0,0,0,0,0,0,0,0,0,0,0,0,0,0,0,0,0,0,0,0,0,241,29854,0,0,0,0
9742.068,17865,55,0,0,0,0,0,8,258,5,42,0,0,0,0,0,0,0,0,0,0,0,0,0,0,0,0,0,0,0,0,0,0,166,3186,0,0,0,0
9758.067,15999,62,0,0,0,0,0,8,406,5,42,0,0,0,0,0,0,0,0,0,0,0,0,0,0,0,0,0,0,0,0,0,0,229,30514,0,0,0,0
9774.365,16298,61,0,0,0,0,0,8,219,5,42,0,0,0,0,0,0,0,0,0,0,0,0,0,0,0,0,0,0,0,0,0,0,155,3297,0,0,0,0
9791.100,16735,59,0,0,0,0,0,8,440,5,42,0,0,0,0,0,0,0,0,0,0,0,0,0,0,0,0,0,0,0,0,0,0,224,29589,0,0,0,0
9807.887,16786,59,0,0,0,0,0,8,242,5,42,0,0,0,0,0,0,0,0,0,0,0,0,0,0,0,0,0,0,0,0,0,0,159,3439,0,0,0,0
9824.193,16306,61,0,0,0,0,0,8,413,5,42,0,0,0,0,0,0,0,0,0,0,0,0,0,0,0,0,0,0,0,0,0,0,237,29138,0,0,0,0
9841.242,17048,58,0,0,0,0,0,8,237,5,42,0,0,0,0,0,0,0,0,0,0,0,0,0,0,0,0,0,0,0,0,0,0,163,3952,0,0,0,0
9857.412,16170,61,0,0,0,0,0,8,392,5,42,0,0,0,0,0,0,0,0,0,0,0,0,0,0,0,0,0,0,0,0,0,0,215,30473,0,0,0,0
9875.074,17662,56,0,0,0,0,0,8,268,5,42,0,0,0,0,0,0,0,0,0,0,0,0,0,0,0,0,0,0,0,0,0,0,138,2714,0,0,0,0
9891.243,16168,61,0,0,0,0,0,8,434,5,42,0,0,0,0,0,0,0,0,0,0,0,0,0,0,0,0,0,0,0,0,0,0,246,29905,0,0,0,0
9908.603,17360,57,0,0,0,0,0,8,240,5,42,0,0,0,0,0,0,0,0,0,0,0,0,0,0,0,0,0,0,0,0,0,0,175,3949,0,0,0,0
9924.602,15998,62,0,0,0,0,0,8,387,5,42,0,0,0,0,0,0,0,0,0,0,0,0,0,0,0,0,0,0,0,0,0,0,233,30845,0,0,0,0
9942.066,17463,57,0,0,0,0,0,8,438,5,42,0,0,0,0,0,0,0,0,0,0,0,0,0,0,0,0,0,0,0,0,0,0,161,15050,0,0,0,0
9957.469,15402,64,0,0,0,0,0,8,209,5,42,0,0,0,0,0,0,0,0,0,0,0,0,0,0,0,0,0,0,0,0,0,0,158,4927,0,0,0,0
9974.722,17253,57,0,0,0,0,0,8,261,5,42,0,0,0,0,0,0,0,0,0,0,0,0,0,0,0,0,0,0,0,0,0,0,198,15311,0,0,0,0
9991.239,16517,60,0,0,0,0,0,8,441,5,42,0,0,0,0,0,0,0,0,0,0,0,0,0,0,0,0,0,0,0,0,0,0,221,30836,0,0,0,0
10007.853,16613,60,0,0,0,0,0,8,222,5,42,0,0,0,0,0,0,0,0,0,0,0,0,0,0,0,0,0,0,0,0,0,0,167,3004,0,0,0,0
10025.082,17228,58,0,0,0,0,0,8,415,5,42,0,0,0,0,0,0,0,0,0,0,0,0,0,0,0,0,0,0,0,0,0,0,221,28923,0,0,0,0
10041.208,16126,62,0,0,0,0,0,8,258,5,42,0,0,0,0,0,0,0,0,0,0,0,0,0,0,0,0,0,0,0,0,0,0,196,4980,0,0,0,0
10057.179,15970,62,0,0,0,0,0,8,388,5,42,0,0,0,0,0,0,0,0,0,0,0,0,0,0,0,0,0,0,0,0,0,0,240,29504,0,0,0,0
10075.072,17892,55,0,0,0,0,0,8,266,5,42,0,0,0,0,0,0,0,0,0,0,0,0,0,0,0,0,0,0,0,0,0,0,151,2581,0,0,0,0
10091.177,16104,62,0,0,0,0,0,8,412,5,42,0,0,0,0,0,0,0,0,0,0,0,0,0,0,0,0,0,0,0,0,0,0,243,30522,0,0,0,0
10107.751,16574,60,0,0,0,0,0,8,209,5,42,0,0,0,0,0,0,0,0,0,0,0,0,0,0,0,0,0,0,0,0,0,0,166,3453,0,0,0,0
10125.067,17316,57,0,0,0,0,0,8,445,5,42,0,0,0,0,0,0,0,0,0,0,0,0,0,0,0,0,0,0,0,0,0,0,245,29924,0,0,0,0
10141.263,16196,61,0,0,0,0,0,8,258,5,42,0,0,0,0,0,0,0,0,0,0,0,0,0,0,0,0,0,0,0,0,0,0,152,3961,0,0,0,0
10157.660,16396,60,0,0,0,0,0,8,387,5,42,0,0,0,0,0,0,0,0,0,0,0,0,0,0,0,0,0,0,0,0,0,0,232,28640,0,0,0,0
10175.070,17409,57,0,0,0,0,0,8,238,5,42,0,0,0,0,0,0,0,0,0,0,0,0,0,0,0,0,0,0,0,0,0,0,173,3942,0,0,0,0
10191.212,16142,61,0,0,0,0,0,8,436,5,42,0,0,0,0,0,0,0,0,0,0,0,0,0,0,0,0,0,0,0,0,0,0,247,30763,0,0,0,0
10207.717,16504,60,0,0,0,0,0,8,214,5,42,0,0,0,0,0,0,0,0,0,0,0,0,0,0,0,0,0,0,0,0,0,0,166,2811,0,0,0,0
10225.070,17353,57,0,0,0,0,0,8,445,5,42,0,0,0,0,0,0,0,0,0,0,0,0,0,0,0,0,0,0,0,0,0,0,218,28834,0,0,0,0
10241.198,16128,62,0,0,0,0,0,8,224,5,42,0,0,0,0,0,0,0,0,0,0,0,0,0,0,0,0,0,0,0,0,0,0,160,5047,0,0,0,0
10257.808,16609,60,0,0,0,0,0,8,252,5,42,0,0,0,0,0,0,0,0,0,0,0,0,0,0,0,0,0,0,0,0,0,0,0,0,0,0,0,0
10275.108,17300,57,0,0,0,0,0,8,582,5,42,0,0,0,0,0,0,0,0,0,0,0,0,0,0,0,0,0,0,0,0,0,0,380,47214,0,0,0,0
10291.318,16209,61,0,0,0,0,0,8,260,5,42,0,0,0,0,0,0,0,0,0,0,0,0,0,0,0,0,0,0,0,0,0,0,143,2753,0,0,0,0
10307.210,15892,62,0,0,0,0,0,8,209,5,42,0,0,0,0,0,0,0,0,0,0,0,0,0,0,0,0,0,0,0,0,0,0,251,16365,0,0,0,0
10324.733,17522,57,0,0,0,0,0,8,412,5,42,0,0,0,0,0,0,0,0,0,0,0,0,0,0,0,0,0,0,0,0,0,0,220,30718,0,0,0,0
10341.233,16499,60,0,0,0,0,0,8,262,5,42,0,0,0,0,0,0,0,0,0,0,0,0,0,0,0,0,0,0,0,0,0,0,152,2548,0,0,0,0
10357.687,16454,60,0,0,0,0,0,8,403,5,42,0,0,0,0,0,0,0,0,0,0,0,0,0,0,0,0,0,0,0,0,0,0,208,30392,0,0,0,0
10375.067,17379,57,0,0,0,0,0,8,240,5,42,0,0,0,0,0,0,0,0,0,0,0,0,0,0,0,0,0,0,0,0,0,0,144,2577,0,0,0,0
10391.082,16015,62,0,0,0,0,0,8,225,5,42,0,0,0,0,0,0,0,0,0,0,0,0,0,0,0,0,0,0,0,0,0,0,218,17307,0,0,0,0
10407.787,16704,59,0,0,0,0,0,8,20279,5,42,0,0,0,0,0,0,0,0,0,0,0,0,0,0,0,0,0,0,0,0,0,0,0,0,0,0,0,0
10434.247,26460,37,0,0,0,0,0,8,36265,6,43,0,0,0,0,0,0,0,0,0,0,0,0,0,0,0,0,0,0,0,0,0,0,0,57975,0,0,0,0
10449.613,15366,65,0,0,0,0,0,8,1663,5,43,0,0,0,0,0,0,0,0,0,0,0,0,0,0,0,0,0,0,0,0,0,0,85,85,0,0,0,0
10467.065,17452,57,0,0,0,0,0,8,19415,5,43,0,0,0,0,0,0,0,0,0,0,0,0,0,0,0,0,0,0,0,0,0,0,4569,20745,0,0,0,0
10482.757,15691,63,0,0,0,0,0,8,18954,5,43,0,0,0,0,0,0,0,0,0,0,0,0,0,0,0,0,0,0,0,0,0,0,4787,18209,0,0,0,0
10500.075,17318,57,0,0,0,0,0,8,21365,5,43,0,0,0,0,0,0,0,0,0,0,0,0,0,0,0,0,0,0,0,0,0,0,4732,16172,0,0,0,0
10517.066,16990,58,0,0,0,0,0,8,21825,5,43,0,0,0,0,0,0,0,0,0,0,0,0,0,0,0,0,0,0,0,0,0,0,4546,16606,0,0,0,0
10533.067,16001,62,0,0,0,0,0,8,23711,5,43,0,0,0,0,0,0,0,0,0,0,0,0,0,0,0,0,0,0,0,0,0,0,4555,16999,0,0,0,0
10549.655,16587,60,0,0,0,0,0,8,20600,5,43,0,0,0,0,0,0,0,0,0,0,0,0,0,0,0,0,0,0,0,0,0,0,4582,16024,0,0,0,0
10566.265,16610,60,0,0,0,0,0,8,22006,5,43,0,0,0,0,0,0,0,0,0,0,0,0,0,0,0,0,0,0,0,0,0,0,4543,16029,0,0,0,0
10582.674,16409,60,0,0,0,0,0,8,21627,5,43,0,0,0,0,0,0,0,0,0,0,0,0,0,0,0,0,0,0,0,0,0,0,4516,17166,0,0,0,0
10600.062,17387,57,0,0,0,0,0,8,21934,5,43,0,0,0,0,0,0,0,0,0,0,0,0,0,0,0,0,0,0,0,0,0,0,4802,17172,0,0,0,0
10616.195,16133,61,0,0,0,0,0,8,80206,5,43,0,0,0,0,0,0,0,0,0,0,0,0,0,0,0,0,0,0,0,0,0,0,3463,15507,0,0,0,0
10632.814,16619,60,0,0,0,0,0,8,153981,5,43,0,0,0,0,0,0,0,0,0,0,0,0,0,0,0,0,0,0,0,0,0,0,5066,17729,0,0,0,0
10649.409,16594,60,0,0,0,0,0,8,142295,5,43,0,0,0,0,0,0,0,0,0,0,0,0,0,0,0,0,0,0,0,0,0,0,5389,17455,0,0,0,0
10665.888,16478,60,0,0,0,0,0,8,137410,5,43,0,0,0,0,0,0,0,0,0,0,0,0,0,0,0,0,0,0,0,0,0,0,4657,15352,0,0,0,0
10682.645,16757,59,0,0,0,0,0,8,142478,5,43,0,0,0,0,0,0,0,0,0,0,0,0,0,0,0,0,0,0,0,0,0,0,3264,14571,0,0,0,0
10699.300,16655,60,0,0,0,0,0,8,133372,5,43,0,0,0,0,0,0,0,0,0,0,0,0,0,0,0,0,0,0,0,0,0,0,3993,18533,0,0,0,0
10715.892,16591,60,0,0,0,0,0,8,137754,5,43,0,0,0,0,0,0,0,0,0,0,0,0,0,0,0,0,0,0,0,0,0,0,4193,15808,0,0,0,0
10732.566,16673,59,0,0,0,0,0,8,131797,5,43,0,0,0,0,0,0,0,0,0,0,0,0,0,0,0,0,0,0,0,0,0,0,3493,15905,0,0,0,0
10749.621,17055,58,0,0,0,0,0,8,135764,5,43,0,0,0,0,0,0,0,0,0,0,0,0,0,0,0,0,0,0,0,0,0,0,3513,17196,0,0,0,0
10766.297,16676,59,0,0,0,0,0,8,208938,5,43,0,0,0,0,0,0,0,0,0,0,0,0,0,0,0,0,0,0,0,0,0,0,3541,16568,0,0,0,0
10782.646,16348,61,0,0,0,0,0,8,211215,5,43,0,0,0,0,0,0,0,0,0,0,0,0,0,0,0,0,0,0,0,0,0,0,5348,19040,0,0,0,0
10799.296,16649,60,0,0,0,0,0,8,222850,5,43,0,0,0,0,0,0,0,0,0,0,0,0,0,0,0,0,0,0,0,0,0,0,5407,16881,0,0,0,0
10817.065,17769,56,0,0,0,0,0,8,74855,5,43,0,0,0,0,0,0,0,0,0,0,0,0,0,0,0,0,0,0,0,0,0,0,5322,16059,0,0,0,0
10832.598,15533,64,0,0,0,0,0,8,82895,5,43,0,0,0,0,0,0,0,0,0,0,0,0,0,0,0,0,0,0,0,0,0,0,6775,19202,0,0,0,0
10849.555,16957,58,0,0,0,0,0,8,7451,5,43,0,0,0,0,0,0,0,0,0,0,0,0,0,0,0,0,0,0,0,0,0,0,6467,15250,0,0,0,0
10866.226,16670,59,0,0,0,0,0,8,3835,5,43,0,0,0,0,0,0,0,0,0,0,0,0,0,0,0,0,0,0,0,0,0,0,7468,17964,0,0,0,0
10882.576,16349,61,0,0,0,0,0,8,6501,5,43,0,0,0,0,0,0,0,0,0,0,0,0,0,0,0,0,0,0,0,0,0,0,7440,16631,0,0,0,0
10899.605,17029,58,0,0,0,0,0,8,5934,5,43,0,0,0,0,0,0,0,0,0,0,0,0,0,0,0,0,0,0,0,0,0,0,5392,14304,0,0,0,0
11029.095,129489,7,0,0,0,0,0,8,75084,18,43,0,0,0,0,0,0,0,0,0,0,0,0,0,0,0,0,0,0,0,0,0,0,509612,139667,0,0,0,0
11042.059,12964,77,0,0,0,0,0,8,630,5,43,0,0,0,0,0,0,0,0,0,0,0,0,0,0,0,0,0,0,0,0,0,0,5593,6461,0,0,0,0
11058.061,16001,62,0,0,0,0,0,8,874,5,43,0,0,0,0,0,0,0,0,0,0,0,0,0,0,0,0,0,0,0,0,0,0,13207,14229,0,0,0,0
11075.081,17020,58,0,0,0,0,0,8,502,5,43,0,0,0,0,0,0,0,0,0,0,0,0,0,0,0,0,0,0,0,0,0,0,6996,16780,0,0,0,0
11091.054,15972,62,0,0,0,0,0,8,529,5,43,0,0,0,0,0,0,0,0,0,0,0,0,0,0,0,0,0,0,0,0,0,0,6991,16888,0,0,0,0
11107.388,16333,61,0,0,0,0,0,8,470,5,43,0,0,0,0,0,0,0,0,0,0,0,0,0,0,0,0,0,0,0,0,0,0,7360,16459,0,0,0,0
11124.697,17309,57,0,0,0,0,0,8,501,5,43,0,0,0,0,0,0,0,0,0,0,0,0,0,0,0,0,0,0,0,0,0,0,7538,16530,0,0,0,0
11141.199,16502,60,0,0,0,0,0,8,530,5,43,0,0,0,0,0,0,0,0,0,0,0,0,0,0,0,0,0,0,0,0,0,0,7769,17454,0,0,0,0
11157.746,16547,60,0,0,0,0,0,8,466,5,43,0,0,0,0,0,0,0,0,0,0,0,0,0,0,0,0,0,0,0,0,0,0,7414,16153,0,0,0,0
11174.577,16830,59,0,0,0,0,0,8,527,5,43,0,0,0,0,0,0,0,0,0,0,0,0,0,0,0,0,0,0,0,0,0,0,7612,16683,0,0,0,0
11191.168,16590,60,0,0,0,0,0,8,530,5,43,0,0,0,0,0,0,0,0,0,0,0,0,0,0,0,0,0,0,0,0,0,0,7470,16804,0,0,0,0
11208.053,16885,59,0,0,0,0,0,8,444,5,43,0,0,0,0,0,0,0,0,0,0,0,0,0,0,0,0,0,0,0,0,0,0,7572,16950,0,0,0,0
11224.200,16147,61,0,0,0,0,0,8,531,5,43,0,0,0,0,0,0,0,0,0,0,0,0,0,0,0,0,0,0,0,0,0,0,7433,16423,0,0,0,0
11241.178,16978,58,0,0,0,0,0,8,526,5,43,0,0,0,0,0,0,0,0,0,0,0,0,0,0,0,0,0,0,0,0,0,0,10433,19106,0,0,0,0
11257.786,16608,60,0,0,0,0,0,8,475,5,43,0,0,0,0,0,0,0,0,0,0,0,0,0,0,0,0,0,0,0,0,0,0,8878,15439,0,0,0,0
11275.085,17298,57,0,0,0,0,0,8,534,5,43,0,0,0,0,0,0,0,0,0,0,0,0,0,0,0,0,0,0,0,0,0,0,9013,16793,0,0,0,0
11291.170,16085,62,0,0,0,0,0,8,492,5,43,0,0,0,0,0,0,0,0,0,0,0,0,0,0,0,0,0,0,0,0,0,0,7948,16284,0,0,0,0
11307.588,16416,60,0,0,0,0,0,8,462,5,43,0,0,0,0,0,0,0,0,0,0,0,0,0,0,0,0,0,0,0,0,0,0,7888,15998,0,0,0,0
11325.063,17475,57,0,0,0,0,0,8,533,5,43,0,0,0,0,0,0,0,0,0,0,0,0,0,0,0,0,0,0,0,0,0,0,7899,16416,0,0,0,0
11341.231,16160,61,0,0,0,0,0,8,532,5,43,0,0,0,0,0,0,0,0,0,0,0,0,0,0,0,0,0,0,0,0,0,0,8052,17604,0,0,0,0
11358.191,16968,58,0,0,0,0,0,8,484,5,43,0,0,0,0,0,0,0,0,0,0,0,0,0,0,0,0,0,0,0,0,0,0,7890,15977,0,0,0,0
11374.285,16093,62,0,0,0,0,0,8,475,5,43,0,0,0,0,0,0,0,0,0,0,0,0,0,0,0,0,0,0,0,0,0,0,7971,17908,0,0,0,0
11391.226,16941,59,0,0,0,0,0,8,539,5,43,0,0,0,0,0,0,0,0,0,0,0,0,0,0,0,0,0,0,0,0,0,0,7977,15199,0,0,0,0
11407.811,16585,60,0,0,0,0,0,8,473,5,43,0,0,0,0,0,0,0,0,0,0,0,0,0,0,0,0,0,0,0,0,0,0,7886,16886,0,0,0,0
11424.173,16361,61,0,0,0,0,0,8,528,5,43,0,0,0,0,0,0,0,0,0,0,0,0,0,0,0,0,0,0,0,0,0,0,7947,16608,0,0,0,0
11441.433,17259,57,0,0,0,0,0,8,502,5,43,0,0,0,0,0,0,0,0,0,0,0,0,0,0,0,0,0,0,0,0,0,0,8087,16593,0,0,0,0
11457.736,16302,61,0,0,0,0,0,8,466,5,43,0,0,0,0,0,0,0,0,0,0,0,0,0,0,0,0,0,0,0,0,0,0,7821,16912,0,0,0,0
11474.289,16553,60,0,0,0,0,0,8,534,5,43,0,0,0,0,0,0,0,0,0,0,0,0,0,0,0,0,0,0,0,0,0,0,8202,16650,0,0,0,0
11491.368,17078,58,0,0,0,0,0,8,534,5,43,0,0,0,0,0,0,0,0,0,0,0,0,0,0,0,0,0,0,0,0,0,0,8040,16449,0,0,0,0
11508.056,16688,59,0,0,0,0,0,8,469,5,43,0,0,0,0,0,0,0,0,0,0,0,0,0,0,0,0,0,0,0,0,0,0,7903,16946,0,0,0,0
11525.072,17015,58,0,0,0,0,0,8,505,5,43,0,0,0,0,0,0,0,0,0,0,0,0,0,0,0,0,0,0,0,0,0,0,8119,16959,0,0,0,0
11541.318,16247,61,0,0,0,0,0,8,528,5,43,0,0,0,0,0,0,0,0,0,0,0,0,0,0,0,0,0,0,0,0,0,0,8115,17000,0,0,0,0
11557.870,16551,60,0,0,0,0,0,8,498,5,43,0,0,0,0,0,0,0,0,0,0,0,0,0,0,0,0,0,0,0,0,0,0,7957,16029,0,0,0,0
11575.050,17179,58,0,0,0,0,0,8,501,5,43,0,0,0,0,0,0,0,0,0,0,0,0,0,0,0,0,0,0,0,0,0,0,8089,16870,0,0,0,0
11591.079,16028,62,0,0,0,0,0,8,524,5,43,0,0,0,0,0,0,0,0,0,0,0,0,0,0,0,0,0,0,0,0,0,0,8111,17024,0,0,0,0
11607.812,16732,59,0,0,0,0,0,8,436,5,43,0,0,0,0,0,0,0,0,0,0,0,0,0,0,0,0,0,0,0,0,0,0,7916,15848,0,0,0,0
11624.184,16372,61,0,0,0,0,0,8,532,5,43,0,0,0,0,0,0,0,0,0,0,0,0,0,0,0,0,0,0,0,0,0,0,8065,16806,0,0,0,0
11641.422,17237,58,0,0,0,0,0,8,535,5,43,0,0,0,0,0,0,0,0,0,0,0,0,0,0,0,0,0,0,0,0,0,0,9011,17450,0,0,0,0
11658.578,17156,58,0,0,0,0,0,8,499,5,43,0,0,0,0,0,0,0,0,0,0,0,0,0,0,0,0,0,0,0,0,0,0,8992,17213,0,0,0,0
11674.861,16283,61,0,0,0,0,0,8,496,5,43,0,0,0,0,0,0,0,0,0,0,0,0,0,0,0,0,0,0,0,0,0,0,7906,15954,0,0,0,0
11690.625,15763,63,0,0,0,0,0,8,494,5,43,0,0,0,0,0,0,0,0,0,0,0,0,0,0,0,0,0,0,0,0,0,0,7728,16283,0,0,0,0
11707.876,17251,57,0,0,0,0,0,8,503,5,43,0,0,0,0,0,0,0,0,0,0,0,0,0,0,0,0,0,0,0,0,0,0,8749,16684,0,0,0,0
11723.826,15950,62,0,0,0,0,0,8,503,5,43,0,0,0,0,0,0,0,0,0,0,0,0,0,0,0,0,0,0,0,0,0,0,8849,17291,0,0,0,0
11740.837,17011,58,0,0,0,0,0,8,534,5,43,0,0,0,0,0,0,0,0,0,0,0,0,0,0,0,0,0,0,0,0,0,0,8771,15869,0,0,0,0
11758.049,17212,58,0,0,0,0,0,8,472,5,43,0,0,0,0,0,0,0,0,0,0,0,0,0,0,0,0,0,0,0,0,0,0,8738,17128,0,0,0,0
11774.571,16521,60,0,0,0,0,0,8,500,5,43,0,0,0,0,0,0,0,0,0,0,0,0,0,0,0,0,0,0,0,0,0,0,8856,17361,0,0,0,0
11791.240,16669,59,0,0,0,0,0,8,532,5,43,0,0,0,0,0,0,0,0,0,0,0,0,0,0,0,0,0,0,0,0,0,0,8978,16481,0,0,0,0
11807.975,16734,59,0,0,0,0,0,8,499,5,43,0,0,0,0,0,0,0,0,0,0,0,0,0,0,0,0,0,0,0,0,0,0,8782,16588,0,0,0,0
11825.049,17074,58,0,0,0,0,0,8,506,5,43,0,0,0,0,0,0,0,0,0,0,0,0,0,0,0,0,0,0,0,0,0,0,7680,15494,0,0,0,0
11841.198,16137,61,0,0,0,0,0,8,495,5,43,0,0,0,0,0,0,0,0,0,0,0,0,0,0,0,0,0,0,0,0,0,0,7788,17184,0,0,0,0
11857.714,16527,60,0,0,0,0,0,8,466,5,43,0,0,0,0,0,0,0,0,0,0,0,0,0,0,0,0,0,0,0,0,0,0,7643,16018,0,0,0,0
11874.643,16928,59,0,0,0,0,0,8,530,5,43,0,0,0,0,0,0,0,0,0,0,0,0,0,0,0,0,0,0,0,0,0,0,7823,16660,0,0,0,0
11891.186,16542,60,0,0,0,0,0,8,532,5,43,0,0,0,0,0,0,0,0,0,0,0,0,0,0,0,0,0,0,0,0,0,0,7687,16793,0,0,0,0
11908.589,17403,57,0,0,0,0,0,8,494,5,43,0,0,0,0,0,0,0,0,0,0,0,0,0,0,0,0,0,0,0,0,0,0,7632,16520,0,0,0,0
11924.185,15596,64,0,0,0,0,0,8,459,5,43,0,0,0,0,0,0,0,0,0,0,0,0,0,0,0,0,0,0,0,0,0,0,7884,17611,0,0,0,0
11941.140,16954,58,0,0,0,0,0,8,533,5,43,0,0,0,0,0,0,0,0,0,0,0,0,0,0,0,0,0,0,0,0,0,0,7761,15608,0,0,0,0
11957.798,16657,60,0,0,0,0,0,8,536,5,43,0,0,0,0,0,0,0,0,0,0,0,0,0,0,0,0,0,0,0,0,0,0,7600,16949,0,0,0,0
11974.278,16480,60,0,0,0,0,0,8,529,5,43,0,0,0,0,0,0,0,0,0,0,0,0,0,0,0,0,0,0,0,0,0,0,9261,18044,0,0,0,0
11991.233,16953,58,0,0,0,0,0,8,537,5,43,0,0,0,0,0,0,0,0,0,0,0,0,0,0,0,0,0,0,0,0,0,0,8906,16213,0,0,0,0
12008.013,16780,59,0,0,0,0,0,8,464,5,43,0,0,0,0,0,0,0,0,0,0,0,0,0,0,0,0,0,0,0,0,0,0,8764,16832,0,0,0,0
12025.047,17033,58,0,0,0,0,0,8,505,5,43,0,0,0,0,0,0,0,0,0,0,0,0,0,0,0,0,0,0,0,0,0,0,9099,17107,0,0,0,0
12041.573,16525,60,0,0,0,0,0,8,530,5,43,0,0,0,0,0,0,0,0,0,0,0,0,0,0,0,0,0,0,0,0,0,0,9280,17311,0,0,0,0
12057.508,15935,62,0,0,0,0,0,8,466,5,43,0,0,0,0,0,0,0,0,0,0,0,0,0,0,0,0,0,0,0,0,0,0,8826,15890,0,0,0,0
12074.575,17066,58,0,0,0,0,0,8,536,5,43,0,0,0,0,0,0,0,0,0,0,0,0,0,0,0,0,0,0,0,0,0,0,9106,16214,0,0,0,0
12091.050,16475,60,0,0,0,0,0,8,498,5,43,0,0,0,0,0,0,0,0,0,0,0,0,0,0,0,0,0,0,0,0,0,0,8973,17093,0,0,0,0
12107.789,16738,59,0,0,0,0,0,8,475,5,43,0,0,0,0,0,0,0,0,0,0,0,0,0,0,0,0,0,0,0,0,0,0,9065,16491,0,0,0,0
12125.047,17258,57,0,0,0,0,0,8,534,5,43,0,0,0,0,0,0,0,0,0,0,0,0,0,0,0,0,0,0,0,0,0,0,9307,17116,0,0,0,0
12141.179,16132,61,0,0,0,0,0,8,527,5,43,0,0,0,0,0,0,0,0,0,0,0,0,0,0,0,0,0,0,0,0,0,0,9227,17097,0,0,0,0
12157.477,16297,61,0,0,0,0,0,8,464,5,43,0,0,0,0,0,0,0,0,0,0,0,0,0,0,0,0,0,0,0,0,0,0,9319,17019,0,0,0,0
12174.678,17200,58,0,0,0,0,0,8,500,5,43,0,0,0,0,0,0,0,0,0,0,0,0,0,0,0,0,0,0,0,0,0,0,8062,14196,0,0,0,0
12191.181,16503,60,0,0,0,0,0,8,530,5,43,0,0,0,0,0,0,0,0,0,0,0,0,0,0,0,0,0,0,0,0,0,0,8098,17119,0,0,0,0
12207.698,16516,60,0,0,0,0,0,8,464,5,43,0,0,0,0,0,0,0,0,0,0,0,0,0,0,0,0,0,0,0,0,0,0,8139,16658,0,0,0,0
12225.101,17403,57,0,0,0,0,0,8,535,5,43,0,0,0,0,0,0,0,0,0,0,0,0,0,0,0,0,0,0,0,0,0,0,7954,16224,0,0,0,0
12241.192,16090,62,0,0,0,0,0,8,492,5,43,0,0,0,0,0,0,0,0,0,0,0,0,0,0,0,0,0,0,0,0,0,0,8065,17598,0,0,0,0
12257.927,16735,59,0,0,0,0,0,8,471,5,43,0,0,0,0,0,0,0,0,0,0,0,0,0,0,0,0,0,0,0,0,0,0,9288,17294,0,0,0,0
12275.055,17127,58,0,0,0,0,0,8,528,5,43,0,0,0,0,0,0,0,0,0,0,0,0,0,0,0,0,0,0,0,0,0,0,9294,16798,0,0,0,0
12290.472,15416,64,0,0,0,0,0,8,524,5,43,0,0,0,0,0,0,0,0,0,0,0,0,0,0,0,0,0,0,0,0,0,0,9069,16910,0,0,0,0
12307.889,17417,57,0,0,0,0,0,8,503,5,43,0,0,0,0,0,0,0,0,0,0,0,0,0,0,0,0,0,0,0,0,0,0,9089,15490,0,0,0,0
12324.607,16717,59,0,0,0,0,0,8,472,5,43,0,0,0,0,0,0,0,0,0,0,0,0,0,0,0,0,0,0,0,0,0,0,9202,17349,0,0,0,0
12341.115,16508,60,0,0,0,0,0,8,529,5,43,0,0,0,0,0,0,0,0,0,0,0,0,0,0,0,0,0,0,0,0,0,0,9279,16810,0,0,0,0
12357.996,16880,59,0,0,0,0,0,8,495,5,43,0,0,0,0,0,0,0,0,0,0,0,0,0,0,0,0,0,0,0,0,0,0,9284,16875,0,0,0,0
12375.024,17028,58,0,0,0,0,0,8,501,5,43,0,0,0,0,0,0,0,0,0,0,0,0,0,0,0,0,0,0,0,0,0,0,7862,15082,0,0,0,0
12391.221,16196,61,0,0,0,0,0,8,529,5,43,0,0,0,0,0,0,0,0,0,0,0,0,0,0,0,0,0,0,0,0,0,0,8179,17454,0,0,0,0
12408.045,16824,59,0,0,0,0,0,8,439,5,43,0,0,0,0,0,0,0,0,0,0,0,0,0,0,0,0,0,0,0,0,0,0,8010,16041,0,0,0,0
12425.046,17000,58,0,0,0,0,0,8,533,5,43,0,0,0,0,0,0,0,0,0,0,0,0,0,0,0,0,0,0,0,0,0,0,8176,16908,0,0,0,0
12441.192,16146,61,0,0,0,0,0,8,531,5,43,0,0,0,0,0,0,0,0,0,0,0,0,0,0,0,0,0,0,0,0,0,0,8188,17090,0,0,0,0
12457.723,16531,60,0,0,0,0,0,8,465,5,43,0,0,0,0,0,0,0,0,0,0,0,0,0,0,0,0,0,0,0,0,0,0,8132,16086,0,0,0,0
12475.049,17326,57,0,0,0,0,0,8,528,5,43,0,0,0,0,0,0,0,0,0,0,0,0,0,0,0,0,0,0,0,0,0,0,7943,16246,0,0,0,0
12491.013,15963,62,0,0,0,0,0,8,503,5,43,0,0,0,0,0,0,0,0,0,0,0,0,0,0,0,0,0,0,0,0,0,0,8080,17564,0,0,0,0
12508.052,17038,58,0,0,0,0,0,8,473,5,43,0,0,0,0,0,0,0,0,0,0,0,0,0,0,0,0,0,0,0,0,0,0,8048,15809,0,0,0,0
12525.049,16996,58,0,0,0,0,0,8,528,5,43,0,0,0,0,0,0,0,0,0,0,0,0,0,0,0,0,0,0,0,0,0,0,8096,17203,0,0,0,0
12541.077,16028,62,0,0,0,0,0,8,530,5,43,0,0,0,0,0,0,0,0,0,0,0,0,0,0,0,0,0,0,0,0,0,0,8110,16946,0,0,0,0
12557.855,16778,59,0,0,0,0,0,8,483,5,43,0,0,0,0,0,0,0,0,0,0,0,0,0,0,0,0,0,0,0,0,0,0,8123,16124,0,0,0,0
12575.053,17197,58,0,0,0,0,0,8,487,5,43,0,0,0,0,0,0,0,0,0,0,0,0,0,0,0,0,0,0,0,0,0,0,8215,16757,0,0,0,0
12591.202,16149,61,0,0,0,0,0,8,531,5,43,0,0,0,0,0,0,0,0,0,0,0,0,0,0,0,0,0,0,0,0,0,0,8124,17195,0,0,0,0
12608.048,16845,59,0,0,0,0,0,8,468,5,43,0,0,0,0,0,0,0,0,0,0,0,0,0,0,0,0,0,0,0,0,0,0,7910,15872,0,0,0,0
12624.556,16507,60,0,0,0,0,0,8,522,5,43,0,0,0,0,0,0,0,0,0,0,0,0,0,0,0,0,0,0,0,0,0,0,8144,17149,0,0,0,0
12641.452,16896,59,0,0,0,0,0,8,507,5,43,0,0,0,0,0,0,0,0,0,0,0,0,0,0,0,0,0,0,0,0,0,0,9277,17657,0,0,0,0
12657.772,16320,61,0,0,0,0,0,8,461,5,43,0,0,0,0,0,0,0,0,0,0,0,0,0,0,0,0,0,0,0,0,0,0,9434,17525,0,0,0,0
12674.584,16811,59,0,0,0,0,0,8,529,5,43,0,0,0,0,0,0,0,0,0,0,0,0,0,0,0,0,0,0,0,0,0,0,7472,13809,0,0,0,0
12691.178,16594,60,0,0,0,0,0,8,529,5,43,0,0,0,0,0,0,0,0,0,0,0,0,0,0,0,0,0,0,0,0,0,0,2536,11817,0,0,0,0
12707.165,15987,62,0,0,0,0,0,8,61877,5,44,0,0,0,0,0,0,0,0,0,0,0,0,0,0,0,0,0,0,0,0,0,0,737,14895,0,0,0,0
12724.691,17526,57,0,0,0,0,0,8,70039,5,44,0,0,0,0,0,0,0,0,0,0,0,0,0,0,0,0,0,0,0,0,0,0,206,15360,0,0,0,0
12741.075,16383,61,0,0,0,0,0,8,6526,5,44,0,0,0,0,0,0,0,0,0,0,0,0,0,0,0,0,0,0,0,0,0,0,220,17882,0,0,0,0
12757.564,16489,60,0,0,0,0,0,8,6722,5,44,0,0,0,0,0,0,0,0,0,0,0,0,0,0,0,0,0,0,0,0,0,0,231,16127,0,0,0,0
12774.577,17012,58,0,0,0,0,0,8,6977,5,44,0,0,0,0,0,0,0,0,0,0,0,0,0,0,0,0,0,0,0,0,0,0,232,16445,0,0,0,0
12791.495,16917,59,0,0,0,0,0,8,6936,5,44,0,0,0,0,0,0,0,0,0,0,0,0,0,0,0,0,0,0,0,0,0,0,213,17043,0,0,0,0
12807.603,16108,62,0,0,0,0,0,8,6543,5,44,0,0,0,0,0,0,0,0,0,0,0,0,0,0,0,0,0,0,0,0,0,0,233,16941,0,0,0,0
12825.050,17447,57,0,0,0,0,0,8,7142,5,44,0,0,0,0,0,0,0,0,0,0,0,0,0,0,0,0,0,0,0,0,0,0,216,16095,0,0,0,0
12841.178,16128,62,0,0,0,0,0,8,6643,5,44,0,0,0,0,0,0,0,0,0,0,0,0,0,0,0,0,0,0,0,0,0,0,224,17419,0,0,0,0
12858.178,16999,58,0,0,0,0,0,8,6929,5,44,0,0,0,0,0,0,0,0,0,0,0,0,0,0,0,0,0,0,0,0,0,0,221,16129,0,0,0,0
12874.620,16442,60,0,0,0,0,0,8,6733,5,44,0,0,0,0,0,0,0,0,0,0,0,0,0,0,0,0,0,0,0,0,0,0,225,17001,0,0,0,0
12891.312,16692,59,0,0,0,0,0,8,6805,5,44,0,0,0,0,0,0,0,0,0,0,0,0,0,0,0,0,0,0,0,0,0,0,221,16325,0,0,0,0
12907.388,16075,62,0,0,0,0,0,8,6557,5,44,0,0,0,0,0,0,0,0,0,0,0,0,0,0,0,0,0,0,0,0,0,0,207,16714,0,0,0,0
12924.131,16743,59,0,0,0,0,0,8,6865,5,44,0,0,0,0,0,0,0,0,0,0,0,0,0,0,0,0,0,0,0,0,0,0,219,16129,0,0,0,0
12940.689,16558,60,0,0,0,0,0,8,6803,5,44,0,0,0,0,0,0,0,0,0,0,0,0,0,0,0,0,0,0,0,0,0,0,213,16778,0,0,0,0
12958.045,17350,57,0,0,0,0,0,8,7049,5,44,0,0,0,0,0,0,0,0,0,0,0,0,0,0,0,0,0,0,0,0,0,0,210,16863,0,0,0,0
12974.549,16509,60,0,0,0,0,0,8,6748,5,44,0,0,0,0,0,0,0,0,0,0,0,0,0,0,0,0,0,0,0,0,0,0,238,17074,0,0,0,0
12991.220,16670,59,0,0,0,0,0,8,5351,5,44,0,0,0,0,0,0,0,0,0,0,0,0,0,0,0,0,0,0,0,0,0,0,220,16580,0,0,0,0
13007.639,16418,60,0,0,0,0,0,8,2888,5,44,0,0,0,0,0,0,0,0,0,0,0,0,0,0,0,0,0,0,0,0,0,0,229,16583,0,0,0,0
13024.565,16926,59,0,0,0,0,0,8,3257,5,44,0,0,0,0,0,0,0,0,0,0,0,0,0,0,0,0,0,0,0,0,0,0,212,16367,0,0,0,0
13041.172,16606,60,0,0,0,0,0,8,2961,5,44,0,0,0,0,0,0,0,0,0,0,0,0,0,0,0,0,0,0,0,0,0,0,230,16913,0,0,0,0
13057.798,16625,60,0,0,0,0,0,8,3133,5,44,0,0,0,0,0,0,0,0,0,0,0,0,0,0,0,0,0,0,0,0,0,0,223,16676,0,0,0,0
13075.039,17241,57,0,0,0,0,0,8,3099,5,44,0,0,0,0,0,0,0,0,0,0,0,0,0,0,0,0,0,0,0,0,0,0,226,16590,0,0,0,0
13091.171,16132,61,0,0,0,0,0,8,3133,5,44,0,0,0,0,0,0,0,0,0,0,0,0,0,0,0,0,0,0,0,0,0,0,233,17272,0,0,0,0
13108.079,16907,59,0,0,0,0,0,8,2984,5,44,0,0,0,0,0,0,0,0,0,0,0,0,0,0,0,0,0,0,0,0,0,0,255,16201,0,0,0,0
13124.568,16489,60,0,0,0,0,0,8,2270,5,44,0,0,0,0,0,0,0,0,0,0,0,0,0,0,0,0,0,0,0,0,0,0,241,16800,0,0,0,0
13141.047,16479,60,0,0,0,0,0,8,28161,5,45,0,0,0,0,0,0,0,0,0,0,0,0,0,0,0,0,0,0,0,0,0,0,4016,20337,0,0,0,0
13158.174,17126,58,0,0,0,0,0,8,54927,5,45,0,0,0,0,0,0,0,0,0,0,0,0,0,0,0,0,0,0,0,0,0,0,211,12665,0,0,0,0
13174.629,16455,60,0,0,0,0,0,8,65325,5,45,0,0,0,0,0,0,0,0,0,0,0,0,0,0,0,0,0,0,0,0,0,0,0,0,0,0,0,0
13290.371,115742,8,0,0,0,0,0,8,505419,16,45,0,0,0,0,0,0,0,0,0,0,0,0,0,0,0,0,0,0,0,0,0,0,130412,147677,0,0,0,0
13300.061,9689,103,0,0,0,0,0,8,774,5,45,0,0,0,0,0,0,0,0,0,0,0,0,0,0,0,0,0,0,0,0,0,0,168,954,0,0,0,0
13315.703,15641,63,0,0,0,0,0,8,460,5,45,0,0,0,0,0,0,0,0,0,0,0,0,0,0,0,0,0,0,0,0,0,0,181,10284,0,0,0,0
13332.613,16910,59,0,0,0,0,0,8,531,5,45,0,0,0,0,0,0,0,0,0,0,0,0,0,0,0,0,0,0,0,0,0,0,220,15741,0,0,0,0
13349.111,16498,60,0,0,0,0,0,8,526,5,45,0,0,0,0,0,0,0,0,0,0,0,0,0,0,0,0,0,0,0,0,0,0,224,16891,0,0,0,0
13366.175,17063,58,0,0,0,0,0,8,435,5,45,0,0,0,0,0,0,0,0,0,0,0,0,0,0,0,0,0,0,0,0,0,0,231,16630,0,0,0,0
13383.222,17046,58,0,0,0,0,0,8,521,5,45,0,0,0,0,0,0,0,0,0,0,0,0,0,0,0,0,0,0,0,0,0,0,236,17763,0,0,0,0
13399.705,16482,60,0,0,0,0,0,8,524,5,45,0,0,0,0,0,0,0,0,0,0,0,0,0,0,0,0,0,0,0,0,0,0,237,16286,0,0,0,0
13416.942,17234,58,0,0,0,0,0,8,467,5,45,0,0,0,0,0,0,0,0,0,0,0,0,0,0,0,0,0,0,0,0,0,0,207,16511,0,0,0,0
13432.769,15829,63,0,0,0,0,0,8,522,5,45,0,0,0,0,0,0,0,0,0,0,0,0,0,0,0,0,0,0,0,0,0,0,224,17168,0,0,0,0
13449.601,16832,59,0,0,0,0,0,8,500,5,45,0,0,0,0,0,0,0,0,0,0,0,0,0,0,0,0,0,0,0,0,0,0,238,15710,0,0,0,0
13466.174,16573,60,0,0,0,0,0,8,465,5,45,0,0,0,0,0,0,0,0,0,0,0,0,0,0,0,0,0,0,0,0,0,0,235,16965,0,0,0,0
13483.100,16925,59,0,0,0,0,0,8,526,5,45,0,0,0,0,0,0,0,0,0,0,0,0,0,0,0,0,0,0,0,0,0,0,235,17374,0,0,0,0
13499.558,16457,60,0,0,0,0,0,8,500,5,45,0,0,0,0,0,0,0,0,0,0,0,0,0,0,0,0,0,0,0,0,0,0,212,16124,0,0,0,0
13516.166,16608,60,0,0,0,0,0,8,490,5,45,0,0,0,0,0,0,0,0,0,0,0,0,0,0,0,0,0,0,0,0,0,0,227,16853,0,0,0,0
13533.035,16868,59,0,0,0,0,0,8,493,5,45,0,0,0,0,0,0,0,0,0,0,0,0,0,0,0,0,0,0,0,0,0,0,233,17006,0,0,0,0
13549.550,16514,60,0,0,0,0,0,8,504,5,45,0,0,0,0,0,0,0,0,0,0,0,0,0,0,0,0,0,0,0,0,0,0,218,16053,0,0,0,0
13566.174,16624,60,0,0,0,0,0,8,486,5,45,0,0,0,0,0,0,0,0,0,0,0,0,0,0,0,0,0,0,0,0,0,0,216,16508,0,0,0,0
13582.733,16558,60,0,0,0,0,0,8,528,5,45,0,0,0,0,0,0,0,0,0,0,0,0,0,0,0,0,0,0,0,0,0,0,248,17461,0,0,0,0
13599.612,16878,59,0,0,0,0,0,8,499,5,45,0,0,0,0,0,0,0,0,0,0,0,0,0,0,0,0,0,0,0,0,0,0,239,15720,0,0,0,0
13617.034,17422,57,0,0,0,0,0,8,469,5,45,0,0,0,0,0,0,0,0,0,0,0,0,0,0,0,0,0,0,0,0,0,0,208,16820,0,0,0,0
13632.795,15760,63,0,0,0,0,0,8,522,5,45,0,0,0,0,0,0,0,0,0,0,0,0,0,0,0,0,0,0,0,0,0,0,226,17399,0,0,0,0
13649.606,16810,59,0,0,0,0,0,8,527,5,45,0,0,0,0,0,0,0,0,0,0,0,0,0,0,0,0,0,0,0,0,0,0,225,15804,0,0,0,0
13665.925,16319,61,0,0,0,0,0,8,464,5,45,0,0,0,0,0,0,0,0,0,0,0,0,0,0,0,0,0,0,0,0,0,0,215,16828,0,0,0,0
13682.609,16683,59,0,0,0,0,0,8,497,5,45,0,0,0,0,0,0,0,0,0,0,0,0,0,0,0,0,0,0,0,0,0,0,232,16297,0,0,0,0
13700.035,17426,57,0,0,0,0,0,8,530,5,45,0,0,0,0,0,0,0,0,0,0,0,0,0,0,0,0,0,0,0,0,0,0,242,16709,0,0,0,0
13716.170,16134,61,0,0,0,0,0,8,460,5,45,0,0,0,0,0,0,0,0,0,0,0,0,0,0,0,0,0,0,0,0,0,0,225,17437,0,0,0,0
13732.550,16370,61,0,0,0,0,0,8,522,5,45,0,0,0,0,0,0,0,0,0,0,0,0,0,0,0,0,0,0,0,0,0,0,230,17025,0,0,0,0
13749.547,17007,58,0,0,0,0,0,8,503,5,45,0,0,0,0,0,0,0,0,0,0,0,0,0,0,0,0,0,0,0,0,0,0,213,15496,0,0,0,0
13766.407,16859,59,0,0,0,0,0,8,457,5,45,0,0,0,0,0,0,0,0,0,0,0,0,0,0,0,0,0,0,0,0,0,0,227,17424,0,0,0,0
13782.257,15850,63,0,0,0,0,0,8,524,5,45,0,0,0,0,0,0,0,0,0,0,0,0,0,0,0,0,0,0,0,0,0,0,228,16415,0,0,0,0
13800.045,17788,56,0,0,0,0,0,8,529,5,45,0,0,0,0,0,0,0,0,0,0,0,0,0,0,0,0,0,0,0,0,0,0,231,15738,0,0,0,0
13815.875,15830,63,0,0,0,0,0,8,458,5,45,0,0,0,0,0,0,0,0,0,0,0,0,0,0,0,0,0,0,0,0,0,0,244,17932,0,0,0,0
13832.539,16663,60,0,0,0,0,0,8,525,5,45,0,0,0,0,0,0,0,0,0,0,0,0,0,0,0,0,0,0,0,0,0,0,227,15812,0,0,0,0
13850.034,17495,57,0,0,0,0,0,8,503,5,45,0,0,0,0,0,0,0,0,0,0,0,0,0,0,0,0,0,0,0,0,0,0,228,16689,0,0,0,0
13867.035,17001,58,0,0,0,0,0,8,465,5,45,0,0,0,0,0,0,0,0,0,0,0,0,0,0,0,0,0,0,0,0,0,0,215,16422,0,0,0,0
13882.157,15122,66,0,0,0,0,0,8,521,5,45,0,0,0,0,0,0,0,0,0,0,0,0,0,0,0,0,0,0,0,0,0,0,236,18052,0,0,0,0
13899.586,17429,57,0,0,0,0,0,8,521,5,45,0,0,0,0,0,0,0,0,0,0,0,0,0,0,0,0,0,0,0,0,0,0,186,15000,0,0,0,0
13917.036,17450,57,0,0,0,0,0,8,469,5,45,0,0,0,0,0,0,0,0,0,0,0,0,0,0,0,0,0,0,0,0,0,0,231,17526,0,0,0,0
13932.552,15515,64,0,0,0,0,0,8,486,5,45,0,0,0,0,0,0,0,0,0,0,0,0,0,0,0,0,0,0,0,0,0,0,248,17488,0,0,0,0
13949.586,17033,58,0,0,0,0,0,8,545,5,45,0,0,0,0,0,0,0,0,0,0,0,0,0,0,0,0,0,0,0,0,0,0,217,15704,0,0,0,0
13966.164,16578,60,0,0,0,0,0,8,463,5,45,0,0,0,0,0,0,0,0,0,0,0,0,0,0,0,0,0,0,0,0,0,0,229,16860,0,0,0,0
13982.621,16456,60,0,0,0,0,0,8,527,5,45,0,0,0,0,0,0,0,0,0,0,0,0,0,0,0,0,0,0,0,0,0,0,232,17374,0,0,0,0
13999.545,16924,59,0,0,0,0,0,8,480,5,45,0,0,0,0,0,0,0,0,0,0,0,0,0,0,0,0,0,0,0,0,0,0,207,15613,0,0,0,0
14016.140,16594,60,0,0,0,0,0,8,484,5,45,0,0,0,0,0,0,0,0,0,0,0,0,0,0,0,0,0,0,0,0,0,0,254,16957,0,0,0,0
14032.116,15976,62,0,0,0,0,0,8,526,5,45,0,0,0,0,0,0,0,0,0,0,0,0,0,0,0,0,0,0,0,0,0,0,251,16603,0,0,0,0
14049.176,17060,58,0,0,0,0,0,8,505,5,45,0,0,0,0,0,0,0,0,0,0,0,0,0,0,0,0,0,0,0,0,0,0,235,15989,0,0,0,0
14066.140,16964,58,0,0,0,0,0,8,482,5,45,0,0,0,0,0,0,0,0,0,0,0,0,0,0,0,0,0,0,0,0,0,0,238,17820,0,0,0,0
14082.664,16523,60,0,0,0,0,0,8,498,5,45,0,0,0,0,0,0,0,0,0,0,0,0,0,0,0,0,0,0,0,0,0,0,229,16134,0,0,0,0
14099.550,16886,59,0,0,0,0,0,8,506,5,45,0,0,0,0,0,0,0,0,0,0,0,0,0,0,0,0,0,0,0,0,0,0,240,16530,0,0,0,0
14117.034,17484,57,0,0,0,0,0,8,485,5,45,0,0,0,0,0,0,0,0,0,0,0,0,0,0,0,0,0,0,0,0,0,0,225,17311,0,0,0,0
14132.632,15598,64,0,0,0,0,0,8,525,5,45,0,0,0,0,0,0,0,0,0,0,0,0,0,0,0,0,0,0,0,0,0,0,220,16982,0,0,0,0
14149.597,16965,58,0,0,0,0,0,8,531,5,45,0,0,0,0,0,0,0,0,0,0,0,0,0,0,0,0,0,0,0,0,0,0,228,15659,0,0,0,0
14166.203,16605,60,0,0,0,0,0,8,426,5,45,0,0,0,0,0,0,0,0,0,0,0,0,0,0,0,0,0,0,0,0,0,0,225,17356,0,0,0,0
14182.745,16542,60,0,0,0,0,0,8,523,5,45,0,0,0,0,0,0,0,0,0,0,0,0,0,0,0,0,0,0,0,0,0,0,232,17028,0,0,0,0
14199.177,16432,60,0,0,0,0,0,8,509,5,45,0,0,0,0,0,0,0,0,0,0,0,0,0,0,0,0,0,0,0,0,0,0,225,15734,0,0,0,0
14216.048,16870,59,0,0,0,0,0,8,482,5,45,0,0,0,0,0,0,0,0,0,0,0,0,0,0,0,0,0,0,0,0,0,0,239,17258,0,0,0,0
14232.603,16555,60,0,0,0,0,0,8,521,5,45,0,0,0,0,0,0,0,0,0,0,0,0,0,0,0,0,0,0,0,0,0,0,260,16636,0,0,0,0
14250.026,17422,57,0,0,0,0,0,8,496,5,45,0,0,0,0,0,0,0,0,0,0,0,0,0,0,0,0,0,0,0,0,0,0,228,16017,0,0,0,0
14266.719,16692,59,0,0,0,0,0,8,464,5,45,0,0,0,0,0,0,0,0,0,0,0,0,0,0,0,0,0,0,0,0,0,0,232,17398,0,0,0,0
14282.678,15959,62,0,0,0,0,0,8,521,5,45,0,0,0,0,0,0,0,0,0,0,0,0,0,0,0,0,0,0,0,0,0,0,235,16705,0,0,0,0
14299.479,16801,59,0,0,0,0,0,8,529,5,45,0,0,0,0,0,0,0,0,0,0,0,0,0,0,0,0,0,0,0,0,0,0,218,15908,0,0,0,0
14316.086,16607,60,0,0,0,0,0,8,460,5,45,0,0,0,0,0,0,0,0,0,0,0,0,0,0,0,0,0,0,0,0,0,0,226,16830,0,0,0,0
14332.268,16182,61,0,0,0,0,0,8,488,5,45,0,0,0,0,0,0,0,0,0,0,0,0,0,0,0,0,0,0,0,0,0,0,230,16638,0,0,0,0
14349.068,16799,59,0,0,0,0,0,8,501,5,45,0,0,0,0,0,0,0,0,0,0,0,0,0,0,0,0,0,0,0,0,0,0,214,16343,0,0,0,0
14367.027,17958,55,0,0,0,0,0,8,496,5,45,0,0,0,0,0,0,0,0,0,0,0,0,0,0,0,0,0,0,0,0,0,0,228,16607,0,0,0,0
14382.618,15591,64,0,0,0,0,0,8,517,5,45,0,0,0,0,0,0,0,0,0,0,0,0,0,0,0,0,0,0,0,0,0,0,230,17956,0,0,0,0
14399.689,17071,58,0,0,0,0,0,8,498,5,45,0,0,0,0,0,0,0,0,0,0,0,0,0,0,0,0,0,0,0,0,0,0,230,15588,0,0,0,0
14417.025,17336,57,0,0,0,0,0,8,463,5,45,0,0,0,0,0,0,0,0,0,0,0,0,0,0,0,0,0,0,0,0,0,0,233,17358,0,0,0,0
14432.612,15586,64,0,0,0,0,0,8,525,5,45,0,0,0,0,0,0,0,0,0,0,0,0,0,0,0,0,0,0,0,0,0,0,274,17097,0,0,0,0
14449.218,16606,60,0,0,0,0,0,8,527,5,45,0,0,0,0,0,0,0,0,0,0,0,0,0,0,0,0,0,0,0,0,0,0,262,15567,0,0,0,0
14466.062,16844,59,0,0,0,0,0,8,466,5,45,0,0,0,0,0,0,0,0,0,0,0,0,0,0,0,0,0,0,0,0,0,0,232,16845,0,0,0,0
14482.631,16569,60,0,0,0,0,0,8,489,5,45,0,0,0,0,0,0,0,0,0,0,0,0,0,0,0,0,0,0,0,0,0,0,219,16618,0,0,0,0
14499.172,16540,60,0,0,0,0,0,8,510,5,45,0,0,0,0,0,0,0,0,0,0,0,0,0,0,0,0,0,0,0,0,0,0,230,16517,0,0,0,0
14517.049,17877,55,0,0,0,0,0,8,485,5,45,0,0,0,0,0,0,0,0,0,0,0,0,0,0,0,0,0,0,0,0,0,0,238,17356,0,0,0,0
14532.779,15729,63,0,0,0,0,0,8,520,5,45,0,0,0,0,0,0,0,0,0,0,0,0,0,0,0,0,0,0,0,0,0,0,235,17086,0,0,0,0
14549.688,16909,59,0,0,0,0,0,8,529,5,45,0,0,0,0,0,0,0,0,0,0,0,0,0,0,0,0,0,0,0,0,0,0,231,15694,0,0,0,0
14566.160,16472,60,0,0,0,0,0,8,435,5,45,0,0,0,0,0,0,0,0,0,0,0,0,0,0,0,0,0,0,0,0,0,0,234,16898,0,0,0,0
14582.538,16377,61,0,0,0,0,0,8,521,5,45,0,0,0,0,0,0,0,0,0,0,0,0,0,0,0,0,0,0,0,0,0,0,228,16486,0,0,0,0
14599.580,17042,58,0,0,0,0,0,8,525,5,45,0,0,0,0,0,0,0,0,0,0,0,0,0,0,0,0,0,0,0,0,0,0,219,16406,0,0,0,0
14617.027,17446,57,0,0,0,0,0,8,464,5,45,0,0,0,0,0,0,0,0,0,0,0,0,0,0,0,0,0,0,0,0,0,0,217,17081,0,0,0,0
14632.755,15728,63,0,0,0,0,0,8,526,5,45,0,0,0,0,0,0,0,0,0,0,0,0,0,0,0,0,0,0,0,0,0,0,226,17435,0,0,0,0
14650.035,17280,57,0,0,0,0,0,8,493,5,45,0,0,0,0,0,0,0,0,0,0,0,0,0,0,0,0,0,0,0,0,0,0,229,15917,0,0,0,0
14667.030,16994,58,0,0,0,0,0,8,466,5,45,0,0,0,0,0,0,0,0,0,0,0,0,0,0,0,0,0,0,0,0,0,0,229,17061,0,0,0,0
14683.032,16002,62,0,0,0,0,0,8,523,5,45,0,0,0,0,0,0,0,0,0,0,0,0,0,0,0,0,0,0,0,0,0,0,240,16996,0,0,0,0
14699.540,16507,60,0,0,0,0,0,8,495,5,45,0,0,0,0,0,0,0,0,0,0,0,0,0,0,0,0,0,0,0,0,0,0,221,15997,0,0,0,0
14717.028,17487,57,0,0,0,0,0,8,491,5,45,0,0,0,0,0,0,0,0,0,0,0,0,0,0,0,0,0,0,0,0,0,0,236,16942,0,0,0,0
14732.628,15600,64,0,0,0,0,0,8,488,5,45,0,0,0,0,0,0,0,0,0,0,0,0,0,0,0,0,0,0,0,0,0,0,226,17040,0,0,0,0
14750.029,17400,57,0,0,0,0,0,8,524,5,45,0,0,0,0,0,0,0,0,0,0,0,0,0,0,0,0,0,0,0,0,0,0,219,15955,0,0,0,0
14765.714,15685,63,0,0,0,0,0,8,462,5,45,0,0,0,0,0,0,0,0,0,0,0,0,0,0,0,0,0,0,0,0,0,0,238,17087,0,0,0,0
14782.607,16892,59,0,0,0,0,0,8,526,5,45,0,0,0,0,0,0,0,0,0,0,0,0,0,0,0,0,0,0,0,0,0,0,230,15923,0,0,0,0
14799.676,17068,58,0,0,0,0,0,8,497,5,45,0,0,0,0,0,0,0,0,0,0,0,0,0,0,0,0,0,0,0,0,0,0,217,16593,0,0,0,0
14816.539,16863,59,0,0,0,0,0,8,462,5,45,0,0,0,0,0,0,0,0,0,0,0,0,0,0,0,0,0,0,0,0,0,0,232,17393,0,0,0,0
14832.606,16067,62,0,0,0,0,0,8,526,5,45,0,0,0,0,0,0,0,0,0,0,0,0,0,0,0,0,0,0,0,0,0,0,246,16986,0,0,0,0
14849.560,16954,58,0,0,0,0,0,8,499,5,45,0,0,0,0,0,0,0,0,0,0,0,0,0,0,0,0,0,0,0,0,0,0,237,15681,0,0,0,0
14866.201,16640,60,0,0,0,0,0,8,494,5,45,0,0,0,0,0,0,0,0,0,0,0,0,0,0,0,0,0,0,0,0,0,0,226,17325,0,0,0,0
14882.632,16431,60,0,0,0,0,0,8,492,5,45,0,0,0,0,0,0,0,0,0,0,0,0,0,0,0,0,0,0,0,0,0,0,235,17032,0,0,0,0
14899.561,16929,59,0,0,0,0,0,8,529,5,45,0,0,0,0,0,0,0,0,0,0,0,0,0,0,0,0,0,0,0,0,0,0,204,15505,0,0,0,0
14915.852,16290,61,0,0,0,0,0,8,464,5,45,0,0,0,0,0,0,0,0,0,0,0,0,0,0,0,0,0,0,0,0,0,0,226,17086,0,0,0,0
14932.607,16755,59,0,0,0,0,0,8,527,5,45,0,0,0,0,0,0,0,0,0,0,0,0,0,0,0,0,0,0,0,0,0,0,237,16236,0,0,0,0
14949.551,16944,59,0,0,0,0,0,8,530,5,45,0,0,0,0,0,0,0,0,0,0,0,0,0,0,0,0,0,0,0,0,0,0,212,16743,0,0,0,0
14966.160,16608,60,0,0,0,0,0,8,437,5,45,0,0,0,0,0,0,0,0,0,0,0,0,0,0,0,0,0,0,0,0,0,0,229,17038,0,0,0,0
14982.608,16448,60,0,0,0,0,0,8,525,5,45,0,0,0,0,0,0,0,0,0,0,0,0,0,0,0,0,0,0,0,0,0,0,225,16513,0,0,0,0
14999.673,17065,58,0,0,0,0,0,8,530,5,45,0,0,0,0,0,0,0,0,0,0,0,0,0,0,0,0,0,0,0,0,0,0,225,16453,0,0,0,0
15017.039,17365,57,0,0,0,0,0,8,467,5,45,0,0,0,0,0,0,0,0,0,0,0,0,0,0,0,0,0,0,0,0,0,0,228,17390,0,0,0,0
15032.875,15836,63,0,0,0,0,0,8,518,5,45,0,0,0,0,0,0,0,0,0,0,0,0,0,0,0,0,0,0,0,0,0,0,234,17085,0,0,0,0
15049.598,16723,59,0,0,0,0,0,8,494,5,45,0,0,0,0,0,0,0,0,0,0,0,0,0,0,0,0,0,0,0,0,0,0,252,15852,0,0,0,0
15066.163,16564,60,0,0,0,0,0,8,465,5,45,0,0,0,0,0,0,0,0,0,0,0,0,0,0,0,0,0,0,0,0,0,0,226,16738,0,0,0,0
15082.531,16368,61,0,0,0,0,0,8,524,5,45,0,0,0,0,0,0,0,0,0,0,0,0,0,0,0,0,0,0,0,0,0,0,241,17356,0,0,0,0
15099.187,16656,60,0,0,0,0,0,8,527,5,45,0,0,0,0,0,0,0,0,0,0,0,0,0,0,0,0,0,0,0,0,0,0,237,15553,0,0,0,0
15116.157,16969,58,0,0,0,0,0,8,468,5,45,0,0,0,0,0,0,0,0,0,0,0,0,0,0,0,0,0,0,0,0,0,0,220,16926,0,0,0,0
15132.742,16585,60,0,0,0,0,0,8,488,5,45,0,0,0,0,0,0,0,0,0,0,0,0,0,0,0,0,0,0,0,0,0,0,234,17492,0,0,0,0
15149.675,16933,59,0,0,0,0,0,8,530,5,45,0,0,0,0,0,0,0,0,0,0,0,0,0,0,0,0,0,0,0,0,0,0,208,15639,0,0,0,0
15165.815,16140,61,0,0,0,0,0,8,465,5,45,0,0,0,0,0,0,0,0,0,0,0,0,0,0,0,0,0,0,0,0,0,0,230,17035,0,0,0,0
15182.598,16782,59,0,0,0,0,0,8,527,5,45,0,0,0,0,0,0,0,0,0,0,0,0,0,0,0,0,0,0,0,0,0,0,225,16140,0,0,0,0
15199.565,16967,58,0,0,0,0,0,8,502,5,45,0,0,0,0,0,0,0,0,0,0,0,0,0,0,0,0,0,0,0,0,0,0,225,16797,0,0,0,0
15216.113,16547,60,0,0,0,0,0,8,461,5,45,0,0,0,0,0,0,0,0,0,0,0,0,0,0,0,0,0,0,0,0,0,0,234,16975,0,0,0,0
15232.618,16505,60,0,0,0,0,0,8,523,5,45,0,0,0,0,0,0,0,0,0,0,0,0,0,0,0,0,0,0,0,0,0,0,223,16527,0,0,0,0
15249.593,16975,58,0,0,0,0,0,8,530,5,45,0,0,0,0,0,0,0,0,0,0,0,0,0,0,0,0,0,0,0,0,0,0,240,16515,0,0,0,0
15265.836,16243,61,0,0,0,0,0,8,465,5,45,0,0,0,0,0,0,0,0,0,0,0,0,0,0,0,0,0,0,0,0,0,0,244,17017,0,0,0,0
15282.546,16698,59,0,0,0,0,0,8,493,5,45,0,0,0,0,0,0,0,0,0,0,0,0,0,0,0,0,0,0,0,0,0,0,217,16115,0,0,0,0
15299.625,17090,58,0,0,0,0,0,8,526,5,45,0,0,0,0,0,0,0,0,0,0,0,0,0,0,0,0,0,0,0,0,0,0,225,16805,0,0,0,0
15316.156,16531,60,0,0,0,0,0,8,461,5,45,0,0,0,0,0,0,0,0,0,0,0,0,0,0,0,0,0,0,0,0,0,0,225,17423,0,0,0,0
15332.668,16511,60,0,0,0,0,0,8,523,5,45,0,0,0,0,0,0,0,0,0,0,0,0,0,0,0,0,0,0,0,0,0,0,236,17033,0,0,0,0
15349.529,16860,59,0,0,0,0,0,8,496,5,45,0,0,0,0,0,0,0,0,0,0,0,0,0,0,0,0,0,0,0,0,0,0,210,15527,0,0,0,0
15366.245,16716,59,0,0,0,0,0,8,469,5,45,0,0,0,0,0,0,0,0,0,0,0,0,0,0,0,0,0,0,0,0,0,0,214,17439,0,0,0,0
15382.629,16384,61,0,0,0,0,0,8,517,5,45,0,0,0,0,0,0,0,0,0,0,0,0,0,0,0,0,0,0,0,0,0,0,232,17004,0,0,0,0
15399.162,16532,60,0,0,0,0,0,8,509,5,45,0,0,0,0,0,0,0,0,0,0,0,0,0,0,0,0,0,0,0,0,0,0,234,15650,0,0,0,0
15417.038,17876,55,0,0,0,0,0,8,491,5,45,0,0,0,0,0,0,0,0,0,0,0,0,0,0,0,0,0,0,0,0,0,0,237,17350,0,0,0,0
15432.678,15640,63,0,0,0,0,0,8,520,5,45,0,0,0,0,0,0,0,0,0,0,0,0,0,0,0,0,0,0,0,0,0,0,224,17055,0,0,0,0
15449.563,16884,59,0,0,0,0,0,8,463,5,45,0,0,0,0,0,0,0,0,0,0,0,0,0,0,0,0,0,0,0,0,0,0,267,16001,0,0,0,0
15467.021,17457,57,0,0,0,0,0,8,487,5,45,0,0,0,0,0,0,0,0,0,0,0,0,0,0,0,0,0,0,0,0,0,0,220,16922,0,0,0,0
15483.019,15997,62,0,0,0,0,0,8,524,5,45,0,0,0,0,0,0,0,0,0,0,0,0,0,0,0,0,0,0,0,0,0,0,226,17046,0,0,0,0
15499.528,16509,60,0,0,0,0,0,8,493,5,45,0,0,0,0,0,0,0,0,0,0,0,0,0,0,0,0,0,0,0,0,0,0,219,16027,0,0,0,0
15516.222,16693,59,0,0,0,0,0,8,496,5,45,0,0,0,0,0,0,0,0,0,0,0,0,0,0,0,0,0,0,0,0,0,0,222,16924,0,0,0,0
15532.752,16530,60,0,0,0,0,0,8,496,5,45,0,0,0,0,0,0,0,0,0,0,0,0,0,0,0,0,0,0,0,0,0,0,231,16231,0,0,0,0
15549.560,16807,59,0,0,0,0,0,8,527,5,45,0,0,0,0,0,0,0,0,0,0,0,0,0,0,0,0,0,0,0,0,0,0,214,16544,0,0,0,0
15566.153,16593,60,0,0,0,0,0,8,466,5,45,0,0,0,0,0,0,0,0,0,0,0,0,0,0,0,0,0,0,0,0,0,0,236,16901,0,0,0,0
15583.250,17096,58,0,0,0,0,0,8,517,5,45,0,0,0,0,0,0,0,0,0,0,0,0,0,0,0,0,0,0,0,0,0,0,242,17354,0,0,0,0
15599.620,16369,61,0,0,0,0,0,8,492,5,45,0,0,0,0,0,0,0,0,0,0,0,0,0,0,0,0,0,0,0,0,0,0,221,16261,0,0,0,0
15617.019,17399,57,0,0,0,0,0,8,471,5,45,0,0,0,0,0,0,0,0,0,0,0,0,0,0,0,0,0,0,0,0,0,0,202,16337,0,0,0,0
15632.668,15648,63,0,0,0,0,0,8,521,5,45,0,0,0,0,0,0,0,0,0,0,0,0,0,0,0,0,0,0,0,0,0,0,249,17467,0,0,0,0
15649.556,16888,59,0,0,0,0,0,8,502,5,45,0,0,0,0,0,0,0,0,0,0,0,0,0,0,0,0,0,0,0,0,0,0,194,15539,0,0,0,0
15667.036,17480,57,0,0,0,0,0,8,489,5,45,0,0,0,0,0,0,0,0,0,0,0,0,0,0,0,0,0,0,0,0,0,0,231,17385,0,0,0,0
15682.741,15704,63,0,0,0,0,0,8,491,5,45,0,0,0,0,0,0,0,0,0,0,0,0,0,0,0,0,0,0,0,0,0,0,240,17071,0,0,0,0
15699.231,16490,60,0,0,0,0,0,8,530,5,45,0,0,0,0,0,0,0,0,0,0,0,0,0,0,0,0,0,0,0,0,0,0,214,15570,0,0,0,0
15716.156,16924,59,0,0,0,0,0,8,467,5,45,0,0,0,0,0,0,0,0,0,0,0,0,0,0,0,0,0,0,0,0,0,0,215,16835,0,0,0,0
15732.591,16435,60,0,0,0,0,0,8,522,5,45,0,0,0,0,0,0,0,0,0,0,0,0,0,0,0,0,0,0,0,0,0,0,225,16664,0,0,0,0
15749.273,16682,59,0,0,0,0,0,8,530,5,45,0,0,0,0,0,0,0,0,0,0,0,0,0,0,0,0,0,0,0,0,0,0,201,16456,0,0,0,0
15767.014,17740,56,0,0,0,0,0,8,432,5,45,0,0,0,0,0,0,0,0,0,0,0,0,0,0,0,0,0,0,0,0,0,0,219,16899,0,0,0,0
15782.698,15683,63,0,0,0,0,0,8,525,5,45,0,0,0,0,0,0,0,0,0,0,0,0,0,0,0,0,0,0,0,0,0,0,256,17544,0,0,0,0
15799.157,16459,60,0,0,0,0,0,8,508,5,45,0,0,0,0,0,0,0,0,0,0,0,0,0,0,0,0,0,0,0,0,0,0,213,15635,0,0,0,0
15816.202,17045,58,0,0,0,0,0,8,484,5,45,0,0,0,0,0,0,0,0,0,0,0,0,0,0,0,0,0,0,0,0,0,0,220,17310,0,0,0,0
15832.756,16553,60,0,0,0,0,0,8,525,5,45,0,0,0,0,0,0,0,0,0,0,0,0,0,0,0,0,0,0,0,0,0,0,238,17386,0,0,0,0
15850.024,17268,57,0,0,0,0,0,8,502,5,45,0,0,0,0,0,0,0,0,0,0,0,0,0,0,0,0,0,0,0,0,0,0,251,15468,0,0,0,0
15866.248,16223,61,0,0,0,0,0,8,466,5,45,0,0,0,0,0,0,0,0,0,0,0,0,0,0,0,0,0,0,0,0,0,0,252,17240,0,0,0,0
15883.148,16900,59,0,0,0,0,0,8,517,5,45,0,0,0,0,0,0,0,0,0,0,0,0,0,0,0,0,0,0,0,0,0,0,242,17322,0,0,0,0
15899.241,16092,62,0,0,0,0,0,8,530,5,45,0,0,0,0,0,0,0,0,0,0,0,0,0,0,0,0,0,0,0,0,0,0,229,15799,0,0,0,0
15915.841,16600,60,0,0,0,0,0,8,466,5,45,0,0,0,0,0,0,0,0,0,0,0,0,0,0,0,0,0,0,0,0,0,0,233,16694,0,0,0,0
15932.604,16763,59,0,0,0,0,0,8,497,5,45,0,0,0,0,0,0,0,0,0,0,0,0,0,0,0,0,0,0,0,0,0,0,236,15957,0,0,0,0
15949.528,16923,59,0,0,0,0,0,8,524,5,45,0,0,0,0,0,0,0,0,0,0,0,0,0,0,0,0,0,0,0,0,0,0,227,16903,0,0,0,0
15967.017,17489,57,0,0,0,0,0,8,479,5,45,0,0,0,0,0,0,0,0,0,0,0,0,0,0,0,0,0,0,0,0,0,0,229,16819,0,0,0,0
15982.610,15593,64,0,0,0,0,0,8,526,5,45,0,0,0,0,0,0,0,0,0,0,0,0,0,0,0,0,0,0,0,0,0,0,230,17443,0,0,0,0
15999.217,16606,60,0,0,0,0,0,8,499,5,45,0,0,0,0,0,0,0,0,0,0,0,0,0,0,0,0,0,0,0,0,0,0,211,15700,0,0,0,0
16015.652,16435,60,0,0,0,0,0,8,466,5,45,0,0,0,0,0,0,0,0,0,0,0,0,0,0,0,0,0,0,0,0,0,0,242,16795,0,0,0,0
16032.597,16945,59,0,0,0,0,0,8,524,5,45,0,0,0,0,0,0,0,0,0,0,0,0,0,0,0,0,0,0,0,0,0,0,238,16178,0,0,0,0
16050.009,17411,57,0,0,0,0,0,8,530,5,45,0,0,0,0,0,0,0,0,0,0,0,0,0,0,0,0,0,0,0,0,0,0,223,16903,0,0,0,0
16066.226,16217,61,0,0,0,0,0,8,468,5,45,0,0,0,0,0,0,0,0,0,0,0,0,0,0,0,0,0,0,0,0,0,0,275,17512,0,0,0,0
16082.761,16534,60,0,0,0,0,0,8,488,5,45,0,0,0,0,0,0,0,0,0,0,0,0,0,0,0,0,0,0,0,0,0,0,233,16889,0,0,0,0
16100.028,17267,57,0,0,0,0,0,8,531,5,45,0,0,0,0,0,0,0,0,0,0,0,0,0,0,0,0,0,0,0,0,0,0,228,15742,0,0,0,0
16115.619,15591,64,0,0,0,0,0,8,459,5,45,0,0,0,0,0,0,0,0,0,0,0,0,0,0,0,0,0,0,0,0,0,0,234,17314,0,0,0,0
16132.605,16986,58,0,0,0,0,0,8,526,5,45,0,0,0,0,0,0,0,0,0,0,0,0,0,0,0,0,0,0,0,0,0,0,225,15935,0,0,0,0
16149.158,16552,60,0,0,0,0,0,8,505,5,45,0,0,0,0,0,0,0,0,0,0,0,0,0,0,0,0,0,0,0,0,0,0,220,16604,0,0,0,0
16165.807,16649,60,0,0,0,0,0,8,451,5,45,0,0,0,0,0,0,0,0,0,0,0,0,0,0,0,0,0,0,0,0,0,0,234,17388,0,0,0,0
16182.584,16776,59,0,0,0,0,0,8,527,5,45,0,0,0,0,0,0,0,0,0,0,0,0,0,0,0,0,0,0,0,0,0,0,227,15803,0,0,0,0
16200.009,17425,57,0,0,0,0,0,8,536,5,45,0,0,0,0,0,0,0,0,0,0,0,0,0,0,0,0,0,0,0,0,0,0,216,16788,0,0,0,0
16217.017,17007,58,0,0,0,0,0,8,465,5,45,0,0,0,0,0,0,0,0,0,0,0,0,0,0,0,0,0,0,0,0,0,0,243,17475,0,0,0,0
16232.593,15575,64,0,0,0,0,0,8,521,5,45,0,0,0,0,0,0,0,0,0,0,0,0,0,0,0,0,0,0,0,0,0,0,247,17042,0,0,0,0
16249.569,16976,58,0,0,0,0,0,8,498,5,45,0,0,0,0,0,0,0,0,0,0,0,0,0,0,0,0,0,0,0,0,0,0,219,15497,0,0,0,0
16266.012,16443,60,0,0,0,0,0,8,468,5,45,0,0,0,0,0,0,0,0,0,0,0,0,0,0,0,0,0,0,0,0,0,0,239,17045,0,0,0,0
16282.603,16591,60,0,0,0,0,0,8,527,5,45,0,0,0,0,0,0,0,0,0,0,0,0,0,0,0,0,0,0,0,0,0,0,241,16372,0,0,0,0
16299.586,16982,58,0,0,0,0,0,8,495,5,45,0,0,0,0,0,0,0,0,0,0,0,0,0,0,0,0,0,0,0,0,0,0,224,16619,0,0,0,0
16316.241,16655,60,0,0,0,0,0,8,492,5,45,0,0,0,0,0,0,0,0,0,0,0,0,0,0,0,0,0,0,0,0,0,0,203,16889,0,0,0,0
16332.621,16380,61,0,0,0,0,0,8,496,5,45,0,0,0,0,0,0,0,0,0,0,0,0,0,0,0,0,0,0,0,0,0,0,234,16730,0,0,0,0
16349.572,16950,58,0,0,0,0,0,8,530,5,45,0,0,0,0,0,0,0,0,0,0,0,0,0,0,0,0,0,0,0,0,0,0,227,16370,0,0,0,0
16366.239,16666,60,0,0,0,0,0,8,467,5,45,0,0,0,0,0,0,0,0,0,0,0,0,0,0,0,0,0,0,0,0,0,0,236,17014,0,0,0,0
16382.234,15995,62,0,0,0,0,0,8,521,5,45,0,0,0,0,0,0,0,0,0,0,0,0,0,0,0,0,0,0,0,0,0,0,243,17377,0,0,0,0
16400.014,17780,56,0,0,0,0,0,8,499,5,45,0,0,0,0,0,0,0,0,0,0,0,0,0,0,0,0,0,0,0,0,0,0,236,15155,0,0,0,0
16415.688,15673,63,0,0,0,0,0,8,464,5,45,0,0,0,0,0,0,0,0,0,0,0,0,0,0,0,0,0,0,0,0,0,0,235,17894,0,0,0,0
16432.722,17034,58,0,0,0,0,0,8,525,5,45,0,0,0,0,0,0,0,0,0,0,0,0,0,0,0,0,0,0,0,0,0,0,221,15899,0,0,0,0
16450.013,17291,57,0,0,0,0,0,8,531,5,45,0,0,0,0,0,0,0,0,0,0,0,0,0,0,0,0,0,0,0,0,0,0,220,16750,0,0,0,0
16466.017,16003,62,0,0,0,0,0,8,459,5,45,0,0,0,0,0,0,0,0,0,0,0,0,0,0,0,0,0,0,0,0,0,0,240,17342,0,0,0,0
16482.585,16567,60,0,0,0,0,0,8,495,5,45,0,0,0,0,0,0,0,0,0,0,0,0,0,0,0,0,0,0,0,0,0,0,218,16933,0,0,0,0
16499.688,17103,58,0,0,0,0,0,8,530,5,45,0,0,0,0,0,0,0,0,0,0,0,0,0,0,0,0,0,0,0,0,0,0,219,15643,0,0,0,0
16516.293,16605,60,0,0,0,0,0,8,469,5,45,0,0,0,0,0,0,0,0,0,0,0,0,0,0,0,0,0,0,0,0,0,0,240,17070,0,0,0,0
16532.766,16472,60,0,0,0,0,0,8,520,5,45,0,0,0,0,0,0,0,0,0,0,0,0,0,0,0,0,0,0,0,0,0,0,238,17284,0,0,0,0
16550.026,17260,57,0,0,0,0,0,8,534,5,45,0,0,0,0,0,0,0,0,0,0,0,0,0,0,0,0,0,0,0,0,0,0,213,15769,0,0,0,0
16566.149,16122,62,0,0,0,0,0,8,425,5,45,0,0,0,0,0,0,0,0,0,0,0,0,0,0,0,0,0,0,0,0,0,0,229,17288,0,0,0,0
16582.598,16449,60,0,0,0,0,0,8,521,5,45,0,0,0,0,0,0,0,0,0,0,0,0,0,0,0,0,0,0,0,0,0,0,223,16099,0,0,0,0
16599.451,16853,59,0,0,0,0,0,8,530,5,45,0,0,0,0,0,0,0,0,0,0,0,0,0,0,0,0,0,0,0,0,0,0,212,16440,0,0,0,0
16616.293,16842,59,0,0,0,0,0,8,466,5,45,0,0,0,0,0,0,0,0,0,0,0,0,0,0,0,0,0,0,0,0,0,0,235,16905,0,0,0,0
16632.844,16550,60,0,0,0,0,0,8,524,5,45,0,0,0,0,0,0,0,0,0,0,0,0,0,0,0,0,0,0,0,0,0,0,242,17508,0,0,0,0
16650.007,17163,58,0,0,0,0,0,8,501,5,45,0,0,0,0,0,0,0,0,0,0,0,0,0,0,0,0,0,0,0,0,0,0,225,15845,0,0,0,0
16666.145,16137,61,0,0,0,0,0,8,461,5,45,0,0,0,0,0,0,0,0,0,0,0,0,0,0,0,0,0,0,0,0,0,0,241,17173,0,0,0,0
16682.591,16446,60,0,0,0,0,0,8,521,5,45,0,0,0,0,0,0,0,0,0,0,0,0,0,0,0,0,0,0,0,0,0,0,230,16969,0,0,0,0
16699.519,16927,59,0,0,0,0,0,8,499,5,45,0,0,0,0,0,0,0,0,0,0,0,0,0,0,0,0,0,0,0,0,0,0,244,15626,0,0,0,0
16716.298,16779,59,0,0,0,0,0,8,488,5,45,0,0,0,0,0,0,0,0,0,0,0,0,0,0,0,0,0,0,0,0,0,0,287,17452,0,0,0,0
16732.614,16315,61,0,0,0,0,0,8,496,5,45,0,0,0,0,0,0,0,0,0,0,0,0,0,0,0,0,0,0,0,0,0,0,255,16273,0,0,0,0
16750.011,17397,57,0,0,0,0,0,8,528,5,45,0,0,0,0,0,0,0,0,0,0,0,0,0,0,0,0,0,0,0,0,0,0,212,16204,0,0,0,0
16766.194,16183,61,0,0,0,0,0,8,457,5,45,0,0,0,0,0,0,0,0,0,0,0,0,0,0,0,0,0,0,0,0,0,0,221,17499,0,0,0,0
16782.514,16319,61,0,0,0,0,0,8,524,5,45,0,0,0,0,0,0,0,0,0,0,0,0,0,0,0,0,0,0,0,0,0,0,222,16138,0,0,0,0
16799.016,16502,60,0,0,0,0,0,8,475,5,45,0,0,0,0,0,0,0,0,0,0,0,0,0,0,0,0,0,0,0,0,0,0,245,16391,0,0,0,0
16816.228,17211,58,0,0,0,0,0,8,491,5,45,0,0,0,0,0,0,0,0,0,0,0,0,0,0,0,0,0,0,0,0,0,0,222,16436,0,0,0,0
16832.598,16369,61,0,0,0,0,0,8,521,5,45,0,0,0,0,0,0,0,0,0,0,0,0,0,0,0,0,0,0,0,0,0,0,239,17979,0,0,0,0
16849.553,16954,58,0,0,0,0,0,8,525,5,45,0,0,0,0,0,0,0,0,0,0,0,0,0,0,0,0,0,0,0,0,0,0,200,15585,0,0,0,0
16866.011,16457,60,0,0,0,0,0,8,465,5,45,0,0,0,0,0,0,0,0,0,0,0,0,0,0,0,0,0,0,0,0,0,0,234,17067,0,0,0,0
16882.521,16500,60,0,0,0,0,0,8,489,5,45,0,0,0,0,0,0,0,0,0,0,0,0,0,0,0,0,0,0,0,0,0,0,226,17209,0,0,0,0
16899.584,17073,58,0,0,0,0,0,8,529,5,45,0,0,0,0,0,0,0,0,0,0,0,0,0,0,0,0,0,0,0,0,0,0,220,15700,0,0,0,0
16916.201,16617,60,0,0,0,0,0,8,465,5,45,0,0,0,0,0,0,0,0,0,0,0,0,0,0,0,0,0,0,0,0,0,0,255,17475,0,0,0,0
16932.611,16409,60,0,0,0,0,0,8,520,5,45,0,0,0,0,0,0,0,0,0,0,0,0,0,0,0,0,0,0,0,0,0,0,224,16921,0,0,0,0
16950.017,17405,57,0,0,0,0,0,8,534,5,45,0,0,0,0,0,0,0,0,0,0,0,0,0,0,0,0,0,0,0,0,0,0,217,15650,0,0,0,0
16966.007,15991,62,0,0,0,0,0,8,430,5,45,0,0,0,0,0,0,0,0,0,0,0,0,0,0,0,0,0,0,0,0,0,0,240,17448,0,0,0,0
16982.691,16683,59,0,0,0,0,0,8,522,5,45,0,0,0,0,0,0,0,0,0,0,0,0,0,0,0,0,0,0,0,0,0,0,247,16465,0,0,0,0
16999.028,16336,61,0,0,0,0,0,8,491,5,45,0,0,0,0,0,0,0,0,0,0,0,0,0,0,0,0,0,0,0,0,0,0,217,16173,0,0,0,0
17015.917,16889,59,0,0,0,0,0,8,504,5,45,0,0,0,0,0,0,0,0,0,0,0,0,0,0,0,0,0,0,0,0,0,0,208,16323,0,0,0,0
17033.008,17090,58,0,0,0,0,0,8,526,5,45,0,0,0,0,0,0,0,0,0,0,0,0,0,0,0,0,0,0,0,0,0,0,234,16953,0,0,0,0
17049.185,16177,61,0,0,0,0,0,8,491,5,45,0,0,0,0,0,0,0,0,0,0,0,0,0,0,0,0,0,0,0,0,0,0,222,17063,0,0,0,0
17067.017,17831,56,0,0,0,0,0,8,465,5,45,0,0,0,0,0,0,0,0,0,0,0,0,0,0,0,0,0,0,0,0,0,0,230,16473,0,0,0,0
17082.603,15586,64,0,0,0,0,0,8,521,5,45,0,0,0,0,0,0,0,0,0,0,0,0,0,0,0,0,0,0,0,0,0,0,233,17551,0,0,0,0
17099.519,16916,59,0,0,0,0,0,8,507,5,45,0,0,0,0,0,0,0,0,0,0,0,0,0,0,0,0,0,0,0,0,0,0,233,15561,0,0,0,0
17116.241,16721,59,0,0,0,0,0,8,484,5,45,0,0,0,0,0,0,0,0,0,0,0,0,0,0,0,0,0,0,0,0,0,0,250,17784,0,0,0,0
17132.588,16346,61,0,0,0,0,0,8,494,5,45,0,0,0,0,0,0,0,0,0,0,0,0,0,0,0,0,0,0,0,0,0,0,239,15837,0,0,0,0
17150.020,17431,57,0,0,0,0,0,8,530,5,45,0,0,0,0,0,0,0,0,0,0,0,0,0,0,0,0,0,0,0,0,0,0,228,16401,0,0,0,0
17165.967,15947,62,0,0,0,0,0,8,454,5,45,0,0,0,0,0,0,0,0,0,0,0,0,0,0,0,0,0,0,0,0,0,0,234,17423,0,0,0,0
17182.614,16646,60,0,0,0,0,0,8,526,5,45,0,0,0,0,0,0,0,0,0,0,0,0,0,0,0,0,0,0,0,0,0,0,198,15804,0,0,0,0
17199.516,16902,59,0,0,0,0,0,8,487,5,45,0,0,0,0,0,0,0,0,0,0,0,0,0,0,0,0,0,0,0,0,0,0,246,16762,0,0,0,0
17216.144,16628,60,0,0,0,0,0,8,475,5,45,0,0,0,0,0,0,0,0,0,0,0,0,0,0,0,0,0,0,0,0,0,0,227,16910,0,0,0,0
17232.826,16682,59,0,0,0,0,0,8,520,5,45,0,0,0,0,0,0,0,0,0,0,0,0,0,0,0,0,0,0,0,0,0,0,237,17852,0,0,0,0
17250.000,17173,58,0,0,0,0,0,8,525,5,45,0,0,0,0,0,0,0,0,0,0,0,0,0,0,0,0,0,0,0,0,0,0,227,15463,0,0,0,0
17265.816,15816,63,0,0,0,0,0,8,462,5,45,0,0,0,0,0,0,0,0,0,0,0,0,0,0,0,0,0,0,0,0,0,0,235,17190,0,0,0,0
17282.063,16246,61,0,0,0,0,0,8,494,5,45,0,0,0,0,0,0,0,0,0,0,0,0,0,0,0,0,0,0,0,0,0,0,230,15771,0,0,0,0
17299.516,17453,57,0,0,0,0,0,8,497,5,45,0,0,0,0,0,0,0,0,0,0,0,0,0,0,0,0,0,0,0,0,0,0,227,16274,0,0,0,0
17317.021,17505,57,0,0,0,0,0,8,495,5,45,0,0,0,0,0,0,0,0,0,0,0,0,0,0,0,0,0,0,0,0,0,0,228,17873,0,0,0,0
17332.596,15574,64,0,0,0,0,0,8,521,5,45,0,0,0,0,0,0,0,0,0,0,0,0,0,0,0,0,0,0,0,0,0,0,223,16994,0,0,0,0
17349.997,17401,57,0,0,0,0,0,8,534,5,45,0,0,0,0,0,0,0,0,0,0,0,0,0,0,0,0,0,0,0,0,0,0,204,15538,0,0,0,0
17367.006,17008,58,0,0,0,0,0,8,435,5,45,0,0,0,0,0,0,0,0,0,0,0,0,0,0,0,0,0,0,0,0,0,0,228,17537,0,0,0,0
17382.997,15991,62,0,0,0,0,0,8,524,5,45,0,0,0,0,0,0,0,0,0,0,0,0,0,0,0,0,0,0,0,0,0,0,221,16959,0,0,0,0
17400.018,17008,58,0,0,0,0,0,8,531,5,45,0,0,0,0,0,0,0,0,0,0,0,0,0,0,0,0,0,0,0,0,0,0,215,16029,0,0,0,0
17416.185,16180,61,0,0,0,0,0,8,463,5,45,0,0,0,0,0,0,0,0,0,0,0,0,0,0,0,0,0,0,0,0,0,0,238,17016,0,0,0,0
17432.808,16623,60,0,0,0,0,0,8,523,5,45,0,0,0,0,0,0,0,0,0,0,0,0,0,0,0,0,0,0,0,0,0,0,235,17284,0,0,0,0
17449.545,16736,59,0,0,0,0,0,8,495,5,45,0,0,0,0,0,0,0,0,0,0,0,0,0,0,0,0,0,0,0,0,0,0,233,15483,0,0,0,0
17467.012,17466,57,0,0,0,0,0,8,468,5,45,0,0,0,0,0,0,0,0,0,0,0,0,0,0,0,0,0,0,0,0,0,0,215,16725,0,0,0,0
17482.799,15787,63,0,0,0,0,0,8,526,5,45,0,0,0,0,0,0,0,0,0,0,0,0,0,0,0,0,0,0,0,0,0,0,228,17499,0,0,0,0
17499.515,16716,59,0,0,0,0,0,8,501,5,45,0,0,0,0,0,0,0,0,0,0,0,0,0,0,0,0,0,0,0,0,0,0,210,15684,0,0,0,0
17516.019,16503,60,0,0,0,0,0,8,485,5,45,0,0,0,0,0,0,0,0,0,0,0,0,0,0,0,0,0,0,0,0,0,0,221,17231,0,0,0,0
17532.614,16595,60,0,0,0,0,0,8,488,5,45,0,0,0,0,0,0,0,0,0,0,0,0,0,0,0,0,0,0,0,0,0,0,229,16165,0,0,0,0
17550.006,17391,57,0,0,0,0,0,8,532,5,45,0,0,0,0,0,0,0,0,0,0,0,0,0,0,0,0,0,0,0,0,0,0,219,16496,0,0,0,0
17566.106,16099,62,0,0,0,0,0,8,462,5,45,0,0,0,0,0,0,0,0,0,0,0,0,0,0,0,0,0,0,0,0,0,0,232,17421,0,0,0,0
17582.585,16478,60,0,0,0,0,0,8,528,5,45,0,0,0,0,0,0,0,0,0,0,0,0,0,0,0,0,0,0,0,0,0,0,228,16080,0,0,0,0
17600.014,17429,57,0,0,0,0,0,8,499,5,45,0,0,0,0,0,0,0,0,0,0,0,0,0,0,0,0,0,0,0,0,0,0,222,16450,0,0,0,0
17616.179,16165,61,0,0,0,0,0,8,464,5,45,0,0,0,0,0,0,0,0,0,0,0,0,0,0,0,0,0,0,0,0,0,0,228,17469,0,0,0,0
17632.639,16459,60,0,0,0,0,0,8,521,5,45,0,0,0,0,0,0,0,0,0,0,0,0,0,0,0,0,0,0,0,0,0,0,228,16944,0,0,0,0
17649.994,17354,57,0,0,0,0,0,8,530,5,45,0,0,0,0,0,0,0,0,0,0,0,0,0,0,0,0,0,0,0,0,0,0,235,15667,0,0,0,0
17666.247,16253,61,0,0,0,0,0,8,461,5,45,0,0,0,0,0,0,0,0,0,0,0,0,0,0,0,0,0,0,0,0,0,0,215,17379,0,0,0,0
17682.737,16489,60,0,0,0,0,0,8,487,5,45,0,0,0,0,0,0,0,0,0,0,0,0,0,0,0,0,0,0,0,0,0,0,230,16962,0,0,0,0
17699.394,16657,60,0,0,0,0,0,8,530,5,45,0,0,0,0,0,0,0,0,0,0,0,0,0,0,0,0,0,0,0,0,0,0,212,15661,0,0,0,0
17715.987,16592,60,0,0,0,0,0,8,465,5,45,0,0,0,0,0,0,0,0,0,0,0,0,0,0,0,0,0,0,0,0,0,0,237,16766,0,0,0,0
17732.746,16759,59,0,0,0,0,0,8,529,5,45,0,0,0,0,0,0,0,0,0,0,0,0,0,0,0,0,0,0,0,0,0,0,218,16568,0,0,0,0
17749.597,16850,59,0,0,0,0,0,8,527,5,45,0,0,0,0,0,0,0,0,0,0,0,0,0,0,0,0,0,0,0,0,0,0,226,16769,0,0,0,0
17766.203,16606,60,0,0,0,0,0,8,436,5,45,0,0,0,0,0,0,0,0,0,0,0,0,0,0,0,0,0,0,0,0,0,0,218,16887,0,0,0,0
17782.558,16354,61,0,0,0,0,0,8,523,5,45,0,0,0,0,0,0,0,0,0,0,0,0,0,0,0,0,0,0,0,0,0,0,244,17352,0,0,0,0
17800.004,17446,57,0,0,0,0,0,8,525,5,45,0,0,0,0,0,0,0,0,0,0,0,0,0,0,0,0,0,0,0,0,0,0,213,15502,0,0,0,0
17816.138,16133,61,0,0,0,0,0,8,466,5,45,0,0,0,0,0,0,0,0,0,0,0,0,0,0,0,0,0,0,0,0,0,0,220,16519,0,0,0,0
17832.592,16454,60,0,0,0,0,0,8,523,5,45,0,0,0,0,0,0,0,0,0,0,0,0,0,0,0,0,0,0,0,0,0,0,245,17977,0,0,0,0
17849.546,16953,58,0,0,0,0,0,8,496,5,45,0,0,0,0,0,0,0,0,0,0,0,0,0,0,0,0,0,0,0,0,0,0,214,15595,0,0,0,0
17867.000,17453,57,0,0,0,0,0,8,472,5,45,0,0,0,0,0,0,0,0,0,0,0,0,0,0,0,0,0,0,0,0,0,0,227,17025,0,0,0,0
17882.715,15715,63,0,0,0,0,0,8,527,5,45,0,0,0,0,0,0,0,0,0,0,0,0,0,0,0,0,0,0,0,0,0,0,240,17423,0,0,0,0
17900.020,17304,57,0,0,0,0,0,8,528,5,45,0,0,0,0,0,0,0,0,0,0,0,0,0,0,0,0,0,0,0,0,0,0,212,15670,0,0,0,0
17917.011,16991,58,0,0,0,0,0,8,461,5,45,0,0,0,0,0,0,0,0,0,0,0,0,0,0,0,0,0,0,0,0,0,0,244,17371,0,0,0,0
17933.017,16005,62,0,0,0,0,0,8,496,5,45,0,0,0,0,0,0,0,0,0,0,0,0,0,0,0,0,0,0,0,0,0,0,225,16901,0,0,0,0
17949.564,16548,60,0,0,0,0,0,8,542,5,45,0,0,0,0,0,0,0,0,0,0,0,0,0,0,0,0,0,0,0,0,0,0,229,16142,0,0,0,0
17966.003,16438,60,0,0,0,0,0,8,465,5,45,0,0,0,0,0,0,0,0,0,0,0,0,0,0,0,0,0,0,0,0,0,0,239,16515,0,0,0,0
17982.589,16585,60,0,0,0,0,0,8,521,5,45,0,0,0,0,0,0,0,0,0,0,0,0,0,0,0,0,0,0,0,0,0,0,257,16366,0,0,0,0
17999.554,16964,58,0,0,0,0,0,8,492,5,45,0,0,0,0,0,0,0,0,0,0,0,0,0,0,0,0,0,0,0,0,0,0,228,16586,0,0,0,0
18016.259,16705,59,0,0,0,0,0,8,471,5,45,0,0,0,0,0,0,0,0,0,0,0,0,0,0,0,0,0,0,0,0,0,0,220,17030,0,0,0,0
18032.574,16315,61,0,0,0,0,0,8,525,5,45,0,0,0,0,0,0,0,0,0,0,0,0,0,0,0,0,0,0,0,0,0,0,232,16622,0,0,0,0
18049.555,16980,58,0,0,0,0,0,8,529,5,45,0,0,0,0,0,0,0,0,0,0,0,0,0,0,0,0,0,0,0,0,0,0,227,16338,0,0,0,0
18067.000,17445,57,0,0,0,0,0,8,465,5,45,0,0,0,0,0,0,0,0,0,0,0,0,0,0,0,0,0,0,0,0,0,0,232,17041,0,0,0,0
18082.595,15594,64,0,0,0,0,0,8,495,5,45,0,0,0,0,0,0,0,0,0,0,0,0,0,0,0,0,0,0,0,0,0,0,213,17392,0,0,0,0
18099.991,17396,57,0,0,0,0,0,8,533,5,45,0,0,0,0,0,0,0,0,0,0,0,0,0,0,0,0,0,0,0,0,0,0,202,15554,0,0,0,0
18116.996,17005,58,0,0,0,0,0,8,466,5,45,0,0,0,0,0,0,0,0,0,0,0,0,0,0,0,0,0,0,0,0,0,0,218,17447,0,0,0,0
18132.536,15539,64,0,0,0,0,0,8,525,5,45,0,0,0,0,0,0,0,0,0,0,0,0,0,0,0,0,0,0,0,0,0,0,240,17026,0,0,0,0
18149.531,16995,58,0,0,0,0,0,8,486,5,45,0,0,0,0,0,0,0,0,0,0,0,0,0,0,0,0,0,0,0,0,0,0,215,15428,0,0,0,0
18166.102,16571,60,0,0,0,0,0,8,469,5,45,0,0,0,0,0,0,0,0,0,0,0,0,0,0,0,0,0,0,0,0,0,0,211,17385,0,0,0,0
18182.999,16896,59,0,0,0,0,0,8,526,5,45,0,0,0,0,0,0,0,0,0,0,0,0,0,0,0,0,0,0,0,0,0,0,241,16250,0,0,0,0
18198.940,15941,62,0,0,0,0,0,8,524,5,45,0,0,0,0,0,0,0,0,0,0,0,0,0,0,0,0,0,0,0,0,0,0,221,16918,0,0,0,0
18215.622,16681,59,0,0,0,0,0,8,466,5,45,0,0,0,0,0,0,0,0,0,0,0,0,0,0,0,0,0,0,0,0,0,0,239,15956,0,0,0,0
18232.997,17375,57,0,0,0,0,0,8,531,5,45,0,0,0,0,0,0,0,0,0,0,0,0,0,0,0,0,0,0,0,0,0,0,233,16688,0,0,0,0
18249.631,16634,60,0,0,0,0,0,8,493,5,45,0,0,0,0,0,0,0,0,0,0,0,0,0,0,0,0,0,0,0,0,0,0,233,17349,0,0,0,0
18265.407,15775,63,0,0,0,0,0,8,458,5,45,0,0,0,0,0,0,0,0,0,0,0,0,0,0,0,0,0,0,0,0,0,0,230,16942,0,0,0,0
18282.560,17152,58,0,0,0,0,0,8,529,5,45,0,0,0,0,0,0,0,0,0,0,0,0,0,0,0,0,0,0,0,0,0,0,238,15434,0,0,0,0
18299.447,16887,59,0,0,0,0,0,8,530,5,45,0,0,0,0,0,0,0,0,0,0,0,0,0,0,0,0,0,0,0,0,0,0,217,17150,0,0,0,0
18315.783,16335,61,0,0,0,0,0,8,462,5,45,0,0,0,0,0,0,0,0,0,0,0,0,0,0,0,0,0,0,0,0,0,0,228,16922,0,0,0,0
18332.674,16891,59,0,0,0,0,0,8,491,5,45,0,0,0,0,0,0,0,0,0,0,0,0,0,0,0,0,0,0,0,0,0,0,222,16273,0,0,0,0
18349.199,16525,60,0,0,0,0,0,8,493,5,45,0,0,0,0,0,0,0,0,0,0,0,0,0,0,0,0,0,0,0,0,0,0,227,16925,0,0,0,0
18366.057,16857,59,0,0,0,0,0,8,496,5,45,0,0,0,0,0,0,0,0,0,0,0,0,0,0,0,0,0,0,0,0,0,0,265,17350,0,0,0,0
18382.731,16673,59,0,0,0,0,0,8,530,5,45,0,0,0,0,0,0,0,0,0,0,0,0,0,0,0,0,0,0,0,0,0,0,203,15958,0,0,0,0
18400.001,17270,57,0,0,0,0,0,8,499,5,45,0,0,0,0,0,0,0,0,0,0,0,0,0,0,0,0,0,0,0,0,0,0,215,16736,0,0,0,0
18416.259,16257,61,0,0,0,0,0,8,460,5,45,0,0,0,0,0,0,0,0,0,0,0,0,0,0,0,0,0,0,0,0,0,0,231,17324,0,0,0,0
18432.779,16519,60,0,0,0,0,0,8,523,5,45,0,0,0,0,0,0,0,0,0,0,0,0,0,0,0,0,0,0,0,0,0,0,244,16253,0,0,0,0
18449.987,17207,58,0,0,0,0,0,8,532,5,45,0,0,0,0,0,0,0,0,0,0,0,0,0,0,0,0,0,0,0,0,0,0,226,16487,0,0,0,0
18466.174,16186,61,0,0,0,0,0,8,463,5,45,0,0,0,0,0,0,0,0,0,0,0,0,0,0,0,0,0,0,0,0,0,0,235,17244,0,0,0,0
18482.837,16663,60,0,0,0,0,0,8,494,5,45,0,0,0,0,0,0,0,0,0,0,0,0,0,0,0,0,0,0,0,0,0,0,249,16975,0,0,0,0
18499.999,17161,58,0,0,0,0,0,8,531,5,45,0,0,0,0,0,0,0,0,0,0,0,0,0,0,0,0,0,0,0,0,0,0,218,15791,0,0,0,0
18516.305,16306,61,0,0,0,0,0,8,462,5,45,0,0,0,0,0,0,0,0,0,0,0,0,0,0,0,0,0,0,0,0,0,0,237,17243,0,0,0,0
18533.446,17140,58,0,0,0,0,0,8,522,5,45,0,0,0,0,0,0,0,0,0,0,0,0,0,0,0,0,0,0,0,0,0,0,236,16948,0,0,0,0
18549.499,16053,62,0,0,0,0,0,8,529,5,45,0,0,0,0,0,0,0,0,0,0,0,0,0,0,0,0,0,0,0,0,0,0,237,16462,0,0,0,0
18565.878,16378,61,0,0,0,0,0,8,432,5,45,0,0,0,0,0,0,0,0,0,0,0,0,0,0,0,0,0,0,0,0,0,0,227,16107,0,0,0,0
18582.648,16769,59,0,0,0,0,0,8,530,5,45,0,0,0,0,0,0,0,0,0,0,0,0,0,0,0,0,0,0,0,0,0,0,224,16311,0,0,0,0
18598.829,16181,61,0,0,0,0,0,8,531,5,45,0,0,0,0,0,0,0,0,0,0,0,0,0,0,0,0,0,0,0,0,0,0,218,16684,0,0,0,0
18616.130,17300,57,0,0,0,0,0,8,465,5,45,0,0,0,0,0,0,0,0,0,0,0,0,0,0,0,0,0,0,0,0,0,0,217,16399,0,0,0,0
18633.131,17000,58,0,0,0,0,0,8,529,5,45,0,0,0,0,0,0,0,0,0,0,0,0,0,0,0,0,0,0,0,0,0,0,236,17938,0,0,0,0
18649.508,16377,61,0,0,0,0,0,8,491,5,45,0,0,0,0,0,0,0,0,0,0,0,0,0,0,0,0,0,0,0,0,0,0,209,16258,0,0,0,0
18665.802,16293,61,0,0,0,0,0,8,465,5,45,0,0,0,0,0,0,0,0,0,0,0,0,0,0,0,0,0,0,0,0,0,0,231,16461,0,0,0,0
18682.572,16770,59,0,0,0,0,0,8,528,5,45,0,0,0,0,0,0,0,0,0,0,0,0,0,0,0,0,0,0,0,0,0,0,234,16170,0,0,0,0
18699.987,17414,57,0,0,0,0,0,8,531,5,45,0,0,0,0,0,0,0,0,0,0,0,0,0,0,0,0,0,0,0,0,0,0,233,16791,0,0,0,0
18716.322,16335,61,0,0,0,0,0,8,469,5,45,0,0,0,0,0,0,0,0,0,0,0,0,0,0,0,0,0,0,0,0,0,0,235,17461,0,0,0,0
18732.056,15734,63,0,0,0,0,0,8,489,5,45,0,0,0,0,0,0,0,0,0,0,0,0,0,0,0,0,0,0,0,0,0,0,227,16939,0,0,0,0
18749.215,17159,58,0,0,0,0,0,8,529,5,45,0,0,0,0,0,0,0,0,0,0,0,0,0,0,0,0,0,0,0,0,0,0,207,15045,0,0,0,0
18766.226,17011,58,0,0,0,0,0,8,461,5,45,0,0,0,0,0,0,0,0,0,0,0,0,0,0,0,0,0,0,0,0,0,0,240,17466,0,0,0,0
18782.598,16371,61,0,0,0,0,0,8,529,5,45,0,0,0,0,0,0,0,0,0,0,0,0,0,0,0,0,0,0,0,0,0,0,252,16814,0,0,0,0
18799.076,16478,60,0,0,0,0,0,8,493,5,45,0,0,0,0,0,0,0,0,0,0,0,0,0,0,0,0,0,0,0,0,0,0,217,16473,0,0,0,0
18815.728,16651,60,0,0,0,0,0,8,464,5,45,0,0,0,0,0,0,0,0,0,0,0,0,0,0,0,0,0,0,0,0,0,0,209,16236,0,0,0,0
18832.715,16987,58,0,0,0,0,0,8,531,5,45,0,0,0,0,0,0,0,0,0,0,0,0,0,0,0,0,0,0,0,0,0,0,224,16686,0,0,0,0
18849.993,17277,57,0,0,0,0,0,8,535,5,45,0,0,0,0,0,0,0,0,0,0,0,0,0,0,0,0,0,0,0,0,0,0,233,17003,0,0,0,0
18866.233,16239,61,0,0,0,0,0,8,461,5,45,0,0,0,0,0,0,0,0,0,0,0,0,0,0,0,0,0,0,0,0,0,0,247,17334,0,0,0,0
18882.677,16443,60,0,0,0,0,0,8,497,5,45,0,0,0,0,0,0,0,0,0,0,0,0,0,0,0,0,0,0,0,0,0,0,212,16191,0,0,0,0
18899.989,17311,57,0,0,0,0,0,8,530,5,45,0,0,0,0,0,0,0,0,0,0,0,0,0,0,0,0,0,0,0,0,0,0,220,16454,0,0,0,0
18915.988,15999,62,0,0,0,0,0,8,463,5,45,0,0,0,0,0,0,0,0,0,0,0,0,0,0,0,0,0,0,0,0,0,0,235,17397,0,0,0,0
18932.496,16507,60,0,0,0,0,0,8,522,5,45,0,0,0,0,0,0,0,0,0,0,0,0,0,0,0,0,0,0,0,0,0,0,232,16414,0,0,0,0
18949.502,17005,58,0,0,0,0,0,8,503,5,45,0,0,0,0,0,0,0,0,0,0,0,0,0,0,0,0,0,0,0,0,0,0,231,16065,0,0,0,0
18966.989,17487,57,0,0,0,0,0,8,461,5,45,0,0,0,0,0,0,0,0,0,0,0,0,0,0,0,0,0,0,0,0,0,0,226,17396,0,0,0,0
18982.651,15662,63,0,0,0,0,0,8,520,5,45,0,0,0,0,0,0,0,0,0,0,0,0,0,0,0,0,0,0,0,0,0,0,265,17138,0,0,0,0
18999.549,16881,59,0,0,0,0,0,8,529,5,45,0,0,0,0,0,0,0,0,0,0,0,0,0,0,0,0,0,0,0,0,0,0,225,15544,0,0,0,0
19016.197,16664,60,0,0,0,0,0,8,463,5,45,0,0,0,0,0,0,0,0,0,0,0,0,0,0,0,0,0,0,0,0,0,0,220,16931,0,0,0,0
19032.654,16456,60,0,0,0,0,0,8,519,5,45,0,0,0,0,0,0,0,0,0,0,0,0,0,0,0,0,0,0,0,0,0,0,229,17475,0,0,0,0
19049.986,17332,57,0,0,0,0,0,8,499,5,45,0,0,0,0,0,0,0,0,0,0,0,0,0,0,0,0,0,0,0,0,0,0,231,15634,0,0,0,0
19066.985,16998,58,0,0,0,0,0,8,458,5,45,0,0,0,0,0,0,0,0,0,0,0,0,0,0,0,0,0,0,0,0,0,0,233,17360,0,0,0,0
19082.894,15909,62,0,0,0,0,0,8,528,5,45,0,0,0,0,0,0,0,0,0,0,0,0,0,0,0,0,0,0,0,0,0,0,226,16993,0,0,0,0
19099.541,16646,60,0,0,0,0,0,8,521,5,45,0,0,0,0,0,0,0,0,0,0,0,0,0,0,0,0,0,0,0,0,0,0,234,15931,0,0,0,0
19116.984,17443,57,0,0,0,0,0,8,465,5,45,0,0,0,0,0,0,0,0,0,0,0,0,0,0,0,0,0,0,0,0,0,0,220,16655,0,0,0,0
19132.576,15591,64,0,0,0,0,0,8,493,5,45,0,0,0,0,0,0,0,0,0,0,0,0,0,0,0,0,0,0,0,0,0,0,238,17486,0,0,0,0
19149.982,17405,57,0,0,0,0,0,8,530,5,45,0,0,0,0,0,0,0,0,0,0,0,0,0,0,0,0,0,0,0,0,0,0,218,15474,0,0,0,0
19166.182,16200,61,0,0,0,0,0,8,461,5,45,0,0,0,0,0,0,0,0,0,0,0,0,0,0,0,0,0,0,0,0,0,0,224,17446,0,0,0,0
19182.746,16564,60,0,0,0,0,0,8,525,5,45,0,0,0,0,0,0,0,0,0,0,0,0,0,0,0,0,0,0,0,0,0,0,229,16947,0,0,0,0
19199.529,16782,59,0,0,0,0,0,8,493,5,45,0,0,0,0,0,0,0,0,0,0,0,0,0,0,0,0,0,0,0,0,0,0,239,15788,0,0,0,0
19215.820,16290,61,0,0,0,0,0,8,463,5,45,0,0,0,0,0,0,0,0,0,0,0,0,0,0,0,0,0,0,0,0,0,0,273,16880,0,0,0,0
19232.591,16770,59,0,0,0,0,0,8,529,5,45,0,0,0,0,0,0,0,0,0,0,0,0,0,0,0,0,0,0,0,0,0,0,225,16158,0,0,0,0
19249.997,17406,57,0,0,0,0,0,8,532,5,45,0,0,0,0,0,0,0,0,0,0,0,0,0,0,0,0,0,0,0,0,0,0,237,16802,0,0,0,0
19266.139,16141,61,0,0,0,0,0,8,457,5,45,0,0,0,0,0,0,0,0,0,0,0,0,0,0,0,0,0,0,0,0,0,0,230,17423,0,0,0,0
19282.886,16746,59,0,0,0,0,0,8,492,5,45,0,0,0,0,0,0,0,0,0,0,0,0,0,0,0,0,0,0,0,0,0,0,231,16948,0,0,0,0
19299.982,17096,58,0,0,0,0,0,8,522,5,45,0,0,0,0,0,0,0,0,0,0,0,0,0,0,0,0,0,0,0,0,0,0,221,15866,0,0,0,0
19317.002,17019,58,0,0,0,0,0,8,463,5,45,0,0,0,0,0,0,0,0,0,0,0,0,0,0,0,0,0,0,0,0,0,0,218,17166,0,0,0,0
19332.991,15989,62,0,0,0,0,0,8,526,5,45,0,0,0,0,0,0,0,0,0,0,0,0,0,0,0,0,0,0,0,0,0,0,232,17029,0,0,0,0
19349.319,16327,61,0,0,0,0,0,8,529,5,45,0,0,0,0,0,0,0,0,0,0,0,0,0,0,0,0,0,0,0,0,0,0,221,15969,0,0,0,0
19366.126,16807,59,0,0,0,0,0,8,436,5,45,0,0,0,0,0,0,0,0,0,0,0,0,0,0,0,0,0,0,0,0,0,0,234,16474,0,0,0,0
19382.579,16453,60,0,0,0,0,0,8,522,5,45,0,0,0,0,0,0,0,0,0,0,0,0,0,0,0,0,0,0,0,0,0,0,240,17495,0,0,0,0
19400.019,17439,57,0,0,0,0,0,8,533,5,45,0,0,0,0,0,0,0,0,0,0,0,0,0,0,0,0,0,0,0,0,0,0,208,15566,0,0,0,0
19416.274,16255,61,0,0,0,0,0,8,461,5,45,0,0,0,0,0,0,0,0,0,0,0,0,0,0,0,0,0,0,0,0,0,0,217,17421,0,0,0,0
19432.592,16317,61,0,0,0,0,0,8,526,5,45,0,0,0,0,0,0,0,0,0,0,0,0,0,0,0,0,0,0,0,0,0,0,231,17020,0,0,0,0
19449.503,16911,59,0,0,0,0,0,8,476,5,45,0,0,0,0,0,0,0,0,0,0,0,0,0,0,0,0,0,0,0,0,0,0,219,15614,0,0,0,0
19466.990,17486,57,0,0,0,0,0,8,487,5,45,0,0,0,0,0,0,0,0,0,0,0,0,0,0,0,0,0,0,0,0,0,0,222,17347,0,0,0,0
19482.959,15969,62,0,0,0,0,0,8,526,5,45,0,0,0,0,0,0,0,0,0,0,0,0,0,0,0,0,0,0,0,0,0,0,218,17077,0,0,0,0
19498.991,16031,62,0,0,0,0,0,8,490,5,45,0,0,0,0,0,0,0,0,0,0,0,0,0,0,0,0,0,0,0,0,0,0,226,15932,0,0,0,0
19516.121,17130,58,0,0,0,0,0,8,503,5,45,0,0,0,0,0,0,0,0,0,0,0,0,0,0,0,0,0,0,0,0,0,0,222,16034,0,0,0,0
19532.990,16858,59,0,0,0,0,0,8,495,5,45,0,0,0,0,0,0,0,0,0,0,0,0,0,0,0,0,0,0,0,0,0,0,224,17906,0,0,0,0
19549.505,16525,60,0,0,0,0,0,8,525,5,45,0,0,0,0,0,0,0,0,0,0,0,0,0,0,0,0,0,0,0,0,0,0,241,16127,0,0,0,0
19565.799,16293,61,0,0,0,0,0,8,457,5,45,0,0,0,0,0,0,0,0,0,0,0,0,0,0,0,0,0,0,0,0,0,0,222,16928,0,0,0,0
19583.134,17335,57,0,0,0,0,0,8,532,5,45,0,0,0,0,0,0,0,0,0,0,0,0,0,0,0,0,0,0,0,0,0,0,224,15812,0,0,0,0
19599.983,16848,59,0,0,0,0,0,8,492,5,45,0,0,0,0,0,0,0,0,0,0,0,0,0,0,0,0,0,0,0,0,0,0,228,17352,0,0,0,0
19616.123,16139,61,0,0,0,0,0,8,458,5,45,0,0,0,0,0,0,0,0,0,0,0,0,0,0,0,0,0,0,0,0,0,0,237,16931,0,0,0,0
19632.876,16753,59,0,0,0,0,0,8,525,5,45,0,0,0,0,0,0,0,0,0,0,0,0,0,0,0,0,0,0,0,0,0,0,224,16815,0,0,0,0
19649.365,16488,60,0,0,0,0,0,8,525,5,45,0,0,0,0,0,0,0,0,0,0,0,0,0,0,0,0,0,0,0,0,0,0,222,16009,0,0,0,0
19666.243,16877,59,0,0,0,0,0,8,465,5,45,0,0,0,0,0,0,0,0,0,0,0,0,0,0,0,0,0,0,0,0,0,0,238,16536,0,0,0,0
19682.554,16312,61,0,0,0,0,0,8,494,5,45,0,0,0,0,0,0,0,0,0,0,0,0,0,0,0,0,0,0,0,0,0,0,242,17552,0,0,0,0
19699.990,17435,57,0,0,0,0,0,8,530,5,45,0,0,0,0,0,0,0,0,0,0,0,0,0,0,0,0,0,0,0,0,0,0,217,15595,0,0,0,0
19716.185,16195,61,0,0,0,0,0,8,463,5,45,0,0,0,0,0,0,0,0,0,0,0,0,0,0,0,0,0,0,0,0,0,0,212,17473,0,0,0,0
19732.517,16332,61,0,0,0,0,0,8,520,5,45,0,0,0,0,0,0,0,0,0,0,0,0,0,0,0,0,0,0,0,0,0,0,230,16921,0,0,0,0
19749.505,16987,58,0,0,0,0,0,8,529,5,45,0,0,0,0,0,0,0,0,0,0,0,0,0,0,0,0,0,0,0,0,0,0,220,15511,0,0,0,0
19766.116,16611,60,0,0,0,0,0,8,427,5,45,0,0,0,0,0,0,0,0,0,0,0,0,0,0,0,0,0,0,0,0,0,0,226,17148,0,0,0,0
19782.612,16495,60,0,0,0,0,0,8,522,5,45,0,0,0,0,0,0,0,0,0,0,0,0,0,0,0,0,0,0,0,0,0,0,247,17536,0,0,0,0
19799.402,16790,59,0,0,0,0,0,8,530,5,45,0,0,0,0,0,0,0,0,0,0,0,0,0,0,0,0,0,0,0,0,0,0,222,15395,0,0,0,0
19815.816,16414,60,0,0,0,0,0,8,464,5,45,0,0,0,0,0,0,0,0,0,0,0,0,0,0,0,0,0,0,0,0,0,0,230,16865,0,0,0,0
19832.167,16350,61,0,0,0,0,0,8,525,5,45,0,0,0,0,0,0,0,0,0,0,0,0,0,0,0,0,0,0,0,0,0,0,221,16398,0,0,0,0
19849.541,17373,57,0,0,0,0,0,8,500,5,45,0,0,0,0,0,0,0,0,0,0,0,0,0,0,0,0,0,0,0,0,0,0,224,16647,0,0,0,0
19866.193,16652,60,0,0,0,0,0,8,470,5,45,0,0,0,0,0,0,0,0,0,0,0,0,0,0,0,0,0,0,0,0,0,0,241,17166,0,0,0,0
19882.574,16381,61,0,0,0,0,0,8,525,5,45,0,0,0,0,0,0,0,0,0,0,0,0,0,0,0,0,0,0,0,0,0,0,238,16555,0,0,0,0
19899.485,16910,59,0,0,0,0,0,8,528,5,45,0,0,0,0,0,0,0,0,0,0,0,0,0,0,0,0,0,0,0,0,0,0,224,16405,0,0,0,0
19916.118,16633,60,0,0,0,0,0,8,464,5,45,0,0,0,0,0,0,0,0,0,0,0,0,0,0,0,0,0,0,0,0,0,0,235,17001,0,0,0,0
19932.498,16380,61,0,0,0,0,0,8,490,5,45,0,0,0,0,0,0,0,0,0,0,0,0,0,0,0,0,0,0,0,0,0,0,243,16530,0,0,0,0
19949.487,16988,58,0,0,0,0,0,8,489,5,45,0,0,0,0,0,0,0,0,0,0,0,0,0,0,0,0,0,0,0,0,0,0,214,16363,0,0,0,0
19966.146,16658,60,0,0,0,0,0,8,504,5,45,0,0,0,0,0,0,0,0,0,0,0,0,0,0,0,0,0,0,0,0,0,0,221,17468,0,0,0,0
19982.652,16505,60,0,0,0,0,0,8,525,5,45,0,0,0,0,0,0,0,0,0,0,0,0,0,0,0,0,0,0,0,0,0,0,264,17168,0,0,0,0
19999.648,16995,58,0,0,0,0,0,8,499,5,45,0,0,0,0,0,0,0,0,0,0,0,0,0,0,0,0,0,0,0,0,0,0,204,15457,0,0,0,0
20016.972,17324,57,0,0,0,0,0,8,461,5,45,0,0,0,0,0,0,0,0,0,0,0,0,0,0,0,0,0,0,0,0,0,0,231,17377,0,0,0,0
20032.587,15614,64,0,0,0,0,0,8,527,5,45,0,0,0,0,0,0,0,0,0,0,0,0,0,0,0,0,0,0,0,0,0,0,222,17046,0,0,0,0
20049.537,16950,58,0,0,0,0,0,8,531,5,45,0,0,0,0,0,0,0,0,0,0,0,0,0,0,0,0,0,0,0,0,0,0,231,15612,0,0,0,0
20065.817,16280,61,0,0,0,0,0,8,467,5,45,0,0,0,0,0,0,0,0,0,0,0,0,0,0,0,0,0,0,0,0,0,0,236,17005,0,0,0,0
20082.693,16876,59,0,0,0,0,0,8,497,5,45,0,0,0,0,0,0,0,0,0,0,0,0,0,0,0,0,0,0,0,0,0,0,228,16190,0,0,0,0
20099.623,16929,59,0,0,0,0,0,8,531,5,45,0,0,0,0,0,0,0,0,0,0,0,0,0,0,0,0,0,0,0,0,0,0,237,16896,0,0,0,0
20116.257,16633,60,0,0,0,0,0,8,465,5,45,0,0,0,0,0,0,0,0,0,0,0,0,0,0,0,0,0,0,0,0,0,0,247,16976,0,0,0,0
20132.495,16227,61,0,0,0,0,0,8,524,5,45,0,0,0,0,0,0,0,0,0,0,0,0,0,0,0,0,0,0,0,0,0,0,241,17300,0,0,0,0
20149.984,17500,57,0,0,0,0,0,8,533,5,45,0,0,0,0,0,0,0,0,0,0,0,0,0,0,0,0,0,0,0,0,0,0,206,15455,0,0,0,0
20166.988,17003,58,0,0,0,0,0,8,434,5,45,0,0,0,0,0,0,0,0,0,0,0,0,0,0,0,0,0,0,0,0,0,0,232,17571,0,0,0,0
20182.709,15720,63,0,0,0,0,0,8,522,5,45,0,0,0,0,0,0,0,0,0,0,0,0,0,0,0,0,0,0,0,0,0,0,219,17035,0,0,0,0
20199.557,16848,59,0,0,0,0,0,8,525,5,45,0,0,0,0,0,0,0,0,0,0,0,0,0,0,0,0,0,0,0,0,0,0,241,15997,0,0,0,0
20216.978,17421,57,0,0,0,0,0,8,465,5,45,0,0,0,0,0,0,0,0,0,0,0,0,0,0,0,0,0,0,0,0,0,0,229,16810,0,0,0,0
20232.752,15774,63,0,0,0,0,0,8,525,5,45,0,0,0,0,0,0,0,0,0,0,0,0,0,0,0,0,0,0,0,0,0,0,226,17173,0,0,0,0
20249.988,17235,58,0,0,0,0,0,8,492,5,45,0,0,0,0,0,0,0,0,0,0,0,0,0,0,0,0,0,0,0,0,0,0,239,15754,0,0,0,0
20266.246,16257,61,0,0,0,0,0,8,465,5,45,0,0,0,0,0,0,0,0,0,0,0,0,0,0,0,0,0,0,0,0,0,0,226,16228,0,0,0,0
20282.582,16336,61,0,0,0,0,0,8,525,5,45,0,0,0,0,0,0,0,0,0,0,0,0,0,0,0,0,0,0,0,0,0,0,246,17255,0,0,0,0
20299.986,17403,57,0,0,0,0,0,8,532,5,45,0,0,0,0,0,0,0,0,0,0,0,0,0,0,0,0,0,0,0,0,0,0,233,16330,0,0,0,0
20316.227,16240,61,0,0,0,0,0,8,463,5,45,0,0,0,0,0,0,0,0,0,0,0,0,0,0,0,0,0,0,0,0,0,0,239,17538,0,0,0,0
20332.681,16454,60,0,0,0,0,0,8,491,5,45,0,0,0,0,0,0,0,0,0,0,0,0,0,0,0,0,0,0,0,0,0,0,231,16823,0,0,0,0
20349.973,17291,57,0,0,0,0,0,8,529,5,45,0,0,0,0,0,0,0,0,0,0,0,0,0,0,0,0,0,0,0,0,0,0,209,15618,0,0,0,0
20366.102,16129,61,0,0,0,0,0,8,462,5,45,0,0,0,0,0,0,0,0,0,0,0,0,0,0,0,0,0,0,0,0,0,0,230,17455,0,0,0,0
20382.547,16444,60,0,0,0,0,0,8,525,5,45,0,0,0,0,0,0,0,0,0,0,0,0,0,0,0,0,0,0,0,0,0,0,231,16070,0,0,0,0
20399.458,16911,59,0,0,0,0,0,8,496,5,45,0,0,0,0,0,0,0,0,0,0,0,0,0,0,0,0,0,0,0,0,0,0,229,16453,0,0,0,0
20416.194,16736,59,0,0,0,0,0,8,466,5,45,0,0,0,0,0,0,0,0,0,0,0,0,0,0,0,0,0,0,0,0,0,0,228,16979,0,0,0,0
20432.092,15898,62,0,0,0,0,0,8,521,5,45,0,0,0,0,0,0,0,0,0,0,0,0,0,0,0,0,0,0,0,0,0,0,234,17016,0,0,0,0
20449.480,17387,57,0,0,0,0,0,8,526,5,45,0,0,0,0,0,0,0,0,0,0,0,0,0,0,0,0,0,0,0,0,0,0,211,15556,0,0,0,0
20465.821,16340,61,0,0,0,0,0,8,463,5,45,0,0,0,0,0,0,0,0,0,0,0,0,0,0,0,0,0,0,0,0,0,0,234,17437,0,0,0,0
20482.556,16735,59,0,0,0,0,0,8,493,5,45,0,0,0,0,0,0,0,0,0,0,0,0,0,0,0,0,0,0,0,0,0,0,210,16240,0,0,0,0
20499.479,16923,59,0,0,0,0,0,8,529,5,45,0,0,0,0,0,0,0,0,0,0,0,0,0,0,0,0,0,0,0,0,0,0,221,16772,0,0,0,0
20516.111,16632,60,0,0,0,0,0,8,462,5,45,0,0,0,0,0,0,0,0,0,0,0,0,0,0,0,0,0,0,0,0,0,0,235,17014,0,0,0,0
20532.827,16715,59,0,0,0,0,0,8,521,5,45,0,0,0,0,0,0,0,0,0,0,0,0,0,0,0,0,0,0,0,0,0,0,222,17381,0,0,0,0
20549.968,17141,58,0,0,0,0,0,8,529,5,45,0,0,0,0,0,0,0,0,0,0,0,0,0,0,0,0,0,0,0,0,0,0,203,15872,0,0,0,0
20566.285,16316,61,0,0,0,0,0,8,423,5,45,0,0,0,0,0,0,0,0,0,0,0,0,0,0,0,0,0,0,0,0,0,0,226,17188,0,0,0,0
20582.558,16273,61,0,0,0,0,0,8,525,5,45,0,0,0,0,0,0,0,0,0,0,0,0,0,0,0,0,0,0,0,0,0,0,236,16948,0,0,0,0
20599.560,17001,58,0,0,0,0,0,8,532,5,45,0,0,0,0,0,0,0,0,0,0,0,0,0,0,0,0,0,0,0,0,0,0,208,15602,0,0,0,0
20616.980,17419,57,0,0,0,0,0,8,467,5,45,0,0,0,0,0,0,0,0,0,0,0,0,0,0,0,0,0,0,0,0,0,0,249,17327,0,0,0,0
20632.758,15777,63,0,0,0,0,0,8,521,5,45,0,0,0,0,0,0,0,0,0,0,0,0,0,0,0,0,0,0,0,0,0,0,227,17588,0,0,0,0
20649.015,16257,61,0,0,0,0,0,8,471,5,45,0,0,0,0,0,0,0,0,0,0,0,0,0,0,0,0,0,0,0,0,0,0,204,15178,0,0,0,0
20666.194,17179,58,0,0,0,0,0,8,488,5,45,0,0,0,0,0,0,0,0,0,0,0,0,0,0,0,0,0,0,0,0,0,0,226,16432,0,0,0,0
20682.477,16283,61,0,0,0,0,0,8,527,5,45,0,0,0,0,0,0,0,0,0,0,0,0,0,0,0,0,0,0,0,0,0,0,236,17856,0,0,0,0
20699.013,16535,60,0,0,0,0,0,8,502,5,45,0,0,0,0,0,0,0,0,0,0,0,0,0,0,0,0,0,0,0,0,0,0,221,15557,0,0,0,0
20716.157,17144,58,0,0,0,0,0,8,488,5,45,0,0,0,0,0,0,0,0,0,0,0,0,0,0,0,0,0,0,0,0,0,0,236,16712,0,0,0,0
20732.541,16383,61,0,0,0,0,0,8,484,5,45,0,0,0,0,0,0,0,0,0,0,0,0,0,0,0,0,0,0,0,0,0,0,219,17730,0,0,0,0
20749.974,17433,57,0,0,0,0,0,8,532,5,45,0,0,0,0,0,0,0,0,0,0,0,0,0,0,0,0,0,0,0,0,0,0,206,15551,0,0,0,0
20766.964,16989,58,0,0,0,0,0,8,462,5,45,0,0,0,0,0,0,0,0,0,0,0,0,0,0,0,0,0,0,0,0,0,0,244,17507,0,0,0,0
20782.704,15740,63,0,0,0,0,0,8,526,5,45,0,0,0,0,0,0,0,0,0,0,0,0,0,0,0,0,0,0,0,0,0,0,235,17002,0,0,0,0
20799.497,16793,59,0,0,0,0,0,8,482,5,45,0,0,0,0,0,0,0,0,0,0,0,0,0,0,0,0,0,0,0,0,0,0,232,15731,0,0,0,0
20816.194,16696,59,0,0,0,0,0,8,481,5,45,0,0,0,0,0,0,0,0,0,0,0,0,0,0,0,0,0,0,0,0,0,0,216,16959,0,0,0,0
20832.725,16531,60,0,0,0,0,0,8,524,5,45,0,0,0,0,0,0,0,0,0,0,0,0,0,0,0,0,0,0,0,0,0,0,243,17275,0,0,0,0
20849.968,17242,57,0,0,0,0,0,8,530,5,45,0,0,0,0,0,0,0,0,0,0,0,0,0,0,0,0,0,0,0,0,0,0,230,15760,0,0,0,0
20865.647,15678,63,0,0,0,0,0,8,457,5,45,0,0,0,0,0,0,0,0,0,0,0,0,0,0,0,0,0,0,0,0,0,0,232,17277,0,0,0,0
20882.536,16889,59,0,0,0,0,0,8,495,5,45,0,0,0,0,0,0,0,0,0,0,0,0,0,0,0,0,0,0,0,0,0,0,201,15575,0,0,0,0
20899.475,16938,59,0,0,0,0,0,8,525,5,45,0,0,0,0,0,0,0,0,0,0,0,0,0,0,0,0,0,0,0,0,0,0,232,16955,0,0,0,0
20915.767,16291,61,0,0,0,0,0,8,466,5,45,0,0,0,0,0,0,0,0,0,0,0,0,0,0,0,0,0,0,0,0,0,0,233,16992,0,0,0,0
20932.552,16785,59,0,0,0,0,0,8,529,5,45,0,0,0,0,0,0,0,0,0,0,0,0,0,0,0,0,0,0,0,0,0,0,222,16239,0,0,0,0
20949.966,17414,57,0,0,0,0,0,8,529,5,45,0,0,0,0,0,0,0,0,0,0,0,0,0,0,0,0,0,0,0,0,0,0,224,16774,0,0,0,0
20966.183,16216,61,0,0,0,0,0,8,431,5,45,0,0,0,0,0,0,0,0,0,0,0,0,0,0,0,0,0,0,0,0,0,0,227,17458,0,0,0,0
20982.913,16730,59,0,0,0,0,0,8,528,5,45,0,0,0,0,0,0,0,0,0,0,0,0,0,0,0,0,0,0,0,0,0,0,246,16208,0,0,0,0
20999.574,16661,60,0,0,0,0,0,8,523,5,45,0,0,0,0,0,0,0,0,0,0,0,0,0,0,0,0,0,0,0,0,0,0,233,16743,0,0,0,0
21016.289,16714,59,0,0,0,0,0,8,465,5,45,0,0,0,0,0,0,0,0,0,0,0,0,0,0,0,0,0,0,0,0,0,0,216,17094,0,0,0,0
21032.717,16427,60,0,0,0,0,0,8,525,5,45,0,0,0,0,0,0,0,0,0,0,0,0,0,0,0,0,0,0,0,0,0,0,236,16914,0,0,0,0
21049.981,17257,57,0,0,0,0,0,8,494,5,45,0,0,0,0,0,0,0,0,0,0,0,0,0,0,0,0,0,0,0,0,0,0,216,15771,0,0,0,0
21066.247,16272,61,0,0,0,0,0,8,464,5,45,0,0,0,0,0,0,0,0,0,0,0,0,0,0,0,0,0,0,0,0,0,0,237,17276,0,0,0,0
21082.057,15811,63,0,0,0,0,0,8,526,5,45,0,0,0,0,0,0,0,0,0,0,0,0,0,0,0,0,0,0,0,0,0,0,232,16934,0,0,0,0
21099.475,17417,57,0,0,0,0,0,8,490,5,45,0,0,0,0,0,0,0,0,0,0,0,0,0,0,0,0,0,0,0,0,0,0,202,15051,0,0,0,0
21115.792,16317,61,0,0,0,0,0,8,497,5,45,0,0,0,0,0,0,0,0,0,0,0,0,0,0,0,0,0,0,0,0,0,0,238,17951,0,0,0,0
21132.485,16693,59,0,0,0,0,0,8,496,5,45,0,0,0,0,0,0,0,0,0,0,0,0,0,0,0,0,0,0,0,0,0,0,207,15760,0,0,0,0
21149.963,17477,57,0,0,0,0,0,8,525,5,45,0,0,0,0,0,0,0,0,0,0,0,0,0,0,0,0,0,0,0,0,0,0,223,16820,0,0,0,0
21166.190,16226,61,0,0,0,0,0,8,466,5,45,0,0,0,0,0,0,0,0,0,0,0,0,0,0,0,0,0,0,0,0,0,0,231,17476,0,0,0,0
21182.733,16543,60,0,0,0,0,0,8,520,5,45,0,0,0,0,0,0,0,0,0,0,0,0,0,0,0,0,0,0,0,0,0,0,257,16992,0,0,0,0
21199.506,16773,59,0,0,0,0,0,8,489,5,45,0,0,0,0,0,0,0,0,0,0,0,0,0,0,0,0,0,0,0,0,0,0,204,15733,0,0,0,0
21215.799,16292,61,0,0,0,0,0,8,470,5,45,0,0,0,0,0,0,0,0,0,0,0,0,0,0,0,0,0,0,0,0,0,0,225,16731,0,0,0,0
21232.143,16344,61,0,0,0,0,0,8,524,5,45,0,0,0,0,0,0,0,0,0,0,0,0,0,0,0,0,0,0,0,0,0,0,210,16411,0,0,0,0
21249.009,16866,59,0,0,0,0,0,8,504,5,45,0,0,0,0,0,0,0,0,0,0,0,0,0,0,0,0,0,0,0,0,0,0,232,16297,0,0,0,0
21266.191,17181,58,0,0,0,0,0,8,486,5,45,0,0,0,0,0,0,0,0,0,0,0,0,0,0,0,0,0,0,0,0,0,0,226,16895,0,0,0,0
21283.130,16939,59,0,0,0,0,0,8,495,5,45,0,0,0,0,0,0,0,0,0,0,0,0,0,0,0,0,0,0,0,0,0,0,226,17875,0,0,0,0
21300.083,16952,58,0,0,0,0,0,8,529,5,45,0,0,0,0,0,0,0,0,0,0,0,0,0,0,0,0,0,0,0,0,0,0,204,16128,0,0,0,0
21316.139,16056,62,0,0,0,0,0,8,460,5,45,0,0,0,0,0,0,0,0,0,0,0,0,0,0,0,0,0,0,0,0,0,0,230,17000,0,0,0,0
21332.686,16546,60,0,0,0,0,0,8,521,5,45,0,0,0,0,0,0,0,0,0,0,0,0,0,0,0,0,0,0,0,0,0,0,247,16912,0,0,0,0
21349.524,16838,59,0,0,0,0,0,8,525,5,45,0,0,0,0,0,0,0,0,0,0,0,0,0,0,0,0,0,0,0,0,0,0,231,15708,0,0,0,0
21366.962,17438,57,0,0,0,0,0,8,430,5,45,0,0,0,0,0,0,0,0,0,0,0,0,0,0,0,0,0,0,0,0,0,0,218,16878,0,0,0,0
21382.226,15263,65,0,0,0,0,0,8,528,5,45,0,0,0,0,0,0,0,0,0,0,0,0,0,0,0,0,0,0,0,0,0,0,257,17436,0,0,0,0
21399.004,16777,59,0,0,0,0,0,8,503,5,45,0,0,0,0,0,0,0,0,0,0,0,0,0,0,0,0,0,0,0,0,0,0,202,15142,0,0,0,0
21416.250,17245,57,0,0,0,0,0,8,487,5,45,0,0,0,0,0,0,0,0,0,0,0,0,0,0,0,0,0,0,0,0,0,0,246,16955,0,0,0,0
21432.727,16477,60,0,0,0,0,0,8,530,5,45,0,0,0,0,0,0,0,0,0,0,0,0,0,0,0,0,0,0,0,0,0,0,229,17144,0,0,0,0
21449.271,16543,60,0,0,0,0,0,8,471,5,45,0,0,0,0,0,0,0,0,0,0,0,0,0,0,0,0,0,0,0,0,0,0,222,16439,0,0,0,0
21466.121,16849,59,0,0,0,0,0,8,484,5,45,0,0,0,0,0,0,0,0,0,0,0,0,0,0,0,0,0,0,0,0,0,0,233,17245,0,0,0,0
21482.975,16854,59,0,0,0,0,0,8,522,5,45,0,0,0,0,0,0,0,0,0,0,0,0,0,0,0,0,0,0,0,0,0,0,215,16171,0,0,0,0
21499.552,16577,60,0,0,0,0,0,8,524,5,45,0,0,0,0,0,0,0,0,0,0,0,0,0,0,0,0,0,0,0,0,0,0,223,16873,0,0,0,0
21516.102,16550,60,0,0,0,0,0,8,466,5,45,0,0,0,0,0,0,0,0,0,0,0,0,0,0,0,0,0,0,0,0,0,0,224,16613,0,0,0,0
21532.536,16434,60,0,0,0,0,0,8,495,5,45,0,0,0,0,0,0,0,0,0,0,0,0,0,0,0,0,0,0,0,0,0,0,233,16488,0,0,0,0
21549.005,16468,60,0,0,0,0,0,8,502,5,45,0,0,0,0,0,0,0,0,0,0,0,0,0,0,0,0,0,0,0,0,0,0,227,16459,0,0,0,0
21566.962,17957,55,0,0,0,0,0,8,488,5,45,0,0,0,0,0,0,0,0,0,0,0,0,0,0,0,0,0,0,0,0,0,0,229,16530,0,0,0,0
21583.043,16081,62,0,0,0,0,0,8,526,5,45,0,0,0,0,0,0,0,0,0,0,0,0,0,0,0,0,0,0,0,0,0,0,265,18000,0,0,0,0
21598.990,15946,62,0,0,0,0,0,8,492,5,45,0,0,0,0,0,0,0,0,0,0,0,0,0,0,0,0,0,0,0,0,0,0,197,15930,0,0,0,0
21616.989,17978,55,0,0,0,0,0,8,474,5,45,0,0,0,0,0,0,0,0,0,0,0,0,0,0,0,0,0,0,0,0,0,0,241,15961,0,0,0,0
21632.612,15643,63,0,0,0,0,0,8,526,5,45,0,0,0,0,0,0,0,0,0,0,0,0,0,0,0,0,0,0,0,0,0,0,229,18058,0,0,0,0
21649.468,16856,59,0,0,0,0,0,8,498,5,45,0,0,0,0,0,0,0,0,0,0,0,0,0,0,0,0,0,0,0,0,0,0,231,15586,0,0,0,0
21666.094,16625,60,0,0,0,0,0,8,498,5,45,0,0,0,0,0,0,0,0,0,0,0,0,0,0,0,0,0,0,0,0,0,0,224,17320,0,0,0,0
21682.478,16374,61,0,0,0,0,0,8,490,5,45,0,0,0,0,0,0,0,0,0,0,0,0,0,0,0,0,0,0,0,0,0,0,229,16181,0,0,0,0
21699.511,17043,58,0,0,0,0,0,8,496,5,45,0,0,0,0,0,0,0,0,0,0,0,0,0,0,0,0,0,0,0,0,0,0,220,16384,0,0,0,0
21715.669,16158,61,0,0,0,0,0,8,493,5,45,0,0,0,0,0,0,0,0,0,0,0,0,0,0,0,0,0,0,0,0,0,0,222,16070,0,0,0,0
21732.551,16882,59,0,0,0,0,0,8,530,5,45,0,0,0,0,0,0,0,0,0,0,0,0,0,0,0,0,0,0,0,0,0,0,238,17129,0,0,0,0
21749.636,17084,58,0,0,0,0,0,8,525,5,45,0,0,0,0,0,0,0,0,0,0,0,0,0,0,0,0,0,0,0,0,0,0,237,16859,0,0,0,0
21765.626,15990,62,0,0,0,0,0,8,434,5,45,0,0,0,0,0,0,0,0,0,0,0,0,0,0,0,0,0,0,0,0,0,0,256,17104,0,0,0,0
21782.965,17338,57,0,0,0,0,0,8,525,5,45,0,0,0,0,0,0,0,0,0,0,0,0,0,0,0,0,0,0,0,0,0,0,248,16010,0,0,0,0
21799.489,16524,60,0,0,0,0,0,8,520,5,45,0,0,0,0,0,0,0,0,0,0,0,0,0,0,0,0,0,0,0,0,0,0,205,16271,0,0,0,0
21815.863,16374,61,0,0,0,0,0,8,467,5,45,0,0,0,0,0,0,0,0,0,0,0,0,0,0,0,0,0,0,0,0,0,0,243,17646,0,0,0,0
21833.098,17234,58,0,0,0,0,0,8,527,5,45,0,0,0,0,0,0,0,0,0,0,0,0,0,0,0,0,0,0,0,0,0,0,241,16350,0,0,0,0
21849.524,16426,60,0,0,0,0,0,8,489,5,45,0,0,0,0,0,0,0,0,0,0,0,0,0,0,0,0,0,0,0,0,0,0,236,17215,0,0,0,0
21866.095,16570,60,0,0,0,0,0,8,465,5,45,0,0,0,0,0,0,0,0,0,0,0,0,0,0,0,0,0,0,0,0,0,0,239,16441,0,0,0,0
21882.958,16862,59,0,0,0,0,0,8,524,5,45,0,0,0,0,0,0,0,0,0,0,0,0,0,0,0,0,0,0,0,0,0,0,256,17355,0,0,0,0
21899.506,16548,60,0,0,0,0,0,8,522,5,45,0,0,0,0,0,0,0,0,0,0,0,0,0,0,0,0,0,0,0,0,0,0,219,16027,0,0,0,0
21916.956,17449,57,0,0,0,0,0,8,462,5,45,0,0,0,0,0,0,0,0,0,0,0,0,0,0,0,0,0,0,0,0,0,0,229,16619,0,0,0,0
21932.760,15804,63,0,0,0,0,0,8,497,5,45,0,0,0,0,0,0,0,0,0,0,0,0,0,0,0,0,0,0,0,0,0,0,231,17375,0,0,0,0
21949.468,16707,59,0,0,0,0,0,8,2703,5,45,0,0,0,0,0,0,0,0,0,0,0,0,0,0,0,0,0,0,0,0,0,0,555,25361,0,0,0,0
21966.279,16811,59,0,0,0,0,0,8,2383,5,45,0,0,0,0,0,0,0,0,0,0,0,0,0,0,0,0,0,0,0,0,0,0,238,17010,0,0,0,0
21982.576,16296,61,0,0,0,0,0,8,863,5,45,0,0,0,0,0,0,0,0,0,0,0,0,0,0,0,0,0,0,0,0,0,0,166,7711,0,0,0,0
21999.419,16843,59,0,0,0,0,0,8,3135,5,45,0,0,0,0,0,0,0,0,0,0,0,0,0,0,0,0,0,0,0,0,0,0,221,19752,0,0,0,0
22015.833,16414,60,0,0,0,0,0,8,583,5,45,0,0,0,0,0,0,0,0,0,0,0,0,0,0,0,0,0,0,0,0,0,0,209,12683,0,0,0,0
22032.540,16706,59,0,0,0,0,0,8,668,5,45,0,0,0,0,0,0,0,0,0,0,0,0,0,0,0,0,0,0,0,0,0,0,257,16856,0,0,0,0
22049.421,16880,59,0,0,0,0,0,8,737,5,45,0,0,0,0,0,0,0,0,0,0,0,0,0,0,0,0,0,0,0,0,0,0,240,16712,0,0,0,0
22066.281,16860,59,0,0,0,0,0,8,744,5,45,0,0,0,0,0,0,0,0,0,0,0,0,0,0,0,0,0,0,0,0,0,0,1525,17778,0,0,0,0
22082.036,15754,63,0,0,0,0,0,8,698,5,45,0,0,0,0,0,0,0,0,0,0,0,0,0,0,0,0,0,0,0,0,0,0,218,16568,0,0,0,0
22099.969,17933,55,0,0,0,0,0,8,651,5,45,0,0,0,0,0,0,0,0,0,0,0,0,0,0,0,0,0,0,0,0,0,0,211,15138,0,0,0,0
22116.599,16630,60,0,0,0,0,0,8,565,5,45,0,0,0,0,0,0,0,0,0,0,0,0,0,0,0,0,0,0,0,0,0,0,216,17962,0,0,0,0
22132.698,16099,62,0,0,0,0,0,8,629,5,45,0,0,0,0,0,0,0,0,0,0,0,0,0,0,0,0,0,0,0,0,0,0,216,16110,0,0,0,0
22149.470,16771,59,0,0,0,0,0,8,606,5,45,0,0,0,0,0,0,0,0,0,0,0,0,0,0,0,0,0,0,0,0,0,0,244,16190,0,0,0,0
22165.678,16207,61,0,0,0,0,0,8,564,5,45,0,0,0,0,0,0,0,0,0,0,0,0,0,0,0,0,0,0,0,0,0,0,273,16976,0,0,0,0
22182.960,17282,57,0,0,0,0,0,8,677,5,45,0,0,0,0,0,0,0,0,0,0,0,0,0,0,0,0,0,0,0,0,0,0,250,15937,0,0,0,0
22199.953,16993,58,0,0,0,0,0,8,659,5,45,0,0,0,0,0,0,0,0,0,0,0,0,0,0,0,0,0,0,0,0,0,0,234,17356,0,0,0,0
22215.664,15711,63,0,0,0,0,0,8,582,5,45,0,0,0,0,0,0,0,0,0,0,0,0,0,0,0,0,0,0,0,0,0,0,252,17059,0,0,0,0
22233.100,17425,57,0,0,0,0,0,8,657,5,45,0,0,0,0,0,0,0,0,0,0,0,0,0,0,0,0,0,0,0,0,0,0,237,15624,0,0,0,0
22249.972,16881,59,0,0,0,0,0,8,609,5,45,0,0,0,0,0,0,0,0,0,0,0,0,0,0,0,0,0,0,0,0,0,0,246,17525,0,0,0,0
22266.141,16169,61,0,0,0,0,0,8,572,5,45,0,0,0,0,0,0,0,0,0,0,0,0,0,0,0,0,0,0,0,0,0,0,243,16832,0,0,0,0
22282.477,16326,61,0,0,0,0,0,8,639,5,45,0,0,0,0,0,0,0,0,0,0,0,0,0,0,0,0,0,0,0,0,0,0,238,16123,0,0,0,0
22299.955,17487,57,0,0,0,0,0,8,643,5,45,0,0,0,0,0,0,0,0,0,0,0,0,0,0,0,0,0,0,0,0,0,0,239,16385,0,0,0,0
22316.226,16270,61,0,0,0,0,0,8,576,5,45,0,0,0,0,0,0,0,0,0,0,0,0,0,0,0,0,0,0,0,0,0,0,235,17469,0,0,0,0
22332.699,16473,60,0,0,0,0,0,8,607,5,45,0,0,0,0,0,0,0,0,0,0,0,0,0,0,0,0,0,0,0,0,0,0,235,16927,0,0,0,0
22349.913,17213,58,0,0,0,0,0,8,637,5,45,0,0,0,0,0,0,0,0,0,0,0,0,0,0,0,0,0,0,0,0,0,0,210,15730,0,0,0,0
22367.023,17110,58,0,0,0,0,0,8,1252,5,45,0,0,0,0,0,0,0,0,0,0,0,0,0,0,0,0,0,0,0,0,0,0,226,18450,0,0,0,0
22382.485,15462,64,0,0,0,0,0,8,653,5,45,0,0,0,0,0,0,0,0,0,0,0,0,0,0,0,0,0,0,0,0,0,0,233,15928,0,0,0,0
22399.477,16991,58,0,0,0,0,0,8,600,5,45,0,0,0,0,0,0,0,0,0,0,0,0,0,0,0,0,0,0,0,0,0,0,221,15493,0,0,0,0
22416.092,16615,60,0,0,0,0,0,8,603,5,45,0,0,0,0,0,0,0,0,0,0,0,0,0,0,0,0,0,0,0,0,0,0,242,16995,0,0,0,0
22432.888,16795,59,0,0,0,0,0,8,648,5,45,0,0,0,0,0,0,0,0,0,0,0,0,0,0,0,0,0,0,0,0,0,0,234,17416,0,0,0,0
22449.429,16541,60,0,0,0,0,0,8,650,5,45,0,0,0,0,0,0,0,0,0,0,0,0,0,0,0,0,0,0,0,0,0,0,204,15889,0,0,0,0
22465.797,16367,61,0,0,0,0,0,8,584,5,45,0,0,0,0,0,0,0,0,0,0,0,0,0,0,0,0,0,0,0,0,0,0,222,16736,0,0,0,0
22483.092,17295,57,0,0,0,0,0,8,626,5,45,0,0,0,0,0,0,0,0,0,0,0,0,0,0,0,0,0,0,0,0,0,0,219,16224,0,0,0,0
22499.153,16060,62,0,0,0,0,0,8,645,5,45,0,0,0,0,0,0,0,0,0,0,0,0,0,0,0,0,0,0,0,0,0,0,236,17341,0,0,0,0
22516.965,17812,56,0,0,0,0,0,8,596,5,45,0,0,0,0,0,0,0,0,0,0,0,0,0,0,0,0,0,0,0,0,0,0,221,16030,0,0,0,0
22532.546,15581,64,0,0,0,0,0,8,646,5,45,0,0,0,0,0,0,0,0,0,0,0,0,0,0,0,0,0,0,0,0,0,0,229,17822,0,0,0,0
22549.599,17053,58,0,0,0,0,0,8,656,5,45,0,0,0,0,0,0,0,0,0,0,0,0,0,0,0,0,0,0,0,0,0,0,220,15519,0,0,0,0
22566.226,16627,60,0,0,0,0,0,8,552,5,45,0,0,0,0,0,0,0,0,0,0,0,0,0,0,0,0,0,0,0,0,0,0,229,17129,0,0,0,0
22583.126,16899,59,0,0,0,0,0,8,648,5,45,0,0,0,0,0,0,0,0,0,0,0,0,0,0,0,0,0,0,0,0,0,0,270,17343,0,0,0,0
22599.523,16396,60,0,0,0,0,0,8,649,5,45,0,0,0,0,0,0,0,0,0,0,0,0,0,0,0,0,0,0,0,0,0,0,228,16100,0,0,0,0
22616.967,17444,57,0,0,0,0,0,8,2737,5,45,0,0,0,0,0,0,0,0,0,0,0,0,0,0,0,0,0,0,0,0,0,0,237,18931,0,0,0,0
22632.564,15597,64,0,0,0,0,0,8,659,5,45,0,0,0,0,0,0,0,0,0,0,0,0,0,0,0,0,0,0,0,0,0,0,208,14982,0,0,0,0
22649.509,16945,59,0,0,0,0,0,8,631,5,45,0,0,0,0,0,0,0,0,0,0,0,0,0,0,0,0,0,0,0,0,0,0,225,15569,0,0,0,0
22666.015,16506,60,0,0,0,0,0,8,600,5,45,0,0,0,0,0,0,0,0,0,0,0,0,0,0,0,0,0,0,0,0,0,0,234,17026,0,0,0,0
22683.093,17077,58,0,0,0,0,0,8,667,5,45,0,0,0,0,0,0,0,0,0,0,0,0,0,0,0,0,0,0,0,0,0,0,246,16490,0,0,0,0
22699.519,16426,60,0,0,0,0,0,8,661,5,45,0,0,0,0,0,0,0,0,0,0,0,0,0,0,0,0,0,0,0,0,0,0,251,17096,0,0,0,0
22716.114,16594,60,0,0,0,0,0,8,602,5,45,0,0,0,0,0,0,0,0,0,0,0,0,0,0,0,0,0,0,0,0,0,0,216,16404,0,0,0,0
22732.532,16418,60,0,0,0,0,0,8,624,5,45,0,0,0,0,0,0,0,0,0,0,0,0,0,0,0,0,0,0,0,0,0,0,244,16553,0,0,0,0
22748.808,16275,61,0,0,0,0,0,8,640,5,45,0,0,0,0,0,0,0,0,0,0,0,0,0,0,0,0,0,0,0,0,0,0,224,16408,0,0,0,0
22766.956,18147,55,0,0,0,0,0,8,625,5,45,0,0,0,0,0,0,0,0,0,0,0,0,0,0,0,0,0,0,0,0,0,0,229,16442,0,0,0,0
22782.512,15555,64,0,0,0,0,0,8,662,5,45,0,0,0,0,0,0,0,0,0,0,0,0,0,0,0,0,0,0,0,0,0,0,247,18014,0,0,0,0
22799.337,16824,59,0,0,0,0,0,8,636,5,45,0,0,0,0,0,0,0,0,0,0,0,0,0,0,0,0,0,0,0,0,0,0,208,15564,0,0,0,0
22816.086,16749,59,0,0,0,0,0,8,601,5,45,0,0,0,0,0,0,0,0,0,0,0,0,0,0,0,0,0,0,0,0,0,0,244,16820,0,0,0,0
22832.628,16541,60,0,0,0,0,0,8,664,5,45,0,0,0,0,0,0,0,0,0,0,0,0,0,0,0,0,0,0,0,0,0,0,226,17529,0,0,0,0
22849.011,16382,61,0,0,0,0,0,8,635,5,45,0,0,0,0,0,0,0,0,0,0,0,0,0,0,0,0,0,0,0,0,0,0,217,15613,0,0,0,0
22866.948,17936,55,0,0,0,0,0,8,627,5,45,0,0,0,0,0,0,0,0,0,0,0,0,0,0,0,0,0,0,0,0,0,0,229,16612,0,0,0,0
22882.679,15731,63,0,0,0,0,0,8,630,5,45,0,0,0,0,0,0,0,0,0,0,0,0,0,0,0,0,0,0,0,0,0,0,223,17803,0,0,0,0
22899.522,16842,59,0,0,0,0,0,8,664,5,45,0,0,0,0,0,0,0,0,0,0,0,0,0,0,0,0,0,0,0,0,0,0,217,15632,0,0,0,0
22916.087,16565,60,0,0,0,0,0,8,599,5,45,0,0,0,0,0,0,0,0,0,0,0,0,0,0,0,0,0,0,0,0,0,0,201,16894,0,0,0,0
22932.537,16450,60,0,0,0,0,0,8,663,5,45,0,0,0,0,0,0,0,0,0,0,0,0,0,0,0,0,0,0,0,0,0,0,236,17528,0,0,0,0
22949.964,17413,57,0,0,0,0,0,8,669,5,45,0,0,0,0,0,0,0,0,0,0,0,0,0,0,0,0,0,0,0,0,0,0,218,15556,0,0,0,0
22966.958,17006,58,0,0,0,0,0,8,568,5,45,0,0,0,0,0,0,0,0,0,0,0,0,0,0,0,0,0,0,0,0,0,0,234,17451,0,0,0,0
22982.521,15564,64,0,0,0,0,0,8,658,5,45,0,0,0,0,0,0,0,0,0,0,0,0,0,0,0,0,0,0,0,0,0,0,243,17044,0,0,0,0
22999.522,17000,58,0,0,0,0,0,8,663,5,45,0,0,0,0,0,0,0,0,0,0,0,0,0,0,0,0,0,0,0,0,0,0,221,15523,0,0,0,0
23016.165,16643,60,0,0,0,0,0,8,599,5,45,0,0,0,0,0,0,0,0,0,0,0,0,0,0,0,0,0,0,0,0,0,0,219,17010,0,0,0,0
23032.567,16402,60,0,0,0,0,0,8,663,5,45,0,0,0,0,0,0,0,0,0,0,0,0,0,0,0,0,0,0,0,0,0,0,286,17521,0,0,0,0
23048.951,16384,61,0,0,0,0,0,8,628,5,45,0,0,0,0,0,0,0,0,0,0,0,0,0,0,0,0,0,0,0,0,0,0,225,15472,0,0,0,0
23066.963,18011,55,0,0,0,0,0,8,602,5,45,0,0,0,0,0,0,0,0,0,0,0,0,0,0,0,0,0,0,0,0,0,0,241,16383,0,0,0,0
23083.085,16122,62,0,0,0,0,0,8,663,5,45,0,0,0,0,0,0,0,0,0,0,0,0,0,0,0,0,0,0,0,0,0,0,221,17970,0,0,0,0
23099.219,16133,61,0,0,0,0,0,8,663,5,45,0,0,0,0,0,0,0,0,0,0,0,0,0,0,0,0,0,0,0,0,0,0,223,16276,0,0,0,0
23116.951,17731,56,0,0,0,0,0,8,600,5,45,0,0,0,0,0,0,0,0,0,0,0,0,0,0,0,0,0,0,0,0,0,0,218,16072,0,0,0,0
23132.885,15935,62,0,0,0,0,0,8,631,5,45,0,0,0,0,0,0,0,0,0,0,0,0,0,0,0,0,0,0,0,0,0,0,240,17742,0,0,0,0
23149.515,16629,60,0,0,0,0,0,8,658,5,45,0,0,0,0,0,0,0,0,0,0,0,0,0,0,0,0,0,0,0,0,0,0,238,15916,0,0,0,0
23166.948,17433,57,0,0,0,0,0,8,603,5,45,0,0,0,0,0,0,0,0,0,0,0,0,0,0,0,0,0,0,0,0,0,0,223,16558,0,0,0,0
23182.552,15603,64,0,0,0,0,0,8,664,5,45,0,0,0,0,0,0,0,0,0,0,0,0,0,0,0,0,0,0,0,0,0,0,267,17598,0,0,0,0
23199.003,16450,60,0,0,0,0,0,8,621,5,45,0,0,0,0,0,0,0,0,0,0,0,0,0,0,0,0,0,0,0,0,0,0,243,15985,0,0,0,0
23216.957,17943,55,0,0,0,0,0,8,605,5,45,0,0,0,0,0,0,0,0,0,0,0,0,0,0,0,0,0,0,0,0,0,0,225,15932,0,0,0,0
23232.832,15885,62,0,0,0,0,0,8,659,5,45,0,0,0,0,0,0,0,0,0,0,0,0,0,0,0,0,0,0,0,0,0,0,224,17988,0,0,0,0
23249.957,17125,58,0,0,0,0,0,8,667,5,45,0,0,0,0,0,0,0,0,0,0,0,0,0,0,0,0,0,0,0,0,0,0,222,15777,0,0,0,0
23266.959,17001,58,0,0,0,0,0,8,601,5,45,0,0,0,0,0,0,0,0,0,0,0,0,0,0,0,0,0,0,0,0,0,0,248,17239,0,0,0,0
23282.563,15604,64,0,0,0,0,0,8,631,5,45,0,0,0,0,0,0,0,0,0,0,0,0,0,0,0,0,0,0,0,0,0,0,222,16961,0,0,0,0
23299.507,16943,59,0,0,0,0,0,8,667,5,45,0,0,0,0,0,0,0,0,0,0,0,0,0,0,0,0,0,0,0,0,0,0,221,15581,0,0,0,0
23316.156,16649,60,0,0,0,0,0,8,603,5,45,0,0,0,0,0,0,0,0,0,0,0,0,0,0,0,0,0,0,0,0,0,0,237,17095,0,0,0,0
23332.572,16415,60,0,0,0,0,0,8,658,5,45,0,0,0,0,0,0,0,0,0,0,0,0,0,0,0,0,0,0,0,0,0,0,239,17334,0,0,0,0
23349.491,16918,59,0,0,0,0,0,8,660,5,45,0,0,0,0,0,0,0,0,0,0,0,0,0,0,0,0,0,0,0,0,0,0,233,15949,0,0,0,0
23366.121,16630,60,0,0,0,0,0,8,564,5,45,0,0,0,0,0,0,0,0,0,0,0,0,0,0,0,0,0,0,0,0,0,0,244,16655,0,0,0,0
23382.455,16334,61,0,0,0,0,0,8,662,5,45,0,0,0,0,0,0,0,0,0,0,0,0,0,0,0,0,0,0,0,0,0,0,242,17365,0,0,0,0
23399.001,16546,60,0,0,0,0,0,8,640,5,45,0,0,0,0,0,0,0,0,0,0,0,0,0,0,0,0,0,0,0,0,0,0,222,15703,0,0,0,0
23416.956,17954,55,0,0,0,0,0,8,630,5,45,0,0,0,0,0,0,0,0,0,0,0,0,0,0,0,0,0,0,0,0,0,0,230,16341,0,0,0,0
23432.175,15218,65,0,0,0,0,0,8,655,5,45,0,0,0,0,0,0,0,0,0,0,0,0,0,0,0,0,0,0,0,0,0,0,233,17930,0,0,0,0
23449.457,17282,57,0,0,0,0,0,8,602,5,45,0,0,0,0,0,0,0,0,0,0,0,0,0,0,0,0,0,0,0,0,0,0,225,15130,0,0,0,0
23466.079,16622,60,0,0,0,0,0,8,632,5,45,0,0,0,0,0,0,0,0,0,0,0,0,0,0,0,0,0,0,0,0,0,0,221,17830,0,0,0,0
23482.464,16374,61,0,0,0,0,0,8,660,5,45,0,0,0,0,0,0,0,0,0,0,0,0,0,0,0,0,0,0,0,0,0,0,234,17054,0,0,0,0
23499.459,17005,58,0,0,0,0,0,8,636,5,45,0,0,0,0,0,0,0,0,0,0,0,0,0,0,0,0,0,0,0,0,0,0,221,15471,0,0,0,0
23516.242,16782,59,0,0,0,0,0,8,626,5,45,0,0,0,0,0,0,0,0,0,0,0,0,0,0,0,0,0,0,0,0,0,0,224,17063,0,0,0,0
23532.665,16423,60,0,0,0,0,0,8,624,5,45,0,0,0,0,0,0,0,0,0,0,0,0,0,0,0,0,0,0,0,0,0,0,234,17437,0,0,0,0
23549.494,16828,59,0,0,0,0,0,8,659,5,45,0,0,0,0,0,0,0,0,0,0,0,0,0,0,0,0,0,0,0,0,0,0,236,16010,0,0,0,0
23566.961,17467,57,0,0,0,0,0,8,606,5,45,0,0,0,0,0,0,0,0,0,0,0,0,0,0,0,0,0,0,0,0,0,0,228,16649,0,0,0,0
23583.029,16067,62,0,0,0,0,0,8,665,5,45,0,0,0,0,0,0,0,0,0,0,0,0,0,0,0,0,0,0,0,0,0,0,243,17450,0,0,0,0
23599.468,16439,60,0,0,0,0,0,8,602,5,45,0,0,0,0,0,0,0,0,0,0,0,0,0,0,0,0,0,0,0,0,0,0,218,16401,0,0,0,0
23616.060,16592,60,0,0,0,0,0,8,616,5,45,0,0,0,0,0,0,0,0,0,0,0,0,0,0,0,0,0,0,0,0,0,0,227,16478,0,0,0,0
23632.720,16659,60,0,0,0,0,0,8,669,5,45,0,0,0,0,0,0,0,0,0,0,0,0,0,0,0,0,0,0,0,0,0,0,240,16158,0,0,0,0
23649.941,17220,58,0,0,0,0,0,8,667,5,45,0,0,0,0,0,0,0,0,0,0,0,0,0,0,0,0,0,0,0,0,0,0,229,16676,0,0,0,0
23666.151,16210,61,0,0,0,0,0,8,603,5,45,0,0,0,0,0,0,0,0,0,0,0,0,0,0,0,0,0,0,0,0,0,0,236,17255,0,0,0,0
23682.902,16751,59,0,0,0,0,0,8,628,5,45,0,0,0,0,0,0,0,0,0,0,0,0,0,0,0,0,0,0,0,0,0,0,244,16938,0,0,0,0
23699.595,16693,59,0,0,0,0,0,8,669,5,45,0,0,0,0,0,0,0,0,0,0,0,0,0,0,0,0,0,0,0,0,0,0,232,15974,0,0,0,0
23716.224,16629,60,0,0,0,0,0,8,600,5,45,0,0,0,0,0,0,0,0,0,0,0,0,0,0,0,0,0,0,0,0,0,0,238,16682,0,0,0,0
23732.095,15870,63,0,0,0,0,0,8,660,5,45,0,0,0,0,0,0,0,0,0,0,0,0,0,0,0,0,0,0,0,0,0,0,239,17351,0,0,0,0
23749.479,17384,57,0,0,0,0,0,8,664,5,45,0,0,0,0,0,0,0,0,0,0,0,0,0,0,0,0,0,0,0,0,0,0,223,15076,0,0,0,0
23766.944,17464,57,0,0,0,0,0,8,567,5,45,0,0,0,0,0,0,0,0,0,0,0,0,0,0,0,0,0,0,0,0,0,0,234,17452,0,0,0,0
23782.744,15800,63,0,0,0,0,0,8,664,5,45,0,0,0,0,0,0,0,0,0,0,0,0,0,0,0,0,0,0,0,0,0,0,235,17517,0,0,0,0
23799.379,16635,60,0,0,0,0,0,8,663,5,45,0,0,0,0,0,0,0,0,0,0,0,0,0,0,0,0,0,0,0,0,0,0,227,15915,0,0,0,0
23816.939,17560,56,0,0,0,0,0,8,595,5,45,0,0,0,0,0,0,0,0,0,0,0,0,0,0,0,0,0,0,0,0,0,0,232,16436,0,0,0,0
23832.945,16006,62,0,0,0,0,0,8,667,5,45,0,0,0,0,0,0,0,0,0,0,0,0,0,0,0,0,0,0,0,0,0,0,239,17647,0,0,0,0
23848.948,16002,62,0,0,0,0,0,8,589,5,45,0,0,0,0,0,0,0,0,0,0,0,0,0,0,0,0,0,0,0,0,0,0,243,15984,0,0,0,0
23866.122,17174,58,0,0,0,0,0,8,636,5,45,0,0,0,0,0,0,0,0,0,0,0,0,0,0,0,0,0,0,0,0,0,0,233,16088,0,0,0,0
23882.671,16548,60,0,0,0,0,0,8,667,5,45,0,0,0,0,0,0,0,0,0,0,0,0,0,0,0,0,0,0,0,0,0,0,234,17076,0,0,0,0
23899.193,16521,60,0,0,0,0,0,8,666,5,45,0,0,0,0,0,0,0,0,0,0,0,0,0,0,0,0,0,0,0,0,0,0,235,16552,0,0,0,0
23916.076,16883,59,0,0,0,0,0,8,599,5,45,0,0,0,0,0,0,0,0,0,0,0,0,0,0,0,0,0,0,0,0,0,0,212,16629,0,0,0,0
23932.074,15997,62,0,0,0,0,0,8,627,5,45,0,0,0,0,0,0,0,0,0,0,0,0,0,0,0,0,0,0,0,0,0,0,225,17577,0,0,0,0
23949.466,17392,57,0,0,0,0,0,8,665,5,45,0,0,0,0,0,0,0,0,0,0,0,0,0,0,0,0,0,0,0,0,0,0,224,15161,0,0,0,0
23966.136,16669,59,0,0,0,0,0,8,598,5,45,0,0,0,0,0,0,0,0,0,0,0,0,0,0,0,0,0,0,0,0,0,0,224,17419,0,0,0,0
23982.515,16379,61,0,0,0,0,0,8,664,5,45,0,0,0,0,0,0,0,0,0,0,0,0,0,0,0,0,0,0,0,0,0,0,232,17498,0,0,0,0
23999.491,16976,58,0,0,0,0,0,8,631,5,45,0,0,0,0,0,0,0,0,0,0,0,0,0,0,0,0,0,0,0,0,0,0,211,15431,0,0,0,0
24016.975,17483,57,0,0,0,0,0,8,604,5,45,0,0,0,0,0,0,0,0,0,0,0,0,0,0,0,0,0,0,0,0,0,0,222,17230,0,0,0,0
24032.766,15790,63,0,0,0,0,0,8,664,5,45,0,0,0,0,0,0,0,0,0,0,0,0,0,0,0,0,0,0,0,0,0,0,232,17263,0,0,0,0
24049.955,17189,58,0,0,0,0,0,8,670,5,45,0,0,0,0,0,0,0,0,0,0,0,0,0,0,0,0,0,0,0,0,0,0,223,15858,0,0,0,0
24066.949,16994,58,0,0,0,0,0,8,599,5,45,0,0,0,0,0,0,0,0,0,0,0,0,0,0,0,0,0,0,0,0,0,0,248,17224,0,0,0,0
24082.519,15569,64,0,0,0,0,0,8,626,5,45,0,0,0,0,0,0,0,0,0,0,0,0,0,0,0,0,0,0,0,0,0,0,236,17000,0,0,0,0
24098.951,16432,60,0,0,0,0,0,8,625,5,45,0,0,0,0,0,0,0,0,0,0,0,0,0,0,0,0,0,0,0,0,0,0,221,15524,0,0,0,0
24116.960,18009,55,0,0,0,0,0,8,647,5,45,0,0,0,0,0,0,0,0,0,0,0,0,0,0,0,0,0,0,0,0,0,0,226,16502,0,0,0,0
24132.950,15989,62,0,0,0,0,0,8,666,5,45,0,0,0,0,0,0,0,0,0,0,0,0,0,0,0,0,0,0,0,0,0,0,240,17994,0,0,0,0
24149.602,16651,60,0,0,0,0,0,8,665,5,45,0,0,0,0,0,0,0,0,0,0,0,0,0,0,0,0,0,0,0,0,0,0,228,15969,0,0,0,0
24166.121,16518,60,0,0,0,0,0,8,565,5,45,0,0,0,0,0,0,0,0,0,0,0,0,0,0,0,0,0,0,0,0,0,0,236,16940,0,0,0,0
24182.633,16512,60,0,0,0,0,0,8,661,5,45,0,0,0,0,0,0,0,0,0,0,0,0,0,0,0,0,0,0,0,0,0,0,237,17072,0,0,0,0
24199.957,17323,57,0,0,0,0,0,8,670,5,45,0,0,0,0,0,0,0,0,0,0,0,0,0,0,0,0,0,0,0,0,0,0,229,15622,0,0,0,0
24216.193,16236,61,0,0,0,0,0,8,595,5,45,0,0,0,0,0,0,0,0,0,0,0,0,0,0,0,0,0,0,0,0,0,0,237,17281,0,0,0,0
24233.002,16809,59,0,0,0,0,0,8,665,5,45,0,0,0,0,0,0,0,0,0,0,0,0,0,0,0,0,0,0,0,0,0,0,241,16329,0,0,0,0
24249.935,16933,59,0,0,0,0,0,8,635,5,45,0,0,0,0,0,0,0,0,0,0,0,0,0,0,0,0,0,0,0,0,0,0,233,16770,0,0,0,0
24266.045,16110,62,0,0,0,0,0,8,596,5,45,0,0,0,0,0,0,0,0,0,0,0,0,0,0,0,0,0,0,0,0,0,0,225,17042,0,0,0,0
24282.937,16892,59,0,0,0,0,0,8,666,5,45,0,0,0,0,0,0,0,0,0,0,0,0,0,0,0,0,0,0,0,0,0,0,232,16015,0,0,0,0
24299.935,16997,58,0,0,0,0,0,8,664,5,45,0,0,0,0,0,0,0,0,0,0,0,0,0,0,0,0,0,0,0,0,0,0,233,17008,0,0,0,0
24316.938,17002,58,0,0,0,0,0,8,595,5,45,0,0,0,0,0,0,0,0,0,0,0,0,0,0,0,0,0,0,0,0,0,0,229,16912,0,0,0,0
24332.510,15572,64,0,0,0,0,0,8,627,5,45,0,0,0,0,0,0,0,0,0,0,0,0,0,0,0,0,0,0,0,0,0,0,251,16972,0,0,0,0
24349.312,16801,59,0,0,0,0,0,8,667,5,45,0,0,0,0,0,0,0,0,0,0,0,0,0,0,0,0,0,0,0,0,0,0,229,15563,0,0,0,0
24366.258,16945,59,0,0,0,0,0,8,605,5,45,0,0,0,0,0,0,0,0,0,0,0,0,0,0,0,0,0,0,0,0,0,0,242,16921,0,0,0,0
24382.556,16298,61,0,0,0,0,0,8,664,5,45,0,0,0,0,0,0,0,0,0,0,0,0,0,0,0,0,0,0,0,0,0,0,244,17487,0,0,0,0
24399.951,17394,57,0,0,0,0,0,8,636,5,45,0,0,0,0,0,0,0,0,0,0,0,0,0,0,0,0,0,0,0,0,0,0,233,15991,0,0,0,0
24416.234,16283,61,0,0,0,0,0,8,597,5,45,0,0,0,0,0,0,0,0,0,0,0,0,0,0,0,0,0,0,0,0,0,0,266,17179,0,0,0,0
24432.539,16305,61,0,0,0,0,0,8,665,5,45,0,0,0,0,0,0,0,0,0,0,0,0,0,0,0,0,0,0,0,0,0,0,239,16152,0,0,0,0
24449.935,17395,57,0,0,0,0,0,8,671,5,45,0,0,0,0,0,0,0,0,0,0,0,0,0,0,0,0,0,0,0,0,0,0,236,16304,0,0,0,0
24466.946,17001,58,0,0,0,0,0,8,599,5,45,0,0,0,0,0,0,0,0,0,0,0,0,0,0,0,0,0,0,0,0,0,0,242,17435,0,0,0,0
24482.527,15589,64,0,0,0,0,0,8,630,5,45,0,0,0,0,0,0,0,0,0,0,0,0,0,0,0,0,0,0,0,0,0,0,217,16966,0,0,0,0
24499.458,16931,59,0,0,0,0,0,8,644,5,45,0,0,0,0,0,0,0,0,0,0,0,0,0,0,0,0,0,0,0,0,0,0,240,15584,0,0,0,0
24516.196,16738,59,0,0,0,0,0,8,625,5,45,0,0,0,0,0,0,0,0,0,0,0,0,0,0,0,0,0,0,0,0,0,0,232,17349,0,0,0,0
24532.630,16434,60,0,0,0,0,0,8,661,5,45,0,0,0,0,0,0,0,0,0,0,0,0,0,0,0,0,0,0,0,0,0,0,234,17102,0,0,0,0
24549.935,17305,57,0,0,0,0,0,8,666,5,45,0,0,0,0,0,0,0,0,0,0,0,0,0,0,0,0,0,0,0,0,0,0,227,15642,0,0,0,0
24566.946,17010,58,0,0,0,0,0,8,568,5,45,0,0,0,0,0,0,0,0,0,0,0,0,0,0,0,0,0,0,0,0,0,0,240,17361,0,0,0,0
24582.786,15840,63,0,0,0,0,0,8,664,5,45,0,0,0,0,0,0,0,0,0,0,0,0,0,0,0,0,0,0,0,0,0,0,231,16981,0,0,0,0
24599.452,16665,60,0,0,0,0,0,8,634,5,45,0,0,0,0,0,0,0,0,0,0,0,0,0,0,0,0,0,0,0,0,0,0,230,15824,0,0,0,0
24616.093,16640,60,0,0,0,0,0,8,629,5,45,0,0,0,0,0,0,0,0,0,0,0,0,0,0,0,0,0,0,0,0,0,0,243,17234,0,0,0,0
24632.573,16480,60,0,0,0,0,0,8,658,5,45,0,0,0,0,0,0,0,0,0,0,0,0,0,0,0,0,0,0,0,0,0,0,251,16911,0,0,0,0
24649.023,16450,60,0,0,0,0,0,8,600,5,45,0,0,0,0,0,0,0,0,0,0,0,0,0,0,0,0,0,0,0,0,0,0,199,15492,0,0,0,0
24665.940,16917,59,0,0,0,0,0,8,622,5,45,0,0,0,0,0,0,0,0,0,0,0,0,0,0,0,0,0,0,0,0,0,0,230,17476,0,0,0,0
24682.942,17001,58,0,0,0,0,0,8,666,5,45,0,0,0,0,0,0,0,0,0,0,0,0,0,0,0,0,0,0,0,0,0,0,235,16013,0,0,0,0
24698.813,15870,63,0,0,0,0,0,8,639,5,45,0,0,0,0,0,0,0,0,0,0,0,0,0,0,0,0,0,0,0,0,0,0,231,17056,0,0,0,0
24716.037,17224,58,0,0,0,0,0,8,622,5,45,0,0,0,0,0,0,0,0,0,0,0,0,0,0,0,0,0,0,0,0,0,0,218,15802,0,0,0,0
24732.679,16641,60,0,0,0,0,0,8,635,5,45,0,0,0,0,0,0,0,0,0,0,0,0,0,0,0,0,0,0,0,0,0,0,244,17355,0,0,0,0
24749.498,16819,59,0,0,0,0,0,8,669,5,45,0,0,0,0,0,0,0,0,0,0,0,0,0,0,0,0,0,0,0,0,0,0,233,16552,0,0,0,0
24766.167,16669,59,0,0,0,0,0,8,600,5,45,0,0,0,0,0,0,0,0,0,0,0,0,0,0,0,0,0,0,0,0,0,0,240,16879,0,0,0,0
24782.644,16476,60,0,0,0,0,0,8,664,5,45,0,0,0,0,0,0,0,0,0,0,0,0,0,0,0,0,0,0,0,0,0,0,231,16595,0,0,0,0
24799.482,16838,59,0,0,0,0,0,8,634,5,45,0,0,0,0,0,0,0,0,0,0,0,0,0,0,0,0,0,0,0,0,0,0,226,16480,0,0,0,0
24816.134,16652,60,0,0,0,0,0,8,598,5,45,0,0,0,0,0,0,0,0,0,0,0,0,0,0,0,0,0,0,0,0,0,0,225,16859,0,0,0,0
24832.963,16828,59,0,0,0,0,0,8,665,5,45,0,0,0,0,0,0,0,0,0,0,0,0,0,0,0,0,0,0,0,0,0,0,241,16676,0,0,0,0
24849.934,16971,58,0,0,0,0,0,8,662,5,45,0,0,0,0,0,0,0,0,0,0,0,0,0,0,0,0,0,0,0,0,0,0,238,16731,0,0,0,0
24865.838,15903,62,0,0,0,0,0,8,596,5,45,0,0,0,0,0,0,0,0,0,0,0,0,0,0,0,0,0,0,0,0,0,0,232,17137,0,0,0,0
24882.657,16819,59,0,0,0,0,0,8,631,5,45,0,0,0,0,0,0,0,0,0,0,0,0,0,0,0,0,0,0,0,0,0,0,226,15796,0,0,0,0
24899.452,16795,59,0,0,0,0,0,8,633,5,45,0,0,0,0,0,0,0,0,0,0,0,0,0,0,0,0,0,0,0,0,0,0,230,17079,0,0,0,0
24916.235,16783,59,0,0,0,0,0,8,629,5,45,0,0,0,0,0,0,0,0,0,0,0,0,0,0,0,0,0,0,0,0,0,0,247,16982,0,0,0,0
24932.642,16406,60,0,0,0,0,0,8,662,5,45,0,0,0,0,0,0,0,0,0,0,0,0,0,0,0,0,0,0,0,0,0,0,243,16335,0,0,0,0
24949.949,17307,57,0,0,0,0,0,8,667,5,45,0,0,0,0,0,0,0,0,0,0,0,0,0,0,0,0,0,0,0,0,0,0,221,16398,0,0,0,0
24966.249,16300,61,0,0,0,0,0,8,564,5,45,0,0,0,0,0,0,0,0,0,0,0,0,0,0,0,0,0,0,0,0,0,0,235,17335,0,0,0,0
24983.070,16821,59,0,0,0,0,0,8,662,5,45,0,0,0,0,0,0,0,0,0,0,0,0,0,0,0,0,0,0,0,0,0,0,238,16274,0,0,0,0
24999.934,16864,59,0,0,0,0,0,8,664,5,45,0,0,0,0,0,0,0,0,0,0,0,0,0,0,0,0,0,0,0,0,0,0,217,17178,0,0,0,0
25016.930,16995,58,0,0,0,0,0,8,596,5,45,0,0,0,0,0,0,0,0,0,0,0,0,0,0,0,0,0,0,0,0,0,0,241,16509,0,0,0,0
25032.515,15585,64,0,0,0,0,0,8,658,5,45,0,0,0,0,0,0,0,0,0,0,0,0,0,0,0,0,0,0,0,0,0,0,231,17069,0,0,0,0
25049.562,17046,58,0,0,0,0,0,8,635,5,45,0,0,0,0,0,0,0,0,0,0,0,0,0,0,0,0,0,0,0,0,0,0,232,15526,0,0,0,0
25066.936,17374,57,0,0,0,0,0,8,600,5,45,0,0,0,0,0,0,0,0,0,0,0,0,0,0,0,0,0,0,0,0,0,0,243,17054,0,0,0,0
25082.067,15130,66,0,0,0,0,0,8,664,5,45,0,0,0,0,0,0,0,0,0,0,0,0,0,0,0,0,0,0,0,0,0,0,231,17386,0,0,0,0
25099.939,17871,55,0,0,0,0,0,8,667,5,45,0,0,0,0,0,0,0,0,0,0,0,0,0,0,0,0,0,0,0,0,0,0,217,15072,0,0,0,0
25116.933,16994,58,0,0,0,0,0,8,600,5,45,0,0,0,0,0,0,0,0,0,0,0,0,0,0,0,0,0,0,0,0,0,0,238,17819,0,0,0,0
25132.702,15768,63,0,0,0,0,0,8,624,5,45,0,0,0,0,0,0,0,0,0,0,0,0,0,0,0,0,0,0,0,0,0,0,241,17104,0,0,0,0
25149.454,16752,59,0,0,0,0,0,8,635,5,45,0,0,0,0,0,0,0,0,0,0,0,0,0,0,0,0,0,0,0,0,0,0,245,15728,0,0,0,0
25166.073,16618,60,0,0,0,0,0,8,631,5,45,0,0,0,0,0,0,0,0,0,0,0,0,0,0,0,0,0,0,0,0,0,0,237,17185,0,0,0,0
25182.929,16856,59,0,0,0,0,0,8,661,5,45,0,0,0,0,0,0,0,0,0,0,0,0,0,0,0,0,0,0,0,0,0,0,259,17036,0,0,0,0
25199.926,16996,58,0,0,0,0,0,8,635,5,45,0,0,0,0,0,0,0,0,0,0,0,0,0,0,0,0,0,0,0,0,0,0,211,16011,0,0,0,0
25216.941,17015,58,0,0,0,0,0,8,595,5,45,0,0,0,0,0,0,0,0,0,0,0,0,0,0,0,0,0,0,0,0,0,0,238,16968,0,0,0,0
25232.522,15580,64,0,0,0,0,0,8,661,5,45,0,0,0,0,0,0,0,0,0,0,0,0,0,0,0,0,0,0,0,0,0,0,227,17065,0,0,0,0
25249.439,16917,59,0,0,0,0,0,8,625,5,45,0,0,0,0,0,0,0,0,0,0,0,0,0,0,0,0,0,0,0,0,0,0,240,15555,0,0,0,0
25266.948,17509,57,0,0,0,0,0,8,642,5,45,0,0,0,0,0,0,0,0,0,0,0,0,0,0,0,0,0,0,0,0,0,0,267,17747,0,0,0,0
25282.154,15205,65,0,0,0,0,0,8,623,5,45,0,0,0,0,0,0,0,0,0,0,0,0,0,0,0,0,0,0,0,0,0,0,230,16686,0,0,0,0
25299.924,17769,56,0,0,0,0,0,8,660,5,45,0,0,0,0,0,0,0,0,0,0,0,0,0,0,0,0,0,0,0,0,0,0,230,15969,0,0,0,0
25316.066,16141,61,0,0,0,0,0,8,601,5,45,0,0,0,0,0,0,0,0,0,0,0,0,0,0,0,0,0,0,0,0,0,0,245,17050,0,0,0,0
25332.512,16446,60,0,0,0,0,0,8,658,5,45,0,0,0,0,0,0,0,0,0,0,0,0,0,0,0,0,0,0,0,0,0,0,241,16939,0,0,0,0
25349.318,16805,59,0,0,0,0,0,8,668,5,45,0,0,0,0,0,0,0,0,0,0,0,0,0,0,0,0,0,0,0,0,0,0,220,15596,0,0,0,0
25366.149,16831,59,0,0,0,0,0,8,568,5,45,0,0,0,0,0,0,0,0,0,0,0,0,0,0,0,0,0,0,0,0,0,0,243,16899,0,0,0,0
25382.639,16489,60,0,0,0,0,0,8,659,5,45,0,0,0,0,0,0,0,0,0,0,0,0,0,0,0,0,0,0,0,0,0,0,248,17502,0,0,0,0
25399.458,16819,59,0,0,0,0,0,8,663,5,45,0,0,0,0,0,0,0,0,0,0,0,0,0,0,0,0,0,0,0,0,0,0,210,15955,0,0,0,0
25416.930,17471,57,0,0,0,0,0,8,604,5,45,0,0,0,0,0,0,0,0,0,0,0,0,0,0,0,0,0,0,0,0,0,0,233,16688,0,0,0,0
25432.533,15603,64,0,0,0,0,0,8,662,5,45,0,0,0,0,0,0,0,0,0,0,0,0,0,0,0,0,0,0,0,0,0,0,244,17432,0,0,0,0
25449.507,16973,58,0,0,0,0,0,8,631,5,45,0,0,0,0,0,0,0,0,0,0,0,0,0,0,0,0,0,0,0,0,0,0,227,15426,0,0,0,0
25466.064,16556,60,0,0,0,0,0,8,600,5,45,0,0,0,0,0,0,0,0,0,0,0,0,0,0,0,0,0,0,0,0,0,0,234,17117,0,0,0,0
25482.686,16621,60,0,0,0,0,0,8,659,5,45,0,0,0,0,0,0,0,0,0,0,0,0,0,0,0,0,0,0,0,0,0,0,251,17807,0,0,0,0
25499.333,16646,60,0,0,0,0,0,8,667,5,45,0,0,0,0,0,0,0,0,0,0,0,0,0,0,0,0,0,0,0,0,0,0,242,15505,0,0,0,0
25515.690,16357,61,0,0,0,0,0,8,596,5,45,0,0,0,0,0,0,0,0,0,0,0,0,0,0,0,0,0,0,0,0,0,0,242,16558,0,0,0,0
25532.590,16900,59,0,0,0,0,0,8,632,5,45,0,0,0,0,0,0,0,0,0,0,0,0,0,0,0,0,0,0,0,0,0,0,230,16328,0,0,0,0
25549.496,16905,59,0,0,0,0,0,8,659,5,45,0,0,0,0,0,0,0,0,0,0,0,0,0,0,0,0,0,0,0,0,0,0,226,17509,0,0,0,0
25566.263,16767,59,0,0,0,0,0,8,606,5,45,0,0,0,0,0,0,0,0,0,0,0,0,0,0,0,0,0,0,0,0,0,0,220,16587,0,0,0,0
25583.064,16800,59,0,0,0,0,0,8,662,5,45,0,0,0,0,0,0,0,0,0,0,0,0,0,0,0,0,0,0,0,0,0,0,240,17079,0,0,0,0
25599.103,16038,62,0,0,0,0,0,8,628,5,45,0,0,0,0,0,0,0,0,0,0,0,0,0,0,0,0,0,0,0,0,0,0,221,16191,0,0,0,0
25616.015,16912,59,0,0,0,0,0,8,602,5,45,0,0,0,0,0,0,0,0,0,0,0,0,0,0,0,0,0,0,0,0,0,0,217,16309,0,0,0,0
25633.062,17047,58,0,0,0,0,0,8,667,5,45,0,0,0,0,0,0,0,0,0,0,0,0,0,0,0,0,0,0,0,0,0,0,224,16600,0,0,0,0
25649.931,16868,59,0,0,0,0,0,8,660,5,45,0,0,0,0,0,0,0,0,0,0,0,0,0,0,0,0,0,0,0,0,0,0,222,17036,0,0,0,0
25665.944,16013,62,0,0,0,0,0,8,592,5,45,0,0,0,0,0,0,0,0,0,0,0,0,0,0,0,0,0,0,0,0,0,0,227,16917,0,0,0,0
25682.637,16692,59,0,0,0,0,0,8,631,5,45,0,0,0,0,0,0,0,0,0,0,0,0,0,0,0,0,0,0,0,0,0,0,236,16463,0,0,0,0
25699.490,16852,59,0,0,0,0,0,8,664,5,45,0,0,0,0,0,0,0,0,0,0,0,0,0,0,0,0,0,0,0,0,0,0,238,16699,0,0,0,0
25716.148,16658,60,0,0,0,0,0,8,604,5,45,0,0,0,0,0,0,0,0,0,0,0,0,0,0,0,0,0,0,0,0,0,0,238,16368,0,0,0,0
25732.926,16778,59,0,0,0,0,0,8,662,5,45,0,0,0,0,0,0,0,0,0,0,0,0,0,0,0,0,0,0,0,0,0,0,248,17425,0,0,0,0
25749.922,16996,58,0,0,0,0,0,8,664,5,45,0,0,0,0,0,0,0,0,0,0,0,0,0,0,0,0,0,0,0,0,0,0,238,16062,0,0,0,0
25766.124,16201,61,0,0,0,0,0,8,560,5,45,0,0,0,0,0,0,0,0,0,0,0,0,0,0,0,0,0,0,0,0,0,0,237,16990,0,0,0,0
25783.061,16936,59,0,0,0,0,0,8,660,5,45,0,0,0,0,0,0,0,0,0,0,0,0,0,0,0,0,0,0,0,0,0,0,246,17240,0,0,0,0
25799.928,16867,59,0,0,0,0,0,8,663,5,45,0,0,0,0,0,0,0,0,0,0,0,0,0,0,0,0,0,0,0,0,0,0,236,15899,0,0,0,0
25816.924,16995,58,0,0,0,0,0,8,595,5,45,0,0,0,0,0,0,0,0,0,0,0,0,0,0,0,0,0,0,0,0,0,0,230,16860,0,0,0,0
25832.652,15728,63,0,0,0,0,0,8,663,5,45,0,0,0,0,0,0,0,0,0,0,0,0,0,0,0,0,0,0,0,0,0,0,238,16985,0,0,0,0
25849.933,17280,57,0,0,0,0,0,8,632,5,45,0,0,0,0,0,0,0,0,0,0,0,0,0,0,0,0,0,0,0,0,0,0,229,15700,0,0,0,0
25866.935,17002,58,0,0,0,0,0,8,600,5,45,0,0,0,0,0,0,0,0,0,0,0,0,0,0,0,0,0,0,0,0,0,0,215,16616,0,0,0,0
25882.589,15654,63,0,0,0,0,0,8,660,5,45,0,0,0,0,0,0,0,0,0,0,0,0,0,0,0,0,0,0,0,0,0,0,251,17621,0,0,0,0
25898.996,16406,60,0,0,0,0,0,8,658,5,45,0,0,0,0,0,0,0,0,0,0,0,0,0,0,0,0,0,0,0,0,0,0,236,15631,0,0,0,0
25916.167,17170,58,0,0,0,0,0,8,599,5,45,0,0,0,0,0,0,0,0,0,0,0,0,0,0,0,0,0,0,0,0,0,0,211,16757,0,0,0,0
25932.689,16521,60,0,0,0,0,0,8,628,5,45,0,0,0,0,0,0,0,0,0,0,0,0,0,0,0,0,0,0,0,0,0,0,253,17650,0,0,0,0
25948.974,16285,61,0,0,0,0,0,8,797,5,45,0,0,0,0,0,0,0,0,0,0,0,0,0,0,0,0,0,0,0,0,0,0,219,16131,0,0,0,0
25966.939,17965,55,0,0,0,0,0,8,996,5,45,0,0,0,0,0,0,0,0,0,0,0,0,0,0,0,0,0,0,0,0,0,0,220,17230,0,0,0,0
25982.921,15982,62,0,0,0,0,0,8,663,5,45,0,0,0,0,0,0,0,0,0,0,0,0,0,0,0,0,0,0,0,0,0,0,236,16777,0,0,0,0
25999.438,16516,60,0,0,0,0,0,8,701,5,45,0,0,0,0,0,0,0,0,0,0,0,0,0,0,0,0,0,0,0,0,0,0,223,16064,0,0,0,0
26016.130,16692,59,0,0,0,0,0,8,716,5,45,0,0,0,0,0,0,0,0,0,0,0,0,0,0,0,0,0,0,0,0,0,0,234,17150,0,0,0,0
26032.494,16363,61,0,0,0,0,0,8,650,5,45,0,0,0,0,0,0,0,0,0,0,0,0,0,0,0,0,0,0,0,0,0,0,223,16573,0,0,0,0
26049.468,16974,58,0,0,0,0,0,8,654,5,45,0,0,0,0,0,0,0,0,0,0,0,0,0,0,0,0,0,0,0,0,0,0,214,15602,0,0,0,0
26066.922,17454,57,0,0,0,0,0,8,585,5,45,0,0,0,0,0,0,0,0,0,0,0,0,0,0,0,0,0,0,0,0,0,0,228,17081,0,0,0,0
26082.486,15564,64,0,0,0,0,0,8,603,5,45,0,0,0,0,0,0,0,0,0,0,0,0,0,0,0,0,0,0,0,0,0,0,222,17368,0,0,0,0
26099.035,16548,60,0,0,0,0,0,8,650,5,45,0,0,0,0,0,0,0,0,0,0,0,0,0,0,0,0,0,0,0,0,0,0,241,15571,0,0,0,0
26116.926,17890,55,0,0,0,0,0,8,588,5,45,0,0,0,0,0,0,0,0,0,0,0,0,0,0,0,0,0,0,0,0,0,0,235,16567,0,0,0,0
26132.920,15994,62,0,0,0,0,0,8,646,5,45,0,0,0,0,0,0,0,0,0,0,0,0,0,0,0,0,0,0,0,0,0,0,241,17895,0,0,0,0
26149.921,17000,58,0,0,0,0,0,8,645,5,45,0,0,0,0,0,0,0,0,0,0,0,0,0,0,0,0,0,0,0,0,0,0,225,15987,0,0,0,0
26166.934,17013,58,0,0,0,0,0,8,544,5,45,0,0,0,0,0,0,0,0,0,0,0,0,0,0,0,0,0,0,0,0,0,0,218,17060,0,0,0,0
26182.530,15595,64,0,0,0,0,0,8,646,5,45,0,0,0,0,0,0,0,0,0,0,0,0,0,0,0,0,0,0,0,0,0,0,229,16961,0,0,0,0
26199.436,16906,59,0,0,0,0,0,8,611,5,45,0,0,0,0,0,0,0,0,0,0,0,0,0,0,0,0,0,0,0,0,0,0,235,15561,0,0,0,0
26216.069,16632,60,0,0,0,0,0,8,609,5,45,0,0,0,0,0,0,0,0,0,0,0,0,0,0,0,0,0,0,0,0,0,0,235,17364,0,0,0,0
26232.627,16558,60,0,0,0,0,0,8,649,5,45,0,0,0,0,0,0,0,0,0,0,0,0,0,0,0,0,0,0,0,0,0,0,236,16175,0,0,0,0
26249.921,17293,57,0,0,0,0,0,8,610,5,45,0,0,0,0,0,0,0,0,0,0,0,0,0,0,0,0,0,0,0,0,0,0,225,16822,0,0,0,0
26266.178,16257,61,0,0,0,0,0,8,580,5,45,0,0,0,0,0,0,0,0,0,0,0,0,0,0,0,0,0,0,0,0,0,0,233,17075,0,0,0,0
26282.494,16316,61,0,0,0,0,0,8,643,5,45,0,0,0,0,0,0,0,0,0,0,0,0,0,0,0,0,0,0,0,0,0,0,223,16935,0,0,0,0
26299.936,17441,57,0,0,0,0,0,8,653,5,45,0,0,0,0,0,0,0,0,0,0,0,0,0,0,0,0,0,0,0,0,0,0,224,15608,0,0,0,0
26316.255,16319,61,0,0,0,0,0,8,582,5,45,0,0,0,0,0,0,0,0,0,0,0,0,0,0,0,0,0,0,0,0,0,0,251,17473,0,0,0,0
26332.661,16405,60,0,0,0,0,0,8,614,5,45,0,0,0,0,0,0,0,0,0,0,0,0,0,0,0,0,0,0,0,0,0,0,237,16923,0,0,0,0
26349.923,17254,57,0,0,0,0,0,8,652,5,45,0,0,0,0,0,0,0,0,0,0,0,0,0,0,0,0,0,0,0,0,0,0,202,15745,0,0,0,0
26366.920,17004,58,0,0,0,0,0,8,580,5,45,0,0,0,0,0,0,0,0,0,0,0,0,0,0,0,0,0,0,0,0,0,0,232,17299,0,0,0,0
26383.022,16102,62,0,0,0,0,0,8,645,5,45,0,0,0,0,0,0,0,0,0,0,0,0,0,0,0,0,0,0,0,0,0,0,243,17019,0,0,0,0
26399.920,16898,59,0,0,0,0,0,8,621,5,45,0,0,0,0,0,0,0,0,0,0,0,0,0,0,0,0,0,0,0,0,0,0,247,16092,0,0,0,0
26416.036,16116,62,0,0,0,0,0,8,582,5,45,0,0,0,0,0,0,0,0,0,0,0,0,0,0,0,0,0,0,0,0,0,0,236,16881,0,0,0,0
26432.508,16471,60,0,0,0,0,0,8,655,5,45,0,0,0,0,0,0,0,0,0,0,0,0,0,0,0,0,0,0,0,0,0,0,233,16092,0,0,0,0
26449.453,16945,59,0,0,0,0,0,8,655,5,45,0,0,0,0,0,0,0,0,0,0,0,0,0,0,0,0,0,0,0,0,0,0,243,16461,0,0,0,0
26466.920,17466,57,0,0,0,0,0,8,587,5,45,0,0,0,0,0,0,0,0,0,0,0,0,0,0,0,0,0,0,0,0,0,0,218,17015,0,0,0,0
26483.050,16130,61,0,0,0,0,0,8,607,5,45,0,0,0,0,0,0,0,0,0,0,0,0,0,0,0,0,0,0,0,0,0,0,245,17449,0,0,0,0
26499.919,16869,59,0,0,0,0,0,8,654,5,45,0,0,0,0,0,0,0,0,0,0,0,0,0,0,0,0,0,0,0,0,0,0,226,16119,0,0,0,0
26516.053,16133,61,0,0,0,0,0,8,572,5,45,0,0,0,0,0,0,0,0,0,0,0,0,0,0,0,0,0,0,0,0,0,0,255,16909,0,0,0,0
26532.541,16488,60,0,0,0,0,0,8,658,5,45,0,0,0,0,0,0,0,0,0,0,0,0,0,0,0,0,0,0,0,0,0,0,215,16830,0,0,0,0
26549.426,16884,59,0,0,0,0,0,8,664,5,45,0,0,0,0,0,0,0,0,0,0,0,0,0,0,0,0,0,0,0,0,0,0,232,15724,0,0,0,0
26566.921,17495,57,0,0,0,0,0,8,556,5,45,0,0,0,0,0,0,0,0,0,0,0,0,0,0,0,0,0,0,0,0,0,0,231,17000,0,0,0,0
26582.911,15990,62,0,0,0,0,0,8,657,5,45,0,0,0,0,0,0,0,0,0,0,0,0,0,0,0,0,0,0,0,0,0,0,229,17379,0,0,0,0
26599.475,16563,60,0,0,0,0,0,8,665,5,45,0,0,0,0,0,0,0,0,0,0,0,0,0,0,0,0,0,0,0,0,0,0,221,15994,0,0,0,0
26616.114,16638,60,0,0,0,0,0,8,593,5,45,0,0,0,0,0,0,0,0,0,0,0,0,0,0,0,0,0,0,0,0,0,0,231,16580,0,0,0,0
26633.054,16939,59,0,0,0,0,0,8,656,5,45,0,0,0,0,0,0,0,0,0,0,0,0,0,0,0,0,0,0,0,0,0,0,234,17400,0,0,0,0
26649.485,16431,60,0,0,0,0,0,8,618,5,45,0,0,0,0,0,0,0,0,0,0,0,0,0,0,0,0,0,0,0,0,0,0,225,16173,0,0,0,0
26666.058,16572,60,0,0,0,0,0,8,597,5,45,0,0,0,0,0,0,0,0,0,0,0,0,0,0,0,0,0,0,0,0,0,0,233,16445,0,0,0,0
26682.494,16435,60,0,0,0,0,0,8,655,5,45,0,0,0,0,0,0,0,0,0,0,0,0,0,0,0,0,0,0,0,0,0,0,234,17380,0,0,0,0
26699.329,16835,59,0,0,0,0,0,8,665,5,45,0,0,0,0,0,0,0,0,0,0,0,0,0,0,0,0,0,0,0,0,0,0,223,15618,0,0,0,0
26716.249,16919,59,0,0,0,0,0,8,594,5,45,0,0,0,0,0,0,0,0,0,0,0,0,0,0,0,0,0,0,0,0,0,0,269,16969,0,0,0,0
26732.814,16565,60,0,0,0,0,0,8,626,5,45,0,0,0,0,0,0,0,0,0,0,0,0,0,0,0,0,0,0,0,0,0,0,231,17416,0,0,0,0
26748.974,16159,61,0,0,0,0,0,8,623,5,45,0,0,0,0,0,0,0,0,0,0,0,0,0,0,0,0,0,0,0,0,0,0,195,15800,0,0,0,0
26766.126,17151,58,0,0,0,0,0,8,631,5,45,0,0,0,0,0,0,0,0,0,0,0,0,0,0,0,0,0,0,0,0,0,0,246,16348,0,0,0,0
26782.564,16437,60,0,0,0,0,0,8,656,5,45,0,0,0,0,0,0,0,0,0,0,0,0,0,0,0,0,0,0,0,0,0,0,247,17851,0,0,0,0
26799.569,17005,58,0,0,0,0,0,8,631,5,45,0,0,0,0,0,0,0,0,0,0,0,0,0,0,0,0,0,0,0,0,0,0,220,15619,0,0,0,0
26816.217,16648,60,0,0,0,0,0,8,596,5,45,0,0,0,0,0,0,0,0,0,0,0,0,0,0,0,0,0,0,0,0,0,0,239,17041,0,0,0,0
26832.623,16405,60,0,0,0,0,0,8,657,5,45,0,0,0,0,0,0,0,0,0,0,0,0,0,0,0,0,0,0,0,0,0,0,249,16678,0,0,0,0
26849.914,17291,57,0,0,0,0,0,8,662,5,45,0,0,0,0,0,0,0,0,0,0,0,0,0,0,0,0,0,0,0,0,0,0,226,16642,0,0,0,0
26865.719,15805,63,0,0,0,0,0,8,586,5,45,0,0,0,0,0,0,0,0,0,0,0,0,0,0,0,0,0,0,0,0,0,0,239,17084,0,0,0,0
26882.505,16785,59,0,0,0,0,0,8,624,5,45,0,0,0,0,0,0,0,0,0,0,0,0,0,0,0,0,0,0,0,0,0,0,206,15609,0,0,0,0
26899.329,16824,59,0,0,0,0,0,8,664,5,45,0,0,0,0,0,0,0,0,0,0,0,0,0,0,0,0,0,0,0,0,0,0,218,16891,0,0,0,0
26915.507,16178,61,0,0,0,0,0,8,589,5,45,0,0,0,0,0,0,0,0,0,0,0,0,0,0,0,0,0,0,0,0,0,0,244,16964,0,0,0,0
26932.657,17149,58,0,0,0,0,0,8,662,5,45,0,0,0,0,0,0,0,0,0,0,0,0,0,0,0,0,0,0,0,0,0,0,232,16444,0,0,0,0
26949.470,16813,59,0,0,0,0,0,8,666,5,45,0,0,0,0,0,0,0,0,0,0,0,0,0,0,0,0,0,0,0,0,0,0,236,16792,0,0,0,0
26966.912,17441,57,0,0,0,0,0,8,563,5,45,0,0,0,0,0,0,0,0,0,0,0,0,0,0,0,0,0,0,0,0,0,0,241,16875,0,0,0,0
26982.499,15587,64,0,0,0,0,0,8,663,5,45,0,0,0,0,0,0,0,0,0,0,0,0,0,0,0,0,0,0,0,0,0,0,234,17399,0,0,0,0
26999.911,17411,57,0,0,0,0,0,8,663,5,45,0,0,0,0,0,0,0,0,0,0,0,0,0,0,0,0,0,0,0,0,0,0,222,15571,0,0,0,0
27016.012,16101,62,0,0,0,0,0,8,586,5,45,0,0,0,0,0,0,0,0,0,0,0,0,0,0,0,0,0,0,0,0,0,0,234,17433,0,0,0,0
27032.625,16613,60,0,0,0,0,0,8,660,5,45,0,0,0,0,0,0,0,0,0,0,0,0,0,0,0,0,0,0,0,0,0,0,228,16067,0,0,0,0
27049.209,16584,60,0,0,0,0,0,8,623,5,45,0,0,0,0,0,0,0,0,0,0,0,0,0,0,0,0,0,0,0,0,0,0,239,16886,0,0,0,0
27066.914,17705,56,0,0,0,0,0,8,589,5,45,0,0,0,0,0,0,0,0,0,0,0,0,0,0,0,0,0,0,0,0,0,0,233,16344,0,0,0,0
27082.938,16023,62,0,0,0,0,0,8,661,5,45,0,0,0,0,0,0,0,0,0,0,0,0,0,0,0,0,0,0,0,0,0,0,229,17628,0,0,0,0
27099.247,16308,61,0,0,0,0,0,8,658,5,45,0,0,0,0,0,0,0,0,0,0,0,0,0,0,0,0,0,0,0,0,0,0,226,16015,0,0,0,0
27116.065,16817,59,0,0,0,0,0,8,596,5,45,0,0,0,0,0,0,0,0,0,0,0,0,0,0,0,0,0,0,0,0,0,0,262,16608,0,0,0,0
27132.688,16623,60,0,0,0,0,0,8,631,5,45,0,0,0,0,0,0,0,0,0,0,0,0,0,0,0,0,0,0,0,0,0,0,237,16565,0,0,0,0
27149.909,17220,58,0,0,0,0,0,8,665,5,45,0,0,0,0,0,0,0,0,0,0,0,0,0,0,0,0,0,0,0,0,0,0,213,16770,0,0,0,0
27166.152,16243,61,0,0,0,0,0,8,588,5,45,0,0,0,0,0,0,0,0,0,0,0,0,0,0,0,0,0,0,0,0,0,0,221,17081,0,0,0,0
27183.048,16895,59,0,0,0,0,0,8,661,5,45,0,0,0,0,0,0,0,0,0,0,0,0,0,0,0,0,0,0,0,0,0,0,240,16989,0,0,0,0
27199.333,16285,61,0,0,0,0,0,8,618,5,45,0,0,0,0,0,0,0,0,0,0,0,0,0,0,0,0,0,0,0,0,0,0,206,16125,0,0,0,0
27216.910,17576,56,0,0,0,0,0,8,593,5,45,0,0,0,0,0,0,0,0,0,0,0,0,0,0,0,0,0,0,0,0,0,0,230,16376,0,0,0,0
27232.616,15706,63,0,0,0,0,0,8,661,5,45,0,0,0,0,0,0,0,0,0,0,0,0,0,0,0,0,0,0,0,0,0,0,237,17511,0,0,0,0
27249.309,16692,59,0,0,0,0,0,8,659,5,45,0,0,0,0,0,0,0,0,0,0,0,0,0,0,0,0,0,0,0,0,0,0,225,15955,0,0,0,0
27266.226,16917,59,0,0,0,0,0,8,597,5,45,0,0,0,0,0,0,0,0,0,0,0,0,0,0,0,0,0,0,0,0,0,0,228,16548,0,0,0,0
27282.577,16351,61,0,0,0,0,0,8,623,5,45,0,0,0,0,0,0,0,0,0,0,0,0,0,0,0,0,0,0,0,0,0,0,225,17461,0,0,0,0
27299.935,17358,57,0,0,0,0,0,8,664,5,45,0,0,0,0,0,0,0,0,0,0,0,0,0,0,0,0,0,0,0,0,0,0,225,15681,0,0,0,0
27316.929,16992,58,0,0,0,0,0,8,590,5,45,0,0,0,0,0,0,0,0,0,0,0,0,0,0,0,0,0,0,0,0,0,0,243,17402,0,0,0,0
27332.649,15720,63,0,0,0,0,0,8,657,5,45,0,0,0,0,0,0,0,0,0,0,0,0,0,0,0,0,0,0,0,0,0,0,232,16997,0,0,0,0
27349.531,16882,59,0,0,0,0,0,8,656,5,45,0,0,0,0,0,0,0,0,0,0,0,0,0,0,0,0,0,0,0,0,0,0,217,15892,0,0,0,0
27366.116,16585,60,0,0,0,0,0,8,555,5,45,0,0,0,0,0,0,0,0,0,0,0,0,0,0,0,0,0,0,0,0,0,0,225,17010,0,0,0,0
27382.911,16794,59,0,0,0,0,0,8,661,5,45,0,0,0,0,0,0,0,0,0,0,0,0,0,0,0,0,0,0,0,0,0,0,235,17020,0,0,0,0
27398.913,16001,62,0,0,0,0,0,8,626,5,45,0,0,0,0,0,0,0,0,0,0,0,0,0,0,0,0,0,0,0,0,0,0,233,16124,0,0,0,0
27416.907,17994,55,0,0,0,0,0,8,620,5,45,0,0,0,0,0,0,0,0,0,0,0,0,0,0,0,0,0,0,0,0,0,0,240,16014,0,0,0,0
27432.561,15654,63,0,0,0,0,0,8,659,5,45,0,0,0,0,0,0,0,0,0,0,0,0,0,0,0,0,0,0,0,0,0,0,232,17913,0,0,0,0
27449.475,16913,59,0,0,0,0,0,8,792,5,45,0,0,0,0,0,0,0,0,0,0,0,0,0,0,0,0,0,0,0,0,0,0,218,16082,0,0,0,0
27466.148,16673,59,0,0,0,0,0,8,985,5,45,0,0,0,0,0,0,0,0,0,0,0,0,0,0,0,0,0,0,0,0,0,0,225,17853,0,0,0,0
27482.114,15965,62,0,0,0,0,0,8,676,5,45,0,0,0,0,0,0,0,0,0,0,0,0,0,0,0,0,0,0,0,0,0,0,232,16117,0,0,0,0
27499.473,17359,57,0,0,0,0,0,8,760,5,45,0,0,0,0,0,0,0,0,0,0,0,0,0,0,0,0,0,0,0,0,0,0,220,15202,0,0,0,0
27516.158,16685,59,0,0,0,0,0,8,704,5,45,0,0,0,0,0,0,0,0,0,0,0,0,0,0,0,0,0,0,0,0,0,0,234,17692,0,0,0,0
27532.509,16350,61,0,0,0,0,0,8,624,5,45,0,0,0,0,0,0,0,0,0,0,0,0,0,0,0,0,0,0,0,0,0,0,241,16988,0,0,0,0
27549.908,17399,57,0,0,0,0,0,8,659,5,45,0,0,0,0,0,0,0,0,0,0,0,0,0,0,0,0,0,0,0,0,0,0,222,15629,0,0,0,0
27566.120,16211,61,0,0,0,0,0,8,582,5,45,0,0,0,0,0,0,0,0,0,0,0,0,0,0,0,0,0,0,0,0,0,0,228,17430,0,0,0,0
27582.619,16499,60,0,0,0,0,0,8,656,5,45,0,0,0,0,0,0,0,0,0,0,0,0,0,0,0,0,0,0,0,0,0,0,243,16968,0,0,0,0
27599.913,17294,57,0,0,0,0,0,8,626,5,45,0,0,0,0,0,0,0,0,0,0,0,0,0,0,0,0,0,0,0,0,0,0,225,15714,0,0,0,0
27615.911,15997,62,0,0,0,0,0,8,584,5,45,0,0,0,0,0,0,0,0,0,0,0,0,0,0,0,0,0,0,0,0,0,0,241,17316,0,0,0,0
27632.698,16787,59,0,0,0,0,0,8,655,5,45,0,0,0,0,0,0,0,0,0,0,0,0,0,0,0,0,0,0,0,0,0,0,231,15920,0,0,0,0
27649.921,17223,58,0,0,0,0,0,8,665,5,45,0,0,0,0,0,0,0,0,0,0,0,0,0,0,0,0,0,0,0,0,0,0,239,16839,0,0,0,0
27666.188,16267,61,0,0,0,0,0,8,584,5,45,0,0,0,0,0,0,0,0,0,0,0,0,0,0,0,0,0,0,0,0,0,0,230,17230,0,0,0,0
27683.049,16861,59,0,0,0,0,0,8,615,5,45,0,0,0,0,0,0,0,0,0,0,0,0,0,0,0,0,0,0,0,0,0,0,222,16949,0,0,0,0
27699.455,16405,60,0,0,0,0,0,8,673,5,45,0,0,0,0,0,0,0,0,0,0,0,0,0,0,0,0,0,0,0,0,0,0,227,16206,0,0,0,0
27715.608,16152,61,0,0,0,0,0,8,601,5,45,0,0,0,0,0,0,0,0,0,0,0,0,0,0,0,0,0,0,0,0,0,0,220,16463,0,0,0,0
27732.759,17150,58,0,0,0,0,0,8,676,5,45,0,0,0,0,0,0,0,0,0,0,0,0,0,0,0,0,0,0,0,0,0,0,232,16038,0,0,0,0
27748.907,16147,61,0,0,0,0,0,8,663,5,45,0,0,0,0,0,0,0,0,0,0,0,0,0,0,0,0,0,0,0,0,0,0,237,17201,0,0,0,0
27765.931,17023,58,0,0,0,0,0,8,570,5,45,0,0,0,0,0,0,0,0,0,0,0,0,0,0,0,0,0,0,0,0,0,0,226,16126,0,0,0,0
27782.586,16655,60,0,0,0,0,0,8,666,5,45,0,0,0,0,0,0,0,0,0,0,0,0,0,0,0,0,0,0,0,0,0,0,249,17805,0,0,0,0
27799.913,17327,57,0,0,0,0,0,8,667,5,45,0,0,0,0,0,0,0,0,0,0,0,0,0,0,0,0,0,0,0,0,0,0,227,15878,0,0,0,0
27816.908,16994,58,0,0,0,0,0,8,596,5,45,0,0,0,0,0,0,0,0,0,0,0,0,0,0,0,0,0,0,0,0,0,0,226,17357,0,0,0,0
27832.481,15573,64,0,0,0,0,0,8,663,5,45,0,0,0,0,0,0,0,0,0,0,0,0,0,0,0,0,0,0,0,0,0,0,228,16971,0,0,0,0
27849.460,16978,58,0,0,0,0,0,8,635,5,45,0,0,0,0,0,0,0,0,0,0,0,0,0,0,0,0,0,0,0,0,0,0,216,15523,0,0,0,0
27866.111,16651,60,0,0,0,0,0,8,599,5,45,0,0,0,0,0,0,0,0,0,0,0,0,0,0,0,0,0,0,0,0,0,0,232,17090,0,0,0,0
27882.905,16794,59,0,0,0,0,0,8,668,5,45,0,0,0,0,0,0,0,0,0,0,0,0,0,0,0,0,0,0,0,0,0,0,233,17335,0,0,0,0
27899.903,16997,58,0,0,0,0,0,8,673,5,45,0,0,0,0,0,0,0,0,0,0,0,0,0,0,0,0,0,0,0,0,0,0,231,16061,0,0,0,0
27915.903,16000,62,0,0,0,0,0,8,596,5,45,0,0,0,0,0,0,0,0,0,0,0,0,0,0,0,0,0,0,0,0,0,0,269,17072,0,0,0,0
27932.534,16630,60,0,0,0,0,0,8,632,5,45,0,0,0,0,0,0,0,0,0,0,0,0,0,0,0,0,0,0,0,0,0,0,228,16393,0,0,0,0
27949.308,16773,59,0,0,0,0,0,8,686,5,45,0,0,0,0,0,0,0,0,0,0,0,0,0,0,0,0,0,0,0,0,0,0,230,16151,0,0,0,0
27966.248,16940,59,0,0,0,0,0,8,616,5,45,0,0,0,0,0,0,0,0,0,0,0,0,0,0,0,0,0,0,0,0,0,0,239,16786,0,0,0,0
27982.606,16357,61,0,0,0,0,0,8,681,5,45,0,0,0,0,0,0,0,0,0,0,0,0,0,0,0,0,0,0,0,0,0,0,240,16902,0,0,0,0
27999.428,16822,59,0,0,0,0,0,8,638,5,45,0,0,0,0,0,0,0,0,0,0,0,0,0,0,0,0,0,0,0,0,0,0,224,16358,0,0,0,0
28016.904,17476,57,0,0,0,0,0,8,620,5,45,0,0,0,0,0,0,0,0,0,0,0,0,0,0,0,0,0,0,0,0,0,0,236,17157,0,0,0,0
28033.038,16133,61,0,0,0,0,0,8,673,5,45,0,0,0,0,0,0,0,0,0,0,0,0,0,0,0,0,0,0,0,0,0,0,236,17206,0,0,0,0
28049.904,16866,59,0,0,0,0,0,8,679,5,45,0,0,0,0,0,0,0,0,0,0,0,0,0,0,0,0,0,0,0,0,0,0,235,16139,0,0,0,0
28066.092,16187,61,0,0,0,0,0,8,604,5,45,0,0,0,0,0,0,0,0,0,0,0,0,0,0,0,0,0,0,0,0,0,0,237,16845,0,0,0,0
28082.484,16392,61,0,0,0,0,0,8,645,5,45,0,0,0,0,0,0,0,0,0,0,0,0,0,0,0,0,0,0,0,0,0,0,234,16950,0,0,0,0
28099.918,17433,57,0,0,0,0,0,8,685,5,45,0,0,0,0,0,0,0,0,0,0,0,0,0,0,0,0,0,0,0,0,0,0,248,15589,0,0,0,0
28116.434,16516,60,0,0,0,0,0,8,609,5,45,0,0,0,0,0,0,0,0,0,0,0,0,0,0,0,0,0,0,0,0,0,0,267,17513,0,0,0,0
28132.626,16191,61,0,0,0,0,0,8,678,5,45,0,0,0,0,0,0,0,0,0,0,0,0,0,0,0,0,0,0,0,0,0,0,241,16439,0,0,0,0
28149.553,16926,59,0,0,0,0,0,8,683,5,45,0,0,0,0,0,0,0,0,0,0,0,0,0,0,0,0,0,0,0,0,0,0,224,16190,0,0,0,0
28166.140,16587,60,0,0,0,0,0,8,575,5,45,0,0,0,0,0,0,0,0,0,0,0,0,0,0,0,0,0,0,0,0,0,0,239,16961,0,0,0,0
28182.900,16760,59,0,0,0,0,0,8,675,5,45,0,0,0,0,0,0,0,0,0,0,0,0,0,0,0,0,0,0,0,0,0,0,227,17276,0,0,0,0
28199.439,16538,60,0,0,0,0,0,8,680,5,45,0,0,0,0,0,0,0,0,0,0,0,0,0,0,0,0,0,0,0,0,0,0,233,16041,0,0,0,0
28216.045,16605,60,0,0,0,0,0,8,611,5,45,0,0,0,0,0,0,0,0,0,0,0,0,0,0,0,0,0,0,0,0,0,0,255,16569,0,0,0,0
28232.629,16584,60,0,0,0,0,0,8,675,5,45,0,0,0,0,0,0,0,0,0,0,0,0,0,0,0,0,0,0,0,0,0,0,234,17406,0,0,0,0
28249.094,16465,60,0,0,0,0,0,8,645,5,45,0,0,0,0,0,0,0,0,0,0,0,0,0,0,0,0,0,0,0,0,0,0,234,15997,0,0,0,0
28266.911,17816,56,0,0,0,0,0,8,610,5,45,0,0,0,0,0,0,0,0,0,0,0,0,0,0,0,0,0,0,0,0,0,0,239,16507,0,0,0,0
28283.040,16129,61,0,0,0,0,0,8,680,5,45,0,0,0,0,0,0,0,0,0,0,0,0,0,0,0,0,0,0,0,0,0,0,227,17886,0,0,0,0
28299.927,16886,59,0,0,0,0,0,8,678,5,45,0,0,0,0,0,0,0,0,0,0,0,0,0,0,0,0,0,0,0,0,0,0,237,15796,0,0,0,0
28316.236,16310,61,0,0,0,0,0,8,612,5,45,0,0,0,0,0,0,0,0,0,0,0,0,0,0,0,0,0,0,0,0,0,0,252,16910,0,0,0,0
28333.054,16817,59,0,0,0,0,0,8,645,5,45,0,0,0,0,0,0,0,0,0,0,0,0,0,0,0,0,0,0,0,0,0,0,238,16267,0,0,0,0
28349.910,16855,59,0,0,0,0,0,8,680,5,45,0,0,0,0,0,0,0,0,0,0,0,0,0,0,0,0,0,0,0,0,0,0,231,16830,0,0,0,0
28366.920,17009,58,0,0,0,0,0,8,610,5,45,0,0,0,0,0,0,0,0,0,0,0,0,0,0,0,0,0,0,0,0,0,0,229,16871,0,0,0,0
28382.484,15564,64,0,0,0,0,0,8,676,5,45,0,0,0,0,0,0,0,0,0,0,0,0,0,0,0,0,0,0,0,0,0,0,245,17001,0,0,0,0
28399.452,16967,58,0,0,0,0,0,8,648,5,45,0,0,0,0,0,0,0,0,0,0,0,0,0,0,0,0,0,0,0,0,0,0,237,15583,0,0,0,0
28416.915,17463,57,0,0,0,0,0,8,617,5,45,0,0,0,0,0,0,0,0,0,0,0,0,0,0,0,0,0,0,0,0,0,0,240,17369,0,0,0,0
28432.631,15716,63,0,0,0,0,0,8,676,5,45,0,0,0,0,0,0,0,0,0,0,0,0,0,0,0,0,0,0,0,0,0,0,219,17019,0,0,0,0
28449.910,17267,57,0,0,0,0,0,8,689,5,45,0,0,0,0,0,0,0,0,0,0,0,0,0,0,0,0,0,0,0,0,0,0,222,15649,0,0,0,0
28466.229,16330,61,0,0,0,0,0,8,611,5,45,0,0,0,0,0,0,0,0,0,0,0,0,0,0,0,0,0,0,0,0,0,0,239,17359,0,0,0,0
28482.492,16262,61,0,0,0,0,0,8,641,5,45,0,0,0,0,0,0,0,0,0,0,0,0,0,0,0,0,0,0,0,0,0,0,242,16303,0,0,0,0
28499.254,16762,59,0,0,0,0,0,8,683,5,45,0,0,0,0,0,0,0,0,0,0,0,0,0,0,0,0,0,0,0,0,0,0,214,16365,0,0,0,0
28516.109,16855,59,0,0,0,0,0,8,612,5,45,0,0,0,0,0,0,0,0,0,0,0,0,0,0,0,0,0,0,0,0,0,0,252,16847,0,0,0,0
28532.896,16786,59,0,0,0,0,0,8,678,5,45,0,0,0,0,0,0,0,0,0,0,0,0,0,0,0,0,0,0,0,0,0,0,222,17438,0,0,0,0
28549.407,16511,60,0,0,0,0,0,8,680,5,45,0,0,0,0,0,0,0,0,0,0,0,0,0,0,0,0,0,0,0,0,0,0,225,16036,0,0,0,0
28566.122,16714,59,0,0,0,0,0,8,576,5,45,0,0,0,0,0,0,0,0,0,0,0,0,0,0,0,0,0,0,0,0,0,0,220,16520,0,0,0,0
28582.897,16775,59,0,0,0,0,0,8,681,5,45,0,0,0,0,0,0,0,0,0,0,0,0,0,0,0,0,0,0,0,0,0,0,251,16690,0,0,0,0
28599.313,16415,60,0,0,0,0,0,8,681,5,45,0,0,0,0,0,0,0,0,0,0,0,0,0,0,0,0,0,0,0,0,0,0,227,16778,0,0,0,0
28616.894,17581,56,0,0,0,0,0,8,611,5,45,0,0,0,0,0,0,0,0,0,0,0,0,0,0,0,0,0,0,0,0,0,0,241,16471,0,0,0,0
28632.493,15598,64,0,0,0,0,0,8,680,5,45,0,0,0,0,0,0,0,0,0,0,0,0,0,0,0,0,0,0,0,0,0,0,232,17502,0,0,0,0
28649.250,16757,59,0,0,0,0,0,8,644,5,45,0,0,0,0,0,0,0,0,0,0,0,0,0,0,0,0,0,0,0,0,0,0,227,15620,0,0,0,0
28666.901,17650,56,0,0,0,0,0,8,614,5,45,0,0,0,0,0,0,0,0,0,0,0,0,0,0,0,0,0,0,0,0,0,0,236,16878,0,0,0,0
28682.586,15685,63,0,0,0,0,0,8,673,5,45,0,0,0,0,0,0,0,0,0,0,0,0,0,0,0,0,0,0,0,0,0,0,220,17555,0,0,0,0
28698.943,16357,61,0,0,0,0,0,8,653,5,45,0,0,0,0,0,0,0,0,0,0,0,0,0,0,0,0,0,0,0,0,0,0,203,15518,0,0,0,0
28716.935,17991,55,0,0,0,0,0,8,644,5,45,0,0,0,0,0,0,0,0,0,0,0,0,0,0,0,0,0,0,0,0,0,0,246,16582,0,0,0,0
28732.532,15597,64,0,0,0,0,0,8,643,5,45,0,0,0,0,0,0,0,0,0,0,0,0,0,0,0,0,0,0,0,0,0,0,212,17821,0,0,0,0
28749.046,16514,60,0,0,0,0,0,8,652,5,45,0,0,0,0,0,0,0,0,0,0,0,0,0,0,0,0,0,0,0,0,0,0,195,15776,0,0,0,0
28766.033,16987,58,0,0,0,0,0,8,644,5,45,0,0,0,0,0,0,0,0,0,0,0,0,0,0,0,0,0,0,0,0,0,0,230,17232,0,0,0,0
28783.271,17237,58,0,0,0,0,0,8,680,5,45,0,0,0,0,0,0,0,0,0,0,0,0,0,0,0,0,0,0,0,0,0,0,235,17012,0,0,0,0
28799.617,16346,61,0,0,0,0,0,8,641,5,45,0,0,0,0,0,0,0,0,0,0,0,0,0,0,0,0,0,0,0,0,0,0,211,16645,0,0,0,0
28816.138,16520,60,0,0,0,0,0,8,613,5,45,0,0,0,0,0,0,0,0,0,0,0,0,0,0,0,0,0,0,0,0,0,0,216,16125,0,0,0,0
28832.633,16495,60,0,0,0,0,0,8,680,5,45,0,0,0,0,0,0,0,0,0,0,0,0,0,0,0,0,0,0,0,0,0,0,249,17214,0,0,0,0
28849.906,17272,57,0,0,0,0,0,8,684,5,45,0,0,0,0,0,0,0,0,0,0,0,0,0,0,0,0,0,0,0,0,0,0,228,15652,0,0,0,0
28866.901,16996,58,0,0,0,0,0,8,607,5,45,0,0,0,0,0,0,0,0,0,0,0,0,0,0,0,0,0,0,0,0,0,0,244,17421,0,0,0,0
28882.903,16001,62,0,0,0,0,0,8,644,5,45,0,0,0,0,0,0,0,0,0,0,0,0,0,0,0,0,0,0,0,0,0,0,227,17013,0,0,0,0
28899.345,16443,60,0,0,0,0,0,8,680,5,45,0,0,0,0,0,0,0,0,0,0,0,0,0,0,0,0,0,0,0,0,0,0,202,15853,0,0,0,0
28915.657,16311,61,0,0,0,0,0,8,607,5,45,0,0,0,0,0,0,0,0,0,0,0,0,0,0,0,0,0,0,0,0,0,0,234,16597,0,0,0,0
28932.477,16820,59,0,0,0,0,0,8,685,5,45,0,0,0,0,0,0,0,0,0,0,0,0,0,0,0,0,0,0,0,0,0,0,221,16208,0,0,0,0
28949.896,17418,57,0,0,0,0,0,8,770,5,45,0,0,0,0,0,0,0,0,0,0,0,0,0,0,0,0,0,0,0,0,0,0,239,17090,0,0,0,0
28965.894,15998,62,0,0,0,0,0,8,4096,5,45,0,0,0,0,0,0,0,0,0,0,0,0,0,0,0,0,0,0,0,0,0,0,0,0,0,0,0,0
28983.040,17145,58,0,0,0,0,0,8,2001,5,45,0,0,0,0,0,0,0,0,0,0,0,0,0,0,0,0,0,0,0,0,0,0,335,38422,0,0,0,0
28999.281,16240,61,0,0,0,0,0,8,1581,5,45,0,0,0,0,0,0,0,0,0,0,0,0,0,0,0,0,0,0,0,0,0,0,203,15150,0,0,0,0
29016.111,16830,59,0,0,0,0,0,8,1341,5,45,0,0,0,0,0,0,0,0,0,0,0,0,0,0,0,0,0,0,0,0,0,0,215,15005,0,0,0,0
29032.418,16306,61,0,0,0,0,0,8,994,5,45,0,0,0,0,0,0,0,0,0,0,0,0,0,0,0,0,0,0,0,0,0,0,223,15614,0,0,0,0
29049.444,17025,58,0,0,0,0,0,8,774,5,45,0,0,0,0,0,0,0,0,0,0,0,0,0,0,0,0,0,0,0,0,0,0,221,15848,0,0,0,0
29066.912,17468,57,0,0,0,0,0,8,736,5,45,0,0,0,0,0,0,0,0,0,0,0,0,0,0,0,0,0,0,0,0,0,0,227,17007,0,0,0,0
29082.477,15565,64,0,0,0,0,0,8,803,5,45,0,0,0,0,0,0,0,0,0,0,0,0,0,0,0,0,0,0,0,0,0,0,236,17385,0,0,0,0
29099.451,16974,58,0,0,0,0,0,8,809,5,45,0,0,0,0,0,0,0,0,0,0,0,0,0,0,0,0,0,0,0,0,0,0,217,15632,0,0,0,0
29116.073,16622,60,0,0,0,0,0,8,731,5,45,0,0,0,0,0,0,0,0,0,0,0,0,0,0,0,0,0,0,0,0,0,0,235,17020,0,0,0,0
29132.542,16468,60,0,0,0,0,0,8,749,5,45,0,0,0,0,0,0,0,0,0,0,0,0,0,0,0,0,0,0,0,0,0,0,252,16539,0,0,0,0
29148.959,16417,60,0,0,0,0,0,8,758,5,45,0,0,0,0,0,0,0,0,0,0,0,0,0,0,0,0,0,0,0,0,0,0,220,16319,0,0,0,0
29166.237,17278,57,0,0,0,0,0,8,737,5,45,0,0,0,0,0,0,0,0,0,0,0,0,0,0,0,0,0,0,0,0,0,0,243,17478,0,0,0,0
29183.028,16790,59,0,0,0,0,0,8,780,5,45,0,0,0,0,0,0,0,0,0,0,0,0,0,0,0,0,0,0,0,0,0,0,235,17169,0,0,0,0
29199.892,16863,59,0,0,0,0,0,8,746,5,45,0,0,0,0,0,0,0,0,0,0,0,0,0,0,0,0,0,0,0,0,0,0,222,16016,0,0,0,0
29216.918,17026,58,0,0,0,0,0,8,709,5,45,0,0,0,0,0,0,0,0,0,0,0,0,0,0,0,0,0,0,0,0,0,0,239,16882,0,0,0,0
29232.481,15562,64,0,0,0,0,0,8,775,5,45,0,0,0,0,0,0,0,0,0,0,0,0,0,0,0,0,0,0,0,0,0,0,238,16947,0,0,0,0
29249.402,16921,59,0,0,0,0,0,8,784,5,45,0,0,0,0,0,0,0,0,0,0,0,0,0,0,0,0,0,0,0,0,0,0,227,15677,0,0,0,0
29266.204,16801,59,0,0,0,0,0,8,712,5,45,0,0,0,0,0,0,0,0,0,0,0,0,0,0,0,0,0,0,0,0,0,0,233,16884,0,0,0,0
29282.925,16721,59,0,0,0,0,0,8,743,5,45,0,0,0,0,0,0,0,0,0,0,0,0,0,0,0,0,0,0,0,0,0,0,243,17368,0,0,0,0
29299.498,16572,60,0,0,0,0,0,8,776,5,45,0,0,0,0,0,0,0,0,0,0,0,0,0,0,0,0,0,0,0,0,0,0,225,16338,0,0,0,0
29316.110,16612,60,0,0,0,0,0,8,710,5,45,0,0,0,0,0,0,0,0,0,0,0,0,0,0,0,0,0,0,0,0,0,0,228,16838,0,0,0,0
29332.982,16871,59,0,0,0,0,0,8,773,5,45,0,0,0,0,0,0,0,0,0,0,0,0,0,0,0,0,0,0,0,0,0,0,278,17033,0,0,0,0
29349.528,16546,60,0,0,0,0,0,8,780,5,45,0,0,0,0,0,0,0,0,0,0,0,0,0,0,0,0,0,0,0,0,0,0,200,15820,0,0,0,0
29366.904,17363,57,0,0,0,0,0,8,683,5,45,0,0,0,0,0,0,0,0,0,0,0,0,0,0,0,0,0,0,0,0,0,0,231,16780,0,0,0,0
29382.498,15606,64,0,0,0,0,0,8,780,5,45,0,0,0,0,0,0,0,0,0,0,0,0,0,0,0,0,0,0,0,0,0,0,221,17317,0,0,0,0
29399.446,16948,59,0,0,0,0,0,8,779,5,45,0,0,0,0,0,0,0,0,0,0,0,0,0,0,0,0,0,0,0,0,0,0,234,15549,0,0,0,0
29415.742,16295,61,0,0,0,0,0,8,708,5,45,0,0,0,0,0,0,0,0,0,0,0,0,0,0,0,0,0,0,0,0,0,0,211,17338,0,0,0,0
29433.034,17281,57,0,0,0,0,0,8,784,5,45,0,0,0,0,0,0,0,0,0,0,0,0,0,0,0,0,0,0,0,0,0,0,228,15900,0,0,0,0
29449.453,16430,60,0,0,0,0,0,8,738,5,45,0,0,0,0,0,0,0,0,0,0,0,0,0,0,0,0,0,0,0,0,0,0,225,17298,0,0,0,0
29466.909,17455,57,0,0,0,0,0,8,717,5,45,0,0,0,0,0,0,0,0,0,0,0,0,0,0,0,0,0,0,0,0,0,0,223,16469,0,0,0,0
29481.999,15090,66,0,0,0,0,0,8,775,5,45,0,0,0,0,0,0,0,0,0,0,0,0,0,0,0,0,0,0,0,0,0,0,221,17403,0,0,0,0
29499.398,17398,57,0,0,0,0,0,8,737,5,45,0,0,0,0,0,0,0,0,0,0,0,0,0,0,0,0,0,0,0,0,0,0,204,14947,0,0,0,0
29515.949,16551,60,0,0,0,0,0,8,756,5,45,0,0,0,0,0,0,0,0,0,0,0,0,0,0,0,0,0,0,0,0,0,0,239,17981,0,0,0,0
29532.624,16674,59,0,0,0,0,0,8,745,5,45,0,0,0,0,0,0,0,0,0,0,0,0,0,0,0,0,0,0,0,0,0,0,233,16150,0,0,0,0
29548.946,16322,61,0,0,0,0,0,8,753,5,45,0,0,0,0,0,0,0,0,0,0,0,0,0,0,0,0,0,0,0,0,0,0,244,16637,0,0,0,0
29566.912,17966,55,0,0,0,0,0,8,744,5,45,0,0,0,0,0,0,0,0,0,0,0,0,0,0,0,0,0,0,0,0,0,0,230,16346,0,0,0,0
29582.895,15982,62,0,0,0,0,0,8,775,5,45,0,0,0,0,0,0,0,0,0,0,0,0,0,0,0,0,0,0,0,0,0,0,217,17958,0,0,0,0
29599.278,16383,61,0,0,0,0,0,8,743,5,45,0,0,0,0,0,0,0,0,0,0,0,0,0,0,0,0,0,0,0,0,0,0,210,15960,0,0,0,0
29616.137,16858,59,0,0,0,0,0,8,708,5,45,0,0,0,0,0,0,0,0,0,0,0,0,0,0,0,0,0,0,0,0,0,0,228,16401,0,0,0,0
29632.889,16752,59,0,0,0,0,0,8,783,5,45,0,0,0,0,0,0,0,0,0,0,0,0,0,0,0,0,0,0,0,0,0,0,236,17581,0,0,0,0
29649.445,16556,60,0,0,0,0,0,8,781,5,45,0,0,0,0,0,0,0,0,0,0,0,0,0,0,0,0,0,0,0,0,0,0,221,15980,0,0,0,0
29666.060,16615,60,0,0,0,0,0,8,716,5,45,0,0,0,0,0,0,0,0,0,0,0,0,0,0,0,0,0,0,0,0,0,0,219,16607,0,0,0,0
29682.612,16552,60,0,0,0,0,0,8,746,5,45,0,0,0,0,0,0,0,0,0,0,0,0,0,0,0,0,0,0,0,0,0,0,238,17495,0,0,0,0
29699.413,16800,59,0,0,0,0,0,8,748,5,45,0,0,0,0,0,0,0,0,0,0,0,0,0,0,0,0,0,0,0,0,0,0,221,15500,0,0,0,0
29716.909,17496,57,0,0,0,0,0,8,743,5,45,0,0,0,0,0,0,0,0,0,0,0,0,0,0,0,0,0,0,0,0,0,0,272,17510,0,0,0,0
29732.601,15692,63,0,0,0,0,0,8,777,5,45,0,0,0,0,0,0,0,0,0,0,0,0,0,0,0,0,0,0,0,0,0,0,238,16879,0,0,0,0
29749.104,16503,60,0,0,0,0,0,8,779,5,45,0,0,0,0,0,0,0,0,0,0,0,0,0,0,0,0,0,0,0,0,0,0,201,15582,0,0,0,0
29766.889,17784,56,0,0,0,0,0,8,679,5,45,0,0,0,0,0,0,0,0,0,0,0,0,0,0,0,0,0,0,0,0,0,0,208,16590,0,0,0,0
29782.434,15545,64,0,0,0,0,0,8,779,5,45,0,0,0,0,0,0,0,0,0,0,0,0,0,0,0,0,0,0,0,0,0,0,232,17831,0,0,0,0
29799.891,17456,57,0,0,0,0,0,8,780,5,45,0,0,0,0,0,0,0,0,0,0,0,0,0,0,0,0,0,0,0,0,0,0,206,15583,0,0,0,0
29816.887,16996,58,0,0,0,0,0,8,706,5,45,0,0,0,0,0,0,0,0,0,0,0,0,0,0,0,0,0,0,0,0,0,0,231,17416,0,0,0,0
29832.996,16109,62,0,0,0,0,0,8,780,5,45,0,0,0,0,0,0,0,0,0,0,0,0,0,0,0,0,0,0,0,0,0,0,210,16997,0,0,0,0
29849.442,16445,60,0,0,0,0,0,8,741,5,45,0,0,0,0,0,0,0,0,0,0,0,0,0,0,0,0,0,0,0,0,0,0,216,15996,0,0,0,0
29866.142,16699,59,0,0,0,0,0,8,712,5,45,0,0,0,0,0,0,0,0,0,0,0,0,0,0,0,0,0,0,0,0,0,0,239,16662,0,0,0,0
29882.603,16460,60,0,0,0,0,0,8,775,5,45,0,0,0,0,0,0,0,0,0,0,0,0,0,0,0,0,0,0,0,0,0,0,225,17322,0,0,0,0
29899.447,16844,59,0,0,0,0,0,8,781,5,45,0,0,0,0,0,0,0,0,0,0,0,0,0,0,0,0,0,0,0,0,0,0,220,16062,0,0,0,0
29915.824,16376,61,0,0,0,0,0,8,709,5,45,0,0,0,0,0,0,0,0,0,0,0,0,0,0,0,0,0,0,0,0,0,0,225,16631,0,0,0,0
29932.628,16804,59,0,0,0,0,0,8,741,5,45,0,0,0,0,0,0,0,0,0,0,0,0,0,0,0,0,0,0,0,0,0,0,234,16297,0,0,0,0
29949.394,16766,59,0,0,0,0,0,8,784,5,45,0,0,0,0,0,0,0,0,0,0,0,0,0,0,0,0,0,0,0,0,0,0,233,16787,0,0,0,0
29966.237,16842,59,0,0,0,0,0,8,713,5,45,0,0,0,0,0,0,0,0,0,0,0,0,0,0,0,0,0,0,0,0,0,0,226,16811,0,0,0,0
29983.017,16780,59,0,0,0,0,0,8,779,5,45,0,0,0,0,0,0,0,0,0,0,0,0,0,0,0,0,0,0,0,0,0,0,238,16741,0,0,0,0
29999.414,16396,60,0,0,0,0,0,8,747,5,45,0,0,0,0,0,0,0,0,0,0,0,0,0,0,0,0,0,0,0,0,0,0,230,16847,0,0,0,0
30016.077,16663,60,0,0,0,0,0,8,708,5,45,0,0,0,0,0,0,0,0,0,0,0,0,0,0,0,0,0,0,0,0,0,0,231,16496,0,0,0,0
30032.430,16352,61,0,0,0,0,0,8,779,5,45,0,0,0,0,0,0,0,0,0,0,0,0,0,0,0,0,0,0,0,0,0,0,221,17350,0,0,0,0
30049.409,16978,58,0,0,0,0,0,8,753,5,45,0,0,0,0,0,0,0,0,0,0,0,0,0,0,0,0,0,0,0,0,0,0,211,15488,0,0,0,0
30066.883,17475,57,0,0,0,0,0,8,743,5,45,0,0,0,0,0,0,0,0,0,0,0,0,0,0,0,0,0,0,0,0,0,0,230,17497,0,0,0,0
30082.901,16017,62,0,0,0,0,0,8,743,5,45,0,0,0,0,0,0,0,0,0,0,0,0,0,0,0,0,0,0,0,0,0,0,243,17072,0,0,0,0
30099.214,16313,61,0,0,0,0,0,8,779,5,45,0,0,0,0,0,0,0,0,0,0,0,0,0,0,0,0,0,0,0,0,0,0,227,16018,0,0,0,0
30115.546,16332,61,0,0,0,0,0,8,713,5,45,0,0,0,0,0,0,0,0,0,0,0,0,0,0,0,0,0,0,0,0,0,0,236,16424,0,0,0,0
30132.495,16949,59,0,0,0,0,0,8,784,5,45,0,0,0,0,0,0,0,0,0,0,0,0,0,0,0,0,0,0,0,0,0,0,214,16070,0,0,0,0
30149.089,16593,60,0,0,0,0,0,8,775,5,45,0,0,0,0,0,0,0,0,0,0,0,0,0,0,0,0,0,0,0,0,0,0,222,17012,0,0,0,0
30166.020,16931,59,0,0,0,0,0,8,682,5,45,0,0,0,0,0,0,0,0,0,0,0,0,0,0,0,0,0,0,0,0,0,0,234,16635,0,0,0,0
30182.501,16480,60,0,0,0,0,0,8,781,5,45,0,0,0,0,0,0,0,0,0,0,0,0,0,0,0,0,0,0,0,0,0,0,235,17778,0,0,0,0
30199.400,16899,59,0,0,0,0,0,8,742,5,45,0,0,0,0,0,0,0,0,0,0,0,0,0,0,0,0,0,0,0,0,0,0,215,15733,0,0,0,0
30215.662,16262,61,0,0,0,0,0,8,746,5,45,0,0,0,0,0,0,0,0,0,0,0,0,0,0,0,0,0,0,0,0,0,0,222,17230,0,0,0,0
30232.606,16943,59,0,0,0,0,0,8,783,5,45,0,0,0,0,0,0,0,0,0,0,0,0,0,0,0,0,0,0,0,0,0,0,213,15725,0,0,0,0
30248.663,16057,62,0,0,0,0,0,8,709,5,45,0,0,0,0,0,0,0,0,0,0,0,0,0,0,0,0,0,0,0,0,0,0,208,16988,0,0,0,0
30266.021,17357,57,0,0,0,0,0,8,743,5,45,0,0,0,0,0,0,0,0,0,0,0,0,0,0,0,0,0,0,0,0,0,0,216,16195,0,0,0,0
30282.407,16386,61,0,0,0,0,0,8,775,5,45,0,0,0,0,0,0,0,0,0,0,0,0,0,0,0,0,0,0,0,0,0,0,229,17273,0,0,0,0
30298.686,16278,61,0,0,0,0,0,8,747,5,45,0,0,0,0,0,0,0,0,0,0,0,0,0,0,0,0,0,0,0,0,0,0,233,16433,0,0,0,0
30316.076,17389,57,0,0,0,0,0,8,737,5,45,0,0,0,0,0,0,0,0,0,0,0,0,0,0,0,0,0,0,0,0,0,0,216,16373,0,0,0,0
30332.477,16400,60,0,0,0,0,0,8,749,5,45,0,0,0,0,0,0,0,0,0,0,0,0,0,0,0,0,0,0,0,0,0,0,249,17295,0,0,0,0
30348.950,16473,60,0,0,0,0,0,8,753,5,45,0,0,0,0,0,0,0,0,0,0,0,0,0,0,0,0,0,0,0,0,0,0,239,16359,0,0,0,0
30366.106,17156,58,0,0,0,0,0,8,744,5,45,0,0,0,0,0,0,0,0,0,0,0,0,0,0,0,0,0,0,0,0,0,0,220,16515,0,0,0,0
30382.880,16774,59,0,0,0,0,0,8,780,5,45,0,0,0,0,0,0,0,0,0,0,0,0,0,0,0,0,0,0,0,0,0,0,247,17130,0,0,0,0
30399.879,16998,58,0,0,0,0,0,8,738,5,45,0,0,0,0,0,0,0,0,0,0,0,0,0,0,0,0,0,0,0,0,0,0,225,16743,0,0,0,0
30416.896,17017,58,0,0,0,0,0,8,712,5,45,0,0,0,0,0,0,0,0,0,0,0,0,0,0,0,0,0,0,0,0,0,0,243,17037,0,0,0,0
30432.074,15177,65,0,0,0,0,0,8,776,5,45,0,0,0,0,0,0,0,0,0,0,0,0,0,0,0,0,0,0,0,0,0,0,215,16980,0,0,0,0
30448.931,16857,59,0,0,0,0,0,8,743,5,45,0,0,0,0,0,0,0,0,0,0,0,0,0,0,0,0,0,0,0,0,0,0,213,15043,0,0,0,0
30465.394,16463,60,0,0,0,0,0,8,745,5,45,0,0,0,0,0,0,0,0,0,0,0,0,0,0,0,0,0,0,0,0,0,0,228,16978,0,0,0,0
30482.887,17493,57,0,0,0,0,0,8,746,5,45,0,0,0,0,0,0,0,0,0,0,0,0,0,0,0,0,0,0,0,0,0,0,235,16598,0,0,0,0
30499.395,16508,60,0,0,0,0,0,8,779,5,45,0,0,0,0,0,0,0,0,0,0,0,0,0,0,0,0,0,0,0,0,0,0,220,16381,0,0,0,0
30516.936,17540,57,0,0,0,0,0,8,713,5,45,0,0,0,0,0,0,0,0,0,0,0,0,0,0,0,0,0,0,0,0,0,0,226,17541,0,0,0,0
30532.655,15718,63,0,0,0,0,0,8,781,5,45,0,0,0,0,0,0,0,0,0,0,0,0,0,0,0,0,0,0,0,0,0,0,209,17338,0,0,0,0
30549.396,16740,59,0,0,0,0,0,8,752,5,45,0,0,0,0,0,0,0,0,0,0,0,0,0,0,0,0,0,0,0,0,0,0,226,15887,0,0,0,0
30566.888,17482,57,0,0,0,0,0,8,706,5,45,0,0,0,0,0,0,0,0,0,0,0,0,0,0,0,0,0,0,0,0,0,0,240,17198,0,0,0,0
30582.455,15576,64,0,0,0,0,0,8,775,5,45,0,0,0,0,0,0,0,0,0,0,0,0,0,0,0,0,0,0,0,0,0,0,217,16909,0,0,0,0
30599.413,16958,58,0,0,0,0,0,8,776,5,45,0,0,0,0,0,0,0,0,0,0,0,0,0,0,0,0,0,0,0,0,0,0,205,15615,0,0,0,0
30616.876,17463,57,0,0,0,0,0,8,717,5,45,0,0,0,0,0,0,0,0,0,0,0,0,0,0,0,0,0,0,0,0,0,0,228,17020,0,0,0,0
30632.083,15206,65,0,0,0,0,0,8,775,5,45,0,0,0,0,0,0,0,0,0,0,0,0,0,0,0,0,0,0,0,0,0,0,222,17368,0,0,0,0
30649.448,17365,57,0,0,0,0,0,8,746,5,45,0,0,0,0,0,0,0,0,0,0,0,0,0,0,0,0,0,0,0,0,0,0,210,15177,0,0,0,0
30666.890,17441,57,0,0,0,0,0,8,713,5,45,0,0,0,0,0,0,0,0,0,0,0,0,0,0,0,0,0,0,0,0,0,0,239,17446,0,0,0,0
30683.804,16914,59,0,0,0,0,0,8,779,5,45,0,0,0,0,0,0,0,0,0,0,0,0,0,0,0,0,0,0,0,0,0,0,227,17424,0,0,0,0
30699.431,15626,63,0,0,0,0,0,8,777,5,45,0,0,0,0,0,0,0,0,0,0,0,0,0,0,0,0,0,0,0,0,0,0,229,17088,0,0,0,0
30716.046,16615,60,0,0,0,0,0,8,711,5,45,0,0,0,0,0,0,0,0,0,0,0,0,0,0,0,0,0,0,0,0,0,0,222,15473,0,0,0,0
30732.538,16491,60,0,0,0,0,0,8,739,5,45,0,0,0,0,0,0,0,0,0,0,0,0,0,0,0,0,0,0,0,0,0,0,235,17504,0,0,0,0
30749.388,16849,59,0,0,0,0,0,8,735,5,45,0,0,0,0,0,0,0,0,0,0,0,0,0,0,0,0,0,0,0,0,0,0,204,15504,0,0,0,0
30766.083,16694,59,0,0,0,0,0,8,756,5,45,0,0,0,0,0,0,0,0,0,0,0,0,0,0,0,0,0,0,0,0,0,0,227,17475,0,0,0,0
30782.529,16445,60,0,0,0,0,0,8,775,5,45,0,0,0,0,0,0,0,0,0,0,0,0,0,0,0,0,0,0,0,0,0,0,232,17007,0,0,0,0
30799.386,16856,59,0,0,0,0,0,8,725,5,45,0,0,0,0,0,0,0,0,0,0,0,0,0,0,0,0,0,0,0,0,0,0,215,15672,0,0,0,0
30816.175,16789,59,0,0,0,0,0,8,738,5,45,0,0,0,0,0,0,0,0,0,0,0,0,0,0,0,0,0,0,0,0,0,0,216,17223,0,0,0,0
30832.960,16784,59,0,0,0,0,0,8,781,5,45,0,0,0,0,0,0,0,0,0,0,0,0,0,0,0,0,0,0,0,0,0,0,219,17012,0,0,0,0
30849.451,16491,60,0,0,0,0,0,8,779,5,45,0,0,0,0,0,0,0,0,0,0,0,0,0,0,0,0,0,0,0,0,0,0,200,16011,0,0,0,0
30866.894,17442,57,0,0,0,0,0,8,712,5,45,0,0,0,0,0,0,0,0,0,0,0,0,0,0,0,0,0,0,0,0,0,0,226,16711,0,0,0,0
30882.470,15576,64,0,0,0,0,0,8,743,5,45,0,0,0,0,0,0,0,0,0,0,0,0,0,0,0,0,0,0,0,0,0,0,226,17279,0,0,0,0
30899.415,16945,59,0,0,0,0,0,8,784,5,45,0,0,0,0,0,0,0,0,0,0,0,0,0,0,0,0,0,0,0,0,0,0,224,15674,0,0,0,0
30916.019,16603,60,0,0,0,0,0,8,708,5,45,0,0,0,0,0,0,0,0,0,0,0,0,0,0,0,0,0,0,0,0,0,0,236,17011,0,0,0,0
30932.874,16855,59,0,0,0,0,0,8,779,5,45,0,0,0,0,0,0,0,0,0,0,0,0,0,0,0,0,0,0,0,0,0,0,229,17281,0,0,0,0
30949.397,16522,60,0,0,0,0,0,8,743,5,45,0,0,0,0,0,0,0,0,0,0,0,0,0,0,0,0,0,0,0,0,0,0,210,16112,0,0,0,0
30966.904,17507,57,0,0,0,0,0,8,716,5,45,0,0,0,0,0,0,0,0,0,0,0,0,0,0,0,0,0,0,0,0,0,0,223,16965,0,0,0,0
30982.470,15566,64,0,0,0,0,0,8,776,5,45,0,0,0,0,0,0,0,0,0,0,0,0,0,0,0,0,0,0,0,0,0,0,226,17070,0,0,0,0
30999.398,16928,59,0,0,0,0,0,8,753,5,45,0,0,0,0,0,0,0,0,0,0,0,0,0,0,0,0,0,0,0,0,0,0,218,15559,0,0,0,0
31016.082,16683,59,0,0,0,0,0,8,742,5,45,0,0,0,0,0,0,0,0,0,0,0,0,0,0,0,0,0,0,0,0,0,0,218,17375,0,0,0,0
31032.449,16367,61,0,0,0,0,0,8,776,5,45,0,0,0,0,0,0,0,0,0,0,0,0,0,0,0,0,0,0,0,0,0,0,230,16220,0,0,0,0
31049.426,16976,58,0,0,0,0,0,8,747,5,45,0,0,0,0,0,0,0,0,0,0,0,0,0,0,0,0,0,0,0,0,0,0,225,16397,0,0,0,0
31066.091,16664,60,0,0,0,0,0,8,712,5,45,0,0,0,0,0,0,0,0,0,0,0,0,0,0,0,0,0,0,0,0,0,0,236,17057,0,0,0,0
31082.466,16376,61,0,0,0,0,0,8,780,5,45,0,0,0,0,0,0,0,0,0,0,0,0,0,0,0,0,0,0,0,0,0,0,265,17422,0,0,0,0
31099.441,16974,58,0,0,0,0,0,8,779,5,45,0,0,0,0,0,0,0,0,0,0,0,0,0,0,0,0,0,0,0,0,0,0,256,15689,0,0,0,0
31116.872,17431,57,0,0,0,0,0,8,713,5,45,0,0,0,0,0,0,0,0,0,0,0,0,0,0,0,0,0,0,0,0,0,0,207,16642,0,0,0,0
31133.011,16138,61,0,0,0,0,0,8,743,5,45,0,0,0,0,0,0,0,0,0,0,0,0,0,0,0,0,0,0,0,0,0,0,230,17468,0,0,0,0
31149.423,16412,60,0,0,0,0,0,8,779,5,45,0,0,0,0,0,0,0,0,0,0,0,0,0,0,0,0,0,0,0,0,0,0,231,16330,0,0,0,0
31166.094,16670,59,0,0,0,0,0,8,716,5,45,0,0,0,0,0,0,0,0,0,0,0,0,0,0,0,0,0,0,0,0,0,0,214,16385,0,0,0,0
31182.931,16836,59,0,0,0,0,0,8,776,5,45,0,0,0,0,0,0,0,0,0,0,0,0,0,0,0,0,0,0,0,0,0,0,253,17426,0,0,0,0
31199.389,16457,60,0,0,0,0,0,8,738,5,45,0,0,0,0,0,0,0,0,0,0,0,0,0,0,0,0,0,0,0,0,0,0,234,16061,0,0,0,0
31215.973,16584,60,0,0,0,0,0,8,720,5,45,0,0,0,0,0,0,0,0,0,0,0,0,0,0,0,0,0,0,0,0,0,0,216,16441,0,0,0,0
31232.583,16610,60,0,0,0,0,0,8,780,5,45,0,0,0,0,0,0,0,0,0,0,0,0,0,0,0,0,0,0,0,0,0,0,226,16586,0,0,0,0
31249.434,16850,59,0,0,0,0,0,8,780,5,45,0,0,0,0,0,0,0,0,0,0,0,0,0,0,0,0,0,0,0,0,0,0,204,16555,0,0,0,0
31266.875,17441,57,0,0,0,0,0,8,713,5,45,0,0,0,0,0,0,0,0,0,0,0,0,0,0,0,0,0,0,0,0,0,0,220,17011,0,0,0,0
31282.596,15721,63,0,0,0,0,0,8,741,5,45,0,0,0,0,0,0,0,0,0,0,0,0,0,0,0,0,0,0,0,0,0,0,233,17448,0,0,0,0
31299.454,16857,59,0,0,0,0,0,8,781,5,45,0,0,0,0,0,0,0,0,0,0,0,0,0,0,0,0,0,0,0,0,0,0,249,15745,0,0,0,0
31316.118,16664,60,0,0,0,0,0,8,707,5,45,0,0,0,0,0,0,0,0,0,0,0,0,0,0,0,0,0,0,0,0,0,0,208,16593,0,0,0,0
31332.601,16482,60,0,0,0,0,0,8,784,5,45,0,0,0,0,0,0,0,0,0,0,0,0,0,0,0,0,0,0,0,0,0,0,224,17432,0,0,0,0
31350.395,17794,56,0,0,0,0,0,8,784,5,45,0,0,0,0,0,0,0,0,0,0,0,0,0,0,0,0,0,0,0,0,0,0,201,15710,0,0,0,0
31366.044,15648,63,0,0,0,0,0,8,674,5,45,0,0,0,0,0,0,0,0,0,0,0,0,0,0,0,0,0,0,0,0,0,0,226,17929,0,0,0,0
31382.579,16535,60,0,0,0,0,0,8,780,5,45,0,0,0,0,0,0,0,0,0,0,0,0,0,0,0,0,0,0,0,0,0,0,211,16366,0,0,0,0
31399.428,16848,59,0,0,0,0,0,8,781,5,45,0,0,0,0,0,0,0,0,0,0,0,0,0,0,0,0,0,0,0,0,0,0,206,15820,0,0,0,0
31416.870,17442,57,0,0,0,0,0,8,712,5,45,0,0,0,0,0,0,0,0,0,0,0,0,0,0,0,0,0,0,0,0,0,0,234,16929,0,0,0,0
31432.878,16007,62,0,0,0,0,0,8,784,5,45,0,0,0,0,0,0,0,0,0,0,0,0,0,0,0,0,0,0,0,0,0,0,240,17324,0,0,0,0
31449.833,16955,58,0,0,0,0,0,8,745,5,45,0,0,0,0,0,0,0,0,0,0,0,0,0,0,0,0,0,0,0,0,0,0,205,16092,0,0,0,0
31466.125,16291,61,0,0,0,0,0,8,712,5,45,0,0,0,0,0,0,0,0,0,0,0,0,0,0,0,0,0,0,0,0,0,0,230,16871,0,0,0,0
31482.931,16806,59,0,0,0,0,0,8,780,5,45,0,0,0,0,0,0,0,0,0,0,0,0,0,0,0,0,0,0,0,0,0,0,248,16338,0,0,0,0
31499.249,16318,61,0,0,0,0,0,8,753,5,45,0,0,0,0,0,0,0,0,0,0,0,0,0,0,0,0,0,0,0,0,0,0,206,16627,0,0,0,0
31516.009,16759,59,0,0,0,0,0,8,744,5,45,0,0,0,0,0,0,0,0,0,0,0,0,0,0,0,0,0,0,0,0,0,0,224,17075,0,0,0,0
31532.439,16430,60,0,0,0,0,0,8,742,5,45,0,0,0,0,0,0,0,0,0,0,0,0,0,0,0,0,0,0,0,0,0,0,223,16129,0,0,0,0
31549.289,16850,59,0,0,0,0,0,8,783,5,45,0,0,0,0,0,0,0,0,0,0,0,0,0,0,0,0,0,0,0,0,0,0,234,16546,0,0,0,0
31566.012,16722,59,0,0,0,0,0,8,709,5,45,0,0,0,0,0,0,0,0,0,0,0,0,0,0,0,0,0,0,0,0,0,0,212,16827,0,0,0,0
31582.582,16569,60,0,0,0,0,0,8,775,5,45,0,0,0,0,0,0,0,0,0,0,0,0,0,0,0,0,0,0,0,0,0,0,229,17514,0,0,0,0
31599.869,17287,57,0,0,0,0,0,8,751,5,45,0,0,0,0,0,0,0,0,0,0,0,0,0,0,0,0,0,0,0,0,0,0,229,15744,0,0,0,0
31616.006,16137,61,0,0,0,0,0,8,712,5,45,0,0,0,0,0,0,0,0,0,0,0,0,0,0,0,0,0,0,0,0,0,0,236,17306,0,0,0,0
31632.582,16575,60,0,0,0,0,0,8,775,5,45,0,0,0,0,0,0,0,0,0,0,0,0,0,0,0,0,0,0,0,0,0,0,219,16951,0,0,0,0
31649.869,17286,57,0,0,0,0,0,8,784,5,45,0,0,0,0,0,0,0,0,0,0,0,0,0,0,0,0,0,0,0,0,0,0,228,15721,0,0,0,0
31666.011,16141,61,0,0,0,0,0,8,712,5,45,0,0,0,0,0,0,0,0,0,0,0,0,0,0,0,0,0,0,0,0,0,0,233,17287,0,0,0,0
31682.994,16983,58,0,0,0,0,0,8,742,5,45,0,0,0,0,0,0,0,0,0,0,0,0,0,0,0,0,0,0,0,0,0,0,258,16222,0,0,0,0
31699.396,16402,60,0,0,0,0,0,8,777,5,45,0,0,0,0,0,0,0,0,0,0,0,0,0,0,0,0,0,0,0,0,0,0,231,16991,0,0,0,0
31716.820,17423,57,0,0,0,0,0,8,716,5,45,0,0,0,0,0,0,0,0,0,0,0,0,0,0,0,0,0,0,0,0,0,0,222,16389,0,0,0,0
31733.393,16573,60,0,0,0,0,0,8,780,5,45,0,0,0,0,0,0,0,0,0,0,0,0,0,0,0,0,0,0,0,0,0,0,217,17210,0,0,0,0
31749.885,16491,60,0,0,0,0,0,8,780,5,45,0,0,0,0,0,0,0,0,0,0,0,0,0,0,0,0,0,0,0,0,0,0,227,16675,0,0,0,0
31766.879,16984,58,0,0,0,0,0,8,677,5,45,0,0,0,0,0,0,0,0,0,0,0,0,0,0,0,0,0,0,0,0,0,0,238,16573,0,0,0,0
31782.466,15597,64,0,0,0,0,0,8,780,5,45,0,0,0,0,0,0,0,0,0,0,0,0,0,0,0,0,0,0,0,0,0,0,216,16853,0,0,0,0
31799.582,17115,58,0,0,0,0,0,8,784,5,45,0,0,0,0,0,0,0,0,0,0,0,0,0,0,0,0,0,0,0,0,0,0,223,15652,0,0,0,0
31816.224,16641,60,0,0,0,0,0,8,713,5,45,0,0,0,0,0,0,0,0,0,0,0,0,0,0,0,0,0,0,0,0,0,0,232,17412,0,0,0,0
31833.010,16786,59,0,0,0,0,0,8,780,5,45,0,0,0,0,0,0,0,0,0,0,0,0,0,0,0,0,0,0,0,0,0,0,241,16387,0,0,0,0
31849.870,16860,59,0,0,0,0,0,8,741,5,45,0,0,0,0,0,0,0,0,0,0,0,0,0,0,0,0,0,0,0,0,0,0,229,16824,0,0,0,0
31866.895,17024,58,0,0,0,0,0,8,705,5,45,0,0,0,0,0,0,0,0,0,0,0,0,0,0,0,0,0,0,0,0,0,0,252,16850,0,0,0,0
31882.941,16045,62,0,0,0,0,0,8,780,5,45,0,0,0,0,0,0,0,0,0,0,0,0,0,0,0,0,0,0,0,0,0,0,223,16930,0,0,0,0
31898.688,15747,63,0,0,0,0,0,8,780,5,45,0,0,0,0,0,0,0,0,0,0,0,0,0,0,0,0,0,0,0,0,0,0,227,16019,0,0,0,0
31916.132,17444,57,0,0,0,0,0,8,716,5,45,0,0,0,0,0,0,0,0,0,0,0,0,0,0,0,0,0,0,0,0,0,0,203,15886,0,0,0,0
31932.866,16733,59,0,0,0,0,0,8,745,5,45,0,0,0,0,0,0,0,0,0,0,0,0,0,0,0,0,0,0,0,0,0,0,232,17301,0,0,0,0
31949.390,16524,60,0,0,0,0,0,8,894,5,45,0,0,0,0,0,0,0,0,0,0,0,0,0,0,0,0,0,0,0,0,0,0,235,17266,0,0,0,0
31965.402,16012,62,0,0,0,0,0,8,1070,5,45,0,0,0,0,0,0,0,0,0,0,0,0,0,0,0,0,0,0,0,0,0,0,227,16824,0,0,0,0
31982.868,17466,57,0,0,0,0,0,8,825,5,45,0,0,0,0,0,0,0,0,0,0,0,0,0,0,0,0,0,0,0,0,0,0,234,15314,0,0,0,0
31999.320,16451,60,0,0,0,0,0,8,782,5,45,0,0,0,0,0,0,0,0,0,0,0,0,0,0,0,0,0,0,0,0,0,0,222,17401,0,0,0,0
32016.057,16736,59,0,0,0,0,0,8,737,5,45,0,0,0,0,0,0,0,0,0,0,0,0,0,0,0,0,0,0,0,0,0,0,236,16493,0,0,0,0
32032.536,16479,60,0,0,0,0,0,8,819,5,45,0,0,0,0,0,0,0,0,0,0,0,0,0,0,0,0,0,0,0,0,0,0,224,16624,0,0,0,0
32048.921,16385,61,0,0,0,0,0,8,773,5,45,0,0,0,0,0,0,0,0,0,0,0,0,0,0,0,0,0,0,0,0,0,0,230,16406,0,0,0,0
32066.180,17258,57,0,0,0,0,0,8,766,5,45,0,0,0,0,0,0,0,0,0,0,0,0,0,0,0,0,0,0,0,0,0,0,208,16453,0,0,0,0
32082.674,16493,60,0,0,0,0,0,8,774,5,45,0,0,0,0,0,0,0,0,0,0,0,0,0,0,0,0,0,0,0,0,0,0,250,17369,0,0,0,0
32099.303,16629,60,0,0,0,0,0,8,807,5,45,0,0,0,0,0,0,0,0,0,0,0,0,0,0,0,0,0,0,0,0,0,0,220,16479,0,0,0,0
32116.006,16702,59,0,0,0,0,0,8,728,5,45,0,0,0,0,0,0,0,0,0,0,0,0,0,0,0,0,0,0,0,0,0,0,227,16591,0,0,0,0
32132.868,16861,59,0,0,0,0,0,8,807,5,45,0,0,0,0,0,0,0,0,0,0,0,0,0,0,0,0,0,0,0,0,0,0,270,17640,0,0,0,0
32149.176,16308,61,0,0,0,0,0,8,806,5,45,0,0,0,0,0,0,0,0,0,0,0,0,0,0,0,0,0,0,0,0,0,0,232,15998,0,0,0,0
32166.879,17703,56,0,0,0,0,0,8,690,5,45,0,0,0,0,0,0,0,0,0,0,0,0,0,0,0,0,0,0,0,0,0,0,224,16349,0,0,0,0
32182.904,16024,62,0,0,0,0,0,8,807,5,45,0,0,0,0,0,0,0,0,0,0,0,0,0,0,0,0,0,0,0,0,0,0,234,17654,0,0,0,0
32199.867,16962,58,0,0,0,0,0,8,807,5,45,0,0,0,0,0,0,0,0,0,0,0,0,0,0,0,0,0,0,0,0,0,0,229,16023,0,0,0,0
32216.021,16154,61,0,0,0,0,0,8,723,5,45,0,0,0,0,0,0,0,0,0,0,0,0,0,0,0,0,0,0,0,0,0,0,229,16950,0,0,0,0
32232.448,16426,60,0,0,0,0,0,8,811,5,45,0,0,0,0,0,0,0,0,0,0,0,0,0,0,0,0,0,0,0,0,0,0,234,16159,0,0,0,0
32249.878,17430,57,0,0,0,0,0,8,773,5,45,0,0,0,0,0,0,0,0,0,0,0,0,0,0,0,0,0,0,0,0,0,0,231,16335,0,0,0,0
32266.885,17006,58,0,0,0,0,0,8,728,5,45,0,0,0,0,0,0,0,0,0,0,0,0,0,0,0,0,0,0,0,0,0,0,254,17611,0,0,0,0
32282.872,15987,62,0,0,0,0,0,8,809,5,45,0,0,0,0,0,0,0,0,0,0,0,0,0,0,0,0,0,0,0,0,0,0,239,16799,0,0,0,0
32299.305,16432,60,0,0,0,0,0,8,808,5,45,0,0,0,0,0,0,0,0,0,0,0,0,0,0,0,0,0,0,0,0,0,0,205,14915,0,0,0,0
32315.911,16606,60,0,0,0,0,0,8,724,5,45,0,0,0,0,0,0,0,0,0,0,0,0,0,0,0,0,0,0,0,0,0,0,233,17623,0,0,0,0
32332.057,16146,61,0,0,0,0,0,8,764,5,45,0,0,0,0,0,0,0,0,0,0,0,0,0,0,0,0,0,0,0,0,0,0,243,16627,0,0,0,0
32349.453,17396,57,0,0,0,0,0,8,807,5,45,0,0,0,0,0,0,0,0,0,0,0,0,0,0,0,0,0,0,0,0,0,0,224,16377,0,0,0,0
32366.232,16779,59,0,0,0,0,0,8,728,5,45,0,0,0,0,0,0,0,0,0,0,0,0,0,0,0,0,0,0,0,0,0,0,226,17494,0,0,0,0
32382.862,16630,60,0,0,0,0,0,8,806,5,45,0,0,0,0,0,0,0,0,0,0,0,0,0,0,0,0,0,0,0,0,0,0,240,16400,0,0,0,0
32399.382,16519,60,0,0,0,0,0,8,751,5,45,0,0,0,0,0,0,0,0,0,0,0,0,0,0,0,0,0,0,0,0,0,0,224,16648,0,0,0,0
32415.882,16500,60,0,0,0,0,0,8,746,5,45,0,0,0,0,0,0,0,0,0,0,0,0,0,0,0,0,0,0,0,0,0,0,220,16873,0,0,0,0
32432.570,16688,59,0,0,0,0,0,8,807,5,45,0,0,0,0,0,0,0,0,0,0,0,0,0,0,0,0,0,0,0,0,0,0,232,16521,0,0,0,0
32449.396,16826,59,0,0,0,0,0,8,804,5,45,0,0,0,0,0,0,0,0,0,0,0,0,0,0,0,0,0,0,0,0,0,0,228,16505,0,0,0,0
32466.889,17492,57,0,0,0,0,0,8,727,5,45,0,0,0,0,0,0,0,0,0,0,0,0,0,0,0,0,0,0,0,0,0,0,220,16649,0,0,0,0
32482.475,15586,64,0,0,0,0,0,8,788,5,45,0,0,0,0,0,0,0,0,0,0,0,0,0,0,0,0,0,0,0,0,0,0,217,17798,0,0,0,0
32499.873,17398,57,0,0,0,0,0,8,837,5,45,0,0,0,0,0,0,0,0,0,0,0,0,0,0,0,0,0,0,0,0,0,0,228,15322,0,0,0,0
32516.002,16129,61,0,0,0,0,0,8,762,5,45,0,0,0,0,0,0,0,0,0,0,0,0,0,0,0,0,0,0,0,0,0,0,227,17409,0,0,0,0
32532.862,16859,59,0,0,0,0,0,8,836,5,45,0,0,0,0,0,0,0,0,0,0,0,0,0,0,0,0,0,0,0,0,0,0,230,16015,0,0,0,0
32549.867,17005,58,0,0,0,0,0,8,286,5,45,0,0,0,0,0,0,0,0,0,0,0,0,0,0,0,0,0,0,0,0,0,0,0,0,0,0,0,0
32752.139,202271,4,0,0,0,0,0,8,348719,17,49,0,0,0,0,0,0,0,0,0,0,0,0,0,0,0,0,0,0,0,0,0,0,116461,234172,0,0,0,0
32761.379,9240,108,0,0,0,0,0,8,7652,5,50,0,0,0,0,0,0,0,0,0,0,0,0,0,0,0,0,0,0,0,0,0,0,71,2127,0,0,0,0
32777.991,16611,60,0,0,0,0,0,8,12634,5,50,0,0,0,0,0,0,0,0,0,0,0,0,0,0,0,0,0,0,0,0,0,0,0,0,0,0,0,0
32794.998,17007,58,0,0,0,0,0,8,6808,5,50,0,0,0,0,0,0,0,0,0,0,0,0,0,0,0,0,0,0,0,0,0,0,280,25334,0,0,0,0
32811.380,16381,61,0,0,0,0,0,8,6276,5,50,0,0,0,0,0,0,0,0,0,0,0,0,0,0,0,0,0,0,0,0,0,0,195,16996,0,0,0,0
32827.945,16565,60,0,0,0,0,0,8,6842,5,50,0,0,0,0,0,0,0,0,0,0,0,0,0,0,0,0,0,0,0,0,0,0,207,16981,0,0,0,0
32844.994,17049,58,0,0,0,0,0,8,38084,5,50,0,0,0,0,0,0,0,0,0,0,0,0,0,0,0,0,0,0,0,0,0,0,189,16481,0,0,0,0
32861.563,16569,60,0,0,0,0,0,8,47033,5,50,0,0,0,0,0,0,0,0,0,0,0,0,0,0,0,0,0,0,0,0,0,0,191,16530,0,0,0,0
32878.375,16811,59,0,0,0,0,0,8,47691,5,50,0,0,0,0,0,0,0,0,0,0,0,0,0,0,0,0,0,0,0,0,0,0,188,16070,0,0,0,0
32894.865,16490,60,0,0,0,0,0,8,48202,5,50,0,0,0,0,0,0,0,0,0,0,0,0,0,0,0,0,0,0,0,0,0,0,227,17856,0,0,0,0
32911.368,16502,60,0,0,0,0,0,8,17933,5,50,0,0,0,0,0,0,0,0,0,0,0,0,0,0,0,0,0,0,0,0,0,0,198,15959,0,0,0,0
32928.150,16781,59,0,0,0,0,0,8,216,5,50,0,0,0,0,0,0,0,0,0,0,0,0,0,0,0,0,0,0,0,0,0,0,190,15984,0,0,0,0
32945.026,16876,59,0,0,0,0,0,8,5758,5,50,0,0,0,0,0,0,0,0,0,0,0,0,0,0,0,0,0,0,0,0,0,0,219,16782,0,0,0,0
32961.580,16553,60,0,0,0,0,0,8,49595,5,50,0,0,0,0,0,0,0,0,0,0,0,0,0,0,0,0,0,0,0,0,0,0,236,17406,0,0,0,0
32978.169,16588,60,0,0,0,0,0,8,23806,5,50,0,0,0,0,0,0,0,0,0,0,0,0,0,0,0,0,0,0,0,0,0,0,211,17097,0,0,0,0
32994.998,16829,59,0,0,0,0,0,8,79636,5,50,0,0,0,0,0,0,0,0,0,0,0,0,0,0,0,0,0,0,0,0,0,0,196,16028,0,0,0,0
33011.865,16867,59,0,0,0,0,0,8,40608,5,51,0,0,0,0,0,0,0,0,0,0,0,0,0,0,0,0,0,0,0,0,0,0,199,16820,0,0,0,0
33028.788,16923,59,0,0,0,0,0,8,11013,5,51,0,0,0,0,0,0,0,0,0,0,0,0,0,0,0,0,0,0,0,0,0,0,222,17373,0,0,0,0
33045.048,16259,61,0,0,0,0,0,8,256,5,51,0,0,0,0,0,0,0,0,0,0,0,0,0,0,0,0,0,0,0,0,0,0,182,16410,0,0,0,0
33061.385,16336,61,0,0,0,0,0,8,1003,5,51,0,0,0,0,0,0,0,0,0,0,0,0,0,0,0,0,0,0,0,0,0,0,173,16195,0,