t_ms,frame_time_us,fps,draw_calls,command_buffer_stalls,vertices_processed,xma_frames_decoded,audio_frame_latency_us,buffer_queue_depth,functions_dispatched,interrupt_dispatches,active_threads,apc_queue_depth,critical_region_contentions,texture_cache_hits,texture_cache_misses,pipeline_cache_hits,pipeline_cache_misses,cp_busy_us,cp_idle_us,fence_wait_us,swap_us,gpu_busy_us,submissions,resolves,render_target_switches,barrier_batches,barriers,pipelines_created,shader_translations,draws_skipped_pending,cp_waitregmem_us,cp_waitregmem_count,cp_thread_cpu_us,guest_swap_thread_cpu_us,guest_swap_interval_us,app0,app1,app2,app3
0.000,0,0,0,0,0,0,0,8,86586,28,39,0,0,0,0,0,0,0,0,0,0,0,0,0,0,0,0,0,0,0,0,0,0,263,374,0,0,0,0
15.694,15972,62,0,0,0,0,0,8,205,5,39,0,0,0,0,0,0,0,0,0,0,0,0,0,0,0,0,0,0,0,0,0,0,0,0,0,0,0,0
67.769,52074,19,0,0,0,0,0,8,738,9,39,0,0,0,0,0,0,0,0,0,0,0,0,0,0,0,0,0,0,0,0,0,0,429,68061,0,0,0,0
82.920,15151,66,0,0,0,0,0,8,402,5,39,0,0,0,0,0,0,0,0,0,0,0,0,0,0,0,0,0,0,0,0,0,0,163,15146,0,0,0,0
99.094,16173,61,0,0,0,0,0,8,509,5,39,0,0,0,0,0,0,0,0,0,0,0,0,0,0,0,0,0,0,0,0,0,0,139,14603,0,0,0,0
115.549,16455,60,0,0,0,0,0,8,506,5,39,0,0,0,0,0,0,0,0,0,0,0,0,0,0,0,0,0,0,0,0,0,0,213,15493,0,0,0,0
132.469,16909,59,0,0,0,0,0,8,234,5,39,0,0,0,0,0,0,0,0,0,0,0,0,0,0,0,0,0,0,0,0,0,0,135,3772,0,0,0,0
148.950,16491,60,0,0,0,0,0,8,445,5,39,0,0,0,0,0,0,0,0,0,0,0,0,0,0,0,0,0,0,0,0,0,0,254,30708,0,0,0,0
165.304,16354,61,0,0,0,0,0,8,302,5,39,0,0,0,0,0,0,0,0,0,0,0,0,0,0,0,0,0,0,0,0,0,0,160,2771,0,0,0,0
182.271,16966,58,0,0,0,0,0,8,414,5,39,0,0,0,0,0,0,0,0,0,0,0,0,0,0,0,0,0,0,0,0,0,0,257,30836,0,0,0,0
199.094,16822,59,0,0,0,0,0,8,297,5,39,0,0,0,0,0,0,0,0,0,0,0,0,0,0,0,0,0,0,0,0,0,0,161,2464,0,0,0,0
215.593,16498,60,0,0,0,0,0,8,486,5,39,0,0,0,0,0,0,0,0,0,0,0,0,0,0,0,0,0,0,0,0,0,0,237,30832,0,0,0,0
232.155,16562,60,0,0,0,0,0,8,390,5,39,0,0,0,0,0,0,0,0,0,0,0,0,0,0,0,0,0,0,0,0,0,0,158,17425,0,0,0,0
249.450,17295,57,0,0,0,0,0,8,298,5,39,0,0,0,0,0,0,0,0,0,0,0,0,0,0,0,0,0,0,0,0,0,0,144,1570,0,0,0,0
265.747,16296,61,0,0,0,0,0,8,297,5,39,0,0,0,0,0,0,0,0,0,0,0,0,0,0,0,0,0,0,0,0,0,0,250,17379,0,0,0,0
282.564,16816,59,0,0,0,0,0,8,420,5,39,0,0,0,0,0,0,0,0,0,0,0,0,0,0,0,0,0,0,0,0,0,0,244,30363,0,0,0,0
299.046,16482,60,0,0,0,0,0,8,295,5,39,0,0,0,0,0,0,0,0,0,0,0,0,0,0,0,0,0,0,0,0,0,0,163,2750,0,0,0,0
315.561,16514,60,0,0,0,0,0,8,385,5,39,0,0,0,0,0,0,0,0,0,0,0,0,0,0,0,0,0,0,0,0,0,0,0,0,0,0,0,0
331.949,16388,61,0,0,0,0,0,8,470,5,39,0,0,0,0,0,0,0,0,0,0,0,0,0,0,0,0,0,0,0,0,0,0,374,46847,0,0,0,0
349.094,17144,58,0,0,0,0,0,8,294,5,39,0,0,0,0,0,0,0,0,0,0,0,0,0,0,0,0,0,0,0,0,0,0,155,2561,0,0,0,0
365.952,16857,59,0,0,0,0,0,8,295,5,39,0,0,0,0,0,0,0,0,0,0,0,0,0,0,0,0,0,0,0,0,0,0,242,17373,0,0,0,0
382.259,16307,61,0,0,0,0,0,8,263,5,39,0,0,0,0,0,0,0,0,0,0,0,0,0,0,0,0,0,0,0,0,0,0,0,0,0,0,0,0
398.698,16438,60,0,0,0,0,0,8,455,5,39,0,0,0,0,0,0,0,0,0,0,0,0,0,0,0,0,0,0,0,0,0,0,221,33381,0,0,0,0
415.751,17053,58,0,0,0,0,0,8,450,5,39,0,0,0,0,0,0,0,0,0,0,0,0,0,0,0,0,0,0,0,0,0,0,189,16670,0,0,0,0
432.442,16691,59,0,0,0,0,0,8,235,5,39,0,0,0,0,0,0,0,0,0,0,0,0,0,0,0,0,0,0,0,0,0,0,225,16294,0,0,0,0
448.436,15993,62,0,0,0,0,0,8,311,5,39,0,0,0,0,0,0,0,0,0,0,0,0,0,0,0,0,0,0,0,0,0,0,0,0,0,0,0,0
465.790,17354,57,0,0,0,0,0,8,470,5,39,0,0,0,0,0,0,0,0,0,0,0,0,0,0,0,0,0,0,0,0,0,0,227,34128,0,0,0,0
482.201,16410,60,0,0,0,0,0,8,372,5,39,0,0,0,0,0,0,0,0,0,0,0,0,0,0,0,0,0,0,0,0,0,0,203,17111,0,0,0,0
499.432,17231,58,0,0,0,0,0,8,303,5,39,0,0,0,0,0,0,0,0,0,0,0,0,0,0,0,0,0,0,0,0,0,0,234,15243,0,0,0,0
516.426,16993,58,0,0,0,0,0,8,356,5,39,0,0,0,0,0,0,0,0,0,0,0,0,0,0,0,0,0,0,0,0,0,0,0,0,0,0,0,0
532.000,15574,64,0,0,0,0,0,8,377,5,39,0,0,0,0,0,0,0,0,0,0,0,0,0,0,0,0,0,0,0,0,0,0,234,34062,0,0,0,0
549.018,17017,58,0,0,0,0,0,8,416,5,39,0,0,0,0,0,0,0,0,0,0,0,0,0,0,0,0,0,0,0,0,0,0,252,16542,0,0,0,0
565.431,16413,60,0,0,0,0,0,8,306,5,39,0,0,0,0,0,0,0,0,0,0,0,0,0,0,0,0,0,0,0,0,0,0,238,16451,0,0,0,0
582.123,16691,59,0,0,0,0,0,8,270,5,39,0,0,0,0,0,0,0,0,0,0,0,0,0,0,0,0,0,0,0,0,0,0,0,0,0,0,0,0
598.984,16861,59,0,0,0,0,0,8,534,5,39,0,0,0,0,0,0,0,0,0,0,0,0,0,0,0,0,0,0,0,0,0,0,231,33314,0,0,0,0
615.944,16959,58,0,0,0,0,0,8,389,5,39,0,0,0,0,0,0,0,0,0,0,0,0,0,0,0,0,0,0,0,0,0,0,202,15985,0,0,0,0
632.427,16482,60,0,0,0,0,0,8,200,5,39,0,0,0,0,0,0,0,0,0,0,0,0,0,0,0,0,0,0,0,0,0,0,217,17328,0,0,0,0
648.931,16503,60,0,0,0,0,0,8,331,5,39,0,0,0,0,0,0,0,0,0,0,0,0,0,0,0,0,0,0,0,0,0,0,0,0,0,0,0,0
665.585,16654,60,0,0,0,0,0,8,483,5,39,0,0,0,0,0,0,0,0,0,0,0,0,0,0,0,0,0,0,0,0,0,0,218,33522,0,0,0,0
682.202,16617,60,0,0,0,0,0,8,367,5,39,0,0,0,0,0,0,0,0,0,0,0,0,0,0,0,0,0,0,0,0,0,0,178,16712,0,0,0,0
698.933,16730,59,0,0,0,0,0,8,305,5,39,0,0,0,0,0,0,0,0,0,0,0,0,0,0,0,0,0,0,0,0,0,0,238,16165,0,0,0,0
715.432,16498,60,0,0,0,0,0,8,296,5,39,0,0,0,0,0,0,0,0,0,0,0,0,0,0,0,0,0,0,0,0,0,0,0,0,0,0,0,0
732.426,16994,58,0,0,0,0,0,8,450,5,39,0,0,0,0,0,0,0,0,0,0,0,0,0,0,0,0,0,0,0,0,0,0,232,34058,0,0,0,0
748.722,16295,61,0,0,0,0,0,8,414,5,39,0,0,0,0,0,0,0,0,0,0,0,0,0,0,0,0,0,0,0,0,0,0,178,16209,0,0,0,0
765.459,16736,59,0,0,0,0,0,8,292,5,39,0,0,0,0,0,0,0,0,0,0,0,0,0,0,0,0,0,0,0,0,0,0,228,16150,0,0,0,0
782.023,16564,60,0,0,0,0,0,8,284,5,39,0,0,0,0,0,0,0,0,0,0,0,0,0,0,0,0,0,0,0,0,0,0,0,0,0,0,0,0
799.419,17396,57,0,0,0,0,0,8,589,5,39,0,0,0,0,0,0,0,0,0,0,0,0,0,0,0,0,0,0,0,0,0,0,306,49288,0,0,0,0
814.963,15543,64,0,0,0,0,0,8,286,5,39,0,0,0,0,0,0,0,0,0,0,0,0,0,0,0,0,0,0,0,0,0,0,127,1439,0,0,0,0
832.300,17336,57,0,0,0,0,0,8,238,5,39,0,0,0,0,0,0,0,0,0,0,0,0,0,0,0,0,0,0,0,0,0,0,207,15553,0,0,0,0
848.931,16631,60,0,0,0,0,0,8,378,5,39,0,0,0,0,0,0,0,0,0,0,0,0,0,0,0,0,0,0,0,0,0,0,0,0,0,0,0,0
865.574,16643,60,0,0,0,0,0,8,549,5,39,0,0,0,0,0,0,0,0,0,0,0,0,0,0,0,0,0,0,0,0,0,0,331,48429,0,0,0,0
882.162,16588,60,0,0,0,0,0,8,224,5,39,0,0,0,0,0,0,0,0,0,0,0,0,0,0,0,0,0,0,0,0,0,0,127,2874,0,0,0,0
899.421,17258,57,0,0,0,0,0,8,300,5,39,0,0,0,0,0,0,0,0,0,0,0,0,0,0,0,0,0,0,0,0,0,0,232,15859,0,0,0,0
915.797,16366,61,0,0,0,0,0,8,386,5,39,0,0,0,0,0,0,0,0,0,0,0,0,0,0,0,0,0,0,0,0,0,0,0,0,0,0,0,0
931.943,16155,61,0,0,0,0,0,8,515,5,39,0,0,0,0,0,0,0,0,0,0,0,0,0,0,0,0,0,0,0,0,0,0,307,48400,0,0,0,0
949.027,17084,58,0,0,0,0,0,8,257,5,39,0,0,0,0,0,0,0,0,0,0,0,0,0,0,0,0,0,0,0,0,0,0,162,1802,0,0,0,0
965.560,16532,60,0,0,0,0,0,8,301,5,39,0,0,0,0,0,0,0,0,0,0,0,0,0,0,0,0,0,0,0,0,0,0,225,16648,0,0,0,0
982.100,16540,60,0,0,0,0,0,8,283,5,39,0,0,0,0,0,0,0,0,0,0,0,0,0,0,0,0,0,0,0,0,0,0,0,0,0,0,0,0
999.018,16917,59,0,0,0,0,0,8,508,5,39,0,0,0,0,0,0,0,0,0,0,0,0,0,0,0,0,0,0,0,0,0,0,224,33209,0,0,0,0
1015.938,16919,59,0,0,0,0,0,8,405,5,39,0,0,0,0,0,0,0,0,0,0,0,0,0,0,0,0,0,0,0,0,0,0,184,16706,0,0,0,0
1032.041,16103,62,0,0,0,0,0,8,200,5,39,0,0,0,0,0,0,0,0,0,0,0,0,0,0,0,0,0,0,0,0,0,0,248,17124,0,0,0,0
1048.928,16887,59,0,0,0,0,0,8,332,5,39,0,0,0,0,0,0,0,0,0,0,0,0,0,0,0,0,0,0,0,0,0,0,0,0,0,0,0,0
1065.985,17056,58,0,0,0,0,0,8,506,5,39,0,0,0,0,0,0,0,0,0,0,0,0,0,0,0,0,0,0,0,0,0,0,244,33390,0,0,0,0
1082.236,16250,61,0,0,0,0,0,8,350,5,39,0,0,0,0,0,0,0,0,0,0,0,0,0,0,0,0,0,0,0,0,0,0,198,16599,0,0,0,0
1098.941,16705,59,0,0,0,0,0,8,302,5,39,0,0,0,0,0,0,0,0,0,0,0,0,0,0,0,0,0,0,0,0,0,0,238,16155,0,0,0,0
1115.940,16999,58,0,0,0,0,0,8,342,5,39,0,0,0,0,0,0,0,0,0,0,0,0,0,0,0,0,0,0,0,0,0,0,0,0,0,0,0,0
1132.488,16548,60,0,0,0,0,0,8,524,5,39,0,0,0,0,0,0,0,0,0,0,0,0,0,0,0,0,0,0,0,0,0,0,329,48660,0,0,0,0
1148.930,16441,60,0,0,0,0,0,8,288,5,39,0,0,0,0,0,0,0,0,0,0,0,0,0,0,0,0,0,0,0,0,0,0,148,1602,0,0,0,0
1165.312,16382,61,0,0,0,0,0,8,303,5,39,0,0,0,0,0,0,0,0,0,0,0,0,0,0,0,0,0,0,0,0,0,0,236,16556,0,0,0,0
1182.271,16959,58,0,0,0,0,0,8,421,5,39,0,0,0,0,0,0,0,0,0,0,0,0,0,0,0,0,0,0,0,0,0,0,240,31602,0,0,0,0
1198.573,16302,61,0,0,0,0,0,8,270,5,39,0,0,0,0,0,0,0,0,0,0,0,0,0,0,0,0,0,0,0,0,0,0,130,1643,0,0,0,0
1215.555,16981,58,0,0,0,0,0,8,483,5,39,0,0,0,0,0,0,0,0,0,0,0,0,0,0,0,0,0,0,0,0,0,0,251,30994,0,0,0,0
1232.133,16578,60,0,0,0,0,0,8,237,5,39,0,0,0,0,0,0,0,0,0,0,0,0,0,0,0,0,0,0,0,0,0,0,153,2327,0,0,0,0
1249.039,16906,59,0,0,0,0,0,8,432,5,39,0,0,0,0,0,0,0,0,0,0,0,0,0,0,0,0,0,0,0,0,0,0,0,0,0,0,0,0
1265.587,16547,60,0,0,0,0,0,8,305,5,39,0,0,0,0,0,0,0,0,0,0,0,0,0,0,0,0,0,0,0,0,0,0,327,32435,0,0,0,0
1281.998,16411,60,0,0,0,0,0,8,233,5,39,0,0,0,0,0,0,0,0,0,0,0,0,0,0,0,0,0,0,0,0,0,0,252,17584,0,0,0,0
1299.432,17434,57,0,0,0,0,0,8,487,5,39,0,0,0,0,0,0,0,0,0,0,0,0,0,0,0,0,0,0,0,0,0,0,243,31604,0,0,0,0
1315.557,16124,62,0,0,0,0,0,8,326,5,39,0,0,0,0,0,0,0,0,0,0,0,0,0,0,0,0,0,0,0,0,0,0,0,0,0,0,0,0
1332.137,16580,60,0,0,0,0,0,8,416,5,39,0,0,0,0,0,0,0,0,0,0,0,0,0,0,0,0,0,0,0,0,0,0,161,18880,0,0,0,0
1348.903,16765,59,0,0,0,0,0,8,414,5,39,0,0,0,0,0,0,0,0,0,0,0,0,0,0,0,0,0,0,0,0,0,0,197,16517,0,0,0,0
1365.777,16873,59,0,0,0,0,0,8,301,5,39,0,0,0,0,0,0,0,0,0,0,0,0,0,0,0,0,0,0,0,0,0,0,231,16298,0,0,0,0
1382.194,16417,60,0,0,0,0,0,8,273,5,39,0,0,0,0,0,0,0,0,0,0,0,0,0,0,0,0,0,0,0,0,0,0,0,0,0,0,0,0
1398.721,16527,60,0,0,0,0,0,8,505,5,39,0,0,0,0,0,0,0,0,0,0,0,0,0,0,0,0,0,0,0,0,0,0,236,33736,0,0,0,0
1415.728,17007,58,0,0,0,0,0,8,418,5,39,0,0,0,0,0,0,0,0,0,0,0,0,0,0,0,0,0,0,0,0,0,0,195,15912,0,0,0,0
1432.217,16488,60,0,0,0,0,0,8,204,5,39,0,0,0,0,0,0,0,0,0,0,0,0,0,0,0,0,0,0,0,0,0,0,246,17389,0,0,0,0
1448.950,16733,59,0,0,0,0,0,8,358,5,39,0,0,0,0,0,0,0,0,0,0,0,0,0,0,0,0,0,0,0,0,0,0,0,0,0,0,0,0
1465.670,16719,59,0,0,0,0,0,8,605,5,39,0,0,0,0,0,0,0,0,0,0,0,0,0,0,0,0,0,0,0,0,0,0,320,48002,0,0,0,0
1482.157,16487,60,0,0,0,0,0,8,229,5,39,0,0,0,0,0,0,0,0,0,0,0,0,0,0,0,0,0,0,0,0,0,0,130,1639,0,0,0,0
1498.424,16266,61,0,0,0,0,0,8,292,5,39,0,0,0,0,0,0,0,0,0,0,0,0,0,0,0,0,0,0,0,0,0,0,221,16555,0,0,0,0
1515.778,17354,57,0,0,0,0,0,8,436,5,39,0,0,0,0,0,0,0,0,0,0,0,0,0,0,0,0,0,0,0,0,0,0,0,0,0,0,0,0
1532.575,16797,59,0,0,0,0,0,8,258,5,39,0,0,0,0,0,0,0,0,0,0,0,0,0,0,0,0,0,0,0,0,0,0,308,32579,0,0,0,0
1548.923,16347,61,0,0,0,0,0,8,298,5,39,0,0,0,0,0,0,0,0,0,0,0,0,0,0,0,0,0,0,0,0,0,0,247,17863,0,0,0,0
1565.727,16804,59,0,0,0,0,0,8,486,5,39,0,0,0,0,0,0,0,0,0,0,0,0,0,0,0,0,0,0,0,0,0,0,226,31341,0,0,0,0
1582.204,16476,60,0,0,0,0,0,8,293,5,39,0,0,0,0,0,0,0,0,0,0,0,0,0,0,0,0,0,0,0,0,0,0,0,0,0,0,0,0
1599.059,16854,59,0,0,0,0,0,8,570,5,39,0,0,0,0,0,0,0,0,0,0,0,0,0,0,0,0,0,0,0,0,0,0,228,33198,0,0,0,0
1615.941,16882,59,0,0,0,0,0,8,301,5,39,0,0,0,0,0,0,0,0,0,0,0,0,0,0,0,0,0,0,0,0,0,0,127,1862,0,0,0,0
1632.055,16114,62,0,0,0,0,0,8,228,5,39,0,0,0,0,0,0,0,0,0,0,0,0,0,0,0,0,0,0,0,0,0,0,243,16962,0,0,0,0
1648.737,16681,59,0,0,0,0,0,8,414,5,39,0,0,0,0,0,0,0,0,0,0,0,0,0,0,0,0,0,0,0,0,0,0,0,0,0,0,0,0
1665.319,16582,60,0,0,0,0,0,8,329,5,39,0,0,0,0,0,0,0,0,0,0,0,0,0,0,0,0,0,0,0,0,0,0,364,32019,0,0,0,0
1681.968,16648,60,0,0,0,0,0,8,241,5,39,0,0,0,0,0,0,0,0,0,0,0,0,0,0,0,0,0,0,0,0,0,0,258,17330,0,0,0,0
1698.931,16963,58,0,0,0,0,0,8,490,5,39,0,0,0,0,0,0,0,0,0,0,0,0,0,0,0,0,0,0,0,0,0,0,223,31440,0,0,0,0
1715.654,16723,59,0,0,0,0,0,8,482,5,39,0,0,0,0,0,0,0,0,0,0,0,0,0,0,0,0,0,0,0,0,0,0,161,17454,0,0,0,0
1732.423,16768,59,0,0,0,0,0,8,236,5,39,0,0,0,0,0,0,0,0,0,0,0,0,0,0,0,0,0,0,0,0,0,0,125,1397,0,0,0,0
1749.103,16680,59,0,0,0,0,0,8,447,5,39,0,0,0,0,0,0,0,0,0,0,0,0,0,0,0,0,0,0,0,0,0,0,224,31001,0,0,0,0
1766.415,17311,57,0,0,0,0,0,8,301,5,39,0,0,0,0,0,0,0,0,0,0,0,0,0,0,0,0,0,0,0,0,0,0,129,2488,0,0,0,0
1782.259,15844,63,0,0,0,0,0,8,307,5,39,0,0,0,0,0,0,0,0,0,0,0,0,0,0,0,0,0,0,0,0,0,0,0,0,0,0,0,0
1798.924,16664,60,0,0,0,0,0,8,402,5,39,0,0,0,0,0,0,0,0,0,0,0,0,0,0,0,0,0,0,0,0,0,0,335,32877,0,0,0,0
1815.750,16826,59,0,0,0,0,0,8,309,5,39,0,0,0,0,0,0,0,0,0,0,0,0,0,0,0,0,0,0,0,0,0,0,241,17034,0,0,0,0
1832.027,16277,61,0,0,0,0,0,8,304,5,39,0,0,0,0,0,0,0,0,0,0,0,0,0,0,0,0,0,0,0,0,0,0,0,0,0,0,0,0
1848.669,16642,60,0,0,0,0,0,8,457,5,39,0,0,0,0,0,0,0,0,0,0,0,0,0,0,0,0,0,0,0,0,0,0,271,32197,0,0,0,0
1865.552,16882,59,0,0,0,0,0,8,395,5,39,0,0,0,0,0,0,0,0,0,0,0,0,0,0,0,0,0,0,0,0,0,0,201,17161,0,0,0,0
1881.678,16126,62,0,0,0,0,0,8,232,5,39,0,0,0,0,0,0,0,0,0,0,0,0,0,0,0,0,0,0,0,0,0,0,239,17207,0,0,0,0
1899.422,17743,56,0,0,0,0,0,8,487,5,39,0,0,0,0,0,0,0,0,0,0,0,0,0,0,0,0,0,0,0,0,0,0,250,31507,0,0,0,0
1915.308,15886,62,0,0,0,0,0,8,290,5,39,0,0,0,0,0,0,0,0,0,0,0,0,0,0,0,0,0,0,0,0,0,0,0,0,0,0,0,0
1932.142,16833,59,0,0,0,0,0,8,472,5,39,0,0,0,0,0,0,0,0,0,0,0,0,0,0,0,0,0,0,0,0,0,0,143,18754,0,0,0,0
1949.039,16896,59,0,0,0,0,0,8,405,5,39,0,0,0,0,0,0,0,0,0,0,0,0,0,0,0,0,0,0,0,0,0,0,530,16573,0,0,0,0
1965.942,16903,59,0,0,0,0,0,8,237,5,39,0,0,0,0,0,0,0,0,0,0,0,0,0,0,0,0,0,0,0,0,0,0,237,16573,0,0,0,0
1981.959,16017,62,0,0,0,0,0,8,185,5,39,0,0,0,0,0,0,0,0,0,0,0,0,0,0,0,0,0,0,0,0,0,0,234,16925,0,0,0,0
1999.015,17055,58,0,0,0,0,0,8,200,5,39,0,0,0,0,0,0,0,0,0,0,0,0,0,0,0,0,0,0,0,0,0,0,230,15967,0,0,0,0
2016.421,17396,57,0,0,0,0,0,8,455,5,39,0,0,0,0,0,0,0,0,0,0,0,0,0,0,0,0,0,0,0,0,0,0,965,28809,0,0,0,0
2032.197,15786,63,0,0,0,0,0,8,201,5,39,0,0,0,0,0,0,0,0,0,0,0,0,0,0,0,0,0,0,0,0,0,0,180,5813,0,0,0,0
2048.688,16490,60,0,0,0,0,0,8,253,5,39,0,0,0,0,0,0,0,0,0,0,0,0,0,0,0,0,0,0,0,0,0,0,221,15602,0,0,0,0
2065.767,17079,58,0,0,0,0,0,8,235,5,39,0,0,0,0,0,0,0,0,0,0,0,0,0,0,0,0,0,0,0,0,0,0,200,16517,0,0,0,0
2082.267,16499,60,0,0,0,0,0,8,387,5,39,0,0,0,0,0,0,0,0,0,0,0,0,0,0,0,0,0,0,0,0,0,0,250,28082,0,0,0,0
2098.991,16724,59,0,0,0,0,0,8,435,5,39,0,0,0,0,0,0,0,0,0,0,0,0,0,0,0,0,0,0,0,0,0,0,169,18711,0,0,0,0
2115.932,16940,59,0,0,0,0,0,8,251,5,39,0,0,0,0,0,0,0,0,0,0,0,0,0,0,0,0,0,0,0,0,0,0,160,3521,0,0,0,0
2132.155,16222,61,0,0,0,0,0,8,206,5,39,0,0,0,0,0,0,0,0,0,0,0,0,0,0,0,0,0,0,0,0,0,0,238,17046,0,0,0,0
2148.920,16765,59,0,0,0,0,0,8,411,5,39,0,0,0,0,0,0,0,0,0,0,0,0,0,0,0,0,0,0,0,0,0,0,230,28445,0,0,0,0
2165.591,16670,59,0,0,0,0,0,8,431,5,39,0,0,0,0,0,0,0,0,0,0,0,0,0,0,0,0,0,0,0,0,0,0,172,17986,0,0,0,0
2181.983,16392,61,0,0,0,0,0,8,205,5,39,0,0,0,0,0,0,0,0,0,0,0,0,0,0,0,0,0,0,0,0,0,0,168,3224,0,0,0,0
2198.924,16940,59,0,0,0,0,0,8,252,5,39,0,0,0,0,0,0,0,0,0,0,0,0,0,0,0,0,0,0,0,0,0,0,237,16302,0,0,0,0
2215.631,16706,59,0,0,0,0,0,8,437,5,39,0,0,0,0,0,0,0,0,0,0,0,0,0,0,0,0,0,0,0,0,0,0,246,29513,0,0,0,0
2232.301,16670,59,0,0,0,0,0,8,362,5,39,0,0,0,0,0,0,0,0,0,0,0,0,0,0,0,0,0,0,0,0,0,0,174,17645,0,0,0,0
2248.930,16628,60,0,0,0,0,0,8,250,5,39,0,0,0,0,0,0,0,0,0,0,0,0,0,0,0,0,0,0,0,0,0,0,128,3178,0,0,0,0
2265.939,17009,58,0,0,0,0,0,8,255,5,39,0,0,0,0,0,0,0,0,0,0,0,0,0,0,0,0,0,0,0,0,0,0,239,16629,0,0,0,0
2282.414,16475,60,0,0,0,0,0,8,387,5,39,0,0,0,0,0,0,0,0,0,0,0,0,0,0,0,0,0,0,0,0,0,0,232,29635,0,0,0,0
2299.028,16613,60,0,0,0,0,0,8,434,5,39,0,0,0,0,0,0,0,0,0,0,0,0,0,0,0,0,0,0,0,0,0,0,173,17093,0,0,0,0
2315.926,16897,59,0,0,0,0,0,8,227,5,39,0,0,0,0,0,0,0,0,0,0,0,0,0,0,0,0,0,0,0,0,0,0,169,3394,0,0,0,0
2331.988,16062,62,0,0,0,0,0,8,201,5,39,0,0,0,0,0,0,0,0,0,0,0,0,0,0,0,0,0,0,0,0,0,0,234,16950,0,0,0,0
2348.928,16940,59,0,0,0,0,0,8,435,5,39,0,0,0,0,0,0,0,0,0,0,0,0,0,0,0,0,0,0,0,0,0,0,228,28713,0,0,0,0
2365.070,16141,61,0,0,0,0,0,8,431,5,39,0,0,0,0,0,0,0,0,0,0,0,0,0,0,0,0,0,0,0,0,0,0,163,18435,0,0,0,0
2382.138,17068,58,0,0,0,0,0,8,210,5,39,0,0,0,0,0,0,0,0,0,0,0,0,0,0,0,0,0,0,0,0,0,0,154,1904,0,0,0,0
2399.407,17268,57,0,0,0,0,0,8,227,5,39,0,0,0,0,0,0,0,0,0,0,0,0,0,0,0,0,0,0,0,0,0,0,243,17072,0,0,0,0
2415.325,15917,62,0,0,0,0,0,8,434,5,39,0,0,0,0,0,0,0,0,0,0,0,0,0,0,0,0,0,0,0,0,0,0,227,29597,0,0,0,0
2432.387,17062,58,0,0,0,0,0,8,386,5,39,0,0,0,0,0,0,0,0,0,0,0,0,0,0,0,0,0,0,0,0,0,0,161,17197,0,0,0,0
2448.994,16606,60,0,0,0,0,0,8,251,5,39,0,0,0,0,0,0,0,0,0,0,0,0,0,0,0,0,0,0,0,0,0,0,155,3432,0,0,0,0
2466.415,17420,57,0,0,0,0,0,8,235,5,39,0,0,0,0,0,0,0,0,0,0,0,0,0,0,0,0,0,0,0,0,0,0,219,16599,0,0,0,0
2482.408,15992,62,0,0,0,0,0,8,385,5,39,0,0,0,0,0,0,0,0,0,0,0,0,0,0,0,0,0,0,0,0,0,0,248,30062,0,0,0,0
2499.012,16604,60,0,0,0,0,0,8,435,5,39,0,0,0,0,0,0,0,0,0,0,0,0,0,0,0,0,0,0,0,0,0,0,162,17645,0,0,0,0
2515.941,16929,59,0,0,0,0,0,8,254,5,39,0,0,0,0,0,0,0,0,0,0,0,0,0,0,0,0,0,0,0,0,0,0,147,2334,0,0,0,0
2532.419,16478,60,0,0,0,0,0,8,207,5,39,0,0,0,0,0,0,0,0,0,0,0,0,0,0,0,0,0,0,0,0,0,0,232,16910,0,0,0,0
2549.415,16995,58,0,0,0,0,0,8,410,5,39,0,0,0,0,0,0,0,0,0,0,0,0,0,0,0,0,0,0,0,0,0,0,241,29475,0,0,0,0
2565.547,16132,61,0,0,0,0,0,8,430,5,39,0,0,0,0,0,0,0,0,0,0,0,0,0,0,0,0,0,0,0,0,0,0,167,17700,0,0,0,0
2582.443,16895,59,0,0,0,0,0,8,207,5,39,0,0,0,0,0,0,0,0,0,0,0,0,0,0,0,0,0,0,0,0,0,0,138,2452,0,0,0,0
2599.422,16979,58,0,0,0,0,0,8,254,5,39,0,0,0,0,0,0,0,0,0,0,0,0,0,0,0,0,0,0,0,0,0,0,228,16910,0,0,0,0
2615.661,16238,61,0,0,0,0,0,8,427,5,39,0,0,0,0,0,0,0,0,0,0,0,0,0,0,0,0,0,0,0,0,0,0,244,30390,0,0,0,0
2632.557,16896,59,0,0,0,0,0,8,361,5,39,0,0,0,0,0,0,0,0,0,0,0,0,0,0,0,0,0,0,0,0,0,0,157,16118,0,0,0,0
2649.026,16468,60,0,0,0,0,0,8,251,5,39,0,0,0,0,0,0,0,0,0,0,0,0,0,0,0,0,0,0,0,0,0,0,172,4401,0,0,0,0
2666.405,17379,57,0,0,0,0,0,8,255,5,39,0,0,0,0,0,0,0,0,0,0,0,0,0,0,0,0,0,0,0,0,0,0,245,15675,0,0,0,0
2682.055,15650,63,0,0,0,0,0,8,382,5,39,0,0,0,0,0,0,0,0,0,0,0,0,0,0,0,0,0,0,0,0,0,0,242,30436,0,0,0,0
2698.916,16860,59,0,0,0,0,0,8,432,5,39,0,0,0,0,0,0,0,0,0,0,0,0,0,0,0,0,0,0,0,0,0,0,164,16865,0,0,0,0
2715.323,16407,60,0,0,0,0,0,8,233,5,39,0,0,0,0,0,0,0,0,0,0,0,0,0,0,0,0,0,0,0,0,0,0,151,2652,0,0,0,0
2732.116,16793,59,0,0,0,0,0,8,210,5,39,0,0,0,0,0,0,0,0,0,0,0,0,0,0,0,0,0,0,0,0,0,0,250,16309,0,0,0,0
2749.405,17289,57,0,0,0,0,0,8,435,5,39,0,0,0,0,0,0,0,0,0,0,0,0,0,0,0,0,0,0,0,0,0,0,225,29237,0,0,0,0
2765.923,16518,60,0,0,0,0,0,8,431,5,39,0,0,0,0,0,0,0,0,0,0,0,0,0,0,0,0,0,0,0,0,0,0,167,18032,0,0,0,0
2782.235,16312,61,0,0,0,0,0,8,205,5,39,0,0,0,0,0,0,0,0,0,0,0,0,0,0,0,0,0,0,0,0,0,0,142,3339,0,0,0,0
2798.913,16677,59,0,0,0,0,0,8,227,5,39,0,0,0,0,0,0,0,0,0,0,0,0,0,0,0,0,0,0,0,0,0,0,232,16288,0,0,0,0
2816.429,17516,57,0,0,0,0,0,8,434,5,39,0,0,0,0,0,0,0,0,0,0,0,0,0,0,0,0,0,0,0,0,0,0,224,28872,0,0,0,0
2831.948,15519,64,0,0,0,0,0,8,362,5,39,0,0,0,0,0,0,0,0,0,0,0,0,0,0,0,0,0,0,0,0,0,0,0,0,0,0,0,0
2849.403,17455,57,0,0,0,0,0,8,267,5,39,0,0,0,0,0,0,0,0,0,0,0,0,0,0,0,0,0,0,0,0,0,0,352,19976,0,0,0,0
2865.941,16537,60,0,0,0,0,0,8,225,5,39,0,0,0,0,0,0,0,0,0,0,0,0,0,0,0,0,0,0,0,0,0,0,245,18342,0,0,0,0
2882.130,16188,61,0,0,0,0,0,8,387,5,39,0,0,0,0,0,0,0,0,0,0,0,0,0,0,0,0,0,0,0,0,0,0,247,29241,0,0,0,0
2898.644,16513,60,0,0,0,0,0,8,435,5,39,0,0,0,0,0,0,0,0,0,0,0,0,0,0,0,0,0,0,0,0,0,0,149,16749,0,0,0,0
2915.727,17083,58,0,0,0,0,0,8,254,5,39,0,0,0,0,0,0,0,0,0,0,0,0,0,0,0,0,0,0,0,0,0,0,149,3252,0,0,0,0
2932.083,16356,61,0,0,0,0,0,8,202,5,39,0,0,0,0,0,0,0,0,0,0,0,0,0,0,0,0,0,0,0,0,0,0,229,17062,0,0,0,0
2949.404,17320,57,0,0,0,0,0,8,412,5,39,0,0,0,0,0,0,0,0,0,0,0,0,0,0,0,0,0,0,0,0,0,0,240,29656,0,0,0,0
2965.409,16005,62,0,0,0,0,0,8,433,5,39,0,0,0,0,0,0,0,0,0,0,0,0,0,0,0,0,0,0,0,0,0,0,147,17538,0,0,0,0
2982.281,16872,59,0,0,0,0,0,8,207,5,39,0,0,0,0,0,0,0,0,0,0,0,0,0,0,0,0,0,0,0,0,0,0,149,2527,0,0,0,0
2999.408,17126,58,0,0,0,0,0,8,252,5,39,0,0,0,0,0,0,0,0,0,0,0,0,0,0,0,0,0,0,0,0,0,0,223,16821,0,0,0,0
3015.628,16220,61,0,0,0,0,0,8,429,5,39,0,0,0,0,0,0,0,0,0,0,0,0,0,0,0,0,0,0,0,0,0,0,253,29874,0,0,0,0
3032.457,16829,59,0,0,0,0,0,8,361,5,39,0,0,0,0,0,0,0,0,0,0,0,0,0,0,0,0,0,0,0,0,0,0,168,16930,0,0,0,0
3049.925,17468,57,0,0,0,0,0,8,255,5,39,0,0,0,0,0,0,0,0,0,0,0,0,0,0,0,0,0,0,0,0,0,0,172,3424,0,0,0,0
3065.446,15521,64,0,0,0,0,0,8,250,5,39,0,0,0,0,0,0,0,0,0,0,0,0,0,0,0,0,0,0,0,0,0,0,229,17457,0,0,0,0
3081.999,16552,60,0,0,0,0,0,8,382,5,39,0,0,0,0,0,0,0,0,0,0,0,0,0,0,0,0,0,0,0,0,0,0,235,28238,0,0,0,0
3099.928,17929,55,0,0,0,0,0,8,431,5,39,0,0,0,0,0,0,0,0,0,0,0,0,0,0,0,0,0,0,0,0,0,0,170,17116,0,0,0,0
3115.045,15116,66,0,0,0,0,0,8,230,5,39,0,0,0,0,0,0,0,0,0,0,0,0,0,0,0,0,0,0,0,0,0,0,170,4667,0,0,0,0
3132.179,17134,58,0,0,0,0,0,8,207,5,39,0,0,0,0,0,0,0,0,0,0,0,0,0,0,0,0,0,0,0,0,0,0,197,15055,0,0,0,0
3149.179,17000,58,0,0,0,0,0,8,435,5,39,0,0,0,0,0,0,0,0,0,0,0,0,0,0,0,0,0,0,0,0,0,0,237,29575,0,0,0,0
3165.579,16400,60,0,0,0,0,0,8,430,5,39,0,0,0,0,0,0,0,0,0,0,0,0,0,0,0,0,0,0,0,0,0,0,180,18390,0,0,0,0
3181.680,16100,62,0,0,0,0,0,8,206,5,39,0,0,0,0,0,0,0,0,0,0,0,0,0,0,0,0,0,0,0,0,0,0,159,2655,0,0,0,0
3199.067,17387,57,0,0,0,0,0,8,227,5,39,0,0,0,0,0,0,0,0,0,0,0,0,0,0,0,0,0,0,0,0,0,0,215,16033,0,0,0,0
3215.584,16516,60,0,0,0,0,0,8,426,5,39,0,0,0,0,0,0,0,0,0,0,0,0,0,0,0,0,0,0,0,0,0,0,264,30388,0,0,0,0
3232.038,16454,60,0,0,0,0,0,8,382,5,39,0,0,0,0,0,0,0,0,0,0,0,0,0,0,0,0,0,0,0,0,0,0,133,17105,0,0,0,0
3249.049,17011,58,0,0,0,0,0,8,250,5,39,0,0,0,0,0,0,0,0,0,0,0,0,0,0,0,0,0,0,0,0,0,0,157,3310,0,0,0,0
3265.193,16143,61,0,0,0,0,0,8,231,5,39,0,0,0,0,0,0,0,0,0,0,0,0,0,0,0,0,0,0,0,0,0,0,243,16552,0,0,0,0
3281.640,16447,60,0,0,0,0,0,8,387,5,39,0,0,0,0,0,0,0,0,0,0,0,0,0,0,0,0,0,0,0,0,0,0,239,28523,0,0,0,0
3298.924,17283,57,0,0,0,0,0,8,426,5,39,0,0,0,0,0,0,0,0,0,0,0,0,0,0,0,0,0,0,0,0,0,0,184,17631,0,0,0,0
3315.558,16634,60,0,0,0,0,0,8,255,5,39,0,0,0,0,0,0,0,0,0,0,0,0,0,0,0,0,0,0,0,0,0,0,171,3773,0,0,0,0
3332.213,16655,60,0,0,0,0,0,8,202,5,39,0,0,0,0,0,0,0,0,0,0,0,0,0,0,0,0,0,0,0,0,0,0,240,16606,0,0,0,0
3348.546,16333,61,0,0,0,0,0,8,406,5,39,0,0,0,0,0,0,0,0,0,0,0,0,0,0,0,0,0,0,0,0,0,0,217,29348,0,0,0,0
3365.597,17050,58,0,0,0,0,0,8,431,5,39,0,0,0,0,0,0,0,0,0,0,0,0,0,0,0,0,0,0,0,0,0,0,181,16955,0,0,0,0
3382.114,16517,60,0,0,0,0,0,8,205,5,39,0,0,0,0,0,0,0,0,0,0,0,0,0,0,0,0,0,0,0,0,0,0,186,3769,0,0,0,0
3398.921,16806,59,0,0,0,0,0,8,247,5,39,0,0,0,0,0,0,0,0,0,0,0,0,0,0,0,0,0,0,0,0,0,0,235,16724,0,0,0,0
3415.125,16204,61,0,0,0,0,0,8,431,5,39,0,0,0,0,0,0,0,0,0,0,0,0,0,0,0,0,0,0,0,0,0,0,224,28767,0,0,0,0
3432.245,17120,58,0,0,0,0,0,8,366,5,39,0,0,0,0,0,0,0,0,0,0,0,0,0,0,0,0,0,0,0,0,0,0,178,17431,0,0,0,0
3449.098,16852,59,0,0,0,0,0,8,251,5,39,0,0,0,0,0,0,0,0,0,0,0,0,0,0,0,0,0,0,0,0,0,0,176,3864,0,0,0,0
3465.534,16436,60,0,0,0,0,0,8,254,5,39,0,0,0,0,0,0,0,0,0,0,0,0,0,0,0,0,0,0,0,0,0,0,235,16651,0,0,0,0
3481.967,16432,60,0,0,0,0,0,8,378,5,39,0,0,0,0,0,0,0,0,0,0,0,0,0,0,0,0,0,0,0,0,0,0,243,29847,0,0,0,0
3499.408,17429,57,0,0,0,0,0,8,435,5,39,0,0,0,0,0,0,0,0,0,0,0,0,0,0,0,0,0,0,0,0,0,0,150,16413,0,0,0,0
3515.723,16325,61,0,0,0,0,0,8,226,5,39,0,0,0,0,0,0,0,0,0,0,0,0,0,0,0,0,0,0,0,0,0,0,154,4123,0,0,0,0
3532.277,16554,60,0,0,0,0,0,8,210,5,39,0,0,0,0,0,0,0,0,0,0,0,0,0,0,0,0,0,0,0,0,0,0,230,16411,0,0,0,0
3548.773,16496,60,0,0,0,0,0,8,435,5,39,0,0,0,0,0,0,0,0,0,0,0,0,0,0,0,0,0,0,0,0,0,0,225,28778,0,0,0,0
3565.574,16801,59,0,0,0,0,0,8,434,5,39,0,0,0,0,0,0,0,0,0,0,0,0,0,0,0,0,0,0,0,0,0,0,160,17382,0,0,0,0
3582.093,16519,60,0,0,0,0,0,8,203,5,39,0,0,0,0,0,0,0,0,0,0,0,0,0,0,0,0,0,0,0,0,0,0,175,3603,0,0,0,0
3599.050,16955,58,0,0,0,0,0,8,227,5,39,0,0,0,0,0,0,0,0,0,0,0,0,0,0,0,0,0,0,0,0,0,0,211,16696,0,0,0,0
3615.575,16525,60,0,0,0,0,0,8,430,5,39,0,0,0,0,0,0,0,0,0,0,0,0,0,0,0,0,0,0,0,0,0,0,217,29688,0,0,0,0
3632.093,16517,60,0,0,0,0,0,8,382,5,39,0,0,0,0,0,0,0,0,0,0,0,0,0,0,0,0,0,0,0,0,0,0,176,17046,0,0,0,0
3649.067,16974,58,0,0,0,0,0,8,258,5,39,0,0,0,0,0,0,0,0,0,0,0,0,0,0,0,0,0,0,0,0,0,0,157,3320,0,0,0,0
3665.673,16605,60,0,0,0,0,0,8,231,5,39,0,0,0,0,0,0,0,0,0,0,0,0,0,0,0,0,0,0,0,0,0,0,231,16649,0,0,0,0
3682.534,16861,59,0,0,0,0,0,8,382,5,39,0,0,0,0,0,0,0,0,0,0,0,0,0,0,0,0,0,0,0,0,0,0,231,29057,0,0,0,0
3698.520,15985,62,0,0,0,0,0,8,258,5,39,0,0,0,0,0,0,0,0,0,0,0,0,0,0,0,0,0,0,0,0,0,0,169,4495,0,0,0,0
3715.918,17398,57,0,0,0,0,0,8,435,5,39,0,0,0,0,0,0,0,0,0,0,0,0,0,0,0,0,0,0,0,0,0,0,210,29511,0,0,0,0
3732.167,16249,61,0,0,0,0,0,8,386,5,39,0,0,0,0,0,0,0,0,0,0,0,0,0,0,0,0,0,0,0,0,0,0,179,16397,0,0,0,0
3748.904,16737,59,0,0,0,0,0,8,227,5,39,0,0,0,0,0,0,0,0,0,0,0,0,0,0,0,0,0,0,0,0,0,0,184,3916,0,0,0,0
3765.533,16628,60,0,0,0,0,0,8,256,5,39,0,0,0,0,0,0,0,0,0,0,0,0,0,0,0,0,0,0,0,0,0,0,225,16497,0,0,0,0
3782.000,16467,60,0,0,0,0,0,8,384,5,39,0,0,0,0,0,0,0,0,0,0,0,0,0,0,0,0,0,0,0,0,0,0,231,30187,0,0,0,0
3799.410,17409,57,0,0,0,0,0,8,439,5,39,0,0,0,0,0,0,0,0,0,0,0,0,0,0,0,0,0,0,0,0,0,0,170,15464,0,0,0,0
3815.577,16167,61,0,0,0,0,0,8,255,5,39,0,0,0,0,0,0,0,0,0,0,0,0,0,0,0,0,0,0,0,0,0,0,179,4927,0,0,0,0
3832.103,16525,60,0,0,0,0,0,8,177,5,39,0,0,0,0,0,0,0,0,0,0,0,0,0,0,0,0,0,0,0,0,0,0,227,16062,0,0,0,0
3848.398,16295,61,0,0,0,0,0,8,431,5,39,0,0,0,0,0,0,0,0,0,0,0,0,0,0,0,0,0,0,0,0,0,0,236,30014,0,0,0,0
3865.546,17147,58,0,0,0,0,0,8,434,5,39,0,0,0,0,0,0,0,0,0,0,0,0,0,0,0,0,0,0,0,0,0,0,177,15421,0,0,0,0
3882.146,16600,60,0,0,0,0,0,8,207,5,39,0,0,0,0,0,0,0,0,0,0,0,0,0,0,0,0,0,0,0,0,0,0,182,4626,0,0,0,0
3899.394,17248,57,0,0,0,0,0,8,251,5,39,0,0,0,0,0,0,0,0,0,0,0,0,0,0,0,0,0,0,0,0,0,0,251,16746,0,0,0,0
3915.535,16140,61,0,0,0,0,0,8,402,5,39,0,0,0,0,0,0,0,0,0,0,0,0,0,0,0,0,0,0,0,0,0,0,230,30498,0,0,0,0
3931.962,16426,60,0,0,0,0,0,8,386,5,39,0,0,0,0,0,0,0,0,0,0,0,0,0,0,0,0,0,0,0,0,0,0,173,15148,0,0,0,0
3949.049,17087,58,0,0,0,0,0,8,242,5,39,0,0,0,0,0,0,0,0,0,0,0,0,0,0,0,0,0,0,0,0,0,0,226,4083,0,0,0,0
3966.409,17359,57,0,0,0,0,0,8,237,5,39,0,0,0,0,0,0,0,0,0,0,0,0,0,0,0,0,0,0,0,0,0,0,233,17252,0,0,0,0
3982.415,16005,62,0,0,0,0,0,8,185,5,39,0,0,0,0,0,0,0,0,0,0,0,0,0,0,0,0,0,0,0,0,0,0,243,17088,0,0,0,0
3999.429,17014,58,0,0,0,0,0,8,191,5,39,0,0,0,0,0,0,0,0,0,0,0,0,0,0,0,0,0,0,0,0,0,0,219,15959,0,0,0,0
4015.186,15757,63,0,0,0,0,0,8,576,5,41,0,0,0,0,0,0,0,0,0,0,0,0,0,0,0,0,0,0,0,0,0,0,1772,31175,0,0,0,0
4032.140,16953,58,0,0,0,0,0,8,231,5,41,0,0,0,0,0,0,0,0,0,0,0,0,0,0,0,0,0,0,0,0,0,0,130,1631,0,0,0,0
4049.094,16954,58,0,0,0,0,0,8,292,5,41,0,0,0,0,0,0,0,0,0,0,0,0,0,0,0,0,0,0,0,0,0,0,237,17156,0,0,0,0
4065.363,16268,61,0,0,0,0,0,8,269,5,41,0,0,0,0,0,0,0,0,0,0,0,0,0,0,0,0,0,0,0,0,0,0,221,16749,0,0,0,0
4081.928,16565,60,0,0,0,0,0,8,429,5,41,0,0,0,0,0,0,0,0,0,0,0,0,0,0,0,0,0,0,0,0,0,0,235,27532,0,0,0,0
4098.974,17046,58,0,0,0,0,0,8,294,5,41,0,0,0,0,0,0,0,0,0,0,0,0,0,0,0,0,0,0,0,0,0,0,174,5342,0,0,0,0
4116.391,17417,57,0,0,0,0,0,8,471,5,41,0,0,0,0,0,0,0,0,0,0,0,0,0,0,0,0,0,0,0,0,0,0,237,30606,0,0,0,0
4132.095,15703,63,0,0,0,0,0,8,237,5,41,0,0,0,0,0,0,0,0,0,0,0,0,0,0,0,0,0,0,0,0,0,0,170,3891,0,0,0,0
4148.911,16807,59,0,0,0,0,0,8,445,5,41,0,0,0,0,0,0,0,0,0,0,0,0,0,0,0,0,0,0,0,0,0,0,230,28073,0,0,0,0
4165.475,16573,60,0,0,0,0,0,8,298,5,41,0,0,0,0,0,0,0,0,0,0,0,0,0,0,0,0,0,0,0,0,0,0,173,4426,0,0,0,0
4181.962,16486,60,0,0,0,0,0,8,418,5,41,0,0,0,0,0,0,0,0,0,0,0,0,0,0,0,0,0,0,0,0,0,0,243,30200,0,0,0,0
4198.987,17025,58,0,0,0,0,0,8,294,5,41,0,0,0,0,0,0,0,0,0,0,0,0,0,0,0,0,0,0,0,0,0,0,129,2782,0,0,0,0
4215.624,16636,60,0,0,0,0,0,8,481,5,41,0,0,0,0,0,0,0,0,0,0,0,0,0,0,0,0,0,0,0,0,0,0,197,29587,0,0,0,0
4232.524,16900,59,0,0,0,0,0,8,208,5,41,0,0,0,0,0,0,0,0,0,0,0,0,0,0,0,0,0,0,0,0,0,0,153,4077,0,0,0,0
4249.120,16596,60,0,0,0,0,0,8,479,5,41,0,0,0,0,0,0,0,0,0,0,0,0,0,0,0,0,0,0,0,0,0,0,225,30378,0,0,0,0
4265.522,16401,60,0,0,0,0,0,8,475,5,41,0,0,0,0,0,0,0,0,0,0,0,0,0,0,0,0,0,0,0,0,0,0,151,15718,0,0,0,0
4281.930,16407,60,0,0,0,0,0,8,229,5,41,0,0,0,0,0,0,0,0,0,0,0,0,0,0,0,0,0,0,0,0,0,0,174,3877,0,0,0,0
4299.398,17468,57,0,0,0,0,0,8,304,5,41,0,0,0,0,0,0,0,0,0,0,0,0,0,0,0,0,0,0,0,0,0,0,213,16384,0,0,0,0
4315.535,16137,61,0,0,0,0,0,8,445,5,41,0,0,0,0,0,0,0,0,0,0,0,0,0,0,0,0,0,0,0,0,0,0,243,30707,0,0,0,0
4332.093,16558,60,0,0,0,0,0,8,230,5,41,0,0,0,0,0,0,0,0,0,0,0,0,0,0,0,0,0,0,0,0,0,0,154,2886,0,0,0,0
4349.396,17302,57,0,0,0,0,0,8,473,5,41,0,0,0,0,0,0,0,0,0,0,0,0,0,0,0,0,0,0,0,0,0,0,241,29058,0,0,0,0
4365.541,16136,61,0,0,0,0,0,8,298,5,41,0,0,0,0,0,0,0,0,0,0,0,0,0,0,0,0,0,0,0,0,0,0,178,4837,0,0,0,0
4382.003,16471,60,0,0,0,0,0,8,414,5,41,0,0,0,0,0,0,0,0,0,0,0,0,0,0,0,0,0,0,0,0,0,0,218,29447,0,0,0,0
4398.965,16961,58,0,0,0,0,0,8,265,5,41,0,0,0,0,0,0,0,0,0,0,0,0,0,0,0,0,0,0,0,0,0,0,201,3525,0,0,0,0
4416.066,17101,58,0,0,0,0,0,8,482,5,41,0,0,0,0,0,0,0,0,0,0,0,0,0,0,0,0,0,0,0,0,0,0,236,29188,0,0,0,0
4432.159,16092,62,0,0,0,0,0,8,233,5,41,0,0,0,0,0,0,0,0,0,0,0,0,0,0,0,0,0,0,0,0,0,0,144,3436,0,0,0,0
4449.910,17751,56,0,0,0,0,0,8,479,5,41,0,0,0,0,0,0,0,0,0,0,0,0,0,0,0,0,0,0,0,0,0,0,238,30541,0,0,0,0
4465.538,15615,64,0,0,0,0,0,8,271,5,41,0,0,0,0,0,0,0,0,0,0,0,0,0,0,0,0,0,0,0,0,0,0,169,4340,0,0,0,0
4482.529,17002,58,0,0,0,0,0,8,414,5,41,0,0,0,0,0,0,0,0,0,0,0,0,0,0,0,0,0,0,0,0,0,0,233,28147,0,0,0,0
4499.388,16859,59,0,0,0,0,0,8,293,5,41,0,0,0,0,0,0,0,0,0,0,0,0,0,0,0,0,0,0,0,0,0,0,186,4502,0,0,0,0
4514.969,15581,64,0,0,0,0,0,8,472,5,41,0,0,0,0,0,0,0,0,0,0,0,0,0,0,0,0,0,0,0,0,0,0,239,30052,0,0,0,0
4532.125,17156,58,0,0,0,0,0,8,236,5,41,0,0,0,0,0,0,0,0,0,0,0,0,0,0,0,0,0,0,0,0,0,0,146,2369,0,0,0,0
4548.806,16680,59,0,0,0,0,0,8,450,5,41,0,0,0,0,0,0,0,0,0,0,0,0,0,0,0,0,0,0,0,0,0,0,241,29732,0,0,0,0
4565.534,16728,59,0,0,0,0,0,8,304,5,41,0,0,0,0,0,0,0,0,0,0,0,0,0,0,0,0,0,0,0,0,0,0,174,4082,0,0,0,0
4582.111,16577,60,0,0,0,0,0,8,411,5,41,0,0,0,0,0,0,0,0,0,0,0,0,0,0,0,0,0,0,0,0,0,0,228,30537,0,0,0,0
4598.403,16292,61,0,0,0,0,0,8,290,5,41,0,0,0,0,0,0,0,0,0,0,0,0,0,0,0,0,0,0,0,0,0,0,196,3086,0,0,0,0
4615.595,17191,58,0,0,0,0,0,8,480,5,41,0,0,0,0,0,0,0,0,0,0,0,0,0,0,0,0,0,0,0,0,0,0,238,28754,0,0,0,0
4632.167,16572,60,0,0,0,0,0,8,202,5,41,0,0,0,0,0,0,0,0,0,0,0,0,0,0,0,0,0,0,0,0,0,0,179,4409,0,0,0,0
4649.006,16839,59,0,0,0,0,0,8,467,5,41,0,0,0,0,0,0,0,0,0,0,0,0,0,0,0,0,0,0,0,0,0,0,230,30424,0,0,0,0
4665.525,16518,60,0,0,0,0,0,8,293,5,41,0,0,0,0,0,0,0,0,0,0,0,0,0,0,0,0,0,0,0,0,0,0,165,2988,0,0,0,0
4681.948,16423,60,0,0,0,0,0,8,416,5,41,0,0,0,0,0,0,0,0,0,0,0,0,0,0,0,0,0,0,0,0,0,0,239,29124,0,0,0,0
4698.628,16680,59,0,0,0,0,0,8,305,5,41,0,0,0,0,0,0,0,0,0,0,0,0,0,0,0,0,0,0,0,0,0,0,170,3916,0,0,0,0
4715.557,16929,59,0,0,0,0,0,8,443,5,41,0,0,0,0,0,0,0,0,0,0,0,0,0,0,0,0,0,0,0,0,0,0,238,30142,0,0,0,0
4732.103,16545,60,0,0,0,0,0,8,238,5,41,0,0,0,0,0,0,0,0,0,0,0,0,0,0,0,0,0,0,0,0,0,0,161,3366,0,0,0,0
4748.960,16856,59,0,0,0,0,0,8,473,5,41,0,0,0,0,0,0,0,0,0,0,0,0,0,0,0,0,0,0,0,0,0,0,230,29574,0,0,0,0
4766.387,17426,57,0,0,0,0,0,8,305,5,41,0,0,0,0,0,0,0,0,0,0,0,0,0,0,0,0,0,0,0,0,0,0,151,3821,0,0,0,0
4781.827,15440,64,0,0,0,0,0,8,410,5,41,0,0,0,0,0,0,0,0,0,0,0,0,0,0,0,0,0,0,0,0,0,0,238,30643,0,0,0,0
4799.186,17359,57,0,0,0,0,0,8,265,5,41,0,0,0,0,0,0,0,0,0,0,0,0,0,0,0,0,0,0,0,0,0,0,177,2798,0,0,0,0
4816.418,17231,58,0,0,0,0,0,8,474,5,41,0,0,0,0,0,0,0,0,0,0,0,0,0,0,0,0,0,0,0,0,0,0,253,29758,0,0,0,0
4832.092,15673,63,0,0,0,0,0,8,228,5,41,0,0,0,0,0,0,0,0,0,0,0,0,0,0,0,0,0,0,0,0,0,0,176,4298,0,0,0,0
4849.396,17304,57,0,0,0,0,0,8,479,5,41,0,0,0,0,0,0,0,0,0,0,0,0,0,0,0,0,0,0,0,0,0,0,234,29307,0,0,0,0
4865.507,16111,62,0,0,0,0,0,8,265,5,41,0,0,0,0,0,0,0,0,0,0,0,0,0,0,0,0,0,0,0,0,0,0,166,3667,0,0,0,0
4882.096,16589,60,0,0,0,0,0,8,417,5,41,0,0,0,0,0,0,0,0,0,0,0,0,0,0,0,0,0,0,0,0,0,0,242,28642,0,0,0,0
4898.783,16686,59,0,0,0,0,0,8,302,5,41,0,0,0,0,0,0,0,0,0,0,0,0,0,0,0,0,0,0,0,0,0,0,146,4031,0,0,0,0
4916.049,17265,57,0,0,0,0,0,8,337,5,41,0,0,0,0,0,0,0,0,0,0,0,0,0,0,0,0,0,0,0,0,0,0,0,0,0,0,0,0
4932.149,16100,62,0,0,0,0,0,8,395,5,41,0,0,0,0,0,0,0,0,0,0,0,0,0,0,0,0,0,0,0,0,0,0,218,34014,0,0,0,0
4949.082,16932,59,0,0,0,0,0,8,420,5,41,0,0,0,0,0,0,0,0,0,0,0,0,0,0,0,0,0,0,0,0,0,0,188,17836,0,0,0,0
4965.526,16444,60,0,0,0,0,0,8,300,5,41,0,0,0,0,0,0,0,0,0,0,0,0,0,0,0,0,0,0,0,0,0,0,225,15156,0,0,0,0
4981.953,16426,60,0,0,0,0,0,8,229,5,41,0,0,0,0,0,0,0,0,0,0,0,0,0,0,0,0,0,0,0,0,0,0,0,0,0,0,0,0
4998.532,16579,60,0,0,0,0,0,8,448,5,41,0,0,0,0,0,0,0,0,0,0,0,0,0,0,0,0,0,0,0,0,0,0,214,36160,0,0,0,0
5015.532,17000,58,0,0,0,0,0,8,498,5,41,0,0,0,0,0,0,0,0,0,0,0,0,0,0,0,0,0,0,0,0,0,0,197,19009,0,0,0,0
5031.640,16108,62,0,0,0,0,0,8,202,5,41,0,0,0,0,0,0,0,0,0,0,0,0,0,0,0,0,0,0,0,0,0,0,196,11312,0,0,0,0
5049.386,17746,56,0,0,0,0,0,8,310,5,41,0,0,0,0,0,0,0,0,0,0,0,0,0,0,0,0,0,0,0,0,0,0,0,0,0,0,0,0
5065.522,16135,61,0,0,0,0,0,8,445,5,41,0,0,0,0,0,0,0,0,0,0,0,0,0,0,0,0,0,0,0,0,0,0,245,36269,0,0,0,0
5082.159,16637,60,0,0,0,0,0,8,427,5,41,0,0,0,0,0,0,0,0,0,0,0,0,0,0,0,0,0,0,0,0,0,0,201,18242,0,0,0,0
5099.041,16881,59,0,0,0,0,0,8,296,5,41,0,0,0,0,0,0,0,0,0,0,0,0,0,0,0,0,0,0,0,0,0,0,218,12294,0,0,0,0
5115.899,16858,59,0,0,0,0,0,8,285,5,41,0,0,0,0,0,0,0,0,0,0,0,0,0,0,0,0,0,0,0,0,0,0,0,0,0,0,0,0
5132.522,16623,60,0,0,0,0,0,8,392,5,41,0,0,0,0,0,0,0,0,0,0,0,0,0,0,0,0,0,0,0,0,0,0,235,35051,0,0,0,0
5148.759,16237,61,0,0,0,0,0,8,470,5,41,0,0,0,0,0,0,0,0,0,0,0,0,0,0,0,0,0,0,0,0,0,0,186,17796,0,0,0,0
5165.904,17144,58,0,0,0,0,0,8,298,5,41,0,0,0,0,0,0,0,0,0,0,0,0,0,0,0,0,0,0,0,0,0,0,217,13546,0,0,0,0
5182.071,16166,61,0,0,0,0,0,8,256,5,41,0,0,0,0,0,0,0,0,0,0,0,0,0,0,0,0,0,0,0,0,0,0,0,0,0,0,0,0
5199.008,16937,59,0,0,0,0,0,8,439,5,41,0,0,0,0,0,0,0,0,0,0,0,0,0,0,0,0,0,0,0,0,0,0,240,35132,0,0,0,0
5216.383,17374,57,0,0,0,0,0,8,462,5,41,0,0,0,0,0,0,0,0,0,0,0,0,0,0,0,0,0,0,0,0,0,0,233,16726,0,0,0,0
5232.419,16036,62,0,0,0,0,0,8,236,5,41,0,0,0,0,0,0,0,0,0,0,0,0,0,0,0,0,0,0,0,0,0,0,248,15872,0,0,0,0
5249.038,16619,60,0,0,0,0,0,8,338,5,41,0,0,0,0,0,0,0,0,0,0,0,0,0,0,0,0,0,0,0,0,0,0,0,0,0,0,0,0
5265.904,16865,59,0,0,0,0,0,8,448,5,41,0,0,0,0,0,0,0,0,0,0,0,0,0,0,0,0,0,0,0,0,0,0,225,32955,0,0,0,0
5282.090,16186,61,0,0,0,0,0,8,368,5,41,0,0,0,0,0,0,0,0,0,0,0,0,0,0,0,0,0,0,0,0,0,0,182,16719,0,0,0,0
5298.930,16839,59,0,0,0,0,0,8,309,5,41,0,0,0,0,0,0,0,0,0,0,0,0,0,0,0,0,0,0,0,0,0,0,262,15926,0,0,0,0
5315.493,16563,60,0,0,0,0,0,8,318,5,41,0,0,0,0,0,0,0,0,0,0,0,0,0,0,0,0,0,0,0,0,0,0,0,0,0,0,0,0
5332.057,16563,60,0,0,0,0,0,8,394,5,41,0,0,0,0,0,0,0,0,0,0,0,0,0,0,0,0,0,0,0,0,0,0,227,34845,0,0,0,0
5349.170,17112,58,0,0,0,0,0,8,440,5,41,0,0,0,0,0,0,0,0,0,0,0,0,0,0,0,0,0,0,0,0,0,0,216,17648,0,0,0,0
5365.908,16738,59,0,0,0,0,0,8,300,5,41,0,0,0,0,0,0,0,0,0,0,0,0,0,0,0,0,0,0,0,0,0,0,219,14529,0,0,0,0
5382.538,16629,60,0,0,0,0,0,8,421,5,41,0,0,0,0,0,0,0,0,0,0,0,0,0,0,0,0,0,0,0,0,0,0,265,31653,0,0,0,0
5399.018,16480,60,0,0,0,0,0,8,298,5,41,0,0,0,0,0,0,0,0,0,0,0,0,0,0,0,0,0,0,0,0,0,0,130,1749,0,0,0,0
5415.903,16885,59,0,0,0,0,0,8,333,5,41,0,0,0,0,0,0,0,0,0,0,0,0,0,0,0,0,0,0,0,0,0,0,0,0,0,0,0,0
5432.430,16527,60,0,0,0,0,0,8,375,5,41,0,0,0,0,0,0,0,0,0,0,0,0,0,0,0,0,0,0,0,0,0,0,241,33472,0,0,0,0
5448.278,15848,63,0,0,0,0,0,8,446,5,41,0,0,0,0,0,0,0,0,0,0,0,0,0,0,0,0,0,0,0,0,0,0,183,17002,0,0,0,0
5465.547,17268,57,0,0,0,0,0,8,294,5,41,0,0,0,0,0,0,0,0,0,0,0,0,0,0,0,0,0,0,0,0,0,0,213,15253,0,0,0,0
5482.154,16607,60,0,0,0,0,0,8,361,5,41,0,0,0,0,0,0,0,0,0,0,0,0,0,0,0,0,0,0,0,0,0,0,0,0,0,0,0,0
5499.383,17228,58,0,0,0,0,0,8,357,5,41,0,0,0,0,0,0,0,0,0,0,0,0,0,0,0,0,0,0,0,0,0,0,324,32970,0,0,0,0
5515.718,16334,61,0,0,0,0,0,8,266,5,41,0,0,0,0,0,0,0,0,0,0,0,0,0,0,0,0,0,0,0,0,0,0,244,18155,0,0,0,0
5531.984,16266,61,0,0,0,0,0,8,282,5,41,0,0,0,0,0,0,0,0,0,0,0,0,0,0,0,0,0,0,0,0,0,0,0,0,0,0,0,0
5548.978,16994,58,0,0,0,0,0,8,624,5,41,0,0,0,0,0,0,0,0,0,0,0,0,0,0,0,0,0,0,0,0,0,0,317,47888,0,0,0,0
5565.545,16566,60,0,0,0,0,0,8,394,5,41,0,0,0,0,0,0,0,0,0,0,0,0,0,0,0,0,0,0,0,0,0,0,0,0,0,0,0,0
5582.448,16902,59,0,0,0,0,0,8,313,5,41,0,0,0,0,0,0,0,0,0,0,0,0,0,0,0,0,0,0,0,0,0,0,207,17487,0,0,0,0
5599.051,16603,60,0,0,0,0,0,8,269,5,41,0,0,0,0,0,0,0,0,0,0,0,0,0,0,0,0,0,0,0,0,0,0,236,17615,0,0,0,0
5615.904,16852,59,0,0,0,0,0,8,382,5,41,0,0,0,0,0,0,0,0,0,0,0,0,0,0,0,0,0,0,0,0,0,0,0,0,0,0,0,0
5632.121,16217,61,0,0,0,0,0,8,368,5,41,0,0,0,0,0,0,0,0,0,0,0,0,0,0,0,0,0,0,0,0,0,0,240,32770,0,0,0,0
5649.022,16900,59,0,0,0,0,0,8,449,5,41,0,0,0,0,0,0,0,0,0,0,0,0,0,0,0,0,0,0,0,0,0,0,196,17390,0,0,0,0
5665.898,16876,59,0,0,0,0,0,8,268,5,41,0,0,0,0,0,0,0,0,0,0,0,0,0,0,0,0,0,0,0,0,0,0,236,16449,0,0,0,0
5682.067,16169,61,0,0,0,0,0,8,280,5,41,0,0,0,0,0,0,0,0,0,0,0,0,0,0,0,0,0,0,0,0,0,0,0,0,0,0,0,0
5699.386,17318,57,0,0,0,0,0,8,554,5,41,0,0,0,0,0,0,0,0,0,0,0,0,0,0,0,0,0,0,0,0,0,0,239,32729,0,0,0,0
5715.667,16280,61,0,0,0,0,0,8,354,5,41,0,0,0,0,0,0,0,0,0,0,0,0,0,0,0,0,0,0,0,0,0,0,209,16789,0,0,0,0
5733.388,17721,56,0,0,0,0,0,8,246,5,41,0,0,0,0,0,0,0,0,0,0,0,0,0,0,0,0,0,0,0,0,0,0,234,17130,0,0,0,0
5748.883,15494,64,0,0,0,0,0,8,272,5,41,0,0,0,0,0,0,0,0,0,0,0,0,0,0,0,0,0,0,0,0,0,0,0,0,0,0,0,0
5765.569,16685,59,0,0,0,0,0,8,484,5,41,0,0,0,0,0,0,0,0,0,0,0,0,0,0,0,0,0,0,0,0,0,0,226,33674,0,0,0,0
5782.318,16750,59,0,0,0,0,0,8,386,5,41,0,0,0,0,0,0,0,0,0,0,0,0,0,0,0,0,0,0,0,0,0,0,205,17355,0,0,0,0
5798.669,16350,61,0,0,0,0,0,8,300,5,41,0,0,0,0,0,0,0,0,0,0,0,0,0,0,0,0,0,0,0,0,0,0,225,15614,0,0,0,0
5815.546,16876,59,0,0,0,0,0,8,389,5,41,0,0,0,0,0,0,0,0,0,0,0,0,0,0,0,0,0,0,0,0,0,0,0,0,0,0,0,0
5831.964,16417,60,0,0,0,0,0,8,331,5,41,0,0,0,0,0,0,0,0,0,0,0,0,0,0,0,0,0,0,0,0,0,0,230,32456,0,0,0,0
5848.989,17025,58,0,0,0,0,0,8,441,5,41,0,0,0,0,0,0,0,0,0,0,0,0,0,0,0,0,0,0,0,0,0,0,199,17391,0,0,0,0
5865.569,16580,60,0,0,0,0,0,8,297,5,41,0,0,0,0,0,0,0,0,0,0,0,0,0,0,0,0,0,0,0,0,0,0,224,16825,0,0,0,0
5881.640,16070,62,0,0,0,0,0,8,271,5,41,0,0,0,0,0,0,0,0,0,0,0,0,0,0,0,0,0,0,0,0,0,0,0,0,0,0,0,0
5899.102,17462,57,0,0,0,0,0,8,450,5,41,0,0,0,0,0,0,0,0,0,0,0,0,0,0,0,0,0,0,0,0,0,0,317,33176,0,0,0,0
5915.306,16203,61,0,0,0,0,0,8,280,5,41,0,0,0,0,0,0,0,0,0,0,0,0,0,0,0,0,0,0,0,0,0,0,0,0,0,0,0,0
5932.515,17208,58,0,0,0,0,0,8,407,5,41,0,0,0,0,0,0,0,0,0,0,0,0,0,0,0,0,0,0,0,0,0,0,231,35179,0,0,0,0
5948.890,16374,61,0,0,0,0,0,8,488,5,41,0,0,0,0,0,0,0,0,0,0,0,0,0,0,0,0,0,0,0,0,0,0,449,18783,0,0,0,0
5966.421,17531,57,0,0,0,0,0,8,237,5,41,0,0,0,0,0,0,0,0,0,0,0,0,0,0,0,0,0,0,0,0,0,0,198,12772,0,0,0,0
5982.045,15624,64,0,0,0,0,0,8,183,5,41,0,0,0,0,0,0,0,0,0,0,0,0,0,0,0,0,0,0,0,0,0,0,250,17536,0,0,0,0
5998.404,16359,61,0,0,0,0,0,8,197,5,41,0,0,0,0,0,0,0,0,0,0,0,0,0,0,0,0,0,0,0,0,0,0,210,15545,0,0,0,0
6015.898,17493,57,0,0,0,0,0,8,475,5,42,0,0,0,0,0,0,0,0,0,0,0,0,0,0,0,0,0,0,0,0,0,0,1073,27989,0,0,0,0
6032.181,16282,61,0,0,0,0,0,8,213,5,42,0,0,0,0,0,0,0,0,0,0,0,0,0,0,0,0,0,0,0,0,0,0,175,5904,0,0,0,0
6049.048,16867,59,0,0,0,0,0,8,267,5,42,0,0,0,0,0,0,0,0,0,0,0,0,0,0,0,0,0,0,0,0,0,0,257,16447,0,0,0,0
6066.153,17104,58,0,0,0,0,0,8,240,5,42,0,0,0,0,0,0,0,0,0,0,0,0,0,0,0,0,0,0,0,0,0,0,232,16694,0,0,0,0
6082.435,16282,61,0,0,0,0,0,8,394,5,42,0,0,0,0,0,0,0,0,0,0,0,0,0,0,0,0,0,0,0,0,0,0,231,29599,0,0,0,0
6098.520,16084,62,0,0,0,0,0,8,368,5,42,0,0,0,0,0,0,0,0,0,0,0,0,0,0,0,0,0,0,0,0,0,0,0,0,0,0,0,0
6115.895,17375,57,0,0,0,0,0,8,324,5,42,0,0,0,0,0,0,0,0,0,0,0,0,0,0,0,0,0,0,0,0,0,0,251,19047,0,0,0,0
6132.130,16234,61,0,0,0,0,0,8,213,5,42,0,0,0,0,0,0,0,0,0,0,0,0,0,0,0,0,0,0,0,0,0,0,246,18209,0,0,0,0
6149.379,17249,57,0,0,0,0,0,8,421,5,42,0,0,0,0,0,0,0,0,0,0,0,0,0,0,0,0,0,0,0,0,0,0,229,30463,0,0,0,0
6165.535,16156,61,0,0,0,0,0,8,379,5,42,0,0,0,0,0,0,0,0,0,0,0,0,0,0,0,0,0,0,0,0,0,0,0,0,0,0,0,0
6182.051,16515,60,0,0,0,0,0,8,266,5,42,0,0,0,0,0,0,0,0,0,0,0,0,0,0,0,0,0,0,0,0,0,0,259,18291,0,0,0,0
6198.632,16580,60,0,0,0,0,0,8,262,5,42,0,0,0,0,0,0,0,0,0,0,0,0,0,0,0,0,0,0,0,0,0,0,237,17423,0,0,0,0
6215.517,16885,59,0,0,0,0,0,8,442,5,42,0,0,0,0,0,0,0,0,0,0,0,0,0,0,0,0,0,0,0,0,0,0,234,31854,0,0,0,0
6232.015,16498,60,0,0,0,0,0,8,363,5,42,0,0,0,0,0,0,0,0,0,0,0,0,0,0,0,0,0,0,0,0,0,0,120,15779,0,0,0,0
6249.024,17008,58,0,0,0,0,0,8,261,5,42,0,0,0,0,0,0,0,0,0,0,0,0,0,0,0,0,0,0,0,0,0,0,171,2328,0,0,0,0
6265.722,16698,59,0,0,0,0,0,8,258,5,42,0,0,0,0,0,0,0,0,0,0,0,0,0,0,0,0,0,0,0,0,0,0,256,17321,0,0,0,0
6282.399,16676,59,0,0,0,0,0,8,392,5,42,0,0,0,0,0,0,0,0,0,0,0,0,0,0,0,0,0,0,0,0,0,0,250,29520,0,0,0,0
6299.013,16614,60,0,0,0,0,0,8,441,5,42,0,0,0,0,0,0,0,0,0,0,0,0,0,0,0,0,0,0,0,0,0,0,157,18121,0,0,0,0
6315.578,16565,60,0,0,0,0,0,8,241,5,42,0,0,0,0,0,0,0,0,0,0,0,0,0,0,0,0,0,0,0,0,0,0,177,2025,0,0,0,0
6332.454,16875,59,0,0,0,0,0,8,213,5,42,0,0,0,0,0,0,0,0,0,0,0,0,0,0,0,0,0,0,0,0,0,0,239,16542,0,0,0,0
6348.926,16472,60,0,0,0,0,0,8,438,5,42,0,0,0,0,0,0,0,0,0,0,0,0,0,0,0,0,0,0,0,0,0,0,230,30118,0,0,0,0
6365.692,16765,59,0,0,0,0,0,8,440,5,42,0,0,0,0,0,0,0,0,0,0,0,0,0,0,0,0,0,0,0,0,0,0,170,17776,0,0,0,0
6381.608,15915,62,0,0,0,0,0,8,212,5,42,0,0,0,0,0,0,0,0,0,0,0,0,0,0,0,0,0,0,0,0,0,0,117,1186,0,0,0,0
6398.646,17038,58,0,0,0,0,0,8,235,5,42,0,0,0,0,0,0,0,0,0,0,0,0,0,0,0,0,0,0,0,0,0,0,241,17017,0,0,0,0
6415.539,16892,59,0,0,0,0,0,8,440,5,42,0,0,0,0,0,0,0,0,0,0,0,0,0,0,0,0,0,0,0,0,0,0,233,30362,0,0,0,0
6432.234,16695,59,0,0,0,0,0,8,388,5,42,0,0,0,0,0,0,0,0,0,0,0,0,0,0,0,0,0,0,0,0,0,0,144,17967,0,0,0,0
6449.384,17150,58,0,0,0,0,0,8,260,5,42,0,0,0,0,0,0,0,0,0,0,0,0,0,0,0,0,0,0,0,0,0,0,145,2291,0,0,0,0
6465.426,16042,62,0,0,0,0,0,8,226,5,42,0,0,0,0,0,0,0,0,0,0,0,0,0,0,0,0,0,0,0,0,0,0,279,17140,0,0,0,0
6482.267,16840,59,0,0,0,0,0,8,398,5,42,0,0,0,0,0,0,0,0,0,0,0,0,0,0,0,0,0,0,0,0,0,0,217,29517,0,0,0,0
6499.033,16765,59,0,0,0,0,0,8,440,5,42,0,0,0,0,0,0,0,0,0,0,0,0,0,0,0,0,0,0,0,0,0,0,167,17877,0,0,0,0
6515.499,16465,60,0,0,0,0,0,8,261,5,42,0,0,0,0,0,0,0,0,0,0,0,0,0,0,0,0,0,0,0,0,0,0,168,2257,0,0,0,0
6531.664,16164,61,0,0,0,0,0,8,212,5,42,0,0,0,0,0,0,0,0,0,0,0,0,0,0,0,0,0,0,0,0,0,0,236,16420,0,0,0,0
6549.379,17705,56,0,0,0,0,0,8,414,5,42,0,0,0,0,0,0,0,0,0,0,0,0,0,0,0,0,0,0,0,0,0,0,229,30649,0,0,0,0
6565.538,16169,61,0,0,0,0,0,8,437,5,42,0,0,0,0,0,0,0,0,0,0,0,0,0,0,0,0,0,0,0,0,0,0,148,18070,0,0,0,0
6582.138,16599,60,0,0,0,0,0,8,211,5,42,0,0,0,0,0,0,0,0,0,0,0,0,0,0,0,0,0,0,0,0,0,0,146,1305,0,0,0,0
6599.003,16865,59,0,0,0,0,0,8,262,5,42,0,0,0,0,0,0,0,0,0,0,0,0,0,0,0,0,0,0,0,0,0,0,245,16649,0,0,0,0
6615.508,16504,60,0,0,0,0,0,8,435,5,42,0,0,0,0,0,0,0,0,0,0,0,0,0,0,0,0,0,0,0,0,0,0,238,30379,0,0,0,0
6632.376,16868,59,0,0,0,0,0,8,367,5,42,0,0,0,0,0,0,0,0,0,0,0,0,0,0,0,0,0,0,0,0,0,0,160,17032,0,0,0,0
6649.369,16992,58,0,0,0,0,0,8,269,5,42,0,0,0,0,0,0,0,0,0,0,0,0,0,0,0,0,0,0,0,0,0,0,142,2786,0,0,0,0
6665.901,16531,60,0,0,0,0,0,8,253,5,42,0,0,0,0,0,0,0,0,0,0,0,0,0,0,0,0,0,0,0,0,0,0,239,17016,0,0,0,0
6682.299,16398,60,0,0,0,0,0,8,397,5,42,0,0,0,0,0,0,0,0,0,0,0,0,0,0,0,0,0,0,0,0,0,0,226,29358,0,0,0,0
6699.368,17069,58,0,0,0,0,0,8,441,5,42,0,0,0,0,0,0,0,0,0,0,0,0,0,0,0,0,0,0,0,0,0,0,166,17348,0,0,0,0
6715.900,16531,60,0,0,0,0,0,8,232,5,42,0,0,0,0,0,0,0,0,0,0,0,0,0,0,0,0,0,0,0,0,0,0,158,3313,0,0,0,0
6731.945,16045,62,0,0,0,0,0,8,209,5,42,0,0,0,0,0,0,0,0,0,0,0,0,0,0,0,0,0,0,0,0,0,0,238,16488,0,0,0,0
6748.630,16685,59,0,0,0,0,0,8,442,5,42,0,0,0,0,0,0,0,0,0,0,0,0,0,0,0,0,0,0,0,0,0,0,229,29058,0,0,0,0
6765.683,17052,58,0,0,0,0,0,8,440,5,42,0,0,0,0,0,0,0,0,0,0,0,0,0,0,0,0,0,0,0,0,0,0,159,17824,0,0,0,0
6781.548,15865,63,0,0,0,0,0,8,209,5,42,0,0,0,0,0,0,0,0,0,0,0,0,0,0,0,0,0,0,0,0,0,0,135,2912,0,0,0,0
6799.006,17457,57,0,0,0,0,0,8,237,5,42,0,0,0,0,0,0,0,0,0,0,0,0,0,0,0,0,0,0,0,0,0,0,236,15892,0,0,0,0
6815.706,16700,59,0,0,0,0,0,8,442,5,42,0,0,0,0,0,0,0,0,0,0,0,0,0,0,0,0,0,0,0,0,0,0,247,30351,0,0,0,0
6832.021,16315,61,0,0,0,0,0,8,392,5,42,0,0,0,0,0,0,0,0,0,0,0,0,0,0,0,0,0,0,0,0,0,0,160,18000,0,0,0,0
6848.436,16414,60,0,0,0,0,0,8,256,5,42,0,0,0,0,0,0,0,0,0,0,0,0,0,0,0,0,0,0,0,0,0,0,143,2233,0,0,0,0
6865.511,17075,58,0,0,0,0,0,8,244,5,42,0,0,0,0,0,0,0,0,0,0,0,0,0,0,0,0,0,0,0,0,0,0,238,16275,0,0,0,0
6882.163,16651,60,0,0,0,0,0,8,392,5,42,0,0,0,0,0,0,0,0,0,0,0,0,0,0,0,0,0,0,0,0,0,0,238,29917,0,0,0,0
6898.991,16828,59,0,0,0,0,0,8,441,5,42,0,0,0,0,0,0,0,0,0,0,0,0,0,0,0,0,0,0,0,0,0,0,162,17091,0,0,0,0
6915.594,16602,60,0,0,0,0,0,8,261,5,42,0,0,0,0,0,0,0,0,0,0,0,0,0,0,0,0,0,0,0,0,0,0,158,3503,0,0,0,0
6932.202,16608,60,0,0,0,0,0,8,213,5,42,0,0,0,0,0,0,0,0,0,0,0,0,0,0,0,0,0,0,0,0,0,0,237,16618,0,0,0,0
6949.377,17164,58,0,0,0,0,0,8,414,5,42,0,0,0,0,0,0,0,0,0,0,0,0,0,0,0,0,0,0,0,0,0,0,233,29264,0,0,0,0
6965.395,16028,62,0,0,0,0,0,8,437,5,42,0,0,0,0,0,0,0,0,0,0,0,0,0,0,0,0,0,0,0,0,0,0,172,17928,0,0,0,0
6982.268,16873,59,0,0,0,0,0,8,211,5,42,0,0,0,0,0,0,0,0,0,0,0,0,0,0,0,0,0,0,0,0,0,0,164,2672,0,0,0,0
6999.382,17113,58,0,0,0,0,0,8,258,5,42,0,0,0,0,0,0,0,0,0,0,0,0,0,0,0,0,0,0,0,0,0,0,250,16871,0,0,0,0
7015.497,16116,62,0,0,0,0,0,8,433,5,42,0,0,0,0,0,0,0,0,0,0,0,0,0,0,0,0,0,0,0,0,0,0,237,29344,0,0,0,0
7032.137,16639,60,0,0,0,0,0,8,372,5,42,0,0,0,0,0,0,0,0,0,0,0,0,0,0,0,0,0,0,0,0,0,0,171,17130,0,0,0,0
7049.364,17227,58,0,0,0,0,0,8,253,5,42,0,0,0,0,0,0,0,0,0,0,0,0,0,0,0,0,0,0,0,0,0,0,178,3396,0,0,0,0
7065.507,16142,61,0,0,0,0,0,8,257,5,42,0,0,0,0,0,0,0,0,0,0,0,0,0,0,0,0,0,0,0,0,0,0,237,17179,0,0,0,0
7082.102,16595,60,0,0,0,0,0,8,398,5,42,0,0,0,0,0,0,0,0,0,0,0,0,0,0,0,0,0,0,0,0,0,0,216,28542,0,0,0,0
7099.050,16947,59,0,0,0,0,0,8,441,5,42,0,0,0,0,0,0,0,0,0,0,0,0,0,0,0,0,0,0,0,0,0,0,177,17928,0,0,0,0
7115.506,16456,60,0,0,0,0,0,8,236,5,42,0,0,0,0,0,0,0,0,0,0,0,0,0,0,0,0,0,0,0,0,0,0,145,3218,0,0,0,0
7132.427,16920,59,0,0,0,0,0,8,213,5,42,0,0,0,0,0,0,0,0,0,0,0,0,0,0,0,0,0,0,0,0,0,0,220,16458,0,0,0,0
7148.894,16466,60,0,0,0,0,0,8,441,5,42,0,0,0,0,0,0,0,0,0,0,0,0,0,0,0,0,0,0,0,0,0,0,226,29182,0,0,0,0
7165.451,16557,60,0,0,0,0,0,8,441,5,42,0,0,0,0,0,0,0,0,0,0,0,0,0,0,0,0,0,0,0,0,0,0,196,17909,0,0,0,0
7182.893,17442,57,0,0,0,0,0,8,209,5,42,0,0,0,0,0,0,0,0,0,0,0,0,0,0,0,0,0,0,0,0,0,0,175,2926,0,0,0,0
7199.053,16159,61,0,0,0,0,0,8,236,5,42,0,0,0,0,0,0,0,0,0,0,0,0,0,0,0,0,0,0,0,0,0,0,231,17331,0,0,0,0
7214.902,15848,63,0,0,0,0,0,8,438,5,42,0,0,0,0,0,0,0,0,0,0,0,0,0,0,0,0,0,0,0,0,0,0,223,28700,0,0,0,0
7232.099,17196,58,0,0,0,0,0,8,393,5,42,0,0,0,0,0,0,0,0,0,0,0,0,0,0,0,0,0,0,0,0,0,0,156,16702,0,0,0,0
7248.219,16120,62,0,0,0,0,0,8,260,5,42,0,0,0,0,0,0,0,0,0,0,0,0,0,0,0,0,0,0,0,0,0,0,161,3868,0,0,0,0
7265.417,17197,58,0,0,0,0,0,8,242,5,42,0,0,0,0,0,0,0,0,0,0,0,0,0,0,0,0,0,0,0,0,0,0,210,16055,0,0,0,0
7282.404,16987,58,0,0,0,0,0,8,396,5,42,0,0,0,0,0,0,0,0,0,0,0,0,0,0,0,0,0,0,0,0,0,0,241,29781,0,0,0,0
7299.362,16957,58,0,0,0,0,0,8,436,5,42,0,0,0,0,0,0,0,0,0,0,0,0,0,0,0,0,0,0,0,0,0,0,157,18011,0,0,0,0
7315.338,15975,62,0,0,0,0,0,8,254,5,42,0,0,0,0,0,0,0,0,0,0,0,0,0,0,0,0,0,0,0,0,0,0,146,3420,0,0,0,0
7332.057,16718,59,0,0,0,0,0,8,217,5,42,0,0,0,0,0,0,0,0,0,0,0,0,0,0,0,0,0,0,0,0,0,0,227,15900,0,0,0,0
7348.982,16925,59,0,0,0,0,0,8,409,5,42,0,0,0,0,0,0,0,0,0,0,0,0,0,0,0,0,0,0,0,0,0,0,250,29218,0,0,0,0
7365.902,16919,59,0,0,0,0,0,8,437,5,42,0,0,0,0,0,0,0,0,0,0,0,0,0,0,0,0,0,0,0,0,0,0,155,17664,0,0,0,0
7382.134,16231,61,0,0,0,0,0,8,208,5,42,0,0,0,0,0,0,0,0,0,0,0,0,0,0,0,0,0,0,0,0,0,0,185,3823,0,0,0,0
7398.891,16757,59,0,0,0,0,0,8,262,5,42,0,0,0,0,0,0,0,0,0,0,0,0,0,0,0,0,0,0,0,0,0,0,239,16298,0,0,0,0
7415.503,16612,60,0,0,0,0,0,8,437,5,42,0,0,0,0,0,0,0,0,0,0,0,0,0,0,0,0,0,0,0,0,0,0,247,29185,0,0,0,0
7432.076,16572,60,0,0,0,0,0,8,372,5,42,0,0,0,0,0,0,0,0,0,0,0,0,0,0,0,0,0,0,0,0,0,0,185,17417,0,0,0,0
7449.362,17285,57,0,0,0,0,0,8,261,5,42,0,0,0,0,0,0,0,0,0,0,0,0,0,0,0,0,0,0,0,0,0,0,169,3452,0,0,0,0
7465.922,16560,60,0,0,0,0,0,8,253,5,42,0,0,0,0,0,0,0,0,0,0,0,0,0,0,0,0,0,0,0,0,0,0,227,17000,0,0,0,0
7482.217,16295,61,0,0,0,0,0,8,390,5,42,0,0,0,0,0,0,0,0,0,0,0,0,0,0,0,0,0,0,0,0,0,0,243,29239,0,0,0,0
7498.968,16751,59,0,0,0,0,0,8,436,5,42,0,0,0,0,0,0,0,0,0,0,0,0,0,0,0,0,0,0,0,0,0,0,170,17440,0,0,0,0
7515.496,16527,60,0,0,0,0,0,8,236,5,42,0,0,0,0,0,0,0,0,0,0,0,0,0,0,0,0,0,0,0,0,0,0,151,2930,0,0,0,0
7532.876,17379,57,0,0,0,0,0,8,214,5,42,0,0,0,0,0,0,0,0,0,0,0,0,0,0,0,0,0,0,0,0,0,0,215,16509,0,0,0,0
7549.006,16130,61,0,0,0,0,0,8,441,5,42,0,0,0,0,0,0,0,0,0,0,0,0,0,0,0,0,0,0,0,0,0,0,267,29939,0,0,0,0
7566.374,17368,57,0,0,0,0,0,8,438,5,42,0,0,0,0,0,0,0,0,0,0,0,0,0,0,0,0,0,0,0,0,0,0,178,17101,0,0,0,0
7582.411,16036,62,0,0,0,0,0,8,207,5,42,0,0,0,0,0,0,0,0,0,0,0,0,0,0,0,0,0,0,0,0,0,0,172,3898,0,0,0,0
7599.042,16630,60,0,0,0,0,0,8,243,5,42,0,0,0,0,0,0,0,0,0,0,0,0,0,0,0,0,0,0,0,0,0,0,227,15968,0,0,0,0
7615.497,16455,60,0,0,0,0,0,8,442,5,42,0,0,0,0,0,0,0,0,0,0,0,0,0,0,0,0,0,0,0,0,0,0,237,29275,0,0,0,0
7632.069,16572,60,0,0,0,0,0,8,388,5,42,0,0,0,0,0,0,0,0,0,0,0,0,0,0,0,0,0,0,0,0,0,0,163,17150,0,0,0,0
7649.360,17290,57,0,0,0,0,0,8,257,5,42,0,0,0,0,0,0,0,0,0,0,0,0,0,0,0,0,0,0,0,0,0,0,167,3555,0,0,0,0
7665.494,16133,61,0,0,0,0,0,8,233,5,42,0,0,0,0,0,0,0,0,0,0,0,0,0,0,0,0,0,0,0,0,0,0,226,16975,0,0,0,0
7682.394,16899,59,0,0,0,0,0,8,389,5,42,0,0,0,0,0,0,0,0,0,0,0,0,0,0,0,0,0,0,0,0,0,0,225,28548,0,0,0,0
7699.138,16744,59,0,0,0,0,0,8,441,5,42,0,0,0,0,0,0,0,0,0,0,0,0,0,0,0,0,0,0,0,0,0,0,167,17944,0,0,0,0
7714.938,15800,63,0,0,0,0,0,8,256,5,42,0,0,0,0,0,0,0,0,0,0,0,0,0,0,0,0,0,0,0,0,0,0,128,3302,0,0,0,0
7731.988,17049,58,0,0,0,0,0,8,213,5,42,0,0,0,0,0,0,0,0,0,0,0,0,0,0,0,0,0,0,0,0,0,0,208,15792,0,0,0,0
7749.021,17032,58,0,0,0,0,0,8,417,5,42,0,0,0,0,0,0,0,0,0,0,0,0,0,0,0,0,0,0,0,0,0,0,229,29232,0,0,0,0
7766.399,17378,57,0,0,0,0,0,8,261,5,42,0,0,0,0,0,0,0,0,0,0,0,0,0,0,0,0,0,0,0,0,0,0,234,4940,0,0,0,0
7781.982,15582,64,0,0,0,0,0,8,386,5,42,0,0,0,0,0,0,0,0,0,0,0,0,0,0,0,0,0,0,0,0,0,0,253,31133,0,0,0,0
7799.375,17379,57,0,0,0,0,0,8,441,5,42,0,0,0,0,0,0,0,0,0,0,0,0,0,0,0,0,0,0,0,0,0,0,167,14475,0,0,0,0
7815.618,16247,61,0,0,0,0,0,8,256,5,42,0,0,0,0,0,0,0,0,0,0,0,0,0,0,0,0,0,0,0,0,0,0,170,4707,0,0,0,0
7832.428,16819,59,0,0,0,0,0,8,189,5,42,0,0,0,0,0,0,0,0,0,0,0,0,0,0,0,0,0,0,0,0,0,0,220,16184,0,0,0,0
7848.960,16531,60,0,0,0,0,0,8,437,5,42,0,0,0,0,0,0,0,0,0,0,0,0,0,0,0,0,0,0,0,0,0,0,241,30095,0,0,0,0
7866.362,17401,57,0,0,0,0,0,8,433,5,42,0,0,0,0,0,0,0,0,0,0,0,0,0,0,0,0,0,0,0,0,0,0,172,16243,0,0,0,0
7882.313,15951,62,0,0,0,0,0,8,204,5,42,0,0,0,0,0,0,0,0,0,0,0,0,0,0,0,0,0,0,0,0,0,0,172,4486,0,0,0,0
7898.964,16650,60,0,0,0,0,0,8,261,5,42,0,0,0,0,0,0,0,0,0,0,0,0,0,0,0,0,0,0,0,0,0,0,216,15837,0,0,0,0
7915.530,16566,60,0,0,0,0,0,8,418,5,42,0,0,0,0,0,0,0,0,0,0,0,0,0,0,0,0,0,0,0,0,0,0,237,30031,0,0,0,0
7931.951,16421,60,0,0,0,0,0,8,393,5,42,0,0,0,0,0,0,0,0,0,0,0,0,0,0,0,0,0,0,0,0,0,0,154,15828,0,0,0,0
7949.372,17407,57,0,0,0,0,0,8,264,5,42,0,0,0,0,0,0,0,0,0,0,0,0,0,0,0,0,0,0,0,0,0,0,172,3915,0,0,0,0
7966.359,17000,58,0,0,0,0,0,8,257,5,42,0,0,0,0,0,0,0,0,0,0,0,0,0,0,0,0,0,0,0,0,0,0,238,17313,0,0,0,0
7982.916,16557,60,0,0,0,0,0,8,390,5,42,0,0,0,0,0,0,0,0,0,0,0,0,0,0,0,0,0,0,0,0,0,0,233,30604,0,0,0,0
7998.937,16020,62,0,0,0,0,0,8,416,5,42,0,0,0,0,0,0,0,0,0,0,0,0,0,0,0,0,0,0,0,0,0,0,143,15356,0,0,0,0
8015.314,16376,61,0,0,0,0,0,8,261,5,42,0,0,0,0,0,0,0,0,0,0,0,0,0,0,0,0,0,0,0,0,0,0,155,3656,0,0,0,0
8032.499,17185,58,0,0,0,0,0,8,208,5,42,0,0,0,0,0,0,0,0,0,0,0,0,0,0,0,0,0,0,0,0,0,0,231,16338,0,0,0,0
8049.071,16572,60,0,0,0,0,0,8,438,5,42,0,0,0,0,0,0,0,0,0,0,0,0,0,0,0,0,0,0,0,0,0,0,234,30458,0,0,0,0
8065.365,16294,61,0,0,0,0,0,8,417,5,42,0,0,0,0,0,0,0,0,0,0,0,0,0,0,0,0,0,0,0,0,0,0,173,15699,0,0,0,0
8082.171,16805,59,0,0,0,0,0,8,212,5,42,0,0,0,0,0,0,0,0,0,0,0,0,0,0,0,0,0,0,0,0,0,0,158,3950,0,0,0,0
8099.354,17183,58,0,0,0,0,0,8,258,5,42,0,0,0,0,0,0,0,0,0,0,0,0,0,0,0,0,0,0,0,0,0,0,245,16871,0,0,0,0
8115.492,16137,61,0,0,0,0,0,8,437,5,42,0,0,0,0,0,0,0,0,0,0,0,0,0,0,0,0,0,0,0,0,0,0,236,30313,0,0,0,0
8132.002,16510,60,0,0,0,0,0,8,396,5,42,0,0,0,0,0,0,0,0,0,0,0,0,0,0,0,0,0,0,0,0,0,0,170,15824,0,0,0,0
8149.362,17359,57,0,0,0,0,0,8,233,5,42,0,0,0,0,0,0,0,0,0,0,0,0,0,0,0,0,0,0,0,0,0,0,150,3599,0,0,0,0
8165.492,16130,61,0,0,0,0,0,8,256,5,42,0,0,0,0,0,0,0,0,0,0,0,0,0,0,0,0,0,0,0,0,0,0,235,17320,0,0,0,0
8181.970,16477,60,0,0,0,0,0,8,390,5,42,0,0,0,0,0,0,0,0,0,0,0,0,0,0,0,0,0,0,0,0,0,0,232,29581,0,0,0,0
8198.628,16658,60,0,0,0,0,0,8,444,5,42,0,0,0,0,0,0,0,0,0,0,0,0,0,0,0,0,0,0,0,0,0,0,152,15598,0,0,0,0
8215.010,16382,61,0,0,0,0,0,8,253,5,42,0,0,0,0,0,0,0,0,0,0,0,0,0,0,0,0,0,0,0,0,0,0,154,4791,0,0,0,0
8231.907,16896,59,0,0,0,0,0,8,190,5,42,0,0,0,0,0,0,0,0,0,0,0,0,0,0,0,0,0,0,0,0,0,0,221,15670,0,0,0,0
8249.362,17454,57,0,0,0,0,0,8,445,5,42,0,0,0,0,0,0,0,0,0,0,0,0,0,0,0,0,0,0,0,0,0,0,248,30109,0,0,0,0
8266.355,16993,58,0,0,0,0,0,8,437,5,42,0,0,0,0,0,0,0,0,0,0,0,0,0,0,0,0,0,0,0,0,0,0,176,16656,0,0,0,0
8282.053,15697,63,0,0,0,0,0,8,204,5,42,0,0,0,0,0,0,0,0,0,0,0,0,0,0,0,0,0,0,0,0,0,0,172,4661,0,0,0,0
8299.024,16971,58,0,0,0,0,0,8,261,5,42,0,0,0,0,0,0,0,0,0,0,0,0,0,0,0,0,0,0,0,0,0,0,246,15898,0,0,0,0
8315.885,16861,59,0,0,0,0,0,8,423,5,42,0,0,0,0,0,0,0,0,0,0,0,0,0,0,0,0,0,0,0,0,0,0,233,30303,0,0,0,0
8332.878,16993,58,0,0,0,0,0,8,392,5,42,0,0,0,0,0,0,0,0,0,0,0,0,0,0,0,0,0,0,0,0,0,0,161,15753,0,0,0,0
8348.872,15993,62,0,0,0,0,0,8,252,5,42,0,0,0,0,0,0,0,0,0,0,0,0,0,0,0,0,0,0,0,0,0,0,175,4979,0,0,0,0
8365.416,16544,60,0,0,0,0,0,8,263,5,42,0,0,0,0,0,0,0,0,0,0,0,0,0,0,0,0,0,0,0,0,0,0,246,15687,0,0,0,0
8382.150,16733,59,0,0,0,0,0,8,397,5,42,0,0,0,0,0,0,0,0,0,0,0,0,0,0,0,0,0,0,0,0,0,0,218,29859,0,0,0,0
8398.907,16757,59,0,0,0,0,0,8,409,5,42,0,0,0,0,0,0,0,0,0,0,0,0,0,0,0,0,0,0,0,0,0,0,162,16063,0,0,0,0
8415.501,16594,60,0,0,0,0,0,8,260,5,42,0,0,0,0,0,0,0,0,0,0,0,0,0,0,0,0,0,0,0,0,0,0,162,3947,0,0,0,0
8432.070,16569,60,0,0,0,0,0,8,209,5,42,0,0,0,0,0,0,0,0,0,0,0,0,0,0,0,0,0,0,0,0,0,0,224,17368,0,0,0,0
8448.920,16849,59,0,0,0,0,0,8,438,5,42,0,0,0,0,0,0,0,0,0,0,0,0,0,0,0,0,0,0,0,0,0,0,217,29051,0,0,0,0
8465.443,16523,60,0,0,0,0,0,8,412,5,42,0,0,0,0,0,0,0,0,0,0,0,0,0,0,0,0,0,0,0,0,0,0,177,15862,0,0,0,0
8481.949,16505,60,0,0,0,0,0,8,208,5,42,0,0,0,0,0,0,0,0,0,0,0,0,0,0,0,0,0,0,0,0,0,0,180,4272,0,0,0,0
8498.579,16629,60,0,0,0,0,0,8,262,5,42,0,0,0,0,0,0,0,0,0,0,0,0,0,0,0,0,0,0,0,0,0,0,221,16434,0,0,0,0
8515.590,17000,58,0,0,0,0,0,8,441,5,42,0,0,0,0,0,0,0,0,0,0,0,0,0,0,0,0,0,0,0,0,0,0,230,30421,0,0,0,0
8531.517,15937,62,0,0,0,0,0,8,385,5,42,0,0,0,0,0,0,0,0,0,0,0,0,0,0,0,0,0,0,0,0,0,0,127,15780,0,0,0,0
8548.641,17124,58,0,0,0,0,0,8,228,5,42,0,0,0,0,0,0,0,0,0,0,0,0,0,0,0,0,0,0,0,0,0,0,157,4196,0,0,0,0
8565.440,16798,59,0,0,0,0,0,8,262,5,42,0,0,0,0,0,0,0,0,0,0,0,0,0,0,0,0,0,0,0,0,0,0,271,16413,0,0,0,0
8581.975,16535,60,0,0,0,0,0,8,385,5,42,0,0,0,0,0,0,0,0,0,0,0,0,0,0,0,0,0,0,0,0,0,0,226,30339,0,0,0,0
8598.446,16470,60,0,0,0,0,0,8,436,5,42,0,0,0,0,0,0,0,0,0,0,0,0,0,0,0,0,0,0,0,0,0,0,154,15771,0,0,0,0
8615.731,17285,57,0,0,0,0,0,8,261,5,42,0,0,0,0,0,0,0,0,0,0,0,0,0,0,0,0,0,0,0,0,0,0,157,3636,0,0,0,0
8632.048,16316,61,0,0,0,0,0,8,185,5,42,0,0,0,0,0,0,0,0,0,0,0,0,0,0,0,0,0,0,0,0,0,0,247,17278,0,0,0,0
8648.634,16586,60,0,0,0,0,0,8,441,5,42,0,0,0,0,0,0,0,0,0,0,0,0,0,0,0,0,0,0,0,0,0,0,236,29681,0,0,0,0
8665.446,16811,59,0,0,0,0,0,8,437,5,42,0,0,0,0,0,0,0,0,0,0,0,0,0,0,0,0,0,0,0,0,0,0,158,15852,0,0,0,0
8681.697,16251,61,0,0,0,0,0,8,216,5,42,0,0,0,0,0,0,0,0,0,0,0,0,0,0,0,0,0,0,0,0,0,0,170,4175,0,0,0,0
8698.958,17261,57,0,0,0,0,0,8,258,5,42,0,0,0,0,0,0,0,0,0,0,0,0,0,0,0,0,0,0,0,0,0,0,255,16898,0,0,0,0
8716.367,17394,57,0,0,0,0,0,8,418,5,42,0,0,0,0,0,0,0,0,0,0,0,0,0,0,0,0,0,0,0,0,0,0,233,30143,0,0,0,0
8732.029,15676,63,0,0,0,0,0,8,387,5,42,0,0,0,0,0,0,0,0,0,0,0,0,0,0,0,0,0,0,0,0,0,0,168,16444,0,0,0,0
8748.931,16902,59,0,0,0,0,0,8,257,5,42,0,0,0,0,0,0,0,0,0,0,0,0,0,0,0,0,0,0,0,0,0,0,162,3428,0,0,0,0
8765.447,16515,60,0,0,0,0,0,8,258,5,42,0,0,0,0,0,0,0,0,0,0,0,0,0,0,0,0,0,0,0,0,0,0,268,16618,0,0,0,0
8781.980,16533,60,0,0,0,0,0,8,393,5,42,0,0,0,0,0,0,0,0,0,0,0,0,0,0,0,0,0,0,0,0,0,0,233,29947,0,0,0,0
8799.365,17385,57,0,0,0,0,0,8,412,5,42,0,0,0,0,0,0,0,0,0,0,0,0,0,0,0,0,0,0,0,0,0,0,171,15835,0,0,0,0
8815.487,16121,62,0,0,0,0,0,8,256,5,42,0,0,0,0,0,0,0,0,0,0,0,0,0,0,0,0,0,0,0,0,0,0,162,4636,0,0,0,0
8832.074,16587,60,0,0,0,0,0,8,214,5,42,0,0,0,0,0,0,0,0,0,0,0,0,0,0,0,0,0,0,0,0,0,0,214,16054,0,0,0,0
8849.878,17803,56,0,0,0,0,0,8,442,5,42,0,0,0,0,0,0,0,0,0,0,0,0,0,0,0,0,0,0,0,0,0,0,235,29936,0,0,0,0
8865.866,15988,62,0,0,0,0,0,8,412,5,42,0,0,0,0,0,0,0,0,0,0,0,0,0,0,0,0,0,0,0,0,0,0,153,16990,0,0,0,0
8882.067,16201,61,0,0,0,0,0,8,212,5,42,0,0,0,0,0,0,0,0,0,0,0,0,0,0,0,0,0,0,0,0,0,0,166,3543,0,0,0,0
8898.863,16795,59,0,0,0,0,0,8,261,5,42,0,0,0,0,0,0,0,0,0,0,0,0,0,0,0,0,0,0,0,0,0,0,226,16360,0,0,0,0
8915.487,16623,60,0,0,0,0,0,8,438,5,42,0,0,0,0,0,0,0,0,0,0,0,0,0,0,0,0,0,0,0,0,0,0,237,30077,0,0,0,0
8931.952,16465,60,0,0,0,0,0,8,385,5,42,0,0,0,0,0,0,0,0,0,0,0,0,0,0,0,0,0,0,0,0,0,0,137,15720,0,0,0,0
8949.002,17049,58,0,0,0,0,0,8,235,5,42,0,0,0,0,0,0,0,0,0,0,0,0,0,0,0,0,0,0,0,0,0,0,150,4204,0,0,0,0
8965.541,16539,60,0,0,0,0,0,8,254,5,42,0,0,0,0,0,0,0,0,0,0,0,0,0,0,0,0,0,0,0,0,0,0,235,16699,0,0,0,0
8982.144,16602,60,0,0,0,0,0,8,398,5,42,0,0,0,0,0,0,0,0,0,0,0,0,0,0,0,0,0,0,0,0,0,0,211,29934,0,0,0,0
8998.904,16759,59,0,0,0,0,0,8,436,5,42,0,0,0,0,0,0,0,0,0,0,0,0,0,0,0,0,0,0,0,0,0,0,184,15671,0,0,0,0
9015.693,16789,59,0,0,0,0,0,8,261,5,42,0,0,0,0,0,0,0,0,0,0,0,0,0,0,0,0,0,0,0,0,0,0,136,4271,0,0,0,0
9032.459,16765,59,0,0,0,0,0,8,188,5,42,0,0,0,0,0,0,0,0,0,0,0,0,0,0,0,0,0,0,0,0,0,0,221,16809,0,0,0,0
9048.909,16450,60,0,0,0,0,0,8,438,5,42,0,0,0,0,0,0,0,0,0,0,0,0,0,0,0,0,0,0,0,0,0,0,217,29822,0,0,0,0
9064.990,16081,62,0,0,0,0,0,8,441,5,42,0,0,0,0,0,0,0,0,0,0,0,0,0,0,0,0,0,0,0,0,0,0,173,15891,0,0,0,0
9082.070,17079,58,0,0,0,0,0,8,221,5,42,0,0,0,0,0,0,0,0,0,0,0,0,0,0,0,0,0,0,0,0,0,0,161,3629,0,0,0,0
9099.001,16931,59,0,0,0,0,0,8,259,5,42,0,0,0,0,0,0,0,0,0,0,0,0,0,0,0,0,0,0,0,0,0,0,225,17032,0,0,0,0
9116.354,17352,57,0,0,0,0,0,8,413,5,42,0,0,0,0,0,0,0,0,0,0,0,0,0,0,0,0,0,0,0,0,0,0,233,30493,0,0,0,0
9131.941,15586,64,0,0,0,0,0,8,388,5,42,0,0,0,0,0,0,0,0,0,0,0,0,0,0,0,0,0,0,0,0,0,0,125,16617,0,0,0,0
9148.869,16928,59,0,0,0,0,0,8,261,5,42,0,0,0,0,0,0,0,0,0,0,0,0,0,0,0,0,0,0,0,0,0,0,174,2877,0,0,0,0
9166.351,17481,57,0,0,0,0,0,8,261,5,42,0,0,0,0,0,0,0,0,0,0,0,0,0,0,0,0,0,0,0,0,0,0,218,16817,0,0,0,0
9182.371,16020,62,0,0,0,0,0,8,389,5,42,0,0,0,0,0,0,0,0,0,0,0,0,0,0,0,0,0,0,0,0,0,0,232,31079,0,0,0,0
9199.064,16693,59,0,0,0,0,0,8,416,5,42,0,0,0,0,0,0,0,0,0,0,0,0,0,0,0,0,0,0,0,0,0,0,143,15072,0,0,0,0
9215.309,16244,61,0,0,0,0,0,8,257,5,42,0,0,0,0,0,0,0,0,0,0,0,0,0,0,0,0,0,0,0,0,0,0,134,4060,0,0,0,0
9232.294,16984,58,0,0,0,0,0,8,214,5,42,0,0,0,0,0,0,0,0,0,0,0,0,0,0,0,0,0,0,0,0,0,0,229,16222,0,0,0,0
9248.862,16567,60,0,0,0,0,0,8,437,5,42,0,0,0,0,0,0,0,0,0,0,0,0,0,0,0,0,0,0,0,0,0,0,254,30566,0,0,0,0
9265.862,17000,58,0,0,0,0,0,8,416,5,42,0,0,0,0,0,0,0,0,0,0,0,0,0,0,0,0,0,0,0,0,0,0,159,15779,0,0,0,0
9282.030,16167,61,0,0,0,0,0,8,213,5,42,0,0,0,0,0,0,0,0,0,0,0,0,0,0,0,0,0,0,0,0,0,0,133,4191,0,0,0,0
9298.869,16839,59,0,0,0,0,0,8,261,5,42,0,0,0,0,0,0,0,0,0,0,0,0,0,0,0,0,0,0,0,0,0,0,232,16472,0,0,0,0
9315.572,16703,59,0,0,0,0,0,8,438,5,42,0,0,0,0,0,0,0,0,0,0,0,0,0,0,0,0,0,0,0,0,0,0,233,30111,0,0,0,0
9332.107,16534,60,0,0,0,0,0,8,392,5,42,0,0,0,0,0,0,0,0,0,0,0,0,0,0,0,0,0,0,0,0,0,0,146,15507,0,0,0,0
9349.372,17265,57,0,0,0,0,0,8,236,5,42,0,0,0,0,0,0,0,0,0,0,0,0,0,0,0,0,0,0,0,0,0,0,201,4501,0,0,0,0
9365.478,16105,62,0,0,0,0,0,8,257,5,42,0,0,0,0,0,0,0,0,0,0,0,0,0,0,0,0,0,0,0,0,0,0,253,16961,0,0,0,0
9381.485,16006,62,0,0,0,0,0,8,389,5,42,0,0,0,0,0,0,0,0,0,0,0,0,0,0,0,0,0,0,0,0,0,0,236,29596,0,0,0,0
9398.653,17168,58,0,0,0,0,0,8,254,5,42,0,0,0,0,0,0,0,0,0,0,0,0,0,0,0,0,0,0,0,0,0,0,142,3326,0,0,0,0
9415.387,16734,59,0,0,0,0,0,8,441,5,42,0,0,0,0,0,0,0,0,0,0,0,0,0,0,0,0,0,0,0,0,0,0,213,28727,0,0,0,0
9432.210,16822,59,0,0,0,0,0,8,188,5,42,0,0,0,0,0,0,0,0,0,0,0,0,0,0,0,0,0,0,0,0,0,0,164,4835,0,0,0,0
9448.959,16748,59,0,0,0,0,0,8,442,5,42,0,0,0,0,0,0,0,0,0,0,0,0,0,0,0,0,0,0,0,0,0,0,230,29563,0,0,0,0
9466.397,17438,57,0,0,0,0,0,8,441,5,42,0,0,0,0,0,0,0,0,0,0,0,0,0,0,0,0,0,0,0,0,0,0,157,15875,0,0,0,0
9482.380,15983,62,0,0,0,0,0,8,211,5,42,0,0,0,0,0,0,0,0,0,0,0,0,0,0,0,0,0,0,0,0,0,0,145,5082,0,0,0,0
9498.875,16483,60,0,0,0,0,0,8,258,5,42,0,0,0,0,0,0,0,0,0,0,0,0,0,0,0,0,0,0,0,0,0,0,213,15951,0,0,0,0
9515.487,16622,60,0,0,0,0,0,8,413,5,42,0,0,0,0,0,0,0,0,0,0,0,0,0,0,0,0,0,0,0,0,0,0,219,29690,0,0,0,0
9532.168,16681,59,0,0,0,0,0,8,393,5,42,0,0,0,0,0,0,0,0,0,0,0,0,0,0,0,0,0,0,0,0,0,0,163,16048,0,0,0,0
9548.962,16794,59,0,0,0,0,0,8,257,5,42,0,0,0,0,0,0,0,0,0,0,0,0,0,0,0,0,0,0,0,0,0,0,164,4209,0,0,0,0
9565.493,16531,60,0,0,0,0,0,8,257,5,42,0,0,0,0,0,0,0,0,0,0,0,0,0,0,0,0,0,0,0,0,0,0,270,16722,0,0,0,0
9582.486,16993,58,0,0,0,0,0,8,388,5,42,0,0,0,0,0,0,0,0,0,0,0,0,0,0,0,0,0,0,0,0,0,0,236,29908,0,0,0,0
9598.871,16385,61,0,0,0,0,0,8,229,5,42,0,0,0,0,0,0,0,0,0,0,0,0,0,0,0,0,0,0,0,0,0,0,170,3615,0,0,0,0
9615.509,16637,60,0,0,0,0,0,8,437,5,42,0,0,0,0,0,0,0,0,0,0,0,0,0,0,0,0,0,0,0,0,0,0,215,28955,0,0,0,0
9632.110,16601,60,0,0,0,0,0,8,217,5,42,0,0,0,0,0,0,0,0,0,0,0,0,0,0,0,0,0,0,0,0,0,0,171,4042,0,0,0,0
9648.956,16845,59,0,0,0,0,0,8,437,5,42,0,0,0,0,0,0,0,0,0,0,0,0,0,0,0,0,0,0,0,0,0,0,233,29914,0,0,0,0
9666.342,17385,57,0,0,0,0,0,8,415,5,42,0,0,0,0,0,0,0,0,0,0,0,0,0,0,0,0,0,0,0,0,0,0,152,16097,0,0,0,0
9682.167,15825,63,0,0,0,0,0,8,211,5,42,0,0,0,0,0,0,0,0,0,0,0,0,0,0,0,0,0,0,0,0,0,0,170,4848,0,0,0,0
9698.864,16685,59,0,0,0,0,0,8,261,5,42,0,0,0,0,0,0,0,0,0,0,0,0,0,0,0,0,0,0,0,0,0,0,227,15893,0,0,0,0
9715.481,16628,60,0,0,0,0,0,8,442,5,42,0,0,0,0,0,0,0,0,0,0,0,0,0,0,0,0,0,0,0,0,0,0,228,30070,0,0,0,0
9731.935,16454,60,0,0,0,0,0,8,387,5,42,0,0,0,0,0,0,0,0,0,0,0,0,0,0,0,0,0,0,0,0,0,0,168,15615,0,0,0,0
9748.925,16989,58,0,0,0,0,0,8,241,5,42,0,0,0,0,0,0,0,0,0,0,0,0,0,0,0,0,0,0,0,0,0,0,170,4039,0,0,0,0
9765.268,16343,61,0,0,0,0,0,8,262,5,42,0,0,0,0,0,0,0,0,0,0,0,0,0,0,0,0,0,0,0,0,0,0,231,16865,0,0,0,0
9781.548,16279,61,0,0,0,0,0,8,395,5,42,0,0,0,0,0,0,0,0,0,0,0,0,0,0,0,0,0,0,0,0,0,0,262,29955,0,0,0,0
9799.337,17788,56,0,0,0,0,0,8,258,5,42,0,0,0,0,0,0,0,0,0,0,0,0,0,0,0,0,0,0,0,0,0,0,177,3562,0,0,0,0
9815.525,16187,61,0,0,0,0,0,8,429,5,42,0,0,0,0,0,0,0,0,0,0,0,0,0,0,0,0,0,0,0,0,0,0,230,29501,0,0,0,0
9832.183,16658,60,0,0,0,0,0,8,199,5,42,0,0,0,0,0,0,0,0,0,0,0,0,0,0,0,0,0,0,0,0,0,0,162,3634,0,0,0,0
9848.443,16260,61,0,0,0,0,0,8,437,5,42,0,0,0,0,0,0,0,0,0,0,0,0,0,0,0,0,0,0,0,0,0,0,247,30438,0,0,0,0
9865.353,16909,59,0,0,0,0,0,8,253,5,42,0,0,0,0,0,0,0,0,0,0,0,0,0,0,0,0,0,0,0,0,0,0,153,2529,0,0,0,0
9881.951,16598,60,0,0,0,0,0,8,388,5,42,0,0,0,0,0,0,0,0,0,0,0,0,0,0,0,0,0,0,0,0,0,0,229,29531,0,0,0,0
9898.851,16900,59,0,0,0,0,0,8,255,5,42,0,0,0,0,0,0,0,0,0,0,0,0,0,0,0,0,0,0,0,0,0,0,154,4271,0,0,0,0
9915.578,16726,59,0,0,0,0,0,8,419,5,42,0,0,0,0,0,0,0,0,0,0,0,0,0,0,0,0,0,0,0,0,0,0,207,29650,0,0,0,0
9932.479,16901,59,0,0,0,0,0,8,205,5,42,0,0,0,0,0,0,0,0,0,0,0,0,0,0,0,0,0,0,0,0,0,0,162,3660,0,0,0,0
9948.868,16389,61,0,0,0,0,0,8,429,5,42,0,0,0,0,0,0,0,0,0,0,0,0,0,0,0,0,0,0,0,0,0,0,221,29315,0,0,0,0
9965.664,16795,59,0,0,0,0,0,8,261,5,42,0,0,0,0,0,0,0,0,0,0,0,0,0,0,0,0,0,0,0,0,0,0,169,4010,0,0,0,0
9981.627,15963,62,0,0,0,0,0,8,393,5,42,0,0,0,0,0,0,0,0,0,0,0,0,0,0,0,0,0,0,0,0,0,0,242,29950,0,0,0,0
9999.339,17711,56,0,0,0,0,0,8,230,5,42,0,0,0,0,0,0,0,0,0,0,0,0,0,0,0,0,0,0,0,0,0,0,170,2763,0,0,0,0
10015.486,16147,61,0,0,0,0,0,8,436,5,42,0,0,0,0,0,0,0,0,0,0,0,0,0,0,0,0,0,0,0,0,0,0,236,30339,0,0,0,0
10032.149,16662,60,0,0,0,0,0,8,213,5,42,0,0,0,0,0,0,0,0,0,0,0,0,0,0,0,0,0,0,0,0,0,0,152,3522,0,0,0,0
10048.611,16462,60,0,0,0,0,0,8,436,5,42,0,0,0,0,0,0,0,0,0,0,0,0,0,0,0,0,0,0,0,0,0,0,246,30475,0,0,0,0
10065.865,17254,57,0,0,0,0,0,8,242,5,42,0,0,0,0,0,0,0,0,0,0,0,0,0,0,0,0,0,0,0,0,0,0,150,2624,0,0,0,0
10082.063,16197,61,0,0,0,0,0,8,391,5,42,0,0,0,0,0,0,0,0,0,0,0,0,0,0,0,0,0,0,0,0,0,0,241,29856,0,0,0,0
10098.914,16851,59,0,0,0,0,0,8,258,5,42,0,0,0,0,0,0,0,0,0,0,0,0,0,0,0,0,0,0,0,0,0,0,164,3880,0,0,0,0
10115.872,16957,58,0,0,0,0,0,8,437,5,42,0,0,0,0,0,0,0,0,0,0,0,0,0,0,0,0,0,0,0,0,0,0,240,29998,0,0,0,0
10131.952,16080,62,0,0,0,0,0,8,209,5,42,0,0,0,0,0,0,0,0,0,0,0,0,0,0,0,0,0,0,0,0,0,0,166,3536,0,0,0,0
10148.910,16957,58,0,0,0,0,0,8,413,5,42,0,0,0,0,0,0,0,0,0,0,0,0,0,0,0,0,0,0,0,0,0,0,231,28911,0,0,0,0
10165.487,16576,60,0,0,0,0,0,8,262,5,42,0,0,0,0,0,0,0,0,0,0,0,0,0,0,0,0,0,0,0,0,0,0,173,4126,0,0,0,0
10182.099,16612,60,0,0,0,0,0,8,387,5,42,0,0,0,0,0,0,0,0,0,0,0,0,0,0,0,0,0,0,0,0,0,0,235,29802,0,0,0,0
10198.878,16778,59,0,0,0,0,0,8,254,5,42,0,0,0,0,0,0,0,0,0,0,0,0,0,0,0,0,0,0,0,0,0,0,214,3670,0,0,0,0
10215.479,16600,60,0,0,0,0,0,8,436,5,42,0,0,0,0,0,0,0,0,0,0,0,0,0,0,0,0,0,0,0,0,0,0,202,29072,0,0,0,0
10232.477,16998,58,0,0,0,0,0,8,185,5,42,0,0,0,0,0,0,0,0,0,0,0,0,0,0,0,0,0,0,0,0,0,0,162,4086,0,0,0,0
10248.612,16135,61,0,0,0,0,0,8,287,5,42,0,0,0,0,0,0,0,0,0,0,0,0,0,0,0,0,0,0,0,0,0,0,0,0,0,0,0,0
10264.837,16224,61,0,0,0,0,0,8,561,5,42,0,0,0,0,0,0,0,0,0,0,0,0,0,0,0,0,0,0,0,0,0,0,206,33176,0,0,0,0
10281.548,16711,59,0,0,0,0,0,8,233,5,42,0,0,0,0,0,0,0,0,0,0,0,0,0,0,0,0,0,0,0,0,0,0,215,15081,0,0,0,0
10298.847,17298,57,0,0,0,0,0,8,265,5,42,0,0,0,0,0,0,0,0,0,0,0,0,0,0,0,0,0,0,0,0,0,0,246,17713,0,0,0,0
10316.340,17493,57,0,0,0,0,0,8,419,5,42,0,0,0,0,0,0,0,0,0,0,0,0,0,0,0,0,0,0,0,0,0,0,243,32383,0,0,0,0
10331.903,15562,64,0,0,0,0,0,8,401,5,42,0,0,0,0,0,0,0,0,0,0,0,0,0,0,0,0,0,0,0,0,0,0,136,16485,0,0,0,0
10348.992,17089,58,0,0,0,0,0,8,240,5,42,0,0,0,0,0,0,0,0,0,0,0,0,0,0,0,0,0,0,0,0,0,0,135,1497,0,0,0,0
10366.344,17342,57,0,0,0,0,0,8,225,5,42,0,0,0,0,0,0,0,0,0,0,0,0,0,0,0,0,0,0,0,0,0,0,243,17055,0,0,0,0
10382.010,15675,63,0,0,0,0,0,8,19038,5,42,0,0,0,0,0,0,0,0,0,0,0,0,0,0,0,0,0,0,0,0,0,0,0,0,0,0,0,0
10409.022,27012,37,0,0,0,0,0,8,37499,6,43,0,0,0,0,0,0,0,0,0,0,0,0,0,0,0,0,0,0,0,0,0,0,0,58815,0,0,0,0
10423.678,14656,68,0,0,0,0,0,8,301,5,43,0,0,0,0,0,0,0,0,0,0,0,0,0,0,0,0,0,0,0,0,0,0,94,94,0,0,0,0
10441.334,17656,56,0,0,0,0,0,8,19450,5,43,0,0,0,0,0,0,0,0,0,0,0,0,0,0,0,0,0,0,0,0,0,0,4729,21705,0,0,0,0
10457.479,16144,61,0,0,0,0,0,8,19628,5,43,0,0,0,0,0,0,0,0,0,0,0,0,0,0,0,0,0,0,0,0,0,0,4790,16223,0,0,0,0
10474.026,16547,60,0,0,0,0,0,8,20472,5,43,0,0,0,0,0,0,0,0,0,0,0,0,0,0,0,0,0,0,0,0,0,0,4681,16558,0,0,0,0
10490.736,16710,59,0,0,0,0,0,8,20649,5,43,0,0,0,0,0,0,0,0,0,0,0,0,0,0,0,0,0,0,0,0,0,0,4564,15908,0,0,0,0
10507.494,16757,59,0,0,0,0,0,8,25145,5,43,0,0,0,0,0,0,0,0,0,0,0,0,0,0,0,0,0,0,0,0,0,0,4557,17234,0,0,0,0
10523.877,16384,61,0,0,0,0,0,8,19998,5,43,0,0,0,0,0,0,0,0,0,0,0,0,0,0,0,0,0,0,0,0,0,0,4592,16776,0,0,0,0
10540.039,16161,61,0,0,0,0,0,8,21671,5,43,0,0,0,0,0,0,0,0,0,0,0,0,0,0,0,0,0,0,0,0,0,0,4613,15889,0,0,0,0
10556.904,16864,59,0,0,0,0,0,8,22529,5,43,0,0,0,0,0,0,0,0,0,0,0,0,0,0,0,0,0,0,0,0,0,0,4519,16578,0,0,0,0
10573.354,16450,60,0,0,0,0,0,8,20180,5,43,0,0,0,0,0,0,0,0,0,0,0,0,0,0,0,0,0,0,0,0,0,0,4700,17556,0,0,0,0
10590.479,17124,58,0,0,0,0,0,8,54813,5,43,0,0,0,0,0,0,0,0,0,0,0,0,0,0,0,0,0,0,0,0,0,0,3534,14771,0,0,0,0
10607.373,16894,59,0,0,0,0,0,8,170723,5,43,0,0,0,0,0,0,0,0,0,0,0,0,0,0,0,0,0,0,0,0,0,0,5135,18710,0,0,0,0
10624.028,16654,60,0,0,0,0,0,8,149353,5,43,0,0,0,0,0,0,0,0,0,0,0,0,0,0,0,0,0,0,0,0,0,0,4888,16677,0,0,0,0
10640.675,16647,60,0,0,0,0,0,8,138841,5,43,0,0,0,0,0,0,0,0,0,0,0,0,0,0,0,0,0,0,0,0,0,0,4776,16017,0,0,0,0
10657.030,16354,61,0,0,0,0,0,8,138754,5,43,0,0,0,0,0,0,0,0,0,0,0,0,0,0,0,0,0,0,0,0,0,0,3326,15704,0,0,0,0
10673.342,16312,61,0,0,0,0,0,8,127371,5,43,0,0,0,0,0,0,0,0,0,0,0,0,0,0,0,0,0,0,0,0,0,0,4924,17954,0,0,0,0
10690.348,17006,58,0,0,0,0,0,8,137307,5,43,0,0,0,0,0,0,0,0,0,0,0,0,0,0,0,0,0,0,0,0,0,0,4127,15518,0,0,0,0
10706.884,16536,60,0,0,0,0,0,8,130244,5,43,0,0,0,0,0,0,0,0,0,0,0,0,0,0,0,0,0,0,0,0,0,0,3401,16283,0,0,0,0
10724.352,17467,57,0,0,0,0,0,8,141185,5,43,0,0,0,0,0,0,0,0,0,0,0,0,0,0,0,0,0,0,0,0,0,0,3364,17085,0,0,0,0
10740.169,15816,63,0,0,0,0,0,8,204093,5,43,0,0,0,0,0,0,0,0,0,0,0,0,0,0,0,0,0,0,0,0,0,0,3569,15590,0,0,0,0
10757.029,16860,59,0,0,0,0,0,8,200174,5,43,0,0,0,0,0,0,0,0,0,0,0,0,0,0,0,0,0,0,0,0,0,0,5334,18539,0,0,0,0
10774.337,17307,57,0,0,0,0,0,8,242809,5,43,0,0,0,0,0,0,0,0,0,0,0,0,0,0,0,0,0,0,0,0,0,0,5409,17994,0,0,0,0
10790.506,16169,61,0,0,0,0,0,8,69417,5,43,0,0,0,0,0,0,0,0,0,0,0,0,0,0,0,0,0,0,0,0,0,0,5218,16610,0,0,0,0
10806.944,16437,60,0,0,0,0,0,8,81634,5,43,0,0,0,0,0,0,0,0,0,0,0,0,0,0,0,0,0,0,0,0,0,0,6578,17003,0,0,0,0
10823.856,16911,59,0,0,0,0,0,8,18853,5,43,0,0,0,0,0,0,0,0,0,0,0,0,0,0,0,0,0,0,0,0,0,0,6790,17690,0,0,0,0
10840.600,16744,59,0,0,0,0,0,8,3922,5,43,0,0,0,0,0,0,0,0,0,0,0,0,0,0,0,0,0,0,0,0,0,0,7006,16628,0,0,0,0
10856.522,15921,62,0,0,0,0,0,8,6417,5,43,0,0,0,0,0,0,0,0,0,0,0,0,0,0,0,0,0,0,0,0,0,0,6899,16630,0,0,0,0
10873.704,17182,58,0,0,0,0,0,8,6698,5,43,0,0,0,0,0,0,0,0,0,0,0,0,0,0,0,0,0,0,0,0,0,0,5343,14363,0,0,0,0
11007.167,133462,7,0,0,0,0,0,8,75120,19,43,0,0,0,0,0,0,0,0,0,0,0,0,0,0,0,0,0,0,0,0,0,0,510744,143844,0,0,0,0
11024.333,17166,58,0,0,0,0,0,8,1017,5,43,0,0,0,0,0,0,0,0,0,0,0,0,0,0,0,0,0,0,0,0,0,0,12169,13780,0,0,0,0
11041.329,16996,58,0,0,0,0,0,8,513,5,43,0,0,0,0,0,0,0,0,0,0,0,0,0,0,0,0,0,0,0,0,0,0,6770,11812,0,0,0,0
11057.049,15720,63,0,0,0,0,0,8,525,5,43,0,0,0,0,0,0,0,0,0,0,0,0,0,0,0,0,0,0,0,0,0,0,6851,16854,0,0,0,0
11073.979,16929,59,0,0,0,0,0,8,535,5,43,0,0,0,0,0,0,0,0,0,0,0,0,0,0,0,0,0,0,0,0,0,0,6721,15582,0,0,0,0
11090.498,16518,60,0,0,0,0,0,8,473,5,43,0,0,0,0,0,0,0,0,0,0,0,0,0,0,0,0,0,0,0,0,0,0,7254,17718,0,0,0,0
11107.469,16971,58,0,0,0,0,0,8,495,5,43,0,0,0,0,0,0,0,0,0,0,0,0,0,0,0,0,0,0,0,0,0,0,7634,16619,0,0,0,0
11123.842,16373,61,0,0,0,0,0,8,504,5,43,0,0,0,0,0,0,0,0,0,0,0,0,0,0,0,0,0,0,0,0,0,0,7795,17147,0,0,0,0
11141.330,17487,57,0,0,0,0,0,8,496,5,43,0,0,0,0,0,0,0,0,0,0,0,0,0,0,0,0,0,0,0,0,0,0,7388,16463,0,0,0,0
11157.035,15704,63,0,0,0,0,0,8,528,5,43,0,0,0,0,0,0,0,0,0,0,0,0,0,0,0,0,0,0,0,0,0,0,7725,17832,0,0,0,0
11174.052,17017,58,0,0,0,0,0,8,533,5,43,0,0,0,0,0,0,0,0,0,0,0,0,0,0,0,0,0,0,0,0,0,0,7313,14764,0,0,0,0
11191.332,17280,57,0,0,0,0,0,8,439,5,43,0,0,0,0,0,0,0,0,0,0,0,0,0,0,0,0,0,0,0,0,0,0,7557,17485,0,0,0,0
11207.275,15942,62,0,0,0,0,0,8,529,5,43,0,0,0,0,0,0,0,0,0,0,0,0,0,0,0,0,0,0,0,0,0,0,7476,16994,0,0,0,0
11224.024,16749,59,0,0,0,0,0,8,529,5,43,0,0,0,0,0,0,0,0,0,0,0,0,0,0,0,0,0,0,0,0,0,0,10449,18894,0,0,0,0
11240.341,16317,61,0,0,0,0,0,8,470,5,43,0,0,0,0,0,0,0,0,0,0,0,0,0,0,0,0,0,0,0,0,0,0,8831,15570,0,0,0,0
11257.333,16991,58,0,0,0,0,0,8,539,5,43,0,0,0,0,0,0,0,0,0,0,0,0,0,0,0,0,0,0,0,0,0,0,9027,16143,0,0,0,0
11273.685,16352,61,0,0,0,0,0,8,471,5,43,0,0,0,0,0,0,0,0,0,0,0,0,0,0,0,0,0,0,0,0,0,0,8078,15983,0,0,0,0
11291.341,17645,56,0,0,0,0,0,8,499,5,43,0,0,0,0,0,0,0,0,0,0,0,0,0,0,0,0,0,0,0,0,0,0,8137,17092,0,0,0,0
11307.287,15956,62,0,0,0,0,0,8,529,5,43,0,0,0,0,0,0,0,0,0,0,0,0,0,0,0,0,0,0,0,0,0,0,8191,17105,0,0,0,0
11323.790,16502,60,0,0,0,0,0,8,499,5,43,0,0,0,0,0,0,0,0,0,0,0,0,0,0,0,0,0,0,0,0,0,0,8126,15861,0,0,0,0
11341.359,17569,56,0,0,0,0,0,8,504,5,43,0,0,0,0,0,0,0,0,0,0,0,0,0,0,0,0,0,0,0,0,0,0,8115,16935,0,0,0,0
11356.891,15531,64,0,0,0,0,0,8,495,5,43,0,0,0,0,0,0,0,0,0,0,0,0,0,0,0,0,0,0,0,0,0,0,8034,17081,0,0,0,0
11374.002,17111,58,0,0,0,0,0,8,509,5,43,0,0,0,0,0,0,0,0,0,0,0,0,0,0,0,0,0,0,0,0,0,0,8010,15373,0,0,0,0
11391.331,17328,57,0,0,0,0,0,8,496,5,43,0,0,0,0,0,0,0,0,0,0,0,0,0,0,0,0,0,0,0,0,0,0,8177,17610,0,0,0,0
11407.326,15994,62,0,0,0,0,0,8,532,5,43,0,0,0,0,0,0,0,0,0,0,0,0,0,0,0,0,0,0,0,0,0,0,8163,17132,0,0,0,0
11423.862,16536,60,0,0,0,0,0,8,496,5,43,0,0,0,0,0,0,0,0,0,0,0,0,0,0,0,0,0,0,0,0,0,0,8113,15971,0,0,0,0
11440.590,16728,59,0,0,0,0,0,8,471,5,43,0,0,0,0,0,0,0,0,0,0,0,0,0,0,0,0,0,0,0,0,0,0,8163,16857,0,0,0,0
11457.037,16447,60,0,0,0,0,0,8,531,5,43,0,0,0,0,0,0,0,0,0,0,0,0,0,0,0,0,0,0,0,0,0,0,8156,16333,0,0,0,0
11473.345,16307,61,0,0,0,0,0,8,467,5,43,0,0,0,0,0,0,0,0,0,0,0,0,0,0,0,0,0,0,0,0,0,0,8036,16285,0,0,0,0
11490.477,17131,58,0,0,0,0,0,8,537,5,43,0,0,0,0,0,0,0,0,0,0,0,0,0,0,0,0,0,0,0,0,0,0,8000,16343,0,0,0,0
11507.325,16848,59,0,0,0,0,0,8,504,5,43,0,0,0,0,0,0,0,0,0,0,0,0,0,0,0,0,0,0,0,0,0,0,8164,17246,0,0,0,0
11523.172,15846,63,0,0,0,0,0,8,468,5,43,0,0,0,0,0,0,0,0,0,0,0,0,0,0,0,0,0,0,0,0,0,0,8033,16815,0,0,0,0
11541.342,18170,55,0,0,0,0,0,8,528,5,43,0,0,0,0,0,0,0,0,0,0,0,0,0,0,0,0,0,0,0,0,0,0,7999,15798,0,0,0,0
11557.033,15691,63,0,0,0,0,0,8,525,5,43,0,0,0,0,0,0,0,0,0,0,0,0,0,0,0,0,0,0,0,0,0,0,8045,18150,0,0,0,0
11573.600,16566,60,0,0,0,0,0,8,500,5,43,0,0,0,0,0,0,0,0,0,0,0,0,0,0,0,0,0,0,0,0,0,0,8040,15684,0,0,0,0
11590.322,16721,59,0,0,0,0,0,8,470,5,43,0,0,0,0,0,0,0,0,0,0,0,0,0,0,0,0,0,0,0,0,0,0,8044,17219,0,0,0,0
11607.470,17147,58,0,0,0,0,0,8,535,5,43,0,0,0,0,0,0,0,0,0,0,0,0,0,0,0,0,0,0,0,0,0,0,7996,16108,0,0,0,0
11623.878,16408,60,0,0,0,0,0,8,527,5,43,0,0,0,0,0,0,0,0,0,0,0,0,0,0,0,0,0,0,0,0,0,0,8882,17907,0,0,0,0
11641.344,17456,57,0,0,0,0,0,8,473,5,43,0,0,0,0,0,0,0,0,0,0,0,0,0,0,0,0,0,0,0,0,0,0,8789,16393,0,0,0,0
11657.081,15746,63,0,0,0,0,0,8,521,5,43,0,0,0,0,0,0,0,0,0,0,0,0,0,0,0,0,0,0,0,0,0,0,7747,16362,0,0,0,0
11673.893,16812,59,0,0,0,0,0,8,495,5,43,0,0,0,0,0,0,0,0,0,0,0,0,0,0,0,0,0,0,0,0,0,0,7797,15974,0,0,0,0
11691.331,17437,57,0,0,0,0,0,8,472,5,43,0,0,0,0,0,0,0,0,0,0,0,0,0,0,0,0,0,0,0,0,0,0,9148,18010,0,0,0,0
11707.039,15707,63,0,0,0,0,0,8,530,5,43,0,0,0,0,0,0,0,0,0,0,0,0,0,0,0,0,0,0,0,0,0,0,8957,17301,0,0,0,0
11723.852,16813,59,0,0,0,0,0,8,535,5,43,0,0,0,0,0,0,0,0,0,0,0,0,0,0,0,0,0,0,0,0,0,0,9014,15696,0,0,0,0
11740.459,16606,60,0,0,0,0,0,8,470,5,43,0,0,0,0,0,0,0,0,0,0,0,0,0,0,0,0,0,0,0,0,0,0,9030,16943,0,0,0,0
11757.464,17005,58,0,0,0,0,0,8,500,5,43,0,0,0,0,0,0,0,0,0,0,0,0,0,0,0,0,0,0,0,0,0,0,8886,16383,0,0,0,0
11773.375,15911,62,0,0,0,0,0,8,509,5,43,0,0,0,0,0,0,0,0,0,0,0,0,0,0,0,0,0,0,0,0,0,0,9147,17298,0,0,0,0
11790.041,16665,60,0,0,0,0,0,8,492,5,43,0,0,0,0,0,0,0,0,0,0,0,0,0,0,0,0,0,0,0,0,0,0,8912,15706,0,0,0,0
11807.007,16965,58,0,0,0,0,0,8,530,5,43,0,0,0,0,0,0,0,0,0,0,0,0,0,0,0,0,0,0,0,0,0,0,7860,15495,0,0,0,0
11824.846,17839,56,0,0,0,0,0,8,506,5,43,0,0,0,0,0,0,0,0,0,0,0,0,0,0,0,0,0,0,0,0,0,0,7877,16949,0,0,0,0
11840.002,15156,65,0,0,0,0,0,8,468,5,43,0,0,0,0,0,0,0,0,0,0,0,0,0,0,0,0,0,0,0,0,0,0,7771,17895,0,0,0,0
11857.387,17374,57,0,0,0,0,0,8,530,5,43,0,0,0,0,0,0,0,0,0,0,0,0,0,0,0,0,0,0,0,0,0,0,7627,15233,0,0,0,0
11873.848,16471,60,0,0,0,0,0,8,492,5,43,0,0,0,0,0,0,0,0,0,0,0,0,0,0,0,0,0,0,0,0,0,0,7876,17286,0,0,0,0
11890.677,16828,59,0,0,0,0,0,8,505,5,43,0,0,0,0,0,0,0,0,0,0,0,0,0,0,0,0,0,0,0,0,0,0,7859,16962,0,0,0,0
11907.041,16363,61,0,0,0,0,0,8,498,5,43,0,0,0,0,0,0,0,0,0,0,0,0,0,0,0,0,0,0,0,0,0,0,7675,16211,0,0,0,0
11924.224,17183,58,0,0,0,0,0,8,536,5,43,0,0,0,0,0,0,0,0,0,0,0,0,0,0,0,0,0,0,0,0,0,0,7666,16255,0,0,0,0
11940.646,16422,60,0,0,0,0,0,8,471,5,43,0,0,0,0,0,0,0,0,0,0,0,0,0,0,0,0,0,0,0,0,0,0,7842,17419,0,0,0,0
11957.333,16686,59,0,0,0,0,0,8,599,5,43,0,0,0,0,0,0,0,0,0,0,0,0,0,0,0,0,0,0,0,0,0,0,9226,17920,0,0,0,0
11973.760,16426,60,0,0,0,0,0,8,499,5,43,0,0,0,0,0,0,0,0,0,0,0,0,0,0,0,0,0,0,0,0,0,0,9015,16421,0,0,0,0
11990.334,16573,60,0,0,0,0,0,8,470,5,43,0,0,0,0,0,0,0,0,0,0,0,0,0,0,0,0,0,0,0,0,0,0,9051,16940,0,0,0,0
12006.537,16203,61,0,0,0,0,0,8,531,5,43,0,0,0,0,0,0,0,0,0,0,0,0,0,0,0,0,0,0,0,0,0,0,8929,15967,0,0,0,0
12023.840,17302,57,0,0,0,0,0,8,507,5,43,0,0,0,0,0,0,0,0,0,0,0,0,0,0,0,0,0,0,0,0,0,0,9298,16774,0,0,0,0
12040.546,16706,59,0,0,0,0,0,8,497,5,43,0,0,0,0,0,0,0,0,0,0,0,0,0,0,0,0,0,0,0,0,0,0,8970,17100,0,0,0,0
12057.320,16774,59,0,0,0,0,0,8,533,5,43,0,0,0,0,0,0,0,0,0,0,0,0,0,0,0,0,0,0,0,0,0,0,9325,16693,0,0,0,0
12073.154,15834,63,0,0,0,0,0,8,435,5,43,0,0,0,0,0,0,0,0,0,0,0,0,0,0,0,0,0,0,0,0,0,0,8915,16481,0,0,0,0
12090.454,17299,57,0,0,0,0,0,8,536,5,43,0,0,0,0,0,0,0,0,0,0,0,0,0,0,0,0,0,0,0,0,0,0,8831,15629,0,0,0,0
12107.453,16998,58,0,0,0,0,0,8,527,5,43,0,0,0,0,0,0,0,0,0,0,0,0,0,0,0,0,0,0,0,0,0,0,9254,17668,0,0,0,0
12123.906,16453,60,0,0,0,0,0,8,508,5,43,0,0,0,0,0,0,0,0,0,0,0,0,0,0,0,0,0,0,0,0,0,0,9182,17007,0,0,0,0
12140.456,16549,60,0,0,0,0,0,8,494,5,43,0,0,0,0,0,0,0,0,0,0,0,0,0,0,0,0,0,0,0,0,0,0,9082,16660,0,0,0,0
12156.603,16146,61,0,0,0,0,0,8,502,5,43,0,0,0,0,0,0,0,0,0,0,0,0,0,0,0,0,0,0,0,0,0,0,7891,15039,0,0,0,0
12174.318,17715,56,0,0,0,0,0,8,498,5,43,0,0,0,0,0,0,0,0,0,0,0,0,0,0,0,0,0,0,0,0,0,0,8387,16659,0,0,0,0
12190.464,16145,61,0,0,0,0,0,8,503,5,43,0,0,0,0,0,0,0,0,0,0,0,0,0,0,0,0,0,0,0,0,0,0,8044,17456,0,0,0,0
12206.483,16019,62,0,0,0,0,0,8,528,5,43,0,0,0,0,0,0,0,0,0,0,0,0,0,0,0,0,0,0,0,0,0,0,7908,15908,0,0,0,0
12223.888,17405,57,0,0,0,0,0,8,507,5,43,0,0,0,0,0,0,0,0,0,0,0,0,0,0,0,0,0,0,0,0,0,0,8176,16528,0,0,0,0
12240.455,16566,60,0,0,0,0,0,8,470,5,43,0,0,0,0,0,0,0,0,0,0,0,0,0,0,0,0,0,0,0,0,0,0,9315,18375,0,0,0,0
12257.004,16549,60,0,0,0,0,0,8,525,5,43,0,0,0,0,0,0,0,0,0,0,0,0,0,0,0,0,0,0,0,0,0,0,9226,16337,0,0,0,0
12273.873,16868,59,0,0,0,0,0,8,533,5,43,0,0,0,0,0,0,0,0,0,0,0,0,0,0,0,0,0,0,0,0,0,0,9306,16602,0,0,0,0
12289.974,16101,62,0,0,0,0,0,8,469,5,43,0,0,0,0,0,0,0,0,0,0,0,0,0,0,0,0,0,0,0,0,0,0,9290,16973,0,0,0,0
12307.295,17320,57,0,0,0,0,0,8,504,5,43,0,0,0,0,0,0,0,0,0,0,0,0,0,0,0,0,0,0,0,0,0,0,9218,16375,0,0,0,0
12323.838,16542,60,0,0,0,0,0,8,504,5,43,0,0,0,0,0,0,0,0,0,0,0,0,0,0,0,0,0,0,0,0,0,0,9314,17004,0,0,0,0
12340.652,16814,59,0,0,0,0,0,8,498,5,43,0,0,0,0,0,0,0,0,0,0,0,0,0,0,0,0,0,0,0,0,0,0,9288,17072,0,0,0,0
12356.554,15902,62,0,0,0,0,0,8,531,5,43,0,0,0,0,0,0,0,0,0,0,0,0,0,0,0,0,0,0,0,0,0,0,7936,14989,0,0,0,0
12374.316,17761,56,0,0,0,0,0,8,501,5,43,0,0,0,0,0,0,0,0,0,0,0,0,0,0,0,0,0,0,0,0,0,0,8087,16035,0,0,0,0
12390.463,16147,61,0,0,0,0,0,8,466,5,43,0,0,0,0,0,0,0,0,0,0,0,0,0,0,0,0,0,0,0,0,0,0,8106,17851,0,0,0,0
12406.997,16533,60,0,0,0,0,0,8,524,5,43,0,0,0,0,0,0,0,0,0,0,0,0,0,0,0,0,0,0,0,0,0,0,8105,16062,0,0,0,0
12424.319,17322,57,0,0,0,0,0,8,495,5,43,0,0,0,0,0,0,0,0,0,0,0,0,0,0,0,0,0,0,0,0,0,0,8006,16357,0,0,0,0
12440.613,16293,61,0,0,0,0,0,8,504,5,43,0,0,0,0,0,0,0,0,0,0,0,0,0,0,0,0,0,0,0,0,0,0,7941,17436,0,0,0,0
12456.498,15885,62,0,0,0,0,0,8,525,5,43,0,0,0,0,0,0,0,0,0,0,0,0,0,0,0,0,0,0,0,0,0,0,8155,16319,0,0,0,0
12474.849,18350,54,0,0,0,0,0,8,506,5,43,0,0,0,0,0,0,0,0,0,0,0,0,0,0,0,0,0,0,0,0,0,0,8135,15955,0,0,0,0
12490.328,15478,64,0,0,0,0,0,8,463,5,43,0,0,0,0,0,0,0,0,0,0,0,0,0,0,0,0,0,0,0,0,0,0,8026,18224,0,0,0,0
12506.998,16670,59,0,0,0,0,0,8,528,5,43,0,0,0,0,0,0,0,0,0,0,0,0,0,0,0,0,0,0,0,0,0,0,7977,15474,0,0,0,0
12524.042,17044,58,0,0,0,0,0,8,515,5,43,0,0,0,0,0,0,0,0,0,0,0,0,0,0,0,0,0,0,0,0,0,0,8104,16666,0,0,0,0
12540.619,16577,60,0,0,0,0,0,8,491,5,43,0,0,0,0,0,0,0,0,0,0,0,0,0,0,0,0,0,0,0,0,0,0,8046,17245,0,0,0,0
12557.066,16446,60,0,0,0,0,0,8,501,5,43,0,0,0,0,0,0,0,0,0,0,0,0,0,0,0,0,0,0,0,0,0,0,8034,16973,0,0,0,0
12573.843,16777,59,0,0,0,0,0,8,494,5,43,0,0,0,0,0,0,0,0,0,0,0,0,0,0,0,0,0,0,0,0,0,0,7988,15946,0,0,0,0
12591.316,17472,57,0,0,0,0,0,8,503,5,43,0,0,0,0,0,0,0,0,0,0,0,0,0,0,0,0,0,0,0,0,0,0,8112,16667,0,0,0,0
12607.454,16137,61,0,0,0,0,0,8,529,5,43,0,0,0,0,0,0,0,0,0,0,0,0,0,0,0,0,0,0,0,0,0,0,8016,17437,0,0,0,0
12624.079,16625,60,0,0,0,0,0,8,501,5,43,0,0,0,0,0,0,0,0,0,0,0,0,0,0,0,0,0,0,0,0,0,0,9273,17367,0,0,0,0
12641.319,17239,58,0,0,0,0,0,8,473,5,43,0,0,0,0,0,0,0,0,0,0,0,0,0,0,0,0,0,0,0,0,0,0,9199,16934,0,0,0,0
12657.033,15714,63,0,0,0,0,0,8,526,5,43,0,0,0,0,0,0,0,0,0,0,0,0,0,0,0,0,0,0,0,0,0,0,7509,15120,0,0,0,0
12673.837,16804,59,0,0,0,0,0,8,494,5,43,0,0,0,0,0,0,0,0,0,0,0,0,0,0,0,0,0,0,0,0,0,0,2586,10816,0,0,0,0
12690.451,16614,60,0,0,0,0,0,8,65592,5,44,0,0,0,0,0,0,0,0,0,0,0,0,0,0,0,0,0,0,0,0,0,0,717,14918,0,0,0,0
12707.360,16908,59,0,0,0,0,0,8,66364,5,44,0,0,0,0,0,0,0,0,0,0,0,0,0,0,0,0,0,0,0,0,0,0,227,16202,0,0,0,0
12723.341,15980,62,0,0,0,0,0,8,6367,5,44,0,0,0,0,0,0,0,0,0,0,0,0,0,0,0,0,0,0,0,0,0,0,240,17028,0,0,0,0
12741.315,17974,55,0,0,0,0,0,8,7369,5,44,0,0,0,0,0,0,0,0,0,0,0,0,0,0,0,0,0,0,0,0,0,0,225,15806,0,0,0,0
12757.017,15702,63,0,0,0,0,0,8,6502,5,44,0,0,0,0,0,0,0,0,0,0,0,0,0,0,0,0,0,0,0,0,0,0,232,17956,0,0,0,0
12773.323,16305,61,0,0,0,0,0,8,6676,5,44,0,0,0,0,0,0,0,0,0,0,0,0,0,0,0,0,0,0,0,0,0,0,222,15701,0,0,0,0
12790.449,17126,58,0,0,0,0,0,8,7021,5,44,0,0,0,0,0,0,0,0,0,0,0,0,0,0,0,0,0,0,0,0,0,0,219,16360,0,0,0,0
12806.875,16425,60,0,0,0,0,0,8,6787,5,44,0,0,0,0,0,0,0,0,0,0,0,0,0,0,0,0,0,0,0,0,0,0,231,17143,0,0,0,0
12824.316,17440,57,0,0,0,0,0,8,7129,5,44,0,0,0,0,0,0,0,0,0,0,0,0,0,0,0,0,0,0,0,0,0,0,229,16420,0,0,0,0
12840.847,16531,60,0,0,0,0,0,8,6786,5,44,0,0,0,0,0,0,0,0,0,0,0,0,0,0,0,0,0,0,0,0,0,0,240,17529,0,0,0,0
12856.998,16151,61,0,0,0,0,0,8,6665,5,44,0,0,0,0,0,0,0,0,0,0,0,0,0,0,0,0,0,0,0,0,0,0,215,16386,0,0,0,0
12873.865,16866,59,0,0,0,0,0,8,6911,5,44,0,0,0,0,0,0,0,0,0,0,0,0,0,0,0,0,0,0,0,0,0,0,218,16176,0,0,0,0
12890.459,16593,60,0,0,0,0,0,8,6770,5,44,0,0,0,0,0,0,0,0,0,0,0,0,0,0,0,0,0,0,0,0,0,0,224,16919,0,0,0,0
12906.930,16471,60,0,0,0,0,0,8,6772,5,44,0,0,0,0,0,0,0,0,0,0,0,0,0,0,0,0,0,0,0,0,0,0,258,17468,0,0,0,0
12923.334,16403,60,0,0,0,0,0,8,6715,5,44,0,0,0,0,0,0,0,0,0,0,0,0,0,0,0,0,0,0,0,0,0,0,232,15575,0,0,0,0
12939.910,16576,60,0,0,0,0,0,8,6810,5,44,0,0,0,0,0,0,0,0,0,0,0,0,0,0,0,0,0,0,0,0,0,0,233,16369,0,0,0,0
12957.004,17093,58,0,0,0,0,0,8,7000,5,44,0,0,0,0,0,0,0,0,0,0,0,0,0,0,0,0,0,0,0,0,0,0,226,16955,0,0,0,0
12973.323,16319,61,0,0,0,0,0,8,5047,5,44,0,0,0,0,0,0,0,0,0,0,0,0,0,0,0,0,0,0,0,0,0,0,229,16738,0,0,0,0
12990.591,17267,57,0,0,0,0,0,8,3107,5,44,0,0,0,0,0,0,0,0,0,0,0,0,0,0,0,0,0,0,0,0,0,0,246,16364,0,0,0,0
13007.843,17252,57,0,0,0,0,0,8,3231,5,44,0,0,0,0,0,0,0,0,0,0,0,0,0,0,0,0,0,0,0,0,0,0,216,17148,0,0,0,0
13023.321,15477,64,0,0,0,0,0,8,2798,5,44,0,0,0,0,0,0,0,0,0,0,0,0,0,0,0,0,0,0,0,0,0,0,228,17316,0,0,0,0
13040.621,17299,57,0,0,0,0,0,8,3250,5,44,0,0,0,0,0,0,0,0,0,0,0,0,0,0,0,0,0,0,0,0,0,0,232,15514,0,0,0,0
13056.880,16258,61,0,0,0,0,0,8,2953,5,44,0,0,0,0,0,0,0,0,0,0,0,0,0,0,0,0,0,0,0,0,0,0,232,17287,0,0,0,0
13074.316,17436,57,0,0,0,0,0,8,3276,5,44,0,0,0,0,0,0,0,0,0,0,0,0,0,0,0,0,0,0,0,0,0,0,212,16130,0,0,0,0
13090.594,16278,61,0,0,0,0,0,8,2945,5,44,0,0,0,0,0,0,0,0,0,0,0,0,0,0,0,0,0,0,0,0,0,0,234,17592,0,0,0,0
13106.903,16308,61,0,0,0,0,0,8,2179,5,44,0,0,0,0,0,0,0,0,0,0,0,0,0,0,0,0,0,0,0,0,0,0,234,16198,0,0,0,0
13124.839,17936,55,0,0,0,0,0,8,32555,5,45,0,0,0,0,0,0,0,0,0,0,0,0,0,0,0,0,0,0,0,0,0,0,4076,20122,0,0,0,0
13140.652,15812,63,0,0,0,0,0,8,50511,5,45,0,0,0,0,0,0,0,0,0,0,0,0,0,0,0,0,0,0,0,0,0,0,230,14264,0,0,0,0
13157.014,16361,61,0,0,0,0,0,8,66956,5,45,0,0,0,0,0,0,0,0,0,0,0,0,0,0,0,0,0,0,0,0,0,0,0,0,0,0,0,0
13273.562,116548,8,0,0,0,0,0,8,503783,17,45,0,0,0,0,0,0,0,0,0,0,0,0,0,0,0,0,0,0,0,0,0,0,131405,146988,0,0,0,0
13290.369,16806,59,0,0,0,0,0,8,828,5,45,0,0,0,0,0,0,0,0,0,0,0,0,0,0,0,0,0,0,0,0,0,0,193,956,0,0,0,0
13307.448,17078,58,0,0,0,0,0,8,530,5,45,0,0,0,0,0,0,0,0,0,0,0,0,0,0,0,0,0,0,0,0,0,0,234,17909,0,0,0,0
13323.834,16385,61,0,0,0,0,0,8,526,5,45,0,0,0,0,0,0,0,0,0,0,0,0,0,0,0,0,0,0,0,0,0,0,245,16718,0,0,0,0
13340.415,16581,60,0,0,0,0,0,8,465,5,45,0,0,0,0,0,0,0,0,0,0,0,0,0,0,0,0,0,0,0,0,0,0,238,16397,0,0,0,0
13357.005,16590,60,0,0,0,0,0,8,490,5,45,0,0,0,0,0,0,0,0,0,0,0,0,0,0,0,0,0,0,0,0,0,0,229,16877,0,0,0,0
13373.972,16966,58,0,0,0,0,0,8,532,5,45,0,0,0,0,0,0,0,0,0,0,0,0,0,0,0,0,0,0,0,0,0,0,235,16209,0,0,0,0
13390.447,16475,60,0,0,0,0,0,8,464,5,45,0,0,0,0,0,0,0,0,0,0,0,0,0,0,0,0,0,0,0,0,0,0,238,17280,0,0,0,0
13407.473,17026,58,0,0,0,0,0,8,527,5,45,0,0,0,0,0,0,0,0,0,0,0,0,0,0,0,0,0,0,0,0,0,0,223,16199,0,0,0,0
13423.829,16356,61,0,0,0,0,0,8,486,5,45,0,0,0,0,0,0,0,0,0,0,0,0,0,0,0,0,0,0,0,0,0,0,231,16981,0,0,0,0
13440.447,16618,60,0,0,0,0,0,8,477,5,45,0,0,0,0,0,0,0,0,0,0,0,0,0,0,0,0,0,0,0,0,0,0,214,16320,0,0,0,0
13457.093,16645,60,0,0,0,0,0,8,528,5,45,0,0,0,0,0,0,0,0,0,0,0,0,0,0,0,0,0,0,0,0,0,0,216,16673,0,0,0,0
13473.827,16734,59,0,0,0,0,0,8,502,5,45,0,0,0,0,0,0,0,0,0,0,0,0,0,0,0,0,0,0,0,0,0,0,242,16645,0,0,0,0
13490.447,16620,60,0,0,0,0,0,8,494,5,45,0,0,0,0,0,0,0,0,0,0,0,0,0,0,0,0,0,0,0,0,0,0,213,17076,0,0,0,0
13507.368,16920,59,0,0,0,0,0,8,485,5,45,0,0,0,0,0,0,0,0,0,0,0,0,0,0,0,0,0,0,0,0,0,0,233,17095,0,0,0,0
13524.050,16682,59,0,0,0,0,0,8,496,5,45,0,0,0,0,0,0,0,0,0,0,0,0,0,0,0,0,0,0,0,0,0,0,244,16157,0,0,0,0
13540.448,16397,60,0,0,0,0,0,8,505,5,45,0,0,0,0,0,0,0,0,0,0,0,0,0,0,0,0,0,0,0,0,0,0,230,16775,0,0,0,0
13557.468,17020,58,0,0,0,0,0,8,525,5,45,0,0,0,0,0,0,0,0,0,0,0,0,0,0,0,0,0,0,0,0,0,0,234,16255,0,0,0,0
13574.312,16844,59,0,0,0,0,0,8,509,5,45,0,0,0,0,0,0,0,0,0,0,0,0,0,0,0,0,0,0,0,0,0,0,241,17011,0,0,0,0
13590.596,16283,61,0,0,0,0,0,8,453,5,45,0,0,0,0,0,0,0,0,0,0,0,0,0,0,0,0,0,0,0,0,0,0,228,16928,0,0,0,0
13607.440,16844,59,0,0,0,0,0,8,529,5,45,0,0,0,0,0,0,0,0,0,0,0,0,0,0,0,0,0,0,0,0,0,0,226,16199,0,0,0,0
13623.906,16465,60,0,0,0,0,0,8,530,5,45,0,0,0,0,0,0,0,0,0,0,0,0,0,0,0,0,0,0,0,0,0,0,239,16849,0,0,0,0
13640.816,16910,59,0,0,0,0,0,8,464,5,45,0,0,0,0,0,0,0,0,0,0,0,0,0,0,0,0,0,0,0,0,0,0,240,16470,0,0,0,0
13657.031,16214,61,0,0,0,0,0,8,526,5,45,0,0,0,0,0,0,0,0,0,0,0,0,0,0,0,0,0,0,0,0,0,0,234,16921,0,0,0,0
13673.863,16832,59,0,0,0,0,0,8,497,5,45,0,0,0,0,0,0,0,0,0,0,0,0,0,0,0,0,0,0,0,0,0,0,229,16170,0,0,0,0
13690.444,16581,60,0,0,0,0,0,8,465,5,45,0,0,0,0,0,0,0,0,0,0,0,0,0,0,0,0,0,0,0,0,0,0,236,16917,0,0,0,0
13707.454,16999,58,0,0,0,0,0,8,529,5,45,0,0,0,0,0,0,0,0,0,0,0,0,0,0,0,0,0,0,0,0,0,0,229,16525,0,0,0,0
13723.575,16131,61,0,0,0,0,0,8,490,5,45,0,0,0,0,0,0,0,0,0,0,0,0,0,0,0,0,0,0,0,0,0,0,244,17031,0,0,0,0
13740.336,16760,59,0,0,0,0,0,8,502,5,45,0,0,0,0,0,0,0,0,0,0,0,0,0,0,0,0,0,0,0,0,0,0,263,16161,0,0,0,0
13756.610,16273,61,0,0,0,0,0,8,491,5,45,0,0,0,0,0,0,0,0,0,0,0,0,0,0,0,0,0,0,0,0,0,0,239,16708,0,0,0,0
13773.914,17303,57,0,0,0,0,0,8,532,5,45,0,0,0,0,0,0,0,0,0,0,0,0,0,0,0,0,0,0,0,0,0,0,218,16199,0,0,0,0
13790.649,16735,59,0,0,0,0,0,8,466,5,45,0,0,0,0,0,0,0,0,0,0,0,0,0,0,0,0,0,0,0,0,0,0,236,17693,0,0,0,0
13807.002,16352,61,0,0,0,0,0,8,525,5,45,0,0,0,0,0,0,0,0,0,0,0,0,0,0,0,0,0,0,0,0,0,0,225,16329,0,0,0,0
13824.301,17298,57,0,0,0,0,0,8,477,5,45,0,0,0,0,0,0,0,0,0,0,0,0,0,0,0,0,0,0,0,0,0,0,231,16684,0,0,0,0
13840.442,16141,61,0,0,0,0,0,8,483,5,45,0,0,0,0,0,0,0,0,0,0,0,0,0,0,0,0,0,0,0,0,0,0,205,16937,0,0,0,0
13857.356,16914,59,0,0,0,0,0,8,525,5,45,0,0,0,0,0,0,0,0,0,0,0,0,0,0,0,0,0,0,0,0,0,0,226,16265,0,0,0,0
13873.429,16072,62,0,0,0,0,0,8,503,5,45,0,0,0,0,0,0,0,0,0,0,0,0,0,0,0,0,0,0,0,0,0,0,229,16921,0,0,0,0
13889.831,16402,60,0,0,0,0,0,8,479,5,45,0,0,0,0,0,0,0,0,0,0,0,0,0,0,0,0,0,0,0,0,0,0,227,16862,0,0,0,0
13907.302,17471,57,0,0,0,0,0,8,502,5,45,0,0,0,0,0,0,0,0,0,0,0,0,0,0,0,0,0,0,0,0,0,0,230,15681,0,0,0,0
13923.502,16199,61,0,0,0,0,0,8,502,5,45,0,0,0,0,0,0,0,0,0,0,0,0,0,0,0,0,0,0,0,0,0,0,227,17376,0,0,0,0
13941.324,17821,56,0,0,0,0,0,8,485,5,45,0,0,0,0,0,0,0,0,0,0,0,0,0,0,0,0,0,0,0,0,0,0,248,16483,0,0,0,0
13957.442,16117,62,0,0,0,0,0,8,539,5,45,0,0,0,0,0,0,0,0,0,0,0,0,0,0,0,0,0,0,0,0,0,0,229,17704,0,0,0,0
13974.044,16602,60,0,0,0,0,0,8,531,5,45,0,0,0,0,0,0,0,0,0,0,0,0,0,0,0,0,0,0,0,0,0,0,240,16005,0,0,0,0
13990.495,16451,60,0,0,0,0,0,8,434,5,45,0,0,0,0,0,0,0,0,0,0,0,0,0,0,0,0,0,0,0,0,0,0,231,16760,0,0,0,0
14007.363,16868,59,0,0,0,0,0,8,534,5,45,0,0,0,0,0,0,0,0,0,0,0,0,0,0,0,0,0,0,0,0,0,0,227,16213,0,0,0,0
14024.309,16946,59,0,0,0,0,0,8,496,5,45,0,0,0,0,0,0,0,0,0,0,0,0,0,0,0,0,0,0,0,0,0,0,232,16898,0,0,0,0
14040.832,16522,60,0,0,0,0,0,8,497,5,45,0,0,0,0,0,0,0,0,0,0,0,0,0,0,0,0,0,0,0,0,0,0,214,16925,0,0,0,0
14057.028,16195,61,0,0,0,0,0,8,532,5,45,0,0,0,0,0,0,0,0,0,0,0,0,0,0,0,0,0,0,0,0,0,0,232,16515,0,0,0,0
14074.313,17285,57,0,0,0,0,0,8,469,5,45,0,0,0,0,0,0,0,0,0,0,0,0,0,0,0,0,0,0,0,0,0,0,238,16207,0,0,0,0
14090.587,16274,61,0,0,0,0,0,8,496,5,45,0,0,0,0,0,0,0,0,0,0,0,0,0,0,0,0,0,0,0,0,0,0,231,17369,0,0,0,0
14107.436,16848,59,0,0,0,0,0,8,529,5,45,0,0,0,0,0,0,0,0,0,0,0,0,0,0,0,0,0,0,0,0,0,0,229,16205,0,0,0,0
14123.310,15873,62,0,0,0,0,0,8,458,5,45,0,0,0,0,0,0,0,0,0,0,0,0,0,0,0,0,0,0,0,0,0,0,253,16900,0,0,0,0
14140.387,17077,58,0,0,0,0,0,8,530,5,45,0,0,0,0,0,0,0,0,0,0,0,0,0,0,0,0,0,0,0,0,0,0,249,15875,0,0,0,0
14156.891,16504,60,0,0,0,0,0,8,489,5,45,0,0,0,0,0,0,0,0,0,0,0,0,0,0,0,0,0,0,0,0,0,0,219,16977,0,0,0,0
14174.302,17410,57,0,0,0,0,0,8,498,5,45,0,0,0,0,0,0,0,0,0,0,0,0,0,0,0,0,0,0,0,0,0,0,236,16551,0,0,0,0
14190.393,16090,62,0,0,0,0,0,8,496,5,45,0,0,0,0,0,0,0,0,0,0,0,0,0,0,0,0,0,0,0,0,0,0,235,17489,0,0,0,0
14206.996,16602,60,0,0,0,0,0,8,525,5,45,0,0,0,0,0,0,0,0,0,0,0,0,0,0,0,0,0,0,0,0,0,0,210,15984,0,0,0,0
14224.317,17321,57,0,0,0,0,0,8,500,5,45,0,0,0,0,0,0,0,0,0,0,0,0,0,0,0,0,0,0,0,0,0,0,233,16608,0,0,0,0
14240.372,16054,62,0,0,0,0,0,8,462,5,45,0,0,0,0,0,0,0,0,0,0,0,0,0,0,0,0,0,0,0,0,0,0,222,17249,0,0,0,0
14257.302,16930,59,0,0,0,0,0,8,529,5,45,0,0,0,0,0,0,0,0,0,0,0,0,0,0,0,0,0,0,0,0,0,0,224,16120,0,0,0,0
14274.299,16997,58,0,0,0,0,0,8,493,5,45,0,0,0,0,0,0,0,0,0,0,0,0,0,0,0,0,0,0,0,0,0,0,227,16963,0,0,0,0
14290.550,16250,61,0,0,0,0,0,8,495,5,45,0,0,0,0,0,0,0,0,0,0,0,0,0,0,0,0,0,0,0,0,0,0,246,17077,0,0,0,0
14307.357,16807,59,0,0,0,0,0,8,493,5,45,0,0,0,0,0,0,0,0,0,0,0,0,0,0,0,0,0,0,0,0,0,0,230,16148,0,0,0,0
14323.797,16439,60,0,0,0,0,0,8,530,5,45,0,0,0,0,0,0,0,0,0,0,0,0,0,0,0,0,0,0,0,0,0,0,252,16901,0,0,0,0
14340.627,16830,59,0,0,0,0,0,8,470,5,45,0,0,0,0,0,0,0,0,0,0,0,0,0,0,0,0,0,0,0,0,0,0,234,16359,0,0,0,0
14357.437,16810,59,0,0,0,0,0,8,526,5,45,0,0,0,0,0,0,0,0,0,0,0,0,0,0,0,0,0,0,0,0,0,0,238,16855,0,0,0,0
14373.554,16116,62,0,0,0,0,0,8,502,5,45,0,0,0,0,0,0,0,0,0,0,0,0,0,0,0,0,0,0,0,0,0,0,236,16811,0,0,0,0
14390.633,17079,58,0,0,0,0,0,8,462,5,45,0,0,0,0,0,0,0,0,0,0,0,0,0,0,0,0,0,0,0,0,0,0,231,16781,0,0,0,0
14406.995,16361,61,0,0,0,0,0,8,521,5,45,0,0,0,0,0,0,0,0,0,0,0,0,0,0,0,0,0,0,0,0,0,0,248,16374,0,0,0,0
14424.119,17124,58,0,0,0,0,0,8,533,5,45,0,0,0,0,0,0,0,0,0,0,0,0,0,0,0,0,0,0,0,0,0,0,241,16367,0,0,0,0
14440.434,16315,61,0,0,0,0,0,8,467,5,45,0,0,0,0,0,0,0,0,0,0,0,0,0,0,0,0,0,0,0,0,0,0,225,17062,0,0,0,0
14456.505,16071,62,0,0,0,0,0,8,522,5,45,0,0,0,0,0,0,0,0,0,0,0,0,0,0,0,0,0,0,0,0,0,0,220,16404,0,0,0,0
14474.146,17640,56,0,0,0,0,0,8,500,5,45,0,0,0,0,0,0,0,0,0,0,0,0,0,0,0,0,0,0,0,0,0,0,216,15958,0,0,0,0
14490.591,16445,60,0,0,0,0,0,8,460,5,45,0,0,0,0,0,0,0,0,0,0,0,0,0,0,0,0,0,0,0,0,0,0,246,17853,0,0,0,0
14507.305,16713,59,0,0,0,0,0,8,525,5,45,0,0,0,0,0,0,0,0,0,0,0,0,0,0,0,0,0,0,0,0,0,0,220,16397,0,0,0,0
14523.836,16531,60,0,0,0,0,0,8,528,5,45,0,0,0,0,0,0,0,0,0,0,0,0,0,0,0,0,0,0,0,0,0,0,260,16710,0,0,0,0
14540.829,16992,58,0,0,0,0,0,8,466,5,45,0,0,0,0,0,0,0,0,0,0,0,0,0,0,0,0,0,0,0,0,0,0,230,16515,0,0,0,0
14557.435,16605,60,0,0,0,0,0,8,495,5,45,0,0,0,0,0,0,0,0,0,0,0,0,0,0,0,0,0,0,0,0,0,0,248,16921,0,0,0,0
14574.298,16863,59,0,0,0,0,0,8,494,5,45,0,0,0,0,0,0,0,0,0,0,0,0,0,0,0,0,0,0,0,0,0,0,234,16656,0,0,0,0
14590.520,16221,61,0,0,0,0,0,8,498,5,45,0,0,0,0,0,0,0,0,0,0,0,0,0,0,0,0,0,0,0,0,0,0,233,16903,0,0,0,0
14607.365,16845,59,0,0,0,0,0,8,520,5,45,0,0,0,0,0,0,0,0,0,0,0,0,0,0,0,0,0,0,0,0,0,0,231,16153,0,0,0,0
14623.215,15849,63,0,0,0,0,0,8,492,5,45,0,0,0,0,0,0,0,0,0,0,0,0,0,0,0,0,0,0,0,0,0,0,240,16869,0,0,0,0
14640.547,17332,57,0,0,0,0,0,8,469,5,45,0,0,0,0,0,0,0,0,0,0,0,0,0,0,0,0,0,0,0,0,0,0,218,15829,0,0,0,0
14657.352,16805,59,0,0,0,0,0,8,526,5,45,0,0,0,0,0,0,0,0,0,0,0,0,0,0,0,0,0,0,0,0,0,0,237,17324,0,0,0,0
14673.956,16603,60,0,0,0,0,0,8,526,5,45,0,0,0,0,0,0,0,0,0,0,0,0,0,0,0,0,0,0,0,0,0,0,251,16815,0,0,0,0
14691.315,17358,57,0,0,0,0,0,8,466,5,45,0,0,0,0,0,0,0,0,0,0,0,0,0,0,0,0,0,0,0,0,0,0,231,16884,0,0,0,0
14707.021,15705,63,0,0,0,0,0,8,491,5,45,0,0,0,0,0,0,0,0,0,0,0,0,0,0,0,0,0,0,0,0,0,0,246,17110,0,0,0,0
14723.919,16898,59,0,0,0,0,0,8,528,5,45,0,0,0,0,0,0,0,0,0,0,0,0,0,0,0,0,0,0,0,0,0,0,248,15695,0,0,0,0
14740.430,16510,60,0,0,0,0,0,8,454,5,45,0,0,0,0,0,0,0,0,0,0,0,0,0,0,0,0,0,0,0,0,0,0,221,17175,0,0,0,0
14757.041,16611,60,0,0,0,0,0,8,530,5,45,0,0,0,0,0,0,0,0,0,0,0,0,0,0,0,0,0,0,0,0,0,0,223,16533,0,0,0,0
14773.319,16277,61,0,0,0,0,0,8,462,5,45,0,0,0,0,0,0,0,0,0,0,0,0,0,0,0,0,0,0,0,0,0,0,233,16277,0,0,0,0
14791.299,17980,55,0,0,0,0,0,8,500,5,45,0,0,0,0,0,0,0,0,0,0,0,0,0,0,0,0,0,0,0,0,0,0,230,16278,0,0,0,0
14806.869,15569,64,0,0,0,0,0,8,522,5,45,0,0,0,0,0,0,0,0,0,0,0,0,0,0,0,0,0,0,0,0,0,0,262,18049,0,0,0,0
14823.930,17061,58,0,0,0,0,0,8,491,5,45,0,0,0,0,0,0,0,0,0,0,0,0,0,0,0,0,0,0,0,0,0,0,229,15833,0,0,0,0
14840.434,16503,60,0,0,0,0,0,8,493,5,45,0,0,0,0,0,0,0,0,0,0,0,0,0,0,0,0,0,0,0,0,0,0,229,17042,0,0,0,0
14857.303,16869,59,0,0,0,0,0,8,531,5,45,0,0,0,0,0,0,0,0,0,0,0,0,0,0,0,0,0,0,0,0,0,0,212,16194,0,0,0,0
14874.304,17000,58,0,0,0,0,0,8,462,5,45,0,0,0,0,0,0,0,0,0,0,0,0,0,0,0,0,0,0,0,0,0,0,233,16859,0,0,0,0
14890.301,15997,62,0,0,0,0,0,8,502,5,45,0,0,0,0,0,0,0,0,0,0,0,0,0,0,0,0,0,0,0,0,0,0,235,17097,0,0,0,0
14907.445,17130,58,0,0,0,0,0,8,530,5,45,0,0,0,0,0,0,0,0,0,0,0,0,0,0,0,0,0,0,0,0,0,0,227,15899,0,0,0,0
14924.309,16877,59,0,0,0,0,0,8,485,5,45,0,0,0,0,0,0,0,0,0,0,0,0,0,0,0,0,0,0,0,0,0,0,249,17160,0,0,0,0
14940.561,16251,61,0,0,0,0,0,8,496,5,45,0,0,0,0,0,0,0,0,0,0,0,0,0,0,0,0,0,0,0,0,0,0,261,16943,0,0,0,0
14957.436,16875,59,0,0,0,0,0,8,500,5,45,0,0,0,0,0,0,0,0,0,0,0,0,0,0,0,0,0,0,0,0,0,0,228,16069,0,0,0,0
14974.812,17375,57,0,0,0,0,0,8,527,5,45,0,0,0,0,0,0,0,0,0,0,0,0,0,0,0,0,0,0,0,0,0,0,244,17163,0,0,0,0
14991.292,16480,60,0,0,0,0,0,8,458,5,45,0,0,0,0,0,0,0,0,0,0,0,0,0,0,0,0,0,0,0,0,0,0,229,17265,0,0,0,0
15007.440,16148,61,0,0,0,0,0,8,524,5,45,0,0,0,0,0,0,0,0,0,0,0,0,0,0,0,0,0,0,0,0,0,0,231,16435,0,0,0,0
15024.023,16582,60,0,0,0,0,0,8,495,5,45,0,0,0,0,0,0,0,0,0,0,0,0,0,0,0,0,0,0,0,0,0,0,211,16880,0,0,0,0
15041.306,17283,57,0,0,0,0,0,8,462,5,45,0,0,0,0,0,0,0,0,0,0,0,0,0,0,0,0,0,0,0,0,0,0,214,16004,0,0,0,0
15057.371,16064,62,0,0,0,0,0,8,525,5,45,0,0,0,0,0,0,0,0,0,0,0,0,0,0,0,0,0,0,0,0,0,0,223,17085,0,0,0,0
15073.150,15773,63,0,0,0,0,0,8,500,5,45,0,0,0,0,0,0,0,0,0,0,0,0,0,0,0,0,0,0,0,0,0,0,235,16062,0,0,0,0
15090.828,17683,56,0,0,0,0,0,8,490,5,45,0,0,0,0,0,0,0,0,0,0,0,0,0,0,0,0,0,0,0,0,0,0,218,15831,0,0,0,0
15107.368,16539,60,0,0,0,0,0,8,495,5,45,0,0,0,0,0,0,0,0,0,0,0,0,0,0,0,0,0,0,0,0,0,0,247,17629,0,0,0,0
15123.857,16489,60,0,0,0,0,0,8,528,5,45,0,0,0,0,0,0,0,0,0,0,0,0,0,0,0,0,0,0,0,0,0,0,213,16537,0,0,0,0
15140.555,16698,59,0,0,0,0,0,8,466,5,45,0,0,0,0,0,0,0,0,0,0,0,0,0,0,0,0,0,0,0,0,0,0,229,16909,0,0,0,0
15157.300,16744,59,0,0,0,0,0,8,527,5,45,0,0,0,0,0,0,0,0,0,0,0,0,0,0,0,0,0,0,0,0,0,0,234,16299,0,0,0,0
15173.703,16402,60,0,0,0,0,0,8,528,5,45,0,0,0,0,0,0,0,0,0,0,0,0,0,0,0,0,0,0,0,0,0,0,219,16721,0,0,0,0
15191.308,17604,56,0,0,0,0,0,8,435,5,45,0,0,0,0,0,0,0,0,0,0,0,0,0,0,0,0,0,0,0,0,0,0,233,16463,0,0,0,0
15207.342,16034,62,0,0,0,0,0,8,518,5,45,0,0,0,0,0,0,0,0,0,0,0,0,0,0,0,0,0,0,0,0,0,0,237,17566,0,0,0,0
15223.769,16427,60,0,0,0,0,0,8,528,5,45,0,0,0,0,0,0,0,0,0,0,0,0,0,0,0,0,0,0,0,0,0,0,226,16028,0,0,0,0
15240.806,17036,58,0,0,0,0,0,8,465,5,45,0,0,0,0,0,0,0,0,0,0,0,0,0,0,0,0,0,0,0,0,0,0,250,16572,0,0,0,0
15257.297,16490,60,0,0,0,0,0,8,530,5,45,0,0,0,0,0,0,0,0,0,0,0,0,0,0,0,0,0,0,0,0,0,0,244,16876,0,0,0,0
15273.318,16021,62,0,0,0,0,0,8,429,5,45,0,0,0,0,0,0,0,0,0,0,0,0,0,0,0,0,0,0,0,0,0,0,241,16508,0,0,0,0
15290.810,17492,57,0,0,0,0,0,8,531,5,45,0,0,0,0,0,0,0,0,0,0,0,0,0,0,0,0,0,0,0,0,0,0,233,16010,0,0,0,0
15307.433,16622,60,0,0,0,0,0,8,530,5,45,0,0,0,0,0,0,0,0,0,0,0,0,0,0,0,0,0,0,0,0,0,0,264,17492,0,0,0,0
15323.746,16312,61,0,0,0,0,0,8,526,5,45,0,0,0,0,0,0,0,0,0,0,0,0,0,0,0,0,0,0,0,0,0,0,273,16720,0,0,0,0
15340.818,17072,58,0,0,0,0,0,8,466,5,45,0,0,0,0,0,0,0,0,0,0,0,0,0,0,0,0,0,0,0,0,0,0,238,16292,0,0,0,0
15357.297,16478,60,0,0,0,0,0,8,494,5,45,0,0,0,0,0,0,0,0,0,0,0,0,0,0,0,0,0,0,0,0,0,0,231,16952,0,0,0,0
15373.841,16544,60,0,0,0,0,0,8,527,5,45,0,0,0,0,0,0,0,0,0,0,0,0,0,0,0,0,0,0,0,0,0,0,246,16501,0,0,0,0
15390.654,16803,59,0,0,0,0,0,8,470,5,45,0,0,0,0,0,0,0,0,0,0,0,0,0,0,0,0,0,0,0,0,0,0,226,16618,0,0,0,0
15407.295,16650,60,0,0,0,0,0,8,525,5,45,0,0,0,0,0,0,0,0,0,0,0,0,0,0,0,0,0,0,0,0,0,0,241,16768,0,0,0,0
15423.832,16536,60,0,0,0,0,0,8,493,5,45,0,0,0,0,0,0,0,0,0,0,0,0,0,0,0,0,0,0,0,0,0,0,230,16626,0,0,0,0
15440.300,16469,60,0,0,0,0,0,8,467,5,45,0,0,0,0,0,0,0,0,0,0,0,0,0,0,0,0,0,0,0,0,0,0,249,16620,0,0,0,0
15457.342,17041,58,0,0,0,0,0,8,529,5,45,0,0,0,0,0,0,0,0,0,0,0,0,0,0,0,0,0,0,0,0,0,0,226,16364,0,0,0,0
15474.296,16954,58,0,0,0,0,0,8,497,5,45,0,0,0,0,0,0,0,0,0,0,0,0,0,0,0,0,0,0,0,0,0,0,239,17110,0,0,0,0
15490.806,16510,60,0,0,0,0,0,8,498,5,45,0,0,0,0,0,0,0,0,0,0,0,0,0,0,0,0,0,0,0,0,0,0,235,16987,0,0,0,0
15507.322,16515,60,0,0,0,0,0,8,500,5,45,0,0,0,0,0,0,0,0,0,0,0,0,0,0,0,0,0,0,0,0,0,0,281,16629,0,0,0,0
15523.869,16547,60,0,0,0,0,0,8,522,5,45,0,0,0,0,0,0,0,0,0,0,0,0,0,0,0,0,0,0,0,0,0,0,224,16233,0,0,0,0
15540.817,16948,59,0,0,0,0,0,8,466,5,45,0,0,0,0,0,0,0,0,0,0,0,0,0,0,0,0,0,0,0,0,0,0,213,16646,0,0,0,0
15556.953,16135,61,0,0,0,0,0,8,525,5,45,0,0,0,0,0,0,0,0,0,0,0,0,0,0,0,0,0,0,0,0,0,0,237,16917,0,0,0,0
15573.756,16803,59,0,0,0,0,0,8,495,5,45,0,0,0,0,0,0,0,0,0,0,0,0,0,0,0,0,0,0,0,0,0,0,241,16124,0,0,0,0
15590.809,17053,58,0,0,0,0,0,8,471,5,45,0,0,0,0,0,0,0,0,0,0,0,0,0,0,0,0,0,0,0,0,0,0,240,17324,0,0,0,0
15607.286,16476,60,0,0,0,0,0,8,531,5,45,0,0,0,0,0,0,0,0,0,0,0,0,0,0,0,0,0,0,0,0,0,0,238,16544,0,0,0,0
15623.838,16552,60,0,0,0,0,0,8,524,5,45,0,0,0,0,0,0,0,0,0,0,0,0,0,0,0,0,0,0,0,0,0,0,221,16472,0,0,0,0
15640.461,16622,60,0,0,0,0,0,8,462,5,45,0,0,0,0,0,0,0,0,0,0,0,0,0,0,0,0,0,0,0,0,0,0,256,16658,0,0,0,0
15657.100,16639,60,0,0,0,0,0,8,530,5,45,0,0,0,0,0,0,0,0,0,0,0,0,0,0,0,0,0,0,0,0,0,0,223,16511,0,0,0,0
15674.290,17189,58,0,0,0,0,0,8,470,5,45,0,0,0,0,0,0,0,0,0,0,0,0,0,0,0,0,0,0,0,0,0,0,257,16673,0,0,0,0
15690.428,16138,61,0,0,0,0,0,8,492,5,45,0,0,0,0,0,0,0,0,0,0,0,0,0,0,0,0,0,0,0,0,0,0,237,17266,0,0,0,0
15706.459,16030,62,0,0,0,0,0,8,528,5,45,0,0,0,0,0,0,0,0,0,0,0,0,0,0,0,0,0,0,0,0,0,0,232,16073,0,0,0,0
15723.554,17095,58,0,0,0,0,0,8,490,5,45,0,0,0,0,0,0,0,0,0,0,0,0,0,0,0,0,0,0,0,0,0,0,278,16111,0,0,0,0
15741.287,17733,56,0,0,0,0,0,8,494,5,45,0,0,0,0,0,0,0,0,0,0,0,0,0,0,0,0,0,0,0,0,0,0,237,17675,0,0,0,0
15756.987,15699,63,0,0,0,0,0,8,490,5,45,0,0,0,0,0,0,0,0,0,0,0,0,0,0,0,0,0,0,0,0,0,0,219,17431,0,0,0,0
15774.288,17301,57,0,0,0,0,0,8,503,5,45,0,0,0,0,0,0,0,0,0,0,0,0,0,0,0,0,0,0,0,0,0,0,231,15308,0,0,0,0
15790.586,16298,61,0,0,0,0,0,8,492,5,45,0,0,0,0,0,0,0,0,0,0,0,0,0,0,0,0,0,0,0,0,0,0,227,16288,0,0,0,0
15807.287,16701,59,0,0,0,0,0,8,529,5,45,0,0,0,0,0,0,0,0,0,0,0,0,0,0,0,0,0,0,0,0,0,0,250,17316,0,0,0,0
15823.303,16015,62,0,0,0,0,0,8,463,5,45,0,0,0,0,0,0,0,0,0,0,0,0,0,0,0,0,0,0,0,0,0,0,232,16704,0,0,0,0
15840.566,17263,57,0,0,0,0,0,8,499,5,45,0,0,0,0,0,0,0,0,0,0,0,0,0,0,0,0,0,0,0,0,0,0,225,15978,0,0,0,0
15856.953,16387,61,0,0,0,0,0,8,526,5,45,0,0,0,0,0,0,0,0,0,0,0,0,0,0,0,0,0,0,0,0,0,0,245,17972,0,0,0,0
15873.821,16868,59,0,0,0,0,0,8,496,5,45,0,0,0,0,0,0,0,0,0,0,0,0,0,0,0,0,0,0,0,0,0,0,229,15703,0,0,0,0
15891.289,17467,57,0,0,0,0,0,8,505,5,45,0,0,0,0,0,0,0,0,0,0,0,0,0,0,0,0,0,0,0,0,0,0,225,16838,0,0,0,0
15907.423,16134,61,0,0,0,0,0,8,490,5,45,0,0,0,0,0,0,0,0,0,0,0,0,0,0,0,0,0,0,0,0,0,0,247,17515,0,0,0,0
15924.044,16621,60,0,0,0,0,0,8,530,5,45,0,0,0,0,0,0,0,0,0,0,0,0,0,0,0,0,0,0,0,0,0,0,208,16043,0,0,0,0
15941.289,17245,57,0,0,0,0,0,8,464,5,45,0,0,0,0,0,0,0,0,0,0,0,0,0,0,0,0,0,0,0,0,0,0,232,16905,0,0,0,0
15957.419,16129,61,0,0,0,0,0,8,541,5,45,0,0,0,0,0,0,0,0,0,0,0,0,0,0,0,0,0,0,0,0,0,0,236,17286,0,0,0,0
15974.290,16871,59,0,0,0,0,0,8,486,5,45,0,0,0,0,0,0,0,0,0,0,0,0,0,0,0,0,0,0,0,0,0,0,228,15941,0,0,0,0
15991.289,16998,58,0,0,0,0,0,8,470,5,45,0,0,0,0,0,0,0,0,0,0,0,0,0,0,0,0,0,0,0,0,0,0,216,15796,0,0,0,0
16007.332,16042,62,0,0,0,0,0,8,521,5,45,0,0,0,0,0,0,0,0,0,0,0,0,0,0,0,0,0,0,0,0,0,0,240,18089,0,0,0,0
16024.119,16786,59,0,0,0,0,0,8,529,5,45,0,0,0,0,0,0,0,0,0,0,0,0,0,0,0,0,0,0,0,0,0,0,232,15997,0,0,0,0
16040.417,16298,61,0,0,0,0,0,8,462,5,45,0,0,0,0,0,0,0,0,0,0,0,0,0,0,0,0,0,0,0,0,0,0,232,16879,0,0,0,0
16057.429,17011,58,0,0,0,0,0,8,525,5,45,0,0,0,0,0,0,0,0,0,0,0,0,0,0,0,0,0,0,0,0,0,0,218,16096,0,0,0,0
16073.977,16548,60,0,0,0,0,0,8,490,5,45,0,0,0,0,0,0,0,0,0,0,0,0,0,0,0,0,0,0,0,0,0,0,228,17109,0,0,0,0
16090.433,16455,60,0,0,0,0,0,8,464,5,45,0,0,0,0,0,0,0,0,0,0,0,0,0,0,0,0,0,0,0,0,0,0,232,16800,0,0,0,0
16107.313,16879,59,0,0,0,0,0,8,528,5,45,0,0,0,0,0,0,0,0,0,0,0,0,0,0,0,0,0,0,0,0,0,0,251,16203,0,0,0,0
16123.318,16005,62,0,0,0,0,0,8,461,5,45,0,0,0,0,0,0,0,0,0,0,0,0,0,0,0,0,0,0,0,0,0,0,244,16907,0,0,0,0
16140.828,17509,57,0,0,0,0,0,8,530,5,45,0,0,0,0,0,0,0,0,0,0,0,0,0,0,0,0,0,0,0,0,0,0,231,15923,0,0,0,0
16156.943,16103,62,0,0,0,0,0,8,493,5,45,0,0,0,0,0,0,0,0,0,0,0,0,0,0,0,0,0,0,0,0,0,0,233,17547,0,0,0,0
16174.286,17354,57,0,0,0,0,0,8,499,5,45,0,0,0,0,0,0,0,0,0,0,0,0,0,0,0,0,0,0,0,0,0,0,234,16141,0,0,0,0
16190.818,16531,60,0,0,0,0,0,8,491,5,45,0,0,0,0,0,0,0,0,0,0,0,0,0,0,0,0,0,0,0,0,0,0,215,16290,0,0,0,0
16206.967,16149,61,0,0,0,0,0,8,525,5,45,0,0,0,0,0,0,0,0,0,0,0,0,0,0,0,0,0,0,0,0,0,0,236,17620,0,0,0,0
16223.822,16854,59,0,0,0,0,0,8,481,5,45,0,0,0,0,0,0,0,0,0,0,0,0,0,0,0,0,0,0,0,0,0,0,217,16063,0,0,0,0
16240.421,16599,60,0,0,0,0,0,8,484,5,45,0,0,0,0,0,0,0,0,0,0,0,0,0,0,0,0,0,0,0,0,0,0,241,16880,0,0,0,0
16256.968,16546,60,0,0,0,0,0,8,521,5,45,0,0,0,0,0,0,0,0,0,0,0,0,0,0,0,0,0,0,0,0,0,0,247,16669,0,0,0,0
16274.282,17314,57,0,0,0,0,0,8,495,5,45,0,0,0,0,0,0,0,0,0,0,0,0,0,0,0,0,0,0,0,0,0,0,239,16771,0,0,0,0
16290.409,16126,62,0,0,0,0,0,8,500,5,45,0,0,0,0,0,0,0,0,0,0,0,0,0,0,0,0,0,0,0,0,0,0,232,17101,0,0,0,0
16307.307,16898,59,0,0,0,0,0,8,491,5,45,0,0,0,0,0,0,0,0,0,0,0,0,0,0,0,0,0,0,0,0,0,0,239,16048,0,0,0,0
16323.312,16005,62,0,0,0,0,0,8,458,5,45,0,0,0,0,0,0,0,0,0,0,0,0,0,0,0,0,0,0,0,0,0,0,217,16912,0,0,0,0
16341.293,17981,55,0,0,0,0,0,8,531,5,45,0,0,0,0,0,0,0,0,0,0,0,0,0,0,0,0,0,0,0,0,0,0,206,15898,0,0,0,0
16357.357,16064,62,0,0,0,0,0,8,519,5,45,0,0,0,0,0,0,0,0,0,0,0,0,0,0,0,0,0,0,0,0,0,0,248,18929,0,0,0,0
16374.806,17448,57,0,0,0,0,0,8,526,5,45,0,0,0,0,0,0,0,0,0,0,0,0,0,0,0,0,0,0,0,0,0,0,219,15176,0,0,0,0
16390.421,15614,64,0,0,0,0,0,8,432,5,45,0,0,0,0,0,0,0,0,0,0,0,0,0,0,0,0,0,0,0,0,0,0,242,17570,0,0,0,0
16407.427,17006,58,0,0,0,0,0,8,527,5,45,0,0,0,0,0,0,0,0,0,0,0,0,0,0,0,0,0,0,0,0,0,0,234,15527,0,0,0,0
16424.284,16857,59,0,0,0,0,0,8,487,5,45,0,0,0,0,0,0,0,0,0,0,0,0,0,0,0,0,0,0,0,0,0,0,233,17798,0,0,0,0
16440.810,16525,60,0,0,0,0,0,8,495,5,45,0,0,0,0,0,0,0,0,0,0,0,0,0,0,0,0,0,0,0,0,0,0,218,16140,0,0,0,0
16457.358,16537,60,0,0,0,0,0,8,524,5,45,0,0,0,0,0,0,0,0,0,0,0,0,0,0,0,0,0,0,0,0,0,0,218,16860,0,0,0,0
16474.288,16941,59,0,0,0,0,0,8,464,5,45,0,0,0,0,0,0,0,0,0,0,0,0,0,0,0,0,0,0,0,0,0,0,227,16205,0,0,0,0
16490.421,16132,61,0,0,0,0,0,8,493,5,45,0,0,0,0,0,0,0,0,0,0,0,0,0,0,0,0,0,0,0,0,0,0,218,15835,0,0,0,0
16506.989,16568,60,0,0,0,0,0,8,522,5,45,0,0,0,0,0,0,0,0,0,0,0,0,0,0,0,0,0,0,0,0,0,0,268,17238,0,0,0,0
16523.312,16322,61,0,0,0,0,0,8,461,5,45,0,0,0,0,0,0,0,0,0,0,0,0,0,0,0,0,0,0,0,0,0,0,226,16479,0,0,0,0
16540.581,17269,57,0,0,0,0,0,8,529,5,45,0,0,0,0,0,0,0,0,0,0,0,0,0,0,0,0,0,0,0,0,0,0,208,16239,0,0,0,0
16557.351,16769,59,0,0,0,0,0,8,498,5,45,0,0,0,0,0,0,0,0,0,0,0,0,0,0,0,0,0,0,0,0,0,0,237,17350,0,0,0,0
16573.810,16459,60,0,0,0,0,0,8,491,5,45,0,0,0,0,0,0,0,0,0,0,0,0,0,0,0,0,0,0,0,0,0,0,237,16801,0,0,0,0
16591.280,17469,57,0,0,0,0,0,8,504,5,45,0,0,0,0,0,0,0,0,0,0,0,0,0,0,0,0,0,0,0,0,0,0,209,16299,0,0,0,0
16607.417,16136,61,0,0,0,0,0,8,526,5,45,0,0,0,0,0,0,0,0,0,0,0,0,0,0,0,0,0,0,0,0,0,0,243,17564,0,0,0,0
16623.661,16243,61,0,0,0,0,0,8,495,5,45,0,0,0,0,0,0,0,0,0,0,0,0,0,0,0,0,0,0,0,0,0,0,240,16198,0,0,0,0
16640.418,16757,59,0,0,0,0,0,8,463,5,45,0,0,0,0,0,0,0,0,0,0,0,0,0,0,0,0,0,0,0,0,0,0,235,16320,0,0,0,0
16658.282,17863,55,0,0,0,0,0,8,531,5,45,0,0,0,0,0,0,0,0,0,0,0,0,0,0,0,0,0,0,0,0,0,0,227,16657,0,0,0,0
16673.685,15403,64,0,0,0,0,0,8,521,5,45,0,0,0,0,0,0,0,0,0,0,0,0,0,0,0,0,0,0,0,0,0,0,251,17890,0,0,0,0
16691.281,17595,56,0,0,0,0,0,8,470,5,45,0,0,0,0,0,0,0,0,0,0,0,0,0,0,0,0,0,0,0,0,0,0,222,15444,0,0,0,0
16706.917,15636,63,0,0,0,0,0,8,484,5,45,0,0,0,0,0,0,0,0,0,0,0,0,0,0,0,0,0,0,0,0,0,0,245,17483,0,0,0,0
16723.476,16558,60,0,0,0,0,0,8,485,5,45,0,0,0,0,0,0,0,0,0,0,0,0,0,0,0,0,0,0,0,0,0,0,258,16098,0,0,0,0
16741.279,17802,56,0,0,0,0,0,8,497,5,45,0,0,0,0,0,0,0,0,0,0,0,0,0,0,0,0,0,0,0,0,0,0,232,16048,0,0,0,0
16757.279,16000,62,0,0,0,0,0,8,520,5,45,0,0,0,0,0,0,0,0,0,0,0,0,0,0,0,0,0,0,0,0,0,0,240,17847,0,0,0,0
16774.280,17001,58,0,0,0,0,0,8,498,5,45,0,0,0,0,0,0,0,0,0,0,0,0,0,0,0,0,0,0,0,0,0,0,212,16516,0,0,0,0
16790.331,16050,62,0,0,0,0,0,8,455,5,45,0,0,0,0,0,0,0,0,0,0,0,0,0,0,0,0,0,0,0,0,0,0,217,15499,0,0,0,0
16808.030,17698,56,0,0,0,0,0,8,525,5,45,0,0,0,0,0,0,0,0,0,0,0,0,0,0,0,0,0,0,0,0,0,0,209,17038,0,0,0,0
16823.288,15258,65,0,0,0,0,0,8,462,5,45,0,0,0,0,0,0,0,0,0,0,0,0,0,0,0,0,0,0,0,0,0,0,235,17761,0,0,0,0
16840.553,17265,57,0,0,0,0,0,8,528,5,45,0,0,0,0,0,0,0,0,0,0,0,0,0,0,0,0,0,0,0,0,0,0,218,15263,0,0,0,0
16857.419,16865,59,0,0,0,0,0,8,530,5,45,0,0,0,0,0,0,0,0,0,0,0,0,0,0,0,0,0,0,0,0,0,0,228,17912,0,0,0,0
16873.810,16391,61,0,0,0,0,0,8,453,5,45,0,0,0,0,0,0,0,0,0,0,0,0,0,0,0,0,0,0,0,0,0,0,225,16211,0,0,0,0
16890.414,16604,60,0,0,0,0,0,8,504,5,45,0,0,0,0,0,0,0,0,0,0,0,0,0,0,0,0,0,0,0,0,0,0,235,16392,0,0,0,0
16907.355,16941,59,0,0,0,0,0,8,526,5,45,0,0,0,0,0,0,0,0,0,0,0,0,0,0,0,0,0,0,0,0,0,0,260,16642,0,0,0,0
16923.323,15968,62,0,0,0,0,0,8,462,5,45,0,0,0,0,0,0,0,0,0,0,0,0,0,0,0,0,0,0,0,0,0,0,243,16926,0,0,0,0
16940.418,17094,58,0,0,0,0,0,8,525,5,45,0,0,0,0,0,0,0,0,0,0,0,0,0,0,0,0,0,0,0,0,0,0,233,15972,0,0,0,0
16957.290,16861,59,0,0,0,0,0,8,495,5,45,0,0,0,0,0,0,0,0,0,0,0,0,0,0,0,0,0,0,0,0,0,0,229,17049,0,0,0,0
16973.804,16524,60,0,0,0,0,0,8,485,5,45,0,0,0,0,0,0,0,0,0,0,0,0,0,0,0,0,0,0,0,0,0,0,233,16880,0,0,0,0
16990.193,16388,61,0,0,0,0,0,8,500,5,45,0,0,0,0,0,0,0,0,0,0,0,0,0,0,0,0,0,0,0,0,0,0,235,16482,0,0,0,0
17007.436,17243,57,0,0,0,0,0,8,530,5,45,0,0,0,0,0,0,0,0,0,0,0,0,0,0,0,0,0,0,0,0,0,0,230,16386,0,0,0,0
17023.805,16368,61,0,0,0,0,0,8,475,5,45,0,0,0,0,0,0,0,0,0,0,0,0,0,0,0,0,0,0,0,0,0,0,222,17151,0,0,0,0
17040.574,16769,59,0,0,0,0,0,8,488,5,45,0,0,0,0,0,0,0,0,0,0,0,0,0,0,0,0,0,0,0,0,0,0,216,16438,0,0,0,0
17057.319,16745,59,0,0,0,0,0,8,527,5,45,0,0,0,0,0,0,0,0,0,0,0,0,0,0,0,0,0,0,0,0,0,0,240,16814,0,0,0,0
17073.808,16488,60,0,0,0,0,0,8,485,5,45,0,0,0,0,0,0,0,0,0,0,0,0,0,0,0,0,0,0,0,0,0,0,228,16748,0,0,0,0
17091.275,17467,57,0,0,0,0,0,8,500,5,45,0,0,0,0,0,0,0,0,0,0,0,0,0,0,0,0,0,0,0,0,0,0,208,16423,0,0,0,0
17106.453,15177,65,0,0,0,0,0,8,489,5,45,0,0,0,0,0,0,0,0,0,0,0,0,0,0,0,0,0,0,0,0,0,0,245,18045,0,0,0,0
17123.825,17372,57,0,0,0,0,0,8,490,5,45,0,0,0,0,0,0,0,0,0,0,0,0,0,0,0,0,0,0,0,0,0,0,251,14787,0,0,0,0
17140.799,16974,58,0,0,0,0,0,8,498,5,45,0,0,0,0,0,0,0,0,0,0,0,0,0,0,0,0,0,0,0,0,0,0,211,17215,0,0,0,0
17156.977,16177,61,0,0,0,0,0,8,520,5,45,0,0,0,0,0,0,0,0,0,0,0,0,0,0,0,0,0,0,0,0,0,0,238,17450,0,0,0,0
17174.274,17297,57,0,0,0,0,0,8,497,5,45,0,0,0,0,0,0,0,0,0,0,0,0,0,0,0,0,0,0,0,0,0,0,227,15743,0,0,0,0
17190.630,16356,61,0,0,0,0,0,8,467,5,45,0,0,0,0,0,0,0,0,0,0,0,0,0,0,0,0,0,0,0,0,0,0,233,17383,0,0,0,0
17206.990,16360,61,0,0,0,0,0,8,526,5,45,0,0,0,0,0,0,0,0,0,0,0,0,0,0,0,0,0,0,0,0,0,0,237,16270,0,0,0,0
17223.855,16864,59,0,0,0,0,0,8,530,5,45,0,0,0,0,0,0,0,0,0,0,0,0,0,0,0,0,0,0,0,0,0,0,230,16334,0,0,0,0
17239.906,16051,62,0,0,0,0,0,8,464,5,45,0,0,0,0,0,0,0,0,0,0,0,0,0,0,0,0,0,0,0,0,0,0,229,16919,0,0,0,0
17256.956,17049,58,0,0,0,0,0,8,522,5,45,0,0,0,0,0,0,0,0,0,0,0,0,0,0,0,0,0,0,0,0,0,0,234,16335,0,0,0,0
17274.274,17318,57,0,0,0,0,0,8,468,5,45,0,0,0,0,0,0,0,0,0,0,0,0,0,0,0,0,0,0,0,0,0,0,229,16706,0,0,0,0
17290.496,16221,61,0,0,0,0,0,8,487,5,45,0,0,0,0,0,0,0,0,0,0,0,0,0,0,0,0,0,0,0,0,0,0,231,17429,0,0,0,0
17306.745,16248,61,0,0,0,0,0,8,523,5,45,0,0,0,0,0,0,0,0,0,0,0,0,0,0,0,0,0,0,0,0,0,0,252,16201,0,0,0,0
17323.285,16540,60,0,0,0,0,0,8,467,5,45,0,0,0,0,0,0,0,0,0,0,0,0,0,0,0,0,0,0,0,0,0,0,240,16345,0,0,0,0
17340.408,17122,58,0,0,0,0,0,8,530,5,45,0,0,0,0,0,0,0,0,0,0,0,0,0,0,0,0,0,0,0,0,0,0,196,16322,0,0,0,0
17357.409,17001,58,0,0,0,0,0,8,492,5,45,0,0,0,0,0,0,0,0,0,0,0,0,0,0,0,0,0,0,0,0,0,0,240,17172,0,0,0,0
17374.793,17383,57,0,0,0,0,0,8,521,5,45,0,0,0,0,0,0,0,0,0,0,0,0,0,0,0,0,0,0,0,0,0,0,229,17014,0,0,0,0
17391.272,16479,60,0,0,0,0,0,8,463,5,45,0,0,0,0,0,0,0,0,0,0,0,0,0,0,0,0,0,0,0,0,0,0,233,17475,0,0,0,0
17407.274,16001,62,0,0,0,0,0,8,526,5,45,0,0,0,0,0,0,0,0,0,0,0,0,0,0,0,0,0,0,0,0,0,0,228,16334,0,0,0,0
17423.282,16007,62,0,0,0,0,0,8,458,5,45,0,0,0,0,0,0,0,0,0,0,0,0,0,0,0,0,0,0,0,0,0,0,242,16096,0,0,0,0
17441.273,17990,55,0,0,0,0,0,8,495,5,45,0,0,0,0,0,0,0,0,0,0,0,0,0,0,0,0,0,0,0,0,0,0,235,15968,0,0,0,0
17457.025,15752,63,0,0,0,0,0,8,521,5,45,0,0,0,0,0,0,0,0,0,0,0,0,0,0,0,0,0,0,0,0,0,0,239,17931,0,0,0,0
17474.793,17768,56,0,0,0,0,0,8,525,5,45,0,0,0,0,0,0,0,0,0,0,0,0,0,0,0,0,0,0,0,0,0,0,231,15792,0,0,0,0
17491.283,16489,60,0,0,0,0,0,8,458,5,45,0,0,0,0,0,0,0,0,0,0,0,0,0,0,0,0,0,0,0,0,0,0,218,17868,0,0,0,0
17507.421,16138,61,0,0,0,0,0,8,497,5,45,0,0,0,0,0,0,0,0,0,0,0,0,0,0,0,0,0,0,0,0,0,0,234,16420,0,0,0,0
17523.784,16362,61,0,0,0,0,0,8,494,5,45,0,0,0,0,0,0,0,0,0,0,0,0,0,0,0,0,0,0,0,0,0,0,225,16125,0,0,0,0
17541.274,17489,57,0,0,0,0,0,8,493,5,45,0,0,0,0,0,0,0,0,0,0,0,0,0,0,0,0,0,0,0,0,0,0,224,16780,0,0,0,0
17557.406,16132,61,0,0,0,0,0,8,529,5,45,0,0,0,0,0,0,0,0,0,0,0,0,0,0,0,0,0,0,0,0,0,0,228,17536,0,0,0,0
17573.989,16583,60,0,0,0,0,0,8,526,5,45,0,0,0,0,0,0,0,0,0,0,0,0,0,0,0,0,0,0,0,0,0,0,221,15672,0,0,0,0
17591.287,17298,57,0,0,0,0,0,8,432,5,45,0,0,0,0,0,0,0,0,0,0,0,0,0,0,0,0,0,0,0,0,0,0,226,16787,0,0,0,0
17606.950,15662,63,0,0,0,0,0,8,520,5,45,0,0,0,0,0,0,0,0,0,0,0,0,0,0,0,0,0,0,0,0,0,0,238,18041,0,0,0,0
17623.805,16854,59,0,0,0,0,0,8,494,5,45,0,0,0,0,0,0,0,0,0,0,0,0,0,0,0,0,0,0,0,0,0,0,227,14678,0,0,0,0
17640.792,16987,58,0,0,0,0,0,8,500,5,45,0,0,0,0,0,0,0,0,0,0,0,0,0,0,0,0,0,0,0,0,0,0,205,16808,0,0,0,0
17657.329,16536,60,0,0,0,0,0,8,529,5,45,0,0,0,0,0,0,0,0,0,0,0,0,0,0,0,0,0,0,0,0,0,0,225,17483,0,0,0,0
17674.267,16937,59,0,0,0,0,0,8,461,5,45,0,0,0,0,0,0,0,0,0,0,0,0,0,0,0,0,0,0,0,0,0,0,230,16114,0,0,0,0
17690.613,16346,61,0,0,0,0,0,8,496,5,45,0,0,0,0,0,0,0,0,0,0,0,0,0,0,0,0,0,0,0,0,0,0,267,17122,0,0,0,0
17707.325,16711,59,0,0,0,0,0,8,522,5,45,0,0,0,0,0,0,0,0,0,0,0,0,0,0,0,0,0,0,0,0,0,0,214,16140,0,0,0,0
17724.280,16954,58,0,0,0,0,0,8,504,5,45,0,0,0,0,0,0,0,0,0,0,0,0,0,0,0,0,0,0,0,0,0,0,235,16742,0,0,0,0
17741.268,16988,58,0,0,0,0,0,8,477,5,45,0,0,0,0,0,0,0,0,0,0,0,0,0,0,0,0,0,0,0,0,0,0,238,17002,0,0,0,0
17758.273,17005,58,0,0,0,0,0,8,495,5,45,0,0,0,0,0,0,0,0,0,0,0,0,0,0,0,0,0,0,0,0,0,0,228,16894,0,0,0,0
17774.268,15995,62,0,0,0,0,0,8,489,5,45,0,0,0,0,0,0,0,0,0,0,0,0,0,0,0,0,0,0,0,0,0,0,246,17062,0,0,0,0
17790.552,16283,61,0,0,0,0,0,8,497,5,45,0,0,0,0,0,0,0,0,0,0,0,0,0,0,0,0,0,0,0,0,0,0,231,16052,0,0,0,0
17807.275,16723,59,0,0,0,0,0,8,521,5,45,0,0,0,0,0,0,0,0,0,0,0,0,0,0,0,0,0,0,0,0,0,0,233,16194,0,0,0,0
17823.915,16640,60,0,0,0,0,0,8,496,5,45,0,0,0,0,0,0,0,0,0,0,0,0,0,0,0,0,0,0,0,0,0,0,236,16724,0,0,0,0
17840.792,16876,59,0,0,0,0,0,8,463,5,45,0,0,0,0,0,0,0,0,0,0,0,0,0,0,0,0,0,0,0,0,0,0,227,16936,0,0,0,0
17857.417,16625,60,0,0,0,0,0,8,528,5,45,0,0,0,0,0,0,0,0,0,0,0,0,0,0,0,0,0,0,0,0,0,0,224,17018,0,0,0,0
17873.949,16531,60,0,0,0,0,0,8,521,5,45,0,0,0,0,0,0,0,0,0,0,0,0,0,0,0,0,0,0,0,0,0,0,238,16201,0,0,0,0
17890.329,16379,61,0,0,0,0,0,8,462,5,45,0,0,0,0,0,0,0,0,0,0,0,0,0,0,0,0,0,0,0,0,0,0,239,16860,0,0,0,0
17907.280,16951,58,0,0,0,0,0,8,495,5,45,0,0,0,0,0,0,0,0,0,0,0,0,0,0,0,0,0,0,0,0,0,0,215,15927,0,0,0,0
17923.918,16637,60,0,0,0,0,0,8,500,5,45,0,0,0,0,0,0,0,0,0,0,0,0,0,0,0,0,0,0,0,0,0,0,241,17052,0,0,0,0
17940.409,16490,60,0,0,0,0,0,8,493,5,45,0,0,0,0,0,0,0,0,0,0,0,0,0,0,0,0,0,0,0,0,0,0,232,16948,0,0,0,0
17957.506,17097,58,0,0,0,0,0,8,545,5,45,0,0,0,0,0,0,0,0,0,0,0,0,0,0,0,0,0,0,0,0,0,0,231,17172,0,0,0,0
17973.782,16275,61,0,0,0,0,0,8,494,5,45,0,0,0,0,0,0,0,0,0,0,0,0,0,0,0,0,0,0,0,0,0,0,215,16324,0,0,0,0
17991.271,17488,57,0,0,0,0,0,8,462,5,45,0,0,0,0,0,0,0,0,0,0,0,0,0,0,0,0,0,0,0,0,0,0,236,16508,0,0,0,0
18007.407,16135,61,0,0,0,0,0,8,526,5,45,0,0,0,0,0,0,0,0,0,0,0,0,0,0,0,0,0,0,0,0,0,0,229,17014,0,0,0,0
18023.636,16229,61,0,0,0,0,0,8,532,5,45,0,0,0,0,0,0,0,0,0,0,0,0,0,0,0,0,0,0,0,0,0,0,226,16192,0,0,0,0
18040.522,16885,59,0,0,0,0,0,8,471,5,45,0,0,0,0,0,0,0,0,0,0,0,0,0,0,0,0,0,0,0,0,0,0,232,16311,0,0,0,0
18056.953,16431,60,0,0,0,0,0,8,526,5,45,0,0,0,0,0,0,0,0,0,0,0,0,0,0,0,0,0,0,0,0,0,0,228,16795,0,0,0,0
18073.803,16849,59,0,0,0,0,0,8,462,5,45,0,0,0,0,0,0,0,0,0,0,0,0,0,0,0,0,0,0,0,0,0,0,247,16420,0,0,0,0
18089.949,16146,61,0,0,0,0,0,8,502,5,45,0,0,0,0,0,0,0,0,0,0,0,0,0,0,0,0,0,0,0,0,0,0,261,16895,0,0,0,0
18107.407,17457,57,0,0,0,0,0,8,533,5,45,0,0,0,0,0,0,0,0,0,0,0,0,0,0,0,0,0,0,0,0,0,0,235,16075,0,0,0,0
18124.267,16860,59,0,0,0,0,0,8,493,5,45,0,0,0,0,0,0,0,0,0,0,0,0,0,0,0,0,0,0,0,0,0,0,236,17490,0,0,0,0
18141.266,16998,58,0,0,0,0,0,8,492,5,45,0,0,0,0,0,0,0,0,0,0,0,0,0,0,0,0,0,0,0,0,0,0,232,16932,0,0,0,0
18157.324,16058,62,0,0,0,0,0,8,488,5,45,0,0,0,0,0,0,0,0,0,0,0,0,0,0,0,0,0,0,0,0,0,0,239,17898,0,0,0,0
18173.946,16621,60,0,0,0,0,0,8,523,5,45,0,0,0,0,0,0,0,0,0,0,0,0,0,0,0,0,0,0,0,0,0,0,216,15105,0,0,0,0
18190.409,16463,60,0,0,0,0,0,8,464,5,45,0,0,0,0,0,0,0,0,0,0,0,0,0,0,0,0,0,0,0,0,0,0,238,16866,0,0,0,0
18208.281,17871,55,0,0,0,0,0,8,529,5,45,0,0,0,0,0,0,0,0,0,0,0,0,0,0,0,0,0,0,0,0,0,0,236,16187,0,0,0,0
18224.264,15982,62,0,0,0,0,0,8,472,5,45,0,0,0,0,0,0,0,0,0,0,0,0,0,0,0,0,0,0,0,0,0,0,244,17941,0,0,0,0
18240.553,16289,61,0,0,0,0,0,8,485,5,45,0,0,0,0,0,0,0,0,0,0,0,0,0,0,0,0,0,0,0,0,0,0,220,16000,0,0,0,0
18256.986,16432,60,0,0,0,0,0,8,524,5,45,0,0,0,0,0,0,0,0,0,0,0,0,0,0,0,0,0,0,0,0,0,0,223,16226,0,0,0,0
18273.288,16301,61,0,0,0,0,0,8,461,5,45,0,0,0,0,0,0,0,0,0,0,0,0,0,0,0,0,0,0,0,0,0,0,238,16388,0,0,0,0
18290.411,17123,58,0,0,0,0,0,8,525,5,45,0,0,0,0,0,0,0,0,0,0,0,0,0,0,0,0,0,0,0,0,0,0,230,16335,0,0,0,0
18306.976,16565,60,0,0,0,0,0,8,495,5,45,0,0,0,0,0,0,0,0,0,0,0,0,0,0,0,0,0,0,0,0,0,0,253,17466,0,0,0,0
18324.056,17080,58,0,0,0,0,0,8,533,5,45,0,0,0,0,0,0,0,0,0,0,0,0,0,0,0,0,0,0,0,0,0,0,207,16156,0,0,0,0
18340.641,16584,60,0,0,0,0,0,8,464,5,45,0,0,0,0,0,0,0,0,0,0,0,0,0,0,0,0,0,0,0,0,0,0,242,17296,0,0,0,0
18357.414,16761,59,0,0,0,0,0,8,527,5,45,0,0,0,0,0,0,0,0,0,0,0,0,0,0,0,0,0,0,0,0,0,0,244,16446,0,0,0,0
18373.925,16523,60,0,0,0,0,0,8,523,5,45,0,0,0,0,0,0,0,0,0,0,0,0,0,0,0,0,0,0,0,0,0,0,226,16762,0,0,0,0
18390.271,16346,61,0,0,0,0,0,8,432,5,45,0,0,0,0,0,0,0,0,0,0,0,0,0,0,0,0,0,0,0,0,0,0,228,16784,0,0,0,0
18407.399,17127,58,0,0,0,0,0,8,525,5,45,0,0,0,0,0,0,0,0,0,0,0,0,0,0,0,0,0,0,0,0,0,0,221,16049,0,0,0,0
18423.785,16386,61,0,0,0,0,0,8,485,5,45,0,0,0,0,0,0,0,0,0,0,0,0,0,0,0,0,0,0,0,0,0,0,227,17147,0,0,0,0
18440.403,16617,60,0,0,0,0,0,8,501,5,45,0,0,0,0,0,0,0,0,0,0,0,0,0,0,0,0,0,0,0,0,0,0,226,16354,0,0,0,0
18456.939,16535,60,0,0,0,0,0,8,521,5,45,0,0,0,0,0,0,0,0,0,0,0,0,0,0,0,0,0,0,0,0,0,0,228,16628,0,0,0,0
18473.787,16848,59,0,0,0,0,0,8,456,5,45,0,0,0,0,0,0,0,0,0,0,0,0,0,0,0,0,0,0,0,0,0,0,234,16524,0,0,0,0
18491.287,17500,57,0,0,0,0,0,8,501,5,45,0,0,0,0,0,0,0,0,0,0,0,0,0,0,0,0,0,0,0,0,0,0,228,16843,0,0,0,0
18506.978,15690,63,0,0,0,0,0,8,525,5,45,0,0,0,0,0,0,0,0,0,0,0,0,0,0,0,0,0,0,0,0,0,0,280,17587,0,0,0,0
18524.262,17284,57,0,0,0,0,0,8,500,5,45,0,0,0,0,0,0,0,0,0,0,0,0,0,0,0,0,0,0,0,0,0,0,218,15763,0,0,0,0
18540.081,15819,63,0,0,0,0,0,8,486,5,45,0,0,0,0,0,0,0,0,0,0,0,0,0,0,0,0,0,0,0,0,0,0,243,17233,0,0,0,0
18557.312,17230,58,0,0,0,0,0,8,500,5,45,0,0,0,0,0,0,0,0,0,0,0,0,0,0,0,0,0,0,0,0,0,0,230,15741,0,0,0,0
18574.260,16948,59,0,0,0,0,0,8,488,5,45,0,0,0,0,0,0,0,0,0,0,0,0,0,0,0,0,0,0,0,0,0,0,244,17257,0,0,0,0
18590.404,16143,61,0,0,0,0,0,8,496,5,45,0,0,0,0,0,0,0,0,0,0,0,0,0,0,0,0,0,0,0,0,0,0,227,17000,0,0,0,0
18607.445,17041,58,0,0,0,0,0,8,525,5,45,0,0,0,0,0,0,0,0,0,0,0,0,0,0,0,0,0,0,0,0,0,0,230,16068,0,0,0,0
18623.271,15826,63,0,0,0,0,0,8,455,5,45,0,0,0,0,0,0,0,0,0,0,0,0,0,0,0,0,0,0,0,0,0,0,229,17043,0,0,0,0
18640.461,17189,58,0,0,0,0,0,8,493,5,45,0,0,0,0,0,0,0,0,0,0,0,0,0,0,0,0,0,0,0,0,0,0,230,15827,0,0,0,0
18656.427,15965,62,0,0,0,0,0,8,520,5,45,0,0,0,0,0,0,0,0,0,0,0,0,0,0,0,0,0,0,0,0,0,0,233,17187,0,0,0,0
18674.261,17834,56,0,0,0,0,0,8,494,5,45,0,0,0,0,0,0,0,0,0,0,0,0,0,0,0,0,0,0,0,0,0,0,245,15971,0,0,0,0
18690.361,16099,62,0,0,0,0,0,8,492,5,45,0,0,0,0,0,0,0,0,0,0,0,0,0,0,0,0,0,0,0,0,0,0,241,17913,0,0,0,0
18707.327,16965,58,0,0,0,0,0,8,495,5,45,0,0,0,0,0,0,0,0,0,0,0,0,0,0,0,0,0,0,0,0,0,0,207,15909,0,0,0,0
18724.124,16796,59,0,0,0,0,0,8,529,5,45,0,0,0,0,0,0,0,0,0,0,0,0,0,0,0,0,0,0,0,0,0,0,225,16986,0,0,0,0
18740.573,16449,60,0,0,0,0,0,8,464,5,45,0,0,0,0,0,0,0,0,0,0,0,0,0,0,0,0,0,0,0,0,0,0,238,16962,0,0,0,0
18757.405,16832,59,0,0,0,0,0,8,526,5,45,0,0,0,0,0,0,0,0,0,0,0,0,0,0,0,0,0,0,0,0,0,0,242,16367,0,0,0,0
18774.267,16862,59,0,0,0,0,0,8,489,5,45,0,0,0,0,0,0,0,0,0,0,0,0,0,0,0,0,0,0,0,0,0,0,228,16836,0,0,0,0
18790.402,16134,61,0,0,0,0,0,8,461,5,45,0,0,0,0,0,0,0,0,0,0,0,0,0,0,0,0,0,0,0,0,0,0,231,16928,0,0,0,0
18808.279,17876,55,0,0,0,0,0,8,530,5,45,0,0,0,0,0,0,0,0,0,0,0,0,0,0,0,0,0,0,0,0,0,0,232,16058,0,0,0,0
18823.814,15535,64,0,0,0,0,0,8,485,5,45,0,0,0,0,0,0,0,0,0,0,0,0,0,0,0,0,0,0,0,0,0,0,244,17874,0,0,0,0
18840.405,16591,60,0,0,0,0,0,8,500,5,45,0,0,0,0,0,0,0,0,0,0,0,0,0,0,0,0,0,0,0,0,0,0,206,15479,0,0,0,0
18857.330,16924,59,0,0,0,0,0,8,522,5,45,0,0,0,0,0,0,0,0,0,0,0,0,0,0,0,0,0,0,0,0,0,0,232,16647,0,0,0,0
18873.426,16096,62,0,0,0,0,0,8,471,5,45,0,0,0,0,0,0,0,0,0,0,0,0,0,0,0,0,0,0,0,0,0,0,239,16936,0,0,0,0
18890.400,16974,58,0,0,0,0,0,8,482,5,45,0,0,0,0,0,0,0,0,0,0,0,0,0,0,0,0,0,0,0,0,0,0,236,16864,0,0,0,0
18908.285,17884,55,0,0,0,0,0,8,530,5,45,0,0,0,0,0,0,0,0,0,0,0,0,0,0,0,0,0,0,0,0,0,0,221,16190,0,0,0,0
18923.733,15448,64,0,0,0,0,0,8,523,5,45,0,0,0,0,0,0,0,0,0,0,0,0,0,0,0,0,0,0,0,0,0,0,231,17771,0,0,0,0
18940.406,16672,59,0,0,0,0,0,8,469,5,45,0,0,0,0,0,0,0,0,0,0,0,0,0,0,0,0,0,0,0,0,0,0,239,15620,0,0,0,0
18956.999,16592,60,0,0,0,0,0,8,487,5,45,0,0,0,0,0,0,0,0,0,0,0,0,0,0,0,0,0,0,0,0,0,0,235,16635,0,0,0,0
18973.778,16778,59,0,0,0,0,0,8,497,5,45,0,0,0,0,0,0,0,0,0,0,0,0,0,0,0,0,0,0,0,0,0,0,236,16796,0,0,0,0
18990.396,16618,60,0,0,0,0,0,8,492,5,45,0,0,0,0,0,0,0,0,0,0,0,0,0,0,0,0,0,0,0,0,0,0,239,16984,0,0,0,0
19006.977,16580,60,0,0,0,0,0,8,525,5,45,0,0,0,0,0,0,0,0,0,0,0,0,0,0,0,0,0,0,0,0,0,0,226,16526,0,0,0,0
19023.406,16429,60,0,0,0,0,0,8,496,5,45,0,0,0,0,0,0,0,0,0,0,0,0,0,0,0,0,0,0,0,0,0,0,237,16227,0,0,0,0
19039.808,16401,60,0,0,0,0,0,8,462,5,45,0,0,0,0,0,0,0,0,0,0,0,0,0,0,0,0,0,0,0,0,0,0,224,17244,0,0,0,0
19056.941,17133,58,0,0,0,0,0,8,525,5,45,0,0,0,0,0,0,0,0,0,0,0,0,0,0,0,0,0,0,0,0,0,0,217,15592,0,0,0,0
19073.271,16330,61,0,0,0,0,0,8,465,5,45,0,0,0,0,0,0,0,0,0,0,0,0,0,0,0,0,0,0,0,0,0,0,250,17141,0,0,0,0
19091.257,17985,55,0,0,0,0,0,8,533,5,45,0,0,0,0,0,0,0,0,0,0,0,0,0,0,0,0,0,0,0,0,0,0,244,16417,0,0,0,0
19108.226,16968,58,0,0,0,0,0,8,494,5,45,0,0,0,0,0,0,0,0,0,0,0,0,0,0,0,0,0,0,0,0,0,0,220,18813,0,0,0,0
19123.838,15612,64,0,0,0,0,0,8,504,5,45,0,0,0,0,0,0,0,0,0,0,0,0,0,0,0,0,0,0,0,0,0,0,220,15964,0,0,0,0
19140.395,16556,60,0,0,0,0,0,8,478,5,45,0,0,0,0,0,0,0,0,0,0,0,0,0,0,0,0,0,0,0,0,0,0,236,16092,0,0,0,0
19157.261,16866,59,0,0,0,0,0,8,528,5,45,0,0,0,0,0,0,0,0,0,0,0,0,0,0,0,0,0,0,0,0,0,0,214,16171,0,0,0,0
19173.267,16005,62,0,0,0,0,0,8,456,5,45,0,0,0,0,0,0,0,0,0,0,0,0,0,0,0,0,0,0,0,0,0,0,233,16893,0,0,0,0
19190.482,17215,58,0,0,0,0,0,8,499,5,45,0,0,0,0,0,0,0,0,0,0,0,0,0,0,0,0,0,0,0,0,0,0,230,15979,0,0,0,0
19206.943,16460,60,0,0,0,0,0,8,526,5,45,0,0,0,0,0,0,0,0,0,0,0,0,0,0,0,0,0,0,0,0,0,0,242,17214,0,0,0,0
19223.773,16830,59,0,0,0,0,0,8,495,5,45,0,0,0,0,0,0,0,0,0,0,0,0,0,0,0,0,0,0,0,0,0,0,217,16413,0,0,0,0
19241.266,17492,57,0,0,0,0,0,8,502,5,45,0,0,0,0,0,0,0,0,0,0,0,0,0,0,0,0,0,0,0,0,0,0,232,17302,0,0,0,0
19257.326,16060,62,0,0,0,0,0,8,523,5,45,0,0,0,0,0,0,0,0,0,0,0,0,0,0,0,0,0,0,0,0,0,0,242,17574,0,0,0,0
19273.783,16456,60,0,0,0,0,0,8,451,5,45,0,0,0,0,0,0,0,0,0,0,0,0,0,0,0,0,0,0,0,0,0,0,217,15586,0,0,0,0
19289.966,16183,61,0,0,0,0,0,8,499,5,45,0,0,0,0,0,0,0,0,0,0,0,0,0,0,0,0,0,0,0,0,0,0,195,16358,0,0,0,0
19306.943,16975,58,0,0,0,0,0,8,522,5,45,0,0,0,0,0,0,0,0,0,0,0,0,0,0,0,0,0,0,0,0,0,0,227,16490,0,0,0,0
19324.270,17327,57,0,0,0,0,0,8,495,5,45,0,0,0,0,0,0,0,0,0,0,0,0,0,0,0,0,0,0,0,0,0,0,228,16750,0,0,0,0
19341.261,16990,58,0,0,0,0,0,8,497,5,45,0,0,0,0,0,0,0,0,0,0,0,0,0,0,0,0,0,0,0,0,0,0,233,16270,0,0,0,0
19357.405,16131,61,0,0,0,0,0,8,495,5,45,0,0,0,0,0,0,0,0,0,0,0,0,0,0,0,0,0,0,0,0,0,0,232,17983,0,0,0,0
19374.784,17390,57,0,0,0,0,0,8,523,5,45,0,0,0,0,0,0,0,0,0,0,0,0,0,0,0,0,0,0,0,0,0,0,229,16194,0,0,0,0
19390.421,15637,63,0,0,0,0,0,8,467,5,45,0,0,0,0,0,0,0,0,0,0,0,0,0,0,0,0,0,0,0,0,0,0,228,17451,0,0,0,0
19407.391,16970,58,0,0,0,0,0,8,522,5,45,0,0,0,0,0,0,0,0,0,0,0,0,0,0,0,0,0,0,0,0,0,0,231,15560,0,0,0,0
19423.122,15730,63,0,0,0,0,0,8,461,5,45,0,0,0,0,0,0,0,0,0,0,0,0,0,0,0,0,0,0,0,0,0,0,234,16986,0,0,0,0
19440.769,17646,56,0,0,0,0,0,8,497,5,45,0,0,0,0,0,0,0,0,0,0,0,0,0,0,0,0,0,0,0,0,0,0,205,15608,0,0,0,0
19457.390,16621,60,0,0,0,0,0,8,526,5,45,0,0,0,0,0,0,0,0,0,0,0,0,0,0,0,0,0,0,0,0,0,0,233,18183,0,0,0,0
19473.269,15878,62,0,0,0,0,0,8,461,5,45,0,0,0,0,0,0,0,0,0,0,0,0,0,0,0,0,0,0,0,0,0,0,213,16189,0,0,0,0
19490.620,17351,57,0,0,0,0,0,8,533,5,45,0,0,0,0,0,0,0,0,0,0,0,0,0,0,0,0,0,0,0,0,0,0,232,15915,0,0,0,0
19507.346,16713,59,0,0,0,0,0,8,494,5,45,0,0,0,0,0,0,0,0,0,0,0,0,0,0,0,0,0,0,0,0,0,0,223,17323,0,0,0,0
19524.256,16923,59,0,0,0,0,0,8,509,5,45,0,0,0,0,0,0,0,0,0,0,0,0,0,0,0,0,0,0,0,0,0,0,233,16729,0,0,0,0
19541.283,17026,58,0,0,0,0,0,8,486,5,45,0,0,0,0,0,0,0,0,0,0,0,0,0,0,0,0,0,0,0,0,0,0,257,17103,0,0,0,0
19557.769,16486,60,0,0,0,0,0,8,524,5,45,0,0,0,0,0,0,0,0,0,0,0,0,0,0,0,0,0,0,0,0,0,0,272,17215,0,0,0,0
19573.788,16019,62,0,0,0,0,0,8,486,5,45,0,0,0,0,0,0,0,0,0,0,0,0,0,0,0,0,0,0,0,0,0,0,230,16115,0,0,0,0
19590.261,16473,60,0,0,0,0,0,8,467,5,45,0,0,0,0,0,0,0,0,0,0,0,0,0,0,0,0,0,0,0,0,0,0,226,16003,0,0,0,0
19606.910,16649,60,0,0,0,0,0,8,525,5,45,0,0,0,0,0,0,0,0,0,0,0,0,0,0,0,0,0,0,0,0,0,0,234,16392,0,0,0,0
19623.781,16870,59,0,0,0,0,0,8,495,5,45,0,0,0,0,0,0,0,0,0,0,0,0,0,0,0,0,0,0,0,0,0,0,234,16721,0,0,0,0
19641.251,17470,57,0,0,0,0,0,8,502,5,45,0,0,0,0,0,0,0,0,0,0,0,0,0,0,0,0,0,0,0,0,0,0,236,16853,0,0,0,0
19657.311,16060,62,0,0,0,0,0,8,517,5,45,0,0,0,0,0,0,0,0,0,0,0,0,0,0,0,0,0,0,0,0,0,0,222,17764,0,0,0,0
19673.261,15949,62,0,0,0,0,0,8,432,5,45,0,0,0,0,0,0,0,0,0,0,0,0,0,0,0,0,0,0,0,0,0,0,222,15817,0,0,0,0
19689.931,16670,59,0,0,0,0,0,8,529,5,45,0,0,0,0,0,0,0,0,0,0,0,0,0,0,0,0,0,0,0,0,0,0,242,15934,0,0,0,0
19707.334,17402,57,0,0,0,0,0,8,532,5,45,0,0,0,0,0,0,0,0,0,0,0,0,0,0,0,0,0,0,0,0,0,0,239,16667,0,0,0,0
19724.249,16915,59,0,0,0,0,0,8,501,5,45,0,0,0,0,0,0,0,0,0,0,0,0,0,0,0,0,0,0,0,0,0,0,237,17391,0,0,0,0
19739.876,15627,63,0,0,0,0,0,8,485,5,45,0,0,0,0,0,0,0,0,0,0,0,0,0,0,0,0,0,0,0,0,0,0,220,16898,0,0,0,0
19756.448,16571,60,0,0,0,0,0,8,496,5,45,0,0,0,0,0,0,0,0,0,0,0,0,0,0,0,0,0,0,0,0,0,0,207,15587,0,0,0,0
19773.770,17321,57,0,0,0,0,0,8,495,5,45,0,0,0,0,0,0,0,0,0,0,0,0,0,0,0,0,0,0,0,0,0,0,221,16619,0,0,0,0
19791.259,17489,57,0,0,0,0,0,8,500,5,45,0,0,0,0,0,0,0,0,0,0,0,0,0,0,0,0,0,0,0,0,0,0,223,17751,0,0,0,0
19807.008,15749,63,0,0,0,0,0,8,525,5,45,0,0,0,0,0,0,0,0,0,0,0,0,0,0,0,0,0,0,0,0,0,0,239,18048,0,0,0,0
19823.269,16260,61,0,0,0,0,0,8,460,5,45,0,0,0,0,0,0,0,0,0,0,0,0,0,0,0,0,0,0,0,0,0,0,224,14744,0,0,0,0
19841.254,17985,55,0,0,0,0,0,8,495,5,45,0,0,0,0,0,0,0,0,0,0,0,0,0,0,0,0,0,0,0,0,0,0,224,16349,0,0,0,0
19857.286,16031,62,0,0,0,0,0,8,526,5,45,0,0,0,0,0,0,0,0,0,0,0,0,0,0,0,0,0,0,0,0,0,0,230,17954,0,0,0,0
19873.788,16502,60,0,0,0,0,0,8,481,5,45,0,0,0,0,0,0,0,0,0,0,0,0,0,0,0,0,0,0,0,0,0,0,219,16007,0,0,0,0
19891.252,17463,57,0,0,0,0,0,8,496,5,45,0,0,0,0,0,0,0,0,0,0,0,0,0,0,0,0,0,0,0,0,0,0,220,16481,0,0,0,0
19907.587,16334,61,0,0,0,0,0,8,496,5,45,0,0,0,0,0,0,0,0,0,0,0,0,0,0,0,0,0,0,0,0,0,0,244,17968,0,0,0,0
19923.781,16194,61,0,0,0,0,0,8,485,5,45,0,0,0,0,0,0,0,0,0,0,0,0,0,0,0,0,0,0,0,0,0,0,220,15754,0,0,0,0
19940.507,16726,59,0,0,0,0,0,8,502,5,45,0,0,0,0,0,0,0,0,0,0,0,0,0,0,0,0,0,0,0,0,0,0,220,16263,0,0,0,0
19957.359,16851,59,0,0,0,0,0,8,529,5,45,0,0,0,0,0,0,0,0,0,0,0,0,0,0,0,0,0,0,0,0,0,0,267,16887,0,0,0,0
19973.267,15907,62,0,0,0,0,0,8,458,5,45,0,0,0,0,0,0,0,0,0,0,0,0,0,0,0,0,0,0,0,0,0,0,232,16716,0,0,0,0
19991.251,17983,55,0,0,0,0,0,8,503,5,45,0,0,0,0,0,0,0,0,0,0,0,0,0,0,0,0,0,0,0,0,0,0,229,15909,0,0,0,0
20007.299,16048,62,0,0,0,0,0,8,521,5,45,0,0,0,0,0,0,0,0,0,0,0,0,0,0,0,0,0,0,0,0,0,0,232,18069,0,0,0,0
20023.766,16466,60,0,0,0,0,0,8,492,5,45,0,0,0,0,0,0,0,0,0,0,0,0,0,0,0,0,0,0,0,0,0,0,209,15869,0,0,0,0
20040.388,16621,60,0,0,0,0,0,8,489,5,45,0,0,0,0,0,0,0,0,0,0,0,0,0,0,0,0,0,0,0,0,0,0,223,16977,0,0,0,0
20056.932,16544,60,0,0,0,0,0,8,521,5,45,0,0,0,0,0,0,0,0,0,0,0,0,0,0,0,0,0,0,0,0,0,0,247,16389,0,0,0,0
20073.808,16877,59,0,0,0,0,0,8,501,5,45,0,0,0,0,0,0,0,0,0,0,0,0,0,0,0,0,0,0,0,0,0,0,231,16320,0,0,0,0
20090.540,16731,59,0,0,0,0,0,8,470,5,45,0,0,0,0,0,0,0,0,0,0,0,0,0,0,0,0,0,0,0,0,0,0,242,16952,0,0,0,0
20106.932,16391,61,0,0,0,0,0,8,522,5,45,0,0,0,0,0,0,0,0,0,0,0,0,0,0,0,0,0,0,0,0,0,0,236,16685,0,0,0,0
20123.930,16998,58,0,0,0,0,0,8,529,5,45,0,0,0,0,0,0,0,0,0,0,0,0,0,0,0,0,0,0,0,0,0,0,227,16371,0,0,0,0
20141.269,17338,57,0,0,0,0,0,8,464,5,45,0,0,0,0,0,0,0,0,0,0,0,0,0,0,0,0,0,0,0,0,0,0,227,17279,0,0,0,0
20157.302,16033,62,0,0,0,0,0,8,496,5,45,0,0,0,0,0,0,0,0,0,0,0,0,0,0,0,0,0,0,0,0,0,0,253,17239,0,0,0,0
20173.998,16696,59,0,0,0,0,0,8,495,5,45,0,0,0,0,0,0,0,0,0,0,0,0,0,0,0,0,0,0,0,0,0,0,228,15907,0,0,0,0
20190.385,16386,61,0,0,0,0,0,8,491,5,45,0,0,0,0,0,0,0,0,0,0,0,0,0,0,0,0,0,0,0,0,0,0,222,16847,0,0,0,0
20208.256,17861,55,0,0,0,0,0,8,527,5,45,0,0,0,0,0,0,0,0,0,0,0,0,0,0,0,0,0,0,0,0,0,0,227,16206,0,0,0,0
20223.791,15544,64,0,0,0,0,0,8,469,5,45,0,0,0,0,0,0,0,0,0,0,0,0,0,0,0,0,0,0,0,0,0,0,224,17864,0,0,0,0
20241.247,17456,57,0,0,0,0,0,8,487,5,45,0,0,0,0,0,0,0,0,0,0,0,0,0,0,0,0,0,0,0,0,0,0,204,15482,0,0,0,0
20258.253,17006,58,0,0,0,0,0,8,523,5,45,0,0,0,0,0,0,0,0,0,0,0,0,0,0,0,0,0,0,0,0,0,0,230,17991,0,0,0,0
20273.259,15005,66,0,0,0,0,0,8,452,5,45,0,0,0,0,0,0,0,0,0,0,0,0,0,0,0,0,0,0,0,0,0,0,222,16522,0,0,0,0
20291.245,17985,55,0,0,0,0,0,8,534,5,45,0,0,0,0,0,0,0,0,0,0,0,0,0,0,0,0,0,0,0,0,0,0,215,14896,0,0,0,0
20307.400,16145,61,0,0,0,0,0,8,491,5,45,0,0,0,0,0,0,0,0,0,0,0,0,0,0,0,0,0,0,0,0,0,0,247,18051,0,0,0,0
20323.764,16373,61,0,0,0,0,0,8,489,5,45,0,0,0,0,0,0,0,0,0,0,0,0,0,0,0,0,0,0,0,0,0,0,227,16196,0,0,0,0
20340.611,16846,59,0,0,0,0,0,8,501,5,45,0,0,0,0,0,0,0,0,0,0,0,0,0,0,0,0,0,0,0,0,0,0,269,16922,0,0,0,0
20356.985,16374,61,0,0,0,0,0,8,527,5,45,0,0,0,0,0,0,0,0,0,0,0,0,0,0,0,0,0,0,0,0,0,0,248,16335,0,0,0,0
20373.771,16785,59,0,0,0,0,0,8,490,5,45,0,0,0,0,0,0,0,0,0,0,0,0,0,0,0,0,0,0,0,0,0,0,221,16301,0,0,0,0
20390.447,16676,59,0,0,0,0,0,8,464,5,45,0,0,0,0,0,0,0,0,0,0,0,0,0,0,0,0,0,0,0,0,0,0,195,16750,0,0,0,0
20406.935,16487,60,0,0,0,0,0,8,525,5,45,0,0,0,0,0,0,0,0,0,0,0,0,0,0,0,0,0,0,0,0,0,0,236,16744,0,0,0,0
20423.946,17011,58,0,0,0,0,0,8,530,5,45,0,0,0,0,0,0,0,0,0,0,0,0,0,0,0,0,0,0,0,0,0,0,242,16489,0,0,0,0
20440.644,16698,59,0,0,0,0,0,8,461,5,45,0,0,0,0,0,0,0,0,0,0,0,0,0,0,0,0,0,0,0,0,0,0,241,17260,0,0,0,0
20456.928,16283,61,0,0,0,0,0,8,523,5,45,0,0,0,0,0,0,0,0,0,0,0,0,0,0,0,0,0,0,0,0,0,0,226,16442,0,0,0,0
20473.929,17001,58,0,0,0,0,0,8,501,5,45,0,0,0,0,0,0,0,0,0,0,0,0,0,0,0,0,0,0,0,0,0,0,238,16290,0,0,0,0
20491.251,17322,57,0,0,0,0,0,8,464,5,45,0,0,0,0,0,0,0,0,0,0,0,0,0,0,0,0,0,0,0,0,0,0,238,17263,0,0,0,0
20507.387,16135,61,0,0,0,0,0,8,523,5,45,0,0,0,0,0,0,0,0,0,0,0,0,0,0,0,0,0,0,0,0,0,0,247,17035,0,0,0,0
20523.267,15880,62,0,0,0,0,0,8,452,5,45,0,0,0,0,0,0,0,0,0,0,0,0,0,0,0,0,0,0,0,0,0,0,228,16205,0,0,0,0
20540.321,17054,58,0,0,0,0,0,8,527,5,45,0,0,0,0,0,0,0,0,0,0,0,0,0,0,0,0,0,0,0,0,0,0,236,15847,0,0,0,0
20558.247,17925,55,0,0,0,0,0,8,497,5,45,0,0,0,0,0,0,0,0,0,0,0,0,0,0,0,0,0,0,0,0,0,0,219,17026,0,0,0,0
20573.154,14906,67,0,0,0,0,0,8,458,5,45,0,0,0,0,0,0,0,0,0,0,0,0,0,0,0,0,0,0,0,0,0,0,235,17952,0,0,0,0
20591.246,18092,55,0,0,0,0,0,8,534,5,45,0,0,0,0,0,0,0,0,0,0,0,0,0,0,0,0,0,0,0,0,0,0,206,14795,0,0,0,0
20607.383,16137,61,0,0,0,0,0,8,521,5,45,0,0,0,0,0,0,0,0,0,0,0,0,0,0,0,0,0,0,0,0,0,0,241,18138,0,0,0,0
20623.777,16393,60,0,0,0,0,0,8,472,5,45,0,0,0,0,0,0,0,0,0,0,0,0,0,0,0,0,0,0,0,0,0,0,216,16187,0,0,0,0
20639.802,16024,62,0,0,0,0,0,8,485,5,45,0,0,0,0,0,0,0,0,0,0,0,0,0,0,0,0,0,0,0,0,0,0,231,16397,0,0,0,0
20657.318,17516,57,0,0,0,0,0,8,533,5,45,0,0,0,0,0,0,0,0,0,0,0,0,0,0,0,0,0,0,0,0,0,0,218,15996,0,0,0,0
20674.241,16922,59,0,0,0,0,0,8,486,5,45,0,0,0,0,0,0,0,0,0,0,0,0,0,0,0,0,0,0,0,0,0,0,230,17548,0,0,0,0
20690.700,16459,60,0,0,0,0,0,8,497,5,45,0,0,0,0,0,0,0,0,0,0,0,0,0,0,0,0,0,0,0,0,0,0,218,16998,0,0,0,0
20707.388,16687,59,0,0,0,0,0,8,495,5,45,0,0,0,0,0,0,0,0,0,0,0,0,0,0,0,0,0,0,0,0,0,0,218,16281,0,0,0,0
20723.905,16517,60,0,0,0,0,0,8,494,5,45,0,0,0,0,0,0,0,0,0,0,0,0,0,0,0,0,0,0,0,0,0,0,274,16941,0,0,0,0
20741.244,17338,57,0,0,0,0,0,8,500,5,45,0,0,0,0,0,0,0,0,0,0,0,0,0,0,0,0,0,0,0,0,0,0,204,16525,0,0,0,0
20757.382,16138,61,0,0,0,0,0,8,525,5,45,0,0,0,0,0,0,0,0,0,0,0,0,0,0,0,0,0,0,0,0,0,0,234,18079,0,0,0,0
20773.759,16376,61,0,0,0,0,0,8,486,5,45,0,0,0,0,0,0,0,0,0,0,0,0,0,0,0,0,0,0,0,0,0,0,228,15248,0,0,0,0
20791.248,17489,57,0,0,0,0,0,8,473,5,45,0,0,0,0,0,0,0,0,0,0,0,0,0,0,0,0,0,0,0,0,0,0,233,16801,0,0,0,0
20807.311,16053,62,0,0,0,0,0,8,525,5,45,0,0,0,0,0,0,0,0,0,0,0,0,0,0,0,0,0,0,0,0,0,0,237,17023,0,0,0,0
20824.241,16940,59,0,0,0,0,0,8,490,5,45,0,0,0,0,0,0,0,0,0,0,0,0,0,0,0,0,0,0,0,0,0,0,217,16073,0,0,0,0
20840.780,16538,60,0,0,0,0,0,8,493,5,45,0,0,0,0,0,0,0,0,0,0,0,0,0,0,0,0,0,0,0,0,0,0,230,17017,0,0,0,0
20856.959,16179,61,0,0,0,0,0,8,526,5,45,0,0,0,0,0,0,0,0,0,0,0,0,0,0,0,0,0,0,0,0,0,0,228,16477,0,0,0,0
20874.249,17290,57,0,0,0,0,0,8,474,5,45,0,0,0,0,0,0,0,0,0,0,0,0,0,0,0,0,0,0,0,0,0,0,216,16137,0,0,0,0
20890.657,16407,60,0,0,0,0,0,8,483,5,45,0,0,0,0,0,0,0,0,0,0,0,0,0,0,0,0,0,0,0,0,0,0,228,17387,0,0,0,0
20907.372,16715,59,0,0,0,0,0,8,525,5,45,0,0,0,0,0,0,0,0,0,0,0,0,0,0,0,0,0,0,0,0,0,0,234,16869,0,0,0,0
20923.773,16401,60,0,0,0,0,0,8,490,5,45,0,0,0,0,0,0,0,0,0,0,0,0,0,0,0,0,0,0,0,0,0,0,222,16209,0,0,0,0
20941.084,17310,57,0,0,0,0,0,8,493,5,45,0,0,0,0,0,0,0,0,0,0,0,0,0,0,0,0,0,0,0,0,0,0,222,16276,0,0,0,0
20957.268,16183,61,0,0,0,0,0,8,495,5,45,0,0,0,0,0,0,0,0,0,0,0,0,0,0,0,0,0,0,0,0,0,0,202,17312,0,0,0,0
20973.255,15986,62,0,0,0,0,0,8,462,5,45,0,0,0,0,0,0,0,0,0,0,0,0,0,0,0,0,0,0,0,0,0,0,233,16852,0,0,0,0
20991.240,17985,55,0,0,0,0,0,8,534,5,45,0,0,0,0,0,0,0,0,0,0,0,0,0,0,0,0,0,0,0,0,0,0,227,15433,0,0,0,0
21006.931,15691,63,0,0,0,0,0,8,521,5,45,0,0,0,0,0,0,0,0,0,0,0,0,0,0,0,0,0,0,0,0,0,0,232,18440,0,0,0,0
21023.901,16969,58,0,0,0,0,0,8,492,5,45,0,0,0,0,0,0,0,0,0,0,0,0,0,0,0,0,0,0,0,0,0,0,208,15280,0,0,0,0
21040.767,16866,59,0,0,0,0,0,8,465,5,45,0,0,0,0,0,0,0,0,0,0,0,0,0,0,0,0,0,0,0,0,0,0,203,16892,0,0,0,0
21056.925,16158,61,0,0,0,0,0,8,524,5,45,0,0,0,0,0,0,0,0,0,0,0,0,0,0,0,0,0,0,0,0,0,0,233,17256,0,0,0,0
21074.240,17314,57,0,0,0,0,0,8,497,5,45,0,0,0,0,0,0,0,0,0,0,0,0,0,0,0,0,0,0,0,0,0,0,222,16049,0,0,0,0
21091.241,17000,58,0,0,0,0,0,8,493,5,45,0,0,0,0,0,0,0,0,0,0,0,0,0,0,0,0,0,0,0,0,0,0,223,16034,0,0,0,0
21107.297,16056,62,0,0,0,0,0,8,497,5,45,0,0,0,0,0,0,0,0,0,0,0,0,0,0,0,0,0,0,0,0,0,0,239,18988,0,0,0,0
21123.275,15978,62,0,0,0,0,0,8,498,5,45,0,0,0,0,0,0,0,0,0,0,0,0,0,0,0,0,0,0,0,0,0,0,221,15112,0,0,0,0
21140.784,17508,57,0,0,0,0,0,8,484,5,45,0,0,0,0,0,0,0,0,0,0,0,0,0,0,0,0,0,0,0,0,0,0,222,15985,0,0,0,0
21156.954,16170,61,0,0,0,0,0,8,525,5,45,0,0,0,0,0,0,0,0,0,0,0,0,0,0,0,0,0,0,0,0,0,0,226,17817,0,0,0,0
21173.252,16297,61,0,0,0,0,0,8,465,5,45,0,0,0,0,0,0,0,0,0,0,0,0,0,0,0,0,0,0,0,0,0,0,232,15797,0,0,0,0
21191.240,17987,55,0,0,0,0,0,8,496,5,45,0,0,0,0,0,0,0,0,0,0,0,0,0,0,0,0,0,0,0,0,0,0,241,16336,0,0,0,0
21207.288,16047,62,0,0,0,0,0,8,531,5,45,0,0,0,0,0,0,0,0,0,0,0,0,0,0,0,0,0,0,0,0,0,0,241,18967,0,0,0,0
21223.762,16474,60,0,0,0,0,0,8,494,5,45,0,0,0,0,0,0,0,0,0,0,0,0,0,0,0,0,0,0,0,0,0,0,199,14950,0,0,0,0
21240.246,16484,60,0,0,0,0,0,8,502,5,45,0,0,0,0,0,0,0,0,0,0,0,0,0,0,0,0,0,0,0,0,0,0,215,16476,0,0,0,0
21258.250,18004,55,0,0,0,0,0,8,529,5,45,0,0,0,0,0,0,0,0,0,0,0,0,0,0,0,0,0,0,0,0,0,0,214,16517,0,0,0,0
21273.856,15605,64,0,0,0,0,0,8,455,5,45,0,0,0,0,0,0,0,0,0,0,0,0,0,0,0,0,0,0,0,0,0,0,231,18065,0,0,0,0
21290.400,16544,60,0,0,0,0,0,8,497,5,45,0,0,0,0,0,0,0,0,0,0,0,0,0,0,0,0,0,0,0,0,0,0,212,15472,0,0,0,0
21307.263,16862,59,0,0,0,0,0,8,526,5,45,0,0,0,0,0,0,0,0,0,0,0,0,0,0,0,0,0,0,0,0,0,0,238,17467,0,0,0,0
21323.244,15981,62,0,0,0,0,0,8,461,5,45,0,0,0,0,0,0,0,0,0,0,0,0,0,0,0,0,0,0,0,0,0,0,238,16546,0,0,0,0
21340.273,17029,58,0,0,0,0,0,8,521,5,45,0,0,0,0,0,0,0,0,0,0,0,0,0,0,0,0,0,0,0,0,0,0,240,15558,0,0,0,0
21356.442,16168,61,0,0,0,0,0,8,488,5,45,0,0,0,0,0,0,0,0,0,0,0,0,0,0,0,0,0,0,0,0,0,0,218,16926,0,0,0,0
21373.770,17327,57,0,0,0,0,0,8,492,5,45,0,0,0,0,0,0,0,0,0,0,0,0,0,0,0,0,0,0,0,0,0,0,233,16234,0,0,0,0
21390.581,16811,59,0,0,0,0,0,8,502,5,45,0,0,0,0,0,0,0,0,0,0,0,0,0,0,0,0,0,0,0,0,0,0,207,17255,0,0,0,0
21406.420,15839,63,0,0,0,0,0,8,524,5,45,0,0,0,0,0,0,0,0,0,0,0,0,0,0,0,0,0,0,0,0,0,0,248,16882,0,0,0,0
21423.770,17349,57,0,0,0,0,0,8,475,5,45,0,0,0,0,0,0,0,0,0,0,0,0,0,0,0,0,0,0,0,0,0,0,234,15861,0,0,0,0
21441.239,17469,57,0,0,0,0,0,8,488,5,45,0,0,0,0,0,0,0,0,0,0,0,0,0,0,0,0,0,0,0,0,0,0,232,17297,0,0,0,0
21457.375,16136,61,0,0,0,0,0,8,526,5,45,0,0,0,0,0,0,0,0,0,0,0,0,0,0,0,0,0,0,0,0,0,0,226,17942,0,0,0,0
21473.785,16409,60,0,0,0,0,0,8,521,5,45,0,0,0,0,0,0,0,0,0,0,0,0,0,0,0,0,0,0,0,0,0,0,229,15705,0,0,0,0
21491.253,17467,57,0,0,0,0,0,8,469,5,45,0,0,0,0,0,0,0,0,0,0,0,0,0,0,0,0,0,0,0,0,0,0,234,16449,0,0,0,0
21507.297,16043,62,0,0,0,0,0,8,491,5,45,0,0,0,0,0,0,0,0,0,0,0,0,0,0,0,0,0,0,0,0,0,0,241,17947,0,0,0,0
21523.774,16476,60,0,0,0,0,0,8,487,5,45,0,0,0,0,0,0,0,0,0,0,0,0,0,0,0,0,0,0,0,0,0,0,210,15459,0,0,0,0
21540.547,16773,59,0,0,0,0,0,8,505,5,45,0,0,0,0,0,0,0,0,0,0,0,0,0,0,0,0,0,0,0,0,0,0,261,16602,0,0,0,0
21556.908,16360,61,0,0,0,0,0,8,522,5,45,0,0,0,0,0,0,0,0,0,0,0,0,0,0,0,0,0,0,0,0,0,0,224,16604,0,0,0,0
21573.769,16861,59,0,0,0,0,0,8,490,5,45,0,0,0,0,0,0,0,0,0,0,0,0,0,0,0,0,0,0,0,0,0,0,230,16428,0,0,0,0
21590.363,16594,60,0,0,0,0,0,8,469,5,45,0,0,0,0,0,0,0,0,0,0,0,0,0,0,0,0,0,0,0,0,0,0,224,16958,0,0,0,0
21607.234,16870,59,0,0,0,0,0,8,529,5,45,0,0,0,0,0,0,0,0,0,0,0,0,0,0,0,0,0,0,0,0,0,0,240,16500,0,0,0,0
21624.243,17009,58,0,0,0,0,0,8,501,5,45,0,0,0,0,0,0,0,0,0,0,0,0,0,0,0,0,0,0,0,0,0,0,220,16881,0,0,0,0
21640.536,16292,61,0,0,0,0,0,8,485,5,45,0,0,0,0,0,0,0,0,0,0,0,0,0,0,0,0,0,0,0,0,0,0,235,17494,0,0,0,0
21657.310,16774,59,0,0,0,0,0,8,529,5,45,0,0,0,0,0,0,0,0,0,0,0,0,0,0,0,0,0,0,0,0,0,0,216,15920,0,0,0,0
21674.232,16922,59,0,0,0,0,0,8,455,5,45,0,0,0,0,0,0,0,0,0,0,0,0,0,0,0,0,0,0,0,0,0,0,223,16662,0,0,0,0
21690.343,16110,62,0,0,0,0,0,8,498,5,45,0,0,0,0,0,0,0,0,0,0,0,0,0,0,0,0,0,0,0,0,0,0,228,17024,0,0,0,0
21707.317,16973,58,0,0,0,0,0,8,532,5,45,0,0,0,0,0,0,0,0,0,0,0,0,0,0,0,0,0,0,0,0,0,0,230,15994,0,0,0,0
21724.249,16932,59,0,0,0,0,0,8,491,5,45,0,0,0,0,0,0,0,0,0,0,0,0,0,0,0,0,0,0,0,0,0,0,233,17023,0,0,0,0
21741.233,16984,58,0,0,0,0,0,8,495,5,45,0,0,0,0,0,0,0,0,0,0,0,0,0,0,0,0,0,0,0,0,0,0,240,16965,0,0,0,0
21757.398,16164,61,0,0,0,0,0,8,493,5,45,0,0,0,0,0,0,0,0,0,0,0,0,0,0,0,0,0,0,0,0,0,0,236,16870,0,0,0,0
21774.237,16839,59,0,0,0,0,0,8,504,5,45,0,0,0,0,0,0,0,0,0,0,0,0,0,0,0,0,0,0,0,0,0,0,239,16199,0,0,0,0
21790.401,16164,61,0,0,0,0,0,8,485,5,45,0,0,0,0,0,0,0,0,0,0,0,0,0,0,0,0,0,0,0,0,0,0,242,16957,0,0,0,0
21807.378,16967,58,0,0,0,0,0,8,526,5,45,0,0,0,0,0,0,0,0,0,0,0,0,0,0,0,0,0,0,0,0,0,0,242,16851,0,0,0,0
21824.242,16872,59,0,0,0,0,0,8,486,5,45,0,0,0,0,0,0,0,0,0,0,0,0,0,0,0,0,0,0,0,0,0,0,227,16189,0,0,0,0
21841.235,16993,58,0,0,0,0,0,8,471,5,45,0,0,0,0,0,0,0,0,0,0,0,0,0,0,0,0,0,0,0,0,0,0,235,16859,0,0,0,0
21856.948,15712,63,0,0,0,0,0,8,525,5,45,0,0,0,0,0,0,0,0,0,0,0,0,0,0,0,0,0,0,0,0,0,0,243,16987,0,0,0,0
21874.231,17282,57,0,0,0,0,0,8,501,5,45,0,0,0,0,0,0,0,0,0,0,0,0,0,0,0,0,0,0,0,0,0,0,235,15716,0,0,0,0
21890.748,16517,60,0,0,0,0,0,8,493,5,45,0,0,0,0,0,0,0,0,0,0,0,0,0,0,0,0,0,0,0,0,0,0,231,17367,0,0,0,0
21907.312,16564,60,0,0,0,0,0,8,495,5,45,0,0,0,0,0,0,0,0,0,0,0,0,0,0,0,0,0,0,0,0,0,0,225,16427,0,0,0,0
21923.272,15959,62,0,0,0,0,0,8,481,5,45,0,0,0,0,0,0,0,0,0,0,0,0,0,0,0,0,0,0,0,0,0,0,235,16570,0,0,0,0
21940.042,16770,59,0,0,0,0,0,8,504,5,45,0,0,0,0,0,0,0,0,0,0,0,0,0,0,0,0,0,0,0,0,0,0,232,15859,0,0,0,0
21957.369,17326,57,0,0,0,0,0,8,2742,5,45,0,0,0,0,0,0,0,0,0,0,0,0,0,0,0,0,0,0,0,0,0,0,539,26590,0,0,0,0
21974.232,16863,59,0,0,0,0,0,8,2381,5,45,0,0,0,0,0,0,0,0,0,0,0,0,0,0,0,0,0,0,0,0,0,0,215,17100,0,0,0,0
21990.369,16136,61,0,0,0,0,0,8,800,5,45,0,0,0,0,0,0,0,0,0,0,0,0,0,0,0,0,0,0,0,0,0,0,163,7284,0,0,0,0
22007.763,17394,57,0,0,0,0,0,8,3158,5,45,0,0,0,0,0,0,0,0,0,0,0,0,0,0,0,0,0,0,0,0,0,0,229,20491,0,0,0,0
22023.972,16209,61,0,0,0,0,0,8,619,5,45,0,0,0,0,0,0,0,0,0,0,0,0,0,0,0,0,0,0,0,0,0,0,215,13277,0,0,0,0
22040.755,16782,59,0,0,0,0,0,8,631,5,45,0,0,0,0,0,0,0,0,0,0,0,0,0,0,0,0,0,0,0,0,0,0,267,16516,0,0,0,0
22057.288,16533,60,0,0,0,0,0,8,738,5,45,0,0,0,0,0,0,0,0,0,0,0,0,0,0,0,0,0,0,0,0,0,0,240,17293,0,0,0,0
22073.237,15948,62,0,0,0,0,0,8,704,5,45,0,0,0,0,0,0,0,0,0,0,0,0,0,0,0,0,0,0,0,0,0,0,1667,17109,0,0,0,0
22089.873,16636,60,0,0,0,0,0,8,737,5,45,0,0,0,0,0,0,0,0,0,0,0,0,0,0,0,0,0,0,0,0,0,0,225,14898,0,0,0,0
22107.290,17417,57,0,0,0,0,0,8,651,5,45,0,0,0,0,0,0,0,0,0,0,0,0,0,0,0,0,0,0,0,0,0,0,236,16353,0,0,0,0
22123.743,16453,60,0,0,0,0,0,8,596,5,45,0,0,0,0,0,0,0,0,0,0,0,0,0,0,0,0,0,0,0,0,0,0,244,17323,0,0,0,0
22141.252,17508,57,0,0,0,0,0,8,606,5,45,0,0,0,0,0,0,0,0,0,0,0,0,0,0,0,0,0,0,0,0,0,0,252,16550,0,0,0,0
22157.449,16197,61,0,0,0,0,0,8,598,5,45,0,0,0,0,0,0,0,0,0,0,0,0,0,0,0,0,0,0,0,0,0,0,242,17327,0,0,0,0
22174.232,16782,59,0,0,0,0,0,8,596,5,45,0,0,0,0,0,0,0,0,0,0,0,0,0,0,0,0,0,0,0,0,0,0,240,16300,0,0,0,0
22190.380,16148,61,0,0,0,0,0,8,635,5,45,0,0,0,0,0,0,0,0,0,0,0,0,0,0,0,0,0,0,0,0,0,0,242,15755,0,0,0,0
22207.364,16984,58,0,0,0,0,0,8,661,5,45,0,0,0,0,0,0,0,0,0,0,0,0,0,0,0,0,0,0,0,0,0,0,249,17163,0,0,0,0
22223.761,16396,60,0,0,0,0,0,8,598,5,45,0,0,0,0,0,0,0,0,0,0,0,0,0,0,0,0,0,0,0,0,0,0,244,16987,0,0,0,0
22240.366,16604,60,0,0,0,0,0,8,612,5,45,0,0,0,0,0,0,0,0,0,0,0,0,0,0,0,0,0,0,0,0,0,0,226,16362,0,0,0,0
22258.245,17878,55,0,0,0,0,0,8,657,5,45,0,0,0,0,0,0,0,0,0,0,0,0,0,0,0,0,0,0,0,0,0,0,249,17010,0,0,0,0
22274.740,16496,60,0,0,0,0,0,8,646,5,45,0,0,0,0,0,0,0,0,0,0,0,0,0,0,0,0,0,0,0,0,0,0,252,17524,0,0,0,0
22290.506,15766,63,0,0,0,0,0,8,575,5,45,0,0,0,0,0,0,0,0,0,0,0,0,0,0,0,0,0,0,0,0,0,0,241,16585,0,0,0,0
22308.246,17739,56,0,0,0,0,0,8,615,5,45,0,0,0,0,0,0,0,0,0,0,0,0,0,0,0,0,0,0,0,0,0,0,246,15653,0,0,0,0
22323.237,14991,66,0,0,0,0,0,8,566,5,45,0,0,0,0,0,0,0,0,0,0,0,0,0,0,0,0,0,0,0,0,0,0,259,17801,0,0,0,0
22339.905,16667,59,0,0,0,0,0,8,643,5,45,0,0,0,0,0,0,0,0,0,0,0,0,0,0,0,0,0,0,0,0,0,0,248,14908,0,0,0,0
22357.325,17420,57,0,0,0,0,0,8,648,5,45,0,0,0,0,0,0,0,0,0,0,0,0,0,0,0,0,0,0,0,0,0,0,219,16525,0,0,0,0
22374.227,16902,59,0,0,0,0,0,8,1271,5,45,0,0,0,0,0,0,0,0,0,0,0,0,0,0,0,0,0,0,0,0,0,0,245,18881,0,0,0,0
22391.231,17004,58,0,0,0,0,0,8,587,5,45,0,0,0,0,0,0,0,0,0,0,0,0,0,0,0,0,0,0,0,0,0,0,260,15734,0,0,0,0
22406.922,15690,63,0,0,0,0,0,8,647,5,45,0,0,0,0,0,0,0,0,0,0,0,0,0,0,0,0,0,0,0,0,0,0,219,17238,0,0,0,0
22424.749,17827,56,0,0,0,0,0,8,650,5,45,0,0,0,0,0,0,0,0,0,0,0,0,0,0,0,0,0,0,0,0,0,0,220,15587,0,0,0,0
22441.231,16481,60,0,0,0,0,0,8,584,5,45,0,0,0,0,0,0,0,0,0,0,0,0,0,0,0,0,0,0,0,0,0,0,222,17610,0,0,0,0
22456.882,15651,63,0,0,0,0,0,8,643,5,45,0,0,0,0,0,0,0,0,0,0,0,0,0,0,0,0,0,0,0,0,0,0,237,16889,0,0,0,0
22473.773,16890,59,0,0,0,0,0,8,623,5,45,0,0,0,0,0,0,0,0,0,0,0,0,0,0,0,0,0,0,0,0,0,0,205,15124,0,0,0,0
22490.382,16609,60,0,0,0,0,0,8,587,5,45,0,0,0,0,0,0,0,0,0,0,0,0,0,0,0,0,0,0,0,0,0,0,235,17002,0,0,0,0
22507.306,16924,59,0,0,0,0,0,8,652,5,45,0,0,0,0,0,0,0,0,0,0,0,0,0,0,0,0,0,0,0,0,0,0,239,16560,0,0,0,0
22523.571,16264,61,0,0,0,0,0,8,611,5,45,0,0,0,0,0,0,0,0,0,0,0,0,0,0,0,0,0,0,0,0,0,0,213,16937,0,0,0,0
22540.389,16818,59,0,0,0,0,0,8,624,5,45,0,0,0,0,0,0,0,0,0,0,0,0,0,0,0,0,0,0,0,0,0,0,244,16857,0,0,0,0
22556.958,16568,60,0,0,0,0,0,8,611,5,45,0,0,0,0,0,0,0,0,0,0,0,0,0,0,0,0,0,0,0,0,0,0,232,17083,0,0,0,0
22573.762,16803,59,0,0,0,0,0,8,616,5,45,0,0,0,0,0,0,0,0,0,0,0,0,0,0,0,0,0,0,0,0,0,0,221,15690,0,0,0,0
22590.368,16605,60,0,0,0,0,0,8,626,5,45,0,0,0,0,0,0,0,0,0,0,0,0,0,0,0,0,0,0,0,0,0,0,231,16796,0,0,0,0
22608.233,17855,56,0,0,0,0,0,8,651,5,45,0,0,0,0,0,0,0,0,0,0,0,0,0,0,0,0,0,0,0,0,0,0,224,16633,0,0,0,0
22624.224,16001,62,0,0,0,0,0,8,2745,5,45,0,0,0,0,0,0,0,0,0,0,0,0,0,0,0,0,0,0,0,0,0,0,242,20298,0,0,0,0
22640.508,16284,61,0,0,0,0,0,8,619,5,45,0,0,0,0,0,0,0,0,0,0,0,0,0,0,0,0,0,0,0,0,0,0,210,13589,0,0,0,0
22657.261,16752,59,0,0,0,0,0,8,663,5,45,0,0,0,0,0,0,0,0,0,0,0,0,0,0,0,0,0,0,0,0,0,0,227,16249,0,0,0,0
22673.761,16500,60,0,0,0,0,0,8,620,5,45,0,0,0,0,0,0,0,0,0,0,0,0,0,0,0,0,0,0,0,0,0,0,236,16767,0,0,0,0
22690.510,16747,59,0,0,0,0,0,8,640,5,45,0,0,0,0,0,0,0,0,0,0,0,0,0,0,0,0,0,0,0,0,0,0,219,16495,0,0,0,0
22706.951,16441,60,0,0,0,0,0,8,628,5,45,0,0,0,0,0,0,0,0,0,0,0,0,0,0,0,0,0,0,0,0,0,0,242,16800,0,0,0,0
22723.777,16826,59,0,0,0,0,0,8,623,5,45,0,0,0,0,0,0,0,0,0,0,0,0,0,0,0,0,0,0,0,0,0,0,282,16419,0,0,0,0
22740.524,16747,59,0,0,0,0,0,8,643,5,45,0,0,0,0,0,0,0,0,0,0,0,0,0,0,0,0,0,0,0,0,0,0,239,16840,0,0,0,0
22757.229,16705,59,0,0,0,0,0,8,659,5,45,0,0,0,0,0,0,0,0,0,0,0,0,0,0,0,0,0,0,0,0,0,0,261,16695,0,0,0,0
22774.222,16993,58,0,0,0,0,0,8,629,5,45,0,0,0,0,0,0,0,0,0,0,0,0,0,0,0,0,0,0,0,0,0,0,219,16789,0,0,0,0
22790.501,16278,61,0,0,0,0,0,8,597,5,45,0,0,0,0,0,0,0,0,0,0,0,0,0,0,0,0,0,0,0,0,0,0,226,15882,0,0,0,0
22807.291,16790,59,0,0,0,0,0,8,666,5,45,0,0,0,0,0,0,0,0,0,0,0,0,0,0,0,0,0,0,0,0,0,0,247,17277,0,0,0,0
22823.986,16695,59,0,0,0,0,0,8,628,5,45,0,0,0,0,0,0,0,0,0,0,0,0,0,0,0,0,0,0,0,0,0,0,242,16809,0,0,0,0
22841.227,17240,58,0,0,0,0,0,8,639,5,45,0,0,0,0,0,0,0,0,0,0,0,0,0,0,0,0,0,0,0,0,0,0,253,16898,0,0,0,0
22857.280,16053,62,0,0,0,0,0,8,659,5,45,0,0,0,0,0,0,0,0,0,0,0,0,0,0,0,0,0,0,0,0,0,0,226,17193,0,0,0,0
22873.741,16460,60,0,0,0,0,0,8,584,5,45,0,0,0,0,0,0,0,0,0,0,0,0,0,0,0,0,0,0,0,0,0,0,239,15835,0,0,0,0
22890.590,16849,59,0,0,0,0,0,8,638,5,45,0,0,0,0,0,0,0,0,0,0,0,0,0,0,0,0,0,0,0,0,0,0,243,16959,0,0,0,0
22907.380,16789,59,0,0,0,0,0,8,668,5,45,0,0,0,0,0,0,0,0,0,0,0,0,0,0,0,0,0,0,0,0,0,0,239,16423,0,0,0,0
22923.706,16326,61,0,0,0,0,0,8,621,5,45,0,0,0,0,0,0,0,0,0,0,0,0,0,0,0,0,0,0,0,0,0,0,242,16784,0,0,0,0
22940.032,16326,61,0,0,0,0,0,8,634,5,45,0,0,0,0,0,0,0,0,0,0,0,0,0,0,0,0,0,0,0,0,0,0,220,16168,0,0,0,0
22956.914,16881,59,0,0,0,0,0,8,635,5,45,0,0,0,0,0,0,0,0,0,0,0,0,0,0,0,0,0,0,0,0,0,0,222,16434,0,0,0,0
22974.220,17306,57,0,0,0,0,0,8,630,5,45,0,0,0,0,0,0,0,0,0,0,0,0,0,0,0,0,0,0,0,0,0,0,236,16891,0,0,0,0
22990.739,16518,60,0,0,0,0,0,8,638,5,45,0,0,0,0,0,0,0,0,0,0,0,0,0,0,0,0,0,0,0,0,0,0,249,17443,0,0,0,0
23008.240,17501,57,0,0,0,0,0,8,667,5,45,0,0,0,0,0,0,0,0,0,0,0,0,0,0,0,0,0,0,0,0,0,0,246,16861,0,0,0,0
23023.534,15294,65,0,0,0,0,0,8,605,5,45,0,0,0,0,0,0,0,0,0,0,0,0,0,0,0,0,0,0,0,0,0,0,254,17067,0,0,0,0
23041.001,17466,57,0,0,0,0,0,8,622,5,45,0,0,0,0,0,0,0,0,0,0,0,0,0,0,0,0,0,0,0,0,0,0,224,15441,0,0,0,0
23057.361,16360,61,0,0,0,0,0,8,663,5,45,0,0,0,0,0,0,0,0,0,0,0,0,0,0,0,0,0,0,0,0,0,0,222,17189,0,0,0,0
23073.739,16377,61,0,0,0,0,0,8,623,5,45,0,0,0,0,0,0,0,0,0,0,0,0,0,0,0,0,0,0,0,0,0,0,234,16503,0,0,0,0
23090.512,16773,59,0,0,0,0,0,8,634,5,45,0,0,0,0,0,0,0,0,0,0,0,0,0,0,0,0,0,0,0,0,0,0,237,16790,0,0,0,0
23106.936,16424,60,0,0,0,0,0,8,631,5,45,0,0,0,0,0,0,0,0,0,0,0,0,0,0,0,0,0,0,0,0,0,0,271,16436,0,0,0,0
23123.911,16975,58,0,0,0,0,0,8,628,5,45,0,0,0,0,0,0,0,0,0,0,0,0,0,0,0,0,0,0,0,0,0,0,222,16277,0,0,0,0
23140.054,16142,61,0,0,0,0,0,8,639,5,45,0,0,0,0,0,0,0,0,0,0,0,0,0,0,0,0,0,0,0,0,0,0,237,17330,0,0,0,0
23156.907,16853,59,0,0,0,0,0,8,666,5,45,0,0,0,0,0,0,0,0,0,0,0,0,0,0,0,0,0,0,0,0,0,0,218,15699,0,0,0,0
23174.223,17316,57,0,0,0,0,0,8,634,5,45,0,0,0,0,0,0,0,0,0,0,0,0,0,0,0,0,0,0,0,0,0,0,255,17007,0,0,0,0
23191.222,16998,58,0,0,0,0,0,8,594,5,45,0,0,0,0,0,0,0,0,0,0,0,0,0,0,0,0,0,0,0,0,0,0,216,16255,0,0,0,0
23206.897,15675,63,0,0,0,0,0,8,662,5,45,0,0,0,0,0,0,0,0,0,0,0,0,0,0,0,0,0,0,0,0,0,0,253,18511,0,0,0,0
23224.228,17330,57,0,0,0,0,0,8,641,5,45,0,0,0,0,0,0,0,0,0,0,0,0,0,0,0,0,0,0,0,0,0,0,236,15306,0,0,0,0
23240.751,16523,60,0,0,0,0,0,8,622,5,45,0,0,0,0,0,0,0,0,0,0,0,0,0,0,0,0,0,0,0,0,0,0,227,16200,0,0,0,0
23258.227,17465,57,0,0,0,0,0,8,669,5,45,0,0,0,0,0,0,0,0,0,0,0,0,0,0,0,0,0,0,0,0,0,0,214,17502,0,0,0,0
23273.646,15429,64,0,0,0,0,0,8,589,5,45,0,0,0,0,0,0,0,0,0,0,0,0,0,0,0,0,0,0,0,0,0,0,235,17534,0,0,0,0
23290.357,16711,59,0,0,0,0,0,8,638,5,45,0,0,0,0,0,0,0,0,0,0,0,0,0,0,0,0,0,0,0,0,0,0,223,15263,0,0,0,0
23307.378,17020,58,0,0,0,0,0,8,663,5,45,0,0,0,0,0,0,0,0,0,0,0,0,0,0,0,0,0,0,0,0,0,0,229,16910,0,0,0,0
23323.773,16395,60,0,0,0,0,0,8,619,5,45,0,0,0,0,0,0,0,0,0,0,0,0,0,0,0,0,0,0,0,0,0,0,227,16858,0,0,0,0
23340.419,16646,60,0,0,0,0,0,8,634,5,45,0,0,0,0,0,0,0,0,0,0,0,0,0,0,0,0,0,0,0,0,0,0,219,16464,0,0,0,0
23357.319,16899,59,0,0,0,0,0,8,639,5,45,0,0,0,0,0,0,0,0,0,0,0,0,0,0,0,0,0,0,0,0,0,0,234,16638,0,0,0,0
23374.218,16899,59,0,0,0,0,0,8,628,5,45,0,0,0,0,0,0,0,0,0,0,0,0,0,0,0,0,0,0,0,0,0,0,242,16955,0,0,0,0
23389.868,15649,63,0,0,0,0,0,8,635,5,45,0,0,0,0,0,0,0,0,0,0,0,0,0,0,0,0,0,0,0,0,0,0,232,16986,0,0,0,0
23407.384,17515,57,0,0,0,0,0,8,664,5,45,0,0,0,0,0,0,0,0,0,0,0,0,0,0,0,0,0,0,0,0,0,0,237,15859,0,0,0,0
23423.253,15869,63,0,0,0,0,0,8,588,5,45,0,0,0,0,0,0,0,0,0,0,0,0,0,0,0,0,0,0,0,0,0,0,245,17225,0,0,0,0
23440.254,17001,58,0,0,0,0,0,8,636,5,45,0,0,0,0,0,0,0,0,0,0,0,0,0,0,0,0,0,0,0,0,0,0,212,15840,0,0,0,0
23458.234,17980,55,0,0,0,0,0,8,669,5,45,0,0,0,0,0,0,0,0,0,0,0,0,0,0,0,0,0,0,0,0,0,0,249,17087,0,0,0,0
23473.744,15509,64,0,0,0,0,0,8,617,5,45,0,0,0,0,0,0,0,0,0,0,0,0,0,0,0,0,0,0,0,0,0,0,234,17896,0,0,0,0
23490.357,16612,60,0,0,0,0,0,8,632,5,45,0,0,0,0,0,0,0,0,0,0,0,0,0,0,0,0,0,0,0,0,0,0,212,15450,0,0,0,0
23506.921,16564,60,0,0,0,0,0,8,633,5,45,0,0,0,0,0,0,0,0,0,0,0,0,0,0,0,0,0,0,0,0,0,0,257,16844,0,0,0,0
23524.215,17294,57,0,0,0,0,0,8,637,5,45,0,0,0,0,0,0,0,0,0,0,0,0,0,0,0,0,0,0,0,0,0,0,210,16331,0,0,0,0
23540.395,16179,61,0,0,0,0,0,8,619,5,45,0,0,0,0,0,0,0,0,0,0,0,0,0,0,0,0,0,0,0,0,0,0,231,17454,0,0,0,0
23557.217,16822,59,0,0,0,0,0,8,663,5,45,0,0,0,0,0,0,0,0,0,0,0,0,0,0,0,0,0,0,0,0,0,0,274,16191,0,0,0,0
23573.734,16516,60,0,0,0,0,0,8,616,5,45,0,0,0,0,0,0,0,0,0,0,0,0,0,0,0,0,0,0,0,0,0,0,241,16717,0,0,0,0
23590.733,16999,58,0,0,0,0,0,8,606,5,45,0,0,0,0,0,0,0,0,0,0,0,0,0,0,0,0,0,0,0,0,0,0,231,16940,0,0,0,0
23607.278,16545,60,0,0,0,0,0,8,667,5,45,0,0,0,0,0,0,0,0,0,0,0,0,0,0,0,0,0,0,0,0,0,0,240,17034,0,0,0,0
23623.925,16646,60,0,0,0,0,0,8,660,5,45,0,0,0,0,0,0,0,0,0,0,0,0,0,0,0,0,0,0,0,0,0,0,217,16037,0,0,0,0
23640.360,16435,60,0,0,0,0,0,8,595,5,45,0,0,0,0,0,0,0,0,0,0,0,0,0,0,0,0,0,0,0,0,0,0,234,16952,0,0,0,0
23657.273,16903,59,0,0,0,0,0,8,666,5,45,0,0,0,0,0,0,0,0,0,0,0,0,0,0,0,0,0,0,0,0,0,0,224,16152,0,0,0,0
23673.514,16250,61,0,0,0,0,0,8,586,5,45,0,0,0,0,0,0,0,0,0,0,0,0,0,0,0,0,0,0,0,0,0,0,239,16961,0,0,0,0
23690.295,16781,59,0,0,0,0,0,8,635,5,45,0,0,0,0,0,0,0,0,0,0,0,0,0,0,0,0,0,0,0,0,0,0,220,16247,0,0,0,0
23707.248,16953,58,0,0,0,0,0,8,666,5,45,0,0,0,0,0,0,0,0,0,0,0,0,0,0,0,0,0,0,0,0,0,0,265,16818,0,0,0,0
23723.935,16686,59,0,0,0,0,0,8,659,5,45,0,0,0,0,0,0,0,0,0,0,0,0,0,0,0,0,0,0,0,0,0,0,216,16876,0,0,0,0
23739.983,16048,62,0,0,0,0,0,8,592,5,45,0,0,0,0,0,0,0,0,0,0,0,0,0,0,0,0,0,0,0,0,0,0,234,16989,0,0,0,0
23757.356,17372,57,0,0,0,0,0,8,639,5,45,0,0,0,0,0,0,0,0,0,0,0,0,0,0,0,0,0,0,0,0,0,0,233,15654,0,0,0,0
23774.221,16865,59,0,0,0,0,0,8,627,5,45,0,0,0,0,0,0,0,0,0,0,0,0,0,0,0,0,0,0,0,0,0,0,224,17483,0,0,0,0
23791.220,16998,58,0,0,0,0,0,8,627,5,45,0,0,0,0,0,0,0,0,0,0,0,0,0,0,0,0,0,0,0,0,0,0,237,16929,0,0,0,0
23807.358,16138,61,0,0,0,0,0,8,660,5,45,0,0,0,0,0,0,0,0,0,0,0,0,0,0,0,0,0,0,0,0,0,0,244,16941,0,0,0,0
23823.733,16375,61,0,0,0,0,0,8,608,5,45,0,0,0,0,0,0,0,0,0,0,0,0,0,0,0,0,0,0,0,0,0,0,230,16933,0,0,0,0
23841.212,17478,57,0,0,0,0,0,8,617,5,45,0,0,0,0,0,0,0,0,0,0,0,0,0,0,0,0,0,0,0,0,0,0,224,15648,0,0,0,0
23856.399,15186,65,0,0,0,0,0,8,658,5,45,0,0,0,0,0,0,0,0,0,0,0,0,0,0,0,0,0,0,0,0,0,0,231,18372,0,0,0,0
23873.224,16824,59,0,0,0,0,0,8,597,5,45,0,0,0,0,0,0,0,0,0,0,0,0,0,0,0,0,0,0,0,0,0,0,227,14214,0,0,0,0
23890.399,17175,58,0,0,0,0,0,8,668,5,45,0,0,0,0,0,0,0,0,0,0,0,0,0,0,0,0,0,0,0,0,0,0,231,16731,0,0,0,0
23906.823,16424,60,0,0,0,0,0,8,631,5,45,0,0,0,0,0,0,0,0,0,0,0,0,0,0,0,0,0,0,0,0,0,0,234,17359,0,0,0,0
23923.729,16905,59,0,0,0,0,0,8,624,5,45,0,0,0,0,0,0,0,0,0,0,0,0,0,0,0,0,0,0,0,0,0,0,234,16291,0,0,0,0
23940.591,16862,59,0,0,0,0,0,8,642,5,45,0,0,0,0,0,0,0,0,0,0,0,0,0,0,0,0,0,0,0,0,0,0,239,17373,0,0,0,0
23957.349,16758,59,0,0,0,0,0,8,665,5,45,0,0,0,0,0,0,0,0,0,0,0,0,0,0,0,0,0,0,0,0,0,0,237,17003,0,0,0,0
23973.672,16323,61,0,0,0,0,0,8,663,5,45,0,0,0,0,0,0,0,0,0,0,0,0,0,0,0,0,0,0,0,0,0,0,233,16189,0,0,0,0
23990.359,16686,59,0,0,0,0,0,8,565,5,45,0,0,0,0,0,0,0,0,0,0,0,0,0,0,0,0,0,0,0,0,0,0,236,16456,0,0,0,0
24006.898,16539,60,0,0,0,0,0,8,661,5,45,0,0,0,0,0,0,0,0,0,0,0,0,0,0,0,0,0,0,0,0,0,0,231,16577,0,0,0,0
24023.737,16838,59,0,0,0,0,0,8,628,5,45,0,0,0,0,0,0,0,0,0,0,0,0,0,0,0,0,0,0,0,0,0,0,236,16489,0,0,0,0
24040.358,16620,60,0,0,0,0,0,8,632,5,45,0,0,0,0,0,0,0,0,0,0,0,0,0,0,0,0,0,0,0,0,0,0,214,16812,0,0,0,0
24057.253,16894,59,0,0,0,0,0,8,668,5,45,0,0,0,0,0,0,0,0,0,0,0,0,0,0,0,0,0,0,0,0,0,0,235,16582,0,0,0,0
24073.671,16417,60,0,0,0,0,0,8,630,5,45,0,0,0,0,0,0,0,0,0,0,0,0,0,0,0,0,0,0,0,0,0,0,250,17039,0,0,0,0
24091.211,17539,57,0,0,0,0,0,8,600,5,45,0,0,0,0,0,0,0,0,0,0,0,0,0,0,0,0,0,0,0,0,0,0,232,16430,0,0,0,0
24106.729,15518,64,0,0,0,0,0,8,662,5,45,0,0,0,0,0,0,0,0,0,0,0,0,0,0,0,0,0,0,0,0,0,0,231,17428,0,0,0,0
24123.247,16517,60,0,0,0,0,0,8,638,5,45,0,0,0,0,0,0,0,0,0,0,0,0,0,0,0,0,0,0,0,0,0,0,213,15454,0,0,0,0
24140.847,17583,56,0,0,0,0,0,8,629,5,45,0,0,0,0,0,0,0,0,0,0,0,0,0,0,0,0,0,0,0,0,0,0,229,16680,0,0,0,0
24157.351,16520,60,0,0,0,0,0,8,633,5,45,0,0,0,0,0,0,0,0,0,0,0,0,0,0,0,0,0,0,0,0,0,0,251,17586,0,0,0,0
24173.736,16385,61,0,0,0,0,0,8,623,5,45,0,0,0,0,0,0,0,0,0,0,0,0,0,0,0,0,0,0,0,0,0,0,229,16840,0,0,0,0
24190.369,16633,60,0,0,0,0,0,8,643,5,45,0,0,0,0,0,0,0,0,0,0,0,0,0,0,0,0,0,0,0,0,0,0,220,15994,0,0,0,0
24207.277,16907,59,0,0,0,0,0,8,664,5,45,0,0,0,0,0,0,0,0,0,0,0,0,0,0,0,0,0,0,0,0,0,0,243,16662,0,0,0,0
24224.208,16930,59,0,0,0,0,0,8,605,5,45,0,0,0,0,0,0,0,0,0,0,0,0,0,0,0,0,0,0,0,0,0,0,230,16899,0,0,0,0
24239.857,15648,63,0,0,0,0,0,8,615,5,45,0,0,0,0,0,0,0,0,0,0,0,0,0,0,0,0,0,0,0,0,0,0,230,17084,0,0,0,0
24257.346,17489,57,0,0,0,0,0,8,663,5,45,0,0,0,0,0,0,0,0,0,0,0,0,0,0,0,0,0,0,0,0,0,0,234,15460,0,0,0,0
24273.998,16651,60,0,0,0,0,0,8,665,5,45,0,0,0,0,0,0,0,0,0,0,0,0,0,0,0,0,0,0,0,0,0,0,276,17633,0,0,0,0
24290.759,16761,59,0,0,0,0,0,8,597,5,45,0,0,0,0,0,0,0,0,0,0,0,0,0,0,0,0,0,0,0,0,0,0,235,16693,0,0,0,0
24306.933,16173,61,0,0,0,0,0,8,628,5,45,0,0,0,0,0,0,0,0,0,0,0,0,0,0,0,0,0,0,0,0,0,0,204,16445,0,0,0,0
24323.592,16659,60,0,0,0,0,0,8,628,5,45,0,0,0,0,0,0,0,0,0,0,0,0,0,0,0,0,0,0,0,0,0,0,221,16295,0,0,0,0
24340.628,17036,58,0,0,0,0,0,8,642,5,45,0,0,0,0,0,0,0,0,0,0,0,0,0,0,0,0,0,0,0,0,0,0,236,16669,0,0,0,0
24357.346,16717,59,0,0,0,0,0,8,663,5,45,0,0,0,0,0,0,0,0,0,0,0,0,0,0,0,0,0,0,0,0,0,0,224,17082,0,0,0,0
24374.726,17380,57,0,0,0,0,0,8,660,5,45,0,0,0,0,0,0,0,0,0,0,0,0,0,0,0,0,0,0,0,0,0,0,232,16693,0,0,0,0
24391.211,16484,60,0,0,0,0,0,8,568,5,45,0,0,0,0,0,0,0,0,0,0,0,0,0,0,0,0,0,0,0,0,0,0,240,17478,0,0,0,0
24407.236,16025,62,0,0,0,0,0,8,661,5,45,0,0,0,0,0,0,0,0,0,0,0,0,0,0,0,0,0,0,0,0,0,0,246,16937,0,0,0,0
24423.745,16509,60,0,0,0,0,0,8,625,5,45,0,0,0,0,0,0,0,0,0,0,0,0,0,0,0,0,0,0,0,0,0,0,220,15500,0,0,0,0
24440.359,16613,60,0,0,0,0,0,8,641,5,45,0,0,0,0,0,0,0,0,0,0,0,0,0,0,0,0,0,0,0,0,0,0,210,16492,0,0,0,0
24457.727,17368,57,0,0,0,0,0,8,669,5,45,0,0,0,0,0,0,0,0,0,0,0,0,0,0,0,0,0,0,0,0,0,0,230,16668,0,0,0,0
24473.245,15517,64,0,0,0,0,0,8,555,5,45,0,0,0,0,0,0,0,0,0,0,0,0,0,0,0,0,0,0,0,0,0,0,243,17344,0,0,0,0
24490.249,17004,58,0,0,0,0,0,8,668,5,45,0,0,0,0,0,0,0,0,0,0,0,0,0,0,0,0,0,0,0,0,0,0,203,15372,0,0,0,0
24507.212,16962,58,0,0,0,0,0,8,662,5,45,0,0,0,0,0,0,0,0,0,0,0,0,0,0,0,0,0,0,0,0,0,0,246,17126,0,0,0,0
24523.588,16376,61,0,0,0,0,0,8,625,5,45,0,0,0,0,0,0,0,0,0,0,0,0,0,0,0,0,0,0,0,0,0,0,243,16974,0,0,0,0
24541.214,17625,56,0,0,0,0,0,8,632,5,45,0,0,0,0,0,0,0,0,0,0,0,0,0,0,0,0,0,0,0,0,0,0,218,16911,0,0,0,0
24556.911,15696,63,0,0,0,0,0,8,627,5,45,0,0,0,0,0,0,0,0,0,0,0,0,0,0,0,0,0,0,0,0,0,0,293,17126,0,0,0,0
24574.206,17294,57,0,0,0,0,0,8,633,5,45,0,0,0,0,0,0,0,0,0,0,0,0,0,0,0,0,0,0,0,0,0,0,214,15478,0,0,0,0
24590.345,16139,61,0,0,0,0,0,8,627,5,45,0,0,0,0,0,0,0,0,0,0,0,0,0,0,0,0,0,0,0,0,0,0,240,17542,0,0,0,0
24606.894,16549,60,0,0,0,0,0,8,664,5,45,0,0,0,0,0,0,0,0,0,0,0,0,0,0,0,0,0,0,0,0,0,0,225,16052,0,0,0,0
24623.945,17050,58,0,0,0,0,0,8,631,5,45,0,0,0,0,0,0,0,0,0,0,0,0,0,0,0,0,0,0,0,0,0,0,218,16496,0,0,0,0
24641.214,17269,57,0,0,0,0,0,8,607,5,45,0,0,0,0,0,0,0,0,0,0,0,0,0,0,0,0,0,0,0,0,0,0,235,17076,0,0,0,0
24657.266,16051,62,0,0,0,0,0,8,665,5,45,0,0,0,0,0,0,0,0,0,0,0,0,0,0,0,0,0,0,0,0,0,0,239,17786,0,0,0,0
24673.731,16465,60,0,0,0,0,0,8,621,5,45,0,0,0,0,0,0,0,0,0,0,0,0,0,0,0,0,0,0,0,0,0,0,218,15538,0,0,0,0
24690.524,16793,59,0,0,0,0,0,8,642,5,45,0,0,0,0,0,0,0,0,0,0,0,0,0,0,0,0,0,0,0,0,0,0,263,16626,0,0,0,0
24707.347,16822,59,0,0,0,0,0,8,633,5,45,0,0,0,0,0,0,0,0,0,0,0,0,0,0,0,0,0,0,0,0,0,0,252,16677,0,0,0,0
24723.739,16392,61,0,0,0,0,0,8,618,5,45,0,0,0,0,0,0,0,0,0,0,0,0,0,0,0,0,0,0,0,0,0,0,229,16796,0,0,0,0
24741.205,17466,57,0,0,0,0,0,8,645,5,45,0,0,0,0,0,0,0,0,0,0,0,0,0,0,0,0,0,0,0,0,0,0,219,16470,0,0,0,0
24757.205,15999,62,0,0,0,0,0,8,661,5,45,0,0,0,0,0,0,0,0,0,0,0,0,0,0,0,0,0,0,0,0,0,0,246,17862,0,0,0,0
24773.557,16352,61,0,0,0,0,0,8,624,5,45,0,0,0,0,0,0,0,0,0,0,0,0,0,0,0,0,0,0,0,0,0,0,224,15498,0,0,0,0
24790.348,16790,59,0,0,0,0,0,8,600,5,45,0,0,0,0,0,0,0,0,0,0,0,0,0,0,0,0,0,0,0,0,0,0,248,16355,0,0,0,0
24808.225,17876,55,0,0,0,0,0,8,665,5,45,0,0,0,0,0,0,0,0,0,0,0,0,0,0,0,0,0,0,0,0,0,0,230,16799,0,0,0,0
24823.607,15382,65,0,0,0,0,0,8,621,5,45,0,0,0,0,0,0,0,0,0,0,0,0,0,0,0,0,0,0,0,0,0,0,239,17951,0,0,0,0
24841.205,17597,56,0,0,0,0,0,8,640,5,45,0,0,0,0,0,0,0,0,0,0,0,0,0,0,0,0,0,0,0,0,0,0,213,15266,0,0,0,0
24858.210,17005,58,0,0,0,0,0,8,660,5,45,0,0,0,0,0,0,0,0,0,0,0,0,0,0,0,0,0,0,0,0,0,0,233,17600,0,0,0,0
24874.214,16004,62,0,0,0,0,0,8,602,5,45,0,0,0,0,0,0,0,0,0,0,0,0,0,0,0,0,0,0,0,0,0,0,237,17077,0,0,0,0
24890.738,16524,60,0,0,0,0,0,8,619,5,45,0,0,0,0,0,0,0,0,0,0,0,0,0,0,0,0,0,0,0,0,0,0,233,16099,0,0,0,0
24907.300,16561,60,0,0,0,0,0,8,663,5,45,0,0,0,0,0,0,0,0,0,0,0,0,0,0,0,0,0,0,0,0,0,0,231,16407,0,0,0,0
24924.209,16909,59,0,0,0,0,0,8,630,5,45,0,0,0,0,0,0,0,0,0,0,0,0,0,0,0,0,0,0,0,0,0,0,207,16522,0,0,0,0
24940.534,16325,61,0,0,0,0,0,8,629,5,45,0,0,0,0,0,0,0,0,0,0,0,0,0,0,0,0,0,0,0,0,0,0,251,17038,0,0,0,0
24956.922,16387,61,0,0,0,0,0,8,628,5,45,0,0,0,0,0,0,0,0,0,0,0,0,0,0,0,0,0,0,0,0,0,0,241,16226,0,0,0,0
24973.734,16812,59,0,0,0,0,0,8,624,5,45,0,0,0,0,0,0,0,0,0,0,0,0,0,0,0,0,0,0,0,0,0,0,232,16627,0,0,0,0
24990.326,16592,60,0,0,0,0,0,8,634,5,45,0,0,0,0,0,0,0,0,0,0,0,0,0,0,0,0,0,0,0,0,0,0,210,16423,0,0,0,0
25007.342,17015,58,0,0,0,0,0,8,665,5,45,0,0,0,0,0,0,0,0,0,0,0,0,0,0,0,0,0,0,0,0,0,0,242,16830,0,0,0,0
25024.206,16864,59,0,0,0,0,0,8,606,5,45,0,0,0,0,0,0,0,0,0,0,0,0,0,0,0,0,0,0,0,0,0,0,233,16955,0,0,0,0
25040.486,16279,61,0,0,0,0,0,8,619,5,45,0,0,0,0,0,0,0,0,0,0,0,0,0,0,0,0,0,0,0,0,0,0,242,16932,0,0,0,0
25057.212,16726,59,0,0,0,0,0,8,664,5,45,0,0,0,0,0,0,0,0,0,0,0,0,0,0,0,0,0,0,0,0,0,0,233,16188,0,0,0,0
25073.568,16355,61,0,0,0,0,0,8,623,5,45,0,0,0,0,0,0,0,0,0,0,0,0,0,0,0,0,0,0,0,0,0,0,235,16716,0,0,0,0
25090.206,16638,60,0,0,0,0,0,8,636,5,45,0,0,0,0,0,0,0,0,0,0,0,0,0,0,0,0,0,0,0,0,0,0,223,16341,0,0,0,0
25107.226,17019,58,0,0,0,0,0,8,629,5,45,0,0,0,0,0,0,0,0,0,0,0,0,0,0,0,0,0,0,0,0,0,0,270,16719,0,0,0,0
25123.921,16695,59,0,0,0,0,0,8,615,5,45,0,0,0,0,0,0,0,0,0,0,0,0,0,0,0,0,0,0,0,0,0,0,252,16968,0,0,0,0
25140.718,16797,59,0,0,0,0,0,8,642,5,45,0,0,0,0,0,0,0,0,0,0,0,0,0,0,0,0,0,0,0,0,0,0,243,16922,0,0,0,0
25157.264,16545,60,0,0,0,0,0,8,663,5,45,0,0,0,0,0,0,0,0,0,0,0,0,0,0,0,0,0,0,0,0,0,0,226,16464,0,0,0,0
25173.211,15947,62,0,0,0,0,0,8,596,5,45,0,0,0,0,0,0,0,0,0,0,0,0,0,0,0,0,0,0,0,0,0,0,228,16737,0,0,0,0
25189.857,16645,60,0,0,0,0,0,8,635,5,45,0,0,0,0,0,0,0,0,0,0,0,0,0,0,0,0,0,0,0,0,0,0,245,15868,0,0,0,0
25207.904,18047,55,0,0,0,0,0,8,670,5,45,0,0,0,0,0,0,0,0,0,0,0,0,0,0,0,0,0,0,0,0,0,0,239,16635,0,0,0,0
25223.242,15337,65,0,0,0,0,0,8,616,5,45,0,0,0,0,0,0,0,0,0,0,0,0,0,0,0,0,0,0,0,0,0,0,225,17972,0,0,0,0
25241.202,17959,55,0,0,0,0,0,8,638,5,45,0,0,0,0,0,0,0,0,0,0,0,0,0,0,0,0,0,0,0,0,0,0,220,15843,0,0,0,0
25256.894,15692,63,0,0,0,0,0,8,661,5,45,0,0,0,0,0,0,0,0,0,0,0,0,0,0,0,0,0,0,0,0,0,0,235,17531,0,0,0,0
25274.725,17830,56,0,0,0,0,0,8,634,5,45,0,0,0,0,0,0,0,0,0,0,0,0,0,0,0,0,0,0,0,0,0,0,230,15679,0,0,0,0
25291.211,16486,60,0,0,0,0,0,8,600,5,45,0,0,0,0,0,0,0,0,0,0,0,0,0,0,0,0,0,0,0,0,0,0,258,18014,0,0,0,0
25307.299,16087,62,0,0,0,0,0,8,657,5,45,0,0,0,0,0,0,0,0,0,0,0,0,0,0,0,0,0,0,0,0,0,0,231,16831,0,0,0,0
25323.228,15929,62,0,0,0,0,0,8,594,5,45,0,0,0,0,0,0,0,0,0,0,0,0,0,0,0,0,0,0,0,0,0,0,207,16423,0,0,0,0
25341.210,17982,55,0,0,0,0,0,8,672,5,45,0,0,0,0,0,0,0,0,0,0,0,0,0,0,0,0,0,0,0,0,0,0,220,14934,0,0,0,0
25357.203,15992,62,0,0,0,0,0,8,631,5,45,0,0,0,0,0,0,0,0,0,0,0,0,0,0,0,0,0,0,0,0,0,0,231,19158,0,0,0,0
25374.725,17522,57,0,0,0,0,0,8,663,5,45,0,0,0,0,0,0,0,0,0,0,0,0,0,0,0,0,0,0,0,0,0,0,220,14961,0,0,0,0
25390.047,15321,65,0,0,0,0,0,8,598,5,45,0,0,0,0,0,0,0,0,0,0,0,0,0,0,0,0,0,0,0,0,0,0,240,17597,0,0,0,0
25406.888,16841,59,0,0,0,0,0,8,667,5,45,0,0,0,0,0,0,0,0,0,0,0,0,0,0,0,0,0,0,0,0,0,0,224,15137,0,0,0,0
25424.203,17314,57,0,0,0,0,0,8,609,5,45,0,0,0,0,0,0,0,0,0,0,0,0,0,0,0,0,0,0,0,0,0,0,243,16943,0,0,0,0
25440.808,16604,60,0,0,0,0,0,8,623,5,45,0,0,0,0,0,0,0,0,0,0,0,0,0,0,0,0,0,0,0,0,0,0,253,17343,0,0,0,0
25456.964,16156,61,0,0,0,0,0,8,659,5,45,0,0,0,0,0,0,0,0,0,0,0,0,0,0,0,0,0,0,0,0,0,0,234,16482,0,0,0,0
25474.200,17236,58,0,0,0,0,0,8,635,5,45,0,0,0,0,0,0,0,0,0,0,0,0,0,0,0,0,0,0,0,0,0,0,217,16216,0,0,0,0
25490.371,16170,61,0,0,0,0,0,8,633,5,45,0,0,0,0,0,0,0,0,0,0,0,0,0,0,0,0,0,0,0,0,0,0,239,17284,0,0,0,0
25507.355,16983,58,0,0,0,0,0,8,635,5,45,0,0,0,0,0,0,0,0,0,0,0,0,0,0,0,0,0,0,0,0,0,0,261,16176,0,0,0,0
25523.227,15872,63,0,0,0,0,0,8,592,5,45,0,0,0,0,0,0,0,0,0,0,0,0,0,0,0,0,0,0,0,0,0,0,244,16979,0,0,0,0
25540.338,17110,58,0,0,0,0,0,8,665,5,45,0,0,0,0,0,0,0,0,0,0,0,0,0,0,0,0,0,0,0,0,0,0,217,15739,0,0,0,0
25557.283,16945,59,0,0,0,0,0,8,660,5,45,0,0,0,0,0,0,0,0,0,0,0,0,0,0,0,0,0,0,0,0,0,0,276,17290,0,0,0,0
25573.736,16453,60,0,0,0,0,0,8,668,5,45,0,0,0,0,0,0,0,0,0,0,0,0,0,0,0,0,0,0,0,0,0,0,240,16882,0,0,0,0
25590.335,16598,60,0,0,0,0,0,8,561,5,45,0,0,0,0,0,0,0,0,0,0,0,0,0,0,0,0,0,0,0,0,0,0,238,16516,0,0,0,0
25607.231,16896,59,0,0,0,0,0,8,665,5,45,0,0,0,0,0,0,0,0,0,0,0,0,0,0,0,0,0,0,0,0,0,0,223,16424,0,0,0,0
25624.200,16968,58,0,0,0,0,0,8,631,5,45,0,0,0,0,0,0,0,0,0,0,0,0,0,0,0,0,0,0,0,0,0,0,245,16998,0,0,0,0
25640.655,16455,60,0,0,0,0,0,8,635,5,45,0,0,0,0,0,0,0,0,0,0,0,0,0,0,0,0,0,0,0,0,0,0,246,17084,0,0,0,0
25656.875,16219,61,0,0,0,0,0,8,663,5,45,0,0,0,0,0,0,0,0,0,0,0,0,0,0,0,0,0,0,0,0,0,0,236,16338,0,0,0,0
25674.203,17327,57,0,0,0,0,0,8,599,5,45,0,0,0,0,0,0,0,0,0,0,0,0,0,0,0,0,0,0,0,0,0,0,226,16500,0,0,0,0
25690.516,16313,61,0,0,0,0,0,8,630,5,45,0,0,0,0,0,0,0,0,0,0,0,0,0,0,0,0,0,0,0,0,0,0,249,17176,0,0,0,0
25706.914,16398,60,0,0,0,0,0,8,667,5,45,0,0,0,0,0,0,0,0,0,0,0,0,0,0,0,0,0,0,0,0,0,0,233,16120,0,0,0,0
25723.733,16819,59,0,0,0,0,0,8,620,5,45,0,0,0,0,0,0,0,0,0,0,0,0,0,0,0,0,0,0,0,0,0,0,218,16666,0,0,0,0
25741.195,17461,57,0,0,0,0,0,8,635,5,45,0,0,0,0,0,0,0,0,0,0,0,0,0,0,0,0,0,0,0,0,0,0,229,16691,0,0,0,0
25756.754,15559,64,0,0,0,0,0,8,627,5,45,0,0,0,0,0,0,0,0,0,0,0,0,0,0,0,0,0,0,0,0,0,0,248,17350,0,0,0,0
25773.728,16974,58,0,0,0,0,0,8,628,5,45,0,0,0,0,0,0,0,0,0,0,0,0,0,0,0,0,0,0,0,0,0,0,206,15639,0,0,0,0
25790.715,16986,58,0,0,0,0,0,8,640,5,45,0,0,0,0,0,0,0,0,0,0,0,0,0,0,0,0,0,0,0,0,0,0,229,16952,0,0,0,0
25806.915,16200,61,0,0,0,0,0,8,663,5,45,0,0,0,0,0,0,0,0,0,0,0,0,0,0,0,0,0,0,0,0,0,0,235,17410,0,0,0,0
25823.930,17015,58,0,0,0,0,0,8,621,5,45,0,0,0,0,0,0,0,0,0,0,0,0,0,0,0,0,0,0,0,0,0,0,214,15923,0,0,0,0
25840.433,16502,60,0,0,0,0,0,8,614,5,45,0,0,0,0,0,0,0,0,0,0,0,0,0,0,0,0,0,0,0,0,0,0,227,16856,0,0,0,0
25856.892,16459,60,0,0,0,0,0,8,664,5,45,0,0,0,0,0,0,0,0,0,0,0,0,0,0,0,0,0,0,0,0,0,0,234,16416,0,0,0,0
25874.194,17301,57,0,0,0,0,0,8,628,5,45,0,0,0,0,0,0,0,0,0,0,0,0,0,0,0,0,0,0,0,0,0,0,234,16539,0,0,0,0
25890.300,16106,62,0,0,0,0,0,8,635,5,45,0,0,0,0,0,0,0,0,0,0,0,0,0,0,0,0,0,0,0,0,0,0,248,17371,0,0,0,0
25906.398,16098,62,0,0,0,0,0,8,626,5,45,0,0,0,0,0,0,0,0,0,0,0,0,0,0,0,0,0,0,0,0,0,0,208,15994,0,0,0,0
25923.720,17321,57,0,0,0,0,0,8,626,5,45,0,0,0,0,0,0,0,0,0,0,0,0,0,0,0,0,0,0,0,0,0,0,238,16169,0,0,0,0
25940.273,16552,60,0,0,0,0,0,8,641,5,45,0,0,0,0,0,0,0,0,0,0,0,0,0,0,0,0,0,0,0,0,0,0,232,17397,0,0,0,0
25957.205,16932,59,0,0,0,0,0,8,823,5,45,0,0,0,0,0,0,0,0,0,0,0,0,0,0,0,0,0,0,0,0,0,0,230,16929,0,0,0,0
25974.195,16989,58,0,0,0,0,0,8,993,5,45,0,0,0,0,0,0,0,0,0,0,0,0,0,0,0,0,0,0,0,0,0,0,224,17874,0,0,0,0
25991.200,17005,58,0,0,0,0,0,8,603,5,45,0,0,0,0,0,0,0,0,0,0,0,0,0,0,0,0,0,0,0,0,0,0,218,15732,0,0,0,0
26007.545,16344,61,0,0,0,0,0,8,757,5,45,0,0,0,0,0,0,0,0,0,0,0,0,0,0,0,0,0,0,0,0,0,0,251,17009,0,0,0,0
26023.744,16199,61,0,0,0,0,0,8,718,5,45,0,0,0,0,0,0,0,0,0,0,0,0,0,0,0,0,0,0,0,0,0,0,215,16462,0,0,0,0
26040.472,16727,59,0,0,0,0,0,8,632,5,45,0,0,0,0,0,0,0,0,0,0,0,0,0,0,0,0,0,0,0,0,0,0,223,15828,0,0,0,0
26057.379,16907,59,0,0,0,0,0,8,648,5,45,0,0,0,0,0,0,0,0,0,0,0,0,0,0,0,0,0,0,0,0,0,0,253,17521,0,0,0,0
26074.232,16852,59,0,0,0,0,0,8,582,5,45,0,0,0,0,0,0,0,0,0,0,0,0,0,0,0,0,0,0,0,0,0,0,226,16201,0,0,0,0
26091.206,16973,58,0,0,0,0,0,8,610,5,45,0,0,0,0,0,0,0,0,0,0,0,0,0,0,0,0,0,0,0,0,0,0,245,16888,0,0,0,0
26107.197,15992,62,0,0,0,0,0,8,644,5,45,0,0,0,0,0,0,0,0,0,0,0,0,0,0,0,0,0,0,0,0,0,0,243,16882,0,0,0,0
26123.475,16277,61,0,0,0,0,0,8,600,5,45,0,0,0,0,0,0,0,0,0,0,0,0,0,0,0,0,0,0,0,0,0,0,227,16027,0,0,0,0
26140.527,17051,58,0,0,0,0,0,8,624,5,45,0,0,0,0,0,0,0,0,0,0,0,0,0,0,0,0,0,0,0,0,0,0,238,16271,0,0,0,0
26157.334,16806,59,0,0,0,0,0,8,611,5,45,0,0,0,0,0,0,0,0,0,0,0,0,0,0,0,0,0,0,0,0,0,0,243,17203,0,0,0,0
26174.196,16862,59,0,0,0,0,0,8,616,5,45,0,0,0,0,0,0,0,0,0,0,0,0,0,0,0,0,0,0,0,0,0,0,226,17472,0,0,0,0
26190.330,16133,61,0,0,0,0,0,8,609,5,45,0,0,0,0,0,0,0,0,0,0,0,0,0,0,0,0,0,0,0,0,0,0,217,16140,0,0,0,0
26206.899,16568,60,0,0,0,0,0,8,646,5,45,0,0,0,0,0,0,0,0,0,0,0,0,0,0,0,0,0,0,0,0,0,0,239,16051,0,0,0,0
26223.963,17064,58,0,0,0,0,0,8,590,5,45,0,0,0,0,0,0,0,0,0,0,0,0,0,0,0,0,0,0,0,0,0,0,229,16552,0,0,0,0
26240.243,16279,61,0,0,0,0,0,8,598,5,45,0,0,0,0,0,0,0,0,0,0,0,0,0,0,0,0,0,0,0,0,0,0,234,17251,0,0,0,0
26256.891,16648,60,0,0,0,0,0,8,652,5,45,0,0,0,0,0,0,0,0,0,0,0,0,0,0,0,0,0,0,0,0,0,0,223,16134,0,0,0,0
26274.205,17313,57,0,0,0,0,0,8,607,5,45,0,0,0,0,0,0,0,0,0,0,0,0,0,0,0,0,0,0,0,0,0,0,223,16657,0,0,0,0
26290.498,16293,61,0,0,0,0,0,8,626,5,45,0,0,0,0,0,0,0,0,0,0,0,0,0,0,0,0,0,0,0,0,0,0,227,17356,0,0,0,0
26307.329,16831,59,0,0,0,0,0,8,611,5,45,0,0,0,0,0,0,0,0,0,0,0,0,0,0,0,0,0,0,0,0,0,0,228,16213,0,0,0,0
26323.207,15878,62,0,0,0,0,0,8,571,5,45,0,0,0,0,0,0,0,0,0,0,0,0,0,0,0,0,0,0,0,0,0,0,228,16838,0,0,0,0
26340.715,17507,57,0,0,0,0,0,8,650,5,45,0,0,0,0,0,0,0,0,0,0,0,0,0,0,0,0,0,0,0,0,0,0,203,15825,0,0,0,0
26357.333,16618,60,0,0,0,0,0,8,653,5,45,0,0,0,0,0,0,0,0,0,0,0,0,0,0,0,0,0,0,0,0,0,0,237,17582,0,0,0,0
26373.882,16549,60,0,0,0,0,0,8,644,5,45,0,0,0,0,0,0,0,0,0,0,0,0,0,0,0,0,0,0,0,0,0,0,229,17394,0,0,0,0
26390.328,16446,60,0,0,0,0,0,8,544,5,45,0,0,0,0,0,0,0,0,0,0,0,0,0,0,0,0,0,0,0,0,0,0,224,16011,0,0,0,0
26408.204,17875,55,0,0,0,0,0,8,656,5,45,0,0,0,0,0,0,0,0,0,0,0,0,0,0,0,0,0,0,0,0,0,0,236,16523,0,0,0,0
26424.193,15988,62,0,0,0,0,0,8,615,5,45,0,0,0,0,0,0,0,0,0,0,0,0,0,0,0,0,0,0,0,0,0,0,225,17528,0,0,0,0
26440.348,16154,61,0,0,0,0,0,8,608,5,45,0,0,0,0,0,0,0,0,0,0,0,0,0,0,0,0,0,0,0,0,0,0,223,16087,0,0,0,0
26456.882,16534,60,0,0,0,0,0,8,651,5,45,0,0,0,0,0,0,0,0,0,0,0,0,0,0,0,0,0,0,0,0,0,0,222,16054,0,0,0,0
26473.729,16846,59,0,0,0,0,0,8,592,5,45,0,0,0,0,0,0,0,0,0,0,0,0,0,0,0,0,0,0,0,0,0,0,230,16546,0,0,0,0
26490.386,16657,60,0,0,0,0,0,8,608,5,45,0,0,0,0,0,0,0,0,0,0,0,0,0,0,0,0,0,0,0,0,0,0,274,17308,0,0,0,0
26507.393,17006,58,0,0,0,0,0,8,653,5,45,0,0,0,0,0,0,0,0,0,0,0,0,0,0,0,0,0,0,0,0,0,0,220,16134,0,0,0,0
26524.336,16943,59,0,0,0,0,0,8,662,5,45,0,0,0,0,0,0,0,0,0,0,0,0,0,0,0,0,0,0,0,0,0,0,235,17024,0,0,0,0
26539.901,15564,64,0,0,0,0,0,8,588,5,45,0,0,0,0,0,0,0,0,0,0,0,0,0,0,0,0,0,0,0,0,0,0,222,16972,0,0,0,0
26557.193,17291,57,0,0,0,0,0,8,629,5,45,0,0,0,0,0,0,0,0,0,0,0,0,0,0,0,0,0,0,0,0,0,0,245,15528,0,0,0,0
26573.835,16642,60,0,0,0,0,0,8,655,5,45,0,0,0,0,0,0,0,0,0,0,0,0,0,0,0,0,0,0,0,0,0,0,239,17353,0,0,0,0
26590.336,16501,60,0,0,0,0,0,8,591,5,45,0,0,0,0,0,0,0,0,0,0,0,0,0,0,0,0,0,0,0,0,0,0,239,16948,0,0,0,0
26607.328,16991,58,0,0,0,0,0,8,659,5,45,0,0,0,0,0,0,0,0,0,0,0,0,0,0,0,0,0,0,0,0,0,0,214,16071,0,0,0,0
26623.773,16445,60,0,0,0,0,0,8,600,5,45,0,0,0,0,0,0,0,0,0,0,0,0,0,0,0,0,0,0,0,0,0,0,239,17127,0,0,0,0
26640.332,16558,60,0,0,0,0,0,8,612,5,45,0,0,0,0,0,0,0,0,0,0,0,0,0,0,0,0,0,0,0,0,0,0,213,16279,0,0,0,0
26657.328,16996,58,0,0,0,0,0,8,663,5,45,0,0,0,0,0,0,0,0,0,0,0,0,0,0,0,0,0,0,0,0,0,0,224,16593,0,0,0,0
26673.590,16262,61,0,0,0,0,0,8,618,5,45,0,0,0,0,0,0,0,0,0,0,0,0,0,0,0,0,0,0,0,0,0,0,235,17142,0,0,0,0
26690.563,16972,58,0,0,0,0,0,8,637,5,45,0,0,0,0,0,0,0,0,0,0,0,0,0,0,0,0,0,0,0,0,0,0,226,16273,0,0,0,0
26706.878,16314,61,0,0,0,0,0,8,624,5,45,0,0,0,0,0,0,0,0,0,0,0,0,0,0,0,0,0,0,0,0,0,0,223,16938,0,0,0,0
26724.190,17312,57,0,0,0,0,0,8,626,5,45,0,0,0,0,0,0,0,0,0,0,0,0,0,0,0,0,0,0,0,0,0,0,218,16264,0,0,0,0
26740.528,16338,61,0,0,0,0,0,8,629,5,45,0,0,0,0,0,0,0,0,0,0,0,0,0,0,0,0,0,0,0,0,0,0,227,17430,0,0,0,0
26757.191,16662,60,0,0,0,0,0,8,662,5,45,0,0,0,0,0,0,0,0,0,0,0,0,0,0,0,0,0,0,0,0,0,0,230,16277,0,0,0,0
26773.778,16587,60,0,0,0,0,0,8,665,5,45,0,0,0,0,0,0,0,0,0,0,0,0,0,0,0,0,0,0,0,0,0,0,218,16651,0,0,0,0
26790.463,16684,59,0,0,0,0,0,8,559,5,45,0,0,0,0,0,0,0,0,0,0,0,0,0,0,0,0,0,0,0,0,0,0,239,16579,0,0,0,0
26806.886,16423,60,0,0,0,0,0,8,657,5,45,0,0,0,0,0,0,0,0,0,0,0,0,0,0,0,0,0,0,0,0,0,0,239,16711,0,0,0,0
26823.455,16569,60,0,0,0,0,0,8,638,5,45,0,0,0,0,0,0,0,0,0,0,0,0,0,0,0,0,0,0,0,0,0,0,235,16386,0,0,0,0
26840.455,16999,58,0,0,0,0,0,8,620,5,45,0,0,0,0,0,0,0,0,0,0,0,0,0,0,0,0,0,0,0,0,0,0,238,17264,0,0,0,0
26856.707,16252,61,0,0,0,0,0,8,660,5,45,0,0,0,0,0,0,0,0,0,0,0,0,0,0,0,0,0,0,0,0,0,0,218,16308,0,0,0,0
26873.191,16485,60,0,0,0,0,0,8,546,5,45,0,0,0,0,0,0,0,0,0,0,0,0,0,0,0,0,0,0,0,0,0,0,236,16273,0,0,0,0
26890.717,17525,57,0,0,0,0,0,8,660,5,45,0,0,0,0,0,0,0,0,0,0,0,0,0,0,0,0,0,0,0,0,0,0,234,16469,0,0,0,0
26907.305,16588,60,0,0,0,0,0,8,660,5,45,0,0,0,0,0,0,0,0,0,0,0,0,0,0,0,0,0,0,0,0,0,0,246,18006,0,0,0,0
26923.683,16377,61,0,0,0,0,0,8,613,5,45,0,0,0,0,0,0,0,0,0,0,0,0,0,0,0,0,0,0,0,0,0,0,224,16459,0,0,0,0
26939.887,16204,61,0,0,0,0,0,8,631,5,45,0,0,0,0,0,0,0,0,0,0,0,0,0,0,0,0,0,0,0,0,0,0,220,16147,0,0,0,0
26957.333,17445,57,0,0,0,0,0,8,626,5,45,0,0,0,0,0,0,0,0,0,0,0,0,0,0,0,0,0,0,0,0,0,0,207,16307,0,0,0,0
26974.192,16859,59,0,0,0,0,0,8,637,5,45,0,0,0,0,0,0,0,0,0,0,0,0,0,0,0,0,0,0,0,0,0,0,229,17181,0,0,0,0
26990.604,16412,60,0,0,0,0,0,8,616,5,45,0,0,0,0,0,0,0,0,0,0,0,0,0,0,0,0,0,0,0,0,0,0,239,16971,0,0,0,0
27007.324,16720,59,0,0,0,0,0,8,665,5,45,0,0,0,0,0,0,0,0,0,0,0,0,0,0,0,0,0,0,0,0,0,0,222,16312,0,0,0,0
27024.196,16872,59,0,0,0,0,0,8,617,5,45,0,0,0,0,0,0,0,0,0,0,0,0,0,0,0,0,0,0,0,0,0,0,224,16749,0,0,0,0
27040.514,16317,61,0,0,0,0,0,8,596,5,45,0,0,0,0,0,0,0,0,0,0,0,0,0,0,0,0,0,0,0,0,0,0,214,16745,0,0,0,0
27057.188,16673,59,0,0,0,0,0,8,659,5,45,0,0,0,0,0,0,0,0,0,0,0,0,0,0,0,0,0,0,0,0,0,0,234,16434,0,0,0,0
27074.185,16997,58,0,0,0,0,0,8,617,5,45,0,0,0,0,0,0,0,0,0,0,0,0,0,0,0,0,0,0,0,0,0,0,231,16689,0,0,0,0
27091.194,17008,58,0,0,0,0,0,8,641,5,45,0,0,0,0,0,0,0,0,0,0,0,0,0,0,0,0,0,0,0,0,0,0,240,17064,0,0,0,0
27107.726,16532,60,0,0,0,0,0,8,626,5,45,0,0,0,0,0,0,0,0,0,0,0,0,0,0,0,0,0,0,0,0,0,0,226,17820,0,0,0,0
27123.601,15875,62,0,0,0,0,0,8,624,5,45,0,0,0,0,0,0,0,0,0,0,0,0,0,0,0,0,0,0,0,0,0,0,217,15562,0,0,0,0
27140.485,16883,59,0,0,0,0,0,8,631,5,45,0,0,0,0,0,0,0,0,0,0,0,0,0,0,0,0,0,0,0,0,0,0,221,16385,0,0,0,0
27156.743,16258,61,0,0,0,0,0,8,657,5,45,0,0,0,0,0,0,0,0,0,0,0,0,0,0,0,0,0,0,0,0,0,0,228,16467,0,0,0,0
27174.197,17453,57,0,0,0,0,0,8,638,5,45,0,0,0,0,0,0,0,0,0,0,0,0,0,0,0,0,0,0,0,0,0,0,214,16194,0,0,0,0
27190.613,16415,60,0,0,0,0,0,8,583,5,45,0,0,0,0,0,0,0,0,0,0,0,0,0,0,0,0,0,0,0,0,0,0,228,17567,0,0,0,0
27207.182,16569,60,0,0,0,0,0,8,661,5,45,0,0,0,0,0,0,0,0,0,0,0,0,0,0,0,0,0,0,0,0,0,0,230,16300,0,0,0,0
27223.087,15905,62,0,0,0,0,0,8,590,5,45,0,0,0,0,0,0,0,0,0,0,0,0,0,0,0,0,0,0,0,0,0,0,233,16649,0,0,0,0
27240.348,17260,57,0,0,0,0,0,8,665,5,45,0,0,0,0,0,0,0,0,0,0,0,0,0,0,0,0,0,0,0,0,0,0,221,15881,0,0,0,0
27257.191,16843,59,0,0,0,0,0,8,665,5,45,0,0,0,0,0,0,0,0,0,0,0,0,0,0,0,0,0,0,0,0,0,0,233,17268,0,0,0,0
27273.563,16371,61,0,0,0,0,0,8,583,5,45,0,0,0,0,0,0,0,0,0,0,0,0,0,0,0,0,0,0,0,0,0,0,223,16824,0,0,0,0
27291.182,17619,56,0,0,0,0,0,8,634,5,45,0,0,0,0,0,0,0,0,0,0,0,0,0,0,0,0,0,0,0,0,0,0,239,16355,0,0,0,0
27307.396,16214,61,0,0,0,0,0,8,663,5,45,0,0,0,0,0,0,0,0,0,0,0,0,0,0,0,0,0,0,0,0,0,0,262,17657,0,0,0,0
27324.181,16785,59,0,0,0,0,0,8,625,5,45,0,0,0,0,0,0,0,0,0,0,0,0,0,0,0,0,0,0,0,0,0,0,216,16186,0,0,0,0
27340.260,16079,62,0,0,0,0,0,8,623,5,45,0,0,0,0,0,0,0,0,0,0,0,0,0,0,0,0,0,0,0,0,0,0,230,16887,0,0,0,0
27357.253,16992,58,0,0,0,0,0,8,621,5,45,0,0,0,0,0,0,0,0,0,0,0,0,0,0,0,0,0,0,0,0,0,0,229,16110,0,0,0,0
27373.710,16457,60,0,0,0,0,0,8,615,5,45,0,0,0,0,0,0,0,0,0,0,0,0,0,0,0,0,0,0,0,0,0,0,221,16876,0,0,0,0
27391.189,17478,57,0,0,0,0,0,8,644,5,45,0,0,0,0,0,0,0,0,0,0,0,0,0,0,0,0,0,0,0,0,0,0,228,16435,0,0,0,0
27407.630,16440,60,0,0,0,0,0,8,663,5,45,0,0,0,0,0,0,0,0,0,0,0,0,0,0,0,0,0,0,0,0,0,0,228,18431,0,0,0,0
27423.196,15565,64,0,0,0,0,0,8,581,5,45,0,0,0,0,0,0,0,0,0,0,0,0,0,0,0,0,0,0,0,0,0,0,205,15405,0,0,0,0
27440.322,17126,58,0,0,0,0,0,8,633,5,45,0,0,0,0,0,0,0,0,0,0,0,0,0,0,0,0,0,0,0,0,0,0,215,15653,0,0,0,0
27457.325,17003,58,0,0,0,0,0,8,825,5,45,0,0,0,0,0,0,0,0,0,0,0,0,0,0,0,0,0,0,0,0,0,0,239,17638,0,0,0,0
27474.197,16872,59,0,0,0,0,0,8,1016,5,45,0,0,0,0,0,0,0,0,0,0,0,0,0,0,0,0,0,0,0,0,0,0,229,18131,0,0,0,0
27491.212,17014,58,0,0,0,0,0,8,639,5,45,0,0,0,0,0,0,0,0,0,0,0,0,0,0,0,0,0,0,0,0,0,0,212,15394,0,0,0,0
27507.243,16030,62,0,0,0,0,0,8,717,5,45,0,0,0,0,0,0,0,0,0,0,0,0,0,0,0,0,0,0,0,0,0,0,243,17538,0,0,0,0
27524.192,16949,58,0,0,0,0,0,8,726,5,45,0,0,0,0,0,0,0,0,0,0,0,0,0,0,0,0,0,0,0,0,0,0,205,15691,0,0,0,0
27540.195,16003,62,0,0,0,0,0,8,630,5,45,0,0,0,0,0,0,0,0,0,0,0,0,0,0,0,0,0,0,0,0,0,0,228,16603,0,0,0,0
27556.862,16666,60,0,0,0,0,0,8,652,5,45,0,0,0,0,0,0,0,0,0,0,0,0,0,0,0,0,0,0,0,0,0,0,223,15999,0,0,0,0
27573.942,17080,58,0,0,0,0,0,8,629,5,45,0,0,0,0,0,0,0,0,0,0,0,0,0,0,0,0,0,0,0,0,0,0,236,16673,0,0,0,0
27590.702,16760,59,0,0,0,0,0,8,587,5,45,0,0,0,0,0,0,0,0,0,0,0,0,0,0,0,0,0,0,0,0,0,0,247,17283,0,0,0,0
27607.234,16531,60,0,0,0,0,0,8,657,5,45,0,0,0,0,0,0,0,0,0,0,0,0,0,0,0,0,0,0,0,0,0,0,198,16871,0,0,0,0
27623.919,16684,59,0,0,0,0,0,8,619,5,45,0,0,0,0,0,0,0,0,0,0,0,0,0,0,0,0,0,0,0,0,0,0,230,16243,0,0,0,0
27639.744,15825,63,0,0,0,0,0,8,625,5,45,0,0,0,0,0,0,0,0,0,0,0,0,0,0,0,0,0,0,0,0,0,0,224,16869,0,0,0,0
27657.321,17576,56,0,0,0,0,0,8,656,5,45,0,0,0,0,0,0,0,0,0,0,0,0,0,0,0,0,0,0,0,0,0,0,229,16005,0,0,0,0
27673.698,16377,61,0,0,0,0,0,8,574,5,45,0,0,0,0,0,0,0,0,0,0,0,0,0,0,0,0,0,0,0,0,0,0,230,17195,0,0,0,0
27690.641,16942,59,0,0,0,0,0,8,627,5,45,0,0,0,0,0,0,0,0,0,0,0,0,0,0,0,0,0,0,0,0,0,0,260,17068,0,0,0,0
27706.434,15793,63,0,0,0,0,0,8,665,5,45,0,0,0,0,0,0,0,0,0,0,0,0,0,0,0,0,0,0,0,0,0,0,230,16164,0,0,0,0
27723.190,16755,59,0,0,0,0,0,8,596,5,45,0,0,0,0,0,0,0,0,0,0,0,0,0,0,0,0,0,0,0,0,0,0,229,15891,0,0,0,0
27740.503,17313,57,0,0,0,0,0,8,675,5,45,0,0,0,0,0,0,0,0,0,0,0,0,0,0,0,0,0,0,0,0,0,0,228,16772,0,0,0,0
27757.248,16744,59,0,0,0,0,0,8,640,5,45,0,0,0,0,0,0,0,0,0,0,0,0,0,0,0,0,0,0,0,0,0,0,244,17944,0,0,0,0
27773.196,15948,62,0,0,0,0,0,8,593,5,45,0,0,0,0,0,0,0,0,0,0,0,0,0,0,0,0,0,0,0,0,0,0,235,16098,0,0,0,0
27790.452,17256,57,0,0,0,0,0,8,671,5,45,0,0,0,0,0,0,0,0,0,0,0,0,0,0,0,0,0,0,0,0,0,0,231,15954,0,0,0,0
27807.311,16858,59,0,0,0,0,0,8,667,5,45,0,0,0,0,0,0,0,0,0,0,0,0,0,0,0,0,0,0,0,0,0,0,235,17232,0,0,0,0
27823.539,16228,61,0,0,0,0,0,8,620,5,45,0,0,0,0,0,0,0,0,0,0,0,0,0,0,0,0,0,0,0,0,0,0,231,16788,0,0,0,0
27840.315,16775,59,0,0,0,0,0,8,605,5,45,0,0,0,0,0,0,0,0,0,0,0,0,0,0,0,0,0,0,0,0,0,0,222,16323,0,0,0,0
27856.408,16093,62,0,0,0,0,0,8,673,5,45,0,0,0,0,0,0,0,0,0,0,0,0,0,0,0,0,0,0,0,0,0,0,229,16768,0,0,0,0
27873.191,16782,59,0,0,0,0,0,8,596,5,45,0,0,0,0,0,0,0,0,0,0,0,0,0,0,0,0,0,0,0,0,0,0,235,16086,0,0,0,0
27890.343,17151,58,0,0,0,0,0,8,673,5,45,0,0,0,0,0,0,0,0,0,0,0,0,0,0,0,0,0,0,0,0,0,0,231,16795,0,0,0,0
27907.240,16897,59,0,0,0,0,0,8,634,5,45,0,0,0,0,0,0,0,0,0,0,0,0,0,0,0,0,0,0,0,0,0,0,249,17151,0,0,0,0
27923.922,16682,59,0,0,0,0,0,8,667,5,45,0,0,0,0,0,0,0,0,0,0,0,0,0,0,0,0,0,0,0,0,0,0,243,17296,0,0,0,0
27940.337,16414,60,0,0,0,0,0,8,597,5,45,0,0,0,0,0,0,0,0,0,0,0,0,0,0,0,0,0,0,0,0,0,0,214,16369,0,0,0,0
27957.183,16846,59,0,0,0,0,0,8,681,5,45,0,0,0,0,0,0,0,0,0,0,0,0,0,0,0,0,0,0,0,0,0,0,218,16288,0,0,0,0
27973.841,16657,60,0,0,0,0,0,8,681,5,45,0,0,0,0,0,0,0,0,0,0,0,0,0,0,0,0,0,0,0,0,0,0,237,16983,0,0,0,0
27990.318,16477,60,0,0,0,0,0,8,575,5,45,0,0,0,0,0,0,0,0,0,0,0,0,0,0,0,0,0,0,0,0,0,0,228,16828,0,0,0,0
28007.282,16963,58,0,0,0,0,0,8,679,5,45,0,0,0,0,0,0,0,0,0,0,0,0,0,0,0,0,0,0,0,0,0,0,249,16207,0,0,0,0
28024.177,16895,59,0,0,0,0,0,8,634,5,45,0,0,0,0,0,0,0,0,0,0,0,0,0,0,0,0,0,0,0,0,0,0,226,16977,0,0,0,0
28040.488,16311,61,0,0,0,0,0,8,656,5,45,0,0,0,0,0,0,0,0,0,0,0,0,0,0,0,0,0,0,0,0,0,0,229,16987,0,0,0,0
28057.175,16687,59,0,0,0,0,0,8,682,5,45,0,0,0,0,0,0,0,0,0,0,0,0,0,0,0,0,0,0,0,0,0,0,231,16155,0,0,0,0
28073.966,16791,59,0,0,0,0,0,8,604,5,45,0,0,0,0,0,0,0,0,0,0,0,0,0,0,0,0,0,0,0,0,0,0,231,16738,0,0,0,0
28090.449,16482,60,0,0,0,0,0,8,650,5,45,0,0,0,0,0,0,0,0,0,0,0,0,0,0,0,0,0,0,0,0,0,0,246,16958,0,0,0,0
28107.261,16812,59,0,0,0,0,0,8,684,5,45,0,0,0,0,0,0,0,0,0,0,0,0,0,0,0,0,0,0,0,0,0,0,220,16325,0,0,0,0
28123.242,15980,62,0,0,0,0,0,8,607,5,45,0,0,0,0,0,0,0,0,0,0,0,0,0,0,0,0,0,0,0,0,0,0,217,16803,0,0,0,0
28140.312,17069,58,0,0,0,0,0,8,681,5,45,0,0,0,0,0,0,0,0,0,0,0,0,0,0,0,0,0,0,0,0,0,0,216,15876,0,0,0,0
28157.185,16874,59,0,0,0,0,0,8,643,5,45,0,0,0,0,0,0,0,0,0,0,0,0,0,0,0,0,0,0,0,0,0,0,243,17198,0,0,0,0
28174.185,16999,58,0,0,0,0,0,8,645,5,45,0,0,0,0,0,0,0,0,0,0,0,0,0,0,0,0,0,0,0,0,0,0,243,16851,0,0,0,0
28190.308,16123,62,0,0,0,0,0,8,636,5,45,0,0,0,0,0,0,0,0,0,0,0,0,0,0,0,0,0,0,0,0,0,0,242,17078,0,0,0,0
28206.560,16251,61,0,0,0,0,0,8,676,5,45,0,0,0,0,0,0,0,0,0,0,0,0,0,0,0,0,0,0,0,0,0,0,214,15922,0,0,0,0
28224.176,17616,56,0,0,0,0,0,8,628,5,45,0,0,0,0,0,0,0,0,0,0,0,0,0,0,0,0,0,0,0,0,0,0,220,16254,0,0,0,0
28240.337,16160,61,0,0,0,0,0,8,630,5,45,0,0,0,0,0,0,0,0,0,0,0,0,0,0,0,0,0,0,0,0,0,0,243,17826,0,0,0,0
28257.234,16897,59,0,0,0,0,0,8,684,5,45,0,0,0,0,0,0,0,0,0,0,0,0,0,0,0,0,0,0,0,0,0,0,232,16024,0,0,0,0
28273.106,15872,63,0,0,0,0,0,8,607,5,45,0,0,0,0,0,0,0,0,0,0,0,0,0,0,0,0,0,0,0,0,0,0,245,16987,0,0,0,0
28290.320,17214,58,0,0,0,0,0,8,681,5,45,0,0,0,0,0,0,0,0,0,0,0,0,0,0,0,0,0,0,0,0,0,0,240,15827,0,0,0,0
28307.314,16993,58,0,0,0,0,0,8,642,5,45,0,0,0,0,0,0,0,0,0,0,0,0,0,0,0,0,0,0,0,0,0,0,271,17348,0,0,0,0
28323.604,16289,61,0,0,0,0,0,8,632,5,45,0,0,0,0,0,0,0,0,0,0,0,0,0,0,0,0,0,0,0,0,0,0,258,16882,0,0,0,0
28340.377,16773,59,0,0,0,0,0,8,654,5,45,0,0,0,0,0,0,0,0,0,0,0,0,0,0,0,0,0,0,0,0,0,0,213,16424,0,0,0,0
28357.332,16954,58,0,0,0,0,0,8,678,5,45,0,0,0,0,0,0,0,0,0,0,0,0,0,0,0,0,0,0,0,0,0,0,242,17350,0,0,0,0
28373.940,16608,60,0,0,0,0,0,8,646,5,45,0,0,0,0,0,0,0,0,0,0,0,0,0,0,0,0,0,0,0,0,0,0,222,16098,0,0,0,0
28390.689,16749,59,0,0,0,0,0,8,604,5,45,0,0,0,0,0,0,0,0,0,0,0,0,0,0,0,0,0,0,0,0,0,0,216,16847,0,0,0,0
28407.239,16550,60,0,0,0,0,0,8,683,5,45,0,0,0,0,0,0,0,0,0,0,0,0,0,0,0,0,0,0,0,0,0,0,250,17078,0,0,0,0
28423.701,16461,60,0,0,0,0,0,8,643,5,45,0,0,0,0,0,0,0,0,0,0,0,0,0,0,0,0,0,0,0,0,0,0,240,16096,0,0,0,0
28440.462,16760,59,0,0,0,0,0,8,647,5,45,0,0,0,0,0,0,0,0,0,0,0,0,0,0,0,0,0,0,0,0,0,0,226,16875,0,0,0,0
28456.856,16394,60,0,0,0,0,0,8,676,5,45,0,0,0,0,0,0,0,0,0,0,0,0,0,0,0,0,0,0,0,0,0,0,245,16362,0,0,0,0
28474.709,17852,56,0,0,0,0,0,8,646,5,45,0,0,0,0,0,0,0,0,0,0,0,0,0,0,0,0,0,0,0,0,0,0,229,16358,0,0,0,0
28489.815,15105,66,0,0,0,0,0,8,606,5,45,0,0,0,0,0,0,0,0,0,0,0,0,0,0,0,0,0,0,0,0,0,0,275,18005,0,0,0,0
28506.888,17073,58,0,0,0,0,0,8,683,5,45,0,0,0,0,0,0,0,0,0,0,0,0,0,0,0,0,0,0,0,0,0,0,238,14854,0,0,0,0
28524.175,17287,57,0,0,0,0,0,8,643,5,45,0,0,0,0,0,0,0,0,0,0,0,0,0,0,0,0,0,0,0,0,0,0,255,17163,0,0,0,0
28540.366,16191,61,0,0,0,0,0,8,647,5,45,0,0,0,0,0,0,0,0,0,0,0,0,0,0,0,0,0,0,0,0,0,0,228,17402,0,0,0,0
28557.314,16948,59,0,0,0,0,0,8,646,5,45,0,0,0,0,0,0,0,0,0,0,0,0,0,0,0,0,0,0,0,0,0,0,217,16882,0,0,0,0
28573.705,16390,61,0,0,0,0,0,8,637,5,45,0,0,0,0,0,0,0,0,0,0,0,0,0,0,0,0,0,0,0,0,0,0,240,16167,0,0,0,0
28591.182,17477,57,0,0,0,0,0,8,661,5,45,0,0,0,0,0,0,0,0,0,0,0,0,0,0,0,0,0,0,0,0,0,0,233,16386,0,0,0,0
28606.853,15670,63,0,0,0,0,0,8,675,5,45,0,0,0,0,0,0,0,0,0,0,0,0,0,0,0,0,0,0,0,0,0,0,251,17528,0,0,0,0
28623.179,16326,61,0,0,0,0,0,8,612,5,45,0,0,0,0,0,0,0,0,0,0,0,0,0,0,0,0,0,0,0,0,0,0,222,15605,0,0,0,0
28640.469,17290,57,0,0,0,0,0,8,646,5,45,0,0,0,0,0,0,0,0,0,0,0,0,0,0,0,0,0,0,0,0,0,0,237,16354,0,0,0,0
28656.853,16383,61,0,0,0,0,0,8,678,5,45,0,0,0,0,0,0,0,0,0,0,0,0,0,0,0,0,0,0,0,0,0,0,232,17261,0,0,0,0
28674.170,17317,57,0,0,0,0,0,8,644,5,45,0,0,0,0,0,0,0,0,0,0,0,0,0,0,0,0,0,0,0,0,0,0,235,16391,0,0,0,0
28690.490,16320,61,0,0,0,0,0,8,651,5,45,0,0,0,0,0,0,0,0,0,0,0,0,0,0,0,0,0,0,0,0,0,0,229,16348,0,0,0,0
28706.821,16331,61,0,0,0,0,0,8,644,5,45,0,0,0,0,0,0,0,0,0,0,0,0,0,0,0,0,0,0,0,0,0,0,234,17261,0,0,0,0
28723.934,17113,58,0,0,0,0,0,8,651,5,45,0,0,0,0,0,0,0,0,0,0,0,0,0,0,0,0,0,0,0,0,0,0,223,16365,0,0,0,0
28740.057,16123,62,0,0,0,0,0,8,639,5,45,0,0,0,0,0,0,0,0,0,0,0,0,0,0,0,0,0,0,0,0,0,0,241,17255,0,0,0,0
28757.304,17246,57,0,0,0,0,0,8,688,5,45,0,0,0,0,0,0,0,0,0,0,0,0,0,0,0,0,0,0,0,0,0,0,239,15876,0,0,0,0
28774.143,16839,59,0,0,0,0,0,8,678,5,45,0,0,0,0,0,0,0,0,0,0,0,0,0,0,0,0,0,0,0,0,0,0,244,17375,0,0,0,0
28791.169,17025,58,0,0,0,0,0,8,571,5,45,0,0,0,0,0,0,0,0,0,0,0,0,0,0,0,0,0,0,0,0,0,0,242,16873,0,0,0,0
28806.815,15646,63,0,0,0,0,0,8,678,5,45,0,0,0,0,0,0,0,0,0,0,0,0,0,0,0,0,0,0,0,0,0,0,239,16945,0,0,0,0
28823.884,17068,58,0,0,0,0,0,8,638,5,45,0,0,0,0,0,0,0,0,0,0,0,0,0,0,0,0,0,0,0,0,0,0,217,15603,0,0,0,0
28840.682,16798,59,0,0,0,0,0,8,654,5,45,0,0,0,0,0,0,0,0,0,0,0,0,0,0,0,0,0,0,0,0,0,0,227,17361,0,0,0,0
28858.058,17375,57,0,0,0,0,0,8,683,5,45,0,0,0,0,0,0,0,0,0,0,0,0,0,0,0,0,0,0,0,0,0,0,224,16642,0,0,0,0
28873.699,15641,63,0,0,0,0,0,8,598,5,45,0,0,0,0,0,0,0,0,0,0,0,0,0,0,0,0,0,0,0,0,0,0,229,17260,0,0,0,0
28890.545,16845,59,0,0,0,0,0,8,659,5,45,0,0,0,0,0,0,0,0,0,0,0,0,0,0,0,0,0,0,0,0,0,0,206,15993,0,0,0,0
28906.882,16336,61,0,0,0,0,0,8,680,5,45,0,0,0,0,0,0,0,0,0,0,0,0,0,0,0,0,0,0,0,0,0,0,212,16430,0,0,0,0
28923.923,17041,58,0,0,0,0,0,8,684,5,45,0,0,0,0,0,0,0,0,0,0,0,0,0,0,0,0,0,0,0,0,0,0,220,16306,0,0,0,0
28939.803,15880,62,0,0,0,0,0,8,610,5,45,0,0,0,0,0,0,0,0,0,0,0,0,0,0,0,0,0,0,0,0,0,0,244,17379,0,0,0,0
28957.322,17518,57,0,0,0,0,0,8,725,5,45,0,0,0,0,0,0,0,0,0,0,0,0,0,0,0,0,0,0,0,0,0,0,232,15963,0,0,0,0
28973.945,16623,60,0,0,0,0,0,8,3974,5,45,0,0,0,0,0,0,0,0,0,0,0,0,0,0,0,0,0,0,0,0,0,0,0,0,0,0,0,0
28991.253,17307,57,0,0,0,0,0,8,2165,5,45,0,0,0,0,0,0,0,0,0,0,0,0,0,0,0,0,0,0,0,0,0,0,336,39377,0,0,0,0
29007.222,15969,62,0,0,0,0,0,8,1580,5,45,0,0,0,0,0,0,0,0,0,0,0,0,0,0,0,0,0,0,0,0,0,0,214,15852,0,0,0,0
29024.166,16943,59,0,0,0,0,0,8,1342,5,45,0,0,0,0,0,0,0,0,0,0,0,0,0,0,0,0,0,0,0,0,0,0,188,13964,0,0,0,0
29041.170,17004,58,0,0,0,0,0,8,945,5,45,0,0,0,0,0,0,0,0,0,0,0,0,0,0,0,0,0,0,0,0,0,0,230,15902,0,0,0,0
29056.846,15675,63,0,0,0,0,0,8,804,5,45,0,0,0,0,0,0,0,0,0,0,0,0,0,0,0,0,0,0,0,0,0,0,224,16769,0,0,0,0
29074.165,17319,57,0,0,0,0,0,8,764,5,45,0,0,0,0,0,0,0,0,0,0,0,0,0,0,0,0,0,0,0,0,0,0,219,15179,0,0,0,0
29090.345,16179,61,0,0,0,0,0,8,775,5,45,0,0,0,0,0,0,0,0,0,0,0,0,0,0,0,0,0,0,0,0,0,0,261,17457,0,0,0,0
29106.921,16575,60,0,0,0,0,0,8,767,5,45,0,0,0,0,0,0,0,0,0,0,0,0,0,0,0,0,0,0,0,0,0,0,227,16012,0,0,0,0
29123.182,16261,61,0,0,0,0,0,8,732,5,45,0,0,0,0,0,0,0,0,0,0,0,0,0,0,0,0,0,0,0,0,0,0,247,16621,0,0,0,0
29141.179,17996,55,0,0,0,0,0,8,794,5,45,0,0,0,0,0,0,0,0,0,0,0,0,0,0,0,0,0,0,0,0,0,0,251,16258,0,0,0,0
29157.226,16047,62,0,0,0,0,0,8,787,5,45,0,0,0,0,0,0,0,0,0,0,0,0,0,0,0,0,0,0,0,0,0,0,255,17957,0,0,0,0
29173.706,16479,60,0,0,0,0,0,8,734,5,45,0,0,0,0,0,0,0,0,0,0,0,0,0,0,0,0,0,0,0,0,0,0,238,16194,0,0,0,0
29190.446,16740,59,0,0,0,0,0,8,724,5,45,0,0,0,0,0,0,0,0,0,0,0,0,0,0,0,0,0,0,0,0,0,0,223,16300,0,0,0,0
29207.168,16722,59,0,0,0,0,0,8,776,5,45,0,0,0,0,0,0,0,0,0,0,0,0,0,0,0,0,0,0,0,0,0,0,244,16734,0,0,0,0
29223.518,16349,61,0,0,0,0,0,8,740,5,45,0,0,0,0,0,0,0,0,0,0,0,0,0,0,0,0,0,0,0,0,0,0,237,16784,0,0,0,0
29239.931,16412,60,0,0,0,0,0,8,756,5,45,0,0,0,0,0,0,0,0,0,0,0,0,0,0,0,0,0,0,0,0,0,0,229,16159,0,0,0,0
29256.950,17019,58,0,0,0,0,0,8,785,5,45,0,0,0,0,0,0,0,0,0,0,0,0,0,0,0,0,0,0,0,0,0,0,242,16637,0,0,0,0
29273.679,16728,59,0,0,0,0,0,8,706,5,45,0,0,0,0,0,0,0,0,0,0,0,0,0,0,0,0,0,0,0,0,0,0,250,16945,0,0,0,0
29290.181,16502,60,0,0,0,0,0,8,752,5,45,0,0,0,0,0,0,0,0,0,0,0,0,0,0,0,0,0,0,0,0,0,0,300,17305,0,0,0,0
29307.246,17064,58,0,0,0,0,0,8,780,5,45,0,0,0,0,0,0,0,0,0,0,0,0,0,0,0,0,0,0,0,0,0,0,242,15824,0,0,0,0
29324.079,16833,59,0,0,0,0,0,8,775,5,45,0,0,0,0,0,0,0,0,0,0,0,0,0,0,0,0,0,0,0,0,0,0,248,17219,0,0,0,0
29340.299,16220,61,0,0,0,0,0,8,704,5,45,0,0,0,0,0,0,0,0,0,0,0,0,0,0,0,0,0,0,0,0,0,0,237,17089,0,0,0,0
29357.166,16866,59,0,0,0,0,0,8,750,5,45,0,0,0,0,0,0,0,0,0,0,0,0,0,0,0,0,0,0,0,0,0,0,240,16223,0,0,0,0
29374.168,17002,58,0,0,0,0,0,8,741,5,45,0,0,0,0,0,0,0,0,0,0,0,0,0,0,0,0,0,0,0,0,0,0,229,16994,0,0,0,0
29390.297,16128,62,0,0,0,0,0,8,748,5,45,0,0,0,0,0,0,0,0,0,0,0,0,0,0,0,0,0,0,0,0,0,0,243,16663,0,0,0,0
29407.164,16866,59,0,0,0,0,0,8,779,5,45,0,0,0,0,0,0,0,0,0,0,0,0,0,0,0,0,0,0,0,0,0,0,233,16034,0,0,0,0
29424.160,16996,58,0,0,0,0,0,8,718,5,45,0,0,0,0,0,0,0,0,0,0,0,0,0,0,0,0,0,0,0,0,0,0,232,16885,0,0,0,0
29441.189,17029,58,0,0,0,0,0,8,733,5,45,0,0,0,0,0,0,0,0,0,0,0,0,0,0,0,0,0,0,0,0,0,0,236,17073,0,0,0,0
29458.181,16991,58,0,0,0,0,0,8,780,5,45,0,0,0,0,0,0,0,0,0,0,0,0,0,0,0,0,0,0,0,0,0,0,238,17382,0,0,0,0
29473.691,15509,64,0,0,0,0,0,8,729,5,45,0,0,0,0,0,0,0,0,0,0,0,0,0,0,0,0,0,0,0,0,0,0,218,16551,0,0,0,0
29491.198,17506,57,0,0,0,0,0,8,758,5,45,0,0,0,0,0,0,0,0,0,0,0,0,0,0,0,0,0,0,0,0,0,0,211,15516,0,0,0,0
29506.933,15735,63,0,0,0,0,0,8,742,5,45,0,0,0,0,0,0,0,0,0,0,0,0,0,0,0,0,0,0,0,0,0,0,244,17364,0,0,0,0
29524.163,17229,58,0,0,0,0,0,8,743,5,45,0,0,0,0,0,0,0,0,0,0,0,0,0,0,0,0,0,0,0,0,0,0,229,15885,0,0,0,0
29539.946,15782,63,0,0,0,0,0,8,745,5,45,0,0,0,0,0,0,0,0,0,0,0,0,0,0,0,0,0,0,0,0,0,0,234,17279,0,0,0,0
29557.301,17354,57,0,0,0,0,0,8,785,5,45,0,0,0,0,0,0,0,0,0,0,0,0,0,0,0,0,0,0,0,0,0,0,225,15811,0,0,0,0
29573.715,16414,60,0,0,0,0,0,8,745,5,45,0,0,0,0,0,0,0,0,0,0,0,0,0,0,0,0,0,0,0,0,0,0,228,17259,0,0,0,0
29590.302,16586,60,0,0,0,0,0,8,697,5,45,0,0,0,0,0,0,0,0,0,0,0,0,0,0,0,0,0,0,0,0,0,0,218,16735,0,0,0,0
29608.180,17878,55,0,0,0,0,0,8,788,5,45,0,0,0,0,0,0,0,0,0,0,0,0,0,0,0,0,0,0,0,0,0,0,227,16297,0,0,0,0
29624.163,15982,62,0,0,0,0,0,8,739,5,45,0,0,0,0,0,0,0,0,0,0,0,0,0,0,0,0,0,0,0,0,0,0,237,17802,0,0,0,0
29640.570,16406,60,0,0,0,0,0,8,749,5,45,0,0,0,0,0,0,0,0,0,0,0,0,0,0,0,0,0,0,0,0,0,0,210,14951,0,0,0,0
29656.831,16260,61,0,0,0,0,0,8,780,5,45,0,0,0,0,0,0,0,0,0,0,0,0,0,0,0,0,0,0,0,0,0,0,232,17981,0,0,0,0
29674.159,17328,57,0,0,0,0,0,8,707,5,45,0,0,0,0,0,0,0,0,0,0,0,0,0,0,0,0,0,0,0,0,0,0,237,15750,0,0,0,0
29690.432,16272,61,0,0,0,0,0,8,751,5,45,0,0,0,0,0,0,0,0,0,0,0,0,0,0,0,0,0,0,0,0,0,0,264,17437,0,0,0,0
29707.248,16816,59,0,0,0,0,0,8,780,5,45,0,0,0,0,0,0,0,0,0,0,0,0,0,0,0,0,0,0,0,0,0,0,219,16013,0,0,0,0
29723.533,16284,61,0,0,0,0,0,8,733,5,45,0,0,0,0,0,0,0,0,0,0,0,0,0,0,0,0,0,0,0,0,0,0,218,16959,0,0,0,0
29741.172,17627,56,0,0,0,0,0,8,759,5,45,0,0,0,0,0,0,0,0,0,0,0,0,0,0,0,0,0,0,0,0,0,0,233,16303,0,0,0,0
29757.232,16072,62,0,0,0,0,0,8,742,5,45,0,0,0,0,0,0,0,0,0,0,0,0,0,0,0,0,0,0,0,0,0,0,227,17565,0,0,0,0
29773.179,15946,62,0,0,0,0,0,8,704,5,45,0,0,0,0,0,0,0,0,0,0,0,0,0,0,0,0,0,0,0,0,0,0,223,16130,0,0,0,0
29791.162,17983,55,0,0,0,0,0,8,784,5,45,0,0,0,0,0,0,0,0,0,0,0,0,0,0,0,0,0,0,0,0,0,0,218,14911,0,0,0,0
29807.300,16138,61,0,0,0,0,0,8,780,5,45,0,0,0,0,0,0,0,0,0,0,0,0,0,0,0,0,0,0,0,0,0,0,246,19475,0,0,0,0
29823.685,16385,61,0,0,0,0,0,8,719,5,45,0,0,0,0,0,0,0,0,0,0,0,0,0,0,0,0,0,0,0,0,0,0,204,15521,0,0,0,0
29840.340,16654,60,0,0,0,0,0,8,736,5,45,0,0,0,0,0,0,0,0,0,0,0,0,0,0,0,0,0,0,0,0,0,0,203,16401,0,0,0,0
29856.844,16503,60,0,0,0,0,0,8,779,5,45,0,0,0,0,0,0,0,0,0,0,0,0,0,0,0,0,0,0,0,0,0,0,228,16751,0,0,0,0
29873.192,16348,61,0,0,0,0,0,8,704,5,45,0,0,0,0,0,0,0,0,0,0,0,0,0,0,0,0,0,0,0,0,0,0,253,16573,0,0,0,0
29891.166,17974,55,0,0,0,0,0,8,785,5,45,0,0,0,0,0,0,0,0,0,0,0,0,0,0,0,0,0,0,0,0,0,0,216,16179,0,0,0,0
29906.905,15738,63,0,0,0,0,0,8,742,5,45,0,0,0,0,0,0,0,0,0,0,0,0,0,0,0,0,0,0,0,0,0,0,238,18574,0,0,0,0
29923.484,16579,60,0,0,0,0,0,8,741,5,45,0,0,0,0,0,0,0,0,0,0,0,0,0,0,0,0,0,0,0,0,0,0,200,15157,0,0,0,0
29941.180,17695,56,0,0,0,0,0,8,754,5,45,0,0,0,0,0,0,0,0,0,0,0,0,0,0,0,0,0,0,0,0,0,0,227,16672,0,0,0,0
29956.849,15669,63,0,0,0,0,0,8,776,5,45,0,0,0,0,0,0,0,0,0,0,0,0,0,0,0,0,0,0,0,0,0,0,252,17663,0,0,0,0
29973.172,16323,61,0,0,0,0,0,8,704,5,45,0,0,0,0,0,0,0,0,0,0,0,0,0,0,0,0,0,0,0,0,0,0,216,15531,0,0,0,0
29990.298,17125,58,0,0,0,0,0,8,755,5,45,0,0,0,0,0,0,0,0,0,0,0,0,0,0,0,0,0,0,0,0,0,0,215,16491,0,0,0,0
30008.168,17861,55,0,0,0,0,0,8,784,5,45,0,0,0,0,0,0,0,0,0,0,0,0,0,0,0,0,0,0,0,0,0,0,232,17151,0,0,0,0
30023.742,15583,64,0,0,0,0,0,8,732,5,45,0,0,0,0,0,0,0,0,0,0,0,0,0,0,0,0,0,0,0,0,0,0,237,17889,0,0,0,0
30040.293,16550,60,0,0,0,0,0,8,751,5,45,0,0,0,0,0,0,0,0,0,0,0,0,0,0,0,0,0,0,0,0,0,0,216,15541,0,0,0,0
30056.865,16572,60,0,0,0,0,0,8,780,5,45,0,0,0,0,0,0,0,0,0,0,0,0,0,0,0,0,0,0,0,0,0,0,231,16577,0,0,0,0
30074.181,17315,57,0,0,0,0,0,8,718,5,45,0,0,0,0,0,0,0,0,0,0,0,0,0,0,0,0,0,0,0,0,0,0,234,16579,0,0,0,0
30090.579,16398,60,0,0,0,0,0,8,741,5,45,0,0,0,0,0,0,0,0,0,0,0,0,0,0,0,0,0,0,0,0,0,0,229,17295,0,0,0,0
30107.572,16992,58,0,0,0,0,0,8,778,5,45,0,0,0,0,0,0,0,0,0,0,0,0,0,0,0,0,0,0,0,0,0,0,232,16398,0,0,0,0
30123.686,16113,62,0,0,0,0,0,8,730,5,45,0,0,0,0,0,0,0,0,0,0,0,0,0,0,0,0,0,0,0,0,0,0,217,17469,0,0,0,0
30140.215,16529,60,0,0,0,0,0,8,752,5,45,0,0,0,0,0,0,0,0,0,0,0,0,0,0,0,0,0,0,0,0,0,0,220,15476,0,0,0,0
30157.302,17077,58,0,0,0,0,0,8,749,5,45,0,0,0,0,0,0,0,0,0,0,0,0,0,0,0,0,0,0,0,0,0,0,226,16604,0,0,0,0
30173.168,15876,62,0,0,0,0,0,8,705,5,45,0,0,0,0,0,0,0,0,0,0,0,0,0,0,0,0,0,0,0,0,0,0,226,17115,0,0,0,0
30191.169,18001,55,0,0,0,0,0,8,786,5,45,0,0,0,0,0,0,0,0,0,0,0,0,0,0,0,0,0,0,0,0,0,0,222,15905,0,0,0,0
30206.878,15708,63,0,0,0,0,0,8,777,5,45,0,0,0,0,0,0,0,0,0,0,0,0,0,0,0,0,0,0,0,0,0,0,232,18577,0,0,0,0
30223.693,16815,59,0,0,0,0,0,8,727,5,45,0,0,0,0,0,0,0,0,0,0,0,0,0,0,0,0,0,0,0,0,0,0,220,15024,0,0,0,0
30240.296,16602,60,0,0,0,0,0,8,727,5,45,0,0,0,0,0,0,0,0,0,0,0,0,0,0,0,0,0,0,0,0,0,0,232,16932,0,0,0,0
30256.844,16548,60,0,0,0,0,0,8,781,5,45,0,0,0,0,0,0,0,0,0,0,0,0,0,0,0,0,0,0,0,0,0,0,227,16589,0,0,0,0
30273.687,16842,59,0,0,0,0,0,8,737,5,45,0,0,0,0,0,0,0,0,0,0,0,0,0,0,0,0,0,0,0,0,0,0,231,16554,0,0,0,0
30290.320,16633,60,0,0,0,0,0,8,755,5,45,0,0,0,0,0,0,0,0,0,0,0,0,0,0,0,0,0,0,0,0,0,0,235,17175,0,0,0,0
30306.882,16562,60,0,0,0,0,0,8,746,5,45,0,0,0,0,0,0,0,0,0,0,0,0,0,0,0,0,0,0,0,0,0,0,223,16386,0,0,0,0
30323.682,16799,59,0,0,0,0,0,8,740,5,45,0,0,0,0,0,0,0,0,0,0,0,0,0,0,0,0,0,0,0,0,0,0,243,16481,0,0,0,0
30340.467,16785,59,0,0,0,0,0,8,754,5,45,0,0,0,0,0,0,0,0,0,0,0,0,0,0,0,0,0,0,0,0,0,0,218,16691,0,0,0,0
30357.282,16814,59,0,0,0,0,0,8,778,5,45,0,0,0,0,0,0,0,0,0,0,0,0,0,0,0,0,0,0,0,0,0,0,237,16880,0,0,0,0
30373.708,16426,60,0,0,0,0,0,8,740,5,45,0,0,0,0,0,0,0,0,0,0,0,0,0,0,0,0,0,0,0,0,0,0,228,16811,0,0,0,0
30389.807,16098,62,0,0,0,0,0,8,718,5,45,0,0,0,0,0,0,0,0,0,0,0,0,0,0,0,0,0,0,0,0,0,0,227,16276,0,0,0,0
30407.299,17492,57,0,0,0,0,0,8,785,5,45,0,0,0,0,0,0,0,0,0,0,0,0,0,0,0,0,0,0,0,0,0,0,230,16422,0,0,0,0
30424.150,16850,59,0,0,0,0,0,8,739,5,45,0,0,0,0,0,0,0,0,0,0,0,0,0,0,0,0,0,0,0,0,0,0,242,17362,0,0,0,0
30441.153,17003,58,0,0,0,0,0,8,748,5,45,0,0,0,0,0,0,0,0,0,0,0,0,0,0,0,0,0,0,0,0,0,0,236,16925,0,0,0,0
30456.875,15721,63,0,0,0,0,0,8,776,5,45,0,0,0,0,0,0,0,0,0,0,0,0,0,0,0,0,0,0,0,0,0,0,233,16996,0,0,0,0
30473.687,16811,59,0,0,0,0,0,8,703,5,45,0,0,0,0,0,0,0,0,0,0,0,0,0,0,0,0,0,0,0,0,0,0,219,15602,0,0,0,0
30490.448,16761,59,0,0,0,0,0,8,759,5,45,0,0,0,0,0,0,0,0,0,0,0,0,0,0,0,0,0,0,0,0,0,0,235,17212,0,0,0,0
30506.910,16461,60,0,0,0,0,0,8,779,5,45,0,0,0,0,0,0,0,0,0,0,0,0,0,0,0,0,0,0,0,0,0,0,231,16398,0,0,0,0
30523.173,16263,61,0,0,0,0,0,8,710,5,45,0,0,0,0,0,0,0,0,0,0,0,0,0,0,0,0,0,0,0,0,0,0,234,16523,0,0,0,0
30541.163,17990,55,0,0,0,0,0,8,787,5,45,0,0,0,0,0,0,0,0,0,0,0,0,0,0,0,0,0,0,0,0,0,0,234,16202,0,0,0,0
30556.959,15796,63,0,0,0,0,0,8,742,5,45,0,0,0,0,0,0,0,0,0,0,0,0,0,0,0,0,0,0,0,0,0,0,266,18219,0,0,0,0
30573.570,16611,60,0,0,0,0,0,8,759,5,45,0,0,0,0,0,0,0,0,0,0,0,0,0,0,0,0,0,0,0,0,0,0,212,15367,0,0,0,0
30590.517,16946,59,0,0,0,0,0,8,737,5,45,0,0,0,0,0,0,0,0,0,0,0,0,0,0,0,0,0,0,0,0,0,0,225,17237,0,0,0,0
30607.289,16772,59,0,0,0,0,0,8,785,5,45,0,0,0,0,0,0,0,0,0,0,0,0,0,0,0,0,0,0,0,0,0,0,238,16501,0,0,0,0
30624.224,16934,59,0,0,0,0,0,8,728,5,45,0,0,0,0,0,0,0,0,0,0,0,0,0,0,0,0,0,0,0,0,0,0,237,16808,0,0,0,0
30640.312,16088,62,0,0,0,0,0,8,725,5,45,0,0,0,0,0,0,0,0,0,0,0,0,0,0,0,0,0,0,0,0,0,0,231,16846,0,0,0,0
30657.187,16874,59,0,0,0,0,0,8,783,5,45,0,0,0,0,0,0,0,0,0,0,0,0,0,0,0,0,0,0,0,0,0,0,220,16172,0,0,0,0
30673.181,15994,62,0,0,0,0,0,8,705,5,45,0,0,0,0,0,0,0,0,0,0,0,0,0,0,0,0,0,0,0,0,0,0,217,16693,0,0,0,0
30690.292,17111,58,0,0,0,0,0,8,780,5,45,0,0,0,0,0,0,0,0,0,0,0,0,0,0,0,0,0,0,0,0,0,0,211,16009,0,0,0,0
30707.183,16891,59,0,0,0,0,0,8,741,5,45,0,0,0,0,0,0,0,0,0,0,0,0,0,0,0,0,0,0,0,0,0,0,230,17202,0,0,0,0
30723.731,16547,60,0,0,0,0,0,8,777,5,45,0,0,0,0,0,0,0,0,0,0,0,0,0,0,0,0,0,0,0,0,0,0,239,16978,0,0,0,0
30741.162,17430,57,0,0,0,0,0,8,713,5,45,0,0,0,0,0,0,0,0,0,0,0,0,0,0,0,0,0,0,0,0,0,0,224,16537,0,0,0,0
30757.290,16128,62,0,0,0,0,0,8,779,5,45,0,0,0,0,0,0,0,0,0,0,0,0,0,0,0,0,0,0,0,0,0,0,231,17438,0,0,0,0
30774.155,16864,59,0,0,0,0,0,8,737,5,45,0,0,0,0,0,0,0,0,0,0,0,0,0,0,0,0,0,0,0,0,0,0,213,16050,0,0,0,0
30790.678,16523,60,0,0,0,0,0,8,714,5,45,0,0,0,0,0,0,0,0,0,0,0,0,0,0,0,0,0,0,0,0,0,0,220,16884,0,0,0,0
30807.296,16617,60,0,0,0,0,0,8,779,5,45,0,0,0,0,0,0,0,0,0,0,0,0,0,0,0,0,0,0,0,0,0,0,228,16970,0,0,0,0
30823.175,15879,62,0,0,0,0,0,8,701,5,45,0,0,0,0,0,0,0,0,0,0,0,0,0,0,0,0,0,0,0,0,0,0,211,16040,0,0,0,0
30841.157,17981,55,0,0,0,0,0,8,792,5,45,0,0,0,0,0,0,0,0,0,0,0,0,0,0,0,0,0,0,0,0,0,0,215,15931,0,0,0,0
30856.889,15731,63,0,0,0,0,0,8,775,5,45,0,0,0,0,0,0,0,0,0,0,0,0,0,0,0,0,0,0,0,0,0,0,267,18222,0,0,0,0
30873.178,16288,61,0,0,0,0,0,8,675,5,45,0,0,0,0,0,0,0,0,0,0,0,0,0,0,0,0,0,0,0,0,0,0,230,15599,0,0,0,0
30890.675,17497,57,0,0,0,0,0,8,784,5,45,0,0,0,0,0,0,0,0,0,0,0,0,0,0,0,0,0,0,0,0,0,0,207,16118,0,0,0,0
30907.151,16476,60,0,0,0,0,0,8,780,5,45,0,0,0,0,0,0,0,0,0,0,0,0,0,0,0,0,0,0,0,0,0,0,231,18101,0,0,0,0
30923.928,16776,59,0,0,0,0,0,8,754,5,45,0,0,0,0,0,0,0,0,0,0,0,0,0,0,0,0,0,0,0,0,0,0,233,16053,0,0,0,0
30941.156,17227,58,0,0,0,0,0,8,741,5,45,0,0,0,0,0,0,0,0,0,0,0,0,0,0,0,0,0,0,0,0,0,0,240,16933,0,0,0,0
30956.817,15661,63,0,0,0,0,0,8,746,5,45,0,0,0,0,0,0,0,0,0,0,0,0,0,0,0,0,0,0,0,0,0,0,242,17016,0,0,0,0
30973.675,16858,59,0,0,0,0,0,8,741,5,45,0,0,0,0,0,0,0,0,0,0,0,0,0,0,0,0,0,0,0,0,0,0,199,15505,0,0,0,0
30991.150,17474,57,0,0,0,0,0,8,752,5,45,0,0,0,0,0,0,0,0,0,0,0,0,0,0,0,0,0,0,0,0,0,0,206,16951,0,0,0,0
31007.717,16567,60,0,0,0,0,0,8,780,5,45,0,0,0,0,0,0,0,0,0,0,0,0,0,0,0,0,0,0,0,0,0,0,227,18068,0,0,0,0
31023.680,15962,62,0,0,0,0,0,8,713,5,45,0,0,0,0,0,0,0,0,0,0,0,0,0,0,0,0,0,0,0,0,0,0,215,16023,0,0,0,0
31040.662,16981,58,0,0,0,0,0,8,733,5,45,0,0,0,0,0,0,0,0,0,0,0,0,0,0,0,0,0,0,0,0,0,0,205,15829,0,0,0,0
31056.837,16175,61,0,0,0,0,0,8,777,5,45,0,0,0,0,0,0,0,0,0,0,0,0,0,0,0,0,0,0,0,0,0,0,238,17244,0,0,0,0
31073.202,16364,61,0,0,0,0,0,8,736,5,45,0,0,0,0,0,0,0,0,0,0,0,0,0,0,0,0,0,0,0,0,0,0,272,16442,0,0,0,0
31091.165,17963,55,0,0,0,0,0,8,759,5,45,0,0,0,0,0,0,0,0,0,0,0,0,0,0,0,0,0,0,0,0,0,0,202,15827,0,0,0,0
31107.214,16048,62,0,0,0,0,0,8,744,5,45,0,0,0,0,0,0,0,0,0,0,0,0,0,0,0,0,0,0,0,0,0,0,244,18623,0,0,0,0
31123.676,16462,60,0,0,0,0,0,8,734,5,45,0,0,0,0,0,0,0,0,0,0,0,0,0,0,0,0,0,0,0,0,0,0,198,15618,0,0,0,0
31140.198,16522,60,0,0,0,0,0,8,749,5,45,0,0,0,0,0,0,0,0,0,0,0,0,0,0,0,0,0,0,0,0,0,0,216,16396,0,0,0,0
31156.693,16495,60,0,0,0,0,0,8,779,5,45,0,0,0,0,0,0,0,0,0,0,0,0,0,0,0,0,0,0,0,0,0,0,219,16456,0,0,0,0
31173.166,16472,60,0,0,0,0,0,8,708,5,45,0,0,0,0,0,0,0,0,0,0,0,0,0,0,0,0,0,0,0,0,0,0,235,16674,0,0,0,0
31191.155,17989,55,0,0,0,0,0,8,747,5,45,0,0,0,0,0,0,0,0,0,0,0,0,0,0,0,0,0,0,0,0,0,0,233,16346,0,0,0,0
31206.868,15712,63,0,0,0,0,0,8,779,5,45,0,0,0,0,0,0,0,0,0,0,0,0,0,0,0,0,0,0,0,0,0,0,234,18970,0,0,0,0
31223.678,16809,59,0,0,0,0,0,8,742,5,45,0,0,0,0,0,0,0,0,0,0,0,0,0,0,0,0,0,0,0,0,0,0,224,14772,0,0,0,0
31240.281,16603,60,0,0,0,0,0,8,753,5,45,0,0,0,0,0,0,0,0,0,0,0,0,0,0,0,0,0,0,0,0,0,0,227,16792,0,0,0,0
31256.848,16566,60,0,0,0,0,0,8,781,5,45,0,0,0,0,0,0,0,0,0,0,0,0,0,0,0,0,0,0,0,0,0,0,237,16547,0,0,0,0
31273.533,16684,59,0,0,0,0,0,8,702,5,45,0,0,0,0,0,0,0,0,0,0,0,0,0,0,0,0,0,0,0,0,0,0,227,16882,0,0,0,0
31291.149,17616,56,0,0,0,0,0,8,759,5,45,0,0,0,0,0,0,0,0,0,0,0,0,0,0,0,0,0,0,0,0,0,0,214,16252,0,0,0,0
31307.180,16026,62,0,0,0,0,0,8,778,5,45,0,0,0,0,0,0,0,0,0,0,0,0,0,0,0,0,0,0,0,0,0,0,234,18348,0,0,0,0
31323.673,16497,60,0,0,0,0,0,8,732,5,45,0,0,0,0,0,0,0,0,0,0,0,0,0,0,0,0,0,0,0,0,0,0,199,15335,0,0,0,0
31341.146,17473,57,0,0,0,0,0,8,758,5,45,0,0,0,0,0,0,0,0,0,0,0,0,0,0,0,0,0,0,0,0,0,0,223,17068,0,0,0,0
31357.220,16074,62,0,0,0,0,0,8,740,5,45,0,0,0,0,0,0,0,0,0,0,0,0,0,0,0,0,0,0,0,0,0,0,240,18029,0,0,0,0
31373.671,16450,60,0,0,0,0,0,8,740,5,45,0,0,0,0,0,0,0,0,0,0,0,0,0,0,0,0,0,0,0,0,0,0,202,15075,0,0,0,0
31390.291,16620,60,0,0,0,0,0,8,756,5,45,0,0,0,0,0,0,0,0,0,0,0,0,0,0,0,0,0,0,0,0,0,0,202,16325,0,0,0,0
31408.167,17876,55,0,0,0,0,0,8,780,5,45,0,0,0,0,0,0,0,0,0,0,0,0,0,0,0,0,0,0,0,0,0,0,233,16757,0,0,0,0
31423.714,15547,64,0,0,0,0,0,8,721,5,45,0,0,0,0,0,0,0,0,0,0,0,0,0,0,0,0,0,0,0,0,0,0,226,17902,0,0,0,0
31440.453,16738,59,0,0,0,0,0,8,729,5,45,0,0,0,0,0,0,0,0,0,0,0,0,0,0,0,0,0,0,0,0,0,0,221,15910,0,0,0,0
31457.313,16860,59,0,0,0,0,0,8,782,5,45,0,0,0,0,0,0,0,0,0,0,0,0,0,0,0,0,0,0,0,0,0,0,227,16317,0,0,0,0
31473.169,15855,63,0,0,0,0,0,8,701,5,45,0,0,0,0,0,0,0,0,0,0,0,0,0,0,0,0,0,0,0,0,0,0,212,16760,0,0,0,0
31491.160,17990,55,0,0,0,0,0,8,789,5,45,0,0,0,0,0,0,0,0,0,0,0,0,0,0,0,0,0,0,0,0,0,0,226,16029,0,0,0,0
31506.824,15664,63,0,0,0,0,0,8,738,5,45,0,0,0,0,0,0,0,0,0,0,0,0,0,0,0,0,0,0,0,0,0,0,241,17909,0,0,0,0
31524.146,17322,57,0,0,0,0,0,8,744,5,45,0,0,0,0,0,0,0,0,0,0,0,0,0,0,0,0,0,0,0,0,0,0,220,15637,0,0,0,0
31540.666,16519,60,0,0,0,0,0,8,743,5,45,0,0,0,0,0,0,0,0,0,0,0,0,0,0,0,0,0,0,0,0,0,0,231,17483,0,0,0,0
31557.278,16612,60,0,0,0,0,0,8,780,5,45,0,0,0,0,0,0,0,0,0,0,0,0,0,0,0,0,0,0,0,0,0,0,226,16965,0,0,0,0
31573.674,16395,60,0,0,0,0,0,8,736,5,45,0,0,0,0,0,0,0,0,0,0,0,0,0,0,0,0,0,0,0,0,0,0,224,16080,0,0,0,0
31591.157,17482,57,0,0,0,0,0,8,723,5,45,0,0,0,0,0,0,0,0,0,0,0,0,0,0,0,0,0,0,0,0,0,0,204,16343,0,0,0,0
31607.196,16039,62,0,0,0,0,0,8,776,5,45,0,0,0,0,0,0,0,0,0,0,0,0,0,0,0,0,0,0,0,0,0,0,244,17502,0,0,0,0
31623.564,16368,61,0,0,0,0,0,8,740,5,45,0,0,0,0,0,0,0,0,0,0,0,0,0,0,0,0,0,0,0,0,0,0,239,16041,0,0,0,0
31640.253,16689,59,0,0,0,0,0,8,755,5,45,0,0,0,0,0,0,0,0,0,0,0,0,0,0,0,0,0,0,0,0,0,0,228,16378,0,0,0,0
31656.845,16591,60,0,0,0,0,0,8,783,5,45,0,0,0,0,0,0,0,0,0,0,0,0,0,0,0,0,0,0,0,0,0,0,231,16739,0,0,0,0
31674.674,17828,56,0,0,0,0,0,8,747,5,45,0,0,0,0,0,0,0,0,0,0,0,0,0,0,0,0,0,0,0,0,0,0,231,16511,0,0,0,0
31691.014,16340,61,0,0,0,0,0,8,703,5,45,0,0,0,0,0,0,0,0,0,0,0,0,0,0,0,0,0,0,0,0,0,0,237,17957,0,0,0,0
31707.300,16285,61,0,0,0,0,0,8,781,5,45,0,0,0,0,0,0,0,0,0,0,0,0,0,0,0,0,0,0,0,0,0,0,201,16095,0,0,0,0
31724.141,16841,59,0,0,0,0,0,8,729,5,45,0,0,0,0,0,0,0,0,0,0,0,0,0,0,0,0,0,0,0,0,0,0,210,16353,0,0,0,0
31740.157,16016,62,0,0,0,0,0,8,751,5,45,0,0,0,0,0,0,0,0,0,0,0,0,0,0,0,0,0,0,0,0,0,0,205,16926,0,0,0,0
31757.083,16925,59,0,0,0,0,0,8,746,5,45,0,0,0,0,0,0,0,0,0,0,0,0,0,0,0,0,0,0,0,0,0,0,205,15932,0,0,0,0
31774.143,17060,58,0,0,0,0,0,8,741,5,45,0,0,0,0,0,0,0,0,0,0,0,0,0,0,0,0,0,0,0,0,0,0,237,16979,0,0,0,0
31790.282,16139,61,0,0,0,0,0,8,751,5,45,0,0,0,0,0,0,0,0,0,0,0,0,0,0,0,0,0,0,0,0,0,0,233,17156,0,0,0,0
31807.662,17379,57,0,0,0,0,0,8,780,5,45,0,0,0,0,0,0,0,0,0,0,0,0,0,0,0,0,0,0,0,0,0,0,227,16053,0,0,0,0
31823.327,15665,63,0,0,0,0,0,8,719,5,45,0,0,0,0,0,0,0,0,0,0,0,0,0,0,0,0,0,0,0,0,0,0,236,17396,0,0,0,0
31841.162,17834,56,0,0,0,0,0,8,735,5,45,0,0,0,0,0,0,0,0,0,0,0,0,0,0,0,0,0,0,0,0,0,0,219,15907,0,0,0,0
31857.338,16176,61,0,0,0,0,0,8,779,5,45,0,0,0,0,0,0,0,0,0,0,0,0,0,0,0,0,0,0,0,0,0,0,254,17527,0,0,0,0
31873.688,16349,61,0,0,0,0,0,8,733,5,45,0,0,0,0,0,0,0,0,0,0,0,0,0,0,0,0,0,0,0,0,0,0,213,16225,0,0,0,0
31891.142,17453,57,0,0,0,0,0,8,756,5,45,0,0,0,0,0,0,0,0,0,0,0,0,0,0,0,0,0,0,0,0,0,0,213,16283,0,0,0,0
31907.208,16066,62,0,0,0,0,0,8,743,5,45,0,0,0,0,0,0,0,0,0,0,0,0,0,0,0,0,0,0,0,0,0,0,234,18008,0,0,0,0
31923.150,15942,62,0,0,0,0,0,8,711,5,45,0,0,0,0,0,0,0,0,0,0,0,0,0,0,0,0,0,0,0,0,0,0,227,15589,0,0,0,0
31940.249,17098,58,0,0,0,0,0,8,776,5,45,0,0,0,0,0,0,0,0,0,0,0,0,0,0,0,0,0,0,0,0,0,0,209,14954,0,0,0,0
31957.117,16867,59,0,0,0,0,0,8,934,5,45,0,0,0,0,0,0,0,0,0,0,0,0,0,0,0,0,0,0,0,0,0,0,227,18594,0,0,0,0
31974.142,17025,58,0,0,0,0,0,8,1069,5,45,0,0,0,0,0,0,0,0,0,0,0,0,0,0,0,0,0,0,0,0,0,0,219,16751,0,0,0,0
31990.432,16290,61,0,0,0,0,0,8,754,5,45,0,0,0,0,0,0,0,0,0,0,0,0,0,0,0,0,0,0,0,0,0,0,224,16743,0,0,0,0
32007.278,16845,59,0,0,0,0,0,8,826,5,45,0,0,0,0,0,0,0,0,0,0,0,0,0,0,0,0,0,0,0,0,0,0,227,16186,0,0,0,0
32023.181,15903,62,0,0,0,0,0,8,756,5,45,0,0,0,0,0,0,0,0,0,0,0,0,0,0,0,0,0,0,0,0,0,0,238,16874,0,0,0,0
32040.681,17499,57,0,0,0,0,0,8,792,5,45,0,0,0,0,0,0,0,0,0,0,0,0,0,0,0,0,0,0,0,0,0,0,237,16282,0,0,0,0
32057.146,16465,60,0,0,0,0,0,8,812,5,45,0,0,0,0,0,0,0,0,0,0,0,0,0,0,0,0,0,0,0,0,0,0,227,17131,0,0,0,0
32074.147,17000,58,0,0,0,0,0,8,712,5,45,0,0,0,0,0,0,0,0,0,0,0,0,0,0,0,0,0,0,0,0,0,0,222,16445,0,0,0,0
32091.140,16992,58,0,0,0,0,0,8,780,5,45,0,0,0,0,0,0,0,0,0,0,0,0,0,0,0,0,0,0,0,0,0,0,238,17075,0,0,0,0
32107.283,16143,61,0,0,0,0,0,8,807,5,45,0,0,0,0,0,0,0,0,0,0,0,0,0,0,0,0,0,0,0,0,0,0,240,16885,0,0,0,0
32123.837,16553,60,0,0,0,0,0,8,803,5,45,0,0,0,0,0,0,0,0,0,0,0,0,0,0,0,0,0,0,0,0,0,0,234,16179,0,0,0,0
32140.660,16823,59,0,0,0,0,0,8,724,5,45,0,0,0,0,0,0,0,0,0,0,0,0,0,0,0,0,0,0,0,0,0,0,231,16804,0,0,0,0
32157.273,16612,60,0,0,0,0,0,8,764,5,45,0,0,0,0,0,0,0,0,0,0,0,0,0,0,0,0,0,0,0,0,0,0,223,16988,0,0,0,0
32174.148,16875,59,0,0,0,0,0,8,807,5,45,0,0,0,0,0,0,0,0,0,0,0,0,0,0,0,0,0,0,0,0,0,0,222,16214,0,0,0,0
32190.394,16245,61,0,0,0,0,0,8,728,5,45,0,0,0,0,0,0,0,0,0,0,0,0,0,0,0,0,0,0,0,0,0,0,206,15727,0,0,0,0
32206.823,16429,60,0,0,0,0,0,8,812,5,45,0,0,0,0,0,0,0,0,0,0,0,0,0,0,0,0,0,0,0,0,0,0,238,17353,0,0,0,0
32223.512,16689,59,0,0,0,0,0,8,741,5,45,0,0,0,0,0,0,0,0,0,0,0,0,0,0,0,0,0,0,0,0,0,0,227,16655,0,0,0,0
32241.142,17630,56,0,0,0,0,0,8,759,5,45,0,0,0,0,0,0,0,0,0,0,0,0,0,0,0,0,0,0,0,0,0,0,237,16466,0,0,0,0
32257.174,16031,62,0,0,0,0,0,8,803,5,45,0,0,0,0,0,0,0,0,0,0,0,0,0,0,0,0,0,0,0,0,0,0,269,17750,0,0,0,0
32273.750,16575,60,0,0,0,0,0,8,772,5,45,0,0,0,0,0,0,0,0,0,0,0,0,0,0,0,0,0,0,0,0,0,0,237,15908,0,0,0,0
32290.315,16565,60,0,0,0,0,0,8,770,5,45,0,0,0,0,0,0,0,0,0,0,0,0,0,0,0,0,0,0,0,0,0,0,222,16894,0,0,0,0
32307.205,16890,59,0,0,0,0,0,8,770,5,45,0,0,0,0,0,0,0,0,0,0,0,0,0,0,0,0,0,0,0,0,0,0,224,16182,0,0,0,0
32323.712,16506,60,0,0,0,0,0,8,750,5,45,0,0,0,0,0,0,0,0,0,0,0,0,0,0,0,0,0,0,0,0,0,0,235,17085,0,0,0,0
32340.280,16568,60,0,0,0,0,0,8,779,5,45,0,0,0,0,0,0,0,0,0,0,0,0,0,0,0,0,0,0,0,0,0,0,217,16196,0,0,0,0
32358.143,17862,55,0,0,0,0,0,8,806,5,45,0,0,0,0,0,0,0,0,0,0,0,0,0,0,0,0,0,0,0,0,0,0,233,16597,0,0,0,0
32373.574,15431,64,0,0,0,0,0,8,749,5,45,0,0,0,0,0,0,0,0,0,0,0,0,0,0,0,0,0,0,0,0,0,0,239,18110,0,0,0,0
32391.134,17560,56,0,0,0,0,0,8,739,5,45,0,0,0,0,0,0,0,0,0,0,0,0,0,0,0,0,0,0,0,0,0,0,230,15229,0,0,0,0
32407.345,16210,61,0,0,0,0,0,8,811,5,45,0,0,0,0,0,0,0,0,0,0,0,0,0,0,0,0,0,0,0,0,0,0,215,18635,0,0,0,0
32424.144,16798,59,0,0,0,0,0,8,757,5,45,0,0,0,0,0,0,0,0,0,0,0,0,0,0,0,0,0,0,0,0,0,0,212,15132,0,0,0,0
32441.172,17028,58,0,0,0,0,0,8,779,5,45,0,0,0,0,0,0,0,0,0,0,0,0,0,0,0,0,0,0,0,0,0,0,256,17052,0,0,0,0
32457.358,16185,61,0,0,0,0,0,8,799,5,45,0,0,0,0,0,0,0,0,0,0,0,0,0,0,0,0,0,0,0,0,0,0,244,17849,0,0,0,0
32473.671,16312,61,0,0,0,0,0,8,706,5,45,0,0,0,0,0,0,0,0,0,0,0,0,0,0,0,0,0,0,0,0,0,0,218,15300,0,0,0,0
32491.140,17469,57,0,0,0,0,0,8,805,5,45,0,0,0,0,0,0,0,0,0,0,0,0,0,0,0,0,0,0,0,0,0,0,193,16835,0,0,0,0
32507.136,15996,62,0,0,0,0,0,8,821,5,45,0,0,0,0,0,0,0,0,0,0,0,0,0,0,0,0,0,0,0,0,0,0,239,17354,0,0,0,0
32523.656,16519,60,0,0,0,0,0,8,805,5,45,0,0,0,0,0,0,0,0,0,0,0,0,0,0,0,0,0,0,0,0,0,0,221,15656,0,0,0,0
32540.659,17003,58,0,0,0,0,0,8,794,5,45,0,0,0,0,0,0,0,0,0,0,0,0,0,0,0,0,0,0,0,0,0,0,229,16953,0,0,0,0
32557.246,16587,60,0,0,0,0,0,8,245,5,45,0,0,0,0,0,0,0,0,0,0,0,0,0,0,0,0,0,0,0,0,0,0,0,0,0,0,0,0
32764.141,206895,4,0,0,0,0,0,8,348744,18,49,0,0,0,0,0,0,0,0,0,0,0,0,0,0,0,0,0,0,0,0,0,0,113742,237904,0,0,0,0
32806.390,42249,23,0,0,0,0,0,8,56614,8,50,0,0,0,0,0,0,0,0,0,0,0,0,0,0,0,0,0,0,0,0,0,0,0,42241,0,0,0,0
32818.137,11747,85,0,0,0,0,0,8,10553,5,50,0,0,0,0,0,0,0,0,0,0,0,0,0,0,0,0,0,0,0,0,0,0,84,84,0,0,0,0
32834.322,16184,61,0,0,0,0,0,8,12259,5,50,0,0,0,0,0,0,0,0,0,0,0,0,0,0,0,0,0,0,0,0,0,0,209,13301,0,0,0,0
32851.128,16806,59,0,0,0,0,0,8,5049,5,50,0,0,0,0,0,0,0,0,0,0,0,0,0,0,0,0,0,0,0,0,0,0,209,16162,0,0,0,0
32868.135,17007,58,0,0,0,0,0,8,6927,5,50,0,0,0,0,0,0,0,0,0,0,0,0,0,0,0,0,0,0,0,0,0,0,198,16288,0,0,0,0
32884.172,16036,62,0,0,0,0,0,8,8701,5,50,0,0,0,0,0,0,0,0,0,0,0,0,0,0,0,0,0,0,0,0,0,0,221,17534,0,0,0,0
32900.661,16489,60,0,0,0,0,0,8,46745,5,50,0,0,0,0,0,0,0,0,0,0,0,0,0,0,0,0,0,0,0,0,0,0,214,16567,0,0,0,0
32917.654,16993,58,0,0,0,0,0,8,48073,5,50,0,0,0,0,0,0,0,0,0,0,0,0,0,0,0,0,0,0,0,0,0,0,214,16478,0,0,0,0
32934.220,16565,60,0,0,0,0,0,8,46726,5,50,0,0,0,0,0,0,0,0,0,0,0,0,0,0,0,0,0,0,0,0,0,0,194,15946,0,0,0,0
32950.658,16437,60,0,0,0,0,0,8,52143,5,50,0,0,0,0,0,0,0,0,0,0,0,0,0,0,0,0,0,0,0,0,0,0,205,16579,0,0,0,0
32967.303,16644,60,0,0,0,0,0,8,752,5,50,0,0,0,0,0,0,0,0,0,0,0,0,0,0,0,0,0,0,0,0,0,0,214,17470,0,0,0,0
32984.325,17022,58,0,0,0,0,0,8,248,5,50,0,0,0,0,0,0,0,0,0,0,0,0,0,0,0,0,0,0,0,0,0,0,215,16166,0,0,0,0
33000.755,16430,60,0,0,0,0,0,8,241,5,50,0,0,0,0,0,0,0,0,0,0,0,0,0,0,0,0,0,0,0,0,0,0,191,16972,0,0,0,0
33017.680,16924,59,0,0,0,0,0,8,28232,5,50,0,0,0,0,0,0,0,0,0,0,0,0,0,0,0,0,0,0,0,0,0,0,196,15920,0,0,0,0
33033.800,16119,62,0,0,0,0,0,8,26165,5,50,0,0,0,0,0,0,0,0,0,0,0,0,0,0,0,0,0,0,0,0,0,0,235,16938,0,0,0,0
33050.649,16850,59,0,0,0,0,0,8,15316,5,50,0,0,0,0,0,0,0,0,0,0,0,0,0,0,0,0,0,0,0,0,0,0,205,17128,0,0,0,0
33067.796,17146,58,0,0,0,0,0,8,7580,5,50,0,0,0,0,0,0,0,0,0,0,0,0,0,0,0,0,0,0,0,0,0,0,205,16323,0,0,0,0
33084.267,16470,60,0,0,0,0,0,8,31483,5,50,0,0,0,0,0,0,0,0,0,0,0,0,0,0,0,0,0,0,0,0,0,0,210,17167,0,0,0,0
33100.659,16391,61,0,0,0,0,0,8,105148,5,50,0,0,0,0,0,0,0,0,0,0,0,0,0,0,0,0,0,0,0,0,0,0,176,16450,0,0,0,0
33117.607,16948,59,0,0,0,0,0,8,21875,5,51,0,0,0,0,0,0,0,0,0,0,0,0,0,0,0,0,0,0,0,0,0,0,193,16380,0,0,0,0
33135.133,17526,57,0,0,0,0,0,8,246,5,51,0,0,0,0,0,0,0,0,0,0,0,0,0,0,0,0,0,0,0,0,0,0,194,16460,0,0,0,0
33150.672,15539,64,0,0,0,0,0,8,470,5,51,0,0,0,0,0,0,0,0,0,0,0,0,0,0,0,0,0,0,0,0,0,0,200,18046,0,0,0,0
33167.273,16600,60,0,0,0,0,0,8,178,5,51,0,0,0,0,0,0,0,0,0,0,0,0,0,0,0,0,0,0,0,0,0,0,182,15016,0,0,0,0
33184.126,16852,59,0,0,0,0,0,8,298,5,51,0,0,0,0,0,0,0,0,0,0,0,0,0,0,0,0,0,0,0,0,0,0,185,17107,0,0,0,0
33200.672,16546,60,0,0,0,0,0,8,1220,5,51,0,0,0,0,0,0,0,0,0,0,0,0,0,0,0,0,0,0,0,0,0,0,211,16872,0,0,0,0
33217.229,16556,60,0,0,0,0,0,8,12063,5,51,0,0,0,0,0,0,0,0,0,0,0,0,0,0,0,0,0,0,0,0,0,0,189,16542,0,0,0,0
33234.267,17038,58,0,0,0,0,0,8,245,5,51,0,0,0,0,0,0,0,0,0,0,0,0,0,0,0,0,0,0,0,0,0,0,199,16570,0,0,0,0
33250.640,16373,61,0,0,0,0,0,8,244,5,51,0,0,0,0,0,0,0,0,0,0,0,0,0,0,0,0,0,0,0,0,0,0,212,17008,0,0,0,0
33268.130,17489,57,0,0,0,0,0,8,497,5,51,0,0,0,0,0,0,0,0,0,0,0,0,0,0,0,0,0,0,0,0,0,0,191,16387,0,0,0,0
33284.295,16165,61,0,0,0,0,0,8,282,5,51,0,0,0,0,0,0,0,0,0,0,0,0,0,0,0,0,0,0,0,0,0,0,201,17503,0,0,0,0
33301.137,16842,59,0,0,0,0,0,8,1570,5,51,0,0,0,0,0,0,0,0,0,0,0,0,0,0,0,0,0,0,0,0,0,0,206,16161,0,0,0,0
33317.645,16507,60,0,0,0,0,0,8,175,5,51,0,0,0,0,0,0,0,0,0,0,0,0,0,0,0,0,0,0,0,0,0,0,194,17351,0,0,0,0
33333.777,16131,61,0,0,0,0,0,8,468,5,51,0,0,0,0,0,0,0,0,0,0,0,0,0,0,0,0,0,0,0,0,0,0,181,15967,0,0,0,0
33350.809,17032,58,0,0,0,0,0,8,10589,5,51,0,0,0,0,0,0,0,0,0,0,0,0,0,0,0,0,0,0,0,0,0,0,200,15621,0,0,0,0
33367.399,16589,60,0,0,0,0,0,8,186,5,51,0,0,0,0,0,0,0,0,0,0,0,0,0,0,0,0,0,0,0,0,0,0,200,18072,0,0,0,0
33383.892,16493,60,0,0,0,0,0,8,357,5,51,0,0,0,0,0,0,0,0,0,0,0,0,0,0,0,0,0,0,0,0,0,0,236,16147,0,0,0,0
33400.188,16296,61,0,0,0,0,0,8,249,5,51,0,0,0,0,0,0,0,0,0,0,0,0,0,0,0,0,0,0,0,0,0,0,190,16402,0,0,0,0
33417.838,17649,56,0,0,0,0,0,8,2499,5,51,0,0,0,0,0,0,0,0,0,0,0,0,0,0,0,0,0,0,0,0,0,0,188,15732,0,0,0,0
33434.247,16408,60,0,0,0,0,0,8,635,5,51,0,0,0,0,0,0,0,0,0,0,0,0,0,0,0,0,0,0,0,0,0,0,210,18220,0,0,0,0
33450.645,16398,60,0,0,0,0,0,8,249,5,51,0,0,0,0,0,0,0,0,0,0,0,0,0,0,0,0,0,0,0,0,0,0,170,16406,0,0,0,0
33467.533,16887,59,0,0,0,0,0,8,422,5,51,0,0,0,0,0,0,0,0,0,0,0,0,0,0,0,0,0,0,0,0,0,0,205,16927,0,0,0,0
33484.636,17103,58,0,0,0,0,0,8,1752,5,51,0,0,0,0,0,0,0,0,0,0,0,0,0,0,0,0,0,0,0,0,0,0,203,16378,0,0,0,0
33500.743,16107,62,0,0,0,0,0,8,239,5,51,0,0,0,0,0,0,0,0,0,0,0,0,0,0,0,0,0,0,0,0,0,0,194,17098,0,0,0,0
33518.127,17384,57,0,0,0,0,0,8,1495,5,51,0,0,0,0,0,0,0,0,0,0,0,0,0,0,0,0,0,0,0,0,0,0,188,16619,0,0,0,0
33534.310,16183,61,0,0,0,0,0,8,13429,5,51,0,0,0,0,0,0,0,0,0,0,0,0,0,0,0,0,0,0,0,0,0,0,198,16870,0,0,0,0
33550.710,16399,60,0,0,0,0,0,8,4075,5,51,0,0,0,0,0,0,0,0,0,0,0,0,0,0,0,0,0,0,0,0,0,0,196,16710,0,0,0,0
33621.821,71110,14,0,0,0,0,0,8,40504,50,53,0,0,0,0,0,0,0,0,0,0,0,0,0,0,0,0,0,0,0,0,0,0,366295,85357,0,0,0,0
33634.026,12206,81,0,0,0,0,0,8,48720,44,53,0,0,0,0,0,0,0,0,0,0,0,0,0,0,0,0,0,0,0,0,0,0,242,12211,0,0,0,0
36192.636,2558609,0,0,0,0,0,0,8,86759,349,53,0,0,0,0,0,0,0,0,0,0,0,0,0,0,0,0,0,0,0,0,0,0,411,2558608,0,0,0,0
36993.043,800406,1,0,0,0,0,0,8,67054,138,53,0,0,0,0,0,0,0,0,0,0,0,0,0,0,0,0,0,0,0,0,0,0,473,800406,0,0,0,0
37009.161,16117,62,0,0,0,0,0,8,48978,44,53,0,0,0,0,0,0,0,0,0,0,0,0,0,0,0,0,0,0,0,0,0,0,225,5382,0,0,0,0
37025.630,16468,60,0,0,0,0,0,8,71276,44,53,0,0,0,0,0,0,0,0,0,0,0,0,0,0,0,0,0,0,0,0,0,0,230,17545,0,0,0,0
37042.418,16788,59,0,0,0,0,0,8,75691,44,53,0,0,0,0,0,0,0,0,0,0,0,0,0,0,0,0,0,0,0,0,0,0,3118,19923,0,0,0,0
37059.236,16817,59,0,0,0,0,0,8,48227,44,53,0,0,0,0,0,0,0,0,0,0,0,0,0,0,0,0,0,0,0,0,0,0,372,13923,0,0,0,0
37075.476,16240,61,0,0,0,0,0,8,48303,44,53,0,0,0,0,0,0,0,0,0,0,0,0,0,0,0,0,0,0,0,0,0,0,319,16289,0,0,0,0
37092.542,17065,58,0,0,0,0,0,8,48558,44,53,0,0,0,0,0,0,0,0,0,0,0,0,0,0,0,0,0,0,0,0,0,0,332,15328,0,0,0,0
37108.980,16438,60,0,0,0,0,0,8,48605,44,53,0,0,0,0,0,0,0,0,0,0,0,0,0,0,0,0,0,0,0,0,0,0,340,17258,0,0,0,0
37125.612,16631,60,0,0,0,0,0,8,48277,44,53,0,0,0,0,0,0,0,0,0,0,0,0,0,0,0,0,0,0,0,0,0,0,286,16271,0,0,0,0
37142.241,16618,60,0,0,0,0,0,8,49000,44,53,0,0,0,0,0,0,0,0,0,0,0,0,0,0,0,0,0,0,0,0,0,0,318,17004,0,0,0,0
37158.794,16563,60,0,0,0,0,0,8,48873,44,53,0,0,0,0,0,0,0,0,0,0,0,0,0,0,0,0,0,0,0,0,0,0,331,16547,0,0,0,0
37175.666,16872,59,0,0,0,0,0,8,48613,44,53,0,0,0,0,0,0,0,0,0,0,0,0,0,0,0,0,0,0,0,0,0,0,300,16541,0,0,0,0
37191.730,16064,62,0,0,0,0,0,8,48859,44,53,0,0,0,0,0,0,0,0,0,0,0,0,0,0,0,0,0,0,0,0,0,0,322,16427,0,0,0,0
37209.067,17336,57,0,0,0,0,0,8,49060,44,53,0,0,0,0,0,0,0,0,0,0,0,0,0,0,0,0,0,0,0,0,0,0,350,16371,0,0,0,0
37225.612,16545,60,0,0,0,0,0,8,48134,44,53,0,0,0,0,0,0,0,0,0,0,0,0,0,0,0,0,0,0,0,0,0,0,326,16818,0,0,0,0
37243.107,17494,57,0,0,0,0,0,8,48312,44,53,0,0,0,0,0,0,0,0,0,0,0,0,0,0,0,0,0,0,0,0,0,0,335,17362,0,0,0,0
37259.227,16120,62,0,0,0,0,0,8,48214,44,53,0,0,0,0,0,0,0,0,0,0,0,0,0,0,0,0,0,0,0,0,0,0,321,17111,0,0,0,0
37275.454,16227,61,0,0,0,0,0,8,46400,44,53,0,0,0,0,0,0,0,0,0,0,0,0,0,0,0,0,0,0,0,0,0,0,334,16073,0,0,0,0
37291.980,16525,60,0,0,0,0,0,8,46472,44,53,0,0,0,0,0,0,0,0,0,0,0,0,0,0,0,0,0,0,0,0,0,0,313,15809,0,0,0,0
37309.089,17109,58,0,0,0,0,0,8,48004,44,53,0,0,0,0,0,0,0,0,0,0,0,0,0,0,0,0,0,0,0,0,0,0,319,16601,0,0,0,0
37325.603,16513,60,0,0,0,0,0,8,48378,44,53,0,0,0,0,0,0,0,0,0,0,0,0,0,0,0,0,0,0,0,0,0,0,301,17316,0,0,0,0
37343.090,17487,57,0,0,0,0,0,8,48258,44,53,0,0,0,0,0,0,0,0,0,0,0,0,0,0,0,0,0,0,0,0,0,0,323,16898,0,0,0,0
37359.137,16047,62,0,0,0,0,0,8,48140,44,53,0,0,0,0,0,0,0,0,0,0,0,0,0,0,0,0,0,0,0,0,0,0,318,17148,0,0,0,0
37375.892,16754,59,0,0,0,0,0,8,48135,44,53,0,0,0,0,0,0,0,0,0,0,0,0,0,0,0,0,0,0,0,0,0,0,322,16952,0,0,0,0
37393.114,17221,58,0,0,0,0,0,8,47614,44,53,0,0,0,0,0,0,0,0,0,0,0,0,0,0,0,0,0,0,0,0,0,0,324,15585,0,0,0,0
37409.176,16062,62,0,0,0,0,0,8,47534,44,53,0,0,0,0,0,0,0,0,0,0,0,0,0,0,0,0,0,0,0,0,0,0,330,17443,0,0,0,0
37426.622,17446,57,0,0,0,0,0,8,47576,44,53,0,0,0,0,0,0,0,0,0,0,0,0,0,0,0,0,0,0,0,0,0,0,311,15934,0,0,0,0
37442.976,16353,61,0,0,0,0,0,8,46792,44,53,0,0,0,0,0,0,0,0,0,0,0,0,0,0,0,0,0,0,0,0,0,0,326,17685,0,0,0,0
37458.988,16012,62,0,0,0,0,0,8,46595,44,53,0,0,0,0,0,0,0,0,0,0,0,0,0,0,0,0,0,0,0,0,0,0,330,16298,0,0,0,0
37475.637,16648,60,0,0,0,0,0,8,46409,44,53,0,0,0,0,0,0,0,0,0,0,0,0,0,0,0,0,0,0,0,0,0,0,321,15810,0,0,0,0
37492.515,16877,59,0,0,0,0,0,8,46640,44,53,0,0,0,0,0,0,0,0,0,0,0,0,0,0,0,0,0,0,0,0,0,0,315,16821,0,0,0,0
37509.235,16719,59,0,0,0,0,0,8,46655,44,53,0,0,0,0,0,0,0,0,0,0,0,0,0,0,0,0,0,0,0,0,0,0,313,16698,0,0,0,0
37525.849,16614,60,0,0,0,0,0,8,46592,44,53,0,0,0,0,0,0,0,0,0,0,0,0,0,0,0,0,0,0,0,0,0,0,323,16737,0,0,0,0
37542.304,16455,60,0,0,0,0,0,8,46618,44,53,0,0,0,0,0,0,0,0,0,0,0,0,0,0,0,0,0,0,0,0,0,0,303,16297,0,0,0,0
37559.230,16926,59,0,0,0,0,0,8,46434,44,53,0,0,0,0,0,0,0,0,0,0,0,0,0,0,0,0,0,0,0,0,0,0,340,16433,0,0,0,0
37576.089,16858,59,0,0,0,0,0,8,45201,44,53,0,0,0,0,0,0,0,0,0,0,0,0,0,0,0,0,0,0,0,0,0,0,348,17427,0,0,0,0
37592.272,16182,61,0,0,0,0,0,8,44942,44,53,0,0,0,0,0,0,0,0,0,0,0,0,0,0,0,0,0,0,0,0,0,0,305,15398,0,0,0,0
37609.308,17036,58,0,0,0,0,0,8,44958,44,53,0,0,0,0,0,0,0,0,0,0,0,0,0,0,0,0,0,0,0,0,0,0,326,17739,0,0,0,0
37626.102,16793,59,0,0,0,0,0,8,44314,44,53,0,0,0,0,0,0,0,0,0,0,0,0,0,0,0,0,0,0,0,0,0,0,312,16612,0,0,0,0
37643.099,16996,58,0,0,0,0,0,8,44674,44,53,0,0,0,0,0,0,0,0,0,0,0,0,0,0,0,0,0,0,0,0,0,0,323,16708,0,0,0,0
37658.927,15828,63,0,0,0,0,0,8,44673,44,53,0,0,0,0,0,0,0,0,0,0,0,0,0,0,0,0,0,0,0,0,0,0,328,17601,0,0,0,0
37675.783,16856,59,0,0,0,0,0,8,44388,44,53,0,0,0,0,0,0,0,0,0,0,0,0,0,0,0,0,0,0,0,0,0,0,328,15414,0,0,0,0
37692.169,16385,61,0,0,0,0,0,8,44772,44,53,0,0,0,0,0,0,0,0,0,0,0,0,0,0,0,0,0,0,0,0,0,0,316,17048,0,0,0,0
37709.228,17058,58,0,0,0,0,0,8,44477,44,53,0,0,0,0,0,0,0,0,0,0,0,0,0,0,0,0,0,0,0,0,0,0,320,16440,0,0,0,0
37725.615,16387,61,0,0,0,0,0,8,44631,44,53,0,0,0,0,0,0,0,0,0,0,0,0,0,0,0,0,0,0,0,0,0,0,317,17039,0,0,0,0
37743.091,17475,57,0,0,0,0,0,8,44392,44,53,0,0,0,0,0,0,0,0,0,0,0,0,0,0,0,0,0,0,0,0,0,0,321,16508,0,0,0,0
37759.131,16040,62,0,0,0,0,0,8,44565,44,53,0,0,0,0,0,0,0,0,0,0,0,0,0,0,0,0,0,0,0,0,0,0,306,17350,0,0,0,0
37775.602,16470,60,0,0,0,0,0,8,44395,44,53,0,0,0,0,0,0,0,0,0,0,0,0,0,0,0,0,0,0,0,0,0,0,327,16603,0,0,0,0
37792.471,16869,59,0,0,0,0,0,8,44692,44,53,0,0,0,0,0,0,0,0,0,0,0,0,0,0,0,0,0,0,0,0,0,0,317,15725,0,0,0,0
37809.131,16660,60,0,0,0,0,0,8,44403,44,53,0,0,0,0,0,0,0,0,0,0,0,0,0,0,0,0,0,0,0,0,0,0,325,17289,0,0,0,0
37826.618,17486,57,0,0,0,0,0,8,44658,44,53,0,0,0,0,0,0,0,0,0,0,0,0,0,0,0,0,0,0,0,0,0,0,326,16132,0,0,0,0
37842.631,16012,62,0,0,0,0,0,8,44678,44,53,0,0,0,0,0,0,0,0,0,0,0,0,0,0,0,0,0,0,0,0,0,0,342,17866,0,0,0,0
37859.115,16484,60,0,0,0,0,0,8,44637,44,53,0,0,0,0,0,0,0,0,0,0,0,0,0,0,0,0,0,0,0,0,0,0,320,15829,0,0,0,0
37876.606,17491,57,0,0,0,0,0,8,44436,44,53,0,0,0,0,0,0,0,0,0,0,0,0,0,0,0,0,0,0,0,0,0,0,316,16405,0,0,0,0
37892.612,16006,62,0,0,0,0,0,8,44773,44,53,0,0,0,0,0,0,0,0,0,0,0,0,0,0,0,0,0,0,0,0,0,0,310,17798,0,0,0,0
37909.189,16577,60,0,0,0,0,0,8,46195,44,53,0,0,0,0,0,0,0,0,0,0,0,0,0,0,0,0,0,0,0,0,0,0,311,15844,0,0,0,0
37926.092,16902,59,0,0,0,0,0,8,46113,44,53,0,0,0,0,0,0,0,0,0,0,0,0,0,0,0,0,0,0,0,0,0,0,312,16212,0,0,0,0
37942.322,16230,61,0,0,0,0,0,8,46265,44,53,0,0,0,0,0,0,0,0,0,0,0,0,0,0,0,0,0,0,0,0,0,0,335,16092,0,0,0,0
37958.896,16573,60,0,0,0,0,0,8,46677,44,53,0,0,0,0,0,0,0,0,0,0,0,0,0,0,0,0,0,0,0,0,0,0,295,17552,0,0,0,0
37975.607,16711,59,0,0,0,0,0,8,47513,44,53,0,0,0,0,0,0,0,0,0,0,0,0,0,0,0,0,0,0,0,0,0,0,335,16741,0,0,0,0
37992.204,16596,60,0,0,0,0,0,8,47184,44,53,0,0,0,0,0,0,0,0,0,0,0,0,0,0,0,0,0,0,0,0,0,0,327,16698,0,0,0,0
38009.281,17077,58,0,0,0,0,0,8,47304,44,53,0,0,0,0,0,0,0,0,0,0,0,0,0,0,0,0,0,0,0,0,0,0,326,16080,0,0,0,0
38025.891,16609,60,0,0,0,0,0,8,46310,44,53,0,0,0,0,0,0,0,0,0,0,0,0,0,0,0,0,0,0,0,0,0,0,320,17028,0,0,0,0
38043.091,17200,58,0,0,0,0,0,8,47515,44,53,0,0,0,0,0,0,0,0,0,0,0,0,0,0,0,0,0,0,0,0,0,0,302,16676,0,0,0,0
38059.149,16058,62,0,0,0,0,0,8,46167,44,53,0,0,0,0,0,0,0,0,0,0,0,0,0,0,0,0,0,0,0,0,0,0,338,17518,0,0,0,0
38076.093,16944,59,0,0,0,0,0,8,47145,44,53,0,0,0,0,0,0,0,0,0,0,0,0,0,0,0,0,0,0,0,0,0,0,325,16234,0,0,0,0
38093.094,16990,58,0,0,0,0,0,8,46170,44,53,0,0,0,0,0,0,0,0,0,0,0,0,0,0,0,0,0,0,0,0,0,0,327,15729,0,0,0,0
38109.003,15918,62,0,0,0,0,0,8,46159,44,53,0,0,0,0,0,0,0,0,0,0,0,0,0,0,0,0,0,0,0,0,0,0,335,18101,0,0,0,0
38125.779,16776,59,0,0,0,0,0,8,46036,44,53,0,0,0,0,0,0,0,0,0,0,0,0,0,0,0,0,0,0,0,0,0,0,340,16447,0,0,0,0
38142.598,16819,59,0,0,0,0,0,8,45925,44,53,0,0,0,0,0,0,0,0,0,0,0,0,0,0,0,0,0,0,0,0,0,0,313,15716,0,0,0,0
38159.227,16628,60,0,0,0,0,0,8,45812,44,53,0,0,0,0,0,0,0,0,0,0,0,0,0,0,0,0,0,0,0,0,0,0,339,17156,0,0,0,0
38175.603,16376,61,0,0,0,0,0,8,44302,44,53,0,0,0,0,0,0,0,0,0,0,0,0,0,0,0,0,0,0,0,0,0,0,319,16260,0,0,0,0
38192.240,16637,60,0,0,0,0,0,8,44191,44,53,0,0,0,0,0,0,0,0,0,0,0,0,0,0,0,0,0,0,0,0,0,0,321,17009,0,0,0,0
38209.335,17095,58,0,0,0,0,0,8,44172,44,53,0,0,0,0,0,0,0,0,0,0,0,0,0,0,0,0,0,0,0,0,0,0,322,16299,0,0,0,0
38225.212,15877,62,0,0,0,0,0,8,44267,44,53,0,0,0,0,0,0,0,0,0,0,0,0,0,0,0,0,0,0,0,0,0,0,334,17305,0,0,0,0
38242.282,17069,58,0,0,0,0,0,8,44136,44,53,0,0,0,0,0,0,0,0,0,0,0,0,0,0,0,0,0,0,0,0,0,0,323,15630,0,0,0,0
38259.115,16833,59,0,0,0,0,0,8,44343,44,53,0,0,0,0,0,0,0,0,0,0,0,0,0,0,0,0,0,0,0,0,0,0,339,17395,0,0,0,0
38276.087,16972,58,0,0,0,0,0,8,44439,44,53,0,0,0,0,0,0,0,0,0,0,0,0,0,0,0,0,0,0,0,0,0,0,329,16538,0,0,0,0
38292.219,16132,61,0,0,0,0,0,8,44358,44,53,0,0,0,0,0,0,0,0,0,0,0,0,0,0,0,0,0,0,0,0,0,0,343,16807,0,0,0,0
38308.794,16574,60,0,0,0,0,0,8,44227,44,53,0,0,0,0,0,0,0,0,0,0,0,0,0,0,0,0,0,0,0,0,0,0,329,16359,0,0,0,0
38326.088,17294,57,0,0,0,0,0,8,44131,44,53,0,0,0,0,0,0,0,0,0,0,0,0,0,0,0,0,0,0,0,0,0,0,325,16447,0,0,0,0
38343.090,16991,58,0,0,0,0,0,8,44625,44,53,0,0,0,0,0,0,0,0,0,0,0,0,0,0,0,0,0,0,0,0,0,0,328,17353,0,0,0,0
38358.935,15854,63,0,0,0,0,0,8,44318,44,53,0,0,0,0,0,0,0,0,0,0,0,0,0,0,0,0,0,0,0,0,0,0,332,17431,0,0,0,0
38376.630,17695,56,0,0,0,0,0,8,46064,44,53,0,0,0,0,0,0,0,0,0,0,0,0,0,0,0,0,0,0,0,0,0,0,312,15306,0,0,0,0
38393.075,16444,60,0,0,0,0,0,8,46170,44,53,0,0,0,0,0,0,0,0,0,0,0,0,0,0,0,0,0,0,0,0,0,0,340,18173,0,0,0,0
38409.206,16130,61,0,0,0,0,0,8,46148,44,53,0,0,0,0,0,0,0,0,0,0,0,0,0,0,0,0,0,0,0,0,0,0,306,14907,0,0,0,0
38425.592,16386,61,0,0,0,0,0,8,46003,44,53,0,0,0,0,0,0,0,0,0,0,0,0,0,0,0,0,0,0,0,0,0,0,311,17478,0,0,0,0
38442.139,16546,60,0,0,0,0,0,8,46237,44,53,0,0,0,0,0,0,0,0,0,0,0,0,0,0,0,0,0,0,0,0,0,0,342,16569,0,0,0,0
38458.966,16827,59,0,0,0,0,0,8,46018,44,53,0,0,0,0,0,0,0,0,0,0,0,0,0,0,0,0,0,0,0,0,0,0,326,15878,0,0,0,0
38475.550,16584,60,0,0,0,0,0,8,46219,44,53,0,0,0,0,0,0,0,0,0,0,0,0,0,0,0,0,0,0,0,0,0,0,331,17512,0,0,0,0
38492.596,17046,58,0,0,0,0,0,8,47101,44,53,0,0,0,0,0,0,0,0,0,0,0,0,0,0,0,0,0,0,0,0,0,0,346,16160,0,0,0,0
38509.225,16628,60,0,0,0,0,0,8,46312,44,53,0,0,0,0,0,0,0,0,0,0,0,0,0,0,0,0,0,0,0,0,0,0,300,17361,0,0,0,0
38525.591,16366,61,0,0,0,0,0,8,47369,44,53,0,0,0,0,0,0,0,0,0,0,0,0,0,0,0,0,0,0,0,0,0,0,331,16529,0,0,0,0
38542.733,17141,58,0,0,0,0,0,8,46681,44,53,0,0,0,0,0,0,0,0,0,0,0,0,0,0,0,0,0,0,0,0,0,0,324,16374,0,0,0,0
38559.278,16545,60,0,0,0,0,0,8,46588,44,53,0,0,0,0,0,0,0,0,0,0,0,0,0,0,0,0,0,0,0,0,0,0,339,17672,0,0,0,0
38575.757,16478,60,0,0,0,0,0,8,46982,44,53,0,0,0,0,0,0,0,0,0,0,0,0,0,0,0,0,0,0,0,0,0,0,337,16229,0,0,0,0
38592.607,16850,59,0,0,0,0,0,8,47009,44,53,0,0,0,0,0,0,0,0,0,0,0,0,0,0,0,0,0,0,0,0,0,0,322,16399,0,0,0,0
38608.963,16356,61,0,0,0,0,0,8,46502,44,53,0,0,0,0,0,0,0,0,0,0,0,0,0,0,0,0,0,0,0,0,0,0,306,16600,0,0,0,0
38626.080,17116,58,0,0,0,0,0,8,46020,44,53,0,0,0,0,0,0,0,0,0,0,0,0,0,0,0,0,0,0,0,0,0,0,311,17378,0,0,0,0
38642.334,16253,61,0,0,0,0,0,8,44395,44,53,0,0,0,0,0,0,0,0,0,0,0,0,0,0,0,0,0,0,0,0,0,0,317,16070,0,0,0,0
38659.216,16882,59,0,0,0,0,0,8,44516,44,53,0,0,0,0,0,0,0,0,0,0,0,0,0,0,0,0,0,0,0,0,0,0,308,16344,0,0,0,0
38675.512,16296,61,0,0,0,0,0,8,44465,44,53,0,0,0,0,0,0,0,0,0,0,0,0,0,0,0,0,0,0,0,0,0,0,326,16787,0,0,0,0
38693.093,17580,56,0,0,0,0,0,8,44377,44,53,0,0,0,0,0,0,0,0,0,0,0,0,0,0,0,0,0,0,0,0,0,0,299,16051,0,0,0,0
38709.145,16051,62,0,0,0,0,0,8,44570,44,53,0,0,0,0,0,0,0,0,0,0,0,0,0,0,0,0,0,0,0,0,0,0,347,17938,0,0,0,0
38725.816,16671,59,0,0,0,0,0,8,44253,44,53,0,0,0,0,0,0,0,0,0,0,0,0,0,0,0,0,0,0,0,0,0,0,304,15504,0,0,0,0
38742.421,16604,60,0,0,0,0,0,8,44513,44,53,0,0,0,0,0,0,0,0,0,0,0,0,0,0,0,0,0,0,0,0,0,0,335,16892,0,0,0,0
38759.148,16727,59,0,0,0,0,0,8,44482,44,53,0,0,0,0,0,0,0,0,0,0,0,0,0,0,0,0,0,0,0,0,0,0,310,16608,0,0,0,0
38776.080,16931,59,0,0,0,0,0,8,44395,44,53,0,0,0,0,0,0,0,0,0,0,0,0,0,0,0,0,0,0,0,0,0,0,334,17344,0,0,0,0
38792.105,16025,62,0,0,0,0,0,8,44458,44,53,0,0,0,0,0,0,0,0,0,0,0,0,0,0,0,0,0,0,0,0,0,0,323,16241,0,0,0,0
38809.180,17074,58,0,0,0,0,0,8,44426,44,53,0,0,0,0,0,0,0,0,0,0,0,0,0,0,0,0,0,0,0,0,0,0,320,16530,0,0,0,0
38826.083,16902,59,0,0,0,0,0,8,44381,44,53,0,0,0,0,0,0,0,0,0,0,0,0,0,0,0,0,0,0,0,0,0,0,311,17091,0,0,0,0
38843.077,16994,58,0,0,0,0,0,8,44504,44,53,0,0,0,0,0,0,0,0,0,0,0,0,0,0,0,0,0,0,0,0,0,0,323,16566,0,0,0,0
38859.169,16091,62,0,0,0,0,0,8,44626,44,53,0,0,0,0,0,0,0,0,0,0,0,0,0,0,0,0,0,0,0,0,0,0,313,17302,0,0,0,0
38875.685,16516,60,0,0,0,0,0,8,44073,44,53,0,0,0,0,0,0,0,0,0,0,0,0,0,0,0,0,0,0,0,0,0,0,334,16477,0,0,0,0
38892.296,16610,60,0,0,0,0,0,8,44299,44,53,0,0,0,0,0,0,0,0,0,0,0,0,0,0,0,0,0,0,0,0,0,0,298,15478,0,0,0,0
38908.773,16477,60,0,0,0,0,0,8,44237,44,53,0,0,0,0,0,0,0,0,0,0,0,0,0,0,0,0,0,0,0,0,0,0,327,17216,0,0,0,0
38926.081,17308,57,0,0,0,0,0,8,44349,44,53,0,0,0,0,0,0,0,0,0,0,0,0,0,0,0,0,0,0,0,0,0,0,317,16296,0,0,0,0
38943.078,16996,58,0,0,0,0,0,8,44555,44,53,0,0,0,0,0,0,0,0,0,0,0,0,0,0,0,0,0,0,0,0,0,0,350,17243,0,0,0,0
38958.777,15698,63,0,0,0,0,0,8,44243,44,53,0,0,0,0,0,0,0,0,0,0,0,0,0,0,0,0,0,0,0,0,0,0,316,16914,0,0,0,0
38976.608,17831,56,0,0,0,0,0,8,44302,44,53,0,0,0,0,0,0,0,0,0,0,0,0,0,0,0,0,0,0,0,0,0,0,351,16140,0,0,0,0
38992.586,15977,62,0,0,0,0,0,8,44564,44,53,0,0,0,0,0,0,0,0,0,0,0,0,0,0,0,0,0,0,0,0,0,0,362,17853,0,0,0,0
39008.910,16324,61,0,0,0,0,0,8,44426,44,53,0,0,0,0,0,0,0,0,0,0,0,0,0,0,0,0,0,0,0,0,0,0,305,15527,0,0,0,0
39025.707,16796,59,0,0,0,0,0,8,44537,44,53,0,0,0,0,0,0,0,0,0,0,0,0,0,0,0,0,0,0,0,0,0,0,339,17467,0,0,0,0
39043.102,17395,57,0,0,0,0,0,8,44369,44,53,0,0,0,0,0,0,0,0,0,0,0,0,0,0,0,0,0,0,0,0,0,0,313,15404,0,0,0,0
39058.964,15861,63,0,0,0,0,0,8,46399,44,53,0,0,0,0,0,0,0,0,0,0,0,0,0,0,0,0,0,0,0,0,0,0,309,17738,0,0,0,0
39076.080,17116,58,0,0,0,0,0,8,46038,44,53,0,0,0,0,0,0,0,0,0,0,0,0,0,0,0,0,0,0,0,0,0,0,325,16693,0,0,0,0
39092.405,16325,61,0,0,0,0,0,8,46111,44,53,0,0,0,0,0,0,0,0,0,0,0,0,0,0,0,0,0,0,0,0,0,0,328,16238,0,0,0,0
39109.124,16719,59,0,0,0,0,0,8,46243,44,53,0,0,0,0,0,0,0,0,0,0,0,0,0,0,0,0,0,0,0,0,0,0,320,16095,0,0,0,0
39125.915,16790,59,0,0,0,0,0,8,46197,44,53,0,0,0,0,0,0,0,0,0,0,0,0,0,0,0,0,0,0,0,0,0,0,341,17328,0,0,0,0
39142.566,16650,60,0,0,0,0,0,8,46366,44,53,0,0,0,0,0,0,0,0,0,0,0,0,0,0,0,0,0,0,0,0,0,0,311,16206,0,0,0,0
39159.121,16554,60,0,0,0,0,0,8,46125,44,53,0,0,0,0,0,0,0,0,0,0,0,0,0,0,0,0,0,0,0,0,0,0,312,16721,0,0,0,0
39175.814,16693,59,0,0,0,0,0,8,46130,44,53,0,0,0,0,0,0,0,0,0,0,0,0,0,0,0,0,0,0,0,0,0,0,310,16775,0,0,0,0
39192.393,16578,60,0,0,0,0,0,8,46042,44,53,0,0,0,0,0,0,0,0,0,0,0,0,0,0,0,0,0,0,0,0,0,0,302,16335,0,0,0,0
39209.269,16876,59,0,0,0,0,0,8,46121,44,53,0,0,0,0,0,0,0,0,0,0,0,0,0,0,0,0,0,0,0,0,0,0,321,16658,0,0,0,0
39226.078,16809,59,0,0,0,0,0,8,46021,44,53,0,0,0,0,0,0,0,0,0,0,0,0,0,0,0,0,0,0,0,0,0,0,332,17413,0,0,0,0
39243.092,17013,58,0,0,0,0,0,8,46166,44,53,0,0,0,0,0,0,0,0,0,0,0,0,0,0,0,0,0,0,0,0,0,0,309,16300,0,0,0,0
39258.757,15665,63,0,0,0,0,0,8,46182,44,53,0,0,0,0,0,0,0,0,0,0,0,0,0,0,0,0,0,0,0,0,0,0,316,17438,0,0,0,0
39275.605,16847,59,0,0,0,0,0,8,45901,44,53,0,0,0,0,0,0,0,0,0,0,0,0,0,0,0,0,0,0,0,0,0,0,300,15627,0,0,0,0
39292.493,16888,59,0,0,0,0,0,8,46049,44,53,0,0,0,0,0,0,0,0,0,0,0,0,0,0,0,0,0,0,0,0,0,0,320,16483,0,0,0,0
39309.592,17099,58,0,0,0,0,0,8,45949,44,53,0,0,0,0,0,0,0,0,0,0,0,0,0,0,0,0,0,0,0,0,0,0,301,16755,0,0,0,0
39325.640,16047,62,0,0,0,0,0,8,44421,44,53,0,0,0,0,0,0,0,0,0,0,0,0,0,0,0,0,0,0,0,0,0,0,310,17661,0,0,0,0
39342.222,16572,60,0,0,0,0,0,8,44404,44,53,0,0,0,0,0,0,0,0,0,0,0,0,0,0,0,0,0,0,0,0,0,0,309,15891,0,0,0,0
39359.166,16953,58,0,0,0,0,0,8,44287,44,53,0,0,0,0,0,0,0,0,0,0,0,0,0,0,0,0,0,0,0,0,0,0,328,16690,0,0,0,0
39375.743,16577,60,0,0,0,0,0,8,44374,44,53,0,0,0,0,0,0,0,0,0,0,0,0,0,0,0,0,0,0,0,0,0,0,318,17085,0,0,0,0
39392.222,16468,60,0,0,0,0,0,8,44477,44,53,0,0,0,0,0,0,0,0,0,0,0,0,0,0,0,0,0,0,0,0,0,0,319,15980,0,0,0,0
39409.077,16865,59,0,0,0,0,0,8,44391,44,53,0,0,0,0,0,0,0,0,0,0,0,0,0,0,0,0,0,0,0,0,0,0,337,16722,0,0,0,0
39425.952,16875,59,0,0,0,0,0,8,44225,44,53,0,0,0,0,0,0,0,0,0,0,0,0,0,0,0,0,0,0,0,0,0,0,288,15618,0,0,0,0
39443.074,17121,58,0,0,0,0,0,8,44306,44,53,0,0,0,0,0,0,0,0,0,0,0,0,0,0,0,0,0,0,0,0,0,0,322,18030,0,0,0,0
39458.758,15683,63,0,0,0,0,0,8,44216,44,53,0,0,0,0,0,0,0,0,0,0,0,0,0,0,0,0,0,0,0,0,0,0,302,16006,0,0,0,0
39475.733,16975,58,0,0,0,0,0,8,44088,44,53,0,0,0,0,0,0,0,0,0,0,0,0,0,0,0,0,0,0,0,0,0,0,329,17049,0,0,0,0
39492.351,16617,60,0,0,0,0,0,8,44326,44,53,0,0,0,0,0,0,0,0,0,0,0,0,0,0,0,0,0,0,0,0,0,0,314,16516,0,0,0,0
39509.208,16857,59,0,0,0,0,0,8,44191,44,53,0,0,0,0,0,0,0,0,0,0,0,0,0,0,0,0,0,0,0,0,0,0,312,17015,0,0,0,0
39525.791,16582,60,0,0,0,0,0,8,44142,44,53,0,0,0,0,0,0,0,0,0,0,0,0,0,0,0,0,0,0,0,0,0,0,319,16678,0,0,0,0
39542.212,16420,60,0,0,0,0,0,8,44290,44,53,0,0,0,0,0,0,0,0,0,0,0,0,0,0,0,0,0,0,0,0,0,0,326,16904,0,0,0,0
39559.117,16905,59,0,0,0,0,0,8,44674,44,53,0,0,0,0,0,0,0,0,0,0,0,0,0,0,0,0,0,0,0,0,0,0,341,16651,0,0,0,0
39575.864,16746,59,0,0,0,0,0,8,44733,44,53,0,0,0,0,0,0,0,0,0,0,0,0,0,0,0,0,0,0,0,0,0,0,311,16849,0,0,0,0
39592.693,16829,59,0,0,0,0,0,8,44583,44,53,0,0,0,0,0,0,0,0,0,0,0,0,0,0,0,0,0,0,0,0,0,0,317,16197,0,0,0,0
39609.133,16439,60,0,0,0,0,0,8,44762,44,53,0,0,0,0,0,0,0,0,0,0,0,0,0,0,0,0,0,0,0,0,0,0,321,17421,0,0,0,0
39625.582,16449,60,0,0,0,0,0,8,44910,44,53,0,0,0,0,0,0,0,0,0,0,0,0,0,0,0,0,0,0,0,0,0,0,300,15958,0,0,0,0
39642.212,16630,60,0,0,0,0,0,8,44961,44,53,0,0,0,0,0,0,0,0,0,0,0,0,0,0,0,0,0,0,0,0,0,0,313,16390,0,0,0,0
39659.112,16899,59,0,0,0,0,0,8,44948,44,53,0,0,0,0,0,0,0,0,0,0,0,0,0,0,0,0,0,0,0,0,0,0,321,16865,0,0,0,0
39675.705,16593,60,0,0,0,0,0,8,44763,44,53,0,0,0,0,0,0,0,0,0,0,0,0,0,0,0,0,0,0,0,0,0,0,342,17688,0,0,0,0
39693.079,17364,57,0,0,0,0,0,8,45103,44,53,0,0,0,0,0,0,0,0,0,0,0,0,0,0,0,0,0,0,0,0,0,0,363,15643,0,0,0,0
39708.760,15690,63,0,0,0,0,0,8,45038,44,53,0,0,0,0,0,0,0,0,0,0,0,0,0,0,0,0,0,0,0,0,0,0,349,17733,0,0,0,0
39725.797,17036,58,0,0,0,0,0,8,44890,44,53,0,0,0,0,0,0,0,0,0,0,0,0,0,0,0,0,0,0,0,0,0,0,289,15350,0,0,0,0
39741.686,15889,62,0,0,0,0,0,8,44977,44,53,0,0,0,0,0,0,0,0,0,0,0,0,0,0,0,0,0,0,0,0,0,0,329,17283,0,0,0,0
39759.122,17435,57,0,0,0,0,0,8,44931,44,53,0,0,0,0,0,0,0,0,0,0,0,0,0,0,0,0,0,0,0,0,0,0,302,15718,0,0,0,0
39776.069,16947,59,0,0,0,0,0,8,45099,44,53,0,0,0,0,0,0,0,0,0,0,0,0,0,0,0,0,0,0,0,0,0,0,307,17183,0,0,0,0
39792.209,16139,61,0,0,0,0,0,8,45240,44,53,0,0,0,0,0,0,0,0,0,0,0,0,0,0,0,0,0,0,0,0,0,0,339,17055,0,0,0,0
39808.902,16693,59,0,0,0,0,0,8,45128,44,53,0,0,0,0,0,0,0,0,0,0,0,0,0,0,0,0,0,0,0,0,0,0,340,16588,0,0,0,0
39825.861,16958,58,0,0,0,0,0,8,44949,44,53,0,0,0,0,0,0,0,0,0,0,0,0,0,0,0,0,0,0,0,0,0,0,320,16317,0,0,0,0
39842.275,16415,60,0,0,0,0,0,8,44950,44,53,0,0,0,0,0,0,0,0,0,0,0,0,0,0,0,0,0,0,0,0,0,0,313,16729,0,0,0,0
39858.754,16478,60,0,0,0,0,0,8,44987,44,53,0,0,0,0,0,0,0,0,0,0,0,0,0,0,0,0,0,0,0,0,0,0,318,16793,0,0,0,0
39875.623,16869,59,0,0,0,0,0,8,46649,44,53,0,0,0,0,0,0,0,0,0,0,0,0,0,0,0,0,0,0,0,0,0,0,299,16346,0,0,0,0
39892.253,16629,60,0,0,0,0,0,8,46758,44,53,0,0,0,0,0,0,0,0,0,0,0,0,0,0,0,0,0,0,0,0,0,0,299,16593,0,0,0,0
39909.078,16825,59,0,0,0,0,0,8,46666,44,53,0,0,0,0,0,0,0,0,0,0,0,0,0,0,0,0,0,0,0,0,0,0,337,16480,0,0,0,0
39925.084,16005,62,0,0,0,0,0,8,46826,44,53,0,0,0,0,0,0,0,0,0,0,0,0,0,0,0,0,0,0,0,0,0,0,302,17321,0,0,0,0
39943.084,17999,55,0,0,0,0,0,8,46871,44,53,0,0,0,0,0,0,0,0,0,0,0,0,0,0,0,0,0,0,0,0,0,0,298,15792,0,0,0,0
39959.116,16032,62,0,0,0,0,0,8,46967,44,53,0,0,0,0,0,0,0,0,0,0,0,0,0,0,0,0,0,0,0,0,0,0,342,18309,0,0,0,0
39975.622,16505,60,0,0,0,0,0,8,46659,44,53,0,0,0,0,0,0,0,0,0,0,0,0,0,0,0,0,0,0,0,0,0,0,300,15737,0,0,0,0
39992.300,16677,59,0,0,0,0,0,8,46752,44,53,0,0,0,0,0,0,0,0,0,0,0,0,0,0,0,0,0,0,0,0,0,0,312,16339,0,0,0,0
40009.132,16832,59,0,0,0,0,0,8,46596,44,53,0,0,0,0,0,0,0,0,0,0,0,0,0,0,0,0,0,0,0,0,0,0,312,16601,0,0,0,0
40025.594,16461,60,0,0,0,0,0,8,46744,44,53,0,0,0,0,0,0,0,0,0,0,0,0,0,0,0,0,0,0,0,0,0,0,300,16692,0,0,0,0
40043.067,17473,57,0,0,0,0,0,8,46689,44,53,0,0,0,0,0,0,0,0,0,0,0,0,0,0,0,0,0,0,0,0,0,0,327,17311,0,0,0,0
40059.111,16044,62,0,0,0,0,0,8,46711,44,53,0,0,0,0,0,0,0,0,0,0,0,0,0,0,0,0,0,0,0,0,0,0,319,17213,0,0,0,0
40075.835,16723,59,0,0,0,0,0,8,46589,44,53,0,0,0,0,0,0,0,0,0,0,0,0,0,0,0,0,0,0,0,0,0,0,318,16626,0,0,0,0
40092.200,16365,61,0,0,0,0,0,8,46838,44,53,0,0,0,0,0,0,0,0,0,0,0,0,0,0,0,0,0,0,0,0,0,0,329,16009,0,0,0,0
40108.613,16412,60,0,0,0,0,0,8,46578,44,53,0,0,0,0,0,0,0,0,0,0,0,0,0,0,0,0,0,0,0,0,0,0,307,16321,0,0,0,0
40125.579,16966,58,0,0,0,0,0,8,46720,44,53,0,0,0,0,0,0,0,0,0,0,0,0,0,0,0,0,0,0,0,0,0,0,325,16696,0,0,0,0
40142.590,17010,58,0,0,0,0,0,8,45297,44,53,0,0,0,0,0,0,0,0,0,0,0,0,0,0,0,0,0,0,0,0,0,0,328,17181,0,0,0,0
40159.235,16644,60,0,0,0,0,0,8,44901,44,53,0,0,0,0,0,0,0,0,0,0,0,0,0,0,0,0,0,0,0,0,0,0,314,16585,0,0,0,0
40175.580,16345,61,0,0,0,0,0,8,45099,44,53,0,0,0,0,0,0,0,0,0,0,0,0,0,0,0,0,0,0,0,0,0,0,333,16576,0,0,0,0
40192.155,16575,60,0,0,0,0,0,8,45217,44,53,0,0,0,0,0,0,0,0,0,0,0,0,0,0,0,0,0,0,0,0,0,0,306,16715,0,0,0,0
40208.855,16700,59,0,0,0,0,0,8,44961,44,53,0,0,0,0,0,0,0,0,0,0,0,0,0,0,0,0,0,0,0,0,0,0,318,16910,0,0,0,0
40225.597,16741,59,0,0,0,0,0,8,46380,44,53,0,0,0,0,0,0,0,0,0,0,0,0,0,0,0,0,0,0,0,0,0,0,294,15960,0,0,0,0
40241.742,16145,61,0,0,0,0,0,8,46228,44,53,0,0,0,0,0,0,0,0,0,0,0,0,0,0,0,0,0,0,0,0,0,0,311,16904,0,0,0,0
40259.206,17463,57,0,0,0,0,0,8,46109,44,53,0,0,0,0,0,0,0,0,0,0,0,0,0,0,0,0,0,0,0,0,0,0,316,16098,0,0,0,0
40275.946,16740,59,0,0,0,0,0,8,46619,44,53,0,0,0,0,0,0,0,0,0,0,0,0,0,0,0,0,0,0,0,0,0,0,323,17381,0,0,0,0
40292.510,16563,60,0,0,0,0,0,8,46360,44,53,0,0,0,0,0,0,0,0,0,0,0,0,0,0,0,0,0,0,0,0,0,0,322,16485,0,0,0,0
40308.853,16343,61,0,0,0,0,0,8,46224,44,53,0,0,0,0,0,0,0,0,0,0,0,0,0,0,0,0,0,0,0,0,0,0,331,16744,0,0,0,0
40325.832,16979,58,0,0,0,0,0,8,46132,44,53,0,0,0,0,0,0,0,0,0,0,0,0,0,0,0,0,0,0,0,0,0,0,312,16377,0,0,0,0
40341.694,15861,63,0,0,0,0,0,8,46455,44,53,0,0,0,0,0,0,0,0,0,0,0,0,0,0,0,0,0,0,0,0,0,0,336,16856,0,0,0,0
40359.104,17410,57,0,0,0,0,0,8,46042,44,53,0,0,0,0,0,0,0,0,0,0,0,0,0,0,0,0,0,0,0,0,0,0,358,15886,0,0,0,0
40375.920,16815,59,0,0,0,0,0,8,46453,44,53,0,0,0,0,0,0,0,0,0,0,0,0,0,0,0,0,0,0,0,0,0,0,327,17764,0,0,0,0
40392.283,16363,61,0,0,0,0,0,8,46182,44,53,0,0,0,0,0,0,0,0,0,0,0,0,0,0,0,0,0,0,0,0,0,0,340,16481,0,0,0,0
40408.854,16571,60,0,0,0,0,0,8,46204,44,53,0,0,0,0,0,0,0,0,0,0,0,0,0,0,0,0,0,0,0,0,0,0,330,16403,0,0,0,0
40425.700,16845,59,0,0,0,0,0,8,45992,44,53,0,0,0,0,0,0,0,0,0,0,0,0,0,0,0,0,0,0,0,0,0,0,321,16602,0,0,0,0
40443.064,17363,57,0,0,0,0,0,8,46181,44,53,0,0,0,0,0,0,0,0,0,0,0,0,0,0,0,0,0,0,0,0,0,0,311,16676,0,0,0,0
40458.958,15894,62,0,0,0,0,0,8,46323,44,53,0,0,0,0,0,0,0,0,0,0,0,0,0,0,0,0,0,0,0,0,0,0,320,17861,0,0,0,0
40475.806,16848,59,0,0,0,0,0,8,46160,44,53,0,0,0,0,0,0,0,0,0,0,0,0,0,0,0,0,0,0,0,0,0,0,334,15806,0,0,0,0
40492.579,16773,59,0,0,0,0,0,8,46281,44,53,0,0,0,0,0,0,0,0,0,0,0,0,0,0,0,0,0,0,0,0,0,0,321,16679,0,0,0,0
40509.201,16621,60,0,0,0,0,0,8,46168,44,53,0,0,0,0,0,0,0,0,0,0,0,0,0,0,0,0,0,0,0,0,0,0,333,17080,0,0,0,0
40525.592,16390,61,0,0,0,0,0,8,46263,44,53,0,0,0,0,0,0,0,0,0,0,0,0,0,0,0,0,0,0,0,0,0,0,320,16337,0,0,0,0
40543.081,17489,57,0,0,0,0,0,8,46222,44,53,0,0,0,0,0,0,0,0,0,0,0,0,0,0,0,0,0,0,0,0,0,0,310,16169,0,0,0,0
40558.811,15730,63,0,0,0,0,0,8,46293,44,53,0,0,0,0,0,0,0,0,0,0,0,0,0,0,0,0,0,0,0,0,0,0,313,17689,0,0,0,0
40576.069,17257,57,0,0,0,0,0,8,45969,44,53,0,0,0,0,0,0,0,0,0,0,0,0,0,0,0,0,0,0,0,0,0,0,347,16405,0,0,0,0
40591.801,15732,63,0,0,0,0,0,8,46075,44,53,0,0,0,0,0,0,0,0,0,0,0,0,0,0,0,0,0,0,0,0,0,0,322,16397,0,0,0,0
40608.627,16826,59,0,0,0,0,0,8,46099,44,53,0,0,0,0,0,0,0,0,0,0,0,0,0,0,0,0,0,0,0,0,0,0,320,15961,0,0,0,0
40625.825,17197,58,0,0,0,0,0,8,45868,44,53,0,0,0,0,0,0,0,0,0,0,0,0,0,0,0,0,0,0,0,0,0,0,299,16990,0,0,0,0
40642.204,16379,61,0,0,0,0,0,8,45987,44,53,0,0,0,0,0,0,0,0,0,0,0,0,0,0,0,0,0,0,0,0,0,0,327,16676,0,0,0,0
40658.336,16131,61,0,0,0,0,0,8,45985,44,53,0,0,0,0,0,0,0,0,0,0,0,0,0,0,0,0,0,0,0,0,0,0,317,16415,0,0,0,0
40675.587,17250,57,0,0,0,0,0,8,46039,44,53,0,0,0,0,0,0,0,0,0,0,0,0,0,0,0,0,0,0,0,0,0,0,318,16304,0,0,0,0
40693.088,17500,57,0,0,0,0,0,8,46360,44,53,0,0,0,0,0,0,0,0,0,0,0,0,0,0,0,0,0,0,0,0,0,0,322,17858,0,0,0,0
40709.115,16027,62,0,0,0,0,0,8,46107,44,53,0,0,0,0,0,0,0,0,0,0,0,0,0,0,0,0,0,0,0,0,0,0,310,17268,0,0,0,0
40725.722,16606,60,0,0,0,0,0,8,45909,44,53,0,0,0,0,0,0,0,0,0,0,0,0,0,0,0,0,0,0,0,0,0,0,310,15535,0,0,0,0
40742.209,16486,60,0,0,0,0,0,8,46272,44,53,0,0,0,0,0,0,0,0,0,0,0,0,0,0,0,0,0,0,0,0,0,0,306,16542,0,0,0,0
40758.764,16554,60,0,0,0,0,0,8,46090,44,53,0,0,0,0,0,0,0,0,0,0,0,0,0,0,0,0,0,0,0,0,0,0,342,16925,0,0,0,0
40775.591,16827,59,0,0,0,0,0,8,44218,44,53,0,0,0,0,0,0,0,0,0,0,0,0,0,0,0,0,0,0,0,0,0,0,321,16359,0,0,0,0
40792.339,16747,59,0,0,0,0,0,8,44304,44,53,0,0,0,0,0,0,0,0,0,0,0,0,0,0,0,0,0,0,0,0,0,0,322,17024,0,0,0,0
40808.756,16417,60,0,0,0,0,0,8,44382,44,53,0,0,0,0,0,0,0,0,0,0,0,0,0,0,0,0,0,0,0,0,0,0,321,16456,0,0,0,0
40825.845,17087,58,0,0,0,0,0,8,44107,44,53,0,0,0,0,0,0,0,0,0,0,0,0,0,0,0,0,0,0,0,0,0,0,301,16550,0,0,0,0
40843.067,17222,58,0,0,0,0,0,8,44365,44,53,0,0,0,0,0,0,0,0,0,0,0,0,0,0,0,0,0,0,0,0,0,0,338,16719,0,0,0,0
40859.195,16128,62,0,0,0,0,0,8,44314,44,53,0,0,0,0,0,0,0,0,0,0,0,0,0,0,0,0,0,0,0,0,0,0,341,17714,0,0,0,0
40875.590,16395,60,0,0,0,0,0,8,44264,44,53,0,0,0,0,0,0,0,0,0,0,0,0,0,0,0,0,0,0,0,0,0,0,318,16185,0,0,0,0
40892.211,16621,60,0,0,0,0,0,8,44461,44,53,0,0,0,0,0,0,0,0,0,0,0,0,0,0,0,0,0,0,0,0,0,0,334,16338,0,0,0,0
40908.755,16544,60,0,0,0,0,0,8,44297,44,53,0,0,0,0,0,0,0,0,0,0,0,0,0,0,0,0,0,0,0,0,0,0,327,16781,0,0,0,0
40925.609,16853,59,0,0,0,0,0,8,44392,44,53,0,0,0,0,0,0,0,0,0,0,0,0,0,0,0,0,0,0,0,0,0,0,319,16211,0,0,0,0
40943.071,17462,57,0,0,0,0,0,8,44764,44,53,0,0,0,0,0,0,0,0,0,0,0,0,0,0,0,0,0,0,0,0,0,0,329,17745,0,0,0,0
40959.574,16502,60,0,0,0,0,0,8,45454,44,53,0,0,0,0,0,0,0,0,0,0,0,0,0,0,0,0,0,0,0,0,0,0,327,16811,0,0,0,0
40975.887,16312,61,0,0,0,0,0,8,45085,44,53,0,0,0,0,0,0,0,0,0,0,0,0,0,0,0,0,0,0,0,0,0,0,317,16402,0,0,0,0
40992.501,16614,60,0,0,0,0,0,8,45228,44,53,0,0,0,0,0,0,0,0,0,0,0,0,0,0,0,0,0,0,0,0,0,0,339,15993,0,0,0,0
41009.209,16708,59,0,0,0,0,0,8,45152,44,53,0,0,0,0,0,0,0,0,0,0,0,0,0,0,0,0,0,0,0,0,0,0,320,16657,0,0,0,0
41026.581,17372,57,0,0,0,0,0,8,44636,44,53,0,0,0,0,0,0,0,0,0,0,0,0,0,0,0,0,0,0,0,0,0,0,308,17065,0,0,0,0
41042.178,15597,64,0,0,0,0,0,8,44647,44,53,0,0,0,0,0,0,0,0,0,0,0,0,0,0,0,0,0,0,0,0,0,0,335,17456,0,0,0,0
41060.073,17894,55,0,0,0,0,0,8,45591,44,53,0,0,0,0,0,0,0,0,0,0,0,0,0,0,0,0,0,0,0,0,0,0,331,15330,0,0,0,0
41075.690,15617,64,0,0,0,0,0,8,44369,44,53,0,0,0,0,0,0,0,0,0,0,0,0,0,0,0,0,0,0,0,0,0,0,322,18162,0,0,0,0
41093.057,17366,57,0,0,0,0,0,8,50638,44,53,0,0,0,0,0,0,0,0,0,0,0,0,0,0,0,0,0,0,0,0,0,0,340,15831,0,0,0,0
41108.974,15917,62,0,0,0,0,0,8,49128,44,53,0,0,0,0,0,0,0,0,0,0,0,0,0,0,0,0,0,0,0,0,0,0,318,17466,0,0,0,0
41125.655,16680,59,0,0,0,0,0,8,47999,44,53,0,0,0,0,0,0,0,0,0,0,0,0,0,0,0,0,0,0,0,0,0,0,346,15773,0,0,0,0
41142.095,16439,60,0,0,0,0,0,8,48444,44,53,0,0,0,0,0,0,0,0,0,0,0,0,0,0,0,0,0,0,0,0,0,0,318,16228,0,0,0,0
41159.084,16988,58,0,0,0,0,0,8,48110,44,53,0,0,0,0,0,0,0,0,0,0,0,0,0,0,0,0,0,0,0,0,0,0,326,16444,0,0,0,0
41175.761,16677,59,0,0,0,0,0,8,48121,44,53,0,0,0,0,0,0,0,0,0,0,0,0,0,0,0,0,0,0,0,0,0,0,351,17480,0,0,0,0
41192.358,16596,60,0,0,0,0,0,8,48040,44,53,0,0,0,0,0,0,0,0,0,0,0,0,0,0,0,0,0,0,0,0,0,0,321,16306,0,0,0,0
41209.096,16737,59,0,0,0,0,0,8,47799,44,53,0,0,0,0,0,0,0,0,0,0,0,0,0,0,0,0,0,0,0,0,0,0,299,16445,0,0,0,0
41226.055,16959,58,0,0,0,0,0,8,48405,44,53,0,0,0,0,0,0,0,0,0,0,0,0,0,0,0,0,0,0,0,0,0,0,334,17209,0,0,0,0
41243.064,17008,58,0,0,0,0,0,8,48136,44,53,0,0,0,0,0,0,0,0,0,0,0,0,0,0,0,0,0,0,0,0,0,0,328,16746,0,0,0,0
41259.573,16509,60,0,0,0,0,0,8,48198,44,53,0,0,0,0,0,0,0,0,0,0,0,0,0,0,0,0,0,0,0,0,0,0,313,17134,0,0,0,0
41276.070,16496,60,0,0,0,0,0,8,47969,44,53,0,0,0,0,0,0,0,0,0,0,0,0,0,0,0,0,0,0,0,0,0,0,313,16371,0,0,0,0
41292.210,16128,62,0,0,0,0,0,8,48184,44,53,0,0,0,0,0,0,0,0,0,0,0,0,0,0,0,0,0,0,0,0,0,0,335,16441,0,0,0,0
41308.851,16652,60,0,0,0,0,0,8,48028,44,53,0,0,0,0,0,0,0,0,0,0,0,0,0,0,0,0,0,0,0,0,0,0,322,16299,0,0,0,0
41326.586,17734,56,0,0,0,0,0,8,48150,44,53,0,0,0,0,0,0,0,0,0,0,0,0,0,0,0,0,0,0,0,0,0,0,318,16577,0,0,0,0
41342.225,15639,63,0,0,0,0,0,8,48344,44,53,0,0,0,0,0,0,0,0,0,0,0,0,0,0,0,0,0,0,0,0,0,0,325,18129,0,0,0,0
41358.602,16376,61,0,0,0,0,0,8,48600,44,53,0,0,0,0,0,0,0,0,0,0,0,0,0,0,0,0,0,0,0,0,0,0,302,15048,0,0,0,0
41375.630,17027,58,0,0,0,0,0,8,48132,44,53,0,0,0,0,0,0,0,0,0,0,0,0,0,0,0,0,0,0,0,0,0,0,302,16047,0,0,0,0
41392.020,16390,61,0,0,0,0,0,8,48257,44,53,0,0,0,0,0,0,0,0,0,0,0,0,0,0,0,0,0,0,0,0,0,0,333,17222,0,0,0,0
41409.190,17169,58,0,0,0,0,0,8,48009,44,53,0,0,0,0,0,0,0,0,0,0,0,0,0,0,0,0,0,0,0,0,0,0,328,16271,0,0,0,0
41425.561,16371,61,0,0,0,0,0,8,48511,44,53,0,0,0,0,0,0,0,0,0,0,0,0,0,0,0,0,0,0,0,0,0,0,326,17636,0,0,0,0
41442.477,16915,59,0,0,0,0,0,8,48234,44,53,0,0,0,0,0,0,0,0,0,0,0,0,0,0,0,0,0,0,0,0,0,0,342,16404,0,0,0,0
41458.755,16278,61,0,0,0,0,0,8,48168,44,53,0,0,0,0,0,0,0,0,0,0,0,0,0,0,0,0,0,0,0,0,0,0,326,16875,0,0,0,0
41476.054,17298,57,0,0,0,0,0,8,49238,44,53,0,0,0,0,0,0,0,0,0,0,0,0,0,0,0,0,0,0,0,0,0,0,307,16298,0,0,0,0
41492.223,16169,61,0,0,0,0,0,8,48637,44,53,0,0,0,0,0,0,0,0,0,0,0,0,0,0,0,0,0,0,0,0,0,0,314,17367,0,0,0,0
41508.743,16520,60,0,0,0,0,0,8,49131,44,53,0,0,0,0,0,0,0,0,0,0,0,0,0,0,0,0,0,0,0,0,0,0,337,16018,0,0,0,0
41525.173,16429,60,0,0,0,0,0,8,48664,44,53,0,0,0,0,0,0,0,0,0,0,0,0,0,0,0,0,0,0,0,0,0,0,336,16570,0,0,0,0
41543.076,17903,55,0,0,0,0,0,8,50571,44,53,0,0,0,0,0,0,0,0,0,0,0,0,0,0,0,0,0,0,0,0,0,0,332,16102,0,0,0,0
41559.117,16041,62,0,0,0,0,0,8,50149,44,53,0,0,0,0,0,0,0,0,0,0,0,0,0,0,0,0,0,0,0,0,0,0,357,18267,0,0,0,0
41575.305,16188,61,0,0,0,0,0,8,50842,44,53,0,0,0,0,0,0,0,0,0,0,0,0,0,0,0,0,0,0,0,0,0,0,307,16226,0,0,0,0
41593.059,17754,56,0,0,0,0,0,8,50528,44,53,0,0,0,0,0,0,0,0,0,0,0,0,0,0,0,0,0,0,0,0,0,0,316,16020,0,0,0,0
41609.192,16133,61,0,0,0,0,0,8,50732,44,53,0,0,0,0,0,0,0,0,0,0,0,0,0,0,0,0,0,0,0,0,0,0,321,16853,0,0,0,0
41625.559,16367,61,0,0,0,0,0,8,50487,44,53,0,0,0,0,0,0,0,0,0,0,0,0,0,0,0,0,0,0,0,0,0,0,317,17077,0,0,0,0
41643.056,17496,57,0,0,0,0,0,8,50096,44,53,0,0,0,0,0,0,0,0,0,0,0,0,0,0,0,0,0,0,0,0,0,0,326,16433,0,0,0,0
41659.090,16033,62,0,0,0,0,0,8,49997,44,53,0,0,0,0,0,0,0,0,0,0,0,0,0,0,0,0,0,0,0,0,0,0,327,17413,0,0,0,0
41676.574,17484,57,0,0,0,0,0,8,50082,44,53,0,0,0,0,0,0,0,0,0,0,0,0,0,0,0,0,0,0,0,0,0,0,301,15936,0,0,0,0
41692.353,15768,63,0,0,0,0,0,8,50559,44,53,0,0,0,0,0,0,0,0,0,0,0,0,0,0,0,0,0,0,0,0,0,0,319,17771,0,0,0,0
41709.567,17224,58,0,0,0,0,0,8,50299,44,53,0,0,0,0,0,0,0,0,0,0,0,0,0,0,0,0,0,0,0,0,0,0,306,15882,0,0,0,0
41725.603,16036,62,0,0,0,0,0,8,51094,44,53,0,0,0,0,0,0,0,0,0,0,0,0,0,0,0,0,0,0,0,0,0,0,321,16954,0,0,0,0
41742.190,16587,60,0,0,0,0,0,8,50384,44,53,0,0,0,0,0,0,0,0,0,0,0,0,0,0,0,0,0,0,0,0,0,0,304,15798,0,0,0,0
41759.192,17001,58,0,0,0,0,0,8,49853,44,53,0,0,0,0,0,0,0,0,0,0,0,0,0,0,0,0,0,0,0,0,0,0,312,16726,0,0,0,0
41775.662,16469,60,0,0,0,0,0,8,50394,44,53,0,0,0,0,0,0,0,0,0,0,0,0,0,0,0,0,0,0,0,0,0,0,322,17145,0,0,0,0
41792.211,16549,60,0,0,0,0,0,8,50204,44,53,0,0,0,0,0,0,0,0,0,0,0,0,0,0,0,0,0,0,0,0,0,0,319,15977,0,0,0,0
41810.075,17864,55,0,0,0,0,0,8,50432,44,53,0,0,0,0,0,0,0,0,0,0,0,0,0,0,0,0,0,0,0,0,0,0,329,16933,0,0,0,0
41825.840,15765,63,0,0,0,0,0,8,50261,44,53,0,0,0,0,0,0,0,0,0,0,0,0,0,0,0,0,0,0,0,0,0,0,334,17964,0,0,0,0
41843.049,17208,58,0,0,0,0,0,8,50148,44,53,0,0,0,0,0,0,0,0,0,0,0,0,0,0,0,0,0,0,0,0,0,0,311,15220,0,0,0,0
41859.244,16195,61,0,0,0,0,0,8,50523,44,53,0,0,0,0,0,0,0,0,0,0,0,0,0,0,0,0,0,0,0,0,0,0,341,18425,0,0,0,0
41875.651,16406,60,0,0,0,0,0,8,50123,44,53,0,0,0,0,0,0,0,0,0,0,0,0,0,0,0,0,0,0,0,0,0,0,304,15355,0,0,0,0
41892.289,16637,60,0,0,0,0,0,8,50274,44,53,0,0,0,0,0,0,0,0,0,0,0,0,0,0,0,0,0,0,0,0,0,0,325,15966,0,0,0,0
41908.723,16434,60,0,0,0,0,0,8,50463,44,53,0,0,0,0,0,0,0,0,0,0,0,0,0,0,0,0,0,0,0,0,0,0,329,17338,0,0,0,0
41925.530,16807,59,0,0,0,0,0,8,50127,44,53,0,0,0,0,0,0,0,0,0,0,0,0,0,0,0,0,0,0,0,0,0,0,304,16207,0,0,0,0
41943.061,17530,57,0,0,0,0,0,8,50257,44,53,0,0,0,0,0,0,0,0,0,0,0,0,0,0,0,0,0,0,0,0,0,0,307,16428,0,0,0,0
41959.133,16072,62,0,0,0,0,0,8,50489,44,53,0,0,0,0,0,0,0,0,0,0,0,0,0,0,0,0,0,0,0,0,0,0,332,17817,0,0,0,0
41975.854,16721,59,0,0,0,0,0,8,50099,44,53,0,0,0,0,0,0,0,0,0,0,0,0,0,0,0,0,0,0,0,0,0,0,315,16352,0,0,0,0
41992.176,16322,61,0,0,0,0,0,8,50399,44,53,0,0,0,0,0,0,0,0,0,0,0,0,0,0,0,0,0,0,0,0,0,0,309,16103,0,0,0,0
42008.742,16566,60,0,0,0,0,0,8,48642,44,53,0,0,0,0,0,0,0,0,0,0,0,0,0,0,0,0,0,0,0,0,0,0,322,16451,0,0,0,0
42025.596,16854,59,0,0,0,0,0,8,48506,44,53,0,0,0,0,0,0,0,0,0,0,0,0,0,0,0,0,0,0,0,0,0,0,336,17224,0,0,0,0
42043.052,17455,57,0,0,0,0,0,8,48598,44,53,0,0,0,0,0,0,0,0,0,0,0,0,0,0,0,0,0,0,0,0,0,0,348,16702,0,0,0,0
42059.122,16070,62,0,0,0,0,0,8,48729,44,53,0,0,0,0,0,0,0,0,0,0,0,0,0,0,0,0,0,0,0,0,0,0,326,17240,0,0,0,0
42076.050,16927,59,0,0,0,0,0,8,48308,44,53,0,0,0,0,0,0,0,0,0,0,0,0,0,0,0,0,0,0,0,0,0,0,334,16223,0,0,0,0
42092.321,16271,61,0,0,0,0,0,8,48501,44,53,0,0,0,0,0,0,0,0,0,0,0,0,0,0,0,0,0,0,0,0,0,0,326,15659,0,0,0,0
42108.751,16429,60,0,0,0,0,0,8,48612,44,53,0,0,0,0,0,0,0,0,0,0,0,0,0,0,0,0,0,0,0,0,0,0,326,17220,0,0,0,0
42125.561,16810,59,0,0,0,0,0,8,48430,44,53,0,0,0,0,0,0,0,0,0,0,0,0,0,0,0,0,0,0,0,0,0,0,315,16548,0,0,0,0
42143.061,17499,57,0,0,0,0,0,8,48647,44,53,0,0,0,0,0,0,0,0,0,0,0,0,0,0,0,0,0,0,0,0,0,0,337,17221,0,0,0,0
42159.214,16153,61,0,0,0,0,0,8,48466,44,53,0,0,0,0,0,0,0,0,0,0,0,0,0,0,0,0,0,0,0,0,0,0,313,17175,0,0,0,0
42175.803,16588,60,0,0,0,0,0,8,48563,44,53,0,0,0,0,0,0,0,0,0,0,0,0,0,0,0,0,0,0,0,0,0,0,309,16226,0,0,0,0
42193.063,17259,57,0,0,0,0,0,8,48700,44,53,0,0,0,0,0,0,0,0,0,0,0,0,0,0,0,0,0,0,0,0,0,0,310,16095,0,0,0,0
42209.188,16125,62,0,0,0,0,0,8,48585,44,53,0,0,0,0,0,0,0,0,0,0,0,0,0,0,0,0,0,0,0,0,0,0,327,17654,0,0,0,0
42226.055,16867,59,0,0,0,0,0,8,48562,44,53,0,0,0,0,0,0,0,0,0,0,0,0,0,0,0,0,0,0,0,0,0,0,306,15871,0,0,0,0
42242.122,16066,62,0,0,0,0,0,8,48484,44,53,0,0,0,0,0,0,0,0,0,0,0,0,0,0,0,0,0,0,0,0,0,0,335,16829,0,0,0,0
42259.056,16934,59,0,0,0,0,0,8,48456,44,53,0,0,0,0,0,0,0,0,0,0,0,0,0,0,0,0,0,0,0,0,0,0,307,16423,0,0,0,0
42275.601,16545,60,0,0,0,0,0,8,48546,44,53,0,0,0,0,0,0,0,0,0,0,0,0,0,0,0,0,0,0,0,0,0,0,333,16792,0,0,0,0
42292.506,16905,59,0,0,0,0,0,8,48554,44,53,0,0,0,0,0,0,0,0,0,0,0,0,0,0,0,0,0,0,0,0,0,0,319,16179,0,0,0,0
42308.893,16386,61,0,0,0,0,0,8,48461,44,53,0,0,0,0,0,0,0,0,0,0,0,0,0,0,0,0,0,0,0,0,0,0,329,16912,0,0,0,0
42325.247,16354,61,0,0,0,0,0,8,48370,44,53,0,0,0,0,0,0,0,0,0,0,0,0,0,0,0,0,0,0,0,0,0,0,323,16568,0,0,0,0
42342.155,16908,59,0,0,0,0,0,8,50154,44,53,0,0,0,0,0,0,0,0,0,0,0,0,0,0,0,0,0,0,0,0,0,0,305,16273,0,0,0,0
42359.238,17083,58,0,0,0,0,0,8,50092,44,53,0,0,0,0,0,0,0,0,0,0,0,0,0,0,0,0,0,0,0,0,0,0,316,17084,0,0,0,0
42375.626,16386,61,0,0,0,0,0,8,50418,44,53,0,0,0,0,0,0,0,0,0,0,0,0,0,0,0,0,0,0,0,0,0,0,301,17347,0,0,0,0
42392.512,16886,59,0,0,0,0,0,8,50062,44,53,0,0,0,0,0,0,0,0,0,0,0,0,0,0,0,0,0,0,0,0,0,0,321,15687,0,0,0,0
42409.249,16737,59,0,0,0,0,0,8,50145,44,53,0,0,0,0,0,0,0,0,0,0,0,0,0,0,0,0,0,0,0,0,0,0,335,17145,0,0,0,0
42425.591,16342,61,0,0,0,0,0,8,50085,44,53,0,0,0,0,0,0,0,0,0,0,0,0,0,0,0,0,0,0,0,0,0,0,337,17310,0,0,0,0
42443.053,17452,57,0,0,0,0,0,8,50158,44,53,0,0,0,0,0,0,0,0,0,0,0,0,0,0,0,0,0,0,0,0,0,0,308,15810,0,0,0,0
42458.841,15797,63,0,0,0,0,0,8,50473,44,53,0,0,0,0,0,0,0,0,0,0,0,0,0,0,0,0,0,0,0,0,0,0,334,17935,0,0,0,0
42475.556,16714,59,0,0,0,0,0,8,49967,44,53,0,0,0,0,0,0,0,0,0,0,0,0,0,0,0,0,0,0,0,0,0,0,315,15413,0,0,0,0
42492.122,16566,60,0,0,0,0,0,8,50162,44,53,0,0,0,0,0,0,0,0,0,0,0,0,0,0,0,0,0,0,0,0,0,0,294,16911,0,0,0,0
42509.087,16964,58,0,0,0,0,0,8,50051,44,53,0,0,0,0,0,0,0,0,0,0,0,0,0,0,0,0,0,0,0,0,0,0,318,16002,0,0,0,0
42525.542,16454,60,0,0,0,0,0,8,50002,44,53,0,0,0,0,0,0,0,0,0,0,0,0,0,0,0,0,0,0,0,0,0,0,331,17522,0,0,0,0
42542.199,16657,60,0,0,0,0,0,8,50046,44,53,0,0,0,0,0,0,0,0,0,0,0,0,0,0,0,0,0,0,0,0,0,0,336,16002,0,0,0,0
42558.849,16650,60,0,0,0,0,0,8,49877,44,53,0,0,0,0,0,0,0,0,0,0,0,0,0,0,0,0,0,0,0,0,0,0,420,18076,0,0,0,0
42575.436,16586,60,0,0,0,0,0,8,50036,44,53,0,0,0,0,0,0,0,0,0,0,0,0,0,0,0,0,0,0,0,0,0,0,297,15067,0,0,0,0
42593.047,17611,56,0,0,0,0,0,8,50117,44,53,0,0,0,0,0,0,0,0,0,0,0,0,0,0,0,0,0,0,0,0,0,0,305,16568,0,0,0,0
42608.727,15679,63,0,0,0,0,0,8,48477,44,53,0,0,0,0,0,0,0,0,0,0,0,0,0,0,0,0,0,0,0,0,0,0,310,18247,0,0,0,0
42625.656,16929,59,0,0,0,0,0,8,48215,44,53,0,0,0,0,0,0,0,0,0,0,0,0,0,0,0,0,0,0,0,0,0,0,339,15743,0,0,0,0
42642.420,16753,59,0,0,0,0,0,8,48302,44,53,0,0,0,0,0,0,0,0,0,0,0,0,0,0,0,0,0,0,0,0,0,0,309,16346,0,0,0,0
42658.886,16475,60,0,0,0,0,0,8,48454,44,53,0,0,0,0,0,0,0,0,0,0,0,0,0,0,0,0,0,0,0,0,0,0,326,17356,0,0,0,0
42675.630,16743,59,0,0,0,0,0,8,48439,44,53,0,0,0,0,0,0,0,0,0,0,0,0,0,0,0,0,0,0,0,0,0,0,323,16279,0,0,0,0
42692.555,16925,59,0,0,0,0,0,8,48392,44,53,0,0,0,0,0,0,0,0,0,0,0,0,0,0,0,0,0,0,0,0,0,0,325,16334,0,0,0,0
42708.833,16277,61,0,0,0,0,0,8,48409,44,53,0,0,0,0,0,0,0,0,0,0,0,0,0,0,0,0,0,0,0,0,0,0,340,17731,0,0,0,0
42725.733,16899,59,0,0,0,0,0,8,48330,44,53,0,0,0,0,0,0,0,0,0,0,0,0,0,0,0,0,0,0,0,0,0,0,323,16000,0,0,0,0
42741.880,16147,61,0,0,0,0,0,8,48358,44,53,0,0,0,0,0,0,0,0,0,0,0,0,0,0,0,0,0,0,0,0,0,0,318,16606,0,0,0,0
42759.215,17334,57,0,0,0,0,0,8,48417,44,53,0,0,0,0,0,0,0,0,0,0,0,0,0,0,0,0,0,0,0,0,0,0,323,16479,0,0,0,0
42775.654,16439,60,0,0,0,0,0,8,48485,44,53,0,0,0,0,0,0,0,0,0,0,0,0,0,0,0,0,0,0,0,0,0,0,314,17292,0,0,0,0
42792.561,16907,59,0,0,0,0,0,8,48441,44,53,0,0,0,0,0,0,0,0,0,0,0,0,0,0,0,0,0,0,0,0,0,0,347,16627,0,0,0,0
42809.179,16617,60,0,0,0,0,0,8,48346,44,53,0,0,0,0,0,0,0,0,0,0,0,0,0,0,0,0,0,0,0,0,0,0,314,16291,0,0,0,0
42825.586,16407,60,0,0,0,0,0,8,48252,44,53,0,0,0,0,0,0,0,0,0,0,0,0,0,0,0,0,0,0,0,0,0,0,323,17013,0,0,0,0
42843.043,17456,57,0,0,0,0,0,8,48413,44,53,0,0,0,0,0,0,0,0,0,0,0,0,0,0,0,0,0,0,0,0,0,0,319,16056,0,0,0,0
42858.837,15794,63,0,0,0,0,0,8,48478,44,53,0,0,0,0,0,0,0,0,0,0,0,0,0,0,0,0,0,0,0,0,0,0,339,17942,0,0,0,0
42875.584,16746,59,0,0,0,0,0,8,47987,44,53,0,0,0,0,0,0,0,0,0,0,0,0,0,0,0,0,0,0,0,0,0,0,310,15536,0,0,0,0
42893.049,17465,57,0,0,0,0,0,8,48206,44,53,0,0,0,0,0,0,0,0,0,0,0,0,0,0,0,0,0,0,0,0,0,0,311,16999,0,0,0,0
42910.045,16995,58,0,0,0,0,0,8,48256,44,53,0,0,0,0,0,0,0,0,0,0,0,0,0,0,0,0,0,0,0,0,0,0,323,17448,0,0,0,0
42925.751,15706,63,0,0,0,0,0,8,47898,44,53,0,0,0,0,0,0,0,0,0,0,0,0,0,0,0,0,0,0,0,0,0,0,333,16432,0,0,0,0
42943.048,17296,57,0,0,0,0,0,8,48276,44,53,0,0,0,0,0,0,0,0,0,0,0,0,0,0,0,0,0,0,0,0,0,0,318,15781,0,0,0,0
42959.181,16133,61,0,0,0,0,0,8,48065,44,53,0,0,0,0,0,0,0,0,0,0,0,0,0,0,0,0,0,0,0,0,0,0,336,17708,0,0,0,0
42975.663,16482,60,0,0,0,0,0,8,48114,44,53,0,0,0,0,0,0,0,0,0,0,0,0,0,0,0,0,0,0,0,0,0,0,346,15993,0,0,0,0
42992.252,16588,60,0,0,0,0,0,8,48288,44,53,0,0,0,0,0,0,0,0,0,0,0,0,0,0,0,0,0,0,0,0,0,0,335,16158,0,0,0,0
43008.860,16608,60,0,0,0,0,0,8,48190,44,53,0,0,0,0,0,0,0,0,0,0,0,0,0,0,0,0,0,0,0,0,0,0,329,16486,0,0,0,0
43025.148,16287,61,0,0,0,0,0,8,47924,44,53,0,0,0,0,0,0,0,0,0,0,0,0,0,0,0,0,0,0,0,0,0,0,318,17197,0,0,0,0
43042.186,17038,58,0,0,0,0,0,8,48058,44,53,0,0,0,0,0,0,0,0,0,0,0,0,0,0,0,0,0,0,0,0,0,0,325,16273,0,0,0,0
43059.118,16932,59,0,0,0,0,0,8,48087,44,53,0,0,0,0,0,0,0,0,0,0,0,0,0,0,0,0,0,0,0,0,0,0,324,16874,0,0,0,0
43075.611,16493,60,0,0,0,0,0,8,49815,44,53,0,0,0,0,0,0,0,0,0,0,0,0,0,0,0,0,0,0,0,0,0,0,331,17182,0,0,0,0
43092.180,16568,60,0,0,0,0,0,8,49821,44,53,0,0,0,0,0,0,0,0,0,0,0,0,0,0,0,0,0,0,0,0,0,0,315,15740,0,0,0,0
43109.566,17386,57,0,0,0,0,0,8,49733,44,53,0,0,0,0,0,0,0,0,0,0,0,0,0,0,0,0,0,0,0,0,0,0,348,17201,0,0,0,0
43125.679,16113,62,0,0,0,0,0,8,49851,44,53,0,0,0,0,0,0,0,0,0,0,0,0,0,0,0,0,0,0,0,0,0,0,325,17387,0,0,0,0
43142.730,17050,58,0,0,0,0,0,8,49941,44,53,0,0,0,0,0,0,0,0,0,0,0,0,0,0,0,0,0,0,0,0,0,0,303,15719,0,0,0,0
43159.181,16450,60,0,0,0,0,0,8,50098,44,53,0,0,0,0,0,0,0,0,0,0,0,0,0,0,0,0,0,0,0,0,0,0,363,17508,0,0,0,0
43175.549,16368,61,0,0,0,0,0,8,49985,44,53,0,0,0,0,0,0,0,0,0,0,0,0,0,0,0,0,0,0,0,0,0,0,342,16217,0,0,0,0
43192.587,17037,58,0,0,0,0,0,8,49807,44,53,0,0,0,0,0,0,0,0,0,0,0,0,0,0,0,0,0,0,0,0,0,0,332,16111,0,0,0,0
43209.560,16972,58,0,0,0,0,0,8,50020,44,53,0,0,0,0,0,0,0,0,0,0,0,0,0,0,0,0,0,0,0,0,0,0,334,17529,0,0,0,0
43225.671,16111,62,0,0,0,0,0,8,49890,44,53,0,0,0,0,0,0,0,0,0,0,0,0,0,0,0,0,0,0,0,0,0,0,333,16986,0,0,0,0
43242.315,16644,60,0,0,0,0,0,8,49860,44,53,0,0,0,0,0,0,0,0,0,0,0,0,0,0,0,0,0,0,0,0,0,0,296,15422,0,0,0,0
43259.128,16813,59,0,0,0,0,0,8,49898,44,53,0,0,0,0,0,0,0,0,0,0,0,0,0,0,0,0,0,0,0,0,0,0,340,16901,0,0,0,0
43275.504,16375,61,0,0,0,0,0,8,49770,44,53,0,0,0,0,0,0,0,0,0,0,0,0,0,0,0,0,0,0,0,0,0,0,322,17045,0,0,0,0
43292.182,16678,59,0,0,0,0,0,8,49784,44,53,0,0,0,0,0,0,0,0,0,0,0,0,0,0,0,0,0,0,0,0,0,0,319,16037,0,0,0,0
43309.554,17371,57,0,0,0,0,0,8,49926,44,53,0,0,0,0,0,0,0,0,0,0,0,0,0,0,0,0,0,0,0,0,0,0,323,17182,0,0,0,0
43326.079,16525,60,0,0,0,0,0,8,49714,44,53,0,0,0,0,0,0,0,0,0,0,0,0,0,0,0,0,0,0,0,0,0,0,300,17275,0,0,0,0
43343.126,17047,58,0,0,0,0,0,8,48325,44,53,0,0,0,0,0,0,0,0,0,0,0,0,0,0,0,0,0,0,0,0,0,0,307,16499,0,0,0,0
43358.964,15838,63,0,0,0,0,0,8,48165,44,53,0,0,0,0,0,0,0,0,0,0,0,0,0,0,0,0,0,0,0,0,0,0,324,16674,0,0,0,0
43375.760,16795,59,0,0,0,0,0,8,48022,44,53,0,0,0,0,0,0,0,0,0,0,0,0,0,0,0,0,0,0,0,0,0,0,344,16639,0,0,0,0
43392.232,16472,60,0,0,0,0,0,8,48292,44,53,0,0,0,0,0,0,0,0,0,0,0,0,0,0,0,0,0,0,0,0,0,0,311,16077,0,0,0,0
43409.173,16940,59,0,0,0,0,0,8,48099,44,53,0,0,0,0,0,0,0,0,0,0,0,0,0,0,0,0,0,0,0,0,0,0,306,16456,0,0,0,0
43425.633,16461,60,0,0,0,0,0,8,48290,44,53,0,0,0,0,0,0,0,0,0,0,0,0,0,0,0,0,0,0,0,0,0,0,322,17107,0,0,0,0
43442.554,16920,59,0,0,0,0,0,8,48192,44,53,0,0,0,0,0,0,0,0,0,0,0,0,0,0,0,0,0,0,0,0,0,0,320,16515,0,0,0,0
43459.114,16559,60,0,0,0,0,0,8,48403,44,53,0,0,0,0,0,0,0,0,0,0,0,0,0,0,0,0,0,0,0,0,0,0,321,17169,0,0,0,0
43475.548,16433,60,0,0,0,0,0,8,47879,44,53,0,0,0,0,0,0,0,0,0,0,0,0,0,0,0,0,0,0,0,0,0,0,352,16427,0,0,0,0
43492.181,16633,60,0,0,0,0,0,8,48112,44,53,0,0,0,0,0,0,0,0,0,0,0,0,0,0,0,0,0,0,0,0,0,0,329,16103,0,0,0,0
43508.720,16539,60,0,0,0,0,0,8,47999,44,53,0,0,0,0,0,0,0,0,0,0,0,0,0,0,0,0,0,0,0,0,0,0,328,16991,0,0,0,0
43526.556,17835,56,0,0,0,0,0,8,47867,44,53,0,0,0,0,0,0,0,0,0,0,0,0,0,0,0,0,0,0,0,0,0,0,312,16338,0,0,0,0
43543.060,16503,60,0,0,0,0,0,8,48401,44,53,0,0,0,0,0,0,0,0,0,0,0,0,0,0,0,0,0,0,0,0,0,0,326,18128,0,0,0,0
43559.561,16500,60,0,0,0,0,0,8,48140,44,53,0,0,0,0,0,0,0,0,0,0,0,0,0,0,0,0,0,0,0,0,0,0,317,16484,0,0,0,0
43576.038,16477,60,0,0,0,0,0,8,48063,44,53,0,0,0,0,0,0,0,0,0,0,0,0,0,0,0,0,0,0,0,0,0,0,299,15845,0,0,0,0
43592.432,16394,60,0,0,0,0,0,8,48038,44,53,0,0,0,0,0,0,0,0,0,0,0,0,0,0,0,0,0,0,0,0,0,0,318,15886,0,0,0,0
43609.083,16650,60,0,0,0,0,0,8,48348,44,53,0,0,0,0,0,0,0,0,0,0,0,0,0,0,0,0,0,0,0,0,0,0,333,17180,0,0,0,0
43625.482,16399,60,0,0,0,0,0,8,48132,44,53,0,0,0,0,0,0,0,0,0,0,0,0,0,0,0,0,0,0,0,0,0,0,307,16828,0,0,0,0
43642.303,16820,59,0,0,0,0,0,8,48297,44,53,0,0,0,0,0,0,0,0,0,0,0,0,0,0,0,0,0,0,0,0,0,0,326,16583,0,0,0,0
43659.176,16872,59,0,0,0,0,0,8,48171,44,53,0,0,0,0,0,0,0,0,0,0,0,0,0,0,0,0,0,0,0,0,0,0,333,16816,0,0,0,0
43675.602,16426,60,0,0,0,0,0,8,48101,44,53,0,0,0,0,0,0,0,0,0,0,0,0,0,0,0,0,0,0,0,0,0,0,321,16759,0,0,0,0
43693.049,17447,57,0,0,0,0,0,8,48108,44,53,0,0,0,0,0,0,0,0,0,0,0,0,0,0,0,0,0,0,0,0,0,0,329,16185,0,0,0,0
43709.227,16178,61,0,0,0,0,0,8,48349,44,53,0,0,0,0,0,0,0,0,0,0,0,0,0,0,0,0,0,0,0,0,0,0,348,18433,0,0,0,0
43726.037,16810,59,0,0,0,0,0,8,48139,44,53,0,0,0,0,0,0,0,0,0,0,0,0,0,0,0,0,0,0,0,0,0,0,311,15390,0,0,0,0
43743.043,16995,58,0,0,0,0,0,8,48246,44,53,0,0,0,0,0,0,0,0,0,0,0,0,0,0,0,0,0,0,0,0,0,0,325,15845,0,0,0,0
43759.126,16092,62,0,0,0,0,0,8,48316,44,53,0,0,0,0,0,0,0,0,0,0,0,0,0,0,0,0,0,0,0,0,0,0,309,18146,0,0,0,0
43775.842,16715,59,0,0,0,0,0,8,48074,44,53,0,0,0,0,0,0,0,0,0,0,0,0,0,0,0,0,0,0,0,0,0,0,334,16180,0,0,0,0
43792.466,16624,60,0,0,0,0,0,8,48349,44,53,0,0,0,0,0,0,0,0,0,0,0,0,0,0,0,0,0,0,0,0,0,0,317,16326,0,0,0,0
43809.011,16545,60,0,0,0,0,0,8,48368,44,53,0,0,0,0,0,0,0,0,0,0,0,0,0,0,0,0,0,0,0,0,0,0,342,16497,0,0,0,0
43825.447,16435,60,0,0,0,0,0,8,48023,44,53,0,0,0,0,0,0,0,0,0,0,0,0,0,0,0,0,0,0,0,0,0,0,333,16834,0,0,0,0
43842.118,16671,59,0,0,0,0,0,8,48138,44,53,0,0,0,0,0,0,0,0,0,0,0,0,0,0,0,0,0,0,0,0,0,0,303,16189,0,0,0,0
43859.056,16937,59,0,0,0,0,0,8,48045,44,53,0,0,0,0,0,0,0,0,0,0,0,0,0,0,0,0,0,0,0,0,0,0,323,16613,0,0,0,0
43876.031,16974,58,0,0,0,0,0,8,48089,44,53,0,0,0,0,0,0,0,0,0,0,0,0,0,0,0,0,0,0,0,0,0,0,316,16889,0,0,0,0
43892.287,16255,61,0,0,0,0,0,8,48347,44,53,0,0,0,0,0,0,0,0,0,0,0,0,0,0,0,0,0,0,0,0,0,0,312,17218,0,0,0,0
43909.059,16772,59,0,0,0,0,0,8,48000,44,53,0,0,0,0,0,0,0,0,0,0,0,0,0,0,0,0,0,0,0,0,0,0,324,16132,0,0,0,0
43925.586,16526,60,0,0,0,0,0,8,48383,44,53,0,0,0,0,0,0,0,0,0,0,0,0,0,0,0,0,0,0,0,0,0,0,339,17219,0,0,0,0
43942.541,16956,58,0,0,0,0,0,8,48367,44,53,0,0,0,0,0,0,0,0,0,0,0,0,0,0,0,0,0,0,0,0,0,0,314,16028,0,0,0,0
43959.222,16680,59,0,0,0,0,0,8,48805,44,53,0,0,0,0,0,0,0,0,0,0,0,0,0,0,0,0,0,0,0,0,0,0,324,18447,0,0,0,0
43975.619,16397,60,0,0,0,0,0,8,48204,44,53,0,0,0,0,0,0,0,0,0,0,0,0,0,0,0,0,0,0,0,0,0,0,329,15650,0,0,0,0
43992.311,16692,59,0,0,0,0,0,8,48180,44,53,0,0,0,0,0,0,0,0,0,0,0,0,0,0,0,0,0,0,0,0,0,0,318,15948,0,0,0,0
44009.174,16862,59,0,0,0,0,0,8,48279,44,53,0,0,0,0,0,0,0,0,0,0,0,0,0,0,0,0,0,0,0,0,0,0,349,17143,0,0,0,0
44025.570,16395,60,0,0,0,0,0,8,48368,44,53,0,0,0,0,0,0,0,0,0,0,0,0,0,0,0,0,0,0,0,0,0,0,324,16685,0,0,0,0
44043.039,17469,57,0,0,0,0,0,8,50301,44,53,0,0,0,0,0,0,0,0,0,0,0,0,0,0,0,0,0,0,0,0,0,0,331,16186,0,0,0,0
44058.717,15677,63,0,0,0,0,0,8,50174,44,53,0,0,0,0,0,0,0,0,0,0,0,0,0,0,0,0,0,0,0,0,0,0,323,17542,0,0,0,0
44075.744,17027,58,0,0,0,0,0,8,49899,44,53,0,0,0,0,0,0,0,0,0,0,0,0,0,0,0,0,0,0,0,0,0,0,295,15948,0,0,0,0
44093.034,17289,57,0,0,0,0,0,8,50165,44,53,0,0,0,0,0,0,0,0,0,0,0,0,0,0,0,0,0,0,0,0,0,0,336,16972,0,0,0,0
44109.135,16101,62,0,0,0,0,0,8,50245,44,53,0,0,0,0,0,0,0,0,0,0,0,0,0,0,0,0,0,0,0,0,0,0,328,17243,0,0,0,0
44125.767,16631,60,0,0,0,0,0,8,50219,44,53,0,0,0,0,0,0,0,0,0,0,0,0,0,0,0,0,0,0,0,0,0,0,316,16038,0,0,0,0
44143.047,17280,57,0,0,0,0,0,8,50247,44,53,0,0,0,0,0,0,0,0,0,0,0,0,0,0,0,0,0,0,0,0,0,0,331,16461,0,0,0,0
44159.168,16120,62,0,0,0,0,0,8,50006,44,53,0,0,0,0,0,0,0,0,0,0,0,0,0,0,0,0,0,0,0,0,0,0,320,17559,0,0,0,0
44176.546,17378,57,0,0,0,0,0,8,50113,44,53,0,0,0,0,0,0,0,0,0,0,0,0,0,0,0,0,0,0,0,0,0,0,320,16267,0,0,0,0
44192.037,15490,64,0,0,0,0,0,8,50244,44,53,0,0,0,0,0,0,0,0,0,0,0,0,0,0,0,0,0,0,0,0,0,0,337,17007,0,0,0,0
44209.173,17136,58,0,0,0,0,0,8,49874,44,53,0,0,0,0,0,0,0,0,0,0,0,0,0,0,0,0,0,0,0,0,0,0,317,15613,0,0,0,0
44225.545,16371,61,0,0,0,0,0,8,50012,44,53,0,0,0,0,0,0,0,0,0,0,0,0,0,0,0,0,0,0,0,0,0,0,320,17164,0,0,0,0
44242.396,16851,59,0,0,0,0,0,8,49737,44,53,0,0,0,0,0,0,0,0,0,0,0,0,0,0,0,0,0,0,0,0,0,0,315,16486,0,0,0,0
44259.073,16677,59,0,0,0,0,0,8,49593,44,53,0,0,0,0,0,0,0,0,0,0,0,0,0,0,0,0,0,0,0,0,0,0,310,16292,0,0,0,0
44275.552,16478,60,0,0,0,0,0,8,50008,44,53,0,0,0,0,0,0,0,0,0,0,0,0,0,0,0,0,0,0,0,0,0,0,334,17243,0,0,0,0
44292.181,16618,60,0,0,0,0,0,8,49905,44,53,0,0,0,0,0,0,0,0,0,0,0,0,0,0,0,0,0,0,0,0,0,0,340,16591,0,0,0,0
44308.717,16547,60,0,0,0,0,0,8,48172,44,53,0,0,0,0,0,0,0,0,0,0,0,0,0,0,0,0,0,0,0,0,0,0,318,16432,0,0,0,0
44326.036,17319,57,0,0,0,0,0,8,47952,44,53,0,0,0,0,0,0,0,0,0,0,0,0,0,0,0,0,0,0,0,0,0,0,314,16469,0,0,0,0
44343.028,16992,58,0,0,0,0,0,8,48178,44,53,0,0,0,0,0,0,0,0,0,0,0,0,0,0,0,0,0,0,0,0,0,0,335,17257,0,0,0,0
44359.099,16071,62,0,0,0,0,0,8,48282,44,53,0,0,0,0,0,0,0,0,0,0,0,0,0,0,0,0,0,0,0,0,0,0,331,17359,0,0,0,0
44376.029,16929,59,0,0,0,0,0,8,47824,44,53,0,0,0,0,0,0,0,0,0,0,0,0,0,0,0,0,0,0,0,0,0,0,309,15791,0,0,0,0
44392.185,16155,61,0,0,0,0,0,8,47821,44,53,0,0,0,0,0,0,0,0,0,0,0,0,0,0,0,0,0,0,0,0,0,0,322,16850,0,0,0,0
44408.705,16520,60,0,0,0,0,0,8,47684,44,53,0,0,0,0,0,0,0,0,0,0,0,0,0,0,0,0,0,0,0,0,0,0,340,16370,0,0,0,0
44426.547,17842,56,0,0,0,0,0,8,47860,44,53,0,0,0,0,0,0,0,0,0,0,0,0,0,0,0,0,0,0,0,0,0,0,327,16230,0,0,0,0
44442.168,15620,64,0,0,0,0,0,8,48005,44,53,0,0,0,0,0,0,0,0,0,0,0,0,0,0,0,0,0,0,0,0,0,0,330,17845,0,0,0,0
44458.346,16178,61,0,0,0,0,0,8,47851,44,53,0,0,0,0,0,0,0,0,0,0,0,0,0,0,0,0,0,0,0,0,0,0,311,15641,0,0,0,0
44475.539,17192,58,0,0,0,0,0,8,49568,44,53,0,0,0,0,0,0,0,0,0,0,0,0,0,0,0,0,0,0,0,0,0,0,334,16283,0,0,0,0
44492.403,16864,59,0,0,0,0,0,8,50138,44,53,0,0,0,0,0,0,0,0,0,0,0,0,0,0,0,0,0,0,0,0,0,0,318,17512,0,0,0,0
44509.167,16764,59,0,0,0,0,0,8,49578,44,53,0,0,0,0,0,0,0,0,0,0,0,0,0,0,0,0,0,0,0,0,0,0,303,16483,0,0,0,0
44525.504,16336,61,0,0,0,0,0,8,49681,44,53,0,0,0,0,0,0,0,0,0,0,0,0,0,0,0,0,0,0,0,0,0,0,313,16811,0,0,0,0
44543.030,17525,57,0,0,0,0,0,8,49710,44,53,0,0,0,0,0,0,0,0,0,0,0,0,0,0,0,0,0,0,0,0,0,0,314,16189,0,0,0,0
44559.083,16053,62,0,0,0,0,0,8,49617,44,53,0,0,0,0,0,0,0,0,0,0,0,0,0,0,0,0,0,0,0,0,0,0,333,17873,0,0,0,0
44575.566,16483,60,0,0,0,0,0,8,49500,44,53,0,0,0,0,0,0,0,0,0,0,0,0,0,0,0,0,0,0,0,0,0,0,298,16092,0,0,0,0
44592.167,16601,60,0,0,0,0,0,8,49710,44,53,0,0,0,0,0,0,0,0,0,0,0,0,0,0,0,0,0,0,0,0,0,0,319,16004,0,0,0,0
44609.168,17001,58,0,0,0,0,0,8,49477,44,53,0,0,0,0,0,0,0,0,0,0,0,0,0,0,0,0,0,0,0,0,0,0,321,16840,0,0,0,0
44625.637,16468,60,0,0,0,0,0,8,49601,44,53,0,0,0,0,0,0,0,0,0,0,0,0,0,0,0,0,0,0,0,0,0,0,328,16880,0,0,0,0
44642.538,16901,59,0,0,0,0,0,8,49550,44,53,0,0,0,0,0,0,0,0,0,0,0,0,0,0,0,0,0,0,0,0,0,0,325,16833,0,0,0,0
44659.216,16678,59,0,0,0,0,0,8,49633,44,53,0,0,0,0,0,0,0,0,0,0,0,0,0,0,0,0,0,0,0,0,0,0,326,16475,0,0,0,0
44675.536,16320,61,0,0,0,0,0,8,49461,44,53,0,0,0,0,0,0,0,0,0,0,0,0,0,0,0,0,0,0,0,0,0,0,327,16913,0,0,0,0
44692.532,16995,58,0,0,0,0,0,8,49798,44,53,0,0,0,0,0,0,0,0,0,0,0,0,0,0,0,0,0,0,0,0,0,0,320,16334,0,0,0,0
44709.134,16601,60,0,0,0,0,0,8,49482,44,53,0,0,0,0,0,0,0,0,0,0,0,0,0,0,0,0,0,0,0,0,0,0,337,17010,0,0,0,0
44725.797,16663,60,0,0,0,0,0,8,49693,44,53,0,0,0,0,0,0,0,0,0,0,0,0,0,0,0,0,0,0,0,0,0,0,322,17236,0,0,0,0
44743.051,17253,57,0,0,0,0,0,8,47855,44,53,0,0,0,0,0,0,0,0,0,0,0,0,0,0,0,0,0,0,0,0,0,0,300,14685,0,0,0,0
44758.711,15660,63,0,0,0,0,0,8,47961,44,53,0,0,0,0,0,0,0,0,0,0,0,0,0,0,0,0,0,0,0,0,0,0,325,19061,0,0,0,0
44776.029,17317,57,0,0,0,0,0,8,47698,44,53,0,0,0,0,0,0,0,0,0,0,0,0,0,0,0,0,0,0,0,0,0,0,312,15132,0,0,0,0
44792.553,16523,60,0,0,0,0,0,8,47766,44,53,0,0,0,0,0,0,0,0,0,0,0,0,0,0,0,0,0,0,0,0,0,0,332,16235,0,0,0,0
44808.743,16189,61,0,0,0,0,0,8,48015,44,53,0,0,0,0,0,0,0,0,0,0,0,0,0,0,0,0,0,0,0,0,0,0,365,17461,0,0,0,0
44825.634,16891,59,0,0,0,0,0,8,47746,44,53,0,0,0,0,0,0,0,0,0,0,0,0,0,0,0,0,0,0,0,0,0,0,317,15832,0,0,0,0
44842.302,16667,59,0,0,0,0,0,8,47764,44,53,0,0,0,0,0,0,0,0,0,0,0,0,0,0,0,0,0,0,0,0,0,0,324,17085,0,0,0,0
44859.158,16856,59,0,0,0,0,0,8,47607,44,53,0,0,0,0,0,0,0,0,0,0,0,0,0,0,0,0,0,0,0,0,0,0,316,16645,0,0,0,0
44875.609,16450,60,0,0,0,0,0,8,47969,44,53,0,0,0,0,0,0,0,0,0,0,0,0,0,0,0,0,0,0,0,0,0,0,314,17238,0,0,0,0
44892.227,16617,60,0,0,0,0,0,8,49519,44,53,0,0,0,0,0,0,0,0,0,0,0,0,0,0,0,0,0,0,0,0,0,0,313,15997,0,0,0,0
44909.544,17317,57,0,0,0,0,0,8,49442,44,53,0,0,0,0,0,0,0,0,0,0,0,0,0,0,0,0,0,0,0,0,0,0,338,17064,0,0,0,0
44925.635,16091,62,0,0,0,0,0,8,49453,44,53,0,0,0,0,0,0,0,0,0,0,0,0,0,0,0,0,0,0,0,0,0,0,302,17309,0,0,0,0
44943.023,17387,57,0,0,0,0,0,8,49334,44,53,0,0,0,0,0,0,0,0,0,0,0,0,0,0,0,0,0,0,0,0,0,0,317,16029,0,0,0,0
44959.168,16145,61,0,0,0,0,0,8,49031,44,53,0,0,0,0,0,0,0,0,0,0,0,0,0,0,0,0,0,0,0,0,0,0,333,17821,0,0,0,0
44975.599,16430,60,0,0,0,0,0,8,49338,44,53,0,0,0,0,0,0,0,0,0,0,0,0,0,0,0,0,0,0,0,0,0,0,298,15828,0,0,0,0
44992.154,16554,60,0,0,0,0,0,8,49263,44,53,0,0,0,0,0,0,0,0,0,0,0,0,0,0,0,0,0,0,0,0,0,0,345,16003,0,0,0,0
45009.285,17131,58,0,0,0,0,0,8,49217,44,53,0,0,0,0,0,0,0,0,0,0,0,0,0,0,0,0,0,0,0,0,0,0,349,16946,0,0,0,0
45025.644,16359,61,0,0,0,0,0,8,49235,44,53,0,0,0,0,0,0,0,0,0,0,0,0,0,0,0,0,0,0,0,0,0,0,304,17217,0,0,0,0
45043.025,17380,57,0,0,0,0,0,8,49174,44,53,0,0,0,0,0,0,0,0,0,0,0,0,0,0,0,0,0,0,0,0,0,0,320,15853,0,0,0,0
45059.068,16043,62,0,0,0,0,0,8,49429,44,53,0,0,0,0,0,0,0,0,0,0,0,0,0,0,0,0,0,0,0,0,0,0,321,17900,0,0,0,0
45075.608,16539,60,0,0,0,0,0,8,49339,44,53,0,0,0,0,0,0,0,0,0,0,0,0,0,0,0,0,0,0,0,0,0,0,316,16394,0,0,0,0
45093.021,17412,57,0,0,0,0,0,8,49345,44,53,0,0,0,0,0,0,0,0,0,0,0,0,0,0,0,0,0,0,0,0,0,0,323,15696,0,0,0,0
45108.711,15690,63,0,0,0,0,0,8,49377,44,53,0,0,0,0,0,0,0,0,0,0,0,0,0,0,0,0,0,0,0,0,0,0,324,17977,0,0,0,0
45126.539,17828,56,0,0,0,0,0,8,49042,44,53,0,0,0,0,0,0,0,0,0,0,0,0,0,0,0,0,0,0,0,0,0,0,314,15106,0,0,0,0
45142.170,15617,64,0,0,0,0,0,8,49464,44,53,0,0,0,0,0,0,0,0,0,0,0,0,0,0,0,0,0,0,0,0,0,0,301,18420,0,0,0,0
45159.223,17066,58,0,0,0,0,0,8,47674,44,53,0,0,0,0,0,0,0,0,0,0,0,0,0,0,0,0,0,0,0,0,0,0,346,15395,0,0,0,0
45175.571,16348,61,0,0,0,0,0,8,47572,44,53,0,0,0,0,0,0,0,0,0,0,0,0,0,0,0,0,0,0,0,0,0,0,344,17353,0,0,0,0
45191.734,16163,61,0,0,0,0,0,8,47488,44,53,0,0,0,0,0,0,0,0,0,0,0,0,0,0,0,0,0,0,0,0,0,0,315,15665,0,0,0,0
45209.176,17441,57,0,0,0,0,0,8,47405,44,53,0,0,0,0,0,0,0,0,0,0,0,0,0,0,0,0,0,0,0,0,0,0,330,16395,0,0,0,0
45226.026,16849,59,0,0,0,0,0,8,47652,44,53,0,0,0,0,0,0,0,0,0,0,0,0,0,0,0,0,0,0,0,0,0,0,297,17557,0,0,0,0
45242.482,16455,60,0,0,0,0,0,8,47553,44,53,0,0,0,0,0,0,0,0,0,0,0,0,0,0,0,0,0,0,0,0,0,0,304,16479,0,0,0,0
45258.776,16294,61,0,0,0,0,0,8,47649,44,53,0,0,0,0,0,0,0,0,0,0,0,0,0,0,0,0,0,0,0,0,0,0,323,16302,0,0,0,0
45275.855,17078,58,0,0,0,0,0,8,47315,44,53,0,0,0,0,0,0,0,0,0,0,0,0,0,0,0,0,0,0,0,0,0,0,327,16851,0,0,0,0
45292.144,16289,61,0,0,0,0,0,8,47716,44,53,0,0,0,0,0,0,0,0,0,0,0,0,0,0,0,0,0,0,0,0,0,0,327,17303,0,0,0,0
45309.157,17012,58,0,0,0,0,0,8,47448,44,53,0,0,0,0,0,0,0,0,0,0,0,0,0,0,0,0,0,0,0,0,0,0,337,16315,0,0,0,0
45325.276,16119,62,0,0,0,0,0,8,47583,44,53,0,0,0,0,0,0,0,0,0,0,0,0,0,0,0,0,0,0,0,0,0,0,322,16680,0,0,0,0
45343.033,17757,56,0,0,0,0,0,8,47740,44,53,0,0,0,0,0,0,0,0,0,0,0,0,0,0,0,0,0,0,0,0,0,0,338,16719,0,0,0,0
45359.154,16120,62,0,0,0,0,0,8,47580,44,53,0,0,0,0,0,0,0,0,0,0,0,0,0,0,0,0,0,0,0,0,0,0,321,17282,0,0,0,0
45376.018,16864,59,0,0,0,2,0,8,47667,44,53,0,0,0,0,0,0,0,0,0,0,0,0,0,0,0,0,0,0,0,0,0,0,320,16215,0,0,0,0
45391.707,15689,63,0,0,0,0,0,8,47644,44,53,0,0,0,0,0,0,0,0,0,0,0,0,0,0,0,0,0,0,0,0,0,0,365,16680,0,0,0,0
45409.073,17366,57,0,0,0,0,0,8,47489,44,53,0,0,0,0,0,0,0,0,0,0,0,0,0,0,0,0,0,0,0,0,0,0,335,15845,0,0,0,0
45425.668,16594,60,0,0,0,0,0,8,47611,44,53,0,0,0,0,0,0,0,0,0,0,0,0,0,0,0,0,0,0,0,0,0,0,330,17153,0,0,0,0
45442.150,16482,60,0,0,0,0,0,8,47432,44,53,0,0,0,0,0,0,0,0,0,0,0,0,0,0,0,0,0,0,0,0,0,0,304,15504,0,0,0,0
45458.946,16796,59,0,0,0,0,0,8,47682,44,53,0,0,0,0,0,0,0,0,0,0,0,0,0,0,0,0,0,0,0,0,0,0,331,17566,0,0,0,0
45475.508,16561,60,0,0,0,0,0,8,47369,44,53,0,0,0,0,0,0,0,0,0,0,0,0,0,0,0,0,0,0,0,0,0,0,326,16549,0,0,0,0
45492.155,16646,60,0,0,0,0,0,8,47551,44,53,0,0,0,0,0,0,0,0,0,0,0,0,0,0,0,0,0,0,0,0,0,0,325,16606,0,0,0,0
45509.103,16948,59,0,0,0,0,0,8,47474,44,53,0,0,0,0,0,0,0,0,0,0,0,0,0,0,0,0,0,0,0,0,0,0,329,16917,0,0,0,0
45525.874,16771,59,0,0,0,0,0,8,47418,44,53,0,0,0,0,0,0,0,0,0,0,0,0,0,0,0,0,0,0,0,0,0,0,321,16721,0,0,0,0
45542.421,16546,60,0,0,0,0,0,8,47508,44,53,0,0,0,0,0,0,0,0,0,0,0,0,0,0,0,0,0,0,0,0,0,0,324,16635,0,0,0,0
45559.041,16619,60,0,0,0,0,0,8,47561,44,53,0,0,0,0,0,0,0,0,0,0,0,0,0,0,0,0,0,0,0,0,0,0,308,16677,0,0,0,0
45575.918,16877,59,0,0,0,0,0,8,47659,44,53,0,0,0,0,0,0,0,0,0,0,0,0,0,0,0,0,0,0,0,0,0,0,337,17777,0,0,0,0
45592.241,16322,61,0,0,0,0,0,8,47339,44,53,0,0,0,0,0,0,0,0,0,0,0,0,0,0,0,0,0,0,0,0,0,0,316,15593,0,0,0,0
45609.094,16853,59,0,0,0,0,0,8,47634,44,53,0,0,0,0,0,0,0,0,0,0,0,0,0,0,0,0,0,0,0,0,0,0,308,16392,0,0,0,0
45625.787,16692,59,0,0,0,0,0,8,47550,44,53,0,0,0,0,0,0,0,0,0,0,0,0,0,0,0,0,0,0,0,0,0,0,315,17503,0,0,0,0
45643.035,17247,57,0,0,0,0,0,8,47725,44,53,0,0,0,0,0,0,0,0,0,0,0,0,0,0,0,0,0,0,0,0,0,0,320,16009,0,0,0,0
45659.041,16006,62,0,0,0,0,0,8,47650,44,53,0,0,0,0,0,0,0,0,0,0,0,0,0,0,0,0,0,0,0,0,0,0,325,17666,0,0,0,0
45676.030,16988,58,0,0,0,0,0,8,47338,44,53,0,0,0,0,0,0,0,0,0,0,0,0,0,0,0,0,0,0,0,0,0,0,331,16542,0,0,0,0
45693.025,16985,58,0,0,0,0,0,8,47503,44,53,0,0,0,0,0,0,0,0,0,0,0,0,0,0,0,0,0,0,0,0,0,0,314,16091,0,0,0,0
45709.090,16074,62,0,0,0,0,0,8,47631,44,53,0,0,0,0,0,0,0,0,0,0,0,0,0,0,0,0,0,0,0,0,0,0,329,17377,0,0,0,0
45726.544,17454,57,0,0,0,0,0,8,47435,44,53,0,0,0,0,0,0,0,0,0,0,0,0,0,0,0,0,0,0,0,0,0,0,297,15976,0,0,0,0
45743.025,16469,60,0,0,0,0,0,8,47880,44,53,0,0,0,0,0,0,0,0,0,0,0,0,0,0,0,0,0,0,0,0,0,0,370,17849,0,0,0,0
45758.526,15512,64,0,0,0,0,0,8,47485,44,53,0,0,0,0,0,0,0,0,0,0,0,0,0,0,0,0,0,0,0,0,0,0,317,16131,0,0,0,0
45776.019,17492,57,0,0,0,0,0,8,47598,44,53,0,0,0,0,0,0,0,0,0,0,0,0,0,0,0,0,0,0,0,0,0,0,314,15133,0,0,0,0
45792.096,16076,62,0,0,0,0,0,8,47804,44,53,0,0,0,0,0,0,0,0,0,0,0,0,0,0,0,0,0,0,0,0,0,0,365,17700,0,0,0,0
45809.247,17151,58,0,0,0,0,0,8,47536,44,53,0,0,0,0,0,0,0,0,0,0,0,0,0,0,0,0,0,0,0,0,0,0,314,15688,0,0,0,0
45825.115,15868,63,0,0,0,0,0,8,47548,44,53,0,0,0,0,0,0,0,0,0,0,0,0,0,0,0,0,0,0,0,0,0,0,303,17784,0,0,0,0
45842.563,17448,57,0,0,0,0,0,8,47606,44,53,0,0,0,0,0,0,0,0,0,0,0,0,0,0,0,0,0,0,0,0,0,0,304,15568,0,0,0,0
45859.156,16592,60,0,0,0,0,0,8,49320,44,53,0,0,0,0,0,0,0,0,0,0,0,0,0,0,0,0,0,0,0,0,0,0,344,17855,0,0,0,0
45875.566,16409,60,0,0,0,0,0,8,49342,44,53,0,0,0,0,0,0,0,0,0,0,0,0,0,0,0,0,0,0,0,0,0,0,297,16211,0,0,0,0
45892.148,16582,60,0,0,0,0,0,8,49269,44,53,0,0,0,0,0,0,0,0,0,0,0,0,0,0,0,0,0,0,0,0,0,0,291,16207,0,0,0,0
45908.710,16561,60,0,0,0,0,0,8,49233,44,53,0,0,0,0,0,0,0,0,0,0,0,0,0,0,0,0,0,0,0,0,0,0,324,16885,0,0,0,0
45925.842,17132,58,0,0,0,0,0,8,48941,44,53,0,0,0,0,0,0,0,0,0,0,0,0,0,0,0,0,0,0,0,0,0,0,325,16704,0,0,0,0
45943.031,17188,58,0,0,0,0,0,8,49429,44,53,0,0,0,0,0,0,0,0,0,0,0,0,0,0,0,0,0,0,0,0,0,0,324,17115,0,0,0,0
45958.836,15805,63,0,0,0,0,0,8,49721,44,53,0,0,0,0,0,0,0,0,0,0,0,0,0,0,0,0,0,0,0,0,0,0,316,17196,0,0,0,0
45975.368,16531,60,0,0,0,0,0,8,49304,44,53,0,0,0,0,0,0,0,0,0,0,0,0,0,0,0,0,0,0,0,0,0,0,334,16002,0,0,0,0
45993.022,17654,56,0,0,0,0,0,8,49384,44,53,0,0,0,0,0,0,0,0,0,0,0,0,0,0,0,0,0,0,0,0,0,0,355,16193,0,0,0,0
46008.786,15763,63,0,0,0,0,0,8,49589,44,53,0,0,0,0,0,0,0,0,0,0,0,0,0,0,0,0,0,0,0,0,0,0,332,18090,0,0,0,0
46026.534,17747,56,0,0,0,0,0,8,49328,44,53,0,0,0,0,0,0,0,0,0,0,0,0,0,0,0,0,0,0,0,0,0,0,301,15425,0,0,0,0
46043.029,16495,60,0,0,0,0,0,8,49843,44,53,0,0,0,0,0,0,0,0,0,0,0,0,0,0,0,0,0,0,0,0,0,0,311,18163,0,0,0,0
46058.745,15716,63,0,0,0,0,0,8,49473,44,53,0,0,0,0,0,0,0,0,0,0,0,0,0,0,0,0,0,0,0,0,0,0,333,16404,0,0,0,0
46075.410,16665,60,0,0,0,0,0,8,49176,44,53,0,0,0,0,0,0,0,0,0,0,0,0,0,0,0,0,0,0,0,0,0,0,302,15561,0,0,0,0
46092.534,17123,58,0,0,0,0,0,8,49357,44,53,0,0,0,0,0,0,0,0,0,0,0,0,0,0,0,0,0,0,0,0,0,0,319,16434,0,0,0,0
46109.079,16545,60,0,0,0,0,0,8,49377,44,53,0,0,0,0,0,0,0,0,0,0,0,0,0,0,0,0,0,0,0,0,0,0,285,17207,0,0,0,0
46125.630,16550,60,0,0,0,0,0,8,47455,44,53,0,0,0,0,0,0,0,0,0,0,0,0,0,0,0,0,0,0,0,0,0,0,316,16736,0,0,0,0
46143.018,17387,57,0,0,0,0,0,8,47513,44,53,0,0,0,0,0,0,0,0,0,0,0,0,0,0,0,0,0,0,0,0,0,0,297,16594,0,0,0,0
46158.700,15682,63,0,0,0,0,0,8,47406,44,53,0,0,0,0,0,0,0,0,0,0,0,0,0,0,0,0,0,0,0,0,0,0,335,17437,0,0,0,0
46175.724,17023,58,0,0,0,0,0,8,47475,44,53,0,0,0,0,0,0,0,0,0,0,0,0,0,0,0,0,0,0,0,0,0,0,311,15519,0,0,0,0
46193.027,17303,57,0,0,0,0,0,8,47445,44,53,0,0,0,0,0,0,0,0,0,0,0,0,0,0,0,0,0,0,0,0,0,0,320,16699,0,0,0,0
46209.092,16065,62,0,0,0,0,0,8,47351,44,53,0,0,0,0,0,0,0,0,0,0,0,0,0,0,0,0,0,0,0,0,0,0,344,17570,0,0,0,0
46225.450,16358,61,0,0,0,0,0,8,47583,44,53,0,0,0,0,0,0,0,0,0,0,0,0,0,0,0,0,0,0,0,0,0,0,298,16102,0,0,0,0
46243.030,17579,56,0,0,0,0,0,8,47506,44,53,0,0,0,0,0,0,0,0,0,0,0,0,0,0,0,0,0,0,0,0,0,0,298,15917,0,0,0,0
46259.151,16121,62,0,0,0,0,0,8,47576,44,53,0,0,0,0,0,0,0,0,0,0,0,0,0,0,0,0,0,0,0,0,0,0,348,18138,0,0,0,0
46275.415,16264,61,0,0,0,0,0,8,47632,44,53,0,0,0,0,0,0,0,0,0,0,0,0,0,0,0,0,0,0,0,0,0,0,307,15904,0,0,0,0
46292.284,16869,59,0,0,0,0,0,8,47562,44,53,0,0,0,0,0,0,0,0,0,0,0,0,0,0,0,0,0,0,0,0,0,0,340,15892,0,0,0,0
46309.064,16779,59,0,0,0,0,0,8,47569,44,53,0,0,0,0,0,0,0,0,0,0,0,0,0,0,0,0,0,0,0,0,0,0,304,17340,0,0,0,0
46325.534,16470,60,0,0,0,0,0,8,47615,44,53,0,0,0,0,0,0,0,0,0,0,0,0,0,0,0,0,0,0,0,0,0,0,311,16767,0,0,0,0
46342.227,16692,59,0,0,0,0,0,8,47597,44,53,0,0,0,0,0,0,0,0,0,0,0,0,0,0,0,0,0,0,0,0,0,0,340,16610,0,0,0,0
46359.157,16930,59,0,0,0,0,0,8,47605,44,53,0,0,0,0,0,0,0,0,0,0,0,0,0,0,0,0,0,0,0,0,0,0,328,16609,0,0,0,0
46375.522,16364,61,0,0,0,0,0,8,47581,44,53,0,0,0,0,0,0,0,0,0,0,0,0,0,0,0,0,0,0,0,0,0,0,346,17577,0,0,0,0
46392.083,16560,60,0,0,0,0,0,8,47561,44,53,0,0,0,0,0,0,0,0,0,0,0,0,0,0,0,0,0,0,0,0,0,0,323,15182,0,0,0,0
46408.780,16696,59,0,0,0,0,0,8,49293,44,53,0,0,0,0,0,0,0,0,0,0,0,0,0,0,0,0,0,0,0,0,0,0,330,16754,0,0,0,0
46426.527,17747,56,0,0,0,0,0,8,49114,44,53,0,0,0,0,0,0,0,0,0,0,0,0,0,0,0,0,0,0,0,0,0,0,348,17012,0,0,0,0
46442.927,16399,60,0,0,0,0,0,8,49431,44,53,0,0,0,0,0,0,0,0,0,0,0,0,0,0,0,0,0,0,0,0,0,0,321,18023,0,0,0,0
46459.072,16145,61,0,0,0,0,0,8,49232,44,53,0,0,0,0,0,0,0,0,0,0,0,0,0,0,0,0,0,0,0,0,0,0,296,16156,0,0,0,0
46476.013,16940,59,0,0,0,0,0,8,49021,44,53,0,0,0,0,0,0,0,0,0,0,0,0,0,0,0,0,0,0,0,0,0,0,310,16084,0,0,0,0
46492.191,16178,61,0,0,0,0,0,8,49136,44,53,0,0,0,0,0,0,0,0,0,0,0,0,0,0,0,0,0,0,0,0,0,0,288,15759,0,0,0,0
46509.524,17332,57,0,0,0,0,0,8,49358,44,53,0,0,0,0,0,0,0,0,0,0,0,0,0,0,0,0,0,0,0,0,0,0,332,16980,0,0,0,0
46525.542,16018,62,0,0,0,0,0,8,49417,44,53,0,0,0,0,0,0,0,0,0,0,0,0,0,0,0,0,0,0,0,0,0,0,304,17687,0,0,0,0
46543.027,17484,57,0,0,0,0,0,8,49330,44,53,0,0,0,0,0,0,0,0,0,0,0,0,0,0,0,0,0,0,0,0,0,0,333,16226,0,0,0,0
46559.078,16050,62,0,0,0,0,0,8,49352,44,53,0,0,0,0,0,0,0,0,0,0,0,0,0,0,0,0,0,0,0,0,0,0,354,17557,0,0,0,0
46575.528,16450,60,0,0,0,0,0,8,49087,44,53,0,0,0,0,0,0,0,0,0,0,0,0,0,0,0,0,0,0,0,0,0,0,321,15759,0,0,0,0
46593.024,17496,57,0,0,0,0,0,8,49409,44,53,0,0,0,0,0,0,0,0,0,0,0,0,0,0,0,0,0,0,0,0,0,0,339,16605,0,0,0,0
46609.106,16081,62,0,0,0,0,0,8,49852,44,53,0,0,0,0,0,0,0,0,0,0,0,0,0,0,0,0,0,0,0,0,0,0,341,17515,0,0,0,0
46626.004,16898,59,0,0,0,0,0,8,49331,44,53,0,0,0,0,0,0,0,0,0,0,0,0,0,0,0,0,0,0,0,0,0,0,329,16073,0,0,0,0
46642.189,16184,61,0,0,0,0,0,8,52788,44,53,0,0,0,0,0,0,0,0,0,0,0,0,0,0,0,0,0,0,0,0,0,0,320,17509,0,0,0,0
46659.186,16997,58,0,0,0,0,0,8,54131,44,53,0,0,0,0,0,0,0,0,0,0,0,0,0,0,0,0,0,0,0,0,0,0,308,16538,0,0,0,0
46675.838,16652,60,0,0,0,0,0,8,51379,44,53,0,0,0,0,0,0,0,0,0,0,0,0,0,0,0,0,0,0,0,0,0,0,320,17748,0,0,0,0
46692.525,16686,59,0,0,0,0,0,8,52798,44,53,0,0,0,0,0,0,0,0,0,0,0,0,0,0,0,0,0,0,0,0,0,0,326,15851,0,0,0,0
46709.150,16625,60,0,0,0,0,0,8,51365,44,53,0,0,0,0,0,0,0,0,0,0,0,0,0,0,0,0,0,0,0,0,0,0,319,17015,0,0,0,0
46725.708,16557,60,0,0,0,0,0,8,51906,44,53,0,0,0,0,0,0,0,0,0,0,0,0,0,0,0,0,0,0,0,0,0,0,346,16752,0,0,0,0
46743.014,17306,57,0,0,0,0,0,8,51397,44,53,0,0,0,0,0,0,0,0,0,0,0,0,0,0,0,0,0,0,0,0,0,0,327,15828,0,0,0,0
46759.150,16136,61,0,0,0,0,0,8,52282,44,53,0,0,0,0,0,0,0,0,0,0,0,0,0,0,0,0,0,0,0,0,0,0,321,17785,0,0,0,0
46775.550,16399,60,0,0,0,0,0,8,53264,44,53,0,0,0,0,0,0,0,0,0,0,0,0,0,0,0,0,0,0,0,0,0,0,337,16407,0,0,0,0
46791.781,16231,61,0,0,0,0,0,8,50963,44,53,0,0,0,0,0,0,0,0,0,0,0,0,0,0,0,0,0,0,0,0,0,0,341,15555,0,0,0,0
46808.727,16945,59,0,0,0,0,0,8,51069,44,53,0,0,0,0,0,0,0,0,0,0,0,0,0,0,0,0,0,0,0,0,0,0,309,15930,0,0,0,0
46825.022,16295,61,0,0,0,0,0,8,51001,44,53,0,0,0,0,0,0,0,0,0,0,0,0,0,0,0,0,0,0,0,0,0,0,330,17506,0,0,0,0
46843.019,17996,55,0,0,0,0,0,8,51164,44,53,0,0,0,0,0,0,0,0,0,0,0,0,0,0,0,0,0,0,0,0,0,0,306,15991,0,0,0,0
46859.140,16121,62,0,0,0,0,0,8,51032,44,53,0,0,0,0,0,0,0,0,0,0,0,0,0,0,0,0,0,0,0,0,0,0,311,18121,0,0,0,0
46876.009,16869,59,0,0,0,0,0,8,50708,44,53,0,0,0,0,0,0,0,0,0,0,0,0,0,0,0,0,0,0,0,0,0,0,289,16116,0,0,0,0
46892.362,16352,61,0,0,0,0,0,8,50767,44,53,0,0,0,0,0,0,0,0,0,0,0,0,0,0,0,0,0,0,0,0,0,0,332,16909,0,0,0,0
46909.141,16778,59,0,0,0,0,0,8,50943,44,53,0,0,0,0,0,0,0,0,0,0,0,0,0,0,0,0,0,0,0,0,0,0,322,16808,0,0,0,0
46926.005,16864,59,0,0,0,0,0,8,50818,44,53,0,0,0,0,0,0,0,0,0,0,0,0,0,0,0,0,0,0,0,0,0,0,316,16798,0,0,0,0
46943.002,16997,58,0,0,0,0,0,8,50666,44,53,0,0,0,0,0,0,0,0,0,0,0,0,0,0,0,0,0,0,0,0,0,0,326,16258,0,0,0,0
46959.056,16054,62,0,0,0,0,0,8,50698,44,53,0,0,0,0,0,0,0,0,0,0,0,0,0,0,0,0,0,0,0,0,0,0,332,17569,0,0,0,0
46975.794,16737,59,0,0,0,0,0,8,51085,44,53,0,0,0,0,0,0,0,0,0,0,0,0,0,0,0,0,0,0,0,0,0,0,339,16173,0,0,0,0
46992.319,16524,60,0,0,0,0,0,8,50864,44,53,0,0,0,0,0,0,0,0,0,0,0,0,0,0,0,0,0,0,0,0,0,0,317,15707,0,0,0,0
47008.936,16617,60,0,0,0,0,0,8,51009,44,53,0,0,0,0,0,0,0,0,0,0,0,0,0,0,0,0,0,0,0,0,0,0,322,17017,0,0,0,0
47026.005,17068,58,0,0,0,0,0,8,50688,44,53,0,0,0,0,0,0,0,0,0,0,0,0,0,0,0,0,0,0,0,0,0,0,319,16455,0,0,0,0
47042.233,16228,61,0,0,0,0,0,8,50840,44,53,0,0,0,0,0,0,0,0,0,0,0,0,0,0,0,0,0,0,0,0,0,0,336,17147,0,0,0,0
47059.521,17287,57,0,0,0,0,0,8,50691,44,53,0,0,0,0,0,0,0,0,0,0,0,0,0,0,0,0,0,0,0,0,0,0,290,15777,0,0,0,0
47075.564,16042,62,0,0,0,0,0,8,50939,44,53,0,0,0,0,0,0,0,0,0,0,0,0,0,0,0,0,0,0,0,0,0,0,325,17923,0,0,0,0
47093.014,17450,57,0,0,0,0,0,8,49292,44,53,0,0,0,0,0,0,0,0,0,0,0,0,0,0,0,0,0,0,0,0,0,0,310,15807,0,0,0,0
47108.813,15798,63,0,0,0,0,0,8,49387,44,53,0,0,0,0,0,0,0,0,0,0,0,0,0,0,0,0,0,0,0,0,0,0,333,18064,0,0,0,0
47125.525,16712,59,0,0,0,0,0,8,49075,44,53,0,0,0,0,0,0,0,0,0,0,0,0,0,0,0,0,0,0,0,0,0,0,307,15113,0,0,0,0
47142.365,16839,59,0,0,0,0,0,8,49081,44,53,0,0,0,0,0,0,0,0,0,0,0,0,0,0,0,0,0,0,0,0,0,0,311,16995,0,0,0,0
47158.689,16323,61,0,0,0,0,0,8,49038,44,53,0,0,0,0,0,0,0,0,0,0,0,0,0,0,0,0,0,0,0,0,0,0,328,16563,0,0,0,0
47175.721,17031,58,0,0,0,0,0,8,48924,44,53,0,0,0,0,0,0,0,0,0,0,0,0,0,0,0,0,0,0,0,0,0,0,304,16671,0,0,0,0
47192.194,16473,60,0,0,0,0,0,8,49228,44,53,0,0,0,0,0,0,0,0,0,0,0,0,0,0,0,0,0,0,0,0,0,0,315,16350,0,0,0,0
47208.802,16607,60,0,0,0,0,0,8,48979,44,53,0,0,0,0,0,0,0,0,0,0,0,0,0,0,0,0,0,0,0,0,0,0,327,16553,0,0,0,0
47226.013,17211,58,0,0,0,0,0,8,49071,44,53,0,0,0,0,0,0,0,0,0,0,0,0,0,0,0,0,0,0,0,0,0,0,314,16829,0,0,0,0
47243.012,16998,58,0,0,0,0,0,8,49323,44,53,0,0,0,0,0,0,0,0,0,0,0,0,0,0,0,0,0,0,0,0,0,0,311,17213,0,0,0,0
47259.143,16131,61,0,0,0,0,0,8,49072,44,53,0,0,0,0,0,0,0,0,0,0,0,0,0,0,0,0,0,0,0,0,0,0,320,17195,0,0,0,0
47275.781,16637,60,0,0,0,0,0,8,48854,44,53,0,0,0,0,0,0,0,0,0,0,0,0,0,0,0,0,0,0,0,0,0,0,295,15992,0,0,0,0
47292.216,16434,60,0,0,0,0,0,8,49099,44,53,0,0,0,0,0,0,0,0,0,0,0,0,0,0,0,0,0,0,0,0,0,0,319,16681,0,0,0,0
47309.221,17005,58,0,0,0,0,0,8,48967,44,53,0,0,0,0,0,0,0,0,0,0,0,0,0,0,0,0,0,0,0,0,0,0,326,16770,0,0,0,0
47325.645,16423,60,0,0,0,0,0,8,48860,44,53,0,0,0,0,0,0,0,0,0,0,0,0,0,0,0,0,0,0,0,0,0,0,323,16467,0,0,0,0
47342.291,16646,60,0,0,0,0,0,8,48943,44,53,0,0,0,0,0,0,0,0,0,0,0,0,0,0,0,0,0,0,0,0,0,0,304,16309,0,0,0,0
47358.910,16619,60,0,0,0,0,0,8,48855,44,53,0,0,0,0,0,0,0,0,0,0,0,0,0,0,0,0,0,0,0,0,0,0,343,16936,0,0,0,0
47375.899,16988,58,0,0,0,0,0,8,48796,44,53,0,0,0,0,0,0,0,0,0,0,0,0,0,0,0,0,0,0,0,0,0,0,352,16530,0,0,0,0
47392.461,16562,60,0,0,0,0,0,8,48541,44,53,0,0,0,0,0,0,0,0,0,0,0,0,0,0,0,0,0,0,0,0,0,0,321,16737,0,0,0,0
47409.148,16687,59,0,0,0,0,0,8,48429,44,53,0,0,0,0,0,0,0,0,0,0,0,0,0,0,0,0,0,0,0,0,0,0,312,16575,0,0,0,0
47425.387,16239,61,0,0,0,0,0,8,48635,44,53,0,0,0,0,0,0,0,0,0,0,0,0,0,0,0,0,0,0,0,0,0,0,338,16886,0,0,0,0
47442.335,16947,59,0,0,0,0,0,8,48531,44,53,0,0,0,0,0,0,0,0,0,0,0,0,0,0,0,0,0,0,0,0,0,0,325,16171,0,0,0,0
47459.139,16804,59,0,0,0,0,0,8,50198,44,53,0,0,0,0,0,0,0,0,0,0,0,0,0,0,0,0,0,0,0,0,0,0,323,17025,0,0,0,0
47475.789,16649,60,0,0,0,0,0,8,50219,44,53,0,0,0,0,0,0,0,0,0,0,0,0,0,0,0,0,0,0,0,0,0,0,312,16861,0,0,0,0
47492.468,16679,59,0,0,0,0,0,8,50493,44,53,0,0,0,0,0,0,0,0,0,0,0,0,0,0,0,0,0,0,0,0,0,0,298,16203,0,0,0,0
47509.033,16564,60,0,0,0,0,0,8,50167,44,53,0,0,0,0,0,0,0,0,0,0,0,0,0,0,0,0,0,0,0,0,0,0,319,17052,0,0,0,0
47526.528,17494,57,0,0,0,0,0,8,50056,44,53,0,0,0,0,0,0,0,0,0,0,0,0,0,0,0,0,0,0,0,0,0,0,304,16682,0,0,0,0
47542.313,15785,63,0,0,0,0,0,8,50403,44,53,0,0,0,0,0,0,0,0,0,0,0,0,0,0,0,0,0,0,0,0,0,0,309,17244,0,0,0,0
47559.135,16822,59,0,0,0,0,0,8,50156,44,53,0,0,0,0,0,0,0,0,0,0,0,0,0,0,0,0,0,0,0,0,0,0,335,16187,0,0,0,0
47575.870,16734,59,0,0,0,0,0,8,50409,44,53,0,0,0,0,0,0,0,0,0,0,0,0,0,0,0,0,0,0,0,0,0,0,323,16534,0,0,0,0
47592.139,16269,61,0,0,0,0,0,8,50482,44,53,0,0,0,0,0,0,0,0,0,0,0,0,0,0,0,0,0,0,0,0,0,0,322,16683,0,0,0,0
47609.141,17002,58,0,0,0,0,0,8,49971,44,53,0,0,0,0,0,0,0,0,0,0,0,0,0,0,0,0,0,0,0,0,0,0,326,16386,0,0,0,0
47625.765,16623,60,0,0,0,0,0,8,50343,44,53,0,0,0,0,0,0,0,0,0,0,0,0,0,0,0,0,0,0,0,0,0,0,327,17211,0,0,0,0
47642.135,16370,61,0,0,0,0,0,8,49213,44,53,0,0,0,0,0,0,0,0,0,0,0,0,0,0,0,0,0,0,0,0,0,0,323,16065,0,0,0,0
47659.519,17384,57,0,0,0,0,0,8,48675,44,53,0,0,0,0,0,0,0,0,0,0,0,0,0,0,0,0,0,0,0,0,0,0,322,16629,0,0,0,0
47675.567,16047,62,0,0,0,0,0,8,48792,44,53,0,0,0,0,0,0,0,0,0,0,0,0,0,0,0,0,0,0,0,0,0,0,354,17202,0,0,0,0
47692.996,17429,57,0,0,0,0,0,8,48511,44,53,0,0,0,0,0,0,0,0,0,0,0,0,0,0,0,0,0,0,0,0,0,0,327,15962,0,0,0,0
47708.718,15722,63,0,0,0,0,0,8,48628,44,53,0,0,0,0,0,0,0,0,0,0,0,0,0,0,0,0,0,0,0,0,0,0,329,18325,0,0,0,0
47726.002,17283,57,0,0,0,0,0,8,48049,44,53,0,0,0,0,0,0,0,0,0,0,0,0,0,0,0,0,0,0,0,0,0,0,313,15151,0,0,0,0
47742.007,16004,62,0,0,0,0,0,8,48117,44,53,0,0,0,0,0,0,0,0,0,0,0,0,0,0,0,0,0,0,0,0,0,0,337,17418,0,0,0,0
47759.582,17574,56,0,0,0,0,0,8,48079,44,53,0,0,0,0,0,0,0,0,0,0,0,0,0,0,0,0,0,0,0,0,0,0,299,14535,0,0,0,0
47775.473,15891,62,0,0,0,0,0,8,48073,44,53,0,0,0,0,0,0,0,0,0,0,0,0,0,0,0,0,0,0,0,0,0,0,335,19039,0,0,0,0
47791.731,16258,61,0,0,0,0,0,8,47842,44,53,0,0,0,0,0,0,0,0,0,0,0,0,0,0,0,0,0,0,0,0,0,0,322,15624,0,0,0,0
47809.204,17472,57,0,0,0,0,0,8,48070,44,53,0,0,0,0,0,0,0,0,0,0,0,0,0,0,0,0,0,0,0,0,0,0,311,16370,0,0,0,0
47825.610,16406,60,0,0,0,0,0,8,47944,44,53,0,0,0,0,0,0,0,0,0,0,0,0,0,0,0,0,0,0,0,0,0,0,336,17993,0,0,0,0
47842.997,17386,57,0,0,0,0,0,8,47841,44,53,0,0,0,0,0,0,0,0,0,0,0,0,0,0,0,0,0,0,0,0,0,0,308,15823,0,0,0,0
47859.163,16166,61,0,0,0,0,0,8,48114,44,53,0,0,0,0,0,0,0,0,0,0,0,0,0,0,0,0,0,0,0,0,0,0,327,17507,0,0,0,0
47875.615,16451,60,0,0,0,0,0,8,47528,44,53,0,0,0,0,0,0,0,0,0,0,0,0,0,0,0,0,0,0,0,0,0,0,299,16457,0,0,0,0
47893.015,17400,57,0,0,0,0,0,8,47917,44,53,0,0,0,0,0,0,0,0,0,0,0,0,0,0,0,0,0,0,0,0,0,0,310,15734,0,0,0,0
47909.032,16016,62,0,0,0,0,0,8,47886,44,53,0,0,0,0,0,0,0,0,0,0,0,0,0,0,0,0,0,0,0,0,0,0,334,17628,0,0,0,0
47925.850,16818,59,0,0,0,0,0,8,47845,44,53,0,0,0,0,0,0,0,0,0,0,0,0,0,0,0,0,0,0,0,0,0,0,319,15932,0,0,0,0
47941.611,15760,63,0,0,0,0,0,8,47527,44,53,0,0,0,0,0,0,0,0,0,0,0,0,0,0,0,0,0,0,0,0,0,0,343,16596,0,0,0,0
47959.041,17429,57,0,0,0,0,0,8,47371,44,53,0,0,0,0,0,0,0,0,0,0,0,0,0,0,0,0,0,0,0,0,0,0,326,16232,0,0,0,0
47975.931,16890,59,0,0,0,0,0,8,47779,44,53,0,0,0,0,0,0,0,0,0,0,0,0,0,0,0,0,0,0,0,0,0,0,327,18093,0,0,0,0
47992.275,16343,61,0,0,0,0,0,8,47447,44,53,0,0,0,0,0,0,0,0,0,0,0,0,0,0,0,0,0,0,0,0,0,0,306,15834,0,0,0,0
48009.118,16843,59,0,0,0,0,0,8,47289,44,53,0,0,0,0,0,0,0,0,0,0,0,0,0,0,0,0,0,0,0,0,0,0,306,16055,0,0,0,0
48025.436,16317,61,0,0,0,0,0,8,47668,44,53,0,0,0,0,0,0,0,0,0,0,0,0,0,0,0,0,0,0,0,0,0,0,331,17323,0,0,0,0
48042.173,16737,59,0,0,0,0,0,8,47602,44,53,0,0,0,0,0,0,0,0,0,0,0,0,0,0,0,0,0,0,0,0,0,0,323,15903,0,0,0,0
48059.524,17350,57,0,0,0,0,0,8,47542,44,53,0,0,0,0,0,0,0,0,0,0,0,0,0,0,0,0,0,0,0,0,0,0,327,17236,0,0,0,0
48075.656,16131,61,0,0,0,0,0,8,47451,44,53,0,0,0,0,0,0,0,0,0,0,0,0,0,0,0,0,0,0,0,0,0,0,312,17581,0,0,0,0
48092.452,16796,59,0,0,0,0,0,8,47430,44,53,0,0,0,0,0,0,0,0,0,0,0,0,0,0,0,0,0,0,0,0,0,0,324,15361,0,0,0,0
48108.685,16233,61,0,0,0,0,0,8,47248,44,53,0,0,0,0,0,0,0,0,0,0,0,0,0,0,0,0,0,0,0,0,0,0,327,16907,0,0,0,0
48125.380,16695,59,0,0,0,0,0,8,47180,44,53,0,0,0,0,0,0,0,0,0,0,0,0,0,0,0,0,0,0,0,0,0,0,328,16660,0,0,0,0
48142.168,16787,59,0,0,0,0,0,8,47513,44,53,0,0,0,0,0,0,0,0,0,0,0,0,0,0,0,0,0,0,0,0,0,0,315,16141,0,0,0,0
48159.107,16939,59,0,0,0,0,0,8,46125,44,53,0,0,0,0,0,0,0,0,0,0,0,0,0,0,0,0,0,0,0,0,0,0,318,17421,0,0,0,0
48175.425,16317,61,0,0,0,0,0,8,45943,44,53,0,0,0,0,0,0,0,0,0,0,0,0,0,0,0,0,0,0,0,0,0,0,318,17001,0,0,0,0
48191.830,16405,60,0,0,0,0,0,8,45924,44,53,0,0,0,0,0,0,0,0,0,0,0,0,0,0,0,0,0,0,0,0,0,0,324,15689,0,0,0,0
48209.086,17256,57,0,0,0,0,0,8,45583,44,53,0,0,0,0,0,0,0,0,0,0,0,0,0,0,0,0,0,0,0,0,0,0,326,16286,0,0,0,0
48225.807,16720,59,0,0,0,0,0,8,45992,44,53,0,0,0,0,0,0,0,0,0,0,0,0,0,0,0,0,0,0,0,0,0,0,332,17933,0,0,0,0
48242.589,16782,59,0,0,0,0,0,8,45825,44,53,0,0,0,0,0,0,0,0,0,0,0,0,0,0,0,0,0,0,0,0,0,0,299,16370,0,0,0,0
48259.538,16948,59,0,0,0,0,0,8,46331,44,53,0,0,0,0,0,0,0,0,0,0,0,0,0,0,0,0,0,0,0,0,0,0,316,16941,0,0,0,0
48275.616,16078,62,0,0,0,0,0,8,45928,44,53,0,0,0,0,0,0,0,0,0,0,0,0,0,0,0,0,0,0,0,0,0,0,322,16981,0,0,0,0
48291.719,16102,62,0,0,0,0,0,8,45922,44,53,0,0,0,0,0,0,0,0,0,0,0,0,0,0,0,0,0,0,0,0,0,0,317,15601,0,0,0,0
48309.021,17301,57,0,0,0,0,0,8,45562,44,53,0,0,0,0,0,0,0,0,0,0,0,0,0,0,0,0,0,0,0,0,0,0,307,16400,0,0,0,0
48325.535,16514,60,0,0,0,0,0,8,45752,44,53,0,0,0,0,0,0,0,0,0,0,0,0,0,0,0,0,0,0,0,0,0,0,329,17331,0,0,0,0
48342.251,16715,59,0,0,0,0,0,8,45881,44,53,0,0,0,0,0,0,0,0,0,0,0,0,0,0,0,0,0,0,0,0,0,0,345,16314,0,0,0,0
48358.676,16425,60,0,0,0,0,0,8,45773,44,53,0,0,0,0,0,0,0,0,0,0,0,0,0,0,0,0,0,0,0,0,0,0,342,17117,0,0,0,0
48375.586,16910,59,0,0,0,0,0,8,45455,44,53,0,0,0,0,0,0,0,0,0,0,0,0,0,0,0,0,0,0,0,0,0,0,299,16080,0,0,0,0
48392.519,16932,59,0,0,0,0,0,8,45584,44,53,0,0,0,0,0,0,0,0,0,0,0,0,0,0,0,0,0,0,0,0,0,0,305,16613,0,0,0,0
48408.985,16465,60,0,0,0,0,0,8,47922,44,53,0,0,0,0,0,0,0,0,0,0,0,0,0,0,0,0,0,0,0,0,0,0,344,17760,0,0,0,0
48425.878,16893,59,0,0,0,0,0,8,47582,44,53,0,0,0,0,0,0,0,0,0,0,0,0,0,0,0,0,0,0,0,0,0,0,314,17010,0,0,0,0
48442.523,16644,60,0,0,0,0,0,8,47509,44,53,0,0,0,0,0,0,0,0,0,0,0,0,0,0,0,0,0,0,0,0,0,0,328,15767,0,0,0,0
48459.127,16604,60,0,0,0,0,0,8,47513,44,53,0,0,0,0,0,0,0,0,0,0,0,0,0,0,0,0,0,0,0,0,0,0,313,16635,0,0,0,0
48475.933,16805,59,0,0,0,0,0,8,47453,44,53,0,0,0,0,0,0,0,0,0,0,0,0,0,0,0,0,0,0,0,0,0,0,331,16803,0,0,0,0
48493.008,17075,58,0,0,0,0,0,8,47802,44,53,0,0,0,0,0,0,0,0,0,0,0,0,0,0,0,0,0,0,0,0,0,0,312,16588,0,0,0,0
48509.083,16074,62,0,0,0,0,0,8,48238,44,53,0,0,0,0,0,0,0,0,0,0,0,0,0,0,0,0,0,0,0,0,0,0,343,17512,0,0,0,0
48525.995,16912,59,0,0,0,0,0,8,47755,44,53,0,0,0,0,0,0,0,0,0,0,0,0,0,0,0,0,0,0,0,0,0,0,320,16200,0,0,0,0
48542.992,16996,58,0,0,0,0,0,8,47955,44,53,0,0,0,0,0,0,0,0,0,0,0,0,0,0,0,0,0,0,0,0,0,0,337,16626,0,0,0,0
48558.826,15834,63,0,0,0,0,0,8,48235,44,53,0,0,0,0,0,0,0,0,0,0,0,0,0,0,0,0,0,0,0,0,0,0,337,17233,0,0,0,0
48575.813,16986,58,0,0,0,0,0,8,48430,44,53,0,0,0,0,0,0,0,0,0,0,0,0,0,0,0,0,0,0,0,0,0,0,341,15602,0,0,0,0
48592.988,17175,58,0,0,0,0,0,8,48339,44,53,0,0,0,0,0,0,0,0,0,0,0,0,0,0,0,0,0,0,0,0,0,0,323,16791,0,0,0,0
48609.009,16020,62,0,0,0,0,0,8,48764,44,53,0,0,0,0,0,0,0,0,0,0,0,0,0,0,0,0,0,0,0,0,0,0,322,17724,0,0,0,0
48625.346,16337,61,0,0,0,0,0,8,48643,44,53,0,0,0,0,0,0,0,0,0,0,0,0,0,0,0,0,0,0,0,0,0,0,310,15978,0,0,0,0
48641.819,16473,60,0,0,0,0,0,8,48956,44,53,0,0,0,0,0,0,0,0,0,0,0,0,0,0,0,0,0,0,0,0,0,0,310,15823,0,0,0,0
48659.129,17309,57,0,0,0,0,0,8,49261,44,53,0,0,0,0,0,0,0,0,0,0,0,0,0,0,0,0,0,0,0,0,0,0,333,16943,0,0,0,0
48675.499,16370,61,0,0,0,0,0,8,47365,44,53,0,0,0,0,0,0,0,0,0,0,0,0,0,0,0,0,0,0,0,0,0,0,330,17325,0,0,0,0
48692.998,17499,57,0,0,0,0,0,8,47171,44,53,0,0,0,0,0,0,0,0,0,0,0,0,0,0,0,0,0,0,0,0,0,0,327,16091,0,0,0,0
48708.669,15671,63,0,0,0,0,0,8,47099,44,53,0,0,0,0,0,0,0,0,0,0,0,0,0,0,0,0,0,0,0,0,0,0,332,17735,0,0,0,0
48725.513,16843,59,0,0,0,0,0,8,46817,44,53,0,0,0,0,0,0,0,0,0,0,0,0,0,0,0,0,0,0,0,0,0,0,303,15496,0,0,0,0
48742.134,16610,60,0,0,0,0,0,8,49108,44,53,0,0,0,0,0,0,0,0,0,0,0,0,0,0,0,0,0,0,0,0,0,0,343,17144,0,0,0,0
48759.214,17090,58,0,0,0,0,0,8,48794,44,53,0,0,0,0,0,0,0,0,0,0,0,0,0,0,0,0,0,0,0,0,0,0,357,16711,0,0,0,0
48775.783,16568,60,0,0,0,0,0,8,48840,44,53,0,0,0,0,0,0,0,0,0,0,0,0,0,0,0,0,0,0,0,0,0,0,332,17718,0,0,0,0
48792.146,16362,61,0,0,0,0,0,8,49072,44,53,0,0,0,0,0,0,0,0,0,0,0,0,0,0,0,0,0,0,0,0,0,0,315,15709,0,0,0,0
48808.804,16658,60,0,0,0,0,0,8,49165,44,53,0,0,0,0,0,0,0,0,0,0,0,0,0,0,0,0,0,0,0,0,0,0,304,16050,0,0,0,0
48826.507,17702,56,0,0,0,0,0,8,48960,44,53,0,0,0,0,0,0,0,0,0,0,0,0,0,0,0,0,0,0,0,0,0,0,305,16689,0,0,0,0
48842.988,16480,60,0,0,0,0,0,8,49582,44,53,0,0,0,0,0,0,0,0,0,0,0,0,0,0,0,0,0,0,0,0,0,0,318,18228,0,0,0,0
48859.030,16042,62,0,0,0,0,0,8,49421,44,53,0,0,0,0,0,0,0,0,0,0,0,0,0,0,0,0,0,0,0,0,0,0,313,15915,0,0,0,0
48875.993,16963,58,0,0,0,0,0,8,49500,44,53,0,0,0,0,0,0,0,0,0,0,0,0,0,0,0,0,0,0,0,0,0,0,320,16060,0,0,0,0
48892.074,16080,62,0,0,0,0,0,8,49736,44,53,0,0,0,0,0,0,0,0,0,0,0,0,0,0,0,0,0,0,0,0,0,0,322,16868,0,0,0,0
48908.729,16655,60,0,0,0,0,0,8,49980,44,53,0,0,0,0,0,0,0,0,0,0,0,0,0,0,0,0,0,0,0,0,0,0,317,16134,0,0,0,0
48925.985,17255,57,0,0,0,0,0,8,49913,44,53,0,0,0,0,0,0,0,0,0,0,0,0,0,0,0,0,0,0,0,0,0,0,303,16381,0,0,0,0
48943.008,17023,58,0,0,0,0,0,8,50361,44,53,0,0,0,0,0,0,0,0,0,0,0,0,0,0,0,0,0,0,0,0,0,0,326,17783,0,0,0,0
48959.154,16146,61,0,0,0,0,0,8,50133,44,53,0,0,0,0,0,0,0,0,0,0,0,0,0,0,0,0,0,0,0,0,0,0,334,17074,0,0,0,0
48975.588,16433,60,0,0,0,0,0,8,50134,44,53,0,0,0,0,0,0,0,0,0,0,0,0,0,0,0,0,0,0,0,0,0,0,308,15895,0,0,0,0
48993.001,17412,57,0,0,0,0,0,8,49947,44,53,0,0,0,0,0,0,0,0,0,0,0,0,0,0,0,0,0,0,0,0,0,0,303,16417,0,0,0,0
49009.185,16184,61,0,0,0,0,0,8,50096,44,53,0,0,0,0,0,0,0,0,0,0,0,0,0,0,0,0,0,0,0,0,0,0,309,17400,0,0,0,0
49025.529,16344,61,0,0,0,0,0,8,49643,44,53,0,0,0,0,0,0,0,0,0,0,0,0,0,0,0,0,0,0,0,0,0,0,326,16337,0,0,0,0
49042.995,17465,57,0,0,0,0,0,8,49832,44,53,0,0,0,0,0,0,0,0,0,0,0,0,0,0,0,0,0,0,0,0,0,0,312,15882,0,0,0,0
49059.124,16128,62,0,0,0,0,0,8,48170,44,53,0,0,0,0,0,0,0,0,0,0,0,0,0,0,0,0,0,0,0,0,0,0,316,17992,0,0,0,0
49075.581,16457,60,0,0,0,0,0,8,48034,44,53,0,0,0,0,0,0,0,0,0,0,0,0,0,0,0,0,0,0,0,0,0,0,320,16207,0,0,0,0
49092.122,16540,60,0,0,0,0,0,8,47873,44,53,0,0,0,0,0,0,0,0,0,0,0,0,0,0,0,0,0,0,0,0,0,0,314,16055,0,0,0,0
49109.120,16997,58,0,0,0,0,0,8,47712,44,53,0,0,0,0,0,0,0,0,0,0,0,0,0,0,0,0,0,0,0,0,0,0,326,16884,0,0,0,0
49125.991,16871,59,0,0,0,0,0,8,47907,44,53,0,0,0,0,0,0,0,0,0,0,0,0,0,0,0,0,0,0,0,0,0,0,310,16820,0,0,0,0
49142.123,16131,61,0,0,0,0,0,8,47887,44,53,0,0,0,0,0,0,0,0,0,0,0,0,0,0,0,0,0,0,0,0,0,0,339,16802,0,0,0,0
49159.041,16917,59,0,0,0,0,0,8,47109,44,53,0,0,0,0,0,0,0,0,0,0,0,0,0,0,0,0,0,0,0,0,0,0,353,16259,0,0,0,0
49175.981,16940,59,0,0,0,0,0,8,48540,44,53,0,0,0,0,0,0,0,0,0,0,0,0,0,0,0,0,0,0,0,0,0,0,308,17157,0,0,0,0
49192.122,16140,61,0,0,0,0,0,8,47773,44,53,0,0,0,0,0,0,0,0,0,0,0,0,0,0,0,0,0,0,0,0,0,0,330,16525,0,0,0,0
49208.516,16394,60,0,0,0,0,0,8,47033,44,53,0,0,0,0,0,0,0,0,0,0,0,0,0,0,0,0,0,0,0,0,0,0,332,16622,0,0,0,0
49225.590,17074,58,0,0,0,0,0,8,46807,44,53,0,0,0,0,0,0,0,0,0,0,0,0,0,0,0,0,0,0,0,0,0,0,316,16247,0,0,0,0
49242.999,17408,57,0,0,0,0,0,8,46648,44,53,0,0,0,0,0,0,0,0,0,0,0,0,0,0,0,0,0,0,0,0,0,0,352,16688,0,0,0,0
49258.713,15714,63,0,0,0,0,0,8,46490,44,53,0,0,0,0,0,0,0,0,0,0,0,0,0,0,0,0,0,0,0,0,0,0,328,17187,0,0,0,0
49275.987,17274,57,0,0,0,0,0,8,45855,44,53,0,0,0,0,0,0,0,0,0,0,0,0,0,0,0,0,0,0,0,0,0,0,342,16049,0,0,0,0
49292.985,16997,58,0,0,0,0,0,8,47455,44,53,0,0,0,0,0,0,0,0,0,0,0,0,0,0,0,0,0,0,0,0,0,0,321,16240,0,0,0,0
49309.172,16186,61,0,0,0,0,0,8,46815,44,53,0,0,0,0,0,0,0,0,0,0,0,0,0,0,0,0,0,0,0,0,0,0,351,18915,0,0,0,0
49325.432,16260,61,0,0,0,0,0,8,46376,44,53,0,0,0,0,0,0,0,0,0,0,0,0,0,0,0,0,0,0,0,0,0,0,339,15992,0,0,0,0
49343.026,17593,56,0,0,0,0,0,8,47639,44,53,0,0,0,0,0,0,0,0,0,0,0,0,0,0,0,0,0,0,0,0,0,0,334,15733,0,0,0,0
49359.174,16148,61,0,0,0,0,0,8,46849,44,53,0,0,0,0,0,0,0,0,0,0,0,0,0,0,0,0,0,0,0,0,0,0,318,17754,0,0,0,0
49375.990,16815,59,0,0,0,0,0,8,46401,44,53,0,0,0,0,0,0,0,0,0,0,0,0,0,0,0,0,0,0,0,0,0,0,334,16096,0,0,0,0
49392.383,16393,60,0,0,0,0,0,8,49374,44,53,0,0,0,0,0,0,0,0,0,0,0,0,0,0,0,0,0,0,0,0,0,0,345,16501,0,0,0,0
49408.497,16114,62,0,0,0,0,0,8,48628,44,53,0,0,0,0,0,0,0,0,0,0,0,0,0,0,0,0,0,0,0,0,0,0,308,16918,0,0,0,0
49426.512,18015,55,0,0,0,0,0,8,48990,44,53,0,0,0,0,0,0,0,0,0,0,0,0,0,0,0,0,0,0,0,0,0,0,309,15701,0,0,0,0
49442.495,15982,62,0,0,0,0,0,8,48205,44,53,0,0,0,0,0,0,0,0,0,0,0,0,0,0,0,0,0,0,0,0,0,0,317,18160,0,0,0,0
49459.991,17496,57,0,0,0,0,0,8,49053,44,53,0,0,0,0,0,0,0,0,0,0,0,0,0,0,0,0,0,0,0,0,0,0,318,16177,0,0,0,0
49475.411,15420,64,0,0,0,0,0,8,47816,44,53,0,0,0,0,0,0,0,0,0,0,0,0,0,0,0,0,0,0,0,0,0,0,304,17057,0,0,0,0
49492.007,16595,60,0,0,0,0,0,8,48581,44,53,0,0,0,0,0,0,0,0,0,0,0,0,0,0,0,0,0,0,0,0,0,0,375,15887,0,0,0,0
49509.056,17049,58,0,0,0,0,0,8,47639,44,53,0,0,0,0,0,0,0,0,0,0,0,0,0,0,0,0,0,0,0,0,0,0,291,16305,0,0,0,0
49525.502,16445,60,0,0,0,0,0,8,47288,44,53,0,0,0,0,0,0,0,0,0,0,0,0,0,0,0,0,0,0,0,0,0,0,329,16924,0,0,0,0
49542.261,16759,59,0,0,0,0,0,8,46773,44,53,0,0,0,0,0,0,0,0,0,0,0,0,0,0,0,0,0,0,0,0,0,0,324,16988,0,0,0,0
49559.034,16773,59,0,0,0,0,0,8,47894,44,53,0,0,0,0,0,0,0,0,0,0,0,0,0,0,0,0,0,0,0,0,0,0,339,16116,0,0,0,0
49575.981,16946,59,0,0,0,0,0,8,47741,44,53,0,0,0,0,0,0,0,0,0,0,0,0,0,0,0,0,0,0,0,0,0,0,342,16877,0,0,0,0
49592.508,16527,60,0,0,0,0,0,8,47546,44,53,0,0,0,0,0,0,0,0,0,0,0,0,0,0,0,0,0,0,0,0,0,0,316,15695,0,0,0,0
49608.978,16469,60,0,0,0,0,0,8,47670,44,53,0,0,0,0,0,0,0,0,0,0,0,0,0,0,0,0,0,0,0,0,0,0,332,17714,0,0,0,0
49625.894,16916,59,0,0,0,0,0,8,48151,44,53,0,0,0,0,0,0,0,0,0,0,0,0,0,0,0,0,0,0,0,0,0,0,323,16522,0,0,0,0
49641.626,15732,63,0,0,0,0,0,8,47786,44,53,0,0,0,0,0,0,0,0,0,0,0,0,0,0,0,0,0,0,0,0,0,0,355,16984,0,0,0,0
49659.075,17448,57,0,0,0,0,0,8,47700,44,53,0,0,0,0,0,0,0,0,0,0,0,0,0,0,0,0,0,0,0,0,0,0,336,15601,0,0,0,0
49675.491,16416,60,0,0,0,0,0,8,47315,44,53,0,0,0,0,0,0,0,0,0,0,0,0,0,0,0,0,0,0,0,0,0,0,350,17464,0,0,0,0
49692.119,16628,60,0,0,0,0,0,8,47276,44,53,0,0,0,0,0,0,0,0,0,0,0,0,0,0,0,0,0,0,0,0,0,0,328,16311,0,0,0,0
49709.172,17053,58,0,0,0,0,0,8,47256,44,53,0,0,0,0,0,0,0,0,0,0,0,0,0,0,0,0,0,0,0,0,0,0,333,16951,0,0,0,0
49725.500,16327,61,0,0,0,0,0,8,46461,44,53,0,0,0,0,0,0,0,0,0,0,0,0,0,0,0,0,0,0,0,0,0,0,373,16936,0,0,0,0
49743.009,17509,57,0,0,0,0,0,8,46508,44,53,0,0,0,0,0,0,0,0,0,0,0,0,0,0,0,0,0,0,0,0,0,0,359,16295,0,0,0,0
49759.165,16156,61,0,0,0,0,0,8,46061,44,53,0,0,0,0,0,0,0,0,0,0,0,0,0,0,0,0,0,0,0,0,0,0,335,17511,0,0,0,0
49775.991,16825,59,0,0,0,0,0,8,46432,44,53,0,0,0,0,0,0,0,0,0,0,0,0,0,0,0,0,0,0,0,0,0,0,318,16219,0,0,0,0
49792.991,16999,58,0,0,0,0,0,8,46783,44,53,0,0,0,0,0,0,0,0,0,0,0,0,0,0,0,0,0,0,0,0,0,0,307,15626,0,0,0,0
49809.120,16129,61,0,0,0,0,0,8,46685,44,53,0,0,0,0,0,0,0,0,0,0,0,0,0,0,0,0,0,0,0,0,0,0,335,18220,0,0,0,0
49825.506,16386,61,0,0,0,0,0,8,46606,44,53,0,0,0,0,0,0,0,0,0,0,0,0,0,0,0,0,0,0,0,0,0,0,340,15756,0,0,0,0
49842.985,17478,57,0,0,0,0,0,8,47807,44,53,0,0,0,0,0,0,0,0,0,0,0,0,0,0,0,0,0,0,0,0,0,0,330,16299,0,0,0,0
49858.665,15680,63,0,0,0,0,0,8,46730,44,53,0,0,0,0,0,0,0,0,0,0,0,0,0,0,0,0,0,0,0,0,0,0,333,17902,0,0,0,0
49875.446,16781,59,0,0,0,0,0,8,47449,44,53,0,0,0,0,0,0,0,0,0,0,0,0,0,0,0,0,0,0,0,0,0,0,325,15320,0,0,0,0
49892.989,17543,57,0,0,0,0,0,8,47341,44,53,0,0,0,0,0,0,0,0,0,0,0,0,0,0,0,0,0,0,0,0,0,0,363,17169,0,0,0,0
49908.672,15682,63,0,0,0,0,0,8,44702,44,53,0,0,0,0,0,0,0,0,0,0,0,0,0,0,0,0,0,0,0,0,0,0,330,17280,0,0,0,0
49925.492,16819,59,0,0,0,0,0,8,45092,44,53,0,0,0,0,0,0,0,0,0,0,0,0,0,0,0,0,0,0,0,0,0,0,327,15805,0,0,0,0
49942.232,16739,59,0,0,0,0,0,8,45039,44,53,0,0,0,0,0,0,0,0,0,0,0,0,0,0,0,0,0,0,0,0,0,0,356,17373,0,0,0,0
49959.115,16883,59,0,0,0,0,0,8,45122,44,53,0,0,0,0,0,0,0,0,0,0,0,0,0,0,0,0,0,0,0,0,0,0,347,16009,0,0,0,0
49975.486,16371,61,0,0,0,0,0,8,44339,44,53,0,0,0,0,0,0,0,0,0,0,0,0,0,0,0,0,0,0,0,0,0,0,349,17241,0,0,0,0
49992.298,16811,59,0,0,0,0,0,8,45212,44,53,0,0,0,0,0,0,0,0,0,0,0,0,0,0,0,0,0,0,0,0,0,0,345,16428,0,0,0,0
50008.274,15976,62,0,0,0,0,0,8,44742,44,53,0,0,0,0,0,0,0,0,0,0,0,0,0,0,0,0,0,0,0,0,0,0,347,16206,0,0,0,0
50025.975,17700,56,0,0,0,0,0,8,44794,44,53,0,0,0,0,0,0,0,0,0,0,0,0,0,0,0,0,0,0,0,0,0,0,338,16147,0,0,0,0
50042.144,16169,61,0,0,0,0,0,8,44561,44,53,0,0,0,0,0,0,0,0,0,0,0,0,0,0,0,0,0,0,0,0,0,0,346,16946,0,0,0,0
50058.668,16523,60,0,0,0,0,0,8,44374,44,53,0,0,0,0,0,0,0,0,0,0,0,0,0,0,0,0,0,0,0,0,0,0,332,17092,0,0,0,0
50075.754,17086,58,0,0,0,0,0,8,43748,44,53,0,0,0,0,0,0,0,0,0,0,0,0,0,0,0,0,0,0,0,0,0,0,310,16623,0,0,0,0
50092.320,16566,60,0,0,0,0,0,8,44039,44,53,0,0,0,0,0,0,0,0,0,0,0,0,0,0,0,0,0,0,0,0,0,0,312,16495,0,0,0,0
50108.653,16333,61,0,0,0,0,0,8,44227,44,53,0,0,0,0,0,0,0,0,0,0,0,0,0,0,0,0,0,0,0,0,0,0,325,17118,0,0,0,0
50125.562,16909,59,0,0,0,0,0,8,44325,44,53,0,0,0,0,0,0,0,0,0,0,0,0,0,0,0,0,0,0,0,0,0,0,311,16402,0,0,0,0
50142.112,16550,60,0,0,0,0,0,8,44751,44,53,0,0,0,0,0,0,0,0,0,0,0,0,0,0,0,0,0,0,0,0,0,0,319,16574,0,0,0,0
50159.177,17065,58,0,0,0,0,0,8,586,44,53,0,0,0,0,0,0,0,0,0,0,0,0,0,0,0,0,0,0,0,0,0,0,0,0,0,0,0,0
50711.493,552315,1,0,0,0,0,0,8,68545,108,53,0,0,0,0,0,0,0,0,0,0,0,0,0,0,0,0,0,0,0,0,0,0,393,580027,0,0,0,0
50725.498,14005,71,0,0,0,0,0,8,91141,44,53,0,0,0,0,0,0,0,0,0,0,0,0,0,0,0,0,0,0,0,0,0,0,385,9879,0,0,0,0
50742.497,16998,58,0,0,0,0,0,8,44844,44,53,0,0,0,0,0,0,0,0,0,0,0,0,0,0,0,0,0,0,0,0,0,0,282,12965,0,0,0,0
50758.678,16181,61,0,0,0,0,0,8,44771,44,53,0,0,0,0,0,0,0,0,0,0,0,0,0,0,0,0,0,0,0,0,0,0,318,14494,0,0,0,0
50775.612,16934,59,0,0,0,0,0,8,44561,44,53,0,0,0,0,0,0,0,0,0,0,0,0,0,0,0,0,0,0,0,0,0,0,315,15910,0,0,0,0
50792.063,16450,60,0,0,0,0,0,8,44706,44,53,0,0,0,0,0,0,0,0,0,0,0,0,0,0,0,0,0,0,0,0,0,0,295,16761,0,0,0,0
50808.967,16904,59,0,0,0,0,0,8,44631,44,53,0,0,0,0,0,0,0,0,0,0,0,0,0,0,0,0,0,0,0,0,0,0,322,16736,0,0,0,0
50825.516,16548,60,0,0,0,0,0,8,44566,44,53,0,0,0,0,0,0,0,0,0,0,0,0,0,0,0,0,0,0,0,0,0,0,345,17236,0,0,0,0
50842.136,16620,60,0,0,0,0,0,8,44275,44,53,0,0,0,0,0,0,0,0,0,0,0,0,0,0,0,0,0,0,0,0,0,0,322,16360,0,0,0,0
50859.135,16998,58,0,0,0,0,0,8,44180,44,53,0,0,0,0,0,0,0,0,0,0,0,0,0,0,0,0,0,0,0,0,0,0,302,16148,0,0,0,0
50875.797,16662,60,0,0,0,0,0,8,44041,44,53,0,0,0,0,0,0,0,0,0,0,0,0,0,0,0,0,0,0,0,0,0,0,332,17640,0,0,0,0
50892.998,17200,58,0,0,0,0,0,8,43835,44,53,0,0,0,0,0,0,0,0,0,0,0,0,0,0,0,0,0,0,0,0,0,0,329,15868,0,0,0,0
50909.057,16059,62,0,0,0,0,0,8,43720,44,53,0,0,0,0,0,0,0,0,0,0,0,0,0,0,0,0,0,0,0,0,0,0,351,17669,0,0,0,0
50925.969,16912,59,0,0,0,0,0,8,44853,44,53,0,0,0,0,0,0,0,0,0,0,0,0,0,0,0,0,0,0,0,0,0,0,311,15925,0,0,0,0
50941.986,16016,62,0,0,0,0,0,8,45515,44,53,0,0,0,0,0,0,0,0,0,0,0,0,0,0,0,0,0,0,0,0,0,0,350,17347,0,0,0,0
50959.109,17122,58,0,0,0,0,0,8,45059,44,53,0,0,0,0,0,0,0,0,0,0,0,0,0,0,0,0,0,0,0,0,0,0,311,15730,0,0,0,0
50975.971,16862,59,0,0,0,0,0,8,45500,44,53,0,0,0,0,0,0,0,0,0,0,0,0,0,0,0,0,0,0,0,0,0,0,322,17237,0,0,0,0
50992.319,16348,61,0,0,0,0,0,8,45435,44,53,0,0,0,0,0,0,0,0,0,0,0,0,0,0,0,0,0,0,0,0,0,0,304,15531,0,0,0,0
51008.983,16663,60,0,0,0,0,0,8,46099,44,53,0,0,0,0,0,0,0,0,0,0,0,0,0,0,0,0,0,0,0,0,0,0,348,17631,0,0,0,0
51025.373,16390,61,0,0,0,0,0,8,45659,44,53,0,0,0,0,0,0,0,0,0,0,0,0,0,0,0,0,0,0,0,0,0,0,307,16865,0,0,0,0
51042.971,17598,56,0,0,0,0,0,8,45733,44,53,0,0,0,0,0,0,0,0,0,0,0,0,0,0,0,0,0,0,0,0,0,0,310,16318,0,0,0,0
51059.085,16113,62,0,0,0,0,0,8,44457,44,53,0,0,0,0,0,0,0,0,0,0,0,0,0,0,0,0,0,0,0,0,0,0,308,17328,0,0,0,0
51075.542,16456,60,0,0,0,0,0,8,44058,44,53,0,0,0,0,0,0,0,0,0,0,0,0,0,0,0,0,0,0,0,0,0,0,325,16141,0,0,0,0
51092.278,16736,59,0,0,0,0,0,8,44376,44,53,0,0,0,0,0,0,0,0,0,0,0,0,0,0,0,0,0,0,0,0,0,0,311,16203,0,0,0,0
51108.694,16415,60,0,0,0,0,0,8,44317,44,53,0,0,0,0,0,0,0,0,0,0,0,0,0,0,0,0,0,0,0,0,0,0,325,16853,0,0,0,0
51125.670,16976,58,0,0,0,0,0,8,44360,44,53,0,0,0,0,0,0,0,0,0,0,0,0,0,0,0,0,0,0,0,0,0,0,330,16719,0,0,0,0
51142.522,16852,59,0,0,0,0,0,8,44647,44,53,0,0,0,0,0,0,0,0,0,0,0,0,0,0,0,0,0,0,0,0,0,0,316,16480,0,0,0,0
51159.022,16499,60,0,0,0,0,0,8,44613,44,53,0,0,0,0,0,0,0,0,0,0,0,0,0,0,0,0,0,0,0,0,0,0,330,17555,0,0,0,0
51175.330,16308,61,0,0,0,0,0,8,44753,44,53,0,0,0,0,0,0,0,0,0,0,0,0,0,0,0,0,0,0,0,0,0,0,307,15985,0,0,0,0
51192.081,16750,59,0,0,0,0,0,8,44655,44,53,0,0,0,0,0,0,0,0,0,0,0,0,0,0,0,0,0,0,0,0,0,0,307,16284,0,0,0,0
51208.279,16198,61,0,0,0,0,0,8,44853,44,53,0,0,0,0,0,0,0,0,0,0,0,0,0,0,0,0,0,0,0,0,0,0,335,16763,0,0,0,0
51225.627,17348,57,0,0,0,0,0,8,45195,44,53,0,0,0,0,0,0,0,0,0,0,0,0,0,0,0,0,0,0,0,0,0,0,321,16194,0,0,0,0
51242.242,16615,60,0,0,0,0,0,8,45629,44,53,0,0,0,0,0,0,0,0,0,0,0,0,0,0,0,0,0,0,0,0,0,0,341,17549,0,0,0,0
51258.633,16390,61,0,0,0,0,0,8,47149,44,53,0,0,0,0,0,0,0,0,0,0,0,0,0,0,0,0,0,0,0,0,0,0,321,16470,0,0,0,0
51275.661,17027,58,0,0,0,0,0,8,47107,44,53,0,0,0,0,0,0,0,0,0,0,0,0,0,0,0,0,0,0,0,0,0,0,323,16982,0,0,0,0
51292.432,16771,59,0,0,0,0,0,8,47797,44,53,0,0,0,0,0,0,0,0,0,0,0,0,0,0,0,0,0,0,0,0,0,0,317,16868,0,0,0,0
51309.046,16614,60,0,0,0,0,0,8,47682,44,53,0,0,0,0,0,0,0,0,0,0,0,0,0,0,0,0,0,0,0,0,0,0,311,16399,0,0,0,0
51325.452,16405,60,0,0,0,0,0,8,47708,44,53,0,0,0,0,0,0,0,0,0,0,0,0,0,0,0,0,0,0,0,0,0,0,327,16965,0,0,0,0
51342.030,16578,60,0,0,0,0,0,8,47867,44,53,0,0,0,0,0,0,0,0,0,0,0,0,0,0,0,0,0,0,0,0,0,0,294,15924,0,0,0,0
51359.212,17181,58,0,0,0,0,0,8,47492,44,53,0,0,0,0,0,0,0,0,0,0,0,0,0,0,0,0,0,0,0,0,0,0,325,16524,0,0,0,0
51375.611,16398,60,0,0,0,0,0,8,47643,44,53,0,0,0,0,0,0,0,0,0,0,0,0,0,0,0,0,0,0,0,0,0,0,356,17939,0,0,0,0
51392.970,17359,57,0,0,0,0,0,8,47480,44,53,0,0,0,0,0,0,0,0,0,0,0,0,0,0,0,0,0,0,0,0,0,0,339,16012,0,0,0,0
51408.659,15689,63,0,0,0,0,0,8,47748,44,53,0,0,0,0,0,0,0,0,0,0,0,0,0,0,0,0,0,0,0,0,0,0,322,17232,0,0,0,0
51424.994,16335,61,0,0,0,0,0,8,47579,44,53,0,0,0,0,0,0,0,0,0,0,0,0,0,0,0,0,0,0,0,0,0,0,307,15859,0,0,0,0
51442.973,17978,55,0,0,0,0,0,8,47237,44,53,0,0,0,0,0,0,0,0,0,0,0,0,0,0,0,0,0,0,0,0,0,0,313,15848,0,0,0,0
51458.657,15684,63,0,0,0,0,0,8,47840,44,53,0,0,0,0,0,0,0,0,0,0,0,0,0,0,0,0,0,0,0,0,0,0,330,18377,0,0,0,0
51475.972,17315,57,0,0,0,0,0,8,47347,44,53,0,0,0,0,0,0,0,0,0,0,0,0,0,0,0,0,0,0,0,0,0,0,315,15667,0,0,0,0
51492.026,16053,62,0,0,0,0,0,8,47339,44,53,0,0,0,0,0,0,0,0,0,0,0,0,0,0,0,0,0,0,0,0,0,0,328,17283,0,0,0,0
51509.090,17063,58,0,0,0,0,0,8,47184,44,53,0,0,0,0,0,0,0,0,0,0,0,0,0,0,0,0,0,0,0,0,0,0,326,16143,0,0,0,0
51525.819,16729,59,0,0,0,0,0,8,45458,44,53,0,0,0,0,0,0,0,0,0,0,0,0,0,0,0,0,0,0,0,0,0,0,322,16975,0,0,0,0
51542.117,16298,61,0,0,0,0,0,8,45876,44,53,0,0,0,0,0,0,0,0,0,0,0,0,0,0,0,0,0,0,0,0,0,0,312,16475,0,0,0,0
51558.998,16880,59,0,0,0,0,0,8,45361,44,53,0,0,0,0,0,0,0,0,0,0,0,0,0,0,0,0,0,0,0,0,0,0,344,16670,0,0,0,0
51575.568,16570,60,0,0,0,0,0,8,44866,44,53,0,0,0,0,0,0,0,0,0,0,0,0,0,0,0,0,0,0,0,0,0,0,304,16690,0,0,0,0
51592.054,16486,60,0,0,0,0,0,8,45021,44,53,0,0,0,0,0,0,0,0,0,0,0,0,0,0,0,0,0,0,0,0,0,0,292,16491,0,0,0,0
51608.703,16648,60,0,0,0,0,0,8,44848,44,53,0,0,0,0,0,0,0,0,0,0,0,0,0,0,0,0,0,0,0,0,0,0,330,16356,0,0,0,0
51625.314,16611,60,0,0,0,0,0,8,44998,44,53,0,0,0,0,0,0,0,0,0,0,0,0,0,0,0,0,0,0,0,0,0,0,313,16652,0,0,0,0
51641.953,16639,60,0,0,0,0,0,8,44972,44,53,0,0,0,0,0,0,0,0,0,0,0,0,0,0,0,0,0,0,0,0,0,0,333,17395,0,0,0,0
51659.002,17048,58,0,0,0,0,0,8,44474,44,53,0,0,0,0,0,0,0,0,0,0,0,0,0,0,0,0,0,0,0,0,0,0,297,15818,0,0,0,0
51675.656,16653,60,0,0,0,0,0,8,44636,44,53,0,0,0,0,0,0,0,0,0,0,0,0,0,0,0,0,0,0,0,0,0,0,323,17602,0,0,0,0
51692.482,16826,59,0,0,0,0,0,8,44451,44,53,0,0,0,0,0,0,0,0,0,0,0,0,0,0,0,0,0,0,0,0,0,0,318,16581,0,0,0,0
51709.138,16656,60,0,0,0,0,0,8,44689,44,53,0,0,0,0,0,0,0,0,0,0,0,0,0,0,0,0,0,0,0,0,0,0,315,16969,0,0,0,0
51725.469,16331,61,0,0,0,0,0,8,43801,44,53,0,0,0,0,0,0,0,0,0,0,0,0,0,0,0,0,0,0,0,0,0,0,312,16232,0,0,0,0
51742.969,17499,57,0,0,0,0,0,8,43495,44,53,0,0,0,0,0,0,0,0,0,0,0,0,0,0,0,0,0,0,0,0,0,0,317,16182,0,0,0,0
51758.997,16027,62,0,0,0,0,0,8,43370,44,53,0,0,0,0,0,0,0,0,0,0,0,0,0,0,0,0,0,0,0,0,0,0,324,18066,0,0,0,0
51775.648,16651,60,0,0,0,0,0,8,43763,44,53,0,0,0,0,0,0,0,0,0,0,0,0,0,0,0,0,0,0,0,0,0,0,297,15554,0,0,0,0
51792.097,16449,60,0,0,0,0,0,8,45265,44,53,0,0,0,0,0,0,0,0,0,0,0,0,0,0,0,0,0,0,0,0,0,0,305,16722,0,0,0,0
51808.684,16586,60,0,0,0,0,0,8,47085,44,53,0,0,0,0,0,0,0,0,0,0,0,0,0,0,0,0,0,0,0,0,0,0,335,16595,0,0,0,0
51825.717,17033,58,0,0,0,0,0,8,46835,44,53,0,0,0,0,0,0,0,0,0,0,0,0,0,0,0,0,0,0,0,0,0,0,315,16414,0,0,0,0
51842.479,16762,59,0,0,0,0,0,8,46895,44,53,0,0,0,0,0,0,0,0,0,0,0,0,0,0,0,0,0,0,0,0,0,0,304,17042,0,0,0,0
51858.638,16158,61,0,0,0,0,0,8,47656,44,53,0,0,0,0,0,0,0,0,0,0,0,0,0,0,0,0,0,0,0,0,0,0,318,17233,0,0,0,0
51875.467,16829,59,0,0,0,0,0,8,47727,44,53,0,0,0,0,0,0,0,0,0,0,0,0,0,0,0,0,0,0,0,0,0,0,314,16233,0,0,0,0
51892.963,17496,57,0,0,0,0,0,8,47606,44,53,0,0,0,0,0,0,0,0,0,0,0,0,0,0,0,0,0,0,0,0,0,0,327,16233,0,0,0,0
51909.040,16076,62,0,0,0,0,0,8,47958,44,53,0,0,0,0,0,0,0,0,0,0,0,0,0,0,0,0,0,0,0,0,0,0,337,18277,0,0,0,0
51925.019,15979,62,0,0,0,0,0,8,47511,44,53,0,0,0,0,0,0,0,0,0,0,0,0,0,0,0,0,0,0,0,0,0,0,298,15115,0,0,0,0
51942.033,17014,58,0,0,0,0,0,8,47131,44,53,0,0,0,0,0,0,0,0,0,0,0,0,0,0,0,0,0,0,0,0,0,0,323,16814,0,0,0,0
51959.480,17446,57,0,0,0,0,0,8,47085,44,53,0,0,0,0,0,0,0,0,0,0,0,0,0,0,0,0,0,0,0,0,0,0,334,16345,0,0,0,0
51975.184,15704,63,0,0,0,0,0,8,47278,44,53,0,0,0,0,0,0,0,0,0,0,0,0,0,0,0,0,0,0,0,0,0,0,331,17678,0,0,0,0
51991.759,16574,60,0,0,0,0,0,8,47059,44,53,0,0,0,0,0,0,0,0,0,0,0,0,0,0,0,0,0,0,0,0,0,0,350,15617,0,0,0,0
52008.683,16924,59,0,0,0,0,0,8,47269,44,53,0,0,0,0,0,0,0,0,0,0,0,0,0,0,0,0,0,0,0,0,0,0,318,16552,0,0,0,0
52025.958,17275,57,0,0,0,0,0,8,46828,44,53,0,0,0,0,0,0,0,0,0,0,0,0,0,0,0,0,0,0,0,0,0,0,314,16817,0,0,0,0
52042.230,16272,61,0,0,0,0,0,8,47080,44,53,0,0,0,0,0,0,0,0,0,0,0,0,0,0,0,0,0,0,0,0,0,0,329,17330,0,0,0,0
52058.954,16723,59,0,0,0,0,0,8,46863,44,53,0,0,0,0,0,0,0,0,0,0,0,0,0,0,0,0,0,0,0,0,0,0,321,16008,0,0,0,0
52075.091,16137,61,0,0,0,0,0,8,45180,44,53,0,0,0,0,0,0,0,0,0,0,0,0,0,0,0,0,0,0,0,0,0,0,349,18090,0,0,0,0
52092.096,17004,58,0,0,0,0,0,8,45510,44,53,0,0,0,0,0,0,0,0,0,0,0,0,0,0,0,0,0,0,0,0,0,0,322,14999,0,0,0,0
52109.169,17073,58,0,0,0,0,0,8,47740,44,53,0,0,0,0,0,0,0,0,0,0,0,0,0,0,0,0,0,0,0,0,0,0,324,17388,0,0,0,0
52125.469,16299,61,0,0,0,0,0,8,46544,44,53,0,0,0,0,0,0,0,0,0,0,0,0,0,0,0,0,0,0,0,0,0,0,342,17205,0,0,0,0
52142.404,16935,59,0,0,0,0,0,8,46812,44,53,0,0,0,0,0,0,0,0,0,0,0,0,0,0,0,0,0,0,0,0,0,0,314,15671,0,0,0,0
52159.103,16699,59,0,0,0,0,0,8,46336,44,53,0,0,0,0,0,0,0,0,0,0,0,0,0,0,0,0,0,0,0,0,0,0,336,17052,0,0,0,0
52175.673,16570,60,0,0,0,0,0,8,46647,44,53,0,0,0,0,0,0,0,0,0,0,0,0,0,0,0,0,0,0,0,0,0,0,307,16705,0,0,0,0
52192.526,16852,59,0,0,0,0,0,8,46775,44,53,0,0,0,0,0,0,0,0,0,0,0,0,0,0,0,0,0,0,0,0,0,0,334,16867,0,0,0,0
52208.763,16237,61,0,0,0,0,0,8,780,44,53,0,0,0,0,0,0,0,0,0,0,0,0,0,0,0,0,0,0,0,0,0,0,0,0,0,0,0,0
52754.979,546215,1,0,0,0,1,0,8,112668,107,53,0,0,0,0,0,0,0,0,0,0,0,0,0,0,0,0,0,0,0,0,0,0,448,572956,0,0,0,0
52766.993,12014,83,0,0,0,0,0,8,122713,44,53,0,0,0,0,0,0,0,0,0,0,0,0,0,0,0,0,0,0,0,0,0,0,220,6532,0,0,0,0
52783.987,16993,58,0,0,0,0,0,8,69644,44,53,0,0,0,0,0,0,0,0,0,0,0,0,0,0,0,0,0,0,0,0,0,0,490,19219,0,0,0,0
52800.626,16638,60,0,0,0,0,0,8,65186,44,53,0,0,0,0,0,0,0,0,0,0,0,0,0,0,0,0,0,0,0,0,0,0,281,10752,0,0,0,0
52817.978,17351,57,0,0,0,0,0,8,63362,44,53,0,0,0,0,0,0,0,0,0,0,0,0,0,0,0,0,0,0,0,0,0,0,316,16099,0,0,0,0
52833.741,15763,63,0,0,0,0,0,8,64432,44,53,0,0,0,0,0,0,0,0,0,0,0,0,0,0,0,0,0,0,0,0,0,0,343,18052,0,0,0,0
52850.634,16892,59,0,0,0,0,0,8,62849,44,53,0,0,0,0,0,0,0,0,0,0,0,0,0,0,0,0,0,0,0,0,0,0,295,15131,0,0,0,0
52867.431,16796,59,0,0,0,0,0,8,62136,44,53,0,0,0,0,0,0,0,0,0,0,0,0,0,0,0,0,0,0,0,0,0,0,325,17271,0,0,0,0
52883.768,16337,61,0,0,0,0,0,8,62311,44,53,0,0,0,0,0,0,0,0,0,0,0,0,0,0,0,0,0,0,0,0,0,0,298,16312,0,0,0,0
52900.466,16698,59,0,0,0,0,0,8,62079,44,53,0,0,0,0,0,0,0,0,0,0,0,0,0,0,0,0,0,0,0,0,0,0,327,16568,0,0,0,0
52917.199,16732,59,0,0,0,0,0,8,62759,44,53,0,0,0,0,0,0,0,0,0,0,0,0,0,0,0,0,0,0,0,0,0,0,321,17010,0,0,0,0
52933.461,16262,61,0,0,0,0,0,8,61659,44,53,0,0,0,0,0,0,0,0,0,0,0,0,0,0,0,0,0,0,0,0,0,0,328,17165,0,0,0,0
52950.557,17096,58,0,0,0,0,0,8,61372,44,53,0,0,0,0,0,0,0,0,0,0,0,0,0,0,0,0,0,0,0,0,0,0,295,15839,0,0,0,0
52967.683,17126,58,0,0,0,0,0,8,61139,44,53,0,0,0,0,0,0,0,0,0,0,0,0,0,0,0,0,0,0,0,0,0,0,324,16964,0,0,0,0
52984.088,16405,60,0,0,0,0,0,8,61208,44,53,0,0,0,0,0,0,0,0,0,0,0,0,0,0,0,0,0,0,0,0,0,0,323,17264,0,0,0,0
53000.403,16314,61,0,0,0,0,0,8,60304,44,53,0,0,0,0,0,0,0,0,0,0,0,0,0,0,0,0,0,0,0,0,0,0,345,16298,0,0,0,0
53017.199,16795,59,0,0,0,0,0,8,58990,44,53,0,0,0,0,0,0,0,0,0,0,0,0,0,0,0,0,0,0,0,0,0,0,327,16200,0,0,0,0
53033.955,16756,59,0,0,0,0,0,8,59013,44,53,0,0,0,0,0,0,0,0,0,0,0,0,0,0,0,0,0,0,0,0,0,0,331,18058,0,0,0,0
53050.549,16593,60,0,0,0,0,0,8,58906,44,53,0,0,0,0,0,0,0,0,0,0,0,0,0,0,0,0,0,0,0,0,0,0,288,13934,0,0,0,0
53067.148,16599,60,0,0,0,0,0,8,59033,44,53,0,0,0,0,0,0,0,0,0,0,0,0,0,0,0,0,0,0,0,0,0,0,304,17719,0,0,0,0
53083.681,16533,60,0,0,0,0,0,8,59268,44,53,0,0,0,0,0,0,0,0,0,0,0,0,0,0,0,0,0,0,0,0,0,0,317,17203,0,0,0,0
53100.324,16643,60,0,0,0,0,0,8,58289,44,53,0,0,0,0,0,0,0,0,0,0,0,0,0,0,0,0,0,0,0,0,0,0,339,15719,0,0,0,0
53116.984,16659,60,0,0,0,0,0,8,58448,44,53,0,0,0,0,0,0,0,0,0,0,0,0,0,0,0,0,0,0,0,0,0,0,315,17006,0,0,0,0
53134.343,17359,57,0,0,0,0,0,8,58517,44,53,0,0,0,0,0,0,0,0,0,0,0,0,0,0,0,0,0,0,0,0,0,0,308,16614,0,0,0,0
53150.550,16197,61,0,0,0,0,0,8,58835,44,53,0,0,0,0,0,0,0,0,0,0,0,0,0,0,0,0,0,0,0,0,0,0,312,17418,0,0,0,0
53167.516,16975,58,0,0,0,0,0,8,59025,44,53,0,0,0,0,0,0,0,0,0,0,0,0,0,0,0,0,0,0,0,0,0,0,311,16362,0,0,0,0
53183.949,16433,60,0,0,0,0,0,8,58809,44,53,0,0,0,0,0,0,0,0,0,0,0,0,0,0,0,0,0,0,0,0,0,0,316,16983,0,0,0,0
53200.743,16794,59,0,0,0,0,0,8,59539,44,53,0,0,0,0,0,0,0,0,0,0,0,0,0,0,0,0,0,0,0,0,0,0,334,16299,0,0,0,0
53217.965,17221,58,0,0,0,0,0,8,58007,44,53,0,0,0,0,0,0,0,0,0,0,0,0,0,0,0,0,0,0,0,0,0,0,328,16946,0,0,0,0
53233.954,15989,62,0,0,0,0,0,8,58288,44,53,0,0,0,0,0,0,0,0,0,0,0,0,0,0,0,0,0,0,0,0,0,0,295,15991,0,0,0,0
53250.567,16613,60,0,0,0,0,0,8,58988,44,53,0,0,0,0,0,0,0,0,0,0,0,0,0,0,0,0,0,0,0,0,0,0,323,16281,0,0,0,0
53267.055,16487,60,0,0,0,0,0,8,58564,44,53,0,0,0,0,0,0,0,0,0,0,0,0,0,0,0,0,0,0,0,0,0,0,304,17861,0,0,0,0
53284.082,17027,58,0,0,0,0,0,8,59022,44,53,0,0,0,0,0,0,0,0,0,0,0,0,0,0,0,0,0,0,0,0,0,0,317,15773,0,0,0,0
53300.367,16284,61,0,0,0,0,0,8,59170,44,53,0,0,0,0,0,0,0,0,0,0,0,0,0,0,0,0,0,0,0,0,0,0,316,17078,0,0,0,0
53317.207,16840,59,0,0,0,0,0,8,59099,44,53,0,0,0,0,0,0,0,0,0,0,0,0,0,0,0,0,0,0,0,0,0,0,321,16546,0,0,0,0
53333.952,16745,59,0,0,0,0,0,8,59577,44,53,0,0,0,0,0,0,0,0,0,0,0,0,0,0,0,0,0,0,0,0,0,0,321,16140,0,0,0,0
53350.477,16524,60,0,0,0,0,0,8,59270,44,53,0,0,0,0,0,0,0,0,0,0,0,0,0,0,0,0,0,0,0,0,0,0,321,16150,0,0,0,0
53367.077,16599,60,0,0,0,0,0,8,59549,44,53,0,0,0,0,0,0,0,0,0,0,0,0,0,0,0,0,0,0,0,0,0,0,350,17934,0,0,0,0
53384.089,17012,58,0,0,0,0,0,8,59451,44,53,0,0,0,0,0,0,0,0,0,0,0,0,0,0,0,0,0,0,0,0,0,0,343,16057,0,0,0,0
53400.713,16623,60,0,0,0,0,0,8,59590,44,53,0,0,0,0,0,0,0,0,0,0,0,0,0,0,0,0,0,0,0,0,0,0,329,16964,0,0,0,0
53417.423,16710,59,0,0,0,0,0,8,59174,44,53,0,0,0,0,0,0,0,0,0,0,0,0,0,0,0,0,0,0,0,0,0,0,314,16580,0,0,0,0
53433.249,15826,63,0,0,0,0,0,8,59039,44,53,0,0,0,0,0,0,0,0,0,0,0,0,0,0,0,0,0,0,0,0,0,0,312,16634,0,0,0,0
53450.459,17210,58,0,0,0,0,0,8,59537,44,53,0,0,0,0,0,0,0,0,0,0,0,0,0,0,0,0,0,0,0,0,0,0,326,16028,0,0,0,0
53467.081,16621,60,0,0,0,0,0,8,60875,44,53,0,0,0,0,0,0,0,0,0,0,0,0,0,0,0,0,0,0,0,0,0,0,317,17674,0,0,0,0
53484.125,17044,58,0,0,0,0,0,8,60907,44,53,0,0,0,0,0,0,0,0,0,0,0,0,0,0,0,0,0,0,0,0,0,0,317,16833,0,0,0,0
53500.494,16368,61,0,0,0,0,0,8,60923,44,53,0,0,0,0,0,0,0,0,0,0,0,0,0,0,0,0,0,0,0,0,0,0,327,16784,0,0,0,0
53516.808,16313,61,0,0,0,0,0,8,60312,44,53,0,0,0,0,0,0,0,0,0,0,0,0,0,0,0,0,0,0,0,0,0,0,320,15727,0,0,0,0
53533.950,17143,58,0,0,0,0,0,8,60516,44,53,0,0,0,0,0,0,0,0,0,0,0,0,0,0,0,0,0,0,0,0,0,0,324,16906,0,0,0,0
53550.731,16781,59,0,0,0,0,0,8,60512,44,53,0,0,0,0,0,0,0,0,0,0,0,0,0,0,0,0,0,0,0,0,0,0,311,15956,0,0,0,0
53567.320,16589,60,0,0,0,0,0,8,59720,44,53,0,0,0,0,0,0,0,0,0,0,0,0,0,0,0,0,0,0,0,0,0,0,308,17799,0,0,0,0
53583.844,16523,60,0,0,0,0,0,8,60240,44,53,0,0,0,0,0,0,0,0,0,0,0,0,0,0,0,0,0,0,0,0,0,0,333,16693,0,0,0,0
53600.326,16482,60,0,0,0,0,0,8,59404,44,53,0,0,0,0,0,0,0,0,0,0,0,0,0,0,0,0,0,0,0,0,0,0,312,16509,0,0,0,0
53617.324,16998,58,0,0,0,0,0,8,58297,44,53,0,0,0,0,0,0,0,0,0,0,0,0,0,0,0,0,0,0,0,0,0,0,305,16528,0,0,0,0
53633.943,16619,60,0,0,0,0,0,8,58977,44,53,0,0,0,0,0,0,0,0,0,0,0,0,0,0,0,0,0,0,0,0,0,0,332,16875,0,0,0,0
53650.305,16362,61,0,0,0,0,0,8,58110,44,53,0,0,0,0,0,0,0,0,0,0,0,0,0,0,0,0,0,0,0,0,0,0,313,15546,0,0,0,0
53667.945,17639,56,0,0,0,0,0,8,57515,44,53,0,0,0,0,0,0,0,0,0,0,0,0,0,0,0,0,0,0,0,0,0,0,316,17468,0,0,0,0
53684.077,16132,61,0,0,0,0,0,8,57530,44,53,0,0,0,0,0,0,0,0,0,0,0,0,0,0,0,0,0,0,0,0,0,0,327,17807,0,0,0,0
53700.515,16437,60,0,0,0,0,0,8,58647,44,53,0,0,0,0,0,0,0,0,0,0,0,0,0,0,0,0,0,0,0,0,0,0,306,16004,0,0,0,0
53717.962,17447,57,0,0,0,0,0,8,57926,44,53,0,0,0,0,0,0,0,0,0,0,0,0,0,0,0,0,0,0,0,0,0,0,361,16245,0,0,0,0
53733.952,15990,62,0,0,0,0,0,8,55687,44,53,0,0,0,0,0,0,0,0,0,0,0,0,0,0,0,0,0,0,0,0,0,0,327,16253,0,0,0,0
53750.748,16795,59,0,0,0,0,0,8,55436,44,53,0,0,0,0,0,0,0,0,0,0,0,0,0,0,0,0,0,0,0,0,0,0,333,16192,0,0,0,0
53767.939,17191,58,0,0,0,0,0,8,56496,44,53,0,0,0,0,0,0,0,0,0,0,0,0,0,0,0,0,0,0,0,0,0,0,653,18135,0,0,0,0
53783.655,15715,63,0,0,0,0,0,8,55971,44,53,0,0,0,0,0,0,0,0,0,0,0,0,0,0,0,0,0,0,0,0,0,0,338,17359,0,0,0,0
53801.488,17833,56,0,0,0,0,0,8,55818,44,53,0,0,0,0,0,0,0,0,0,0,0,0,0,0,0,0,0,0,0,0,0,0,328,14945,0,0,0,0
53817.537,16049,62,0,0,0,0,0,8,56006,44,53,0,0,0,0,0,0,0,0,0,0,0,0,0,0,0,0,0,0,0,0,0,0,404,18218,0,0,0,0
53833.806,16268,61,0,0,0,0,0,8,59119,44,53,0,0,0,0,0,0,0,0,0,0,0,0,0,0,0,0,0,0,0,0,0,0,321,15927,0,0,0,0
53851.463,17657,56,0,0,0,0,0,8,60361,44,53,0,0,0,0,0,0,0,0,0,0,0,0,0,0,0,0,0,0,0,0,0,0,845,16738,0,0,0,0
53867.961,16497,60,0,0,0,0,0,8,59848,44,53,0,0,0,0,0,0,0,0,0,0,0,0,0,0,0,0,0,0,0,0,0,0,311,17507,0,0,0,0
53883.743,15782,63,0,0,0,0,0,8,60130,44,53,0,0,0,0,0,0,0,0,0,0,0,0,0,0,0,0,0,0,0,0,0,0,301,16325,0,0,0,0
53900.526,16783,59,0,0,0,0,0,8,59333,44,53,0,0,0,0,0,0,0,0,0,0,0,0,0,0,0,0,0,0,0,0,0,0,328,15985,0,0,0,0
53917.616,17089,58,0,0,0,0,0,8,58416,44,53,0,0,0,0,0,0,0,0,0,0,0,0,0,0,0,0,0,0,0,0,0,0,318,16928,0,0,0,0
53933.796,16179,61,0,0,0,0,0,8,58473,44,53,0,0,0,0,0,0,0,0,0,0,0,0,0,0,0,0,0,0,0,0,0,0,418,16717,0,0,0,0
53950.296,16500,60,0,0,0,0,0,8,59458,44,53,0,0,0,0,0,0,0,0,0,0,0,0,0,0,0,0,0,0,0,0,0,0,309,16097,0,0,0,0
53967.309,17013,58,0,0,0,1,0,8,60495,44,53,0,0,0,0,0,0,0,0,0,0,0,0,0,0,0,0,0,0,0,0,0,0,321,16888,0,0,0,0
53983.941,16632,60,0,0,0,0,0,8,60540,44,53,0,0,0,0,0,0,0,0,0,0,0,0,0,0,0,0,0,0,0,0,0,0,409,16319,0,0,0,0
54000.701,16759,59,0,0,0,0,0,8,60561,44,53,0,0,0,0,0,0,0,0,0,0,0,0,0,0,0,0,0,0,0,0,0,0,350,17472,0,0,0,0
54017.336,16635,60,0,0,0,0,0,8,60359,44,53,0,0,0,0,0,0,0,0,0,0,0,0,0,0,0,0,0,0,0,0,0,0,332,16111,0,0,0,0
54033.754,16418,60,0,0,0,0,0,8,61668,44,53,0,0,0,0,0,0,0,0,0,0,0,0,0,0,0,0,0,0,0,0,0,0,396,16661,0,0,0,0
54050.664,16909,59,0,0,0,0,0,8,60775,44,53,0,0,0,0,0,0,0,0,0,0,0,0,0,0,0,0,0,0,0,0,0,0,340,16330,0,0,0,0
54067.939,17275,57,0,0,0,0,0,8,61609,44,53,0,0,0,0,0,0,0,0,0,0,0,0,0,0,0,0,0,0,0,0,0,0,897,17480,0,0,0,0
54084.186,16247,61,0,0,0,0,0,8,63414,44,53,0,0,0,0,0,0,0,0,0,0,0,0,0,0,0,0,0,0,0,0,0,0,315,17570,0,0,0,0
54100.514,16327,61,0,0,0,0,0,8,63019,44,53,0,0,0,0,0,0,0,0,0,0,0,0,0,0,0,0,0,0,0,0,0,0,295,15472,0,0,0,0
54117.635,17120,58,0,0,0,0,0,8,490,44,53,0,0,0,0,0,0,0,0,0,0,0,0,0,0,0,0,0,0,0,0,0,0,0,0,0,0,0,0
54140.765,23130,43,0,0,0,0,0,8,65768,44,53,0,0,0,0,0,0,0,0,0,0,0,0,0,0,0,0,0,0,0,0,0,0,385,49783,0,0,0,0
54150.940,10175,98,0,0,0,0,0,8,108141,44,53,0,0,0,0,0,0,0,0,0,0,0,0,0,0,0,0,0,0,0,0,0,0,206,5964,0,0,0,0
54167.030,16089,62,0,0,0,0,0,8,77699,44,53,0,0,0,0,0,0,0,0,0,0,0,0,0,0,0,0,0,0,0,0,0,0,400,11399,0,0,0,0
54184.081,17051,58,0,0,0,0,0,8,62363,44,53,0,0,0,0,0,0,0,0,0,0,0,0,0,0,0,0,0,0,0,0,0,0,316,16000,0,0,0,0
54200.539,16457,60,0,0,0,0,0,8,62725,44,53,0,0,0,0,0,0,0,0,0,0,0,0,0,0,0,0,0,0,0,0,0,0,313,17150,0,0,0,0
54216.972,16432,60,0,0,0,0,0,8,62038,44,53,0,0,0,0,0,0,0,0,0,0,0,0,0,0,0,0,0,0,0,0,0,0,304,16148,0,0,0,0
54233.917,16945,59,0,0,0,0,0,8,62344,44,53,0,0,0,0,0,0,0,0,0,0,0,0,0,0,0,0,0,0,0,0,0,0,313,16525,0,0,0,0
54250.542,16624,60,0,0,0,0,0,8,59107,44,53,0,0,0,0,0,0,0,0,0,0,0,0,0,0,0,0,0,0,0,0,0,0,322,16708,0,0,0,0
54266.593,16050,62,0,0,0,0,0,8,58618,44,53,0,0,0,0,0,0,0,0,0,0,0,0,0,0,0,0,0,0,0,0,0,0,312,16940,0,0,0,0
54284.941,18348,54,0,0,0,0,0,8,58672,44,53,0,0,0,0,0,0,0,0,0,0,0,0,0,0,0,0,0,0,0,0,0,0,305,15922,0,0,0,0
54300.556,15615,64,0,0,0,0,0,8,58924,44,53,0,0,0,0,0,0,0,0,0,0,0,0,0,0,0,0,0,0,0,0,0,0,317,18658,0,0,0,0
54317.515,16957,58,0,0,0,0,0,8,58712,44,53,0,0,0,0,0,0,0,0,0,0,0,0,0,0,0,0,0,0,0,0,0,0,294,15242,0,0,0,0
54333.597,16082,62,0,0,0,0,0,8,58652,44,53,0,0,0,0,0,0,0,0,0,0,0,0,0,0,0,0,0,0,0,0,0,0,308,15974,0,0,0,0
54350.677,17080,58,0,0,0,0,0,8,57679,44,53,0,0,0,0,0,0,0,0,0,0,0,0,0,0,0,0,0,0,0,0,0,0,307,17281,0,0,0,0
54367.488,16812,59,0,0,0,0,0,8,57461,44,53,0,0,0,0,0,0,0,0,0,0,0,0,0,0,0,0,0,0,0,0,0,0,328,16715,0,0,0,0
54383.734,16245,61,0,0,0,0,0,8,57883,44,53,0,0,0,0,0,0,0,0,0,0,0,0,0,0,0,0,0,0,0,0,0,0,325,17309,0,0,0,0
54400.700,16966,58,0,0,0,0,0,8,57818,44,53,0,0,0,0,0,0,0,0,0,0,0,0,0,0,0,0,0,0,0,0,0,0,331,15720,0,0,0,0
54417.306,16606,60,0,0,0,0,0,8,57349,44,53,0,0,0,0,0,0,0,0,0,0,0,0,0,0,0,0,0,0,0,0,0,0,316,16765,0,0,0,0
54434.050,16743,59,0,0,0,0,0,8,57356,44,53,0,0,0,0,0,0,0,0,0,0,0,0,0,0,0,0,0,0,0,0,0,0,296,16656,0,0,0,0
54450.771,16721,59,0,0,0,0,0,8,57390,44,53,0,0,0,0,0,0,0,0,0,0,0,0,0,0,0,0,0,0,0,0,0,0,318,17151,0,0,0,0
54466.897,16126,62,0,0,0,0,0,8,57535,44,53,0,0,0,0,0,0,0,0,0,0,0,0,0,0,0,0,0,0,0,0,0,0,312,16631,0,0,0,0
54483.868,16970,58,0,0,0,0,0,8,58872,44,53,0,0,0,0,0,0,0,0,0,0,0,0,0,0,0,0,0,0,0,0,0,0,307,15854,0,0,0,0
54500.478,16610,60,0,0,0,0,0,8,57772,44,53,0,0,0,0,0,0,0,0,0,0,0,0,0,0,0,0,0,0,0,0,0,0,319,16782,0,0,0,0
54517.307,16829,59,0,0,0,0,0,8,57267,44,53,0,0,0,0,0,0,0,0,0,0,0,0,0,0,0,0,0,0,0,0,0,0,299,16968,0,0,0,0
54533.821,16513,60,0,0,0,0,0,8,57701,44,53,0,0,0,0,0,0,0,0,0,0,0,0,0,0,0,0,0,0,0,0,0,0,305,16807,0,0,0,0
54550.924,17103,58,0,0,0,0,0,8,57570,44,53,0,0,0,0,0,0,0,0,0,0,0,0,0,0,0,0,0,0,0,0,0,0,321,16348,0,0,0,0
54567.944,17019,58,0,0,0,0,0,8,57287,44,53,0,0,0,0,0,0,0,0,0,0,0,0,0,0,0,0,0,0,0,0,0,0,290,16492,0,0,0,0
54583.843,15898,62,0,0,0,0,0,8,56985,44,53,0,0,0,0,0,0,0,0,0,0,0,0,0,0,0,0,0,0,0,0,0,0,345,18205,0,0,0,0
54600.479,16636,60,0,0,0,0,0,8,56983,44,53,0,0,0,0,0,0,0,0,0,0,0,0,0,0,0,0,0,0,0,0,0,0,331,15657,0,0,0,0
54617.938,17459,57,0,0,0,0,0,8,56587,44,53,0,0,0,0,0,0,0,0,0,0,0,0,0,0,0,0,0,0,0,0,0,0,299,16349,0,0,0,0
54633.934,15995,62,0,0,0,0,0,8,56504,44,53,0,0,0,0,0,0,0,0,0,0,0,0,0,0,0,0,0,0,0,0,0,0,321,18148,0,0,0,0
54650.519,16585,60,0,0,0,0,0,8,56823,44,53,0,0,0,0,0,0,0,0,0,0,0,0,0,0,0,0,0,0,0,0,0,0,305,15798,0,0,0,0
54667.016,16496,60,0,0,0,0,0,8,56093,44,53,0,0,0,0,0,0,0,0,0,0,0,0,0,0,0,0,0,0,0,0,0,0,301,16143,0,0,0,0
54683.942,16926,59,0,0,0,0,0,8,56503,44,53,0,0,0,0,0,0,0,0,0,0,0,0,0,0,0,0,0,0,0,0,0,0,317,16778,0,0,0,0
54700.668,16725,59,0,0,0,0,0,8,56422,44,53,0,0,0,0,0,0,0,0,0,0,0,0,0,0,0,0,0,0,0,0,0,0,301,15974,0,0,0,0
54717.078,16410,60,0,0,0,0,0,8,56269,44,53,0,0,0,0,0,0,0,0,0,0,0,0,0,0,0,0,0,0,0,0,0,0,327,17615,0,0,0,0
54734.080,17001,58,0,0,0,0,0,8,56657,44,53,0,0,0,0,0,0,0,0,0,0,0,0,0,0,0,0,0,0,0,0,0,0,312,16381,0,0,0,0
54750.683,16603,60,0,0,0,0,0,8,55145,44,53,0,0,0,0,0,0,0,0,0,0,0,0,0,0,0,0,0,0,0,0,0,0,338,17652,0,0,0,0
54767.470,16787,59,0,0,0,0,0,8,55788,44,53,0,0,0,0,0,0,0,0,0,0,0,0,0,0,0,0,0,0,0,0,0,0,325,15896,0,0,0,0
54783.742,16271,61,0,0,0,0,0,8,55116,44,53,0,0,0,0,0,0,0,0,0,0,0,0,0,0,0,0,0,0,0,0,0,0,312,17258,0,0,0,0
54800.632,16890,59,0,0,0,0,0,8,55444,44,53,0,0,0,0,0,0,0,0,0,0,0,0,0,0,0,0,0,0,0,0,0,0,351,15702,0,0,0,0
54817.281,16649,60,0,0,0,0,0,8,55763,44,53,0,0,0,0,0,0,0,0,0,0,0,0,0,0,0,0,0,0,0,0,0,0,310,17159,0,0,0,0
54834.071,16789,59,0,0,0,0,0,8,55745,44,53,0,0,0,0,0,0,0,0,0,0,0,0,0,0,0,0,0,0,0,0,0,0,301,16421,0,0,0,0
54850.937,16866,59,0,0,0,0,0,8,55519,44,53,0,0,0,0,0,0,0,0,0,0,0,0,0,0,0,0,0,0,0,0,0,0,315,18280,0,0,0,0
54867.038,16100,62,0,0,0,0,0,8,54803,44,53,0,0,0,0,0,0,0,0,0,0,0,0,0,0,0,0,0,0,0,0,0,0,294,15650,0,0,0,0
54884.204,17167,58,0,0,0,0,0,8,54471,44,53,0,0,0,0,0,0,0,0,0,0,0,0,0,0,0,0,0,0,0,0,0,0,299,16030,0,0,0,0
54900.622,16417,60,0,0,0,0,0,8,55288,44,53,0,0,0,0,0,0,0,0,0,0,0,0,0,0,0,0,0,0,0,0,0,0,316,17523,0,0,0,0
54917.453,16831,59,0,0,0,0,0,8,54351,44,53,0,0,0,0,0,0,0,0,0,0,0,0,0,0,0,0,0,0,0,0,0,0,303,15543,0,0,0,0
54933.745,16291,61,0,0,0,0,0,8,54170,44,53,0,0,0,0,0,0,0,0,0,0,0,0,0,0,0,0,0,0,0,0,0,0,309,16839,0,0,0,0
54950.931,17185,58,0,0,0,0,0,8,53881,44,53,0,0,0,0,0,0,0,0,0,0,0,0,0,0,0,0,0,0,0,0,0,0,322,16658,0,0,0,0
54967.538,16606,60,0,0,0,0,0,8,53671,44,53,0,0,0,0,0,0,0,0,0,0,0,0,0,0,0,0,0,0,0,0,0,0,310,16430,0,0,0,0
54984.092,16554,60,0,0,0,0,0,8,55064,44,53,0,0,0,0,0,0,0,0,0,0,0,0,0,0,0,0,0,0,0,0,0,0,314,17736,0,0,0,0
55000.713,16621,60,0,0,0,0,0,8,53981,44,53,0,0,0,0,0,0,0,0,0,0,0,0,0,0,0,0,0,0,0,0,0,0,312,16384,0,0,0,0
55017.940,17227,58,0,0,0,0,0,8,53408,44,53,0,0,0,0,0,0,0,0,0,0,0,0,0,0,0,0,0,0,0,0,0,0,298,16305,0,0,0,0
55033.902,15962,62,0,0,0,0,0,8,53269,44,53,0,0,0,0,0,0,0,0,0,0,0,0,0,0,0,0,0,0,0,0,0,0,348,17361,0,0,0,0
55050.556,16653,60,0,0,0,0,0,8,52949,44,53,0,0,0,0,0,0,0,0,0,0,0,0,0,0,0,0,0,0,0,0,0,0,311,15536,0,0,0,0
55067.229,16673,59,0,0,0,0,0,8,53299,44,53,0,0,0,0,0,0,0,0,0,0,0,0,0,0,0,0,0,0,0,0,0,0,326,17115,0,0,0,0
55084.074,16835,59,0,0,0,0,0,8,53075,44,53,0,0,0,0,0,0,0,0,0,0,0,0,0,0,0,0,0,0,0,0,0,0,325,16276,0,0,0,0
55100.701,16637,60,0,0,0,0,0,8,53232,44,53,0,0,0,0,0,0,0,0,0,0,0,0,0,0,0,0,0,0,0,0,0,0,331,16910,0,0,0,0
55116.941,16239,61,0,0,0,0,0,8,52195,44,53,0,0,0,0,0,0,0,0,0,0,0,0,0,0,0,0,0,0,0,0,0,0,336,16395,0,0,0,0
55133.767,16825,59,0,0,0,0,0,8,52223,44,53,0,0,0,0,0,0,0,0,0,0,0,0,0,0,0,0,0,0,0,0,0,0,304,16411,0,0,0,0
55150.611,16844,59,0,0,0,0,0,8,52664,44,53,0,0,0,0,0,0,0,0,0,0,0,0,0,0,0,0,0,0,0,0,0,0,331,16834,0,0,0,0
55167.233,16622,60,0,0,0,0,0,8,52059,44,53,0,0,0,0,0,0,0,0,0,0,0,0,0,0,0,0,0,0,0,0,0,0,340,16746,0,0,0,0
55183.895,16661,60,0,0,0,0,0,8,52313,44,53,0,0,0,0,0,0,0,0,0,0,0,0,0,0,0,0,0,0,0,0,0,0,336,16630,0,0,0,0
55200.451,16555,60,0,0,0,0,0,8,52055,44,53,0,0,0,0,0,0,0,0,0,0,0,0,0,0,0,0,0,0,0,0,0,0,307,16398,0,0,0,0
55217.939,17487,57,0,0,0,0,0,8,51790,44,53,0,0,0,0,0,0,0,0,0,0,0,0,0,0,0,0,0,0,0,0,0,0,312,17091,0,0,0,0
55234.067,16128,62,0,0,0,0,0,8,52615,44,53,0,0,0,0,0,0,0,0,0,0,0,0,0,0,0,0,0,0,0,0,0,0,313,17397,0,0,0,0
55250.675,16607,60,0,0,0,0,0,8,52011,44,53,0,0,0,0,0,0,0,0,0,0,0,0,0,0,0,0,0,0,0,0,0,0,319,16129,0,0,0,0
55267.188,16513,60,0,0,0,0,0,8,51950,44,53,0,0,0,0,0,0,0,0,0,0,0,0,0,0,0,0,0,0,0,0,0,0,350,16642,0,0,0,0
55283.644,16456,60,0,0,0,0,0,8,51907,44,53,0,0,0,0,0,0,0,0,0,0,0,0,0,0,0,0,0,0,0,0,0,0,331,16346,0,0,0,0
55300.446,16802,59,0,0,0,0,0,8,51952,44,53,0,0,0,0,0,0,0,0,0,0,0,0,0,0,0,0,0,0,0,0,0,0,314,16327,0,0,0,0
55317.937,17490,57,0,0,0,0,0,8,52157,44,53,0,0,0,0,0,0,0,0,0,0,0,0,0,0,0,0,0,0,0,0,0,0,310,17113,0,0,0,0
55333.835,15898,62,0,0,0,0,0,8,51944,44,53,0,0,0,0,0,0,0,0,0,0,0,0,0,0,0,0,0,0,0,0,0,0,311,17267,0,0,0,0
55350.928,17093,58,0,0,0,0,0,8,51709,44,53,0,0,0,0,0,0,0,0,0,0,0,0,0,0,0,0,0,0,0,0,0,0,316,15799,0,0,0,0
55367.881,16952,58,0,0,0,0,0,8,51702,44,53,0,0,0,0,0,0,0,0,0,0,0,0,0,0,0,0,0,0,0,0,0,0,334,16535,0,0,0,0
55383.954,16072,62,0,0,0,0,0,8,51617,44,53,0,0,0,0,0,0,0,0,0,0,0,0,0,0,0,0,0,0,0,0,0,0,315,17501,0,0,0,0
55400.452,16499,60,0,0,0,0,0,8,52388,44,53,0,0,0,0,0,0,0,0,0,0,0,0,0,0,0,0,0,0,0,0,0,0,315,16129,0,0,0,0
55417.068,16615,60,0,0,0,0,0,8,52542,44,53,0,0,0,0,0,0,0,0,0,0,0,0,0,0,0,0,0,0,0,0,0,0,300,16320,0,0,0,0
55434.465,17396,57,0,0,0,0,0,8,52464,44,53,0,0,0,0,0,0,0,0,0,0,0,0,0,0,0,0,0,0,0,0,0,0,312,16722,0,0,0,0
55450.555,16090,62,0,0,0,0,0,8,52768,44,53,0,0,0,0,0,0,0,0,0,0,0,0,0,0,0,0,0,0,0,0,0,0,314,17903,0,0,0,0
55467.066,16510,60,0,0,0,0,0,8,52384,44,53,0,0,0,0,0,0,0,0,0,0,0,0,0,0,0,0,0,0,0,0,0,0,308,15281,0,0,0,0
55484.932,17865,55,0,0,0,0,0,8,52973,44,53,0,0,0,0,0,0,0,0,0,0,0,0,0,0,0,0,0,0,0,0,0,0,347,17035,0,0,0,0
55500.459,15527,64,0,0,0,0,0,8,52890,44,53,0,0,0,0,0,0,0,0,0,0,0,0,0,0,0,0,0,0,0,0,0,0,345,17958,0,0,0,0
55517.241,16781,59,0,0,0,0,0,8,52146,44,53,0,0,0,0,0,0,0,0,0,0,0,0,0,0,0,0,0,0,0,0,0,0,305,15074,0,0,0,0
55534.448,17207,58,0,0,0,0,0,8,52704,44,53,0,0,0,0,0,0,0,0,0,0,0,0,0,0,0,0,0,0,0,0,0,0,309,17136,0,0,0,0
55550.684,16235,61,0,0,0,0,0,8,52427,44,53,0,0,0,0,0,0,0,0,0,0,0,0,0,0,0,0,0,0,0,0,0,0,322,16943,0,0,0,0
55567.065,16381,61,0,0,0,0,0,8,52512,44,53,0,0,0,0,0,0,0,0,0,0,0,0,0,0,0,0,0,0,0,0,0,0,317,16309,0,0,0,0
55583.994,16928,59,0,0,0,0,0,8,51869,44,53,0,0,0,0,0,0,0,0,0,0,0,0,0,0,0,0,0,0,0,0,0,0,321,16559,0,0,0,0
55599.997,16002,62,0,0,0,0,0,8,52092,44,53,0,0,0,0,0,0,0,0,0,0,0,0,0,0,0,0,0,0,0,0,0,0,315,16659,0,0,0,0
55617.067,17070,58,0,0,0,0,0,8,52383,44,53,0,0,0,0,0,0,0,0,0,0,0,0,0,0,0,0,0,0,0,0,0,0,313,16085,0,0,0,0
55634.934,17867,55,0,0,0,0,0,8,51977,44,53,0,0,0,0,0,0,0,0,0,0,0,0,0,0,0,0,0,0,0,0,0,0,325,17452,0,0,0,0
55650.614,15679,63,0,0,0,0,0,8,52193,44,53,0,0,0,0,0,0,0,0,0,0,0,0,0,0,0,0,0,0,0,0,0,0,349,17697,0,0,0,0
55667.065,16450,60,0,0,0,0,0,8,51551,44,53,0,0,0,0,0,0,0,0,0,0,0,0,0,0,0,0,0,0,0,0,0,0,315,15389,0,0,0,0
55683.919,16854,59,0,0,0,0,0,8,50187,44,53,0,0,0,0,0,0,0,0,0,0,0,0,0,0,0,0,0,0,0,0,0,0,331,16753,0,0,0,0
55700.045,16125,62,0,0,0,0,0,8,50579,44,53,0,0,0,0,0,0,0,0,0,0,0,0,0,0,0,0,0,0,0,0,0,0,324,16820,0,0,0,0
55717.457,17412,57,0,0,0,0,0,8,50059,44,53,0,0,0,0,0,0,0,0,0,0,0,0,0,0,0,0,0,0,0,0,0,0,315,16132,0,0,0,0
55734.058,16601,60,0,0,0,0,0,8,50909,44,53,0,0,0,0,0,0,0,0,0,0,0,0,0,0,0,0,0,0,0,0,0,0,324,17280,0,0,0,0
55750.927,16868,59,0,0,0,0,0,8,49933,44,53,0,0,0,0,0,0,0,0,0,0,0,0,0,0,0,0,0,0,0,0,0,0,332,16402,0,0,0,0
55767.111,16183,61,0,0,0,0,0,8,50033,44,53,0,0,0,0,0,0,0,0,0,0,0,0,0,0,0,0,0,0,0,0,0,0,335,16264,0,0,0,0
55783.811,16699,59,0,0,0,0,0,8,50535,44,53,0,0,0,0,0,0,0,0,0,0,0,0,0,0,0,0,0,0,0,0,0,0,325,17273,0,0,0,0
55800.438,16626,60,0,0,0,0,0,8,50260,44,53,0,0,0,0,0,0,0,0,0,0,0,0,0,0,0,0,0,0,0,0,0,0,323,16171,0,0,0,0
55817.063,16625,60,0,0,0,0,0,8,50535,44,53,0,0,0,0,0,0,0,0,0,0,0,0,0,0,0,0,0,0,0,0,0,0,336,16796,0,0,0,0
55833.805,16742,59,0,0,0,0,0,8,50305,44,53,0,0,0,0,0,0,0,0,0,0,0,0,0,0,0,0,0,0,0,0,0,0,318,16454,0,0,0,0
55850.507,16702,59,0,0,0,0,0,8,50659,44,53,0,0,0,0,0,0,0,0,0,0,0,0,0,0,0,0,0,0,0,0,0,0,335,16945,0,0,0,0
55867.923,17415,57,0,0,0,0,0,8,50485,44,53,0,0,0,0,0,0,0,0,0,0,0,0,0,0,0,0,0,0,0,0,0,0,326,16879,0,0,0,0
55884.088,16164,61,0,0,0,0,0,8,51052,44,53,0,0,0,0,0,0,0,0,0,0,0,0,0,0,0,0,0,0,0,0,0,0,316,18006,0,0,0,0
55899.925,15837,63,0,0,0,0,0,8,53322,44,53,0,0,0,0,0,0,0,0,0,0,0,0,0,0,0,0,0,0,0,0,0,0,319,15937,0,0,0,0
55916.625,16700,59,0,0,0,0,0,8,54532,44,53,0,0,0,0,0,0,0,0,0,0,0,0,0,0,0,0,0,0,0,0,0,0,305,15046,0,0,0,0
55933.612,16986,58,0,0,0,0,0,8,55487,44,53,0,0,0,0,0,0,0,0,0,0,0,0,0,0,0,0,0,0,0,0,0,0,327,17550,0,0,0,0
55950.495,16883,59,0,0,0,0,0,8,54727,44,53,0,0,0,0,0,0,0,0,0,0,0,0,0,0,0,0,0,0,0,0,0,0,318,16474,0,0,0,0
55967.089,16593,60,0,0,0,0,0,8,54756,44,53,0,0,0,0,0,0,0,0,0,0,0,0,0,0,0,0,0,0,0,0,0,0,337,17577,0,0,0,0
55983.472,16382,61,0,0,0,0,0,8,55198,44,53,0,0,0,0,0,0,0,0,0,0,0,0,0,0,0,0,0,0,0,0,0,0,313,16923,0,0,0,0
55999.995,16523,60,0,0,0,0,0,8,55179,44,53,0,0,0,0,0,0,0,0,0,0,0,0,0,0,0,0,0,0,0,0,0,0,306,16150,0,0,0,0
56017.929,17933,55,0,0,0,0,0,8,54620,44,53,0,0,0,0,0,0,0,0,0,0,0,0,0,0,0,0,0,0,0,0,0,0,337,16149,0,0,0,0
56033.946,16016,62,0,0,0,0,0,8,54993,44,53,0,0,0,0,0,0,0,0,0,0,0,0,0,0,0,0,0,0,0,0,0,0,343,18033,0,0,0,0
56050.489,16542,60,0,0,0,0,0,8,55273,44,53,0,0,0,0,0,0,0,0,0,0,0,0,0,0,0,0,0,0,0,0,0,0,324,15385,0,0,0,0
56067.460,16971,58,0,0,0,0,0,8,55300,44,53,0,0,0,0,0,0,0,0,0,0,0,0,0,0,0,0,0,0,0,0,0,0,321,17355,0,0,0,0
56084.014,16554,60,0,0,0,0,0,8,55310,44,53,0,0,0,0,0,0,0,0,0,0,0,0,0,0,0,0,0,0,0,0,0,0,322,16128,0,0,0,0
56101.443,17428,57,0,0,0,0,0,8,54964,44,53,0,0,0,0,0,0,0,0,0,0,0,0,0,0,0,0,0,0,0,0,0,0,320,17320,0,0,0,0
56117.105,15661,63,0,0,0,0,0,8,55073,44,53,0,0,0,0,0,0,0,0,0,0,0,0,0,0,0,0,0,0,0,0,0,0,308,16913,0,0,0,0
56133.815,16710,59,0,0,0,0,0,8,55348,44,53,0,0,0,0,0,0,0,0,0,0,0,0,0,0,0,0,0,0,0,0,0,0,330,15872,0,0,0,0
56150.505,16689,59,0,0,0,0,0,8,55601,44,53,0,0,0,0,0,0,0,0,0,0,0,0,0,0,0,0,0,0,0,0,0,0,325,17215,0,0,0,0
56167.409,16903,59,0,0,0,0,0,8,53180,44,53,0,0,0,0,0,0,0,0,0,0,0,0,0,0,0,0,0,0,0,0,0,0,313,16362,0,0,0,0
56183.964,16555,60,0,0,0,0,0,8,53587,44,53,0,0,0,0,0,0,0,0,0,0,0,0,0,0,0,0,0,0,0,0,0,0,322,16773,0,0,0,0
56200.526,16561,60,0,0,0,0,0,8,53574,44,53,0,0,0,0,0,0,0,0,0,0,0,0,0,0,0,0,0,0,0,0,0,0,339,16777,0,0,0,0
56217.469,16943,59,0,0,0,0,0,8,53576,44,53,0,0,0,0,0,0,0,0,0,0,0,0,0,0,0,0,0,0,0,0,0,0,339,15792,0,0,0,0
56233.638,16169,61,0,0,0,0,0,8,54826,44,53,0,0,0,0,0,0,0,0,0,0,0,0,0,0,0,0,0,0,0,0,0,0,334,17242,0,0,0,0
56249.927,16288,61,0,0,0,0,0,8,55525,44,53,0,0,0,0,0,0,0,0,0,0,0,0,0,0,0,0,0,0,0,0,0,0,324,16124,0,0,0,0
56267.930,18003,55,0,0,0,0,0,8,63056,44,53,0,0,0,0,0,0,0,0,0,0,0,0,0,0,0,0,0,0,0,0,0,0,308,15720,0,0,0,0
56284.926,16995,58,0,0,0,0,0,8,61721,44,53,0,0,0,0,0,0,0,0,0,0,0,0,0,0,0,0,0,0,0,0,0,0,318,19144,0,0,0,0
56300.557,15630,63,0,0,0,0,0,8,61602,44,53,0,0,0,0,0,0,0,0,0,0,0,0,0,0,0,0,0,0,0,0,0,0,334,16569,0,0,0,0
56317.928,17371,57,0,0,0,0,0,8,61524,44,53,0,0,0,0,0,0,0,0,0,0,0,0,0,0,0,0,0,0,0,0,0,0,316,15741,0,0,0,0
56333.712,15783,63,0,0,0,0,0,8,62138,44,53,0,0,0,0,0,0,0,0,0,0,0,0,0,0,0,0,0,0,0,0,0,0,314,17565,0,0,0,0
56350.601,16888,59,0,0,0,0,0,8,61571,44,53,0,0,0,0,0,0,0,0,0,0,0,0,0,0,0,0,0,0,0,0,0,0,317,15452,0,0,0,0
56367.949,17348,57,0,0,0,0,0,8,61377,44,53,0,0,0,0,0,0,0,0,0,0,0,0,0,0,0,0,0,0,0,0,0,0,321,16846,0,0,0,0
56383.698,15749,63,0,0,0,0,0,8,63406,44,53,0,0,0,0,0,0,0,0,0,0,0,0,0,0,0,0,0,0,0,0,0,0,330,17504,0,0,0,0
56400.392,16694,59,0,0,0,0,0,8,64164,44,53,0,0,0,0,0,0,0,0,0,0,0,0,0,0,0,0,0,0,0,0,0,0,305,15787,0,0,0,0
56417.920,17527,57,0,0,0,0,0,8,64659,44,53,0,0,0,0,0,0,0,0,0,0,0,0,0,0,0,0,0,0,0,0,0,0,323,16780,0,0,0,0
56433.818,15897,62,0,0,0,0,0,8,63096,44,53,0,0,0,0,0,0,0,0,0,0,0,0,0,0,0,0,0,0,0,0,0,0,303,17433,0,0,0,0
56450.441,16623,60,0,0,0,0,0,8,64767,44,53,0,0,0,0,0,0,0,0,0,0,0,0,0,0,0,0,0,0,0,0,0,0,315,15810,0,0,0,0
56467.926,17484,57,0,0,0,0,0,8,63767,44,53,0,0,0,0,0,0,0,0,0,0,0,0,0,0,0,0,0,0,0,0,0,0,323,17267,0,0,0,0
56483.990,16063,62,0,0,0,0,0,8,64148,44,53,0,0,0,0,0,0,0,0,0,0,0,0,0,0,0,0,0,0,0,0,0,0,360,17329,0,0,0,0
56500.452,16462,60,0,0,0,0,0,8,63536,44,53,0,0,0,0,0,0,0,0,0,0,0,0,0,0,0,0,0,0,0,0,0,0,308,16158,0,0,0,0
56517.561,17108,58,0,0,0,0,0,8,62651,44,53,0,0,0,0,0,0,0,0,0,0,0,0,0,0,0,0,0,0,0,0,0,0,313,15913,0,0,0,0
56534.058,16497,60,0,0,0,0,0,8,62973,44,53,0,0,0,0,0,0,0,0,0,0,0,0,0,0,0,0,0,0,0,0,0,0,309,17368,0,0,0,0
56550.922,16864,59,0,0,0,0,0,8,62047,44,53,0,0,0,0,0,0,0,0,0,0,0,0,0,0,0,0,0,0,0,0,0,0,333,15949,0,0,0,0
56567.234,16311,61,0,0,0,0,0,8,62062,44,53,0,0,0,0,0,0,0,0,0,0,0,0,0,0,0,0,0,0,0,0,0,0,311,16213,0,0,0,0
56583.724,16490,60,0,0,0,0,0,8,62791,44,53,0,0,0,0,0,0,0,0,0,0,0,0,0,0,0,0,0,0,0,0,0,0,304,17464,0,0,0,0
56599.930,16206,61,0,0,0,0,0,8,62193,44,53,0,0,0,0,0,0,0,0,0,0,0,0,0,0,0,0,0,0,0,0,0,0,311,16194,0,0,0,0
56617.053,17122,58,0,0,0,0,0,8,62308,44,53,0,0,0,0,0,0,0,0,0,0,0,0,0,0,0,0,0,0,0,0,0,0,323,16772,0,0,0,0
56634.038,16984,58,0,0,0,0,0,8,62255,44,53,0,0,0,0,0,0,0,0,0,0,0,0,0,0,0,0,0,0,0,0,0,0,317,16994,0,0,0,0
56650.599,16561,60,0,0,0,0,0,8,62231,44,53,0,0,0,0,0,0,0,0,0,0,0,0,0,0,0,0,0,0,0,0,0,0,314,16854,0,0,0,0
56667.921,17322,57,0,0,0,0,0,8,62106,44,53,0,0,0,0,0,0,0,0,0,0,0,0,0,0,0,0,0,0,0,0,0,0,305,16338,0,0,0,0
56684.054,16133,61,0,0,0,0,0,8,62547,44,53,0,0,0,0,0,0,0,0,0,0,0,0,0,0,0,0,0,0,0,0,0,0,328,17625,0,0,0,0
56700.495,16441,60,0,0,0,0,0,8,62497,44,53,0,0,0,0,0,0,0,0,0,0,0,0,0,0,0,0,0,0,0,0,0,0,343,16069,0,0,0,0
56717.342,16846,59,0,0,0,0,0,8,62255,44,53,0,0,0,0,0,0,0,0,0,0,0,0,0,0,0,0,0,0,0,0,0,0,314,16579,0,0,0,0
56733.728,16386,61,0,0,0,0,0,8,62740,44,53,0,0,0,0,0,0,0,0,0,0,0,0,0,0,0,0,0,0,0,0,0,0,327,16629,0,0,0,0
56750.533,16805,59,0,0,0,0,0,8,62675,44,53,0,0,0,0,0,0,0,0,0,0,0,0,0,0,0,0,0,0,0,0,0,0,317,16856,0,0,0,0
56766.978,16444,60,0,0,0,0,0,8,61995,44,53,0,0,0,0,0,0,0,0,0,0,0,0,0,0,0,0,0,0,0,0,0,0,336,16466,0,0,0,0
56783.615,16637,60,0,0,0,0,0,8,62248,44,53,0,0,0,0,0,0,0,0,0,0,0,0,0,0,0,0,0,0,0,0,0,0,313,16490,0,0,0,0
56800.697,17074,58,0,0,0,0,0,8,61800,44,53,0,0,0,0,0,0,0,0,0,0,0,0,0,0,0,0,0,0,0,0,0,0,318,16347,0,0,0,0
56817.050,16360,61,0,0,0,0,0,8,62294,44,53,0,0,0,0,0,0,0,0,0,0,0,0,0,0,0,0,0,0,0,0,0,0,305,18070,0,0,0,0
56834.103,17052,58,0,0,0,0,0,8,62105,44,53,0,0,0,0,0,0,0,0,0,0,0,0,0,0,0,0,0,0,0,0,0,0,312,15414,0,0,0,0
56850.516,16412,60,0,0,0,0,0,8,60981,44,53,0,0,0,0,0,0,0,0,0,0,0,0,0,0,0,0,0,0,0,0,0,0,320,17487,0,0,0,0
56867.054,16538,60,0,0,0,0,0,8,60216,44,53,0,0,0,0,0,0,0,0,0,0,0,0,0,0,0,0,0,0,0,0,0,0,321,15923,0,0,0,0
56884.914,17860,55,0,0,0,0,0,8,61918,44,53,0,0,0,0,0,0,0,0,0,0,0,0,0,0,0,0,0,0,0,0,0,0,313,16650,0,0,0,0
56899.977,15062,66,0,0,0,0,0,8,62205,44,53,0,0,0,0,0,0,0,0,0,0,0,0,0,0,0,0,0,0,0,0,0,0,323,17881,0,0,0,0
56917.168,17190,58,0,0,0,0,0,8,61894,44,53,0,0,0,0,0,0,0,0,0,0,0,0,0,0,0,0,0,0,0,0,0,0,320,15271,0,0,0,0
56934.092,16924,59,0,0,0,0,0,8,62063,44,53,0,0,0,0,0,0,0,0,0,0,0,0,0,0,0,0,0,0,0,0,0,0,308,16929,0,0,0,0
56950.508,16416,60,0,0,0,0,0,8,62467,44,53,0,0,0,0,0,0,0,0,0,0,0,0,0,0,0,0,0,0,0,0,0,0,325,17117,0,0,0,0
56967.415,16906,59,0,0,0,0,0,8,62191,44,53,0,0,0,0,0,0,0,0,0,0,0,0,0,0,0,0,0,0,0,0,0,0,367,16509,0,0,0,0
56983.807,16391,61,0,0,0,0,0,8,62091,44,53,0,0,0,0,0,0,0,0,0,0,0,0,0,0,0,0,0,0,0,0,0,0,322,16889,0,0,0,0
57000.651,16844,59,0,0,0,0,0,8,62051,44,53,0,0,0,0,0,0,0,0,0,0,0,0,0,0,0,0,0,0,0,0,0,0,307,16223,0,0,0,0
57017.921,17269,57,0,0,0,0,0,8,61315,44,53,0,0,0,0,0,0,0,0,0,0,0,0,0,0,0,0,0,0,0,0,0,0,332,16843,0,0,0,0
57033.626,15705,63,0,0,0,0,0,8,61696,44,53,0,0,0,0,0,0,0,0,0,0,0,0,0,0,0,0,0,0,0,0,0,0,337,17306,0,0,0,0
57050.501,16874,59,0,0,0,0,0,8,61822,44,53,0,0,0,0,0,0,0,0,0,0,0,0,0,0,0,0,0,0,0,0,0,0,316,15505,0,0,0,0
57067.931,17430,57,0,0,0,0,0,8,61463,44,53,0,0,0,0,0,0,0,0,0,0,0,0,0,0,0,0,0,0,0,0,0,0,305,16761,0,0,0,0
57083.600,15669,63,0,0,0,0,0,8,61866,44,53,0,0,0,0,0,0,0,0,0,0,0,0,0,0,0,0,0,0,0,0,0,0,340,17725,0,0,0,0
57100.760,17159,58,0,0,0,0,0,8,61559,44,53,0,0,0,0,0,0,0,0,0,0,0,0,0,0,0,0,0,0,0,0,0,0,295,15115,0,0,0,0
57117.228,16467,60,0,0,0,0,0,8,61135,44,53,0,0,0,0,0,0,0,0,0,0,0,0,0,0,0,0,0,0,0,0,0,0,326,17583,0,0,0,0
57134.913,17685,56,0,0,0,0,0,8,61386,44,53,0,0,0,0,0,0,0,0,0,0,0,0,0,0,0,0,0,0,0,0,0,0,331,16082,0,0,0,0
57150.436,15522,64,0,0,0,0,0,8,61651,44,53,0,0,0,0,0,0,0,0,0,0,0,0,0,0,0,0,0,0,0,0,0,0,344,18331,0,0,0,0
57167.356,16919,59,0,0,0,0,0,8,61125,44,53,0,0,0,0,0,0,0,0,0,0,0,0,0,0,0,0,0,0,0,0,0,0,311,15092,0,0,0,0
57183.824,16468,60,0,0,0,0,0,8,61580,44,53,0,0,0,0,0,0,0,0,0,0,0,0,0,0,0,0,0,0,0,0,0,0,324,16955,0,0,0,0
57200.439,16615,60,0,0,0,0,0,8,61241,44,53,0,0,0,0,0,0,0,0,0,0,0,0,0,0,0,0,0,0,0,0,0,0,309,16594,0,0,0,0
57217.442,17003,58,0,0,0,0,0,8,61177,44,53,0,0,0,0,0,0,0,0,0,0,0,0,0,0,0,0,0,0,0,0,0,0,308,16305,0,0,0,0
57233.911,16468,60,0,0,0,0,0,8,62271,44,53,0,0,0,0,0,0,0,0,0,0,0,0,0,0,0,0,0,0,0,0,0,0,317,17807,0,0,0,0
57250.330,16419,60,0,0,0,0,0,8,61753,44,53,0,0,0,0,0,0,0,0,0,0,0,0,0,0,0,0,0,0,0,0,0,0,305,15104,0,0,0,0
57267.050,16719,59,0,0,0,0,0,8,61740,44,53,0,0,0,0,0,0,0,0,0,0,0,0,0,0,0,0,0,0,0,0,0,0,326,17285,0,0,0,0
57284.910,17859,55,0,0,0,0,0,8,63391,44,53,0,0,0,0,0,0,0,0,0,0,0,0,0,0,0,0,0,0,0,0,0,0,326,16452,0,0,0,0
57300.481,15571,64,0,0,0,0,0,8,63786,44,53,0,0,0,0,0,0,0,0,0,0,0,0,0,0,0,0,0,0,0,0,0,0,317,18369,0,0,0,0
57317.128,16646,60,0,0,0,0,0,8,63555,44,53,0,0,0,0,0,0,0,0,0,0,0,0,0,0,0,0,0,0,0,0,0,0,336,15358,0,0,0,0
57333.750,16622,60,0,0,0,0,0,8,63841,44,53,0,0,0,0,0,0,0,0,0,0,0,0,0,0,0,0,0,0,0,0,0,0,313,16721,0,0,0,0
57350.911,17160,58,0,0,0,0,0,8,63013,44,53,0,0,0,0,0,0,0,0,0,0,0,0,0,0,0,0,0,0,0,0,0,0,313,16374,0,0,0,0
57367.474,16562,60,0,0,0,0,0,8,62959,44,53,0,0,0,0,0,0,0,0,0,0,0,0,0,0,0,0,0,0,0,0,0,0,324,16258,0,0,0,0
57384.046,16572,60,0,0,0,0,0,8,61633,44,53,0,0,0,0,0,0,0,0,0,0,0,0,0,0,0,0,0,0,0,0,0,0,318,17857,0,0,0,0
57400.514,16468,60,0,0,0,0,0,8,61730,44,53,0,0,0,0,0,0,0,0,0,0,0,0,0,0,0,0,0,0,0,0,0,0,319,16611,0,0,0,0
57417.923,17408,57,0,0,0,0,0,8,61533,44,53,0,0,0,0,0,0,0,0,0,0,0,0,0,0,0,0,0,0,0,0,0,0,322,16185,0,0,0,0
57433.917,15993,62,0,0,0,0,0,8,63477,44,53,0,0,0,0,0,0,0,0,0,0,0,0,0,0,0,0,0,0,0,0,0,0,295,17324,0,0,0,0
57450.430,16514,60,0,0,0,0,0,8,63591,44,53,0,0,0,0,0,0,0,0,0,0,0,0,0,0,0,0,0,0,0,0,0,0,338,15485,0,0,0,0
57467.909,17478,57,0,0,0,0,0,8,63782,44,53,0,0,0,0,0,0,0,0,0,0,0,0,0,0,0,0,0,0,0,0,0,0,313,17578,0,0,0,0
57484.054,16144,61,0,0,0,0,0,8,63678,44,53,0,0,0,0,0,0,0,0,0,0,0,0,0,0,0,0,0,0,0,0,0,0,315,17544,0,0,0,0
57500.929,16875,59,0,0,0,0,0,8,63827,44,53,0,0,0,0,0,0,0,0,0,0,0,0,0,0,0,0,0,0,0,0,0,0,297,15586,0,0,0,0
57517.433,16504,60,0,0,0,0,0,8,63521,44,53,0,0,0,0,0,0,0,0,0,0,0,0,0,0,0,0,0,0,0,0,0,0,317,17527,0,0,0,0
57534.050,16616,60,0,0,0,0,0,8,63749,44,53,0,0,0,0,0,0,0,0,0,0,0,0,0,0,0,0,0,0,0,0,0,0,323,15781,0,0,0,0
57550.916,16865,59,0,0,0,0,0,8,63180,44,53,0,0,0,0,0,0,0,0,0,0,0,0,0,0,0,0,0,0,0,0,0,0,333,17065,0,0,0,0
57566.969,16053,62,0,0,0,0,0,8,62846,44,53,0,0,0,0,0,0,0,0,0,0,0,0,0,0,0,0,0,0,0,0,0,0,323,16724,0,0,0,0
57583.875,16905,59,0,0,0,0,0,8,63081,44,53,0,0,0,0,0,0,0,0,0,0,0,0,0,0,0,0,0,0,0,0,0,0,309,15822,0,0,0,0
57599.961,16086,62,0,0,0,0,0,8,62916,44,53,0,0,0,0,0,0,0,0,0,0,0,0,0,0,0,0,0,0,0,0,0,0,301,16685,0,0,0,0
57617.909,17947,55,0,0,0,0,0,8,62675,44,53,0,0,0,0,0,0,0,0,0,0,0,0,0,0,0,0,0,0,0,0,0,0,316,16223,0,0,0,0
57633.613,15704,63,0,0,0,0,0,8,65392,44,53,0,0,0,0,0,0,0,0,0,0,0,0,0,0,0,0,0,0,0,0,0,0,330,18364,0,0,0,0
57650.523,16909,59,0,0,0,0,0,8,65305,44,53,0,0,0,0,0,0,0,0,0,0,0,0,0,0,0,0,0,0,0,0,0,0,310,15315,0,0,0,0
57667.058,16534,60,0,0,0,0,0,8,64846,44,53,0,0,0,0,0,0,0,0,0,0,0,0,0,0,0,0,0,0,0,0,0,0,305,16804,0,0,0,0
57683.910,16851,59,0,0,0,0,0,8,64744,44,53,0,0,0,0,0,0,0,0,0,0,0,0,0,0,0,0,0,0,0,0,0,0,331,16870,0,0,0,0
57700.558,16648,60,0,0,0,0,0,8,64911,44,53,0,0,0,0,0,0,0,0,0,0,0,0,0,0,0,0,0,0,0,0,0,0,309,15762,0,0,0,0
57717.920,17361,57,0,0,0,0,0,8,65148,44,53,0,0,0,0,0,0,0,0,0,0,0,0,0,0,0,0,0,0,0,0,0,0,309,17759,0,0,0,0
57733.969,16049,62,0,0,0,0,0,8,65211,44,53,0,0,0,0,0,0,0,0,0,0,0,0,0,0,0,0,0,0,0,0,0,0,324,17476,0,0,0,0
57750.907,16938,59,0,0,0,0,0,8,64568,44,53,0,0,0,0,0,0,0,0,0,0,0,0,0,0,0,0,0,0,0,0,0,0,304,15356,0,0,0,0
57767.268,16360,61,0,0,0,0,0,8,64337,44,53,0,0,0,0,0,0,0,0,0,0,0,0,0,0,0,0,0,0,0,0,0,0,306,16577,0,0,0,0
57783.622,16354,61,0,0,0,0,0,8,64691,44,53,0,0,0,0,0,0,0,0,0,0,0,0,0,0,0,0,0,0,0,0,0,0,332,17291,0,0,0,0
57800.431,16809,59,0,0,0,0,0,8,64598,44,53,0,0,0,0,0,0,0,0,0,0,0,0,0,0,0,0,0,0,0,0,0,0,320,16226,0,0,0,0
57817.140,16708,59,0,0,0,0,0,8,64394,44,53,0,0,0,0,0,0,0,0,0,0,0,0,0,0,0,0,0,0,0,0,0,0,335,16708,0,0,0,0
57833.676,16536,60,0,0,0,0,0,8,64763,44,53,0,0,0,0,0,0,0,0,0,0,0,0,0,0,0,0,0,0,0,0,0,0,307,16338,0,0,0,0
57850.594,16918,59,0,0,0,0,0,8,65265,44,53,0,0,0,0,0,0,0,0,0,0,0,0,0,0,0,0,0,0,0,0,0,0,326,17254,0,0,0,0
57867.127,16532,60,0,0,0,0,0,8,64128,44,53,0,0,0,0,0,0,0,0,0,0,0,0,0,0,0,0,0,0,0,0,0,0,304,16507,0,0,0,0
57884.000,16872,59,0,0,0,0,0,8,64001,44,53,0,0,0,0,0,0,0,0,0,0,0,0,0,0,0,0,0,0,0,0,0,0,308,16391,0,0,0,0
57900.283,16283,61,0,0,0,0,0,8,64383,44,53,0,0,0,0,0,0,0,0,0,0,0,0,0,0,0,0,0,0,0,0,0,0,325,17370,0,0,0,0
57917.090,16806,59,0,0,0,0,0,8,63572,44,53,0,0,0,0,0,0,0,0,0,0,0,0,0,0,0,0,0,0,0,0,0,0,323,16461,0,0,0,0
57933.910,16819,59,0,0,0,0,0,8,63623,44,53,0,0,0,0,0,0,0,0,0,0,0,0,0,0,0,0,0,0,0,0,0,0,325,16480,0,0,0,0
57950.498,16588,60,0,0,0,0,0,8,64550,44,53,0,0,0,0,0,0,0,0,0,0,0,0,0,0,0,0,0,0,0,0,0,0,311,16727,0,0,0,0
57966.943,16444,60,0,0,0,0,0,8,61582,44,53,0,0,0,0,0,0,0,0,0,0,0,0,0,0,0,0,0,0,0,0,0,0,334,16915,0,0,0,0
57983.475,16532,60,0,0,0,0,0,8,62405,44,53,0,0,0,0,0,0,0,0,0,0,0,0,0,0,0,0,0,0,0,0,0,0,318,16570,0,0,0,0
58000.014,16539,60,0,0,0,0,0,8,60558,44,53,0,0,0,0,0,0,0,0,0,0,0,0,0,0,0,0,0,0,0,0,0,0,314,16506,0,0,0,0
58016.947,16933,59,0,0,0,0,0,8,59600,44,53,0,0,0,0,0,0,0,0,0,0,0,0,0,0,0,0,0,0,0,0,0,0,323,16280,0,0,0,0
58034.038,17090,58,0,0,0,0,0,8,61669,44,53,0,0,0,0,0,0,0,0,0,0,0,0,0,0,0,0,0,0,0,0,0,0,331,16960,0,0,0,0
58050.328,16289,61,0,0,0,0,0,8,61398,44,53,0,0,0,0,0,0,0,0,0,0,0,0,0,0,0,0,0,0,0,0,0,0,327,17390,0,0,0,0
58067.049,16721,59,0,0,0,0,0,8,60516,44,53,0,0,0,0,0,0,0,0,0,0,0,0,0,0,0,0,0,0,0,0,0,0,316,15889,0,0,0,0
58083.929,16880,59,0,0,0,0,0,8,60645,44,53,0,0,0,0,0,0,0,0,0,0,0,0,0,0,0,0,0,0,0,0,0,0,314,16490,0,0,0,0
58100.427,16498,60,0,0,0,0,0,8,60569,44,53,0,0,0,0,0,0,0,0,0,0,0,0,0,0,0,0,0,0,0,0,0,0,331,17036,0,0,0,0
58117.512,17084,58,0,0,0,0,0,8,60192,44,53,0,0,0,0,0,0,0,0,0,0,0,0,0,0,0,0,0,0,0,0,0,0,320,16895,0,0,0,0
58134.047,16534,60,0,0,0,0,0,8,60364,44,53,0,0,0,0,0,0,0,0,0,0,0,0,0,0,0,0,0,0,0,0,0,0,314,16745,0,0,0,0
58150.435,16388,61,0,0,0,0,0,8,60279,44,53,0,0,0,0,0,0,0,0,0,0,0,0,0,0,0,0,0,0,0,0,0,0,307,17430,0,0,0,0
58167.044,16608,60,0,0,0,0,0,8,61615,44,53,0,0,0,0,0,0,0,0,0,0,0,0,0,0,0,0,0,0,0,0,0,0,321,15372,0,0,0,0
58184.047,17003,58,0,0,0,0,0,8,61880,44,53,0,0,0,0,0,0,0,0,0,0,0,0,0,0,0,0,0,0,0,0,0,0,307,16766,0,0,0,0
58200.610,16563,60,0,0,0,0,0,8,61823,44,53,0,0,0,0,0,0,0,0,0,0,0,0,0,0,0,0,0,0,0,0,0,0,305,17006,0,0,0,0
58217.421,16810,59,0,0,0,0,0,8,61510,44,53,0,0,0,0,0,0,0,0,0,0,0,0,0,0,0,0,0,0,0,0,0,0,315,16810,0,0,0,0
58234.911,17490,57,0,0,0,0,0,8,61182,44,53,0,0,0,0,0,0,0,0,0,0,0,0,0,0,0,0,0,0,0,0,0,0,305,16717,0,0,0,0
58250.381,15470,64,0,0,0,0,0,8,61346,44,53,0,0,0,0,0,0,0,0,0,0,0,0,0,0,0,0,0,0,0,0,0,0,333,17328,0,0,0,0
58266.952,16571,60,0,0,0,0,0,8,60095,44,53,0,0,0,0,0,0,0,0,0,0,0,0,0,0,0,0,0,0,0,0,0,0,287,15055,0,0,0,0
58284.913,17960,55,0,0,0,0,0,8,60395,44,53,0,0,0,0,0,0,0,0,0,0,0,0,0,0,0,0,0,0,0,0,0,0,310,16515,0,0,0,0
58300.411,15498,64,0,0,0,0,0,8,60073,44,53,0,0,0,0,0,0,0,0,0,0,0,0,0,0,0,0,0,0,0,0,0,0,356,18428,0,0,0,0
58317.905,17494,57,0,0,0,0,0,8,59179,44,53,0,0,0,0,0,0,0,0,0,0,0,0,0,0,0,0,0,0,0,0,0,0,320,15396,0,0,0,0
58334.041,16135,61,0,0,0,0,0,8,59591,44,53,0,0,0,0,0,0,0,0,0,0,0,0,0,0,0,0,0,0,0,0,0,0,314,17698,0,0,0,0
58350.486,16444,60,0,0,0,0,0,8,60800,44,53,0,0,0,0,0,0,0,0,0,0,0,0,0,0,0,0,0,0,0,0,0,0,312,16387,0,0,0,0
58367.928,17442,57,0,0,0,0,0,8,59530,44,53,0,0,0,0,0,0,0,0,0,0,0,0,0,0,0,0,0,0,0,0,0,0,330,16364,0,0,0,0
58384.207,16278,61,0,0,0,0,0,8,59238,44,53,0,0,0,0,0,0,0,0,0,0,0,0,0,0,0,0,0,0,0,0,0,0,343,17529,0,0,0,0
58400.340,16133,61,0,0,0,0,0,8,60151,44,53,0,0,0,0,0,0,0,0,0,0,0,0,0,0,0,0,0,0,0,0,0,0,330,15835,0,0,0,0
58417.039,16698,59,0,0,0,0,0,8,60218,44,53,0,0,0,0,0,0,0,0,0,0,0,0,0,0,0,0,0,0,0,0,0,0,311,16261,0,0,0,0
58433.752,16713,59,0,0,0,0,0,8,59686,44,53,0,0,0,0,0,0,0,0,0,0,0,0,0,0,0,0,0,0,0,0,0,0,307,16710,0,0,0,0
58450.462,16709,59,0,0,0,0,0,8,59831,44,53,0,0,0,0,0,0,0,0,0,0,0,0,0,0,0,0,0,0,0,0,0,0,313,16422,0,0,0,0
58466.946,16483,60,0,0,0,0,0,8,59221,44,53,0,0,0,0,0,0,0,0,0,0,0,0,0,0,0,0,0,0,0,0,0,0,329,16972,0,0,0,0
58484.041,17095,58,0,0,0,0,0,8,59017,44,53,0,0,0,0,0,0,0,0,0,0,0,0,0,0,0,0,0,0,0,0,0,0,313,16171,0,0,0,0
58500.499,16457,60,0,0,0,0,0,8,57475,44,53,0,0,0,0,0,0,0,0,0,0,0,0,0,0,0,0,0,0,0,0,0,0,318,17487,0,0,0,0
58516.984,16484,60,0,0,0,0,0,8,57465,44,53,0,0,0,0,0,0,0,0,0,0,0,0,0,0,0,0,0,0,0,0,0,0,289,16241,0,0,0,0
58533.594,16610,60,0,0,0,0,0,8,57712,44,53,0,0,0,0,0,0,0,0,0,0,0,0,0,0,0,0,0,0,0,0,0,0,313,16480,0,0,0,0
58551.457,17863,55,0,0,0,0,0,8,57320,44,53,0,0,0,0,0,0,0,0,0,0,0,0,0,0,0,0,0,0,0,0,0,0,306,17056,0,0,0,0
58567.476,16018,62,0,0,0,0,0,8,53147,44,53,0,0,0,0,0,0,0,0,0,0,0,0,0,0,0,0,0,0,0,0,0,0,325,17397,0,0,0,0
58584.053,16565,60,0,0,0,0,0,8,51260,44,53,0,0,0,0,0,0,0,0,0,0,0,0,0,0,0,0,0,0,0,0,0,0,316,15582,0,0,0,0
58600.413,16371,61,0,0,0,1,0,8,53342,44,53,0,0,0,0,0,0,0,0,0,0,0,0,0,0,0,0,0,0,0,0,0,0,322,17162,0,0,0,0
58617.118,16704,59,0,0,0,0,0,8,52649,44,53,0,0,0,0,0,0,0,0,0,0,0,0,0,0,0,0,0,0,0,0,0,0,303,16086,0,0,0,0
58634.909,17791,56,0,0,0,0,0,8,52678,44,53,0,0,0,0,0,0,0,0,0,0,0,0,0,0,0,0,0,0,0,0,0,0,304,16683,0,0,0,0
58649.870,14960,66,0,0,0,0,0,8,53183,44,53,0,0,0,0,0,0,0,0,0,0,0,0,0,0,0,0,0,0,0,0,0,0,395,20097,0,0,0,0
58667.260,17390,57,0,0,0,0,0,8,54000,44,53,0,0,0,0,0,0,0,0,0,0,0,0,0,0,0,0,0,0,0,0,0,0,310,12879,0,0,0,0
58684.437,17177,58,0,0,0,0,0,8,53284,44,53,0,0,0,0,0,0,0,0,0,0,0,0,0,0,0,0,0,0,0,0,0,0,348,17279,0,0,0,0
58700.409,15971,62,0,0,0,0,0,8,52986,44,53,0,0,0,0,0,0,0,0,0,0,0,0,0,0,0,0,0,0,0,0,0,0,317,17148,0,0,0,0
58717.915,17506,57,0,0,0,0,0,8,53321,44,53,0,0,0,0,0,0,0,0,0,0,0,0,0,0,0,0,0,0,0,0,0,0,325,16311,0,0,0,0
58733.576,15660,63,0,0,0,0,0,8,53187,44,53,0,0,0,0,0,0,0,0,0,0,0,0,0,0,0,0,0,0,0,0,0,0,319,17415,0,0,0,0
58750.490,16913,59,0,0,0,0,0,8,53283,44,53,0,0,0,0,0,0,0,0,0,0,0,0,0,0,0,0,0,0,0,0,0,0,307,15306,0,0,0,0
58767.113,16623,60,0,0,0,0,0,8,51704,44,53,0,0,0,0,0,0,0,0,0,0,0,0,0,0,0,0,0,0,0,0,0,0,318,17171,0,0,0,0
58784.035,16921,59,0,0,0,0,0,8,52742,44,53,0,0,0,0,0,0,0,0,0,0,0,0,0,0,0,0,0,0,0,0,0,0,302,16358,0,0,0,0
58800.906,16870,59,0,0,0,0,0,8,52135,44,53,0,0,0,0,0,0,0,0,0,0,0,0,0,0,0,0,0,0,0,0,0,0,322,17104,0,0,0,0
58817.035,16128,62,0,0,0,0,0,8,53026,44,53,0,0,0,0,0,0,0,0,0,0,0,0,0,0,0,0,0,0,0,0,0,0,350,17284,0,0,0,0
58834.034,16999,58,0,0,0,0,0,8,53711,44,53,0,0,0,0,0,0,0,0,0,0,0,0,0,0,0,0,0,0,0,0,0,0,323,15900,0,0,0,0
58850.486,16452,60,0,0,0,0,0,8,53590,44,53,0,0,0,0,0,0,0,0,0,0,0,0,0,0,0,0,0,0,0,0,0,0,330,16915,0,0,0,0
58867.104,16617,60,0,0,0,0,0,8,53440,44,53,0,0,0,0,0,0,0,0,0,0,0,0,0,0,0,0,0,0,0,0,0,0,311,16218,0,0,0,0
58883.902,16797,59,0,0,0,0,0,8,53072,44,53,0,0,0,0,0,0,0,0,0,0,0,0,0,0,0,0,0,0,0,0,0,0,322,16841,0,0,0,0
58900.580,16677,59,0,0,0,0,0,8,53453,44,53,0,0,0,0,0,0,0,0,0,0,0,0,0,0,0,0,0,0,0,0,0,0,312,16364,0,0,0,0
58917.028,16448,60,0,0,0,0,0,8,52856,44,53,0,0,0,0,0,0,0,0,0,0,0,0,0,0,0,0,0,0,0,0,0,0,317,17087,0,0,0,0
58933.219,16190,61,0,0,0,0,0,8,52932,44,53,0,0,0,0,0,0,0,0,0,0,0,0,0,0,0,0,0,0,0,0,0,0,317,16172,0,0,0,0
58950.910,17691,56,0,0,0,0,0,8,52874,44,53,0,0,0,0,0,0,0,0,0,0,0,0,0,0,0,0,0,0,0,0,0,0,321,15870,0,0,0,0
58967.349,16439,60,0,0,0,0,0,8,52357,44,53,0,0,0,0,0,0,0,0,0,0,0,0,0,0,0,0,0,0,0,0,0,0,319,16819,0,0,0,0
58984.065,16715,59,0,0,0,0,0,8,53445,44,53,0,0,0,0,0,0,0,0,0,0,0,0,0,0,0,0,0,0,0,0,0,0,332,18123,0,0,0,0
59000.524,16459,60,0,0,0,0,0,8,53058,44,53,0,0,0,0,0,0,0,0,0,0,0,0,0,0,0,0,0,0,0,0,0,0,314,16522,0,0,0,0
59017.030,16505,60,0,0,0,0,0,8,52513,44,53,0,0,0,0,0,0,0,0,0,0,0,0,0,0,0,0,0,0,0,0,0,0,316,16420,0,0,0,0
59033.482,16451,60,0,0,0,0,0,8,52451,44,53,0,0,0,0,0,0,0,0,0,0,0,0,0,0,0,0,0,0,0,0,0,0,320,16397,0,0,0,0
59050.441,16958,58,0,0,0,0,0,8,52928,44,53,0,0,0,0,0,0,0,0,0,0,0,0,0,0,0,0,0,0,0,0,0,0,309,16099,0,0,0,0
59067.896,17455,57,0,0,0,0,0,8,48754,44,53,0,0,0,0,0,0,0,0,0,0,0,0,0,0,0,0,0,0,0,0,0,0,308,17323,0,0,0,0
59083.989,16083,62,0,0,0,0,0,8,48978,44,53,0,0,0,0,0,0,0,0,0,0,0,0,0,0,0,0,0,0,0,0,0,0,343,17510,0,0,0,0
59100.462,16483,60,0,0,0,0,0,8,47427,44,53,0,0,0,0,0,0,0,0,0,0,0,0,0,0,0,0,0,0,0,0,0,0,317,16227,0,0,0,0
59117.168,16706,59,0,0,0,0,0,8,48052,44,53,0,0,0,0,0,0,0,0,0,0,0,0,0,0,0,0,0,0,0,0,0,0,313,16709,0,0,0,0
59133.891,16722,59,0,0,0,0,0,8,50137,44,53,0,0,0,0,0,0,0,0,0,0,0,0,0,0,0,0,0,0,0,0,0,0,324,16029,0,0,0,0
59149.928,16036,62,0,0,0,0,0,8,50780,44,53,0,0,0,0,0,0,0,0,0,0,0,0,0,0,0,0,0,0,0,0,0,0,351,17286,0,0,0,0
59167.036,17108,58,0,0,0,0,0,8,50666,44,53,0,0,0,0,0,0,0,0,0,0,0,0,0,0,0,0,0,0,0,0,0,0,299,15900,0,0,0,0
59184.046,17010,58,0,0,0,0,0,8,50204,44,53,0,0,0,0,0,0,0,0,0,0,0,0,0,0,0,0,0,0,0,0,0,0,299,16974,0,0,0,0
59200.401,16354,61,0,0,0,0,0,8,50614,44,53,0,0,0,0,0,0,0,0,0,0,0,0,0,0,0,0,0,0,0,0,0,0,318,17220,0,0,0,0
59217.899,17498,57,0,0,0,0,0,8,49460,44,53,0,0,0,0,0,0,0,0,0,0,0,0,0,0,0,0,0,0,0,0,0,0,323,16410,0,0,0,0
59233.952,16053,62,0,0,0,0,0,8,49914,44,53,0,0,0,0,0,0,0,0,0,0,0,0,0,0,0,0,0,0,0,0,0,0,314,17423,0,0,0,0
59250.565,16612,60,0,0,0,0,0,8,49341,44,53,0,0,0,0,0,0,0,0,0,0,0,0,0,0,0,0,0,0,0,0,0,0,330,16103,0,0,0,0
59267.904,17339,57,0,0,0,0,0,8,48935,44,53,0,0,0,0,0,0,0,0,0,0,0,0,0,0,0,0,0,0,0,0,0,0,308,16793,0,0,0,0
59283.574,15669,63,0,0,0,0,0,8,49298,44,53,0,0,0,0,0,0,0,0,0,0,0,0,0,0,0,0,0,0,0,0,0,0,356,16766,0,0,0,0
59300.410,16836,59,0,0,0,0,0,8,49083,44,53,0,0,0,0,0,0,0,0,0,0,0,0,0,0,0,0,0,0,0,0,0,0,286,15411,0,0,0,0
59317.026,16615,60,0,0,0,0,0,8,49281,44,53,0,0,0,0,0,0,0,0,0,0,0,0,0,0,0,0,0,0,0,0,0,0,316,17703,0,0,0,0
59334.033,17006,58,0,0,0,0,0,8,48741,44,53,0,0,0,0,0,0,0,0,0,0,0,0,0,0,0,0,0,0,0,0,0,0,344,16082,0,0,0,0
59350.909,16875,59,0,0,0,0,0,8,48455,44,53,0,0,0,0,0,0,0,0,0,0,0,0,0,0,0,0,0,0,0,0,0,0,342,17095,0,0,0,0
59367.901,16992,58,0,0,0,0,0,8,49029,44,53,0,0,0,0,0,0,0,0,0,0,0,0,0,0,0,0,0,0,0,0,0,0,319,15561,0,0,0,0
59384.026,16124,62,0,0,0,0,0,8,49572,44,53,0,0,0,0,0,0,0,0,0,0,0,0,0,0,0,0,0,0,0,0,0,0,316,18308,0,0,0,0
59400.371,16345,61,0,0,0,0,0,8,47974,44,53,0,0,0,0,0,0,0,0,0,0,0,0,0,0,0,0,0,0,0,0,0,0,324,16220,0,0,0,0
59417.243,16872,59,0,0,0,0,0,8,47925,44,53,0,0,0,0,0,0,0,0,0,0,0,0,0,0,0,0,0,0,0,0,0,0,330,15889,0,0,0,0
59433.580,16336,61,0,0,0,0,0,8,48028,44,53,0,0,0,0,0,0,0,0,0,0,0,0,0,0,0,0,0,0,0,0,0,0,332,17229,0,0,0,0
59450.228,16647,60,0,0,0,0,0,8,47803,44,53,0,0,0,0,0,0,0,0,0,0,0,0,0,0,0,0,0,0,0,0,0,0,317,15927,0,0,0,0
59467.090,16861,59,0,0,0,0,0,8,46098,44,53,0,0,0,0,0,0,0,0,0,0,0,0,0,0,0,0,0,0,0,0,0,0,330,17009,0,0,0,0
59484.008,16918,59,0,0,0,0,0,8,46041,44,53,0,0,0,0,0,0,0,0,0,0,0,0,0,0,0,0,0,0,0,0,0,0,318,16371,0,0,0,0
59500.288,16279,61,0,0,0,0,0,8,46068,44,53,0,0,0,0,0,0,0,0,0,0,0,0,0,0,0,0,0,0,0,0,0,0,324,17593,0,0,0,0
59517.903,17615,56,0,0,0,0,0,8,45473,44,53,0,0,0,0,0,0,0,0,0,0,0,0,0,0,0,0,0,0,0,0,0,0,316,16201,0,0,0,0
59534.908,17004,58,0,0,0,0,0,8,46036,44,53,0,0,0,0,0,0,0,0,0,0,0,0,0,0,0,0,0,0,0,0,0,0,319,17461,0,0,0,0
59550.602,15694,63,0,0,0,0,0,8,46240,44,53,0,0,0,0,0,0,0,0,0,0,0,0,0,0,0,0,0,0,0,0,0,0,323,17091,0,0,0,0
59567.113,16511,60,0,0,0,0,0,8,45526,44,53,0,0,0,0,0,0,0,0,0,0,0,0,0,0,0,0,0,0,0,0,0,0,299,15310,0,0,0,0
59583.429,16315,61,0,0,0,0,0,8,47735,44,53,0,0,0,0,0,0,0,0,0,0,0,0,0,0,0,0,0,0,0,0,0,0,290,16310,0,0,0,0
59600.660,17231,58,0,0,0,0,0,8,47329,44,53,0,0,0,0,0,0,0,0,0,0,0,0,0,0,0,0,0,0,0,0,0,0,315,17023,0,0,0,0
59617.039,16379,61,0,0,0,0,0,8,47366,44,53,0,0,0,0,0,0,0,0,0,0,0,0,0,0,0,0,0,0,0,0,0,0,341,17130,0,0,0,0
59633.981,16941,59,0,0,0,0,0,8,47603,44,53,0,0,0,0,0,0,0,0,0,0,0,0,0,0,0,0,0,0,0,0,0,0,303,16178,0,0,0,0
59650.483,16502,60,0,0,0,0,0,8,47014,44,53,0,0,0,0,0,0,0,0,0,0,0,0,0,0,0,0,0,0,0,0,0,0,342,17040,0,0,0,0
59667.488,17005,58,0,0,0,0,0,8,46508,44,53,0,0,0,0,0,0,0,0,0,0,0,0,0,0,0,0,0,0,0,0,0,0,325,16643,0,0,0,0
59683.163,15674,63,0,0,0,0,0,8,46514,44,53,0,0,0,0,0,0,0,0,0,0,0,0,0,0,0,0,0,0,0,0,0,0,327,16160,0,0,0,0
59700.468,17305,57,0,0,0,0,0,8,46938,44,53,0,0,0,0,0,0,0,0,0,0,0,0,0,0,0,0,0,0,0,0,0,0,356,16678,0,0,0,0
59717.901,17432,57,0,0,0,0,0,8,46704,44,53,0,0,0,0,0,0,0,0,0,0,0,0,0,0,0,0,0,0,0,0,0,0,323,17599,0,0,0,0
59733.547,15646,63,0,0,0,0,0,8,46718,44,53,0,0,0,0,0,0,0,0,0,0,0,0,0,0,0,0,0,0,0,0,0,0,314,16731,0,0,0,0
59750.912,17364,57,0,0,0,0,0,8,46073,44,53,0,0,0,0,0,0,0,0,0,0,0,0,0,0,0,0,0,0,0,0,0,0,306,15725,0,0,0,0
59767.045,16133,61,0,0,0,0,0,8,45460,44,53,0,0,0,0,0,0,0,0,0,0,0,0,0,0,0,0,0,0,0,0,0,0,306,16116,0,0,0,0
59783.896,16851,59,0,0,0,0,0,8,46568,44,53,0,0,0,0,0,0,0,0,0,0,0,0,0,0,0,0,0,0,0,0,0,0,325,17319,0,0,0,0
59800.485,16589,60,0,0,0,0,0,8,46361,44,53,0,0,0,0,0,0,0,0,0,0,0,0,0,0,0,0,0,0,0,0,0,0,312,16813,0,0,0,0
59817.091,16605,60,0,0,0,0,0,8,46239,44,53,0,0,0,0,0,0,0,0,0,0,0,0,0,0,0,0,0,0,0,0,0,0,304,16206,0,0,0,0
59834.004,16913,59,0,0,0,0,0,8,46111,44,53,0,0,0,0,0,0,0,0,0,0,0,0,0,0,0,0,0,0,0,0,0,0,345,16855,0,0,0,0
59850.503,16498,60,0,0,0,0,0,8,44932,44,53,0,0,0,0,0,0,0,0,0,0,0,0,0,0,0,0,0,0,0,0,0,0,334,17134,0,0,0,0
59867.162,16659,60,0,0,0,0,0,8,44302,44,53,0,0,0,0,0,0,0,0,0,0,0,0,0,0,0,0,0,0,0,0,0,0,314,16241,0,0,0,0
59884.894,17731,56,0,0,0,0,0,8,44768,44,53,0,0,0,0,0,0,0,0,0,0,0,0,0,0,0,0,0,0,0,0,0,0,305,16760,0,0,0,0
59900.399,15504,64,0,0,0,0,0,8,44586,44,53,0,0,0,0,0,0,0,0,0,0,0,0,0,0,0,0,0,0,0,0,0,0,334,17915,0,0,0,0
59917.414,17015,58,0,0,0,0,0,8,43722,44,53,0,0,0,0,0,0,0,0,0,0,0,0,0,0,0,0,0,0,0,0,0,0,297,15307,0,0,0,0
59933.889,16475,60,0,0,0,0,0,8,44121,44,53,0,0,0,0,0,0,0,0,0,0,0,0,0,0,0,0,0,0,0,0,0,0,321,16552,0,0,0,0
59950.735,16845,59,0,0,0,0,0,8,43978,44,53,0,0,0,0,0,0,0,0,0,0,0,0,0,0,0,0,0,0,0,0,0,0,341,16833,0,0,0,0
59967.892,17157,58,0,0,0,0,0,8,42971,44,53,0,0,0,0,0,0,0,0,0,0,0,0,0,0,0,0,0,0,0,0,0,0,313,16678,0,0,0,0
59983.740,15847,63,0,0,0,0,0,8,43135,44,53,0,0,0,0,0,0,0,0,0,0,0,0,0,0,0,0,0,0,0,0,0,0,320,17139,0,0,0,0
60000.343,16603,60,0,0,0,0,0,8,42552,44,53,0,0,0,0,0,0,0,0,0,0,0,0,0,0,0,0,0,0,0,0,0,0,338,15669,0,0,0,0
60017.904,17559,56,0,0,0,0,0,8,43232,44,53,0,0,0,0,0,0,0,0,0,0,0,0,0,0,0,0,0,0,0,0,0,0,296,17312,0,0,0,0
60033.892,15988,62,0,0,0,0,0,8,42570,44,53,0,0,0,0,0,0,0,0,0,0,0,0,0,0,0,0,0,0,0,0,0,0,317,17116,0,0,0,0
60050.657,16765,59,0,0,0,0,0,8,42459,44,53,0,0,0,0,0,0,0,0,0,0,0,0,0,0,0,0,0,0,0,0,0,0,341,15588,0,0,0,0
60066.954,16296,61,0,0,0,0,0,8,42884,44,53,0,0,0,0,0,0,0,0,0,0,0,0,0,0,0,0,0,0,0,0,0,0,317,17460,0,0,0,0
60084.887,17934,55,0,0,0,0,0,8,42774,44,53,0,0,0,0,0,0,0,0,0,0,0,0,0,0,0,0,0,0,0,0,0,0,297,15754,0,0,0,0
60100.314,15426,64,0,0,0,0,0,8,43151,44,53,0,0,0,0,0,0,0,0,0,0,0,0,0,0,0,0,0,0,0,0,0,0,317,18336,0,0,0,0
60117.884,17570,56,0,0,0,0,0,8,43080,44,53,0,0,0,0,0,0,0,0,0,0,0,0,0,0,0,0,0,0,0,0,0,0,312,15648,0,0,0,0
60133.890,16005,62,0,0,0,0,0,8,43362,44,53,0,0,0,0,0,0,0,0,0,0,0,0,0,0,0,0,0,0,0,0,0,0,324,17750,0,0,0,0
60150.160,16270,61,0,0,0,0,0,8,43095,44,53,0,0,0,0,0,0,0,0,0,0,0,0,0,0,0,0,0,0,0,0,0,0,319,15516,0,0,0,0
60167.892,17731,56,0,0,0,0,0,8,43078,44,53,0,0,0,0,0,0,0,0,0,0,0,0,0,0,0,0,0,0,0,0,0,0,315,16599,0,0,0,0
60183.584,15691,63,0,0,0,0,0,8,43526,44,53,0,0,0,0,0,0,0,0,0,0,0,0,0,0,0,0,0,0,0,0,0,0,322,17324,0,0,0,0
60200.603,17019,58,0,0,0,0,0,8,43288,44,53,0,0,0,0,0,0,0,0,0,0,0,0,0,0,0,0,0,0,0,0,0,0,326,16049,0,0,0,0
60217.893,17289,57,0,0,0,0,0,8,43193,44,53,0,0,0,0,0,0,0,0,0,0,0,0,0,0,0,0,0,0,0,0,0,0,340,17139,0,0,0,0
60234.003,16109,62,0,0,0,0,0,8,43693,44,53,0,0,0,0,0,0,0,0,0,0,0,0,0,0,0,0,0,0,0,0,0,0,338,17103,0,0,0,0
60250.569,16566,60,0,0,0,0,0,8,43420,44,53,0,0,0,0,0,0,0,0,0,0,0,0,0,0,0,0,0,0,0,0,0,0,294,16001,0,0,0,0
60267.910,17323,57,0,0,0,0,0,8,43019,44,53,0,0,0,0,0,0,0,0,0,0,0,0,0,0,0,0,0,0,0,0,0,0,309,17022,0,0,0,0
60284.043,16150,61,0,0,0,0,0,8,44357,44,53,0,0,0,0,0,0,0,0,0,0,0,0,0,0,0,0,0,0,0,0,0,0,314,17048,0,0,0,0
60300.416,16373,61,0,0,0,0,0,8,43669,44,53,0,0,0,0,0,0,0,0,0,0,0,0,0,0,0,0,0,0,0,0,0,0,319,16076,0,0,0,0
60316.952,16535,60,0,0,0,0,0,8,43532,44,53,0,0,0,0,0,0,0,0,0,0,0,0,0,0,0,0,0,0,0,0,0,0,293,15988,0,0,0,0
60333.882,16930,59,0,0,0,0,0,8,44009,44,53,0,0,0,0,0,0,0,0,0,0,0,0,0,0,0,0,0,0,0,0,0,0,332,17110,0,0,0,0
60350.301,16419,60,0,0,0,0,0,8,44056,44,53,0,0,0,0,0,0,0,0,0,0,0,0,0,0,0,0,0,0,0,0,0,0,324,16763,0,0,0,0
60367.020,16718,59,0,0,0,0,0,8,43202,44,53,0,0,0,0,0,0,0,0,0,0,0,0,0,0,0,0,0,0,0,0,0,0,335,16304,0,0,0,0
60384.884,17864,55,0,0,0,0,0,8,43988,44,53,0,0,0,0,0,0,0,0,0,0,0,0,0,0,0,0,0,0,0,0,0,0,326,17268,0,0,0,0
60400.600,15715,63,0,0,0,0,0,8,43883,44,53,0,0,0,0,0,0,0,0,0,0,0,0,0,0,0,0,0,0,0,0,0,0,334,17531,0,0,0,0
60416.993,16392,61,0,0,0,0,0,8,45613,44,53,0,0,0,0,0,0,0,0,0,0,0,0,0,0,0,0,0,0,0,0,0,0,306,15288,0,0,0,0
60433.553,16560,60,0,0,0,0,0,8,45323,44,53,0,0,0,0,0,0,0,0,0,0,0,0,0,0,0,0,0,0,0,0,0,0,325,16565,0,0,0,0
60450.313,16759,59,0,0,0,0,0,8,45045,44,53,0,0,0,0,0,0,0,0,0,0,0,0,0,0,0,0,0,0,0,0,0,0,295,16203,0,0,0,0
60467.017,16704,59,0,0,0,0,0,8,44606,44,53,0,0,0,0,0,0,0,0,0,0,0,0,0,0,0,0,0,0,0,0,0,0,321,17233,0,0,0,0
60483.885,16867,59,0,0,0,0,0,8,44573,44,53,0,0,0,0,0,0,0,0,0,0,0,0,0,0,0,0,0,0,0,0,0,0,326,16654,0,0,0,0
60500.395,16510,60,0,0,0,0,0,8,44705,44,53,0,0,0,0,0,0,0,0,0,0,0,0,0,0,0,0,0,0,0,0,0,0,301,15562,0,0,0,0
60517.062,16666,60,0,0,0,0,0,8,45289,44,53,0,0,0,0,0,0,0,0,0,0,0,0,0,0,0,0,0,0,0,0,0,0,313,17925,0,0,0,0
60534.048,16986,58,0,0,0,0,0,8,45429,44,53,0,0,0,0,0,0,0,0,0,0,0,0,0,0,0,0,0,0,0,0,0,0,330,16661,0,0,0,0
60550.441,16393,60,0,0,0,0,0,8,44671,44,53,0,0,0,0,0,0,0,0,0,0,0,0,0,0,0,0,0,0,0,0,0,0,325,17061,0,0,0,0
60567.023,16581,60,0,0,0,0,0,8,44354,44,53,0,0,0,0,0,0,0,0,0,0,0,0,0,0,0,0,0,0,0,0,0,0,323,16537,0,0,0,0
60584.408,17385,57,0,0,0,0,0,8,44596,44,53,0,0,0,0,0,0,0,0,0,0,0,0,0,0,0,0,0,0,0,0,0,0,302,16073,0,0,0,0
60599.980,15572,64,0,0,0,0,0,8,44709,44,53,0,0,0,0,0,0,0,0,0,0,0,0,0,0,0,0,0,0,0,0,0,0,317,17622,0,0,0,0
60617.889,17908,55,0,0,0,0,0,8,44357,44,53,0,0,0,0,0,0,0,0,0,0,0,0,0,0,0,0,0,0,0,0,0,0,324,15097,0,0,0,0
60634.020,16131,61,0,0,0,0,0,8,44684,44,53,0,0,0,0,0,0,0,0,0,0,0,0,0,0,0,0,0,0,0,0,0,0,306,18455,0,0,0,0
60650.621,16600,60,0,0,0,0,0,8,44668,44,53,0,0,0,0,0,0,0,0,0,0,0,0,0,0,0,0,0,0,0,0,0,0,327,15915,0,0,0,0
60667.310,16689,59,0,0,0,0,0,8,44120,44,53,0,0,0,0,0,0,0,0,0,0,0,0,0,0,0,0,0,0,0,0,0,0,335,16462,0,0,0,0
60684.418,17107,58,0,0,0,0,0,8,42491,44,53,0,0,0,0,0,0,0,0,0,0,0,0,0,0,0,0,0,0,0,0,0,0,321,16329,0,0,0,0
60700.524,16105,62,0,0,0,0,0,8,42418,44,53,0,0,0,0,0,0,0,0,0,0,0,0,0,0,0,0,0,0,0,0,0,0,317,17155,0,0,0,0
60717.201,16677,59,0,0,0,0,0,8,41895,44,53,0,0,0,0,0,0,0,0,0,0,0,0,0,0,0,0,0,0,0,0,0,0,313,16724,0,0,0,0
60733.594,16393,61,0,0,0,0,0,8,42109,44,53,0,0,0,0,0,0,0,0,0,0,0,0,0,0,0,0,0,0,0,0,0,0,304,16335,0,0,0,0
60750.645,17050,58,0,0,0,0,0,8,42198,44,53,0,0,0,0,0,0,0,0,0,0,0,0,0,0,0,0,0,0,0,0,0,0,308,16307,0,0,0,0
60767.047,16402,60,0,0,0,0,0,8,41654,44,53,0,0,0,0,0,0,0,0,0,0,0,0,0,0,0,0,0,0,0,0,0,0,314,17181,0,0,0,0
60783.942,16894,59,0,0,0,0,0,8,41951,44,53,0,0,0,0,0,0,0,0,0,0,0,0,0,0,0,0,0,0,0,0,0,0,309,16376,0,0,0,0
60800.575,16633,60,0,0,0,0,0,8,41999,44,53,0,0,0,0,0,0,0,0,0,0,0,0,0,0,0,0,0,0,0,0,0,0,314,17018,0,0,0,0
60816.492,15917,62,0,0,0,0,0,8,41621,44,53,0,0,0,0,0,0,0,0,0,0,0,0,0,0,0,0,0,0,0,0,0,0,310,17038,0,0,0,0
60833.676,17184,58,0,0,0,0,0,8,43624,44,53,0,0,0,0,0,0,0,0,0,0,0,0,0,0,0,0,0,0,0,0,0,0,328,15143,0,0,0,0
60850.616,16940,59,0,0,0,0,0,8,43665,44,53,0,0,0,0,0,0,0,0,0,0,0,0,0,0,0,0,0,0,0,0,0,0,317,17218,0,0,0,0
60867.021,16405,60,0,0,0,0,0,8,43402,44,53,0,0,0,0,0,0,0,0,0,0,0,0,0,0,0,0,0,0,0,0,0,0,337,17420,0,0,0,0
60883.889,16867,59,0,0,0,0,0,8,43565,44,53,0,0,0,0,0,0,0,0,0,0,0,0,0,0,0,0,0,0,0,0,0,0,306,16285,0,0,0,0
60900.565,16676,59,0,0,0,0,0,8,43647,44,53,0,0,0,0,0,0,0,0,0,0,0,0,0,0,0,0,0,0,0,0,0,0,327,17062,0,0,0,0
60917.908,17342,57,0,0,0,0,0,8,43402,44,53,0,0,0,0,0,0,0,0,0,0,0,0,0,0,0,0,0,0,0,0,0,0,309,16179,0,0,0,0
60934.061,16153,61,0,0,0,0,0,8,43747,44,53,0,0,0,0,0,0,0,0,0,0,0,0,0,0,0,0,0,0,0,0,0,0,340,17760,0,0,0,0
60950.567,16505,60,0,0,0,0,0,8,43827,44,53,0,0,0,0,0,0,0,0,0,0,0,0,0,0,0,0,0,0,0,0,0,0,325,16585,0,0,0,0
60967.879,17312,57,0,0,0,0,0,8,43498,44,53,0,0,0,0,0,0,0,0,0,0,0,0,0,0,0,0,0,0,0,0,0,0,311,15584,0,0,0,0
60983.868,15988,62,0,0,0,0,0,8,43766,44,53,0,0,0,0,0,0,0,0,0,0,0,0,0,0,0,0,0,0,0,0,0,0,307,17961,0,0,0,0
61000.460,16592,60,0,0,0,0,0,8,43919,44,53,0,0,0,0,0,0,0,0,0,0,0,0,0,0,0,0,0,0,0,0,0,0,318,15289,0,0,0,0
61017.063,16602,60,0,0,0,0,0,8,43218,44,53,0,0,0,0,0,0,0,0,0,0,0,0,0,0,0,0,0,0,0,0,0,0,312,16933,0,0,0,0
61034.005,16942,59,0,0,0,0,0,8,43403,44,53,0,0,0,0,0,0,0,0,0,0,0,0,0,0,0,0,0,0,0,0,0,0,315,16264,0,0,0,0
61050.878,16872,59,0,0,0,0,0,8,43780,44,53,0,0,0,0,0,0,0,0,0,0,0,0,0,0,0,0,0,0,0,0,0,0,309,17384,0,0,0,0
61067.187,16308,61,0,0,0,0,0,8,43343,44,53,0,0,0,0,0,0,0,0,0,0,0,0,0,0,0,0,0,0,0,0,0,0,320,16974,0,0,0,0
61083.550,16363,61,0,0,0,0,0,8,43523,44,53,0,0,0,0,0,0,0,0,0,0,0,0,0,0,0,0,0,0,0,0,0,0,317,16263,0,0,0,0
61100.249,16698,59,0,0,0,0,0,8,41878,44,53,0,0,0,0,0,0,0,0,0,0,0,0,0,0,0,0,0,0,0,0,0,0,336,16089,0,0,0,0
61117.037,16788,59,0,0,0,0,0,8,41428,44,53,0,0,0,0,0,0,0,0,0,0,0,0,0,0,0,0,0,0,0,0,0,0,351,16865,0,0,0,0
61134.020,16983,58,0,0,0,0,0,8,41980,44,53,0,0,0,0,0,0,0,0,0,0,0,0,0,0,0,0,0,0,0,0,0,0,319,16781,0,0,0,0
61150.397,16377,61,0,0,0,0,0,8,42077,44,53,0,0,0,0,0,0,0,0,0,0,0,0,0,0,0,0,0,0,0,0,0,0,325,16908,0,0,0,0
61167.018,16620,60,0,0,0,0,0,8,41755,44,53,0,0,0,0,0,0,0,0,0,0,0,0,0,0,0,0,0,0,0,0,0,0,320,16775,0,0,0,0
61184.009,16991,58,0,0,0,0,0,8,41895,44,53,0,0,0,0,0,0,0,0,0,0,0,0,0,0,0,0,0,0,0,0,0,0,320,16186,0,0,0,0
61200.579,16570,60,0,0,0,0,0,8,41840,44,53,0,0,0,0,0,0,0,0,0,0,0,0,0,0,0,0,0,0,0,0,0,0,310,16858,0,0,0,0
61217.878,17298,57,0,0,0,0,0,8,41696,44,53,0,0,0,0,0,0,0,0,0,0,0,0,0,0,0,0,0,0,0,0,0,0,312,17367,0,0,0,0
61233.541,15663,63,0,0,0,0,0,8,42016,44,53,0,0,0,0,0,0,0,0,0,0,0,0,0,0,0,0,0,0,0,0,0,0,335,16637,0,0,0,0
61250.591,17050,58,0,0,0,0,0,8,41830,44,53,0,0,0,0,0,0,0,0,0,0,0,0,0,0,0,0,0,0,0,0,0,0,312,15722,0,0,0,0
61267.181,16589,60,0,0,0,0,0,8,41534,44,53,0,0,0,0,0,0,0,0,0,0,0,0,0,0,0,0,0,0,0,0,0,0,308,16745,0,0,0,0
61283.977,16796,59,0,0,0,0,0,8,41888,44,53,0,0,0,0,0,0,0,0,0,0,0,0,0,0,0,0,0,0,0,0,0,0,325,16568,0,0,0,0
61300.450,16472,60,0,0,0,0,0,8,42167,44,53,0,0,0,0,0,0,0,0,0,0,0,0,0,0,0,0,0,0,0,0,0,0,312,17184,0,0,0,0
61317.409,16959,58,0,0,0,0,0,8,41523,44,53,0,0,0,0,0,0,0,0,0,0,0,0,0,0,0,0,0,0,0,0,0,0,300,16783,0,0,0,0
61333.874,16464,60,0,0,0,0,0,8,41775,44,53,0,0,0,0,0,0,0,0,0,0,0,0,0,0,0,0,0,0,0,0,0,0,297,16564,0,0,0,0
61350.875,17000,58,0,0,0,0,0,8,41968,44,53,0,0,0,0,0,0,0,0,0,0,0,0,0,0,0,0,0,0,0,0,0,0,332,16767,0,0,0,0
61367.039,16164,61,0,0,0,0,0,8,41935,44,53,0,0,0,0,0,0,0,0,0,0,0,0,0,0,0,0,0,0,0,0,0,0,326,16585,0,0,0,0
61383.873,16834,59,0,0,0,0,0,8,42044,44,53,0,0,0,0,0,0,0,0,0,0,0,0,0,0,0,0,0,0,0,0,0,0,318,16451,0,0,0,0
61400.886,17012,58,0,0,0,0,0,8,41958,44,53,0,0,0,0,0,0,0,0,0,0,0,0,0,0,0,0,0,0,0,0,0,0,310,15943,0,0,0,0
61417.020,16133,61,0,0,0,0,0,8,42120,44,53,0,0,0,0,0,0,0,0,0,0,0,0,0,0,0,0,0,0,0,0,0,0,325,18310,0,0,0,0
61433.602,16582,60,0,0,0,0,0,8,41929,44,53,0,0,0,0,0,0,0,0,0,0,0,0,0,0,0,0,0,0,0,0,0,0,313,15574,0,0,0,0
61450.571,16969,58,0,0,0,0,0,8,42285,44,53,0,0,0,0,0,0,0,0,0,0,0,0,0,0,0,0,0,0,0,0,0,0,304,16613,0,0,0,0
61467.020,16437,60,0,0,0,0,0,8,41886,44,53,0,0,0,0,0,0,0,0,0,0,0,0,0,0,0,0,0,0,0,0,0,0,348,17057,0,0,0,0
61484.410,17401,57,0,0,0,0,0,8,42067,44,53,0,0,0,0,0,0,0,0,0,0,0,0,0,0,0,0,0,0,0,0,0,0,328,16614,0,0,0,0
61500.710,16299,61,0,0,0,0,0,8,42073,44,53,0,0,0,0,0,0,0,0,0,0,0,0,0,0,0,0,0,0,0,0,0,0,326,16989,0,0,0,0
61517.878,17168,58,0,0,0,0,0,8,41497,44,53,0,0,0,0,0,0,0,0,0,0,0,0,0,0,0,0,0,0,0,0,0,0,301,16250,0,0,0,0
61533.631,15752,63,0,0,0,0,0,8,42010,44,53,0,0,0,0,0,0,0,0,0,0,0,0,0,0,0,0,0,0,0,0,0,0,324,17444,0,0,0,0
61550.387,16756,59,0,0,0,0,0,8,41730,44,53,0,0,0,0,0,0,0,0,0,0,0,0,0,0,0,0,0,0,0,0,0,0,326,15508,0,0,0,0
61567.881,17493,57,0,0,0,0,0,8,41612,44,53,0,0,0,0,0,0,0,0,0,0,0,0,0,0,0,0,0,0,0,0,0,0,319,17519,0,0,0,0
61583.941,16060,62,0,0,0,0,0,8,41865,44,53,0,0,0,0,0,0,0,0,0,0,0,0,0,0,0,0,0,0,0,0,0,0,326,17053,0,0,0,0
61600.470,16529,60,0,0,0,0,0,8,41828,44,53,0,0,0,0,0,0,0,0,0,0,0,0,0,0,0,0,0,0,0,0,0,0,310,15665,0,0,0,0
61617.879,17408,57,0,0,0,0,0,8,41964,44,53,0,0,0,0,0,0,0,0,0,0,0,0,0,0,0,0,0,0,0,0,0,0,336,16706,0,0,0,0
61633.243,15364,65,0,0,0,0,0,8,42605,44,53,0,0,0,0,0,0,0,0,0,0,0,0,0,0,0,0,0,0,0,0,0,0,319,17775,0,0,0,0
61650.552,17309,57,0,0,0,0,0,8,42478,44,53,0,0,0,0,0,0,0,0,0,0,0,0,0,0,0,0,0,0,0,0,0,0,334,15306,0,0,0,0
61667.900,17347,57,0,0,0,0,0,8,42342,44,53,0,0,0,0,0,0,0,0,0,0,0,0,0,0,0,0,0,0,0,0,0,0,342,17359,0,0,0,0
61683.754,15853,63,0,0,0,0,0,8,44211,44,53,0,0,0,0,0,0,0,0,0,0,0,0,0,0,0,0,0,0,0,0,0,0,323,17430,0,0,0,0
61700.553,16799,59,0,0,0,0,0,8,46160,44,53,0,0,0,0,0,0,0,0,0,0,0,0,0,0,0,0,0,0,0,0,0,0,310,15482,0,0,0,0
61717.398,16844,59,0,0,0,0,0,8,45812,44,53,0,0,0,0,0,0,0,0,0,0,0,0,0,0,0,0,0,0,0,0,0,0,303,17156,0,0,0,0
61734.195,16797,59,0,0,0,0,0,8,46278,44,53,0,0,0,0,0,0,0,0,0,0,0,0,0,0,0,0,0,0,0,0,0,0,337,16751,0,0,0,0
61750.381,16185,61,0,0,0,0,0,8,46118,44,53,0,0,0,0,0,0,0,0,0,0,0,0,0,0,0,0,0,0,0,0,0,0,302,17030,0,0,0,0
61766.877,16496,60,0,0,0,0,0,8,46008,44,53,0,0,0,0,0,0,0,0,0,0,0,0,0,0,0,0,0,0,0,0,0,0,309,16133,0,0,0,0
61784.390,17513,57,0,0,0,0,0,8,46568,44,53,0,0,0,0,0,0,0,0,0,0,0,0,0,0,0,0,0,0,0,0,0,0,316,16300,0,0,0,0
61800.871,16480,60,0,0,0,0,0,8,46950,44,53,0,0,0,0,0,0,0,0,0,0,0,0,0,0,0,0,0,0,0,0,0,0,314,17371,0,0,0,0
61817.350,16479,60,0,0,0,0,0,8,46353,44,53,0,0,0,0,0,0,0,0,0,0,0,0,0,0,0,0,0,0,0,0,0,0,341,16655,0,0,0,0
61833.903,16552,60,0,0,0,0,0,8,46433,44,53,0,0,0,0,0,0,0,0,0,0,0,0,0,0,0,0,0,0,0,0,0,0,315,16392,0,0,0,0
61850.691,16788,59,0,0,0,0,0,8,46719,44,53,0,0,0,0,0,0,0,0,0,0,0,0,0,0,0,0,0,0,0,0,0,0,336,16520,0,0,0,0
61867.888,17196,58,0,0,0,0,0,8,46604,44,53,0,0,0,0,0,0,0,0,0,0,0,0,0,0,0,0,0,0,0,0,0,0,316,17340,0,0,0,0
61883.748,15860,63,0,0,0,0,0,8,46967,44,53,0,0,0,0,0,0,0,0,0,0,0,0,0,0,0,0,0,0,0,0,0,0,319,16616,0,0,0,0
61900.632,16884,59,0,0,0,0,0,8,46647,44,53,0,0,0,0,0,0,0,0,0,0,0,0,0,0,0,0,0,0,0,0,0,0,319,15505,0,0,0,0
61917.396,16763,59,0,0,0,0,0,8,46331,44,53,0,0,0,0,0,0,0,0,0,0,0,0,0,0,0,0,0,0,0,0,0,0,305,17468,0,0,0,0
61933.882,16486,60,0,0,0,0,0,8,46588,44,53,0,0,0,0,0,0,0,0,0,0,0,0,0,0,0,0,0,0,0,0,0,0,315,16521,0,0,0,0
61950.499,16616,60,0,0,0,0,0,8,46618,44,53,0,0,0,0,0,0,0,0,0,0,0,0,0,0,0,0,0,0,0,0,0,0,307,16581,0,0,0,0
61967.627,17127,58,0,0,0,0,0,8,44582,44,53,0,0,0,0,0,0,0,0,0,0,0,0,0,0,0,0,0,0,0,0,0,0,309,16286,0,0,0,0
61983.546,15919,62,0,0,0,0,0,8,45112,44,53,0,0,0,0,0,0,0,0,0,0,0,0,0,0,0,0,0,0,0,0,0,0,333,17423,0,0,0,0
62000.554,17007,58,0,0,0,0,0,8,44965,44,53,0,0,0,0,0,0,0,0,0,0,0,0,0,0,0,0,0,0,0,0,0,0,325,15688,0,0,0,0
62017.411,16857,59,0,0,0,0,0,8,46867,44,53,0,0,0,0,0,0,0,0,0,0,0,0,0,0,0,0,0,0,0,0,0,0,304,17705,0,0,0,0
62034.448,17036,58,0,0,0,0,0,8,47037,44,53,0,0,0,0,0,0,0,0,0,0,0,0,0,0,0,0,0,0,0,0,0,0,307,16267,0,0,0,0
62050.085,15637,63,0,0,0,0,0,8,47214,44,53,0,0,0,0,0,0,0,0,0,0,0,0,0,0,0,0,0,0,0,0,0,0,332,17192,0,0,0,0
62067.443,17358,57,0,0,0,0,0,8,46826,44,53,0,0,0,0,0,0,0,0,0,0,0,0,0,0,0,0,0,0,0,0,0,0,307,15381,0,0,0,0
62083.607,16163,61,0,0,0,0,0,8,47318,44,53,0,0,0,0,0,0,0,0,0,0,0,0,0,0,0,0,0,0,0,0,0,0,317,17557,0,0,0,0
62100.208,16601,60,0,0,0,0,0,8,47375,44,53,0,0,0,0,0,0,0,0,0,0,0,0,0,0,0,0,0,0,0,0,0,0,302,16230,0,0,0,0
62117.872,17664,56,0,0,0,0,0,8,46915,44,53,0,0,0,0,0,0,0,0,0,0,0,0,0,0,0,0,0,0,0,0,0,0,296,16914,0,0,0,0
62133.963,16081,62,0,0,0,0,0,8,47521,44,53,0,0,0,0,0,0,0,0,0,0,0,0,0,0,0,0,0,0,0,0,0,0,308,17437,0,0,0,0
62150.618,16665,60,0,0,0,0,0,8,46984,44,53,0,0,0,0,0,0,0,0,0,0,0,0,0,0,0,0,0,0,0,0,0,0,311,16098,0,0,0,0
62167.383,16764,59,0,0,0,0,0,8,46613,44,53,0,0,0,0,0,0,0,0,0,0,0,0,0,0,0,0,0,0,0,0,0,0,330,16343,0,0,0,0
62183.864,16481,60,0,0,0,0,0,8,47151,44,53,0,0,0,0,0,0,0,0,0,0,0,0,0,0,0,0,0,0,0,0,0,0,316,17218,0,0,0,0
62200.548,16684,59,0,0,0,0,0,8,47034,44,53,0,0,0,0,0,0,0,0,0,0,0,0,0,0,0,0,0,0,0,0,0,0,303,16574,0,0,0,0
62217.307,16758,59,0,0,0,0,0,8,46668,44,53,0,0,0,0,0,0,0,0,0,0,0,0,0,0,0,0,0,0,0,0,0,0,316,16562,0,0,0,0
62233.531,16224,61,0,0,0,0,0,8,46755,44,53,0,0,0,0,0,0,0,0,0,0,0,0,0,0,0,0,0,0,0,0,0,0,303,16218,0,0,0,0
62250.407,16875,59,0,0,0,0,0,8,47024,44,53,0,0,0,0,0,0,0,0,0,0,0,0,0,0,0,0,0,0,0,0,0,0,315,16350,0,0,0,0
62267.009,16602,60,0,0,0,0,0,8,46480,44,53,0,0,0,0,0,0,0,0,0,0,0,0,0,0,0,0,0,0,0,0,0,0,330,17369,0,0,0,0
62284.019,17009,58,0,0,0,0,0,8,47104,44,53,0,0,0,0,0,0,0,0,0,0,0,0,0,0,0,0,0,0,0,0,0,0,323,17094,0,0,0,0
62300.555,16536,60,0,0,0,0,0,8,48520,44,53,0,0,0,0,0,0,0,0,0,0,0,0,0,0,0,0,0,0,0,0,0,0,343,16463,0,0,0,0
62316.872,16316,61,0,0,0,0,0,8,47757,44,53,0,0,0,0,0,0,0,0,0,0,0,0,0,0,0,0,0,0,0,0,0,0,300,16404,0,0,0,0
62334.386,17514,57,0,0,0,0,0,8,48679,44,53,0,0,0,0,0,0,0,0,0,0,0,0,0,0,0,0,0,0,0,0,0,0,322,15919,0,0,0,0
62350.421,16034,62,0,0,0,0,0,8,48686,44,53,0,0,0,0,0,0,0,0,0,0,0,0,0,0,0,0,0,0,0,0,0,0,305,17803,0,0,0,0
62367.207,16786,59,0,0,0,0,0,8,48111,44,53,0,0,0,0,0,0,0,0,0,0,0,0,0,0,0,0,0,0,0,0,0,0,310,16327,0,0,0,0
62383.435,16228,61,0,0,0,0,0,8,48531,44,53,0,0,0,0,0,0,0,0,0,0,0,0,0,0,0,0,0,0,0,0,0,0,329,16739,0,0,0,0
62400.317,16881,59,0,0,0,0,0,8,48319,44,53,0,0,0,0,0,0,0,0,0,0,0,0,0,0,0,0,0,0,0,0,0,0,320,16123,0,0,0,0
62417.409,17092,58,0,0,0,0,0,8,48754,44,53,0,0,0,0,0,0,0,0,0,0,0,0,0,0,0,0,0,0,0,0,0,0,329,17268,0,0,0,0
62434.101,16691,59,0,0,0,0,0,8,48981,44,53,0,0,0,0,0,0,0,0,0,0,0,0,0,0,0,0,0,0,0,0,0,0,305,16212,0,0,0,0
62449.889,15788,63,0,0,0,0,0,8,51218,44,53,0,0,0,0,0,0,0,0,0,0,0,0,0,0,0,0,0,0,0,0,0,0,304,17125,0,0,0,0
62466.863,16973,58,0,0,0,0,0,8,50880,44,53,0,0,0,0,0,0,0,0,0,0,0,0,0,0,0,0,0,0,0,0,0,0,299,14642,0,0,0,0
62483.699,16836,59,0,0,0,0,0,8,51116,44,53,0,0,0,0,0,0,0,0,0,0,0,0,0,0,0,0,0,0,0,0,0,0,335,18380,0,0,0,0
62500.440,16741,59,0,0,0,1,0,8,51383,44,53,0,0,0,0,0,0,0,0,0,0,0,0,0,0,0,0,0,0,0,0,0,0,305,16310,0,0,0,0
62517.412,16971,58,0,0,0,0,0,8,50488,44,53,0,0,0,0,0,0,0,0,0,0,0,0,0,0,0,0,0,0,0,0,0,0,310,16761,0,0,0,0
62533.863,16451,60,0,0,0,0,0,8,50907,44,53,0,0,0,0,0,0,0,0,0,0,0,0,0,0,0,0,0,0,0,0,0,0,330,16934,0,0,0,0
62550.357,16494,60,0,0,0,0,0,8,50501,44,53,0,0,0,0,0,0,0,0,0,0,0,0,0,0,0,0,0,0,0,0,0,0,328,17002,0,0,0,0
62567.187,16829,59,0,0,0,0,0,8,48454,44,53,0,0,0,0,0,0,0,0,0,0,0,0,0,0,0,0,0,0,0,0,0,0,314,16143,0,0,0,0
62583.861,16674,59,0,0,0,0,0,8,48796,44,53,0,0,0,0,0,0,0,0,0,0,0,0,0,0,0,0,0,0,0,0,0,0,332,16960,0,0,0,0
62600.633,16771,59,0,0,0,0,0,8,48666,44,53,0,0,0,0,0,0,0,0,0,0,0,0,0,0,0,0,0,0,0,0,0,0,322,16459,0,0,0,0
62616.999,16366,61,0,0,0,0,0,8,48509,44,53,0,0,0,0,0,0,0,0,0,0,0,0,0,0,0,0,0,0,0,0,0,0,325,17292,0,0,0,0
62633.865,16866,59,0,0,0,0,0,8,48370,44,53,0,0,0,0,0,0,0,0,0,0,0,0,0,0,0,0,0,0,0,0,0,0,303,15755,0,0,0,0
62650.549,16684,59,0,0,0,0,0,8,48092,44,53,0,0,0,0,0,0,0,0,0,0,0,0,0,0,0,0,0,0,0,0,0,0,329,16019,0,0,0,0
62667.408,16859,59,0,0,0,0,0,8,47466,44,53,0,0,0,0,0,0,0,0,0,0,0,0,0,0,0,0,0,0,0,0,0,0,327,17679,0,0,0,0
62683.221,15812,63,0,0,0,0,0,8,49225,44,53,0,0,0,0,0,0,0,0,0,0,0,0,0,0,0,0,0,0,0,0,0,0,330,16831,0,0,0,0
62700.375,17154,58,0,0,0,0,0,8,48749,44,53,0,0,0,0,0,0,0,0,0,0,0,0,0,0,0,0,0,0,0,0,0,0,309,15324,0,0,0,0
62717.363,16988,58,0,0,0,0,0,8,47930,44,53,0,0,0,0,0,0,0,0,0,0,0,0,0,0,0,0,0,0,0,0,0,0,340,17822,0,0,0,0
62733.925,16561,60,0,0,0,0,0,8,48086,44,53,0,0,0,0,0,0,0,0,0,0,0,0,0,0,0,0,0,0,0,0,0,0,344,16773,0,0,0,0
62750.374,16449,60,0,0,0,0,0,8,48165,44,53,0,0,0,0,0,0,0,0,0,0,0,0,0,0,0,0,0,0,0,0,0,0,320,16803,0,0,0,0
62767.033,16659,60,0,0,0,0,0,8,48601,44,53,0,0,0,0,0,0,0,0,0,0,0,0,0,0,0,0,0,0,0,0,0,0,318,16422,0,0,0,0
62784.867,17833,56,0,0,0,0,0,8,48589,44,53,0,0,0,0,0,0,0,0,0,0,0,0,0,0,0,0,0,0,0,0,0,0,318,16750,0,0,0,0
62800.441,15574,64,0,0,0,0,0,8,48675,44,53,0,0,0,0,0,0,0,0,0,0,0,0,0,0,0,0,0,0,0,0,0,0,332,18066,0,0,0,0
62816.650,16208,61,0,0,0,0,0,8,48261,44,53,0,0,0,0,0,0,0,0,0,0,0,0,0,0,0,0,0,0,0,0,0,0,298,15330,0,0,0,0
62833.981,17330,57,0,0,0,0,0,8,48843,44,53,0,0,0,0,0,0,0,0,0,0,0,0,0,0,0,0,0,0,0,0,0,0,319,16034,0,0,0,0
62850.404,16423,60,0,0,0,0,0,8,48342,44,53,0,0,0,0,0,0,0,0,0,0,0,0,0,0,0,0,0,0,0,0,0,0,324,17249,0,0,0,0
62866.995,16580,60,0,0,0,0,0,8,48705,44,53,0,0,0,0,0,0,0,0,0,0,0,0,0,0,0,0,0,0,0,0,0,0,319,16641,0,0,0,0
62883.629,16644,60,0,0,0,0,0,8,47847,44,53,0,0,0,0,0,0,0,0,0,0,0,0,0,0,0,0,0,0,0,0,0,0,310,16280,0,0,0,0
62900.376,16747,59,0,0,0,0,0,8,47679,44,53,0,0,0,0,0,0,0,0,0,0,0,0,0,0,0,0,0,0,0,0,0,0,308,16929,0,0,0,0
62917.324,16948,59,0,0,0,0,0,8,47562,44,53,0,0,0,0,0,0,0,0,0,0,0,0,0,0,0,0,0,0,0,0,0,0,317,16629,0,0,0,0
62933.995,16670,59,0,0,0,0,0,8,47793,44,53,0,0,0,0,0,0,0,0,0,0,0,0,0,0,0,0,0,0,0,0,0,0,295,16513,0,0,0,0
62950.531,16535,60,0,0,0,0,0,8,45761,44,53,0,0,0,0,0,0,0,0,0,0,0,0,0,0,0,0,0,0,0,0,0,0,316,16908,0,0,0,0
62967.143,16611,60,0,0,0,0,0,8,45815,44,53,0,0,0,0,0,0,0,0,0,0,0,0,0,0,0,0,0,0,0,0,0,0,328,16182,0,0,0,0
62984.027,16884,59,0,0,0,0,0,8,45776,44,53,0,0,0,0,0,0,0,0,0,0,0,0,0,0,0,0,0,0,0,0,0,0,328,16618,0,0,0,0
63000.594,16566,60,0,0,0,0,0,8,45458,44,53,0,0,0,0,0,0,0,0,0,0,0,0,0,0,0,0,0,0,0,0,0,0,339,17339,0,0,0,0
63017.869,17274,57,0,0,0,0,0,8,45162,44,53,0,0,0,0,0,0,0,0,0,0,0,0,0,0,0,0,0,0,0,0,0,0,302,16329,0,0,0,0
63033.562,15693,63,0,0,0,0,0,8,45156,44,53,0,0,0,0,0,0,0,0,0,0,0,0,0,0,0,0,0,0,0,0,0,0,359,17469,0,0,0,0
63050.618,17056,58,0,0,0,0,0,8,45040,44,53,0,0,0,0,0,0,0,0,0,0,0,0,0,0,0,0,0,0,0,0,0,0,331,15504,0,0,0,0
63067.107,16489,60,0,0,0,0,0,8,44681,44,53,0,0,0,0,0,0,0,0,0,0,0,0,0,0,0,0,0,0,0,0,0,0,321,17170,0,0,0,0
63083.564,16456,60,0,0,0,0,0,8,44729,44,53,0,0,0,0,0,0,0,0,0,0,0,0,0,0,0,0,0,0,0,0,0,0,311,16400,0,0,0,0
63100.372,16808,59,0,0,0,0,0,8,46582,44,53,0,0,0,0,0,0,0,0,0,0,0,0,0,0,0,0,0,0,0,0,0,0,318,16154,0,0,0,0
63117.868,17495,57,0,0,0,0,0,8,46275,44,53,0,0,0,0,0,0,0,0,0,0,0,0,0,0,0,0,0,0,0,0,0,0,321,17618,0,0,0,0
63133.805,15937,62,0,0,0,0,0,8,46703,44,53,0,0,0,0,0,0,0,0,0,0,0,0,0,0,0,0,0,0,0,0,0,0,309,17149,0,0,0,0
63150.676,16870,59,0,0,0,0,0,8,46010,44,53,0,0,0,0,0,0,0,0,0,0,0,0,0,0,0,0,0,0,0,0,0,0,322,15925,0,0,0,0
63167.866,17190,58,0,0,0,0,0,8,45565,44,53,0,0,0,0,0,0,0,0,0,0,0,0,0,0,0,0,0,0,0,0,0,0,320,16619,0,0,0,0
63183.568,15701,63,0,0,0,0,0,8,45811,44,53,0,0,0,0,0,0,0,0,0,0,0,0,0,0,0,0,0,0,0,0,0,0,311,17647,0,0,0,0
63200.535,16966,58,0,0,0,0,0,8,45754,44,53,0,0,0,0,0,0,0,0,0,0,0,0,0,0,0,0,0,0,0,0,0,0,314,15631,0,0,0,0
63217.385,16850,59,0,0,0,0,0,8,45419,44,53,0,0,0,0,0,0,0,0,0,0,0,0,0,0,0,0,0,0,0,0,0,0,311,16829,0,0,0,0
63233.996,16611,60,0,0,0,0,0,8,45656,44,53,0,0,0,0,0,0,0,0,0,0,0,0,0,0,0,0,0,0,0,0,0,0,331,17573,0,0,0,0
63250.647,16650,60,0,0,0,0,0,8,45334,44,53,0,0,0,0,0,0,0,0,0,0,0,0,0,0,0,0,0,0,0,0,0,0,311,15631,0,0,0,0
63267.336,16688,59,0,0,0,0,0,8,45917,44,53,0,0,0,0,0,0,0,0,0,0,0,0,0,0,0,0,0,0,0,0,0,0,304,16947,0,0,0,0
63284.092,16755,59,0,0,0,0,0,8,45520,44,53,0,0,0,0,0,0,0,0,0,0,0,0,0,0,0,0,0,0,0,0,0,0,331,16605,0,0,0,0
63300.674,16582,60,0,0,0,0,0,8,45296,44,53,0,0,0,0,0,0,0,0,0,0,0,0,0,0,0,0,0,0,0,0,0,0,303,16553,0,0,0,0
63317.445,16770,59,0,0,0,0,0,8,45256,44,53,0,0,0,0,0,0,0,0,0,0,0,0,0,0,0,0,0,0,0,0,0,0,327,16579,0,0,0,0
63333.560,16115,62,0,0,0,0,0,8,45456,44,53,0,0,0,0,0,0,0,0,0,0,0,0,0,0,0,0,0,0,0,0,0,0,333,16550,0,0,0,0
63350.591,17031,58,0,0,0,0,0,8,44601,44,53,0,0,0,0,0,0,0,0,0,0,0,0,0,0,0,0,0,0,0,0,0,0,334,16215,0,0,0,0
63366.938,16346,61,0,0,0,0,0,8,42354,44,53,0,0,0,0,0,0,0,0,0,0,0,0,0,0,0,0,0,0,0,0,0,0,333,17226,0,0,0,0
63383.591,16652,60,0,0,0,0,0,8,44168,44,53,0,0,0,0,0,0,0,0,0,0,0,0,0,0,0,0,0,0,0,0,0,0,318,16682,0,0,0,0
63400.536,16944,59,0,0,0,0,0,8,43125,44,53,0,0,0,0,0,0,0,0,0,0,0,0,0,0,0,0,0,0,0,0,0,0,303,16645,0,0,0,0
63417.027,16491,60,0,0,0,0,0,8,42479,44,53,0,0,0,0,0,0,0,0,0,0,0,0,0,0,0,0,0,0,0,0,0,0,309,16506,0,0,0,0
63433.432,16405,60,0,0,0,0,0,8,42464,44,53,0,0,0,0,0,0,0,0,0,0,0,0,0,0,0,0,0,0,0,0,0,0,321,16583,0,0,0,0
63450.577,17145,58,0,0,0,0,0,8,42528,44,53,0,0,0,0,0,0,0,0,0,0,0,0,0,0,0,0,0,0,0,0,0,0,333,16243,0,0,0,0
63466.998,16420,60,0,0,0,0,0,8,42562,44,53,0,0,0,0,0,0,0,0,0,0,0,0,0,0,0,0,0,0,0,0,0,0,317,17777,0,0,0,0
63483.852,16854,59,0,0,0,0,0,8,42523,44,53,0,0,0,0,0,0,0,0,0,0,0,0,0,0,0,0,0,0,0,0,0,0,330,16369,0,0,0,0
63501.065,17213,58,0,0,0,0,0,8,43160,44,53,0,0,0,0,0,0,0,0,0,0,0,0,0,0,0,0,0,0,0,0,0,0,332,16604,0,0,0,0
63517.221,16155,61,0,0,0,0,0,8,41933,44,53,0,0,0,0,0,0,0,0,0,0,0,0,0,0,0,0,0,0,0,0,0,0,328,16930,0,0,0,0
63533.934,16713,59,0,0,0,0,0,8,42098,44,53,0,0,0,0,0,0,0,0,0,0,0,0,0,0,0,0,0,0,0,0,0,0,300,16300,0,0,0,0
63550.423,16489,60,0,0,0,0,0,8,42351,44,53,0,0,0,0,0,0,0,0,0,0,0,0,0,0,0,0,0,0,0,0,0,0,354,16876,0,0,0,0
63567.860,17436,57,0,0,0,0,0,8,43255,44,53,0,0,0,0,0,0,0,0,0,0,0,0,0,0,0,0,0,0,0,0,0,0,332,16602,0,0,0,0
63583.878,16017,62,0,0,0,0,0,8,42198,44,53,0,0,0,0,0,0,0,0,0,0,0,0,0,0,0,0,0,0,0,0,0,0,317,17303,0,0,0,0
63600.552,16674,59,0,0,0,0,0,8,41912,44,53,0,0,0,0,0,0,0,0,0,0,0,0,0,0,0,0,0,0,0,0,0,0,306,14897,0,0,0,0
63616.914,16361,61,0,0,0,0,0,8,41925,44,53,0,0,0,0,0,0,0,0,0,0,0,0,0,0,0,0,0,0,0,0,0,0,311,17643,0,0,0,0
63633.858,16944,59,0,0,0,0,0,8,42918,44,53,0,0,0,0,0,0,0,0,0,0,0,0,0,0,0,0,0,0,0,0,0,0,328,16364,0,0,0,0
63650.729,16870,59,0,0,0,0,0,8,42393,44,53,0,0,0,0,0,0,0,0,0,0,0,0,0,0,0,0,0,0,0,0,0,0,336,17299,0,0,0,0
63667.393,16664,60,0,0,0,0,0,8,42606,44,53,0,0,0,0,0,0,0,0,0,0,0,0,0,0,0,0,0,0,0,0,0,0,329,16601,0,0,0,0
63683.860,16466,60,0,0,0,0,0,8,42324,44,53,0,0,0,0,0,0,0,0,0,0,0,0,0,0,0,0,0,0,0,0,0,0,311,17063,0,0,0,0
63700.505,16644,60,0,0,0,0,0,8,42192,44,53,0,0,0,0,0,0,0,0,0,0,0,0,0,0,0,0,0,0,0,0,0,0,305,16216,0,0,0,0
63717.000,16484,60,0,0,0,0,0,8,42652,44,53,0,0,0,0,0,0,0,0,0,0,0,0,0,0,0,0,0,0,0,0,0,0,307,16218,0,0,0,0
63733.922,16932,59,0,0,0,0,0,8,43547,44,53,0,0,0,0,0,0,0,0,0,0,0,0,0,0,0,0,0,0,0,0,0,0,317,17240,0,0,0,0
63749.931,16009,62,0,0,0,0,0,8,43322,44,53,0,0,0,0,0,0,0,0,0,0,0,0,0,0,0,0,0,0,0,0,0,0,305,16326,0,0,0,0
63767.121,17189,58,0,0,0,0,0,8,43417,44,53,0,0,0,0,0,0,0,0,0,0,0,0,0,0,0,0,0,0,0,0,0,0,315,16764,0,0,0,0
63783.619,16497,60,0,0,0,0,0,8,43404,44,53,0,0,0,0,0,0,0,0,0,0,0,0,0,0,0,0,0,0,0,0,0,0,334,16584,0,0,0,0
63800.478,16859,59,0,0,0,0,0,8,50327,44,53,0,0,0,0,0,0,0,0,0,0,0,0,0,0,0,0,0,0,0,0,0,0,340,17268,0,0,0,0
63816.927,16448,60,0,0,0,0,0,8,49365,44,53,0,0,0,0,0,0,0,0,0,0,0,0,0,0,0,0,0,0,0,0,0,0,319,16561,0,0,0,0
63833.648,16721,59,0,0,0,0,0,8,49779,44,53,0,0,0,0,0,0,0,0,0,0,0,0,0,0,0,0,0,0,0,0,0,0,327,16048,0,0,0,0
63850.412,16764,59,0,0,0,0,0,8,49199,44,53,0,0,0,0,0,0,0,0,0,0,0,0,0,0,0,0,0,0,0,0,0,0,361,16631,0,0,0,0
63867.121,16708,59,0,0,0,0,0,8,48749,44,53,0,0,0,0,0,0,0,0,0,0,0,0,0,0,0,0,0,0,0,0,0,0,328,17305,0,0,0,0
63884.020,16898,59,0,0,0,0,0,8,49173,44,53,0,0,0,0,0,0,0,0,0,0,0,0,0,0,0,0,0,0,0,0,0,0,320,16854,0,0,0,0
63900.326,16306,61,0,0,0,0,0,8,49414,44,53,0,0,0,0,0,0,0,0,0,0,0,0,0,0,0,0,0,0,0,0,0,0,322,16410,0,0,0,0
63916.945,16618,60,0,0,0,0,0,8,49883,44,53,0,0,0,0,0,0,0,0,0,0,0,0,0,0,0,0,0,0,0,0,0,0,335,15903,0,0,0,0
63933.994,17049,58,0,0,0,0,0,8,53854,44,53,0,0,0,0,0,0,0,0,0,0,0,0,0,0,0,0,0,0,0,0,0,0,306,17243,0,0,0,0
63950.494,16500,60,0,0,0,0,0,8,53159,44,53,0,0,0,0,0,0,0,0,0,0,0,0,0,0,0,0,0,0,0,0,0,0,312,17138,0,0,0,0
63966.512,16017,62,0,0,0,0,0,8,52657,44,53,0,0,0,0,0,0,0,0,0,0,0,0,0,0,0,0,0,0,0,0,0,0,285,16555,0,0,0,0
63983.577,17065,58,0,0,0,0,0,8,53060,44,53,0,0,0,0,0,0,0,0,0,0,0,0,0,0,0,0,0,0,0,0,0,0,303,15312,0,0,0,0
64000.371,16794,59,0,0,0,0,0,8,55418,44,53,0,0,0,0,0,0,0,0,0,0,0,0,0,0,0,0,0,0,0,0,0,0,312,17340,0,0,0,0
64016.990,16618,60,0,0,0,0,0,8,54809,44,53,0,0,0,0,0,0,0,0,0,0,0,0,0,0,0,0,0,0,0,0,0,0,342,17316,0,0,0,0
64033.857,16867,59,0,0,0,0,0,8,55154,44,53,0,0,0,0,0,0,0,0,0,0,0,0,0,0,0,0,0,0,0,0,0,0,318,16489,0,0,0,0
64050.386,16528,60,0,0,0,0,0,8,55139,44,53,0,0,0,0,0,0,0,0,0,0,0,0,0,0,0,0,0,0,0,0,0,0,329,16720,0,0,0,0
64067.862,17476,57,0,0,0,0,0,8,55131,44,53,0,0,0,0,0,0,0,0,0,0,0,0,0,0,0,0,0,0,0,0,0,0,295,16403,0,0,0,0
64083.476,15614,64,0,0,0,0,0,8,55331,44,53,0,0,0,0,0,0,0,0,0,0,0,0,0,0,0,0,0,0,0,0,0,0,325,17857,0,0,0,0
64100.455,16978,58,0,0,0,0,0,8,55654,44,53,0,0,0,0,0,0,0,0,0,0,0,0,0,0,0,0,0,0,0,0,0,0,287,14977,0,0,0,0
64116.919,16464,60,0,0,0,0,0,8,55398,44,53,0,0,0,0,0,0,0,0,0,0,0,0,0,0,0,0,0,0,0,0,0,0,327,17228,0,0,0,0
64134.856,17936,55,0,0,0,0,0,8,55892,44,53,0,0,0,0,0,0,0,0,0,0,0,0,0,0,0,0,0,0,0,0,0,0,311,16293,0,0,0,0
64150.561,15705,63,0,0,0,0,0,8,56796,44,53,0,0,0,0,0,0,0,0,0,0,0,0,0,0,0,0,0,0,0,0,0,0,338,18178,0,0,0,0
64167.857,17295,57,0,0,0,0,0,8,56604,44,53,0,0,0,0,0,0,0,0,0,0,0,0,0,0,0,0,0,0,0,0,0,0,304,15376,0,0,0,0
64183.250,15393,64,0,0,0,0,0,8,57664,44,53,0,0,0,0,0,0,0,0,0,0,0,0,0,0,0,0,0,0,0,0,0,0,318,18482,0,0,0,0
64200.432,17181,58,0,0,0,0,0,8,57062,44,53,0,0,0,0,0,0,0,0,0,0,0,0,0,0,0,0,0,0,0,0,0,0,306,14638,0,0,0,0
64216.884,16452,60,0,0,0,0,0,8,57116,44,53,0,0,0,0,0,0,0,0,0,0,0,0,0,0,0,0,0,0,0,0,0,0,319,17270,0,0,0,0
64233.592,16707,59,0,0,0,0,0,8,57222,44,53,0,0,0,0,0,0,0,0,0,0,0,0,0,0,0,0,0,0,0,0,0,0,317,16422,0,0,0,0
64250.259,16667,59,0,0,0,0,0,8,57248,44,53,0,0,0,0,0,0,0,0,0,0,0,0,0,0,0,0,0,0,0,0,0,0,322,16390,0,0,0,0
64266.957,16697,59,0,0,0,0,0,8,55371,44,53,0,0,0,0,0,0,0,0,0,0,0,0,0,0,0,0,0,0,0,0,0,0,307,17198,0,0,0,0
64284.846,17889,55,0,0,0,0,0,8,56237,44,53,0,0,0,0,0,0,0,0,0,0,0,0,0,0,0,0,0,0,0,0,0,0,311,16619,0,0,0,0
64300.363,15517,64,0,0,0,0,0,8,56025,44,53,0,0,0,0,0,0,0,0,0,0,0,0,0,0,0,0,0,0,0,0,0,0,314,18100,0,0,0,0
64316.895,16532,60,0,0,0,0,0,8,55174,44,53,0,0,0,0,0,0,0,0,0,0,0,0,0,0,0,0,0,0,0,0,0,0,310,15367,0,0,0,0
64333.846,16950,58,0,0,0,0,0,8,56352,44,53,0,0,0,0,0,0,0,0,0,0,0,0,0,0,0,0,0,0,0,0,0,0,303,16443,0,0,0,0
64350.585,16739,59,0,0,0,0,0,8,56000,44,53,0,0,0,0,0,0,0,0,0,0,0,0,0,0,0,0,0,0,0,0,0,0,297,16767,0,0,0,0
64366.967,16381,61,0,0,0,0,0,8,55286,44,53,0,0,0,0,0,0,0,0,0,0,0,0,0,0,0,0,0,0,0,0,0,0,339,17011,0,0,0,0
64383.620,16653,60,0,0,0,0,0,8,55473,44,53,0,0,0,0,0,0,0,0,0,0,0,0,0,0,0,0,0,0,0,0,0,0,315,16120,0,0,0,0
64400.360,16740,59,0,0,0,0,0,8,55035,44,53,0,0,0,0,0,0,0,0,0,0,0,0,0,0,0,0,0,0,0,0,0,0,306,16673,0,0,0,0
64417.406,17046,58,0,0,0,0,0,8,54309,44,53,0,0,0,0,0,0,0,0,0,0,0,0,0,0,0,0,0,0,0,0,0,0,325,16601,0,0,0,0
64433.587,16180,61,0,0,0,0,0,8,55122,44,53,0,0,0,0,0,0,0,0,0,0,0,0,0,0,0,0,0,0,0,0,0,0,318,17284,0,0,0,0
64450.374,16786,59,0,0,0,0,0,8,56567,44,53,0,0,0,0,0,0,0,0,0,0,0,0,0,0,0,0,0,0,0,0,0,0,310,15911,0,0,0,0
64467.243,16868,59,0,0,0,0,0,8,55915,44,53,0,0,0,0,0,0,0,0,0,0,0,0,0,0,0,0,0,0,0,0,0,0,335,17608,0,0,0,0
64483.884,16641,60,0,0,0,0,0,8,55693,44,53,0,0,0,0,0,0,0,0,0,0,0,0,0,0,0,0,0,0,0,0,0,0,308,15991,0,0,0,0
64500.240,16356,61,0,0,0,0,0,8,55774,44,53,0,0,0,0,0,0,0,0,0,0,0,0,0,0,0,0,0,0,0,0,0,0,333,17067,0,0,0,0
64517.279,17039,58,0,0,0,0,0,8,55458,44,53,0,0,0,0,0,0,0,0,0,0,0,0,0,0,0,0,0,0,0,0,0,0,322,15941,0,0,0,0
64533.848,16568,60,0,0,0,0,0,8,55682,44,53,0,0,0,0,0,0,0,0,0,0,0,0,0,0,0,0,0,0,0,0,0,0,337,17183,0,0,0,0
64550.841,16992,58,0,0,0,0,0,8,54959,44,53,0,0,0,0,0,0,0,0,0,0,0,0,0,0,0,0,0,0,0,0,0,0,316,18000,0,0,0,0
64567.103,16262,61,0,0,0,0,0,8,54168,44,53,0,0,0,0,0,0,0,0,0,0,0,0,0,0,0,0,0,0,0,0,0,0,336,15715,0,0,0,0
64583.849,16745,59,0,0,0,0,0,8,54346,44,53,0,0,0,0,0,0,0,0,0,0,0,0,0,0,0,0,0,0,0,0,0,0,298,16077,0,0,0,0
64600.368,16518,60,0,0,0,0,0,8,53915,44,53,0,0,0,0,0,0,0,0,0,0,0,0,0,0,0,0,0,0,0,0,0,0,306,15811,0,0,0,0
64616.925,16557,60,0,0,0,0,0,8,54356,44,53,0,0,0,0,0,0,0,0,0,0,0,0,0,0,0,0,0,0,0,0,0,0,321,17959,0,0,0,0
64633.607,16681,59,0,0,0,0,0,8,54266,44,53,0,0,0,0,0,0,0,0,0,0,0,0,0,0,0,0,0,0,0,0,0,0,325,16557,0,0,0,0
64649.856,16249,61,0,0,0,0,0,8,54387,44,53,0,0,0,0,0,0,0,0,0,0,0,0,0,0,0,0,0,0,0,0,0,0,323,16492,0,0,0,0
64666.989,17133,58,0,0,0,0,0,8,53557,44,53,0,0,0,0,0,0,0,0,0,0,0,0,0,0,0,0,0,0,0,0,0,0,285,14703,0,0,0,0
64683.597,16607,60,0,0,0,0,0,8,53909,44,53,0,0,0,0,0,0,0,0,0,0,0,0,0,0,0,0,0,0,0,0,0,0,307,18106,0,0,0,0
64700.361,16764,59,0,0,0,0,0,8,53693,44,53,0,0,0,0,0,0,0,0,0,0,0,0,0,0,0,0,0,0,0,0,0,0,331,16460,0,0,0,0
64716.904,16543,60,0,0,0,0,0,8,51653,44,53,0,0,0,0,0,0,0,0,0,0,0,0,0,0,0,0,0,0,0,0,0,0,324,16906,0,0,0,0
64733.990,17086,58,0,0,0,0,0,8,51973,44,53,0,0,0,0,0,0,0,0,0,0,0,0,0,0,0,0,0,0,0,0,0,0,304,16935,0,0,0,0
64750.599,16608,60,0,0,0,0,0,8,52095,44,53,0,0,0,0,0,0,0,0,0,0,0,0,0,0,0,0,0,0,0,0,0,0,321,17322,0,0,0,0
64767.007,16407,60,0,0,0,0,0,8,52012,44,53,0,0,0,0,0,0,0,0,0,0,0,0,0,0,0,0,0,0,0,0,0,0,339,15933,0,0,0,0
64784.056,17049,58,0,0,0,0,0,8,52262,44,53,0,0,0,0,0,0,0,0,0,0,0,0,0,0,0,0,0,0,0,0,0,0,331,16526,0,0,0,0
64800.401,16344,61,0,0,0,0,0,8,53162,44,53,0,0,0,0,0,0,0,0,0,0,0,0,0,0,0,0,0,0,0,0,0,0,323,17550,0,0,0,0
64816.500,16098,62,0,0,0,0,0,8,52917,44,53,0,0,0,0,0,0,0,0,0,0,0,0,0,0,0,0,0,0,0,0,0,0,307,16102,0,0,0,0
64833.983,17483,57,0,0,0,0,0,8,52583,44,53,0,0,0,0,0,0,0,0,0,0,0,0,0,0,0,0,0,0,0,0,0,0,322,15990,0,0,0,0
64850.426,16442,60,0,0,0,0,0,8,53006,44,53,0,0,0,0,0,0,0,0,0,0,0,0,0,0,0,0,0,0,0,0,0,0,333,17510,0,0,0,0
64867.268,16842,59,0,0,0,0,0,8,53617,44,53,0,0,0,0,0,0,0,0,0,0,0,0,0,0,0,0,0,0,0,0,0,0,322,16569,0,0,0,0
64883.915,16647,60,0,0,0,0,0,8,54373,44,53,0,0,0,0,0,0,0,0,0,0,0,0,0,0,0,0,0,0,0,0,0,0,318,16811,0,0,0,0
64900.457,16541,60,0,0,0,0,0,8,54383,44,53,0,0,0,0,0,0,0,0,0,0,0,0,0,0,0,0,0,0,0,0,0,0,328,16605,0,0,0,0
64917.728,17270,57,0,0,0,0,0,8,54379,44,53,0,0,0,0,0,0,0,0,0,0,0,0,0,0,0,0,0,0,0,0,0,0,325,16813,0,0,0,0
64933.850,16122,62,0,0,0,0,0,8,54851,44,53,0,0,0,0,0,0,0,0,0,0,0,0,0,0,0,0,0,0,0,0,0,0,326,17619,0,0,0,0
64950.670,16819,59,0,0,0,0,0,8,54752,44,53,0,0,0,0,0,0,0,0,0,0,0,0,0,0,0,0,0,0,0,0,0,0,301,15866,0,0,0,0
64966.982,16312,61,0,0,0,0,0,8,54623,44,53,0,0,0,0,0,0,0,0,0,0,0,0,0,0,0,0,0,0,0,0,0,0,343,16728,0,0,0,0
64983.864,16881,59,0,0,0,0,0,8,54747,44,53,0,0,0,0,0,0,0,0,0,0,0,0,0,0,0,0,0,0,0,0,0,0,347,16170,0,0,0,0
65000.378,16514,60,0,0,0,0,0,8,54746,44,53,0,0,0,0,0,0,0,0,0,0,0,0,0,0,0,0,0,0,0,0,0,0,339,15954,0,0,0,0
65017.369,16991,58,0,0,0,0,0,8,54635,44,53,0,0,0,0,0,0,0,0,0,0,0,0,0,0,0,0,0,0,0,0,0,0,313,17791,0,0,0,0
65034.364,16995,58,0,0,0,0,0,8,54301,44,53,0,0,0,0,0,0,0,0,0,0,0,0,0,0,0,0,0,0,0,0,0,0,330,16781,0,0,0,0
65050.523,16158,61,0,0,0,0,0,8,54463,44,53,0,0,0,0,0,0,0,0,0,0,0,0,0,0,0,0,0,0,0,0,0,0,338,17212,0,0,0,0
65066.959,16436,60,0,0,0,0,0,8,54143,44,53,0,0,0,0,0,0,0,0,0,0,0,0,0,0,0,0,0,0,0,0,0,0,309,16001,0,0,0,0
65083.972,17012,58,0,0,0,0,0,8,54149,44,53,0,0,0,0,0,0,0,0,0,0,0,0,0,0,0,0,0,0,0,0,0,0,322,16216,0,0,0,0
65100.840,16867,59,0,0,0,0,0,8,54013,44,53,0,0,0,0,0,0,0,0,0,0,0,0,0,0,0,0,0,0,0,0,0,0,321,16655,0,0,0,0
65117.070,16230,61,0,0,0,0,0,8,53762,44,53,0,0,0,0,0,0,0,0,0,0,0,0,0,0,0,0,0,0,0,0,0,0,327,17654,0,0,0,0
65133.960,16889,59,0,0,0,0,0,8,53598,44,53,0,0,0,0,0,0,0,0,0,0,0,0,0,0,0,0,0,0,0,0,0,0,345,15943,0,0,0,0
65150.522,16562,60,0,0,0,0,0,8,53820,44,53,0,0,0,0,0,0,0,0,0,0,0,0,0,0,0,0,0,0,0,0,0,0,301,16854,0,0,0,0
65166.975,16452,60,0,0,0,0,0,8,54852,44,53,0,0,0,0,0,0,0,0,0,0,0,0,0,0,0,0,0,0,0,0,0,0,315,16248,0,0,0,0
65183.552,16577,60,0,0,0,0,0,8,55378,44,53,0,0,0,0,0,0,0,0,0,0,0,0,0,0,0,0,0,0,0,0,0,0,349,17014,0,0,0,0
65200.441,16888,59,0,0,0,0,0,8,54952,44,53,0,0,0,0,0,0,0,0,0,0,0,0,0,0,0,0,0,0,0,0,0,0,346,16369,0,0,0,0
65216.976,16534,60,0,0,0,0,0,8,54282,44,53,0,0,0,0,0,0,0,0,0,0,0,0,0,0,0,0,0,0,0,0,0,0,335,16751,0,0,0,0
65233.526,16550,60,0,0,0,0,0,8,55546,44,53,0,0,0,0,0,0,0,0,0,0,0,0,0,0,0,0,0,0,0,0,0,0,339,16528,0,0,0,0
65250.580,17054,58,0,0,0,0,0,8,55727,44,53,0,0,0,0,0,0,0,0,0,0,0,0,0,0,0,0,0,0,0,0,0,0,330,16374,0,0,0,0
65267.843,17262,57,0,0,0,0,0,8,55605,44,53,0,0,0,0,0,0,0,0,0,0,0,0,0,0,0,0,0,0,0,0,0,0,338,17182,0,0,0,0
65283.674,15831,63,0,0,0,0,0,8,55573,44,53,0,0,0,0,0,0,0,0,0,0,0,0,0,0,0,0,0,0,0,0,0,0,305,17654,0,0,0,0
65300.438,16764,59,0,0,0,0,0,8,55471,44,53,0,0,0,0,0,0,0,0,0,0,0,0,0,0,0,0,0,0,0,0,0,0,329,15707,0,0,0,0
65317.849,17410,57,0,0,0,0,0,8,55090,44,53,0,0,0,0,0,0,0,0,0,0,0,0,0,0,0,0,0,0,0,0,0,0,335,16644,0,0,0,0
65334.847,16998,58,0,0,0,0,0,8,56009,44,53,0,0,0,0,0,0,0,0,0,0,0,0,0,0,0,0,0,0,0,0,0,0,321,17815,0,0,0,0
65350.357,15509,64,0,0,0,0,0,8,54865,44,53,0,0,0,0,0,0,0,0,0,0,0,0,0,0,0,0,0,0,0,0,0,0,343,16795,0,0,0,0
65367.841,17484,57,0,0,0,0,0,8,54694,44,53,0,0,0,0,0,0,0,0,0,0,0,0,0,0,0,0,0,0,0,0,0,0,307,15177,0,0,0,0
65383.571,15729,63,0,0,0,0,0,8,56224,44,53,0,0,0,0,0,0,0,0,0,0,0,0,0,0,0,0,0,0,0,0,0,0,338,17874,0,0,0,0
65399.765,16194,61,0,0,0,0,0,8,56121,44,53,0,0,0,0,0,0,0,0,0,0,0,0,0,0,0,0,0,0,0,0,0,0,300,15530,0,0,0,0
65416.983,17218,58,0,0,0,0,0,8,54565,44,53,0,0,0,0,0,0,0,0,0,0,0,0,0,0,0,0,0,0,0,0,0,0,325,15878,0,0,0,0
65433.982,16998,58,0,0,0,0,0,8,53113,44,53,0,0,0,0,0,0,0,0,0,0,0,0,0,0,0,0,0,0,0,0,0,0,313,17314,0,0,0,0
65450.635,16654,60,0,0,0,0,0,8,54339,44,53,0,0,0,0,0,0,0,0,0,0,0,0,0,0,0,0,0,0,0,0,0,0,317,17328,0,0,0,0
65467.844,17207,58,0,0,0,0,0,8,52968,44,53,0,0,0,0,0,0,0,0,0,0,0,0,0,0,0,0,0,0,0,0,0,0,319,16605,0,0,0,0
65483.839,15995,62,0,0,0,0,0,8,53213,44,53,0,0,0,0,0,0,0,0,0,0,0,0,0,0,0,0,0,0,0,0,0,0,316,17915,0,0,0,0
65500.365,16525,60,0,0,0,0,0,8,53043,44,53,0,0,0,0,0,0,0,0,0,0,0,0,0,0,0,0,0,0,0,0,0,0,307,15233,0,0,0,0
65517.291,16926,59,0,0,0,0,0,8,52208,44,53,0,0,0,0,0,0,0,0,0,0,0,0,0,0,0,0,0,0,0,0,0,0,311,16555,0,0,0,0
65533.974,16683,59,0,0,0,0,0,8,52844,44,53,0,0,0,0,0,0,0,0,0,0,0,0,0,0,0,0,0,0,0,0,0,0,333,16511,0,0,0,0
65551.359,17385,57,0,0,0,0,0,8,52543,44,53,0,0,0,0,0,0,0,0,0,0,0,0,0,0,0,0,0,0,0,0,0,0,318,16887,0,0,0,0
65567.061,15702,63,0,0,0,0,0,8,52351,44,53,0,0,0,0,0,0,0,0,0,0,0,0,0,0,0,0,0,0,0,0,0,0,328,17118,0,0,0,0
65583.987,16911,59,0,0,0,0,0,8,52439,44,53,0,0,0,0,0,0,0,0,0,0,0,0,0,0,0,0,0,0,0,0,0,0,319,16097,0,0,0,0
65600.489,16516,60,0,0,0,0,0,8,51764,44,53,0,0,0,0,0,0,0,0,0,0,0,0,0,0,0,0,0,0,0,0,0,0,330,17169,0,0,0,0
65616.947,16457,60,0,0,0,0,0,8,51659,44,53,0,0,0,0,0,0,0,0,0,0,0,0,0,0,0,0,0,0,0,0,0,0,345,16085,0,0,0,0
65633.838,16891,59,0,0,0,0,0,8,51765,44,53,0,0,0,0,0,0,0,0,0,0,0,0,0,0,0,0,0,0,0,0,0,0,317,16161,0,0,0,0
65650.346,16507,60,0,0,0,0,0,8,51542,44,53,0,0,0,0,0,0,0,0,0,0,0,0,0,0,0,0,0,0,0,0,0,0,311,16859,0,0,0,0
65667.839,17492,57,0,0,0,0,0,8,51187,44,53,0,0,0,0,0,0,0,0,0,0,0,0,0,0,0,0,0,0,0,0,0,0,340,17033,0,0,0,0
65683.839,16000,62,0,0,0,0,0,8,51426,44,53,0,0,0,0,0,0,0,0,0,0,0,0,0,0,0,0,0,0,0,0,0,0,315,17440,0,0,0,0
65700.349,16500,60,0,0,0,0,0,8,51259,44,53,0,0,0,0,0,0,0,0,0,0,0,0,0,0,0,0,0,0,0,0,0,0,314,16013,0,0,0,0
65717.304,16964,58,0,0,0,0,0,8,50745,44,53,0,0,0,0,0,0,0,0,0,0,0,0,0,0,0,0,0,0,0,0,0,0,318,16521,0,0,0,0
65734.352,17047,58,0,0,0,0,0,8,50795,44,53,0,0,0,0,0,0,0,0,0,0,0,0,0,0,0,0,0,0,0,0,0,0,310,16580,0,0,0,0
65750.351,15999,62,0,0,0,0,0,8,51065,44,53,0,0,0,0,0,0,0,0,0,0,0,0,0,0,0,0,0,0,0,0,0,0,328,17272,0,0,0,0
65766.983,16632,60,0,0,0,0,0,8,50522,44,53,0,0,0,0,0,0,0,0,0,0,0,0,0,0,0,0,0,0,0,0,0,0,308,15800,0,0,0,0
65783.994,17011,58,0,0,0,0,0,8,50774,44,53,0,0,0,0,0,0,0,0,0,0,0,0,0,0,0,0,0,0,0,0,0,0,356,16969,0,0,0,0
65800.484,16489,60,0,0,0,0,0,8,50960,44,53,0,0,0,0,0,0,0,0,0,0,0,0,0,0,0,0,0,0,0,0,0,0,320,17021,0,0,0,0
65816.942,16457,60,0,0,0,0,0,8,50357,44,53,0,0,0,0,0,0,0,0,0,0,0,0,0,0,0,0,0,0,0,0,0,0,309,16270,0,0,0,0
65833.989,17047,58,0,0,0,0,0,8,50296,44,53,0,0,0,0,0,0,0,0,0,0,0,0,0,0,0,0,0,0,0,0,0,0,307,15917,0,0,0,0
65851.394,17404,57,0,0,0,0,0,8,51992,44,53,0,0,0,0,0,0,0,0,0,0,0,0,0,0,0,0,0,0,0,0,0,0,321,17926,0,0,0,0
65866.916,15522,64,0,0,0,0,0,8,50005,44,53,0,0,0,0,0,0,0,0,0,0,0,0,0,0,0,0,0,0,0,0,0,0,324,17247,0,0,0,0
65883.853,16919,59,0,0,0,0,0,8,50277,44,53,0,0,0,0,0,0,0,0,0,0,0,0,0,0,0,0,0,0,0,0,0,0,288,15358,0,0,0,0
65901.360,17524,57,0,0,0,0,0,8,50046,44,53,0,0,0,0,0,0,0,0,0,0,0,0,0,0,0,0,0,0,0,0,0,0,322,16966,0,0,0,0
65917.834,16474,60,0,0,0,0,0,8,49461,44,53,0,0,0,0,0,0,0,0,0,0,0,0,0,0,0,0,0,0,0,0,0,0,309,17256,0,0,0,0
65933.779,15944,62,0,0,0,0,0,8,49337,44,53,0,0,0,0,0,0,0,0,0,0,0,0,0,0,0,0,0,0,0,0,0,0,311,16663,0,0,0,0
65950.341,16562,60,0,0,0,0,0,8,51009,44,53,0,0,0,0,0,0,0,0,0,0,0,0,0,0,0,0,0,0,0,0,0,0,308,15679,0,0,0,0
65967.869,17527,57,0,0,0,0,0,8,50364,44,53,0,0,0,0,0,0,0,0,0,0,0,0,0,0,0,0,0,0,0,0,0,0,326,17090,0,0,0,0
65983.598,15729,63,0,0,0,0,0,8,50550,44,53,0,0,0,0,0,0,0,0,0,0,0,0,0,0,0,0,0,0,0,0,0,0,307,17097,0,0,0,0
66000.525,16926,59,0,0,0,0,0,8,49912,44,53,0,0,0,0,0,0,0,0,0,0,0,0,0,0,0,0,0,0,0,0,0,0,304,15790,0,0,0,0
66016.878,16353,61,0,0,0,0,0,8,49446,44,53,0,0,0,0,0,0,0,0,0,0,0,0,0,0,0,0,0,0,0,0,0,0,348,16852,0,0,0,0
66034.852,17962,55,0,0,0,0,0,8,50050,44,53,0,0,0,0,0,0,0,0,0,0,0,0,0,0,0,0,0,0,0,0,0,0,322,16054,0,0,0,0
66050.544,15703,63,0,0,0,0,0,8,50441,44,53,0,0,0,0,0,0,0,0,0,0,0,0,0,0,0,0,0,0,0,0,0,0,331,18703,0,0,0,0
66067.849,17305,57,0,0,0,0,0,8,50194,44,53,0,0,0,0,0,0,0,0,0,0,0,0,0,0,0,0,0,0,0,0,0,0,334,15933,0,0,0,0
66084.356,16506,60,0,0,0,0,0,8,52010,44,53,0,0,0,0,0,0,0,0,0,0,0,0,0,0,0,0,0,0,0,0,0,0,336,16961,0,0,0,0
66100.428,16072,62,0,0,0,0,0,8,51824,44,53,0,0,0,0,0,0,0,0,0,0,0,0,0,0,0,0,0,0,0,0,0,0,307,16104,0,0,0,0
66117.099,16670,59,0,0,0,0,0,8,51145,44,53,0,0,0,0,0,0,0,0,0,0,0,0,0,0,0,0,0,0,0,0,0,0,319,16662,0,0,0,0
66133.978,16868,59,0,0,0,0,0,8,55345,44,53,0,0,0,0,0,0,0,0,0,0,0,0,0,0,0,0,0,0,0,0,0,0,315,17047,0,0,0,0
66150.838,16870,59,0,0,0,0,0,8,53694,44,53,0,0,0,0,0,0,0,0,0,0,0,0,0,0,0,0,0,0,0,0,0,0,314,17031,0,0,0,0
66166.967,16129,61,0,0,0,0,0,8,53740,44,53,0,0,0,0,0,0,0,0,0,0,0,0,0,0,0,0,0,0,0,0,0,0,295,15087,0,0,0,0
66183.977,17009,58,0,0,0,0,0,8,54326,44,53,0,0,0,0,0,0,0,0,0,0,0,0,0,0,0,0,0,0,0,0,0,0,339,17360,0,0,0,0
66200.398,16421,60,0,0,0,0,0,8,56135,44,53,0,0,0,0,0,0,0,0,0,0,0,0,0,0,0,0,0,0,0,0,0,0,306,17070,0,0,0,0
66217.839,17440,57,0,0,0,1,0,8,53269,44,53,0,0,0,0,0,0,0,0,0,0,0,0,0,0,0,0,0,0,0,0,0,0,315,16572,0,0,0,0
66233.937,16097,62,0,0,0,0,0,8,53042,44,53,0,0,0,0,0,0,0,0,0,0,0,0,0,0,0,0,0,0,0,0,0,0,313,17336,0,0,0,0
66251.358,17420,57,0,0,0,0,0,8,52945,44,53,0,0,0,0,0,0,0,0,0,0,0,0,0,0,0,0,0,0,0,0,0,0,297,15548,0,0,0,0
66267.364,16006,62,0,0,0,0,0,8,52665,44,53,0,0,0,0,0,0,0,0,0,0,0,0,0,0,0,0,0,0,0,0,0,0,326,17774,0,0,0,0
66283.978,16614,60,0,0,0,0,0,8,52849,44,53,0,0,0,0,0,0,0,0,0,0,0,0,0,0,0,0,0,0,0,0,0,0,311,15547,0,0,0,0
66300.448,16469,60,0,0,0,0,0,8,52833,44,53,0,0,0,0,0,0,0,0,0,0,0,0,0,0,0,0,0,0,0,0,0,0,314,17001,0,0,0,0
66317.845,17396,57,0,0,0,0,0,8,52138,44,53,0,0,0,0,0,0,0,0,0,0,0,0,0,0,0,0,0,0,0,0,0,0,305,16569,0,0,0,0
66333.504,15659,63,0,0,0,0,0,8,53130,44,53,0,0,0,0,0,0,0,0,0,0,0,0,0,0,0,0,0,0,0,0,0,0,329,17423,0,0,0,0
66350.439,16934,59,0,0,0,0,0,8,52726,44,53,0,0,0,0,0,0,0,0,0,0,0,0,0,0,0,0,0,0,0,0,0,0,313,15562,0,0,0,0
66366.930,16491,60,0,0,0,0,0,8,52210,44,53,0,0,0,0,0,0,0,0,0,0,0,0,0,0,0,0,0,0,0,0,0,0,328,16747,0,0,0,0
66384.073,17142,58,0,0,0,0,0,8,52755,44,53,0,0,0,0,0,0,0,0,0,0,0,0,0,0,0,0,0,0,0,0,0,0,305,16657,0,0,0,0
66400.467,16393,60,0,0,0,0,0,8,52873,44,53,0,0,0,0,0,0,0,0,0,0,0,0,0,0,0,0,0,0,0,0,0,0,312,16842,0,0,0,0
66417.336,16869,59,0,0,0,0,0,8,52757,44,53,0,0,0,0,0,0,0,0,0,0,0,0,0,0,0,0,0,0,0,0,0,0,321,16649,0,0,0,0
66434.348,17011,58,0,0,0,0,0,8,55289,44,53,0,0,0,0,0,0,0,0,0,0,0,0,0,0,0,0,0,0,0,0,0,0,328,16909,0,0,0,0
66450.345,15997,62,0,0,0,0,0,8,55593,44,53,0,0,0,0,0,0,0,0,0,0,0,0,0,0,0,0,0,0,0,0,0,0,301,17116,0,0,0,0
66466.940,16594,60,0,0,0,0,0,8,55075,44,53,0,0,0,0,0,0,0,0,0,0,0,0,0,0,0,0,0,0,0,0,0,0,320,16178,0,0,0,0
66483.649,16708,59,0,0,0,0,0,8,55204,44,53,0,0,0,0,0,0,0,0,0,0,0,0,0,0,0,0,0,0,0,0,0,0,301,16335,0,0,0,0
66500.521,16872,59,0,0,0,0,0,8,55554,44,53,0,0,0,0,0,0,0,0,0,0,0,0,0,0,0,0,0,0,0,0,0,0,311,16716,0,0,0,0
66516.924,16402,60,0,0,0,0,0,8,55414,44,53,0,0,0,0,0,0,0,0,0,0,0,0,0,0,0,0,0,0,0,0,0,0,317,16975,0,0,0,0
66533.913,16989,58,0,0,0,0,0,8,55450,44,53,0,0,0,0,0,0,0,0,0,0,0,0,0,0,0,0,0,0,0,0,0,0,322,16129,0,0,0,0
66550.434,16521,60,0,0,0,0,0,8,61140,44,53,0,0,0,0,0,0,0,0,0,0,0,0,0,0,0,0,0,0,0,0,0,0,307,17489,0,0,0,0
66567.014,16579,60,0,0,0,0,0,8,59620,44,53,0,0,0,0,0,0,0,0,0,0,0,0,0,0,0,0,0,0,0,0,0,0,322,15844,0,0,0,0
66584.361,17347,57,0,0,0,0,0,8,60569,44,53,0,0,0,0,0,0,0,0,0,0,0,0,0,0,0,0,0,0,0,0,0,0,314,16875,0,0,0,0
66600.540,16178,61,0,0,0,0,0,8,60134,44,53,0,0,0,0,0,0,0,0,0,0,0,0,0,0,0,0,0,0,0,0,0,0,308,17623,0,0,0,0
66616.886,16346,61,0,0,0,0,0,8,59460,44,53,0,0,0,0,0,0,0,0,0,0,0,0,0,0,0,0,0,0,0,0,0,0,297,15985,0,0,0,0
66634.831,17944,55,0,0,0,0,0,8,59798,44,53,0,0,0,0,0,0,0,0,0,0,0,0,0,0,0,0,0,0,0,0,0,0,316,16186,0,0,0,0
66650.662,15830,63,0,0,0,0,0,8,60021,44,53,0,0,0,0,0,0,0,0,0,0,0,0,0,0,0,0,0,0,0,0,0,0,328,18525,0,0,0,0
66667.833,17170,58,0,0,0,0,0,8,59526,44,53,0,0,0,0,0,0,0,0,0,0,0,0,0,0,0,0,0,0,0,0,0,0,337,15093,0,0,0,0
66683.079,15246,65,0,0,0,0,0,8,59984,44,53,0,0,0,0,0,0,0,0,0,0,0,0,0,0,0,0,0,0,0,0,0,0,328,17647,0,0,0,0
66700.641,17562,56,0,0,0,0,0,8,59595,44,53,0,0,0,0,0,0,0,0,0,0,0,0,0,0,0,0,0,0,0,0,0,0,302,14876,0,0,0,0
66717.826,17184,58,0,0,0,0,0,8,60430,44,53,0,0,0,0,0,0,0,0,0,0,0,0,0,0,0,0,0,0,0,0,0,0,306,17589,0,0,0,0
66733.827,16001,62,0,0,0,0,0,8,60933,44,53,0,0,0,0,0,0,0,0,0,0,0,0,0,0,0,0,0,0,0,0,0,0,312,17320,0,0,0,0
66750.350,16522,60,0,0,0,0,0,8,59994,44,53,0,0,0,0,0,0,0,0,0,0,0,0,0,0,0,0,0,0,0,0,0,0,294,15345,0,0,0,0
66766.960,16610,60,0,0,0,0,0,8,59539,44,53,0,0,0,0,0,0,0,0,0,0,0,0,0,0,0,0,0,0,0,0,0,0,307,17331,0,0,0,0
66783.493,16533,60,0,0,0,0,0,8,59817,44,53,0,0,0,0,0,0,0,0,0,0,0,0,0,0,0,0,0,0,0,0,0,0,321,16439,0,0,0,0
66800.519,17025,58,0,0,0,0,0,8,59338,44,53,0,0,0,0,0,0,0,0,0,0,0,0,0,0,0,0,0,0,0,0,0,0,301,16254,0,0,0,0
66816.932,16413,60,0,0,0,0,0,8,58921,44,53,0,0,0,0,0,0,0,0,0,0,0,0,0,0,0,0,0,0,0,0,0,0,311,17456,0,0,0,0
66833.546,16614,60,0,0,0,0,0,8,61440,44,53,0,0,0,0,0,0,0,0,0,0,0,0,0,0,0,0,0,0,0,0,0,0,323,16426,0,0,0,0
66850.578,17032,58,0,0,0,0,0,8,61310,44,53,0,0,0,0,0,0,0,0,0,0,0,0,0,0,0,0,0,0,0,0,0,0,300,16008,0,0,0,0
66867.836,17257,57,0,0,0,0,0,8,60746,44,53,0,0,0,0,0,0,0,0,0,0,0,0,0,0,0,0,0,0,0,0,0,0,315,17372,0,0,0,0
66883.170,15334,65,0,0,0,0,0,8,61233,44,53,0,0,0,0,0,0,0,0,0,0,0,0,0,0,0,0,0,0,0,0,0,0,326,17539,0,0,0,0
66900.606,17435,57,0,0,0,0,0,8,61094,44,53,0,0,0,0,0,0,0,0,0,0,0,0,0,0,0,0,0,0,0,0,0,0,336,14845,0,0,0,0
66917.356,16750,59,0,0,0,0,0,8,64147,44,53,0,0,0,0,0,0,0,0,0,0,0,0,0,0,0,0,0,0,0,0,0,0,302,17667,0,0,0,0
66934.340,16984,58,0,0,0,0,0,8,63314,44,53,0,0,0,0,0,0,0,0,0,0,0,0,0,0,0,0,0,0,0,0,0,0,318,17196,0,0,0,0
66950.428,16088,62,0,0,0,0,0,8,63576,44,53,0,0,0,0,0,0,0,0,0,0,0,0,0,0,0,0,0,0,0,0,0,0,312,16991,0,0,0,0
66967.252,16823,59,0,0,0,0,0,8,62966,44,53,0,0,0,0,0,0,0,0,0,0,0,0,0,0,0,0,0,0,0,0,0,0,313,15897,0,0,0,0
66983.822,16570,60,0,0,0,0,0,8,61820,44,53,0,0,0,0,0,0,0,0,0,0,0,0,0,0,0,0,0,0,0,0,0,0,306,16273,0,0,0,0
67000.450,16627,60,0,0,0,0,0,8,61590,44,53,0,0,0,0,0,0,0,0,0,0,0,0,0,0,0,0,0,0,0,0,0,0,317,17003,0,0,0,0
67016.962,16512,60,0,0,0,1,0,8,61497,44,53,0,0,0,0,0,0,0,0,0,0,0,0,0,0,0,0,0,0,0,0,0,0,298,16643,0,0,0,0
67033.822,16860,59,0,0,0,1,0,8,61083,44,53,0,0,0,0,0,0,0,0,0,0,0,0,0,0,0,0,0,0,0,0,0,0,313,16438,0,0,0,0
67050.508,16685,59,0,0,0,0,0,8,61286,44,53,0,0,0,0,0,0,0,0,0,0,0,0,0,0,0,0,0,0,0,0,0,0,321,17305,0,0,0,0
67066.852,16343,61,0,0,0,0,0,8,60192,44,53,0,0,0,0,0,0,0,0,0,0,0,0,0,0,0,0,0,0,0,0,0,0,327,16493,0,0,0,0
67083.826,16974,58,0,0,0,0,0,8,60528,44,53,0,0,0,0,0,0,0,0,0,0,0,0,0,0,0,0,0,0,0,0,0,0,302,16033,0,0,0,0
67100.423,16597,60,0,0,0,0,0,8,60146,44,53,0,0,0,0,0,0,0,0,0,0,0,0,0,0,0,0,0,0,0,0,0,0,323,16012,0,0,0,0
67117.822,17398,57,0,0,0,0,0,8,59641,44,53,0,0,0,0,0,0,0,0,0,0,0,0,0,0,0,0,0,0,0,0,0,0,328,17691,0,0,0,0
67133.548,15725,63,0,0,0,0,0,8,59891,44,53,0,0,0,0,0,0,0,0,0,0,0,0,0,0,0,0,0,0,0,0,0,0,327,17590,0,0,0,0
67150.362,16814,59,0,0,0,0,0,8,60636,44,53,0,0,0,0,0,0,0,0,0,0,0,0,0,0,0,0,0,0,0,0,0,0,307,15162,0,0,0,0
67167.038,16675,59,0,0,0,0,0,8,59108,44,53,0,0,0,0,0,0,0,0,0,0,0,0,0,0,0,0,0,0,0,0,0,0,328,17520,0,0,0,0
67183.180,16141,61,0,0,0,0,0,8,60291,44,53,0,0,0,0,0,0,0,0,0,0,0,0,0,0,0,0,0,0,0,0,0,0,296,16407,0,0,0,0
67200.364,17184,58,0,0,0,0,0,8,59973,44,53,0,0,0,0,0,0,0,0,0,0,0,0,0,0,0,0,0,0,0,0,0,0,309,15608,0,0,0,0
67217.242,16878,59,0,0,0,0,0,8,60433,44,53,0,0,0,0,0,0,0,0,0,0,0,0,0,0,0,0,0,0,0,0,0,0,327,18203,0,0,0,0
67233.955,16712,59,0,0,0,0,0,8,60803,44,53,0,0,0,0,0,0,0,0,0,0,0,0,0,0,0,0,0,0,0,0,0,0,320,15789,0,0,0,0
67250.363,16408,60,0,0,0,0,0,8,60703,44,53,0,0,0,0,0,0,0,0,0,0,0,0,0,0,0,0,0,0,0,0,0,0,305,16991,0,0,0,0
67267.083,16719,59,0,0,0,0,0,8,60522,44,53,0,0,0,0,0,0,0,0,0,0,0,0,0,0,0,0,0,0,0,0,0,0,313,17459,0,0,0,0
67283.822,16738,59,0,0,0,0,0,8,59677,44,53,0,0,0,0,0,0,0,0,0,0,0,0,0,0,0,0,0,0,0,0,0,0,312,15990,0,0,0,0
67299.926,16104,62,0,0,0,0,0,8,60484,44,53,0,0,0,0,0,0,0,0,0,0,0,0,0,0,0,0,0,0,0,0,0,0,310,16092,0,0,0,0
67317.824,17898,55,0,0,0,0,0,8,60201,44,53,0,0,0,0,0,0,0,0,0,0,0,0,0,0,0,0,0,0,0,0,0,0,325,16637,0,0,0,0
67333.552,15727,63,0,0,0,0,0,8,61121,44,53,0,0,0,0,0,0,0,0,0,0,0,0,0,0,0,0,0,0,0,0,0,0,322,18268,0,0,0,0
67350.090,16538,60,0,0,0,0,0,8,59739,44,53,0,0,0,0,0,0,0,0,0,0,0,0,0,0,0,0,0,0,0,0,0,0,330,14985,0,0,0,0
67367.830,17740,56,0,0,0,0,0,8,60052,44,53,0,0,0,0,0,0,0,0,0,0,0,0,0,0,0,0,0,0,0,0,0,0,315,16886,0,0,0,0
67383.824,15994,62,0,0,0,0,0,8,60811,44,53,0,0,0,0,0,0,0,0,0,0,0,0,0,0,0,0,0,0,0,0,0,0,322,17960,0,0,0,0
67400.271,16446,60,0,0,0,0,0,8,60913,44,53,0,0,0,0,0,0,0,0,0,0,0,0,0,0,0,0,0,0,0,0,0,0,310,16412,0,0,0,0
67416.936,16664,60,0,0,0,0,0,8,61557,44,53,0,0,0,0,0,0,0,0,0,0,0,0,0,0,0,0,0,0,0,0,0,0,294,15835,0,0,0,0
67433.635,16698,59,0,0,0,0,0,8,61720,44,53,0,0,0,0,0,0,0,0,0,0,0,0,0,0,0,0,0,0,0,0,0,0,308,17007,0,0,0,0
67450.368,16733,59,0,0,0,0,0,8,62167,44,53,0,0,0,0,0,0,0,0,0,0,0,0,0,0,0,0,0,0,0,0,0,0,311,16635,0,0,0,0
67466.914,16546,60,0,0,0,0,0,8,63298,44,53,0,0,0,0,0,0,0,0,0,0,0,0,0,0,0,0,0,0,0,0,0,0,322,17484,0,0,0,0
67483.954,17039,58,0,0,0,0,0,8,63025,44,53,0,0,0,0,0,0,0,0,0,0,0,0,0,0,0,0,0,0,0,0,0,0,299,15380,0,0,0,0
67500.229,16275,61,0,0,0,0,0,8,62188,44,53,0,0,0,0,0,0,0,0,0,0,0,0,0,0,0,0,0,0,0,0,0,0,327,17313,0,0,0,0
67517.114,16873,59,0,0,0,0,0,8,61348,44,53,0,0,0,0,0,0,0,0,0,0,0,0,0,0,0,0,0,0,0,0,0,0,329,16296,0,0,0,0
67534.842,17739,56,0,0,0,0,0,8,75546,44,53,0,0,0,0,0,0,0,0,0,0,0,0,0,0,0,0,0,0,0,0,0,0,332,16918,0,0,0,0
67550.363,15520,64,0,0,0,1,0,8,90355,44,53,0,0,0,0,0,0,0,0,0,0,0,0,0,0,0,0,0,0,0,0,0,0,339,21492,0,0,0,0
67567.240,16877,59,0,0,0,0,0,8,83804,44,53,0,0,0,0,0,0,0,0,0,0,0,0,0,0,0,0,0,0,0,0,0,0,315,13099,0,0,0,0
67583.512,16272,61,0,0,0,1,0,8,84041,44,53,0,0,0,0,0,0,0,0,0,0,0,0,0,0,0,0,0,0,0,0,0,0,329,18361,0,0,0,0
67600.520,17007,58,0,0,0,0,0,8,84470,44,53,0,0,0,0,0,0,0,0,0,0,0,0,0,0,0,0,0,0,0,0,0,0,292,14442,0,0,0,0
67617.197,16676,59,0,0,0,0,0,8,83147,44,53,0,0,0,0,0,0,0,0,0,0,0,0,0,0,0,0,0,0,0,0,0,0,299,17070,0,0,0,0
67633.826,16629,60,0,0,0,0,0,8,85326,44,53,0,0,0,0,0,0,0,0,0,0,0,0,0,0,0,0,0,0,0,0,0,0,308,17015,0,0,0,0
67650.633,16806,59,0,0,0,0,0,8,84209,44,53,0,0,0,0,0,0,0,0,0,0,0,0,0,0,0,0,0,0,0,0,0,0,294,15393,0,0,0,0
67667.825,17192,58,0,0,0,0,0,8,83311,44,53,0,0,0,0,0,0,0,0,0,0,0,0,0,0,0,0,0,0,0,0,0,0,296,17478,0,0,0,0
67683.818,15992,62,0,0,0,0,0,8,83014,44,53,0,0,0,0,0,0,0,0,0,0,0,0,0,0,0,0,0,0,0,0,0,0,325,17568,0,0,0,0
67700.279,16461,60,0,0,0,0,0,8,82796,44,53,0,0,0,0,0,0,0,0,0,0,0,0,0,0,0,0,0,0,0,0,0,0,305,14974,0,0,0,0
67716.891,16612,60,0,0,0,0,0,8,84164,44,53,0,0,0,0,0,0,0,0,0,0,0,0,0,0,0,0,0,0,0,0,0,0,328,17439,0,0,0,0
67734.091,17199,58,0,0,0,0,0,8,85170,44,53,0,0,0,0,0,0,0,0,0,0,0,0,0,0,0,0,0,0,0,0,0,0,307,17389,0,0,0,0
67750.709,16618,60,0,0,0,0,0,8,82657,44,53,0,0,0,0,0,0,0,0,0,0,0,0,0,0,0,0,0,0,0,0,0,0,328,16647,0,0,0,0
67767.042,16332,61,0,0,0,0,0,8,82445,44,53,0,0,0,0,0,0,0,0,0,0,0,0,0,0,0,0,0,0,0,0,0,0,301,15713,0,0,0,0
67783.520,16478,60,0,0,0,0,0,8,83227,44,53,0,0,0,0,0,0,0,0,0,0,0,0,0,0,0,0,0,0,0,0,0,0,301,17478,0,0,0,0
67800.544,17023,58,0,0,0,0,0,8,83921,44,53,0,0,0,0,0,0,0,0,0,0,0,0,0,0,0,0,0,0,0,0,0,0,305,15688,0,0,0,0
67817.242,16698,59,0,0,0,0,0,8,83265,44,53,0,0,0,0,0,0,0,0,0,0,0,0,0,0,0,0,0,0,0,0,0,0,307,17772,0,0,0,0
67834.832,17589,56,0,0,0,0,0,8,83148,44,53,0,0,0,0,0,0,0,0,0,0,0,0,0,0,0,0,0,0,0,0,0,0,310,15942,0,0,0,0
67850.246,15414,64,0,0,0,0,0,8,84500,44,53,0,0,0,0,0,0,0,0,0,0,0,0,0,0,0,0,0,0,0,0,0,0,328,18405,0,0,0,0
67866.902,16655,60,0,0,0,0,0,8,82845,44,53,0,0,0,0,0,0,0,0,0,0,0,0,0,0,0,0,0,0,0,0,0,0,322,14841,0,0,0,0
67883.951,17049,58,0,0,0,0,0,8,82106,44,53,0,0,0,0,0,0,0,0,0,0,0,0,0,0,0,0,0,0,0,0,0,0,292,18156,0,0,0,0
67900.397,16445,60,0,0,0,0,0,8,83050,44,53,0,0,0,0,0,0,0,0,0,0,0,0,0,0,0,0,0,0,0,0,0,0,303,15659,0,0,0,0
67917.023,16626,60,0,0,0,0,0,8,81424,44,53,0,0,0,0,0,0,0,0,0,0,0,0,0,0,0,0,0,0,0,0,0,0,302,16323,0,0,0,0
67933.973,16949,58,0,0,0,0,0,8,82030,44,53,0,0,0,0,0,0,0,0,0,0,0,0,0,0,0,0,0,0,0,0,0,0,329,17934,0,0,0,0
67950.430,16456,60,0,0,0,0,0,8,82595,44,53,0,0,0,0,0,0,0,0,0,0,0,0,0,0,0,0,0,0,0,0,0,0,357,15430,0,0,0,0
67967.231,16801,59,0,0,0,0,0,8,83174,44,53,0,0,0,0,0,0,0,0,0,0,0,0,0,0,0,0,0,0,0,0,0,0,309,17074,0,0,0,0
67983.864,16633,60,0,0,0,0,0,8,81453,44,53,0,0,0,0,0,0,0,0,0,0,0,0,0,0,0,0,0,0,0,0,0,0,302,16266,0,0,0,0
68000.495,16630,60,0,0,0,0,0,8,81643,44,53,0,0,0,0,0,0,0,0,0,0,0,0,0,0,0,0,0,0,0,0,0,0,305,17140,0,0,0,0
68017.820,17325,57,0,0,0,0,0,8,80507,44,53,0,0,0,0,0,0,0,0,0,0,0,0,0,0,0,0,0,0,0,0,0,0,295,16745,0,0,0,0
68033.816,15995,62,0,0,0,0,0,8,82505,44,53,0,0,0,0,0,0,0,0,0,0,0,0,0,0,0,0,0,0,0,0,0,0,306,17482,0,0,0,0
68050.205,16389,61,0,0,0,0,0,8,81388,44,53,0,0,0,0,0,0,0,0,0,0,0,0,0,0,0,0,0,0,0,0,0,0,288,14428,0,0,0,0
68067.083,16877,59,0,0,0,1,0,8,81020,44,53,0,0,0,0,0,0,0,0,0,0,0,0,0,0,0,0,0,0,0,0,0,0,315,17097,0,0,0,0
68083.718,16634,60,0,0,0,0,0,8,80886,44,53,0,0,0,0,0,0,0,0,0,0,0,0,0,0,0,0,0,0,0,0,0,0,337,18852,0,0,0,0
68100.625,16907,59,0,0,0,0,0,8,80957,44,53,0,0,0,0,0,0,0,0,0,0,0,0,0,0,0,0,0,0,0,0,0,0,315,14743,0,0,0,0
68117.341,16716,59,0,0,0,0,0,8,80920,44,53,0,0,0,0,0,0,0,0,0,0,0,0,0,0,0,0,0,0,0,0,0,0,309,17369,0,0,0,0
68133.972,16630,60,0,0,0,0,0,8,81289,44,53,0,0,0,0,0,0,0,0,0,0,0,0,0,0,0,0,0,0,0,0,0,0,336,16778,0,0,0,0
68150.522,16550,60,0,0,0,0,0,8,79377,44,53,0,0,0,0,0,0,0,0,0,0,0,0,0,0,0,0,0,0,0,0,0,0,326,16676,0,0,0,0
68167.013,16491,60,0,0,0,0,0,8,78857,44,53,0,0,0,0,0,0,0,0,0,0,0,0,0,0,0,0,0,0,0,0,0,0,296,15773,0,0,0,0
68183.947,16934,59,0,0,0,0,0,8,79123,44,53,0,0,0,0,0,0,0,0,0,0,0,0,0,0,0,0,0,0,0,0,0,0,326,16839,0,0,0,0
68200.281,16333,61,0,0,0,0,0,8,79918,44,53,0,0,0,0,0,0,0,0,0,0,0,0,0,0,0,0,0,0,0,0,0,0,309,17291,0,0,0,0
68217.078,16796,59,0,0,0,0,0,8,78546,44,53,0,0,0,0,0,0,0,0,0,0,0,0,0,0,0,0,0,0,0,0,0,0,308,16128,0,0,0,0
68233.474,16396,60,0,0,0,0,0,8,78879,44,53,0,0,0,0,0,0,0,0,0,0,0,0,0,0,0,0,0,0,0,0,0,0,314,17916,0,0,0,0
68250.646,17171,58,0,0,0,0,0,8,78978,44,53,0,0,0,0,0,0,0,0,0,0,0,0,0,0,0,0,0,0,0,0,0,0,306,14874,0,0,0,0
68267.063,16417,60,0,0,0,0,0,8,79507,44,53,0,0,0,0,0,0,0,0,0,0,0,0,0,0,0,0,0,0,0,0,0,0,317,18171,0,0,0,0
68283.814,16751,59,0,0,0,0,0,8,80308,44,53,0,0,0,0,0,0,0,0,0,0,0,0,0,0,0,0,0,0,0,0,0,0,316,15548,0,0,0,0
68300.507,16692,59,0,0,0,0,0,8,79076,44,53,0,0,0,0,0,0,0,0,0,0,0,0,0,0,0,0,0,0,0,0,0,0,292,15963,0,0,0,0
68317.178,16671,59,0,0,0,0,0,8,78510,44,53,0,0,0,0,0,0,0,0,0,0,0,0,0,0,0,0,0,0,0,0,0,0,295,17688,0,0,0,0
68333.973,16794,59,0,0,0,0,0,8,78949,44,53,0,0,0,0,0,0,0,0,0,0,0,0,0,0,0,0,0,0,0,0,0,0,294,17014,0,0,0,0
68350.392,16419,60,0,0,0,0,0,8,78131,44,53,0,0,0,0,0,0,0,0,0,0,0,0,0,0,0,0,0,0,0,0,0,0,310,15937,0,0,0,0
68367.120,16728,59,0,0,0,0,0,8,78667,44,53,0,0,0,0,0,0,0,0,0,0,0,0,0,0,0,0,0,0,0,0,0,0,317,16936,0,0,0,0
68383.570,16449,60,0,0,0,0,0,8,78022,44,53,0,0,0,0,0,0,0,0,0,0,0,0,0,0,0,0,0,0,0,0,0,0,317,16796,0,0,0,0
68400.272,16701,59,0,0,0,0,0,8,77333,44,53,0,0,0,0,0,0,0,0,0,0,0,0,0,0,0,0,0,0,0,0,0,0,549,15959,0,0,0,0
68417.812,17540,57,0,0,0,0,0,8,72736,44,53,0,0,0,0,0,0,0,0,0,0,0,0,0,0,0,0,0,0,0,0,0,0,316,16845,0,0,0,0
68433.607,15795,63,0,0,0,0,0,8,72446,44,53,0,0,0,0,0,0,0,0,0,0,0,0,0,0,0,0,0,0,0,0,0,0,334,17706,0,0,0,0
68450.341,16733,59,0,0,0,0,0,8,73592,44,53,0,0,0,0,0,0,0,0,0,0,0,0,0,0,0,0,0,0,0,0,0,0,325,15006,0,0,0,0
68467.301,16945,59,0,0,0,0,0,8,74108,44,53,0,0,0,0,0,0,0,0,0,0,0,0,0,0,0,0,0,0,0,0,0,0,293,17489,0,0,0,0
68483.951,16664,60,0,0,0,0,0,8,73388,44,53,0,0,0,0,0,0,0,0,0,0,0,0,0,0,0,0,0,0,0,0,0,0,396,17069,0,0,0,0
68500.404,16453,60,0,0,0,0,0,8,72916,44,53,0,0,0,0,0,0,0,0,0,0,0,0,0,0,0,0,0,0,0,0,0,0,326,15904,0,0,0,0
68516.855,16451,60,0,0,0,0,0,8,73241,44,53,0,0,0,0,0,0,0,0,0,0,0,0,0,0,0,0,0,0,0,0,0,0,305,16592,0,0,0,0
68533.859,17004,58,0,0,0,0,0,8,73654,44,53,0,0,0,0,0,0,0,0,0,0,0,0,0,0,0,0,0,0,0,0,0,0,430,17182,0,0,0,0
68550.600,16740,59,0,0,0,0,0,8,72710,44,53,0,0,0,0,0,0,0,0,0,0,0,0,0,0,0,0,0,0,0,0,0,0,334,16631,0,0,0,0
68567.121,16521,60,0,0,0,0,0,8,72003,44,53,0,0,0,0,0,0,0,0,0,0,0,0,0,0,0,0,0,0,0,0,0,0,368,16061,0,0,0,0
68583.820,16698,59,0,0,0,0,0,8,72721,44,53,0,0,0,0,0,0,0,0,0,0,0,0,0,0,0,0,0,0,0,0,0,0,450,16949,0,0,0,0
68600.420,16600,60,0,0,0,0,0,8,71903,44,53,0,0,0,0,0,0,0,0,0,0,0,0,0,0,0,0,0,0,0,0,0,0,340,15810,0,0,0,0
68616.846,16425,60,0,0,0,0,0,8,75168,44,53,0,0,0,0,0,0,0,0,0,0,0,0,0,0,0,0,0,0,0,0,0,0,830,18132,0,0,0,0
68633.609,16762,59,0,0,0,0,0,8,78558,44,53,0,0,0,0,0,0,0,0,0,0,0,0,0,0,0,0,0,0,0,0,0,0,310,16565,0,0,0,0
68650.562,16953,58,0,0,0,0,0,8,78908,44,53,0,0,0,0,0,0,0,0,0,0,0,0,0,0,0,0,0,0,0,0,0,0,328,18071,0,0,0,0
68667.013,16450,60,0,0,0,0,0,8,487,44,53,0,0,0,0,0,0,0,0,0,0,0,0,0,0,0,0,0,0,0,0,0,0,0,0,0,0,0,0
69343.823,676810,1,0,0,0,0,0,8,112453,123,53,0,0,0,0,0,0,0,0,0,0,0,0,0,0,0,0,0,0,0,0,0,0,557,700279,0,0,0,0
69358.989,15165,65,0,0,0,0,0,8,136011,44,53,0,0,0,0,0,0,0,0,0,0,0,0,0,0,0,0,0,0,0,0,0,0,423,14116,0,0,0,0
69375.374,16384,61,0,0,0,0,0,8,66431,44,53,0,0,0,0,0,0,0,0,0,0,0,0,0,0,0,0,0,0,0,0,0,0,248,8941,0,0,0,0
69392.343,16969,58,0,0,0,0,0,8,66419,44,53,0,0,0,0,0,0,0,0,0,0,0,0,0,0,0,0,0,0,0,0,0,0,328,17068,0,0,0,0
69408.947,16603,60,0,0,0,0,0,8,66124,44,53,0,0,0,0,0,0,0,0,0,0,0,0,0,0,0,0,0,0,0,0,0,0,299,15833,0,0,0,0
69425.447,16500,60,0,0,0,0,0,8,67235,44,53,0,0,0,0,0,0,0,0,0,0,0,0,0,0,0,0,0,0,0,0,0,0,302,16184,0,0,0,0
69441.932,16484,60,0,0,0,0,0,8,66539,44,53,0,0,0,0,0,0,0,0,0,0,0,0,0,0,0,0,0,0,0,0,0,0,315,16943,0,0,0,0
69458.518,16586,60,0,0,0,0,0,8,65613,44,53,0,0,0,0,0,0,0,0,0,0,0,0,0,0,0,0,0,0,0,0,0,0,313,16800,0,0,0,0
69475.825,17307,57,0,0,0,0,0,8,64892,44,53,0,0,0,0,0,0,0,0,0,0,0,0,0,0,0,0,0,0,0,0,0,0,316,16595,0,0,0,0
69492.018,16192,61,0,0,0,0,0,8,65158,44,53,0,0,0,0,0,0,0,0,0,0,0,0,0,0,0,0,0,0,0,0,0,0,317,16622,0,0,0,0
69509.316,17298,57,0,0,0,0,0,8,65973,44,53,0,0,0,0,0,0,0,0,0,0,0,0,0,0,0,0,0,0,0,0,0,0,324,17088,0,0,0,0
69525.298,15982,62,0,0,0,0,0,8,65369,44,53,0,0,0,0,0,0,0,0,0,0,0,0,0,0,0,0,0,0,0,0,0,0,306,16991,0,0,0,0
69542.454,17156,58,0,0,0,0,0,8,65217,44,53,0,0,0,0,0,0,0,0,0,0,0,0,0,0,0,0,0,0,0,0,0,0,309,15865,0,0,0,0
69558.846,16391,61,0,0,0,0,0,8,65314,44,53,0,0,0,0,0,0,0,0,0,0,0,0,0,0,0,0,0,0,0,0,0,0,309,17195,0,0,0,0
69575.798,16952,58,0,0,0,0,0,8,60330,44,53,0,0,0,0,0,0,0,0,0,0,0,0,0,0,0,0,0,0,0,0,0,0,287,16170,0,0,0,0
69591.831,16033,62,0,0,0,0,0,8,58600,44,53,0,0,0,0,0,0,0,0,0,0,0,0,0,0,0,0,0,0,0,0,0,0,326,17890,0,0,0,0
69608.812,16981,58,0,0,0,0,0,8,57682,44,53,0,0,0,0,0,0,0,0,0,0,0,0,0,0,0,0,0,0,0,0,0,0,302,14936,0,0,0,0
69625.568,16756,59,0,0,0,0,0,8,57841,44,53,0,0,0,0,0,0,0,0,0,0,0,0,0,0,0,0,0,0,0,0,0,0,320,17100,0,0,0,0
69642.364,16795,59,0,0,0,0,0,8,58210,44,53,0,0,0,0,0,0,0,0,0,0,0,0,0,0,0,0,0,0,0,0,0,0,318,16794,0,0,0,0
69658.548,16184,61,0,0,0,0,0,8,57677,44,53,0,0,0,0,0,0,0,0,0,0,0,0,0,0,0,0,0,0,0,0,0,0,322,16360,0,0,0,0
69675.210,16661,60,0,0,0,0,0,8,58534,44,53,0,0,0,0,0,0,0,0,0,0,0,0,0,0,0,0,0,0,0,0,0,0,314,16810,0,0,0,0
69691.874,16664,60,0,0,0,0,0,8,58475,44,53,0,0,0,0,0,0,0,0,0,0,0,0,0,0,0,0,0,0,0,0,0,0,301,16109,0,0,0,0
69708.939,17064,58,0,0,0,0,0,8,62071,44,53,0,0,0,0,0,0,0,0,0,0,0,0,0,0,0,0,0,0,0,0,0,0,317,18367,0,0,0,0
69725.402,16463,60,0,0,0,0,0,8,58763,44,53,0,0,0,0,0,0,0,0,0,0,0,0,0,0,0,0,0,0,0,0,0,0,325,16056,0,0,0,0
69742.083,16681,59,0,0,0,0,0,8,58736,44,53,0,0,0,0,0,0,0,0,0,0,0,0,0,0,0,0,0,0,0,0,0,0,309,16318,0,0,0,0
69758.873,16790,59,0,0,0,0,0,8,59390,44,53,0,0,0,0,0,0,0,0,0,0,0,0,0,0,0,0,0,0,0,0,0,0,334,16847,0,0,0,0
69774.728,15855,63,0,0,0,0,0,8,58572,44,53,0,0,0,0,0,0,0,0,0,0,0,0,0,0,0,0,0,0,0,0,0,0,311,16349,0,0,0,0
69791.451,16722,59,0,0,0,0,0,8,58461,44,53,0,0,0,0,0,0,0,0,0,0,0,0,0,0,0,0,0,0,0,0,0,0,289,15814,0,0,0,0
69808.861,17409,57,0,0,0,0,0,8,58438,44,53,0,0,0,0,0,0,0,0,0,0,0,0,0,0,0,0,0,0,0,0,0,0,316,17449,0,0,0,0
69825.517,16655,60,0,0,0,0,0,8,57524,44,53,0,0,0,0,0,0,0,0,0,0,0,0,0,0,0,0,0,0,0,0,0,0,338,17947,0,0,0,0
69841.945,16418,60,0,0,0,0,0,8,57900,44,53,0,0,0,0,0,0,0,0,0,0,0,0,0,0,0,0,0,0,0,0,0,0,309,15623,0,0,0,0
69858.868,16933,59,0,0,0,0,0,8,58106,44,53,0,0,0,0,0,0,0,0,0,0,0,0,0,0,0,0,0,0,0,0,0,0,314,16454,0,0,0,0
69874.824,15955,62,0,0,0,0,0,8,58188,44,53,0,0,0,0,0,0,0,0,0,0,0,0,0,0,0,0,0,0,0,0,0,0,323,18045,0,0,0,0
69892.795,17971,55,0,0,0,0,0,8,57849,44,53,0,0,0,0,0,0,0,0,0,0,0,0,0,0,0,0,0,0,0,0,0,0,336,14810,0,0,0,0
69909.387,16592,60,0,0,0,0,0,8,57650,44,53,0,0,0,0,0,0,0,0,0,0,0,0,0,0,0,0,0,0,0,0,0,0,322,18163,0,0,0,0
69925.667,16279,61,0,0,0,0,0,8,57862,44,53,0,0,0,0,0,0,0,0,0,0,0,0,0,0,0,0,0,0,0,0,0,0,309,16626,0,0,0,0
69942.060,16379,61,0,0,0,0,0,8,57514,44,53,0,0,0,0,0,0,0,0,0,0,0,0,0,0,0,0,0,0,0,0,0,0,321,15627,0,0,0,0
69958.895,16848,59,0,0,0,0,0,8,57400,44,53,0,0,0,0,0,0,0,0,0,0,0,0,0,0,0,0,0,0,0,0,0,0,311,16909,0,0,0,0
69975.547,16651,60,0,0,0,0,0,8,57199,44,53,0,0,0,0,0,0,0,0,0,0,0,0,0,0,0,0,0,0,0,0,0,0,326,16855,0,0,0,0
69992.329,16782,59,0,0,0,0,0,8,57722,44,53,0,0,0,0,0,0,0,0,0,0,0,0,0,0,0,0,0,0,0,0,0,0,300,16302,0,0,0,0
70008.528,16198,61,0,0,0,0,0,8,58019,44,53,0,0,0,0,0,0,0,0,0,0,0,0,0,0,0,0,0,0,0,0,0,0,321,16767,0,0,0,0
70025.346,16817,59,0,0,0,0,0,8,57397,44,53,0,0,0,0,0,0,0,0,0,0,0,0,0,0,0,0,0,0,0,0,0,0,331,17466,0,0,0,0
70042.804,17458,57,0,0,0,0,0,8,57362,44,53,0,0,0,0,0,0,0,0,0,0,0,0,0,0,0,0,0,0,0,0,0,0,298,15939,0,0,0,0
70058.818,16013,62,0,0,0,0,0,8,56683,44,53,0,0,0,0,0,0,0,0,0,0,0,0,0,0,0,0,0,0,0,0,0,0,325,16901,0,0,0,0
70075.320,16503,60,0,0,0,0,0,8,57177,44,53,0,0,0,0,0,0,0,0,0,0,0,0,0,0,0,0,0,0,0,0,0,0,305,16152,0,0,0,0
70092.813,17492,57,0,0,0,0,0,8,57581,44,53,0,0,0,0,0,0,0,0,0,0,0,0,0,0,0,0,0,0,0,0,0,0,299,16808,0,0,0,0
70108.457,15643,63,0,0,0,0,0,8,56956,44,53,0,0,0,0,0,0,0,0,0,0,0,0,0,0,0,0,0,0,0,0,0,0,335,17404,0,0,0,0
70125.575,17117,58,0,0,0,0,0,8,56118,44,53,0,0,0,0,0,0,0,0,0,0,0,0,0,0,0,0,0,0,0,0,0,0,310,15735,0,0,0,0
70142.801,17226,58,0,0,0,0,0,8,56090,44,53,0,0,0,0,0,0,0,0,0,0,0,0,0,0,0,0,0,0,0,0,0,0,320,16622,0,0,0,0
70158.694,15892,62,0,0,0,0,0,8,56295,44,53,0,0,0,0,0,0,0,0,0,0,0,0,0,0,0,0,0,0,0,0,0,0,320,17137,0,0,0,0
70175.175,16480,60,0,0,0,1,0,8,56264,44,53,0,0,0,0,0,0,0,0,0,0,0,0,0,0,0,0,0,0,0,0,0,0,315,16640,0,0,0,0
70192.067,16892,59,0,0,0,0,0,8,56052,44,53,0,0,0,0,0,0,0,0,0,0,0,0,0,0,0,0,0,0,0,0,0,0,318,15875,0,0,0,0
70208.848,16780,59,0,0,0,0,0,8,55681,44,53,0,0,0,0,0,0,0,0,0,0,0,0,0,0,0,0,0,0,0,0,0,0,335,17549,0,0,0,0
70225.479,16631,60,0,0,0,0,0,8,57419,44,53,0,0,0,0,0,0,0,0,0,0,0,0,0,0,0,0,0,0,0,0,0,0,291,16436,0,0,0,0
70241.949,16469,60,0,0,0,0,0,8,57198,44,53,0,0,0,0,0,0,0,0,0,0,0,0,0,0,0,0,0,0,0,0,0,0,330,16542,0,0,0,0
70258.675,16726,59,0,0,0,0,0,8,58016,44,53,0,0,0,0,0,0,0,0,0,0,0,0,0,0,0,0,0,0,0,0,0,0,341,16489,0,0,0,0
70274.799,16123,62,0,0,0,0,0,8,57413,44,53,0,0,0,0,0,0,0,0,0,0,0,0,0,0,0,0,0,0,0,0,0,0,322,17677,0,0,0,0
70292.794,17995,55,0,0,0,0,0,8,57438,44,53,0,0,0,0,0,0,0,0,0,0,0,0,0,0,0,0,0,0,0,0,0,0,295,14894,0,0,0,0
70308.330,15535,64,0,0,0,0,0,8,57299,44,53,0,0,0,0,0,0,0,0,0,0,0,0,0,0,0,0,0,0,0,0,0,0,313,19927,0,0,0,0
70325.148,16817,59,0,0,0,0,0,8,57233,44,53,0,0,0,0,0,0,0,0,0,0,0,0,0,0,0,0,0,0,0,0,0,0,287,13387,0,0,0,0
70342.099,16951,58,0,0,0,0,0,8,57565,44,53,0,0,0,0,0,0,0,0,0,0,0,0,0,0,0,0,0,0,0,0,0,0,327,17138,0,0,0,0
70358.504,16404,60,0,0,0,0,0,8,57238,44,53,0,0,0,0,0,0,0,0,0,0,0,0,0,0,0,0,0,0,0,0,0,0,329,16929,0,0,0,0
70375.568,17065,58,0,0,0,0,0,8,57197,44,53,0,0,0,0,0,0,0,0,0,0,0,0,0,0,0,0,0,0,0,0,0,0,320,16876,0,0,0,0
70392.071,16502,60,0,0,0,0,0,8,57439,44,53,0,0,0,0,0,0,0,0,0,0,0,0,0,0,0,0,0,0,0,0,0,0,322,16966,0,0,0,0
70408.954,16883,59,0,0,0,0,0,8,57126,44,53,0,0,0,0,0,0,0,0,0,0,0,0,0,0,0,0,0,0,0,0,0,0,324,16254,0,0,0,0
70424.861,15906,62,0,0,0,0,0,8,57462,44,53,0,0,0,0,0,0,0,0,0,0,0,0,0,0,0,0,0,0,0,0,0,0,317,18106,0,0,0,0
70442.838,17977,55,0,0,0,0,0,8,57521,44,53,0,0,0,0,0,0,0,0,0,0,0,0,0,0,0,0,0,0,0,0,0,0,296,14637,0,0,0,0
70458.588,15749,63,0,0,0,0,0,8,57610,44,53,0,0,0,0,0,0,0,0,0,0,0,0,0,0,0,0,0,0,0,0,0,0,316,18515,0,0,0,0
70476.321,17732,56,0,0,0,0,0,8,57721,44,53,0,0,0,0,0,0,0,0,0,0,0,0,0,0,0,0,0,0,0,0,0,0,325,16101,0,0,0,0
70492.315,15993,62,0,0,0,0,0,8,57861,44,53,0,0,0,0,0,0,0,0,0,0,0,0,0,0,0,0,0,0,0,0,0,0,304,17049,0,0,0,0
70508.595,16280,61,0,0,0,0,0,8,58146,44,53,0,0,0,0,0,0,0,0,0,0,0,0,0,0,0,0,0,0,0,0,0,0,294,15948,0,0,0,0
70525.572,16976,58,0,0,0,0,0,8,58382,44,53,0,0,0,0,0,0,0,0,0,0,0,0,0,0,0,0,0,0,0,0,0,0,301,16309,0,0,0,0
70542.133,16561,60,0,0,0,0,0,8,56763,44,53,0,0,0,0,0,0,0,0,0,0,0,0,0,0,0,0,0,0,0,0,0,0,306,16597,0,0,0,0
70558.934,16800,59,0,0,0,0,0,8,60052,44,53,0,0,0,0,0,0,0,0,0,0,0,0,0,0,0,0,0,0,0,0,0,0,318,16897,0,0,0,0
70575.322,16388,61,0,0,0,0,0,8,59622,44,53,0,0,0,0,0,0,0,0,0,0,0,0,0,0,0,0,0,0,0,0,0,0,304,17479,0,0,0,0
70591.837,16514,60,0,0,0,0,0,8,59642,44,53,0,0,0,0,0,0,0,0,0,0,0,0,0,0,0,0,0,0,0,0,0,0,320,16975,0,0,0,0
70608.991,17154,58,0,0,0,0,0,8,59596,44,53,0,0,0,0,0,0,0,0,0,0,0,0,0,0,0,0,0,0,0,0,0,0,323,15140,0,0,0,0
70625.473,16481,60,0,0,0,0,0,8,59531,44,53,0,0,0,0,0,0,0,0,0,0,0,0,0,0,0,0,0,0,0,0,0,0,308,17792,0,0,0,0
70642.316,16843,59,0,0,0,0,0,8,59255,44,53,0,0,0,0,0,0,0,0,0,0,0,0,0,0,0,0,0,0,0,0,0,0,331,15745,0,0,0,0
70658.474,16158,61,0,0,0,0,0,8,59595,44,53,0,0,0,0,0,0,0,0,0,0,0,0,0,0,0,0,0,0,0,0,0,0,371,17738,0,0,0,0
70674.810,16335,61,0,0,0,0,0,8,59404,44,53,0,0,0,0,0,0,0,0,0,0,0,0,0,0,0,0,0,0,0,0,0,0,310,16246,0,0,0,0
70692.804,17994,55,0,0,0,0,0,8,59214,44,53,0,0,0,0,0,0,0,0,0,0,0,0,0,0,0,0,0,0,0,0,0,0,300,15586,0,0,0,0
70708.907,16102,62,0,0,0,0,0,8,59246,44,53,0,0,0,0,0,0,0,0,0,0,0,0,0,0,0,0,0,0,0,0,0,0,304,18218,0,0,0,0
70725.150,16243,61,0,0,0,0,0,8,59034,44,53,0,0,0,0,0,0,0,0,0,0,0,0,0,0,0,0,0,0,0,0,0,0,302,15815,0,0,0,0
70741.924,16774,59,0,0,0,0,0,8,59319,44,53,0,0,0,0,0,0,0,0,0,0,0,0,0,0,0,0,0,0,0,0,0,0,325,16817,0,0,0,0
70758.908,16983,58,0,0,0,0,0,8,59415,44,53,0,0,0,0,0,0,0,0,0,0,0,0,0,0,0,0,0,0,0,0,0,0,316,16475,0,0,0,0
70776.311,17403,57,0,0,0,0,0,8,58973,44,53,0,0,0,0,0,0,0,0,0,0,0,0,0,0,0,0,0,0,0,0,0,0,322,17362,0,0,0,0
70792.082,15770,63,0,0,0,0,0,8,59620,44,53,0,0,0,0,0,0,0,0,0,0,0,0,0,0,0,0,0,0,0,0,0,0,304,16710,0,0,0,0
70808.817,16735,59,0,0,0,0,0,8,59443,44,53,0,0,0,0,0,0,0,0,0,0,0,0,0,0,0,0,0,0,0,0,0,0,295,15667,0,0,0,0
70825.296,16479,60,0,0,0,0,0,8,59516,44,53,0,0,0,0,0,0,0,0,0,0,0,0,0,0,0,0,0,0,0,0,0,0,313,18066,0,0,0,0
70841.877,16580,60,0,0,0,0,0,8,60252,44,53,0,0,0,0,0,0,0,0,0,0,0,0,0,0,0,0,0,0,0,0,0,0,340,15542,0,0,0,0
70858.523,16645,60,0,0,0,0,0,8,63031,44,53,0,0,0,0,0,0,0,0,0,0,0,0,0,0,0,0,0,0,0,0,0,0,332,16508,0,0,0,0
70876.319,17796,56,0,0,0,0,0,8,62068,44,53,0,0,0,0,0,0,0,0,0,0,0,0,0,0,0,0,0,0,0,0,0,0,309,16439,0,0,0,0
70891.791,15472,64,0,0,0,0,0,8,62557,44,53,0,0,0,0,0,0,0,0,0,0,0,0,0,0,0,0,0,0,0,0,0,0,303,18045,0,0,0,0
70908.930,17138,58,0,0,0,0,0,8,62105,44,53,0,0,0,0,0,0,0,0,0,0,0,0,0,0,0,0,0,0,0,0,0,0,318,15224,0,0,0,0
70924.953,16023,62,0,0,0,0,0,8,63840,44,53,0,0,0,0,0,0,0,0,0,0,0,0,0,0,0,0,0,0,0,0,0,0,311,17904,0,0,0,0
70942.788,17835,56,0,0,0,0,0,8,65086,44,53,0,0,0,0,0,0,0,0,0,0,0,0,0,0,0,0,0,0,0,0,0,0,332,16432,0,0,0,0
70958.982,16194,61,0,0,0,0,0,8,64939,44,53,0,0,0,0,0,0,0,0,0,0,0,0,0,0,0,0,0,0,0,0,0,0,335,17094,0,0,0,0
70975.785,16803,59,0,0,0,0,0,8,64512,44,53,0,0,0,0,0,0,0,0,0,0,0,0,0,0,0,0,0,0,0,0,0,0,279,16141,0,0,0,0
70992.809,17023,58,0,0,0,0,0,8,64769,44,53,0,0,0,0,0,0,0,0,0,0,0,0,0,0,0,0,0,0,0,0,0,0,295,16563,0,0,0,0
71008.925,16115,62,0,0,0,0,0,8,64707,44,53,0,0,0,0,0,0,0,0,0,0,0,0,0,0,0,0,0,0,0,0,0,0,314,17510,0,0,0,0
71025.348,16422,60,0,0,0,0,0,8,64562,44,53,0,0,0,0,0,0,0,0,0,0,0,0,0,0,0,0,0,0,0,0,0,0,325,16043,0,0,0,0
71042.800,17452,57,0,0,0,0,0,8,64197,44,53,0,0,0,0,0,0,0,0,0,0,0,0,0,0,0,0,0,0,0,0,0,0,310,16313,0,0,0,0
71058.529,15729,63,0,0,0,0,0,8,64239,44,53,0,0,0,0,0,0,0,0,0,0,0,0,0,0,0,0,0,0,0,0,0,0,305,17744,0,0,0,0
71075.209,16679,59,0,0,0,0,0,8,64227,44,53,0,0,0,0,0,0,0,0,0,0,0,0,0,0,0,0,0,0,0,0,0,0,294,15349,0,0,0,0
71092.234,17025,58,0,0,0,0,0,8,64502,44,53,0,0,0,0,0,0,0,0,0,0,0,0,0,0,0,0,0,0,0,0,0,0,317,16892,0,0,0,0
71108.514,16279,61,0,0,0,0,0,8,65527,44,53,0,0,0,0,0,0,0,0,0,0,0,0,0,0,0,0,0,0,0,0,0,0,355,17080,0,0,0,0
71125.561,17047,58,0,0,0,0,0,8,65168,44,53,0,0,0,0,0,0,0,0,0,0,0,0,0,0,0,0,0,0,0,0,0,0,298,16067,0,0,0,0
71142.018,16457,60,0,0,0,0,0,8,65150,44,53,0,0,0,0,0,0,0,0,0,0,0,0,0,0,0,0,0,0,0,0,0,0,296,16694,0,0,0,0
71158.792,16773,59,0,0,0,0,0,8,64677,44,53,0,0,0,0,0,0,0,0,0,0,0,0,0,0,0,0,0,0,0,0,0,0,308,16909,0,0,0,0
71175.188,16396,60,0,0,0,0,0,8,64388,44,53,0,0,0,0,0,0,0,0,0,0,0,0,0,0,0,0,0,0,0,0,0,0,303,15692,0,0,0,0
71191.923,16735,59,0,0,0,0,0,8,63853,44,53,0,0,0,0,0,0,0,0,0,0,0,0,0,0,0,0,0,0,0,0,0,0,319,17443,0,0,0,0
71208.820,16897,59,0,0,0,0,0,8,64602,44,53,0,0,0,0,0,0,0,0,0,0,0,0,0,0,0,0,0,0,0,0,0,0,310,15794,0,0,0,0
71225.305,16484,60,0,0,0,0,0,8,63686,44,53,0,0,0,0,0,0,0,0,0,0,0,0,0,0,0,0,0,0,0,0,0,0,310,17826,0,0,0,0
71241.935,16619,60,0,0,0,0,0,8,63506,44,53,0,0,0,0,0,0,0,0,0,0,0,0,0,0,0,0,0,0,0,0,0,0,313,16939,0,0,0,0
71258.826,16902,59,0,0,0,0,0,8,63263,44,53,0,0,0,0,0,0,0,0,0,0,0,0,0,0,0,0,0,0,0,0,0,0,323,16397,0,0,0,0
71275.515,16689,59,0,0,0,0,0,8,63006,44,53,0,0,0,0,0,0,0,0,0,0,0,0,0,0,0,0,0,0,0,0,0,0,323,16813,0,0,0,0
71291.983,16467,60,0,0,0,0,0,8,62690,44,53,0,0,0,0,0,0,0,0,0,0,0,0,0,0,0,0,0,0,0,0,0,0,336,16171,0,0,0,0
71308.119,16136,61,0,0,0,0,0,8,62767,44,53,0,0,0,0,0,0,0,0,0,0,0,0,0,0,0,0,0,0,0,0,0,0,310,16118,0,0,0,0
71326.310,18190,54,0,0,0,0,0,8,63123,44,53,0,0,0,0,0,0,0,0,0,0,0,0,0,0,0,0,0,0,0,0,0,0,322,16961,0,0,0,0
71342.069,15758,63,0,0,0,0,0,8,63175,44,53,0,0,0,0,0,0,0,0,0,0,0,0,0,0,0,0,0,0,0,0,0,0,296,18029,0,0,0,0
71359.303,17234,58,0,0,0,0,0,8,62488,44,53,0,0,0,0,0,0,0,0,0,0,0,0,0,0,0,0,0,0,0,0,0,0,306,15457,0,0,0,0
71375.550,16247,61,0,0,0,0,0,8,62001,44,53,0,0,0,0,0,0,0,0,0,0,0,0,0,0,0,0,0,0,0,0,0,0,313,17790,0,0,0,0
71392.298,16747,59,0,0,0,0,0,8,61653,44,53,0,0,0,0,0,0,0,0,0,0,0,0,0,0,0,0,0,0,0,0,0,0,324,15510,0,0,0,0
71408.957,16659,60,0,0,0,0,0,8,62120,44,53,0,0,0,0,0,0,0,0,0,0,0,0,0,0,0,0,0,0,0,0,0,0,321,17524,0,0,0,0
71425.523,16565,60,0,0,0,0,0,8,62599,44,53,0,0,0,0,0,0,0,0,0,0,0,0,0,0,0,0,0,0,0,0,0,0,310,16927,0,0,0,0
71442.338,16814,59,0,0,0,0,0,8,62240,44,53,0,0,0,0,0,0,0,0,0,0,0,0,0,0,0,0,0,0,0,0,0,0,301,15587,0,0,0,0
71458.061,15723,63,0,0,0,0,0,8,61320,44,53,0,0,0,0,0,0,0,0,0,0,0,0,0,0,0,0,0,0,0,0,0,0,328,17112,0,0,0,0
71475.527,17465,57,0,0,0,0,0,8,61358,44,53,0,0,0,0,0,0,0,0,0,0,0,0,0,0,0,0,0,0,0,0,0,0,353,15401,0,0,0,0
71491.796,16269,61,0,0,0,0,0,8,60290,44,53,0,0,0,0,0,0,0,0,0,0,0,0,0,0,0,0,0,0,0,0,0,0,302,17198,0,0,0,0
71508.841,17045,58,0,0,0,0,0,8,59589,44,53,0,0,0,0,0,0,0,0,0,0,0,0,0,0,0,0,0,0,0,0,0,0,302,16757,0,0,0,0
71525.331,16490,60,0,0,0,0,0,8,59594,44,53,0,0,0,0,0,0,0,0,0,0,0,0,0,0,0,0,0,0,0,0,0,0,309,17096,0,0,0,0
71542.126,16795,59,0,0,0,0,0,8,59500,44,53,0,0,0,0,0,0,0,0,0,0,0,0,0,0,0,0,0,0,0,0,0,0,341,16282,0,0,0,0
71558.488,16361,61,0,0,0,0,0,8,59732,44,53,0,0,0,0,0,0,0,0,0,0,0,0,0,0,0,0,0,0,0,0,0,0,308,17735,0,0,0,0
71575.492,17004,58,0,0,0,0,0,8,58949,44,53,0,0,0,0,0,0,0,0,0,0,0,0,0,0,0,0,0,0,0,0,0,0,292,15284,0,0,0,0
71592.096,16603,60,0,0,0,0,0,8,59873,44,53,0,0,0,0,0,0,0,0,0,0,0,0,0,0,0,0,0,0,0,0,0,0,309,16975,0,0,0,0
71608.786,16690,59,0,0,0,0,0,8,59237,44,53,0,0,0,0,0,0,0,0,0,0,0,0,0,0,0,0,0,0,0,0,0,0,322,16717,0,0,0,0
71625.439,16653,60,0,0,0,0,0,8,57961,44,53,0,0,0,0,0,0,0,0,0,0,0,0,0,0,0,0,0,0,0,0,0,0,290,17072,0,0,0,0
71642.301,16861,59,0,0,0,0,0,8,57822,44,53,0,0,0,0,0,0,0,0,0,0,0,0,0,0,0,0,0,0,0,0,0,0,312,15828,0,0,0,0
71658.736,16434,60,0,0,0,0,0,8,57905,44,53,0,0,0,0,0,0,0,0,0,0,0,0,0,0,0,0,0,0,0,0,0,0,306,17451,0,0,0,0
71675.414,16678,59,0,0,0,0,0,8,57229,44,53,0,0,0,0,0,0,0,0,0,0,0,0,0,0,0,0,0,0,0,0,0,0,316,16431,0,0,0,0
71692.784,17369,57,0,0,0,0,0,8,57330,44,53,0,0,0,0,0,0,0,0,0,0,0,0,0,0,0,0,0,0,0,0,0,0,302,16900,0,0,0,0
71708.781,15997,62,0,0,0,0,0,8,57048,44,53,0,0,0,0,0,0,0,0,0,0,0,0,0,0,0,0,0,0,0,0,0,0,317,17212,0,0,0,0
71725.542,16760,59,0,0,0,0,0,8,58440,44,53,0,0,0,0,0,0,0,0,0,0,0,0,0,0,0,0,0,0,0,0,0,0,325,15940,0,0,0,0
71742.021,16479,60,0,0,0,0,0,8,56913,44,53,0,0,0,0,0,0,0,0,0,0,0,0,0,0,0,0,0,0,0,0,0,0,329,16587,0,0,0,0
71758.850,16828,59,0,0,0,0,0,8,57112,44,53,0,0,0,0,0,0,0,0,0,0,0,0,0,0,0,0,0,0,0,0,0,0,315,16585,0,0,0,0
71775.312,16462,60,0,0,0,0,0,8,56904,44,53,0,0,0,0,0,0,0,0,0,0,0,0,0,0,0,0,0,0,0,0,0,0,305,17334,0,0,0,0
71792.789,17467,57,0,0,0,0,0,8,57988,44,53,0,0,0,0,0,0,0,0,0,0,0,0,0,0,0,0,0,0,0,0,0,0,305,15766,0,0,0,0
71808.480,15701,63,0,0,0,0,0,8,57772,44,53,0,0,0,0,0,0,0,0,0,0,0,0,0,0,0,0,0,0,0,0,0,0,298,18320,0,0,0,0
71825.292,16811,59,0,0,0,0,0,8,61197,44,53,0,0,0,0,0,0,0,0,0,0,0,0,0,0,0,0,0,0,0,0,0,0,300,15535,0,0,0,0
71841.918,16626,60,0,0,0,0,0,8,61005,44,53,0,0,0,0,0,0,0,0,0,0,0,0,0,0,0,0,0,0,0,0,0,0,317,16952,0,0,0,0
71858.210,16292,61,0,0,0,0,0,8,60450,44,53,0,0,0,0,0,0,0,0,0,0,0,0,0,0,0,0,0,0,0,0,0,0,335,16985,0,0,0,0
71875.407,17197,58,0,0,0,0,0,8,60001,44,53,0,0,0,0,0,0,0,0,0,0,0,0,0,0,0,0,0,0,0,0,0,0,328,15633,0,0,0,0
71892.320,16912,59,0,0,0,0,0,8,60007,44,53,0,0,0,0,0,0,0,0,0,0,0,0,0,0,0,0,0,0,0,0,0,0,333,17133,0,0,0,0
71908.889,16569,60,0,0,0,0,0,8,59874,44,53,0,0,0,0,0,0,0,0,0,0,0,0,0,0,0,0,0,0,0,0,0,0,315,16390,0,0,0,0
71925.783,16893,59,0,0,0,0,0,8,60382,44,53,0,0,0,0,0,0,0,0,0,0,0,0,0,0,0,0,0,0,0,0,0,0,317,17259,0,0,0,0
71942.133,16350,61,0,0,0,0,0,8,60089,44,53,0,0,0,0,0,0,0,0,0,0,0,0,0,0,0,0,0,0,0,0,0,0,322,15765,0,0,0,0
71958.780,16647,60,0,0,0,0,0,8,60003,44,53,0,0,0,0,0,0,0,0,0,0,0,0,0,0,0,0,0,0,0,0,0,0,325,16944,0,0,0,0
71975.149,16368,61,0,0,0,0,0,8,60268,44,53,0,0,0,0,0,0,0,0,0,0,0,0,0,0,0,0,0,0,0,0,0,0,308,17081,0,0,0,0
71991.844,16694,59,0,0,0,0,0,8,60144,44,53,0,0,0,0,0,0,0,0,0,0,0,0,0,0,0,0,0,0,0,0,0,0,317,15829,0,0,0,0
72008.781,16937,59,0,0,0,0,0,8,60200,44,53,0,0,0,0,0,0,0,0,0,0,0,0,0,0,0,0,0,0,0,0,0,0,291,16924,0,0,0,0
72025.785,17003,58,0,0,0,0,0,8,60343,44,53,0,0,0,0,0,0,0,0,0,0,0,0,0,0,0,0,0,0,0,0,0,0,304,15948,0,0,0,0
72042.293,16507,60,0,0,0,0,0,8,59953,44,53,0,0,0,0,0,0,0,0,0,0,0,0,0,0,0,0,0,0,0,0,0,0,335,17102,0,0,0,0
72058.212,15919,62,0,0,0,0,0,8,59864,44,53,0,0,0,0,0,0,0,0,0,0,0,0,0,0,0,0,0,0,0,0,0,0,317,17355,0,0,0,0
72075.439,17226,58,0,0,0,0,0,8,59450,44,53,0,0,0,0,0,0,0,0,0,0,0,0,0,0,0,0,0,0,0,0,0,0,304,15911,0,0,0,0
72092.780,17340,57,0,0,0,0,0,8,60519,44,53,0,0,0,0,0,0,0,0,0,0,0,0,0,0,0,0,0,0,0,0,0,0,318,17014,0,0,0,0
72108.824,16044,62,0,0,0,0,0,8,62177,44,53,0,0,0,0,0,0,0,0,0,0,0,0,0,0,0,0,0,0,0,0,0,0,329,17862,0,0,0,0
72125.482,16657,60,0,0,0,0,0,8,61626,44,53,0,0,0,0,0,0,0,0,0,0,0,0,0,0,0,0,0,0,0,0,0,0,295,15711,0,0,0,0
72142.055,16572,60,0,0,0,0,0,8,61675,44,53,0,0,0,0,0,0,0,0,0,0,0,0,0,0,0,0,0,0,0,0,0,0,306,16322,0,0,0,0
72158.916,16861,59,0,0,0,0,0,8,60746,44,53,0,0,0,0,0,0,0,0,0,0,0,0,0,0,0,0,0,0,0,0,0,0,344,17033,0,0,0,0
72175.285,16369,61,0,0,0,0,0,8,61712,44,53,0,0,0,0,0,0,0,0,0,0,0,0,0,0,0,0,0,0,0,0,0,0,300,16935,0,0,0,0
72192.785,17499,57,0,0,0,0,0,8,61523,44,53,0,0,0,0,0,0,0,0,0,0,0,0,0,0,0,0,0,0,0,0,0,0,319,16300,0,0,0,0
72208.789,16003,62,0,0,0,0,0,8,61331,44,53,0,0,0,0,0,0,0,0,0,0,0,0,0,0,0,0,0,0,0,0,0,0,308,17709,0,0,0,0
72225.130,16341,61,0,0,0,0,0,8,61534,44,53,0,0,0,0,0,0,0,0,0,0,0,0,0,0,0,0,0,0,0,0,0,0,319,15901,0,0,0,0
72242.782,17652,56,0,0,0,0,0,8,62217,44,53,0,0,0,0,0,0,0,0,0,0,0,0,0,0,0,0,0,0,0,0,0,0,315,15691,0,0,0,0
72258.827,16045,62,0,0,0,0,0,8,61755,44,53,0,0,0,0,0,0,0,0,0,0,0,0,0,0,0,0,0,0,0,0,0,0,332,18345,0,0,0,0
72275.290,16462,60,0,0,0,0,0,8,61349,44,53,0,0,0,0,0,0,0,0,0,0,0,0,0,0,0,0,0,0,0,0,0,0,307,15792,0,0,0,0
72292.783,17492,57,0,0,0,0,0,8,61259,44,53,0,0,0,0,0,0,0,0,0,0,0,0,0,0,0,0,0,0,0,0,0,0,304,16466,0,0,0,0
72308.693,15910,62,0,0,0,0,0,8,61115,44,53,0,0,0,0,0,0,0,0,0,0,0,0,0,0,0,0,0,0,0,0,0,0,314,17248,0,0,0,0
72325.430,16737,59,0,0,0,0,0,8,60836,44,53,0,0,0,0,0,0,0,0,0,0,0,0,0,0,0,0,0,0,0,0,0,0,313,15884,0,0,0,0
72342.005,16575,60,0,0,0,0,0,8,61249,44,53,0,0,0,0,0,0,0,0,0,0,0,0,0,0,0,0,0,0,0,0,0,0,330,16604,0,0,0,0
72358.911,16905,59,0,0,0,0,0,8,60300,44,53,0,0,0,0,0,0,0,0,0,0,0,0,0,0,0,0,0,0,0,0,0,0,316,16391,0,0,0,0
72375.470,16559,60,0,0,0,0,0,8,58882,44,53,0,0,0,0,0,0,0,0,0,0,0,0,0,0,0,0,0,0,0,0,0,0,326,17389,0,0,0,0
72392.296,16825,59,0,0,0,0,0,8,58409,44,53,0,0,0,0,0,0,0,0,0,0,0,0,0,0,0,0,0,0,0,0,0,0,321,16126,0,0,0,0
72408.908,16612,60,0,0,0,0,0,8,58076,44,53,0,0,0,0,0,0,0,0,0,0,0,0,0,0,0,0,0,0,0,0,0,0,333,16975,0,0,0,0
72425.346,16437,60,0,0,0,0,0,8,58844,44,53,0,0,0,0,0,0,0,0,0,0,0,0,0,0,0,0,0,0,0,0,0,0,321,17170,0,0,0,0
72441.779,16433,60,0,0,0,0,0,8,59190,44,53,0,0,0,0,0,0,0,0,0,0,0,0,0,0,0,0,0,0,0,0,0,0,314,16006,0,0,0,0
72458.833,17053,58,0,0,0,0,0,8,57192,44,53,0,0,0,0,0,0,0,0,0,0,0,0,0,0,0,0,0,0,0,0,0,0,337,15684,0,0,0,0
72475.783,16950,58,0,0,0,0,0,8,59103,44,53,0,0,0,0,0,0,0,0,0,0,0,0,0,0,0,0,0,0,0,0,0,0,316,18215,0,0,0,0
72492.093,16309,61,0,0,0,0,0,8,58775,44,53,0,0,0,0,0,0,0,0,0,0,0,0,0,0,0,0,0,0,0,0,0,0,314,15761,0,0,0,0
72508.473,16380,61,0,0,0,0,0,8,59116,44,53,0,0,0,0,0,0,0,0,0,0,0,0,0,0,0,0,0,0,0,0,0,0,330,17861,0,0,0,0
72525.845,17371,57,0,0,0,0,0,8,58611,44,53,0,0,0,0,0,0,0,0,0,0,0,0,0,0,0,0,0,0,0,0,0,0,322,16093,0,0,0,0
72542.024,16178,61,0,0,0,0,0,8,58552,44,53,0,0,0,0,0,0,0,0,0,0,0,0,0,0,0,0,0,0,0,0,0,0,299,16613,0,0,0,0
72558.918,16894,59,0,0,0,0,0,8,58219,44,53,0,0,0,0,0,0,0,0,0,0,0,0,0,0,0,0,0,0,0,0,0,0,330,15777,0,0,0,0
72574.832,15914,62,0,0,0,0,0,8,58720,44,53,0,0,0,0,0,0,0,0,0,0,0,0,0,0,0,0,0,0,0,0,0,0,312,17467,0,0,0,0
72592.771,17938,55,0,0,0,0,0,8,58837,44,53,0,0,0,0,0,0,0,0,0,0,0,0,0,0,0,0,0,0,0,0,0,0,318,16122,0,0,0,0
72608.829,16058,62,0,0,0,0,0,8,58513,44,53,0,0,0,0,0,0,0,0,0,0,0,0,0,0,0,0,0,0,0,0,0,0,338,18075,0,0,0,0
72625.517,16687,59,0,0,0,0,0,8,57321,44,53,0,0,0,0,0,0,0,0,0,0,0,0,0,0,0,0,0,0,0,0,0,0,310,16267,0,0,0,0
72642.787,17270,57,0,0,0,0,0,8,57621,44,53,0,0,0,0,0,0,0,0,0,0,0,0,0,0,0,0,0,0,0,0,0,0,307,16181,0,0,0,0
72658.936,16149,61,0,0,0,0,0,8,57767,44,53,0,0,0,0,0,0,0,0,0,0,0,0,0,0,0,0,0,0,0,0,0,0,342,17846,0,0,0,0
72675.580,16644,60,0,0,0,0,0,8,57400,44,53,0,0,0,0,0,0,0,0,0,0,0,0,0,0,0,0,0,0,0,0,0,0,316,16044,0,0,0,0
72692.298,16717,59,0,0,0,0,0,8,57736,44,53,0,0,0,0,0,0,0,0,0,0,0,0,0,0,0,0,0,0,0,0,0,0,351,15953,0,0,0,0
72708.909,16611,60,0,0,0,0,0,8,56922,44,53,0,0,0,0,0,0,0,0,0,0,0,0,0,0,0,0,0,0,0,0,0,0,342,16953,0,0,0,0
72725.486,16577,60,0,0,0,0,0,8,57025,44,53,0,0,0,0,0,0,0,0,0,0,0,0,0,0,0,0,0,0,0,0,0,0,312,16591,0,0,0,0
72742.771,17284,57,0,0,0,0,0,8,55532,44,53,0,0,0,0,0,0,0,0,0,0,0,0,0,0,0,0,0,0,0,0,0,0,300,17273,0,0,0,0
72758.640,15869,63,0,0,0,0,0,8,54990,44,53,0,0,0,0,0,0,0,0,0,0,0,0,0,0,0,0,0,0,0,0,0,0,321,16976,0,0,0,0
72775.126,16486,60,0,0,0,0,0,8,55117,44,53,0,0,0,0,0,0,0,0,0,0,0,0,0,0,0,0,0,0,0,0,0,0,298,15321,0,0,0,0
72792.181,17055,58,0,0,0,0,0,8,54921,44,53,0,0,0,0,0,0,0,0,0,0,0,0,0,0,0,0,0,0,0,0,0,0,313,16851,0,0,0,0
72808.769,16588,60,0,0,0,0,0,8,54282,44,53,0,0,0,0,0,0,0,0,0,0,0,0,0,0,0,0,0,0,0,0,0,0,348,16737,0,0,0,0
72825.768,16998,58,0,0,0,0,0,8,55720,44,53,0,0,0,0,0,0,0,0,0,0,0,0,0,0,0,0,0,0,0,0,0,0,302,17132,0,0,0,0
72841.913,16144,61,0,0,0,0,0,8,55084,44,53,0,0,0,0,0,0,0,0,0,0,0,0,0,0,0,0,0,0,0,0,0,0,338,16538,0,0,0,0
72858.765,16853,59,0,0,0,0,0,8,54750,44,53,0,0,0,0,0,0,0,0,0,0,0,0,0,0,0,0,0,0,0,0,0,0,334,16436,0,0,0,0
72875.517,16752,59,0,0,0,0,0,8,54761,44,53,0,0,0,0,0,0,0,0,0,0,0,0,0,0,0,0,0,0,0,0,0,0,308,16475,0,0,0,0
72892.777,17258,57,0,0,0,0,0,8,54747,44,53,0,0,0,0,0,0,0,0,0,0,0,0,0,0,0,0,0,0,0,0,0,0,303,16876,0,0,0,0
72908.842,16065,62,0,0,0,0,0,8,55112,44,53,0,0,0,0,0,0,0,0,0,0,0,0,0,0,0,0,0,0,0,0,0,0,315,17948,0,0,0,0
72925.179,16337,61,0,0,0,0,0,8,54207,44,53,0,0,0,0,0,0,0,0,0,0,0,0,0,0,0,0,0,0,0,0,0,0,308,15383,0,0,0,0
72941.911,16731,59,0,0,0,0,0,8,54608,44,53,0,0,0,0,0,0,0,0,0,0,0,0,0,0,0,0,0,0,0,0,0,0,321,16982,0,0,0,0
72958.414,16503,60,0,0,0,0,0,8,54011,44,53,0,0,0,0,0,0,0,0,0,0,0,0,0,0,0,0,0,0,0,0,0,0,322,16056,0,0,0,0
72975.065,16650,60,0,0,0,0,0,8,54418,44,53,0,0,0,0,0,0,0,0,0,0,0,0,0,0,0,0,0,0,0,0,0,0,312,16381,0,0,0,0
72992.023,16957,58,0,0,0,0,0,8,57121,44,53,0,0,0,0,0,0,0,0,0,0,0,0,0,0,0,0,0,0,0,0,0,0,320,16881,0,0,0,0
73008.768,16745,59,0,0,0,1,0,8,55832,44,53,0,0,0,0,0,0,0,0,0,0,0,0,0,0,0,0,0,0,0,0,0,0,331,16905,0,0,0,0
73025.252,16483,60,0,0,0,0,0,8,55331,44,53,0,0,0,0,0,0,0,0,0,0,0,0,0,0,0,0,0,0,0,0,0,0,317,16846,0,0,0,0
73042.132,16880,59,0,0,0,0,0,8,54810,44,53,0,0,0,0,0,0,0,0,0,0,0,0,0,0,0,0,0,0,0,0,0,0,322,16375,0,0,0,0
73058.809,16677,59,0,0,0,0,0,8,54734,44,53,0,0,0,0,0,0,0,0,0,0,0,0,0,0,0,0,0,0,0,0,0,0,335,16920,0,0,0,0
73075.246,16436,60,0,0,0,0,0,8,55663,44,53,0,0,0,0,0,0,0,0,0,0,0,0,0,0,0,0,0,0,0,0,0,0,350,17832,0,0,0,0
73092.078,16831,59,0,0,0,0,0,8,55181,44,53,0,0,0,0,0,0,0,0,0,0,0,0,0,0,0,0,0,0,0,0,0,0,308,16080,0,0,0,0
73108.802,16724,59,0,0,0,0,0,8,54963,44,53,0,0,0,0,0,0,0,0,0,0,0,0,0,0,0,0,0,0,0,0,0,0,307,16198,0,0,0,0
73125.338,16536,60,0,0,0,0,0,8,56636,44,53,0,0,0,0,0,0,0,0,0,0,0,0,0,0,0,0,0,0,0,0,0,0,316,16687,0,0,0,0
73142.768,17429,57,0,0,0,0,0,8,57167,44,53,0,0,0,0,0,0,0,0,0,0,0,0,0,0,0,0,0,0,0,0,0,0,311,16196,0,0,0,0
73158.905,16137,61,0,0,0,0,0,8,57767,44,53,0,0,0,0,0,0,0,0,0,0,0,0,0,0,0,0,0,0,0,0,0,0,300,16683,0,0,0,0
73175.289,16384,61,0,0,0,0,0,8,57242,44,53,0,0,0,0,0,0,0,0,0,0,0,0,0,0,0,0,0,0,0,0,0,0,306,17067,0,0,0,0
73192.146,16847,59,0,0,0,0,0,8,57333,44,53,0,0,0,0,0,0,0,0,0,0,0,0,0,0,0,0,0,0,0,0,0,0,321,16343,0,0,0,0
73208.893,16757,59,0,0,0,0,0,8,57401,44,53,0,0,0,0,0,0,0,0,0,0,0,0,0,0,0,0,0,0,0,0,0,0,315,17517,0,0,0,0
73225.345,16451,60,0,0,0,0,0,8,57161,44,53,0,0,0,0,0,0,0,0,0,0,0,0,0,0,0,0,0,0,0,0,0,0,312,16695,0,0,0,0
73242.766,17420,57,0,0,0,0,0,8,57549,44,53,0,0,0,0,0,0,0,0,0,0,0,0,0,0,0,0,0,0,0,0,0,0,320,16217,0,0,0,0
73258.912,16145,61,0,0,0,0,0,8,57220,44,53,0,0,0,0,0,0,0,0,0,0,0,0,0,0,0,0,0,0,0,0,0,0,320,18086,0,0,0,0
73275.101,16189,61,0,0,0,0,0,8,57570,44,53,0,0,0,0,0,0,0,0,0,0,0,0,0,0,0,0,0,0,0,0,0,0,360,15669,0,0,0,0
73292.767,17665,56,0,0,0,0,0,8,57468,44,53,0,0,0,0,0,0,0,0,0,0,0,0,0,0,0,0,0,0,0,0,0,0,307,16007,0,0,0,0
73308.410,15642,63,0,0,0,0,0,8,57963,44,53,0,0,0,0,0,0,0,0,0,0,0,0,0,0,0,0,0,0,0,0,0,0,314,17789,0,0,0,0
73325.568,17158,58,0,0,0,0,0,8,58107,44,53,0,0,0,0,0,0,0,0,0,0,0,0,0,0,0,0,0,0,0,0,0,0,298,14897,0,0,0,0
73342.307,16739,59,0,0,0,0,0,8,66150,44,53,0,0,0,0,0,0,0,0,0,0,0,0,0,0,0,0,0,0,0,0,0,0,332,18310,0,0,0,0
73358.842,16534,60,0,0,0,0,0,8,63656,44,53,0,0,0,0,0,0,0,0,0,0,0,0,0,0,0,0,0,0,0,0,0,0,302,15745,0,0,0,0
73376.767,17925,55,0,0,0,0,0,8,63062,44,53,0,0,0,0,0,0,0,0,0,0,0,0,0,0,0,0,0,0,0,0,0,0,305,16277,0,0,0,0
73391.888,15120,66,0,0,0,0,0,8,63324,44,53,0,0,0,0,0,0,0,0,0,0,0,0,0,0,0,0,0,0,0,0,0,0,328,18589,0,0,0,0
73408.766,16878,59,0,0,0,0,0,8,63204,44,53,0,0,0,0,0,0,0,0,0,0,0,0,0,0,0,0,0,0,0,0,0,0,306,14840,0,0,0,0
73425.381,16614,60,0,0,0,0,0,8,63551,44,53,0,0,0,0,0,0,0,0,0,0,0,0,0,0,0,0,0,0,0,0,0,0,303,16029,0,0,0,0
73442.261,16880,59,0,0,0,0,0,8,63646,44,53,0,0,0,0,0,0,0,0,0,0,0,0,0,0,0,0,0,0,0,0,0,0,320,17840,0,0,0,0
73458.903,16641,60,0,0,0,0,0,8,63800,44,53,0,0,0,0,0,0,0,0,0,0,0,0,0,0,0,0,0,0,0,0,0,0,327,16596,0,0,0,0
73475.349,16446,60,0,0,0,0,0,8,63780,44,53,0,0,0,0,0,0,0,0,0,0,0,0,0,0,0,0,0,0,0,0,0,0,295,16852,0,0,0,0
73491.913,16563,60,0,0,0,0,0,8,62101,44,53,0,0,0,0,0,0,0,0,0,0,0,0,0,0,0,0,0,0,0,0,0,0,325,16529,0,0,0,0
73508.809,16896,59,0,0,0,0,0,8,61622,44,53,0,0,0,0,0,0,0,0,0,0,0,0,0,0,0,0,0,0,0,0,0,0,304,15923,0,0,0,0
73525.562,16753,59,0,0,0,0,0,8,62022,44,53,0,0,0,0,0,0,0,0,0,0,0,0,0,0,0,0,0,0,0,0,0,0,310,17638,0,0,0,0
73541.954,16392,61,0,0,0,0,0,8,61964,44,53,0,0,0,0,0,0,0,0,0,0,0,0,0,0,0,0,0,0,0,0,0,0,340,16394,0,0,0,0
73558.906,16951,58,0,0,0,0,0,8,61951,44,53,0,0,0,0,0,0,0,0,0,0,0,0,0,0,0,0,0,0,0,0,0,0,324,16186,0,0,0,0
73575.273,16366,61,0,0,0,0,0,8,62533,44,53,0,0,0,0,0,0,0,0,0,0,0,0,0,0,0,0,0,0,0,0,0,0,286,17612,0,0,0,0
73591.902,16629,60,0,0,0,0,0,8,61909,44,53,0,0,0,0,0,0,0,0,0,0,0,0,0,0,0,0,0,0,0,0,0,0,311,16251,0,0,0,0
73608.808,16906,59,0,0,0,0,0,8,62659,44,53,0,0,0,0,0,0,0,0,0,0,0,0,0,0,0,0,0,0,0,0,0,0,317,16379,0,0,0,0
73625.502,16693,59,0,0,0,0,0,8,62524,44,53,0,0,0,0,0,0,0,0,0,0,0,0,0,0,0,0,0,0,0,0,0,0,337,17415,0,0,0,0
73642.776,17274,57,0,0,0,0,0,8,61921,44,53,0,0,0,0,0,0,0,0,0,0,0,0,0,0,0,0,0,0,0,0,0,0,317,16127,0,0,0,0
73658.830,16053,62,0,0,0,0,0,8,62127,44,53,0,0,0,0,0,0,0,0,0,0,0,0,0,0,0,0,0,0,0,0,0,0,360,17966,0,0,0,0
73675.326,16495,60,0,0,0,0,0,8,61754,44,53,0,0,0,0,0,0,0,0,0,0,0,0,0,0,0,0,0,0,0,0,0,0,307,15233,0,0,0,0
73692.769,17443,57,0,0,0,0,0,8,62799,44,53,0,0,0,0,0,0,0,0,0,0,0,0,0,0,0,0,0,0,0,0,0,0,308,16459,0,0,0,0
73708.898,16129,62,0,0,0,0,0,8,61932,44,53,0,0,0,0,0,0,0,0,0,0,0,0,0,0,0,0,0,0,0,0,0,0,312,17857,0,0,0,0
73725.357,16459,60,0,0,0,0,0,8,62243,44,53,0,0,0,0,0,0,0,0,0,0,0,0,0,0,0,0,0,0,0,0,0,0,317,16495,0,0,0,0
73742.058,16700,59,0,0,0,0,0,8,61845,44,53,0,0,0,0,0,0,0,0,0,0,0,0,0,0,0,0,0,0,0,0,0,0,311,15663,0,0,0,0
73758.445,16387,61,0,0,0,0,0,8,61560,44,53,0,0,0,0,0,0,0,0,0,0,0,0,0,0,0,0,0,0,0,0,0,0,343,17803,0,0,0,0
73775.424,16978,58,0,0,0,0,0,8,61431,44,53,0,0,0,0,0,0,0,0,0,0,0,0,0,0,0,0,0,0,0,0,0,0,295,15753,0,0,0,0
73792.281,16857,59,0,0,0,0,0,8,61848,44,53,0,0,0,0,0,0,0,0,0,0,0,0,0,0,0,0,0,0,0,0,0,0,337,16461,0,0,0,0
73808.896,16614,60,0,0,0,0,0,8,61329,44,53,0,0,0,0,0,0,0,0,0,0,0,0,0,0,0,0,0,0,0,0,0,0,308,16726,0,0,0,0
73825.159,16262,61,0,0,0,0,0,8,62149,44,53,0,0,0,0,0,0,0,0,0,0,0,0,0,0,0,0,0,0,0,0,0,0,328,17431,0,0,0,0
73842.106,16947,59,0,0,0,0,0,8,61503,44,53,0,0,0,0,0,0,0,0,0,0,0,0,0,0,0,0,0,0,0,0,0,0,311,15646,0,0,0,0
73858.835,16729,59,0,0,0,0,0,8,62103,44,53,0,0,0,0,0,0,0,0,0,0,0,0,0,0,0,0,0,0,0,0,0,0,314,17219,0,0,0,0
73876.760,17925,55,0,0,0,0,0,8,61667,44,53,0,0,0,0,0,0,0,0,0,0,0,0,0,0,0,0,0,0,0,0,0,0,319,16859,0,0,0,0
73892.467,15707,63,0,0,0,0,0,8,61742,44,53,0,0,0,0,0,0,0,0,0,0,0,0,0,0,0,0,0,0,0,0,0,0,321,17706,0,0,0,0
73908.471,16003,62,0,0,0,0,0,8,61475,44,53,0,0,0,0,0,0,0,0,0,0,0,0,0,0,0,0,0,0,0,0,0,0,306,15636,0,0,0,0
73925.275,16804,59,0,0,0,0,0,8,62961,44,53,0,0,0,0,0,0,0,0,0,0,0,0,0,0,0,0,0,0,0,0,0,0,312,16398,0,0,0,0
73942.765,17489,57,0,0,0,0,0,8,62786,44,53,0,0,0,0,0,0,0,0,0,0,0,0,0,0,0,0,0,0,0,0,0,0,342,16675,0,0,0,0
73958.896,16131,61,0,0,0,0,0,8,62441,44,53,0,0,0,0,0,0,0,0,0,0,0,0,0,0,0,0,0,0,0,0,0,0,323,17513,0,0,0,0
73975.306,16409,60,0,0,0,0,0,8,62495,44,53,0,0,0,0,0,0,0,0,0,0,0,0,0,0,0,0,0,0,0,0,0,0,299,15795,0,0,0,0
73992.282,16976,58,0,0,0,0,0,8,62482,44,53,0,0,0,0,0,0,0,0,0,0,0,0,0,0,0,0,0,0,0,0,0,0,314,16637,0,0,0,0
74008.472,16190,61,0,0,0,0,0,8,62578,44,53,0,0,0,0,0,0,0,0,0,0,0,0,0,0,0,0,0,0,0,0,0,0,344,16496,0,0,0,0
74025.280,16808,59,0,0,0,0,0,8,62363,44,53,0,0,0,0,0,0,0,0,0,0,0,0,0,0,0,0,0,0,0,0,0,0,303,16437,0,0,0,0
74042.762,17481,57,0,0,0,0,0,8,63447,44,53,0,0,0,0,0,0,0,0,0,0,0,0,0,0,0,0,0,0,0,0,0,0,320,17375,0,0,0,0
74058.762,16000,62,0,0,0,0,0,8,62903,44,53,0,0,0,0,0,0,0,0,0,0,0,0,0,0,0,0,0,0,0,0,0,0,317,17167,0,0,0,0
74075.531,16769,59,0,0,0,0,0,8,62622,44,53,0,0,0,0,0,0,0,0,0,0,0,0,0,0,0,0,0,0,0,0,0,0,296,15818,0,0,0,0
74092.256,16724,59,0,0,0,0,0,8,62546,44,53,0,0,0,0,0,0,0,0,0,0,0,0,0,0,0,0,0,0,0,0,0,0,313,16584,0,0,0,0
74108.757,16500,60,0,0,0,0,0,8,62432,44,53,0,0,0,0,0,0,0,0,0,0,0,0,0,0,0,0,0,0,0,0,0,0,334,17034,0,0,0,0
74125.315,16557,60,0,0,0,0,0,8,62874,44,53,0,0,0,0,0,0,0,0,0,0,0,0,0,0,0,0,0,0,0,0,0,0,325,16587,0,0,0,0
74141.964,16649,60,0,0,0,0,0,8,62397,44,53,0,0,0,0,0,0,0,0,0,0,0,0,0,0,0,0,0,0,0,0,0,0,318,16347,0,0,0,0
74158.768,16804,59,0,0,0,0,0,8,62122,44,53,0,0,0,0,0,0,0,0,0,0,0,0,0,0,0,0,0,0,0,0,0,0,319,17184,0,0,0,0
74175.298,16529,60,0,0,0,0,0,8,61718,44,53,0,0,0,0,0,0,0,0,0,0,0,0,0,0,0,0,0,0,0,0,0,0,308,16510,0,0,0,0
74191.776,16477,60,0,0,0,0,0,8,62648,44,53,0,0,0,0,0,0,0,0,0,0,0,0,0,0,0,0,0,0,0,0,0,0,309,16459,0,0,0,0
74209.115,17339,57,0,0,0,0,0,8,62521,44,53,0,0,0,0,0,0,0,0,0,0,0,0,0,0,0,0,0,0,0,0,0,0,313,16940,0,0,0,0
74224.761,15645,63,0,0,0,0,0,8,62532,44,53,0,0,0,0,0,0,0,0,0,0,0,0,0,0,0,0,0,0,0,0,0,0,289,16723,0,0,0,0
74242.762,18001,55,0,0,0,0,0,8,62667,44,53,0,0,0,0,0,0,0,0,0,0,0,0,0,0,0,0,0,0,0,0,0,0,288,14694,0,0,0,0
74258.918,16155,61,0,0,0,0,0,8,62247,44,53,0,0,0,0,0,0,0,0,0,0,0,0,0,0,0,0,0,0,0,0,0,0,324,19454,0,0,0,0
74275.541,16622,60,0,0,0,0,0,8,62104,44,53,0,0,0,0,0,0,0,0,0,0,0,0,0,0,0,0,0,0,0,0,0,0,311,15616,0,0,0,0
74292.129,16588,60,0,0,0,0,0,8,62406,44,53,0,0,0,0,0,0,0,0,0,0,0,0,0,0,0,0,0,0,0,0,0,0,288,16132,0,0,0,0
74308.816,16687,59,0,0,0,0,0,8,62202,44,53,0,0,0,0,0,0,0,0,0,0,0,0,0,0,0,0,0,0,0,0,0,0,311,17223,0,0,0,0
74325.278,16461,60,0,0,0,0,0,8,62178,44,53,0,0,0,0,0,0,0,0,0,0,0,0,0,0,0,0,0,0,0,0,0,0,313,16875,0,0,0,0
74341.862,16583,60,0,0,0,0,0,8,62442,44,53,0,0,0,0,0,0,0,0,0,0,0,0,0,0,0,0,0,0,0,0,0,0,309,16274,0,0,0,0
74358.759,16897,59,0,0,0,0,0,8,62426,44,53,0,0,0,0,0,0,0,0,0,0,0,0,0,0,0,0,0,0,0,0,0,0,332,16418,0,0,0,0
74375.277,16517,60,0,0,0,0,0,8,62525,44,53,0,0,0,0,0,0,0,0,0,0,0,0,0,0,0,0,0,0,0,0,0,0,309,15935,0,0,0,0
74392.764,17487,57,0,0,0,0,0,8,63019,44,53,0,0,0,0,0,0,0,0,0,0,0,0,0,0,0,0,0,0,0,0,0,0,305,17961,0,0,0,0
74408.450,15686,63,0,0,0,0,0,8,62840,44,53,0,0,0,0,0,0,0,0,0,0,0,0,0,0,0,0,0,0,0,0,0,0,332,17527,0,0,0,0
74424.766,16316,61,0,0,0,0,0,8,62421,44,53,0,0,0,0,0,0,0,0,0,0,0,0,0,0,0,0,0,0,0,0,0,0,291,15126,0,0,0,0
74441.913,17147,58,0,0,0,0,0,8,62388,44,53,0,0,0,0,0,0,0,0,0,0,0,0,0,0,0,0,0,0,0,0,0,0,324,16809,0,0,0,0
74458.815,16901,59,0,0,0,0,0,8,61216,44,53,0,0,0,0,0,0,0,0,0,0,0,0,0,0,0,0,0,0,0,0,0,0,329,17308,0,0,0,0
74475.754,16939,59,0,0,0,0,0,8,61060,44,53,0,0,0,0,0,0,0,0,0,0,0,0,0,0,0,0,0,0,0,0,0,0,305,16354,0,0,0,0
74492.756,17001,58,0,0,0,0,0,8,60970,44,53,0,0,0,0,0,0,0,0,0,0,0,0,0,0,0,0,0,0,0,0,0,0,316,15743,0,0,0,0
74508.893,16137,61,0,0,0,0,0,8,61526,44,53,0,0,0,0,0,0,0,0,0,0,0,0,0,0,0,0,0,0,0,0,0,0,312,19239,0,0,0,0
74525.754,16860,59,0,0,0,0,0,8,61363,44,53,0,0,0,0,0,0,0,0,0,0,0,0,0,0,0,0,0,0,0,0,0,0,296,15370,0,0,0,0
74542.044,16289,61,0,0,0,0,0,8,71041,44,53,0,0,0,0,0,0,0,0,0,0,0,0,0,0,0,0,0,0,0,0,0,0,337,18209,0,0,0,0
74558.468,16424,60,0,0,0,0,0,8,67169,44,53,0,0,0,0,0,0,0,0,0,0,0,0,0,0,0,0,0,0,0,0,0,0,321,17311,0,0,0,0
74575.760,17291,57,0,0,0,0,0,8,65829,44,53,0,0,0,0,0,0,0,0,0,0,0,0,0,0,0,0,0,0,0,0,0,0,307,15438,0,0,0,0
74591.890,16130,61,0,0,0,0,0,8,65466,44,53,0,0,0,0,0,0,0,0,0,0,0,0,0,0,0,0,0,0,0,0,0,0,303,15541,0,0,0,0
74608.917,17027,58,0,0,0,0,0,8,65623,44,53,0,0,0,0,0,0,0,0,0,0,0,0,0,0,0,0,0,0,0,0,0,0,331,17748,0,0,0,0
74625.493,16576,60,0,0,0,0,0,8,65557,44,53,0,0,0,0,0,0,0,0,0,0,0,0,0,0,0,0,0,0,0,0,0,0,287,16807,0,0,0,0
74642.780,17286,57,0,0,0,0,0,8,65206,44,53,0,0,0,0,0,0,0,0,0,0,0,0,0,0,0,0,0,0,0,0,0,0,324,15948,0,0,0,0
74658.485,15705,63,0,0,0,0,0,8,66239,44,53,0,0,0,0,0,0,0,0,0,0,0,0,0,0,0,0,0,0,0,0,0,0,321,17559,0,0,0,0
74676.753,18267,54,0,0,0,0,0,8,65248,44,53,0,0,0,0,0,0,0,0,0,0,0,0,0,0,0,0,0,0,0,0,0,0,289,15792,0,0,0,0
74692.750,15985,62,0,0,0,0,0,8,65427,44,53,0,0,0,0,0,0,0,0,0,0,0,0,0,0,0,0,0,0,0,0,0,0,321,17544,0,0,0,0
74709.018,16279,61,0,0,0,0,0,8,65203,44,53,0,0,0,0,0,0,0,0,0,0,0,0,0,0,0,0,0,0,0,0,0,0,335,16887,0,0,0,0
74725.753,16734,59,0,0,0,0,0,8,65785,44,53,0,0,0,0,0,0,0,0,0,0,0,0,0,0,0,0,0,0,0,0,0,0,289,15774,0,0,0,0
74742.075,16322,61,0,0,0,0,0,8,65518,44,53,0,0,0,0,0,0,0,0,0,0,0,0,0,0,0,0,0,0,0,0,0,0,319,16889,0,0,0,0
74758.819,16744,59,0,0,0,0,0,8,65435,44,53,0,0,0,0,0,0,0,0,0,0,0,0,0,0,0,0,0,0,0,0,0,0,315,16534,0,0,0,0
74775.303,16484,60,0,0,0,0,0,8,65122,44,53,0,0,0,0,0,0,0,0,0,0,0,0,0,0,0,0,0,0,0,0,0,0,318,16855,0,0,0,0
74792.290,16987,58,0,0,0,0,0,8,65157,44,53,0,0,0,0,0,0,0,0,0,0,0,0,0,0,0,0,0,0,0,0,0,0,316,15606,0,0,0,0
74808.705,16415,60,0,0,0,0,0,8,65900,44,53,0,0,0,0,0,0,0,0,0,0,0,0,0,0,0,0,0,0,0,0,0,0,306,17351,0,0,0,0
74825.265,16559,60,0,0,0,0,0,8,65426,44,53,0,0,0,0,0,0,0,0,0,0,0,0,0,0,0,0,0,0,0,0,0,0,338,17249,0,0,0,0
74842.215,16950,58,0,0,0,0,0,8,65724,44,53,0,0,0,0,0,0,0,0,0,0,0,0,0,0,0,0,0,0,0,0,0,0,313,15985,0,0,0,0
74858.474,16259,61,0,0,0,0,0,8,65970,44,53,0,0,0,0,0,0,0,0,0,0,0,0,0,0,0,0,0,0,0,0,0,0,293,16841,0,0,0,0
74875.203,16728,59,0,0,0,0,0,8,65611,44,53,0,0,0,0,0,0,0,0,0,0,0,0,0,0,0,0,0,0,0,0,0,0,337,17043,0,0,0,0
74891.909,16695,59,0,0,0,0,0,8,68133,44,53,0,0,0,0,0,0,0,0,0,0,0,0,0,0,0,0,0,0,0,0,0,0,310,15623,0,0,0,0
74908.751,16852,59,0,0,0,0,0,8,67632,44,53,0,0,0,0,0,0,0,0,0,0,0,0,0,0,0,0,0,0,0,0,0,0,313,17306,0,0,0,0
74925.278,16527,60,0,0,0,0,0,8,67585,44,53,0,0,0,0,0,0,0,0,0,0,0,0,0,0,0,0,0,0,0,0,0,0,312,16786,0,0,0,0
74942.041,16762,59,0,0,0,0,0,8,68236,44,53,0,0,0,0,0,0,0,0,0,0,0,0,0,0,0,0,0,0,0,0,0,0,310,15844,0,0,0,0
74958.755,16713,59,0,0,0,0,0,8,67764,44,53,0,0,0,0,0,0,0,0,0,0,0,0,0,0,0,0,0,0,0,0,0,0,320,17150,0,0,0,0
74975.209,16454,60,0,0,0,0,0,8,68431,44,53,0,0,0,0,0,0,0,0,0,0,0,0,0,0,0,0,0,0,0,0,0,0,319,15966,0,0,0,0
74991.777,16568,60,0,0,0,0,0,8,68076,44,53,0,0,0,0,0,0,0,0,0,0,0,0,0,0,0,0,0,0,0,0,0,0,348,17662,0,0,0,0
75008.455,16677,59,0,0,0,0,0,8,67900,44,53,0,0,0,0,0,0,0,0,0,0,0,0,0,0,0,0,0,0,0,0,0,0,328,15958,0,0,0,0
75025.332,16876,59,0,0,0,0,0,8,68664,44,53,0,0,0,0,0,0,0,0,0,0,0,0,0,0,0,0,0,0,0,0,0,0,318,17332,0,0,0,0
75041.908,16576,60,0,0,0,0,0,8,68271,44,53,0,0,0,0,0,0,0,0,0,0,0,0,0,0,0,0,0,0,0,0,0,0,304,16075,0,0,0,0
75058.895,16987,58,0,0,0,0,0,8,68779,44,53,0,0,0,0,0,0,0,0,0,0,0,0,0,0,0,0,0,0,0,0,0,0,321,17322,0,0,0,0
75075.337,16442,60,0,0,0,0,0,8,68156,44,53,0,0,0,0,0,0,0,0,0,0,0,0,0,0,0,0,0,0,0,0,0,0,304,16378,0,0,0,0
75092.160,16822,59,0,0,0,0,0,8,68408,44,53,0,0,0,0,0,0,0,0,0,0,0,0,0,0,0,0,0,0,0,0,0,0,317,16373,0,0,0,0
75108.818,16657,60,0,0,0,0,0,8,70467,44,53,0,0,0,0,0,0,0,0,0,0,0,0,0,0,0,0,0,0,0,0,0,0,331,16904,0,0,0,0
75124.824,16006,62,0,0,0,0,0,8,70091,44,53,0,0,0,0,0,0,0,0,0,0,0,0,0,0,0,0,0,0,0,0,0,0,298,16949,0,0,0,0
75141.893,17059,58,0,0,0,0,0,8,70484,44,53,0,0,0,0,0,0,0,0,0,0,0,0,0,0,0,0,0,0,0,0,0,0,327,16144,0,0,0,0
75158.811,16928,59,0,0,0,0,0,8,70024,44,53,0,0,0,0,0,0,0,0,0,0,0,0,0,0,0,0,0,0,0,0,0,0,318,17191,0,0,0,0
75175.265,16453,60,0,0,0,0,0,8,69841,44,53,0,0,0,0,0,0,0,0,0,0,0,0,0,0,0,0,0,0,0,0,0,0,288,16893,0,0,0,0
75191.867,16602,60,0,0,0,0,0,8,70290,44,53,0,0,0,0,0,0,0,0,0,0,0,0,0,0,0,0,0,0,0,0,0,0,325,16080,0,0,0,0
75207.977,16109,62,0,0,0,0,0,8,70108,44,53,0,0,0,0,0,0,0,0,0,0,0,0,0,0,0,0,0,0,0,0,0,0,309,16071,0,0,0,0
75225.322,17345,57,0,0,0,0,0,8,70701,44,53,0,0,0,0,0,0,0,0,0,0,0,0,0,0,0,0,0,0,0,0,0,0,304,16700,0,0,0,0
75241.894,16562,60,0,0,0,0,0,8,72647,44,53,0,0,0,0,0,0,0,0,0,0,0,0,0,0,0,0,0,0,0,0,0,0,325,17171,0,0,0,0
75258.885,17000,58,0,0,0,0,0,8,72224,44,53,0,0,0,0,0,0,0,0,0,0,0,0,0,0,0,0,0,0,0,0,0,0,310,16635,0,0,0,0
75275.267,16382,61,0,0,0,0,0,8,72777,44,53,0,0,0,0,0,0,0,0,0,0,0,0,0,0,0,0,0,0,0,0,0,0,310,17348,0,0,0,0
75292.166,16899,59,0,0,0,0,0,8,72517,44,53,0,0,0,0,0,0,0,0,0,0,0,0,0,0,0,0,0,0,0,0,0,0,294,15933,0,0,0,0
75308.831,16664,60,0,0,0,0,0,8,72581,44,53,0,0,0,0,0,0,0,0,0,0,0,0,0,0,0,0,0,0,0,0,0,0,328,16983,0,0,0,0
75325.314,16483,60,0,0,0,0,0,8,71909,44,53,0,0,0,0,0,0,0,0,0,0,0,0,0,0,0,0,0,0,0,0,0,0,293,16676,0,0,0,0
75341.914,16599,60,0,0,0,0,0,8,72002,44,53,0,0,0,0,0,0,0,0,0,0,0,0,0,0,0,0,0,0,0,0,0,0,317,16168,0,0,0,0
75358.782,16867,59,0,0,0,0,0,8,71519,44,53,0,0,0,0,0,0,0,0,0,0,0,0,0,0,0,0,0,0,0,0,0,0,316,16623,0,0,0,0
75375.291,16509,60,0,0,0,0,0,8,69792,44,53,0,0,0,0,0,0,0,0,0,0,0,0,0,0,0,0,0,0,0,0,0,0,311,17050,0,0,0,0
75391.888,16596,60,0,0,0,0,0,8,69772,44,53,0,0,0,0,0,0,0,0,0,0,0,0,0,0,0,0,0,0,0,0,0,0,312,16254,0,0,0,0
75408.899,17011,58,0,0,0,0,0,8,69137,44,53,0,0,0,0,0,0,0,0,0,0,0,0,0,0,0,0,0,0,0,0,0,0,304,15722,0,0,0,0
75425.278,16378,61,0,0,0,0,0,8,69267,44,53,0,0,0,0,0,0,0,0,0,0,0,0,0,0,0,0,0,0,0,0,0,0,320,18574,0,0,0,0
75442.773,17494,57,0,0,0,0,0,8,69226,44,53,0,0,0,0,0,0,0,0,0,0,0,0,0,0,0,0,0,0,0,0,0,0,304,16039,0,0,0,0
75458.431,15658,63,0,0,0,0,0,8,69264,44,53,0,0,0,0,0,0,0,0,0,0,0,0,0,0,0,0,0,0,0,0,0,0,319,17687,0,0,0,0
75475.262,16831,59,0,0,0,0,0,8,68774,44,53,0,0,0,0,0,0,0,0,0,0,0,0,0,0,0,0,0,0,0,0,0,0,290,15946,0,0,0,0
75491.746,16483,60,0,0,0,0,0,8,68698,44,53,0,0,0,0,0,0,0,0,0,0,0,0,0,0,0,0,0,0,0,0,0,0,301,15988,0,0,0,0
75508.430,16683,59,0,0,0,0,0,8,68039,44,53,0,0,0,0,0,0,0,0,0,0,0,0,0,0,0,0,0,0,0,0,0,0,318,16843,0,0,0,0
75525.308,16878,59,0,0,0,0,0,8,68130,44,53,0,0,0,0,0,0,0,0,0,0,0,0,0,0,0,0,0,0,0,0,0,0,299,17079,0,0,0,0
75542.011,16703,59,0,0,0,0,0,8,67695,44,53,0,0,0,0,0,0,0,0,0,0,0,0,0,0,0,0,0,0,0,0,0,0,301,16691,0,0,0,0
75558.890,16879,59,0,0,0,0,0,8,67394,44,53,0,0,0,0,0,0,0,0,0,0,0,0,0,0,0,0,0,0,0,0,0,0,348,17394,0,0,0,0
75575.442,16551,60,0,0,0,0,0,8,67941,44,53,0,0,0,0,0,0,0,0,0,0,0,0,0,0,0,0,0,0,0,0,0,0,315,16401,0,0,0,0
75592.754,17312,57,0,0,0,0,0,8,67539,44,53,0,0,0,0,0,0,0,0,0,0,0,0,0,0,0,0,0,0,0,0,0,0,289,16393,0,0,0,0
75608.748,15993,62,0,0,0,0,0,8,67535,44,53,0,0,0,0,0,0,0,0,0,0,0,0,0,0,0,0,0,0,0,0,0,0,319,17414,0,0,0,0
75625.197,16449,60,0,0,0,0,0,8,68991,44,53,0,0,0,0,0,0,0,0,0,0,0,0,0,0,0,0,0,0,0,0,0,0,300,14685,0,0,0,0
75641.901,16703,59,0,0,0,0,0,8,69350,44,53,0,0,0,0,0,0,0,0,0,0,0,0,0,0,0,0,0,0,0,0,0,0,334,18290,0,0,0,0
75659.272,17371,57,0,0,0,0,0,8,68320,44,53,0,0,0,0,0,0,0,0,0,0,0,0,0,0,0,0,0,0,0,0,0,0,313,15464,0,0,0,0
75675.746,16473,60,0,0,0,0,0,8,67902,44,53,0,0,0,0,0,0,0,0,0,0,0,0,0,0,0,0,0,0,0,0,0,0,308,18140,0,0,0,0
75692.753,17007,58,0,0,0,0,0,8,68641,44,53,0,0,0,0,0,0,0,0,0,0,0,0,0,0,0,0,0,0,0,0,0,0,293,15283,0,0,0,0
75708.913,16159,61,0,0,0,0,0,8,67992,44,53,0,0,0,0,0,0,0,0,0,0,0,0,0,0,0,0,0,0,0,0,0,0,320,18140,0,0,0,0
75725.745,16832,59,0,0,0,0,0,8,68478,44,53,0,0,0,0,0,0,0,0,0,0,0,0,0,0,0,0,0,0,0,0,0,0,319,15628,0,0,0,0
75742.749,17004,58,0,0,0,0,0,8,68206,44,53,0,0,0,0,0,0,0,0,0,0,0,0,0,0,0,0,0,0,0,0,0,0,289,15904,0,0,0,0
75758.802,16052,62,0,0,0,0,0,8,68152,44,53,0,0,0,0,0,0,0,0,0,0,0,0,0,0,0,0,0,0,0,0,0,0,334,18333,0,0,0,0
75775.259,16457,60,0,0,0,0,0,8,71466,44,53,0,0,0,0,0,0,0,0,0,0,0,0,0,0,0,0,0,0,0,0,0,0,319,16385,0,0,0,0
75792.758,17498,57,0,0,0,1,0,8,70731,44,53,0,0,0,0,0,0,0,0,0,0,0,0,0,0,0,0,0,0,0,0,0,0,311,15560,0,0,0,0
75808.888,16130,61,0,0,0,0,0,8,70763,44,53,0,0,0,0,0,0,0,0,0,0,0,0,0,0,0,0,0,0,0,0,0,0,331,18171,0,0,0,0
75825.256,16367,61,0,0,0,0,0,8,71609,44,53,0,0,0,0,0,0,0,0,0,0,0,0,0,0,0,0,0,0,0,0,0,0,315,16373,0,0,0,0
75842.174,16918,59,0,0,0,0,0,8,71569,44,53,0,0,0,0,0,0,0,0,0,0,0,0,0,0,0,0,0,0,0,0,0,0,344,16033,0,0,0,0
75858.806,16632,60,0,0,0,0,0,8,69744,44,53,0,0,0,0,0,0,0,0,0,0,0,0,0,0,0,0,0,0,0,0,0,0,294,16770,0,0,0,0
75875.263,16457,60,0,0,0,0,0,8,69028,44,53,0,0,0,0,0,0,0,0,0,0,0,0,0,0,0,0,0,0,0,0,0,0,326,16850,0,0,0,0
75892.002,16738,59,0,0,0,0,0,8,69163,44,53,0,0,0,0,0,0,0,0,0,0,0,0,0,0,0,0,0,0,0,0,0,0,321,16173,0,0,0,0
75908.374,16371,61,0,0,0,0,0,8,68263,44,53,0,0,0,0,0,0,0,0,0,0,0,0,0,0,0,0,0,0,0,0,0,0,293,16485,0,0,0,0
75925.971,17597,56,0,0,0,0,0,8,69722,44,53,0,0,0,0,0,0,0,0,0,0,0,0,0,0,0,0,0,0,0,0,0,0,311,17526,0,0,0,0
75942.758,16787,59,0,0,0,0,0,8,69736,44,53,0,0,0,0,0,0,0,0,0,0,0,0,0,0,0,0,0,0,0,0,0,0,292,16221,0,0,0,0
75958.879,16120,62,0,0,0,0,0,8,69361,44,53,0,0,0,0,0,0,0,0,0,0,0,0,0,0,0,0,0,0,0,0,0,0,326,17524,0,0,0,0
75975.321,16442,60,0,0,0,0,0,8,70589,44,53,0,0,0,0,0,0,0,0,0,0,0,0,0,0,0,0,0,0,0,0,0,0,315,16014,0,0,0,0
75991.962,16640,60,0,0,0,0,0,8,70345,44,53,0,0,0,0,0,0,0,0,0,0,0,0,0,0,0,0,0,0,0,0,0,0,327,16367,0,0,0,0
76008.740,16778,59,0,0,0,0,0,8,70426,44,53,0,0,0,0,0,0,0,0,0,0,0,0,0,0,0,0,0,0,0,0,0,0,327,16486,0,0,0,0
76025.325,16584,60,0,0,0,0,0,8,77286,44,53,0,0,0,0,0,0,0,0,0,0,0,0,0,0,0,0,0,0,0,0,0,0,307,16247,0,0,0,0
76041.908,16583,60,0,0,0,0,0,8,75595,44,53,0,0,0,0,0,0,0,0,0,0,0,0,0,0,0,0,0,0,0,0,0,0,349,17225,0,0,0,0
76058.802,16893,59,0,0,0,0,0,8,75010,44,53,0,0,0,0,0,0,0,0,0,0,0,0,0,0,0,0,0,0,0,0,0,0,330,17146,0,0,0,0
76075.252,16449,60,0,0,0,0,0,8,74837,44,53,0,0,0,0,0,0,0,0,0,0,0,0,0,0,0,0,0,0,0,0,0,0,329,16750,0,0,0,0
76092.263,17011,58,0,0,0,0,0,8,74636,44,53,0,0,0,0,0,0,0,0,0,0,0,0,0,0,0,0,0,0,0,0,0,0,310,16072,0,0,0,0
76108.879,16615,60,0,0,0,0,0,8,74082,44,53,0,0,0,0,0,0,0,0,0,0,0,0,0,0,0,0,0,0,0,0,0,0,327,17093,0,0,0,0
76125.206,16327,61,0,0,0,0,0,8,73549,44,53,0,0,0,0,0,0,0,0,0,0,0,0,0,0,0,0,0,0,0,0,0,0,319,16464,0,0,0,0
76142.124,16918,59,0,0,0,0,0,8,74019,44,53,0,0,0,0,0,0,0,0,0,0,0,0,0,0,0,0,0,0,0,0,0,0,322,16830,0,0,0,0
76158.882,16756,59,0,0,0,0,0,8,73245,44,53,0,0,0,0,0,0,0,0,0,0,0,0,0,0,0,0,0,0,0,0,0,0,332,17376,0,0,0,0
76175.751,16869,59,0,0,0,0,0,8,73718,44,53,0,0,0,0,0,0,0,0,0,0,0,0,0,0,0,0,0,0,0,0,0,0,296,15908,0,0,0,0
76191.824,16073,62,0,0,0,0,0,8,72398,44,53,0,0,0,0,0,0,0,0,0,0,0,0,0,0,0,0,0,0,0,0,0,0,311,15736,0,0,0,0
76208.803,16979,58,0,0,0,0,0,8,71698,44,53,0,0,0,0,0,0,0,0,0,0,0,0,0,0,0,0,0,0,0,0,0,0,324,16712,0,0,0,0
76226.284,17480,57,0,0,0,0,0,8,72395,44,53,0,0,0,0,0,0,0,0,0,0,0,0,0,0,0,0,0,0,0,0,0,0,310,18072,0,0,0,0
76242.305,16021,62,0,0,0,0,0,8,72973,44,53,0,0,0,0,0,0,0,0,0,0,0,0,0,0,0,0,0,0,0,0,0,0,315,16535,0,0,0,0
76259.259,16954,58,0,0,0,0,0,8,72523,44,53,0,0,0,0,0,0,0,0,0,0,0,0,0,0,0,0,0,0,0,0,0,0,303,18193,0,0,0,0
76275.249,15989,62,0,0,0,0,0,8,71786,44,53,0,0,0,0,0,0,0,0,0,0,0,0,0,0,0,0,0,0,0,0,0,0,279,15213,0,0,0,0
76292.742,17492,57,0,0,0,0,0,8,72142,44,53,0,0,0,0,0,0,0,0,0,0,0,0,0,0,0,0,0,0,0,0,0,0,311,15486,0,0,0,0
76308.941,16199,61,0,0,0,0,0,8,71266,44,53,0,0,0,0,0,0,0,0,0,0,0,0,0,0,0,0,0,0,0,0,0,0,335,17621,0,0,0,0
76325.323,16381,61,0,0,0,0,0,8,71223,44,53,0,0,0,0,0,0,0,0,0,0,0,0,0,0,0,0,0,0,0,0,0,0,297,16433,0,0,0,0
76342.062,16739,59,0,0,0,0,0,8,71037,44,53,0,0,0,0,0,0,0,0,0,0,0,0,0,0,0,0,0,0,0,0,0,0,309,16008,0,0,0,0
76358.815,16752,59,0,0,0,0,0,8,71225,44,53,0,0,0,0,0,0,0,0,0,0,0,0,0,0,0,0,0,0,0,0,0,0,320,17500,0,0,0,0
76375.424,16609,60,0,0,0,0,0,8,70109,44,53,0,0,0,0,0,0,0,0,0,0,0,0,0,0,0,0,0,0,0,0,0,0,315,16745,0,0,0,0
76391.801,16377,61,0,0,0,0,0,8,70721,44,53,0,0,0,0,0,0,0,0,0,0,0,0,0,0,0,0,0,0,0,0,0,0,330,15819,0,0,0,0
76408.877,17075,58,0,0,0,0,0,8,70095,44,53,0,0,0,0,0,0,0,0,0,0,0,0,0,0,0,0,0,0,0,0,0,0,314,16717,0,0,0,0
76425.313,16435,60,0,0,0,0,0,8,69884,44,53,0,0,0,0,0,0,0,0,0,0,0,0,0,0,0,0,0,0,0,0,0,0,323,17645,0,0,0,0
76442.279,16966,58,0,0,0,0,0,8,71037,44,53,0,0,0,0,0,0,0,0,0,0,0,0,0,0,0,0,0,0,0,0,0,0,322,15442,0,0,0,0
76458.654,16375,61,0,0,0,0,0,8,69515,44,53,0,0,0,0,0,0,0,0,0,0,0,0,0,0,0,0,0,0,0,0,0,0,316,17572,0,0,0,0
76475.501,16846,59,0,0,0,0,0,8,72546,44,53,0,0,0,0,0,0,0,0,0,0,0,0,0,0,0,0,0,0,0,0,0,0,298,16299,0,0,0,0
76492.003,16502,60,0,0,0,0,0,8,72399,44,53,0,0,0,0,0,0,0,0,0,0,0,0,0,0,0,0,0,0,0,0,0,0,302,16157,0,0,0,0
76508.883,16880,59,0,0,0,0,0,8,70948,44,53,0,0,0,0,0,0,0,0,0,0,0,0,0,0,0,0,0,0,0,0,0,0,457,17083,0,0,0,0
76525.750,16866,59,0,0,0,0,0,8,71419,44,53,0,0,0,0,0,0,0,0,0,0,0,0,0,0,0,0,0,0,0,0,0,0,306,17311,0,0,0,0
76542.741,16990,58,0,0,0,0,0,8,77491,44,53,0,0,0,0,0,0,0,0,0,0,0,0,0,0,0,0,0,0,0,0,0,0,312,15586,0,0,0,0
76558.771,16029,62,0,0,0,0,0,8,79249,44,53,0,0,0,0,0,0,0,0,0,0,0,0,0,0,0,0,0,0,0,0,0,0,1007,18984,0,0,0,0
76575.740,16969,58,0,0,0,0,0,8,75865,44,53,0,0,0,0,0,0,0,0,0,0,0,0,0,0,0,0,0,0,0,0,0,0,320,14977,0,0,0,0
76592.179,16438,60,0,0,0,0,0,8,81592,44,53,0,0,0,0,0,0,0,0,0,0,0,0,0,0,0,0,0,0,0,0,0,0,1650,17053,0,0,0,0
76608.447,16268,61,0,0,0,0,0,8,87911,44,53,0,0,0,0,0,0,0,0,0,0,0,0,0,0,0,0,0,0,0,0,0,0,317,19094,0,0,0,0
76625.345,16897,59,0,0,0,0,0,8,86643,44,53,0,0,0,0,0,0,0,0,0,0,0,0,0,0,0,0,0,0,0,0,0,0,306,16115,0,0,0,0
76642.177,16831,59,0,0,0,0,0,8,752,44,53,0,0,0,0,0,0,0,0,0,0,0,0,0,0,0,0,0,0,0,0,0,0,0,0,0,0,0,0
77323.047,680870,1,0,0,0,0,0,8,117664,123,53,0,0,0,0,0,0,0,0,0,0,0,0,0,0,0,0,0,0,0,0,0,0,578,703880,0,0,0,0
77333.465,10417,95,0,0,0,0,0,8,83265,44,53,0,0,0,0,0,0,0,0,0,0,0,0,0,0,0,0,0,0,0,0,0,0,206,10419,0,0,0,0
77350.138,16673,59,0,0,0,0,0,8,153681,44,53,0,0,0,0,0,0,0,0,0,0,0,0,0,0,0,0,0,0,0,0,0,0,200,10416,0,0,0,0
77366.974,16835,59,0,0,0,0,0,8,91003,44,53,0,0,0,0,0,0,0,0,0,0,0,0,0,0,0,0,0,0,0,0,0,0,412,19299,0,0,0,0
77383.638,16664,60,0,0,0,0,0,8,81522,44,53,0,0,0,0,0,0,0,0,0,0,0,0,0,0,0,0,0,0,0,0,0,0,264,12770,0,0,0,0
77400.415,16776,59,0,0,0,0,0,8,81859,44,53,0,0,0,0,0,0,0,0,0,0,0,0,0,0,0,0,0,0,0,0,0,0,301,17505,0,0,0,0
77416.547,16131,61,0,0,0,0,0,8,81290,44,53,0,0,0,0,0,0,0,0,0,0,0,0,0,0,0,0,0,0,0,0,0,0,313,17000,0,0,0,0
77433.614,17066,58,0,0,0,0,0,8,81463,44,53,0,0,0,0,0,0,0,0,0,0,0,0,0,0,0,0,0,0,0,0,0,0,284,15831,0,0,0,0
77450.180,16566,60,0,0,0,0,0,8,81448,44,53,0,0,0,0,0,0,0,0,0,0,0,0,0,0,0,0,0,0,0,0,0,0,309,17924,0,0,0,0
77467.200,17020,58,0,0,0,0,0,8,81448,44,53,0,0,0,0,0,0,0,0,0,0,0,0,0,0,0,0,0,0,0,0,0,0,287,14752,0,0,0,0
77483.516,16315,61,0,0,0,0,0,8,81828,44,53,0,0,0,0,0,0,0,0,0,0,0,0,0,0,0,0,0,0,0,0,0,0,321,16630,0,0,0,0
77500.299,16783,59,0,0,0,0,0,8,81889,44,53,0,0,0,0,0,0,0,0,0,0,0,0,0,0,0,0,0,0,0,0,0,0,344,16343,0,0,0,0
77516.780,16481,60,0,0,0,0,0,8,81552,44,53,0,0,0,0,0,0,0,0,0,0,0,0,0,0,0,0,0,0,0,0,0,0,295,16777,0,0,0,0
77534.250,17469,57,0,0,0,0,0,8,82019,44,53,0,0,0,0,0,0,0,0,0,0,0,0,0,0,0,0,0,0,0,0,0,0,318,17833,0,0,0,0
77550.330,16080,62,0,0,0,0,0,8,82324,44,53,0,0,0,0,0,0,0,0,0,0,0,0,0,0,0,0,0,0,0,0,0,0,298,17317,0,0,0,0
77567.005,16676,59,0,0,0,0,0,8,82919,44,53,0,0,0,0,0,0,0,0,0,0,0,0,0,0,0,0,0,0,0,0,0,0,324,17167,0,0,0,0
77583.053,16047,62,0,0,0,0,0,8,82109,44,53,0,0,0,0,0,0,0,0,0,0,0,0,0,0,0,0,0,0,0,0,0,0,313,15847,0,0,0,0
77600.406,17353,57,0,0,0,0,0,8,81840,44,53,0,0,0,0,0,0,0,0,0,0,0,0,0,0,0,0,0,0,0,0,0,0,318,17177,0,0,0,0
77617.131,16725,59,0,0,0,0,0,8,81862,44,53,0,0,0,0,0,0,0,0,0,0,0,0,0,0,0,0,0,0,0,0,0,0,276,15203,0,0,0,0
77633.758,16626,60,0,0,0,0,0,8,82201,44,53,0,0,0,0,0,0,0,0,0,0,0,0,0,0,0,0,0,0,0,0,0,0,311,18575,0,0,0,0
77649.739,15980,62,0,0,0,0,0,8,82126,44,53,0,0,0,0,0,0,0,0,0,0,0,0,0,0,0,0,0,0,0,0,0,0,309,16063,0,0,0,0
77666.797,17057,58,0,0,0,0,0,8,81641,44,53,0,0,0,0,0,0,0,0,0,0,0,0,0,0,0,0,0,0,0,0,0,0,273,14887,0,0,0,0
77683.408,16610,60,0,0,0,0,0,8,81813,44,53,0,0,0,0,0,0,0,0,0,0,0,0,0,0,0,0,0,0,0,0,0,0,318,16999,0,0,0,0
77700.300,16892,59,0,0,0,0,0,8,82969,44,53,0,0,0,0,0,0,0,0,0,0,0,0,0,0,0,0,0,0,0,0,0,0,286,15377,0,0,0,0
77716.821,16521,60,0,0,0,0,0,8,82875,44,53,0,0,0,0,0,0,0,0,0,0,0,0,0,0,0,0,0,0,0,0,0,0,319,18811,0,0,0,0
77734.731,17909,55,0,0,0,0,0,8,83141,44,53,0,0,0,0,0,0,0,0,0,0,0,0,0,0,0,0,0,0,0,0,0,0,308,16152,0,0,0,0
77750.314,15582,64,0,0,0,0,0,8,81553,44,53,0,0,0,0,0,0,0,0,0,0,0,0,0,0,0,0,0,0,0,0,0,0,306,17881,0,0,0,0
77766.593,16279,61,0,0,0,0,0,8,81209,44,53,0,0,0,0,0,0,0,0,0,0,0,0,0,0,0,0,0,0,0,0,0,0,300,14590,0,0,0,0
77783.591,16997,58,0,0,0,0,0,8,81163,44,53,0,0,0,0,0,0,0,0,0,0,0,0,0,0,0,0,0,0,0,0,0,0,287,17120,0,0,0,0
77800.519,16928,59,0,0,0,0,0,8,80921,44,53,0,0,0,0,0,0,0,0,0,0,0,0,0,0,0,0,0,0,0,0,0,0,300,18632,0,0,0,0
77817.088,16568,60,0,0,0,0,0,8,79811,44,53,0,0,0,0,0,0,0,0,0,0,0,0,0,0,0,0,0,0,0,0,0,0,313,15036,0,0,0,0
77833.614,16526,60,0,0,0,0,0,8,79728,44,53,0,0,0,0,0,0,0,0,0,0,0,0,0,0,0,0,0,0,0,0,0,0,314,17313,0,0,0,0
77850.237,16623,60,0,0,0,0,0,8,79231,44,53,0,0,0,0,0,0,0,0,0,0,0,0,0,0,0,0,0,0,0,0,0,0,298,16124,0,0,0,0
77866.375,16138,61,0,0,0,0,0,8,78997,44,53,0,0,0,0,0,0,0,0,0,0,0,0,0,0,0,0,0,0,0,0,0,0,313,15565,0,0,0,0
77883.914,17539,57,0,0,0,0,0,8,79602,44,53,0,0,0,0,0,0,0,0,0,0,0,0,0,0,0,0,0,0,0,0,0,0,308,16647,0,0,0,0
77900.385,16470,60,0,0,0,0,0,8,79991,44,53,0,0,0,0,0,0,0,0,0,0,0,0,0,0,0,0,0,0,0,0,0,0,335,19087,0,0,0,0
77916.954,16569,60,0,0,0,0,0,8,78779,44,53,0,0,0,0,0,0,0,0,0,0,0,0,0,0,0,0,0,0,0,0,0,0,362,15172,0,0,0,0
77934.003,17048,58,0,0,0,0,0,8,79190,44,53,0,0,0,0,0,0,0,0,0,0,0,0,0,0,0,0,0,0,0,0,0,0,299,15327,0,0,0,0
77950.241,16238,61,0,0,0,0,0,8,79342,44,53,0,0,0,0,0,0,0,0,0,0,0,0,0,0,0,0,0,0,0,0,0,0,314,18338,0,0,0,0
77967.263,17022,58,0,0,0,0,0,8,78839,44,53,0,0,0,0,0,0,0,0,0,0,0,0,0,0,0,0,0,0,0,0,0,0,294,15472,0,0,0,0
77983.474,16211,61,0,0,0,0,0,8,79101,44,53,0,0,0,0,0,0,0,0,0,0,0,0,0,0,0,0,0,0,0,0,0,0,326,19349,0,0,0,0
78000.237,16762,59,0,0,0,0,0,8,79297,44,53,0,0,0,0,0,0,0,0,0,0,0,0,0,0,0,0,0,0,0,0,0,0,294,14115,0,0,0,0
78017.054,16816,59,0,0,0,0,0,8,78701,44,53,0,0,0,0,0,0,0,0,0,0,0,0,0,0,0,0,0,0,0,0,0,0,322,16964,0,0,0,0
78033.606,16552,60,0,0,0,0,0,8,79414,44,53,0,0,0,0,0,0,0,0,0,0,0,0,0,0,0,0,0,0,0,0,0,0,314,16734,0,0,0,0
78050.462,16856,59,0,0,0,0,0,8,79657,44,53,0,0,0,0,0,0,0,0,0,0,0,0,0,0,0,0,0,0,0,0,0,0,330,18124,0,0,0,0
78067.248,16786,59,0,0,0,0,0,8,78802,44,53,0,0,0,0,0,0,0,0,0,0,0,0,0,0,0,0,0,0,0,0,0,0,300,15118,0,0,0,0
78082.994,15745,63,0,0,0,0,0,8,77013,44,53,0,0,0,0,0,0,0,0,0,0,0,0,0,0,0,0,0,0,0,0,0,0,314,17443,0,0,0,0
78100.439,17445,57,0,0,0,0,0,8,77581,44,53,0,0,0,0,0,0,0,0,0,0,0,0,0,0,0,0,0,0,0,0,0,0,298,14927,0,0,0,0
78116.728,16289,61,0,0,0,0,0,8,79032,44,53,0,0,0,0,0,0,0,0,0,0,0,0,0,0,0,0,0,0,0,0,0,0,304,19199,0,0,0,0
78134.269,17541,57,0,0,0,0,0,8,78788,44,53,0,0,0,0,0,0,0,0,0,0,0,0,0,0,0,0,0,0,0,0,0,0,325,14383,0,0,0,0
78149.835,15566,64,0,0,0,0,0,8,79201,44,53,0,0,0,0,0,0,0,0,0,0,0,0,0,0,0,0,0,0,0,0,0,0,316,18597,0,0,0,0
78166.947,17111,58,0,0,0,0,0,8,79039,44,53,0,0,0,0,0,0,0,0,0,0,0,0,0,0,0,0,0,0,0,0,0,0,296,14568,0,0,0,0
78183.869,16911,59,0,0,0,0,0,8,79261,44,53,0,0,0,0,0,0,0,0,0,0,0,0,0,0,0,0,0,0,0,0,0,0,323,19356,0,0,0,0
78200.514,16656,60,0,0,0,0,0,8,78676,44,53,0,0,0,0,0,0,0,0,0,0,0,0,0,0,0,0,0,0,0,0,0,0,306,18064,0,0,0,0
78217.237,16722,59,0,0,0,0,0,8,78632,44,53,0,0,0,0,0,0,0,0,0,0,0,0,0,0,0,0,0,0,0,0,0,0,272,13513,0,0,0,0
78233.872,16624,60,0,0,0,0,0,8,79527,44,53,0,0,0,0,0,0,0,0,0,0,0,0,0,0,0,0,0,0,0,0,0,0,305,18275,0,0,0,0
78250.504,16642,60,0,0,0,0,0,8,79112,44,53,0,0,0,0,0,0,0,0,0,0,0,0,0,0,0,0,0,0,0,0,0,0,308,16678,0,0,0,0
78266.755,16251,61,0,0,0,0,0,8,78437,44,53,0,0,0,0,0,0,0,0,0,0,0,0,0,0,0,0,0,0,0,0,0,0,284,15037,0,0,0,0
78283.826,17071,58,0,0,0,0,0,8,78633,44,53,0,0,0,0,0,0,0,0,0,0,0,0,0,0,0,0,0,0,0,0,0,0,300,18880,0,0,0,0
78300.239,16413,60,0,0,0,0,0,8,79198,44,53,0,0,0,0,0,0,0,0,0,0,0,0,0,0,0,0,0,0,0,0,0,0,290,15197,0,0,0,0
78316.908,16668,59,0,0,0,0,0,8,79004,44,53,0,0,0,0,0,0,0,0,0,0,0,0,0,0,0,0,0,0,0,0,0,0,305,15837,0,0,0,0
78333.571,16662,60,0,0,0,0,0,8,78480,44,53,0,0,0,0,0,0,0,0,0,0,0,0,0,0,0,0,0,0,0,0,0,0,301,17712,0,0,0,0
78350.152,16581,60,0,0,0,0,0,8,79667,44,53,0,0,0,0,0,0,0,0,0,0,0,0,0,0,0,0,0,0,0,0,0,0,327,16441,0,0,0,0
78366.827,16675,59,0,0,0,0,0,8,79053,44,53,0,0,0,0,0,0,0,0,0,0,0,0,0,0,0,0,0,0,0,0,0,0,310,17386,0,0,0,0
78383.383,16556,60,0,0,0,0,0,8,79112,44,53,0,0,0,0,0,0,0,0,0,0,0,0,0,0,0,0,0,0,0,0,0,0,289,15769,0,0,0,0
78400.392,17008,58,0,0,0,0,0,8,78460,44,53,0,0,0,0,0,0,0,0,0,0,0,0,0,0,0,0,0,0,0,0,0,0,297,15789,0,0,0,0
78416.827,16435,60,0,0,0,0,0,8,78452,44,53,0,0,0,0,0,0,0,0,0,0,0,0,0,0,0,0,0,0,0,0,0,0,310,16704,0,0,0,0
78433.973,17145,58,0,0,0,0,0,8,80026,44,53,0,0,0,0,0,0,0,0,0,0,0,0,0,0,0,0,0,0,0,0,0,0,280,17352,0,0,0,0
78450.229,16255,61,0,0,0,0,0,8,79024,44,53,0,0,0,0,0,0,0,0,0,0,0,0,0,0,0,0,0,0,0,0,0,0,301,18400,0,0,0,0
78467.725,17496,57,0,0,0,0,0,8,78092,44,53,0,0,0,0,0,0,0,0,0,0,0,0,0,0,0,0,0,0,0,0,0,0,305,14123,0,0,0,0
78483.500,15775,63,0,0,0,0,0,8,78729,44,53,0,0,0,0,0,0,0,0,0,0,0,0,0,0,0,0,0,0,0,0,0,0,320,19008,0,0,0,0
78500.510,17009,58,0,0,0,0,0,8,78932,44,53,0,0,0,0,0,0,0,0,0,0,0,0,0,0,0,0,0,0,0,0,0,0,292,15196,0,0,0,0
78517.728,17218,58,0,0,0,0,0,8,79046,44,53,0,0,0,0,0,0,0,0,0,0,0,0,0,0,0,0,0,0,0,0,0,0,321,16501,0,0,0,0
78533.475,15746,63,0,0,0,0,0,8,78543,44,53,0,0,0,0,0,0,0,0,0,0,0,0,0,0,0,0,0,0,0,0,0,0,313,17508,0,0,0,0
78550.522,17046,58,0,0,0,0,0,8,79143,44,53,0,0,0,0,0,0,0,0,0,0,0,0,0,0,0,0,0,0,0,0,0,0,323,15271,0,0,0,0
78567.733,17211,58,0,0,0,1,0,8,78857,44,53,0,0,0,0,0,0,0,0,0,0,0,0,0,0,0,0,0,0,0,0,0,0,303,17049,0,0,0,0
78583.818,16085,62,0,0,0,0,0,8,78901,44,53,0,0,0,0,0,0,0,0,0,0,0,0,0,0,0,0,0,0,0,0,0,0,294,17719,0,0,0,0
78600.250,16431,60,0,0,0,0,0,8,78155,44,53,0,0,0,0,0,0,0,0,0,0,0,0,0,0,0,0,0,0,0,0,0,0,318,16011,0,0,0,0
78617.135,16885,59,0,0,0,0,0,8,78166,44,53,0,0,0,0,0,0,0,0,0,0,0,0,0,0,0,0,0,0,0,0,0,0,301,15972,0,0,0,0
78633.722,16586,60,0,0,0,0,0,8,79539,44,53,0,0,0,0,0,0,0,0,0,0,0,0,0,0,0,0,0,0,0,0,0,0,311,16277,0,0,0,0
78650.247,16524,60,0,0,0,0,0,8,77035,44,53,0,0,0,0,0,0,0,0,0,0,0,0,0,0,0,0,0,0,0,0,0,0,304,16443,0,0,0,0
78666.978,16731,59,0,0,0,0,0,8,76206,44,53,0,0,0,0,0,0,0,0,0,0,0,0,0,0,0,0,0,0,0,0,0,0,330,17635,0,0,0,0
78683.394,16415,60,0,0,0,0,0,8,76341,44,53,0,0,0,0,0,0,0,0,0,0,0,0,0,0,0,0,0,0,0,0,0,0,297,17799,0,0,0,0
78700.289,16894,59,0,0,0,0,0,8,76991,44,53,0,0,0,0,0,0,0,0,0,0,0,0,0,0,0,0,0,0,0,0,0,0,300,15159,0,0,0,0
78717.242,16953,58,0,0,0,0,0,8,76497,44,53,0,0,0,0,0,0,0,0,0,0,0,0,0,0,0,0,0,0,0,0,0,0,321,17048,0,0,0,0
78733.479,16236,61,0,0,0,0,0,8,76470,44,53,0,0,0,0,0,0,0,0,0,0,0,0,0,0,0,0,0,0,0,0,0,0,305,17546,0,0,0,0
78750.482,17002,58,0,0,0,0,0,8,76624,44,53,0,0,0,0,0,0,0,0,0,0,0,0,0,0,0,0,0,0,0,0,0,0,293,17020,0,0,0,0
78767.033,16551,60,0,0,0,0,0,8,76673,44,53,0,0,0,0,0,0,0,0,0,0,0,0,0,0,0,0,0,0,0,0,0,0,315,15505,0,0,0,0
78783.325,16292,61,0,0,0,0,0,8,77119,44,53,0,0,0,0,0,0,0,0,0,0,0,0,0,0,0,0,0,0,0,0,0,0,311,17940,0,0,0,0
78800.254,16928,59,0,0,0,0,0,8,76344,44,53,0,0,0,0,0,0,0,0,0,0,0,0,0,0,0,0,0,0,0,0,0,0,316,14752,0,0,0,0
78816.843,16588,60,0,0,0,0,0,8,76432,44,53,0,0,0,0,0,0,0,0,0,0,0,0,0,0,0,0,0,0,0,0,0,0,304,17174,0,0,0,0
78833.411,16568,60,0,0,0,0,0,8,77093,44,53,0,0,0,0,0,0,0,0,0,0,0,0,0,0,0,0,0,0,0,0,0,0,310,17325,0,0,0,0
78850.254,16843,59,0,0,0,0,0,8,76860,44,53,0,0,0,0,0,0,0,0,0,0,0,0,0,0,0,0,0,0,0,0,0,0,312,16601,0,0,0,0
78866.830,16575,60,0,0,0,0,0,8,76470,44,53,0,0,0,0,0,0,0,0,0,0,0,0,0,0,0,0,0,0,0,0,0,0,298,15301,0,0,0,0
78883.468,16638,60,0,0,0,0,0,8,76961,44,53,0,0,0,0,0,0,0,0,0,0,0,0,0,0,0,0,0,0,0,0,0,0,289,16634,0,0,0,0
78900.252,16783,59,0,0,0,0,0,8,78202,44,53,0,0,0,0,0,0,0,0,0,0,0,0,0,0,0,0,0,0,0,0,0,0,302,18092,0,0,0,0
78917.750,17498,57,0,0,0,0,0,8,77792,44,53,0,0,0,0,0,0,0,0,0,0,0,0,0,0,0,0,0,0,0,0,0,0,292,15935,0,0,0,0
78933.725,15975,62,0,0,0,0,0,8,77688,44,53,0,0,0,0,0,0,0,0,0,0,0,0,0,0,0,0,0,0,0,0,0,0,310,17660,0,0,0,0
78950.327,16601,60,0,0,0,0,0,8,78725,44,53,0,0,0,0,0,0,0,0,0,0,0,0,0,0,0,0,0,0,0,0,0,0,304,15379,0,0,0,0
78967.148,16820,59,0,0,0,0,0,8,77777,44,53,0,0,0,0,0,0,0,0,0,0,0,0,0,0,0,0,0,0,0,0,0,0,299,17870,0,0,0,0
78983.673,16525,60,0,0,0,0,0,8,77919,44,53,0,0,0,0,0,0,0,0,0,0,0,0,0,0,0,0,0,0,0,0,0,0,325,16042,0,0,0,0
79000.240,16567,60,0,0,0,0,0,8,77709,44,53,0,0,0,0,0,0,0,0,0,0,0,0,0,0,0,0,0,0,0,0,0,0,282,16457,0,0,0,0
79017.723,17483,57,0,0,0,0,0,8,77669,44,53,0,0,0,0,0,0,0,0,0,0,0,0,0,0,0,0,0,0,0,0,0,0,284,16691,0,0,0,0
79033.761,16038,62,0,0,0,0,0,8,78007,44,53,0,0,0,0,0,0,0,0,0,0,0,0,0,0,0,0,0,0,0,0,0,0,281,16836,0,0,0,0
79050.249,16487,60,0,0,0,0,0,8,78497,44,53,0,0,0,0,0,0,0,0,0,0,0,0,0,0,0,0,0,0,0,0,0,0,310,17044,0,0,0,0
79066.838,16578,60,0,0,0,0,0,8,77724,44,53,0,0,0,0,0,0,0,0,0,0,0,0,0,0,0,0,0,0,0,0,0,0,296,15939,0,0,0,0
79083.727,16899,59,0,0,0,0,0,8,77911,44,53,0,0,0,0,0,0,0,0,0,0,0,0,0,0,0,0,0,0,0,0,0,0,336,16964,0,0,0,0
79100.386,16659,60,0,0,0,0,0,8,77737,44,53,0,0,0,0,0,0,0,0,0,0,0,0,0,0,0,0,0,0,0,0,0,0,322,16269,0,0,0,0
79117.723,17336,57,0,0,0,0,0,8,77360,44,53,0,0,0,0,0,0,0,0,0,0,0,0,0,0,0,0,0,0,0,0,0,0,319,16502,0,0,0,0
79133.856,16132,61,0,0,0,0,0,8,77813,44,53,0,0,0,0,0,0,0,0,0,0,0,0,0,0,0,0,0,0,0,0,0,0,306,18447,0,0,0,0
79150.230,16374,61,0,0,0,0,0,8,77872,44,53,0,0,0,0,0,0,0,0,0,0,0,0,0,0,0,0,0,0,0,0,0,0,309,14619,0,0,0,0
79167.715,17484,57,0,0,0,0,0,8,77659,44,53,0,0,0,0,0,0,0,0,0,0,0,0,0,0,0,0,0,0,0,0,0,0,312,17519,0,0,0,0
79183.381,15665,63,0,0,0,0,0,8,77877,44,53,0,0,0,0,0,0,0,0,0,0,0,0,0,0,0,0,0,0,0,0,0,0,305,17615,0,0,0,0
79200.462,17081,58,0,0,0,0,0,8,79389,44,53,0,0,0,0,0,0,0,0,0,0,0,0,0,0,0,0,0,0,0,0,0,0,326,15162,0,0,0,0
79216.903,16440,60,0,0,0,0,0,8,79565,44,53,0,0,0,0,0,0,0,0,0,0,0,0,0,0,0,0,0,0,0,0,0,0,325,17699,0,0,0,0
79233.904,17000,58,0,0,0,0,0,8,79760,44,53,0,0,0,0,0,0,0,0,0,0,0,0,0,0,0,0,0,0,0,0,0,0,268,16250,0,0,0,0
79250.350,16446,60,0,0,0,0,0,8,79940,44,53,0,0,0,0,0,0,0,0,0,0,0,0,0,0,0,0,0,0,0,0,0,0,311,16291,0,0,0,0
79267.242,16892,59,0,0,0,0,0,8,79697,44,53,0,0,0,0,0,0,0,0,0,0,0,0,0,0,0,0,0,0,0,0,0,0,290,17112,0,0,0,0
79283.857,16605,60,0,0,0,0,0,8,80406,44,53,0,0,0,0,0,0,0,0,0,0,0,0,0,0,0,0,0,0,0,0,0,0,346,18100,0,0,0,0
79300.227,16379,61,0,0,0,0,0,8,82913,44,53,0,0,0,0,0,0,0,0,0,0,0,0,0,0,0,0,0,0,0,0,0,0,306,16465,0,0,0,0
79317.191,16964,58,0,0,0,0,0,8,86928,44,53,0,0,0,0,0,0,0,0,0,0,0,0,0,0,0,0,0,0,0,0,0,0,298,16287,0,0,0,0
79333.441,16249,61,0,0,0,0,0,8,86838,44,53,0,0,0,0,0,0,0,0,0,0,0,0,0,0,0,0,0,0,0,0,0,0,300,15742,0,0,0,0
79350.228,16787,59,0,0,0,0,0,8,85804,44,53,0,0,0,0,0,0,0,0,0,0,0,0,0,0,0,0,0,0,0,0,0,0,324,16997,0,0,0,0
79367.063,16824,59,0,0,0,0,0,8,88911,44,53,0,0,0,0,0,0,0,0,0,0,0,0,0,0,0,0,0,0,0,0,0,0,319,16380,0,0,0,0
79383.710,16657,60,0,0,0,0,0,8,89018,44,53,0,0,0,0,0,0,0,0,0,0,0,0,0,0,0,0,0,0,0,0,0,0,331,19258,0,0,0,0
79399.717,16006,62,0,0,0,0,0,8,89508,44,53,0,0,0,0,0,0,0,0,0,0,0,0,0,0,0,0,0,0,0,0,0,0,295,15974,0,0,0,0
79417.235,17518,57,0,0,0,0,0,8,89263,44,53,0,0,0,0,0,0,0,0,0,0,0,0,0,0,0,0,0,0,0,0,0,0,280,14059,0,0,0,0
79433.868,16633,60,0,0,0,0,0,8,89389,44,53,0,0,0,0,0,0,0,0,0,0,0,0,0,0,0,0,0,0,0,0,0,0,330,17242,0,0,0,0
79450.223,16355,61,0,0,0,0,0,8,91037,44,53,0,0,0,0,0,0,0,0,0,0,0,0,0,0,0,0,0,0,0,0,0,0,333,19026,0,0,0,0
79467.246,17022,58,0,0,0,0,0,8,89321,44,53,0,0,0,0,0,0,0,0,0,0,0,0,0,0,0,0,0,0,0,0,0,0,301,14998,0,0,0,0
79483.427,16181,61,0,0,0,0,0,8,89835,44,53,0,0,0,0,0,0,0,0,0,0,0,0,0,0,0,0,0,0,0,0,0,0,316,15996,0,0,0,0
79500.434,17006,58,0,0,0,0,0,8,89422,44,53,0,0,0,0,0,0,0,0,0,0,0,0,0,0,0,0,0,0,0,0,0,0,330,16731,0,0,0,0
79517.350,16915,59,0,0,0,0,0,8,88743,44,53,0,0,0,0,0,0,0,0,0,0,0,0,0,0,0,0,0,0,0,0,0,0,307,17438,0,0,0,0
79533.438,16088,62,0,0,0,0,0,8,88867,44,53,0,0,0,0,0,0,0,0,0,0,0,0,0,0,0,0,0,0,0,0,0,0,311,17328,0,0,0,0
79550.404,16965,58,0,0,0,0,0,8,88534,44,53,0,0,0,0,0,0,0,0,0,0,0,0,0,0,0,0,0,0,0,0,0,0,307,14745,0,0,0,0
79567.709,17304,57,0,0,0,0,0,8,87903,44,53,0,0,0,0,0,0,0,0,0,0,0,0,0,0,0,0,0,0,0,0,0,0,315,17234,0,0,0,0
79583.607,15898,62,0,0,0,0,0,8,88282,44,53,0,0,0,0,0,0,0,0,0,0,0,0,0,0,0,0,0,0,0,0,0,0,318,17794,0,0,0,0
79600.233,16625,60,0,0,0,0,0,8,89312,44,53,0,0,0,0,0,0,0,0,0,0,0,0,0,0,0,0,0,0,0,0,0,0,303,15647,0,0,0,0
79616.854,16620,60,0,0,0,0,0,8,88557,44,53,0,0,0,0,0,0,0,0,0,0,0,0,0,0,0,0,0,0,0,0,0,0,302,16138,0,0,0,0
79633.801,16946,59,0,0,0,0,0,8,89018,44,53,0,0,0,0,0,0,0,0,0,0,0,0,0,0,0,0,0,0,0,0,0,0,300,17075,0,0,0,0
79650.031,16230,61,0,0,0,0,0,8,89150,44,53,0,0,0,0,0,0,0,0,0,0,0,0,0,0,0,0,0,0,0,0,0,0,307,17800,0,0,0,0
79667.712,17680,56,0,0,0,0,0,8,88885,44,53,0,0,0,0,0,0,0,0,0,0,0,0,0,0,0,0,0,0,0,0,0,0,293,15500,0,0,0,0
79683.847,16135,61,0,0,0,0,0,8,89377,44,53,0,0,0,0,0,0,0,0,0,0,0,0,0,0,0,0,0,0,0,0,0,0,346,18483,0,0,0,0
79699.794,15946,62,0,0,0,0,0,8,89472,44,53,0,0,0,0,0,0,0,0,0,0,0,0,0,0,0,0,0,0,0,0,0,0,286,15490,0,0,0,0
79716.782,16988,58,0,0,0,0,0,8,89525,44,53,0,0,0,0,0,0,0,0,0,0,0,0,0,0,0,0,0,0,0,0,0,0,297,16606,0,0,0,0
79733.735,16953,58,0,0,0,0,0,8,90344,44,53,0,0,0,0,0,0,0,0,0,0,0,0,0,0,0,0,0,0,0,0,0,0,288,17384,0,0,0,0
79750.659,16924,59,0,0,0,0,0,8,91227,44,53,0,0,0,0,0,0,0,0,0,0,0,0,0,0,0,0,0,0,0,0,0,0,313,16640,0,0,0,0
79767.231,16571,60,0,0,0,0,0,8,91530,44,53,0,0,0,0,0,0,0,0,0,0,0,0,0,0,0,0,0,0,0,0,0,0,283,15336,0,0,0,0
79783.298,16067,62,0,0,0,0,0,8,94499,44,53,0,0,0,0,0,0,0,0,0,0,0,0,0,0,0,0,0,0,0,0,0,0,304,17702,0,0,0,0
79800.250,16952,58,0,0,0,0,0,8,94626,44,53,0,0,0,0,0,0,0,0,0,0,0,0,0,0,0,0,0,0,0,0,0,0,285,16815,0,0,0,0
79817.712,17462,57,0,0,0,0,0,8,94080,44,53,0,0,0,0,0,0,0,0,0,0,0,0,0,0,0,0,0,0,0,0,0,0,298,14925,0,0,0,0
79833.793,16080,62,0,0,0,0,0,8,94978,44,53,0,0,0,0,0,0,0,0,0,0,0,0,0,0,0,0,0,0,0,0,0,0,314,18955,0,0,0,0
79850.262,16468,60,0,0,0,0,0,8,95717,44,53,0,0,0,0,0,0,0,0,0,0,0,0,0,0,0,0,0,0,0,0,0,0,300,15345,0,0,0,0
79867.714,17452,57,0,0,0,0,0,8,95893,44,53,0,0,0,0,0,0,0,0,0,0,0,0,0,0,0,0,0,0,0,0,0,0,291,17102,0,0,0,0
79883.846,16132,61,0,0,0,0,0,8,96558,44,53,0,0,0,0,0,0,0,0,0,0,0,0,0,0,0,0,0,0,0,0,0,0,296,17691,0,0,0,0
79900.111,16265,61,0,0,0,0,0,8,95378,44,53,0,0,0,0,0,0,0,0,0,0,0,0,0,0,0,0,0,0,0,0,0,0,322,16825,0,0,0,0
79916.770,16659,60,0,0,0,0,0,8,94008,44,53,0,0,0,0,0,0,0,0,0,0,0,0,0,0,0,0,0,0,0,0,0,0,271,14463,0,0,0,0
79933.482,16711,59,0,0,0,0,0,8,93405,44,53,0,0,0,0,0,0,0,0,0,0,0,0,0,0,0,0,0,0,0,0,0,0,296,16568,0,0,0,0
79950.223,16741,59,0,0,0,0,0,8,93186,44,53,0,0,0,0,0,0,0,0,0,0,0,0,0,0,0,0,0,0,0,0,0,0,298,18018,0,0,0,0
79967.245,17021,58,0,0,0,0,0,8,93310,44,53,0,0,0,0,0,0,0,0,0,0,0,0,0,0,0,0,0,0,0,0,0,0,301,16305,0,0,0,0
79983.899,16654,60,0,0,0,0,0,8,92540,44,53,0,0,0,0,0,0,0,0,0,0,0,0,0,0,0,0,0,0,0,0,0,0,291,15517,0,0,0,0
79999.715,15816,63,0,0,0,0,0,8,92490,44,53,0,0,0,0,0,0,0,0,0,0,0,0,0,0,0,0,0,0,0,0,0,0,343,18237,0,0,0,0
80016.827,17112,58,0,0,0,0,0,8,90528,44,53,0,0,0,0,0,0,0,0,0,0,0,0,0,0,0,0,0,0,0,0,0,0,305,16465,0,0,0,0
80033.780,16952,58,0,0,0,0,0,8,90726,44,53,0,0,0,0,0,0,0,0,0,0,0,0,0,0,0,0,0,0,0,0,0,0,315,18796,0,0,0,0
80050.232,16452,60,0,0,0,0,0,8,90780,44,53,0,0,0,0,0,0,0,0,0,0,0,0,0,0,0,0,0,0,0,0,0,0,308,14316,0,0,0,0
80066.824,16591,60,0,0,0,0,0,8,91197,44,53,0,0,0,0,0,0,0,0,0,0,0,0,0,0,0,0,0,0,0,0,0,0,320,17980,0,0,0,0
80083.289,16465,60,0,0,0,0,0,8,91551,44,53,0,0,0,0,0,0,0,0,0,0,0,0,0,0,0,0,0,0,0,0,0,0,285,15315,0,0,0,0
80100.237,16932,59,0,0,0,0,0,8,94250,44,53,0,0,0,0,0,0,0,0,0,0,0,0,0,0,0,0,0,0,0,0,0,0,312,16457,0,0,0,0
80116.833,16610,60,0,0,0,0,0,8,93548,44,53,0,0,0,0,0,0,0,0,0,0,0,0,0,0,0,0,0,0,0,0,0,0,303,19363,0,0,0,0
80133.474,16641,60,0,0,0,0,0,8,93299,44,53,0,0,0,0,0,0,0,0,0,0,0,0,0,0,0,0,0,0,0,0,0,0,278,13757,0,0,0,0
80150.731,17257,57,0,0,0,0,0,8,91148,44,53,0,0,0,0,0,0,0,0,0,0,0,0,0,0,0,0,0,0,0,0,0,0,290,15958,0,0,0,0
80167.531,16800,59,0,0,0,0,0,8,91010,44,53,0,0,0,0,0,0,0,0,0,0,0,0,0,0,0,0,0,0,0,0,0,0,311,18702,0,0,0,0
80183.085,15553,64,0,0,0,0,0,8,91588,44,53,0,0,0,0,0,0,0,0,0,0,0,0,0,0,0,0,0,0,0,0,0,0,292,16852,0,0,0,0
80200.020,16935,59,0,0,0,0,0,8,91885,44,53,0,0,0,0,0,0,0,0,0,0,0,0,0,0,0,0,0,0,0,0,0,0,291,16862,0,0,0,0
80217.236,17216,58,0,0,0,0,0,8,92056,44,53,0,0,0,0,0,0,0,0,0,0,0,0,0,0,0,0,0,0,0,0,0,0,266,15329,0,0,0,0
80232.970,15733,63,0,0,0,0,0,8,92769,44,53,0,0,0,0,0,0,0,0,0,0,0,0,0,0,0,0,0,0,0,0,0,0,301,17128,0,0,0,0
80250.124,17154,58,0,0,0,0,0,8,93416,44,53,0,0,0,0,0,0,0,0,0,0,0,0,0,0,0,0,0,0,0,0,0,0,287,15663,0,0,0,0
80267.087,16962,58,0,0,0,0,0,8,93213,44,53,0,0,0,0,0,0,0,0,0,0,0,0,0,0,0,0,0,0,0,0,0,0,306,17549,0,0,0,0
80283.750,16663,60,0,0,0,0,0,8,95069,44,53,0,0,0,0,0,0,0,0,0,0,0,0,0,0,0,0,0,0,0,0,0,0,285,16251,0,0,0,0
80300.273,16523,60,0,0,0,0,0,8,95477,44,53,0,0,0,0,0,0,0,0,0,0,0,0,0,0,0,0,0,0,0,0,0,0,299,17247,0,0,0,0
80317.522,17248,57,0,0,0,0,0,8,94848,44,53,0,0,0,0,0,0,0,0,0,0,0,0,0,0,0,0,0,0,0,0,0,0,298,16450,0,0,0,0
80333.409,15887,62,0,0,0,0,0,8,115677,44,53,0,0,0,0,0,0,0,0,0,0,0,0,0,0,0,0,0,0,0,0,0,0,284,18892,0,0,0,0
80349.811,16401,60,0,0,0,0,0,8,114785,44,53,0,0,0,0,0,0,0,0,0,0,0,0,0,0,0,0,0,0,0,0,0,0,296,14169,0,0,0,0
80367.073,17262,57,0,0,0,0,0,8,111835,44,53,0,0,0,0,0,0,0,0,0,0,0,0,0,0,0,0,0,0,0,0,0,0,305,17583,0,0,0,0
80383.260,16186,61,0,0,0,0,0,8,113394,44,53,0,0,0,0,0,0,0,0,0,0,0,0,0,0,0,0,0,0,0,0,0,0,300,15845,0,0,0,0
80400.398,17138,58,0,0,0,0,0,8,111637,44,53,0,0,0,0,0,0,0,0,0,0,0,0,0,0,0,0,0,0,0,0,0,0,291,19118,0,0,0,0
80416.870,16472,60,0,0,0,0,0,8,110192,44,53,0,0,0,0,0,0,0,0,0,0,0,0,0,0,0,0,0,0,0,0,0,0,298,14294,0,0,0,0
80433.557,16686,59,0,0,0,0,0,8,110820,44,53,0,0,0,0,0,0,0,0,0,0,0,0,0,0,0,0,0,0,0,0,0,0,299,16904,0,0,0,0
80450.247,16689,59,0,0,0,0,0,8,110130,44,53,0,0,0,0,0,0,0,0,0,0,0,0,0,0,0,0,0,0,0,0,0,0,303,15888,0,0,0,0
80467.250,17002,58,0,0,0,0,0,8,109473,44,53,0,0,0,0,0,0,0,0,0,0,0,0,0,0,0,0,0,0,0,0,0,0,291,17759,0,0,0,0
80482.958,15708,63,0,0,0,0,0,8,109222,44,53,0,0,0,0,0,0,0,0,0,0,0,0,0,0,0,0,0,0,0,0,0,0,281,15785,0,0,0,0
80500.180,17221,58,0,0,0,0,0,8,110110,44,53,0,0,0,0,0,0,0,0,0,0,0,0,0,0,0,0,0,0,0,0,0,0,289,15561,0,0,0,0
80517.063,16883,59,0,0,0,0,0,8,109949,44,53,0,0,0,0,0,0,0,0,0,0,0,0,0,0,0,0,0,0,0,0,0,0,304,18749,0,0,0,0
80533.708,16644,60,0,0,0,0,0,8,109750,44,53,0,0,0,0,0,0,0,0,0,0,0,0,0,0,0,0,0,0,0,0,0,0,287,18979,0,0,0,0
80550.121,16413,60,0,0,0,0,0,8,110331,44,53,0,0,0,0,0,0,0,0,0,0,0,0,0,0,0,0,0,0,0,0,0,0,271,15427,0,0,0,0
80566.818,16696,59,0,0,0,0,0,8,109373,44,53,0,0,0,0,0,0,0,0,0,0,0,0,0,0,0,0,0,0,0,0,0,0,303,17109,0,0,0,0
80584.709,17891,55,0,0,0,0,0,8,109287,44,53,0,0,0,0,0,0,0,0,0,0,0,0,0,0,0,0,0,0,0,0,0,0,273,15180,0,0,0,0
80600.519,15809,63,0,0,0,0,0,8,109535,44,53,0,0,0,0,0,0,0,0,0,0,0,0,0,0,0,0,0,0,0,0,0,0,301,19317,0,0,0,0
80616.311,15792,63,0,0,0,0,0,8,108532,44,53,0,0,0,0,0,0,0,0,0,0,0,0,0,0,0,0,0,0,0,0,0,0,290,15800,0,0,0,0
80633.822,17510,57,0,0,0,0,0,8,109130,44,53,0,0,0,0,0,0,0,0,0,0,0,0,0,0,0,0,0,0,0,0,0,0,305,15490,0,0,0,0
80650.783,16960,58,0,0,0,0,0,8,109097,44,53,0,0,0,0,0,0,0,0,0,0,0,0,0,0,0,0,0,0,0,0,0,0,281,16451,0,0,0,0
80667.727,16943,59,0,0,0,0,0,8,109007,44,53,0,0,0,0,0,0,0,0,0,0,0,0,0,0,0,0,0,0,0,0,0,0,344,18629,0,0,0,0
80683.822,16095,62,0,0,0,0,0,8,108401,44,53,0,0,0,0,0,0,0,0,0,0,0,0,0,0,0,0,0,0,0,0,0,0,296,15431,0,0,0,0
80700.554,16732,59,0,0,0,0,0,8,104559,44,53,0,0,0,0,0,0,0,0,0,0,0,0,0,0,0,0,0,0,0,0,0,0,293,15943,0,0,0,0
80716.339,15784,63,0,0,0,0,0,8,103285,44,53,0,0,0,0,0,0,0,0,0,0,0,0,0,0,0,0,0,0,0,0,0,0,270,16317,0,0,0,0
80733.951,17612,56,0,0,0,0,0,8,103323,44,53,0,0,0,0,0,0,0,0,0,0,0,0,0,0,0,0,0,0,0,0,0,0,274,16097,0,0,0,0
80750.220,16269,61,0,0,0,0,0,8,103596,44,53,0,0,0,0,0,0,0,0,0,0,0,0,0,0,0,0,0,0,0,0,0,0,292,19109,0,0,0,0
80767.149,16928,59,0,0,0,0,0,8,103463,44,53,0,0,0,0,0,0,0,0,0,0,0,0,0,0,0,0,0,0,0,0,0,0,290,15245,0,0,0,0
80783.836,16687,59,0,0,0,0,0,8,104173,44,53,0,0,0,0,0,0,0,0,0,0,0,0,0,0,0,0,0,0,0,0,0,0,307,17629,0,0,0,0
80800.700,16863,59,0,0,0,0,0,8,102883,44,53,0,0,0,0,0,0,0,0,0,0,0,0,0,0,0,0,0,0,0,0,0,0,298,14946,0,0,0,0
80816.784,16084,62,0,0,0,0,0,8,102657,44,53,0,0,0,0,0,0,0,0,0,0,0,0,0,0,0,0,0,0,0,0,0,0,291,16792,0,0,0,0
80833.842,17057,58,0,0,0,0,0,8,102729,44,53,0,0,0,0,0,0,0,0,0,0,0,0,0,0,0,0,0,0,0,0,0,0,289,15888,0,0,0,0
80849.704,15861,63,0,0,0,0,0,8,101571,44,53,0,0,0,0,0,0,0,0,0,0,0,0,0,0,0,0,0,0,0,0,0,0,316,19214,0,0,0,0
80867.073,17369,57,0,0,0,0,0,8,102154,44,53,0,0,0,0,0,0,0,0,0,0,0,0,0,0,0,0,0,0,0,0,0,0,268,12593,0,0,0,0
80883.943,16870,59,0,0,0,0,0,8,100794,44,53,0,0,0,0,0,0,0,0,0,0,0,0,0,0,0,0,0,0,0,0,0,0,310,18878,0,0,0,0
80900.331,16388,61,0,0,0,0,0,8,97661,44,53,0,0,0,0,0,0,0,0,0,0,0,0,0,0,0,0,0,0,0,0,0,0,309,15772,0,0,0,0
80917.354,17022,58,0,0,0,0,0,8,97052,44,53,0,0,0,0,0,0,0,0,0,0,0,0,0,0,0,0,0,0,0,0,0,0,290,16994,0,0,0,0
80933.639,16285,61,0,0,0,0,0,8,95717,44,53,0,0,0,0,0,0,0,0,0,0,0,0,0,0,0,0,0,0,0,0,0,0,300,17469,0,0,0,0
80949.705,16065,62,0,0,0,0,0,8,96086,44,53,0,0,0,0,0,0,0,0,0,0,0,0,0,0,0,0,0,0,0,0,0,0,285,15264,0,0,0,0
80967.708,18002,55,0,0,0,0,0,8,92634,44,53,0,0,0,0,0,0,0,0,0,0,0,0,0,0,0,0,0,0,0,0,0,0,288,15764,0,0,0,0
80983.831,16123,62,0,0,0,0,0,8,93933,44,53,0,0,0,0,0,0,0,0,0,0,0,0,0,0,0,0,0,0,0,0,0,0,313,19482,0,0,0,0
81000.066,16235,61,0,0,0,0,0,8,92751,44,53,0,0,0,0,0,0,0,0,0,0,0,0,0,0,0,0,0,0,0,0,0,0,297,16094,0,0,0,0
81016.340,16274,61,0,0,0,0,0,8,92021,44,53,0,0,0,0,0,0,0,0,0,0,0,0,0,0,0,0,0,0,0,0,0,0,300,16096,0,0,0,0
81033.701,17360,57,0,0,0,0,0,8,92532,44,53,0,0,0,0,0,0,0,0,0,0,0,0,0,0,0,0,0,0,0,0,0,0,298,15641,0,0,0,0
81050.323,16621,60,0,0,0,0,0,8,92373,44,53,0,0,0,0,0,0,0,0,0,0,0,0,0,0,0,0,0,0,0,0,0,0,294,16607,0,0,0,0
81067.002,16679,59,0,0,0,0,0,8,92089,44,53,0,0,0,0,0,0,0,0,0,0,0,0,0,0,0,0,0,0,0,0,0,0,328,18337,0,0,0,0
81082.994,15991,62,0,0,0,0,0,8,92135,44,53,0,0,0,0,0,0,0,0,0,0,0,0,0,0,0,0,0,0,0,0,0,0,339,15134,0,0,0,0
81100.280,17285,57,0,0,0,0,0,8,92496,44,53,0,0,0,0,0,0,0,0,0,0,0,0,0,0,0,0,0,0,0,0,0,0,293,17388,0,0,0,0
81117.697,17417,57,0,0,0,0,0,8,91704,44,53,0,0,0,0,0,0,0,0,0,0,0,0,0,0,0,0,0,0,0,0,0,0,294,16430,0,0,0,0
81133.831,16133,61,0,0,0,0,0,8,91898,44,53,0,0,0,0,0,0,0,0,0,0,0,0,0,0,0,0,0,0,0,0,0,0,295,18038,0,0,0,0
81150.268,16437,60,0,0,0,0,0,8,93187,44,53,0,0,0,0,0,0,0,0,0,0,0,0,0,0,0,0,0,0,0,0,0,0,297,15550,0,0,0,0
81167.215,16947,59,0,0,0,0,0,8,92756,44,53,0,0,0,0,0,0,0,0,0,0,0,0,0,0,0,0,0,0,0,0,0,0,272,15944,0,0,0,0
81183.527,16311,61,0,0,0,0,0,8,93153,44,53,0,0,0,0,0,0,0,0,0,0,0,0,0,0,0,0,0,0,0,0,0,0,302,18857,0,0,0,0
81200.693,17166,58,0,0,0,0,0,8,92878,44,53,0,0,0,0,0,0,0,0,0,0,0,0,0,0,0,0,0,0,0,0,0,0,285,14921,0,0,0,0
81216.965,16271,61,0,0,0,0,0,8,91381,44,53,0,0,0,0,0,0,0,0,0,0,0,0,0,0,0,0,0,0,0,0,0,0,300,17785,0,0,0,0
81233.692,16727,59,0,0,0,0,0,8,92653,44,53,0,0,0,0,0,0,0,0,0,0,0,0,0,0,0,0,0,0,0,0,0,0,296,15098,0,0,0,0
81250.211,16518,60,0,0,0,0,0,8,92169,44,53,0,0,0,0,0,0,0,0,0,0,0,0,0,0,0,0,0,0,0,0,0,0,289,16584,0,0,0,0
81267.035,16824,59,0,0,0,0,0,8,91050,44,53,0,0,0,0,0,0,0,0,0,0,0,0,0,0,0,0,0,0,0,0,0,0,303,17103,0,0,0,0
81284.243,17207,58,0,0,0,0,0,8,91173,44,53,0,0,0,0,0,0,0,0,0,0,0,0,0,0,0,0,0,0,0,0,0,0,287,16338,0,0,0,0
81299.726,15483,64,0,0,0,0,0,8,91021,44,53,0,0,0,0,0,0,0,0,0,0,0,0,0,0,0,0,0,0,0,0,0,0,304,17167,0,0,0,0
81316.833,17107,58,0,0,0,0,0,8,90162,44,53,0,0,0,0,0,0,0,0,0,0,0,0,0,0,0,0,0,0,0,0,0,0,305,16295,0,0,0,0
81333.439,16605,60,0,0,0,0,0,8,90945,44,53,0,0,0,0,0,0,0,0,0,0,0,0,0,0,0,0,0,0,0,0,0,0,281,16306,0,0,0,0
81350.004,16565,60,0,0,0,0,0,8,89879,44,53,0,0,0,0,0,0,0,0,0,0,0,0,0,0,0,0,0,0,0,0,0,0,287,16654,0,0,0,0
81367.692,17687,56,0,0,0,0,0,8,90522,44,53,0,0,0,0,0,0,0,0,0,0,0,0,0,0,0,0,0,0,0,0,0,0,296,16798,0,0,0,0
81383.353,15660,63,0,0,0,0,0,8,90052,44,53,0,0,0,0,0,0,0,0,0,0,0,0,0,0,0,0,0,0,0,0,0,0,306,18666,0,0,0,0
81400.268,16915,59,0,0,0,0,0,8,89776,44,53,0,0,0,0,0,0,0,0,0,0,0,0,0,0,0,0,0,0,0,0,0,0,284,14924,0,0,0,0
81417.701,17432,57,0,0,0,0,0,8,89421,44,53,0,0,0,0,0,0,0,0,0,0,0,0,0,0,0,0,0,0,0,0,0,0,276,16710,0,0,0,0
81433.731,16030,62,0,0,0,0,0,8,90549,44,53,0,0,0,0,0,0,0,0,0,0,0,0,0,0,0,0,0,0,0,0,0,0,316,18415,0,0,0,0
81450.249,16517,60,0,0,0,0,0,8,89990,44,53,0,0,0,0,0,0,0,0,0,0,0,0,0,0,0,0,0,0,0,0,0,0,298,15662,0,0,0,0
81467.694,17444,57,0,0,0,0,0,8,90065,44,53,0,0,0,0,0,0,0,0,0,0,0,0,0,0,0,0,0,0,0,0,0,0,299,15903,0,0,0,0
81483.356,15662,63,0,0,0,0,0,8,89350,44,53,0,0,0,0,0,0,0,0,0,0,0,0,0,0,0,0,0,0,0,0,0,0,338,18074,0,0,0,0
81500.393,17036,58,0,0,0,0,0,8,89245,44,53,0,0,0,0,0,0,0,0,0,0,0,0,0,0,0,0,0,0,0,0,0,0,318,15924,0,0,0,0
81517.207,16813,59,0,0,0,0,0,8,89140,44,53,0,0,0,0,0,0,0,0,0,0,0,0,0,0,0,0,0,0,0,0,0,0,289,15975,0,0,0,0
81533.843,16622,60,0,0,0,0,0,8,89190,44,53,0,0,0,0,0,0,0,0,0,0,0,0,0,0,0,0,0,0,0,0,0,0,302,18180,0,0,0,0
81550.134,16304,61,0,0,0,0,0,8,88778,44,53,0,0,0,0,0,0,0,0,0,0,0,0,0,0,0,0,0,0,0,0,0,0,342,17055,0,0,0,0
81566.801,16666,59,0,0,0,0,0,8,88216,44,53,0,0,0,0,0,0,0,0,0,0,0,0,0,0,0,0,0,0,0,0,0,0,293,14247,0,0,0,0
81583.597,16785,59,0,0,0,0,0,8,88448,44,53,0,0,0,0,0,0,0,0,0,0,0,0,0,0,0,0,0,0,0,0,0,0,294,16734,0,0,0,0
81600.518,16931,59,0,0,0,0,0,8,89074,44,53,0,0,0,0,0,0,0,0,0,0,0,0,0,0,0,0,0,0,0,0,0,0,320,17991,0,0,0,0
81617.209,16691,59,0,0,0,0,0,8,88102,44,53,0,0,0,0,0,0,0,0,0,0,0,0,0,0,0,0,0,0,0,0,0,0,315,16750,0,0,0,0
81633.494,16284,61,0,0,0,0,0,8,88213,44,53,0,0,0,0,0,0,0,0,0,0,0,0,0,0,0,0,0,0,0,0,0,0,276,15777,0,0,0,0
81650.696,17202,58,0,0,0,0,0,8,88852,44,53,0,0,0,0,0,0,0,0,0,0,0,0,0,0,0,0,0,0,0,0,0,0,297,16057,0,0,0,0
81667.685,16988,58,0,0,0,0,0,8,89446,44,53,0,0,0,0,0,0,0,0,0,0,0,0,0,0,0,0,0,0,0,0,0,0,368,21109,0,0,0,0
81683.689,16003,62,0,0,0,0,0,8,93292,44,53,0,0,0,0,0,0,0,0,0,0,0,0,0,0,0,0,0,0,0,0,0,0,360,15645,0,0,0,0
81700.202,16513,60,0,0,0,0,0,8,92048,44,53,0,0,0,0,0,0,0,0,0,0,0,0,0,0,0,0,0,0,0,0,0,0,338,19718,0,0,0,0
81717.043,16840,59,0,0,0,0,0,8,90377,44,53,0,0,0,0,0,0,0,0,0,0,0,0,0,0,0,0,0,0,0,0,0,0,266,10790,0,0,0,0
81732.954,15911,62,0,0,0,0,0,8,90917,44,53,0,0,0,0,0,0,0,0,0,0,0,0,0,0,0,0,0,0,0,0,0,0,329,16527,0,0,0,0
81750.695,17740,56,0,0,0,0,0,8,90751,44,53,0,0,0,0,0,0,0,0,0,0,0,0,0,0,0,0,0,0,0,0,0,0,316,17725,0,0,0,0
81767.202,16506,60,0,0,0,0,0,8,91358,44,53,0,0,0,0,0,0,0,0,0,0,0,0,0,0,0,0,0,0,0,0,0,0,286,17282,0,0,0,0
81783.757,16555,60,0,0,0,0,0,8,90665,44,53,0,0,0,0,0,0,0,0,0,0,0,0,0,0,0,0,0,0,0,0,0,0,315,16807,0,0,0,0
81800.613,16856,59,0,0,0,0,0,8,90802,44,53,0,0,0,0,0,0,0,0,0,0,0,0,0,0,0,0,0,0,0,0,0,0,299,15983,0,0,0,0
81816.706,16092,62,0,0,0,0,0,8,89853,44,53,0,0,0,0,0,0,0,0,0,0,0,0,0,0,0,0,0,0,0,0,0,0,306,15577,0,0,0,0
81833.691,16985,58,0,0,0,0,0,8,89709,44,53,0,0,0,0,0,0,0,0,0,0,0,0,0,0,0,0,0,0,0,0,0,0,283,16231,0,0,0,0
81850.341,16650,60,0,0,0,0,0,8,90004,44,53,0,0,0,0,0,0,0,0,0,0,0,0,0,0,0,0,0,0,0,0,0,0,297,16958,0,0,0,0
81866.901,16559,60,0,0,0,0,0,8,88951,44,53,0,0,0,0,0,0,0,0,0,0,0,0,0,0,0,0,0,0,0,0,0,0,310,16339,0,0,0,0
81883.537,16636,60,0,0,0,0,0,8,88790,44,53,0,0,0,0,0,0,0,0,0,0,0,0,0,0,0,0,0,0,0,0,0,0,321,18088,0,0,0,0
81900.314,16777,59,0,0,0,0,0,8,88139,44,53,0,0,0,0,0,0,0,0,0,0,0,0,0,0,0,0,0,0,0,0,0,0,322,16379,0,0,0,0
81917.131,16816,59,0,0,0,0,0,8,86457,44,53,0,0,0,0,0,0,0,0,0,0,0,0,0,0,0,0,0,0,0,0,0,0,275,15391,0,0,0,0
81933.825,16693,59,0,0,0,0,0,8,87001,44,53,0,0,0,0,0,0,0,0,0,0,0,0,0,0,0,0,0,0,0,0,0,0,319,17407,0,0,0,0
81950.475,16650,60,0,0,0,0,0,8,86360,44,53,0,0,0,0,0,0,0,0,0,0,0,0,0,0,0,0,0,0,0,0,0,0,289,16250,0,0,0,0
81967.688,17213,58,0,0,0,0,0,8,85845,44,53,0,0,0,0,0,0,0,0,0,0,0,0,0,0,0,0,0,0,0,0,0,0,306,16567,0,0,0,0
81983.752,16063,62,0,0,0,0,0,8,86046,44,53,0,0,0,0,0,0,0,0,0,0,0,0,0,0,0,0,0,0,0,0,0,0,330,18557,0,0,0,0
82000.365,16612,60,0,0,0,0,0,8,85888,44,53,0,0,0,0,0,0,0,0,0,0,0,0,0,0,0,0,0,0,0,0,0,0,305,16160,0,0,0,0
82016.829,16464,60,0,0,0,0,0,8,86125,44,53,0,0,0,0,0,0,0,0,0,0,0,0,0,0,0,0,0,0,0,0,0,0,333,17445,0,0,0,0
82033.825,16995,58,0,0,0,0,0,8,85734,44,53,0,0,0,0,0,0,0,0,0,0,0,0,0,0,0,0,0,0,0,0,0,0,284,14183,0,0,0,0
82050.445,16619,60,0,0,0,0,0,8,85979,44,53,0,0,0,0,0,0,0,0,0,0,0,0,0,0,0,0,0,0,0,0,0,0,312,18936,0,0,0,0
82066.978,16533,60,0,0,0,0,0,8,85519,44,53,0,0,0,0,0,0,0,0,0,0,0,0,0,0,0,0,0,0,0,0,0,0,293,14781,0,0,0,0
82083.396,16417,60,0,0,0,0,0,8,86267,44,53,0,0,0,0,0,0,0,0,0,0,0,0,0,0,0,0,0,0,0,0,0,0,312,17789,0,0,0,0
82100.289,16893,59,0,0,0,0,0,8,86868,44,53,0,0,0,0,0,0,0,0,0,0,0,0,0,0,0,0,0,0,0,0,0,0,316,15185,0,0,0,0
82116.776,16486,60,0,0,0,0,0,8,86021,44,53,0,0,0,0,0,0,0,0,0,0,0,0,0,0,0,0,0,0,0,0,0,0,308,17551,0,0,0,0
82133.726,16950,58,0,0,0,0,0,8,86102,44,53,0,0,0,0,0,0,0,0,0,0,0,0,0,0,0,0,0,0,0,0,0,0,283,16296,0,0,0,0
82150.122,16396,60,0,0,0,0,0,8,86736,44,53,0,0,0,0,0,0,0,0,0,0,0,0,0,0,0,0,0,0,0,0,0,0,320,17546,0,0,0,0
82166.857,16734,59,0,0,0,0,0,8,86035,44,53,0,0,0,0,0,0,0,0,0,0,0,0,0,0,0,0,0,0,0,0,0,0,287,15306,0,0,0,0
82183.685,16828,59,0,0,0,0,0,8,87130,44,53,0,0,0,0,0,0,0,0,0,0,0,0,0,0,0,0,0,0,0,0,0,0,318,18904,0,0,0,0
82200.393,16707,59,0,0,0,0,0,8,86507,44,53,0,0,0,0,0,0,0,0,0,0,0,0,0,0,0,0,0,0,0,0,0,0,309,16199,0,0,0,0
82216.679,16286,61,0,0,0,0,0,8,87201,44,53,0,0,0,0,0,0,0,0,0,0,0,0,0,0,0,0,0,0,0,0,0,0,313,15287,0,0,0,0
82233.826,17147,58,0,0,0,0,0,8,86891,44,53,0,0,0,0,0,0,0,0,0,0,0,0,0,0,0,0,0,0,0,0,0,0,297,16610,0,0,0,0
82250.371,16545,60,0,0,0,0,0,8,85433,44,53,0,0,0,0,0,0,0,0,0,0,0,0,0,0,0,0,0,0,0,0,0,0,316,19038,0,0,0,0
82266.728,16356,61,0,0,0,0,0,8,85422,44,53,0,0,0,0,0,0,0,0,0,0,0,0,0,0,0,0,0,0,0,0,0,0,298,14598,0,0,0,0
82283.471,16743,59,0,0,0,0,0,8,84620,44,53,0,0,0,0,0,0,0,0,0,0,0,0,0,0,0,0,0,0,0,0,0,0,306,17170,0,0,0,0
82300.134,16663,60,0,0,0,0,0,8,82949,44,53,0,0,0,0,0,0,0,0,0,0,0,0,0,0,0,0,0,0,0,0,0,0,289,15467,0,0,0,0
82317.142,17008,58,0,0,0,0,0,8,81314,44,53,0,0,0,0,0,0,0,0,0,0,0,0,0,0,0,0,0,0,0,0,0,0,326,17288,0,0,0,0
82334.215,17072,58,0,0,0,0,0,8,82199,44,53,0,0,0,0,0,0,0,0,0,0,0,0,0,0,0,0,0,0,0,0,0,0,316,17291,0,0,0,0
82350.331,16115,62,0,0,0,0,0,8,81742,44,53,0,0,0,0,0,0,0,0,0,0,0,0,0,0,0,0,0,0,0,0,0,0,294,15956,0,0,0,0
82367.694,17363,57,0,0,0,0,0,8,81239,44,53,0,0,0,0,0,0,0,0,0,0,0,0,0,0,0,0,0,0,0,0,0,0,328,19381,0,0,0,0
82383.360,15665,63,0,0,0,0,0,8,78807,44,53,0,0,0,0,0,0,0,0,0,0,0,0,0,0,0,0,0,0,0,0,0,0,292,16165,0,0,0,0
82400.462,17102,58,0,0,0,0,0,8,78370,44,53,0,0,0,0,0,0,0,0,0,0,0,0,0,0,0,0,0,0,0,0,0,0,294,15295,0,0,0,0
82416.959,16496,60,0,0,0,0,0,8,80182,44,53,0,0,0,0,0,0,0,0,0,0,0,0,0,0,0,0,0,0,0,0,0,0,301,16137,0,0,0,0
82433.378,16419,60,0,0,0,0,0,8,80725,44,53,0,0,0,0,0,0,0,0,0,0,0,0,0,0,0,0,0,0,0,0,0,0,296,16345,0,0,0,0
82450.290,16901,59,0,0,0,0,0,8,80064,44,53,0,0,0,0,0,0,0,0,0,0,0,0,0,0,0,0,0,0,0,0,0,0,307,16333,0,0,0,0
82467.216,16935,59,0,0,0,0,0,8,80564,44,53,0,0,0,0,0,0,0,0,0,0,0,0,0,0,0,0,0,0,0,0,0,0,312,18737,0,0,0,0
82483.667,16450,60,0,0,0,0,0,8,80564,44,53,0,0,0,0,0,0,0,0,0,0,0,0,0,0,0,0,0,0,0,0,0,0,331,17003,0,0,0,0
82500.287,16620,60,0,0,0,0,0,8,81293,44,53,0,0,0,0,0,0,0,0,0,0,0,0,0,0,0,0,0,0,0,0,0,0,291,16336,0,0,0,0
82517.210,16922,59,0,0,0,0,0,8,79539,44,53,0,0,0,0,0,0,0,0,0,0,0,0,0,0,0,0,0,0,0,0,0,0,311,15757,0,0,0,0
82533.824,16614,60,0,0,0,0,0,8,79995,44,53,0,0,0,0,0,0,0,0,0,0,0,0,0,0,0,0,0,0,0,0,0,0,302,17973,0,0,0,0
82550.216,16392,61,0,0,0,0,0,8,80254,44,53,0,0,0,0,0,0,0,0,0,0,0,0,0,0,0,0,0,0,0,0,0,0,315,17594,0,0,0,0
82567.133,16916,59,0,0,0,0,0,8,80218,44,53,0,0,0,0,0,0,0,0,0,0,0,0,0,0,0,0,0,0,0,0,0,0,277,12890,0,0,0,0
82583.710,16576,60,0,0,0,0,0,8,80895,44,53,0,0,0,0,0,0,0,0,0,0,0,0,0,0,0,0,0,0,0,0,0,0,308,18504,0,0,0,0
82600.297,16586,60,0,0,0,0,0,8,80750,44,53,0,0,0,0,0,0,0,0,0,0,0,0,0,0,0,0,0,0,0,0,0,0,313,18265,0,0,0,0
82616.815,16518,60,0,0,0,0,0,8,80497,44,53,0,0,0,0,0,0,0,0,0,0,0,0,0,0,0,0,0,0,0,0,0,0,293,16361,0,0,0,0
82632.963,16148,61,0,0,0,0,0,8,80485,44,53,0,0,0,0,0,0,0,0,0,0,0,0,0,0,0,0,0,0,0,0,0,0,288,15660,0,0,0,0
82650.198,17234,58,0,0,0,0,0,8,80361,44,53,0,0,0,0,0,0,0,0,0,0,0,0,0,0,0,0,0,0,0,0,0,0,283,15536,0,0,0,0
82667.684,17486,57,0,0,0,0,0,8,80163,44,53,0,0,0,0,0,0,0,0,0,0,0,0,0,0,0,0,0,0,0,0,0,0,304,17310,0,0,0,0
82683.346,15661,63,0,0,0,0,0,8,77683,44,53,0,0,0,0,0,0,0,0,0,0,0,0,0,0,0,0,0,0,0,0,0,0,346,17886,0,0,0,0
82700.052,16706,59,0,0,0,0,0,8,76917,44,53,0,0,0,0,0,0,0,0,0,0,0,0,0,0,0,0,0,0,0,0,0,0,287,14014,0,0,0,0
82717.196,17143,58,0,0,0,0,0,8,76328,44,53,0,0,0,0,0,0,0,0,0,0,0,0,0,0,0,0,0,0,0,0,0,0,319,18601,0,0,0,0
82734.691,17495,57,0,0,0,0,0,8,76450,44,53,0,0,0,0,0,0,0,0,0,0,0,0,0,0,0,0,0,0,0,0,0,0,295,16782,0,0,0,0
82750.198,15496,64,0,0,0,1,0,8,77366,44,53,0,0,0,0,0,0,0,0,0,0,0,0,0,0,0,0,0,0,0,0,0,0,313,18850,0,0,0,0
82767.680,17493,57,0,0,0,0,0,8,76816,44,53,0,0,0,0,0,0,0,0,0,0,0,0,0,0,0,0,0,0,0,0,0,0,320,15169,0,0,0,0
82783.818,16137,61,0,0,0,0,0,8,76862,44,53,0,0,0,0,0,0,0,0,0,0,0,0,0,0,0,0,0,0,0,0,0,0,303,16459,0,0,0,0
82800.104,16286,61,0,0,0,0,0,8,76731,44,53,0,0,0,0,0,0,0,0,0,0,0,0,0,0,0,0,0,0,0,0,0,0,340,16736,0,0,0,0
82816.748,16643,60,0,0,0,0,0,8,77288,44,53,0,0,0,0,0,0,0,0,0,0,0,0,0,0,0,0,0,0,0,0,0,0,270,15882,0,0,0,0
82833.565,16817,59,0,0,0,0,0,8,78077,44,53,0,0,0,0,0,0,0,0,0,0,0,0,0,0,0,0,0,0,0,0,0,0,298,15147,0,0,0,0
82850.304,16738,59,0,0,0,0,0,8,78817,44,53,0,0,0,0,0,0,0,0,0,0,0,0,0,0,0,0,0,0,0,0,0,0,330,18447,0,0,0,0
82867.193,16888,59,0,0,0,0,0,8,77984,44,53,0,0,0,0,0,0,0,0,0,0,0,0,0,0,0,0,0,0,0,0,0,0,326,17706,0,0,0,0
82884.220,17028,58,0,0,0,0,0,8,79178,44,53,0,0,0,0,0,0,0,0,0,0,0,0,0,0,0,0,0,0,0,0,0,0,320,17088,0,0,0,0
82900.248,16027,62,0,0,0,0,0,8,78676,44,53,0,0,0,0,0,0,0,0,0,0,0,0,0,0,0,0,0,0,0,0,0,0,278,16405,0,0,0,0
82917.685,17437,57,0,0,0,0,0,8,79431,44,53,0,0,0,0,0,0,0,0,0,0,0,0,0,0,0,0,0,0,0,0,0,0,271,14596,0,0,0,0
82933.679,15993,62,0,0,0,0,0,8,79153,44,53,0,0,0,0,0,0,0,0,0,0,0,0,0,0,0,0,0,0,0,0,0,0,311,18259,0,0,0,0
82950.032,16353,61,0,0,0,0,0,8,79986,44,53,0,0,0,0,0,0,0,0,0,0,0,0,0,0,0,0,0,0,0,0,0,0,315,15240,0,0,0,0
82967.204,17172,58,0,0,0,0,0,8,78513,44,53,0,0,0,0,0,0,0,0,0,0,0,0,0,0,0,0,0,0,0,0,0,0,312,14961,0,0,0,0
82983.646,16441,60,0,0,0,0,0,8,80250,44,53,0,0,0,0,0,0,0,0,0,0,0,0,0,0,0,0,0,0,0,0,0,0,310,18643,0,0,0,0
83000.200,16554,60,0,0,0,0,0,8,79876,44,53,0,0,0,0,0,0,0,0,0,0,0,0,0,0,0,0,0,0,0,0,0,0,295,16062,0,0,0,0
83016.971,16771,59,0,0,0,0,0,8,79002,44,53,0,0,0,0,0,0,0,0,0,0,0,0,0,0,0,0,0,0,0,0,0,0,286,15878,0,0,0,0
83034.202,17230,58,0,0,0,0,0,8,80207,44,53,0,0,0,0,0,0,0,0,0,0,0,0,0,0,0,0,0,0,0,0,0,0,314,20887,0,0,0,0
83051.200,16998,58,0,0,0,0,0,8,80022,44,53,0,0,0,0,0,0,0,0,0,0,0,0,0,0,0,0,0,0,0,0,0,0,287,15486,0,0,0,0
83067.049,15848,63,0,0,0,0,0,8,79998,44,53,0,0,0,0,0,0,0,0,0,0,0,0,0,0,0,0,0,0,0,0,0,0,293,15560,0,0,0,0
83083.403,16354,61,0,0,0,0,0,8,80511,44,53,0,0,0,0,0,0,0,0,0,0,0,0,0,0,0,0,0,0,0,0,0,0,287,18902,0,0,0,0
83101.230,17826,56,0,0,0,0,0,8,81270,44,53,0,0,0,0,0,0,0,0,0,0,0,0,0,0,0,0,0,0,0,0,0,0,316,14759,0,0,0,0
83117.003,15773,63,0,0,0,0,0,8,78992,44,53,0,0,0,0,0,0,0,0,0,0,0,0,0,0,0,0,0,0,0,0,0,0,278,17274,0,0,0,0
83133.533,16530,60,0,0,0,0,0,8,79121,44,53,0,0,0,0,0,0,0,0,0,0,0,0,0,0,0,0,0,0,0,0,0,0,311,14851,0,0,0,0
83150.522,16989,58,0,0,0,0,0,8,81048,44,53,0,0,0,0,0,0,0,0,0,0,0,0,0,0,0,0,0,0,0,0,0,0,310,17579,0,0,0,0
83166.730,16208,61,0,0,0,0,0,8,81122,44,53,0,0,0,0,0,0,0,0,0,0,0,0,0,0,0,0,0,0,0,0,0,0,294,16800,0,0,0,0
83183.792,17061,58,0,0,0,0,0,8,80727,44,53,0,0,0,0,0,0,0,0,0,0,0,0,0,0,0,0,0,0,0,0,0,0,303,14957,0,0,0,0
83200.262,16469,60,0,0,0,0,0,8,81938,44,53,0,0,0,0,0,0,0,0,0,0,0,0,0,0,0,0,0,0,0,0,0,0,299,19108,0,0,0,0
83217.681,17418,57,0,0,0,0,0,8,82076,44,53,0,0,0,0,0,0,0,0,0,0,0,0,0,0,0,0,0,0,0,0,0,0,288,15270,0,0,0,0
83233.818,16137,61,0,0,0,0,0,8,81751,44,53,0,0,0,0,0,0,0,0,0,0,0,0,0,0,0,0,0,0,0,0,0,0,327,17952,0,0,0,0
83249.682,15864,63,0,0,0,0,0,8,81968,44,53,0,0,0,0,0,0,0,0,0,0,0,0,0,0,0,0,0,0,0,0,0,0,299,15333,0,0,0,0
83267.227,17545,56,0,0,0,0,0,8,81575,44,53,0,0,0,0,0,0,0,0,0,0,0,0,0,0,0,0,0,0,0,0,0,0,277,17681,0,0,0,0
83283.012,15784,63,0,0,0,0,0,8,81383,44,53,0,0,0,0,0,0,0,0,0,0,0,0,0,0,0,0,0,0,0,0,0,0,314,16562,0,0,0,0
83300.242,17230,58,0,0,0,0,0,8,81605,44,53,0,0,0,0,0,0,0,0,0,0,0,0,0,0,0,0,0,0,0,0,0,0,291,14893,0,0,0,0
83317.682,17440,57,0,0,0,0,0,8,81618,44,53,0,0,0,0,0,0,0,0,0,0,0,0,0,0,0,0,0,0,0,0,0,0,279,17657,0,0,0,0
83333.788,16106,62,0,0,0,0,0,8,82200,44,53,0,0,0,0,0,0,0,0,0,0,0,0,0,0,0,0,0,0,0,0,0,0,301,17930,0,0,0,0
83350.333,16544,60,0,0,0,0,0,8,82223,44,53,0,0,0,0,0,0,0,0,0,0,0,0,0,0,0,0,0,0,0,0,0,0,285,13759,0,0,0,0
83366.507,16174,61,0,0,0,0,0,8,81794,44,53,0,0,0,0,0,0,0,0,0,0,0,0,0,0,0,0,0,0,0,0,0,0,308,16942,0,0,0,0
83383.816,17308,57,0,0,0,0,0,8,81583,44,53,0,0,0,0,0,0,0,0,0,0,0,0,0,0,0,0,0,0,0,0,0,0,295,17269,0,0,0,0
83400.391,16574,60,0,0,0,0,0,8,81791,44,53,0,0,0,0,0,0,0,0,0,0,0,0,0,0,0,0,0,0,0,0,0,0,318,19157,0,0,0,0
83416.938,16547,60,0,0,0,0,0,8,81584,44,53,0,0,0,0,0,0,0,0,0,0,0,0,0,0,0,0,0,0,0,0,0,0,317,15735,0,0,0,0
83432.956,16017,62,0,0,0,0,0,8,81058,44,53,0,0,0,0,0,0,0,0,0,0,0,0,0,0,0,0,0,0,0,0,0,0,287,15590,0,0,0,0
83450.246,17289,57,0,0,0,0,0,8,82173,44,53,0,0,0,0,0,0,0,0,0,0,0,0,0,0,0,0,0,0,0,0,0,0,296,16713,0,0,0,0
83467.121,16874,59,0,0,0,0,0,8,79711,44,53,0,0,0,0,0,0,0,0,0,0,0,0,0,0,0,0,0,0,0,0,0,0,291,14791,0,0,0,0
83484.675,17554,56,0,0,0,0,0,8,79032,44,53,0,0,0,0,0,0,0,0,0,0,0,0,0,0,0,0,0,0,0,0,0,0,324,20001,0,0,0,0
83500.349,15674,63,0,0,0,0,0,8,78955,44,53,0,0,0,0,0,0,0,0,0,0,0,0,0,0,0,0,0,0,0,0,0,0,312,16880,0,0,0,0
83516.837,16487,60,0,0,0,0,0,8,78712,44,53,0,0,0,0,0,0,0,0,0,0,0,0,0,0,0,0,0,0,0,0,0,0,322,15944,0,0,0,0
83533.258,16421,60,0,0,0,0,0,8,78109,44,53,0,0,0,0,0,0,0,0,0,0,0,0,0,0,0,0,0,0,0,0,0,0,319,15422,0,0,0,0
83550.243,16985,58,0,0,0,0,0,8,78129,44,53,0,0,0,0,0,0,0,0,0,0,0,0,0,0,0,0,0,0,0,0,0,0,304,17812,0,0,0,0
83567.046,16802,59,0,0,0,0,0,8,78447,44,53,0,0,0,0,0,0,0,0,0,0,0,0,0,0,0,0,0,0,0,0,0,0,294,15914,0,0,0,0
83583.521,16474,60,0,0,0,0,0,8,77964,44,53,0,0,0,0,0,0,0,0,0,0,0,0,0,0,0,0,0,0,0,0,0,0,356,17000,0,0,0,0
83600.189,16667,59,0,0,0,0,0,8,77014,44,53,0,0,0,0,0,0,0,0,0,0,0,0,0,0,0,0,0,0,0,0,0,0,319,17170,0,0,0,0
83616.530,16340,61,0,0,0,0,0,8,76919,44,53,0,0,0,0,0,0,0,0,0,0,0,0,0,0,0,0,0,0,0,0,0,0,343,19254,0,0,0,0
83633.918,17388,57,0,0,0,0,0,8,76730,44,53,0,0,0,0,0,0,0,0,0,0,0,0,0,0,0,0,0,0,0,0,0,0,406,15862,0,0,0,0
83650.321,16402,60,0,0,0,0,0,8,76885,44,53,0,0,0,0,0,0,0,0,0,0,0,0,0,0,0,0,0,0,0,0,0,0,397,18043,0,0,0,0
83666.737,16415,60,0,0,0,0,0,8,77141,44,53,0,0,0,0,0,0,0,0,0,0,0,0,0,0,0,0,0,0,0,0,0,0,423,15064,0,0,0,0
83683.347,16610,60,0,0,0,0,0,8,79718,44,53,0,0,0,0,0,0,0,0,0,0,0,0,0,0,0,0,0,0,0,0,0,0,398,17485,0,0,0,0
83700.241,16894,59,0,0,0,0,0,8,79331,44,53,0,0,0,0,0,0,0,0,0,0,0,0,0,0,0,0,0,0,0,0,0,0,321,13740,0,0,0,0
83717.030,16788,59,0,0,0,0,0,8,79153,44,53,0,0,0,0,0,0,0,0,0,0,0,0,0,0,0,0,0,0,0,0,0,0,310,16360,0,0,0,0
83733.395,16365,61,0,0,0,0,0,8,79912,44,53,0,0,0,0,0,0,0,0,0,0,0,0,0,0,0,0,0,0,0,0,0,0,311,16934,0,0,0,0
83750.670,17275,57,0,0,0,0,0,8,80233,44,53,0,0,0,0,0,0,0,0,0,0,0,0,0,0,0,0,0,0,0,0,0,0,296,15733,0,0,0,0
83766.942,16271,61,0,0,0,0,0,8,79886,44,53,0,0,0,0,0,0,0,0,0,0,0,0,0,0,0,0,0,0,0,0,0,0,321,17234,0,0,0,0
83784.687,17745,56,0,0,0,0,0,8,80355,44,53,0,0,0,0,0,0,0,0,0,0,0,0,0,0,0,0,0,0,0,0,0,0,298,18190,0,0,0,0
83800.286,15598,64,0,0,0,0,0,8,80460,44,53,0,0,0,0,0,0,0,0,0,0,0,0,0,0,0,0,0,0,0,0,0,0,298,17655,0,0,0,0
83816.784,16498,60,0,0,0,0,0,8,80317,44,53,0,0,0,0,0,0,0,0,0,0,0,0,0,0,0,0,0,0,0,0,0,0,282,14252,0,0,0,0
83834.669,17885,55,0,0,0,0,0,8,79453,44,53,0,0,0,0,0,0,0,0,0,0,0,0,0,0,0,0,0,0,0,0,0,0,303,17021,0,0,0,0
83849.682,15013,66,0,0,0,0,0,8,79119,44,53,0,0,0,0,0,0,0,0,0,0,0,0,0,0,0,0,0,0,0,0,0,0,335,17398,0,0,0,0
83866.909,17227,58,0,0,0,0,0,8,80333,44,53,0,0,0,0,0,0,0,0,0,0,0,0,0,0,0,0,0,0,0,0,0,0,301,14474,0,0,0,0
83883.791,16882,59,0,0,0,0,0,8,81231,44,53,0,0,0,0,0,0,0,0,0,0,0,0,0,0,0,0,0,0,0,0,0,0,300,17676,0,0,0,0
83899.753,15962,62,0,0,0,0,0,8,81331,44,53,0,0,0,0,0,0,0,0,0,0,0,0,0,0,0,0,0,0,0,0,0,0,276,15435,0,0,0,0
83916.850,17097,58,0,0,0,0,0,8,80856,44,53,0,0,0,0,0,0,0,0,0,0,0,0,0,0,0,0,0,0,0,0,0,0,316,17558,0,0,0,0
83933.433,16582,60,0,0,0,0,0,8,80484,44,53,0,0,0,0,0,0,0,0,0,0,0,0,0,0,0,0,0,0,0,0,0,0,314,19228,0,0,0,0
83951.187,17754,56,0,0,0,0,0,8,80310,44,53,0,0,0,0,0,0,0,0,0,0,0,0,0,0,0,0,0,0,0,0,0,0,301,12722,0,0,0,0
83967.488,16301,61,0,0,0,0,0,8,81078,44,53,0,0,0,0,0,0,0,0,0,0,0,0,0,0,0,0,0,0,0,0,0,0,316,17696,0,0,0,0
83983.522,16033,62,0,0,0,0,0,8,81336,44,53,0,0,0,0,0,0,0,0,0,0,0,0,0,0,0,0,0,0,0,0,0,0,310,18665,0,0,0,0
84000.669,17147,58,0,0,0,0,0,8,81635,44,53,0,0,0,0,0,0,0,0,0,0,0,0,0,0,0,0,0,0,0,0,0,0,287,15194,0,0,0,0
84016.643,15974,62,0,0,0,0,0,8,86151,44,53,0,0,0,0,0,0,0,0,0,0,0,0,0,0,0,0,0,0,0,0,0,0,303,17673,0,0,0,0
84033.425,16782,59,0,0,0,0,0,8,85744,44,53,0,0,0,0,0,0,0,0,0,0,0,0,0,0,0,0,0,0,0,0,0,0,283,16315,0,0,0,0
84049.992,16566,60,0,0,0,0,0,8,87783,44,53,0,0,0,0,0,0,0,0,0,0,0,0,0,0,0,0,0,0,0,0,0,0,282,15460,0,0,0,0
84067.670,17677,56,0,0,0,0,0,8,86493,44,53,0,0,0,0,0,0,0,0,0,0,0,0,0,0,0,0,0,0,0,0,0,0,290,17502,0,0,0,0
84083.670,15999,62,0,0,0,0,0,8,87093,44,53,0,0,0,0,0,0,0,0,0,0,0,0,0,0,0,0,0,0,0,0,0,0,291,17672,0,0,0,0
84101.193,17522,57,0,0,0,0,0,8,86638,44,53,0,0,0,0,0,0,0,0,0,0,0,0,0,0,0,0,0,0,0,0,0,0,291,15367,0,0,0,0
84117.125,15932,62,0,0,0,0,0,8,86833,44,53,0,0,0,0,0,0,0,0,0,0,0,0,0,0,0,0,0,0,0,0,0,0,293,16518,0,0,0,0
84133.808,16682,59,0,0,0,0,0,8,86431,44,53,0,0,0,0,0,0,0,0,0,0,0,0,0,0,0,0,0,0,0,0,0,0,339,15806,0,0,0,0
84150.060,16252,61,0,0,0,0,0,8,86456,44,53,0,0,0,0,0,0,0,0,0,0,0,0,0,0,0,0,0,0,0,0,0,0,298,18269,0,0,0,0
84167.116,17055,58,0,0,0,0,0,8,86442,44,53,0,0,0,0,0,0,0,0,0,0,0,0,0,0,0,0,0,0,0,0,0,0,304,16302,0,0,0,0
84183.733,16616,60,0,0,0,0,0,8,86255,44,53,0,0,0,0,0,0,0,0,0,0,0,0,0,0,0,0,0,0,0,0,0,0,296,18737,0,0,0,0
84200.352,16619,60,0,0,0,0,0,8,86277,44,53,0,0,0,0,0,0,0,0,0,0,0,0,0,0,0,0,0,0,0,0,0,0,291,14192,0,0,0,0
84217.004,16652,60,0,0,0,0,0,8,85832,44,53,0,0,0,0,0,0,0,0,0,0,0,0,0,0,0,0,0,0,0,0,0,0,278,17086,0,0,0,0
84233.379,16375,61,0,0,0,0,0,8,85913,44,53,0,0,0,0,0,0,0,0,0,0,0,0,0,0,0,0,0,0,0,0,0,0,319,19234,0,0,0,0
84250.351,16971,58,0,0,0,0,0,8,86624,44,53,0,0,0,0,0,0,0,0,0,0,0,0,0,0,0,0,0,0,0,0,0,0,284,13972,0,0,0,0
84266.968,16617,60,0,0,0,0,0,8,85630,44,53,0,0,0,0,0,0,0,0,0,0,0,0,0,0,0,0,0,0,0,0,0,0,328,15665,0,0,0,0
84283.666,16698,59,0,0,0,0,0,8,85560,44,53,0,0,0,0,0,0,0,0,0,0,0,0,0,0,0,0,0,0,0,0,0,0,330,19096,0,0,0,0
84300.069,16403,60,0,0,0,0,0,8,85261,44,53,0,0,0,0,0,0,0,0,0,0,0,0,0,0,0,0,0,0,0,0,0,0,289,15260,0,0,0,0
84316.350,16280,61,0,0,0,0,0,8,83425,44,53,0,0,0,0,0,0,0,0,0,0,0,0,0,0,0,0,0,0,0,0,0,0,296,16748,0,0,0,0
84333.422,17072,58,0,0,0,0,0,8,85132,44,53,0,0,0,0,0,0,0,0,0,0,0,0,0,0,0,0,0,0,0,0,0,0,301,18140,0,0,0,0
84350.271,16848,59,0,0,0,0,0,8,85264,44,53,0,0,0,0,0,0,0,0,0,0,0,0,0,0,0,0,0,0,0,0,0,0,300,16777,0,0,0,0
84367.025,16754,59,0,0,0,0,0,8,84375,44,53,0,0,0,0,0,0,0,0,0,0,0,0,0,0,0,0,0,0,0,0,0,0,281,14890,0,0,0,0
84383.474,16448,60,0,0,0,0,0,8,83634,44,53,0,0,0,0,0,0,0,0,0,0,0,0,0,0,0,0,0,0,0,0,0,0,286,17238,0,0,0,0
84400.186,16712,59,0,0,0,0,0,8,84500,44,53,0,0,0,0,0,0,0,0,0,0,0,0,0,0,0,0,0,0,0,0,0,0,280,16169,0,0,0,0
84416.816,16629,60,0,0,0,0,0,8,84886,44,53,0,0,0,0,0,0,0,0,0,0,0,0,0,0,0,0,0,0,0,0,0,0,295,17597,0,0,0,0
84433.801,16985,58,0,0,0,0,0,8,88121,44,53,0,0,0,0,0,0,0,0,0,0,0,0,0,0,0,0,0,0,0,0,0,0,334,16534,0,0,0,0
84450.248,16447,60,0,0,0,0,0,8,87088,44,53,0,0,0,0,0,0,0,0,0,0,0,0,0,0,0,0,0,0,0,0,0,0,321,18117,0,0,0,0
84467.206,16957,58,0,0,0,0,0,8,86095,44,53,0,0,0,0,0,0,0,0,0,0,0,0,0,0,0,0,0,0,0,0,0,0,292,13833,0,0,0,0
84483.445,16239,61,0,0,0,0,0,8,88706,44,53,0,0,0,0,0,0,0,0,0,0,0,0,0,0,0,0,0,0,0,0,0,0,316,19966,0,0,0,0
84500.177,16731,59,0,0,0,0,0,8,88652,44,53,0,0,0,0,0,0,0,0,0,0,0,0,0,0,0,0,0,0,0,0,0,0,279,14293,0,0,0,0
84517.253,17075,58,0,0,0,0,0,8,87598,44,53,0,0,0,0,0,0,0,0,0,0,0,0,0,0,0,0,0,0,0,0,0,0,303,17642,0,0,0,0
84533.348,16095,62,0,0,0,0,0,8,87681,44,53,0,0,0,0,0,0,0,0,0,0,0,0,0,0,0,0,0,0,0,0,0,0,296,15227,0,0,0,0
84550.244,16896,59,0,0,0,0,0,8,87369,44,53,0,0,0,0,0,0,0,0,0,0,0,0,0,0,0,0,0,0,0,0,0,0,294,16723,0,0,0,0
84566.831,16586,60,0,0,0,0,0,8,87211,44,53,0,0,0,0,0,0,0,0,0,0,0,0,0,0,0,0,0,0,0,0,0,0,273,15317,0,0,0,0
84584.668,17837,56,0,0,0,0,0,8,88612,44,53,0,0,0,0,0,0,0,0,0,0,0,0,0,0,0,0,0,0,0,0,0,0,328,20508,0,0,0,0
84600.370,15701,63,0,0,0,0,0,8,88099,44,53,0,0,0,0,0,0,0,0,0,0,0,0,0,0,0,0,0,0,0,0,0,0,293,16581,0,0,0,0
84617.071,16701,59,0,0,0,1,0,8,88661,44,53,0,0,0,0,0,0,0,0,0,0,0,0,0,0,0,0,0,0,0,0,0,0,265,13561,0,0,0,0
84633.386,16315,61,0,0,0,0,0,8,88315,44,53,0,0,0,0,0,0,0,0,0,0,0,0,0,0,0,0,0,0,0,0,0,0,307,19479,0,0,0,0
84650.057,16670,59,0,0,0,0,0,8,88700,44,53,0,0,0,0,0,0,0,0,0,0,0,0,0,0,0,0,0,0,0,0,0,0,283,14583,0,0,0,0
84667.197,17140,58,0,0,0,0,0,8,87964,44,53,0,0,0,0,0,0,0,0,0,0,0,0,0,0,0,0,0,0,0,0,0,0,262,16771,0,0,0,0
84683.534,16336,61,0,0,0,0,0,8,87731,44,53,0,0,0,0,0,0,0,0,0,0,0,0,0,0,0,0,0,0,0,0,0,0,318,18625,0,0,0,0
84700.103,16569,60,0,0,0,0,0,8,87396,44,53,0,0,0,0,0,0,0,0,0,0,0,0,0,0,0,0,0,0,0,0,0,0,309,15618,0,0,0,0
84716.980,16876,59,0,0,0,0,0,8,86588,44,53,0,0,0,0,0,0,0,0,0,0,0,0,0,0,0,0,0,0,0,0,0,0,292,15719,0,0,0,0
84734.185,17205,58,0,0,0,0,0,8,86879,44,53,0,0,0,0,0,0,0,0,0,0,0,0,0,0,0,0,0,0,0,0,0,0,284,17616,0,0,0,0
84750.266,16080,62,0,0,0,0,0,8,88816,44,53,0,0,0,0,0,0,0,0,0,0,0,0,0,0,0,0,0,0,0,0,0,0,278,16474,0,0,0,0
84767.399,17133,58,0,0,0,0,0,8,86780,44,53,0,0,0,0,0,0,0,0,0,0,0,0,0,0,0,0,0,0,0,0,0,0,293,15693,0,0,0,0
84783.806,16406,60,0,0,0,0,0,8,86837,44,53,0,0,0,0,0,0,0,0,0,0,0,0,0,0,0,0,0,0,0,0,0,0,311,18267,0,0,0,0
84800.096,16289,61,0,0,0,0,0,8,87741,44,53,0,0,0,0,0,0,0,0,0,0,0,0,0,0,0,0,0,0,0,0,0,0,287,16393,0,0,0,0
84816.638,16542,60,0,0,0,0,0,8,88172,44,53,0,0,0,0,0,0,0,0,0,0,0,0,0,0,0,0,0,0,0,0,0,0,294,15504,0,0,0,0
84833.760,17122,58,0,0,0,0,0,8,87814,44,53,0,0,0,0,0,0,0,0,0,0,0,0,0,0,0,0,0,0,0,0,0,0,278,16643,0,0,0,0
84850.235,16474,60,0,0,0,0,0,8,87778,44,53,0,0,0,0,0,0,0,0,0,0,0,0,0,0,0,0,0,0,0,0,0,0,316,18349,0,0,0,0
84866.744,16508,60,0,0,0,0,0,8,87816,44,53,0,0,0,0,0,0,0,0,0,0,0,0,0,0,0,0,0,0,0,0,0,0,307,14653,0,0,0,0
84883.685,16941,59,0,0,0,0,0,8,85444,44,53,0,0,0,0,0,0,0,0,0,0,0,0,0,0,0,0,0,0,0,0,0,0,334,18086,0,0,0,0
84900.322,16636,60,0,0,0,0,0,8,86465,44,53,0,0,0,0,0,0,0,0,0,0,0,0,0,0,0,0,0,0,0,0,0,0,301,17363,0,0,0,0
84916.971,16648,60,0,0,0,0,0,8,85508,44,53,0,0,0,0,0,0,0,0,0,0,0,0,0,0,0,0,0,0,0,0,0,0,296,15545,0,0,0,0
84933.345,16373,61,0,0,0,0,0,8,85860,44,53,0,0,0,0,0,0,0,0,0,0,0,0,0,0,0,0,0,0,0,0,0,0,316,16174,0,0,0,0
84950.445,17100,58,0,0,0,0,0,8,84597,44,53,0,0,0,0,0,0,0,0,0,0,0,0,0,0,0,0,0,0,0,0,0,0,295,15945,0,0,0,0
84967.042,16596,60,0,0,0,0,0,8,85233,44,53,0,0,0,0,0,0,0,0,0,0,0,0,0,0,0,0,0,0,0,0,0,0,292,17488,0,0,0,0
84983.657,16614,60,0,0,0,0,0,8,85807,44,53,0,0,0,0,0,0,0,0,0,0,0,0,0,0,0,0,0,0,0,0,0,0,301,17224,0,0,0,0
85000.249,16592,60,0,0,0,0,0,8,86116,44,53,0,0,0,0,0,0,0,0,0,0,0,0,0,0,0,0,0,0,0,0,0,0,293,17298,0,0,0,0
85016.776,16526,60,0,0,0,0,0,8,85242,44,53,0,0,0,0,0,0,0,0,0,0,0,0,0,0,0,0,0,0,0,0,0,0,262,15760,0,0,0,0
85033.757,16981,58,0,0,0,0,0,8,84954,44,53,0,0,0,0,0,0,0,0,0,0,0,0,0,0,0,0,0,0,0,0,0,0,303,15365,0,0,0,0
85050.177,16420,60,0,0,0,0,0,8,85233,44,53,0,0,0,0,0,0,0,0,0,0,0,0,0,0,0,0,0,0,0,0,0,0,309,19083,0,0,0,0
85066.528,16350,61,0,0,0,0,0,8,85669,44,53,0,0,0,0,0,0,0,0,0,0,0,0,0,0,0,0,0,0,0,0,0,0,294,15410,0,0,0,0
85083.557,17029,58,0,0,0,0,0,8,85865,44,53,0,0,0,0,0,0,0,0,0,0,0,0,0,0,0,0,0,0,0,0,0,0,285,17145,0,0,0,0
85100.413,16856,59,0,0,0,0,0,8,84177,44,53,0,0,0,0,0,0,0,0,0,0,0,0,0,0,0,0,0,0,0,0,0,0,292,16776,0,0,0,0
85117.071,16657,60,0,0,0,0,0,8,84346,44,53,0,0,0,0,0,0,0,0,0,0,0,0,0,0,0,0,0,0,0,0,0,0,297,17049,0,0,0,0
85133.805,16734,59,0,0,0,0,0,8,84321,44,53,0,0,0,0,0,0,0,0,0,0,0,0,0,0,0,0,0,0,0,0,0,0,287,15299,0,0,0,0
85150.165,16360,61,0,0,0,0,0,8,84033,44,53,0,0,0,0,0,0,0,0,0,0,0,0,0,0,0,0,0,0,0,0,0,0,306,18798,0,0,0,0
85166.818,16653,60,0,0,0,0,0,8,83974,44,53,0,0,0,0,0,0,0,0,0,0,0,0,0,0,0,0,0,0,0,0,0,0,316,14737,0,0,0,0
85183.664,16846,59,0,0,0,0,0,8,84334,44,53,0,0,0,0,0,0,0,0,0,0,0,0,0,0,0,0,0,0,0,0,0,0,302,19109,0,0,0,0
85200.369,16704,59,0,0,0,0,0,8,84111,44,53,0,0,0,0,0,0,0,0,0,0,0,0,0,0,0,0,0,0,0,0,0,0,282,15762,0,0,0,0
85217.659,17290,57,0,0,0,0,0,8,83742,44,53,0,0,0,0,0,0,0,0,0,0,0,0,0,0,0,0,0,0,0,0,0,0,272,14801,0,0,0,0
85233.796,16136,61,0,0,0,0,0,8,83301,44,53,0,0,0,0,0,0,0,0,0,0,0,0,0,0,0,0,0,0,0,0,0,0,308,18489,0,0,0,0
85250.293,16496,60,0,0,0,0,0,8,84191,44,53,0,0,0,0,0,0,0,0,0,0,0,0,0,0,0,0,0,0,0,0,0,0,309,16783,0,0,0,0
85267.668,17374,57,0,0,0,0,0,8,82414,44,53,0,0,0,0,0,0,0,0,0,0,0,0,0,0,0,0,0,0,0,0,0,0,294,14613,0,0,0,0
85283.796,16128,62,0,0,0,0,0,8,82641,44,53,0,0,0,0,0,0,0,0,0,0,0,0,0,0,0,0,0,0,0,0,0,0,313,18276,0,0,0,0
85300.071,16274,61,0,0,0,0,0,8,82317,44,53,0,0,0,0,0,0,0,0,0,0,0,0,0,0,0,0,0,0,0,0,0,0,299,17854,0,0,0,0
85317.029,16947,59,0,0,0,0,0,8,81845,44,53,0,0,0,0,0,0,0,0,0,0,0,0,0,0,0,0,0,0,0,0,0,0,279,15345,0,0,0,0
85333.668,16637,60,0,0,0,0,0,8,82696,44,53,0,0,0,0,0,0,0,0,0,0,0,0,0,0,0,0,0,0,0,0,0,0,294,17463,0,0,0,0
85350.184,16527,60,0,0,0,0,0,8,82067,44,53,0,0,0,0,0,0,0,0,0,0,0,0,0,0,0,0,0,0,0,0,0,0,271,15672,0,0,0,0
85366.806,16622,60,0,0,0,0,0,8,81824,44,53,0,0,0,0,0,0,0,0,0,0,0,0,0,0,0,0,0,0,0,0,0,0,292,17587,0,0,0,0
85383.410,16603,60,0,0,0,0,0,8,81971,44,53,0,0,0,0,0,0,0,0,0,0,0,0,0,0,0,0,0,0,0,0,0,0,297,16689,0,0,0,0
85400.227,16817,59,0,0,0,0,0,8,81947,44,53,0,0,0,0,0,0,0,0,0,0,0,0,0,0,0,0,0,0,0,0,0,0,308,15778,0,0,0,0
85416.832,16604,60,0,0,0,0,0,8,82173,44,53,0,0,0,0,0,0,0,0,0,0,0,0,0,0,0,0,0,0,0,0,0,0,311,15563,0,0,0,0
85433.008,16176,61,0,0,0,0,0,8,83961,44,53,0,0,0,0,0,0,0,0,0,0,0,0,0,0,0,0,0,0,0,0,0,0,310,16489,0,0,0,0
85449.686,16678,59,0,0,0,0,0,8,83710,44,53,0,0,0,0,0,0,0,0,0,0,0,0,0,0,0,0,0,0,0,0,0,0,295,16857,0,0,0,0
85466.763,17076,58,0,0,0,0,0,8,83703,44,53,0,0,0,0,0,0,0,0,0,0,0,0,0,0,0,0,0,0,0,0,0,0,298,17828,0,0,0,0
85484.179,17415,57,0,0,0,0,0,8,83561,44,53,0,0,0,0,0,0,0,0,0,0,0,0,0,0,0,0,0,0,0,0,0,0,297,15032,0,0,0,0
85500.163,15984,62,0,0,0,0,0,8,84135,44,53,0,0,0,0,0,0,0,0,0,0,0,0,0,0,0,0,0,0,0,0,0,0,309,18059,0,0,0,0
85516.836,16672,59,0,0,0,0,0,8,83159,44,53,0,0,0,0,0,0,0,0,0,0,0,0,0,0,0,0,0,0,0,0,0,0,286,17132,0,0,0,0
85533.657,16821,59,0,0,0,0,0,8,83738,44,53,0,0,0,0,0,0,0,0,0,0,0,0,0,0,0,0,0,0,0,0,0,0,303,16745,0,0,0,0
85550.302,16644,60,0,0,0,0,0,8,83608,44,53,0,0,0,0,0,0,0,0,0,0,0,0,0,0,0,0,0,0,0,0,0,0,293,15581,0,0,0,0
85566.802,16499,60,0,0,0,0,0,8,83864,44,53,0,0,0,0,0,0,0,0,0,0,0,0,0,0,0,0,0,0,0,0,0,0,294,17576,0,0,0,0
85583.692,16890,59,0,0,0,0,0,8,83866,44,53,0,0,0,0,0,0,0,0,0,0,0,0,0,0,0,0,0,0,0,0,0,0,271,15129,0,0,0,0
85600.225,16533,60,0,0,0,0,0,8,84316,44,53,0,0,0,0,0,0,0,0,0,0,0,0,0,0,0,0,0,0,0,0,0,0,311,18315,0,0,0,0
85616.842,16616,60,0,0,0,0,0,8,83086,44,53,0,0,0,0,0,0,0,0,0,0,0,0,0,0,0,0,0,0,0,0,0,0,300,15266,0,0,0,0
85633.381,16538,60,0,0,0,0,0,8,84178,44,53,0,0,0,0,0,0,0,0,0,0,0,0,0,0,0,0,0,0,0,0,0,0,316,17166,0,0,0,0
85650.663,17281,57,0,0,0,0,0,8,83228,44,53,0,0,0,0,0,0,0,0,0,0,0,0,0,0,0,0,0,0,0,0,0,0,288,17535,0,0,0,0
85667.672,17009,58,0,0,0,0,0,8,83690,44,53,0,0,0,0,0,0,0,0,0,0,0,0,0,0,0,0,0,0,0,0,0,0,311,17188,0,0,0,0
85683.302,15629,63,0,0,0,0,0,8,83200,44,53,0,0,0,0,0,0,0,0,0,0,0,0,0,0,0,0,0,0,0,0,0,0,301,16092,0,0,0,0
85700.273,16970,58,0,0,0,0,0,8,82962,44,53,0,0,0,0,0,0,0,0,0,0,0,0,0,0,0,0,0,0,0,0,0,0,286,16449,0,0,0,0
85717.652,17379,57,0,0,0,0,0,8,82687,44,53,0,0,0,0,0,0,0,0,0,0,0,0,0,0,0,0,0,0,0,0,0,0,282,16348,0,0,0,0
85733.176,15524,64,0,0,0,0,0,8,82771,44,53,0,0,0,0,0,0,0,0,0,0,0,0,0,0,0,0,0,0,0,0,0,0,299,19276,0,0,0,0
85750.161,16984,58,0,0,0,0,0,8,83202,44,53,0,0,0,0,0,0,0,0,0,0,0,0,0,0,0,0,0,0,0,0,0,0,268,13305,0,0,0,0
85767.167,17005,58,0,0,0,0,0,8,82882,44,53,0,0,0,0,0,0,0,0,0,0,0,0,0,0,0,0,0,0,0,0,0,0,297,16861,0,0,0,0
85784.670,17490,57,0,0,0,0,0,8,82926,44,53,0,0,0,0,0,0,0,0,0,0,0,0,0,0,0,0,0,0,0,0,0,0,286,16162,0,0,0,0
85800.261,15603,64,0,0,0,0,0,8,83004,44,53,0,0,0,0,0,0,0,0,0,0,0,0,0,0,0,0,0,0,0,0,0,0,336,20067,0,0,0,0
85817.056,16794,59,0,0,0,0,0,8,82819,44,53,0,0,0,0,0,0,0,0,0,0,0,0,0,0,0,0,0,0,0,0,0,0,302,13210,0,0,0,0
85833.457,16400,60,0,0,0,0,0,8,83089,44,53,0,0,0,0,0,0,0,0,0,0,0,0,0,0,0,0,0,0,0,0,0,0,304,17504,0,0,0,0
85850.340,16883,59,0,0,0,0,0,8,82400,44,53,0,0,0,0,0,0,0,0,0,0,0,0,0,0,0,0,0,0,0,0,0,0,284,16976,0,0,0,0
85867.009,16669,59,0,0,0,0,0,8,82102,44,53,0,0,0,0,0,0,0,0,0,0,0,0,0,0,0,0,0,0,0,0,0,0,299,15361,0,0,0,0
85883.673,16663,60,0,0,0,0,0,8,83178,44,53,0,0,0,0,0,0,0,0,0,0,0,0,0,0,0,0,0,0,0,0,0,0,283,18529,0,0,0,0
85900.254,16581,60,0,0,0,0,0,8,81316,44,53,0,0,0,0,0,0,0,0,0,0,0,0,0,0,0,0,0,0,0,0,0,0,286,15989,0,0,0,0
85917.000,16745,59,0,0,0,0,0,8,81005,44,53,0,0,0,0,0,0,0,0,0,0,0,0,0,0,0,0,0,0,0,0,0,0,287,17195,0,0,0,0
85932.914,15914,62,0,0,0,0,0,8,80245,44,53,0,0,0,0,0,0,0,0,0,0,0,0,0,0,0,0,0,0,0,0,0,0,290,17825,0,0,0,0
85950.035,17120,58,0,0,0,0,0,8,80887,44,53,0,0,0,0,0,0,0,0,0,0,0,0,0,0,0,0,0,0,0,0,0,0,265,15647,0,0,0,0
85966.810,16775,59,0,0,0,0,0,8,79525,44,53,0,0,0,0,0,0,0,0,0,0,0,0,0,0,0,0,0,0,0,0,0,0,280,14938,0,0,0,0
85983.314,16504,60,0,0,0,0,0,8,79899,44,53,0,0,0,0,0,0,0,0,0,0,0,0,0,0,0,0,0,0,0,0,0,0,323,18792,0,0,0,0
86000.280,16966,58,0,0,0,0,0,8,80239,44,53,0,0,0,0,0,0,0,0,0,0,0,0,0,0,0,0,0,0,0,0,0,0,304,16014,0,0,0,0
86016.808,16528,60,0,0,0,0,0,8,79745,44,53,0,0,0,0,0,0,0,0,0,0,0,0,0,0,0,0,0,0,0,0,0,0,293,15704,0,0,0,0
86033.800,16991,58,0,0,0,0,0,8,79601,44,53,0,0,0,0,0,0,0,0,0,0,0,0,0,0,0,0,0,0,0,0,0,0,297,17238,0,0,0,0
86050.348,16548,60,0,0,0,0,0,8,80388,44,53,0,0,0,0,0,0,0,0,0,0,0,0,0,0,0,0,0,0,0,0,0,0,330,18484,0,0,0,0
86066.894,16545,60,0,0,0,0,0,8,81140,44,53,0,0,0,0,0,0,0,0,0,0,0,0,0,0,0,0,0,0,0,0,0,0,306,13924,0,0,0,0
86083.801,16895,59,0,0,0,0,0,8,83080,44,53,0,0,0,0,0,0,0,0,0,0,0,0,0,0,0,0,0,0,0,0,0,0,299,18590,0,0,0,0
86100.094,16304,61,0,0,0,0,0,8,82513,44,53,0,0,0,0,0,0,0,0,0,0,0,0,0,0,0,0,0,0,0,0,0,0,273,16814,0,0,0,0
86116.321,16226,61,0,0,0,0,0,8,81864,44,53,0,0,0,0,0,0,0,0,0,0,0,0,0,0,0,0,0,0,0,0,0,0,277,15148,0,0,0,0
86133.398,17077,58,0,0,0,0,0,8,81811,44,53,0,0,0,0,0,0,0,0,0,0,0,0,0,0,0,0,0,0,0,0,0,0,285,15720,0,0,0,0
86150.667,17268,57,0,0,0,0,0,8,81155,44,53,0,0,0,0,0,0,0,0,0,0,0,0,0,0,0,0,0,0,0,0,0,0,308,18091,0,0,0,0
86166.671,16004,62,0,0,0,0,0,8,80800,44,53,0,0,0,0,0,0,0,0,0,0,0,0,0,0,0,0,0,0,0,0,0,0,295,17268,0,0,0,0
86183.289,16617,60,0,0,0,0,0,8,80339,44,53,0,0,0,0,0,0,0,0,0,0,0,0,0,0,0,0,0,0,0,0,0,0,286,16841,0,0,0,0
86200.160,16870,59,0,0,0,0,0,8,79880,44,53,0,0,0,0,0,0,0,0,0,0,0,0,0,0,0,0,0,0,0,0,0,0,311,15643,0,0,0,0
86217.101,16941,59,0,0,0,0,0,8,79640,44,53,0,0,0,0,0,0,0,0,0,0,0,0,0,0,0,0,0,0,0,0,0,0,305,15117,0,0,0,0
86233.408,16306,61,0,0,0,0,0,8,79490,44,53,0,0,0,0,0,0,0,0,0,0,0,0,0,0,0,0,0,0,0,0,0,0,340,18480,0,0,0,0
86250.169,16761,59,0,0,0,0,0,8,80209,44,53,0,0,0,0,0,0,0,0,0,0,0,0,0,0,0,0,0,0,0,0,0,0,302,16687,0,0,0,0
86267.016,16846,59,0,0,0,0,0,8,79338,44,53,0,0,0,0,0,0,0,0,0,0,0,0,0,0,0,0,0,0,0,0,0,0,277,16033,0,0,0,0
86283.650,16634,60,0,0,0,0,0,8,80633,44,53,0,0,0,0,0,0,0,0,0,0,0,0,0,0,0,0,0,0,0,0,0,0,290,16482,0,0,0,0
86300.168,16517,60,0,0,0,0,0,8,80444,44,53,0,0,0,0,0,0,0,0,0,0,0,0,0,0,0,0,0,0,0,0,0,0,293,17963,0,0,0,0
86317.140,16972,58,0,0,0,0,0,8,80041,44,53,0,0,0,0,0,0,0,0,0,0,0,0,0,0,0,0,0,0,0,0,0,0,305,16209,0,0,0,0
86333.409,16268,61,0,0,0,0,0,8,78876,44,53,0,0,0,0,0,0,0,0,0,0,0,0,0,0,0,0,0,0,0,0,0,0,312,17206,0,0,0,0
86350.162,16753,59,0,0,0,0,0,8,78312,44,53,0,0,0,0,0,0,0,0,0,0,0,0,0,0,0,0,0,0,0,0,0,0,270,14312,0,0,0,0
86367.658,17495,57,0,0,0,0,0,8,77529,44,53,0,0,0,0,0,0,0,0,0,0,0,0,0,0,0,0,0,0,0,0,0,0,295,18277,0,0,0,0
86383.556,15886,62,0,0,0,0,0,8,78395,44,53,0,0,0,0,0,0,0,0,0,0,0,0,0,0,0,0,0,0,0,0,0,0,320,17082,0,0,0,0
86400.229,16684,59,0,0,0,0,0,8,78231,44,53,0,0,0,0,0,0,0,0,0,0,0,0,0,0,0,0,0,0,0,0,0,0,300,16134,0,0,0,0
86416.859,16629,60,0,0,0,0,0,8,78333,44,53,0,0,0,0,0,0,0,0,0,0,0,0,0,0,0,0,0,0,0,0,0,0,293,15172,0,0,0,0
86433.336,16477,60,0,0,0,0,0,8,78077,44,53,0,0,0,0,0,0,0,0,0,0,0,0,0,0,0,0,0,0,0,0,0,0,335,19114,0,0,0,0
86449.782,16446,60,0,0,0,0,0,8,77228,44,53,0,0,0,0,0,0,0,0,0,0,0,0,0,0,0,0,0,0,0,0,0,0,299,15525,0,0,0,0
86466.839,17056,58,0,0,0,0,0,8,77378,44,53,0,0,0,0,0,0,0,0,0,0,0,0,0,0,0,0,0,0,0,0,0,0,274,14530,0,0,0,0
86483.647,16807,59,0,0,0,0,0,8,80036,44,53,0,0,0,0,0,0,0,0,0,0,0,0,0,0,0,0,0,0,0,0,0,0,334,19450,0,0,0,0
86500.163,16516,60,0,0,0,0,0,8,81099,44,53,0,0,0,0,0,0,0,0,0,0,0,0,0,0,0,0,0,0,0,0,0,0,295,16435,0,0,0,0
86517.659,17495,57,0,0,0,0,0,8,79933,44,53,0,0,0,0,0,0,0,0,0,0,0,0,0,0,0,0,0,0,0,0,0,0,293,16376,0,0,0,0
86534.166,16506,60,0,0,0,0,0,8,80949,44,53,0,0,0,0,0,0,0,0,0,0,0,0,0,0,0,0,0,0,0,0,0,0,318,19102,0,0,0,0
86550.095,15929,62,0,0,0,0,0,8,79452,44,53,0,0,0,0,0,0,0,0,0,0,0,0,0,0,0,0,0,0,0,0,0,0,294,15443,0,0,0,0
86566.647,16552,60,0,0,0,0,0,8,78700,44,53,0,0,0,0,0,0,0,0,0,0,0,0,0,0,0,0,0,0,0,0,0,0,285,16532,0,0,0,0
86583.692,17034,58,0,0,0,0,0,8,79544,44,53,0,0,0,0,0,0,0,0,0,0,0,0,0,0,0,0,0,0,0,0,0,0,304,15350,0,0,0,0
86600.231,16550,60,0,0,0,0,0,8,79329,44,53,0,0,0,0,0,0,0,0,0,0,0,0,0,0,0,0,0,0,0,0,0,0,324,15870,0,0,0,0
86617.666,17434,57,0,0,0,0,0,8,79701,44,53,0,0,0,0,0,0,0,0,0,0,0,0,0,0,0,0,0,0,0,0,0,0,326,17348,0,0,0,0
86633.185,15519,64,0,0,0,0,0,8,79764,44,53,0,0,0,0,0,0,0,0,0,0,0,0,0,0,0,0,0,0,0,0,0,0,332,18478,0,0,0,0
86650.278,17092,58,0,0,0,0,0,8,79234,44,53,0,0,0,0,0,0,0,0,0,0,0,0,0,0,0,0,0,0,0,0,0,0,277,15546,0,0,0,0
86667.318,17039,58,0,0,0,0,0,8,79813,44,53,0,0,0,0,0,0,0,0,0,0,0,0,0,0,0,0,0,0,0,0,0,0,293,16201,0,0,0,0
86683.784,16466,60,0,0,0,0,0,8,79476,44,53,0,0,0,0,0,0,0,0,0,0,0,0,0,0,0,0,0,0,0,0,0,0,285,15294,0,0,0,0
86700.162,16378,61,0,0,0,0,0,8,79595,44,53,0,0,0,0,0,0,0,0,0,0,0,0,0,0,0,0,0,0,0,0,0,0,321,18579,0,0,0,0
86716.708,16545,60,0,0,0,0,0,8,79283,44,53,0,0,0,0,0,0,0,0,0,0,0,0,0,0,0,0,0,0,0,0,0,0,306,15921,0,0,0,0
86733.325,16617,60,0,0,0,0,0,8,79458,44,53,0,0,0,0,0,0,0,0,0,0,0,0,0,0,0,0,0,0,0,0,0,0,297,15628,0,0,0,0
86750.236,16910,59,0,0,0,0,0,8,77826,44,53,0,0,0,0,0,0,0,0,0,0,0,0,0,0,0,0,0,0,0,0,0,0,314,16001,0,0,0,0
86767.190,16954,58,0,0,0,0,0,8,77423,44,53,0,0,0,0,0,0,0,0,0,0,0,0,0,0,0,0,0,0,0,0,0,0,323,17682,0,0,0,0
86783.443,16253,61,0,0,0,0,0,8,78199,44,53,0,0,0,0,0,0,0,0,0,0,0,0,0,0,0,0,0,0,0,0,0,0,307,18458,0,0,0,0
86800.168,16724,59,0,0,0,0,0,8,77481,44,53,0,0,0,0,0,0,0,0,0,0,0,0,0,0,0,0,0,0,0,0,0,0,300,15446,0,0,0,0
86816.281,16112,62,0,0,0,0,0,8,77431,44,53,0,0,0,0,0,0,0,0,0,0,0,0,0,0,0,0,0,0,0,0,0,0,281,17798,0,0,0,0
86833.347,17067,58,0,0,0,0,0,8,78964,44,53,0,0,0,0,0,0,0,0,0,0,0,0,0,0,0,0,0,0,0,0,0,0,324,14536,0,0,0,0
86850.173,16825,59,0,0,0,0,0,8,77489,44,53,0,0,0,0,0,0,0,0,0,0,0,0,0,0,0,0,0,0,0,0,0,0,294,17980,0,0,0,0
86867.167,16994,58,0,0,0,0,0,8,77508,44,53,0,0,0,0,0,0,0,0,0,0,0,0,0,0,0,0,0,0,0,0,0,0,293,16773,0,0,0,0
86883.783,16615,60,0,0,0,0,0,8,77550,44,53,0,0,0,0,0,0,0,0,0,0,0,0,0,0,0,0,0,0,0,0,0,0,281,15463,0,0,0,0
86899.977,16194,61,0,0,0,0,0,8,78013,44,53,0,0,0,0,0,0,0,0,0,0,0,0,0,0,0,0,0,0,0,0,0,0,321,18310,0,0,0,0
86917.253,17275,57,0,0,0,0,0,8,77783,44,53,0,0,0,0,0,0,0,0,0,0,0,0,0,0,0,0,0,0,0,0,0,0,289,13929,0,0,0,0
86933.364,16111,62,0,0,0,0,0,8,77895,44,53,0,0,0,0,0,0,0,0,0,0,0,0,0,0,0,0,0,0,0,0,0,0,315,16959,0,0,0,0
86950.241,16877,59,0,0,0,0,0,8,77652,44,53,0,0,0,0,0,0,0,0,0,0,0,0,0,0,0,0,0,0,0,0,0,0,356,18926,0,0,0,0
86966.649,16408,60,0,0,0,0,0,8,77843,44,53,0,0,0,0,0,0,0,0,0,0,0,0,0,0,0,0,0,0,0,0,0,0,297,17611,0,0,0,0
86984.063,17403,57,0,0,0,0,0,8,77857,44,53,0,0,0,0,0,0,0,0,0,0,0,0,0,0,0,0,0,0,0,0,0,0,295,14478,0,0,0,0
87000.167,16114,62,0,0,0,0,0,8,76533,44,53,0,0,0,0,0,0,0,0,0,0,0,0,0,0,0,0,0,0,0,0,0,0,304,16701,0,0,0,0
87017.074,16906,59,0,0,0,0,0,8,78097,44,53,0,0,0,0,0,0,0,0,0,0,0,0,0,0,0,0,0,0,0,0,0,0,315,16456,0,0,0,0
87033.677,16603,60,0,0,0,0,0,8,78348,44,53,0,0,0,0,0,0,0,0,0,0,0,0,0,0,0,0,0,0,0,0,0,0,322,17699,0,0,0,0
87050.285,16608,60,0,0,0,0,0,8,78053,44,53,0,0,0,0,0,0,0,0,0,0,0,0,0,0,0,0,0,0,0,0,0,0,276,16769,0,0,0,0
87066.744,16459,60,0,0,0,0,0,8,78035,44,53,0,0,0,0,0,0,0,0,0,0,0,0,0,0,0,0,0,0,0,0,0,0,291,15246,0,0,0,0
87083.326,16581,60,0,0,0,0,0,8,77775,44,53,0,0,0,0,0,0,0,0,0,0,0,0,0,0,0,0,0,0,0,0,0,0,294,16073,0,0,0,0
87100.154,16828,59,0,0,0,0,0,8,77961,44,53,0,0,0,0,0,0,0,0,0,0,0,0,0,0,0,0,0,0,0,0,0,0,310,18111,0,0,0,0
87117.031,16877,59,0,0,0,0,0,8,77684,44,53,0,0,0,0,0,0,0,0,0,0,0,0,0,0,0,0,0,0,0,0,0,0,295,15616,0,0,0,0
87133.840,16808,59,0,0,0,0,0,8,77937,44,53,0,0,0,0,0,0,0,0,0,0,0,0,0,0,0,0,0,0,0,0,0,0,295,17860,0,0,0,0
87150.237,16397,60,0,0,0,0,0,8,77085,44,53,0,0,0,0,0,0,0,0,0,0,0,0,0,0,0,0,0,0,0,0,0,0,309,17679,0,0,0,0
87166.853,16616,60,0,0,0,0,0,8,76245,44,53,0,0,0,0,0,0,0,0,0,0,0,0,0,0,0,0,0,0,0,0,0,0,300,16629,0,0,0,0
87183.444,16590,60,0,0,0,0,0,8,76432,44,53,0,0,0,0,0,0,0,0,0,0,0,0,0,0,0,0,0,0,0,0,0,0,292,14122,0,0,0,0
87200.013,16569,60,0,0,0,0,0,8,76366,44,53,0,0,0,0,0,0,0,0,0,0,0,0,0,0,0,0,0,0,0,0,0,0,307,17777,0,0,0,0
87216.393,16379,61,0,0,0,0,0,8,77403,44,53,0,0,0,0,0,0,0,0,0,0,0,0,0,0,0,0,0,0,0,0,0,0,291,16246,0,0,0,0
87233.280,16887,59,0,0,0,0,0,8,77224,44,53,0,0,0,0,0,0,0,0,0,0,0,0,0,0,0,0,0,0,0,0,0,0,291,16938,0,0,0,0
87250.162,16881,59,0,0,0,0,0,8,75875,44,53,0,0,0,0,0,0,0,0,0,0,0,0,0,0,0,0,0,0,0,0,0,0,333,17716,0,0,0,0
87266.837,16675,59,0,0,0,0,0,8,76002,44,53,0,0,0,0,0,0,0,0,0,0,0,0,0,0,0,0,0,0,0,0,0,0,286,15673,0,0,0,0
87283.219,16382,61,0,0,0,0,0,8,74601,44,53,0,0,0,0,0,0,0,0,0,0,0,0,0,0,0,0,0,0,0,0,0,0,307,17137,0,0,0,0
87300.226,17007,58,0,0,0,0,0,8,74814,44,53,0,0,0,0,0,0,0,0,0,0,0,0,0,0,0,0,0,0,0,0,0,0,274,15731,0,0,0,0
87317.163,16937,59,0,0,0,0,0,8,75154,44,53,0,0,0,0,0,0,0,0,0,0,0,0,0,0,0,0,0,0,0,0,0,0,312,17164,0,0,0,0
87333.790,16615,60,0,0,0,0,0,8,75384,44,53,0,0,0,0,0,0,0,0,0,0,0,0,0,0,0,0,0,0,0,0,0,0,298,15367,0,0,0,0
87350.148,16369,61,0,0,0,0,0,8,75158,44,53,0,0,0,0,0,0,0,0,0,0,0,0,0,0,0,0,0,0,0,0,0,0,330,19862,0,0,0,0
87366.734,16585,60,0,0,0,0,0,8,74975,44,53,0,0,0,0,0,0,0,0,0,0,0,0,0,0,0,0,0,0,0,0,0,0,304,16300,0,0,0,0
87383.526,16792,59,0,0,0,0,0,8,73824,44,53,0,0,0,0,0,0,0,0,0,0,0,0,0,0,0,0,0,0,0,0,0,0,276,14969,0,0,0,0
87399.829,16303,61,0,0,0,0,0,8,74251,44,53,0,0,0,0,0,0,0,0,0,0,0,0,0,0,0,0,0,0,0,0,0,0,312,16733,0,0,0,0
87417.155,17325,57,0,0,0,0,0,8,73781,44,53,0,0,0,0,0,0,0,0,0,0,0,0,0,0,0,0,0,0,0,0,0,0,281,15503,0,0,0,0
87434.165,17010,58,0,0,0,0,0,8,73878,44,53,0,0,0,0,0,0,0,0,0,0,0,0,0,0,0,0,0,0,0,0,0,0,308,18330,0,0,0,0
87450.221,16057,62,0,0,0,0,0,8,74364,44,53,0,0,0,0,0,0,0,0,0,0,0,0,0,0,0,0,0,0,0,0,0,0,307,16746,0,0,0,0
87467.223,17001,58,0,0,0,0,0,8,73726,44,53,0,0,0,0,0,0,0,0,0,0,0,0,0,0,0,0,0,0,0,0,0,0,288,16798,0,0,0,0
87483.830,16607,60,0,0,0,0,0,8,74599,44,53,0,0,0,0,0,0,0,0,0,0,0,0,0,0,0,0,0,0,0,0,0,0,291,14753,0,0,0,0
87500.152,16321,61,0,0,0,0,0,8,74025,44,53,0,0,0,0,0,0,0,0,0,0,0,0,0,0,0,0,0,0,0,0,0,0,308,18314,0,0,0,0
87516.697,16545,60,0,0,0,0,0,8,74159,44,53,0,0,0,0,0,0,0,0,0,0,0,0,0,0,0,0,0,0,0,0,0,0,657,17148,0,0,0,0
87533.442,16745,59,0,0,0,0,0,8,64966,44,53,0,0,0,0,0,0,0,0,0,0,0,0,0,0,0,0,0,0,0,0,0,0,298,15156,0,0,0,0
87550.400,16957,58,0,0,0,0,0,8,64778,44,53,0,0,0,0,0,0,0,0,0,0,0,0,0,0,0,0,0,0,0,0,0,0,307,15278,0,0,0,0
87566.794,16394,60,0,0,0,0,0,8,64815,44,53,0,0,0,0,0,0,0,0,0,0,0,0,0,0,0,0,0,0,0,0,0,0,299,17989,0,0,0,0
87584.670,17875,55,0,0,0,0,0,8,64870,44,53,0,0,0,0,0,0,0,0,0,0,0,0,0,0,0,0,0,0,0,0,0,0,369,17208,0,0,0,0
87600.143,15473,64,0,0,0,0,0,8,64773,44,53,0,0,0,0,0,0,0,0,0,0,0,0,0,0,0,0,0,0,0,0,0,0,318,17984,0,0,0,0
87617.647,17503,57,0,0,0,0,0,8,64358,44,53,0,0,0,0,0,0,0,0,0,0,0,0,0,0,0,0,0,0,0,0,0,0,285,14007,0,0,0,0
87633.683,16036,62,0,0,0,0,0,8,64558,44,53,0,0,0,0,0,0,0,0,0,0,0,0,0,0,0,0,0,0,0,0,0,0,313,19123,0,0,0,0
87650.315,16631,60,0,0,0,0,0,8,64570,44,53,0,0,0,0,0,0,0,0,0,0,0,0,0,0,0,0,0,0,0,0,0,0,306,15174,0,0,0,0
87666.680,16365,61,0,0,0,0,0,8,64562,44,53,0,0,0,0,0,0,0,0,0,0,0,0,0,0,0,0,0,0,0,0,0,0,299,15716,0,0,0,0
87684.643,17963,55,0,0,0,0,0,8,65006,44,53,0,0,0,0,0,0,0,0,0,0,0,0,0,0,0,0,0,0,0,0,0,0,324,17826,0,0,0,0
87700.442,15799,63,0,0,0,0,0,8,64936,44,53,0,0,0,0,0,0,0,0,0,0,0,0,0,0,0,0,0,0,0,0,0,0,308,17122,0,0,0,0
87716.887,16444,60,0,0,0,0,0,8,64438,44,53,0,0,0,0,0,0,0,0,0,0,0,0,0,0,0,0,0,0,0,0,0,0,320,15042,0,0,0,0
87733.701,16813,59,0,0,0,0,0,8,64786,44,53,0,0,0,0,0,0,0,0,0,0,0,0,0,0,0,0,0,0,0,0,0,0,312,17946,0,0,0,0
87750.643,16942,59,0,0,0,0,0,8,64727,44,53,0,0,0,0,0,0,0,0,0,0,0,0,0,0,0,0,0,0,0,0,0,0,306,15098,0,0,0,0
87767.644,17000,58,0,0,0,0,0,8,64261,44,53,0,0,0,0,0,0,0,0,0,0,0,0,0,0,0,0,0,0,0,0,0,0,306,17569,0,0,0,0
87783.638,15994,62,0,0,0,0,0,8,64399,44,53,0,0,0,0,0,0,0,0,0,0,0,0,0,0,0,0,0,0,0,0,0,0,307,18240,0,0,0,0
87800.227,16588,60,0,0,0,0,0,8,64120,44,53,0,0,0,0,0,0,0,0,0,0,0,0,0,0,0,0,0,0,0,0,0,0,294,17300,0,0,0,0
87816.644,16417,60,0,0,0,0,0,8,64530,44,53,0,0,0,0,0,0,0,0,0,0,0,0,0,0,0,0,0,0,0,0,0,0,329,14928,0,0,0,0
87834.231,17587,56,0,0,0,0,0,8,64245,44,53,0,0,0,0,0,0,0,0,0,0,0,0,0,0,0,0,0,0,0,0,0,0,337,17568,0,0,0,0
87850.150,15919,62,0,0,0,0,0,8,64048,44,53,0,0,0,0,0,0,0,0,0,0,0,0,0,0,0,0,0,0,0,0,0,0,282,14838,0,0,0,0
87866.917,16767,59,0,0,0,0,0,8,65495,44,53,0,0,0,0,0,0,0,0,0,0,0,0,0,0,0,0,0,0,0,0,0,0,301,17436,0,0,0,0
87883.840,16922,59,0,0,0,0,0,8,65799,44,53,0,0,0,0,0,0,0,0,0,0,0,0,0,0,0,0,0,0,0,0,0,0,319,17544,0,0,0,0
87900.321,16480,60,0,0,0,0,0,8,66073,44,53,0,0,0,0,0,0,0,0,0,0,0,0,0,0,0,0,0,0,0,0,0,0,318,16691,0,0,0,0
87917.001,16680,59,0,0,0,0,0,8,65320,44,53,0,0,0,0,0,0,0,0,0,0,0,0,0,0,0,0,0,0,0,0,0,0,293,15568,0,0,0,0
87933.404,16391,61,0,0,0,0,0,8,65841,44,53,0,0,0,0,0,0,0,0,0,0,0,0,0,0,0,0,0,0,0,0,0,0,317,16175,0,0,0,0
87950.052,16659,60,0,0,0,0,0,8,65975,44,53,0,0,0,0,0,0,0,0,0,0,0,0,0,0,0,0,0,0,0,0,0,0,310,17317,0,0,0,0
87966.784,16731,59,0,0,0,0,0,8,65435,44,53,0,0,0,0,0,0,0,0,0,0,0,0,0,0,0,0,0,0,0,0,0,0,326,15466,0,0,0,0
87983.868,17074,58,0,0,0,0,0,8,66067,44,53,0,0,0,0,0,0,0,0,0,0,0,0,0,0,0,0,0,0,0,0,0,0,305,17607,0,0,0,0
88000.165,16306,61,0,0,0,0,0,8,65738,44,53,0,0,0,0,0,0,0,0,0,0,0,0,0,0,0,0,0,0,0,0,0,0,304,18305,0,0,0,0
88017.149,16984,58,0,0,0,0,0,8,65315,44,53,0,0,0,0,0,0,0,0,0,0,0,0,0,0,0,0,0,0,0,0,0,0,304,15144,0,0,0,0
88033.842,16692,59,0,0,0,0,0,8,65934,44,53,0,0,0,0,0,0,0,0,0,0,0,0,0,0,0,0,0,0,0,0,0,0,353,17853,0,0,0,0
88050.186,16343,61,0,0,0,0,0,8,66715,44,53,0,0,0,0,0,0,0,0,0,0,0,0,0,0,0,0,0,0,0,0,0,0,329,16971,0,0,0,0
88067.168,16982,58,0,0,0,0,0,8,65630,44,53,0,0,0,0,0,0,0,0,0,0,0,0,0,0,0,0,0,0,0,0,0,0,328,15509,0,0,0,0
88084.637,17468,57,0,0,0,0,0,8,66157,44,53,0,0,0,0,0,0,0,0,0,0,0,0,0,0,0,0,0,0,0,0,0,0,320,17527,0,0,0,0
88100.151,15514,64,0,0,0,0,0,8,66382,44,53,0,0,0,0,0,0,0,0,0,0,0,0,0,0,0,0,0,0,0,0,0,0,293,16737,0,0,0,0
88117.636,17485,57,0,0,0,0,0,8,66186,44,53,0,0,0,0,0,0,0,0,0,0,0,0,0,0,0,0,0,0,0,0,0,0,299,14863,0,0,0,0
88133.341,15704,63,0,0,0,0,0,8,64907,44,53,0,0,0,0,0,0,0,0,0,0,0,0,0,0,0,0,0,0,0,0,0,0,302,16425,0,0,0,0
88150.630,17289,57,0,0,0,0,0,8,64794,44,53,0,0,0,0,0,0,0,0,0,0,0,0,0,0,0,0,0,0,0,0,0,0,315,16240,0,0,0,0
88166.959,16328,61,0,0,0,0,0,8,65192,44,53,0,0,0,0,0,0,0,0,0,0,0,0,0,0,0,0,0,0,0,0,0,0,313,17003,0,0,0,0
88183.033,16073,62,0,0,0,0,0,8,65285,44,53,0,0,0,0,0,0,0,0,0,0,0,0,0,0,0,0,0,0,0,0,0,0,327,16642,0,0,0,0
88200.231,17198,58,0,0,0,0,0,8,65366,44,53,0,0,0,0,0,0,0,0,0,0,0,0,0,0,0,0,0,0,0,0,0,0,304,15846,0,0,0,0
88216.797,16566,60,0,0,0,0,0,8,65554,44,53,0,0,0,0,0,0,0,0,0,0,0,0,0,0,0,0,0,0,0,0,0,0,301,18491,0,0,0,0
88233.719,16921,59,0,0,0,0,0,8,65692,44,53,0,0,0,0,0,0,0,0,0,0,0,0,0,0,0,0,0,0,0,0,0,0,318,16119,0,0,0,0
88250.141,16422,60,0,0,0,0,0,8,65694,44,53,0,0,0,0,0,0,0,0,0,0,0,0,0,0,0,0,0,0,0,0,0,0,304,17544,0,0,0,0
88266.622,16481,60,0,0,0,0,0,8,65402,44,53,0,0,0,0,0,0,0,0,0,0,0,0,0,0,0,0,0,0,0,0,0,0,297,15416,0,0,0,0
88283.703,17080,58,0,0,0,0,0,8,65467,44,53,0,0,0,0,0,0,0,0,0,0,0,0,0,0,0,0,0,0,0,0,0,0,311,17045,0,0,0,0
88300.148,16445,60,0,0,0,0,0,8,65757,44,53,0,0,0,0,0,0,0,0,0,0,0,0,0,0,0,0,0,0,0,0,0,0,308,16400,0,0,0,0
88317.149,17001,58,0,0,0,0,0,8,65461,44,53,0,0,0,0,0,0,0,0,0,0,0,0,0,0,0,0,0,0,0,0,0,0,298,18448,0,0,0,0
88334.657,17507,57,0,0,0,0,0,8,65573,44,53,0,0,0,0,0,0,0,0,0,0,0,0,0,0,0,0,0,0,0,0,0,0,316,16381,0,0,0,0
88350.357,15700,63,0,0,0,0,0,8,65704,44,53,0,0,0,0,0,0,0,0,0,0,0,0,0,0,0,0,0,0,0,0,0,0,307,17378,0,0,0,0
88366.672,16315,61,0,0,0,0,0,8,67084,44,53,0,0,0,0,0,0,0,0,0,0,0,0,0,0,0,0,0,0,0,0,0,0,296,14542,0,0,0,0
88383.678,17005,58,0,0,0,0,0,8,67587,44,53,0,0,0,0,0,0,0,0,0,0,0,0,0,0,0,0,0,0,0,0,0,0,299,17113,0,0,0,0
88400.154,16476,60,0,0,0,0,0,8,68409,44,53,0,0,0,0,0,0,0,0,0,0,0,0,0,0,0,0,0,0,0,0,0,0,318,16768,0,0,0,0
88417.630,17475,57,0,0,0,0,0,8,68505,44,53,0,0,0,0,0,0,0,0,0,0,0,0,0,0,0,0,0,0,0,0,0,0,308,16035,0,0,0,0
88433.507,15877,62,0,0,0,0,0,8,68260,44,53,0,0,0,0,0,0,0,0,0,0,0,0,0,0,0,0,0,0,0,0,0,0,318,17949,0,0,0,0
88450.206,16699,59,0,0,0,0,0,8,68514,44,53,0,0,0,0,0,0,0,0,0,0,0,0,0,0,0,0,0,0,0,0,0,0,293,15956,0,0,0,0
88466.691,16484,60,0,0,0,0,0,8,68457,44,53,0,0,0,0,0,0,0,0,0,0,0,0,0,0,0,0,0,0,0,0,0,0,301,16320,0,0,0,0
88483.387,16696,59,0,0,0,0,0,8,68496,44,53,0,0,0,0,0,0,0,0,0,0,0,0,0,0,0,0,0,0,0,0,0,0,317,16186,0,0,0,0
88500.201,16814,59,0,0,0,0,0,8,68786,44,53,0,0,0,0,0,0,0,0,0,0,0,0,0,0,0,0,0,0,0,0,0,0,308,16234,0,0,0,0
88516.901,16699,59,0,0,0,0,0,8,68865,44,53,0,0,0,0,0,0,0,0,0,0,0,0,0,0,0,0,0,0,0,0,0,0,314,18174,0,0,0,0
88533.721,16820,59,0,0,0,0,0,8,68800,44,53,0,0,0,0,0,0,0,0,0,0,0,0,0,0,0,0,0,0,0,0,0,0,300,16047,0,0,0,0
88550.214,16493,60,0,0,0,0,0,8,68936,44,53,0,0,0,0,0,0,0,0,0,0,0,0,0,0,0,0,0,0,0,0,0,0,353,17427,0,0,0,0
88566.817,16602,60,0,0,0,0,0,8,68318,44,53,0,0,0,0,0,0,0,0,0,0,0,0,0,0,0,0,0,0,0,0,0,0,303,15562,0,0,0,0
88584.233,17416,57,0,0,0,0,0,8,68964,44,53,0,0,0,0,0,0,0,0,0,0,0,0,0,0,0,0,0,0,0,0,0,0,328,17994,0,0,0,0
88600.433,16200,61,0,0,0,0,0,8,68493,44,53,0,0,0,0,0,0,0,0,0,0,0,0,0,0,0,0,0,0,0,0,0,0,272,15739,0,0,0,0
88617.143,16709,59,0,0,0,0,0,8,68639,44,53,0,0,0,0,0,0,0,0,0,0,0,0,0,0,0,0,0,0,0,0,0,0,306,17198,0,0,0,0
88633.765,16621,60,0,0,0,0,0,8,66924,44,53,0,0,0,0,0,0,0,0,0,0,0,0,0,0,0,0,0,0,0,0,0,0,316,17725,0,0,0,0
88650.417,16651,60,0,0,0,0,0,8,67249,44,53,0,0,0,0,0,0,0,0,0,0,0,0,0,0,0,0,0,0,0,0,0,0,319,16176,0,0,0,0
88667.183,16766,59,0,0,0,0,0,8,66554,44,53,0,0,0,0,0,0,0,0,0,0,0,0,0,0,0,0,0,0,0,0,0,0,313,15685,0,0,0,0
88684.165,16981,58,0,0,0,0,0,8,66959,44,53,0,0,0,0,0,0,0,0,0,0,0,0,0,0,0,0,0,0,0,0,0,0,291,16594,0,0,0,0
88700.274,16108,62,0,0,0,0,0,8,66729,44,53,0,0,0,0,0,0,0,0,0,0,0,0,0,0,0,0,0,0,0,0,0,0,305,17120,0,0,0,0
88716.834,16560,60,0,0,0,0,0,8,66392,44,53,0,0,0,0,0,0,0,0,0,0,0,0,0,0,0,0,0,0,0,0,0,0,308,16611,0,0,0,0
88733.611,16777,59,0,0,0,0,0,8,66353,44,53,0,0,0,0,0,0,0,0,0,0,0,0,0,0,0,0,0,0,0,0,0,0,284,16457,0,0,0,0
88750.208,16596,60,0,0,0,0,0,8,66181,44,53,0,0,0,0,0,0,0,0,0,0,0,0,0,0,0,0,0,0,0,0,0,0,303,15621,0,0,0,0
88766.695,16487,60,0,0,0,0,0,8,66119,44,53,0,0,0,0,0,0,0,0,0,0,0,0,0,0,0,0,0,0,0,0,0,0,298,17179,0,0,0,0
88783.376,16680,59,0,0,0,0,0,8,65865,44,53,0,0,0,0,0,0,0,0,0,0,0,0,0,0,0,0,0,0,0,0,0,0,311,17115,0,0,0,0
88800.140,16764,59,0,0,0,0,0,8,67145,44,53,0,0,0,0,0,0,0,0,0,0,0,0,0,0,0,0,0,0,0,0,0,0,300,16748,0,0,0,0
88816.689,16548,60,0,0,0,0,0,8,65742,44,53,0,0,0,0,0,0,0,0,0,0,0,0,0,0,0,0,0,0,0,0,0,0,321,16173,0,0,0,0
88833.669,16980,58,0,0,0,0,0,8,66668,44,53,0,0,0,0,0,0,0,0,0,0,0,0,0,0,0,0,0,0,0,0,0,0,317,16541,0,0,0,0
88850.149,16479,60,0,0,0,0,0,8,65494,44,53,0,0,0,0,0,0,0,0,0,0,0,0,0,0,0,0,0,0,0,0,0,0,334,17565,0,0,0,0
88866.739,16590,60,0,0,0,0,0,8,64347,44,53,0,0,0,0,0,0,0,0,0,0,0,0,0,0,0,0,0,0,0,0,0,0,320,16427,0,0,0,0
88884.632,17892,55,0,0,0,0,0,8,66287,44,53,0,0,0,0,0,0,0,0,0,0,0,0,0,0,0,0,0,0,0,0,0,0,305,15929,0,0,0,0
88900.310,15678,63,0,0,0,0,0,8,64456,44,53,0,0,0,0,0,0,0,0,0,0,0,0,0,0,0,0,0,0,0,0,0,0,307,18121,0,0,0,0
88917.150,16840,59,0,0,0,0,0,8,64223,44,53,0,0,0,0,0,0,0,0,0,0,0,0,0,0,0,0,0,0,0,0,0,0,304,16277,0,0,0,0
88933.559,16408,60,0,0,0,0,0,8,64552,44,53,0,0,0,0,0,0,0,0,0,0,0,0,0,0,0,0,0,0,0,0,0,0,325,16972,0,0,0,0
88950.144,16585,60,0,0,0,0,0,8,64213,44,53,0,0,0,0,0,0,0,0,0,0,0,0,0,0,0,0,0,0,0,0,0,0,291,15224,0,0,0,0
88967.061,16916,59,0,0,0,0,0,8,63649,44,53,0,0,0,0,0,0,0,0,0,0,0,0,0,0,0,0,0,0,0,0,0,0,317,17694,0,0,0,0
88983.136,16074,62,0,0,0,0,0,8,64929,44,53,0,0,0,0,0,0,0,0,0,0,0,0,0,0,0,0,0,0,0,0,0,0,309,15905,0,0,0,0
89000.133,16997,58,0,0,0,0,0,8,64005,44,53,0,0,0,0,0,0,0,0,0,0,0,0,0,0,0,0,0,0,0,0,0,0,310,17856,0,0,0,0
89017.139,17005,58,0,0,0,0,0,8,63920,44,53,0,0,0,0,0,0,0,0,0,0,0,0,0,0,0,0,0,0,0,0,0,0,320,16685,0,0,0,0
89034.153,17013,58,0,0,0,0,0,8,64411,44,53,0,0,0,0,0,0,0,0,0,0,0,0,0,0,0,0,0,0,0,0,0,0,300,16441,0,0,0,0
89050.135,15982,62,0,0,0,0,0,8,64327,44,53,0,0,0,0,0,0,0,0,0,0,0,0,0,0,0,0,0,0,0,0,0,0,335,16443,0,0,0,0
89067.006,16860,59,0,0,0,0,0,8,63261,44,53,0,0,0,0,0,0,0,0,0,0,0,0,0,0,0,0,0,0,0,0,0,0,360,16609,0,0,0,0
89083.235,16238,61,0,0,0,0,0,8,63406,44,53,0,0,0,0,0,0,0,0,0,0,0,0,0,0,0,0,0,0,0,0,0,0,355,17645,0,0,0,0
89100.445,17210,58,0,0,0,0,0,8,64013,44,53,0,0,0,0,0,0,0,0,0,0,0,0,0,0,0,0,0,0,0,0,0,0,304,14317,0,0,0,0
89116.700,16255,61,0,0,0,0,0,8,62996,44,53,0,0,0,0,0,0,0,0,0,0,0,0,0,0,0,0,0,0,0,0,0,0,311,17476,0,0,0,0
89133.540,16839,59,0,0,0,0,0,8,63026,44,53,0,0,0,0,0,0,0,0,0,0,0,0,0,0,0,0,0,0,0,0,0,0,327,16757,0,0,0,0
89150.136,16595,60,0,0,0,0,0,8,64010,44,53,0,0,0,0,0,0,0,0,0,0,0,0,0,0,0,0,0,0,0,0,0,0,327,16352,0,0,0,0
89166.736,16600,60,0,0,0,0,0,8,63044,44,53,0,0,0,0,0,0,0,0,0,0,0,0,0,0,0,0,0,0,0,0,0,0,324,17029,0,0,0,0
89183.656,16920,59,0,0,0,0,0,8,63359,44,53,0,0,0,0,0,0,0,0,0,0,0,0,0,0,0,0,0,0,0,0,0,0,304,16805,0,0,0,0
89200.210,16553,60,0,0,0,0,0,8,62825,44,53,0,0,0,0,0,0,0,0,0,0,0,0,0,0,0,0,0,0,0,0,0,0,324,17451,0,0,0,0
89216.891,16681,59,0,0,0,0,0,8,71118,44,53,0,0,0,0,0,0,0,0,0,0,0,0,0,0,0,0,0,0,0,0,0,0,296,16109,0,0,0,0
89233.886,16994,58,0,0,0,0,0,8,72853,44,53,0,0,0,0,0,0,0,0,0,0,0,0,0,0,0,0,0,0,0,0,0,0,292,16029,0,0,0,0
89250.357,16471,60,0,0,0,0,0,8,72258,44,53,0,0,0,0,0,0,0,0,0,0,0,0,0,0,0,0,0,0,0,0,0,0,316,17378,0,0,0,0
89266.806,16449,60,0,0,0,0,0,8,73057,44,53,0,0,0,0,0,0,0,0,0,0,0,0,0,0,0,0,0,0,0,0,0,0,309,16343,0,0,0,0
89284.648,17842,56,0,0,0,0,0,8,72862,44,53,0,0,0,0,0,0,0,0,0,0,0,0,0,0,0,0,0,0,0,0,0,0,343,17421,0,0,0,0
89300.362,15714,63,0,0,0,0,0,8,74026,44,53,0,0,0,0,0,0,0,0,0,0,0,0,0,0,0,0,0,0,0,0,0,0,312,17090,0,0,0,0
89316.781,16419,60,0,0,0,0,0,8,73066,44,53,0,0,0,0,0,0,0,0,0,0,0,0,0,0,0,0,0,0,0,0,0,0,282,15245,0,0,0,0
89334.621,17840,56,0,0,0,0,0,8,73323,44,53,0,0,0,0,0,0,0,0,0,0,0,0,0,0,0,0,0,0,0,0,0,0,318,18226,0,0,0,0
89350.114,15492,64,0,0,0,0,0,8,73018,44,53,0,0,0,0,0,0,0,0,0,0,0,0,0,0,0,0,0,0,0,0,0,0,317,16855,0,0,0,0
89366.678,16564,60,0,0,0,0,0,8,73016,44,53,0,0,0,0,0,0,0,0,0,0,0,0,0,0,0,0,0,0,0,0,0,0,313,14603,0,0,0,0
89383.303,16625,60,0,0,0,0,0,8,73868,44,53,0,0,0,0,0,0,0,0,0,0,0,0,0,0,0,0,0,0,0,0,0,0,325,17209,0,0,0,0
89400.201,16897,59,0,0,0,0,0,8,73000,44,53,0,0,0,0,0,0,0,0,0,0,0,0,0,0,0,0,0,0,0,0,0,0,301,16308,0,0,0,0
89416.649,16448,60,0,0,0,0,0,8,72869,44,53,0,0,0,0,0,0,0,0,0,0,0,0,0,0,0,0,0,0,0,0,0,0,296,17028,0,0,0,0
89433.629,16979,58,0,0,0,0,0,8,72622,44,53,0,0,0,0,0,0,0,0,0,0,0,0,0,0,0,0,0,0,0,0,0,0,302,16654,0,0,0,0
89450.205,16576,60,0,0,0,0,0,8,72809,44,53,0,0,0,0,0,0,0,0,0,0,0,0,0,0,0,0,0,0,0,0,0,0,322,15661,0,0,0,0
89467.622,17416,57,0,0,0,0,0,8,72430,44,53,0,0,0,0,0,0,0,0,0,0,0,0,0,0,0,0,0,0,0,0,0,0,316,17337,0,0,0,0
89483.686,16063,62,0,0,0,0,0,8,72357,44,53,0,0,0,0,0,0,0,0,0,0,0,0,0,0,0,0,0,0,0,0,0,0,339,17978,0,0,0,0
89500.250,16563,60,0,0,0,0,0,8,70499,44,53,0,0,0,0,0,0,0,0,0,0,0,0,0,0,0,0,0,0,0,0,0,0,313,15319,0,0,0,0
89517.117,16867,59,0,0,0,0,0,8,70042,44,53,0,0,0,0,0,0,0,0,0,0,0,0,0,0,0,0,0,0,0,0,0,0,295,16033,0,0,0,0
89533.334,16216,61,0,0,0,0,0,8,70243,44,53,0,0,0,0,0,0,0,0,0,0,0,0,0,0,0,0,0,0,0,0,0,0,308,17146,0,0,0,0
89550.375,17041,58,0,0,0,0,0,8,70472,44,53,0,0,0,0,0,0,0,0,0,0,0,0,0,0,0,0,0,0,0,0,0,0,322,16635,0,0,0,0
89566.820,16444,60,0,0,0,0,0,8,70247,44,53,0,0,0,0,0,0,0,0,0,0,0,0,0,0,0,0,0,0,0,0,0,0,306,17036,0,0,0,0
89584.625,17805,56,0,0,0,0,0,8,69568,44,53,0,0,0,0,0,0,0,0,0,0,0,0,0,0,0,0,0,0,0,0,0,0,322,17762,0,0,0,0
89600.156,15531,64,0,0,0,0,0,8,71072,44,53,0,0,0,0,0,0,0,0,0,0,0,0,0,0,0,0,0,0,0,0,0,0,337,17028,0,0,0,0
89617.049,16893,59,0,0,0,0,0,8,71004,44,53,0,0,0,0,0,0,0,0,0,0,0,0,0,0,0,0,0,0,0,0,0,0,294,14898,0,0,0,0
89634.147,17097,58,0,0,0,0,0,8,71162,44,53,0,0,0,0,0,0,0,0,0,0,0,0,0,0,0,0,0,0,0,0,0,0,321,17236,0,0,0,0
89650.138,15991,62,0,0,0,0,0,8,71217,44,53,0,0,0,0,0,0,0,0,0,0,0,0,0,0,0,0,0,0,0,0,0,0,304,16831,0,0,0,0
89666.976,16838,59,0,0,0,0,0,8,71861,44,53,0,0,0,0,0,0,0,0,0,0,0,0,0,0,0,0,0,0,0,0,0,0,305,16241,0,0,0,0
89683.474,16497,60,0,0,0,0,0,8,71558,44,53,0,0,0,0,0,0,0,0,0,0,0,0,0,0,0,0,0,0,0,0,0,0,352,17893,0,0,0,0
89700.265,16791,59,0,0,0,0,0,8,71332,44,53,0,0,0,0,0,0,0,0,0,0,0,0,0,0,0,0,0,0,0,0,0,0,314,14974,0,0,0,0
89716.803,16537,60,0,0,0,0,0,8,70718,44,53,0,0,0,0,0,0,0,0,0,0,0,0,0,0,0,0,0,0,0,0,0,0,308,17003,0,0,0,0
89733.370,16567,60,0,0,0,0,0,8,71352,44,53,0,0,0,0,0,0,0,0,0,0,0,0,0,0,0,0,0,0,0,0,0,0,305,16636,0,0,0,0
89750.193,16823,59,0,0,0,0,0,8,70824,44,53,0,0,0,0,0,0,0,0,0,0,0,0,0,0,0,0,0,0,0,0,0,0,299,16650,0,0,0,0
89766.726,16532,60,0,0,0,0,0,8,70585,44,53,0,0,0,0,0,0,0,0,0,0,0,0,0,0,0,0,0,0,0,0,0,0,298,16419,0,0,0,0
89783.843,17116,58,0,0,0,0,0,8,70399,44,53,0,0,0,0,0,0,0,0,0,0,0,0,0,0,0,0,0,0,0,0,0,0,290,16397,0,0,0,0
89800.135,16292,61,0,0,0,0,0,8,69216,44,53,0,0,0,0,0,0,0,0,0,0,0,0,0,0,0,0,0,0,0,0,0,0,317,18598,0,0,0,0
89817.140,17004,58,0,0,0,0,0,8,68786,44,53,0,0,0,0,0,0,0,0,0,0,0,0,0,0,0,0,0,0,0,0,0,0,300,14918,0,0,0,0
89833.361,16221,61,0,0,0,0,0,8,68654,44,53,0,0,0,0,0,0,0,0,0,0,0,0,0,0,0,0,0,0,0,0,0,0,312,17967,0,0,0,0
89850.360,16998,58,0,0,0,0,0,8,68377,44,53,0,0,0,0,0,0,0,0,0,0,0,0,0,0,0,0,0,0,0,0,0,0,319,15274,0,0,0,0
89866.744,16384,61,0,0,0,0,0,8,68149,44,53,0,0,0,0,0,0,0,0,0,0,0,0,0,0,0,0,0,0,0,0,0,0,320,16990,0,0,0,0
89883.673,16928,59,0,0,0,0,0,8,68586,44,53,0,0,0,0,0,0,0,0,0,0,0,0,0,0,0,0,0,0,0,0,0,0,306,15772,0,0,0,0
89900.389,16715,59,0,0,0,0,0,8,68408,44,53,0,0,0,0,0,0,0,0,0,0,0,0,0,0,0,0,0,0,0,0,0,0,297,17546,0,0,0,0
89916.743,16354,61,0,0,0,0,0,8,67971,44,53,0,0,0,0,0,0,0,0,0,0,0,0,0,0,0,0,0,0,0,0,0,0,296,16802,0,0,0,0
89933.762,17018,58,0,0,0,0,0,8,68322,44,53,0,0,0,0,0,0,0,0,0,0,0,0,0,0,0,0,0,0,0,0,0,0,312,16542,0,0,0,0
89950.307,16545,60,0,0,0,0,0,8,68445,44,53,0,0,0,0,0,0,0,0,0,0,0,0,0,0,0,0,0,0,0,0,0,0,320,17051,0,0,0,0
89967.623,17315,57,0,0,0,0,0,8,69151,44,53,0,0,0,0,0,0,0,0,0,0,0,0,0,0,0,0,0,0,0,0,0,0,287,16658,0,0,0,0
89984.142,16519,60,0,0,0,0,0,8,68214,44,53,0,0,0,0,0,0,0,0,0,0,0,0,0,0,0,0,0,0,0,0,0,0,319,17530,0,0,0,0
90000.124,15981,62,0,0,0,0,0,8,68722,44,53,0,0,0,0,0,0,0,0,0,0,0,0,0,0,0,0,0,0,0,0,0,0,293,16311,0,0,0,0
90016.831,16706,59,0,0,0,0,0,8,68870,44,53,0,0,0,0,0,0,0,0,0,0,0,0,0,0,0,0,0,0,0,0,0,0,307,16687,0,0,0,0
90033.390,16559,60,0,0,0,0,0,8,66561,44,53,0,0,0,0,0,0,0,0,0,0,0,0,0,0,0,0,0,0,0,0,0,0,315,15507,0,0,0,0
90050.313,16922,59,0,0,0,0,0,8,66595,44,53,0,0,0,0,0,0,0,0,0,0,0,0,0,0,0,0,0,0,0,0,0,0,296,16695,0,0,0,0
90066.866,16542,60,0,0,0,0,0,8,66210,44,53,0,0,0,0,0,0,0,0,0,0,0,0,0,0,0,0,0,0,0,0,0,0,330,16804,0,0,0,0
90083.382,16526,60,0,0,0,0,0,8,65929,44,53,0,0,0,0,0,0,0,0,0,0,0,0,0,0,0,0,0,0,0,0,0,0,362,17931,0,0,0,0
90099.693,16311,61,0,0,0,0,0,8,65815,44,53,0,0,0,0,0,0,0,0,0,0,0,0,0,0,0,0,0,0,0,0,0,0,353,15099,0,0,0,0
90117.627,17933,55,0,0,0,0,0,8,65799,44,53,0,0,0,0,0,0,0,0,0,0,0,0,0,0,0,0,0,0,0,0,0,0,296,16325,0,0,0,0
90132.908,15281,65,0,0,0,0,0,8,66692,44,53,0,0,0,0,0,0,0,0,0,0,0,0,0,0,0,0,0,0,0,0,0,0,323,18677,0,0,0,0
90150.246,17338,57,0,0,0,0,0,8,65705,44,53,0,0,0,0,0,0,0,0,0,0,0,0,0,0,0,0,0,0,0,0,0,0,306,15988,0,0,0,0
90167.623,17377,57,0,0,0,0,0,8,65176,44,53,0,0,0,0,0,0,0,0,0,0,0,0,0,0,0,0,0,0,0,0,0,0,301,15994,0,0,0,0
90183.638,16014,62,0,0,0,0,0,8,65388,44,53,0,0,0,0,0,0,0,0,0,0,0,0,0,0,0,0,0,0,0,0,0,0,328,17770,0,0,0,0
90200.135,16497,60,0,0,0,0,0,8,65195,44,53,0,0,0,0,0,0,0,0,0,0,0,0,0,0,0,0,0,0,0,0,0,0,329,16420,0,0,0,0
90217.135,16999,58,0,0,0,0,0,8,65244,44,53,0,0,0,0,0,0,0,0,0,0,0,0,0,0,0,0,0,0,0,0,0,0,311,15883,0,0,0,0
90233.404,16269,61,0,0,0,0,0,8,65420,44,53,0,0,0,0,0,0,0,0,0,0,0,0,0,0,0,0,0,0,0,0,0,0,313,17520,0,0,0,0
90250.147,16743,59,0,0,0,0,0,8,65348,44,53,0,0,0,0,0,0,0,0,0,0,0,0,0,0,0,0,0,0,0,0,0,0,309,15218,0,0,0,0
90266.898,16750,59,0,0,0,0,0,8,65005,44,53,0,0,0,0,0,0,0,0,0,0,0,0,0,0,0,0,0,0,0,0,0,0,307,17266,0,0,0,0
90284.643,17745,56,0,0,0,0,0,8,65135,44,53,0,0,0,0,0,0,0,0,0,0,0,0,0,0,0,0,0,0,0,0,0,0,363,17560,0,0,0,0
90300.182,15538,64,0,0,0,0,0,8,65263,44,53,0,0,0,0,0,0,0,0,0,0,0,0,0,0,0,0,0,0,0,0,0,0,319,16552,0,0,0,0
90316.783,16601,60,0,0,0,0,0,8,63986,44,53,0,0,0,0,0,0,0,0,0,0,0,0,0,0,0,0,0,0,0,0,0,0,315,15762,0,0,0,0
90333.667,16883,59,0,0,0,0,0,8,64403,44,53,0,0,0,0,0,0,0,0,0,0,0,0,0,0,0,0,0,0,0,0,0,0,297,16523,0,0,0,0
90350.178,16510,60,0,0,0,0,0,8,64335,44,53,0,0,0,0,0,0,0,0,0,0,0,0,0,0,0,0,0,0,0,0,0,0,316,17002,0,0,0,0
90366.929,16751,59,0,0,0,0,0,8,63861,44,53,0,0,0,0,0,0,0,0,0,0,0,0,0,0,0,0,0,0,0,0,0,0,301,16156,0,0,0,0
90383.501,16572,60,0,0,0,0,0,8,64573,44,53,0,0,0,0,0,0,0,0,0,0,0,0,0,0,0,0,0,0,0,0,0,0,304,16684,0,0,0,0
90400.121,16619,60,0,0,0,0,0,8,56868,44,53,0,0,0,0,0,0,0,0,0,0,0,0,0,0,0,0,0,0,0,0,0,0,301,16365,0,0,0,0
90416.773,16651,60,0,0,0,0,0,8,56525,44,53,0,0,0,0,0,0,0,0,0,0,0,0,0,0,0,0,0,0,0,0,0,0,290,16783,0,0,0,0
90433.312,16540,60,0,0,0,0,0,8,57166,44,53,0,0,0,0,0,0,0,0,0,0,0,0,0,0,0,0,0,0,0,0,0,0,309,17405,0,0,0,0
90450.133,16820,59,0,0,0,0,0,8,56533,44,53,0,0,0,0,0,0,0,0,0,0,0,0,0,0,0,0,0,0,0,0,0,0,282,15578,0,0,0,0
90466.781,16648,60,0,0,0,0,0,8,56543,44,53,0,0,0,0,0,0,0,0,0,0,0,0,0,0,0,0,0,0,0,0,0,0,325,17757,0,0,0,0
90483.280,16498,60,0,0,0,0,0,8,56250,44,53,0,0,0,0,0,0,0,0,0,0,0,0,0,0,0,0,0,0,0,0,0,0,322,15662,0,0,0,0
90499.618,16337,61,0,0,0,0,0,8,56343,44,53,0,0,0,0,0,0,0,0,0,0,0,0,0,0,0,0,0,0,0,0,0,0,328,17172,0,0,0,0
90516.410,16791,59,0,0,0,0,0,8,56256,44,53,0,0,0,0,0,0,0,0,0,0,0,0,0,0,0,0,0,0,0,0,0,0,285,14994,0,0,0,0
90533.388,16978,58,0,0,0,0,0,8,55906,44,53,0,0,0,0,0,0,0,0,0,0,0,0,0,0,0,0,0,0,0,0,0,0,328,17894,0,0,0,0
90550.616,17228,58,0,0,0,0,0,8,58284,44,53,0,0,0,0,0,0,0,0,0,0,0,0,0,0,0,0,0,0,0,0,0,0,326,16753,0,0,0,0
90566.626,16009,62,0,0,0,0,0,8,55928,44,53,0,0,0,0,0,0,0,0,0,0,0,0,0,0,0,0,0,0,0,0,0,0,305,17719,0,0,0,0
90584.139,17512,57,0,0,0,0,0,8,55975,44,53,0,0,0,0,0,0,0,0,0,0,0,0,0,0,0,0,0,0,0,0,0,0,305,16158,0,0,0,0
90600.316,16177,61,0,0,0,0,0,8,56022,44,53,0,0,0,0,0,0,0,0,0,0,0,0,0,0,0,0,0,0,0,0,0,0,323,16835,0,0,0,0
90616.714,16397,60,0,0,0,0,0,8,56333,44,53,0,0,0,0,0,0,0,0,0,0,0,0,0,0,0,0,0,0,0,0,0,0,291,16062,0,0,0,0
90633.648,16933,59,0,0,0,0,0,8,57898,44,53,0,0,0,0,0,0,0,0,0,0,0,0,0,0,0,0,0,0,0,0,0,0,318,16968,0,0,0,0
90650.124,16476,60,0,0,0,0,0,8,57920,44,53,0,0,0,0,0,0,0,0,0,0,0,0,0,0,0,0,0,0,0,0,0,0,309,16520,0,0,0,0
90666.728,16603,60,0,0,0,0,0,8,57627,44,53,0,0,0,0,0,0,0,0,0,0,0,0,0,0,0,0,0,0,0,0,0,0,307,16626,0,0,0,0
90683.357,16629,60,0,0,0,0,0,8,57990,44,53,0,0,0,0,0,0,0,0,0,0,0,0,0,0,0,0,0,0,0,0,0,0,313,16420,0,0,0,0
90700.610,17253,57,0,0,0,0,0,8,57210,44,53,0,0,0,0,0,0,0,0,0,0,0,0,0,0,0,0,0,0,0,0,0,0,315,16566,0,0,0,0
90716.970,16359,61,0,0,0,0,0,8,57146,44,53,0,0,0,0,0,0,0,0,0,0,0,0,0,0,0,0,0,0,0,0,0,0,304,16512,0,0,0,0
90733.329,16359,61,0,0,0,0,0,8,57868,44,53,0,0,0,0,0,0,0,0,0,0,0,0,0,0,0,0,0,0,0,0,0,0,335,17049,0,0,0,0
90750.339,17010,58,0,0,0,0,0,8,57433,44,53,0,0,0,0,0,0,0,0,0,0,0,0,0,0,0,0,0,0,0,0,0,0,312,16253,0,0,0,0
90766.996,16656,60,0,0,0,0,0,8,57290,44,53,0,0,0,0,0,0,0,0,0,0,0,0,0,0,0,0,0,0,0,0,0,0,317,17093,0,0,0,0
90783.781,16785,59,0,0,0,0,0,8,57569,44,53,0,0,0,0,0,0,0,0,0,0,0,0,0,0,0,0,0,0,0,0,0,0,310,17188,0,0,0,0
90800.248,16467,60,0,0,0,0,0,8,58109,44,53,0,0,0,0,0,0,0,0,0,0,0,0,0,0,0,0,0,0,0,0,0,0,332,17346,0,0,0,0
90817.610,17361,57,0,0,0,0,0,8,57601,44,53,0,0,0,0,0,0,0,0,0,0,0,0,0,0,0,0,0,0,0,0,0,0,303,15658,0,0,0,0
90834.611,17001,58,0,0,0,0,0,8,58175,44,53,0,0,0,0,0,0,0,0,0,0,0,0,0,0,0,0,0,0,0,0,0,0,304,16219,0,0,0,0
90850.309,15697,63,0,0,0,0,0,8,58165,44,53,0,0,0,0,0,0,0,0,0,0,0,0,0,0,0,0,0,0,0,0,0,0,331,18067,0,0,0,0
90866.549,16240,61,0,0,0,0,0,8,58248,44,53,0,0,0,0,0,0,0,0,0,0,0,0,0,0,0,0,0,0,0,0,0,0,316,16130,0,0,0,0
90883.762,17213,58,0,0,0,0,0,8,58756,44,53,0,0,0,0,0,0,0,0,0,0,0,0,0,0,0,0,0,0,0,0,0,0,341,16314,0,0,0,0
90900.151,16389,61,0,0,0,0,0,8,57959,44,53,0,0,0,0,0,0,0,0,0,0,0,0,0,0,0,0,0,0,0,0,0,0,326,17182,0,0,0,0
90916.873,16721,59,0,0,0,0,0,8,58419,44,53,0,0,0,0,0,0,0,0,0,0,0,0,0,0,0,0,0,0,0,0,0,0,280,15717,0,0,0,0
90933.413,16539,60,0,0,0,0,0,8,59245,44,53,0,0,0,0,0,0,0,0,0,0,0,0,0,0,0,0,0,0,0,0,0,0,306,16802,0,0,0,0
90950.285,16872,59,0,0,0,0,0,8,59131,44,53,0,0,0,0,0,0,0,0,0,0,0,0,0,0,0,0,0,0,0,0,0,0,306,16460,0,0,0,0
90967.038,16752,59,0,0,0,0,0,8,59272,44,53,0,0,0,0,0,0,0,0,0,0,0,0,0,0,0,0,0,0,0,0,0,0,311,17748,0,0,0,0
90983.346,16308,61,0,0,0,0,0,8,59407,44,53,0,0,0,0,0,0,0,0,0,0,0,0,0,0,0,0,0,0,0,0,0,0,304,15985,0,0,0,0
91000.302,16955,58,0,0,0,0,0,8,59536,44,53,0,0,0,0,0,0,0,0,0,0,0,0,0,0,0,0,0,0,0,0,0,0,318,17268,0,0,0,0
91016.896,16594,60,0,0,0,0,0,8,59391,44,53,0,0,0,0,0,0,0,0,0,0,0,0,0,0,0,0,0,0,0,0,0,0,307,16116,0,0,0,0
91033.605,16709,59,0,0,0,0,0,8,59507,44,53,0,0,0,0,0,0,0,0,0,0,0,0,0,0,0,0,0,0,0,0,0,0,307,16602,0,0,0,0
91050.210,16604,60,0,0,0,0,0,8,59663,44,53,0,0,0,0,0,0,0,0,0,0,0,0,0,0,0,0,0,0,0,0,0,0,299,16386,0,0,0,0
91066.782,16559,60,0,0,0,0,0,8,59656,44,53,0,0,0,0,0,0,0,0,0,0,0,0,0,0,0,0,0,0,0,0,0,0,316,18188,0,0,0,0
91083.290,16520,60,0,0,0,0,0,8,61749,44,53,0,0,0,0,0,0,0,0,0,0,0,0,0,0,0,0,0,0,0,0,0,0,315,15828,0,0,0,0
91099.631,16341,61,0,0,0,0,0,8,63659,44,53,0,0,0,0,0,0,0,0,0,0,0,0,0,0,0,0,0,0,0,0,0,0,318,16413,0,0,0,0
91117.114,17482,57,0,0,0,0,0,8,63113,44,53,0,0,0,0,0,0,0,0,0,0,0,0,0,0,0,0,0,0,0,0,0,0,301,16341,0,0,0,0
91133.475,16360,61,0,0,0,0,0,8,63186,44,53,0,0,0,0,0,0,0,0,0,0,0,0,0,0,0,0,0,0,0,0,0,0,331,18474,0,0,0,0
91150.607,17132,58,0,0,0,0,0,8,63030,44,53,0,0,0,0,0,0,0,0,0,0,0,0,0,0,0,0,0,0,0,0,0,0,293,15179,0,0,0,0
91167.604,16997,58,0,0,0,0,0,8,63195,44,53,0,0,0,0,0,0,0,0,0,0,0,0,0,0,0,0,0,0,0,0,0,0,333,17840,0,0,0,0
91183.743,16139,61,0,0,0,0,0,8,63755,44,53,0,0,0,0,0,0,0,0,0,0,0,0,0,0,0,0,0,0,0,0,0,0,317,16842,0,0,0,0
91199.956,16212,61,0,0,0,0,0,8,63653,44,53,0,0,0,0,0,0,0,0,0,0,0,0,0,0,0,0,0,0,0,0,0,0,315,16148,0,0,0,0
91217.115,17159,58,0,0,0,0,0,8,63927,44,53,0,0,0,0,0,0,0,0,0,0,0,0,0,0,0,0,0,0,0,0,0,0,319,16511,0,0,0,0
91234.606,17491,57,0,0,0,0,0,8,64709,44,53,0,0,0,0,0,0,0,0,0,0,0,0,0,0,0,0,0,0,0,0,0,0,307,17459,0,0,0,0
91250.029,15423,64,0,0,0,0,0,8,64635,44,53,0,0,0,0,0,0,0,0,0,0,0,0,0,0,0,0,0,0,0,0,0,0,313,17046,0,0,0,0
91266.810,16780,59,0,0,0,0,0,8,64066,44,53,0,0,0,0,0,0,0,0,0,0,0,0,0,0,0,0,0,0,0,0,0,0,272,15248,0,0,0,0
91283.333,16523,60,0,0,0,0,0,8,64865,44,53,0,0,0,0,0,0,0,0,0,0,0,0,0,0,0,0,0,0,0,0,0,0,335,17865,0,0,0,0
91299.610,16276,61,0,0,0,0,0,8,65107,44,53,0,0,0,0,0,0,0,0,0,0,0,0,0,0,0,0,0,0,0,0,0,0,317,15169,0,0,0,0
91316.625,17015,58,0,0,0,0,0,8,64687,44,53,0,0,0,0,0,0,0,0,0,0,0,0,0,0,0,0,0,0,0,0,0,0,266,15110,0,0,0,0
91333.199,16574,60,0,0,0,0,0,8,64836,44,53,0,0,0,0,0,0,0,0,0,0,0,0,0,0,0,0,0,0,0,0,0,0,306,17854,0,0,0,0
91350.218,17018,58,0,0,0,0,0,8,65178,44,53,0,0,0,0,0,0,0,0,0,0,0,0,0,0,0,0,0,0,0,0,0,0,308,17022,0,0,0,0
91366.702,16483,60,0,0,0,0,0,8,63035,44,53,0,0,0,0,0,0,0,0,0,0,0,0,0,0,0,0,0,0,0,0,0,0,331,16722,0,0,0,0
91384.139,17437,57,0,0,0,0,0,8,63518,44,53,0,0,0,0,0,0,0,0,0,0,0,0,0,0,0,0,0,0,0,0,0,0,318,17367,0,0,0,0
91400.008,15868,63,0,0,0,0,0,8,62945,44,53,0,0,0,0,0,0,0,0,0,0,0,0,0,0,0,0,0,0,0,0,0,0,298,16583,0,0,0,0
91416.771,16762,59,0,0,0,0,0,8,62503,44,53,0,0,0,0,0,0,0,0,0,0,0,0,0,0,0,0,0,0,0,0,0,0,288,15895,0,0,0,0
91434.123,17352,57,0,0,0,0,0,8,63164,44,53,0,0,0,0,0,0,0,0,0,0,0,0,0,0,0,0,0,0,0,0,0,0,318,17324,0,0,0,0
91450.122,15998,62,0,0,0,0,0,8,62992,44,53,0,0,0,0,0,0,0,0,0,0,0,0,0,0,0,0,0,0,0,0,0,0,308,16515,0,0,0,0
91467.601,17478,57,0,0,0,0,0,8,62924,44,53,0,0,0,0,0,0,0,0,0,0,0,0,0,0,0,0,0,0,0,0,0,0,315,17453,0,0,0,0
91483.670,16068,62,0,0,0,0,0,8,63226,44,53,0,0,0,0,0,0,0,0,0,0,0,0,0,0,0,0,0,0,0,0,0,0,343,16543,0,0,0,0
91500.442,16772,59,0,0,0,0,0,8,63040,44,53,0,0,0,0,0,0,0,0,0,0,0,0,0,0,0,0,0,0,0,0,0,0,330,16320,0,0,0,0
91517.005,16563,60,0,0,0,0,0,8,62260,44,53,0,0,0,0,0,0,0,0,0,0,0,0,0,0,0,0,0,0,0,0,0,0,312,16184,0,0,0,0
91534.137,17132,58,0,0,0,0,0,8,62577,44,53,0,0,0,0,0,0,0,0,0,0,0,0,0,0,0,0,0,0,0,0,0,0,306,16750,0,0,0,0
91550.116,15978,62,0,0,0,0,0,8,63009,44,53,0,0,0,0,0,0,0,0,0,0,0,0,0,0,0,0,0,0,0,0,0,0,298,17009,0,0,0,0
91567.111,16995,58,0,0,0,0,0,8,64250,44,53,0,0,0,0,0,0,0,0,0,0,0,0,0,0,0,0,0,0,0,0,0,0,304,16402,0,0,0,0
91583.747,16635,60,0,0,0,0,0,8,64457,44,53,0,0,0,0,0,0,0,0,0,0,0,0,0,0,0,0,0,0,0,0,0,0,325,17650,0,0,0,0
91600.173,16425,60,0,0,0,0,0,8,63962,44,53,0,0,0,0,0,0,0,0,0,0,0,0,0,0,0,0,0,0,0,0,0,0,326,15805,0,0,0,0
91617.111,16937,59,0,0,0,0,0,8,64046,44,53,0,0,0,0,0,0,0,0,0,0,0,0,0,0,0,0,0,0,0,0,0,0,313,16106,0,0,0,0
91634.608,17497,57,0,0,0,0,0,8,64513,44,53,0,0,0,0,0,0,0,0,0,0,0,0,0,0,0,0,0,0,0,0,0,0,316,18410,0,0,0,0
91650.124,15515,64,0,0,0,0,0,8,64382,44,53,0,0,0,0,0,0,0,0,0,0,0,0,0,0,0,0,0,0,0,0,0,0,328,16896,0,0,0,0
91666.722,16598,60,0,0,0,0,0,8,64097,44,53,0,0,0,0,0,0,0,0,0,0,0,0,0,0,0,0,0,0,0,0,0,0,302,14652,0,0,0,0
91683.592,16870,59,0,0,0,0,0,8,64135,44,53,0,0,0,0,0,0,0,0,0,0,0,0,0,0,0,0,0,0,0,0,0,0,322,17142,0,0,0,0
91700.126,16533,60,0,0,0,0,0,8,64046,44,53,0,0,0,0,0,0,0,0,0,0,0,0,0,0,0,0,0,0,0,0,0,0,370,19192,0,0,0,0
91717.213,17087,58,0,0,0,0,0,8,63694,44,53,0,0,0,0,0,0,0,0,0,0,0,0,0,0,0,0,0,0,0,0,0,0,305,15063,0,0,0,0
91733.743,16530,60,0,0,0,0,0,8,63825,44,53,0,0,0,0,0,0,0,0,0,0,0,0,0,0,0,0,0,0,0,0,0,0,314,16118,0,0,0,0
91750.604,16860,59,0,0,0,0,0,8,63117,44,53,0,0,0,0,0,0,0,0,0,0,0,0,0,0,0,0,0,0,0,0,0,0,322,15708,0,0,0,0
91766.767,16163,61,0,0,0,0,0,8,62986,44,53,0,0,0,0,0,0,0,0,0,0,0,0,0,0,0,0,0,0,0,0,0,0,303,16504,0,0,0,0
91783.306,16538,60,0,0,0,0,0,8,63292,44,53,0,0,0,0,0,0,0,0,0,0,0,0,0,0,0,0,0,0,0,0,0,0,313,17216,0,0,0,0
91800.121,16815,59,0,0,0,0,0,8,63312,44,53,0,0,0,0,0,0,0,0,0,0,0,0,0,0,0,0,0,0,0,0,0,0,312,16099,0,0,0,0
91816.344,16223,61,0,0,0,0,0,8,62805,44,53,0,0,0,0,0,0,0,0,0,0,0,0,0,0,0,0,0,0,0,0,0,0,309,18298,0,0,0,0
91833.606,17262,57,0,0,0,0,0,8,62771,44,53,0,0,0,0,0,0,0,0,0,0,0,0,0,0,0,0,0,0,0,0,0,0,296,14914,0,0,0,0
91850.344,16737,59,0,0,0,0,0,8,62702,44,53,0,0,0,0,0,0,0,0,0,0,0,0,0,0,0,0,0,0,0,0,0,0,291,16485,0,0,0,0
91866.982,16637,60,0,0,0,0,0,8,62706,44,53,0,0,0,0,0,0,0,0,0,0,0,0,0,0,0,0,0,0,0,0,0,0,309,17447,0,0,0,0
91884.158,17175,58,0,0,0,0,0,8,62913,44,53,0,0,0,0,0,0,0,0,0,0,0,0,0,0,0,0,0,0,0,0,0,0,317,16598,0,0,0,0
91899.592,15434,64,0,0,0,0,0,8,62030,44,53,0,0,0,0,0,0,0,0,0,0,0,0,0,0,0,0,0,0,0,0,0,0,309,17200,0,0,0,0
91916.811,17219,58,0,0,0,0,0,8,61664,44,53,0,0,0,0,0,0,0,0,0,0,0,0,0,0,0,0,0,0,0,0,0,0,350,16312,0,0,0,0
91933.739,16928,59,0,0,0,0,0,8,61922,44,53,0,0,0,0,0,0,0,0,0,0,0,0,0,0,0,0,0,0,0,0,0,0,301,16038,0,0,0,0
91950.348,16608,60,0,0,0,0,0,8,62436,44,53,0,0,0,0,0,0,0,0,0,0,0,0,0,0,0,0,0,0,0,0,0,0,309,17726,0,0,0,0
91967.599,17251,57,0,0,0,0,0,8,60697,44,53,0,0,0,0,0,0,0,0,0,0,0,0,0,0,0,0,0,0,0,0,0,0,304,16355,0,0,0,0
91983.452,15853,63,0,0,0,0,0,8,60695,44,53,0,0,0,0,0,0,0,0,0,0,0,0,0,0,0,0,0,0,0,0,0,0,317,17432,0,0,0,0
92000.389,16936,59,0,0,0,0,0,8,60489,44,53,0,0,0,0,0,0,0,0,0,0,0,0,0,0,0,0,0,0,0,0,0,0,294,15627,0,0,0,0
92017.022,16634,60,0,0,0,0,0,8,60321,44,53,0,0,0,0,0,0,0,0,0,0,0,0,0,0,0,0,0,0,0,0,0,0,300,16703,0,0,0,0
92033.645,16622,60,0,0,0,0,0,8,60362,44,53,0,0,0,0,0,0,0,0,0,0,0,0,0,0,0,0,0,0,0,0,0,0,306,16588,0,0,0,0
92050.280,16634,60,0,0,0,0,0,8,60833,44,53,0,0,0,0,0,0,0,0,0,0,0,0,0,0,0,0,0,0,0,0,0,0,325,17246,0,0,0,0
92066.331,16051,62,0,0,0,0,0,8,61976,44,53,0,0,0,0,0,0,0,0,0,0,0,0,0,0,0,0,0,0,0,0,0,0,306,15768,0,0,0,0
92082.864,16533,60,0,0,0,0,0,8,61909,44,53,0,0,0,0,0,0,0,0,0,0,0,0,0,0,0,0,0,0,0,0,0,0,317,16070,0,0,0,0
92100.296,17431,57,0,0,0,0,0,8,61087,44,53,0,0,0,0,0,0,0,0,0,0,0,0,0,0,0,0,0,0,0,0,0,0,330,16484,0,0,0,0
92116.922,16625,60,0,0,0,0,0,8,60975,44,53,0,0,0,0,0,0,0,0,0,0,0,0,0,0,0,0,0,0,0,0,0,0,300,17520,0,0,0,0
92133.318,16396,60,0,0,0,0,0,8,61387,44,53,0,0,0,0,0,0,0,0,0,0,0,0,0,0,0,0,0,0,0,0,0,0,323,17993,0,0,0,0
92150.602,17283,57,0,0,0,0,0,8,61622,44,53,0,0,0,0,0,0,0,0,0,0,0,0,0,0,0,0,0,0,0,0,0,0,304,15144,0,0,0,0
92166.920,16318,61,0,0,0,0,0,8,61193,44,53,0,0,0,0,0,0,0,0,0,0,0,0,0,0,0,0,0,0,0,0,0,0,305,16509,0,0,0,0
92183.710,16790,59,0,0,0,0,0,8,61225,44,53,0,0,0,0,0,0,0,0,0,0,0,0,0,0,0,0,0,0,0,0,0,0,316,16935,0,0,0,0
92200.110,16400,60,0,0,0,0,0,8,60997,44,53,0,0,0,0,0,0,0,0,0,0,0,0,0,0,0,0,0,0,0,0,0,0,311,18355,0,0,0,0
92217.106,16994,58,0,0,0,0,0,8,60725,44,53,0,0,0,0,0,0,0,0,0,0,0,0,0,0,0,0,0,0,0,0,0,0,299,15007,0,0,0,0
92233.735,16629,60,0,0,0,0,0,8,60988,44,53,0,0,0,0,0,0,0,0,0,0,0,0,0,0,0,0,0,0,0,0,0,0,311,17158,0,0,0,0
92250.291,16556,60,0,0,0,0,0,8,61203,44,53,0,0,0,0,0,0,0,0,0,0,0,0,0,0,0,0,0,0,0,0,0,0,307,16968,0,0,0,0
92266.822,16530,60,0,0,0,0,0,8,60823,44,53,0,0,0,0,0,0,0,0,0,0,0,0,0,0,0,0,0,0,0,0,0,0,327,15854,0,0,0,0
92283.739,16917,59,0,0,0,0,0,8,60933,44,53,0,0,0,0,0,0,0,0,0,0,0,0,0,0,0,0,0,0,0,0,0,0,302,16293,0,0,0,0
92300.096,16356,61,0,0,0,0,0,8,61247,44,53,0,0,0,0,0,0,0,0,0,0,0,0,0,0,0,0,0,0,0,0,0,0,300,17848,0,0,0,0
92316.756,16660,60,0,0,0,0,0,8,60801,44,53,0,0,0,0,0,0,0,0,0,0,0,0,0,0,0,0,0,0,0,0,0,0,300,15617,0,0,0,0
92333.408,16651,60,0,0,0,0,0,8,59413,44,53,0,0,0,0,0,0,0,0,0,0,0,0,0,0,0,0,0,0,0,0,0,0,311,17434,0,0,0,0
92350.344,16936,59,0,0,0,0,0,8,59337,44,53,0,0,0,0,0,0,0,0,0,0,0,0,0,0,0,0,0,0,0,0,0,0,317,15993,0,0,0,0
92366.883,16538,60,0,0,0,0,0,8,58854,44,53,0,0,0,0,0,0,0,0,0,0,0,0,0,0,0,0,0,0,0,0,0,0,318,17050,0,0,0,0
92383.327,16444,60,0,0,0,0,0,8,59463,44,53,0,0,0,0,0,0,0,0,0,0,0,0,0,0,0,0,0,0,0,0,0,0,343,18228,0,0,0,0
92400.235,16907,59,0,0,0,0,0,8,59383,44,53,0,0,0,0,0,0,0,0,0,0,0,0,0,0,0,0,0,0,0,0,0,0,308,14358,0,0,0,0
92417.095,16860,59,0,0,0,0,0,8,59225,44,53,0,0,0,0,0,0,0,0,0,0,0,0,0,0,0,0,0,0,0,0,0,0,331,18451,0,0,0,0
92433.812,16706,59,0,0,0,0,0,8,59652,44,53,0,0,0,0,0,0,0,0,0,0,0,0,0,0,0,0,0,0,0,0,0,0,318,16738,0,0,0,0
92450.386,16584,60,0,0,0,0,0,8,60047,44,53,0,0,0,0,0,0,0,0,0,0,0,0,0,0,0,0,0,0,0,0,0,0,313,16106,0,0,0,0
92466.933,16546,60,0,0,0,0,0,8,61451,44,53,0,0,0,0,0,0,0,0,0,0,0,0,0,0,0,0,0,0,0,0,0,0,305,16478,0,0,0,0
92483.395,16462,60,0,0,0,0,0,8,64644,44,53,0,0,0,0,0,0,0,0,0,0,0,0,0,0,0,0,0,0,0,0,0,0,296,16645,0,0,0,0
92500.156,16760,59,0,0,0,0,0,8,63742,44,53,0,0,0,0,0,0,0,0,0,0,0,0,0,0,0,0,0,0,0,0,0,0,311,16081,0,0,0,0
92516.883,16727,59,0,0,0,0,0,8,65651,44,53,0,0,0,0,0,0,0,0,0,0,0,0,0,0,0,0,0,0,0,0,0,0,307,17069,0,0,0,0
92533.149,16265,61,0,0,0,0,0,8,65176,44,53,0,0,0,0,0,0,0,0,0,0,0,0,0,0,0,0,0,0,0,0,0,0,340,18250,0,0,0,0
92550.142,16992,58,0,0,0,0,0,8,67596,44,53,0,0,0,0,0,0,0,0,0,0,0,0,0,0,0,0,0,0,0,0,0,0,317,14867,0,0,0,0
92566.636,16494,60,0,0,0,0,0,8,67811,44,53,0,0,0,0,0,0,0,0,0,0,0,0,0,0,0,0,0,0,0,0,0,0,324,17418,0,0,0,0
92583.736,17089,58,0,0,0,0,0,8,68119,44,53,0,0,0,0,0,0,0,0,0,0,0,0,0,0,0,0,0,0,0,0,0,0,330,16345,0,0,0,0
92600.267,16542,60,0,0,0,0,0,8,68573,44,53,0,0,0,0,0,0,0,0,0,0,0,0,0,0,0,0,0,0,0,0,0,0,322,17284,0,0,0,0
92616.852,16584,60,0,0,0,0,0,8,68334,44,53,0,0,0,0,0,0,0,0,0,0,0,0,0,0,0,0,0,0,0,0,0,0,284,15876,0,0,0,0
92633.587,16735,59,0,0,0,0,0,8,68541,44,53,0,0,0,0,0,0,0,0,0,0,0,0,0,0,0,0,0,0,0,0,0,0,316,17060,0,0,0,0
92650.104,16517,60,0,0,0,0,0,8,68680,44,53,0,0,0,0,0,0,0,0,0,0,0,0,0,0,0,0,0,0,0,0,0,0,302,16829,0,0,0,0
92666.681,16576,60,0,0,0,0,0,8,68296,44,53,0,0,0,0,0,0,0,0,0,0,0,0,0,0,0,0,0,0,0,0,0,0,321,16405,0,0,0,0
92683.065,16384,61,0,0,0,0,0,8,68576,44,53,0,0,0,0,0,0,0,0,0,0,0,0,0,0,0,0,0,0,0,0,0,0,331,16005,0,0,0,0
92700.222,17157,58,0,0,0,0,0,8,68542,44,53,0,0,0,0,0,0,0,0,0,0,0,0,0,0,0,0,0,0,0,0,0,0,302,16623,0,0,0,0
92716.834,16612,60,0,0,0,0,0,8,68570,44,53,0,0,0,0,0,0,0,0,0,0,0,0,0,0,0,0,0,0,0,0,0,0,306,17233,0,0,0,0
92733.392,16557,60,0,0,0,0,0,8,68551,44,53,0,0,0,0,0,0,0,0,0,0,0,0,0,0,0,0,0,0,0,0,0,0,316,16309,0,0,0,0
92750.414,17021,58,0,0,0,0,0,8,68686,44,53,0,0,0,0,0,0,0,0,0,0,0,0,0,0,0,0,0,0,0,0,0,0,304,16849,0,0,0,0
92767.100,16686,59,0,0,0,0,0,8,68737,44,53,0,0,0,0,0,0,0,0,0,0,0,0,0,0,0,0,0,0,0,0,0,0,300,17496,0,0,0,0
92783.732,16631,60,0,0,0,0,0,8,69120,44,53,0,0,0,0,0,0,0,0,0,0,0,0,0,0,0,0,0,0,0,0,0,0,319,17034,0,0,0,0
92800.103,16371,61,0,0,0,0,0,8,69132,44,53,0,0,0,0,0,0,0,0,0,0,0,0,0,0,0,0,0,0,0,0,0,0,297,15237,0,0,0,0
92817.116,17012,58,0,0,0,0,0,8,71775,44,53,0,0,0,0,0,0,0,0,0,0,0,0,0,0,0,0,0,0,0,0,0,0,333,16864,0,0,0,0
92834.166,17050,58,0,0,0,0,0,8,74506,44,53,0,0,0,0,0,0,0,0,0,0,0,0,0,0,0,0,0,0,0,0,0,0,330,17141,0,0,0,0
92850.104,15937,62,0,0,0,0,0,8,76472,44,53,0,0,0,0,0,0,0,0,0,0,0,0,0,0,0,0,0,0,0,0,0,0,320,21180,0,0,0,0
92867.595,17490,57,0,0,0,0,0,8,75215,44,53,0,0,0,0,0,0,0,0,0,0,0,0,0,0,0,0,0,0,0,0,0,0,254,12354,0,0,0,0
92883.587,15992,62,0,0,0,0,0,8,76131,44,53,0,0,0,0,0,0,0,0,0,0,0,0,0,0,0,0,0,0,0,0,0,0,326,17619,0,0,0,0
92900.174,16586,60,0,0,0,0,0,8,76570,44,53,0,0,0,0,0,0,0,0,0,0,0,0,0,0,0,0,0,0,0,0,0,0,302,15802,0,0,0,0
92917.593,17419,57,0,0,0,0,0,8,76650,44,53,0,0,0,0,0,0,0,0,0,0,0,0,0,0,0,0,0,0,0,0,0,0,324,16264,0,0,0,0
92934.125,16532,60,0,0,0,0,0,8,76907,44,53,0,0,0,0,0,0,0,0,0,0,0,0,0,0,0,0,0,0,0,0,0,0,317,17740,0,0,0,0
92950.111,15985,62,0,0,0,0,0,8,76559,44,53,0,0,0,0,0,0,0,0,0,0,0,0,0,0,0,0,0,0,0,0,0,0,298,15723,0,0,0,0
92966.849,16738,59,0,0,0,0,0,8,76737,44,53,0,0,0,0,0,0,0,0,0,0,0,0,0,0,0,0,0,0,0,0,0,0,307,16247,0,0,0,0
92983.820,16970,58,0,0,0,0,0,8,77065,44,53,0,0,0,0,0,0,0,0,0,0,0,0,0,0,0,0,0,0,0,0,0,0,312,18019,0,0,0,0
93000.119,16299,61,0,0,0,0,0,8,76879,44,53,0,0,0,0,0,0,0,0,0,0,0,0,0,0,0,0,0,0,0,0,0,0,296,16257,0,0,0,0
93016.630,16510,60,0,0,0,0,0,8,76926,44,53,0,0,0,0,0,0,0,0,0,0,0,0,0,0,0,0,0,0,0,0,0,0,314,17419,0,0,0,0
93033.732,17102,58,0,0,0,0,0,8,77550,44,53,0,0,0,0,0,0,0,0,0,0,0,0,0,0,0,0,0,0,0,0,0,0,322,15260,0,0,0,0
93050.096,16363,61,0,0,0,0,0,8,82946,44,53,0,0,0,0,0,0,0,0,0,0,0,0,0,0,0,0,0,0,0,0,0,0,316,18057,0,0,0,0
93067.204,17107,58,0,0,0,0,0,8,81716,44,53,0,0,0,0,0,0,0,0,0,0,0,0,0,0,0,0,0,0,0,0,0,0,328,16418,0,0,0,0
93082.906,15702,63,0,0,0,0,0,8,81784,44,53,0,0,0,0,0,0,0,0,0,0,0,0,0,0,0,0,0,0,0,0,0,0,291,15419,0,0,0,0
93099.629,16722,59,0,0,0,0,0,8,79609,44,53,0,0,0,0,0,0,0,0,0,0,0,0,0,0,0,0,0,0,0,0,0,0,316,16371,0,0,0,0
93117.608,17978,55,0,0,0,0,0,8,78664,44,53,0,0,0,0,0,0,0,0,0,0,0,0,0,0,0,0,0,0,0,0,0,0,298,17039,0,0,0,0
93133.348,15740,63,0,0,0,0,0,8,78539,44,53,0,0,0,0,0,0,0,0,0,0,0,0,0,0,0,0,0,0,0,0,0,0,338,17610,0,0,0,0
93149.591,16243,61,0,0,0,0,0,8,79509,44,53,0,0,0,0,0,0,0,0,0,0,0,0,0,0,0,0,0,0,0,0,0,0,305,16696,0,0,0,0
93167.061,17469,57,0,0,0,0,0,8,78542,44,53,0,0,0,0,0,0,0,0,0,0,0,0,0,0,0,0,0,0,0,0,0,0,256,14422,0,0,0,0
93184.586,17524,57,0,0,0,0,0,8,78491,44,53,0,0,0,0,0,0,0,0,0,0,0,0,0,0,0,0,0,0,0,0,0,0,328,18347,0,0,0,0
93200.169,15583,64,0,0,0,0,0,8,78759,44,53,0,0,0,0,0,0,0,0,0,0,0,0,0,0,0,0,0,0,0,0,0,0,579,18297,0,0,0,0
93216.199,16030,62,0,0,0,0,0,8,65596,44,53,0,0,0,0,0,0,0,0,0,0,0,0,0,0,0,0,0,0,0,0,0,0,424,14934,0,0,0,0
93233.649,17439,57,0,0,0,0,0,8,67195,44,53,0,0,0,0,0,0,0,0,0,0,0,0,0,0,0,0,0,0,0,0,0,0,288,15106,0,0,0,0
93250.065,16426,60,0,0,0,0,0,8,66374,44,53,0,0,0,0,0,0,0,0,0,0,0,0,0,0,0,0,0,0,0,0,0,0,330,18150,0,0,0,0
93266.618,16552,60,0,0,0,0,0,8,71904,44,53,0,0,0,0,0,0,0,0,0,0,0,0,0,0,0,0,0,0,0,0,0,0,1913,18539,0,0,0,0
93282.904,16286,61,0,0,0,0,0,8,71330,44,53,0,0,0,0,0,0,0,0,0,0,0,0,0,0,0,0,0,0,0,0,0,0,300,15611,0,0,0,0
93299.587,16682,59,0,0,0,0,0,8,71130,44,53,0,0,0,0,0,0,0,0,0,0,0,0,0,0,0,0,0,0,0,0,0,0,366,14790,0,0,0,0
93316.763,17176,58,0,0,0,0,0,8,70884,44,53,0,0,0,0,0,0,0,0,0,0,0,0,0,0,0,0,0,0,0,0,0,0,286,15666,0,0,0,0
93333.381,16617,60,0,0,0,0,0,8,71340,44,53,0,0,0,0,0,0,0,0,0,0,0,0,0,0,0,0,0,0,0,0,0,0,325,18876,0,0,0,0
93349.928,16547,60,0,0,0,0,0,8,72112,44,53,0,0,0,0,0,0,0,0,0,0,0,0,0,0,0,0,0,0,0,0,0,0,521,15930,0,0,0,0
93367.592,17663,56,0,0,0,0,0,8,72685,44,53,0,0,0,0,0,0,0,0,0,0,0,0,0,0,0,0,0,0,0,0,0,0,323,16936,0,0,0,0
93383.419,15827,63,0,0,0,0,0,8,76289,44,53,0,0,0,0,0,0,0,0,0,0,0,0,0,0,0,0,0,0,0,0,0,0,586,18663,0,0,0,0
93400.506,17086,58,0,0,0,0,0,8,86493,44,53,0,0,0,0,0,0,0,0,0,0,0,0,0,0,0,0,0,0,0,0,0,0,297,15264,0,0,0,0
93416.911,16405,60,0,0,0,0,0,8,84580,44,53,0,0,0,0,0,0,0,0,0,0,0,0,0,0,0,0,0,0,0,0,0,0,327,17671,0,0,0,0
93433.478,16566,60,0,0,0,0,0,8,61049,44,53,0,0,0,0,0,0,0,0,0,0,0,0,0,0,0,0,0,0,0,0,0,0,0,0,0,0,0,0
93450.175,16696,59,0,0,0,0,0,8,109093,44,53,0,0,0,0,0,0,0,0,0,0,0,0,0,0,0,0,0,0,0,0,0,0,738,33118,0,0,0,0
93467.090,16915,59,0,0,0,0,0,8,85746,44,53,0,0,0,0,0,0,0,0,0,0,0,0,0,0,0,0,0,0,0,0,0,0,345,15267,0,0,0,0
93484.585,17494,57,0,0,0,0,0,8,85363,44,53,0,0,0,0,0,0,0,0,0,0,0,0,0,0,0,0,0,0,0,0,0,0,314,17361,0,0,0,0
93499.589,15004,66,0,0,0,0,0,8,85506,44,53,0,0,0,0,0,0,0,0,0,0,0,0,0,0,0,0,0,0,0,0,0,0,353,17968,0,0,0,0
93517.114,17524,57,0,0,0,0,0,8,85932,44,53,0,0,0,0,0,0,0,0,0,0,0,0,0,0,0,0,0,0,0,0,0,0,309,13626,0,0,0,0
93534.109,16994,58,0,0,0,0,0,8,86561,44,53,0,0,0,0,0,0,0,0,0,0,0,0,0,0,0,0,0,0,0,0,0,0,342,19234,0,0,0,0
93550.271,16162,61,0,0,0,0,0,8,86171,44,53,0,0,0,0,0,0,0,0,0,0,0,0,0,0,0,0,0,0,0,0,0,0,329,16815,0,0,0,0
93566.899,16628,60,0,0,0,0,0,8,86886,44,53,0,0,0,0,0,0,0,0,0,0,0,0,0,0,0,0,0,0,0,0,0,0,297,16130,0,0,0,0
93583.612,16713,59,0,0,0,0,0,8,89023,44,53,0,0,0,0,0,0,0,0,0,0,0,0,0,0,0,0,0,0,0,0,0,0,322,15819,0,0,0,0
93600.241,16628,60,0,0,0,0,0,8,89120,44,53,0,0,0,0,0,0,0,0,0,0,0,0,0,0,0,0,0,0,0,0,0,0,285,18190,0,0,0,0
93616.798,16557,60,0,0,0,0,0,8,89588,44,53,0,0,0,0,0,0,0,0,0,0,0,0,0,0,0,0,0,0,0,0,0,0,298,15683,0,0,0,0
93633.469,16670,59,0,0,0,0,0,8,89017,44,53,0,0,0,0,0,0,0,0,0,0,0,0,0,0,0,0,0,0,0,0,0,0,295,16744,0,0,0,0
93650.192,16723,59,0,0,0,0,0,8,88225,44,53,0,0,0,0,0,0,0,0,0,0,0,0,0,0,0,0,0,0,0,0,0,0,282,16763,0,0,0,0
93666.589,16397,60,0,0,0,0,0,8,86882,44,53,0,0,0,0,0,0,0,0,0,0,0,0,0,0,0,0,0,0,0,0,0,0,304,16330,0,0,0,0
93684.586,17996,55,0,0,0,0,0,8,85506,44,53,0,0,0,0,0,0,0,0,0,0,0,0,0,0,0,0,0,0,0,0,0,0,318,17575,0,0,0,0
93700.106,15519,64,0,0,0,0,0,8,84713,44,53,0,0,0,0,0,0,0,0,0,0,0,0,0,0,0,0,0,0,0,0,0,0,319,16850,0,0,0,0
93717.106,17000,58,0,0,0,0,0,8,83960,44,53,0,0,0,0,0,0,0,0,0,0,0,0,0,0,0,0,0,0,0,0,0,0,330,15411,0,0,0,0
93733.714,16607,60,0,0,0,0,0,8,83611,44,53,0,0,0,0,0,0,0,0,0,0,0,0,0,0,0,0,0,0,0,0,0,0,304,17392,0,0,0,0
93750.106,16392,61,0,0,0,0,0,8,83200,44,53,0,0,0,0,0,0,0,0,0,0,0,0,0,0,0,0,0,0,0,0,0,0,307,15917,0,0,0,0
93767.004,16897,59,0,0,0,0,0,8,85279,44,53,0,0,0,0,0,0,0,0,0,0,0,0,0,0,0,0,0,0,0,0,0,0,365,17769,0,0,0,0
93783.427,16423,60,0,0,0,0,0,8,88982,44,53,0,0,0,0,0,0,0,0,0,0,0,0,0,0,0,0,0,0,0,0,0,0,331,15455,0,0,0,0
93800.121,16694,59,0,0,0,0,0,8,88362,44,53,0,0,0,0,0,0,0,0,0,0,0,0,0,0,0,0,0,0,0,0,0,0,301,17012,0,0,0,0
93817.048,16926,59,0,0,0,0,0,8,86801,44,53,0,0,0,0,0,0,0,0,0,0,0,0,0,0,0,0,0,0,0,0,0,0,316,15917,0,0,0,0
93833.707,16658,60,0,0,0,0,0,8,87045,44,53,0,0,0,0,0,0,0,0,0,0,0,0,0,0,0,0,0,0,0,0,0,0,332,16899,0,0,0,0
93850.319,16612,60,0,0,0,0,0,8,85465,44,53,0,0,0,0,0,0,0,0,0,0,0,0,0,0,0,0,0,0,0,0,0,0,316,17119,0,0,0,0
93866.905,16585,60,0,0,0,0,0,8,85237,44,53,0,0,0,0,0,0,0,0,0,0,0,0,0,0,0,0,0,0,0,0,0,0,376,16355,0,0,0,0
93883.309,16404,60,0,0,0,0,0,8,84412,44,53,0,0,0,0,0,0,0,0,0,0,0,0,0,0,0,0,0,0,0,0,0,0,325,17710,0,0,0,0
93900.108,16798,59,0,0,0,0,0,8,84377,44,53,0,0,0,0,0,0,0,0,0,0,0,0,0,0,0,0,0,0,0,0,0,0,291,15706,0,0,0,0
93916.864,16755,59,0,0,0,0,0,8,84246,44,53,0,0,0,0,0,0,0,0,0,0,0,0,0,0,0,0,0,0,0,0,0,0,612,16409,0,0,0,0
93933.578,16714,59,0,0,0,0,0,8,84146,44,53,0,0,0,0,0,0,0,0,0,0,0,0,0,0,0,0,0,0,0,0,0,0,351,17899,0,0,0,0
93950.201,16622,60,0,0,0,0,0,8,84278,44,53,0,0,0,0,0,0,0,0,0,0,0,0,0,0,0,0,0,0,0,0,0,0,556,16016,0,0,0,0
93966.753,16552,60,0,0,0,0,0,8,88347,44,53,0,0,0,0,0,0,0,0,0,0,0,0,0,0,0,0,0,0,0,0,0,0,297,16725,0,0,0,0
93983.593,16839,59,0,0,0,0,0,8,86925,44,53,0,0,0,0,0,0,0,0,0,0,0,0,0,0,0,0,0,0,0,0,0,0,296,16553,0,0,0,0
94000.142,16548,60,0,0,0,0,0,8,85655,44,53,0,0,0,0,0,0,0,0,0,0,0,0,0,0,0,0,0,0,0,0,0,0,293,15585,0,0,0,0
94016.971,16829,59,0,0,0,0,0,8,84583,44,53,0,0,0,0,0,0,0,0,0,0,0,0,0,0,0,0,0,0,0,0,0,0,327,17741,0,0,0,0
94033.583,16612,60,0,0,0,0,0,8,84711,44,53,0,0,0,0,0,0,0,0,0,0,0,0,0,0,0,0,0,0,0,0,0,0,357,16667,0,0,0,0
94050.171,16587,60,0,0,0,0,0,8,84373,44,53,0,0,0,0,0,0,0,0,0,0,0,0,0,0,0,0,0,0,0,0,0,0,298,16725,0,0,0,0
94067.020,16848,59,0,0,0,0,0,8,83688,44,53,0,0,0,0,0,0,0,0,0,0,0,0,0,0,0,0,0,0,0,0,0,0,284,16219,0,0,0,0
94083.771,16751,59,0,0,0,0,0,8,84446,44,53,0,0,0,0,0,0,0,0,0,0,0,0,0,0,0,0,0,0,0,0,0,0,461,17907,0,0,0,0
94099.923,16152,61,0,0,0,0,0,8,83616,44,53,0,0,0,0,0,0,0,0,0,0,0,0,0,0,0,0,0,0,0,0,0,0,339,15710,0,0,0,0
94117.133,17210,58,0,0,0,0,0,8,83382,44,53,0,0,0,0,0,0,0,0,0,0,0,0,0,0,0,0,0,0,0,0,0,0,442,16302,0,0,0,0
94133.598,16464,60,0,0,0,0,0,8,85449,44,53,0,0,0,0,0,0,0,0,0,0,0,0,0,0,0,0,0,0,0,0,0,0,304,17375,0,0,0,0
94150.249,16650,60,0,0,0,0,0,8,83316,44,53,0,0,0,0,0,0,0,0,0,0,0,0,0,0,0,0,0,0,0,0,0,0,288,16196,0,0,0,0
94166.795,16546,60,0,0,0,0,0,8,82993,44,53,0,0,0,0,0,0,0,0,0,0,0,0,0,0,0,0,0,0,0,0,0,0,310,16469,0,0,0,0
94183.166,16370,61,0,0,0,0,0,8,83556,44,53,0,0,0,0,0,0,0,0,0,0,0,0,0,0,0,0,0,0,0,0,0,0,293,17091,0,0,0,0
94200.162,16996,58,0,0,0,0,0,8,83162,44,53,0,0,0,0,0,0,0,0,0,0,0,0,0,0,0,0,0,0,0,0,0,0,301,15745,0,0,0,0
94216.720,16557,60,0,0,0,0,0,8,82785,44,53,0,0,0,0,0,0,0,0,0,0,0,0,0,0,0,0,0,0,0,0,0,0,306,17576,0,0,0,0
94233.973,17253,57,0,0,0,0,0,8,82816,44,53,0,0,0,0,0,0,0,0,0,0,0,0,0,0,0,0,0,0,0,0,0,0,299,16182,0,0,0,0
94250.581,16608,60,0,0,0,0,0,8,82866,44,53,0,0,0,0,0,0,0,0,0,0,0,0,0,0,0,0,0,0,0,0,0,0,293,16343,0,0,0,0
94266.680,16099,62,0,0,0,0,0,8,82397,44,53,0,0,0,0,0,0,0,0,0,0,0,0,0,0,0,0,0,0,0,0,0,0,302,17837,0,0,0,0
94283.331,16650,60,0,0,0,0,0,8,82170,44,53,0,0,0,0,0,0,0,0,0,0,0,0,0,0,0,0,0,0,0,0,0,0,330,16335,0,0,0,0
94300.099,16756,59,0,0,0,0,0,8,82251,44,53,0,0,0,0,0,0,0,0,0,0,0,0,0,0,0,0,0,0,0,0,0,0,321,16068,0,0,0,0
94317.127,17039,58,0,0,0,0,0,8,81697,44,53,0,0,0,0,0,0,0,0,0,0,0,0,0,0,0,0,0,0,0,0,0,0,295,17155,0,0,0,0
94333.452,16325,61,0,0,0,0,0,8,83521,44,53,0,0,0,0,0,0,0,0,0,0,0,0,0,0,0,0,0,0,0,0,0,0,315,16564,0,0,0,0
94350.102,16649,60,0,0,0,0,0,8,83927,44,53,0,0,0,0,0,0,0,0,0,0,0,0,0,0,0,0,0,0,0,0,0,0,301,16590,0,0,0,0
94366.825,16723,59,0,0,0,0,0,8,85190,44,53,0,0,0,0,0,0,0,0,0,0,0,0,0,0,0,0,0,0,0,0,0,0,299,17070,0,0,0,0
94383.724,16899,59,0,0,0,0,0,8,84034,44,53,0,0,0,0,0,0,0,0,0,0,0,0,0,0,0,0,0,0,0,0,0,0,306,17951,0,0,0,0
94400.148,16423,60,0,0,0,0,0,8,83072,44,53,0,0,0,0,0,0,0,0,0,0,0,0,0,0,0,0,0,0,0,0,0,0,317,15683,0,0,0,0
94416.676,16528,60,0,0,0,0,0,8,84205,44,53,0,0,0,0,0,0,0,0,0,0,0,0,0,0,0,0,0,0,0,0,0,0,302,16174,0,0,0,0
94433.290,16614,60,0,0,0,0,0,8,83429,44,53,0,0,0,0,0,0,0,0,0,0,0,0,0,0,0,0,0,0,0,0,0,0,344,16197,0,0,0,0
94450.149,16858,59,0,0,0,0,0,8,82139,44,53,0,0,0,0,0,0,0,0,0,0,0,0,0,0,0,0,0,0,0,0,0,0,310,16550,0,0,0,0
94466.732,16582,60,0,0,0,0,0,8,81859,44,53,0,0,0,0,0,0,0,0,0,0,0,0,0,0,0,0,0,0,0,0,0,0,325,17083,0,0,0,0
94484.107,17375,57,0,0,0,0,0,8,81255,44,53,0,0,0,0,0,0,0,0,0,0,0,0,0,0,0,0,0,0,0,0,0,0,310,16866,0,0,0,0
94500.086,15978,62,0,0,0,0,0,8,81755,44,53,0,0,0,0,0,0,0,0,0,0,0,0,0,0,0,0,0,0,0,0,0,0,318,16763,0,0,0,0
94516.735,16649,60,0,0,0,0,0,8,82155,44,53,0,0,0,0,0,0,0,0,0,0,0,0,0,0,0,0,0,0,0,0,0,0,303,17189,0,0,0,0
94533.318,16582,60,0,0,0,0,0,8,81838,44,53,0,0,0,0,0,0,0,0,0,0,0,0,0,0,0,0,0,0,0,0,0,0,324,16019,0,0,0,0
94549.935,16616,60,0,0,0,0,0,8,81939,44,53,0,0,0,0,0,0,0,0,0,0,0,0,0,0,0,0,0,0,0,0,0,0,303,16245,0,0,0,0
94567.577,17642,56,0,0,0,0,0,8,80703,44,53,0,0,0,0,0,0,0,0,0,0,0,0,0,0,0,0,0,0,0,0,0,0,311,16584,0,0,0,0
94584.579,17002,58,0,0,0,0,0,8,80282,44,53,0,0,0,0,0,0,0,0,0,0,0,0,0,0,0,0,0,0,0,0,0,0,298,16623,0,0,0,0
94600.365,15786,63,0,0,0,0,0,8,78160,44,53,0,0,0,0,0,0,0,0,0,0,0,0,0,0,0,0,0,0,0,0,0,0,307,18514,0,0,0,0
94616.797,16431,60,0,0,0,0,0,8,77458,44,53,0,0,0,0,0,0,0,0,0,0,0,0,0,0,0,0,0,0,0,0,0,0,284,15342,0,0,0,0
94632.840,16042,62,0,0,0,0,0,8,77407,44,53,0,0,0,0,0,0,0,0,0,0,0,0,0,0,0,0,0,0,0,0,0,0,318,17862,0,0,0,0
94650.093,17253,57,0,0,0,0,0,8,76948,44,53,0,0,0,0,0,0,0,0,0,0,0,0,0,0,0,0,0,0,0,0,0,0,305,14299,0,0,0,0
94666.986,16892,59,0,0,0,0,0,8,76514,44,53,0,0,0,0,0,0,0,0,0,0,0,0,0,0,0,0,0,0,0,0,0,0,322,18651,0,0,0,0
94683.278,16292,61,0,0,0,0,0,8,76475,44,53,0,0,0,0,0,0,0,0,0,0,0,0,0,0,0,0,0,0,0,0,0,0,310,16346,0,0,0,0
94700.156,16878,59,0,0,0,0,0,8,76301,44,53,0,0,0,0,0,0,0,0,0,0,0,0,0,0,0,0,0,0,0,0,0,0,291,15306,0,0,0,0
94716.581,16425,60,0,0,0,0,0,8,76113,44,53,0,0,0,0,0,0,0,0,0,0,0,0,0,0,0,0,0,0,0,0,0,0,300,17522,0,0,0,0
94734.570,17988,55,0,0,0,0,0,8,76582,44,53,0,0,0,0,0,0,0,0,0,0,0,0,0,0,0,0,0,0,0,0,0,0,319,16340,0,0,0,0
94750.255,15685,63,0,0,0,0,0,8,75574,44,53,0,0,0,0,0,0,0,0,0,0,0,0,0,0,0,0,0,0,0,0,0,0,412,17992,0,0,0,0
94766.920,16664,60,0,0,0,0,0,8,74152,44,53,0,0,0,0,0,0,0,0,0,0,0,0,0,0,0,0,0,0,0,0,0,0,432,15086,0,0,0,0
94783.356,16435,60,0,0,0,0,0,8,73424,44,53,0,0,0,0,0,0,0,0,0,0,0,0,0,0,0,0,0,0,0,0,0,0,321,17621,0,0,0,0
94801.090,17734,56,0,0,0,0,0,8,72667,44,53,0,0,0,0,0,0,0,0,0,0,0,0,0,0,0,0,0,0,0,0,0,0,315,15188,0,0,0,0
94817.482,16392,61,0,0,0,0,0,8,72252,44,53,0,0,0,0,0,0,0,0,0,0,0,0,0,0,0,0,0,0,0,0,0,0,325,17634,0,0,0,0
94833.381,15898,62,0,0,0,0,0,8,74686,44,53,0,0,0,0,0,0,0,0,0,0,0,0,0,0,0,0,0,0,0,0,0,0,285,15643,0,0,0,0
94849.947,16556,60,0,0,0,0,0,8,73980,44,53,0,0,0,0,0,0,0,0,0,0,0,0,0,0,0,0,0,0,0,0,0,0,357,16796,0,0,0,0
94866.710,16773,59,0,0,0,0,0,8,73637,44,53,0,0,0,0,0,0,0,0,0,0,0,0,0,0,0,0,0,0,0,0,0,0,324,17921,0,0,0,0
94883.601,16890,59,0,0,0,0,0,8,73404,44,53,0,0,0,0,0,0,0,0,0,0,0,0,0,0,0,0,0,0,0,0,0,0,298,15944,0,0,0,0
94900.158,16556,60,0,0,0,0,0,8,74030,44,53,0,0,0,0,0,0,0,0,0,0,0,0,0,0,0,0,0,0,0,0,0,0,481,16331,0,0,0,0
94917.117,16959,58,0,0,0,0,0,8,72933,44,53,0,0,0,0,0,0,0,0,0,0,0,0,0,0,0,0,0,0,0,0,0,0,315,16405,0,0,0,0
94932.852,15735,63,0,0,0,0,0,8,73139,44,53,0,0,0,0,0,0,0,0,0,0,0,0,0,0,0,0,0,0,0,0,0,0,376,17814,0,0,0,0
94950.368,17515,57,0,0,0,0,0,8,74793,44,53,0,0,0,0,0,0,0,0,0,0,0,0,0,0,0,0,0,0,0,0,0,0,299,16195,0,0,0,0
94966.792,16423,60,0,0,0,0,0,8,75179,44,53,0,0,0,0,0,0,0,0,0,0,0,0,0,0,0,0,0,0,0,0,0,0,309,16719,0,0,0,0
94983.369,16577,60,0,0,0,0,0,8,74233,44,53,0,0,0,0,0,0,0,0,0,0,0,0,0,0,0,0,0,0,0,0,0,0,310,16340,0,0,0,0
95000.095,16725,59,0,0,0,0,0,8,74052,44,53,0,0,0,0,0,0,0,0,0,0,0,0,0,0,0,0,0,0,0,0,0,0,314,17014,0,0,0,0
95017.574,17479,57,0,0,0,0,0,8,73980,44,53,0,0,0,0,0,0,0,0,0,0,0,0,0,0,0,0,0,0,0,0,0,0,366,16003,0,0,0,0
95033.310,15735,63,0,0,0,0,0,8,73970,44,53,0,0,0,0,0,0,0,0,0,0,0,0,0,0,0,0,0,0,0,0,0,0,310,17933,0,0,0,0
95050.083,16774,59,0,0,0,0,0,8,74439,44,53,0,0,0,0,0,0,0,0,0,0,0,0,0,0,0,0,0,0,0,0,0,0,293,16223,0,0,0,0
95066.674,16580,60,0,0,0,0,0,8,73977,44,53,0,0,0,0,0,0,0,0,0,0,0,0,0,0,0,0,0,0,0,0,0,0,357,16157,0,0,0,0
95083.258,16593,60,0,0,0,0,0,8,74043,44,53,0,0,0,0,0,0,0,0,0,0,0,0,0,0,0,0,0,0,0,0,0,0,336,16876,0,0,0,0
95100.083,16825,59,0,0,0,0,0,8,72277,44,53,0,0,0,0,0,0,0,0,0,0,0,0,0,0,0,0,0,0,0,0,0,0,353,16050,0,0,0,0
95116.613,16530,60,0,0,0,0,0,8,73005,44,53,0,0,0,0,0,0,0,0,0,0,0,0,0,0,0,0,0,0,0,0,0,0,359,18271,0,0,0,0
95133.278,16664,60,0,0,0,0,0,8,73412,44,53,0,0,0,0,0,0,0,0,0,0,0,0,0,0,0,0,0,0,0,0,0,0,333,15835,0,0,0,0
95150.127,16848,59,0,0,0,0,0,8,72998,44,53,0,0,0,0,0,0,0,0,0,0,0,0,0,0,0,0,0,0,0,0,0,0,304,15766,0,0,0,0
95166.759,16632,60,0,0,0,1,0,8,72413,44,53,0,0,0,0,0,0,0,0,0,0,0,0,0,0,0,0,0,0,0,0,0,0,311,17715,0,0,0,0
95184.092,17333,57,0,0,0,0,0,8,72500,44,53,0,0,0,0,0,0,0,0,0,0,0,0,0,0,0,0,0,0,0,0,0,0,330,17435,0,0,0,0
95200.240,16147,61,0,0,0,0,0,8,72206,44,53,0,0,0,0,0,0,0,0,0,0,0,0,0,0,0,0,0,0,0,0,0,0,276,16269,0,0,0,0
95216.947,16706,59,0,0,0,0,0,8,71347,44,53,0,0,0,0,0,0,0,0,0,0,0,0,0,0,0,0,0,0,0,0,0,0,317,17160,0,0,0,0
95233.357,16410,60,0,0,0,0,0,8,71601,44,53,0,0,0,0,0,0,0,0,0,0,0,0,0,0,0,0,0,0,0,0,0,0,306,16343,0,0,0,0
95250.007,16649,60,0,0,0,0,0,8,71677,44,53,0,0,0,0,0,0,0,0,0,0,0,0,0,0,0,0,0,0,0,0,0,0,286,15725,0,0,0,0
95266.578,16571,60,0,0,0,0,0,8,70900,44,53,0,0,0,0,0,0,0,0,0,0,0,0,0,0,0,0,0,0,0,0,0,0,284,16726,0,0,0,0
95283.702,17124,58,0,0,0,0,0,8,70650,44,53,0,0,0,0,0,0,0,0,0,0,0,0,0,0,0,0,0,0,0,0,0,0,290,15967,0,0,0,0
95300.271,16568,60,0,0,0,0,0,8,70213,44,53,0,0,0,0,0,0,0,0,0,0,0,0,0,0,0,0,0,0,0,0,0,0,329,18481,0,0,0,0
95316.597,16326,61,0,0,0,0,0,8,70972,44,53,0,0,0,0,0,0,0,0,0,0,0,0,0,0,0,0,0,0,0,0,0,0,311,16516,0,0,0,0
95333.307,16710,59,0,0,0,0,0,8,70406,44,53,0,0,0,0,0,0,0,0,0,0,0,0,0,0,0,0,0,0,0,0,0,0,317,14876,0,0,0,0
95350.335,17028,58,0,0,0,0,0,8,69859,44,53,0,0,0,0,0,0,0,0,0,0,0,0,0,0,0,0,0,0,0,0,0,0,322,17448,0,0,0,0
95367.579,17244,57,0,0,0,0,0,8,69651,44,53,0,0,0,0,0,0,0,0,0,0,0,0,0,0,0,0,0,0,0,0,0,0,309,17140,0,0,0,0
95383.211,15631,63,0,0,0,0,0,8,69852,44,53,0,0,0,0,0,0,0,0,0,0,0,0,0,0,0,0,0,0,0,0,0,0,333,17714,0,0,0,0
95400.143,16931,59,0,0,0,0,0,8,70134,44,53,0,0,0,0,0,0,0,0,0,0,0,0,0,0,0,0,0,0,0,0,0,0,286,15107,0,0,0,0
95416.843,16700,59,0,0,0,0,0,8,69841,44,53,0,0,0,0,0,0,0,0,0,0,0,0,0,0,0,0,0,0,0,0,0,0,295,16883,0,0,0,0
95433.566,16722,59,0,0,0,0,0,8,69462,44,53,0,0,0,0,0,0,0,0,0,0,0,0,0,0,0,0,0,0,0,0,0,0,317,17639,0,0,0,0
95450.085,16519,60,0,0,0,0,0,8,69119,44,53,0,0,0,0,0,0,0,0,0,0,0,0,0,0,0,0,0,0,0,0,0,0,285,14946,0,0,0,0
95466.643,16557,60,0,0,0,0,0,8,68469,44,53,0,0,0,0,0,0,0,0,0,0,0,0,0,0,0,0,0,0,0,0,0,0,311,19451,0,0,0,0
95483.738,17095,58,0,0,0,0,0,8,68018,44,53,0,0,0,0,0,0,0,0,0,0,0,0,0,0,0,0,0,0,0,0,0,0,298,15315,0,0,0,0
95500.368,16630,60,0,0,0,0,0,8,68158,44,53,0,0,0,0,0,0,0,0,0,0,0,0,0,0,0,0,0,0,0,0,0,0,322,18313,0,0,0,0
95517.095,16727,59,0,0,0,1,0,8,67762,44,53,0,0,0,0,0,0,0,0,0,0,0,0,0,0,0,0,0,0,0,0,0,0,312,14484,0,0,0,0
95533.574,16479,60,0,0,0,0,0,8,67607,44,53,0,0,0,0,0,0,0,0,0,0,0,0,0,0,0,0,0,0,0,0,0,0,327,16325,0,0,0,0
95550.016,16441,60,0,0,0,0,0,8,67447,44,53,0,0,0,0,0,0,0,0,0,0,0,0,0,0,0,0,0,0,0,0,0,0,311,16039,0,0,0,0
95566.882,16866,59,0,0,0,0,0,8,66778,44,53,0,0,0,0,0,0,0,0,0,0,0,0,0,0,0,0,0,0,0,0,0,0,313,17585,0,0,0,0
95583.258,16375,61,0,0,0,0,0,8,66431,44,53,0,0,0,0,0,0,0,0,0,0,0,0,0,0,0,0,0,0,0,0,0,0,290,15896,0,0,0,0
95599.917,16658,60,0,0,0,0,0,8,66888,44,53,0,0,0,0,0,0,0,0,0,0,0,0,0,0,0,0,0,0,0,0,0,0,319,16373,0,0,0,0
95616.711,16794,59,0,0,0,0,0,8,66492,44,53,0,0,0,0,0,0,0,0,0,0,0,0,0,0,0,0,0,0,0,0,0,0,327,18423,0,0,0,0
95633.402,16690,59,0,0,0,0,0,8,65928,44,53,0,0,0,0,0,0,0,0,0,0,0,0,0,0,0,0,0,0,0,0,0,0,321,16602,0,0,0,0
95650.220,16817,59,0,0,0,0,0,8,64899,44,53,0,0,0,0,0,0,0,0,0,0,0,0,0,0,0,0,0,0,0,0,0,0,304,14995,0,0,0,0
95666.694,16474,60,0,0,0,0,0,8,64658,44,53,0,0,0,0,0,0,0,0,0,0,0,0,0,0,0,0,0,0,0,0,0,0,292,17724,0,0,0,0
95683.684,16990,58,0,0,0,0,0,8,64638,44,53,0,0,0,0,0,0,0,0,0,0,0,0,0,0,0,0,0,0,0,0,0,0,333,16648,0,0,0,0
95700.136,16452,60,0,0,0,0,0,8,64433,44,53,0,0,0,0,0,0,0,0,0,0,0,0,0,0,0,0,0,0,0,0,0,0,281,16495,0,0,0,0
95716.695,16559,60,0,0,0,0,0,8,66548,44,53,0,0,0,0,0,0,0,0,0,0,0,0,0,0,0,0,0,0,0,0,0,0,279,16388,0,0,0,0
95733.398,16703,59,0,0,0,0,0,8,66902,44,53,0,0,0,0,0,0,0,0,0,0,0,0,0,0,0,0,0,0,0,0,0,0,322,17261,0,0,0,0
95749.789,16390,61,0,0,0,0,0,8,66584,44,53,0,0,0,0,0,0,0,0,0,0,0,0,0,0,0,0,0,0,0,0,0,0,304,16021,0,0,0,0
95766.734,16945,59,0,0,0,0,0,8,66289,44,53,0,0,0,0,0,0,0,0,0,0,0,0,0,0,0,0,0,0,0,0,0,0,348,16428,0,0,0,0
95783.306,16571,60,0,0,0,0,0,8,66825,44,53,0,0,0,0,0,0,0,0,0,0,0,0,0,0,0,0,0,0,0,0,0,0,307,16944,0,0,0,0
95800.293,16987,58,0,0,0,0,0,8,66515,44,53,0,0,0,0,0,0,0,0,0,0,0,0,0,0,0,0,0,0,0,0,0,0,303,16303,0,0,0,0
95816.776,16482,60,0,0,0,0,0,8,66182,44,53,0,0,0,0,0,0,0,0,0,0,0,0,0,0,0,0,0,0,0,0,0,0,299,16830,0,0,0,0
95834.083,17306,57,0,0,0,0,0,8,66382,44,53,0,0,0,0,0,0,0,0,0,0,0,0,0,0,0,0,0,0,0,0,0,0,314,17898,0,0,0,0
95850.072,15989,62,0,0,0,0,0,8,66520,44,53,0,0,0,0,0,0,0,0,0,0,0,0,0,0,0,0,0,0,0,0,0,0,312,15172,0,0,0,0
95866.738,16665,60,0,0,0,0,0,8,66217,44,53,0,0,0,0,0,0,0,0,0,0,0,0,0,0,0,0,0,0,0,0,0,0,326,18201,0,0,0,0
95883.710,16972,58,0,0,0,0,0,8,66308,44,53,0,0,0,0,0,0,0,0,0,0,0,0,0,0,0,0,0,0,0,0,0,0,306,15961,0,0,0,0
95899.978,16268,61,0,0,0,0,0,8,65506,44,53,0,0,0,0,0,0,0,0,0,0,0,0,0,0,0,0,0,0,0,0,0,0,314,16437,0,0,0,0
95916.858,16879,59,0,0,0,0,0,8,65099,44,53,0,0,0,0,0,0,0,0,0,0,0,0,0,0,0,0,0,0,0,0,0,0,299,17236,0,0,0,0
95934.415,17557,56,0,0,0,0,0,8,65943,44,53,0,0,0,0,0,0,0,0,0,0,0,0,0,0,0,0,0,0,0,0,0,0,332,15587,0,0,0,0
95950.258,15842,63,0,0,0,0,0,8,66249,44,53,0,0,0,0,0,0,0,0,0,0,0,0,0,0,0,0,0,0,0,0,0,0,348,19115,0,0,0,0
95966.697,16439,60,0,0,0,0,0,8,66025,44,53,0,0,0,0,0,0,0,0,0,0,0,0,0,0,0,0,0,0,0,0,0,0,343,16620,0,0,0,0
95983.323,16608,60,0,0,0,0,0,8,65113,44,53,0,0,0,0,0,0,0,0,0,0,0,0,0,0,0,0,0,0,0,0,0,0,316,15656,0,0,0,0
96000.576,17270,57,0,0,0,0,0,8,64337,44,53,0,0,0,0,0,0,0,0,0,0,0,0,0,0,0,0,0,0,0,0,0,0,281,15170,0,0,0,0
96017.568,16991,58,0,0,0,0,0,8,63356,44,53,0,0,0,0,0,0,0,0,0,0,0,0,0,0,0,0,0,0,0,0,0,0,290,17208,0,0,0,0
96033.712,16144,61,0,0,0,0,0,8,63915,44,53,0,0,0,0,0,0,0,0,0,0,0,0,0,0,0,0,0,0,0,0,0,0,316,17416,0,0,0,0
96050.066,16354,61,0,0,0,0,0,8,64501,44,53,0,0,0,0,0,0,0,0,0,0,0,0,0,0,0,0,0,0,0,0,0,0,300,17074,0,0,0,0
96067.072,17006,58,0,0,0,0,0,8,64100,44,53,0,0,0,0,0,0,0,0,0,0,0,0,0,0,0,0,0,0,0,0,0,0,343,15243,0,0,0,0
96083.611,16538,60,0,0,0,0,0,8,64301,44,53,0,0,0,0,0,0,0,0,0,0,0,0,0,0,0,0,0,0,0,0,0,0,323,17801,0,0,0,0
96100.167,16556,60,0,0,0,0,0,8,64668,44,53,0,0,0,0,0,0,0,0,0,0,0,0,0,0,0,0,0,0,0,0,0,0,315,16107,0,0,0,0
96116.618,16450,60,0,0,0,0,0,8,64440,44,53,0,0,0,0,0,0,0,0,0,0,0,0,0,0,0,0,0,0,0,0,0,0,310,18598,0,0,0,0
96133.245,16626,60,0,0,0,0,0,8,64638,44,53,0,0,0,0,0,0,0,0,0,0,0,0,0,0,0,0,0,0,0,0,0,0,303,14894,0,0,0,0
96150.168,16923,59,0,0,0,0,0,8,65206,44,53,0,0,0,0,0,0,0,0,0,0,0,0,0,0,0,0,0,0,0,0,0,0,295,15171,0,0,0,0
96167.584,17415,57,0,0,0,0,0,8,65989,44,53,0,0,0,0,0,0,0,0,0,0,0,0,0,0,0,0,0,0,0,0,0,0,333,18364,0,0,0,0
96183.746,16162,61,0,0,0,0,0,8,66687,44,53,0,0,0,0,0,0,0,0,0,0,0,0,0,0,0,0,0,0,0,0,0,0,329,17405,0,0,0,0
96200.178,16431,60,0,0,0,0,0,8,67539,44,53,0,0,0,0,0,0,0,0,0,0,0,0,0,0,0,0,0,0,0,0,0,0,315,18550,0,0,0,0
96216.807,16628,60,0,0,0,0,0,8,66435,44,53,0,0,0,0,0,0,0,0,0,0,0,0,0,0,0,0,0,0,0,0,0,0,287,14589,0,0,0,0
96233.368,16561,60,0,0,0,0,0,8,67260,44,53,0,0,0,0,0,0,0,0,0,0,0,0,0,0,0,0,0,0,0,0,0,0,298,14671,0,0,0,0
96250.385,17016,58,0,0,0,0,0,8,67853,44,53,0,0,0,0,0,0,0,0,0,0,0,0,0,0,0,0,0,0,0,0,0,0,321,16639,0,0,0,0
96266.855,16470,60,0,0,0,0,0,8,68807,44,53,0,0,0,0,0,0,0,0,0,0,0,0,0,0,0,0,0,0,0,0,0,0,300,17921,0,0,0,0
96282.959,16104,62,0,0,0,0,0,8,68473,44,53,0,0,0,0,0,0,0,0,0,0,0,0,0,0,0,0,0,0,0,0,0,0,286,17040,0,0,0,0
96300.302,17343,57,0,0,0,0,0,8,68947,44,53,0,0,0,0,0,0,0,0,0,0,0,0,0,0,0,0,0,0,0,0,0,0,296,17264,0,0,0,0
96317.062,16760,59,0,0,0,0,0,8,69430,44,53,0,0,0,0,0,0,0,0,0,0,0,0,0,0,0,0,0,0,0,0,0,0,298,16848,0,0,0,0
96333.260,16197,61,0,0,0,0,0,8,69380,44,53,0,0,0,0,0,0,0,0,0,0,0,0,0,0,0,0,0,0,0,0,0,0,316,15812,0,0,0,0
96350.398,17138,58,0,0,0,0,0,8,70140,44,53,0,0,0,0,0,0,0,0,0,0,0,0,0,0,0,0,0,0,0,0,0,0,300,16927,0,0,0,0
96367.005,16607,60,0,0,0,0,0,8,70484,44,53,0,0,0,0,0,0,0,0,0,0,0,0,0,0,0,0,0,0,0,0,0,0,308,16585,0,0,0,0
96383.582,16576,60,0,0,0,0,0,8,72400,44,53,0,0,0,0,0,0,0,0,0,0,0,0,0,0,0,0,0,0,0,0,0,0,284,17452,0,0,0,0
96400.216,16633,60,0,0,0,0,0,8,73133,44,53,0,0,0,0,0,0,0,0,0,0,0,0,0,0,0,0,0,0,0,0,0,0,275,16948,0,0,0,0
96416.971,16754,59,0,0,0,0,0,8,72796,44,53,0,0,0,0,0,0,0,0,0,0,0,0,0,0,0,0,0,0,0,0,0,0,285,16155,0,0,0,0
96433.615,16644,60,0,0,0,0,0,8,72951,44,53,0,0,0,0,0,0,0,0,0,0,0,0,0,0,0,0,0,0,0,0,0,0,286,16422,0,0,0,0
96450.092,16476,60,0,0,0,0,0,8,73157,44,53,0,0,0,0,0,0,0,0,0,0,0,0,0,0,0,0,0,0,0,0,0,0,301,17948,0,0,0,0
96466.972,16880,59,0,0,0,0,0,8,73981,44,53,0,0,0,0,0,0,0,0,0,0,0,0,0,0,0,0,0,0,0,0,0,0,304,16155,0,0,0,0
96484.084,17112,58,0,0,0,0,0,8,72857,44,53,0,0,0,0,0,0,0,0,0,0,0,0,0,0,0,0,0,0,0,0,0,0,326,16665,0,0,0,0
96500.155,16070,62,0,0,0,0,0,8,73239,44,53,0,0,0,0,0,0,0,0,0,0,0,0,0,0,0,0,0,0,0,0,0,0,311,15425,0,0,0,0
96516.641,16485,60,0,0,0,0,0,8,72997,44,53,0,0,0,0,0,0,0,0,0,0,0,0,0,0,0,0,0,0,0,0,0,0,283,17448,0,0,0,0
96533.352,16710,59,0,0,0,0,0,8,73146,44,53,0,0,0,0,0,0,0,0,0,0,0,0,0,0,0,0,0,0,0,0,0,0,291,15797,0,0,0,0
96550.177,16824,59,0,0,0,0,0,8,73370,44,53,0,0,0,0,0,0,0,0,0,0,0,0,0,0,0,0,0,0,0,0,0,0,301,17408,0,0,0,0
96566.884,16707,59,0,0,0,0,0,8,73193,44,53,0,0,0,0,0,0,0,0,0,0,0,0,0,0,0,0,0,0,0,0,0,0,294,16439,0,0,0,0
96584.572,17687,56,0,0,0,0,0,8,73252,44,53,0,0,0,0,0,0,0,0,0,0,0,0,0,0,0,0,0,0,0,0,0,0,286,15843,0,0,0,0
96600.076,15505,64,0,0,0,0,0,8,74438,44,53,0,0,0,0,0,0,0,0,0,0,0,0,0,0,0,0,0,0,0,0,0,0,326,18623,0,0,0,0
96616.767,16690,59,0,0,0,0,0,8,74182,44,53,0,0,0,0,0,0,0,0,0,0,0,0,0,0,0,0,0,0,0,0,0,0,265,15606,0,0,0,0
96634.078,17310,57,0,0,0,0,0,8,75437,44,53,0,0,0,0,0,0,0,0,0,0,0,0,0,0,0,0,0,0,0,0,0,0,326,18813,0,0,0,0
96650.069,15991,62,0,0,0,0,0,8,73662,44,53,0,0,0,0,0,0,0,0,0,0,0,0,0,0,0,0,0,0,0,0,0,0,301,14377,0,0,0,0
96666.808,16738,59,0,0,0,0,0,8,72191,44,53,0,0,0,0,0,0,0,0,0,0,0,0,0,0,0,0,0,0,0,0,0,0,282,17372,0,0,0,0
96683.605,16796,59,0,0,0,0,0,8,74245,44,53,0,0,0,0,0,0,0,0,0,0,0,0,0,0,0,0,0,0,0,0,0,0,303,16732,0,0,0,0
96700.233,16627,60,0,0,0,0,0,8,73946,44,53,0,0,0,0,0,0,0,0,0,0,0,0,0,0,0,0,0,0,0,0,0,0,257,15591,0,0,0,0
96717.068,16835,59,0,0,0,0,0,8,73715,44,53,0,0,0,0,0,0,0,0,0,0,0,0,0,0,0,0,0,0,0,0,0,0,294,16031,0,0,0,0
96732.833,15764,63,0,0,0,0,0,8,74618,44,53,0,0,0,0,0,0,0,0,0,0,0,0,0,0,0,0,0,0,0,0,0,0,301,20296,0,0,0,0
96750.087,17254,57,0,0,0,0,0,8,75288,44,53,0,0,0,0,0,0,0,0,0,0,0,0,0,0,0,0,0,0,0,0,0,0,260,12501,0,0,0,0
96766.700,16613,60,0,0,0,0,0,8,75428,44,53,0,0,0,0,0,0,0,0,0,0,0,0,0,0,0,0,0,0,0,0,0,0,293,18478,0,0,0,0
96784.563,17862,55,0,0,0,0,0,8,74755,44,53,0,0,0,0,0,0,0,0,0,0,0,0,0,0,0,0,0,0,0,0,0,0,312,18309,0,0,0,0
96800.552,15989,62,0,0,0,0,0,8,74791,44,53,0,0,0,0,0,0,0,0,0,0,0,0,0,0,0,0,0,0,0,0,0,0,290,17195,0,0,0,0
96817.071,16519,60,0,0,0,0,0,8,74720,44,53,0,0,0,0,0,0,0,0,0,0,0,0,0,0,0,0,0,0,0,0,0,0,301,16926,0,0,0,0
96833.691,16619,60,0,0,0,0,0,8,76080,44,53,0,0,0,0,0,0,0,0,0,0,0,0,0,0,0,0,0,0,0,0,0,0,290,14604,0,0,0,0
96850.065,16374,61,0,0,0,0,0,8,76045,44,53,0,0,0,0,0,0,0,0,0,0,0,0,0,0,0,0,0,0,0,0,0,0,286,17394,0,0,0,0
96866.848,16782,59,0,0,0,0,0,8,76608,44,53,0,0,0,0,0,0,0,0,0,0,0,0,0,0,0,0,0,0,0,0,0,0,298,16999,0,0,0,0
96883.669,16820,59,0,0,0,0,0,8,76817,44,53,0,0,0,0,0,0,0,0,0,0,0,0,0,0,0,0,0,0,0,0,0,0,316,16548,0,0,0,0
96900.005,16336,61,0,0,0,0,0,8,77388,44,53,0,0,0,0,0,0,0,0,0,0,0,0,0,0,0,0,0,0,0,0,0,0,285,17061,0,0,0,0
96916.738,16732,59,0,0,0,0,0,8,79014,44,53,0,0,0,0,0,0,0,0,0,0,0,0,0,0,0,0,0,0,0,0,0,0,301,15210,0,0,0,0
96933.586,16848,59,0,0,0,0,0,8,78997,44,53,0,0,0,0,0,0,0,0,0,0,0,0,0,0,0,0,0,0,0,0,0,0,327,18848,0,0,0,0
96950.051,16465,60,0,0,0,0,0,8,78424,44,53,0,0,0,0,0,0,0,0,0,0,0,0,0,0,0,0,0,0,0,0,0,0,283,15104,0,0,0,0
96966.553,16502,60,0,0,0,0,0,8,77804,44,53,0,0,0,0,0,0,0,0,0,0,0,0,0,0,0,0,0,0,0,0,0,0,303,15527,0,0,0,0
96983.303,16749,59,0,0,0,0,0,8,78449,44,53,0,0,0,0,0,0,0,0,0,0,0,0,0,0,0,0,0,0,0,0,0,0,298,17778,0,0,0,0
97000.273,16970,58,0,0,0,0,0,8,79248,44,53,0,0,0,0,0,0,0,0,0,0,0,0,0,0,0,0,0,0,0,0,0,0,271,15667,0,0,0,0
97016.748,16474,60,0,0,0,0,0,8,78920,44,53,0,0,0,0,0,0,0,0,0,0,0,0,0,0,0,0,0,0,0,0,0,0,279,15907,0,0,0,0
97033.629,16881,59,0,0,0,0,0,8,79021,44,53,0,0,0,0,0,0,0,0,0,0,0,0,0,0,0,0,0,0,0,0,0,0,321,18764,0,0,0,0
97050.067,16437,60,0,0,0,0,0,8,79299,44,53,0,0,0,0,0,0,0,0,0,0,0,0,0,0,0,0,0,0,0,0,0,0,286,17008,0,0,0,0
97066.648,16581,60,0,0,0,0,0,8,78832,44,53,0,0,0,0,0,0,0,0,0,0,0,0,0,0,0,0,0,0,0,0,0,0,281,14478,0,0,0,0
97083.327,16678,59,0,0,0,0,0,8,79557,44,53,0,0,0,0,0,0,0,0,0,0,0,0,0,0,0,0,0,0,0,0,0,0,300,17873,0,0,0,0
97100.376,17049,58,0,0,0,0,0,8,79476,44,53,0,0,0,0,0,0,0,0,0,0,0,0,0,0,0,0,0,0,0,0,0,0,280,15129,0,0,0,0
97116.886,16508,60,0,0,0,0,0,8,79385,44,53,0,0,0,0,0,0,0,0,0,0,0,0,0,0,0,0,0,0,0,0,0,0,291,17983,0,0,0,0
97133.629,16743,59,0,0,0,0,0,8,79910,44,53,0,0,0,0,0,0,0,0,0,0,0,0,0,0,0,0,0,0,0,0,0,0,342,17704,0,0,0,0
97150.160,16531,60,0,0,0,0,0,8,79644,44,53,0,0,0,0,0,0,0,0,0,0,0,0,0,0,0,0,0,0,0,0,0,0,303,15962,0,0,0,0
97166.687,16526,60,0,0,0,0,0,8,79770,44,53,0,0,0,0,0,0,0,0,0,0,0,0,0,0,0,0,0,0,0,0,0,0,283,16337,0,0,0,0
97183.254,16567,60,0,0,0,0,0,8,79919,44,53,0,0,0,0,0,0,0,0,0,0,0,0,0,0,0,0,0,0,0,0,0,0,308,18179,0,0,0,0
97200.065,16811,59,0,0,0,0,0,8,80286,44,53,0,0,0,0,0,0,0,0,0,0,0,0,0,0,0,0,0,0,0,0,0,0,281,16215,0,0,0,0
97217.071,17005,58,0,0,0,0,0,8,80991,44,53,0,0,0,0,0,0,0,0,0,0,0,0,0,0,0,0,0,0,0,0,0,0,256,15391,0,0,0,0
97233.364,16292,61,0,0,0,0,0,8,81654,44,53,0,0,0,0,0,0,0,0,0,0,0,0,0,0,0,0,0,0,0,0,0,0,316,18733,0,0,0,0
97250.026,16661,60,0,0,0,0,0,8,84357,44,53,0,0,0,0,0,0,0,0,0,0,0,0,0,0,0,0,0,0,0,0,0,0,320,16132,0,0,0,0
97266.591,16565,60,0,0,0,0,0,8,83624,44,53,0,0,0,0,0,0,0,0,0,0,0,0,0,0,0,0,0,0,0,0,0,0,343,15652,0,0,0,0
97283.242,16650,60,0,0,0,0,0,8,71448,44,53,0,0,0,0,0,0,0,0,0,0,0,0,0,0,0,0,0,0,0,0,0,0,331,13395,0,0,0,0
97300.204,16962,58,0,0,0,0,0,8,71565,44,53,0,0,0,0,0,0,0,0,0,0,0,0,0,0,0,0,0,0,0,0,0,0,331,17241,0,0,0,0
97316.596,16391,61,0,0,0,0,0,8,71837,44,53,0,0,0,0,0,0,0,0,0,0,0,0,0,0,0,0,0,0,0,0,0,0,297,16883,0,0,0,0
97333.239,16643,60,0,0,0,0,0,8,72105,44,53,0,0,0,0,0,0,0,0,0,0,0,0,0,0,0,0,0,0,0,0,0,0,316,16431,0,0,0,0
97350.203,16963,58,0,0,0,0,0,8,71819,44,53,0,0,0,0,0,0,0,0,0,0,0,0,0,0,0,0,0,0,0,0,0,0,293,16443,0,0,0,0
97366.811,16608,60,0,0,0,0,0,8,72124,44,53,0,0,0,0,0,0,0,0,0,0,0,0,0,0,0,0,0,0,0,0,0,0,379,17863,0,0,0,0
97384.072,17261,57,0,0,0,0,0,8,72012,44,53,0,0,0,0,0,0,0,0,0,0,0,0,0,0,0,0,0,0,0,0,0,0,328,17147,0,0,0,0
97400.276,16204,61,0,0,0,0,0,8,72031,44,53,0,0,0,0,0,0,0,0,0,0,0,0,0,0,0,0,0,0,0,0,0,0,300,15872,0,0,0,0
97416.999,16722,59,0,0,0,0,0,8,72237,44,53,0,0,0,0,0,0,0,0,0,0,0,0,0,0,0,0,0,0,0,0,0,0,547,16492,0,0,0,0
97433.523,16524,60,0,0,0,0,0,8,71749,44,53,0,0,0,0,0,0,0,0,0,0,0,0,0,0,0,0,0,0,0,0,0,0,342,17656,0,0,0,0
97450.261,16738,59,0,0,0,0,0,8,72516,44,53,0,0,0,0,0,0,0,0,0,0,0,0,0,0,0,0,0,0,0,0,0,0,484,15558,0,0,0,0
97466.595,16333,61,0,0,0,0,0,8,75136,44,53,0,0,0,0,0,0,0,0,0,0,0,0,0,0,0,0,0,0,0,0,0,0,300,17309,0,0,0,0
97482.832,16236,61,0,0,0,0,0,8,75006,44,53,0,0,0,0,0,0,0,0,0,0,0,0,0,0,0,0,0,0,0,0,0,0,289,16184,0,0,0,0
97500.114,17282,57,0,0,0,0,0,8,74511,44,53,0,0,0,0,0,0,0,0,0,0,0,0,0,0,0,0,0,0,0,0,0,0,317,17329,0,0,0,0
97516.971,16857,59,0,0,0,0,0,8,73703,44,53,0,0,0,0,0,0,0,0,0,0,0,0,0,0,0,0,0,0,0,0,0,0,310,16175,0,0,0,0
97533.327,16356,61,0,0,0,0,0,8,73553,44,53,0,0,0,0,0,0,0,0,0,0,0,0,0,0,0,0,0,0,0,0,0,0,371,16834,0,0,0,0
97549.644,16317,61,0,0,0,0,0,8,73097,44,53,0,0,0,0,0,0,0,0,0,0,0,0,0,0,0,0,0,0,0,0,0,0,356,16118,0,0,0,0
97566.747,17102,58,0,0,0,0,0,8,72841,44,53,0,0,0,0,0,0,0,0,0,0,0,0,0,0,0,0,0,0,0,0,0,0,321,16215,0,0,0,0
97583.632,16885,59,0,0,0,0,0,8,74531,44,53,0,0,0,0,0,0,0,0,0,0,0,0,0,0,0,0,0,0,0,0,0,0,497,18689,0,0,0,0
97600.188,16556,60,0,0,0,0,0,8,73530,44,53,0,0,0,0,0,0,0,0,0,0,0,0,0,0,0,0,0,0,0,0,0,0,350,15905,0,0,0,0
97616.817,16628,60,0,0,0,0,0,8,73554,44,53,0,0,0,0,0,0,0,0,0,0,0,0,0,0,0,0,0,0,0,0,0,0,428,16318,0,0,0,0
97633.688,16870,59,0,0,0,0,0,8,75466,44,53,0,0,0,0,0,0,0,0,0,0,0,0,0,0,0,0,0,0,0,0,0,0,321,17849,0,0,0,0
97650.063,16375,61,0,0,0,0,0,8,73675,44,53,0,0,0,0,0,0,0,0,0,0,0,0,0,0,0,0,0,0,0,0,0,0,287,14802,0,0,0,0
97666.801,16738,59,0,0,0,0,0,8,73571,44,53,0,0,0,0,0,0,0,0,0,0,0,0,0,0,0,0,0,0,0,0,0,0,305,17080,0,0,0,0
97683.696,16894,59,0,0,0,0,0,8,73303,44,53,0,0,0,0,0,0,0,0,0,0,0,0,0,0,0,0,0,0,0,0,0,0,293,17930,0,0,0,0
97700.342,16646,60,0,0,0,0,0,8,74736,44,53,0,0,0,0,0,0,0,0,0,0,0,0,0,0,0,0,0,0,0,0,0,0,297,15160,0,0,0,0
97717.159,16816,59,0,0,0,0,0,8,73625,44,53,0,0,0,0,0,0,0,0,0,0,0,0,0,0,0,0,0,0,0,0,0,0,337,17297,0,0,0,0
97734.573,17414,57,0,0,0,0,0,8,74602,44,53,0,0,0,0,0,0,0,0,0,0,0,0,0,0,0,0,0,0,0,0,0,0,340,16819,0,0,0,0
97750.349,15775,63,0,0,0,0,0,8,73826,44,53,0,0,0,0,0,0,0,0,0,0,0,0,0,0,0,0,0,0,0,0,0,0,327,17590,0,0,0,0
97766.825,16476,60,0,0,0,0,0,8,74437,44,53,0,0,0,0,0,0,0,0,0,0,0,0,0,0,0,0,0,0,0,0,0,0,305,16315,0,0,0,0
97782.844,16018,62,0,0,0,0,0,8,74178,44,53,0,0,0,0,0,0,0,0,0,0,0,0,0,0,0,0,0,0,0,0,0,0,306,15652,0,0,0,0
97800.376,17531,57,0,0,0,0,0,8,74830,44,53,0,0,0,0,0,0,0,0,0,0,0,0,0,0,0,0,0,0,0,0,0,0,315,17237,0,0,0,0
97816.930,16553,60,0,0,0,0,0,8,74633,44,53,0,0,0,0,0,0,0,0,0,0,0,0,0,0,0,0,0,0,0,0,0,0,317,16590,0,0,0,0
97833.663,16732,59,0,0,0,0,0,8,79798,44,53,0,0,0,0,0,0,0,0,0,0,0,0,0,0,0,0,0,0,0,0,0,0,336,18525,0,0,0,0
97850.094,16431,60,0,0,0,0,0,8,76115,44,53,0,0,0,0,0,0,0,0,0,0,0,0,0,0,0,0,0,0,0,0,0,0,300,15938,0,0,0,0
97866.680,16585,60,0,0,0,0,0,8,74808,44,53,0,0,0,0,0,0,0,0,0,0,0,0,0,0,0,0,0,0,0,0,0,0,302,15477,0,0,0,0
97883.580,16900,59,0,0,0,0,0,8,75198,44,53,0,0,0,0,0,0,0,0,0,0,0,0,0,0,0,0,0,0,0,0,0,0,309,17291,0,0,0,0
97900.132,16551,60,0,0,0,0,0,8,74630,44,53,0,0,0,0,0,0,0,0,0,0,0,0,0,0,0,0,0,0,0,0,0,0,325,16543,0,0,0,0
97916.992,16860,59,0,0,0,0,0,8,74076,44,53,0,0,0,0,0,0,0,0,0,0,0,0,0,0,0,0,0,0,0,0,0,0,303,15827,0,0,0,0
97933.702,16709,59,0,0,0,0,0,8,74856,44,53,0,0,0,0,0,0,0,0,0,0,0,0,0,0,0,0,0,0,0,0,0,0,333,16985,0,0,0,0
97950.294,16592,60,0,0,0,0,0,8,73868,44,53,0,0,0,0,0,0,0,0,0,0,0,0,0,0,0,0,0,0,0,0,0,0,343,18118,0,0,0,0
97967.052,16757,59,0,0,0,0,0,8,75016,44,53,0,0,0,0,0,0,0,0,0,0,0,0,0,0,0,0,0,0,0,0,0,0,288,15332,0,0,0,0
97983.780,16728,59,0,0,0,0,0,8,74061,44,53,0,0,0,0,0,0,0,0,0,0,0,0,0,0,0,0,0,0,0,0,0,0,335,17806,0,0,0,0
98000.124,16344,61,0,0,0,0,0,8,75428,44,53,0,0,0,0,0,0,0,0,0,0,0,0,0,0,0,0,0,0,0,0,0,0,330,16978,0,0,0,0
98017.078,16954,58,0,0,0,0,0,8,74932,44,53,0,0,0,0,0,0,0,0,0,0,0,0,0,0,0,0,0,0,0,0,0,0,294,15878,0,0,0,0
98033.678,16599,60,0,0,0,0,0,8,76250,44,53,0,0,0,0,0,0,0,0,0,0,0,0,0,0,0,0,0,0,0,0,0,0,315,16908,0,0,0,0
98050.233,16555,60,0,0,0,0,0,8,75771,44,53,0,0,0,0,0,0,0,0,0,0,0,0,0,0,0,0,0,0,0,0,0,0,325,16888,0,0,0,0
98066.789,16556,60,0,0,0,0,0,8,76947,44,53,0,0,0,0,0,0,0,0,0,0,0,0,0,0,0,0,0,0,0,0,0,0,298,16118,0,0,0,0
98083.670,16880,59,0,0,0,0,0,8,76080,44,53,0,0,0,0,0,0,0,0,0,0,0,0,0,0,0,0,0,0,0,0,0,0,318,17873,0,0,0,0
98100.320,16650,60,0,0,0,0,0,8,76173,44,53,0,0,0,0,0,0,0,0,0,0,0,0,0,0,0,0,0,0,0,0,0,0,293,15600,0,0,0,0
98116.816,16496,60,0,0,0,0,0,8,76096,44,53,0,0,0,0,0,0,0,0,0,0,0,0,0,0,0,0,0,0,0,0,0,0,302,16712,0,0,0,0
98133.289,16473,60,0,0,0,0,0,8,77655,44,53,0,0,0,0,0,0,0,0,0,0,0,0,0,0,0,0,0,0,0,0,0,0,343,17168,0,0,0,0
98150.196,16906,59,0,0,0,0,0,8,77294,44,53,0,0,0,0,0,0,0,0,0,0,0,0,0,0,0,0,0,0,0,0,0,0,339,15023,0,0,0,0
98166.755,16558,60,0,0,0,0,0,8,77065,44,53,0,0,0,0,0,0,0,0,0,0,0,0,0,0,0,0,0,0,0,0,0,0,310,17009,0,0,0,0
98184.551,17785,56,0,0,0,0,0,8,77952,44,53,0,0,0,0,0,0,0,0,0,0,0,0,0,0,0,0,0,0,0,0,0,0,325,18019,0,0,0,0
98199.924,15383,65,0,0,0,0,0,8,78252,44,53,0,0,0,0,0,0,0,0,0,0,0,0,0,0,0,0,0,0,0,0,0,0,305,16763,0,0,0,0
98217.022,17098,58,0,0,0,0,0,8,77974,44,53,0,0,0,0,0,0,0,0,0,0,0,0,0,0,0,0,0,0,0,0,0,0,294,16336,0,0,0,0
98233.629,16607,60,0,0,0,0,0,8,78033,44,53,0,0,0,0,0,0,0,0,0,0,0,0,0,0,0,0,0,0,0,0,0,0,304,15439,0,0,0,0
98249.958,16329,61,0,0,0,0,0,8,78196,44,53,0,0,0,0,0,0,0,0,0,0,0,0,0,0,0,0,0,0,0,0,0,0,308,17865,0,0,0,0
98267.055,17096,58,0,0,0,0,0,8,77834,44,53,0,0,0,0,0,0,0,0,0,0,0,0,0,0,0,0,0,0,0,0,0,0,320,16143,0,0,0,0
98283.249,16193,61,0,0,0,0,0,8,78354,44,53,0,0,0,0,0,0,0,0,0,0,0,0,0,0,0,0,0,0,0,0,0,0,310,18015,0,0,0,0
98300.114,16864,59,0,0,0,0,0,8,78415,44,53,0,0,0,0,0,0,0,0,0,0,0,0,0,0,0,0,0,0,0,0,0,0,298,14727,0,0,0,0
98316.666,16552,60,0,0,0,0,0,8,77759,44,53,0,0,0,0,0,0,0,0,0,0,0,0,0,0,0,0,0,0,0,0,0,0,285,16527,0,0,0,0
98333.691,17024,58,0,0,0,0,0,8,79298,44,53,0,0,0,0,0,0,0,0,0,0,0,0,0,0,0,0,0,0,0,0,0,0,308,16296,0,0,0,0
98350.007,16316,61,0,0,0,0,0,8,82972,44,53,0,0,0,0,0,0,0,0,0,0,0,0,0,0,0,0,0,0,0,0,0,0,335,19129,0,0,0,0
98366.647,16639,60,0,0,0,0,0,8,81725,44,53,0,0,0,0,0,0,0,0,0,0,0,0,0,0,0,0,0,0,0,0,0,0,273,14692,0,0,0,0
98383.257,16609,60,0,0,0,0,0,8,81698,44,53,0,0,0,0,0,0,0,0,0,0,0,0,0,0,0,0,0,0,0,0,0,0,310,17166,0,0,0,0
98400.059,16791,59,0,0,0,0,0,8,81693,44,53,0,0,0,0,0,0,0,0,0,0,0,0,0,0,0,0,0,0,0,0,0,0,308,15816,0,0,0,0
98416.957,16909,59,0,0,0,0,0,8,82818,44,53,0,0,0,0,0,0,0,0,0,0,0,0,0,0,0,0,0,0,0,0,0,0,314,18275,0,0,0,0
98433.715,16757,59,0,0,0,0,0,8,82865,44,53,0,0,0,0,0,0,0,0,0,0,0,0,0,0,0,0,0,0,0,0,0,0,312,16905,0,0,0,0
98450.538,16823,59,0,0,0,0,0,8,82902,44,53,0,0,0,0,0,0,0,0,0,0,0,0,0,0,0,0,0,0,0,0,0,0,309,15884,0,0,0,0
98466.717,16178,61,0,0,0,0,0,8,81920,44,53,0,0,0,0,0,0,0,0,0,0,0,0,0,0,0,0,0,0,0,0,0,0,283,15882,0,0,0,0
98483.605,16888,59,0,0,0,0,0,8,81021,44,53,0,0,0,0,0,0,0,0,0,0,0,0,0,0,0,0,0,0,0,0,0,0,319,18062,0,0,0,0
98499.942,16336,61,0,0,0,0,0,8,81927,44,53,0,0,0,0,0,0,0,0,0,0,0,0,0,0,0,0,0,0,0,0,0,0,293,16250,0,0,0,0
98516.917,16975,58,0,0,0,0,0,8,80785,44,53,0,0,0,0,0,0,0,0,0,0,0,0,0,0,0,0,0,0,0,0,0,0,305,16737,0,0,0,0
98533.490,16573,60,0,0,0,0,0,8,81236,44,53,0,0,0,0,0,0,0,0,0,0,0,0,0,0,0,0,0,0,0,0,0,0,349,16961,0,0,0,0
98550.289,16798,59,0,0,0,0,0,8,81980,44,53,0,0,0,0,0,0,0,0,0,0,0,0,0,0,0,0,0,0,0,0,0,0,323,15834,0,0,0,0
98566.771,16482,60,0,0,0,0,0,8,80158,44,53,0,0,0,0,0,0,0,0,0,0,0,0,0,0,0,0,0,0,0,0,0,0,311,16845,0,0,0,0
98583.715,16943,59,0,0,0,0,0,8,80973,44,53,0,0,0,0,0,0,0,0,0,0,0,0,0,0,0,0,0,0,0,0,0,0,302,15754,0,0,0,0
98600.060,16344,61,0,0,0,0,0,8,80658,44,53,0,0,0,0,0,0,0,0,0,0,0,0,0,0,0,0,0,0,0,0,0,0,300,19083,0,0,0,0
98617.058,16987,58,0,0,0,0,0,8,79826,44,53,0,0,0,0,0,0,0,0,0,0,0,0,0,0,0,0,0,0,0,0,0,0,280,14203,0,0,0,0
98633.527,16480,60,0,0,0,0,0,8,80143,44,53,0,0,0,0,0,0,0,0,0,0,0,0,0,0,0,0,0,0,0,0,0,0,330,18065,0,0,0,0
98650.313,16785,59,0,0,0,0,0,8,80072,44,53,0,0,0,0,0,0,0,0,0,0,0,0,0,0,0,0,0,0,0,0,0,0,303,15314,0,0,0,0
98666.725,16411,60,0,0,0,0,0,8,79631,44,53,0,0,0,0,0,0,0,0,0,0,0,0,0,0,0,0,0,0,0,0,0,0,311,16989,0,0,0,0
98683.593,16867,59,0,0,0,0,0,8,78377,44,53,0,0,0,0,0,0,0,0,0,0,0,0,0,0,0,0,0,0,0,0,0,0,312,16655,0,0,0,0
98700.248,16655,60,0,0,0,0,0,8,78395,44,53,0,0,0,0,0,0,0,0,0,0,0,0,0,0,0,0,0,0,0,0,0,0,323,17279,0,0,0,0
98716.886,16638,60,0,0,0,0,0,8,77755,44,53,0,0,0,0,0,0,0,0,0,0,0,0,0,0,0,0,0,0,0,0,0,0,302,15744,0,0,0,0
98733.437,16550,60,0,0,0,0,0,8,78105,44,53,0,0,0,0,0,0,0,0,0,0,0,0,0,0,0,0,0,0,0,0,0,0,310,16727,0,0,0,0
98750.068,16631,60,0,0,0,0,0,8,79322,44,53,0,0,0,0,0,0,0,0,0,0,0,0,0,0,0,0,0,0,0,0,0,0,327,16622,0,0,0,0
98766.661,16592,60,0,0,0,0,0,8,79321,44,53,0,0,0,0,0,0,0,0,0,0,0,0,0,0,0,0,0,0,0,0,0,0,294,16870,0,0,0,0
98783.707,17046,58,0,0,0,0,0,8,77955,44,53,0,0,0,0,0,0,0,0,0,0,0,0,0,0,0,0,0,0,0,0,0,0,292,17150,0,0,0,0
98800.196,16488,60,0,0,0,0,0,8,78190,44,53,0,0,0,0,0,0,0,0,0,0,0,0,0,0,0,0,0,0,0,0,0,0,340,16838,0,0,0,0
98816.629,16433,60,0,0,0,0,0,8,79181,44,53,0,0,0,0,0,0,0,0,0,0,0,0,0,0,0,0,0,0,0,0,0,0,313,17387,0,0,0,0
98833.630,17000,58,0,0,0,0,0,8,78929,44,53,0,0,0,0,0,0,0,0,0,0,0,0,0,0,0,0,0,0,0,0,0,0,304,16408,0,0,0,0
98850.057,16427,60,0,0,0,0,0,8,77897,44,53,0,0,0,0,0,0,0,0,0,0,0,0,0,0,0,0,0,0,0,0,0,0,305,15564,0,0,0,0
98866.784,16726,59,0,0,0,0,0,8,77333,44,53,0,0,0,0,0,0,0,0,0,0,0,0,0,0,0,0,0,0,0,0,0,0,314,16520,0,0,0,0
98883.676,16892,59,0,0,0,0,0,8,77621,44,53,0,0,0,0,0,0,0,0,0,0,0,0,0,0,0,0,0,0,0,0,0,0,322,18564,0,0,0,0
98900.188,16512,60,0,0,0,0,0,8,77515,44,53,0,0,0,0,0,0,0,0,0,0,0,0,0,0,0,0,0,0,0,0,0,0,294,14946,0,0,0,0
98916.630,16442,60,0,0,0,0,0,8,76987,44,53,0,0,0,0,0,0,0,0,0,0,0,0,0,0,0,0,0,0,0,0,0,0,283,16228,0,0,0,0
98933.534,16904,59,0,0,0,0,0,8,77426,44,53,0,0,0,0,0,0,0,0,0,0,0,0,0,0,0,0,0,0,0,0,0,0,310,17222,0,0,0,0
98950.400,16865,59,0,0,0,0,0,8,79279,44,53,0,0,0,0,0,0,0,0,0,0,0,0,0,0,0,0,0,0,0,0,0,0,315,15567,0,0,0,0
98967.010,16609,60,0,0,0,0,0,8,78699,44,53,0,0,0,0,0,0,0,0,0,0,0,0,0,0,0,0,0,0,0,0,0,0,322,18501,0,0,0,0
98983.679,16669,59,0,0,0,0,0,8,79079,44,53,0,0,0,0,0,0,0,0,0,0,0,0,0,0,0,0,0,0,0,0,0,0,307,16855,0,0,0,0
99001.057,17378,57,0,0,0,0,0,8,78192,44,53,0,0,0,0,0,0,0,0,0,0,0,0,0,0,0,0,0,0,0,0,0,0,307,14970,0,0,0,0
99016.565,15507,64,0,0,0,0,0,8,77413,44,53,0,0,0,0,0,0,0,0,0,0,0,0,0,0,0,0,0,0,0,0,0,0,305,18240,0,0,0,0
99034.543,17978,55,0,0,0,0,0,8,77159,44,53,0,0,0,0,0,0,0,0,0,0,0,0,0,0,0,0,0,0,0,0,0,0,293,15711,0,0,0,0
99050.080,15536,64,0,0,0,0,0,8,76447,44,53,0,0,0,0,0,0,0,0,0,0,0,0,0,0,0,0,0,0,0,0,0,0,318,17889,0,0,0,0
99066.671,16591,60,0,0,0,0,0,8,76168,44,53,0,0,0,0,0,0,0,0,0,0,0,0,0,0,0,0,0,0,0,0,0,0,286,15446,0,0,0,0
99084.058,17387,57,0,0,0,0,0,8,76109,44,53,0,0,0,0,0,0,0,0,0,0,0,0,0,0,0,0,0,0,0,0,0,0,292,16830,0,0,0,0
99100.045,15987,62,0,0,0,0,0,8,75925,44,53,0,0,0,0,0,0,0,0,0,0,0,0,0,0,0,0,0,0,0,0,0,0,298,16947,0,0,0,0
99116.920,16874,59,0,0,0,0,0,8,75973,44,53,0,0,0,0,0,0,0,0,0,0,0,0,0,0,0,0,0,0,0,0,0,0,305,15806,0,0,0,0
99134.556,17636,56,0,0,0,0,0,8,75727,44,53,0,0,0,0,0,0,0,0,0,0,0,0,0,0,0,0,0,0,0,0,0,0,315,16913,0,0,0,0
99149.703,15146,66,0,0,0,0,0,8,76240,44,53,0,0,0,0,0,0,0,0,0,0,0,0,0,0,0,0,0,0,0,0,0,0,323,18093,0,0,0,0
99166.664,16960,58,0,0,0,0,0,8,75610,44,53,0,0,0,0,0,0,0,0,0,0,0,0,0,0,0,0,0,0,0,0,0,0,282,13840,0,0,0,0
99183.323,16659,60,0,0,0,0,0,8,74748,44,53,0,0,0,0,0,0,0,0,0,0,0,0,0,0,0,0,0,0,0,0,0,0,440,18194,0,0,0,0
99200.303,16980,58,0,0,0,0,0,8,73455,44,53,0,0,0,0,0,0,0,0,0,0,0,0,0,0,0,0,0,0,0,0,0,0,426,16896,0,0,0,0
99217.046,16742,59,0,0,0,0,0,8,70899,44,53,0,0,0,0,0,0,0,0,0,0,0,0,0,0,0,0,0,0,0,0,0,0,323,15968,0,0,0,0
99233.329,16283,61,0,0,0,0,0,8,70912,44,53,0,0,0,0,0,0,0,0,0,0,0,0,0,0,0,0,0,0,0,0,0,0,340,17811,0,0,0,0
99250.105,16775,59,0,0,0,0,0,8,70755,44,53,0,0,0,0,0,0,0,0,0,0,0,0,0,0,0,0,0,0,0,0,0,0,308,15151,0,0,0,0
99266.896,16791,59,0,0,0,0,0,8,70721,44,53,0,0,0,0,0,0,0,0,0,0,0,0,0,0,0,0,0,0,0,0,0,0,304,16710,0,0,0,0
99283.050,16153,61,0,0,0,0,0,8,70780,44,53,0,0,0,0,0,0,0,0,0,0,0,0,0,0,0,0,0,0,0,0,0,0,362,17050,0,0,0,0
99300.046,16995,58,0,0,0,0,0,8,70819,44,53,0,0,0,0,0,0,0,0,0,0,0,0,0,0,0,0,0,0,0,0,0,0,323,17117,0,0,0,0
99316.885,16839,59,0,0,0,0,0,8,70385,44,53,0,0,0,0,0,0,0,0,0,0,0,0,0,0,0,0,0,0,0,0,0,0,315,16404,0,0,0,0
99332.923,16037,62,0,0,0,0,0,8,70818,44,53,0,0,0,0,0,0,0,0,0,0,0,0,0,0,0,0,0,0,0,0,0,0,494,16265,0,0,0,0
99350.175,17252,57,0,0,0,0,0,8,70233,44,53,0,0,0,0,0,0,0,0,0,0,0,0,0,0,0,0,0,0,0,0,0,0,335,17134,0,0,0,0
99367.046,16871,59,0,0,0,0,0,8,69486,44,53,0,0,0,0,0,0,0,0,0,0,0,0,0,0,0,0,0,0,0,0,0,0,397,16921,0,0,0,0
99383.035,15988,62,0,0,0,0,0,8,76591,44,53,0,0,0,0,0,0,0,0,0,0,0,0,0,0,0,0,0,0,0,0,0,0,323,18714,0,0,0,0
99400.301,17265,57,0,0,0,0,0,8,76329,44,53,0,0,0,0,0,0,0,0,0,0,0,0,0,0,0,0,0,0,0,0,0,0,299,13756,0,0,0,0
99416.600,16299,61,0,0,0,0,0,8,76815,44,53,0,0,0,0,0,0,0,0,0,0,0,0,0,0,0,0,0,0,0,0,0,0,295,18321,0,0,0,0
99433.673,17072,58,0,0,0,0,0,8,76624,44,53,0,0,0,0,0,0,0,0,0,0,0,0,0,0,0,0,0,0,0,0,0,0,320,14773,0,0,0,0
99450.043,16370,61,0,0,0,0,0,8,76817,44,53,0,0,0,0,0,0,0,0,0,0,0,0,0,0,0,0,0,0,0,0,0,0,396,16909,0,0,0,0
99467.045,17001,58,0,0,0,0,0,8,76297,44,53,0,0,0,0,0,0,0,0,0,0,0,0,0,0,0,0,0,0,0,0,0,0,337,18596,0,0,0,0
99483.576,16531,60,0,0,0,0,0,8,76231,44,53,0,0,0,0,0,0,0,0,0,0,0,0,0,0,0,0,0,0,0,0,0,0,331,17440,0,0,0,0
99500.119,16543,60,0,0,0,0,0,8,75736,44,53,0,0,0,0,0,0,0,0,0,0,0,0,0,0,0,0,0,0,0,0,0,0,348,15706,0,0,0,0
99516.712,16593,60,0,0,0,0,0,8,75353,44,53,0,0,0,0,0,0,0,0,0,0,0,0,0,0,0,0,0,0,0,0,0,0,308,15859,0,0,0,0
99533.675,16963,58,0,0,0,0,0,8,75362,44,53,0,0,0,0,0,0,0,0,0,0,0,0,0,0,0,0,0,0,0,0,0,0,404,18150,0,0,0,0
99550.135,16459,60,0,0,0,0,0,8,75968,44,53,0,0,0,0,0,0,0,0,0,0,0,0,0,0,0,0,0,0,0,0,0,0,319,15241,0,0,0,0
99566.633,16498,60,0,0,0,0,0,8,75845,44,53,0,0,0,0,0,0,0,0,0,0,0,0,0,0,0,0,0,0,0,0,0,0,290,15775,0,0,0,0
99583.228,16595,60,0,0,0,0,0,8,76017,44,53,0,0,0,0,0,0,0,0,0,0,0,0,0,0,0,0,0,0,0,0,0,0,312,18009,0,0,0,0
99600.257,17028,58,0,0,0,0,0,8,76130,44,53,0,0,0,0,0,0,0,0,0,0,0,0,0,0,0,0,0,0,0,0,0,0,302,15091,0,0,0,0
99616.988,16731,59,0,0,0,0,0,8,76277,44,53,0,0,0,0,0,0,0,0,0,0,0,0,0,0,0,0,0,0,0,0,0,0,308,18270,0,0,0,0
99633.041,16053,62,0,0,0,0,0,8,75803,44,53,0,0,0,0,0,0,0,0,0,0,0,0,0,0,0,0,0,0,0,0,0,0,323,15769,0,0,0,0
99650.104,17063,58,0,0,0,0,0,8,75741,44,53,0,0,0,0,0,0,0,0,0,0,0,0,0,0,0,0,0,0,0,0,0,0,302,18100,0,0,0,0
99666.611,16506,60,0,0,0,0,0,8,75535,44,53,0,0,0,0,0,0,0,0,0,0,0,0,0,0,0,0,0,0,0,0,0,0,284,15066,0,0,0,0
99683.258,16647,60,0,0,0,0,0,8,75788,44,53,0,0,0,0,0,0,0,0,0,0,0,0,0,0,0,0,0,0,0,0,0,0,316,17771,0,0,0,0
99700.253,16994,58,0,0,0,0,0,8,75511,44,53,0,0,0,0,0,0,0,0,0,0,0,0,0,0,0,0,0,0,0,0,0,0,282,16361,0,0,0,0
99716.732,16478,60,0,0,0,0,0,8,75381,44,53,0,0,0,0,0,0,0,0,0,0,0,0,0,0,0,0,0,0,0,0,0,0,308,16633,0,0,0,0
99734.109,17376,57,0,0,0,0,0,8,75878,44,53,0,0,0,0,0,0,0,0,0,0,0,0,0,0,0,0,0,0,0,0,0,0,342,17784,0,0,0,0
99750.553,16443,60,0,0,0,0,0,8,75095,44,53,0,0,0,0,0,0,0,0,0,0,0,0,0,0,0,0,0,0,0,0,0,0,303,14739,0,0,0,0
99766.658,16105,62,0,0,0,0,0,8,76472,44,53,0,0,0,0,0,0,0,0,0,0,0,0,0,0,0,0,0,0,0,0,0,0,310,16385,0,0,0,0
99783.332,16674,59,0,0,0,0,0,8,76704,44,53,0,0,0,0,0,0,0,0,0,0,0,0,0,0,0,0,0,0,0,0,0,0,291,17035,0,0,0,0
99800.051,16718,59,0,0,0,0,0,8,76390,44,53,0,0,0,0,0,0,0,0,0,0,0,0,0,0,0,0,0,0,0,0,0,0,302,16689,0,0,0,0
99817.542,17490,57,0,0,0,0,0,8,77413,44,53,0,0,0,0,0,0,0,0,0,0,0,0,0,0,0,0,0,0,0,0,0,0,307,17085,0,0,0,0
99833.529,15987,62,0,0,0,0,0,8,75983,44,53,0,0,0,0,0,0,0,0,0,0,0,0,0,0,0,0,0,0,0,0,0,0,301,17215,0,0,0,0
99850.050,16521,60,0,0,0,0,0,8,76331,44,53,0,0,0,0,0,0,0,0,0,0,0,0,0,0,0,0,0,0,0,0,0,0,302,15151,0,0,0,0
99866.991,16940,59,0,0,0,0,0,8,76313,44,53,0,0,0,0,0,0,0,0,0,0,0,0,0,0,0,0,0,0,0,0,0,0,294,16691,0,0,0,0
99883.589,16598,60,0,0,0,0,0,8,76180,44,53,0,0,0,0,0,0,0,0,0,0,0,0,0,0,0,0,0,0,0,0,0,0,301,16932,0,0,0,0
99900.355,16766,59,0,0,0,0,0,8,76078,44,53,0,0,0,0,0,0,0,0,0,0,0,0,0,0,0,0,0,0,0,0,0,0,310,17631,0,0,0,0
99916.909,16553,60,0,0,0,0,0,8,75706,44,53,0,0,0,0,0,0,0,0,0,0,0,0,0,0,0,0,0,0,0,0,0,0,307,16682,0,0,0,0
99933.031,16122,62,0,0,0,0,0,8,75649,44,53,0,0,0,0,0,0,0,0,0,0,0,0,0,0,0,0,0,0,0,0,0,0,340,16208,0,0,0,0
99950.041,17010,58,0,0,0,0,0,8,75822,44,53,0,0,0,0,0,0,0,0,0,0,0,0,0,0,0,0,0,0,0,0,0,0,334,17032,0,0,0,0
99966.656,16615,60,0,0,0,0,0,8,74806,44,53,0,0,0,0,0,0,0,0,0,0,0,0,0,0,0,0,0,0,0,0,0,0,289,15951,0,0,0,0
99983.156,16490,60,0,0,0,0,0,8,75317,44,53,0,0,0,0,0,0,0,0,0,0,0,0,0,0,0,0,0,0,0,0,0,0,276,16789,0,0,0,0
100000.251,17104,58,0,0,0,0,0,8,74690,44,53,0,0,0,0,0,0,0,0,0,0,0,0,0,0,0,0,0,0,0,0,0,0,289,15774,0,0,0,0
100016.677,16425,60,0,0,0,0,0,8,73780,44,53,0,0,0,0,0,0,0,0,0,0,0,0,0,0,0,0,0,0,0,0,0,0,292,17966,0,0,0,0
100032.942,16265,61,0,0,0,0,0,8,72297,44,53,0,0,0,0,0,0,0,0,0,0,0,0,0,0,0,0,0,0,0,0,0,0,307,16807,0,0,0,0
100050.041,17099,58,0,0,0,0,0,8,72121,44,53,0,0,0,0,0,0,0,0,0,0,0,0,0,0,0,0,0,0,0,0,0,0,302,15136,0,0,0,0
100067.536,17495,57,0,0,0,0,0,8,72013,44,53,0,0,0,0,0,0,0,0,0,0,0,0,0,0,0,0,0,0,0,0,0,0,330,18501,0,0,0,0
100083.521,15984,62,0,0,0,0,0,8,72413,44,53,0,0,0,0,0,0,0,0,0,0,0,0,0,0,0,0,0,0,0,0,0,0,304,17101,0,0,0,0
100101.052,17531,57,0,0,0,0,0,8,72429,44,53,0,0,0,0,0,0,0,0,0,0,0,0,0,0,0,0,0,0,0,0,0,0,303,15738,0,0,0,0
100116.580,15528,64,0,0,0,0,0,8,70273,44,53,0,0,0,0,0,0,0,0,0,0,0,0,0,0,0,0,0,0,0,0,0,0,290,17005,0,0,0,0
100133.224,16643,60,0,0,0,0,0,8,72274,44,53,0,0,0,0,0,0,0,0,0,0,0,0,0,0,0,0,0,0,0,0,0,0,286,15575,0,0,0,0
100150.523,17299,57,0,0,0,1,0,8,71895,44,53,0,0,0,0,0,0,0,0,0,0,0,0,0,0,0,0,0,0,0,0,0,0,315,17277,0,0,0,0
100166.926,16391,61,0,0,0,0,0,8,71121,44,53,0,0,0,0,0,0,0,0,0,0,0,0,0,0,0,0,0,0,0,0,0,0,299,16061,0,0,0,0
100183.770,16854,59,0,0,0,0,0,8,72301,44,53,0,0,0,0,0,0,0,0,0,0,0,0,0,0,0,0,0,0,0,0,0,0,341,18054,0,0,0,0
100200.342,16572,60,0,0,0,0,0,8,71241,44,53,0,0,0,0,0,0,0,0,0,0,0,0,0,0,0,0,0,0,0,0,0,0,343,16340,0,0,0,0
100216.886,16543,60,0,0,0,0,0,8,70929,44,53,0,0,0,0,0,0,0,0,0,0,0,0,0,0,0,0,0,0,0,0,0,0,325,16521,0,0,0,0
100233.522,16637,60,0,0,0,0,0,8,72330,44,53,0,0,0,0,0,0,0,0,0,0,0,0,0,0,0,0,0,0,0,0,0,0,300,15947,0,0,0,0
100250.209,16686,59,0,0,0,0,0,8,74976,44,53,0,0,0,0,0,0,0,0,0,0,0,0,0,0,0,0,0,0,0,0,0,0,317,17630,0,0,0,0
100266.739,16516,60,0,0,0,0,0,8,74472,44,53,0,0,0,0,0,0,0,0,0,0,0,0,0,0,0,0,0,0,0,0,0,0,324,16097,0,0,0,0
100283.282,16556,60,0,0,0,0,0,8,73255,44,53,0,0,0,0,0,0,0,0,0,0,0,0,0,0,0,0,0,0,0,0,0,0,317,17468,0,0,0,0
100300.136,16854,59,0,0,0,0,0,8,74246,44,53,0,0,0,0,0,0,0,0,0,0,0,0,0,0,0,0,0,0,0,0,0,0,302,15626,0,0,0,0
100317.530,17393,57,0,0,0,0,0,8,72738,44,53,0,0,0,0,0,0,0,0,0,0,0,0,0,0,0,0,0,0,0,0,0,0,310,16293,0,0,0,0
100332.843,15313,65,0,0,0,0,0,8,73655,44,53,0,0,0,0,0,0,0,0,0,0,0,0,0,0,0,0,0,0,0,0,0,0,310,18950,0,0,0,0
100350.043,17200,58,0,0,0,0,0,8,73631,44,53,0,0,0,0,0,0,0,0,0,0,0,0,0,0,0,0,0,0,0,0,0,0,336,15397,0,0,0,0
100367.031,16988,58,0,0,0,0,0,8,73468,44,53,0,0,0,0,0,0,0,0,0,0,0,0,0,0,0,0,0,0,0,0,0,0,296,16355,0,0,0,0
100383.661,16629,60,0,0,0,0,0,8,73746,44,53,0,0,0,0,0,0,0,0,0,0,0,0,0,0,0,0,0,0,0,0,0,0,323,16262,0,0,0,0
100399.974,16313,61,0,0,0,0,0,8,74026,44,53,0,0,0,0,0,0,0,0,0,0,0,0,0,0,0,0,0,0,0,0,0,0,316,17393,0,0,0,0
100416.576,16601,60,0,0,0,0,0,8,73885,44,53,0,0,0,0,0,0,0,0,0,0,0,0,0,0,0,0,0,0,0,0,0,0,303,15401,0,0,0,0
100433.092,16516,60,0,0,0,0,0,8,74409,44,53,0,0,0,0,0,0,0,0,0,0,0,0,0,0,0,0,0,0,0,0,0,0,309,16935,0,0,0,0
100450.344,17252,57,0,0,0,0,0,8,74542,44,53,0,0,0,0,0,0,0,0,0,0,0,0,0,0,0,0,0,0,0,0,0,0,290,16198,0,0,0,0
100467.110,16765,59,0,0,0,0,0,8,75509,44,53,0,0,0,0,0,0,0,0,0,0,0,0,0,0,0,0,0,0,0,0,0,0,310,17620,0,0,0,0
100483.485,16375,61,0,0,0,0,0,8,83573,44,53,0,0,0,0,0,0,0,0,0,0,0,0,0,0,0,0,0,0,0,0,0,0,289,17069,0,0,0,0
100500.040,16554,60,0,0,0,0,0,8,81845,44,53,0,0,0,0,0,0,0,0,0,0,0,0,0,0,0,0,0,0,0,0,0,0,311,16723,0,0,0,0
100516.848,16807,59,0,0,0,0,0,8,81968,44,53,0,0,0,0,0,0,0,0,0,0,0,0,0,0,0,0,0,0,0,0,0,0,296,16401,0,0,0,0
100533.296,16448,60,0,0,0,0,0,8,81734,44,53,0,0,0,0,0,0,0,0,0,0,0,0,0,0,0,0,0,0,0,0,0,0,305,16231,0,0,0,0
100550.521,17224,58,0,0,0,0,0,8,81960,44,53,0,0,0,0,0,0,0,0,0,0,0,0,0,0,0,0,0,0,0,0,0,0,283,16465,0,0,0,0
100567.532,17010,58,0,0,0,0,0,8,81562,44,53,0,0,0,0,0,0,0,0,0,0,0,0,0,0,0,0,0,0,0,0,0,0,307,16452,0,0,0,0
100583.417,15885,62,0,0,0,0,0,8,82174,44,53,0,0,0,0,0,0,0,0,0,0,0,0,0,0,0,0,0,0,0,0,0,0,329,18281,0,0,0,0
100600.228,16810,59,0,0,0,0,0,8,83157,44,53,0,0,0,0,0,0,0,0,0,0,0,0,0,0,0,0,0,0,0,0,0,0,333,15408,0,0,0,0
100616.783,16555,60,0,0,0,0,0,8,80479,44,53,0,0,0,0,0,0,0,0,0,0,0,0,0,0,0,0,0,0,0,0,0,0,294,16043,0,0,0,0
100633.706,16922,59,0,0,0,0,0,8,80642,44,53,0,0,0,0,0,0,0,0,0,0,0,0,0,0,0,0,0,0,0,0,0,0,328,18486,0,0,0,0
100650.312,16606,60,0,0,0,0,0,8,80610,44,53,0,0,0,0,0,0,0,0,0,0,0,0,0,0,0,0,0,0,0,0,0,0,334,16994,0,0,0,0
100666.678,16365,61,0,0,0,0,0,8,80464,44,53,0,0,0,0,0,0,0,0,0,0,0,0,0,0,0,0,0,0,0,0,0,0,315,15698,0,0,0,0
100683.372,16694,59,0,0,0,0,0,8,80551,44,53,0,0,0,0,0,0,0,0,0,0,0,0,0,0,0,0,0,0,0,0,0,0,302,16219,0,0,0,0
100700.038,16666,60,0,0,0,0,0,8,80245,44,53,0,0,0,0,0,0,0,0,0,0,0,0,0,0,0,0,0,0,0,0,0,0,309,16306,0,0,0,0
100716.916,16877,59,0,0,0,0,0,8,80553,44,53,0,0,0,0,0,0,0,0,0,0,0,0,0,0,0,0,0,0,0,0,0,0,324,17853,0,0,0,0
100733.203,16287,61,0,0,0,0,0,8,80487,44,53,0,0,0,0,0,0,0,0,0,0,0,0,0,0,0,0,0,0,0,0,0,0,308,15662,0,0,0,0
100750.041,16838,59,0,0,0,0,0,8,79324,44,53,0,0,0,0,0,0,0,0,0,0,0,0,0,0,0,0,0,0,0,0,0,0,296,16871,0,0,0,0
100766.600,16558,60,0,0,0,0,0,8,79075,44,53,0,0,0,0,0,0,0,0,0,0,0,0,0,0,0,0,0,0,0,0,0,0,296,16402,0,0,0,0
100783.661,17061,58,0,0,0,0,0,8,77476,44,53,0,0,0,0,0,0,0,0,0,0,0,0,0,0,0,0,0,0,0,0,0,0,300,16508,0,0,0,0
100800.047,16385,61,0,0,0,0,0,8,77638,44,53,0,0,0,0,0,0,0,0,0,0,0,0,0,0,0,0,0,0,0,0,0,0,350,17824,0,0,0,0
100816.830,16783,59,0,0,0,0,0,8,77186,44,53,0,0,0,0,0,0,0,0,0,0,0,0,0,0,0,0,0,0,0,0,0,0,311,15447,0,0,0,0
100833.345,16514,60,0,0,0,0,0,8,77751,44,53,0,0,0,0,0,0,0,0,0,0,0,0,0,0,0,0,0,0,0,0,0,0,295,16998,0,0,0,0
100850.053,16708,59,0,0,0,0,0,8,77476,44,53,0,0,0,0,0,0,0,0,0,0,0,0,0,0,0,0,0,0,0,0,0,0,287,16444,0,0,0,0
100866.702,16648,60,0,0,0,0,0,8,77327,44,53,0,0,0,0,0,0,0,0,0,0,0,0,0,0,0,0,0,0,0,0,0,0,315,17917,0,0,0,0
100883.668,16966,58,0,0,0,0,0,8,77493,44,53,0,0,0,0,0,0,0,0,0,0,0,0,0,0,0,0,0,0,0,0,0,0,303,16259,0,0,0,0
100900.027,16358,61,0,0,0,0,0,8,77707,44,53,0,0,0,0,0,0,0,0,0,0,0,0,0,0,0,0,0,0,0,0,0,0,304,15327,0,0,0,0
100916.985,16957,58,0,0,0,0,0,8,77531,44,53,0,0,0,0,0,0,0,0,0,0,0,0,0,0,0,0,0,0,0,0,0,0,310,17243,0,0,0,0
100933.424,16439,60,0,0,0,0,0,8,77511,44,53,0,0,0,0,0,0,0,0,0,0,0,0,0,0,0,0,0,0,0,0,0,0,340,17018,0,0,0,0
100950.092,16667,59,0,0,0,0,0,8,77353,44,53,0,0,0,0,0,0,0,0,0,0,0,0,0,0,0,0,0,0,0,0,0,0,308,16486,0,0,0,0
100967.045,16953,58,0,0,0,0,0,8,77387,44,53,0,0,0,0,0,0,0,0,0,0,0,0,0,0,0,0,0,0,0,0,0,0,299,17419,0,0,0,0
100983.405,16359,61,0,0,0,0,0,8,77231,44,53,0,0,0,0,0,0,0,0,0,0,0,0,0,0,0,0,0,0,0,0,0,0,357,16784,0,0,0,0
101000.393,16987,58,0,0,0,0,0,8,77178,44,53,0,0,0,0,0,0,0,0,0,0,0,0,0,0,0,0,0,0,0,0,0,0,345,15613,0,0,0,0
101017.525,17131,58,0,0,0,0,0,8,76952,44,53,0,0,0,0,0,0,0,0,0,0,0,0,0,0,0,0,0,0,0,0,0,0,295,16943,0,0,0,0
101034.038,16513,60,0,0,0,0,0,8,77063,44,53,0,0,0,0,0,0,0,0,0,0,0,0,0,0,0,0,0,0,0,0,0,0,304,17600,0,0,0,0
101050.201,16162,61,0,0,0,0,0,8,77776,44,53,0,0,0,0,0,0,0,0,0,0,0,0,0,0,0,0,0,0,0,0,0,0,325,16065,0,0,0,0
101067.377,17175,58,0,0,0,0,0,8,76854,44,53,0,0,0,0,0,0,0,0,0,0,0,0,0,0,0,0,0,0,0,0,0,0,314,15976,0,0,0,0
101083.526,16138,61,0,0,0,0,0,8,76693,44,53,0,0,0,0,0,0,0,0,0,0,0,0,0,0,0,0,0,0,0,0,0,0,334,18023,0,0,0,0
101100.109,16593,60,0,0,0,0,0,8,75730,44,53,0,0,0,0,0,0,0,0,0,0,0,0,0,0,0,0,0,0,0,0,0,0,277,15915,0,0,0,0
101116.844,16735,59,0,0,0,0,0,8,75146,44,53,0,0,0,0,0,0,0,0,0,0,0,0,0,0,0,0,0,0,0,0,0,0,286,16022,0,0,0,0
101133.557,16712,59,0,0,0,0,0,8,75401,44,53,0,0,0,0,0,0,0,0,0,0,0,0,0,0,0,0,0,0,0,0,0,0,310,16741,0,0,0,0
101150.032,16475,60,0,0,0,0,0,8,75400,44,53,0,0,0,0,0,0,0,0,0,0,0,0,0,0,0,0,0,0,0,0,0,0,299,16644,0,0,0,0
101166.715,16683,59,0,0,0,0,0,8,75313,44,53,0,0,0,0,0,0,0,0,0,0,0,0,0,0,0,0,0,0,0,0,0,0,314,17732,0,0,0,0
101183.662,16946,59,0,0,0,0,0,8,75161,44,53,0,0,0,0,0,0,0,0,0,0,0,0,0,0,0,0,0,0,0,0,0,0,314,16657,0,0,0,0
101200.042,16380,61,0,0,0,0,0,8,75365,44,53,0,0,0,0,0,0,0,0,0,0,0,0,0,0,0,0,0,0,0,0,0,0,348,17531,0,0,0,0
101217.050,17007,58,0,0,0,0,0,8,74660,44,53,0,0,0,0,0,0,0,0,0,0,0,0,0,0,0,0,0,0,0,0,0,0,300,14666,0,0,0,0
101233.173,16122,62,0,0,0,0,0,8,75194,44,53,0,0,0,0,0,0,0,0,0,0,0,0,0,0,0,0,0,0,0,0,0,0,320,18572,0,0,0,0
101250.030,16857,59,0,0,0,0,0,8,77165,44,53,0,0,0,0,0,0,0,0,0,0,0,0,0,0,0,0,0,0,0,0,0,0,295,14006,0,0,0,0
101266.714,16683,59,0,0,0,0,0,8,77005,44,53,0,0,0,0,0,0,0,0,0,0,0,0,0,0,0,0,0,0,0,0,0,0,297,17574,0,0,0,0
101284.052,17337,57,0,0,0,0,0,8,79316,44,53,0,0,0,0,0,0,0,0,0,0,0,0,0,0,0,0,0,0,0,0,0,0,284,17043,0,0,0,0
101300.188,16136,61,0,0,0,0,0,8,79218,44,53,0,0,0,0,0,0,0,0,0,0,0,0,0,0,0,0,0,0,0,0,0,0,308,17138,0,0,0,0
101317.514,17325,57,0,0,0,0,0,8,78886,44,53,0,0,0,0,0,0,0,0,0,0,0,0,0,0,0,0,0,0,0,0,0,0,293,15736,0,0,0,0
101333.697,16183,61,0,0,0,0,0,8,79551,44,53,0,0,0,0,0,0,0,0,0,0,0,0,0,0,0,0,0,0,0,0,0,0,307,18128,0,0,0,0
101349.512,15814,63,0,0,0,0,0,8,81568,44,53,0,0,0,0,0,0,0,0,0,0,0,0,0,0,0,0,0,0,0,0,0,0,296,16006,0,0,0,0
101367.034,17521,57,0,0,0,0,0,8,81203,44,53,0,0,0,0,0,0,0,0,0,0,0,0,0,0,0,0,0,0,0,0,0,0,290,16032,0,0,0,0
101383.698,16664,60,0,0,0,0,0,8,81106,44,53,0,0,0,0,0,0,0,0,0,0,0,0,0,0,0,0,0,0,0,0,0,0,319,16885,0,0,0,0
101400.106,16407,60,0,0,0,0,0,8,81292,44,53,0,0,0,0,0,0,0,0,0,0,0,0,0,0,0,0,0,0,0,0,0,0,325,16619,0,0,0,0
101416.762,16656,60,0,0,0,0,0,8,80953,44,53,0,0,0,0,0,0,0,0,0,0,0,0,0,0,0,0,0,0,0,0,0,0,321,16885,0,0,0,0
101433.307,16544,60,0,0,0,0,0,8,80963,44,53,0,0,0,0,0,0,0,0,0,0,0,0,0,0,0,0,0,0,0,0,0,0,290,15774,0,0,0,0
101450.144,16836,59,0,0,0,0,0,8,81269,44,53,0,0,0,0,0,0,0,0,0,0,0,0,0,0,0,0,0,0,0,0,0,0,312,18089,0,0,0,0
101466.997,16854,59,0,0,0,0,0,8,80269,44,53,0,0,0,0,0,0,0,0,0,0,0,0,0,0,0,0,0,0,0,0,0,0,298,15470,0,0,0,0
101483.653,16655,60,0,0,0,0,0,8,80509,44,53,0,0,0,0,0,0,0,0,0,0,0,0,0,0,0,0,0,0,0,0,0,0,285,16958,0,0,0,0
101500.022,16368,61,0,0,0,0,0,8,80694,44,53,0,0,0,0,0,0,0,0,0,0,0,0,0,0,0,0,0,0,0,0,0,0,297,16074,0,0,0,0
101516.162,16140,61,0,0,0,0,0,8,78621,44,53,0,0,0,0,0,0,0,0,0,0,0,0,0,0,0,0,0,0,0,0,0,0,321,18208,0,0,0,0
101533.256,17093,58,0,0,0,0,0,8,78768,44,53,0,0,0,0,0,0,0,0,0,0,0,0,0,0,0,0,0,0,0,0,0,0,319,15423,0,0,0,0
101550.021,16764,59,0,0,0,0,0,8,79087,44,53,0,0,0,0,0,0,0,0,0,0,0,0,0,0,0,0,0,0,0,0,0,0,288,16982,0,0,0,0
101566.519,16497,60,0,0,0,0,0,8,78406,44,53,0,0,0,0,0,0,0,0,0,0,0,0,0,0,0,0,0,0,0,0,0,0,300,16568,0,0,0,0
101583.633,17114,58,0,0,0,0,0,8,78637,44,53,0,0,0,0,0,0,0,0,0,0,0,0,0,0,0,0,0,0,0,0,0,0,303,16464,0,0,0,0
101600.024,16391,61,0,0,0,0,0,8,78978,44,53,0,0,0,0,0,0,0,0,0,0,0,0,0,0,0,0,0,0,0,0,0,0,330,17505,0,0,0,0
101616.864,16840,59,0,0,0,0,0,8,80880,44,53,0,0,0,0,0,0,0,0,0,0,0,0,0,0,0,0,0,0,0,0,0,0,314,16194,0,0,0,0
101633.633,16768,59,0,0,0,0,0,8,81080,44,53,0,0,0,0,0,0,0,0,0,0,0,0,0,0,0,0,0,0,0,0,0,0,292,16759,0,0,0,0
101650.263,16630,60,0,0,0,0,0,8,81010,44,53,0,0,0,0,0,0,0,0,0,0,0,0,0,0,0,0,0,0,0,0,0,0,327,17127,0,0,0,0
101667.035,16772,59,0,0,0,0,0,8,82370,44,53,0,0,0,0,0,0,0,0,0,0,0,0,0,0,0,0,0,0,0,0,0,0,337,16069,0,0,0,0
101683.802,16767,59,0,0,0,0,0,8,82797,44,53,0,0,0,0,0,0,0,0,0,0,0,0,0,0,0,0,0,0,0,0,0,0,319,17523,0,0,0,0
101700.034,16231,61,0,0,0,0,0,8,82712,44,53,0,0,0,0,0,0,0,0,0,0,0,0,0,0,0,0,0,0,0,0,0,0,310,17176,0,0,0,0
101716.599,16565,60,0,0,0,0,0,8,82046,44,53,0,0,0,0,0,0,0,0,0,0,0,0,0,0,0,0,0,0,0,0,0,0,359,15133,0,0,0,0
101733.750,17140,58,0,0,0,0,0,8,82180,44,53,0,0,0,0,0,0,0,0,0,0,0,0,0,0,0,0,0,0,0,0,0,0,293,16234,0,0,0,0
101750.513,16773,59,0,0,0,0,0,8,82044,44,53,0,0,0,0,0,0,0,0,0,0,0,0,0,0,0,0,0,0,0,0,0,0,320,18643,0,0,0,0
101766.193,15679,63,0,0,0,0,0,8,81591,44,53,0,0,0,0,0,0,0,0,0,0,0,0,0,0,0,0,0,0,0,0,0,0,318,14876,0,0,0,0
101783.282,17088,58,0,0,0,0,0,8,81610,44,53,0,0,0,0,0,0,0,0,0,0,0,0,0,0,0,0,0,0,0,0,0,0,334,16446,0,0,0,0
101800.334,17051,58,0,0,0,0,0,8,81770,44,53,0,0,0,0,0,0,0,0,0,0,0,0,0,0,0,0,0,0,0,0,0,0,311,17912,0,0,0,0
101816.643,16309,61,0,0,0,0,0,8,81391,44,53,0,0,0,0,0,0,0,0,0,0,0,0,0,0,0,0,0,0,0,0,0,0,330,16357,0,0,0,0
101834.509,17866,55,0,0,0,0,0,8,81331,44,53,0,0,0,0,0,0,0,0,0,0,0,0,0,0,0,0,0,0,0,0,0,0,290,16102,0,0,0,0
101850.115,15605,64,0,0,0,0,0,8,81421,44,53,0,0,0,0,0,0,0,0,0,0,0,0,0,0,0,0,0,0,0,0,0,0,326,18606,0,0,0,0
101866.596,16481,60,0,0,0,0,0,8,80915,44,53,0,0,0,0,0,0,0,0,0,0,0,0,0,0,0,0,0,0,0,0,0,0,333,14957,0,0,0,0
101883.340,16743,59,0,0,0,0,0,8,81041,44,53,0,0,0,0,0,0,0,0,0,0,0,0,0,0,0,0,0,0,0,0,0,0,344,17016,0,0,0,0
101900.077,16737,59,0,0,0,0,0,8,80658,44,53,0,0,0,0,0,0,0,0,0,0,0,0,0,0,0,0,0,0,0,0,0,0,290,16561,0,0,0,0
101916.924,16846,59,0,0,0,0,0,8,80076,44,53,0,0,0,0,0,0,0,0,0,0,0,0,0,0,0,0,0,0,0,0,0,0,308,16163,0,0,0,0
101933.585,16662,60,0,0,0,0,0,8,78623,44,53,0,0,0,0,0,0,0,0,0,0,0,0,0,0,0,0,0,0,0,0,0,0,314,17452,0,0,0,0
101950.036,16450,60,0,0,0,0,0,8,78218,44,53,0,0,0,0,0,0,0,0,0,0,0,0,0,0,0,0,0,0,0,0,0,0,321,16386,0,0,0,0
101966.547,16510,60,0,0,0,0,0,8,77690,44,53,0,0,0,0,0,0,0,0,0,0,0,0,0,0,0,0,0,0,0,0,0,0,318,16983,0,0,0,0
101983.238,16691,59,0,0,0,0,0,8,77493,44,53,0,0,0,0,0,0,0,0,0,0,0,0,0,0,0,0,0,0,0,0,0,0,350,15967,0,0,0,0
102000.300,17062,58,0,0,0,0,0,8,77416,44,53,0,0,0,0,0,0,0,0,0,0,0,0,0,0,0,0,0,0,0,0,0,0,296,15862,0,0,0,0
102016.625,16325,61,0,0,0,0,0,8,77503,44,53,0,0,0,0,0,0,0,0,0,0,0,0,0,0,0,0,0,0,0,0,0,0,323,17793,0,0,0,0
102033.389,16763,59,0,0,0,0,0,8,79845,44,53,0,0,0,0,0,0,0,0,0,0,0,0,0,0,0,0,0,0,0,0,0,0,305,16902,0,0,0,0
102050.268,16879,59,0,0,0,0,0,8,78860,44,53,0,0,0,0,0,0,0,0,0,0,0,0,0,0,0,0,0,0,0,0,0,0,304,16274,0,0,0,0
102066.369,16100,62,0,0,0,0,0,8,78154,44,53,0,0,0,0,0,0,0,0,0,0,0,0,0,0,0,0,0,0,0,0,0,0,298,16757,0,0,0,0
102083.646,17277,57,0,0,0,0,0,8,80052,44,53,0,0,0,0,0,0,0,0,0,0,0,0,0,0,0,0,0,0,0,0,0,0,335,16263,0,0,0,0
102100.222,16576,60,0,0,0,0,0,8,80269,44,53,0,0,0,0,0,0,0,0,0,0,0,0,0,0,0,0,0,0,0,0,0,0,316,17695,0,0,0,0
102117.008,16785,59,0,0,0,0,0,8,79923,44,53,0,0,0,0,0,0,0,0,0,0,0,0,0,0,0,0,0,0,0,0,0,0,296,15735,0,0,0,0
102133.232,16223,61,0,0,0,0,0,8,79998,44,53,0,0,0,0,0,0,0,0,0,0,0,0,0,0,0,0,0,0,0,0,0,0,321,17644,0,0,0,0
102149.514,16282,61,0,0,0,0,0,8,79722,44,53,0,0,0,0,0,0,0,0,0,0,0,0,0,0,0,0,0,0,0,0,0,0,296,15521,0,0,0,0
102166.680,17155,58,0,0,0,0,0,8,79536,44,53,0,0,0,0,0,0,0,0,0,0,0,0,0,0,0,0,0,0,0,0,0,0,293,16649,0,0,0,0
102183.520,16850,59,0,0,0,0,0,8,79934,44,53,0,0,0,0,0,0,0,0,0,0,0,0,0,0,0,0,0,0,0,0,0,0,341,17228,0,0,0,0
102200.311,16791,59,0,0,0,0,0,8,79558,44,53,0,0,0,0,0,0,0,0,0,0,0,0,0,0,0,0,0,0,0,0,0,0,304,15732,0,0,0,0
102217.296,16985,58,0,0,0,0,0,8,79853,44,53,0,0,0,0,0,0,0,0,0,0,0,0,0,0,0,0,0,0,0,0,0,0,287,17569,0,0,0,0
102233.524,16228,61,0,0,0,0,0,8,79222,44,53,0,0,0,0,0,0,0,0,0,0,0,0,0,0,0,0,0,0,0,0,0,0,291,15703,0,0,0,0
102250.085,16560,60,0,0,0,0,0,8,79188,44,53,0,0,0,0,0,0,0,0,0,0,0,0,0,0,0,0,0,0,0,0,0,0,295,17975,0,0,0,0
102267.026,16941,59,0,0,0,0,0,8,78365,44,53,0,0,0,0,0,0,0,0,0,0,0,0,0,0,0,0,0,0,0,0,0,0,279,15803,0,0,0,0
102283.634,16607,60,0,0,0,0,0,8,78548,44,53,0,0,0,0,0,0,0,0,0,0,0,0,0,0,0,0,0,0,0,0,0,0,318,18038,0,0,0,0
102300.095,16461,60,0,0,0,0,0,8,78222,44,53,0,0,0,0,0,0,0,0,0,0,0,0,0,0,0,0,0,0,0,0,0,0,319,15520,0,0,0,0
102316.802,16706,59,0,0,0,0,0,8,77640,44,53,0,0,0,0,0,0,0,0,0,0,0,0,0,0,0,0,0,0,0,0,0,0,286,16562,0,0,0,0
102333.263,16461,60,0,0,0,0,0,8,77604,44,53,0,0,0,0,0,0,0,0,0,0,0,0,0,0,0,0,0,0,0,0,0,0,308,18083,0,0,0,0
102350.155,16892,59,0,0,0,0,0,8,77085,44,53,0,0,0,0,0,0,0,0,0,0,0,0,0,0,0,0,0,0,0,0,0,0,281,15716,0,0,0,0
102366.583,16427,60,0,0,0,0,0,8,76303,44,53,0,0,0,0,0,0,0,0,0,0,0,0,0,0,0,0,0,0,0,0,0,0,317,16278,0,0,0,0
102383.781,17197,58,0,0,0,0,0,8,76738,44,53,0,0,0,0,0,0,0,0,0,0,0,0,0,0,0,0,0,0,0,0,0,0,317,17140,0,0,0,0
102400.388,16607,60,0,0,0,0,0,8,76375,44,53,0,0,0,0,0,0,0,0,0,0,0,0,0,0,0,0,0,0,0,0,0,0,313,17416,0,0,0,0
102416.283,15895,62,0,0,0,0,0,8,76311,44,53,0,0,0,0,0,0,0,0,0,0,0,0,0,0,0,0,0,0,0,0,0,0,299,16097,0,0,0,0
102433.633,17350,57,0,0,0,0,0,8,76021,44,53,0,0,0,0,0,0,0,0,0,0,0,0,0,0,0,0,0,0,0,0,0,0,315,15673,0,0,0,0
102450.221,16587,60,0,0,0,0,0,8,75919,44,53,0,0,0,0,0,0,0,0,0,0,0,0,0,0,0,0,0,0,0,0,0,0,312,17975,0,0,0,0
102467.024,16804,59,0,0,0,0,0,8,75310,44,53,0,0,0,0,0,0,0,0,0,0,0,0,0,0,0,0,0,0,0,0,0,0,291,15616,0,0,0,0
102483.569,16545,60,0,0,0,0,0,8,74871,44,53,0,0,0,0,0,0,0,0,0,0,0,0,0,0,0,0,0,0,0,0,0,0,298,16703,0,0,0,0
102500.507,16937,59,0,0,0,0,0,8,74179,44,53,0,0,0,0,0,0,0,0,0,0,0,0,0,0,0,0,0,0,0,0,0,0,296,16549,0,0,0,0
102517.021,16513,60,0,0,0,0,0,8,73253,44,53,0,0,0,0,0,0,0,0,0,0,0,0,0,0,0,0,0,0,0,0,0,0,348,16296,0,0,0,0
102533.460,16439,60,0,0,0,0,0,8,72979,44,53,0,0,0,0,0,0,0,0,0,0,0,0,0,0,0,0,0,0,0,0,0,0,321,16500,0,0,0,0
102550.499,17039,58,0,0,0,0,0,8,72838,44,53,0,0,0,0,0,0,0,0,0,0,0,0,0,0,0,0,0,0,0,0,0,0,315,17948,0,0,0,0
102566.617,16118,62,0,0,0,0,0,8,73237,44,53,0,0,0,0,0,0,0,0,0,0,0,0,0,0,0,0,0,0,0,0,0,0,325,15889,0,0,0,0
102583.231,16613,60,0,0,0,0,0,8,72569,44,53,0,0,0,0,0,0,0,0,0,0,0,0,0,0,0,0,0,0,0,0,0,0,308,16441,0,0,0,0
102600.045,16814,59,0,0,0,0,0,8,71798,44,53,0,0,0,0,0,0,0,0,0,0,0,0,0,0,0,0,0,0,0,0,0,0,320,16530,0,0,0,0
102617.508,17463,57,0,0,0,0,0,8,71346,44,53,0,0,0,0,0,0,0,0,0,0,0,0,0,0,0,0,0,0,0,0,0,0,305,16425,0,0,0,0
102633.636,16127,62,0,0,0,0,0,8,71294,44,53,0,0,0,0,0,0,0,0,0,0,0,0,0,0,0,0,0,0,0,0,0,0,295,18420,0,0,0,0
102650.291,16655,60,0,0,0,0,0,8,72001,44,53,0,0,0,0,0,0,0,0,0,0,0,0,0,0,0,0,0,0,0,0,0,0,315,15326,0,0,0,0
102666.729,16438,60,0,0,0,0,0,8,71176,44,53,0,0,0,0,0,0,0,0,0,0,0,0,0,0,0,0,0,0,0,0,0,0,305,17205,0,0,0,0
102683.637,16907,59,0,0,0,0,0,8,70454,44,53,0,0,0,0,0,0,0,0,0,0,0,0,0,0,0,0,0,0,0,0,0,0,332,17453,0,0,0,0
102700.111,16474,60,0,0,0,0,0,8,70152,44,53,0,0,0,0,0,0,0,0,0,0,0,0,0,0,0,0,0,0,0,0,0,0,298,17185,0,0,0,0
102716.953,16841,59,0,0,0,0,0,8,69552,44,53,0,0,0,0,0,0,0,0,0,0,0,0,0,0,0,0,0,0,0,0,0,0,283,14485,0,0,0,0
102733.640,16687,59,0,0,0,0,0,8,69648,44,53,0,0,0,0,0,0,0,0,0,0,0,0,0,0,0,0,0,0,0,0,0,0,304,16915,0,0,0,0
102750.057,16417,60,0,0,0,0,0,8,68886,44,53,0,0,0,0,0,0,0,0,0,0,0,0,0,0,0,0,0,0,0,0,0,0,302,17440,0,0,0,0
102766.879,16821,59,0,0,0,0,0,8,68362,44,53,0,0,0,0,0,0,0,0,0,0,0,0,0,0,0,0,0,0,0,0,0,0,289,15512,0,0,0,0
102783.783,16904,59,0,0,0,0,0,8,69680,44,53,0,0,0,0,0,0,0,0,0,0,0,0,0,0,0,0,0,0,0,0,0,0,307,16989,0,0,0,0
102800.150,16367,61,0,0,0,0,0,8,68890,44,53,0,0,0,0,0,0,0,0,0,0,0,0,0,0,0,0,0,0,0,0,0,0,330,17180,0,0,0,0
102816.759,16608,60,0,0,0,0,0,8,67935,44,53,0,0,0,0,0,0,0,0,0,0,0,0,0,0,0,0,0,0,0,0,0,0,290,16131,0,0,0,0
102834.501,17742,56,0,0,0,0,0,8,69498,44,53,0,0,0,0,0,0,0,0,0,0,0,0,0,0,0,0,0,0,0,0,0,0,376,17147,0,0,0,0
102850.080,15578,64,0,0,0,0,0,8,68659,44,53,0,0,0,0,0,0,0,0,0,0,0,0,0,0,0,0,0,0,0,0,0,0,389,17940,0,0,0,0
102867.038,16957,58,0,0,0,0,0,8,67394,44,53,0,0,0,0,0,0,0,0,0,0,0,0,0,0,0,0,0,0,0,0,0,0,310,14786,0,0,0,0
102883.303,16265,61,0,0,0,0,0,8,67670,44,53,0,0,0,0,0,0,0,0,0,0,0,0,0,0,0,0,0,0,0,0,0,0,316,17450,0,0,0,0
102900.019,16715,59,0,0,0,0,0,8,67764,44,53,0,0,0,0,0,0,0,0,0,0,0,0,0,0,0,0,0,0,0,0,0,0,299,15714,0,0,0,0
102916.960,16940,59,0,0,0,0,0,8,67538,44,53,0,0,0,0,0,0,0,0,0,0,0,0,0,0,0,0,0,0,0,0,0,0,303,17287,0,0,0,0
102934.022,17061,58,0,0,0,0,0,8,67750,44,53,0,0,0,0,0,0,0,0,0,0,0,0,0,0,0,0,0,0,0,0,0,0,430,16962,0,0,0,0
102950.107,16085,62,0,0,0,0,0,8,67091,44,53,0,0,0,0,0,0,0,0,0,0,0,0,0,0,0,0,0,0,0,0,0,0,315,17007,0,0,0,0
102966.545,16438,60,0,0,0,0,0,8,66874,44,53,0,0,0,0,0,0,0,0,0,0,0,0,0,0,0,0,0,0,0,0,0,0,305,15948,0,0,0,0
102983.244,16699,59,0,0,0,0,0,8,67595,44,53,0,0,0,0,0,0,0,0,0,0,0,0,0,0,0,0,0,0,0,0,0,0,628,16936,0,0,0,0
102999.964,16719,59,0,0,0,0,0,8,67067,44,53,0,0,0,0,0,0,0,0,0,0,0,0,0,0,0,0,0,0,0,0,0,0,334,16123,0,0,0,0
103017.500,17535,57,0,0,0,0,0,8,66934,44,53,0,0,0,0,0,0,0,0,0,0,0,0,0,0,0,0,0,0,0,0,0,0,455,16546,0,0,0,0
103033.503,16003,62,0,0,0,0,0,8,69528,44,53,0,0,0,0,0,0,0,0,0,0,0,0,0,0,0,0,0,0,0,0,0,0,300,18287,0,0,0,0
103050.317,16814,59,0,0,0,0,0,8,68725,44,53,0,0,0,0,0,0,0,0,0,0,0,0,0,0,0,0,0,0,0,0,0,0,322,14481,0,0,0,0
103066.715,16397,60,0,0,0,0,0,8,68346,44,53,0,0,0,0,0,0,0,0,0,0,0,0,0,0,0,0,0,0,0,0,0,0,325,17835,0,0,0,0
103083.403,16688,59,0,0,0,0,0,8,70200,44,53,0,0,0,0,0,0,0,0,0,0,0,0,0,0,0,0,0,0,0,0,0,0,295,16665,0,0,0,0
103100.028,16625,60,0,0,0,0,0,8,70261,44,53,0,0,0,0,0,0,0,0,0,0,0,0,0,0,0,0,0,0,0,0,0,0,386,16195,0,0,0,0
103116.528,16499,60,0,0,0,0,0,8,69728,44,53,0,0,0,0,0,0,0,0,0,0,0,0,0,0,0,0,0,0,0,0,0,0,322,16696,0,0,0,0
103133.631,17102,58,0,0,0,0,0,8,70008,44,53,0,0,0,0,0,0,0,0,0,0,0,0,0,0,0,0,0,0,0,0,0,0,298,16729,0,0,0,0
103150.017,16386,61,0,0,0,0,0,8,70881,44,53,0,0,0,0,0,0,0,0,0,0,0,0,0,0,0,0,0,0,0,0,0,0,444,17507,0,0,0,0
103166.799,16782,59,0,0,0,0,0,8,69773,44,53,0,0,0,0,0,0,0,0,0,0,0,0,0,0,0,0,0,0,0,0,0,0,304,16052,0,0,0,0
103183.656,16856,59,0,0,0,0,0,8,70345,44,53,0,0,0,0,0,0,0,0,0,0,0,0,0,0,0,0,0,0,0,0,0,0,451,16970,0,0,0,0
103200.113,16457,60,0,0,0,0,0,8,71940,44,53,0,0,0,0,0,0,0,0,0,0,0,0,0,0,0,0,0,0,0,0,0,0,297,16991,0,0,0,0
103216.696,16582,60,0,0,0,0,0,8,70412,44,53,0,0,0,0,0,0,0,0,0,0,0,0,0,0,0,0,0,0,0,0,0,0,294,15841,0,0,0,0
103233.199,16503,60,0,0,0,0,0,8,70906,44,53,0,0,0,0,0,0,0,0,0,0,0,0,0,0,0,0,0,0,0,0,0,0,331,18255,0,0,0,0
103249.572,16372,61,0,0,0,0,0,8,70620,44,53,0,0,0,0,0,0,0,0,0,0,0,0,0,0,0,0,0,0,0,0,0,0,295,14862,0,0,0,0
103267.508,17936,55,0,0,0,0,0,8,70388,44,53,0,0,0,0,0,0,0,0,0,0,0,0,0,0,0,0,0,0,0,0,0,0,310,16702,0,0,0,0
103283.476,15957,62,0,0,0,0,0,8,70561,44,53,0,0,0,0,0,0,0,0,0,0,0,0,0,0,0,0,0,0,0,0,0,0,310,18466,0,0,0,0
103300.139,16673,59,0,0,0,0,0,8,70571,44,53,0,0,0,0,0,0,0,0,0,0,0,0,0,0,0,0,0,0,0,0,0,0,297,15864,0,0,0,0
103316.676,16537,60,0,0,0,0,0,8,70139,44,53,0,0,0,0,0,0,0,0,0,0,0,0,0,0,0,0,0,0,0,0,0,0,277,15898,0,0,0,0
103333.256,16579,60,0,0,0,0,0,8,70512,44,53,0,0,0,0,0,0,0,0,0,0,0,0,0,0,0,0,0,0,0,0,0,0,315,16965,0,0,0,0
103350.249,16993,58,0,0,0,0,0,8,69996,44,53,0,0,0,0,0,0,0,0,0,0,0,0,0,0,0,0,0,0,0,0,0,0,322,16246,0,0,0,0
103366.412,16163,61,0,0,0,0,0,8,70211,44,53,0,0,0,0,0,0,0,0,0,0,0,0,0,0,0,0,0,0,0,0,0,0,324,17489,0,0,0,0
103383.807,17394,57,0,0,0,0,0,8,70224,44,53,0,0,0,0,0,0,0,0,0,0,0,0,0,0,0,0,0,0,0,0,0,0,294,15886,0,0,0,0
103400.286,16479,60,0,0,0,0,0,8,70490,44,53,0,0,0,0,0,0,0,0,0,0,0,0,0,0,0,0,0,0,0,0,0,0,301,17690,0,0,0,0
103416.800,16514,60,0,0,0,0,0,8,70080,44,53,0,0,0,0,0,0,0,0,0,0,0,0,0,0,0,0,0,0,0,0,0,0,322,15942,0,0,0,0
103433.636,16836,59,0,0,0,0,0,8,70061,44,53,0,0,0,0,0,0,0,0,0,0,0,0,0,0,0,0,0,0,0,0,0,0,307,16519,0,0,0,0
103450.008,16372,61,0,0,0,0,0,8,70199,44,53,0,0,0,0,0,0,0,0,0,0,0,0,0,0,0,0,0,0,0,0,0,0,287,16194,0,0,0,0
103466.526,16517,60,0,0,0,0,0,8,69901,44,53,0,0,0,0,0,0,0,0,0,0,0,0,0,0,0,0,0,0,0,0,0,0,295,17031,0,0,0,0
103484.504,17978,55,0,0,0,0,0,8,70091,44,53,0,0,0,0,0,0,0,0,0,0,0,0,0,0,0,0,0,0,0,0,0,0,306,16244,0,0,0,0
103500.069,15565,64,0,0,0,0,0,8,70381,44,53,0,0,0,0,0,0,0,0,0,0,0,0,0,0,0,0,0,0,0,0,0,0,331,18766,0,0,0,0
103516.750,16680,59,0,0,0,0,0,8,68413,44,53,0,0,0,0,0,0,0,0,0,0,0,0,0,0,0,0,0,0,0,0,0,0,295,15006,0,0,0,0
103533.391,16640,60,0,0,0,0,0,8,68826,44,53,0,0,0,0,0,0,0,0,0,0,0,0,0,0,0,0,0,0,0,0,0,0,309,18125,0,0,0,0
103550.271,16880,59,0,0,0,0,0,8,68723,44,53,0,0,0,0,0,0,0,0,0,0,0,0,0,0,0,0,0,0,0,0,0,0,298,15260,0,0,0,0
103567.497,17225,58,0,0,0,0,0,8,68399,44,53,0,0,0,0,0,0,0,0,0,0,0,0,0,0,0,0,0,0,0,0,0,0,334,16698,0,0,0,0
103583.632,16134,61,0,0,0,0,0,8,68816,44,53,0,0,0,0,0,0,0,0,0,0,0,0,0,0,0,0,0,0,0,0,0,0,327,17840,0,0,0,0
103600.313,16681,59,0,0,0,0,0,8,68311,44,53,0,0,0,0,0,0,0,0,0,0,0,0,0,0,0,0,0,0,0,0,0,0,312,15468,0,0,0,0
103616.937,16623,60,0,0,0,0,0,8,68092,44,53,0,0,0,0,0,0,0,0,0,0,0,0,0,0,0,0,0,0,0,0,0,0,304,16645,0,0,0,0
103633.287,16350,61,0,0,0,0,0,8,68252,44,53,0,0,0,0,0,0,0,0,0,0,0,0,0,0,0,0,0,0,0,0,0,0,325,17178,0,0,0,0
103650.046,16759,59,0,0,0,0,0,8,68210,44,53,0,0,0,0,0,0,0,0,0,0,0,0,0,0,0,0,0,0,0,0,0,0,326,15886,0,0,0,0
103667.007,16960,58,0,0,0,0,0,8,68114,44,53,0,0,0,0,0,0,0,0,0,0,0,0,0,0,0,0,0,0,0,0,0,0,301,16793,0,0,0,0
103683.216,16208,61,0,0,0,0,0,8,68084,44,53,0,0,0,0,0,0,0,0,0,0,0,0,0,0,0,0,0,0,0,0,0,0,320,17455,0,0,0,0
103700.040,16824,59,0,0,0,0,0,8,68038,44,53,0,0,0,0,0,0,0,0,0,0,0,0,0,0,0,0,0,0,0,0,0,0,310,15529,0,0,0,0
103717.497,17456,57,0,0,0,0,0,8,67954,44,53,0,0,0,0,0,0,0,0,0,0,0,0,0,0,0,0,0,0,0,0,0,0,299,17020,0,0,0,0
103733.565,16068,62,0,0,0,0,0,8,66805,44,53,0,0,0,0,0,0,0,0,0,0,0,0,0,0,0,0,0,0,0,0,0,0,305,18003,0,0,0,0
103750.504,16938,59,0,0,0,0,0,8,66380,44,53,0,0,0,0,0,0,0,0,0,0,0,0,0,0,0,0,0,0,0,0,0,0,309,16309,0,0,0,0
103767.044,16539,60,0,0,0,0,0,8,66232,44,53,0,0,0,0,0,0,0,0,0,0,0,0,0,0,0,0,0,0,0,0,0,0,296,15415,0,0,0,0
103784.019,16974,58,0,0,0,0,0,8,66690,44,53,0,0,0,0,0,0,0,0,0,0,0,0,0,0,0,0,0,0,0,0,0,0,337,18447,0,0,0,0
103799.959,15940,62,0,0,0,0,0,8,66469,44,53,0,0,0,0,0,0,0,0,0,0,0,0,0,0,0,0,0,0,0,0,0,0,297,15868,0,0,0,0
103816.663,16703,59,0,0,0,0,0,8,66083,44,53,0,0,0,0,0,0,0,0,0,0,0,0,0,0,0,0,0,0,0,0,0,0,307,15903,0,0,0,0
103833.697,17034,58,0,0,0,0,0,8,66161,44,53,0,0,0,0,0,0,0,0,0,0,0,0,0,0,0,0,0,0,0,0,0,0,330,17374,0,0,0,0
103850.135,16438,60,0,0,0,0,0,8,66263,44,53,0,0,0,0,0,0,0,0,0,0,0,0,0,0,0,0,0,0,0,0,0,0,293,16443,0,0,0,0
103866.522,16386,61,0,0,0,0,0,8,66037,44,53,0,0,0,0,0,0,0,0,0,0,0,0,0,0,0,0,0,0,0,0,0,0,294,16456,0,0,0,0
103883.266,16743,59,0,0,0,0,0,8,66156,44,53,0,0,0,0,0,0,0,0,0,0,0,0,0,0,0,0,0,0,0,0,0,0,294,16260,0,0,0,0
103900.326,17060,58,0,0,0,0,0,8,66188,44,53,0,0,0,0,0,0,0,0,0,0,0,0,0,0,0,0,0,0,0,0,0,0,315,16716,0,0,0,0
103917.026,16700,59,0,0,0,0,0,8,65936,44,53,0,0,0,0,0,0,0,0,0,0,0,0,0,0,0,0,0,0,0,0,0,0,319,17204,0,0,0,0
103932.937,15910,62,0,0,0,0,0,8,66109,44,53,0,0,0,0,0,0,0,0,0,0,0,0,0,0,0,0,0,0,0,0,0,0,309,16722,0,0,0,0
103950.008,17070,58,0,0,0,0,0,8,65955,44,53,0,0,0,0,0,0,0,0,0,0,0,0,0,0,0,0,0,0,0,0,0,0,322,16870,0,0,0,0
103966.964,16955,58,0,0,0,0,0,8,65828,44,53,0,0,0,0,0,0,0,0,0,0,0,0,0,0,0,0,0,0,0,0,0,0,303,16139,0,0,0,0
103984.521,17557,56,0,0,0,0,0,8,66050,44,53,0,0,0,0,0,0,0,0,0,0,0,0,0,0,0,0,0,0,0,0,0,0,340,16798,0,0,0,0
104000.072,15550,64,0,0,0,0,0,8,66004,44,53,0,0,0,0,0,0,0,0,0,0,0,0,0,0,0,0,0,0,0,0,0,0,305,17960,0,0,0,0
104016.750,16678,59,0,0,0,0,0,8,65662,44,53,0,0,0,0,0,0,0,0,0,0,0,0,0,0,0,0,0,0,0,0,0,0,302,15039,0,0,0,0
104033.674,16914,59,0,0,0,0,0,8,65984,44,53,0,0,0,0,0,0,0,0,0,0,0,0,0,0,0,0,0,0,0,0,0,0,320,17157,0,0,0,0
104050.136,16471,60,0,0,0,0,0,8,65808,44,53,0,0,0,0,0,0,0,0,0,0,0,0,0,0,0,0,0,0,0,0,0,0,345,17118,0,0,0,0
104066.520,16384,61,0,0,0,0,0,8,65602,44,53,0,0,0,0,0,0,0,0,0,0,0,0,0,0,0,0,0,0,0,0,0,0,303,15933,0,0,0,0
104083.585,17064,58,0,0,0,0,0,8,65617,44,53,0,0,0,0,0,0,0,0,0,0,0,0,0,0,0,0,0,0,0,0,0,0,290,16445,0,0,0,0
104100.292,16707,59,0,0,0,0,0,8,65676,44,53,0,0,0,0,0,0,0,0,0,0,0,0,0,0,0,0,0,0,0,0,0,0,315,17628,0,0,0,0
104117.009,16716,59,0,0,0,0,0,8,65562,44,53,0,0,0,0,0,0,0,0,0,0,0,0,0,0,0,0,0,0,0,0,0,0,313,15958,0,0,0,0
104133.629,16620,60,0,0,0,0,0,8,65755,44,53,0,0,0,0,0,0,0,0,0,0,0,0,0,0,0,0,0,0,0,0,0,0,316,17722,0,0,0,0
104150.481,16852,59,0,0,0,0,0,8,65549,44,53,0,0,0,0,0,0,0,0,0,0,0,0,0,0,0,0,0,0,0,0,0,0,311,16309,0,0,0,0
104166.760,16279,61,0,0,0,0,0,8,65607,44,53,0,0,0,0,0,0,0,0,0,0,0,0,0,0,0,0,0,0,0,0,0,0,321,16757,0,0,0,0
104183.375,16614,60,0,0,0,0,0,8,65652,44,53,0,0,0,0,0,0,0,0,0,0,0,0,0,0,0,0,0,0,0,0,0,0,347,17139,0,0,0,0
104200.061,16685,59,0,0,0,0,0,8,65574,44,53,0,0,0,0,0,0,0,0,0,0,0,0,0,0,0,0,0,0,0,0,0,0,325,15432,0,0,0,0
104216.956,16895,59,0,0,0,0,0,8,65333,44,53,0,0,0,0,0,0,0,0,0,0,0,0,0,0,0,0,0,0,0,0,0,0,299,16364,0,0,0,0
104232.829,15872,63,0,0,0,0,0,8,65449,44,53,0,0,0,0,0,0,0,0,0,0,0,0,0,0,0,0,0,0,0,0,0,0,303,17434,0,0,0,0
104250.351,17522,57,0,0,0,0,0,8,65621,44,53,0,0,0,0,0,0,0,0,0,0,0,0,0,0,0,0,0,0,0,0,0,0,318,15328,0,0,0,0
104266.972,16620,60,0,0,0,0,0,8,65348,44,53,0,0,0,0,0,0,0,0,0,0,0,0,0,0,0,0,0,0,0,0,0,0,298,17678,0,0,0,0
104283.641,16669,59,0,0,0,0,0,8,65536,44,53,0,0,0,0,0,0,0,0,0,0,0,0,0,0,0,0,0,0,0,0,0,0,315,16626,0,0,0,0
104300.159,16518,60,0,0,0,0,0,8,65509,44,53,0,0,0,0,0,0,0,0,0,0,0,0,0,0,0,0,0,0,0,0,0,0,327,17297,0,0,0,0
104317.013,16853,59,0,0,0,0,0,8,65033,44,53,0,0,0,0,0,0,0,0,0,0,0,0,0,0,0,0,0,0,0,0,0,0,315,15931,0,0,0,0
104333.438,16424,60,0,0,0,0,0,8,67143,44,53,0,0,0,0,0,0,0,0,0,0,0,0,0,0,0,0,0,0,0,0,0,0,295,16766,0,0,0,0
104349.999,16560,60,0,0,0,0,0,8,66969,44,53,0,0,0,0,0,0,0,0,0,0,0,0,0,0,0,0,0,0,0,0,0,0,302,17418,0,0,0,0
104367.493,17494,57,0,0,0,0,0,8,66870,44,53,0,0,0,0,0,0,0,0,0,0,0,0,0,0,0,0,0,0,0,0,0,0,295,15710,0,0,0,0
104382.850,15356,65,0,0,0,0,0,8,67095,44,53,0,0,0,0,0,0,0,0,0,0,0,0,0,0,0,0,0,0,0,0,0,0,347,17887,0,0,0,0
104399.988,17137,58,0,0,0,0,0,8,66876,44,53,0,0,0,0,0,0,0,0,0,0,0,0,0,0,0,0,0,0,0,0,0,0,345,15945,0,0,0,0
104417.024,17036,58,0,0,0,0,0,8,66851,44,53,0,0,0,0,0,0,0,0,0,0,0,0,0,0,0,0,0,0,0,0,0,0,307,15822,0,0,0,0
104433.389,16364,61,0,0,0,0,0,8,66881,44,53,0,0,0,0,0,0,0,0,0,0,0,0,0,0,0,0,0,0,0,0,0,0,300,17466,0,0,0,0
104450.000,16611,60,0,0,0,0,0,8,66748,44,53,0,0,0,0,0,0,0,0,0,0,0,0,0,0,0,0,0,0,0,0,0,0,305,15960,0,0,0,0
104467.485,17484,57,0,0,0,0,0,8,66629,44,53,0,0,0,0,0,0,0,0,0,0,0,0,0,0,0,0,0,0,0,0,0,0,314,17018,0,0,0,0
104483.098,15613,64,0,0,0,0,0,8,66686,44,53,0,0,0,0,0,0,0,0,0,0,0,0,0,0,0,0,0,0,0,0,0,0,334,17918,0,0,0,0
104500.291,17193,58,0,0,0,0,0,8,66667,44,53,0,0,0,0,0,0,0,0,0,0,0,0,0,0,0,0,0,0,0,0,0,0,288,14876,0,0,0,0
104517.006,16714,59,0,0,0,0,0,8,66524,44,53,0,0,0,0,0,0,0,0,0,0,0,0,0,0,0,0,0,0,0,0,0,0,315,17292,0,0,0,0
104534.494,17487,57,0,0,0,0,0,8,66843,44,53,0,0,0,0,0,0,0,0,0,0,0,0,0,0,0,0,0,0,0,0,0,0,339,17813,0,0,0,0
104550.046,15551,64,0,0,0,0,0,8,66761,44,53,0,0,0,0,0,0,0,0,0,0,0,0,0,0,0,0,0,0,0,0,0,0,314,16290,0,0,0,0
104566.745,16699,59,0,0,0,0,0,8,66346,44,53,0,0,0,0,0,0,0,0,0,0,0,0,0,0,0,0,0,0,0,0,0,0,298,16303,0,0,0,0
104583.332,16586,60,0,0,0,0,0,8,66552,44,53,0,0,0,0,0,0,0,0,0,0,0,0,0,0,0,0,0,0,0,0,0,0,321,16710,0,0,0,0
104600.011,16679,59,0,0,0,0,0,8,64847,44,53,0,0,0,0,0,0,0,0,0,0,0,0,0,0,0,0,0,0,0,0,0,0,319,16510,0,0,0,0
104616.747,16735,59,0,0,0,0,0,8,64658,44,53,0,0,0,0,0,0,0,0,0,0,0,0,0,0,0,0,0,0,0,0,0,0,309,16745,0,0,0,0
104633.625,16877,59,0,0,0,0,0,8,64749,44,53,0,0,0,0,0,0,0,0,0,0,0,0,0,0,0,0,0,0,0,0,0,0,301,16278,0,0,0,0
104650.226,16601,60,0,0,0,0,0,8,64855,44,53,0,0,0,0,0,0,0,0,0,0,0,0,0,0,0,0,0,0,0,0,0,0,346,17247,0,0,0,0
104667.495,17268,57,0,0,0,0,0,8,64637,44,53,0,0,0,0,0,0,0,0,0,0,0,0,0,0,0,0,0,0,0,0,0,0,306,16026,0,0,0,0
104683.647,16152,61,0,0,0,0,0,8,64526,44,53,0,0,0,0,0,0,0,0,0,0,0,0,0,0,0,0,0,0,0,0,0,0,326,17899,0,0,0,0
104700.099,16451,60,0,0,0,0,0,8,64415,44,53,0,0,0,0,0,0,0,0,0,0,0,0,0,0,0,0,0,0,0,0,0,0,327,15762,0,0,0,0
104716.960,16861,59,0,0,0,0,0,8,64051,44,53,0,0,0,0,0,0,0,0,0,0,0,0,0,0,0,0,0,0,0,0,0,0,291,16286,0,0,0,0
104733.467,16506,60,0,0,0,0,0,8,64326,44,53,0,0,0,0,0,0,0,0,0,0,0,0,0,0,0,0,0,0,0,0,0,0,318,16531,0,0,0,0
104750.005,16538,60,0,0,0,0,0,8,64396,44,53,0,0,0,0,0,0,0,0,0,0,0,0,0,0,0,0,0,0,0,0,0,0,312,16667,0,0,0,0
104766.991,16986,58,0,0,0,0,0,8,64110,44,53,0,0,0,0,0,0,0,0,0,0,0,0,0,0,0,0,0,0,0,0,0,0,313,16545,0,0,0,0
104783.382,16390,61,0,0,0,0,0,8,64501,44,53,0,0,0,0,0,0,0,0,0,0,0,0,0,0,0,0,0,0,0,0,0,0,335,17981,0,0,0,0
104800.098,16715,59,0,0,0,0,0,8,64353,44,53,0,0,0,0,0,0,0,0,0,0,0,0,0,0,0,0,0,0,0,0,0,0,311,15365,0,0,0,0
104817.487,17389,57,0,0,0,0,0,8,63798,44,53,0,0,0,0,0,0,0,0,0,0,0,0,0,0,0,0,0,0,0,0,0,0,281,16474,0,0,0,0
104833.625,16137,61,0,0,0,0,0,8,64113,44,53,0,0,0,0,0,0,0,0,0,0,0,0,0,0,0,0,0,0,0,0,0,0,326,18208,0,0,0,0
104850.298,16673,59,0,0,0,0,0,8,63889,44,53,0,0,0,0,0,0,0,0,0,0,0,0,0,0,0,0,0,0,0,0,0,0,308,16102,0,0,0,0
104867.004,16706,59,0,0,0,0,0,8,63877,44,53,0,0,0,0,0,0,0,0,0,0,0,0,0,0,0,0,0,0,0,0,0,0,290,16030,0,0,0,0
104883.634,16630,60,0,0,0,0,0,8,63822,44,53,0,0,0,0,0,0,0,0,0,0,0,0,0,0,0,0,0,0,0,0,0,0,311,16943,0,0,0,0
104900.001,16367,61,0,0,0,0,0,8,63932,44,53,0,0,0,0,0,0,0,0,0,0,0,0,0,0,0,0,0,0,0,0,0,0,311,16298,0,0,0,0
104916.546,16534,60,0,0,0,0,0,8,63891,44,53,0,0,0,0,0,0,0,0,0,0,0,0,0,0,0,0,0,0,0,0,0,0,300,16458,0,0,0,0
104933.439,16902,59,0,0,0,0,0,8,63888,44,53,0,0,0,0,0,0,0,0,0,0,0,0,0,0,0,0,0,0,0,0,0,0,326,16949,0,0,0,0
104950.099,16660,60,0,0,0,0,0,8,63879,44,53,0,0,0,0,0,0,0,0,0,0,0,0,0,0,0,0,0,0,0,0,0,0,303,16410,0,0,0,0
104966.709,16610,60,0,0,0,0,0,8,63762,44,53,0,0,0,0,0,0,0,0,0,0,0,0,0,0,0,0,0,0,0,0,0,0,323,17611,0,0,0,0
104983.224,16514,60,0,0,0,0,0,8,63876,44,53,0,0,0,0,0,0,0,0,0,0,0,0,0,0,0,0,0,0,0,0,0,0,369,17060,0,0,0,0
