t_ms,frame_time_us,fps,draw_calls,command_buffer_stalls,vertices_processed,xma_frames_decoded,audio_frame_latency_us,buffer_queue_depth,functions_dispatched,interrupt_dispatches,active_threads,apc_queue_depth,critical_region_contentions,texture_cache_hits,texture_cache_misses,pipeline_cache_hits,pipeline_cache_misses,cp_busy_us,cp_idle_us,fence_wait_us,swap_us,gpu_busy_us,submissions,resolves,render_target_switches,barrier_batches,barriers,pipelines_created,shader_translations,draws_skipped_pending,cp_waitregmem_us,cp_waitregmem_count,cp_thread_cpu_us,guest_swap_thread_cpu_us,guest_swap_interval_us,app0,app1,app2,app3
0.000,0,0,0,0,0,0,0,8,86578,28,39,0,0,0,0,0,0,0,0,0,0,0,0,0,0,0,0,0,0,0,0,0,0,213,313,0,0,0,0
16.610,16854,59,0,0,0,0,0,8,213,5,39,0,0,0,0,0,0,0,0,0,0,0,0,0,0,0,0,0,0,0,0,0,0,0,0,0,0,0,0
64.590,47979,20,0,0,0,0,0,8,719,8,39,0,0,0,0,0,0,0,0,0,0,0,0,0,0,0,0,0,0,0,0,0,0,422,64829,0,0,0,0
79.829,15239,65,0,0,0,0,0,8,408,5,39,0,0,0,0,0,0,0,0,0,0,0,0,0,0,0,0,0,0,0,0,0,0,119,15235,0,0,0,0
94.349,14520,68,0,0,0,0,0,8,396,5,39,0,0,0,0,0,0,0,0,0,0,0,0,0,0,0,0,0,0,0,0,0,0,133,14525,0,0,0,0
109.509,15159,65,0,0,0,0,0,8,451,5,39,0,0,0,0,0,0,0,0,0,0,0,0,0,0,0,0,0,0,0,0,0,0,130,15154,0,0,0,0
125.241,15731,63,0,0,0,0,0,8,377,5,39,0,0,0,0,0,0,0,0,0,0,0,0,0,0,0,0,0,0,0,0,0,0,221,1998,0,0,0,0
142.576,17334,57,0,0,0,0,0,8,236,5,39,0,0,0,0,0,0,0,0,0,0,0,0,0,0,0,0,0,0,0,0,0,0,241,15313,0,0,0,0
158.115,15539,64,0,0,0,0,0,8,450,5,39,0,0,0,0,0,0,0,0,0,0,0,0,0,0,0,0,0,0,0,0,0,0,228,30725,0,0,0,0
175.098,16982,58,0,0,0,0,0,8,475,5,39,0,0,0,0,0,0,0,0,0,0,0,0,0,0,0,0,0,0,0,0,0,0,152,16252,0,0,0,0
191.923,16825,59,0,0,0,0,0,8,239,5,39,0,0,0,0,0,0,0,0,0,0,0,0,0,0,0,0,0,0,0,0,0,0,144,2632,0,0,0,0
208.323,16399,60,0,0,0,0,0,8,299,5,39,0,0,0,0,0,0,0,0,0,0,0,0,0,0,0,0,0,0,0,0,0,0,261,16788,0,0,0,0
225.090,16767,59,0,0,0,0,0,8,452,5,39,0,0,0,0,0,0,0,0,0,0,0,0,0,0,0,0,0,0,0,0,0,0,248,30453,0,0,0,0
241.712,16621,60,0,0,0,0,0,8,421,5,39,0,0,0,0,0,0,0,0,0,0,0,0,0,0,0,0,0,0,0,0,0,0,155,17693,0,0,0,0
258.252,16540,60,0,0,0,0,0,8,290,5,39,0,0,0,0,0,0,0,0,0,0,0,0,0,0,0,0,0,0,0,0,0,0,148,1615,0,0,0,0
274.578,16325,61,0,0,0,0,0,8,292,5,39,0,0,0,0,0,0,0,0,0,0,0,0,0,0,0,0,0,0,0,0,0,0,223,16522,0,0,0,0
291.711,17133,58,0,0,0,0,0,8,430,5,39,0,0,0,0,0,0,0,0,0,0,0,0,0,0,0,0,0,0,0,0,0,0,232,30686,0,0,0,0
308.568,16856,59,0,0,0,0,0,8,447,5,39,0,0,0,0,0,0,0,0,0,0,0,0,0,0,0,0,0,0,0,0,0,0,167,18263,0,0,0,0
325.094,16526,60,0,0,0,0,0,8,269,5,39,0,0,0,0,0,0,0,0,0,0,0,0,0,0,0,0,0,0,0,0,0,0,139,1365,0,0,0,0
341.718,16623,60,0,0,0,0,0,8,260,5,39,0,0,0,0,0,0,0,0,0,0,0,0,0,0,0,0,0,0,0,0,0,0,210,16506,0,0,0,0
358.123,16405,60,0,0,0,0,0,8,479,5,39,0,0,0,0,0,0,0,0,0,0,0,0,0,0,0,0,0,0,0,0,0,0,234,31539,0,0,0,0
375.085,16961,58,0,0,0,0,0,8,355,5,39,0,0,0,0,0,0,0,0,0,0,0,0,0,0,0,0,0,0,0,0,0,0,0,0,0,0,0,0
392.571,17486,57,0,0,0,0,0,8,329,5,39,0,0,0,0,0,0,0,0,0,0,0,0,0,0,0,0,0,0,0,0,0,0,227,18220,0,0,0,0
408.654,16083,62,0,0,0,0,0,8,291,5,39,0,0,0,0,0,0,0,0,0,0,0,0,0,0,0,0,0,0,0,0,0,0,255,17807,0,0,0,0
425.576,16921,59,0,0,0,0,0,8,350,5,39,0,0,0,0,0,0,0,0,0,0,0,0,0,0,0,0,0,0,0,0,0,0,0,0,0,0,0,0
442.568,16992,58,0,0,0,0,0,8,386,5,39,0,0,0,0,0,0,0,0,0,0,0,0,0,0,0,0,0,0,0,0,0,0,223,32759,0,0,0,0
458.154,15585,64,0,0,0,0,0,8,435,5,39,0,0,0,0,0,0,0,0,0,0,0,0,0,0,0,0,0,0,0,0,0,0,180,18050,0,0,0,0
475.081,16927,59,0,0,0,0,0,8,249,5,39,0,0,0,0,0,0,0,0,0,0,0,0,0,0,0,0,0,0,0,0,0,0,224,14718,0,0,0,0
491.712,16630,60,0,0,0,0,0,8,338,5,39,0,0,0,0,0,0,0,0,0,0,0,0,0,0,0,0,0,0,0,0,0,0,0,0,0,0,0,0
508.080,16358,61,0,0,0,0,0,8,444,5,39,0,0,0,0,0,0,0,0,0,0,0,0,0,0,0,0,0,0,0,0,0,0,233,33114,0,0,0,0
525.574,17492,57,0,0,0,0,0,8,430,5,39,0,0,0,0,0,0,0,0,0,0,0,0,0,0,0,0,0,0,0,0,0,0,205,17042,0,0,0,0
541.701,16137,61,0,0,0,0,0,8,235,5,39,0,0,0,0,0,0,0,0,0,0,0,0,0,0,0,0,0,0,0,0,0,0,238,17299,0,0,0,0
558.241,16539,60,0,0,0,0,0,8,349,5,39,0,0,0,0,0,0,0,0,0,0,0,0,0,0,0,0,0,0,0,0,0,0,0,0,0,0,0,0
575.575,17333,57,0,0,0,0,0,8,501,5,39,0,0,0,0,0,0,0,0,0,0,0,0,0,0,0,0,0,0,0,0,0,0,230,32149,0,0,0,0
591.864,16288,61,0,0,0,0,0,8,307,5,39,0,0,0,0,0,0,0,0,0,0,0,0,0,0,0,0,0,0,0,0,0,0,199,17187,0,0,0,0
608.697,16833,59,0,0,0,0,0,8,300,5,39,0,0,0,0,0,0,0,0,0,0,0,0,0,0,0,0,0,0,0,0,0,0,228,16919,0,0,0,0
625.145,16448,60,0,0,0,0,0,8,356,5,39,0,0,0,0,0,0,0,0,0,0,0,0,0,0,0,0,0,0,0,0,0,0,0,0,0,0,0,0
641.751,16606,60,0,0,0,0,0,8,389,5,39,0,0,0,0,0,0,0,0,0,0,0,0,0,0,0,0,0,0,0,0,0,0,236,32816,0,0,0,0
658.238,16486,60,0,0,0,0,0,8,415,5,39,0,0,0,0,0,0,0,0,0,0,0,0,0,0,0,0,0,0,0,0,0,0,218,17447,0,0,0,0
674.572,16334,61,0,0,0,0,0,8,232,5,39,0,0,0,0,0,0,0,0,0,0,0,0,0,0,0,0,0,0,0,0,0,0,234,16119,0,0,0,0
691.698,17125,58,0,0,0,0,0,8,383,5,39,0,0,0,0,0,0,0,0,0,0,0,0,0,0,0,0,0,0,0,0,0,0,0,0,0,0,0,0
708.574,16876,59,0,0,0,0,0,8,413,5,39,0,0,0,0,0,0,0,0,0,0,0,0,0,0,0,0,0,0,0,0,0,0,227,33108,0,0,0,0
725.424,16849,59,0,0,0,0,0,8,424,5,39,0,0,0,0,0,0,0,0,0,0,0,0,0,0,0,0,0,0,0,0,0,0,204,17589,0,0,0,0
741.702,16278,61,0,0,0,0,0,8,230,5,39,0,0,0,0,0,0,0,0,0,0,0,0,0,0,0,0,0,0,0,0,0,0,243,16516,0,0,0,0
758.130,16427,60,0,0,0,0,0,8,407,5,39,0,0,0,0,0,0,0,0,0,0,0,0,0,0,0,0,0,0,0,0,0,0,0,0,0,0,0,0
775.082,16951,58,0,0,0,0,0,8,519,5,39,0,0,0,0,0,0,0,0,0,0,0,0,0,0,0,0,0,0,0,0,0,0,234,31874,0,0,0,0
791.253,16171,61,0,0,0,0,0,8,229,5,39,0,0,0,0,0,0,0,0,0,0,0,0,0,0,0,0,0,0,0,0,0,0,217,16696,0,0,0,0
808.102,16849,59,0,0,0,0,0,8,292,5,39,0,0,0,0,0,0,0,0,0,0,0,0,0,0,0,0,0,0,0,0,0,0,236,17512,0,0,0,0
825.578,17475,57,0,0,0,0,0,8,462,5,39,0,0,0,0,0,0,0,0,0,0,0,0,0,0,0,0,0,0,0,0,0,0,262,32185,0,0,0,0
841.923,16344,61,0,0,0,0,0,8,303,5,39,0,0,0,0,0,0,0,0,0,0,0,0,0,0,0,0,0,0,0,0,0,0,0,0,0,0,0,0
858.331,16408,60,0,0,0,0,0,8,428,5,39,0,0,0,0,0,0,0,0,0,0,0,0,0,0,0,0,0,0,0,0,0,0,232,18425,0,0,0,0
874.568,16237,61,0,0,0,0,0,8,249,5,39,0,0,0,0,0,0,0,0,0,0,0,0,0,0,0,0,0,0,0,0,0,0,224,16147,0,0,0,0
891.705,17136,58,0,0,0,0,0,8,445,5,39,0,0,0,0,0,0,0,0,0,0,0,0,0,0,0,0,0,0,0,0,0,0,217,31323,0,0,0,0
908.699,16994,58,0,0,0,0,0,8,417,5,39,0,0,0,0,0,0,0,0,0,0,0,0,0,0,0,0,0,0,0,0,0,0,0,0,0,0,0,0
925.251,16551,60,0,0,0,0,0,8,362,5,39,0,0,0,0,0,0,0,0,0,0,0,0,0,0,0,0,0,0,0,0,0,0,269,18267,0,0,0,0
941.703,16452,60,0,0,0,0,0,8,232,5,39,0,0,0,0,0,0,0,0,0,0,0,0,0,0,0,0,0,0,0,0,0,0,250,17632,0,0,0,0
958.256,16552,60,0,0,0,0,0,8,451,5,39,0,0,0,0,0,0,0,0,0,0,0,0,0,0,0,0,0,0,0,0,0,0,230,31155,0,0,0,0
975.088,16832,59,0,0,0,0,0,8,356,5,39,0,0,0,0,0,0,0,0,0,0,0,0,0,0,0,0,0,0,0,0,0,0,0,0,0,0,0,0
992.564,17475,57,0,0,0,0,0,8,355,5,39,0,0,0,0,0,0,0,0,0,0,0,0,0,0,0,0,0,0,0,0,0,0,241,18327,0,0,0,0
1008.137,15573,64,0,0,0,0,0,8,298,5,39,0,0,0,0,0,0,0,0,0,0,0,0,0,0,0,0,0,0,0,0,0,0,244,17682,0,0,0,0
1025.575,17437,57,0,0,0,0,0,8,384,5,39,0,0,0,0,0,0,0,0,0,0,0,0,0,0,0,0,0,0,0,0,0,0,0,0,0,0,0,0
1041.700,16124,62,0,0,0,0,0,8,333,5,39,0,0,0,0,0,0,0,0,0,0,0,0,0,0,0,0,0,0,0,0,0,0,215,32069,0,0,0,0
1058.107,16407,60,0,0,0,0,0,8,439,5,39,0,0,0,0,0,0,0,0,0,0,0,0,0,0,0,0,0,0,0,0,0,0,187,17828,0,0,0,0
1074.767,16659,60,0,0,0,0,0,8,288,5,39,0,0,0,0,0,0,0,0,0,0,0,0,0,0,0,0,0,0,0,0,0,0,228,15539,0,0,0,0
1091.659,16892,59,0,0,0,0,0,8,345,5,39,0,0,0,0,0,0,0,0,0,0,0,0,0,0,0,0,0,0,0,0,0,0,0,0,0,0,0,0
1108.193,16534,60,0,0,0,0,0,8,448,5,39,0,0,0,0,0,0,0,0,0,0,0,0,0,0,0,0,0,0,0,0,0,0,210,32912,0,0,0,0
1124.777,16583,60,0,0,0,0,0,8,383,5,39,0,0,0,0,0,0,0,0,0,0,0,0,0,0,0,0,0,0,0,0,0,0,194,16637,0,0,0,0
1141.862,17084,58,0,0,0,0,0,8,240,5,39,0,0,0,0,0,0,0,0,0,0,0,0,0,0,0,0,0,0,0,0,0,0,243,17360,0,0,0,0
1158.120,16258,61,0,0,0,0,0,8,479,5,39,0,0,0,0,0,0,0,0,0,0,0,0,0,0,0,0,0,0,0,0,0,0,0,0,0,0,0,0
1175.100,16979,58,0,0,0,0,0,8,476,5,39,0,0,0,0,0,0,0,0,0,0,0,0,0,0,0,0,0,0,0,0,0,0,355,47186,0,0,0,0
1191.872,16771,59,0,0,0,0,0,8,212,5,39,0,0,0,0,0,0,0,0,0,0,0,0,0,0,0,0,0,0,0,0,0,0,150,2860,0,0,0,0
1208.269,16397,60,0,0,0,0,0,8,299,5,39,0,0,0,0,0,0,0,0,0,0,0,0,0,0,0,0,0,0,0,0,0,0,227,16745,0,0,0,0
1225.093,16824,59,0,0,0,0,0,8,493,5,39,0,0,0,0,0,0,0,0,0,0,0,0,0,0,0,0,0,0,0,0,0,0,217,30947,0,0,0,0
1242.566,17472,57,0,0,0,0,0,8,417,5,39,0,0,0,0,0,0,0,0,0,0,0,0,0,0,0,0,0,0,0,0,0,0,160,17950,0,0,0,0
1258.327,15761,63,0,0,0,0,0,8,290,5,39,0,0,0,0,0,0,0,0,0,0,0,0,0,0,0,0,0,0,0,0,0,0,190,1863,0,0,0,0
1274.977,16649,60,0,0,0,0,0,8,274,5,39,0,0,0,0,0,0,0,0,0,0,0,0,0,0,0,0,0,0,0,0,0,0,242,15766,0,0,0,0
1291.436,16459,60,0,0,0,0,0,8,420,5,39,0,0,0,0,0,0,0,0,0,0,0,0,0,0,0,0,0,0,0,0,0,0,209,31637,0,0,0,0
1308.234,16798,59,0,0,0,0,0,8,348,5,39,0,0,0,0,0,0,0,0,0,0,0,0,0,0,0,0,0,0,0,0,0,0,0,0,0,0,0,0
1325.563,17328,57,0,0,0,0,0,8,405,5,39,0,0,0,0,0,0,0,0,0,0,0,0,0,0,0,0,0,0,0,0,0,0,253,18254,0,0,0,0
1342.563,17000,58,0,0,0,0,0,8,260,5,39,0,0,0,0,0,0,0,0,0,0,0,0,0,0,0,0,0,0,0,0,0,0,235,17436,0,0,0,0
1358.114,15551,64,0,0,0,0,0,8,280,5,39,0,0,0,0,0,0,0,0,0,0,0,0,0,0,0,0,0,0,0,0,0,0,0,0,0,0,0,0
1375.084,16969,58,0,0,0,0,0,8,480,5,39,0,0,0,0,0,0,0,0,0,0,0,0,0,0,0,0,0,0,0,0,0,0,248,33406,0,0,0,0
1392.572,17488,57,0,0,0,0,0,8,395,5,39,0,0,0,0,0,0,0,0,0,0,0,0,0,0,0,0,0,0,0,0,0,0,182,17840,0,0,0,0
1408.613,16041,62,0,0,0,0,0,8,293,5,39,0,0,0,0,0,0,0,0,0,0,0,0,0,0,0,0,0,0,0,0,0,0,221,15685,0,0,0,0
1425.216,16603,60,0,0,0,0,0,8,352,5,39,0,0,0,0,0,0,0,0,0,0,0,0,0,0,0,0,0,0,0,0,0,0,0,0,0,0,0,0
1441.757,16541,60,0,0,0,0,0,8,425,5,39,0,0,0,0,0,0,0,0,0,0,0,0,0,0,0,0,0,0,0,0,0,0,213,31929,0,0,0,0
1458.701,16943,59,0,0,0,0,0,8,385,5,39,0,0,0,0,0,0,0,0,0,0,0,0,0,0,0,0,0,0,0,0,0,0,211,16570,0,0,0,0
1474.754,16052,62,0,0,0,0,0,8,273,5,39,0,0,0,0,0,0,0,0,0,0,0,0,0,0,0,0,0,0,0,0,0,0,252,17602,0,0,0,0
1491.755,17001,58,0,0,0,0,0,8,443,5,39,0,0,0,0,0,0,0,0,0,0,0,0,0,0,0,0,0,0,0,0,0,0,216,31240,0,0,0,0
1508.557,16802,59,0,0,0,0,0,8,327,5,39,0,0,0,0,0,0,0,0,0,0,0,0,0,0,0,0,0,0,0,0,0,0,0,0,0,0,0,0
1525.520,16962,58,0,0,0,0,0,8,408,5,39,0,0,0,0,0,0,0,0,0,0,0,0,0,0,0,0,0,0,0,0,0,0,241,18345,0,0,0,0
1542.562,17042,58,0,0,0,0,0,8,237,5,39,0,0,0,0,0,0,0,0,0,0,0,0,0,0,0,0,0,0,0,0,0,0,234,17217,0,0,0,0
1558.696,16134,61,0,0,0,0,0,8,415,5,39,0,0,0,0,0,0,0,0,0,0,0,0,0,0,0,0,0,0,0,0,0,0,0,0,0,0,0,0
1575.558,16861,59,0,0,0,0,0,8,544,5,39,0,0,0,0,0,0,0,0,0,0,0,0,0,0,0,0,0,0,0,0,0,0,342,48469,0,0,0,0
1591.952,16394,60,0,0,0,0,0,8,192,5,39,0,0,0,0,0,0,0,0,0,0,0,0,0,0,0,0,0,0,0,0,0,0,122,1520,0,0,0,0
1608.105,16153,61,0,0,0,0,0,8,307,5,39,0,0,0,0,0,0,0,0,0,0,0,0,0,0,0,0,0,0,0,0,0,0,208,16408,0,0,0,0
1625.568,17463,57,0,0,0,0,0,8,474,5,39,0,0,0,0,0,0,0,0,0,0,0,0,0,0,0,0,0,0,0,0,0,0,219,31305,0,0,0,0
1641.801,16233,61,0,0,0,0,0,8,302,5,39,0,0,0,0,0,0,0,0,0,0,0,0,0,0,0,0,0,0,0,0,0,0,0,0,0,0,0,0
1658.693,16892,59,0,0,0,0,0,8,414,5,39,0,0,0,0,0,0,0,0,0,0,0,0,0,0,0,0,0,0,0,0,0,0,236,18314,0,0,0,0
1674.734,16041,62,0,0,0,0,0,8,248,5,39,0,0,0,0,0,0,0,0,0,0,0,0,0,0,0,0,0,0,0,0,0,0,269,17265,0,0,0,0
1691.846,17111,58,0,0,0,0,0,8,446,5,39,0,0,0,0,0,0,0,0,0,0,0,0,0,0,0,0,0,0,0,0,0,0,238,30591,0,0,0,0
1708.247,16400,60,0,0,0,0,0,8,425,5,39,0,0,0,0,0,0,0,0,0,0,0,0,0,0,0,0,0,0,0,0,0,0,0,0,0,0,0,0
1725.568,17320,57,0,0,0,0,0,8,351,5,39,0,0,0,0,0,0,0,0,0,0,0,0,0,0,0,0,0,0,0,0,0,0,236,17882,0,0,0,0
1741.380,15811,63,0,0,0,0,0,8,235,5,39,0,0,0,0,0,0,0,0,0,0,0,0,0,0,0,0,0,0,0,0,0,0,244,19263,0,0,0,0
1758.227,16847,59,0,0,0,0,0,8,455,5,39,0,0,0,0,0,0,0,0,0,0,0,0,0,0,0,0,0,0,0,0,0,0,234,28858,0,0,0,0
1774.638,16411,60,0,0,0,0,0,8,398,5,39,0,0,0,0,0,0,0,0,0,0,0,0,0,0,0,0,0,0,0,0,0,0,0,0,0,0,0,0
1792.559,17920,55,0,0,0,0,0,8,315,5,39,0,0,0,0,0,0,0,0,0,0,0,0,0,0,0,0,0,0,0,0,0,0,254,18475,0,0,0,0
1808.283,15724,63,0,0,0,0,0,8,300,5,39,0,0,0,0,0,0,0,0,0,0,0,0,0,0,0,0,0,0,0,0,0,0,256,18724,0,0,0,0
1825.220,16936,59,0,0,0,0,0,8,450,5,39,0,0,0,0,0,0,0,0,0,0,0,0,0,0,0,0,0,0,0,0,0,0,236,31247,0,0,0,0
1841.815,16595,60,0,0,0,0,0,8,271,5,39,0,0,0,0,0,0,0,0,0,0,0,0,0,0,0,0,0,0,0,0,0,0,0,0,0,0,0,0
1858.718,16902,59,0,0,0,0,0,8,435,5,39,0,0,0,0,0,0,0,0,0,0,0,0,0,0,0,0,0,0,0,0,0,0,250,18355,0,0,0,0
1875.235,16517,60,0,0,0,0,0,8,300,5,39,0,0,0,0,0,0,0,0,0,0,0,0,0,0,0,0,0,0,0,0,0,0,211,16457,0,0,0,0
1891.412,16176,61,0,0,0,0,0,8,314,5,39,0,0,0,0,0,0,0,0,0,0,0,0,0,0,0,0,0,0,0,0,0,0,0,0,0,0,0,0
1908.688,17276,57,0,0,0,0,0,8,479,5,39,0,0,0,0,0,0,0,0,0,0,0,0,0,0,0,0,0,0,0,0,0,0,240,32198,0,0,0,0
1925.143,16454,60,0,0,0,0,0,8,356,5,39,0,0,0,0,0,0,0,0,0,0,0,0,0,0,0,0,0,0,0,0,0,0,223,17020,0,0,0,0
1941.587,16444,60,0,0,0,0,0,8,235,5,39,0,0,0,0,0,0,0,0,0,0,0,0,0,0,0,0,0,0,0,0,0,0,240,17639,0,0,0,0
1958.266,16678,59,0,0,0,0,0,8,290,5,39,0,0,0,0,0,0,0,0,0,0,0,0,0,0,0,0,0,0,0,0,0,0,578,17172,0,0,0,0
1975.563,17297,57,0,0,0,0,0,8,224,5,39,0,0,0,0,0,0,0,0,0,0,0,0,0,0,0,0,0,0,0,0,0,0,224,15523,0,0,0,0
1992.561,16997,58,0,0,0,0,0,8,172,5,39,0,0,0,0,0,0,0,0,0,0,0,0,0,0,0,0,0,0,0,0,0,0,228,17307,0,0,0,0
2008.692,16131,61,0,0,0,0,0,8,225,5,39,0,0,0,0,0,0,0,0,0,0,0,0,0,0,0,0,0,0,0,0,0,0,226,16986,0,0,0,0
2025.088,16396,60,0,0,0,0,0,8,451,5,39,0,0,0,0,0,0,0,0,0,0,0,0,0,0,0,0,0,0,0,0,0,0,956,27780,0,0,0,0
2042.560,17471,57,0,0,0,0,0,8,210,5,39,0,0,0,0,0,0,0,0,0,0,0,0,0,0,0,0,0,0,0,0,0,0,158,4862,0,0,0,0
2058.696,16136,61,0,0,0,0,0,8,246,5,39,0,0,0,0,0,0,0,0,0,0,0,0,0,0,0,0,0,0,0,0,0,0,260,17423,0,0,0,0
2075.091,16394,60,0,0,0,0,0,8,231,5,39,0,0,0,0,0,0,0,0,0,0,0,0,0,0,0,0,0,0,0,0,0,0,216,16083,0,0,0,0
2091.749,16657,60,0,0,0,0,0,8,386,5,39,0,0,0,0,0,0,0,0,0,0,0,0,0,0,0,0,0,0,0,0,0,0,235,27538,0,0,0,0
2108.689,16939,59,0,0,0,0,0,8,435,5,39,0,0,0,0,0,0,0,0,0,0,0,0,0,0,0,0,0,0,0,0,0,0,170,18912,0,0,0,0
2124.816,16127,62,0,0,0,0,0,8,234,5,39,0,0,0,0,0,0,0,0,0,0,0,0,0,0,0,0,0,0,0,0,0,0,160,3542,0,0,0,0
2141.691,16875,59,0,0,0,0,0,8,226,5,39,0,0,0,0,0,0,0,0,0,0,0,0,0,0,0,0,0,0,0,0,0,0,228,16139,0,0,0,0
2158.555,16864,59,0,0,0,0,0,8,403,5,39,0,0,0,0,0,0,0,0,0,0,0,0,0,0,0,0,0,0,0,0,0,0,236,29386,0,0,0,0
2175.094,16539,60,0,0,0,0,0,8,434,5,39,0,0,0,0,0,0,0,0,0,0,0,0,0,0,0,0,0,0,0,0,0,0,183,17664,0,0,0,0
2191.688,16594,60,0,0,0,0,0,8,203,5,39,0,0,0,0,0,0,0,0,0,0,0,0,0,0,0,0,0,0,0,0,0,0,165,3323,0,0,0,0
2208.195,16506,60,0,0,0,0,0,8,250,5,39,0,0,0,0,0,0,0,0,0,0,0,0,0,0,0,0,0,0,0,0,0,0,240,16487,0,0,0,0
2225.088,16893,59,0,0,0,0,0,8,407,5,39,0,0,0,0,0,0,0,0,0,0,0,0,0,0,0,0,0,0,0,0,0,0,242,28842,0,0,0,0
2241.567,16478,60,0,0,0,0,0,8,390,5,39,0,0,0,0,0,0,0,0,0,0,0,0,0,0,0,0,0,0,0,0,0,0,158,18068,0,0,0,0
2258.601,17034,58,0,0,0,0,0,8,250,5,39,0,0,0,0,0,0,0,0,0,0,0,0,0,0,0,0,0,0,0,0,0,0,182,3096,0,0,0,0
2275.182,16581,60,0,0,0,0,0,8,251,5,39,0,0,0,0,0,0,0,0,0,0,0,0,0,0,0,0,0,0,0,0,0,0,224,17304,0,0,0,0
2291.894,16711,59,0,0,0,0,0,8,382,5,39,0,0,0,0,0,0,0,0,0,0,0,0,0,0,0,0,0,0,0,0,0,0,234,28716,0,0,0,0
2308.065,16170,61,0,0,0,0,0,8,402,5,39,0,0,0,0,0,0,0,0,0,0,0,0,0,0,0,0,0,0,0,0,0,0,172,17575,0,0,0,0
2325.550,17485,57,0,0,0,0,0,8,255,5,39,0,0,0,0,0,0,0,0,0,0,0,0,0,0,0,0,0,0,0,0,0,0,163,2913,0,0,0,0
2342.564,17013,58,0,0,0,0,0,8,210,5,39,0,0,0,0,0,0,0,0,0,0,0,0,0,0,0,0,0,0,0,0,0,0,239,17347,0,0,0,0
2358.258,15694,63,0,0,0,0,0,8,427,5,39,0,0,0,0,0,0,0,0,0,0,0,0,0,0,0,0,0,0,0,0,0,0,251,30085,0,0,0,0
2375.553,17294,57,0,0,0,0,0,8,439,5,39,0,0,0,0,0,0,0,0,0,0,0,0,0,0,0,0,0,0,0,0,0,0,178,16791,0,0,0,0
2392.561,17008,58,0,0,0,0,0,8,181,5,39,0,0,0,0,0,0,0,0,0,0,0,0,0,0,0,0,0,0,0,0,0,0,152,3149,0,0,0,0
2408.103,15541,64,0,0,0,0,0,8,243,5,39,0,0,0,0,0,0,0,0,0,0,0,0,0,0,0,0,0,0,0,0,0,0,254,16999,0,0,0,0
2425.208,17105,58,0,0,0,0,0,8,439,5,39,0,0,0,0,0,0,0,0,0,0,0,0,0,0,0,0,0,0,0,0,0,0,204,28070,0,0,0,0
2441.742,16533,60,0,0,0,0,0,8,385,5,39,0,0,0,0,0,0,0,0,0,0,0,0,0,0,0,0,0,0,0,0,0,0,165,18150,0,0,0,0
2458.089,16347,61,0,0,0,0,0,8,251,5,39,0,0,0,0,0,0,0,0,0,0,0,0,0,0,0,0,0,0,0,0,0,0,132,3229,0,0,0,0
2475.088,16998,58,0,0,0,0,0,8,217,5,39,0,0,0,0,0,0,0,0,0,0,0,0,0,0,0,0,0,0,0,0,0,0,206,16045,0,0,0,0
2491.588,16500,60,0,0,0,0,0,8,400,5,39,0,0,0,0,0,0,0,0,0,0,0,0,0,0,0,0,0,0,0,0,0,0,239,29688,0,0,0,0
2508.549,16961,58,0,0,0,0,0,8,435,5,39,0,0,0,0,0,0,0,0,0,0,0,0,0,0,0,0,0,0,0,0,0,0,171,18223,0,0,0,0
2525.073,16523,60,0,0,0,0,0,8,237,5,39,0,0,0,0,0,0,0,0,0,0,0,0,0,0,0,0,0,0,0,0,0,0,141,2592,0,0,0,0
2541.686,16612,60,0,0,0,0,0,8,219,5,39,0,0,0,0,0,0,0,0,0,0,0,0,0,0,0,0,0,0,0,0,0,0,219,16467,0,0,0,0
2558.110,16424,60,0,0,0,0,0,8,406,5,39,0,0,0,0,0,0,0,0,0,0,0,0,0,0,0,0,0,0,0,0,0,0,224,29077,0,0,0,0
2575.551,17440,57,0,0,0,0,0,8,418,5,39,0,0,0,0,0,0,0,0,0,0,0,0,0,0,0,0,0,0,0,0,0,0,160,17534,0,0,0,0
2591.713,16161,61,0,0,0,0,0,8,223,5,39,0,0,0,0,0,0,0,0,0,0,0,0,0,0,0,0,0,0,0,0,0,0,139,3888,0,0,0,0
2608.256,16543,60,0,0,0,0,0,8,250,5,39,0,0,0,0,0,0,0,0,0,0,0,0,0,0,0,0,0,0,0,0,0,0,227,16155,0,0,0,0
2625.550,17293,57,0,0,0,0,0,8,411,5,39,0,0,0,0,0,0,0,0,0,0,0,0,0,0,0,0,0,0,0,0,0,0,234,29925,0,0,0,0
2642.405,16855,59,0,0,0,0,0,8,387,5,39,0,0,0,0,0,0,0,0,0,0,0,0,0,0,0,0,0,0,0,0,0,0,158,17426,0,0,0,0
2658.269,15863,63,0,0,0,0,0,8,250,5,39,0,0,0,0,0,0,0,0,0,0,0,0,0,0,0,0,0,0,0,0,0,0,144,3338,0,0,0,0
2674.841,16571,60,0,0,0,0,0,8,246,5,39,0,0,0,0,0,0,0,0,0,0,0,0,0,0,0,0,0,0,0,0,0,0,248,15900,0,0,0,0
2691.740,16899,59,0,0,0,0,0,8,398,5,39,0,0,0,0,0,0,0,0,0,0,0,0,0,0,0,0,0,0,0,0,0,0,222,29207,0,0,0,0
2708.221,16481,60,0,0,0,0,0,8,407,5,39,0,0,0,0,0,0,0,0,0,0,0,0,0,0,0,0,0,0,0,0,0,0,189,18548,0,0,0,0
2725.546,17324,57,0,0,0,0,0,8,234,5,39,0,0,0,0,0,0,0,0,0,0,0,0,0,0,0,0,0,0,0,0,0,0,135,2166,0,0,0,0
2741.784,16238,61,0,0,0,0,0,8,222,5,39,0,0,0,0,0,0,0,0,0,0,0,0,0,0,0,0,0,0,0,0,0,0,225,17332,0,0,0,0
2758.631,16837,59,0,0,0,0,0,8,439,5,39,0,0,0,0,0,0,0,0,0,0,0,0,0,0,0,0,0,0,0,0,0,0,224,28834,0,0,0,0
2774.824,16202,61,0,0,0,0,0,8,432,5,39,0,0,0,0,0,0,0,0,0,0,0,0,0,0,0,0,0,0,0,0,0,0,147,17740,0,0,0,0
2791.858,17033,58,0,0,0,0,0,8,189,5,39,0,0,0,0,0,0,0,0,0,0,0,0,0,0,0,0,0,0,0,0,0,0,144,1694,0,0,0,0
2808.544,16686,59,0,0,0,0,0,8,248,5,39,0,0,0,0,0,0,0,0,0,0,0,0,0,0,0,0,0,0,0,0,0,0,250,18183,0,0,0,0
2825.210,16665,60,0,0,0,0,0,8,437,5,39,0,0,0,0,0,0,0,0,0,0,0,0,0,0,0,0,0,0,0,0,0,0,234,29117,0,0,0,0
2842.569,17359,57,0,0,0,0,0,8,386,5,39,0,0,0,0,0,0,0,0,0,0,0,0,0,0,0,0,0,0,0,0,0,0,155,18757,0,0,0,0
2858.691,16122,62,0,0,0,0,0,8,247,5,39,0,0,0,0,0,0,0,0,0,0,0,0,0,0,0,0,0,0,0,0,0,0,146,2746,0,0,0,0
2875.556,16864,59,0,0,0,0,0,8,230,5,39,0,0,0,0,0,0,0,0,0,0,0,0,0,0,0,0,0,0,0,0,0,0,225,16090,0,0,0,0
2891.565,16009,62,0,0,0,0,0,8,382,5,39,0,0,0,0,0,0,0,0,0,0,0,0,0,0,0,0,0,0,0,0,0,0,240,29537,0,0,0,0
2908.109,16543,60,0,0,0,0,0,8,426,5,39,0,0,0,0,0,0,0,0,0,0,0,0,0,0,0,0,0,0,0,0,0,0,141,17078,0,0,0,0
2925.546,17437,57,0,0,0,0,0,8,239,5,39,0,0,0,0,0,0,0,0,0,0,0,0,0,0,0,0,0,0,0,0,0,0,148,2742,0,0,0,0
2942.558,17011,58,0,0,0,0,0,8,223,5,39,0,0,0,0,0,0,0,0,0,0,0,0,0,0,0,0,0,0,0,0,0,0,243,17498,0,0,0,0
2958.198,15640,63,0,0,0,0,0,8,402,5,39,0,0,0,0,0,0,0,0,0,0,0,0,0,0,0,0,0,0,0,0,0,0,224,30264,0,0,0,0
2975.078,16880,59,0,0,0,0,0,8,411,5,39,0,0,0,0,0,0,0,0,0,0,0,0,0,0,0,0,0,0,0,0,0,0,147,15764,0,0,0,0
2992.316,17237,58,0,0,0,0,0,8,230,5,39,0,0,0,0,0,0,0,0,0,0,0,0,0,0,0,0,0,0,0,0,0,0,135,3469,0,0,0,0
3008.682,16365,61,0,0,0,0,0,8,250,5,39,0,0,0,0,0,0,0,0,0,0,0,0,0,0,0,0,0,0,0,0,0,0,254,17425,0,0,0,0
3025.065,16383,61,0,0,0,0,0,8,405,5,39,0,0,0,0,0,0,0,0,0,0,0,0,0,0,0,0,0,0,0,0,0,0,241,28646,0,0,0,0
3042.579,17513,57,0,0,0,0,0,8,396,5,39,0,0,0,0,0,0,0,0,0,0,0,0,0,0,0,0,0,0,0,0,0,0,156,17556,0,0,0,0
3058.615,16036,62,0,0,0,0,0,8,246,5,39,0,0,0,0,0,0,0,0,0,0,0,0,0,0,0,0,0,0,0,0,0,0,161,3958,0,0,0,0
3075.062,16447,60,0,0,0,0,0,8,227,5,39,0,0,0,0,0,0,0,0,0,0,0,0,0,0,0,0,0,0,0,0,0,0,211,15956,0,0,0,0
3091.718,16656,60,0,0,0,0,0,8,410,5,39,0,0,0,0,0,0,0,0,0,0,0,0,0,0,0,0,0,0,0,0,0,0,218,29046,0,0,0,0
3108.122,16403,60,0,0,0,0,0,8,411,5,39,0,0,0,0,0,0,0,0,0,0,0,0,0,0,0,0,0,0,0,0,0,0,159,17364,0,0,0,0
3125.079,16956,58,0,0,0,0,0,8,255,5,39,0,0,0,0,0,0,0,0,0,0,0,0,0,0,0,0,0,0,0,0,0,0,172,3131,0,0,0,0
3142.554,17475,57,0,0,0,0,0,8,211,5,39,0,0,0,0,0,0,0,0,0,0,0,0,0,0,0,0,0,0,0,0,0,0,227,16931,0,0,0,0
3158.777,16222,61,0,0,0,0,0,8,432,5,39,0,0,0,0,0,0,0,0,0,0,0,0,0,0,0,0,0,0,0,0,0,0,247,29810,0,0,0,0
3175.140,16363,61,0,0,0,0,0,8,431,5,39,0,0,0,0,0,0,0,0,0,0,0,0,0,0,0,0,0,0,0,0,0,0,164,17314,0,0,0,0
3192.545,17404,57,0,0,0,0,0,8,185,5,39,0,0,0,0,0,0,0,0,0,0,0,0,0,0,0,0,0,0,0,0,0,0,175,2987,0,0,0,0
3208.222,15676,63,0,0,0,0,0,8,244,5,39,0,0,0,0,0,0,0,0,0,0,0,0,0,0,0,0,0,0,0,0,0,0,233,17367,0,0,0,0
3225.552,17329,57,0,0,0,0,0,8,421,5,39,0,0,0,0,0,0,0,0,0,0,0,0,0,0,0,0,0,0,0,0,0,0,237,28032,0,0,0,0
3242.582,17030,58,0,0,0,0,0,8,400,5,39,0,0,0,0,0,0,0,0,0,0,0,0,0,0,0,0,0,0,0,0,0,0,164,18476,0,0,0,0
3258.377,15794,63,0,0,0,0,0,8,246,5,39,0,0,0,0,0,0,0,0,0,0,0,0,0,0,0,0,0,0,0,0,0,0,208,3644,0,0,0,0
3275.077,16700,59,0,0,0,0,0,8,211,5,39,0,0,0,0,0,0,0,0,0,0,0,0,0,0,0,0,0,0,0,0,0,0,214,15606,0,0,0,0
3291.683,16605,60,0,0,0,0,0,8,402,5,39,0,0,0,0,0,0,0,0,0,0,0,0,0,0,0,0,0,0,0,0,0,0,221,29152,0,0,0,0
3308.092,16408,60,0,0,0,0,0,8,430,5,39,0,0,0,0,0,0,0,0,0,0,0,0,0,0,0,0,0,0,0,0,0,0,170,17685,0,0,0,0
3325.061,16969,58,0,0,0,0,0,8,246,5,39,0,0,0,0,0,0,0,0,0,0,0,0,0,0,0,0,0,0,0,0,0,0,154,2962,0,0,0,0
3341.709,16648,60,0,0,0,0,0,8,220,5,39,0,0,0,0,0,0,0,0,0,0,0,0,0,0,0,0,0,0,0,0,0,0,231,16927,0,0,0,0
3358.222,16512,60,0,0,0,0,0,8,405,5,39,0,0,0,0,0,0,0,0,0,0,0,0,0,0,0,0,0,0,0,0,0,0,236,29252,0,0,0,0
3375.197,16975,58,0,0,0,0,0,8,439,5,39,0,0,0,0,0,0,0,0,0,0,0,0,0,0,0,0,0,0,0,0,0,0,182,17150,0,0,0,0
3391.816,16619,60,0,0,0,0,0,8,206,5,39,0,0,0,0,0,0,0,0,0,0,0,0,0,0,0,0,0,0,0,0,0,0,171,4085,0,0,0,0
3408.678,16861,59,0,0,0,0,0,8,255,5,39,0,0,0,0,0,0,0,0,0,0,0,0,0,0,0,0,0,0,0,0,0,0,242,16272,0,0,0,0
3425.544,16866,59,0,0,0,0,0,8,411,5,39,0,0,0,0,0,0,0,0,0,0,0,0,0,0,0,0,0,0,0,0,0,0,227,29551,0,0,0,0
3441.891,16346,61,0,0,0,0,0,8,381,5,39,0,0,0,0,0,0,0,0,0,0,0,0,0,0,0,0,0,0,0,0,0,0,176,16864,0,0,0,0
3458.398,16507,60,0,0,0,0,0,8,255,5,39,0,0,0,0,0,0,0,0,0,0,0,0,0,0,0,0,0,0,0,0,0,0,185,3832,0,0,0,0
3474.765,16367,61,0,0,0,0,0,8,232,5,39,0,0,0,0,0,0,0,0,0,0,0,0,0,0,0,0,0,0,0,0,0,0,235,16292,0,0,0,0
3491.549,16784,59,0,0,0,0,0,8,405,5,39,0,0,0,0,0,0,0,0,0,0,0,0,0,0,0,0,0,0,0,0,0,0,230,29278,0,0,0,0
3508.217,16667,59,0,0,0,0,0,8,406,5,39,0,0,0,0,0,0,0,0,0,0,0,0,0,0,0,0,0,0,0,0,0,0,158,17649,0,0,0,0
3525.108,16890,59,0,0,0,0,0,8,254,5,39,0,0,0,0,0,0,0,0,0,0,0,0,0,0,0,0,0,0,0,0,0,0,178,3252,0,0,0,0
3542.547,17439,57,0,0,0,0,0,8,211,5,39,0,0,0,0,0,0,0,0,0,0,0,0,0,0,0,0,0,0,0,0,0,0,235,16586,0,0,0,0
3558.090,15543,64,0,0,0,0,0,8,427,5,39,0,0,0,0,0,0,0,0,0,0,0,0,0,0,0,0,0,0,0,0,0,0,261,29982,0,0,0,0
3575.295,17205,58,0,0,0,0,0,8,438,5,39,0,0,0,0,0,0,0,0,0,0,0,0,0,0,0,0,0,0,0,0,0,0,173,16491,0,0,0,0
3592.116,16821,59,0,0,0,0,0,8,178,5,39,0,0,0,0,0,0,0,0,0,0,0,0,0,0,0,0,0,0,0,0,0,0,148,3931,0,0,0,0
3608.210,16093,62,0,0,0,0,0,8,246,5,39,0,0,0,0,0,0,0,0,0,0,0,0,0,0,0,0,0,0,0,0,0,0,226,16549,0,0,0,0
3625.556,17346,57,0,0,0,0,0,8,422,5,39,0,0,0,0,0,0,0,0,0,0,0,0,0,0,0,0,0,0,0,0,0,0,227,28664,0,0,0,0
3641.083,15526,64,0,0,0,0,0,8,388,5,39,0,0,0,0,0,0,0,0,0,0,0,0,0,0,0,0,0,0,0,0,0,0,189,18247,0,0,0,0
3658.679,17596,56,0,0,0,0,0,8,257,5,39,0,0,0,0,0,0,0,0,0,0,0,0,0,0,0,0,0,0,0,0,0,0,133,2293,0,0,0,0
3675.193,16513,60,0,0,0,0,0,8,227,5,39,0,0,0,0,0,0,0,0,0,0,0,0,0,0,0,0,0,0,0,0,0,0,234,17400,0,0,0,0
3691.681,16488,60,0,0,0,0,0,8,383,5,39,0,0,0,0,0,0,0,0,0,0,0,0,0,0,0,0,0,0,0,0,0,0,223,29437,0,0,0,0
3708.675,16994,58,0,0,0,0,0,8,250,5,39,0,0,0,0,0,0,0,0,0,0,0,0,0,0,0,0,0,0,0,0,0,0,154,3584,0,0,0,0
3724.884,16208,61,0,0,0,0,0,8,421,5,39,0,0,0,0,0,0,0,0,0,0,0,0,0,0,0,0,0,0,0,0,0,0,203,30383,0,0,0,0
3741.840,16956,58,0,0,0,0,0,8,399,5,39,0,0,0,0,0,0,0,0,0,0,0,0,0,0,0,0,0,0,0,0,0,0,151,15142,0,0,0,0
3758.685,16834,59,0,0,0,0,0,8,231,5,39,0,0,0,0,0,0,0,0,0,0,0,0,0,0,0,0,0,0,0,0,0,0,163,4599,0,0,0,0
3774.578,15903,62,0,0,0,0,0,8,242,5,39,0,0,0,0,0,0,0,0,0,0,0,0,0,0,0,0,0,0,0,0,0,0,229,16842,0,0,0,0
3792.538,17959,55,0,0,0,0,0,8,399,5,39,0,0,0,0,0,0,0,0,0,0,0,0,0,0,0,0,0,0,0,0,0,0,239,29768,0,0,0,0
3808.065,15527,64,0,0,0,0,0,8,427,5,39,0,0,0,0,0,0,0,0,0,0,0,0,0,0,0,0,0,0,0,0,0,0,174,17146,0,0,0,0
3824.890,16825,59,0,0,0,0,0,8,234,5,39,0,0,0,0,0,0,0,0,0,0,0,0,0,0,0,0,0,0,0,0,0,0,159,2577,0,0,0,0
3841.737,16846,59,0,0,0,0,0,8,202,5,39,0,0,0,0,0,0,0,0,0,0,0,0,0,0,0,0,0,0,0,0,0,0,250,16744,0,0,0,0
3858.536,16799,59,0,0,0,0,0,8,438,5,39,0,0,0,0,0,0,0,0,0,0,0,0,0,0,0,0,0,0,0,0,0,0,239,30345,0,0,0,0
3875.553,17016,58,0,0,0,0,0,8,435,5,39,0,0,0,0,0,0,0,0,0,0,0,0,0,0,0,0,0,0,0,0,0,0,161,15945,0,0,0,0
3891.742,16189,61,0,0,0,0,0,8,206,5,39,0,0,0,0,0,0,0,0,0,0,0,0,0,0,0,0,0,0,0,0,0,0,171,4484,0,0,0,0
3908.579,16837,59,0,0,0,0,0,8,231,5,39,0,0,0,0,0,0,0,0,0,0,0,0,0,0,0,0,0,0,0,0,0,0,248,16020,0,0,0,0
3925.537,16958,58,0,0,0,0,0,8,438,5,39,0,0,0,0,0,0,0,0,0,0,0,0,0,0,0,0,0,0,0,0,0,0,228,30011,0,0,0,0
3941.700,16161,61,0,0,0,0,0,8,383,5,39,0,0,0,0,0,0,0,0,0,0,0,0,0,0,0,0,0,0,0,0,0,0,164,16515,0,0,0,0
3957.726,16026,62,0,0,0,0,0,8,234,5,39,0,0,0,0,0,0,0,0,0,0,0,0,0,0,0,0,0,0,0,0,0,0,208,3519,0,0,0,0
3975.467,17740,56,0,0,0,0,0,8,241,5,39,0,0,0,0,0,0,0,0,0,0,0,0,0,0,0,0,0,0,0,0,0,0,239,16021,0,0,0,0
3991.716,16249,61,0,0,0,0,0,8,160,5,39,0,0,0,0,0,0,0,0,0,0,0,0,0,0,0,0,0,0,0,0,0,0,240,17721,0,0,0,0
4008.239,16522,60,0,0,0,0,0,8,220,5,39,0,0,0,0,0,0,0,0,0,0,0,0,0,0,0,0,0,0,0,0,0,0,219,16182,0,0,0,0
4025.144,16904,59,0,0,0,0,0,8,576,5,41,0,0,0,0,0,0,0,0,0,0,0,0,0,0,0,0,0,0,0,0,0,0,1919,31875,0,0,0,0
4042.551,17407,57,0,0,0,0,0,8,236,5,41,0,0,0,0,0,0,0,0,0,0,0,0,0,0,0,0,0,0,0,0,0,0,120,1925,0,0,0,0
4058.553,16002,62,0,0,0,0,0,8,282,5,41,0,0,0,0,0,0,0,0,0,0,0,0,0,0,0,0,0,0,0,0,0,0,251,17094,0,0,0,0
4075.058,16505,60,0,0,0,0,0,8,256,5,41,0,0,0,0,0,0,0,0,0,0,0,0,0,0,0,0,0,0,0,0,0,0,236,14981,0,0,0,0
4091.219,16160,61,0,0,0,0,0,8,433,5,41,0,0,0,0,0,0,0,0,0,0,0,0,0,0,0,0,0,0,0,0,0,0,237,28443,0,0,0,0
4108.266,17047,58,0,0,0,0,0,8,300,5,41,0,0,0,0,0,0,0,0,0,0,0,0,0,0,0,0,0,0,0,0,0,0,176,5248,0,0,0,0
4125.098,16831,59,0,0,0,0,0,8,458,5,41,0,0,0,0,0,0,0,0,0,0,0,0,0,0,0,0,0,0,0,0,0,0,230,30476,0,0,0,0
4142.534,17436,57,0,0,0,0,0,8,253,5,41,0,0,0,0,0,0,0,0,0,0,0,0,0,0,0,0,0,0,0,0,0,0,133,3405,0,0,0,0
4157.774,15239,65,0,0,0,0,0,8,442,5,41,0,0,0,0,0,0,0,0,0,0,0,0,0,0,0,0,0,0,0,0,0,0,240,30100,0,0,0,0
4175.089,17315,57,0,0,0,0,0,8,293,5,41,0,0,0,0,0,0,0,0,0,0,0,0,0,0,0,0,0,0,0,0,0,0,171,2610,0,0,0,0
4191.279,16189,61,0,0,0,0,0,8,422,5,41,0,0,0,0,0,0,0,0,0,0,0,0,0,0,0,0,0,0,0,0,0,0,230,30548,0,0,0,0
4208.504,17225,58,0,0,0,0,0,8,302,5,41,0,0,0,0,0,0,0,0,0,0,0,0,0,0,0,0,0,0,0,0,0,0,193,2952,0,0,0,0
4224.895,16390,61,0,0,0,0,0,8,449,5,41,0,0,0,0,0,0,0,0,0,0,0,0,0,0,0,0,0,0,0,0,0,0,254,29963,0,0,0,0
4242.532,17637,56,0,0,0,0,0,8,244,5,41,0,0,0,0,0,0,0,0,0,0,0,0,0,0,0,0,0,0,0,0,0,0,154,3636,0,0,0,0
4258.616,16083,62,0,0,0,0,0,8,476,5,41,0,0,0,0,0,0,0,0,0,0,0,0,0,0,0,0,0,0,0,0,0,0,250,30925,0,0,0,0
4274.379,15763,63,0,0,0,0,0,8,293,5,41,0,0,0,0,0,0,0,0,0,0,0,0,0,0,0,0,0,0,0,0,0,0,149,2782,0,0,0,0
4292.552,18172,55,0,0,0,0,0,8,421,5,41,0,0,0,0,0,0,0,0,0,0,0,0,0,0,0,0,0,0,0,0,0,0,226,28726,0,0,0,0
4308.673,16120,62,0,0,0,0,0,8,257,5,41,0,0,0,0,0,0,0,0,0,0,0,0,0,0,0,0,0,0,0,0,0,0,188,5247,0,0,0,0
4325.069,16395,60,0,0,0,0,0,8,459,5,41,0,0,0,0,0,0,0,0,0,0,0,0,0,0,0,0,0,0,0,0,0,0,212,30550,0,0,0,0
4342.548,17479,57,0,0,0,0,0,8,257,5,41,0,0,0,0,0,0,0,0,0,0,0,0,0,0,0,0,0,0,0,0,0,0,122,1927,0,0,0,0
4358.223,15675,63,0,0,0,0,0,8,477,5,41,0,0,0,0,0,0,0,0,0,0,0,0,0,0,0,0,0,0,0,0,0,0,244,30100,0,0,0,0
4374.967,16743,59,0,0,0,0,0,8,274,5,41,0,0,0,0,0,0,0,0,0,0,0,0,0,0,0,0,0,0,0,0,0,0,142,3033,0,0,0,0
4391.644,16677,59,0,0,0,0,0,8,411,5,41,0,0,0,0,0,0,0,0,0,0,0,0,0,0,0,0,0,0,0,0,0,0,223,29939,0,0,0,0
4408.262,16617,60,0,0,0,0,0,8,289,5,41,0,0,0,0,0,0,0,0,0,0,0,0,0,0,0,0,0,0,0,0,0,0,162,3553,0,0,0,0
4425.216,16953,58,0,0,0,0,0,8,465,5,41,0,0,0,0,0,0,0,0,0,0,0,0,0,0,0,0,0,0,0,0,0,0,223,29588,0,0,0,0
4441.675,16459,60,0,0,0,0,0,8,241,5,41,0,0,0,0,0,0,0,0,0,0,0,0,0,0,0,0,0,0,0,0,0,0,145,3946,0,0,0,0
4458.536,16860,59,0,0,0,0,0,8,479,5,41,0,0,0,0,0,0,0,0,0,0,0,0,0,0,0,0,0,0,0,0,0,0,210,30323,0,0,0,0
4474.552,16015,62,0,0,0,0,0,8,208,5,41,0,0,0,0,0,0,0,0,0,0,0,0,0,0,0,0,0,0,0,0,0,0,167,2972,0,0,0,0
4491.672,17119,58,0,0,0,0,0,8,481,5,41,0,0,0,0,0,0,0,0,0,0,0,0,0,0,0,0,0,0,0,0,0,0,245,28904,0,0,0,0
4508.669,16997,58,0,0,0,0,0,8,298,5,41,0,0,0,0,0,0,0,0,0,0,0,0,0,0,0,0,0,0,0,0,0,0,186,4238,0,0,0,0
4525.186,16517,60,0,0,0,0,0,8,479,5,41,0,0,0,0,0,0,0,0,0,0,0,0,0,0,0,0,0,0,0,0,0,0,239,30840,0,0,0,0
4542.530,17343,57,0,0,0,0,0,8,229,5,41,0,0,0,0,0,0,0,0,0,0,0,0,0,0,0,0,0,0,0,0,0,0,147,2936,0,0,0,0
4558.539,16009,62,0,0,0,0,0,8,457,5,41,0,0,0,0,0,0,0,0,0,0,0,0,0,0,0,0,0,0,0,0,0,0,223,29740,0,0,0,0
4575.543,17003,58,0,0,0,0,0,8,297,5,41,0,0,0,0,0,0,0,0,0,0,0,0,0,0,0,0,0,0,0,0,0,0,167,3387,0,0,0,0
4592.538,16995,58,0,0,0,0,0,8,418,5,41,0,0,0,0,0,0,0,0,0,0,0,0,0,0,0,0,0,0,0,0,0,0,253,31538,0,0,0,0
4608.056,15518,64,0,0,0,0,0,8,470,5,41,0,0,0,0,0,0,0,0,0,0,0,0,0,0,0,0,0,0,0,0,0,0,170,15051,0,0,0,0
4625.069,17012,58,0,0,0,0,0,8,260,5,41,0,0,0,0,0,0,0,0,0,0,0,0,0,0,0,0,0,0,0,0,0,0,209,2952,0,0,0,0
4641.712,16643,60,0,0,0,0,0,8,238,5,41,0,0,0,0,0,0,0,0,0,0,0,0,0,0,0,0,0,0,0,0,0,0,233,16940,0,0,0,0
4658.424,16711,59,0,0,0,0,0,8,478,5,41,0,0,0,0,0,0,0,0,0,0,0,0,0,0,0,0,0,0,0,0,0,0,239,30251,0,0,0,0
4675.533,17108,58,0,0,0,0,0,8,277,5,41,0,0,0,0,0,0,0,0,0,0,0,0,0,0,0,0,0,0,0,0,0,0,164,3192,0,0,0,0
4691.832,16299,61,0,0,0,0,0,8,442,5,41,0,0,0,0,0,0,0,0,0,0,0,0,0,0,0,0,0,0,0,0,0,0,233,29561,0,0,0,0
4708.683,16851,59,0,0,0,0,0,8,265,5,41,0,0,0,0,0,0,0,0,0,0,0,0,0,0,0,0,0,0,0,0,0,0,176,3948,0,0,0,0
4725.182,16499,60,0,0,0,0,0,8,475,5,41,0,0,0,0,0,0,0,0,0,0,0,0,0,0,0,0,0,0,0,0,0,0,233,30299,0,0,0,0
4742.548,17365,57,0,0,0,0,0,8,233,5,41,0,0,0,0,0,0,0,0,0,0,0,0,0,0,0,0,0,0,0,0,0,0,142,3129,0,0,0,0
4758.668,16120,62,0,0,0,0,0,8,473,5,41,0,0,0,0,0,0,0,0,0,0,0,0,0,0,0,0,0,0,0,0,0,0,253,29774,0,0,0,0
4775.177,16508,60,0,0,0,0,0,8,305,5,41,0,0,0,0,0,0,0,0,0,0,0,0,0,0,0,0,0,0,0,0,0,0,175,3495,0,0,0,0
4792.546,17369,57,0,0,0,0,0,8,388,5,41,0,0,0,0,0,0,0,0,0,0,0,0,0,0,0,0,0,0,0,0,0,0,232,30456,0,0,0,0
4808.070,15523,64,0,0,0,0,0,8,283,5,41,0,0,0,0,0,0,0,0,0,0,0,0,0,0,0,0,0,0,0,0,0,0,179,3456,0,0,0,0
4825.530,17460,57,0,0,0,0,0,8,492,5,41,0,0,0,0,0,0,0,0,0,0,0,0,0,0,0,0,0,0,0,0,0,0,253,27946,0,0,0,0
4842.532,17002,58,0,0,0,0,0,8,233,5,41,0,0,0,0,0,0,0,0,0,0,0,0,0,0,0,0,0,0,0,0,0,0,167,5000,0,0,0,0
4859.139,16607,60,0,0,0,0,0,8,478,5,41,0,0,0,0,0,0,0,0,0,0,0,0,0,0,0,0,0,0,0,0,0,0,239,30160,0,0,0,0
4875.149,16010,62,0,0,0,0,0,8,239,5,41,0,0,0,0,0,0,0,0,0,0,0,0,0,0,0,0,0,0,0,0,0,0,175,3466,0,0,0,0
4892.542,17392,57,0,0,0,0,0,8,440,5,41,0,0,0,0,0,0,0,0,0,0,0,0,0,0,0,0,0,0,0,0,0,0,248,28508,0,0,0,0
4908.065,15522,64,0,0,0,0,0,8,290,5,41,0,0,0,0,0,0,0,0,0,0,0,0,0,0,0,0,0,0,0,0,0,0,166,4906,0,0,0,0
4925.052,16987,58,0,0,0,0,0,8,301,5,41,0,0,0,0,0,0,0,0,0,0,0,0,0,0,0,0,0,0,0,0,0,0,0,0,0,0,0,0
4941.828,16776,59,0,0,0,0,0,8,436,5,41,0,0,0,0,0,0,0,0,0,0,0,0,0,0,0,0,0,0,0,0,0,0,215,33058,0,0,0,0
4958.564,16735,59,0,0,0,0,0,8,419,5,41,0,0,0,0,0,0,0,0,0,0,0,0,0,0,0,0,0,0,0,0,0,0,181,18003,0,0,0,0
4975.487,16922,59,0,0,0,0,0,8,304,5,41,0,0,0,0,0,0,0,0,0,0,0,0,0,0,0,0,0,0,0,0,0,0,232,14922,0,0,0,0
4991.664,16177,61,0,0,0,0,0,8,226,5,41,0,0,0,0,0,0,0,0,0,0,0,0,0,0,0,0,0,0,0,0,0,0,0,0,0,0,0,0
5008.088,16423,60,0,0,0,0,0,8,446,5,41,0,0,0,0,0,0,0,0,0,0,0,0,0,0,0,0,0,0,0,0,0,0,228,36812,0,0,0,0
5025.080,16992,58,0,0,0,0,0,8,473,5,41,0,0,0,0,0,0,0,0,0,0,0,0,0,0,0,0,0,0,0,0,0,0,230,19102,0,0,0,0
5042.563,17483,57,0,0,0,0,0,8,236,5,41,0,0,0,0,0,0,0,0,0,0,0,0,0,0,0,0,0,0,0,0,0,0,189,10671,0,0,0,0
5058.664,16100,62,0,0,0,0,0,8,299,5,41,0,0,0,0,0,0,0,0,0,0,0,0,0,0,0,0,0,0,0,0,0,0,0,0,0,0,0,0
5074.771,16107,62,0,0,0,0,0,8,441,5,41,0,0,0,0,0,0,0,0,0,0,0,0,0,0,0,0,0,0,0,0,0,0,258,36469,0,0,0,0
5091.637,16865,59,0,0,0,0,0,8,437,5,41,0,0,0,0,0,0,0,0,0,0,0,0,0,0,0,0,0,0,0,0,0,0,198,18447,0,0,0,0
5108.113,16476,60,0,0,0,0,0,8,263,5,41,0,0,0,0,0,0,0,0,0,0,0,0,0,0,0,0,0,0,0,0,0,0,214,11591,0,0,0,0
5125.178,17064,58,0,0,0,0,0,8,323,5,41,0,0,0,0,0,0,0,0,0,0,0,0,0,0,0,0,0,0,0,0,0,0,0,0,0,0,0,0
5141.768,16590,60,0,0,0,0,0,8,400,5,41,0,0,0,0,0,0,0,0,0,0,0,0,0,0,0,0,0,0,0,0,0,0,240,34943,0,0,0,0
5158.229,16461,60,0,0,0,0,0,8,473,5,41,0,0,0,0,0,0,0,0,0,0,0,0,0,0,0,0,0,0,0,0,0,0,192,17527,0,0,0,0
5176.043,17813,56,0,0,0,0,0,8,298,5,41,0,0,0,0,0,0,0,0,0,0,0,0,0,0,0,0,0,0,0,0,0,0,224,14072,0,0,0,0
5191.605,15562,64,0,0,0,0,0,8,212,5,41,0,0,0,0,0,0,0,0,0,0,0,0,0,0,0,0,0,0,0,0,0,0,0,0,0,0,0,0
5208.088,16473,60,0,0,0,0,0,8,458,5,41,0,0,0,0,0,0,0,0,0,0,0,0,0,0,0,0,0,0,0,0,0,0,232,35550,0,0,0,0
5225.271,17192,58,0,0,0,0,0,8,478,5,41,0,0,0,0,0,0,0,0,0,0,0,0,0,0,0,0,0,0,0,0,0,0,178,17010,0,0,0,0
5242.534,17262,57,0,0,0,0,0,8,237,5,41,0,0,0,0,0,0,0,0,0,0,0,0,0,0,0,0,0,0,0,0,0,0,210,14652,0,0,0,0
5258.668,16134,61,0,0,0,0,0,8,293,5,41,0,0,0,0,0,0,0,0,0,0,0,0,0,0,0,0,0,0,0,0,0,0,0,0,0,0,0,0
5274.906,16237,61,0,0,0,0,0,8,392,5,41,0,0,0,0,0,0,0,0,0,0,0,0,0,0,0,0,0,0,0,0,0,0,278,37561,0,0,0,0
5291.658,16752,59,0,0,0,0,0,8,461,5,41,0,0,0,0,0,0,0,0,0,0,0,0,0,0,0,0,0,0,0,0,0,0,292,17502,0,0,0,0
5308.251,16592,60,0,0,0,0,0,8,305,5,41,0,0,0,0,0,0,0,0,0,0,0,0,0,0,0,0,0,0,0,0,0,0,211,11165,0,0,0,0
5325.523,17272,57,0,0,0,0,0,8,323,5,41,0,0,0,0,0,0,0,0,0,0,0,0,0,0,0,0,0,0,0,0,0,0,0,0,0,0,0,0
5341.784,16260,61,0,0,0,0,0,8,392,5,41,0,0,0,0,0,0,0,0,0,0,0,0,0,0,0,0,0,0,0,0,0,0,233,34958,0,0,0,0
5358.099,16315,61,0,0,0,0,0,8,436,5,41,0,0,0,0,0,0,0,0,0,0,0,0,0,0,0,0,0,0,0,0,0,0,202,17770,0,0,0,0
5375.538,17439,57,0,0,0,0,0,8,287,5,41,0,0,0,0,0,0,0,0,0,0,0,0,0,0,0,0,0,0,0,0,0,0,217,13727,0,0,0,0
5391.662,16124,62,0,0,0,0,0,8,383,5,41,0,0,0,0,0,0,0,0,0,0,0,0,0,0,0,0,0,0,0,0,0,0,0,0,0,0,0,0
5408.238,16575,60,0,0,0,0,0,8,336,5,41,0,0,0,0,0,0,0,0,0,0,0,0,0,0,0,0,0,0,0,0,0,0,331,32526,0,0,0,0
5424.665,16427,60,0,0,0,0,0,8,258,5,41,0,0,0,0,0,0,0,0,0,0,0,0,0,0,0,0,0,0,0,0,0,0,216,17545,0,0,0,0
5442.525,17859,55,0,0,0,0,0,8,290,5,41,0,0,0,0,0,0,0,0,0,0,0,0,0,0,0,0,0,0,0,0,0,0,0,0,0,0,0,0
5458.224,15698,63,0,0,0,0,0,8,444,5,41,0,0,0,0,0,0,0,0,0,0,0,0,0,0,0,0,0,0,0,0,0,0,217,33858,0,0,0,0
5475.176,16952,58,0,0,0,0,0,8,507,5,41,0,0,0,0,0,0,0,0,0,0,0,0,0,0,0,0,0,0,0,0,0,0,104,17576,0,0,0,0
5491.734,16558,60,0,0,0,0,0,8,374,5,41,0,0,0,0,0,0,0,0,0,0,0,0,0,0,0,0,0,0,0,0,0,0,216,15617,0,0,0,0
5508.072,16338,61,0,0,0,0,0,8,266,5,41,0,0,0,0,0,0,0,0,0,0,0,0,0,0,0,0,0,0,0,0,0,0,235,16455,0,0,0,0
5525.220,17147,58,0,0,0,0,0,8,486,5,41,0,0,0,0,0,0,0,0,0,0,0,0,0,0,0,0,0,0,0,0,0,0,218,32186,0,0,0,0
5542.537,17317,57,0,0,0,0,0,8,242,5,41,0,0,0,0,0,0,0,0,0,0,0,0,0,0,0,0,0,0,0,0,0,0,136,1603,0,0,0,0
5558.419,15882,62,0,0,0,0,0,8,330,5,41,0,0,0,0,0,0,0,0,0,0,0,0,0,0,0,0,0,0,0,0,0,0,0,0,0,0,0,0
5574.791,16372,61,0,0,0,0,0,8,460,5,41,0,0,0,0,0,0,0,0,0,0,0,0,0,0,0,0,0,0,0,0,0,0,258,32700,0,0,0,0
5591.676,16884,59,0,0,0,0,0,8,359,5,41,0,0,0,0,0,0,0,0,0,0,0,0,0,0,0,0,0,0,0,0,0,0,243,16505,0,0,0,0
5608.528,16851,59,0,0,0,0,0,8,301,5,41,0,0,0,0,0,0,0,0,0,0,0,0,0,0,0,0,0,0,0,0,0,0,228,16967,0,0,0,0
5625.099,16571,60,0,0,0,0,0,8,383,5,41,0,0,0,0,0,0,0,0,0,0,0,0,0,0,0,0,0,0,0,0,0,0,0,0,0,0,0,0
5641.272,16173,61,0,0,0,0,0,8,328,5,41,0,0,0,0,0,0,0,0,0,0,0,0,0,0,0,0,0,0,0,0,0,0,314,32792,0,0,0,0
5658.244,16972,58,0,0,0,0,0,8,306,5,41,0,0,0,0,0,0,0,0,0,0,0,0,0,0,0,0,0,0,0,0,0,0,210,16758,0,0,0,0
5675.532,17287,57,0,0,0,0,0,8,298,5,41,0,0,0,0,0,0,0,0,0,0,0,0,0,0,0,0,0,0,0,0,0,0,0,0,0,0,0,0
5692.011,16478,60,0,0,0,0,0,8,512,5,41,0,0,0,0,0,0,0,0,0,0,0,0,0,0,0,0,0,0,0,0,0,0,241,33929,0,0,0,0
5708.678,16667,59,0,0,0,0,0,8,473,5,41,0,0,0,0,0,0,0,0,0,0,0,0,0,0,0,0,0,0,0,0,0,0,111,15804,0,0,0,0
5724.561,15883,62,0,0,0,0,0,8,359,5,41,0,0,0,0,0,0,0,0,0,0,0,0,0,0,0,0,0,0,0,0,0,0,194,16882,0,0,0,0
5742.544,17982,55,0,0,0,0,0,8,240,5,41,0,0,0,0,0,0,0,0,0,0,0,0,0,0,0,0,0,0,0,0,0,0,230,16691,0,0,0,0
5758.057,15513,64,0,0,0,0,0,8,281,5,41,0,0,0,0,0,0,0,0,0,0,0,0,0,0,0,0,0,0,0,0,0,0,0,0,0,0,0,0
5775.071,17013,58,0,0,0,0,0,8,449,5,41,0,0,0,0,0,0,0,0,0,0,0,0,0,0,0,0,0,0,0,0,0,0,325,33954,0,0,0,0
5792.550,17478,57,0,0,0,0,0,8,240,5,41,0,0,0,0,0,0,0,0,0,0,0,0,0,0,0,0,0,0,0,0,0,0,216,16608,0,0,0,0
5808.083,15533,64,0,0,0,0,0,8,306,5,41,0,0,0,0,0,0,0,0,0,0,0,0,0,0,0,0,0,0,0,0,0,0,0,0,0,0,0,0
5825.044,16961,58,0,0,0,0,0,8,453,5,41,0,0,0,0,0,0,0,0,0,0,0,0,0,0,0,0,0,0,0,0,0,0,257,34464,0,0,0,0
5841.167,16123,62,0,0,0,0,0,8,405,5,41,0,0,0,0,0,0,0,0,0,0,0,0,0,0,0,0,0,0,0,0,0,0,101,16316,0,0,0,0
5858.530,17352,57,0,0,0,0,0,8,467,5,41,0,0,0,0,0,0,0,0,0,0,0,0,0,0,0,0,0,0,0,0,0,0,203,17261,0,0,0,0
5875.528,17008,58,0,0,0,0,0,8,297,5,41,0,0,0,0,0,0,0,0,0,0,0,0,0,0,0,0,0,0,0,0,0,0,260,15443,0,0,0,0
5891.764,16236,61,0,0,0,0,0,8,266,5,41,0,0,0,0,0,0,0,0,0,0,0,0,0,0,0,0,0,0,0,0,0,0,0,0,0,0,0,0
5908.656,16891,59,0,0,0,0,0,8,433,5,41,0,0,0,0,0,0,0,0,0,0,0,0,0,0,0,0,0,0,0,0,0,0,224,33495,0,0,0,0
5925.040,16384,61,0,0,0,0,0,8,452,5,41,0,0,0,0,0,0,0,0,0,0,0,0,0,0,0,0,0,0,0,0,0,0,219,18762,0,0,0,0
5941.663,16622,60,0,0,0,0,0,8,247,5,41,0,0,0,0,0,0,0,0,0,0,0,0,0,0,0,0,0,0,0,0,0,0,221,14661,0,0,0,0
5958.251,16587,60,0,0,0,0,0,8,290,5,41,0,0,0,0,0,0,0,0,0,0,0,0,0,0,0,0,0,0,0,0,0,0,593,16749,0,0,0,0
5975.533,17282,57,0,0,0,0,0,8,223,5,41,0,0,0,0,0,0,0,0,0,0,0,0,0,0,0,0,0,0,0,0,0,0,226,15934,0,0,0,0
5991.790,16257,61,0,0,0,0,0,8,174,5,41,0,0,0,0,0,0,0,0,0,0,0,0,0,0,0,0,0,0,0,0,0,0,247,17384,0,0,0,0
6008.606,16816,59,0,0,0,0,0,8,221,5,41,0,0,0,0,0,0,0,0,0,0,0,0,0,0,0,0,0,0,0,0,0,0,221,16137,0,0,0,0
6025.172,16566,60,0,0,0,0,0,8,475,5,42,0,0,0,0,0,0,0,0,0,0,0,0,0,0,0,0,0,0,0,0,0,0,1113,28952,0,0,0,0
6042.045,16872,59,0,0,0,0,0,8,204,5,42,0,0,0,0,0,0,0,0,0,0,0,0,0,0,0,0,0,0,0,0,0,0,156,4782,0,0,0,0
6058.253,16207,61,0,0,0,0,0,8,256,5,42,0,0,0,0,0,0,0,0,0,0,0,0,0,0,0,0,0,0,0,0,0,0,219,16530,0,0,0,0
6075.517,17264,57,0,0,0,0,0,8,215,5,42,0,0,0,0,0,0,0,0,0,0,0,0,0,0,0,0,0,0,0,0,0,0,244,16263,0,0,0,0
6091.799,16282,61,0,0,0,0,0,8,413,5,42,0,0,0,0,0,0,0,0,0,0,0,0,0,0,0,0,0,0,0,0,0,0,225,29661,0,0,0,0
6108.193,16393,60,0,0,0,0,0,8,376,5,42,0,0,0,0,0,0,0,0,0,0,0,0,0,0,0,0,0,0,0,0,0,0,0,0,0,0,0,0
6125.160,16967,58,0,0,0,0,0,8,325,5,42,0,0,0,0,0,0,0,0,0,0,0,0,0,0,0,0,0,0,0,0,0,0,275,19401,0,0,0,0
6142.529,17369,57,0,0,0,0,0,8,210,5,42,0,0,0,0,0,0,0,0,0,0,0,0,0,0,0,0,0,0,0,0,0,0,237,18105,0,0,0,0
6158.651,16121,62,0,0,0,0,0,8,409,5,42,0,0,0,0,0,0,0,0,0,0,0,0,0,0,0,0,0,0,0,0,0,0,237,31180,0,0,0,0
6174.768,16117,62,0,0,0,0,0,8,441,5,42,0,0,0,0,0,0,0,0,0,0,0,0,0,0,0,0,0,0,0,0,0,0,130,16878,0,0,0,0
6191.531,16763,59,0,0,0,0,0,8,214,5,42,0,0,0,0,0,0,0,0,0,0,0,0,0,0,0,0,0,0,0,0,0,0,132,1215,0,0,0,0
6208.648,17117,58,0,0,0,0,0,8,256,5,42,0,0,0,0,0,0,0,0,0,0,0,0,0,0,0,0,0,0,0,0,0,0,238,16874,0,0,0,0
6225.042,16393,60,0,0,0,0,0,8,339,5,42,0,0,0,0,0,0,0,0,0,0,0,0,0,0,0,0,0,0,0,0,0,0,0,0,0,0,0,0
6241.658,16615,60,0,0,0,0,0,8,469,5,42,0,0,0,0,0,0,0,0,0,0,0,0,0,0,0,0,0,0,0,0,0,0,332,46692,0,0,0,0
6258.242,16583,60,0,0,0,0,0,8,261,5,42,0,0,0,0,0,0,0,0,0,0,0,0,0,0,0,0,0,0,0,0,0,0,152,3368,0,0,0,0
6275.063,16821,59,0,0,0,0,0,8,261,5,42,0,0,0,0,0,0,0,0,0,0,0,0,0,0,0,0,0,0,0,0,0,0,211,16526,0,0,0,0
6291.652,16588,60,0,0,0,0,0,8,395,5,42,0,0,0,0,0,0,0,0,0,0,0,0,0,0,0,0,0,0,0,0,0,0,238,30196,0,0,0,0
6308.085,16433,60,0,0,0,0,0,8,416,5,42,0,0,0,0,0,0,0,0,0,0,0,0,0,0,0,0,0,0,0,0,0,0,149,17853,0,0,0,0
6325.167,17081,58,0,0,0,0,0,8,264,5,42,0,0,0,0,0,0,0,0,0,0,0,0,0,0,0,0,0,0,0,0,0,0,158,1869,0,0,0,0
6341.649,16481,60,0,0,0,0,0,8,213,5,42,0,0,0,0,0,0,0,0,0,0,0,0,0,0,0,0,0,0,0,0,0,0,246,17123,0,0,0,0
6358.063,16414,60,0,0,0,0,0,8,433,5,42,0,0,0,0,0,0,0,0,0,0,0,0,0,0,0,0,0,0,0,0,0,0,226,30032,0,0,0,0
6375.443,17380,57,0,0,0,0,0,8,427,5,42,0,0,0,0,0,0,0,0,0,0,0,0,0,0,0,0,0,0,0,0,0,0,150,17631,0,0,0,0
6391.672,16229,61,0,0,0,0,0,8,206,5,42,0,0,0,0,0,0,0,0,0,0,0,0,0,0,0,0,0,0,0,0,0,0,147,2614,0,0,0,0
6408.659,16986,58,0,0,0,0,0,8,261,5,42,0,0,0,0,0,0,0,0,0,0,0,0,0,0,0,0,0,0,0,0,0,0,274,16243,0,0,0,0
6425.526,16867,59,0,0,0,0,0,8,425,5,42,0,0,0,0,0,0,0,0,0,0,0,0,0,0,0,0,0,0,0,0,0,0,244,30594,0,0,0,0
6442.517,16990,58,0,0,0,0,0,8,402,5,42,0,0,0,0,0,0,0,0,0,0,0,0,0,0,0,0,0,0,0,0,0,0,167,18071,0,0,0,0
6458.238,15721,63,0,0,0,0,0,8,256,5,42,0,0,0,0,0,0,0,0,0,0,0,0,0,0,0,0,0,0,0,0,0,0,157,1200,0,0,0,0
6475.165,16926,59,0,0,0,0,0,8,238,5,42,0,0,0,0,0,0,0,0,0,0,0,0,0,0,0,0,0,0,0,0,0,0,240,16627,0,0,0,0
6491.659,16494,60,0,0,0,0,0,8,384,5,42,0,0,0,0,0,0,0,0,0,0,0,0,0,0,0,0,0,0,0,0,0,0,225,30699,0,0,0,0
6508.211,16552,60,0,0,0,0,0,8,445,5,42,0,0,0,0,0,0,0,0,0,0,0,0,0,0,0,0,0,0,0,0,0,0,164,17833,0,0,0,0
6525.031,16820,59,0,0,0,0,0,8,240,5,42,0,0,0,0,0,0,0,0,0,0,0,0,0,0,0,0,0,0,0,0,0,0,143,1410,0,0,0,0
6541.763,16731,59,0,0,0,0,0,8,234,5,42,0,0,0,0,0,0,0,0,0,0,0,0,0,0,0,0,0,0,0,0,0,0,246,16926,0,0,0,0
6558.229,16466,60,0,0,0,0,0,8,413,5,42,0,0,0,0,0,0,0,0,0,0,0,0,0,0,0,0,0,0,0,0,0,0,225,30579,0,0,0,0
6574.735,16505,60,0,0,0,0,0,8,428,5,42,0,0,0,0,0,0,0,0,0,0,0,0,0,0,0,0,0,0,0,0,0,0,157,17127,0,0,0,0
6591.353,16618,60,0,0,0,0,0,8,229,5,42,0,0,0,0,0,0,0,0,0,0,0,0,0,0,0,0,0,0,0,0,0,0,145,1917,0,0,0,0
6608.188,16835,59,0,0,0,0,0,8,258,5,42,0,0,0,0,0,0,0,0,0,0,0,0,0,0,0,0,0,0,0,0,0,0,244,16672,0,0,0,0
6625.518,17330,57,0,0,0,0,0,8,421,5,42,0,0,0,0,0,0,0,0,0,0,0,0,0,0,0,0,0,0,0,0,0,0,235,30420,0,0,0,0
6642.026,16508,60,0,0,0,0,0,8,388,5,42,0,0,0,0,0,0,0,0,0,0,0,0,0,0,0,0,0,0,0,0,0,0,159,17824,0,0,0,0
6658.079,16052,62,0,0,0,0,0,8,257,5,42,0,0,0,0,0,0,0,0,0,0,0,0,0,0,0,0,0,0,0,0,0,0,145,2367,0,0,0,0
6675.514,17434,57,0,0,0,0,0,8,245,5,42,0,0,0,0,0,0,0,0,0,0,0,0,0,0,0,0,0,0,0,0,0,0,226,16041,0,0,0,0
6691.746,16232,61,0,0,0,0,0,8,414,5,42,0,0,0,0,0,0,0,0,0,0,0,0,0,0,0,0,0,0,0,0,0,0,236,30312,0,0,0,0
6708.523,16776,59,0,0,0,0,0,8,416,5,42,0,0,0,0,0,0,0,0,0,0,0,0,0,0,0,0,0,0,0,0,0,0,159,17658,0,0,0,0
6725.524,17001,58,0,0,0,0,0,8,260,5,42,0,0,0,0,0,0,0,0,0,0,0,0,0,0,0,0,0,0,0,0,0,0,140,2461,0,0,0,0
6741.648,16123,62,0,0,0,0,0,8,210,5,42,0,0,0,0,0,0,0,0,0,0,0,0,0,0,0,0,0,0,0,0,0,0,237,17064,0,0,0,0
6758.094,16446,60,0,0,0,0,0,8,437,5,42,0,0,0,0,0,0,0,0,0,0,0,0,0,0,0,0,0,0,0,0,0,0,236,29080,0,0,0,0
6775.518,17423,57,0,0,0,0,0,8,427,5,42,0,0,0,0,0,0,0,0,0,0,0,0,0,0,0,0,0,0,0,0,0,0,170,17484,0,0,0,0
6791.512,15994,62,0,0,0,0,0,8,206,5,42,0,0,0,0,0,0,0,0,0,0,0,0,0,0,0,0,0,0,0,0,0,0,182,3532,0,0,0,0
6808.647,17135,58,0,0,0,0,0,8,257,5,42,0,0,0,0,0,0,0,0,0,0,0,0,0,0,0,0,0,0,0,0,0,0,240,15912,0,0,0,0
6825.028,16380,61,0,0,0,0,0,8,436,5,42,0,0,0,0,0,0,0,0,0,0,0,0,0,0,0,0,0,0,0,0,0,0,213,30110,0,0,0,0
6842.261,17233,58,0,0,0,0,0,8,405,5,42,0,0,0,0,0,0,0,0,0,0,0,0,0,0,0,0,0,0,0,0,0,0,149,17500,0,0,0,0
6858.059,15796,63,0,0,0,0,0,8,252,5,42,0,0,0,0,0,0,0,0,0,0,0,0,0,0,0,0,0,0,0,0,0,0,164,3280,0,0,0,0
6874.528,16469,60,0,0,0,0,0,8,189,5,42,0,0,0,0,0,0,0,0,0,0,0,0,0,0,0,0,0,0,0,0,0,0,240,15622,0,0,0,0
6892.520,17992,55,0,0,0,0,0,8,445,5,42,0,0,0,0,0,0,0,0,0,0,0,0,0,0,0,0,0,0,0,0,0,0,240,30323,0,0,0,0
6908.023,15502,64,0,0,0,0,0,8,433,5,42,0,0,0,0,0,0,0,0,0,0,0,0,0,0,0,0,0,0,0,0,0,0,183,17680,0,0,0,0
6925.175,17152,58,0,0,0,0,0,8,261,5,42,0,0,0,0,0,0,0,0,0,0,0,0,0,0,0,0,0,0,0,0,0,0,134,2022,0,0,0,0
6941.773,16597,60,0,0,0,0,0,8,212,5,42,0,0,0,0,0,0,0,0,0,0,0,0,0,0,0,0,0,0,0,0,0,0,241,17347,0,0,0,0
6958.192,16419,60,0,0,0,0,0,8,418,5,42,0,0,0,0,0,0,0,0,0,0,0,0,0,0,0,0,0,0,0,0,0,0,242,28747,0,0,0,0
6975.522,17329,57,0,0,0,0,0,8,440,5,42,0,0,0,0,0,0,0,0,0,0,0,0,0,0,0,0,0,0,0,0,0,0,162,17606,0,0,0,0
6992.513,16990,58,0,0,0,0,0,8,211,5,42,0,0,0,0,0,0,0,0,0,0,0,0,0,0,0,0,0,0,0,0,0,0,149,3673,0,0,0,0
7008.189,15676,63,0,0,0,0,0,8,256,5,42,0,0,0,0,0,0,0,0,0,0,0,0,0,0,0,0,0,0,0,0,0,0,230,17059,0,0,0,0
7026.033,17843,56,0,0,0,0,0,8,416,5,42,0,0,0,0,0,0,0,0,0,0,0,0,0,0,0,0,0,0,0,0,0,0,214,28020,0,0,0,0
7042.514,16480,60,0,0,0,0,0,8,390,5,42,0,0,0,0,0,0,0,0,0,0,0,0,0,0,0,0,0,0,0,0,0,0,165,18963,0,0,0,0
7058.111,15597,64,0,0,0,0,0,8,255,5,42,0,0,0,0,0,0,0,0,0,0,0,0,0,0,0,0,0,0,0,0,0,0,167,3077,0,0,0,0
7075.159,17047,58,0,0,0,0,0,8,266,5,42,0,0,0,0,0,0,0,0,0,0,0,0,0,0,0,0,0,0,0,0,0,0,232,15535,0,0,0,0
7091.506,16346,61,0,0,0,0,0,8,388,5,42,0,0,0,0,0,0,0,0,0,0,0,0,0,0,0,0,0,0,0,0,0,0,228,30007,0,0,0,0
7108.073,16567,60,0,0,0,0,0,8,417,5,42,0,0,0,0,0,0,0,0,0,0,0,0,0,0,0,0,0,0,0,0,0,0,177,16944,0,0,0,0
7124.781,16708,59,0,0,0,0,0,8,237,5,42,0,0,0,0,0,0,0,0,0,0,0,0,0,0,0,0,0,0,0,0,0,0,147,2994,0,0,0,0
7141.651,16869,59,0,0,0,0,0,8,238,5,42,0,0,0,0,0,0,0,0,0,0,0,0,0,0,0,0,0,0,0,0,0,0,217,16701,0,0,0,0
7158.151,16499,60,0,0,0,0,0,8,441,5,42,0,0,0,0,0,0,0,0,0,0,0,0,0,0,0,0,0,0,0,0,0,0,243,29554,0,0,0,0
7175.533,17382,57,0,0,0,0,0,8,445,5,42,0,0,0,0,0,0,0,0,0,0,0,0,0,0,0,0,0,0,0,0,0,0,193,17356,0,0,0,0
7192.511,16977,58,0,0,0,0,0,8,186,5,42,0,0,0,0,0,0,0,0,0,0,0,0,0,0,0,0,0,0,0,0,0,0,146,3864,0,0,0,0
7208.645,16133,61,0,0,0,0,0,8,259,5,42,0,0,0,0,0,0,0,0,0,0,0,0,0,0,0,0,0,0,0,0,0,0,240,16992,0,0,0,0
7225.028,16383,61,0,0,0,0,0,8,424,5,42,0,0,0,0,0,0,0,0,0,0,0,0,0,0,0,0,0,0,0,0,0,0,220,28851,0,0,0,0
7242.516,17487,57,0,0,0,0,0,8,402,5,42,0,0,0,0,0,0,0,0,0,0,0,0,0,0,0,0,0,0,0,0,0,0,178,17126,0,0,0,0
7258.642,16126,62,0,0,0,0,0,8,259,5,42,0,0,0,0,0,0,0,0,0,0,0,0,0,0,0,0,0,0,0,0,0,0,149,4039,0,0,0,0
7275.045,16402,60,0,0,0,0,0,8,215,5,42,0,0,0,0,0,0,0,0,0,0,0,0,0,0,0,0,0,0,0,0,0,0,230,16078,0,0,0,0
7291.668,16623,60,0,0,0,0,0,8,417,5,42,0,0,0,0,0,0,0,0,0,0,0,0,0,0,0,0,0,0,0,0,0,0,240,29005,0,0,0,0
7308.080,16412,60,0,0,0,0,0,8,437,5,42,0,0,0,0,0,0,0,0,0,0,0,0,0,0,0,0,0,0,0,0,0,0,175,17381,0,0,0,0
7324.736,16656,60,0,0,0,0,0,8,241,5,42,0,0,0,0,0,0,0,0,0,0,0,0,0,0,0,0,0,0,0,0,0,0,160,3118,0,0,0,0
7341.639,16903,59,0,0,0,0,0,8,236,5,42,0,0,0,0,0,0,0,0,0,0,0,0,0,0,0,0,0,0,0,0,0,0,225,16579,0,0,0,0
7358.237,16597,60,0,0,0,0,0,8,414,5,42,0,0,0,0,0,0,0,0,0,0,0,0,0,0,0,0,0,0,0,0,0,0,232,29374,0,0,0,0
7374.501,16263,61,0,0,0,0,0,8,436,5,42,0,0,0,0,0,0,0,0,0,0,0,0,0,0,0,0,0,0,0,0,0,0,191,17517,0,0,0,0
7391.494,16993,58,0,0,0,0,0,8,208,5,42,0,0,0,0,0,0,0,0,0,0,0,0,0,0,0,0,0,0,0,0,0,0,134,2857,0,0,0,0
7408.102,16607,60,0,0,0,0,0,8,262,5,42,0,0,0,0,0,0,0,0,0,0,0,0,0,0,0,0,0,0,0,0,0,0,236,17003,0,0,0,0
7425.139,17036,58,0,0,0,0,0,8,411,5,42,0,0,0,0,0,0,0,0,0,0,0,0,0,0,0,0,0,0,0,0,0,0,222,28995,0,0,0,0
7441.605,16466,60,0,0,0,0,0,8,403,5,42,0,0,0,0,0,0,0,0,0,0,0,0,0,0,0,0,0,0,0,0,0,0,172,18247,0,0,0,0
7458.507,16901,59,0,0,0,0,0,8,263,5,42,0,0,0,0,0,0,0,0,0,0,0,0,0,0,0,0,0,0,0,0,0,0,170,2895,0,0,0,0
7474.823,16315,61,0,0,0,0,0,8,236,5,42,0,0,0,0,0,0,0,0,0,0,0,0,0,0,0,0,0,0,0,0,0,0,231,16956,0,0,0,0
7492.029,17206,58,0,0,0,0,0,8,415,5,42,0,0,0,0,0,0,0,0,0,0,0,0,0,0,0,0,0,0,0,0,0,0,226,28509,0,0,0,0
7508.268,16239,61,0,0,0,0,0,8,237,5,42,0,0,0,0,0,0,0,0,0,0,0,0,0,0,0,0,0,0,0,0,0,0,173,4963,0,0,0,0
7525.184,16915,59,0,0,0,0,0,8,448,5,42,0,0,0,0,0,0,0,0,0,0,0,0,0,0,0,0,0,0,0,0,0,0,231,29574,0,0,0,0
7541.658,16474,60,0,0,0,0,0,8,387,5,42,0,0,0,0,0,0,0,0,0,0,0,0,0,0,0,0,0,0,0,0,0,0,163,16608,0,0,0,0
7558.083,16425,60,0,0,0,0,0,8,252,5,42,0,0,0,0,0,0,0,0,0,0,0,0,0,0,0,0,0,0,0,0,0,0,166,3404,0,0,0,0
7574.559,16476,60,0,0,0,0,0,8,256,5,42,0,0,0,0,0,0,0,0,0,0,0,0,0,0,0,0,0,0,0,0,0,0,221,16388,0,0,0,0
7592.513,17953,55,0,0,0,0,0,8,379,5,42,0,0,0,0,0,0,0,0,0,0,0,0,0,0,0,0,0,0,0,0,0,0,243,30014,0,0,0,0
7608.205,15692,63,0,0,0,0,0,8,434,5,42,0,0,0,0,0,0,0,0,0,0,0,0,0,0,0,0,0,0,0,0,0,0,193,16748,0,0,0,0
7624.863,16657,60,0,0,0,0,0,8,261,5,42,0,0,0,0,0,0,0,0,0,0,0,0,0,0,0,0,0,0,0,0,0,0,158,3406,0,0,0,0
7641.692,16829,59,0,0,0,0,0,8,216,5,42,0,0,0,0,0,0,0,0,0,0,0,0,0,0,0,0,0,0,0,0,0,0,241,16642,0,0,0,0
7658.141,16449,60,0,0,0,0,0,8,438,5,42,0,0,0,0,0,0,0,0,0,0,0,0,0,0,0,0,0,0,0,0,0,0,245,30444,0,0,0,0
7674.886,16745,59,0,0,0,0,0,8,416,5,42,0,0,0,0,0,0,0,0,0,0,0,0,0,0,0,0,0,0,0,0,0,0,165,15456,0,0,0,0
7691.692,16805,59,0,0,0,0,0,8,216,5,42,0,0,0,0,0,0,0,0,0,0,0,0,0,0,0,0,0,0,0,0,0,0,173,4267,0,0,0,0
7707.833,16141,61,0,0,0,0,0,8,258,5,42,0,0,0,0,0,0,0,0,0,0,0,0,0,0,0,0,0,0,0,0,0,0,241,16643,0,0,0,0
7725.169,17336,57,0,0,0,0,0,8,441,5,42,0,0,0,0,0,0,0,0,0,0,0,0,0,0,0,0,0,0,0,0,0,0,235,29595,0,0,0,0
7742.500,17331,57,0,0,0,0,0,8,385,5,42,0,0,0,0,0,0,0,0,0,0,0,0,0,0,0,0,0,0,0,0,0,0,156,16809,0,0,0,0
7758.564,16064,62,0,0,0,0,0,8,237,5,42,0,0,0,0,0,0,0,0,0,0,0,0,0,0,0,0,0,0,0,0,0,0,203,4663,0,0,0,0
7774.821,16256,61,0,0,0,0,0,8,247,5,42,0,0,0,0,0,0,0,0,0,0,0,0,0,0,0,0,0,0,0,0,0,0,239,15898,0,0,0,0
7792.509,17688,56,0,0,0,0,0,8,407,5,42,0,0,0,0,0,0,0,0,0,0,0,0,0,0,0,0,0,0,0,0,0,0,230,29387,0,0,0,0
7808.411,15902,62,0,0,0,0,0,8,436,5,42,0,0,0,0,0,0,0,0,0,0,0,0,0,0,0,0,0,0,0,0,0,0,171,17016,0,0,0,0
7825.502,17091,58,0,0,0,0,0,8,227,5,42,0,0,0,0,0,0,0,0,0,0,0,0,0,0,0,0,0,0,0,0,0,0,146,3354,0,0,0,0
7842.501,16998,58,0,0,0,0,0,8,222,5,42,0,0,0,0,0,0,0,0,0,0,0,0,0,0,0,0,0,0,0,0,0,0,221,17123,0,0,0,0
7858.095,15594,64,0,0,0,0,0,8,434,5,42,0,0,0,0,0,0,0,0,0,0,0,0,0,0,0,0,0,0,0,0,0,0,239,30499,0,0,0,0
7875.099,17003,58,0,0,0,0,0,8,441,5,42,0,0,0,0,0,0,0,0,0,0,0,0,0,0,0,0,0,0,0,0,0,0,154,14618,0,0,0,0
7892.199,17099,58,0,0,0,0,0,8,213,5,42,0,0,0,0,0,0,0,0,0,0,0,0,0,0,0,0,0,0,0,0,0,0,175,4879,0,0,0,0
7908.045,15846,63,0,0,0,0,0,8,229,5,42,0,0,0,0,0,0,0,0,0,0,0,0,0,0,0,0,0,0,0,0,0,0,230,16938,0,0,0,0
7925.152,17107,58,0,0,0,0,0,8,446,5,42,0,0,0,0,0,0,0,0,0,0,0,0,0,0,0,0,0,0,0,0,0,0,221,28889,0,0,0,0
7941.645,16493,60,0,0,0,0,0,8,387,5,42,0,0,0,0,0,0,0,0,0,0,0,0,0,0,0,0,0,0,0,0,0,0,172,16850,0,0,0,0
7958.652,17006,58,0,0,0,0,0,8,261,5,42,0,0,0,0,0,0,0,0,0,0,0,0,0,0,0,0,0,0,0,0,0,0,216,3876,0,0,0,0
7974.818,16165,61,0,0,0,0,0,8,242,5,42,0,0,0,0,0,0,0,0,0,0,0,0,0,0,0,0,0,0,0,0,0,0,243,16612,0,0,0,0
7991.829,17011,58,0,0,0,0,0,8,392,5,42,0,0,0,0,0,0,0,0,0,0,0,0,0,0,0,0,0,0,0,0,0,0,213,29426,0,0,0,0
8008.635,16806,59,0,0,0,0,0,8,441,5,42,0,0,0,0,0,0,0,0,0,0,0,0,0,0,0,0,0,0,0,0,0,0,173,16199,0,0,0,0
8024.271,15636,63,0,0,0,0,0,8,233,5,42,0,0,0,0,0,0,0,0,0,0,0,0,0,0,0,0,0,0,0,0,0,0,169,4423,0,0,0,0
8041.637,17365,57,0,0,0,0,0,8,233,5,42,0,0,0,0,0,0,0,0,0,0,0,0,0,0,0,0,0,0,0,0,0,0,215,15719,0,0,0,0
8058.522,16885,59,0,0,0,0,0,8,438,5,42,0,0,0,0,0,0,0,0,0,0,0,0,0,0,0,0,0,0,0,0,0,0,233,30800,0,0,0,0
8074.769,16247,61,0,0,0,0,0,8,416,5,42,0,0,0,0,0,0,0,0,0,0,0,0,0,0,0,0,0,0,0,0,0,0,183,15989,0,0,0,0
8091.810,17040,58,0,0,0,0,0,8,216,5,42,0,0,0,0,0,0,0,0,0,0,0,0,0,0,0,0,0,0,0,0,0,0,142,3506,0,0,0,0
8108.226,16416,60,0,0,0,0,0,8,254,5,42,0,0,0,0,0,0,0,0,0,0,0,0,0,0,0,0,0,0,0,0,0,0,223,17059,0,0,0,0
8125.499,17272,57,0,0,0,0,0,8,421,5,42,0,0,0,0,0,0,0,0,0,0,0,0,0,0,0,0,0,0,0,0,0,0,205,29935,0,0,0,0
8142.499,17000,58,0,0,0,0,0,8,409,5,42,0,0,0,0,0,0,0,0,0,0,0,0,0,0,0,0,0,0,0,0,0,0,169,16416,0,0,0,0
8158.554,16054,62,0,0,0,0,0,8,231,5,42,0,0,0,0,0,0,0,0,0,0,0,0,0,0,0,0,0,0,0,0,0,0,205,4551,0,0,0,0
8175.139,16585,60,0,0,0,0,0,8,262,5,42,0,0,0,0,0,0,0,0,0,0,0,0,0,0,0,0,0,0,0,0,0,0,238,15911,0,0,0,0
8191.603,16464,60,0,0,0,0,0,8,386,5,42,0,0,0,0,0,0,0,0,0,0,0,0,0,0,0,0,0,0,0,0,0,0,251,30326,0,0,0,0
8208.643,17040,58,0,0,0,0,0,8,450,5,42,0,0,0,0,0,0,0,0,0,0,0,0,0,0,0,0,0,0,0,0,0,0,131,14379,0,0,0,0
8225.150,16506,60,0,0,0,0,0,8,232,5,42,0,0,0,0,0,0,0,0,0,0,0,0,0,0,0,0,0,0,0,0,0,0,173,5397,0,0,0,0
8241.186,16035,62,0,0,0,0,0,8,210,5,42,0,0,0,0,0,0,0,0,0,0,0,0,0,0,0,0,0,0,0,0,0,0,235,16737,0,0,0,0
8258.050,16864,59,0,0,0,0,0,8,436,5,42,0,0,0,0,0,0,0,0,0,0,0,0,0,0,0,0,0,0,0,0,0,0,235,29533,0,0,0,0
8275.498,17448,57,0,0,0,0,0,8,262,5,42,0,0,0,0,0,0,0,0,0,0,0,0,0,0,0,0,0,0,0,0,0,0,154,3082,0,0,0,0
8291.802,16304,61,0,0,0,0,0,8,397,5,42,0,0,0,0,0,0,0,0,0,0,0,0,0,0,0,0,0,0,0,0,0,0,248,29652,0,0,0,0
8308.181,16378,61,0,0,0,0,0,8,412,5,42,0,0,0,0,0,0,0,0,0,0,0,0,0,0,0,0,0,0,0,0,0,0,169,17395,0,0,0,0
8324.640,16459,60,0,0,0,0,0,8,261,5,42,0,0,0,0,0,0,0,0,0,0,0,0,0,0,0,0,0,0,0,0,0,0,139,3059,0,0,0,0
8341.631,16991,58,0,0,0,0,0,8,217,5,42,0,0,0,0,0,0,0,0,0,0,0,0,0,0,0,0,0,0,0,0,0,0,229,16469,0,0,0,0
8358.203,16572,60,0,0,0,0,0,8,437,5,42,0,0,0,0,0,0,0,0,0,0,0,0,0,0,0,0,0,0,0,0,0,0,241,29460,0,0,0,0
8375.046,16842,59,0,0,0,0,0,8,253,5,42,0,0,0,0,0,0,0,0,0,0,0,0,0,0,0,0,0,0,0,0,0,0,152,4114,0,0,0,0
8392.497,17450,57,0,0,0,0,0,8,381,5,42,0,0,0,0,0,0,0,0,0,0,0,0,0,0,0,0,0,0,0,0,0,0,233,30470,0,0,0,0
8408.172,15675,63,0,0,0,0,0,8,437,5,42,0,0,0,0,0,0,0,0,0,0,0,0,0,0,0,0,0,0,0,0,0,0,158,16399,0,0,0,0
8425.503,17331,57,0,0,0,0,0,8,240,5,42,0,0,0,0,0,0,0,0,0,0,0,0,0,0,0,0,0,0,0,0,0,0,153,3257,0,0,0,0
8441.684,16181,61,0,0,0,0,0,8,230,5,42,0,0,0,0,0,0,0,0,0,0,0,0,0,0,0,0,0,0,0,0,0,0,229,17169,0,0,0,0
8458.055,16370,61,0,0,0,0,0,8,441,5,42,0,0,0,0,0,0,0,0,0,0,0,0,0,0,0,0,0,0,0,0,0,0,236,29564,0,0,0,0
8475.503,17447,57,0,0,0,0,0,8,244,5,42,0,0,0,0,0,0,0,0,0,0,0,0,0,0,0,0,0,0,0,0,0,0,157,2987,0,0,0,0
8491.148,15645,63,0,0,0,0,0,8,389,5,42,0,0,0,0,0,0,0,0,0,0,0,0,0,0,0,0,0,0,0,0,0,0,220,30005,0,0,0,0
8508.205,17057,58,0,0,0,0,0,8,262,5,42,0,0,0,0,0,0,0,0,0,0,0,0,0,0,0,0,0,0,0,0,0,0,155,3067,0,0,0,0
8525.505,17300,57,0,0,0,0,0,8,423,5,42,0,0,0,0,0,0,0,0,0,0,0,0,0,0,0,0,0,0,0,0,0,0,268,30885,0,0,0,0
8541.769,16263,61,0,0,0,0,0,8,406,5,42,0,0,0,0,0,0,0,0,0,0,0,0,0,0,0,0,0,0,0,0,0,0,158,16074,0,0,0,0
8558.639,16870,59,0,0,0,0,0,8,236,5,42,0,0,0,0,0,0,0,0,0,0,0,0,0,0,0,0,0,0,0,0,0,0,153,3708,0,0,0,0
8575.088,16448,60,0,0,0,0,0,8,254,5,42,0,0,0,0,0,0,0,0,0,0,0,0,0,0,0,0,0,0,0,0,0,0,255,17680,0,0,0,0
8591.156,16068,62,0,0,0,0,0,8,389,5,42,0,0,0,0,0,0,0,0,0,0,0,0,0,0,0,0,0,0,0,0,0,0,209,28891,0,0,0,0
8607.728,16571,60,0,0,0,0,0,8,261,5,42,0,0,0,0,0,0,0,0,0,0,0,0,0,0,0,0,0,0,0,0,0,0,166,2783,0,0,0,0
8625.493,17765,56,0,0,0,0,0,8,409,5,42,0,0,0,0,0,0,0,0,0,0,0,0,0,0,0,0,0,0,0,0,0,0,240,29100,0,0,0,0
8641.699,16205,61,0,0,0,0,0,8,217,5,42,0,0,0,0,0,0,0,0,0,0,0,0,0,0,0,0,0,0,0,0,0,0,193,5304,0,0,0,0
8658.210,16510,60,0,0,0,0,0,8,437,5,42,0,0,0,0,0,0,0,0,0,0,0,0,0,0,0,0,0,0,0,0,0,0,236,29617,0,0,0,0
8674.637,16427,60,0,0,0,0,0,8,427,5,42,0,0,0,0,0,0,0,0,0,0,0,0,0,0,0,0,0,0,0,0,0,0,151,15534,0,0,0,0
8692.506,17869,55,0,0,0,0,0,8,224,5,42,0,0,0,0,0,0,0,0,0,0,0,0,0,0,0,0,0,0,0,0,0,0,156,4716,0,0,0,0
8708.080,15574,64,0,0,0,0,0,8,231,5,42,0,0,0,0,0,0,0,0,0,0,0,0,0,0,0,0,0,0,0,0,0,0,235,17148,0,0,0,0
8725.494,17413,57,0,0,0,0,0,8,422,5,42,0,0,0,0,0,0,0,0,0,0,0,0,0,0,0,0,0,0,0,0,0,0,228,28958,0,0,0,0
8741.792,16298,61,0,0,0,0,0,8,412,5,42,0,0,0,0,0,0,0,0,0,0,0,0,0,0,0,0,0,0,0,0,0,0,179,16438,0,0,0,0
8758.628,16835,59,0,0,0,0,0,8,261,5,42,0,0,0,0,0,0,0,0,0,0,0,0,0,0,0,0,0,0,0,0,0,0,180,3846,0,0,0,0
8775.047,16419,60,0,0,0,0,0,8,259,5,42,0,0,0,0,0,0,0,0,0,0,0,0,0,0,0,0,0,0,0,0,0,0,231,16802,0,0,0,0
8791.843,16795,59,0,0,0,0,0,8,371,5,42,0,0,0,0,0,0,0,0,0,0,0,0,0,0,0,0,0,0,0,0,0,0,278,29998,0,0,0,0
8808.202,16359,61,0,0,0,0,0,8,437,5,42,0,0,0,0,0,0,0,0,0,0,0,0,0,0,0,0,0,0,0,0,0,0,121,15938,0,0,0,0
8825.029,16827,59,0,0,0,0,0,8,264,5,42,0,0,0,0,0,0,0,0,0,0,0,0,0,0,0,0,0,0,0,0,0,0,128,3614,0,0,0,0
8841.404,16375,61,0,0,0,0,0,8,213,5,42,0,0,0,0,0,0,0,0,0,0,0,0,0,0,0,0,0,0,0,0,0,0,218,17265,0,0,0,0
8858.018,16613,60,0,0,0,0,0,8,437,5,42,0,0,0,0,0,0,0,0,0,0,0,0,0,0,0,0,0,0,0,0,0,0,238,29603,0,0,0,0
8875.010,16992,58,0,0,0,0,0,8,217,5,42,0,0,0,0,0,0,0,0,0,0,0,0,0,0,0,0,0,0,0,0,0,0,158,3016,0,0,0,0
8892.501,17490,57,0,0,0,0,0,8,415,5,42,0,0,0,0,0,0,0,0,0,0,0,0,0,0,0,0,0,0,0,0,0,0,233,29534,0,0,0,0
8908.051,15550,64,0,0,0,0,0,8,251,5,42,0,0,0,0,0,0,0,0,0,0,0,0,0,0,0,0,0,0,0,0,0,0,172,4980,0,0,0,0
8925.151,17100,58,0,0,0,0,0,8,452,5,42,0,0,0,0,0,0,0,0,0,0,0,0,0,0,0,0,0,0,0,0,0,0,221,28883,0,0,0,0
8941.573,16421,60,0,0,0,0,0,8,384,5,42,0,0,0,0,0,0,0,0,0,0,0,0,0,0,0,0,0,0,0,0,0,0,173,16608,0,0,0,0
8958.209,16635,60,0,0,0,0,0,8,236,5,42,0,0,0,0,0,0,0,0,0,0,0,0,0,0,0,0,0,0,0,0,0,0,147,3470,0,0,0,0
8974.681,16472,60,0,0,0,0,0,8,246,5,42,0,0,0,0,0,0,0,0,0,0,0,0,0,0,0,0,0,0,0,0,0,0,253,16693,0,0,0,0
8992.507,17826,56,0,0,0,0,0,8,408,5,42,0,0,0,0,0,0,0,0,0,0,0,0,0,0,0,0,0,0,0,0,0,0,224,29827,0,0,0,0
9008.627,16119,62,0,0,0,0,0,8,253,5,42,0,0,0,0,0,0,0,0,0,0,0,0,0,0,0,0,0,0,0,0,0,0,163,4499,0,0,0,0
9025.489,16861,59,0,0,0,0,0,8,407,5,42,0,0,0,0,0,0,0,0,0,0,0,0,0,0,0,0,0,0,0,0,0,0,191,28572,0,0,0,0
9042.500,17011,58,0,0,0,0,0,8,224,5,42,0,0,0,0,0,0,0,0,0,0,0,0,0,0,0,0,0,0,0,0,0,0,166,4404,0,0,0,0
9058.057,15557,64,0,0,0,0,0,8,432,5,42,0,0,0,0,0,0,0,0,0,0,0,0,0,0,0,0,0,0,0,0,0,0,215,29584,0,0,0,0
9075.013,16955,58,0,0,0,0,0,8,246,5,42,0,0,0,0,0,0,0,0,0,0,0,0,0,0,0,0,0,0,0,0,0,0,150,2955,0,0,0,0
9091.636,16622,60,0,0,0,0,0,8,411,5,42,0,0,0,0,0,0,0,0,0,0,0,0,0,0,0,0,0,0,0,0,0,0,235,29411,0,0,0,0
9107.591,15955,62,0,0,0,0,0,8,238,5,42,0,0,0,0,0,0,0,0,0,0,0,0,0,0,0,0,0,0,0,0,0,0,144,4131,0,0,0,0
9125.056,17465,57,0,0,0,0,0,8,445,5,42,0,0,0,0,0,0,0,0,0,0,0,0,0,0,0,0,0,0,0,0,0,0,233,29384,0,0,0,0
9142.497,17441,57,0,0,0,0,0,8,216,5,42,0,0,0,0,0,0,0,0,0,0,0,0,0,0,0,0,0,0,0,0,0,0,183,4143,0,0,0,0
9158.642,16144,61,0,0,0,0,0,8,437,5,42,0,0,0,0,0,0,0,0,0,0,0,0,0,0,0,0,0,0,0,0,0,0,227,29558,0,0,0,0
9175.368,16726,59,0,0,0,0,0,8,257,5,42,0,0,0,0,0,0,0,0,0,0,0,0,0,0,0,0,0,0,0,0,0,0,161,3972,0,0,0,0
9191.798,16430,60,0,0,0,0,0,8,366,5,42,0,0,0,0,0,0,0,0,0,0,0,0,0,0,0,0,0,0,0,0,0,0,245,29873,0,0,0,0
9208.108,16309,61,0,0,0,0,0,8,441,5,42,0,0,0,0,0,0,0,0,0,0,0,0,0,0,0,0,0,0,0,0,0,0,160,15647,0,0,0,0
9224.640,16531,60,0,0,0,0,0,8,264,5,42,0,0,0,0,0,0,0,0,0,0,0,0,0,0,0,0,0,0,0,0,0,0,154,3919,0,0,0,0
9242.503,17863,55,0,0,0,0,0,8,213,5,42,0,0,0,0,0,0,0,0,0,0,0,0,0,0,0,0,0,0,0,0,0,0,232,16522,0,0,0,0
9258.629,16126,62,0,0,0,0,0,8,434,5,42,0,0,0,0,0,0,0,0,0,0,0,0,0,0,0,0,0,0,0,0,0,0,234,31230,0,0,0,0
9275.007,16377,61,0,0,0,0,0,8,392,5,42,0,0,0,0,0,0,0,0,0,0,0,0,0,0,0,0,0,0,0,0,0,0,179,15432,0,0,0,0
9291.691,16684,59,0,0,0,0,0,8,228,5,42,0,0,0,0,0,0,0,0,0,0,0,0,0,0,0,0,0,0,0,0,0,0,157,3755,0,0,0,0
9308.200,16508,60,0,0,0,0,0,8,257,5,42,0,0,0,0,0,0,0,0,0,0,0,0,0,0,0,0,0,0,0,0,0,0,222,16625,0,0,0,0
9325.129,16928,59,0,0,0,0,0,8,441,5,42,0,0,0,0,0,0,0,0,0,0,0,0,0,0,0,0,0,0,0,0,0,0,230,30060,0,0,0,0
9341.500,16371,61,0,0,0,0,0,8,210,5,42,0,0,0,0,0,0,0,0,0,0,0,0,0,0,0,0,0,0,0,0,0,0,159,3731,0,0,0,0
9358.622,17122,58,0,0,0,0,0,8,412,5,42,0,0,0,0,0,0,0,0,0,0,0,0,0,0,0,0,0,0,0,0,0,0,241,28534,0,0,0,0
9375.046,16423,60,0,0,0,0,0,8,254,5,42,0,0,0,0,0,0,0,0,0,0,0,0,0,0,0,0,0,0,0,0,0,0,178,4679,0,0,0,0
9391.545,16499,60,0,0,0,0,0,8,392,5,42,0,0,0,0,0,0,0,0,0,0,0,0,0,0,0,0,0,0,0,0,0,0,231,29834,0,0,0,0
9408.217,16671,59,0,0,0,0,0,8,257,5,42,0,0,0,0,0,0,0,0,0,0,0,0,0,0,0,0,0,0,0,0,0,0,192,3074,0,0,0,0
9425.502,17284,57,0,0,0,0,0,8,418,5,42,0,0,0,0,0,0,0,0,0,0,0,0,0,0,0,0,0,0,0,0,0,0,250,29077,0,0,0,0
9442.496,16994,58,0,0,0,0,0,8,216,5,42,0,0,0,0,0,0,0,0,0,0,0,0,0,0,0,0,0,0,0,0,0,0,170,4886,0,0,0,0
9458.621,16124,62,0,0,0,0,0,8,437,5,42,0,0,0,0,0,0,0,0,0,0,0,0,0,0,0,0,0,0,0,0,0,0,247,30289,0,0,0,0
9475.015,16394,60,0,0,0,0,0,8,437,5,42,0,0,0,0,0,0,0,0,0,0,0,0,0,0,0,0,0,0,0,0,0,0,167,15117,0,0,0,0
9492.493,17477,57,0,0,0,0,0,8,220,5,42,0,0,0,0,0,0,0,0,0,0,0,0,0,0,0,0,0,0,0,0,0,0,196,4114,0,0,0,0
9507.666,15173,65,0,0,0,0,0,8,230,5,42,0,0,0,0,0,0,0,0,0,0,0,0,0,0,0,0,0,0,0,0,0,0,257,17391,0,0,0,0
9525.492,17825,56,0,0,0,0,0,8,444,5,42,0,0,0,0,0,0,0,0,0,0,0,0,0,0,0,0,0,0,0,0,0,0,206,28333,0,0,0,0
9541.551,16058,62,0,0,0,0,0,8,213,5,42,0,0,0,0,0,0,0,0,0,0,0,0,0,0,0,0,0,0,0,0,0,0,156,4750,0,0,0,0
9558.620,17070,58,0,0,0,0,0,8,438,5,42,0,0,0,0,0,0,0,0,0,0,0,0,0,0,0,0,0,0,0,0,0,0,220,28671,0,0,0,0
9575.485,16864,59,0,0,0,0,0,8,241,5,42,0,0,0,0,0,0,0,0,0,0,0,0,0,0,0,0,0,0,0,0,0,0,147,4416,0,0,0,0
9591.494,16009,62,0,0,0,0,0,8,388,5,42,0,0,0,0,0,0,0,0,0,0,0,0,0,0,0,0,0,0,0,0,0,0,227,30363,0,0,0,0
9608.091,16596,60,0,0,0,0,0,8,447,5,42,0,0,0,0,0,0,0,0,0,0,0,0,0,0,0,0,0,0,0,0,0,0,188,15110,0,0,0,0
9625.138,17046,58,0,0,0,0,0,8,264,5,42,0,0,0,0,0,0,0,0,0,0,0,0,0,0,0,0,0,0,0,0,0,0,191,4010,0,0,0,0
9642.499,17349,57,0,0,0,0,0,8,214,5,42,0,0,0,0,0,0,0,0,0,0,0,0,0,0,0,0,0,0,0,0,0,0,237,17299,0,0,0,0
9658.589,16101,62,0,0,0,0,0,8,434,5,42,0,0,0,0,0,0,0,0,0,0,0,0,0,0,0,0,0,0,0,0,0,0,244,30672,0,0,0,0
9675.015,16426,60,0,0,0,0,0,8,398,5,42,0,0,0,0,0,0,0,0,0,0,0,0,0,0,0,0,0,0,0,0,0,0,138,15199,0,0,0,0
9691.661,16645,60,0,0,0,0,0,8,218,5,42,0,0,0,0,0,0,0,0,0,0,0,0,0,0,0,0,0,0,0,0,0,0,175,3770,0,0,0,0
9708.195,16534,60,0,0,0,0,0,8,261,5,42,0,0,0,0,0,0,0,0,0,0,0,0,0,0,0,0,0,0,0,0,0,0,226,16552,0,0,0,0
9725.485,17289,57,0,0,0,0,0,8,424,5,42,0,0,0,0,0,0,0,0,0,0,0,0,0,0,0,0,0,0,0,0,0,0,230,29967,0,0,0,0
9741.631,16146,61,0,0,0,0,0,8,231,5,42,0,0,0,0,0,0,0,0,0,0,0,0,0,0,0,0,0,0,0,0,0,0,171,3963,0,0,0,0
9758.040,16409,60,0,0,0,0,0,8,411,5,42,0,0,0,0,0,0,0,0,0,0,0,0,0,0,0,0,0,0,0,0,0,0,225,28639,0,0,0,0
9775.039,16998,58,0,0,0,0,0,8,266,5,42,0,0,0,0,0,0,0,0,0,0,0,0,0,0,0,0,0,0,0,0,0,0,145,3837,0,0,0,0
9792.500,17460,57,0,0,0,0,0,8,393,5,42,0,0,0,0,0,0,0,0,0,0,0,0,0,0,0,0,0,0,0,0,0,0,242,30466,0,0,0,0
9808.644,16144,61,0,0,0,0,0,8,260,5,42,0,0,0,0,0,0,0,0,0,0,0,0,0,0,0,0,0,0,0,0,0,0,183,4098,0,0,0,0
9825.496,16852,59,0,0,0,0,0,8,418,5,42,0,0,0,0,0,0,0,0,0,0,0,0,0,0,0,0,0,0,0,0,0,0,207,28730,0,0,0,0
9841.858,16361,61,0,0,0,0,0,8,211,5,42,0,0,0,0,0,0,0,0,0,0,0,0,0,0,0,0,0,0,0,0,0,0,173,4203,0,0,0,0
9858.214,16356,61,0,0,0,0,0,8,438,5,42,0,0,0,0,0,0,0,0,0,0,0,0,0,0,0,0,0,0,0,0,0,0,219,30030,0,0,0,0
9875.019,16804,59,0,0,0,0,0,8,253,5,42,0,0,0,0,0,0,0,0,0,0,0,0,0,0,0,0,0,0,0,0,0,0,169,2691,0,0,0,0
9891.362,16343,61,0,0,0,0,0,8,401,5,42,0,0,0,0,0,0,0,0,0,0,0,0,0,0,0,0,0,0,0,0,0,0,233,29078,0,0,0,0
9908.407,17044,58,0,0,0,0,0,8,237,5,42,0,0,0,0,0,0,0,0,0,0,0,0,0,0,0,0,0,0,0,0,0,0,163,4151,0,0,0,0
9925.481,17073,58,0,0,0,0,0,8,424,5,42,0,0,0,0,0,0,0,0,0,0,0,0,0,0,0,0,0,0,0,0,0,0,232,30475,0,0,0,0
9942.482,17000,58,0,0,0,0,0,8,224,5,42,0,0,0,0,0,0,0,0,0,0,0,0,0,0,0,0,0,0,0,0,0,0,162,3568,0,0,0,0
9958.619,16137,61,0,0,0,0,0,8,435,5,42,0,0,0,0,0,0,0,0,0,0,0,0,0,0,0,0,0,0,0,0,0,0,243,29530,0,0,0,0
9975.115,16496,60,0,0,0,0,0,8,261,5,42,0,0,0,0,0,0,0,0,0,0,0,0,0,0,0,0,0,0,0,0,0,0,160,3610,0,0,0,0
9991.491,16375,61,0,0,0,0,0,8,364,5,42,0,0,0,0,0,0,0,0,0,0,0,0,0,0,0,0,0,0,0,0,0,0,251,29949,0,0,0,0
10008.624,17133,58,0,0,0,0,0,8,261,5,42,0,0,0,0,0,0,0,0,0,0,0,0,0,0,0,0,0,0,0,0,0,0,164,2892,0,0,0,0
10024.789,16165,61,0,0,0,0,0,8,419,5,42,0,0,0,0,0,0,0,0,0,0,0,0,0,0,0,0,0,0,0,0,0,0,222,29876,0,0,0,0
10041.813,17023,58,0,0,0,0,0,8,232,5,42,0,0,0,0,0,0,0,0,0,0,0,0,0,0,0,0,0,0,0,0,0,0,151,3447,0,0,0,0
10058.176,16362,61,0,0,0,0,0,8,436,5,42,0,0,0,0,0,0,0,0,0,0,0,0,0,0,0,0,0,0,0,0,0,0,236,30373,0,0,0,0
10075.138,16962,58,0,0,0,0,0,8,237,5,42,0,0,0,0,0,0,0,0,0,0,0,0,0,0,0,0,0,0,0,0,0,0,180,2996,0,0,0,0
10091.611,16473,60,0,0,0,0,0,8,385,5,42,0,0,0,0,0,0,0,0,0,0,0,0,0,0,0,0,0,0,0,0,0,0,240,29684,0,0,0,0
10108.188,16577,60,0,0,0,0,0,8,257,5,42,0,0,0,0,0,0,0,0,0,0,0,0,0,0,0,0,0,0,0,0,0,0,173,3772,0,0,0,0
10125.480,17292,57,0,0,0,0,0,8,424,5,42,0,0,0,0,0,0,0,0,0,0,0,0,0,0,0,0,0,0,0,0,0,0,235,30032,0,0,0,0
10141.644,16163,61,0,0,0,0,0,8,233,5,42,0,0,0,0,0,0,0,0,0,0,0,0,0,0,0,0,0,0,0,0,0,0,168,3855,0,0,0,0
10158.194,16550,60,0,0,0,0,0,8,413,5,42,0,0,0,0,0,0,0,0,0,0,0,0,0,0,0,0,0,0,0,0,0,0,224,28774,0,0,0,0
10175.256,17062,58,0,0,0,0,0,8,262,5,42,0,0,0,0,0,0,0,0,0,0,0,0,0,0,0,0,0,0,0,0,0,0,146,3865,0,0,0,0
10191.618,16361,61,0,0,0,0,0,8,384,5,42,0,0,0,0,0,0,0,0,0,0,0,0,0,0,0,0,0,0,0,0,0,0,234,30818,0,0,0,0
10208.031,16412,60,0,0,0,0,0,8,254,5,42,0,0,0,0,0,0,0,0,0,0,0,0,0,0,0,0,0,0,0,0,0,0,153,2655,0,0,0,0
10224.561,16530,60,0,0,0,0,0,8,419,5,42,0,0,0,0,0,0,0,0,0,0,0,0,0,0,0,0,0,0,0,0,0,0,241,28765,0,0,0,0
10241.616,17054,58,0,0,0,0,0,8,214,5,42,0,0,0,0,0,0,0,0,0,0,0,0,0,0,0,0,0,0,0,0,0,0,139,4183,0,0,0,0
10258.478,16861,59,0,0,0,0,0,8,299,5,42,0,0,0,0,0,0,0,0,0,0,0,0,0,0,0,0,0,0,0,0,0,0,0,0,0,0,0,0
10274.736,16258,61,0,0,0,0,0,8,550,5,42,0,0,0,0,0,0,0,0,0,0,0,0,0,0,0,0,0,0,0,0,0,0,332,48200,0,0,0,0
10291.613,16876,59,0,0,0,0,0,8,236,5,42,0,0,0,0,0,0,0,0,0,0,0,0,0,0,0,0,0,0,0,0,0,0,141,1922,0,0,0,0
10308.021,16408,60,0,0,0,0,0,8,229,5,42,0,0,0,0,0,0,0,0,0,0,0,0,0,0,0,0,0,0,0,0,0,0,250,16903,0,0,0,0
10325.132,17110,58,0,0,0,0,0,8,445,5,42,0,0,0,0,0,0,0,0,0,0,0,0,0,0,0,0,0,0,0,0,0,0,228,31422,0,0,0,0
10342.012,16879,59,0,0,0,0,0,8,206,5,42,0,0,0,0,0,0,0,0,0,0,0,0,0,0,0,0,0,0,0,0,0,0,121,2394,0,0,0,0
10357.680,15667,63,0,0,0,0,0,8,450,5,42,0,0,0,0,0,0,0,0,0,0,0,0,0,0,0,0,0,0,0,0,0,0,240,30495,0,0,0,0
10375.042,17362,57,0,0,0,0,0,8,237,5,42,0,0,0,0,0,0,0,0,0,0,0,0,0,0,0,0,0,0,0,0,0,0,139,2505,0,0,0,0
10391.619,16576,60,0,0,0,0,0,8,148,5,42,0,0,0,0,0,0,0,0,0,0,0,0,0,0,0,0,0,0,0,0,0,0,219,16563,0,0,0,0
10408.018,16398,60,0,0,0,0,0,8,20173,5,42,0,0,0,0,0,0,0,0,0,0,0,0,0,0,0,0,0,0,0,0,0,0,0,0,0,0,0,0
10434.497,26478,37,0,0,0,0,0,8,36428,6,43,0,0,0,0,0,0,0,0,0,0,0,0,0,0,0,0,0,0,0,0,0,0,0,58227,0,0,0,0
10449.988,15491,64,0,0,0,0,0,8,2076,5,43,0,0,0,0,0,0,0,0,0,0,0,0,0,0,0,0,0,0,0,0,0,0,86,86,0,0,0,0
10466.649,16661,60,0,0,0,0,0,8,19024,5,43,0,0,0,0,0,0,0,0,0,0,0,0,0,0,0,0,0,0,0,0,0,0,4709,21522,0,0,0,0
10483.235,16585,60,0,0,0,0,0,8,20295,5,43,0,0,0,0,0,0,0,0,0,0,0,0,0,0,0,0,0,0,0,0,0,0,4794,16769,0,0,0,0
10500.361,17126,58,0,0,0,0,0,8,20921,5,43,0,0,0,0,0,0,0,0,0,0,0,0,0,0,0,0,0,0,0,0,0,0,4945,17266,0,0,0,0
10517.005,16644,60,0,0,0,0,0,8,21471,5,43,0,0,0,0,0,0,0,0,0,0,0,0,0,0,0,0,0,0,0,0,0,0,4628,16294,0,0,0,0
10533.180,16174,61,0,0,0,0,0,8,23705,5,43,0,0,0,0,0,0,0,0,0,0,0,0,0,0,0,0,0,0,0,0,0,0,4567,17121,0,0,0,0
10550.177,16997,58,0,0,0,0,0,8,21293,5,43,0,0,0,0,0,0,0,0,0,0,0,0,0,0,0,0,0,0,0,0,0,0,4530,16120,0,0,0,0
10566.513,16335,61,0,0,0,0,0,8,21763,5,43,0,0,0,0,0,0,0,0,0,0,0,0,0,0,0,0,0,0,0,0,0,0,4610,17060,0,0,0,0
10583.297,16784,59,0,0,0,0,0,8,22402,5,43,0,0,0,0,0,0,0,0,0,0,0,0,0,0,0,0,0,0,0,0,0,0,4667,15335,0,0,0,0
10600.078,16781,59,0,0,0,0,0,8,20802,5,43,0,0,0,0,0,0,0,0,0,0,0,0,0,0,0,0,0,0,0,0,0,0,4417,16622,0,0,0,0
10616.459,16381,61,0,0,0,0,0,8,94703,5,43,0,0,0,0,0,0,0,0,0,0,0,0,0,0,0,0,0,0,0,0,0,0,3524,16847,0,0,0,0
10633.171,16711,59,0,0,0,0,0,8,145797,5,43,0,0,0,0,0,0,0,0,0,0,0,0,0,0,0,0,0,0,0,0,0,0,4877,17314,0,0,0,0
10650.106,16935,59,0,0,0,0,0,8,148562,5,43,0,0,0,0,0,0,0,0,0,0,0,0,0,0,0,0,0,0,0,0,0,0,4841,16600,0,0,0,0
10666.611,16504,60,0,0,0,0,0,8,140522,5,43,0,0,0,0,0,0,0,0,0,0,0,0,0,0,0,0,0,0,0,0,0,0,4959,17556,0,0,0,0
10683.574,16963,58,0,0,0,0,0,8,140463,5,43,0,0,0,0,0,0,0,0,0,0,0,0,0,0,0,0,0,0,0,0,0,0,3140,14207,0,0,0,0
10700.477,16902,59,0,0,0,0,0,8,131859,5,43,0,0,0,0,0,0,0,0,0,0,0,0,0,0,0,0,0,0,0,0,0,0,3985,18311,0,0,0,0
10716.643,16166,61,0,0,0,0,0,8,126988,5,43,0,0,0,0,0,0,0,0,0,0,0,0,0,0,0,0,0,0,0,0,0,0,4143,16021,0,0,0,0
10733.360,16717,59,0,0,0,0,0,8,129130,5,43,0,0,0,0,0,0,0,0,0,0,0,0,0,0,0,0,0,0,0,0,0,0,3551,16085,0,0,0,0
10750.472,17112,58,0,0,0,0,0,8,136650,5,43,0,0,0,0,0,0,0,0,0,0,0,0,0,0,0,0,0,0,0,0,0,0,3581,17249,0,0,0,0
10766.611,16139,61,0,0,0,0,0,8,205699,5,43,0,0,0,0,0,0,0,0,0,0,0,0,0,0,0,0,0,0,0,0,0,0,3544,16561,0,0,0,0
10782.828,16217,61,0,0,0,0,0,8,202141,5,43,0,0,0,0,0,0,0,0,0,0,0,0,0,0,0,0,0,0,0,0,0,0,5578,18216,0,0,0,0
10800.474,17645,56,0,0,0,0,0,8,234807,5,43,0,0,0,0,0,0,0,0,0,0,0,0,0,0,0,0,0,0,0,0,0,0,5235,15836,0,0,0,0
10816.484,16010,62,0,0,0,0,0,8,68590,5,43,0,0,0,0,0,0,0,0,0,0,0,0,0,0,0,0,0,0,0,0,0,0,5341,17765,0,0,0,0
10833.618,17133,58,0,0,0,0,0,8,89257,5,43,0,0,0,0,0,0,0,0,0,0,0,0,0,0,0,0,0,0,0,0,0,0,6692,17364,0,0,0,0
10850.472,16854,59,0,0,0,0,0,8,7417,5,43,0,0,0,0,0,0,0,0,0,0,0,0,0,0,0,0,0,0,0,0,0,0,6517,16444,0,0,0,0
10866.561,16088,62,0,0,0,0,0,8,3576,5,43,0,0,0,0,0,0,0,0,0,0,0,0,0,0,0,0,0,0,0,0,0,0,7057,17919,0,0,0,0
10883.477,16916,59,0,0,0,0,0,8,6771,5,43,0,0,0,0,0,0,0,0,0,0,0,0,0,0,0,0,0,0,0,0,0,0,7278,16805,0,0,0,0
10900.160,16682,59,0,0,0,0,0,8,5939,5,43,0,0,0,0,0,0,0,0,0,0,0,0,0,0,0,0,0,0,0,0,0,0,5336,14455,0,0,0,0
11031.675,131515,7,0,0,0,0,0,8,75083,18,43,0,0,0,0,0,0,0,0,0,0,0,0,0,0,0,0,0,0,0,0,0,0,510538,141410,0,0,0,0
11042.475,10799,92,0,0,0,0,0,8,593,5,43,0,0,0,0,0,0,0,0,0,0,0,0,0,0,0,0,0,0,0,0,0,0,5647,6506,0,0,0,0
11058.027,15552,64,0,0,0,0,0,8,930,5,43,0,0,0,0,0,0,0,0,0,0,0,0,0,0,0,0,0,0,0,0,0,0,13671,14743,0,0,0,0
11075.021,16993,58,0,0,0,0,0,8,534,5,43,0,0,0,0,0,0,0,0,0,0,0,0,0,0,0,0,0,0,0,0,0,0,7226,13708,0,0,0,0
11091.667,16646,60,0,0,0,0,0,8,474,5,43,0,0,0,0,0,0,0,0,0,0,0,0,0,0,0,0,0,0,0,0,0,0,7009,16827,0,0,0,0
11108.609,16942,59,0,0,0,0,0,8,500,5,43,0,0,0,0,0,0,0,0,0,0,0,0,0,0,0,0,0,0,0,0,0,0,7114,16750,0,0,0,0
11125.473,16863,59,0,0,0,0,0,8,496,5,43,0,0,0,0,0,0,0,0,0,0,0,0,0,0,0,0,0,0,0,0,0,0,7779,17689,0,0,0,0
11142.300,16827,59,0,0,0,0,0,8,507,5,43,0,0,0,0,0,0,0,0,0,0,0,0,0,0,0,0,0,0,0,0,0,0,7854,16896,0,0,0,0
11158.045,15745,63,0,0,0,0,0,8,531,5,43,0,0,0,0,0,0,0,0,0,0,0,0,0,0,0,0,0,0,0,0,0,0,7291,16342,0,0,0,0
11174.710,16665,60,0,0,0,0,0,8,499,5,43,0,0,0,0,0,0,0,0,0,0,0,0,0,0,0,0,0,0,0,0,0,0,7666,15931,0,0,0,0
11191.684,16973,58,0,0,0,0,0,8,474,5,43,0,0,0,0,0,0,0,0,0,0,0,0,0,0,0,0,0,0,0,0,0,0,7539,16581,0,0,0,0
11208.608,16923,59,0,0,0,0,0,8,530,5,43,0,0,0,0,0,0,0,0,0,0,0,0,0,0,0,0,0,0,0,0,0,0,7664,17134,0,0,0,0
11224.880,16271,61,0,0,0,0,0,8,498,5,43,0,0,0,0,0,0,0,0,0,0,0,0,0,0,0,0,0,0,0,0,0,0,7615,16844,0,0,0,0
11242.472,17592,56,0,0,0,0,0,8,504,5,43,0,0,0,0,0,0,0,0,0,0,0,0,0,0,0,0,0,0,0,0,0,0,10385,19623,0,0,0,0
11258.471,15998,62,0,0,0,0,0,8,530,5,43,0,0,0,0,0,0,0,0,0,0,0,0,0,0,0,0,0,0,0,0,0,0,8947,15724,0,0,0,0
11274.984,16513,60,0,0,0,0,0,8,465,5,43,0,0,0,0,0,0,0,0,0,0,0,0,0,0,0,0,0,0,0,0,0,0,8991,15885,0,0,0,0
11291.611,16626,60,0,0,0,0,0,8,500,5,43,0,0,0,0,0,0,0,0,0,0,0,0,0,0,0,0,0,0,0,0,0,0,7922,15875,0,0,0,0
11308.482,16871,59,0,0,0,0,0,8,529,5,43,0,0,0,0,0,0,0,0,0,0,0,0,0,0,0,0,0,0,0,0,0,0,8057,16369,0,0,0,0
11325.470,16988,58,0,0,0,0,0,8,500,5,43,0,0,0,0,0,0,0,0,0,0,0,0,0,0,0,0,0,0,0,0,0,0,8023,15872,0,0,0,0
11341.326,15855,63,0,0,0,0,0,8,501,5,43,0,0,0,0,0,0,0,0,0,0,0,0,0,0,0,0,0,0,0,0,0,0,8026,18062,0,0,0,0
11358.169,16843,59,0,0,0,0,0,8,501,5,43,0,0,0,0,0,0,0,0,0,0,0,0,0,0,0,0,0,0,0,0,0,0,7917,15610,0,0,0,0
11374.669,16500,60,0,0,0,0,0,8,533,5,43,0,0,0,0,0,0,0,0,0,0,0,0,0,0,0,0,0,0,0,0,0,0,8051,17087,0,0,0,0
11392.469,17799,56,0,0,0,0,0,8,471,5,43,0,0,0,0,0,0,0,0,0,0,0,0,0,0,0,0,0,0,0,0,0,0,7993,16700,0,0,0,0
11407.682,15213,65,0,0,0,0,0,8,524,5,43,0,0,0,0,0,0,0,0,0,0,0,0,0,0,0,0,0,0,0,0,0,0,8122,17707,0,0,0,0
11425.468,17785,56,0,0,0,0,0,8,487,5,43,0,0,0,0,0,0,0,0,0,0,0,0,0,0,0,0,0,0,0,0,0,0,7915,14940,0,0,0,0
11441.606,16138,61,0,0,0,0,0,8,477,5,43,0,0,0,0,0,0,0,0,0,0,0,0,0,0,0,0,0,0,0,0,0,0,8118,17903,0,0,0,0
11458.009,16402,60,0,0,0,0,0,8,525,5,43,0,0,0,0,0,0,0,0,0,0,0,0,0,0,0,0,0,0,0,0,0,0,8064,16048,0,0,0,0
11475.502,17492,57,0,0,0,0,0,8,539,5,43,0,0,0,0,0,0,0,0,0,0,0,0,0,0,0,0,0,0,0,0,0,0,8054,16406,0,0,0,0
11491.689,16187,61,0,0,0,0,0,8,467,5,43,0,0,0,0,0,0,0,0,0,0,0,0,0,0,0,0,0,0,0,0,0,0,7945,17423,0,0,0,0
11508.605,16916,59,0,0,0,0,0,8,500,5,43,0,0,0,0,0,0,0,0,0,0,0,0,0,0,0,0,0,0,0,0,0,0,8052,16242,0,0,0,0
11525.483,16877,59,0,0,0,0,0,8,515,5,43,0,0,0,0,0,0,0,0,0,0,0,0,0,0,0,0,0,0,0,0,0,0,8056,16967,0,0,0,0
11541.608,16125,62,0,0,0,0,0,8,488,5,43,0,0,0,0,0,0,0,0,0,0,0,0,0,0,0,0,0,0,0,0,0,0,8152,17099,0,0,0,0
11558.604,16996,58,0,0,0,0,0,8,534,5,43,0,0,0,0,0,0,0,0,0,0,0,0,0,0,0,0,0,0,0,0,0,0,7872,15696,0,0,0,0
11574.961,16356,61,0,0,0,0,0,8,531,5,43,0,0,0,0,0,0,0,0,0,0,0,0,0,0,0,0,0,0,0,0,0,0,8090,17231,0,0,0,0
11591.605,16644,60,0,0,0,0,0,8,440,5,43,0,0,0,0,0,0,0,0,0,0,0,0,0,0,0,0,0,0,0,0,0,0,8016,16243,0,0,0,0
11608.466,16861,59,0,0,0,0,0,8,533,5,43,0,0,0,0,0,0,0,0,0,0,0,0,0,0,0,0,0,0,0,0,0,0,8038,16763,0,0,0,0
11625.469,17002,58,0,0,0,0,0,8,493,5,43,0,0,0,0,0,0,0,0,0,0,0,0,0,0,0,0,0,0,0,0,0,0,8213,16964,0,0,0,0
11641.606,16137,61,0,0,0,0,0,8,503,5,43,0,0,0,0,0,0,0,0,0,0,0,0,0,0,0,0,0,0,0,0,0,0,9056,18003,0,0,0,0
11657.988,16382,61,0,0,0,0,0,8,528,5,43,0,0,0,0,0,0,0,0,0,0,0,0,0,0,0,0,0,0,0,0,0,0,8984,15915,0,0,0,0
11674.985,16996,58,0,0,0,0,0,8,467,5,43,0,0,0,0,0,0,0,0,0,0,0,0,0,0,0,0,0,0,0,0,0,0,7922,15326,0,0,0,0
11691.124,16139,61,0,0,0,0,0,8,498,5,43,0,0,0,0,0,0,0,0,0,0,0,0,0,0,0,0,0,0,0,0,0,0,8400,17913,0,0,0,0
11708.201,17076,58,0,0,0,0,0,8,528,5,43,0,0,0,0,0,0,0,0,0,0,0,0,0,0,0,0,0,0,0,0,0,0,9424,16728,0,0,0,0
11725.469,17267,57,0,0,0,0,0,8,499,5,43,0,0,0,0,0,0,0,0,0,0,0,0,0,0,0,0,0,0,0,0,0,0,8927,16530,0,0,0,0
11742.077,16608,60,0,0,0,0,0,8,503,5,43,0,0,0,0,0,0,0,0,0,0,0,0,0,0,0,0,0,0,0,0,0,0,8979,17524,0,0,0,0
11758.025,15947,62,0,0,0,0,0,8,494,5,43,0,0,0,0,0,0,0,0,0,0,0,0,0,0,0,0,0,0,0,0,0,0,8880,16818,0,0,0,0
11774.980,16955,58,0,0,0,0,0,8,516,5,43,0,0,0,0,0,0,0,0,0,0,0,0,0,0,0,0,0,0,0,0,0,0,8770,15369,0,0,0,0
11791.773,16793,59,0,0,0,0,0,8,493,5,43,0,0,0,0,0,0,0,0,0,0,0,0,0,0,0,0,0,0,0,0,0,0,8890,17487,0,0,0,0
11808.604,16831,59,0,0,0,0,0,8,528,5,43,0,0,0,0,0,0,0,0,0,0,0,0,0,0,0,0,0,0,0,0,0,0,9035,16634,0,0,0,0
11825.150,16545,60,0,0,0,0,0,8,503,5,43,0,0,0,0,0,0,0,0,0,0,0,0,0,0,0,0,0,0,0,0,0,0,7642,15413,0,0,0,0
11841.580,16430,60,0,0,0,0,0,8,467,5,43,0,0,0,0,0,0,0,0,0,0,0,0,0,0,0,0,0,0,0,0,0,0,7660,16712,0,0,0,0
11857.650,16070,62,0,0,0,0,0,8,530,5,43,0,0,0,0,0,0,0,0,0,0,0,0,0,0,0,0,0,0,0,0,0,0,7680,16147,0,0,0,0
11875.507,17856,56,0,0,0,0,0,8,514,5,43,0,0,0,0,0,0,0,0,0,0,0,0,0,0,0,0,0,0,0,0,0,0,7767,16286,0,0,0,0
11891.364,15856,63,0,0,0,0,0,8,488,5,43,0,0,0,0,0,0,0,0,0,0,0,0,0,0,0,0,0,0,0,0,0,0,7748,17880,0,0,0,0
11908.602,17238,58,0,0,0,0,0,8,501,5,43,0,0,0,0,0,0,0,0,0,0,0,0,0,0,0,0,0,0,0,0,0,0,7835,15933,0,0,0,0
11924.882,16279,61,0,0,0,0,0,8,494,5,43,0,0,0,0,0,0,0,0,0,0,0,0,0,0,0,0,0,0,0,0,0,0,7785,17167,0,0,0,0
11941.601,16718,59,0,0,0,0,0,8,509,5,43,0,0,0,0,0,0,0,0,0,0,0,0,0,0,0,0,0,0,0,0,0,0,7640,16199,0,0,0,0
11958.462,16861,59,0,0,0,0,0,8,601,5,43,0,0,0,0,0,0,0,0,0,0,0,0,0,0,0,0,0,0,0,0,0,0,7802,16975,0,0,0,0
11975.979,17516,57,0,0,0,0,0,8,530,5,43,0,0,0,0,0,0,0,0,0,0,0,0,0,0,0,0,0,0,0,0,0,0,9243,18066,0,0,0,0
11991.623,15644,63,0,0,0,0,0,8,431,5,43,0,0,0,0,0,0,0,0,0,0,0,0,0,0,0,0,0,0,0,0,0,0,9024,17380,0,0,0,0
12008.177,16553,60,0,0,0,0,0,8,533,5,43,0,0,0,0,0,0,0,0,0,0,0,0,0,0,0,0,0,0,0,0,0,0,8932,15502,0,0,0,0
12025.985,17808,56,0,0,0,0,0,8,534,5,43,0,0,0,0,0,0,0,0,0,0,0,0,0,0,0,0,0,0,0,0,0,0,9081,16630,0,0,0,0
12042.467,16481,60,0,0,0,0,0,8,472,5,43,0,0,0,0,0,0,0,0,0,0,0,0,0,0,0,0,0,0,0,0,0,0,9253,18192,0,0,0,0
12058.518,16050,62,0,0,0,0,0,8,521,5,43,0,0,0,0,0,0,0,0,0,0,0,0,0,0,0,0,0,0,0,0,0,0,9012,16193,0,0,0,0
12075.089,16571,60,0,0,0,0,0,8,499,5,43,0,0,0,0,0,0,0,0,0,0,0,0,0,0,0,0,0,0,0,0,0,0,9342,16395,0,0,0,0
12092.465,17375,57,0,0,0,0,0,8,471,5,43,0,0,0,0,0,0,0,0,0,0,0,0,0,0,0,0,0,0,0,0,0,0,9063,16450,0,0,0,0
12108.151,15685,63,0,0,0,0,0,8,525,5,43,0,0,0,0,0,0,0,0,0,0,0,0,0,0,0,0,0,0,0,0,0,0,9076,17237,0,0,0,0
12125.120,16969,58,0,0,0,0,0,8,536,5,43,0,0,0,0,0,0,0,0,0,0,0,0,0,0,0,0,0,0,0,0,0,0,9154,15586,0,0,0,0
12142.474,17354,57,0,0,0,0,0,8,469,5,43,0,0,0,0,0,0,0,0,0,0,0,0,0,0,0,0,0,0,0,0,0,0,9324,17435,0,0,0,0
12158.604,16129,61,0,0,0,0,0,8,496,5,43,0,0,0,0,0,0,0,0,0,0,0,0,0,0,0,0,0,0,0,0,0,0,9082,16985,0,0,0,0
12175.116,16512,60,0,0,0,0,0,8,533,5,43,0,0,0,0,0,0,0,0,0,0,0,0,0,0,0,0,0,0,0,0,0,0,8147,15160,0,0,0,0
12191.465,16349,61,0,0,0,0,0,8,470,5,43,0,0,0,0,0,0,0,0,0,0,0,0,0,0,0,0,0,0,0,0,0,0,8047,16580,0,0,0,0
12208.599,17133,58,0,0,0,0,0,8,529,5,43,0,0,0,0,0,0,0,0,0,0,0,0,0,0,0,0,0,0,0,0,0,0,7988,16011,0,0,0,0
12224.695,16096,62,0,0,0,0,0,8,502,5,43,0,0,0,0,0,0,0,0,0,0,0,0,0,0,0,0,0,0,0,0,0,0,8220,17369,0,0,0,0
12241.599,16903,59,0,0,0,0,0,8,470,5,43,0,0,0,0,0,0,0,0,0,0,0,0,0,0,0,0,0,0,0,0,0,0,8118,16204,0,0,0,0
12258.046,16447,60,0,0,0,0,0,8,535,5,43,0,0,0,0,0,0,0,0,0,0,0,0,0,0,0,0,0,0,0,0,0,0,9443,18006,0,0,0,0
12275.167,17115,58,0,0,0,0,0,8,533,5,43,0,0,0,0,0,0,0,0,0,0,0,0,0,0,0,0,0,0,0,0,0,0,9303,16315,0,0,0,0
12292.496,17334,57,0,0,0,0,0,8,473,5,43,0,0,0,0,0,0,0,0,0,0,0,0,0,0,0,0,0,0,0,0,0,0,9233,17236,0,0,0,0
12308.160,15663,63,0,0,0,0,0,8,496,5,43,0,0,0,0,0,0,0,0,0,0,0,0,0,0,0,0,0,0,0,0,0,0,9097,17125,0,0,0,0
12324.980,16820,59,0,0,0,0,0,8,502,5,43,0,0,0,0,0,0,0,0,0,0,0,0,0,0,0,0,0,0,0,0,0,0,9216,15629,0,0,0,0
12341.867,16886,59,0,0,0,0,0,8,511,5,43,0,0,0,0,0,0,0,0,0,0,0,0,0,0,0,0,0,0,0,0,0,0,9234,17054,0,0,0,0
12358.127,16260,61,0,0,0,0,0,8,527,5,43,0,0,0,0,0,0,0,0,0,0,0,0,0,0,0,0,0,0,0,0,0,0,9284,16872,0,0,0,0
12375.532,17404,57,0,0,0,0,0,8,533,5,43,0,0,0,0,0,0,0,0,0,0,0,0,0,0,0,0,0,0,0,0,0,0,8050,14911,0,0,0,0
12391.599,16067,62,0,0,0,0,0,8,437,5,43,0,0,0,0,0,0,0,0,0,0,0,0,0,0,0,0,0,0,0,0,0,0,8051,17496,0,0,0,0
12408.021,16422,60,0,0,0,0,0,8,526,5,43,0,0,0,0,0,0,0,0,0,0,0,0,0,0,0,0,0,0,0,0,0,0,8089,16082,0,0,0,0
12425.070,17048,58,0,0,0,0,0,8,540,5,43,0,0,0,0,0,0,0,0,0,0,0,0,0,0,0,0,0,0,0,0,0,0,8209,16455,0,0,0,0
12441.604,16534,60,0,0,0,0,0,8,472,5,43,0,0,0,0,0,0,0,0,0,0,0,0,0,0,0,0,0,0,0,0,0,0,8074,17338,0,0,0,0
12458.386,16781,59,0,0,0,0,0,8,529,5,43,0,0,0,0,0,0,0,0,0,0,0,0,0,0,0,0,0,0,0,0,0,0,8053,16089,0,0,0,0
12475.113,16727,59,0,0,0,0,0,8,499,5,43,0,0,0,0,0,0,0,0,0,0,0,0,0,0,0,0,0,0,0,0,0,0,8159,16881,0,0,0,0
12491.489,16376,61,0,0,0,0,0,8,469,5,43,0,0,0,0,0,0,0,0,0,0,0,0,0,0,0,0,0,0,0,0,0,0,8131,17077,0,0,0,0
12507.679,16189,61,0,0,0,0,0,8,533,5,43,0,0,0,0,0,0,0,0,0,0,0,0,0,0,0,0,0,0,0,0,0,0,7808,15726,0,0,0,0
12524.979,17300,57,0,0,0,0,0,8,511,5,43,0,0,0,0,0,0,0,0,0,0,0,0,0,0,0,0,0,0,0,0,0,0,8042,16392,0,0,0,0
12540.964,15984,62,0,0,0,0,0,8,490,5,43,0,0,0,0,0,0,0,0,0,0,0,0,0,0,0,0,0,0,0,0,0,0,8130,17891,0,0,0,0
12558.460,17495,57,0,0,0,0,0,8,501,5,43,0,0,0,0,0,0,0,0,0,0,0,0,0,0,0,0,0,0,0,0,0,0,7985,15423,0,0,0,0
12575.980,17520,57,0,0,0,0,0,8,531,5,43,0,0,0,0,0,0,0,0,0,0,0,0,0,0,0,0,0,0,0,0,0,0,8135,17557,0,0,0,0
12592.077,16096,62,0,0,0,0,0,8,469,5,43,0,0,0,0,0,0,0,0,0,0,0,0,0,0,0,0,0,0,0,0,0,0,8050,17516,0,0,0,0
12608.607,16519,60,0,0,0,0,0,8,531,5,43,0,0,0,0,0,0,0,0,0,0,0,0,0,0,0,0,0,0,0,0,0,0,7904,15938,0,0,0,0
12624.996,16398,60,0,0,0,0,0,8,485,5,43,0,0,0,0,0,0,0,0,0,0,0,0,0,0,0,0,0,0,0,0,0,0,8147,16777,0,0,0,0
12641.031,16035,62,0,0,0,0,0,8,478,5,43,0,0,0,0,0,0,0,0,0,0,0,0,0,0,0,0,0,0,0,0,0,0,9483,18142,0,0,0,0
12657.993,16961,58,0,0,0,0,0,8,531,5,43,0,0,0,0,0,0,0,0,0,0,0,0,0,0,0,0,0,0,0,0,0,0,9295,15457,0,0,0,0
12675.463,17470,57,0,0,0,0,0,8,495,5,43,0,0,0,0,0,0,0,0,0,0,0,0,0,0,0,0,0,0,0,0,0,0,7568,15114,0,0,0,0
12691.710,16246,61,0,0,0,0,0,8,500,5,43,0,0,0,0,0,0,0,0,0,0,0,0,0,0,0,0,0,0,0,0,0,0,2424,12431,0,0,0,0
12708.595,16885,59,0,0,0,0,0,8,66599,5,44,0,0,0,0,0,0,0,0,0,0,0,0,0,0,0,0,0,0,0,0,0,0,767,14576,0,0,0,0
12725.461,16865,59,0,0,0,0,0,8,65355,5,44,0,0,0,0,0,0,0,0,0,0,0,0,0,0,0,0,0,0,0,0,0,0,217,16316,0,0,0,0
12741.981,16519,60,0,0,0,0,0,8,6658,5,44,0,0,0,0,0,0,0,0,0,0,0,0,0,0,0,0,0,0,0,0,0,0,236,16940,0,0,0,0
12758.117,16136,61,0,0,0,0,0,8,6671,5,44,0,0,0,0,0,0,0,0,0,0,0,0,0,0,0,0,0,0,0,0,0,0,234,16437,0,0,0,0
12775.103,16985,58,0,0,0,0,0,8,6975,5,44,0,0,0,0,0,0,0,0,0,0,0,0,0,0,0,0,0,0,0,0,0,0,217,16075,0,0,0,0
12791.982,16879,59,0,0,0,0,0,8,6847,5,44,0,0,0,0,0,0,0,0,0,0,0,0,0,0,0,0,0,0,0,0,0,0,234,17417,0,0,0,0
12808.594,16611,60,0,0,0,0,0,8,6847,5,44,0,0,0,0,0,0,0,0,0,0,0,0,0,0,0,0,0,0,0,0,0,0,230,16487,0,0,0,0
12825.010,16416,60,0,0,0,0,0,8,6763,5,44,0,0,0,0,0,0,0,0,0,0,0,0,0,0,0,0,0,0,0,0,0,0,238,16658,0,0,0,0
12841.781,16770,59,0,0,0,0,0,8,6832,5,44,0,0,0,0,0,0,0,0,0,0,0,0,0,0,0,0,0,0,0,0,0,0,222,16429,0,0,0,0
12858.189,16408,60,0,0,0,0,0,8,6764,5,44,0,0,0,0,0,0,0,0,0,0,0,0,0,0,0,0,0,0,0,0,0,0,221,16848,0,0,0,0
12875.460,17271,57,0,0,0,0,0,8,7032,5,44,0,0,0,0,0,0,0,0,0,0,0,0,0,0,0,0,0,0,0,0,0,0,234,16290,0,0,0,0
12891.767,16307,61,0,0,0,0,0,8,6667,5,44,0,0,0,0,0,0,0,0,0,0,0,0,0,0,0,0,0,0,0,0,0,0,271,17557,0,0,0,0
12908.591,16823,59,0,0,0,0,0,8,6889,5,44,0,0,0,0,0,0,0,0,0,0,0,0,0,0,0,0,0,0,0,0,0,0,213,15902,0,0,0,0
12924.754,16163,61,0,0,0,0,0,8,6660,5,44,0,0,0,0,0,0,0,0,0,0,0,0,0,0,0,0,0,0,0,0,0,0,240,16943,0,0,0,0
12941.456,16701,59,0,0,0,0,0,8,6820,5,44,0,0,0,0,0,0,0,0,0,0,0,0,0,0,0,0,0,0,0,0,0,0,227,16317,0,0,0,0
12958.041,16585,60,0,0,0,0,0,8,6800,5,44,0,0,0,0,0,0,0,0,0,0,0,0,0,0,0,0,0,0,0,0,0,0,236,16633,0,0,0,0
12974.921,16879,59,0,0,0,0,0,8,6939,5,44,0,0,0,0,0,0,0,0,0,0,0,0,0,0,0,0,0,0,0,0,0,0,223,16462,0,0,0,0
12991.973,17051,58,0,0,0,0,0,8,5223,5,44,0,0,0,0,0,0,0,0,0,0,0,0,0,0,0,0,0,0,0,0,0,0,224,17054,0,0,0,0
13008.464,16490,60,0,0,0,0,0,8,3006,5,44,0,0,0,0,0,0,0,0,0,0,0,0,0,0,0,0,0,0,0,0,0,0,227,17204,0,0,0,0
13024.991,16527,60,0,0,0,0,0,8,3163,5,44,0,0,0,0,0,0,0,0,0,0,0,0,0,0,0,0,0,0,0,0,0,0,226,16546,0,0,0,0
13041.453,16461,60,0,0,0,0,0,8,2885,5,44,0,0,0,0,0,0,0,0,0,0,0,0,0,0,0,0,0,0,0,0,0,0,225,16590,0,0,0,0
13058.501,17048,58,0,0,0,0,0,8,3273,5,44,0,0,0,0,0,0,0,0,0,0,0,0,0,0,0,0,0,0,0,0,0,0,228,16053,0,0,0,0
13075.492,16991,58,0,0,0,0,0,8,3005,5,44,0,0,0,0,0,0,0,0,0,0,0,0,0,0,0,0,0,0,0,0,0,0,231,17325,0,0,0,0
13091.336,15844,63,0,0,0,0,0,8,2996,5,44,0,0,0,0,0,0,0,0,0,0,0,0,0,0,0,0,0,0,0,0,0,0,227,16686,0,0,0,0
13108.454,17117,58,0,0,0,0,0,8,3069,5,44,0,0,0,0,0,0,0,0,0,0,0,0,0,0,0,0,0,0,0,0,0,0,211,15911,0,0,0,0
13124.693,16239,61,0,0,0,0,0,8,2293,5,44,0,0,0,0,0,0,0,0,0,0,0,0,0,0,0,0,0,0,0,0,0,0,220,17040,0,0,0,0
13141.594,16901,59,0,0,0,0,0,8,27946,5,45,0,0,0,0,0,0,0,0,0,0,0,0,0,0,0,0,0,0,0,0,0,0,4056,20738,0,0,0,0
13158.454,16859,59,0,0,0,0,0,8,55138,5,45,0,0,0,0,0,0,0,0,0,0,0,0,0,0,0,0,0,0,0,0,0,0,215,12436,0,0,0,0
13175.041,16587,60,0,0,0,0,0,8,65552,5,45,0,0,0,0,0,0,0,0,0,0,0,0,0,0,0,0,0,0,0,0,0,0,0,0,0,0,0,0
13291.274,116233,8,0,0,0,0,0,8,505163,17,45,0,0,0,0,0,0,0,0,0,0,0,0,0,0,0,0,0,0,0,0,0,0,131208,148031,0,0,0,0
13309.014,17739,56,0,0,0,0,0,8,856,5,45,0,0,0,0,0,0,0,0,0,0,0,0,0,0,0,0,0,0,0,0,0,0,216,997,0,0,0,0
13325.005,15990,62,0,0,0,0,0,8,528,5,45,0,0,0,0,0,0,0,0,0,0,0,0,0,0,0,0,0,0,0,0,0,0,288,18871,0,0,0,0
13341.765,16760,59,0,0,0,0,0,8,465,5,45,0,0,0,0,0,0,0,0,0,0,0,0,0,0,0,0,0,0,0,0,0,0,220,15583,0,0,0,0
13358.586,16821,59,0,0,0,0,0,8,493,5,45,0,0,0,0,0,0,0,0,0,0,0,0,0,0,0,0,0,0,0,0,0,0,213,16629,0,0,0,0
13375.456,16869,59,0,0,0,0,0,8,496,5,45,0,0,0,0,0,0,0,0,0,0,0,0,0,0,0,0,0,0,0,0,0,0,218,16840,0,0,0,0
13391.965,16508,60,0,0,0,0,0,8,492,5,45,0,0,0,0,0,0,0,0,0,0,0,0,0,0,0,0,0,0,0,0,0,0,261,17017,0,0,0,0
13408.101,16136,61,0,0,0,0,0,8,529,5,45,0,0,0,0,0,0,0,0,0,0,0,0,0,0,0,0,0,0,0,0,0,0,233,16387,0,0,0,0
13425.451,17350,57,0,0,0,0,0,8,482,5,45,0,0,0,0,0,0,0,0,0,0,0,0,0,0,0,0,0,0,0,0,0,0,228,16154,0,0,0,0
13441.562,16111,62,0,0,0,0,0,8,485,5,45,0,0,0,0,0,0,0,0,0,0,0,0,0,0,0,0,0,0,0,0,0,0,230,17424,0,0,0,0
13457.965,16403,60,0,0,0,0,0,8,527,5,45,0,0,0,0,0,0,0,0,0,0,0,0,0,0,0,0,0,0,0,0,0,0,220,16008,0,0,0,0
13475.452,17487,57,0,0,0,0,0,8,537,5,45,0,0,0,0,0,0,0,0,0,0,0,0,0,0,0,0,0,0,0,0,0,0,236,16450,0,0,0,0
13491.587,16134,61,0,0,0,0,0,8,463,5,45,0,0,0,0,0,0,0,0,0,0,0,0,0,0,0,0,0,0,0,0,0,0,235,17467,0,0,0,0
13507.999,16412,60,0,0,0,0,0,8,488,5,45,0,0,0,0,0,0,0,0,0,0,0,0,0,0,0,0,0,0,0,0,0,0,227,16130,0,0,0,0
13524.971,16971,58,0,0,0,0,0,8,500,5,45,0,0,0,0,0,0,0,0,0,0,0,0,0,0,0,0,0,0,0,0,0,0,225,16807,0,0,0,0
13541.100,16129,62,0,0,0,0,0,8,492,5,45,0,0,0,0,0,0,0,0,0,0,0,0,0,0,0,0,0,0,0,0,0,0,238,16988,0,0,0,0
13558.019,16918,59,0,0,0,0,0,8,527,5,45,0,0,0,0,0,0,0,0,0,0,0,0,0,0,0,0,0,0,0,0,0,0,210,15907,0,0,0,0
13575.450,17430,57,0,0,0,0,0,8,534,5,45,0,0,0,0,0,0,0,0,0,0,0,0,0,0,0,0,0,0,0,0,0,0,245,16787,0,0,0,0
13592.451,17000,58,0,0,0,0,0,8,431,5,45,0,0,0,0,0,0,0,0,0,0,0,0,0,0,0,0,0,0,0,0,0,0,234,17391,0,0,0,0
13608.000,15549,64,0,0,0,0,0,8,519,5,45,0,0,0,0,0,0,0,0,0,0,0,0,0,0,0,0,0,0,0,0,0,0,228,17083,0,0,0,0
13625.980,17980,55,0,0,0,0,0,8,531,5,45,0,0,0,0,0,0,0,0,0,0,0,0,0,0,0,0,0,0,0,0,0,0,219,15495,0,0,0,0
13641.593,15612,64,0,0,0,0,0,8,461,5,45,0,0,0,0,0,0,0,0,0,0,0,0,0,0,0,0,0,0,0,0,0,0,238,18019,0,0,0,0
13658.592,16999,58,0,0,0,0,0,8,526,5,45,0,0,0,0,0,0,0,0,0,0,0,0,0,0,0,0,0,0,0,0,0,0,223,15516,0,0,0,0
13675.164,16572,60,0,0,0,0,0,8,495,5,45,0,0,0,0,0,0,0,0,0,0,0,0,0,0,0,0,0,0,0,0,0,0,251,17009,0,0,0,0
13691.585,16420,60,0,0,0,0,0,8,459,5,45,0,0,0,0,0,0,0,0,0,0,0,0,0,0,0,0,0,0,0,0,0,0,229,16803,0,0,0,0
13708.012,16427,60,0,0,0,0,0,8,526,5,45,0,0,0,0,0,0,0,0,0,0,0,0,0,0,0,0,0,0,0,0,0,0,247,16177,0,0,0,0
13724.966,16954,58,0,0,0,0,0,8,499,5,45,0,0,0,0,0,0,0,0,0,0,0,0,0,0,0,0,0,0,0,0,0,0,227,16431,0,0,0,0
13741.561,16594,60,0,0,0,0,0,8,490,5,45,0,0,0,0,0,0,0,0,0,0,0,0,0,0,0,0,0,0,0,0,0,0,272,17477,0,0,0,0
13758.019,16458,60,0,0,0,0,0,8,495,5,45,0,0,0,0,0,0,0,0,0,0,0,0,0,0,0,0,0,0,0,0,0,0,219,16393,0,0,0,0
13774.936,16917,59,0,0,0,0,0,8,529,5,45,0,0,0,0,0,0,0,0,0,0,0,0,0,0,0,0,0,0,0,0,0,0,225,16106,0,0,0,0
13791.583,16646,60,0,0,0,0,0,8,461,5,45,0,0,0,0,0,0,0,0,0,0,0,0,0,0,0,0,0,0,0,0,0,0,240,17053,0,0,0,0
13808.968,17385,57,0,0,0,0,0,8,528,5,45,0,0,0,0,0,0,0,0,0,0,0,0,0,0,0,0,0,0,0,0,0,0,222,16535,0,0,0,0
13824.964,15996,62,0,0,0,0,0,8,479,5,45,0,0,0,0,0,0,0,0,0,0,0,0,0,0,0,0,0,0,0,0,0,0,272,17400,0,0,0,0
13841.130,16166,61,0,0,0,0,0,8,479,5,45,0,0,0,0,0,0,0,0,0,0,0,0,0,0,0,0,0,0,0,0,0,0,240,16009,0,0,0,0
13858.457,17315,57,0,0,0,0,0,8,530,5,45,0,0,0,0,0,0,0,0,0,0,0,0,0,0,0,0,0,0,0,0,0,0,228,16409,0,0,0,0
13874.964,16517,60,0,0,0,0,0,8,491,5,45,0,0,0,0,0,0,0,0,0,0,0,0,0,0,0,0,0,0,0,0,0,0,243,17058,0,0,0,0
13892.453,17489,57,0,0,0,0,0,8,502,5,45,0,0,0,0,0,0,0,0,0,0,0,0,0,0,0,0,0,0,0,0,0,0,236,16953,0,0,0,0
13908.583,16130,61,0,0,0,0,0,8,499,5,45,0,0,0,0,0,0,0,0,0,0,0,0,0,0,0,0,0,0,0,0,0,0,233,17118,0,0,0,0
13924.458,15875,62,0,0,0,0,0,8,464,5,45,0,0,0,0,0,0,0,0,0,0,0,0,0,0,0,0,0,0,0,0,0,0,238,16125,0,0,0,0
13941.104,16645,60,0,0,0,0,0,8,525,5,45,0,0,0,0,0,0,0,0,0,0,0,0,0,0,0,0,0,0,0,0,0,0,261,15882,0,0,0,0
13958.007,16903,59,0,0,0,0,0,8,543,5,45,0,0,0,0,0,0,0,0,0,0,0,0,0,0,0,0,0,0,0,0,0,0,235,16714,0,0,0,0
13974.693,16685,59,0,0,0,0,0,8,498,5,45,0,0,0,0,0,0,0,0,0,0,0,0,0,0,0,0,0,0,0,0,0,0,242,16754,0,0,0,0
13991.728,17034,58,0,0,0,0,0,8,468,5,45,0,0,0,0,0,0,0,0,0,0,0,0,0,0,0,0,0,0,0,0,0,0,232,17377,0,0,0,0
14008.447,16718,59,0,0,0,0,0,8,527,5,45,0,0,0,0,0,0,0,0,0,0,0,0,0,0,0,0,0,0,0,0,0,0,228,16343,0,0,0,0
14024.991,16543,60,0,0,0,0,0,8,529,5,45,0,0,0,0,0,0,0,0,0,0,0,0,0,0,0,0,0,0,0,0,0,0,230,16711,0,0,0,0
14041.581,16589,60,0,0,0,0,0,8,466,5,45,0,0,0,0,0,0,0,0,0,0,0,0,0,0,0,0,0,0,0,0,0,0,235,16591,0,0,0,0
14058.176,16595,60,0,0,0,0,0,8,526,5,45,0,0,0,0,0,0,0,0,0,0,0,0,0,0,0,0,0,0,0,0,0,0,229,16539,0,0,0,0
14074.458,16282,61,0,0,0,0,0,8,432,5,45,0,0,0,0,0,0,0,0,0,0,0,0,0,0,0,0,0,0,0,0,0,0,247,16600,0,0,0,0
14091.600,17142,58,0,0,0,0,0,8,529,5,45,0,0,0,0,0,0,0,0,0,0,0,0,0,0,0,0,0,0,0,0,0,0,238,16309,0,0,0,0
14108.033,16432,60,0,0,0,0,0,8,526,5,45,0,0,0,0,0,0,0,0,0,0,0,0,0,0,0,0,0,0,0,0,0,0,229,17125,0,0,0,0
14124.930,16897,59,0,0,0,0,0,8,528,5,45,0,0,0,0,0,0,0,0,0,0,0,0,0,0,0,0,0,0,0,0,0,0,229,16422,0,0,0,0
14141.756,16825,59,0,0,0,0,0,8,463,5,45,0,0,0,0,0,0,0,0,0,0,0,0,0,0,0,0,0,0,0,0,0,0,248,17076,0,0,0,0
14158.582,16826,59,0,0,0,0,0,8,490,5,45,0,0,0,0,0,0,0,0,0,0,0,0,0,0,0,0,0,0,0,0,0,0,235,16657,0,0,0,0
14175.012,16430,60,0,0,0,0,0,8,527,5,45,0,0,0,0,0,0,0,0,0,0,0,0,0,0,0,0,0,0,0,0,0,0,230,17638,0,0,0,0
14191.968,16955,58,0,0,0,0,0,8,458,5,45,0,0,0,0,0,0,0,0,0,0,0,0,0,0,0,0,0,0,0,0,0,0,216,15548,0,0,0,0
14208.581,16612,60,0,0,0,0,0,8,527,5,45,0,0,0,0,0,0,0,0,0,0,0,0,0,0,0,0,0,0,0,0,0,0,225,17116,0,0,0,0
14224.958,16377,61,0,0,0,0,0,8,474,5,45,0,0,0,0,0,0,0,0,0,0,0,0,0,0,0,0,0,0,0,0,0,0,240,16545,0,0,0,0
14241.197,16238,61,0,0,0,0,0,8,480,5,45,0,0,0,0,0,0,0,0,0,0,0,0,0,0,0,0,0,0,0,0,0,0,227,16787,0,0,0,0
14258.582,17385,57,0,0,0,0,0,8,530,5,45,0,0,0,0,0,0,0,0,0,0,0,0,0,0,0,0,0,0,0,0,0,0,221,15669,0,0,0,0
14274.780,16197,61,0,0,0,0,0,8,526,5,45,0,0,0,0,0,0,0,0,0,0,0,0,0,0,0,0,0,0,0,0,0,0,235,17526,0,0,0,0
14292.448,17667,56,0,0,0,0,0,8,470,5,45,0,0,0,0,0,0,0,0,0,0,0,0,0,0,0,0,0,0,0,0,0,0,245,16349,0,0,0,0
14307.955,15507,64,0,0,0,0,0,8,493,5,45,0,0,0,0,0,0,0,0,0,0,0,0,0,0,0,0,0,0,0,0,0,0,242,17780,0,0,0,0
14325.448,17492,57,0,0,0,0,0,8,490,5,45,0,0,0,0,0,0,0,0,0,0,0,0,0,0,0,0,0,0,0,0,0,0,217,15230,0,0,0,0
14341.601,16153,61,0,0,0,0,0,8,494,5,45,0,0,0,0,0,0,0,0,0,0,0,0,0,0,0,0,0,0,0,0,0,0,262,17617,0,0,0,0
14358.040,16438,60,0,0,0,0,0,8,526,5,45,0,0,0,0,0,0,0,0,0,0,0,0,0,0,0,0,0,0,0,0,0,0,224,16028,0,0,0,0
14374.671,16630,60,0,0,0,0,0,8,529,5,45,0,0,0,0,0,0,0,0,0,0,0,0,0,0,0,0,0,0,0,0,0,0,256,16453,0,0,0,0
14391.605,16934,59,0,0,0,0,0,8,432,5,45,0,0,0,0,0,0,0,0,0,0,0,0,0,0,0,0,0,0,0,0,0,0,242,16884,0,0,0,0
14408.006,16400,60,0,0,0,0,0,8,526,5,45,0,0,0,0,0,0,0,0,0,0,0,0,0,0,0,0,0,0,0,0,0,0,232,16612,0,0,0,0
14425.452,17446,57,0,0,0,0,0,8,507,5,45,0,0,0,0,0,0,0,0,0,0,0,0,0,0,0,0,0,0,0,0,0,0,217,16426,0,0,0,0
14441.575,16123,62,0,0,0,0,0,8,485,5,45,0,0,0,0,0,0,0,0,0,0,0,0,0,0,0,0,0,0,0,0,0,0,228,17534,0,0,0,0
14457.972,16396,60,0,0,0,0,0,8,523,5,45,0,0,0,0,0,0,0,0,0,0,0,0,0,0,0,0,0,0,0,0,0,0,241,16058,0,0,0,0
14474.985,17013,58,0,0,0,0,0,8,491,5,45,0,0,0,0,0,0,0,0,0,0,0,0,0,0,0,0,0,0,0,0,0,0,222,16474,0,0,0,0
14492.450,17464,57,0,0,0,0,0,8,465,5,45,0,0,0,0,0,0,0,0,0,0,0,0,0,0,0,0,0,0,0,0,0,0,221,16999,0,0,0,0
14508.446,15995,62,0,0,0,0,0,8,521,5,45,0,0,0,0,0,0,0,0,0,0,0,0,0,0,0,0,0,0,0,0,0,0,236,17856,0,0,0,0
14524.955,16509,60,0,0,0,0,0,8,504,5,45,0,0,0,0,0,0,0,0,0,0,0,0,0,0,0,0,0,0,0,0,0,0,246,15594,0,0,0,0
14541.531,16575,60,0,0,0,0,0,8,484,5,45,0,0,0,0,0,0,0,0,0,0,0,0,0,0,0,0,0,0,0,0,0,0,231,16888,0,0,0,0
14558.599,17067,58,0,0,0,0,0,8,502,5,45,0,0,0,0,0,0,0,0,0,0,0,0,0,0,0,0,0,0,0,0,0,0,240,16122,0,0,0,0
14574.973,16374,61,0,0,0,0,0,8,489,5,45,0,0,0,0,0,0,0,0,0,0,0,0,0,0,0,0,0,0,0,0,0,0,242,17121,0,0,0,0
14591.982,17008,58,0,0,0,0,0,8,502,5,45,0,0,0,0,0,0,0,0,0,0,0,0,0,0,0,0,0,0,0,0,0,0,231,16758,0,0,0,0
14607.998,16016,62,0,0,0,0,0,8,522,5,45,0,0,0,0,0,0,0,0,0,0,0,0,0,0,0,0,0,0,0,0,0,0,235,16590,0,0,0,0
14625.445,17447,57,0,0,0,0,0,8,485,5,45,0,0,0,0,0,0,0,0,0,0,0,0,0,0,0,0,0,0,0,0,0,0,233,16079,0,0,0,0
14641.575,16130,61,0,0,0,0,0,8,473,5,45,0,0,0,0,0,0,0,0,0,0,0,0,0,0,0,0,0,0,0,0,0,0,245,17399,0,0,0,0
14658.965,17389,57,0,0,0,0,0,8,531,5,45,0,0,0,0,0,0,0,0,0,0,0,0,0,0,0,0,0,0,0,0,0,0,228,16119,0,0,0,0
14675.454,16489,60,0,0,0,0,0,8,492,5,45,0,0,0,0,0,0,0,0,0,0,0,0,0,0,0,0,0,0,0,0,0,0,236,17386,0,0,0,0
14691.708,16254,61,0,0,0,0,0,8,497,5,45,0,0,0,0,0,0,0,0,0,0,0,0,0,0,0,0,0,0,0,0,0,0,232,16562,0,0,0,0
14708.175,16466,60,0,0,0,0,0,8,494,5,45,0,0,0,0,0,0,0,0,0,0,0,0,0,0,0,0,0,0,0,0,0,0,230,16181,0,0,0,0
14725.962,17786,56,0,0,0,0,0,8,529,5,45,0,0,0,0,0,0,0,0,0,0,0,0,0,0,0,0,0,0,0,0,0,0,234,16447,0,0,0,0
14741.578,15616,64,0,0,0,0,0,8,462,5,45,0,0,0,0,0,0,0,0,0,0,0,0,0,0,0,0,0,0,0,0,0,0,237,17897,0,0,0,0
14757.963,16384,61,0,0,0,0,0,8,521,5,45,0,0,0,0,0,0,0,0,0,0,0,0,0,0,0,0,0,0,0,0,0,0,217,15498,0,0,0,0
14774.252,16289,61,0,0,0,0,0,8,490,5,45,0,0,0,0,0,0,0,0,0,0,0,0,0,0,0,0,0,0,0,0,0,0,260,16485,0,0,0,0
14791.574,17322,57,0,0,0,0,0,8,470,5,45,0,0,0,0,0,0,0,0,0,0,0,0,0,0,0,0,0,0,0,0,0,0,225,16300,0,0,0,0
14808.587,17012,58,0,0,0,0,0,8,525,5,45,0,0,0,0,0,0,0,0,0,0,0,0,0,0,0,0,0,0,0,0,0,0,238,17225,0,0,0,0
14824.843,16255,61,0,0,0,0,0,8,500,5,45,0,0,0,0,0,0,0,0,0,0,0,0,0,0,0,0,0,0,0,0,0,0,249,17030,0,0,0,0
14841.138,16295,61,0,0,0,0,0,8,488,5,45,0,0,0,0,0,0,0,0,0,0,0,0,0,0,0,0,0,0,0,0,0,0,233,16778,0,0,0,0
14857.991,16853,59,0,0,0,0,0,8,525,5,45,0,0,0,0,0,0,0,0,0,0,0,0,0,0,0,0,0,0,0,0,0,0,218,15679,0,0,0,0
14875.957,17966,55,0,0,0,0,0,8,502,5,45,0,0,0,0,0,0,0,0,0,0,0,0,0,0,0,0,0,0,0,0,0,0,247,16944,0,0,0,0
14892.099,16141,61,0,0,0,0,0,8,469,5,45,0,0,0,0,0,0,0,0,0,0,0,0,0,0,0,0,0,0,0,0,0,0,251,18059,0,0,0,0
14908.014,15915,62,0,0,0,0,0,8,522,5,45,0,0,0,0,0,0,0,0,0,0,0,0,0,0,0,0,0,0,0,0,0,0,245,16363,0,0,0,0
14925.095,17080,58,0,0,0,0,0,8,531,5,45,0,0,0,0,0,0,0,0,0,0,0,0,0,0,0,0,0,0,0,0,0,0,216,15555,0,0,0,0
14941.575,16479,60,0,0,0,0,0,8,465,5,45,0,0,0,0,0,0,0,0,0,0,0,0,0,0,0,0,0,0,0,0,0,0,229,17409,0,0,0,0
14957.664,16088,62,0,0,0,0,0,8,493,5,45,0,0,0,0,0,0,0,0,0,0,0,0,0,0,0,0,0,0,0,0,0,0,229,16552,0,0,0,0
14975.454,17790,56,0,0,0,0,0,8,501,5,45,0,0,0,0,0,0,0,0,0,0,0,0,0,0,0,0,0,0,0,0,0,0,221,15751,0,0,0,0
14991.959,16504,60,0,0,0,0,0,8,491,5,45,0,0,0,0,0,0,0,0,0,0,0,0,0,0,0,0,0,0,0,0,0,0,239,17828,0,0,0,0
15008.575,16616,60,0,0,0,0,0,8,532,5,45,0,0,0,0,0,0,0,0,0,0,0,0,0,0,0,0,0,0,0,0,0,0,233,16426,0,0,0,0
15024.513,15938,62,0,0,0,0,0,8,484,5,45,0,0,0,0,0,0,0,0,0,0,0,0,0,0,0,0,0,0,0,0,0,0,227,16644,0,0,0,0
15041.622,17109,58,0,0,0,0,0,8,472,5,45,0,0,0,0,0,0,0,0,0,0,0,0,0,0,0,0,0,0,0,0,0,0,230,15943,0,0,0,0
15058.444,16821,59,0,0,0,0,0,8,528,5,45,0,0,0,0,0,0,0,0,0,0,0,0,0,0,0,0,0,0,0,0,0,0,225,17083,0,0,0,0
15074.987,16542,60,0,0,0,0,0,8,527,5,45,0,0,0,0,0,0,0,0,0,0,0,0,0,0,0,0,0,0,0,0,0,0,233,16832,0,0,0,0
15091.705,16718,59,0,0,0,0,0,8,465,5,45,0,0,0,0,0,0,0,0,0,0,0,0,0,0,0,0,0,0,0,0,0,0,233,16951,0,0,0,0
15108.008,16302,61,0,0,0,0,0,8,491,5,45,0,0,0,0,0,0,0,0,0,0,0,0,0,0,0,0,0,0,0,0,0,0,217,16289,0,0,0,0
15124.952,16944,59,0,0,0,0,0,8,489,5,45,0,0,0,0,0,0,0,0,0,0,0,0,0,0,0,0,0,0,0,0,0,0,215,16226,0,0,0,0
15141.577,16624,60,0,0,0,0,0,8,502,5,45,0,0,0,0,0,0,0,0,0,0,0,0,0,0,0,0,0,0,0,0,0,0,246,17520,0,0,0,0
15157.997,16420,60,0,0,0,0,0,8,520,5,45,0,0,0,0,0,0,0,0,0,0,0,0,0,0,0,0,0,0,0,0,0,0,247,16193,0,0,0,0
15175.009,17011,58,0,0,0,0,0,8,530,5,45,0,0,0,0,0,0,0,0,0,0,0,0,0,0,0,0,0,0,0,0,0,0,203,16247,0,0,0,0
15191.743,16734,59,0,0,0,0,0,8,436,5,45,0,0,0,0,0,0,0,0,0,0,0,0,0,0,0,0,0,0,0,0,0,0,221,17144,0,0,0,0
15208.574,16830,59,0,0,0,0,0,8,521,5,45,0,0,0,0,0,0,0,0,0,0,0,0,0,0,0,0,0,0,0,0,0,0,233,16725,0,0,0,0
15225.436,16862,59,0,0,0,0,0,8,494,5,45,0,0,0,0,0,0,0,0,0,0,0,0,0,0,0,0,0,0,0,0,0,0,233,16840,0,0,0,0
15242.440,17004,58,0,0,0,0,0,8,497,5,45,0,0,0,0,0,0,0,0,0,0,0,0,0,0,0,0,0,0,0,0,0,0,241,16938,0,0,0,0
15258.002,15562,64,0,0,0,0,0,8,521,5,45,0,0,0,0,0,0,0,0,0,0,0,0,0,0,0,0,0,0,0,0,0,0,242,16972,0,0,0,0
15274.953,16950,58,0,0,0,0,0,8,462,5,45,0,0,0,0,0,0,0,0,0,0,0,0,0,0,0,0,0,0,0,0,0,0,225,15490,0,0,0,0
15291.435,16481,60,0,0,0,0,0,8,500,5,45,0,0,0,0,0,0,0,0,0,0,0,0,0,0,0,0,0,0,0,0,0,0,227,17395,0,0,0,0
15308.024,16589,60,0,0,0,0,0,8,523,5,45,0,0,0,0,0,0,0,0,0,0,0,0,0,0,0,0,0,0,0,0,0,0,230,16047,0,0,0,0
15325.962,17938,55,0,0,0,0,0,8,532,5,45,0,0,0,0,0,0,0,0,0,0,0,0,0,0,0,0,0,0,0,0,0,0,216,16580,0,0,0,0
15341.621,15659,63,0,0,0,0,0,8,465,5,45,0,0,0,0,0,0,0,0,0,0,0,0,0,0,0,0,0,0,0,0,0,0,257,18046,0,0,0,0
15358.451,16830,59,0,0,0,0,0,8,496,5,45,0,0,0,0,0,0,0,0,0,0,0,0,0,0,0,0,0,0,0,0,0,0,249,15609,0,0,0,0
15374.784,16332,61,0,0,0,0,0,8,495,5,45,0,0,0,0,0,0,0,0,0,0,0,0,0,0,0,0,0,0,0,0,0,0,231,16792,0,0,0,0
15391.666,16882,59,0,0,0,0,0,8,495,5,45,0,0,0,0,0,0,0,0,0,0,0,0,0,0,0,0,0,0,0,0,0,0,221,16918,0,0,0,0
15407.985,16318,61,0,0,0,0,0,8,523,5,45,0,0,0,0,0,0,0,0,0,0,0,0,0,0,0,0,0,0,0,0,0,0,227,16308,0,0,0,0
15424.954,16968,58,0,0,0,0,0,8,492,5,45,0,0,0,0,0,0,0,0,0,0,0,0,0,0,0,0,0,0,0,0,0,0,232,16295,0,0,0,0
15441.954,17000,58,0,0,0,0,0,8,467,5,45,0,0,0,0,0,0,0,0,0,0,0,0,0,0,0,0,0,0,0,0,0,0,240,17408,0,0,0,0
15458.525,16570,60,0,0,0,0,0,8,530,5,45,0,0,0,0,0,0,0,0,0,0,0,0,0,0,0,0,0,0,0,0,0,0,231,16548,0,0,0,0
15474.952,16427,60,0,0,0,0,0,8,499,5,45,0,0,0,0,0,0,0,0,0,0,0,0,0,0,0,0,0,0,0,0,0,0,226,16592,0,0,0,0
15491.554,16602,60,0,0,0,0,0,8,490,5,45,0,0,0,0,0,0,0,0,0,0,0,0,0,0,0,0,0,0,0,0,0,0,231,16856,0,0,0,0
15507.981,16427,60,0,0,0,0,0,8,496,5,45,0,0,0,0,0,0,0,0,0,0,0,0,0,0,0,0,0,0,0,0,0,0,229,16140,0,0,0,0
15525.433,17451,57,0,0,0,0,0,8,496,5,45,0,0,0,0,0,0,0,0,0,0,0,0,0,0,0,0,0,0,0,0,0,0,223,16508,0,0,0,0
15542.450,17017,58,0,0,0,0,0,8,502,5,45,0,0,0,0,0,0,0,0,0,0,0,0,0,0,0,0,0,0,0,0,0,0,242,17495,0,0,0,0
15558.021,15570,64,0,0,0,0,0,8,521,5,45,0,0,0,0,0,0,0,0,0,0,0,0,0,0,0,0,0,0,0,0,0,0,234,16859,0,0,0,0
15575.124,17103,58,0,0,0,0,0,8,529,5,45,0,0,0,0,0,0,0,0,0,0,0,0,0,0,0,0,0,0,0,0,0,0,218,15504,0,0,0,0
15592.454,17330,57,0,0,0,0,0,8,433,5,45,0,0,0,0,0,0,0,0,0,0,0,0,0,0,0,0,0,0,0,0,0,0,230,17480,0,0,0,0
15608.571,16116,62,0,0,0,0,0,8,524,5,45,0,0,0,0,0,0,0,0,0,0,0,0,0,0,0,0,0,0,0,0,0,0,231,17086,0,0,0,0
15624.976,16404,60,0,0,0,0,0,8,527,5,45,0,0,0,0,0,0,0,0,0,0,0,0,0,0,0,0,0,0,0,0,0,0,239,16121,0,0,0,0
15641.748,16772,59,0,0,0,0,0,8,465,5,45,0,0,0,0,0,0,0,0,0,0,0,0,0,0,0,0,0,0,0,0,0,0,238,16466,0,0,0,0
15658.569,16821,59,0,0,0,0,0,8,523,5,45,0,0,0,0,0,0,0,0,0,0,0,0,0,0,0,0,0,0,0,0,0,0,243,16675,0,0,0,0
15675.136,16567,60,0,0,0,0,0,8,493,5,45,0,0,0,0,0,0,0,0,0,0,0,0,0,0,0,0,0,0,0,0,0,0,226,16848,0,0,0,0
15691.950,16813,59,0,0,0,0,0,8,460,5,45,0,0,0,0,0,0,0,0,0,0,0,0,0,0,0,0,0,0,0,0,0,0,225,16803,0,0,0,0
15708.114,16164,61,0,0,0,0,0,8,526,5,45,0,0,0,0,0,0,0,0,0,0,0,0,0,0,0,0,0,0,0,0,0,0,224,16575,0,0,0,0
15724.971,16856,59,0,0,0,0,0,8,495,5,45,0,0,0,0,0,0,0,0,0,0,0,0,0,0,0,0,0,0,0,0,0,0,228,16149,0,0,0,0
15741.569,16598,60,0,0,0,0,0,8,502,5,45,0,0,0,0,0,0,0,0,0,0,0,0,0,0,0,0,0,0,0,0,0,0,219,16731,0,0,0,0
15758.116,16547,60,0,0,0,0,0,8,492,5,45,0,0,0,0,0,0,0,0,0,0,0,0,0,0,0,0,0,0,0,0,0,0,235,16738,0,0,0,0
15774.671,16554,60,0,0,0,0,0,8,497,5,45,0,0,0,0,0,0,0,0,0,0,0,0,0,0,0,0,0,0,0,0,0,0,258,16871,0,0,0,0
15791.626,16954,58,0,0,0,0,0,8,491,5,45,0,0,0,0,0,0,0,0,0,0,0,0,0,0,0,0,0,0,0,0,0,0,227,16931,0,0,0,0
15808.436,16810,59,0,0,0,0,0,8,530,5,45,0,0,0,0,0,0,0,0,0,0,0,0,0,0,0,0,0,0,0,0,0,0,235,16266,0,0,0,0
15824.980,16545,60,0,0,0,0,0,8,497,5,45,0,0,0,0,0,0,0,0,0,0,0,0,0,0,0,0,0,0,0,0,0,0,225,16794,0,0,0,0
15841.946,16965,58,0,0,0,0,0,8,463,5,45,0,0,0,0,0,0,0,0,0,0,0,0,0,0,0,0,0,0,0,0,0,0,237,16962,0,0,0,0
15858.147,16201,61,0,0,0,0,0,8,525,5,45,0,0,0,0,0,0,0,0,0,0,0,0,0,0,0,0,0,0,0,0,0,0,235,16536,0,0,0,0
15874.974,16826,59,0,0,0,0,0,8,528,5,45,0,0,0,0,0,0,0,0,0,0,0,0,0,0,0,0,0,0,0,0,0,0,226,16189,0,0,0,0
15892.425,17452,57,0,0,0,0,0,8,467,5,45,0,0,0,0,0,0,0,0,0,0,0,0,0,0,0,0,0,0,0,0,0,0,233,16913,0,0,0,0
15908.269,15843,63,0,0,0,0,0,8,497,5,45,0,0,0,0,0,0,0,0,0,0,0,0,0,0,0,0,0,0,0,0,0,0,235,17415,0,0,0,0
15925.426,17156,58,0,0,0,0,0,8,490,5,45,0,0,0,0,0,0,0,0,0,0,0,0,0,0,0,0,0,0,0,0,0,0,234,15785,0,0,0,0
15942.450,17024,58,0,0,0,0,0,8,506,5,45,0,0,0,0,0,0,0,0,0,0,0,0,0,0,0,0,0,0,0,0,0,0,228,17274,0,0,0,0
15958.133,15683,63,0,0,0,0,0,8,538,5,45,0,0,0,0,0,0,0,0,0,0,0,0,0,0,0,0,0,0,0,0,0,0,240,17102,0,0,0,0
15974.959,16826,59,0,0,0,0,0,8,495,5,45,0,0,0,0,0,0,0,0,0,0,0,0,0,0,0,0,0,0,0,0,0,0,236,15434,0,0,0,0
15991.427,16468,60,0,0,0,0,0,8,470,5,45,0,0,0,0,0,0,0,0,0,0,0,0,0,0,0,0,0,0,0,0,0,0,235,17330,0,0,0,0
16008.564,17136,58,0,0,0,0,0,8,526,5,45,0,0,0,0,0,0,0,0,0,0,0,0,0,0,0,0,0,0,0,0,0,0,237,16046,0,0,0,0
16025.429,16864,59,0,0,0,0,0,8,490,5,45,0,0,0,0,0,0,0,0,0,0,0,0,0,0,0,0,0,0,0,0,0,0,236,17176,0,0,0,0
16041.455,16025,62,0,0,0,0,0,8,496,5,45,0,0,0,0,0,0,0,0,0,0,0,0,0,0,0,0,0,0,0,0,0,0,231,16904,0,0,0,0
16058.577,17122,58,0,0,0,0,0,8,529,5,45,0,0,0,0,0,0,0,0,0,0,0,0,0,0,0,0,0,0,0,0,0,0,231,15928,0,0,0,0
16074.946,16369,61,0,0,0,0,0,8,457,5,45,0,0,0,0,0,0,0,0,0,0,0,0,0,0,0,0,0,0,0,0,0,0,237,17142,0,0,0,0
16091.946,16999,58,0,0,0,0,0,8,491,5,45,0,0,0,0,0,0,0,0,0,0,0,0,0,0,0,0,0,0,0,0,0,0,236,16805,0,0,0,0
16108.573,16614,60,0,0,0,0,0,8,530,5,45,0,0,0,0,0,0,0,0,0,0,0,0,0,0,0,0,0,0,0,0,0,0,241,16570,0,0,0,0
16124.959,16397,60,0,0,0,0,0,8,500,5,45,0,0,0,0,0,0,0,0,0,0,0,0,0,0,0,0,0,0,0,0,0,0,225,16627,0,0,0,0
16141.563,16604,60,0,0,0,0,0,8,482,5,45,0,0,0,0,0,0,0,0,0,0,0,0,0,0,0,0,0,0,0,0,0,0,241,16805,0,0,0,0
16158.431,16868,59,0,0,0,0,0,8,495,5,45,0,0,0,0,0,0,0,0,0,0,0,0,0,0,0,0,0,0,0,0,0,0,224,16172,0,0,0,0
16174.955,16524,60,0,0,0,0,0,8,526,5,45,0,0,0,0,0,0,0,0,0,0,0,0,0,0,0,0,0,0,0,0,0,0,213,16812,0,0,0,0
16191.561,16606,60,0,0,0,0,0,8,463,5,45,0,0,0,0,0,0,0,0,0,0,0,0,0,0,0,0,0,0,0,0,0,0,230,17027,0,0,0,0
16208.563,17001,58,0,0,0,0,0,8,526,5,45,0,0,0,0,0,0,0,0,0,0,0,0,0,0,0,0,0,0,0,0,0,0,236,16177,0,0,0,0
16224.752,16189,61,0,0,0,0,0,8,485,5,45,0,0,0,0,0,0,0,0,0,0,0,0,0,0,0,0,0,0,0,0,0,0,228,17003,0,0,0,0
16241.627,16874,59,0,0,0,0,0,8,471,5,45,0,0,0,0,0,0,0,0,0,0,0,0,0,0,0,0,0,0,0,0,0,0,218,16087,0,0,0,0
16258.432,16805,59,0,0,0,0,0,8,527,5,45,0,0,0,0,0,0,0,0,0,0,0,0,0,0,0,0,0,0,0,0,0,0,233,16924,0,0,0,0
16274.970,16537,60,0,0,0,0,0,8,527,5,45,0,0,0,0,0,0,0,0,0,0,0,0,0,0,0,0,0,0,0,0,0,0,227,16847,0,0,0,0
16291.564,16594,60,0,0,0,0,0,8,462,5,45,0,0,0,0,0,0,0,0,0,0,0,0,0,0,0,0,0,0,0,0,0,0,250,16608,0,0,0,0
16308.946,17382,57,0,0,0,0,0,8,495,5,45,0,0,0,0,0,0,0,0,0,0,0,0,0,0,0,0,0,0,0,0,0,0,218,16510,0,0,0,0
16325.438,16491,60,0,0,0,0,0,8,497,5,45,0,0,0,0,0,0,0,0,0,0,0,0,0,0,0,0,0,0,0,0,0,0,250,17412,0,0,0,0
16341.605,16167,61,0,0,0,0,0,8,491,5,45,0,0,0,0,0,0,0,0,0,0,0,0,0,0,0,0,0,0,0,0,0,0,231,16552,0,0,0,0
16358.426,16820,59,0,0,0,0,0,8,525,5,45,0,0,0,0,0,0,0,0,0,0,0,0,0,0,0,0,0,0,0,0,0,0,220,16063,0,0,0,0
16374.962,16536,60,0,0,0,0,0,8,526,5,45,0,0,0,0,0,0,0,0,0,0,0,0,0,0,0,0,0,0,0,0,0,0,237,16848,0,0,0,0
16391.545,16583,60,0,0,0,0,0,8,434,5,45,0,0,0,0,0,0,0,0,0,0,0,0,0,0,0,0,0,0,0,0,0,0,234,16590,0,0,0,0
16407.799,16254,61,0,0,0,0,0,8,526,5,45,0,0,0,0,0,0,0,0,0,0,0,0,0,0,0,0,0,0,0,0,0,0,243,16583,0,0,0,0
16425.433,17634,56,0,0,0,0,0,8,529,5,45,0,0,0,0,0,0,0,0,0,0,0,0,0,0,0,0,0,0,0,0,0,0,250,16245,0,0,0,0
16442.426,16992,58,0,0,0,0,0,8,466,5,45,0,0,0,0,0,0,0,0,0,0,0,0,0,0,0,0,0,0,0,0,0,0,230,17523,0,0,0,0
16458.556,16130,61,0,0,0,0,0,8,528,5,45,0,0,0,0,0,0,0,0,0,0,0,0,0,0,0,0,0,0,0,0,0,0,246,17060,0,0,0,0
16475.211,16655,60,0,0,0,0,0,8,495,5,45,0,0,0,0,0,0,0,0,0,0,0,0,0,0,0,0,0,0,0,0,0,0,231,16146,0,0,0,0
16491.712,16501,60,0,0,0,0,0,8,463,5,45,0,0,0,0,0,0,0,0,0,0,0,0,0,0,0,0,0,0,0,0,0,0,228,16783,0,0,0,0
16508.944,17231,58,0,0,0,0,0,8,528,5,45,0,0,0,0,0,0,0,0,0,0,0,0,0,0,0,0,0,0,0,0,0,0,229,16336,0,0,0,0
16525.194,16250,61,0,0,0,0,0,8,529,5,45,0,0,0,0,0,0,0,0,0,0,0,0,0,0,0,0,0,0,0,0,0,0,234,17216,0,0,0,0
16541.429,16235,61,0,0,0,0,0,8,460,5,45,0,0,0,0,0,0,0,0,0,0,0,0,0,0,0,0,0,0,0,0,0,0,234,16460,0,0,0,0
16558.437,16996,58,0,0,0,0,0,8,493,5,45,0,0,0,0,0,0,0,0,0,0,0,0,0,0,0,0,0,0,0,0,0,0,235,16054,0,0,0,0
16574.998,16572,60,0,0,0,0,0,8,521,5,45,0,0,0,0,0,0,0,0,0,0,0,0,0,0,0,0,0,0,0,0,0,0,241,17014,0,0,0,0
16591.965,16966,58,0,0,0,0,0,8,466,5,45,0,0,0,0,0,0,0,0,0,0,0,0,0,0,0,0,0,0,0,0,0,0,243,16618,0,0,0,0
16607.996,16031,62,0,0,0,0,0,8,521,5,45,0,0,0,0,0,0,0,0,0,0,0,0,0,0,0,0,0,0,0,0,0,0,230,16884,0,0,0,0
16625.434,17438,57,0,0,0,0,0,8,498,5,45,0,0,0,0,0,0,0,0,0,0,0,0,0,0,0,0,0,0,0,0,0,0,232,16034,0,0,0,0
16641.445,16010,62,0,0,0,0,0,8,468,5,45,0,0,0,0,0,0,0,0,0,0,0,0,0,0,0,0,0,0,0,0,0,0,237,17528,0,0,0,0
16657.566,16120,62,0,0,0,0,0,8,524,5,45,0,0,0,0,0,0,0,0,0,0,0,0,0,0,0,0,0,0,0,0,0,0,218,15921,0,0,0,0
16674.955,17389,57,0,0,0,0,0,8,504,5,45,0,0,0,0,0,0,0,0,0,0,0,0,0,0,0,0,0,0,0,0,0,0,235,16094,0,0,0,0
16692.422,17467,57,0,0,0,0,0,8,486,5,45,0,0,0,0,0,0,0,0,0,0,0,0,0,0,0,0,0,0,0,0,0,0,232,17825,0,0,0,0
16708.269,15847,63,0,0,0,0,0,8,492,5,45,0,0,0,0,0,0,0,0,0,0,0,0,0,0,0,0,0,0,0,0,0,0,240,17113,0,0,0,0
16724.937,16668,59,0,0,0,0,0,8,491,5,45,0,0,0,0,0,0,0,0,0,0,0,0,0,0,0,0,0,0,0,0,0,0,215,15792,0,0,0,0
16741.642,16704,59,0,0,0,0,0,8,501,5,45,0,0,0,0,0,0,0,0,0,0,0,0,0,0,0,0,0,0,0,0,0,0,233,17091,0,0,0,0
16758.130,16487,60,0,0,0,0,0,8,525,5,45,0,0,0,0,0,0,0,0,0,0,0,0,0,0,0,0,0,0,0,0,0,0,231,16295,0,0,0,0
16775.429,17299,57,0,0,0,0,0,8,511,5,45,0,0,0,0,0,0,0,0,0,0,0,0,0,0,0,0,0,0,0,0,0,0,231,16444,0,0,0,0
16791.596,16166,61,0,0,0,0,0,8,452,5,45,0,0,0,0,0,0,0,0,0,0,0,0,0,0,0,0,0,0,0,0,0,0,221,17321,0,0,0,0
16807.994,16398,60,0,0,0,0,0,8,522,5,45,0,0,0,0,0,0,0,0,0,0,0,0,0,0,0,0,0,0,0,0,0,0,216,16097,0,0,0,0
16825.423,17429,57,0,0,0,0,0,8,499,5,45,0,0,0,0,0,0,0,0,0,0,0,0,0,0,0,0,0,0,0,0,0,0,208,16463,0,0,0,0
16842.417,16993,58,0,0,0,0,0,8,496,5,45,0,0,0,0,0,0,0,0,0,0,0,0,0,0,0,0,0,0,0,0,0,0,243,17538,0,0,0,0
16858.420,16002,62,0,0,0,0,0,8,525,5,45,0,0,0,0,0,0,0,0,0,0,0,0,0,0,0,0,0,0,0,0,0,0,243,17016,0,0,0,0
16875.429,17008,58,0,0,0,0,0,8,463,5,45,0,0,0,0,0,0,0,0,0,0,0,0,0,0,0,0,0,0,0,0,0,0,224,15882,0,0,0,0
16891.419,15991,62,0,0,0,0,0,8,491,5,45,0,0,0,0,0,0,0,0,0,0,0,0,0,0,0,0,0,0,0,0,0,0,234,17093,0,0,0,0
16907.983,16563,60,0,0,0,0,0,8,522,5,45,0,0,0,0,0,0,0,0,0,0,0,0,0,0,0,0,0,0,0,0,0,0,232,15905,0,0,0,0
16925.419,17435,57,0,0,0,0,0,8,533,5,45,0,0,0,0,0,0,0,0,0,0,0,0,0,0,0,0,0,0,0,0,0,0,224,16560,0,0,0,0
16941.479,16060,62,0,0,0,0,0,8,466,5,45,0,0,0,0,0,0,0,0,0,0,0,0,0,0,0,0,0,0,0,0,0,0,211,16413,0,0,0,0
16958.568,17088,58,0,0,0,0,0,8,497,5,45,0,0,0,0,0,0,0,0,0,0,0,0,0,0,0,0,0,0,0,0,0,0,244,17094,0,0,0,0
16974.940,16371,61,0,0,0,0,0,8,489,5,45,0,0,0,0,0,0,0,0,0,0,0,0,0,0,0,0,0,0,0,0,0,0,234,17120,0,0,0,0
16991.578,16638,60,0,0,0,0,0,8,496,5,45,0,0,0,0,0,0,0,0,0,0,0,0,0,0,0,0,0,0,0,0,0,0,258,16830,0,0,0,0
17007.997,16418,60,0,0,0,0,0,8,520,5,45,0,0,0,0,0,0,0,0,0,0,0,0,0,0,0,0,0,0,0,0,0,0,217,16134,0,0,0,0
17024.564,16566,60,0,0,0,0,0,8,493,5,45,0,0,0,0,0,0,0,0,0,0,0,0,0,0,0,0,0,0,0,0,0,0,240,16479,0,0,0,0
17041.457,16893,59,0,0,0,0,0,8,468,5,45,0,0,0,0,0,0,0,0,0,0,0,0,0,0,0,0,0,0,0,0,0,0,239,16518,0,0,0,0
17058.566,17109,58,0,0,0,0,0,8,524,5,45,0,0,0,0,0,0,0,0,0,0,0,0,0,0,0,0,0,0,0,0,0,0,233,17317,0,0,0,0
17075.434,16867,59,0,0,0,0,0,8,503,5,45,0,0,0,0,0,0,0,0,0,0,0,0,0,0,0,0,0,0,0,0,0,0,231,16697,0,0,0,0
17091.195,15760,63,0,0,0,0,0,8,483,5,45,0,0,0,0,0,0,0,0,0,0,0,0,0,0,0,0,0,0,0,0,0,0,231,16924,0,0,0,0
17108.144,16948,59,0,0,0,0,0,8,495,5,45,0,0,0,0,0,0,0,0,0,0,0,0,0,0,0,0,0,0,0,0,0,0,220,15868,0,0,0,0
17125.418,17273,57,0,0,0,0,0,8,498,5,45,0,0,0,0,0,0,0,0,0,0,0,0,0,0,0,0,0,0,0,0,0,0,229,16743,0,0,0,0
17141.625,16207,61,0,0,0,0,0,8,493,5,45,0,0,0,0,0,0,0,0,0,0,0,0,0,0,0,0,0,0,0,0,0,0,243,17395,0,0,0,0
17157.992,16366,61,0,0,0,0,0,8,525,5,45,0,0,0,0,0,0,0,0,0,0,0,0,0,0,0,0,0,0,0,0,0,0,214,16032,0,0,0,0
17175.418,17425,57,0,0,0,0,0,8,530,5,45,0,0,0,0,0,0,0,0,0,0,0,0,0,0,0,0,0,0,0,0,0,0,214,16387,0,0,0,0
17191.423,16004,62,0,0,0,0,0,8,432,5,45,0,0,0,0,0,0,0,0,0,0,0,0,0,0,0,0,0,0,0,0,0,0,257,17541,0,0,0,0
17207.605,16182,61,0,0,0,0,0,8,531,5,45,0,0,0,0,0,0,0,0,0,0,0,0,0,0,0,0,0,0,0,0,0,0,229,15900,0,0,0,0
17224.962,17357,57,0,0,0,0,0,8,529,5,45,0,0,0,0,0,0,0,0,0,0,0,0,0,0,0,0,0,0,0,0,0,0,227,16229,0,0,0,0
17242.418,17456,57,0,0,0,0,0,8,470,5,45,0,0,0,0,0,0,0,0,0,0,0,0,0,0,0,0,0,0,0,0,0,0,244,17433,0,0,0,0
17258.426,16007,62,0,0,0,0,0,8,527,5,45,0,0,0,0,0,0,0,0,0,0,0,0,0,0,0,0,0,0,0,0,0,0,245,17381,0,0,0,0
17275.021,16595,60,0,0,0,0,0,8,496,5,45,0,0,0,0,0,0,0,0,0,0,0,0,0,0,0,0,0,0,0,0,0,0,254,16135,0,0,0,0
17291.761,16739,59,0,0,0,0,0,8,466,5,45,0,0,0,0,0,0,0,0,0,0,0,0,0,0,0,0,0,0,0,0,0,0,270,16900,0,0,0,0
17308.082,16321,61,0,0,0,0,0,8,525,5,45,0,0,0,0,0,0,0,0,0,0,0,0,0,0,0,0,0,0,0,0,0,0,249,16271,0,0,0,0
17325.422,17339,57,0,0,0,0,0,8,530,5,45,0,0,0,0,0,0,0,0,0,0,0,0,0,0,0,0,0,0,0,0,0,0,258,16356,0,0,0,0
17341.952,16530,60,0,0,0,0,0,8,468,5,45,0,0,0,0,0,0,0,0,0,0,0,0,0,0,0,0,0,0,0,0,0,0,239,17318,0,0,0,0
17358.481,16529,60,0,0,0,0,0,8,499,5,45,0,0,0,0,0,0,0,0,0,0,0,0,0,0,0,0,0,0,0,0,0,0,235,16534,0,0,0,0
17374.935,16453,60,0,0,0,0,0,8,499,5,45,0,0,0,0,0,0,0,0,0,0,0,0,0,0,0,0,0,0,0,0,0,0,251,16595,0,0,0,0
17392.427,17492,57,0,0,0,0,0,8,492,5,45,0,0,0,0,0,0,0,0,0,0,0,0,0,0,0,0,0,0,0,0,0,0,267,16886,0,0,0,0
17408.150,15723,63,0,0,0,0,0,8,521,5,45,0,0,0,0,0,0,0,0,0,0,0,0,0,0,0,0,0,0,0,0,0,0,242,17050,0,0,0,0
17425.412,17261,57,0,0,0,0,0,8,476,5,45,0,0,0,0,0,0,0,0,0,0,0,0,0,0,0,0,0,0,0,0,0,0,207,15573,0,0,0,0
17441.762,16350,61,0,0,0,0,0,8,485,5,45,0,0,0,0,0,0,0,0,0,0,0,0,0,0,0,0,0,0,0,0,0,0,228,17458,0,0,0,0
17457.984,16221,61,0,0,0,0,0,8,522,5,45,0,0,0,0,0,0,0,0,0,0,0,0,0,0,0,0,0,0,0,0,0,0,240,16281,0,0,0,0
17474.958,16974,58,0,0,0,0,0,8,531,5,45,0,0,0,0,0,0,0,0,0,0,0,0,0,0,0,0,0,0,0,0,0,0,227,16176,0,0,0,0
17491.549,16590,60,0,0,0,0,0,8,461,5,45,0,0,0,0,0,0,0,0,0,0,0,0,0,0,0,0,0,0,0,0,0,0,227,17061,0,0,0,0
17508.130,16580,60,0,0,0,0,0,8,496,5,45,0,0,0,0,0,0,0,0,0,0,0,0,0,0,0,0,0,0,0,0,0,0,222,16512,0,0,0,0
17524.932,16801,59,0,0,0,0,0,8,491,5,45,0,0,0,0,0,0,0,0,0,0,0,0,0,0,0,0,0,0,0,0,0,0,232,16572,0,0,0,0
17541.553,16621,60,0,0,0,0,0,8,496,5,45,0,0,0,0,0,0,0,0,0,0,0,0,0,0,0,0,0,0,0,0,0,0,230,17265,0,0,0,0
17558.062,16509,60,0,0,0,0,0,8,534,5,45,0,0,0,0,0,0,0,0,0,0,0,0,0,0,0,0,0,0,0,0,0,0,220,16189,0,0,0,0
17575.415,17352,57,0,0,0,0,0,8,492,5,45,0,0,0,0,0,0,0,0,0,0,0,0,0,0,0,0,0,0,0,0,0,0,224,16502,0,0,0,0
17591.090,15674,63,0,0,0,0,0,8,465,5,45,0,0,0,0,0,0,0,0,0,0,0,0,0,0,0,0,0,0,0,0,0,0,237,17454,0,0,0,0
17608.550,17460,57,0,0,0,0,0,8,530,5,45,0,0,0,0,0,0,0,0,0,0,0,0,0,0,0,0,0,0,0,0,0,0,231,15547,0,0,0,0
17625.004,16453,60,0,0,0,0,0,8,530,5,45,0,0,0,0,0,0,0,0,0,0,0,0,0,0,0,0,0,0,0,0,0,0,241,17521,0,0,0,0
17641.595,16591,60,0,0,0,0,0,8,469,5,45,0,0,0,0,0,0,0,0,0,0,0,0,0,0,0,0,0,0,0,0,0,0,202,16279,0,0,0,0
17658.495,16885,59,0,0,0,0,0,8,526,5,45,0,0,0,0,0,0,0,0,0,0,0,0,0,0,0,0,0,0,0,0,0,0,229,16715,0,0,0,0
17674.935,16454,60,0,0,0,0,0,8,455,5,45,0,0,0,0,0,0,0,0,0,0,0,0,0,0,0,0,0,0,0,0,0,0,249,16950,0,0,0,0
17691.717,16781,59,0,0,0,0,0,8,498,5,45,0,0,0,0,0,0,0,0,0,0,0,0,0,0,0,0,0,0,0,0,0,0,247,16841,0,0,0,0
17708.090,16372,61,0,0,0,0,0,8,531,5,45,0,0,0,0,0,0,0,0,0,0,0,0,0,0,0,0,0,0,0,0,0,0,224,16300,0,0,0,0
17724.955,16865,59,0,0,0,0,0,8,528,5,45,0,0,0,0,0,0,0,0,0,0,0,0,0,0,0,0,0,0,0,0,0,0,223,16417,0,0,0,0
17741.479,16523,60,0,0,0,0,0,8,467,5,45,0,0,0,0,0,0,0,0,0,0,0,0,0,0,0,0,0,0,0,0,0,0,228,16880,0,0,0,0
17758.555,17075,58,0,0,0,0,0,8,493,5,45,0,0,0,0,0,0,0,0,0,0,0,0,0,0,0,0,0,0,0,0,0,0,230,16481,0,0,0,0
17775.047,16491,60,0,0,0,0,0,8,531,5,45,0,0,0,0,0,0,0,0,0,0,0,0,0,0,0,0,0,0,0,0,0,0,231,17159,0,0,0,0
17791.748,16701,59,0,0,0,0,0,8,471,5,45,0,0,0,0,0,0,0,0,0,0,0,0,0,0,0,0,0,0,0,0,0,0,215,16418,0,0,0,0
17808.557,16809,59,0,0,0,0,0,8,528,5,45,0,0,0,0,0,0,0,0,0,0,0,0,0,0,0,0,0,0,0,0,0,0,229,16829,0,0,0,0
17824.713,16155,61,0,0,0,0,0,8,480,5,45,0,0,0,0,0,0,0,0,0,0,0,0,0,0,0,0,0,0,0,0,0,0,251,16720,0,0,0,0
17841.480,16767,59,0,0,0,0,0,8,477,5,45,0,0,0,0,0,0,0,0,0,0,0,0,0,0,0,0,0,0,0,0,0,0,235,16129,0,0,0,0
17858.409,16928,59,0,0,0,0,0,8,529,5,45,0,0,0,0,0,0,0,0,0,0,0,0,0,0,0,0,0,0,0,0,0,0,234,16730,0,0,0,0
17875.074,16665,60,0,0,0,0,0,8,529,5,45,0,0,0,0,0,0,0,0,0,0,0,0,0,0,0,0,0,0,0,0,0,0,236,16992,0,0,0,0
17891.544,16470,60,0,0,0,0,0,8,461,5,45,0,0,0,0,0,0,0,0,0,0,0,0,0,0,0,0,0,0,0,0,0,0,239,16938,0,0,0,0
17908.433,16888,59,0,0,0,0,0,8,490,5,45,0,0,0,0,0,0,0,0,0,0,0,0,0,0,0,0,0,0,0,0,0,0,230,16524,0,0,0,0
17925.415,16982,58,0,0,0,0,0,8,497,5,45,0,0,0,0,0,0,0,0,0,0,0,0,0,0,0,0,0,0,0,0,0,0,227,16572,0,0,0,0
17941.475,16060,62,0,0,0,0,0,8,492,5,45,0,0,0,0,0,0,0,0,0,0,0,0,0,0,0,0,0,0,0,0,0,0,236,16963,0,0,0,0
17958.558,17082,58,0,0,0,0,0,8,545,5,45,0,0,0,0,0,0,0,0,0,0,0,0,0,0,0,0,0,0,0,0,0,0,236,16161,0,0,0,0
17974.722,16163,61,0,0,0,0,0,8,489,5,45,0,0,0,0,0,0,0,0,0,0,0,0,0,0,0,0,0,0,0,0,0,0,261,17021,0,0,0,0
17992.407,17685,56,0,0,0,0,0,8,467,5,45,0,0,0,0,0,0,0,0,0,0,0,0,0,0,0,0,0,0,0,0,0,0,219,16732,0,0,0,0
18008.541,16134,61,0,0,0,0,0,8,527,5,45,0,0,0,0,0,0,0,0,0,0,0,0,0,0,0,0,0,0,0,0,0,0,230,17102,0,0,0,0
18025.409,16867,59,0,0,0,0,0,8,497,5,45,0,0,0,0,0,0,0,0,0,0,0,0,0,0,0,0,0,0,0,0,0,0,230,16104,0,0,0,0
18042.406,16996,58,0,0,0,0,0,8,494,5,45,0,0,0,0,0,0,0,0,0,0,0,0,0,0,0,0,0,0,0,0,0,0,235,16952,0,0,0,0
18058.435,16029,62,0,0,0,0,0,8,524,5,45,0,0,0,0,0,0,0,0,0,0,0,0,0,0,0,0,0,0,0,0,0,0,239,17018,0,0,0,0
18074.758,16322,61,0,0,0,0,0,8,500,5,45,0,0,0,0,0,0,0,0,0,0,0,0,0,0,0,0,0,0,0,0,0,0,237,16371,0,0,0,0
18091.543,16784,59,0,0,0,0,0,8,468,5,45,0,0,0,0,0,0,0,0,0,0,0,0,0,0,0,0,0,0,0,0,0,0,236,15980,0,0,0,0
18108.286,16743,59,0,0,0,0,0,8,526,5,45,0,0,0,0,0,0,0,0,0,0,0,0,0,0,0,0,0,0,0,0,0,0,222,16644,0,0,0,0
18125.424,17137,58,0,0,0,0,0,8,506,5,45,0,0,0,0,0,0,0,0,0,0,0,0,0,0,0,0,0,0,0,0,0,0,230,16772,0,0,0,0
18141.337,15913,62,0,0,0,0,0,8,485,5,45,0,0,0,0,0,0,0,0,0,0,0,0,0,0,0,0,0,0,0,0,0,0,234,17210,0,0,0,0
18158.358,17020,58,0,0,0,0,0,8,499,5,45,0,0,0,0,0,0,0,0,0,0,0,0,0,0,0,0,0,0,0,0,0,0,199,15829,0,0,0,0
18174.836,16478,60,0,0,0,0,0,8,525,5,45,0,0,0,0,0,0,0,0,0,0,0,0,0,0,0,0,0,0,0,0,0,0,260,17052,0,0,0,0
18192.408,17571,56,0,0,0,0,0,8,467,5,45,0,0,0,0,0,0,0,0,0,0,0,0,0,0,0,0,0,0,0,0,0,0,227,16492,0,0,0,0
18208.543,16135,61,0,0,0,0,0,8,527,5,45,0,0,0,0,0,0,0,0,0,0,0,0,0,0,0,0,0,0,0,0,0,0,224,17550,0,0,0,0
18225.406,16862,59,0,0,0,0,0,8,501,5,45,0,0,0,0,0,0,0,0,0,0,0,0,0,0,0,0,0,0,0,0,0,0,203,16105,0,0,0,0
18241.370,15964,62,0,0,0,0,0,8,463,5,45,0,0,0,0,0,0,0,0,0,0,0,0,0,0,0,0,0,0,0,0,0,0,239,16919,0,0,0,0
18258.546,17176,58,0,0,0,0,0,8,530,5,45,0,0,0,0,0,0,0,0,0,0,0,0,0,0,0,0,0,0,0,0,0,0,248,15927,0,0,0,0
18274.827,16280,61,0,0,0,0,0,8,525,5,45,0,0,0,0,0,0,0,0,0,0,0,0,0,0,0,0,0,0,0,0,0,0,235,17202,0,0,0,0
18291.755,16927,59,0,0,0,0,0,8,468,5,45,0,0,0,0,0,0,0,0,0,0,0,0,0,0,0,0,0,0,0,0,0,0,224,16262,0,0,0,0
18308.094,16339,61,0,0,0,0,0,8,494,5,45,0,0,0,0,0,0,0,0,0,0,0,0,0,0,0,0,0,0,0,0,0,0,217,16887,0,0,0,0
18324.663,16568,60,0,0,0,0,0,8,495,5,45,0,0,0,0,0,0,0,0,0,0,0,0,0,0,0,0,0,0,0,0,0,0,229,16292,0,0,0,0
18342.014,17351,57,0,0,0,0,0,8,501,5,45,0,0,0,0,0,0,0,0,0,0,0,0,0,0,0,0,0,0,0,0,0,0,245,17354,0,0,0,0
18358.409,16395,60,0,0,0,0,0,8,530,5,45,0,0,0,0,0,0,0,0,0,0,0,0,0,0,0,0,0,0,0,0,0,0,220,16573,0,0,0,0
18374.638,16229,61,0,0,0,0,0,8,497,5,45,0,0,0,0,0,0,0,0,0,0,0,0,0,0,0,0,0,0,0,0,0,0,245,16553,0,0,0,0
18392.407,17768,56,0,0,0,0,0,8,462,5,45,0,0,0,0,0,0,0,0,0,0,0,0,0,0,0,0,0,0,0,0,0,0,259,16902,0,0,0,0
18408.411,16003,62,0,0,0,0,0,8,525,5,45,0,0,0,0,0,0,0,0,0,0,0,0,0,0,0,0,0,0,0,0,0,0,242,17049,0,0,0,0
18424.951,16540,60,0,0,0,0,0,8,524,5,45,0,0,0,0,0,0,0,0,0,0,0,0,0,0,0,0,0,0,0,0,0,0,220,15951,0,0,0,0
18442.415,17463,57,0,0,0,0,0,8,465,5,45,0,0,0,0,0,0,0,0,0,0,0,0,0,0,0,0,0,0,0,0,0,0,242,16601,0,0,0,0
18458.550,16135,61,0,0,0,0,0,8,526,5,45,0,0,0,0,0,0,0,0,0,0,0,0,0,0,0,0,0,0,0,0,0,0,231,17473,0,0,0,0
18475.405,16854,59,0,0,0,0,0,8,459,5,45,0,0,0,0,0,0,0,0,0,0,0,0,0,0,0,0,0,0,0,0,0,0,224,16068,0,0,0,0
18491.544,16139,61,0,0,0,0,0,8,498,5,45,0,0,0,0,0,0,0,0,0,0,0,0,0,0,0,0,0,0,0,0,0,0,231,16927,0,0,0,0
18508.119,16574,60,0,0,0,0,0,8,524,5,45,0,0,0,0,0,0,0,0,0,0,0,0,0,0,0,0,0,0,0,0,0,0,219,16047,0,0,0,0
18525.152,17033,58,0,0,0,0,0,8,498,5,45,0,0,0,0,0,0,0,0,0,0,0,0,0,0,0,0,0,0,0,0,0,0,243,16577,0,0,0,0
18541.816,16663,60,0,0,0,0,0,8,501,5,45,0,0,0,0,0,0,0,0,0,0,0,0,0,0,0,0,0,0,0,0,0,0,254,17279,0,0,0,0
18558.135,16319,61,0,0,0,0,0,8,494,5,45,0,0,0,0,0,0,0,0,0,0,0,0,0,0,0,0,0,0,0,0,0,0,209,16458,0,0,0,0
18575.421,17285,57,0,0,0,0,0,8,529,5,45,0,0,0,0,0,0,0,0,0,0,0,0,0,0,0,0,0,0,0,0,0,0,226,16285,0,0,0,0
18591.560,16139,61,0,0,0,0,0,8,460,5,45,0,0,0,0,0,0,0,0,0,0,0,0,0,0,0,0,0,0,0,0,0,0,227,17284,0,0,0,0
18607.952,16391,61,0,0,0,0,0,8,525,5,45,0,0,0,0,0,0,0,0,0,0,0,0,0,0,0,0,0,0,0,0,0,0,236,16103,0,0,0,0
18624.938,16985,58,0,0,0,0,0,8,481,5,45,0,0,0,0,0,0,0,0,0,0,0,0,0,0,0,0,0,0,0,0,0,0,230,16429,0,0,0,0
18641.417,16479,60,0,0,0,0,0,8,481,5,45,0,0,0,0,0,0,0,0,0,0,0,0,0,0,0,0,0,0,0,0,0,0,234,16966,0,0,0,0
18658.551,17123,58,0,0,0,0,0,8,529,5,45,0,0,0,0,0,0,0,0,0,0,0,0,0,0,0,0,0,0,0,0,0,0,243,16522,0,0,0,0
18675.268,16727,59,0,0,0,0,0,8,525,5,45,0,0,0,0,0,0,0,0,0,0,0,0,0,0,0,0,0,0,0,0,0,0,228,17115,0,0,0,0
18691.542,16274,61,0,0,0,0,0,8,465,5,45,0,0,0,0,0,0,0,0,0,0,0,0,0,0,0,0,0,0,0,0,0,0,230,16798,0,0,0,0
18707.956,16413,60,0,0,0,0,0,8,493,5,45,0,0,0,0,0,0,0,0,0,0,0,0,0,0,0,0,0,0,0,0,0,0,227,16202,0,0,0,0
18724.930,16974,58,0,0,0,0,0,8,496,5,45,0,0,0,0,0,0,0,0,0,0,0,0,0,0,0,0,0,0,0,0,0,0,231,16401,0,0,0,0
18741.779,16849,59,0,0,0,0,0,8,497,5,45,0,0,0,0,0,0,0,0,0,0,0,0,0,0,0,0,0,0,0,0,0,0,222,17048,0,0,0,0
18758.476,16696,59,0,0,0,0,0,8,525,5,45,0,0,0,0,0,0,0,0,0,0,0,0,0,0,0,0,0,0,0,0,0,0,262,16783,0,0,0,0
18775.405,16928,59,0,0,0,0,0,8,496,5,45,0,0,0,0,0,0,0,0,0,0,0,0,0,0,0,0,0,0,0,0,0,0,253,16714,0,0,0,0
18791.588,16183,61,0,0,0,0,0,8,460,5,45,0,0,0,0,0,0,0,0,0,0,0,0,0,0,0,0,0,0,0,0,0,0,224,16984,0,0,0,0
18807.951,16363,61,0,0,0,0,0,8,525,5,45,0,0,0,0,0,0,0,0,0,0,0,0,0,0,0,0,0,0,0,0,0,0,234,16117,0,0,0,0
18825.403,17451,57,0,0,0,0,0,8,531,5,45,0,0,0,0,0,0,0,0,0,0,0,0,0,0,0,0,0,0,0,0,0,0,237,16351,0,0,0,0
18841.929,16526,60,0,0,0,0,0,8,460,5,45,0,0,0,0,0,0,0,0,0,0,0,0,0,0,0,0,0,0,0,0,0,0,243,17463,0,0,0,0
18858.542,16613,60,0,0,0,0,0,8,527,5,45,0,0,0,0,0,0,0,0,0,0,0,0,0,0,0,0,0,0,0,0,0,0,226,16502,0,0,0,0
18875.407,16864,59,0,0,0,0,0,8,466,5,45,0,0,0,0,0,0,0,0,0,0,0,0,0,0,0,0,0,0,0,0,0,0,224,16975,0,0,0,0
18891.630,16223,61,0,0,0,0,0,8,496,5,45,0,0,0,0,0,0,0,0,0,0,0,0,0,0,0,0,0,0,0,0,0,0,236,16585,0,0,0,0
18908.110,16479,60,0,0,0,0,0,8,524,5,45,0,0,0,0,0,0,0,0,0,0,0,0,0,0,0,0,0,0,0,0,0,0,264,16218,0,0,0,0
18924.968,16858,59,0,0,0,0,0,8,531,5,45,0,0,0,0,0,0,0,0,0,0,0,0,0,0,0,0,0,0,0,0,0,0,239,16655,0,0,0,0
18941.937,16968,58,0,0,0,0,0,8,464,5,45,0,0,0,0,0,0,0,0,0,0,0,0,0,0,0,0,0,0,0,0,0,0,235,16656,0,0,0,0
18958.553,16616,60,0,0,0,0,0,8,493,5,45,0,0,0,0,0,0,0,0,0,0,0,0,0,0,0,0,0,0,0,0,0,0,254,16962,0,0,0,0
18975.398,16845,59,0,0,0,0,0,8,493,5,45,0,0,0,0,0,0,0,0,0,0,0,0,0,0,0,0,0,0,0,0,0,0,233,16604,0,0,0,0
18991.684,16285,61,0,0,0,0,0,8,499,5,45,0,0,0,0,0,0,0,0,0,0,0,0,0,0,0,0,0,0,0,0,0,0,225,16903,0,0,0,0
19008.183,16498,60,0,0,0,0,0,8,525,5,45,0,0,0,0,0,0,0,0,0,0,0,0,0,0,0,0,0,0,0,0,0,0,238,16218,0,0,0,0
19024.417,16234,61,0,0,0,0,0,8,466,5,45,0,0,0,0,0,0,0,0,0,0,0,0,0,0,0,0,0,0,0,0,0,0,245,16468,0,0,0,0
19042.416,17999,55,0,0,0,0,0,8,498,5,45,0,0,0,0,0,0,0,0,0,0,0,0,0,0,0,0,0,0,0,0,0,0,219,16270,0,0,0,0
19058.540,16124,62,0,0,0,0,0,8,527,5,45,0,0,0,0,0,0,0,0,0,0,0,0,0,0,0,0,0,0,0,0,0,0,229,18074,0,0,0,0
19074.990,16449,60,0,0,0,0,0,8,525,5,45,0,0,0,0,0,0,0,0,0,0,0,0,0,0,0,0,0,0,0,0,0,0,216,16025,0,0,0,0
19092.409,17419,57,0,0,0,0,0,8,466,5,45,0,0,0,0,0,0,0,0,0,0,0,0,0,0,0,0,0,0,0,0,0,0,224,16455,0,0,0,0
19108.446,16036,62,0,0,0,0,0,8,493,5,45,0,0,0,0,0,0,0,0,0,0,0,0,0,0,0,0,0,0,0,0,0,0,248,17600,0,0,0,0
19125.112,16665,60,0,0,0,0,0,8,526,5,45,0,0,0,0,0,0,0,0,0,0,0,0,0,0,0,0,0,0,0,0,0,0,230,15888,0,0,0,0
19141.407,16295,61,0,0,0,0,0,8,457,5,45,0,0,0,0,0,0,0,0,0,0,0,0,0,0,0,0,0,0,0,0,0,0,228,16870,0,0,0,0
19157.964,16557,60,0,0,0,0,0,8,522,5,45,0,0,0,0,0,0,0,0,0,0,0,0,0,0,0,0,0,0,0,0,0,0,242,16103,0,0,0,0
19175.413,17449,57,0,0,0,0,0,8,503,5,45,0,0,0,0,0,0,0,0,0,0,0,0,0,0,0,0,0,0,0,0,0,0,226,16427,0,0,0,0
19191.537,16123,62,0,0,0,0,0,8,463,5,45,0,0,0,0,0,0,0,0,0,0,0,0,0,0,0,0,0,0,0,0,0,0,250,17612,0,0,0,0
19208.468,16931,59,0,0,0,0,0,8,525,5,45,0,0,0,0,0,0,0,0,0,0,0,0,0,0,0,0,0,0,0,0,0,0,229,16044,0,0,0,0
19224.851,16382,61,0,0,0,0,0,8,503,5,45,0,0,0,0,0,0,0,0,0,0,0,0,0,0,0,0,0,0,0,0,0,0,232,16929,0,0,0,0
19241.464,16613,60,0,0,0,0,0,8,487,5,45,0,0,0,0,0,0,0,0,0,0,0,0,0,0,0,0,0,0,0,0,0,0,230,16872,0,0,0,0
19258.397,16932,59,0,0,0,0,0,8,529,5,45,0,0,0,0,0,0,0,0,0,0,0,0,0,0,0,0,0,0,0,0,0,0,225,16085,0,0,0,0
19275.010,16613,60,0,0,0,0,0,8,497,5,45,0,0,0,0,0,0,0,0,0,0,0,0,0,0,0,0,0,0,0,0,0,0,241,16981,0,0,0,0
19292.420,17409,57,0,0,0,0,0,8,465,5,45,0,0,0,0,0,0,0,0,0,0,0,0,0,0,0,0,0,0,0,0,0,0,223,16924,0,0,0,0
19308.545,16114,62,0,0,0,0,0,8,525,5,45,0,0,0,0,0,0,0,0,0,0,0,0,0,0,0,0,0,0,0,0,0,0,216,17003,0,0,0,0
19324.913,16378,61,0,0,0,0,0,8,495,5,45,0,0,0,0,0,0,0,0,0,0,0,0,0,0,0,0,0,0,0,0,0,0,225,16229,0,0,0,0
19341.561,16648,60,0,0,0,0,0,8,503,5,45,0,0,0,0,0,0,0,0,0,0,0,0,0,0,0,0,0,0,0,0,0,0,230,16790,0,0,0,0
19358.547,16974,58,0,0,0,0,0,8,494,5,45,0,0,0,0,0,0,0,0,0,0,0,0,0,0,0,0,0,0,0,0,0,0,227,16249,0,0,0,0
19375.398,16862,59,0,0,0,0,0,8,490,5,45,0,0,0,0,0,0,0,0,0,0,0,0,0,0,0,0,0,0,0,0,0,0,230,16948,0,0,0,0
19391.945,16546,60,0,0,0,0,0,8,493,5,45,0,0,0,0,0,0,0,0,0,0,0,0,0,0,0,0,0,0,0,0,0,0,232,16918,0,0,0,0
19407.945,16000,62,0,0,0,0,0,8,525,5,45,0,0,0,0,0,0,0,0,0,0,0,0,0,0,0,0,0,0,0,0,0,0,232,16442,0,0,0,0
19425.044,17098,58,0,0,0,0,0,8,498,5,45,0,0,0,0,0,0,0,0,0,0,0,0,0,0,0,0,0,0,0,0,0,0,229,16018,0,0,0,0
19441.537,16493,60,0,0,0,0,0,8,466,5,45,0,0,0,0,0,0,0,0,0,0,0,0,0,0,0,0,0,0,0,0,0,0,237,17412,0,0,0,0
19457.939,16401,60,0,0,0,0,0,8,525,5,45,0,0,0,0,0,0,0,0,0,0,0,0,0,0,0,0,0,0,0,0,0,0,238,16202,0,0,0,0
19475.408,17469,57,0,0,0,0,0,8,503,5,45,0,0,0,0,0,0,0,0,0,0,0,0,0,0,0,0,0,0,0,0,0,0,212,16359,0,0,0,0
19492.411,17002,58,0,0,0,0,0,8,493,5,45,0,0,0,0,0,0,0,0,0,0,0,0,0,0,0,0,0,0,0,0,0,0,241,17515,0,0,0,0
19508.406,15995,62,0,0,0,0,0,8,496,5,45,0,0,0,0,0,0,0,0,0,0,0,0,0,0,0,0,0,0,0,0,0,0,233,17033,0,0,0,0
19525.414,17007,58,0,0,0,0,0,8,502,5,45,0,0,0,0,0,0,0,0,0,0,0,0,0,0,0,0,0,0,0,0,0,0,244,15987,0,0,0,0
19541.653,16239,61,0,0,0,0,0,8,484,5,45,0,0,0,0,0,0,0,0,0,0,0,0,0,0,0,0,0,0,0,0,0,0,235,17044,0,0,0,0
19558.065,16411,60,0,0,0,0,0,8,523,5,45,0,0,0,0,0,0,0,0,0,0,0,0,0,0,0,0,0,0,0,0,0,0,230,16174,0,0,0,0
19574.923,16857,59,0,0,0,0,0,8,497,5,45,0,0,0,0,0,0,0,0,0,0,0,0,0,0,0,0,0,0,0,0,0,0,239,16405,0,0,0,0
19591.597,16674,59,0,0,0,0,0,8,458,5,45,0,0,0,0,0,0,0,0,0,0,0,0,0,0,0,0,0,0,0,0,0,0,234,17282,0,0,0,0
19608.075,16477,60,0,0,0,0,0,8,521,5,45,0,0,0,0,0,0,0,0,0,0,0,0,0,0,0,0,0,0,0,0,0,0,225,16197,0,0,0,0
19624.941,16865,59,0,0,0,0,0,8,529,5,45,0,0,0,0,0,0,0,0,0,0,0,0,0,0,0,0,0,0,0,0,0,0,221,16507,0,0,0,0
19641.537,16596,60,0,0,0,0,0,8,466,5,45,0,0,0,0,0,0,0,0,0,0,0,0,0,0,0,0,0,0,0,0,0,0,242,16958,0,0,0,0
19657.936,16398,60,0,0,0,0,0,8,521,5,45,0,0,0,0,0,0,0,0,0,0,0,0,0,0,0,0,0,0,0,0,0,0,238,16517,0,0,0,0
19674.913,16977,58,0,0,0,0,0,8,464,5,45,0,0,0,0,0,0,0,0,0,0,0,0,0,0,0,0,0,0,0,0,0,0,225,16471,0,0,0,0
19691.786,16872,59,0,0,0,0,0,8,501,5,45,0,0,0,0,0,0,0,0,0,0,0,0,0,0,0,0,0,0,0,0,0,0,230,17344,0,0,0,0
19708.541,16744,59,0,0,0,0,0,8,530,5,45,0,0,0,0,0,0,0,0,0,0,0,0,0,0,0,0,0,0,0,0,0,0,236,16450,0,0,0,0
19724.946,16414,60,0,0,0,0,0,8,504,5,45,0,0,0,0,0,0,0,0,0,0,0,0,0,0,0,0,0,0,0,0,0,0,245,16780,0,0,0,0
19742.394,17448,57,0,0,0,0,0,8,484,5,45,0,0,0,0,0,0,0,0,0,0,0,0,0,0,0,0,0,0,0,0,0,0,222,16676,0,0,0,0
19759.395,17001,58,0,0,0,0,0,8,493,5,45,0,0,0,0,0,0,0,0,0,0,0,0,0,0,0,0,0,0,0,0,0,0,217,17232,0,0,0,0
19774.951,15555,64,0,0,0,0,0,8,524,5,45,0,0,0,0,0,0,0,0,0,0,0,0,0,0,0,0,0,0,0,0,0,0,236,16938,0,0,0,0
19791.917,16966,58,0,0,0,0,0,8,467,5,45,0,0,0,0,0,0,0,0,0,0,0,0,0,0,0,0,0,0,0,0,0,0,240,15942,0,0,0,0
19808.444,16526,60,0,0,0,0,0,8,527,5,45,0,0,0,0,0,0,0,0,0,0,0,0,0,0,0,0,0,0,0,0,0,0,218,16484,0,0,0,0
19824.938,16494,60,0,0,0,0,0,8,497,5,45,0,0,0,0,0,0,0,0,0,0,0,0,0,0,0,0,0,0,0,0,0,0,249,16583,0,0,0,0
19841.580,16641,60,0,0,0,0,0,8,469,5,45,0,0,0,0,0,0,0,0,0,0,0,0,0,0,0,0,0,0,0,0,0,0,231,16571,0,0,0,0
19858.442,16862,59,0,0,0,0,0,8,523,5,45,0,0,0,0,0,0,0,0,0,0,0,0,0,0,0,0,0,0,0,0,0,0,223,16575,0,0,0,0
19875.395,16953,58,0,0,0,0,0,8,499,5,45,0,0,0,0,0,0,0,0,0,0,0,0,0,0,0,0,0,0,0,0,0,0,234,16875,0,0,0,0
19892.405,17009,58,0,0,0,0,0,8,496,5,45,0,0,0,0,0,0,0,0,0,0,0,0,0,0,0,0,0,0,0,0,0,0,238,17024,0,0,0,0
19907.972,15567,64,0,0,0,0,0,8,487,5,45,0,0,0,0,0,0,0,0,0,0,0,0,0,0,0,0,0,0,0,0,0,0,213,16965,0,0,0,0
19925.016,17044,58,0,0,0,0,0,8,533,5,45,0,0,0,0,0,0,0,0,0,0,0,0,0,0,0,0,0,0,0,0,0,0,224,15505,0,0,0,0
19942.408,17392,57,0,0,0,0,0,8,466,5,45,0,0,0,0,0,0,0,0,0,0,0,0,0,0,0,0,0,0,0,0,0,0,263,17539,0,0,0,0
19958.112,15704,63,0,0,0,0,0,8,521,5,45,0,0,0,0,0,0,0,0,0,0,0,0,0,0,0,0,0,0,0,0,0,0,239,16940,0,0,0,0
19975.393,17280,57,0,0,0,0,0,8,490,5,45,0,0,0,0,0,0,0,0,0,0,0,0,0,0,0,0,0,0,0,0,0,0,216,15592,0,0,0,0
19992.405,17012,58,0,0,0,0,0,8,470,5,45,0,0,0,0,0,0,0,0,0,0,0,0,0,0,0,0,0,0,0,0,0,0,239,17458,0,0,0,0
20007.936,15531,64,0,0,0,0,0,8,516,5,45,0,0,0,0,0,0,0,0,0,0,0,0,0,0,0,0,0,0,0,0,0,0,274,17036,0,0,0,0
20025.390,17453,57,0,0,0,0,0,8,494,5,45,0,0,0,0,0,0,0,0,0,0,0,0,0,0,0,0,0,0,0,0,0,0,220,15414,0,0,0,0
20041.358,15967,62,0,0,0,0,0,8,496,5,45,0,0,0,0,0,0,0,0,0,0,0,0,0,0,0,0,0,0,0,0,0,0,242,17554,0,0,0,0
20058.529,17171,58,0,0,0,0,0,8,525,5,45,0,0,0,0,0,0,0,0,0,0,0,0,0,0,0,0,0,0,0,0,0,0,222,15803,0,0,0,0
20075.014,16485,60,0,0,0,0,0,8,500,5,45,0,0,0,0,0,0,0,0,0,0,0,0,0,0,0,0,0,0,0,0,0,0,230,17264,0,0,0,0
20091.528,16513,60,0,0,0,0,0,8,465,5,45,0,0,0,0,0,0,0,0,0,0,0,0,0,0,0,0,0,0,0,0,0,0,228,16780,0,0,0,0
20108.122,16594,60,0,0,0,0,0,8,526,5,45,0,0,0,0,0,0,0,0,0,0,0,0,0,0,0,0,0,0,0,0,0,0,234,16192,0,0,0,0
20125.393,17270,57,0,0,0,0,0,8,497,5,45,0,0,0,0,0,0,0,0,0,0,0,0,0,0,0,0,0,0,0,0,0,0,229,16585,0,0,0,0
20142.393,17000,58,0,0,0,0,0,8,500,5,45,0,0,0,0,0,0,0,0,0,0,0,0,0,0,0,0,0,0,0,0,0,0,237,17747,0,0,0,0
20158.109,15716,63,0,0,0,0,0,8,491,5,45,0,0,0,0,0,0,0,0,0,0,0,0,0,0,0,0,0,0,0,0,0,0,245,16606,0,0,0,0
20174.614,16504,60,0,0,0,0,0,8,529,5,45,0,0,0,0,0,0,0,0,0,0,0,0,0,0,0,0,0,0,0,0,0,0,235,15641,0,0,0,0
20191.531,16916,59,0,0,0,0,0,8,463,5,45,0,0,0,0,0,0,0,0,0,0,0,0,0,0,0,0,0,0,0,0,0,0,240,16741,0,0,0,0
20208.397,16866,59,0,0,0,0,0,8,528,5,45,0,0,0,0,0,0,0,0,0,0,0,0,0,0,0,0,0,0,0,0,0,0,230,16657,0,0,0,0
20224.940,16542,60,0,0,0,0,0,8,494,5,45,0,0,0,0,0,0,0,0,0,0,0,0,0,0,0,0,0,0,0,0,0,0,229,16970,0,0,0,0
20242.412,17472,57,0,0,0,0,0,8,467,5,45,0,0,0,0,0,0,0,0,0,0,0,0,0,0,0,0,0,0,0,0,0,0,238,16513,0,0,0,0
20258.110,15698,63,0,0,0,0,0,8,520,5,45,0,0,0,0,0,0,0,0,0,0,0,0,0,0,0,0,0,0,0,0,0,0,226,17419,0,0,0,0
20275.389,17278,57,0,0,0,0,0,8,499,5,45,0,0,0,0,0,0,0,0,0,0,0,0,0,0,0,0,0,0,0,0,0,0,242,15689,0,0,0,0
20291.534,16145,61,0,0,0,0,0,8,498,5,45,0,0,0,0,0,0,0,0,0,0,0,0,0,0,0,0,0,0,0,0,0,0,248,17379,0,0,0,0
20307.575,16041,62,0,0,0,0,0,8,492,5,45,0,0,0,0,0,0,0,0,0,0,0,0,0,0,0,0,0,0,0,0,0,0,248,16178,0,0,0,0
20325.088,17512,57,0,0,0,0,0,8,531,5,45,0,0,0,0,0,0,0,0,0,0,0,0,0,0,0,0,0,0,0,0,0,0,218,15916,0,0,0,0
20341.539,16451,60,0,0,0,0,0,8,466,5,45,0,0,0,0,0,0,0,0,0,0,0,0,0,0,0,0,0,0,0,0,0,0,250,17781,0,0,0,0
20357.936,16396,60,0,0,0,0,0,8,522,5,45,0,0,0,0,0,0,0,0,0,0,0,0,0,0,0,0,0,0,0,0,0,0,242,16163,0,0,0,0
20375.165,17222,58,0,0,0,0,0,8,533,5,45,0,0,0,0,0,0,0,0,0,0,0,0,0,0,0,0,0,0,0,0,0,0,244,16453,0,0,0,0
20392.405,17246,57,0,0,0,0,0,8,432,5,45,0,0,0,0,0,0,0,0,0,0,0,0,0,0,0,0,0,0,0,0,0,0,225,17196,0,0,0,0
20408.079,15674,63,0,0,0,0,0,8,521,5,45,0,0,0,0,0,0,0,0,0,0,0,0,0,0,0,0,0,0,0,0,0,0,221,17150,0,0,0,0
20424.940,16861,59,0,0,0,0,0,8,530,5,45,0,0,0,0,0,0,0,0,0,0,0,0,0,0,0,0,0,0,0,0,0,0,225,15745,0,0,0,0
20441.521,16580,60,0,0,0,0,0,8,463,5,45,0,0,0,0,0,0,0,0,0,0,0,0,0,0,0,0,0,0,0,0,0,0,232,16934,0,0,0,0
20458.077,16556,60,0,0,0,0,0,8,522,5,45,0,0,0,0,0,0,0,0,0,0,0,0,0,0,0,0,0,0,0,0,0,0,233,16512,0,0,0,0
20474.657,16580,60,0,0,0,0,0,8,471,5,45,0,0,0,0,0,0,0,0,0,0,0,0,0,0,0,0,0,0,0,0,0,0,227,16527,0,0,0,0
20492.400,17742,56,0,0,0,0,0,8,496,5,45,0,0,0,0,0,0,0,0,0,0,0,0,0,0,0,0,0,0,0,0,0,0,236,17302,0,0,0,0
20508.430,16030,62,0,0,0,0,0,8,521,5,45,0,0,0,0,0,0,0,0,0,0,0,0,0,0,0,0,0,0,0,0,0,0,228,17077,0,0,0,0
20525.906,17475,57,0,0,0,0,0,8,529,5,45,0,0,0,0,0,0,0,0,0,0,0,0,0,0,0,0,0,0,0,0,0,0,221,15995,0,0,0,0
20541.484,15578,64,0,0,0,0,0,8,463,5,45,0,0,0,0,0,0,0,0,0,0,0,0,0,0,0,0,0,0,0,0,0,0,243,17614,0,0,0,0
20557.928,16443,60,0,0,0,0,0,8,488,5,45,0,0,0,0,0,0,0,0,0,0,0,0,0,0,0,0,0,0,0,0,0,0,239,15489,0,0,0,0
20574.987,17059,58,0,0,0,0,0,8,526,5,45,0,0,0,0,0,0,0,0,0,0,0,0,0,0,0,0,0,0,0,0,0,0,221,16400,0,0,0,0
20591.638,16651,60,0,0,0,0,0,8,462,5,45,0,0,0,0,0,0,0,0,0,0,0,0,0,0,0,0,0,0,0,0,0,0,230,17065,0,0,0,0
20608.400,16747,59,0,0,0,0,0,8,529,5,45,0,0,0,0,0,0,0,0,0,0,0,0,0,0,0,0,0,0,0,0,0,0,237,16670,0,0,0,0
20625.008,16621,60,0,0,0,0,0,8,491,5,45,0,0,0,0,0,0,0,0,0,0,0,0,0,0,0,0,0,0,0,0,0,0,232,16750,0,0,0,0
20641.606,16598,60,0,0,0,0,0,8,465,5,45,0,0,0,0,0,0,0,0,0,0,0,0,0,0,0,0,0,0,0,0,0,0,234,16937,0,0,0,0
20658.064,16457,60,0,0,0,0,0,8,520,5,45,0,0,0,0,0,0,0,0,0,0,0,0,0,0,0,0,0,0,0,0,0,0,218,16262,0,0,0,0
20674.937,16873,59,0,0,0,0,0,8,529,5,45,0,0,0,0,0,0,0,0,0,0,0,0,0,0,0,0,0,0,0,0,0,0,237,16451,0,0,0,0
20692.387,17450,57,0,0,0,0,0,8,467,5,45,0,0,0,0,0,0,0,0,0,0,0,0,0,0,0,0,0,0,0,0,0,0,236,16935,0,0,0,0
20707.936,15548,64,0,0,0,0,0,8,489,5,45,0,0,0,0,0,0,0,0,0,0,0,0,0,0,0,0,0,0,0,0,0,0,236,17523,0,0,0,0
20725.395,17459,57,0,0,0,0,0,8,507,5,45,0,0,0,0,0,0,0,0,0,0,0,0,0,0,0,0,0,0,0,0,0,0,222,15419,0,0,0,0
20742.386,16990,58,0,0,0,0,0,8,496,5,45,0,0,0,0,0,0,0,0,0,0,0,0,0,0,0,0,0,0,0,0,0,0,239,17534,0,0,0,0
20758.534,16148,61,0,0,0,0,0,8,525,5,45,0,0,0,0,0,0,0,0,0,0,0,0,0,0,0,0,0,0,0,0,0,0,230,16982,0,0,0,0
20775.393,16859,59,0,0,0,0,0,8,528,5,45,0,0,0,0,0,0,0,0,0,0,0,0,0,0,0,0,0,0,0,0,0,0,221,16013,0,0,0,0
20791.905,16511,60,0,0,0,0,0,8,436,5,45,0,0,0,0,0,0,0,0,0,0,0,0,0,0,0,0,0,0,0,0,0,0,229,16913,0,0,0,0
20808.537,16620,60,0,0,0,0,0,8,529,5,45,0,0,0,0,0,0,0,0,0,0,0,0,0,0,0,0,0,0,0,0,0,0,242,16549,0,0,0,0
20825.073,16548,60,0,0,0,0,0,8,524,5,45,0,0,0,0,0,0,0,0,0,0,0,0,0,0,0,0,0,0,0,0,0,0,241,16625,0,0,0,0
20842.384,17310,57,0,0,0,0,0,8,466,5,45,0,0,0,0,0,0,0,0,0,0,0,0,0,0,0,0,0,0,0,0,0,0,233,16794,0,0,0,0
20858.388,16004,62,0,0,0,0,0,8,522,5,45,0,0,0,0,0,0,0,0,0,0,0,0,0,0,0,0,0,0,0,0,0,0,236,17084,0,0,0,0
20875.109,16721,59,0,0,0,0,0,8,495,5,45,0,0,0,0,0,0,0,0,0,0,0,0,0,0,0,0,0,0,0,0,0,0,215,15959,0,0,0,0
20891.521,16412,60,0,0,0,0,0,8,461,5,45,0,0,0,0,0,0,0,0,0,0,0,0,0,0,0,0,0,0,0,0,0,0,232,16929,0,0,0,0
20908.448,16926,59,0,0,0,0,0,8,525,5,45,0,0,0,0,0,0,0,0,0,0,0,0,0,0,0,0,0,0,0,0,0,0,239,16258,0,0,0,0
20924.903,16454,60,0,0,0,0,0,8,489,5,45,0,0,0,0,0,0,0,0,0,0,0,0,0,0,0,0,0,0,0,0,0,0,230,16900,0,0,0,0
20941.467,16564,60,0,0,0,0,0,8,500,5,45,0,0,0,0,0,0,0,0,0,0,0,0,0,0,0,0,0,0,0,0,0,0,227,16856,0,0,0,0
20958.541,17073,58,0,0,0,0,0,8,498,5,45,0,0,0,0,0,0,0,0,0,0,0,0,0,0,0,0,0,0,0,0,0,0,233,16100,0,0,0,0
20974.756,16215,61,0,0,0,0,0,8,491,5,45,0,0,0,0,0,0,0,0,0,0,0,0,0,0,0,0,0,0,0,0,0,0,248,17034,0,0,0,0
20991.427,16670,59,0,0,0,0,0,8,494,5,45,0,0,0,0,0,0,0,0,0,0,0,0,0,0,0,0,0,0,0,0,0,0,233,16865,0,0,0,0
21007.955,16527,60,0,0,0,0,0,8,525,5,45,0,0,0,0,0,0,0,0,0,0,0,0,0,0,0,0,0,0,0,0,0,0,213,16055,0,0,0,0
21024.964,17009,58,0,0,0,0,0,8,497,5,45,0,0,0,0,0,0,0,0,0,0,0,0,0,0,0,0,0,0,0,0,0,0,233,16535,0,0,0,0
21041.737,16772,59,0,0,0,0,0,8,466,5,45,0,0,0,0,0,0,0,0,0,0,0,0,0,0,0,0,0,0,0,0,0,0,227,17051,0,0,0,0
21057.929,16192,61,0,0,0,0,0,8,527,5,45,0,0,0,0,0,0,0,0,0,0,0,0,0,0,0,0,0,0,0,0,0,0,232,16743,0,0,0,0
21074.908,16978,58,0,0,0,0,0,8,494,5,45,0,0,0,0,0,0,0,0,0,0,0,0,0,0,0,0,0,0,0,0,0,0,235,16201,0,0,0,0
21092.381,17473,57,0,0,0,0,0,8,500,5,45,0,0,0,0,0,0,0,0,0,0,0,0,0,0,0,0,0,0,0,0,0,0,232,16973,0,0,0,0
21108.535,16154,61,0,0,0,0,0,8,499,5,45,0,0,0,0,0,0,0,0,0,0,0,0,0,0,0,0,0,0,0,0,0,0,221,17574,0,0,0,0
21125.395,16859,59,0,0,0,0,0,8,506,5,45,0,0,0,0,0,0,0,0,0,0,0,0,0,0,0,0,0,0,0,0,0,0,237,15998,0,0,0,0
21141.965,16570,60,0,0,0,0,0,8,484,5,45,0,0,0,0,0,0,0,0,0,0,0,0,0,0,0,0,0,0,0,0,0,0,214,16990,0,0,0,0
21158.552,16586,60,0,0,0,0,0,8,529,5,45,0,0,0,0,0,0,0,0,0,0,0,0,0,0,0,0,0,0,0,0,0,0,250,16521,0,0,0,0
21174.442,15890,62,0,0,0,0,0,8,503,5,45,0,0,0,0,0,0,0,0,0,0,0,0,0,0,0,0,0,0,0,0,0,0,222,16480,0,0,0,0
21192.395,17941,55,0,0,0,0,0,8,457,5,45,0,0,0,0,0,0,0,0,0,0,0,0,0,0,0,0,0,0,0,0,0,0,211,15898,0,0,0,0
21208.175,15790,63,0,0,0,0,0,8,522,5,45,0,0,0,0,0,0,0,0,0,0,0,0,0,0,0,0,0,0,0,0,0,0,238,18055,0,0,0,0
21224.974,16799,59,0,0,0,0,0,8,524,5,45,0,0,0,0,0,0,0,0,0,0,0,0,0,0,0,0,0,0,0,0,0,0,206,15624,0,0,0,0
21241.297,16323,61,0,0,0,0,0,8,458,5,45,0,0,0,0,0,0,0,0,0,0,0,0,0,0,0,0,0,0,0,0,0,0,220,17277,0,0,0,0
21258.433,17135,58,0,0,0,0,0,8,524,5,45,0,0,0,0,0,0,0,0,0,0,0,0,0,0,0,0,0,0,0,0,0,0,214,15918,0,0,0,0
21275.083,16649,60,0,0,0,0,0,8,501,5,45,0,0,0,0,0,0,0,0,0,0,0,0,0,0,0,0,0,0,0,0,0,0,238,17235,0,0,0,0
21291.518,16435,60,0,0,0,0,0,8,466,5,45,0,0,0,0,0,0,0,0,0,0,0,0,0,0,0,0,0,0,0,0,0,0,227,16862,0,0,0,0
21308.383,16864,59,0,0,0,0,0,8,524,5,45,0,0,0,0,0,0,0,0,0,0,0,0,0,0,0,0,0,0,0,0,0,0,217,16188,0,0,0,0
21324.766,16382,61,0,0,0,0,0,8,498,5,45,0,0,0,0,0,0,0,0,0,0,0,0,0,0,0,0,0,0,0,0,0,0,239,16875,0,0,0,0
21341.430,16663,60,0,0,0,0,0,8,488,5,45,0,0,0,0,0,0,0,0,0,0,0,0,0,0,0,0,0,0,0,0,0,0,236,16928,0,0,0,0
21358.432,17002,58,0,0,0,0,0,8,491,5,45,0,0,0,0,0,0,0,0,0,0,0,0,0,0,0,0,0,0,0,0,0,0,225,16105,0,0,0,0
21374.717,16284,61,0,0,0,0,0,8,507,5,45,0,0,0,0,0,0,0,0,0,0,0,0,0,0,0,0,0,0,0,0,0,0,226,17036,0,0,0,0
21391.743,17025,58,0,0,0,0,0,8,489,5,45,0,0,0,0,0,0,0,0,0,0,0,0,0,0,0,0,0,0,0,0,0,0,232,16868,0,0,0,0
21408.524,16781,59,0,0,0,0,0,8,534,5,45,0,0,0,0,0,0,0,0,0,0,0,0,0,0,0,0,0,0,0,0,0,0,260,16404,0,0,0,0
21424.784,16260,61,0,0,0,0,0,8,494,5,45,0,0,0,0,0,0,0,0,0,0,0,0,0,0,0,0,0,0,0,0,0,0,244,16809,0,0,0,0
21441.928,17144,58,0,0,0,0,0,8,469,5,45,0,0,0,0,0,0,0,0,0,0,0,0,0,0,0,0,0,0,0,0,0,0,235,16288,0,0,0,0
21458.540,16612,60,0,0,0,0,0,8,523,5,45,0,0,0,0,0,0,0,0,0,0,0,0,0,0,0,0,0,0,0,0,0,0,244,17524,0,0,0,0
21474.993,16453,60,0,0,0,0,0,8,530,5,45,0,0,0,0,0,0,0,0,0,0,0,0,0,0,0,0,0,0,0,0,0,0,213,16058,0,0,0,0
21491.380,16386,61,0,0,0,0,0,8,460,5,45,0,0,0,0,0,0,0,0,0,0,0,0,0,0,0,0,0,0,0,0,0,0,232,16533,0,0,0,0
21508.514,17134,58,0,0,0,0,0,8,490,5,45,0,0,0,0,0,0,0,0,0,0,0,0,0,0,0,0,0,0,0,0,0,0,234,16431,0,0,0,0
21525.900,17385,57,0,0,0,0,0,8,534,5,45,0,0,0,0,0,0,0,0,0,0,0,0,0,0,0,0,0,0,0,0,0,0,234,17153,0,0,0,0
21541.465,15565,64,0,0,0,0,0,8,462,5,45,0,0,0,0,0,0,0,0,0,0,0,0,0,0,0,0,0,0,0,0,0,0,236,17450,0,0,0,0
21558.463,16998,58,0,0,0,0,0,8,525,5,45,0,0,0,0,0,0,0,0,0,0,0,0,0,0,0,0,0,0,0,0,0,0,228,15766,0,0,0,0
21575.087,16623,60,0,0,0,0,0,8,529,5,45,0,0,0,0,0,0,0,0,0,0,0,0,0,0,0,0,0,0,0,0,0,0,232,16741,0,0,0,0
21592.380,17293,57,0,0,0,0,0,8,435,5,45,0,0,0,0,0,0,0,0,0,0,0,0,0,0,0,0,0,0,0,0,0,0,223,16821,0,0,0,0
21608.385,16005,62,0,0,0,0,0,8,525,5,45,0,0,0,0,0,0,0,0,0,0,0,0,0,0,0,0,0,0,0,0,0,0,232,17158,0,0,0,0
21625.034,16649,60,0,0,0,0,0,8,528,5,45,0,0,0,0,0,0,0,0,0,0,0,0,0,0,0,0,0,0,0,0,0,0,236,15901,0,0,0,0
21641.455,16420,60,0,0,0,0,0,8,457,5,45,0,0,0,0,0,0,0,0,0,0,0,0,0,0,0,0,0,0,0,0,0,0,244,16951,0,0,0,0
21658.434,16978,58,0,0,0,0,0,8,529,5,45,0,0,0,0,0,0,0,0,0,0,0,0,0,0,0,0,0,0,0,0,0,0,226,16499,0,0,0,0
21674.425,15991,62,0,0,0,0,0,8,468,5,45,0,0,0,0,0,0,0,0,0,0,0,0,0,0,0,0,0,0,0,0,0,0,226,16603,0,0,0,0
21691.920,17494,57,0,0,0,0,0,8,488,5,45,0,0,0,0,0,0,0,0,0,0,0,0,0,0,0,0,0,0,0,0,0,0,237,16030,0,0,0,0
21708.094,16174,61,0,0,0,0,0,8,524,5,45,0,0,0,0,0,0,0,0,0,0,0,0,0,0,0,0,0,0,0,0,0,0,222,17348,0,0,0,0
21724.898,16803,59,0,0,0,0,0,8,501,5,45,0,0,0,0,0,0,0,0,0,0,0,0,0,0,0,0,0,0,0,0,0,0,225,16250,0,0,0,0
21741.900,17002,58,0,0,0,0,0,8,493,5,45,0,0,0,0,0,0,0,0,0,0,0,0,0,0,0,0,0,0,0,0,0,0,232,17235,0,0,0,0
21758.468,16567,60,0,0,0,0,0,8,500,5,45,0,0,0,0,0,0,0,0,0,0,0,0,0,0,0,0,0,0,0,0,0,0,220,16526,0,0,0,0
21775.025,16557,60,0,0,0,0,0,8,529,5,45,0,0,0,0,0,0,0,0,0,0,0,0,0,0,0,0,0,0,0,0,0,0,221,16634,0,0,0,0
21791.971,16946,59,0,0,0,0,0,8,464,5,45,0,0,0,0,0,0,0,0,0,0,0,0,0,0,0,0,0,0,0,0,0,0,219,16542,0,0,0,0
21808.449,16466,60,0,0,0,0,0,8,527,5,45,0,0,0,0,0,0,0,0,0,0,0,0,0,0,0,0,0,0,0,0,0,0,212,16833,0,0,0,0
21824.758,16319,61,0,0,0,0,0,8,489,5,45,0,0,0,0,0,0,0,0,0,0,0,0,0,0,0,0,0,0,0,0,0,0,231,16614,0,0,0,0
21841.687,16929,59,0,0,0,0,0,8,475,5,45,0,0,0,0,0,0,0,0,0,0,0,0,0,0,0,0,0,0,0,0,0,0,225,16308,0,0,0,0
21858.374,16687,59,0,0,0,0,0,8,525,5,45,0,0,0,0,0,0,0,0,0,0,0,0,0,0,0,0,0,0,0,0,0,0,230,16921,0,0,0,0
21875.094,16719,59,0,0,0,0,0,8,528,5,45,0,0,0,0,0,0,0,0,0,0,0,0,0,0,0,0,0,0,0,0,0,0,222,16683,0,0,0,0
21891.679,16585,60,0,0,0,0,0,8,463,5,45,0,0,0,0,0,0,0,0,0,0,0,0,0,0,0,0,0,0,0,0,0,0,240,16952,0,0,0,0
21908.027,16348,61,0,0,0,0,0,8,494,5,45,0,0,0,0,0,0,0,0,0,0,0,0,0,0,0,0,0,0,0,0,0,0,222,16287,0,0,0,0
21924.642,16614,60,0,0,0,0,0,8,489,5,45,0,0,0,0,0,0,0,0,0,0,0,0,0,0,0,0,0,0,0,0,0,0,223,16296,0,0,0,0
21941.589,16946,59,0,0,0,0,0,8,500,5,45,0,0,0,0,0,0,0,0,0,0,0,0,0,0,0,0,0,0,0,0,0,0,256,17488,0,0,0,0
21957.970,16381,61,0,0,0,0,0,8,2733,5,45,0,0,0,0,0,0,0,0,0,0,0,0,0,0,0,0,0,0,0,0,0,0,540,25657,0,0,0,0
21974.995,17024,58,0,0,0,0,0,8,2412,5,45,0,0,0,0,0,0,0,0,0,0,0,0,0,0,0,0,0,0,0,0,0,0,196,16438,0,0,0,0
21991.918,16922,59,0,0,0,0,0,8,774,5,45,0,0,0,0,0,0,0,0,0,0,0,0,0,0,0,0,0,0,0,0,0,0,181,8697,0,0,0,0
22008.511,16593,60,0,0,0,0,0,8,3158,5,45,0,0,0,0,0,0,0,0,0,0,0,0,0,0,0,0,0,0,0,0,0,0,235,20100,0,0,0,0
22025.373,16861,59,0,0,0,0,0,8,614,5,45,0,0,0,0,0,0,0,0,0,0,0,0,0,0,0,0,0,0,0,0,0,0,215,12448,0,0,0,0
22041.598,16225,61,0,0,0,0,0,8,644,5,45,0,0,0,0,0,0,0,0,0,0,0,0,0,0,0,0,0,0,0,0,0,0,235,16869,0,0,0,0
22057.924,16325,61,0,0,0,0,0,8,729,5,45,0,0,0,0,0,0,0,0,0,0,0,0,0,0,0,0,0,0,0,0,0,0,245,16491,0,0,0,0
22075.374,17449,57,0,0,0,0,0,8,738,5,45,0,0,0,0,0,0,0,0,0,0,0,0,0,0,0,0,0,0,0,0,0,0,1538,17211,0,0,0,0
22091.599,16224,61,0,0,0,0,0,8,711,5,45,0,0,0,0,0,0,0,0,0,0,0,0,0,0,0,0,0,0,0,0,0,0,226,16552,0,0,0,0
22108.102,16503,60,0,0,0,0,0,8,644,5,45,0,0,0,0,0,0,0,0,0,0,0,0,0,0,0,0,0,0,0,0,0,0,224,15850,0,0,0,0
22124.903,16801,59,0,0,0,0,0,8,604,5,45,0,0,0,0,0,0,0,0,0,0,0,0,0,0,0,0,0,0,0,0,0,0,234,16486,0,0,0,0
22141.519,16616,60,0,0,0,0,0,8,601,5,45,0,0,0,0,0,0,0,0,0,0,0,0,0,0,0,0,0,0,0,0,0,0,236,16819,0,0,0,0
22158.377,16857,59,0,0,0,0,0,8,599,5,45,0,0,0,0,0,0,0,0,0,0,0,0,0,0,0,0,0,0,0,0,0,0,247,16626,0,0,0,0
22174.352,15975,62,0,0,0,0,0,8,609,5,45,0,0,0,0,0,0,0,0,0,0,0,0,0,0,0,0,0,0,0,0,0,0,283,16922,0,0,0,0
22192.375,18022,55,0,0,0,0,0,8,624,5,45,0,0,0,0,0,0,0,0,0,0,0,0,0,0,0,0,0,0,0,0,0,0,240,15928,0,0,0,0
22208.048,15672,63,0,0,0,0,0,8,656,5,45,0,0,0,0,0,0,0,0,0,0,0,0,0,0,0,0,0,0,0,0,0,0,242,18162,0,0,0,0
22225.899,17851,56,0,0,0,0,0,8,625,5,45,0,0,0,0,0,0,0,0,0,0,0,0,0,0,0,0,0,0,0,0,0,0,234,15491,0,0,0,0
22241.553,15654,63,0,0,0,0,0,8,582,5,45,0,0,0,0,0,0,0,0,0,0,0,0,0,0,0,0,0,0,0,0,0,0,255,17958,0,0,0,0
22257.916,16363,61,0,0,0,0,0,8,648,5,45,0,0,0,0,0,0,0,0,0,0,0,0,0,0,0,0,0,0,0,0,0,0,252,15594,0,0,0,0
22275.370,17453,57,0,0,0,0,0,8,649,5,45,0,0,0,0,0,0,0,0,0,0,0,0,0,0,0,0,0,0,0,0,0,0,229,16401,0,0,0,0
22291.560,16189,61,0,0,0,0,0,8,576,5,45,0,0,0,0,0,0,0,0,0,0,0,0,0,0,0,0,0,0,0,0,0,0,255,17405,0,0,0,0
22308.510,16949,58,0,0,0,0,0,8,607,5,45,0,0,0,0,0,0,0,0,0,0,0,0,0,0,0,0,0,0,0,0,0,0,241,16139,0,0,0,0
22324.892,16382,61,0,0,0,0,0,8,600,5,45,0,0,0,0,0,0,0,0,0,0,0,0,0,0,0,0,0,0,0,0,0,0,243,17010,0,0,0,0
22341.179,16287,61,0,0,0,0,0,8,610,5,45,0,0,0,0,0,0,0,0,0,0,0,0,0,0,0,0,0,0,0,0,0,0,232,16661,0,0,0,0
22357.920,16741,59,0,0,0,0,0,8,638,5,45,0,0,0,0,0,0,0,0,0,0,0,0,0,0,0,0,0,0,0,0,0,0,226,15939,0,0,0,0
22374.926,17006,58,0,0,0,0,0,8,1316,5,45,0,0,0,0,0,0,0,0,0,0,0,0,0,0,0,0,0,0,0,0,0,0,218,18059,0,0,0,0
22391.510,16583,60,0,0,0,0,0,8,551,5,45,0,0,0,0,0,0,0,0,0,0,0,0,0,0,0,0,0,0,0,0,0,0,246,15798,0,0,0,0
22408.101,16590,60,0,0,0,0,0,8,651,5,45,0,0,0,0,0,0,0,0,0,0,0,0,0,0,0,0,0,0,0,0,0,0,232,16490,0,0,0,0
22424.687,16585,60,0,0,0,0,0,8,616,5,45,0,0,0,0,0,0,0,0,0,0,0,0,0,0,0,0,0,0,0,0,0,0,241,16585,0,0,0,0
22441.708,17021,58,0,0,0,0,0,8,626,5,45,0,0,0,0,0,0,0,0,0,0,0,0,0,0,0,0,0,0,0,0,0,0,228,16547,0,0,0,0
22458.061,16353,61,0,0,0,0,0,8,651,5,45,0,0,0,0,0,0,0,0,0,0,0,0,0,0,0,0,0,0,0,0,0,0,235,17074,0,0,0,0
22474.899,16837,59,0,0,0,0,0,8,586,5,45,0,0,0,0,0,0,0,0,0,0,0,0,0,0,0,0,0,0,0,0,0,0,206,16203,0,0,0,0
22491.520,16621,60,0,0,0,0,0,8,631,5,45,0,0,0,0,0,0,0,0,0,0,0,0,0,0,0,0,0,0,0,0,0,0,240,17413,0,0,0,0
22508.395,16874,59,0,0,0,0,0,8,656,5,45,0,0,0,0,0,0,0,0,0,0,0,0,0,0,0,0,0,0,0,0,0,0,209,16092,0,0,0,0
22525.369,16974,58,0,0,0,0,0,8,651,5,45,0,0,0,0,0,0,0,0,0,0,0,0,0,0,0,0,0,0,0,0,0,0,237,16964,0,0,0,0
22541.048,15679,63,0,0,0,0,0,8,584,5,45,0,0,0,0,0,0,0,0,0,0,0,0,0,0,0,0,0,0,0,0,0,0,234,17428,0,0,0,0
22557.935,16886,59,0,0,0,0,0,8,615,5,45,0,0,0,0,0,0,0,0,0,0,0,0,0,0,0,0,0,0,0,0,0,0,226,15306,0,0,0,0
22574.885,16949,58,0,0,0,0,0,8,613,5,45,0,0,0,0,0,0,0,0,0,0,0,0,0,0,0,0,0,0,0,0,0,0,231,16796,0,0,0,0
22591.602,16716,59,0,0,0,0,0,8,631,5,45,0,0,0,0,0,0,0,0,0,0,0,0,0,0,0,0,0,0,0,0,0,0,233,16995,0,0,0,0
22608.103,16501,60,0,0,0,0,0,8,653,5,45,0,0,0,0,0,0,0,0,0,0,0,0,0,0,0,0,0,0,0,0,0,0,247,16719,0,0,0,0
22625.894,17790,56,0,0,0,0,0,8,2769,5,45,0,0,0,0,0,0,0,0,0,0,0,0,0,0,0,0,0,0,0,0,0,0,218,18911,0,0,0,0
22641.587,15693,63,0,0,0,0,0,8,596,5,45,0,0,0,0,0,0,0,0,0,0,0,0,0,0,0,0,0,0,0,0,0,0,234,15423,0,0,0,0
22658.510,16922,59,0,0,0,0,0,8,666,5,45,0,0,0,0,0,0,0,0,0,0,0,0,0,0,0,0,0,0,0,0,0,0,245,15652,0,0,0,0
22675.368,16858,59,0,0,0,0,0,8,620,5,45,0,0,0,0,0,0,0,0,0,0,0,0,0,0,0,0,0,0,0,0,0,0,250,17237,0,0,0,0
22691.775,16407,60,0,0,0,0,0,8,643,5,45,0,0,0,0,0,0,0,0,0,0,0,0,0,0,0,0,0,0,0,0,0,0,249,16608,0,0,0,0
22708.501,16726,59,0,0,0,0,0,8,633,5,45,0,0,0,0,0,0,0,0,0,0,0,0,0,0,0,0,0,0,0,0,0,0,238,16317,0,0,0,0
22724.963,16461,60,0,0,0,0,0,8,663,5,45,0,0,0,0,0,0,0,0,0,0,0,0,0,0,0,0,0,0,0,0,0,0,228,16814,0,0,0,0
22741.667,16704,59,0,0,0,0,0,8,600,5,45,0,0,0,0,0,0,0,0,0,0,0,0,0,0,0,0,0,0,0,0,0,0,241,16383,0,0,0,0
22757.543,15875,62,0,0,0,0,0,8,662,5,45,0,0,0,0,0,0,0,0,0,0,0,0,0,0,0,0,0,0,0,0,0,0,249,16702,0,0,0,0
22774.887,17344,57,0,0,0,0,0,8,635,5,45,0,0,0,0,0,0,0,0,0,0,0,0,0,0,0,0,0,0,0,0,0,0,232,15822,0,0,0,0
22791.035,16147,61,0,0,0,0,0,8,594,5,45,0,0,0,0,0,0,0,0,0,0,0,0,0,0,0,0,0,0,0,0,0,0,246,17817,0,0,0,0
22808.119,17084,58,0,0,0,0,0,8,669,5,45,0,0,0,0,0,0,0,0,0,0,0,0,0,0,0,0,0,0,0,0,0,0,229,16040,0,0,0,0
22825.371,17252,57,0,0,0,0,0,8,626,5,45,0,0,0,0,0,0,0,0,0,0,0,0,0,0,0,0,0,0,0,0,0,0,242,16749,0,0,0,0
22841.566,16194,61,0,0,0,0,0,8,639,5,45,0,0,0,0,0,0,0,0,0,0,0,0,0,0,0,0,0,0,0,0,0,0,248,17350,0,0,0,0
22858.501,16935,59,0,0,0,0,0,8,666,5,45,0,0,0,0,0,0,0,0,0,0,0,0,0,0,0,0,0,0,0,0,0,0,224,16059,0,0,0,0
22874.938,16436,60,0,0,0,0,0,8,627,5,45,0,0,0,0,0,0,0,0,0,0,0,0,0,0,0,0,0,0,0,0,0,0,241,17103,0,0,0,0
22891.528,16590,60,0,0,0,0,0,8,601,5,45,0,0,0,0,0,0,0,0,0,0,0,0,0,0,0,0,0,0,0,0,0,0,247,16385,0,0,0,0
22907.954,16425,60,0,0,0,0,0,8,667,5,45,0,0,0,0,0,0,0,0,0,0,0,0,0,0,0,0,0,0,0,0,0,0,238,16484,0,0,0,0
22924.909,16954,58,0,0,0,0,0,8,668,5,45,0,0,0,0,0,0,0,0,0,0,0,0,0,0,0,0,0,0,0,0,0,0,236,16449,0,0,0,0
22941.484,16574,60,0,0,0,0,0,8,597,5,45,0,0,0,0,0,0,0,0,0,0,0,0,0,0,0,0,0,0,0,0,0,0,236,17041,0,0,0,0
22958.078,16594,60,0,0,0,0,0,8,636,5,45,0,0,0,0,0,0,0,0,0,0,0,0,0,0,0,0,0,0,0,0,0,0,231,16482,0,0,0,0
22975.390,17311,57,0,0,0,0,0,8,640,5,45,0,0,0,0,0,0,0,0,0,0,0,0,0,0,0,0,0,0,0,0,0,0,233,16664,0,0,0,0
22992.200,16810,59,0,0,0,0,0,8,630,5,45,0,0,0,0,0,0,0,0,0,0,0,0,0,0,0,0,0,0,0,0,0,0,228,17202,0,0,0,0
23007.942,15741,63,0,0,0,0,0,8,658,5,45,0,0,0,0,0,0,0,0,0,0,0,0,0,0,0,0,0,0,0,0,0,0,234,16995,0,0,0,0
23025.022,17080,58,0,0,0,0,0,8,635,5,45,0,0,0,0,0,0,0,0,0,0,0,0,0,0,0,0,0,0,0,0,0,0,222,15597,0,0,0,0
23041.655,16632,60,0,0,0,0,0,8,599,5,45,0,0,0,0,0,0,0,0,0,0,0,0,0,0,0,0,0,0,0,0,0,0,255,17392,0,0,0,0
23058.362,16706,59,0,0,0,0,0,8,664,5,45,0,0,0,0,0,0,0,0,0,0,0,0,0,0,0,0,0,0,0,0,0,0,238,16381,0,0,0,0
23074.547,16185,61,0,0,0,0,0,8,636,5,45,0,0,0,0,0,0,0,0,0,0,0,0,0,0,0,0,0,0,0,0,0,0,222,16666,0,0,0,0
23091.541,16994,58,0,0,0,0,0,8,626,5,45,0,0,0,0,0,0,0,0,0,0,0,0,0,0,0,0,0,0,0,0,0,0,230,16953,0,0,0,0
23108.510,16958,58,0,0,0,0,0,8,634,5,45,0,0,0,0,0,0,0,0,0,0,0,0,0,0,0,0,0,0,0,0,0,0,229,16242,0,0,0,0
23124.897,16397,60,0,0,0,0,0,8,620,5,45,0,0,0,0,0,0,0,0,0,0,0,0,0,0,0,0,0,0,0,0,0,0,228,16956,0,0,0,0
23141.874,16976,58,0,0,0,0,0,8,635,5,45,0,0,0,0,0,0,0,0,0,0,0,0,0,0,0,0,0,0,0,0,0,0,208,16235,0,0,0,0
23158.511,16627,60,0,0,0,0,0,8,667,5,45,0,0,0,0,0,0,0,0,0,0,0,0,0,0,0,0,0,0,0,0,0,0,238,17139,0,0,0,0
23174.377,15875,62,0,0,0,0,0,8,616,5,45,0,0,0,0,0,0,0,0,0,0,0,0,0,0,0,0,0,0,0,0,0,0,238,16672,0,0,0,0
23190.929,16551,60,0,0,0,0,0,8,604,5,45,0,0,0,0,0,0,0,0,0,0,0,0,0,0,0,0,0,0,0,0,0,0,266,15877,0,0,0,0
23207.518,16589,60,0,0,0,0,0,8,666,5,45,0,0,0,0,0,0,0,0,0,0,0,0,0,0,0,0,0,0,0,0,0,0,231,16500,0,0,0,0
23224.788,17269,57,0,0,0,0,0,8,645,5,45,0,0,0,0,0,0,0,0,0,0,0,0,0,0,0,0,0,0,0,0,0,0,240,16896,0,0,0,0
23242.298,17509,57,0,0,0,0,0,8,621,5,45,0,0,0,0,0,0,0,0,0,0,0,0,0,0,0,0,0,0,0,0,0,0,262,17510,0,0,0,0
23257.579,15281,65,0,0,0,0,0,8,666,5,45,0,0,0,0,0,0,0,0,0,0,0,0,0,0,0,0,0,0,0,0,0,0,224,16920,0,0,0,0
23275.363,17783,56,0,0,0,0,0,8,594,5,45,0,0,0,0,0,0,0,0,0,0,0,0,0,0,0,0,0,0,0,0,0,0,236,15238,0,0,0,0
23292.364,17000,58,0,0,0,0,0,8,642,5,45,0,0,0,0,0,0,0,0,0,0,0,0,0,0,0,0,0,0,0,0,0,0,242,17946,0,0,0,0
23308.392,16028,62,0,0,0,0,0,8,659,5,45,0,0,0,0,0,0,0,0,0,0,0,0,0,0,0,0,0,0,0,0,0,0,229,16974,0,0,0,0
23324.879,16486,60,0,0,0,0,0,8,632,5,45,0,0,0,0,0,0,0,0,0,0,0,0,0,0,0,0,0,0,0,0,0,0,226,15974,0,0,0,0
23341.504,16625,60,0,0,0,0,0,8,625,5,45,0,0,0,0,0,0,0,0,0,0,0,0,0,0,0,0,0,0,0,0,0,0,236,16886,0,0,0,0
23358.419,16915,59,0,0,0,0,0,8,634,5,45,0,0,0,0,0,0,0,0,0,0,0,0,0,0,0,0,0,0,0,0,0,0,227,16543,0,0,0,0
23375.065,16645,60,0,0,0,0,0,8,664,5,45,0,0,0,0,0,0,0,0,0,0,0,0,0,0,0,0,0,0,0,0,0,0,267,16685,0,0,0,0
23391.286,16221,61,0,0,0,0,0,8,595,5,45,0,0,0,0,0,0,0,0,0,0,0,0,0,0,0,0,0,0,0,0,0,0,236,16783,0,0,0,0
23408.497,17210,58,0,0,0,0,0,8,662,5,45,0,0,0,0,0,0,0,0,0,0,0,0,0,0,0,0,0,0,0,0,0,0,230,16013,0,0,0,0
23425.083,16585,60,0,0,0,0,0,8,635,5,45,0,0,0,0,0,0,0,0,0,0,0,0,0,0,0,0,0,0,0,0,0,0,230,17178,0,0,0,0
23442.366,17283,57,0,0,0,0,0,8,592,5,45,0,0,0,0,0,0,0,0,0,0,0,0,0,0,0,0,0,0,0,0,0,0,235,16812,0,0,0,0
23458.163,15797,63,0,0,0,0,0,8,668,5,45,0,0,0,0,0,0,0,0,0,0,0,0,0,0,0,0,0,0,0,0,0,0,246,17066,0,0,0,0
23474.891,16727,59,0,0,0,0,0,8,631,5,45,0,0,0,0,0,0,0,0,0,0,0,0,0,0,0,0,0,0,0,0,0,0,216,15647,0,0,0,0
23492.286,17395,57,0,0,0,0,0,8,636,5,45,0,0,0,0,0,0,0,0,0,0,0,0,0,0,0,0,0,0,0,0,0,0,231,16914,0,0,0,0
23508.505,16209,61,0,0,0,0,0,8,629,5,45,0,0,0,0,0,0,0,0,0,0,0,0,0,0,0,0,0,0,0,0,0,0,232,17455,0,0,0,0
23524.667,16171,61,0,0,0,0,0,8,632,5,45,0,0,0,0,0,0,0,0,0,0,0,0,0,0,0,0,0,0,0,0,0,0,227,16148,0,0,0,0
23541.673,17005,58,0,0,0,0,0,8,633,5,45,0,0,0,0,0,0,0,0,0,0,0,0,0,0,0,0,0,0,0,0,0,0,238,16772,0,0,0,0
23558.365,16692,59,0,0,0,0,0,8,665,5,45,0,0,0,0,0,0,0,0,0,0,0,0,0,0,0,0,0,0,0,0,0,0,241,17026,0,0,0,0
23574.563,16197,61,0,0,0,0,0,8,663,5,45,0,0,0,0,0,0,0,0,0,0,0,0,0,0,0,0,0,0,0,0,0,0,230,16122,0,0,0,0
23591.548,16985,58,0,0,0,0,0,8,568,5,45,0,0,0,0,0,0,0,0,0,0,0,0,0,0,0,0,0,0,0,0,0,0,231,16345,0,0,0,0
23607.980,16431,60,0,0,0,0,0,8,663,5,45,0,0,0,0,0,0,0,0,0,0,0,0,0,0,0,0,0,0,0,0,0,0,219,16696,0,0,0,0
23624.894,16914,59,0,0,0,0,0,8,639,5,45,0,0,0,0,0,0,0,0,0,0,0,0,0,0,0,0,0,0,0,0,0,0,236,16462,0,0,0,0
23642.376,17481,57,0,0,0,0,0,8,627,5,45,0,0,0,0,0,0,0,0,0,0,0,0,0,0,0,0,0,0,0,0,0,0,236,17353,0,0,0,0
23657.923,15546,64,0,0,0,0,0,8,659,5,45,0,0,0,0,0,0,0,0,0,0,0,0,0,0,0,0,0,0,0,0,0,0,238,17031,0,0,0,0
23675.042,17118,58,0,0,0,0,0,8,633,5,45,0,0,0,0,0,0,0,0,0,0,0,0,0,0,0,0,0,0,0,0,0,0,214,15492,0,0,0,0
23691.636,16594,60,0,0,0,0,0,8,599,5,45,0,0,0,0,0,0,0,0,0,0,0,0,0,0,0,0,0,0,0,0,0,0,234,17473,0,0,0,0
23708.504,16867,59,0,0,0,0,0,8,666,5,45,0,0,0,0,0,0,0,0,0,0,0,0,0,0,0,0,0,0,0,0,0,0,226,16311,0,0,0,0
23725.873,17368,57,0,0,0,0,0,8,664,5,45,0,0,0,0,0,0,0,0,0,0,0,0,0,0,0,0,0,0,0,0,0,0,228,16884,0,0,0,0
23742.376,16503,60,0,0,0,0,0,8,596,5,45,0,0,0,0,0,0,0,0,0,0,0,0,0,0,0,0,0,0,0,0,0,0,233,17451,0,0,0,0
23758.358,15982,62,0,0,0,0,0,8,630,5,45,0,0,0,0,0,0,0,0,0,0,0,0,0,0,0,0,0,0,0,0,0,0,228,16459,0,0,0,0
23774.394,16036,62,0,0,0,0,0,8,640,5,45,0,0,0,0,0,0,0,0,0,0,0,0,0,0,0,0,0,0,0,0,0,0,240,15958,0,0,0,0
23791.585,17189,58,0,0,0,0,0,8,623,5,45,0,0,0,0,0,0,0,0,0,0,0,0,0,0,0,0,0,0,0,0,0,0,234,16130,0,0,0,0
23808.490,16905,59,0,0,0,0,0,8,671,5,45,0,0,0,0,0,0,0,0,0,0,0,0,0,0,0,0,0,0,0,0,0,0,238,16981,0,0,0,0
23825.366,16875,59,0,0,0,0,0,8,613,5,45,0,0,0,0,0,0,0,0,0,0,0,0,0,0,0,0,0,0,0,0,0,0,238,17029,0,0,0,0
23841.689,16322,61,0,0,0,0,0,8,614,5,45,0,0,0,0,0,0,0,0,0,0,0,0,0,0,0,0,0,0,0,0,0,0,253,16850,0,0,0,0
23858.489,16800,59,0,0,0,0,0,8,659,5,45,0,0,0,0,0,0,0,0,0,0,0,0,0,0,0,0,0,0,0,0,0,0,237,17014,0,0,0,0
23874.369,15879,62,0,0,0,0,0,8,598,5,45,0,0,0,0,0,0,0,0,0,0,0,0,0,0,0,0,0,0,0,0,0,0,233,16118,0,0,0,0
23891.527,17158,58,0,0,0,0,0,8,667,5,45,0,0,0,0,0,0,0,0,0,0,0,0,0,0,0,0,0,0,0,0,0,0,225,15843,0,0,0,0
23908.364,16836,59,0,0,0,0,0,8,637,5,45,0,0,0,0,0,0,0,0,0,0,0,0,0,0,0,0,0,0,0,0,0,0,221,17205,0,0,0,0
23924.902,16538,60,0,0,0,0,0,8,664,5,45,0,0,0,0,0,0,0,0,0,0,0,0,0,0,0,0,0,0,0,0,0,0,226,16813,0,0,0,0
23941.495,16592,60,0,0,0,0,0,8,599,5,45,0,0,0,0,0,0,0,0,0,0,0,0,0,0,0,0,0,0,0,0,0,0,226,16496,0,0,0,0
23958.018,16523,60,0,0,0,0,0,8,661,5,45,0,0,0,0,0,0,0,0,0,0,0,0,0,0,0,0,0,0,0,0,0,0,241,16951,0,0,0,0
23975.929,17910,55,0,0,0,0,0,8,667,5,45,0,0,0,0,0,0,0,0,0,0,0,0,0,0,0,0,0,0,0,0,0,0,257,16263,0,0,0,0
23991.543,15614,64,0,0,0,0,0,8,561,5,45,0,0,0,0,0,0,0,0,0,0,0,0,0,0,0,0,0,0,0,0,0,0,257,17869,0,0,0,0
24007.969,16426,60,0,0,0,0,0,8,664,5,45,0,0,0,0,0,0,0,0,0,0,0,0,0,0,0,0,0,0,0,0,0,0,206,15462,0,0,0,0
24025.357,17387,57,0,0,0,0,0,8,624,5,45,0,0,0,0,0,0,0,0,0,0,0,0,0,0,0,0,0,0,0,0,0,0,251,16901,0,0,0,0
24041.876,16519,60,0,0,0,0,0,8,634,5,45,0,0,0,0,0,0,0,0,0,0,0,0,0,0,0,0,0,0,0,0,0,0,239,17152,0,0,0,0
24058.429,16553,60,0,0,0,0,0,8,667,5,45,0,0,0,0,0,0,0,0,0,0,0,0,0,0,0,0,0,0,0,0,0,0,233,16392,0,0,0,0
24075.354,16924,59,0,0,0,0,0,8,627,5,45,0,0,0,0,0,0,0,0,0,0,0,0,0,0,0,0,0,0,0,0,0,0,242,16593,0,0,0,0
24091.670,16316,61,0,0,0,0,0,8,600,5,45,0,0,0,0,0,0,0,0,0,0,0,0,0,0,0,0,0,0,0,0,0,0,238,16916,0,0,0,0
24108.434,16754,59,0,0,0,0,0,8,667,5,45,0,0,0,0,0,0,0,0,0,0,0,0,0,0,0,0,0,0,0,0,0,0,216,16305,0,0,0,0
24125.104,16678,59,0,0,0,0,0,8,665,5,45,0,0,0,0,0,0,0,0,0,0,0,0,0,0,0,0,0,0,0,0,0,0,234,16812,0,0,0,0
24141.664,16560,60,0,0,0,0,0,8,599,5,45,0,0,0,0,0,0,0,0,0,0,0,0,0,0,0,0,0,0,0,0,0,0,237,16830,0,0,0,0
24158.503,16838,59,0,0,0,0,0,8,630,5,45,0,0,0,0,0,0,0,0,0,0,0,0,0,0,0,0,0,0,0,0,0,0,230,16320,0,0,0,0
24174.881,16378,61,0,0,0,0,0,8,624,5,45,0,0,0,0,0,0,0,0,0,0,0,0,0,0,0,0,0,0,0,0,0,0,234,16906,0,0,0,0
24191.065,16183,61,0,0,0,0,0,8,638,5,45,0,0,0,0,0,0,0,0,0,0,0,0,0,0,0,0,0,0,0,0,0,0,248,16782,0,0,0,0
24208.354,17289,57,0,0,0,0,0,8,663,5,45,0,0,0,0,0,0,0,0,0,0,0,0,0,0,0,0,0,0,0,0,0,0,228,15996,0,0,0,0
24225.090,16736,59,0,0,0,0,0,8,631,5,45,0,0,0,0,0,0,0,0,0,0,0,0,0,0,0,0,0,0,0,0,0,0,220,17040,0,0,0,0
24241.357,16266,61,0,0,0,0,0,8,601,5,45,0,0,0,0,0,0,0,0,0,0,0,0,0,0,0,0,0,0,0,0,0,0,227,16991,0,0,0,0
24258.494,17128,58,0,0,0,0,0,8,669,5,45,0,0,0,0,0,0,0,0,0,0,0,0,0,0,0,0,0,0,0,0,0,0,225,16030,0,0,0,0
24275.049,16564,60,0,0,0,0,0,8,661,5,45,0,0,0,0,0,0,0,0,0,0,0,0,0,0,0,0,0,0,0,0,0,0,245,17156,0,0,0,0
24292.256,17206,58,0,0,0,0,0,8,597,5,45,0,0,0,0,0,0,0,0,0,0,0,0,0,0,0,0,0,0,0,0,0,0,231,16779,0,0,0,0
24307.667,15410,64,0,0,0,0,0,8,627,5,45,0,0,0,0,0,0,0,0,0,0,0,0,0,0,0,0,0,0,0,0,0,0,219,16885,0,0,0,0
24325.161,17494,57,0,0,0,0,0,8,671,5,45,0,0,0,0,0,0,0,0,0,0,0,0,0,0,0,0,0,0,0,0,0,0,223,15513,0,0,0,0
24342.353,17192,58,0,0,0,0,0,8,596,5,45,0,0,0,0,0,0,0,0,0,0,0,0,0,0,0,0,0,0,0,0,0,0,249,17603,0,0,0,0
24358.457,16104,62,0,0,0,0,0,8,664,5,45,0,0,0,0,0,0,0,0,0,0,0,0,0,0,0,0,0,0,0,0,0,0,235,17000,0,0,0,0
24374.405,15947,62,0,0,0,0,0,8,591,5,45,0,0,0,0,0,0,0,0,0,0,0,0,0,0,0,0,0,0,0,0,0,0,230,16237,0,0,0,0
24391.468,17063,58,0,0,0,0,0,8,631,5,45,0,0,0,0,0,0,0,0,0,0,0,0,0,0,0,0,0,0,0,0,0,0,242,15892,0,0,0,0
24408.493,17024,58,0,0,0,0,0,8,667,5,45,0,0,0,0,0,0,0,0,0,0,0,0,0,0,0,0,0,0,0,0,0,0,230,17396,0,0,0,0
24424.918,16425,60,0,0,0,0,0,8,659,5,45,0,0,0,0,0,0,0,0,0,0,0,0,0,0,0,0,0,0,0,0,0,0,238,17526,0,0,0,0
24441.553,16634,60,0,0,0,0,0,8,605,5,45,0,0,0,0,0,0,0,0,0,0,0,0,0,0,0,0,0,0,0,0,0,0,236,15591,0,0,0,0
24458.489,16936,59,0,0,0,0,0,8,663,5,45,0,0,0,0,0,0,0,0,0,0,0,0,0,0,0,0,0,0,0,0,0,0,250,16606,0,0,0,0
24474.962,16472,60,0,0,0,0,0,8,628,5,45,0,0,0,0,0,0,0,0,0,0,0,0,0,0,0,0,0,0,0,0,0,0,223,16884,0,0,0,0
24491.658,16695,59,0,0,0,0,0,8,602,5,45,0,0,0,0,0,0,0,0,0,0,0,0,0,0,0,0,0,0,0,0,0,0,239,16860,0,0,0,0
24508.350,16692,59,0,0,0,0,0,8,664,5,45,0,0,0,0,0,0,0,0,0,0,0,0,0,0,0,0,0,0,0,0,0,0,228,16305,0,0,0,0
24525.090,16740,59,0,0,0,0,0,8,667,5,45,0,0,0,0,0,0,0,0,0,0,0,0,0,0,0,0,0,0,0,0,0,0,233,16728,0,0,0,0
24542.366,17275,57,0,0,0,0,0,8,594,5,45,0,0,0,0,0,0,0,0,0,0,0,0,0,0,0,0,0,0,0,0,0,0,253,16973,0,0,0,0
24558.449,16083,62,0,0,0,0,0,8,631,5,45,0,0,0,0,0,0,0,0,0,0,0,0,0,0,0,0,0,0,0,0,0,0,244,17024,0,0,0,0
24575.131,16681,59,0,0,0,0,0,8,665,5,45,0,0,0,0,0,0,0,0,0,0,0,0,0,0,0,0,0,0,0,0,0,0,220,15993,0,0,0,0
24592.352,17220,58,0,0,0,0,0,8,602,5,45,0,0,0,0,0,0,0,0,0,0,0,0,0,0,0,0,0,0,0,0,0,0,238,17041,0,0,0,0
24608.355,16003,62,0,0,0,0,0,8,663,5,45,0,0,0,0,0,0,0,0,0,0,0,0,0,0,0,0,0,0,0,0,0,0,238,17071,0,0,0,0
24624.902,16546,60,0,0,0,0,0,8,631,5,45,0,0,0,0,0,0,0,0,0,0,0,0,0,0,0,0,0,0,0,0,0,0,225,15975,0,0,0,0
24641.348,16446,60,0,0,0,0,0,8,601,5,45,0,0,0,0,0,0,0,0,0,0,0,0,0,0,0,0,0,0,0,0,0,0,240,16468,0,0,0,0
24658.868,17519,57,0,0,0,0,0,8,669,5,45,0,0,0,0,0,0,0,0,0,0,0,0,0,0,0,0,0,0,0,0,0,0,240,16463,0,0,0,0
24674.867,15998,62,0,0,0,0,0,8,626,5,45,0,0,0,0,0,0,0,0,0,0,0,0,0,0,0,0,0,0,0,0,0,0,247,17484,0,0,0,0
24691.487,16620,60,0,0,0,0,0,8,638,5,45,0,0,0,0,0,0,0,0,0,0,0,0,0,0,0,0,0,0,0,0,0,0,241,16476,0,0,0,0
24708.403,16915,59,0,0,0,0,0,8,628,5,45,0,0,0,0,0,0,0,0,0,0,0,0,0,0,0,0,0,0,0,0,0,0,237,16144,0,0,0,0
24724.272,15869,63,0,0,0,0,0,8,622,5,45,0,0,0,0,0,0,0,0,0,0,0,0,0,0,0,0,0,0,0,0,0,0,236,16946,0,0,0,0
24742.361,18089,55,0,0,0,0,0,8,639,5,45,0,0,0,0,0,0,0,0,0,0,0,0,0,0,0,0,0,0,0,0,0,0,234,15957,0,0,0,0
24757.948,15587,64,0,0,0,0,0,8,659,5,45,0,0,0,0,0,0,0,0,0,0,0,0,0,0,0,0,0,0,0,0,0,0,244,18007,0,0,0,0
24774.636,16687,59,0,0,0,0,0,8,644,5,45,0,0,0,0,0,0,0,0,0,0,0,0,0,0,0,0,0,0,0,0,0,0,223,15655,0,0,0,0
24792.352,17715,56,0,0,0,0,0,8,591,5,45,0,0,0,0,0,0,0,0,0,0,0,0,0,0,0,0,0,0,0,0,0,0,241,17268,0,0,0,0
24808.482,16130,61,0,0,0,0,0,8,661,5,45,0,0,0,0,0,0,0,0,0,0,0,0,0,0,0,0,0,0,0,0,0,0,243,17161,0,0,0,0
24825.107,16625,60,0,0,0,0,0,8,668,5,45,0,0,0,0,0,0,0,0,0,0,0,0,0,0,0,0,0,0,0,0,0,0,242,16043,0,0,0,0
24841.489,16381,61,0,0,0,0,0,8,598,5,45,0,0,0,0,0,0,0,0,0,0,0,0,0,0,0,0,0,0,0,0,0,0,235,16822,0,0,0,0
24858.065,16575,60,0,0,0,0,0,8,665,5,45,0,0,0,0,0,0,0,0,0,0,0,0,0,0,0,0,0,0,0,0,0,0,223,16155,0,0,0,0
24874.877,16812,59,0,0,0,0,0,8,597,5,45,0,0,0,0,0,0,0,0,0,0,0,0,0,0,0,0,0,0,0,0,0,0,221,16528,0,0,0,0
24892.362,17484,57,0,0,0,0,0,8,642,5,45,0,0,0,0,0,0,0,0,0,0,0,0,0,0,0,0,0,0,0,0,0,0,233,16866,0,0,0,0
24908.430,16067,62,0,0,0,0,0,8,663,5,45,0,0,0,0,0,0,0,0,0,0,0,0,0,0,0,0,0,0,0,0,0,0,256,17468,0,0,0,0
24925.089,16659,60,0,0,0,0,0,8,664,5,45,0,0,0,0,0,0,0,0,0,0,0,0,0,0,0,0,0,0,0,0,0,0,217,16026,0,0,0,0
24941.640,16550,60,0,0,0,0,0,8,590,5,45,0,0,0,0,0,0,0,0,0,0,0,0,0,0,0,0,0,0,0,0,0,0,225,16878,0,0,0,0
24957.915,16275,61,0,0,0,0,0,8,632,5,45,0,0,0,0,0,0,0,0,0,0,0,0,0,0,0,0,0,0,0,0,0,0,234,16428,0,0,0,0
24975.354,17439,57,0,0,0,0,0,8,646,5,45,0,0,0,0,0,0,0,0,0,0,0,0,0,0,0,0,0,0,0,0,0,0,214,16162,0,0,0,0
24991.692,16337,61,0,0,0,0,0,8,625,5,45,0,0,0,0,0,0,0,0,0,0,0,0,0,0,0,0,0,0,0,0,0,0,235,17581,0,0,0,0
25008.484,16791,59,0,0,0,0,0,8,667,5,45,0,0,0,0,0,0,0,0,0,0,0,0,0,0,0,0,0,0,0,0,0,0,222,16249,0,0,0,0
25025.361,16877,59,0,0,0,0,0,8,628,5,45,0,0,0,0,0,0,0,0,0,0,0,0,0,0,0,0,0,0,0,0,0,0,237,16870,0,0,0,0
25042.353,16991,58,0,0,0,0,0,8,608,5,45,0,0,0,0,0,0,0,0,0,0,0,0,0,0,0,0,0,0,0,0,0,0,226,16887,0,0,0,0
25058.073,15720,63,0,0,0,0,0,8,660,5,45,0,0,0,0,0,0,0,0,0,0,0,0,0,0,0,0,0,0,0,0,0,0,224,17005,0,0,0,0
25075.876,17802,56,0,0,0,0,0,8,666,5,45,0,0,0,0,0,0,0,0,0,0,0,0,0,0,0,0,0,0,0,0,0,0,221,15645,0,0,0,0
25092.351,16476,60,0,0,0,0,0,8,599,5,45,0,0,0,0,0,0,0,0,0,0,0,0,0,0,0,0,0,0,0,0,0,0,251,17895,0,0,0,0
25108.481,16129,61,0,0,0,0,0,8,628,5,45,0,0,0,0,0,0,0,0,0,0,0,0,0,0,0,0,0,0,0,0,0,0,243,16477,0,0,0,0
25124.860,16378,61,0,0,0,0,0,8,623,5,45,0,0,0,0,0,0,0,0,0,0,0,0,0,0,0,0,0,0,0,0,0,0,237,16376,0,0,0,0
25142.370,17510,57,0,0,0,0,0,8,635,5,45,0,0,0,0,0,0,0,0,0,0,0,0,0,0,0,0,0,0,0,0,0,0,228,16506,0,0,0,0
25158.438,16067,62,0,0,0,0,0,8,654,5,45,0,0,0,0,0,0,0,0,0,0,0,0,0,0,0,0,0,0,0,0,0,0,235,17027,0,0,0,0
25175.361,16923,59,0,0,0,0,0,8,640,5,45,0,0,0,0,0,0,0,0,0,0,0,0,0,0,0,0,0,0,0,0,0,0,214,16109,0,0,0,0
25191.525,16163,61,0,0,0,0,0,8,588,5,45,0,0,0,0,0,0,0,0,0,0,0,0,0,0,0,0,0,0,0,0,0,0,250,16974,0,0,0,0
25208.477,16952,58,0,0,0,0,0,8,666,5,45,0,0,0,0,0,0,0,0,0,0,0,0,0,0,0,0,0,0,0,0,0,0,225,16087,0,0,0,0
25225.869,17391,57,0,0,0,0,0,8,667,5,45,0,0,0,0,0,0,0,0,0,0,0,0,0,0,0,0,0,0,0,0,0,0,233,16965,0,0,0,0
25241.990,16121,62,0,0,0,0,0,8,598,5,45,0,0,0,0,0,0,0,0,0,0,0,0,0,0,0,0,0,0,0,0,0,0,237,17471,0,0,0,0
25258.489,16498,60,0,0,0,0,0,8,659,5,45,0,0,0,0,0,0,0,0,0,0,0,0,0,0,0,0,0,0,0,0,0,0,246,16364,0,0,0,0
25274.863,16374,61,0,0,0,0,0,8,592,5,45,0,0,0,0,0,0,0,0,0,0,0,0,0,0,0,0,0,0,0,0,0,0,236,16177,0,0,0,0
25291.619,16755,59,0,0,0,0,0,8,631,5,45,0,0,0,0,0,0,0,0,0,0,0,0,0,0,0,0,0,0,0,0,0,0,229,16780,0,0,0,0
25308.494,16865,59,0,0,0,0,0,8,663,5,45,0,0,0,0,0,0,0,0,0,0,0,0,0,0,0,0,0,0,0,0,0,0,229,16343,0,0,0,0
25325.089,16604,60,0,0,0,0,0,8,663,5,45,0,0,0,0,0,0,0,0,0,0,0,0,0,0,0,0,0,0,0,0,0,0,244,16905,0,0,0,0
25341.633,16543,60,0,0,0,0,0,8,599,5,45,0,0,0,0,0,0,0,0,0,0,0,0,0,0,0,0,0,0,0,0,0,0,243,16763,0,0,0,0
25358.397,16764,59,0,0,0,0,0,8,630,5,45,0,0,0,0,0,0,0,0,0,0,0,0,0,0,0,0,0,0,0,0,0,0,248,16382,0,0,0,0
25374.365,15967,62,0,0,0,0,0,8,621,5,45,0,0,0,0,0,0,0,0,0,0,0,0,0,0,0,0,0,0,0,0,0,0,227,16701,0,0,0,0
25392.348,17982,55,0,0,0,0,0,8,642,5,45,0,0,0,0,0,0,0,0,0,0,0,0,0,0,0,0,0,0,0,0,0,0,221,15909,0,0,0,0
25408.479,16131,61,0,0,0,0,0,8,662,5,45,0,0,0,0,0,0,0,0,0,0,0,0,0,0,0,0,0,0,0,0,0,0,256,18159,0,0,0,0
25425.054,16575,60,0,0,0,0,0,8,624,5,45,0,0,0,0,0,0,0,0,0,0,0,0,0,0,0,0,0,0,0,0,0,0,215,16016,0,0,0,0
25441.858,16803,59,0,0,0,0,0,8,595,5,45,0,0,0,0,0,0,0,0,0,0,0,0,0,0,0,0,0,0,0,0,0,0,227,16818,0,0,0,0
25457.937,16079,62,0,0,0,0,0,8,664,5,45,0,0,0,0,0,0,0,0,0,0,0,0,0,0,0,0,0,0,0,0,0,0,248,16674,0,0,0,0
25474.567,16629,60,0,0,0,0,0,8,628,5,45,0,0,0,0,0,0,0,0,0,0,0,0,0,0,0,0,0,0,0,0,0,0,233,16123,0,0,0,0
25491.627,17060,58,0,0,0,0,0,8,636,5,45,0,0,0,0,0,0,0,0,0,0,0,0,0,0,0,0,0,0,0,0,0,0,234,17195,0,0,0,0
25508.054,16426,60,0,0,0,0,0,8,632,5,45,0,0,0,0,0,0,0,0,0,0,0,0,0,0,0,0,0,0,0,0,0,0,218,16240,0,0,0,0
25524.882,16829,59,0,0,0,0,0,8,672,5,45,0,0,0,0,0,0,0,0,0,0,0,0,0,0,0,0,0,0,0,0,0,0,228,16426,0,0,0,0
25542.383,17500,57,0,0,0,0,0,8,605,5,45,0,0,0,0,0,0,0,0,0,0,0,0,0,0,0,0,0,0,0,0,0,0,225,16991,0,0,0,0
25557.502,15118,66,0,0,0,0,0,8,654,5,45,0,0,0,0,0,0,0,0,0,0,0,0,0,0,0,0,0,0,0,0,0,0,240,17424,0,0,0,0
25575.857,18354,54,0,0,0,0,0,8,667,5,45,0,0,0,0,0,0,0,0,0,0,0,0,0,0,0,0,0,0,0,0,0,0,204,14998,0,0,0,0
25591.161,15304,65,0,0,0,0,0,8,559,5,45,0,0,0,0,0,0,0,0,0,0,0,0,0,0,0,0,0,0,0,0,0,0,241,18593,0,0,0,0
25608.474,17313,57,0,0,0,0,0,8,668,5,45,0,0,0,0,0,0,0,0,0,0,0,0,0,0,0,0,0,0,0,0,0,0,224,15079,0,0,0,0
25625.347,16873,59,0,0,0,0,0,8,634,5,45,0,0,0,0,0,0,0,0,0,0,0,0,0,0,0,0,0,0,0,0,0,0,244,17481,0,0,0,0
25641.476,16128,62,0,0,0,0,0,8,629,5,45,0,0,0,0,0,0,0,0,0,0,0,0,0,0,0,0,0,0,0,0,0,0,225,16912,0,0,0,0
25658.340,16864,59,0,0,0,0,0,8,664,5,45,0,0,0,0,0,0,0,0,0,0,0,0,0,0,0,0,0,0,0,0,0,0,235,16061,0,0,0,0
25675.343,17002,58,0,0,0,0,0,8,639,5,45,0,0,0,0,0,0,0,0,0,0,0,0,0,0,0,0,0,0,0,0,0,0,230,16850,0,0,0,0
25692.340,16996,58,0,0,0,0,0,8,594,5,45,0,0,0,0,0,0,0,0,0,0,0,0,0,0,0,0,0,0,0,0,0,0,231,16996,0,0,0,0
25708.493,16152,61,0,0,0,0,0,8,660,5,45,0,0,0,0,0,0,0,0,0,0,0,0,0,0,0,0,0,0,0,0,0,0,235,17111,0,0,0,0
25724.966,16473,60,0,0,0,0,0,8,669,5,45,0,0,0,0,0,0,0,0,0,0,0,0,0,0,0,0,0,0,0,0,0,0,226,16046,0,0,0,0
25742.364,17397,57,0,0,0,0,0,8,597,5,45,0,0,0,0,0,0,0,0,0,0,0,0,0,0,0,0,0,0,0,0,0,0,260,16910,0,0,0,0
25757.977,15613,64,0,0,0,0,0,8,629,5,45,0,0,0,0,0,0,0,0,0,0,0,0,0,0,0,0,0,0,0,0,0,0,215,16905,0,0,0,0
25775.354,17376,57,0,0,0,0,0,8,645,5,45,0,0,0,0,0,0,0,0,0,0,0,0,0,0,0,0,0,0,0,0,0,0,225,15576,0,0,0,0
25791.617,16263,61,0,0,0,0,0,8,625,5,45,0,0,0,0,0,0,0,0,0,0,0,0,0,0,0,0,0,0,0,0,0,0,248,17547,0,0,0,0
25808.047,16429,60,0,0,0,0,0,8,666,5,45,0,0,0,0,0,0,0,0,0,0,0,0,0,0,0,0,0,0,0,0,0,0,227,16152,0,0,0,0
25825.024,16977,58,0,0,0,0,0,8,632,5,45,0,0,0,0,0,0,0,0,0,0,0,0,0,0,0,0,0,0,0,0,0,0,222,16682,0,0,0,0
25841.655,16630,60,0,0,0,0,0,8,597,5,45,0,0,0,0,0,0,0,0,0,0,0,0,0,0,0,0,0,0,0,0,0,0,222,16750,0,0,0,0
25858.473,16818,59,0,0,0,0,0,8,670,5,45,0,0,0,0,0,0,0,0,0,0,0,0,0,0,0,0,0,0,0,0,0,0,233,16643,0,0,0,0
25875.091,16617,60,0,0,0,0,0,8,663,5,45,0,0,0,0,0,0,0,0,0,0,0,0,0,0,0,0,0,0,0,0,0,0,233,17146,0,0,0,0
25892.339,17247,57,0,0,0,0,0,8,597,5,45,0,0,0,0,0,0,0,0,0,0,0,0,0,0,0,0,0,0,0,0,0,0,234,16469,0,0,0,0
25908.340,16001,62,0,0,0,0,0,8,622,5,45,0,0,0,0,0,0,0,0,0,0,0,0,0,0,0,0,0,0,0,0,0,0,234,17044,0,0,0,0
25924.853,16513,60,0,0,0,0,0,8,627,5,45,0,0,0,0,0,0,0,0,0,0,0,0,0,0,0,0,0,0,0,0,0,0,230,16043,0,0,0,0
25941.522,16669,59,0,0,0,0,0,8,640,5,45,0,0,0,0,0,0,0,0,0,0,0,0,0,0,0,0,0,0,0,0,0,0,250,16984,0,0,0,0
25958.187,16664,60,0,0,0,0,0,8,821,5,45,0,0,0,0,0,0,0,0,0,0,0,0,0,0,0,0,0,0,0,0,0,0,231,16765,0,0,0,0
25975.336,17149,58,0,0,0,0,0,8,997,5,45,0,0,0,0,0,0,0,0,0,0,0,0,0,0,0,0,0,0,0,0,0,0,230,17431,0,0,0,0
25991.045,15708,63,0,0,0,0,0,8,602,5,45,0,0,0,0,0,0,0,0,0,0,0,0,0,0,0,0,0,0,0,0,0,0,224,15955,0,0,0,0
26008.404,17349,57,0,0,0,0,0,8,768,5,45,0,0,0,0,0,0,0,0,0,0,0,0,0,0,0,0,0,0,0,0,0,0,213,15660,0,0,0,0
26025.146,16751,59,0,0,0,0,0,8,769,5,45,0,0,0,0,0,0,0,0,0,0,0,0,0,0,0,0,0,0,0,0,0,0,239,17652,0,0,0,0
26042.129,16982,58,0,0,0,0,0,8,585,5,45,0,0,0,0,0,0,0,0,0,0,0,0,0,0,0,0,0,0,0,0,0,0,235,16458,0,0,0,0
26058.361,16232,61,0,0,0,0,0,8,654,5,45,0,0,0,0,0,0,0,0,0,0,0,0,0,0,0,0,0,0,0,0,0,0,223,17073,0,0,0,0
26075.003,16641,60,0,0,0,0,0,8,609,5,45,0,0,0,0,0,0,0,0,0,0,0,0,0,0,0,0,0,0,0,0,0,0,218,15911,0,0,0,0
26091.624,16620,60,0,0,0,0,0,8,578,5,45,0,0,0,0,0,0,0,0,0,0,0,0,0,0,0,0,0,0,0,0,0,0,243,16709,0,0,0,0
26109.336,17712,56,0,0,0,0,0,8,652,5,45,0,0,0,0,0,0,0,0,0,0,0,0,0,0,0,0,0,0,0,0,0,0,229,16606,0,0,0,0
26124.734,15398,64,0,0,0,0,0,8,602,5,45,0,0,0,0,0,0,0,0,0,0,0,0,0,0,0,0,0,0,0,0,0,0,241,17790,0,0,0,0
26141.471,16736,59,0,0,0,0,0,8,621,5,45,0,0,0,0,0,0,0,0,0,0,0,0,0,0,0,0,0,0,0,0,0,0,237,15947,0,0,0,0
26158.438,16967,58,0,0,0,0,0,8,621,5,45,0,0,0,0,0,0,0,0,0,0,0,0,0,0,0,0,0,0,0,0,0,0,229,16176,0,0,0,0
26175.334,16895,59,0,0,0,0,0,8,605,5,45,0,0,0,0,0,0,0,0,0,0,0,0,0,0,0,0,0,0,0,0,0,0,215,16929,0,0,0,0
26191.301,15967,62,0,0,0,0,0,8,621,5,45,0,0,0,0,0,0,0,0,0,0,0,0,0,0,0,0,0,0,0,0,0,0,232,16986,0,0,0,0
26208.024,16722,59,0,0,0,0,0,8,649,5,45,0,0,0,0,0,0,0,0,0,0,0,0,0,0,0,0,0,0,0,0,0,0,227,15875,0,0,0,0
26225.359,17335,57,0,0,0,0,0,8,607,5,45,0,0,0,0,0,0,0,0,0,0,0,0,0,0,0,0,0,0,0,0,0,0,228,16726,0,0,0,0
26241.580,16220,61,0,0,0,0,0,8,584,5,45,0,0,0,0,0,0,0,0,0,0,0,0,0,0,0,0,0,0,0,0,0,0,243,17372,0,0,0,0
26258.476,16895,59,0,0,0,0,0,8,649,5,45,0,0,0,0,0,0,0,0,0,0,0,0,0,0,0,0,0,0,0,0,0,0,235,16188,0,0,0,0
26275.346,16870,59,0,0,0,0,0,8,617,5,45,0,0,0,0,0,0,0,0,0,0,0,0,0,0,0,0,0,0,0,0,0,0,226,16894,0,0,0,0
26291.684,16338,61,0,0,0,0,0,8,607,5,45,0,0,0,0,0,0,0,0,0,0,0,0,0,0,0,0,0,0,0,0,0,0,232,16931,0,0,0,0
26308.331,16646,60,0,0,0,0,0,8,613,5,45,0,0,0,0,0,0,0,0,0,0,0,0,0,0,0,0,0,0,0,0,0,0,222,16250,0,0,0,0
26325.335,17003,58,0,0,0,0,0,8,609,5,45,0,0,0,0,0,0,0,0,0,0,0,0,0,0,0,0,0,0,0,0,0,0,247,16690,0,0,0,0
26341.559,16224,61,0,0,0,0,0,8,625,5,45,0,0,0,0,0,0,0,0,0,0,0,0,0,0,0,0,0,0,0,0,0,0,236,16968,0,0,0,0
26357.939,16379,61,0,0,0,0,0,8,645,5,45,0,0,0,0,0,0,0,0,0,0,0,0,0,0,0,0,0,0,0,0,0,0,233,16226,0,0,0,0
26374.579,16639,60,0,0,0,0,0,8,652,5,45,0,0,0,0,0,0,0,0,0,0,0,0,0,0,0,0,0,0,0,0,0,0,230,16348,0,0,0,0
26391.473,16894,59,0,0,0,0,0,8,542,5,45,0,0,0,0,0,0,0,0,0,0,0,0,0,0,0,0,0,0,0,0,0,0,233,16918,0,0,0,0
26408.411,16926,59,0,0,0,0,0,8,649,5,45,0,0,0,0,0,0,0,0,0,0,0,0,0,0,0,0,0,0,0,0,0,0,235,16669,0,0,0,0
26424.735,16335,61,0,0,0,0,0,8,602,5,45,0,0,0,0,0,0,0,0,0,0,0,0,0,0,0,0,0,0,0,0,0,0,228,16934,0,0,0,0
26441.467,16732,59,0,0,0,0,0,8,627,5,45,0,0,0,0,0,0,0,0,0,0,0,0,0,0,0,0,0,0,0,0,0,0,231,16870,0,0,0,0
26457.935,16468,60,0,0,0,0,0,8,646,5,45,0,0,0,0,0,0,0,0,0,0,0,0,0,0,0,0,0,0,0,0,0,0,212,16073,0,0,0,0
26474.942,17006,58,0,0,0,0,0,8,621,5,45,0,0,0,0,0,0,0,0,0,0,0,0,0,0,0,0,0,0,0,0,0,0,235,16574,0,0,0,0
26492.332,17390,57,0,0,0,0,0,8,578,5,45,0,0,0,0,0,0,0,0,0,0,0,0,0,0,0,0,0,0,0,0,0,0,239,17371,0,0,0,0
26508.355,16023,62,0,0,0,0,0,8,648,5,45,0,0,0,0,0,0,0,0,0,0,0,0,0,0,0,0,0,0,0,0,0,0,235,17133,0,0,0,0
26525.111,16755,59,0,0,0,0,0,8,648,5,45,0,0,0,0,0,0,0,0,0,0,0,0,0,0,0,0,0,0,0,0,0,0,225,15898,0,0,0,0
26542.332,17220,58,0,0,0,0,0,8,592,5,45,0,0,0,0,0,0,0,0,0,0,0,0,0,0,0,0,0,0,0,0,0,0,212,16807,0,0,0,0
26557.932,15600,64,0,0,0,0,0,8,622,5,45,0,0,0,0,0,0,0,0,0,0,0,0,0,0,0,0,0,0,0,0,0,0,228,17294,0,0,0,0
26575.003,17070,58,0,0,0,0,0,8,663,5,45,0,0,0,0,0,0,0,0,0,0,0,0,0,0,0,0,0,0,0,0,0,0,217,15465,0,0,0,0
26592.333,17330,57,0,0,0,0,0,8,592,5,45,0,0,0,0,0,0,0,0,0,0,0,0,0,0,0,0,0,0,0,0,0,0,229,17379,0,0,0,0
26608.414,16081,62,0,0,0,0,0,8,659,5,45,0,0,0,0,0,0,0,0,0,0,0,0,0,0,0,0,0,0,0,0,0,0,239,17137,0,0,0,0
26624.864,16450,60,0,0,0,0,0,8,605,5,45,0,0,0,0,0,0,0,0,0,0,0,0,0,0,0,0,0,0,0,0,0,0,215,16124,0,0,0,0
26642.214,17349,57,0,0,0,0,0,8,615,5,45,0,0,0,0,0,0,0,0,0,0,0,0,0,0,0,0,0,0,0,0,0,0,218,16738,0,0,0,0
26658.037,15823,63,0,0,0,0,0,8,661,5,45,0,0,0,0,0,0,0,0,0,0,0,0,0,0,0,0,0,0,0,0,0,0,237,17029,0,0,0,0
26675.854,17817,56,0,0,0,0,0,8,670,5,45,0,0,0,0,0,0,0,0,0,0,0,0,0,0,0,0,0,0,0,0,0,0,209,15617,0,0,0,0
26691.503,15648,63,0,0,0,0,0,8,589,5,45,0,0,0,0,0,0,0,0,0,0,0,0,0,0,0,0,0,0,0,0,0,0,240,18022,0,0,0,0
26708.410,16897,59,0,0,0,0,0,8,622,5,45,0,0,0,0,0,0,0,0,0,0,0,0,0,0,0,0,0,0,0,0,0,0,206,15445,0,0,0,0
26724.539,16138,61,0,0,0,0,0,8,630,5,45,0,0,0,0,0,0,0,0,0,0,0,0,0,0,0,0,0,0,0,0,0,0,256,17080,0,0,0,0
26742.332,17793,56,0,0,0,0,0,8,623,5,45,0,0,0,0,0,0,0,0,0,0,0,0,0,0,0,0,0,0,0,0,0,0,228,16119,0,0,0,0
26757.902,15569,64,0,0,0,0,0,8,657,5,45,0,0,0,0,0,0,0,0,0,0,0,0,0,0,0,0,0,0,0,0,0,0,236,17842,0,0,0,0
26774.903,17000,58,0,0,0,0,0,8,667,5,45,0,0,0,0,0,0,0,0,0,0,0,0,0,0,0,0,0,0,0,0,0,0,214,15335,0,0,0,0
26791.600,16696,59,0,0,0,0,0,8,554,5,45,0,0,0,0,0,0,0,0,0,0,0,0,0,0,0,0,0,0,0,0,0,0,237,17154,0,0,0,0
26807.498,15898,62,0,0,0,0,0,8,664,5,45,0,0,0,0,0,0,0,0,0,0,0,0,0,0,0,0,0,0,0,0,0,0,242,16699,0,0,0,0
26824.658,17159,58,0,0,0,0,0,8,627,5,45,0,0,0,0,0,0,0,0,0,0,0,0,0,0,0,0,0,0,0,0,0,0,218,15866,0,0,0,0
26841.711,17053,58,0,0,0,0,0,8,627,5,45,0,0,0,0,0,0,0,0,0,0,0,0,0,0,0,0,0,0,0,0,0,0,244,17793,0,0,0,0
26858.340,16618,60,0,0,0,0,0,8,662,5,45,0,0,0,0,0,0,0,0,0,0,0,0,0,0,0,0,0,0,0,0,0,0,231,16509,0,0,0,0
26874.881,16552,60,0,0,0,0,0,8,627,5,45,0,0,0,0,0,0,0,0,0,0,0,0,0,0,0,0,0,0,0,0,0,0,231,16557,0,0,0,0
26892.332,17450,57,0,0,0,0,0,8,592,5,45,0,0,0,0,0,0,0,0,0,0,0,0,0,0,0,0,0,0,0,0,0,0,215,16557,0,0,0,0
26908.386,16054,62,0,0,0,0,0,8,653,5,45,0,0,0,0,0,0,0,0,0,0,0,0,0,0,0,0,0,0,0,0,0,0,246,17558,0,0,0,0
26924.742,16356,61,0,0,0,0,0,8,624,5,45,0,0,0,0,0,0,0,0,0,0,0,0,0,0,0,0,0,0,0,0,0,0,261,15977,0,0,0,0
26941.472,16729,59,0,0,0,0,0,8,630,5,45,0,0,0,0,0,0,0,0,0,0,0,0,0,0,0,0,0,0,0,0,0,0,240,16846,0,0,0,0
26958.394,16922,59,0,0,0,0,0,8,629,5,45,0,0,0,0,0,0,0,0,0,0,0,0,0,0,0,0,0,0,0,0,0,0,208,16076,0,0,0,0
26975.337,16943,59,0,0,0,0,0,8,624,5,45,0,0,0,0,0,0,0,0,0,0,0,0,0,0,0,0,0,0,0,0,0,0,235,17047,0,0,0,0
26991.613,16275,61,0,0,0,0,0,8,627,5,45,0,0,0,0,0,0,0,0,0,0,0,0,0,0,0,0,0,0,0,0,0,0,232,17006,0,0,0,0
27008.054,16440,60,0,0,0,0,0,8,660,5,45,0,0,0,0,0,0,0,0,0,0,0,0,0,0,0,0,0,0,0,0,0,0,227,16101,0,0,0,0
27025.327,17274,57,0,0,0,0,0,8,612,5,45,0,0,0,0,0,0,0,0,0,0,0,0,0,0,0,0,0,0,0,0,0,0,226,16525,0,0,0,0
27041.140,15812,63,0,0,0,0,0,8,610,5,45,0,0,0,0,0,0,0,0,0,0,0,0,0,0,0,0,0,0,0,0,0,0,239,17306,0,0,0,0
27058.461,17321,57,0,0,0,0,0,8,666,5,45,0,0,0,0,0,0,0,0,0,0,0,0,0,0,0,0,0,0,0,0,0,0,234,15797,0,0,0,0
27074.846,16384,61,0,0,0,0,0,8,619,5,45,0,0,0,0,0,0,0,0,0,0,0,0,0,0,0,0,0,0,0,0,0,0,231,17329,0,0,0,0
27091.474,16627,60,0,0,0,0,0,8,627,5,45,0,0,0,0,0,0,0,0,0,0,0,0,0,0,0,0,0,0,0,0,0,0,229,16783,0,0,0,0
27107.914,16440,60,0,0,0,0,0,8,627,5,45,0,0,0,0,0,0,0,0,0,0,0,0,0,0,0,0,0,0,0,0,0,0,238,16188,0,0,0,0
27124.340,16426,60,0,0,0,0,0,8,594,5,45,0,0,0,0,0,0,0,0,0,0,0,0,0,0,0,0,0,0,0,0,0,0,221,16455,0,0,0,0
27141.492,17151,58,0,0,0,0,0,8,664,5,45,0,0,0,0,0,0,0,0,0,0,0,0,0,0,0,0,0,0,0,0,0,0,231,16464,0,0,0,0
27158.328,16836,59,0,0,0,0,0,8,656,5,45,0,0,0,0,0,0,0,0,0,0,0,0,0,0,0,0,0,0,0,0,0,0,224,17087,0,0,0,0
27175.853,17525,57,0,0,0,0,0,8,666,5,45,0,0,0,0,0,0,0,0,0,0,0,0,0,0,0,0,0,0,0,0,0,0,235,16903,0,0,0,0
27192.328,16475,60,0,0,0,0,0,8,555,5,45,0,0,0,0,0,0,0,0,0,0,0,0,0,0,0,0,0,0,0,0,0,0,240,17593,0,0,0,0
27208.331,16002,62,0,0,0,0,0,8,657,5,45,0,0,0,0,0,0,0,0,0,0,0,0,0,0,0,0,0,0,0,0,0,0,240,16496,0,0,0,0
27224.848,16516,60,0,0,0,0,0,8,612,5,45,0,0,0,0,0,0,0,0,0,0,0,0,0,0,0,0,0,0,0,0,0,0,231,15898,0,0,0,0
27242.334,17485,57,0,0,0,0,0,8,641,5,45,0,0,0,0,0,0,0,0,0,0,0,0,0,0,0,0,0,0,0,0,0,0,244,16938,0,0,0,0
27259.324,16990,58,0,0,0,0,0,8,656,5,45,0,0,0,0,0,0,0,0,0,0,0,0,0,0,0,0,0,0,0,0,0,0,255,17165,0,0,0,0
27274.412,15088,66,0,0,0,0,0,8,597,5,45,0,0,0,0,0,0,0,0,0,0,0,0,0,0,0,0,0,0,0,0,0,0,239,16924,0,0,0,0
27292.335,17923,55,0,0,0,0,0,8,624,5,45,0,0,0,0,0,0,0,0,0,0,0,0,0,0,0,0,0,0,0,0,0,0,210,14968,0,0,0,0
27307.912,15576,64,0,0,0,0,0,8,655,5,45,0,0,0,0,0,0,0,0,0,0,0,0,0,0,0,0,0,0,0,0,0,0,244,18090,0,0,0,0
27325.332,17420,57,0,0,0,0,0,8,628,5,45,0,0,0,0,0,0,0,0,0,0,0,0,0,0,0,0,0,0,0,0,0,0,211,15436,0,0,0,0
27341.416,16083,62,0,0,0,0,0,8,632,5,45,0,0,0,0,0,0,0,0,0,0,0,0,0,0,0,0,0,0,0,0,0,0,221,17401,0,0,0,0
27358.416,17000,58,0,0,0,0,0,8,623,5,45,0,0,0,0,0,0,0,0,0,0,0,0,0,0,0,0,0,0,0,0,0,0,237,16169,0,0,0,0
27375.329,16912,59,0,0,0,0,0,8,665,5,45,0,0,0,0,0,0,0,0,0,0,0,0,0,0,0,0,0,0,0,0,0,0,242,17008,0,0,0,0
27392.328,16998,58,0,0,0,0,0,8,593,5,45,0,0,0,0,0,0,0,0,0,0,0,0,0,0,0,0,0,0,0,0,0,0,244,16867,0,0,0,0
27408.399,16071,62,0,0,0,0,0,8,661,5,45,0,0,0,0,0,0,0,0,0,0,0,0,0,0,0,0,0,0,0,0,0,0,234,16999,0,0,0,0
27424.878,16479,60,0,0,0,0,0,8,622,5,45,0,0,0,0,0,0,0,0,0,0,0,0,0,0,0,0,0,0,0,0,0,0,231,16106,0,0,0,0
27441.641,16762,59,0,0,0,0,0,8,597,5,45,0,0,0,0,0,0,0,0,0,0,0,0,0,0,0,0,0,0,0,0,0,0,223,16503,0,0,0,0
27458.467,16825,59,0,0,0,0,0,8,824,5,45,0,0,0,0,0,0,0,0,0,0,0,0,0,0,0,0,0,0,0,0,0,0,227,17277,0,0,0,0
27474.868,16401,60,0,0,0,0,0,8,1045,5,45,0,0,0,0,0,0,0,0,0,0,0,0,0,0,0,0,0,0,0,0,0,0,248,18964,0,0,0,0
27491.627,16759,59,0,0,0,0,0,8,614,5,45,0,0,0,0,0,0,0,0,0,0,0,0,0,0,0,0,0,0,0,0,0,0,213,13845,0,0,0,0
27508.156,16528,60,0,0,0,0,0,8,726,5,45,0,0,0,0,0,0,0,0,0,0,0,0,0,0,0,0,0,0,0,0,0,0,231,16848,0,0,0,0
27524.357,16200,61,0,0,0,0,0,8,705,5,45,0,0,0,0,0,0,0,0,0,0,0,0,0,0,0,0,0,0,0,0,0,0,262,16818,0,0,0,0
27542.326,17969,55,0,0,0,0,0,8,665,5,45,0,0,0,0,0,0,0,0,0,0,0,0,0,0,0,0,0,0,0,0,0,0,216,15702,0,0,0,0
27557.594,15268,65,0,0,0,0,0,8,652,5,45,0,0,0,0,0,0,0,0,0,0,0,0,0,0,0,0,0,0,0,0,0,0,226,18037,0,0,0,0
27574.852,17257,57,0,0,0,0,0,8,620,5,45,0,0,0,0,0,0,0,0,0,0,0,0,0,0,0,0,0,0,0,0,0,0,216,15161,0,0,0,0
27591.461,16609,60,0,0,0,0,0,8,585,5,45,0,0,0,0,0,0,0,0,0,0,0,0,0,0,0,0,0,0,0,0,0,0,228,17640,0,0,0,0
27608.331,16869,59,0,0,0,0,0,8,659,5,45,0,0,0,0,0,0,0,0,0,0,0,0,0,0,0,0,0,0,0,0,0,0,236,16245,0,0,0,0
27625.841,17509,57,0,0,0,0,0,8,655,5,45,0,0,0,0,0,0,0,0,0,0,0,0,0,0,0,0,0,0,0,0,0,0,237,16852,0,0,0,0
27641.384,15542,64,0,0,0,0,0,8,580,5,45,0,0,0,0,0,0,0,0,0,0,0,0,0,0,0,0,0,0,0,0,0,0,229,17484,0,0,0,0
27658.365,16982,58,0,0,0,0,0,8,651,5,45,0,0,0,0,0,0,0,0,0,0,0,0,0,0,0,0,0,0,0,0,0,0,202,15459,0,0,0,0
27675.328,16962,58,0,0,0,0,0,8,588,5,45,0,0,0,0,0,0,0,0,0,0,0,0,0,0,0,0,0,0,0,0,0,0,218,17070,0,0,0,0
27692.352,17023,58,0,0,0,0,0,8,619,5,45,0,0,0,0,0,0,0,0,0,0,0,0,0,0,0,0,0,0,0,0,0,0,230,17091,0,0,0,0
27708.058,15706,63,0,0,0,0,0,8,669,5,45,0,0,0,0,0,0,0,0,0,0,0,0,0,0,0,0,0,0,0,0,0,0,229,17174,0,0,0,0
27724.901,16842,59,0,0,0,0,0,8,672,5,45,0,0,0,0,0,0,0,0,0,0,0,0,0,0,0,0,0,0,0,0,0,0,229,15444,0,0,0,0
27741.458,16557,60,0,0,0,0,0,8,599,5,45,0,0,0,0,0,0,0,0,0,0,0,0,0,0,0,0,0,0,0,0,0,0,233,16899,0,0,0,0
27758.023,16564,60,0,0,0,0,0,8,628,5,45,0,0,0,0,0,0,0,0,0,0,0,0,0,0,0,0,0,0,0,0,0,0,226,16520,0,0,0,0
27775.841,17818,56,0,0,0,0,0,8,672,5,45,0,0,0,0,0,0,0,0,0,0,0,0,0,0,0,0,0,0,0,0,0,0,239,16561,0,0,0,0
27792.330,16488,60,0,0,0,0,0,8,599,5,45,0,0,0,0,0,0,0,0,0,0,0,0,0,0,0,0,0,0,0,0,0,0,229,17915,0,0,0,0
27808.372,16042,62,0,0,0,0,0,8,664,5,45,0,0,0,0,0,0,0,0,0,0,0,0,0,0,0,0,0,0,0,0,0,0,227,16488,0,0,0,0
27824.837,16464,60,0,0,0,0,0,8,619,5,45,0,0,0,0,0,0,0,0,0,0,0,0,0,0,0,0,0,0,0,0,0,0,228,15959,0,0,0,0
27841.461,16624,60,0,0,0,0,0,8,616,5,45,0,0,0,0,0,0,0,0,0,0,0,0,0,0,0,0,0,0,0,0,0,0,231,16480,0,0,0,0
27858.027,16566,60,0,0,0,0,0,8,667,5,45,0,0,0,0,0,0,0,0,0,0,0,0,0,0,0,0,0,0,0,0,0,0,228,16905,0,0,0,0
27874.337,16310,61,0,0,0,0,0,8,600,5,45,0,0,0,0,0,0,0,0,0,0,0,0,0,0,0,0,0,0,0,0,0,0,228,16238,0,0,0,0
27891.455,17117,58,0,0,0,0,0,8,670,5,45,0,0,0,0,0,0,0,0,0,0,0,0,0,0,0,0,0,0,0,0,0,0,225,16333,0,0,0,0
27908.858,17403,57,0,0,0,0,0,8,633,5,45,0,0,0,0,0,0,0,0,0,0,0,0,0,0,0,0,0,0,0,0,0,0,248,17193,0,0,0,0
27924.846,15988,62,0,0,0,0,0,8,628,5,45,0,0,0,0,0,0,0,0,0,0,0,0,0,0,0,0,0,0,0,0,0,0,237,17302,0,0,0,0
27942.318,17472,57,0,0,0,0,0,8,642,5,45,0,0,0,0,0,0,0,0,0,0,0,0,0,0,0,0,0,0,0,0,0,0,226,16429,0,0,0,0
27958.459,16140,61,0,0,0,0,0,8,681,5,45,0,0,0,0,0,0,0,0,0,0,0,0,0,0,0,0,0,0,0,0,0,0,253,17191,0,0,0,0
27974.685,16226,61,0,0,0,0,0,8,679,5,45,0,0,0,0,0,0,0,0,0,0,0,0,0,0,0,0,0,0,0,0,0,0,233,16032,0,0,0,0
27991.456,16771,59,0,0,0,0,0,8,574,5,45,0,0,0,0,0,0,0,0,0,0,0,0,0,0,0,0,0,0,0,0,0,0,240,16542,0,0,0,0
28008.048,16592,60,0,0,0,0,0,8,679,5,45,0,0,0,0,0,0,0,0,0,0,0,0,0,0,0,0,0,0,0,0,0,0,238,16450,0,0,0,0
28025.840,17792,56,0,0,0,0,0,8,682,5,45,0,0,0,0,0,0,0,0,0,0,0,0,0,0,0,0,0,0,0,0,0,0,236,16543,0,0,0,0
28041.562,15721,63,0,0,0,0,0,8,608,5,45,0,0,0,0,0,0,0,0,0,0,0,0,0,0,0,0,0,0,0,0,0,0,248,18294,0,0,0,0
28058.038,16476,60,0,0,0,0,0,8,679,5,45,0,0,0,0,0,0,0,0,0,0,0,0,0,0,0,0,0,0,0,0,0,0,237,15158,0,0,0,0
28075.016,16977,58,0,0,0,0,0,8,648,5,45,0,0,0,0,0,0,0,0,0,0,0,0,0,0,0,0,0,0,0,0,0,0,244,16819,0,0,0,0
28092.333,17317,57,0,0,0,0,0,8,612,5,45,0,0,0,0,0,0,0,0,0,0,0,0,0,0,0,0,0,0,0,0,0,0,253,17011,0,0,0,0
28107.578,15244,65,0,0,0,0,0,8,675,5,45,0,0,0,0,0,0,0,0,0,0,0,0,0,0,0,0,0,0,0,0,0,0,252,17356,0,0,0,0
28124.977,17398,57,0,0,0,0,0,8,685,5,45,0,0,0,0,0,0,0,0,0,0,0,0,0,0,0,0,0,0,0,0,0,0,245,14885,0,0,0,0
28142.321,17344,57,0,0,0,0,0,8,613,5,45,0,0,0,0,0,0,0,0,0,0,0,0,0,0,0,0,0,0,0,0,0,0,233,17702,0,0,0,0
28158.462,16140,61,0,0,0,0,0,8,633,5,45,0,0,0,0,0,0,0,0,0,0,0,0,0,0,0,0,0,0,0,0,0,0,248,17192,0,0,0,0
28174.892,16430,60,0,0,0,0,0,8,686,5,45,0,0,0,0,0,0,0,0,0,0,0,0,0,0,0,0,0,0,0,0,0,0,236,16013,0,0,0,0
28191.459,16566,60,0,0,0,0,0,8,610,5,45,0,0,0,0,0,0,0,0,0,0,0,0,0,0,0,0,0,0,0,0,0,0,241,16475,0,0,0,0
28208.455,16996,58,0,0,0,0,0,8,682,5,45,0,0,0,0,0,0,0,0,0,0,0,0,0,0,0,0,0,0,0,0,0,0,246,16874,0,0,0,0
28224.333,15878,62,0,0,0,0,0,8,612,5,45,0,0,0,0,0,0,0,0,0,0,0,0,0,0,0,0,0,0,0,0,0,0,232,16643,0,0,0,0
28241.820,17486,57,0,0,0,0,0,8,644,5,45,0,0,0,0,0,0,0,0,0,0,0,0,0,0,0,0,0,0,0,0,0,0,234,15927,0,0,0,0
28258.010,16189,61,0,0,0,0,0,8,679,5,45,0,0,0,0,0,0,0,0,0,0,0,0,0,0,0,0,0,0,0,0,0,0,244,17560,0,0,0,0
28274.762,16752,59,0,0,0,0,0,8,658,5,45,0,0,0,0,0,0,0,0,0,0,0,0,0,0,0,0,0,0,0,0,0,0,247,16071,0,0,0,0
28291.673,16910,59,0,0,0,0,0,8,639,5,45,0,0,0,0,0,0,0,0,0,0,0,0,0,0,0,0,0,0,0,0,0,0,247,17275,0,0,0,0
28308.339,16665,60,0,0,0,0,0,8,645,5,45,0,0,0,0,0,0,0,0,0,0,0,0,0,0,0,0,0,0,0,0,0,0,236,16417,0,0,0,0
28325.847,17508,57,0,0,0,0,0,8,684,5,45,0,0,0,0,0,0,0,0,0,0,0,0,0,0,0,0,0,0,0,0,0,0,263,16689,0,0,0,0
28341.525,15678,63,0,0,0,0,0,8,606,5,45,0,0,0,0,0,0,0,0,0,0,0,0,0,0,0,0,0,0,0,0,0,0,243,17560,0,0,0,0
28359.327,17801,56,0,0,0,0,0,8,683,5,45,0,0,0,0,0,0,0,0,0,0,0,0,0,0,0,0,0,0,0,0,0,0,230,15540,0,0,0,0
28374.645,15318,65,0,0,0,0,0,8,631,5,45,0,0,0,0,0,0,0,0,0,0,0,0,0,0,0,0,0,0,0,0,0,0,247,17847,0,0,0,0
28392.321,17675,56,0,0,0,0,0,8,619,5,45,0,0,0,0,0,0,0,0,0,0,0,0,0,0,0,0,0,0,0,0,0,0,212,15289,0,0,0,0
28408.462,16141,61,0,0,0,0,0,8,682,5,45,0,0,0,0,0,0,0,0,0,0,0,0,0,0,0,0,0,0,0,0,0,0,256,17807,0,0,0,0
28424.865,16402,60,0,0,0,0,0,8,679,5,45,0,0,0,0,0,0,0,0,0,0,0,0,0,0,0,0,0,0,0,0,0,0,229,16073,0,0,0,0
28441.616,16750,59,0,0,0,0,0,8,611,5,45,0,0,0,0,0,0,0,0,0,0,0,0,0,0,0,0,0,0,0,0,0,0,228,16416,0,0,0,0
28458.000,16383,61,0,0,0,0,0,8,678,5,45,0,0,0,0,0,0,0,0,0,0,0,0,0,0,0,0,0,0,0,0,0,0,237,16710,0,0,0,0
28474.834,16834,59,0,0,0,0,0,8,612,5,45,0,0,0,0,0,0,0,0,0,0,0,0,0,0,0,0,0,0,0,0,0,0,233,16315,0,0,0,0
28491.450,16615,60,0,0,0,0,0,8,645,5,45,0,0,0,0,0,0,0,0,0,0,0,0,0,0,0,0,0,0,0,0,0,0,234,17302,0,0,0,0
28508.328,16877,59,0,0,0,0,0,8,679,5,45,0,0,0,0,0,0,0,0,0,0,0,0,0,0,0,0,0,0,0,0,0,0,270,16279,0,0,0,0
28524.554,16226,61,0,0,0,0,0,8,631,5,45,0,0,0,0,0,0,0,0,0,0,0,0,0,0,0,0,0,0,0,0,0,0,247,16820,0,0,0,0
28542.326,17772,56,0,0,0,0,0,8,657,5,45,0,0,0,0,0,0,0,0,0,0,0,0,0,0,0,0,0,0,0,0,0,0,240,16930,0,0,0,0
28558.451,16125,62,0,0,0,0,0,8,641,5,45,0,0,0,0,0,0,0,0,0,0,0,0,0,0,0,0,0,0,0,0,0,0,249,17157,0,0,0,0
28575.313,16861,59,0,0,0,0,0,8,645,5,45,0,0,0,0,0,0,0,0,0,0,0,0,0,0,0,0,0,0,0,0,0,0,243,16000,0,0,0,0
28592.322,17009,58,0,0,0,0,0,8,646,5,45,0,0,0,0,0,0,0,0,0,0,0,0,0,0,0,0,0,0,0,0,0,0,238,16954,0,0,0,0
28608.452,16130,61,0,0,0,0,0,8,682,5,45,0,0,0,0,0,0,0,0,0,0,0,0,0,0,0,0,0,0,0,0,0,0,244,17049,0,0,0,0
28625.008,16556,60,0,0,0,0,0,8,651,5,45,0,0,0,0,0,0,0,0,0,0,0,0,0,0,0,0,0,0,0,0,0,0,233,16037,0,0,0,0
28641.620,16611,60,0,0,0,0,0,8,606,5,45,0,0,0,0,0,0,0,0,0,0,0,0,0,0,0,0,0,0,0,0,0,0,218,16750,0,0,0,0
28658.382,16762,59,0,0,0,0,0,8,684,5,45,0,0,0,0,0,0,0,0,0,0,0,0,0,0,0,0,0,0,0,0,0,0,233,16352,0,0,0,0
28674.632,16250,61,0,0,0,0,0,8,636,5,45,0,0,0,0,0,0,0,0,0,0,0,0,0,0,0,0,0,0,0,0,0,0,234,16829,0,0,0,0
28692.326,17693,56,0,0,0,0,0,8,658,5,45,0,0,0,0,0,0,0,0,0,0,0,0,0,0,0,0,0,0,0,0,0,0,247,16881,0,0,0,0
28707.998,15671,63,0,0,0,0,0,8,640,5,45,0,0,0,0,0,0,0,0,0,0,0,0,0,0,0,0,0,0,0,0,0,0,237,17037,0,0,0,0
28724.690,16692,59,0,0,0,0,0,8,686,5,45,0,0,0,0,0,0,0,0,0,0,0,0,0,0,0,0,0,0,0,0,0,0,234,15698,0,0,0,0
28741.519,16828,59,0,0,0,0,0,8,611,5,45,0,0,0,0,0,0,0,0,0,0,0,0,0,0,0,0,0,0,0,0,0,0,228,16737,0,0,0,0
28759.315,17796,56,0,0,0,0,0,8,683,5,45,0,0,0,0,0,0,0,0,0,0,0,0,0,0,0,0,0,0,0,0,0,0,246,16729,0,0,0,0
28775.075,15760,63,0,0,0,0,0,8,679,5,45,0,0,0,0,0,0,0,0,0,0,0,0,0,0,0,0,0,0,0,0,0,0,233,17891,0,0,0,0
28792.316,17241,58,0,0,0,0,0,8,573,5,45,0,0,0,0,0,0,0,0,0,0,0,0,0,0,0,0,0,0,0,0,0,0,223,15876,0,0,0,0
28808.087,15770,63,0,0,0,0,0,8,679,5,45,0,0,0,0,0,0,0,0,0,0,0,0,0,0,0,0,0,0,0,0,0,0,253,17054,0,0,0,0
28825.833,17746,56,0,0,0,0,0,8,682,5,45,0,0,0,0,0,0,0,0,0,0,0,0,0,0,0,0,0,0,0,0,0,0,243,15970,0,0,0,0
28842.312,16478,60,0,0,0,0,0,8,614,5,45,0,0,0,0,0,0,0,0,0,0,0,0,0,0,0,0,0,0,0,0,0,0,231,17907,0,0,0,0
28857.970,15658,63,0,0,0,0,0,8,675,5,45,0,0,0,0,0,0,0,0,0,0,0,0,0,0,0,0,0,0,0,0,0,0,237,16211,0,0,0,0
28874.855,16884,59,0,0,0,0,0,8,647,5,45,0,0,0,0,0,0,0,0,0,0,0,0,0,0,0,0,0,0,0,0,0,0,219,15522,0,0,0,0
28892.319,17464,57,0,0,0,0,0,8,616,5,45,0,0,0,0,0,0,0,0,0,0,0,0,0,0,0,0,0,0,0,0,0,0,247,16999,0,0,0,0
28908.469,16149,61,0,0,0,0,0,8,678,5,45,0,0,0,0,0,0,0,0,0,0,0,0,0,0,0,0,0,0,0,0,0,0,224,17685,0,0,0,0
28924.825,16356,61,0,0,0,0,0,8,637,5,45,0,0,0,0,0,0,0,0,0,0,0,0,0,0,0,0,0,0,0,0,0,0,236,15797,0,0,0,0
28941.456,16630,60,0,0,0,0,0,8,653,5,45,0,0,0,0,0,0,0,0,0,0,0,0,0,0,0,0,0,0,0,0,0,0,237,16856,0,0,0,0
28958.343,16887,59,0,0,0,0,0,8,726,5,45,0,0,0,0,0,0,0,0,0,0,0,0,0,0,0,0,0,0,0,0,0,0,229,16492,0,0,0,0
28974.830,16486,60,0,0,0,0,0,8,4184,5,45,0,0,0,0,0,0,0,0,0,0,0,0,0,0,0,0,0,0,0,0,0,0,0,0,0,0,0,0
28991.498,16668,59,0,0,0,0,0,8,1957,5,45,0,0,0,0,0,0,0,0,0,0,0,0,0,0,0,0,0,0,0,0,0,0,350,37998,0,0,0,0
29008.311,16812,59,0,0,0,0,0,8,1582,5,45,0,0,0,0,0,0,0,0,0,0,0,0,0,0,0,0,0,0,0,0,0,0,204,14810,0,0,0,0
29024.712,16400,60,0,0,0,0,0,8,1370,5,45,0,0,0,0,0,0,0,0,0,0,0,0,0,0,0,0,0,0,0,0,0,0,221,15774,0,0,0,0
29041.442,16730,59,0,0,0,0,0,8,921,5,45,0,0,0,0,0,0,0,0,0,0,0,0,0,0,0,0,0,0,0,0,0,0,232,15206,0,0,0,0
29058.057,16615,60,0,0,0,0,0,8,809,5,45,0,0,0,0,0,0,0,0,0,0,0,0,0,0,0,0,0,0,0,0,0,0,237,16208,0,0,0,0
29074.676,16619,60,0,0,0,0,0,8,763,5,45,0,0,0,0,0,0,0,0,0,0,0,0,0,0,0,0,0,0,0,0,0,0,235,16496,0,0,0,0
29091.445,16768,59,0,0,0,0,0,8,778,5,45,0,0,0,0,0,0,0,0,0,0,0,0,0,0,0,0,0,0,0,0,0,0,233,17394,0,0,0,0
29107.980,16535,60,0,0,0,0,0,8,776,5,45,0,0,0,0,0,0,0,0,0,0,0,0,0,0,0,0,0,0,0,0,0,0,249,16030,0,0,0,0
29124.828,16847,59,0,0,0,0,0,8,758,5,45,0,0,0,0,0,0,0,0,0,0,0,0,0,0,0,0,0,0,0,0,0,0,225,16445,0,0,0,0
29141.544,16716,59,0,0,0,0,0,8,760,5,45,0,0,0,0,0,0,0,0,0,0,0,0,0,0,0,0,0,0,0,0,0,0,246,17035,0,0,0,0
29158.447,16903,59,0,0,0,0,0,8,791,5,45,0,0,0,0,0,0,0,0,0,0,0,0,0,0,0,0,0,0,0,0,0,0,247,16708,0,0,0,0
29175.317,16869,59,0,0,0,0,0,8,748,5,45,0,0,0,0,0,0,0,0,0,0,0,0,0,0,0,0,0,0,0,0,0,0,249,16870,0,0,0,0
29192.315,16998,58,0,0,0,0,0,8,706,5,45,0,0,0,0,0,0,0,0,0,0,0,0,0,0,0,0,0,0,0,0,0,0,258,16965,0,0,0,0
29208.312,15996,62,0,0,0,0,0,8,777,5,45,0,0,0,0,0,0,0,0,0,0,0,0,0,0,0,0,0,0,0,0,0,0,256,16990,0,0,0,0
29224.860,16548,60,0,0,0,0,0,8,783,5,45,0,0,0,0,0,0,0,0,0,0,0,0,0,0,0,0,0,0,0,0,0,0,237,15811,0,0,0,0
29241.447,16587,60,0,0,0,0,0,8,713,5,45,0,0,0,0,0,0,0,0,0,0,0,0,0,0,0,0,0,0,0,0,0,0,254,16680,0,0,0,0
29258.445,16997,58,0,0,0,0,0,8,783,5,45,0,0,0,0,0,0,0,0,0,0,0,0,0,0,0,0,0,0,0,0,0,0,247,16563,0,0,0,0
29274.486,16041,62,0,0,0,0,0,8,710,5,45,0,0,0,0,0,0,0,0,0,0,0,0,0,0,0,0,0,0,0,0,0,0,240,16937,0,0,0,0
29291.076,16590,60,0,0,0,0,0,8,737,5,45,0,0,0,0,0,0,0,0,0,0,0,0,0,0,0,0,0,0,0,0,0,0,258,16861,0,0,0,0
29308.444,17367,57,0,0,0,0,0,8,779,5,45,0,0,0,0,0,0,0,0,0,0,0,0,0,0,0,0,0,0,0,0,0,0,243,16012,0,0,0,0
29324.822,16378,61,0,0,0,0,0,8,741,5,45,0,0,0,0,0,0,0,0,0,0,0,0,0,0,0,0,0,0,0,0,0,0,245,17141,0,0,0,0
29341.620,16797,59,0,0,0,0,0,8,746,5,45,0,0,0,0,0,0,0,0,0,0,0,0,0,0,0,0,0,0,0,0,0,0,236,16813,0,0,0,0
29357.850,16230,61,0,0,0,0,0,8,739,5,45,0,0,0,0,0,0,0,0,0,0,0,0,0,0,0,0,0,0,0,0,0,0,230,16268,0,0,0,0
29374.326,16476,60,0,0,0,0,0,8,709,5,45,0,0,0,0,0,0,0,0,0,0,0,0,0,0,0,0,0,0,0,0,0,0,232,16390,0,0,0,0
29391.436,17110,58,0,0,0,0,0,8,784,5,45,0,0,0,0,0,0,0,0,0,0,0,0,0,0,0,0,0,0,0,0,0,0,231,16667,0,0,0,0
29407.988,16551,60,0,0,0,0,0,8,780,5,45,0,0,0,0,0,0,0,0,0,0,0,0,0,0,0,0,0,0,0,0,0,0,219,17083,0,0,0,0
29425.845,17857,56,0,0,0,0,0,8,749,5,45,0,0,0,0,0,0,0,0,0,0,0,0,0,0,0,0,0,0,0,0,0,0,237,16302,0,0,0,0
29442.308,16463,60,0,0,0,0,0,8,712,5,45,0,0,0,0,0,0,0,0,0,0,0,0,0,0,0,0,0,0,0,0,0,0,232,17936,0,0,0,0
29459.314,17005,58,0,0,0,0,0,8,780,5,45,0,0,0,0,0,0,0,0,0,0,0,0,0,0,0,0,0,0,0,0,0,0,237,16499,0,0,0,0
29474.898,15584,64,0,0,0,0,0,8,772,5,45,0,0,0,0,0,0,0,0,0,0,0,0,0,0,0,0,0,0,0,0,0,0,207,16783,0,0,0,0
29491.597,16698,59,0,0,0,0,0,8,708,5,45,0,0,0,0,0,0,0,0,0,0,0,0,0,0,0,0,0,0,0,0,0,0,219,15599,0,0,0,0
29508.428,16830,59,0,0,0,0,0,8,751,5,45,0,0,0,0,0,0,0,0,0,0,0,0,0,0,0,0,0,0,0,0,0,0,210,16632,0,0,0,0
29525.320,16891,59,0,0,0,0,0,8,754,5,45,0,0,0,0,0,0,0,0,0,0,0,0,0,0,0,0,0,0,0,0,0,0,220,17023,0,0,0,0
29542.306,16987,58,0,0,0,0,0,8,742,5,45,0,0,0,0,0,0,0,0,0,0,0,0,0,0,0,0,0,0,0,0,0,0,249,16951,0,0,0,0
29557.894,15587,64,0,0,0,0,0,8,775,5,45,0,0,0,0,0,0,0,0,0,0,0,0,0,0,0,0,0,0,0,0,0,0,248,17013,0,0,0,0
29575.822,17928,55,0,0,0,0,0,8,785,5,45,0,0,0,0,0,0,0,0,0,0,0,0,0,0,0,0,0,0,0,0,0,0,212,15284,0,0,0,0
29592.306,16483,60,0,0,0,0,0,8,674,5,45,0,0,0,0,0,0,0,0,0,0,0,0,0,0,0,0,0,0,0,0,0,0,222,18151,0,0,0,0
29608.399,16092,62,0,0,0,0,0,8,779,5,45,0,0,0,0,0,0,0,0,0,0,0,0,0,0,0,0,0,0,0,0,0,0,226,16565,0,0,0,0
29625.304,16904,59,0,0,0,0,0,8,745,5,45,0,0,0,0,0,0,0,0,0,0,0,0,0,0,0,0,0,0,0,0,0,0,229,15987,0,0,0,0
29641.474,16170,61,0,0,0,0,0,8,750,5,45,0,0,0,0,0,0,0,0,0,0,0,0,0,0,0,0,0,0,0,0,0,0,230,16985,0,0,0,0
29658.404,16930,59,0,0,0,0,0,8,785,5,45,0,0,0,0,0,0,0,0,0,0,0,0,0,0,0,0,0,0,0,0,0,0,227,16087,0,0,0,0
29675.156,16751,59,0,0,0,0,0,8,743,5,45,0,0,0,0,0,0,0,0,0,0,0,0,0,0,0,0,0,0,0,0,0,0,261,17004,0,0,0,0
29692.310,17153,58,0,0,0,0,0,8,712,5,45,0,0,0,0,0,0,0,0,0,0,0,0,0,0,0,0,0,0,0,0,0,0,234,16690,0,0,0,0
29708.304,15994,62,0,0,0,0,0,8,776,5,45,0,0,0,0,0,0,0,0,0,0,0,0,0,0,0,0,0,0,0,0,0,0,233,17619,0,0,0,0
29724.836,16532,60,0,0,0,0,0,8,737,5,45,0,0,0,0,0,0,0,0,0,0,0,0,0,0,0,0,0,0,0,0,0,0,223,15512,0,0,0,0
29742.309,17473,57,0,0,0,0,0,8,758,5,45,0,0,0,0,0,0,0,0,0,0,0,0,0,0,0,0,0,0,0,0,0,0,232,16764,0,0,0,0
29757.853,15543,64,0,0,0,0,0,8,743,5,45,0,0,0,0,0,0,0,0,0,0,0,0,0,0,0,0,0,0,0,0,0,0,221,17153,0,0,0,0
29774.317,16464,60,0,0,0,0,0,8,708,5,45,0,0,0,0,0,0,0,0,0,0,0,0,0,0,0,0,0,0,0,0,0,0,225,15767,0,0,0,0
29791.443,17126,58,0,0,0,0,0,8,779,5,45,0,0,0,0,0,0,0,0,0,0,0,0,0,0,0,0,0,0,0,0,0,0,232,16253,0,0,0,0
29807.922,16478,60,0,0,0,0,0,8,780,5,45,0,0,0,0,0,0,0,0,0,0,0,0,0,0,0,0,0,0,0,0,0,0,228,17121,0,0,0,0
29825.317,17395,57,0,0,0,0,0,8,742,5,45,0,0,0,0,0,0,0,0,0,0,0,0,0,0,0,0,0,0,0,0,0,0,230,16537,0,0,0,0
29842.318,17000,58,0,0,0,0,0,8,718,5,45,0,0,0,0,0,0,0,0,0,0,0,0,0,0,0,0,0,0,0,0,0,0,251,17906,0,0,0,0
29857.844,15525,64,0,0,0,0,0,8,775,5,45,0,0,0,0,0,0,0,0,0,0,0,0,0,0,0,0,0,0,0,0,0,0,251,16548,0,0,0,0
29874.822,16978,58,0,0,0,0,0,8,736,5,45,0,0,0,0,0,0,0,0,0,0,0,0,0,0,0,0,0,0,0,0,0,0,208,15480,0,0,0,0
29891.772,16950,58,0,0,0,0,0,8,751,5,45,0,0,0,0,0,0,0,0,0,0,0,0,0,0,0,0,0,0,0,0,0,0,224,17406,0,0,0,0
29908.378,16605,60,0,0,0,0,0,8,750,5,45,0,0,0,0,0,0,0,0,0,0,0,0,0,0,0,0,0,0,0,0,0,0,229,16543,0,0,0,0
29924.825,16447,60,0,0,0,0,0,8,738,5,45,0,0,0,0,0,0,0,0,0,0,0,0,0,0,0,0,0,0,0,0,0,0,238,16973,0,0,0,0
29942.306,17480,57,0,0,0,0,0,8,755,5,45,0,0,0,0,0,0,0,0,0,0,0,0,0,0,0,0,0,0,0,0,0,0,239,16492,0,0,0,0
29958.382,16076,62,0,0,0,0,0,8,775,5,45,0,0,0,0,0,0,0,0,0,0,0,0,0,0,0,0,0,0,0,0,0,0,229,17125,0,0,0,0
29975.299,16917,59,0,0,0,0,0,8,788,5,45,0,0,0,0,0,0,0,0,0,0,0,0,0,0,0,0,0,0,0,0,0,0,221,16024,0,0,0,0
29991.442,16142,61,0,0,0,0,0,8,672,5,45,0,0,0,0,0,0,0,0,0,0,0,0,0,0,0,0,0,0,0,0,0,0,224,16897,0,0,0,0
30007.883,16441,60,0,0,0,0,0,8,779,5,45,0,0,0,0,0,0,0,0,0,0,0,0,0,0,0,0,0,0,0,0,0,0,231,16149,0,0,0,0
30025.821,17937,55,0,0,0,0,0,8,785,5,45,0,0,0,0,0,0,0,0,0,0,0,0,0,0,0,0,0,0,0,0,0,0,223,16334,0,0,0,0
30041.440,15619,64,0,0,0,0,0,8,707,5,45,0,0,0,0,0,0,0,0,0,0,0,0,0,0,0,0,0,0,0,0,0,0,265,18093,0,0,0,0
30058.047,16607,60,0,0,0,0,0,8,784,5,45,0,0,0,0,0,0,0,0,0,0,0,0,0,0,0,0,0,0,0,0,0,0,249,15648,0,0,0,0
30074.864,16816,59,0,0,0,0,0,8,707,5,45,0,0,0,0,0,0,0,0,0,0,0,0,0,0,0,0,0,0,0,0,0,0,244,16508,0,0,0,0
30092.301,17437,57,0,0,0,0,0,8,751,5,45,0,0,0,0,0,0,0,0,0,0,0,0,0,0,0,0,0,0,0,0,0,0,217,16637,0,0,0,0
30108.434,16132,61,0,0,0,0,0,8,776,5,45,0,0,0,0,0,0,0,0,0,0,0,0,0,0,0,0,0,0,0,0,0,0,244,17749,0,0,0,0
30125.312,16877,59,0,0,0,0,0,8,750,5,45,0,0,0,0,0,0,0,0,0,0,0,0,0,0,0,0,0,0,0,0,0,0,224,16046,0,0,0,0
30142.308,16996,58,0,0,0,0,0,8,750,5,45,0,0,0,0,0,0,0,0,0,0,0,0,0,0,0,0,0,0,0,0,0,0,245,16926,0,0,0,0
30158.304,15996,62,0,0,0,0,0,8,739,5,45,0,0,0,0,0,0,0,0,0,0,0,0,0,0,0,0,0,0,0,0,0,0,250,17021,0,0,0,0
30175.311,17007,58,0,0,0,0,0,8,742,5,45,0,0,0,0,0,0,0,0,0,0,0,0,0,0,0,0,0,0,0,0,0,0,217,15840,0,0,0,0
30191.438,16127,62,0,0,0,0,0,8,741,5,45,0,0,0,0,0,0,0,0,0,0,0,0,0,0,0,0,0,0,0,0,0,0,237,17138,0,0,0,0
30207.866,16428,60,0,0,0,0,0,8,777,5,45,0,0,0,0,0,0,0,0,0,0,0,0,0,0,0,0,0,0,0,0,0,0,230,16060,0,0,0,0
30224.309,16442,60,0,0,0,0,0,8,712,5,45,0,0,0,0,0,0,0,0,0,0,0,0,0,0,0,0,0,0,0,0,0,0,225,16439,0,0,0,0
30242.301,17992,55,0,0,0,0,0,8,749,5,45,0,0,0,0,0,0,0,0,0,0,0,0,0,0,0,0,0,0,0,0,0,0,239,16447,0,0,0,0
30258.026,15725,63,0,0,0,0,0,8,779,5,45,0,0,0,0,0,0,0,0,0,0,0,0,0,0,0,0,0,0,0,0,0,0,244,18063,0,0,0,0
30274.307,16280,61,0,0,0,0,0,8,709,5,45,0,0,0,0,0,0,0,0,0,0,0,0,0,0,0,0,0,0,0,0,0,0,216,15579,0,0,0,0
30292.299,17991,55,0,0,0,0,0,8,781,5,45,0,0,0,0,0,0,0,0,0,0,0,0,0,0,0,0,0,0,0,0,0,0,221,16275,0,0,0,0
30307.997,15698,63,0,0,0,0,0,8,742,5,45,0,0,0,0,0,0,0,0,0,0,0,0,0,0,0,0,0,0,0,0,0,0,232,18008,0,0,0,0
30325.824,17827,56,0,0,0,0,0,8,788,5,45,0,0,0,0,0,0,0,0,0,0,0,0,0,0,0,0,0,0,0,0,0,0,199,15700,0,0,0,0
30341.648,15823,63,0,0,0,0,0,8,710,5,45,0,0,0,0,0,0,0,0,0,0,0,0,0,0,0,0,0,0,0,0,0,0,248,17949,0,0,0,0
30358.437,16789,59,0,0,0,0,0,8,781,5,45,0,0,0,0,0,0,0,0,0,0,0,0,0,0,0,0,0,0,0,0,0,0,224,15701,0,0,0,0
30375.817,17380,57,0,0,0,0,0,8,781,5,45,0,0,0,0,0,0,0,0,0,0,0,0,0,0,0,0,0,0,0,0,0,0,222,16781,0,0,0,0
30392.299,16481,60,0,0,0,0,0,8,678,5,45,0,0,0,0,0,0,0,0,0,0,0,0,0,0,0,0,0,0,0,0,0,0,235,17517,0,0,0,0
30407.873,15573,64,0,0,0,0,0,8,775,5,45,0,0,0,0,0,0,0,0,0,0,0,0,0,0,0,0,0,0,0,0,0,0,230,16445,0,0,0,0
30424.995,17122,58,0,0,0,0,0,8,784,5,45,0,0,0,0,0,0,0,0,0,0,0,0,0,0,0,0,0,0,0,0,0,0,209,15730,0,0,0,0
30442.299,17303,57,0,0,0,0,0,8,708,5,45,0,0,0,0,0,0,0,0,0,0,0,0,0,0,0,0,0,0,0,0,0,0,217,17125,0,0,0,0
30458.375,16076,62,0,0,0,0,0,8,785,5,45,0,0,0,0,0,0,0,0,0,0,0,0,0,0,0,0,0,0,0,0,0,0,237,17154,0,0,0,0
30474.630,16255,61,0,0,0,0,0,8,703,5,45,0,0,0,0,0,0,0,0,0,0,0,0,0,0,0,0,0,0,0,0,0,0,217,15847,0,0,0,0
30490.948,16317,61,0,0,0,0,0,8,747,5,45,0,0,0,0,0,0,0,0,0,0,0,0,0,0,0,0,0,0,0,0,0,0,240,17182,0,0,0,0
30507.955,17007,58,0,0,0,0,0,8,784,5,45,0,0,0,0,0,0,0,0,0,0,0,0,0,0,0,0,0,0,0,0,0,0,211,15374,0,0,0,0
30524.648,16693,59,0,0,0,0,0,8,783,5,45,0,0,0,0,0,0,0,0,0,0,0,0,0,0,0,0,0,0,0,0,0,0,215,17180,0,0,0,0
30542.299,17650,56,0,0,0,0,0,8,717,5,45,0,0,0,0,0,0,0,0,0,0,0,0,0,0,0,0,0,0,0,0,0,0,232,16738,0,0,0,0
30558.362,16063,62,0,0,0,0,0,8,738,5,45,0,0,0,0,0,0,0,0,0,0,0,0,0,0,0,0,0,0,0,0,0,0,225,17691,0,0,0,0
30574.607,16245,61,0,0,0,0,0,8,737,5,45,0,0,0,0,0,0,0,0,0,0,0,0,0,0,0,0,0,0,0,0,0,0,219,15788,0,0,0,0
30591.400,16792,59,0,0,0,0,0,8,755,5,45,0,0,0,0,0,0,0,0,0,0,0,0,0,0,0,0,0,0,0,0,0,0,238,17085,0,0,0,0
30608.444,17044,58,0,0,0,0,0,8,783,5,45,0,0,0,0,0,0,0,0,0,0,0,0,0,0,0,0,0,0,0,0,0,0,201,15930,0,0,0,0
30624.746,16302,61,0,0,0,0,0,8,719,5,45,0,0,0,0,0,0,0,0,0,0,0,0,0,0,0,0,0,0,0,0,0,0,232,18039,0,0,0,0
30641.817,17071,58,0,0,0,0,0,8,729,5,45,0,0,0,0,0,0,0,0,0,0,0,0,0,0,0,0,0,0,0,0,0,0,211,15345,0,0,0,0
30658.434,16616,60,0,0,0,0,0,8,779,5,45,0,0,0,0,0,0,0,0,0,0,0,0,0,0,0,0,0,0,0,0,0,0,226,17189,0,0,0,0
30674.305,15871,63,0,0,0,0,0,8,705,5,45,0,0,0,0,0,0,0,0,0,0,0,0,0,0,0,0,0,0,0,0,0,0,222,16675,0,0,0,0
30691.210,16904,59,0,0,0,0,0,8,784,5,45,0,0,0,0,0,0,0,0,0,0,0,0,0,0,0,0,0,0,0,0,0,0,250,15906,0,0,0,0
30708.480,17270,57,0,0,0,0,0,8,740,5,45,0,0,0,0,0,0,0,0,0,0,0,0,0,0,0,0,0,0,0,0,0,0,224,16923,0,0,0,0
30724.683,16203,61,0,0,0,0,0,8,737,5,45,0,0,0,0,0,0,0,0,0,0,0,0,0,0,0,0,0,0,0,0,0,0,233,17501,0,0,0,0
30741.686,17003,58,0,0,0,0,0,8,760,5,45,0,0,0,0,0,0,0,0,0,0,0,0,0,0,0,0,0,0,0,0,0,0,232,16481,0,0,0,0
30758.371,16672,59,0,0,0,0,0,8,780,5,45,0,0,0,0,0,0,0,0,0,0,0,0,0,0,0,0,0,0,0,0,0,0,232,16558,0,0,0,0
30774.300,15941,62,0,0,0,0,0,8,708,5,45,0,0,0,0,0,0,0,0,0,0,0,0,0,0,0,0,0,0,0,0,0,0,230,16569,0,0,0,0
30791.425,17125,58,0,0,0,0,0,8,750,5,45,0,0,0,0,0,0,0,0,0,0,0,0,0,0,0,0,0,0,0,0,0,0,236,15939,0,0,0,0
30809.294,17868,55,0,0,0,0,0,8,780,5,45,0,0,0,0,0,0,0,0,0,0,0,0,0,0,0,0,0,0,0,0,0,0,237,17127,0,0,0,0
30824.637,15343,65,0,0,0,0,0,8,740,5,45,0,0,0,0,0,0,0,0,0,0,0,0,0,0,0,0,0,0,0,0,0,0,222,17790,0,0,0,0
30842.298,17660,56,0,0,0,0,0,8,749,5,45,0,0,0,0,0,0,0,0,0,0,0,0,0,0,0,0,0,0,0,0,0,0,232,16150,0,0,0,0
30858.383,16085,62,0,0,0,0,0,8,780,5,45,0,0,0,0,0,0,0,0,0,0,0,0,0,0,0,0,0,0,0,0,0,0,227,16932,0,0,0,0
30874.812,16429,60,0,0,0,0,0,8,744,5,45,0,0,0,0,0,0,0,0,0,0,0,0,0,0,0,0,0,0,0,0,0,0,234,16250,0,0,0,0
30892.294,17481,57,0,0,0,0,0,8,716,5,45,0,0,0,0,0,0,0,0,0,0,0,0,0,0,0,0,0,0,0,0,0,0,235,16327,0,0,0,0
30908.325,16031,62,0,0,0,0,0,8,778,5,45,0,0,0,0,0,0,0,0,0,0,0,0,0,0,0,0,0,0,0,0,0,0,250,17563,0,0,0,0
30924.806,16481,60,0,0,0,0,0,8,740,5,45,0,0,0,0,0,0,0,0,0,0,0,0,0,0,0,0,0,0,0,0,0,0,214,15742,0,0,0,0
30941.008,16201,61,0,0,0,0,0,8,751,5,45,0,0,0,0,0,0,0,0,0,0,0,0,0,0,0,0,0,0,0,0,0,0,225,17038,0,0,0,0
30958.091,17083,58,0,0,0,0,0,8,747,5,45,0,0,0,0,0,0,0,0,0,0,0,0,0,0,0,0,0,0,0,0,0,0,238,15772,0,0,0,0
30974.306,16214,61,0,0,0,0,0,8,708,5,45,0,0,0,0,0,0,0,0,0,0,0,0,0,0,0,0,0,0,0,0,0,0,235,17062,0,0,0,0
30991.430,17123,58,0,0,0,0,0,8,784,5,45,0,0,0,0,0,0,0,0,0,0,0,0,0,0,0,0,0,0,0,0,0,0,230,16232,0,0,0,0
31008.429,16999,58,0,0,0,0,0,8,780,5,45,0,0,0,0,0,0,0,0,0,0,0,0,0,0,0,0,0,0,0,0,0,0,222,17085,0,0,0,0
31024.307,15878,62,0,0,0,0,0,8,708,5,45,0,0,0,0,0,0,0,0,0,0,0,0,0,0,0,0,0,0,0,0,0,0,219,17189,0,0,0,0
31042.295,17987,55,0,0,0,0,0,8,754,5,45,0,0,0,0,0,0,0,0,0,0,0,0,0,0,0,0,0,0,0,0,0,0,204,15579,0,0,0,0
31058.428,16133,61,0,0,0,0,0,8,778,5,45,0,0,0,0,0,0,0,0,0,0,0,0,0,0,0,0,0,0,0,0,0,0,244,18222,0,0,0,0
31074.819,16390,61,0,0,0,0,0,8,734,5,45,0,0,0,0,0,0,0,0,0,0,0,0,0,0,0,0,0,0,0,0,0,0,225,16084,0,0,0,0
31091.432,16613,60,0,0,0,0,0,8,751,5,45,0,0,0,0,0,0,0,0,0,0,0,0,0,0,0,0,0,0,0,0,0,0,209,16220,0,0,0,0
31108.450,17018,58,0,0,0,0,0,8,747,5,45,0,0,0,0,0,0,0,0,0,0,0,0,0,0,0,0,0,0,0,0,0,0,235,16789,0,0,0,0
31124.834,16383,61,0,0,0,0,0,8,780,5,45,0,0,0,0,0,0,0,0,0,0,0,0,0,0,0,0,0,0,0,0,0,0,241,16994,0,0,0,0
31141.640,16806,59,0,0,0,0,0,8,716,5,45,0,0,0,0,0,0,0,0,0,0,0,0,0,0,0,0,0,0,0,0,0,0,204,16317,0,0,0,0
31158.318,16677,59,0,0,0,0,0,8,777,5,45,0,0,0,0,0,0,0,0,0,0,0,0,0,0,0,0,0,0,0,0,0,0,245,16994,0,0,0,0
31174.815,16497,60,0,0,0,0,0,8,743,5,45,0,0,0,0,0,0,0,0,0,0,0,0,0,0,0,0,0,0,0,0,0,0,225,16513,0,0,0,0
31192.293,17478,57,0,0,0,0,0,8,714,5,45,0,0,0,0,0,0,0,0,0,0,0,0,0,0,0,0,0,0,0,0,0,0,232,16941,0,0,0,0
31208.354,16060,62,0,0,0,0,0,8,780,5,45,0,0,0,0,0,0,0,0,0,0,0,0,0,0,0,0,0,0,0,0,0,0,232,17167,0,0,0,0
31225.293,16939,59,0,0,0,0,0,8,732,5,45,0,0,0,0,0,0,0,0,0,0,0,0,0,0,0,0,0,0,0,0,0,0,235,15973,0,0,0,0
31241.550,16256,61,0,0,0,0,0,8,756,5,45,0,0,0,0,0,0,0,0,0,0,0,0,0,0,0,0,0,0,0,0,0,0,237,17016,0,0,0,0
31258.381,16818,59,0,0,0,0,0,8,780,5,45,0,0,0,0,0,0,0,0,0,0,0,0,0,0,0,0,0,0,0,0,0,0,227,16158,0,0,0,0
31274.807,16439,60,0,0,0,0,0,8,701,5,45,0,0,0,0,0,0,0,0,0,0,0,0,0,0,0,0,0,0,0,0,0,0,232,16839,0,0,0,0
31291.348,16540,60,0,0,0,0,0,8,750,5,45,0,0,0,0,0,0,0,0,0,0,0,0,0,0,0,0,0,0,0,0,0,0,229,16764,0,0,0,0
31308.364,17016,58,0,0,0,0,0,8,780,5,45,0,0,0,0,0,0,0,0,0,0,0,0,0,0,0,0,0,0,0,0,0,0,229,16128,0,0,0,0
31324.834,16469,60,0,0,0,0,0,8,748,5,45,0,0,0,0,0,0,0,0,0,0,0,0,0,0,0,0,0,0,0,0,0,0,236,17102,0,0,0,0
31341.389,16555,60,0,0,0,0,0,8,736,5,45,0,0,0,0,0,0,0,0,0,0,0,0,0,0,0,0,0,0,0,0,0,0,232,16770,0,0,0,0
31357.814,16424,60,0,0,0,0,0,8,753,5,45,0,0,0,0,0,0,0,0,0,0,0,0,0,0,0,0,0,0,0,0,0,0,215,16045,0,0,0,0
31375.292,17477,57,0,0,0,0,0,8,741,5,45,0,0,0,0,0,0,0,0,0,0,0,0,0,0,0,0,0,0,0,0,0,0,237,16620,0,0,0,0
31391.333,16041,62,0,0,0,0,0,8,747,5,45,0,0,0,0,0,0,0,0,0,0,0,0,0,0,0,0,0,0,0,0,0,0,236,17452,0,0,0,0
31408.433,17099,58,0,0,0,0,0,8,780,5,45,0,0,0,0,0,0,0,0,0,0,0,0,0,0,0,0,0,0,0,0,0,0,212,15959,0,0,0,0
31425.286,16853,59,0,0,0,0,0,8,722,5,45,0,0,0,0,0,0,0,0,0,0,0,0,0,0,0,0,0,0,0,0,0,0,225,17117,0,0,0,0
31442.291,17004,58,0,0,0,0,0,8,729,5,45,0,0,0,0,0,0,0,0,0,0,0,0,0,0,0,0,0,0,0,0,0,0,236,16882,0,0,0,0
31458.427,16135,61,0,0,0,0,0,8,780,5,45,0,0,0,0,0,0,0,0,0,0,0,0,0,0,0,0,0,0,0,0,0,0,239,17021,0,0,0,0
31474.807,16380,61,0,0,0,0,0,8,741,5,45,0,0,0,0,0,0,0,0,0,0,0,0,0,0,0,0,0,0,0,0,0,0,219,16118,0,0,0,0
31492.292,17484,57,0,0,0,0,0,8,758,5,45,0,0,0,0,0,0,0,0,0,0,0,0,0,0,0,0,0,0,0,0,0,0,229,16815,0,0,0,0
31508.007,15714,63,0,0,0,0,0,8,742,5,45,0,0,0,0,0,0,0,0,0,0,0,0,0,0,0,0,0,0,0,0,0,0,227,17204,0,0,0,0
31525.098,17091,58,0,0,0,0,0,8,789,5,45,0,0,0,0,0,0,0,0,0,0,0,0,0,0,0,0,0,0,0,0,0,0,242,15693,0,0,0,0
31542.296,17197,58,0,0,0,0,0,8,711,5,45,0,0,0,0,0,0,0,0,0,0,0,0,0,0,0,0,0,0,0,0,0,0,251,17154,0,0,0,0
31558.287,15991,62,0,0,0,0,0,8,780,5,45,0,0,0,0,0,0,0,0,0,0,0,0,0,0,0,0,0,0,0,0,0,0,244,17132,0,0,0,0
31574.847,16559,60,0,0,0,0,0,8,779,5,45,0,0,0,0,0,0,0,0,0,0,0,0,0,0,0,0,0,0,0,0,0,0,218,15906,0,0,0,0
31591.541,16694,59,0,0,0,0,0,8,680,5,45,0,0,0,0,0,0,0,0,0,0,0,0,0,0,0,0,0,0,0,0,0,0,233,16604,0,0,0,0
31608.428,16886,59,0,0,0,0,0,8,780,5,45,0,0,0,0,0,0,0,0,0,0,0,0,0,0,0,0,0,0,0,0,0,0,215,16615,0,0,0,0
31624.747,16319,61,0,0,0,0,0,8,780,5,45,0,0,0,0,0,0,0,0,0,0,0,0,0,0,0,0,0,0,0,0,0,0,240,16915,0,0,0,0
31641.424,16676,59,0,0,0,0,0,8,712,5,45,0,0,0,0,0,0,0,0,0,0,0,0,0,0,0,0,0,0,0,0,0,0,217,16272,0,0,0,0
31658.015,16590,60,0,0,0,0,0,8,783,5,45,0,0,0,0,0,0,0,0,0,0,0,0,0,0,0,0,0,0,0,0,0,0,229,16695,0,0,0,0
31675.293,17278,57,0,0,0,0,0,8,723,5,45,0,0,0,0,0,0,0,0,0,0,0,0,0,0,0,0,0,0,0,0,0,0,221,16593,0,0,0,0
31691.453,16159,61,0,0,0,0,0,8,739,5,45,0,0,0,0,0,0,0,0,0,0,0,0,0,0,0,0,0,0,0,0,0,0,232,17391,0,0,0,0
31709.303,17850,56,0,0,0,0,0,8,783,5,45,0,0,0,0,0,0,0,0,0,0,0,0,0,0,0,0,0,0,0,0,0,0,235,16120,0,0,0,0
31725.292,15988,62,0,0,0,0,0,8,777,5,45,0,0,0,0,0,0,0,0,0,0,0,0,0,0,0,0,0,0,0,0,0,0,248,17881,0,0,0,0
31741.604,16312,61,0,0,0,0,0,8,705,5,45,0,0,0,0,0,0,0,0,0,0,0,0,0,0,0,0,0,0,0,0,0,0,230,15937,0,0,0,0
31758.421,16816,59,0,0,0,0,0,8,746,5,45,0,0,0,0,0,0,0,0,0,0,0,0,0,0,0,0,0,0,0,0,0,0,243,16277,0,0,0,0
31774.818,16396,60,0,0,0,0,0,8,737,5,45,0,0,0,0,0,0,0,0,0,0,0,0,0,0,0,0,0,0,0,0,0,0,235,16859,0,0,0,0
31791.459,16641,60,0,0,0,0,0,8,750,5,45,0,0,0,0,0,0,0,0,0,0,0,0,0,0,0,0,0,0,0,0,0,0,223,16332,0,0,0,0
31808.352,16893,59,0,0,0,0,0,8,784,5,45,0,0,0,0,0,0,0,0,0,0,0,0,0,0,0,0,0,0,0,0,0,0,249,16976,0,0,0,0
31824.833,16480,60,0,0,0,0,0,8,724,5,45,0,0,0,0,0,0,0,0,0,0,0,0,0,0,0,0,0,0,0,0,0,0,241,16603,0,0,0,0
31841.585,16752,59,0,0,0,0,0,8,734,5,45,0,0,0,0,0,0,0,0,0,0,0,0,0,0,0,0,0,0,0,0,0,0,230,16384,0,0,0,0
31858.802,17216,58,0,0,0,0,0,8,784,5,45,0,0,0,0,0,0,0,0,0,0,0,0,0,0,0,0,0,0,0,0,0,0,223,16786,0,0,0,0
31874.941,16139,61,0,0,0,0,0,8,784,5,45,0,0,0,0,0,0,0,0,0,0,0,0,0,0,0,0,0,0,0,0,0,0,244,17291,0,0,0,0
31892.285,17343,57,0,0,0,0,0,8,708,5,45,0,0,0,0,0,0,0,0,0,0,0,0,0,0,0,0,0,0,0,0,0,0,221,16338,0,0,0,0
31908.328,16043,62,0,0,0,0,0,8,743,5,45,0,0,0,0,0,0,0,0,0,0,0,0,0,0,0,0,0,0,0,0,0,0,220,17212,0,0,0,0
31925.302,16973,58,0,0,0,0,0,8,746,5,45,0,0,0,0,0,0,0,0,0,0,0,0,0,0,0,0,0,0,0,0,0,0,211,15963,0,0,0,0
31941.715,16413,60,0,0,0,0,0,8,748,5,45,0,0,0,0,0,0,0,0,0,0,0,0,0,0,0,0,0,0,0,0,0,0,234,17043,0,0,0,0
31958.343,16628,60,0,0,0,0,0,8,933,5,45,0,0,0,0,0,0,0,0,0,0,0,0,0,0,0,0,0,0,0,0,0,0,211,16892,0,0,0,0
31974.811,16468,60,0,0,0,0,0,8,1068,5,45,0,0,0,0,0,0,0,0,0,0,0,0,0,0,0,0,0,0,0,0,0,0,229,16348,0,0,0,0
31991.424,16613,60,0,0,0,0,0,8,761,5,45,0,0,0,0,0,0,0,0,0,0,0,0,0,0,0,0,0,0,0,0,0,0,226,16169,0,0,0,0
32008.281,16856,59,0,0,0,0,0,8,821,5,45,0,0,0,0,0,0,0,0,0,0,0,0,0,0,0,0,0,0,0,0,0,0,228,16581,0,0,0,0
32024.462,16181,61,0,0,0,0,0,8,776,5,45,0,0,0,0,0,0,0,0,0,0,0,0,0,0,0,0,0,0,0,0,0,0,215,16965,0,0,0,0
32041.463,17001,58,0,0,0,0,0,8,781,5,45,0,0,0,0,0,0,0,0,0,0,0,0,0,0,0,0,0,0,0,0,0,0,226,16871,0,0,0,0
32058.281,16817,59,0,0,0,0,0,8,812,5,45,0,0,0,0,0,0,0,0,0,0,0,0,0,0,0,0,0,0,0,0,0,0,216,16326,0,0,0,0
32075.117,16835,59,0,0,0,0,0,8,730,5,45,0,0,0,0,0,0,0,0,0,0,0,0,0,0,0,0,0,0,0,0,0,0,225,16740,0,0,0,0
32091.432,16315,61,0,0,0,0,0,8,764,5,45,0,0,0,0,0,0,0,0,0,0,0,0,0,0,0,0,0,0,0,0,0,0,243,16954,0,0,0,0
32108.281,16848,59,0,0,0,0,0,8,801,5,45,0,0,0,0,0,0,0,0,0,0,0,0,0,0,0,0,0,0,0,0,0,0,225,16197,0,0,0,0
32125.295,17001,58,0,0,0,0,0,8,812,5,45,0,0,0,0,0,0,0,0,0,0,0,0,0,0,0,0,0,0,0,0,0,0,217,16850,0,0,0,0
32142.291,17008,58,0,0,0,0,0,8,720,5,45,0,0,0,0,0,0,0,0,0,0,0,0,0,0,0,0,0,0,0,0,0,0,280,17135,0,0,0,0
32158.421,16130,61,0,0,0,0,0,8,770,5,45,0,0,0,0,0,0,0,0,0,0,0,0,0,0,0,0,0,0,0,0,0,0,251,16889,0,0,0,0
32174.677,16255,61,0,0,0,0,0,8,808,5,45,0,0,0,0,0,0,0,0,0,0,0,0,0,0,0,0,0,0,0,0,0,0,227,16140,0,0,0,0
32192.284,17607,56,0,0,0,0,0,8,732,5,45,0,0,0,0,0,0,0,0,0,0,0,0,0,0,0,0,0,0,0,0,0,0,213,16233,0,0,0,0
32208.280,15996,62,0,0,0,0,0,8,807,5,45,0,0,0,0,0,0,0,0,0,0,0,0,0,0,0,0,0,0,0,0,0,0,249,17705,0,0,0,0
32224.830,16549,60,0,0,0,0,0,8,770,5,45,0,0,0,0,0,0,0,0,0,0,0,0,0,0,0,0,0,0,0,0,0,0,230,15907,0,0,0,0
32241.806,16976,58,0,0,0,0,0,8,728,5,45,0,0,0,0,0,0,0,0,0,0,0,0,0,0,0,0,0,0,0,0,0,0,222,16445,0,0,0,0
32258.416,16610,60,0,0,0,0,0,8,807,5,45,0,0,0,0,0,0,0,0,0,0,0,0,0,0,0,0,0,0,0,0,0,0,223,17000,0,0,0,0
32274.853,16436,60,0,0,0,0,0,8,758,5,45,0,0,0,0,0,0,0,0,0,0,0,0,0,0,0,0,0,0,0,0,0,0,229,16690,0,0,0,0
32291.585,16732,59,0,0,0,0,0,8,779,5,45,0,0,0,0,0,0,0,0,0,0,0,0,0,0,0,0,0,0,0,0,0,0,204,16730,0,0,0,0
32308.321,16735,59,0,0,0,0,0,8,769,5,45,0,0,0,0,0,0,0,0,0,0,0,0,0,0,0,0,0,0,0,0,0,0,238,16392,0,0,0,0
32324.799,16478,60,0,0,0,0,0,8,763,5,45,0,0,0,0,0,0,0,0,0,0,0,0,0,0,0,0,0,0,0,0,0,0,239,16749,0,0,0,0
32341.403,16604,60,0,0,0,0,0,8,775,5,45,0,0,0,0,0,0,0,0,0,0,0,0,0,0,0,0,0,0,0,0,0,0,250,16974,0,0,0,0
32357.876,16472,60,0,0,0,0,0,8,806,5,45,0,0,0,0,0,0,0,0,0,0,0,0,0,0,0,0,0,0,0,0,0,0,229,16877,0,0,0,0
32375.281,17404,57,0,0,0,0,0,8,815,5,45,0,0,0,0,0,0,0,0,0,0,0,0,0,0,0,0,0,0,0,0,0,0,206,15656,0,0,0,0
32391.808,16527,60,0,0,0,0,0,8,678,5,45,0,0,0,0,0,0,0,0,0,0,0,0,0,0,0,0,0,0,0,0,0,0,229,17448,0,0,0,0
32408.278,16470,60,0,0,0,0,0,8,806,5,45,0,0,0,0,0,0,0,0,0,0,0,0,0,0,0,0,0,0,0,0,0,0,224,16508,0,0,0,0
32425.293,17015,58,0,0,0,0,0,8,768,5,45,0,0,0,0,0,0,0,0,0,0,0,0,0,0,0,0,0,0,0,0,0,0,227,16468,0,0,0,0
32441.004,15711,63,0,0,0,0,0,8,761,5,45,0,0,0,0,0,0,0,0,0,0,0,0,0,0,0,0,0,0,0,0,0,0,229,17010,0,0,0,0
32457.994,16989,58,0,0,0,0,0,8,811,5,45,0,0,0,0,0,0,0,0,0,0,0,0,0,0,0,0,0,0,0,0,0,0,215,15729,0,0,0,0
32475.279,17284,57,0,0,0,0,0,8,720,5,45,0,0,0,0,0,0,0,0,0,0,0,0,0,0,0,0,0,0,0,0,0,0,234,16989,0,0,0,0
32491.556,16276,61,0,0,0,0,0,8,778,5,45,0,0,0,0,0,0,0,0,0,0,0,0,0,0,0,0,0,0,0,0,0,0,232,17344,0,0,0,0
32508.412,16856,59,0,0,0,0,0,8,832,5,45,0,0,0,0,0,0,0,0,0,0,0,0,0,0,0,0,0,0,0,0,0,0,206,16498,0,0,0,0
32525.799,17386,57,0,0,0,0,0,8,832,5,45,0,0,0,0,0,0,0,0,0,0,0,0,0,0,0,0,0,0,0,0,0,0,226,17320,0,0,0,0
32541.569,15770,63,0,0,0,0,0,8,762,5,45,0,0,0,0,0,0,0,0,0,0,0,0,0,0,0,0,0,0,0,0,0,0,230,16763,0,0,0,0
32558.415,16845,59,0,0,0,0,0,8,801,5,45,0,0,0,0,0,0,0,0,0,0,0,0,0,0,0,0,0,0,0,0,0,0,233,15755,0,0,0,0
32574.996,16580,60,0,0,0,0,0,8,289,5,45,0,0,0,0,0,0,0,0,0,0,0,0,0,0,0,0,0,0,0,0,0,0,0,0,0,0,0,0
32785.684,210687,4,0,0,0,0,0,8,348733,18,49,0,0,0,0,0,0,0,0,0,0,0,0,0,0,0,0,0,0,0,0,0,0,114366,242018,0,0,0,0
32796.808,11124,89,0,0,0,0,0,8,8858,5,50,0,0,0,0,0,0,0,0,0,0,0,0,0,0,0,0,0,0,0,0,0,0,72,2110,0,0,0,0
32814.289,17470,57,0,0,0,0,0,8,12940,5,50,0,0,0,0,0,0,0,0,0,0,0,0,0,0,0,0,0,0,0,0,0,0,0,0,0,0,0,0
32830.434,16155,61,0,0,0,0,0,8,4762,5,50,0,0,0,0,0,0,0,0,0,0,0,0,0,0,0,0,0,0,0,0,0,0,311,28102,0,0,0,0
32846.713,16279,61,0,0,0,0,0,8,6351,5,50,0,0,0,0,0,0,0,0,0,0,0,0,0,0,0,0,0,0,0,0,0,0,207,15649,0,0,0,0
32864.283,17570,56,0,0,0,0,0,8,6659,5,50,0,0,0,0,0,0,0,0,0,0,0,0,0,0,0,0,0,0,0,0,0,0,212,16766,0,0,0,0
32880.839,16555,60,0,0,0,0,0,8,46036,5,50,0,0,0,0,0,0,0,0,0,0,0,0,0,0,0,0,0,0,0,0,0,0,203,17603,0,0,0,0
32896.787,15947,62,0,0,0,0,0,8,45327,5,50,0,0,0,0,0,0,0,0,0,0,0,0,0,0,0,0,0,0,0,0,0,0,200,16548,0,0,0,0
32913.824,17037,58,0,0,0,0,0,8,48127,5,50,0,0,0,0,0,0,0,0,0,0,0,0,0,0,0,0,0,0,0,0,0,0,211,15935,0,0,0,0
32929.792,15967,62,0,0,0,0,0,8,49352,5,50,0,0,0,0,0,0,0,0,0,0,0,0,0,0,0,0,0,0,0,0,0,0,209,16534,0,0,0,0
32946.855,17062,58,0,0,0,0,0,8,8307,5,50,0,0,0,0,0,0,0,0,0,0,0,0,0,0,0,0,0,0,0,0,0,0,199,15978,0,0,0,0
32963.516,16661,60,0,0,0,0,0,8,732,5,50,0,0,0,0,0,0,0,0,0,0,0,0,0,0,0,0,0,0,0,0,0,0,214,18090,0,0,0,0
32980.278,16761,59,0,0,0,0,0,8,178,5,50,0,0,0,0,0,0,0,0,0,0,0,0,0,0,0,0,0,0,0,0,0,0,223,16175,0,0,0,0
32996.284,16006,62,0,0,0,0,0,8,236,5,50,0,0,0,0,0,0,0,0,0,0,0,0,0,0,0,0,0,0,0,0,0,0,219,16722,0,0,0,0
33014.272,17987,55,0,0,0,0,0,8,14704,5,50,0,0,0,0,0,0,0,0,0,0,0,0,0,0,0,0,0,0,0,0,0,0,232,16001,0,0,0,0
33031.278,17006,58,0,0,0,0,0,8,34463,5,50,0,0,0,0,0,0,0,0,0,0,0,0,0,0,0,0,0,0,0,0,0,0,217,18009,0,0,0,0
33046.288,15009,66,0,0,0,0,0,8,12328,5,50,0,0,0,0,0,0,0,0,0,0,0,0,0,0,0,0,0,0,0,0,0,0,200,16460,0,0,0,0
33063.312,17024,58,0,0,0,0,0,8,19420,5,50,0,0,0,0,0,0,0,0,0,0,0,0,0,0,0,0,0,0,0,0,0,0,205,17024,0,0,0,0
33080.412,17099,58,0,0,0,0,0,8,70480,5,50,0,0,0,0,0,0,0,0,0,0,0,0,0,0,0,0,0,0,0,0,0,0,197,15542,0,0,0,0
33096.785,16373,61,0,0,0,0,0,8,103433,5,50,0,0,0,0,0,0,0,0,0,0,0,0,0,0,0,0,0,0,0,0,0,0,195,17067,0,0,0,0
33113.379,16593,60,0,0,0,0,0,8,9101,5,51,0,0,0,0,0,0,0,0,0,0,0,0,0,0,0,0,0,0,0,0,0,0,217,16397,0,0,0,0
33130.459,17079,58,0,0,0,0,0,8,194,5,51,0,0,0,0,0,0,0,0,0,0,0,0,0,0,0,0,0,0,0,0,0,0,202,16067,0,0,0,0
33146.816,16357,61,0,0,0,0,0,8,444,5,51,0,0,0,0,0,0,0,0,0,0,0,0,0,0,0,0,0,0,0,0,0,0,208,17596,0,0,0,0
33163.282,16466,60,0,0,0,0,0,8,260,5,51,0,0,0,0,0,0,0,0,0,0,0,0,0,0,0,0,0,0,0,0,0,0,224,16916,0,0,0,0
33180.605,17322,57,0,0,0,0,0,8,217,5,51,0,0,0,0,0,0,0,0,0,0,0,0,0,0,0,0,0,0,0,0,0,0,228,15964,0,0,0,0
33196.348,15742,63,0,0,0,0,0,8,257,5,51,0,0,0,0,0,0,0,0,0,0,0,0,0,0,0,0,0,0,0,0,0,0,220,17278,0,0,0,0
33213.763,17415,57,0,0,0,0,0,8,1286,5,51,0,0,0,0,0,0,0,0,0,0,0,0,0,0,0,0,0,0,0,0,0,0,187,15704,0,0,0,0
33230.087,16324,61,0,0,0,0,0,8,1470,5,51,0,0,0,0,0,0,0,0,0,0,0,0,0,0,0,0,0,0,0,0,0,0,208,16913,0,0,0,0
33247.277,17190,58,0,0,0,0,0,8,261,5,51,0,0,0,0,0,0,0,0,0,0,0,0,0,0,0,0,0,0,0,0,0,0,214,17357,0,0,0,0
33263.935,16657,60,0,0,0,0,0,8,240,5,51,0,0,0,0,0,0,0,0,0,0,0,0,0,0,0,0,0,0,0,0,0,0,197,16676,0,0,0,0
33280.595,16660,60,0,0,0,0,0,8,965,5,51,0,0,0,0,0,0,0,0,0,0,0,0,0,0,0,0,0,0,0,0,0,0,199,16161,0,0,0,0
33297.272,16676,59,0,0,0,0,0,8,1371,5,51,0,0,0,0,0,0,0,0,0,0,0,0,0,0,0,0,0,0,0,0,0,0,201,16646,0,0,0,0
33313.807,16534,60,0,0,0,0,0,8,1444,5,51,0,0,0,0,0,0,0,0,0,0,0,0,0,0,0,0,0,0,0,0,0,0,192,17192,0,0,0,0
33330.442,16635,60,0,0,0,0,0,8,232,5,51,0,0,0,0,0,0,0,0,0,0,0,0,0,0,0,0,0,0,0,0,0,0,203,17055,0,0,0,0
33346.821,16379,61,0,0,0,0,0,8,241,5,51,0,0,0,0,0,0,0,0,0,0,0,0,0,0,0,0,0,0,0,0,0,0,200,16096,0,0,0,0
33363.283,16461,60,0,0,0,0,0,8,1786,5,51,0,0,0,0,0,0,0,0,0,0,0,0,0,0,0,0,0,0,0,0,0,0,223,16462,0,0,0,0
33380.530,17247,57,0,0,0,0,0,8,853,5,51,0,0,0,0,0,0,0,0,0,0,0,0,0,0,0,0,0,0,0,0,0,0,229,16435,0,0,0,0
33396.361,15831,63,0,0,0,0,0,8,252,5,51,0,0,0,0,0,0,0,0,0,0,0,0,0,0,0,0,0,0,0,0,0,0,197,16674,0,0,0,0
33414.270,17908,55,0,0,0,0,0,8,593,5,51,0,0,0,0,0,0,0,0,0,0,0,0,0,0,0,0,0,0,0,0,0,0,218,16392,0,0,0,0
33431.274,17004,58,0,0,0,0,0,8,178,5,51,0,0,0,0,0,0,0,0,0,0,0,0,0,0,0,0,0,0,0,0,0,0,204,17879,0,0,0,0
33446.848,15574,64,0,0,0,0,0,8,475,5,51,0,0,0,0,0,0,0,0,0,0,0,0,0,0,0,0,0,0,0,0,0,0,201,17009,0,0,0,0
33463.357,16508,60,0,0,0,0,0,8,224,5,51,0,0,0,0,0,0,0,0,0,0,0,0,0,0,0,0,0,0,0,0,0,0,200,16082,0,0,0,0
33480.441,17083,58,0,0,0,0,0,8,1015,5,51,0,0,0,0,0,0,0,0,0,0,0,0,0,0,0,0,0,0,0,0,0,0,197,15482,0,0,0,0
33496.841,16400,60,0,0,0,0,0,8,305,5,51,0,0,0,0,0,0,0,0,0,0,0,0,0,0,0,0,0,0,0,0,0,0,205,17596,0,0,0,0
33514.277,17436,57,0,0,0,0,0,8,249,5,51,0,0,0,0,0,0,0,0,0,0,0,0,0,0,0,0,0,0,0,0,0,0,207,16913,0,0,0,0
33529.777,15499,64,0,0,0,0,0,8,15508,5,51,0,0,0,0,0,0,0,0,0,0,0,0,0,0,0,0,0,0,0,0,0,0,204,16942,0,0,0,0
33546.833,17056,58,0,0,0,0,0,8,15512,5,51,0,0,0,0,0,0,0,0,0,0,0,0,0,0,0,0,0,0,0,0,0,0,194,15489,0,0,0,0
33612.683,65850,15,0,0,0,0,0,8,43820,49,53,0,0,0,0,0,0,0,0,0,0,0,0,0,0,0,0,0,0,0,0,0,0,331700,81276,0,0,0,0
33622.186,9503,105,0,0,0,0,0,0,36688,44,53,0,0,0,0,0,0,0,0,0,0,0,0,0,0,0,0,0,0,0,0,0,0,265,6332,0,0,0,0
35209.111,1586924,0,0,0,0,0,0,8,52376,232,53,0,0,0,0,0,0,0,0,0,0,0,0,0,0,0,0,0,0,0,0,0,0,459,1590107,0,0,0,0
36361.425,1152314,0,0,0,0,0,0,8,52754,180,53,0,0,0,0,0,0,0,0,0,0,0,0,0,0,0,0,0,0,0,0,0,0,411,1152312,0,0,0,0
36372.049,10624,94,0,0,0,0,0,8,63810,44,53,0,0,0,0,0,0,0,0,0,0,0,0,0,0,0,0,0,0,0,0,0,0,241,5489,0,0,0,0
36388.906,16857,59,0,0,0,0,0,8,48381,44,53,0,0,0,0,0,0,0,0,0,0,0,0,0,0,0,0,0,0,0,0,0,0,256,7214,0,0,0,0
36405.454,16547,60,0,0,0,0,0,8,37941,44,53,0,0,0,0,0,0,0,0,0,0,0,0,0,0,0,0,0,0,0,0,0,0,546,22570,0,0,0,0
36421.920,16466,60,0,0,0,0,0,8,36924,44,53,0,0,0,0,0,0,0,0,0,0,0,0,0,0,0,0,0,0,0,0,0,0,332,15078,0,0,0,0
36438.839,16919,59,0,0,0,0,0,8,37291,44,53,0,0,0,0,0,0,0,0,0,0,0,0,0,0,0,0,0,0,0,0,0,0,341,16468,0,0,0,0
36455.249,16410,60,0,0,0,0,0,8,37238,44,53,0,0,0,0,0,0,0,0,0,0,0,0,0,0,0,0,0,0,0,0,0,0,330,15997,0,0,0,0
36472.244,16995,58,0,0,0,0,0,8,36166,44,53,0,0,0,0,0,0,0,0,0,0,0,0,0,0,0,0,0,0,0,0,0,0,362,16900,0,0,0,0
36488.476,16231,61,0,0,0,0,0,8,36257,44,53,0,0,0,0,0,0,0,0,0,0,0,0,0,0,0,0,0,0,0,0,0,0,324,17106,0,0,0,0
36505.464,16988,58,0,0,0,0,0,8,36005,44,53,0,0,0,0,0,0,0,0,0,0,0,0,0,0,0,0,0,0,0,0,0,0,331,15618,0,0,0,0
36521.777,16312,61,0,0,0,0,0,8,36214,44,53,0,0,0,0,0,0,0,0,0,0,0,0,0,0,0,0,0,0,0,0,0,0,327,16931,0,0,0,0
36538.544,16767,59,0,0,0,0,0,8,36188,44,53,0,0,0,0,0,0,0,0,0,0,0,0,0,0,0,0,0,0,0,0,0,0,351,16581,0,0,0,0
36555.022,16478,60,0,0,0,0,0,8,34808,44,53,0,0,0,0,0,0,0,0,0,0,0,0,0,0,0,0,0,0,0,0,0,0,333,16348,0,0,0,0
36571.732,16710,59,0,0,0,0,0,8,34543,44,53,0,0,0,0,0,0,0,0,0,0,0,0,0,0,0,0,0,0,0,0,0,0,329,16424,0,0,0,0
36588.607,16874,59,0,0,0,0,0,8,34658,44,53,0,0,0,0,0,0,0,0,0,0,0,0,0,0,0,0,0,0,0,0,0,0,342,16753,0,0,0,0
36604.793,16186,61,0,0,0,0,0,8,34845,44,53,0,0,0,0,0,0,0,0,0,0,0,0,0,0,0,0,0,0,0,0,0,0,337,16931,0,0,0,0
36622.162,17368,57,0,0,0,0,0,8,34622,44,53,0,0,0,0,0,0,0,0,0,0,0,0,0,0,0,0,0,0,0,0,0,0,335,16708,0,0,0,0
36638.451,16289,61,0,0,0,0,0,8,33202,44,53,0,0,0,0,0,0,0,0,0,0,0,0,0,0,0,0,0,0,0,0,0,0,317,16806,0,0,0,0
36654.979,16528,60,0,0,0,0,0,8,33241,44,53,0,0,0,0,0,0,0,0,0,0,0,0,0,0,0,0,0,0,0,0,0,0,328,16542,0,0,0,0
36672.260,17279,57,0,0,0,0,0,8,34721,44,53,0,0,0,0,0,0,0,0,0,0,0,0,0,0,0,0,0,0,0,0,0,0,340,16612,0,0,0,0
36688.768,16508,60,0,0,0,0,0,8,34930,44,53,0,0,0,0,0,0,0,0,0,0,0,0,0,0,0,0,0,0,0,0,0,0,324,16353,0,0,0,0
36706.268,17500,57,0,0,0,0,0,8,35023,44,53,0,0,0,0,0,0,0,0,0,0,0,0,0,0,0,0,0,0,0,0,0,0,341,17171,0,0,0,0
36721.507,15239,65,0,0,0,0,0,8,35004,44,53,0,0,0,0,0,0,0,0,0,0,0,0,0,0,0,0,0,0,0,0,0,0,352,17878,0,0,0,0
36738.435,16927,59,0,0,0,0,0,8,35114,44,53,0,0,0,0,0,0,0,0,0,0,0,0,0,0,0,0,0,0,0,0,0,0,319,15408,0,0,0,0
36755.353,16918,59,0,0,0,0,0,8,35179,44,53,0,0,0,0,0,0,0,0,0,0,0,0,0,0,0,0,0,0,0,0,0,0,327,16432,0,0,0,0
36771.756,16402,60,0,0,0,0,0,8,35105,44,53,0,0,0,0,0,0,0,0,0,0,0,0,0,0,0,0,0,0,0,0,0,0,332,16900,0,0,0,0
36788.604,16848,59,0,0,0,0,0,8,35375,44,53,0,0,0,0,0,0,0,0,0,0,0,0,0,0,0,0,0,0,0,0,0,0,337,16498,0,0,0,0
36805.312,16708,59,0,0,0,0,0,8,35362,44,53,0,0,0,0,0,0,0,0,0,0,0,0,0,0,0,0,0,0,0,0,0,0,336,16789,0,0,0,0
36821.847,16535,60,0,0,0,0,0,8,35280,44,53,0,0,0,0,0,0,0,0,0,0,0,0,0,0,0,0,0,0,0,0,0,0,319,16738,0,0,0,0
36838.741,16894,59,0,0,0,0,0,8,35322,44,53,0,0,0,0,0,0,0,0,0,0,0,0,0,0,0,0,0,0,0,0,0,0,317,16892,0,0,0,0
36855.424,16683,59,0,0,0,0,0,8,35535,44,53,0,0,0,0,0,0,0,0,0,0,0,0,0,0,0,0,0,0,0,0,0,0,339,16574,0,0,0,0
36871.728,16303,61,0,0,0,0,0,8,35280,44,53,0,0,0,0,0,0,0,0,0,0,0,0,0,0,0,0,0,0,0,0,0,0,326,16873,0,0,0,0
36888.373,16645,60,0,0,0,0,0,8,35671,44,53,0,0,0,0,0,0,0,0,0,0,0,0,0,0,0,0,0,0,0,0,0,0,336,16253,0,0,0,0
36905.261,16888,59,0,0,0,0,0,8,35453,44,53,0,0,0,0,0,0,0,0,0,0,0,0,0,0,0,0,0,0,0,0,0,0,324,16510,0,0,0,0
36921.925,16664,60,0,0,0,0,0,8,35431,44,53,0,0,0,0,0,0,0,0,0,0,0,0,0,0,0,0,0,0,0,0,0,0,336,17233,0,0,0,0
36939.239,17313,57,0,0,0,0,0,8,36072,44,53,0,0,0,0,0,0,0,0,0,0,0,0,0,0,0,0,0,0,0,0,0,0,312,16471,0,0,0,0
36955.029,15789,63,0,0,0,0,0,8,35108,44,53,0,0,0,0,0,0,0,0,0,0,0,0,0,0,0,0,0,0,0,0,0,0,336,17484,0,0,0,0
36971.692,16663,60,0,0,0,0,0,8,34336,44,53,0,0,0,0,0,0,0,0,0,0,0,0,0,0,0,0,0,0,0,0,0,0,311,15312,0,0,0,0
36988.752,17059,58,0,0,0,0,0,8,34401,44,53,0,0,0,0,0,0,0,0,0,0,0,0,0,0,0,0,0,0,0,0,0,0,317,16678,0,0,0,0
37005.237,16485,60,0,0,0,0,0,8,34555,44,53,0,0,0,0,0,0,0,0,0,0,0,0,0,0,0,0,0,0,0,0,0,0,329,17192,0,0,0,0
37021.767,16529,60,0,0,0,0,0,8,34327,44,53,0,0,0,0,0,0,0,0,0,0,0,0,0,0,0,0,0,0,0,0,0,0,328,16652,0,0,0,0
37038.566,16798,59,0,0,0,0,0,8,34521,44,53,0,0,0,0,0,0,0,0,0,0,0,0,0,0,0,0,0,0,0,0,0,0,340,16933,0,0,0,0
37055.492,16926,59,0,0,0,0,0,8,34435,44,53,0,0,0,0,0,0,0,0,0,0,0,0,0,0,0,0,0,0,0,0,0,0,345,16335,0,0,0,0
37072.241,16748,59,0,0,0,0,0,8,34406,44,53,0,0,0,0,0,0,0,0,0,0,0,0,0,0,0,0,0,0,0,0,0,0,328,16985,0,0,0,0
37088.636,16395,60,0,0,0,0,0,8,34501,44,53,0,0,0,0,0,0,0,0,0,0,0,0,0,0,0,0,0,0,0,0,0,0,350,16703,0,0,0,0
37105.523,16887,59,0,0,0,0,0,8,34626,44,53,0,0,0,0,0,0,0,0,0,0,0,0,0,0,0,0,0,0,0,0,0,0,317,16339,0,0,0,0
37121.871,16347,61,0,0,0,0,0,8,34447,44,53,0,0,0,0,0,0,0,0,0,0,0,0,0,0,0,0,0,0,0,0,0,0,296,16805,0,0,0,0
37138.578,16707,59,0,0,0,0,0,8,34573,44,53,0,0,0,0,0,0,0,0,0,0,0,0,0,0,0,0,0,0,0,0,0,0,321,16303,0,0,0,0
37155.760,17181,58,0,0,0,0,0,8,34601,44,53,0,0,0,0,0,0,0,0,0,0,0,0,0,0,0,0,0,0,0,0,0,0,320,16749,0,0,0,0
37171.967,16207,61,0,0,0,0,0,8,34470,44,53,0,0,0,0,0,0,0,0,0,0,0,0,0,0,0,0,0,0,0,0,0,0,339,17150,0,0,0,0
37188.535,16567,60,0,0,0,0,0,8,34615,44,53,0,0,0,0,0,0,0,0,0,0,0,0,0,0,0,0,0,0,0,0,0,0,307,16288,0,0,0,0
37205.384,16849,59,0,0,0,0,0,8,34034,44,53,0,0,0,0,0,0,0,0,0,0,0,0,0,0,0,0,0,0,0,0,0,0,320,16445,0,0,0,0
37221.765,16381,61,0,0,0,0,0,8,33902,44,53,0,0,0,0,0,0,0,0,0,0,0,0,0,0,0,0,0,0,0,0,0,0,334,16813,0,0,0,0
37238.620,16854,59,0,0,0,0,0,8,34229,44,53,0,0,0,0,0,0,0,0,0,0,0,0,0,0,0,0,0,0,0,0,0,0,303,16918,0,0,0,0
37255.207,16587,60,0,0,0,0,0,8,34067,44,53,0,0,0,0,0,0,0,0,0,0,0,0,0,0,0,0,0,0,0,0,0,0,339,16344,0,0,0,0
37272.137,16930,59,0,0,0,0,0,8,35635,44,53,0,0,0,0,0,0,0,0,0,0,0,0,0,0,0,0,0,0,0,0,0,0,306,16739,0,0,0,0
37288.358,16221,61,0,0,0,0,0,8,35919,44,53,0,0,0,0,0,0,0,0,0,0,0,0,0,0,0,0,0,0,0,0,0,0,350,17023,0,0,0,0
37304.768,16410,60,0,0,0,0,0,8,35999,44,53,0,0,0,0,0,0,0,0,0,0,0,0,0,0,0,0,0,0,0,0,0,0,319,16429,0,0,0,0
37321.679,16911,59,0,0,0,0,0,8,35863,44,53,0,0,0,0,0,0,0,0,0,0,0,0,0,0,0,0,0,0,0,0,0,0,333,15999,0,0,0,0
37338.752,17072,58,0,0,0,0,0,8,35848,44,53,0,0,0,0,0,0,0,0,0,0,0,0,0,0,0,0,0,0,0,0,0,0,338,16896,0,0,0,0
37355.373,16620,60,0,0,0,0,0,8,36114,44,53,0,0,0,0,0,0,0,0,0,0,0,0,0,0,0,0,0,0,0,0,0,0,327,17333,0,0,0,0
37371.710,16337,61,0,0,0,0,0,8,35838,44,53,0,0,0,0,0,0,0,0,0,0,0,0,0,0,0,0,0,0,0,0,0,0,324,16636,0,0,0,0
37388.744,17033,58,0,0,0,0,0,8,35849,44,53,0,0,0,0,0,0,0,0,0,0,0,0,0,0,0,0,0,0,0,0,0,0,338,15967,0,0,0,0
37405.353,16609,60,0,0,0,0,0,8,36029,44,53,0,0,0,0,0,0,0,0,0,0,0,0,0,0,0,0,0,0,0,0,0,0,331,17460,0,0,0,0
37422.028,16674,59,0,0,0,0,0,8,35632,44,53,0,0,0,0,0,0,0,0,0,0,0,0,0,0,0,0,0,0,0,0,0,0,330,16703,0,0,0,0
37438.368,16340,61,0,0,0,0,0,8,35792,44,53,0,0,0,0,0,0,0,0,0,0,0,0,0,0,0,0,0,0,0,0,0,0,339,16378,0,0,0,0
37455.542,17174,58,0,0,0,0,0,8,35622,44,53,0,0,0,0,0,0,0,0,0,0,0,0,0,0,0,0,0,0,0,0,0,0,320,15959,0,0,0,0
37471.896,16353,61,0,0,0,0,0,8,35759,44,53,0,0,0,0,0,0,0,0,0,0,0,0,0,0,0,0,0,0,0,0,0,0,333,17954,0,0,0,0
37489.241,17345,57,0,0,0,0,0,8,35641,44,53,0,0,0,0,0,0,0,0,0,0,0,0,0,0,0,0,0,0,0,0,0,0,326,15957,0,0,0,0
37505.429,16187,61,0,0,0,0,0,8,35724,44,53,0,0,0,0,0,0,0,0,0,0,0,0,0,0,0,0,0,0,0,0,0,0,332,17481,0,0,0,0
37522.469,17039,58,0,0,0,0,0,8,35447,44,53,0,0,0,0,0,0,0,0,0,0,0,0,0,0,0,0,0,0,0,0,0,0,339,16234,0,0,0,0
37538.488,16019,62,0,0,0,0,0,8,33839,44,53,0,0,0,0,0,0,0,0,0,0,0,0,0,0,0,0,0,0,0,0,0,0,314,17074,0,0,0,0
37555.010,16522,60,0,0,0,0,0,8,34004,44,53,0,0,0,0,0,0,0,0,0,0,0,0,0,0,0,0,0,0,0,0,0,0,313,15476,0,0,0,0
37571.785,16775,59,0,0,0,0,0,8,33866,44,53,0,0,0,0,0,0,0,0,0,0,0,0,0,0,0,0,0,0,0,0,0,0,344,16976,0,0,0,0
37588.747,16961,58,0,0,0,0,0,8,33971,44,53,0,0,0,0,0,0,0,0,0,0,0,0,0,0,0,0,0,0,0,0,0,0,349,16458,0,0,0,0
37605.368,16622,60,0,0,0,0,0,8,34108,44,53,0,0,0,0,0,0,0,0,0,0,0,0,0,0,0,0,0,0,0,0,0,0,327,16898,0,0,0,0
37622.241,16872,59,0,0,0,0,0,8,33594,44,53,0,0,0,0,0,0,0,0,0,0,0,0,0,0,0,0,0,0,0,0,0,0,330,16843,0,0,0,0
37638.521,16280,61,0,0,0,0,0,8,33902,44,53,0,0,0,0,0,0,0,0,0,0,0,0,0,0,0,0,0,0,0,0,0,0,347,15974,0,0,0,0
37655.754,17232,58,0,0,0,0,0,8,33881,44,53,0,0,0,0,0,0,0,0,0,0,0,0,0,0,0,0,0,0,0,0,0,0,342,16905,0,0,0,0
37672.243,16489,60,0,0,0,0,0,8,33912,44,53,0,0,0,0,0,0,0,0,0,0,0,0,0,0,0,0,0,0,0,0,0,0,322,17353,0,0,0,0
37688.633,16389,61,0,0,0,0,0,8,33834,44,53,0,0,0,0,0,0,0,0,0,0,0,0,0,0,0,0,0,0,0,0,0,0,332,15684,0,0,0,0
37705.511,16877,59,0,0,0,0,0,8,33669,44,53,0,0,0,0,0,0,0,0,0,0,0,0,0,0,0,0,0,0,0,0,0,0,347,17193,0,0,0,0
37721.925,16414,60,0,0,0,0,0,8,33726,44,53,0,0,0,0,0,0,0,0,0,0,0,0,0,0,0,0,0,0,0,0,0,0,308,16791,0,0,0,0
37738.779,16839,59,0,0,0,0,0,8,35400,44,53,0,0,0,0,0,0,0,0,0,0,0,0,0,0,0,0,0,0,0,0,0,0,342,16553,0,0,0,0
37755.767,17003,58,0,0,0,0,0,8,35344,44,53,0,0,0,0,0,0,0,0,0,0,0,0,0,0,0,0,0,0,0,0,0,0,325,17028,0,0,0,0
37772.235,16467,60,0,0,0,0,0,8,35372,44,53,0,0,0,0,0,0,0,0,0,0,0,0,0,0,0,0,0,0,0,0,0,0,324,16935,0,0,0,0
37788.516,16281,61,0,0,0,0,0,8,35311,44,53,0,0,0,0,0,0,0,0,0,0,0,0,0,0,0,0,0,0,0,0,0,0,309,16389,0,0,0,0
37805.070,16554,60,0,0,0,0,0,8,35464,44,53,0,0,0,0,0,0,0,0,0,0,0,0,0,0,0,0,0,0,0,0,0,0,332,15919,0,0,0,0
37821.829,16759,59,0,0,0,0,0,8,35416,44,53,0,0,0,0,0,0,0,0,0,0,0,0,0,0,0,0,0,0,0,0,0,0,333,16774,0,0,0,0
37839.232,17402,57,0,0,0,0,0,8,35389,44,53,0,0,0,0,0,0,0,0,0,0,0,0,0,0,0,0,0,0,0,0,0,0,321,16853,0,0,0,0
37855.410,16177,61,0,0,0,0,0,8,35529,44,53,0,0,0,0,0,0,0,0,0,0,0,0,0,0,0,0,0,0,0,0,0,0,335,17659,0,0,0,0
37872.232,16822,59,0,0,0,0,0,8,35258,44,53,0,0,0,0,0,0,0,0,0,0,0,0,0,0,0,0,0,0,0,0,0,0,324,15584,0,0,0,0
37888.689,16456,60,0,0,0,0,0,8,35603,44,53,0,0,0,0,0,0,0,0,0,0,0,0,0,0,0,0,0,0,0,0,0,0,353,17307,0,0,0,0
37905.181,16491,60,0,0,0,0,0,8,35413,44,53,0,0,0,0,0,0,0,0,0,0,0,0,0,0,0,0,0,0,0,0,0,0,325,16210,0,0,0,0
37921.734,16553,60,0,0,0,0,0,8,35228,44,53,0,0,0,0,0,0,0,0,0,0,0,0,0,0,0,0,0,0,0,0,0,0,340,16765,0,0,0,0
37938.616,16881,59,0,0,0,0,0,8,35273,44,53,0,0,0,0,0,0,0,0,0,0,0,0,0,0,0,0,0,0,0,0,0,0,318,16611,0,0,0,0
37955.294,16678,59,0,0,0,0,0,8,35792,44,53,0,0,0,0,0,0,0,0,0,0,0,0,0,0,0,0,0,0,0,0,0,0,360,16963,0,0,0,0
37972.157,16863,59,0,0,0,0,0,8,35779,44,53,0,0,0,0,0,0,0,0,0,0,0,0,0,0,0,0,0,0,0,0,0,0,310,16213,0,0,0,0
37988.630,16473,60,0,0,0,0,0,8,34392,44,53,0,0,0,0,0,0,0,0,0,0,0,0,0,0,0,0,0,0,0,0,0,0,314,17005,0,0,0,0
38005.311,16681,59,0,0,0,0,0,8,33215,44,53,0,0,0,0,0,0,0,0,0,0,0,0,0,0,0,0,0,0,0,0,0,0,330,16558,0,0,0,0
38021.691,16379,61,0,0,0,0,0,8,32776,44,53,0,0,0,0,0,0,0,0,0,0,0,0,0,0,0,0,0,0,0,0,0,0,332,17003,0,0,0,0
38038.332,16640,60,0,0,0,0,0,8,32895,44,53,0,0,0,0,0,0,0,0,0,0,0,0,0,0,0,0,0,0,0,0,0,0,349,16359,0,0,0,0
38055.275,16943,59,0,0,0,0,0,8,32724,44,53,0,0,0,0,0,0,0,0,0,0,0,0,0,0,0,0,0,0,0,0,0,0,344,16382,0,0,0,0
38071.739,16464,60,0,0,0,0,0,8,32338,44,53,0,0,0,0,0,0,0,0,0,0,0,0,0,0,0,0,0,0,0,0,0,0,366,16811,0,0,0,0
38088.851,17112,58,0,0,0,0,0,8,31847,44,53,0,0,0,0,0,0,0,0,0,0,0,0,0,0,0,0,0,0,0,0,0,0,340,16541,0,0,0,0
38105.384,16532,60,0,0,0,0,0,8,31701,44,53,0,0,0,0,0,0,0,0,0,0,0,0,0,0,0,0,0,0,0,0,0,0,334,16801,0,0,0,0
38122.250,16865,59,0,0,0,0,0,8,31312,44,53,0,0,0,0,0,0,0,0,0,0,0,0,0,0,0,0,0,0,0,0,0,0,345,16730,0,0,0,0
38138.268,16017,62,0,0,0,0,0,8,31213,44,53,0,0,0,0,0,0,0,0,0,0,0,0,0,0,0,0,0,0,0,0,0,0,339,16835,0,0,0,0
38156.240,17962,55,0,0,0,0,0,8,31050,44,53,0,0,0,0,0,0,0,0,0,0,0,0,0,0,0,0,0,0,0,0,0,0,397,15816,0,0,0,0
38171.681,15451,64,0,0,0,0,0,8,30909,44,53,0,0,0,0,0,0,0,0,0,0,0,0,0,0,0,0,0,0,0,0,0,0,350,18194,0,0,0,0
38188.440,16758,59,0,0,0,0,0,8,30679,44,53,0,0,0,0,0,0,0,0,0,0,0,0,0,0,0,0,0,0,0,0,0,0,335,15508,0,0,0,0
38205.757,17316,57,0,0,0,0,0,8,30673,44,53,0,0,0,0,0,0,0,0,0,0,0,0,0,0,0,0,0,0,0,0,0,0,358,16561,0,0,0,0
38221.932,16175,61,0,0,0,0,0,8,30260,44,53,0,0,0,0,0,0,0,0,0,0,0,0,0,0,0,0,0,0,0,0,0,0,339,17223,0,0,0,0
38238.386,16454,60,0,0,0,0,0,8,30139,44,53,0,0,0,0,0,0,0,0,0,0,0,0,0,0,0,0,0,0,0,0,0,0,351,16449,0,0,0,0
38255.257,16871,59,0,0,0,0,0,8,30061,44,53,0,0,0,0,0,0,0,0,0,0,0,0,0,0,0,0,0,0,0,0,0,0,362,16397,0,0,0,0
38272.141,16883,59,0,0,0,0,0,8,30032,44,53,0,0,0,0,0,0,0,0,0,0,0,0,0,0,0,0,0,0,0,0,0,0,349,16895,0,0,0,0
38288.371,16230,61,0,0,0,0,0,8,30175,44,53,0,0,0,0,0,0,0,0,0,0,0,0,0,0,0,0,0,0,0,0,0,0,339,16356,0,0,0,0
38305.425,17053,58,0,0,0,0,0,8,30199,44,53,0,0,0,0,0,0,0,0,0,0,0,0,0,0,0,0,0,0,0,0,0,0,351,16832,0,0,0,0
38322.246,16811,59,0,0,0,0,0,8,29940,44,53,0,0,0,0,0,0,0,0,0,0,0,0,0,0,0,0,0,0,0,0,0,0,359,17248,0,0,0,0
38338.808,16572,60,0,0,0,0,0,8,30067,44,53,0,0,0,0,0,0,0,0,0,0,0,0,0,0,0,0,0,0,0,0,0,0,336,16480,0,0,0,0
38355.253,16444,60,0,0,0,0,0,8,30074,44,53,0,0,0,0,0,0,0,0,0,0,0,0,0,0,0,0,0,0,0,0,0,0,342,16258,0,0,0,0
38372.023,16770,59,0,0,0,0,0,8,29984,44,53,0,0,0,0,0,0,0,0,0,0,0,0,0,0,0,0,0,0,0,0,0,0,329,16430,0,0,0,0
38388.272,16248,61,0,0,0,0,0,8,30870,44,53,0,0,0,0,0,0,0,0,0,0,0,0,0,0,0,0,0,0,0,0,0,0,330,17010,0,0,0,0
38405.356,17084,58,0,0,0,0,0,8,30604,44,53,0,0,0,0,0,0,0,0,0,0,0,0,0,0,0,0,0,0,0,0,0,0,337,16250,0,0,0,0
38422.105,16748,59,0,0,0,0,0,8,32466,44,53,0,0,0,0,0,0,0,0,0,0,0,0,0,0,0,0,0,0,0,0,0,0,339,17197,0,0,0,0
38438.529,16424,60,0,0,0,0,0,8,32683,44,53,0,0,0,0,0,0,0,0,0,0,0,0,0,0,0,0,0,0,0,0,0,0,332,16701,0,0,0,0
38455.484,16955,58,0,0,0,0,0,8,32678,44,53,0,0,0,0,0,0,0,0,0,0,0,0,0,0,0,0,0,0,0,0,0,0,329,16086,0,0,0,0
38471.588,16104,62,0,0,0,0,0,8,32768,44,53,0,0,0,0,0,0,0,0,0,0,0,0,0,0,0,0,0,0,0,0,0,0,347,17243,0,0,0,0
38488.467,16878,59,0,0,0,0,0,8,34112,44,53,0,0,0,0,0,0,0,0,0,0,0,0,0,0,0,0,0,0,0,0,0,0,344,16716,0,0,0,0
38505.227,16760,59,0,0,0,0,0,8,33678,44,53,0,0,0,0,0,0,0,0,0,0,0,0,0,0,0,0,0,0,0,0,0,0,325,16076,0,0,0,0
38521.919,16691,59,0,0,0,0,0,8,33613,44,53,0,0,0,0,0,0,0,0,0,0,0,0,0,0,0,0,0,0,0,0,0,0,345,17254,0,0,0,0
38538.496,16576,60,0,0,0,0,0,8,34422,44,53,0,0,0,0,0,0,0,0,0,0,0,0,0,0,0,0,0,0,0,0,0,0,326,16377,0,0,0,0
38555.389,16893,59,0,0,0,0,0,8,34446,44,53,0,0,0,0,0,0,0,0,0,0,0,0,0,0,0,0,0,0,0,0,0,0,326,16798,0,0,0,0
38572.302,16913,59,0,0,0,0,0,8,34074,44,53,0,0,0,0,0,0,0,0,0,0,0,0,0,0,0,0,0,0,0,0,0,0,333,16515,0,0,0,0
38588.661,16358,61,0,0,0,0,0,8,36040,44,53,0,0,0,0,0,0,0,0,0,0,0,0,0,0,0,0,0,0,0,0,0,0,317,17122,0,0,0,0
38605.228,16567,60,0,0,0,0,0,8,36786,44,53,0,0,0,0,0,0,0,0,0,0,0,0,0,0,0,0,0,0,0,0,0,0,335,16575,0,0,0,0
38622.014,16785,59,0,0,0,0,0,8,36196,44,53,0,0,0,0,0,0,0,0,0,0,0,0,0,0,0,0,0,0,0,0,0,0,330,16879,0,0,0,0
38638.806,16791,59,0,0,0,0,0,8,36588,44,53,0,0,0,0,0,0,0,0,0,0,0,0,0,0,0,0,0,0,0,0,0,0,335,16851,0,0,0,0
38655.317,16511,60,0,0,0,0,0,8,36381,44,53,0,0,0,0,0,0,0,0,0,0,0,0,0,0,0,0,0,0,0,0,0,0,314,16261,0,0,0,0
38672.258,16941,59,0,0,0,0,0,8,36333,44,53,0,0,0,0,0,0,0,0,0,0,0,0,0,0,0,0,0,0,0,0,0,0,334,16610,0,0,0,0
38688.461,16202,61,0,0,0,0,0,8,34668,44,53,0,0,0,0,0,0,0,0,0,0,0,0,0,0,0,0,0,0,0,0,0,0,332,16810,0,0,0,0
38704.991,16530,60,0,0,0,0,0,8,35612,44,53,0,0,0,0,0,0,0,0,0,0,0,0,0,0,0,0,0,0,0,0,0,0,337,16564,0,0,0,0
38722.152,17160,58,0,0,0,0,0,8,34869,44,53,0,0,0,0,0,0,0,0,0,0,0,0,0,0,0,0,0,0,0,0,0,0,338,16576,0,0,0,0
38738.498,16346,61,0,0,0,0,0,8,34778,44,53,0,0,0,0,0,0,0,0,0,0,0,0,0,0,0,0,0,0,0,0,0,0,336,17196,0,0,0,0
38755.749,17250,57,0,0,0,0,0,8,34760,44,53,0,0,0,0,0,0,0,0,0,0,0,0,0,0,0,0,0,0,0,0,0,0,313,15917,0,0,0,0
38771.948,16200,61,0,0,0,0,0,8,34722,44,53,0,0,0,0,0,0,0,0,0,0,0,0,0,0,0,0,0,0,0,0,0,0,323,17680,0,0,0,0
38788.360,16411,60,0,0,0,0,0,8,34685,44,53,0,0,0,0,0,0,0,0,0,0,0,0,0,0,0,0,0,0,0,0,0,0,315,15997,0,0,0,0
38805.229,16868,59,0,0,0,0,0,8,34697,44,53,0,0,0,0,0,0,0,0,0,0,0,0,0,0,0,0,0,0,0,0,0,0,342,16704,0,0,0,0
38822.251,17022,58,0,0,0,0,0,8,34500,44,53,0,0,0,0,0,0,0,0,0,0,0,0,0,0,0,0,0,0,0,0,0,0,338,16773,0,0,0,0
38838.808,16556,60,0,0,0,0,0,8,34534,44,53,0,0,0,0,0,0,0,0,0,0,0,0,0,0,0,0,0,0,0,0,0,0,311,16844,0,0,0,0
38855.327,16518,60,0,0,0,0,0,8,34691,44,53,0,0,0,0,0,0,0,0,0,0,0,0,0,0,0,0,0,0,0,0,0,0,342,16479,0,0,0,0
38871.902,16575,60,0,0,0,0,0,8,34498,44,53,0,0,0,0,0,0,0,0,0,0,0,0,0,0,0,0,0,0,0,0,0,0,348,16324,0,0,0,0
38888.500,16597,60,0,0,0,0,0,8,34824,44,53,0,0,0,0,0,0,0,0,0,0,0,0,0,0,0,0,0,0,0,0,0,0,330,16499,0,0,0,0
38904.978,16477,60,0,0,0,0,0,8,34659,44,53,0,0,0,0,0,0,0,0,0,0,0,0,0,0,0,0,0,0,0,0,0,0,316,16614,0,0,0,0
38921.938,16960,58,0,0,0,0,0,8,34530,44,53,0,0,0,0,0,0,0,0,0,0,0,0,0,0,0,0,0,0,0,0,0,0,340,16953,0,0,0,0
38938.389,16450,60,0,0,0,0,0,8,34742,44,53,0,0,0,0,0,0,0,0,0,0,0,0,0,0,0,0,0,0,0,0,0,0,336,16652,0,0,0,0
38955.357,16968,58,0,0,0,0,0,8,34728,44,53,0,0,0,0,0,0,0,0,0,0,0,0,0,0,0,0,0,0,0,0,0,0,320,16462,0,0,0,0
38971.741,16384,61,0,0,0,0,0,8,34680,44,53,0,0,0,0,0,0,0,0,0,0,0,0,0,0,0,0,0,0,0,0,0,0,324,17352,0,0,0,0
38988.351,16609,60,0,0,0,0,0,8,34618,44,53,0,0,0,0,0,0,0,0,0,0,0,0,0,0,0,0,0,0,0,0,0,0,300,16185,0,0,0,0
39005.241,16889,59,0,0,0,0,0,8,34460,44,53,0,0,0,0,0,0,0,0,0,0,0,0,0,0,0,0,0,0,0,0,0,0,335,16409,0,0,0,0
39021.738,16496,60,0,0,0,0,0,8,34423,44,53,0,0,0,0,0,0,0,0,0,0,0,0,0,0,0,0,0,0,0,0,0,0,350,17300,0,0,0,0
39038.491,16753,59,0,0,0,0,0,8,34421,44,53,0,0,0,0,0,0,0,0,0,0,0,0,0,0,0,0,0,0,0,0,0,0,313,16245,0,0,0,0
39054.970,16479,60,0,0,0,0,0,8,34481,44,53,0,0,0,0,0,0,0,0,0,0,0,0,0,0,0,0,0,0,0,0,0,0,340,16780,0,0,0,0
39072.263,17292,57,0,0,0,0,0,8,34365,44,53,0,0,0,0,0,0,0,0,0,0,0,0,0,0,0,0,0,0,0,0,0,0,342,16449,0,0,0,0
39088.623,16360,61,0,0,0,0,0,8,34496,44,53,0,0,0,0,0,0,0,0,0,0,0,0,0,0,0,0,0,0,0,0,0,0,330,16927,0,0,0,0
39104.986,16362,61,0,0,0,0,0,8,34544,44,53,0,0,0,0,0,0,0,0,0,0,0,0,0,0,0,0,0,0,0,0,0,0,327,16463,0,0,0,0
39122.223,17237,58,0,0,0,0,0,8,34224,44,53,0,0,0,0,0,0,0,0,0,0,0,0,0,0,0,0,0,0,0,0,0,0,322,16761,0,0,0,0
39138.657,16433,60,0,0,0,0,0,8,34534,44,53,0,0,0,0,0,0,0,0,0,0,0,0,0,0,0,0,0,0,0,0,0,0,327,16250,0,0,0,0
39154.995,16337,61,0,0,0,0,0,8,34795,44,53,0,0,0,0,0,0,0,0,0,0,0,0,0,0,0,0,0,0,0,0,0,0,341,17213,0,0,0,0
39171.923,16928,59,0,0,0,0,0,8,34297,44,53,0,0,0,0,0,0,0,0,0,0,0,0,0,0,0,0,0,0,0,0,0,0,331,16501,0,0,0,0
39189.217,17293,57,0,0,0,0,0,8,34453,44,53,0,0,0,0,0,0,0,0,0,0,0,0,0,0,0,0,0,0,0,0,0,0,341,16579,0,0,0,0
39205.381,16164,61,0,0,0,0,0,8,34493,44,53,0,0,0,0,0,0,0,0,0,0,0,0,0,0,0,0,0,0,0,0,0,0,341,17709,0,0,0,0
39222.215,16834,59,0,0,0,0,0,8,34333,44,53,0,0,0,0,0,0,0,0,0,0,0,0,0,0,0,0,0,0,0,0,0,0,322,15971,0,0,0,0
39238.353,16137,61,0,0,0,0,0,8,36166,44,53,0,0,0,0,0,0,0,0,0,0,0,0,0,0,0,0,0,0,0,0,0,0,342,17037,0,0,0,0
39255.355,17002,58,0,0,0,0,0,8,36001,44,53,0,0,0,0,0,0,0,0,0,0,0,0,0,0,0,0,0,0,0,0,0,0,335,16228,0,0,0,0
39272.590,17234,58,0,0,0,0,0,8,35948,44,53,0,0,0,0,0,0,0,0,0,0,0,0,0,0,0,0,0,0,0,0,0,0,345,16888,0,0,0,0
39288.239,15648,63,0,0,0,0,0,8,36164,44,53,0,0,0,0,0,0,0,0,0,0,0,0,0,0,0,0,0,0,0,0,0,0,307,17357,0,0,0,0
39305.242,17003,58,0,0,0,0,0,8,36117,44,53,0,0,0,0,0,0,0,0,0,0,0,0,0,0,0,0,0,0,0,0,0,0,310,15470,0,0,0,0
39321.649,16407,60,0,0,0,0,0,8,36029,44,53,0,0,0,0,0,0,0,0,0,0,0,0,0,0,0,0,0,0,0,0,0,0,352,16992,0,0,0,0
39338.667,17017,58,0,0,0,0,0,8,36086,44,53,0,0,0,0,0,0,0,0,0,0,0,0,0,0,0,0,0,0,0,0,0,0,317,16127,0,0,0,0
39354.615,15947,62,0,0,0,0,0,8,36162,44,53,0,0,0,0,0,0,0,0,0,0,0,0,0,0,0,0,0,0,0,0,0,0,324,16880,0,0,0,0
39371.504,16889,59,0,0,0,0,0,8,35991,44,53,0,0,0,0,0,0,0,0,0,0,0,0,0,0,0,0,0,0,0,0,0,0,341,16507,0,0,0,0
39388.731,17226,58,0,0,0,0,0,8,36038,44,53,0,0,0,0,0,0,0,0,0,0,0,0,0,0,0,0,0,0,0,0,0,0,348,16867,0,0,0,0
39405.487,16755,59,0,0,0,0,0,8,36193,44,53,0,0,0,0,0,0,0,0,0,0,0,0,0,0,0,0,0,0,0,0,0,0,316,16964,0,0,0,0
39422.225,16738,59,0,0,0,0,0,8,35935,44,53,0,0,0,0,0,0,0,0,0,0,0,0,0,0,0,0,0,0,0,0,0,0,348,17014,0,0,0,0
39438.618,16392,61,0,0,0,0,0,8,35932,44,53,0,0,0,0,0,0,0,0,0,0,0,0,0,0,0,0,0,0,0,0,0,0,334,16438,0,0,0,0
39456.264,17646,56,0,0,0,0,0,8,35891,44,53,0,0,0,0,0,0,0,0,0,0,0,0,0,0,0,0,0,0,0,0,0,0,340,16240,0,0,0,0
39471.837,15572,64,0,0,0,0,0,8,36046,44,53,0,0,0,0,0,0,0,0,0,0,0,0,0,0,0,0,0,0,0,0,0,0,346,18033,0,0,0,0
39488.739,16902,59,0,0,0,0,0,8,36042,44,53,0,0,0,0,0,0,0,0,0,0,0,0,0,0,0,0,0,0,0,0,0,0,301,15078,0,0,0,0
39505.331,16592,60,0,0,0,0,0,8,34297,44,53,0,0,0,0,0,0,0,0,0,0,0,0,0,0,0,0,0,0,0,0,0,0,328,17105,0,0,0,0
39522.216,16884,59,0,0,0,0,0,8,34171,44,53,0,0,0,0,0,0,0,0,0,0,0,0,0,0,0,0,0,0,0,0,0,0,328,16616,0,0,0,0
39538.496,16280,61,0,0,0,0,0,8,34217,44,53,0,0,0,0,0,0,0,0,0,0,0,0,0,0,0,0,0,0,0,0,0,0,333,15953,0,0,0,0
39555.322,16825,59,0,0,0,0,0,8,34433,44,53,0,0,0,0,0,0,0,0,0,0,0,0,0,0,0,0,0,0,0,0,0,0,323,17115,0,0,0,0
39571.860,16538,60,0,0,0,0,0,8,38006,44,53,0,0,0,0,0,0,0,0,0,0,0,0,0,0,0,0,0,0,0,0,0,0,330,17318,0,0,0,0
39588.379,16518,60,0,0,0,0,0,8,37888,44,53,0,0,0,0,0,0,0,0,0,0,0,0,0,0,0,0,0,0,0,0,0,0,332,16100,0,0,0,0
39605.441,17062,58,0,0,0,0,0,8,36548,44,53,0,0,0,0,0,0,0,0,0,0,0,0,0,0,0,0,0,0,0,0,0,0,322,16830,0,0,0,0
39622.222,16781,59,0,0,0,0,0,8,35799,44,53,0,0,0,0,0,0,0,0,0,0,0,0,0,0,0,0,0,0,0,0,0,0,342,16815,0,0,0,0
39638.635,16413,60,0,0,0,0,0,8,36132,44,53,0,0,0,0,0,0,0,0,0,0,0,0,0,0,0,0,0,0,0,0,0,0,315,17033,0,0,0,0
39655.331,16695,59,0,0,0,0,0,8,36067,44,53,0,0,0,0,0,0,0,0,0,0,0,0,0,0,0,0,0,0,0,0,0,0,318,16090,0,0,0,0
39672.027,16695,59,0,0,0,0,0,8,35980,44,53,0,0,0,0,0,0,0,0,0,0,0,0,0,0,0,0,0,0,0,0,0,0,317,16789,0,0,0,0
39688.634,16607,60,0,0,0,0,0,8,39891,44,53,0,0,0,0,0,0,0,0,0,0,0,0,0,0,0,0,0,0,0,0,0,0,306,16857,0,0,0,0
39705.376,16741,59,0,0,0,0,0,8,37689,44,53,0,0,0,0,0,0,0,0,0,0,0,0,0,0,0,0,0,0,0,0,0,0,319,16352,0,0,0,0
39721.842,16466,60,0,0,0,0,0,8,36642,44,53,0,0,0,0,0,0,0,0,0,0,0,0,0,0,0,0,0,0,0,0,0,0,318,16817,0,0,0,0
39739.214,17371,57,0,0,0,0,0,8,36578,44,53,0,0,0,0,0,0,0,0,0,0,0,0,0,0,0,0,0,0,0,0,0,0,330,16469,0,0,0,0
39755.322,16108,62,0,0,0,0,0,8,40428,44,53,0,0,0,0,0,0,0,0,0,0,0,0,0,0,0,0,0,0,0,0,0,0,312,16963,0,0,0,0
39772.215,16893,59,0,0,0,0,0,8,38084,44,53,0,0,0,0,0,0,0,0,0,0,0,0,0,0,0,0,0,0,0,0,0,0,320,16563,0,0,0,0
39788.384,16158,61,0,0,0,0,0,8,36933,44,53,0,0,0,0,0,0,0,0,0,0,0,0,0,0,0,0,0,0,0,0,0,0,344,16985,0,0,0,0
39805.280,16906,59,0,0,0,0,0,8,37118,44,53,0,0,0,0,0,0,0,0,0,0,0,0,0,0,0,0,0,0,0,0,0,0,333,16134,0,0,0,0
39821.898,16618,60,0,0,0,0,0,8,36831,44,53,0,0,0,0,0,0,0,0,0,0,0,0,0,0,0,0,0,0,0,0,0,0,330,16866,0,0,0,0
39838.459,16561,60,0,0,0,0,0,8,37394,44,53,0,0,0,0,0,0,0,0,0,0,0,0,0,0,0,0,0,0,0,0,0,0,325,16647,0,0,0,0
39854.980,16520,60,0,0,0,0,0,8,36925,44,53,0,0,0,0,0,0,0,0,0,0,0,0,0,0,0,0,0,0,0,0,0,0,307,16429,0,0,0,0
39871.938,16958,58,0,0,0,0,0,8,36922,44,53,0,0,0,0,0,0,0,0,0,0,0,0,0,0,0,0,0,0,0,0,0,0,336,16727,0,0,0,0
39889.215,17276,57,0,0,0,0,0,8,37155,44,53,0,0,0,0,0,0,0,0,0,0,0,0,0,0,0,0,0,0,0,0,0,0,327,16646,0,0,0,0
39905.264,16049,62,0,0,0,0,0,8,37094,44,53,0,0,0,0,0,0,0,0,0,0,0,0,0,0,0,0,0,0,0,0,0,0,342,17677,0,0,0,0
39921.912,16648,60,0,0,0,0,0,8,36897,44,53,0,0,0,0,0,0,0,0,0,0,0,0,0,0,0,0,0,0,0,0,0,0,302,15839,0,0,0,0
39938.586,16674,59,0,0,0,0,0,8,36973,44,53,0,0,0,0,0,0,0,0,0,0,0,0,0,0,0,0,0,0,0,0,0,0,324,16745,0,0,0,0
39955.238,16652,60,0,0,0,0,0,8,37022,44,53,0,0,0,0,0,0,0,0,0,0,0,0,0,0,0,0,0,0,0,0,0,0,328,16513,0,0,0,0
39971.723,16484,60,0,0,0,0,0,8,37021,44,53,0,0,0,0,0,0,0,0,0,0,0,0,0,0,0,0,0,0,0,0,0,0,319,16561,0,0,0,0
39988.450,16726,59,0,0,0,0,0,8,37135,44,53,0,0,0,0,0,0,0,0,0,0,0,0,0,0,0,0,0,0,0,0,0,0,316,16625,0,0,0,0
40005.241,16791,59,0,0,0,0,0,8,37079,44,53,0,0,0,0,0,0,0,0,0,0,0,0,0,0,0,0,0,0,0,0,0,0,336,16719,0,0,0,0
40021.309,16068,62,0,0,0,0,0,8,36844,44,53,0,0,0,0,0,0,0,0,0,0,0,0,0,0,0,0,0,0,0,0,0,0,319,16684,0,0,0,0
40038.699,17389,57,0,0,0,0,0,8,36912,44,53,0,0,0,0,0,0,0,0,0,0,0,0,0,0,0,0,0,0,0,0,0,0,321,16409,0,0,0,0
40055.312,16613,60,0,0,0,0,0,8,37144,44,53,0,0,0,0,0,0,0,0,0,0,0,0,0,0,0,0,0,0,0,0,0,0,329,17200,0,0,0,0
40072.217,16905,59,0,0,0,0,0,8,37049,44,53,0,0,0,0,0,0,0,0,0,0,0,0,0,0,0,0,0,0,0,0,0,0,343,16950,0,0,0,0
40088.747,16529,60,0,0,0,0,0,8,37207,44,53,0,0,0,0,0,0,0,0,0,0,0,0,0,0,0,0,0,0,0,0,0,0,339,15906,0,0,0,0
40105.447,16700,59,0,0,0,0,0,8,37218,44,53,0,0,0,0,0,0,0,0,0,0,0,0,0,0,0,0,0,0,0,0,0,0,356,17577,0,0,0,0
40121.837,16390,61,0,0,0,0,0,8,37079,44,53,0,0,0,0,0,0,0,0,0,0,0,0,0,0,0,0,0,0,0,0,0,0,349,16185,0,0,0,0
40138.451,16613,60,0,0,0,0,0,8,35587,44,53,0,0,0,0,0,0,0,0,0,0,0,0,0,0,0,0,0,0,0,0,0,0,332,16374,0,0,0,0
40155.723,17272,57,0,0,0,0,0,8,35480,44,53,0,0,0,0,0,0,0,0,0,0,0,0,0,0,0,0,0,0,0,0,0,0,334,16736,0,0,0,0
40171.339,15615,64,0,0,0,0,0,8,35297,44,53,0,0,0,0,0,0,0,0,0,0,0,0,0,0,0,0,0,0,0,0,0,0,327,17267,0,0,0,0
40188.730,17392,57,0,0,0,0,0,8,35206,44,53,0,0,0,0,0,0,0,0,0,0,0,0,0,0,0,0,0,0,0,0,0,0,318,15801,0,0,0,0
40205.273,16542,60,0,0,0,0,0,8,35293,44,53,0,0,0,0,0,0,0,0,0,0,0,0,0,0,0,0,0,0,0,0,0,0,344,17191,0,0,0,0
40221.721,16447,60,0,0,0,0,0,8,35198,44,53,0,0,0,0,0,0,0,0,0,0,0,0,0,0,0,0,0,0,0,0,0,0,315,16668,0,0,0,0
40238.364,16643,60,0,0,0,0,0,8,35137,44,53,0,0,0,0,0,0,0,0,0,0,0,0,0,0,0,0,0,0,0,0,0,0,318,16468,0,0,0,0
40255.408,17043,58,0,0,0,0,0,8,35024,44,53,0,0,0,0,0,0,0,0,0,0,0,0,0,0,0,0,0,0,0,0,0,0,331,16602,0,0,0,0
40272.204,16796,59,0,0,0,0,0,8,35063,44,53,0,0,0,0,0,0,0,0,0,0,0,0,0,0,0,0,0,0,0,0,0,0,346,16802,0,0,0,0
40288.497,16293,61,0,0,0,0,0,8,39798,44,53,0,0,0,0,0,0,0,0,0,0,0,0,0,0,0,0,0,0,0,0,0,0,339,17858,0,0,0,0
40304.979,16481,60,0,0,0,0,0,8,36988,44,53,0,0,0,0,0,0,0,0,0,0,0,0,0,0,0,0,0,0,0,0,0,0,313,15612,0,0,0,0
40322.144,17165,58,0,0,0,0,0,8,35281,44,53,0,0,0,0,0,0,0,0,0,0,0,0,0,0,0,0,0,0,0,0,0,0,338,16543,0,0,0,0
40338.464,16319,61,0,0,0,0,0,8,35477,44,53,0,0,0,0,0,0,0,0,0,0,0,0,0,0,0,0,0,0,0,0,0,0,343,17292,0,0,0,0
40354.991,16526,60,0,0,0,0,0,8,35379,44,53,0,0,0,0,0,0,0,0,0,0,0,0,0,0,0,0,0,0,0,0,0,0,321,15646,0,0,0,0
40371.894,16903,59,0,0,0,0,0,8,39798,44,53,0,0,0,0,0,0,0,0,0,0,0,0,0,0,0,0,0,0,0,0,0,0,352,17547,0,0,0,0
40388.710,16815,59,0,0,0,0,0,8,37104,44,53,0,0,0,0,0,0,0,0,0,0,0,0,0,0,0,0,0,0,0,0,0,0,305,16266,0,0,0,0
40405.196,16486,60,0,0,0,0,0,8,35657,44,53,0,0,0,0,0,0,0,0,0,0,0,0,0,0,0,0,0,0,0,0,0,0,334,16677,0,0,0,0
40421.927,16731,59,0,0,0,0,0,8,35304,44,53,0,0,0,0,0,0,0,0,0,0,0,0,0,0,0,0,0,0,0,0,0,0,333,16664,0,0,0,0
40439.212,17284,57,0,0,0,0,0,8,35602,44,53,0,0,0,0,0,0,0,0,0,0,0,0,0,0,0,0,0,0,0,0,0,0,320,16556,0,0,0,0
40454.560,15348,65,0,0,0,0,0,8,35504,44,53,0,0,0,0,0,0,0,0,0,0,0,0,0,0,0,0,0,0,0,0,0,0,343,17972,0,0,0,0
40472.219,17658,56,0,0,0,0,0,8,35462,44,53,0,0,0,0,0,0,0,0,0,0,0,0,0,0,0,0,0,0,0,0,0,0,331,14792,0,0,0,0
40488.615,16395,60,0,0,0,0,0,8,35434,44,53,0,0,0,0,0,0,0,0,0,0,0,0,0,0,0,0,0,0,0,0,0,0,330,16761,0,0,0,0
40505.745,17130,58,0,0,0,0,0,8,35243,44,53,0,0,0,0,0,0,0,0,0,0,0,0,0,0,0,0,0,0,0,0,0,0,355,17234,0,0,0,0
40522.219,16473,60,0,0,0,0,0,8,35238,44,53,0,0,0,0,0,0,0,0,0,0,0,0,0,0,0,0,0,0,0,0,0,0,340,17038,0,0,0,0
40538.672,16452,60,0,0,0,0,0,8,35127,44,53,0,0,0,0,0,0,0,0,0,0,0,0,0,0,0,0,0,0,0,0,0,0,321,16494,0,0,0,0
40555.730,17058,58,0,0,0,0,0,8,35226,44,53,0,0,0,0,0,0,0,0,0,0,0,0,0,0,0,0,0,0,0,0,0,0,337,16278,0,0,0,0
40571.804,16074,62,0,0,0,0,0,8,35210,44,53,0,0,0,0,0,0,0,0,0,0,0,0,0,0,0,0,0,0,0,0,0,0,334,17642,0,0,0,0
40588.396,16592,60,0,0,0,0,0,8,35003,44,53,0,0,0,0,0,0,0,0,0,0,0,0,0,0,0,0,0,0,0,0,0,0,349,15643,0,0,0,0
40605.031,16634,60,0,0,0,0,0,8,35169,44,53,0,0,0,0,0,0,0,0,0,0,0,0,0,0,0,0,0,0,0,0,0,0,322,16744,0,0,0,0
40621.918,16886,59,0,0,0,0,0,8,34979,44,53,0,0,0,0,0,0,0,0,0,0,0,0,0,0,0,0,0,0,0,0,0,0,339,16697,0,0,0,0
40639.205,17287,57,0,0,0,0,0,8,35281,44,53,0,0,0,0,0,0,0,0,0,0,0,0,0,0,0,0,0,0,0,0,0,0,352,16982,0,0,0,0
40655.348,16142,61,0,0,0,0,0,8,35173,44,53,0,0,0,0,0,0,0,0,0,0,0,0,0,0,0,0,0,0,0,0,0,0,324,16073,0,0,0,0
40672.039,16690,59,0,0,0,0,0,8,35141,44,53,0,0,0,0,0,0,0,0,0,0,0,0,0,0,0,0,0,0,0,0,0,0,342,17793,0,0,0,0
40688.443,16404,60,0,0,0,0,0,8,35136,44,53,0,0,0,0,0,0,0,0,0,0,0,0,0,0,0,0,0,0,0,0,0,0,355,16077,0,0,0,0
40705.370,16927,59,0,0,0,0,0,8,35158,44,53,0,0,0,0,0,0,0,0,0,0,0,0,0,0,0,0,0,0,0,0,0,0,323,16557,0,0,0,0
40721.912,16541,60,0,0,0,0,0,8,35063,44,53,0,0,0,0,0,0,0,0,0,0,0,0,0,0,0,0,0,0,0,0,0,0,332,16684,0,0,0,0
40738.357,16445,60,0,0,0,0,0,8,39758,44,53,0,0,0,0,0,0,0,0,0,0,0,0,0,0,0,0,0,0,0,0,0,0,347,16988,0,0,0,0
40754.973,16615,60,0,0,0,0,0,8,36899,44,53,0,0,0,0,0,0,0,0,0,0,0,0,0,0,0,0,0,0,0,0,0,0,309,16147,0,0,0,0
40772.209,17235,58,0,0,0,0,0,8,35474,44,53,0,0,0,0,0,0,0,0,0,0,0,0,0,0,0,0,0,0,0,0,0,0,356,16908,0,0,0,0
40788.711,16501,60,0,0,0,0,0,8,35743,44,53,0,0,0,0,0,0,0,0,0,0,0,0,0,0,0,0,0,0,0,0,0,0,340,16082,0,0,0,0
40805.742,17031,58,0,0,0,0,0,8,35803,44,53,0,0,0,0,0,0,0,0,0,0,0,0,0,0,0,0,0,0,0,0,0,0,338,17330,0,0,0,0
40822.213,16470,60,0,0,0,0,0,8,40145,44,53,0,0,0,0,0,0,0,0,0,0,0,0,0,0,0,0,0,0,0,0,0,0,344,17615,0,0,0,0
40838.709,16496,60,0,0,0,0,0,8,37319,44,53,0,0,0,0,0,0,0,0,0,0,0,0,0,0,0,0,0,0,0,0,0,0,319,15091,0,0,0,0
40855.734,17025,58,0,0,0,0,0,8,35980,44,53,0,0,0,0,0,0,0,0,0,0,0,0,0,0,0,0,0,0,0,0,0,0,317,17347,0,0,0,0
40871.814,16079,62,0,0,0,0,0,8,35787,44,53,0,0,0,0,0,0,0,0,0,0,0,0,0,0,0,0,0,0,0,0,0,0,344,16630,0,0,0,0
40888.605,16791,59,0,0,0,0,0,8,35931,44,53,0,0,0,0,0,0,0,0,0,0,0,0,0,0,0,0,0,0,0,0,0,0,325,16118,0,0,0,0
40905.009,16404,60,0,0,0,0,0,8,37471,44,53,0,0,0,0,0,0,0,0,0,0,0,0,0,0,0,0,0,0,0,0,0,0,337,16939,0,0,0,0
40922.354,17345,57,0,0,0,0,0,8,37422,44,53,0,0,0,0,0,0,0,0,0,0,0,0,0,0,0,0,0,0,0,0,0,0,343,16578,0,0,0,0
40938.241,15886,62,0,0,0,0,0,8,37545,44,53,0,0,0,0,0,0,0,0,0,0,0,0,0,0,0,0,0,0,0,0,0,0,349,17556,0,0,0,0
40955.369,17128,58,0,0,0,0,0,8,42741,44,53,0,0,0,0,0,0,0,0,0,0,0,0,0,0,0,0,0,0,0,0,0,0,345,16234,0,0,0,0
40972.231,16861,59,0,0,0,0,0,8,38402,44,53,0,0,0,0,0,0,0,0,0,0,0,0,0,0,0,0,0,0,0,0,0,0,362,16763,0,0,0,0
40988.486,16254,61,0,0,0,0,0,8,37663,44,53,0,0,0,0,0,0,0,0,0,0,0,0,0,0,0,0,0,0,0,0,0,0,342,15774,0,0,0,0
41005.235,16749,59,0,0,0,0,0,8,37147,44,53,0,0,0,0,0,0,0,0,0,0,0,0,0,0,0,0,0,0,0,0,0,0,333,16994,0,0,0,0
41022.146,16911,59,0,0,0,0,0,8,37083,44,53,0,0,0,0,0,0,0,0,0,0,0,0,0,0,0,0,0,0,0,0,0,0,324,16606,0,0,0,0
41038.498,16351,61,0,0,0,0,0,8,41763,44,53,0,0,0,0,0,0,0,0,0,0,0,0,0,0,0,0,0,0,0,0,0,0,324,17420,0,0,0,0
41055.728,17230,58,0,0,0,0,0,8,38379,44,53,0,0,0,0,0,0,0,0,0,0,0,0,0,0,0,0,0,0,0,0,0,0,318,15757,0,0,0,0
41071.935,16206,61,0,0,0,0,0,8,36166,44,53,0,0,0,0,0,0,0,0,0,0,0,0,0,0,0,0,0,0,0,0,0,0,343,17419,0,0,0,0
41088.462,16527,60,0,0,0,0,0,8,35962,44,53,0,0,0,0,0,0,0,0,0,0,0,0,0,0,0,0,0,0,0,0,0,0,331,16154,0,0,0,0
41104.991,16529,60,0,0,0,0,0,8,36030,44,53,0,0,0,0,0,0,0,0,0,0,0,0,0,0,0,0,0,0,0,0,0,0,326,16271,0,0,0,0
41121.904,16912,59,0,0,0,0,0,8,35603,44,53,0,0,0,0,0,0,0,0,0,0,0,0,0,0,0,0,0,0,0,0,0,0,344,16792,0,0,0,0
41138.392,16487,60,0,0,0,0,0,8,35765,44,53,0,0,0,0,0,0,0,0,0,0,0,0,0,0,0,0,0,0,0,0,0,0,339,16902,0,0,0,0
41155.049,16657,60,0,0,0,0,0,8,40278,44,53,0,0,0,0,0,0,0,0,0,0,0,0,0,0,0,0,0,0,0,0,0,0,308,16752,0,0,0,0
41171.843,16793,59,0,0,0,0,0,8,36645,44,53,0,0,0,0,0,0,0,0,0,0,0,0,0,0,0,0,0,0,0,0,0,0,320,16346,0,0,0,0
41188.356,16513,60,0,0,0,0,0,8,35193,44,53,0,0,0,0,0,0,0,0,0,0,0,0,0,0,0,0,0,0,0,0,0,0,351,16532,0,0,0,0
41205.305,16948,59,0,0,0,0,0,8,35134,44,53,0,0,0,0,0,0,0,0,0,0,0,0,0,0,0,0,0,0,0,0,0,0,340,16602,0,0,0,0
41221.806,16501,60,0,0,0,0,0,8,35119,44,53,0,0,0,0,0,0,0,0,0,0,0,0,0,0,0,0,0,0,0,0,0,0,337,17239,0,0,0,0
41238.560,16753,59,0,0,0,0,0,8,34677,44,53,0,0,0,0,0,0,0,0,0,0,0,0,0,0,0,0,0,0,0,0,0,0,344,16003,0,0,0,0
41254.987,16415,60,0,0,0,0,0,8,34545,44,53,0,0,0,0,0,0,0,0,0,0,0,0,0,0,0,0,0,0,0,0,0,0,348,16923,0,0,0,0
41271.807,16832,59,0,0,0,0,0,8,38559,44,53,0,0,0,0,0,0,0,0,0,0,0,0,0,0,0,0,0,0,0,0,0,0,339,17078,0,0,0,0
41288.805,16997,58,0,0,0,0,0,8,36222,44,53,0,0,0,0,0,0,0,0,0,0,0,0,0,0,0,0,0,0,0,0,0,0,357,16173,0,0,0,0
41305.344,16539,60,0,0,0,0,0,8,35125,44,53,0,0,0,0,0,0,0,0,0,0,0,0,0,0,0,0,0,0,0,0,0,0,325,16822,0,0,0,0
41321.930,16586,60,0,0,0,0,0,8,34756,44,53,0,0,0,0,0,0,0,0,0,0,0,0,0,0,0,0,0,0,0,0,0,0,320,16766,0,0,0,0
41338.323,16392,61,0,0,0,0,0,8,34782,44,53,0,0,0,0,0,0,0,0,0,0,0,0,0,0,0,0,0,0,0,0,0,0,325,16770,0,0,0,0
41354.616,16293,61,0,0,0,0,0,8,34850,44,53,0,0,0,0,0,0,0,0,0,0,0,0,0,0,0,0,0,0,0,0,0,0,354,16034,0,0,0,0
41372.201,17585,56,0,0,0,0,0,8,33311,44,53,0,0,0,0,0,0,0,0,0,0,0,0,0,0,0,0,0,0,0,0,0,0,326,16537,0,0,0,0
41388.718,16516,60,0,0,0,0,0,8,33443,44,53,0,0,0,0,0,0,0,0,0,0,0,0,0,0,0,0,0,0,0,0,0,0,361,16759,0,0,0,0
41405.234,16515,60,0,0,0,0,0,8,33619,44,53,0,0,0,0,0,0,0,0,0,0,0,0,0,0,0,0,0,0,0,0,0,0,334,17509,0,0,0,0
41421.882,16648,60,0,0,0,0,0,8,37448,44,53,0,0,0,0,0,0,0,0,0,0,0,0,0,0,0,0,0,0,0,0,0,0,335,16706,0,0,0,0
41438.786,16903,59,0,0,0,0,0,8,35472,44,53,0,0,0,0,0,0,0,0,0,0,0,0,0,0,0,0,0,0,0,0,0,0,335,16304,0,0,0,0
41455.201,16414,60,0,0,0,0,0,8,34061,44,53,0,0,0,0,0,0,0,0,0,0,0,0,0,0,0,0,0,0,0,0,0,0,350,16878,0,0,0,0
41471.658,16457,60,0,0,0,0,0,8,35625,44,53,0,0,0,0,0,0,0,0,0,0,0,0,0,0,0,0,0,0,0,0,0,0,362,16552,0,0,0,0
41488.849,17190,58,0,0,0,0,0,8,35198,44,53,0,0,0,0,0,0,0,0,0,0,0,0,0,0,0,0,0,0,0,0,0,0,347,16626,0,0,0,0
41505.227,16378,61,0,0,0,0,0,8,34873,44,53,0,0,0,0,0,0,0,0,0,0,0,0,0,0,0,0,0,0,0,0,0,0,333,17020,0,0,0,0
41521.260,16032,62,0,0,0,0,0,8,35124,44,53,0,0,0,0,0,0,0,0,0,0,0,0,0,0,0,0,0,0,0,0,0,0,334,16622,0,0,0,0
41538.154,16893,59,0,0,0,0,0,8,35248,44,53,0,0,0,0,0,0,0,0,0,0,0,0,0,0,0,0,0,0,0,0,0,0,339,16354,0,0,0,0
41555.269,17115,58,0,0,0,0,0,8,35556,44,53,0,0,0,0,0,0,0,0,0,0,0,0,0,0,0,0,0,0,0,0,0,0,347,16727,0,0,0,0
41571.727,16457,60,0,0,0,0,0,8,35171,44,53,0,0,0,0,0,0,0,0,0,0,0,0,0,0,0,0,0,0,0,0,0,0,327,16539,0,0,0,0
41588.847,17120,58,0,0,0,0,0,8,41170,44,53,0,0,0,0,0,0,0,0,0,0,0,0,0,0,0,0,0,0,0,0,0,0,332,17670,0,0,0,0
41605.329,16482,60,0,0,0,0,0,8,39600,44,53,0,0,0,0,0,0,0,0,0,0,0,0,0,0,0,0,0,0,0,0,0,0,328,16496,0,0,0,0
41621.723,16393,60,0,0,0,0,0,8,37472,44,53,0,0,0,0,0,0,0,0,0,0,0,0,0,0,0,0,0,0,0,0,0,0,332,16409,0,0,0,0
41638.450,16726,59,0,0,0,0,0,8,37903,44,53,0,0,0,0,0,0,0,0,0,0,0,0,0,0,0,0,0,0,0,0,0,0,328,16376,0,0,0,0
41655.241,16791,59,0,0,0,0,0,8,37840,44,53,0,0,0,0,0,0,0,0,0,0,0,0,0,0,0,0,0,0,0,0,0,0,330,16828,0,0,0,0
41672.052,16811,59,0,0,0,0,0,8,37528,44,53,0,0,0,0,0,0,0,0,0,0,0,0,0,0,0,0,0,0,0,0,0,0,317,16718,0,0,0,0
41688.768,16715,59,0,0,0,0,0,8,37684,44,53,0,0,0,0,0,0,0,0,0,0,0,0,0,0,0,0,0,0,0,0,0,0,327,16576,0,0,0,0
41705.443,16675,59,0,0,0,0,0,8,40017,44,53,0,0,0,0,0,0,0,0,0,0,0,0,0,0,0,0,0,0,0,0,0,0,332,16842,0,0,0,0
41721.772,16329,61,0,0,0,0,0,8,43372,44,53,0,0,0,0,0,0,0,0,0,0,0,0,0,0,0,0,0,0,0,0,0,0,327,17103,0,0,0,0
41739.195,17422,57,0,0,0,0,0,8,40866,44,53,0,0,0,0,0,0,0,0,0,0,0,0,0,0,0,0,0,0,0,0,0,0,343,15934,0,0,0,0
41755.247,16052,62,0,0,0,0,0,8,39515,44,53,0,0,0,0,0,0,0,0,0,0,0,0,0,0,0,0,0,0,0,0,0,0,321,17527,0,0,0,0
41771.801,16554,60,0,0,0,0,0,8,39210,44,53,0,0,0,0,0,0,0,0,0,0,0,0,0,0,0,0,0,0,0,0,0,0,303,15629,0,0,0,0
41788.733,16931,59,0,0,0,0,0,8,39121,44,53,0,0,0,0,0,0,0,0,0,0,0,0,0,0,0,0,0,0,0,0,0,0,320,16575,0,0,0,0
41805.288,16554,60,0,0,0,0,0,8,39255,44,53,0,0,0,0,0,0,0,0,0,0,0,0,0,0,0,0,0,0,0,0,0,0,329,16986,0,0,0,0
41822.200,16912,59,0,0,0,0,0,8,43015,44,53,0,0,0,0,0,0,0,0,0,0,0,0,0,0,0,0,0,0,0,0,0,0,325,17165,0,0,0,0
41839.203,17003,58,0,0,0,0,0,8,40742,44,53,0,0,0,0,0,0,0,0,0,0,0,0,0,0,0,0,0,0,0,0,0,0,318,15730,0,0,0,0
41855.201,15998,62,0,0,0,0,0,8,39615,44,53,0,0,0,0,0,0,0,0,0,0,0,0,0,0,0,0,0,0,0,0,0,0,344,18069,0,0,0,0
41872.200,16998,58,0,0,0,0,0,8,39377,44,53,0,0,0,0,0,0,0,0,0,0,0,0,0,0,0,0,0,0,0,0,0,0,337,15846,0,0,0,0
41888.430,16230,61,0,0,0,0,0,8,43669,44,53,0,0,0,0,0,0,0,0,0,0,0,0,0,0,0,0,0,0,0,0,0,0,327,16426,0,0,0,0
41905.042,16612,60,0,0,0,0,0,8,41399,44,53,0,0,0,0,0,0,0,0,0,0,0,0,0,0,0,0,0,0,0,0,0,0,328,16795,0,0,0,0
41921.886,16843,59,0,0,0,0,0,8,39790,44,53,0,0,0,0,0,0,0,0,0,0,0,0,0,0,0,0,0,0,0,0,0,0,334,16852,0,0,0,0
41938.592,16706,59,0,0,0,0,0,8,39769,44,53,0,0,0,0,0,0,0,0,0,0,0,0,0,0,0,0,0,0,0,0,0,0,328,16627,0,0,0,0
41955.264,16671,59,0,0,0,0,0,8,39784,44,53,0,0,0,0,0,0,0,0,0,0,0,0,0,0,0,0,0,0,0,0,0,0,339,16450,0,0,0,0
41972.008,16744,59,0,0,0,0,0,8,37830,44,53,0,0,0,0,0,0,0,0,0,0,0,0,0,0,0,0,0,0,0,0,0,0,327,16708,0,0,0,0
41988.614,16605,60,0,0,0,0,0,8,37885,44,53,0,0,0,0,0,0,0,0,0,0,0,0,0,0,0,0,0,0,0,0,0,0,328,16620,0,0,0,0
42005.720,17106,58,0,0,0,0,0,8,37761,44,53,0,0,0,0,0,0,0,0,0,0,0,0,0,0,0,0,0,0,0,0,0,0,343,16570,0,0,0,0
42022.195,16475,60,0,0,0,0,0,8,37605,44,53,0,0,0,0,0,0,0,0,0,0,0,0,0,0,0,0,0,0,0,0,0,0,340,17213,0,0,0,0
42038.472,16277,61,0,0,0,0,0,8,37547,44,53,0,0,0,0,0,0,0,0,0,0,0,0,0,0,0,0,0,0,0,0,0,0,335,16484,0,0,0,0
42055.253,16780,59,0,0,0,0,0,8,37626,44,53,0,0,0,0,0,0,0,0,0,0,0,0,0,0,0,0,0,0,0,0,0,0,317,16179,0,0,0,0
42071.872,16619,60,0,0,0,0,0,8,37203,44,53,0,0,0,0,0,0,0,0,0,0,0,0,0,0,0,0,0,0,0,0,0,0,332,16710,0,0,0,0
42088.327,16454,60,0,0,0,0,0,8,41243,44,53,0,0,0,0,0,0,0,0,0,0,0,0,0,0,0,0,0,0,0,0,0,0,333,16983,0,0,0,0
42105.387,17060,58,0,0,0,0,0,8,38876,44,53,0,0,0,0,0,0,0,0,0,0,0,0,0,0,0,0,0,0,0,0,0,0,328,16179,0,0,0,0
42121.788,16400,60,0,0,0,0,0,8,37538,44,53,0,0,0,0,0,0,0,0,0,0,0,0,0,0,0,0,0,0,0,0,0,0,335,17188,0,0,0,0
42138.706,16917,59,0,0,0,0,0,8,37704,44,53,0,0,0,0,0,0,0,0,0,0,0,0,0,0,0,0,0,0,0,0,0,0,316,16218,0,0,0,0
42155.270,16563,60,0,0,0,0,0,8,37577,44,53,0,0,0,0,0,0,0,0,0,0,0,0,0,0,0,0,0,0,0,0,0,0,335,16965,0,0,0,0
42171.715,16445,60,0,0,0,0,0,8,37423,44,53,0,0,0,0,0,0,0,0,0,0,0,0,0,0,0,0,0,0,0,0,0,0,328,16800,0,0,0,0
42188.463,16747,59,0,0,0,0,0,8,37395,44,53,0,0,0,0,0,0,0,0,0,0,0,0,0,0,0,0,0,0,0,0,0,0,332,16763,0,0,0,0
42206.191,17727,56,0,0,0,0,0,8,37374,44,53,0,0,0,0,0,0,0,0,0,0,0,0,0,0,0,0,0,0,0,0,0,0,334,16348,0,0,0,0
42222.224,16033,62,0,0,0,1,0,8,37419,44,53,0,0,0,0,0,0,0,0,0,0,0,0,0,0,0,0,0,0,0,0,0,0,327,18079,0,0,0,0
42238.392,16167,61,0,0,0,0,0,8,44892,44,53,0,0,0,0,0,0,0,0,0,0,0,0,0,0,0,0,0,0,0,0,0,0,334,16237,0,0,0,0
42254.577,16185,61,0,0,0,0,0,8,38983,44,53,0,0,0,0,0,0,0,0,0,0,0,0,0,0,0,0,0,0,0,0,0,0,322,15568,0,0,0,0
42272.192,17615,56,0,0,0,0,0,8,37567,44,53,0,0,0,0,0,0,0,0,0,0,0,0,0,0,0,0,0,0,0,0,0,0,326,16554,0,0,0,0
42289.195,17002,58,0,0,0,0,0,8,37591,44,53,0,0,0,0,0,0,0,0,0,0,0,0,0,0,0,0,0,0,0,0,0,0,318,17551,0,0,0,0
42305.255,16060,62,0,0,0,0,0,8,37534,44,53,0,0,0,0,0,0,0,0,0,0,0,0,0,0,0,0,0,0,0,0,0,0,323,15942,0,0,0,0
42321.921,16666,60,0,0,0,0,0,8,37138,44,53,0,0,0,0,0,0,0,0,0,0,0,0,0,0,0,0,0,0,0,0,0,0,344,17291,0,0,0,0
42338.393,16472,60,0,0,0,0,0,8,41157,44,53,0,0,0,0,0,0,0,0,0,0,0,0,0,0,0,0,0,0,0,0,0,0,317,16541,0,0,0,0
42355.334,16940,59,0,0,0,0,0,8,38868,44,53,0,0,0,0,0,0,0,0,0,0,0,0,0,0,0,0,0,0,0,0,0,0,314,16390,0,0,0,0
42372.113,16779,59,0,0,0,0,0,8,37270,44,53,0,0,0,0,0,0,0,0,0,0,0,0,0,0,0,0,0,0,0,0,0,0,351,16744,0,0,0,0
42388.543,16429,60,0,0,0,0,0,8,37539,44,53,0,0,0,0,0,0,0,0,0,0,0,0,0,0,0,0,0,0,0,0,0,0,313,16579,0,0,0,0
42405.142,16599,60,0,0,0,0,0,8,37394,44,53,0,0,0,0,0,0,0,0,0,0,0,0,0,0,0,0,0,0,0,0,0,0,339,16517,0,0,0,0
42421.704,16561,60,0,0,0,0,0,8,41093,44,53,0,0,0,0,0,0,0,0,0,0,0,0,0,0,0,0,0,0,0,0,0,0,325,16950,0,0,0,0
42438.375,16671,59,0,0,0,0,0,8,40860,44,53,0,0,0,0,0,0,0,0,0,0,0,0,0,0,0,0,0,0,0,0,0,0,333,16892,0,0,0,0
42454.967,16592,60,0,0,0,0,0,8,39386,44,53,0,0,0,0,0,0,0,0,0,0,0,0,0,0,0,0,0,0,0,0,0,0,345,16065,0,0,0,0
42472.231,17264,57,0,0,0,0,0,8,39239,44,53,0,0,0,0,0,0,0,0,0,0,0,0,0,0,0,0,0,0,0,0,0,0,325,17106,0,0,0,0
42488.142,15910,62,0,0,0,0,0,8,39264,44,53,0,0,0,0,0,0,0,0,0,0,0,0,0,0,0,0,0,0,0,0,0,0,343,16981,0,0,0,0
42505.012,16870,59,0,0,0,0,0,8,39097,44,53,0,0,0,0,0,0,0,0,0,0,0,0,0,0,0,0,0,0,0,0,0,0,352,15957,0,0,0,0
42521.209,16196,61,0,0,0,0,0,8,42836,44,53,0,0,0,0,0,0,0,0,0,0,0,0,0,0,0,0,0,0,0,0,0,0,321,16982,0,0,0,0
42538.406,17197,58,0,0,0,0,0,8,40741,44,53,0,0,0,0,0,0,0,0,0,0,0,0,0,0,0,0,0,0,0,0,0,0,318,15720,0,0,0,0
42555.289,16882,59,0,0,0,0,0,8,39560,44,53,0,0,0,0,0,0,0,0,0,0,0,0,0,0,0,0,0,0,0,0,0,0,327,17288,0,0,0,0
42571.929,16640,60,0,0,0,0,0,8,39214,44,53,0,0,0,0,0,0,0,0,0,0,0,0,0,0,0,0,0,0,0,0,0,0,359,17160,0,0,0,0
42588.546,16617,60,0,0,0,0,0,8,43228,44,53,0,0,0,0,0,0,0,0,0,0,0,0,0,0,0,0,0,0,0,0,0,0,327,16434,0,0,0,0
42605.216,16663,60,0,0,0,0,0,8,41144,44,53,0,0,0,0,0,0,0,0,0,0,0,0,0,0,0,0,0,0,0,0,0,0,343,16869,0,0,0,0
42622.192,16982,58,0,0,0,0,0,8,38955,44,53,0,0,0,0,0,0,0,0,0,0,0,0,0,0,0,0,0,0,0,0,0,0,331,16806,0,0,0,0
42638.488,16296,61,0,0,0,0,0,8,39247,44,53,0,0,0,0,0,0,0,0,0,0,0,0,0,0,0,0,0,0,0,0,0,0,342,16986,0,0,0,0
42655.712,17223,58,0,0,0,0,0,8,38942,44,53,0,0,0,0,0,0,0,0,0,0,0,0,0,0,0,0,0,0,0,0,0,0,330,15845,0,0,0,0
42671.809,16096,62,0,0,0,0,0,8,38845,44,53,0,0,0,0,0,0,0,0,0,0,0,0,0,0,0,0,0,0,0,0,0,0,312,17745,0,0,0,0
42688.877,17068,58,0,0,0,0,0,8,43037,44,53,0,0,0,0,0,0,0,0,0,0,0,0,0,0,0,0,0,0,0,0,0,0,325,16008,0,0,0,0
42705.098,16220,61,0,0,0,0,0,8,38992,44,53,0,0,0,0,0,0,0,0,0,0,0,0,0,0,0,0,0,0,0,0,0,0,341,16512,0,0,0,0
42722.192,17094,58,0,0,0,0,0,8,37623,44,53,0,0,0,0,0,0,0,0,0,0,0,0,0,0,0,0,0,0,0,0,0,0,323,16830,0,0,0,0
42738.420,16227,61,0,0,0,0,0,8,37733,44,53,0,0,0,0,0,0,0,0,0,0,0,0,0,0,0,0,0,0,0,0,0,0,323,16740,0,0,0,0
42754.952,16531,60,0,0,0,0,0,8,37635,44,53,0,0,0,0,0,0,0,0,0,0,0,0,0,0,0,0,0,0,0,0,0,0,313,15867,0,0,0,0
42772.188,17236,58,0,0,0,0,0,8,41598,44,53,0,0,0,0,0,0,0,0,0,0,0,0,0,0,0,0,0,0,0,0,0,0,336,17214,0,0,0,0
42788.716,16527,60,0,0,0,0,0,8,39421,44,53,0,0,0,0,0,0,0,0,0,0,0,0,0,0,0,0,0,0,0,0,0,0,324,17202,0,0,0,0
42805.257,16540,60,0,0,0,0,0,8,38101,44,53,0,0,0,0,0,0,0,0,0,0,0,0,0,0,0,0,0,0,0,0,0,0,325,16001,0,0,0,0
42821.927,16670,59,0,0,0,0,0,8,37793,44,53,0,0,0,0,0,0,0,0,0,0,0,0,0,0,0,0,0,0,0,0,0,0,325,16344,0,0,0,0
42838.577,16650,60,0,0,0,0,0,8,37764,44,53,0,0,0,0,0,0,0,0,0,0,0,0,0,0,0,0,0,0,0,0,0,0,311,17211,0,0,0,0
42855.366,16789,59,0,0,0,0,0,8,37750,44,53,0,0,0,0,0,0,0,0,0,0,0,0,0,0,0,0,0,0,0,0,0,0,328,16273,0,0,0,0
42872.186,16819,59,0,0,0,0,0,8,41639,44,53,0,0,0,0,0,0,0,0,0,0,0,0,0,0,0,0,0,0,0,0,0,0,336,17500,0,0,0,0
42888.588,16402,60,0,0,0,0,0,8,39382,44,53,0,0,0,0,0,0,0,0,0,0,0,0,0,0,0,0,0,0,0,0,0,0,317,16364,0,0,0,0
42905.087,16499,60,0,0,0,0,0,8,37844,44,53,0,0,0,0,0,0,0,0,0,0,0,0,0,0,0,0,0,0,0,0,0,0,317,16082,0,0,0,0
42921.935,16848,59,0,0,0,0,0,8,37693,44,53,0,0,0,0,0,0,0,0,0,0,0,0,0,0,0,0,0,0,0,0,0,0,321,16809,0,0,0,0
42938.764,16829,59,0,0,0,0,0,8,37675,44,53,0,0,0,0,0,0,0,0,0,0,0,0,0,0,0,0,0,0,0,0,0,0,331,16485,0,0,0,0
42955.288,16523,60,0,0,0,0,0,8,37553,44,53,0,0,0,0,0,0,0,0,0,0,0,0,0,0,0,0,0,0,0,0,0,0,332,16883,0,0,0,0
42971.947,16658,60,0,0,0,0,0,8,37440,44,53,0,0,0,0,0,0,0,0,0,0,0,0,0,0,0,0,0,0,0,0,0,0,325,16683,0,0,0,0
42988.532,16585,60,0,0,0,0,0,8,37274,44,53,0,0,0,0,0,0,0,0,0,0,0,0,0,0,0,0,0,0,0,0,0,0,329,16793,0,0,0,0
43005.401,16868,59,0,0,0,0,0,8,37165,44,53,0,0,0,0,0,0,0,0,0,0,0,0,0,0,0,0,0,0,0,0,0,0,351,16176,0,0,0,0
43021.774,16373,61,0,0,0,0,0,8,37075,44,53,0,0,0,0,0,0,0,0,0,0,0,0,0,0,0,0,0,0,0,0,0,0,345,17002,0,0,0,0
43038.580,16806,59,0,0,0,0,0,8,36889,44,53,0,0,0,0,0,0,0,0,0,0,0,0,0,0,0,0,0,0,0,0,0,0,321,16320,0,0,0,0
43055.263,16683,59,0,0,0,0,0,8,36811,44,53,0,0,0,0,0,0,0,0,0,0,0,0,0,0,0,0,0,0,0,0,0,0,330,17201,0,0,0,0
43071.873,16609,60,0,0,0,0,0,8,36608,44,53,0,0,0,0,0,0,0,0,0,0,0,0,0,0,0,0,0,0,0,0,0,0,324,16306,0,0,0,0
43088.476,16603,60,0,0,0,0,0,8,36765,44,53,0,0,0,0,0,0,0,0,0,0,0,0,0,0,0,0,0,0,0,0,0,0,337,16562,0,0,0,0
43104.975,16498,60,0,0,0,0,0,8,36720,44,53,0,0,0,0,0,0,0,0,0,0,0,0,0,0,0,0,0,0,0,0,0,0,340,16698,0,0,0,0
43122.187,17211,58,0,0,0,0,0,8,36523,44,53,0,0,0,0,0,0,0,0,0,0,0,0,0,0,0,0,0,0,0,0,0,0,334,17079,0,0,0,0
43138.334,16146,61,0,0,0,0,0,8,36427,44,53,0,0,0,0,0,0,0,0,0,0,0,0,0,0,0,0,0,0,0,0,0,0,328,15736,0,0,0,0
43155.367,17033,58,0,0,0,0,0,8,36584,44,53,0,0,0,0,0,0,0,0,0,0,0,0,0,0,0,0,0,0,0,0,0,0,337,17534,0,0,0,0
43172.011,16643,60,0,0,0,0,0,8,40277,44,53,0,0,0,0,0,0,0,0,0,0,0,0,0,0,0,0,0,0,0,0,0,0,345,17649,0,0,0,0
43188.607,16596,60,0,0,0,0,0,8,38162,44,53,0,0,0,0,0,0,0,0,0,0,0,0,0,0,0,0,0,0,0,0,0,0,333,15726,0,0,0,0
43205.243,16636,60,0,0,0,0,0,8,36761,44,53,0,0,0,0,0,0,0,0,0,0,0,0,0,0,0,0,0,0,0,0,0,0,337,16699,0,0,0,0
43222.183,16940,59,0,0,0,0,0,8,36553,44,53,0,0,0,0,0,0,0,0,0,0,0,0,0,0,0,0,0,0,0,0,0,0,326,16509,0,0,0,0
43238.592,16408,60,0,0,0,0,0,8,36663,44,53,0,0,0,0,0,0,0,0,0,0,0,0,0,0,0,0,0,0,0,0,0,0,330,17153,0,0,0,0
43255.137,16545,60,0,0,0,0,0,8,40561,44,53,0,0,0,0,0,0,0,0,0,0,0,0,0,0,0,0,0,0,0,0,0,0,357,16393,0,0,0,0
43272.182,17044,58,0,0,0,0,0,8,38162,44,53,0,0,0,0,0,0,0,0,0,0,0,0,0,0,0,0,0,0,0,0,0,0,305,16306,0,0,0,0
43288.524,16342,61,0,0,0,0,0,8,36639,44,53,0,0,0,0,0,0,0,0,0,0,0,0,0,0,0,0,0,0,0,0,0,0,341,16415,0,0,0,0
43305.205,16680,59,0,0,0,0,0,8,36746,44,53,0,0,0,0,0,0,0,0,0,0,0,0,0,0,0,0,0,0,0,0,0,0,334,16924,0,0,0,0
43321.808,16602,60,0,0,0,0,0,8,36462,44,53,0,0,0,0,0,0,0,0,0,0,0,0,0,0,0,0,0,0,0,0,0,0,335,16471,0,0,0,0
43338.503,16695,59,0,0,0,0,0,8,36405,44,53,0,0,0,0,0,0,0,0,0,0,0,0,0,0,0,0,0,0,0,0,0,0,310,16697,0,0,0,0
43355.179,16676,59,0,0,0,0,0,8,36512,44,53,0,0,0,0,0,0,0,0,0,0,0,0,0,0,0,0,0,0,0,0,0,0,352,16706,0,0,0,0
43371.790,16610,60,0,0,0,0,0,8,36214,44,53,0,0,0,0,0,0,0,0,0,0,0,0,0,0,0,0,0,0,0,0,0,0,311,17092,0,0,0,0
43388.610,16819,59,0,0,0,0,0,8,36353,44,53,0,0,0,0,0,0,0,0,0,0,0,0,0,0,0,0,0,0,0,0,0,0,328,16842,0,0,0,0
43405.052,16442,60,0,0,0,0,0,8,36183,44,53,0,0,0,0,0,0,0,0,0,0,0,0,0,0,0,0,0,0,0,0,0,0,331,16093,0,0,0,0
43422.176,17123,58,0,0,0,0,0,8,37690,44,53,0,0,0,0,0,0,0,0,0,0,0,0,0,0,0,0,0,0,0,0,0,0,344,16892,0,0,0,0
43438.857,16681,59,0,0,0,0,0,8,42036,44,53,0,0,0,0,0,0,0,0,0,0,0,0,0,0,0,0,0,0,0,0,0,0,321,17596,0,0,0,0
43455.260,16403,60,0,0,0,0,0,8,39667,44,53,0,0,0,0,0,0,0,0,0,0,0,0,0,0,0,0,0,0,0,0,0,0,331,16114,0,0,0,0
43472.180,16919,59,0,0,0,0,0,8,38070,44,53,0,0,0,0,0,0,0,0,0,0,0,0,0,0,0,0,0,0,0,0,0,0,300,16432,0,0,0,0
43488.312,16132,61,0,0,0,0,0,8,38117,44,53,0,0,0,0,0,0,0,0,0,0,0,0,0,0,0,0,0,0,0,0,0,0,327,16701,0,0,0,0
43505.014,16701,59,0,0,0,0,0,8,38026,44,53,0,0,0,0,0,0,0,0,0,0,0,0,0,0,0,0,0,0,0,0,0,0,324,16372,0,0,0,0
43522.184,17169,58,0,0,0,0,0,8,37866,44,53,0,0,0,0,0,0,0,0,0,0,0,0,0,0,0,0,0,0,0,0,0,0,314,16276,0,0,0,0
43538.426,16242,61,0,0,0,0,0,8,37882,44,53,0,0,0,0,0,0,0,0,0,0,0,0,0,0,0,0,0,0,0,0,0,0,346,17636,0,0,0,0
43554.931,16504,60,0,0,0,0,0,8,37915,44,53,0,0,0,0,0,0,0,0,0,0,0,0,0,0,0,0,0,0,0,0,0,0,314,15978,0,0,0,0
43571.676,16745,59,0,0,0,0,0,8,37601,44,53,0,0,0,0,0,0,0,0,0,0,0,0,0,0,0,0,0,0,0,0,0,0,307,16409,0,0,0,0
43588.541,16864,59,0,0,0,0,0,8,37638,44,53,0,0,0,0,0,0,0,0,0,0,0,0,0,0,0,0,0,0,0,0,0,0,332,17055,0,0,0,0
43604.958,16417,60,0,0,0,0,0,8,37701,44,53,0,0,0,0,0,0,0,0,0,0,0,0,0,0,0,0,0,0,0,0,0,0,335,16536,0,0,0,0
43621.949,16990,58,0,0,0,0,0,8,37293,44,53,0,0,0,0,0,0,0,0,0,0,0,0,0,0,0,0,0,0,0,0,0,0,330,16473,0,0,0,0
43638.528,16579,60,0,0,0,0,0,8,37722,44,53,0,0,0,0,0,0,0,0,0,0,0,0,0,0,0,0,0,0,0,0,0,0,320,16976,0,0,0,0
43655.030,16502,60,0,0,0,0,0,8,37525,44,53,0,0,0,0,0,0,0,0,0,0,0,0,0,0,0,0,0,0,0,0,0,0,341,16634,0,0,0,0
43671.760,16730,59,0,0,0,0,0,8,37222,44,53,0,0,0,0,0,0,0,0,0,0,0,0,0,0,0,0,0,0,0,0,0,0,339,16872,0,0,0,0
43688.824,17063,58,0,0,0,0,0,8,35605,44,53,0,0,0,0,0,0,0,0,0,0,0,0,0,0,0,0,0,0,0,0,0,0,332,16742,0,0,0,0
43705.262,16438,60,0,0,0,0,0,8,35542,44,53,0,0,0,0,0,0,0,0,0,0,0,0,0,0,0,0,0,0,0,0,0,0,348,16972,0,0,0,0
43721.244,15981,62,0,0,0,0,0,8,35464,44,53,0,0,0,0,0,0,0,0,0,0,0,0,0,0,0,0,0,0,0,0,0,0,315,15990,0,0,0,0
43738.783,17538,57,0,0,0,0,0,8,35551,44,53,0,0,0,0,0,0,0,0,0,0,0,0,0,0,0,0,0,0,0,0,0,0,320,16102,0,0,0,0
43756.177,17394,57,0,0,0,0,0,8,35576,44,53,0,0,0,0,0,0,0,0,0,0,0,0,0,0,0,0,0,0,0,0,0,0,352,17473,0,0,0,0
43772.037,15860,63,0,0,0,0,0,8,35436,44,53,0,0,0,0,0,0,0,0,0,0,0,0,0,0,0,0,0,0,0,0,0,0,348,17840,0,0,0,0
43788.467,16430,60,0,0,0,0,0,8,35350,44,53,0,0,0,0,0,0,0,0,0,0,0,0,0,0,0,0,0,0,0,0,0,0,344,15204,0,0,0,0
43805.373,16905,59,0,0,0,0,0,8,35622,44,53,0,0,0,0,0,0,0,0,0,0,0,0,0,0,0,0,0,0,0,0,0,0,328,16580,0,0,0,0
43822.189,16816,59,0,0,0,0,0,8,35278,44,53,0,0,0,0,0,0,0,0,0,0,0,0,0,0,0,0,0,0,0,0,0,0,326,16847,0,0,0,0
43838.524,16334,61,0,0,0,0,0,8,35370,44,53,0,0,0,0,0,0,0,0,0,0,0,0,0,0,0,0,0,0,0,0,0,0,342,17348,0,0,0,0
43855.218,16694,59,0,0,0,0,0,8,37013,44,53,0,0,0,0,0,0,0,0,0,0,0,0,0,0,0,0,0,0,0,0,0,0,327,15714,0,0,0,0
43872.034,16815,59,0,0,0,0,0,8,36719,44,53,0,0,0,0,0,0,0,0,0,0,0,0,0,0,0,0,0,0,0,0,0,0,326,16995,0,0,0,0
43888.111,16076,62,0,0,0,0,0,8,37107,44,53,0,0,0,0,0,0,0,0,0,0,0,0,0,0,0,0,0,0,0,0,0,0,339,17072,0,0,0,0
43904.969,16858,59,0,0,0,0,0,8,36998,44,53,0,0,0,0,0,0,0,0,0,0,0,0,0,0,0,0,0,0,0,0,0,0,330,16131,0,0,0,0
43922.184,17215,58,0,0,0,0,0,8,40831,44,53,0,0,0,0,0,0,0,0,0,0,0,0,0,0,0,0,0,0,0,0,0,0,360,17217,0,0,0,0
43938.834,16650,60,0,0,0,0,0,8,38609,44,53,0,0,0,0,0,0,0,0,0,0,0,0,0,0,0,0,0,0,0,0,0,0,338,16474,0,0,0,0
43956.183,17349,57,0,0,0,0,0,8,37192,44,53,0,0,0,0,0,0,0,0,0,0,0,0,0,0,0,0,0,0,0,0,0,0,330,16488,0,0,0,0
43972.043,15859,63,0,0,0,0,0,8,37195,44,53,0,0,0,0,0,0,0,0,0,0,0,0,0,0,0,0,0,0,0,0,0,0,320,17746,0,0,0,0
43988.670,16627,60,0,0,0,0,0,8,41183,44,53,0,0,0,0,0,0,0,0,0,0,0,0,0,0,0,0,0,0,0,0,0,0,317,16428,0,0,0,0
44005.340,16669,59,0,0,0,0,0,8,38781,44,53,0,0,0,0,0,0,0,0,0,0,0,0,0,0,0,0,0,0,0,0,0,0,333,15959,0,0,0,0
44021.744,16403,60,0,0,0,0,0,8,37270,44,53,0,0,0,0,0,0,0,0,0,0,0,0,0,0,0,0,0,0,0,0,0,0,323,16743,0,0,0,0
44038.089,16345,61,0,0,0,0,0,8,37342,44,53,0,0,0,0,0,0,0,0,0,0,0,0,0,0,0,0,0,0,0,0,0,0,312,16195,0,0,0,0
44055.338,17249,57,0,0,0,0,0,8,37550,44,53,0,0,0,0,0,0,0,0,0,0,0,0,0,0,0,0,0,0,0,0,0,0,325,16795,0,0,0,0
44071.848,16510,60,0,0,0,0,0,8,37251,44,53,0,0,0,0,0,0,0,0,0,0,0,0,0,0,0,0,0,0,0,0,0,0,338,16943,0,0,0,0
44088.308,16459,60,0,0,0,0,0,8,37359,44,53,0,0,0,0,0,0,0,0,0,0,0,0,0,0,0,0,0,0,0,0,0,0,315,16525,0,0,0,0
44105.443,17135,58,0,0,0,0,0,8,41358,44,53,0,0,0,0,0,0,0,0,0,0,0,0,0,0,0,0,0,0,0,0,0,0,329,17024,0,0,0,0
44122.182,16739,59,0,0,0,0,0,8,37371,44,53,0,0,0,0,0,0,0,0,0,0,0,0,0,0,0,0,0,0,0,0,0,0,321,16999,0,0,0,0
44139.173,16991,58,0,0,0,0,0,8,36261,44,53,0,0,0,0,0,0,0,0,0,0,0,0,0,0,0,0,0,0,0,0,0,0,297,16360,0,0,0,0
44155.007,15833,63,0,0,0,0,0,8,36039,44,53,0,0,0,0,0,0,0,0,0,0,0,0,0,0,0,0,0,0,0,0,0,0,317,15694,0,0,0,0
44172.174,17166,58,0,0,0,0,0,8,40006,44,53,0,0,0,0,0,0,0,0,0,0,0,0,0,0,0,0,0,0,0,0,0,0,320,17596,0,0,0,0
44188.485,16311,61,0,0,0,0,0,8,37843,44,53,0,0,0,0,0,0,0,0,0,0,0,0,0,0,0,0,0,0,0,0,0,0,331,16786,0,0,0,0
44204.941,16456,60,0,0,0,0,0,8,36264,44,53,0,0,0,0,0,0,0,0,0,0,0,0,0,0,0,0,0,0,0,0,0,0,319,15823,0,0,0,0
44221.637,16696,59,0,0,0,0,0,8,36335,44,53,0,0,0,0,0,0,0,0,0,0,0,0,0,0,0,0,0,0,0,0,0,0,334,16945,0,0,0,0
44239.177,17539,57,0,0,0,0,0,8,36338,44,53,0,0,0,0,0,0,0,0,0,0,0,0,0,0,0,0,0,0,0,0,0,0,345,16391,0,0,0,0
44255.077,15900,62,0,0,0,0,0,8,36176,44,53,0,0,0,0,0,0,0,0,0,0,0,0,0,0,0,0,0,0,0,0,0,0,347,17977,0,0,0,0
44271.941,16864,59,0,0,0,0,0,8,37865,44,53,0,0,0,0,0,0,0,0,0,0,0,0,0,0,0,0,0,0,0,0,0,0,330,15567,0,0,0,0
44288.457,16516,60,0,0,0,0,0,8,37921,44,53,0,0,0,0,0,0,0,0,0,0,0,0,0,0,0,0,0,0,0,0,0,0,358,16620,0,0,0,0
44304.879,16421,60,0,0,0,0,0,8,38141,44,53,0,0,0,0,0,0,0,0,0,0,0,0,0,0,0,0,0,0,0,0,0,0,340,17099,0,0,0,0
44322.173,17293,57,0,0,0,0,0,8,37868,44,53,0,0,0,0,0,0,0,0,0,0,0,0,0,0,0,0,0,0,0,0,0,0,325,16017,0,0,0,0
44338.624,16451,60,0,0,0,0,0,8,37993,44,53,0,0,0,0,0,0,0,0,0,0,0,0,0,0,0,0,0,0,0,0,0,0,338,17482,0,0,0,0
44355.236,16611,60,0,0,0,0,0,8,38009,44,53,0,0,0,0,0,0,0,0,0,0,0,0,0,0,0,0,0,0,0,0,0,0,318,16099,0,0,0,0
44371.801,16565,60,0,0,0,0,0,8,37894,44,53,0,0,0,0,0,0,0,0,0,0,0,0,0,0,0,0,0,0,0,0,0,0,341,17243,0,0,0,0
44388.604,16803,59,0,0,0,0,0,8,38106,44,53,0,0,0,0,0,0,0,0,0,0,0,0,0,0,0,0,0,0,0,0,0,0,327,16185,0,0,0,0
44405.168,16564,60,0,0,0,0,0,8,42265,44,53,0,0,0,0,0,0,0,0,0,0,0,0,0,0,0,0,0,0,0,0,0,0,357,17808,0,0,0,0
44422.173,17005,58,0,0,0,0,0,8,39475,44,53,0,0,0,0,0,0,0,0,0,0,0,0,0,0,0,0,0,0,0,0,0,0,309,15411,0,0,0,0
44438.683,16509,60,0,0,0,0,0,8,38588,44,53,0,0,0,0,0,0,0,0,0,0,0,0,0,0,0,0,0,0,0,0,0,0,340,16547,0,0,0,0
44455.024,16341,61,0,0,0,0,0,8,38402,44,53,0,0,0,0,0,0,0,0,0,0,0,0,0,0,0,0,0,0,0,0,0,0,333,17433,0,0,0,0
44472.168,17144,58,0,0,0,0,0,8,38331,44,53,0,0,0,0,0,0,0,0,0,0,0,0,0,0,0,0,0,0,0,0,0,0,340,16069,0,0,0,0
44489.169,17000,58,0,0,0,0,0,8,38393,44,53,0,0,0,0,0,0,0,0,0,0,0,0,0,0,0,0,0,0,0,0,0,0,353,16297,0,0,0,0
44505.200,16030,62,0,0,0,0,0,8,42499,44,53,0,0,0,0,0,0,0,0,0,0,0,0,0,0,0,0,0,0,0,0,0,0,335,18605,0,0,0,0
44521.781,16581,60,0,0,0,0,0,8,39991,44,53,0,0,0,0,0,0,0,0,0,0,0,0,0,0,0,0,0,0,0,0,0,0,332,15062,0,0,0,0
44538.493,16712,59,0,0,0,0,0,8,37009,44,53,0,0,0,0,0,0,0,0,0,0,0,0,0,0,0,0,0,0,0,0,0,0,307,16718,0,0,0,0
44555.684,17190,58,0,0,0,0,0,8,37011,44,53,0,0,0,0,0,0,0,0,0,0,0,0,0,0,0,0,0,0,0,0,0,0,330,16796,0,0,0,0
44571.723,16039,62,0,0,0,0,0,8,36826,44,53,0,0,0,0,0,0,0,0,0,0,0,0,0,0,0,0,0,0,0,0,0,0,336,17453,0,0,0,0
44588.447,16723,59,0,0,0,0,0,8,36702,44,53,0,0,0,0,0,0,0,0,0,0,0,0,0,0,0,0,0,0,0,0,0,0,336,15555,0,0,0,0
44605.268,16821,59,0,0,0,0,0,8,36721,44,53,0,0,0,0,0,0,0,0,0,0,0,0,0,0,0,0,0,0,0,0,0,0,326,17126,0,0,0,0
44621.737,16469,60,0,0,0,0,0,8,40546,44,53,0,0,0,0,0,0,0,0,0,0,0,0,0,0,0,0,0,0,0,0,0,0,344,17036,0,0,0,0
44638.420,16682,59,0,0,0,0,0,8,39933,44,53,0,0,0,0,0,0,0,0,0,0,0,0,0,0,0,0,0,0,0,0,0,0,334,16336,0,0,0,0
44655.330,16909,59,0,0,0,0,0,8,37153,44,53,0,0,0,0,0,0,0,0,0,0,0,0,0,0,0,0,0,0,0,0,0,0,327,17354,0,0,0,0
44672.178,16848,59,0,0,0,0,0,8,36889,44,53,0,0,0,0,0,0,0,0,0,0,0,0,0,0,0,0,0,0,0,0,0,0,322,15959,0,0,0,0
44688.281,16103,62,0,0,0,0,0,8,36902,44,53,0,0,0,0,0,0,0,0,0,0,0,0,0,0,0,0,0,0,0,0,0,0,341,17278,0,0,0,0
44704.684,16402,60,0,0,0,0,0,8,36828,44,53,0,0,0,0,0,0,0,0,0,0,0,0,0,0,0,0,0,0,0,0,0,0,317,15661,0,0,0,0
44721.910,17226,58,0,0,0,0,0,8,40632,44,53,0,0,0,0,0,0,0,0,0,0,0,0,0,0,0,0,0,0,0,0,0,0,361,17364,0,0,0,0
44739.174,17263,57,0,0,0,0,0,8,38494,44,53,0,0,0,0,0,0,0,0,0,0,0,0,0,0,0,0,0,0,0,0,0,0,307,16297,0,0,0,0
44755.688,16513,60,0,0,0,0,0,8,37192,44,53,0,0,0,0,0,0,0,0,0,0,0,0,0,0,0,0,0,0,0,0,0,0,332,17748,0,0,0,0
44772.199,16510,60,0,0,0,0,0,8,36801,44,53,0,0,0,0,0,0,0,0,0,0,0,0,0,0,0,0,0,0,0,0,0,0,331,16164,0,0,0,0
44788.597,16398,60,0,0,0,0,0,8,40868,44,53,0,0,0,0,0,0,0,0,0,0,0,0,0,0,0,0,0,0,0,0,0,0,318,16580,0,0,0,0
44804.998,16400,60,0,0,0,0,0,8,38572,44,53,0,0,0,0,0,0,0,0,0,0,0,0,0,0,0,0,0,0,0,0,0,0,325,15941,0,0,0,0
44822.168,17170,58,0,0,0,0,0,8,37012,44,53,0,0,0,0,0,0,0,0,0,0,0,0,0,0,0,0,0,0,0,0,0,0,339,16798,0,0,0,0
44838.747,16578,60,0,0,0,0,0,8,37136,44,53,0,0,0,0,0,0,0,0,0,0,0,0,0,0,0,0,0,0,0,0,0,0,323,17006,0,0,0,0
44855.170,16423,60,0,0,0,0,0,8,37012,44,53,0,0,0,0,0,0,0,0,0,0,0,0,0,0,0,0,0,0,0,0,0,0,331,16541,0,0,0,0
44871.643,16472,60,0,0,0,0,0,8,40958,44,53,0,0,0,0,0,0,0,0,0,0,0,0,0,0,0,0,0,0,0,0,0,0,311,16922,0,0,0,0
44888.544,16901,59,0,0,0,0,0,8,38912,44,53,0,0,0,0,0,0,0,0,0,0,0,0,0,0,0,0,0,0,0,0,0,0,323,16249,0,0,0,0
44905.103,16558,60,0,0,0,0,0,8,37386,44,53,0,0,0,0,0,0,0,0,0,0,0,0,0,0,0,0,0,0,0,0,0,0,326,16606,0,0,0,0
44922.061,16958,58,0,0,0,0,0,8,37266,44,53,0,0,0,0,0,0,0,0,0,0,0,0,0,0,0,0,0,0,0,0,0,0,316,16731,0,0,0,0
44938.278,16217,61,0,0,0,0,0,8,37242,44,53,0,0,0,0,0,0,0,0,0,0,0,0,0,0,0,0,0,0,0,0,0,0,326,16727,0,0,0,0
44954.920,16642,60,0,0,0,0,0,8,37215,44,53,0,0,0,0,0,0,0,0,0,0,0,0,0,0,0,0,0,0,0,0,0,0,327,16212,0,0,0,0
44971.734,16813,59,0,0,0,0,0,8,37203,44,53,0,0,0,0,0,0,0,0,0,0,0,0,0,0,0,0,0,0,0,0,0,0,329,17026,0,0,0,0
44989.166,17432,57,0,0,0,0,0,8,37006,44,53,0,0,0,0,0,0,0,0,0,0,0,0,0,0,0,0,0,0,0,0,0,0,305,16630,0,0,0,0
45005.005,15838,63,0,0,0,0,0,8,37153,44,53,0,0,0,0,0,0,0,0,0,0,0,0,0,0,0,0,0,0,0,0,0,0,332,17493,0,0,0,0
45022.098,17093,58,0,0,0,0,0,8,36857,44,53,0,0,0,0,0,0,0,0,0,0,0,0,0,0,0,0,0,0,0,0,0,0,319,15412,0,0,0,0
45039.165,17067,58,0,0,0,0,0,8,41042,44,53,0,0,0,0,0,0,0,0,0,0,0,0,0,0,0,0,0,0,0,0,0,0,320,18029,0,0,0,0
45055.691,16526,60,0,0,0,0,0,8,38792,44,53,0,0,0,0,0,0,0,0,0,0,0,0,0,0,0,0,0,0,0,0,0,0,312,15638,0,0,0,0
45071.957,16265,61,0,0,0,0,0,8,37308,44,53,0,0,0,0,0,0,0,0,0,0,0,0,0,0,0,0,0,0,0,0,0,0,335,17235,0,0,0,0
45088.672,16715,59,0,0,0,0,0,8,37437,44,53,0,0,0,0,0,0,0,0,0,0,0,0,0,0,0,0,0,0,0,0,0,0,327,16361,0,0,0,0
45105.287,16615,60,0,0,0,0,0,8,37386,44,53,0,0,0,0,0,0,0,0,0,0,0,0,0,0,0,0,0,0,0,0,0,0,318,16747,0,0,0,0
45122.173,16886,59,0,0,0,0,0,8,37076,44,53,0,0,0,0,0,0,0,0,0,0,0,0,0,0,0,0,0,0,0,0,0,0,341,16690,0,0,0,0
45138.675,16501,60,0,0,0,0,0,8,37350,44,53,0,0,0,0,0,0,0,0,0,0,0,0,0,0,0,0,0,0,0,0,0,0,320,16010,0,0,0,0
45156.181,17505,57,0,0,0,0,0,8,41269,44,53,0,0,0,0,0,0,0,0,0,0,0,0,0,0,0,0,0,0,0,0,0,0,322,17930,0,0,0,0
45171.999,15818,63,0,0,0,0,0,8,38882,44,53,0,0,0,0,0,0,0,0,0,0,0,0,0,0,0,0,0,0,0,0,0,0,333,17221,0,0,0,0
45188.471,16471,60,0,0,0,0,0,8,37291,44,53,0,0,0,0,0,0,0,0,0,0,0,0,0,0,0,0,0,0,0,0,0,0,358,15878,0,0,0,0
45205.260,16789,59,0,0,0,0,0,8,37127,44,53,0,0,0,0,0,0,0,0,0,0,0,0,0,0,0,0,0,0,0,0,0,0,339,15909,0,0,0,0
45221.973,16712,59,0,0,0,0,0,8,37059,44,53,0,0,0,0,0,0,0,0,0,0,0,0,0,0,0,0,0,0,0,0,0,0,318,16739,0,0,0,0
45239.175,17203,58,0,0,0,0,0,8,38764,44,53,0,0,0,0,0,0,0,0,0,0,0,0,0,0,0,0,0,0,0,0,0,0,321,16700,0,0,0,0
45255.272,16096,62,0,0,0,0,0,8,38660,44,53,0,0,0,0,0,0,0,0,0,0,0,0,0,0,0,0,0,0,0,0,0,0,318,16474,0,0,0,0
45272.308,17035,58,0,0,0,0,0,8,38515,44,53,0,0,0,0,0,0,0,0,0,0,0,0,0,0,0,0,0,0,0,0,0,0,342,17331,0,0,0,0
45288.488,16179,61,0,0,0,0,0,8,38459,44,53,0,0,0,0,0,0,0,0,0,0,0,0,0,0,0,0,0,0,0,0,0,0,331,17149,0,0,0,0
45305.218,16730,59,0,0,0,0,0,8,38359,44,53,0,0,0,0,0,0,0,0,0,0,0,0,0,0,0,0,0,0,0,0,0,0,327,15624,0,0,0,0
45321.970,16752,59,0,0,0,0,0,8,38119,44,53,0,0,0,0,0,0,0,0,0,0,0,0,0,0,0,0,0,0,0,0,0,0,330,16758,0,0,0,0
45338.306,16335,61,0,0,0,0,0,8,38259,44,53,0,0,0,0,0,0,0,0,0,0,0,0,0,0,0,0,0,0,0,0,0,0,317,16830,0,0,0,0
45355.192,16886,59,0,0,0,0,0,8,38183,44,53,0,0,0,0,0,0,0,0,0,0,0,0,0,0,0,0,0,0,0,0,0,0,326,16142,0,0,0,0
45372.025,16832,59,0,0,0,0,0,8,37864,44,53,0,0,0,0,0,0,0,0,0,0,0,0,0,0,0,0,0,0,0,0,0,0,327,17336,0,0,0,0
45388.710,16685,59,0,0,0,0,0,8,38063,44,53,0,0,0,0,0,0,0,0,0,0,0,0,0,0,0,0,0,0,0,0,0,0,324,16794,0,0,0,0
45405.693,16983,58,0,0,0,0,0,8,37977,44,53,0,0,0,0,0,0,0,0,0,0,0,0,0,0,0,0,0,0,0,0,0,0,337,16407,0,0,0,0
45422.167,16474,60,0,0,0,0,0,8,37628,44,53,0,0,0,0,0,0,0,0,0,0,0,0,0,0,0,0,0,0,0,0,0,0,316,16974,0,0,0,0
45439.162,16994,58,0,0,0,0,0,8,37646,44,53,0,0,0,0,0,0,0,0,0,0,0,0,0,0,0,0,0,0,0,0,0,0,334,16753,0,0,0,0
45455.361,16199,61,0,0,0,0,0,8,37542,44,53,0,0,0,0,0,0,0,0,0,0,0,0,0,0,0,0,0,0,0,0,0,0,327,15702,0,0,0,0
45472.190,16828,59,0,0,0,0,0,8,37587,44,53,0,0,0,0,0,0,0,0,0,0,0,0,0,0,0,0,0,0,0,0,0,0,341,17393,0,0,0,0
45488.595,16405,60,0,0,0,0,0,8,37586,44,53,0,0,0,0,0,0,0,0,0,0,0,0,0,0,0,0,0,0,0,0,0,0,367,16410,0,0,0,0
45505.023,16427,60,0,0,0,0,0,8,35774,44,53,0,0,0,0,0,0,0,0,0,0,0,0,0,0,0,0,0,0,0,0,0,0,353,16541,0,0,0,0
45522.158,17135,58,0,0,0,0,0,8,35447,44,53,0,0,0,0,0,0,0,0,0,0,0,0,0,0,0,0,0,0,0,0,0,0,345,16411,0,0,0,0
45538.684,16525,60,0,0,0,0,0,8,35484,44,53,0,0,0,0,0,0,0,0,0,0,0,0,0,0,0,0,0,0,0,0,0,0,325,17326,0,0,0,0
45555.293,16609,60,0,0,0,0,0,8,35451,44,53,0,0,0,0,0,0,0,0,0,0,0,0,0,0,0,0,0,0,0,0,0,0,321,16526,0,0,0,0
45572.164,16870,59,0,0,0,0,0,8,35232,44,53,0,0,0,0,0,0,0,0,0,0,0,0,0,0,0,0,0,0,0,0,0,0,317,16332,0,0,0,0
45588.364,16200,61,0,0,0,0,0,8,35291,44,53,0,0,0,0,0,0,0,0,0,0,0,0,0,0,0,0,0,0,0,0,0,0,344,16132,0,0,0,0
45605.079,16714,59,0,0,0,0,0,8,35072,44,53,0,0,0,0,0,0,0,0,0,0,0,0,0,0,0,0,0,0,0,0,0,0,351,17149,0,0,0,0
45621.868,16788,59,0,0,0,0,0,8,34610,44,53,0,0,0,0,0,0,0,0,0,0,0,0,0,0,0,0,0,0,0,0,0,0,343,16661,0,0,0,0
45639.156,17288,57,0,0,0,0,0,8,34935,44,53,0,0,0,0,0,0,0,0,0,0,0,0,0,0,0,0,0,0,0,0,0,0,346,16747,0,0,0,0
45655.329,16173,61,0,0,0,1,0,8,34852,44,53,0,0,0,0,0,0,0,0,0,0,0,0,0,0,0,0,0,0,0,0,0,0,332,17524,0,0,0,0
45672.084,16755,59,0,0,0,0,0,8,34691,44,53,0,0,0,0,0,0,0,0,0,0,0,0,0,0,0,0,0,0,0,0,0,0,354,16082,0,0,0,0
45689.174,17089,58,0,0,0,0,0,8,34649,44,53,0,0,0,0,0,0,0,0,0,0,0,0,0,0,0,0,0,0,0,0,0,0,361,16655,0,0,0,0
45705.039,15864,63,0,0,0,0,0,8,34659,44,53,0,0,0,0,0,0,0,0,0,0,0,0,0,0,0,0,0,0,0,0,0,0,319,17285,0,0,0,0
45721.715,16676,59,0,0,0,0,0,8,34713,44,53,0,0,0,0,0,0,0,0,0,0,0,0,0,0,0,0,0,0,0,0,0,0,349,16000,0,0,0,0
45738.342,16627,60,0,0,0,0,0,8,34738,44,53,0,0,0,0,0,0,0,0,0,0,0,0,0,0,0,0,0,0,0,0,0,0,346,16486,0,0,0,0
45754.982,16640,60,0,0,0,0,0,8,34490,44,53,0,0,0,0,0,0,0,0,0,0,0,0,0,0,0,0,0,0,0,0,0,0,337,16536,0,0,0,0
45772.166,17183,58,0,0,0,0,0,8,34357,44,53,0,0,0,0,0,0,0,0,0,0,0,0,0,0,0,0,0,0,0,0,0,0,348,16621,0,0,0,0
45788.704,16538,60,0,0,0,0,0,8,36122,44,53,0,0,0,0,0,0,0,0,0,0,0,0,0,0,0,0,0,0,0,0,0,0,338,16428,0,0,0,0
45805.363,16659,60,0,0,0,0,0,8,36318,44,53,0,0,0,0,0,0,0,0,0,0,0,0,0,0,0,0,0,0,0,0,0,0,339,17020,0,0,0,0
45821.829,16466,60,0,0,0,0,0,8,36009,44,53,0,0,0,0,0,0,0,0,0,0,0,0,0,0,0,0,0,0,0,0,0,0,336,16818,0,0,0,0
45838.675,16846,59,0,0,0,0,0,8,36101,44,53,0,0,0,0,0,0,0,0,0,0,0,0,0,0,0,0,0,0,0,0,0,0,350,16883,0,0,0,0
45855.671,16995,58,0,0,0,0,0,8,36127,44,53,0,0,0,0,0,0,0,0,0,0,0,0,0,0,0,0,0,0,0,0,0,0,348,16512,0,0,0,0
45872.163,16491,60,0,0,0,0,0,8,35961,44,53,0,0,0,0,0,0,0,0,0,0,0,0,0,0,0,0,0,0,0,0,0,0,332,16780,0,0,0,0
45888.317,16154,61,0,0,0,0,0,8,36276,44,53,0,0,0,0,0,0,0,0,0,0,0,0,0,0,0,0,0,0,0,0,0,0,320,16815,0,0,0,0
45905.127,16809,59,0,0,0,0,0,8,36490,44,53,0,0,0,0,0,0,0,0,0,0,0,0,0,0,0,0,0,0,0,0,0,0,333,16167,0,0,0,0
45922.172,17044,58,0,0,0,0,0,8,36359,44,53,0,0,0,0,0,0,0,0,0,0,0,0,0,0,0,0,0,0,0,0,0,0,366,16749,0,0,0,0
45938.445,16272,61,0,0,0,0,0,8,36361,44,53,0,0,0,0,0,0,0,0,0,0,0,0,0,0,0,0,0,0,0,0,0,0,325,17190,0,0,0,0
45955.290,16845,59,0,0,0,0,0,8,36563,44,53,0,0,0,0,0,0,0,0,0,0,0,0,0,0,0,0,0,0,0,0,0,0,366,16178,0,0,0,0
45971.912,16621,60,0,0,0,0,0,8,37287,44,53,0,0,0,0,0,0,0,0,0,0,0,0,0,0,0,0,0,0,0,0,0,0,324,17345,0,0,0,0
45988.478,16566,60,0,0,0,0,0,8,36025,44,53,0,0,0,0,0,0,0,0,0,0,0,0,0,0,0,0,0,0,0,0,0,0,333,16122,0,0,0,0
46005.228,16750,59,0,0,0,0,0,8,36091,44,53,0,0,0,0,0,0,0,0,0,0,0,0,0,0,0,0,0,0,0,0,0,0,356,16671,0,0,0,0
46021.567,16338,61,0,0,0,0,0,8,36195,44,53,0,0,0,0,0,0,0,0,0,0,0,0,0,0,0,0,0,0,0,0,0,0,352,16955,0,0,0,0
46039.158,17590,56,0,0,0,0,0,8,36304,44,53,0,0,0,0,0,0,0,0,0,0,0,0,0,0,0,0,0,0,0,0,0,0,340,16700,0,0,0,0
46054.973,15815,63,0,0,0,0,0,8,33858,44,53,0,0,0,0,0,0,0,0,0,0,0,0,0,0,0,0,0,0,0,0,0,0,326,16202,0,0,0,0
46071.731,16758,59,0,0,0,0,0,8,33600,44,53,0,0,0,0,0,0,0,0,0,0,0,0,0,0,0,0,0,0,0,0,0,0,330,16265,0,0,0,0
46088.672,16940,59,0,0,0,0,0,8,38206,44,53,0,0,0,0,0,0,0,0,0,0,0,0,0,0,0,0,0,0,0,0,0,0,344,17879,0,0,0,0
46105.109,16437,60,0,0,0,0,0,8,35547,44,53,0,0,0,0,0,0,0,0,0,0,0,0,0,0,0,0,0,0,0,0,0,0,324,16315,0,0,0,0
46122.087,16978,58,0,0,0,0,0,8,33900,44,53,0,0,0,0,0,0,0,0,0,0,0,0,0,0,0,0,0,0,0,0,0,0,355,16118,0,0,0,0
46139.160,17073,58,0,0,0,0,0,8,34881,44,53,0,0,0,0,0,0,0,0,0,0,0,0,0,0,0,0,0,0,0,0,0,0,360,17590,0,0,0,0
46155.183,16022,62,0,0,0,0,0,8,38901,44,53,0,0,0,0,0,0,0,0,0,0,0,0,0,0,0,0,0,0,0,0,0,0,331,16031,0,0,0,0
46171.915,16731,59,0,0,0,0,0,8,36449,44,53,0,0,0,0,0,0,0,0,0,0,0,0,0,0,0,0,0,0,0,0,0,0,333,16658,0,0,0,0
46188.467,16552,60,0,0,0,0,0,8,34874,44,53,0,0,0,0,0,0,0,0,0,0,0,0,0,0,0,0,0,0,0,0,0,0,342,16378,0,0,0,0
46204.958,16491,60,0,0,0,0,0,8,34991,44,53,0,0,0,0,0,0,0,0,0,0,0,0,0,0,0,0,0,0,0,0,0,0,346,16739,0,0,0,0
46221.842,16884,59,0,0,0,0,0,8,34273,44,53,0,0,0,0,0,0,0,0,0,0,0,0,0,0,0,0,0,0,0,0,0,0,327,16619,0,0,0,0
46238.382,16539,60,0,0,0,0,0,8,34194,44,53,0,0,0,0,0,0,0,0,0,0,0,0,0,0,0,0,0,0,0,0,0,0,328,17105,0,0,0,0
46254.925,16542,60,0,0,0,0,0,8,34183,44,53,0,0,0,0,0,0,0,0,0,0,0,0,0,0,0,0,0,0,0,0,0,0,350,16158,0,0,0,0
46272.056,17131,58,0,0,0,0,0,8,34017,44,53,0,0,0,0,0,0,0,0,0,0,0,0,0,0,0,0,0,0,0,0,0,0,342,16757,0,0,0,0
46289.155,17099,58,0,0,0,0,0,8,34274,44,53,0,0,0,0,0,0,0,0,0,0,0,0,0,0,0,0,0,0,0,0,0,0,344,16954,0,0,0,0
46305.431,16275,61,0,0,0,0,0,8,38507,44,53,0,0,0,0,0,0,0,0,0,0,0,0,0,0,0,0,0,0,0,0,0,0,336,16511,0,0,0,0
46322.035,16604,60,0,0,0,0,0,8,35958,44,53,0,0,0,0,0,0,0,0,0,0,0,0,0,0,0,0,0,0,0,0,0,0,325,16842,0,0,0,0
46338.490,16455,60,0,0,0,0,0,8,34826,44,53,0,0,0,0,0,0,0,0,0,0,0,0,0,0,0,0,0,0,0,0,0,0,337,16457,0,0,0,0
46355.294,16803,59,0,0,0,0,0,8,35393,44,53,0,0,0,0,0,0,0,0,0,0,0,0,0,0,0,0,0,0,0,0,0,0,341,16650,0,0,0,0
46371.923,16629,60,0,0,0,0,0,8,35397,44,53,0,0,0,0,0,0,0,0,0,0,0,0,0,0,0,0,0,0,0,0,0,0,329,16934,0,0,0,0
46388.738,16814,59,0,0,0,0,0,8,35970,44,53,0,0,0,0,0,0,0,0,0,0,0,0,0,0,0,0,0,0,0,0,0,0,348,16318,0,0,0,0
46405.297,16559,60,0,0,0,0,0,8,35788,44,53,0,0,0,0,0,0,0,0,0,0,0,0,0,0,0,0,0,0,0,0,0,0,334,17198,0,0,0,0
46421.664,16366,61,0,0,0,0,0,8,35654,44,53,0,0,0,0,0,0,0,0,0,0,0,0,0,0,0,0,0,0,0,0,0,0,317,16518,0,0,0,0
46438.673,17009,58,0,0,0,0,0,8,35704,44,53,0,0,0,0,0,0,0,0,0,0,0,0,0,0,0,0,0,0,0,0,0,0,335,16639,0,0,0,0
46454.916,16242,61,0,0,0,0,0,8,34735,44,53,0,0,0,0,0,0,0,0,0,0,0,0,0,0,0,0,0,0,0,0,0,0,314,16241,0,0,0,0
46472.156,17240,58,0,0,0,0,0,8,33042,44,53,0,0,0,0,0,0,0,0,0,0,0,0,0,0,0,0,0,0,0,0,0,0,342,16414,0,0,0,0
46488.596,16440,60,0,0,0,0,0,8,33002,44,53,0,0,0,0,0,0,0,0,0,0,0,0,0,0,0,0,0,0,0,0,0,0,348,17751,0,0,0,0
46505.673,17076,58,0,0,0,0,0,8,32619,44,53,0,0,0,0,0,0,0,0,0,0,0,0,0,0,0,0,0,0,0,0,0,0,333,15693,0,0,0,0
46521.959,16285,61,0,0,0,0,0,8,32305,44,53,0,0,0,0,0,0,0,0,0,0,0,0,0,0,0,0,0,0,0,0,0,0,322,17187,0,0,0,0
46538.412,16453,60,0,0,0,0,0,8,32242,44,53,0,0,0,0,0,0,0,0,0,0,0,0,0,0,0,0,0,0,0,0,0,0,332,16221,0,0,0,0
46554.997,16585,60,0,0,0,0,0,8,36600,44,53,0,0,0,0,0,0,0,0,0,0,0,0,0,0,0,0,0,0,0,0,0,0,335,17051,0,0,0,0
46572.154,17156,58,0,0,0,0,0,8,34008,44,53,0,0,0,0,0,0,0,0,0,0,0,0,0,0,0,0,0,0,0,0,0,0,323,16323,0,0,0,0
46588.613,16459,60,0,0,0,0,0,8,33006,44,53,0,0,0,0,0,0,0,0,0,0,0,0,0,0,0,0,0,0,0,0,0,0,339,17405,0,0,0,0
46605.219,16606,60,0,0,0,0,0,8,32238,44,53,0,0,0,0,0,0,0,0,0,0,0,0,0,0,0,0,0,0,0,0,0,0,352,16019,0,0,0,0
46621.669,16449,60,0,0,0,0,0,8,31875,44,53,0,0,0,0,0,0,0,0,0,0,0,0,0,0,0,0,0,0,0,0,0,0,342,16547,0,0,0,0
46638.586,16917,59,0,0,0,0,0,8,32111,44,53,0,0,0,0,0,0,0,0,0,0,0,0,0,0,0,0,0,0,0,0,0,0,334,17117,0,0,0,0
46655.200,16614,60,0,0,0,0,0,8,31854,44,53,0,0,0,0,0,0,0,0,0,0,0,0,0,0,0,0,0,0,0,0,0,0,313,16461,0,0,0,0
46671.910,16709,59,0,0,0,0,0,8,31784,44,53,0,0,0,0,0,0,0,0,0,0,0,0,0,0,0,0,0,0,0,0,0,0,358,16584,0,0,0,0
46688.328,16417,60,0,0,0,0,0,8,31918,44,53,0,0,0,0,0,0,0,0,0,0,0,0,0,0,0,0,0,0,0,0,0,0,357,16926,0,0,0,0
46705.357,17029,58,0,0,0,0,0,8,32131,44,53,0,0,0,0,0,0,0,0,0,0,0,0,0,0,0,0,0,0,0,0,0,0,368,16055,0,0,0,0
46721.780,16422,60,0,0,0,0,0,8,35258,44,53,0,0,0,0,0,0,0,0,0,0,0,0,0,0,0,0,0,0,0,0,0,0,347,17163,0,0,0,0
46738.287,16507,60,0,0,0,0,0,8,32980,44,53,0,0,0,0,0,0,0,0,0,0,0,0,0,0,0,0,0,0,0,0,0,0,331,16492,0,0,0,0
46754.984,16696,59,0,0,0,0,0,8,31454,44,53,0,0,0,0,0,0,0,0,0,0,0,0,0,0,0,0,0,0,0,0,0,0,317,16428,0,0,0,0
46771.869,16885,59,0,0,0,0,0,8,30890,44,53,0,0,0,0,0,0,0,0,0,0,0,0,0,0,0,0,0,0,0,0,0,0,379,16808,0,0,0,0
46789.154,17284,57,0,0,0,0,0,8,30923,44,53,0,0,0,0,0,0,0,0,0,0,0,0,0,0,0,0,0,0,0,0,0,0,346,16427,0,0,0,0
46804.925,15771,63,0,0,0,0,0,8,31120,44,53,0,0,0,0,0,0,0,0,0,0,0,0,0,0,0,0,0,0,0,0,0,0,346,17460,0,0,0,0
46821.835,16909,59,0,0,0,0,0,8,30477,44,53,0,0,0,0,0,0,0,0,0,0,0,0,0,0,0,0,0,0,0,0,0,0,334,15780,0,0,0,0
46838.704,16868,59,0,0,0,0,0,8,31282,44,53,0,0,0,0,0,0,0,0,0,0,0,0,0,0,0,0,0,0,0,0,0,0,351,16508,0,0,0,0
46855.292,16588,60,0,0,0,0,0,8,31604,44,53,0,0,0,0,0,0,0,0,0,0,0,0,0,0,0,0,0,0,0,0,0,0,335,16831,0,0,0,0
46872.152,16859,59,0,0,0,0,0,8,31400,44,53,0,0,0,0,0,0,0,0,0,0,0,0,0,0,0,0,0,0,0,0,0,0,334,16742,0,0,0,0
46888.374,16222,61,0,0,0,0,0,8,31577,44,53,0,0,0,0,0,0,0,0,0,0,0,0,0,0,0,0,0,0,0,0,0,0,356,17118,0,0,0,0
46904.930,16556,60,0,0,0,0,0,8,31241,44,53,0,0,0,0,0,0,0,0,0,0,0,0,0,0,0,0,0,0,0,0,0,0,365,15923,0,0,0,0
46922.158,17227,58,0,0,0,0,0,8,30939,44,53,0,0,0,0,0,0,0,0,0,0,0,0,0,0,0,0,0,0,0,0,0,0,333,16783,0,0,0,0
46938.585,16427,60,0,0,0,0,0,8,31000,44,53,0,0,0,0,0,0,0,0,0,0,0,0,0,0,0,0,0,0,0,0,0,0,340,16862,0,0,0,0
46954.665,16080,62,0,0,0,0,0,8,30877,44,53,0,0,0,0,0,0,0,0,0,0,0,0,0,0,0,0,0,0,0,0,0,0,355,16561,0,0,0,0
46971.889,17223,58,0,0,0,0,0,8,30882,44,53,0,0,0,0,0,0,0,0,0,0,0,0,0,0,0,0,0,0,0,0,0,0,357,16823,0,0,0,0
46989.154,17265,57,0,0,0,0,0,8,30811,44,53,0,0,0,0,0,0,0,0,0,0,0,0,0,0,0,0,0,0,0,0,0,0,358,16583,0,0,0,0
47005.788,16634,60,0,0,0,0,0,8,30694,44,53,0,0,0,0,0,0,0,0,0,0,0,0,0,0,0,0,0,0,0,0,0,0,347,16393,0,0,0,0
47021.778,15989,62,0,0,0,0,0,8,30329,44,53,0,0,0,0,0,0,0,0,0,0,0,0,0,0,0,0,0,0,0,0,0,0,332,17548,0,0,0,0
47039.146,17368,57,0,0,0,0,0,8,30191,44,53,0,0,0,0,0,0,0,0,0,0,0,0,0,0,0,0,0,0,0,0,0,0,329,15765,0,0,0,0
47055.333,16186,61,0,0,0,0,0,8,30367,44,53,0,0,0,0,0,0,0,0,0,0,0,0,0,0,0,0,0,0,0,0,0,0,351,16518,0,0,0,0
47071.959,16626,60,0,0,0,0,0,8,30245,44,53,0,0,0,0,0,0,0,0,0,0,0,0,0,0,0,0,0,0,0,0,0,0,348,17045,0,0,0,0
47088.340,16380,61,0,0,0,0,0,8,30296,44,53,0,0,0,0,0,0,0,0,0,0,0,0,0,0,0,0,0,0,0,0,0,0,324,16660,0,0,0,0
47105.370,17030,58,0,0,0,0,0,8,29854,44,53,0,0,0,0,0,0,0,0,0,0,0,0,0,0,0,0,0,0,0,0,0,0,349,16494,0,0,0,0
47122.153,16782,59,0,0,0,0,0,8,29754,44,53,0,0,0,0,0,0,0,0,0,0,0,0,0,0,0,0,0,0,0,0,0,0,339,16707,0,0,0,0
47138.426,16273,61,0,0,0,0,0,8,30217,44,53,0,0,0,0,0,0,0,0,0,0,0,0,0,0,0,0,0,0,0,0,0,0,357,16170,0,0,0,0
47154.934,16507,60,0,0,0,0,0,8,29926,44,53,0,0,0,0,0,0,0,0,0,0,0,0,0,0,0,0,0,0,0,0,0,0,326,17099,0,0,0,0
47172.082,17147,58,0,0,0,0,0,8,30088,44,53,0,0,0,0,0,0,0,0,0,0,0,0,0,0,0,0,0,0,0,0,0,0,356,16842,0,0,0,0
47188.731,16649,60,0,0,0,0,0,8,29102,44,53,0,0,0,0,0,0,0,0,0,0,0,0,0,0,0,0,0,0,0,0,0,0,318,16800,0,0,0,0
47205.275,16543,60,0,0,0,0,0,8,30114,44,53,0,0,0,0,0,0,0,0,0,0,0,0,0,0,0,0,0,0,0,0,0,0,365,16542,0,0,0,0
47221.786,16510,60,0,0,0,0,0,8,29908,44,53,0,0,0,0,0,0,0,0,0,0,0,0,0,0,0,0,0,0,0,0,0,0,348,16945,0,0,0,0
47239.153,17367,57,0,0,0,0,0,8,30244,44,53,0,0,0,0,0,0,0,0,0,0,0,0,0,0,0,0,0,0,0,0,0,0,351,16460,0,0,0,0
47255.168,16015,62,0,0,0,0,0,8,30501,44,53,0,0,0,0,0,0,0,0,0,0,0,0,0,0,0,0,0,0,0,0,0,0,360,17284,0,0,0,0
47272.151,16983,58,0,0,0,0,0,8,31238,44,53,0,0,0,0,0,0,0,0,0,0,0,0,0,0,0,0,0,0,0,0,0,0,379,16300,0,0,0,0
47288.865,16713,59,0,0,0,0,0,8,30615,44,53,0,0,0,0,0,0,0,0,0,0,0,0,0,0,0,0,0,0,0,0,0,0,347,15727,0,0,0,0
47305.301,16436,60,0,0,0,0,0,8,30253,44,53,0,0,0,0,0,0,0,0,0,0,0,0,0,0,0,0,0,0,0,0,0,0,380,17626,0,0,0,0
47321.651,16350,61,0,0,0,0,0,8,30890,44,53,0,0,0,0,0,0,0,0,0,0,0,0,0,0,0,0,0,0,0,0,0,0,370,16685,0,0,0,0
47339.066,17414,57,0,0,0,0,0,8,30358,44,53,0,0,0,0,0,0,0,0,0,0,0,0,0,0,0,0,0,0,0,0,0,0,342,15800,0,0,0,0
47356.149,17083,58,0,0,0,0,0,8,31578,44,53,0,0,0,0,0,0,0,0,0,0,0,0,0,0,0,0,0,0,0,0,0,0,340,17656,0,0,0,0
47371.836,15686,63,0,0,0,0,0,8,30645,44,53,0,0,0,0,0,0,0,0,0,0,0,0,0,0,0,0,0,0,0,0,0,0,343,17165,0,0,0,0
47388.405,16569,60,0,0,0,0,0,8,30217,44,53,0,0,0,0,0,0,0,0,0,0,0,0,0,0,0,0,0,0,0,0,0,0,321,15611,0,0,0,0
47405.382,16977,58,0,0,0,0,0,8,30302,44,53,0,0,0,0,0,0,0,0,0,0,0,0,0,0,0,0,0,0,0,0,0,0,346,16552,0,0,0,0
47421.723,16340,61,0,0,0,0,0,8,30501,44,53,0,0,0,0,0,0,0,0,0,0,0,0,0,0,0,0,0,0,0,0,0,0,321,16893,0,0,0,0
47438.544,16821,59,0,0,0,0,0,8,30443,44,53,0,0,0,0,0,0,0,0,0,0,0,0,0,0,0,0,0,0,0,0,0,0,347,16368,0,0,0,0
47455.197,16653,60,0,0,0,0,0,8,31207,44,53,0,0,0,0,0,0,0,0,0,0,0,0,0,0,0,0,0,0,0,0,0,0,333,17020,0,0,0,0
47471.752,16554,60,0,0,0,0,0,8,31469,44,53,0,0,0,0,0,0,0,0,0,0,0,0,0,0,0,0,0,0,0,0,0,0,318,16636,0,0,0,0
47489.172,17420,57,0,0,0,0,0,8,31809,44,53,0,0,0,0,0,0,0,0,0,0,0,0,0,0,0,0,0,0,0,0,0,0,356,16633,0,0,0,0
47505.204,16031,62,0,0,0,0,0,8,31919,44,53,0,0,0,0,0,0,0,0,0,0,0,0,0,0,0,0,0,0,0,0,0,0,352,17398,0,0,0,0
47521.892,16688,59,0,0,0,0,0,8,32897,44,53,0,0,0,0,0,0,0,0,0,0,0,0,0,0,0,0,0,0,0,0,0,0,309,15943,0,0,0,0
47538.381,16489,60,0,0,0,0,0,8,32349,44,53,0,0,0,0,0,0,0,0,0,0,0,0,0,0,0,0,0,0,0,0,0,0,349,16813,0,0,0,0
47555.221,16839,59,0,0,0,0,0,8,36063,44,53,0,0,0,0,0,0,0,0,0,0,0,0,0,0,0,0,0,0,0,0,0,0,306,17295,0,0,0,0
47571.659,16438,60,0,0,0,0,0,8,282,44,53,0,0,0,0,0,0,0,0,0,0,0,0,0,0,0,0,0,0,0,0,0,0,0,0,0,0,0,0
48155.230,583570,1,0,0,0,1,0,8,73786,112,53,0,0,0,0,0,0,0,0,0,0,0,0,0,0,0,0,0,0,0,0,0,0,465,610816,0,0,0,0
48239.309,84079,11,0,0,0,0,0,8,344930,52,53,0,0,0,0,0,0,0,0,0,0,0,0,0,0,0,0,0,0,0,0,0,0,34364,84031,0,0,0,0
49141.219,901909,1,0,0,0,0,0,8,94477,150,53,0,0,0,0,0,0,0,0,0,0,0,0,0,0,0,0,0,0,0,0,0,0,637,901953,0,0,0,0
49706.429,565210,1,0,0,0,0,0,8,87334,110,53,0,0,0,0,0,0,0,0,0,0,0,0,0,0,0,0,0,0,0,0,0,0,465,565210,0,0,0,0
49745.863,39434,25,0,0,0,0,0,8,77221,46,53,0,0,0,0,0,0,0,0,0,0,0,0,0,0,0,0,0,0,0,0,0,0,484,39435,0,0,0,0
49786.379,40515,24,0,0,0,0,0,8,76093,47,53,0,0,0,0,0,0,0,0,0,0,0,0,0,0,0,0,0,0,0,0,0,0,496,40517,0,0,0,0
49796.728,10348,96,0,0,0,0,0,8,78913,44,53,0,0,0,0,0,0,0,0,0,0,0,0,0,0,0,0,0,0,0,0,0,0,215,8932,0,0,0,0
49813.628,16899,59,0,0,0,0,0,8,142626,44,53,0,0,0,0,0,0,0,0,0,0,0,0,0,0,0,0,0,0,0,0,0,0,440,17884,0,0,0,0
49830.304,16676,59,0,0,0,0,0,8,74422,44,53,0,0,0,0,0,0,0,0,0,0,0,0,0,0,0,0,0,0,0,0,0,0,245,9170,0,0,0,0
49847.126,16821,59,0,0,0,0,0,8,74824,44,53,0,0,0,0,0,0,0,0,0,0,0,0,0,0,0,0,0,0,0,0,0,0,308,18071,0,0,0,0
49864.122,16996,58,0,0,0,0,0,8,75050,44,53,0,0,0,0,0,0,0,0,0,0,0,0,0,0,0,0,0,0,0,0,0,0,285,16535,0,0,0,0
49880.242,16119,62,0,0,0,0,0,8,74988,44,53,0,0,0,0,0,0,0,0,0,0,0,0,0,0,0,0,0,0,0,0,0,0,278,17388,0,0,0,0
49896.900,16657,60,0,0,0,0,0,8,74999,44,53,0,0,0,0,0,0,0,0,0,0,0,0,0,0,0,0,0,0,0,0,0,0,310,15589,0,0,0,0
49913.676,16776,59,0,0,0,0,0,8,75460,44,53,0,0,0,0,0,0,0,0,0,0,0,0,0,0,0,0,0,0,0,0,0,0,288,17272,0,0,0,0
49930.262,16586,60,0,0,0,0,0,8,75298,44,53,0,0,0,0,0,0,0,0,0,0,0,0,0,0,0,0,0,0,0,0,0,0,307,15886,0,0,0,0
49947.122,16860,59,0,0,0,0,0,8,75409,44,53,0,0,0,0,0,0,0,0,0,0,0,0,0,0,0,0,0,0,0,0,0,0,305,18060,0,0,0,0
49963.727,16604,60,0,0,0,0,0,8,75521,44,53,0,0,0,0,0,0,0,0,0,0,0,0,0,0,0,0,0,0,0,0,0,0,279,15112,0,0,0,0
49980.369,16642,60,0,0,0,0,0,8,75469,44,53,0,0,0,0,0,0,0,0,0,0,0,0,0,0,0,0,0,0,0,0,0,0,293,17263,0,0,0,0
49996.662,16293,61,0,0,0,0,0,8,73782,44,53,0,0,0,0,0,0,0,0,0,0,0,0,0,0,0,0,0,0,0,0,0,0,313,16202,0,0,0,0
50013.652,16989,58,0,0,0,0,0,8,73956,44,53,0,0,0,0,0,0,0,0,0,0,0,0,0,0,0,0,0,0,0,0,0,0,303,16306,0,0,0,0
50030.264,16612,60,0,0,0,0,0,8,74149,44,53,0,0,0,0,0,0,0,0,0,0,0,0,0,0,0,0,0,0,0,0,0,0,298,18335,0,0,0,0
50046.796,16531,60,0,0,0,0,0,8,73907,44,53,0,0,0,0,0,0,0,0,0,0,0,0,0,0,0,0,0,0,0,0,0,0,307,20917,0,0,0,0
50064.125,17329,57,0,0,0,0,0,8,73607,44,53,0,0,0,0,0,0,0,0,0,0,0,0,0,0,0,0,0,0,0,0,0,0,278,11928,0,0,0,0
50080.263,16137,61,0,0,0,0,0,8,75907,44,53,0,0,0,0,0,0,0,0,0,0,0,0,0,0,0,0,0,0,0,0,0,0,325,19293,0,0,0,0
50097.119,16856,59,0,0,0,0,0,8,73704,44,53,0,0,0,0,0,0,0,0,0,0,0,0,0,0,0,0,0,0,0,0,0,0,317,15285,0,0,0,0
50113.627,16508,60,0,0,0,0,0,8,73794,44,53,0,0,0,0,0,0,0,0,0,0,0,0,0,0,0,0,0,0,0,0,0,0,273,14359,0,0,0,0
50130.650,17022,58,0,0,0,0,0,8,74173,44,53,0,0,0,0,0,0,0,0,0,0,0,0,0,0,0,0,0,0,0,0,0,0,306,17036,0,0,0,0
50147.118,16467,60,0,0,0,0,0,8,73686,44,53,0,0,0,0,0,0,0,0,0,0,0,0,0,0,0,0,0,0,0,0,0,0,318,17361,0,0,0,0
50163.719,16601,60,0,0,0,0,0,8,73632,44,53,0,0,0,0,0,0,0,0,0,0,0,0,0,0,0,0,0,0,0,0,0,0,289,15227,0,0,0,0
50180.117,16397,60,0,0,0,0,0,8,73569,44,53,0,0,0,0,0,0,0,0,0,0,0,0,0,0,0,0,0,0,0,0,0,0,301,18803,0,0,0,0
50196.638,16521,60,0,0,0,0,0,8,73326,44,53,0,0,0,0,0,0,0,0,0,0,0,0,0,0,0,0,0,0,0,0,0,0,292,14651,0,0,0,0
50213.643,17004,58,0,0,0,0,0,8,73310,44,53,0,0,0,0,0,0,0,0,0,0,0,0,0,0,0,0,0,0,0,0,0,0,342,17992,0,0,0,0
50229.975,16331,61,0,0,0,0,0,8,73581,44,53,0,0,0,0,0,0,0,0,0,0,0,0,0,0,0,0,0,0,0,0,0,0,334,16308,0,0,0,0
50247.141,17166,58,0,0,0,0,0,8,73147,44,53,0,0,0,0,0,0,0,0,0,0,0,0,0,0,0,0,0,0,0,0,0,0,309,15733,0,0,0,0
50263.599,16458,60,0,0,0,0,0,8,73090,44,53,0,0,0,0,0,0,0,0,0,0,0,0,0,0,0,0,0,0,0,0,0,0,301,16777,0,0,0,0
50280.404,16768,59,0,0,0,0,0,8,72960,44,53,0,0,0,0,0,0,0,0,0,0,0,0,0,0,0,0,0,0,0,0,0,0,286,15824,0,0,0,0
50297.126,16757,59,0,0,0,0,0,8,74729,44,53,0,0,0,0,0,0,0,0,0,0,0,0,0,0,0,0,0,0,0,0,0,0,296,17825,0,0,0,0
50313.569,16443,60,0,0,0,0,0,8,74821,44,53,0,0,0,0,0,0,0,0,0,0,0,0,0,0,0,0,0,0,0,0,0,0,335,18958,0,0,0,0
50330.348,16778,59,0,0,0,0,0,8,74763,44,53,0,0,0,0,0,0,0,0,0,0,0,0,0,0,0,0,0,0,0,0,0,0,331,15245,0,0,0,0
50346.752,16403,60,0,0,0,0,0,8,74992,44,53,0,0,0,0,0,0,0,0,0,0,0,0,0,0,0,0,0,0,0,0,0,0,321,15923,0,0,0,0
50363.628,16876,59,0,0,0,0,0,8,74781,44,53,0,0,0,0,0,0,0,0,0,0,0,0,0,0,0,0,0,0,0,0,0,0,315,16282,0,0,0,0
50380.646,17017,58,0,0,0,0,0,8,74742,44,53,0,0,0,0,0,0,0,0,0,0,0,0,0,0,0,0,0,0,0,0,0,0,302,17958,0,0,0,0
50396.776,16129,61,0,0,0,0,0,8,74848,44,53,0,0,0,0,0,0,0,0,0,0,0,0,0,0,0,0,0,0,0,0,0,0,292,15979,0,0,0,0
50413.633,16857,59,0,0,0,0,0,8,74758,44,53,0,0,0,0,0,0,0,0,0,0,0,0,0,0,0,0,0,0,0,0,0,0,294,16240,0,0,0,0
50430.060,16426,60,0,0,0,0,0,8,74711,44,53,0,0,0,0,0,0,0,0,0,0,0,0,0,0,0,0,0,0,0,0,0,0,347,17462,0,0,0,0
50447.139,17079,58,0,0,0,0,0,8,74812,44,53,0,0,0,0,0,0,0,0,0,0,0,0,0,0,0,0,0,0,0,0,0,0,313,15211,0,0,0,0
50463.676,16537,60,0,0,0,0,0,8,75036,44,53,0,0,0,0,0,0,0,0,0,0,0,0,0,0,0,0,0,0,0,0,0,0,326,19959,0,0,0,0
50480.114,16438,60,0,0,0,0,0,8,74497,44,53,0,0,0,0,0,0,0,0,0,0,0,0,0,0,0,0,0,0,0,0,0,0,327,14776,0,0,0,0
50497.119,17005,58,0,0,0,0,0,8,74545,44,53,0,0,0,0,0,0,0,0,0,0,0,0,0,0,0,0,0,0,0,0,0,0,304,15390,0,0,0,0
50513.647,16527,60,0,0,0,0,0,8,74794,44,53,0,0,0,0,0,0,0,0,0,0,0,0,0,0,0,0,0,0,0,0,0,0,307,16748,0,0,0,0
50530.124,16477,60,0,0,0,0,0,8,74957,44,53,0,0,0,0,0,0,0,0,0,0,0,0,0,0,0,0,0,0,0,0,0,0,312,16721,0,0,0,0
50547.120,16996,58,0,0,0,0,0,8,75031,44,53,0,0,0,0,0,0,0,0,0,0,0,0,0,0,0,0,0,0,0,0,0,0,314,16542,0,0,0,0
50563.628,16507,60,0,0,0,0,0,8,73933,44,53,0,0,0,0,0,0,0,0,0,0,0,0,0,0,0,0,0,0,0,0,0,0,301,16055,0,0,0,0
50580.262,16634,60,0,0,0,0,0,8,73083,44,53,0,0,0,0,0,0,0,0,0,0,0,0,0,0,0,0,0,0,0,0,0,0,310,18073,0,0,0,0
50597.115,16853,59,0,0,0,0,0,8,72844,44,53,0,0,0,0,0,0,0,0,0,0,0,0,0,0,0,0,0,0,0,0,0,0,308,15996,0,0,0,0
50614.124,17008,58,0,0,0,0,0,8,72906,44,53,0,0,0,0,0,0,0,0,0,0,0,0,0,0,0,0,0,0,0,0,0,0,348,18970,0,0,0,0
50630.114,15989,62,0,0,0,0,0,8,72972,44,53,0,0,0,0,0,0,0,0,0,0,0,0,0,0,0,0,0,0,0,0,0,0,345,16970,0,0,0,0
50646.986,16872,59,0,0,0,0,0,8,73021,44,53,0,0,0,0,0,0,0,0,0,0,0,0,0,0,0,0,0,0,0,0,0,0,351,15874,0,0,0,0
50663.710,16723,59,0,0,0,0,0,8,72827,44,53,0,0,0,0,0,0,0,0,0,0,0,0,0,0,0,0,0,0,0,0,0,0,351,15707,0,0,0,0
50680.116,16406,60,0,0,0,0,0,8,73062,44,53,0,0,0,0,0,0,0,0,0,0,0,0,0,0,0,0,0,0,0,0,0,0,325,16424,0,0,0,0
50696.932,16815,59,0,0,0,0,0,8,72931,44,53,0,0,0,0,0,0,0,0,0,0,0,0,0,0,0,0,0,0,0,0,0,0,347,17917,0,0,0,0
50714.111,17179,58,0,0,0,0,0,8,72904,44,53,0,0,0,0,0,0,0,0,0,0,0,0,0,0,0,0,0,0,0,0,0,0,326,14951,0,0,0,0
50730.111,16000,62,0,0,0,0,0,8,72910,44,53,0,0,0,0,0,0,0,0,0,0,0,0,0,0,0,0,0,0,0,0,0,0,320,18974,0,0,0,0
50747.113,17001,58,0,0,0,0,0,8,73117,44,53,0,0,0,0,0,0,0,0,0,0,0,0,0,0,0,0,0,0,0,0,0,0,325,15199,0,0,0,0
50763.635,16521,60,0,0,0,0,0,8,72683,44,53,0,0,0,0,0,0,0,0,0,0,0,0,0,0,0,0,0,0,0,0,0,0,302,14889,0,0,0,0
50780.249,16614,60,0,0,0,0,0,8,72870,44,53,0,0,0,0,0,0,0,0,0,0,0,0,0,0,0,0,0,0,0,0,0,0,303,17854,0,0,0,0
50797.119,16869,59,0,0,0,0,0,8,72849,44,53,0,0,0,0,0,0,0,0,0,0,0,0,0,0,0,0,0,0,0,0,0,0,331,16362,0,0,0,0
50813.367,16248,61,0,0,0,0,0,8,72598,44,53,0,0,0,0,0,0,0,0,0,0,0,0,0,0,0,0,0,0,0,0,0,0,319,15857,0,0,0,0
50829.947,16579,60,0,0,0,0,0,8,72272,44,53,0,0,0,0,0,0,0,0,0,0,0,0,0,0,0,0,0,0,0,0,0,0,320,18803,0,0,0,0
50846.629,16682,59,0,0,0,0,0,8,72353,44,53,0,0,0,0,0,0,0,0,0,0,0,0,0,0,0,0,0,0,0,0,0,0,303,16306,0,0,0,0
50864.149,17519,57,0,0,0,0,0,8,74412,44,53,0,0,0,0,0,0,0,0,0,0,0,0,0,0,0,0,0,0,0,0,0,0,319,17339,0,0,0,0
50880.008,15859,63,0,0,0,0,0,8,72734,44,53,0,0,0,0,0,0,0,0,0,0,0,0,0,0,0,0,0,0,0,0,0,0,314,15914,0,0,0,0
50896.885,16877,59,0,0,0,0,0,8,73841,44,53,0,0,0,0,0,0,0,0,0,0,0,0,0,0,0,0,0,0,0,0,0,0,275,15568,0,0,0,0
50914.112,17226,58,0,0,0,0,0,8,73735,44,53,0,0,0,0,0,0,0,0,0,0,0,0,0,0,0,0,0,0,0,0,0,0,293,15987,0,0,0,0
50930.237,16125,62,0,0,0,0,0,8,73919,44,53,0,0,0,0,0,0,0,0,0,0,0,0,0,0,0,0,0,0,0,0,0,0,310,18733,0,0,0,0
50947.115,16878,59,0,0,0,0,0,8,74007,44,53,0,0,0,0,0,0,0,0,0,0,0,0,0,0,0,0,0,0,0,0,0,0,298,15646,0,0,0,0
50963.731,16616,60,0,0,0,0,0,8,74046,44,53,0,0,0,0,0,0,0,0,0,0,0,0,0,0,0,0,0,0,0,0,0,0,297,15748,0,0,0,0
50980.686,16954,58,0,0,0,0,0,8,73846,44,53,0,0,0,0,0,0,0,0,0,0,0,0,0,0,0,0,0,0,0,0,0,0,312,18242,0,0,0,0
50997.123,16426,60,0,0,0,0,0,8,76018,44,53,0,0,0,0,0,0,0,0,0,0,0,0,0,0,0,0,0,0,0,0,0,0,294,16619,0,0,0,0
51013.624,16510,60,0,0,0,0,0,8,74706,44,53,0,0,0,0,0,0,0,0,0,0,0,0,0,0,0,0,0,0,0,0,0,0,302,16998,0,0,0,0
51030.113,16489,60,0,0,0,0,0,8,74008,44,53,0,0,0,0,0,0,0,0,0,0,0,0,0,0,0,0,0,0,0,0,0,0,318,16470,0,0,0,0
51046.624,16510,60,0,0,0,0,0,8,73880,44,53,0,0,0,0,0,0,0,0,0,0,0,0,0,0,0,0,0,0,0,0,0,0,293,16990,0,0,0,0
51063.650,17026,58,0,0,0,0,0,8,73780,44,53,0,0,0,0,0,0,0,0,0,0,0,0,0,0,0,0,0,0,0,0,0,0,298,14333,0,0,0,0
51081.122,17472,57,0,0,0,0,0,8,74082,44,53,0,0,0,0,0,0,0,0,0,0,0,0,0,0,0,0,0,0,0,0,0,0,312,17792,0,0,0,0
51097.112,15989,62,0,0,0,0,0,8,74657,44,53,0,0,0,0,0,0,0,0,0,0,0,0,0,0,0,0,0,0,0,0,0,0,320,20640,0,0,0,0
51113.530,16418,60,0,0,0,0,0,8,74140,44,53,0,0,0,0,0,0,0,0,0,0,0,0,0,0,0,0,0,0,0,0,0,0,283,13042,0,0,0,0
51130.094,16563,60,0,0,0,0,0,8,74065,44,53,0,0,0,0,0,0,0,0,0,0,0,0,0,0,0,0,0,0,0,0,0,0,318,16797,0,0,0,0
51147.107,17013,58,0,0,0,0,0,8,73871,44,53,0,0,0,0,0,0,0,0,0,0,0,0,0,0,0,0,0,0,0,0,0,0,317,17828,0,0,0,0
51163.458,16351,61,0,0,0,0,0,8,74467,44,53,0,0,0,0,0,0,0,0,0,0,0,0,0,0,0,0,0,0,0,0,0,0,313,16071,0,0,0,0
51180.390,16932,59,0,0,0,0,0,8,73672,44,53,0,0,0,0,0,0,0,0,0,0,0,0,0,0,0,0,0,0,0,0,0,0,285,15436,0,0,0,0
51196.958,16567,60,0,0,0,0,0,8,73781,44,53,0,0,0,0,0,0,0,0,0,0,0,0,0,0,0,0,0,0,0,0,0,0,322,18619,0,0,0,0
51214.108,17149,58,0,0,0,0,0,8,74118,44,53,0,0,0,0,0,0,0,0,0,0,0,0,0,0,0,0,0,0,0,0,0,0,310,16720,0,0,0,0
51230.268,16160,61,0,0,0,0,0,8,73671,44,53,0,0,0,0,0,0,0,0,0,0,0,0,0,0,0,0,0,0,0,0,0,0,325,17085,0,0,0,0
51247.108,16839,59,0,0,0,0,0,8,74080,44,53,0,0,0,0,0,0,0,0,0,0,0,0,0,0,0,0,0,0,0,0,0,0,306,15983,0,0,0,0
51263.543,16434,60,0,0,0,0,0,8,73990,44,53,0,0,0,0,0,0,0,0,0,0,0,0,0,0,0,0,0,0,0,0,0,0,342,17766,0,0,0,0
51280.287,16743,59,0,0,0,0,0,8,74119,44,53,0,0,0,0,0,0,0,0,0,0,0,0,0,0,0,0,0,0,0,0,0,0,289,13876,0,0,0,0
51296.894,16607,60,0,0,0,0,0,8,74065,44,53,0,0,0,0,0,0,0,0,0,0,0,0,0,0,0,0,0,0,0,0,0,0,308,19292,0,0,0,0
51314.113,17218,58,0,0,0,0,0,8,74113,44,53,0,0,0,0,0,0,0,0,0,0,0,0,0,0,0,0,0,0,0,0,0,0,310,15123,0,0,0,0
51330.254,16141,61,0,0,0,0,0,8,74431,44,53,0,0,0,0,0,0,0,0,0,0,0,0,0,0,0,0,0,0,0,0,0,0,304,16611,0,0,0,0
51347.003,16749,59,0,0,0,0,0,8,74174,44,53,0,0,0,0,0,0,0,0,0,0,0,0,0,0,0,0,0,0,0,0,0,0,337,16932,0,0,0,0
51363.636,16632,60,0,0,0,0,0,8,74301,44,53,0,0,0,0,0,0,0,0,0,0,0,0,0,0,0,0,0,0,0,0,0,0,305,15187,0,0,0,0
51379.891,16255,61,0,0,0,0,0,8,74301,44,53,0,0,0,0,0,0,0,0,0,0,0,0,0,0,0,0,0,0,0,0,0,0,316,18387,0,0,0,0
51397.252,17360,57,0,0,0,0,0,8,74500,44,53,0,0,0,0,0,0,0,0,0,0,0,0,0,0,0,0,0,0,0,0,0,0,301,16606,0,0,0,0
51414.113,16861,59,0,0,0,0,0,8,72661,44,53,0,0,0,0,0,0,0,0,0,0,0,0,0,0,0,0,0,0,0,0,0,0,305,17331,0,0,0,0
51430.248,16134,61,0,0,0,0,0,8,72752,44,53,0,0,0,0,0,0,0,0,0,0,0,0,0,0,0,0,0,0,0,0,0,0,299,16283,0,0,0,0
51446.854,16606,60,0,0,0,0,0,8,73174,44,53,0,0,0,0,0,0,0,0,0,0,0,0,0,0,0,0,0,0,0,0,0,0,305,15044,0,0,0,0
51463.523,16668,59,0,0,0,0,0,8,72614,44,53,0,0,0,0,0,0,0,0,0,0,0,0,0,0,0,0,0,0,0,0,0,0,292,15690,0,0,0,0
51480.156,16633,60,0,0,0,0,0,8,73099,44,53,0,0,0,0,0,0,0,0,0,0,0,0,0,0,0,0,0,0,0,0,0,0,330,19163,0,0,0,0
51496.848,16692,59,0,0,0,0,0,8,73033,44,53,0,0,0,0,0,0,0,0,0,0,0,0,0,0,0,0,0,0,0,0,0,0,289,15037,0,0,0,0
51513.616,16767,59,0,0,0,0,0,8,81171,44,53,0,0,0,0,0,0,0,0,0,0,0,0,0,0,0,0,0,0,0,0,0,0,299,16348,0,0,0,0
51530.259,16642,60,0,0,0,0,0,8,77701,44,53,0,0,0,0,0,0,0,0,0,0,0,0,0,0,0,0,0,0,0,0,0,0,316,18160,0,0,0,0
51547.109,16849,59,0,0,0,0,0,8,73435,44,53,0,0,0,0,0,0,0,0,0,0,0,0,0,0,0,0,0,0,0,0,0,0,320,16324,0,0,0,0
51563.241,16132,61,0,0,0,0,0,8,73376,44,53,0,0,0,0,0,0,0,0,0,0,0,0,0,0,0,0,0,0,0,0,0,0,288,16687,0,0,0,0
51579.965,16723,59,0,0,0,0,0,8,73685,44,53,0,0,0,0,0,0,0,0,0,0,0,0,0,0,0,0,0,0,0,0,0,0,287,16820,0,0,0,0
51597.105,17139,58,0,0,0,0,0,8,73572,44,53,0,0,0,0,0,0,0,0,0,0,0,0,0,0,0,0,0,0,0,0,0,0,297,16401,0,0,0,0
51614.110,17004,58,0,0,0,0,0,8,73473,44,53,0,0,0,0,0,0,0,0,0,0,0,0,0,0,0,0,0,0,0,0,0,0,288,15647,0,0,0,0
51630.245,16135,61,0,0,0,0,0,8,73401,44,53,0,0,0,0,0,0,0,0,0,0,0,0,0,0,0,0,0,0,0,0,0,0,303,18683,0,0,0,0
51646.869,16624,60,0,0,0,0,0,8,73578,44,53,0,0,0,0,0,0,0,0,0,0,0,0,0,0,0,0,0,0,0,0,0,0,311,17125,0,0,0,0
51663.266,16396,60,0,0,0,0,0,8,73434,44,53,0,0,0,0,0,0,0,0,0,0,0,0,0,0,0,0,0,0,0,0,0,0,292,20799,0,0,0,0
51679.918,16652,60,0,0,0,0,0,8,73461,44,53,0,0,0,0,0,0,0,0,0,0,0,0,0,0,0,0,0,0,0,0,0,0,296,11240,0,0,0,0
51697.112,17193,58,0,0,0,0,0,8,73412,44,53,0,0,0,0,0,0,0,0,0,0,0,0,0,0,0,0,0,0,0,0,0,0,301,17282,0,0,0,0
51713.576,16464,60,0,0,0,0,0,8,73402,44,53,0,0,0,0,0,0,0,0,0,0,0,0,0,0,0,0,0,0,0,0,0,0,301,15000,0,0,0,0
51730.352,16775,59,0,0,0,0,0,8,73537,44,53,0,0,0,0,0,0,0,0,0,0,0,0,0,0,0,0,0,0,0,0,0,0,308,17746,0,0,0,0
51746.920,16567,60,0,0,0,0,0,8,73425,44,53,0,0,0,0,0,0,0,0,0,0,0,0,0,0,0,0,0,0,0,0,0,0,309,17215,0,0,0,0
51764.063,17143,58,0,0,0,0,0,8,73369,44,53,0,0,0,0,0,0,0,0,0,0,0,0,0,0,0,0,0,0,0,0,0,0,328,17081,0,0,0,0
51779.891,15827,63,0,0,0,0,0,8,73333,44,53,0,0,0,0,0,0,0,0,0,0,0,0,0,0,0,0,0,0,0,0,0,0,310,16325,0,0,0,0
51797.052,17160,58,0,0,0,0,0,8,73381,44,53,0,0,0,0,0,0,0,0,0,0,0,0,0,0,0,0,0,0,0,0,0,0,290,22892,0,0,0,0
51813.585,16533,60,0,0,0,0,0,8,73389,44,53,0,0,0,0,0,0,0,0,0,0,0,0,0,0,0,0,0,0,0,0,0,0,263,9602,0,0,0,0
51830.232,16646,60,0,0,0,0,0,8,73293,44,53,0,0,0,0,0,0,0,0,0,0,0,0,0,0,0,0,0,0,0,0,0,0,307,16494,0,0,0,0
51847.105,16873,59,0,0,0,0,0,8,73367,44,53,0,0,0,0,0,0,0,0,0,0,0,0,0,0,0,0,0,0,0,0,0,0,333,21890,0,0,0,0
51863.615,16509,60,0,0,0,0,0,8,73300,44,53,0,0,0,0,0,0,0,0,0,0,0,0,0,0,0,0,0,0,0,0,0,0,304,12640,0,0,0,0
51880.653,17037,58,0,0,0,0,0,8,73349,44,53,0,0,0,0,0,0,0,0,0,0,0,0,0,0,0,0,0,0,0,0,0,0,309,14954,0,0,0,0
51896.805,16152,61,0,0,0,0,0,8,73630,44,53,0,0,0,0,0,0,0,0,0,0,0,0,0,0,0,0,0,0,0,0,0,0,313,18468,0,0,0,0
51913.621,16816,59,0,0,0,0,0,8,73280,44,53,0,0,0,0,0,0,0,0,0,0,0,0,0,0,0,0,0,0,0,0,0,0,304,15413,0,0,0,0
51930.151,16529,60,0,0,0,0,0,8,73449,44,53,0,0,0,0,0,0,0,0,0,0,0,0,0,0,0,0,0,0,0,0,0,0,292,16617,0,0,0,0
51947.101,16950,58,0,0,0,0,0,8,73279,44,53,0,0,0,0,0,0,0,0,0,0,0,0,0,0,0,0,0,0,0,0,0,0,336,18262,0,0,0,0
51963.753,16652,60,0,0,0,0,0,8,73224,44,53,0,0,0,0,0,0,0,0,0,0,0,0,0,0,0,0,0,0,0,0,0,0,296,16924,0,0,0,0
51979.524,15770,63,0,0,0,0,0,8,73164,44,53,0,0,0,0,0,0,0,0,0,0,0,0,0,0,0,0,0,0,0,0,0,0,308,15113,0,0,0,0
51996.970,17446,57,0,0,0,0,0,8,73152,44,53,0,0,0,0,0,0,0,0,0,0,0,0,0,0,0,0,0,0,0,0,0,0,300,18991,0,0,0,0
52013.145,16174,61,0,0,0,0,0,8,73102,44,53,0,0,0,0,0,0,0,0,0,0,0,0,0,0,0,0,0,0,0,0,0,0,279,13205,0,0,0,0
52030.178,17033,58,0,0,0,0,0,8,73072,44,53,0,0,0,0,0,0,0,0,0,0,0,0,0,0,0,0,0,0,0,0,0,0,302,16521,0,0,0,0
52046.889,16711,59,0,0,0,0,0,8,73062,44,53,0,0,0,0,0,0,0,0,0,0,0,0,0,0,0,0,0,0,0,0,0,0,315,17853,0,0,0,0
52063.616,16727,59,0,0,0,0,0,8,74788,44,53,0,0,0,0,0,0,0,0,0,0,0,0,0,0,0,0,0,0,0,0,0,0,328,16575,0,0,0,0
52080.298,16682,59,0,0,0,0,0,8,74973,44,53,0,0,0,0,0,0,0,0,0,0,0,0,0,0,0,0,0,0,0,0,0,0,326,16545,0,0,0,0
52096.715,16417,60,0,0,0,0,0,8,74648,44,53,0,0,0,0,0,0,0,0,0,0,0,0,0,0,0,0,0,0,0,0,0,0,323,16917,0,0,0,0
52113.620,16905,59,0,0,0,0,0,8,74604,44,53,0,0,0,0,0,0,0,0,0,0,0,0,0,0,0,0,0,0,0,0,0,0,314,15062,0,0,0,0
52130.355,16734,59,0,0,0,0,0,8,74636,44,53,0,0,0,0,0,0,0,0,0,0,0,0,0,0,0,0,0,0,0,0,0,0,325,18519,0,0,0,0
52147.260,16905,59,0,0,0,0,0,8,74672,44,53,0,0,0,0,0,0,0,0,0,0,0,0,0,0,0,0,0,0,0,0,0,0,355,16373,0,0,0,0
52163.649,16388,61,0,0,0,0,0,8,74674,44,53,0,0,0,0,0,0,0,0,0,0,0,0,0,0,0,0,0,0,0,0,0,0,314,19184,0,0,0,0
52181.104,17454,57,0,0,0,0,0,8,74489,44,53,0,0,0,0,0,0,0,0,0,0,0,0,0,0,0,0,0,0,0,0,0,0,270,13072,0,0,0,0
52196.806,15702,63,0,0,0,0,0,8,74660,44,53,0,0,0,0,0,0,0,0,0,0,0,0,0,0,0,0,0,0,0,0,0,0,299,18923,0,0,0,0
52213.519,16712,59,0,0,0,0,0,8,74538,44,53,0,0,0,0,0,0,0,0,0,0,0,0,0,0,0,0,0,0,0,0,0,0,294,16244,0,0,0,0
52230.274,16755,59,0,0,0,0,0,8,74543,44,53,0,0,0,0,0,0,0,0,0,0,0,0,0,0,0,0,0,0,0,0,0,0,304,15994,0,0,0,0
52247.235,16960,58,0,0,0,0,0,8,74514,44,53,0,0,0,0,0,0,0,0,0,0,0,0,0,0,0,0,0,0,0,0,0,0,326,17764,0,0,0,0
52263.621,16386,61,0,0,0,0,0,8,73353,44,53,0,0,0,0,0,0,0,0,0,0,0,0,0,0,0,0,0,0,0,0,0,0,0,0,0,0,0,0
52279.824,16202,61,0,0,0,0,0,8,75485,44,53,0,0,0,0,0,0,0,0,0,0,0,0,0,0,0,0,0,0,0,0,0,0,550,31025,0,0,0,0
52296.929,17105,58,0,0,0,0,0,8,74433,44,53,0,0,0,0,0,0,0,0,0,0,0,0,0,0,0,0,0,0,0,0,0,0,336,16795,0,0,0,0
52314.101,17171,58,0,0,0,0,0,8,74608,44,53,0,0,0,0,0,0,0,0,0,0,0,0,0,0,0,0,0,0,0,0,0,0,328,17561,0,0,0,0
52329.887,15785,63,0,0,0,0,0,8,74393,44,53,0,0,0,0,0,0,0,0,0,0,0,0,0,0,0,0,0,0,0,0,0,0,326,18532,0,0,0,0
52347.096,17209,58,0,0,0,0,0,8,74592,44,53,0,0,0,0,0,0,0,0,0,0,0,0,0,0,0,0,0,0,0,0,0,0,298,20054,0,0,0,0
52363.687,16591,60,0,0,0,0,0,8,74438,44,53,0,0,0,0,0,0,0,0,0,0,0,0,0,0,0,0,0,0,0,0,0,0,292,13387,0,0,0,0
52380.078,16390,61,0,0,0,0,0,8,74315,44,53,0,0,0,0,0,0,0,0,0,0,0,0,0,0,0,0,0,0,0,0,0,0,285,14556,0,0,0,0
52396.939,16861,59,0,0,0,0,0,8,72647,44,53,0,0,0,0,0,0,0,0,0,0,0,0,0,0,0,0,0,0,0,0,0,0,316,17041,0,0,0,0
52413.721,16782,59,0,0,0,0,0,8,72626,44,53,0,0,0,0,0,0,0,0,0,0,0,0,0,0,0,0,0,0,0,0,0,0,294,16936,0,0,0,0
52430.389,16668,59,0,0,0,0,0,8,72509,44,53,0,0,0,0,0,0,0,0,0,0,0,0,0,0,0,0,0,0,0,0,0,0,323,20035,0,0,0,0
52446.782,16392,61,0,0,0,0,0,8,72616,44,53,0,0,0,0,0,0,0,0,0,0,0,0,0,0,0,0,0,0,0,0,0,0,301,12689,0,0,0,0
52463.517,16735,59,0,0,0,0,0,8,72627,44,53,0,0,0,0,0,0,0,0,0,0,0,0,0,0,0,0,0,0,0,0,0,0,328,17042,0,0,0,0
52480.048,16531,60,0,0,0,0,0,8,71637,44,53,0,0,0,0,0,0,0,0,0,0,0,0,0,0,0,0,0,0,0,0,0,0,294,15837,0,0,0,0
52497.113,17065,58,0,0,0,0,0,8,72661,44,53,0,0,0,0,0,0,0,0,0,0,0,0,0,0,0,0,0,0,0,0,0,0,308,17666,0,0,0,0
52514.097,16984,58,0,0,0,0,0,8,71997,44,53,0,0,0,0,0,0,0,0,0,0,0,0,0,0,0,0,0,0,0,0,0,0,310,20216,0,0,0,0
52530.103,16005,62,0,0,0,0,0,8,76344,44,53,0,0,0,0,0,0,0,0,0,0,0,0,0,0,0,0,0,0,0,0,0,0,287,17292,0,0,0,0
52546.876,16773,59,0,0,0,0,0,8,72082,44,53,0,0,0,0,0,0,0,0,0,0,0,0,0,0,0,0,0,0,0,0,0,0,307,11463,0,0,0,0
52563.641,16764,59,0,0,0,0,0,8,76005,44,53,0,0,0,0,0,0,0,0,0,0,0,0,0,0,0,0,0,0,0,0,0,0,290,16822,0,0,0,0
52580.269,16627,60,0,0,0,0,0,8,71603,44,53,0,0,0,0,0,0,0,0,0,0,0,0,0,0,0,0,0,0,0,0,0,0,301,15851,0,0,0,0
52597.093,16824,59,0,0,0,0,0,8,72557,44,53,0,0,0,0,0,0,0,0,0,0,0,0,0,0,0,0,0,0,0,0,0,0,342,18894,0,0,0,0
52613.738,16645,60,0,0,0,0,0,8,71768,44,53,0,0,0,0,0,0,0,0,0,0,0,0,0,0,0,0,0,0,0,0,0,0,312,21126,0,0,0,0
52630.225,16486,60,0,0,0,0,0,8,72717,44,53,0,0,0,0,0,0,0,0,0,0,0,0,0,0,0,0,0,0,0,0,0,0,275,12985,0,0,0,0
52647.096,16870,59,0,0,0,0,0,8,71721,44,53,0,0,0,0,0,0,0,0,0,0,0,0,0,0,0,0,0,0,0,0,0,0,302,15066,0,0,0,0
52664.104,17008,58,0,0,0,0,0,8,71992,44,53,0,0,0,0,0,0,0,0,0,0,0,0,0,0,0,0,0,0,0,0,0,0,287,15684,0,0,0,0
52680.235,16130,61,0,0,0,0,0,8,71312,44,53,0,0,0,0,0,0,0,0,0,0,0,0,0,0,0,0,0,0,0,0,0,0,364,23695,0,0,0,0
52697.155,16920,59,0,0,0,0,0,8,72171,44,53,0,0,0,0,0,0,0,0,0,0,0,0,0,0,0,0,0,0,0,0,0,0,249,10426,0,0,0,0
52713.662,16506,60,0,0,0,0,0,8,71372,44,53,0,0,0,0,0,0,0,0,0,0,0,0,0,0,0,0,0,0,0,0,0,0,311,17313,0,0,0,0
52730.016,16355,61,0,0,0,0,0,8,72043,44,53,0,0,0,0,0,0,0,0,0,0,0,0,0,0,0,0,0,0,0,0,0,0,298,15968,0,0,0,0
52747.104,17087,58,0,0,0,0,0,8,71282,44,53,0,0,0,0,0,0,0,0,0,0,0,0,0,0,0,0,0,0,0,0,0,0,318,16139,0,0,0,0
52763.608,16504,60,0,0,0,0,0,8,72600,44,53,0,0,0,0,0,0,0,0,0,0,0,0,0,0,0,0,0,0,0,0,0,0,314,21436,0,0,0,0
52780.233,16624,60,0,0,0,0,0,8,71277,44,53,0,0,0,0,0,0,0,0,0,0,0,0,0,0,0,0,0,0,0,0,0,0,300,12473,0,0,0,0
52796.802,16568,60,0,0,0,0,0,8,72132,44,53,0,0,0,0,0,0,0,0,0,0,0,0,0,0,0,0,0,0,0,0,0,0,319,17381,0,0,0,0
52813.643,16841,59,0,0,0,0,0,8,71293,44,53,0,0,0,0,0,0,0,0,0,0,0,0,0,0,0,0,0,0,0,0,0,0,297,16418,0,0,0,0
52829.980,16337,61,0,0,0,0,0,8,71972,44,53,0,0,0,0,0,0,0,0,0,0,0,0,0,0,0,0,0,0,0,0,0,0,300,16101,0,0,0,0
52846.805,16824,59,0,0,0,0,0,8,71300,44,53,0,0,0,0,0,0,0,0,0,0,0,0,0,0,0,0,0,0,0,0,0,0,324,17301,0,0,0,0
52864.092,17287,57,0,0,0,0,0,8,73039,44,53,0,0,0,0,0,0,0,0,0,0,0,0,0,0,0,0,0,0,0,0,0,0,293,15230,0,0,0,0
52880.146,16053,62,0,0,0,0,0,8,72937,44,53,0,0,0,0,0,0,0,0,0,0,0,0,0,0,0,0,0,0,0,0,0,0,291,21863,0,0,0,0
52896.963,16816,59,0,0,0,0,0,8,73829,44,53,0,0,0,0,0,0,0,0,0,0,0,0,0,0,0,0,0,0,0,0,0,0,285,12276,0,0,0,0
52913.541,16578,60,0,0,0,0,0,8,73018,44,53,0,0,0,0,0,0,0,0,0,0,0,0,0,0,0,0,0,0,0,0,0,0,312,17548,0,0,0,0
52930.207,16665,60,0,0,0,0,0,8,72874,44,53,0,0,0,0,0,0,0,0,0,0,0,0,0,0,0,0,0,0,0,0,0,0,312,14297,0,0,0,0
52946.778,16571,60,0,0,0,0,0,8,72980,44,53,0,0,0,0,0,0,0,0,0,0,0,0,0,0,0,0,0,0,0,0,0,0,342,21673,0,0,0,0
52963.692,16913,59,0,0,0,0,0,8,73801,44,53,0,0,0,0,0,0,0,0,0,0,0,0,0,0,0,0,0,0,0,0,0,0,276,13449,0,0,0,0
52980.145,16453,60,0,0,0,0,0,8,72871,44,53,0,0,0,0,0,0,0,0,0,0,0,0,0,0,0,0,0,0,0,0,0,0,303,16834,0,0,0,0
52997.089,16943,59,0,0,0,0,0,8,72985,44,53,0,0,0,0,0,0,0,0,0,0,0,0,0,0,0,0,0,0,0,0,0,0,314,15840,0,0,0,0
53013.126,16036,62,0,0,0,0,0,8,72951,44,53,0,0,0,0,0,0,0,0,0,0,0,0,0,0,0,0,0,0,0,0,0,0,316,22097,0,0,0,0
53029.617,16491,60,0,0,0,0,0,8,73815,44,53,0,0,0,0,0,0,0,0,0,0,0,0,0,0,0,0,0,0,0,0,0,0,264,10588,0,0,0,0
53047.097,17479,57,0,0,0,0,0,8,72955,44,53,0,0,0,0,0,0,0,0,0,0,0,0,0,0,0,0,0,0,0,0,0,0,320,18489,0,0,0,0
53063.603,16506,60,0,0,0,0,0,8,72909,44,53,0,0,0,0,0,0,0,0,0,0,0,0,0,0,0,0,0,0,0,0,0,0,323,16882,0,0,0,0
53080.099,16495,60,0,0,0,0,0,8,72920,44,53,0,0,0,0,0,0,0,0,0,0,0,0,0,0,0,0,0,0,0,0,0,0,350,16156,0,0,0,0
53096.254,16155,61,0,0,0,0,0,8,73757,44,53,0,0,0,0,0,0,0,0,0,0,0,0,0,0,0,0,0,0,0,0,0,0,292,20866,0,0,0,0
53113.709,17454,57,0,0,0,0,0,8,72840,44,53,0,0,0,0,0,0,0,0,0,0,0,0,0,0,0,0,0,0,0,0,0,0,0,0,0,0,0,0
53130.011,16302,61,0,0,0,0,0,8,71312,44,53,0,0,0,0,0,0,0,0,0,0,0,0,0,0,0,0,0,0,0,0,0,0,482,27519,0,0,0,0
53146.803,16792,59,0,0,0,0,0,8,71262,44,53,0,0,0,0,0,0,0,0,0,0,0,0,0,0,0,0,0,0,0,0,0,0,310,23041,0,0,0,0
53163.602,16798,59,0,0,0,0,0,8,72048,44,53,0,0,0,0,0,0,0,0,0,0,0,0,0,0,0,0,0,0,0,0,0,0,277,16246,0,0,0,0
53180.233,16631,60,0,0,0,0,0,8,71363,44,53,0,0,0,0,0,0,0,0,0,0,0,0,0,0,0,0,0,0,0,0,0,0,291,12411,0,0,0,0
53197.094,16861,59,0,0,0,0,0,8,68429,44,53,0,0,0,0,0,0,0,0,0,0,0,0,0,0,0,0,0,0,0,0,0,0,300,15433,0,0,0,0
53213.709,16614,60,0,0,0,0,0,8,68410,44,53,0,0,0,0,0,0,0,0,0,0,0,0,0,0,0,0,0,0,0,0,0,0,280,15948,0,0,0,0
53230.153,16443,60,0,0,0,0,0,8,68338,44,53,0,0,0,0,0,0,0,0,0,0,0,0,0,0,0,0,0,0,0,0,0,0,303,17593,0,0,0,0
53246.773,16620,60,0,0,0,0,0,8,68429,44,53,0,0,0,0,0,0,0,0,0,0,0,0,0,0,0,0,0,0,0,0,0,0,306,22233,0,0,0,0
53264.105,17332,57,0,0,0,0,0,8,68458,44,53,0,0,0,0,0,0,0,0,0,0,0,0,0,0,0,0,0,0,0,0,0,0,304,15788,0,0,0,0
53281.096,16990,58,0,0,0,0,0,8,68339,44,53,0,0,0,0,0,0,0,0,0,0,0,0,0,0,0,0,0,0,0,0,0,0,328,13440,0,0,0,0
53296.896,15800,63,0,0,0,0,0,8,68380,44,53,0,0,0,0,0,0,0,0,0,0,0,0,0,0,0,0,0,0,0,0,0,0,344,18015,0,0,0,0
53314.088,17192,58,0,0,0,0,0,8,70133,44,53,0,0,0,0,0,0,0,0,0,0,0,0,0,0,0,0,0,0,0,0,0,0,303,13836,0,0,0,0
53329.911,15822,63,0,0,0,0,0,8,70115,44,53,0,0,0,0,0,0,0,0,0,0,0,0,0,0,0,0,0,0,0,0,0,0,343,17959,0,0,0,0
53347.092,17180,58,0,0,0,0,0,8,70165,44,53,0,0,0,0,0,0,0,0,0,0,0,0,0,0,0,0,0,0,0,0,0,0,310,15605,0,0,0,0
53363.632,16540,60,0,0,0,0,0,8,70122,44,53,0,0,0,0,0,0,0,0,0,0,0,0,0,0,0,0,0,0,0,0,0,0,310,18458,0,0,0,0
53380.254,16621,60,0,0,0,0,0,8,70074,44,53,0,0,0,0,0,0,0,0,0,0,0,0,0,0,0,0,0,0,0,0,0,0,321,18925,0,0,0,0
53396.694,16439,60,0,0,0,0,0,8,70161,44,53,0,0,0,0,0,0,0,0,0,0,0,0,0,0,0,0,0,0,0,0,0,0,305,13063,0,0,0,0
53413.601,16906,59,0,0,0,0,0,8,70129,44,53,0,0,0,0,0,0,0,0,0,0,0,0,0,0,0,0,0,0,0,0,0,0,310,14914,0,0,0,0
53430.308,16707,59,0,0,0,0,0,8,70123,44,53,0,0,0,0,0,0,0,0,0,0,0,0,0,0,0,0,0,0,0,0,0,0,309,18033,0,0,0,0
53446.809,16500,60,0,0,0,0,0,8,70181,44,53,0,0,0,0,0,0,0,0,0,0,0,0,0,0,0,0,0,0,0,0,0,0,322,17877,0,0,0,0
53463.631,16822,59,0,0,0,0,0,8,70133,44,53,0,0,0,0,0,0,0,0,0,0,0,0,0,0,0,0,0,0,0,0,0,0,289,16438,0,0,0,0
53481.094,17463,57,0,0,0,0,0,8,70067,44,53,0,0,0,0,0,0,0,0,0,0,0,0,0,0,0,0,0,0,0,0,0,0,293,14569,0,0,0,0
53497.084,15990,62,0,0,0,0,0,8,70157,44,53,0,0,0,0,0,0,0,0,0,0,0,0,0,0,0,0,0,0,0,0,0,0,337,20200,0,0,0,0
53514.088,17003,58,0,0,0,0,0,8,70120,44,53,0,0,0,0,0,0,0,0,0,0,0,0,0,0,0,0,0,0,0,0,0,0,312,15713,0,0,0,0
53530.183,16095,62,0,0,0,0,0,8,70115,44,53,0,0,0,0,0,0,0,0,0,0,0,0,0,0,0,0,0,0,0,0,0,0,331,16990,0,0,0,0
53546.640,16456,60,0,0,0,0,0,8,70117,44,53,0,0,0,0,0,0,0,0,0,0,0,0,0,0,0,0,0,0,0,0,0,0,320,15847,0,0,0,0
53563.634,16993,58,0,0,0,0,0,8,70178,44,53,0,0,0,0,0,0,0,0,0,0,0,0,0,0,0,0,0,0,0,0,0,0,290,14611,0,0,0,0
53581.106,17472,57,0,0,0,0,0,8,70071,44,53,0,0,0,0,0,0,0,0,0,0,0,0,0,0,0,0,0,0,0,0,0,0,306,19277,0,0,0,0
53597.120,16014,62,0,0,0,0,0,8,70149,44,53,0,0,0,0,0,0,0,0,0,0,0,0,0,0,0,0,0,0,0,0,0,0,343,22551,0,0,0,0
53613.099,15979,62,0,0,0,0,0,8,70107,44,53,0,0,0,0,0,0,0,0,0,0,0,0,0,0,0,0,0,0,0,0,0,0,275,9967,0,0,0,0
53631.115,18016,55,0,0,0,0,0,8,70105,44,53,0,0,0,0,0,0,0,0,0,0,0,0,0,0,0,0,0,0,0,0,0,0,305,14583,0,0,0,0
53646.744,15628,63,0,0,0,0,0,8,70153,44,53,0,0,0,0,0,0,0,0,0,0,0,0,0,0,0,0,0,0,0,0,0,0,328,20690,0,0,0,0
53664.095,17351,57,0,0,0,0,0,8,70136,44,53,0,0,0,0,0,0,0,0,0,0,0,0,0,0,0,0,0,0,0,0,0,0,295,18300,0,0,0,0
53680.259,16163,61,0,0,0,0,0,8,70104,44,53,0,0,0,0,0,0,0,0,0,0,0,0,0,0,0,0,0,0,0,0,0,0,297,13487,0,0,0,0
53696.668,16409,60,0,0,0,0,0,8,70117,44,53,0,0,0,0,0,0,0,0,0,0,0,0,0,0,0,0,0,0,0,0,0,0,319,16485,0,0,0,0
53713.460,16792,59,0,0,0,0,0,8,70178,44,53,0,0,0,0,0,0,0,0,0,0,0,0,0,0,0,0,0,0,0,0,0,0,300,14388,0,0,0,0
53731.090,17630,56,0,0,0,0,0,8,70071,44,53,0,0,0,0,0,0,0,0,0,0,0,0,0,0,0,0,0,0,0,0,0,0,317,17549,0,0,0,0
53746.633,15542,64,0,0,0,0,0,8,70153,44,53,0,0,0,0,0,0,0,0,0,0,0,0,0,0,0,0,0,0,0,0,0,0,318,18737,0,0,0,0
53763.296,16663,60,0,0,0,0,0,8,70122,44,53,0,0,0,0,0,0,0,0,0,0,0,0,0,0,0,0,0,0,0,0,0,0,292,19211,0,0,0,0
53780.046,16750,59,0,0,0,0,0,8,68354,44,53,0,0,0,0,0,0,0,0,0,0,0,0,0,0,0,0,0,0,0,0,0,0,289,13052,0,0,0,0
53796.796,16749,59,0,0,0,0,0,8,68433,44,53,0,0,0,0,0,0,0,0,0,0,0,0,0,0,0,0,0,0,0,0,0,0,311,15213,0,0,0,0
53814.105,17309,57,0,0,0,0,0,8,68398,44,53,0,0,0,0,0,0,0,0,0,0,0,0,0,0,0,0,0,0,0,0,0,0,328,18485,0,0,0,0
53830.275,16169,61,0,0,0,0,0,8,68390,44,53,0,0,0,0,0,0,0,0,0,0,0,0,0,0,0,0,0,0,0,0,0,0,309,21063,0,0,0,0
53846.835,16559,60,0,0,0,0,0,8,68433,44,53,0,0,0,0,0,0,0,0,0,0,0,0,0,0,0,0,0,0,0,0,0,0,279,11595,0,0,0,0
53863.601,16766,59,0,0,0,0,0,8,68360,44,53,0,0,0,0,0,0,0,0,0,0,0,0,0,0,0,0,0,0,0,0,0,0,311,17643,0,0,0,0
53880.245,16643,60,0,0,0,0,0,8,68393,44,53,0,0,0,0,0,0,0,0,0,0,0,0,0,0,0,0,0,0,0,0,0,0,306,15490,0,0,0,0
53897.137,16892,59,0,0,0,0,0,8,68429,44,53,0,0,0,0,0,0,0,0,0,0,0,0,0,0,0,0,0,0,0,0,0,0,322,21775,0,0,0,0
53913.629,16491,60,0,0,0,0,0,8,68446,44,53,0,0,0,0,0,0,0,0,0,0,0,0,0,0,0,0,0,0,0,0,0,0,272,11202,0,0,0,0
53930.237,16608,60,0,0,0,0,0,8,68346,44,53,0,0,0,0,0,0,0,0,0,0,0,0,0,0,0,0,0,0,0,0,0,0,324,20705,0,0,0,0
53946.647,16410,60,0,0,0,0,0,8,70168,44,53,0,0,0,0,0,0,0,0,0,0,0,0,0,0,0,0,0,0,0,0,0,0,312,13896,0,0,0,0
53964.084,17436,57,0,0,0,0,0,8,70226,44,53,0,0,0,0,0,0,0,0,0,0,0,0,0,0,0,0,0,0,0,0,0,0,299,15177,0,0,0,0
53980.252,16167,61,0,0,0,0,0,8,296,44,53,0,0,0,0,0,0,0,0,0,0,0,0,0,0,0,0,0,0,0,0,0,0,0,0,0,0,0,0
53998.368,18117,55,0,0,0,0,0,8,72416,44,53,0,0,0,0,0,0,0,0,0,0,0,0,0,0,0,0,0,0,0,0,0,0,8929,42627,0,0,0,0
54200.285,201916,4,0,0,0,0,0,8,72996,18,58,0,0,0,0,0,0,0,0,0,0,0,0,0,0,0,0,0,0,0,0,0,0,0,201922,0,0,0,0
54214.092,13807,72,0,0,0,0,0,0,12081,5,58,0,0,0,0,0,0,0,0,0,0,0,0,0,0,0,0,0,0,0,0,0,0,149,149,0,0,0,0
54229.618,15525,64,0,0,0,0,0,8,11048,5,58,0,0,0,0,0,0,0,0,0,0,0,0,0,0,0,0,0,0,0,0,0,0,205,15289,0,0,0,0
54246.615,16996,58,0,0,0,0,0,8,4388,5,58,0,0,0,0,0,0,0,0,0,0,0,0,0,0,0,0,0,0,0,0,0,0,212,16103,0,0,0,0
54263.274,16659,60,0,0,0,0,0,8,7455,5,58,0,0,0,0,0,0,0,0,0,0,0,0,0,0,0,0,0,0,0,0,0,0,195,16930,0,0,0,0
54279.868,16594,60,0,0,0,0,0,8,4843,5,58,0,0,0,0,0,0,0,0,0,0,0,0,0,0,0,0,0,0,0,0,0,0,193,16123,0,0,0,0
54296.609,16740,59,0,0,0,0,0,8,693,5,58,0,0,0,0,0,0,0,0,0,0,0,0,0,0,0,0,0,0,0,0,0,0,205,17163,0,0,0,0
54314.079,17470,57,0,0,0,0,0,8,245,5,58,0,0,0,0,0,0,0,0,0,0,0,0,0,0,0,0,0,0,0,0,0,0,192,15662,0,0,0,0
54330.216,16136,61,0,0,0,0,0,8,46905,5,58,0,0,0,0,0,0,0,0,0,0,0,0,0,0,0,0,0,0,0,0,0,0,217,17988,0,0,0,0
54347.086,16870,59,0,0,0,0,0,8,7780,5,58,0,0,0,0,0,0,0,0,0,0,0,0,0,0,0,0,0,0,0,0,0,0,193,16135,0,0,0,0
54363.322,16235,61,0,0,0,0,0,8,19090,5,58,0,0,0,0,0,0,0,0,0,0,0,0,0,0,0,0,0,0,0,0,0,0,186,15367,0,0,0,0
54379.644,16321,61,0,0,0,0,0,8,18856,5,58,0,0,0,0,0,0,0,0,0,0,0,0,0,0,0,0,0,0,0,0,0,0,197,17732,0,0,0,0
54396.121,16477,60,0,0,0,0,0,8,125036,5,58,0,0,0,0,0,0,0,0,0,0,0,0,0,0,0,0,0,0,0,0,0,0,188,16326,0,0,0,0
54413.098,16977,58,0,0,0,0,0,8,45889,5,59,0,0,0,0,0,0,0,0,0,0,0,0,0,0,0,0,0,0,0,0,0,0,202,16470,0,0,0,0
54429.769,16670,59,0,0,0,0,0,8,348,5,59,0,0,0,0,0,0,0,0,0,0,0,0,0,0,0,0,0,0,0,0,0,0,192,16994,0,0,0,0
54446.347,16578,60,0,0,0,0,0,8,185,5,59,0,0,0,0,0,0,0,0,0,0,0,0,0,0,0,0,0,0,0,0,0,0,205,16665,0,0,0,0
54463.217,16870,59,0,0,0,0,0,8,478,5,59,0,0,0,0,0,0,0,0,0,0,0,0,0,0,0,0,0,0,0,0,0,0,205,16053,0,0,0,0
54479.644,16426,60,0,0,0,0,0,8,292,5,59,0,0,0,0,0,0,0,0,0,0,0,0,0,0,0,0,0,0,0,0,0,0,212,16856,0,0,0,0
54497.094,17450,57,0,0,0,0,0,8,199,5,59,0,0,0,0,0,0,0,0,0,0,0,0,0,0,0,0,0,0,0,0,0,0,202,16447,0,0,0,0
54513.241,16146,61,0,0,0,0,0,8,1277,5,59,0,0,0,0,0,0,0,0,0,0,0,0,0,0,0,0,0,0,0,0,0,0,203,17458,0,0,0,0
54530.098,16857,59,0,0,0,0,0,8,1522,5,59,0,0,0,0,0,0,0,0,0,0,0,0,0,0,0,0,0,0,0,0,0,0,196,16649,0,0,0,0
54546.355,16257,61,0,0,0,0,0,8,181,5,59,0,0,0,0,0,0,0,0,0,0,0,0,0,0,0,0,0,0,0,0,0,0,205,16848,0,0,0,0
54563.214,16858,59,0,0,0,0,0,8,257,5,59,0,0,0,0,0,0,0,0,0,0,0,0,0,0,0,0,0,0,0,0,0,0,203,15765,0,0,0,0
54580.144,16930,59,0,0,0,0,0,8,1024,5,59,0,0,0,0,0,0,0,0,0,0,0,0,0,0,0,0,0,0,0,0,0,0,194,17362,0,0,0,0
54596.363,16218,61,0,0,0,0,0,8,1310,5,59,0,0,0,0,0,0,0,0,0,0,0,0,0,0,0,0,0,0,0,0,0,0,189,16913,0,0,0,0
54614.080,17716,56,0,0,0,0,0,8,1465,5,59,0,0,0,0,0,0,0,0,0,0,0,0,0,0,0,0,0,0,0,0,0,0,197,15729,0,0,0,0
54630.102,16022,62,0,0,0,0,0,8,241,5,59,0,0,0,0,0,0,0,0,0,0,0,0,0,0,0,0,0,0,0,0,0,0,201,18210,0,0,0,0
54646.602,16499,60,0,0,0,0,0,8,190,5,59,0,0,0,0,0,0,0,0,0,0,0,0,0,0,0,0,0,0,0,0,0,0,199,15533,0,0,0,0
54663.353,16750,59,0,0,0,0,0,8,1847,5,59,0,0,0,0,0,0,0,0,0,0,0,0,0,0,0,0,0,0,0,0,0,0,229,17065,0,0,0,0
54679.655,16302,61,0,0,0,0,0,8,844,5,59,0,0,0,0,0,0,0,0,0,0,0,0,0,0,0,0,0,0,0,0,0,0,206,16148,0,0,0,0
54697.084,17428,57,0,0,0,0,0,8,186,5,59,0,0,0,0,0,0,0,0,0,0,0,0,0,0,0,0,0,0,0,0,0,0,207,16338,0,0,0,0
54713.359,16275,61,0,0,0,0,0,8,245,5,59,0,0,0,0,0,0,0,0,0,0,0,0,0,0,0,0,0,0,0,0,0,0,199,17926,0,0,0,0
54730.219,16860,59,0,0,0,0,0,8,589,5,59,0,0,0,0,0,0,0,0,0,0,0,0,0,0,0,0,0,0,0,0,0,0,211,16287,0,0,0,0
54746.662,16443,60,0,0,0,0,0,8,411,5,59,0,0,0,0,0,0,0,0,0,0,0,0,0,0,0,0,0,0,0,0,0,0,193,16844,0,0,0,0
54763.219,16556,60,0,0,0,0,0,8,222,5,59,0,0,0,0,0,0,0,0,0,0,0,0,0,0,0,0,0,0,0,0,0,0,198,16978,0,0,0,0
54780.593,17374,57,0,0,0,0,0,8,1079,5,59,0,0,0,0,0,0,0,0,0,0,0,0,0,0,0,0,0,0,0,0,0,0,199,15535,0,0,0,0
54797.113,16519,60,0,0,0,0,0,8,179,5,59,0,0,0,0,0,0,0,0,0,0,0,0,0,0,0,0,0,0,0,0,0,0,210,18396,0,0,0,0
54813.172,16058,62,0,0,0,0,0,8,306,5,59,0,0,0,0,0,0,0,0,0,0,0,0,0,0,0,0,0,0,0,0,0,0,184,15971,0,0,0,0
54829.251,16079,62,0,0,0,0,0,8,15051,5,59,0,0,0,0,0,0,0,0,0,0,0,0,0,0,0,0,0,0,0,0,0,0,188,16062,0,0,0,0
54846.342,17090,58,0,0,0,0,0,8,15974,5,59,0,0,0,0,0,0,0,0,0,0,0,0,0,0,0,0,0,0,0,0,0,0,199,16092,0,0,0,0
54908.424,62082,16,0,0,0,0,0,8,39987,49,61,0,0,0,0,0,0,0,0,0,0,0,0,0,0,0,0,0,0,0,0,0,0,271891,77559,0,0,0,0
54921.467,13043,76,0,0,0,0,0,8,77526,44,61,0,0,0,0,0,0,0,0,0,0,0,0,0,0,0,0,0,0,0,0,0,0,424,9790,0,0,0,0
54938.237,16769,59,0,0,0,0,0,8,37106,44,61,0,0,0,0,0,0,0,0,0,0,0,0,0,0,0,0,0,0,0,0,0,0,285,9106,0,0,0,0
54954.798,16561,60,0,0,0,0,0,8,37194,44,61,0,0,0,0,0,0,0,0,0,0,0,0,0,0,0,0,0,0,0,0,0,0,334,16587,0,0,0,0
54971.644,16835,59,0,0,0,0,0,8,38507,44,61,0,0,0,0,0,0,0,0,0,0,0,0,0,0,0,0,0,0,0,0,0,0,373,16937,0,0,0,0
54988.215,16581,60,0,0,0,0,0,8,38782,44,61,0,0,0,0,0,0,0,0,0,0,0,0,0,0,0,0,0,0,0,0,0,0,338,16600,0,0,0,0
55004.693,16477,60,0,0,0,0,0,8,37282,44,61,0,0,0,0,0,0,0,0,0,0,0,0,0,0,0,0,0,0,0,0,0,0,313,16558,0,0,0,0
55021.414,16720,59,0,0,0,0,0,8,38502,44,61,0,0,0,0,0,0,0,0,0,0,0,0,0,0,0,0,0,0,0,0,0,0,339,17018,0,0,0,0
55038.218,16804,59,0,0,0,0,0,8,34920,44,61,0,0,0,0,0,0,0,0,0,0,0,0,0,0,0,0,0,0,0,0,0,0,325,16044,0,0,0,0
55054.582,16364,61,0,0,0,0,0,8,35206,44,61,0,0,0,0,0,0,0,0,0,0,0,0,0,0,0,0,0,0,0,0,0,0,343,17591,0,0,0,0
55071.307,16724,59,0,0,0,0,0,8,33894,44,61,0,0,0,0,0,0,0,0,0,0,0,0,0,0,0,0,0,0,0,0,0,0,344,15841,0,0,0,0
55087.890,16582,60,0,0,0,0,0,8,33727,44,61,0,0,0,0,0,0,0,0,0,0,0,0,0,0,0,0,0,0,0,0,0,0,330,16580,0,0,0,0
55104.692,16802,59,0,0,0,0,0,8,33939,44,61,0,0,0,0,0,0,0,0,0,0,0,0,0,0,0,0,0,0,0,0,0,0,325,16285,0,0,0,0
55121.306,16614,60,0,0,0,0,0,8,33902,44,61,0,0,0,0,0,0,0,0,0,0,0,0,0,0,0,0,0,0,0,0,0,0,338,16978,0,0,0,0
55138.206,16900,59,0,0,0,0,0,8,35512,44,61,0,0,0,0,0,0,0,0,0,0,0,0,0,0,0,0,0,0,0,0,0,0,330,16848,0,0,0,0
55154.918,16712,59,0,0,0,0,0,8,32735,44,61,0,0,0,0,0,0,0,0,0,0,0,0,0,0,0,0,0,0,0,0,0,0,333,17015,0,0,0,0
55171.629,16710,59,0,0,0,0,0,8,32697,44,61,0,0,0,0,0,0,0,0,0,0,0,0,0,0,0,0,0,0,0,0,0,0,372,16948,0,0,0,0
55188.284,16654,60,0,0,0,0,0,8,32499,44,61,0,0,0,0,0,0,0,0,0,0,0,0,0,0,0,0,0,0,0,0,0,0,345,15911,0,0,0,0
55204.758,16474,60,0,0,0,0,0,8,32104,44,61,0,0,0,0,0,0,0,0,0,0,0,0,0,0,0,0,0,0,0,0,0,0,329,16515,0,0,0,0
55221.588,16829,59,0,0,0,0,0,8,29850,44,61,0,0,0,0,0,0,0,0,0,0,0,0,0,0,0,0,0,0,0,0,0,0,318,16610,0,0,0,0
55238.153,16565,60,0,0,0,0,0,8,29971,44,61,0,0,0,0,0,0,0,0,0,0,0,0,0,0,0,0,0,0,0,0,0,0,341,16745,0,0,0,0
55254.719,16565,60,0,0,0,0,0,8,30086,44,61,0,0,0,0,0,0,0,0,0,0,0,0,0,0,0,0,0,0,0,0,0,0,320,16389,0,0,0,0
55271.659,16940,59,0,0,0,0,0,8,30483,44,61,0,0,0,0,0,0,0,0,0,0,0,0,0,0,0,0,0,0,0,0,0,0,334,17261,0,0,0,0
55288.079,16419,60,0,0,0,0,0,8,31238,44,61,0,0,0,0,0,0,0,0,0,0,0,0,0,0,0,0,0,0,0,0,0,0,333,16593,0,0,0,0
55304.668,16589,60,0,0,0,0,0,8,31053,44,61,0,0,0,0,0,0,0,0,0,0,0,0,0,0,0,0,0,0,0,0,0,0,312,16148,0,0,0,0
55321.176,16507,60,0,0,0,0,0,8,31165,44,61,0,0,0,0,0,0,0,0,0,0,0,0,0,0,0,0,0,0,0,0,0,0,324,16937,0,0,0,0
55338.348,17171,58,0,0,0,0,0,8,31270,44,61,0,0,0,0,0,0,0,0,0,0,0,0,0,0,0,0,0,0,0,0,0,0,327,16746,0,0,0,0
55355.075,16727,59,0,0,0,0,0,8,31417,44,61,0,0,0,0,0,0,0,0,0,0,0,0,0,0,0,0,0,0,0,0,0,0,344,17576,0,0,0,0
55371.078,16002,62,0,0,0,0,0,8,31207,44,61,0,0,0,0,0,0,0,0,0,0,0,0,0,0,0,0,0,0,0,0,0,0,327,15191,0,0,0,0
55387.983,16905,59,0,0,0,0,0,8,31223,44,61,0,0,0,0,0,0,0,0,0,0,0,0,0,0,0,0,0,0,0,0,0,0,366,16835,0,0,0,0
55404.537,16554,60,0,0,0,0,0,8,31171,44,61,0,0,0,0,0,0,0,0,0,0,0,0,0,0,0,0,0,0,0,0,0,0,328,16577,0,0,0,0
55421.688,17150,58,0,0,0,0,0,8,31491,44,61,0,0,0,0,0,0,0,0,0,0,0,0,0,0,0,0,0,0,0,0,0,0,353,16917,0,0,0,0
55438.174,16486,60,0,0,0,0,0,8,31501,44,61,0,0,0,0,0,0,0,0,0,0,0,0,0,0,0,0,0,0,0,0,0,0,356,17215,0,0,0,0
55454.584,16409,60,0,0,0,0,0,8,30588,44,61,0,0,0,0,0,0,0,0,0,0,0,0,0,0,0,0,0,0,0,0,0,0,337,15974,0,0,0,0
55471.607,17024,58,0,0,0,0,0,8,30068,44,61,0,0,0,0,0,0,0,0,0,0,0,0,0,0,0,0,0,0,0,0,0,0,345,16945,0,0,0,0
55488.353,16745,59,0,0,0,0,0,8,30464,44,61,0,0,0,0,0,0,0,0,0,0,0,0,0,0,0,0,0,0,0,0,0,0,328,16570,0,0,0,0
55504.783,16429,60,0,0,0,0,0,8,30118,44,61,0,0,0,0,0,0,0,0,0,0,0,0,0,0,0,0,0,0,0,0,0,0,327,16933,0,0,0,0
55521.363,16580,60,0,0,0,0,0,8,30454,44,61,0,0,0,0,0,0,0,0,0,0,0,0,0,0,0,0,0,0,0,0,0,0,360,16506,0,0,0,0
55538.400,17036,58,0,0,0,0,0,8,29879,44,61,0,0,0,0,0,0,0,0,0,0,0,0,0,0,0,0,0,0,0,0,0,0,330,16331,0,0,0,0
55555.075,16675,59,0,0,0,0,0,8,29841,44,61,0,0,0,0,0,0,0,0,0,0,0,0,0,0,0,0,0,0,0,0,0,0,342,16877,0,0,0,0
55571.357,16281,61,0,0,0,0,0,8,30133,44,61,0,0,0,0,0,0,0,0,0,0,0,0,0,0,0,0,0,0,0,0,0,0,348,16355,0,0,0,0
55587.917,16560,60,0,0,0,0,0,8,31784,44,61,0,0,0,0,0,0,0,0,0,0,0,0,0,0,0,0,0,0,0,0,0,0,310,16608,0,0,0,0
55604.706,16788,59,0,0,0,0,0,8,31414,44,61,0,0,0,0,0,0,0,0,0,0,0,0,0,0,0,0,0,0,0,0,0,0,300,16566,0,0,0,0
55622.070,17364,57,0,0,0,0,0,8,31347,44,61,0,0,0,0,0,0,0,0,0,0,0,0,0,0,0,0,0,0,0,0,0,0,309,16815,0,0,0,0
55637.815,15744,63,0,0,0,0,0,8,31304,44,61,0,0,0,0,0,0,0,0,0,0,0,0,0,0,0,0,0,0,0,0,0,0,326,17698,0,0,0,0
55654.818,17003,58,0,0,0,0,0,8,31222,44,61,0,0,0,0,0,0,0,0,0,0,0,0,0,0,0,0,0,0,0,0,0,0,322,15697,0,0,0,0
55672.070,17252,57,0,0,0,0,0,8,31389,44,61,0,0,0,0,0,0,0,0,0,0,0,0,0,0,0,0,0,0,0,0,0,0,339,16831,0,0,0,0
55687.879,15808,63,0,0,0,0,0,8,31440,44,61,0,0,0,0,0,0,0,0,0,0,0,0,0,0,0,0,0,0,0,0,0,0,347,17254,0,0,0,0
55704.592,16713,59,0,0,0,0,0,8,31139,44,61,0,0,0,0,0,0,0,0,0,0,0,0,0,0,0,0,0,0,0,0,0,0,317,15924,0,0,0,0
55721.293,16700,59,0,0,0,0,0,8,30742,44,61,0,0,0,0,0,0,0,0,0,0,0,0,0,0,0,0,0,0,0,0,0,0,347,16567,0,0,0,0
55738.295,17002,58,0,0,0,0,0,8,30845,44,61,0,0,0,0,0,0,0,0,0,0,0,0,0,0,0,0,0,0,0,0,0,0,346,16565,0,0,0,0
55754.775,16480,60,0,0,0,0,0,8,30637,44,61,0,0,0,0,0,0,0,0,0,0,0,0,0,0,0,0,0,0,0,0,0,0,334,17071,0,0,0,0
55771.306,16530,60,0,0,0,0,0,8,30559,44,61,0,0,0,0,0,0,0,0,0,0,0,0,0,0,0,0,0,0,0,0,0,0,355,16262,0,0,0,0
55788.098,16792,59,0,0,0,0,0,8,30166,44,61,0,0,0,0,0,0,0,0,0,0,0,0,0,0,0,0,0,0,0,0,0,0,322,16769,0,0,0,0
55805.074,16975,58,0,0,0,0,0,8,30317,44,61,0,0,0,0,0,0,0,0,0,0,0,0,0,0,0,0,0,0,0,0,0,0,335,16543,0,0,0,0
55821.340,16265,61,0,0,0,0,0,8,30422,44,61,0,0,0,0,0,0,0,0,0,0,0,0,0,0,0,0,0,0,0,0,0,0,308,16068,0,0,0,0
55838.079,16739,59,0,0,0,0,0,8,29883,44,61,0,0,0,0,0,0,0,0,0,0,0,0,0,0,0,0,0,0,0,0,0,0,371,17389,0,0,0,0
55855.068,16988,58,0,0,0,0,0,8,26862,44,61,0,0,0,0,0,0,0,0,0,0,0,0,0,0,0,0,0,0,0,0,0,0,333,17040,0,0,0,0
55871.932,16863,59,0,0,0,0,0,8,27880,44,61,0,0,0,0,0,0,0,0,0,0,0,0,0,0,0,0,0,0,0,0,0,0,316,16687,0,0,0,0
55888.168,16236,61,0,0,0,0,0,8,27451,44,61,0,0,0,0,0,0,0,0,0,0,0,0,0,0,0,0,0,0,0,0,0,0,326,16809,0,0,0,0
55904.792,16624,60,0,0,0,0,0,8,27103,44,61,0,0,0,0,0,0,0,0,0,0,0,0,0,0,0,0,0,0,0,0,0,0,330,15964,0,0,0,0
55921.482,16690,59,0,0,0,0,0,8,27208,44,61,0,0,0,0,0,0,0,0,0,0,0,0,0,0,0,0,0,0,0,0,0,0,338,16713,0,0,0,0
55938.282,16799,59,0,0,0,0,0,8,27107,44,61,0,0,0,0,0,0,0,0,0,0,0,0,0,0,0,0,0,0,0,0,0,0,348,16977,0,0,0,0
55954.827,16544,60,0,0,0,0,0,8,26920,44,61,0,0,0,0,0,0,0,0,0,0,0,0,0,0,0,0,0,0,0,0,0,0,342,16432,0,0,0,0
55972.096,17269,57,0,0,0,0,0,8,27036,44,61,0,0,0,0,0,0,0,0,0,0,0,0,0,0,0,0,0,0,0,0,0,0,356,16725,0,0,0,0
55988.371,16275,61,0,0,0,0,0,8,27369,44,61,0,0,0,0,0,0,0,0,0,0,0,0,0,0,0,0,0,0,0,0,0,0,344,17571,0,0,0,0
56004.581,16209,61,0,0,0,0,0,8,26946,44,61,0,0,0,0,0,0,0,0,0,0,0,0,0,0,0,0,0,0,0,0,0,0,325,15537,0,0,0,0
56021.608,17026,58,0,0,0,0,0,8,26995,44,61,0,0,0,0,0,0,0,0,0,0,0,0,0,0,0,0,0,0,0,0,0,0,381,16879,0,0,0,0
56038.187,16578,60,0,0,0,0,0,8,26793,44,61,0,0,0,0,0,0,0,0,0,0,0,0,0,0,0,0,0,0,0,0,0,0,324,16544,0,0,0,0
56054.944,16757,59,0,0,0,0,0,8,26543,44,61,0,0,0,0,0,0,0,0,0,0,0,0,0,0,0,0,0,0,0,0,0,0,328,16540,0,0,0,0
56072.063,17119,58,0,0,0,0,0,8,26822,44,61,0,0,0,0,0,0,0,0,0,0,0,0,0,0,0,0,0,0,0,0,0,0,331,17095,0,0,0,0
56088.142,16078,62,0,0,0,0,0,8,26862,44,61,0,0,0,0,0,0,0,0,0,0,0,0,0,0,0,0,0,0,0,0,0,0,343,17058,0,0,0,0
56104.610,16468,60,0,0,0,0,0,8,26750,44,61,0,0,0,0,0,0,0,0,0,0,0,0,0,0,0,0,0,0,0,0,0,0,338,16336,0,0,0,0
56121.510,16900,59,0,0,0,0,0,8,26627,44,61,0,0,0,0,0,0,0,0,0,0,0,0,0,0,0,0,0,0,0,0,0,0,321,15957,0,0,0,0
56138.227,16716,59,0,0,0,0,0,8,27144,44,61,0,0,0,0,0,0,0,0,0,0,0,0,0,0,0,0,0,0,0,0,0,0,345,17179,0,0,0,0
56155.070,16842,59,0,0,0,0,0,8,26693,44,61,0,0,0,0,0,0,0,0,0,0,0,0,0,0,0,0,0,0,0,0,0,0,324,16518,0,0,0,0
56171.720,16650,60,0,0,0,0,0,8,26244,44,61,0,0,0,0,0,0,0,0,0,0,0,0,0,0,0,0,0,0,0,0,0,0,350,15930,0,0,0,0
56188.370,16649,60,0,0,0,0,0,8,26382,44,61,0,0,0,0,0,0,0,0,0,0,0,0,0,0,0,0,0,0,0,0,0,0,337,17784,0,0,0,0
56205.151,16780,59,0,0,0,0,0,8,27377,44,61,0,0,0,0,0,0,0,0,0,0,0,0,0,0,0,0,0,0,0,0,0,0,337,17146,0,0,0,0
56221.360,16209,61,0,0,0,0,0,8,27296,44,61,0,0,0,0,0,0,0,0,0,0,0,0,0,0,0,0,0,0,0,0,0,0,328,16062,0,0,0,0
56237.849,16488,60,0,0,0,0,0,8,27672,44,61,0,0,0,0,0,0,0,0,0,0,0,0,0,0,0,0,0,0,0,0,0,0,340,16277,0,0,0,0
56254.818,16969,58,0,0,0,0,0,8,28501,44,61,0,0,0,0,0,0,0,0,0,0,0,0,0,0,0,0,0,0,0,0,0,0,354,16933,0,0,0,0
56271.252,16434,60,0,0,0,0,0,8,28061,44,61,0,0,0,0,0,0,0,0,0,0,0,0,0,0,0,0,0,0,0,0,0,0,350,16677,0,0,0,0
56288.580,17327,57,0,0,0,0,0,8,28017,44,61,0,0,0,0,0,0,0,0,0,0,0,0,0,0,0,0,0,0,0,0,0,0,330,16276,0,0,0,0
56305.119,16538,60,0,0,0,0,0,8,27485,44,61,0,0,0,0,0,0,0,0,0,0,0,0,0,0,0,0,0,0,0,0,0,0,335,17729,0,0,0,0
56321.445,16326,61,0,0,0,0,0,8,28710,44,61,0,0,0,0,0,0,0,0,0,0,0,0,0,0,0,0,0,0,0,0,0,0,341,16455,0,0,0,0
56338.309,16864,59,0,0,0,0,0,8,27544,44,61,0,0,0,0,0,0,0,0,0,0,0,0,0,0,0,0,0,0,0,0,0,0,308,16137,0,0,0,0
56355.087,16777,59,0,0,0,0,0,8,29517,44,61,0,0,0,0,0,0,0,0,0,0,0,0,0,0,0,0,0,0,0,0,0,0,355,16624,0,0,0,0
56371.249,16162,61,0,0,0,0,0,8,27942,44,61,0,0,0,0,0,0,0,0,0,0,0,0,0,0,0,0,0,0,0,0,0,0,329,16403,0,0,0,0
56387.872,16622,60,0,0,0,0,0,8,27404,44,61,0,0,0,0,0,0,0,0,0,0,0,0,0,0,0,0,0,0,0,0,0,0,340,17038,0,0,0,0
56405.585,17712,56,0,0,0,0,0,8,28480,44,61,0,0,0,0,0,0,0,0,0,0,0,0,0,0,0,0,0,0,0,0,0,0,320,16308,0,0,0,0
56421.535,15950,62,0,0,0,0,0,8,27840,44,61,0,0,0,0,0,0,0,0,0,0,0,0,0,0,0,0,0,0,0,0,0,0,313,18362,0,0,0,0
56438.335,16799,59,0,0,0,0,0,8,28397,44,61,0,0,0,0,0,0,0,0,0,0,0,0,0,0,0,0,0,0,0,0,0,0,320,15154,0,0,0,0
56455.064,16729,59,0,0,0,0,0,8,30664,44,61,0,0,0,0,0,0,0,0,0,0,0,0,0,0,0,0,0,0,0,0,0,0,324,16868,0,0,0,0
56471.647,16582,60,0,0,0,0,0,8,30871,44,61,0,0,0,0,0,0,0,0,0,0,0,0,0,0,0,0,0,0,0,0,0,0,346,16233,0,0,0,0
56488.143,16496,60,0,0,0,0,0,8,30840,44,61,0,0,0,0,0,0,0,0,0,0,0,0,0,0,0,0,0,0,0,0,0,0,326,17088,0,0,0,0
56504.708,16565,60,0,0,0,0,0,8,32377,44,61,0,0,0,0,0,0,0,0,0,0,0,0,0,0,0,0,0,0,0,0,0,0,339,16866,0,0,0,0
56521.660,16952,58,0,0,0,0,0,8,32885,44,61,0,0,0,0,0,0,0,0,0,0,0,0,0,0,0,0,0,0,0,0,0,0,350,16562,0,0,0,0
56537.976,16315,61,0,0,0,0,0,8,34212,44,61,0,0,0,0,0,0,0,0,0,0,0,0,0,0,0,0,0,0,0,0,0,0,371,17256,0,0,0,0
56555.142,17166,58,0,0,0,0,0,8,39465,44,61,0,0,0,0,0,0,0,0,0,0,0,0,0,0,0,0,0,0,0,0,0,0,356,17206,0,0,0,0
56571.281,16139,61,0,0,0,0,0,8,36399,44,61,0,0,0,0,0,0,0,0,0,0,0,0,0,0,0,0,0,0,0,0,0,0,324,16213,0,0,0,0
56588.122,16840,59,0,0,0,0,0,8,32632,44,61,0,0,0,0,0,0,0,0,0,0,0,0,0,0,0,0,0,0,0,0,0,0,350,16524,0,0,0,0
56604.645,16523,60,0,0,0,0,0,8,31065,44,61,0,0,0,0,0,0,0,0,0,0,0,0,0,0,0,0,0,0,0,0,0,0,325,15859,0,0,0,0
56621.545,16899,59,0,0,0,0,0,8,31499,44,61,0,0,0,0,0,0,0,0,0,0,0,0,0,0,0,0,0,0,0,0,0,0,335,16526,0,0,0,0
56638.142,16597,60,0,0,0,0,0,8,31587,44,61,0,0,0,0,0,0,0,0,0,0,0,0,0,0,0,0,0,0,0,0,0,0,324,16975,0,0,0,0
56654.817,16674,59,0,0,0,0,0,8,30990,44,61,0,0,0,0,0,0,0,0,0,0,0,0,0,0,0,0,0,0,0,0,0,0,322,16528,0,0,0,0
56671.199,16382,61,0,0,0,0,0,8,31400,44,61,0,0,0,0,0,0,0,0,0,0,0,0,0,0,0,0,0,0,0,0,0,0,353,16842,0,0,0,0
56688.307,17107,58,0,0,0,0,0,8,31133,44,61,0,0,0,0,0,0,0,0,0,0,0,0,0,0,0,0,0,0,0,0,0,0,326,16293,0,0,0,0
56705.063,16755,59,0,0,0,0,0,8,31166,44,61,0,0,0,0,0,0,0,0,0,0,0,0,0,0,0,0,0,0,0,0,0,0,324,17180,0,0,0,0
56721.620,16557,60,0,0,0,0,0,8,22043,44,61,0,0,0,0,0,0,0,0,0,0,0,0,0,0,0,0,0,0,0,0,0,0,355,16507,0,0,0,0
56738.296,16675,59,0,0,0,0,0,8,22167,44,61,0,0,0,0,0,0,0,0,0,0,0,0,0,0,0,0,0,0,0,0,0,0,351,16653,0,0,0,0
56754.880,16583,60,0,0,0,0,0,8,19625,44,61,0,0,0,0,0,0,0,0,0,0,0,0,0,0,0,0,0,0,0,0,0,0,369,16324,0,0,0,0
56771.407,16527,60,0,0,0,0,0,8,19128,44,61,0,0,0,0,0,0,0,0,0,0,0,0,0,0,0,0,0,0,0,0,0,0,341,16232,0,0,0,0
56788.255,16848,59,0,0,0,0,0,8,18976,44,61,0,0,0,0,0,0,0,0,0,0,0,0,0,0,0,0,0,0,0,0,0,0,339,16620,0,0,0,0
56804.705,16450,60,0,0,0,0,0,8,19126,44,61,0,0,0,0,0,0,0,0,0,0,0,0,0,0,0,0,0,0,0,0,0,0,351,16932,0,0,0,0
56821.581,16875,59,0,0,0,0,0,8,19358,44,61,0,0,0,0,0,0,0,0,0,0,0,0,0,0,0,0,0,0,0,0,0,0,332,16404,0,0,0,0
56838.264,16683,59,0,0,0,0,0,8,20153,44,61,0,0,0,0,0,0,0,0,0,0,0,0,0,0,0,0,0,0,0,0,0,0,341,17019,0,0,0,0
56854.576,16311,61,0,0,0,0,0,8,20240,44,61,0,0,0,0,0,0,0,0,0,0,0,0,0,0,0,0,0,0,0,0,0,0,339,16639,0,0,0,0
56871.612,17036,58,0,0,0,0,0,8,20934,44,61,0,0,0,0,0,0,0,0,0,0,0,0,0,0,0,0,0,0,0,0,0,0,346,16442,0,0,0,0
56888.211,16599,60,0,0,0,0,0,8,22053,44,61,0,0,0,0,0,0,0,0,0,0,0,0,0,0,0,0,0,0,0,0,0,0,346,17132,0,0,0,0
56905.066,16854,59,0,0,0,0,0,8,22529,44,61,0,0,0,0,0,0,0,0,0,0,0,0,0,0,0,0,0,0,0,0,0,0,348,16656,0,0,0,0
56921.376,16310,61,0,0,0,0,0,8,23637,44,61,0,0,0,0,0,0,0,0,0,0,0,0,0,0,0,0,0,0,0,0,0,0,326,17109,0,0,0,0
56937.846,16470,60,0,0,0,0,0,8,24423,44,61,0,0,0,0,0,0,0,0,0,0,0,0,0,0,0,0,0,0,0,0,0,0,323,16294,0,0,0,0
56954.710,16863,59,0,0,0,0,0,8,25151,44,61,0,0,0,0,0,0,0,0,0,0,0,0,0,0,0,0,0,0,0,0,0,0,335,16740,0,0,0,0
56971.094,16383,61,0,0,0,0,0,8,35481,44,61,0,0,0,0,0,0,0,0,0,0,0,0,0,0,0,0,0,0,0,0,0,0,344,17617,0,0,0,0
56988.194,17100,58,0,0,0,0,0,8,37365,44,61,0,0,0,0,0,0,0,0,0,0,0,0,0,0,0,0,0,0,0,0,0,0,346,16594,0,0,0,0
57004.608,16414,60,0,0,0,0,0,8,37061,44,61,0,0,0,0,0,0,0,0,0,0,0,0,0,0,0,0,0,0,0,0,0,0,332,17131,0,0,0,0
57021.177,16568,60,0,0,0,0,0,8,40647,44,61,0,0,0,0,0,0,0,0,0,0,0,0,0,0,0,0,0,0,0,0,0,0,321,16198,0,0,0,0
57037.896,16719,59,0,0,0,0,0,8,44302,44,61,0,0,0,0,0,0,0,0,0,0,0,0,0,0,0,0,0,0,0,0,0,0,343,16935,0,0,0,0
57054.773,16876,59,0,0,0,0,0,8,45240,44,61,0,0,0,0,0,0,0,0,0,0,0,0,0,0,0,0,0,0,0,0,0,0,308,17160,0,0,0,0
57071.335,16562,60,0,0,0,0,0,8,44927,44,61,0,0,0,0,0,0,0,0,0,0,0,0,0,0,0,0,0,0,0,0,0,0,332,16502,0,0,0,0
57088.156,16820,59,0,0,0,0,0,8,46734,44,61,0,0,0,0,0,0,0,0,0,0,0,0,0,0,0,0,0,0,0,0,0,0,307,16704,0,0,0,0
57104.810,16654,60,0,0,0,0,0,8,47612,44,61,0,0,0,0,0,0,0,0,0,0,0,0,0,0,0,0,0,0,0,0,0,0,322,17073,0,0,0,0
57122.061,17250,57,0,0,0,0,0,8,49718,44,61,0,0,0,0,0,0,0,0,0,0,0,0,0,0,0,0,0,0,0,0,0,0,342,18360,0,0,0,0
57137.920,15859,63,0,0,0,0,0,8,52156,44,61,0,0,0,0,0,0,0,0,0,0,0,0,0,0,0,0,0,0,0,0,0,0,349,18639,0,0,0,0
57154.838,16917,59,0,0,0,0,0,8,52692,44,61,0,0,0,0,0,0,0,0,0,0,0,0,0,0,0,0,0,0,0,0,0,0,353,16818,0,0,0,0
57171.243,16405,60,0,0,0,0,0,8,53455,44,61,0,0,0,0,0,0,0,0,0,0,0,0,0,0,0,0,0,0,0,0,0,0,303,16469,0,0,0,0
57188.054,16811,59,0,0,0,0,0,8,55137,44,61,0,0,0,0,0,0,0,0,0,0,0,0,0,0,0,0,0,0,0,0,0,0,339,17277,0,0,0,0
57204.895,16840,59,0,0,0,0,0,8,58714,44,61,0,0,0,0,0,0,0,0,0,0,0,0,0,0,0,0,0,0,0,0,0,0,284,14409,0,0,0,0
57221.146,16250,61,0,0,0,0,0,8,58791,44,61,0,0,0,0,0,0,0,0,0,0,0,0,0,0,0,0,0,0,0,0,0,0,319,16563,0,0,0,0
57237.860,16713,59,0,0,0,0,0,8,60022,44,61,0,0,0,0,0,0,0,0,0,0,0,0,0,0,0,0,0,0,0,0,0,0,322,18413,0,0,0,0
57254.391,16531,60,0,0,0,0,0,8,62447,44,61,0,0,0,0,0,0,0,0,0,0,0,0,0,0,0,0,0,0,0,0,0,0,295,14652,0,0,0,0
57270.711,16319,61,0,0,0,0,0,8,63172,44,61,0,0,0,0,0,0,0,0,0,0,0,0,0,0,0,0,0,0,0,0,0,0,327,18119,0,0,0,0
57288.000,17289,57,0,0,0,0,0,8,63481,44,61,0,0,0,0,0,0,0,0,0,0,0,0,0,0,0,0,0,0,0,0,0,0,292,14179,0,0,0,0
57305.004,17003,58,0,0,0,0,0,8,63702,44,61,0,0,0,0,0,0,0,0,0,0,0,0,0,0,0,0,0,0,0,0,0,0,327,19077,0,0,0,0
57321.189,16184,61,0,0,0,0,0,8,64648,44,61,0,0,0,0,0,0,0,0,0,0,0,0,0,0,0,0,0,0,0,0,0,0,326,16811,0,0,0,0
57337.925,16736,59,0,0,0,0,0,8,64852,44,61,0,0,0,0,0,0,0,0,0,0,0,0,0,0,0,0,0,0,0,0,0,0,338,15734,0,0,0,0
57355.059,17134,58,0,0,0,0,0,8,64249,44,61,0,0,0,0,0,0,0,0,0,0,0,0,0,0,0,0,0,0,0,0,0,0,297,15990,0,0,0,0
57371.607,16548,60,0,0,0,0,0,8,64812,44,61,0,0,0,0,0,0,0,0,0,0,0,0,0,0,0,0,0,0,0,0,0,0,302,17044,0,0,0,0
57388.167,16559,60,0,0,0,0,0,8,64984,44,61,0,0,0,0,0,0,0,0,0,0,0,0,0,0,0,0,0,0,0,0,0,0,344,18012,0,0,0,0
57404.836,16669,59,0,0,0,0,0,8,64813,44,61,0,0,0,0,0,0,0,0,0,0,0,0,0,0,0,0,0,0,0,0,0,0,334,16459,0,0,0,0
57421.117,16280,61,0,0,0,0,0,8,64883,44,61,0,0,0,0,0,0,0,0,0,0,0,0,0,0,0,0,0,0,0,0,0,0,346,15944,0,0,0,0
57438.219,17102,58,0,0,0,0,0,8,64906,44,61,0,0,0,0,0,0,0,0,0,0,0,0,0,0,0,0,0,0,0,0,0,0,336,16759,0,0,0,0
57454.622,16403,60,0,0,0,0,0,8,64842,44,61,0,0,0,0,0,0,0,0,0,0,0,0,0,0,0,0,0,0,0,0,0,0,323,16048,0,0,0,0
57471.366,16744,59,0,0,0,0,0,8,66553,44,61,0,0,0,0,0,0,0,0,0,0,0,0,0,0,0,0,0,0,0,0,0,0,321,16976,0,0,0,0
57488.176,16809,59,0,0,0,0,0,8,66930,44,61,0,0,0,0,0,0,0,0,0,0,0,0,0,0,0,0,0,0,0,0,0,0,309,16960,0,0,0,0
57504.805,16629,60,0,0,0,0,0,8,66698,44,61,0,0,0,0,0,0,0,0,0,0,0,0,0,0,0,0,0,0,0,0,0,0,296,16550,0,0,0,0
57521.428,16622,60,0,0,0,0,0,8,66650,44,61,0,0,0,0,0,0,0,0,0,0,0,0,0,0,0,0,0,0,0,0,0,0,300,15612,0,0,0,0
57538.029,16600,60,0,0,0,0,0,8,66669,44,61,0,0,0,0,0,0,0,0,0,0,0,0,0,0,0,0,0,0,0,0,0,0,335,17175,0,0,0,0
57554.876,16847,59,0,0,0,0,0,8,66733,44,61,0,0,0,0,0,0,0,0,0,0,0,0,0,0,0,0,0,0,0,0,0,0,324,18364,0,0,0,0
57571.564,16687,59,0,0,0,0,0,8,66824,44,61,0,0,0,0,0,0,0,0,0,0,0,0,0,0,0,0,0,0,0,0,0,0,306,15151,0,0,0,0
57587.877,16312,61,0,0,0,0,0,8,67062,44,61,0,0,0,0,0,0,0,0,0,0,0,0,0,0,0,0,0,0,0,0,0,0,288,17535,0,0,0,0
57604.749,16872,59,0,0,0,0,0,8,66888,44,61,0,0,0,0,0,0,0,0,0,0,0,0,0,0,0,0,0,0,0,0,0,0,319,16195,0,0,0,0
57621.280,16530,60,0,0,0,0,0,8,68221,44,61,0,0,0,0,0,0,0,0,0,0,0,0,0,0,0,0,0,0,0,0,0,0,298,16810,0,0,0,0
57638.125,16845,59,0,0,0,0,0,8,67434,44,61,0,0,0,0,0,0,0,0,0,0,0,0,0,0,0,0,0,0,0,0,0,0,336,17029,0,0,0,0
57654.589,16464,60,0,0,0,0,0,8,67610,44,61,0,0,0,0,0,0,0,0,0,0,0,0,0,0,0,0,0,0,0,0,0,0,306,16953,0,0,0,0
57671.122,16533,60,0,0,0,0,0,8,67867,44,61,0,0,0,0,0,0,0,0,0,0,0,0,0,0,0,0,0,0,0,0,0,0,342,15288,0,0,0,0
57687.836,16714,59,0,0,0,0,0,8,67743,44,61,0,0,0,0,0,0,0,0,0,0,0,0,0,0,0,0,0,0,0,0,0,0,313,17315,0,0,0,0
57705.047,17210,58,0,0,0,0,0,8,68311,44,61,0,0,0,0,0,0,0,0,0,0,0,0,0,0,0,0,0,0,0,0,0,0,303,16836,0,0,0,0
57721.276,16229,61,0,0,0,0,0,8,67950,44,61,0,0,0,0,0,0,0,0,0,0,0,0,0,0,0,0,0,0,0,0,0,0,311,15831,0,0,0,0
57738.108,16832,59,0,0,0,0,0,8,65912,44,61,0,0,0,0,0,0,0,0,0,0,0,0,0,0,0,0,0,0,0,0,0,0,316,21629,0,0,0,0
57754.338,16230,61,0,0,0,0,0,8,66919,44,61,0,0,0,0,0,0,0,0,0,0,0,0,0,0,0,0,0,0,0,0,0,0,292,12658,0,0,0,0
57770.951,16613,60,0,0,0,0,0,8,66217,44,61,0,0,0,0,0,0,0,0,0,0,0,0,0,0,0,0,0,0,0,0,0,0,309,15073,0,0,0,0
57787.809,16858,59,0,0,0,0,0,8,65823,44,61,0,0,0,0,0,0,0,0,0,0,0,0,0,0,0,0,0,0,0,0,0,0,337,17825,0,0,0,0
57805.054,17245,57,0,0,0,0,0,8,66606,44,61,0,0,0,0,0,0,0,0,0,0,0,0,0,0,0,0,0,0,0,0,0,0,323,15384,0,0,0,0
57821.318,16263,61,0,0,0,0,0,8,66283,44,61,0,0,0,0,0,0,0,0,0,0,0,0,0,0,0,0,0,0,0,0,0,0,317,17457,0,0,0,0
57838.055,16737,59,0,0,0,0,0,8,65883,44,61,0,0,0,0,0,0,0,0,0,0,0,0,0,0,0,0,0,0,0,0,0,0,310,17397,0,0,0,0
57855.051,16996,58,0,0,0,0,0,8,66602,44,61,0,0,0,0,0,0,0,0,0,0,0,0,0,0,0,0,0,0,0,0,0,0,283,15989,0,0,0,0
57870.698,15646,63,0,0,0,0,0,8,66038,44,61,0,0,0,0,0,0,0,0,0,0,0,0,0,0,0,0,0,0,0,0,0,0,324,16488,0,0,0,0
57887.793,17094,58,0,0,0,0,0,8,65665,44,61,0,0,0,0,0,0,0,0,0,0,0,0,0,0,0,0,0,0,0,0,0,0,346,17628,0,0,0,0
57904.874,17081,58,0,0,0,0,0,8,66478,44,61,0,0,0,0,0,0,0,0,0,0,0,0,0,0,0,0,0,0,0,0,0,0,339,15828,0,0,0,0
57921.149,16275,61,0,0,0,0,0,8,65558,44,61,0,0,0,0,0,0,0,0,0,0,0,0,0,0,0,0,0,0,0,0,0,0,344,17676,0,0,0,0
57938.249,17099,58,0,0,0,0,0,8,66105,44,61,0,0,0,0,0,0,0,0,0,0,0,0,0,0,0,0,0,0,0,0,0,0,347,16046,0,0,0,0
57954.566,16317,61,0,0,0,0,0,8,65294,44,61,0,0,0,0,0,0,0,0,0,0,0,0,0,0,0,0,0,0,0,0,0,0,305,16177,0,0,0,0
57971.588,17021,58,0,0,0,0,0,8,64838,44,61,0,0,0,0,0,0,0,0,0,0,0,0,0,0,0,0,0,0,0,0,0,0,320,17389,0,0,0,0
57988.109,16520,60,0,0,0,0,0,8,65693,44,61,0,0,0,0,0,0,0,0,0,0,0,0,0,0,0,0,0,0,0,0,0,0,310,17328,0,0,0,0
58004.564,16455,60,0,0,0,0,0,8,64854,44,61,0,0,0,0,0,0,0,0,0,0,0,0,0,0,0,0,0,0,0,0,0,0,281,16256,0,0,0,0
58021.461,16897,59,0,0,0,0,0,8,65397,44,61,0,0,0,0,0,0,0,0,0,0,0,0,0,0,0,0,0,0,0,0,0,0,323,17199,0,0,0,0
58038.172,16711,59,0,0,0,0,0,8,64695,44,61,0,0,0,0,0,0,0,0,0,0,0,0,0,0,0,0,0,0,0,0,0,0,318,16445,0,0,0,0
58054.611,16439,60,0,0,0,0,0,8,64585,44,61,0,0,0,0,0,0,0,0,0,0,0,0,0,0,0,0,0,0,0,0,0,0,300,16180,0,0,0,0
58071.522,16910,59,0,0,0,0,0,8,64830,44,61,0,0,0,0,0,0,0,0,0,0,0,0,0,0,0,0,0,0,0,0,0,0,303,16854,0,0,0,0
58088.183,16660,60,0,0,0,0,0,8,64844,44,61,0,0,0,0,0,0,0,0,0,0,0,0,0,0,0,0,0,0,0,0,0,0,292,15313,0,0,0,0
58104.656,16473,60,0,0,0,0,0,8,64868,44,61,0,0,0,0,0,0,0,0,0,0,0,0,0,0,0,0,0,0,0,0,0,0,351,18709,0,0,0,0
58121.236,16579,60,0,0,0,0,0,8,64993,44,61,0,0,0,0,0,0,0,0,0,0,0,0,0,0,0,0,0,0,0,0,0,0,307,14370,0,0,0,0
58138.354,17118,58,0,0,0,0,0,8,64945,44,61,0,0,0,0,0,0,0,0,0,0,0,0,0,0,0,0,0,0,0,0,0,0,317,18216,0,0,0,0
58154.720,16365,61,0,0,0,0,0,8,64864,44,61,0,0,0,0,0,0,0,0,0,0,0,0,0,0,0,0,0,0,0,0,0,0,312,15905,0,0,0,0
58171.579,16859,59,0,0,0,0,0,8,65086,44,61,0,0,0,0,0,0,0,0,0,0,0,0,0,0,0,0,0,0,0,0,0,0,314,17500,0,0,0,0
58188.184,16604,60,0,0,0,0,0,8,64946,44,61,0,0,0,0,0,0,0,0,0,0,0,0,0,0,0,0,0,0,0,0,0,0,323,16079,0,0,0,0
58204.557,16372,61,0,0,0,0,0,8,64774,44,61,0,0,0,0,0,0,0,0,0,0,0,0,0,0,0,0,0,0,0,0,0,0,306,16235,0,0,0,0
58221.356,16799,59,0,0,0,0,0,8,64846,44,61,0,0,0,0,0,0,0,0,0,0,0,0,0,0,0,0,0,0,0,0,0,0,323,16213,0,0,0,0
58237.812,16456,60,0,0,0,0,0,8,64781,44,61,0,0,0,0,0,0,0,0,0,0,0,0,0,0,0,0,0,0,0,0,0,0,302,18034,0,0,0,0
58254.555,16742,59,0,0,0,0,0,8,64522,44,61,0,0,0,0,0,0,0,0,0,0,0,0,0,0,0,0,0,0,0,0,0,0,289,15042,0,0,0,0
58271.565,17010,58,0,0,0,0,0,8,66201,44,61,0,0,0,0,0,0,0,0,0,0,0,0,0,0,0,0,0,0,0,0,0,0,339,18127,0,0,0,0
58287.885,16319,61,0,0,0,0,0,8,104919,44,61,0,0,0,0,0,0,0,0,0,0,0,0,0,0,0,0,0,0,0,0,0,0,0,0,0,0,0,0
58327.563,39678,25,0,0,0,0,0,8,240052,46,61,0,0,0,0,0,0,0,0,0,0,0,0,0,0,0,0,0,0,0,0,0,0,36646,63536,0,0,0,0
58339.848,12284,81,0,0,0,0,0,8,74669,44,61,0,0,0,0,0,0,0,0,0,0,0,0,0,0,0,0,0,0,0,0,0,0,228,12285,0,0,0,0
58354.613,14765,67,0,0,0,0,0,8,143541,44,61,0,0,0,0,0,0,0,0,0,0,0,0,0,0,0,0,0,0,0,0,0,0,211,7823,0,0,0,0
58371.484,16870,59,0,0,0,0,0,8,76700,44,61,0,0,0,0,0,0,0,0,0,0,0,0,0,0,0,0,0,0,0,0,0,0,400,18472,0,0,0,0
58387.900,16416,60,0,0,0,0,0,8,72814,44,61,0,0,0,0,0,0,0,0,0,0,0,0,0,0,0,0,0,0,0,0,0,0,296,13864,0,0,0,0
58404.624,16724,59,0,0,0,0,0,8,72622,44,61,0,0,0,0,0,0,0,0,0,0,0,0,0,0,0,0,0,0,0,0,0,0,295,17609,0,0,0,0
58421.194,16569,60,0,0,0,0,0,8,72418,44,61,0,0,0,0,0,0,0,0,0,0,0,0,0,0,0,0,0,0,0,0,0,0,314,16403,0,0,0,0
58438.082,16887,59,0,0,0,0,0,8,72381,44,61,0,0,0,0,0,0,0,0,0,0,0,0,0,0,0,0,0,0,0,0,0,0,305,16524,0,0,0,0
58454.714,16632,60,0,0,0,0,0,8,72269,44,61,0,0,0,0,0,0,0,0,0,0,0,0,0,0,0,0,0,0,0,0,0,0,309,16296,0,0,0,0
58471.242,16527,60,0,0,0,0,0,8,72586,44,61,0,0,0,0,0,0,0,0,0,0,0,0,0,0,0,0,0,0,0,0,0,0,335,17610,0,0,0,0
58488.183,16941,59,0,0,0,0,0,8,72464,44,61,0,0,0,0,0,0,0,0,0,0,0,0,0,0,0,0,0,0,0,0,0,0,295,15916,0,0,0,0
58504.913,16730,59,0,0,0,0,0,8,72363,44,61,0,0,0,0,0,0,0,0,0,0,0,0,0,0,0,0,0,0,0,0,0,0,302,18057,0,0,0,0
58521.586,16672,59,0,0,0,0,0,8,72399,44,61,0,0,0,0,0,0,0,0,0,0,0,0,0,0,0,0,0,0,0,0,0,0,298,15426,0,0,0,0
58537.898,16311,61,0,0,0,0,0,8,72602,44,61,0,0,0,0,0,0,0,0,0,0,0,0,0,0,0,0,0,0,0,0,0,0,328,16138,0,0,0,0
58554.668,16770,59,0,0,0,0,0,8,70650,44,61,0,0,0,0,0,0,0,0,0,0,0,0,0,0,0,0,0,0,0,0,0,0,324,17028,0,0,0,0
58571.489,16821,59,0,0,0,0,0,8,70772,44,61,0,0,0,0,0,0,0,0,0,0,0,0,0,0,0,0,0,0,0,0,0,0,312,16945,0,0,0,0
58588.049,16559,60,0,0,0,0,0,8,70782,44,61,0,0,0,0,0,0,0,0,0,0,0,0,0,0,0,0,0,0,0,0,0,0,336,16262,0,0,0,0
58604.605,16556,60,0,0,0,0,0,8,71062,44,61,0,0,0,0,0,0,0,0,0,0,0,0,0,0,0,0,0,0,0,0,0,0,318,17459,0,0,0,0
58621.363,16757,59,0,0,0,0,0,8,70788,44,61,0,0,0,0,0,0,0,0,0,0,0,0,0,0,0,0,0,0,0,0,0,0,306,15158,0,0,0,0
58637.916,16553,60,0,0,0,0,0,8,70783,44,61,0,0,0,0,0,0,0,0,0,0,0,0,0,0,0,0,0,0,0,0,0,0,297,16799,0,0,0,0
58654.445,16528,60,0,0,0,0,0,8,70877,44,61,0,0,0,0,0,0,0,0,0,0,0,0,0,0,0,0,0,0,0,0,0,0,303,16806,0,0,0,0
58671.350,16905,59,0,0,0,0,0,8,70967,44,61,0,0,0,0,0,0,0,0,0,0,0,0,0,0,0,0,0,0,0,0,0,0,328,17630,0,0,0,0
58688.143,16793,59,0,0,0,0,0,8,71034,44,61,0,0,0,0,0,0,0,0,0,0,0,0,0,0,0,0,0,0,0,0,0,0,309,15944,0,0,0,0
58705.038,16895,59,0,0,0,0,0,8,70866,44,61,0,0,0,0,0,0,0,0,0,0,0,0,0,0,0,0,0,0,0,0,0,0,297,16791,0,0,0,0
58721.044,16005,62,0,0,0,0,0,8,71119,44,61,0,0,0,0,0,0,0,0,0,0,0,0,0,0,0,0,0,0,0,0,0,0,358,17066,0,0,0,0
58738.101,17056,58,0,0,0,0,0,8,70779,44,61,0,0,0,0,0,0,0,0,0,0,0,0,0,0,0,0,0,0,0,0,0,0,308,16119,0,0,0,0
58754.740,16638,60,0,0,0,0,0,8,70802,44,61,0,0,0,0,0,0,0,0,0,0,0,0,0,0,0,0,0,0,0,0,0,0,322,16811,0,0,0,0
58771.229,16489,60,0,0,0,0,0,8,70839,44,61,0,0,0,0,0,0,0,0,0,0,0,0,0,0,0,0,0,0,0,0,0,0,294,16187,0,0,0,0
58788.077,16847,59,0,0,0,0,0,8,71502,44,61,0,0,0,0,0,0,0,0,0,0,0,0,0,0,0,0,0,0,0,0,0,0,312,18845,0,0,0,0
58804.879,16801,59,0,0,0,0,0,8,71116,44,61,0,0,0,0,0,0,0,0,0,0,0,0,0,0,0,0,0,0,0,0,0,0,294,14606,0,0,0,0
58821.255,16376,61,0,0,0,0,0,8,71067,44,61,0,0,0,0,0,0,0,0,0,0,0,0,0,0,0,0,0,0,0,0,0,0,316,20908,0,0,0,0
58838.251,16996,58,0,0,0,0,0,8,70806,44,61,0,0,0,0,0,0,0,0,0,0,0,0,0,0,0,0,0,0,0,0,0,0,284,13202,0,0,0,0
58854.823,16572,60,0,0,0,0,0,8,70870,44,61,0,0,0,0,0,0,0,0,0,0,0,0,0,0,0,0,0,0,0,0,0,0,348,16075,0,0,0,0
58871.264,16441,60,0,0,0,0,0,8,72494,44,61,0,0,0,0,0,0,0,0,0,0,0,0,0,0,0,0,0,0,0,0,0,0,297,16722,0,0,0,0
58888.335,17070,58,0,0,0,0,0,8,71295,44,61,0,0,0,0,0,0,0,0,0,0,0,0,0,0,0,0,0,0,0,0,0,0,298,17322,0,0,0,0
58904.447,16112,62,0,0,0,0,0,8,70942,44,61,0,0,0,0,0,0,0,0,0,0,0,0,0,0,0,0,0,0,0,0,0,0,291,15753,0,0,0,0
58921.200,16752,59,0,0,0,0,0,8,71105,44,61,0,0,0,0,0,0,0,0,0,0,0,0,0,0,0,0,0,0,0,0,0,0,351,17483,0,0,0,0
58938.279,17079,58,0,0,0,0,0,8,71007,44,61,0,0,0,0,0,0,0,0,0,0,0,0,0,0,0,0,0,0,0,0,0,0,307,16669,0,0,0,0
58954.799,16519,60,0,0,0,0,0,8,70926,44,61,0,0,0,0,0,0,0,0,0,0,0,0,0,0,0,0,0,0,0,0,0,0,289,16693,0,0,0,0
58971.179,16380,61,0,0,0,0,0,8,70910,44,61,0,0,0,0,0,0,0,0,0,0,0,0,0,0,0,0,0,0,0,0,0,0,316,15908,0,0,0,0
58988.130,16950,58,0,0,0,0,0,8,70977,44,61,0,0,0,0,0,0,0,0,0,0,0,0,0,0,0,0,0,0,0,0,0,0,289,16171,0,0,0,0
59005.013,16883,59,0,0,0,0,0,8,70859,44,61,0,0,0,0,0,0,0,0,0,0,0,0,0,0,0,0,0,0,0,0,0,0,301,17001,0,0,0,0
59021.230,16217,61,0,0,0,0,0,8,71053,44,61,0,0,0,0,0,0,0,0,0,0,0,0,0,0,0,0,0,0,0,0,0,0,316,17391,0,0,0,0
59037.874,16644,60,0,0,0,0,0,8,71068,44,61,0,0,0,0,0,0,0,0,0,0,0,0,0,0,0,0,0,0,0,0,0,0,319,15582,0,0,0,0
59054.889,17015,58,0,0,0,0,0,8,70868,44,61,0,0,0,0,0,0,0,0,0,0,0,0,0,0,0,0,0,0,0,0,0,0,321,16622,0,0,0,0
59071.175,16285,61,0,0,0,0,0,8,71450,44,61,0,0,0,0,0,0,0,0,0,0,0,0,0,0,0,0,0,0,0,0,0,0,333,18189,0,0,0,0
59087.812,16636,60,0,0,0,0,0,8,71508,44,61,0,0,0,0,0,0,0,0,0,0,0,0,0,0,0,0,0,0,0,0,0,0,291,16169,0,0,0,0
59105.620,17807,56,0,0,0,0,0,8,71541,44,61,0,0,0,0,0,0,0,0,0,0,0,0,0,0,0,0,0,0,0,0,0,0,336,16457,0,0,0,0
59121.954,16334,61,0,0,0,0,0,8,72000,44,61,0,0,0,0,0,0,0,0,0,0,0,0,0,0,0,0,0,0,0,0,0,0,312,17210,0,0,0,0
59138.140,16186,61,0,0,0,0,0,8,74561,44,61,0,0,0,0,0,0,0,0,0,0,0,0,0,0,0,0,0,0,0,0,0,0,289,18274,0,0,0,0
59154.695,16555,60,0,0,0,0,0,8,71746,44,61,0,0,0,0,0,0,0,0,0,0,0,0,0,0,0,0,0,0,0,0,0,0,308,14721,0,0,0,0
59170.718,16023,62,0,0,0,0,0,8,71838,44,61,0,0,0,0,0,0,0,0,0,0,0,0,0,0,0,0,0,0,0,0,0,0,311,17578,0,0,0,0
59188.081,17363,57,0,0,0,0,0,8,72076,44,61,0,0,0,0,0,0,0,0,0,0,0,0,0,0,0,0,0,0,0,0,0,0,306,15789,0,0,0,0
59204.553,16471,60,0,0,0,0,0,8,71871,44,61,0,0,0,0,0,0,0,0,0,0,0,0,0,0,0,0,0,0,0,0,0,0,309,15618,0,0,0,0
59221.290,16737,59,0,0,0,0,0,8,72112,44,61,0,0,0,0,0,0,0,0,0,0,0,0,0,0,0,0,0,0,0,0,0,0,322,18073,0,0,0,0
59238.176,16886,59,0,0,0,0,0,8,72357,44,61,0,0,0,0,0,0,0,0,0,0,0,0,0,0,0,0,0,0,0,0,0,0,312,16530,0,0,0,0
59255.033,16856,59,0,0,0,0,0,8,72111,44,61,0,0,0,0,0,0,0,0,0,0,0,0,0,0,0,0,0,0,0,0,0,0,307,17233,0,0,0,0
59271.910,16877,59,0,0,0,0,0,8,74146,44,61,0,0,0,0,0,0,0,0,0,0,0,0,0,0,0,0,0,0,0,0,0,0,343,15851,0,0,0,0
59288.107,16196,61,0,0,0,0,0,8,73896,44,61,0,0,0,0,0,0,0,0,0,0,0,0,0,0,0,0,0,0,0,0,0,0,299,18058,0,0,0,0
59304.871,16764,59,0,0,0,0,0,8,73774,44,61,0,0,0,0,0,0,0,0,0,0,0,0,0,0,0,0,0,0,0,0,0,0,309,15530,0,0,0,0
59321.221,16350,61,0,0,0,0,0,8,73870,44,61,0,0,0,0,0,0,0,0,0,0,0,0,0,0,0,0,0,0,0,0,0,0,326,16253,0,0,0,0
59338.247,17026,58,0,0,0,0,0,8,74122,44,61,0,0,0,0,0,0,0,0,0,0,0,0,0,0,0,0,0,0,0,0,0,0,314,17963,0,0,0,0
59354.548,16301,61,0,0,0,0,0,8,74071,44,61,0,0,0,0,0,0,0,0,0,0,0,0,0,0,0,0,0,0,0,0,0,0,277,15510,0,0,0,0
59371.464,16915,59,0,0,0,0,0,8,73913,44,61,0,0,0,0,0,0,0,0,0,0,0,0,0,0,0,0,0,0,0,0,0,0,307,16152,0,0,0,0
59387.755,16290,61,0,0,0,0,0,8,73785,44,61,0,0,0,0,0,0,0,0,0,0,0,0,0,0,0,0,0,0,0,0,0,0,320,16771,0,0,0,0
59404.896,17141,58,0,0,0,0,0,8,73796,44,61,0,0,0,0,0,0,0,0,0,0,0,0,0,0,0,0,0,0,0,0,0,0,313,16068,0,0,0,0
59421.194,16297,61,0,0,0,0,0,8,73890,44,61,0,0,0,0,0,0,0,0,0,0,0,0,0,0,0,0,0,0,0,0,0,0,305,21179,0,0,0,0
59438.202,17007,58,0,0,0,0,0,8,73994,44,61,0,0,0,0,0,0,0,0,0,0,0,0,0,0,0,0,0,0,0,0,0,0,308,14122,0,0,0,0
59455.046,16843,59,0,0,0,0,0,8,73923,44,61,0,0,0,0,0,0,0,0,0,0,0,0,0,0,0,0,0,0,0,0,0,0,331,16389,0,0,0,0
59471.236,16190,61,0,0,0,0,0,8,73867,44,61,0,0,0,0,0,0,0,0,0,0,0,0,0,0,0,0,0,0,0,0,0,0,303,16017,0,0,0,0
59487.882,16646,60,0,0,0,0,0,8,73798,44,61,0,0,0,0,0,0,0,0,0,0,0,0,0,0,0,0,0,0,0,0,0,0,320,15736,0,0,0,0
59504.611,16727,59,0,0,0,0,0,8,73759,44,61,0,0,0,0,0,0,0,0,0,0,0,0,0,0,0,0,0,0,0,0,0,0,297,17695,0,0,0,0
59521.118,16508,60,0,0,0,0,0,8,73850,44,61,0,0,0,0,0,0,0,0,0,0,0,0,0,0,0,0,0,0,0,0,0,0,346,16863,0,0,0,0
59537.830,16711,59,0,0,0,0,0,8,72027,44,61,0,0,0,0,0,0,0,0,0,0,0,0,0,0,0,0,0,0,0,0,0,0,288,16777,0,0,0,0
59554.473,16643,60,0,0,0,0,0,8,72131,44,61,0,0,0,0,0,0,0,0,0,0,0,0,0,0,0,0,0,0,0,0,0,0,272,15146,0,0,0,0
59571.560,17086,58,0,0,0,0,0,8,72213,44,61,0,0,0,0,0,0,0,0,0,0,0,0,0,0,0,0,0,0,0,0,0,0,322,17889,0,0,0,0
59588.172,16612,60,0,0,0,0,0,8,72034,44,61,0,0,0,0,0,0,0,0,0,0,0,0,0,0,0,0,0,0,0,0,0,0,315,16556,0,0,0,0
59604.606,16434,60,0,0,0,0,0,8,72039,44,61,0,0,0,0,0,0,0,0,0,0,0,0,0,0,0,0,0,0,0,0,0,0,305,16535,0,0,0,0
59621.559,16953,58,0,0,0,0,0,8,72009,44,61,0,0,0,0,0,0,0,0,0,0,0,0,0,0,0,0,0,0,0,0,0,0,315,16288,0,0,0,0
59638.133,16573,60,0,0,0,0,0,8,72012,44,61,0,0,0,0,0,0,0,0,0,0,0,0,0,0,0,0,0,0,0,0,0,0,326,16864,0,0,0,0
59654.539,16406,60,0,0,0,0,0,8,72028,44,61,0,0,0,0,0,0,0,0,0,0,0,0,0,0,0,0,0,0,0,0,0,0,307,16902,0,0,0,0
59672.033,17494,57,0,0,0,0,0,8,72212,44,61,0,0,0,0,0,0,0,0,0,0,0,0,0,0,0,0,0,0,0,0,0,0,308,15891,0,0,0,0
59688.244,16210,61,0,0,0,0,0,8,72111,44,61,0,0,0,0,0,0,0,0,0,0,0,0,0,0,0,0,0,0,0,0,0,0,317,17528,0,0,0,0
59704.646,16402,60,0,0,0,0,0,8,71897,44,61,0,0,0,0,0,0,0,0,0,0,0,0,0,0,0,0,0,0,0,0,0,0,358,17773,0,0,0,0
59721.276,16630,60,0,0,0,0,0,8,71981,44,61,0,0,0,0,0,0,0,0,0,0,0,0,0,0,0,0,0,0,0,0,0,0,290,15715,0,0,0,0
59737.803,16526,60,0,0,0,0,0,8,72065,44,61,0,0,0,0,0,0,0,0,0,0,0,0,0,0,0,0,0,0,0,0,0,0,313,15549,0,0,0,0
59755.039,17236,58,0,0,0,0,0,8,72058,44,61,0,0,0,0,0,0,0,0,0,0,0,0,0,0,0,0,0,0,0,0,0,0,310,17150,0,0,0,0
59771.242,16202,61,0,0,0,0,0,8,72215,44,61,0,0,0,0,0,0,0,0,0,0,0,0,0,0,0,0,0,0,0,0,0,0,333,18415,0,0,0,0
59788.171,16928,59,0,0,0,0,0,8,72011,44,61,0,0,0,0,0,0,0,0,0,0,0,0,0,0,0,0,0,0,0,0,0,0,299,20433,0,0,0,0
59804.664,16493,60,0,0,0,0,0,8,71989,44,61,0,0,0,0,0,0,0,0,0,0,0,0,0,0,0,0,0,0,0,0,0,0,281,16988,0,0,0,0
59820.722,16057,62,0,0,0,0,0,8,73879,44,61,0,0,0,0,0,0,0,0,0,0,0,0,0,0,0,0,0,0,0,0,0,0,264,14452,0,0,0,0
59837.855,17133,58,0,0,0,0,0,8,73827,44,61,0,0,0,0,0,0,0,0,0,0,0,0,0,0,0,0,0,0,0,0,0,0,273,13080,0,0,0,0
59854.431,16575,60,0,0,0,0,0,8,73830,44,61,0,0,0,0,0,0,0,0,0,0,0,0,0,0,0,0,0,0,0,0,0,0,290,16535,0,0,0,0
59871.259,16828,59,0,0,0,0,0,8,73717,44,61,0,0,0,0,0,0,0,0,0,0,0,0,0,0,0,0,0,0,0,0,0,0,337,22474,0,0,0,0
59887.745,16486,60,0,0,0,0,0,8,73919,44,61,0,0,0,0,0,0,0,0,0,0,0,0,0,0,0,0,0,0,0,0,0,0,263,14882,0,0,0,0
59904.905,17159,58,0,0,0,0,0,8,73588,44,61,0,0,0,0,0,0,0,0,0,0,0,0,0,0,0,0,0,0,0,0,0,0,288,12510,0,0,0,0
59921.592,16686,59,0,0,0,0,0,8,73752,44,61,0,0,0,0,0,0,0,0,0,0,0,0,0,0,0,0,0,0,0,0,0,0,318,18168,0,0,0,0
59938.069,16477,60,0,0,0,0,0,8,73728,44,61,0,0,0,0,0,0,0,0,0,0,0,0,0,0,0,0,0,0,0,0,0,0,298,15399,0,0,0,0
59954.400,16330,61,0,0,0,0,0,8,73557,44,61,0,0,0,0,0,0,0,0,0,0,0,0,0,0,0,0,0,0,0,0,0,0,307,16437,0,0,0,0
59971.554,17153,58,0,0,0,0,0,8,73815,44,61,0,0,0,0,0,0,0,0,0,0,0,0,0,0,0,0,0,0,0,0,0,0,320,17138,0,0,0,0
59988.117,16563,60,0,0,0,0,0,8,73876,44,61,0,0,0,0,0,0,0,0,0,0,0,0,0,0,0,0,0,0,0,0,0,0,322,17123,0,0,0,0
60004.716,16598,60,0,0,0,0,0,8,73386,44,61,0,0,0,0,0,0,0,0,0,0,0,0,0,0,0,0,0,0,0,0,0,0,303,16946,0,0,0,0
60021.239,16522,60,0,0,0,0,0,8,73540,44,61,0,0,0,0,0,0,0,0,0,0,0,0,0,0,0,0,0,0,0,0,0,0,302,15649,0,0,0,0
60037.767,16528,60,0,0,0,0,0,8,73372,44,61,0,0,0,0,0,0,0,0,0,0,0,0,0,0,0,0,0,0,0,0,0,0,289,21673,0,0,0,0
60054.794,17026,58,0,0,0,0,0,8,73023,44,61,0,0,0,0,0,0,0,0,0,0,0,0,0,0,0,0,0,0,0,0,0,0,302,13124,0,0,0,0
60071.266,16472,60,0,0,0,0,0,8,72950,44,61,0,0,0,0,0,0,0,0,0,0,0,0,0,0,0,0,0,0,0,0,0,0,289,19864,0,0,0,0
60087.832,16565,60,0,0,0,0,0,8,71229,44,61,0,0,0,0,0,0,0,0,0,0,0,0,0,0,0,0,0,0,0,0,0,0,260,16093,0,0,0,0
60104.456,16623,60,0,0,0,0,0,8,71105,44,61,0,0,0,0,0,0,0,0,0,0,0,0,0,0,0,0,0,0,0,0,0,0,306,13263,0,0,0,0
60121.548,17093,58,0,0,0,0,0,8,70940,44,61,0,0,0,0,0,0,0,0,0,0,0,0,0,0,0,0,0,0,0,0,0,0,304,16592,0,0,0,0
60138.192,16643,60,0,0,0,0,0,8,70938,44,61,0,0,0,0,0,0,0,0,0,0,0,0,0,0,0,0,0,0,0,0,0,0,320,20328,0,0,0,0
60154.552,16359,61,0,0,0,0,0,8,70827,44,61,0,0,0,0,0,0,0,0,0,0,0,0,0,0,0,0,0,0,0,0,0,0,278,13858,0,0,0,0
60171.113,16561,60,0,0,0,0,0,8,70887,44,61,0,0,0,0,0,0,0,0,0,0,0,0,0,0,0,0,0,0,0,0,0,0,315,14518,0,0,0,0
60187.784,16670,59,0,0,0,0,0,8,70837,44,61,0,0,0,0,0,0,0,0,0,0,0,0,0,0,0,0,0,0,0,0,0,0,297,17231,0,0,0,0
60204.524,16739,59,0,0,0,0,0,8,70643,44,61,0,0,0,0,0,0,0,0,0,0,0,0,0,0,0,0,0,0,0,0,0,0,325,16229,0,0,0,0
60221.548,17024,58,0,0,0,0,0,8,71148,44,61,0,0,0,0,0,0,0,0,0,0,0,0,0,0,0,0,0,0,0,0,0,0,317,17901,0,0,0,0
60238.123,16574,60,0,0,0,0,0,8,70672,44,61,0,0,0,0,0,0,0,0,0,0,0,0,0,0,0,0,0,0,0,0,0,0,298,15574,0,0,0,0
60255.037,16913,59,0,0,0,0,0,8,70408,44,61,0,0,0,0,0,0,0,0,0,0,0,0,0,0,0,0,0,0,0,0,0,0,308,16702,0,0,0,0
60271.176,16140,61,0,0,0,0,0,8,70605,44,61,0,0,0,0,0,0,0,0,0,0,0,0,0,0,0,0,0,0,0,0,0,0,342,18166,0,0,0,0
60288.087,16910,59,0,0,0,0,0,8,70661,44,61,0,0,0,0,0,0,0,0,0,0,0,0,0,0,0,0,0,0,0,0,0,0,304,15183,0,0,0,0
60304.462,16374,61,0,0,0,0,0,8,70683,44,61,0,0,0,0,0,0,0,0,0,0,0,0,0,0,0,0,0,0,0,0,0,0,301,16400,0,0,0,0
60321.548,17086,58,0,0,0,0,0,8,72902,44,61,0,0,0,0,0,0,0,0,0,0,0,0,0,0,0,0,0,0,0,0,0,0,316,17645,0,0,0,0
60338.060,16512,60,0,0,0,0,0,8,73425,44,61,0,0,0,0,0,0,0,0,0,0,0,0,0,0,0,0,0,0,0,0,0,0,296,17350,0,0,0,0
60354.575,16515,60,0,0,0,0,0,8,75213,44,61,0,0,0,0,0,0,0,0,0,0,0,0,0,0,0,0,0,0,0,0,0,0,307,15888,0,0,0,0
60371.222,16646,60,0,0,0,0,0,8,73979,44,61,0,0,0,0,0,0,0,0,0,0,0,0,0,0,0,0,0,0,0,0,0,0,329,16771,0,0,0,0
60388.129,16906,59,0,0,0,0,0,8,72174,44,61,0,0,0,0,0,0,0,0,0,0,0,0,0,0,0,0,0,0,0,0,0,0,293,16278,0,0,0,0
60404.592,16463,60,0,0,0,0,0,8,72100,44,61,0,0,0,0,0,0,0,0,0,0,0,0,0,0,0,0,0,0,0,0,0,0,313,17749,0,0,0,0
60421.221,16628,60,0,0,0,0,0,8,72066,44,61,0,0,0,0,0,0,0,0,0,0,0,0,0,0,0,0,0,0,0,0,0,0,307,17331,0,0,0,0
60437.905,16684,59,0,0,0,0,0,8,72201,44,61,0,0,0,0,0,0,0,0,0,0,0,0,0,0,0,0,0,0,0,0,0,0,295,16675,0,0,0,0
60454.536,16630,60,0,0,0,0,0,8,72087,44,61,0,0,0,0,0,0,0,0,0,0,0,0,0,0,0,0,0,0,0,0,0,0,283,15054,0,0,0,0
60471.534,16998,58,0,0,0,0,0,8,72158,44,61,0,0,0,0,0,0,0,0,0,0,0,0,0,0,0,0,0,0,0,0,0,0,296,16465,0,0,0,0
60488.237,16702,59,0,0,0,0,0,8,72062,44,61,0,0,0,0,0,0,0,0,0,0,0,0,0,0,0,0,0,0,0,0,0,0,373,22677,0,0,0,0
60504.624,16386,61,0,0,0,0,0,8,71972,44,61,0,0,0,0,0,0,0,0,0,0,0,0,0,0,0,0,0,0,0,0,0,0,276,10200,0,0,0,0
60521.308,16684,59,0,0,0,0,0,8,72070,44,61,0,0,0,0,0,0,0,0,0,0,0,0,0,0,0,0,0,0,0,0,0,0,288,16662,0,0,0,0
60537.853,16545,60,0,0,0,0,0,8,72090,44,61,0,0,0,0,0,0,0,0,0,0,0,0,0,0,0,0,0,0,0,0,0,0,295,18206,0,0,0,0
60554.572,16718,59,0,0,0,0,0,8,72150,44,61,0,0,0,0,0,0,0,0,0,0,0,0,0,0,0,0,0,0,0,0,0,0,283,15514,0,0,0,0
60572.028,17455,57,0,0,0,0,0,8,72148,44,61,0,0,0,0,0,0,0,0,0,0,0,0,0,0,0,0,0,0,0,0,0,0,305,17199,0,0,0,0
60587.945,15917,62,0,0,0,0,0,8,72353,44,61,0,0,0,0,0,0,0,0,0,0,0,0,0,0,0,0,0,0,0,0,0,0,333,19121,0,0,0,0
60604.596,16650,60,0,0,0,0,0,8,72370,44,61,0,0,0,0,0,0,0,0,0,0,0,0,0,0,0,0,0,0,0,0,0,0,287,13404,0,0,0,0
60621.551,16955,58,0,0,0,0,0,8,72710,44,61,0,0,0,0,0,0,0,0,0,0,0,0,0,0,0,0,0,0,0,0,0,0,312,17957,0,0,0,0
60637.876,16324,61,0,0,0,0,0,8,72907,44,61,0,0,0,0,0,0,0,0,0,0,0,0,0,0,0,0,0,0,0,0,0,0,302,15549,0,0,0,0
60654.533,16657,60,0,0,0,0,0,8,72897,44,61,0,0,0,0,0,0,0,0,0,0,0,0,0,0,0,0,0,0,0,0,0,0,299,16841,0,0,0,0
60671.242,16709,59,0,0,0,0,0,8,72887,44,61,0,0,0,0,0,0,0,0,0,0,0,0,0,0,0,0,0,0,0,0,0,0,310,17626,0,0,0,0
60687.958,16716,59,0,0,0,0,0,8,72711,44,61,0,0,0,0,0,0,0,0,0,0,0,0,0,0,0,0,0,0,0,0,0,0,294,16541,0,0,0,0
60704.158,16199,61,0,0,0,0,0,8,72534,44,61,0,0,0,0,0,0,0,0,0,0,0,0,0,0,0,0,0,0,0,0,0,0,321,15812,0,0,0,0
60721.555,17396,57,0,0,0,0,0,8,72741,44,61,0,0,0,0,0,0,0,0,0,0,0,0,0,0,0,0,0,0,0,0,0,0,311,16494,0,0,0,0
60737.814,16259,61,0,0,0,0,0,8,74267,44,61,0,0,0,0,0,0,0,0,0,0,0,0,0,0,0,0,0,0,0,0,0,0,326,16901,0,0,0,0
60755.028,17214,58,0,0,0,0,0,8,74263,44,61,0,0,0,0,0,0,0,0,0,0,0,0,0,0,0,0,0,0,0,0,0,0,315,19354,0,0,0,0
60771.318,16290,61,0,0,0,0,0,8,74234,44,61,0,0,0,0,0,0,0,0,0,0,0,0,0,0,0,0,0,0,0,0,0,0,288,14396,0,0,0,0
60787.901,16583,60,0,0,0,0,0,8,74248,44,61,0,0,0,0,0,0,0,0,0,0,0,0,0,0,0,0,0,0,0,0,0,0,291,15890,0,0,0,0
60804.542,16640,60,0,0,0,0,0,8,74373,44,61,0,0,0,0,0,0,0,0,0,0,0,0,0,0,0,0,0,0,0,0,0,0,324,17800,0,0,0,0
60821.445,16902,59,0,0,0,0,0,8,74554,44,61,0,0,0,0,0,0,0,0,0,0,0,0,0,0,0,0,0,0,0,0,0,0,297,16217,0,0,0,0
60838.239,16794,59,0,0,0,0,0,8,74877,44,61,0,0,0,0,0,0,0,0,0,0,0,0,0,0,0,0,0,0,0,0,0,0,303,17543,0,0,0,0
60854.568,16328,61,0,0,0,0,0,8,74895,44,61,0,0,0,0,0,0,0,0,0,0,0,0,0,0,0,0,0,0,0,0,0,0,306,17056,0,0,0,0
60871.114,16546,60,0,0,0,0,0,8,74277,44,61,0,0,0,0,0,0,0,0,0,0,0,0,0,0,0,0,0,0,0,0,0,0,288,14667,0,0,0,0
60887.829,16714,59,0,0,0,0,0,8,74384,44,61,0,0,0,0,0,0,0,0,0,0,0,0,0,0,0,0,0,0,0,0,0,0,347,18161,0,0,0,0
60904.560,16731,59,0,0,0,0,0,8,74131,44,61,0,0,0,0,0,0,0,0,0,0,0,0,0,0,0,0,0,0,0,0,0,0,297,17133,0,0,0,0
60922.024,17463,57,0,0,0,0,0,8,74250,44,61,0,0,0,0,0,0,0,0,0,0,0,0,0,0,0,0,0,0,0,0,0,0,312,16102,0,0,0,0
60937.847,15823,63,0,0,0,0,0,8,74420,44,61,0,0,0,0,0,0,0,0,0,0,0,0,0,0,0,0,0,0,0,0,0,0,316,18789,0,0,0,0
60954.697,16850,59,0,0,0,0,0,8,74109,44,61,0,0,0,0,0,0,0,0,0,0,0,0,0,0,0,0,0,0,0,0,0,0,291,14559,0,0,0,0
60971.651,16954,58,0,0,0,0,0,8,74317,44,61,0,0,0,0,0,0,0,0,0,0,0,0,0,0,0,0,0,0,0,0,0,0,310,16236,0,0,0,0
60988.090,16439,60,0,0,0,0,0,8,74198,44,61,0,0,0,0,0,0,0,0,0,0,0,0,0,0,0,0,0,0,0,0,0,0,311,16928,0,0,0,0
61004.869,16778,59,0,0,0,0,0,8,72503,44,61,0,0,0,0,0,0,0,0,0,0,0,0,0,0,0,0,0,0,0,0,0,0,292,17296,0,0,0,0
61021.191,16322,61,0,0,0,0,0,8,72482,44,61,0,0,0,0,0,0,0,0,0,0,0,0,0,0,0,0,0,0,0,0,0,0,305,16815,0,0,0,0
61038.019,16827,59,0,0,0,0,0,8,72553,44,61,0,0,0,0,0,0,0,0,0,0,0,0,0,0,0,0,0,0,0,0,0,0,303,19095,0,0,0,0
61054.530,16511,60,0,0,0,0,0,8,72412,44,61,0,0,0,0,0,0,0,0,0,0,0,0,0,0,0,0,0,0,0,0,0,0,272,13089,0,0,0,0
61071.682,17151,58,0,0,0,0,0,8,72379,44,61,0,0,0,0,0,0,0,0,0,0,0,0,0,0,0,0,0,0,0,0,0,0,306,17015,0,0,0,0
61089.100,17417,57,0,0,0,0,0,8,72596,44,61,0,0,0,0,0,0,0,0,0,0,0,0,0,0,0,0,0,0,0,0,0,0,344,20993,0,0,0,0
61105.043,15943,62,0,0,0,0,0,8,72317,44,61,0,0,0,0,0,0,0,0,0,0,0,0,0,0,0,0,0,0,0,0,0,0,296,18468,0,0,0,0
61121.099,16056,62,0,0,0,0,0,8,72372,44,61,0,0,0,0,0,0,0,0,0,0,0,0,0,0,0,0,0,0,0,0,0,0,289,11789,0,0,0,0
61137.805,16705,59,0,0,0,0,0,8,72338,44,61,0,0,0,0,0,0,0,0,0,0,0,0,0,0,0,0,0,0,0,0,0,0,273,18720,0,0,0,0
61155.026,17220,58,0,0,0,0,0,8,73942,44,61,0,0,0,0,0,0,0,0,0,0,0,0,0,0,0,0,0,0,0,0,0,0,275,13132,0,0,0,0
61171.108,16082,62,0,0,0,0,0,8,73985,44,61,0,0,0,0,0,0,0,0,0,0,0,0,0,0,0,0,0,0,0,0,0,0,297,15648,0,0,0,0
61188.230,17122,58,0,0,0,0,0,8,74071,44,61,0,0,0,0,0,0,0,0,0,0,0,0,0,0,0,0,0,0,0,0,0,0,307,19656,0,0,0,0
61205.018,16787,59,0,0,0,0,0,8,74046,44,61,0,0,0,0,0,0,0,0,0,0,0,0,0,0,0,0,0,0,0,0,0,0,275,16302,0,0,0,0
61222.034,17004,58,0,0,0,0,0,8,74058,44,61,0,0,0,0,0,0,0,0,0,0,0,0,0,0,0,0,0,0,0,0,0,0,306,19631,0,0,0,0
61238.542,16519,60,0,0,0,0,0,8,73908,44,61,0,0,0,0,0,0,0,0,0,0,0,0,0,0,0,0,0,0,0,0,0,0,304,14976,0,0,0,0
61254.587,16044,62,0,0,0,0,0,8,73965,44,61,0,0,0,0,0,0,0,0,0,0,0,0,0,0,0,0,0,0,0,0,0,0,280,13785,0,0,0,0
61271.400,16812,59,0,0,0,0,0,8,73863,44,61,0,0,0,0,0,0,0,0,0,0,0,0,0,0,0,0,0,0,0,0,0,0,323,19912,0,0,0,0
61288.064,16664,60,0,0,0,0,0,8,73926,44,61,0,0,0,0,0,0,0,0,0,0,0,0,0,0,0,0,0,0,0,0,0,0,266,17442,0,0,0,0
61305.042,16977,58,0,0,0,0,0,8,73737,44,61,0,0,0,0,0,0,0,0,0,0,0,0,0,0,0,0,0,0,0,0,0,0,329,13456,0,0,0,0
61321.554,16512,60,0,0,0,0,0,8,73810,44,61,0,0,0,0,0,0,0,0,0,0,0,0,0,0,0,0,0,0,0,0,0,0,335,17853,0,0,0,0
61338.153,16599,60,0,0,0,0,0,8,73813,44,61,0,0,0,0,0,0,0,0,0,0,0,0,0,0,0,0,0,0,0,0,0,0,310,16156,0,0,0,0
61354.569,16416,60,0,0,0,0,0,8,73735,44,61,0,0,0,0,0,0,0,0,0,0,0,0,0,0,0,0,0,0,0,0,0,0,312,20027,0,0,0,0
61371.575,17006,58,0,0,0,0,0,8,73819,44,61,0,0,0,0,0,0,0,0,0,0,0,0,0,0,0,0,0,0,0,0,0,0,263,10441,0,0,0,0
61387.659,16083,62,0,0,0,0,0,8,73832,44,61,0,0,0,0,0,0,0,0,0,0,0,0,0,0,0,0,0,0,0,0,0,0,303,22679,0,0,0,0
61404.601,16942,59,0,0,0,0,0,8,73720,44,61,0,0,0,0,0,0,0,0,0,0,0,0,0,0,0,0,0,0,0,0,0,0,254,9944,0,0,0,0
61421.481,16880,59,0,0,0,0,0,8,72015,44,61,0,0,0,0,0,0,0,0,0,0,0,0,0,0,0,0,0,0,0,0,0,0,318,20354,0,0,0,0
61438.068,16586,60,0,0,0,0,0,8,72061,44,61,0,0,0,0,0,0,0,0,0,0,0,0,0,0,0,0,0,0,0,0,0,0,295,20432,0,0,0,0
61455.026,16958,58,0,0,0,0,0,8,73857,44,61,0,0,0,0,0,0,0,0,0,0,0,0,0,0,0,0,0,0,0,0,0,0,275,10327,0,0,0,0
61471.152,16125,62,0,0,0,0,0,8,73624,44,61,0,0,0,0,0,0,0,0,0,0,0,0,0,0,0,0,0,0,0,0,0,0,317,18358,0,0,0,0
61488.156,17004,58,0,0,0,0,0,8,73822,44,61,0,0,0,0,0,0,0,0,0,0,0,0,0,0,0,0,0,0,0,0,0,0,305,17126,0,0,0,0
61504.644,16487,60,0,0,0,0,0,8,73630,44,61,0,0,0,0,0,0,0,0,0,0,0,0,0,0,0,0,0,0,0,0,0,0,294,16083,0,0,0,0
61522.045,17401,57,0,0,0,0,0,8,73642,44,61,0,0,0,0,0,0,0,0,0,0,0,0,0,0,0,0,0,0,0,0,0,0,333,15706,0,0,0,0
61537.815,15769,63,0,0,0,0,0,8,73719,44,61,0,0,0,0,0,0,0,0,0,0,0,0,0,0,0,0,0,0,0,0,0,0,347,23597,0,0,0,0
61554.539,16723,59,0,0,0,0,0,8,73501,44,61,0,0,0,0,0,0,0,0,0,0,0,0,0,0,0,0,0,0,0,0,0,0,255,9005,0,0,0,0
61570.670,16131,61,0,0,0,0,0,8,73633,44,61,0,0,0,0,0,0,0,0,0,0,0,0,0,0,0,0,0,0,0,0,0,0,318,16514,0,0,0,0
61588.295,17624,56,0,0,0,0,0,8,73642,44,61,0,0,0,0,0,0,0,0,0,0,0,0,0,0,0,0,0,0,0,0,0,0,334,18505,0,0,0,0
61604.995,16700,59,0,0,0,0,0,8,73511,44,61,0,0,0,0,0,0,0,0,0,0,0,0,0,0,0,0,0,0,0,0,0,0,300,15337,0,0,0,0
61621.603,16608,60,0,0,0,0,0,8,73731,44,61,0,0,0,0,0,0,0,0,0,0,0,0,0,0,0,0,0,0,0,0,0,0,310,20724,0,0,0,0
61637.897,16293,61,0,0,0,0,0,8,73584,44,61,0,0,0,0,0,0,0,0,0,0,0,0,0,0,0,0,0,0,0,0,0,0,300,14500,0,0,0,0
61654.763,16866,59,0,0,0,0,0,8,73496,44,61,0,0,0,0,0,0,0,0,0,0,0,0,0,0,0,0,0,0,0,0,0,0,317,14442,0,0,0,0
61671.237,16473,60,0,0,0,0,0,8,73600,44,61,0,0,0,0,0,0,0,0,0,0,0,0,0,0,0,0,0,0,0,0,0,0,314,17202,0,0,0,0
61688.139,16902,59,0,0,0,0,0,8,73586,44,61,0,0,0,0,0,0,0,0,0,0,0,0,0,0,0,0,0,0,0,0,0,0,300,18108,0,0,0,0
61704.696,16557,60,0,0,0,0,0,8,73609,44,61,0,0,0,0,0,0,0,0,0,0,0,0,0,0,0,0,0,0,0,0,0,0,279,16158,0,0,0,0
61721.454,16757,59,0,0,0,0,0,8,71785,44,61,0,0,0,0,0,0,0,0,0,0,0,0,0,0,0,0,0,0,0,0,0,0,328,16720,0,0,0,0
61738.289,16836,59,0,0,0,0,0,8,70872,44,61,0,0,0,0,0,0,0,0,0,0,0,0,0,0,0,0,0,0,0,0,0,0,311,19621,0,0,0,0
61755.016,16726,59,0,0,0,0,0,8,71633,44,61,0,0,0,0,0,0,0,0,0,0,0,0,0,0,0,0,0,0,0,0,0,0,262,13193,0,0,0,0
61772.019,17003,58,0,0,0,0,0,8,70763,44,61,0,0,0,0,0,0,0,0,0,0,0,0,0,0,0,0,0,0,0,0,0,0,311,16180,0,0,0,0
61788.163,16144,61,0,0,0,0,0,8,71598,44,61,0,0,0,0,0,0,0,0,0,0,0,0,0,0,0,0,0,0,0,0,0,0,318,18727,0,0,0,0
61805.544,17380,57,0,0,0,0,0,8,70616,44,61,0,0,0,0,0,0,0,0,0,0,0,0,0,0,0,0,0,0,0,0,0,0,307,15565,0,0,0,0
61821.266,15722,63,0,0,0,0,0,8,71557,44,61,0,0,0,0,0,0,0,0,0,0,0,0,0,0,0,0,0,0,0,0,0,0,321,16536,0,0,0,0
61838.046,16780,59,0,0,0,0,0,8,70655,44,61,0,0,0,0,0,0,0,0,0,0,0,0,0,0,0,0,0,0,0,0,0,0,301,17031,0,0,0,0
61854.734,16686,59,0,0,0,0,0,8,71612,44,61,0,0,0,0,0,0,0,0,0,0,0,0,0,0,0,0,0,0,0,0,0,0,304,16270,0,0,0,0
61872.012,17278,57,0,0,0,0,0,8,70641,44,61,0,0,0,0,0,0,0,0,0,0,0,0,0,0,0,0,0,0,0,0,0,0,329,15536,0,0,0,0
61887.745,15733,63,0,0,0,0,0,8,71583,44,61,0,0,0,0,0,0,0,0,0,0,0,0,0,0,0,0,0,0,0,0,0,0,328,19782,0,0,0,0
61904.605,16860,59,0,0,0,0,0,8,70572,44,61,0,0,0,0,0,0,0,0,0,0,0,0,0,0,0,0,0,0,0,0,0,0,280,13211,0,0,0,0
61921.564,16958,58,0,0,0,0,0,8,71582,44,61,0,0,0,0,0,0,0,0,0,0,0,0,0,0,0,0,0,0,0,0,0,0,307,17128,0,0,0,0
61938.066,16501,60,0,0,0,0,0,8,70694,44,61,0,0,0,0,0,0,0,0,0,0,0,0,0,0,0,0,0,0,0,0,0,0,301,17315,0,0,0,0
61954.467,16401,60,0,0,0,0,0,8,73094,44,61,0,0,0,0,0,0,0,0,0,0,0,0,0,0,0,0,0,0,0,0,0,0,299,15844,0,0,0,0
61971.185,16718,59,0,0,0,0,0,8,72333,44,61,0,0,0,0,0,0,0,0,0,0,0,0,0,0,0,0,0,0,0,0,0,0,307,16443,0,0,0,0
61988.178,16992,58,0,0,0,0,0,8,73339,44,61,0,0,0,0,0,0,0,0,0,0,0,0,0,0,0,0,0,0,0,0,0,0,314,18119,0,0,0,0
62004.433,16255,61,0,0,0,0,0,8,72274,44,61,0,0,0,0,0,0,0,0,0,0,0,0,0,0,0,0,0,0,0,0,0,0,299,16036,0,0,0,0
62021.536,17102,58,0,0,0,0,0,8,73199,44,61,0,0,0,0,0,0,0,0,0,0,0,0,0,0,0,0,0,0,0,0,0,0,324,17084,0,0,0,0
62038.296,16760,59,0,0,0,0,0,8,72302,44,61,0,0,0,0,0,0,0,0,0,0,0,0,0,0,0,0,0,0,0,0,0,0,313,16284,0,0,0,0
62054.533,16236,61,0,0,0,0,0,8,73151,44,61,0,0,0,0,0,0,0,0,0,0,0,0,0,0,0,0,0,0,0,0,0,0,317,17310,0,0,0,0
62071.627,17094,58,0,0,0,0,0,8,72298,44,61,0,0,0,0,0,0,0,0,0,0,0,0,0,0,0,0,0,0,0,0,0,0,338,16312,0,0,0,0
62088.158,16530,60,0,0,0,0,0,8,73128,44,61,0,0,0,0,0,0,0,0,0,0,0,0,0,0,0,0,0,0,0,0,0,0,309,20558,0,0,0,0
62104.568,16409,60,0,0,0,0,0,8,72226,44,61,0,0,0,0,0,0,0,0,0,0,0,0,0,0,0,0,0,0,0,0,0,0,306,13521,0,0,0,0
62121.251,16682,59,0,0,0,0,0,8,72233,44,61,0,0,0,0,0,0,0,0,0,0,0,0,0,0,0,0,0,0,0,0,0,0,299,14814,0,0,0,0
62138.084,16833,59,0,0,0,0,0,8,73075,44,61,0,0,0,0,0,0,0,0,0,0,0,0,0,0,0,0,0,0,0,0,0,0,313,16906,0,0,0,0
62154.586,16502,60,0,0,0,0,0,8,72233,44,61,0,0,0,0,0,0,0,0,0,0,0,0,0,0,0,0,0,0,0,0,0,0,285,19152,0,0,0,0
62170.996,16410,60,0,0,0,0,0,8,72272,44,61,0,0,0,0,0,0,0,0,0,0,0,0,0,0,0,0,0,0,0,0,0,0,302,15004,0,0,0,0
62187.754,16758,59,0,0,0,0,0,8,72361,44,61,0,0,0,0,0,0,0,0,0,0,0,0,0,0,0,0,0,0,0,0,0,0,297,16267,0,0,0,0
62204.533,16779,59,0,0,0,0,0,8,73028,44,61,0,0,0,0,0,0,0,0,0,0,0,0,0,0,0,0,0,0,0,0,0,0,326,16710,0,0,0,0
62221.222,16679,59,0,0,0,0,0,8,72164,44,61,0,0,0,0,0,0,0,0,0,0,0,0,0,0,0,0,0,0,0,0,0,0,309,15950,0,0,0,0
62237.785,16572,60,0,0,0,0,0,8,72133,44,61,0,0,0,0,0,0,0,0,0,0,0,0,0,0,0,0,0,0,0,0,0,0,349,22788,0,0,0,0
62254.720,16935,59,0,0,0,0,0,8,72085,44,61,0,0,0,0,0,0,0,0,0,0,0,0,0,0,0,0,0,0,0,0,0,0,257,10441,0,0,0,0
62272.010,17290,57,0,0,0,0,0,8,72950,44,61,0,0,0,0,0,0,0,0,0,0,0,0,0,0,0,0,0,0,0,0,0,0,324,17306,0,0,0,0
62288.046,16036,62,0,0,0,0,0,8,72000,44,61,0,0,0,0,0,0,0,0,0,0,0,0,0,0,0,0,0,0,0,0,0,0,357,24678,0,0,0,0
62304.553,16506,60,0,0,0,0,0,8,72096,44,61,0,0,0,0,0,0,0,0,0,0,0,0,0,0,0,0,0,0,0,0,0,0,250,8471,0,0,0,0
62322.033,17480,57,0,0,0,0,0,8,70387,44,61,0,0,0,0,0,0,0,0,0,0,0,0,0,0,0,0,0,0,0,0,0,0,329,16079,0,0,0,0
62337.857,15823,63,0,0,0,0,0,8,71327,44,61,0,0,0,0,0,0,0,0,0,0,0,0,0,0,0,0,0,0,0,0,0,0,357,19883,0,0,0,0
62354.993,17136,58,0,0,0,0,0,8,70254,44,61,0,0,0,0,0,0,0,0,0,0,0,0,0,0,0,0,0,0,0,0,0,0,279,13216,0,0,0,0
62371.236,16243,61,0,0,0,0,0,8,70338,44,61,0,0,0,0,0,0,0,0,0,0,0,0,0,0,0,0,0,0,0,0,0,0,312,18125,0,0,0,0
62388.211,16974,58,0,0,0,0,0,8,70379,44,61,0,0,0,0,0,0,0,0,0,0,0,0,0,0,0,0,0,0,0,0,0,0,325,17495,0,0,0,0
62404.494,16283,61,0,0,0,0,0,8,71210,44,61,0,0,0,0,0,0,0,0,0,0,0,0,0,0,0,0,0,0,0,0,0,0,311,17365,0,0,0,0
62422.014,17519,57,0,0,0,0,0,8,70341,44,61,0,0,0,0,0,0,0,0,0,0,0,0,0,0,0,0,0,0,0,0,0,0,290,13857,0,0,0,0
62438.006,15992,62,0,0,0,0,0,8,70531,44,61,0,0,0,0,0,0,0,0,0,0,0,0,0,0,0,0,0,0,0,0,0,0,329,20404,0,0,0,0
62454.624,16618,60,0,0,0,0,0,8,67732,44,61,0,0,0,0,0,0,0,0,0,0,0,0,0,0,0,0,0,0,0,0,0,0,297,13202,0,0,0,0
62471.234,16610,60,0,0,0,0,0,8,67818,44,61,0,0,0,0,0,0,0,0,0,0,0,0,0,0,0,0,0,0,0,0,0,0,304,16945,0,0,0,0
62488.302,17067,58,0,0,0,0,0,8,67830,44,61,0,0,0,0,0,0,0,0,0,0,0,0,0,0,0,0,0,0,0,0,0,0,314,17922,0,0,0,0
62505.029,16727,59,0,0,0,0,0,8,67739,44,61,0,0,0,0,0,0,0,0,0,0,0,0,0,0,0,0,0,0,0,0,0,0,294,14977,0,0,0,0
62521.417,16388,61,0,0,0,0,0,8,67772,44,61,0,0,0,0,0,0,0,0,0,0,0,0,0,0,0,0,0,0,0,0,0,0,338,19461,0,0,0,0
62537.838,16420,60,0,0,0,0,0,8,67826,44,61,0,0,0,0,0,0,0,0,0,0,0,0,0,0,0,0,0,0,0,0,0,0,300,19277,0,0,0,0
62554.647,16809,59,0,0,0,0,0,8,67744,44,61,0,0,0,0,0,0,0,0,0,0,0,0,0,0,0,0,0,0,0,0,0,0,272,11735,0,0,0,0
62571.217,16570,60,0,0,0,0,0,8,67818,44,61,0,0,0,0,0,0,0,0,0,0,0,0,0,0,0,0,0,0,0,0,0,0,308,16372,0,0,0,0
62587.965,16747,59,0,0,0,0,0,8,67783,44,61,0,0,0,0,0,0,0,0,0,0,0,0,0,0,0,0,0,0,0,0,0,0,324,18169,0,0,0,0
62604.581,16616,60,0,0,0,0,0,8,67748,44,61,0,0,0,0,0,0,0,0,0,0,0,0,0,0,0,0,0,0,0,0,0,0,321,16455,0,0,0,0
62621.230,16638,60,0,0,0,0,0,8,67822,44,61,0,0,0,0,0,0,0,0,0,0,0,0,0,0,0,0,0,0,0,0,0,0,321,15111,0,0,0,0
62638.006,16786,59,0,0,0,0,0,8,67822,44,61,0,0,0,0,0,0,0,0,0,0,0,0,0,0,0,0,0,0,0,0,0,0,339,18978,0,0,0,0
62654.817,16811,59,0,0,0,0,0,8,67739,44,61,0,0,0,0,0,0,0,0,0,0,0,0,0,0,0,0,0,0,0,0,0,0,323,19546,0,0,0,0
62671.456,16638,60,0,0,0,0,0,8,67780,44,61,0,0,0,0,0,0,0,0,0,0,0,0,0,0,0,0,0,0,0,0,0,0,315,17041,0,0,0,0
62688.093,16637,60,0,0,0,0,0,8,67822,44,61,0,0,0,0,0,0,0,0,0,0,0,0,0,0,0,0,0,0,0,0,0,0,267,11755,0,0,0,0
62704.703,16610,60,0,0,0,0,0,8,67748,44,61,0,0,0,0,0,0,0,0,0,0,0,0,0,0,0,0,0,0,0,0,0,0,301,17858,0,0,0,0
62721.147,16444,60,0,0,0,0,0,8,67818,44,61,0,0,0,0,0,0,0,0,0,0,0,0,0,0,0,0,0,0,0,0,0,0,342,16235,0,0,0,0
62738.007,16859,59,0,0,0,0,0,8,67826,44,61,0,0,0,0,0,0,0,0,0,0,0,0,0,0,0,0,0,0,0,0,0,0,354,17524,0,0,0,0
62754.749,16741,59,0,0,0,0,0,8,67749,44,61,0,0,0,0,0,0,0,0,0,0,0,0,0,0,0,0,0,0,0,0,0,0,299,14314,0,0,0,0
62771.029,16279,61,0,0,0,0,0,8,67908,44,61,0,0,0,0,0,0,0,0,0,0,0,0,0,0,0,0,0,0,0,0,0,0,349,17142,0,0,0,0
62788.109,17080,58,0,0,0,0,0,8,344,44,61,0,0,0,0,0,0,0,0,0,0,0,0,0,0,0,0,0,0,0,0,0,0,0,0,0,0,0,0
62806.472,18363,54,0,0,0,0,0,8,69995,44,61,0,0,0,0,0,0,0,0,0,0,0,0,0,0,0,0,0,0,0,0,0,0,9157,43716,0,0,0,0
63014.788,208315,4,0,0,0,0,0,8,73656,18,66,0,0,0,0,0,0,0,0,0,0,0,0,0,0,0,0,0,0,0,0,0,0,0,208332,0,0,0,0
63027.140,12351,80,0,0,0,0,0,8,11054,5,66,0,0,0,0,0,0,0,0,0,0,0,0,0,0,0,0,0,0,0,0,0,0,134,134,0,0,0,0
63044.006,16866,59,0,0,0,0,0,8,12171,5,66,0,0,0,0,0,0,0,0,0,0,0,0,0,0,0,0,0,0,0,0,0,0,200,13843,0,0,0,0
63060.663,16656,60,0,0,0,0,0,8,4333,5,66,0,0,0,0,0,0,0,0,0,0,0,0,0,0,0,0,0,0,0,0,0,0,199,16862,0,0,0,0
63078.003,17340,57,0,0,0,0,0,8,7727,5,66,0,0,0,0,0,0,0,0,0,0,0,0,0,0,0,0,0,0,0,0,0,0,199,16137,0,0,0,0
63093.583,15579,64,0,0,0,0,0,8,4608,5,66,0,0,0,0,0,0,0,0,0,0,0,0,0,0,0,0,0,0,0,0,0,0,214,17868,0,0,0,0
63110.210,16627,60,0,0,0,0,0,8,764,5,66,0,0,0,0,0,0,0,0,0,0,0,0,0,0,0,0,0,0,0,0,0,0,209,15046,0,0,0,0
63127.334,17123,58,0,0,0,0,0,8,183,5,66,0,0,0,0,0,0,0,0,0,0,0,0,0,0,0,0,0,0,0,0,0,0,212,16620,0,0,0,0
63143.184,15849,63,0,0,0,0,0,8,46841,5,66,0,0,0,0,0,0,0,0,0,0,0,0,0,0,0,0,0,0,0,0,0,0,249,17712,0,0,0,0
63160.578,17394,57,0,0,0,0,0,8,7186,5,66,0,0,0,0,0,0,0,0,0,0,0,0,0,0,0,0,0,0,0,0,0,0,240,15858,0,0,0,0
63177.643,17065,58,0,0,0,0,0,8,20284,5,66,0,0,0,0,0,0,0,0,0,0,0,0,0,0,0,0,0,0,0,0,0,0,210,16808,0,0,0,0
63193.731,16087,62,0,0,0,0,0,8,22211,5,66,0,0,0,0,0,0,0,0,0,0,0,0,0,0,0,0,0,0,0,0,0,0,216,18108,0,0,0,0
63210.668,16937,59,0,0,0,0,0,8,127528,5,66,0,0,0,0,0,0,0,0,0,0,0,0,0,0,0,0,0,0,0,0,0,0,205,16102,0,0,0,0
63227.232,16563,60,0,0,0,0,0,8,39561,5,67,0,0,0,0,0,0,0,0,0,0,0,0,0,0,0,0,0,0,0,0,0,0,190,16413,0,0,0,0
63243.558,16326,61,0,0,0,0,0,8,316,5,67,0,0,0,0,0,0,0,0,0,0,0,0,0,0,0,0,0,0,0,0,0,0,209,16552,0,0,0,0
63260.481,16922,59,0,0,0,0,0,8,268,5,67,0,0,0,0,0,0,0,0,0,0,0,0,0,0,0,0,0,0,0,0,0,0,213,16854,0,0,0,0
63277.000,16518,60,0,0,0,0,0,8,400,5,67,0,0,0,0,0,0,0,0,0,0,0,0,0,0,0,0,0,0,0,0,0,0,212,16371,0,0,0,0
63293.629,16628,60,0,0,0,0,0,8,292,5,67,0,0,0,0,0,0,0,0,0,0,0,0,0,0,0,0,0,0,0,0,0,0,208,16017,0,0,0,0
63310.288,16659,60,0,0,0,0,0,8,235,5,67,0,0,0,0,0,0,0,0,0,0,0,0,0,0,0,0,0,0,0,0,0,0,211,17657,0,0,0,0
63327.321,17032,58,0,0,0,0,0,8,1252,5,67,0,0,0,0,0,0,0,0,0,0,0,0,0,0,0,0,0,0,0,0,0,0,205,16143,0,0,0,0
63343.624,16302,61,0,0,0,0,0,8,1464,5,67,0,0,0,0,0,0,0,0,0,0,0,0,0,0,0,0,0,0,0,0,0,0,208,16532,0,0,0,0
63360.542,16917,59,0,0,0,0,0,8,298,5,67,0,0,0,0,0,0,0,0,0,0,0,0,0,0,0,0,0,0,0,0,0,0,204,17347,0,0,0,0
63377.271,16729,59,0,0,0,0,0,8,199,5,67,0,0,0,0,0,0,0,0,0,0,0,0,0,0,0,0,0,0,0,0,0,0,192,15834,0,0,0,0
63393.619,16348,61,0,0,0,0,0,8,986,5,67,0,0,0,0,0,0,0,0,0,0,0,0,0,0,0,0,0,0,0,0,0,0,198,17252,0,0,0,0
63410.563,16943,59,0,0,0,0,0,8,1410,5,67,0,0,0,0,0,0,0,0,0,0,0,0,0,0,0,0,0,0,0,0,0,0,203,16365,0,0,0,0
63427.261,16698,59,0,0,0,0,0,8,1403,5,67,0,0,0,0,0,0,0,0,0,0,0,0,0,0,0,0,0,0,0,0,0,0,210,16431,0,0,0,0
63443.715,16453,60,0,0,0,0,0,8,241,5,67,0,0,0,0,0,0,0,0,0,0,0,0,0,0,0,0,0,0,0,0,0,0,213,17206,0,0,0,0
63460.516,16800,59,0,0,0,0,0,8,264,5,67,0,0,0,0,0,0,0,0,0,0,0,0,0,0,0,0,0,0,0,0,0,0,205,15944,0,0,0,0
63477.208,16692,59,0,0,0,0,0,8,1751,5,67,0,0,0,0,0,0,0,0,0,0,0,0,0,0,0,0,0,0,0,0,0,0,213,17318,0,0,0,0
63493.567,16359,61,0,0,0,0,0,8,877,5,67,0,0,0,0,0,0,0,0,0,0,0,0,0,0,0,0,0,0,0,0,0,0,211,16690,0,0,0,0
63510.259,16692,59,0,0,0,0,0,8,249,5,67,0,0,0,0,0,0,0,0,0,0,0,0,0,0,0,0,0,0,0,0,0,0,214,16874,0,0,0,0
63528.007,17747,56,0,0,0,0,0,8,191,5,67,0,0,0,0,0,0,0,0,0,0,0,0,0,0,0,0,0,0,0,0,0,0,205,15658,0,0,0,0
63544.136,16129,61,0,0,0,0,0,8,585,5,67,0,0,0,0,0,0,0,0,0,0,0,0,0,0,0,0,0,0,0,0,0,0,223,18288,0,0,0,0
63560.516,16380,61,0,0,0,0,0,8,411,5,67,0,0,0,0,0,0,0,0,0,0,0,0,0,0,0,0,0,0,0,0,0,0,245,16186,0,0,0,0
63577.069,16553,60,0,0,0,0,0,8,222,5,67,0,0,0,0,0,0,0,0,0,0,0,0,0,0,0,0,0,0,0,0,0,0,228,16429,0,0,0,0
63593.576,16506,60,0,0,0,0,0,8,252,5,67,0,0,0,0,0,0,0,0,0,0,0,0,0,0,0,0,0,0,0,0,0,0,197,15932,0,0,0,0
63610.230,16654,60,0,0,0,0,0,8,1068,5,67,0,0,0,0,0,0,0,0,0,0,0,0,0,0,0,0,0,0,0,0,0,0,201,17510,0,0,0,0
63626.833,16603,60,0,0,0,0,0,8,239,5,67,0,0,0,0,0,0,0,0,0,0,0,0,0,0,0,0,0,0,0,0,0,0,184,15608,0,0,0,0
63643.219,16386,61,0,0,0,0,0,8,14202,5,67,0,0,0,0,0,0,0,0,0,0,0,0,0,0,0,0,0,0,0,0,0,0,202,16629,0,0,0,0
63660.366,17146,58,0,0,0,0,0,8,16893,5,67,0,0,0,0,0,0,0,0,0,0,0,0,0,0,0,0,0,0,0,0,0,0,207,16901,0,0,0,0
63724.515,64149,15,0,0,0,0,0,8,38179,49,69,0,0,0,0,0,0,0,0,0,0,0,0,0,0,0,0,0,0,0,0,0,0,271547,79668,0,0,0,0
63735.209,10693,93,0,0,0,0,0,8,74073,44,69,0,0,0,0,0,0,0,0,0,0,0,0,0,0,0,0,0,0,0,0,0,0,417,9938,0,0,0,0
63752.160,16951,58,0,0,0,0,0,8,37178,44,69,0,0,0,0,0,0,0,0,0,0,0,0,0,0,0,0,0,0,0,0,0,0,259,5898,0,0,0,0
63768.510,16349,61,0,0,0,0,0,8,37146,44,69,0,0,0,0,0,0,0,0,0,0,0,0,0,0,0,0,0,0,0,0,0,0,341,17762,0,0,0,0
63785.529,17018,58,0,0,0,0,0,8,38270,44,69,0,0,0,0,0,0,0,0,0,0,0,0,0,0,0,0,0,0,0,0,0,0,320,16281,0,0,0,0
63802.113,16584,60,0,0,0,0,0,8,38789,44,69,0,0,0,0,0,0,0,0,0,0,0,0,0,0,0,0,0,0,0,0,0,0,336,17213,0,0,0,0
63818.375,16261,61,0,0,0,0,0,8,37150,44,69,0,0,0,0,0,0,0,0,0,0,0,0,0,0,0,0,0,0,0,0,0,0,332,16066,0,0,0,0
63835.993,17618,56,0,0,0,0,0,8,38445,44,69,0,0,0,0,0,0,0,0,0,0,0,0,0,0,0,0,0,0,0,0,0,0,333,16417,0,0,0,0
63852.099,16105,62,0,0,0,0,0,8,35199,44,69,0,0,0,0,0,0,0,0,0,0,0,0,0,0,0,0,0,0,0,0,0,0,322,17820,0,0,0,0
63868.802,16703,59,0,0,0,0,0,8,34932,44,69,0,0,0,0,0,0,0,0,0,0,0,0,0,0,0,0,0,0,0,0,0,0,332,15878,0,0,0,0
63885.232,16429,60,0,0,0,0,0,8,33923,44,69,0,0,0,0,0,0,0,0,0,0,0,0,0,0,0,0,0,0,0,0,0,0,327,16976,0,0,0,0
63902.509,17276,57,0,0,0,0,0,8,33864,44,69,0,0,0,0,0,0,0,0,0,0,0,0,0,0,0,0,0,0,0,0,0,0,351,15838,0,0,0,0
63918.827,16318,61,0,0,0,0,0,8,33922,44,69,0,0,0,0,0,0,0,0,0,0,0,0,0,0,0,0,0,0,0,0,0,0,335,17407,0,0,0,0
63935.255,16429,60,0,0,0,0,0,8,33986,44,69,0,0,0,0,0,0,0,0,0,0,0,0,0,0,0,0,0,0,0,0,0,0,328,16236,0,0,0,0
63952.080,16824,59,0,0,0,0,0,8,35655,44,69,0,0,0,0,0,0,0,0,0,0,0,0,0,0,0,0,0,0,0,0,0,0,314,16734,0,0,0,0
63968.522,16442,60,0,0,0,0,0,8,32764,44,69,0,0,0,0,0,0,0,0,0,0,0,0,0,0,0,0,0,0,0,0,0,0,330,16688,0,0,0,0
63985.613,17091,58,0,0,0,0,0,8,32659,44,69,0,0,0,0,0,0,0,0,0,0,0,0,0,0,0,0,0,0,0,0,0,0,333,16515,0,0,0,0
64002.107,16493,60,0,0,0,0,0,8,32329,44,69,0,0,0,0,0,0,0,0,0,0,0,0,0,0,0,0,0,0,0,0,0,0,321,16648,0,0,0,0
64018.993,16885,59,0,0,0,0,0,8,30445,44,69,0,0,0,0,0,0,0,0,0,0,0,0,0,0,0,0,0,0,0,0,0,0,331,16577,0,0,0,0
64035.998,17005,58,0,0,0,0,0,8,29714,44,69,0,0,0,0,0,0,0,0,0,0,0,0,0,0,0,0,0,0,0,0,0,0,321,15910,0,0,0,0
64052.159,16161,61,0,0,0,0,0,8,30387,44,69,0,0,0,0,0,0,0,0,0,0,0,0,0,0,0,0,0,0,0,0,0,0,331,17290,0,0,0,0
64068.612,16452,60,0,0,0,0,0,8,30142,44,69,0,0,0,0,0,0,0,0,0,0,0,0,0,0,0,0,0,0,0,0,0,0,338,17725,0,0,0,0
64085.207,16595,60,0,0,0,0,0,8,30397,44,69,0,0,0,0,0,0,0,0,0,0,0,0,0,0,0,0,0,0,0,0,0,0,325,15484,0,0,0,0
64102.126,16918,59,0,0,0,0,0,8,31430,44,69,0,0,0,0,0,0,0,0,0,0,0,0,0,0,0,0,0,0,0,0,0,0,338,16982,0,0,0,0
64119.005,16879,59,0,0,0,0,0,8,31144,44,69,0,0,0,0,0,0,0,0,0,0,0,0,0,0,0,0,0,0,0,0,0,0,336,16464,0,0,0,0
64134.773,15767,63,0,0,0,0,0,8,31298,44,69,0,0,0,0,0,0,0,0,0,0,0,0,0,0,0,0,0,0,0,0,0,0,340,16030,0,0,0,0
64152.278,17505,57,0,0,0,0,0,8,31222,44,69,0,0,0,0,0,0,0,0,0,0,0,0,0,0,0,0,0,0,0,0,0,0,335,17044,0,0,0,0
64169.095,16817,59,0,0,0,0,0,8,31337,44,69,0,0,0,0,0,0,0,0,0,0,0,0,0,0,0,0,0,0,0,0,0,0,305,17139,0,0,0,0
64185.224,16128,62,0,0,0,0,0,8,31380,44,69,0,0,0,0,0,0,0,0,0,0,0,0,0,0,0,0,0,0,0,0,0,0,337,17815,0,0,0,0
64202.105,16880,59,0,0,0,0,0,8,31304,44,69,0,0,0,0,0,0,0,0,0,0,0,0,0,0,0,0,0,0,0,0,0,0,309,15192,0,0,0,0
64218.955,16850,59,0,0,0,0,0,8,31363,44,69,0,0,0,0,0,0,0,0,0,0,0,0,0,0,0,0,0,0,0,0,0,0,329,16938,0,0,0,0
64235.794,16839,59,0,0,0,0,0,8,31534,44,69,0,0,0,0,0,0,0,0,0,0,0,0,0,0,0,0,0,0,0,0,0,0,340,17848,0,0,0,0
64252.207,16413,60,0,0,0,0,0,8,33125,44,69,0,0,0,0,0,0,0,0,0,0,0,0,0,0,0,0,0,0,0,0,0,0,321,16252,0,0,0,0
64268.873,16665,60,0,0,0,0,0,8,32385,44,69,0,0,0,0,0,0,0,0,0,0,0,0,0,0,0,0,0,0,0,0,0,0,333,15880,0,0,0,0
64285.993,17120,58,0,0,0,0,0,8,31877,44,69,0,0,0,0,0,0,0,0,0,0,0,0,0,0,0,0,0,0,0,0,0,0,308,16690,0,0,0,0
64302.548,16555,60,0,0,0,0,0,8,32244,44,69,0,0,0,0,0,0,0,0,0,0,0,0,0,0,0,0,0,0,0,0,0,0,339,16320,0,0,0,0
64318.915,16366,61,0,0,0,0,0,8,31938,44,69,0,0,0,0,0,0,0,0,0,0,0,0,0,0,0,0,0,0,0,0,0,0,300,17370,0,0,0,0
64335.499,16584,60,0,0,0,0,0,8,31842,44,69,0,0,0,0,0,0,0,0,0,0,0,0,0,0,0,0,0,0,0,0,0,0,328,16362,0,0,0,0
64352.502,17003,58,0,0,0,0,0,8,31538,44,69,0,0,0,0,0,0,0,0,0,0,0,0,0,0,0,0,0,0,0,0,0,0,337,16850,0,0,0,0
64369.044,16541,60,0,0,0,0,0,8,31570,44,69,0,0,0,0,0,0,0,0,0,0,0,0,0,0,0,0,0,0,0,0,0,0,328,16929,0,0,0,0
64384.998,15954,62,0,0,0,0,0,8,31753,44,69,0,0,0,0,0,0,0,0,0,0,0,0,0,0,0,0,0,0,0,0,0,0,331,16212,0,0,0,0
64402.514,17515,57,0,0,0,0,0,8,31610,44,69,0,0,0,0,0,0,0,0,0,0,0,0,0,0,0,0,0,0,0,0,0,0,334,15272,0,0,0,0
64419.071,16557,60,0,0,0,0,0,8,31465,44,69,0,0,0,0,0,0,0,0,0,0,0,0,0,0,0,0,0,0,0,0,0,0,335,18276,0,0,0,0
64435.710,16639,60,0,0,0,0,0,8,31429,44,69,0,0,0,0,0,0,0,0,0,0,0,0,0,0,0,0,0,0,0,0,0,0,336,17611,0,0,0,0
64452.153,16442,60,0,0,0,0,0,8,31358,44,69,0,0,0,0,0,0,0,0,0,0,0,0,0,0,0,0,0,0,0,0,0,0,336,15737,0,0,0,0
64469.002,16849,59,0,0,0,0,0,8,31390,44,69,0,0,0,0,0,0,0,0,0,0,0,0,0,0,0,0,0,0,0,0,0,0,316,16186,0,0,0,0
64485.181,16178,61,0,0,0,0,0,8,31243,44,69,0,0,0,0,0,0,0,0,0,0,0,0,0,0,0,0,0,0,0,0,0,0,343,16032,0,0,0,0
64502.530,17349,57,0,0,0,0,0,8,31331,44,69,0,0,0,0,0,0,0,0,0,0,0,0,0,0,0,0,0,0,0,0,0,0,330,17151,0,0,0,0
64518.321,15790,63,0,0,0,0,0,8,29320,44,69,0,0,0,0,0,0,0,0,0,0,0,0,0,0,0,0,0,0,0,0,0,0,343,17762,0,0,0,0
64535.989,17667,56,0,0,0,0,0,8,29142,44,69,0,0,0,0,0,0,0,0,0,0,0,0,0,0,0,0,0,0,0,0,0,0,333,15652,0,0,0,0
64552.121,16132,61,0,0,0,0,0,8,29376,44,69,0,0,0,0,0,0,0,0,0,0,0,0,0,0,0,0,0,0,0,0,0,0,360,16638,0,0,0,0
64568.457,16335,61,0,0,0,0,0,8,28750,44,69,0,0,0,0,0,0,0,0,0,0,0,0,0,0,0,0,0,0,0,0,0,0,321,16739,0,0,0,0
64585.577,17120,58,0,0,0,0,0,8,28559,44,69,0,0,0,0,0,0,0,0,0,0,0,0,0,0,0,0,0,0,0,0,0,0,301,16216,0,0,0,0
64601.991,16413,60,0,0,0,0,0,8,28766,44,69,0,0,0,0,0,0,0,0,0,0,0,0,0,0,0,0,0,0,0,0,0,0,310,17373,0,0,0,0
64618.995,17003,58,0,0,0,0,0,8,28595,44,69,0,0,0,0,0,0,0,0,0,0,0,0,0,0,0,0,0,0,0,0,0,0,295,16283,0,0,0,0
64635.671,16676,59,0,0,0,0,0,8,28388,44,69,0,0,0,0,0,0,0,0,0,0,0,0,0,0,0,0,0,0,0,0,0,0,333,16261,0,0,0,0
64652.266,16595,60,0,0,0,0,0,8,28049,44,69,0,0,0,0,0,0,0,0,0,0,0,0,0,0,0,0,0,0,0,0,0,0,329,17623,0,0,0,0
64668.719,16452,60,0,0,0,0,0,8,27865,44,69,0,0,0,0,0,0,0,0,0,0,0,0,0,0,0,0,0,0,0,0,0,0,336,16397,0,0,0,0
64685.002,16283,61,0,0,0,0,0,8,27464,44,69,0,0,0,0,0,0,0,0,0,0,0,0,0,0,0,0,0,0,0,0,0,0,330,16390,0,0,0,0
64701.664,16661,60,0,0,0,0,0,8,27428,44,69,0,0,0,0,0,0,0,0,0,0,0,0,0,0,0,0,0,0,0,0,0,0,342,16414,0,0,0,0
64718.724,17059,58,0,0,0,0,0,8,27174,44,69,0,0,0,0,0,0,0,0,0,0,0,0,0,0,0,0,0,0,0,0,0,0,334,16352,0,0,0,0
64735.234,16510,60,0,0,0,0,0,8,27218,44,69,0,0,0,0,0,0,0,0,0,0,0,0,0,0,0,0,0,0,0,0,0,0,320,17071,0,0,0,0
64752.509,17274,57,0,0,0,0,0,8,27003,44,69,0,0,0,0,0,0,0,0,0,0,0,0,0,0,0,0,0,0,0,0,0,0,313,16639,0,0,0,0
64768.308,15800,63,0,0,0,0,0,8,27043,44,69,0,0,0,0,0,0,0,0,0,0,0,0,0,0,0,0,0,0,0,0,0,0,322,17148,0,0,0,0
64785.985,17676,56,0,0,0,0,0,8,28121,44,69,0,0,0,0,0,0,0,0,0,0,0,0,0,0,0,0,0,0,0,0,0,0,332,15964,0,0,0,0
64801.957,15971,62,0,0,0,0,0,8,27189,44,69,0,0,0,0,0,0,0,0,0,0,0,0,0,0,0,0,0,0,0,0,0,0,348,17763,0,0,0,0
64818.517,16560,60,0,0,0,0,0,8,26862,44,69,0,0,0,0,0,0,0,0,0,0,0,0,0,0,0,0,0,0,0,0,0,0,315,15668,0,0,0,0
64835.985,17467,57,0,0,0,0,0,8,26809,44,69,0,0,0,0,0,0,0,0,0,0,0,0,0,0,0,0,0,0,0,0,0,0,316,17002,0,0,0,0
64852.253,16268,61,0,0,0,0,0,8,26933,44,69,0,0,0,0,0,0,0,0,0,0,0,0,0,0,0,0,0,0,0,0,0,0,346,17133,0,0,0,0
64868.990,16737,59,0,0,0,0,0,8,26613,44,69,0,0,0,0,0,0,0,0,0,0,0,0,0,0,0,0,0,0,0,0,0,0,318,16155,0,0,0,0
64885.576,16585,60,0,0,0,0,0,8,26934,44,69,0,0,0,0,0,0,0,0,0,0,0,0,0,0,0,0,0,0,0,0,0,0,329,17124,0,0,0,0
64902.146,16570,60,0,0,0,0,0,8,26838,44,69,0,0,0,0,0,0,0,0,0,0,0,0,0,0,0,0,0,0,0,0,0,0,322,16137,0,0,0,0
64918.104,15958,62,0,0,0,0,0,8,26721,44,69,0,0,0,0,0,0,0,0,0,0,0,0,0,0,0,0,0,0,0,0,0,0,379,17539,0,0,0,0
64935.762,17658,56,0,0,0,0,0,8,27292,44,69,0,0,0,0,0,0,0,0,0,0,0,0,0,0,0,0,0,0,0,0,0,0,345,15303,0,0,0,0
64952.166,16403,60,0,0,0,0,0,8,26845,44,69,0,0,0,0,0,0,0,0,0,0,0,0,0,0,0,0,0,0,0,0,0,0,328,17327,0,0,0,0
64968.824,16658,60,0,0,0,0,0,8,27288,44,69,0,0,0,0,0,0,0,0,0,0,0,0,0,0,0,0,0,0,0,0,0,0,328,16693,0,0,0,0
64985.386,16561,60,0,0,0,0,0,8,27061,44,69,0,0,0,0,0,0,0,0,0,0,0,0,0,0,0,0,0,0,0,0,0,0,330,16411,0,0,0,0
65002.780,17394,57,0,0,0,0,0,8,27158,44,69,0,0,0,0,0,0,0,0,0,0,0,0,0,0,0,0,0,0,0,0,0,0,338,16831,0,0,0,0
65018.698,15918,62,0,0,0,0,0,8,26821,44,69,0,0,0,0,0,0,0,0,0,0,0,0,0,0,0,0,0,0,0,0,0,0,325,17497,0,0,0,0
65035.985,17286,57,0,0,0,0,0,8,27988,44,69,0,0,0,0,0,0,0,0,0,0,0,0,0,0,0,0,0,0,0,0,0,0,316,15943,0,0,0,0
65052.124,16139,61,0,0,0,0,0,8,28544,44,69,0,0,0,0,0,0,0,0,0,0,0,0,0,0,0,0,0,0,0,0,0,0,356,16116,0,0,0,0
65068.579,16455,60,0,0,0,0,0,8,27499,44,69,0,0,0,0,0,0,0,0,0,0,0,0,0,0,0,0,0,0,0,0,0,0,339,17098,0,0,0,0
65085.548,16968,58,0,0,0,0,0,8,28567,44,69,0,0,0,0,0,0,0,0,0,0,0,0,0,0,0,0,0,0,0,0,0,0,335,16337,0,0,0,0
65102.244,16695,59,0,0,0,0,0,8,28292,44,69,0,0,0,0,0,0,0,0,0,0,0,0,0,0,0,0,0,0,0,0,0,0,341,17005,0,0,0,0
65118.780,16535,60,0,0,0,0,0,8,28181,44,69,0,0,0,0,0,0,0,0,0,0,0,0,0,0,0,0,0,0,0,0,0,0,346,16625,0,0,0,0
65135.211,16431,60,0,0,0,0,0,8,28161,44,69,0,0,0,0,0,0,0,0,0,0,0,0,0,0,0,0,0,0,0,0,0,0,333,16857,0,0,0,0
65151.993,16781,59,0,0,0,0,0,8,29657,44,69,0,0,0,0,0,0,0,0,0,0,0,0,0,0,0,0,0,0,0,0,0,0,320,16071,0,0,0,0
65168.989,16996,58,0,0,0,0,0,8,27424,44,69,0,0,0,0,0,0,0,0,0,0,0,0,0,0,0,0,0,0,0,0,0,0,354,17269,0,0,0,0
65185.090,16101,62,0,0,0,0,0,8,27409,44,69,0,0,0,0,0,0,0,0,0,0,0,0,0,0,0,0,0,0,0,0,0,0,327,16809,0,0,0,0
65202.084,16993,58,0,0,0,0,0,8,28501,44,69,0,0,0,0,0,0,0,0,0,0,0,0,0,0,0,0,0,0,0,0,0,0,323,16120,0,0,0,0
65218.705,16620,60,0,0,0,0,0,8,28144,44,69,0,0,0,0,0,0,0,0,0,0,0,0,0,0,0,0,0,0,0,0,0,0,328,16915,0,0,0,0
65235.981,17275,57,0,0,0,0,0,8,29596,44,69,0,0,0,0,0,0,0,0,0,0,0,0,0,0,0,0,0,0,0,0,0,0,308,16313,0,0,0,0
65252.127,16146,61,0,0,0,0,0,8,31029,44,69,0,0,0,0,0,0,0,0,0,0,0,0,0,0,0,0,0,0,0,0,0,0,328,16710,0,0,0,0
65268.807,16679,59,0,0,0,0,0,8,30627,44,69,0,0,0,0,0,0,0,0,0,0,0,0,0,0,0,0,0,0,0,0,0,0,330,17432,0,0,0,0
65285.348,16541,60,0,0,0,0,0,8,31732,44,69,0,0,0,0,0,0,0,0,0,0,0,0,0,0,0,0,0,0,0,0,0,0,334,16709,0,0,0,0
65301.918,16570,60,0,0,0,0,0,8,32337,44,69,0,0,0,0,0,0,0,0,0,0,0,0,0,0,0,0,0,0,0,0,0,0,338,16104,0,0,0,0
65319.061,17142,58,0,0,0,0,0,8,32782,44,69,0,0,0,0,0,0,0,0,0,0,0,0,0,0,0,0,0,0,0,0,0,0,319,16501,0,0,0,0
65335.236,16175,61,0,0,0,0,0,8,34130,44,69,0,0,0,0,0,0,0,0,0,0,0,0,0,0,0,0,0,0,0,0,0,0,325,17151,0,0,0,0
65352.504,17268,57,0,0,0,0,0,8,39149,44,69,0,0,0,0,0,0,0,0,0,0,0,0,0,0,0,0,0,0,0,0,0,0,341,16868,0,0,0,0
65369.045,16540,60,0,0,0,0,0,8,35267,44,69,0,0,0,0,0,0,0,0,0,0,0,0,0,0,0,0,0,0,0,0,0,0,324,16832,0,0,0,0
65385.208,16163,61,0,0,0,0,0,8,31984,44,69,0,0,0,0,0,0,0,0,0,0,0,0,0,0,0,0,0,0,0,0,0,0,317,16043,0,0,0,0
65402.098,16890,59,0,0,0,0,0,8,30732,44,69,0,0,0,0,0,0,0,0,0,0,0,0,0,0,0,0,0,0,0,0,0,0,336,16316,0,0,0,0
65419.056,16957,58,0,0,0,0,0,8,30980,44,69,0,0,0,0,0,0,0,0,0,0,0,0,0,0,0,0,0,0,0,0,0,0,347,17407,0,0,0,0
65435.705,16649,60,0,0,0,0,0,8,31295,44,69,0,0,0,0,0,0,0,0,0,0,0,0,0,0,0,0,0,0,0,0,0,0,319,16328,0,0,0,0
65452.247,16541,60,0,0,0,0,0,8,31143,44,69,0,0,0,0,0,0,0,0,0,0,0,0,0,0,0,0,0,0,0,0,0,0,330,16918,0,0,0,0
65468.791,16543,60,0,0,0,0,0,8,31334,44,69,0,0,0,0,0,0,0,0,0,0,0,0,0,0,0,0,0,0,0,0,0,0,338,16504,0,0,0,0
65485.598,16807,59,0,0,0,0,0,8,31174,44,69,0,0,0,0,0,0,0,0,0,0,0,0,0,0,0,0,0,0,0,0,0,0,320,16288,0,0,0,0
65501.623,16025,62,0,0,0,0,0,8,30994,44,69,0,0,0,0,0,0,0,0,0,0,0,0,0,0,0,0,0,0,0,0,0,0,345,17168,0,0,0,0
65518.717,17093,58,0,0,0,0,0,8,21904,44,69,0,0,0,0,0,0,0,0,0,0,0,0,0,0,0,0,0,0,0,0,0,0,333,15500,0,0,0,0
65535.235,16518,60,0,0,0,0,0,8,22010,44,69,0,0,0,0,0,0,0,0,0,0,0,0,0,0,0,0,0,0,0,0,0,0,315,17096,0,0,0,0
65552.378,17143,58,0,0,0,0,0,8,21628,44,69,0,0,0,0,0,0,0,0,0,0,0,0,0,0,0,0,0,0,0,0,0,0,345,16255,0,0,0,0
65568.817,16439,60,0,0,0,0,0,8,20564,44,69,0,0,0,0,0,0,0,0,0,0,0,0,0,0,0,0,0,0,0,0,0,0,330,17154,0,0,0,0
65585.527,16709,59,0,0,0,0,0,8,20771,44,69,0,0,0,0,0,0,0,0,0,0,0,0,0,0,0,0,0,0,0,0,0,0,331,16390,0,0,0,0
65602.127,16600,60,0,0,0,0,0,8,21121,44,69,0,0,0,0,0,0,0,0,0,0,0,0,0,0,0,0,0,0,0,0,0,0,337,16983,0,0,0,0
65618.988,16860,59,0,0,0,0,0,8,21248,44,69,0,0,0,0,0,0,0,0,0,0,0,0,0,0,0,0,0,0,0,0,0,0,328,16592,0,0,0,0
65635.184,16195,61,0,0,0,0,0,8,22006,44,69,0,0,0,0,0,0,0,0,0,0,0,0,0,0,0,0,0,0,0,0,0,0,340,15929,0,0,0,0
65652.503,17319,57,0,0,0,0,0,8,22187,44,69,0,0,0,0,0,0,0,0,0,0,0,0,0,0,0,0,0,0,0,0,0,0,342,17117,0,0,0,0
65668.975,16472,60,0,0,0,0,0,8,22795,44,69,0,0,0,0,0,0,0,0,0,0,0,0,0,0,0,0,0,0,0,0,0,0,324,17428,0,0,0,0
65685.207,16231,61,0,0,0,0,0,8,23733,44,69,0,0,0,0,0,0,0,0,0,0,0,0,0,0,0,0,0,0,0,0,0,0,342,15661,0,0,0,0
65702.521,17314,57,0,0,0,0,0,8,24612,44,69,0,0,0,0,0,0,0,0,0,0,0,0,0,0,0,0,0,0,0,0,0,0,336,17230,0,0,0,0
65718.986,16464,60,0,0,0,0,0,8,25364,44,69,0,0,0,0,0,0,0,0,0,0,0,0,0,0,0,0,0,0,0,0,0,0,349,17850,0,0,0,0
65735.404,16418,60,0,0,0,0,0,8,26399,44,69,0,0,0,0,0,0,0,0,0,0,0,0,0,0,0,0,0,0,0,0,0,0,340,16184,0,0,0,0
65752.118,16714,59,0,0,0,0,0,8,27463,44,69,0,0,0,0,0,0,0,0,0,0,0,0,0,0,0,0,0,0,0,0,0,0,324,16156,0,0,0,0
65768.712,16594,60,0,0,0,0,0,8,36380,44,69,0,0,0,0,0,0,0,0,0,0,0,0,0,0,0,0,0,0,0,0,0,0,307,17558,0,0,0,0
65785.241,16528,60,0,0,0,0,0,8,35745,44,69,0,0,0,0,0,0,0,0,0,0,0,0,0,0,0,0,0,0,0,0,0,0,322,16508,0,0,0,0
65801.805,16563,60,0,0,0,0,0,8,37158,44,69,0,0,0,0,0,0,0,0,0,0,0,0,0,0,0,0,0,0,0,0,0,0,332,16718,0,0,0,0
65818.979,17174,58,0,0,0,0,0,8,40444,44,69,0,0,0,0,0,0,0,0,0,0,0,0,0,0,0,0,0,0,0,0,0,0,338,17110,0,0,0,0
65835.423,16444,60,0,0,0,0,0,8,44650,44,69,0,0,0,0,0,0,0,0,0,0,0,0,0,0,0,0,0,0,0,0,0,0,330,17582,0,0,0,0
65852.924,17501,57,0,0,0,0,0,8,46140,44,69,0,0,0,0,0,0,0,0,0,0,0,0,0,0,0,0,0,0,0,0,0,0,331,17607,0,0,0,0
65868.770,15845,63,0,0,0,0,0,8,45338,44,69,0,0,0,0,0,0,0,0,0,0,0,0,0,0,0,0,0,0,0,0,0,0,331,16683,0,0,0,0
65885.201,16424,60,0,0,0,0,0,8,46562,44,69,0,0,0,0,0,0,0,0,0,0,0,0,0,0,0,0,0,0,0,0,0,0,299,16279,0,0,0,0
65902.124,16928,59,0,0,0,0,0,8,48477,44,69,0,0,0,0,0,0,0,0,0,0,0,0,0,0,0,0,0,0,0,0,0,0,361,17559,0,0,0,0
65919.043,16919,59,0,0,0,0,0,8,49860,44,69,0,0,0,0,0,0,0,0,0,0,0,0,0,0,0,0,0,0,0,0,0,0,336,19433,0,0,0,0
65935.256,16212,61,0,0,0,0,0,8,52151,44,69,0,0,0,0,0,0,0,0,0,0,0,0,0,0,0,0,0,0,0,0,0,0,301,15182,0,0,0,0
65952.541,17285,57,0,0,0,0,0,8,52547,44,69,0,0,0,0,0,0,0,0,0,0,0,0,0,0,0,0,0,0,0,0,0,0,296,17824,0,0,0,0
65969.013,16472,60,0,0,0,0,0,8,54261,44,69,0,0,0,0,0,0,0,0,0,0,0,0,0,0,0,0,0,0,0,0,0,0,321,17641,0,0,0,0
65985.569,16555,60,0,0,0,0,0,8,56109,44,69,0,0,0,0,0,0,0,0,0,0,0,0,0,0,0,0,0,0,0,0,0,0,304,15784,0,0,0,0
66002.101,16531,60,0,0,0,0,0,8,57870,44,69,0,0,0,0,0,0,0,0,0,0,0,0,0,0,0,0,0,0,0,0,0,0,309,14537,0,0,0,0
66018.796,16695,59,0,0,0,0,0,8,59409,44,69,0,0,0,0,0,0,0,0,0,0,0,0,0,0,0,0,0,0,0,0,0,0,301,16750,0,0,0,0
66035.337,16541,60,0,0,0,0,0,8,60505,44,69,0,0,0,0,0,0,0,0,0,0,0,0,0,0,0,0,0,0,0,0,0,0,324,17059,0,0,0,0
66052.062,16724,59,0,0,0,0,0,8,63104,44,69,0,0,0,0,0,0,0,0,0,0,0,0,0,0,0,0,0,0,0,0,0,0,302,16534,0,0,0,0
66068.735,16672,59,0,0,0,0,0,8,65062,44,69,0,0,0,0,0,0,0,0,0,0,0,0,0,0,0,0,0,0,0,0,0,0,310,17273,0,0,0,0
66085.150,16415,60,0,0,0,0,0,8,65879,44,69,0,0,0,0,0,0,0,0,0,0,0,0,0,0,0,0,0,0,0,0,0,0,294,16395,0,0,0,0
66101.879,16729,59,0,0,0,0,0,8,65863,44,69,0,0,0,0,0,0,0,0,0,0,0,0,0,0,0,0,0,0,0,0,0,0,289,19224,0,0,0,0
66118.668,16788,59,0,0,0,0,0,8,65903,44,69,0,0,0,0,0,0,0,0,0,0,0,0,0,0,0,0,0,0,0,0,0,0,271,13010,0,0,0,0
66135.982,17313,57,0,0,0,0,0,8,66773,44,69,0,0,0,0,0,0,0,0,0,0,0,0,0,0,0,0,0,0,0,0,0,0,300,17761,0,0,0,0
66152.223,16241,61,0,0,0,0,0,8,66193,44,69,0,0,0,0,0,0,0,0,0,0,0,0,0,0,0,0,0,0,0,0,0,0,311,16175,0,0,0,0
66168.993,16769,59,0,0,0,0,0,8,66375,44,69,0,0,0,0,0,0,0,0,0,0,0,0,0,0,0,0,0,0,0,0,0,0,340,17610,0,0,0,0
66185.243,16249,61,0,0,0,0,0,8,66923,44,69,0,0,0,0,0,0,0,0,0,0,0,0,0,0,0,0,0,0,0,0,0,0,303,17861,0,0,0,0
66201.920,16676,59,0,0,0,0,0,8,66382,44,69,0,0,0,0,0,0,0,0,0,0,0,0,0,0,0,0,0,0,0,0,0,0,275,13479,0,0,0,0
66218.981,17061,58,0,0,0,0,0,8,66530,44,69,0,0,0,0,0,0,0,0,0,0,0,0,0,0,0,0,0,0,0,0,0,0,310,16864,0,0,0,0
66235.348,16367,61,0,0,0,0,0,8,66674,44,69,0,0,0,0,0,0,0,0,0,0,0,0,0,0,0,0,0,0,0,0,0,0,320,16572,0,0,0,0
66252.124,16775,59,0,0,0,0,0,8,66650,44,69,0,0,0,0,0,0,0,0,0,0,0,0,0,0,0,0,0,0,0,0,0,0,320,17335,0,0,0,0
66268.981,16856,59,0,0,0,0,0,8,66752,44,69,0,0,0,0,0,0,0,0,0,0,0,0,0,0,0,0,0,0,0,0,0,0,335,18208,0,0,0,0
66285.164,16183,61,0,0,0,0,0,8,66562,44,69,0,0,0,0,0,0,0,0,0,0,0,0,0,0,0,0,0,0,0,0,0,0,314,15197,0,0,0,0
66302.250,17086,58,0,0,0,0,0,8,67108,44,69,0,0,0,0,0,0,0,0,0,0,0,0,0,0,0,0,0,0,0,0,0,0,310,17668,0,0,0,0
66318.573,16322,61,0,0,0,0,0,8,66701,44,69,0,0,0,0,0,0,0,0,0,0,0,0,0,0,0,0,0,0,0,0,0,0,331,21082,0,0,0,0
66335.733,17160,58,0,0,0,0,0,8,64879,44,69,0,0,0,0,0,0,0,0,0,0,0,0,0,0,0,0,0,0,0,0,0,0,296,10954,0,0,0,0
66352.506,16773,59,0,0,0,0,0,8,65218,44,69,0,0,0,0,0,0,0,0,0,0,0,0,0,0,0,0,0,0,0,0,0,0,317,16688,0,0,0,0
66368.765,16258,61,0,0,0,0,0,8,64905,44,69,0,0,0,0,0,0,0,0,0,0,0,0,0,0,0,0,0,0,0,0,0,0,321,16585,0,0,0,0
66385.489,16723,59,0,0,0,0,0,8,65314,44,69,0,0,0,0,0,0,0,0,0,0,0,0,0,0,0,0,0,0,0,0,0,0,315,21416,0,0,0,0
66402.489,17000,58,0,0,0,0,0,8,65563,44,69,0,0,0,0,0,0,0,0,0,0,0,0,0,0,0,0,0,0,0,0,0,0,294,13524,0,0,0,0
66419.019,16529,60,0,0,0,0,0,8,66511,44,69,0,0,0,0,0,0,0,0,0,0,0,0,0,0,0,0,0,0,0,0,0,0,326,16736,0,0,0,0
66435.990,16971,58,0,0,0,0,0,8,66335,44,69,0,0,0,0,0,0,0,0,0,0,0,0,0,0,0,0,0,0,0,0,0,0,306,16481,0,0,0,0
66452.157,16166,61,0,0,0,0,0,8,66351,44,69,0,0,0,0,0,0,0,0,0,0,0,0,0,0,0,0,0,0,0,0,0,0,324,17942,0,0,0,0
66468.993,16835,59,0,0,0,0,0,8,65947,44,69,0,0,0,0,0,0,0,0,0,0,0,0,0,0,0,0,0,0,0,0,0,0,304,14338,0,0,0,0
66485.248,16255,61,0,0,0,0,0,8,65906,44,69,0,0,0,0,0,0,0,0,0,0,0,0,0,0,0,0,0,0,0,0,0,0,323,18996,0,0,0,0
66502.071,16822,59,0,0,0,0,0,8,65720,44,69,0,0,0,0,0,0,0,0,0,0,0,0,0,0,0,0,0,0,0,0,0,0,291,14119,0,0,0,0
66518.642,16571,60,0,0,0,0,0,8,66642,44,69,0,0,0,0,0,0,0,0,0,0,0,0,0,0,0,0,0,0,0,0,0,0,300,16439,0,0,0,0
66535.658,17016,58,0,0,0,0,0,8,67771,44,69,0,0,0,0,0,0,0,0,0,0,0,0,0,0,0,0,0,0,0,0,0,0,327,17893,0,0,0,0
66552.098,16440,60,0,0,0,0,0,8,67488,44,69,0,0,0,0,0,0,0,0,0,0,0,0,0,0,0,0,0,0,0,0,0,0,307,16399,0,0,0,0
66568.613,16514,60,0,0,0,0,0,8,68292,44,69,0,0,0,0,0,0,0,0,0,0,0,0,0,0,0,0,0,0,0,0,0,0,330,16931,0,0,0,0
66585.985,17372,57,0,0,0,0,0,8,67929,44,69,0,0,0,0,0,0,0,0,0,0,0,0,0,0,0,0,0,0,0,0,0,0,304,15473,0,0,0,0
66602.973,16988,58,0,0,0,0,0,8,67425,44,69,0,0,0,0,0,0,0,0,0,0,0,0,0,0,0,0,0,0,0,0,0,0,324,20650,0,0,0,0
66619.016,16042,62,0,0,0,0,0,8,67445,44,69,0,0,0,0,0,0,0,0,0,0,0,0,0,0,0,0,0,0,0,0,0,0,317,15665,0,0,0,0
66635.255,16239,61,0,0,0,0,0,8,68312,44,69,0,0,0,0,0,0,0,0,0,0,0,0,0,0,0,0,0,0,0,0,0,0,306,14929,0,0,0,0
66652.490,17234,58,0,0,0,0,0,8,67903,44,69,0,0,0,0,0,0,0,0,0,0,0,0,0,0,0,0,0,0,0,0,0,0,306,16417,0,0,0,0
66668.972,16482,60,0,0,0,0,0,8,67714,44,69,0,0,0,0,0,0,0,0,0,0,0,0,0,0,0,0,0,0,0,0,0,0,295,16118,0,0,0,0
66685.496,16523,60,0,0,0,0,0,8,67695,44,69,0,0,0,0,0,0,0,0,0,0,0,0,0,0,0,0,0,0,0,0,0,0,306,16801,0,0,0,0
66702.439,16943,59,0,0,0,0,0,8,67760,44,69,0,0,0,0,0,0,0,0,0,0,0,0,0,0,0,0,0,0,0,0,0,0,325,16418,0,0,0,0
66718.222,15782,63,0,0,0,0,0,8,66837,44,69,0,0,0,0,0,0,0,0,0,0,0,0,0,0,0,0,0,0,0,0,0,0,341,18084,0,0,0,0
66735.996,17773,56,0,0,0,0,0,8,67678,44,69,0,0,0,0,0,0,0,0,0,0,0,0,0,0,0,0,0,0,0,0,0,0,344,15604,0,0,0,0
66752.088,16092,62,0,0,0,0,0,8,66591,44,69,0,0,0,0,0,0,0,0,0,0,0,0,0,0,0,0,0,0,0,0,0,0,344,18969,0,0,0,0
66768.971,16883,59,0,0,0,0,0,8,67165,44,69,0,0,0,0,0,0,0,0,0,0,0,0,0,0,0,0,0,0,0,0,0,0,291,14349,0,0,0,0
66785.971,17000,58,0,0,0,0,0,8,66877,44,69,0,0,0,0,0,0,0,0,0,0,0,0,0,0,0,0,0,0,0,0,0,0,318,15855,0,0,0,0
66802.511,16539,60,0,0,0,0,0,8,66201,44,69,0,0,0,0,0,0,0,0,0,0,0,0,0,0,0,0,0,0,0,0,0,0,342,19369,0,0,0,0
66818.621,16109,62,0,0,0,0,0,8,66821,44,69,0,0,0,0,0,0,0,0,0,0,0,0,0,0,0,0,0,0,0,0,0,0,365,16530,0,0,0,0
66835.972,17351,57,0,0,0,0,0,8,66426,44,69,0,0,0,0,0,0,0,0,0,0,0,0,0,0,0,0,0,0,0,0,0,0,304,14453,0,0,0,0
66852.971,16998,58,0,0,0,0,0,8,66574,44,69,0,0,0,0,0,0,0,0,0,0,0,0,0,0,0,0,0,0,0,0,0,0,306,17026,0,0,0,0
66868.976,16005,62,0,0,0,0,0,8,66836,44,69,0,0,0,0,0,0,0,0,0,0,0,0,0,0,0,0,0,0,0,0,0,0,314,18205,0,0,0,0
66885.666,16689,59,0,0,0,0,0,8,66722,44,69,0,0,0,0,0,0,0,0,0,0,0,0,0,0,0,0,0,0,0,0,0,0,297,14346,0,0,0,0
66902.504,16837,59,0,0,0,0,0,8,66539,44,69,0,0,0,0,0,0,0,0,0,0,0,0,0,0,0,0,0,0,0,0,0,0,308,17167,0,0,0,0
66918.685,16181,61,0,0,0,0,0,8,66509,44,69,0,0,0,0,0,0,0,0,0,0,0,0,0,0,0,0,0,0,0,0,0,0,301,16077,0,0,0,0
66935.193,16508,60,0,0,0,0,0,8,66476,44,69,0,0,0,0,0,0,0,0,0,0,0,0,0,0,0,0,0,0,0,0,0,0,305,16580,0,0,0,0
66951.930,16736,59,0,0,0,0,0,8,66884,44,69,0,0,0,0,0,0,0,0,0,0,0,0,0,0,0,0,0,0,0,0,0,0,308,17786,0,0,0,0
66968.810,16879,59,0,0,0,0,0,8,66544,44,69,0,0,0,0,0,0,0,0,0,0,0,0,0,0,0,0,0,0,0,0,0,0,292,15660,0,0,0,0
66985.169,16359,61,0,0,0,0,0,8,66561,44,69,0,0,0,0,0,0,0,0,0,0,0,0,0,0,0,0,0,0,0,0,0,0,316,16771,0,0,0,0
67002.512,17342,57,0,0,0,0,0,8,66782,44,69,0,0,0,0,0,0,0,0,0,0,0,0,0,0,0,0,0,0,0,0,0,0,286,17348,0,0,0,0
67018.530,16017,62,0,0,0,0,0,8,66723,44,69,0,0,0,0,0,0,0,0,0,0,0,0,0,0,0,0,0,0,0,0,0,0,294,17228,0,0,0,0
67035.389,16858,59,0,0,0,0,0,8,66522,44,69,0,0,0,0,0,0,0,0,0,0,0,0,0,0,0,0,0,0,0,0,0,0,309,16100,0,0,0,0
67051.615,16226,61,0,0,0,0,0,8,66358,44,69,0,0,0,0,0,0,0,0,0,0,0,0,0,0,0,0,0,0,0,0,0,0,295,16008,0,0,0,0
67068.675,17059,58,0,0,0,0,0,8,120913,44,69,0,0,0,0,0,0,0,0,0,0,0,0,0,0,0,0,0,0,0,0,0,0,0,0,0,0,0,0
67104.652,35977,27,0,0,0,0,0,8,221719,46,69,0,0,0,0,0,0,0,0,0,0,0,0,0,0,0,0,0,0,0,0,0,0,34792,60878,0,0,0,0
67118.483,13831,72,0,0,0,0,0,8,97158,44,69,0,0,0,0,0,0,0,0,0,0,0,0,0,0,0,0,0,0,0,0,0,0,215,12276,0,0,0,0
67135.543,17059,58,0,0,0,0,0,8,118692,44,69,0,0,0,0,0,0,0,0,0,0,0,0,0,0,0,0,0,0,0,0,0,0,223,7891,0,0,0,0
67152.075,16532,60,0,0,0,0,0,8,71631,44,69,0,0,0,0,0,0,0,0,0,0,0,0,0,0,0,0,0,0,0,0,0,0,422,18889,0,0,0,0
67168.629,16553,60,0,0,0,0,0,8,70995,44,69,0,0,0,0,0,0,0,0,0,0,0,0,0,0,0,0,0,0,0,0,0,0,315,17493,0,0,0,0
67185.272,16643,60,0,0,0,0,0,8,71010,44,69,0,0,0,0,0,0,0,0,0,0,0,0,0,0,0,0,0,0,0,0,0,0,290,15975,0,0,0,0
67202.221,16948,59,0,0,0,0,0,8,70662,44,69,0,0,0,0,0,0,0,0,0,0,0,0,0,0,0,0,0,0,0,0,0,0,295,16574,0,0,0,0
67218.650,16429,60,0,0,0,0,0,8,70522,44,69,0,0,0,0,0,0,0,0,0,0,0,0,0,0,0,0,0,0,0,0,0,0,309,16512,0,0,0,0
67235.480,16829,59,0,0,0,0,0,8,70632,44,69,0,0,0,0,0,0,0,0,0,0,0,0,0,0,0,0,0,0,0,0,0,0,300,16561,0,0,0,0
67252.100,16620,60,0,0,0,0,0,8,70581,44,69,0,0,0,0,0,0,0,0,0,0,0,0,0,0,0,0,0,0,0,0,0,0,334,18955,0,0,0,0
67268.571,16471,60,0,0,0,0,0,8,70756,44,69,0,0,0,0,0,0,0,0,0,0,0,0,0,0,0,0,0,0,0,0,0,0,301,15896,0,0,0,0
67285.625,17053,58,0,0,0,0,0,8,70685,44,69,0,0,0,0,0,0,0,0,0,0,0,0,0,0,0,0,0,0,0,0,0,0,317,16459,0,0,0,0
67302.243,16617,60,0,0,0,0,0,8,70685,44,69,0,0,0,0,0,0,0,0,0,0,0,0,0,0,0,0,0,0,0,0,0,0,307,16201,0,0,0,0
67318.763,16520,60,0,0,0,0,0,8,70545,44,69,0,0,0,0,0,0,0,0,0,0,0,0,0,0,0,0,0,0,0,0,0,0,313,17145,0,0,0,0
67335.268,16504,60,0,0,0,0,0,8,70765,44,69,0,0,0,0,0,0,0,0,0,0,0,0,0,0,0,0,0,0,0,0,0,0,345,15904,0,0,0,0
67351.942,16673,59,0,0,0,0,0,8,70703,44,69,0,0,0,0,0,0,0,0,0,0,0,0,0,0,0,0,0,0,0,0,0,0,322,17509,0,0,0,0
67368.965,17023,58,0,0,0,0,0,8,70647,44,69,0,0,0,0,0,0,0,0,0,0,0,0,0,0,0,0,0,0,0,0,0,0,328,19149,0,0,0,0
67385.503,16537,60,0,0,0,0,0,8,72578,44,69,0,0,0,0,0,0,0,0,0,0,0,0,0,0,0,0,0,0,0,0,0,0,293,14257,0,0,0,0
67402.101,16598,60,0,0,0,0,0,8,72354,44,69,0,0,0,0,0,0,0,0,0,0,0,0,0,0,0,0,0,0,0,0,0,0,317,15238,0,0,0,0
67418.492,16391,61,0,0,0,0,0,8,72276,44,69,0,0,0,0,0,0,0,0,0,0,0,0,0,0,0,0,0,0,0,0,0,0,318,16737,0,0,0,0
67435.192,16699,59,0,0,0,0,0,8,72456,44,69,0,0,0,0,0,0,0,0,0,0,0,0,0,0,0,0,0,0,0,0,0,0,301,16945,0,0,0,0
67451.596,16403,60,0,0,0,0,0,8,74736,44,69,0,0,0,0,0,0,0,0,0,0,0,0,0,0,0,0,0,0,0,0,0,0,303,19658,0,0,0,0
67468.580,16984,58,0,0,0,0,0,8,72354,44,69,0,0,0,0,0,0,0,0,0,0,0,0,0,0,0,0,0,0,0,0,0,0,281,13634,0,0,0,0
67485.963,17383,57,0,0,0,0,0,8,72400,44,69,0,0,0,0,0,0,0,0,0,0,0,0,0,0,0,0,0,0,0,0,0,0,316,16505,0,0,0,0
67501.837,15873,62,0,0,0,0,0,8,72748,44,69,0,0,0,0,0,0,0,0,0,0,0,0,0,0,0,0,0,0,0,0,0,0,311,16798,0,0,0,0
67518.483,16646,60,0,0,0,0,0,8,72398,44,69,0,0,0,0,0,0,0,0,0,0,0,0,0,0,0,0,0,0,0,0,0,0,311,17567,0,0,0,0
67535.475,16991,58,0,0,0,0,0,8,72515,44,69,0,0,0,0,0,0,0,0,0,0,0,0,0,0,0,0,0,0,0,0,0,0,321,15660,0,0,0,0
67552.093,16618,60,0,0,0,0,0,8,72530,44,69,0,0,0,0,0,0,0,0,0,0,0,0,0,0,0,0,0,0,0,0,0,0,303,17031,0,0,0,0
67568.842,16748,59,0,0,0,0,0,8,72496,44,69,0,0,0,0,0,0,0,0,0,0,0,0,0,0,0,0,0,0,0,0,0,0,304,17191,0,0,0,0
67585.481,16639,60,0,0,0,0,0,8,72415,44,69,0,0,0,0,0,0,0,0,0,0,0,0,0,0,0,0,0,0,0,0,0,0,283,15575,0,0,0,0
67602.480,16999,58,0,0,0,0,0,8,72506,44,69,0,0,0,0,0,0,0,0,0,0,0,0,0,0,0,0,0,0,0,0,0,0,332,16762,0,0,0,0
67618.802,16321,61,0,0,0,0,0,8,72613,44,69,0,0,0,0,0,0,0,0,0,0,0,0,0,0,0,0,0,0,0,0,0,0,315,18298,0,0,0,0
67635.216,16413,60,0,0,0,0,0,8,72431,44,69,0,0,0,0,0,0,0,0,0,0,0,0,0,0,0,0,0,0,0,0,0,0,305,16457,0,0,0,0
67651.812,16596,60,0,0,0,0,0,8,73075,44,69,0,0,0,0,0,0,0,0,0,0,0,0,0,0,0,0,0,0,0,0,0,0,294,16368,0,0,0,0
67668.485,16672,59,0,0,0,0,0,8,72509,44,69,0,0,0,0,0,0,0,0,0,0,0,0,0,0,0,0,0,0,0,0,0,0,319,16688,0,0,0,0
67685.181,16696,59,0,0,0,0,0,8,72600,44,69,0,0,0,0,0,0,0,0,0,0,0,0,0,0,0,0,0,0,0,0,0,0,292,15323,0,0,0,0
67701.967,16786,59,0,0,0,0,0,8,72510,44,69,0,0,0,0,0,0,0,0,0,0,0,0,0,0,0,0,0,0,0,0,0,0,321,17484,0,0,0,0
67718.517,16550,60,0,0,0,0,0,8,72279,44,69,0,0,0,0,0,0,0,0,0,0,0,0,0,0,0,0,0,0,0,0,0,0,310,15686,0,0,0,0
67735.184,16666,59,0,0,0,0,0,8,72756,44,69,0,0,0,0,0,0,0,0,0,0,0,0,0,0,0,0,0,0,0,0,0,0,301,16466,0,0,0,0
67752.520,17336,57,0,0,0,0,0,8,72552,44,69,0,0,0,0,0,0,0,0,0,0,0,0,0,0,0,0,0,0,0,0,0,0,336,17986,0,0,0,0
67768.960,16439,60,0,0,0,0,0,8,72448,44,69,0,0,0,0,0,0,0,0,0,0,0,0,0,0,0,0,0,0,0,0,0,0,293,17266,0,0,0,0
67785.238,16278,61,0,0,0,0,0,8,72638,44,69,0,0,0,0,0,0,0,0,0,0,0,0,0,0,0,0,0,0,0,0,0,0,285,16306,0,0,0,0
67802.129,16890,59,0,0,0,0,0,8,72448,44,69,0,0,0,0,0,0,0,0,0,0,0,0,0,0,0,0,0,0,0,0,0,0,305,16653,0,0,0,0
67818.586,16457,60,0,0,0,0,0,8,72371,44,69,0,0,0,0,0,0,0,0,0,0,0,0,0,0,0,0,0,0,0,0,0,0,297,16953,0,0,0,0
67835.179,16592,60,0,0,0,0,0,8,72735,44,69,0,0,0,0,0,0,0,0,0,0,0,0,0,0,0,0,0,0,0,0,0,0,309,16563,0,0,0,0
67852.974,17795,56,0,0,0,0,0,8,72838,44,69,0,0,0,0,0,0,0,0,0,0,0,0,0,0,0,0,0,0,0,0,0,0,314,16555,0,0,0,0
67868.640,15665,63,0,0,0,0,0,8,72628,44,69,0,0,0,0,0,0,0,0,0,0,0,0,0,0,0,0,0,0,0,0,0,0,317,18290,0,0,0,0
67885.481,16841,59,0,0,0,0,0,8,72755,44,69,0,0,0,0,0,0,0,0,0,0,0,0,0,0,0,0,0,0,0,0,0,0,290,14737,0,0,0,0
67902.232,16750,59,0,0,0,0,0,8,73028,44,69,0,0,0,0,0,0,0,0,0,0,0,0,0,0,0,0,0,0,0,0,0,0,316,16737,0,0,0,0
67918.739,16506,60,0,0,0,0,0,8,72890,44,69,0,0,0,0,0,0,0,0,0,0,0,0,0,0,0,0,0,0,0,0,0,0,303,16487,0,0,0,0
67935.299,16560,60,0,0,0,0,0,8,72991,44,69,0,0,0,0,0,0,0,0,0,0,0,0,0,0,0,0,0,0,0,0,0,0,324,15976,0,0,0,0
67952.200,16900,59,0,0,0,0,0,8,73180,44,69,0,0,0,0,0,0,0,0,0,0,0,0,0,0,0,0,0,0,0,0,0,0,314,18100,0,0,0,0
67969.095,16895,59,0,0,0,0,0,8,72967,44,69,0,0,0,0,0,0,0,0,0,0,0,0,0,0,0,0,0,0,0,0,0,0,291,20620,0,0,0,0
67985.498,16402,60,0,0,0,0,0,8,73096,44,69,0,0,0,0,0,0,0,0,0,0,0,0,0,0,0,0,0,0,0,0,0,0,264,11990,0,0,0,0
68001.884,16386,61,0,0,0,0,0,8,73107,44,69,0,0,0,0,0,0,0,0,0,0,0,0,0,0,0,0,0,0,0,0,0,0,321,17828,0,0,0,0
68018.485,16601,60,0,0,0,0,0,8,73015,44,69,0,0,0,0,0,0,0,0,0,0,0,0,0,0,0,0,0,0,0,0,0,0,288,14973,0,0,0,0
68035.519,17033,58,0,0,0,0,0,8,73080,44,69,0,0,0,0,0,0,0,0,0,0,0,0,0,0,0,0,0,0,0,0,0,0,306,16046,0,0,0,0
68052.470,16950,58,0,0,0,0,0,8,73329,44,69,0,0,0,0,0,0,0,0,0,0,0,0,0,0,0,0,0,0,0,0,0,0,317,18412,0,0,0,0
68068.481,16011,62,0,0,0,0,0,8,73059,44,69,0,0,0,0,0,0,0,0,0,0,0,0,0,0,0,0,0,0,0,0,0,0,313,16186,0,0,0,0
68085.476,16984,58,0,0,0,0,0,8,71669,44,69,0,0,0,0,0,0,0,0,0,0,0,0,0,0,0,0,0,0,0,0,0,0,311,15852,0,0,0,0
68102.395,16929,59,0,0,0,0,0,8,71509,44,69,0,0,0,0,0,0,0,0,0,0,0,0,0,0,0,0,0,0,0,0,0,0,328,18867,0,0,0,0
68118.532,16137,61,0,0,0,0,0,8,71275,44,69,0,0,0,0,0,0,0,0,0,0,0,0,0,0,0,0,0,0,0,0,0,0,292,15387,0,0,0,0
68134.777,16243,61,0,0,0,0,0,8,71477,44,69,0,0,0,0,0,0,0,0,0,0,0,0,0,0,0,0,0,0,0,0,0,0,304,15617,0,0,0,0
68152.486,17709,56,0,0,0,0,0,8,71687,44,69,0,0,0,0,0,0,0,0,0,0,0,0,0,0,0,0,0,0,0,0,0,0,324,16969,0,0,0,0
68168.610,16124,62,0,0,0,0,0,8,71312,44,69,0,0,0,0,0,0,0,0,0,0,0,0,0,0,0,0,0,0,0,0,0,0,306,16881,0,0,0,0
68185.963,17352,57,0,0,0,0,0,8,71384,44,69,0,0,0,0,0,0,0,0,0,0,0,0,0,0,0,0,0,0,0,0,0,0,305,16376,0,0,0,0
68202.966,17002,58,0,0,0,0,0,8,71362,44,69,0,0,0,0,0,0,0,0,0,0,0,0,0,0,0,0,0,0,0,0,0,0,301,16866,0,0,0,0
68218.884,15918,62,0,0,0,0,0,8,71407,44,69,0,0,0,0,0,0,0,0,0,0,0,0,0,0,0,0,0,0,0,0,0,0,346,19667,0,0,0,0
68235.152,16267,61,0,0,0,0,0,8,71373,44,69,0,0,0,0,0,0,0,0,0,0,0,0,0,0,0,0,0,0,0,0,0,0,296,14215,0,0,0,0
68251.860,16708,59,0,0,0,0,0,8,71633,44,69,0,0,0,0,0,0,0,0,0,0,0,0,0,0,0,0,0,0,0,0,0,0,316,17294,0,0,0,0
68268.484,16623,60,0,0,0,0,0,8,71217,44,69,0,0,0,0,0,0,0,0,0,0,0,0,0,0,0,0,0,0,0,0,0,0,335,16429,0,0,0,0
68285.314,16830,59,0,0,0,0,0,8,71320,44,69,0,0,0,0,0,0,0,0,0,0,0,0,0,0,0,0,0,0,0,0,0,0,297,14999,0,0,0,0
68302.098,16784,59,0,0,0,0,0,8,71379,44,69,0,0,0,0,0,0,0,0,0,0,0,0,0,0,0,0,0,0,0,0,0,0,302,17031,0,0,0,0
68318.537,16439,60,0,0,0,0,0,8,71224,44,69,0,0,0,0,0,0,0,0,0,0,0,0,0,0,0,0,0,0,0,0,0,0,315,19008,0,0,0,0
68335.429,16891,59,0,0,0,0,0,8,71463,44,69,0,0,0,0,0,0,0,0,0,0,0,0,0,0,0,0,0,0,0,0,0,0,290,14737,0,0,0,0
68351.610,16180,61,0,0,0,0,0,8,71302,44,69,0,0,0,0,0,0,0,0,0,0,0,0,0,0,0,0,0,0,0,0,0,0,311,17163,0,0,0,0
68368.647,17037,58,0,0,0,0,0,8,71377,44,69,0,0,0,0,0,0,0,0,0,0,0,0,0,0,0,0,0,0,0,0,0,0,300,15946,0,0,0,0
68385.247,16600,60,0,0,0,0,0,8,71353,44,69,0,0,0,0,0,0,0,0,0,0,0,0,0,0,0,0,0,0,0,0,0,0,319,17134,0,0,0,0
68402.106,16858,59,0,0,0,0,0,8,71297,44,69,0,0,0,0,0,0,0,0,0,0,0,0,0,0,0,0,0,0,0,0,0,0,320,17072,0,0,0,0
68418.610,16504,60,0,0,0,0,0,8,71249,44,69,0,0,0,0,0,0,0,0,0,0,0,0,0,0,0,0,0,0,0,0,0,0,310,16936,0,0,0,0
68435.241,16630,60,0,0,0,0,0,8,71340,44,69,0,0,0,0,0,0,0,0,0,0,0,0,0,0,0,0,0,0,0,0,0,0,335,16905,0,0,0,0
68452.478,17236,58,0,0,0,0,0,8,71338,44,69,0,0,0,0,0,0,0,0,0,0,0,0,0,0,0,0,0,0,0,0,0,0,298,16809,0,0,0,0
68468.514,16036,62,0,0,0,0,0,8,73134,44,69,0,0,0,0,0,0,0,0,0,0,0,0,0,0,0,0,0,0,0,0,0,0,289,15931,0,0,0,0
68485.293,16778,59,0,0,0,0,0,8,73025,44,69,0,0,0,0,0,0,0,0,0,0,0,0,0,0,0,0,0,0,0,0,0,0,307,15912,0,0,0,0
68502.480,17187,58,0,0,0,0,0,8,73114,44,69,0,0,0,0,0,0,0,0,0,0,0,0,0,0,0,0,0,0,0,0,0,0,334,18061,0,0,0,0
68518.726,16246,61,0,0,0,0,0,8,72947,44,69,0,0,0,0,0,0,0,0,0,0,0,0,0,0,0,0,0,0,0,0,0,0,321,17612,0,0,0,0
68535.467,16740,59,0,0,0,0,0,8,73077,44,69,0,0,0,0,0,0,0,0,0,0,0,0,0,0,0,0,0,0,0,0,0,0,350,15727,0,0,0,0
68552.235,16768,59,0,0,0,0,0,8,73023,44,69,0,0,0,0,0,0,0,0,0,0,0,0,0,0,0,0,0,0,0,0,0,0,307,15906,0,0,0,0
68568.594,16359,61,0,0,0,0,0,8,73072,44,69,0,0,0,0,0,0,0,0,0,0,0,0,0,0,0,0,0,0,0,0,0,0,317,19785,0,0,0,0
68585.138,16543,60,0,0,0,0,0,8,73005,44,69,0,0,0,0,0,0,0,0,0,0,0,0,0,0,0,0,0,0,0,0,0,0,292,17172,0,0,0,0
68602.469,17330,57,0,0,0,0,0,8,72900,44,69,0,0,0,0,0,0,0,0,0,0,0,0,0,0,0,0,0,0,0,0,0,0,271,13129,0,0,0,0
68618.670,16201,61,0,0,0,0,0,8,72894,44,69,0,0,0,0,0,0,0,0,0,0,0,0,0,0,0,0,0,0,0,0,0,0,322,16648,0,0,0,0
68635.954,17284,57,0,0,0,0,0,8,72989,44,69,0,0,0,0,0,0,0,0,0,0,0,0,0,0,0,0,0,0,0,0,0,0,296,15691,0,0,0,0
68652.488,16533,60,0,0,0,0,0,8,73102,44,69,0,0,0,0,0,0,0,0,0,0,0,0,0,0,0,0,0,0,0,0,0,0,320,20571,0,0,0,0
68668.691,16203,61,0,0,0,0,0,8,73103,44,69,0,0,0,0,0,0,0,0,0,0,0,0,0,0,0,0,0,0,0,0,0,0,284,14746,0,0,0,0
68685.956,17265,57,0,0,0,0,0,8,72956,44,69,0,0,0,0,0,0,0,0,0,0,0,0,0,0,0,0,0,0,0,0,0,0,298,14844,0,0,0,0
68702.046,16090,62,0,0,0,0,0,8,72946,44,69,0,0,0,0,0,0,0,0,0,0,0,0,0,0,0,0,0,0,0,0,0,0,310,17799,0,0,0,0
68718.956,16909,59,0,0,0,0,0,8,72896,44,69,0,0,0,0,0,0,0,0,0,0,0,0,0,0,0,0,0,0,0,0,0,0,306,16130,0,0,0,0
68735.511,16555,60,0,0,0,0,0,8,71282,44,69,0,0,0,0,0,0,0,0,0,0,0,0,0,0,0,0,0,0,0,0,0,0,351,22977,0,0,0,0
68751.898,16386,61,0,0,0,0,0,8,71077,44,69,0,0,0,0,0,0,0,0,0,0,0,0,0,0,0,0,0,0,0,0,0,0,253,13007,0,0,0,0
68768.958,17060,58,0,0,0,0,0,8,71147,44,69,0,0,0,0,0,0,0,0,0,0,0,0,0,0,0,0,0,0,0,0,0,0,302,19916,0,0,0,0
68785.689,16731,59,0,0,0,0,0,8,71304,44,69,0,0,0,0,0,0,0,0,0,0,0,0,0,0,0,0,0,0,0,0,0,0,289,14662,0,0,0,0
68802.950,17260,57,0,0,0,0,0,8,70943,44,69,0,0,0,0,0,0,0,0,0,0,0,0,0,0,0,0,0,0,0,0,0,0,305,13004,0,0,0,0
68818.623,15673,63,0,0,0,0,0,8,70849,44,69,0,0,0,0,0,0,0,0,0,0,0,0,0,0,0,0,0,0,0,0,0,0,343,23877,0,0,0,0
68835.195,16571,60,0,0,0,0,0,8,70800,44,69,0,0,0,0,0,0,0,0,0,0,0,0,0,0,0,0,0,0,0,0,0,0,250,9183,0,0,0,0
68852.192,16997,58,0,0,0,0,0,8,70831,44,69,0,0,0,0,0,0,0,0,0,0,0,0,0,0,0,0,0,0,0,0,0,0,311,16969,0,0,0,0
68868.627,16435,60,0,0,0,0,0,8,70678,44,69,0,0,0,0,0,0,0,0,0,0,0,0,0,0,0,0,0,0,0,0,0,0,308,16102,0,0,0,0
68885.946,17318,57,0,0,0,0,0,8,70924,44,69,0,0,0,0,0,0,0,0,0,0,0,0,0,0,0,0,0,0,0,0,0,0,315,17945,0,0,0,0
68902.053,16107,62,0,0,0,0,0,8,70644,44,69,0,0,0,0,0,0,0,0,0,0,0,0,0,0,0,0,0,0,0,0,0,0,307,15989,0,0,0,0
68918.647,16593,60,0,0,0,0,0,8,70380,44,69,0,0,0,0,0,0,0,0,0,0,0,0,0,0,0,0,0,0,0,0,0,0,320,17154,0,0,0,0
68935.280,16632,60,0,0,0,0,0,8,70531,44,69,0,0,0,0,0,0,0,0,0,0,0,0,0,0,0,0,0,0,0,0,0,0,294,15177,0,0,0,0
68951.969,16688,59,0,0,0,0,0,8,70608,44,69,0,0,0,0,0,0,0,0,0,0,0,0,0,0,0,0,0,0,0,0,0,0,326,17614,0,0,0,0
68968.764,16795,59,0,0,0,0,0,8,70518,44,69,0,0,0,0,0,0,0,0,0,0,0,0,0,0,0,0,0,0,0,0,0,0,332,17773,0,0,0,0
68985.273,16509,60,0,0,0,0,0,8,70518,44,69,0,0,0,0,0,0,0,0,0,0,0,0,0,0,0,0,0,0,0,0,0,0,300,15602,0,0,0,0
69002.252,16978,58,0,0,0,0,0,8,70748,44,69,0,0,0,0,0,0,0,0,0,0,0,0,0,0,0,0,0,0,0,0,0,0,332,18338,0,0,0,0
69018.660,16407,60,0,0,0,0,0,8,70214,44,69,0,0,0,0,0,0,0,0,0,0,0,0,0,0,0,0,0,0,0,0,0,0,305,16400,0,0,0,0
69035.233,16572,60,0,0,0,0,0,8,70204,44,69,0,0,0,0,0,0,0,0,0,0,0,0,0,0,0,0,0,0,0,0,0,0,312,16327,0,0,0,0
69051.852,16619,60,0,0,0,0,0,8,70193,44,69,0,0,0,0,0,0,0,0,0,0,0,0,0,0,0,0,0,0,0,0,0,0,302,14313,0,0,0,0
69068.805,16952,58,0,0,0,0,0,8,70033,44,69,0,0,0,0,0,0,0,0,0,0,0,0,0,0,0,0,0,0,0,0,0,0,305,21259,0,0,0,0
69085.257,16451,60,0,0,0,0,0,8,70205,44,69,0,0,0,0,0,0,0,0,0,0,0,0,0,0,0,0,0,0,0,0,0,0,296,12424,0,0,0,0
69101.949,16692,59,0,0,0,0,0,8,72204,44,69,0,0,0,0,0,0,0,0,0,0,0,0,0,0,0,0,0,0,0,0,0,0,303,17489,0,0,0,0
69118.965,17016,58,0,0,0,0,0,8,72004,44,69,0,0,0,0,0,0,0,0,0,0,0,0,0,0,0,0,0,0,0,0,0,0,308,16138,0,0,0,0
69135.473,16507,60,0,0,0,0,0,8,71915,44,69,0,0,0,0,0,0,0,0,0,0,0,0,0,0,0,0,0,0,0,0,0,0,333,24109,0,0,0,0
69152.045,16572,60,0,0,0,0,0,8,71764,44,69,0,0,0,0,0,0,0,0,0,0,0,0,0,0,0,0,0,0,0,0,0,0,246,8668,0,0,0,0
69169.001,16955,58,0,0,0,0,0,8,71768,44,69,0,0,0,0,0,0,0,0,0,0,0,0,0,0,0,0,0,0,0,0,0,0,323,18413,0,0,0,0
69185.948,16947,59,0,0,0,0,0,8,71860,44,69,0,0,0,0,0,0,0,0,0,0,0,0,0,0,0,0,0,0,0,0,0,0,292,15187,0,0,0,0
69202.947,16998,58,0,0,0,0,0,8,71845,44,69,0,0,0,0,0,0,0,0,0,0,0,0,0,0,0,0,0,0,0,0,0,0,313,16425,0,0,0,0
69218.882,15935,62,0,0,0,0,0,8,71961,44,69,0,0,0,0,0,0,0,0,0,0,0,0,0,0,0,0,0,0,0,0,0,0,319,24184,0,0,0,0
69235.558,16675,59,0,0,0,0,0,8,71795,44,69,0,0,0,0,0,0,0,0,0,0,0,0,0,0,0,0,0,0,0,0,0,0,285,10885,0,0,0,0
69252.145,16586,60,0,0,0,0,0,8,71898,44,69,0,0,0,0,0,0,0,0,0,0,0,0,0,0,0,0,0,0,0,0,0,0,302,16373,0,0,0,0
69268.984,16839,59,0,0,0,0,0,8,71886,44,69,0,0,0,0,0,0,0,0,0,0,0,0,0,0,0,0,0,0,0,0,0,0,321,16976,0,0,0,0
69285.733,16748,59,0,0,0,0,0,8,71887,44,69,0,0,0,0,0,0,0,0,0,0,0,0,0,0,0,0,0,0,0,0,0,0,311,16652,0,0,0,0
69301.933,16199,61,0,0,0,0,0,8,71966,44,69,0,0,0,0,0,0,0,0,0,0,0,0,0,0,0,0,0,0,0,0,0,0,307,16082,0,0,0,0
69318.511,16577,60,0,0,0,0,0,8,71721,44,69,0,0,0,0,0,0,0,0,0,0,0,0,0,0,0,0,0,0,0,0,0,0,298,16008,0,0,0,0
69335.228,16717,59,0,0,0,0,0,8,72121,44,69,0,0,0,0,0,0,0,0,0,0,0,0,0,0,0,0,0,0,0,0,0,0,308,16184,0,0,0,0
69351.955,16726,59,0,0,0,0,0,8,74882,44,69,0,0,0,0,0,0,0,0,0,0,0,0,0,0,0,0,0,0,0,0,0,0,325,18320,0,0,0,0
69368.943,16988,58,0,0,0,0,0,8,71710,44,69,0,0,0,0,0,0,0,0,0,0,0,0,0,0,0,0,0,0,0,0,0,0,345,17787,0,0,0,0
69385.158,16214,61,0,0,0,0,0,8,70801,44,69,0,0,0,0,0,0,0,0,0,0,0,0,0,0,0,0,0,0,0,0,0,0,348,16595,0,0,0,0
69401.968,16810,59,0,0,0,0,0,8,70886,44,69,0,0,0,0,0,0,0,0,0,0,0,0,0,0,0,0,0,0,0,0,0,0,298,15289,0,0,0,0
69418.795,16827,59,0,0,0,0,0,8,71105,44,69,0,0,0,0,0,0,0,0,0,0,0,0,0,0,0,0,0,0,0,0,0,0,327,22832,0,0,0,0
69435.184,16388,61,0,0,0,0,0,8,70933,44,69,0,0,0,0,0,0,0,0,0,0,0,0,0,0,0,0,0,0,0,0,0,0,264,10090,0,0,0,0
69451.943,16759,59,0,0,0,0,0,8,71131,44,69,0,0,0,0,0,0,0,0,0,0,0,0,0,0,0,0,0,0,0,0,0,0,322,17375,0,0,0,0
69468.465,16522,60,0,0,0,0,0,8,70822,44,69,0,0,0,0,0,0,0,0,0,0,0,0,0,0,0,0,0,0,0,0,0,0,304,15558,0,0,0,0
69485.604,17138,58,0,0,0,0,0,8,70802,44,69,0,0,0,0,0,0,0,0,0,0,0,0,0,0,0,0,0,0,0,0,0,0,305,15983,0,0,0,0
69501.942,16338,61,0,0,0,0,0,8,71139,44,69,0,0,0,0,0,0,0,0,0,0,0,0,0,0,0,0,0,0,0,0,0,0,318,17823,0,0,0,0
69518.565,16622,60,0,0,0,0,0,8,70448,44,69,0,0,0,0,0,0,0,0,0,0,0,0,0,0,0,0,0,0,0,0,0,0,307,16222,0,0,0,0
69535.478,16913,59,0,0,0,0,0,8,70869,44,69,0,0,0,0,0,0,0,0,0,0,0,0,0,0,0,0,0,0,0,0,0,0,310,17907,0,0,0,0
69552.112,16634,60,0,0,0,0,0,8,70592,44,69,0,0,0,0,0,0,0,0,0,0,0,0,0,0,0,0,0,0,0,0,0,0,303,15903,0,0,0,0
69568.645,16532,60,0,0,0,0,0,8,70700,44,69,0,0,0,0,0,0,0,0,0,0,0,0,0,0,0,0,0,0,0,0,0,0,328,17398,0,0,0,0
69585.464,16819,59,0,0,0,0,0,8,70854,44,69,0,0,0,0,0,0,0,0,0,0,0,0,0,0,0,0,0,0,0,0,0,0,330,17090,0,0,0,0
69602.052,16587,60,0,0,0,0,0,8,70830,44,69,0,0,0,0,0,0,0,0,0,0,0,0,0,0,0,0,0,0,0,0,0,0,311,15379,0,0,0,0
69618.964,16912,59,0,0,0,0,0,8,70723,44,69,0,0,0,0,0,0,0,0,0,0,0,0,0,0,0,0,0,0,0,0,0,0,309,16253,0,0,0,0
69635.522,16540,60,0,0,0,0,0,8,70811,44,69,0,0,0,0,0,0,0,0,0,0,0,0,0,0,0,0,0,0,0,0,0,0,304,18045,0,0,0,0
69652.067,16562,60,0,0,0,0,0,8,70854,44,69,0,0,0,0,0,0,0,0,0,0,0,0,0,0,0,0,0,0,0,0,0,0,294,16113,0,0,0,0
69668.592,16524,60,0,0,0,0,0,8,70729,44,69,0,0,0,0,0,0,0,0,0,0,0,0,0,0,0,0,0,0,0,0,0,0,308,16106,0,0,0,0
69685.460,16868,59,0,0,0,0,0,8,70972,44,69,0,0,0,0,0,0,0,0,0,0,0,0,0,0,0,0,0,0,0,0,0,0,334,18139,0,0,0,0
69702.012,16551,60,0,0,0,0,0,8,70838,44,69,0,0,0,0,0,0,0,0,0,0,0,0,0,0,0,0,0,0,0,0,0,0,306,22839,0,0,0,0
69718.674,16662,60,0,0,0,0,0,8,70880,44,69,0,0,0,0,0,0,0,0,0,0,0,0,0,0,0,0,0,0,0,0,0,0,260,9751,0,0,0,0
69735.455,16779,59,0,0,0,0,0,8,70845,44,69,0,0,0,0,0,0,0,0,0,0,0,0,0,0,0,0,0,0,0,0,0,0,314,17371,0,0,0,0
69752.147,16692,59,0,0,0,0,0,8,70942,44,69,0,0,0,0,0,0,0,0,0,0,0,0,0,0,0,0,0,0,0,0,0,0,316,18835,0,0,0,0
69768.946,16799,59,0,0,0,0,0,8,70730,44,69,0,0,0,0,0,0,0,0,0,0,0,0,0,0,0,0,0,0,0,0,0,0,283,14009,0,0,0,0
69785.394,16447,60,0,0,0,0,0,8,70818,44,69,0,0,0,0,0,0,0,0,0,0,0,0,0,0,0,0,0,0,0,0,0,0,330,17908,0,0,0,0
69801.941,16546,60,0,0,0,0,0,8,70783,44,69,0,0,0,0,0,0,0,0,0,0,0,0,0,0,0,0,0,0,0,0,0,0,292,17483,0,0,0,0
69818.465,16524,60,0,0,0,0,0,8,70738,44,69,0,0,0,0,0,0,0,0,0,0,0,0,0,0,0,0,0,0,0,0,0,0,281,13275,0,0,0,0
69835.323,16858,59,0,0,0,0,0,8,70940,44,69,0,0,0,0,0,0,0,0,0,0,0,0,0,0,0,0,0,0,0,0,0,0,305,17076,0,0,0,0
69852.029,16706,59,0,0,0,0,0,8,70890,44,69,0,0,0,0,0,0,0,0,0,0,0,0,0,0,0,0,0,0,0,0,0,0,277,16942,0,0,0,0
69868.989,16959,58,0,0,0,0,0,8,70907,44,69,0,0,0,0,0,0,0,0,0,0,0,0,0,0,0,0,0,0,0,0,0,0,299,16680,0,0,0,0
69885.941,16952,58,0,0,0,0,0,8,70789,44,69,0,0,0,0,0,0,0,0,0,0,0,0,0,0,0,0,0,0,0,0,0,0,325,17943,0,0,0,0
69902.035,16093,62,0,0,0,0,0,8,70830,44,69,0,0,0,0,0,0,0,0,0,0,0,0,0,0,0,0,0,0,0,0,0,0,321,15138,0,0,0,0
69918.938,16902,59,0,0,0,0,0,8,70636,44,69,0,0,0,0,0,0,0,0,0,0,0,0,0,0,0,0,0,0,0,0,0,0,315,17952,0,0,0,0
69935.490,16552,60,0,0,0,0,0,8,70870,44,69,0,0,0,0,0,0,0,0,0,0,0,0,0,0,0,0,0,0,0,0,0,0,301,16264,0,0,0,0
69952.056,16565,60,0,0,0,0,0,8,70785,44,69,0,0,0,0,0,0,0,0,0,0,0,0,0,0,0,0,0,0,0,0,0,0,301,20042,0,0,0,0
69968.819,16763,59,0,0,0,0,0,8,70683,44,69,0,0,0,0,0,0,0,0,0,0,0,0,0,0,0,0,0,0,0,0,0,0,292,13333,0,0,0,0
69984.993,16173,61,0,0,0,0,0,8,70808,44,69,0,0,0,0,0,0,0,0,0,0,0,0,0,0,0,0,0,0,0,0,0,0,292,16644,0,0,0,0
70002.043,17050,58,0,0,0,0,0,8,70873,44,69,0,0,0,0,0,0,0,0,0,0,0,0,0,0,0,0,0,0,0,0,0,0,369,22404,0,0,0,0
70018.490,16446,60,0,0,0,0,0,8,70687,44,69,0,0,0,0,0,0,0,0,0,0,0,0,0,0,0,0,0,0,0,0,0,0,252,10768,0,0,0,0
70035.154,16663,60,0,0,0,0,0,8,70960,44,69,0,0,0,0,0,0,0,0,0,0,0,0,0,0,0,0,0,0,0,0,0,0,287,15176,0,0,0,0
70051.936,16782,59,0,0,0,0,0,8,70808,44,69,0,0,0,0,0,0,0,0,0,0,0,0,0,0,0,0,0,0,0,0,0,0,291,17509,0,0,0,0
70068.615,16678,59,0,0,0,0,0,8,70722,44,69,0,0,0,0,0,0,0,0,0,0,0,0,0,0,0,0,0,0,0,0,0,0,297,16219,0,0,0,0
70085.179,16564,60,0,0,0,0,0,8,70732,44,69,0,0,0,0,0,0,0,0,0,0,0,0,0,0,0,0,0,0,0,0,0,0,310,18304,0,0,0,0
70102.105,16925,59,0,0,0,0,0,8,72561,44,69,0,0,0,0,0,0,0,0,0,0,0,0,0,0,0,0,0,0,0,0,0,0,303,15501,0,0,0,0
70118.588,16483,60,0,0,0,0,0,8,72405,44,69,0,0,0,0,0,0,0,0,0,0,0,0,0,0,0,0,0,0,0,0,0,0,313,17475,0,0,0,0
70135.138,16550,60,0,0,0,0,0,8,72558,44,69,0,0,0,0,0,0,0,0,0,0,0,0,0,0,0,0,0,0,0,0,0,0,302,15304,0,0,0,0
70152.462,17324,57,0,0,0,0,0,8,72532,44,69,0,0,0,0,0,0,0,0,0,0,0,0,0,0,0,0,0,0,0,0,0,0,303,17374,0,0,0,0
70168.450,15987,62,0,0,0,0,0,8,72395,44,69,0,0,0,0,0,0,0,0,0,0,0,0,0,0,0,0,0,0,0,0,0,0,298,16184,0,0,0,0
70185.460,17010,58,0,0,0,0,0,8,72537,44,69,0,0,0,0,0,0,0,0,0,0,0,0,0,0,0,0,0,0,0,0,0,0,316,18390,0,0,0,0
70202.110,16649,60,0,0,0,0,0,8,72553,44,69,0,0,0,0,0,0,0,0,0,0,0,0,0,0,0,0,0,0,0,0,0,0,308,18277,0,0,0,0
70218.896,16786,59,0,0,0,0,0,8,72428,44,69,0,0,0,0,0,0,0,0,0,0,0,0,0,0,0,0,0,0,0,0,0,0,273,15899,0,0,0,0
70235.560,16663,60,0,0,0,0,0,8,72451,44,69,0,0,0,0,0,0,0,0,0,0,0,0,0,0,0,0,0,0,0,0,0,0,288,16291,0,0,0,0
70252.040,16480,60,0,0,0,0,0,8,72297,44,69,0,0,0,0,0,0,0,0,0,0,0,0,0,0,0,0,0,0,0,0,0,0,303,14130,0,0,0,0
70268.941,16900,59,0,0,0,0,0,8,72441,44,69,0,0,0,0,0,0,0,0,0,0,0,0,0,0,0,0,0,0,0,0,0,0,319,22793,0,0,0,0
70285.494,16553,60,0,0,0,0,0,8,72165,44,69,0,0,0,0,0,0,0,0,0,0,0,0,0,0,0,0,0,0,0,0,0,0,268,15433,0,0,0,0
70302.042,16548,60,0,0,0,0,0,8,72227,44,69,0,0,0,0,0,0,0,0,0,0,0,0,0,0,0,0,0,0,0,0,0,0,285,12034,0,0,0,0
70318.804,16761,59,0,0,0,0,0,8,72142,44,69,0,0,0,0,0,0,0,0,0,0,0,0,0,0,0,0,0,0,0,0,0,0,304,19837,0,0,0,0
70335.458,16654,60,0,0,0,0,0,8,72218,44,69,0,0,0,0,0,0,0,0,0,0,0,0,0,0,0,0,0,0,0,0,0,0,295,14642,0,0,0,0
70352.073,16615,60,0,0,0,0,0,8,72139,44,69,0,0,0,0,0,0,0,0,0,0,0,0,0,0,0,0,0,0,0,0,0,0,308,17459,0,0,0,0
70369.475,17401,57,0,0,0,0,0,8,72104,44,69,0,0,0,0,0,0,0,0,0,0,0,0,0,0,0,0,0,0,0,0,0,0,327,19897,0,0,0,0
70385.941,16466,60,0,0,0,0,0,8,72193,44,69,0,0,0,0,0,0,0,0,0,0,0,0,0,0,0,0,0,0,0,0,0,0,270,12322,0,0,0,0
70402.057,16115,62,0,0,0,0,0,8,72200,44,69,0,0,0,0,0,0,0,0,0,0,0,0,0,0,0,0,0,0,0,0,0,0,308,16465,0,0,0,0
70418.514,16457,60,0,0,0,0,0,8,72108,44,69,0,0,0,0,0,0,0,0,0,0,0,0,0,0,0,0,0,0,0,0,0,0,298,16098,0,0,0,0
70435.133,16619,60,0,0,0,0,0,8,72095,44,69,0,0,0,0,0,0,0,0,0,0,0,0,0,0,0,0,0,0,0,0,0,0,330,18038,0,0,0,0
70452.050,16917,59,0,0,0,0,0,8,72266,44,69,0,0,0,0,0,0,0,0,0,0,0,0,0,0,0,0,0,0,0,0,0,0,323,15652,0,0,0,0
70468.947,16896,59,0,0,0,0,0,8,72108,44,69,0,0,0,0,0,0,0,0,0,0,0,0,0,0,0,0,0,0,0,0,0,0,305,20936,0,0,0,0
70485.179,16231,61,0,0,0,0,0,8,71406,44,69,0,0,0,0,0,0,0,0,0,0,0,0,0,0,0,0,0,0,0,0,0,0,264,12120,0,0,0,0
70502.080,16900,59,0,0,0,0,0,8,72417,44,69,0,0,0,0,0,0,0,0,0,0,0,0,0,0,0,0,0,0,0,0,0,0,312,17382,0,0,0,0
70519.074,16994,58,0,0,0,0,0,8,70339,44,69,0,0,0,0,0,0,0,0,0,0,0,0,0,0,0,0,0,0,0,0,0,0,312,17663,0,0,0,0
70535.938,16863,59,0,0,0,0,0,8,70484,44,69,0,0,0,0,0,0,0,0,0,0,0,0,0,0,0,0,0,0,0,0,0,0,327,17059,0,0,0,0
70552.059,16121,62,0,0,0,0,0,8,69681,44,69,0,0,0,0,0,0,0,0,0,0,0,0,0,0,0,0,0,0,0,0,0,0,324,17246,0,0,0,0
70568.598,16539,60,0,0,0,0,0,8,70356,44,69,0,0,0,0,0,0,0,0,0,0,0,0,0,0,0,0,0,0,0,0,0,0,306,14566,0,0,0,0
70585.942,17344,57,0,0,0,0,0,8,69643,44,69,0,0,0,0,0,0,0,0,0,0,0,0,0,0,0,0,0,0,0,0,0,0,334,17110,0,0,0,0
70602.179,16236,61,0,0,0,0,0,8,70375,44,69,0,0,0,0,0,0,0,0,0,0,0,0,0,0,0,0,0,0,0,0,0,0,292,15454,0,0,0,0
70618.964,16785,59,0,0,0,0,0,8,71310,44,69,0,0,0,0,0,0,0,0,0,0,0,0,0,0,0,0,0,0,0,0,0,0,309,17267,0,0,0,0
70635.442,16477,60,0,0,0,0,0,8,72161,44,69,0,0,0,0,0,0,0,0,0,0,0,0,0,0,0,0,0,0,0,0,0,0,298,16262,0,0,0,0
70652.935,17492,57,0,0,0,0,0,8,71330,44,69,0,0,0,0,0,0,0,0,0,0,0,0,0,0,0,0,0,0,0,0,0,0,349,24012,0,0,0,0
70668.842,15907,62,0,0,0,0,0,8,72042,44,69,0,0,0,0,0,0,0,0,0,0,0,0,0,0,0,0,0,0,0,0,0,0,289,12022,0,0,0,0
70685.221,16378,61,0,0,0,0,0,8,71272,44,69,0,0,0,0,0,0,0,0,0,0,0,0,0,0,0,0,0,0,0,0,0,0,285,13387,0,0,0,0
70702.101,16880,59,0,0,0,0,0,8,72111,44,69,0,0,0,0,0,0,0,0,0,0,0,0,0,0,0,0,0,0,0,0,0,0,291,17465,0,0,0,0
70718.940,16838,59,0,0,0,0,0,8,71230,44,69,0,0,0,0,0,0,0,0,0,0,0,0,0,0,0,0,0,0,0,0,0,0,311,17718,0,0,0,0
70735.442,16502,60,0,0,0,0,0,8,72110,44,69,0,0,0,0,0,0,0,0,0,0,0,0,0,0,0,0,0,0,0,0,0,0,340,15891,0,0,0,0
70752.461,17018,58,0,0,0,0,0,8,71287,44,69,0,0,0,0,0,0,0,0,0,0,0,0,0,0,0,0,0,0,0,0,0,0,319,15494,0,0,0,0
70768.943,16482,60,0,0,0,0,0,8,71991,44,69,0,0,0,0,0,0,0,0,0,0,0,0,0,0,0,0,0,0,0,0,0,0,309,21497,0,0,0,0
70785.693,16750,59,0,0,0,0,0,8,71338,44,69,0,0,0,0,0,0,0,0,0,0,0,0,0,0,0,0,0,0,0,0,0,0,283,12619,0,0,0,0
70802.317,16623,60,0,0,0,0,0,8,72200,44,69,0,0,0,0,0,0,0,0,0,0,0,0,0,0,0,0,0,0,0,0,0,0,310,16250,0,0,0,0
70818.772,16455,60,0,0,0,0,0,8,71250,44,69,0,0,0,0,0,0,0,0,0,0,0,0,0,0,0,0,0,0,0,0,0,0,318,16968,0,0,0,0
70835.569,16796,59,0,0,0,0,0,8,72065,44,69,0,0,0,0,0,0,0,0,0,0,0,0,0,0,0,0,0,0,0,0,0,0,294,17140,0,0,0,0
70852.753,17183,58,0,0,0,0,0,8,71310,44,69,0,0,0,0,0,0,0,0,0,0,0,0,0,0,0,0,0,0,0,0,0,0,293,16849,0,0,0,0
70868.599,15846,63,0,0,0,0,0,8,72080,44,69,0,0,0,0,0,0,0,0,0,0,0,0,0,0,0,0,0,0,0,0,0,0,323,17674,0,0,0,0
70885.484,16884,59,0,0,0,0,0,8,69600,44,69,0,0,0,0,0,0,0,0,0,0,0,0,0,0,0,0,0,0,0,0,0,0,297,14490,0,0,0,0
70902.465,16981,58,0,0,0,0,0,8,69625,44,69,0,0,0,0,0,0,0,0,0,0,0,0,0,0,0,0,0,0,0,0,0,0,295,17847,0,0,0,0
70918.883,16417,60,0,0,0,0,0,8,70248,44,69,0,0,0,0,0,0,0,0,0,0,0,0,0,0,0,0,0,0,0,0,0,0,301,16044,0,0,0,0
70935.364,16481,60,0,0,0,0,0,8,69647,44,69,0,0,0,0,0,0,0,0,0,0,0,0,0,0,0,0,0,0,0,0,0,0,318,17538,0,0,0,0
70952.000,16635,60,0,0,0,0,0,8,69626,44,69,0,0,0,0,0,0,0,0,0,0,0,0,0,0,0,0,0,0,0,0,0,0,307,16475,0,0,0,0
70968.971,16971,58,0,0,0,0,0,8,69554,44,69,0,0,0,0,0,0,0,0,0,0,0,0,0,0,0,0,0,0,0,0,0,0,298,16602,0,0,0,0
70985.302,16331,61,0,0,0,0,0,8,70393,44,69,0,0,0,0,0,0,0,0,0,0,0,0,0,0,0,0,0,0,0,0,0,0,299,16258,0,0,0,0
71002.257,16954,58,0,0,0,0,0,8,69581,44,69,0,0,0,0,0,0,0,0,0,0,0,0,0,0,0,0,0,0,0,0,0,0,381,16965,0,0,0,0
71018.758,16500,60,0,0,0,0,0,8,69729,44,69,0,0,0,0,0,0,0,0,0,0,0,0,0,0,0,0,0,0,0,0,0,0,309,16164,0,0,0,0
71035.173,16414,60,0,0,0,0,0,8,69617,44,69,0,0,0,0,0,0,0,0,0,0,0,0,0,0,0,0,0,0,0,0,0,0,308,17450,0,0,0,0
71052.090,16917,59,0,0,0,0,0,8,70417,44,69,0,0,0,0,0,0,0,0,0,0,0,0,0,0,0,0,0,0,0,0,0,0,300,16217,0,0,0,0
71068.978,16887,59,0,0,0,0,0,8,69496,44,69,0,0,0,0,0,0,0,0,0,0,0,0,0,0,0,0,0,0,0,0,0,0,296,21541,0,0,0,0
71085.583,16604,60,0,0,0,0,0,8,69538,44,69,0,0,0,0,0,0,0,0,0,0,0,0,0,0,0,0,0,0,0,0,0,0,270,13620,0,0,0,0
71102.124,16542,60,0,0,0,0,0,8,69587,44,69,0,0,0,0,0,0,0,0,0,0,0,0,0,0,0,0,0,0,0,0,0,0,299,15266,0,0,0,0
71118.680,16556,60,0,0,0,0,0,8,70281,44,69,0,0,0,0,0,0,0,0,0,0,0,0,0,0,0,0,0,0,0,0,0,0,299,16124,0,0,0,0
71135.385,16704,59,0,0,0,0,0,8,69616,44,69,0,0,0,0,0,0,0,0,0,0,0,0,0,0,0,0,0,0,0,0,0,0,300,19953,0,0,0,0
71152.217,16831,59,0,0,0,0,0,8,69554,44,69,0,0,0,0,0,0,0,0,0,0,0,0,0,0,0,0,0,0,0,0,0,0,290,12715,0,0,0,0
71168.543,16326,61,0,0,0,0,0,8,69484,44,69,0,0,0,0,0,0,0,0,0,0,0,0,0,0,0,0,0,0,0,0,0,0,318,17894,0,0,0,0
71185.443,16899,59,0,0,0,0,0,8,70403,44,69,0,0,0,0,0,0,0,0,0,0,0,0,0,0,0,0,0,0,0,0,0,0,299,15904,0,0,0,0
71202.104,16661,60,0,0,0,0,0,8,71309,44,69,0,0,0,0,0,0,0,0,0,0,0,0,0,0,0,0,0,0,0,0,0,0,314,15805,0,0,0,0
71218.878,16774,59,0,0,0,0,0,8,71223,44,69,0,0,0,0,0,0,0,0,0,0,0,0,0,0,0,0,0,0,0,0,0,0,307,22390,0,0,0,0
71235.252,16373,61,0,0,0,0,0,8,71441,44,69,0,0,0,0,0,0,0,0,0,0,0,0,0,0,0,0,0,0,0,0,0,0,267,11216,0,0,0,0
71252.073,16821,59,0,0,0,0,0,8,68909,44,69,0,0,0,0,0,0,0,0,0,0,0,0,0,0,0,0,0,0,0,0,0,0,297,17174,0,0,0,0
71268.930,16856,59,0,0,0,0,0,8,68816,44,69,0,0,0,0,0,0,0,0,0,0,0,0,0,0,0,0,0,0,0,0,0,0,304,18392,0,0,0,0
71285.304,16374,61,0,0,0,0,0,8,68913,44,69,0,0,0,0,0,0,0,0,0,0,0,0,0,0,0,0,0,0,0,0,0,0,314,17891,0,0,0,0
71301.447,16142,61,0,0,0,0,0,8,68910,44,69,0,0,0,0,0,0,0,0,0,0,0,0,0,0,0,0,0,0,0,0,0,0,270,16939,0,0,0,0
71318.768,17321,57,0,0,0,0,0,8,68786,44,69,0,0,0,0,0,0,0,0,0,0,0,0,0,0,0,0,0,0,0,0,0,0,282,12681,0,0,0,0
71335.925,17157,58,0,0,0,0,0,8,68914,44,69,0,0,0,0,0,0,0,0,0,0,0,0,0,0,0,0,0,0,0,0,0,0,297,16890,0,0,0,0
71351.936,16000,62,0,0,0,0,0,8,68913,44,69,0,0,0,0,0,0,0,0,0,0,0,0,0,0,0,0,0,0,0,0,0,0,347,21599,0,0,0,0
71368.652,16727,59,0,0,0,0,0,8,68823,44,69,0,0,0,0,0,0,0,0,0,0,0,0,0,0,0,0,0,0,0,0,0,0,294,13565,0,0,0,0
71385.932,17279,57,0,0,0,0,0,8,68917,44,69,0,0,0,0,0,0,0,0,0,0,0,0,0,0,0,0,0,0,0,0,0,0,313,15732,0,0,0,0
71402.921,16988,58,0,0,0,0,0,8,68860,44,69,0,0,0,0,0,0,0,0,0,0,0,0,0,0,0,0,0,0,0,0,0,0,361,17959,0,0,0,0
71418.618,15696,63,0,0,0,0,0,8,68815,44,69,0,0,0,0,0,0,0,0,0,0,0,0,0,0,0,0,0,0,0,0,0,0,333,18407,0,0,0,0
71435.442,16824,59,0,0,0,0,0,8,68921,44,69,0,0,0,0,0,0,0,0,0,0,0,0,0,0,0,0,0,0,0,0,0,0,278,12756,0,0,0,0
71452.082,16640,60,0,0,0,0,0,8,68910,44,69,0,0,0,0,0,0,0,0,0,0,0,0,0,0,0,0,0,0,0,0,0,0,307,20308,0,0,0,0
71468.935,16852,59,0,0,0,0,0,8,67088,44,69,0,0,0,0,0,0,0,0,0,0,0,0,0,0,0,0,0,0,0,0,0,0,330,15286,0,0,0,0
71485.460,16525,60,0,0,0,0,0,8,67147,44,69,0,0,0,0,0,0,0,0,0,0,0,0,0,0,0,0,0,0,0,0,0,0,313,14347,0,0,0,0
71501.972,16512,60,0,0,0,0,0,8,67179,44,69,0,0,0,0,0,0,0,0,0,0,0,0,0,0,0,0,0,0,0,0,0,0,347,18288,0,0,0,0
71518.940,16968,58,0,0,0,0,0,8,67098,44,69,0,0,0,0,0,0,0,0,0,0,0,0,0,0,0,0,0,0,0,0,0,0,321,17098,0,0,0,0
71535.925,16985,58,0,0,0,0,0,8,67181,44,69,0,0,0,0,0,0,0,0,0,0,0,0,0,0,0,0,0,0,0,0,0,0,311,20673,0,0,0,0
71552.071,16145,61,0,0,0,0,0,8,67184,44,69,0,0,0,0,0,0,0,0,0,0,0,0,0,0,0,0,0,0,0,0,0,0,290,10562,0,0,0,0
71568.924,16853,59,0,0,0,0,0,8,67185,44,69,0,0,0,0,0,0,0,0,0,0,0,0,0,0,0,0,0,0,0,0,0,0,316,17166,0,0,0,0
71585.520,16595,60,0,0,0,0,0,8,336,44,69,0,0,0,0,0,0,0,0,0,0,0,0,0,0,0,0,0,0,0,0,0,0,0,0,0,0,0,0
71605.482,19962,50,0,0,0,0,0,8,69456,44,69,0,0,0,0,0,0,0,0,0,0,0,0,0,0,0,0,0,0,0,0,0,0,8814,44924,0,0,0,0
71816.570,211087,4,0,0,0,0,0,8,73601,19,74,0,0,0,0,0,0,0,0,0,0,0,0,0,0,0,0,0,0,0,0,0,0,0,211086,0,0,0,0
71829.452,12881,77,0,0,0,0,0,8,11293,5,74,0,0,0,0,0,0,0,0,0,0,0,0,0,0,0,0,0,0,0,0,0,0,150,150,0,0,0,0
71846.452,16999,58,0,0,0,0,0,8,12046,5,74,0,0,0,0,0,0,0,0,0,0,0,0,0,0,0,0,0,0,0,0,0,0,198,13858,0,0,0,0
71863.059,16607,60,0,0,0,0,0,8,4379,5,74,0,0,0,0,0,0,0,0,0,0,0,0,0,0,0,0,0,0,0,0,0,0,221,18019,0,0,0,0
71879.579,16520,60,0,0,0,0,0,8,7306,5,74,0,0,0,0,0,0,0,0,0,0,0,0,0,0,0,0,0,0,0,0,0,0,206,16079,0,0,0,0
71896.483,16904,59,0,0,0,0,0,8,4826,5,74,0,0,0,0,0,0,0,0,0,0,0,0,0,0,0,0,0,0,0,0,0,0,199,16513,0,0,0,0
71913.110,16626,60,0,0,0,0,0,8,726,5,74,0,0,0,0,0,0,0,0,0,0,0,0,0,0,0,0,0,0,0,0,0,0,219,17442,0,0,0,0
71929.610,16500,60,0,0,0,0,0,8,221,5,74,0,0,0,0,0,0,0,0,0,0,0,0,0,0,0,0,0,0,0,0,0,0,204,16144,0,0,0,0
71946.475,16865,59,0,0,0,0,0,8,46842,5,74,0,0,0,0,0,0,0,0,0,0,0,0,0,0,0,0,0,0,0,0,0,0,224,16466,0,0,0,0
71962.711,16236,61,0,0,0,0,0,8,4928,5,74,0,0,0,0,0,0,0,0,0,0,0,0,0,0,0,0,0,0,0,0,0,0,206,16335,0,0,0,0
71979.937,17225,58,0,0,0,0,0,8,21514,5,74,0,0,0,0,0,0,0,0,0,0,0,0,0,0,0,0,0,0,0,0,0,0,217,16260,0,0,0,0
71996.512,16575,60,0,0,0,0,0,8,16687,5,74,0,0,0,0,0,0,0,0,0,0,0,0,0,0,0,0,0,0,0,0,0,0,205,17723,0,0,0,0
72013.455,16943,59,0,0,0,0,0,8,129068,5,74,0,0,0,0,0,0,0,0,0,0,0,0,0,0,0,0,0,0,0,0,0,0,201,16071,0,0,0,0
72029.628,16171,61,0,0,0,0,0,8,44509,5,75,0,0,0,0,0,0,0,0,0,0,0,0,0,0,0,0,0,0,0,0,0,0,220,18008,0,0,0,0
72046.438,16810,59,0,0,0,0,0,8,379,5,75,0,0,0,0,0,0,0,0,0,0,0,0,0,0,0,0,0,0,0,0,0,0,206,16120,0,0,0,0
72062.583,16144,61,0,0,0,0,0,8,203,5,75,0,0,0,0,0,0,0,0,0,0,0,0,0,0,0,0,0,0,0,0,0,0,207,16319,0,0,0,0
72079.443,16859,59,0,0,0,0,0,8,453,5,75,0,0,0,0,0,0,0,0,0,0,0,0,0,0,0,0,0,0,0,0,0,0,200,15619,0,0,0,0
72096.476,17033,58,0,0,0,0,0,8,296,5,75,0,0,0,0,0,0,0,0,0,0,0,0,0,0,0,0,0,0,0,0,0,0,198,17412,0,0,0,0
72112.445,15969,62,0,0,0,0,0,8,209,5,75,0,0,0,0,0,0,0,0,0,0,0,0,0,0,0,0,0,0,0,0,0,0,202,17498,0,0,0,0
72129.719,17274,57,0,0,0,0,0,8,1274,5,75,0,0,0,0,0,0,0,0,0,0,0,0,0,0,0,0,0,0,0,0,0,0,182,14915,0,0,0,0
72146.178,16459,60,0,0,0,0,0,8,245,5,75,0,0,0,0,0,0,0,0,0,0,0,0,0,0,0,0,0,0,0,0,0,0,206,17315,0,0,0,0
72162.719,16540,60,0,0,0,0,0,8,1484,5,75,0,0,0,0,0,0,0,0,0,0,0,0,0,0,0,0,0,0,0,0,0,0,204,16450,0,0,0,0
72179.555,16836,59,0,0,0,0,0,8,236,5,75,0,0,0,0,0,0,0,0,0,0,0,0,0,0,0,0,0,0,0,0,0,0,203,16530,0,0,0,0
72196.504,16949,58,0,0,0,0,0,8,990,5,75,0,0,0,0,0,0,0,0,0,0,0,0,0,0,0,0,0,0,0,0,0,0,223,17886,0,0,0,0
72213.061,16556,60,0,0,0,0,0,8,1377,5,75,0,0,0,0,0,0,0,0,0,0,0,0,0,0,0,0,0,0,0,0,0,0,199,16928,0,0,0,0
72229.431,16370,61,0,0,0,0,0,8,216,5,75,0,0,0,0,0,0,0,0,0,0,0,0,0,0,0,0,0,0,0,0,0,0,186,16069,0,0,0,0
72246.919,17487,57,0,0,0,0,0,8,1465,5,75,0,0,0,0,0,0,0,0,0,0,0,0,0,0,0,0,0,0,0,0,0,0,198,16343,0,0,0,0
72262.800,15880,62,0,0,0,0,0,8,233,5,75,0,0,0,0,0,0,0,0,0,0,0,0,0,0,0,0,0,0,0,0,0,0,202,17502,0,0,0,0
72279.432,16632,60,0,0,0,0,0,8,1774,5,75,0,0,0,0,0,0,0,0,0,0,0,0,0,0,0,0,0,0,0,0,0,0,192,15848,0,0,0,0
72296.499,17067,58,0,0,0,0,0,8,878,5,75,0,0,0,0,0,0,0,0,0,0,0,0,0,0,0,0,0,0,0,0,0,0,187,16652,0,0,0,0
72312.741,16241,61,0,0,0,0,0,8,206,5,75,0,0,0,0,0,0,0,0,0,0,0,0,0,0,0,0,0,0,0,0,0,0,199,17578,0,0,0,0
72329.929,17178,58,0,0,0,0,0,8,229,5,75,0,0,0,0,0,0,0,0,0,0,0,0,0,0,0,0,0,0,0,0,0,0,178,15718,0,0,0,0
72346.072,16153,61,0,0,0,0,0,8,586,5,75,0,0,0,0,0,0,0,0,0,0,0,0,0,0,0,0,0,0,0,0,0,0,206,17189,0,0,0,0
72363.055,16982,58,0,0,0,0,0,8,410,5,75,0,0,0,0,0,0,0,0,0,0,0,0,0,0,0,0,0,0,0,0,0,0,202,16670,0,0,0,0
72379.425,16369,61,0,0,0,0,0,8,223,5,75,0,0,0,0,0,0,0,0,0,0,0,0,0,0,0,0,0,0,0,0,0,0,220,16479,0,0,0,0
72396.001,16576,60,0,0,0,0,0,8,1078,5,75,0,0,0,0,0,0,0,0,0,0,0,0,0,0,0,0,0,0,0,0,0,0,217,15862,0,0,0,0
72412.717,16715,59,0,0,0,0,0,8,207,5,75,0,0,0,0,0,0,0,0,0,0,0,0,0,0,0,0,0,0,0,0,0,0,207,16560,0,0,0,0
72429.621,16903,59,0,0,0,0,0,8,282,5,75,0,0,0,0,0,0,0,0,0,0,0,0,0,0,0,0,0,0,0,0,0,0,199,17768,0,0,0,0
72445.919,16298,61,0,0,0,0,0,8,14311,5,75,0,0,0,0,0,0,0,0,0,0,0,0,0,0,0,0,0,0,0,0,0,0,196,16366,0,0,0,0
72463.075,17156,58,0,0,0,0,0,8,16745,5,75,0,0,0,0,0,0,0,0,0,0,0,0,0,0,0,0,0,0,0,0,0,0,188,16803,0,0,0,0
72526.531,63455,15,0,0,0,0,0,8,38235,49,77,0,0,0,0,0,0,0,0,0,0,0,0,0,0,0,0,0,0,0,0,0,0,272315,78478,0,0,0,0
72537.417,10886,91,0,0,0,0,0,8,73876,44,77,0,0,0,0,0,0,0,0,0,0,0,0,0,0,0,0,0,0,0,0,0,0,423,9186,0,0,0,0
72554.538,17120,58,0,0,0,0,0,8,35403,44,77,0,0,0,0,0,0,0,0,0,0,0,0,0,0,0,0,0,0,0,0,0,0,286,7913,0,0,0,0
72571.442,16903,59,0,0,0,0,0,8,35428,44,77,0,0,0,0,0,0,0,0,0,0,0,0,0,0,0,0,0,0,0,0,0,0,344,16502,0,0,0,0
72588.440,16998,58,0,0,0,0,0,8,36567,44,77,0,0,0,0,0,0,0,0,0,0,0,0,0,0,0,0,0,0,0,0,0,0,354,17476,0,0,0,0
72604.269,15828,63,0,0,0,0,0,8,36888,44,77,0,0,0,0,0,0,0,0,0,0,0,0,0,0,0,0,0,0,0,0,0,0,314,16513,0,0,0,0
72621.264,16995,58,0,0,0,0,0,8,35550,44,77,0,0,0,0,0,0,0,0,0,0,0,0,0,0,0,0,0,0,0,0,0,0,330,15505,0,0,0,0
72638.050,16786,59,0,0,0,0,0,8,37709,44,77,0,0,0,0,0,0,0,0,0,0,0,0,0,0,0,0,0,0,0,0,0,0,345,17379,0,0,0,0
72654.672,16622,60,0,0,0,0,0,8,35134,44,77,0,0,0,0,0,0,0,0,0,0,0,0,0,0,0,0,0,0,0,0,0,0,331,16774,0,0,0,0
72671.155,16482,60,0,0,0,0,0,8,34871,44,77,0,0,0,0,0,0,0,0,0,0,0,0,0,0,0,0,0,0,0,0,0,0,328,16583,0,0,0,0
72688.054,16899,59,0,0,0,0,0,8,35098,44,77,0,0,0,0,0,0,0,0,0,0,0,0,0,0,0,0,0,0,0,0,0,0,317,16637,0,0,0,0
72704.918,16863,59,0,0,0,0,0,8,34086,44,77,0,0,0,0,0,0,0,0,0,0,0,0,0,0,0,0,0,0,0,0,0,0,340,17354,0,0,0,0
72721.107,16189,61,0,0,0,0,0,8,33840,44,77,0,0,0,0,0,0,0,0,0,0,0,0,0,0,0,0,0,0,0,0,0,0,320,15865,0,0,0,0
72737.745,16638,60,0,0,0,0,0,8,34678,44,77,0,0,0,0,0,0,0,0,0,0,0,0,0,0,0,0,0,0,0,0,0,0,334,16545,0,0,0,0
72754.440,16694,59,0,0,0,0,0,8,34635,44,77,0,0,0,0,0,0,0,0,0,0,0,0,0,0,0,0,0,0,0,0,0,0,323,16628,0,0,0,0
72771.054,16614,60,0,0,0,0,0,8,32637,44,77,0,0,0,0,0,0,0,0,0,0,0,0,0,0,0,0,0,0,0,0,0,0,353,16977,0,0,0,0
72788.443,17388,57,0,0,0,0,0,8,32767,44,77,0,0,0,0,0,0,0,0,0,0,0,0,0,0,0,0,0,0,0,0,0,0,337,16386,0,0,0,0
72804.504,16061,62,0,0,0,0,0,8,32277,44,77,0,0,0,0,0,0,0,0,0,0,0,0,0,0,0,0,0,0,0,0,0,0,340,16973,0,0,0,0
72821.926,17421,57,0,0,0,0,0,8,32201,44,77,0,0,0,0,0,0,0,0,0,0,0,0,0,0,0,0,0,0,0,0,0,0,345,16012,0,0,0,0
72837.228,15302,65,0,0,0,0,0,8,31716,44,77,0,0,0,0,0,0,0,0,0,0,0,0,0,0,0,0,0,0,0,0,0,0,335,17562,0,0,0,0
72854.480,17251,57,0,0,0,0,0,8,31863,44,77,0,0,0,0,0,0,0,0,0,0,0,0,0,0,0,0,0,0,0,0,0,0,324,14917,0,0,0,0
72871.242,16761,59,0,0,0,0,0,8,31885,44,77,0,0,0,0,0,0,0,0,0,0,0,0,0,0,0,0,0,0,0,0,0,0,341,17964,0,0,0,0
72888.434,17192,58,0,0,0,0,0,8,32936,44,77,0,0,0,0,0,0,0,0,0,0,0,0,0,0,0,0,0,0,0,0,0,0,349,17425,0,0,0,0
72904.584,16150,61,0,0,0,0,0,8,31198,44,77,0,0,0,0,0,0,0,0,0,0,0,0,0,0,0,0,0,0,0,0,0,0,335,16224,0,0,0,0
72921.070,16485,60,0,0,0,0,0,8,30955,44,77,0,0,0,0,0,0,0,0,0,0,0,0,0,0,0,0,0,0,0,0,0,0,303,16146,0,0,0,0
72937.922,16851,59,0,0,0,0,0,8,31131,44,77,0,0,0,0,0,0,0,0,0,0,0,0,0,0,0,0,0,0,0,0,0,0,307,16695,0,0,0,0
72954.747,16825,59,0,0,0,0,0,8,31241,44,77,0,0,0,0,0,0,0,0,0,0,0,0,0,0,0,0,0,0,0,0,0,0,315,16703,0,0,0,0
72971.913,17166,58,0,0,0,0,0,8,31297,44,77,0,0,0,0,0,0,0,0,0,0,0,0,0,0,0,0,0,0,0,0,0,0,316,16781,0,0,0,0
72988.136,16222,61,0,0,0,0,0,8,31267,44,77,0,0,0,0,0,0,0,0,0,0,0,0,0,0,0,0,0,0,0,0,0,0,339,17299,0,0,0,0
73004.431,16295,61,0,0,0,0,0,8,31156,44,77,0,0,0,0,0,0,0,0,0,0,0,0,0,0,0,0,0,0,0,0,0,0,313,16286,0,0,0,0
73021.123,16692,59,0,0,0,0,0,8,31117,44,77,0,0,0,0,0,0,0,0,0,0,0,0,0,0,0,0,0,0,0,0,0,0,334,16514,0,0,0,0
73038.055,16931,59,0,0,0,0,0,8,31447,44,77,0,0,0,0,0,0,0,0,0,0,0,0,0,0,0,0,0,0,0,0,0,0,307,16434,0,0,0,0
73054.495,16440,60,0,0,0,0,0,8,31301,44,77,0,0,0,0,0,0,0,0,0,0,0,0,0,0,0,0,0,0,0,0,0,0,335,16816,0,0,0,0
73071.423,16928,59,0,0,0,0,0,8,30375,44,77,0,0,0,0,0,0,0,0,0,0,0,0,0,0,0,0,0,0,0,0,0,0,337,16424,0,0,0,0
73087.909,16486,60,0,0,0,0,0,8,29984,44,77,0,0,0,0,0,0,0,0,0,0,0,0,0,0,0,0,0,0,0,0,0,0,349,16736,0,0,0,0
73104.423,16513,60,0,0,0,0,0,8,30248,44,77,0,0,0,0,0,0,0,0,0,0,0,0,0,0,0,0,0,0,0,0,0,0,346,16552,0,0,0,0
73121.596,17173,58,0,0,0,0,0,8,30094,44,77,0,0,0,0,0,0,0,0,0,0,0,0,0,0,0,0,0,0,0,0,0,0,342,16522,0,0,0,0
73137.664,16067,62,0,0,0,0,0,8,30047,44,77,0,0,0,0,0,0,0,0,0,0,0,0,0,0,0,0,0,0,0,0,0,0,321,16911,0,0,0,0
73153.984,16320,61,0,0,0,0,0,8,29717,44,77,0,0,0,0,0,0,0,0,0,0,0,0,0,0,0,0,0,0,0,0,0,0,339,16042,0,0,0,0
73171.428,17444,57,0,0,0,0,0,8,29786,44,77,0,0,0,0,0,0,0,0,0,0,0,0,0,0,0,0,0,0,0,0,0,0,332,16561,0,0,0,0
73187.909,16480,60,0,0,0,0,0,8,29951,44,77,0,0,0,0,0,0,0,0,0,0,0,0,0,0,0,0,0,0,0,0,0,0,324,17309,0,0,0,0
73204.908,16999,58,0,0,0,0,0,8,29920,44,77,0,0,0,0,0,0,0,0,0,0,0,0,0,0,0,0,0,0,0,0,0,0,359,16747,0,0,0,0
73221.214,16305,61,0,0,0,0,0,8,29629,44,77,0,0,0,0,0,0,0,0,0,0,0,0,0,0,0,0,0,0,0,0,0,0,348,17056,0,0,0,0
73237.427,16213,61,0,0,0,0,0,8,29602,44,77,0,0,0,0,0,0,0,0,0,0,0,0,0,0,0,0,0,0,0,0,0,0,338,16000,0,0,0,0
73254.777,17350,57,0,0,0,0,0,8,29437,44,77,0,0,0,0,0,0,0,0,0,0,0,0,0,0,0,0,0,0,0,0,0,0,318,16238,0,0,0,0
73271.430,16653,60,0,0,0,0,0,8,29325,44,77,0,0,0,0,0,0,0,0,0,0,0,0,0,0,0,0,0,0,0,0,0,0,308,16164,0,0,0,0
73288.907,17477,57,0,0,0,0,0,8,29742,44,77,0,0,0,0,0,0,0,0,0,0,0,0,0,0,0,0,0,0,0,0,0,0,340,17903,0,0,0,0
73304.713,15806,63,0,0,0,0,0,8,29483,44,77,0,0,0,0,0,0,0,0,0,0,0,0,0,0,0,0,0,0,0,0,0,0,362,17701,0,0,0,0
73321.322,16609,60,0,0,0,0,0,8,29597,44,77,0,0,0,0,0,0,0,0,0,0,0,0,0,0,0,0,0,0,0,0,0,0,312,15312,0,0,0,0
73337.757,16434,60,0,0,0,0,0,8,29307,44,77,0,0,0,0,0,0,0,0,0,0,0,0,0,0,0,0,0,0,0,0,0,0,358,16627,0,0,0,0
73354.601,16844,59,0,0,0,0,0,8,29242,44,77,0,0,0,0,0,0,0,0,0,0,0,0,0,0,0,0,0,0,0,0,0,0,315,16231,0,0,0,0
73371.919,17317,57,0,0,0,0,0,8,30880,44,77,0,0,0,0,0,0,0,0,0,0,0,0,0,0,0,0,0,0,0,0,0,0,341,17048,0,0,0,0
73387.913,15994,62,0,0,0,0,0,8,30534,44,77,0,0,0,0,0,0,0,0,0,0,0,0,0,0,0,0,0,0,0,0,0,0,362,17611,0,0,0,0
73404.912,16999,58,0,0,0,0,0,8,30328,44,77,0,0,0,0,0,0,0,0,0,0,0,0,0,0,0,0,0,0,0,0,0,0,375,16131,0,0,0,0
73421.069,16157,61,0,0,0,0,0,8,30126,44,77,0,0,0,0,0,0,0,0,0,0,0,0,0,0,0,0,0,0,0,0,0,0,341,16596,0,0,0,0
73437.914,16845,59,0,0,0,0,0,8,29699,44,77,0,0,0,0,0,0,0,0,0,0,0,0,0,0,0,0,0,0,0,0,0,0,324,16261,0,0,0,0
73454.693,16778,59,0,0,0,0,0,8,28571,44,77,0,0,0,0,0,0,0,0,0,0,0,0,0,0,0,0,0,0,0,0,0,0,344,16788,0,0,0,0
73471.302,16609,60,0,0,0,0,0,8,29823,44,77,0,0,0,0,0,0,0,0,0,0,0,0,0,0,0,0,0,0,0,0,0,0,346,16884,0,0,0,0
73487.926,16610,60,0,0,0,0,0,8,29149,44,77,0,0,0,0,0,0,0,0,0,0,0,0,0,0,0,0,0,0,0,0,0,0,340,16166,0,0,0,0
73504.484,16570,60,0,0,0,0,0,8,28887,44,77,0,0,0,0,0,0,0,0,0,0,0,0,0,0,0,0,0,0,0,0,0,0,328,16807,0,0,0,0
73521.498,17014,58,0,0,0,0,0,8,28632,44,77,0,0,0,0,0,0,0,0,0,0,0,0,0,0,0,0,0,0,0,0,0,0,354,16767,0,0,0,0
73538.102,16603,60,0,0,0,0,0,8,28956,44,77,0,0,0,0,0,0,0,0,0,0,0,0,0,0,0,0,0,0,0,0,0,0,337,16565,0,0,0,0
73554.414,16312,61,0,0,0,0,0,8,28660,44,77,0,0,0,0,0,0,0,0,0,0,0,0,0,0,0,0,0,0,0,0,0,0,340,16808,0,0,0,0
73571.050,16636,60,0,0,0,0,0,8,28674,44,77,0,0,0,0,0,0,0,0,0,0,0,0,0,0,0,0,0,0,0,0,0,0,338,16528,0,0,0,0
73588.439,17388,57,0,0,0,0,0,8,29810,44,77,0,0,0,0,0,0,0,0,0,0,0,0,0,0,0,0,0,0,0,0,0,0,339,16747,0,0,0,0
73604.480,16041,62,0,0,0,0,0,8,28658,44,77,0,0,0,0,0,0,0,0,0,0,0,0,0,0,0,0,0,0,0,0,0,0,342,16819,0,0,0,0
73621.084,16604,60,0,0,0,0,0,8,28627,44,77,0,0,0,0,0,0,0,0,0,0,0,0,0,0,0,0,0,0,0,0,0,0,343,16625,0,0,0,0
73637.967,16882,59,0,0,0,0,0,8,28321,44,77,0,0,0,0,0,0,0,0,0,0,0,0,0,0,0,0,0,0,0,0,0,0,346,16311,0,0,0,0
73654.406,16438,60,0,0,0,0,0,8,28432,44,77,0,0,0,0,0,0,0,0,0,0,0,0,0,0,0,0,0,0,0,0,0,0,340,16667,0,0,0,0
73671.190,16784,59,0,0,0,0,0,8,28217,44,77,0,0,0,0,0,0,0,0,0,0,0,0,0,0,0,0,0,0,0,0,0,0,331,16565,0,0,0,0
73687.906,16716,59,0,0,0,0,0,8,28333,44,77,0,0,0,0,0,0,0,0,0,0,0,0,0,0,0,0,0,0,0,0,0,0,313,16849,0,0,0,0
73704.566,16660,60,0,0,0,0,0,8,28403,44,77,0,0,0,0,0,0,0,0,0,0,0,0,0,0,0,0,0,0,0,0,0,0,346,16789,0,0,0,0
73721.499,16933,59,0,0,0,0,0,8,28158,44,77,0,0,0,0,0,0,0,0,0,0,0,0,0,0,0,0,0,0,0,0,0,0,340,16626,0,0,0,0
73737.704,16204,61,0,0,0,0,0,8,28798,44,77,0,0,0,0,0,0,0,0,0,0,0,0,0,0,0,0,0,0,0,0,0,0,332,16490,0,0,0,0
73754.586,16882,59,0,0,0,0,0,8,28541,44,77,0,0,0,0,0,0,0,0,0,0,0,0,0,0,0,0,0,0,0,0,0,0,335,16564,0,0,0,0
73770.639,16053,62,0,0,0,0,0,8,28321,44,77,0,0,0,0,0,0,0,0,0,0,0,0,0,0,0,0,0,0,0,0,0,0,336,16883,0,0,0,0
73787.661,17022,58,0,0,0,0,0,8,28092,44,77,0,0,0,0,0,0,0,0,0,0,0,0,0,0,0,0,0,0,0,0,0,0,321,15871,0,0,0,0
73804.413,16751,59,0,0,0,0,0,8,28054,44,77,0,0,0,0,0,0,0,0,0,0,0,0,0,0,0,0,0,0,0,0,0,0,327,17242,0,0,0,0
73821.228,16815,59,0,0,0,0,0,8,29381,44,77,0,0,0,0,0,0,0,0,0,0,0,0,0,0,0,0,0,0,0,0,0,0,330,16787,0,0,0,0
73837.913,16685,59,0,0,0,0,0,8,27424,44,77,0,0,0,0,0,0,0,0,0,0,0,0,0,0,0,0,0,0,0,0,0,0,356,16858,0,0,0,0
73854.742,16829,59,0,0,0,0,0,8,28442,44,77,0,0,0,0,0,0,0,0,0,0,0,0,0,0,0,0,0,0,0,0,0,0,348,16698,0,0,0,0
73871.285,16542,60,0,0,0,0,0,8,28221,44,77,0,0,0,0,0,0,0,0,0,0,0,0,0,0,0,0,0,0,0,0,0,0,333,16959,0,0,0,0
73888.044,16758,59,0,0,0,0,0,8,28085,44,77,0,0,0,0,0,0,0,0,0,0,0,0,0,0,0,0,0,0,0,0,0,0,325,16257,0,0,0,0
73904.696,16652,60,0,0,0,0,0,8,28222,44,77,0,0,0,0,0,0,0,0,0,0,0,0,0,0,0,0,0,0,0,0,0,0,365,16986,0,0,0,0
73921.144,16448,60,0,0,0,0,0,8,27979,44,77,0,0,0,0,0,0,0,0,0,0,0,0,0,0,0,0,0,0,0,0,0,0,327,16529,0,0,0,0
73937.903,16759,59,0,0,0,0,0,8,28242,44,77,0,0,0,0,0,0,0,0,0,0,0,0,0,0,0,0,0,0,0,0,0,0,342,16531,0,0,0,0
73954.727,16824,59,0,0,0,0,0,8,29535,44,77,0,0,0,0,0,0,0,0,0,0,0,0,0,0,0,0,0,0,0,0,0,0,328,16767,0,0,0,0
73971.130,16402,60,0,0,0,0,0,8,27649,44,77,0,0,0,0,0,0,0,0,0,0,0,0,0,0,0,0,0,0,0,0,0,0,341,17178,0,0,0,0
73987.914,16784,59,0,0,0,0,0,8,27899,44,77,0,0,0,0,0,0,0,0,0,0,0,0,0,0,0,0,0,0,0,0,0,0,302,16017,0,0,0,0
74004.517,16602,60,0,0,0,0,0,8,27899,44,77,0,0,0,0,0,0,0,0,0,0,0,0,0,0,0,0,0,0,0,0,0,0,343,16857,0,0,0,0
74021.267,16749,59,0,0,0,0,0,8,27931,44,77,0,0,0,0,0,0,0,0,0,0,0,0,0,0,0,0,0,0,0,0,0,0,338,16672,0,0,0,0
74037.678,16411,60,0,0,0,0,0,8,28025,44,77,0,0,0,0,0,0,0,0,0,0,0,0,0,0,0,0,0,0,0,0,0,0,323,16599,0,0,0,0
74054.664,16986,58,0,0,0,0,0,8,29266,44,77,0,0,0,0,0,0,0,0,0,0,0,0,0,0,0,0,0,0,0,0,0,0,342,16524,0,0,0,0
74071.450,16785,59,0,0,0,0,0,8,28825,44,77,0,0,0,0,0,0,0,0,0,0,0,0,0,0,0,0,0,0,0,0,0,0,327,16989,0,0,0,0
74088.099,16648,60,0,0,0,0,0,8,29848,44,77,0,0,0,0,0,0,0,0,0,0,0,0,0,0,0,0,0,0,0,0,0,0,341,17068,0,0,0,0
74104.495,16396,60,0,0,0,0,0,8,29897,44,77,0,0,0,0,0,0,0,0,0,0,0,0,0,0,0,0,0,0,0,0,0,0,357,16311,0,0,0,0
74121.396,16900,59,0,0,0,0,0,8,30231,44,77,0,0,0,0,0,0,0,0,0,0,0,0,0,0,0,0,0,0,0,0,0,0,374,16637,0,0,0,0
74137.923,16527,60,0,0,0,0,0,8,31523,44,77,0,0,0,0,0,0,0,0,0,0,0,0,0,0,0,0,0,0,0,0,0,0,336,16931,0,0,0,0
74154.472,16549,60,0,0,0,0,0,8,34895,44,77,0,0,0,0,0,0,0,0,0,0,0,0,0,0,0,0,0,0,0,0,0,0,323,16689,0,0,0,0
74171.250,16777,59,0,0,0,0,0,8,34636,44,77,0,0,0,0,0,0,0,0,0,0,0,0,0,0,0,0,0,0,0,0,0,0,337,16686,0,0,0,0
74187.903,16653,60,0,0,0,0,0,8,30208,44,77,0,0,0,0,0,0,0,0,0,0,0,0,0,0,0,0,0,0,0,0,0,0,363,16284,0,0,0,0
74204.453,16549,60,0,0,0,0,0,8,28298,44,77,0,0,0,0,0,0,0,0,0,0,0,0,0,0,0,0,0,0,0,0,0,0,356,16623,0,0,0,0
74221.469,17015,58,0,0,0,0,0,8,28886,44,77,0,0,0,0,0,0,0,0,0,0,0,0,0,0,0,0,0,0,0,0,0,0,332,16306,0,0,0,0
74238.034,16565,60,0,0,0,0,0,8,29814,44,77,0,0,0,0,0,0,0,0,0,0,0,0,0,0,0,0,0,0,0,0,0,0,371,17684,0,0,0,0
74254.757,16722,59,0,0,0,0,0,8,29107,44,77,0,0,0,0,0,0,0,0,0,0,0,0,0,0,0,0,0,0,0,0,0,0,358,16349,0,0,0,0
74271.431,16674,59,0,0,0,0,0,8,29306,44,77,0,0,0,0,0,0,0,0,0,0,0,0,0,0,0,0,0,0,0,0,0,0,346,16500,0,0,0,0
74288.034,16602,60,0,0,0,0,0,8,29462,44,77,0,0,0,0,0,0,0,0,0,0,0,0,0,0,0,0,0,0,0,0,0,0,318,16359,0,0,0,0
74304.604,16569,60,0,0,0,0,0,8,29434,44,77,0,0,0,0,0,0,0,0,0,0,0,0,0,0,0,0,0,0,0,0,0,0,379,17071,0,0,0,0
74321.905,17301,57,0,0,0,0,0,8,29097,44,77,0,0,0,0,0,0,0,0,0,0,0,0,0,0,0,0,0,0,0,0,0,0,343,16121,0,0,0,0
74338.121,16216,61,0,0,0,0,0,8,20299,44,77,0,0,0,0,0,0,0,0,0,0,0,0,0,0,0,0,0,0,0,0,0,0,335,17086,0,0,0,0
74354.429,16307,61,0,0,0,0,0,8,19569,44,77,0,0,0,0,0,0,0,0,0,0,0,0,0,0,0,0,0,0,0,0,0,0,349,16241,0,0,0,0
74371.478,17049,58,0,0,0,0,0,8,19017,44,77,0,0,0,0,0,0,0,0,0,0,0,0,0,0,0,0,0,0,0,0,0,0,336,16331,0,0,0,0
74387.909,16430,60,0,0,0,0,0,8,19001,44,77,0,0,0,0,0,0,0,0,0,0,0,0,0,0,0,0,0,0,0,0,0,0,343,16605,0,0,0,0
74404.610,16700,59,0,0,0,0,0,8,19163,44,77,0,0,0,0,0,0,0,0,0,0,0,0,0,0,0,0,0,0,0,0,0,0,328,16411,0,0,0,0
74421.291,16681,59,0,0,0,0,0,8,19020,44,77,0,0,0,0,0,0,0,0,0,0,0,0,0,0,0,0,0,0,0,0,0,0,344,17098,0,0,0,0
74438.419,17127,58,0,0,0,0,0,8,19880,44,77,0,0,0,0,0,0,0,0,0,0,0,0,0,0,0,0,0,0,0,0,0,0,351,16488,0,0,0,0
74454.488,16068,62,0,0,0,0,0,8,20447,44,77,0,0,0,0,0,0,0,0,0,0,0,0,0,0,0,0,0,0,0,0,0,0,349,17247,0,0,0,0
74471.175,16687,59,0,0,0,0,0,8,20819,44,77,0,0,0,0,0,0,0,0,0,0,0,0,0,0,0,0,0,0,0,0,0,0,337,16245,0,0,0,0
74488.090,16915,59,0,0,0,0,0,8,22027,44,77,0,0,0,0,0,0,0,0,0,0,0,0,0,0,0,0,0,0,0,0,0,0,348,17128,0,0,0,0
74504.513,16422,60,0,0,0,0,0,8,22378,44,77,0,0,0,0,0,0,0,0,0,0,0,0,0,0,0,0,0,0,0,0,0,0,322,16342,0,0,0,0
74521.217,16704,59,0,0,0,0,0,8,22928,44,77,0,0,0,0,0,0,0,0,0,0,0,0,0,0,0,0,0,0,0,0,0,0,320,16959,0,0,0,0
74537.893,16675,59,0,0,0,0,0,8,24562,44,77,0,0,0,0,0,0,0,0,0,0,0,0,0,0,0,0,0,0,0,0,0,0,350,16521,0,0,0,0
74554.498,16604,60,0,0,0,0,0,8,27009,44,77,0,0,0,0,0,0,0,0,0,0,0,0,0,0,0,0,0,0,0,0,0,0,330,16937,0,0,0,0
74571.330,16832,59,0,0,0,0,0,8,36687,44,77,0,0,0,0,0,0,0,0,0,0,0,0,0,0,0,0,0,0,0,0,0,0,355,17240,0,0,0,0
74588.036,16705,59,0,0,0,0,0,8,38336,44,77,0,0,0,0,0,0,0,0,0,0,0,0,0,0,0,0,0,0,0,0,0,0,335,16566,0,0,0,0
74604.902,16866,59,0,0,0,0,0,8,38525,44,77,0,0,0,0,0,0,0,0,0,0,0,0,0,0,0,0,0,0,0,0,0,0,340,17129,0,0,0,0
74621.007,16104,62,0,0,0,0,0,8,41319,44,77,0,0,0,0,0,0,0,0,0,0,0,0,0,0,0,0,0,0,0,0,0,0,329,16937,0,0,0,0
74638.138,17131,58,0,0,0,0,0,8,44433,44,77,0,0,0,0,0,0,0,0,0,0,0,0,0,0,0,0,0,0,0,0,0,0,321,16345,0,0,0,0
74654.231,16092,62,0,0,0,0,0,8,47449,44,77,0,0,0,0,0,0,0,0,0,0,0,0,0,0,0,0,0,0,0,0,0,0,321,18062,0,0,0,0
74671.901,17670,56,0,0,0,0,0,8,46939,44,77,0,0,0,0,0,0,0,0,0,0,0,0,0,0,0,0,0,0,0,0,0,0,306,15390,0,0,0,0
74687.935,16033,62,0,0,0,0,0,8,48173,44,77,0,0,0,0,0,0,0,0,0,0,0,0,0,0,0,0,0,0,0,0,0,0,335,17808,0,0,0,0
74704.419,16483,60,0,0,0,0,0,8,49233,44,77,0,0,0,0,0,0,0,0,0,0,0,0,0,0,0,0,0,0,0,0,0,0,340,16427,0,0,0,0
74720.974,16554,60,0,0,0,0,0,8,50895,44,77,0,0,0,0,0,0,0,0,0,0,0,0,0,0,0,0,0,0,0,0,0,0,367,18010,0,0,0,0
74738.170,17196,58,0,0,0,0,0,8,53030,44,77,0,0,0,0,0,0,0,0,0,0,0,0,0,0,0,0,0,0,0,0,0,0,352,18628,0,0,0,0
74754.900,16730,59,0,0,0,0,0,8,54776,44,77,0,0,0,0,0,0,0,0,0,0,0,0,0,0,0,0,0,0,0,0,0,0,287,17886,0,0,0,0
74771.568,16667,59,0,0,0,0,0,8,55255,44,77,0,0,0,0,0,0,0,0,0,0,0,0,0,0,0,0,0,0,0,0,0,0,294,15945,0,0,0,0
74788.118,16550,60,0,0,0,0,0,8,55554,44,77,0,0,0,0,0,0,0,0,0,0,0,0,0,0,0,0,0,0,0,0,0,0,299,13979,0,0,0,0
74804.438,16319,61,0,0,0,0,0,8,59445,44,77,0,0,0,0,0,0,0,0,0,0,0,0,0,0,0,0,0,0,0,0,0,0,327,21665,0,0,0,0
74821.042,16603,60,0,0,0,0,0,8,58271,44,77,0,0,0,0,0,0,0,0,0,0,0,0,0,0,0,0,0,0,0,0,0,0,278,11062,0,0,0,0
74838.414,17373,57,0,0,0,0,0,8,58669,44,77,0,0,0,0,0,0,0,0,0,0,0,0,0,0,0,0,0,0,0,0,0,0,324,16542,0,0,0,0
74854.357,15943,62,0,0,0,0,0,8,61541,44,77,0,0,0,0,0,0,0,0,0,0,0,0,0,0,0,0,0,0,0,0,0,0,310,17815,0,0,0,0
74871.407,17049,58,0,0,0,0,0,8,62867,44,77,0,0,0,0,0,0,0,0,0,0,0,0,0,0,0,0,0,0,0,0,0,0,310,17945,0,0,0,0
74887.895,16487,60,0,0,0,0,0,8,63595,44,77,0,0,0,0,0,0,0,0,0,0,0,0,0,0,0,0,0,0,0,0,0,0,325,16923,0,0,0,0
74904.604,16709,59,0,0,0,0,0,8,63639,44,77,0,0,0,0,0,0,0,0,0,0,0,0,0,0,0,0,0,0,0,0,0,0,286,14892,0,0,0,0
74921.449,16845,59,0,0,0,0,0,8,64296,44,77,0,0,0,0,0,0,0,0,0,0,0,0,0,0,0,0,0,0,0,0,0,0,344,18200,0,0,0,0
74938.905,17455,57,0,0,0,0,0,8,64589,44,77,0,0,0,0,0,0,0,0,0,0,0,0,0,0,0,0,0,0,0,0,0,0,323,16277,0,0,0,0
74954.607,15702,63,0,0,0,0,0,8,64645,44,77,0,0,0,0,0,0,0,0,0,0,0,0,0,0,0,0,0,0,0,0,0,0,346,18604,0,0,0,0
74971.175,16567,60,0,0,0,0,0,8,64589,44,77,0,0,0,0,0,0,0,0,0,0,0,0,0,0,0,0,0,0,0,0,0,0,270,13261,0,0,0,0
74987.904,16729,59,0,0,0,0,0,8,64786,44,77,0,0,0,0,0,0,0,0,0,0,0,0,0,0,0,0,0,0,0,0,0,0,301,17270,0,0,0,0
75004.657,16752,59,0,0,0,0,0,8,64640,44,77,0,0,0,0,0,0,0,0,0,0,0,0,0,0,0,0,0,0,0,0,0,0,341,19029,0,0,0,0
75021.223,16566,60,0,0,0,0,0,8,64523,44,77,0,0,0,0,0,0,0,0,0,0,0,0,0,0,0,0,0,0,0,0,0,0,321,15652,0,0,0,0
75037.891,16668,59,0,0,0,0,0,8,64868,44,77,0,0,0,0,0,0,0,0,0,0,0,0,0,0,0,0,0,0,0,0,0,0,310,15394,0,0,0,0
75054.434,16543,60,0,0,0,0,0,8,66765,44,77,0,0,0,0,0,0,0,0,0,0,0,0,0,0,0,0,0,0,0,0,0,0,318,16521,0,0,0,0
75071.434,16999,58,0,0,0,0,0,8,66504,44,77,0,0,0,0,0,0,0,0,0,0,0,0,0,0,0,0,0,0,0,0,0,0,289,17610,0,0,0,0
75087.573,16139,61,0,0,0,0,0,8,66478,44,77,0,0,0,0,0,0,0,0,0,0,0,0,0,0,0,0,0,0,0,0,0,0,294,15669,0,0,0,0
75104.395,16822,59,0,0,0,0,0,8,66518,44,77,0,0,0,0,0,0,0,0,0,0,0,0,0,0,0,0,0,0,0,0,0,0,323,16758,0,0,0,0
75121.178,16782,59,0,0,0,0,0,8,66660,44,77,0,0,0,0,0,0,0,0,0,0,0,0,0,0,0,0,0,0,0,0,0,0,329,18170,0,0,0,0
75137.817,16639,60,0,0,0,0,0,8,66687,44,77,0,0,0,0,0,0,0,0,0,0,0,0,0,0,0,0,0,0,0,0,0,0,313,14675,0,0,0,0
75154.346,16529,60,0,0,0,0,0,8,66484,44,77,0,0,0,0,0,0,0,0,0,0,0,0,0,0,0,0,0,0,0,0,0,0,314,16666,0,0,0,0
75171.419,17072,58,0,0,0,0,0,8,66602,44,77,0,0,0,0,0,0,0,0,0,0,0,0,0,0,0,0,0,0,0,0,0,0,308,18842,0,0,0,0
75187.854,16434,60,0,0,0,0,0,8,66817,44,77,0,0,0,0,0,0,0,0,0,0,0,0,0,0,0,0,0,0,0,0,0,0,276,15382,0,0,0,0
75204.433,16578,60,0,0,0,0,0,8,67196,44,77,0,0,0,0,0,0,0,0,0,0,0,0,0,0,0,0,0,0,0,0,0,0,306,16285,0,0,0,0
75221.446,17013,58,0,0,0,0,0,8,67040,44,77,0,0,0,0,0,0,0,0,0,0,0,0,0,0,0,0,0,0,0,0,0,0,304,16578,0,0,0,0
75238.090,16643,60,0,0,0,0,0,8,67428,44,77,0,0,0,0,0,0,0,0,0,0,0,0,0,0,0,0,0,0,0,0,0,0,322,16902,0,0,0,0
75254.431,16341,61,0,0,0,0,0,8,67601,44,77,0,0,0,0,0,0,0,0,0,0,0,0,0,0,0,0,0,0,0,0,0,0,317,19260,0,0,0,0
75271.283,16852,59,0,0,0,0,0,8,68455,44,77,0,0,0,0,0,0,0,0,0,0,0,0,0,0,0,0,0,0,0,0,0,0,273,13452,0,0,0,0
75287.918,16635,60,0,0,0,0,0,8,67986,44,77,0,0,0,0,0,0,0,0,0,0,0,0,0,0,0,0,0,0,0,0,0,0,306,16744,0,0,0,0
75304.594,16675,59,0,0,0,0,0,8,67855,44,77,0,0,0,0,0,0,0,0,0,0,0,0,0,0,0,0,0,0,0,0,0,0,323,16712,0,0,0,0
75321.431,16836,59,0,0,0,0,0,8,65533,44,77,0,0,0,0,0,0,0,0,0,0,0,0,0,0,0,0,0,0,0,0,0,0,352,18586,0,0,0,0
75337.786,16354,61,0,0,0,0,0,8,65595,44,77,0,0,0,0,0,0,0,0,0,0,0,0,0,0,0,0,0,0,0,0,0,0,325,16678,0,0,0,0
75354.614,16828,59,0,0,0,0,0,8,66482,44,77,0,0,0,0,0,0,0,0,0,0,0,0,0,0,0,0,0,0,0,0,0,0,310,14495,0,0,0,0
75371.408,16793,59,0,0,0,0,0,8,65895,44,77,0,0,0,0,0,0,0,0,0,0,0,0,0,0,0,0,0,0,0,0,0,0,318,17237,0,0,0,0
75388.031,16623,60,0,0,0,0,0,8,65704,44,77,0,0,0,0,0,0,0,0,0,0,0,0,0,0,0,0,0,0,0,0,0,0,341,17930,0,0,0,0
75404.345,16314,61,0,0,0,0,0,8,65506,44,77,0,0,0,0,0,0,0,0,0,0,0,0,0,0,0,0,0,0,0,0,0,0,341,17594,0,0,0,0
75421.214,16868,59,0,0,0,0,0,8,66304,44,77,0,0,0,0,0,0,0,0,0,0,0,0,0,0,0,0,0,0,0,0,0,0,289,13951,0,0,0,0
75438.024,16810,59,0,0,0,0,0,8,65855,44,77,0,0,0,0,0,0,0,0,0,0,0,0,0,0,0,0,0,0,0,0,0,0,331,16768,0,0,0,0
75454.891,16866,59,0,0,0,0,0,8,65718,44,77,0,0,0,0,0,0,0,0,0,0,0,0,0,0,0,0,0,0,0,0,0,0,321,19366,0,0,0,0
75471.053,16162,61,0,0,0,0,0,8,65367,44,77,0,0,0,0,0,0,0,0,0,0,0,0,0,0,0,0,0,0,0,0,0,0,305,16378,0,0,0,0
75488.891,17837,56,0,0,0,0,0,8,66328,44,77,0,0,0,0,0,0,0,0,0,0,0,0,0,0,0,0,0,0,0,0,0,0,281,14026,0,0,0,0
75504.649,15758,63,0,0,0,0,0,8,65269,44,77,0,0,0,0,0,0,0,0,0,0,0,0,0,0,0,0,0,0,0,0,0,0,366,20021,0,0,0,0
75521.112,16462,60,0,0,0,0,0,8,65899,44,77,0,0,0,0,0,0,0,0,0,0,0,0,0,0,0,0,0,0,0,0,0,0,272,13700,0,0,0,0
75537.292,16179,61,0,0,0,0,0,8,65072,44,77,0,0,0,0,0,0,0,0,0,0,0,0,0,0,0,0,0,0,0,0,0,0,314,17461,0,0,0,0
75554.465,17173,58,0,0,0,0,0,8,65728,44,77,0,0,0,0,0,0,0,0,0,0,0,0,0,0,0,0,0,0,0,0,0,0,305,17001,0,0,0,0
75571.899,17434,57,0,0,0,0,0,8,64858,44,77,0,0,0,0,0,0,0,0,0,0,0,0,0,0,0,0,0,0,0,0,0,0,301,15483,0,0,0,0
75587.678,15779,63,0,0,0,0,0,8,64545,44,77,0,0,0,0,0,0,0,0,0,0,0,0,0,0,0,0,0,0,0,0,0,0,305,17927,0,0,0,0
75604.905,17226,58,0,0,0,0,0,8,65145,44,77,0,0,0,0,0,0,0,0,0,0,0,0,0,0,0,0,0,0,0,0,0,0,287,16292,0,0,0,0
75620.906,16001,62,0,0,0,0,0,8,64321,44,77,0,0,0,0,0,0,0,0,0,0,0,0,0,0,0,0,0,0,0,0,0,0,320,18219,0,0,0,0
75637.895,16988,58,0,0,0,0,0,8,64918,44,77,0,0,0,0,0,0,0,0,0,0,0,0,0,0,0,0,0,0,0,0,0,0,298,15376,0,0,0,0
75654.290,16395,60,0,0,0,0,0,8,64530,44,77,0,0,0,0,0,0,0,0,0,0,0,0,0,0,0,0,0,0,0,0,0,0,300,15206,0,0,0,0
75671.451,17161,58,0,0,0,0,0,8,64487,44,77,0,0,0,0,0,0,0,0,0,0,0,0,0,0,0,0,0,0,0,0,0,0,284,16576,0,0,0,0
75688.112,16660,60,0,0,0,0,0,8,64668,44,77,0,0,0,0,0,0,0,0,0,0,0,0,0,0,0,0,0,0,0,0,0,0,321,18459,0,0,0,0
75704.412,16299,61,0,0,0,0,0,8,65214,44,77,0,0,0,0,0,0,0,0,0,0,0,0,0,0,0,0,0,0,0,0,0,0,317,17341,0,0,0,0
75721.064,16652,60,0,0,0,0,0,8,64590,44,77,0,0,0,0,0,0,0,0,0,0,0,0,0,0,0,0,0,0,0,0,0,0,302,14125,0,0,0,0
75737.913,16849,59,0,0,0,0,0,8,64514,44,77,0,0,0,0,0,0,0,0,0,0,0,0,0,0,0,0,0,0,0,0,0,0,317,16911,0,0,0,0
75754.450,16536,60,0,0,0,0,0,8,64810,44,77,0,0,0,0,0,0,0,0,0,0,0,0,0,0,0,0,0,0,0,0,0,0,338,18609,0,0,0,0
75771.293,16842,59,0,0,0,0,0,8,64649,44,77,0,0,0,0,0,0,0,0,0,0,0,0,0,0,0,0,0,0,0,0,0,0,319,16646,0,0,0,0
75787.886,16592,60,0,0,0,0,0,8,64869,44,77,0,0,0,0,0,0,0,0,0,0,0,0,0,0,0,0,0,0,0,0,0,0,317,15827,0,0,0,0
75804.448,16562,60,0,0,0,0,0,8,64630,44,77,0,0,0,0,0,0,0,0,0,0,0,0,0,0,0,0,0,0,0,0,0,0,309,15556,0,0,0,0
75821.052,16603,60,0,0,0,0,0,8,64653,44,77,0,0,0,0,0,0,0,0,0,0,0,0,0,0,0,0,0,0,0,0,0,0,288,16457,0,0,0,0
75837.700,16648,60,0,0,0,0,0,8,64531,44,77,0,0,0,0,0,0,0,0,0,0,0,0,0,0,0,0,0,0,0,0,0,0,311,16862,0,0,0,0
75854.074,16374,61,0,0,0,0,0,8,64282,44,77,0,0,0,0,0,0,0,0,0,0,0,0,0,0,0,0,0,0,0,0,0,0,314,16914,0,0,0,0
75871.890,17815,56,0,0,0,0,0,8,64501,44,77,0,0,0,0,0,0,0,0,0,0,0,0,0,0,0,0,0,0,0,0,0,0,323,17667,0,0,0,0
75888.024,16134,61,0,0,0,0,0,8,110866,44,77,0,0,0,0,0,0,0,0,0,0,0,0,0,0,0,0,0,0,0,0,0,0,0,0,0,0,0,0
75925.019,36995,27,0,0,0,0,0,8,231640,46,77,0,0,0,0,0,0,0,0,0,0,0,0,0,0,0,0,0,0,0,0,0,0,34823,61152,0,0,0,0
75937.894,12875,77,0,0,0,0,0,8,74916,44,77,0,0,0,0,0,0,0,0,0,0,0,0,0,0,0,0,0,0,0,0,0,0,220,12177,0,0,0,0
75954.727,16832,59,0,0,0,0,0,8,139143,44,77,0,0,0,0,0,0,0,0,0,0,0,0,0,0,0,0,0,0,0,0,0,0,233,7841,0,0,0,0
75971.373,16646,60,0,0,0,0,0,8,72591,44,77,0,0,0,0,0,0,0,0,0,0,0,0,0,0,0,0,0,0,0,0,0,0,433,18711,0,0,0,0
75988.406,17032,58,0,0,0,0,0,8,70865,44,77,0,0,0,0,0,0,0,0,0,0,0,0,0,0,0,0,0,0,0,0,0,0,305,15806,0,0,0,0
76004.757,16350,61,0,0,0,0,0,8,71094,44,77,0,0,0,0,0,0,0,0,0,0,0,0,0,0,0,0,0,0,0,0,0,0,311,17684,0,0,0,0
76021.265,16508,60,0,0,0,0,0,8,70427,44,77,0,0,0,0,0,0,0,0,0,0,0,0,0,0,0,0,0,0,0,0,0,0,299,15525,0,0,0,0
76037.832,16566,60,0,0,0,0,0,8,70540,44,77,0,0,0,0,0,0,0,0,0,0,0,0,0,0,0,0,0,0,0,0,0,0,336,16501,0,0,0,0
76054.458,16626,60,0,0,0,0,0,8,70608,44,77,0,0,0,0,0,0,0,0,0,0,0,0,0,0,0,0,0,0,0,0,0,0,301,16657,0,0,0,0
76071.293,16835,59,0,0,0,0,0,8,70444,44,77,0,0,0,0,0,0,0,0,0,0,0,0,0,0,0,0,0,0,0,0,0,0,320,16711,0,0,0,0
76087.881,16587,60,0,0,0,0,0,8,70580,44,77,0,0,0,0,0,0,0,0,0,0,0,0,0,0,0,0,0,0,0,0,0,0,315,16961,0,0,0,0
76104.397,16515,60,0,0,0,0,0,8,72567,44,77,0,0,0,0,0,0,0,0,0,0,0,0,0,0,0,0,0,0,0,0,0,0,323,17846,0,0,0,0
76121.100,16702,59,0,0,0,0,0,8,72126,44,77,0,0,0,0,0,0,0,0,0,0,0,0,0,0,0,0,0,0,0,0,0,0,296,15383,0,0,0,0
76138.019,16919,59,0,0,0,0,0,8,72287,44,77,0,0,0,0,0,0,0,0,0,0,0,0,0,0,0,0,0,0,0,0,0,0,333,18296,0,0,0,0
76154.526,16507,60,0,0,0,0,0,8,72389,44,77,0,0,0,0,0,0,0,0,0,0,0,0,0,0,0,0,0,0,0,0,0,0,354,16813,0,0,0,0
76171.137,16611,60,0,0,0,0,0,8,72248,44,77,0,0,0,0,0,0,0,0,0,0,0,0,0,0,0,0,0,0,0,0,0,0,324,14968,0,0,0,0
76188.027,16889,59,0,0,0,0,0,8,72320,44,77,0,0,0,0,0,0,0,0,0,0,0,0,0,0,0,0,0,0,0,0,0,0,317,17836,0,0,0,0
76204.395,16367,61,0,0,0,0,0,8,72372,44,77,0,0,0,0,0,0,0,0,0,0,0,0,0,0,0,0,0,0,0,0,0,0,320,17144,0,0,0,0
76221.017,16622,60,0,0,0,0,0,8,72129,44,77,0,0,0,0,0,0,0,0,0,0,0,0,0,0,0,0,0,0,0,0,0,0,287,14899,0,0,0,0
76237.784,16767,59,0,0,0,0,0,8,72256,44,77,0,0,0,0,0,0,0,0,0,0,0,0,0,0,0,0,0,0,0,0,0,0,313,18396,0,0,0,0
76254.393,16608,60,0,0,0,0,0,8,72293,44,77,0,0,0,0,0,0,0,0,0,0,0,0,0,0,0,0,0,0,0,0,0,0,309,14649,0,0,0,0
76271.355,16962,58,0,0,0,0,0,8,74417,44,77,0,0,0,0,0,0,0,0,0,0,0,0,0,0,0,0,0,0,0,0,0,0,335,20448,0,0,0,0
76287.851,16496,60,0,0,0,0,0,8,72320,44,77,0,0,0,0,0,0,0,0,0,0,0,0,0,0,0,0,0,0,0,0,0,0,288,14673,0,0,0,0
76304.392,16541,60,0,0,0,0,0,8,72376,44,77,0,0,0,0,0,0,0,0,0,0,0,0,0,0,0,0,0,0,0,0,0,0,304,16051,0,0,0,0
76321.473,17081,58,0,0,0,0,0,8,72402,44,77,0,0,0,0,0,0,0,0,0,0,0,0,0,0,0,0,0,0,0,0,0,0,300,15737,0,0,0,0
76337.881,16407,60,0,0,0,0,0,8,72267,44,77,0,0,0,0,0,0,0,0,0,0,0,0,0,0,0,0,0,0,0,0,0,0,298,16996,0,0,0,0
76354.451,16569,60,0,0,0,0,0,8,72282,44,77,0,0,0,0,0,0,0,0,0,0,0,0,0,0,0,0,0,0,0,0,0,0,318,16484,0,0,0,0
76371.305,16853,59,0,0,0,0,0,8,70462,44,77,0,0,0,0,0,0,0,0,0,0,0,0,0,0,0,0,0,0,0,0,0,0,372,18109,0,0,0,0
76387.822,16517,60,0,0,0,0,0,8,70711,44,77,0,0,0,0,0,0,0,0,0,0,0,0,0,0,0,0,0,0,0,0,0,0,310,15984,0,0,0,0
76404.543,16721,59,0,0,0,0,0,8,70593,44,77,0,0,0,0,0,0,0,0,0,0,0,0,0,0,0,0,0,0,0,0,0,0,299,15548,0,0,0,0
76421.152,16608,60,0,0,0,0,0,8,70567,44,77,0,0,0,0,0,0,0,0,0,0,0,0,0,0,0,0,0,0,0,0,0,0,308,16526,0,0,0,0
76438.018,16865,59,0,0,0,0,0,8,70780,44,77,0,0,0,0,0,0,0,0,0,0,0,0,0,0,0,0,0,0,0,0,0,0,322,16810,0,0,0,0
76454.741,16723,59,0,0,0,0,0,8,70598,44,77,0,0,0,0,0,0,0,0,0,0,0,0,0,0,0,0,0,0,0,0,0,0,312,18488,0,0,0,0
76471.879,17137,58,0,0,0,0,0,8,70537,44,77,0,0,0,0,0,0,0,0,0,0,0,0,0,0,0,0,0,0,0,0,0,0,319,16045,0,0,0,0
76488.018,16139,61,0,0,0,0,0,8,70684,44,77,0,0,0,0,0,0,0,0,0,0,0,0,0,0,0,0,0,0,0,0,0,0,298,17825,0,0,0,0
76504.710,16692,59,0,0,0,0,0,8,70582,44,77,0,0,0,0,0,0,0,0,0,0,0,0,0,0,0,0,0,0,0,0,0,0,280,14737,0,0,0,0
76521.397,16686,59,0,0,0,0,0,8,70460,44,77,0,0,0,0,0,0,0,0,0,0,0,0,0,0,0,0,0,0,0,0,0,0,318,17141,0,0,0,0
76537.890,16493,60,0,0,0,0,0,8,71115,44,77,0,0,0,0,0,0,0,0,0,0,0,0,0,0,0,0,0,0,0,0,0,0,330,17729,0,0,0,0
76554.740,16850,59,0,0,0,0,0,8,70751,44,77,0,0,0,0,0,0,0,0,0,0,0,0,0,0,0,0,0,0,0,0,0,0,285,14564,0,0,0,0
76571.475,16734,59,0,0,0,0,0,8,70720,44,77,0,0,0,0,0,0,0,0,0,0,0,0,0,0,0,0,0,0,0,0,0,0,324,19719,0,0,0,0
76588.032,16557,60,0,0,0,0,0,8,70925,44,77,0,0,0,0,0,0,0,0,0,0,0,0,0,0,0,0,0,0,0,0,0,0,308,14288,0,0,0,0
76604.395,16363,61,0,0,0,0,0,8,70757,44,77,0,0,0,0,0,0,0,0,0,0,0,0,0,0,0,0,0,0,0,0,0,0,337,22107,0,0,0,0
76621.184,16788,59,0,0,0,0,0,8,70688,44,77,0,0,0,0,0,0,0,0,0,0,0,0,0,0,0,0,0,0,0,0,0,0,284,10708,0,0,0,0
76638.068,16884,59,0,0,0,0,0,8,70976,44,77,0,0,0,0,0,0,0,0,0,0,0,0,0,0,0,0,0,0,0,0,0,0,315,17678,0,0,0,0
76654.624,16556,60,0,0,0,0,0,8,70826,44,77,0,0,0,0,0,0,0,0,0,0,0,0,0,0,0,0,0,0,0,0,0,0,320,16018,0,0,0,0
76670.898,16273,61,0,0,0,0,0,8,70946,44,77,0,0,0,0,0,0,0,0,0,0,0,0,0,0,0,0,0,0,0,0,0,0,325,17610,0,0,0,0
76688.051,17153,58,0,0,0,0,0,8,71081,44,77,0,0,0,0,0,0,0,0,0,0,0,0,0,0,0,0,0,0,0,0,0,0,297,15059,0,0,0,0
76704.574,16523,60,0,0,0,0,0,8,71242,44,77,0,0,0,0,0,0,0,0,0,0,0,0,0,0,0,0,0,0,0,0,0,0,343,18397,0,0,0,0
76721.387,16812,59,0,0,0,0,0,8,71145,44,77,0,0,0,0,0,0,0,0,0,0,0,0,0,0,0,0,0,0,0,0,0,0,316,15549,0,0,0,0
76737.875,16488,60,0,0,0,0,0,8,71780,44,77,0,0,0,0,0,0,0,0,0,0,0,0,0,0,0,0,0,0,0,0,0,0,339,18062,0,0,0,0
76754.737,16861,59,0,0,0,0,0,8,71372,44,77,0,0,0,0,0,0,0,0,0,0,0,0,0,0,0,0,0,0,0,0,0,0,321,17831,0,0,0,0
76771.434,16697,59,0,0,0,0,0,8,71223,44,77,0,0,0,0,0,0,0,0,0,0,0,0,0,0,0,0,0,0,0,0,0,0,317,15523,0,0,0,0
76788.014,16579,60,0,0,0,0,0,8,73300,44,77,0,0,0,0,0,0,0,0,0,0,0,0,0,0,0,0,0,0,0,0,0,0,287,16570,0,0,0,0
76804.643,16629,60,0,0,0,0,0,8,73136,44,77,0,0,0,0,0,0,0,0,0,0,0,0,0,0,0,0,0,0,0,0,0,0,328,18947,0,0,0,0
76821.279,16636,60,0,0,0,0,0,8,73054,44,77,0,0,0,0,0,0,0,0,0,0,0,0,0,0,0,0,0,0,0,0,0,0,284,12920,0,0,0,0
76838.173,16893,59,0,0,0,0,0,8,73191,44,77,0,0,0,0,0,0,0,0,0,0,0,0,0,0,0,0,0,0,0,0,0,0,309,16715,0,0,0,0
76854.813,16640,60,0,0,0,0,0,8,73496,44,77,0,0,0,0,0,0,0,0,0,0,0,0,0,0,0,0,0,0,0,0,0,0,311,16879,0,0,0,0
76871.071,16257,61,0,0,0,0,0,8,73281,44,77,0,0,0,0,0,0,0,0,0,0,0,0,0,0,0,0,0,0,0,0,0,0,310,17141,0,0,0,0
76887.875,16804,59,0,0,0,0,0,8,73483,44,77,0,0,0,0,0,0,0,0,0,0,0,0,0,0,0,0,0,0,0,0,0,0,327,17522,0,0,0,0
76904.490,16615,60,0,0,0,0,0,8,73217,44,77,0,0,0,0,0,0,0,0,0,0,0,0,0,0,0,0,0,0,0,0,0,0,325,16120,0,0,0,0
76921.887,17397,57,0,0,0,0,0,8,73093,44,77,0,0,0,0,0,0,0,0,0,0,0,0,0,0,0,0,0,0,0,0,0,0,301,15551,0,0,0,0
76937.972,16085,62,0,0,0,0,0,8,73260,44,77,0,0,0,0,0,0,0,0,0,0,0,0,0,0,0,0,0,0,0,0,0,0,301,17894,0,0,0,0
76954.385,16413,60,0,0,0,0,0,8,73273,44,77,0,0,0,0,0,0,0,0,0,0,0,0,0,0,0,0,0,0,0,0,0,0,306,15703,0,0,0,0
76971.085,16699,59,0,0,0,0,0,8,73290,44,77,0,0,0,0,0,0,0,0,0,0,0,0,0,0,0,0,0,0,0,0,0,0,343,18049,0,0,0,0
76988.012,16927,59,0,0,0,0,0,8,73204,44,77,0,0,0,0,0,0,0,0,0,0,0,0,0,0,0,0,0,0,0,0,0,0,309,16149,0,0,0,0
77004.412,16400,60,0,0,0,0,0,8,73209,44,77,0,0,0,0,0,0,0,0,0,0,0,0,0,0,0,0,0,0,0,0,0,0,317,17363,0,0,0,0
77021.542,17129,58,0,0,0,0,0,8,73121,44,77,0,0,0,0,0,0,0,0,0,0,0,0,0,0,0,0,0,0,0,0,0,0,303,15199,0,0,0,0
77037.873,16330,61,0,0,0,0,0,8,73226,44,77,0,0,0,0,0,0,0,0,0,0,0,0,0,0,0,0,0,0,0,0,0,0,325,16659,0,0,0,0
77054.404,16531,60,0,0,0,0,0,8,71424,44,77,0,0,0,0,0,0,0,0,0,0,0,0,0,0,0,0,0,0,0,0,0,0,352,19062,0,0,0,0
77071.450,17045,58,0,0,0,0,0,8,71341,44,77,0,0,0,0,0,0,0,0,0,0,0,0,0,0,0,0,0,0,0,0,0,0,291,14083,0,0,0,0
77088.013,16562,60,0,0,0,0,0,8,71606,44,77,0,0,0,0,0,0,0,0,0,0,0,0,0,0,0,0,0,0,0,0,0,0,328,18059,0,0,0,0
77104.399,16385,61,0,0,0,0,0,8,71414,44,77,0,0,0,0,0,0,0,0,0,0,0,0,0,0,0,0,0,0,0,0,0,0,326,17797,0,0,0,0
77120.992,16593,60,0,0,0,0,0,8,71354,44,77,0,0,0,0,0,0,0,0,0,0,0,0,0,0,0,0,0,0,0,0,0,0,301,13704,0,0,0,0
77137.693,16700,59,0,0,0,0,0,8,71482,44,77,0,0,0,0,0,0,0,0,0,0,0,0,0,0,0,0,0,0,0,0,0,0,317,17379,0,0,0,0
77154.381,16688,59,0,0,0,0,0,8,71333,44,77,0,0,0,0,0,0,0,0,0,0,0,0,0,0,0,0,0,0,0,0,0,0,336,17476,0,0,0,0
77171.132,16751,59,0,0,0,0,0,8,71312,44,77,0,0,0,0,0,0,0,0,0,0,0,0,0,0,0,0,0,0,0,0,0,0,353,17060,0,0,0,0
77187.719,16586,60,0,0,0,0,0,8,71592,44,77,0,0,0,0,0,0,0,0,0,0,0,0,0,0,0,0,0,0,0,0,0,0,314,15480,0,0,0,0
77204.383,16664,60,0,0,0,0,0,8,71412,44,77,0,0,0,0,0,0,0,0,0,0,0,0,0,0,0,0,0,0,0,0,0,0,319,16491,0,0,0,0
77221.387,17004,58,0,0,0,0,0,8,71379,44,77,0,0,0,0,0,0,0,0,0,0,0,0,0,0,0,0,0,0,0,0,0,0,332,17459,0,0,0,0
77237.899,16512,60,0,0,0,0,0,8,71298,44,77,0,0,0,0,0,0,0,0,0,0,0,0,0,0,0,0,0,0,0,0,0,0,330,17136,0,0,0,0
77254.402,16502,60,0,0,0,0,0,8,71364,44,77,0,0,0,0,0,0,0,0,0,0,0,0,0,0,0,0,0,0,0,0,0,0,329,17824,0,0,0,0
77271.101,16699,59,0,0,0,0,0,8,71190,44,77,0,0,0,0,0,0,0,0,0,0,0,0,0,0,0,0,0,0,0,0,0,0,305,13945,0,0,0,0
77288.037,16936,59,0,0,0,0,0,8,71598,44,77,0,0,0,0,0,0,0,0,0,0,0,0,0,0,0,0,0,0,0,0,0,0,335,18581,0,0,0,0
77304.625,16587,60,0,0,0,0,0,8,71373,44,77,0,0,0,0,0,0,0,0,0,0,0,0,0,0,0,0,0,0,0,0,0,0,307,15151,0,0,0,0
77321.875,17250,57,0,0,0,0,0,8,71264,44,77,0,0,0,0,0,0,0,0,0,0,0,0,0,0,0,0,0,0,0,0,0,0,318,17425,0,0,0,0
77338.402,16527,60,0,0,0,0,0,8,71406,44,77,0,0,0,0,0,0,0,0,0,0,0,0,0,0,0,0,0,0,0,0,0,0,335,16543,0,0,0,0
77354.928,16525,60,0,0,0,0,0,8,71379,44,77,0,0,0,0,0,0,0,0,0,0,0,0,0,0,0,0,0,0,0,0,0,0,308,16026,0,0,0,0
77371.139,16211,61,0,0,0,0,0,8,71204,44,77,0,0,0,0,0,0,0,0,0,0,0,0,0,0,0,0,0,0,0,0,0,0,334,18052,0,0,0,0
77387.684,16545,60,0,0,0,0,0,8,71354,44,77,0,0,0,0,0,0,0,0,0,0,0,0,0,0,0,0,0,0,0,0,0,0,281,19862,0,0,0,0
77404.716,17031,58,0,0,0,0,0,8,71448,44,77,0,0,0,0,0,0,0,0,0,0,0,0,0,0,0,0,0,0,0,0,0,0,283,11728,0,0,0,0
77421.384,16667,59,0,0,0,0,0,8,72984,44,77,0,0,0,0,0,0,0,0,0,0,0,0,0,0,0,0,0,0,0,0,0,0,309,17064,0,0,0,0
77437.705,16321,61,0,0,0,0,0,8,73108,44,77,0,0,0,0,0,0,0,0,0,0,0,0,0,0,0,0,0,0,0,0,0,0,336,20062,0,0,0,0
77454.627,16922,59,0,0,0,0,0,8,73066,44,77,0,0,0,0,0,0,0,0,0,0,0,0,0,0,0,0,0,0,0,0,0,0,280,12627,0,0,0,0
77471.108,16481,60,0,0,0,0,0,8,73018,44,77,0,0,0,0,0,0,0,0,0,0,0,0,0,0,0,0,0,0,0,0,0,0,327,17020,0,0,0,0
77487.876,16767,59,0,0,0,0,0,8,72999,44,77,0,0,0,0,0,0,0,0,0,0,0,0,0,0,0,0,0,0,0,0,0,0,318,21715,0,0,0,0
77504.483,16607,60,0,0,0,0,0,8,73062,44,77,0,0,0,0,0,0,0,0,0,0,0,0,0,0,0,0,0,0,0,0,0,0,279,11808,0,0,0,0
77521.248,16764,59,0,0,0,0,0,8,73183,44,77,0,0,0,0,0,0,0,0,0,0,0,0,0,0,0,0,0,0,0,0,0,0,307,17112,0,0,0,0
77537.728,16479,60,0,0,0,0,0,8,73041,44,77,0,0,0,0,0,0,0,0,0,0,0,0,0,0,0,0,0,0,0,0,0,0,333,17270,0,0,0,0
77554.472,16744,59,0,0,0,0,0,8,73002,44,77,0,0,0,0,0,0,0,0,0,0,0,0,0,0,0,0,0,0,0,0,0,0,304,14886,0,0,0,0
77571.434,16961,58,0,0,0,0,0,8,72901,44,77,0,0,0,0,0,0,0,0,0,0,0,0,0,0,0,0,0,0,0,0,0,0,321,16777,0,0,0,0
77587.336,15901,62,0,0,0,0,0,8,72981,44,77,0,0,0,0,0,0,0,0,0,0,0,0,0,0,0,0,0,0,0,0,0,0,328,18255,0,0,0,0
77604.378,17042,58,0,0,0,0,0,8,72934,44,77,0,0,0,0,0,0,0,0,0,0,0,0,0,0,0,0,0,0,0,0,0,0,305,17147,0,0,0,0
77621.062,16684,59,0,0,0,0,0,8,72758,44,77,0,0,0,0,0,0,0,0,0,0,0,0,0,0,0,0,0,0,0,0,0,0,307,14772,0,0,0,0
77637.870,16808,59,0,0,0,0,0,8,72975,44,77,0,0,0,0,0,0,0,0,0,0,0,0,0,0,0,0,0,0,0,0,0,0,308,17970,0,0,0,0
77654.458,16588,60,0,0,0,0,0,8,72777,44,77,0,0,0,0,0,0,0,0,0,0,0,0,0,0,0,0,0,0,0,0,0,0,307,15989,0,0,0,0
77671.336,16877,59,0,0,0,0,0,8,72571,44,77,0,0,0,0,0,0,0,0,0,0,0,0,0,0,0,0,0,0,0,0,0,0,332,17246,0,0,0,0
77688.022,16675,59,0,0,0,0,0,8,72590,44,77,0,0,0,0,0,0,0,0,0,0,0,0,0,0,0,0,0,0,0,0,0,0,320,15845,0,0,0,0
77704.610,16598,60,0,0,0,0,0,8,72545,44,77,0,0,0,0,0,0,0,0,0,0,0,0,0,0,0,0,0,0,0,0,0,0,330,18220,0,0,0,0
77721.062,16452,60,0,0,0,0,0,8,72383,44,77,0,0,0,0,0,0,0,0,0,0,0,0,0,0,0,0,0,0,0,0,0,0,292,15477,0,0,0,0
77737.729,16666,60,0,0,0,0,0,8,72548,44,77,0,0,0,0,0,0,0,0,0,0,0,0,0,0,0,0,0,0,0,0,0,0,374,17063,0,0,0,0
77754.870,17141,58,0,0,0,0,0,8,72600,44,77,0,0,0,0,0,0,0,0,0,0,0,0,0,0,0,0,0,0,0,0,0,0,295,16165,0,0,0,0
77771.418,16547,60,0,0,0,0,0,8,72382,44,77,0,0,0,0,0,0,0,0,0,0,0,0,0,0,0,0,0,0,0,0,0,0,333,18244,0,0,0,0
77788.394,16976,58,0,0,0,0,0,8,72426,44,77,0,0,0,0,0,0,0,0,0,0,0,0,0,0,0,0,0,0,0,0,0,0,298,14678,0,0,0,0
77804.053,15658,63,0,0,0,0,0,8,72347,44,77,0,0,0,0,0,0,0,0,0,0,0,0,0,0,0,0,0,0,0,0,0,0,310,16843,0,0,0,0
77821.292,17239,58,0,0,0,0,0,8,72038,44,77,0,0,0,0,0,0,0,0,0,0,0,0,0,0,0,0,0,0,0,0,0,0,324,17426,0,0,0,0
77837.687,16394,60,0,0,0,0,0,8,72100,44,77,0,0,0,0,0,0,0,0,0,0,0,0,0,0,0,0,0,0,0,0,0,0,311,15912,0,0,0,0
77854.423,16723,59,0,0,0,0,0,8,72268,44,77,0,0,0,0,0,0,0,0,0,0,0,0,0,0,0,0,0,0,0,0,0,0,324,17201,0,0,0,0
77871.260,16849,59,0,0,0,0,0,8,71931,44,77,0,0,0,0,0,0,0,0,0,0,0,0,0,0,0,0,0,0,0,0,0,0,280,15540,0,0,0,0
77887.871,16611,60,0,0,0,0,0,8,72005,44,77,0,0,0,0,0,0,0,0,0,0,0,0,0,0,0,0,0,0,0,0,0,0,310,17730,0,0,0,0
77904.614,16743,59,0,0,0,0,0,8,71916,44,77,0,0,0,0,0,0,0,0,0,0,0,0,0,0,0,0,0,0,0,0,0,0,315,15825,0,0,0,0
77921.280,16664,60,0,0,0,0,0,8,71866,44,77,0,0,0,0,0,0,0,0,0,0,0,0,0,0,0,0,0,0,0,0,0,0,329,16776,0,0,0,0
77937.871,16591,60,0,0,0,0,0,8,71928,44,77,0,0,0,0,0,0,0,0,0,0,0,0,0,0,0,0,0,0,0,0,0,0,299,21200,0,0,0,0
77954.367,16495,60,0,0,0,0,0,8,70192,44,77,0,0,0,0,0,0,0,0,0,0,0,0,0,0,0,0,0,0,0,0,0,0,284,16598,0,0,0,0
77971.482,17115,58,0,0,0,0,0,8,70318,44,77,0,0,0,0,0,0,0,0,0,0,0,0,0,0,0,0,0,0,0,0,0,0,312,12487,0,0,0,0
77988.012,16530,60,0,0,0,0,0,8,70265,44,77,0,0,0,0,0,0,0,0,0,0,0,0,0,0,0,0,0,0,0,0,0,0,320,17314,0,0,0,0
78004.636,16624,60,0,0,0,0,0,8,70257,44,77,0,0,0,0,0,0,0,0,0,0,0,0,0,0,0,0,0,0,0,0,0,0,308,15749,0,0,0,0
78021.472,16835,59,0,0,0,0,0,8,70097,44,77,0,0,0,0,0,0,0,0,0,0,0,0,0,0,0,0,0,0,0,0,0,0,350,16999,0,0,0,0
78038.017,16532,60,0,0,0,0,0,8,70236,44,77,0,0,0,0,0,0,0,0,0,0,0,0,0,0,0,0,0,0,0,0,0,0,316,20836,0,0,0,0
78054.373,16369,61,0,0,0,0,0,8,70237,44,77,0,0,0,0,0,0,0,0,0,0,0,0,0,0,0,0,0,0,0,0,0,0,288,14182,0,0,0,0
78070.868,16494,60,0,0,0,0,0,8,70155,44,77,0,0,0,0,0,0,0,0,0,0,0,0,0,0,0,0,0,0,0,0,0,0,315,15731,0,0,0,0
78088.878,18010,55,0,0,0,0,0,8,70444,44,77,0,0,0,0,0,0,0,0,0,0,0,0,0,0,0,0,0,0,0,0,0,0,310,16877,0,0,0,0
78104.537,15659,63,0,0,0,0,0,8,70269,44,77,0,0,0,0,0,0,0,0,0,0,0,0,0,0,0,0,0,0,0,0,0,0,377,18902,0,0,0,0
78121.000,16463,60,0,0,0,0,0,8,70136,44,77,0,0,0,0,0,0,0,0,0,0,0,0,0,0,0,0,0,0,0,0,0,0,340,19690,0,0,0,0
78138.382,17381,57,0,0,0,0,0,8,70221,44,77,0,0,0,0,0,0,0,0,0,0,0,0,0,0,0,0,0,0,0,0,0,0,312,11888,0,0,0,0
78154.625,16243,61,0,0,0,0,0,8,70291,44,77,0,0,0,0,0,0,0,0,0,0,0,0,0,0,0,0,0,0,0,0,0,0,317,16971,0,0,0,0
78170.775,16149,61,0,0,0,0,0,8,70098,44,77,0,0,0,0,0,0,0,0,0,0,0,0,0,0,0,0,0,0,0,0,0,0,300,15423,0,0,0,0
78188.033,17258,57,0,0,0,0,0,8,70559,44,77,0,0,0,0,0,0,0,0,0,0,0,0,0,0,0,0,0,0,0,0,0,0,306,16203,0,0,0,0
78204.547,16513,60,0,0,0,0,0,8,70739,44,77,0,0,0,0,0,0,0,0,0,0,0,0,0,0,0,0,0,0,0,0,0,0,313,17413,0,0,0,0
78221.391,16844,59,0,0,0,0,0,8,72512,44,77,0,0,0,0,0,0,0,0,0,0,0,0,0,0,0,0,0,0,0,0,0,0,319,15429,0,0,0,0
78237.702,16310,61,0,0,0,0,0,8,72555,44,77,0,0,0,0,0,0,0,0,0,0,0,0,0,0,0,0,0,0,0,0,0,0,317,19457,0,0,0,0
78254.381,16679,59,0,0,0,0,0,8,72593,44,77,0,0,0,0,0,0,0,0,0,0,0,0,0,0,0,0,0,0,0,0,0,0,285,18186,0,0,0,0
78271.080,16688,59,0,0,0,0,0,8,72376,44,77,0,0,0,0,0,0,0,0,0,0,0,0,0,0,0,0,0,0,0,0,0,0,295,13277,0,0,0,0
78287.935,16865,59,0,0,0,0,0,8,72617,44,77,0,0,0,0,0,0,0,0,0,0,0,0,0,0,0,0,0,0,0,0,0,0,323,17148,0,0,0,0
78304.553,16618,60,0,0,0,0,0,8,72667,44,77,0,0,0,0,0,0,0,0,0,0,0,0,0,0,0,0,0,0,0,0,0,0,293,15329,0,0,0,0
78321.326,16773,59,0,0,0,0,0,8,72303,44,77,0,0,0,0,0,0,0,0,0,0,0,0,0,0,0,0,0,0,0,0,0,0,297,16812,0,0,0,0
78337.428,16102,62,0,0,0,0,0,8,72725,44,77,0,0,0,0,0,0,0,0,0,0,0,0,0,0,0,0,0,0,0,0,0,0,314,16621,0,0,0,0
78354.364,16935,59,0,0,0,0,0,8,72412,44,77,0,0,0,0,0,0,0,0,0,0,0,0,0,0,0,0,0,0,0,0,0,0,297,18399,0,0,0,0
78371.375,17011,58,0,0,0,0,0,8,72466,44,77,0,0,0,0,0,0,0,0,0,0,0,0,0,0,0,0,0,0,0,0,0,0,307,15707,0,0,0,0
78388.873,17498,57,0,0,0,0,0,8,72559,44,77,0,0,0,0,0,0,0,0,0,0,0,0,0,0,0,0,0,0,0,0,0,0,316,20038,0,0,0,0
78404.724,15851,63,0,0,0,0,0,8,72611,44,77,0,0,0,0,0,0,0,0,0,0,0,0,0,0,0,0,0,0,0,0,0,0,311,16790,0,0,0,0
78421.400,16675,59,0,0,0,0,0,8,72552,44,77,0,0,0,0,0,0,0,0,0,0,0,0,0,0,0,0,0,0,0,0,0,0,289,12664,0,0,0,0
78437.382,15982,62,0,0,0,0,0,8,72571,44,77,0,0,0,0,0,0,0,0,0,0,0,0,0,0,0,0,0,0,0,0,0,0,297,16469,0,0,0,0
78454.646,17263,57,0,0,0,0,0,8,72951,44,77,0,0,0,0,0,0,0,0,0,0,0,0,0,0,0,0,0,0,0,0,0,0,327,17787,0,0,0,0
78471.860,17214,58,0,0,0,0,0,8,72712,44,77,0,0,0,0,0,0,0,0,0,0,0,0,0,0,0,0,0,0,0,0,0,0,296,15766,0,0,0,0
78487.861,16000,62,0,0,0,0,0,8,70882,44,77,0,0,0,0,0,0,0,0,0,0,0,0,0,0,0,0,0,0,0,0,0,0,315,16651,0,0,0,0
78504.530,16668,59,0,0,0,0,0,8,70903,44,77,0,0,0,0,0,0,0,0,0,0,0,0,0,0,0,0,0,0,0,0,0,0,318,17845,0,0,0,0
78521.869,17339,57,0,0,0,0,0,8,70697,44,77,0,0,0,0,0,0,0,0,0,0,0,0,0,0,0,0,0,0,0,0,0,0,294,15385,0,0,0,0
78538.877,17007,58,0,0,0,0,0,8,70888,44,77,0,0,0,0,0,0,0,0,0,0,0,0,0,0,0,0,0,0,0,0,0,0,348,17271,0,0,0,0
78554.539,15662,63,0,0,0,0,0,8,70892,44,77,0,0,0,0,0,0,0,0,0,0,0,0,0,0,0,0,0,0,0,0,0,0,315,18188,0,0,0,0
78571.382,16843,59,0,0,0,0,0,8,70737,44,77,0,0,0,0,0,0,0,0,0,0,0,0,0,0,0,0,0,0,0,0,0,0,309,15193,0,0,0,0
78588.381,16998,58,0,0,0,0,0,8,70921,44,77,0,0,0,0,0,0,0,0,0,0,0,0,0,0,0,0,0,0,0,0,0,0,318,16968,0,0,0,0
78604.381,16000,62,0,0,0,0,0,8,70786,44,77,0,0,0,0,0,0,0,0,0,0,0,0,0,0,0,0,0,0,0,0,0,0,304,17701,0,0,0,0
78621.371,16990,58,0,0,0,0,0,8,70903,44,77,0,0,0,0,0,0,0,0,0,0,0,0,0,0,0,0,0,0,0,0,0,0,318,15491,0,0,0,0
78637.843,16472,60,0,0,0,0,0,8,70803,44,77,0,0,0,0,0,0,0,0,0,0,0,0,0,0,0,0,0,0,0,0,0,0,334,21209,0,0,0,0
78654.376,16533,60,0,0,0,0,0,8,70841,44,77,0,0,0,0,0,0,0,0,0,0,0,0,0,0,0,0,0,0,0,0,0,0,277,12269,0,0,0,0
78671.442,17065,58,0,0,0,0,0,8,70688,44,77,0,0,0,0,0,0,0,0,0,0,0,0,0,0,0,0,0,0,0,0,0,0,310,15032,0,0,0,0
78688.390,16948,59,0,0,0,0,0,8,70811,44,77,0,0,0,0,0,0,0,0,0,0,0,0,0,0,0,0,0,0,0,0,0,0,307,17358,0,0,0,0
78704.537,16137,61,0,0,0,0,0,8,70852,44,77,0,0,0,0,0,0,0,0,0,0,0,0,0,0,0,0,0,0,0,0,0,0,317,17159,0,0,0,0
78721.218,16690,59,0,0,0,0,0,8,70737,44,77,0,0,0,0,0,0,0,0,0,0,0,0,0,0,0,0,0,0,0,0,0,0,335,17173,0,0,0,0
78738.408,17189,58,0,0,0,0,0,8,72557,44,77,0,0,0,0,0,0,0,0,0,0,0,0,0,0,0,0,0,0,0,0,0,0,303,15668,0,0,0,0
78755.394,16986,58,0,0,0,0,0,8,72528,44,77,0,0,0,0,0,0,0,0,0,0,0,0,0,0,0,0,0,0,0,0,0,0,332,22355,0,0,0,0
78771.319,15924,62,0,0,0,0,0,8,72442,44,77,0,0,0,0,0,0,0,0,0,0,0,0,0,0,0,0,0,0,0,0,0,0,278,11585,0,0,0,0
78787.857,16538,60,0,0,0,0,0,8,72856,44,77,0,0,0,0,0,0,0,0,0,0,0,0,0,0,0,0,0,0,0,0,0,0,298,17392,0,0,0,0
78804.410,16552,60,0,0,0,0,0,8,72574,44,77,0,0,0,0,0,0,0,0,0,0,0,0,0,0,0,0,0,0,0,0,0,0,346,17060,0,0,0,0
78821.383,16973,58,0,0,0,0,0,8,72439,44,77,0,0,0,0,0,0,0,0,0,0,0,0,0,0,0,0,0,0,0,0,0,0,298,18350,0,0,0,0
78837.996,16613,60,0,0,0,0,0,8,72506,44,77,0,0,0,0,0,0,0,0,0,0,0,0,0,0,0,0,0,0,0,0,0,0,279,18294,0,0,0,0
78854.879,16882,59,0,0,0,0,0,8,72619,44,77,0,0,0,0,0,0,0,0,0,0,0,0,0,0,0,0,0,0,0,0,0,0,264,15827,0,0,0,0
78871.391,16512,60,0,0,0,0,0,8,72472,44,77,0,0,0,0,0,0,0,0,0,0,0,0,0,0,0,0,0,0,0,0,0,0,280,12402,0,0,0,0
78887.950,16558,60,0,0,0,0,0,8,72522,44,77,0,0,0,0,0,0,0,0,0,0,0,0,0,0,0,0,0,0,0,0,0,0,310,16602,0,0,0,0
78904.558,16608,60,0,0,0,0,0,8,72571,44,77,0,0,0,0,0,0,0,0,0,0,0,0,0,0,0,0,0,0,0,0,0,0,320,17699,0,0,0,0
78921.177,16618,60,0,0,0,0,0,8,72440,44,77,0,0,0,0,0,0,0,0,0,0,0,0,0,0,0,0,0,0,0,0,0,0,305,16183,0,0,0,0
78938.016,16839,59,0,0,0,0,0,8,72568,44,77,0,0,0,0,0,0,0,0,0,0,0,0,0,0,0,0,0,0,0,0,0,0,348,20929,0,0,0,0
78954.380,16364,61,0,0,0,0,0,8,72521,44,77,0,0,0,0,0,0,0,0,0,0,0,0,0,0,0,0,0,0,0,0,0,0,299,11716,0,0,0,0
78971.858,17477,57,0,0,0,0,0,8,72646,44,77,0,0,0,0,0,0,0,0,0,0,0,0,0,0,0,0,0,0,0,0,0,0,318,17747,0,0,0,0
78987.892,16033,62,0,0,0,0,0,8,72569,44,77,0,0,0,0,0,0,0,0,0,0,0,0,0,0,0,0,0,0,0,0,0,0,336,18683,0,0,0,0
79004.325,16432,60,0,0,0,0,0,8,72501,44,77,0,0,0,0,0,0,0,0,0,0,0,0,0,0,0,0,0,0,0,0,0,0,310,19497,0,0,0,0
79021.230,16905,59,0,0,0,0,0,8,72497,44,77,0,0,0,0,0,0,0,0,0,0,0,0,0,0,0,0,0,0,0,0,0,0,267,10781,0,0,0,0
79038.378,17148,58,0,0,0,0,0,8,72580,44,77,0,0,0,0,0,0,0,0,0,0,0,0,0,0,0,0,0,0,0,0,0,0,300,16618,0,0,0,0
79054.474,16096,62,0,0,0,0,0,8,72616,44,77,0,0,0,0,0,0,0,0,0,0,0,0,0,0,0,0,0,0,0,0,0,0,317,17113,0,0,0,0
79071.375,16901,59,0,0,0,0,0,8,72462,44,77,0,0,0,0,0,0,0,0,0,0,0,0,0,0,0,0,0,0,0,0,0,0,309,16183,0,0,0,0
79087.992,16616,60,0,0,0,0,0,8,72491,44,77,0,0,0,0,0,0,0,0,0,0,0,0,0,0,0,0,0,0,0,0,0,0,315,16956,0,0,0,0
79104.592,16600,60,0,0,0,0,0,8,72514,44,77,0,0,0,0,0,0,0,0,0,0,0,0,0,0,0,0,0,0,0,0,0,0,301,16368,0,0,0,0
79121.882,17290,57,0,0,0,0,0,8,72517,44,77,0,0,0,0,0,0,0,0,0,0,0,0,0,0,0,0,0,0,0,0,0,0,306,16894,0,0,0,0
79138.002,16119,62,0,0,0,0,0,8,72491,44,77,0,0,0,0,0,0,0,0,0,0,0,0,0,0,0,0,0,0,0,0,0,0,361,18930,0,0,0,0
79154.415,16413,60,0,0,0,0,0,8,72510,44,77,0,0,0,0,0,0,0,0,0,0,0,0,0,0,0,0,0,0,0,0,0,0,308,20388,0,0,0,0
79171.390,16974,58,0,0,0,0,0,8,72444,44,77,0,0,0,0,0,0,0,0,0,0,0,0,0,0,0,0,0,0,0,0,0,0,288,11740,0,0,0,0
79188.110,16721,59,0,0,0,0,0,8,72520,44,77,0,0,0,0,0,0,0,0,0,0,0,0,0,0,0,0,0,0,0,0,0,0,313,19786,0,0,0,0
79204.101,15990,62,0,0,0,0,0,8,72756,44,77,0,0,0,0,0,0,0,0,0,0,0,0,0,0,0,0,0,0,0,0,0,0,281,12458,0,0,0,0
79221.292,17190,58,0,0,0,0,0,8,72448,44,77,0,0,0,0,0,0,0,0,0,0,0,0,0,0,0,0,0,0,0,0,0,0,300,16307,0,0,0,0
79237.994,16702,59,0,0,0,0,0,8,72479,44,77,0,0,0,0,0,0,0,0,0,0,0,0,0,0,0,0,0,0,0,0,0,0,334,18120,0,0,0,0
79254.447,16453,60,0,0,0,0,0,8,72527,44,77,0,0,0,0,0,0,0,0,0,0,0,0,0,0,0,0,0,0,0,0,0,0,307,15489,0,0,0,0
79271.857,17409,57,0,0,0,0,0,8,70752,44,77,0,0,0,0,0,0,0,0,0,0,0,0,0,0,0,0,0,0,0,0,0,0,322,21029,0,0,0,0
79288.385,16528,60,0,0,0,0,0,8,70841,44,77,0,0,0,0,0,0,0,0,0,0,0,0,0,0,0,0,0,0,0,0,0,0,306,15311,0,0,0,0
79304.418,16032,62,0,0,0,0,0,8,70139,44,77,0,0,0,0,0,0,0,0,0,0,0,0,0,0,0,0,0,0,0,0,0,0,327,19457,0,0,0,0
79321.431,17012,58,0,0,0,0,0,8,70699,44,77,0,0,0,0,0,0,0,0,0,0,0,0,0,0,0,0,0,0,0,0,0,0,270,10310,0,0,0,0
79338.030,16599,60,0,0,0,0,0,8,70822,44,77,0,0,0,0,0,0,0,0,0,0,0,0,0,0,0,0,0,0,0,0,0,0,310,18310,0,0,0,0
79354.447,16416,60,0,0,0,0,0,8,70155,44,77,0,0,0,0,0,0,0,0,0,0,0,0,0,0,0,0,0,0,0,0,0,0,298,20184,0,0,0,0
79370.871,16423,60,0,0,0,0,0,8,70699,44,77,0,0,0,0,0,0,0,0,0,0,0,0,0,0,0,0,0,0,0,0,0,0,281,11667,0,0,0,0
79388.379,17508,57,0,0,0,0,0,8,70124,44,77,0,0,0,0,0,0,0,0,0,0,0,0,0,0,0,0,0,0,0,0,0,0,310,18200,0,0,0,0
79404.617,16238,61,0,0,0,0,0,8,70780,44,77,0,0,0,0,0,0,0,0,0,0,0,0,0,0,0,0,0,0,0,0,0,0,313,17070,0,0,0,0
79421.151,16533,60,0,0,0,0,0,8,70056,44,77,0,0,0,0,0,0,0,0,0,0,0,0,0,0,0,0,0,0,0,0,0,0,320,15122,0,0,0,0
79437.919,16768,59,0,0,0,0,0,8,70822,44,77,0,0,0,0,0,0,0,0,0,0,0,0,0,0,0,0,0,0,0,0,0,0,309,16296,0,0,0,0
79454.401,16481,60,0,0,0,0,0,8,70170,44,77,0,0,0,0,0,0,0,0,0,0,0,0,0,0,0,0,0,0,0,0,0,0,320,17452,0,0,0,0
79471.507,17106,58,0,0,0,0,0,8,70652,44,77,0,0,0,0,0,0,0,0,0,0,0,0,0,0,0,0,0,0,0,0,0,0,311,17938,0,0,0,0
79488.043,16536,60,0,0,0,0,0,8,70079,44,77,0,0,0,0,0,0,0,0,0,0,0,0,0,0,0,0,0,0,0,0,0,0,342,21201,0,0,0,0
79504.466,16423,60,0,0,0,0,0,8,70819,44,77,0,0,0,0,0,0,0,0,0,0,0,0,0,0,0,0,0,0,0,0,0,0,281,10286,0,0,0,0
79521.392,16925,59,0,0,0,0,0,8,70033,44,77,0,0,0,0,0,0,0,0,0,0,0,0,0,0,0,0,0,0,0,0,0,0,306,16271,0,0,0,0
79537.992,16600,60,0,0,0,0,0,8,70784,44,77,0,0,0,0,0,0,0,0,0,0,0,0,0,0,0,0,0,0,0,0,0,0,356,18456,0,0,0,0
79554.673,16680,59,0,0,0,0,0,8,70232,44,77,0,0,0,0,0,0,0,0,0,0,0,0,0,0,0,0,0,0,0,0,0,0,342,17712,0,0,0,0
79571.392,16719,59,0,0,0,0,0,8,70659,44,77,0,0,0,0,0,0,0,0,0,0,0,0,0,0,0,0,0,0,0,0,0,0,280,14179,0,0,0,0
79587.855,16462,60,0,0,0,0,0,8,70094,44,77,0,0,0,0,0,0,0,0,0,0,0,0,0,0,0,0,0,0,0,0,0,0,304,16618,0,0,0,0
79604.414,16559,60,0,0,0,0,0,8,70765,44,77,0,0,0,0,0,0,0,0,0,0,0,0,0,0,0,0,0,0,0,0,0,0,309,16656,0,0,0,0
79620.949,16535,60,0,0,0,0,0,8,69983,44,77,0,0,0,0,0,0,0,0,0,0,0,0,0,0,0,0,0,0,0,0,0,0,303,16566,0,0,0,0
79637.985,17035,58,0,0,0,0,0,8,70749,44,77,0,0,0,0,0,0,0,0,0,0,0,0,0,0,0,0,0,0,0,0,0,0,309,16585,0,0,0,0
79654.417,16431,60,0,0,0,0,0,8,70068,44,77,0,0,0,0,0,0,0,0,0,0,0,0,0,0,0,0,0,0,0,0,0,0,299,17009,0,0,0,0
79671.507,17090,58,0,0,0,0,0,8,70718,44,77,0,0,0,0,0,0,0,0,0,0,0,0,0,0,0,0,0,0,0,0,0,0,301,20523,0,0,0,0
79688.000,16492,60,0,0,0,0,0,8,70106,44,77,0,0,0,0,0,0,0,0,0,0,0,0,0,0,0,0,0,0,0,0,0,0,305,14233,0,0,0,0
79704.508,16508,60,0,0,0,0,0,8,70083,44,77,0,0,0,0,0,0,0,0,0,0,0,0,0,0,0,0,0,0,0,0,0,0,302,15365,0,0,0,0
79721.025,16516,60,0,0,0,0,0,8,70606,44,77,0,0,0,0,0,0,0,0,0,0,0,0,0,0,0,0,0,0,0,0,0,0,307,16249,0,0,0,0
79737.855,16830,59,0,0,0,0,0,8,70072,44,77,0,0,0,0,0,0,0,0,0,0,0,0,0,0,0,0,0,0,0,0,0,0,318,16788,0,0,0,0
79754.891,17036,58,0,0,0,0,0,8,70093,44,77,0,0,0,0,0,0,0,0,0,0,0,0,0,0,0,0,0,0,0,0,0,0,300,17872,0,0,0,0
79771.365,16474,60,0,0,0,0,0,8,69982,44,77,0,0,0,0,0,0,0,0,0,0,0,0,0,0,0,0,0,0,0,0,0,0,320,16791,0,0,0,0
79787.368,16002,62,0,0,0,0,0,8,70790,44,77,0,0,0,0,0,0,0,0,0,0,0,0,0,0,0,0,0,0,0,0,0,0,324,15450,0,0,0,0
79804.698,17330,57,0,0,0,0,0,8,70073,44,77,0,0,0,0,0,0,0,0,0,0,0,0,0,0,0,0,0,0,0,0,0,0,295,17423,0,0,0,0
79821.853,17154,58,0,0,0,0,0,8,69981,44,77,0,0,0,0,0,0,0,0,0,0,0,0,0,0,0,0,0,0,0,0,0,0,320,17036,0,0,0,0
79838.867,17013,58,0,0,0,0,0,8,70094,44,77,0,0,0,0,0,0,0,0,0,0,0,0,0,0,0,0,0,0,0,0,0,0,334,16209,0,0,0,0
79854.374,15506,64,0,0,0,0,0,8,70786,44,77,0,0,0,0,0,0,0,0,0,0,0,0,0,0,0,0,0,0,0,0,0,0,337,19749,0,0,0,0
79870.991,16616,60,0,0,0,0,0,8,69969,44,77,0,0,0,0,0,0,0,0,0,0,0,0,0,0,0,0,0,0,0,0,0,0,276,12663,0,0,0,0
79887.925,16934,59,0,0,0,0,0,8,71760,44,77,0,0,0,0,0,0,0,0,0,0,0,0,0,0,0,0,0,0,0,0,0,0,319,17095,0,0,0,0
79904.615,16690,59,0,0,0,0,0,8,71831,44,77,0,0,0,0,0,0,0,0,0,0,0,0,0,0,0,0,0,0,0,0,0,0,375,18958,0,0,0,0
79921.115,16499,60,0,0,0,0,0,8,72424,44,77,0,0,0,0,0,0,0,0,0,0,0,0,0,0,0,0,0,0,0,0,0,0,314,14423,0,0,0,0
79937.809,16694,59,0,0,0,0,0,8,71843,44,77,0,0,0,0,0,0,0,0,0,0,0,0,0,0,0,0,0,0,0,0,0,0,336,21524,0,0,0,0
79954.851,17042,58,0,0,0,0,0,8,71801,44,77,0,0,0,0,0,0,0,0,0,0,0,0,0,0,0,0,0,0,0,0,0,0,282,13159,0,0,0,0
79971.848,16997,58,0,0,0,0,0,8,71751,44,77,0,0,0,0,0,0,0,0,0,0,0,0,0,0,0,0,0,0,0,0,0,0,297,15952,0,0,0,0
79988.032,16183,61,0,0,0,0,0,8,72533,44,77,0,0,0,0,0,0,0,0,0,0,0,0,0,0,0,0,0,0,0,0,0,0,322,18523,0,0,0,0
80004.663,16631,60,0,0,0,0,0,8,71841,44,77,0,0,0,0,0,0,0,0,0,0,0,0,0,0,0,0,0,0,0,0,0,0,287,18253,0,0,0,0
80021.387,16724,59,0,0,0,0,0,8,71759,44,77,0,0,0,0,0,0,0,0,0,0,0,0,0,0,0,0,0,0,0,0,0,0,272,12459,0,0,0,0
80037.989,16602,60,0,0,0,0,0,8,72024,44,77,0,0,0,0,0,0,0,0,0,0,0,0,0,0,0,0,0,0,0,0,0,0,327,21926,0,0,0,0
80054.423,16434,60,0,0,0,0,0,8,69458,44,77,0,0,0,0,0,0,0,0,0,0,0,0,0,0,0,0,0,0,0,0,0,0,294,11058,0,0,0,0
80071.153,16729,59,0,0,0,0,0,8,69377,44,77,0,0,0,0,0,0,0,0,0,0,0,0,0,0,0,0,0,0,0,0,0,0,323,16518,0,0,0,0
80087.986,16833,59,0,0,0,0,0,8,69451,44,77,0,0,0,0,0,0,0,0,0,0,0,0,0,0,0,0,0,0,0,0,0,0,334,21606,0,0,0,0
80104.363,16376,61,0,0,0,0,0,8,69457,44,77,0,0,0,0,0,0,0,0,0,0,0,0,0,0,0,0,0,0,0,0,0,0,352,17976,0,0,0,0
80121.102,16739,59,0,0,0,0,0,8,69336,44,77,0,0,0,0,0,0,0,0,0,0,0,0,0,0,0,0,0,0,0,0,0,0,308,10304,0,0,0,0
80138.848,17746,56,0,0,0,0,0,8,69462,44,77,0,0,0,0,0,0,0,0,0,0,0,0,0,0,0,0,0,0,0,0,0,0,341,16598,0,0,0,0
80154.492,15643,63,0,0,0,0,0,8,67726,44,77,0,0,0,0,0,0,0,0,0,0,0,0,0,0,0,0,0,0,0,0,0,0,360,19791,0,0,0,0
80171.857,17365,57,0,0,0,0,0,8,67645,44,77,0,0,0,0,0,0,0,0,0,0,0,0,0,0,0,0,0,0,0,0,0,0,319,15014,0,0,0,0
80187.981,16123,62,0,0,0,0,0,8,67725,44,77,0,0,0,0,0,0,0,0,0,0,0,0,0,0,0,0,0,0,0,0,0,0,355,18268,0,0,0,0
80204.993,17012,58,0,0,0,0,0,8,67686,44,77,0,0,0,0,0,0,0,0,0,0,0,0,0,0,0,0,0,0,0,0,0,0,307,15930,0,0,0,0
80221.847,16853,59,0,0,0,0,0,8,67640,44,77,0,0,0,0,0,0,0,0,0,0,0,0,0,0,0,0,0,0,0,0,0,0,320,17628,0,0,0,0
80238.844,16997,58,0,0,0,0,0,8,67726,44,77,0,0,0,0,0,0,0,0,0,0,0,0,0,0,0,0,0,0,0,0,0,0,331,16567,0,0,0,0
80254.490,15645,63,0,0,0,0,0,8,67718,44,77,0,0,0,0,0,0,0,0,0,0,0,0,0,0,0,0,0,0,0,0,0,0,325,16714,0,0,0,0
80270.615,16125,62,0,0,0,0,0,8,67642,44,77,0,0,0,0,0,0,0,0,0,0,0,0,0,0,0,0,0,0,0,0,0,0,312,15150,0,0,0,0
80288.852,18237,54,0,0,0,0,0,8,67695,44,77,0,0,0,0,0,0,0,0,0,0,0,0,0,0,0,0,0,0,0,0,0,0,288,15966,0,0,0,0
80304.004,15151,65,0,0,0,0,0,8,67719,44,77,0,0,0,0,0,0,0,0,0,0,0,0,0,0,0,0,0,0,0,0,0,0,382,18855,0,0,0,0
80321.866,17862,55,0,0,0,0,0,8,67653,44,77,0,0,0,0,0,0,0,0,0,0,0,0,0,0,0,0,0,0,0,0,0,0,300,18793,0,0,0,0
80338.046,16179,61,0,0,0,0,0,8,67718,44,77,0,0,0,0,0,0,0,0,0,0,0,0,0,0,0,0,0,0,0,0,0,0,317,15005,0,0,0,0
80354.369,16323,61,0,0,0,0,0,8,67740,44,77,0,0,0,0,0,0,0,0,0,0,0,0,0,0,0,0,0,0,0,0,0,0,287,14354,0,0,0,0
80371.406,17036,58,0,0,0,1,0,8,67738,44,77,0,0,0,0,0,0,0,0,0,0,0,0,0,0,0,0,0,0,0,0,0,0,315,16985,0,0,0,0
80387.845,16439,60,0,0,0,0,0,8,340,44,77,0,0,0,0,0,0,0,0,0,0,0,0,0,0,0,0,0,0,0,0,0,0,0,0,0,0,0,0
80408.023,20177,49,0,0,0,0,0,8,69994,44,77,0,0,0,0,0,0,0,0,0,0,0,0,0,0,0,0,0,0,0,0,0,0,9122,44337,0,0,0,0
80608.240,200217,4,0,0,0,0,0,8,73320,18,82,0,0,0,0,0,0,0,0,0,0,0,0,0,0,0,0,0,0,0,0,0,0,0,200221,0,0,0,0
80621.015,12774,78,0,0,0,0,0,8,11268,5,82,0,0,0,0,0,0,0,0,0,0,0,0,0,0,0,0,0,0,0,0,0,0,117,117,0,0,0,0
80637.386,16371,61,0,0,0,0,0,8,11803,5,82,0,0,0,0,0,0,0,0,0,0,0,0,0,0,0,0,0,0,0,0,0,0,202,14286,0,0,0,0
80654.840,17453,57,0,0,0,0,0,8,4611,5,82,0,0,0,0,0,0,0,0,0,0,0,0,0,0,0,0,0,0,0,0,0,0,204,15850,0,0,0,0
80670.987,16147,61,0,0,0,0,0,8,7171,5,82,0,0,0,0,0,0,0,0,0,0,0,0,0,0,0,0,0,0,0,0,0,0,217,17961,0,0,0,0
80687.976,16988,58,0,0,0,0,0,8,4991,5,82,0,0,0,0,0,0,0,0,0,0,0,0,0,0,0,0,0,0,0,0,0,0,202,15632,0,0,0,0
80704.356,16380,61,0,0,0,0,0,8,726,5,82,0,0,0,0,0,0,0,0,0,0,0,0,0,0,0,0,0,0,0,0,0,0,226,17507,0,0,0,0
80720.983,16626,60,0,0,0,0,0,8,209,5,82,0,0,0,0,0,0,0,0,0,0,0,0,0,0,0,0,0,0,0,0,0,0,222,16417,0,0,0,0
80737.370,16387,61,0,0,0,0,0,8,46792,5,82,0,0,0,0,0,0,0,0,0,0,0,0,0,0,0,0,0,0,0,0,0,0,219,16621,0,0,0,0
80753.887,16517,60,0,0,0,0,0,8,4973,5,82,0,0,0,0,0,0,0,0,0,0,0,0,0,0,0,0,0,0,0,0,0,0,192,15840,0,0,0,0
80771.034,17146,58,0,0,0,0,0,8,21807,5,82,0,0,0,0,0,0,0,0,0,0,0,0,0,0,0,0,0,0,0,0,0,0,247,17325,0,0,0,0
80787.413,16379,61,0,0,0,0,0,8,17480,5,82,0,0,0,0,0,0,0,0,0,0,0,0,0,0,0,0,0,0,0,0,0,0,222,16882,0,0,0,0
80804.373,16960,58,0,0,0,0,0,8,128934,5,82,0,0,0,0,0,0,0,0,0,0,0,0,0,0,0,0,0,0,0,0,0,0,198,15836,0,0,0,0
80820.979,16605,60,0,0,0,0,0,8,43570,5,83,0,0,0,0,0,0,0,0,0,0,0,0,0,0,0,0,0,0,0,0,0,0,201,17509,0,0,0,0
80837.536,16556,60,0,0,0,0,0,8,347,5,83,0,0,0,0,0,0,0,0,0,0,0,0,0,0,0,0,0,0,0,0,0,0,210,16571,0,0,0,0
80854.395,16859,59,0,0,0,0,0,8,215,5,83,0,0,0,0,0,0,0,0,0,0,0,0,0,0,0,0,0,0,0,0,0,0,212,17070,0,0,0,0
80871.086,16690,59,0,0,0,0,0,8,449,5,83,0,0,0,0,0,0,0,0,0,0,0,0,0,0,0,0,0,0,0,0,0,0,218,16400,0,0,0,0
80887.499,16413,60,0,0,0,0,0,8,292,5,83,0,0,0,0,0,0,0,0,0,0,0,0,0,0,0,0,0,0,0,0,0,0,227,16126,0,0,0,0
80904.349,16849,59,0,0,0,0,0,8,228,5,83,0,0,0,0,0,0,0,0,0,0,0,0,0,0,0,0,0,0,0,0,0,0,211,16925,0,0,0,0
80920.977,16627,60,0,0,0,0,0,8,1243,5,83,0,0,0,0,0,0,0,0,0,0,0,0,0,0,0,0,0,0,0,0,0,0,220,17462,0,0,0,0
80937.403,16426,60,0,0,0,0,0,8,245,5,83,0,0,0,0,0,0,0,0,0,0,0,0,0,0,0,0,0,0,0,0,0,0,193,16014,0,0,0,0
80954.024,16621,60,0,0,0,0,0,8,1517,5,83,0,0,0,0,0,0,0,0,0,0,0,0,0,0,0,0,0,0,0,0,0,0,188,16932,0,0,0,0
80971.859,17834,56,0,0,0,0,0,8,198,5,83,0,0,0,0,0,0,0,0,0,0,0,0,0,0,0,0,0,0,0,0,0,0,194,15596,0,0,0,0
80987.984,16125,62,0,0,0,0,0,8,987,5,83,0,0,0,0,0,0,0,0,0,0,0,0,0,0,0,0,0,0,0,0,0,0,220,17825,0,0,0,0
81004.640,16656,60,0,0,0,0,0,8,1410,5,83,0,0,0,0,0,0,0,0,0,0,0,0,0,0,0,0,0,0,0,0,0,0,197,16640,0,0,0,0
81021.035,16394,60,0,0,0,0,0,8,187,5,83,0,0,0,0,0,0,0,0,0,0,0,0,0,0,0,0,0,0,0,0,0,0,202,16151,0,0,0,0
81037.508,16472,60,0,0,0,0,0,8,1453,5,83,0,0,0,0,0,0,0,0,0,0,0,0,0,0,0,0,0,0,0,0,0,0,221,17438,0,0,0,0
81054.212,16705,59,0,0,0,0,0,8,226,5,83,0,0,0,0,0,0,0,0,0,0,0,0,0,0,0,0,0,0,0,0,0,0,209,16469,0,0,0,0
81071.086,16873,59,0,0,0,0,0,8,1793,5,83,0,0,0,0,0,0,0,0,0,0,0,0,0,0,0,0,0,0,0,0,0,0,202,16207,0,0,0,0
81087.974,16887,59,0,0,0,0,0,8,874,5,83,0,0,0,0,0,0,0,0,0,0,0,0,0,0,0,0,0,0,0,0,0,0,221,16851,0,0,0,0
81104.363,16388,61,0,0,0,0,0,8,206,5,83,0,0,0,0,0,0,0,0,0,0,0,0,0,0,0,0,0,0,0,0,0,0,215,16883,0,0,0,0
81120.977,16613,60,0,0,0,0,0,8,229,5,83,0,0,0,0,0,0,0,0,0,0,0,0,0,0,0,0,0,0,0,0,0,0,216,16949,0,0,0,0
81137.979,17002,58,0,0,0,0,0,8,593,5,83,0,0,0,0,0,0,0,0,0,0,0,0,0,0,0,0,0,0,0,0,0,0,211,16059,0,0,0,0
81154.841,16861,59,0,0,0,0,0,8,419,5,83,0,0,0,0,0,0,0,0,0,0,0,0,0,0,0,0,0,0,0,0,0,0,218,16478,0,0,0,0
81170.957,16116,62,0,0,0,0,0,8,211,5,83,0,0,0,0,0,0,0,0,0,0,0,0,0,0,0,0,0,0,0,0,0,0,227,17410,0,0,0,0
81187.588,16630,60,0,0,0,0,0,8,1078,5,83,0,0,0,0,0,0,0,0,0,0,0,0,0,0,0,0,0,0,0,0,0,0,210,16099,0,0,0,0
81204.505,16916,59,0,0,0,0,0,8,245,5,83,0,0,0,0,0,0,0,0,0,0,0,0,0,0,0,0,0,0,0,0,0,0,238,17173,0,0,0,0
81221.136,16631,60,0,0,0,0,0,8,240,5,83,0,0,0,0,0,0,0,0,0,0,0,0,0,0,0,0,0,0,0,0,0,0,241,16426,0,0,0,0
81237.422,16285,61,0,0,0,0,0,8,14445,5,83,0,0,0,0,0,0,0,0,0,0,0,0,0,0,0,0,0,0,0,0,0,0,241,16599,0,0,0,0
81253.864,16442,60,0,0,0,0,0,8,16580,5,83,0,0,0,0,0,0,0,0,0,0,0,0,0,0,0,0,0,0,0,0,0,0,230,16836,0,0,0,0
81317.969,64104,15,0,0,0,0,0,8,38270,49,85,0,0,0,0,0,0,0,0,0,0,0,0,0,0,0,0,0,0,0,0,0,0,271579,78324,0,0,0,0
81329.834,11865,84,0,0,0,0,0,8,74066,44,85,0,0,0,0,0,0,0,0,0,0,0,0,0,0,0,0,0,0,0,0,0,0,419,9055,0,0,0,0
81346.012,16178,61,0,0,0,0,0,8,35446,44,85,0,0,0,0,0,0,0,0,0,0,0,0,0,0,0,0,0,0,0,0,0,0,290,9254,0,0,0,0
81362.440,16427,60,0,0,0,0,0,8,35399,44,85,0,0,0,0,0,0,0,0,0,0,0,0,0,0,0,0,0,0,0,0,0,0,339,15450,0,0,0,0
81379.324,16883,59,0,0,0,0,0,8,36520,44,85,0,0,0,0,0,0,0,0,0,0,0,0,0,0,0,0,0,0,0,0,0,0,316,16366,0,0,0,0
81396.070,16745,59,0,0,0,0,0,8,37059,44,85,0,0,0,0,0,0,0,0,0,0,0,0,0,0,0,0,0,0,0,0,0,0,329,17143,0,0,0,0
81412.731,16660,60,0,0,0,0,0,8,35705,44,85,0,0,0,0,0,0,0,0,0,0,0,0,0,0,0,0,0,0,0,0,0,0,346,16925,0,0,0,0
81429.384,16653,60,0,0,0,0,0,8,36781,44,85,0,0,0,0,0,0,0,0,0,0,0,0,0,0,0,0,0,0,0,0,0,0,331,16635,0,0,0,0
81446.359,16975,58,0,0,0,0,0,8,33341,44,85,0,0,0,0,0,0,0,0,0,0,0,0,0,0,0,0,0,0,0,0,0,0,327,16122,0,0,0,0
81462.675,16316,61,0,0,0,0,0,8,34878,44,85,0,0,0,0,0,0,0,0,0,0,0,0,0,0,0,0,0,0,0,0,0,0,325,17056,0,0,0,0
81479.354,16679,59,0,0,0,0,0,8,33912,44,85,0,0,0,0,0,0,0,0,0,0,0,0,0,0,0,0,0,0,0,0,0,0,326,16339,0,0,0,0
81496.086,16731,59,0,0,0,0,0,8,34980,44,85,0,0,0,0,0,0,0,0,0,0,0,0,0,0,0,0,0,0,0,0,0,0,310,16965,0,0,0,0
81512.602,16516,60,0,0,0,0,0,8,33841,44,85,0,0,0,0,0,0,0,0,0,0,0,0,0,0,0,0,0,0,0,0,0,0,342,16773,0,0,0,0
81529.281,16679,59,0,0,0,0,0,8,33913,44,85,0,0,0,0,0,0,0,0,0,0,0,0,0,0,0,0,0,0,0,0,0,0,334,16185,0,0,0,0
81545.417,16135,61,0,0,0,0,0,8,35566,44,85,0,0,0,0,0,0,0,0,0,0,0,0,0,0,0,0,0,0,0,0,0,0,350,16614,0,0,0,0
81562.409,16991,58,0,0,0,0,0,8,32643,44,85,0,0,0,0,0,0,0,0,0,0,0,0,0,0,0,0,0,0,0,0,0,0,351,16638,0,0,0,0
81579.393,16984,58,0,0,0,0,0,8,32828,44,85,0,0,0,0,0,0,0,0,0,0,0,0,0,0,0,0,0,0,0,0,0,0,361,17182,0,0,0,0
81596.027,16634,60,0,0,0,0,0,8,32336,44,85,0,0,0,0,0,0,0,0,0,0,0,0,0,0,0,0,0,0,0,0,0,0,331,16194,0,0,0,0
81612.663,16635,60,0,0,0,0,0,8,32142,44,85,0,0,0,0,0,0,0,0,0,0,0,0,0,0,0,0,0,0,0,0,0,0,312,16466,0,0,0,0
81629.372,16709,59,0,0,0,0,0,8,31481,44,85,0,0,0,0,0,0,0,0,0,0,0,0,0,0,0,0,0,0,0,0,0,0,337,16842,0,0,0,0
81646.831,17459,57,0,0,0,0,0,8,32042,44,85,0,0,0,0,0,0,0,0,0,0,0,0,0,0,0,0,0,0,0,0,0,0,325,16535,0,0,0,0
81662.432,15600,64,0,0,0,0,0,8,31991,44,85,0,0,0,0,0,0,0,0,0,0,0,0,0,0,0,0,0,0,0,0,0,0,365,17905,0,0,0,0
81679.370,16938,59,0,0,0,0,0,8,32208,44,85,0,0,0,0,0,0,0,0,0,0,0,0,0,0,0,0,0,0,0,0,0,0,318,15589,0,0,0,0
81696.374,17004,58,0,0,0,0,0,8,33112,44,85,0,0,0,0,0,0,0,0,0,0,0,0,0,0,0,0,0,0,0,0,0,0,350,16615,0,0,0,0
81712.784,16409,60,0,0,0,0,0,8,32710,44,85,0,0,0,0,0,0,0,0,0,0,0,0,0,0,0,0,0,0,0,0,0,0,315,16837,0,0,0,0
81729.395,16610,60,0,0,0,0,0,8,31344,44,85,0,0,0,0,0,0,0,0,0,0,0,0,0,0,0,0,0,0,0,0,0,0,326,16302,0,0,0,0
81745.997,16602,60,0,0,0,0,0,8,31261,44,85,0,0,0,0,0,0,0,0,0,0,0,0,0,0,0,0,0,0,0,0,0,0,325,16932,0,0,0,0
81762.535,16537,60,0,0,0,0,0,8,31322,44,85,0,0,0,0,0,0,0,0,0,0,0,0,0,0,0,0,0,0,0,0,0,0,319,16309,0,0,0,0
81779.110,16575,60,0,0,0,0,0,8,31248,44,85,0,0,0,0,0,0,0,0,0,0,0,0,0,0,0,0,0,0,0,0,0,0,330,17007,0,0,0,0
81796.026,16915,59,0,0,0,0,0,8,31182,44,85,0,0,0,0,0,0,0,0,0,0,0,0,0,0,0,0,0,0,0,0,0,0,333,16282,0,0,0,0
81812.607,16581,60,0,0,0,0,0,8,31254,44,85,0,0,0,0,0,0,0,0,0,0,0,0,0,0,0,0,0,0,0,0,0,0,319,16844,0,0,0,0
81829.352,16744,59,0,0,0,0,0,8,31477,44,85,0,0,0,0,0,0,0,0,0,0,0,0,0,0,0,0,0,0,0,0,0,0,314,16723,0,0,0,0
81845.979,16616,60,0,0,0,0,0,8,31381,44,85,0,0,0,0,0,0,0,0,0,0,0,0,0,0,0,0,0,0,0,0,0,0,320,16662,0,0,0,0
81862.492,16523,60,0,0,0,0,0,8,30480,44,85,0,0,0,0,0,0,0,0,0,0,0,0,0,0,0,0,0,0,0,0,0,0,340,16784,0,0,0,0
81879.831,17339,57,0,0,0,0,0,8,30121,44,85,0,0,0,0,0,0,0,0,0,0,0,0,0,0,0,0,0,0,0,0,0,0,322,16420,0,0,0,0
81895.995,16163,61,0,0,0,0,0,8,30305,44,85,0,0,0,0,0,0,0,0,0,0,0,0,0,0,0,0,0,0,0,0,0,0,321,16259,0,0,0,0
81912.464,16469,60,0,0,0,0,0,8,30159,44,85,0,0,0,0,0,0,0,0,0,0,0,0,0,0,0,0,0,0,0,0,0,0,316,17073,0,0,0,0
81929.848,17384,57,0,0,0,0,0,8,30379,44,85,0,0,0,0,0,0,0,0,0,0,0,0,0,0,0,0,0,0,0,0,0,0,350,16682,0,0,0,0
81945.906,16057,62,0,0,0,0,0,8,29950,44,85,0,0,0,0,0,0,0,0,0,0,0,0,0,0,0,0,0,0,0,0,0,0,339,17495,0,0,0,0
81962.831,16925,59,0,0,0,0,0,8,29874,44,85,0,0,0,0,0,0,0,0,0,0,0,0,0,0,0,0,0,0,0,0,0,0,332,15701,0,0,0,0
81979.444,16612,60,0,0,0,0,0,8,29995,44,85,0,0,0,0,0,0,0,0,0,0,0,0,0,0,0,0,0,0,0,0,0,0,351,16755,0,0,0,0
81995.900,16456,60,0,0,0,0,0,8,29837,44,85,0,0,0,0,0,0,0,0,0,0,0,0,0,0,0,0,0,0,0,0,0,0,336,16934,0,0,0,0
82012.641,16741,59,0,0,0,0,0,8,29779,44,85,0,0,0,0,0,0,0,0,0,0,0,0,0,0,0,0,0,0,0,0,0,0,313,16267,0,0,0,0
82029.494,16853,59,0,0,0,0,0,8,29642,44,85,0,0,0,0,0,0,0,0,0,0,0,0,0,0,0,0,0,0,0,0,0,0,325,16795,0,0,0,0
82046.003,16508,60,0,0,0,0,0,8,29566,44,85,0,0,0,0,0,0,0,0,0,0,0,0,0,0,0,0,0,0,0,0,0,0,336,16764,0,0,0,0
82062.888,16885,59,0,0,0,0,0,8,29706,44,85,0,0,0,0,0,0,0,0,0,0,0,0,0,0,0,0,0,0,0,0,0,0,325,16480,0,0,0,0
82079.339,16450,60,0,0,0,0,0,8,29594,44,85,0,0,0,0,0,0,0,0,0,0,0,0,0,0,0,0,0,0,0,0,0,0,354,17057,0,0,0,0
82095.998,16659,60,0,0,0,0,0,8,29603,44,85,0,0,0,0,0,0,0,0,0,0,0,0,0,0,0,0,0,0,0,0,0,0,346,16777,0,0,0,0
82112.421,16423,60,0,0,0,0,0,8,29712,44,85,0,0,0,0,0,0,0,0,0,0,0,0,0,0,0,0,0,0,0,0,0,0,353,16069,0,0,0,0
82129.869,17447,57,0,0,0,0,0,8,29193,44,85,0,0,0,0,0,0,0,0,0,0,0,0,0,0,0,0,0,0,0,0,0,0,349,16431,0,0,0,0
82145.706,15837,63,0,0,0,0,0,8,29100,44,85,0,0,0,0,0,0,0,0,0,0,0,0,0,0,0,0,0,0,0,0,0,0,341,16673,0,0,0,0
82162.479,16772,59,0,0,0,0,0,8,28823,44,85,0,0,0,0,0,0,0,0,0,0,0,0,0,0,0,0,0,0,0,0,0,0,332,16491,0,0,0,0
82179.522,17043,58,0,0,0,0,0,8,28779,44,85,0,0,0,0,0,0,0,0,0,0,0,0,0,0,0,0,0,0,0,0,0,0,333,16947,0,0,0,0
82195.911,16389,61,0,0,0,1,0,8,28771,44,85,0,0,0,0,0,0,0,0,0,0,0,0,0,0,0,0,0,0,0,0,0,0,318,17176,0,0,0,0
82213.356,17445,57,0,0,0,0,0,8,28496,44,85,0,0,0,0,0,0,0,0,0,0,0,0,0,0,0,0,0,0,0,0,0,0,342,16361,0,0,0,0
82228.886,15529,64,0,0,0,0,0,8,28199,44,85,0,0,0,0,0,0,0,0,0,0,0,0,0,0,0,0,0,0,0,0,0,0,328,17513,0,0,0,0
82246.075,17189,58,0,0,0,0,0,8,28034,44,85,0,0,0,0,0,0,0,0,0,0,0,0,0,0,0,0,0,0,0,0,0,0,377,15612,0,0,0,0
82262.985,16909,59,0,0,0,0,0,8,26823,44,85,0,0,0,0,0,0,0,0,0,0,0,0,0,0,0,0,0,0,0,0,0,0,333,16606,0,0,0,0
82279.351,16365,61,0,0,0,0,0,8,27511,44,85,0,0,0,0,0,0,0,0,0,0,0,0,0,0,0,0,0,0,0,0,0,0,329,17112,0,0,0,0
82296.007,16656,60,0,0,0,0,0,8,27369,44,85,0,0,0,0,0,0,0,0,0,0,0,0,0,0,0,0,0,0,0,0,0,0,330,16535,0,0,0,0
82312.604,16596,60,0,0,0,0,0,8,27092,44,85,0,0,0,0,0,0,0,0,0,0,0,0,0,0,0,0,0,0,0,0,0,0,341,16567,0,0,0,0
82329.108,16504,60,0,0,0,0,0,8,27292,44,85,0,0,0,0,0,0,0,0,0,0,0,0,0,0,0,0,0,0,0,0,0,0,326,16330,0,0,0,0
82346.081,16973,58,0,0,0,0,0,8,27213,44,85,0,0,0,0,0,0,0,0,0,0,0,0,0,0,0,0,0,0,0,0,0,0,347,16803,0,0,0,0
82362.486,16404,60,0,0,0,0,0,8,27025,44,85,0,0,0,0,0,0,0,0,0,0,0,0,0,0,0,0,0,0,0,0,0,0,337,16704,0,0,0,0
82379.524,17038,58,0,0,0,0,0,8,27103,44,85,0,0,0,0,0,0,0,0,0,0,0,0,0,0,0,0,0,0,0,0,0,0,353,16897,0,0,0,0
82395.951,16426,60,0,0,0,0,0,8,27267,44,85,0,0,0,0,0,0,0,0,0,0,0,0,0,0,0,0,0,0,0,0,0,0,326,16702,0,0,0,0
82412.579,16628,60,0,0,0,0,0,8,26871,44,85,0,0,0,0,0,0,0,0,0,0,0,0,0,0,0,0,0,0,0,0,0,0,336,16325,0,0,0,0
82429.170,16591,60,0,0,0,0,0,8,26924,44,85,0,0,0,0,0,0,0,0,0,0,0,0,0,0,0,0,0,0,0,0,0,0,333,16464,0,0,0,0
82446.050,16880,59,0,0,0,0,0,8,26835,44,85,0,0,0,0,0,0,0,0,0,0,0,0,0,0,0,0,0,0,0,0,0,0,337,16525,0,0,0,0
82462.608,16558,60,0,0,0,0,0,8,26602,44,85,0,0,0,0,0,0,0,0,0,0,0,0,0,0,0,0,0,0,0,0,0,0,337,16843,0,0,0,0
82479.156,16547,60,0,0,0,0,0,8,26804,44,85,0,0,0,0,0,0,0,0,0,0,0,0,0,0,0,0,0,0,0,0,0,0,327,17054,0,0,0,0
82495.661,16505,60,0,0,0,0,0,8,28551,44,85,0,0,0,0,0,0,0,0,0,0,0,0,0,0,0,0,0,0,0,0,0,0,353,16100,0,0,0,0
82512.210,16548,60,0,0,0,0,0,8,28286,44,85,0,0,0,0,0,0,0,0,0,0,0,0,0,0,0,0,0,0,0,0,0,0,358,16893,0,0,0,0
82529.833,17622,56,0,0,0,0,0,8,28495,44,85,0,0,0,0,0,0,0,0,0,0,0,0,0,0,0,0,0,0,0,0,0,0,330,16255,0,0,0,0
82545.955,16122,62,0,0,0,0,0,8,28620,44,85,0,0,0,0,0,0,0,0,0,0,0,0,0,0,0,0,0,0,0,0,0,0,326,17731,0,0,0,0
82562.333,16377,61,0,0,0,0,0,8,28487,44,85,0,0,0,0,0,0,0,0,0,0,0,0,0,0,0,0,0,0,0,0,0,0,350,16165,0,0,0,0
82579.110,16776,59,0,0,0,0,0,8,28040,44,85,0,0,0,0,0,0,0,0,0,0,0,0,0,0,0,0,0,0,0,0,0,0,387,16806,0,0,0,0
82595.705,16594,60,0,0,0,0,0,8,29150,44,85,0,0,0,0,0,0,0,0,0,0,0,0,0,0,0,0,0,0,0,0,0,0,336,16175,0,0,0,0
82612.546,16841,59,0,0,0,0,0,8,28413,44,85,0,0,0,0,0,0,0,0,0,0,0,0,0,0,0,0,0,0,0,0,0,0,334,16482,0,0,0,0
82629.336,16789,59,0,0,0,0,0,8,28936,44,85,0,0,0,0,0,0,0,0,0,0,0,0,0,0,0,0,0,0,0,0,0,0,324,16784,0,0,0,0
82645.879,16542,60,0,0,0,0,0,8,28807,44,85,0,0,0,0,0,0,0,0,0,0,0,0,0,0,0,0,0,0,0,0,0,0,340,17151,0,0,0,0
82662.434,16555,60,0,0,0,0,0,8,30555,44,85,0,0,0,0,0,0,0,0,0,0,0,0,0,0,0,0,0,0,0,0,0,0,327,16837,0,0,0,0
82679.087,16652,60,0,0,0,0,0,8,29878,44,85,0,0,0,0,0,0,0,0,0,0,0,0,0,0,0,0,0,0,0,0,0,0,375,16704,0,0,0,0
82695.760,16673,59,0,0,0,0,0,8,29893,44,85,0,0,0,0,0,0,0,0,0,0,0,0,0,0,0,0,0,0,0,0,0,0,349,16158,0,0,0,0
82712.338,16577,60,0,0,0,0,0,8,29723,44,85,0,0,0,0,0,0,0,0,0,0,0,0,0,0,0,0,0,0,0,0,0,0,343,16653,0,0,0,0
82729.151,16813,59,0,0,0,0,0,8,29896,44,85,0,0,0,0,0,0,0,0,0,0,0,0,0,0,0,0,0,0,0,0,0,0,369,16606,0,0,0,0
82746.129,16978,58,0,0,0,0,0,8,29509,44,85,0,0,0,0,0,0,0,0,0,0,0,0,0,0,0,0,0,0,0,0,0,0,368,16741,0,0,0,0
82762.617,16488,60,0,0,0,0,0,8,29189,44,85,0,0,0,0,0,0,0,0,0,0,0,0,0,0,0,0,0,0,0,0,0,0,330,17256,0,0,0,0
82779.847,17229,58,0,0,0,0,0,8,28212,44,85,0,0,0,0,0,0,0,0,0,0,0,0,0,0,0,0,0,0,0,0,0,0,349,16808,0,0,0,0
82796.014,16166,61,0,0,0,0,0,8,27884,44,85,0,0,0,0,0,0,0,0,0,0,0,0,0,0,0,0,0,0,0,0,0,0,324,15788,0,0,0,0
82812.647,16633,60,0,0,0,0,0,8,27405,44,85,0,0,0,0,0,0,0,0,0,0,0,0,0,0,0,0,0,0,0,0,0,0,335,17193,0,0,0,0
82829.138,16491,60,0,0,0,0,0,8,28693,44,85,0,0,0,0,0,0,0,0,0,0,0,0,0,0,0,0,0,0,0,0,0,0,349,16536,0,0,0,0
82845.898,16759,59,0,0,0,0,0,8,27986,44,85,0,0,0,0,0,0,0,0,0,0,0,0,0,0,0,0,0,0,0,0,0,0,361,16638,0,0,0,0
82862.732,16833,59,0,0,0,0,0,8,29042,44,85,0,0,0,0,0,0,0,0,0,0,0,0,0,0,0,0,0,0,0,0,0,0,348,16667,0,0,0,0
82879.057,16324,61,0,0,0,0,0,8,28757,44,85,0,0,0,0,0,0,0,0,0,0,0,0,0,0,0,0,0,0,0,0,0,0,340,17199,0,0,0,0
82895.337,16281,61,0,0,0,0,0,8,30074,44,85,0,0,0,0,0,0,0,0,0,0,0,0,0,0,0,0,0,0,0,0,0,0,341,16140,0,0,0,0
82912.576,17239,58,0,0,0,0,0,8,29775,44,85,0,0,0,0,0,0,0,0,0,0,0,0,0,0,0,0,0,0,0,0,0,0,336,16591,0,0,0,0
82929.111,16534,60,0,0,0,0,0,8,31175,44,85,0,0,0,0,0,0,0,0,0,0,0,0,0,0,0,0,0,0,0,0,0,0,337,16915,0,0,0,0
82946.847,17735,56,0,0,0,0,0,8,32514,44,85,0,0,0,0,0,0,0,0,0,0,0,0,0,0,0,0,0,0,0,0,0,0,333,17293,0,0,0,0
82963.347,16500,60,0,0,0,0,0,8,35789,44,85,0,0,0,0,0,0,0,0,0,0,0,0,0,0,0,0,0,0,0,0,0,0,327,17280,0,0,0,0
82978.832,15485,64,0,0,0,0,0,8,36134,44,85,0,0,0,0,0,0,0,0,0,0,0,0,0,0,0,0,0,0,0,0,0,0,379,16937,0,0,0,0
82995.504,16671,59,0,0,0,0,0,8,32483,44,85,0,0,0,0,0,0,0,0,0,0,0,0,0,0,0,0,0,0,0,0,0,0,354,14771,0,0,0,0
83012.420,16916,59,0,0,0,0,0,8,30661,44,85,0,0,0,0,0,0,0,0,0,0,0,0,0,0,0,0,0,0,0,0,0,0,323,16769,0,0,0,0
83029.110,16690,59,0,0,0,0,0,8,31285,44,85,0,0,0,0,0,0,0,0,0,0,0,0,0,0,0,0,0,0,0,0,0,0,344,16954,0,0,0,0
83045.983,16872,59,0,0,0,0,0,8,31474,44,85,0,0,0,0,0,0,0,0,0,0,0,0,0,0,0,0,0,0,0,0,0,0,357,16725,0,0,0,0
83062.710,16726,59,0,0,0,0,0,8,30868,44,85,0,0,0,0,0,0,0,0,0,0,0,0,0,0,0,0,0,0,0,0,0,0,342,16415,0,0,0,0
83079.378,16667,59,0,0,0,0,0,8,31124,44,85,0,0,0,0,0,0,0,0,0,0,0,0,0,0,0,0,0,0,0,0,0,0,341,16989,0,0,0,0
83095.899,16521,60,0,0,0,0,0,8,31279,44,85,0,0,0,0,0,0,0,0,0,0,0,0,0,0,0,0,0,0,0,0,0,0,349,16826,0,0,0,0
83112.602,16702,59,0,0,0,0,0,8,31344,44,85,0,0,0,0,0,0,0,0,0,0,0,0,0,0,0,0,0,0,0,0,0,0,308,16328,0,0,0,0
83129.330,16727,59,0,0,0,0,0,8,31049,44,85,0,0,0,0,0,0,0,0,0,0,0,0,0,0,0,0,0,0,0,0,0,0,335,16824,0,0,0,0
83146.825,17495,57,0,0,0,0,0,8,22156,44,85,0,0,0,0,0,0,0,0,0,0,0,0,0,0,0,0,0,0,0,0,0,0,346,16184,0,0,0,0
83162.489,15664,63,0,0,0,0,0,8,21686,44,85,0,0,0,0,0,0,0,0,0,0,0,0,0,0,0,0,0,0,0,0,0,0,328,17346,0,0,0,0
83179.024,16535,60,0,0,0,0,0,8,20844,44,85,0,0,0,0,0,0,0,0,0,0,0,0,0,0,0,0,0,0,0,0,0,0,356,15465,0,0,0,0
83195.854,16830,59,0,0,0,0,0,8,20743,44,85,0,0,0,0,0,0,0,0,0,0,0,0,0,0,0,0,0,0,0,0,0,0,335,16452,0,0,0,0
83212.401,16546,60,0,0,0,0,0,8,20969,44,85,0,0,0,0,0,0,0,0,0,0,0,0,0,0,0,0,0,0,0,0,0,0,340,17077,0,0,0,0
83229.144,16743,59,0,0,0,0,0,8,21189,44,85,0,0,0,0,0,0,0,0,0,0,0,0,0,0,0,0,0,0,0,0,0,0,338,16511,0,0,0,0
83245.998,16854,59,0,0,0,0,0,8,21747,44,85,0,0,0,0,0,0,0,0,0,0,0,0,0,0,0,0,0,0,0,0,0,0,316,16580,0,0,0,0
83262.636,16637,60,0,0,0,0,0,8,22056,44,85,0,0,0,0,0,0,0,0,0,0,0,0,0,0,0,0,0,0,0,0,0,0,339,17100,0,0,0,0
83279.822,17186,58,0,0,0,0,0,8,22942,44,85,0,0,0,0,0,0,0,0,0,0,0,0,0,0,0,0,0,0,0,0,0,0,348,16711,0,0,0,0
83295.988,16165,61,0,0,0,0,0,8,23711,44,85,0,0,0,0,0,0,0,0,0,0,0,0,0,0,0,0,0,0,0,0,0,0,326,16211,0,0,0,0
83312.408,16419,60,0,0,0,0,0,8,24244,44,85,0,0,0,0,0,0,0,0,0,0,0,0,0,0,0,0,0,0,0,0,0,0,323,17411,0,0,0,0
83329.511,17102,58,0,0,0,0,0,8,25108,44,85,0,0,0,0,0,0,0,0,0,0,0,0,0,0,0,0,0,0,0,0,0,0,322,16558,0,0,0,0
83346.044,16533,60,0,0,0,0,0,8,26645,44,85,0,0,0,0,0,0,0,0,0,0,0,0,0,0,0,0,0,0,0,0,0,0,368,17368,0,0,0,0
83362.581,16536,60,0,0,0,0,0,8,27063,44,85,0,0,0,0,0,0,0,0,0,0,0,0,0,0,0,0,0,0,0,0,0,0,326,16443,0,0,0,0
83379.852,17271,57,0,0,0,0,0,8,36800,44,85,0,0,0,0,0,0,0,0,0,0,0,0,0,0,0,0,0,0,0,0,0,0,329,17014,0,0,0,0
83395.953,16101,62,0,0,0,0,0,8,38508,44,85,0,0,0,0,0,0,0,0,0,0,0,0,0,0,0,0,0,0,0,0,0,0,325,16393,0,0,0,0
83412.827,16874,59,0,0,0,0,0,8,38648,44,85,0,0,0,0,0,0,0,0,0,0,0,0,0,0,0,0,0,0,0,0,0,0,348,17349,0,0,0,0
83429.816,16988,58,0,0,0,0,0,8,41977,44,85,0,0,0,0,0,0,0,0,0,0,0,0,0,0,0,0,0,0,0,0,0,0,349,16257,0,0,0,0
83446.070,16254,61,0,0,0,0,0,8,44557,44,85,0,0,0,0,0,0,0,0,0,0,0,0,0,0,0,0,0,0,0,0,0,0,330,17127,0,0,0,0
83462.393,16322,61,0,0,0,0,0,8,46506,44,85,0,0,0,0,0,0,0,0,0,0,0,0,0,0,0,0,0,0,0,0,0,0,321,17257,0,0,0,0
83478.997,16604,60,0,0,0,0,0,8,46890,44,85,0,0,0,0,0,0,0,0,0,0,0,0,0,0,0,0,0,0,0,0,0,0,333,16376,0,0,0,0
83495.962,16964,58,0,0,0,0,0,8,48355,44,85,0,0,0,0,0,0,0,0,0,0,0,0,0,0,0,0,0,0,0,0,0,0,306,16593,0,0,0,0
83512.822,16860,59,0,0,0,0,0,8,49257,44,85,0,0,0,0,0,0,0,0,0,0,0,0,0,0,0,0,0,0,0,0,0,0,338,17584,0,0,0,0
83529.346,16513,60,0,0,0,0,0,8,50788,44,85,0,0,0,0,0,0,0,0,0,0,0,0,0,0,0,0,0,0,0,0,0,0,321,17634,0,0,0,0
83546.014,16679,59,0,0,0,0,0,8,53576,44,85,0,0,0,0,0,0,0,0,0,0,0,0,0,0,0,0,0,0,0,0,0,0,338,20216,0,0,0,0
83562.484,16469,60,0,0,0,0,0,8,54382,44,85,0,0,0,0,0,0,0,0,0,0,0,0,0,0,0,0,0,0,0,0,0,0,315,14985,0,0,0,0
83579.389,16905,59,0,0,0,0,0,8,56529,44,85,0,0,0,0,0,0,0,0,0,0,0,0,0,0,0,0,0,0,0,0,0,0,321,17319,0,0,0,0
83595.474,16085,62,0,0,0,0,0,8,56149,44,85,0,0,0,0,0,0,0,0,0,0,0,0,0,0,0,0,0,0,0,0,0,0,287,16577,0,0,0,0
83612.414,16939,59,0,0,0,0,0,8,59971,44,85,0,0,0,0,0,0,0,0,0,0,0,0,0,0,0,0,0,0,0,0,0,0,323,13808,0,0,0,0
83629.326,16912,59,0,0,0,0,0,8,58565,44,85,0,0,0,0,0,0,0,0,0,0,0,0,0,0,0,0,0,0,0,0,0,0,312,16153,0,0,0,0
83645.527,16200,61,0,0,0,0,0,8,59192,44,85,0,0,0,0,0,0,0,0,0,0,0,0,0,0,0,0,0,0,0,0,0,0,317,17052,0,0,0,0
83662.519,16992,58,0,0,0,0,0,8,62125,44,85,0,0,0,0,0,0,0,0,0,0,0,0,0,0,0,0,0,0,0,0,0,0,326,18796,0,0,0,0
83679.463,16943,59,0,0,0,0,0,8,63760,44,85,0,0,0,0,0,0,0,0,0,0,0,0,0,0,0,0,0,0,0,0,0,0,322,14747,0,0,0,0
83695.973,16509,60,0,0,0,0,0,8,63982,44,85,0,0,0,0,0,0,0,0,0,0,0,0,0,0,0,0,0,0,0,0,0,0,311,19050,0,0,0,0
83712.825,16852,59,0,0,0,0,0,8,63797,44,85,0,0,0,0,0,0,0,0,0,0,0,0,0,0,0,0,0,0,0,0,0,0,300,16942,0,0,0,0
83729.454,16628,60,0,0,0,0,0,8,65349,44,85,0,0,0,0,0,0,0,0,0,0,0,0,0,0,0,0,0,0,0,0,0,0,304,16130,0,0,0,0
83745.982,16528,60,0,0,0,0,0,8,64742,44,85,0,0,0,0,0,0,0,0,0,0,0,0,0,0,0,0,0,0,0,0,0,0,293,15235,0,0,0,0
83762.833,16850,59,0,0,0,0,0,8,64602,44,85,0,0,0,0,0,0,0,0,0,0,0,0,0,0,0,0,0,0,0,0,0,0,308,17518,0,0,0,0
83779.814,16981,58,0,0,0,0,0,8,64872,44,85,0,0,0,0,0,0,0,0,0,0,0,0,0,0,0,0,0,0,0,0,0,0,310,16091,0,0,0,0
83796.109,16294,61,0,0,0,0,0,8,64691,44,85,0,0,0,0,0,0,0,0,0,0,0,0,0,0,0,0,0,0,0,0,0,0,326,18417,0,0,0,0
83812.539,16430,60,0,0,0,0,0,8,64632,44,85,0,0,0,0,0,0,0,0,0,0,0,0,0,0,0,0,0,0,0,0,0,0,276,14965,0,0,0,0
83829.002,16462,60,0,0,0,0,0,8,64694,44,85,0,0,0,0,0,0,0,0,0,0,0,0,0,0,0,0,0,0,0,0,0,0,293,15813,0,0,0,0
83845.846,16844,59,0,0,0,0,0,8,64892,44,85,0,0,0,0,0,0,0,0,0,0,0,0,0,0,0,0,0,0,0,0,0,0,310,16791,0,0,0,0
83862.327,16480,60,0,0,0,0,0,8,64949,44,85,0,0,0,0,0,0,0,0,0,0,0,0,0,0,0,0,0,0,0,0,0,0,319,17957,0,0,0,0
83879.322,16995,58,0,0,0,0,0,8,64727,44,85,0,0,0,0,0,0,0,0,0,0,0,0,0,0,0,0,0,0,0,0,0,0,307,15068,0,0,0,0
83895.636,16313,61,0,0,0,0,0,8,65042,44,85,0,0,0,0,0,0,0,0,0,0,0,0,0,0,0,0,0,0,0,0,0,0,321,18673,0,0,0,0
83912.581,16944,59,0,0,0,0,0,8,64789,44,85,0,0,0,0,0,0,0,0,0,0,0,0,0,0,0,0,0,0,0,0,0,0,285,14930,0,0,0,0
83929.156,16574,60,0,0,0,0,0,8,64932,44,85,0,0,0,0,0,0,0,0,0,0,0,0,0,0,0,0,0,0,0,0,0,0,322,17238,0,0,0,0
83945.356,16172,61,0,0,0,0,0,8,65010,44,85,0,0,0,0,0,0,0,0,0,0,0,0,0,0,0,0,0,0,0,0,0,0,349,18068,0,0,0,0
83962.361,17032,58,0,0,0,0,0,8,64842,44,85,0,0,0,0,0,0,0,0,0,0,0,0,0,0,0,0,0,0,0,0,0,0,295,14777,0,0,0,0
83979.489,17127,58,0,0,0,0,0,8,65294,44,85,0,0,0,0,0,0,0,0,0,0,0,0,0,0,0,0,0,0,0,0,0,0,313,16852,0,0,0,0
83995.470,15981,62,0,0,0,0,0,8,65558,44,85,0,0,0,0,0,0,0,0,0,0,0,0,0,0,0,0,0,0,0,0,0,0,294,16888,0,0,0,0
84012.465,16995,58,0,0,0,0,0,8,65491,44,85,0,0,0,0,0,0,0,0,0,0,0,0,0,0,0,0,0,0,0,0,0,0,286,15662,0,0,0,0
84029.277,16812,59,0,0,0,0,0,8,65863,44,85,0,0,0,0,0,0,0,0,0,0,0,0,0,0,0,0,0,0,0,0,0,0,326,17305,0,0,0,0
84045.732,16454,60,0,0,0,0,0,8,65901,44,85,0,0,0,0,0,0,0,0,0,0,0,0,0,0,0,0,0,0,0,0,0,0,322,17061,0,0,0,0
84062.305,16573,60,0,0,0,0,0,8,66108,44,85,0,0,0,0,0,0,0,0,0,0,0,0,0,0,0,0,0,0,0,0,0,0,333,17634,0,0,0,0
84079.357,17052,58,0,0,0,0,0,8,66336,44,85,0,0,0,0,0,0,0,0,0,0,0,0,0,0,0,0,0,0,0,0,0,0,308,15706,0,0,0,0
84096.810,17453,57,0,0,0,0,0,8,67238,44,85,0,0,0,0,0,0,0,0,0,0,0,0,0,0,0,0,0,0,0,0,0,0,293,16325,0,0,0,0
84112.450,15639,63,0,0,0,0,0,8,65779,44,85,0,0,0,0,0,0,0,0,0,0,0,0,0,0,0,0,0,0,0,0,0,0,323,19938,0,0,0,0
84129.204,16754,59,0,0,0,0,0,8,66889,44,85,0,0,0,0,0,0,0,0,0,0,0,0,0,0,0,0,0,0,0,0,0,0,296,14287,0,0,0,0
84146.335,17130,58,0,0,0,0,0,8,66463,44,85,0,0,0,0,0,0,0,0,0,0,0,0,0,0,0,0,0,0,0,0,0,0,294,15669,0,0,0,0
84162.408,16073,62,0,0,0,0,0,8,65891,44,85,0,0,0,0,0,0,0,0,0,0,0,0,0,0,0,0,0,0,0,0,0,0,319,17429,0,0,0,0
84179.816,17408,57,0,0,0,0,0,8,66860,44,85,0,0,0,0,0,0,0,0,0,0,0,0,0,0,0,0,0,0,0,0,0,0,298,15859,0,0,0,0
84195.778,15961,62,0,0,0,0,0,8,65874,44,85,0,0,0,0,0,0,0,0,0,0,0,0,0,0,0,0,0,0,0,0,0,0,344,19628,0,0,0,0
84212.492,16714,59,0,0,0,0,0,8,66632,44,85,0,0,0,0,0,0,0,0,0,0,0,0,0,0,0,0,0,0,0,0,0,0,301,13800,0,0,0,0
84229.480,16987,58,0,0,0,0,0,8,66383,44,85,0,0,0,0,0,0,0,0,0,0,0,0,0,0,0,0,0,0,0,0,0,0,294,16719,0,0,0,0
84246.035,16555,60,0,0,0,0,0,8,65790,44,85,0,0,0,0,0,0,0,0,0,0,0,0,0,0,0,0,0,0,0,0,0,0,297,17042,0,0,0,0
84262.458,16422,60,0,0,0,0,0,8,65624,44,85,0,0,0,0,0,0,0,0,0,0,0,0,0,0,0,0,0,0,0,0,0,0,334,17761,0,0,0,0
84279.472,17014,58,0,0,0,0,0,8,66572,44,85,0,0,0,0,0,0,0,0,0,0,0,0,0,0,0,0,0,0,0,0,0,0,288,16510,0,0,0,0
84295.882,16409,60,0,0,0,0,0,8,67719,44,85,0,0,0,0,0,0,0,0,0,0,0,0,0,0,0,0,0,0,0,0,0,0,314,16719,0,0,0,0
84312.725,16843,59,0,0,0,0,0,8,67607,44,85,0,0,0,0,0,0,0,0,0,0,0,0,0,0,0,0,0,0,0,0,0,0,304,15435,0,0,0,0
84329.092,16366,61,0,0,0,0,0,8,67445,44,85,0,0,0,0,0,0,0,0,0,0,0,0,0,0,0,0,0,0,0,0,0,0,302,16927,0,0,0,0
84345.830,16738,59,0,0,0,0,0,8,67193,44,85,0,0,0,0,0,0,0,0,0,0,0,0,0,0,0,0,0,0,0,0,0,0,319,16161,0,0,0,0
84362.841,17010,58,0,0,0,0,0,8,66943,44,85,0,0,0,0,0,0,0,0,0,0,0,0,0,0,0,0,0,0,0,0,0,0,309,16801,0,0,0,0
84379.332,16491,60,0,0,0,0,0,8,66491,44,85,0,0,0,0,0,0,0,0,0,0,0,0,0,0,0,0,0,0,0,0,0,0,299,17222,0,0,0,0
84395.269,15936,62,0,0,0,0,0,8,67231,44,85,0,0,0,0,0,0,0,0,0,0,0,0,0,0,0,0,0,0,0,0,0,0,318,15941,0,0,0,0
84412.580,17311,57,0,0,0,0,0,8,66533,44,85,0,0,0,0,0,0,0,0,0,0,0,0,0,0,0,0,0,0,0,0,0,0,292,16263,0,0,0,0
84429.389,16809,59,0,0,0,0,0,8,66141,44,85,0,0,0,0,0,0,0,0,0,0,0,0,0,0,0,0,0,0,0,0,0,0,321,17088,0,0,0,0
84445.950,16560,60,0,0,0,0,0,8,67134,44,85,0,0,0,0,0,0,0,0,0,0,0,0,0,0,0,0,0,0,0,0,0,0,339,18372,0,0,0,0
84462.363,16413,60,0,0,0,0,0,8,66522,44,85,0,0,0,0,0,0,0,0,0,0,0,0,0,0,0,0,0,0,0,0,0,0,294,15042,0,0,0,0
84479.350,16986,58,0,0,0,0,0,8,67059,44,85,0,0,0,0,0,0,0,0,0,0,0,0,0,0,0,0,0,0,0,0,0,0,319,17684,0,0,0,0
84496.043,16693,59,0,0,0,0,0,8,66904,44,85,0,0,0,0,0,0,0,0,0,0,0,0,0,0,0,0,0,0,0,0,0,0,303,17065,0,0,0,0
84512.388,16344,61,0,0,0,0,0,8,66655,44,85,0,0,0,0,0,0,0,0,0,0,0,0,0,0,0,0,0,0,0,0,0,0,291,16868,0,0,0,0
84529.343,16955,58,0,0,0,0,0,8,66754,44,85,0,0,0,0,0,0,0,0,0,0,0,0,0,0,0,0,0,0,0,0,0,0,307,15052,0,0,0,0
84546.353,17009,58,0,0,0,0,0,8,66676,44,85,0,0,0,0,0,0,0,0,0,0,0,0,0,0,0,0,0,0,0,0,0,0,326,16976,0,0,0,0
84562.944,16591,60,0,0,0,0,0,8,64923,44,85,0,0,0,0,0,0,0,0,0,0,0,0,0,0,0,0,0,0,0,0,0,0,298,16929,0,0,0,0
84578.982,16037,62,0,0,0,0,0,8,65054,44,85,0,0,0,0,0,0,0,0,0,0,0,0,0,0,0,0,0,0,0,0,0,0,316,16901,0,0,0,0
84595.984,17002,58,0,0,0,0,0,8,65145,44,85,0,0,0,0,0,0,0,0,0,0,0,0,0,0,0,0,0,0,0,0,0,0,297,16805,0,0,0,0
84612.894,16910,59,0,0,0,0,0,8,64884,44,85,0,0,0,0,0,0,0,0,0,0,0,0,0,0,0,0,0,0,0,0,0,0,294,16149,0,0,0,0
84629.387,16492,60,0,0,0,0,0,8,64818,44,85,0,0,0,0,0,0,0,0,0,0,0,0,0,0,0,0,0,0,0,0,0,0,307,17296,0,0,0,0
84645.948,16560,60,0,0,0,0,0,8,64614,44,85,0,0,0,0,0,0,0,0,0,0,0,0,0,0,0,0,0,0,0,0,0,0,320,15773,0,0,0,0
84662.812,16864,59,0,0,0,0,0,8,64437,44,85,0,0,0,0,0,0,0,0,0,0,0,0,0,0,0,0,0,0,0,0,0,0,328,17753,0,0,0,0
84679.323,16510,60,0,0,0,0,0,8,64413,44,85,0,0,0,0,0,0,0,0,0,0,0,0,0,0,0,0,0,0,0,0,0,0,297,16357,0,0,0,0
84695.875,16552,60,0,0,0,0,0,8,118175,44,85,0,0,0,0,0,0,0,0,0,0,0,0,0,0,0,0,0,0,0,0,0,0,0,0,0,0,0,0
84732.578,36702,27,0,0,0,0,0,8,225490,46,85,0,0,0,0,0,0,0,0,0,0,0,0,0,0,0,0,0,0,0,0,0,0,34985,60732,0,0,0,0
84745.316,12738,78,0,0,0,0,0,8,76344,44,85,0,0,0,0,0,0,0,0,0,0,0,0,0,0,0,0,0,0,0,0,0,0,213,12015,0,0,0,0
84762.810,17494,57,0,0,0,0,0,8,139844,44,85,0,0,0,0,0,0,0,0,0,0,0,0,0,0,0,0,0,0,0,0,0,0,217,8045,0,0,0,0
84779.349,16538,60,0,0,0,0,0,8,72584,44,85,0,0,0,0,0,0,0,0,0,0,0,0,0,0,0,0,0,0,0,0,0,0,467,19437,0,0,0,0
84796.010,16660,60,0,0,0,0,0,8,71161,44,85,0,0,0,0,0,0,0,0,0,0,0,0,0,0,0,0,0,0,0,0,0,0,307,16945,0,0,0,0
84812.458,16448,60,0,0,0,0,0,8,71707,44,85,0,0,0,0,0,0,0,0,0,0,0,0,0,0,0,0,0,0,0,0,0,0,326,18194,0,0,0,0
84829.409,16950,58,0,0,0,0,0,8,70710,44,85,0,0,0,0,0,0,0,0,0,0,0,0,0,0,0,0,0,0,0,0,0,0,314,15158,0,0,0,0
84846.321,16911,59,0,0,0,0,0,8,70727,44,85,0,0,0,0,0,0,0,0,0,0,0,0,0,0,0,0,0,0,0,0,0,0,284,14973,0,0,0,0
84862.513,16192,61,0,0,0,0,0,8,70693,44,85,0,0,0,0,0,0,0,0,0,0,0,0,0,0,0,0,0,0,0,0,0,0,332,17351,0,0,0,0
84878.862,16349,61,0,0,0,0,0,8,70770,44,85,0,0,0,0,0,0,0,0,0,0,0,0,0,0,0,0,0,0,0,0,0,0,311,16459,0,0,0,0
84896.323,17461,57,0,0,0,0,0,8,70730,44,85,0,0,0,0,0,0,0,0,0,0,0,0,0,0,0,0,0,0,0,0,0,0,323,16039,0,0,0,0
84912.578,16254,61,0,0,0,0,0,8,70714,44,85,0,0,0,0,0,0,0,0,0,0,0,0,0,0,0,0,0,0,0,0,0,0,315,17456,0,0,0,0
84929.346,16767,59,0,0,0,0,0,8,70686,44,85,0,0,0,0,0,0,0,0,0,0,0,0,0,0,0,0,0,0,0,0,0,0,335,17664,0,0,0,0
84946.341,16995,58,0,0,0,0,0,8,70757,44,85,0,0,0,0,0,0,0,0,0,0,0,0,0,0,0,0,0,0,0,0,0,0,316,16161,0,0,0,0
84962.704,16363,61,0,0,0,0,0,8,70637,44,85,0,0,0,0,0,0,0,0,0,0,0,0,0,0,0,0,0,0,0,0,0,0,311,16293,0,0,0,0
84979.807,17103,58,0,0,0,0,0,8,70780,44,85,0,0,0,0,0,0,0,0,0,0,0,0,0,0,0,0,0,0,0,0,0,0,319,17872,0,0,0,0
84995.942,16135,61,0,0,0,0,0,8,70765,44,85,0,0,0,0,0,0,0,0,0,0,0,0,0,0,0,0,0,0,0,0,0,0,344,17608,0,0,0,0
85012.889,16947,59,0,0,0,0,0,8,70745,44,85,0,0,0,0,0,0,0,0,0,0,0,0,0,0,0,0,0,0,0,0,0,0,279,14120,0,0,0,0
85029.093,16203,61,0,0,0,0,0,8,72414,44,85,0,0,0,0,0,0,0,0,0,0,0,0,0,0,0,0,0,0,0,0,0,0,333,19311,0,0,0,0
85046.323,17230,58,0,0,0,0,0,8,72479,44,85,0,0,0,0,0,0,0,0,0,0,0,0,0,0,0,0,0,0,0,0,0,0,279,13593,0,0,0,0
85062.857,16533,60,0,0,0,0,0,8,72426,44,85,0,0,0,0,0,0,0,0,0,0,0,0,0,0,0,0,0,0,0,0,0,0,317,17500,0,0,0,0
85079.372,16515,60,0,0,0,0,0,8,72674,44,85,0,0,0,0,0,0,0,0,0,0,0,0,0,0,0,0,0,0,0,0,0,0,346,18952,0,0,0,0
85095.936,16563,60,0,0,0,0,0,8,72530,44,85,0,0,0,0,0,0,0,0,0,0,0,0,0,0,0,0,0,0,0,0,0,0,310,14390,0,0,0,0
85112.376,16440,60,0,0,0,0,0,8,72533,44,85,0,0,0,0,0,0,0,0,0,0,0,0,0,0,0,0,0,0,0,0,0,0,369,18465,0,0,0,0
85128.894,16517,60,0,0,0,0,0,8,72610,44,85,0,0,0,0,0,0,0,0,0,0,0,0,0,0,0,0,0,0,0,0,0,0,296,14219,0,0,0,0
85145.959,17065,58,0,0,0,0,0,8,72535,44,85,0,0,0,0,0,0,0,0,0,0,0,0,0,0,0,0,0,0,0,0,0,0,332,17482,0,0,0,0
85162.835,16875,59,0,0,0,0,0,8,72409,44,85,0,0,0,0,0,0,0,0,0,0,0,0,0,0,0,0,0,0,0,0,0,0,315,17303,0,0,0,0
85178.808,15972,62,0,0,0,0,0,8,72603,44,85,0,0,0,0,0,0,0,0,0,0,0,0,0,0,0,0,0,0,0,0,0,0,305,17837,0,0,0,0
85196.034,17226,58,0,0,0,0,0,8,72514,44,85,0,0,0,0,0,0,0,0,0,0,0,0,0,0,0,0,0,0,0,0,0,0,310,14484,0,0,0,0
85212.856,16821,59,0,0,0,0,0,8,72655,44,85,0,0,0,0,0,0,0,0,0,0,0,0,0,0,0,0,0,0,0,0,0,0,316,17409,0,0,0,0
85229.804,16948,59,0,0,0,0,0,8,73516,44,85,0,0,0,0,0,0,0,0,0,0,0,0,0,0,0,0,0,0,0,0,0,0,297,15998,0,0,0,0
85245.816,16011,62,0,0,0,0,0,8,72742,44,85,0,0,0,0,0,0,0,0,0,0,0,0,0,0,0,0,0,0,0,0,0,0,324,16478,0,0,0,0
85262.638,16821,59,0,0,0,0,0,8,72628,44,85,0,0,0,0,0,0,0,0,0,0,0,0,0,0,0,0,0,0,0,0,0,0,325,18901,0,0,0,0
85279.167,16529,60,0,0,0,0,0,8,72647,44,85,0,0,0,0,0,0,0,0,0,0,0,0,0,0,0,0,0,0,0,0,0,0,288,15549,0,0,0,0
85295.464,16296,61,0,0,0,0,0,8,72605,44,85,0,0,0,0,0,0,0,0,0,0,0,0,0,0,0,0,0,0,0,0,0,0,287,15325,0,0,0,0
85312.806,17342,57,0,0,0,0,0,8,72587,44,85,0,0,0,0,0,0,0,0,0,0,0,0,0,0,0,0,0,0,0,0,0,0,311,17482,0,0,0,0
85329.819,17012,58,0,0,0,0,0,8,74828,44,85,0,0,0,0,0,0,0,0,0,0,0,0,0,0,0,0,0,0,0,0,0,0,319,18580,0,0,0,0
85345.937,16117,62,0,0,0,0,0,8,72791,44,85,0,0,0,0,0,0,0,0,0,0,0,0,0,0,0,0,0,0,0,0,0,0,301,14634,0,0,0,0
85362.799,16861,59,0,0,0,0,0,8,70879,44,85,0,0,0,0,0,0,0,0,0,0,0,0,0,0,0,0,0,0,0,0,0,0,314,15526,0,0,0,0
85379.806,17007,58,0,0,0,0,0,8,70873,44,85,0,0,0,0,0,0,0,0,0,0,0,0,0,0,0,0,0,0,0,0,0,0,324,17382,0,0,0,0
85395.542,15736,63,0,0,0,0,0,8,70874,44,85,0,0,0,0,0,0,0,0,0,0,0,0,0,0,0,0,0,0,0,0,0,0,334,19408,0,0,0,0
85412.508,16966,58,0,0,0,0,0,8,70828,44,85,0,0,0,0,0,0,0,0,0,0,0,0,0,0,0,0,0,0,0,0,0,0,274,14839,0,0,0,0
85429.800,17291,57,0,0,0,0,0,8,70775,44,85,0,0,0,0,0,0,0,0,0,0,0,0,0,0,0,0,0,0,0,0,0,0,319,16892,0,0,0,0
85445.516,15715,63,0,0,0,0,0,8,70746,44,85,0,0,0,0,0,0,0,0,0,0,0,0,0,0,0,0,0,0,0,0,0,0,284,15896,0,0,0,0
85462.590,17074,58,0,0,0,0,0,8,71004,44,85,0,0,0,0,0,0,0,0,0,0,0,0,0,0,0,0,0,0,0,0,0,0,278,15513,0,0,0,0
85479.293,16702,59,0,0,0,0,0,8,71007,44,85,0,0,0,0,0,0,0,0,0,0,0,0,0,0,0,0,0,0,0,0,0,0,320,18589,0,0,0,0
85495.957,16664,60,0,0,0,0,0,8,71140,44,85,0,0,0,0,0,0,0,0,0,0,0,0,0,0,0,0,0,0,0,0,0,0,321,16517,0,0,0,0
85512.694,16736,59,0,0,0,0,0,8,71281,44,85,0,0,0,0,0,0,0,0,0,0,0,0,0,0,0,0,0,0,0,0,0,0,295,16674,0,0,0,0
85529.401,16706,59,0,0,0,0,0,8,71228,44,85,0,0,0,0,0,0,0,0,0,0,0,0,0,0,0,0,0,0,0,0,0,0,304,16822,0,0,0,0
85546.113,16713,59,0,0,0,0,0,8,71244,44,85,0,0,0,0,0,0,0,0,0,0,0,0,0,0,0,0,0,0,0,0,0,0,304,15407,0,0,0,0
85562.803,16689,59,0,0,0,0,0,8,71138,44,85,0,0,0,0,0,0,0,0,0,0,0,0,0,0,0,0,0,0,0,0,0,0,295,16740,0,0,0,0
85579.818,17003,58,0,0,0,0,0,8,71383,44,85,0,0,0,0,0,0,0,0,0,0,0,0,0,0,0,0,0,0,0,0,0,0,310,17206,0,0,0,0
85595.331,15524,64,0,0,0,0,0,8,69869,44,85,0,0,0,0,0,0,0,0,0,0,0,0,0,0,0,0,0,0,0,0,0,0,0,0,0,0,0,0
85612.797,17466,57,0,0,0,0,0,8,72707,44,85,0,0,0,0,0,0,0,0,0,0,0,0,0,0,0,0,0,0,0,0,0,0,565,31595,0,0,0,0
85629.804,17006,58,0,0,0,0,0,8,71522,44,85,0,0,0,0,0,0,0,0,0,0,0,0,0,0,0,0,0,0,0,0,0,0,316,17985,0,0,0,0
85645.783,15979,62,0,0,0,0,0,8,71294,44,85,0,0,0,0,0,0,0,0,0,0,0,0,0,0,0,0,0,0,0,0,0,0,304,16594,0,0,0,0
85662.801,17018,58,0,0,0,0,0,8,71298,44,85,0,0,0,0,0,0,0,0,0,0,0,0,0,0,0,0,0,0,0,0,0,0,326,16287,0,0,0,0
85679.205,16404,60,0,0,0,0,0,8,71630,44,85,0,0,0,0,0,0,0,0,0,0,0,0,0,0,0,0,0,0,0,0,0,0,324,19163,0,0,0,0
85696.031,16826,59,0,0,0,0,0,8,72390,44,85,0,0,0,0,0,0,0,0,0,0,0,0,0,0,0,0,0,0,0,0,0,0,283,16468,0,0,0,0
85712.490,16458,60,0,0,0,0,0,8,72344,44,85,0,0,0,0,0,0,0,0,0,0,0,0,0,0,0,0,0,0,0,0,0,0,315,18198,0,0,0,0
85729.106,16615,60,0,0,0,0,0,8,71443,44,85,0,0,0,0,0,0,0,0,0,0,0,0,0,0,0,0,0,0,0,0,0,0,306,12758,0,0,0,0
85745.633,16527,60,0,0,0,0,0,8,71807,44,85,0,0,0,0,0,0,0,0,0,0,0,0,0,0,0,0,0,0,0,0,0,0,314,18670,0,0,0,0
85762.318,16685,59,0,0,0,0,0,8,71311,44,85,0,0,0,0,0,0,0,0,0,0,0,0,0,0,0,0,0,0,0,0,0,0,308,15891,0,0,0,0
85779.384,17065,58,0,0,0,0,0,8,71430,44,85,0,0,0,0,0,0,0,0,0,0,0,0,0,0,0,0,0,0,0,0,0,0,303,14927,0,0,0,0
85795.986,16601,60,0,0,0,0,0,8,71265,44,85,0,0,0,0,0,0,0,0,0,0,0,0,0,0,0,0,0,0,0,0,0,0,310,18193,0,0,0,0
85812.940,16953,58,0,0,0,0,0,8,71275,44,85,0,0,0,0,0,0,0,0,0,0,0,0,0,0,0,0,0,0,0,0,0,0,306,21489,0,0,0,0
85829.341,16401,60,0,0,0,0,0,8,71358,44,85,0,0,0,0,0,0,0,0,0,0,0,0,0,0,0,0,0,0,0,0,0,0,307,13614,0,0,0,0
85846.316,16974,58,0,0,0,0,0,8,71605,44,85,0,0,0,0,0,0,0,0,0,0,0,0,0,0,0,0,0,0,0,0,0,0,279,15856,0,0,0,0
85862.718,16402,60,0,0,0,0,0,8,71260,44,85,0,0,0,0,0,0,0,0,0,0,0,0,0,0,0,0,0,0,0,0,0,0,307,15339,0,0,0,0
85879.121,16403,60,0,0,0,0,0,8,71320,44,85,0,0,0,0,0,0,0,0,0,0,0,0,0,0,0,0,0,0,0,0,0,0,317,17443,0,0,0,0
85895.359,16237,61,0,0,0,0,0,8,71395,44,85,0,0,0,0,0,0,0,0,0,0,0,0,0,0,0,0,0,0,0,0,0,0,320,16453,0,0,0,0
85912.672,17313,57,0,0,0,0,0,8,71274,44,85,0,0,0,0,0,0,0,0,0,0,0,0,0,0,0,0,0,0,0,0,0,0,314,16077,0,0,0,0
85929.500,16827,59,0,0,0,0,0,8,71362,44,85,0,0,0,0,0,0,0,0,0,0,0,0,0,0,0,0,0,0,0,0,0,0,336,17888,0,0,0,0
85945.886,16386,61,0,0,0,0,0,8,71490,44,85,0,0,0,0,0,0,0,0,0,0,0,0,0,0,0,0,0,0,0,0,0,0,312,15642,0,0,0,0
85962.394,16507,60,0,0,0,0,0,8,71173,44,85,0,0,0,0,0,0,0,0,0,0,0,0,0,0,0,0,0,0,0,0,0,0,318,18372,0,0,0,0
85979.382,16988,58,0,0,0,0,0,8,71297,44,85,0,0,0,0,0,0,0,0,0,0,0,0,0,0,0,0,0,0,0,0,0,0,301,14102,0,0,0,0
85995.822,16440,60,0,0,0,0,0,8,71309,44,85,0,0,0,0,0,0,0,0,0,0,0,0,0,0,0,0,0,0,0,0,0,0,303,17134,0,0,0,0
86012.358,16535,60,0,0,0,0,0,8,71267,44,85,0,0,0,0,0,0,0,0,0,0,0,0,0,0,0,0,0,0,0,0,0,0,314,18788,0,0,0,0
86029.804,17446,57,0,0,0,0,0,8,71258,44,85,0,0,0,0,0,0,0,0,0,0,0,0,0,0,0,0,0,0,0,0,0,0,299,13676,0,0,0,0
86045.757,15953,62,0,0,0,0,0,8,71315,44,85,0,0,0,0,0,0,0,0,0,0,0,0,0,0,0,0,0,0,0,0,0,0,289,18078,0,0,0,0
86062.805,17047,58,0,0,0,0,0,8,73189,44,85,0,0,0,0,0,0,0,0,0,0,0,0,0,0,0,0,0,0,0,0,0,0,287,15999,0,0,0,0
86079.067,16262,61,0,0,0,0,0,8,72998,44,85,0,0,0,0,0,0,0,0,0,0,0,0,0,0,0,0,0,0,0,0,0,0,315,18378,0,0,0,0
86095.972,16904,59,0,0,0,0,0,8,73042,44,85,0,0,0,0,0,0,0,0,0,0,0,0,0,0,0,0,0,0,0,0,0,0,285,15801,0,0,0,0
86112.832,16859,59,0,0,0,0,0,8,72838,44,85,0,0,0,0,0,0,0,0,0,0,0,0,0,0,0,0,0,0,0,0,0,0,325,16705,0,0,0,0
86129.797,16964,58,0,0,0,0,0,8,72927,44,85,0,0,0,0,0,0,0,0,0,0,0,0,0,0,0,0,0,0,0,0,0,0,315,16252,0,0,0,0
86145.954,16157,61,0,0,0,0,0,8,72933,44,85,0,0,0,0,0,0,0,0,0,0,0,0,0,0,0,0,0,0,0,0,0,0,308,18178,0,0,0,0
86162.793,16839,59,0,0,0,0,0,8,73072,44,85,0,0,0,0,0,0,0,0,0,0,0,0,0,0,0,0,0,0,0,0,0,0,278,16203,0,0,0,0
86179.792,16998,58,0,0,0,0,0,8,72930,44,85,0,0,0,0,0,0,0,0,0,0,0,0,0,0,0,0,0,0,0,0,0,0,317,17360,0,0,0,0
86195.962,16170,61,0,0,0,0,0,8,72919,44,85,0,0,0,0,0,0,0,0,0,0,0,0,0,0,0,0,0,0,0,0,0,0,313,17455,0,0,0,0
86212.580,16617,60,0,0,0,0,0,8,72765,44,85,0,0,0,0,0,0,0,0,0,0,0,0,0,0,0,0,0,0,0,0,0,0,286,15027,0,0,0,0
86229.811,17230,58,0,0,0,0,0,8,72973,44,85,0,0,0,0,0,0,0,0,0,0,0,0,0,0,0,0,0,0,0,0,0,0,305,16056,0,0,0,0
86245.360,15549,64,0,0,0,0,0,8,72975,44,85,0,0,0,0,0,0,0,0,0,0,0,0,0,0,0,0,0,0,0,0,0,0,334,18741,0,0,0,0
86262.401,17041,58,0,0,0,0,0,8,72810,44,85,0,0,0,0,0,0,0,0,0,0,0,0,0,0,0,0,0,0,0,0,0,0,280,19046,0,0,0,0
86279.074,16672,59,0,0,0,0,0,8,73104,44,85,0,0,0,0,0,0,0,0,0,0,0,0,0,0,0,0,0,0,0,0,0,0,267,12014,0,0,0,0
86295.832,16757,59,0,0,0,0,0,8,72926,44,85,0,0,0,0,0,0,0,0,0,0,0,0,0,0,0,0,0,0,0,0,0,0,315,17848,0,0,0,0
86312.551,16719,59,0,0,0,0,0,8,72851,44,85,0,0,0,0,0,0,0,0,0,0,0,0,0,0,0,0,0,0,0,0,0,0,306,15723,0,0,0,0
86329.312,16760,59,0,0,0,0,0,8,71173,44,85,0,0,0,0,0,0,0,0,0,0,0,0,0,0,0,0,0,0,0,0,0,0,326,15337,0,0,0,0
86345.851,16539,60,0,0,0,0,0,8,72883,44,85,0,0,0,0,0,0,0,0,0,0,0,0,0,0,0,0,0,0,0,0,0,0,312,17464,0,0,0,0
86362.307,16456,60,0,0,0,0,0,8,72841,44,85,0,0,0,0,0,0,0,0,0,0,0,0,0,0,0,0,0,0,0,0,0,0,334,17328,0,0,0,0
86379.310,17002,58,0,0,0,0,0,8,72860,44,85,0,0,0,0,0,0,0,0,0,0,0,0,0,0,0,0,0,0,0,0,0,0,296,15291,0,0,0,0
86395.955,16645,60,0,0,0,0,0,8,73101,44,85,0,0,0,0,0,0,0,0,0,0,0,0,0,0,0,0,0,0,0,0,0,0,298,17536,0,0,0,0
86412.932,16977,58,0,0,0,0,0,8,72706,44,85,0,0,0,0,0,0,0,0,0,0,0,0,0,0,0,0,0,0,0,0,0,0,307,18308,0,0,0,0
86429.316,16383,61,0,0,0,0,0,8,72600,44,85,0,0,0,0,0,0,0,0,0,0,0,0,0,0,0,0,0,0,0,0,0,0,296,14720,0,0,0,0
86446.065,16748,59,0,0,0,0,0,8,72601,44,85,0,0,0,0,0,0,0,0,0,0,0,0,0,0,0,0,0,0,0,0,0,0,315,17009,0,0,0,0
86462.768,16703,59,0,0,0,0,0,8,72418,44,85,0,0,0,0,0,0,0,0,0,0,0,0,0,0,0,0,0,0,0,0,0,0,309,17475,0,0,0,0
86478.957,16188,61,0,0,0,0,0,8,72426,44,85,0,0,0,0,0,0,0,0,0,0,0,0,0,0,0,0,0,0,0,0,0,0,320,16940,0,0,0,0
86495.502,16545,60,0,0,0,0,0,8,72698,44,85,0,0,0,0,0,0,0,0,0,0,0,0,0,0,0,0,0,0,0,0,0,0,287,16019,0,0,0,0
86512.944,17441,57,0,0,0,0,0,8,72216,44,85,0,0,0,0,0,0,0,0,0,0,0,0,0,0,0,0,0,0,0,0,0,0,346,16901,0,0,0,0
86529.786,16842,59,0,0,0,0,0,8,72207,44,85,0,0,0,0,0,0,0,0,0,0,0,0,0,0,0,0,0,0,0,0,0,0,323,20614,0,0,0,0
86545.752,15966,62,0,0,0,0,0,8,72268,44,85,0,0,0,0,0,0,0,0,0,0,0,0,0,0,0,0,0,0,0,0,0,0,298,18338,0,0,0,0
86562.521,16768,59,0,0,0,0,0,8,72155,44,85,0,0,0,0,0,0,0,0,0,0,0,0,0,0,0,0,0,0,0,0,0,0,290,10889,0,0,0,0
86579.300,16779,59,0,0,0,0,0,8,72081,44,85,0,0,0,0,0,0,0,0,0,0,0,0,0,0,0,0,0,0,0,0,0,0,282,16257,0,0,0,0
86595.207,15906,62,0,0,0,0,0,8,71843,44,85,0,0,0,0,0,0,0,0,0,0,0,0,0,0,0,0,0,0,0,0,0,0,297,15955,0,0,0,0
86612.346,17139,58,0,0,0,0,0,8,70388,44,85,0,0,0,0,0,0,0,0,0,0,0,0,0,0,0,0,0,0,0,0,0,0,315,16327,0,0,0,0
86629.349,17002,58,0,0,0,0,0,8,70244,44,85,0,0,0,0,0,0,0,0,0,0,0,0,0,0,0,0,0,0,0,0,0,0,308,16799,0,0,0,0
86645.857,16508,60,0,0,0,0,0,8,70101,44,85,0,0,0,0,0,0,0,0,0,0,0,0,0,0,0,0,0,0,0,0,0,0,304,21833,0,0,0,0
86662.392,16534,60,0,0,0,0,0,8,70308,44,85,0,0,0,0,0,0,0,0,0,0,0,0,0,0,0,0,0,0,0,0,0,0,271,11939,0,0,0,0
86679.161,16769,59,0,0,0,0,0,8,70154,44,85,0,0,0,0,0,0,0,0,0,0,0,0,0,0,0,0,0,0,0,0,0,0,329,16079,0,0,0,0
86695.834,16672,59,0,0,0,0,0,8,71768,44,85,0,0,0,0,0,0,0,0,0,0,0,0,0,0,0,0,0,0,0,0,0,0,306,21601,0,0,0,0
86712.935,17101,58,0,0,0,0,0,8,72069,44,85,0,0,0,0,0,0,0,0,0,0,0,0,0,0,0,0,0,0,0,0,0,0,275,13461,0,0,0,0
86729.375,16439,60,0,0,0,0,0,8,71850,44,85,0,0,0,0,0,0,0,0,0,0,0,0,0,0,0,0,0,0,0,0,0,0,320,16978,0,0,0,0
86745.891,16516,60,0,0,0,0,0,8,71839,44,85,0,0,0,0,0,0,0,0,0,0,0,0,0,0,0,0,0,0,0,0,0,0,300,15568,0,0,0,0
86762.805,16914,59,0,0,0,0,0,8,71719,44,85,0,0,0,0,0,0,0,0,0,0,0,0,0,0,0,0,0,0,0,0,0,0,296,17362,0,0,0,0
86779.786,16981,58,0,0,0,0,0,8,71799,44,85,0,0,0,0,0,0,0,0,0,0,0,0,0,0,0,0,0,0,0,0,0,0,319,18136,0,0,0,0
86795.897,16110,62,0,0,0,0,0,8,71797,44,85,0,0,0,0,0,0,0,0,0,0,0,0,0,0,0,0,0,0,0,0,0,0,289,14595,0,0,0,0
86812.607,16710,59,0,0,0,0,0,8,71978,44,85,0,0,0,0,0,0,0,0,0,0,0,0,0,0,0,0,0,0,0,0,0,0,300,22053,0,0,0,0
86829.402,16795,59,0,0,0,0,0,8,71772,44,85,0,0,0,0,0,0,0,0,0,0,0,0,0,0,0,0,0,0,0,0,0,0,265,10503,0,0,0,0
86846.120,16717,59,0,0,0,0,0,8,72060,44,85,0,0,0,0,0,0,0,0,0,0,0,0,0,0,0,0,0,0,0,0,0,0,312,21416,0,0,0,0
86862.800,16668,59,0,0,0,0,0,8,72063,44,85,0,0,0,0,0,0,0,0,0,0,0,0,0,0,0,0,0,0,0,0,0,0,306,13464,0,0,0,0
86879.380,16592,60,0,0,0,0,0,8,72167,44,85,0,0,0,0,0,0,0,0,0,0,0,0,0,0,0,0,0,0,0,0,0,0,342,17113,0,0,0,0
86895.833,16452,60,0,0,0,0,0,8,72098,44,85,0,0,0,0,0,0,0,0,0,0,0,0,0,0,0,0,0,0,0,0,0,0,302,14928,0,0,0,0
86912.455,16623,60,0,0,0,0,0,8,72087,44,85,0,0,0,0,0,0,0,0,0,0,0,0,0,0,0,0,0,0,0,0,0,0,324,17403,0,0,0,0
86929.364,16908,59,0,0,0,0,0,8,72405,44,85,0,0,0,0,0,0,0,0,0,0,0,0,0,0,0,0,0,0,0,0,0,0,324,17439,0,0,0,0
86946.308,16944,59,0,0,0,0,0,8,72289,44,85,0,0,0,0,0,0,0,0,0,0,0,0,0,0,0,0,0,0,0,0,0,0,300,19750,0,0,0,0
86962.518,16209,61,0,0,0,0,0,8,70383,44,85,0,0,0,0,0,0,0,0,0,0,0,0,0,0,0,0,0,0,0,0,0,0,273,12421,0,0,0,0
86979.049,16530,60,0,0,0,0,0,8,70469,44,85,0,0,0,0,0,0,0,0,0,0,0,0,0,0,0,0,0,0,0,0,0,0,317,16061,0,0,0,0
86995.825,16776,59,0,0,0,0,0,8,70850,44,85,0,0,0,0,0,0,0,0,0,0,0,0,0,0,0,0,0,0,0,0,0,0,302,16881,0,0,0,0
87012.439,16614,60,0,0,0,0,0,8,71133,44,85,0,0,0,0,0,0,0,0,0,0,0,0,0,0,0,0,0,0,0,0,0,0,319,17989,0,0,0,0
87029.424,16984,58,0,0,0,0,0,8,70839,44,85,0,0,0,0,0,0,0,0,0,0,0,0,0,0,0,0,0,0,0,0,0,0,309,15805,0,0,0,0
87045.841,16416,60,0,0,0,0,0,8,71096,44,85,0,0,0,0,0,0,0,0,0,0,0,0,0,0,0,0,0,0,0,0,0,0,305,16863,0,0,0,0
87062.508,16667,59,0,0,0,0,0,8,70808,44,85,0,0,0,0,0,0,0,0,0,0,0,0,0,0,0,0,0,0,0,0,0,0,315,17141,0,0,0,0
87079.138,16629,60,0,0,0,0,0,8,70920,44,85,0,0,0,0,0,0,0,0,0,0,0,0,0,0,0,0,0,0,0,0,0,0,312,15350,0,0,0,0
87095.821,16682,59,0,0,0,0,0,8,70978,44,85,0,0,0,0,0,0,0,0,0,0,0,0,0,0,0,0,0,0,0,0,0,0,314,17933,0,0,0,0
87112.432,16611,60,0,0,0,0,0,8,70945,44,85,0,0,0,0,0,0,0,0,0,0,0,0,0,0,0,0,0,0,0,0,0,0,286,17025,0,0,0,0
87128.963,16531,60,0,0,0,0,0,8,71030,44,85,0,0,0,0,0,0,0,0,0,0,0,0,0,0,0,0,0,0,0,0,0,0,304,14921,0,0,0,0
87145.866,16903,59,0,0,0,0,0,8,70842,44,85,0,0,0,0,0,0,0,0,0,0,0,0,0,0,0,0,0,0,0,0,0,0,287,17865,0,0,0,0
87162.919,17052,58,0,0,0,0,0,8,70626,44,85,0,0,0,0,0,0,0,0,0,0,0,0,0,0,0,0,0,0,0,0,0,0,300,16037,0,0,0,0
87179.783,16863,59,0,0,0,0,0,8,71186,44,85,0,0,0,0,0,0,0,0,0,0,0,0,0,0,0,0,0,0,0,0,0,0,322,18188,0,0,0,0
87196.792,17009,58,0,0,0,0,0,8,70860,44,85,0,0,0,0,0,0,0,0,0,0,0,0,0,0,0,0,0,0,0,0,0,0,321,17475,0,0,0,0
87212.438,15646,63,0,0,0,0,0,8,70851,44,85,0,0,0,0,0,0,0,0,0,0,0,0,0,0,0,0,0,0,0,0,0,0,329,17398,0,0,0,0
87229.789,17350,57,0,0,0,0,0,8,71124,44,85,0,0,0,0,0,0,0,0,0,0,0,0,0,0,0,0,0,0,0,0,0,0,294,15380,0,0,0,0
87246.788,16998,58,0,0,0,0,0,8,70914,44,85,0,0,0,0,0,0,0,0,0,0,0,0,0,0,0,0,0,0,0,0,0,0,307,16273,0,0,0,0
87262.795,15996,62,0,0,0,0,0,8,70747,44,85,0,0,0,0,0,0,0,0,0,0,0,0,0,0,0,0,0,0,0,0,0,0,357,22057,0,0,0,0
87279.125,16341,61,0,0,0,0,0,8,70827,44,85,0,0,0,0,0,0,0,0,0,0,0,0,0,0,0,0,0,0,0,0,0,0,283,16400,0,0,0,0
87296.124,16998,58,0,0,0,0,0,8,70879,44,85,0,0,0,0,0,0,0,0,0,0,0,0,0,0,0,0,0,0,0,0,0,0,287,14929,0,0,0,0
87312.448,16323,61,0,0,0,0,0,8,70986,44,85,0,0,0,0,0,0,0,0,0,0,0,0,0,0,0,0,0,0,0,0,0,0,294,11959,0,0,0,0
87329.296,16848,59,0,0,0,0,0,8,70903,44,85,0,0,0,0,0,0,0,0,0,0,0,0,0,0,0,0,0,0,0,0,0,0,304,16544,0,0,0,0
87346.039,16742,59,0,0,0,0,0,8,70901,44,85,0,0,0,0,0,0,0,0,0,0,0,0,0,0,0,0,0,0,0,0,0,0,323,21977,0,0,0,0
87362.633,16593,60,0,0,0,0,0,8,70708,44,85,0,0,0,0,0,0,0,0,0,0,0,0,0,0,0,0,0,0,0,0,0,0,274,12399,0,0,0,0
87379.433,16800,59,0,0,0,0,0,8,70874,44,85,0,0,0,0,0,0,0,0,0,0,0,0,0,0,0,0,0,0,0,0,0,0,311,16453,0,0,0,0
87396.298,16865,59,0,0,0,0,0,8,72484,44,85,0,0,0,0,0,0,0,0,0,0,0,0,0,0,0,0,0,0,0,0,0,0,308,15897,0,0,0,0
87412.464,16166,61,0,0,0,0,0,8,72499,44,85,0,0,0,0,0,0,0,0,0,0,0,0,0,0,0,0,0,0,0,0,0,0,305,21085,0,0,0,0
87429.439,16974,58,0,0,0,0,0,8,72616,44,85,0,0,0,0,0,0,0,0,0,0,0,0,0,0,0,0,0,0,0,0,0,0,291,13423,0,0,0,0
87446.006,16567,60,0,0,0,0,0,8,72547,44,85,0,0,0,0,0,0,0,0,0,0,0,0,0,0,0,0,0,0,0,0,0,0,300,19157,0,0,0,0
87462.524,16517,60,0,0,0,0,0,8,72660,44,85,0,0,0,0,0,0,0,0,0,0,0,0,0,0,0,0,0,0,0,0,0,0,282,12841,0,0,0,0
87479.392,16868,59,0,0,0,0,0,8,72472,44,85,0,0,0,0,0,0,0,0,0,0,0,0,0,0,0,0,0,0,0,0,0,0,318,17784,0,0,0,0
87495.857,16465,60,0,0,0,0,0,8,72552,44,85,0,0,0,0,0,0,0,0,0,0,0,0,0,0,0,0,0,0,0,0,0,0,295,16163,0,0,0,0
87513.313,17455,57,0,0,0,0,0,8,72461,44,85,0,0,0,0,0,0,0,0,0,0,0,0,0,0,0,0,0,0,0,0,0,0,335,17438,0,0,0,0
87529.787,16474,60,0,0,0,0,0,8,72505,44,85,0,0,0,0,0,0,0,0,0,0,0,0,0,0,0,0,0,0,0,0,0,0,308,16135,0,0,0,0
87546.780,16992,58,0,0,0,0,0,8,72404,44,85,0,0,0,0,0,0,0,0,0,0,0,0,0,0,0,0,0,0,0,0,0,0,317,17963,0,0,0,0
87562.515,15735,63,0,0,0,0,0,8,72425,44,85,0,0,0,0,0,0,0,0,0,0,0,0,0,0,0,0,0,0,0,0,0,0,323,18530,0,0,0,0
87578.940,16424,60,0,0,0,0,0,8,72473,44,85,0,0,0,0,0,0,0,0,0,0,0,0,0,0,0,0,0,0,0,0,0,0,300,14074,0,0,0,0
87595.991,17051,58,0,0,0,0,0,8,72481,44,85,0,0,0,0,0,0,0,0,0,0,0,0,0,0,0,0,0,0,0,0,0,0,305,16015,0,0,0,0
87612.915,16924,59,0,0,0,0,0,8,72390,44,85,0,0,0,0,0,0,0,0,0,0,0,0,0,0,0,0,0,0,0,0,0,0,301,16271,0,0,0,0
87629.336,16420,60,0,0,0,0,0,8,72643,44,85,0,0,0,0,0,0,0,0,0,0,0,0,0,0,0,0,0,0,0,0,0,0,308,17149,0,0,0,0
87645.957,16621,60,0,0,0,0,0,8,72434,44,85,0,0,0,0,0,0,0,0,0,0,0,0,0,0,0,0,0,0,0,0,0,0,296,15252,0,0,0,0
87662.564,16606,60,0,0,0,0,0,8,70692,44,85,0,0,0,0,0,0,0,0,0,0,0,0,0,0,0,0,0,0,0,0,0,0,313,18382,0,0,0,0
87679.427,16862,59,0,0,0,0,0,8,70802,44,85,0,0,0,0,0,0,0,0,0,0,0,0,0,0,0,0,0,0,0,0,0,0,354,16831,0,0,0,0
87696.782,17355,57,0,0,0,0,0,8,70737,44,85,0,0,0,0,0,0,0,0,0,0,0,0,0,0,0,0,0,0,0,0,0,0,317,16586,0,0,0,0
87712.778,15995,62,0,0,0,0,0,8,70627,44,85,0,0,0,0,0,0,0,0,0,0,0,0,0,0,0,0,0,0,0,0,0,0,316,22312,0,0,0,0
87729.779,17000,58,0,0,0,0,0,8,70769,44,85,0,0,0,0,0,0,0,0,0,0,0,0,0,0,0,0,0,0,0,0,0,0,256,10286,0,0,0,0
87746.777,16998,58,0,0,0,0,0,8,70756,44,85,0,0,0,0,0,0,0,0,0,0,0,0,0,0,0,0,0,0,0,0,0,0,336,18470,0,0,0,0
87762.404,15626,63,0,0,0,0,0,8,70599,44,85,0,0,0,0,0,0,0,0,0,0,0,0,0,0,0,0,0,0,0,0,0,0,309,17811,0,0,0,0
87779.353,16950,58,0,0,0,0,0,8,70755,44,85,0,0,0,0,0,0,0,0,0,0,0,0,0,0,0,0,0,0,0,0,0,0,278,12871,0,0,0,0
87795.451,16096,62,0,0,0,0,0,8,70641,44,85,0,0,0,0,0,0,0,0,0,0,0,0,0,0,0,0,0,0,0,0,0,0,337,16677,0,0,0,0
87812.787,17336,57,0,0,0,0,0,8,70658,44,85,0,0,0,0,0,0,0,0,0,0,0,0,0,0,0,0,0,0,0,0,0,0,320,16515,0,0,0,0
87829.050,16262,61,0,0,0,0,0,8,70970,44,85,0,0,0,0,0,0,0,0,0,0,0,0,0,0,0,0,0,0,0,0,0,0,311,21713,0,0,0,0
87845.477,16427,60,0,0,0,0,0,8,70703,44,85,0,0,0,0,0,0,0,0,0,0,0,0,0,0,0,0,0,0,0,0,0,0,268,15397,0,0,0,0
87862.374,16896,59,0,0,0,0,0,8,70650,44,85,0,0,0,0,0,0,0,0,0,0,0,0,0,0,0,0,0,0,0,0,0,0,281,12670,0,0,0,0
87879.010,16635,60,0,0,0,0,0,8,70668,44,85,0,0,0,0,0,0,0,0,0,0,0,0,0,0,0,0,0,0,0,0,0,0,314,22521,0,0,0,0
87896.021,17011,58,0,0,0,0,0,8,70706,44,85,0,0,0,0,0,0,0,0,0,0,0,0,0,0,0,0,0,0,0,0,0,0,308,12252,0,0,0,0
87912.614,16592,60,0,0,0,0,0,8,70692,44,85,0,0,0,0,0,0,0,0,0,0,0,0,0,0,0,0,0,0,0,0,0,0,304,16247,0,0,0,0
87929.340,16726,59,0,0,0,0,0,8,70881,44,85,0,0,0,0,0,0,0,0,0,0,0,0,0,0,0,0,0,0,0,0,0,0,305,17177,0,0,0,0
87946.010,16669,59,0,0,0,0,0,8,70759,44,85,0,0,0,0,0,0,0,0,0,0,0,0,0,0,0,0,0,0,0,0,0,0,315,16424,0,0,0,0
87962.535,16524,60,0,0,0,0,0,8,70708,44,85,0,0,0,0,0,0,0,0,0,0,0,0,0,0,0,0,0,0,0,0,0,0,315,16926,0,0,0,0
87979.436,16901,59,0,0,0,0,0,8,70859,44,85,0,0,0,0,0,0,0,0,0,0,0,0,0,0,0,0,0,0,0,0,0,0,337,15975,0,0,0,0
87996.557,17120,58,0,0,0,0,0,8,70834,44,85,0,0,0,0,0,0,0,0,0,0,0,0,0,0,0,0,0,0,0,0,0,0,333,16844,0,0,0,0
88012.787,16230,61,0,0,0,0,0,8,70446,44,85,0,0,0,0,0,0,0,0,0,0,0,0,0,0,0,0,0,0,0,0,0,0,304,22248,0,0,0,0
88028.941,16153,61,0,0,0,0,0,8,70606,44,85,0,0,0,0,0,0,0,0,0,0,0,0,0,0,0,0,0,0,0,0,0,0,264,14862,0,0,0,0
88046.306,17365,57,0,0,0,0,0,8,70654,44,85,0,0,0,0,0,0,0,0,0,0,0,0,0,0,0,0,0,0,0,0,0,0,279,13119,0,0,0,0
88062.439,16133,61,0,0,0,0,0,8,70525,44,85,0,0,0,0,0,0,0,0,0,0,0,0,0,0,0,0,0,0,0,0,0,0,336,16916,0,0,0,0
88079.091,16652,60,0,0,0,0,0,8,70860,44,85,0,0,0,0,0,0,0,0,0,0,0,0,0,0,0,0,0,0,0,0,0,0,312,16396,0,0,0,0
88096.016,16924,59,0,0,0,0,0,8,70623,44,85,0,0,0,0,0,0,0,0,0,0,0,0,0,0,0,0,0,0,0,0,0,0,305,16783,0,0,0,0
88112.621,16604,60,0,0,0,0,0,8,70483,44,85,0,0,0,0,0,0,0,0,0,0,0,0,0,0,0,0,0,0,0,0,0,0,302,16924,0,0,0,0
88129.300,16680,59,0,0,0,0,0,8,70568,44,85,0,0,0,0,0,0,0,0,0,0,0,0,0,0,0,0,0,0,0,0,0,0,305,16979,0,0,0,0
88146.302,17001,58,0,0,0,0,0,8,69698,44,85,0,0,0,0,0,0,0,0,0,0,0,0,0,0,0,0,0,0,0,0,0,0,305,14692,0,0,0,0
88162.423,16121,62,0,0,0,0,0,8,70397,44,85,0,0,0,0,0,0,0,0,0,0,0,0,0,0,0,0,0,0,0,0,0,0,306,19855,0,0,0,0
88179.780,17356,57,0,0,0,0,0,8,70574,44,85,0,0,0,0,0,0,0,0,0,0,0,0,0,0,0,0,0,0,0,0,0,0,306,15404,0,0,0,0
88195.899,16119,62,0,0,0,0,0,8,69695,44,85,0,0,0,0,0,0,0,0,0,0,0,0,0,0,0,0,0,0,0,0,0,0,312,17198,0,0,0,0
88212.794,16894,59,0,0,0,0,0,8,70453,44,85,0,0,0,0,0,0,0,0,0,0,0,0,0,0,0,0,0,0,0,0,0,0,308,16053,0,0,0,0
88229.146,16352,61,0,0,0,0,0,8,69761,44,85,0,0,0,0,0,0,0,0,0,0,0,0,0,0,0,0,0,0,0,0,0,0,295,16129,0,0,0,0
88245.632,16485,60,0,0,0,0,0,8,70534,44,85,0,0,0,0,0,0,0,0,0,0,0,0,0,0,0,0,0,0,0,0,0,0,318,16603,0,0,0,0
88262.545,16913,59,0,0,0,0,0,8,71336,44,85,0,0,0,0,0,0,0,0,0,0,0,0,0,0,0,0,0,0,0,0,0,0,296,15379,0,0,0,0
88279.511,16965,58,0,0,0,0,0,8,72181,44,85,0,0,0,0,0,0,0,0,0,0,0,0,0,0,0,0,0,0,0,0,0,0,313,17449,0,0,0,0
88295.618,16106,62,0,0,0,0,0,8,71421,44,85,0,0,0,0,0,0,0,0,0,0,0,0,0,0,0,0,0,0,0,0,0,0,311,21116,0,0,0,0
88312.287,16669,59,0,0,0,0,0,8,72101,44,85,0,0,0,0,0,0,0,0,0,0,0,0,0,0,0,0,0,0,0,0,0,0,285,11591,0,0,0,0
88329.358,17070,58,0,0,0,0,0,8,71432,44,85,0,0,0,0,0,0,0,0,0,0,0,0,0,0,0,0,0,0,0,0,0,0,296,16799,0,0,0,0
88346.149,16791,59,0,0,0,0,0,8,72205,44,85,0,0,0,0,0,0,0,0,0,0,0,0,0,0,0,0,0,0,0,0,0,0,295,17076,0,0,0,0
88362.776,16627,60,0,0,0,0,0,8,71300,44,85,0,0,0,0,0,0,0,0,0,0,0,0,0,0,0,0,0,0,0,0,0,0,341,17989,0,0,0,0
88379.285,16509,60,0,0,0,0,0,8,72273,44,85,0,0,0,0,0,0,0,0,0,0,0,0,0,0,0,0,0,0,0,0,0,0,327,16732,0,0,0,0
88395.755,16470,60,0,0,0,0,0,8,71411,44,85,0,0,0,0,0,0,0,0,0,0,0,0,0,0,0,0,0,0,0,0,0,0,307,14799,0,0,0,0
88412.343,16587,60,0,0,0,0,0,8,72153,44,85,0,0,0,0,0,0,0,0,0,0,0,0,0,0,0,0,0,0,0,0,0,0,286,16628,0,0,0,0
88429.170,16826,59,0,0,0,0,0,8,71406,44,85,0,0,0,0,0,0,0,0,0,0,0,0,0,0,0,0,0,0,0,0,0,0,287,16587,0,0,0,0
88445.971,16801,59,0,0,0,0,0,8,72199,44,85,0,0,0,0,0,0,0,0,0,0,0,0,0,0,0,0,0,0,0,0,0,0,300,16787,0,0,0,0
88462.379,16407,60,0,0,0,0,0,8,71585,44,85,0,0,0,0,0,0,0,0,0,0,0,0,0,0,0,0,0,0,0,0,0,0,328,18061,0,0,0,0
88479.314,16935,59,0,0,0,0,0,8,72243,44,85,0,0,0,0,0,0,0,0,0,0,0,0,0,0,0,0,0,0,0,0,0,0,325,16581,0,0,0,0
88495.697,16382,61,0,0,0,0,0,8,71442,44,85,0,0,0,0,0,0,0,0,0,0,0,0,0,0,0,0,0,0,0,0,0,0,322,19406,0,0,0,0
88512.638,16940,59,0,0,0,0,0,8,71296,44,85,0,0,0,0,0,0,0,0,0,0,0,0,0,0,0,0,0,0,0,0,0,0,275,13424,0,0,0,0
88529.167,16529,60,0,0,0,0,0,8,69702,44,85,0,0,0,0,0,0,0,0,0,0,0,0,0,0,0,0,0,0,0,0,0,0,329,16111,0,0,0,0
88545.978,16810,59,0,0,0,0,0,8,70571,44,85,0,0,0,0,0,0,0,0,0,0,0,0,0,0,0,0,0,0,0,0,0,0,295,21850,0,0,0,0
88562.716,16738,59,0,0,0,0,0,8,69634,44,85,0,0,0,0,0,0,0,0,0,0,0,0,0,0,0,0,0,0,0,0,0,0,282,11695,0,0,0,0
88579.035,16319,61,0,0,0,0,0,8,69709,44,85,0,0,0,0,0,0,0,0,0,0,0,0,0,0,0,0,0,0,0,0,0,0,313,17592,0,0,0,0
88596.100,17064,58,0,0,0,0,0,8,69666,44,85,0,0,0,0,0,0,0,0,0,0,0,0,0,0,0,0,0,0,0,0,0,0,293,16405,0,0,0,0
88612.403,16303,61,0,0,0,0,0,8,72124,44,85,0,0,0,0,0,0,0,0,0,0,0,0,0,0,0,0,0,0,0,0,0,0,329,17090,0,0,0,0
88629.776,17372,57,0,0,0,0,0,8,71466,44,85,0,0,0,0,0,0,0,0,0,0,0,0,0,0,0,0,0,0,0,0,0,0,319,16265,0,0,0,0
88646.072,16296,61,0,0,0,0,0,8,71469,44,85,0,0,0,0,0,0,0,0,0,0,0,0,0,0,0,0,0,0,0,0,0,0,322,16676,0,0,0,0
88662.724,16651,60,0,0,0,0,0,8,71354,44,85,0,0,0,0,0,0,0,0,0,0,0,0,0,0,0,0,0,0,0,0,0,0,307,16983,0,0,0,0
88679.432,16707,59,0,0,0,0,0,8,72204,44,85,0,0,0,0,0,0,0,0,0,0,0,0,0,0,0,0,0,0,0,0,0,0,313,16055,0,0,0,0
88695.996,16563,60,0,0,0,0,0,8,71462,44,85,0,0,0,0,0,0,0,0,0,0,0,0,0,0,0,0,0,0,0,0,0,0,300,16308,0,0,0,0
88712.440,16444,60,0,0,0,0,0,8,71378,44,85,0,0,0,0,0,0,0,0,0,0,0,0,0,0,0,0,0,0,0,0,0,0,299,17772,0,0,0,0
88729.083,16642,60,0,0,0,0,0,8,71495,44,85,0,0,0,0,0,0,0,0,0,0,0,0,0,0,0,0,0,0,0,0,0,0,313,18592,0,0,0,0
88746.112,17028,58,0,0,0,0,0,8,72220,44,85,0,0,0,0,0,0,0,0,0,0,0,0,0,0,0,0,0,0,0,0,0,0,281,15192,0,0,0,0
88762.632,16520,60,0,0,0,0,0,8,71368,44,85,0,0,0,0,0,0,0,0,0,0,0,0,0,0,0,0,0,0,0,0,0,0,343,16064,0,0,0,0
88779.176,16543,60,0,0,0,0,0,8,71451,44,85,0,0,0,0,0,0,0,0,0,0,0,0,0,0,0,0,0,0,0,0,0,0,324,16717,0,0,0,0
88796.063,16887,59,0,0,0,0,0,8,71446,44,85,0,0,0,0,0,0,0,0,0,0,0,0,0,0,0,0,0,0,0,0,0,0,359,16616,0,0,0,0
88812.291,16228,61,0,0,0,0,0,8,72157,44,85,0,0,0,0,0,0,0,0,0,0,0,0,0,0,0,0,0,0,0,0,0,0,306,16317,0,0,0,0
88829.290,16998,58,0,0,0,0,0,8,71392,44,85,0,0,0,0,0,0,0,0,0,0,0,0,0,0,0,0,0,0,0,0,0,0,303,15623,0,0,0,0
88845.772,16482,60,0,0,0,0,0,8,71440,44,85,0,0,0,0,0,0,0,0,0,0,0,0,0,0,0,0,0,0,0,0,0,0,329,18333,0,0,0,0
88862.033,16261,61,0,0,0,0,0,8,71594,44,85,0,0,0,0,0,0,0,0,0,0,0,0,0,0,0,0,0,0,0,0,0,0,293,15398,0,0,0,0
88879.376,17343,57,0,0,0,0,0,8,67396,44,85,0,0,0,0,0,0,0,0,0,0,0,0,0,0,0,0,0,0,0,0,0,0,323,18530,0,0,0,0
88895.689,16312,61,0,0,0,0,0,8,67378,44,85,0,0,0,0,0,0,0,0,0,0,0,0,0,0,0,0,0,0,0,0,0,0,314,14536,0,0,0,0
88912.654,16965,58,0,0,0,0,0,8,68978,44,85,0,0,0,0,0,0,0,0,0,0,0,0,0,0,0,0,0,0,0,0,0,0,316,17666,0,0,0,0
88929.430,16776,59,0,0,0,0,0,8,69114,44,85,0,0,0,0,0,0,0,0,0,0,0,0,0,0,0,0,0,0,0,0,0,0,336,15769,0,0,0,0
88946.286,16855,59,0,0,0,0,0,8,69102,44,85,0,0,0,0,0,0,0,0,0,0,0,0,0,0,0,0,0,0,0,0,0,0,329,17397,0,0,0,0
88962.606,16319,61,0,0,0,0,0,8,69012,44,85,0,0,0,0,0,0,0,0,0,0,0,0,0,0,0,0,0,0,0,0,0,0,328,17022,0,0,0,0
88978.949,16343,61,0,0,0,0,0,8,69110,44,85,0,0,0,0,0,0,0,0,0,0,0,0,0,0,0,0,0,0,0,0,0,0,308,15354,0,0,0,0
88995.913,16964,58,0,0,0,0,0,8,69056,44,85,0,0,0,0,0,0,0,0,0,0,0,0,0,0,0,0,0,0,0,0,0,0,340,22069,0,0,0,0
89012.670,16756,59,0,0,0,0,0,8,69020,44,85,0,0,0,0,0,0,0,0,0,0,0,0,0,0,0,0,0,0,0,0,0,0,289,12697,0,0,0,0
89029.275,16604,60,0,0,0,0,0,8,69106,44,85,0,0,0,0,0,0,0,0,0,0,0,0,0,0,0,0,0,0,0,0,0,0,311,15242,0,0,0,0
89045.655,16380,61,0,0,0,0,0,8,69094,44,85,0,0,0,0,0,0,0,0,0,0,0,0,0,0,0,0,0,0,0,0,0,0,333,18008,0,0,0,0
89062.482,16827,59,0,0,0,0,0,8,69021,44,85,0,0,0,0,0,0,0,0,0,0,0,0,0,0,0,0,0,0,0,0,0,0,297,15925,0,0,0,0
89079.429,16947,59,0,0,0,0,0,8,69072,44,85,0,0,0,0,0,0,0,0,0,0,0,0,0,0,0,0,0,0,0,0,0,0,291,15751,0,0,0,0
89095.810,16379,61,0,0,0,0,0,8,69102,44,85,0,0,0,0,0,0,0,0,0,0,0,0,0,0,0,0,0,0,0,0,0,0,307,17547,0,0,0,0
89112.599,16790,59,0,0,0,0,0,8,69012,44,85,0,0,0,0,0,0,0,0,0,0,0,0,0,0,0,0,0,0,0,0,0,0,356,18041,0,0,0,0
89129.295,16695,59,0,0,0,0,0,8,69110,44,85,0,0,0,0,0,0,0,0,0,0,0,0,0,0,0,0,0,0,0,0,0,0,292,14791,0,0,0,0
89146.765,17469,57,0,0,0,0,0,8,69104,44,85,0,0,0,0,0,0,0,0,0,0,0,0,0,0,0,0,0,0,0,0,0,0,312,17820,0,0,0,0
89162.373,15608,64,0,0,0,0,0,8,69097,44,85,0,0,0,0,0,0,0,0,0,0,0,0,0,0,0,0,0,0,0,0,0,0,326,23072,0,0,0,0
89179.420,17046,58,0,0,0,0,0,8,336,44,85,0,0,0,0,0,0,0,0,0,0,0,0,0,0,0,0,0,0,0,0,0,0,0,0,0,0,0,0
89199.058,19638,50,0,0,0,0,0,8,69661,44,85,0,0,0,0,0,0,0,0,0,0,0,0,0,0,0,0,0,0,0,0,0,0,9234,37453,0,0,0,0
89400.534,201475,4,0,0,0,0,0,8,73413,18,90,0,0,0,0,0,0,0,0,0,0,0,0,0,0,0,0,0,0,0,0,0,0,0,201474,0,0,0,0
89413.358,12824,77,0,0,0,0,0,8,11411,5,90,0,0,0,0,0,0,0,0,0,0,0,0,0,0,0,0,0,0,0,0,0,0,98,98,0,0,0,0
89429.901,16542,60,0,0,0,0,0,8,11889,5,90,0,0,0,0,0,0,0,0,0,0,0,0,0,0,0,0,0,0,0,0,0,0,187,14864,0,0,0,0
89446.459,16558,60,0,0,0,0,0,8,4268,5,90,0,0,0,0,0,0,0,0,0,0,0,0,0,0,0,0,0,0,0,0,0,0,198,16020,0,0,0,0
89463.399,16939,59,0,0,0,0,0,8,7539,5,90,0,0,0,0,0,0,0,0,0,0,0,0,0,0,0,0,0,0,0,0,0,0,185,16042,0,0,0,0
89480.767,17367,57,0,0,0,0,0,8,4806,5,90,0,0,0,0,0,0,0,0,0,0,0,0,0,0,0,0,0,0,0,0,0,0,197,16942,0,0,0,0
89496.522,15754,63,0,0,0,0,0,8,737,5,90,0,0,0,0,0,0,0,0,0,0,0,0,0,0,0,0,0,0,0,0,0,0,205,17878,0,0,0,0
89513.270,16747,59,0,0,0,0,0,8,206,5,90,0,0,0,0,0,0,0,0,0,0,0,0,0,0,0,0,0,0,0,0,0,0,195,15784,0,0,0,0
89529.906,16636,60,0,0,0,0,0,8,46842,5,90,0,0,0,0,0,0,0,0,0,0,0,0,0,0,0,0,0,0,0,0,0,0,245,16764,0,0,0,0
89546.470,16564,60,0,0,0,0,0,8,5346,5,90,0,0,0,0,0,0,0,0,0,0,0,0,0,0,0,0,0,0,0,0,0,0,231,16643,0,0,0,0
89563.780,17309,57,0,0,0,0,0,8,21967,5,90,0,0,0,0,0,0,0,0,0,0,0,0,0,0,0,0,0,0,0,0,0,0,242,16671,0,0,0,0
89580.089,16308,61,0,0,0,0,0,8,19242,5,90,0,0,0,0,0,0,0,0,0,0,0,0,0,0,0,0,0,0,0,0,0,0,212,17159,0,0,0,0
89596.558,16469,60,0,0,0,0,0,8,125321,5,90,0,0,0,0,0,0,0,0,0,0,0,0,0,0,0,0,0,0,0,0,0,0,210,16317,0,0,0,0
89613.425,16866,59,0,0,0,0,0,8,44870,5,91,0,0,0,0,0,0,0,0,0,0,0,0,0,0,0,0,0,0,0,0,0,0,192,15933,0,0,0,0
89629.899,16474,60,0,0,0,0,0,8,347,5,91,0,0,0,0,0,0,0,0,0,0,0,0,0,0,0,0,0,0,0,0,0,0,212,17899,0,0,0,0
89646.554,16655,60,0,0,0,0,0,8,245,5,91,0,0,0,0,0,0,0,0,0,0,0,0,0,0,0,0,0,0,0,0,0,0,199,15975,0,0,0,0
89663.770,17216,58,0,0,0,0,0,8,416,5,91,0,0,0,0,0,0,0,0,0,0,0,0,0,0,0,0,0,0,0,0,0,0,198,16136,0,0,0,0
89679.863,16092,62,0,0,0,0,0,8,287,5,91,0,0,0,0,0,0,0,0,0,0,0,0,0,0,0,0,0,0,0,0,0,0,202,18245,0,0,0,0
89696.579,16715,59,0,0,0,0,0,8,232,5,91,0,0,0,0,0,0,0,0,0,0,0,0,0,0,0,0,0,0,0,0,0,0,188,16081,0,0,0,0
89713.272,16693,59,0,0,0,0,0,8,1251,5,91,0,0,0,0,0,0,0,0,0,0,0,0,0,0,0,0,0,0,0,0,0,0,194,15687,0,0,0,0
89729.874,16601,60,0,0,0,0,0,8,245,5,91,0,0,0,0,0,0,0,0,0,0,0,0,0,0,0,0,0,0,0,0,0,0,208,17234,0,0,0,0
89745.979,16105,62,0,0,0,0,0,8,1495,5,91,0,0,0,0,0,0,0,0,0,0,0,0,0,0,0,0,0,0,0,0,0,0,205,16583,0,0,0,0
89763.762,17782,56,0,0,0,0,0,8,217,5,91,0,0,0,0,0,0,0,0,0,0,0,0,0,0,0,0,0,0,0,0,0,0,193,16118,0,0,0,0
89779.892,16130,61,0,0,0,0,0,8,985,5,91,0,0,0,0,0,0,0,0,0,0,0,0,0,0,0,0,0,0,0,0,0,0,246,17840,0,0,0,0
89796.282,16390,61,0,0,0,0,0,8,1373,5,91,0,0,0,0,0,0,0,0,0,0,0,0,0,0,0,0,0,0,0,0,0,0,218,16121,0,0,0,0
89813.018,16735,59,0,0,0,0,0,8,221,5,91,0,0,0,0,0,0,0,0,0,0,0,0,0,0,0,0,0,0,0,0,0,0,203,16859,0,0,0,0
89830.031,17012,58,0,0,0,0,0,8,1464,5,91,0,0,0,0,0,0,0,0,0,0,0,0,0,0,0,0,0,0,0,0,0,0,189,16201,0,0,0,0
89846.846,16815,59,0,0,0,0,0,8,219,5,91,0,0,0,0,0,0,0,0,0,0,0,0,0,0,0,0,0,0,0,0,0,0,195,17015,0,0,0,0
89863.544,16698,59,0,0,0,0,0,8,1789,5,91,0,0,0,0,0,0,0,0,0,0,0,0,0,0,0,0,0,0,0,0,0,0,187,16834,0,0,0,0
89879.484,15939,62,0,0,0,0,0,8,873,5,91,0,0,0,0,0,0,0,0,0,0,0,0,0,0,0,0,0,0,0,0,0,0,194,16660,0,0,0,0
89896.891,17407,57,0,0,0,0,0,8,222,5,91,0,0,0,0,0,0,0,0,0,0,0,0,0,0,0,0,0,0,0,0,0,0,178,15433,0,0,0,0
89913.473,16581,60,0,0,0,0,0,8,218,5,91,0,0,0,0,0,0,0,0,0,0,0,0,0,0,0,0,0,0,0,0,0,0,197,17948,0,0,0,0
89929.962,16488,60,0,0,0,0,0,8,592,5,91,0,0,0,0,0,0,0,0,0,0,0,0,0,0,0,0,0,0,0,0,0,0,195,16550,0,0,0,0
89946.072,16110,62,0,0,0,0,0,8,421,5,91,0,0,0,0,0,0,0,0,0,0,0,0,0,0,0,0,0,0,0,0,0,0,197,16500,0,0,0,0
89963.451,17378,57,0,0,0,0,0,8,218,5,91,0,0,0,0,0,0,0,0,0,0,0,0,0,0,0,0,0,0,0,0,0,0,193,16121,0,0,0,0
89979.787,16335,61,0,0,0,0,0,8,1070,5,91,0,0,0,0,0,0,0,0,0,0,0,0,0,0,0,0,0,0,0,0,0,0,202,17356,0,0,0,0
89996.859,17072,58,0,0,0,0,0,8,249,5,91,0,0,0,0,0,0,0,0,0,0,0,0,0,0,0,0,0,0,0,0,0,0,196,16858,0,0,0,0
90013.414,16554,60,0,0,0,0,0,8,243,5,91,0,0,0,0,0,0,0,0,0,0,0,0,0,0,0,0,0,0,0,0,0,0,201,16040,0,0,0,0
90029.900,16486,60,0,0,0,0,0,8,14356,5,91,0,0,0,0,0,0,0,0,0,0,0,0,0,0,0,0,0,0,0,0,0,0,237,17140,0,0,0,0
90046.628,16727,59,0,0,0,0,0,8,16740,5,91,0,0,0,0,0,0,0,0,0,0,0,0,0,0,0,0,0,0,0,0,0,0,241,16464,0,0,0,0
90111.538,64911,15,0,0,0,0,0,8,38186,49,93,0,0,0,0,0,0,0,0,0,0,0,0,0,0,0,0,0,0,0,0,0,0,273106,79973,0,0,0,0
90121.420,9881,101,0,0,0,0,0,8,74015,44,93,0,0,0,0,0,0,0,0,0,0,0,0,0,0,0,0,0,0,0,0,0,0,439,9680,0,0,0,0
90138.007,16586,60,0,0,0,0,0,8,35337,44,93,0,0,0,0,0,0,0,0,0,0,0,0,0,0,0,0,0,0,0,0,0,0,255,6155,0,0,0,0
90154.459,16451,60,0,0,0,0,0,8,35479,44,93,0,0,0,0,0,0,0,0,0,0,0,0,0,0,0,0,0,0,0,0,0,0,361,16264,0,0,0,0
90171.332,16873,59,0,0,0,0,0,8,36677,44,93,0,0,0,0,0,0,0,0,0,0,0,0,0,0,0,0,0,0,0,0,0,0,319,16227,0,0,0,0
90188.237,16905,59,0,0,0,0,0,8,37149,44,93,0,0,0,0,0,0,0,0,0,0,0,0,0,0,0,0,0,0,0,0,0,0,335,17259,0,0,0,0
90204.804,16566,60,0,0,0,0,0,8,35494,44,93,0,0,0,0,0,0,0,0,0,0,0,0,0,0,0,0,0,0,0,0,0,0,317,16615,0,0,0,0
90221.758,16953,58,0,0,0,0,0,8,36781,44,93,0,0,0,0,0,0,0,0,0,0,0,0,0,0,0,0,0,0,0,0,0,0,326,16988,0,0,0,0
90238.171,16413,60,0,0,0,0,0,8,33329,44,93,0,0,0,0,0,0,0,0,0,0,0,0,0,0,0,0,0,0,0,0,0,0,299,15697,0,0,0,0
90255.271,17099,58,0,0,0,0,0,8,33368,44,93,0,0,0,0,0,0,0,0,0,0,0,0,0,0,0,0,0,0,0,0,0,0,338,17167,0,0,0,0
90271.395,16124,62,0,0,0,0,0,8,32247,44,93,0,0,0,0,0,0,0,0,0,0,0,0,0,0,0,0,0,0,0,0,0,0,325,17548,0,0,0,0
90287.974,16579,60,0,0,0,0,0,8,32104,44,93,0,0,0,0,0,0,0,0,0,0,0,0,0,0,0,0,0,0,0,0,0,0,327,15725,0,0,0,0
90304.757,16781,59,0,0,0,0,0,8,32134,44,93,0,0,0,0,0,0,0,0,0,0,0,0,0,0,0,0,0,0,0,0,0,0,306,16416,0,0,0,0
90321.765,17008,58,0,0,0,0,0,8,32274,44,93,0,0,0,0,0,0,0,0,0,0,0,0,0,0,0,0,0,0,0,0,0,0,320,16808,0,0,0,0
90337.974,16209,61,0,0,0,0,0,8,33128,44,93,0,0,0,0,0,0,0,0,0,0,0,0,0,0,0,0,0,0,0,0,0,0,345,17329,0,0,0,0
90355.086,17112,58,0,0,0,0,0,8,30990,44,93,0,0,0,0,0,0,0,0,0,0,0,0,0,0,0,0,0,0,0,0,0,0,318,16277,0,0,0,0
90371.760,16674,59,0,0,0,0,0,8,30965,44,93,0,0,0,0,0,0,0,0,0,0,0,0,0,0,0,0,0,0,0,0,0,0,315,16880,0,0,0,0
90388.167,16407,60,0,0,0,0,0,8,31044,44,93,0,0,0,0,0,0,0,0,0,0,0,0,0,0,0,0,0,0,0,0,0,0,321,16859,0,0,0,0
90404.897,16729,59,0,0,0,0,0,8,30823,44,93,0,0,0,0,0,0,0,0,0,0,0,0,0,0,0,0,0,0,0,0,0,0,324,16013,0,0,0,0
90421.492,16595,60,0,0,0,0,0,8,30125,44,93,0,0,0,0,0,0,0,0,0,0,0,0,0,0,0,0,0,0,0,0,0,0,328,16794,0,0,0,0
90438.442,16950,58,0,0,0,0,0,8,30289,44,93,0,0,0,0,0,0,0,0,0,0,0,0,0,0,0,0,0,0,0,0,0,0,328,16560,0,0,0,0
90454.894,16451,60,0,0,0,0,0,8,30365,44,93,0,0,0,0,0,0,0,0,0,0,0,0,0,0,0,0,0,0,0,0,0,0,343,17286,0,0,0,0
90471.649,16755,59,0,0,0,0,0,8,30641,44,93,0,0,0,0,0,0,0,0,0,0,0,0,0,0,0,0,0,0,0,0,0,0,326,16342,0,0,0,0
90488.173,16524,60,0,0,0,0,0,8,31666,44,93,0,0,0,0,0,0,0,0,0,0,0,0,0,0,0,0,0,0,0,0,0,0,332,16390,0,0,0,0
90505.272,17098,58,0,0,0,0,0,8,31200,44,93,0,0,0,0,0,0,0,0,0,0,0,0,0,0,0,0,0,0,0,0,0,0,354,16878,0,0,0,0
90521.330,16057,62,0,0,0,0,0,8,31354,44,93,0,0,0,0,0,0,0,0,0,0,0,0,0,0,0,0,0,0,0,0,0,0,345,17740,0,0,0,0
90538.302,16972,58,0,0,0,0,0,8,31285,44,93,0,0,0,0,0,0,0,0,0,0,0,0,0,0,0,0,0,0,0,0,0,0,319,15339,0,0,0,0
90554.717,16414,60,0,0,0,0,0,8,31366,44,93,0,0,0,0,0,0,0,0,0,0,0,0,0,0,0,0,0,0,0,0,0,0,338,16598,0,0,0,0
90571.757,17039,58,0,0,0,0,0,8,31256,44,93,0,0,0,0,0,0,0,0,0,0,0,0,0,0,0,0,0,0,0,0,0,0,320,16623,0,0,0,0
90588.444,16687,59,0,0,0,0,0,8,31284,44,93,0,0,0,0,0,0,0,0,0,0,0,0,0,0,0,0,0,0,0,0,0,0,309,16005,0,0,0,0
90605.275,16830,59,0,0,0,0,0,8,31398,44,93,0,0,0,0,0,0,0,0,0,0,0,0,0,0,0,0,0,0,0,0,0,0,327,17685,0,0,0,0
90621.756,16480,60,0,0,0,0,0,8,31559,44,93,0,0,0,0,0,0,0,0,0,0,0,0,0,0,0,0,0,0,0,0,0,0,325,17132,0,0,0,0
90637.903,16146,61,0,0,0,0,0,8,31540,44,93,0,0,0,0,0,0,0,0,0,0,0,0,0,0,0,0,0,0,0,0,0,0,312,16061,0,0,0,0
90655.771,17868,55,0,0,0,0,0,8,32332,44,93,0,0,0,0,0,0,0,0,0,0,0,0,0,0,0,0,0,0,0,0,0,0,327,16184,0,0,0,0
90671.448,15676,63,0,0,0,0,0,8,32213,44,93,0,0,0,0,0,0,0,0,0,0,0,0,0,0,0,0,0,0,0,0,0,0,336,18256,0,0,0,0
90688.749,17301,57,0,0,0,0,0,8,32060,44,93,0,0,0,0,0,0,0,0,0,0,0,0,0,0,0,0,0,0,0,0,0,0,312,15449,0,0,0,0
90704.417,15667,63,0,0,0,0,0,8,34265,44,93,0,0,0,0,0,0,0,0,0,0,0,0,0,0,0,0,0,0,0,0,0,0,335,16811,0,0,0,0
90721.372,16955,58,0,0,0,0,0,8,33347,44,93,0,0,0,0,0,0,0,0,0,0,0,0,0,0,0,0,0,0,0,0,0,0,344,15974,0,0,0,0
90738.324,16951,58,0,0,0,0,0,8,32241,44,93,0,0,0,0,0,0,0,0,0,0,0,0,0,0,0,0,0,0,0,0,0,0,330,17234,0,0,0,0
90754.754,16430,60,0,0,0,0,0,8,32264,44,93,0,0,0,0,0,0,0,0,0,0,0,0,0,0,0,0,0,0,0,0,0,0,333,17413,0,0,0,0
90771.752,16997,58,0,0,0,0,0,8,32125,44,93,0,0,0,0,0,0,0,0,0,0,0,0,0,0,0,0,0,0,0,0,0,0,339,16043,0,0,0,0
90788.180,16428,60,0,0,0,0,0,8,32246,44,93,0,0,0,0,0,0,0,0,0,0,0,0,0,0,0,0,0,0,0,0,0,0,326,16920,0,0,0,0
90804.617,16437,60,0,0,0,0,0,8,31796,44,93,0,0,0,0,0,0,0,0,0,0,0,0,0,0,0,0,0,0,0,0,0,0,331,16022,0,0,0,0
90821.751,17133,58,0,0,0,0,0,8,31892,44,93,0,0,0,0,0,0,0,0,0,0,0,0,0,0,0,0,0,0,0,0,0,0,331,16605,0,0,0,0
90838.202,16451,60,0,0,0,0,0,8,31872,44,93,0,0,0,0,0,0,0,0,0,0,0,0,0,0,0,0,0,0,0,0,0,0,305,16117,0,0,0,0
90855.760,17558,56,0,0,0,0,0,8,31741,44,93,0,0,0,0,0,0,0,0,0,0,0,0,0,0,0,0,0,0,0,0,0,0,322,17583,0,0,0,0
90871.653,15892,62,0,0,0,0,0,8,31886,44,93,0,0,0,0,0,0,0,0,0,0,0,0,0,0,0,0,0,0,0,0,0,0,347,17593,0,0,0,0
90887.955,16301,61,0,0,0,0,0,8,31907,44,93,0,0,0,0,0,0,0,0,0,0,0,0,0,0,0,0,0,0,0,0,0,0,330,16025,0,0,0,0
90904.990,17035,58,0,0,0,0,0,8,31510,44,93,0,0,0,0,0,0,0,0,0,0,0,0,0,0,0,0,0,0,0,0,0,0,311,15930,0,0,0,0
90921.754,16764,59,0,0,0,0,0,8,31773,44,93,0,0,0,0,0,0,0,0,0,0,0,0,0,0,0,0,0,0,0,0,0,0,322,16896,0,0,0,0
90938.435,16680,59,0,0,0,0,0,8,31374,44,93,0,0,0,0,0,0,0,0,0,0,0,0,0,0,0,0,0,0,0,0,0,0,356,16867,0,0,0,0
90954.886,16451,60,0,0,0,0,0,8,31049,44,93,0,0,0,0,0,0,0,0,0,0,0,0,0,0,0,0,0,0,0,0,0,0,322,16927,0,0,0,0
90971.780,16893,59,0,0,0,0,0,8,30959,44,93,0,0,0,0,0,0,0,0,0,0,0,0,0,0,0,0,0,0,0,0,0,0,345,17006,0,0,0,0
90988.455,16675,59,0,0,0,0,0,8,30922,44,93,0,0,0,0,0,0,0,0,0,0,0,0,0,0,0,0,0,0,0,0,0,0,321,16581,0,0,0,0
91005.074,16619,60,0,0,0,0,0,8,30933,44,93,0,0,0,0,0,0,0,0,0,0,0,0,0,0,0,0,0,0,0,0,0,0,327,16453,0,0,0,0
91021.747,16672,59,0,0,0,0,0,8,30306,44,93,0,0,0,0,0,0,0,0,0,0,0,0,0,0,0,0,0,0,0,0,0,0,330,16064,0,0,0,0
91038.322,16575,60,0,0,0,0,0,8,28374,44,93,0,0,0,0,0,0,0,0,0,0,0,0,0,0,0,0,0,0,0,0,0,0,350,16022,0,0,0,0
91054.892,16570,60,0,0,0,0,0,8,27430,44,93,0,0,0,0,0,0,0,0,0,0,0,0,0,0,0,0,0,0,0,0,0,0,338,17783,0,0,0,0
91071.303,16410,60,0,0,0,0,0,8,27853,44,93,0,0,0,0,0,0,0,0,0,0,0,0,0,0,0,0,0,0,0,0,0,0,331,16316,0,0,0,0
91088.316,17013,58,0,0,0,0,0,8,28095,44,93,0,0,0,0,0,0,0,0,0,0,0,0,0,0,0,0,0,0,0,0,0,0,336,16284,0,0,0,0
91104.957,16640,60,0,0,0,0,0,8,27658,44,93,0,0,0,0,0,0,0,0,0,0,0,0,0,0,0,0,0,0,0,0,0,0,333,17109,0,0,0,0
91121.400,16442,60,0,0,0,0,0,8,27705,44,93,0,0,0,0,0,0,0,0,0,0,0,0,0,0,0,0,0,0,0,0,0,0,317,16489,0,0,0,0
91138.007,16607,60,0,0,0,0,0,8,27559,44,93,0,0,0,0,0,0,0,0,0,0,0,0,0,0,0,0,0,0,0,0,0,0,358,16522,0,0,0,0
91155.074,17066,58,0,0,0,0,0,8,27622,44,93,0,0,0,0,0,0,0,0,0,0,0,0,0,0,0,0,0,0,0,0,0,0,335,16441,0,0,0,0
91171.852,16778,59,0,0,0,0,0,8,27907,44,93,0,0,0,0,0,0,0,0,0,0,0,0,0,0,0,0,0,0,0,0,0,0,315,17398,0,0,0,0
91188.211,16358,61,0,0,0,0,0,8,27312,44,93,0,0,0,0,0,0,0,0,0,0,0,0,0,0,0,0,0,0,0,0,0,0,326,16794,0,0,0,0
91205.078,16867,59,0,0,0,0,0,8,27184,44,93,0,0,0,0,0,0,0,0,0,0,0,0,0,0,0,0,0,0,0,0,0,0,305,15973,0,0,0,0
91220.893,15814,63,0,0,0,0,0,8,27177,44,93,0,0,0,0,0,0,0,0,0,0,0,0,0,0,0,0,0,0,0,0,0,0,315,17580,0,0,0,0
91238.748,17855,56,0,0,0,0,0,8,27116,44,93,0,0,0,0,0,0,0,0,0,0,0,0,0,0,0,0,0,0,0,0,0,0,317,15038,0,0,0,0
91254.499,15750,63,0,0,0,0,0,8,27203,44,93,0,0,0,0,0,0,0,0,0,0,0,0,0,0,0,0,0,0,0,0,0,0,346,18454,0,0,0,0
91271.530,17031,58,0,0,0,0,0,8,27052,44,93,0,0,0,0,0,0,0,0,0,0,0,0,0,0,0,0,0,0,0,0,0,0,309,15291,0,0,0,0
91288.220,16690,59,0,0,0,0,0,8,26975,44,93,0,0,0,0,0,0,0,0,0,0,0,0,0,0,0,0,0,0,0,0,0,0,326,17100,0,0,0,0
91305.014,16793,59,0,0,0,0,0,8,27082,44,93,0,0,0,0,0,0,0,0,0,0,0,0,0,0,0,0,0,0,0,0,0,0,353,16728,0,0,0,0
91321.750,16736,59,0,0,0,0,0,8,27634,44,93,0,0,0,0,0,0,0,0,0,0,0,0,0,0,0,0,0,0,0,0,0,0,319,16836,0,0,0,0
91338.567,16816,59,0,0,0,0,0,8,27091,44,93,0,0,0,0,0,0,0,0,0,0,0,0,0,0,0,0,0,0,0,0,0,0,325,15599,0,0,0,0
91354.883,16316,61,0,0,0,0,0,8,26362,44,93,0,0,0,0,0,0,0,0,0,0,0,0,0,0,0,0,0,0,0,0,0,0,354,17863,0,0,0,0
91371.531,16647,60,0,0,0,0,0,8,27678,44,93,0,0,0,0,0,0,0,0,0,0,0,0,0,0,0,0,0,0,0,0,0,0,337,16588,0,0,0,0
91387.945,16413,60,0,0,0,0,0,8,27345,44,93,0,0,0,0,0,0,0,0,0,0,0,0,0,0,0,0,0,0,0,0,0,0,327,16452,0,0,0,0
91404.698,16752,59,0,0,0,0,0,8,27553,44,93,0,0,0,0,0,0,0,0,0,0,0,0,0,0,0,0,0,0,0,0,0,0,309,16278,0,0,0,0
91421.563,16865,59,0,0,0,0,0,8,27813,44,93,0,0,0,0,0,0,0,0,0,0,0,0,0,0,0,0,0,0,0,0,0,0,322,16716,0,0,0,0
91438.747,17183,58,0,0,0,0,0,8,28541,44,93,0,0,0,0,0,0,0,0,0,0,0,0,0,0,0,0,0,0,0,0,0,0,333,17047,0,0,0,0
91455.261,16513,60,0,0,0,0,0,8,27561,44,93,0,0,0,0,0,0,0,0,0,0,0,0,0,0,0,0,0,0,0,0,0,0,329,17359,0,0,0,0
91471.559,16298,61,0,0,0,0,0,8,28661,44,93,0,0,0,0,0,0,0,0,0,0,0,0,0,0,0,0,0,0,0,0,0,0,332,16279,0,0,0,0
91488.743,17183,58,0,0,0,0,0,8,28332,44,93,0,0,0,0,0,0,0,0,0,0,0,0,0,0,0,0,0,0,0,0,0,0,350,16302,0,0,0,0
91504.856,16112,62,0,0,0,0,0,8,28363,44,93,0,0,0,0,0,0,0,0,0,0,0,0,0,0,0,0,0,0,0,0,0,0,348,16340,0,0,0,0
91521.507,16651,60,0,0,0,0,0,8,27265,44,93,0,0,0,0,0,0,0,0,0,0,0,0,0,0,0,0,0,0,0,0,0,0,361,17190,0,0,0,0
91538.158,16651,60,0,0,0,0,0,8,30015,44,93,0,0,0,0,0,0,0,0,0,0,0,0,0,0,0,0,0,0,0,0,0,0,341,16411,0,0,0,0
91555.089,16930,59,0,0,0,0,0,8,29178,44,93,0,0,0,0,0,0,0,0,0,0,0,0,0,0,0,0,0,0,0,0,0,0,323,16969,0,0,0,0
91571.881,16792,59,0,0,0,0,0,8,30211,44,93,0,0,0,0,0,0,0,0,0,0,0,0,0,0,0,0,0,0,0,0,0,0,335,16432,0,0,0,0
91588.172,16291,61,0,0,0,0,0,8,29839,44,93,0,0,0,0,0,0,0,0,0,0,0,0,0,0,0,0,0,0,0,0,0,0,338,17003,0,0,0,0
91604.904,16731,59,0,0,0,0,0,8,29842,44,93,0,0,0,0,0,0,0,0,0,0,0,0,0,0,0,0,0,0,0,0,0,0,349,16967,0,0,0,0
91621.750,16845,59,0,0,0,0,0,8,29835,44,93,0,0,0,0,0,0,0,0,0,0,0,0,0,0,0,0,0,0,0,0,0,0,324,16356,0,0,0,0
91637.940,16190,61,0,0,0,0,0,8,31238,44,93,0,0,0,0,0,0,0,0,0,0,0,0,0,0,0,0,0,0,0,0,0,0,326,16566,0,0,0,0
91654.900,16959,58,0,0,0,0,0,8,31368,44,93,0,0,0,0,0,0,0,0,0,0,0,0,0,0,0,0,0,0,0,0,0,0,348,16298,0,0,0,0
91671.729,16829,59,0,0,0,0,0,8,31049,44,93,0,0,0,0,0,0,0,0,0,0,0,0,0,0,0,0,0,0,0,0,0,0,328,16958,0,0,0,0
91688.215,16485,60,0,0,0,0,0,8,32785,44,93,0,0,0,0,0,0,0,0,0,0,0,0,0,0,0,0,0,0,0,0,0,0,348,16584,0,0,0,0
91704.940,16725,59,0,0,0,0,0,8,33082,44,93,0,0,0,0,0,0,0,0,0,0,0,0,0,0,0,0,0,0,0,0,0,0,332,17115,0,0,0,0
91721.284,16343,61,0,0,0,0,0,8,34877,44,93,0,0,0,0,0,0,0,0,0,0,0,0,0,0,0,0,0,0,0,0,0,0,326,16493,0,0,0,0
91738.397,17112,58,0,0,0,0,0,8,38799,44,93,0,0,0,0,0,0,0,0,0,0,0,0,0,0,0,0,0,0,0,0,0,0,331,16451,0,0,0,0
91754.676,16278,61,0,0,0,0,0,8,36014,44,93,0,0,0,0,0,0,0,0,0,0,0,0,0,0,0,0,0,0,0,0,0,0,318,16939,0,0,0,0
91771.746,17069,58,0,0,0,0,0,8,32530,44,93,0,0,0,0,0,0,0,0,0,0,0,0,0,0,0,0,0,0,0,0,0,0,314,16147,0,0,0,0
91788.250,16504,60,0,0,0,0,0,8,30072,44,93,0,0,0,0,0,0,0,0,0,0,0,0,0,0,0,0,0,0,0,0,0,0,335,16006,0,0,0,0
91804.883,16633,60,0,0,0,0,0,8,31232,44,93,0,0,0,0,0,0,0,0,0,0,0,0,0,0,0,0,0,0,0,0,0,0,337,17869,0,0,0,0
91821.501,16617,60,0,0,0,0,0,8,29572,44,93,0,0,0,0,0,0,0,0,0,0,0,0,0,0,0,0,0,0,0,0,0,0,301,16288,0,0,0,0
91838.255,16754,59,0,0,0,0,0,8,29305,44,93,0,0,0,0,0,0,0,0,0,0,0,0,0,0,0,0,0,0,0,0,0,0,314,16616,0,0,0,0
91854.782,16526,60,0,0,0,0,0,8,29378,44,93,0,0,0,0,0,0,0,0,0,0,0,0,0,0,0,0,0,0,0,0,0,0,338,16638,0,0,0,0
91871.456,16674,59,0,0,0,0,0,8,29438,44,93,0,0,0,0,0,0,0,0,0,0,0,0,0,0,0,0,0,0,0,0,0,0,331,16608,0,0,0,0
91888.151,16694,59,0,0,0,0,0,8,29618,44,93,0,0,0,0,0,0,0,0,0,0,0,0,0,0,0,0,0,0,0,0,0,0,316,16515,0,0,0,0
91905.741,17590,56,0,0,0,0,0,8,29234,44,93,0,0,0,0,0,0,0,0,0,0,0,0,0,0,0,0,0,0,0,0,0,0,331,17516,0,0,0,0
91921.426,15685,63,0,0,0,0,0,8,20574,44,93,0,0,0,0,0,0,0,0,0,0,0,0,0,0,0,0,0,0,0,0,0,0,351,16386,0,0,0,0
91938.004,16577,60,0,0,0,0,0,8,19824,44,93,0,0,0,0,0,0,0,0,0,0,0,0,0,0,0,0,0,0,0,0,0,0,340,15518,0,0,0,0
91954.738,16734,59,0,0,0,0,0,8,18847,44,93,0,0,0,0,0,0,0,0,0,0,0,0,0,0,0,0,0,0,0,0,0,0,323,16504,0,0,0,0
91971.611,16873,59,0,0,0,0,0,8,19162,44,93,0,0,0,0,0,0,0,0,0,0,0,0,0,0,0,0,0,0,0,0,0,0,307,16899,0,0,0,0
91988.096,16484,60,0,0,0,0,0,8,20990,44,93,0,0,0,0,0,0,0,0,0,0,0,0,0,0,0,0,0,0,0,0,0,0,353,16649,0,0,0,0
92004.882,16785,59,0,0,0,0,0,8,21067,44,93,0,0,0,0,0,0,0,0,0,0,0,0,0,0,0,0,0,0,0,0,0,0,337,16861,0,0,0,0
92021.561,16678,59,0,0,0,0,0,8,21740,44,93,0,0,0,0,0,0,0,0,0,0,0,0,0,0,0,0,0,0,0,0,0,0,318,16836,0,0,0,0
92038.094,16533,60,0,0,0,0,0,8,22104,44,93,0,0,0,0,0,0,0,0,0,0,0,0,0,0,0,0,0,0,0,0,0,0,332,16569,0,0,0,0
92055.268,17174,58,0,0,0,0,0,8,22622,44,93,0,0,0,0,0,0,0,0,0,0,0,0,0,0,0,0,0,0,0,0,0,0,320,16588,0,0,0,0
92071.742,16473,60,0,0,0,0,0,8,23706,44,93,0,0,0,0,0,0,0,0,0,0,0,0,0,0,0,0,0,0,0,0,0,0,338,17156,0,0,0,0
92087.943,16200,61,0,0,0,0,0,8,24134,44,93,0,0,0,0,0,0,0,0,0,0,0,0,0,0,0,0,0,0,0,0,0,0,311,15719,0,0,0,0
92105.119,17176,58,0,0,0,0,0,8,24802,44,93,0,0,0,0,0,0,0,0,0,0,0,0,0,0,0,0,0,0,0,0,0,0,337,17233,0,0,0,0
92121.491,16371,61,0,0,0,0,0,8,25964,44,93,0,0,0,0,0,0,0,0,0,0,0,0,0,0,0,0,0,0,0,0,0,0,364,17258,0,0,0,0
92137.549,16057,62,0,0,0,0,0,8,27121,44,93,0,0,0,0,0,0,0,0,0,0,0,0,0,0,0,0,0,0,0,0,0,0,344,16749,0,0,0,0
92155.745,18196,54,0,0,0,0,0,8,36529,44,93,0,0,0,0,0,0,0,0,0,0,0,0,0,0,0,0,0,0,0,0,0,0,306,16500,0,0,0,0
92171.744,15999,62,0,0,0,0,0,8,38996,44,93,0,0,0,0,0,0,0,0,0,0,0,0,0,0,0,0,0,0,0,0,0,0,319,18603,0,0,0,0
92188.057,16313,61,0,0,0,0,0,8,38266,44,93,0,0,0,0,0,0,0,0,0,0,0,0,0,0,0,0,0,0,0,0,0,0,332,14922,0,0,0,0
92204.953,16894,59,0,0,0,0,0,8,41815,44,93,0,0,0,0,0,0,0,0,0,0,0,0,0,0,0,0,0,0,0,0,0,0,331,17876,0,0,0,0
92221.738,16786,59,0,0,0,0,0,8,44576,44,93,0,0,0,0,0,0,0,0,0,0,0,0,0,0,0,0,0,0,0,0,0,0,312,16693,0,0,0,0
92238.187,16448,60,0,0,0,0,0,8,47361,44,93,0,0,0,0,0,0,0,0,0,0,0,0,0,0,0,0,0,0,0,0,0,0,335,15981,0,0,0,0
92254.896,16708,59,0,0,0,0,0,8,45955,44,93,0,0,0,0,0,0,0,0,0,0,0,0,0,0,0,0,0,0,0,0,0,0,340,17596,0,0,0,0
92271.513,16617,60,0,0,0,0,0,8,46638,44,93,0,0,0,0,0,0,0,0,0,0,0,0,0,0,0,0,0,0,0,0,0,0,322,17152,0,0,0,0
92288.739,17225,58,0,0,0,0,0,8,47377,44,93,0,0,0,0,0,0,0,0,0,0,0,0,0,0,0,0,0,0,0,0,0,0,300,16407,0,0,0,0
92304.887,16136,61,0,0,0,0,0,8,49079,44,93,0,0,0,0,0,0,0,0,0,0,0,0,0,0,0,0,0,0,0,0,0,0,348,17672,0,0,0,0
92321.068,16193,61,0,0,0,0,0,8,51908,44,93,0,0,0,0,0,0,0,0,0,0,0,0,0,0,0,0,0,0,0,0,0,0,330,20100,0,0,0,0
92338.417,17349,57,0,0,0,0,0,8,53016,44,93,0,0,0,0,0,0,0,0,0,0,0,0,0,0,0,0,0,0,0,0,0,0,314,15427,0,0,0,0
92355.738,17320,57,0,0,0,0,0,8,53477,44,93,0,0,0,0,0,0,0,0,0,0,0,0,0,0,0,0,0,0,0,0,0,0,328,14122,0,0,0,0
92371.469,15731,63,0,0,0,0,0,8,56204,44,93,0,0,0,0,0,0,0,0,0,0,0,0,0,0,0,0,0,0,0,0,0,0,341,21985,0,0,0,0
92388.737,17268,57,0,0,0,0,0,8,60089,44,93,0,0,0,0,0,0,0,0,0,0,0,0,0,0,0,0,0,0,0,0,0,0,308,15621,0,0,0,0
92404.921,16183,61,0,0,0,0,0,8,59648,44,93,0,0,0,0,0,0,0,0,0,0,0,0,0,0,0,0,0,0,0,0,0,0,305,14036,0,0,0,0
92421.540,16619,60,0,0,0,0,0,8,60880,44,93,0,0,0,0,0,0,0,0,0,0,0,0,0,0,0,0,0,0,0,0,0,0,290,15270,0,0,0,0
92438.153,16612,60,0,0,0,0,0,8,62249,44,93,0,0,0,0,0,0,0,0,0,0,0,0,0,0,0,0,0,0,0,0,0,0,333,18252,0,0,0,0
92454.871,16718,59,0,0,0,0,0,8,65205,44,93,0,0,0,0,0,0,0,0,0,0,0,0,0,0,0,0,0,0,0,0,0,0,302,16384,0,0,0,0
92471.817,16934,59,0,0,0,0,0,8,66019,44,93,0,0,0,0,0,0,0,0,0,0,0,0,0,0,0,0,0,0,0,0,0,0,297,20443,0,0,0,0
92488.048,16242,61,0,0,0,0,0,8,65683,44,93,0,0,0,0,0,0,0,0,0,0,0,0,0,0,0,0,0,0,0,0,0,0,333,14472,0,0,0,0
92505.751,17703,56,0,0,0,0,0,8,65972,44,93,0,0,0,0,0,0,0,0,0,0,0,0,0,0,0,0,0,0,0,0,0,0,348,15704,0,0,0,0
92521.325,15573,64,0,0,0,0,0,8,66221,44,93,0,0,0,0,0,0,0,0,0,0,0,0,0,0,0,0,0,0,0,0,0,0,296,16359,0,0,0,0
92538.105,16780,59,0,0,0,0,0,8,66007,44,93,0,0,0,0,0,0,0,0,0,0,0,0,0,0,0,0,0,0,0,0,0,0,301,15372,0,0,0,0
92554.872,16767,59,0,0,0,0,0,8,66050,44,93,0,0,0,0,0,0,0,0,0,0,0,0,0,0,0,0,0,0,0,0,0,0,318,16636,0,0,0,0
92571.501,16628,60,0,0,0,0,0,8,66640,44,93,0,0,0,0,0,0,0,0,0,0,0,0,0,0,0,0,0,0,0,0,0,0,336,19406,0,0,0,0
92588.127,16626,60,0,0,0,0,0,8,66647,44,93,0,0,0,0,0,0,0,0,0,0,0,0,0,0,0,0,0,0,0,0,0,0,309,15432,0,0,0,0
92604.880,16753,59,0,0,0,0,0,8,66359,44,93,0,0,0,0,0,0,0,0,0,0,0,0,0,0,0,0,0,0,0,0,0,0,327,16334,0,0,0,0
92621.736,16855,59,0,0,0,0,0,8,66611,44,93,0,0,0,0,0,0,0,0,0,0,0,0,0,0,0,0,0,0,0,0,0,0,313,16844,0,0,0,0
92638.733,16997,58,0,0,0,0,0,8,64886,44,93,0,0,0,0,0,0,0,0,0,0,0,0,0,0,0,0,0,0,0,0,0,0,305,17182,0,0,0,0
92654.884,16139,61,0,0,0,0,0,8,64891,44,93,0,0,0,0,0,0,0,0,0,0,0,0,0,0,0,0,0,0,0,0,0,0,307,17551,0,0,0,0
92671.602,16728,59,0,0,0,0,0,8,64943,44,93,0,0,0,0,0,0,0,0,0,0,0,0,0,0,0,0,0,0,0,0,0,0,318,14006,0,0,0,0
92688.745,17132,58,0,0,0,0,0,8,64770,44,93,0,0,0,0,0,0,0,0,0,0,0,0,0,0,0,0,0,0,0,0,0,0,331,17124,0,0,0,0
92704.726,15991,62,0,0,0,0,0,8,64831,44,93,0,0,0,0,0,0,0,0,0,0,0,0,0,0,0,0,0,0,0,0,0,0,347,18652,0,0,0,0
92721.776,17049,58,0,0,0,0,0,8,64868,44,93,0,0,0,0,0,0,0,0,0,0,0,0,0,0,0,0,0,0,0,0,0,0,313,15007,0,0,0,0
92738.303,16527,60,0,0,0,0,0,8,64833,44,93,0,0,0,0,0,0,0,0,0,0,0,0,0,0,0,0,0,0,0,0,0,0,323,15955,0,0,0,0
92754.775,16471,60,0,0,0,0,0,8,64881,44,93,0,0,0,0,0,0,0,0,0,0,0,0,0,0,0,0,0,0,0,0,0,0,312,16809,0,0,0,0
92771.815,17040,58,0,0,0,0,0,8,65062,44,93,0,0,0,0,0,0,0,0,0,0,0,0,0,0,0,0,0,0,0,0,0,0,316,17576,0,0,0,0
92788.483,16667,59,0,0,0,0,0,8,65015,44,93,0,0,0,0,0,0,0,0,0,0,0,0,0,0,0,0,0,0,0,0,0,0,306,15758,0,0,0,0
92804.975,16492,60,0,0,0,0,0,8,65121,44,93,0,0,0,0,0,0,0,0,0,0,0,0,0,0,0,0,0,0,0,0,0,0,301,17405,0,0,0,0
92821.730,16754,59,0,0,0,0,0,8,65541,44,93,0,0,0,0,0,0,0,0,0,0,0,0,0,0,0,0,0,0,0,0,0,0,329,17445,0,0,0,0
92838.115,16384,61,0,0,0,0,0,8,65764,44,93,0,0,0,0,0,0,0,0,0,0,0,0,0,0,0,0,0,0,0,0,0,0,311,16721,0,0,0,0
92854.870,16755,59,0,0,0,0,0,8,66485,44,93,0,0,0,0,0,0,0,0,0,0,0,0,0,0,0,0,0,0,0,0,0,0,294,14790,0,0,0,0
92871.879,17009,58,0,0,0,0,0,8,66517,44,93,0,0,0,0,0,0,0,0,0,0,0,0,0,0,0,0,0,0,0,0,0,0,314,16891,0,0,0,0
92888.408,16528,60,0,0,0,0,0,8,66144,44,93,0,0,0,0,0,0,0,0,0,0,0,0,0,0,0,0,0,0,0,0,0,0,311,16941,0,0,0,0
92905.044,16636,60,0,0,0,0,0,8,66390,44,93,0,0,0,0,0,0,0,0,0,0,0,0,0,0,0,0,0,0,0,0,0,0,310,16893,0,0,0,0
92921.761,16716,59,0,0,0,0,0,8,66008,44,93,0,0,0,0,0,0,0,0,0,0,0,0,0,0,0,0,0,0,0,0,0,0,332,17624,0,0,0,0
92938.065,16304,61,0,0,0,0,0,8,65702,44,93,0,0,0,0,0,0,0,0,0,0,0,0,0,0,0,0,0,0,0,0,0,0,334,18375,0,0,0,0
92954.733,16668,59,0,0,0,0,0,8,66446,44,93,0,0,0,0,0,0,0,0,0,0,0,0,0,0,0,0,0,0,0,0,0,0,289,14152,0,0,0,0
92971.877,17143,58,0,0,0,0,0,8,66175,44,93,0,0,0,0,0,0,0,0,0,0,0,0,0,0,0,0,0,0,0,0,0,0,304,16066,0,0,0,0
92988.161,16283,61,0,0,0,0,0,8,65760,44,93,0,0,0,0,0,0,0,0,0,0,0,0,0,0,0,0,0,0,0,0,0,0,312,16906,0,0,0,0
93004.777,16616,60,0,0,0,0,0,8,65673,44,93,0,0,0,0,0,0,0,0,0,0,0,0,0,0,0,0,0,0,0,0,0,0,332,18190,0,0,0,0
93021.768,16991,58,0,0,0,0,0,8,65586,44,93,0,0,0,0,0,0,0,0,0,0,0,0,0,0,0,0,0,0,0,0,0,0,334,16864,0,0,0,0
93038.305,16536,60,0,0,0,0,0,8,66641,44,93,0,0,0,0,0,0,0,0,0,0,0,0,0,0,0,0,0,0,0,0,0,0,308,14915,0,0,0,0
93054.727,16421,60,0,0,0,0,0,8,65564,44,93,0,0,0,0,0,0,0,0,0,0,0,0,0,0,0,0,0,0,0,0,0,0,329,17605,0,0,0,0
93071.766,17039,58,0,0,0,0,0,8,66458,44,93,0,0,0,0,0,0,0,0,0,0,0,0,0,0,0,0,0,0,0,0,0,0,292,15810,0,0,0,0
93088.181,16415,60,0,0,0,0,0,8,65660,44,93,0,0,0,0,0,0,0,0,0,0,0,0,0,0,0,0,0,0,0,0,0,0,313,17727,0,0,0,0
93104.749,16567,60,0,0,0,0,0,8,66168,44,93,0,0,0,0,0,0,0,0,0,0,0,0,0,0,0,0,0,0,0,0,0,0,322,16610,0,0,0,0
93121.447,16697,59,0,0,0,0,0,8,65765,44,93,0,0,0,0,0,0,0,0,0,0,0,0,0,0,0,0,0,0,0,0,0,0,306,16106,0,0,0,0
93138.249,16801,59,0,0,0,0,0,8,65547,44,93,0,0,0,0,0,0,0,0,0,0,0,0,0,0,0,0,0,0,0,0,0,0,292,15401,0,0,0,0
93154.728,16479,60,0,0,0,0,0,8,65335,44,93,0,0,0,0,0,0,0,0,0,0,0,0,0,0,0,0,0,0,0,0,0,0,309,17259,0,0,0,0
93171.412,16684,59,0,0,0,0,0,8,64903,44,93,0,0,0,0,0,0,0,0,0,0,0,0,0,0,0,0,0,0,0,0,0,0,322,18863,0,0,0,0
93188.030,16617,60,0,0,0,0,0,8,65683,44,93,0,0,0,0,0,0,0,0,0,0,0,0,0,0,0,0,0,0,0,0,0,0,299,14188,0,0,0,0
93204.869,16839,59,0,0,0,0,0,8,64329,44,93,0,0,0,0,0,0,0,0,0,0,0,0,0,0,0,0,0,0,0,0,0,0,331,17643,0,0,0,0
93221.737,16867,59,0,0,0,0,0,8,65089,44,93,0,0,0,0,0,0,0,0,0,0,0,0,0,0,0,0,0,0,0,0,0,0,315,17419,0,0,0,0
93238.242,16505,60,0,0,0,0,0,8,66661,44,93,0,0,0,0,0,0,0,0,0,0,0,0,0,0,0,0,0,0,0,0,0,0,316,17932,0,0,0,0
93254.734,16491,60,0,0,0,0,0,8,66585,44,93,0,0,0,0,0,0,0,0,0,0,0,0,0,0,0,0,0,0,0,0,0,0,283,13674,0,0,0,0
93271.554,16819,59,0,0,0,0,0,8,66552,44,93,0,0,0,0,0,0,0,0,0,0,0,0,0,0,0,0,0,0,0,0,0,0,310,16669,0,0,0,0
93288.065,16511,60,0,0,0,0,0,8,66544,44,93,0,0,0,0,0,0,0,0,0,0,0,0,0,0,0,0,0,0,0,0,0,0,314,16841,0,0,0,0
93305.263,17198,58,0,0,0,0,0,8,66480,44,93,0,0,0,0,0,0,0,0,0,0,0,0,0,0,0,0,0,0,0,0,0,0,342,17728,0,0,0,0
93321.871,16607,60,0,0,0,0,0,8,66885,44,93,0,0,0,0,0,0,0,0,0,0,0,0,0,0,0,0,0,0,0,0,0,0,309,15913,0,0,0,0
93338.728,16857,59,0,0,0,0,0,8,66743,44,93,0,0,0,0,0,0,0,0,0,0,0,0,0,0,0,0,0,0,0,0,0,0,314,16932,0,0,0,0
93354.671,15943,62,0,0,0,0,0,8,66616,44,93,0,0,0,0,0,0,0,0,0,0,0,0,0,0,0,0,0,0,0,0,0,0,321,17546,0,0,0,0
93371.445,16773,59,0,0,0,0,0,8,66584,44,93,0,0,0,0,0,0,0,0,0,0,0,0,0,0,0,0,0,0,0,0,0,0,311,14831,0,0,0,0
93387.957,16511,60,0,0,0,0,0,8,66614,44,93,0,0,0,0,0,0,0,0,0,0,0,0,0,0,0,0,0,0,0,0,0,0,323,16583,0,0,0,0
93404.869,16912,59,0,0,0,0,0,8,66560,44,93,0,0,0,0,0,0,0,0,0,0,0,0,0,0,0,0,0,0,0,0,0,0,308,17045,0,0,0,0
93421.770,16900,59,0,0,0,0,0,8,66790,44,93,0,0,0,0,0,0,0,0,0,0,0,0,0,0,0,0,0,0,0,0,0,0,310,16503,0,0,0,0
93437.553,15782,63,0,0,0,0,0,8,66493,44,93,0,0,0,0,0,0,0,0,0,0,0,0,0,0,0,0,0,0,0,0,0,0,352,18870,0,0,0,0
93455.258,17704,56,0,0,0,0,0,8,66326,44,93,0,0,0,0,0,0,0,0,0,0,0,0,0,0,0,0,0,0,0,0,0,0,323,15053,0,0,0,0
93471.371,16113,62,0,0,0,0,0,8,115338,44,93,0,0,0,0,0,0,0,0,0,0,0,0,0,0,0,0,0,0,0,0,0,0,0,0,0,0,0,0
93508.317,36946,27,0,0,0,0,0,8,230276,46,93,0,0,0,0,0,0,0,0,0,0,0,0,0,0,0,0,0,0,0,0,0,0,35007,61404,0,0,0,0
93521.018,12700,78,0,0,0,0,0,8,79969,44,93,0,0,0,0,0,0,0,0,0,0,0,0,0,0,0,0,0,0,0,0,0,0,227,12074,0,0,0,0
93537.957,16939,59,0,0,0,0,0,8,141413,44,93,0,0,0,0,0,0,0,0,0,0,0,0,0,0,0,0,0,0,0,0,0,0,215,7746,0,0,0,0
93554.863,16905,59,0,0,0,0,0,8,74582,44,93,0,0,0,0,0,0,0,0,0,0,0,0,0,0,0,0,0,0,0,0,0,0,409,19532,0,0,0,0
93571.737,16874,59,0,0,0,0,0,8,71029,44,93,0,0,0,0,0,0,0,0,0,0,0,0,0,0,0,0,0,0,0,0,0,0,321,17992,0,0,0,0
93588.326,16589,60,0,0,0,0,0,8,71026,44,93,0,0,0,0,0,0,0,0,0,0,0,0,0,0,0,0,0,0,0,0,0,0,296,14901,0,0,0,0
93605.084,16757,59,0,0,0,0,0,8,70545,44,93,0,0,0,0,0,0,0,0,0,0,0,0,0,0,0,0,0,0,0,0,0,0,310,15971,0,0,0,0
93620.964,15879,62,0,0,0,0,0,8,70661,44,93,0,0,0,0,0,0,0,0,0,0,0,0,0,0,0,0,0,0,0,0,0,0,289,16656,0,0,0,0
93638.240,17276,57,0,0,0,0,0,8,70878,44,93,0,0,0,0,0,0,0,0,0,0,0,0,0,0,0,0,0,0,0,0,0,0,311,17009,0,0,0,0
93654.248,16008,62,0,0,0,0,0,8,70547,44,93,0,0,0,0,0,0,0,0,0,0,0,0,0,0,0,0,0,0,0,0,0,0,298,16095,0,0,0,0
93671.725,17477,57,0,0,0,0,0,8,70670,44,93,0,0,0,0,0,0,0,0,0,0,0,0,0,0,0,0,0,0,0,0,0,0,320,16158,0,0,0,0
93688.722,16997,58,0,0,0,0,0,8,70716,44,93,0,0,0,0,0,0,0,0,0,0,0,0,0,0,0,0,0,0,0,0,0,0,332,24186,0,0,0,0
93704.861,16138,61,0,0,0,0,0,8,70528,44,93,0,0,0,0,0,0,0,0,0,0,0,0,0,0,0,0,0,0,0,0,0,0,306,12328,0,0,0,0
93721.364,16502,60,0,0,0,0,0,8,70672,44,93,0,0,0,0,0,0,0,0,0,0,0,0,0,0,0,0,0,0,0,0,0,0,351,16515,0,0,0,0
93738.399,17035,58,0,0,0,0,0,8,70927,44,93,0,0,0,0,0,0,0,0,0,0,0,0,0,0,0,0,0,0,0,0,0,0,309,13727,0,0,0,0
93754.862,16462,60,0,0,0,0,0,8,72247,44,93,0,0,0,0,0,0,0,0,0,0,0,0,0,0,0,0,0,0,0,0,0,0,329,17964,0,0,0,0
93771.728,16866,59,0,0,0,0,0,8,73052,44,93,0,0,0,0,0,0,0,0,0,0,0,0,0,0,0,0,0,0,0,0,0,0,338,19545,0,0,0,0
93788.723,16994,58,0,0,0,0,0,8,76271,44,93,0,0,0,0,0,0,0,0,0,0,0,0,0,0,0,0,0,0,0,0,0,0,280,14409,0,0,0,0
93804.835,16112,62,0,0,0,0,0,8,74141,44,93,0,0,0,0,0,0,0,0,0,0,0,0,0,0,0,0,0,0,0,0,0,0,300,16170,0,0,0,0
93821.761,16926,59,0,0,0,0,0,8,72933,44,93,0,0,0,0,0,0,0,0,0,0,0,0,0,0,0,0,0,0,0,0,0,0,299,16234,0,0,0,0
93838.724,16962,58,0,0,0,0,0,8,73302,44,93,0,0,0,0,0,0,0,0,0,0,0,0,0,0,0,0,0,0,0,0,0,0,309,17999,0,0,0,0
93854.862,16138,61,0,0,0,0,0,8,72867,44,93,0,0,0,0,0,0,0,0,0,0,0,0,0,0,0,0,0,0,0,0,0,0,299,15133,0,0,0,0
93871.719,16857,59,0,0,0,0,0,8,72894,44,93,0,0,0,0,0,0,0,0,0,0,0,0,0,0,0,0,0,0,0,0,0,0,345,18929,0,0,0,0
93888.725,17005,58,0,0,0,0,0,8,73006,44,93,0,0,0,0,0,0,0,0,0,0,0,0,0,0,0,0,0,0,0,0,0,0,300,15950,0,0,0,0
93904.929,16204,61,0,0,0,0,0,8,72930,44,93,0,0,0,0,0,0,0,0,0,0,0,0,0,0,0,0,0,0,0,0,0,0,295,15514,0,0,0,0
93921.607,16677,59,0,0,0,0,0,8,72911,44,93,0,0,0,0,0,0,0,0,0,0,0,0,0,0,0,0,0,0,0,0,0,0,371,17981,0,0,0,0
93938.451,16844,59,0,0,0,0,0,8,72932,44,93,0,0,0,0,0,0,0,0,0,0,0,0,0,0,0,0,0,0,0,0,0,0,309,14770,0,0,0,0
93955.088,16637,60,0,0,0,0,0,8,73122,44,93,0,0,0,0,0,0,0,0,0,0,0,0,0,0,0,0,0,0,0,0,0,0,304,16999,0,0,0,0
93971.681,16592,60,0,0,0,0,0,8,72933,44,93,0,0,0,0,0,0,0,0,0,0,0,0,0,0,0,0,0,0,0,0,0,0,335,17183,0,0,0,0
93988.718,17037,58,0,0,0,0,0,8,73029,44,93,0,0,0,0,0,0,0,0,0,0,0,0,0,0,0,0,0,0,0,0,0,0,289,16254,0,0,0,0
94004.858,16139,61,0,0,0,0,0,8,72831,44,93,0,0,0,0,0,0,0,0,0,0,0,0,0,0,0,0,0,0,0,0,0,0,329,18662,0,0,0,0
94021.832,16974,58,0,0,0,0,0,8,73321,44,93,0,0,0,0,0,0,0,0,0,0,0,0,0,0,0,0,0,0,0,0,0,0,325,19060,0,0,0,0
94038.200,16368,61,0,0,0,0,0,8,71249,44,93,0,0,0,0,0,0,0,0,0,0,0,0,0,0,0,0,0,0,0,0,0,0,291,13633,0,0,0,0
94055.728,17527,57,0,0,0,0,0,8,71421,44,93,0,0,0,0,0,0,0,0,0,0,0,0,0,0,0,0,0,0,0,0,0,0,301,14652,0,0,0,0
94071.718,15990,62,0,0,0,0,0,8,71268,44,93,0,0,0,0,0,0,0,0,0,0,0,0,0,0,0,0,0,0,0,0,0,0,310,18232,0,0,0,0
94088.053,16334,61,0,0,0,0,0,8,71277,44,93,0,0,0,0,0,0,0,0,0,0,0,0,0,0,0,0,0,0,0,0,0,0,312,17536,0,0,0,0
94104.864,16811,59,0,0,0,0,0,8,71091,44,93,0,0,0,0,0,0,0,0,0,0,0,0,0,0,0,0,0,0,0,0,0,0,300,15233,0,0,0,0
94121.886,17021,58,0,0,0,0,0,8,71183,44,93,0,0,0,0,0,0,0,0,0,0,0,0,0,0,0,0,0,0,0,0,0,0,317,15775,0,0,0,0
94138.726,16840,59,0,0,0,0,0,8,71230,44,93,0,0,0,0,0,0,0,0,0,0,0,0,0,0,0,0,0,0,0,0,0,0,331,19476,0,0,0,0
94154.855,16128,62,0,0,0,0,0,8,71374,44,93,0,0,0,0,0,0,0,0,0,0,0,0,0,0,0,0,0,0,0,0,0,0,296,14055,0,0,0,0
94171.731,16875,59,0,0,0,0,0,8,71180,44,93,0,0,0,0,0,0,0,0,0,0,0,0,0,0,0,0,0,0,0,0,0,0,334,18930,0,0,0,0
94188.717,16986,58,0,0,0,0,0,8,71231,44,93,0,0,0,0,0,0,0,0,0,0,0,0,0,0,0,0,0,0,0,0,0,0,280,15280,0,0,0,0
94204.205,15487,64,0,0,0,0,0,8,71106,44,93,0,0,0,0,0,0,0,0,0,0,0,0,0,0,0,0,0,0,0,0,0,0,324,18189,0,0,0,0
94221.651,17446,57,0,0,0,0,0,8,71216,44,93,0,0,0,0,0,0,0,0,0,0,0,0,0,0,0,0,0,0,0,0,0,0,290,13609,0,0,0,0
94237.639,15987,62,0,0,0,0,0,8,72982,44,93,0,0,0,0,0,0,0,0,0,0,0,0,0,0,0,0,0,0,0,0,0,0,328,18563,0,0,0,0
94254.295,16656,60,0,0,0,0,0,8,72820,44,93,0,0,0,0,0,0,0,0,0,0,0,0,0,0,0,0,0,0,0,0,0,0,275,14742,0,0,0,0
94271.716,17421,57,0,0,0,0,0,8,73186,44,93,0,0,0,0,0,0,0,0,0,0,0,0,0,0,0,0,0,0,0,0,0,0,315,16361,0,0,0,0
94288.230,16514,60,0,0,0,0,0,8,72975,44,93,0,0,0,0,0,0,0,0,0,0,0,0,0,0,0,0,0,0,0,0,0,0,312,20780,0,0,0,0
94304.855,16624,60,0,0,0,0,0,8,72907,44,93,0,0,0,0,0,0,0,0,0,0,0,0,0,0,0,0,0,0,0,0,0,0,292,14699,0,0,0,0
94321.850,16995,58,0,0,0,0,0,8,72974,44,93,0,0,0,0,0,0,0,0,0,0,0,0,0,0,0,0,0,0,0,0,0,0,338,17751,0,0,0,0
94338.242,16392,61,0,0,0,0,0,8,72947,44,93,0,0,0,0,0,0,0,0,0,0,0,0,0,0,0,0,0,0,0,0,0,0,336,20314,0,0,0,0
94354.717,16475,60,0,0,0,0,0,8,72923,44,93,0,0,0,0,0,0,0,0,0,0,0,0,0,0,0,0,0,0,0,0,0,0,316,11712,0,0,0,0
94371.693,16976,58,0,0,0,0,0,8,73343,44,93,0,0,0,0,0,0,0,0,0,0,0,0,0,0,0,0,0,0,0,0,0,0,335,17990,0,0,0,0
94388.192,16498,60,0,0,0,0,0,8,73020,44,93,0,0,0,0,0,0,0,0,0,0,0,0,0,0,0,0,0,0,0,0,0,0,304,15973,0,0,0,0
94404.724,16532,60,0,0,0,0,0,8,72914,44,93,0,0,0,0,0,0,0,0,0,0,0,0,0,0,0,0,0,0,0,0,0,0,357,16087,0,0,0,0
94421.869,17144,58,0,0,0,0,0,8,72918,44,93,0,0,0,0,0,0,0,0,0,0,0,0,0,0,0,0,0,0,0,0,0,0,331,16529,0,0,0,0
94438.116,16247,61,0,0,0,0,0,8,73018,44,93,0,0,0,0,0,0,0,0,0,0,0,0,0,0,0,0,0,0,0,0,0,0,324,18343,0,0,0,0
94455.716,17600,56,0,0,0,0,0,8,73162,44,93,0,0,0,0,0,0,0,0,0,0,0,0,0,0,0,0,0,0,0,0,0,0,311,15293,0,0,0,0
94471.718,16001,62,0,0,0,0,0,8,73247,44,93,0,0,0,0,0,0,0,0,0,0,0,0,0,0,0,0,0,0,0,0,0,0,294,16722,0,0,0,0
94487.819,16101,62,0,0,0,0,0,8,72971,44,93,0,0,0,0,0,0,0,0,0,0,0,0,0,0,0,0,0,0,0,0,0,0,294,16339,0,0,0,0
94504.759,16940,59,0,0,0,0,0,8,72780,44,93,0,0,0,0,0,0,0,0,0,0,0,0,0,0,0,0,0,0,0,0,0,0,307,16241,0,0,0,0
94521.857,17097,58,0,0,0,0,0,8,72907,44,93,0,0,0,0,0,0,0,0,0,0,0,0,0,0,0,0,0,0,0,0,0,0,294,16976,0,0,0,0
94538.043,16186,61,0,0,0,0,0,8,72962,44,93,0,0,0,0,0,0,0,0,0,0,0,0,0,0,0,0,0,0,0,0,0,0,331,22259,0,0,0,0
94554.855,16811,59,0,0,0,0,0,8,72784,44,93,0,0,0,0,0,0,0,0,0,0,0,0,0,0,0,0,0,0,0,0,0,0,282,11458,0,0,0,0
94571.719,16864,59,0,0,0,0,0,8,73150,44,93,0,0,0,0,0,0,0,0,0,0,0,0,0,0,0,0,0,0,0,0,0,0,287,16586,0,0,0,0
94588.009,16290,61,0,0,0,0,0,8,72823,44,93,0,0,0,0,0,0,0,0,0,0,0,0,0,0,0,0,0,0,0,0,0,0,354,22107,0,0,0,0
94605.081,17071,58,0,0,0,0,0,8,72797,44,93,0,0,0,0,0,0,0,0,0,0,0,0,0,0,0,0,0,0,0,0,0,0,242,9636,0,0,0,0
94621.746,16664,60,0,0,0,0,0,8,72865,44,93,0,0,0,0,0,0,0,0,0,0,0,0,0,0,0,0,0,0,0,0,0,0,300,18234,0,0,0,0
94638.372,16626,60,0,0,0,0,0,8,72804,44,93,0,0,0,0,0,0,0,0,0,0,0,0,0,0,0,0,0,0,0,0,0,0,309,17458,0,0,0,0
94655.027,16654,60,0,0,0,0,0,8,72670,44,93,0,0,0,0,0,0,0,0,0,0,0,0,0,0,0,0,0,0,0,0,0,0,289,14551,0,0,0,0
94671.854,16827,59,0,0,0,0,0,8,72714,44,93,0,0,0,0,0,0,0,0,0,0,0,0,0,0,0,0,0,0,0,0,0,0,316,16765,0,0,0,0
94688.307,16452,60,0,0,0,0,0,8,73030,44,93,0,0,0,0,0,0,0,0,0,0,0,0,0,0,0,0,0,0,0,0,0,0,303,17414,0,0,0,0
94704.865,16558,60,0,0,0,0,0,8,72893,44,93,0,0,0,0,0,0,0,0,0,0,0,0,0,0,0,0,0,0,0,0,0,0,320,21046,0,0,0,0
94721.526,16660,60,0,0,0,0,0,8,70978,44,93,0,0,0,0,0,0,0,0,0,0,0,0,0,0,0,0,0,0,0,0,0,0,281,13540,0,0,0,0
94738.196,16669,59,0,0,0,0,0,8,70897,44,93,0,0,0,0,0,0,0,0,0,0,0,0,0,0,0,0,0,0,0,0,0,0,299,16110,0,0,0,0
94754.859,16663,60,0,0,0,0,0,8,70846,44,93,0,0,0,0,0,0,0,0,0,0,0,0,0,0,0,0,0,0,0,0,0,0,318,16977,0,0,0,0
94772.246,17387,57,0,0,0,0,0,8,70930,44,93,0,0,0,0,0,0,0,0,0,0,0,0,0,0,0,0,0,0,0,0,0,0,296,14971,0,0,0,0
94788.332,16086,62,0,0,0,0,0,8,71144,44,93,0,0,0,0,0,0,0,0,0,0,0,0,0,0,0,0,0,0,0,0,0,0,312,17933,0,0,0,0
94804.851,16518,60,0,0,0,0,0,8,70739,44,93,0,0,0,0,0,0,0,0,0,0,0,0,0,0,0,0,0,0,0,0,0,0,297,19634,0,0,0,0
94821.851,17000,58,0,0,0,0,0,8,70678,44,93,0,0,0,0,0,0,0,0,0,0,0,0,0,0,0,0,0,0,0,0,0,0,326,14297,0,0,0,0
94838.247,16395,60,0,0,0,0,0,8,70730,44,93,0,0,0,0,0,0,0,0,0,0,0,0,0,0,0,0,0,0,0,0,0,0,295,15405,0,0,0,0
94854.765,16518,60,0,0,0,0,0,8,70620,44,93,0,0,0,0,0,0,0,0,0,0,0,0,0,0,0,0,0,0,0,0,0,0,319,20315,0,0,0,0
94871.713,16947,59,0,0,0,0,0,8,70692,44,93,0,0,0,0,0,0,0,0,0,0,0,0,0,0,0,0,0,0,0,0,0,0,308,14805,0,0,0,0
94888.238,16524,60,0,0,0,0,0,8,71017,44,93,0,0,0,0,0,0,0,0,0,0,0,0,0,0,0,0,0,0,0,0,0,0,306,20914,0,0,0,0
94904.712,16474,60,0,0,0,0,0,8,70590,44,93,0,0,0,0,0,0,0,0,0,0,0,0,0,0,0,0,0,0,0,0,0,0,252,9928,0,0,0,0
94921.710,16997,58,0,0,0,0,0,8,70647,44,93,0,0,0,0,0,0,0,0,0,0,0,0,0,0,0,0,0,0,0,0,0,0,317,17134,0,0,0,0
94937.998,16288,61,0,0,0,0,0,8,70665,44,93,0,0,0,0,0,0,0,0,0,0,0,0,0,0,0,0,0,0,0,0,0,0,312,19053,0,0,0,0
94954.716,16718,59,0,0,0,0,0,8,72250,44,93,0,0,0,0,0,0,0,0,0,0,0,0,0,0,0,0,0,0,0,0,0,0,289,13499,0,0,0,0
94971.847,17131,58,0,0,0,0,0,8,72370,44,93,0,0,0,0,0,0,0,0,0,0,0,0,0,0,0,0,0,0,0,0,0,0,302,17081,0,0,0,0
94988.451,16603,60,0,0,0,0,0,8,72258,44,93,0,0,0,0,0,0,0,0,0,0,0,0,0,0,0,0,0,0,0,0,0,0,296,17377,0,0,0,0
95005.722,17271,57,0,0,0,0,0,8,72606,44,93,0,0,0,0,0,0,0,0,0,0,0,0,0,0,0,0,0,0,0,0,0,0,299,15992,0,0,0,0
95021.739,16016,62,0,0,0,0,0,8,72281,44,93,0,0,0,0,0,0,0,0,0,0,0,0,0,0,0,0,0,0,0,0,0,0,355,19533,0,0,0,0
95038.736,16997,58,0,0,0,0,0,8,72276,44,93,0,0,0,0,0,0,0,0,0,0,0,0,0,0,0,0,0,0,0,0,0,0,295,14117,0,0,0,0
95055.113,16377,61,0,0,0,0,0,8,72226,44,93,0,0,0,0,0,0,0,0,0,0,0,0,0,0,0,0,0,0,0,0,0,0,315,23103,0,0,0,0
95071.360,16246,61,0,0,0,0,0,8,72225,44,93,0,0,0,0,0,0,0,0,0,0,0,0,0,0,0,0,0,0,0,0,0,0,262,10990,0,0,0,0
95088.716,17356,57,0,0,0,0,0,8,72278,44,93,0,0,0,0,0,0,0,0,0,0,0,0,0,0,0,0,0,0,0,0,0,0,299,16101,0,0,0,0
95104.749,16032,62,0,0,0,0,0,8,72440,44,93,0,0,0,0,0,0,0,0,0,0,0,0,0,0,0,0,0,0,0,0,0,0,319,18194,0,0,0,0
95121.581,16831,59,0,0,0,0,0,8,72223,44,93,0,0,0,0,0,0,0,0,0,0,0,0,0,0,0,0,0,0,0,0,0,0,304,17010,0,0,0,0
95138.234,16652,60,0,0,0,0,0,8,72174,44,93,0,0,0,0,0,0,0,0,0,0,0,0,0,0,0,0,0,0,0,0,0,0,299,14761,0,0,0,0
95154.196,15962,62,0,0,0,0,0,8,72147,44,93,0,0,0,0,0,0,0,0,0,0,0,0,0,0,0,0,0,0,0,0,0,0,326,16183,0,0,0,0
95171.711,17514,57,0,0,0,0,0,8,72213,44,93,0,0,0,0,0,0,0,0,0,0,0,0,0,0,0,0,0,0,0,0,0,0,297,19823,0,0,0,0
95187.964,16253,61,0,0,0,0,0,8,72283,44,93,0,0,0,0,0,0,0,0,0,0,0,0,0,0,0,0,0,0,0,0,0,0,281,14145,0,0,0,0
95204.631,16667,59,0,0,0,0,0,8,72139,44,93,0,0,0,0,0,0,0,0,0,0,0,0,0,0,0,0,0,0,0,0,0,0,280,16199,0,0,0,0
95221.740,17108,58,0,0,0,0,0,8,70711,44,93,0,0,0,0,0,0,0,0,0,0,0,0,0,0,0,0,0,0,0,0,0,0,319,16716,0,0,0,0
95238.718,16978,58,0,0,0,0,0,8,70486,44,93,0,0,0,0,0,0,0,0,0,0,0,0,0,0,0,0,0,0,0,0,0,0,344,18969,0,0,0,0
95255.044,16325,61,0,0,0,0,0,8,70341,44,93,0,0,0,0,0,0,0,0,0,0,0,0,0,0,0,0,0,0,0,0,0,0,354,16419,0,0,0,0
95271.875,16830,59,0,0,0,0,0,8,70386,44,93,0,0,0,0,0,0,0,0,0,0,0,0,0,0,0,0,0,0,0,0,0,0,297,14268,0,0,0,0
95288.722,16847,59,0,0,0,0,0,8,70340,44,93,0,0,0,0,0,0,0,0,0,0,0,0,0,0,0,0,0,0,0,0,0,0,332,17583,0,0,0,0
95305.709,16987,58,0,0,0,0,0,8,70157,44,93,0,0,0,0,0,0,0,0,0,0,0,0,0,0,0,0,0,0,0,0,0,0,317,15985,0,0,0,0
95321.711,16001,62,0,0,0,0,0,8,70627,44,93,0,0,0,0,0,0,0,0,0,0,0,0,0,0,0,0,0,0,0,0,0,0,327,19417,0,0,0,0
95338.106,16395,60,0,0,0,0,0,8,70310,44,93,0,0,0,0,0,0,0,0,0,0,0,0,0,0,0,0,0,0,0,0,0,0,282,13965,0,0,0,0
95354.845,16738,59,0,0,0,0,0,8,70209,44,93,0,0,0,0,0,0,0,0,0,0,0,0,0,0,0,0,0,0,0,0,0,0,361,17493,0,0,0,0
95371.346,16501,60,0,0,0,0,0,8,72006,44,93,0,0,0,0,0,0,0,0,0,0,0,0,0,0,0,0,0,0,0,0,0,0,319,15787,0,0,0,0
95388.711,17364,57,0,0,0,0,0,8,71952,44,93,0,0,0,0,0,0,0,0,0,0,0,0,0,0,0,0,0,0,0,0,0,0,317,17406,0,0,0,0
95405.039,16328,61,0,0,0,0,0,8,71882,44,93,0,0,0,0,0,0,0,0,0,0,0,0,0,0,0,0,0,0,0,0,0,0,303,15808,0,0,0,0
95421.397,16357,61,0,0,0,0,0,8,71999,44,93,0,0,0,0,0,0,0,0,0,0,0,0,0,0,0,0,0,0,0,0,0,0,307,16593,0,0,0,0
95437.905,16508,60,0,0,0,0,0,8,72329,44,93,0,0,0,0,0,0,0,0,0,0,0,0,0,0,0,0,0,0,0,0,0,0,308,20870,0,0,0,0
95455.709,17804,56,0,0,0,0,0,8,73145,44,93,0,0,0,0,0,0,0,0,0,0,0,0,0,0,0,0,0,0,0,0,0,0,288,12173,0,0,0,0
95471.711,16002,62,0,0,0,0,0,8,71834,44,93,0,0,0,0,0,0,0,0,0,0,0,0,0,0,0,0,0,0,0,0,0,0,350,18910,0,0,0,0
95487.965,16254,61,0,0,0,0,0,8,71986,44,93,0,0,0,0,0,0,0,0,0,0,0,0,0,0,0,0,0,0,0,0,0,0,299,15383,0,0,0,0
95504.352,16386,61,0,0,0,0,0,8,71839,44,93,0,0,0,0,0,0,0,0,0,0,0,0,0,0,0,0,0,0,0,0,0,0,301,20068,0,0,0,0
95521.680,17328,57,0,0,0,0,0,8,71935,44,93,0,0,0,0,0,0,0,0,0,0,0,0,0,0,0,0,0,0,0,0,0,0,305,12369,0,0,0,0
95538.320,16639,60,0,0,0,0,0,8,72254,44,93,0,0,0,0,0,0,0,0,0,0,0,0,0,0,0,0,0,0,0,0,0,0,326,18380,0,0,0,0
95555.092,16772,59,0,0,0,0,0,8,71847,44,93,0,0,0,0,0,0,0,0,0,0,0,0,0,0,0,0,0,0,0,0,0,0,290,14960,0,0,0,0
95571.285,16192,61,0,0,0,0,0,8,71914,44,93,0,0,0,0,0,0,0,0,0,0,0,0,0,0,0,0,0,0,0,0,0,0,313,17573,0,0,0,0
95588.296,17011,58,0,0,0,0,0,8,71954,44,93,0,0,0,0,0,0,0,0,0,0,0,0,0,0,0,0,0,0,0,0,0,0,312,17749,0,0,0,0
95605.027,16731,59,0,0,0,0,0,8,71794,44,93,0,0,0,0,0,0,0,0,0,0,0,0,0,0,0,0,0,0,0,0,0,0,285,17179,0,0,0,0
95621.706,16678,59,0,0,0,0,0,8,71826,44,93,0,0,0,0,0,0,0,0,0,0,0,0,0,0,0,0,0,0,0,0,0,0,309,19939,0,0,0,0
95638.236,16529,60,0,0,0,0,0,8,70161,44,93,0,0,0,0,0,0,0,0,0,0,0,0,0,0,0,0,0,0,0,0,0,0,283,13188,0,0,0,0
95655.239,17003,58,0,0,0,0,0,8,70411,44,93,0,0,0,0,0,0,0,0,0,0,0,0,0,0,0,0,0,0,0,0,0,0,302,14745,0,0,0,0
95671.411,16171,61,0,0,0,0,0,8,70127,44,93,0,0,0,0,0,0,0,0,0,0,0,0,0,0,0,0,0,0,0,0,0,0,318,16547,0,0,0,0
95688.184,16772,59,0,0,0,0,0,8,70195,44,93,0,0,0,0,0,0,0,0,0,0,0,0,0,0,0,0,0,0,0,0,0,0,288,16473,0,0,0,0
95704.845,16660,60,0,0,0,0,0,8,70001,44,93,0,0,0,0,0,0,0,0,0,0,0,0,0,0,0,0,0,0,0,0,0,0,318,16744,0,0,0,0
95721.712,16867,59,0,0,0,0,0,8,70163,44,93,0,0,0,0,0,0,0,0,0,0,0,0,0,0,0,0,0,0,0,0,0,0,380,24360,0,0,0,0
95738.231,16519,60,0,0,0,0,0,8,70218,44,93,0,0,0,0,0,0,0,0,0,0,0,0,0,0,0,0,0,0,0,0,0,0,317,11477,0,0,0,0
95755.269,17037,58,0,0,0,0,0,8,70166,44,93,0,0,0,0,0,0,0,0,0,0,0,0,0,0,0,0,0,0,0,0,0,0,290,13785,0,0,0,0
95771.368,16099,62,0,0,0,0,0,8,70465,44,93,0,0,0,0,0,0,0,0,0,0,0,0,0,0,0,0,0,0,0,0,0,0,285,18066,0,0,0,0
95787.943,16575,60,0,0,0,0,0,8,70117,44,93,0,0,0,0,0,0,0,0,0,0,0,0,0,0,0,0,0,0,0,0,0,0,289,20015,0,0,0,0
95805.704,17760,56,0,0,0,0,0,8,70280,44,93,0,0,0,0,0,0,0,0,0,0,0,0,0,0,0,0,0,0,0,0,0,0,314,13408,0,0,0,0
95821.617,15913,62,0,0,0,0,0,8,70545,44,93,0,0,0,0,0,0,0,0,0,0,0,0,0,0,0,0,0,0,0,0,0,0,317,18459,0,0,0,0
95838.707,17090,58,0,0,0,0,0,8,70337,44,93,0,0,0,0,0,0,0,0,0,0,0,0,0,0,0,0,0,0,0,0,0,0,317,17134,0,0,0,0
95854.844,16136,61,0,0,0,0,0,8,70162,44,93,0,0,0,0,0,0,0,0,0,0,0,0,0,0,0,0,0,0,0,0,0,0,295,13169,0,0,0,0
95871.445,16601,60,0,0,0,0,0,8,70242,44,93,0,0,0,0,0,0,0,0,0,0,0,0,0,0,0,0,0,0,0,0,0,0,337,17977,0,0,0,0
95888.713,17267,57,0,0,0,0,0,8,70555,44,93,0,0,0,0,0,0,0,0,0,0,0,0,0,0,0,0,0,0,0,0,0,0,306,17365,0,0,0,0
95904.251,15538,64,0,0,0,0,0,8,69911,44,93,0,0,0,0,0,0,0,0,0,0,0,0,0,0,0,0,0,0,0,0,0,0,314,17628,0,0,0,0
95921.410,17158,58,0,0,0,0,0,8,70007,44,93,0,0,0,0,0,0,0,0,0,0,0,0,0,0,0,0,0,0,0,0,0,0,314,14147,0,0,0,0
95937.808,16398,60,0,0,0,0,0,8,69988,44,93,0,0,0,0,0,0,0,0,0,0,0,0,0,0,0,0,0,0,0,0,0,0,307,16636,0,0,0,0
95954.679,16870,59,0,0,0,0,0,8,69987,44,93,0,0,0,0,0,0,0,0,0,0,0,0,0,0,0,0,0,0,0,0,0,0,336,16260,0,0,0,0
95972.705,18026,55,0,0,0,0,0,8,70016,44,93,0,0,0,0,0,0,0,0,0,0,0,0,0,0,0,0,0,0,0,0,0,0,341,21815,0,0,0,0
95988.014,15309,65,0,0,0,0,0,8,70068,44,93,0,0,0,0,0,0,0,0,0,0,0,0,0,0,0,0,0,0,0,0,0,0,309,14215,0,0,0,0
96004.836,16821,59,0,0,0,0,0,8,69935,44,93,0,0,0,0,0,0,0,0,0,0,0,0,0,0,0,0,0,0,0,0,0,0,316,14851,0,0,0,0
96021.661,16825,59,0,0,0,0,0,8,70461,44,93,0,0,0,0,0,0,0,0,0,0,0,0,0,0,0,0,0,0,0,0,0,0,298,20673,0,0,0,0
96038.250,16588,60,0,0,0,0,0,8,70036,44,93,0,0,0,0,0,0,0,0,0,0,0,0,0,0,0,0,0,0,0,0,0,0,293,14709,0,0,0,0
96054.750,16500,60,0,0,0,0,0,8,69899,44,93,0,0,0,0,0,0,0,0,0,0,0,0,0,0,0,0,0,0,0,0,0,0,294,13651,0,0,0,0
96071.713,16962,58,0,0,0,0,0,8,73186,44,93,0,0,0,0,0,0,0,0,0,0,0,0,0,0,0,0,0,0,0,0,0,0,309,16828,0,0,0,0
96087.996,16283,61,0,0,0,0,0,8,71811,44,93,0,0,0,0,0,0,0,0,0,0,0,0,0,0,0,0,0,0,0,0,0,0,337,18727,0,0,0,0
96104.858,16861,59,0,0,0,0,0,8,71552,44,93,0,0,0,0,0,0,0,0,0,0,0,0,0,0,0,0,0,0,0,0,0,0,276,14033,0,0,0,0
96121.704,16846,59,0,0,0,0,0,8,71740,44,93,0,0,0,0,0,0,0,0,0,0,0,0,0,0,0,0,0,0,0,0,0,0,347,19291,0,0,0,0
96138.356,16651,60,0,0,0,0,0,8,71740,44,93,0,0,0,0,0,0,0,0,0,0,0,0,0,0,0,0,0,0,0,0,0,0,306,14284,0,0,0,0
96155.708,17352,57,0,0,0,0,0,8,71560,44,93,0,0,0,0,0,0,0,0,0,0,0,0,0,0,0,0,0,0,0,0,0,0,316,18108,0,0,0,0
96171.850,16142,61,0,0,0,0,0,8,72117,44,93,0,0,0,0,0,0,0,0,0,0,0,0,0,0,0,0,0,0,0,0,0,0,324,21254,0,0,0,0
96188.418,16567,60,0,0,0,0,0,8,71706,44,93,0,0,0,0,0,0,0,0,0,0,0,0,0,0,0,0,0,0,0,0,0,0,305,17915,0,0,0,0
96204.769,16351,61,0,0,0,0,0,8,71649,44,93,0,0,0,0,0,0,0,0,0,0,0,0,0,0,0,0,0,0,0,0,0,0,309,15907,0,0,0,0
96221.572,16803,59,0,0,0,0,0,8,71741,44,93,0,0,0,0,0,0,0,0,0,0,0,0,0,0,0,0,0,0,0,0,0,0,270,10523,0,0,0,0
96237.767,16194,61,0,0,0,0,0,8,71766,44,93,0,0,0,0,0,0,0,0,0,0,0,0,0,0,0,0,0,0,0,0,0,0,314,22079,0,0,0,0
96254.591,16824,59,0,0,0,0,0,8,71654,44,93,0,0,0,0,0,0,0,0,0,0,0,0,0,0,0,0,0,0,0,0,0,0,266,14650,0,0,0,0
96272.227,17636,56,0,0,0,0,0,8,71689,44,93,0,0,0,0,0,0,0,0,0,0,0,0,0,0,0,0,0,0,0,0,0,0,313,14605,0,0,0,0
96288.343,16115,62,0,0,0,0,0,8,71847,44,93,0,0,0,0,0,0,0,0,0,0,0,0,0,0,0,0,0,0,0,0,0,0,347,15972,0,0,0,0
96305.227,16883,59,0,0,0,0,0,8,71649,44,93,0,0,0,0,0,0,0,0,0,0,0,0,0,0,0,0,0,0,0,0,0,0,318,16164,0,0,0,0
96321.065,15839,63,0,0,0,0,0,8,71697,44,93,0,0,0,0,0,0,0,0,0,0,0,0,0,0,0,0,0,0,0,0,0,0,324,17320,0,0,0,0
96337.771,16705,59,0,0,0,0,0,8,72030,44,93,0,0,0,0,0,0,0,0,0,0,0,0,0,0,0,0,0,0,0,0,0,0,314,19456,0,0,0,0
96354.834,17062,58,0,0,0,0,0,8,71680,44,93,0,0,0,0,0,0,0,0,0,0,0,0,0,0,0,0,0,0,0,0,0,0,290,12258,0,0,0,0
96371.698,16864,59,0,0,0,0,0,8,71758,44,93,0,0,0,0,0,0,0,0,0,0,0,0,0,0,0,0,0,0,0,0,0,0,311,20060,0,0,0,0
96388.272,16574,60,0,0,0,0,0,8,71781,44,93,0,0,0,0,0,0,0,0,0,0,0,0,0,0,0,0,0,0,0,0,0,0,342,16659,0,0,0,0
96405.713,17440,57,0,0,0,0,0,8,71605,44,93,0,0,0,0,0,0,0,0,0,0,0,0,0,0,0,0,0,0,0,0,0,0,287,14351,0,0,0,0
96421.384,15670,63,0,0,0,0,0,8,71839,44,93,0,0,0,0,0,0,0,0,0,0,0,0,0,0,0,0,0,0,0,0,0,0,303,18379,0,0,0,0
96437.946,16561,60,0,0,0,0,0,8,72003,44,93,0,0,0,0,0,0,0,0,0,0,0,0,0,0,0,0,0,0,0,0,0,0,295,16778,0,0,0,0
96455.061,17115,58,0,0,0,0,0,8,71935,44,93,0,0,0,0,0,0,0,0,0,0,0,0,0,0,0,0,0,0,0,0,0,0,292,14432,0,0,0,0
96471.278,16216,61,0,0,0,0,0,8,71895,44,93,0,0,0,0,0,0,0,0,0,0,0,0,0,0,0,0,0,0,0,0,0,0,334,19191,0,0,0,0
96488.376,17097,58,0,0,0,0,0,8,71859,44,93,0,0,0,0,0,0,0,0,0,0,0,0,0,0,0,0,0,0,0,0,0,0,274,14990,0,0,0,0
96504.990,16614,60,0,0,0,0,0,8,72017,44,93,0,0,0,0,0,0,0,0,0,0,0,0,0,0,0,0,0,0,0,0,0,0,310,16190,0,0,0,0
96521.286,16296,61,0,0,0,0,0,8,72152,44,93,0,0,0,0,0,0,0,0,0,0,0,0,0,0,0,0,0,0,0,0,0,0,313,17945,0,0,0,0
96538.363,17077,58,0,0,0,0,0,8,71790,44,93,0,0,0,0,0,0,0,0,0,0,0,0,0,0,0,0,0,0,0,0,0,0,325,16591,0,0,0,0
96555.224,16860,59,0,0,0,0,0,8,71639,44,93,0,0,0,0,0,0,0,0,0,0,0,0,0,0,0,0,0,0,0,0,0,0,284,16172,0,0,0,0
96571.395,16171,61,0,0,0,0,0,8,71879,44,93,0,0,0,0,0,0,0,0,0,0,0,0,0,0,0,0,0,0,0,0,0,0,291,21252,0,0,0,0
96588.285,16889,59,0,0,0,0,0,8,71709,44,93,0,0,0,0,0,0,0,0,0,0,0,0,0,0,0,0,0,0,0,0,0,0,288,12064,0,0,0,0
96604.869,16584,60,0,0,0,0,0,8,71563,44,93,0,0,0,0,0,0,0,0,0,0,0,0,0,0,0,0,0,0,0,0,0,0,297,15526,0,0,0,0
96621.331,16461,60,0,0,0,0,0,8,71682,44,93,0,0,0,0,0,0,0,0,0,0,0,0,0,0,0,0,0,0,0,0,0,0,320,18258,0,0,0,0
96638.698,17366,57,0,0,0,0,0,8,71632,44,93,0,0,0,0,0,0,0,0,0,0,0,0,0,0,0,0,0,0,0,0,0,0,284,18773,0,0,0,0
96654.938,16240,61,0,0,0,0,0,8,71600,44,93,0,0,0,0,0,0,0,0,0,0,0,0,0,0,0,0,0,0,0,0,0,0,304,13291,0,0,0,0
96671.847,16909,59,0,0,0,0,0,8,71601,44,93,0,0,0,0,0,0,0,0,0,0,0,0,0,0,0,0,0,0,0,0,0,0,311,16678,0,0,0,0
96688.100,16253,61,0,0,0,0,0,8,71747,44,93,0,0,0,0,0,0,0,0,0,0,0,0,0,0,0,0,0,0,0,0,0,0,355,18399,0,0,0,0
96705.225,17124,58,0,0,0,0,0,8,71618,44,93,0,0,0,0,0,0,0,0,0,0,0,0,0,0,0,0,0,0,0,0,0,0,446,15464,0,0,0,0
96721.420,16194,61,0,0,0,0,0,8,71572,44,93,0,0,0,0,0,0,0,0,0,0,0,0,0,0,0,0,0,0,0,0,0,0,309,21560,0,0,0,0
96738.381,16960,58,0,0,0,0,0,8,71825,44,93,0,0,0,0,0,0,0,0,0,0,0,0,0,0,0,0,0,0,0,0,0,0,290,12316,0,0,0,0
96754.830,16448,60,0,0,0,0,0,8,71433,44,93,0,0,0,0,0,0,0,0,0,0,0,0,0,0,0,0,0,0,0,0,0,0,286,15164,0,0,0,0
96771.735,16905,59,0,0,0,0,0,8,71585,44,93,0,0,0,0,0,0,0,0,0,0,0,0,0,0,0,0,0,0,0,0,0,0,308,18140,0,0,0,0
96787.957,16221,61,0,0,0,0,0,8,71516,44,93,0,0,0,0,0,0,0,0,0,0,0,0,0,0,0,0,0,0,0,0,0,0,328,17428,0,0,0,0
96804.839,16882,59,0,0,0,0,0,8,70732,44,93,0,0,0,0,0,0,0,0,0,0,0,0,0,0,0,0,0,0,0,0,0,0,299,14307,0,0,0,0
96821.698,16859,59,0,0,0,0,0,8,71507,44,93,0,0,0,0,0,0,0,0,0,0,0,0,0,0,0,0,0,0,0,0,0,0,330,18620,0,0,0,0
96838.011,16312,61,0,0,0,0,0,8,71562,44,93,0,0,0,0,0,0,0,0,0,0,0,0,0,0,0,0,0,0,0,0,0,0,305,17741,0,0,0,0
96854.838,16826,59,0,0,0,0,0,8,71471,44,93,0,0,0,0,0,0,0,0,0,0,0,0,0,0,0,0,0,0,0,0,0,0,277,14886,0,0,0,0
96871.354,16516,60,0,0,0,0,0,8,69828,44,93,0,0,0,0,0,0,0,0,0,0,0,0,0,0,0,0,0,0,0,0,0,0,297,16116,0,0,0,0
96888.696,17342,57,0,0,0,0,0,8,69909,44,93,0,0,0,0,0,0,0,0,0,0,0,0,0,0,0,0,0,0,0,0,0,0,324,16665,0,0,0,0
96904.841,16144,61,0,0,0,0,0,8,69676,44,93,0,0,0,0,0,0,0,0,0,0,0,0,0,0,0,0,0,0,0,0,0,0,310,16566,0,0,0,0
96921.718,16876,59,0,0,0,0,0,8,69100,44,93,0,0,0,0,0,0,0,0,0,0,0,0,0,0,0,0,0,0,0,0,0,0,298,16035,0,0,0,0
96937.918,16200,61,0,0,0,0,0,8,69878,44,93,0,0,0,0,0,0,0,0,0,0,0,0,0,0,0,0,0,0,0,0,0,0,381,23655,0,0,0,0
96954.849,16930,59,0,0,0,0,0,8,69035,44,93,0,0,0,0,0,0,0,0,0,0,0,0,0,0,0,0,0,0,0,0,0,0,320,15790,0,0,0,0
96971.690,16841,59,0,0,0,0,0,8,69850,44,93,0,0,0,0,0,0,0,0,0,0,0,0,0,0,0,0,0,0,0,0,0,0,281,17710,0,0,0,0
96988.293,16602,60,0,0,0,0,0,8,69091,44,93,0,0,0,0,0,0,0,0,0,0,0,0,0,0,0,0,0,0,0,0,0,0,324,11141,0,0,0,0
97005.706,17413,57,0,0,0,0,0,8,69742,44,93,0,0,0,0,0,0,0,0,0,0,0,0,0,0,0,0,0,0,0,0,0,0,285,16291,0,0,0,0
97021.693,15986,62,0,0,0,0,0,8,69155,44,93,0,0,0,0,0,0,0,0,0,0,0,0,0,0,0,0,0,0,0,0,0,0,315,22135,0,0,0,0
97038.114,16421,60,0,0,0,0,0,8,69851,44,93,0,0,0,0,0,0,0,0,0,0,0,0,0,0,0,0,0,0,0,0,0,0,268,10205,0,0,0,0
97055.700,17586,56,0,0,0,0,0,8,69367,44,93,0,0,0,0,0,0,0,0,0,0,0,0,0,0,0,0,0,0,0,0,0,0,306,16486,0,0,0,0
97071.692,15992,62,0,0,0,0,0,8,69815,44,93,0,0,0,0,0,0,0,0,0,0,0,0,0,0,0,0,0,0,0,0,0,0,312,18605,0,0,0,0
97087.863,16170,61,0,0,0,0,0,8,69185,44,93,0,0,0,0,0,0,0,0,0,0,0,0,0,0,0,0,0,0,0,0,0,0,303,16192,0,0,0,0
97104.637,16773,59,0,0,0,0,0,8,69882,44,93,0,0,0,0,0,0,0,0,0,0,0,0,0,0,0,0,0,0,0,0,0,0,306,15379,0,0,0,0
97121.843,17206,58,0,0,0,0,0,8,69206,44,93,0,0,0,0,0,0,0,0,0,0,0,0,0,0,0,0,0,0,0,0,0,0,303,17551,0,0,0,0
97138.696,16852,59,0,0,0,0,0,8,69801,44,93,0,0,0,0,0,0,0,0,0,0,0,0,0,0,0,0,0,0,0,0,0,0,389,19409,0,0,0,0
97154.843,16147,61,0,0,0,0,0,8,69023,44,93,0,0,0,0,0,0,0,0,0,0,0,0,0,0,0,0,0,0,0,0,0,0,329,13379,0,0,0,0
97171.722,16878,59,0,0,0,0,0,8,69865,44,93,0,0,0,0,0,0,0,0,0,0,0,0,0,0,0,0,0,0,0,0,0,0,355,19041,0,0,0,0
97187.917,16195,61,0,0,0,0,0,8,69124,44,93,0,0,0,0,0,0,0,0,0,0,0,0,0,0,0,0,0,0,0,0,0,0,369,21042,0,0,0,0
97204.994,17076,58,0,0,0,0,0,8,69818,44,93,0,0,0,0,0,0,0,0,0,0,0,0,0,0,0,0,0,0,0,0,0,0,282,14558,0,0,0,0
97221.467,16473,60,0,0,0,0,0,8,69074,44,93,0,0,0,0,0,0,0,0,0,0,0,0,0,0,0,0,0,0,0,0,0,0,318,13846,0,0,0,0
97238.692,17224,58,0,0,0,0,0,8,69126,44,93,0,0,0,0,0,0,0,0,0,0,0,0,0,0,0,0,0,0,0,0,0,0,290,14305,0,0,0,0
97254.830,16138,61,0,0,0,0,0,8,69750,44,93,0,0,0,0,0,0,0,0,0,0,0,0,0,0,0,0,0,0,0,0,0,0,297,17399,0,0,0,0
97271.264,16434,60,0,0,0,0,0,8,69070,44,93,0,0,0,0,0,0,0,0,0,0,0,0,0,0,0,0,0,0,0,0,0,0,344,18860,0,0,0,0
97288.209,16944,59,0,0,0,0,0,8,69107,44,93,0,0,0,0,0,0,0,0,0,0,0,0,0,0,0,0,0,0,0,0,0,0,302,18502,0,0,0,0
97304.825,16616,60,0,0,0,0,0,8,69699,44,93,0,0,0,0,0,0,0,0,0,0,0,0,0,0,0,0,0,0,0,0,0,0,272,13256,0,0,0,0
97321.838,17013,58,0,0,0,0,0,8,69111,44,93,0,0,0,0,0,0,0,0,0,0,0,0,0,0,0,0,0,0,0,0,0,0,304,17560,0,0,0,0
97338.409,16570,60,0,0,0,0,0,8,69117,44,93,0,0,0,0,0,0,0,0,0,0,0,0,0,0,0,0,0,0,0,0,0,0,316,16786,0,0,0,0
97354.808,16398,60,0,0,0,0,0,8,68986,44,93,0,0,0,0,0,0,0,0,0,0,0,0,0,0,0,0,0,0,0,0,0,0,306,14674,0,0,0,0
97371.697,16889,59,0,0,0,0,0,8,71567,44,93,0,0,0,0,0,0,0,0,0,0,0,0,0,0,0,0,0,0,0,0,0,0,301,17877,0,0,0,0
97387.975,16278,61,0,0,0,0,0,8,70789,44,93,0,0,0,0,0,0,0,0,0,0,0,0,0,0,0,0,0,0,0,0,0,0,313,19918,0,0,0,0
97404.888,16912,59,0,0,0,0,0,8,70727,44,93,0,0,0,0,0,0,0,0,0,0,0,0,0,0,0,0,0,0,0,0,0,0,302,13252,0,0,0,0
97421.301,16412,60,0,0,0,0,0,8,70846,44,93,0,0,0,0,0,0,0,0,0,0,0,0,0,0,0,0,0,0,0,0,0,0,298,16822,0,0,0,0
97438.202,16901,59,0,0,0,0,0,8,71520,44,93,0,0,0,0,0,0,0,0,0,0,0,0,0,0,0,0,0,0,0,0,0,0,292,17752,0,0,0,0
97455.212,17010,58,0,0,0,0,0,8,70758,44,93,0,0,0,0,0,0,0,0,0,0,0,0,0,0,0,0,0,0,0,0,0,0,295,15645,0,0,0,0
97471.740,16527,60,0,0,0,0,0,8,70781,44,93,0,0,0,0,0,0,0,0,0,0,0,0,0,0,0,0,0,0,0,0,0,0,304,16188,0,0,0,0
97488.079,16339,61,0,0,0,0,0,8,70826,44,93,0,0,0,0,0,0,0,0,0,0,0,0,0,0,0,0,0,0,0,0,0,0,307,19945,0,0,0,0
97505.697,17617,56,0,0,0,0,0,8,71467,44,93,0,0,0,0,0,0,0,0,0,0,0,0,0,0,0,0,0,0,0,0,0,0,286,12130,0,0,0,0
97521.692,15995,62,0,0,0,0,0,8,70819,44,93,0,0,0,0,0,0,0,0,0,0,0,0,0,0,0,0,0,0,0,0,0,0,316,19355,0,0,0,0
97538.340,16647,60,0,0,0,0,0,8,70802,44,93,0,0,0,0,0,0,0,0,0,0,0,0,0,0,0,0,0,0,0,0,0,0,318,15648,0,0,0,0
97554.833,16492,60,0,0,0,0,0,8,70735,44,93,0,0,0,0,0,0,0,0,0,0,0,0,0,0,0,0,0,0,0,0,0,0,287,16384,0,0,0,0
97571.701,16869,59,0,0,0,0,0,8,71562,44,93,0,0,0,0,0,0,0,0,0,0,0,0,0,0,0,0,0,0,0,0,0,0,298,15699,0,0,0,0
97588.273,16571,60,0,0,0,0,0,8,70848,44,93,0,0,0,0,0,0,0,0,0,0,0,0,0,0,0,0,0,0,0,0,0,0,365,18943,0,0,0,0
97605.727,17453,57,0,0,0,0,0,8,70726,44,93,0,0,0,0,0,0,0,0,0,0,0,0,0,0,0,0,0,0,0,0,0,0,312,14050,0,0,0,0
97621.313,15586,64,0,0,0,0,0,8,71033,44,93,0,0,0,0,0,0,0,0,0,0,0,0,0,0,0,0,0,0,0,0,0,0,335,19555,0,0,0,0
97638.015,16701,59,0,0,0,0,0,8,66972,44,93,0,0,0,0,0,0,0,0,0,0,0,0,0,0,0,0,0,0,0,0,0,0,280,13660,0,0,0,0
97654.850,16835,59,0,0,0,0,0,8,66865,44,93,0,0,0,0,0,0,0,0,0,0,0,0,0,0,0,0,0,0,0,0,0,0,301,17933,0,0,0,0
97671.413,16563,60,0,0,0,0,0,8,66957,44,93,0,0,0,0,0,0,0,0,0,0,0,0,0,0,0,0,0,0,0,0,0,0,302,23294,0,0,0,0
97689.695,18282,54,0,0,0,0,0,8,66960,44,93,0,0,0,0,0,0,0,0,0,0,0,0,0,0,0,0,0,0,0,0,0,0,271,10876,0,0,0,0
97705.106,15410,64,0,0,0,0,0,8,66820,44,93,0,0,0,0,0,0,0,0,0,0,0,0,0,0,0,0,0,0,0,0,0,0,320,23070,0,0,0,0
97721.832,16725,59,0,0,0,0,0,8,66957,44,93,0,0,0,0,0,0,0,0,0,0,0,0,0,0,0,0,0,0,0,0,0,0,260,9075,0,0,0,0
97738.196,16363,61,0,0,0,0,0,8,66956,44,93,0,0,0,0,0,0,0,0,0,0,0,0,0,0,0,0,0,0,0,0,0,0,312,18287,0,0,0,0
97754.794,16598,60,0,0,0,0,0,8,66865,44,93,0,0,0,0,0,0,0,0,0,0,0,0,0,0,0,0,0,0,0,0,0,0,380,15732,0,0,0,0
97771.723,16928,59,0,0,0,0,0,8,66953,44,93,0,0,0,0,0,0,0,0,0,0,0,0,0,0,0,0,0,0,0,0,0,0,323,17870,0,0,0,0
97787.696,15973,62,0,0,0,0,0,8,66918,44,93,0,0,0,0,0,0,0,0,0,0,0,0,0,0,0,0,0,0,0,0,0,0,317,14211,0,0,0,0
97804.927,17230,58,0,0,0,0,0,8,66865,44,93,0,0,0,0,0,0,0,0,0,0,0,0,0,0,0,0,0,0,0,0,0,0,390,17885,0,0,0,0
97821.320,16393,61,0,0,0,0,0,8,66953,44,93,0,0,0,0,0,0,0,0,0,0,0,0,0,0,0,0,0,0,0,0,0,0,315,16575,0,0,0,0
97838.376,17056,58,0,0,0,0,0,8,66960,44,93,0,0,0,0,0,0,0,0,0,0,0,0,0,0,0,0,0,0,0,0,0,0,285,20097,0,0,0,0
97855.216,16839,59,0,0,0,0,0,8,66870,44,93,0,0,0,0,0,0,0,0,0,0,0,0,0,0,0,0,0,0,0,0,0,0,266,13061,0,0,0,0
97871.834,16618,60,0,0,0,0,0,8,66915,44,93,0,0,0,0,0,0,0,0,0,0,0,0,0,0,0,0,0,0,0,0,0,0,288,15917,0,0,0,0
97888.835,17001,58,0,0,0,0,0,8,66956,44,93,0,0,0,0,0,0,0,0,0,0,0,0,0,0,0,0,0,0,0,0,0,0,349,18544,0,0,0,0
97905.208,16372,61,0,0,0,0,0,8,66869,44,93,0,0,0,0,0,0,0,0,0,0,0,0,0,0,0,0,0,0,0,0,0,0,313,15400,0,0,0,0
97921.294,16086,62,0,0,0,0,0,8,66953,44,93,0,0,0,0,0,0,0,0,0,0,0,0,0,0,0,0,0,0,0,0,0,0,318,17550,0,0,0,0
97938.220,16925,59,0,0,0,0,0,8,66922,44,93,0,0,0,0,0,0,0,0,0,0,0,0,0,0,0,0,0,0,0,0,0,0,308,14979,0,0,0,0
97954.965,16744,59,0,0,0,0,0,8,66921,44,93,0,0,0,0,0,0,0,0,0,0,0,0,0,0,0,0,0,0,0,0,0,0,319,16573,0,0,0,0
97971.688,16723,59,0,0,0,0,0,8,67055,44,93,0,0,0,0,0,0,0,0,0,0,0,0,0,0,0,0,0,0,0,0,0,0,312,17153,0,0,0,0
97988.224,16535,60,0,0,0,0,0,8,328,44,93,0,0,0,0,0,0,0,0,0,0,0,0,0,0,0,0,0,0,0,0,0,0,0,0,0,0,0,0
98008.273,20048,49,0,0,0,0,0,8,69214,44,93,0,0,0,0,0,0,0,0,0,0,0,0,0,0,0,0,0,0,0,0,0,0,9180,45043,0,0,0,0
98213.544,205271,4,0,0,0,0,0,8,73417,19,98,0,0,0,0,0,0,0,0,0,0,0,0,0,0,0,0,0,0,0,0,0,0,0,205287,0,0,0,0
98226.209,12664,78,0,0,0,0,0,8,11296,5,98,0,0,0,0,0,0,0,0,0,0,0,0,0,0,0,0,0,0,0,0,0,0,89,89,0,0,0,0
98243.676,17467,57,0,0,0,0,0,8,12169,5,98,0,0,0,0,0,0,0,0,0,0,0,0,0,0,0,0,0,0,0,0,0,0,200,13703,0,0,0,0
98259.722,16046,62,0,0,0,0,0,8,4199,5,98,0,0,0,0,0,0,0,0,0,0,0,0,0,0,0,0,0,0,0,0,0,0,208,17961,0,0,0,0
98276.424,16701,59,0,0,0,0,0,8,7445,5,98,0,0,0,0,0,0,0,0,0,0,0,0,0,0,0,0,0,0,0,0,0,0,192,16061,0,0,0,0
98293.191,16767,59,0,0,0,0,0,8,4740,5,98,0,0,0,0,0,0,0,0,0,0,0,0,0,0,0,0,0,0,0,0,0,0,211,17208,0,0,0,0
98310.679,17487,57,0,0,0,0,0,8,760,5,98,0,0,0,0,0,0,0,0,0,0,0,0,0,0,0,0,0,0,0,0,0,0,209,16237,0,0,0,0
98326.351,15671,63,0,0,0,0,0,8,179,5,98,0,0,0,0,0,0,0,0,0,0,0,0,0,0,0,0,0,0,0,0,0,0,212,17498,0,0,0,0
98342.814,16463,60,0,0,0,0,0,8,47119,5,98,0,0,0,0,0,0,0,0,0,0,0,0,0,0,0,0,0,0,0,0,0,0,301,15262,0,0,0,0
98360.213,17399,57,0,0,0,0,0,8,8464,5,98,0,0,0,0,0,0,0,0,0,0,0,0,0,0,0,0,0,0,0,0,0,0,216,16854,0,0,0,0
98376.364,16151,61,0,0,0,0,0,8,18728,5,98,0,0,0,0,0,0,0,0,0,0,0,0,0,0,0,0,0,0,0,0,0,0,201,16883,0,0,0,0
98392.819,16455,60,0,0,0,0,0,8,23358,5,98,0,0,0,0,0,0,0,0,0,0,0,0,0,0,0,0,0,0,0,0,0,0,234,17224,0,0,0,0
98409.484,16664,60,0,0,0,0,0,8,126636,5,98,0,0,0,0,0,0,0,0,0,0,0,0,0,0,0,0,0,0,0,0,0,0,231,15970,0,0,0,0
98426.218,16734,59,0,0,0,0,0,8,39299,5,99,0,0,0,0,0,0,0,0,0,0,0,0,0,0,0,0,0,0,0,0,0,0,214,16076,0,0,0,0
98443.014,16795,59,0,0,0,0,0,8,331,5,99,0,0,0,0,0,0,0,0,0,0,0,0,0,0,0,0,0,0,0,0,0,0,219,17263,0,0,0,0
98460.238,17224,58,0,0,0,0,0,8,482,5,99,0,0,0,0,0,0,0,0,0,0,0,0,0,0,0,0,0,0,0,0,0,0,209,17302,0,0,0,0
98476.473,16234,61,0,0,0,0,0,8,178,5,99,0,0,0,0,0,0,0,0,0,0,0,0,0,0,0,0,0,0,0,0,0,0,224,16736,0,0,0,0
98492.821,16348,61,0,0,0,0,0,8,292,5,99,0,0,0,0,0,0,0,0,0,0,0,0,0,0,0,0,0,0,0,0,0,0,204,16206,0,0,0,0
98510.684,17862,55,0,0,0,0,0,8,236,5,99,0,0,0,0,0,0,0,0,0,0,0,0,0,0,0,0,0,0,0,0,0,0,213,16361,0,0,0,0
98525.903,15218,65,0,0,0,0,0,8,1247,5,99,0,0,0,0,0,0,0,0,0,0,0,0,0,0,0,0,0,0,0,0,0,0,220,17845,0,0,0,0
98542.690,16787,59,0,0,0,0,0,8,245,5,99,0,0,0,0,0,0,0,0,0,0,0,0,0,0,0,0,0,0,0,0,0,0,207,15207,0,0,0,0
98559.818,17128,58,0,0,0,0,0,8,1521,5,99,0,0,0,0,0,0,0,0,0,0,0,0,0,0,0,0,0,0,0,0,0,0,209,16807,0,0,0,0
98576.360,16541,60,0,0,0,0,0,8,195,5,99,0,0,0,0,0,0,0,0,0,0,0,0,0,0,0,0,0,0,0,0,0,0,210,17642,0,0,0,0
98593.677,17317,57,0,0,0,0,0,8,993,5,99,0,0,0,0,0,0,0,0,0,0,0,0,0,0,0,0,0,0,0,0,0,0,178,16001,0,0,0,0
98609.393,15715,63,0,0,0,0,0,8,1407,5,99,0,0,0,0,0,0,0,0,0,0,0,0,0,0,0,0,0,0,0,0,0,0,234,16868,0,0,0,0
98626.281,16887,59,0,0,0,0,0,8,1178,5,99,0,0,0,0,0,0,0,0,0,0,0,0,0,0,0,0,0,0,0,0,0,0,209,15660,0,0,0,0
98642.914,16633,60,0,0,0,0,0,8,470,5,99,0,0,0,0,0,0,0,0,0,0,0,0,0,0,0,0,0,0,0,0,0,0,204,16898,0,0,0,0
98659.859,16945,59,0,0,0,0,0,8,260,5,99,0,0,0,0,0,0,0,0,0,0,0,0,0,0,0,0,0,0,0,0,0,0,212,17147,0,0,0,0
98675.927,16068,62,0,0,0,0,0,8,1755,5,99,0,0,0,0,0,0,0,0,0,0,0,0,0,0,0,0,0,0,0,0,0,0,194,16444,0,0,0,0
98692.814,16886,59,0,0,0,0,0,8,878,5,99,0,0,0,0,0,0,0,0,0,0,0,0,0,0,0,0,0,0,0,0,0,0,213,16558,0,0,0,0
98710.045,17230,58,0,0,0,0,0,8,256,5,99,0,0,0,0,0,0,0,0,0,0,0,0,0,0,0,0,0,0,0,0,0,0,212,16892,0,0,0,0
98726.475,16430,60,0,0,0,0,0,8,183,5,99,0,0,0,0,0,0,0,0,0,0,0,0,0,0,0,0,0,0,0,0,0,0,190,16706,0,0,0,0
98742.914,16439,60,0,0,0,0,0,8,589,5,99,0,0,0,0,0,0,0,0,0,0,0,0,0,0,0,0,0,0,0,0,0,0,208,16451,0,0,0,0
98759.730,16815,59,0,0,0,0,0,8,447,5,99,0,0,0,0,0,0,0,0,0,0,0,0,0,0,0,0,0,0,0,0,0,0,210,17462,0,0,0,0
98776.260,16530,60,0,0,0,0,0,8,186,5,99,0,0,0,0,0,0,0,0,0,0,0,0,0,0,0,0,0,0,0,0,0,0,210,16826,0,0,0,0
98793.703,17442,57,0,0,0,0,0,8,1075,5,99,0,0,0,0,0,0,0,0,0,0,0,0,0,0,0,0,0,0,0,0,0,0,198,15997,0,0,0,0
98809.750,16046,62,0,0,0,0,0,8,244,5,99,0,0,0,0,0,0,0,0,0,0,0,0,0,0,0,0,0,0,0,0,0,0,221,17473,0,0,0,0
98826.289,16539,60,0,0,0,0,0,8,236,5,99,0,0,0,0,0,0,0,0,0,0,0,0,0,0,0,0,0,0,0,0,0,0,191,16016,0,0,0,0
98843.675,17385,57,0,0,0,0,0,8,15074,5,99,0,0,0,0,0,0,0,0,0,0,0,0,0,0,0,0,0,0,0,0,0,0,201,16540,0,0,0,0
98859.252,15576,64,0,0,0,0,0,8,15992,5,99,0,0,0,0,0,0,0,0,0,0,0,0,0,0,0,0,0,0,0,0,0,0,223,17419,0,0,0,0
98922.411,63159,15,0,0,0,0,0,8,38222,49,101,0,0,0,0,0,0,0,0,0,0,0,0,0,0,0,0,0,0,0,0,0,0,271824,77093,0,0,0,0
98934.688,12276,81,0,0,0,0,0,8,74020,44,101,0,0,0,0,0,0,0,0,0,0,0,0,0,0,0,0,0,0,0,0,0,0,400,9514,0,0,0,0
98951.200,16511,60,0,0,0,0,0,8,35343,44,101,0,0,0,0,0,0,0,0,0,0,0,0,0,0,0,0,0,0,0,0,0,0,260,7849,0,0,0,0
98968.192,16991,58,0,0,0,0,0,8,37152,44,101,0,0,0,0,0,0,0,0,0,0,0,0,0,0,0,0,0,0,0,0,0,0,330,17467,0,0,0,0
98985.674,17482,57,0,0,0,0,0,8,38578,44,101,0,0,0,0,0,0,0,0,0,0,0,0,0,0,0,0,0,0,0,0,0,0,317,16888,0,0,0,0
99001.208,15534,64,0,0,0,0,0,8,38781,44,101,0,0,0,0,0,0,0,0,0,0,0,0,0,0,0,0,0,0,0,0,0,0,336,17603,0,0,0,0
99017.759,16550,60,0,0,0,0,0,8,37191,44,101,0,0,0,0,0,0,0,0,0,0,0,0,0,0,0,0,0,0,0,0,0,0,311,15274,0,0,0,0
99035.202,17443,57,0,0,0,0,0,8,38592,44,101,0,0,0,0,0,0,0,0,0,0,0,0,0,0,0,0,0,0,0,0,0,0,327,16899,0,0,0,0
99051.682,16480,60,0,0,0,0,0,8,37764,44,101,0,0,0,0,0,0,0,0,0,0,0,0,0,0,0,0,0,0,0,0,0,0,314,16935,0,0,0,0
99068.196,16512,60,0,0,0,0,0,8,34911,44,101,0,0,0,0,0,0,0,0,0,0,0,0,0,0,0,0,0,0,0,0,0,0,315,15519,0,0,0,0
99084.684,16488,60,0,0,0,0,0,8,33932,44,101,0,0,0,0,0,0,0,0,0,0,0,0,0,0,0,0,0,0,0,0,0,0,312,17531,0,0,0,0
99101.194,16510,60,0,0,0,0,0,8,33730,44,101,0,0,0,0,0,0,0,0,0,0,0,0,0,0,0,0,0,0,0,0,0,0,320,16599,0,0,0,0
99117.998,16803,59,0,0,0,0,0,8,34505,44,101,0,0,0,0,0,0,0,0,0,0,0,0,0,0,0,0,0,0,0,0,0,0,314,16522,0,0,0,0
99134.680,16681,59,0,0,0,0,0,8,34633,44,101,0,0,0,0,0,0,0,0,0,0,0,0,0,0,0,0,0,0,0,0,0,0,307,16759,0,0,0,0
99151.279,16599,60,0,0,0,0,0,8,34411,44,101,0,0,0,0,0,0,0,0,0,0,0,0,0,0,0,0,0,0,0,0,0,0,322,16567,0,0,0,0
99168.188,16909,59,0,0,0,0,0,8,32637,44,101,0,0,0,0,0,0,0,0,0,0,0,0,0,0,0,0,0,0,0,0,0,0,332,16654,0,0,0,0
99184.750,16562,60,0,0,0,0,0,8,32394,44,101,0,0,0,0,0,0,0,0,0,0,0,0,0,0,0,0,0,0,0,0,0,0,332,17107,0,0,0,0
99201.673,16922,59,0,0,0,0,0,8,32425,44,101,0,0,0,0,0,0,0,0,0,0,0,0,0,0,0,0,0,0,0,0,0,0,321,16037,0,0,0,0
99218.126,16453,60,0,0,0,0,0,8,32399,44,101,0,0,0,0,0,0,0,0,0,0,0,0,0,0,0,0,0,0,0,0,0,0,348,17262,0,0,0,0
99235.193,17066,58,0,0,0,0,0,8,31775,44,101,0,0,0,0,0,0,0,0,0,0,0,0,0,0,0,0,0,0,0,0,0,0,317,16096,0,0,0,0
99251.243,16050,62,0,0,0,0,0,8,31940,44,101,0,0,0,0,0,0,0,0,0,0,0,0,0,0,0,0,0,0,0,0,0,0,320,17421,0,0,0,0
99268.683,17439,57,0,0,0,0,0,8,31749,44,101,0,0,0,0,0,0,0,0,0,0,0,0,0,0,0,0,0,0,0,0,0,0,329,15966,0,0,0,0
99284.815,16131,61,0,0,0,0,0,8,32224,44,101,0,0,0,0,0,0,0,0,0,0,0,0,0,0,0,0,0,0,0,0,0,0,325,17887,0,0,0,0
99301.286,16471,60,0,0,0,0,0,8,32279,44,101,0,0,0,0,0,0,0,0,0,0,0,0,0,0,0,0,0,0,0,0,0,0,319,15094,0,0,0,0
99318.186,16899,59,0,0,0,0,0,8,32730,44,101,0,0,0,0,0,0,0,0,0,0,0,0,0,0,0,0,0,0,0,0,0,0,339,16927,0,0,0,0
99334.407,16220,61,0,0,0,0,0,8,33115,44,101,0,0,0,0,0,0,0,0,0,0,0,0,0,0,0,0,0,0,0,0,0,0,310,17019,0,0,0,0
99351.686,17279,57,0,0,0,0,0,8,32940,44,101,0,0,0,0,0,0,0,0,0,0,0,0,0,0,0,0,0,0,0,0,0,0,328,16097,0,0,0,0
99367.738,16052,62,0,0,0,0,0,8,33069,44,101,0,0,0,0,0,0,0,0,0,0,0,0,0,0,0,0,0,0,0,0,0,0,325,17531,0,0,0,0
99384.671,16932,59,0,0,0,0,0,8,31391,44,101,0,0,0,0,0,0,0,0,0,0,0,0,0,0,0,0,0,0,0,0,0,0,301,15831,0,0,0,0
99401.067,16396,60,0,0,0,0,0,8,31243,44,101,0,0,0,0,0,0,0,0,0,0,0,0,0,0,0,0,0,0,0,0,0,0,313,16977,0,0,0,0
99418.122,17054,58,0,0,0,0,0,8,31284,44,101,0,0,0,0,0,0,0,0,0,0,0,0,0,0,0,0,0,0,0,0,0,0,330,16113,0,0,0,0
99435.204,17081,58,0,0,0,0,0,8,31527,44,101,0,0,0,0,0,0,0,0,0,0,0,0,0,0,0,0,0,0,0,0,0,0,317,17217,0,0,0,0
99451.679,16475,60,0,0,0,0,0,8,31658,44,101,0,0,0,0,0,0,0,0,0,0,0,0,0,0,0,0,0,0,0,0,0,0,355,17019,0,0,0,0
99468.105,16425,60,0,0,0,0,0,8,32213,44,101,0,0,0,0,0,0,0,0,0,0,0,0,0,0,0,0,0,0,0,0,0,0,328,15338,0,0,0,0
99485.329,17223,58,0,0,0,0,0,8,31896,44,101,0,0,0,0,0,0,0,0,0,0,0,0,0,0,0,0,0,0,0,0,0,0,335,17382,0,0,0,0
99501.307,15978,62,0,0,0,0,0,8,32195,44,101,0,0,0,0,0,0,0,0,0,0,0,0,0,0,0,0,0,0,0,0,0,0,316,17093,0,0,0,0
99517.791,16484,60,0,0,0,0,0,8,31676,44,101,0,0,0,0,0,0,0,0,0,0,0,0,0,0,0,0,0,0,0,0,0,0,329,16179,0,0,0,0
99535.190,17399,57,0,0,0,0,0,8,31937,44,101,0,0,0,0,0,0,0,0,0,0,0,0,0,0,0,0,0,0,0,0,0,0,330,16641,0,0,0,0
99551.331,16140,61,0,0,0,0,0,8,31740,44,101,0,0,0,0,0,0,0,0,0,0,0,0,0,0,0,0,0,0,0,0,0,0,326,17396,0,0,0,0
99568.680,17349,57,0,0,0,0,0,8,31533,44,101,0,0,0,0,0,0,0,0,0,0,0,0,0,0,0,0,0,0,0,0,0,0,327,15721,0,0,0,0
99584.443,15762,63,0,0,0,0,0,8,31875,44,101,0,0,0,0,0,0,0,0,0,0,0,0,0,0,0,0,0,0,0,0,0,0,316,17652,0,0,0,0
99601.672,17229,58,0,0,0,0,0,8,31403,44,101,0,0,0,0,0,0,0,0,0,0,0,0,0,0,0,0,0,0,0,0,0,0,330,15417,0,0,0,0
99618.210,16538,60,0,0,0,0,0,8,31305,44,101,0,0,0,0,0,0,0,0,0,0,0,0,0,0,0,0,0,0,0,0,0,0,341,16558,0,0,0,0
99634.720,16509,60,0,0,0,0,0,8,31353,44,101,0,0,0,0,0,0,0,0,0,0,0,0,0,0,0,0,0,0,0,0,0,0,312,17310,0,0,0,0
99651.679,16959,58,0,0,0,0,0,8,31317,44,101,0,0,0,0,0,0,0,0,0,0,0,0,0,0,0,0,0,0,0,0,0,0,322,16861,0,0,0,0
99668.020,16340,61,0,0,0,0,0,8,31130,44,101,0,0,0,0,0,0,0,0,0,0,0,0,0,0,0,0,0,0,0,0,0,0,319,15737,0,0,0,0
99684.634,16614,60,0,0,0,0,0,8,31380,44,101,0,0,0,0,0,0,0,0,0,0,0,0,0,0,0,0,0,0,0,0,0,0,318,17206,0,0,0,0
99701.052,16417,60,0,0,0,0,0,8,30994,44,101,0,0,0,0,0,0,0,0,0,0,0,0,0,0,0,0,0,0,0,0,0,0,332,16537,0,0,0,0
99717.823,16771,59,0,0,0,0,0,8,30813,44,101,0,0,0,0,0,0,0,0,0,0,0,0,0,0,0,0,0,0,0,0,0,0,326,16660,0,0,0,0
99734.876,17053,58,0,0,0,0,0,8,29149,44,101,0,0,0,0,0,0,0,0,0,0,0,0,0,0,0,0,0,0,0,0,0,0,320,16752,0,0,0,0
99751.509,16632,60,0,0,0,0,0,8,29153,44,101,0,0,0,0,0,0,0,0,0,0,0,0,0,0,0,0,0,0,0,0,0,0,333,16819,0,0,0,0
99768.081,16571,60,0,0,0,0,0,8,28618,44,101,0,0,0,0,0,0,0,0,0,0,0,0,0,0,0,0,0,0,0,0,0,0,310,16369,0,0,0,0
99785.679,17598,56,0,0,0,0,0,8,28699,44,101,0,0,0,0,0,0,0,0,0,0,0,0,0,0,0,0,0,0,0,0,0,0,327,16596,0,0,0,0
99800.850,15171,65,0,0,0,0,0,8,28638,44,101,0,0,0,0,0,0,0,0,0,0,0,0,0,0,0,0,0,0,0,0,0,0,344,18133,0,0,0,0
99818.672,17822,56,0,0,0,0,0,8,28579,44,101,0,0,0,0,0,0,0,0,0,0,0,0,0,0,0,0,0,0,0,0,0,0,334,15135,0,0,0,0
99834.891,16219,61,0,0,0,0,0,8,27187,44,101,0,0,0,0,0,0,0,0,0,0,0,0,0,0,0,0,0,0,0,0,0,0,327,17701,0,0,0,0
99851.669,16777,59,0,0,0,0,0,8,27439,44,101,0,0,0,0,0,0,0,0,0,0,0,0,0,0,0,0,0,0,0,0,0,0,336,15848,0,0,0,0
99868.179,16510,60,0,0,0,0,0,8,28299,44,101,0,0,0,0,0,0,0,0,0,0,0,0,0,0,0,0,0,0,0,0,0,0,308,15898,0,0,0,0
99884.913,16733,59,0,0,0,0,0,8,27429,44,101,0,0,0,0,0,0,0,0,0,0,0,0,0,0,0,0,0,0,0,0,0,0,335,17853,0,0,0,0
99901.239,16326,61,0,0,0,0,0,8,27334,44,101,0,0,0,0,0,0,0,0,0,0,0,0,0,0,0,0,0,0,0,0,0,0,327,16274,0,0,0,0
99918.200,16961,58,0,0,0,0,0,8,28810,44,101,0,0,0,0,0,0,0,0,0,0,0,0,0,0,0,0,0,0,0,0,0,0,363,16551,0,0,0,0
99934.519,16318,61,0,0,0,0,0,8,28918,44,101,0,0,0,0,0,0,0,0,0,0,0,0,0,0,0,0,0,0,0,0,0,0,316,17093,0,0,0,0
99951.670,17152,58,0,0,0,0,0,8,28954,44,101,0,0,0,0,0,0,0,0,0,0,0,0,0,0,0,0,0,0,0,0,0,0,317,16319,0,0,0,0
99968.202,16531,60,0,0,0,0,0,8,28826,44,101,0,0,0,0,0,0,0,0,0,0,0,0,0,0,0,0,0,0,0,0,0,0,322,15971,0,0,0,0
99984.817,16615,60,0,0,0,0,0,8,29038,44,101,0,0,0,0,0,0,0,0,0,0,0,0,0,0,0,0,0,0,0,0,0,0,310,17403,0,0,0,0
100001.667,16850,59,0,0,0,0,0,8,28769,44,101,0,0,0,0,0,0,0,0,0,0,0,0,0,0,0,0,0,0,0,0,0,0,316,16707,0,0,0,0
100018.674,17006,58,0,0,0,0,0,8,28592,44,101,0,0,0,0,0,0,0,0,0,0,0,0,0,0,0,0,0,0,0,0,0,0,329,15747,0,0,0,0
100035.200,16525,60,0,0,0,0,0,8,28618,44,101,0,0,0,0,0,0,0,0,0,0,0,0,0,0,0,0,0,0,0,0,0,0,327,18035,0,0,0,0
100051.294,16094,62,0,0,0,0,0,8,28540,44,101,0,0,0,0,0,0,0,0,0,0,0,0,0,0,0,0,0,0,0,0,0,0,310,16240,0,0,0,0
100067.851,16556,60,0,0,0,0,0,8,28378,44,101,0,0,0,0,0,0,0,0,0,0,0,0,0,0,0,0,0,0,0,0,0,0,330,16174,0,0,0,0
100084.480,16629,60,0,0,0,0,0,8,28562,44,101,0,0,0,0,0,0,0,0,0,0,0,0,0,0,0,0,0,0,0,0,0,0,319,16814,0,0,0,0
100101.229,16748,59,0,0,0,0,0,8,28381,44,101,0,0,0,0,0,0,0,0,0,0,0,0,0,0,0,0,0,0,0,0,0,0,315,16550,0,0,0,0
100118.026,16796,59,0,0,0,0,0,8,28404,44,101,0,0,0,0,0,0,0,0,0,0,0,0,0,0,0,0,0,0,0,0,0,0,321,16800,0,0,0,0
100135.192,17166,58,0,0,0,0,0,8,28787,44,101,0,0,0,0,0,0,0,0,0,0,0,0,0,0,0,0,0,0,0,0,0,0,319,16701,0,0,0,0
100151.672,16480,60,0,0,0,0,0,8,27993,44,101,0,0,0,0,0,0,0,0,0,0,0,0,0,0,0,0,0,0,0,0,0,0,309,16936,0,0,0,0
100167.959,16286,61,0,0,0,0,0,8,27629,44,101,0,0,0,0,0,0,0,0,0,0,0,0,0,0,0,0,0,0,0,0,0,0,364,16694,0,0,0,0
100184.703,16744,59,0,0,0,0,0,8,27406,44,101,0,0,0,0,0,0,0,0,0,0,0,0,0,0,0,0,0,0,0,0,0,0,349,16501,0,0,0,0
100201.163,16460,60,0,0,0,0,0,8,26998,44,101,0,0,0,0,0,0,0,0,0,0,0,0,0,0,0,0,0,0,0,0,0,0,329,16592,0,0,0,0
100218.181,17017,58,0,0,0,0,0,8,27395,44,101,0,0,0,0,0,0,0,0,0,0,0,0,0,0,0,0,0,0,0,0,0,0,327,16522,0,0,0,0
100234.826,16646,60,0,0,0,0,0,8,27089,44,101,0,0,0,0,0,0,0,0,0,0,0,0,0,0,0,0,0,0,0,0,0,0,336,17814,0,0,0,0
100251.678,16842,59,0,0,0,0,0,8,28823,44,101,0,0,0,0,0,0,0,0,0,0,0,0,0,0,0,0,0,0,0,0,0,0,331,16607,0,0,0,0
100267.837,16168,61,0,0,0,0,0,8,28054,44,101,0,0,0,0,0,0,0,0,0,0,0,0,0,0,0,0,0,0,0,0,0,0,363,16468,0,0,0,0
100284.746,16908,59,0,0,0,0,0,8,28229,44,101,0,0,0,0,0,0,0,0,0,0,0,0,0,0,0,0,0,0,0,0,0,0,356,16013,0,0,0,0
100301.679,16933,59,0,0,0,0,0,8,28420,44,101,0,0,0,0,0,0,0,0,0,0,0,0,0,0,0,0,0,0,0,0,0,0,323,16462,0,0,0,0
100317.504,15825,63,0,0,0,0,0,8,27951,44,101,0,0,0,0,0,0,0,0,0,0,0,0,0,0,0,0,0,0,0,0,0,0,327,16091,0,0,0,0
100334.385,16880,59,0,0,0,0,0,8,28226,44,101,0,0,0,0,0,0,0,0,0,0,0,0,0,0,0,0,0,0,0,0,0,0,324,17240,0,0,0,0
100351.210,16825,59,0,0,0,0,0,8,29395,44,101,0,0,0,0,0,0,0,0,0,0,0,0,0,0,0,0,0,0,0,0,0,0,323,16867,0,0,0,0
100368.189,16979,58,0,0,0,0,0,8,27471,44,101,0,0,0,0,0,0,0,0,0,0,0,0,0,0,0,0,0,0,0,0,0,0,312,16774,0,0,0,0
100384.678,16488,60,0,0,0,0,0,8,28385,44,101,0,0,0,0,0,0,0,0,0,0,0,0,0,0,0,0,0,0,0,0,0,0,315,16828,0,0,0,0
100400.670,15992,62,0,0,0,0,0,8,27911,44,101,0,0,0,0,0,0,0,0,0,0,0,0,0,0,0,0,0,0,0,0,0,0,323,16430,0,0,0,0
100418.267,17597,56,0,0,0,0,0,8,28083,44,101,0,0,0,0,0,0,0,0,0,0,0,0,0,0,0,0,0,0,0,0,0,0,325,15984,0,0,0,0
100434.794,16527,60,0,0,0,0,0,8,27342,44,101,0,0,0,0,0,0,0,0,0,0,0,0,0,0,0,0,0,0,0,0,0,0,342,17734,0,0,0,0
100451.660,16865,59,0,0,0,0,0,8,29963,44,101,0,0,0,0,0,0,0,0,0,0,0,0,0,0,0,0,0,0,0,0,0,0,353,16630,0,0,0,0
100467.986,16326,61,0,0,0,0,0,8,29271,44,101,0,0,0,0,0,0,0,0,0,0,0,0,0,0,0,0,0,0,0,0,0,0,330,15896,0,0,0,0
100484.231,16244,61,0,0,0,0,0,8,29121,44,101,0,0,0,0,0,0,0,0,0,0,0,0,0,0,0,0,0,0,0,0,0,0,344,17028,0,0,0,0
100500.899,16668,59,0,0,0,0,0,8,30880,44,101,0,0,0,0,0,0,0,0,0,0,0,0,0,0,0,0,0,0,0,0,0,0,365,16404,0,0,0,0
100517.901,17001,58,0,0,0,0,0,8,31034,44,101,0,0,0,0,0,0,0,0,0,0,0,0,0,0,0,0,0,0,0,0,0,0,314,16833,0,0,0,0
100535.202,17301,57,0,0,0,0,0,8,33195,44,101,0,0,0,0,0,0,0,0,0,0,0,0,0,0,0,0,0,0,0,0,0,0,320,17304,0,0,0,0
100551.291,16089,62,0,0,0,0,0,8,36456,44,101,0,0,0,0,0,0,0,0,0,0,0,0,0,0,0,0,0,0,0,0,0,0,315,17226,0,0,0,0
100567.858,16566,60,0,0,0,0,0,8,35246,44,101,0,0,0,0,0,0,0,0,0,0,0,0,0,0,0,0,0,0,0,0,0,0,344,16128,0,0,0,0
100585.180,17321,57,0,0,0,0,0,8,30149,44,101,0,0,0,0,0,0,0,0,0,0,0,0,0,0,0,0,0,0,0,0,0,0,325,16173,0,0,0,0
100601.237,16057,62,0,0,0,0,0,8,28521,44,101,0,0,0,0,0,0,0,0,0,0,0,0,0,0,0,0,0,0,0,0,0,0,343,17771,0,0,0,0
100618.219,16982,58,0,0,0,0,0,8,29532,44,101,0,0,0,0,0,0,0,0,0,0,0,0,0,0,0,0,0,0,0,0,0,0,341,16065,0,0,0,0
100634.658,16438,60,0,0,0,0,0,8,29559,44,101,0,0,0,0,0,0,0,0,0,0,0,0,0,0,0,0,0,0,0,0,0,0,315,16335,0,0,0,0
100651.356,16697,59,0,0,0,0,0,8,29070,44,101,0,0,0,0,0,0,0,0,0,0,0,0,0,0,0,0,0,0,0,0,0,0,329,16513,0,0,0,0
100667.850,16494,60,0,0,0,0,0,8,29360,44,101,0,0,0,0,0,0,0,0,0,0,0,0,0,0,0,0,0,0,0,0,0,0,318,16396,0,0,0,0
100684.669,16818,59,0,0,0,0,0,8,29496,44,101,0,0,0,0,0,0,0,0,0,0,0,0,0,0,0,0,0,0,0,0,0,0,321,17075,0,0,0,0
100701.060,16391,61,0,0,0,0,0,8,29842,44,101,0,0,0,0,0,0,0,0,0,0,0,0,0,0,0,0,0,0,0,0,0,0,381,15939,0,0,0,0
100717.954,16893,59,0,0,0,0,0,8,29219,44,101,0,0,0,0,0,0,0,0,0,0,0,0,0,0,0,0,0,0,0,0,0,0,314,16923,0,0,0,0
100735.670,17715,56,0,0,0,0,0,8,20404,44,101,0,0,0,0,0,0,0,0,0,0,0,0,0,0,0,0,0,0,0,0,0,0,358,17111,0,0,0,0
100751.673,16003,62,0,0,0,0,0,8,19602,44,101,0,0,0,0,0,0,0,0,0,0,0,0,0,0,0,0,0,0,0,0,0,0,331,17309,0,0,0,0
100768.671,16998,58,0,0,0,0,0,8,18850,44,101,0,0,0,0,0,0,0,0,0,0,0,0,0,0,0,0,0,0,0,0,0,0,342,15489,0,0,0,0
100785.195,16524,60,0,0,0,0,0,8,19279,44,101,0,0,0,0,0,0,0,0,0,0,0,0,0,0,0,0,0,0,0,0,0,0,345,17330,0,0,0,0
100801.658,16462,60,0,0,0,0,0,8,19401,44,101,0,0,0,0,0,0,0,0,0,0,0,0,0,0,0,0,0,0,0,0,0,0,317,16164,0,0,0,0
100818.173,16515,60,0,0,0,0,0,8,19123,44,101,0,0,0,0,0,0,0,0,0,0,0,0,0,0,0,0,0,0,0,0,0,0,359,15608,0,0,0,0
100834.652,16479,60,0,0,0,0,0,8,21894,44,101,0,0,0,0,0,0,0,0,0,0,0,0,0,0,0,0,0,0,0,0,0,0,313,17874,0,0,0,0
100850.894,16241,61,0,0,0,0,0,8,22002,44,101,0,0,0,0,0,0,0,0,0,0,0,0,0,0,0,0,0,0,0,0,0,0,322,16121,0,0,0,0
100868.057,17162,58,0,0,0,0,0,8,22712,44,101,0,0,0,0,0,0,0,0,0,0,0,0,0,0,0,0,0,0,0,0,0,0,340,16466,0,0,0,0
100884.798,16741,59,0,0,0,0,0,8,23749,44,101,0,0,0,0,0,0,0,0,0,0,0,0,0,0,0,0,0,0,0,0,0,0,333,17273,0,0,0,0
100901.243,16445,60,0,0,0,0,0,8,24247,44,101,0,0,0,0,0,0,0,0,0,0,0,0,0,0,0,0,0,0,0,0,0,0,380,17427,0,0,0,0
100918.667,17423,57,0,0,0,0,0,8,24949,44,101,0,0,0,0,0,0,0,0,0,0,0,0,0,0,0,0,0,0,0,0,0,0,316,15910,0,0,0,0
100934.796,16128,62,0,0,0,0,0,8,26453,44,101,0,0,0,0,0,0,0,0,0,0,0,0,0,0,0,0,0,0,0,0,0,0,337,17594,0,0,0,0
100951.658,16862,59,0,0,0,0,0,8,27298,44,101,0,0,0,0,0,0,0,0,0,0,0,0,0,0,0,0,0,0,0,0,0,0,339,16393,0,0,0,0
100967.780,16121,62,0,0,0,0,0,8,36966,44,101,0,0,0,0,0,0,0,0,0,0,0,0,0,0,0,0,0,0,0,0,0,0,334,17255,0,0,0,0
100985.175,17394,57,0,0,0,0,0,8,38555,44,101,0,0,0,0,0,0,0,0,0,0,0,0,0,0,0,0,0,0,0,0,0,0,322,16125,0,0,0,0
101001.655,16480,60,0,0,0,0,0,8,38628,44,101,0,0,0,0,0,0,0,0,0,0,0,0,0,0,0,0,0,0,0,0,0,0,320,17662,0,0,0,0
101018.189,16534,60,0,0,0,0,0,8,41809,44,101,0,0,0,0,0,0,0,0,0,0,0,0,0,0,0,0,0,0,0,0,0,0,310,15655,0,0,0,0
101035.659,17469,57,0,0,0,0,0,8,45378,44,101,0,0,0,0,0,0,0,0,0,0,0,0,0,0,0,0,0,0,0,0,0,0,358,17884,0,0,0,0
101050.919,15259,65,0,0,0,0,0,8,47212,44,101,0,0,0,0,0,0,0,0,0,0,0,0,0,0,0,0,0,0,0,0,0,0,330,17871,0,0,0,0
101068.666,17746,56,0,0,0,0,0,8,46867,44,101,0,0,0,0,0,0,0,0,0,0,0,0,0,0,0,0,0,0,0,0,0,0,304,15027,0,0,0,0
101084.509,15843,63,0,0,0,0,0,8,48367,44,101,0,0,0,0,0,0,0,0,0,0,0,0,0,0,0,0,0,0,0,0,0,0,355,18238,0,0,0,0
101101.666,17157,58,0,0,0,0,0,8,47486,44,101,0,0,0,0,0,0,0,0,0,0,0,0,0,0,0,0,0,0,0,0,0,0,327,15380,0,0,0,0
101118.192,16525,60,0,0,0,0,0,8,49156,44,101,0,0,0,0,0,0,0,0,0,0,0,0,0,0,0,0,0,0,0,0,0,0,318,17294,0,0,0,0
101134.662,16470,60,0,0,0,0,0,8,51928,44,101,0,0,0,0,0,0,0,0,0,0,0,0,0,0,0,0,0,0,0,0,0,0,325,19468,0,0,0,0
101151.412,16749,59,0,0,0,0,0,8,52608,44,101,0,0,0,0,0,0,0,0,0,0,0,0,0,0,0,0,0,0,0,0,0,0,299,17448,0,0,0,0
101167.790,16378,61,0,0,0,0,0,8,53308,44,101,0,0,0,0,0,0,0,0,0,0,0,0,0,0,0,0,0,0,0,0,0,0,325,17209,0,0,0,0
101184.480,16689,59,0,0,0,0,0,8,55532,44,101,0,0,0,0,0,0,0,0,0,0,0,0,0,0,0,0,0,0,0,0,0,0,328,17024,0,0,0,0
101201.175,16695,59,0,0,0,0,0,8,58031,44,101,0,0,0,0,0,0,0,0,0,0,0,0,0,0,0,0,0,0,0,0,0,0,311,16451,0,0,0,0
101218.240,17064,58,0,0,0,0,0,8,58739,44,101,0,0,0,0,0,0,0,0,0,0,0,0,0,0,0,0,0,0,0,0,0,0,301,14083,0,0,0,0
101234.659,16419,60,0,0,0,0,0,8,60100,44,101,0,0,0,0,0,0,0,0,0,0,0,0,0,0,0,0,0,0,0,0,0,0,292,18188,0,0,0,0
101251.659,16999,58,0,0,0,0,0,8,61957,44,101,0,0,0,0,0,0,0,0,0,0,0,0,0,0,0,0,0,0,0,0,0,0,308,15292,0,0,0,0
101267.666,16007,62,0,0,0,0,0,8,63016,44,101,0,0,0,0,0,0,0,0,0,0,0,0,0,0,0,0,0,0,0,0,0,0,314,16619,0,0,0,0
101285.179,17513,57,0,0,0,0,0,8,63917,44,101,0,0,0,0,0,0,0,0,0,0,0,0,0,0,0,0,0,0,0,0,0,0,366,18025,0,0,0,0
101301.261,16081,62,0,0,0,0,0,8,63726,44,101,0,0,0,0,0,0,0,0,0,0,0,0,0,0,0,0,0,0,0,0,0,0,338,15634,0,0,0,0
101318.663,17402,57,0,0,0,0,0,8,64391,44,101,0,0,0,0,0,0,0,0,0,0,0,0,0,0,0,0,0,0,0,0,0,0,320,17067,0,0,0,0
101334.825,16162,61,0,0,0,0,0,8,65503,44,101,0,0,0,0,0,0,0,0,0,0,0,0,0,0,0,0,0,0,0,0,0,0,305,18142,0,0,0,0
101351.230,16405,60,0,0,0,0,0,8,66201,44,101,0,0,0,0,0,0,0,0,0,0,0,0,0,0,0,0,0,0,0,0,0,0,295,13979,0,0,0,0
101368.663,17432,57,0,0,0,0,0,8,66319,44,101,0,0,0,0,0,0,0,0,0,0,0,0,0,0,0,0,0,0,0,0,0,0,308,16773,0,0,0,0
101384.869,16206,61,0,0,0,0,0,8,66831,44,101,0,0,0,0,0,0,0,0,0,0,0,0,0,0,0,0,0,0,0,0,0,0,343,19695,0,0,0,0
101401.219,16350,61,0,0,0,0,0,8,66283,44,101,0,0,0,0,0,0,0,0,0,0,0,0,0,0,0,0,0,0,0,0,0,0,304,15514,0,0,0,0
101417.785,16565,60,0,0,0,0,0,8,66314,44,101,0,0,0,0,0,0,0,0,0,0,0,0,0,0,0,0,0,0,0,0,0,0,286,14298,0,0,0,0
101434.642,16856,59,0,0,0,0,0,8,66704,44,101,0,0,0,0,0,0,0,0,0,0,0,0,0,0,0,0,0,0,0,0,0,0,319,18922,0,0,0,0
101451.656,17014,58,0,0,0,0,0,8,66657,44,101,0,0,0,0,0,0,0,0,0,0,0,0,0,0,0,0,0,0,0,0,0,0,306,14549,0,0,0,0
101468.660,17004,58,0,0,0,0,0,8,66492,44,101,0,0,0,0,0,0,0,0,0,0,0,0,0,0,0,0,0,0,0,0,0,0,286,16772,0,0,0,0
101484.830,16169,61,0,0,0,0,0,8,66688,44,101,0,0,0,0,0,0,0,0,0,0,0,0,0,0,0,0,0,0,0,0,0,0,370,19231,0,0,0,0
101501.679,16848,59,0,0,0,0,0,8,66653,44,101,0,0,0,0,0,0,0,0,0,0,0,0,0,0,0,0,0,0,0,0,0,0,340,15147,0,0,0,0
101518.205,16525,60,0,0,0,0,0,8,66462,44,101,0,0,0,0,0,0,0,0,0,0,0,0,0,0,0,0,0,0,0,0,0,0,293,15695,0,0,0,0
101534.520,16315,61,0,0,0,0,0,8,66698,44,101,0,0,0,0,0,0,0,0,0,0,0,0,0,0,0,0,0,0,0,0,0,0,278,16576,0,0,0,0
101551.413,16893,59,0,0,0,0,0,8,66805,44,101,0,0,0,0,0,0,0,0,0,0,0,0,0,0,0,0,0,0,0,0,0,0,332,17990,0,0,0,0
101568.082,16668,59,0,0,0,0,0,8,66585,44,101,0,0,0,0,0,0,0,0,0,0,0,0,0,0,0,0,0,0,0,0,0,0,318,16876,0,0,0,0
101584.787,16705,59,0,0,0,0,0,8,66710,44,101,0,0,0,0,0,0,0,0,0,0,0,0,0,0,0,0,0,0,0,0,0,0,314,16301,0,0,0,0
101601.650,16862,59,0,0,0,0,0,8,67121,44,101,0,0,0,0,0,0,0,0,0,0,0,0,0,0,0,0,0,0,0,0,0,0,332,17628,0,0,0,0
101617.717,16066,62,0,0,0,0,0,8,65481,44,101,0,0,0,0,0,0,0,0,0,0,0,0,0,0,0,0,0,0,0,0,0,0,288,14760,0,0,0,0
101634.540,16823,59,0,0,0,0,0,8,65765,44,101,0,0,0,0,0,0,0,0,0,0,0,0,0,0,0,0,0,0,0,0,0,0,320,17353,0,0,0,0
101650.846,16305,61,0,0,0,0,0,8,67569,44,101,0,0,0,0,0,0,0,0,0,0,0,0,0,0,0,0,0,0,0,0,0,0,312,15691,0,0,0,0
101667.802,16956,58,0,0,0,0,0,8,68414,44,101,0,0,0,0,0,0,0,0,0,0,0,0,0,0,0,0,0,0,0,0,0,0,291,16350,0,0,0,0
101685.649,17846,56,0,0,0,0,0,8,67696,44,101,0,0,0,0,0,0,0,0,0,0,0,0,0,0,0,0,0,0,0,0,0,0,342,19173,0,0,0,0
101700.916,15266,65,0,0,0,0,0,8,67642,44,101,0,0,0,0,0,0,0,0,0,0,0,0,0,0,0,0,0,0,0,0,0,0,343,17216,0,0,0,0
101718.054,17138,58,0,0,0,0,0,8,68253,44,101,0,0,0,0,0,0,0,0,0,0,0,0,0,0,0,0,0,0,0,0,0,0,305,13415,0,0,0,0
101734.860,16805,59,0,0,0,0,0,8,67573,44,101,0,0,0,0,0,0,0,0,0,0,0,0,0,0,0,0,0,0,0,0,0,0,323,18404,0,0,0,0
101751.283,16422,60,0,0,0,0,0,8,68340,44,101,0,0,0,0,0,0,0,0,0,0,0,0,0,0,0,0,0,0,0,0,0,0,291,16715,0,0,0,0
101768.167,16884,59,0,0,0,0,0,8,67850,44,101,0,0,0,0,0,0,0,0,0,0,0,0,0,0,0,0,0,0,0,0,0,0,293,15593,0,0,0,0
101785.187,17019,58,0,0,0,0,0,8,68038,44,101,0,0,0,0,0,0,0,0,0,0,0,0,0,0,0,0,0,0,0,0,0,0,294,16083,0,0,0,0
101801.170,15982,62,0,0,0,0,0,8,67686,44,101,0,0,0,0,0,0,0,0,0,0,0,0,0,0,0,0,0,0,0,0,0,0,314,17370,0,0,0,0
101818.662,17491,57,0,0,0,0,0,8,68230,44,101,0,0,0,0,0,0,0,0,0,0,0,0,0,0,0,0,0,0,0,0,0,0,314,16621,0,0,0,0
101834.819,16157,61,0,0,0,0,0,8,67458,44,101,0,0,0,0,0,0,0,0,0,0,0,0,0,0,0,0,0,0,0,0,0,0,331,18831,0,0,0,0
101851.255,16435,60,0,0,0,0,0,8,68355,44,101,0,0,0,0,0,0,0,0,0,0,0,0,0,0,0,0,0,0,0,0,0,0,312,15863,0,0,0,0
101867.792,16537,60,0,0,0,0,0,8,67862,44,101,0,0,0,0,0,0,0,0,0,0,0,0,0,0,0,0,0,0,0,0,0,0,284,15866,0,0,0,0
101884.830,17037,58,0,0,0,0,0,8,67403,44,101,0,0,0,0,0,0,0,0,0,0,0,0,0,0,0,0,0,0,0,0,0,0,308,16669,0,0,0,0
101901.493,16663,60,0,0,0,0,0,8,68277,44,101,0,0,0,0,0,0,0,0,0,0,0,0,0,0,0,0,0,0,0,0,0,0,336,16062,0,0,0,0
101918.155,16662,60,0,0,0,0,0,8,65745,44,101,0,0,0,0,0,0,0,0,0,0,0,0,0,0,0,0,0,0,0,0,0,0,345,16678,0,0,0,0
101934.652,16496,60,0,0,0,0,0,8,65571,44,101,0,0,0,0,0,0,0,0,0,0,0,0,0,0,0,0,0,0,0,0,0,0,306,16488,0,0,0,0
101951.277,16625,60,0,0,0,0,0,8,65071,44,101,0,0,0,0,0,0,0,0,0,0,0,0,0,0,0,0,0,0,0,0,0,0,318,18501,0,0,0,0
101967.791,16513,60,0,0,0,0,0,8,65690,44,101,0,0,0,0,0,0,0,0,0,0,0,0,0,0,0,0,0,0,0,0,0,0,293,14790,0,0,0,0
101984.787,16996,58,0,0,0,0,0,8,64747,44,101,0,0,0,0,0,0,0,0,0,0,0,0,0,0,0,0,0,0,0,0,0,0,335,19105,0,0,0,0
102001.910,17122,58,0,0,0,0,0,8,65440,44,101,0,0,0,0,0,0,0,0,0,0,0,0,0,0,0,0,0,0,0,0,0,0,312,16604,0,0,0,0
102017.976,16065,62,0,0,0,0,0,8,64801,44,101,0,0,0,0,0,0,0,0,0,0,0,0,0,0,0,0,0,0,0,0,0,0,300,15315,0,0,0,0
102034.790,16814,59,0,0,0,0,0,8,64797,44,101,0,0,0,0,0,0,0,0,0,0,0,0,0,0,0,0,0,0,0,0,0,0,306,15933,0,0,0,0
102051.647,16857,59,0,0,0,0,0,8,64913,44,101,0,0,0,0,0,0,0,0,0,0,0,0,0,0,0,0,0,0,0,0,0,0,309,16657,0,0,0,0
102068.084,16437,60,0,0,0,0,0,8,64727,44,101,0,0,0,0,0,0,0,0,0,0,0,0,0,0,0,0,0,0,0,0,0,0,296,16435,0,0,0,0
102084.736,16652,60,0,0,0,0,0,8,64793,44,101,0,0,0,0,0,0,0,0,0,0,0,0,0,0,0,0,0,0,0,0,0,0,303,16808,0,0,0,0
102101.336,16599,60,0,0,0,0,0,8,64842,44,101,0,0,0,0,0,0,0,0,0,0,0,0,0,0,0,0,0,0,0,0,0,0,300,16746,0,0,0,0
102118.205,16868,59,0,0,0,0,0,8,64799,44,101,0,0,0,0,0,0,0,0,0,0,0,0,0,0,0,0,0,0,0,0,0,0,308,16320,0,0,0,0
102135.172,16967,58,0,0,0,0,0,8,64910,44,101,0,0,0,0,0,0,0,0,0,0,0,0,0,0,0,0,0,0,0,0,0,0,272,16513,0,0,0,0
102151.435,16263,61,0,0,0,0,0,8,64905,44,101,0,0,0,0,0,0,0,0,0,0,0,0,0,0,0,0,0,0,0,0,0,0,290,17596,0,0,0,0
102168.080,16644,60,0,0,0,0,0,8,66699,44,101,0,0,0,0,0,0,0,0,0,0,0,0,0,0,0,0,0,0,0,0,0,0,292,17030,0,0,0,0
102185.170,17090,58,0,0,0,0,0,8,66813,44,101,0,0,0,0,0,0,0,0,0,0,0,0,0,0,0,0,0,0,0,0,0,0,290,15455,0,0,0,0
102201.646,16476,60,0,0,0,0,0,8,66936,44,101,0,0,0,0,0,0,0,0,0,0,0,0,0,0,0,0,0,0,0,0,0,0,304,18239,0,0,0,0
102217.820,16174,61,0,0,0,0,0,8,66881,44,101,0,0,0,0,0,0,0,0,0,0,0,0,0,0,0,0,0,0,0,0,0,0,298,17105,0,0,0,0
102234.733,16912,59,0,0,0,0,0,8,66432,44,101,0,0,0,0,0,0,0,0,0,0,0,0,0,0,0,0,0,0,0,0,0,0,297,14494,0,0,0,0
102251.262,16529,60,0,0,0,0,0,8,66173,44,101,0,0,0,0,0,0,0,0,0,0,0,0,0,0,0,0,0,0,0,0,0,0,305,17036,0,0,0,0
102268.658,17396,57,0,0,0,0,0,8,66177,44,101,0,0,0,0,0,0,0,0,0,0,0,0,0,0,0,0,0,0,0,0,0,0,319,16767,0,0,0,0
102285.166,16507,60,0,0,0,0,0,8,100142,44,101,0,0,0,0,0,0,0,0,0,0,0,0,0,0,0,0,0,0,0,0,0,0,0,0,0,0,0,0
102323.580,38415,26,0,0,0,0,0,8,244970,46,101,0,0,0,0,0,0,0,0,0,0,0,0,0,0,0,0,0,0,0,0,0,0,34918,63804,0,0,0,0
102336.134,12553,79,0,0,0,0,0,8,74907,44,101,0,0,0,0,0,0,0,0,0,0,0,0,0,0,0,0,0,0,0,0,0,0,226,12561,0,0,0,0
102350.820,14686,68,0,0,0,0,0,8,142544,44,101,0,0,0,0,0,0,0,0,0,0,0,0,0,0,0,0,0,0,0,0,0,0,213,8011,0,0,0,0
102367.810,16989,58,0,0,0,0,0,8,77606,44,101,0,0,0,0,0,0,0,0,0,0,0,0,0,0,0,0,0,0,0,0,0,0,424,19266,0,0,0,0
102384.736,16926,59,0,0,0,0,0,8,72699,44,101,0,0,0,0,0,0,0,0,0,0,0,0,0,0,0,0,0,0,0,0,0,0,301,13019,0,0,0,0
102401.257,16521,60,0,0,0,0,0,8,72597,44,101,0,0,0,0,0,0,0,0,0,0,0,0,0,0,0,0,0,0,0,0,0,0,314,17015,0,0,0,0
102417.959,16701,59,0,0,0,0,0,8,72379,44,101,0,0,0,0,0,0,0,0,0,0,0,0,0,0,0,0,0,0,0,0,0,0,321,17078,0,0,0,0
102434.857,16898,59,0,0,0,0,0,8,72503,44,101,0,0,0,0,0,0,0,0,0,0,0,0,0,0,0,0,0,0,0,0,0,0,310,15462,0,0,0,0
102451.482,16624,60,0,0,0,0,0,8,72599,44,101,0,0,0,0,0,0,0,0,0,0,0,0,0,0,0,0,0,0,0,0,0,0,328,17024,0,0,0,0
102468.660,17178,58,0,0,0,0,0,8,72355,44,101,0,0,0,0,0,0,0,0,0,0,0,0,0,0,0,0,0,0,0,0,0,0,294,17229,0,0,0,0
102484.723,16062,62,0,0,0,0,0,8,72595,44,101,0,0,0,0,0,0,0,0,0,0,0,0,0,0,0,0,0,0,0,0,0,0,361,18729,0,0,0,0
102501.178,16454,60,0,0,0,0,0,8,72556,44,101,0,0,0,0,0,0,0,0,0,0,0,0,0,0,0,0,0,0,0,0,0,0,344,16491,0,0,0,0
102518.675,17497,57,0,0,0,0,0,8,72295,44,101,0,0,0,0,0,0,0,0,0,0,0,0,0,0,0,0,0,0,0,0,0,0,297,14931,0,0,0,0
102534.365,15690,63,0,0,0,0,0,8,72689,44,101,0,0,0,0,0,0,0,0,0,0,0,0,0,0,0,0,0,0,0,0,0,0,332,19670,0,0,0,0
102551.646,17280,57,0,0,0,0,0,8,72624,44,101,0,0,0,0,0,0,0,0,0,0,0,0,0,0,0,0,0,0,0,0,0,0,280,12334,0,0,0,0
102567.959,16312,61,0,0,0,0,0,8,72412,44,101,0,0,0,0,0,0,0,0,0,0,0,0,0,0,0,0,0,0,0,0,0,0,293,18067,0,0,0,0
102584.816,16856,59,0,0,0,0,0,8,70747,44,101,0,0,0,0,0,0,0,0,0,0,0,0,0,0,0,0,0,0,0,0,0,0,310,15512,0,0,0,0
102601.433,16616,60,0,0,0,0,0,8,70675,44,101,0,0,0,0,0,0,0,0,0,0,0,0,0,0,0,0,0,0,0,0,0,0,308,17093,0,0,0,0
102618.208,16775,59,0,0,0,0,0,8,70740,44,101,0,0,0,0,0,0,0,0,0,0,0,0,0,0,0,0,0,0,0,0,0,0,301,16631,0,0,0,0
102635.206,16998,58,0,0,0,0,0,8,70917,44,101,0,0,0,0,0,0,0,0,0,0,0,0,0,0,0,0,0,0,0,0,0,0,312,16560,0,0,0,0
102651.642,16435,60,0,0,0,0,0,8,71352,44,101,0,0,0,0,0,0,0,0,0,0,0,0,0,0,0,0,0,0,0,0,0,0,334,18135,0,0,0,0
102668.192,16549,60,0,0,0,0,0,8,73068,44,101,0,0,0,0,0,0,0,0,0,0,0,0,0,0,0,0,0,0,0,0,0,0,327,19976,0,0,0,0
102684.847,16654,60,0,0,0,0,0,8,70869,44,101,0,0,0,0,0,0,0,0,0,0,0,0,0,0,0,0,0,0,0,0,0,0,281,13295,0,0,0,0
102701.655,16809,59,0,0,0,0,0,8,70816,44,101,0,0,0,0,0,0,0,0,0,0,0,0,0,0,0,0,0,0,0,0,0,0,318,16457,0,0,0,0
102718.240,16584,60,0,0,0,0,0,8,70734,44,101,0,0,0,0,0,0,0,0,0,0,0,0,0,0,0,0,0,0,0,0,0,0,336,22226,0,0,0,0
102734.663,16422,60,0,0,0,0,0,8,70845,44,101,0,0,0,0,0,0,0,0,0,0,0,0,0,0,0,0,0,0,0,0,0,0,288,10774,0,0,0,0
102751.116,16453,60,0,0,0,0,0,8,70783,44,101,0,0,0,0,0,0,0,0,0,0,0,0,0,0,0,0,0,0,0,0,0,0,327,15435,0,0,0,0
102768.647,17531,57,0,0,0,0,0,8,71178,44,101,0,0,0,0,0,0,0,0,0,0,0,0,0,0,0,0,0,0,0,0,0,0,304,17148,0,0,0,0
102784.848,16201,61,0,0,0,0,0,8,70905,44,101,0,0,0,0,0,0,0,0,0,0,0,0,0,0,0,0,0,0,0,0,0,0,305,17881,0,0,0,0
102801.235,16387,61,0,0,0,0,0,8,70849,44,101,0,0,0,0,0,0,0,0,0,0,0,0,0,0,0,0,0,0,0,0,0,0,324,16375,0,0,0,0
102818.019,16784,59,0,0,0,0,0,8,70758,44,101,0,0,0,0,0,0,0,0,0,0,0,0,0,0,0,0,0,0,0,0,0,0,288,16502,0,0,0,0
102834.650,16630,60,0,0,0,0,0,8,71203,44,101,0,0,0,0,0,0,0,0,0,0,0,0,0,0,0,0,0,0,0,0,0,0,289,15389,0,0,0,0
102851.488,16838,59,0,0,0,0,0,8,71116,44,101,0,0,0,0,0,0,0,0,0,0,0,0,0,0,0,0,0,0,0,0,0,0,314,16749,0,0,0,0
102867.914,16426,60,0,0,0,0,0,8,71188,44,101,0,0,0,0,0,0,0,0,0,0,0,0,0,0,0,0,0,0,0,0,0,0,319,18862,0,0,0,0
102884.861,16947,59,0,0,0,0,0,8,70941,44,101,0,0,0,0,0,0,0,0,0,0,0,0,0,0,0,0,0,0,0,0,0,0,305,14838,0,0,0,0
102901.653,16791,59,0,0,0,0,0,8,70939,44,101,0,0,0,0,0,0,0,0,0,0,0,0,0,0,0,0,0,0,0,0,0,0,311,17840,0,0,0,0
102917.794,16141,61,0,0,0,0,0,8,70791,44,101,0,0,0,0,0,0,0,0,0,0,0,0,0,0,0,0,0,0,0,0,0,0,312,16265,0,0,0,0
102935.160,17366,57,0,0,0,0,0,8,70950,44,101,0,0,0,0,0,0,0,0,0,0,0,0,0,0,0,0,0,0,0,0,0,0,344,17448,0,0,0,0
102951.509,16348,61,0,0,0,0,0,8,70865,44,101,0,0,0,0,0,0,0,0,0,0,0,0,0,0,0,0,0,0,0,0,0,0,332,16710,0,0,0,0
102967.777,16267,61,0,0,0,0,0,8,72496,44,101,0,0,0,0,0,0,0,0,0,0,0,0,0,0,0,0,0,0,0,0,0,0,286,15848,0,0,0,0
102985.175,17398,57,0,0,0,0,0,8,72831,44,101,0,0,0,0,0,0,0,0,0,0,0,0,0,0,0,0,0,0,0,0,0,0,324,17172,0,0,0,0
103001.639,16463,60,0,0,0,0,0,8,72489,44,101,0,0,0,0,0,0,0,0,0,0,0,0,0,0,0,0,0,0,0,0,0,0,300,15506,0,0,0,0
103018.144,16505,60,0,0,0,0,0,8,72463,44,101,0,0,0,0,0,0,0,0,0,0,0,0,0,0,0,0,0,0,0,0,0,0,286,17130,0,0,0,0
103034.639,16494,60,0,0,0,0,0,8,72590,44,101,0,0,0,0,0,0,0,0,0,0,0,0,0,0,0,0,0,0,0,0,0,0,347,17752,0,0,0,0
103051.161,16522,60,0,0,0,0,0,8,72547,44,101,0,0,0,0,0,0,0,0,0,0,0,0,0,0,0,0,0,0,0,0,0,0,304,14855,0,0,0,0
103068.652,17490,57,0,0,0,0,0,8,72781,44,101,0,0,0,0,0,0,0,0,0,0,0,0,0,0,0,0,0,0,0,0,0,0,289,16870,0,0,0,0
103084.900,16248,61,0,0,0,0,0,8,73062,44,101,0,0,0,0,0,0,0,0,0,0,0,0,0,0,0,0,0,0,0,0,0,0,314,19229,0,0,0,0
103101.635,16734,59,0,0,0,0,0,8,72935,44,101,0,0,0,0,0,0,0,0,0,0,0,0,0,0,0,0,0,0,0,0,0,0,306,15349,0,0,0,0
103117.752,16116,62,0,0,0,0,0,8,72846,44,101,0,0,0,0,0,0,0,0,0,0,0,0,0,0,0,0,0,0,0,0,0,0,340,18064,0,0,0,0
103134.774,17022,58,0,0,0,0,0,8,73005,44,101,0,0,0,0,0,0,0,0,0,0,0,0,0,0,0,0,0,0,0,0,0,0,289,13568,0,0,0,0
103151.245,16470,60,0,0,0,0,0,8,72942,44,101,0,0,0,0,0,0,0,0,0,0,0,0,0,0,0,0,0,0,0,0,0,0,393,19107,0,0,0,0
103167.801,16556,60,0,0,0,0,0,8,72963,44,101,0,0,0,0,0,0,0,0,0,0,0,0,0,0,0,0,0,0,0,0,0,0,320,14627,0,0,0,0
103185.647,17845,56,0,0,0,0,0,8,73350,44,101,0,0,0,0,0,0,0,0,0,0,0,0,0,0,0,0,0,0,0,0,0,0,328,18810,0,0,0,0
103201.651,16004,62,0,0,0,0,0,8,73149,44,101,0,0,0,0,0,0,0,0,0,0,0,0,0,0,0,0,0,0,0,0,0,0,313,16977,0,0,0,0
103218.216,16564,60,0,0,0,0,0,8,73036,44,101,0,0,0,0,0,0,0,0,0,0,0,0,0,0,0,0,0,0,0,0,0,0,314,16681,0,0,0,0
103235.178,16961,58,0,0,0,0,0,8,73074,44,101,0,0,0,0,0,0,0,0,0,0,0,0,0,0,0,0,0,0,0,0,0,0,271,14458,0,0,0,0
103251.645,16467,60,0,0,0,0,0,8,73223,44,101,0,0,0,0,0,0,0,0,0,0,0,0,0,0,0,0,0,0,0,0,0,0,311,17033,0,0,0,0
103268.332,16686,59,0,0,0,0,0,8,73038,44,101,0,0,0,0,0,0,0,0,0,0,0,0,0,0,0,0,0,0,0,0,0,0,359,18359,0,0,0,0
103284.583,16251,61,0,0,0,0,0,8,73433,44,101,0,0,0,0,0,0,0,0,0,0,0,0,0,0,0,0,0,0,0,0,0,0,285,15828,0,0,0,0
103301.155,16571,60,0,0,0,0,0,8,73398,44,101,0,0,0,0,0,0,0,0,0,0,0,0,0,0,0,0,0,0,0,0,0,0,294,15386,0,0,0,0
103318.171,17015,58,0,0,0,0,0,8,73095,44,101,0,0,0,0,0,0,0,0,0,0,0,0,0,0,0,0,0,0,0,0,0,0,290,17259,0,0,0,0
103334.632,16461,60,0,0,0,0,0,8,73258,44,101,0,0,0,0,0,0,0,0,0,0,0,0,0,0,0,0,0,0,0,0,0,0,300,16223,0,0,0,0
103352.187,17555,56,0,0,0,0,0,8,73198,44,101,0,0,0,0,0,0,0,0,0,0,0,0,0,0,0,0,0,0,0,0,0,0,328,20197,0,0,0,0
103368.692,16505,60,0,0,0,0,0,8,73015,44,101,0,0,0,0,0,0,0,0,0,0,0,0,0,0,0,0,0,0,0,0,0,0,310,13536,0,0,0,0
103384.231,15538,64,0,0,0,0,0,8,73163,44,101,0,0,0,0,0,0,0,0,0,0,0,0,0,0,0,0,0,0,0,0,0,0,332,21930,0,0,0,0
103401.635,17404,57,0,0,0,0,0,8,73373,44,101,0,0,0,0,0,0,0,0,0,0,0,0,0,0,0,0,0,0,0,0,0,0,296,11751,0,0,0,0
103417.786,16150,61,0,0,0,0,0,8,72985,44,101,0,0,0,0,0,0,0,0,0,0,0,0,0,0,0,0,0,0,0,0,0,0,326,18764,0,0,0,0
103434.773,16986,58,0,0,0,0,0,8,71373,44,101,0,0,0,0,0,0,0,0,0,0,0,0,0,0,0,0,0,0,0,0,0,0,327,14733,0,0,0,0
103451.220,16447,60,0,0,0,0,0,8,71354,44,101,0,0,0,0,0,0,0,0,0,0,0,0,0,0,0,0,0,0,0,0,0,0,326,17912,0,0,0,0
103467.777,16556,60,0,0,0,0,0,8,71761,44,101,0,0,0,0,0,0,0,0,0,0,0,0,0,0,0,0,0,0,0,0,0,0,313,14628,0,0,0,0
103484.599,16822,59,0,0,0,0,0,8,71285,44,101,0,0,0,0,0,0,0,0,0,0,0,0,0,0,0,0,0,0,0,0,0,0,311,15994,0,0,0,0
103501.649,17050,58,0,0,0,0,0,8,71347,44,101,0,0,0,0,0,0,0,0,0,0,0,0,0,0,0,0,0,0,0,0,0,0,302,16834,0,0,0,0
103518.222,16573,60,0,0,0,0,0,8,71583,44,101,0,0,0,0,0,0,0,0,0,0,0,0,0,0,0,0,0,0,0,0,0,0,337,19154,0,0,0,0
103535.181,16959,58,0,0,0,0,0,8,71307,44,101,0,0,0,0,0,0,0,0,0,0,0,0,0,0,0,0,0,0,0,0,0,0,264,13946,0,0,0,0
103551.499,16318,61,0,0,0,0,0,8,71296,44,101,0,0,0,0,0,0,0,0,0,0,0,0,0,0,0,0,0,0,0,0,0,0,338,23998,0,0,0,0
103568.025,16525,60,0,0,0,0,0,8,71178,44,101,0,0,0,0,0,0,0,0,0,0,0,0,0,0,0,0,0,0,0,0,0,0,299,10865,0,0,0,0
103584.658,16632,60,0,0,0,0,0,8,71259,44,101,0,0,0,0,0,0,0,0,0,0,0,0,0,0,0,0,0,0,0,0,0,0,294,16309,0,0,0,0
103601.450,16791,59,0,0,0,0,0,8,71330,44,101,0,0,0,0,0,0,0,0,0,0,0,0,0,0,0,0,0,0,0,0,0,0,330,16268,0,0,0,0
103618.157,16707,59,0,0,0,0,0,8,71539,44,101,0,0,0,0,0,0,0,0,0,0,0,0,0,0,0,0,0,0,0,0,0,0,336,17148,0,0,0,0
103635.158,17001,58,0,0,0,0,0,8,71252,44,101,0,0,0,0,0,0,0,0,0,0,0,0,0,0,0,0,0,0,0,0,0,0,318,17236,0,0,0,0
103651.636,16478,60,0,0,0,0,0,8,71314,44,101,0,0,0,0,0,0,0,0,0,0,0,0,0,0,0,0,0,0,0,0,0,0,284,15726,0,0,0,0
103667.936,16300,61,0,0,0,0,0,8,71234,44,101,0,0,0,0,0,0,0,0,0,0,0,0,0,0,0,0,0,0,0,0,0,0,342,18519,0,0,0,0
103684.768,16831,59,0,0,0,0,0,8,71257,44,101,0,0,0,0,0,0,0,0,0,0,0,0,0,0,0,0,0,0,0,0,0,0,299,14935,0,0,0,0
103701.503,16734,59,0,0,0,0,0,8,71324,44,101,0,0,0,0,0,0,0,0,0,0,0,0,0,0,0,0,0,0,0,0,0,0,339,22035,0,0,0,0
103718.165,16662,60,0,0,0,0,0,8,71135,44,101,0,0,0,0,0,0,0,0,0,0,0,0,0,0,0,0,0,0,0,0,0,0,252,10463,0,0,0,0
103735.163,16998,58,0,0,0,0,0,8,71502,44,101,0,0,0,0,0,0,0,0,0,0,0,0,0,0,0,0,0,0,0,0,0,0,291,17066,0,0,0,0
103751.637,16473,60,0,0,0,0,0,8,71230,44,101,0,0,0,0,0,0,0,0,0,0,0,0,0,0,0,0,0,0,0,0,0,0,284,17362,0,0,0,0
103767.769,16131,61,0,0,0,0,0,8,71158,44,101,0,0,0,0,0,0,0,0,0,0,0,0,0,0,0,0,0,0,0,0,0,0,326,15630,0,0,0,0
103784.408,16639,60,0,0,0,0,0,8,71293,44,101,0,0,0,0,0,0,0,0,0,0,0,0,0,0,0,0,0,0,0,0,0,0,350,18365,0,0,0,0
103801.636,17228,58,0,0,0,0,0,8,71136,44,101,0,0,0,0,0,0,0,0,0,0,0,0,0,0,0,0,0,0,0,0,0,0,306,15238,0,0,0,0
103818.287,16650,60,0,0,0,0,0,8,71114,44,101,0,0,0,0,0,0,0,0,0,0,0,0,0,0,0,0,0,0,0,0,0,0,302,16291,0,0,0,0
103835.642,17354,57,0,0,0,0,0,8,71281,44,101,0,0,0,0,0,0,0,0,0,0,0,0,0,0,0,0,0,0,0,0,0,0,322,17011,0,0,0,0
103851.635,15993,62,0,0,0,0,0,8,71572,44,101,0,0,0,0,0,0,0,0,0,0,0,0,0,0,0,0,0,0,0,0,0,0,333,19690,0,0,0,0
103867.892,16257,61,0,0,0,0,0,8,71288,44,101,0,0,0,0,0,0,0,0,0,0,0,0,0,0,0,0,0,0,0,0,0,0,323,15739,0,0,0,0
103884.398,16505,60,0,0,0,0,0,8,71197,44,101,0,0,0,0,0,0,0,0,0,0,0,0,0,0,0,0,0,0,0,0,0,0,316,15447,0,0,0,0
103901.634,17236,58,0,0,0,0,0,8,71271,44,101,0,0,0,0,0,0,0,0,0,0,0,0,0,0,0,0,0,0,0,0,0,0,311,21646,0,0,0,0
103918.640,17005,58,0,0,0,0,0,8,71129,44,101,0,0,0,0,0,0,0,0,0,0,0,0,0,0,0,0,0,0,0,0,0,0,275,10956,0,0,0,0
103934.630,15990,62,0,0,0,0,0,8,72934,44,101,0,0,0,0,0,0,0,0,0,0,0,0,0,0,0,0,0,0,0,0,0,0,333,18583,0,0,0,0
103951.630,16999,58,0,0,0,0,0,8,73167,44,101,0,0,0,0,0,0,0,0,0,0,0,0,0,0,0,0,0,0,0,0,0,0,323,20591,0,0,0,0
103967.989,16359,61,0,0,0,0,0,8,72745,44,101,0,0,0,0,0,0,0,0,0,0,0,0,0,0,0,0,0,0,0,0,0,0,258,11883,0,0,0,0
103985.199,17209,58,0,0,0,0,0,8,72931,44,101,0,0,0,0,0,0,0,0,0,0,0,0,0,0,0,0,0,0,0,0,0,0,324,20391,0,0,0,0
104001.400,16201,61,0,0,0,0,0,8,72789,44,101,0,0,0,0,0,0,0,0,0,0,0,0,0,0,0,0,0,0,0,0,0,0,286,13493,0,0,0,0
104018.043,16642,60,0,0,0,0,0,8,72659,44,101,0,0,0,0,0,0,0,0,0,0,0,0,0,0,0,0,0,0,0,0,0,0,288,14559,0,0,0,0
104035.151,17107,58,0,0,0,0,0,8,72606,44,101,0,0,0,0,0,0,0,0,0,0,0,0,0,0,0,0,0,0,0,0,0,0,298,16438,0,0,0,0
104051.208,16057,62,0,0,0,0,0,8,72888,44,101,0,0,0,0,0,0,0,0,0,0,0,0,0,0,0,0,0,0,0,0,0,0,322,19383,0,0,0,0
104068.045,16836,59,0,0,0,0,0,8,72474,44,101,0,0,0,0,0,0,0,0,0,0,0,0,0,0,0,0,0,0,0,0,0,0,310,14877,0,0,0,0
104084.796,16751,59,0,0,0,0,0,8,72513,44,101,0,0,0,0,0,0,0,0,0,0,0,0,0,0,0,0,0,0,0,0,0,0,303,17763,0,0,0,0
104101.240,16444,60,0,0,0,0,0,8,72449,44,101,0,0,0,0,0,0,0,0,0,0,0,0,0,0,0,0,0,0,0,0,0,0,307,16439,0,0,0,0
104118.635,17395,57,0,0,0,0,0,8,72220,44,101,0,0,0,0,0,0,0,0,0,0,0,0,0,0,0,0,0,0,0,0,0,0,289,14773,0,0,0,0
104135.190,16554,60,0,0,0,0,0,8,72218,44,101,0,0,0,0,0,0,0,0,0,0,0,0,0,0,0,0,0,0,0,0,0,0,349,20157,0,0,0,0
104151.201,16011,62,0,0,0,0,0,8,72215,44,101,0,0,0,0,0,0,0,0,0,0,0,0,0,0,0,0,0,0,0,0,0,0,287,14647,0,0,0,0
104168.163,16961,58,0,0,0,0,0,8,72286,44,101,0,0,0,0,0,0,0,0,0,0,0,0,0,0,0,0,0,0,0,0,0,0,304,15603,0,0,0,0
104185.190,17027,58,0,0,0,0,0,8,72073,44,101,0,0,0,0,0,0,0,0,0,0,0,0,0,0,0,0,0,0,0,0,0,0,323,16422,0,0,0,0
104201.663,16472,60,0,0,0,0,0,8,70219,44,101,0,0,0,0,0,0,0,0,0,0,0,0,0,0,0,0,0,0,0,0,0,0,288,17353,0,0,0,0
104217.776,16112,62,0,0,0,0,0,8,70202,44,101,0,0,0,0,0,0,0,0,0,0,0,0,0,0,0,0,0,0,0,0,0,0,340,22626,0,0,0,0
104235.162,17386,57,0,0,0,0,0,8,70627,44,101,0,0,0,0,0,0,0,0,0,0,0,0,0,0,0,0,0,0,0,0,0,0,301,11515,0,0,0,0
104251.178,16016,62,0,0,0,0,0,8,70286,44,101,0,0,0,0,0,0,0,0,0,0,0,0,0,0,0,0,0,0,0,0,0,0,307,16954,0,0,0,0
104268.634,17455,57,0,0,0,0,0,8,70119,44,101,0,0,0,0,0,0,0,0,0,0,0,0,0,0,0,0,0,0,0,0,0,0,288,14922,0,0,0,0
104284.627,15993,62,0,0,0,0,0,8,70477,44,101,0,0,0,0,0,0,0,0,0,0,0,0,0,0,0,0,0,0,0,0,0,0,320,19225,0,0,0,0
104301.206,16578,60,0,0,0,0,0,8,70326,44,101,0,0,0,0,0,0,0,0,0,0,0,0,0,0,0,0,0,0,0,0,0,0,321,16977,0,0,0,0
104317.767,16561,60,0,0,0,0,0,8,70094,44,101,0,0,0,0,0,0,0,0,0,0,0,0,0,0,0,0,0,0,0,0,0,0,285,14611,0,0,0,0
104334.693,16926,59,0,0,0,0,0,8,70174,44,101,0,0,0,0,0,0,0,0,0,0,0,0,0,0,0,0,0,0,0,0,0,0,305,15840,0,0,0,0
104351.625,16931,59,0,0,0,0,0,8,70081,44,101,0,0,0,0,0,0,0,0,0,0,0,0,0,0,0,0,0,0,0,0,0,0,323,18237,0,0,0,0
104368.030,16404,60,0,0,0,0,0,8,70058,44,101,0,0,0,0,0,0,0,0,0,0,0,0,0,0,0,0,0,0,0,0,0,0,330,16191,0,0,0,0
104384.852,16822,59,0,0,0,0,0,8,70223,44,101,0,0,0,0,0,0,0,0,0,0,0,0,0,0,0,0,0,0,0,0,0,0,315,15851,0,0,0,0
104401.228,16375,61,0,0,0,0,0,8,70477,44,101,0,0,0,0,0,0,0,0,0,0,0,0,0,0,0,0,0,0,0,0,0,0,303,19139,0,0,0,0
104417.827,16599,60,0,0,0,0,0,8,70122,44,101,0,0,0,0,0,0,0,0,0,0,0,0,0,0,0,0,0,0,0,0,0,0,281,14127,0,0,0,0
104434.639,16811,59,0,0,0,0,0,8,70414,44,101,0,0,0,0,0,0,0,0,0,0,0,0,0,0,0,0,0,0,0,0,0,0,293,15903,0,0,0,0
104451.201,16562,60,0,0,0,0,0,8,70577,44,101,0,0,0,0,0,0,0,0,0,0,0,0,0,0,0,0,0,0,0,0,0,0,322,19654,0,0,0,0
104468.155,16953,58,0,0,0,0,0,8,70350,44,101,0,0,0,0,0,0,0,0,0,0,0,0,0,0,0,0,0,0,0,0,0,0,290,13989,0,0,0,0
104484.765,16611,60,0,0,0,0,0,8,70429,44,101,0,0,0,0,0,0,0,0,0,0,0,0,0,0,0,0,0,0,0,0,0,0,308,16836,0,0,0,0
104502.145,17379,57,0,0,0,0,0,8,70480,44,101,0,0,0,0,0,0,0,0,0,0,0,0,0,0,0,0,0,0,0,0,0,0,300,17612,0,0,0,0
104517.341,15196,65,0,0,0,0,0,8,70693,44,101,0,0,0,0,0,0,0,0,0,0,0,0,0,0,0,0,0,0,0,0,0,0,298,22110,0,0,0,0
104534.626,17285,57,0,0,0,0,0,8,70525,44,101,0,0,0,0,0,0,0,0,0,0,0,0,0,0,0,0,0,0,0,0,0,0,279,10752,0,0,0,0
104551.626,16999,58,0,0,0,0,0,8,70494,44,101,0,0,0,0,0,0,0,0,0,0,0,0,0,0,0,0,0,0,0,0,0,0,298,16505,0,0,0,0
104568.144,16518,60,0,0,0,0,0,8,72170,44,101,0,0,0,0,0,0,0,0,0,0,0,0,0,0,0,0,0,0,0,0,0,0,336,18666,0,0,0,0
104585.644,17499,57,0,0,0,0,0,8,72702,44,101,0,0,0,0,0,0,0,0,0,0,0,0,0,0,0,0,0,0,0,0,0,0,293,14508,0,0,0,0
104601.281,15637,63,0,0,0,1,0,8,72937,44,101,0,0,0,0,0,0,0,0,0,0,0,0,0,0,0,0,0,0,0,0,0,0,317,20057,0,0,0,0
104618.626,17344,57,0,0,0,0,0,8,72807,44,101,0,0,0,0,0,0,0,0,0,0,0,0,0,0,0,0,0,0,0,0,0,0,272,13351,0,0,0,0
104634.766,16140,61,0,0,0,0,0,8,72947,44,101,0,0,0,0,0,0,0,0,0,0,0,0,0,0,0,0,0,0,0,0,0,0,302,18778,0,0,0,0
104651.064,16297,61,0,0,0,0,0,8,72872,44,101,0,0,0,0,0,0,0,0,0,0,0,0,0,0,0,0,0,0,0,0,0,0,306,20889,0,0,0,0
104667.983,16919,59,0,0,0,0,0,8,72851,44,101,0,0,0,0,0,0,0,0,0,0,0,0,0,0,0,0,0,0,0,0,0,0,264,11217,0,0,0,0
104684.622,16639,60,0,0,0,0,0,8,72854,44,101,0,0,0,0,0,0,0,0,0,0,0,0,0,0,0,0,0,0,0,0,0,0,294,17937,0,0,0,0
104701.334,16712,59,0,0,0,0,0,8,72946,44,101,0,0,0,0,0,0,0,0,0,0,0,0,0,0,0,0,0,0,0,0,0,0,319,17114,0,0,0,0
104718.200,16865,59,0,0,0,0,0,8,72566,44,101,0,0,0,0,0,0,0,0,0,0,0,0,0,0,0,0,0,0,0,0,0,0,326,15211,0,0,0,0
104734.769,16569,60,0,0,0,0,0,8,72804,44,101,0,0,0,0,0,0,0,0,0,0,0,0,0,0,0,0,0,0,0,0,0,0,308,15360,0,0,0,0
104751.367,16597,60,0,0,0,0,0,8,72703,44,101,0,0,0,0,0,0,0,0,0,0,0,0,0,0,0,0,0,0,0,0,0,0,307,17583,0,0,0,0
104768.175,16808,59,0,0,0,0,0,8,73051,44,101,0,0,0,0,0,0,0,0,0,0,0,0,0,0,0,0,0,0,0,0,0,0,299,16204,0,0,0,0
104784.636,16460,60,0,0,0,0,0,8,72974,44,101,0,0,0,0,0,0,0,0,0,0,0,0,0,0,0,0,0,0,0,0,0,0,309,16636,0,0,0,0
104801.636,17000,58,0,0,0,0,0,8,72897,44,101,0,0,0,0,0,0,0,0,0,0,0,0,0,0,0,0,0,0,0,0,0,0,343,18547,0,0,0,0
104818.631,16994,58,0,0,0,0,0,8,72679,44,101,0,0,0,0,0,0,0,0,0,0,0,0,0,0,0,0,0,0,0,0,0,0,338,21931,0,0,0,0
104834.624,15993,62,0,0,0,0,0,8,71020,44,101,0,0,0,0,0,0,0,0,0,0,0,0,0,0,0,0,0,0,0,0,0,0,284,11156,0,0,0,0
104851.359,16734,59,0,0,0,0,0,8,71305,44,101,0,0,0,0,0,0,0,0,0,0,0,0,0,0,0,0,0,0,0,0,0,0,303,15501,0,0,0,0
104867.765,16405,60,0,0,0,0,0,8,71026,44,101,0,0,0,0,0,0,0,0,0,0,0,0,0,0,0,0,0,0,0,0,0,0,297,17021,0,0,0,0
104884.467,16702,59,0,0,0,0,0,8,71224,44,101,0,0,0,0,0,0,0,0,0,0,0,0,0,0,0,0,0,0,0,0,0,0,335,20910,0,0,0,0
104901.033,16566,60,0,0,0,0,0,8,71204,44,101,0,0,0,0,0,0,0,0,0,0,0,0,0,0,0,0,0,0,0,0,0,0,274,16064,0,0,0,0
104918.148,17115,58,0,0,0,0,0,8,70880,44,101,0,0,0,0,0,0,0,0,0,0,0,0,0,0,0,0,0,0,0,0,0,0,274,15972,0,0,0,0
104934.760,16612,60,0,0,0,0,0,8,71034,44,101,0,0,0,0,0,0,0,0,0,0,0,0,0,0,0,0,0,0,0,0,0,0,274,17479,0,0,0,0
104951.193,16433,60,0,0,0,0,0,8,71058,44,101,0,0,0,0,0,0,0,0,0,0,0,0,0,0,0,0,0,0,0,0,0,0,268,11783,0,0,0,0
104967.720,16526,60,0,0,0,0,0,8,70871,44,101,0,0,0,0,0,0,0,0,0,0,0,0,0,0,0,0,0,0,0,0,0,0,299,16811,0,0,0,0
104985.144,17424,57,0,0,0,0,0,8,71055,44,101,0,0,0,0,0,0,0,0,0,0,0,0,0,0,0,0,0,0,0,0,0,0,299,17737,0,0,0,0
