t_ms,frame_time_us,fps,draw_calls,command_buffer_stalls,vertices_processed,xma_frames_decoded,audio_frame_latency_us,buffer_queue_depth,functions_dispatched,interrupt_dispatches,active_threads,apc_queue_depth,critical_region_contentions,texture_cache_hits,texture_cache_misses,pipeline_cache_hits,pipeline_cache_misses,cp_busy_us,cp_idle_us,fence_wait_us,swap_us,gpu_busy_us,submissions,resolves,render_target_switches,barrier_batches,barriers,pipelines_created,shader_translations,draws_skipped_pending,cp_waitregmem_us,cp_waitregmem_count,cp_thread_cpu_us,guest_swap_thread_cpu_us,guest_swap_interval_us,app0,app1,app2,app3
0.000,0,0,0,0,0,0,0,8,86533,28,39,0,0,0,0,0,0,0,0,0,0,0,0,0,0,0,0,0,0,0,0,0,0,216,309,0,0,0,0
16.293,16519,60,0,0,0,0,0,8,205,5,39,0,0,0,0,0,0,0,0,0,0,0,0,0,0,0,0,0,0,0,0,0,0,0,0,0,0,0,0
64.686,48393,20,0,0,0,0,0,8,697,8,39,0,0,0,0,0,0,0,0,0,0,0,0,0,0,0,0,0,0,0,0,0,0,397,64918,0,0,0,0
79.808,15122,66,0,0,0,0,0,8,438,5,39,0,0,0,0,0,0,0,0,0,0,0,0,0,0,0,0,0,0,0,0,0,0,149,15117,0,0,0,0
94.481,14672,68,0,0,0,0,0,8,393,5,39,0,0,0,0,0,0,0,0,0,0,0,0,0,0,0,0,0,0,0,0,0,0,141,14674,0,0,0,0
110.088,15607,64,0,0,0,0,0,8,462,5,39,0,0,0,0,0,0,0,0,0,0,0,0,0,0,0,0,0,0,0,0,0,0,112,15608,0,0,0,0
124.804,14715,67,0,0,0,0,0,8,297,5,39,0,0,0,0,0,0,0,0,0,0,0,0,0,0,0,0,0,0,0,0,0,0,191,1903,0,0,0,0
141.429,16625,60,0,0,0,0,0,8,299,5,39,0,0,0,0,0,0,0,0,0,0,0,0,0,0,0,0,0,0,0,0,0,0,246,14142,0,0,0,0
157.844,16414,60,0,0,0,0,0,8,448,5,39,0,0,0,0,0,0,0,0,0,0,0,0,0,0,0,0,0,0,0,0,0,0,249,31016,0,0,0,0
174.532,16688,59,0,0,0,0,0,8,418,5,39,0,0,0,0,0,0,0,0,0,0,0,0,0,0,0,0,0,0,0,0,0,0,154,16681,0,0,0,0
191.389,16856,59,0,0,0,0,0,8,300,5,39,0,0,0,0,0,0,0,0,0,0,0,0,0,0,0,0,0,0,0,0,0,0,153,1978,0,0,0,0
207.805,16416,60,0,0,0,0,0,8,299,5,39,0,0,0,0,0,0,0,0,0,0,0,0,0,0,0,0,0,0,0,0,0,0,242,16922,0,0,0,0
224.445,16639,60,0,0,0,0,0,8,419,5,39,0,0,0,0,0,0,0,0,0,0,0,0,0,0,0,0,0,0,0,0,0,0,255,30518,0,0,0,0
241.387,16943,59,0,0,0,0,0,8,446,5,39,0,0,0,0,0,0,0,0,0,0,0,0,0,0,0,0,0,0,0,0,0,0,163,17403,0,0,0,0
257.925,16537,60,0,0,0,0,0,8,286,5,39,0,0,0,0,0,0,0,0,0,0,0,0,0,0,0,0,0,0,0,0,0,0,146,1999,0,0,0,0
274.555,16629,60,0,0,0,0,0,8,239,5,39,0,0,0,0,0,0,0,0,0,0,0,0,0,0,0,0,0,0,0,0,0,0,219,16523,0,0,0,0
291.281,16726,59,0,0,0,0,0,8,486,5,39,0,0,0,0,0,0,0,0,0,0,0,0,0,0,0,0,0,0,0,0,0,0,249,30709,0,0,0,0
307.799,16518,60,0,0,0,0,0,8,472,5,39,0,0,0,0,0,0,0,0,0,0,0,0,0,0,0,0,0,0,0,0,0,0,152,17703,0,0,0,0
325.294,17494,57,0,0,0,0,0,8,205,5,39,0,0,0,0,0,0,0,0,0,0,0,0,0,0,0,0,0,0,0,0,0,0,135,1428,0,0,0,0
341.019,15725,63,0,0,0,0,0,8,299,5,39,0,0,0,0,0,0,0,0,0,0,0,0,0,0,0,0,0,0,0,0,0,0,237,17580,0,0,0,0
358.276,17257,57,0,0,0,0,0,8,476,5,39,0,0,0,0,0,0,0,0,0,0,0,0,0,0,0,0,0,0,0,0,0,0,246,30699,0,0,0,0
375.284,17007,58,0,0,0,0,0,8,417,5,39,0,0,0,0,0,0,0,0,0,0,0,0,0,0,0,0,0,0,0,0,0,0,108,17569,0,0,0,0
391.444,16160,61,0,0,0,0,0,8,300,5,39,0,0,0,0,0,0,0,0,0,0,0,0,0,0,0,0,0,0,0,0,0,0,138,1703,0,0,0,0
407.803,16358,61,0,0,0,0,0,8,263,5,39,0,0,0,0,0,0,0,0,0,0,0,0,0,0,0,0,0,0,0,0,0,0,234,16166,0,0,0,0
424.815,17011,58,0,0,0,0,0,8,306,5,39,0,0,0,0,0,0,0,0,0,0,0,0,0,0,0,0,0,0,0,0,0,0,0,0,0,0,0,0
440.994,16179,61,0,0,0,0,0,8,424,5,39,0,0,0,0,0,0,0,0,0,0,0,0,0,0,0,0,0,0,0,0,0,0,223,33010,0,0,0,0
457.810,16815,59,0,0,0,0,0,8,444,5,39,0,0,0,0,0,0,0,0,0,0,0,0,0,0,0,0,0,0,0,0,0,0,198,17880,0,0,0,0
474.831,17021,58,0,0,0,0,0,8,238,5,39,0,0,0,0,0,0,0,0,0,0,0,0,0,0,0,0,0,0,0,0,0,0,240,15479,0,0,0,0
491.006,16175,61,0,0,0,0,0,8,330,5,39,0,0,0,0,0,0,0,0,0,0,0,0,0,0,0,0,0,0,0,0,0,0,0,0,0,0,0,0
507.796,16790,59,0,0,0,0,0,8,485,5,39,0,0,0,0,0,0,0,0,0,0,0,0,0,0,0,0,0,0,0,0,0,0,228,33001,0,0,0,0
524.436,16638,60,0,0,0,0,0,8,336,5,39,0,0,0,0,0,0,0,0,0,0,0,0,0,0,0,0,0,0,0,0,0,0,211,16804,0,0,0,0
542.287,17851,56,0,0,0,0,0,8,312,5,39,0,0,0,0,0,0,0,0,0,0,0,0,0,0,0,0,0,0,0,0,0,0,229,16867,0,0,0,0
557.800,15513,64,0,0,0,0,0,8,286,5,39,0,0,0,0,0,0,0,0,0,0,0,0,0,0,0,0,0,0,0,0,0,0,0,0,0,0,0,0
574.408,16608,60,0,0,0,0,0,8,410,5,39,0,0,0,0,0,0,0,0,0,0,0,0,0,0,0,0,0,0,0,0,0,0,229,33993,0,0,0,0
592.314,17906,55,0,0,0,0,0,8,453,5,39,0,0,0,0,0,0,0,0,0,0,0,0,0,0,0,0,0,0,0,0,0,0,202,17449,0,0,0,0
607.959,15645,63,0,0,0,0,0,8,293,5,39,0,0,0,0,0,0,0,0,0,0,0,0,0,0,0,0,0,0,0,0,0,0,238,16403,0,0,0,0
624.562,16603,60,0,0,0,0,0,8,384,5,39,0,0,0,0,0,0,0,0,0,0,0,0,0,0,0,0,0,0,0,0,0,0,0,0,0,0,0,0
641.087,16524,60,0,0,0,0,0,8,365,5,39,0,0,0,0,0,0,0,0,0,0,0,0,0,0,0,0,0,0,0,0,0,0,243,31084,0,0,0,0
658.277,17190,58,0,0,0,0,0,8,405,5,39,0,0,0,0,0,0,0,0,0,0,0,0,0,0,0,0,0,0,0,0,0,0,187,17871,0,0,0,0
674.846,16568,60,0,0,0,0,0,8,233,5,39,0,0,0,0,0,0,0,0,0,0,0,0,0,0,0,0,0,0,0,0,0,0,231,17013,0,0,0,0
692.278,17432,57,0,0,0,0,0,8,427,5,39,0,0,0,0,0,0,0,0,0,0,0,0,0,0,0,0,0,0,0,0,0,0,0,0,0,0,0,0
707.794,15516,64,0,0,0,0,0,8,379,5,39,0,0,0,0,0,0,0,0,0,0,0,0,0,0,0,0,0,0,0,0,0,0,224,33037,0,0,0,0
725.331,17536,57,0,0,0,0,0,8,345,5,39,0,0,0,0,0,0,0,0,0,0,0,0,0,0,0,0,0,0,0,0,0,0,172,17582,0,0,0,0
742.284,16953,58,0,0,0,0,0,8,298,5,39,0,0,0,0,0,0,0,0,0,0,0,0,0,0,0,0,0,0,0,0,0,0,236,16409,0,0,0,0
757.799,15515,64,0,0,0,0,0,8,323,5,39,0,0,0,0,0,0,0,0,0,0,0,0,0,0,0,0,0,0,0,0,0,0,0,0,0,0,0,0
774.433,16633,60,0,0,0,0,0,8,422,5,39,0,0,0,0,0,0,0,0,0,0,0,0,0,0,0,0,0,0,0,0,0,0,239,32958,0,0,0,0
791.320,16887,59,0,0,0,0,0,8,435,5,39,0,0,0,0,0,0,0,0,0,0,0,0,0,0,0,0,0,0,0,0,0,0,208,16799,0,0,0,0
807.817,16496,60,0,0,0,0,0,8,267,5,39,0,0,0,0,0,0,0,0,0,0,0,0,0,0,0,0,0,0,0,0,0,0,259,16272,0,0,0,0
825.287,17469,57,0,0,0,0,0,8,422,5,39,0,0,0,0,0,0,0,0,0,0,0,0,0,0,0,0,0,0,0,0,0,0,232,32207,0,0,0,0
841.399,16112,62,0,0,0,0,0,8,324,5,39,0,0,0,0,0,0,0,0,0,0,0,0,0,0,0,0,0,0,0,0,0,0,0,0,0,0,0,0
857.798,16399,60,0,0,0,0,0,8,440,5,39,0,0,0,0,0,0,0,0,0,0,0,0,0,0,0,0,0,0,0,0,0,0,239,18498,0,0,0,0
874.793,16994,58,0,0,0,0,0,8,228,5,39,0,0,0,0,0,0,0,0,0,0,0,0,0,0,0,0,0,0,0,0,0,0,255,15770,0,0,0,0
891.385,16591,60,0,0,0,0,0,8,461,5,39,0,0,0,0,0,0,0,0,0,0,0,0,0,0,0,0,0,0,0,0,0,0,237,31837,0,0,0,0
908.277,16891,59,0,0,0,0,0,8,419,5,39,0,0,0,0,0,0,0,0,0,0,0,0,0,0,0,0,0,0,0,0,0,0,0,0,0,0,0,0
924.867,16590,60,0,0,0,0,0,8,290,5,39,0,0,0,0,0,0,0,0,0,0,0,0,0,0,0,0,0,0,0,0,0,0,221,17717,0,0,0,0
941.052,16184,61,0,0,0,0,0,8,298,5,39,0,0,0,0,0,0,0,0,0,0,0,0,0,0,0,0,0,0,0,0,0,0,232,17494,0,0,0,0
958.274,17221,58,0,0,0,0,0,8,454,5,39,0,0,0,0,0,0,0,0,0,0,0,0,0,0,0,0,0,0,0,0,0,0,229,30887,0,0,0,0
974.483,16209,61,0,0,0,0,0,8,263,5,39,0,0,0,0,0,0,0,0,0,0,0,0,0,0,0,0,0,0,0,0,0,0,0,0,0,0,0,0
992.286,17803,56,0,0,0,0,0,8,447,5,39,0,0,0,0,0,0,0,0,0,0,0,0,0,0,0,0,0,0,0,0,0,0,243,19451,0,0,0,0
1007.282,14995,66,0,0,0,0,0,8,293,5,39,0,0,0,0,0,0,0,0,0,0,0,0,0,0,0,0,0,0,0,0,0,0,226,17060,0,0,0,0
1025.275,17992,55,0,0,0,0,0,8,362,5,39,0,0,0,0,0,0,0,0,0,0,0,0,0,0,0,0,0,0,0,0,0,0,0,0,0,0,0,0
1041.276,16001,62,0,0,0,0,0,8,339,5,39,0,0,0,0,0,0,0,0,0,0,0,0,0,0,0,0,0,0,0,0,0,0,226,31869,0,0,0,0
1057.872,16595,60,0,0,0,0,0,8,447,5,39,0,0,0,0,0,0,0,0,0,0,0,0,0,0,0,0,0,0,0,0,0,0,192,18105,0,0,0,0
1074.788,16916,59,0,0,0,0,0,8,239,5,39,0,0,0,0,0,0,0,0,0,0,0,0,0,0,0,0,0,0,0,0,0,0,258,15626,0,0,0,0
1091.798,17010,58,0,0,0,0,0,8,396,5,39,0,0,0,0,0,0,0,0,0,0,0,0,0,0,0,0,0,0,0,0,0,0,0,0,0,0,0,0
1107.856,16058,62,0,0,0,0,0,8,416,5,39,0,0,0,0,0,0,0,0,0,0,0,0,0,0,0,0,0,0,0,0,0,0,236,33215,0,0,0,0
1124.570,16713,59,0,0,0,0,0,8,329,5,39,0,0,0,0,0,0,0,0,0,0,0,0,0,0,0,0,0,0,0,0,0,0,201,17021,0,0,0,0
1141.493,16913,59,0,0,0,0,0,8,304,5,39,0,0,0,0,0,0,0,0,0,0,0,0,0,0,0,0,0,0,0,0,0,0,200,16387,0,0,0,0
1157.834,16351,61,0,0,0,0,0,8,455,5,39,0,0,0,0,0,0,0,0,0,0,0,0,0,0,0,0,0,0,0,0,0,0,0,0,0,0,0,0
1175.281,17446,57,0,0,0,0,0,8,444,5,39,0,0,0,0,0,0,0,0,0,0,0,0,0,0,0,0,0,0,0,0,0,0,359,47846,0,0,0,0
1191.278,15996,62,0,0,0,0,0,8,291,5,39,0,0,0,0,0,0,0,0,0,0,0,0,0,0,0,0,0,0,0,0,0,0,156,2882,0,0,0,0
1208.296,17018,58,0,0,0,0,0,8,267,5,39,0,0,0,0,0,0,0,0,0,0,0,0,0,0,0,0,0,0,0,0,0,0,248,16079,0,0,0,0
1224.406,16110,62,0,0,0,0,0,8,421,5,39,0,0,0,0,0,0,0,0,0,0,0,0,0,0,0,0,0,0,0,0,0,0,230,31781,0,0,0,0
1241.426,17019,58,0,0,0,0,0,8,483,5,39,0,0,0,0,0,0,0,0,0,0,0,0,0,0,0,0,0,0,0,0,0,0,124,16703,0,0,0,0
1257.384,15957,62,0,0,0,0,0,8,289,5,39,0,0,0,0,0,0,0,0,0,0,0,0,0,0,0,0,0,0,0,0,0,0,146,1577,0,0,0,0
1275.282,17898,55,0,0,0,0,0,8,233,5,39,0,0,0,0,0,0,0,0,0,0,0,0,0,0,0,0,0,0,0,0,0,0,221,15945,0,0,0,0
1291.419,16136,61,0,0,0,0,0,8,367,5,39,0,0,0,0,0,0,0,0,0,0,0,0,0,0,0,0,0,0,0,0,0,0,0,0,0,0,0,0
1307.953,16535,60,0,0,0,0,0,8,441,5,39,0,0,0,0,0,0,0,0,0,0,0,0,0,0,0,0,0,0,0,0,0,0,241,33208,0,0,0,0
1324.694,16740,59,0,0,0,0,0,8,351,5,39,0,0,0,0,0,0,0,0,0,0,0,0,0,0,0,0,0,0,0,0,0,0,184,17219,0,0,0,0
1341.410,16715,59,0,0,0,0,0,8,301,5,39,0,0,0,0,0,0,0,0,0,0,0,0,0,0,0,0,0,0,0,0,0,0,229,16941,0,0,0,0
1357.888,16478,60,0,0,0,0,0,8,307,5,39,0,0,0,0,0,0,0,0,0,0,0,0,0,0,0,0,0,0,0,0,0,0,0,0,0,0,0,0
1375.273,17385,57,0,0,0,0,0,8,423,5,39,0,0,0,0,0,0,0,0,0,0,0,0,0,0,0,0,0,0,0,0,0,0,229,33073,0,0,0,0
1391.478,16204,61,0,0,0,0,0,8,426,5,39,0,0,0,0,0,0,0,0,0,0,0,0,0,0,0,0,0,0,0,0,0,0,211,17416,0,0,0,0
1407.808,16330,61,0,0,0,0,0,8,289,5,39,0,0,0,0,0,0,0,0,0,0,0,0,0,0,0,0,0,0,0,0,0,0,269,16422,0,0,0,0
1425.285,17477,57,0,0,0,0,0,8,428,5,39,0,0,0,0,0,0,0,0,0,0,0,0,0,0,0,0,0,0,0,0,0,0,251,32221,0,0,0,0
1441.065,15779,63,0,0,0,0,0,8,291,5,39,0,0,0,0,0,0,0,0,0,0,0,0,0,0,0,0,0,0,0,0,0,0,0,0,0,0,0,0
1458.277,17212,58,0,0,0,0,0,8,444,5,39,0,0,0,0,0,0,0,0,0,0,0,0,0,0,0,0,0,0,0,0,0,0,237,17973,0,0,0,0
1475.284,17006,58,0,0,0,0,0,8,237,5,39,0,0,0,0,0,0,0,0,0,0,0,0,0,0,0,0,0,0,0,0,0,0,222,16461,0,0,0,0
1491.414,16130,61,0,0,0,0,0,8,385,5,39,0,0,0,0,0,0,0,0,0,0,0,0,0,0,0,0,0,0,0,0,0,0,0,0,0,0,0,0
1507.273,15859,63,0,0,0,0,0,8,422,5,39,0,0,0,0,0,0,0,0,0,0,0,0,0,0,0,0,0,0,0,0,0,0,250,32388,0,0,0,0
1525.274,18000,55,0,0,0,0,0,8,337,5,39,0,0,0,0,0,0,0,0,0,0,0,0,0,0,0,0,0,0,0,0,0,0,210,16726,0,0,0,0
1541.387,16113,62,0,0,0,0,0,8,306,5,39,0,0,0,0,0,0,0,0,0,0,0,0,0,0,0,0,0,0,0,0,0,0,255,17903,0,0,0,0
1557.948,16560,60,0,0,0,0,0,8,415,5,39,0,0,0,0,0,0,0,0,0,0,0,0,0,0,0,0,0,0,0,0,0,0,0,0,0,0,0,0
1575.279,17331,57,0,0,0,0,0,8,485,5,39,0,0,0,0,0,0,0,0,0,0,0,0,0,0,0,0,0,0,0,0,0,0,321,48415,0,0,0,0
1592.254,16974,58,0,0,0,0,0,8,289,5,39,0,0,0,0,0,0,0,0,0,0,0,0,0,0,0,0,0,0,0,0,0,0,133,1517,0,0,0,0
1607.855,15601,64,0,0,0,0,0,8,266,5,39,0,0,0,0,0,0,0,0,0,0,0,0,0,0,0,0,0,0,0,0,0,0,219,17034,0,0,0,0
1625.284,17429,57,0,0,0,0,0,8,427,5,39,0,0,0,0,0,0,0,0,0,0,0,0,0,0,0,0,0,0,0,0,0,0,202,30816,0,0,0,0
1641.480,16196,61,0,0,0,0,0,8,332,5,39,0,0,0,0,0,0,0,0,0,0,0,0,0,0,0,0,0,0,0,0,0,0,0,0,0,0,0,0
1657.804,16323,61,0,0,0,0,0,8,427,5,39,0,0,0,0,0,0,0,0,0,0,0,0,0,0,0,0,0,0,0,0,0,0,247,18276,0,0,0,0
1674.582,16778,59,0,0,0,0,0,8,244,5,39,0,0,0,0,0,0,0,0,0,0,0,0,0,0,0,0,0,0,0,0,0,0,225,16474,0,0,0,0
1691.413,16831,59,0,0,0,0,0,8,451,5,39,0,0,0,0,0,0,0,0,0,0,0,0,0,0,0,0,0,0,0,0,0,0,218,31113,0,0,0,0
1707.448,16034,62,0,0,0,0,0,8,406,5,39,0,0,0,0,0,0,0,0,0,0,0,0,0,0,0,0,0,0,0,0,0,0,0,0,0,0,0,0
1724.484,17036,58,0,0,0,0,0,8,292,5,39,0,0,0,0,0,0,0,0,0,0,0,0,0,0,0,0,0,0,0,0,0,0,257,17608,0,0,0,0
1741.058,16573,60,0,0,0,0,0,8,304,5,39,0,0,0,0,0,0,0,0,0,0,0,0,0,0,0,0,0,0,0,0,0,0,239,17930,0,0,0,0
1757.744,16686,59,0,0,0,0,0,8,451,5,39,0,0,0,0,0,0,0,0,0,0,0,0,0,0,0,0,0,0,0,0,0,0,223,30717,0,0,0,0
1774.853,17109,58,0,0,0,0,0,8,414,5,39,0,0,0,0,0,0,0,0,0,0,0,0,0,0,0,0,0,0,0,0,0,0,141,18290,0,0,0,0
1791.044,16191,61,0,0,0,0,0,8,294,5,39,0,0,0,0,0,0,0,0,0,0,0,0,0,0,0,0,0,0,0,0,0,0,119,1292,0,0,0,0
1807.808,16763,59,0,0,0,0,0,8,307,5,39,0,0,0,0,0,0,0,0,0,0,0,0,0,0,0,0,0,0,0,0,0,0,288,16328,0,0,0,0
1824.454,16647,60,0,0,0,0,0,8,419,5,39,0,0,0,0,0,0,0,0,0,0,0,0,0,0,0,0,0,0,0,0,0,0,227,31907,0,0,0,0
1841.445,16990,58,0,0,0,0,0,8,345,5,39,0,0,0,0,0,0,0,0,0,0,0,0,0,0,0,0,0,0,0,0,0,0,0,0,0,0,0,0
1857.856,16411,60,0,0,0,0,0,8,394,5,39,0,0,0,0,0,0,0,0,0,0,0,0,0,0,0,0,0,0,0,0,0,0,201,18065,0,0,0,0
1874.855,16998,58,0,0,0,0,0,8,235,5,39,0,0,0,0,0,0,0,0,0,0,0,0,0,0,0,0,0,0,0,0,0,0,232,16782,0,0,0,0
1891.374,16519,60,0,0,0,0,0,8,399,5,39,0,0,0,0,0,0,0,0,0,0,0,0,0,0,0,0,0,0,0,0,0,0,0,0,0,0,0,0
1907.828,16453,60,0,0,0,0,0,8,432,5,39,0,0,0,0,0,0,0,0,0,0,0,0,0,0,0,0,0,0,0,0,0,0,207,32644,0,0,0,0
1925.269,17441,57,0,0,0,0,0,8,318,5,39,0,0,0,0,0,0,0,0,0,0,0,0,0,0,0,0,0,0,0,0,0,0,201,17142,0,0,0,0
1941.458,16188,61,0,0,0,0,0,8,299,5,39,0,0,0,0,0,0,0,0,0,0,0,0,0,0,0,0,0,0,0,0,0,0,239,17628,0,0,0,0
1957.972,16514,60,0,0,0,0,0,8,290,5,39,0,0,0,0,0,0,0,0,0,0,0,0,0,0,0,0,0,0,0,0,0,0,616,17146,0,0,0,0
1975.276,17304,57,0,0,0,0,0,8,193,5,39,0,0,0,0,0,0,0,0,0,0,0,0,0,0,0,0,0,0,0,0,0,0,223,15462,0,0,0,0
1991.539,16252,61,0,0,0,0,0,8,236,5,39,0,0,0,0,0,0,0,0,0,0,0,0,0,0,0,0,0,0,0,0,0,0,225,17348,0,0,0,0
2007.827,16298,61,0,0,0,0,0,8,197,5,39,0,0,0,0,0,0,0,0,0,0,0,0,0,0,0,0,0,0,0,0,0,0,285,16321,0,0,0,0
2024.550,16723,59,0,0,0,0,0,8,406,5,39,0,0,0,0,0,0,0,0,0,0,0,0,0,0,0,0,0,0,0,0,0,0,834,27724,0,0,0,0
2040.916,16366,61,0,0,0,0,0,8,246,5,39,0,0,0,0,0,0,0,0,0,0,0,0,0,0,0,0,0,0,0,0,0,0,185,5268,0,0,0,0
2057.901,16984,58,0,0,0,0,0,8,251,5,39,0,0,0,0,0,0,0,0,0,0,0,0,0,0,0,0,0,0,0,0,0,0,242,16620,0,0,0,0
2075.277,17376,57,0,0,0,0,0,8,206,5,39,0,0,0,0,0,0,0,0,0,0,0,0,0,0,0,0,0,0,0,0,0,0,237,16673,0,0,0,0
2091.075,15798,63,0,0,0,0,0,8,406,5,39,0,0,0,0,0,0,0,0,0,0,0,0,0,0,0,0,0,0,0,0,0,0,241,28132,0,0,0,0
2108.272,17196,58,0,0,0,0,0,8,434,5,39,0,0,0,0,0,0,0,0,0,0,0,0,0,0,0,0,0,0,0,0,0,0,167,18269,0,0,0,0
2125.271,16999,58,0,0,0,0,0,8,207,5,39,0,0,0,0,0,0,0,0,0,0,0,0,0,0,0,0,0,0,0,0,0,0,160,4014,0,0,0,0
2141.345,16074,62,0,0,0,0,0,8,247,5,39,0,0,0,0,0,0,0,0,0,0,0,0,0,0,0,0,0,0,0,0,0,0,241,16965,0,0,0,0
2157.787,16441,60,0,0,0,0,0,8,406,5,39,0,0,0,0,0,0,0,0,0,0,0,0,0,0,0,0,0,0,0,0,0,0,238,28682,0,0,0,0
2174.813,17025,58,0,0,0,0,0,8,386,5,39,0,0,0,0,0,0,0,0,0,0,0,0,0,0,0,0,0,0,0,0,0,0,147,17364,0,0,0,0
2191.821,17008,58,0,0,0,0,0,8,255,5,39,0,0,0,0,0,0,0,0,0,0,0,0,0,0,0,0,0,0,0,0,0,0,203,3557,0,0,0,0
2207.886,16065,62,0,0,0,0,0,8,250,5,39,0,0,0,0,0,0,0,0,0,0,0,0,0,0,0,0,0,0,0,0,0,0,217,16884,0,0,0,0
2225.272,17386,57,0,0,0,0,0,8,387,5,39,0,0,0,0,0,0,0,0,0,0,0,0,0,0,0,0,0,0,0,0,0,0,208,28624,0,0,0,0
2241.411,16138,61,0,0,0,0,0,8,406,5,39,0,0,0,0,0,0,0,0,0,0,0,0,0,0,0,0,0,0,0,0,0,0,182,18583,0,0,0,0
2257.789,16378,61,0,0,0,0,0,8,246,5,39,0,0,0,0,0,0,0,0,0,0,0,0,0,0,0,0,0,0,0,0,0,0,158,2483,0,0,0,0
2275.274,17484,57,0,0,0,0,0,8,211,5,39,0,0,0,0,0,0,0,0,0,0,0,0,0,0,0,0,0,0,0,0,0,0,237,16308,0,0,0,0
2292.275,17001,58,0,0,0,0,0,8,435,5,39,0,0,0,0,0,0,0,0,0,0,0,0,0,0,0,0,0,0,0,0,0,0,241,30035,0,0,0,0
2307.355,15080,66,0,0,0,0,0,8,426,5,39,0,0,0,0,0,0,0,0,0,0,0,0,0,0,0,0,0,0,0,0,0,0,145,17666,0,0,0,0
2324.282,16926,59,0,0,0,0,0,8,182,5,39,0,0,0,0,0,0,0,0,0,0,0,0,0,0,0,0,0,0,0,0,0,0,166,1936,0,0,0,0
2340.903,16621,60,0,0,0,0,0,8,250,5,39,0,0,0,0,0,0,0,0,0,0,0,0,0,0,0,0,0,0,0,0,0,0,239,16888,0,0,0,0
2357.812,16908,59,0,0,0,0,0,8,431,5,39,0,0,0,0,0,0,0,0,0,0,0,0,0,0,0,0,0,0,0,0,0,0,242,29132,0,0,0,0
2374.452,16640,60,0,0,0,0,0,8,384,5,39,0,0,0,0,0,0,0,0,0,0,0,0,0,0,0,0,0,0,0,0,0,0,156,18652,0,0,0,0
2391.011,16558,60,0,0,0,0,0,8,253,5,39,0,0,0,0,0,0,0,0,0,0,0,0,0,0,0,0,0,0,0,0,0,0,158,2409,0,0,0,0
2407.302,16290,61,0,0,0,0,0,8,223,5,39,0,0,0,0,0,0,0,0,0,0,0,0,0,0,0,0,0,0,0,0,0,0,235,16506,0,0,0,0
2424.274,16972,58,0,0,0,0,0,8,385,5,39,0,0,0,0,0,0,0,0,0,0,0,0,0,0,0,0,0,0,0,0,0,0,234,28811,0,0,0,0
2442.262,17988,55,0,0,0,0,0,8,435,5,39,0,0,0,0,0,0,0,0,0,0,0,0,0,0,0,0,0,0,0,0,0,0,157,17998,0,0,0,0
2457.843,15581,64,0,0,0,0,0,8,251,5,39,0,0,0,0,0,0,0,0,0,0,0,0,0,0,0,0,0,0,0,0,0,0,165,4474,0,0,0,0
2475.264,17420,57,0,0,0,0,0,8,201,5,39,0,0,0,0,0,0,0,0,0,0,0,0,0,0,0,0,0,0,0,0,0,0,238,15627,0,0,0,0
2490.829,15565,64,0,0,0,0,0,8,407,5,39,0,0,0,0,0,0,0,0,0,0,0,0,0,0,0,0,0,0,0,0,0,0,226,29935,0,0,0,0
2507.790,16960,58,0,0,0,0,0,8,430,5,39,0,0,0,0,0,0,0,0,0,0,0,0,0,0,0,0,0,0,0,0,0,0,171,17145,0,0,0,0
2523.908,16118,62,0,0,0,0,0,8,207,5,39,0,0,0,0,0,0,0,0,0,0,0,0,0,0,0,0,0,0,0,0,0,0,134,2802,0,0,0,0
2541.402,17493,57,0,0,0,0,0,8,255,5,39,0,0,0,0,0,0,0,0,0,0,0,0,0,0,0,0,0,0,0,0,0,0,219,16213,0,0,0,0
2557.837,16435,60,0,0,0,0,0,8,401,5,39,0,0,0,0,0,0,0,0,0,0,0,0,0,0,0,0,0,0,0,0,0,0,238,29872,0,0,0,0
2574.863,17026,58,0,0,0,0,0,8,383,5,39,0,0,0,0,0,0,0,0,0,0,0,0,0,0,0,0,0,0,0,0,0,0,159,17294,0,0,0,0
2591.005,16141,61,0,0,0,0,0,8,251,5,39,0,0,0,0,0,0,0,0,0,0,0,0,0,0,0,0,0,0,0,0,0,0,149,3673,0,0,0,0
2607.803,16798,59,0,0,0,0,0,8,246,5,39,0,0,0,0,0,0,0,0,0,0,0,0,0,0,0,0,0,0,0,0,0,0,277,16446,0,0,0,0
2624.403,16600,60,0,0,0,0,0,8,382,5,39,0,0,0,0,0,0,0,0,0,0,0,0,0,0,0,0,0,0,0,0,0,0,231,29789,0,0,0,0
2641.113,16709,59,0,0,0,0,0,8,410,5,39,0,0,0,0,0,0,0,0,0,0,0,0,0,0,0,0,0,0,0,0,0,0,142,16794,0,0,0,0
2657.277,16164,61,0,0,0,0,0,8,251,5,39,0,0,0,0,0,0,0,0,0,0,0,0,0,0,0,0,0,0,0,0,0,0,147,3338,0,0,0,0
2675.261,17984,55,0,0,0,0,0,8,199,5,39,0,0,0,0,0,0,0,0,0,0,0,0,0,0,0,0,0,0,0,0,0,0,233,16053,0,0,0,0
2692.262,17001,58,0,0,0,0,0,8,438,5,39,0,0,0,0,0,0,0,0,0,0,0,0,0,0,0,0,0,0,0,0,0,0,220,30637,0,0,0,0
2707.779,15516,64,0,0,0,0,0,8,376,5,39,0,0,0,0,0,0,0,0,0,0,0,0,0,0,0,0,0,0,0,0,0,0,0,0,0,0,0,0
2724.328,16548,60,0,0,0,0,0,8,235,5,39,0,0,0,0,0,0,0,0,0,0,0,0,0,0,0,0,0,0,0,0,0,0,291,18961,0,0,0,0
2741.005,16677,59,0,0,0,0,0,8,255,5,39,0,0,0,0,0,0,0,0,0,0,0,0,0,0,0,0,0,0,0,0,0,0,225,17438,0,0,0,0
2757.942,16936,59,0,0,0,0,0,8,431,5,39,0,0,0,0,0,0,0,0,0,0,0,0,0,0,0,0,0,0,0,0,0,0,233,29102,0,0,0,0
2774.732,16789,59,0,0,0,0,0,8,205,5,39,0,0,0,0,0,0,0,0,0,0,0,0,0,0,0,0,0,0,0,0,0,0,139,4531,0,0,0,0
2791.042,16309,61,0,0,0,0,0,8,435,5,39,0,0,0,0,0,0,0,0,0,0,0,0,0,0,0,0,0,0,0,0,0,0,248,30451,0,0,0,0
2807.296,16254,61,0,0,0,0,0,8,411,5,39,0,0,0,0,0,0,0,0,0,0,0,0,0,0,0,0,0,0,0,0,0,0,169,14991,0,0,0,0
2825.271,17975,55,0,0,0,0,0,8,206,5,39,0,0,0,0,0,0,0,0,0,0,0,0,0,0,0,0,0,0,0,0,0,0,171,3973,0,0,0,0
2841.427,16155,61,0,0,0,0,0,8,247,5,39,0,0,0,0,0,0,0,0,0,0,0,0,0,0,0,0,0,0,0,0,0,0,233,17917,0,0,0,0
2857.950,16523,60,0,0,0,0,0,8,434,5,39,0,0,0,0,0,0,0,0,0,0,0,0,0,0,0,0,0,0,0,0,0,0,230,30406,0,0,0,0
2875.268,17317,57,0,0,0,0,0,8,386,5,39,0,0,0,0,0,0,0,0,0,0,0,0,0,0,0,0,0,0,0,0,0,0,132,14749,0,0,0,0
2891.398,16130,61,0,0,0,0,0,8,226,5,39,0,0,0,0,0,0,0,0,0,0,0,0,0,0,0,0,0,0,0,0,0,0,156,4839,0,0,0,0
2907.779,16380,61,0,0,0,0,0,8,247,5,39,0,0,0,0,0,0,0,0,0,0,0,0,0,0,0,0,0,0,0,0,0,0,217,16138,0,0,0,0
2924.905,17126,58,0,0,0,0,0,8,386,5,39,0,0,0,0,0,0,0,0,0,0,0,0,0,0,0,0,0,0,0,0,0,0,227,29535,0,0,0,0
2941.007,16102,62,0,0,0,0,0,8,435,5,39,0,0,0,0,0,0,0,0,0,0,0,0,0,0,0,0,0,0,0,0,0,0,155,17215,0,0,0,0
2957.843,16835,59,0,0,0,0,0,8,226,5,39,0,0,0,0,0,0,0,0,0,0,0,0,0,0,0,0,0,0,0,0,0,0,130,2830,0,0,0,0
2974.583,16740,59,0,0,0,0,0,8,207,5,39,0,0,0,0,0,0,0,0,0,0,0,0,0,0,0,0,0,0,0,0,0,0,223,16865,0,0,0,0
2992.273,17690,56,0,0,0,0,0,8,435,5,39,0,0,0,0,0,0,0,0,0,0,0,0,0,0,0,0,0,0,0,0,0,0,257,30012,0,0,0,0
3007.866,15593,64,0,0,0,0,0,8,422,5,39,0,0,0,0,0,0,0,0,0,0,0,0,0,0,0,0,0,0,0,0,0,0,146,17072,0,0,0,0
3024.820,16953,58,0,0,0,0,0,8,206,5,39,0,0,0,0,0,0,0,0,0,0,0,0,0,0,0,0,0,0,0,0,0,0,159,2950,0,0,0,0
3041.401,16569,60,0,0,0,0,0,8,230,5,39,0,0,0,0,0,0,0,0,0,0,0,0,0,0,0,0,0,0,0,0,0,0,228,16936,0,0,0,0
3057.269,15879,62,0,0,0,0,0,8,431,5,39,0,0,0,0,0,0,0,0,0,0,0,0,0,0,0,0,0,0,0,0,0,0,230,29943,0,0,0,0
3075.265,17995,55,0,0,0,0,0,8,390,5,39,0,0,0,0,0,0,0,0,0,0,0,0,0,0,0,0,0,0,0,0,0,0,169,14940,0,0,0,0
3092.261,16996,58,0,0,0,0,0,8,254,5,39,0,0,0,0,0,0,0,0,0,0,0,0,0,0,0,0,0,0,0,0,0,0,172,5614,0,0,0,0
3107.790,15528,64,0,0,0,0,0,8,247,5,39,0,0,0,0,0,0,0,0,0,0,0,0,0,0,0,0,0,0,0,0,0,0,232,16951,0,0,0,0
3124.380,16590,60,0,0,0,0,0,8,362,5,39,0,0,0,0,0,0,0,0,0,0,0,0,0,0,0,0,0,0,0,0,0,0,227,28668,0,0,0,0
3142.259,17880,55,0,0,0,0,0,8,255,5,39,0,0,0,0,0,0,0,0,0,0,0,0,0,0,0,0,0,0,0,0,0,0,157,4310,0,0,0,0
3157.946,15686,63,0,0,0,0,0,8,427,5,39,0,0,0,0,0,0,0,0,0,0,0,0,0,0,0,0,0,0,0,0,0,0,231,30031,0,0,0,0
3174.611,16665,60,0,0,0,0,0,8,389,5,39,0,0,0,0,0,0,0,0,0,0,0,0,0,0,0,0,0,0,0,0,0,0,173,16102,0,0,0,0
3191.110,16498,60,0,0,0,0,0,8,255,5,39,0,0,0,0,0,0,0,0,0,0,0,0,0,0,0,0,0,0,0,0,0,0,159,3302,0,0,0,0
3207.371,16261,61,0,0,0,0,0,8,235,5,39,0,0,0,0,0,0,0,0,0,0,0,0,0,0,0,0,0,0,0,0,0,0,247,16405,0,0,0,0
3225.269,17897,55,0,0,0,0,0,8,389,5,39,0,0,0,0,0,0,0,0,0,0,0,0,0,0,0,0,0,0,0,0,0,0,214,28855,0,0,0,0
3241.472,16203,61,0,0,0,0,0,8,250,5,39,0,0,0,0,0,0,0,0,0,0,0,0,0,0,0,0,0,0,0,0,0,0,175,5391,0,0,0,0
3258.265,16793,59,0,0,0,0,0,8,428,5,39,0,0,0,0,0,0,0,0,0,0,0,0,0,0,0,0,0,0,0,0,0,0,222,29726,0,0,0,0
3275.267,17002,58,0,0,0,0,0,8,390,5,39,0,0,0,0,0,0,0,0,0,0,0,0,0,0,0,0,0,0,0,0,0,0,160,15651,0,0,0,0
3291.390,16122,62,0,0,0,0,0,8,227,5,39,0,0,0,0,0,0,0,0,0,0,0,0,0,0,0,0,0,0,0,0,0,0,170,4609,0,0,0,0
3307.795,16404,60,0,0,0,0,0,8,250,5,39,0,0,0,0,0,0,0,0,0,0,0,0,0,0,0,0,0,0,0,0,0,0,220,16067,0,0,0,0
3324.331,16536,60,0,0,0,0,0,8,386,5,39,0,0,0,0,0,0,0,0,0,0,0,0,0,0,0,0,0,0,0,0,0,0,225,29861,0,0,0,0
3340.694,16362,61,0,0,0,0,0,8,435,5,39,0,0,0,0,0,0,0,0,0,0,0,0,0,0,0,0,0,0,0,0,0,0,163,15936,0,0,0,0
3357.262,16568,60,0,0,0,0,0,8,226,5,39,0,0,0,0,0,0,0,0,0,0,0,0,0,0,0,0,0,0,0,0,0,0,144,3545,0,0,0,0
3374.453,17190,58,0,0,0,0,0,8,202,5,39,0,0,0,0,0,0,0,0,0,0,0,0,0,0,0,0,0,0,0,0,0,0,215,16535,0,0,0,0
3391.477,17024,58,0,0,0,0,0,8,438,5,39,0,0,0,0,0,0,0,0,0,0,0,0,0,0,0,0,0,0,0,0,0,0,226,30533,0,0,0,0
3407.771,16293,61,0,0,0,0,0,8,246,5,39,0,0,0,0,0,0,0,0,0,0,0,0,0,0,0,0,0,0,0,0,0,0,173,3745,0,0,0,0
3425.260,17489,57,0,0,0,0,0,8,392,5,39,0,0,0,0,0,0,0,0,0,0,0,0,0,0,0,0,0,0,0,0,0,0,226,28443,0,0,0,0
3441.127,15866,63,0,0,0,0,0,8,226,5,39,0,0,0,0,0,0,0,0,0,0,0,0,0,0,0,0,0,0,0,0,0,0,175,5326,0,0,0,0
3457.805,16678,59,0,0,0,0,0,8,431,5,39,0,0,0,0,0,0,0,0,0,0,0,0,0,0,0,0,0,0,0,0,0,0,226,29034,0,0,0,0
3475.265,17460,57,0,0,0,0,0,8,390,5,39,0,0,0,0,0,0,0,0,0,0,0,0,0,0,0,0,0,0,0,0,0,0,155,15778,0,0,0,0
3491.371,16106,62,0,0,0,0,0,8,250,5,39,0,0,0,0,0,0,0,0,0,0,0,0,0,0,0,0,0,0,0,0,0,0,163,5187,0,0,0,0
3507.269,15898,62,0,0,0,0,0,8,247,5,39,0,0,0,0,0,0,0,0,0,0,0,0,0,0,0,0,0,0,0,0,0,0,204,16034,0,0,0,0
3524.547,17278,57,0,0,0,0,0,8,365,5,39,0,0,0,0,0,0,0,0,0,0,0,0,0,0,0,0,0,0,0,0,0,0,223,29425,0,0,0,0
3541.784,17236,58,0,0,0,0,0,8,435,5,39,0,0,0,0,0,0,0,0,0,0,0,0,0,0,0,0,0,0,0,0,0,0,155,16196,0,0,0,0
3557.796,16012,62,0,0,0,0,0,8,247,5,39,0,0,0,0,0,0,0,0,0,0,0,0,0,0,0,0,0,0,0,0,0,0,162,4815,0,0,0,0
3574.572,16775,59,0,0,0,0,0,8,210,5,39,0,0,0,0,0,0,0,0,0,0,0,0,0,0,0,0,0,0,0,0,0,0,228,16002,0,0,0,0
3591.363,16791,59,0,0,0,0,0,8,427,5,39,0,0,0,0,0,0,0,0,0,0,0,0,0,0,0,0,0,0,0,0,0,0,224,30357,0,0,0,0
3607.966,16603,60,0,0,0,0,0,8,410,5,39,0,0,0,0,0,0,0,0,0,0,0,0,0,0,0,0,0,0,0,0,0,0,166,15814,0,0,0,0
3625.262,17296,57,0,0,0,0,0,8,210,5,39,0,0,0,0,0,0,0,0,0,0,0,0,0,0,0,0,0,0,0,0,0,0,160,4014,0,0,0,0
3641.389,16126,62,0,0,0,0,0,8,255,5,39,0,0,0,0,0,0,0,0,0,0,0,0,0,0,0,0,0,0,0,0,0,0,233,17283,0,0,0,0
3657.852,16462,60,0,0,0,0,0,8,426,5,39,0,0,0,0,0,0,0,0,0,0,0,0,0,0,0,0,0,0,0,0,0,0,216,29608,0,0,0,0
3674.389,16537,60,0,0,0,0,0,8,387,5,39,0,0,0,0,0,0,0,0,0,0,0,0,0,0,0,0,0,0,0,0,0,0,172,15436,0,0,0,0
3691.387,16997,58,0,0,0,0,0,8,233,5,39,0,0,0,0,0,0,0,0,0,0,0,0,0,0,0,0,0,0,0,0,0,0,161,4130,0,0,0,0
3707.700,16313,61,0,0,0,0,0,8,251,5,39,0,0,0,0,0,0,0,0,0,0,0,0,0,0,0,0,0,0,0,0,0,0,235,16979,0,0,0,0
3724.904,17204,58,0,0,0,0,0,8,387,5,39,0,0,0,0,0,0,0,0,0,0,0,0,0,0,0,0,0,0,0,0,0,0,211,29780,0,0,0,0
3741.376,16472,60,0,0,0,0,0,8,438,5,39,0,0,0,0,0,0,0,0,0,0,0,0,0,0,0,0,0,0,0,0,0,0,168,16176,0,0,0,0
3757.812,16436,60,0,0,0,0,0,8,227,5,39,0,0,0,0,0,0,0,0,0,0,0,0,0,0,0,0,0,0,0,0,0,0,146,4036,0,0,0,0
3775.284,17471,57,0,0,0,0,0,8,206,5,39,0,0,0,0,0,0,0,0,0,0,0,0,0,0,0,0,0,0,0,0,0,0,216,16345,0,0,0,0
3791.388,16104,62,0,0,0,0,0,8,434,5,39,0,0,0,0,0,0,0,0,0,0,0,0,0,0,0,0,0,0,0,0,0,0,217,31091,0,0,0,0
3807.883,16494,60,0,0,0,0,0,8,427,5,39,0,0,0,0,0,0,0,0,0,0,0,0,0,0,0,0,0,0,0,0,0,0,147,15111,0,0,0,0
3824.810,16927,59,0,0,0,0,0,8,210,5,39,0,0,0,0,0,0,0,0,0,0,0,0,0,0,0,0,0,0,0,0,0,0,171,3941,0,0,0,0
3841.054,16243,61,0,0,0,0,0,8,226,5,39,0,0,0,0,0,0,0,0,0,0,0,0,0,0,0,0,0,0,0,0,0,0,209,16886,0,0,0,0
3857.767,16713,59,0,0,0,0,0,8,430,5,39,0,0,0,0,0,0,0,0,0,0,0,0,0,0,0,0,0,0,0,0,0,0,241,29527,0,0,0,0
3874.465,16697,59,0,0,0,0,0,8,207,5,39,0,0,0,0,0,0,0,0,0,0,0,0,0,0,0,0,0,0,0,0,0,0,168,3520,0,0,0,0
3891.031,16566,60,0,0,0,0,0,8,435,5,39,0,0,0,0,0,0,0,0,0,0,0,0,0,0,0,0,0,0,0,0,0,0,208,28952,0,0,0,0
3907.261,16229,61,0,0,0,0,0,8,254,5,39,0,0,0,0,0,0,0,0,0,0,0,0,0,0,0,0,0,0,0,0,0,0,135,4271,0,0,0,0
3925.256,17995,55,0,0,0,0,0,8,366,5,39,0,0,0,0,0,0,0,0,0,0,0,0,0,0,0,0,0,0,0,0,0,0,263,29789,0,0,0,0
3941.388,16131,61,0,0,0,0,0,8,435,5,39,0,0,0,0,0,0,0,0,0,0,0,0,0,0,0,0,0,0,0,0,0,0,167,16876,0,0,0,0
3957.262,15874,62,0,0,0,0,0,8,234,5,39,0,0,0,0,0,0,0,0,0,0,0,0,0,0,0,0,0,0,0,0,0,0,203,3692,0,0,0,0
3974.888,17626,56,0,0,0,0,0,8,189,5,39,0,0,0,0,0,0,0,0,0,0,0,0,0,0,0,0,0,0,0,0,0,0,241,15868,0,0,0,0
3991.292,16404,60,0,0,0,0,0,8,232,5,39,0,0,0,0,0,0,0,0,0,0,0,0,0,0,0,0,0,0,0,0,0,0,211,17556,0,0,0,0
4007.806,16513,60,0,0,0,0,0,8,196,5,39,0,0,0,0,0,0,0,0,0,0,0,0,0,0,0,0,0,0,0,0,0,0,201,16407,0,0,0,0
4024.901,17094,58,0,0,0,0,0,8,528,5,41,0,0,0,0,0,0,0,0,0,0,0,0,0,0,0,0,0,0,0,0,0,0,1868,31538,0,0,0,0
4041.135,16233,61,0,0,0,0,0,8,298,5,41,0,0,0,0,0,0,0,0,0,0,0,0,0,0,0,0,0,0,0,0,0,0,142,2114,0,0,0,0
4057.829,16695,59,0,0,0,0,0,8,293,5,41,0,0,0,0,0,0,0,0,0,0,0,0,0,0,0,0,0,0,0,0,0,0,226,16250,0,0,0,0
4075.255,17426,57,0,0,0,0,0,8,246,5,41,0,0,0,0,0,0,0,0,0,0,0,0,0,0,0,0,0,0,0,0,0,0,214,16620,0,0,0,0
4091.391,16135,61,0,0,0,0,0,8,449,5,41,0,0,0,0,0,0,0,0,0,0,0,0,0,0,0,0,0,0,0,0,0,0,229,29061,0,0,0,0
4107.782,16390,61,0,0,0,0,0,8,294,5,41,0,0,0,0,0,0,0,0,0,0,0,0,0,0,0,0,0,0,0,0,0,0,131,4558,0,0,0,0
4124.772,16989,58,0,0,0,0,0,8,415,5,41,0,0,0,0,0,0,0,0,0,0,0,0,0,0,0,0,0,0,0,0,0,0,237,29951,0,0,0,0
4141.396,16614,60,0,0,0,0,0,8,293,5,41,0,0,0,0,0,0,0,0,0,0,0,0,0,0,0,0,0,0,0,0,0,0,182,3549,0,0,0,0
4158.266,16879,59,0,0,0,0,0,8,449,5,41,0,0,0,0,0,0,0,0,0,0,0,0,0,0,0,0,0,0,0,0,0,0,231,29195,0,0,0,0
4174.542,16276,61,0,0,0,0,0,8,233,5,41,0,0,0,0,0,0,0,0,0,0,0,0,0,0,0,0,0,0,0,0,0,0,176,4244,0,0,0,0
4191.414,16871,59,0,0,0,0,0,8,479,5,41,0,0,0,0,0,0,0,0,0,0,0,0,0,0,0,0,0,0,0,0,0,0,254,29534,0,0,0,0
4207.270,15856,63,0,0,0,0,0,8,289,5,41,0,0,0,0,0,0,0,0,0,0,0,0,0,0,0,0,0,0,0,0,0,0,135,3565,0,0,0,0
4225.157,17887,55,0,0,0,0,0,8,421,5,41,0,0,0,0,0,0,0,0,0,0,0,0,0,0,0,0,0,0,0,0,0,0,220,28609,0,0,0,0
4241.422,16265,61,0,0,0,0,0,8,269,5,41,0,0,0,0,0,0,0,0,0,0,0,0,0,0,0,0,0,0,0,0,0,0,169,5144,0,0,0,0
4257.789,16367,61,0,0,0,0,0,8,474,5,41,0,0,0,0,0,0,0,0,0,0,0,0,0,0,0,0,0,0,0,0,0,0,227,29771,0,0,0,0
4274.382,16592,60,0,0,0,0,0,8,238,5,41,0,0,0,0,0,0,0,0,0,0,0,0,0,0,0,0,0,0,0,0,0,0,145,2854,0,0,0,0
4292.252,17870,55,0,0,0,0,0,8,490,5,41,0,0,0,0,0,0,0,0,0,0,0,0,0,0,0,0,0,0,0,0,0,0,230,29636,0,0,0,0
4307.254,15002,66,0,0,0,0,0,8,466,5,41,0,0,0,0,0,0,0,0,0,0,0,0,0,0,0,0,0,0,0,0,0,0,162,18578,0,0,0,0
4325.258,18003,55,0,0,0,0,0,8,205,5,41,0,0,0,0,0,0,0,0,0,0,0,0,0,0,0,0,0,0,0,0,0,0,122,1246,0,0,0,0
4341.440,16182,61,0,0,0,0,0,8,296,5,41,0,0,0,0,0,0,0,0,0,0,0,0,0,0,0,0,0,0,0,0,0,0,236,17996,0,0,0,0
4357.822,16382,61,0,0,0,0,0,8,474,5,41,0,0,0,0,0,0,0,0,0,0,0,0,0,0,0,0,0,0,0,0,0,0,221,28614,0,0,0,0
4375.255,17432,57,0,0,0,0,0,8,229,5,41,0,0,0,0,0,0,0,0,0,0,0,0,0,0,0,0,0,0,0,0,0,0,162,3984,0,0,0,0
4391.440,16185,61,0,0,0,0,0,8,481,5,41,0,0,0,0,0,0,0,0,0,0,0,0,0,0,0,0,0,0,0,0,0,0,208,30776,0,0,0,0
4407.944,16504,60,0,0,0,0,0,8,267,5,41,0,0,0,0,0,0,0,0,0,0,0,0,0,0,0,0,0,0,0,0,0,0,127,2768,0,0,0,0
4425.260,17315,57,0,0,0,0,0,8,419,5,41,0,0,0,0,0,0,0,0,0,0,0,0,0,0,0,0,0,0,0,0,0,0,220,29105,0,0,0,0
4442.249,16988,58,0,0,0,0,0,8,296,5,41,0,0,0,0,0,0,0,0,0,0,0,0,0,0,0,0,0,0,0,0,0,0,181,4795,0,0,0,0
4457.817,15568,64,0,0,0,0,0,8,475,5,41,0,0,0,0,0,0,0,0,0,0,0,0,0,0,0,0,0,0,0,0,0,0,230,30352,0,0,0,0
4474.415,16597,60,0,0,0,0,0,8,420,5,41,0,0,0,0,0,0,0,0,0,0,0,0,0,0,0,0,0,0,0,0,0,0,143,14827,0,0,0,0
4491.395,16979,58,0,0,0,0,0,8,266,5,41,0,0,0,0,0,0,0,0,0,0,0,0,0,0,0,0,0,0,0,0,0,0,172,3962,0,0,0,0
4507.223,15828,63,0,0,0,0,0,8,292,5,41,0,0,0,0,0,0,0,0,0,0,0,0,0,0,0,0,0,0,0,0,0,0,236,16952,0,0,0,0
4525.253,18030,55,0,0,0,0,0,8,418,5,41,0,0,0,0,0,0,0,0,0,0,0,0,0,0,0,0,0,0,0,0,0,0,221,29020,0,0,0,0
4541.384,16130,61,0,0,0,0,0,8,286,5,41,0,0,0,0,0,0,0,0,0,0,0,0,0,0,0,0,0,0,0,0,0,0,176,4884,0,0,0,0
4557.766,16381,61,0,0,0,0,0,8,453,5,41,0,0,0,0,0,0,0,0,0,0,0,0,0,0,0,0,0,0,0,0,0,0,221,28845,0,0,0,0
4574.383,16617,60,0,0,0,0,0,8,237,5,41,0,0,0,0,0,0,0,0,0,0,0,0,0,0,0,0,0,0,0,0,0,0,135,3612,0,0,0,0
4592.264,17881,55,0,0,0,0,0,8,479,5,41,0,0,0,0,0,0,0,0,0,0,0,0,0,0,0,0,0,0,0,0,0,0,210,30212,0,0,0,0
4607.425,15160,65,0,0,0,0,0,8,289,5,41,0,0,0,0,0,0,0,0,0,0,0,0,0,0,0,0,0,0,0,0,0,0,178,4347,0,0,0,0
4625.251,17825,56,0,0,0,0,0,8,421,5,41,0,0,0,0,0,0,0,0,0,0,0,0,0,0,0,0,0,0,0,0,0,0,222,27717,0,0,0,0
4641.576,16325,61,0,0,0,0,0,8,267,5,41,0,0,0,0,0,0,0,0,0,0,0,0,0,0,0,0,0,0,0,0,0,0,162,5243,0,0,0,0
4657.840,16264,61,0,0,0,0,0,8,470,5,41,0,0,0,0,0,0,0,0,0,0,0,0,0,0,0,0,0,0,0,0,0,0,215,29706,0,0,0,0
4675.254,17413,57,0,0,0,0,0,8,233,5,41,0,0,0,0,0,0,0,0,0,0,0,0,0,0,0,0,0,0,0,0,0,0,146,2863,0,0,0,0
4691.372,16117,62,0,0,0,0,0,8,479,5,41,0,0,0,0,0,0,0,0,0,0,0,0,0,0,0,0,0,0,0,0,0,0,235,30391,0,0,0,0
4707.816,16444,60,0,0,0,0,0,8,295,5,41,0,0,0,0,0,0,0,0,0,0,0,0,0,0,0,0,0,0,0,0,0,0,130,3124,0,0,0,0
4724.381,16564,60,0,0,0,0,0,8,387,5,41,0,0,0,0,0,0,0,0,0,0,0,0,0,0,0,0,0,0,0,0,0,0,214,29924,0,0,0,0
4741.063,16673,59,0,0,0,0,0,8,482,5,41,0,0,0,0,0,0,0,0,0,0,0,0,0,0,0,0,0,0,0,0,0,0,159,15823,0,0,0,0
4757.789,16734,59,0,0,0,0,0,8,294,5,41,0,0,0,0,0,0,0,0,0,0,0,0,0,0,0,0,0,0,0,0,0,0,162,4005,0,0,0,0
4774.386,16597,60,0,0,0,0,0,8,245,5,41,0,0,0,0,0,0,0,0,0,0,0,0,0,0,0,0,0,0,0,0,0,0,241,16652,0,0,0,0
4791.244,16857,59,0,0,0,0,0,8,479,5,41,0,0,0,0,0,0,0,0,0,0,0,0,0,0,0,0,0,0,0,0,0,0,228,30260,0,0,0,0
4808.038,16793,59,0,0,0,0,0,8,272,5,41,0,0,0,0,0,0,0,0,0,0,0,0,0,0,0,0,0,0,0,0,0,0,157,3269,0,0,0,0
4825.249,17211,58,0,0,0,0,0,8,419,5,41,0,0,0,0,0,0,0,0,0,0,0,0,0,0,0,0,0,0,0,0,0,0,232,29112,0,0,0,0
4841.770,16521,60,0,0,0,0,0,8,295,5,41,0,0,0,0,0,0,0,0,0,0,0,0,0,0,0,0,0,0,0,0,0,0,151,4872,0,0,0,0
4857.272,15502,64,0,0,0,0,0,8,475,5,41,0,0,0,0,0,0,0,0,0,0,0,0,0,0,0,0,0,0,0,0,0,0,227,30008,0,0,0,0
4875.261,17988,55,0,0,0,0,0,8,237,5,41,0,0,0,0,0,0,0,0,0,0,0,0,0,0,0,0,0,0,0,0,0,0,141,2033,0,0,0,0
4891.472,16211,61,0,0,0,0,0,8,454,5,41,0,0,0,0,0,0,0,0,0,0,0,0,0,0,0,0,0,0,0,0,0,0,229,31172,0,0,0,0
4907.254,15782,63,0,0,0,0,0,8,302,5,41,0,0,0,0,0,0,0,0,0,0,0,0,0,0,0,0,0,0,0,0,0,0,0,0,0,0,0,0
4924.377,17123,58,0,0,0,0,0,8,392,5,41,0,0,0,0,0,0,0,0,0,0,0,0,0,0,0,0,0,0,0,0,0,0,222,20519,0,0,0,0
4941.309,16931,59,0,0,0,0,0,8,306,5,41,0,0,0,0,0,0,0,0,0,0,0,0,0,0,0,0,0,0,0,0,0,0,223,15423,0,0,0,0
4957.314,16005,62,0,0,0,0,0,8,275,5,41,0,0,0,0,0,0,0,0,0,0,0,0,0,0,0,0,0,0,0,0,0,0,0,0,0,0,0,0
4974.834,17519,57,0,0,0,0,0,8,393,5,41,0,0,0,0,0,0,0,0,0,0,0,0,0,0,0,0,0,0,0,0,0,0,242,34571,0,0,0,0
4991.004,16169,61,0,0,0,0,0,8,471,5,41,0,0,0,0,0,0,0,0,0,0,0,0,0,0,0,0,0,0,0,0,0,0,221,20067,0,0,0,0
5007.749,16745,59,0,0,0,0,0,8,297,5,41,0,0,0,0,0,0,0,0,0,0,0,0,0,0,0,0,0,0,0,0,0,0,211,12183,0,0,0,0
5024.733,16984,58,0,0,0,0,0,8,252,5,41,0,0,0,0,0,0,0,0,0,0,0,0,0,0,0,0,0,0,0,0,0,0,0,0,0,0,0,0
5042.249,17515,57,0,0,0,0,0,8,427,5,41,0,0,0,0,0,0,0,0,0,0,0,0,0,0,0,0,0,0,0,0,0,0,227,35535,0,0,0,0
5057.765,15516,64,0,0,0,0,0,8,465,5,41,0,0,0,0,0,0,0,0,0,0,0,0,0,0,0,0,0,0,0,0,0,0,229,19701,0,0,0,0
5074.771,17005,58,0,0,0,0,0,8,237,5,41,0,0,0,0,0,0,0,0,0,0,0,0,0,0,0,0,0,0,0,0,0,0,198,11283,0,0,0,0
5092.240,17468,57,0,0,0,0,0,8,332,5,41,0,0,0,0,0,0,0,0,0,0,0,0,0,0,0,0,0,0,0,0,0,0,0,0,0,0,0,0
5107.787,15547,64,0,0,0,0,0,8,439,5,41,0,0,0,0,0,0,0,0,0,0,0,0,0,0,0,0,0,0,0,0,0,0,232,35502,0,0,0,0
5124.572,16784,59,0,0,0,0,0,8,391,5,41,0,0,0,0,0,0,0,0,0,0,0,0,0,0,0,0,0,0,0,0,0,0,219,18875,0,0,0,0
5140.988,16416,60,0,0,0,0,0,8,297,5,41,0,0,0,0,0,0,0,0,0,0,0,0,0,0,0,0,0,0,0,0,0,0,223,12503,0,0,0,0
5157.764,16776,59,0,0,0,0,0,8,317,5,41,0,0,0,0,0,0,0,0,0,0,0,0,0,0,0,0,0,0,0,0,0,0,0,0,0,0,0,0
5174.406,16642,60,0,0,0,0,0,8,399,5,41,0,0,0,0,0,0,0,0,0,0,0,0,0,0,0,0,0,0,0,0,0,0,239,34262,0,0,0,0
5191.387,16980,58,0,0,0,0,0,8,464,5,41,0,0,0,0,0,0,0,0,0,0,0,0,0,0,0,0,0,0,0,0,0,0,211,18296,0,0,0,0
5207.812,16424,60,0,0,0,0,0,8,270,5,41,0,0,0,0,0,0,0,0,0,0,0,0,0,0,0,0,0,0,0,0,0,0,212,14170,0,0,0,0
5224.374,16562,60,0,0,0,0,0,8,272,5,41,0,0,0,0,0,0,0,0,0,0,0,0,0,0,0,0,0,0,0,0,0,0,0,0,0,0,0,0
5241.520,17145,58,0,0,0,0,0,8,485,5,41,0,0,0,0,0,0,0,0,0,0,0,0,0,0,0,0,0,0,0,0,0,0,212,32956,0,0,0,0
5257.935,16414,60,0,0,0,0,0,8,430,5,41,0,0,0,0,0,0,0,0,0,0,0,0,0,0,0,0,0,0,0,0,0,0,179,17140,0,0,0,0
5274.583,16648,60,0,0,0,0,0,8,237,5,41,0,0,0,0,0,0,0,0,0,0,0,0,0,0,0,0,0,0,0,0,0,0,230,16600,0,0,0,0
5290.981,16398,60,0,0,0,0,0,8,303,5,41,0,0,0,0,0,0,0,0,0,0,0,0,0,0,0,0,0,0,0,0,0,0,0,0,0,0,0,0
5308.057,17075,58,0,0,0,0,0,8,473,5,41,0,0,0,0,0,0,0,0,0,0,0,0,0,0,0,0,0,0,0,0,0,0,232,33150,0,0,0,0
5324.797,16740,59,0,0,0,0,0,8,383,5,41,0,0,0,0,0,0,0,0,0,0,0,0,0,0,0,0,0,0,0,0,0,0,179,18413,0,0,0,0
5341.480,16682,59,0,0,0,0,0,8,304,5,41,0,0,0,0,0,0,0,0,0,0,0,0,0,0,0,0,0,0,0,0,0,0,211,15147,0,0,0,0
5357.917,16438,60,0,0,0,0,0,8,286,5,41,0,0,0,0,0,0,0,0,0,0,0,0,0,0,0,0,0,0,0,0,0,0,0,0,0,0,0,0
5374.764,16845,59,0,0,0,0,0,8,436,5,41,0,0,0,0,0,0,0,0,0,0,0,0,0,0,0,0,0,0,0,0,0,0,242,34302,0,0,0,0
5391.385,16621,60,0,0,0,0,0,8,436,5,41,0,0,0,0,0,0,0,0,0,0,0,0,0,0,0,0,0,0,0,0,0,0,194,15365,0,0,0,0
5407.773,16387,61,0,0,0,0,0,8,299,5,41,0,0,0,0,0,0,0,0,0,0,0,0,0,0,0,0,0,0,0,0,0,0,250,16971,0,0,0,0
5425.245,17472,57,0,0,0,0,0,8,279,5,41,0,0,0,0,0,0,0,0,0,0,0,0,0,0,0,0,0,0,0,0,0,0,0,0,0,0,0,0
5440.997,15751,63,0,0,0,0,0,8,416,5,41,0,0,0,0,0,0,0,0,0,0,0,0,0,0,0,0,0,0,0,0,0,0,226,33471,0,0,0,0
5457.820,16823,59,0,0,0,0,0,8,452,5,41,0,0,0,0,0,0,0,0,0,0,0,0,0,0,0,0,0,0,0,0,0,0,189,17306,0,0,0,0
5474.711,16890,59,0,0,0,0,0,8,244,5,41,0,0,0,0,0,0,0,0,0,0,0,0,0,0,0,0,0,0,0,0,0,0,225,15608,0,0,0,0
5491.374,16663,60,0,0,0,0,0,8,486,5,41,0,0,0,0,0,0,0,0,0,0,0,0,0,0,0,0,0,0,0,0,0,0,236,32259,0,0,0,0
5507.805,16431,60,0,0,0,0,0,8,341,5,41,0,0,0,0,0,0,0,0,0,0,0,0,0,0,0,0,0,0,0,0,0,0,0,0,0,0,0,0
5524.836,17030,58,0,0,0,0,0,8,326,5,41,0,0,0,0,0,0,0,0,0,0,0,0,0,0,0,0,0,0,0,0,0,0,222,17324,0,0,0,0
5541.762,16925,59,0,0,0,0,0,8,301,5,41,0,0,0,0,0,0,0,0,0,0,0,0,0,0,0,0,0,0,0,0,0,0,225,17414,0,0,0,0
5557.911,16149,61,0,0,0,0,0,8,339,5,41,0,0,0,0,0,0,0,0,0,0,0,0,0,0,0,0,0,0,0,0,0,0,0,0,0,0,0,0
5575.238,17326,57,0,0,0,0,0,8,556,5,41,0,0,0,0,0,0,0,0,0,0,0,0,0,0,0,0,0,0,0,0,0,0,307,49036,0,0,0,0
5591.384,16146,61,0,0,0,0,0,8,294,5,41,0,0,0,0,0,0,0,0,0,0,0,0,0,0,0,0,0,0,0,0,0,0,116,1380,0,0,0,0
5607.859,16474,60,0,0,0,0,0,8,263,5,41,0,0,0,0,0,0,0,0,0,0,0,0,0,0,0,0,0,0,0,0,0,0,248,16178,0,0,0,0
5625.248,17389,57,0,0,0,0,0,8,436,5,41,0,0,0,0,0,0,0,0,0,0,0,0,0,0,0,0,0,0,0,0,0,0,236,32129,0,0,0,0
5641.490,16241,61,0,0,0,0,0,8,308,5,41,0,0,0,0,0,0,0,0,0,0,0,0,0,0,0,0,0,0,0,0,0,0,0,0,0,0,0,0
5657.776,16286,61,0,0,0,0,0,8,458,5,41,0,0,0,0,0,0,0,0,0,0,0,0,0,0,0,0,0,0,0,0,0,0,260,18844,0,0,0,0
5675.242,17465,57,0,0,0,0,0,8,240,5,41,0,0,0,0,0,0,0,0,0,0,0,0,0,0,0,0,0,0,0,0,0,0,228,15371,0,0,0,0
5691.371,16128,62,0,0,0,0,0,8,297,5,41,0,0,0,0,0,0,0,0,0,0,0,0,0,0,0,0,0,0,0,0,0,0,0,0,0,0,0,0
5707.261,15889,62,0,0,0,0,0,8,466,5,41,0,0,0,0,0,0,0,0,0,0,0,0,0,0,0,0,0,0,0,0,0,0,241,33764,0,0,0,0
5725.234,17972,55,0,0,0,0,0,8,387,5,41,0,0,0,0,0,0,0,0,0,0,0,0,0,0,0,0,0,0,0,0,0,0,214,16650,0,0,0,0
5741.356,16122,62,0,0,0,0,0,8,307,5,41,0,0,0,0,0,0,0,0,0,0,0,0,0,0,0,0,0,0,0,0,0,0,230,17071,0,0,0,0
5757.748,16392,61,0,0,0,0,0,8,313,5,41,0,0,0,0,0,0,0,0,0,0,0,0,0,0,0,0,0,0,0,0,0,0,0,0,0,0,0,0
5774.666,16917,59,0,0,0,0,0,8,415,5,41,0,0,0,0,0,0,0,0,0,0,0,0,0,0,0,0,0,0,0,0,0,0,234,31937,0,0,0,0
5792.258,17592,56,0,0,0,0,0,8,424,5,41,0,0,0,0,0,0,0,0,0,0,0,0,0,0,0,0,0,0,0,0,0,0,166,17084,0,0,0,0
5807.823,15564,64,0,0,0,0,0,8,297,5,41,0,0,0,0,0,0,0,0,0,0,0,0,0,0,0,0,0,0,0,0,0,0,227,18011,0,0,0,0
5824.473,16650,60,0,0,0,0,0,8,280,5,41,0,0,0,0,0,0,0,0,0,0,0,0,0,0,0,0,0,0,0,0,0,0,0,0,0,0,0,0
5840.772,16299,61,0,0,0,0,0,8,434,5,41,0,0,0,0,0,0,0,0,0,0,0,0,0,0,0,0,0,0,0,0,0,0,212,31729,0,0,0,0
5857.853,17081,58,0,0,0,0,0,8,439,5,41,0,0,0,0,0,0,0,0,0,0,0,0,0,0,0,0,0,0,0,0,0,0,183,17414,0,0,0,0
5874.480,16626,60,0,0,0,0,0,8,242,5,41,0,0,0,0,0,0,0,0,0,0,0,0,0,0,0,0,0,0,0,0,0,0,245,16481,0,0,0,0
5891.364,16884,59,0,0,0,0,0,8,336,5,41,0,0,0,0,0,0,0,0,0,0,0,0,0,0,0,0,0,0,0,0,0,0,0,0,0,0,0,0
5907.243,15878,62,0,0,0,0,0,8,448,5,41,0,0,0,0,0,0,0,0,0,0,0,0,0,0,0,0,0,0,0,0,0,0,235,33115,0,0,0,0
5924.352,17098,58,0,0,0,0,0,8,371,5,41,0,0,0,0,0,0,0,0,0,0,0,0,0,0,0,0,0,0,0,0,0,0,193,18709,0,0,0,0
5941.338,16986,58,0,0,0,0,0,8,298,5,41,0,0,0,0,0,0,0,0,0,0,0,0,0,0,0,0,0,0,0,0,0,0,225,14668,0,0,0,0
5957.776,16447,60,0,0,0,0,0,8,290,5,41,0,0,0,0,0,0,0,0,0,0,0,0,0,0,0,0,0,0,0,0,0,0,593,17540,0,0,0,0
5974.411,16635,60,0,0,0,0,0,8,187,5,41,0,0,0,0,0,0,0,0,0,0,0,0,0,0,0,0,0,0,0,0,0,0,252,15880,0,0,0,0
5991.381,16970,58,0,0,0,0,0,8,233,5,41,0,0,0,0,0,0,0,0,0,0,0,0,0,0,0,0,0,0,0,0,0,0,238,16852,0,0,0,0
6007.813,16432,60,0,0,0,0,0,8,196,5,41,0,0,0,0,0,0,0,0,0,0,0,0,0,0,0,0,0,0,0,0,0,0,228,16653,0,0,0,0
6024.327,16513,60,0,0,0,0,0,8,432,5,42,0,0,0,0,0,0,0,0,0,0,0,0,0,0,0,0,0,0,0,0,0,0,1128,28342,0,0,0,0
6041.033,16705,59,0,0,0,0,0,8,261,5,42,0,0,0,0,0,0,0,0,0,0,0,0,0,0,0,0,0,0,0,0,0,0,151,4605,0,0,0,0
6057.631,16598,60,0,0,0,0,0,8,260,5,42,0,0,0,0,0,0,0,0,0,0,0,0,0,0,0,0,0,0,0,0,0,0,224,16676,0,0,0,0
6075.241,17609,56,0,0,0,0,0,8,222,5,42,0,0,0,0,0,0,0,0,0,0,0,0,0,0,0,0,0,0,0,0,0,0,217,16625,0,0,0,0
6091.447,16206,61,0,0,0,0,0,8,415,5,42,0,0,0,0,0,0,0,0,0,0,0,0,0,0,0,0,0,0,0,0,0,0,247,30760,0,0,0,0
6107.748,16301,61,0,0,0,0,0,8,387,5,42,0,0,0,0,0,0,0,0,0,0,0,0,0,0,0,0,0,0,0,0,0,0,0,0,0,0,0,0
6124.900,17151,58,0,0,0,0,0,8,260,5,42,0,0,0,0,0,0,0,0,0,0,0,0,0,0,0,0,0,0,0,0,0,0,231,18380,0,0,0,0
6140.578,15677,63,0,0,0,0,0,8,261,5,42,0,0,0,0,0,0,0,0,0,0,0,0,0,0,0,0,0,0,0,0,0,0,235,18152,0,0,0,0
6157.239,16661,60,0,0,0,0,0,8,414,5,42,0,0,0,0,0,0,0,0,0,0,0,0,0,0,0,0,0,0,0,0,0,0,227,29847,0,0,0,0
6174.394,17155,58,0,0,0,0,0,8,393,5,42,0,0,0,0,0,0,0,0,0,0,0,0,0,0,0,0,0,0,0,0,0,0,155,17649,0,0,0,0
6191.380,16985,58,0,0,0,0,0,8,264,5,42,0,0,0,0,0,0,0,0,0,0,0,0,0,0,0,0,0,0,0,0,0,0,141,1977,0,0,0,0
6207.827,16447,60,0,0,0,0,0,8,259,5,42,0,0,0,0,0,0,0,0,0,0,0,0,0,0,0,0,0,0,0,0,0,0,259,17069,0,0,0,0
6225.259,17432,57,0,0,0,0,0,8,394,5,42,0,0,0,0,0,0,0,0,0,0,0,0,0,0,0,0,0,0,0,0,0,0,229,31775,0,0,0,0
6241.158,15899,62,0,0,0,0,0,8,415,5,42,0,0,0,0,0,0,0,0,0,0,0,0,0,0,0,0,0,0,0,0,0,0,149,16037,0,0,0,0
6257.760,16601,60,0,0,0,0,0,8,261,5,42,0,0,0,0,0,0,0,0,0,0,0,0,0,0,0,0,0,0,0,0,0,0,115,1853,0,0,0,0
6274.361,16601,60,0,0,0,0,0,8,212,5,42,0,0,0,0,0,0,0,0,0,0,0,0,0,0,0,0,0,0,0,0,0,0,232,16668,0,0,0,0
6291.356,16995,58,0,0,0,0,0,8,446,5,42,0,0,0,0,0,0,0,0,0,0,0,0,0,0,0,0,0,0,0,0,0,0,235,29942,0,0,0,0
6307.915,16559,60,0,0,0,0,0,8,437,5,42,0,0,0,0,0,0,0,0,0,0,0,0,0,0,0,0,0,0,0,0,0,0,151,18093,0,0,0,0
6324.450,16535,60,0,0,0,0,0,8,184,5,42,0,0,0,0,0,0,0,0,0,0,0,0,0,0,0,0,0,0,0,0,0,0,115,2042,0,0,0,0
6341.382,16932,59,0,0,0,0,0,8,262,5,42,0,0,0,0,0,0,0,0,0,0,0,0,0,0,0,0,0,0,0,0,0,0,229,16616,0,0,0,0
6357.739,16356,61,0,0,0,0,0,8,437,5,42,0,0,0,0,0,0,0,0,0,0,0,0,0,0,0,0,0,0,0,0,0,0,243,30638,0,0,0,0
6373.954,16214,61,0,0,0,0,0,8,388,5,42,0,0,0,0,0,0,0,0,0,0,0,0,0,0,0,0,0,0,0,0,0,0,152,17426,0,0,0,0
6390.870,16916,59,0,0,0,0,0,8,261,5,42,0,0,0,0,0,0,0,0,0,0,0,0,0,0,0,0,0,0,0,0,0,0,139,1488,0,0,0,0
6407.233,16362,61,0,0,0,0,0,8,237,5,42,0,0,0,0,0,0,0,0,0,0,0,0,0,0,0,0,0,0,0,0,0,0,235,16830,0,0,0,0
6424.321,17088,58,0,0,0,0,0,8,393,5,42,0,0,0,0,0,0,0,0,0,0,0,0,0,0,0,0,0,0,0,0,0,0,227,30036,0,0,0,0
6441.113,16792,59,0,0,0,0,0,8,440,5,42,0,0,0,0,0,0,0,0,0,0,0,0,0,0,0,0,0,0,0,0,0,0,177,18288,0,0,0,0
6458.006,16892,59,0,0,0,0,0,8,261,5,42,0,0,0,0,0,0,0,0,0,0,0,0,0,0,0,0,0,0,0,0,0,0,142,2189,0,0,0,0
6475.227,17220,58,0,0,0,0,0,8,210,5,42,0,0,0,0,0,0,0,0,0,0,0,0,0,0,0,0,0,0,0,0,0,0,260,16671,0,0,0,0
6491.371,16144,61,0,0,0,0,0,8,417,5,42,0,0,0,0,0,0,0,0,0,0,0,0,0,0,0,0,0,0,0,0,0,0,235,31002,0,0,0,0
6507.734,16363,61,0,0,0,0,0,8,383,5,42,0,0,0,0,0,0,0,0,0,0,0,0,0,0,0,0,0,0,0,0,0,0,0,0,0,0,0,0
6524.499,16765,59,0,0,0,0,0,8,265,5,42,0,0,0,0,0,0,0,0,0,0,0,0,0,0,0,0,0,0,0,0,0,0,244,17773,0,0,0,0
6541.364,16864,59,0,0,0,0,0,8,257,5,42,0,0,0,0,0,0,0,0,0,0,0,0,0,0,0,0,0,0,0,0,0,0,243,17689,0,0,0,0
6557.752,16388,61,0,0,0,0,0,8,410,5,42,0,0,0,0,0,0,0,0,0,0,0,0,0,0,0,0,0,0,0,0,0,0,229,30678,0,0,0,0
6574.377,16624,60,0,0,0,0,0,8,391,5,42,0,0,0,0,0,0,0,0,0,0,0,0,0,0,0,0,0,0,0,0,0,0,147,17388,0,0,0,0
6591.342,16964,58,0,0,0,0,0,8,261,5,42,0,0,0,0,0,0,0,0,0,0,0,0,0,0,0,0,0,0,0,0,0,0,138,1767,0,0,0,0
6607.775,16433,60,0,0,0,0,0,8,258,5,42,0,0,0,0,0,0,0,0,0,0,0,0,0,0,0,0,0,0,0,0,0,0,236,17033,0,0,0,0
6624.829,17053,58,0,0,0,0,0,8,401,5,42,0,0,0,0,0,0,0,0,0,0,0,0,0,0,0,0,0,0,0,0,0,0,254,29876,0,0,0,0
6641.425,16596,60,0,0,0,0,0,8,417,5,42,0,0,0,0,0,0,0,0,0,0,0,0,0,0,0,0,0,0,0,0,0,0,128,17725,0,0,0,0
6657.748,16322,61,0,0,0,0,0,8,257,5,42,0,0,0,0,0,0,0,0,0,0,0,0,0,0,0,0,0,0,0,0,0,0,158,2507,0,0,0,0
6675.230,17482,57,0,0,0,0,0,8,211,5,42,0,0,0,0,0,0,0,0,0,0,0,0,0,0,0,0,0,0,0,0,0,0,237,16359,0,0,0,0
6691.214,15983,62,0,0,0,0,0,8,439,5,42,0,0,0,0,0,0,0,0,0,0,0,0,0,0,0,0,0,0,0,0,0,0,249,30417,0,0,0,0
6707.831,16617,60,0,0,0,0,0,8,440,5,42,0,0,0,0,0,0,0,0,0,0,0,0,0,0,0,0,0,0,0,0,0,0,155,16761,0,0,0,0
6724.362,16530,60,0,0,0,0,0,8,188,5,42,0,0,0,0,0,0,0,0,0,0,0,0,0,0,0,0,0,0,0,0,0,0,143,2765,0,0,0,0
6742.233,17871,55,0,0,0,0,0,8,266,5,42,0,0,0,0,0,0,0,0,0,0,0,0,0,0,0,0,0,0,0,0,0,0,229,16601,0,0,0,0
6757.738,15505,64,0,0,0,0,0,8,429,5,42,0,0,0,0,0,0,0,0,0,0,0,0,0,0,0,0,0,0,0,0,0,0,237,31042,0,0,0,0
6774.638,16900,59,0,0,0,0,0,8,397,5,42,0,0,0,0,0,0,0,0,0,0,0,0,0,0,0,0,0,0,0,0,0,0,163,16513,0,0,0,0
6791.385,16746,59,0,0,0,0,0,8,260,5,42,0,0,0,0,0,0,0,0,0,0,0,0,0,0,0,0,0,0,0,0,0,0,141,2683,0,0,0,0
6807.746,16361,61,0,0,0,0,0,8,230,5,42,0,0,0,0,0,0,0,0,0,0,0,0,0,0,0,0,0,0,0,0,0,0,250,17187,0,0,0,0
6825.260,17513,57,0,0,0,0,0,8,397,5,42,0,0,0,0,0,0,0,0,0,0,0,0,0,0,0,0,0,0,0,0,0,0,226,28897,0,0,0,0
6842.231,16971,58,0,0,0,0,0,8,440,5,42,0,0,0,0,0,0,0,0,0,0,0,0,0,0,0,0,0,0,0,0,0,0,164,18916,0,0,0,0
6857.234,15002,66,0,0,0,0,0,8,253,5,42,0,0,0,0,0,0,0,0,0,0,0,0,0,0,0,0,0,0,0,0,0,0,154,2705,0,0,0,0
6874.471,17237,58,0,0,0,0,0,8,218,5,42,0,0,0,0,0,0,0,0,0,0,0,0,0,0,0,0,0,0,0,0,0,0,230,14907,0,0,0,0
6891.052,16581,60,0,0,0,0,0,8,416,5,42,0,0,0,0,0,0,0,0,0,0,0,0,0,0,0,0,0,0,0,0,0,0,262,30072,0,0,0,0
6907.745,16692,59,0,0,0,0,0,8,437,5,42,0,0,0,0,0,0,0,0,0,0,0,0,0,0,0,0,0,0,0,0,0,0,159,16966,0,0,0,0
6925.238,17492,57,0,0,0,0,0,8,216,5,42,0,0,0,0,0,0,0,0,0,0,0,0,0,0,0,0,0,0,0,0,0,0,182,3496,0,0,0,0
6941.223,15985,62,0,0,0,0,0,8,258,5,42,0,0,0,0,0,0,0,0,0,0,0,0,0,0,0,0,0,0,0,0,0,0,247,17525,0,0,0,0
6958.236,17013,58,0,0,0,0,0,8,423,5,42,0,0,0,0,0,0,0,0,0,0,0,0,0,0,0,0,0,0,0,0,0,0,229,28113,0,0,0,0
6975.242,17005,58,0,0,0,0,0,8,208,5,42,0,0,0,0,0,0,0,0,0,0,0,0,0,0,0,0,0,0,0,0,0,0,174,4879,0,0,0,0
6991.373,16131,61,0,0,0,0,0,8,434,5,42,0,0,0,0,0,0,0,0,0,0,0,0,0,0,0,0,0,0,0,0,0,0,234,30469,0,0,0,0
7007.803,16430,60,0,0,0,0,0,8,436,5,42,0,0,0,0,0,0,0,0,0,0,0,0,0,0,0,0,0,0,0,0,0,0,188,15204,0,0,0,0
7024.365,16562,60,0,0,0,0,0,8,213,5,42,0,0,0,0,0,0,0,0,0,0,0,0,0,0,0,0,0,0,0,0,0,0,131,3817,0,0,0,0
7042.226,17861,55,0,0,0,0,0,8,241,5,42,0,0,0,0,0,0,0,0,0,0,0,0,0,0,0,0,0,0,0,0,0,0,229,16584,0,0,0,0
7057.754,15528,64,0,0,0,0,0,8,433,5,42,0,0,0,0,0,0,0,0,0,0,0,0,0,0,0,0,0,0,0,0,0,0,239,31429,0,0,0,0
7074.305,16540,60,0,0,0,0,0,8,393,5,42,0,0,0,0,0,0,0,0,0,0,0,0,0,0,0,0,0,0,0,0,0,0,165,14527,0,0,0,0
7091.356,17060,58,0,0,0,0,0,8,261,5,42,0,0,0,0,0,0,0,0,0,0,0,0,0,0,0,0,0,0,0,0,0,0,156,4007,0,0,0,0
7107.745,16388,61,0,0,0,0,0,8,249,5,42,0,0,0,0,0,0,0,0,0,0,0,0,0,0,0,0,0,0,0,0,0,0,237,17031,0,0,0,0
7125.221,17476,57,0,0,0,0,0,8,369,5,42,0,0,0,0,0,0,0,0,0,0,0,0,0,0,0,0,0,0,0,0,0,0,228,29867,0,0,0,0
7141.316,16095,62,0,0,0,0,0,8,440,5,42,0,0,0,0,0,0,0,0,0,0,0,0,0,0,0,0,0,0,0,0,0,0,186,16614,0,0,0,0
7157.748,16431,60,0,0,0,0,0,8,253,5,42,0,0,0,0,0,0,0,0,0,0,0,0,0,0,0,0,0,0,0,0,0,0,155,3498,0,0,0,0
7174.230,16482,60,0,0,0,0,0,8,214,5,42,0,0,0,0,0,0,0,0,0,0,0,0,0,0,0,0,0,0,0,0,0,0,231,16377,0,0,0,0
7191.363,17132,58,0,0,0,0,0,8,441,5,42,0,0,0,0,0,0,0,0,0,0,0,0,0,0,0,0,0,0,0,0,0,0,229,30100,0,0,0,0
7207.810,16446,60,0,0,0,0,0,8,404,5,42,0,0,0,0,0,0,0,0,0,0,0,0,0,0,0,0,0,0,0,0,0,0,190,16004,0,0,0,0
7224.638,16828,59,0,0,0,0,0,8,217,5,42,0,0,0,0,0,0,0,0,0,0,0,0,0,0,0,0,0,0,0,0,0,0,143,3996,0,0,0,0
7241.221,16583,60,0,0,0,0,0,8,257,5,42,0,0,0,0,0,0,0,0,0,0,0,0,0,0,0,0,0,0,0,0,0,0,225,16798,0,0,0,0
7257.742,16520,60,0,0,0,0,0,8,438,5,42,0,0,0,0,0,0,0,0,0,0,0,0,0,0,0,0,0,0,0,0,0,0,241,30082,0,0,0,0
7274.452,16710,59,0,0,0,0,0,8,391,5,42,0,0,0,0,0,0,0,0,0,0,0,0,0,0,0,0,0,0,0,0,0,0,177,15501,0,0,0,0
7290.956,16504,60,0,0,0,0,0,8,237,5,42,0,0,0,0,0,0,0,0,0,0,0,0,0,0,0,0,0,0,0,0,0,0,134,4213,0,0,0,0
7307.745,16788,59,0,0,0,0,0,8,258,5,42,0,0,0,0,0,0,0,0,0,0,0,0,0,0,0,0,0,0,0,0,0,0,229,16503,0,0,0,0
7325.232,17487,57,0,0,0,0,0,8,397,5,42,0,0,0,0,0,0,0,0,0,0,0,0,0,0,0,0,0,0,0,0,0,0,251,30665,0,0,0,0
7340.796,15563,64,0,0,0,0,0,8,433,5,42,0,0,0,0,0,0,0,0,0,0,0,0,0,0,0,0,0,0,0,0,0,0,171,16238,0,0,0,0
7357.760,16963,58,0,0,0,0,0,8,231,5,42,0,0,0,0,0,0,0,0,0,0,0,0,0,0,0,0,0,0,0,0,0,0,150,3016,0,0,0,0
7374.500,16739,59,0,0,0,0,0,8,218,5,42,0,0,0,0,0,0,0,0,0,0,0,0,0,0,0,0,0,0,0,0,0,0,230,16910,0,0,0,0
7391.370,16870,59,0,0,0,0,0,8,438,5,42,0,0,0,0,0,0,0,0,0,0,0,0,0,0,0,0,0,0,0,0,0,0,243,30540,0,0,0,0
7407.867,16496,60,0,0,0,0,0,8,436,5,42,0,0,0,0,0,0,0,0,0,0,0,0,0,0,0,0,0,0,0,0,0,0,156,15799,0,0,0,0
7424.358,16490,60,0,0,0,0,0,8,208,5,42,0,0,0,0,0,0,0,0,0,0,0,0,0,0,0,0,0,0,0,0,0,0,136,3849,0,0,0,0
7441.618,17261,57,0,0,0,0,0,8,238,5,42,0,0,0,0,0,0,0,0,0,0,0,0,0,0,0,0,0,0,0,0,0,0,201,16715,0,0,0,0
7458.217,16598,60,0,0,0,0,0,8,441,5,42,0,0,0,0,0,0,0,0,0,0,0,0,0,0,0,0,0,0,0,0,0,0,252,30217,0,0,0,0
7475.231,17013,58,0,0,0,0,0,8,389,5,42,0,0,0,0,0,0,0,0,0,0,0,0,0,0,0,0,0,0,0,0,0,0,156,16055,0,0,0,0
7491.783,16552,60,0,0,0,0,0,8,261,5,42,0,0,0,0,0,0,0,0,0,0,0,0,0,0,0,0,0,0,0,0,0,0,172,4349,0,0,0,0
7507.259,15475,64,0,0,0,0,0,8,253,5,42,0,0,0,0,0,0,0,0,0,0,0,0,0,0,0,0,0,0,0,0,0,0,230,16489,0,0,0,0
7524.227,16968,58,0,0,0,0,0,8,369,5,42,0,0,0,0,0,0,0,0,0,0,0,0,0,0,0,0,0,0,0,0,0,0,212,28840,0,0,0,0
7541.354,17126,58,0,0,0,0,0,8,436,5,42,0,0,0,0,0,0,0,0,0,0,0,0,0,0,0,0,0,0,0,0,0,0,141,16105,0,0,0,0
7557.750,16396,60,0,0,0,0,0,8,257,5,42,0,0,0,0,0,0,0,0,0,0,0,0,0,0,0,0,0,0,0,0,0,0,165,4705,0,0,0,0
7574.606,16855,59,0,0,0,0,0,8,217,5,42,0,0,0,0,0,0,0,0,0,0,0,0,0,0,0,0,0,0,0,0,0,0,219,16317,0,0,0,0
7591.364,16757,59,0,0,0,0,0,8,433,5,42,0,0,0,0,0,0,0,0,0,0,0,0,0,0,0,0,0,0,0,0,0,0,253,30464,0,0,0,0
7607.289,15925,62,0,0,0,0,0,8,413,5,42,0,0,0,0,0,0,0,0,0,0,0,0,0,0,0,0,0,0,0,0,0,0,161,15578,0,0,0,0
7624.489,17199,58,0,0,0,0,0,8,212,5,42,0,0,0,0,0,0,0,0,0,0,0,0,0,0,0,0,0,0,0,0,0,0,161,3563,0,0,0,0
7640.986,16497,60,0,0,0,0,0,8,262,5,42,0,0,0,0,0,0,0,0,0,0,0,0,0,0,0,0,0,0,0,0,0,0,235,17124,0,0,0,0
7657.790,16803,59,0,0,0,0,0,8,438,5,42,0,0,0,0,0,0,0,0,0,0,0,0,0,0,0,0,0,0,0,0,0,0,240,29835,0,0,0,0
7674.895,17105,58,0,0,0,0,0,8,391,5,42,0,0,0,0,0,0,0,0,0,0,0,0,0,0,0,0,0,0,0,0,0,0,157,16139,0,0,0,0
7691.352,16457,60,0,0,0,0,0,8,233,5,42,0,0,0,0,0,0,0,0,0,0,0,0,0,0,0,0,0,0,0,0,0,0,164,4476,0,0,0,0
7707.786,16434,60,0,0,0,0,0,8,257,5,42,0,0,0,0,0,0,0,0,0,0,0,0,0,0,0,0,0,0,0,0,0,0,233,16450,0,0,0,0
7724.361,16574,60,0,0,0,0,0,8,393,5,42,0,0,0,0,0,0,0,0,0,0,0,0,0,0,0,0,0,0,0,0,0,0,243,29903,0,0,0,0
7742.227,17855,56,0,0,0,0,0,8,441,5,42,0,0,0,0,0,0,0,0,0,0,0,0,0,0,0,0,0,0,0,0,0,0,171,15494,0,0,0,0
7757.930,15713,63,0,0,0,0,0,8,228,5,42,0,0,0,0,0,0,0,0,0,0,0,0,0,0,0,0,0,0,0,0,0,0,154,5448,0,0,0,0
7775.222,17291,57,0,0,0,0,0,8,214,5,42,0,0,0,0,0,0,0,0,0,0,0,0,0,0,0,0,0,0,0,0,0,0,213,15685,0,0,0,0
7791.403,16181,61,0,0,0,0,0,8,438,5,42,0,0,0,0,0,0,0,0,0,0,0,0,0,0,0,0,0,0,0,0,0,0,227,30832,0,0,0,0
7807.766,16363,61,0,0,0,0,0,8,436,5,42,0,0,0,0,0,0,0,0,0,0,0,0,0,0,0,0,0,0,0,0,0,0,146,15154,0,0,0,0
7823.961,16195,61,0,0,0,0,0,8,208,5,42,0,0,0,0,0,0,0,0,0,0,0,0,0,0,0,0,0,0,0,0,0,0,134,3868,0,0,0,0
7841.220,17258,57,0,0,0,0,0,8,242,5,42,0,0,0,0,0,0,0,0,0,0,0,0,0,0,0,0,0,0,0,0,0,0,216,16168,0,0,0,0
7857.544,16324,61,0,0,0,0,0,8,443,5,42,0,0,0,0,0,0,0,0,0,0,0,0,0,0,0,0,0,0,0,0,0,0,219,30990,0,0,0,0
7874.700,17156,58,0,0,0,0,0,8,392,5,42,0,0,0,0,0,0,0,0,0,0,0,0,0,0,0,0,0,0,0,0,0,0,155,15305,0,0,0,0
7891.353,16652,60,0,0,0,0,0,8,264,5,42,0,0,0,0,0,0,0,0,0,0,0,0,0,0,0,0,0,0,0,0,0,0,175,4503,0,0,0,0
7907.905,16552,60,0,0,0,0,0,8,254,5,42,0,0,0,0,0,0,0,0,0,0,0,0,0,0,0,0,0,0,0,0,0,0,233,16632,0,0,0,0
7925.224,17318,57,0,0,0,0,0,8,368,5,42,0,0,0,0,0,0,0,0,0,0,0,0,0,0,0,0,0,0,0,0,0,0,235,29803,0,0,0,0
7942.219,16995,58,0,0,0,0,0,8,262,5,42,0,0,0,0,0,0,0,0,0,0,0,0,0,0,0,0,0,0,0,0,0,0,173,4047,0,0,0,0
7957.220,15000,66,0,0,0,0,0,8,433,5,42,0,0,0,0,0,0,0,0,0,0,0,0,0,0,0,0,0,0,0,0,0,0,243,29745,0,0,0,0
7974.372,17142,58,0,0,0,0,0,8,392,5,42,0,0,0,0,0,0,0,0,0,0,0,0,0,0,0,0,0,0,0,0,0,0,151,16204,0,0,0,0
7991.345,16982,58,0,0,0,0,0,8,257,5,42,0,0,0,0,0,0,0,0,0,0,0,0,0,0,0,0,0,0,0,0,0,0,146,3206,0,0,0,0
8007.759,16414,60,0,0,0,0,0,8,233,5,42,0,0,0,0,0,0,0,0,0,0,0,0,0,0,0,0,0,0,0,0,0,0,273,17073,0,0,0,0
8025.216,17457,57,0,0,0,0,0,8,390,5,42,0,0,0,0,0,0,0,0,0,0,0,0,0,0,0,0,0,0,0,0,0,0,235,28603,0,0,0,0
8040.997,15781,63,0,0,0,0,0,8,256,5,42,0,0,0,0,0,0,0,0,0,0,0,0,0,0,0,0,0,0,0,0,0,0,184,5267,0,0,0,0
8057.736,16738,59,0,0,0,0,0,8,437,5,42,0,0,0,0,0,0,0,0,0,0,0,0,0,0,0,0,0,0,0,0,0,0,226,28964,0,0,0,0
8074.484,16747,59,0,0,0,0,0,8,393,5,42,0,0,0,0,0,0,0,0,0,0,0,0,0,0,0,0,0,0,0,0,0,0,142,16021,0,0,0,0
8090.947,16463,60,0,0,0,0,0,8,237,5,42,0,0,0,0,0,0,0,0,0,0,0,0,0,0,0,0,0,0,0,0,0,0,156,4203,0,0,0,0
8107.789,16841,59,0,0,0,0,0,8,261,5,42,0,0,0,0,0,0,0,0,0,0,0,0,0,0,0,0,0,0,0,0,0,0,220,16699,0,0,0,0
8125.225,17436,57,0,0,0,0,0,8,397,5,42,0,0,0,0,0,0,0,0,0,0,0,0,0,0,0,0,0,0,0,0,0,0,234,30076,0,0,0,0
8141.456,16230,61,0,0,0,0,0,8,440,5,42,0,0,0,0,0,0,0,0,0,0,0,0,0,0,0,0,0,0,0,0,0,0,161,16459,0,0,0,0
8157.896,16439,60,0,0,0,0,0,8,237,5,42,0,0,0,0,0,0,0,0,0,0,0,0,0,0,0,0,0,0,0,0,0,0,152,3754,0,0,0,0
8175.222,17326,57,0,0,0,0,0,8,217,5,42,0,0,0,0,0,0,0,0,0,0,0,0,0,0,0,0,0,0,0,0,0,0,231,16368,0,0,0,0
8191.211,15988,62,0,0,0,0,0,8,437,5,42,0,0,0,0,0,0,0,0,0,0,0,0,0,0,0,0,0,0,0,0,0,0,226,30899,0,0,0,0
8207.668,16457,60,0,0,0,0,0,8,437,5,42,0,0,0,0,0,0,0,0,0,0,0,0,0,0,0,0,0,0,0,0,0,0,127,14758,0,0,0,0
8224.331,16662,60,0,0,0,0,0,8,212,5,42,0,0,0,0,0,0,0,0,0,0,0,0,0,0,0,0,0,0,0,0,0,0,146,4144,0,0,0,0
8241.347,17017,58,0,0,0,0,0,8,238,5,42,0,0,0,0,0,0,0,0,0,0,0,0,0,0,0,0,0,0,0,0,0,0,210,16592,0,0,0,0
8257.835,16487,60,0,0,0,0,0,8,429,5,42,0,0,0,0,0,0,0,0,0,0,0,0,0,0,0,0,0,0,0,0,0,0,216,30639,0,0,0,0
8275.223,17388,57,0,0,0,0,0,8,212,5,42,0,0,0,0,0,0,0,0,0,0,0,0,0,0,0,0,0,0,0,0,0,0,161,2968,0,0,0,0
8291.105,15881,62,0,0,0,0,0,8,437,5,42,0,0,0,0,0,0,0,0,0,0,0,0,0,0,0,0,0,0,0,0,0,0,231,29614,0,0,0,0
8307.725,16620,60,0,0,0,0,0,8,254,5,42,0,0,0,0,0,0,0,0,0,0,0,0,0,0,0,0,0,0,0,0,0,0,158,3638,0,0,0,0
8325.121,17396,57,0,0,0,0,0,8,368,5,42,0,0,0,0,0,0,0,0,0,0,0,0,0,0,0,0,0,0,0,0,0,0,233,30211,0,0,0,0
8340.981,15860,63,0,0,0,0,0,8,433,5,42,0,0,0,0,0,0,0,0,0,0,0,0,0,0,0,0,0,0,0,0,0,0,149,16486,0,0,0,0
8357.214,16232,61,0,0,0,0,0,8,256,5,42,0,0,0,0,0,0,0,0,0,0,0,0,0,0,0,0,0,0,0,0,0,0,146,3181,0,0,0,0
8375.219,18005,55,0,0,0,0,0,8,214,5,42,0,0,0,0,0,0,0,0,0,0,0,0,0,0,0,0,0,0,0,0,0,0,226,16213,0,0,0,0
8391.089,15869,63,0,0,0,0,0,8,437,5,42,0,0,0,0,0,0,0,0,0,0,0,0,0,0,0,0,0,0,0,0,0,0,231,31065,0,0,0,0
8407.852,16763,59,0,0,0,0,0,8,237,5,42,0,0,0,0,0,0,0,0,0,0,0,0,0,0,0,0,0,0,0,0,0,0,150,2866,0,0,0,0
8424.347,16495,60,0,0,0,0,0,8,392,5,42,0,0,0,0,0,0,0,0,0,0,0,0,0,0,0,0,0,0,0,0,0,0,240,29079,0,0,0,0
8441.230,16883,59,0,0,0,0,0,8,257,5,42,0,0,0,0,0,0,0,0,0,0,0,0,0,0,0,0,0,0,0,0,0,0,156,4129,0,0,0,0
8457.723,16493,60,0,0,0,0,0,8,437,5,42,0,0,0,0,0,0,0,0,0,0,0,0,0,0,0,0,0,0,0,0,0,0,230,30414,0,0,0,0
8473.926,16202,61,0,0,0,0,0,8,210,5,42,0,0,0,0,0,0,0,0,0,0,0,0,0,0,0,0,0,0,0,0,0,0,147,3002,0,0,0,0
8491.330,17403,57,0,0,0,0,0,8,415,5,42,0,0,0,0,0,0,0,0,0,0,0,0,0,0,0,0,0,0,0,0,0,0,230,28578,0,0,0,0
8508.052,16722,59,0,0,0,0,0,8,268,5,42,0,0,0,0,0,0,0,0,0,0,0,0,0,0,0,0,0,0,0,0,0,0,164,5017,0,0,0,0
8524.830,16777,59,0,0,0,0,0,8,387,5,42,0,0,0,0,0,0,0,0,0,0,0,0,0,0,0,0,0,0,0,0,0,0,235,29930,0,0,0,0
8540.949,16119,62,0,0,0,0,0,8,262,5,42,0,0,0,0,0,0,0,0,0,0,0,0,0,0,0,0,0,0,0,0,0,0,150,3568,0,0,0,0
8557.738,16788,59,0,0,0,0,0,8,414,5,42,0,0,0,0,0,0,0,0,0,0,0,0,0,0,0,0,0,0,0,0,0,0,235,28528,0,0,0,0
8575.217,17479,57,0,0,0,0,0,8,212,5,42,0,0,0,0,0,0,0,0,0,0,0,0,0,0,0,0,0,0,0,0,0,0,156,4346,0,0,0,0
8590.985,15767,63,0,0,0,0,0,8,438,5,42,0,0,0,0,0,0,0,0,0,0,0,0,0,0,0,0,0,0,0,0,0,0,237,31255,0,0,0,0
8607.230,16245,61,0,0,0,0,0,8,436,5,42,0,0,0,0,0,0,0,0,0,0,0,0,0,0,0,0,0,0,0,0,0,0,167,14413,0,0,0,0
8624.441,17210,58,0,0,0,0,0,8,210,5,42,0,0,0,0,0,0,0,0,0,0,0,0,0,0,0,0,0,0,0,0,0,0,167,3929,0,0,0,0
8640.993,16552,60,0,0,0,0,0,8,236,5,42,0,0,0,0,0,0,0,0,0,0,0,0,0,0,0,0,0,0,0,0,0,0,241,17124,0,0,0,0
8657.723,16729,59,0,0,0,0,0,8,436,5,42,0,0,0,0,0,0,0,0,0,0,0,0,0,0,0,0,0,0,0,0,0,0,225,29780,0,0,0,0
8675.213,17489,57,0,0,0,0,0,8,218,5,42,0,0,0,0,0,0,0,0,0,0,0,0,0,0,0,0,0,0,0,0,0,0,166,3617,0,0,0,0
8690.985,15772,63,0,0,0,0,0,8,433,5,42,0,0,0,0,0,0,0,0,0,0,0,0,0,0,0,0,0,0,0,0,0,0,239,29877,0,0,0,0
8707.779,16793,59,0,0,0,0,0,8,261,5,42,0,0,0,0,0,0,0,0,0,0,0,0,0,0,0,0,0,0,0,0,0,0,161,3279,0,0,0,0
8724.316,16537,60,0,0,0,0,0,8,369,5,42,0,0,0,0,0,0,0,0,0,0,0,0,0,0,0,0,0,0,0,0,0,0,233,30350,0,0,0,0
8740.943,16626,60,0,0,0,0,0,8,437,5,42,0,0,0,0,0,0,0,0,0,0,0,0,0,0,0,0,0,0,0,0,0,0,159,16035,0,0,0,0
8757.755,16812,59,0,0,0,0,0,8,260,5,42,0,0,0,0,0,0,0,0,0,0,0,0,0,0,0,0,0,0,0,0,0,0,138,3549,0,0,0,0
8775.216,17460,57,0,0,0,0,0,8,214,5,42,0,0,0,0,0,0,0,0,0,0,0,0,0,0,0,0,0,0,0,0,0,0,226,16779,0,0,0,0
8791.371,16154,61,0,0,0,0,0,8,436,5,42,0,0,0,0,0,0,0,0,0,0,0,0,0,0,0,0,0,0,0,0,0,0,240,31057,0,0,0,0
8807.269,15898,62,0,0,0,0,0,8,233,5,42,0,0,0,0,0,0,0,0,0,0,0,0,0,0,0,0,0,0,0,0,0,0,157,2616,0,0,0,0
8824.724,17454,57,0,0,0,0,0,8,389,5,42,0,0,0,0,0,0,0,0,0,0,0,0,0,0,0,0,0,0,0,0,0,0,234,28497,0,0,0,0
8840.979,16255,61,0,0,0,0,0,8,257,5,42,0,0,0,0,0,0,0,0,0,0,0,0,0,0,0,0,0,0,0,0,0,0,178,4944,0,0,0,0
8857.799,16820,59,0,0,0,0,0,8,437,5,42,0,0,0,0,0,0,0,0,0,0,0,0,0,0,0,0,0,0,0,0,0,0,237,29647,0,0,0,0
8875.221,17422,57,0,0,0,0,0,8,217,5,42,0,0,0,0,0,0,0,0,0,0,0,0,0,0,0,0,0,0,0,0,0,0,154,3315,0,0,0,0
8890.947,15725,63,0,0,0,0,0,8,408,5,42,0,0,0,0,0,0,0,0,0,0,0,0,0,0,0,0,0,0,0,0,0,0,240,30089,0,0,0,0
8907.796,16849,59,0,0,0,0,0,8,258,5,42,0,0,0,0,0,0,0,0,0,0,0,0,0,0,0,0,0,0,0,0,0,0,157,3062,0,0,0,0
8924.334,16537,60,0,0,0,0,0,8,392,5,42,0,0,0,0,0,0,0,0,0,0,0,0,0,0,0,0,0,0,0,0,0,0,220,30157,0,0,0,0
8940.952,16618,60,0,0,0,0,0,8,262,5,42,0,0,0,0,0,0,0,0,0,0,0,0,0,0,0,0,0,0,0,0,0,0,145,3346,0,0,0,0
8957.728,16775,59,0,0,0,0,0,8,411,5,42,0,0,0,0,0,0,0,0,0,0,0,0,0,0,0,0,0,0,0,0,0,0,222,28779,0,0,0,0
8975.217,17489,57,0,0,0,0,0,8,214,5,42,0,0,0,0,0,0,0,0,0,0,0,0,0,0,0,0,0,0,0,0,0,0,179,4626,0,0,0,0
8990.746,15529,64,0,0,0,0,0,8,433,5,42,0,0,0,0,0,0,0,0,0,0,0,0,0,0,0,0,0,0,0,0,0,0,230,30878,0,0,0,0
9007.317,16570,60,0,0,0,0,0,8,261,5,42,0,0,0,0,0,0,0,0,0,0,0,0,0,0,0,0,0,0,0,0,0,0,156,2044,0,0,0,0
9025.212,17895,55,0,0,0,0,0,8,392,5,42,0,0,0,0,0,0,0,0,0,0,0,0,0,0,0,0,0,0,0,0,0,0,222,29054,0,0,0,0
9041.206,15993,62,0,0,0,0,0,8,234,5,42,0,0,0,0,0,0,0,0,0,0,0,0,0,0,0,0,0,0,0,0,0,0,180,5551,0,0,0,0
9057.209,16003,62,0,0,0,0,0,8,432,5,42,0,0,0,0,0,0,0,0,0,0,0,0,0,0,0,0,0,0,0,0,0,0,227,29424,0,0,0,0
9075.221,18011,55,0,0,0,0,0,8,218,5,42,0,0,0,0,0,0,0,0,0,0,0,0,0,0,0,0,0,0,0,0,0,0,172,2430,0,0,0,0
9092.207,16986,58,0,0,0,0,0,8,436,5,42,0,0,0,0,0,0,0,0,0,0,0,0,0,0,0,0,0,0,0,0,0,0,231,30615,0,0,0,0
9107.884,15677,63,0,0,0,0,0,8,258,5,42,0,0,0,0,0,0,0,0,0,0,0,0,0,0,0,0,0,0,0,0,0,0,150,4384,0,0,0,0
9125.221,17336,57,0,0,0,0,0,8,372,5,42,0,0,0,0,0,0,0,0,0,0,0,0,0,0,0,0,0,0,0,0,0,0,244,28901,0,0,0,0
9141.337,16115,62,0,0,0,0,0,8,257,5,42,0,0,0,0,0,0,0,0,0,0,0,0,0,0,0,0,0,0,0,0,0,0,169,4170,0,0,0,0
9157.776,16439,60,0,0,0,0,0,8,437,5,42,0,0,0,0,0,0,0,0,0,0,0,0,0,0,0,0,0,0,0,0,0,0,228,28804,0,0,0,0
9175.225,17449,57,0,0,0,0,0,8,217,5,42,0,0,0,0,0,0,0,0,0,0,0,0,0,0,0,0,0,0,0,0,0,0,176,3710,0,0,0,0
9191.330,16104,62,0,0,0,0,0,8,437,5,42,0,0,0,0,0,0,0,0,0,0,0,0,0,0,0,0,0,0,0,0,0,0,243,31366,0,0,0,0
9207.971,16641,60,0,0,0,0,0,8,409,5,42,0,0,0,0,0,0,0,0,0,0,0,0,0,0,0,0,0,0,0,0,0,0,152,14551,0,0,0,0
9225.220,17248,57,0,0,0,0,0,8,218,5,42,0,0,0,0,0,0,0,0,0,0,0,0,0,0,0,0,0,0,0,0,0,0,163,4231,0,0,0,0
9241.421,16201,61,0,0,0,0,0,8,253,5,42,0,0,0,0,0,0,0,0,0,0,0,0,0,0,0,0,0,0,0,0,0,0,237,17252,0,0,0,0
9257.799,16378,61,0,0,0,0,0,8,444,5,42,0,0,0,0,0,0,0,0,0,0,0,0,0,0,0,0,0,0,0,0,0,0,231,29461,0,0,0,0
9274.391,16591,60,0,0,0,0,0,8,210,5,42,0,0,0,0,0,0,0,0,0,0,0,0,0,0,0,0,0,0,0,0,0,0,163,3495,0,0,0,0
9291.421,17030,58,0,0,0,0,0,8,417,5,42,0,0,0,0,0,0,0,0,0,0,0,0,0,0,0,0,0,0,0,0,0,0,235,28547,0,0,0,0
9307.792,16371,61,0,0,0,0,0,8,257,5,42,0,0,0,0,0,0,0,0,0,0,0,0,0,0,0,0,0,0,0,0,0,0,169,4720,0,0,0,0
9325.209,17416,57,0,0,0,0,0,8,396,5,42,0,0,0,0,0,0,0,0,0,0,0,0,0,0,0,0,0,0,0,0,0,0,234,29857,0,0,0,0
9341.729,16519,60,0,0,0,0,0,8,258,5,42,0,0,0,0,0,0,0,0,0,0,0,0,0,0,0,0,0,0,0,0,0,0,154,3926,0,0,0,0
9357.784,16055,62,0,0,0,0,0,8,408,5,42,0,0,0,0,0,0,0,0,0,0,0,0,0,0,0,0,0,0,0,0,0,0,227,29104,0,0,0,0
9374.606,16821,59,0,0,0,0,0,8,218,5,42,0,0,0,0,0,0,0,0,0,0,0,0,0,0,0,0,0,0,0,0,0,0,160,3459,0,0,0,0
9390.833,16227,61,0,0,0,0,0,8,437,5,42,0,0,0,0,0,0,0,0,0,0,0,0,0,0,0,0,0,0,0,0,0,0,245,30331,0,0,0,0
9408.212,17379,57,0,0,0,0,0,8,257,5,42,0,0,0,0,0,0,0,0,0,0,0,0,0,0,0,0,0,0,0,0,0,0,136,3040,0,0,0,0
9423.849,15637,63,0,0,0,0,0,8,384,5,42,0,0,0,0,0,0,0,0,0,0,0,0,0,0,0,0,0,0,0,0,0,0,226,29691,0,0,0,0
9440.967,17118,58,0,0,0,0,0,8,237,5,42,0,0,0,0,0,0,0,0,0,0,0,0,0,0,0,0,0,0,0,0,0,0,170,3044,0,0,0,0
9457.433,16466,60,0,0,0,0,0,8,437,5,42,0,0,0,0,0,0,0,0,0,0,0,0,0,0,0,0,0,0,0,0,0,0,235,30278,0,0,0,0
9474.878,17444,57,0,0,0,0,0,8,213,5,42,0,0,0,0,0,0,0,0,0,0,0,0,0,0,0,0,0,0,0,0,0,0,159,3277,0,0,0,0
9490.942,16064,62,0,0,0,0,0,8,440,5,42,0,0,0,0,0,0,0,0,0,0,0,0,0,0,0,0,0,0,0,0,0,0,233,29753,0,0,0,0
9507.882,16939,59,0,0,0,0,0,8,258,5,42,0,0,0,0,0,0,0,0,0,0,0,0,0,0,0,0,0,0,0,0,0,0,146,3709,0,0,0,0
9524.730,16848,59,0,0,0,0,0,8,373,5,42,0,0,0,0,0,0,0,0,0,0,0,0,0,0,0,0,0,0,0,0,0,0,239,30372,0,0,0,0
9540.949,16218,61,0,0,0,0,0,8,257,5,42,0,0,0,0,0,0,0,0,0,0,0,0,0,0,0,0,0,0,0,0,0,0,160,3475,0,0,0,0
9557.717,16768,59,0,0,0,0,0,8,437,5,42,0,0,0,0,0,0,0,0,0,0,0,0,0,0,0,0,0,0,0,0,0,0,233,28429,0,0,0,0
9574.044,16326,61,0,0,0,0,0,8,212,5,42,0,0,0,0,0,0,0,0,0,0,0,0,0,0,0,0,0,0,0,0,0,0,169,4521,0,0,0,0
9591.358,17314,57,0,0,0,0,0,8,441,5,42,0,0,0,0,0,0,0,0,0,0,0,0,0,0,0,0,0,0,0,0,0,0,221,29544,0,0,0,0
9608.121,16763,59,0,0,0,0,0,8,238,5,42,0,0,0,0,0,0,0,0,0,0,0,0,0,0,0,0,0,0,0,0,0,0,176,4145,0,0,0,0
9625.208,17086,58,0,0,0,0,0,8,395,5,42,0,0,0,0,0,0,0,0,0,0,0,0,0,0,0,0,0,0,0,0,0,0,239,29009,0,0,0,0
9641.543,16335,61,0,0,0,0,0,8,254,5,42,0,0,0,0,0,0,0,0,0,0,0,0,0,0,0,0,0,0,0,0,0,0,166,4819,0,0,0,0
9657.226,15682,63,0,0,0,0,0,8,440,5,42,0,0,0,0,0,0,0,0,0,0,0,0,0,0,0,0,0,0,0,0,0,0,229,29628,0,0,0,0
9674.326,17089,58,0,0,0,0,0,8,214,5,42,0,0,0,0,0,0,0,0,0,0,0,0,0,0,0,0,0,0,0,0,0,0,133,2377,0,0,0,0
9692.198,17882,55,0,0,0,0,0,8,412,5,42,0,0,0,0,0,0,0,0,0,0,0,0,0,0,0,0,0,0,0,0,0,0,217,29439,0,0,0,0
9707.800,15602,64,0,0,0,0,0,8,258,5,42,0,0,0,0,0,0,0,0,0,0,0,0,0,0,0,0,0,0,0,0,0,0,173,5577,0,0,0,0
9725.211,17410,57,0,0,0,0,0,8,389,5,42,0,0,0,0,0,0,0,0,0,0,0,0,0,0,0,0,0,0,0,0,0,0,227,28966,0,0,0,0
9740.934,15723,63,0,0,0,0,0,8,252,5,42,0,0,0,0,0,0,0,0,0,0,0,0,0,0,0,0,0,0,0,0,0,0,148,3981,0,0,0,0
9757.202,16267,61,0,0,0,0,0,8,413,5,42,0,0,0,0,0,0,0,0,0,0,0,0,0,0,0,0,0,0,0,0,0,0,223,28127,0,0,0,0
9774.263,17061,58,0,0,0,0,0,8,209,5,42,0,0,0,0,0,0,0,0,0,0,0,0,0,0,0,0,0,0,0,0,0,0,170,3915,0,0,0,0
9791.339,17076,58,0,0,0,0,0,8,444,5,42,0,0,0,0,0,0,0,0,0,0,0,0,0,0,0,0,0,0,0,0,0,0,222,30580,0,0,0,0
9808.197,16857,59,0,0,0,0,0,8,262,5,42,0,0,0,0,0,0,0,0,0,0,0,0,0,0,0,0,0,0,0,0,0,0,151,3477,0,0,0,0
9824.742,16544,60,0,0,0,0,0,8,389,5,42,0,0,0,0,0,0,0,0,0,0,0,0,0,0,0,0,0,0,0,0,0,0,236,29214,0,0,0,0
9842.203,17461,57,0,0,0,0,0,8,241,5,42,0,0,0,0,0,0,0,0,0,0,0,0,0,0,0,0,0,0,0,0,0,0,144,4195,0,0,0,0
9857.798,15594,64,0,0,0,0,0,8,433,5,42,0,0,0,0,0,0,0,0,0,0,0,0,0,0,0,0,0,0,0,0,0,0,239,30782,0,0,0,0
9874.444,16646,60,0,0,0,0,0,8,217,5,42,0,0,0,0,0,0,0,0,0,0,0,0,0,0,0,0,0,0,0,0,0,0,151,2302,0,0,0,0
9891.334,16890,59,0,0,0,0,0,8,440,5,42,0,0,0,0,0,0,0,0,0,0,0,0,0,0,0,0,0,0,0,0,0,0,214,28972,0,0,0,0
9907.727,16392,61,0,0,0,0,0,8,254,5,42,0,0,0,0,0,0,0,0,0,0,0,0,0,0,0,0,0,0,0,0,0,0,167,4576,0,0,0,0
9924.493,16766,59,0,0,0,0,0,8,367,5,42,0,0,0,0,0,0,0,0,0,0,0,0,0,0,0,0,0,0,0,0,0,0,219,29703,0,0,0,0
9940.972,16479,60,0,0,0,0,0,8,262,5,42,0,0,0,0,0,0,0,0,0,0,0,0,0,0,0,0,0,0,0,0,0,0,129,3470,0,0,0,0
9957.229,16256,61,0,0,0,0,0,8,437,5,42,0,0,0,0,0,0,0,0,0,0,0,0,0,0,0,0,0,0,0,0,0,0,260,28695,0,0,0,0
9975.201,17972,55,0,0,0,0,0,8,217,5,42,0,0,0,0,0,0,0,0,0,0,0,0,0,0,0,0,0,0,0,0,0,0,177,4041,0,0,0,0
9991.405,16203,61,0,0,0,0,0,8,433,5,42,0,0,0,0,0,0,0,0,0,0,0,0,0,0,0,0,0,0,0,0,0,0,231,31501,0,0,0,0
10008.196,16791,59,0,0,0,0,0,8,241,5,42,0,0,0,0,0,0,0,0,0,0,0,0,0,0,0,0,0,0,0,0,0,0,153,2646,0,0,0,0
10024.332,16135,61,0,0,0,0,0,8,388,5,42,0,0,0,0,0,0,0,0,0,0,0,0,0,0,0,0,0,0,0,0,0,0,234,29788,0,0,0,0
10041.311,16979,58,0,0,0,0,0,8,262,5,42,0,0,0,0,0,0,0,0,0,0,0,0,0,0,0,0,0,0,0,0,0,0,172,3194,0,0,0,0
10057.872,16561,60,0,0,0,0,0,8,432,5,42,0,0,0,0,0,0,0,0,0,0,0,0,0,0,0,0,0,0,0,0,0,0,225,30482,0,0,0,0
10075.205,17332,57,0,0,0,0,0,8,214,5,42,0,0,0,0,0,0,0,0,0,0,0,0,0,0,0,0,0,0,0,0,0,0,146,2983,0,0,0,0
10091.461,16255,61,0,0,0,0,0,8,416,5,42,0,0,0,0,0,0,0,0,0,0,0,0,0,0,0,0,0,0,0,0,0,0,228,29946,0,0,0,0
10107.712,16251,61,0,0,0,0,0,8,249,5,42,0,0,0,0,0,0,0,0,0,0,0,0,0,0,0,0,0,0,0,0,0,0,149,3674,0,0,0,0
10124.752,17040,58,0,0,0,0,0,8,394,5,42,0,0,0,0,0,0,0,0,0,0,0,0,0,0,0,0,0,0,0,0,0,0,224,29724,0,0,0,0
10141.328,16576,60,0,0,0,0,0,8,262,5,42,0,0,0,0,0,0,0,0,0,0,0,0,0,0,0,0,0,0,0,0,0,0,150,3545,0,0,0,0
10157.722,16393,60,0,0,0,0,0,8,409,5,42,0,0,0,0,0,0,0,0,0,0,0,0,0,0,0,0,0,0,0,0,0,0,251,29333,0,0,0,0
10174.240,16517,60,0,0,0,0,0,8,217,5,42,0,0,0,0,0,0,0,0,0,0,0,0,0,0,0,0,0,0,0,0,0,0,153,3642,0,0,0,0
10192.201,17961,55,0,0,0,0,0,8,440,5,42,0,0,0,0,0,0,0,0,0,0,0,0,0,0,0,0,0,0,0,0,0,0,225,30471,0,0,0,0
10207.839,15637,63,0,0,0,0,0,8,254,5,42,0,0,0,0,0,0,0,0,0,0,0,0,0,0,0,0,0,0,0,0,0,0,157,3983,0,0,0,0
10225.201,17362,57,0,0,0,0,0,8,393,5,42,0,0,0,0,0,0,0,0,0,0,0,0,0,0,0,0,0,0,0,0,0,0,246,28349,0,0,0,0
10241.311,16109,62,0,0,0,0,0,8,236,5,42,0,0,0,0,0,0,0,0,0,0,0,0,0,0,0,0,0,0,0,0,0,0,166,4749,0,0,0,0
10257.788,16477,60,0,0,0,0,0,8,295,5,42,0,0,0,0,0,0,0,0,0,0,0,0,0,0,0,0,0,0,0,0,0,0,0,0,0,0,0,0
10275.208,17419,57,0,0,0,0,0,8,538,5,42,0,0,0,0,0,0,0,0,0,0,0,0,0,0,0,0,0,0,0,0,0,0,323,47307,0,0,0,0
10291.328,16120,62,0,0,0,0,0,8,257,5,42,0,0,0,0,0,0,0,0,0,0,0,0,0,0,0,0,0,0,0,0,0,0,152,3564,0,0,0,0
10307.756,16427,60,0,0,0,0,0,8,262,5,42,0,0,0,0,0,0,0,0,0,0,0,0,0,0,0,0,0,0,0,0,0,0,239,15192,0,0,0,0
10325.199,17443,57,0,0,0,0,0,8,367,5,42,0,0,0,0,0,0,0,0,0,0,0,0,0,0,0,0,0,0,0,0,0,0,238,31490,0,0,0,0
10341.327,16127,62,0,0,0,0,0,8,254,5,42,0,0,0,0,0,0,0,0,0,0,0,0,0,0,0,0,0,0,0,0,0,0,138,2376,0,0,0,0
10357.775,16447,60,0,0,0,0,0,8,444,5,42,0,0,0,0,0,0,0,0,0,0,0,0,0,0,0,0,0,0,0,0,0,0,247,29882,0,0,0,0
10375.191,17416,57,0,0,0,0,0,8,187,5,42,0,0,0,0,0,0,0,0,0,0,0,0,0,0,0,0,0,0,0,0,0,0,144,3074,0,0,0,0
10391.196,16004,62,0,0,0,0,0,8,221,5,42,0,0,0,0,0,0,0,0,0,0,0,0,0,0,0,0,0,0,0,0,0,0,251,17009,0,0,0,0
10407.710,16514,60,0,0,0,0,0,8,20336,5,42,0,0,0,0,0,0,0,0,0,0,0,0,0,0,0,0,0,0,0,0,0,0,0,0,0,0,0,0
10434.038,26328,37,0,0,0,0,0,8,36208,6,43,0,0,0,0,0,0,0,0,0,0,0,0,0,0,0,0,0,0,0,0,0,0,0,57596,0,0,0,0
10449.635,15596,64,0,0,0,0,0,8,1952,5,43,0,0,0,0,0,0,0,0,0,0,0,0,0,0,0,0,0,0,0,0,0,0,86,86,0,0,0,0
10466.266,16631,60,0,0,0,0,0,8,18198,5,43,0,0,0,0,0,0,0,0,0,0,0,0,0,0,0,0,0,0,0,0,0,0,4808,21554,0,0,0,0
10483.200,16934,59,0,0,0,0,0,8,20785,5,43,0,0,0,0,0,0,0,0,0,0,0,0,0,0,0,0,0,0,0,0,0,0,4853,16886,0,0,0,0
10500.191,16990,58,0,0,0,0,0,8,20656,5,43,0,0,0,0,0,0,0,0,0,0,0,0,0,0,0,0,0,0,0,0,0,0,4721,16271,0,0,0,0
10516.197,16006,62,0,0,0,0,0,8,20311,5,43,0,0,0,0,0,0,0,0,0,0,0,0,0,0,0,0,0,0,0,0,0,0,4578,17501,0,0,0,0
10533.079,16882,59,0,0,0,0,0,8,24933,5,43,0,0,0,0,0,0,0,0,0,0,0,0,0,0,0,0,0,0,0,0,0,0,4599,15906,0,0,0,0
10549.698,16619,60,0,0,0,0,0,8,20449,5,43,0,0,0,0,0,0,0,0,0,0,0,0,0,0,0,0,0,0,0,0,0,0,4532,16291,0,0,0,0
10566.189,16490,60,0,0,0,0,0,8,22060,5,43,0,0,0,0,0,0,0,0,0,0,0,0,0,0,0,0,0,0,0,0,0,0,4496,17102,0,0,0,0
10582.700,16511,60,0,0,0,0,0,8,21931,5,43,0,0,0,0,0,0,0,0,0,0,0,0,0,0,0,0,0,0,0,0,0,0,4614,16606,0,0,0,0
10599.887,17187,58,0,0,0,0,0,8,21482,5,43,0,0,0,0,0,0,0,0,0,0,0,0,0,0,0,0,0,0,0,0,0,0,4621,16131,0,0,0,0
10616.271,16383,61,0,0,0,0,0,8,78279,5,43,0,0,0,0,0,0,0,0,0,0,0,0,0,0,0,0,0,0,0,0,0,0,3404,16350,0,0,0,0
10633.197,16925,59,0,0,0,0,0,8,160179,5,43,0,0,0,0,0,0,0,0,0,0,0,0,0,0,0,0,0,0,0,0,0,0,4937,17398,0,0,0,0
10649.719,16523,60,0,0,0,0,0,8,147242,5,43,0,0,0,0,0,0,0,0,0,0,0,0,0,0,0,0,0,0,0,0,0,0,4823,16812,0,0,0,0
10666.327,16607,60,0,0,0,0,0,8,141733,5,43,0,0,0,0,0,0,0,0,0,0,0,0,0,0,0,0,0,0,0,0,0,0,4874,17103,0,0,0,0
10682.968,16640,60,0,0,0,0,0,8,139780,5,43,0,0,0,0,0,0,0,0,0,0,0,0,0,0,0,0,0,0,0,0,0,0,3341,15074,0,0,0,0
10699.454,16486,60,0,0,0,0,0,8,133999,5,43,0,0,0,0,0,0,0,0,0,0,0,0,0,0,0,0,0,0,0,0,0,0,4169,16941,0,0,0,0
10715.883,16429,60,0,0,0,0,0,8,139025,5,43,0,0,0,0,0,0,0,0,0,0,0,0,0,0,0,0,0,0,0,0,0,0,4237,17581,0,0,0,0
10732.707,16824,59,0,0,0,0,0,8,132187,5,43,0,0,0,0,0,0,0,0,0,0,0,0,0,0,0,0,0,0,0,0,0,0,3554,14709,0,0,0,0
10749.399,16691,59,0,0,0,0,0,8,145766,5,43,0,0,0,0,0,0,0,0,0,0,0,0,0,0,0,0,0,0,0,0,0,0,3529,17308,0,0,0,0
10766.214,16815,59,0,0,0,0,0,8,196622,5,43,0,0,0,0,0,0,0,0,0,0,0,0,0,0,0,0,0,0,0,0,0,0,3521,16695,0,0,0,0
10782.202,15987,62,0,0,0,0,0,8,218877,5,43,0,0,0,0,0,0,0,0,0,0,0,0,0,0,0,0,0,0,0,0,0,0,5282,18611,0,0,0,0
10799.718,17515,57,0,0,0,0,0,8,214911,5,43,0,0,0,0,0,0,0,0,0,0,0,0,0,0,0,0,0,0,0,0,0,0,5128,15818,0,0,0,0
10816.187,16469,60,0,0,0,0,0,8,66841,5,43,0,0,0,0,0,0,0,0,0,0,0,0,0,0,0,0,0,0,0,0,0,0,5861,18239,0,0,0,0
10833.032,16845,59,0,0,0,0,0,8,81591,5,43,0,0,0,0,0,0,0,0,0,0,0,0,0,0,0,0,0,0,0,0,0,0,6548,17176,0,0,0,0
10849.417,16384,61,0,0,0,0,0,8,6964,5,43,0,0,0,0,0,0,0,0,0,0,0,0,0,0,0,0,0,0,0,0,0,0,6646,16424,0,0,0,0
10866.344,16927,59,0,0,0,0,0,8,3890,5,43,0,0,0,0,0,0,0,0,0,0,0,0,0,0,0,0,0,0,0,0,0,0,6900,17187,0,0,0,0
10882.915,16570,60,0,0,0,0,0,8,6502,5,43,0,0,0,0,0,0,0,0,0,0,0,0,0,0,0,0,0,0,0,0,0,0,6912,16926,0,0,0,0
10900.187,17272,57,0,0,0,0,0,8,5476,5,43,0,0,0,0,0,0,0,0,0,0,0,0,0,0,0,0,0,0,0,0,0,0,5342,14481,0,0,0,0
11028.931,128743,7,0,0,0,0,0,8,75104,18,43,0,0,0,0,0,0,0,0,0,0,0,0,0,0,0,0,0,0,0,0,0,0,509131,139709,0,0,0,0
11041.102,12170,82,0,0,0,0,0,8,568,5,43,0,0,0,0,0,0,0,0,0,0,0,0,0,0,0,0,0,0,0,0,0,0,5478,6343,0,0,0,0
11058.191,17089,58,0,0,0,0,0,8,942,5,43,0,0,0,0,0,0,0,0,0,0,0,0,0,0,0,0,0,0,0,0,0,0,13222,14465,0,0,0,0
11074.598,16407,60,0,0,0,0,0,8,465,5,43,0,0,0,0,0,0,0,0,0,0,0,0,0,0,0,0,0,0,0,0,0,0,6791,16710,0,0,0,0
11091.351,16752,59,0,0,0,0,0,8,533,5,43,0,0,0,0,0,0,0,0,0,0,0,0,0,0,0,0,0,0,0,0,0,0,6955,16452,0,0,0,0
11107.685,16335,61,0,0,0,0,0,8,526,5,43,0,0,0,0,0,0,0,0,0,0,0,0,0,0,0,0,0,0,0,0,0,0,7185,17125,0,0,0,0
11125.197,17511,57,0,0,0,0,0,8,434,5,43,0,0,0,0,0,0,0,0,0,0,0,0,0,0,0,0,0,0,0,0,0,0,7750,16800,0,0,0,0
11141.261,16064,62,0,0,0,0,0,8,528,5,43,0,0,0,0,0,0,0,0,0,0,0,0,0,0,0,0,0,0,0,0,0,0,7627,17533,0,0,0,0
11157.932,16670,59,0,0,0,0,0,8,526,5,43,0,0,0,0,0,0,0,0,0,0,0,0,0,0,0,0,0,0,0,0,0,0,7218,15540,0,0,0,0
11175.195,17262,57,0,0,0,0,0,8,474,5,43,0,0,0,0,0,0,0,0,0,0,0,0,0,0,0,0,0,0,0,0,0,0,7687,17075,0,0,0,0
11191.295,16100,62,0,0,0,0,0,8,528,5,43,0,0,0,0,0,0,0,0,0,0,0,0,0,0,0,0,0,0,0,0,0,0,7452,17153,0,0,0,0
11207.691,16395,60,0,0,0,0,0,8,496,5,43,0,0,0,0,0,0,0,0,0,0,0,0,0,0,0,0,0,0,0,0,0,0,7552,16123,0,0,0,0
11225.214,17523,57,0,0,0,0,0,8,471,5,43,0,0,0,0,0,0,0,0,0,0,0,0,0,0,0,0,0,0,0,0,0,0,7681,16531,0,0,0,0
11240.925,15710,63,0,0,0,0,0,8,527,5,43,0,0,0,0,0,0,0,0,0,0,0,0,0,0,0,0,0,0,0,0,0,0,10221,20144,0,0,0,0
11257.720,16794,59,0,0,0,0,0,8,530,5,43,0,0,0,0,0,0,0,0,0,0,0,0,0,0,0,0,0,0,0,0,0,0,9055,14438,0,0,0,0
11275.198,17478,57,0,0,0,0,0,8,474,5,43,0,0,0,0,0,0,0,0,0,0,0,0,0,0,0,0,0,0,0,0,0,0,9367,17089,0,0,0,0
11292.184,16985,58,0,0,0,0,0,8,495,5,43,0,0,0,0,0,0,0,0,0,0,0,0,0,0,0,0,0,0,0,0,0,0,8146,16397,0,0,0,0
11307.872,15688,63,0,0,0,0,0,8,526,5,43,0,0,0,0,0,0,0,0,0,0,0,0,0,0,0,0,0,0,0,0,0,0,8415,17176,0,0,0,0
11324.327,16454,60,0,0,0,0,0,8,469,5,43,0,0,0,0,0,0,0,0,0,0,0,0,0,0,0,0,0,0,0,0,0,0,8113,15374,0,0,0,0
11340.950,16622,60,0,0,0,0,0,8,534,5,43,0,0,0,0,0,0,0,0,0,0,0,0,0,0,0,0,0,0,0,0,0,0,8236,16562,0,0,0,0
11357.694,16744,59,0,0,0,0,0,8,499,5,43,0,0,0,0,0,0,0,0,0,0,0,0,0,0,0,0,0,0,0,0,0,0,8202,16576,0,0,0,0
11374.412,16717,59,0,0,0,0,0,8,468,5,43,0,0,0,0,0,0,0,0,0,0,0,0,0,0,0,0,0,0,0,0,0,0,8341,17055,0,0,0,0
11391.391,16979,58,0,0,0,0,0,8,539,5,43,0,0,0,0,0,0,0,0,0,0,0,0,0,0,0,0,0,0,0,0,0,0,8101,16276,0,0,0,0
11407.753,16362,61,0,0,0,0,0,8,527,5,43,0,0,0,0,0,0,0,0,0,0,0,0,0,0,0,0,0,0,0,0,0,0,8476,17476,0,0,0,0
11423.891,16137,61,0,0,0,0,0,8,470,5,43,0,0,0,0,0,0,0,0,0,0,0,0,0,0,0,0,0,0,0,0,0,0,8073,15910,0,0,0,0
11441.329,17437,57,0,0,0,0,0,8,500,5,43,0,0,0,0,0,0,0,0,0,0,0,0,0,0,0,0,0,0,0,0,0,0,8286,16387,0,0,0,0
11457.748,16418,60,0,0,0,0,0,8,528,5,43,0,0,0,0,0,0,0,0,0,0,0,0,0,0,0,0,0,0,0,0,0,0,8167,17262,0,0,0,0
11475.188,17439,57,0,0,0,0,0,8,469,5,43,0,0,0,0,0,0,0,0,0,0,0,0,0,0,0,0,0,0,0,0,0,0,8349,16579,0,0,0,0
11491.403,16215,61,0,0,0,0,0,8,534,5,43,0,0,0,0,0,0,0,0,0,0,0,0,0,0,0,0,0,0,0,0,0,0,8214,17349,0,0,0,0
11507.752,16349,61,0,0,0,0,0,8,528,5,43,0,0,0,0,0,0,0,0,0,0,0,0,0,0,0,0,0,0,0,0,0,0,8514,16474,0,0,0,0
11524.454,16701,59,0,0,0,0,0,8,441,5,43,0,0,0,0,0,0,0,0,0,0,0,0,0,0,0,0,0,0,0,0,0,0,8152,15977,0,0,0,0
11542.187,17733,56,0,0,0,0,0,8,536,5,43,0,0,0,0,0,0,0,0,0,0,0,0,0,0,0,0,0,0,0,0,0,0,8144,16716,0,0,0,0
11557.196,15008,66,0,0,0,0,0,8,521,5,43,0,0,0,0,0,0,0,0,0,0,0,0,0,0,0,0,0,0,0,0,0,0,8076,17721,0,0,0,0
11575.189,17992,55,0,0,0,0,0,8,473,5,43,0,0,0,0,0,0,0,0,0,0,0,0,0,0,0,0,0,0,0,0,0,0,7988,14931,0,0,0,0
11591.516,16327,61,0,0,0,0,0,8,533,5,43,0,0,0,0,0,0,0,0,0,0,0,0,0,0,0,0,0,0,0,0,0,0,8091,17999,0,0,0,0
11607.700,16183,61,0,0,0,0,0,8,492,5,43,0,0,0,0,0,0,0,0,0,0,0,0,0,0,0,0,0,0,0,0,0,0,8513,17467,0,0,0,0
11625.207,17506,57,0,0,0,0,0,8,473,5,43,0,0,0,0,0,0,0,0,0,0,0,0,0,0,0,0,0,0,0,0,0,0,8170,15120,0,0,0,0
11641.281,16074,62,0,0,0,0,0,8,530,5,43,0,0,0,0,0,0,0,0,0,0,0,0,0,0,0,0,0,0,0,0,0,0,8784,18188,0,0,0,0
11658.188,16907,59,0,0,0,0,0,8,530,5,43,0,0,0,0,0,0,0,0,0,0,0,0,0,0,0,0,0,0,0,0,0,0,8852,16078,0,0,0,0
11674.775,16587,60,0,0,0,0,0,8,465,5,43,0,0,0,0,0,0,0,0,0,0,0,0,0,0,0,0,0,0,0,0,0,0,7758,15888,0,0,0,0
11690.872,16096,62,0,0,0,0,0,8,494,5,43,0,0,0,0,0,0,0,0,0,0,0,0,0,0,0,0,0,0,0,0,0,0,7813,16639,0,0,0,0
11707.870,16998,58,0,0,0,0,0,8,530,5,43,0,0,0,0,0,0,0,0,0,0,0,0,0,0,0,0,0,0,0,0,0,0,8991,17291,0,0,0,0
11725.181,17311,57,0,0,0,0,0,8,462,5,43,0,0,0,0,0,0,0,0,0,0,0,0,0,0,0,0,0,0,0,0,0,0,8958,17171,0,0,0,0
11741.407,16226,61,0,0,0,0,0,8,534,5,43,0,0,0,0,0,0,0,0,0,0,0,0,0,0,0,0,0,0,0,0,0,0,8920,17083,0,0,0,0
11757.748,16340,61,0,0,0,0,0,8,495,5,43,0,0,0,0,0,0,0,0,0,0,0,0,0,0,0,0,0,0,0,0,0,0,8771,16052,0,0,0,0
11775.203,17455,57,0,0,0,0,0,8,469,5,43,0,0,0,0,0,0,0,0,0,0,0,0,0,0,0,0,0,0,0,0,0,0,9033,16532,0,0,0,0
11792.189,16986,58,0,0,0,0,0,8,529,5,43,0,0,0,0,0,0,0,0,0,0,0,0,0,0,0,0,0,0,0,0,0,0,8990,17484,0,0,0,0
11807.862,15673,63,0,0,0,0,0,8,526,5,43,0,0,0,0,0,0,0,0,0,0,0,0,0,0,0,0,0,0,0,0,0,0,8937,16962,0,0,0,0
11825.187,17324,57,0,0,0,0,0,8,472,5,43,0,0,0,0,0,0,0,0,0,0,0,0,0,0,0,0,0,0,0,0,0,0,7950,14561,0,0,0,0
11841.461,16274,61,0,0,0,0,0,8,503,5,43,0,0,0,0,0,0,0,0,0,0,0,0,0,0,0,0,0,0,0,0,0,0,7790,17198,0,0,0,0
11857.716,16254,61,0,0,0,0,0,8,529,5,43,0,0,0,0,0,0,0,0,0,0,0,0,0,0,0,0,0,0,0,0,0,0,7615,16171,0,0,0,0
11874.707,16991,58,0,0,0,0,0,8,467,5,43,0,0,0,0,0,0,0,0,0,0,0,0,0,0,0,0,0,0,0,0,0,0,7752,16284,0,0,0,0
11890.946,16238,61,0,0,0,0,0,8,531,5,43,0,0,0,0,0,0,0,0,0,0,0,0,0,0,0,0,0,0,0,0,0,0,7762,17017,0,0,0,0
11907.697,16751,59,0,0,0,0,0,8,532,5,43,0,0,0,0,0,0,0,0,0,0,0,0,0,0,0,0,0,0,0,0,0,0,7901,16336,0,0,0,0
11925.179,17481,57,0,0,0,0,0,8,432,5,43,0,0,0,0,0,0,0,0,0,0,0,0,0,0,0,0,0,0,0,0,0,0,7745,16603,0,0,0,0
11941.326,16137,61,0,0,0,0,0,8,533,5,43,0,0,0,0,0,0,0,0,0,0,0,0,0,0,0,0,0,0,0,0,0,0,7903,17680,0,0,0,0
11957.709,16392,61,0,0,0,0,0,8,593,5,43,0,0,0,0,0,0,0,0,0,0,0,0,0,0,0,0,0,0,0,0,0,0,7836,16324,0,0,0,0
11974.291,16582,60,0,0,0,0,0,8,473,5,43,0,0,0,0,0,0,0,0,0,0,0,0,0,0,0,0,0,0,0,0,0,0,9646,17916,0,0,0,0
11990.915,16623,60,0,0,0,0,0,8,535,5,43,0,0,0,0,0,0,0,0,0,0,0,0,0,0,0,0,0,0,0,0,0,0,8990,16019,0,0,0,0
12007.728,16812,59,0,0,0,0,0,8,504,5,43,0,0,0,0,0,0,0,0,0,0,0,0,0,0,0,0,0,0,0,0,0,0,8913,16471,0,0,0,0
12025.178,17449,57,0,0,0,0,0,8,469,5,43,0,0,0,0,0,0,0,0,0,0,0,0,0,0,0,0,0,0,0,0,0,0,8992,16871,0,0,0,0
12041.732,16553,60,0,0,0,0,0,8,536,5,43,0,0,0,0,0,0,0,0,0,0,0,0,0,0,0,0,0,0,0,0,0,0,9336,17864,0,0,0,0
12057.245,15513,64,0,0,0,0,0,8,531,5,43,0,0,0,0,0,0,0,0,0,0,0,0,0,0,0,0,0,0,0,0,0,0,8986,16152,0,0,0,0
12074.841,17596,56,0,0,0,0,0,8,468,5,43,0,0,0,0,0,0,0,0,0,0,0,0,0,0,0,0,0,0,0,0,0,0,9203,15860,0,0,0,0
12091.376,16535,60,0,0,0,0,0,8,496,5,43,0,0,0,0,0,0,0,0,0,0,0,0,0,0,0,0,0,0,0,0,0,0,8976,17224,0,0,0,0
12107.755,16379,61,0,0,0,0,0,8,526,5,43,0,0,0,0,0,0,0,0,0,0,0,0,0,0,0,0,0,0,0,0,0,0,8933,17345,0,0,0,0
12125.177,17422,57,0,0,0,0,0,8,472,5,43,0,0,0,0,0,0,0,0,0,0,0,0,0,0,0,0,0,0,0,0,0,0,9264,15891,0,0,0,0
12142.180,17002,58,0,0,0,0,0,8,522,5,43,0,0,0,0,0,0,0,0,0,0,0,0,0,0,0,0,0,0,0,0,0,0,9149,17314,0,0,0,0
12157.741,15561,64,0,0,0,0,0,8,494,5,43,0,0,0,0,0,0,0,0,0,0,0,0,0,0,0,0,0,0,0,0,0,0,9179,17126,0,0,0,0
12175.184,17443,57,0,0,0,0,0,8,471,5,43,0,0,0,0,0,0,0,0,0,0,0,0,0,0,0,0,0,0,0,0,0,0,8063,14833,0,0,0,0
12191.250,16066,62,0,0,0,0,0,8,531,5,43,0,0,0,0,0,0,0,0,0,0,0,0,0,0,0,0,0,0,0,0,0,0,8103,16989,0,0,0,0
12207.694,16443,60,0,0,0,0,0,8,532,5,43,0,0,0,0,0,0,0,0,0,0,0,0,0,0,0,0,0,0,0,0,0,0,8092,16101,0,0,0,0
12224.406,16711,59,0,0,0,0,0,8,472,5,43,0,0,0,0,0,0,0,0,0,0,0,0,0,0,0,0,0,0,0,0,0,0,8147,16465,0,0,0,0
12242.211,17804,56,0,0,0,0,0,8,500,5,43,0,0,0,0,0,0,0,0,0,0,0,0,0,0,0,0,0,0,0,0,0,0,8039,16629,0,0,0,0
12257.777,15566,64,0,0,0,0,0,8,524,5,43,0,0,0,0,0,0,0,0,0,0,0,0,0,0,0,0,0,0,0,0,0,0,9264,19055,0,0,0,0
12275.179,17402,57,0,0,0,0,0,8,467,5,43,0,0,0,0,0,0,0,0,0,0,0,0,0,0,0,0,0,0,0,0,0,0,9117,15380,0,0,0,0
12292.185,17006,58,0,0,0,0,0,8,533,5,43,0,0,0,0,0,0,0,0,0,0,0,0,0,0,0,0,0,0,0,0,0,0,9311,17652,0,0,0,0
12307.719,15533,64,0,0,0,0,0,8,522,5,43,0,0,0,0,0,0,0,0,0,0,0,0,0,0,0,0,0,0,0,0,0,0,9248,16947,0,0,0,0
12325.182,17462,57,0,0,0,0,0,8,445,5,43,0,0,0,0,0,0,0,0,0,0,0,0,0,0,0,0,0,0,0,0,0,0,9295,15503,0,0,0,0
12341.182,15999,62,0,0,0,0,0,8,531,5,43,0,0,0,0,0,0,0,0,0,0,0,0,0,0,0,0,0,0,0,0,0,0,9260,17438,0,0,0,0
12357.699,16516,60,0,0,0,0,0,8,526,5,43,0,0,0,0,0,0,0,0,0,0,0,0,0,0,0,0,0,0,0,0,0,0,9230,16052,0,0,0,0
12374.692,16993,58,0,0,0,0,0,8,473,5,43,0,0,0,0,0,0,0,0,0,0,0,0,0,0,0,0,0,0,0,0,0,0,7953,15117,0,0,0,0
12392.180,17488,57,0,0,0,0,0,8,538,5,43,0,0,0,0,0,0,0,0,0,0,0,0,0,0,0,0,0,0,0,0,0,0,8038,17072,0,0,0,0
12407.767,15587,64,0,0,0,0,0,8,490,5,43,0,0,0,0,0,0,0,0,0,0,0,0,0,0,0,0,0,0,0,0,0,0,8155,17710,0,0,0,0
12425.174,17407,57,0,0,0,0,0,8,468,5,43,0,0,0,0,0,0,0,0,0,0,0,0,0,0,0,0,0,0,0,0,0,0,8008,15354,0,0,0,0
12441.432,16257,61,0,0,0,0,0,8,529,5,43,0,0,0,0,0,0,0,0,0,0,0,0,0,0,0,0,0,0,0,0,0,0,7951,17366,0,0,0,0
12457.785,16352,61,0,0,0,0,0,8,528,5,43,0,0,0,0,0,0,0,0,0,0,0,0,0,0,0,0,0,0,0,0,0,0,8131,16498,0,0,0,0
12475.174,17389,57,0,0,0,0,0,8,473,5,43,0,0,0,0,0,0,0,0,0,0,0,0,0,0,0,0,0,0,0,0,0,0,8022,16175,0,0,0,0
12492.174,17000,58,0,0,0,0,0,8,496,5,43,0,0,0,0,0,0,0,0,0,0,0,0,0,0,0,0,0,0,0,0,0,0,8139,17556,0,0,0,0
12507.182,15007,66,0,0,0,0,0,8,525,5,43,0,0,0,0,0,0,0,0,0,0,0,0,0,0,0,0,0,0,0,0,0,0,8078,16967,0,0,0,0
12524.349,17157,58,0,0,0,0,0,8,469,5,43,0,0,0,0,0,0,0,0,0,0,0,0,0,0,0,0,0,0,0,0,0,0,8164,15063,0,0,0,0
12541.363,17023,58,0,0,0,0,0,8,534,5,43,0,0,0,0,0,0,0,0,0,0,0,0,0,0,0,0,0,0,0,0,0,0,7921,16959,0,0,0,0
12557.685,16322,61,0,0,0,0,0,8,491,5,43,0,0,0,0,0,0,0,0,0,0,0,0,0,0,0,0,0,0,0,0,0,0,8181,17203,0,0,0,0
12575.175,17490,57,0,0,0,0,0,8,468,5,43,0,0,0,0,0,0,0,0,0,0,0,0,0,0,0,0,0,0,0,0,0,0,8073,16216,0,0,0,0
12591.407,16232,61,0,0,0,0,0,8,537,5,43,0,0,0,0,0,0,0,0,0,0,0,0,0,0,0,0,0,0,0,0,0,0,8010,17483,0,0,0,0
12607.192,15784,63,0,0,0,0,0,8,525,5,43,0,0,0,0,0,0,0,0,0,0,0,0,0,0,0,0,0,0,0,0,0,0,7990,16156,0,0,0,0
12625.181,17989,55,0,0,0,0,0,8,470,5,43,0,0,0,0,0,0,0,0,0,0,0,0,0,0,0,0,0,0,0,0,0,0,7932,15714,0,0,0,0
12641.327,16146,61,0,0,0,0,0,8,499,5,43,0,0,0,0,0,0,0,0,0,0,0,0,0,0,0,0,0,0,0,0,0,0,9290,19387,0,0,0,0
12657.198,15870,63,0,0,0,0,0,8,526,5,43,0,0,0,0,0,0,0,0,0,0,0,0,0,0,0,0,0,0,0,0,0,0,9151,16055,0,0,0,0
12675.178,17980,55,0,0,0,0,0,8,473,5,43,0,0,0,0,0,0,0,0,0,0,0,0,0,0,0,0,0,0,0,0,0,0,7463,14120,0,0,0,0
12691.288,16109,62,0,0,0,0,0,8,522,5,43,0,0,0,0,0,0,0,0,0,0,0,0,0,0,0,0,0,0,0,0,0,0,2533,13043,0,0,0,0
12707.756,16468,60,0,0,0,0,0,8,63815,5,44,0,0,0,0,0,0,0,0,0,0,0,0,0,0,0,0,0,0,0,0,0,0,741,14276,0,0,0,0
12725.179,17422,57,0,0,0,0,0,8,68110,5,44,0,0,0,0,0,0,0,0,0,0,0,0,0,0,0,0,0,0,0,0,0,0,223,15999,0,0,0,0
12740.805,15626,63,0,0,0,0,0,8,6382,5,44,0,0,0,0,0,0,0,0,0,0,0,0,0,0,0,0,0,0,0,0,0,0,214,17428,0,0,0,0
12758.171,17366,57,0,0,0,0,0,8,7152,5,44,0,0,0,0,0,0,0,0,0,0,0,0,0,0,0,0,0,0,0,0,0,0,213,15576,0,0,0,0
12775.191,17019,58,0,0,0,0,0,8,6942,5,44,0,0,0,0,0,0,0,0,0,0,0,0,0,0,0,0,0,0,0,0,0,0,230,17402,0,0,0,0
12791.315,16123,62,0,0,0,0,0,8,6658,5,44,0,0,0,0,0,0,0,0,0,0,0,0,0,0,0,0,0,0,0,0,0,0,228,17036,0,0,0,0
12807.714,16399,60,0,0,0,0,0,8,6737,5,44,0,0,0,0,0,0,0,0,0,0,0,0,0,0,0,0,0,0,0,0,0,0,224,16147,0,0,0,0
12824.802,17088,58,0,0,0,0,0,8,6972,5,44,0,0,0,0,0,0,0,0,0,0,0,0,0,0,0,0,0,0,0,0,0,0,228,16439,0,0,0,0
12842.190,17387,57,0,0,0,0,0,8,7148,5,44,0,0,0,0,0,0,0,0,0,0,0,0,0,0,0,0,0,0,0,0,0,0,237,17010,0,0,0,0
12857.769,15578,64,0,0,0,0,0,8,6451,5,44,0,0,0,0,0,0,0,0,0,0,0,0,0,0,0,0,0,0,0,0,0,0,216,17291,0,0,0,0
12875.176,17406,57,0,0,0,0,0,8,7098,5,44,0,0,0,0,0,0,0,0,0,0,0,0,0,0,0,0,0,0,0,0,0,0,217,15678,0,0,0,0
12891.353,16177,61,0,0,0,0,0,8,6633,5,44,0,0,0,0,0,0,0,0,0,0,0,0,0,0,0,0,0,0,0,0,0,0,227,17406,0,0,0,0
12907.723,16370,61,0,0,0,0,0,8,6749,5,44,0,0,0,0,0,0,0,0,0,0,0,0,0,0,0,0,0,0,0,0,0,0,217,16176,0,0,0,0
12925.176,17453,57,0,0,0,0,0,8,7104,5,44,0,0,0,0,0,0,0,0,0,0,0,0,0,0,0,0,0,0,0,0,0,0,209,16327,0,0,0,0
12942.179,17002,58,0,0,0,0,0,8,7000,5,44,0,0,0,0,0,0,0,0,0,0,0,0,0,0,0,0,0,0,0,0,0,0,221,17496,0,0,0,0
12957.759,15579,64,0,0,0,0,0,8,6422,5,44,0,0,0,0,0,0,0,0,0,0,0,0,0,0,0,0,0,0,0,0,0,0,224,17202,0,0,0,0
12974.521,16761,59,0,0,0,0,0,8,6842,5,44,0,0,0,0,0,0,0,0,0,0,0,0,0,0,0,0,0,0,0,0,0,0,213,15366,0,0,0,0
12991.365,16844,59,0,0,0,0,0,8,5135,5,44,0,0,0,0,0,0,0,0,0,0,0,0,0,0,0,0,0,0,0,0,0,0,229,16745,0,0,0,0
13007.695,16329,61,0,0,0,0,0,8,2985,5,44,0,0,0,0,0,0,0,0,0,0,0,0,0,0,0,0,0,0,0,0,0,0,220,16867,0,0,0,0
13025.183,17487,57,0,0,0,0,0,8,3224,5,44,0,0,0,0,0,0,0,0,0,0,0,0,0,0,0,0,0,0,0,0,0,0,227,16329,0,0,0,0
13042.198,17014,58,0,0,0,0,0,8,3109,5,44,0,0,0,0,0,0,0,0,0,0,0,0,0,0,0,0,0,0,0,0,0,0,284,17558,0,0,0,0
13057.767,15570,64,0,0,0,0,0,8,3021,5,44,0,0,0,0,0,0,0,0,0,0,0,0,0,0,0,0,0,0,0,0,0,0,233,17047,0,0,0,0
13074.705,16937,59,0,0,0,0,0,8,2945,5,44,0,0,0,0,0,0,0,0,0,0,0,0,0,0,0,0,0,0,0,0,0,0,206,15367,0,0,0,0
13091.372,16666,59,0,0,0,0,0,8,3234,5,44,0,0,0,0,0,0,0,0,0,0,0,0,0,0,0,0,0,0,0,0,0,0,201,16907,0,0,0,0
13107.702,16330,61,0,0,0,0,0,8,2913,5,44,0,0,0,0,0,0,0,0,0,0,0,0,0,0,0,0,0,0,0,0,0,0,233,16808,0,0,0,0
13125.174,17471,57,0,0,0,0,0,8,2202,5,44,0,0,0,0,0,0,0,0,0,0,0,0,0,0,0,0,0,0,0,0,0,0,224,16286,0,0,0,0
13141.305,16131,61,0,0,0,0,0,8,27692,5,45,0,0,0,0,0,0,0,0,0,0,0,0,0,0,0,0,0,0,0,0,0,0,4028,21352,0,0,0,0
13157.691,16386,61,0,0,0,0,0,8,55422,5,45,0,0,0,0,0,0,0,0,0,0,0,0,0,0,0,0,0,0,0,0,0,0,213,12295,0,0,0,0
13174.457,16766,59,0,0,0,0,0,8,70252,5,45,0,0,0,0,0,0,0,0,0,0,0,0,0,0,0,0,0,0,0,0,0,0,0,0,0,0,0,0
13290.340,115883,8,0,0,0,0,0,8,500464,16,45,0,0,0,0,0,0,0,0,0,0,0,0,0,0,0,0,0,0,0,0,0,0,131177,147382,0,0,0,0
13299.573,9232,108,0,0,0,0,0,8,763,5,45,0,0,0,0,0,0,0,0,0,0,0,0,0,0,0,0,0,0,0,0,0,0,194,965,0,0,0,0
13316.305,16732,59,0,0,0,0,0,8,498,5,45,0,0,0,0,0,0,0,0,0,0,0,0,0,0,0,0,0,0,0,0,0,0,194,9965,0,0,0,0
13333.166,16860,59,0,0,0,0,0,8,487,5,45,0,0,0,0,0,0,0,0,0,0,0,0,0,0,0,0,0,0,0,0,0,0,243,17555,0,0,0,0
13350.207,17041,58,0,0,0,0,0,8,529,5,45,0,0,0,0,0,0,0,0,0,0,0,0,0,0,0,0,0,0,0,0,0,0,224,16429,0,0,0,0
13366.175,15967,62,0,0,0,0,0,8,493,5,45,0,0,0,0,0,0,0,0,0,0,0,0,0,0,0,0,0,0,0,0,0,0,234,16619,0,0,0,0
13382.999,16824,59,0,0,0,0,0,8,467,5,45,0,0,0,0,0,0,0,0,0,0,0,0,0,0,0,0,0,0,0,0,0,0,233,15954,0,0,0,0
13400.168,17168,58,0,0,0,0,0,8,526,5,45,0,0,0,0,0,0,0,0,0,0,0,0,0,0,0,0,0,0,0,0,0,0,236,16785,0,0,0,0
13416.164,15996,62,0,0,0,0,0,8,530,5,45,0,0,0,0,0,0,0,0,0,0,0,0,0,0,0,0,0,0,0,0,0,0,235,17222,0,0,0,0
13433.703,17538,57,0,0,0,0,0,8,463,5,45,0,0,0,0,0,0,0,0,0,0,0,0,0,0,0,0,0,0,0,0,0,0,229,15984,0,0,0,0
13449.822,16119,62,0,0,0,0,0,8,502,5,45,0,0,0,0,0,0,0,0,0,0,0,0,0,0,0,0,0,0,0,0,0,0,232,17514,0,0,0,0
13466.306,16483,60,0,0,0,0,0,8,533,5,45,0,0,0,0,0,0,0,0,0,0,0,0,0,0,0,0,0,0,0,0,0,0,215,16089,0,0,0,0
13483.161,16854,59,0,0,0,0,0,8,462,5,45,0,0,0,0,0,0,0,0,0,0,0,0,0,0,0,0,0,0,0,0,0,0,230,16517,0,0,0,0
13499.735,16574,60,0,0,0,0,0,8,524,5,45,0,0,0,0,0,0,0,0,0,0,0,0,0,0,0,0,0,0,0,0,0,0,213,16797,0,0,0,0
13516.197,16461,60,0,0,0,0,0,8,483,5,45,0,0,0,0,0,0,0,0,0,0,0,0,0,0,0,0,0,0,0,0,0,0,224,16624,0,0,0,0
13533.164,16967,58,0,0,0,0,0,8,480,5,45,0,0,0,0,0,0,0,0,0,0,0,0,0,0,0,0,0,0,0,0,0,0,223,16492,0,0,0,0
13550.190,17025,58,0,0,0,0,0,8,519,5,45,0,0,0,0,0,0,0,0,0,0,0,0,0,0,0,0,0,0,0,0,0,0,246,17082,0,0,0,0
13566.247,16056,62,0,0,0,0,0,8,498,5,45,0,0,0,0,0,0,0,0,0,0,0,0,0,0,0,0,0,0,0,0,0,0,213,16809,0,0,0,0
13582.879,16631,60,0,0,0,0,0,8,499,5,45,0,0,0,0,0,0,0,0,0,0,0,0,0,0,0,0,0,0,0,0,0,0,213,16300,0,0,0,0
13599.896,17017,58,0,0,0,0,0,8,496,5,45,0,0,0,0,0,0,0,0,0,0,0,0,0,0,0,0,0,0,0,0,0,0,211,16350,0,0,0,0
13616.300,16404,60,0,0,0,0,0,8,485,5,45,0,0,0,0,0,0,0,0,0,0,0,0,0,0,0,0,0,0,0,0,0,0,211,17147,0,0,0,0
13633.018,16718,59,0,0,0,0,0,8,501,5,45,0,0,0,0,0,0,0,0,0,0,0,0,0,0,0,0,0,0,0,0,0,0,243,17219,0,0,0,0
13649.352,16334,61,0,0,0,0,0,8,527,5,45,0,0,0,0,0,0,0,0,0,0,0,0,0,0,0,0,0,0,0,0,0,0,233,15856,0,0,0,0
13666.681,17329,57,0,0,0,0,0,8,525,5,45,0,0,0,0,0,0,0,0,0,0,0,0,0,0,0,0,0,0,0,0,0,0,230,16381,0,0,0,0
13683.037,16356,61,0,0,0,0,0,8,429,5,45,0,0,0,0,0,0,0,0,0,0,0,0,0,0,0,0,0,0,0,0,0,0,226,17404,0,0,0,0
13700.166,17129,58,0,0,0,0,0,8,525,5,45,0,0,0,0,0,0,0,0,0,0,0,0,0,0,0,0,0,0,0,0,0,0,224,16230,0,0,0,0
13716.096,15929,62,0,0,0,0,0,8,490,5,45,0,0,0,0,0,0,0,0,0,0,0,0,0,0,0,0,0,0,0,0,0,0,226,17142,0,0,0,0
13732.494,16398,60,0,0,0,0,0,8,501,5,45,0,0,0,0,0,0,0,0,0,0,0,0,0,0,0,0,0,0,0,0,0,0,221,15960,0,0,0,0
13750.181,17686,56,0,0,0,0,0,8,525,5,45,0,0,0,0,0,0,0,0,0,0,0,0,0,0,0,0,0,0,0,0,0,0,225,16387,0,0,0,0
13765.696,15515,64,0,0,0,0,0,8,453,5,45,0,0,0,0,0,0,0,0,0,0,0,0,0,0,0,0,0,0,0,0,0,0,242,17718,0,0,0,0
13782.674,16977,58,0,0,0,0,0,8,495,5,45,0,0,0,0,0,0,0,0,0,0,0,0,0,0,0,0,0,0,0,0,0,0,197,15428,0,0,0,0
13799.301,16627,60,0,0,0,0,0,8,529,5,45,0,0,0,0,0,0,0,0,0,0,0,0,0,0,0,0,0,0,0,0,0,0,243,17481,0,0,0,0
13816.198,16897,59,0,0,0,0,0,8,490,5,45,0,0,0,0,0,0,0,0,0,0,0,0,0,0,0,0,0,0,0,0,0,0,213,16106,0,0,0,0
13834.166,17968,55,0,0,0,0,0,8,497,5,45,0,0,0,0,0,0,0,0,0,0,0,0,0,0,0,0,0,0,0,0,0,0,228,17007,0,0,0,0
13849.230,15063,66,0,0,0,0,0,8,492,5,45,0,0,0,0,0,0,0,0,0,0,0,0,0,0,0,0,0,0,0,0,0,0,229,17913,0,0,0,0
13866.299,17069,58,0,0,0,0,0,8,492,5,45,0,0,0,0,0,0,0,0,0,0,0,0,0,0,0,0,0,0,0,0,0,0,206,15027,0,0,0,0
13882.855,16555,60,0,0,0,0,0,8,496,5,45,0,0,0,0,0,0,0,0,0,0,0,0,0,0,0,0,0,0,0,0,0,0,236,17935,0,0,0,0
13899.817,16961,58,0,0,0,0,0,8,526,5,45,0,0,0,0,0,0,0,0,0,0,0,0,0,0,0,0,0,0,0,0,0,0,227,15661,0,0,0,0
13916.162,16345,61,0,0,0,0,0,8,499,5,45,0,0,0,0,0,0,0,0,0,0,0,0,0,0,0,0,0,0,0,0,0,0,238,17029,0,0,0,0
13932.671,16508,60,0,0,0,0,0,8,458,5,45,0,0,0,0,0,0,0,0,0,0,0,0,0,0,0,0,0,0,0,0,0,0,236,16376,0,0,0,0
13950.181,17510,57,0,0,0,0,0,8,543,5,45,0,0,0,0,0,0,0,0,0,0,0,0,0,0,0,0,0,0,0,0,0,0,227,16615,0,0,0,0
13967.194,17012,58,0,0,0,0,0,8,527,5,45,0,0,0,0,0,0,0,0,0,0,0,0,0,0,0,0,0,0,0,0,0,0,243,17399,0,0,0,0
13982.764,15569,64,0,0,0,0,0,8,459,5,45,0,0,0,0,0,0,0,0,0,0,0,0,0,0,0,0,0,0,0,0,0,0,241,17012,0,0,0,0
13999.732,16968,58,0,0,0,0,0,8,489,5,45,0,0,0,0,0,0,0,0,0,0,0,0,0,0,0,0,0,0,0,0,0,0,221,15532,0,0,0,0
14017.159,17426,57,0,0,0,0,0,8,530,5,45,0,0,0,0,0,0,0,0,0,0,0,0,0,0,0,0,0,0,0,0,0,0,228,16968,0,0,0,0
14032.985,15826,63,0,0,0,0,0,8,463,5,45,0,0,0,0,0,0,0,0,0,0,0,0,0,0,0,0,0,0,0,0,0,0,234,17475,0,0,0,0
14049.737,16751,59,0,0,0,0,0,8,524,5,45,0,0,0,0,0,0,0,0,0,0,0,0,0,0,0,0,0,0,0,0,0,0,224,15688,0,0,0,0
14065.586,15849,63,0,0,0,0,0,8,510,5,45,0,0,0,0,0,0,0,0,0,0,0,0,0,0,0,0,0,0,0,0,0,0,226,17233,0,0,0,0
14082.809,17222,58,0,0,0,0,0,8,453,5,45,0,0,0,0,0,0,0,0,0,0,0,0,0,0,0,0,0,0,0,0,0,0,243,16017,0,0,0,0
14099.340,16531,60,0,0,0,0,0,8,530,5,45,0,0,0,0,0,0,0,0,0,0,0,0,0,0,0,0,0,0,0,0,0,0,213,16641,0,0,0,0
14116.293,16952,58,0,0,0,0,0,8,526,5,45,0,0,0,0,0,0,0,0,0,0,0,0,0,0,0,0,0,0,0,0,0,0,224,16591,0,0,0,0
14134.163,17869,55,0,0,0,0,0,8,466,5,45,0,0,0,0,0,0,0,0,0,0,0,0,0,0,0,0,0,0,0,0,0,0,238,16924,0,0,0,0
14149.668,15505,64,0,0,0,0,0,8,523,5,45,0,0,0,0,0,0,0,0,0,0,0,0,0,0,0,0,0,0,0,0,0,0,233,17851,0,0,0,0
14166.298,16629,60,0,0,0,0,0,8,462,5,45,0,0,0,0,0,0,0,0,0,0,0,0,0,0,0,0,0,0,0,0,0,0,228,15568,0,0,0,0
14182.671,16373,61,0,0,0,0,0,8,489,5,45,0,0,0,0,0,0,0,0,0,0,0,0,0,0,0,0,0,0,0,0,0,0,246,17533,0,0,0,0
14199.198,16526,60,0,0,0,0,0,8,525,5,45,0,0,0,0,0,0,0,0,0,0,0,0,0,0,0,0,0,0,0,0,0,0,232,15556,0,0,0,0
14216.070,16872,59,0,0,0,0,0,8,529,5,45,0,0,0,0,0,0,0,0,0,0,0,0,0,0,0,0,0,0,0,0,0,0,226,16440,0,0,0,0
14232.674,16604,60,0,0,0,0,0,8,471,5,45,0,0,0,0,0,0,0,0,0,0,0,0,0,0,0,0,0,0,0,0,0,0,223,16790,0,0,0,0
14249.384,16710,59,0,0,0,0,0,8,496,5,45,0,0,0,0,0,0,0,0,0,0,0,0,0,0,0,0,0,0,0,0,0,0,233,16672,0,0,0,0
14267.167,17782,56,0,0,0,0,0,8,529,5,45,0,0,0,0,0,0,0,0,0,0,0,0,0,0,0,0,0,0,0,0,0,0,232,16671,0,0,0,0
14282.859,15692,63,0,0,0,0,0,8,458,5,45,0,0,0,0,0,0,0,0,0,0,0,0,0,0,0,0,0,0,0,0,0,0,227,18146,0,0,0,0
14300.164,17304,57,0,0,0,0,0,8,529,5,45,0,0,0,0,0,0,0,0,0,0,0,0,0,0,0,0,0,0,0,0,0,0,215,15295,0,0,0,0
14317.155,16991,58,0,0,0,0,0,8,491,5,45,0,0,0,0,0,0,0,0,0,0,0,0,0,0,0,0,0,0,0,0,0,0,237,17354,0,0,0,0
14332.763,15607,64,0,0,0,0,0,8,459,5,45,0,0,0,0,0,0,0,0,0,0,0,0,0,0,0,0,0,0,0,0,0,0,237,17067,0,0,0,0
14350.158,17395,57,0,0,0,0,0,8,531,5,45,0,0,0,0,0,0,0,0,0,0,0,0,0,0,0,0,0,0,0,0,0,0,225,15890,0,0,0,0
14366.154,15995,62,0,0,0,0,0,8,491,5,45,0,0,0,0,0,0,0,0,0,0,0,0,0,0,0,0,0,0,0,0,0,0,230,17044,0,0,0,0
14382.684,16529,60,0,0,0,0,0,8,500,5,45,0,0,0,0,0,0,0,0,0,0,0,0,0,0,0,0,0,0,0,0,0,0,227,16083,0,0,0,0
14399.688,17003,58,0,0,0,0,0,8,493,5,45,0,0,0,0,0,0,0,0,0,0,0,0,0,0,0,0,0,0,0,0,0,0,254,16484,0,0,0,0
14416.291,16603,60,0,0,0,0,0,8,526,5,45,0,0,0,0,0,0,0,0,0,0,0,0,0,0,0,0,0,0,0,0,0,0,236,17401,0,0,0,0
14432.680,16389,61,0,0,0,0,0,8,462,5,45,0,0,0,0,0,0,0,0,0,0,0,0,0,0,0,0,0,0,0,0,0,0,228,16162,0,0,0,0
14449.811,17130,58,0,0,0,0,0,8,524,5,45,0,0,0,0,0,0,0,0,0,0,0,0,0,0,0,0,0,0,0,0,0,0,226,16398,0,0,0,0
14466.237,16426,60,0,0,0,0,0,8,531,5,45,0,0,0,0,0,0,0,0,0,0,0,0,0,0,0,0,0,0,0,0,0,0,230,17106,0,0,0,0
14482.955,16717,59,0,0,0,0,0,8,431,5,45,0,0,0,0,0,0,0,0,0,0,0,0,0,0,0,0,0,0,0,0,0,0,247,16832,0,0,0,0
14499.216,16261,61,0,0,0,0,0,8,525,5,45,0,0,0,0,0,0,0,0,0,0,0,0,0,0,0,0,0,0,0,0,0,0,242,16487,0,0,0,0
14516.291,17074,58,0,0,0,0,0,8,526,5,45,0,0,0,0,0,0,0,0,0,0,0,0,0,0,0,0,0,0,0,0,0,0,223,16012,0,0,0,0
14533.155,16864,59,0,0,0,0,0,8,467,5,45,0,0,0,0,0,0,0,0,0,0,0,0,0,0,0,0,0,0,0,0,0,0,246,17179,0,0,0,0
14549.812,16656,60,0,0,0,0,0,8,526,5,45,0,0,0,0,0,0,0,0,0,0,0,0,0,0,0,0,0,0,0,0,0,0,231,16829,0,0,0,0
14566.183,16371,61,0,0,0,0,0,8,496,5,45,0,0,0,0,0,0,0,0,0,0,0,0,0,0,0,0,0,0,0,0,0,0,242,16661,0,0,0,0
14582.680,16496,60,0,0,0,0,0,8,470,5,45,0,0,0,0,0,0,0,0,0,0,0,0,0,0,0,0,0,0,0,0,0,0,236,16377,0,0,0,0
14599.670,16990,58,0,0,0,0,0,8,525,5,45,0,0,0,0,0,0,0,0,0,0,0,0,0,0,0,0,0,0,0,0,0,0,262,16519,0,0,0,0
14616.051,16380,61,0,0,0,0,0,8,524,5,45,0,0,0,0,0,0,0,0,0,0,0,0,0,0,0,0,0,0,0,0,0,0,237,16980,0,0,0,0
14633.039,16988,58,0,0,0,0,0,8,465,5,45,0,0,0,0,0,0,0,0,0,0,0,0,0,0,0,0,0,0,0,0,0,0,243,16436,0,0,0,0
14649.723,16683,59,0,0,0,0,0,8,493,5,45,0,0,0,0,0,0,0,0,0,0,0,0,0,0,0,0,0,0,0,0,0,0,246,16993,0,0,0,0
14666.159,16436,60,0,0,0,0,0,8,530,5,45,0,0,0,0,0,0,0,0,0,0,0,0,0,0,0,0,0,0,0,0,0,0,225,16621,0,0,0,0
14682.739,16580,60,0,0,0,0,0,8,466,5,45,0,0,0,0,0,0,0,0,0,0,0,0,0,0,0,0,0,0,0,0,0,0,219,16415,0,0,0,0
14699.679,16939,59,0,0,0,0,0,8,527,5,45,0,0,0,0,0,0,0,0,0,0,0,0,0,0,0,0,0,0,0,0,0,0,227,16566,0,0,0,0
14716.675,16995,58,0,0,0,0,0,8,496,5,45,0,0,0,0,0,0,0,0,0,0,0,0,0,0,0,0,0,0,0,0,0,0,229,16978,0,0,0,0
14732.660,15985,62,0,0,0,0,0,8,464,5,45,0,0,0,0,0,0,0,0,0,0,0,0,0,0,0,0,0,0,0,0,0,0,227,17079,0,0,0,0
14749.165,16505,60,0,0,0,0,0,8,530,5,45,0,0,0,0,0,0,0,0,0,0,0,0,0,0,0,0,0,0,0,0,0,0,235,15888,0,0,0,0
14766.288,17122,58,0,0,0,0,0,8,487,5,45,0,0,0,0,0,0,0,0,0,0,0,0,0,0,0,0,0,0,0,0,0,0,242,16528,0,0,0,0
14782.667,16379,61,0,0,0,0,0,8,500,5,45,0,0,0,0,0,0,0,0,0,0,0,0,0,0,0,0,0,0,0,0,0,0,246,17932,0,0,0,0
14799.830,17162,58,0,0,0,0,0,8,498,5,45,0,0,0,0,0,0,0,0,0,0,0,0,0,0,0,0,0,0,0,0,0,0,248,15640,0,0,0,0
14816.288,16457,60,0,0,0,0,0,8,530,5,45,0,0,0,0,0,0,0,0,0,0,0,0,0,0,0,0,0,0,0,0,0,0,256,17064,0,0,0,0
14832.679,16391,61,0,0,0,0,0,8,461,5,45,0,0,0,0,0,0,0,0,0,0,0,0,0,0,0,0,0,0,0,0,0,0,233,16439,0,0,0,0
14849.339,16659,60,0,0,0,0,0,8,525,5,45,0,0,0,0,0,0,0,0,0,0,0,0,0,0,0,0,0,0,0,0,0,0,197,16395,0,0,0,0
14866.153,16813,59,0,0,0,0,0,8,529,5,45,0,0,0,0,0,0,0,0,0,0,0,0,0,0,0,0,0,0,0,0,0,0,228,16657,0,0,0,0
14883.153,16999,58,0,0,0,0,0,8,430,5,45,0,0,0,0,0,0,0,0,0,0,0,0,0,0,0,0,0,0,0,0,0,0,218,16781,0,0,0,0
14899.722,16569,60,0,0,0,0,0,8,528,5,45,0,0,0,0,0,0,0,0,0,0,0,0,0,0,0,0,0,0,0,0,0,0,230,17154,0,0,0,0
14916.150,16428,60,0,0,0,0,0,8,529,5,45,0,0,0,0,0,0,0,0,0,0,0,0,0,0,0,0,0,0,0,0,0,0,238,16455,0,0,0,0
14933.151,17001,58,0,0,0,0,0,8,465,5,45,0,0,0,0,0,0,0,0,0,0,0,0,0,0,0,0,0,0,0,0,0,0,231,16440,0,0,0,0
14949.346,16195,61,0,0,0,0,0,8,526,5,45,0,0,0,0,0,0,0,0,0,0,0,0,0,0,0,0,0,0,0,0,0,0,236,17098,0,0,0,0
14966.282,16935,59,0,0,0,0,0,8,496,5,45,0,0,0,0,0,0,0,0,0,0,0,0,0,0,0,0,0,0,0,0,0,0,236,16111,0,0,0,0
14983.670,17388,57,0,0,0,0,0,8,463,5,45,0,0,0,0,0,0,0,0,0,0,0,0,0,0,0,0,0,0,0,0,0,0,227,17245,0,0,0,0
14999.742,16072,62,0,0,0,0,0,8,527,5,45,0,0,0,0,0,0,0,0,0,0,0,0,0,0,0,0,0,0,0,0,0,0,262,17188,0,0,0,0
15016.301,16559,60,0,0,0,0,0,8,500,5,45,0,0,0,0,0,0,0,0,0,0,0,0,0,0,0,0,0,0,0,0,0,0,238,15955,0,0,0,0
15032.950,16649,60,0,0,0,0,0,8,486,5,45,0,0,0,0,0,0,0,0,0,0,0,0,0,0,0,0,0,0,0,0,0,0,241,17374,0,0,0,0
15049.693,16742,59,0,0,0,0,0,8,495,5,45,0,0,0,0,0,0,0,0,0,0,0,0,0,0,0,0,0,0,0,0,0,0,209,15737,0,0,0,0
15066.284,16591,60,0,0,0,0,0,8,527,5,45,0,0,0,0,0,0,0,0,0,0,0,0,0,0,0,0,0,0,0,0,0,0,229,16837,0,0,0,0
15082.960,16676,59,0,0,0,0,0,8,462,5,45,0,0,0,0,0,0,0,0,0,0,0,0,0,0,0,0,0,0,0,0,0,0,234,16606,0,0,0,0
15099.332,16371,61,0,0,0,0,0,8,530,5,45,0,0,0,0,0,0,0,0,0,0,0,0,0,0,0,0,0,0,0,0,0,0,228,16626,0,0,0,0
15115.742,16410,60,0,0,0,0,0,8,490,5,45,0,0,0,0,0,0,0,0,0,0,0,0,0,0,0,0,0,0,0,0,0,0,241,16436,0,0,0,0
15132.968,17225,58,0,0,0,0,0,8,470,5,45,0,0,0,0,0,0,0,0,0,0,0,0,0,0,0,0,0,0,0,0,0,0,238,16398,0,0,0,0
15150.172,17204,58,0,0,0,0,0,8,525,5,45,0,0,0,0,0,0,0,0,0,0,0,0,0,0,0,0,0,0,0,0,0,0,234,17164,0,0,0,0
15166.147,15975,62,0,0,0,0,0,8,488,5,45,0,0,0,0,0,0,0,0,0,0,0,0,0,0,0,0,0,0,0,0,0,0,229,17248,0,0,0,0
15183.153,17005,58,0,0,0,0,0,8,494,5,45,0,0,0,0,0,0,0,0,0,0,0,0,0,0,0,0,0,0,0,0,0,0,211,16005,0,0,0,0
15199.451,16298,61,0,0,0,0,0,8,500,5,45,0,0,0,0,0,0,0,0,0,0,0,0,0,0,0,0,0,0,0,0,0,0,253,17070,0,0,0,0
15216.502,17050,58,0,0,0,0,0,8,528,5,45,0,0,0,0,0,0,0,0,0,0,0,0,0,0,0,0,0,0,0,0,0,0,260,16431,0,0,0,0
15233.149,16647,60,0,0,0,0,0,8,461,5,45,0,0,0,0,0,0,0,0,0,0,0,0,0,0,0,0,0,0,0,0,0,0,212,17311,0,0,0,0
15249.735,16586,60,0,0,0,0,0,8,522,5,45,0,0,0,0,0,0,0,0,0,0,0,0,0,0,0,0,0,0,0,0,0,0,212,16219,0,0,0,0
15266.285,16549,60,0,0,0,0,0,8,486,5,45,0,0,0,0,0,0,0,0,0,0,0,0,0,0,0,0,0,0,0,0,0,0,225,16525,0,0,0,0
15282.890,16605,60,0,0,0,0,0,8,472,5,45,0,0,0,0,0,0,0,0,0,0,0,0,0,0,0,0,0,0,0,0,0,0,215,16770,0,0,0,0
15299.362,16471,60,0,0,0,0,0,8,531,5,45,0,0,0,0,0,0,0,0,0,0,0,0,0,0,0,0,0,0,0,0,0,0,221,16305,0,0,0,0
15317.153,17790,56,0,0,0,0,0,8,530,5,45,0,0,0,0,0,0,0,0,0,0,0,0,0,0,0,0,0,0,0,0,0,0,237,16541,0,0,0,0
15332.853,15699,63,0,0,0,0,0,8,463,5,45,0,0,0,0,0,0,0,0,0,0,0,0,0,0,0,0,0,0,0,0,0,0,238,18768,0,0,0,0
15349.662,16809,59,0,0,0,0,0,8,525,5,45,0,0,0,0,0,0,0,0,0,0,0,0,0,0,0,0,0,0,0,0,0,0,206,14619,0,0,0,0
15366.327,16665,60,0,0,0,0,0,8,501,5,45,0,0,0,0,0,0,0,0,0,0,0,0,0,0,0,0,0,0,0,0,0,0,225,16989,0,0,0,0
15383.184,16856,59,0,0,0,0,0,8,466,5,45,0,0,0,0,0,0,0,0,0,0,0,0,0,0,0,0,0,0,0,0,0,0,217,16882,0,0,0,0
15399.685,16501,60,0,0,0,0,0,8,519,5,45,0,0,0,0,0,0,0,0,0,0,0,0,0,0,0,0,0,0,0,0,0,0,232,16524,0,0,0,0
15416.772,17086,58,0,0,0,0,0,8,530,5,45,0,0,0,0,0,0,0,0,0,0,0,0,0,0,0,0,0,0,0,0,0,0,247,16581,0,0,0,0
15432.989,16217,61,0,0,0,0,0,8,461,5,45,0,0,0,0,0,0,0,0,0,0,0,0,0,0,0,0,0,0,0,0,0,0,225,17051,0,0,0,0
15449.840,16850,59,0,0,0,0,0,8,493,5,45,0,0,0,0,0,0,0,0,0,0,0,0,0,0,0,0,0,0,0,0,0,0,219,16071,0,0,0,0
15466.151,16311,61,0,0,0,0,0,8,529,5,45,0,0,0,0,0,0,0,0,0,0,0,0,0,0,0,0,0,0,0,0,0,0,222,16962,0,0,0,0
15482.660,16509,60,0,0,0,0,0,8,456,5,45,0,0,0,0,0,0,0,0,0,0,0,0,0,0,0,0,0,0,0,0,0,0,228,16335,0,0,0,0
15499.802,17142,58,0,0,0,0,0,8,529,5,45,0,0,0,0,0,0,0,0,0,0,0,0,0,0,0,0,0,0,0,0,0,0,227,16515,0,0,0,0
15517.146,17343,57,0,0,0,0,0,8,500,5,45,0,0,0,0,0,0,0,0,0,0,0,0,0,0,0,0,0,0,0,0,0,0,229,17125,0,0,0,0
15532.819,15673,63,0,0,0,0,0,8,461,5,45,0,0,0,0,0,0,0,0,0,0,0,0,0,0,0,0,0,0,0,0,0,0,229,17365,0,0,0,0
15550.153,17324,57,0,0,0,0,0,8,530,5,45,0,0,0,0,0,0,0,0,0,0,0,0,0,0,0,0,0,0,0,0,0,0,204,15519,0,0,0,0
15565.511,15367,65,0,0,0,0,0,8,521,5,45,0,0,0,0,0,0,0,0,0,0,0,0,0,0,0,0,0,0,0,0,0,0,233,17485,0,0,0,0
15582.575,17063,58,0,0,0,0,0,8,471,5,45,0,0,0,0,0,0,0,0,0,0,0,0,0,0,0,0,0,0,0,0,0,0,217,15345,0,0,0,0
15599.582,17007,58,0,0,0,0,0,8,493,5,45,0,0,0,0,0,0,0,0,0,0,0,0,0,0,0,0,0,0,0,0,0,0,251,17114,0,0,0,0
15616.285,16702,59,0,0,0,0,0,8,530,5,45,0,0,0,0,0,0,0,0,0,0,0,0,0,0,0,0,0,0,0,0,0,0,225,16982,0,0,0,0
15632.689,16403,60,0,0,0,0,0,8,466,5,45,0,0,0,0,0,0,0,0,0,0,0,0,0,0,0,0,0,0,0,0,0,0,232,16737,0,0,0,0
15650.153,17465,57,0,0,0,0,0,8,530,5,45,0,0,0,0,0,0,0,0,0,0,0,0,0,0,0,0,0,0,0,0,0,0,191,16239,0,0,0,0
15666.392,16238,61,0,0,0,0,0,8,516,5,45,0,0,0,0,0,0,0,0,0,0,0,0,0,0,0,0,0,0,0,0,0,0,241,17590,0,0,0,0
15682.699,16307,61,0,0,0,0,0,8,431,5,45,0,0,0,0,0,0,0,0,0,0,0,0,0,0,0,0,0,0,0,0,0,0,225,16194,0,0,0,0
15699.733,17034,58,0,0,0,0,0,8,528,5,45,0,0,0,0,0,0,0,0,0,0,0,0,0,0,0,0,0,0,0,0,0,0,230,16322,0,0,0,0
15715.798,16064,62,0,0,0,0,0,8,526,5,45,0,0,0,0,0,0,0,0,0,0,0,0,0,0,0,0,0,0,0,0,0,0,239,17014,0,0,0,0
15733.165,17367,57,0,0,0,0,0,8,467,5,45,0,0,0,0,0,0,0,0,0,0,0,0,0,0,0,0,0,0,0,0,0,0,230,16401,0,0,0,0
15749.656,16491,60,0,0,0,0,0,8,517,5,45,0,0,0,0,0,0,0,0,0,0,0,0,0,0,0,0,0,0,0,0,0,0,223,17133,0,0,0,0
15766.290,16634,60,0,0,0,0,0,8,471,5,45,0,0,0,0,0,0,0,0,0,0,0,0,0,0,0,0,0,0,0,0,0,0,221,16441,0,0,0,0
15782.876,16586,60,0,0,0,0,0,8,491,5,45,0,0,0,0,0,0,0,0,0,0,0,0,0,0,0,0,0,0,0,0,0,0,229,17420,0,0,0,0
15799.801,16924,59,0,0,0,0,0,8,525,5,45,0,0,0,0,0,0,0,0,0,0,0,0,0,0,0,0,0,0,0,0,0,0,233,16007,0,0,0,0
15816.291,16490,60,0,0,0,0,0,8,530,5,45,0,0,0,0,0,0,0,0,0,0,0,0,0,0,0,0,0,0,0,0,0,0,236,16687,0,0,0,0
15832.150,15859,63,0,0,0,0,0,8,461,5,45,0,0,0,0,0,0,0,0,0,0,0,0,0,0,0,0,0,0,0,0,0,0,279,16684,0,0,0,0
15849.655,17505,57,0,0,0,0,0,8,494,5,45,0,0,0,0,0,0,0,0,0,0,0,0,0,0,0,0,0,0,0,0,0,0,223,15683,0,0,0,0
15866.183,16527,60,0,0,0,0,0,8,525,5,45,0,0,0,0,0,0,0,0,0,0,0,0,0,0,0,0,0,0,0,0,0,0,241,17527,0,0,0,0
15882.683,16499,60,0,0,0,0,0,8,461,5,45,0,0,0,0,0,0,0,0,0,0,0,0,0,0,0,0,0,0,0,0,0,0,237,16943,0,0,0,0
15899.756,17073,58,0,0,0,0,0,8,531,5,45,0,0,0,0,0,0,0,0,0,0,0,0,0,0,0,0,0,0,0,0,0,0,217,16010,0,0,0,0
15916.273,16516,60,0,0,0,0,0,8,492,5,45,0,0,0,0,0,0,0,0,0,0,0,0,0,0,0,0,0,0,0,0,0,0,231,17145,0,0,0,0
15933.281,17008,58,0,0,0,0,0,8,463,5,45,0,0,0,0,0,0,0,0,0,0,0,0,0,0,0,0,0,0,0,0,0,0,235,16460,0,0,0,0
15949.667,16386,61,0,0,0,0,0,8,541,5,45,0,0,0,0,0,0,0,0,0,0,0,0,0,0,0,0,0,0,0,0,0,0,251,18039,0,0,0,0
15967.152,17484,57,0,0,0,0,0,8,529,5,45,0,0,0,0,0,0,0,0,0,0,0,0,0,0,0,0,0,0,0,0,0,0,203,15339,0,0,0,0
15982.436,15284,65,0,0,0,0,0,8,459,5,45,0,0,0,0,0,0,0,0,0,0,0,0,0,0,0,0,0,0,0,0,0,0,237,17542,0,0,0,0
16000.141,17705,56,0,0,0,0,0,8,494,5,45,0,0,0,0,0,0,0,0,0,0,0,0,0,0,0,0,0,0,0,0,0,0,214,15176,0,0,0,0
16016.390,16249,61,0,0,0,0,0,8,534,5,45,0,0,0,0,0,0,0,0,0,0,0,0,0,0,0,0,0,0,0,0,0,0,234,17819,0,0,0,0
16032.700,16309,61,0,0,0,0,0,8,463,5,45,0,0,0,0,0,0,0,0,0,0,0,0,0,0,0,0,0,0,0,0,0,0,230,16217,0,0,0,0
16050.186,17486,57,0,0,0,0,0,8,530,5,45,0,0,0,0,0,0,0,0,0,0,0,0,0,0,0,0,0,0,0,0,0,0,244,16330,0,0,0,0
16067.140,16954,58,0,0,0,0,0,8,526,5,45,0,0,0,0,0,0,0,0,0,0,0,0,0,0,0,0,0,0,0,0,0,0,224,17502,0,0,0,0
16082.968,15827,63,0,0,0,0,0,8,429,5,45,0,0,0,0,0,0,0,0,0,0,0,0,0,0,0,0,0,0,0,0,0,0,218,16926,0,0,0,0
16099.648,16679,59,0,0,0,0,0,8,525,5,45,0,0,0,0,0,0,0,0,0,0,0,0,0,0,0,0,0,0,0,0,0,0,220,15802,0,0,0,0
16116.279,16630,60,0,0,0,0,0,8,491,5,45,0,0,0,0,0,0,0,0,0,0,0,0,0,0,0,0,0,0,0,0,0,0,224,16739,0,0,0,0
16132.160,15882,62,0,0,0,0,0,8,493,5,45,0,0,0,0,0,0,0,0,0,0,0,0,0,0,0,0,0,0,0,0,0,0,224,17405,0,0,0,0
16150.141,17980,55,0,0,0,0,0,8,534,5,45,0,0,0,0,0,0,0,0,0,0,0,0,0,0,0,0,0,0,0,0,0,0,199,14953,0,0,0,0
16165.481,15339,65,0,0,0,0,0,8,491,5,45,0,0,0,0,0,0,0,0,0,0,0,0,0,0,0,0,0,0,0,0,0,0,234,18119,0,0,0,0
16182.936,17454,57,0,0,0,0,0,8,471,5,45,0,0,0,0,0,0,0,0,0,0,0,0,0,0,0,0,0,0,0,0,0,0,199,15412,0,0,0,0
16199.274,16338,61,0,0,0,0,0,8,531,5,45,0,0,0,0,0,0,0,0,0,0,0,0,0,0,0,0,0,0,0,0,0,0,223,17336,0,0,0,0
16216.289,17015,58,0,0,0,0,0,8,503,5,45,0,0,0,0,0,0,0,0,0,0,0,0,0,0,0,0,0,0,0,0,0,0,208,16354,0,0,0,0
16232.649,16359,61,0,0,0,0,0,8,481,5,45,0,0,0,0,0,0,0,0,0,0,0,0,0,0,0,0,0,0,0,0,0,0,215,17063,0,0,0,0
16249.801,17152,58,0,0,0,0,0,8,498,5,45,0,0,0,0,0,0,0,0,0,0,0,0,0,0,0,0,0,0,0,0,0,0,231,16358,0,0,0,0
16266.359,16558,60,0,0,0,0,0,8,530,5,45,0,0,0,0,0,0,0,0,0,0,0,0,0,0,0,0,0,0,0,0,0,0,258,17191,0,0,0,0
16282.850,16490,60,0,0,0,0,0,8,464,5,45,0,0,0,0,0,0,0,0,0,0,0,0,0,0,0,0,0,0,0,0,0,0,230,16394,0,0,0,0
16300.145,17295,57,0,0,0,0,0,8,525,5,45,0,0,0,0,0,0,0,0,0,0,0,0,0,0,0,0,0,0,0,0,0,0,222,16526,0,0,0,0
16316.277,16131,61,0,0,0,0,0,8,475,5,45,0,0,0,0,0,0,0,0,0,0,0,0,0,0,0,0,0,0,0,0,0,0,224,17348,0,0,0,0
16332.738,16461,60,0,0,0,0,0,8,477,5,45,0,0,0,0,0,0,0,0,0,0,0,0,0,0,0,0,0,0,0,0,0,0,239,16965,0,0,0,0
16349.330,16592,60,0,0,0,0,0,8,529,5,45,0,0,0,0,0,0,0,0,0,0,0,0,0,0,0,0,0,0,0,0,0,0,227,15604,0,0,0,0
16366.274,16943,59,0,0,0,0,0,8,493,5,45,0,0,0,0,0,0,0,0,0,0,0,0,0,0,0,0,0,0,0,0,0,0,232,16618,0,0,0,0
16382.713,16439,60,0,0,0,0,0,8,493,5,45,0,0,0,0,0,0,0,0,0,0,0,0,0,0,0,0,0,0,0,0,0,0,230,17770,0,0,0,0
16400.139,17426,57,0,0,0,0,0,8,500,5,45,0,0,0,0,0,0,0,0,0,0,0,0,0,0,0,0,0,0,0,0,0,0,224,15573,0,0,0,0
16415.873,15733,63,0,0,0,0,0,8,522,5,45,0,0,0,0,0,0,0,0,0,0,0,0,0,0,0,0,0,0,0,0,0,0,246,17480,0,0,0,0
16432.656,16783,59,0,0,0,0,0,8,462,5,45,0,0,0,0,0,0,0,0,0,0,0,0,0,0,0,0,0,0,0,0,0,0,222,15921,0,0,0,0
16450.152,17495,57,0,0,0,0,0,8,532,5,45,0,0,0,0,0,0,0,0,0,0,0,0,0,0,0,0,0,0,0,0,0,0,230,16596,0,0,0,0
16466.276,16124,62,0,0,0,0,0,8,527,5,45,0,0,0,0,0,0,0,0,0,0,0,0,0,0,0,0,0,0,0,0,0,0,252,17537,0,0,0,0
16482.336,16059,62,0,0,0,0,0,8,435,5,45,0,0,0,0,0,0,0,0,0,0,0,0,0,0,0,0,0,0,0,0,0,0,233,16109,0,0,0,0
16499.823,17488,57,0,0,0,0,0,8,530,5,45,0,0,0,0,0,0,0,0,0,0,0,0,0,0,0,0,0,0,0,0,0,0,228,16064,0,0,0,0
16516.082,16258,61,0,0,0,0,0,8,527,5,45,0,0,0,0,0,0,0,0,0,0,0,0,0,0,0,0,0,0,0,0,0,0,240,17432,0,0,0,0
16532.946,16864,59,0,0,0,0,0,8,466,5,45,0,0,0,0,0,0,0,0,0,0,0,0,0,0,0,0,0,0,0,0,0,0,235,16260,0,0,0,0
16550.054,17108,58,0,0,0,0,0,8,530,5,45,0,0,0,0,0,0,0,0,0,0,0,0,0,0,0,0,0,0,0,0,0,0,221,16816,0,0,0,0
16566.153,16098,62,0,0,0,0,0,8,492,5,45,0,0,0,0,0,0,0,0,0,0,0,0,0,0,0,0,0,0,0,0,0,0,238,17175,0,0,0,0
16583.669,17516,57,0,0,0,0,0,8,463,5,45,0,0,0,0,0,0,0,0,0,0,0,0,0,0,0,0,0,0,0,0,0,0,208,16048,0,0,0,0
16599.681,16013,62,0,0,0,0,0,8,530,5,45,0,0,0,0,0,0,0,0,0,0,0,0,0,0,0,0,0,0,0,0,0,0,218,17546,0,0,0,0
16616.142,16460,60,0,0,0,0,0,8,531,5,45,0,0,0,0,0,0,0,0,0,0,0,0,0,0,0,0,0,0,0,0,0,0,212,15922,0,0,0,0
16632.707,16564,60,0,0,0,0,0,8,461,5,45,0,0,0,0,0,0,0,0,0,0,0,0,0,0,0,0,0,0,0,0,0,0,231,16574,0,0,0,0
16649.344,16637,60,0,0,0,0,0,8,500,5,45,0,0,0,0,0,0,0,0,0,0,0,0,0,0,0,0,0,0,0,0,0,0,217,16518,0,0,0,0
16665.788,16443,60,0,0,0,0,0,8,501,5,45,0,0,0,0,0,0,0,0,0,0,0,0,0,0,0,0,0,0,0,0,0,0,238,16673,0,0,0,0
16683.135,17347,57,0,0,0,0,0,8,488,5,45,0,0,0,0,0,0,0,0,0,0,0,0,0,0,0,0,0,0,0,0,0,0,223,16720,0,0,0,0
16699.674,16538,60,0,0,0,0,0,8,524,5,45,0,0,0,0,0,0,0,0,0,0,0,0,0,0,0,0,0,0,0,0,0,0,246,17250,0,0,0,0
16715.833,16158,61,0,0,0,0,0,8,490,5,45,0,0,0,0,0,0,0,0,0,0,0,0,0,0,0,0,0,0,0,0,0,0,215,16271,0,0,0,0
16732.649,16816,59,0,0,0,0,0,8,465,5,45,0,0,0,0,0,0,0,0,0,0,0,0,0,0,0,0,0,0,0,0,0,0,234,16496,0,0,0,0
16749.647,16998,58,0,0,0,0,0,8,527,5,45,0,0,0,0,0,0,0,0,0,0,0,0,0,0,0,0,0,0,0,0,0,0,233,16557,0,0,0,0
16766.280,16632,60,0,0,0,0,0,8,491,5,45,0,0,0,0,0,0,0,0,0,0,0,0,0,0,0,0,0,0,0,0,0,0,237,17024,0,0,0,0
16782.701,16421,60,0,0,0,0,0,8,491,5,45,0,0,0,0,0,0,0,0,0,0,0,0,0,0,0,0,0,0,0,0,0,0,228,17406,0,0,0,0
16799.297,16595,60,0,0,0,0,0,8,498,5,45,0,0,0,0,0,0,0,0,0,0,0,0,0,0,0,0,0,0,0,0,0,0,218,15579,0,0,0,0
16816.271,16974,58,0,0,0,0,0,8,500,5,45,0,0,0,0,0,0,0,0,0,0,0,0,0,0,0,0,0,0,0,0,0,0,221,16562,0,0,0,0
16832.786,16515,60,0,0,0,0,0,8,491,5,45,0,0,0,0,0,0,0,0,0,0,0,0,0,0,0,0,0,0,0,0,0,0,235,17858,0,0,0,0
16849.641,16854,59,0,0,0,0,0,8,525,5,45,0,0,0,0,0,0,0,0,0,0,0,0,0,0,0,0,0,0,0,0,0,0,228,15685,0,0,0,0
16866.487,16846,59,0,0,0,0,0,8,525,5,45,0,0,0,0,0,0,0,0,0,0,0,0,0,0,0,0,0,0,0,0,0,0,220,16890,0,0,0,0
16883.019,16532,60,0,0,0,0,0,8,432,5,45,0,0,0,0,0,0,0,0,0,0,0,0,0,0,0,0,0,0,0,0,0,0,230,16950,0,0,0,0
16900.012,16993,58,0,0,0,0,0,8,530,5,45,0,0,0,0,0,0,0,0,0,0,0,0,0,0,0,0,0,0,0,0,0,0,215,16271,0,0,0,0
16916.060,16047,62,0,0,0,0,0,8,524,5,45,0,0,0,0,0,0,0,0,0,0,0,0,0,0,0,0,0,0,0,0,0,0,236,17174,0,0,0,0
16933.133,17073,58,0,0,0,0,0,8,465,5,45,0,0,0,0,0,0,0,0,0,0,0,0,0,0,0,0,0,0,0,0,0,0,216,15943,0,0,0,0
16949.318,16185,61,0,0,0,0,0,8,522,5,45,0,0,0,0,0,0,0,0,0,0,0,0,0,0,0,0,0,0,0,0,0,0,252,17102,0,0,0,0
16966.134,16816,59,0,0,0,0,0,8,461,5,45,0,0,0,0,0,0,0,0,0,0,0,0,0,0,0,0,0,0,0,0,0,0,219,16239,0,0,0,0
16983.133,16999,58,0,0,0,0,0,8,500,5,45,0,0,0,0,0,0,0,0,0,0,0,0,0,0,0,0,0,0,0,0,0,0,237,16824,0,0,0,0
16999.559,16425,60,0,0,0,0,0,8,522,5,45,0,0,0,0,0,0,0,0,0,0,0,0,0,0,0,0,0,0,0,0,0,0,235,17068,0,0,0,0
17016.245,16686,59,0,0,0,0,0,8,490,5,45,0,0,0,0,0,0,0,0,0,0,0,0,0,0,0,0,0,0,0,0,0,0,220,16344,0,0,0,0
17032.642,16397,60,0,0,0,0,0,8,500,5,45,0,0,0,0,0,0,0,0,0,0,0,0,0,0,0,0,0,0,0,0,0,0,231,17513,0,0,0,0
17050.136,17494,57,0,0,0,0,0,8,489,5,45,0,0,0,0,0,0,0,0,0,0,0,0,0,0,0,0,0,0,0,0,0,0,220,15630,0,0,0,0
17066.806,16669,59,0,0,0,0,0,8,529,5,45,0,0,0,0,0,0,0,0,0,0,0,0,0,0,0,0,0,0,0,0,0,0,215,17410,0,0,0,0
17082.667,15860,63,0,0,0,0,0,8,457,5,45,0,0,0,0,0,0,0,0,0,0,0,0,0,0,0,0,0,0,0,0,0,0,230,16695,0,0,0,0
17099.703,17036,58,0,0,0,0,0,8,526,5,45,0,0,0,0,0,0,0,0,0,0,0,0,0,0,0,0,0,0,0,0,0,0,200,15696,0,0,0,0
17116.339,16636,60,0,0,0,0,0,8,498,5,45,0,0,0,0,0,0,0,0,0,0,0,0,0,0,0,0,0,0,0,0,0,0,238,17182,0,0,0,0
17132.958,16619,60,0,0,0,0,0,8,467,5,45,0,0,0,0,0,0,0,0,0,0,0,0,0,0,0,0,0,0,0,0,0,0,224,16922,0,0,0,0
17149.644,16686,59,0,0,0,0,0,8,528,5,45,0,0,0,0,0,0,0,0,0,0,0,0,0,0,0,0,0,0,0,0,0,0,230,16475,0,0,0,0
17166.271,16626,60,0,0,0,0,0,8,488,5,45,0,0,0,0,0,0,0,0,0,0,0,0,0,0,0,0,0,0,0,0,0,0,232,16562,0,0,0,0
17182.813,16542,60,0,0,0,0,0,8,496,5,45,0,0,0,0,0,0,0,0,0,0,0,0,0,0,0,0,0,0,0,0,0,0,223,17401,0,0,0,0
17199.645,16831,59,0,0,0,0,0,8,496,5,45,0,0,0,0,0,0,0,0,0,0,0,0,0,0,0,0,0,0,0,0,0,0,220,16052,0,0,0,0
17216.647,17002,58,0,0,0,0,0,8,524,5,45,0,0,0,0,0,0,0,0,0,0,0,0,0,0,0,0,0,0,0,0,0,0,235,16546,0,0,0,0
17232.926,16277,61,0,0,0,0,0,8,466,5,45,0,0,0,0,0,0,0,0,0,0,0,0,0,0,0,0,0,0,0,0,0,0,246,17111,0,0,0,0
17249.678,16752,59,0,0,0,0,0,8,525,5,45,0,0,0,0,0,0,0,0,0,0,0,0,0,0,0,0,0,0,0,0,0,0,211,16107,0,0,0,0
17266.065,16386,61,0,0,0,0,0,8,526,5,45,0,0,0,0,0,0,0,0,0,0,0,0,0,0,0,0,0,0,0,0,0,0,224,16785,0,0,0,0
17284.131,18066,55,0,0,0,0,0,8,436,5,45,0,0,0,0,0,0,0,0,0,0,0,0,0,0,0,0,0,0,0,0,0,0,237,16397,0,0,0,0
17299.417,15286,65,0,0,0,0,0,8,521,5,45,0,0,0,0,0,0,0,0,0,0,0,0,0,0,0,0,0,0,0,0,0,0,222,18004,0,0,0,0
17316.129,16711,59,0,0,0,0,0,8,530,5,45,0,0,0,0,0,0,0,0,0,0,0,0,0,0,0,0,0,0,0,0,0,0,233,15331,0,0,0,0
17332.447,16317,61,0,0,0,0,0,8,464,5,45,0,0,0,0,0,0,0,0,0,0,0,0,0,0,0,0,0,0,0,0,0,0,246,16863,0,0,0,0
17349.455,17008,58,0,0,0,0,0,8,533,5,45,0,0,0,0,0,0,0,0,0,0,0,0,0,0,0,0,0,0,0,0,0,0,215,16089,0,0,0,0
17366.275,16819,59,0,0,0,0,0,8,454,5,45,0,0,0,0,0,0,0,0,0,0,0,0,0,0,0,0,0,0,0,0,0,0,229,17111,0,0,0,0
17382.638,16363,61,0,0,0,0,0,8,493,5,45,0,0,0,0,0,0,0,0,0,0,0,0,0,0,0,0,0,0,0,0,0,0,244,17627,0,0,0,0
17400.145,17507,57,0,0,0,0,0,8,534,5,45,0,0,0,0,0,0,0,0,0,0,0,0,0,0,0,0,0,0,0,0,0,0,238,15556,0,0,0,0
17416.130,15985,62,0,0,0,0,0,8,520,5,45,0,0,0,0,0,0,0,0,0,0,0,0,0,0,0,0,0,0,0,0,0,0,236,17514,0,0,0,0
17432.640,16509,60,0,0,0,0,0,8,462,5,45,0,0,0,0,0,0,0,0,0,0,0,0,0,0,0,0,0,0,0,0,0,0,202,15828,0,0,0,0
17450.126,17486,57,0,0,0,0,0,8,500,5,45,0,0,0,0,0,0,0,0,0,0,0,0,0,0,0,0,0,0,0,0,0,0,236,16672,0,0,0,0
17467.131,17004,58,0,0,0,0,0,8,531,5,45,0,0,0,0,0,0,0,0,0,0,0,0,0,0,0,0,0,0,0,0,0,0,226,17467,0,0,0,0
17482.896,15765,63,0,0,0,0,0,8,463,5,45,0,0,0,0,0,0,0,0,0,0,0,0,0,0,0,0,0,0,0,0,0,0,230,17010,0,0,0,0
17500.127,17230,58,0,0,0,0,0,8,529,5,45,0,0,0,0,0,0,0,0,0,0,0,0,0,0,0,0,0,0,0,0,0,0,227,15709,0,0,0,0
17515.930,15803,63,0,0,0,0,0,8,479,5,45,0,0,0,0,0,0,0,0,0,0,0,0,0,0,0,0,0,0,0,0,0,0,232,17288,0,0,0,0
17533.136,17206,58,0,0,0,0,0,8,478,5,45,0,0,0,0,0,0,0,0,0,0,0,0,0,0,0,0,0,0,0,0,0,0,227,15778,0,0,0,0
17549.659,16522,60,0,0,0,0,0,8,523,5,45,0,0,0,0,0,0,0,0,0,0,0,0,0,0,0,0,0,0,0,0,0,0,247,17214,0,0,0,0
17565.571,15911,62,0,0,0,0,0,8,510,5,45,0,0,0,0,0,0,0,0,0,0,0,0,0,0,0,0,0,0,0,0,0,0,234,16549,0,0,0,0
17584.129,18558,53,0,0,0,0,0,8,486,5,45,0,0,0,0,0,0,0,0,0,0,0,0,0,0,0,0,0,0,0,0,0,0,213,16379,0,0,0,0
17599.439,15310,65,0,0,0,0,0,8,494,5,45,0,0,0,0,0,0,0,0,0,0,0,0,0,0,0,0,0,0,0,0,0,0,237,18042,0,0,0,0
17616.649,17210,58,0,0,0,0,0,8,532,5,45,0,0,0,0,0,0,0,0,0,0,0,0,0,0,0,0,0,0,0,0,0,0,228,15342,0,0,0,0
17632.756,16107,62,0,0,0,0,0,8,463,5,45,0,0,0,0,0,0,0,0,0,0,0,0,0,0,0,0,0,0,0,0,0,0,239,17293,0,0,0,0
17650.132,17375,57,0,0,0,0,0,8,526,5,45,0,0,0,0,0,0,0,0,0,0,0,0,0,0,0,0,0,0,0,0,0,0,224,15973,0,0,0,0
17665.651,15518,64,0,0,0,0,0,8,486,5,45,0,0,0,0,0,0,0,0,0,0,0,0,0,0,0,0,0,0,0,0,0,0,219,17412,0,0,0,0
17683.129,17478,57,0,0,0,0,0,8,471,5,45,0,0,0,0,0,0,0,0,0,0,0,0,0,0,0,0,0,0,0,0,0,0,201,15586,0,0,0,0
17699.321,16192,61,0,0,0,0,0,8,522,5,45,0,0,0,0,0,0,0,0,0,0,0,0,0,0,0,0,0,0,0,0,0,0,238,17891,0,0,0,0
17716.162,16840,59,0,0,0,0,0,8,486,5,45,0,0,0,0,0,0,0,0,0,0,0,0,0,0,0,0,0,0,0,0,0,0,214,15738,0,0,0,0
17733.124,16962,58,0,0,0,0,0,8,502,5,45,0,0,0,0,0,0,0,0,0,0,0,0,0,0,0,0,0,0,0,0,0,0,238,16868,0,0,0,0
17749.390,16266,61,0,0,0,0,0,8,528,5,45,0,0,0,0,0,0,0,0,0,0,0,0,0,0,0,0,0,0,0,0,0,0,234,17412,0,0,0,0
17765.915,16524,60,0,0,0,0,0,8,495,5,45,0,0,0,0,0,0,0,0,0,0,0,0,0,0,0,0,0,0,0,0,0,0,228,15700,0,0,0,0
17782.855,16940,59,0,0,0,0,0,8,468,5,45,0,0,0,0,0,0,0,0,0,0,0,0,0,0,0,0,0,0,0,0,0,0,232,16747,0,0,0,0
17800.124,17269,57,0,0,0,0,0,8,526,5,45,0,0,0,0,0,0,0,0,0,0,0,0,0,0,0,0,0,0,0,0,0,0,232,16756,0,0,0,0
17817.140,17016,58,0,0,0,0,0,8,525,5,45,0,0,0,0,0,0,0,0,0,0,0,0,0,0,0,0,0,0,0,0,0,0,218,17305,0,0,0,0
17832.228,15087,66,0,0,0,0,0,8,452,5,45,0,0,0,0,0,0,0,0,0,0,0,0,0,0,0,0,0,0,0,0,0,0,242,17015,0,0,0,0
17849.342,17115,58,0,0,0,0,0,8,492,5,45,0,0,0,0,0,0,0,0,0,0,0,0,0,0,0,0,0,0,0,0,0,0,217,15075,0,0,0,0
17867.124,17781,56,0,0,0,0,0,8,530,5,45,0,0,0,0,0,0,0,0,0,0,0,0,0,0,0,0,0,0,0,0,0,0,233,17088,0,0,0,0
17882.807,15683,63,0,0,0,0,0,8,461,5,45,0,0,0,0,0,0,0,0,0,0,0,0,0,0,0,0,0,0,0,0,0,0,231,17825,0,0,0,0
17899.632,16825,59,0,0,0,0,0,8,525,5,45,0,0,0,0,0,0,0,0,0,0,0,0,0,0,0,0,0,0,0,0,0,0,215,15629,0,0,0,0
17915.910,16277,61,0,0,0,0,0,8,493,5,45,0,0,0,0,0,0,0,0,0,0,0,0,0,0,0,0,0,0,0,0,0,0,230,16905,0,0,0,0
17932.808,16898,59,0,0,0,0,0,8,470,5,45,0,0,0,0,0,0,0,0,0,0,0,0,0,0,0,0,0,0,0,0,0,0,255,16420,0,0,0,0
17949.351,16542,60,0,0,0,0,0,8,542,5,45,0,0,0,0,0,0,0,0,0,0,0,0,0,0,0,0,0,0,0,0,0,0,229,16688,0,0,0,0
17966.146,16795,59,0,0,0,0,0,8,524,5,45,0,0,0,0,0,0,0,0,0,0,0,0,0,0,0,0,0,0,0,0,0,0,228,16586,0,0,0,0
17982.504,16357,61,0,0,0,0,0,8,467,5,45,0,0,0,0,0,0,0,0,0,0,0,0,0,0,0,0,0,0,0,0,0,0,241,17248,0,0,0,0
17999.172,16668,59,0,0,0,0,0,8,494,5,45,0,0,0,0,0,0,0,0,0,0,0,0,0,0,0,0,0,0,0,0,0,0,225,15857,0,0,0,0
18016.127,16954,58,0,0,0,0,0,8,497,5,45,0,0,0,0,0,0,0,0,0,0,0,0,0,0,0,0,0,0,0,0,0,0,237,16701,0,0,0,0
18033.647,17519,57,0,0,0,0,0,8,494,5,45,0,0,0,0,0,0,0,0,0,0,0,0,0,0,0,0,0,0,0,0,0,0,229,17040,0,0,0,0
18049.781,16134,61,0,0,0,0,0,8,532,5,45,0,0,0,0,0,0,0,0,0,0,0,0,0,0,0,0,0,0,0,0,0,0,232,17516,0,0,0,0
18065.666,15885,62,0,0,0,0,0,8,527,5,45,0,0,0,0,0,0,0,0,0,0,0,0,0,0,0,0,0,0,0,0,0,0,222,16013,0,0,0,0
18083.642,17975,55,0,0,0,0,0,8,437,5,45,0,0,0,0,0,0,0,0,0,0,0,0,0,0,0,0,0,0,0,0,0,0,214,15948,0,0,0,0
18099.304,15662,63,0,0,0,0,0,8,525,5,45,0,0,0,0,0,0,0,0,0,0,0,0,0,0,0,0,0,0,0,0,0,0,237,18032,0,0,0,0
18117.123,17819,56,0,0,0,0,0,8,527,5,45,0,0,0,0,0,0,0,0,0,0,0,0,0,0,0,0,0,0,0,0,0,0,194,15461,0,0,0,0
18132.278,15155,65,0,0,0,0,0,8,459,5,45,0,0,0,0,0,0,0,0,0,0,0,0,0,0,0,0,0,0,0,0,0,0,268,17998,0,0,0,0
18149.653,17374,57,0,0,0,0,0,8,523,5,45,0,0,0,0,0,0,0,0,0,0,0,0,0,0,0,0,0,0,0,0,0,0,236,15036,0,0,0,0
18166.262,16609,60,0,0,0,0,0,8,493,5,45,0,0,0,0,0,0,0,0,0,0,0,0,0,0,0,0,0,0,0,0,0,0,215,17362,0,0,0,0
18182.683,16421,60,0,0,0,0,0,8,457,5,45,0,0,0,0,0,0,0,0,0,0,0,0,0,0,0,0,0,0,0,0,0,0,231,16677,0,0,0,0
18199.316,16632,60,0,0,0,0,0,8,526,5,45,0,0,0,0,0,0,0,0,0,0,0,0,0,0,0,0,0,0,0,0,0,0,214,16368,0,0,0,0
18215.790,16474,60,0,0,0,0,0,8,527,5,45,0,0,0,0,0,0,0,0,0,0,0,0,0,0,0,0,0,0,0,0,0,0,222,16657,0,0,0,0
18233.119,17328,57,0,0,0,0,0,8,462,5,45,0,0,0,0,0,0,0,0,0,0,0,0,0,0,0,0,0,0,0,0,0,0,217,16766,0,0,0,0
18249.665,16546,60,0,0,0,0,0,8,497,5,45,0,0,0,0,0,0,0,0,0,0,0,0,0,0,0,0,0,0,0,0,0,0,240,18043,0,0,0,0
18267.126,17461,57,0,0,0,0,0,8,536,5,45,0,0,0,0,0,0,0,0,0,0,0,0,0,0,0,0,0,0,0,0,0,0,235,15641,0,0,0,0
18282.540,15413,64,0,0,0,0,0,8,462,5,45,0,0,0,0,0,0,0,0,0,0,0,0,0,0,0,0,0,0,0,0,0,0,229,17407,0,0,0,0
18299.709,17169,58,0,0,0,0,0,8,531,5,45,0,0,0,0,0,0,0,0,0,0,0,0,0,0,0,0,0,0,0,0,0,0,228,15392,0,0,0,0
18316.122,16413,60,0,0,0,0,0,8,487,5,45,0,0,0,0,0,0,0,0,0,0,0,0,0,0,0,0,0,0,0,0,0,0,224,17133,0,0,0,0
18332.900,16778,59,0,0,0,0,0,8,470,5,45,0,0,0,0,0,0,0,0,0,0,0,0,0,0,0,0,0,0,0,0,0,0,226,16915,0,0,0,0
18349.741,16840,59,0,0,0,0,0,8,529,5,45,0,0,0,0,0,0,0,0,0,0,0,0,0,0,0,0,0,0,0,0,0,0,224,16274,0,0,0,0
18366.255,16515,60,0,0,0,0,0,8,494,5,45,0,0,0,0,0,0,0,0,0,0,0,0,0,0,0,0,0,0,0,0,0,0,243,16857,0,0,0,0
18383.127,16871,59,0,0,0,0,0,8,496,5,45,0,0,0,0,0,0,0,0,0,0,0,0,0,0,0,0,0,0,0,0,0,0,237,17366,0,0,0,0
18399.638,16511,60,0,0,0,0,0,8,495,5,45,0,0,0,0,0,0,0,0,0,0,0,0,0,0,0,0,0,0,0,0,0,0,217,15985,0,0,0,0
18416.259,16620,60,0,0,0,0,0,8,524,5,45,0,0,0,0,0,0,0,0,0,0,0,0,0,0,0,0,0,0,0,0,0,0,251,16606,0,0,0,0
18432.655,16396,60,0,0,0,0,0,8,457,5,45,0,0,0,0,0,0,0,0,0,0,0,0,0,0,0,0,0,0,0,0,0,0,221,16584,0,0,0,0
18450.133,17478,57,0,0,0,0,0,8,534,5,45,0,0,0,0,0,0,0,0,0,0,0,0,0,0,0,0,0,0,0,0,0,0,234,16381,0,0,0,0
18466.648,16515,60,0,0,0,0,0,8,522,5,45,0,0,0,0,0,0,0,0,0,0,0,0,0,0,0,0,0,0,0,0,0,0,235,17581,0,0,0,0
18482.286,15637,63,0,0,0,0,0,8,430,5,45,0,0,0,0,0,0,0,0,0,0,0,0,0,0,0,0,0,0,0,0,0,0,228,16500,0,0,0,0
18500.122,17835,56,0,0,0,0,0,8,529,5,45,0,0,0,0,0,0,0,0,0,0,0,0,0,0,0,0,0,0,0,0,0,0,227,15564,0,0,0,0
18515.481,15358,65,0,0,0,0,0,8,488,5,45,0,0,0,0,0,0,0,0,0,0,0,0,0,0,0,0,0,0,0,0,0,0,239,17827,0,0,0,0
18532.868,17387,57,0,0,0,0,0,8,502,5,45,0,0,0,0,0,0,0,0,0,0,0,0,0,0,0,0,0,0,0,0,0,0,216,15190,0,0,0,0
18549.245,16376,61,0,0,0,0,0,8,530,5,45,0,0,0,0,0,0,0,0,0,0,0,0,0,0,0,0,0,0,0,0,0,0,241,17530,0,0,0,0
18566.260,17015,58,0,0,0,0,0,8,457,5,45,0,0,0,0,0,0,0,0,0,0,0,0,0,0,0,0,0,0,0,0,0,0,255,16380,0,0,0,0
18582.305,16044,62,0,0,0,0,0,8,499,5,45,0,0,0,0,0,0,0,0,0,0,0,0,0,0,0,0,0,0,0,0,0,0,236,17874,0,0,0,0
18599.642,17336,57,0,0,0,0,0,8,529,5,45,0,0,0,0,0,0,0,0,0,0,0,0,0,0,0,0,0,0,0,0,0,0,197,15106,0,0,0,0
18617.116,17474,57,0,0,0,0,0,8,526,5,45,0,0,0,0,0,0,0,0,0,0,0,0,0,0,0,0,0,0,0,0,0,0,239,17440,0,0,0,0
18632.950,15833,63,0,0,0,0,0,8,458,5,45,0,0,0,0,0,0,0,0,0,0,0,0,0,0,0,0,0,0,0,0,0,0,233,17479,0,0,0,0
18649.229,16278,61,0,0,0,0,0,8,489,5,45,0,0,0,0,0,0,0,0,0,0,0,0,0,0,0,0,0,0,0,0,0,0,200,15679,0,0,0,0
18666.268,17038,58,0,0,0,0,0,8,529,5,45,0,0,0,0,0,0,0,0,0,0,0,0,0,0,0,0,0,0,0,0,0,0,236,16410,0,0,0,0
18682.628,16360,61,0,0,0,0,0,8,464,5,45,0,0,0,0,0,0,0,0,0,0,0,0,0,0,0,0,0,0,0,0,0,0,228,17057,0,0,0,0
18700.124,17495,57,0,0,0,0,0,8,525,5,45,0,0,0,0,0,0,0,0,0,0,0,0,0,0,0,0,0,0,0,0,0,0,224,16359,0,0,0,0
18716.116,15992,62,0,0,0,0,0,8,496,5,45,0,0,0,0,0,0,0,0,0,0,0,0,0,0,0,0,0,0,0,0,0,0,237,17500,0,0,0,0
18732.662,16546,60,0,0,0,0,0,8,462,5,45,0,0,0,0,0,0,0,0,0,0,0,0,0,0,0,0,0,0,0,0,0,0,217,15979,0,0,0,0
18749.696,17033,58,0,0,0,0,0,8,529,5,45,0,0,0,0,0,0,0,0,0,0,0,0,0,0,0,0,0,0,0,0,0,0,230,16537,0,0,0,0
18767.138,17442,57,0,0,0,0,0,8,528,5,45,0,0,0,0,0,0,0,0,0,0,0,0,0,0,0,0,0,0,0,0,0,0,267,17116,0,0,0,0
18782.844,15705,63,0,0,0,0,0,8,458,5,45,0,0,0,0,0,0,0,0,0,0,0,0,0,0,0,0,0,0,0,0,0,0,228,17402,0,0,0,0
18799.631,16787,59,0,0,0,0,0,8,487,5,45,0,0,0,0,0,0,0,0,0,0,0,0,0,0,0,0,0,0,0,0,0,0,207,15540,0,0,0,0
18816.264,16632,60,0,0,0,0,0,8,511,5,45,0,0,0,0,0,0,0,0,0,0,0,0,0,0,0,0,0,0,0,0,0,0,228,17362,0,0,0,0
18833.258,16993,58,0,0,0,0,0,8,480,5,45,0,0,0,0,0,0,0,0,0,0,0,0,0,0,0,0,0,0,0,0,0,0,221,16993,0,0,0,0
18849.732,16474,60,0,0,0,0,0,8,520,5,45,0,0,0,0,0,0,0,0,0,0,0,0,0,0,0,0,0,0,0,0,0,0,241,17074,0,0,0,0
18866.176,16443,60,0,0,0,0,0,8,527,5,45,0,0,0,0,0,0,0,0,0,0,0,0,0,0,0,0,0,0,0,0,0,0,211,15567,0,0,0,0
18883.116,16940,59,0,0,0,0,0,8,439,5,45,0,0,0,0,0,0,0,0,0,0,0,0,0,0,0,0,0,0,0,0,0,0,226,16873,0,0,0,0
18900.132,17015,58,0,0,0,0,0,8,525,5,45,0,0,0,0,0,0,0,0,0,0,0,0,0,0,0,0,0,0,0,0,0,0,242,16633,0,0,0,0
18917.114,16982,58,0,0,0,0,0,8,523,5,45,0,0,0,0,0,0,0,0,0,0,0,0,0,0,0,0,0,0,0,0,0,0,227,16926,0,0,0,0
18932.401,15286,65,0,0,0,0,0,8,459,5,45,0,0,0,0,0,0,0,0,0,0,0,0,0,0,0,0,0,0,0,0,0,0,232,16994,0,0,0,0
18949.624,17222,58,0,0,0,0,0,8,529,5,45,0,0,0,0,0,0,0,0,0,0,0,0,0,0,0,0,0,0,0,0,0,0,222,15281,0,0,0,0
18966.250,16625,60,0,0,0,0,0,8,457,5,45,0,0,0,0,0,0,0,0,0,0,0,0,0,0,0,0,0,0,0,0,0,0,237,17223,0,0,0,0
18982.772,16522,60,0,0,0,0,0,8,500,5,45,0,0,0,0,0,0,0,0,0,0,0,0,0,0,0,0,0,0,0,0,0,0,239,17462,0,0,0,0
18998.838,16065,62,0,0,0,0,0,8,525,5,45,0,0,0,0,0,0,0,0,0,0,0,0,0,0,0,0,0,0,0,0,0,0,220,15685,0,0,0,0
19015.898,17060,58,0,0,0,0,0,8,500,5,45,0,0,0,0,0,0,0,0,0,0,0,0,0,0,0,0,0,0,0,0,0,0,216,16189,0,0,0,0
19032.630,16732,59,0,0,0,0,0,8,494,5,45,0,0,0,0,0,0,0,0,0,0,0,0,0,0,0,0,0,0,0,0,0,0,241,17097,0,0,0,0
19049.307,16677,59,0,0,0,0,0,8,495,5,45,0,0,0,0,0,0,0,0,0,0,0,0,0,0,0,0,0,0,0,0,0,0,235,16558,0,0,0,0
19066.114,16806,59,0,0,0,0,0,8,493,5,45,0,0,0,0,0,0,0,0,0,0,0,0,0,0,0,0,0,0,0,0,0,0,221,16632,0,0,0,0
19083.039,16924,59,0,0,0,0,0,8,502,5,45,0,0,0,0,0,0,0,0,0,0,0,0,0,0,0,0,0,0,0,0,0,0,226,16944,0,0,0,0
19100.120,17081,58,0,0,0,0,0,8,526,5,45,0,0,0,0,0,0,0,0,0,0,0,0,0,0,0,0,0,0,0,0,0,0,250,16863,0,0,0,0
19117.112,16992,58,0,0,0,0,0,8,492,5,45,0,0,0,0,0,0,0,0,0,0,0,0,0,0,0,0,0,0,0,0,0,0,228,17044,0,0,0,0
19132.301,15188,65,0,0,0,0,0,8,466,5,45,0,0,0,0,0,0,0,0,0,0,0,0,0,0,0,0,0,0,0,0,0,0,226,16953,0,0,0,0
19149.643,17342,57,0,0,0,0,0,8,526,5,45,0,0,0,0,0,0,0,0,0,0,0,0,0,0,0,0,0,0,0,0,0,0,218,15229,0,0,0,0
19167.113,17470,57,0,0,0,0,0,8,532,5,45,0,0,0,0,0,0,0,0,0,0,0,0,0,0,0,0,0,0,0,0,0,0,248,17349,0,0,0,0
19183.258,16144,61,0,0,0,0,0,8,461,5,45,0,0,0,0,0,0,0,0,0,0,0,0,0,0,0,0,0,0,0,0,0,0,264,17614,0,0,0,0
19199.138,15880,62,0,0,0,0,0,8,490,5,45,0,0,0,0,0,0,0,0,0,0,0,0,0,0,0,0,0,0,0,0,0,0,215,16009,0,0,0,0
19215.642,16504,60,0,0,0,0,0,8,512,5,45,0,0,0,0,0,0,0,0,0,0,0,0,0,0,0,0,0,0,0,0,0,0,218,15837,0,0,0,0
19232.772,17129,58,0,0,0,0,0,8,488,5,45,0,0,0,0,0,0,0,0,0,0,0,0,0,0,0,0,0,0,0,0,0,0,236,16604,0,0,0,0
19250.112,17339,57,0,0,0,0,0,8,531,5,45,0,0,0,0,0,0,0,0,0,0,0,0,0,0,0,0,0,0,0,0,0,0,206,16969,0,0,0,0
19266.111,15999,62,0,0,0,0,0,8,526,5,45,0,0,0,0,0,0,0,0,0,0,0,0,0,0,0,0,0,0,0,0,0,0,241,17432,0,0,0,0
19282.630,16518,60,0,0,0,0,0,8,428,5,45,0,0,0,0,0,0,0,0,0,0,0,0,0,0,0,0,0,0,0,0,0,0,223,15978,0,0,0,0
19299.618,16988,58,0,0,0,0,0,8,528,5,45,0,0,0,0,0,0,0,0,0,0,0,0,0,0,0,0,0,0,0,0,0,0,235,16559,0,0,0,0
19316.246,16628,60,0,0,0,0,0,8,530,5,45,0,0,0,0,0,0,0,0,0,0,0,0,0,0,0,0,0,0,0,0,0,0,234,16982,0,0,0,0
19332.783,16536,60,0,0,0,0,0,8,461,5,45,0,0,0,0,0,0,0,0,0,0,0,0,0,0,0,0,0,0,0,0,0,0,234,16623,0,0,0,0
19349.773,16990,58,0,0,0,0,0,8,525,5,45,0,0,0,0,0,0,0,0,0,0,0,0,0,0,0,0,0,0,0,0,0,0,214,16480,0,0,0,0
19365.509,15736,63,0,0,0,0,0,8,494,5,45,0,0,0,0,0,0,0,0,0,0,0,0,0,0,0,0,0,0,0,0,0,0,232,16998,0,0,0,0
19382.641,17131,58,0,0,0,0,0,8,465,5,45,0,0,0,0,0,0,0,0,0,0,0,0,0,0,0,0,0,0,0,0,0,0,251,16063,0,0,0,0
19398.918,16277,61,0,0,0,0,0,8,530,5,45,0,0,0,0,0,0,0,0,0,0,0,0,0,0,0,0,0,0,0,0,0,0,232,16759,0,0,0,0
19416.238,17319,57,0,0,0,0,0,8,499,5,45,0,0,0,0,0,0,0,0,0,0,0,0,0,0,0,0,0,0,0,0,0,0,210,16259,0,0,0,0
19432.907,16668,59,0,0,0,0,0,8,490,5,45,0,0,0,0,0,0,0,0,0,0,0,0,0,0,0,0,0,0,0,0,0,0,251,18260,0,0,0,0
19449.129,16222,61,0,0,0,0,0,8,492,5,45,0,0,0,0,0,0,0,0,0,0,0,0,0,0,0,0,0,0,0,0,0,0,214,15716,0,0,0,0
19466.248,17118,58,0,0,0,0,0,8,493,5,45,0,0,0,0,0,0,0,0,0,0,0,0,0,0,0,0,0,0,0,0,0,0,220,16331,0,0,0,0
19482.735,16487,60,0,0,0,0,0,8,496,5,45,0,0,0,0,0,0,0,0,0,0,0,0,0,0,0,0,0,0,0,0,0,0,235,17936,0,0,0,0
19499.685,16949,58,0,0,0,0,0,8,529,5,45,0,0,0,0,0,0,0,0,0,0,0,0,0,0,0,0,0,0,0,0,0,0,190,15601,0,0,0,0
19515.800,16115,62,0,0,0,0,0,8,493,5,45,0,0,0,0,0,0,0,0,0,0,0,0,0,0,0,0,0,0,0,0,0,0,241,17019,0,0,0,0
19532.621,16820,59,0,0,0,0,0,8,467,5,45,0,0,0,0,0,0,0,0,0,0,0,0,0,0,0,0,0,0,0,0,0,0,224,16369,0,0,0,0
19549.185,16564,60,0,0,0,0,0,8,529,5,45,0,0,0,0,0,0,0,0,0,0,0,0,0,0,0,0,0,0,0,0,0,0,233,16564,0,0,0,0
19567.137,17951,55,0,0,0,0,0,8,530,5,45,0,0,0,0,0,0,0,0,0,0,0,0,0,0,0,0,0,0,0,0,0,0,231,16564,0,0,0,0
19582.804,15667,63,0,0,0,0,0,8,457,5,45,0,0,0,0,0,0,0,0,0,0,0,0,0,0,0,0,0,0,0,0,0,0,225,17948,0,0,0,0
19600.106,17302,57,0,0,0,0,0,8,491,5,45,0,0,0,0,0,0,0,0,0,0,0,0,0,0,0,0,0,0,0,0,0,0,213,15835,0,0,0,0
19616.110,16004,62,0,0,0,0,0,8,499,5,45,0,0,0,0,0,0,0,0,0,0,0,0,0,0,0,0,0,0,0,0,0,0,241,17156,0,0,0,0
19632.143,16032,62,0,0,0,0,0,8,491,5,45,0,0,0,0,0,0,0,0,0,0,0,0,0,0,0,0,0,0,0,0,0,0,231,16070,0,0,0,0
19649.303,17160,58,0,0,0,0,0,8,526,5,45,0,0,0,0,0,0,0,0,0,0,0,0,0,0,0,0,0,0,0,0,0,0,224,15945,0,0,0,0
19666.256,16952,58,0,0,0,0,0,8,497,5,45,0,0,0,0,0,0,0,0,0,0,0,0,0,0,0,0,0,0,0,0,0,0,226,17155,0,0,0,0
19682.633,16377,61,0,0,0,0,0,8,456,5,45,0,0,0,0,0,0,0,0,0,0,0,0,0,0,0,0,0,0,0,0,0,0,233,17758,0,0,0,0
19699.631,16997,58,0,0,0,0,0,8,529,5,45,0,0,0,0,0,0,0,0,0,0,0,0,0,0,0,0,0,0,0,0,0,0,218,15572,0,0,0,0
19716.252,16621,60,0,0,0,0,0,8,495,5,45,0,0,0,0,0,0,0,0,0,0,0,0,0,0,0,0,0,0,0,0,0,0,236,17117,0,0,0,0
19732.755,16503,60,0,0,0,0,0,8,491,5,45,0,0,0,0,0,0,0,0,0,0,0,0,0,0,0,0,0,0,0,0,0,0,224,17308,0,0,0,0
19749.636,16880,59,0,0,0,0,0,8,526,5,45,0,0,0,0,0,0,0,0,0,0,0,0,0,0,0,0,0,0,0,0,0,0,213,15642,0,0,0,0
19767.139,17502,57,0,0,0,0,0,8,500,5,45,0,0,0,0,0,0,0,0,0,0,0,0,0,0,0,0,0,0,0,0,0,0,222,16935,0,0,0,0
19782.842,15702,63,0,0,0,0,0,8,462,5,45,0,0,0,0,0,0,0,0,0,0,0,0,0,0,0,0,0,0,0,0,0,0,253,17447,0,0,0,0
19799.345,16503,60,0,0,0,0,0,8,522,5,45,0,0,0,0,0,0,0,0,0,0,0,0,0,0,0,0,0,0,0,0,0,0,206,15656,0,0,0,0
19816.351,17005,58,0,0,0,0,0,8,529,5,45,0,0,0,0,0,0,0,0,0,0,0,0,0,0,0,0,0,0,0,0,0,0,230,16608,0,0,0,0
19832.216,15864,63,0,0,0,0,0,8,462,5,45,0,0,0,0,0,0,0,0,0,0,0,0,0,0,0,0,0,0,0,0,0,0,232,17227,0,0,0,0
19849.623,17407,57,0,0,0,0,0,8,499,5,45,0,0,0,0,0,0,0,0,0,0,0,0,0,0,0,0,0,0,0,0,0,0,242,15656,0,0,0,0
19866.109,16486,60,0,0,0,0,0,8,503,5,45,0,0,0,0,0,0,0,0,0,0,0,0,0,0,0,0,0,0,0,0,0,0,232,17399,0,0,0,0
19882.623,16513,60,0,0,0,0,0,8,480,5,45,0,0,0,0,0,0,0,0,0,0,0,0,0,0,0,0,0,0,0,0,0,0,209,16548,0,0,0,0
19899.674,17050,58,0,0,0,0,0,8,525,5,45,0,0,0,0,0,0,0,0,0,0,0,0,0,0,0,0,0,0,0,0,0,0,210,16423,0,0,0,0
19916.108,16434,60,0,0,0,0,0,8,496,5,45,0,0,0,0,0,0,0,0,0,0,0,0,0,0,0,0,0,0,0,0,0,0,208,16939,0,0,0,0
19932.788,16679,59,0,0,0,0,0,8,468,5,45,0,0,0,0,0,0,0,0,0,0,0,0,0,0,0,0,0,0,0,0,0,0,216,16516,0,0,0,0
19949.626,16826,59,0,0,0,0,0,8,530,5,45,0,0,0,0,0,0,0,0,0,0,0,0,0,0,0,0,0,0,0,0,0,0,221,16671,0,0,0,0
19967.133,17519,57,0,0,0,0,0,8,527,5,45,0,0,0,0,0,0,0,0,0,0,0,0,0,0,0,0,0,0,0,0,0,0,236,16910,0,0,0,0
19982.398,15264,65,0,0,0,0,0,8,461,5,45,0,0,0,0,0,0,0,0,0,0,0,0,0,0,0,0,0,0,0,0,0,0,239,17536,0,0,0,0
20000.108,17709,56,0,0,0,0,0,8,498,5,45,0,0,0,0,0,0,0,0,0,0,0,0,0,0,0,0,0,0,0,0,0,0,213,15845,0,0,0,0
20016.104,15996,62,0,0,0,0,0,8,495,5,45,0,0,0,0,0,0,0,0,0,0,0,0,0,0,0,0,0,0,0,0,0,0,217,17088,0,0,0,0
20032.694,16590,60,0,0,0,0,0,8,488,5,45,0,0,0,0,0,0,0,0,0,0,0,0,0,0,0,0,0,0,0,0,0,0,221,16069,0,0,0,0
20050.118,17423,57,0,0,0,0,0,8,529,5,45,0,0,0,0,0,0,0,0,0,0,0,0,0,0,0,0,0,0,0,0,0,0,227,16470,0,0,0,0
20065.935,15817,63,0,0,0,0,0,8,520,5,45,0,0,0,0,0,0,0,0,0,0,0,0,0,0,0,0,0,0,0,0,0,0,224,17455,0,0,0,0
20082.616,16681,59,0,0,0,0,0,8,439,5,45,0,0,0,0,0,0,0,0,0,0,0,0,0,0,0,0,0,0,0,0,0,0,240,15847,0,0,0,0
20099.535,16919,59,0,0,0,0,0,8,531,5,45,0,0,0,0,0,0,0,0,0,0,0,0,0,0,0,0,0,0,0,0,0,0,221,16658,0,0,0,0
20116.244,16708,59,0,0,0,0,0,8,489,5,45,0,0,0,0,0,0,0,0,0,0,0,0,0,0,0,0,0,0,0,0,0,0,234,16929,0,0,0,0
20132.747,16503,60,0,0,0,0,0,8,494,5,45,0,0,0,0,0,0,0,0,0,0,0,0,0,0,0,0,0,0,0,0,0,0,220,16710,0,0,0,0
20149.623,16875,59,0,0,0,0,0,8,527,5,45,0,0,0,0,0,0,0,0,0,0,0,0,0,0,0,0,0,0,0,0,0,0,215,16457,0,0,0,0
20166.254,16631,60,0,0,0,0,0,8,461,5,45,0,0,0,0,0,0,0,0,0,0,0,0,0,0,0,0,0,0,0,0,0,0,242,16975,0,0,0,0
20183.104,16849,59,0,0,0,0,0,8,500,5,45,0,0,0,0,0,0,0,0,0,0,0,0,0,0,0,0,0,0,0,0,0,0,224,17379,0,0,0,0
20199.324,16220,61,0,0,0,0,0,8,523,5,45,0,0,0,0,0,0,0,0,0,0,0,0,0,0,0,0,0,0,0,0,0,0,226,15992,0,0,0,0
20216.242,16918,59,0,0,0,0,0,8,494,5,45,0,0,0,0,0,0,0,0,0,0,0,0,0,0,0,0,0,0,0,0,0,0,234,16287,0,0,0,0
20232.702,16459,60,0,0,0,0,0,8,495,5,45,0,0,0,0,0,0,0,0,0,0,0,0,0,0,0,0,0,0,0,0,0,0,232,17706,0,0,0,0
20249.323,16620,60,0,0,0,0,0,8,491,5,45,0,0,0,0,0,0,0,0,0,0,0,0,0,0,0,0,0,0,0,0,0,0,226,15621,0,0,0,0
20267.103,17779,56,0,0,0,0,0,8,530,5,45,0,0,0,0,0,0,0,0,0,0,0,0,0,0,0,0,0,0,0,0,0,0,230,16637,0,0,0,0
20282.290,15187,65,0,0,0,0,0,8,463,5,45,0,0,0,0,0,0,0,0,0,0,0,0,0,0,0,0,0,0,0,0,0,0,238,17814,0,0,0,0
20299.677,17387,57,0,0,0,0,0,8,526,5,45,0,0,0,0,0,0,0,0,0,0,0,0,0,0,0,0,0,0,0,0,0,0,219,15289,0,0,0,0
20316.241,16564,60,0,0,0,0,0,8,501,5,45,0,0,0,0,0,0,0,0,0,0,0,0,0,0,0,0,0,0,0,0,0,0,229,17229,0,0,0,0
20333.634,17392,57,0,0,0,0,0,8,463,5,45,0,0,0,0,0,0,0,0,0,0,0,0,0,0,0,0,0,0,0,0,0,0,227,16618,0,0,0,0
20349.615,15981,62,0,0,0,0,0,8,529,5,45,0,0,0,0,0,0,0,0,0,0,0,0,0,0,0,0,0,0,0,0,0,0,234,17356,0,0,0,0
20366.021,16405,60,0,0,0,0,0,8,529,5,45,0,0,0,0,0,0,0,0,0,0,0,0,0,0,0,0,0,0,0,0,0,0,242,16024,0,0,0,0
20382.631,16609,60,0,0,0,0,0,8,467,5,45,0,0,0,0,0,0,0,0,0,0,0,0,0,0,0,0,0,0,0,0,0,0,249,16479,0,0,0,0
20399.155,16524,60,0,0,0,0,0,8,494,5,45,0,0,0,0,0,0,0,0,0,0,0,0,0,0,0,0,0,0,0,0,0,0,233,16525,0,0,0,0
20416.143,16987,58,0,0,0,0,0,8,490,5,45,0,0,0,0,0,0,0,0,0,0,0,0,0,0,0,0,0,0,0,0,0,0,238,16500,0,0,0,0
20432.645,16502,60,0,0,0,0,0,8,498,5,45,0,0,0,0,0,0,0,0,0,0,0,0,0,0,0,0,0,0,0,0,0,0,213,17029,0,0,0,0
20449.614,16969,58,0,0,0,0,0,8,525,5,45,0,0,0,0,0,0,0,0,0,0,0,0,0,0,0,0,0,0,0,0,0,0,224,16417,0,0,0,0
20466.060,16445,60,0,0,0,0,0,8,528,5,45,0,0,0,0,0,0,0,0,0,0,0,0,0,0,0,0,0,0,0,0,0,0,233,17035,0,0,0,0
20482.717,16656,60,0,0,0,0,0,8,431,5,45,0,0,0,0,0,0,0,0,0,0,0,0,0,0,0,0,0,0,0,0,0,0,246,16437,0,0,0,0
20499.620,16903,59,0,0,0,0,0,8,528,5,45,0,0,0,0,0,0,0,0,0,0,0,0,0,0,0,0,0,0,0,0,0,0,211,16605,0,0,0,0
20516.240,16620,60,0,0,0,0,0,8,495,5,45,0,0,0,0,0,0,0,0,0,0,0,0,0,0,0,0,0,0,0,0,0,0,228,16988,0,0,0,0
20532.822,16582,60,0,0,0,0,0,8,500,5,45,0,0,0,0,0,0,0,0,0,0,0,0,0,0,0,0,0,0,0,0,0,0,225,17379,0,0,0,0
20549.616,16793,59,0,0,0,0,0,8,521,5,45,0,0,0,0,0,0,0,0,0,0,0,0,0,0,0,0,0,0,0,0,0,0,221,15734,0,0,0,0
20566.516,16900,59,0,0,0,0,0,8,497,5,45,0,0,0,0,0,0,0,0,0,0,0,0,0,0,0,0,0,0,0,0,0,0,250,17329,0,0,0,0
20582.837,16320,61,0,0,0,0,0,8,466,5,45,0,0,0,0,0,0,0,0,0,0,0,0,0,0,0,0,0,0,0,0,0,0,202,16348,0,0,0,0
20599.273,16436,60,0,0,0,0,0,8,524,5,45,0,0,0,0,0,0,0,0,0,0,0,0,0,0,0,0,0,0,0,0,0,0,222,16338,0,0,0,0
20616.267,16993,58,0,0,0,0,0,8,530,5,45,0,0,0,0,0,0,0,0,0,0,0,0,0,0,0,0,0,0,0,0,0,0,228,16616,0,0,0,0
20632.239,15972,62,0,0,0,0,0,8,459,5,45,0,0,0,0,0,0,0,0,0,0,0,0,0,0,0,0,0,0,0,0,0,0,238,17170,0,0,0,0
20650.099,17859,55,0,0,0,0,0,8,494,5,45,0,0,0,0,0,0,0,0,0,0,0,0,0,0,0,0,0,0,0,0,0,0,201,15627,0,0,0,0
20665.961,15861,63,0,0,0,0,0,8,502,5,45,0,0,0,0,0,0,0,0,0,0,0,0,0,0,0,0,0,0,0,0,0,0,221,18097,0,0,0,0
20682.896,16934,59,0,0,0,0,0,8,489,5,45,0,0,0,0,0,0,0,0,0,0,0,0,0,0,0,0,0,0,0,0,0,0,216,15736,0,0,0,0
20699.617,16721,59,0,0,0,0,0,8,527,5,45,0,0,0,0,0,0,0,0,0,0,0,0,0,0,0,0,0,0,0,0,0,0,228,16827,0,0,0,0
20716.630,17013,58,0,0,0,0,0,8,495,5,45,0,0,0,0,0,0,0,0,0,0,0,0,0,0,0,0,0,0,0,0,0,0,230,16768,0,0,0,0
20732.812,16181,61,0,0,0,0,0,8,467,5,45,0,0,0,0,0,0,0,0,0,0,0,0,0,0,0,0,0,0,0,0,0,0,235,17074,0,0,0,0
20750.121,17309,57,0,0,0,0,0,8,525,5,45,0,0,0,0,0,0,0,0,0,0,0,0,0,0,0,0,0,0,0,0,0,0,228,16046,0,0,0,0
20766.323,16201,61,0,0,0,0,0,8,521,5,45,0,0,0,0,0,0,0,0,0,0,0,0,0,0,0,0,0,0,0,0,0,0,245,17396,0,0,0,0
20782.925,16602,60,0,0,0,0,0,8,468,5,45,0,0,0,0,0,0,0,0,0,0,0,0,0,0,0,0,0,0,0,0,0,0,208,16310,0,0,0,0
20799.397,16472,60,0,0,0,0,0,8,500,5,45,0,0,0,0,0,0,0,0,0,0,0,0,0,0,0,0,0,0,0,0,0,0,232,16433,0,0,0,0
20816.104,16706,59,0,0,0,0,0,8,528,5,45,0,0,0,0,0,0,0,0,0,0,0,0,0,0,0,0,0,0,0,0,0,0,259,16505,0,0,0,0
20833.127,17023,58,0,0,0,0,0,8,464,5,45,0,0,0,0,0,0,0,0,0,0,0,0,0,0,0,0,0,0,0,0,0,0,200,17051,0,0,0,0
20849.138,16010,62,0,0,0,0,0,8,521,5,45,0,0,0,0,0,0,0,0,0,0,0,0,0,0,0,0,0,0,0,0,0,0,242,16650,0,0,0,0
20866.234,17096,58,0,0,0,0,0,8,502,5,45,0,0,0,0,0,0,0,0,0,0,0,0,0,0,0,0,0,0,0,0,0,0,223,16458,0,0,0,0
20882.855,16620,60,0,0,0,0,0,8,458,5,45,0,0,0,0,0,0,0,0,0,0,0,0,0,0,0,0,0,0,0,0,0,0,248,17500,0,0,0,0
20899.291,16436,60,0,0,0,0,0,8,530,5,45,0,0,0,0,0,0,0,0,0,0,0,0,0,0,0,0,0,0,0,0,0,0,210,15746,0,0,0,0
20916.234,16943,59,0,0,0,0,0,8,488,5,45,0,0,0,0,0,0,0,0,0,0,0,0,0,0,0,0,0,0,0,0,0,0,234,16507,0,0,0,0
20932.569,16334,61,0,0,0,0,0,8,499,5,45,0,0,0,0,0,0,0,0,0,0,0,0,0,0,0,0,0,0,0,0,0,0,224,17712,0,0,0,0
20950.101,17531,57,0,0,0,0,0,8,530,5,45,0,0,0,0,0,0,0,0,0,0,0,0,0,0,0,0,0,0,0,0,0,0,209,15432,0,0,0,0
20966.256,16155,61,0,0,0,0,0,8,460,5,45,0,0,0,0,0,0,0,0,0,0,0,0,0,0,0,0,0,0,0,0,0,0,241,18127,0,0,0,0
20982.869,16613,60,0,0,0,0,0,8,499,5,45,0,0,0,0,0,0,0,0,0,0,0,0,0,0,0,0,0,0,0,0,0,0,206,15752,0,0,0,0
20999.410,16540,60,0,0,0,0,0,8,525,5,45,0,0,0,0,0,0,0,0,0,0,0,0,0,0,0,0,0,0,0,0,0,0,217,16482,0,0,0,0
21016.101,16691,59,0,0,0,0,0,8,531,5,45,0,0,0,0,0,0,0,0,0,0,0,0,0,0,0,0,0,0,0,0,0,0,209,16558,0,0,0,0
21032.607,16506,60,0,0,0,0,0,8,460,5,45,0,0,0,0,0,0,0,0,0,0,0,0,0,0,0,0,0,0,0,0,0,0,226,16703,0,0,0,0
21050.104,17496,57,0,0,0,0,0,8,492,5,45,0,0,0,0,0,0,0,0,0,0,0,0,0,0,0,0,0,0,0,0,0,0,233,16530,0,0,0,0
21065.947,15843,63,0,0,0,0,0,8,526,5,45,0,0,0,0,0,0,0,0,0,0,0,0,0,0,0,0,0,0,0,0,0,0,237,17485,0,0,0,0
21082.608,16661,60,0,0,0,0,0,8,466,5,45,0,0,0,0,0,0,0,0,0,0,0,0,0,0,0,0,0,0,0,0,0,0,231,15920,0,0,0,0
21099.756,17147,58,0,0,0,0,0,8,525,5,45,0,0,0,0,0,0,0,0,0,0,0,0,0,0,0,0,0,0,0,0,0,0,230,16592,0,0,0,0
21116.304,16548,60,0,0,0,0,0,8,500,5,45,0,0,0,0,0,0,0,0,0,0,0,0,0,0,0,0,0,0,0,0,0,0,233,17131,0,0,0,0
21133.094,16790,59,0,0,0,0,0,8,467,5,45,0,0,0,0,0,0,0,0,0,0,0,0,0,0,0,0,0,0,0,0,0,0,230,16528,0,0,0,0
21149.232,16137,61,0,0,0,0,0,8,518,5,45,0,0,0,0,0,0,0,0,0,0,0,0,0,0,0,0,0,0,0,0,0,0,219,16752,0,0,0,0
21165.830,16597,60,0,0,0,0,0,8,529,5,45,0,0,0,0,0,0,0,0,0,0,0,0,0,0,0,0,0,0,0,0,0,0,241,16219,0,0,0,0
21182.746,16916,59,0,0,0,0,0,8,462,5,45,0,0,0,0,0,0,0,0,0,0,0,0,0,0,0,0,0,0,0,0,0,0,233,16811,0,0,0,0
21199.645,16899,59,0,0,0,0,0,8,492,5,45,0,0,0,0,0,0,0,0,0,0,0,0,0,0,0,0,0,0,0,0,0,0,232,16650,0,0,0,0
21216.094,16448,60,0,0,0,0,0,8,529,5,45,0,0,0,0,0,0,0,0,0,0,0,0,0,0,0,0,0,0,0,0,0,0,251,16886,0,0,0,0
21232.613,16519,60,0,0,0,0,0,8,467,5,45,0,0,0,0,0,0,0,0,0,0,0,0,0,0,0,0,0,0,0,0,0,0,223,16502,0,0,0,0
21250.106,17492,57,0,0,0,0,0,8,526,5,45,0,0,0,0,0,0,0,0,0,0,0,0,0,0,0,0,0,0,0,0,0,0,232,16518,0,0,0,0
21266.231,16124,62,0,0,0,0,0,8,484,5,45,0,0,0,0,0,0,0,0,0,0,0,0,0,0,0,0,0,0,0,0,0,0,238,17501,0,0,0,0
21282.638,16407,60,0,0,0,0,0,8,463,5,45,0,0,0,0,0,0,0,0,0,0,0,0,0,0,0,0,0,0,0,0,0,0,226,16909,0,0,0,0
21299.760,17122,58,0,0,0,0,0,8,525,5,45,0,0,0,0,0,0,0,0,0,0,0,0,0,0,0,0,0,0,0,0,0,0,202,15492,0,0,0,0
21315.866,16105,62,0,0,0,0,0,8,525,5,45,0,0,0,0,0,0,0,0,0,0,0,0,0,0,0,0,0,0,0,0,0,0,215,17203,0,0,0,0
21332.655,16789,59,0,0,0,0,0,8,461,5,45,0,0,0,0,0,0,0,0,0,0,0,0,0,0,0,0,0,0,0,0,0,0,232,16314,0,0,0,0
21350.107,17451,57,0,0,0,0,0,8,528,5,45,0,0,0,0,0,0,0,0,0,0,0,0,0,0,0,0,0,0,0,0,0,0,228,16644,0,0,0,0
21365.759,15652,63,0,0,0,0,0,8,473,5,45,0,0,0,0,0,0,0,0,0,0,0,0,0,0,0,0,0,0,0,0,0,0,240,17467,0,0,0,0
21382.779,17020,58,0,0,0,0,0,8,488,5,45,0,0,0,0,0,0,0,0,0,0,0,0,0,0,0,0,0,0,0,0,0,0,234,15888,0,0,0,0
21399.664,16885,59,0,0,0,0,0,8,530,5,45,0,0,0,0,0,0,0,0,0,0,0,0,0,0,0,0,0,0,0,0,0,0,244,16728,0,0,0,0
21416.229,16564,60,0,0,0,0,0,8,490,5,45,0,0,0,0,0,0,0,0,0,0,0,0,0,0,0,0,0,0,0,0,0,0,240,16905,0,0,0,0
21432.662,16433,60,0,0,0,0,0,8,500,5,45,0,0,0,0,0,0,0,0,0,0,0,0,0,0,0,0,0,0,0,0,0,0,231,17361,0,0,0,0
21449.259,16596,60,0,0,0,0,0,8,496,5,45,0,0,0,0,0,0,0,0,0,0,0,0,0,0,0,0,0,0,0,0,0,0,223,15543,0,0,0,0
21466.123,16864,59,0,0,0,0,0,8,532,5,45,0,0,0,0,0,0,0,0,0,0,0,0,0,0,0,0,0,0,0,0,0,0,228,16646,0,0,0,0
21482.856,16732,59,0,0,0,0,0,8,466,5,45,0,0,0,0,0,0,0,0,0,0,0,0,0,0,0,0,0,0,0,0,0,0,246,17345,0,0,0,0
21499.546,16690,59,0,0,0,0,0,8,532,5,45,0,0,0,0,0,0,0,0,0,0,0,0,0,0,0,0,0,0,0,0,0,0,223,16232,0,0,0,0
21516.230,16683,59,0,0,0,0,0,8,478,5,45,0,0,0,0,0,0,0,0,0,0,0,0,0,0,0,0,0,0,0,0,0,0,238,16758,0,0,0,0
21532.607,16376,61,0,0,0,0,0,8,478,5,45,0,0,0,0,0,0,0,0,0,0,0,0,0,0,0,0,0,0,0,0,0,0,221,16692,0,0,0,0
21550.097,17490,57,0,0,0,0,0,8,529,5,45,0,0,0,0,0,0,0,0,0,0,0,0,0,0,0,0,0,0,0,0,0,0,237,16370,0,0,0,0
21566.330,16233,61,0,0,0,0,0,8,523,5,45,0,0,0,0,0,0,0,0,0,0,0,0,0,0,0,0,0,0,0,0,0,0,209,17450,0,0,0,0
21582.792,16462,60,0,0,0,0,0,8,467,5,45,0,0,0,0,0,0,0,0,0,0,0,0,0,0,0,0,0,0,0,0,0,0,216,16206,0,0,0,0
21599.607,16814,59,0,0,0,0,0,8,494,5,45,0,0,0,0,0,0,0,0,0,0,0,0,0,0,0,0,0,0,0,0,0,0,226,16468,0,0,0,0
21616.227,16619,60,0,0,0,0,0,8,493,5,45,0,0,0,0,0,0,0,0,0,0,0,0,0,0,0,0,0,0,0,0,0,0,227,16889,0,0,0,0
21632.610,16382,61,0,0,0,0,0,8,489,5,45,0,0,0,0,0,0,0,0,0,0,0,0,0,0,0,0,0,0,0,0,0,0,221,17388,0,0,0,0
21649.749,17139,58,0,0,0,0,0,8,531,5,45,0,0,0,0,0,0,0,0,0,0,0,0,0,0,0,0,0,0,0,0,0,0,217,15502,0,0,0,0
21665.657,15908,62,0,0,0,0,0,8,523,5,45,0,0,0,0,0,0,0,0,0,0,0,0,0,0,0,0,0,0,0,0,0,0,239,17204,0,0,0,0
21683.094,17437,57,0,0,0,0,0,8,437,5,45,0,0,0,0,0,0,0,0,0,0,0,0,0,0,0,0,0,0,0,0,0,0,232,15960,0,0,0,0
21699.153,16058,62,0,0,0,0,0,8,530,5,45,0,0,0,0,0,0,0,0,0,0,0,0,0,0,0,0,0,0,0,0,0,0,219,17362,0,0,0,0
21717.108,17955,55,0,0,0,0,0,8,531,5,45,0,0,0,0,0,0,0,0,0,0,0,0,0,0,0,0,0,0,0,0,0,0,217,15992,0,0,0,0
21732.488,15380,65,0,0,0,0,0,8,459,5,45,0,0,0,0,0,0,0,0,0,0,0,0,0,0,0,0,0,0,0,0,0,0,237,18064,0,0,0,0
21749.612,17123,58,0,0,0,0,0,8,529,5,45,0,0,0,0,0,0,0,0,0,0,0,0,0,0,0,0,0,0,0,0,0,0,211,15336,0,0,0,0
21766.236,16624,60,0,0,0,0,0,8,493,5,45,0,0,0,0,0,0,0,0,0,0,0,0,0,0,0,0,0,0,0,0,0,0,243,17193,0,0,0,0
21782.892,16656,60,0,0,0,0,0,8,465,5,45,0,0,0,0,0,0,0,0,0,0,0,0,0,0,0,0,0,0,0,0,0,0,236,16598,0,0,0,0
21799.611,16718,59,0,0,0,0,0,8,530,5,45,0,0,0,0,0,0,0,0,0,0,0,0,0,0,0,0,0,0,0,0,0,0,225,16646,0,0,0,0
21816.122,16511,60,0,0,0,0,0,8,485,5,45,0,0,0,0,0,0,0,0,0,0,0,0,0,0,0,0,0,0,0,0,0,0,243,16711,0,0,0,0
21832.691,16568,60,0,0,0,0,0,8,506,5,45,0,0,0,0,0,0,0,0,0,0,0,0,0,0,0,0,0,0,0,0,0,0,231,16580,0,0,0,0
21849.606,16914,59,0,0,0,0,0,8,492,5,45,0,0,0,0,0,0,0,0,0,0,0,0,0,0,0,0,0,0,0,0,0,0,218,16478,0,0,0,0
21866.358,16752,59,0,0,0,0,0,8,525,5,45,0,0,0,0,0,0,0,0,0,0,0,0,0,0,0,0,0,0,0,0,0,0,223,16963,0,0,0,0
21883.147,16788,59,0,0,0,0,0,8,464,5,45,0,0,0,0,0,0,0,0,0,0,0,0,0,0,0,0,0,0,0,0,0,0,233,16944,0,0,0,0
21899.168,16021,62,0,0,0,0,0,8,522,5,45,0,0,0,0,0,0,0,0,0,0,0,0,0,0,0,0,0,0,0,0,0,0,243,16626,0,0,0,0
21916.093,16925,59,0,0,0,0,0,8,501,5,45,0,0,0,0,0,0,0,0,0,0,0,0,0,0,0,0,0,0,0,0,0,0,208,15885,0,0,0,0
21932.868,16774,59,0,0,0,0,0,8,462,5,45,0,0,0,0,0,0,0,0,0,0,0,0,0,0,0,0,0,0,0,0,0,0,234,17015,0,0,0,0
21949.667,16798,59,0,0,0,0,0,8,2737,5,45,0,0,0,0,0,0,0,0,0,0,0,0,0,0,0,0,0,0,0,0,0,0,522,26359,0,0,0,0
21966.240,16573,60,0,0,0,0,0,8,2379,5,45,0,0,0,0,0,0,0,0,0,0,0,0,0,0,0,0,0,0,0,0,0,0,244,17256,0,0,0,0
21984.094,17853,56,0,0,0,0,0,8,837,5,45,0,0,0,0,0,0,0,0,0,0,0,0,0,0,0,0,0,0,0,0,0,0,178,7260,0,0,0,0
21999.740,15646,63,0,0,0,0,0,8,3123,5,45,0,0,0,0,0,0,0,0,0,0,0,0,0,0,0,0,0,0,0,0,0,0,244,21376,0,0,0,0
22016.227,16487,60,0,0,0,0,0,8,619,5,45,0,0,0,0,0,0,0,0,0,0,0,0,0,0,0,0,0,0,0,0,0,0,197,11470,0,0,0,0
22032.595,16367,61,0,0,0,0,0,8,635,5,45,0,0,0,0,0,0,0,0,0,0,0,0,0,0,0,0,0,0,0,0,0,0,256,16660,0,0,0,0
22049.676,17081,58,0,0,0,0,0,8,738,5,45,0,0,0,0,0,0,0,0,0,0,0,0,0,0,0,0,0,0,0,0,0,0,237,16672,0,0,0,0
22066.223,16546,60,0,0,0,0,0,8,800,5,45,0,0,0,0,0,0,0,0,0,0,0,0,0,0,0,0,0,0,0,0,0,0,1544,17886,0,0,0,0
22082.596,16373,61,0,0,0,0,0,8,645,5,45,0,0,0,0,0,0,0,0,0,0,0,0,0,0,0,0,0,0,0,0,0,0,220,15661,0,0,0,0
22099.614,17018,58,0,0,0,0,0,8,648,5,45,0,0,0,0,0,0,0,0,0,0,0,0,0,0,0,0,0,0,0,0,0,0,226,16146,0,0,0,0
22116.119,16504,60,0,0,0,0,0,8,593,5,45,0,0,0,0,0,0,0,0,0,0,0,0,0,0,0,0,0,0,0,0,0,0,232,16765,0,0,0,0
22132.875,16755,59,0,0,0,0,0,8,604,5,45,0,0,0,0,0,0,0,0,0,0,0,0,0,0,0,0,0,0,0,0,0,0,220,16630,0,0,0,0
22149.679,16804,59,0,0,0,0,0,8,633,5,45,0,0,0,0,0,0,0,0,0,0,0,0,0,0,0,0,0,0,0,0,0,0,246,16717,0,0,0,0
22166.090,16410,60,0,0,0,0,0,8,576,5,45,0,0,0,0,0,0,0,0,0,0,0,0,0,0,0,0,0,0,0,0,0,0,247,16808,0,0,0,0
22182.915,16824,59,0,0,0,0,0,8,631,5,45,0,0,0,0,0,0,0,0,0,0,0,0,0,0,0,0,0,0,0,0,0,0,258,16467,0,0,0,0
22200.105,17189,58,0,0,0,0,0,8,658,5,45,0,0,0,0,0,0,0,0,0,0,0,0,0,0,0,0,0,0,0,0,0,0,237,16926,0,0,0,0
22216.219,16114,62,0,0,0,0,0,8,658,5,45,0,0,0,0,0,0,0,0,0,0,0,0,0,0,0,0,0,0,0,0,0,0,240,17074,0,0,0,0
22232.684,16465,60,0,0,0,0,0,8,579,5,45,0,0,0,0,0,0,0,0,0,0,0,0,0,0,0,0,0,0,0,0,0,0,241,16151,0,0,0,0
22249.305,16620,60,0,0,0,0,0,8,619,5,45,0,0,0,0,0,0,0,0,0,0,0,0,0,0,0,0,0,0,0,0,0,0,245,16393,0,0,0,0
22266.223,16918,59,0,0,0,0,0,8,605,5,45,0,0,0,0,0,0,0,0,0,0,0,0,0,0,0,0,0,0,0,0,0,0,243,16688,0,0,0,0
22282.606,16382,61,0,0,0,0,0,8,611,5,45,0,0,0,0,0,0,0,0,0,0,0,0,0,0,0,0,0,0,0,0,0,0,244,17685,0,0,0,0
22299.740,17134,58,0,0,0,0,0,8,643,5,45,0,0,0,0,0,0,0,0,0,0,0,0,0,0,0,0,0,0,0,0,0,0,222,15554,0,0,0,0
22317.098,17357,57,0,0,0,0,0,8,611,5,45,0,0,0,0,0,0,0,0,0,0,0,0,0,0,0,0,0,0,0,0,0,0,241,17150,0,0,0,0
22332.699,15600,64,0,0,0,0,0,8,567,5,45,0,0,0,0,0,0,0,0,0,0,0,0,0,0,0,0,0,0,0,0,0,0,235,17362,0,0,0,0
22350.112,17413,57,0,0,0,0,0,8,642,5,45,0,0,0,0,0,0,0,0,0,0,0,0,0,0,0,0,0,0,0,0,0,0,203,15423,0,0,0,0
22367.082,16970,58,0,0,0,0,0,8,1310,5,45,0,0,0,0,0,0,0,0,0,0,0,0,0,0,0,0,0,0,0,0,0,0,261,18870,0,0,0,0
22382.774,15692,63,0,0,0,0,0,8,589,5,45,0,0,0,0,0,0,0,0,0,0,0,0,0,0,0,0,0,0,0,0,0,0,236,15719,0,0,0,0
22399.607,16833,59,0,0,0,0,0,8,619,5,45,0,0,0,0,0,0,0,0,0,0,0,0,0,0,0,0,0,0,0,0,0,0,232,15621,0,0,0,0
22417.082,17474,57,0,0,0,0,0,8,655,5,45,0,0,0,0,0,0,0,0,0,0,0,0,0,0,0,0,0,0,0,0,0,0,239,16852,0,0,0,0
22432.596,15514,64,0,0,0,0,0,8,579,5,45,0,0,0,0,0,0,0,0,0,0,0,0,0,0,0,0,0,0,0,0,0,0,226,17493,0,0,0,0
22449.743,17146,58,0,0,0,0,0,8,652,5,45,0,0,0,0,0,0,0,0,0,0,0,0,0,0,0,0,0,0,0,0,0,0,212,15459,0,0,0,0
22466.325,16583,60,0,0,0,0,0,8,657,5,45,0,0,0,0,0,0,0,0,0,0,0,0,0,0,0,0,0,0,0,0,0,0,219,17161,0,0,0,0
22482.879,16553,60,0,0,0,0,0,8,556,5,45,0,0,0,0,0,0,0,0,0,0,0,0,0,0,0,0,0,0,0,0,0,0,235,16838,0,0,0,0
22499.725,16845,59,0,0,0,0,0,8,651,5,45,0,0,0,0,0,0,0,0,0,0,0,0,0,0,0,0,0,0,0,0,0,0,219,16281,0,0,0,0
22516.597,16872,59,0,0,0,0,0,8,654,5,45,0,0,0,0,0,0,0,0,0,0,0,0,0,0,0,0,0,0,0,0,0,0,220,16786,0,0,0,0
22532.596,15998,62,0,0,0,0,0,8,588,5,45,0,0,0,0,0,0,0,0,0,0,0,0,0,0,0,0,0,0,0,0,0,0,238,16963,0,0,0,0
22549.667,17071,58,0,0,0,0,0,8,651,5,45,0,0,0,0,0,0,0,0,0,0,0,0,0,0,0,0,0,0,0,0,0,0,235,16065,0,0,0,0
22566.139,16471,60,0,0,0,0,0,8,615,5,45,0,0,0,0,0,0,0,0,0,0,0,0,0,0,0,0,0,0,0,0,0,0,233,17014,0,0,0,0
22582.687,16548,60,0,0,0,0,0,8,584,5,45,0,0,0,0,0,0,0,0,0,0,0,0,0,0,0,0,0,0,0,0,0,0,233,16899,0,0,0,0
22599.305,16617,60,0,0,0,0,0,8,655,5,45,0,0,0,0,0,0,0,0,0,0,0,0,0,0,0,0,0,0,0,0,0,0,217,16080,0,0,0,0
22617.094,17789,56,0,0,0,0,0,8,2796,5,45,0,0,0,0,0,0,0,0,0,0,0,0,0,0,0,0,0,0,0,0,0,0,240,18859,0,0,0,0
22632.599,15504,64,0,0,0,0,0,8,597,5,45,0,0,0,0,0,0,0,0,0,0,0,0,0,0,0,0,0,0,0,0,0,0,222,15670,0,0,0,0
22649.660,17060,58,0,0,0,0,0,8,633,5,45,0,0,0,0,0,0,0,0,0,0,0,0,0,0,0,0,0,0,0,0,0,0,219,15329,0,0,0,0
22667.087,17427,57,0,0,0,0,0,8,667,5,45,0,0,0,0,0,0,0,0,0,0,0,0,0,0,0,0,0,0,0,0,0,0,226,17140,0,0,0,0
22682.754,15666,63,0,0,0,0,0,8,592,5,45,0,0,0,0,0,0,0,0,0,0,0,0,0,0,0,0,0,0,0,0,0,0,241,17431,0,0,0,0
22699.734,16980,58,0,0,0,0,0,8,666,5,45,0,0,0,0,0,0,0,0,0,0,0,0,0,0,0,0,0,0,0,0,0,0,220,15527,0,0,0,0
22716.219,16484,60,0,0,0,0,0,8,616,5,45,0,0,0,0,0,0,0,0,0,0,0,0,0,0,0,0,0,0,0,0,0,0,249,17363,0,0,0,0
22732.896,16677,59,0,0,0,0,0,8,612,5,45,0,0,0,0,0,0,0,0,0,0,0,0,0,0,0,0,0,0,0,0,0,0,238,16282,0,0,0,0
22749.667,16770,59,0,0,0,0,0,8,666,5,45,0,0,0,0,0,0,0,0,0,0,0,0,0,0,0,0,0,0,0,0,0,0,242,16719,0,0,0,0
22766.080,16413,60,0,0,0,0,0,8,634,5,45,0,0,0,0,0,0,0,0,0,0,0,0,0,0,0,0,0,0,0,0,0,0,235,16684,0,0,0,0
22782.597,16516,60,0,0,0,0,0,8,624,5,45,0,0,0,0,0,0,0,0,0,0,0,0,0,0,0,0,0,0,0,0,0,0,227,16515,0,0,0,0
22799.806,17208,58,0,0,0,0,0,8,635,5,45,0,0,0,0,0,0,0,0,0,0,0,0,0,0,0,0,0,0,0,0,0,0,227,16432,0,0,0,0
22816.223,16417,60,0,0,0,0,0,8,627,5,45,0,0,0,0,0,0,0,0,0,0,0,0,0,0,0,0,0,0,0,0,0,0,226,17119,0,0,0,0
22833.082,16858,59,0,0,0,0,0,8,637,5,45,0,0,0,0,0,0,0,0,0,0,0,0,0,0,0,0,0,0,0,0,0,0,233,17318,0,0,0,0
22850.086,17003,58,0,0,0,0,0,8,663,5,45,0,0,0,0,0,0,0,0,0,0,0,0,0,0,0,0,0,0,0,0,0,0,226,16507,0,0,0,0
22867.083,16997,58,0,0,0,0,0,8,666,5,45,0,0,0,0,0,0,0,0,0,0,0,0,0,0,0,0,0,0,0,0,0,0,243,16572,0,0,0,0
22882.724,15641,63,0,0,0,0,0,8,556,5,45,0,0,0,0,0,0,0,0,0,0,0,0,0,0,0,0,0,0,0,0,0,0,243,17059,0,0,0,0
22899.803,17079,58,0,0,0,0,0,8,668,5,45,0,0,0,0,0,0,0,0,0,0,0,0,0,0,0,0,0,0,0,0,0,0,234,15555,0,0,0,0
22917.078,17274,57,0,0,0,0,0,8,667,5,45,0,0,0,0,0,0,0,0,0,0,0,0,0,0,0,0,0,0,0,0,0,0,236,17030,0,0,0,0
22933.082,16004,62,0,0,0,0,0,8,598,5,45,0,0,0,0,0,0,0,0,0,0,0,0,0,0,0,0,0,0,0,0,0,0,242,17407,0,0,0,0
22950.114,17032,58,0,0,0,0,0,8,662,5,45,0,0,0,0,0,0,0,0,0,0,0,0,0,0,0,0,0,0,0,0,0,0,227,16364,0,0,0,0
22965.871,15756,63,0,0,0,0,0,8,591,5,45,0,0,0,0,0,0,0,0,0,0,0,0,0,0,0,0,0,0,0,0,0,0,225,16451,0,0,0,0
22983.086,17215,58,0,0,0,0,0,8,645,5,45,0,0,0,0,0,0,0,0,0,0,0,0,0,0,0,0,0,0,0,0,0,0,217,16042,0,0,0,0
22999.278,16191,61,0,0,0,0,0,8,658,5,45,0,0,0,0,0,0,0,0,0,0,0,0,0,0,0,0,0,0,0,0,0,0,230,17518,0,0,0,0
23016.593,17315,57,0,0,0,0,0,8,667,5,45,0,0,0,0,0,0,0,0,0,0,0,0,0,0,0,0,0,0,0,0,0,0,209,15979,0,0,0,0
23032.768,16174,61,0,0,0,0,0,8,595,5,45,0,0,0,0,0,0,0,0,0,0,0,0,0,0,0,0,0,0,0,0,0,0,242,17166,0,0,0,0
23049.160,16392,61,0,0,0,0,0,8,632,5,45,0,0,0,0,0,0,0,0,0,0,0,0,0,0,0,0,0,0,0,0,0,0,219,16227,0,0,0,0
23065.982,16821,59,0,0,0,0,0,8,664,5,45,0,0,0,0,0,0,0,0,0,0,0,0,0,0,0,0,0,0,0,0,0,0,207,16215,0,0,0,0
23082.930,16947,59,0,0,0,0,0,8,600,5,45,0,0,0,0,0,0,0,0,0,0,0,0,0,0,0,0,0,0,0,0,0,0,243,16901,0,0,0,0
23099.596,16656,60,0,0,0,0,0,8,668,5,45,0,0,0,0,0,0,0,0,0,0,0,0,0,0,0,0,0,0,0,0,0,0,254,16880,0,0,0,0
23116.226,16639,60,0,0,0,0,0,8,620,5,45,0,0,0,0,0,0,0,0,0,0,0,0,0,0,0,0,0,0,0,0,0,0,219,16675,0,0,0,0
23132.588,16362,61,0,0,0,0,0,8,607,5,45,0,0,0,0,0,0,0,0,0,0,0,0,0,0,0,0,0,0,0,0,0,0,224,17427,0,0,0,0
23149.624,17035,58,0,0,0,0,0,8,669,5,45,0,0,0,0,0,0,0,0,0,0,0,0,0,0,0,0,0,0,0,0,0,0,239,15501,0,0,0,0
23166.077,16452,60,0,0,0,0,0,8,641,5,45,0,0,0,0,0,0,0,0,0,0,0,0,0,0,0,0,0,0,0,0,0,0,242,17151,0,0,0,0
23182.945,16867,59,0,0,0,0,0,8,622,5,45,0,0,0,0,0,0,0,0,0,0,0,0,0,0,0,0,0,0,0,0,0,0,228,16483,0,0,0,0
23199.661,16716,59,0,0,0,0,0,8,628,5,45,0,0,0,0,0,0,0,0,0,0,0,0,0,0,0,0,0,0,0,0,0,0,225,16829,0,0,0,0
23216.213,16551,60,0,0,0,0,0,8,630,5,45,0,0,0,0,0,0,0,0,0,0,0,0,0,0,0,0,0,0,0,0,0,0,217,16564,0,0,0,0
23232.706,16492,60,0,0,0,0,0,8,624,5,45,0,0,0,0,0,0,0,0,0,0,0,0,0,0,0,0,0,0,0,0,0,0,227,17495,0,0,0,0
23249.297,16590,60,0,0,0,0,0,8,662,5,45,0,0,0,0,0,0,0,0,0,0,0,0,0,0,0,0,0,0,0,0,0,0,215,15617,0,0,0,0
23266.213,16916,59,0,0,0,0,0,8,627,5,45,0,0,0,0,0,0,0,0,0,0,0,0,0,0,0,0,0,0,0,0,0,0,238,16667,0,0,0,0
23282.587,16374,61,0,0,0,0,0,8,604,5,45,0,0,0,0,0,0,0,0,0,0,0,0,0,0,0,0,0,0,0,0,0,0,235,17703,0,0,0,0
23299.654,17066,58,0,0,0,0,0,8,669,5,45,0,0,0,0,0,0,0,0,0,0,0,0,0,0,0,0,0,0,0,0,0,0,241,15592,0,0,0,0
23317.074,17420,57,0,0,0,0,0,8,668,5,45,0,0,0,0,0,0,0,0,0,0,0,0,0,0,0,0,0,0,0,0,0,0,225,17017,0,0,0,0
23332.862,15787,63,0,0,0,0,0,8,592,5,45,0,0,0,0,0,0,0,0,0,0,0,0,0,0,0,0,0,0,0,0,0,0,258,17508,0,0,0,0
23349.617,16754,59,0,0,0,0,0,8,666,5,45,0,0,0,0,0,0,0,0,0,0,0,0,0,0,0,0,0,0,0,0,0,0,252,15938,0,0,0,0
23366.215,16598,60,0,0,0,0,0,8,590,5,45,0,0,0,0,0,0,0,0,0,0,0,0,0,0,0,0,0,0,0,0,0,0,237,16552,0,0,0,0
23382.925,16709,59,0,0,0,0,0,8,638,5,45,0,0,0,0,0,0,0,0,0,0,0,0,0,0,0,0,0,0,0,0,0,0,220,17394,0,0,0,0
23399.318,16393,60,0,0,0,0,0,8,664,5,45,0,0,0,0,0,0,0,0,0,0,0,0,0,0,0,0,0,0,0,0,0,0,247,15998,0,0,0,0
23415.867,16549,60,0,0,0,0,0,8,667,5,45,0,0,0,0,0,0,0,0,0,0,0,0,0,0,0,0,0,0,0,0,0,0,222,16267,0,0,0,0
23433.084,17216,58,0,0,0,0,0,8,599,5,45,0,0,0,0,0,0,0,0,0,0,0,0,0,0,0,0,0,0,0,0,0,0,243,16731,0,0,0,0
23449.648,16564,60,0,0,0,0,0,8,631,5,45,0,0,0,0,0,0,0,0,0,0,0,0,0,0,0,0,0,0,0,0,0,0,256,18021,0,0,0,0
23466.213,16565,60,0,0,0,0,0,8,635,5,45,0,0,0,0,0,0,0,0,0,0,0,0,0,0,0,0,0,0,0,0,0,0,220,15578,0,0,0,0
23484.083,17869,55,0,0,0,0,0,8,629,5,45,0,0,0,0,0,0,0,0,0,0,0,0,0,0,0,0,0,0,0,0,0,0,242,17402,0,0,0,0
23499.335,15252,65,0,0,0,0,0,8,659,5,45,0,0,0,0,0,0,0,0,0,0,0,0,0,0,0,0,0,0,0,0,0,0,230,16910,0,0,0,0
23516.218,16882,59,0,0,0,0,0,8,611,5,45,0,0,0,0,0,0,0,0,0,0,0,0,0,0,0,0,0,0,0,0,0,0,213,15255,0,0,0,0
23533.073,16854,59,0,0,0,0,0,8,619,5,45,0,0,0,0,0,0,0,0,0,0,0,0,0,0,0,0,0,0,0,0,0,0,243,17057,0,0,0,0
23549.701,16628,60,0,0,0,0,0,8,663,5,45,0,0,0,0,0,0,0,0,0,0,0,0,0,0,0,0,0,0,0,0,0,0,234,17760,0,0,0,0
23566.072,16370,61,0,0,0,0,0,8,642,5,45,0,0,0,0,0,0,0,0,0,0,0,0,0,0,0,0,0,0,0,0,0,0,229,15578,0,0,0,0
23582.584,16512,60,0,0,0,0,0,8,627,5,45,0,0,0,0,0,0,0,0,0,0,0,0,0,0,0,0,0,0,0,0,0,0,218,16466,0,0,0,0
23599.596,17012,58,0,0,0,0,0,8,627,5,45,0,0,0,0,0,0,0,0,0,0,0,0,0,0,0,0,0,0,0,0,0,0,242,16524,0,0,0,0
23616.216,16620,60,0,0,0,0,0,8,626,5,45,0,0,0,0,0,0,0,0,0,0,0,0,0,0,0,0,0,0,0,0,0,0,217,17004,0,0,0,0
23632.654,16437,60,0,0,0,0,0,8,631,5,45,0,0,0,0,0,0,0,0,0,0,0,0,0,0,0,0,0,0,0,0,0,0,246,17465,0,0,0,0
23649.084,16429,60,0,0,0,0,0,8,664,5,45,0,0,0,0,0,0,0,0,0,0,0,0,0,0,0,0,0,0,0,0,0,0,230,15580,0,0,0,0
23666.211,17127,58,0,0,0,0,0,8,630,5,45,0,0,0,0,0,0,0,0,0,0,0,0,0,0,0,0,0,0,0,0,0,0,203,15383,0,0,0,0
23682.912,16701,59,0,0,0,0,0,8,597,5,45,0,0,0,0,0,0,0,0,0,0,0,0,0,0,0,0,0,0,0,0,0,0,242,18196,0,0,0,0
23700.087,17174,58,0,0,0,0,0,8,663,5,45,0,0,0,0,0,0,0,0,0,0,0,0,0,0,0,0,0,0,0,0,0,0,212,16541,0,0,0,0
23716.210,16123,62,0,0,0,0,0,8,628,5,45,0,0,0,0,0,0,0,0,0,0,0,0,0,0,0,0,0,0,0,0,0,0,215,17262,0,0,0,0
23732.734,16524,60,0,0,0,0,0,8,633,5,45,0,0,0,0,0,0,0,0,0,0,0,0,0,0,0,0,0,0,0,0,0,0,236,17010,0,0,0,0
23749.745,17010,58,0,0,0,0,0,8,666,5,45,0,0,0,0,0,0,0,0,0,0,0,0,0,0,0,0,0,0,0,0,0,0,221,15699,0,0,0,0
23766.210,16465,60,0,0,0,0,0,8,632,5,45,0,0,0,0,0,0,0,0,0,0,0,0,0,0,0,0,0,0,0,0,0,0,243,17010,0,0,0,0
23782.245,16034,62,0,0,0,0,0,8,599,5,45,0,0,0,0,0,0,0,0,0,0,0,0,0,0,0,0,0,0,0,0,0,0,227,16443,0,0,0,0
23799.619,17373,57,0,0,0,0,0,8,665,5,45,0,0,0,0,0,0,0,0,0,0,0,0,0,0,0,0,0,0,0,0,0,0,232,16081,0,0,0,0
23816.207,16587,60,0,0,0,0,0,8,667,5,45,0,0,0,0,0,0,0,0,0,0,0,0,0,0,0,0,0,0,0,0,0,0,227,17344,0,0,0,0
23832.722,16514,60,0,0,0,0,0,8,596,5,45,0,0,0,0,0,0,0,0,0,0,0,0,0,0,0,0,0,0,0,0,0,0,227,16604,0,0,0,0
23849.581,16859,59,0,0,0,0,0,8,630,5,45,0,0,0,0,0,0,0,0,0,0,0,0,0,0,0,0,0,0,0,0,0,0,237,16503,0,0,0,0
23866.220,16639,60,0,0,0,0,0,8,648,5,45,0,0,0,0,0,0,0,0,0,0,0,0,0,0,0,0,0,0,0,0,0,0,228,16891,0,0,0,0
23882.229,16008,62,0,0,0,0,0,8,620,5,45,0,0,0,0,0,0,0,0,0,0,0,0,0,0,0,0,0,0,0,0,0,0,233,17408,0,0,0,0
23899.502,17273,57,0,0,0,0,0,8,662,5,45,0,0,0,0,0,0,0,0,0,0,0,0,0,0,0,0,0,0,0,0,0,0,208,15099,0,0,0,0
23916.207,16704,59,0,0,0,0,0,8,618,5,45,0,0,0,0,0,0,0,0,0,0,0,0,0,0,0,0,0,0,0,0,0,0,234,17389,0,0,0,0
23932.485,16277,61,0,0,0,0,0,8,613,5,45,0,0,0,0,0,0,0,0,0,0,0,0,0,0,0,0,0,0,0,0,0,0,246,17586,0,0,0,0
23949.618,17133,58,0,0,0,0,0,8,663,5,45,0,0,0,0,0,0,0,0,0,0,0,0,0,0,0,0,0,0,0,0,0,0,212,15374,0,0,0,0
23966.065,16446,60,0,0,0,0,0,8,630,5,45,0,0,0,0,0,0,0,0,0,0,0,0,0,0,0,0,0,0,0,0,0,0,249,17089,0,0,0,0
23983.067,17002,58,0,0,0,0,0,8,637,5,45,0,0,0,0,0,0,0,0,0,0,0,0,0,0,0,0,0,0,0,0,0,0,232,16612,0,0,0,0
23999.273,16205,61,0,0,0,0,0,8,624,5,45,0,0,0,0,0,0,0,0,0,0,0,0,0,0,0,0,0,0,0,0,0,0,238,16854,0,0,0,0
24015.869,16596,60,0,0,0,0,0,8,632,5,45,0,0,0,0,0,0,0,0,0,0,0,0,0,0,0,0,0,0,0,0,0,0,217,16133,0,0,0,0
24032.581,16712,59,0,0,0,0,0,8,633,5,45,0,0,0,0,0,0,0,0,0,0,0,0,0,0,0,0,0,0,0,0,0,0,241,16767,0,0,0,0
24049.597,17016,58,0,0,0,0,0,8,667,5,45,0,0,0,0,0,0,0,0,0,0,0,0,0,0,0,0,0,0,0,0,0,0,239,16659,0,0,0,0
24066.595,16998,58,0,0,0,0,0,8,663,5,45,0,0,0,0,0,0,0,0,0,0,0,0,0,0,0,0,0,0,0,0,0,0,215,17015,0,0,0,0
24082.762,16166,61,0,0,0,0,0,8,564,5,45,0,0,0,0,0,0,0,0,0,0,0,0,0,0,0,0,0,0,0,0,0,0,231,17071,0,0,0,0
24099.424,16662,60,0,0,0,0,0,8,663,5,45,0,0,0,0,0,0,0,0,0,0,0,0,0,0,0,0,0,0,0,0,0,0,223,16040,0,0,0,0
24116.203,16779,59,0,0,0,0,0,8,631,5,45,0,0,0,0,0,0,0,0,0,0,0,0,0,0,0,0,0,0,0,0,0,0,229,16717,0,0,0,0
24132.742,16538,60,0,0,0,0,0,8,632,5,45,0,0,0,0,0,0,0,0,0,0,0,0,0,0,0,0,0,0,0,0,0,0,230,17593,0,0,0,0
24149.582,16840,59,0,0,0,0,0,8,667,5,45,0,0,0,0,0,0,0,0,0,0,0,0,0,0,0,0,0,0,0,0,0,0,208,15652,0,0,0,0
24165.596,16014,62,0,0,0,0,0,8,584,5,45,0,0,0,0,0,0,0,0,0,0,0,0,0,0,0,0,0,0,0,0,0,0,235,16949,0,0,0,0
24182.584,16987,58,0,0,0,0,0,8,642,5,45,0,0,0,0,0,0,0,0,0,0,0,0,0,0,0,0,0,0,0,0,0,0,211,16030,0,0,0,0
24199.709,17124,58,0,0,0,0,0,8,667,5,45,0,0,0,0,0,0,0,0,0,0,0,0,0,0,0,0,0,0,0,0,0,0,250,17389,0,0,0,0
24216.068,16358,61,0,0,0,0,0,8,663,5,45,0,0,0,0,0,0,0,0,0,0,0,0,0,0,0,0,0,0,0,0,0,0,232,16971,0,0,0,0
24232.583,16514,60,0,0,0,0,0,8,594,5,45,0,0,0,0,0,0,0,0,0,0,0,0,0,0,0,0,0,0,0,0,0,0,219,16057,0,0,0,0
24250.079,17496,57,0,0,0,0,0,8,636,5,45,0,0,0,0,0,0,0,0,0,0,0,0,0,0,0,0,0,0,0,0,0,0,241,16542,0,0,0,0
24266.078,15998,62,0,0,0,0,0,8,663,5,45,0,0,0,0,0,0,0,0,0,0,0,0,0,0,0,0,0,0,0,0,0,0,227,17435,0,0,0,0
24284.066,17988,55,0,0,0,0,0,8,595,5,45,0,0,0,0,0,0,0,0,0,0,0,0,0,0,0,0,0,0,0,0,0,0,223,15977,0,0,0,0
24299.306,15240,65,0,0,0,0,0,8,658,5,45,0,0,0,0,0,0,0,0,0,0,0,0,0,0,0,0,0,0,0,0,0,0,219,18000,0,0,0,0
24316.211,16904,59,0,0,0,0,0,8,614,5,45,0,0,0,0,0,0,0,0,0,0,0,0,0,0,0,0,0,0,0,0,0,0,213,15234,0,0,0,0
24332.589,16378,61,0,0,0,0,0,8,611,5,45,0,0,0,0,0,0,0,0,0,0,0,0,0,0,0,0,0,0,0,0,0,0,235,17762,0,0,0,0
24350.082,17493,57,0,0,0,0,0,8,664,5,45,0,0,0,0,0,0,0,0,0,0,0,0,0,0,0,0,0,0,0,0,0,0,217,15423,0,0,0,0
24366.121,16039,62,0,0,0,0,0,8,621,5,45,0,0,0,0,0,0,0,0,0,0,0,0,0,0,0,0,0,0,0,0,0,0,249,17662,0,0,0,0
24382.584,16462,60,0,0,0,0,0,8,640,5,45,0,0,0,0,0,0,0,0,0,0,0,0,0,0,0,0,0,0,0,0,0,0,212,16004,0,0,0,0
24399.157,16573,60,0,0,0,0,0,8,631,5,45,0,0,0,0,0,0,0,0,0,0,0,0,0,0,0,0,0,0,0,0,0,0,238,16492,0,0,0,0
24416.289,17131,58,0,0,0,0,0,8,620,5,45,0,0,0,0,0,0,0,0,0,0,0,0,0,0,0,0,0,0,0,0,0,0,240,16572,0,0,0,0
24433.202,16913,59,0,0,0,0,0,8,639,5,45,0,0,0,0,0,0,0,0,0,0,0,0,0,0,0,0,0,0,0,0,0,0,224,17827,0,0,0,0
24450.053,16843,59,0,0,0,0,0,8,659,5,45,0,0,0,0,0,0,0,0,0,0,0,0,0,0,0,0,0,0,0,0,0,0,244,17036,0,0,0,0
24466.205,16159,61,0,0,0,0,0,8,626,5,45,0,0,0,0,0,0,0,0,0,0,0,0,0,0,0,0,0,0,0,0,0,0,221,15949,0,0,0,0
24482.686,16480,60,0,0,0,0,0,8,593,5,45,0,0,0,0,0,0,0,0,0,0,0,0,0,0,0,0,0,0,0,0,0,0,244,17043,0,0,0,0
24499.578,16892,59,0,0,0,0,0,8,664,5,45,0,0,0,0,0,0,0,0,0,0,0,0,0,0,0,0,0,0,0,0,0,0,217,15571,0,0,0,0
24516.128,16549,60,0,0,0,0,0,8,666,5,45,0,0,0,0,0,0,0,0,0,0,0,0,0,0,0,0,0,0,0,0,0,0,209,16841,0,0,0,0
24532.234,16105,62,0,0,0,0,0,8,601,5,45,0,0,0,0,0,0,0,0,0,0,0,0,0,0,0,0,0,0,0,0,0,0,225,17061,0,0,0,0
24549.649,17415,57,0,0,0,0,0,8,666,5,45,0,0,0,0,0,0,0,0,0,0,0,0,0,0,0,0,0,0,0,0,0,0,234,15728,0,0,0,0
24567.095,17446,57,0,0,0,0,0,8,636,5,45,0,0,0,0,0,0,0,0,0,0,0,0,0,0,0,0,0,0,0,0,0,0,229,17445,0,0,0,0
24582.791,15695,63,0,0,0,0,0,8,592,5,45,0,0,0,0,0,0,0,0,0,0,0,0,0,0,0,0,0,0,0,0,0,0,244,17347,0,0,0,0
24599.305,16514,60,0,0,0,0,0,8,665,5,45,0,0,0,0,0,0,0,0,0,0,0,0,0,0,0,0,0,0,0,0,0,0,230,15990,0,0,0,0
24615.903,16597,60,0,0,0,0,0,8,633,5,45,0,0,0,0,0,0,0,0,0,0,0,0,0,0,0,0,0,0,0,0,0,0,229,16291,0,0,0,0
24633.064,17160,58,0,0,0,0,0,8,636,5,45,0,0,0,0,0,0,0,0,0,0,0,0,0,0,0,0,0,0,0,0,0,0,240,16700,0,0,0,0
24650.068,17004,58,0,0,0,0,0,8,628,5,45,0,0,0,0,0,0,0,0,0,0,0,0,0,0,0,0,0,0,0,0,0,0,237,17137,0,0,0,0
24665.529,15460,64,0,0,0,0,0,8,637,5,45,0,0,0,0,0,0,0,0,0,0,0,0,0,0,0,0,0,0,0,0,0,0,225,16901,0,0,0,0
24682.858,17328,57,0,0,0,0,0,8,625,5,45,0,0,0,0,0,0,0,0,0,0,0,0,0,0,0,0,0,0,0,0,0,0,242,15959,0,0,0,0
24699.758,16900,59,0,0,0,0,0,8,667,5,45,0,0,0,0,0,0,0,0,0,0,0,0,0,0,0,0,0,0,0,0,0,0,226,16828,0,0,0,0
24716.198,16439,60,0,0,0,0,0,8,613,5,45,0,0,0,0,0,0,0,0,0,0,0,0,0,0,0,0,0,0,0,0,0,0,222,16903,0,0,0,0
24732.882,16684,59,0,0,0,0,0,8,615,5,45,0,0,0,0,0,0,0,0,0,0,0,0,0,0,0,0,0,0,0,0,0,0,228,16465,0,0,0,0
24749.096,16214,61,0,0,0,0,0,8,665,5,45,0,0,0,0,0,0,0,0,0,0,0,0,0,0,0,0,0,0,0,0,0,0,252,16689,0,0,0,0
24766.196,17099,58,0,0,0,0,0,8,631,5,45,0,0,0,0,0,0,0,0,0,0,0,0,0,0,0,0,0,0,0,0,0,0,235,16175,0,0,0,0
24782.123,15927,62,0,0,0,0,0,8,631,5,45,0,0,0,0,0,0,0,0,0,0,0,0,0,0,0,0,0,0,0,0,0,0,233,17973,0,0,0,0
24799.695,17572,56,0,0,0,0,0,8,628,5,45,0,0,0,0,0,0,0,0,0,0,0,0,0,0,0,0,0,0,0,0,0,0,223,15024,0,0,0,0
24816.582,16886,59,0,0,0,0,0,8,663,5,45,0,0,0,0,0,0,0,0,0,0,0,0,0,0,0,0,0,0,0,0,0,0,213,17528,0,0,0,0
24833.025,16443,60,0,0,0,0,0,8,600,5,45,0,0,0,0,0,0,0,0,0,0,0,0,0,0,0,0,0,0,0,0,0,0,217,17054,0,0,0,0
24849.406,16381,61,0,0,0,0,0,8,663,5,45,0,0,0,0,0,0,0,0,0,0,0,0,0,0,0,0,0,0,0,0,0,0,226,16290,0,0,0,0
24866.278,16871,59,0,0,0,0,0,8,661,5,45,0,0,0,0,0,0,0,0,0,0,0,0,0,0,0,0,0,0,0,0,0,0,222,16371,0,0,0,0
24882.750,16472,60,0,0,0,0,0,8,569,5,45,0,0,0,0,0,0,0,0,0,0,0,0,0,0,0,0,0,0,0,0,0,0,222,16988,0,0,0,0
24899.589,16838,59,0,0,0,0,0,8,663,5,45,0,0,0,0,0,0,0,0,0,0,0,0,0,0,0,0,0,0,0,0,0,0,236,16403,0,0,0,0
24916.197,16608,60,0,0,0,0,0,8,667,5,45,0,0,0,0,0,0,0,0,0,0,0,0,0,0,0,0,0,0,0,0,0,0,210,16837,0,0,0,0
24933.586,17388,57,0,0,0,0,0,8,597,5,45,0,0,0,0,0,0,0,0,0,0,0,0,0,0,0,0,0,0,0,0,0,0,221,16669,0,0,0,0
24949.570,15984,62,0,0,0,0,0,8,663,5,45,0,0,0,0,0,0,0,0,0,0,0,0,0,0,0,0,0,0,0,0,0,0,251,17415,0,0,0,0
24966.123,16553,60,0,0,0,0,0,8,632,5,45,0,0,0,0,0,0,0,0,0,0,0,0,0,0,0,0,0,0,0,0,0,0,277,16061,0,0,0,0
24982.247,16124,62,0,0,0,0,0,8,598,5,45,0,0,0,0,0,0,0,0,0,0,0,0,0,0,0,0,0,0,0,0,0,0,241,16842,0,0,0,0
24999.284,17037,58,0,0,0,0,0,8,659,5,45,0,0,0,0,0,0,0,0,0,0,0,0,0,0,0,0,0,0,0,0,0,0,205,15582,0,0,0,0
25016.202,16917,59,0,0,0,0,0,8,633,5,45,0,0,0,0,0,0,0,0,0,0,0,0,0,0,0,0,0,0,0,0,0,0,243,17224,0,0,0,0
25033.023,16821,59,0,0,0,0,0,8,630,5,45,0,0,0,0,0,0,0,0,0,0,0,0,0,0,0,0,0,0,0,0,0,0,234,17682,0,0,0,0
25049.578,16554,60,0,0,0,0,0,8,631,5,45,0,0,0,0,0,0,0,0,0,0,0,0,0,0,0,0,0,0,0,0,0,0,227,15967,0,0,0,0
25066.198,16620,60,0,0,0,0,0,8,623,5,45,0,0,0,0,0,0,0,0,0,0,0,0,0,0,0,0,0,0,0,0,0,0,234,16602,0,0,0,0
25083.066,16867,59,0,0,0,0,0,8,634,5,45,0,0,0,0,0,0,0,0,0,0,0,0,0,0,0,0,0,0,0,0,0,0,242,17443,0,0,0,0
25099.256,16190,61,0,0,0,0,0,8,663,5,45,0,0,0,0,0,0,0,0,0,0,0,0,0,0,0,0,0,0,0,0,0,0,235,15986,0,0,0,0
25116.066,16809,59,0,0,0,0,0,8,626,5,45,0,0,0,0,0,0,0,0,0,0,0,0,0,0,0,0,0,0,0,0,0,0,237,16244,0,0,0,0
25132.730,16663,60,0,0,0,0,0,8,602,5,45,0,0,0,0,0,0,0,0,0,0,0,0,0,0,0,0,0,0,0,0,0,0,235,16867,0,0,0,0
25149.276,16546,60,0,0,0,0,0,8,663,5,45,0,0,0,0,0,0,0,0,0,0,0,0,0,0,0,0,0,0,0,0,0,0,232,16542,0,0,0,0
25167.067,17790,56,0,0,0,0,0,8,668,5,45,0,0,0,0,0,0,0,0,0,0,0,0,0,0,0,0,0,0,0,0,0,0,231,16598,0,0,0,0
25182.235,15168,65,0,0,0,0,0,8,593,5,45,0,0,0,0,0,0,0,0,0,0,0,0,0,0,0,0,0,0,0,0,0,0,240,17830,0,0,0,0
25199.578,17342,57,0,0,0,0,0,8,635,5,45,0,0,0,0,0,0,0,0,0,0,0,0,0,0,0,0,0,0,0,0,0,0,200,15165,0,0,0,0
25215.578,16000,62,0,0,0,0,0,8,620,5,45,0,0,0,0,0,0,0,0,0,0,0,0,0,0,0,0,0,0,0,0,0,0,218,17176,0,0,0,0
25232.567,16988,58,0,0,0,0,0,8,637,5,45,0,0,0,0,0,0,0,0,0,0,0,0,0,0,0,0,0,0,0,0,0,0,219,16211,0,0,0,0
25249.571,17003,58,0,0,0,0,0,8,667,5,45,0,0,0,0,0,0,0,0,0,0,0,0,0,0,0,0,0,0,0,0,0,0,236,17011,0,0,0,0
25266.204,16633,60,0,0,0,0,0,8,640,5,45,0,0,0,0,0,0,0,0,0,0,0,0,0,0,0,0,0,0,0,0,0,0,224,16916,0,0,0,0
25282.723,16519,60,0,0,0,0,0,8,590,5,45,0,0,0,0,0,0,0,0,0,0,0,0,0,0,0,0,0,0,0,0,0,0,243,17415,0,0,0,0
25299.571,16848,59,0,0,0,0,0,8,664,5,45,0,0,0,0,0,0,0,0,0,0,0,0,0,0,0,0,0,0,0,0,0,0,231,16037,0,0,0,0
25316.195,16623,60,0,0,0,0,0,8,624,5,45,0,0,0,0,0,0,0,0,0,0,0,0,0,0,0,0,0,0,0,0,0,0,237,16552,0,0,0,0
25332.690,16495,60,0,0,0,0,0,8,630,5,45,0,0,0,0,0,0,0,0,0,0,0,0,0,0,0,0,0,0,0,0,0,0,220,17476,0,0,0,0
25349.435,16744,59,0,0,0,0,0,8,667,5,45,0,0,0,0,0,0,0,0,0,0,0,0,0,0,0,0,0,0,0,0,0,0,235,15652,0,0,0,0
25366.053,16618,60,0,0,0,0,0,8,595,5,45,0,0,0,0,0,0,0,0,0,0,0,0,0,0,0,0,0,0,0,0,0,0,254,16705,0,0,0,0
25382.579,16526,60,0,0,0,0,0,8,639,5,45,0,0,0,0,0,0,0,0,0,0,0,0,0,0,0,0,0,0,0,0,0,0,232,16576,0,0,0,0
25399.700,17120,58,0,0,0,0,0,8,669,5,45,0,0,0,0,0,0,0,0,0,0,0,0,0,0,0,0,0,0,0,0,0,0,202,16541,0,0,0,0
25415.598,15897,62,0,0,0,0,0,8,637,5,45,0,0,0,0,0,0,0,0,0,0,0,0,0,0,0,0,0,0,0,0,0,0,229,17142,0,0,0,0
25432.660,17062,58,0,0,0,0,0,8,624,5,45,0,0,0,0,0,0,0,0,0,0,0,0,0,0,0,0,0,0,0,0,0,0,228,16307,0,0,0,0
25449.642,16982,58,0,0,0,0,0,8,633,5,45,0,0,0,0,0,0,0,0,0,0,0,0,0,0,0,0,0,0,0,0,0,0,238,16640,0,0,0,0
25467.058,17415,57,0,0,0,0,0,8,667,5,45,0,0,0,0,0,0,0,0,0,0,0,0,0,0,0,0,0,0,0,0,0,0,241,17000,0,0,0,0
25482.641,15583,64,0,0,0,0,0,8,589,5,45,0,0,0,0,0,0,0,0,0,0,0,0,0,0,0,0,0,0,0,0,0,0,234,17437,0,0,0,0
25500.064,17423,57,0,0,0,0,0,8,661,5,45,0,0,0,0,0,0,0,0,0,0,0,0,0,0,0,0,0,0,0,0,0,0,208,15561,0,0,0,0
25516.193,16128,62,0,0,0,0,0,8,611,5,45,0,0,0,0,0,0,0,0,0,0,0,0,0,0,0,0,0,0,0,0,0,0,211,17517,0,0,0,0
25532.724,16531,60,0,0,0,0,0,8,618,5,45,0,0,0,0,0,0,0,0,0,0,0,0,0,0,0,0,0,0,0,0,0,0,224,16859,0,0,0,0
25549.570,16845,59,0,0,0,0,0,8,667,5,45,0,0,0,0,0,0,0,0,0,0,0,0,0,0,0,0,0,0,0,0,0,0,210,15690,0,0,0,0
25566.140,16570,60,0,0,0,0,0,8,659,5,45,0,0,0,0,0,0,0,0,0,0,0,0,0,0,0,0,0,0,0,0,0,0,229,16901,0,0,0,0
25582.244,16104,62,0,0,0,0,0,8,600,5,45,0,0,0,0,0,0,0,0,0,0,0,0,0,0,0,0,0,0,0,0,0,0,226,16947,0,0,0,0
25599.299,17055,58,0,0,0,0,0,8,631,5,45,0,0,0,0,0,0,0,0,0,0,0,0,0,0,0,0,0,0,0,0,0,0,213,15693,0,0,0,0
25616.054,16755,59,0,0,0,0,0,8,634,5,45,0,0,0,0,0,0,0,0,0,0,0,0,0,0,0,0,0,0,0,0,0,0,246,17075,0,0,0,0
25632.907,16853,59,0,0,0,0,0,8,632,5,45,0,0,0,0,0,0,0,0,0,0,0,0,0,0,0,0,0,0,0,0,0,0,243,16833,0,0,0,0
25649.125,16218,61,0,0,0,0,0,8,661,5,45,0,0,0,0,0,0,0,0,0,0,0,0,0,0,0,0,0,0,0,0,0,0,254,16732,0,0,0,0
25667.059,17933,55,0,0,0,0,0,8,667,5,45,0,0,0,0,0,0,0,0,0,0,0,0,0,0,0,0,0,0,0,0,0,0,240,16219,0,0,0,0
25682.725,15666,63,0,0,0,0,0,8,562,5,45,0,0,0,0,0,0,0,0,0,0,0,0,0,0,0,0,0,0,0,0,0,0,246,17958,0,0,0,0
25699.139,16414,60,0,0,0,0,0,8,663,5,45,0,0,0,0,0,0,0,0,0,0,0,0,0,0,0,0,0,0,0,0,0,0,212,15753,0,0,0,0
25717.055,17916,55,0,0,0,0,0,8,665,5,45,0,0,0,0,0,0,0,0,0,0,0,0,0,0,0,0,0,0,0,0,0,0,215,16227,0,0,0,0
25732.781,15725,63,0,0,0,0,0,8,594,5,45,0,0,0,0,0,0,0,0,0,0,0,0,0,0,0,0,0,0,0,0,0,0,240,18044,0,0,0,0
25749.427,16646,60,0,0,0,0,0,8,667,5,45,0,0,0,0,0,0,0,0,0,0,0,0,0,0,0,0,0,0,0,0,0,0,216,15526,0,0,0,0
25765.563,16135,61,0,0,0,0,0,8,587,5,45,0,0,0,0,0,0,0,0,0,0,0,0,0,0,0,0,0,0,0,0,0,0,244,16808,0,0,0,0
25782.731,17167,58,0,0,0,0,0,8,641,5,45,0,0,0,0,0,0,0,0,0,0,0,0,0,0,0,0,0,0,0,0,0,0,242,16237,0,0,0,0
25799.100,16369,61,0,0,0,0,0,8,670,5,45,0,0,0,0,0,0,0,0,0,0,0,0,0,0,0,0,0,0,0,0,0,0,241,17053,0,0,0,0
25816.114,17014,58,0,0,0,0,0,8,660,5,45,0,0,0,0,0,0,0,0,0,0,0,0,0,0,0,0,0,0,0,0,0,0,231,16392,0,0,0,0
25832.233,16119,62,0,0,0,0,0,8,597,5,45,0,0,0,0,0,0,0,0,0,0,0,0,0,0,0,0,0,0,0,0,0,0,233,17413,0,0,0,0
25849.627,17394,57,0,0,0,0,0,8,632,5,45,0,0,0,0,0,0,0,0,0,0,0,0,0,0,0,0,0,0,0,0,0,0,213,15674,0,0,0,0
25866.569,16941,59,0,0,0,0,0,8,663,5,45,0,0,0,0,0,0,0,0,0,0,0,0,0,0,0,0,0,0,0,0,0,0,244,17479,0,0,0,0
25882.353,15783,63,0,0,0,0,0,8,601,5,45,0,0,0,0,0,0,0,0,0,0,0,0,0,0,0,0,0,0,0,0,0,0,243,16987,0,0,0,0
25899.061,16709,59,0,0,0,0,0,8,659,5,45,0,0,0,0,0,0,0,0,0,0,0,0,0,0,0,0,0,0,0,0,0,0,231,15703,0,0,0,0
25916.110,17048,58,0,0,0,0,0,8,628,5,45,0,0,0,0,0,0,0,0,0,0,0,0,0,0,0,0,0,0,0,0,0,0,220,16670,0,0,0,0
25932.106,15995,62,0,0,0,0,0,8,597,5,45,0,0,0,0,0,0,0,0,0,0,0,0,0,0,0,0,0,0,0,0,0,0,233,17479,0,0,0,0
25950.075,17968,55,0,0,0,0,0,8,825,5,45,0,0,0,0,0,0,0,0,0,0,0,0,0,0,0,0,0,0,0,0,0,0,212,15969,0,0,0,0
25966.689,16614,60,0,0,0,0,0,8,1007,5,45,0,0,0,0,0,0,0,0,0,0,0,0,0,0,0,0,0,0,0,0,0,0,229,18986,0,0,0,0
25982.568,15878,62,0,0,0,0,0,8,624,5,45,0,0,0,0,0,0,0,0,0,0,0,0,0,0,0,0,0,0,0,0,0,0,228,15631,0,0,0,0
26000.053,17485,57,0,0,0,0,0,8,728,5,45,0,0,0,0,0,0,0,0,0,0,0,0,0,0,0,0,0,0,0,0,0,0,222,16082,0,0,0,0
26016.190,16137,61,0,0,0,0,0,8,725,5,45,0,0,0,0,0,0,0,0,0,0,0,0,0,0,0,0,0,0,0,0,0,0,221,17219,0,0,0,0
26032.647,16456,60,0,0,0,0,0,8,619,5,45,0,0,0,0,0,0,0,0,0,0,0,0,0,0,0,0,0,0,0,0,0,0,229,16577,0,0,0,0
26049.276,16629,60,0,0,0,0,0,8,652,5,45,0,0,0,0,0,0,0,0,0,0,0,0,0,0,0,0,0,0,0,0,0,0,221,15621,0,0,0,0
26065.738,16461,60,0,0,0,0,0,8,649,5,45,0,0,0,0,0,0,0,0,0,0,0,0,0,0,0,0,0,0,0,0,0,0,236,16631,0,0,0,0
26082.719,16981,58,0,0,0,0,0,8,543,5,45,0,0,0,0,0,0,0,0,0,0,0,0,0,0,0,0,0,0,0,0,0,0,221,16740,0,0,0,0
26099.600,16880,59,0,0,0,0,0,8,648,5,45,0,0,0,0,0,0,0,0,0,0,0,0,0,0,0,0,0,0,0,0,0,0,232,16704,0,0,0,0
26116.188,16588,60,0,0,0,0,0,8,609,5,45,0,0,0,0,0,0,0,0,0,0,0,0,0,0,0,0,0,0,0,0,0,0,222,16795,0,0,0,0
26132.836,16647,60,0,0,0,0,0,8,615,5,45,0,0,0,0,0,0,0,0,0,0,0,0,0,0,0,0,0,0,0,0,0,0,218,17004,0,0,0,0
26149.589,16753,59,0,0,0,0,0,8,652,5,45,0,0,0,0,0,0,0,0,0,0,0,0,0,0,0,0,0,0,0,0,0,0,256,16354,0,0,0,0
26166.021,16432,60,0,0,0,0,0,8,619,5,45,0,0,0,0,0,0,0,0,0,0,0,0,0,0,0,0,0,0,0,0,0,0,222,16692,0,0,0,0
26182.761,16739,59,0,0,0,0,0,8,578,5,45,0,0,0,0,0,0,0,0,0,0,0,0,0,0,0,0,0,0,0,0,0,0,216,16433,0,0,0,0
26199.393,16632,60,0,0,0,0,0,8,648,5,45,0,0,0,0,0,0,0,0,0,0,0,0,0,0,0,0,0,0,0,0,0,0,231,16750,0,0,0,0
26216.049,16655,60,0,0,0,0,0,8,652,5,45,0,0,0,0,0,0,0,0,0,0,0,0,0,0,0,0,0,0,0,0,0,0,225,16786,0,0,0,0
26232.604,16555,60,0,0,0,0,0,8,573,5,45,0,0,0,0,0,0,0,0,0,0,0,0,0,0,0,0,0,0,0,0,0,0,224,16553,0,0,0,0
26249.560,16955,58,0,0,0,0,0,8,616,5,45,0,0,0,0,0,0,0,0,0,0,0,0,0,0,0,0,0,0,0,0,0,0,221,16495,0,0,0,0
26266.087,16527,60,0,0,0,0,0,8,655,5,45,0,0,0,0,0,0,0,0,0,0,0,0,0,0,0,0,0,0,0,0,0,0,220,16998,0,0,0,0
26282.803,16716,59,0,0,0,0,0,8,582,5,45,0,0,0,0,0,0,0,0,0,0,0,0,0,0,0,0,0,0,0,0,0,0,234,16967,0,0,0,0
26299.567,16753,59,0,0,0,0,0,8,653,5,45,0,0,0,0,0,0,0,0,0,0,0,0,0,0,0,0,0,0,0,0,0,0,238,16241,0,0,0,0
26316.189,16631,60,0,0,0,0,0,8,592,5,45,0,0,0,0,0,0,0,0,0,0,0,0,0,0,0,0,0,0,0,0,0,0,216,16780,0,0,0,0
26332.656,16467,60,0,0,0,0,0,8,596,5,45,0,0,0,0,0,0,0,0,0,0,0,0,0,0,0,0,0,0,0,0,0,0,247,17567,0,0,0,0
26349.576,16920,59,0,0,0,0,0,8,654,5,45,0,0,0,0,0,0,0,0,0,0,0,0,0,0,0,0,0,0,0,0,0,0,259,15612,0,0,0,0
26366.188,16611,60,0,0,0,0,0,8,602,5,45,0,0,0,0,0,0,0,0,0,0,0,0,0,0,0,0,0,0,0,0,0,0,240,16885,0,0,0,0
26382.563,16375,61,0,0,0,0,0,8,621,5,45,0,0,0,0,0,0,0,0,0,0,0,0,0,0,0,0,0,0,0,0,0,0,218,17356,0,0,0,0
26400.063,17499,57,0,0,0,0,0,8,621,5,45,0,0,0,0,0,0,0,0,0,0,0,0,0,0,0,0,0,0,0,0,0,0,231,15602,0,0,0,0
26416.192,16128,62,0,0,0,0,0,8,610,5,45,0,0,0,0,0,0,0,0,0,0,0,0,0,0,0,0,0,0,0,0,0,0,231,17466,0,0,0,0
26432.707,16515,60,0,0,0,0,0,8,612,5,45,0,0,0,0,0,0,0,0,0,0,0,0,0,0,0,0,0,0,0,0,0,0,224,16944,0,0,0,0
26449.565,16857,59,0,0,0,0,0,8,650,5,45,0,0,0,0,0,0,0,0,0,0,0,0,0,0,0,0,0,0,0,0,0,0,220,15699,0,0,0,0
26467.057,17491,57,0,0,0,0,0,8,649,5,45,0,0,0,0,0,0,0,0,0,0,0,0,0,0,0,0,0,0,0,0,0,0,238,16902,0,0,0,0
26482.823,15766,63,0,0,0,0,0,8,539,5,45,0,0,0,0,0,0,0,0,0,0,0,0,0,0,0,0,0,0,0,0,0,0,235,17489,0,0,0,0
26500.066,17229,58,0,0,0,0,0,8,648,5,45,0,0,0,0,0,0,0,0,0,0,0,0,0,0,0,0,0,0,0,0,0,0,207,15610,0,0,0,0
26516.341,16289,61,0,0,0,0,0,8,644,5,45,0,0,0,0,0,0,0,0,0,0,0,0,0,0,0,0,0,0,0,0,0,0,232,17388,0,0,0,0
26532.784,16442,60,0,0,0,0,0,8,592,5,45,0,0,0,0,0,0,0,0,0,0,0,0,0,0,0,0,0,0,0,0,0,0,221,16191,0,0,0,0
26549.558,16774,59,0,0,0,0,0,8,660,5,45,0,0,0,0,0,0,0,0,0,0,0,0,0,0,0,0,0,0,0,0,0,0,216,16485,0,0,0,0
26566.251,16692,59,0,0,0,0,0,8,621,5,45,0,0,0,0,0,0,0,0,0,0,0,0,0,0,0,0,0,0,0,0,0,0,251,17306,0,0,0,0
26582.592,16341,61,0,0,0,0,0,8,589,5,45,0,0,0,0,0,0,0,0,0,0,0,0,0,0,0,0,0,0,0,0,0,0,217,16448,0,0,0,0
26599.561,16969,58,0,0,0,0,0,8,660,5,45,0,0,0,0,0,0,0,0,0,0,0,0,0,0,0,0,0,0,0,0,0,0,222,16103,0,0,0,0
26616.198,16637,60,0,0,0,0,0,8,661,5,45,0,0,0,0,0,0,0,0,0,0,0,0,0,0,0,0,0,0,0,0,0,0,232,16976,0,0,0,0
26632.905,16706,59,0,0,0,0,0,8,595,5,45,0,0,0,0,0,0,0,0,0,0,0,0,0,0,0,0,0,0,0,0,0,0,226,16937,0,0,0,0
26649.614,16709,59,0,0,0,0,0,8,626,5,45,0,0,0,0,0,0,0,0,0,0,0,0,0,0,0,0,0,0,0,0,0,0,232,16478,0,0,0,0
26666.182,16567,60,0,0,0,0,0,8,660,5,45,0,0,0,0,0,0,0,0,0,0,0,0,0,0,0,0,0,0,0,0,0,0,222,16560,0,0,0,0
26682.709,16526,60,0,0,0,0,0,8,594,5,45,0,0,0,0,0,0,0,0,0,0,0,0,0,0,0,0,0,0,0,0,0,0,226,16590,0,0,0,0
26699.271,16562,60,0,0,0,0,0,8,666,5,45,0,0,0,0,0,0,0,0,0,0,0,0,0,0,0,0,0,0,0,0,0,0,212,16542,0,0,0,0
26716.052,16781,59,0,0,0,0,0,8,611,5,45,0,0,0,0,0,0,0,0,0,0,0,0,0,0,0,0,0,0,0,0,0,0,243,16595,0,0,0,0
26733.053,17000,58,0,0,0,0,0,8,599,5,45,0,0,0,0,0,0,0,0,0,0,0,0,0,0,0,0,0,0,0,0,0,0,229,16762,0,0,0,0
26750.051,16998,58,0,0,0,0,0,8,653,5,45,0,0,0,0,0,0,0,0,0,0,0,0,0,0,0,0,0,0,0,0,0,0,239,16944,0,0,0,0
26766.049,15998,62,0,0,0,0,0,8,617,5,45,0,0,0,0,0,0,0,0,0,0,0,0,0,0,0,0,0,0,0,0,0,0,233,17066,0,0,0,0
26782.553,16503,60,0,0,0,0,0,8,638,5,45,0,0,0,0,0,0,0,0,0,0,0,0,0,0,0,0,0,0,0,0,0,0,212,16040,0,0,0,0
26799.908,17355,57,0,0,0,0,0,8,630,5,45,0,0,0,0,0,0,0,0,0,0,0,0,0,0,0,0,0,0,0,0,0,0,235,16454,0,0,0,0
26816.179,16270,61,0,0,0,0,0,8,615,5,45,0,0,0,0,0,0,0,0,0,0,0,0,0,0,0,0,0,0,0,0,0,0,221,17324,0,0,0,0
26832.661,16481,60,0,0,0,0,0,8,629,5,45,0,0,0,0,0,0,0,0,0,0,0,0,0,0,0,0,0,0,0,0,0,0,230,17112,0,0,0,0
26849.627,16965,58,0,0,0,0,0,8,665,5,45,0,0,0,0,0,0,0,0,0,0,0,0,0,0,0,0,0,0,0,0,0,0,213,15614,0,0,0,0
26865.572,15946,62,0,0,0,0,0,8,626,5,45,0,0,0,0,0,0,0,0,0,0,0,0,0,0,0,0,0,0,0,0,0,0,246,17042,0,0,0,0
26882.554,16981,58,0,0,0,0,0,8,589,5,45,0,0,0,0,0,0,0,0,0,0,0,0,0,0,0,0,0,0,0,0,0,0,226,16346,0,0,0,0
26899.309,16754,59,0,0,0,0,0,8,663,5,45,0,0,0,0,0,0,0,0,0,0,0,0,0,0,0,0,0,0,0,0,0,0,230,16558,0,0,0,0
26916.181,16871,59,0,0,0,0,0,8,617,5,45,0,0,0,0,0,0,0,0,0,0,0,0,0,0,0,0,0,0,0,0,0,0,244,16776,0,0,0,0
26932.570,16389,61,0,0,0,0,0,8,628,5,45,0,0,0,0,0,0,0,0,0,0,0,0,0,0,0,0,0,0,0,0,0,0,224,17649,0,0,0,0
26949.554,16983,58,0,0,0,0,0,8,655,5,45,0,0,0,0,0,0,0,0,0,0,0,0,0,0,0,0,0,0,0,0,0,0,214,15570,0,0,0,0
26966.188,16634,60,0,0,0,0,0,8,631,5,45,0,0,0,0,0,0,0,0,0,0,0,0,0,0,0,0,0,0,0,0,0,0,257,17078,0,0,0,0
26982.739,16550,60,0,0,0,0,0,8,596,5,45,0,0,0,0,0,0,0,0,0,0,0,0,0,0,0,0,0,0,0,0,0,0,238,16581,0,0,0,0
27000.062,17323,57,0,0,0,0,0,8,664,5,45,0,0,0,0,0,0,0,0,0,0,0,0,0,0,0,0,0,0,0,0,0,0,239,16802,0,0,0,0
27016.047,15985,62,0,0,0,0,0,8,625,5,45,0,0,0,0,0,0,0,0,0,0,0,0,0,0,0,0,0,0,0,0,0,0,235,17046,0,0,0,0
27032.774,16727,59,0,0,0,0,0,8,625,5,45,0,0,0,0,0,0,0,0,0,0,0,0,0,0,0,0,0,0,0,0,0,0,216,16053,0,0,0,0
27049.592,16817,59,0,0,0,0,0,8,623,5,45,0,0,0,0,0,0,0,0,0,0,0,0,0,0,0,0,0,0,0,0,0,0,223,16626,0,0,0,0
27066.578,16986,58,0,0,0,0,0,8,665,5,45,0,0,0,0,0,0,0,0,0,0,0,0,0,0,0,0,0,0,0,0,0,0,226,16814,0,0,0,0
27082.848,16270,61,0,0,0,0,0,8,594,5,45,0,0,0,0,0,0,0,0,0,0,0,0,0,0,0,0,0,0,0,0,0,0,233,17092,0,0,0,0
27099.633,16784,59,0,0,0,0,0,8,662,5,45,0,0,0,0,0,0,0,0,0,0,0,0,0,0,0,0,0,0,0,0,0,0,229,16161,0,0,0,0
27116.076,16442,60,0,0,0,0,0,8,604,5,45,0,0,0,0,0,0,0,0,0,0,0,0,0,0,0,0,0,0,0,0,0,0,232,16807,0,0,0,0
27132.408,16331,61,0,0,0,0,0,8,615,5,45,0,0,0,0,0,0,0,0,0,0,0,0,0,0,0,0,0,0,0,0,0,0,224,16516,0,0,0,0
27150.057,17649,56,0,0,0,0,0,8,665,5,45,0,0,0,0,0,0,0,0,0,0,0,0,0,0,0,0,0,0,0,0,0,0,235,16234,0,0,0,0
27166.144,16087,62,0,0,0,0,0,8,628,5,45,0,0,0,0,0,0,0,0,0,0,0,0,0,0,0,0,0,0,0,0,0,0,235,17725,0,0,0,0
27183.181,17037,58,0,0,0,0,0,8,616,5,45,0,0,0,0,0,0,0,0,0,0,0,0,0,0,0,0,0,0,0,0,0,0,220,16367,0,0,0,0
27199.431,16249,61,0,0,0,0,0,8,623,5,45,0,0,0,0,0,0,0,0,0,0,0,0,0,0,0,0,0,0,0,0,0,0,241,17573,0,0,0,0
27217.037,17606,56,0,0,0,0,0,8,667,5,45,0,0,0,0,0,0,0,0,0,0,0,0,0,0,0,0,0,0,0,0,0,0,235,15402,0,0,0,0
27232.835,15797,63,0,0,0,0,0,8,586,5,45,0,0,0,0,0,0,0,0,0,0,0,0,0,0,0,0,0,0,0,0,0,0,239,17638,0,0,0,0
27249.560,16725,59,0,0,0,0,0,8,663,5,45,0,0,0,0,0,0,0,0,0,0,0,0,0,0,0,0,0,0,0,0,0,0,224,15713,0,0,0,0
27266.049,16488,60,0,0,0,0,0,8,636,5,45,0,0,0,0,0,0,0,0,0,0,0,0,0,0,0,0,0,0,0,0,0,0,213,16769,0,0,0,0
27282.692,16643,60,0,0,0,0,0,8,583,5,45,0,0,0,0,0,0,0,0,0,0,0,0,0,0,0,0,0,0,0,0,0,0,232,16562,0,0,0,0
27299.544,16852,59,0,0,0,0,0,8,656,5,45,0,0,0,0,0,0,0,0,0,0,0,0,0,0,0,0,0,0,0,0,0,0,224,16549,0,0,0,0
27316.177,16632,60,0,0,0,0,0,8,626,5,45,0,0,0,0,0,0,0,0,0,0,0,0,0,0,0,0,0,0,0,0,0,0,230,16878,0,0,0,0
27333.033,16855,59,0,0,0,0,0,8,623,5,45,0,0,0,0,0,0,0,0,0,0,0,0,0,0,0,0,0,0,0,0,0,0,229,17446,0,0,0,0
27350.038,17004,58,0,0,0,0,0,8,663,5,45,0,0,0,0,0,0,0,0,0,0,0,0,0,0,0,0,0,0,0,0,0,0,218,16003,0,0,0,0
27367.047,17009,58,0,0,0,0,0,8,623,5,45,0,0,0,0,0,0,0,0,0,0,0,0,0,0,0,0,0,0,0,0,0,0,253,17103,0,0,0,0
27382.215,15167,65,0,0,0,0,0,8,589,5,45,0,0,0,0,0,0,0,0,0,0,0,0,0,0,0,0,0,0,0,0,0,0,237,16963,0,0,0,0
27399.548,17333,57,0,0,0,0,0,8,659,5,45,0,0,0,0,0,0,0,0,0,0,0,0,0,0,0,0,0,0,0,0,0,0,230,15180,0,0,0,0
27416.178,16629,60,0,0,0,0,0,8,620,5,45,0,0,0,0,0,0,0,0,0,0,0,0,0,0,0,0,0,0,0,0,0,0,232,17320,0,0,0,0
27432.564,16386,61,0,0,0,0,0,8,627,5,45,0,0,0,0,0,0,0,0,0,0,0,0,0,0,0,0,0,0,0,0,0,0,222,17405,0,0,0,0
27449.047,16482,60,0,0,0,0,0,8,790,5,45,0,0,0,0,0,0,0,0,0,0,0,0,0,0,0,0,0,0,0,0,0,0,222,16027,0,0,0,0
27467.042,17995,55,0,0,0,0,0,8,1048,5,45,0,0,0,0,0,0,0,0,0,0,0,0,0,0,0,0,0,0,0,0,0,0,223,17436,0,0,0,0
27482.549,15506,64,0,0,0,0,0,8,606,5,45,0,0,0,0,0,0,0,0,0,0,0,0,0,0,0,0,0,0,0,0,0,0,219,16670,0,0,0,0
27499.234,16685,59,0,0,0,0,0,8,761,5,45,0,0,0,0,0,0,0,0,0,0,0,0,0,0,0,0,0,0,0,0,0,0,221,15639,0,0,0,0
27516.176,16942,59,0,0,0,0,0,8,717,5,45,0,0,0,0,0,0,0,0,0,0,0,0,0,0,0,0,0,0,0,0,0,0,233,16886,0,0,0,0
27532.846,16669,59,0,0,0,0,0,8,609,5,45,0,0,0,0,0,0,0,0,0,0,0,0,0,0,0,0,0,0,0,0,0,0,219,16550,0,0,0,0
27549.549,16703,59,0,0,0,0,0,8,659,5,45,0,0,0,0,0,0,0,0,0,0,0,0,0,0,0,0,0,0,0,0,0,0,231,16630,0,0,0,0
27566.172,16623,60,0,0,0,0,0,8,616,5,45,0,0,0,0,0,0,0,0,0,0,0,0,0,0,0,0,0,0,0,0,0,0,238,16717,0,0,0,0
27583.037,16865,59,0,0,0,0,0,8,619,5,45,0,0,0,0,0,0,0,0,0,0,0,0,0,0,0,0,0,0,0,0,0,0,248,17595,0,0,0,0
27599.538,16500,60,0,0,0,0,0,8,625,5,45,0,0,0,0,0,0,0,0,0,0,0,0,0,0,0,0,0,0,0,0,0,0,227,16405,0,0,0,0
27616.117,16578,60,0,0,0,0,0,8,655,5,45,0,0,0,0,0,0,0,0,0,0,0,0,0,0,0,0,0,0,0,0,0,0,213,15888,0,0,0,0
27632.939,16821,59,0,0,0,0,0,8,588,5,45,0,0,0,0,0,0,0,0,0,0,0,0,0,0,0,0,0,0,0,0,0,0,220,17082,0,0,0,0
27649.721,16782,59,0,0,0,0,0,8,651,5,45,0,0,0,0,0,0,0,0,0,0,0,0,0,0,0,0,0,0,0,0,0,0,226,16769,0,0,0,0
27666.170,16448,60,0,0,0,0,0,8,614,5,45,0,0,0,0,0,0,0,0,0,0,0,0,0,0,0,0,0,0,0,0,0,0,229,16417,0,0,0,0
27682.722,16552,60,0,0,0,0,0,8,593,5,45,0,0,0,0,0,0,0,0,0,0,0,0,0,0,0,0,0,0,0,0,0,0,226,17305,0,0,0,0
27699.230,16507,60,0,0,0,0,0,8,670,5,45,0,0,0,0,0,0,0,0,0,0,0,0,0,0,0,0,0,0,0,0,0,0,204,15696,0,0,0,0
27717.044,17814,56,0,0,0,0,0,8,675,5,45,0,0,0,0,0,0,0,0,0,0,0,0,0,0,0,0,0,0,0,0,0,0,232,16516,0,0,0,0
27732.694,15649,63,0,0,0,0,0,8,591,5,45,0,0,0,0,0,0,0,0,0,0,0,0,0,0,0,0,0,0,0,0,0,0,232,17863,0,0,0,0
27749.327,16633,60,0,0,0,0,0,8,667,5,45,0,0,0,0,0,0,0,0,0,0,0,0,0,0,0,0,0,0,0,0,0,0,219,15486,0,0,0,0
27767.054,17726,56,0,0,0,0,0,8,639,5,45,0,0,0,0,0,0,0,0,0,0,0,0,0,0,0,0,0,0,0,0,0,0,234,16765,0,0,0,0
27782.758,15704,63,0,0,0,0,0,8,595,5,45,0,0,0,0,0,0,0,0,0,0,0,0,0,0,0,0,0,0,0,0,0,0,257,17803,0,0,0,0
27799.603,16845,59,0,0,0,0,0,8,670,5,45,0,0,0,0,0,0,0,0,0,0,0,0,0,0,0,0,0,0,0,0,0,0,227,15690,0,0,0,0
27815.451,15848,63,0,0,0,0,0,8,640,5,45,0,0,0,0,0,0,0,0,0,0,0,0,0,0,0,0,0,0,0,0,0,0,227,16797,0,0,0,0
27832.645,17193,58,0,0,0,0,0,8,626,5,45,0,0,0,0,0,0,0,0,0,0,0,0,0,0,0,0,0,0,0,0,0,0,234,16389,0,0,0,0
27849.622,16976,58,0,0,0,0,0,8,634,5,45,0,0,0,0,0,0,0,0,0,0,0,0,0,0,0,0,0,0,0,0,0,0,221,16605,0,0,0,0
27866.176,16554,60,0,0,0,0,0,8,627,5,45,0,0,0,0,0,0,0,0,0,0,0,0,0,0,0,0,0,0,0,0,0,0,223,16974,0,0,0,0
27882.679,16502,60,0,0,0,0,0,8,637,5,45,0,0,0,0,0,0,0,0,0,0,0,0,0,0,0,0,0,0,0,0,0,0,232,17411,0,0,0,0
27899.098,16419,60,0,0,0,0,0,8,667,5,45,0,0,0,0,0,0,0,0,0,0,0,0,0,0,0,0,0,0,0,0,0,0,223,15689,0,0,0,0
27917.031,17932,55,0,0,0,0,0,8,637,5,45,0,0,0,0,0,0,0,0,0,0,0,0,0,0,0,0,0,0,0,0,0,0,226,16467,0,0,0,0
27932.833,15801,63,0,0,0,0,0,8,593,5,45,0,0,0,0,0,0,0,0,0,0,0,0,0,0,0,0,0,0,0,0,0,0,233,17888,0,0,0,0
27949.593,16760,59,0,0,0,0,0,8,683,5,45,0,0,0,0,0,0,0,0,0,0,0,0,0,0,0,0,0,0,0,0,0,0,228,15748,0,0,0,0
27965.874,16281,61,0,0,0,0,0,8,648,5,45,0,0,0,0,0,0,0,0,0,0,0,0,0,0,0,0,0,0,0,0,0,0,221,16777,0,0,0,0
27982.682,16808,59,0,0,0,0,0,8,648,5,45,0,0,0,0,0,0,0,0,0,0,0,0,0,0,0,0,0,0,0,0,0,0,232,16404,0,0,0,0
28000.040,17358,57,0,0,0,0,0,8,647,5,45,0,0,0,0,0,0,0,0,0,0,0,0,0,0,0,0,0,0,0,0,0,0,229,16702,0,0,0,0
28015.897,15856,63,0,0,0,0,0,8,677,5,45,0,0,0,0,0,0,0,0,0,0,0,0,0,0,0,0,0,0,0,0,0,0,236,17393,0,0,0,0
28032.726,16829,59,0,0,0,0,0,8,612,5,45,0,0,0,0,0,0,0,0,0,0,0,0,0,0,0,0,0,0,0,0,0,0,236,15905,0,0,0,0
28049.177,16451,60,0,0,0,0,0,8,684,5,45,0,0,0,0,0,0,0,0,0,0,0,0,0,0,0,0,0,0,0,0,0,0,241,16740,0,0,0,0
28066.069,16890,59,0,0,0,0,0,8,650,5,45,0,0,0,0,0,0,0,0,0,0,0,0,0,0,0,0,0,0,0,0,0,0,239,16487,0,0,0,0
28084.043,17975,55,0,0,0,0,0,8,605,5,45,0,0,0,0,0,0,0,0,0,0,0,0,0,0,0,0,0,0,0,0,0,0,227,16931,0,0,0,0
28099.647,15603,64,0,0,0,0,0,8,680,5,45,0,0,0,0,0,0,0,0,0,0,0,0,0,0,0,0,0,0,0,0,0,0,231,17970,0,0,0,0
28116.557,16911,59,0,0,0,0,0,8,683,5,45,0,0,0,0,0,0,0,0,0,0,0,0,0,0,0,0,0,0,0,0,0,0,222,15525,0,0,0,0
28132.323,15766,63,0,0,0,0,0,8,610,5,45,0,0,0,0,0,0,0,0,0,0,0,0,0,0,0,0,0,0,0,0,0,0,240,17044,0,0,0,0
28149.543,17219,58,0,0,0,0,0,8,680,5,45,0,0,0,0,0,0,0,0,0,0,0,0,0,0,0,0,0,0,0,0,0,0,222,15625,0,0,0,0
28167.030,17486,57,0,0,0,0,0,8,646,5,45,0,0,0,0,0,0,0,0,0,0,0,0,0,0,0,0,0,0,0,0,0,0,233,17275,0,0,0,0
28182.599,15569,64,0,0,0,0,0,8,600,5,45,0,0,0,0,0,0,0,0,0,0,0,0,0,0,0,0,0,0,0,0,0,0,236,17498,0,0,0,0
28200.039,17440,57,0,0,0,0,0,8,678,5,45,0,0,0,0,0,0,0,0,0,0,0,0,0,0,0,0,0,0,0,0,0,0,210,16189,0,0,0,0
28216.168,16128,62,0,0,0,0,0,8,638,5,45,0,0,0,0,0,0,0,0,0,0,0,0,0,0,0,0,0,0,0,0,0,0,231,16974,0,0,0,0
28233.191,17022,58,0,0,0,0,0,8,652,5,45,0,0,0,0,0,0,0,0,0,0,0,0,0,0,0,0,0,0,0,0,0,0,248,16847,0,0,0,0
28249.631,16440,60,0,0,0,0,0,8,646,5,45,0,0,0,0,0,0,0,0,0,0,0,0,0,0,0,0,0,0,0,0,0,0,238,16942,0,0,0,0
28266.079,16447,60,0,0,0,0,0,8,637,5,45,0,0,0,0,0,0,0,0,0,0,0,0,0,0,0,0,0,0,0,0,0,0,220,15588,0,0,0,0
28282.551,16472,60,0,0,0,0,0,8,650,5,45,0,0,0,0,0,0,0,0,0,0,0,0,0,0,0,0,0,0,0,0,0,0,230,16533,0,0,0,0
28300.030,17479,57,0,0,0,0,0,8,684,5,45,0,0,0,0,0,0,0,0,0,0,0,0,0,0,0,0,0,0,0,0,0,0,217,16477,0,0,0,0
28316.181,16139,61,0,0,0,0,0,8,643,5,45,0,0,0,0,0,0,0,0,0,0,0,0,0,0,0,0,0,0,0,0,0,0,233,17431,0,0,0,0
28333.026,16856,59,0,0,0,0,0,8,611,5,45,0,0,0,0,0,0,0,0,0,0,0,0,0,0,0,0,0,0,0,0,0,0,238,16148,0,0,0,0
28349.422,16395,60,0,0,0,0,0,8,676,5,45,0,0,0,0,0,0,0,0,0,0,0,0,0,0,0,0,0,0,0,0,0,0,231,17358,0,0,0,0
28366.168,16746,59,0,0,0,0,0,8,645,5,45,0,0,0,0,0,0,0,0,0,0,0,0,0,0,0,0,0,0,0,0,0,0,242,15900,0,0,0,0
28382.544,16376,61,0,0,0,0,0,8,650,5,45,0,0,0,0,0,0,0,0,0,0,0,0,0,0,0,0,0,0,0,0,0,0,228,17526,0,0,0,0
28399.612,17067,58,0,0,0,0,0,8,650,5,45,0,0,0,0,0,0,0,0,0,0,0,0,0,0,0,0,0,0,0,0,0,0,214,15567,0,0,0,0
28416.025,16413,60,0,0,0,0,0,8,682,5,45,0,0,0,0,0,0,0,0,0,0,0,0,0,0,0,0,0,0,0,0,0,0,238,17062,0,0,0,0
28432.542,16516,60,0,0,0,0,0,8,612,5,45,0,0,0,0,0,0,0,0,0,0,0,0,0,0,0,0,0,0,0,0,0,0,244,16415,0,0,0,0
28449.187,16645,60,0,0,0,0,0,8,680,5,45,0,0,0,0,0,0,0,0,0,0,0,0,0,0,0,0,0,0,0,0,0,0,275,16614,0,0,0,0
28466.036,16849,59,0,0,0,0,0,8,646,5,45,0,0,0,0,0,0,0,0,0,0,0,0,0,0,0,0,0,0,0,0,0,0,221,16863,0,0,0,0
28482.728,16691,59,0,0,0,0,0,8,611,5,45,0,0,0,0,0,0,0,0,0,0,0,0,0,0,0,0,0,0,0,0,0,0,233,16624,0,0,0,0
28499.708,16979,58,0,0,0,0,0,8,681,5,45,0,0,0,0,0,0,0,0,0,0,0,0,0,0,0,0,0,0,0,0,0,0,245,16593,0,0,0,0
28515.983,16275,61,0,0,0,0,0,8,682,5,45,0,0,0,0,0,0,0,0,0,0,0,0,0,0,0,0,0,0,0,0,0,0,232,16985,0,0,0,0
28532.613,16629,60,0,0,0,0,0,8,608,5,45,0,0,0,0,0,0,0,0,0,0,0,0,0,0,0,0,0,0,0,0,0,0,228,16257,0,0,0,0
28549.536,16923,59,0,0,0,0,0,8,678,5,45,0,0,0,0,0,0,0,0,0,0,0,0,0,0,0,0,0,0,0,0,0,0,229,16618,0,0,0,0
28566.214,16677,59,0,0,0,0,0,8,646,5,45,0,0,0,0,0,0,0,0,0,0,0,0,0,0,0,0,0,0,0,0,0,0,233,17411,0,0,0,0
28582.613,16399,60,0,0,0,0,0,8,607,5,45,0,0,0,0,0,0,0,0,0,0,0,0,0,0,0,0,0,0,0,0,0,0,228,16401,0,0,0,0
28600.028,17414,57,0,0,0,0,0,8,679,5,45,0,0,0,0,0,0,0,0,0,0,0,0,0,0,0,0,0,0,0,0,0,0,247,16605,0,0,0,0
28616.205,16177,61,0,0,0,0,0,8,684,5,45,0,0,0,0,0,0,0,0,0,0,0,0,0,0,0,0,0,0,0,0,0,0,243,17002,0,0,0,0
28632.857,16651,60,0,0,0,0,0,8,613,5,45,0,0,0,0,0,0,0,0,0,0,0,0,0,0,0,0,0,0,0,0,0,0,258,16564,0,0,0,0
28649.271,16414,60,0,0,0,0,0,8,637,5,45,0,0,0,0,0,0,0,0,0,0,0,0,0,0,0,0,0,0,0,0,0,0,247,16398,0,0,0,0
28667.029,17757,56,0,0,0,0,0,8,687,5,45,0,0,0,0,0,0,0,0,0,0,0,0,0,0,0,0,0,0,0,0,0,0,237,16320,0,0,0,0
28682.232,15203,65,0,0,0,0,0,8,604,5,45,0,0,0,0,0,0,0,0,0,0,0,0,0,0,0,0,0,0,0,0,0,0,243,17773,0,0,0,0
28699.542,17310,57,0,0,0,0,0,8,683,5,45,0,0,0,0,0,0,0,0,0,0,0,0,0,0,0,0,0,0,0,0,0,0,196,15049,0,0,0,0
28716.541,16998,58,0,0,0,0,0,8,645,5,45,0,0,0,0,0,0,0,0,0,0,0,0,0,0,0,0,0,0,0,0,0,0,245,17446,0,0,0,0
28732.663,16121,62,0,0,0,0,0,8,607,5,45,0,0,0,0,0,0,0,0,0,0,0,0,0,0,0,0,0,0,0,0,0,0,251,17100,0,0,0,0
28749.538,16875,59,0,0,0,0,0,8,680,5,45,0,0,0,0,0,0,0,0,0,0,0,0,0,0,0,0,0,0,0,0,0,0,218,15851,0,0,0,0
28766.205,16666,59,0,0,0,0,0,8,683,5,45,0,0,0,0,0,0,0,0,0,0,0,0,0,0,0,0,0,0,0,0,0,0,224,17023,0,0,0,0
28782.815,16609,60,0,0,0,0,0,8,612,5,45,0,0,0,0,0,0,0,0,0,0,0,0,0,0,0,0,0,0,0,0,0,0,208,16702,0,0,0,0
28799.534,16719,59,0,0,0,0,0,8,643,5,45,0,0,0,0,0,0,0,0,0,0,0,0,0,0,0,0,0,0,0,0,0,0,236,16521,0,0,0,0
28816.025,16490,60,0,0,0,0,0,8,678,5,45,0,0,0,0,0,0,0,0,0,0,0,0,0,0,0,0,0,0,0,0,0,0,233,16794,0,0,0,0
28832.537,16512,60,0,0,0,0,0,8,618,5,45,0,0,0,0,0,0,0,0,0,0,0,0,0,0,0,0,0,0,0,0,0,0,234,16480,0,0,0,0
28849.784,17247,57,0,0,0,0,0,8,684,5,45,0,0,0,0,0,0,0,0,0,0,0,0,0,0,0,0,0,0,0,0,0,0,264,16552,0,0,0,0
28866.225,16440,60,0,0,0,0,0,8,680,5,45,0,0,0,0,0,0,0,0,0,0,0,0,0,0,0,0,0,0,0,0,0,0,221,17182,0,0,0,0
28882.595,16370,61,0,0,0,0,0,8,575,5,45,0,0,0,0,0,0,0,0,0,0,0,0,0,0,0,0,0,0,0,0,0,0,241,16751,0,0,0,0
28900.027,17431,57,0,0,0,0,0,8,681,5,45,0,0,0,0,0,0,0,0,0,0,0,0,0,0,0,0,0,0,0,0,0,0,234,16060,0,0,0,0
28916.200,16173,61,0,0,0,0,0,8,678,5,45,0,0,0,0,0,0,0,0,0,0,0,0,0,0,0,0,0,0,0,0,0,0,232,17539,0,0,0,0
28933.023,16822,59,0,0,0,0,0,8,612,5,45,0,0,0,0,0,0,0,0,0,0,0,0,0,0,0,0,0,0,0,0,0,0,232,16383,0,0,0,0
28950.027,17003,58,0,0,0,0,0,8,755,5,45,0,0,0,0,0,0,0,0,0,0,0,0,0,0,0,0,0,0,0,0,0,0,243,16793,0,0,0,0
28966.206,16179,61,0,0,0,0,0,8,4173,5,45,0,0,0,0,0,0,0,0,0,0,0,0,0,0,0,0,0,0,0,0,0,0,0,0,0,0,0,0
28982.689,16482,60,0,0,0,0,0,8,1921,5,45,0,0,0,0,0,0,0,0,0,0,0,0,0,0,0,0,0,0,0,0,0,0,346,38139,0,0,0,0
28999.685,16996,58,0,0,0,0,0,8,1580,5,45,0,0,0,0,0,0,0,0,0,0,0,0,0,0,0,0,0,0,0,0,0,0,204,14858,0,0,0,0
29016.165,16479,60,0,0,0,0,0,8,1366,5,45,0,0,0,0,0,0,0,0,0,0,0,0,0,0,0,0,0,0,0,0,0,0,193,15290,0,0,0,0
29032.206,16041,62,0,0,0,0,0,8,965,5,45,0,0,0,0,0,0,0,0,0,0,0,0,0,0,0,0,0,0,0,0,0,0,207,16123,0,0,0,0
29050.022,17816,56,0,0,0,0,0,8,767,5,45,0,0,0,0,0,0,0,0,0,0,0,0,0,0,0,0,0,0,0,0,0,0,208,14657,0,0,0,0
29066.575,16552,60,0,0,0,0,0,8,803,5,45,0,0,0,0,0,0,0,0,0,0,0,0,0,0,0,0,0,0,0,0,0,0,228,17945,0,0,0,0
29082.852,16277,61,0,0,0,0,0,8,738,5,45,0,0,0,0,0,0,0,0,0,0,0,0,0,0,0,0,0,0,0,0,0,0,226,16664,0,0,0,0
29099.874,17021,58,0,0,0,0,0,8,807,5,45,0,0,0,0,0,0,0,0,0,0,0,0,0,0,0,0,0,0,0,0,0,0,227,16177,0,0,0,0
29116.105,16230,61,0,0,0,0,0,8,757,5,45,0,0,0,0,0,0,0,0,0,0,0,0,0,0,0,0,0,0,0,0,0,0,243,17023,0,0,0,0
29132.832,16727,59,0,0,0,0,0,8,715,5,45,0,0,0,0,0,0,0,0,0,0,0,0,0,0,0,0,0,0,0,0,0,0,232,16457,0,0,0,0
29150.034,17202,58,0,0,0,0,0,8,787,5,45,0,0,0,0,0,0,0,0,0,0,0,0,0,0,0,0,0,0,0,0,0,0,243,16736,0,0,0,0
29167.036,17001,58,0,0,0,0,0,8,780,5,45,0,0,0,0,0,0,0,0,0,0,0,0,0,0,0,0,0,0,0,0,0,0,262,17003,0,0,0,0
29182.824,15787,63,0,0,0,0,0,8,703,5,45,0,0,0,0,0,0,0,0,0,0,0,0,0,0,0,0,0,0,0,0,0,0,233,16939,0,0,0,0
29200.037,17199,58,0,0,0,0,0,8,747,5,45,0,0,0,0,0,0,0,0,0,0,0,0,0,0,0,0,0,0,0,0,0,0,234,15929,0,0,0,0
29217.027,17003,58,0,0,0,0,0,8,779,5,45,0,0,0,0,0,0,0,0,0,0,0,0,0,0,0,0,0,0,0,0,0,0,237,17076,0,0,0,0
29232.635,15608,64,0,0,0,0,0,8,709,5,45,0,0,0,0,0,0,0,0,0,0,0,0,0,0,0,0,0,0,0,0,0,0,239,17003,0,0,0,0
29249.215,16579,60,0,0,0,0,0,8,784,5,45,0,0,0,0,0,0,0,0,0,0,0,0,0,0,0,0,0,0,0,0,0,0,233,15918,0,0,0,0
29266.155,16940,59,0,0,0,0,0,8,736,5,45,0,0,0,0,0,0,0,0,0,0,0,0,0,0,0,0,0,0,0,0,0,0,247,16251,0,0,0,0
29282.759,16604,60,0,0,0,0,0,8,714,5,45,0,0,0,0,0,0,0,0,0,0,0,0,0,0,0,0,0,0,0,0,0,0,250,17781,0,0,0,0
29300.024,17264,57,0,0,0,0,0,8,780,5,45,0,0,0,0,0,0,0,0,0,0,0,0,0,0,0,0,0,0,0,0,0,0,222,15712,0,0,0,0
29316.160,16136,61,0,0,0,0,0,8,737,5,45,0,0,0,0,0,0,0,0,0,0,0,0,0,0,0,0,0,0,0,0,0,0,232,17301,0,0,0,0
29332.676,16515,60,0,0,0,0,0,8,747,5,45,0,0,0,0,0,0,0,0,0,0,0,0,0,0,0,0,0,0,0,0,0,0,245,16968,0,0,0,0
29349.525,16849,59,0,0,0,0,0,8,783,5,45,0,0,0,0,0,0,0,0,0,0,0,0,0,0,0,0,0,0,0,0,0,0,241,15706,0,0,0,0
29366.044,16519,60,0,0,0,0,0,8,703,5,45,0,0,0,0,0,0,0,0,0,0,0,0,0,0,0,0,0,0,0,0,0,0,232,16795,0,0,0,0
29382.684,16640,60,0,0,0,0,0,8,753,5,45,0,0,0,0,0,0,0,0,0,0,0,0,0,0,0,0,0,0,0,0,0,0,225,16591,0,0,0,0
29399.203,16518,60,0,0,0,0,0,8,779,5,45,0,0,0,0,0,0,0,0,0,0,0,0,0,0,0,0,0,0,0,0,0,0,222,16485,0,0,0,0
29415.858,16655,60,0,0,0,0,0,8,780,5,45,0,0,0,0,0,0,0,0,0,0,0,0,0,0,0,0,0,0,0,0,0,0,223,16644,0,0,0,0
29432.827,16968,58,0,0,0,0,0,8,711,5,45,0,0,0,0,0,0,0,0,0,0,0,0,0,0,0,0,0,0,0,0,0,0,235,16747,0,0,0,0
29449.463,16636,60,0,0,0,0,0,8,743,5,45,0,0,0,0,0,0,0,0,0,0,0,0,0,0,0,0,0,0,0,0,0,0,218,16718,0,0,0,0
29466.073,16610,60,0,0,0,0,0,8,780,5,45,0,0,0,0,0,0,0,0,0,0,0,0,0,0,0,0,0,0,0,0,0,0,225,16848,0,0,0,0
29482.887,16813,59,0,0,0,0,0,8,712,5,45,0,0,0,0,0,0,0,0,0,0,0,0,0,0,0,0,0,0,0,0,0,0,216,16788,0,0,0,0
29499.024,16136,61,0,0,0,0,0,8,776,5,45,0,0,0,0,0,0,0,0,0,0,0,0,0,0,0,0,0,0,0,0,0,0,220,16397,0,0,0,0
29516.161,17136,58,0,0,0,0,0,8,742,5,45,0,0,0,0,0,0,0,0,0,0,0,0,0,0,0,0,0,0,0,0,0,0,235,16294,0,0,0,0
29532.787,16626,60,0,0,0,0,0,8,720,5,45,0,0,0,0,0,0,0,0,0,0,0,0,0,0,0,0,0,0,0,0,0,0,235,17958,0,0,0,0
29549.549,16761,59,0,0,0,0,0,8,776,5,45,0,0,0,0,0,0,0,0,0,0,0,0,0,0,0,0,0,0,0,0,0,0,224,15656,0,0,0,0
29566.153,16603,60,0,0,0,0,0,8,736,5,45,0,0,0,0,0,0,0,0,0,0,0,0,0,0,0,0,0,0,0,0,0,0,234,16929,0,0,0,0
29582.622,16469,60,0,0,0,0,0,8,748,5,45,0,0,0,0,0,0,0,0,0,0,0,0,0,0,0,0,0,0,0,0,0,0,213,17339,0,0,0,0
29599.204,16582,60,0,0,0,0,0,8,743,5,45,0,0,0,0,0,0,0,0,0,0,0,0,0,0,0,0,0,0,0,0,0,0,211,15534,0,0,0,0
29615.880,16676,59,0,0,0,0,0,8,783,5,45,0,0,0,0,0,0,0,0,0,0,0,0,0,0,0,0,0,0,0,0,0,0,225,16781,0,0,0,0
29632.667,16786,59,0,0,0,0,0,8,708,5,45,0,0,0,0,0,0,0,0,0,0,0,0,0,0,0,0,0,0,0,0,0,0,216,16687,0,0,0,0
29649.527,16860,59,0,0,0,0,0,8,779,5,45,0,0,0,0,0,0,0,0,0,0,0,0,0,0,0,0,0,0,0,0,0,0,233,16792,0,0,0,0
29666.206,16679,59,0,0,0,0,0,8,781,5,45,0,0,0,0,0,0,0,0,0,0,0,0,0,0,0,0,0,0,0,0,0,0,235,16882,0,0,0,0
29682.870,16663,60,0,0,0,0,0,8,679,5,45,0,0,0,0,0,0,0,0,0,0,0,0,0,0,0,0,0,0,0,0,0,0,229,16916,0,0,0,0
29699.539,16669,59,0,0,0,0,0,8,775,5,45,0,0,0,0,0,0,0,0,0,0,0,0,0,0,0,0,0,0,0,0,0,0,227,16366,0,0,0,0
29716.156,16617,60,0,0,0,0,0,8,784,5,45,0,0,0,0,0,0,0,0,0,0,0,0,0,0,0,0,0,0,0,0,0,0,215,16645,0,0,0,0
29732.710,16553,60,0,0,0,0,0,8,707,5,45,0,0,0,0,0,0,0,0,0,0,0,0,0,0,0,0,0,0,0,0,0,0,231,16610,0,0,0,0
29750.014,17304,57,0,0,0,0,0,8,781,5,45,0,0,0,0,0,0,0,0,0,0,0,0,0,0,0,0,0,0,0,0,0,0,227,16558,0,0,0,0
29766.049,16034,62,0,0,0,0,0,8,704,5,45,0,0,0,0,0,0,0,0,0,0,0,0,0,0,0,0,0,0,0,0,0,0,230,17343,0,0,0,0
29782.589,16539,60,0,0,0,0,0,8,746,5,45,0,0,0,0,0,0,0,0,0,0,0,0,0,0,0,0,0,0,0,0,0,0,224,16061,0,0,0,0
29799.590,17001,58,0,0,0,0,0,8,780,5,45,0,0,0,0,0,0,0,0,0,0,0,0,0,0,0,0,0,0,0,0,0,0,232,16480,0,0,0,0
29815.936,16345,61,0,0,0,0,0,8,754,5,45,0,0,0,0,0,0,0,0,0,0,0,0,0,0,0,0,0,0,0,0,0,0,220,17006,0,0,0,0
29832.294,16358,61,0,0,0,0,0,8,739,5,45,0,0,0,0,0,0,0,0,0,0,0,0,0,0,0,0,0,0,0,0,0,0,235,16406,0,0,0,0
29849.550,17255,57,0,0,0,0,0,8,752,5,45,0,0,0,0,0,0,0,0,0,0,0,0,0,0,0,0,0,0,0,0,0,0,245,16333,0,0,0,0
29865.592,16041,62,0,0,0,0,0,8,746,5,45,0,0,0,0,0,0,0,0,0,0,0,0,0,0,0,0,0,0,0,0,0,0,219,17152,0,0,0,0
29882.680,17088,58,0,0,0,0,0,8,739,5,45,0,0,0,0,0,0,0,0,0,0,0,0,0,0,0,0,0,0,0,0,0,0,223,16525,0,0,0,0
29899.081,16400,60,0,0,0,0,0,8,780,5,45,0,0,0,0,0,0,0,0,0,0,0,0,0,0,0,0,0,0,0,0,0,0,221,16583,0,0,0,0
29916.152,17071,58,0,0,0,0,0,8,723,5,45,0,0,0,0,0,0,0,0,0,0,0,0,0,0,0,0,0,0,0,0,0,0,230,16553,0,0,0,0
29932.285,16132,61,0,0,0,0,0,8,724,5,45,0,0,0,0,0,0,0,0,0,0,0,0,0,0,0,0,0,0,0,0,0,0,233,17051,0,0,0,0
29950.016,17731,56,0,0,0,0,0,8,782,5,45,0,0,0,0,0,0,0,0,0,0,0,0,0,0,0,0,0,0,0,0,0,0,241,16121,0,0,0,0
29966.759,16742,59,0,0,0,0,0,8,781,5,45,0,0,0,0,0,0,0,0,0,0,0,0,0,0,0,0,0,0,0,0,0,0,245,17765,0,0,0,0
29982.712,15953,62,0,0,0,0,0,8,705,5,45,0,0,0,0,0,0,0,0,0,0,0,0,0,0,0,0,0,0,0,0,0,0,219,16541,0,0,0,0
30000.043,17331,57,0,0,0,0,0,8,745,5,45,0,0,0,0,0,0,0,0,0,0,0,0,0,0,0,0,0,0,0,0,0,0,218,15907,0,0,0,0
30016.181,16137,61,0,0,0,0,0,8,777,5,45,0,0,0,0,0,0,0,0,0,0,0,0,0,0,0,0,0,0,0,0,0,0,256,17620,0,0,0,0
30032.680,16498,60,0,0,0,0,0,8,708,5,45,0,0,0,0,0,0,0,0,0,0,0,0,0,0,0,0,0,0,0,0,0,0,198,16350,0,0,0,0
30049.529,16848,59,0,0,0,0,0,8,779,5,45,0,0,0,0,0,0,0,0,0,0,0,0,0,0,0,0,0,0,0,0,0,0,232,16500,0,0,0,0
30066.152,16623,60,0,0,0,0,0,8,776,5,45,0,0,0,0,0,0,0,0,0,0,0,0,0,0,0,0,0,0,0,0,0,0,220,16564,0,0,0,0
30082.848,16696,59,0,0,0,0,0,8,674,5,45,0,0,0,0,0,0,0,0,0,0,0,0,0,0,0,0,0,0,0,0,0,0,233,16585,0,0,0,0
30099.276,16427,60,0,0,0,0,0,8,785,5,45,0,0,0,0,0,0,0,0,0,0,0,0,0,0,0,0,0,0,0,0,0,0,234,16659,0,0,0,0
30116.147,16870,59,0,0,0,0,0,8,781,5,45,0,0,0,0,0,0,0,0,0,0,0,0,0,0,0,0,0,0,0,0,0,0,222,16494,0,0,0,0
30132.811,16663,60,0,0,0,0,0,8,711,5,45,0,0,0,0,0,0,0,0,0,0,0,0,0,0,0,0,0,0,0,0,0,0,232,16863,0,0,0,0
30149.389,16578,60,0,0,0,0,0,8,776,5,45,0,0,0,0,0,0,0,0,0,0,0,0,0,0,0,0,0,0,0,0,0,0,232,16636,0,0,0,0
30166.211,16821,59,0,0,0,0,0,8,746,5,45,0,0,0,0,0,0,0,0,0,0,0,0,0,0,0,0,0,0,0,0,0,0,226,16581,0,0,0,0
30182.832,16620,60,0,0,0,0,0,8,711,5,45,0,0,0,0,0,0,0,0,0,0,0,0,0,0,0,0,0,0,0,0,0,0,229,16827,0,0,0,0
30199.215,16383,61,0,0,0,0,0,8,781,5,45,0,0,0,0,0,0,0,0,0,0,0,0,0,0,0,0,0,0,0,0,0,0,241,16637,0,0,0,0
30217.018,17802,56,0,0,0,0,0,8,783,5,45,0,0,0,0,0,0,0,0,0,0,0,0,0,0,0,0,0,0,0,0,0,0,225,16411,0,0,0,0
30233.151,16133,61,0,0,0,0,0,8,709,5,45,0,0,0,0,0,0,0,0,0,0,0,0,0,0,0,0,0,0,0,0,0,0,253,17874,0,0,0,0
30249.226,16073,62,0,0,0,0,0,8,738,5,45,0,0,0,0,0,0,0,0,0,0,0,0,0,0,0,0,0,0,0,0,0,0,221,16848,0,0,0,0
30266.051,16825,59,0,0,0,0,0,8,737,5,45,0,0,0,0,0,0,0,0,0,0,0,0,0,0,0,0,0,0,0,0,0,0,208,15108,0,0,0,0
30283.023,16972,58,0,0,0,0,0,8,752,5,45,0,0,0,0,0,0,0,0,0,0,0,0,0,0,0,0,0,0,0,0,0,0,227,16997,0,0,0,0
30299.597,16574,60,0,0,0,0,0,8,779,5,45,0,0,0,0,0,0,0,0,0,0,0,0,0,0,0,0,0,0,0,0,0,0,220,17759,0,0,0,0
30315.555,15957,62,0,0,0,0,0,8,737,5,45,0,0,0,0,0,0,0,0,0,0,0,0,0,0,0,0,0,0,0,0,0,0,215,15746,0,0,0,0
30333.018,17463,57,0,0,0,0,0,8,721,5,45,0,0,0,0,0,0,0,0,0,0,0,0,0,0,0,0,0,0,0,0,0,0,222,16388,0,0,0,0
30349.204,16185,61,0,0,0,0,0,8,779,5,45,0,0,0,0,0,0,0,0,0,0,0,0,0,0,0,0,0,0,0,0,0,0,219,17438,0,0,0,0
30366.176,16971,58,0,0,0,0,0,8,781,5,45,0,0,0,0,0,0,0,0,0,0,0,0,0,0,0,0,0,0,0,0,0,0,220,15764,0,0,0,0
30382.806,16630,60,0,0,0,0,0,8,713,5,45,0,0,0,0,0,0,0,0,0,0,0,0,0,0,0,0,0,0,0,0,0,0,221,17247,0,0,0,0
30399.529,16712,59,0,0,0,0,0,8,741,5,45,0,0,0,0,0,0,0,0,0,0,0,0,0,0,0,0,0,0,0,0,0,0,229,16536,0,0,0,0
30417.024,17506,57,0,0,0,0,0,8,780,5,45,0,0,0,0,0,0,0,0,0,0,0,0,0,0,0,0,0,0,0,0,0,0,213,16509,0,0,0,0
30432.670,15645,63,0,0,0,0,0,8,704,5,45,0,0,0,0,0,0,0,0,0,0,0,0,0,0,0,0,0,0,0,0,0,0,231,17608,0,0,0,0
30449.204,16534,60,0,0,0,0,0,8,784,5,45,0,0,0,0,0,0,0,0,0,0,0,0,0,0,0,0,0,0,0,0,0,0,238,15548,0,0,0,0
30466.186,16981,58,0,0,0,0,0,8,785,5,45,0,0,0,0,0,0,0,0,0,0,0,0,0,0,0,0,0,0,0,0,0,0,243,16576,0,0,0,0
30482.686,16500,60,0,0,0,0,0,8,673,5,45,0,0,0,0,0,0,0,0,0,0,0,0,0,0,0,0,0,0,0,0,0,0,218,17262,0,0,0,0
30499.794,17108,58,0,0,0,0,0,8,784,5,45,0,0,0,0,0,0,0,0,0,0,0,0,0,0,0,0,0,0,0,0,0,0,221,16514,0,0,0,0
30517.024,17230,58,0,0,0,0,0,8,743,5,45,0,0,0,0,0,0,0,0,0,0,0,0,0,0,0,0,0,0,0,0,0,0,230,16820,0,0,0,0
30532.796,15771,63,0,0,0,0,0,8,741,5,45,0,0,0,0,0,0,0,0,0,0,0,0,0,0,0,0,0,0,0,0,0,0,216,17287,0,0,0,0
30550.010,17213,58,0,0,0,0,0,8,785,5,45,0,0,0,0,0,0,0,0,0,0,0,0,0,0,0,0,0,0,0,0,0,0,228,15670,0,0,0,0
30566.002,15992,62,0,0,0,0,0,8,698,5,45,0,0,0,0,0,0,0,0,0,0,0,0,0,0,0,0,0,0,0,0,0,0,229,17283,0,0,0,0
30583.009,17006,58,0,0,0,0,0,8,756,5,45,0,0,0,0,0,0,0,0,0,0,0,0,0,0,0,0,0,0,0,0,0,0,223,16100,0,0,0,0
30599.075,16065,62,0,0,0,0,0,8,779,5,45,0,0,0,0,0,0,0,0,0,0,0,0,0,0,0,0,0,0,0,0,0,0,234,16822,0,0,0,0
30616.535,17460,57,0,0,0,0,0,8,780,5,45,0,0,0,0,0,0,0,0,0,0,0,0,0,0,0,0,0,0,0,0,0,0,245,16166,0,0,0,0
30632.986,16451,60,0,0,0,0,0,8,713,5,45,0,0,0,0,0,0,0,0,0,0,0,0,0,0,0,0,0,0,0,0,0,0,222,17486,0,0,0,0
30650.031,17044,58,0,0,0,0,0,8,749,5,45,0,0,0,0,0,0,0,0,0,0,0,0,0,0,0,0,0,0,0,0,0,0,216,16266,0,0,0,0
30666.108,16077,62,0,0,0,0,0,8,776,5,45,0,0,0,0,0,0,0,0,0,0,0,0,0,0,0,0,0,0,0,0,0,0,244,17048,0,0,0,0
30682.838,16729,59,0,0,0,0,0,8,713,5,45,0,0,0,0,0,0,0,0,0,0,0,0,0,0,0,0,0,0,0,0,0,0,213,16532,0,0,0,0
30699.203,16365,61,0,0,0,0,0,8,779,5,45,0,0,0,0,0,0,0,0,0,0,0,0,0,0,0,0,0,0,0,0,0,0,222,16336,0,0,0,0
30716.147,16944,59,0,0,0,0,0,8,725,5,45,0,0,0,0,0,0,0,0,0,0,0,0,0,0,0,0,0,0,0,0,0,0,217,16379,0,0,0,0
30732.726,16579,60,0,0,0,0,0,8,726,5,45,0,0,0,0,0,0,0,0,0,0,0,0,0,0,0,0,0,0,0,0,0,0,221,16916,0,0,0,0
30749.204,16477,60,0,0,0,0,0,8,780,5,45,0,0,0,0,0,0,0,0,0,0,0,0,0,0,0,0,0,0,0,0,0,0,228,16601,0,0,0,0
30766.012,16808,59,0,0,0,0,0,8,741,5,45,0,0,0,0,0,0,0,0,0,0,0,0,0,0,0,0,0,0,0,0,0,0,227,16427,0,0,0,0
30782.277,16264,61,0,0,0,0,0,8,750,5,45,0,0,0,0,0,0,0,0,0,0,0,0,0,0,0,0,0,0,0,0,0,0,228,16932,0,0,0,0
30799.583,17305,57,0,0,0,0,0,8,746,5,45,0,0,0,0,0,0,0,0,0,0,0,0,0,0,0,0,0,0,0,0,0,0,224,16177,0,0,0,0
30816.108,16525,60,0,0,0,0,0,8,781,5,45,0,0,0,0,0,0,0,0,0,0,0,0,0,0,0,0,0,0,0,0,0,0,221,17335,0,0,0,0
30832.658,16549,60,0,0,0,0,0,8,708,5,45,0,0,0,0,0,0,0,0,0,0,0,0,0,0,0,0,0,0,0,0,0,0,229,16916,0,0,0,0
30849.198,16540,60,0,0,0,0,0,8,780,5,45,0,0,0,0,0,0,0,0,0,0,0,0,0,0,0,0,0,0,0,0,0,0,233,16163,0,0,0,0
30866.180,16982,58,0,0,0,0,0,8,779,5,45,0,0,0,0,0,0,0,0,0,0,0,0,0,0,0,0,0,0,0,0,0,0,225,16513,0,0,0,0
30882.235,16055,62,0,0,0,0,0,8,667,5,45,0,0,0,0,0,0,0,0,0,0,0,0,0,0,0,0,0,0,0,0,0,0,225,16996,0,0,0,0
30899.403,17167,58,0,0,0,0,0,8,777,5,45,0,0,0,0,0,0,0,0,0,0,0,0,0,0,0,0,0,0,0,0,0,0,237,16817,0,0,0,0
30916.526,17123,58,0,0,0,0,0,8,783,5,45,0,0,0,0,0,0,0,0,0,0,0,0,0,0,0,0,0,0,0,0,0,0,215,16418,0,0,0,0
30932.594,16068,62,0,0,0,0,0,8,708,5,45,0,0,0,0,0,0,0,0,0,0,0,0,0,0,0,0,0,0,0,0,0,0,219,17210,0,0,0,0
30949.591,16996,58,0,0,0,0,0,8,784,5,45,0,0,0,0,0,0,0,0,0,0,0,0,0,0,0,0,0,0,0,0,0,0,205,15777,0,0,0,0
30967.003,17411,57,0,0,0,0,0,8,748,5,45,0,0,0,0,0,0,0,0,0,0,0,0,0,0,0,0,0,0,0,0,0,0,229,17140,0,0,0,0
30982.584,15581,64,0,0,0,0,0,8,710,5,45,0,0,0,0,0,0,0,0,0,0,0,0,0,0,0,0,0,0,0,0,0,0,235,17513,0,0,0,0
30999.515,16930,59,0,0,0,0,0,8,784,5,45,0,0,0,0,0,0,0,0,0,0,0,0,0,0,0,0,0,0,0,0,0,0,222,15569,0,0,0,0
31016.090,16575,60,0,0,0,0,0,8,776,5,45,0,0,0,0,0,0,0,0,0,0,0,0,0,0,0,0,0,0,0,0,0,0,218,16861,0,0,0,0
31032.677,16586,60,0,0,0,0,0,8,712,5,45,0,0,0,0,0,0,0,0,0,0,0,0,0,0,0,0,0,0,0,0,0,0,214,16991,0,0,0,0
31049.195,16508,60,0,0,0,0,0,8,746,5,45,0,0,0,0,0,0,0,0,0,0,0,0,0,0,0,0,0,0,0,0,0,0,223,16132,0,0,0,0
31066.158,16972,58,0,0,0,0,0,8,737,5,45,0,0,0,0,0,0,0,0,0,0,0,0,0,0,0,0,0,0,0,0,0,0,236,16667,0,0,0,0
31082.561,16402,60,0,0,0,0,0,8,744,5,45,0,0,0,0,0,0,0,0,0,0,0,0,0,0,0,0,0,0,0,0,0,0,244,17652,0,0,0,0
31099.547,16986,58,0,0,0,0,0,8,779,5,45,0,0,0,0,0,0,0,0,0,0,0,0,0,0,0,0,0,0,0,0,0,0,192,15438,0,0,0,0
31116.361,16814,59,0,0,0,0,0,8,750,5,45,0,0,0,0,0,0,0,0,0,0,0,0,0,0,0,0,0,0,0,0,0,0,219,17186,0,0,0,0
31132.706,16344,61,0,0,0,0,0,8,712,5,45,0,0,0,0,0,0,0,0,0,0,0,0,0,0,0,0,0,0,0,0,0,0,235,16950,0,0,0,0
31150.014,17297,57,0,0,0,0,0,8,785,5,45,0,0,0,0,0,0,0,0,0,0,0,0,0,0,0,0,0,0,0,0,0,0,219,16180,0,0,0,0
31167.003,16999,58,0,0,0,0,0,8,784,5,45,0,0,0,0,0,0,0,0,0,0,0,0,0,0,0,0,0,0,0,0,0,0,214,17280,0,0,0,0
31182.853,15850,63,0,0,0,0,0,8,707,5,45,0,0,0,0,0,0,0,0,0,0,0,0,0,0,0,0,0,0,0,0,0,0,220,16989,0,0,0,0
31199.428,16574,60,0,0,0,0,0,8,743,5,45,0,0,0,0,0,0,0,0,0,0,0,0,0,0,0,0,0,0,0,0,0,0,234,16412,0,0,0,0
31215.852,16424,60,0,0,0,0,0,8,749,5,45,0,0,0,0,0,0,0,0,0,0,0,0,0,0,0,0,0,0,0,0,0,0,221,16105,0,0,0,0
31232.774,16922,59,0,0,0,0,0,8,742,5,45,0,0,0,0,0,0,0,0,0,0,0,0,0,0,0,0,0,0,0,0,0,0,222,16459,0,0,0,0
31250.002,17227,58,0,0,0,0,0,8,785,5,45,0,0,0,0,0,0,0,0,0,0,0,0,0,0,0,0,0,0,0,0,0,0,231,16826,0,0,0,0
31266.060,16057,62,0,0,0,0,0,8,736,5,45,0,0,0,0,0,0,0,0,0,0,0,0,0,0,0,0,0,0,0,0,0,0,260,17283,0,0,0,0
31282.551,16491,60,0,0,0,0,0,8,714,5,45,0,0,0,0,0,0,0,0,0,0,0,0,0,0,0,0,0,0,0,0,0,0,217,16063,0,0,0,0
31299.596,17045,58,0,0,0,0,0,8,784,5,45,0,0,0,0,0,0,0,0,0,0,0,0,0,0,0,0,0,0,0,0,0,0,217,16849,0,0,0,0
31316.153,16556,60,0,0,0,0,0,8,752,5,45,0,0,0,0,0,0,0,0,0,0,0,0,0,0,0,0,0,0,0,0,0,0,241,16647,0,0,0,0
31333.006,16852,59,0,0,0,0,0,8,740,5,45,0,0,0,0,0,0,0,0,0,0,0,0,0,0,0,0,0,0,0,0,0,0,220,17366,0,0,0,0
31350.009,17003,58,0,0,0,0,0,8,784,5,45,0,0,0,0,0,0,0,0,0,0,0,0,0,0,0,0,0,0,0,0,0,0,231,16488,0,0,0,0
31366.139,16130,61,0,0,0,0,0,8,699,5,45,0,0,0,0,0,0,0,0,0,0,0,0,0,0,0,0,0,0,0,0,0,0,215,16570,0,0,0,0
31383.002,16862,59,0,0,0,0,0,8,751,5,45,0,0,0,0,0,0,0,0,0,0,0,0,0,0,0,0,0,0,0,0,0,0,238,17013,0,0,0,0
31399.597,16595,60,0,0,0,0,0,8,779,5,45,0,0,0,0,0,0,0,0,0,0,0,0,0,0,0,0,0,0,0,0,0,0,224,15963,0,0,0,0
31415.547,15950,62,0,0,0,0,0,8,752,5,45,0,0,0,0,0,0,0,0,0,0,0,0,0,0,0,0,0,0,0,0,0,0,227,16580,0,0,0,0
31432.668,17121,58,0,0,0,0,0,8,738,5,45,0,0,0,0,0,0,0,0,0,0,0,0,0,0,0,0,0,0,0,0,0,0,239,16404,0,0,0,0
31449.570,16901,59,0,0,0,0,0,8,749,5,45,0,0,0,0,0,0,0,0,0,0,0,0,0,0,0,0,0,0,0,0,0,0,231,16694,0,0,0,0
31466.064,16494,60,0,0,0,0,0,8,780,5,45,0,0,0,0,0,0,0,0,0,0,0,0,0,0,0,0,0,0,0,0,0,0,216,16814,0,0,0,0
31482.330,16265,61,0,0,0,0,0,8,712,5,45,0,0,0,0,0,0,0,0,0,0,0,0,0,0,0,0,0,0,0,0,0,0,243,17098,0,0,0,0
31500.030,17699,56,0,0,0,0,0,8,783,5,45,0,0,0,0,0,0,0,0,0,0,0,0,0,0,0,0,0,0,0,0,0,0,209,15761,0,0,0,0
31516.003,15973,62,0,0,0,0,0,8,727,5,45,0,0,0,0,0,0,0,0,0,0,0,0,0,0,0,0,0,0,0,0,0,0,236,17698,0,0,0,0
31532.713,16710,59,0,0,0,0,0,8,728,5,45,0,0,0,0,0,0,0,0,0,0,0,0,0,0,0,0,0,0,0,0,0,0,231,15984,0,0,0,0
31549.514,16800,59,0,0,0,0,0,8,784,5,45,0,0,0,0,0,0,0,0,0,0,0,0,0,0,0,0,0,0,0,0,0,0,213,16566,0,0,0,0
31565.996,16482,60,0,0,0,0,0,8,744,5,45,0,0,0,0,0,0,0,0,0,0,0,0,0,0,0,0,0,0,0,0,0,0,233,16907,0,0,0,0
31582.657,16661,60,0,0,0,0,0,8,748,5,45,0,0,0,0,0,0,0,0,0,0,0,0,0,0,0,0,0,0,0,0,0,0,231,16614,0,0,0,0
31600.001,17343,57,0,0,0,0,0,8,750,5,45,0,0,0,0,0,0,0,0,0,0,0,0,0,0,0,0,0,0,0,0,0,0,228,16493,0,0,0,0
31615.654,15652,63,0,0,0,0,0,8,745,5,45,0,0,0,0,0,0,0,0,0,0,0,0,0,0,0,0,0,0,0,0,0,0,237,17398,0,0,0,0
31632.710,17056,58,0,0,0,0,0,8,739,5,45,0,0,0,0,0,0,0,0,0,0,0,0,0,0,0,0,0,0,0,0,0,0,217,15614,0,0,0,0
31649.608,16898,59,0,0,0,0,0,8,780,5,45,0,0,0,0,0,0,0,0,0,0,0,0,0,0,0,0,0,0,0,0,0,0,227,17036,0,0,0,0
31666.151,16542,60,0,0,0,0,0,8,783,5,45,0,0,0,0,0,0,0,0,0,0,0,0,0,0,0,0,0,0,0,0,0,0,228,16933,0,0,0,0
31682.642,16490,60,0,0,0,0,0,8,671,5,45,0,0,0,0,0,0,0,0,0,0,0,0,0,0,0,0,0,0,0,0,0,0,249,16617,0,0,0,0
31699.751,17109,58,0,0,0,0,0,8,784,5,45,0,0,0,0,0,0,0,0,0,0,0,0,0,0,0,0,0,0,0,0,0,0,216,16331,0,0,0,0
31717.002,17250,57,0,0,0,0,0,8,783,5,45,0,0,0,0,0,0,0,0,0,0,0,0,0,0,0,0,0,0,0,0,0,0,233,17174,0,0,0,0
31732.590,15588,64,0,0,0,0,0,8,706,5,45,0,0,0,0,0,0,0,0,0,0,0,0,0,0,0,0,0,0,0,0,0,0,240,17281,0,0,0,0
31749.204,16613,60,0,0,0,0,0,8,779,5,45,0,0,0,0,0,0,0,0,0,0,0,0,0,0,0,0,0,0,0,0,0,0,230,15762,0,0,0,0
31765.997,16792,59,0,0,0,0,0,8,713,5,45,0,0,0,0,0,0,0,0,0,0,0,0,0,0,0,0,0,0,0,0,0,0,234,16440,0,0,0,0
31782.603,16606,60,0,0,0,0,0,8,745,5,45,0,0,0,0,0,0,0,0,0,0,0,0,0,0,0,0,0,0,0,0,0,0,220,16821,0,0,0,0
31799.518,16914,59,0,0,0,0,0,8,783,5,45,0,0,0,0,0,0,0,0,0,0,0,0,0,0,0,0,0,0,0,0,0,0,243,16576,0,0,0,0
31816.059,16541,60,0,0,0,0,0,8,777,5,45,0,0,0,0,0,0,0,0,0,0,0,0,0,0,0,0,0,0,0,0,0,0,217,17003,0,0,0,0
31832.822,16762,59,0,0,0,0,0,8,713,5,45,0,0,0,0,0,0,0,0,0,0,0,0,0,0,0,0,0,0,0,0,0,0,233,16893,0,0,0,0
31849.570,16748,59,0,0,0,0,0,8,745,5,45,0,0,0,0,0,0,0,0,0,0,0,0,0,0,0,0,0,0,0,0,0,0,230,16303,0,0,0,0
31866.132,16562,60,0,0,0,0,0,8,737,5,45,0,0,0,0,0,0,0,0,0,0,0,0,0,0,0,0,0,0,0,0,0,0,224,16760,0,0,0,0
31882.517,16384,61,0,0,0,0,0,8,750,5,45,0,0,0,0,0,0,0,0,0,0,0,0,0,0,0,0,0,0,0,0,0,0,216,17436,0,0,0,0
31899.595,17077,58,0,0,0,0,0,8,785,5,45,0,0,0,0,0,0,0,0,0,0,0,0,0,0,0,0,0,0,0,0,0,0,202,15509,0,0,0,0
31915.907,16312,61,0,0,0,0,0,8,751,5,45,0,0,0,0,0,0,0,0,0,0,0,0,0,0,0,0,0,0,0,0,0,0,246,17097,0,0,0,0
31932.700,16792,59,0,0,0,0,0,8,707,5,45,0,0,0,0,0,0,0,0,0,0,0,0,0,0,0,0,0,0,0,0,0,0,238,16373,0,0,0,0
31949.372,16672,59,0,0,0,0,0,8,935,5,45,0,0,0,0,0,0,0,0,0,0,0,0,0,0,0,0,0,0,0,0,0,0,218,17274,0,0,0,0
31966.030,16658,60,0,0,0,0,0,8,1079,5,45,0,0,0,0,0,0,0,0,0,0,0,0,0,0,0,0,0,0,0,0,0,0,234,16443,0,0,0,0
31982.998,16967,58,0,0,0,0,0,8,791,5,45,0,0,0,0,0,0,0,0,0,0,0,0,0,0,0,0,0,0,0,0,0,0,237,16408,0,0,0,0
31998.936,15938,62,0,0,0,0,0,8,778,5,45,0,0,0,0,0,0,0,0,0,0,0,0,0,0,0,0,0,0,0,0,0,0,235,16943,0,0,0,0
32015.997,17060,58,0,0,0,0,0,8,818,5,45,0,0,0,0,0,0,0,0,0,0,0,0,0,0,0,0,0,0,0,0,0,0,232,15799,0,0,0,0
32032.992,16995,58,0,0,0,0,0,8,746,5,45,0,0,0,0,0,0,0,0,0,0,0,0,0,0,0,0,0,0,0,0,0,0,243,17300,0,0,0,0
32049.999,17006,58,0,0,0,0,0,8,813,5,45,0,0,0,0,0,0,0,0,0,0,0,0,0,0,0,0,0,0,0,0,0,0,240,16822,0,0,0,0
32066.144,16144,61,0,0,0,0,0,8,766,5,45,0,0,0,0,0,0,0,0,0,0,0,0,0,0,0,0,0,0,0,0,0,0,249,17067,0,0,0,0
32082.732,16588,60,0,0,0,0,0,8,722,5,45,0,0,0,0,0,0,0,0,0,0,0,0,0,0,0,0,0,0,0,0,0,0,259,17068,0,0,0,0
32099.215,16483,60,0,0,0,0,0,8,805,5,45,0,0,0,0,0,0,0,0,0,0,0,0,0,0,0,0,0,0,0,0,0,0,219,15566,0,0,0,0
32115.651,16435,60,0,0,0,0,0,8,765,5,45,0,0,0,0,0,0,0,0,0,0,0,0,0,0,0,0,0,0,0,0,0,0,222,16545,0,0,0,0
32132.695,17044,58,0,0,0,0,0,8,768,5,45,0,0,0,0,0,0,0,0,0,0,0,0,0,0,0,0,0,0,0,0,0,0,222,16453,0,0,0,0
32149.521,16825,59,0,0,0,0,0,8,810,5,45,0,0,0,0,0,0,0,0,0,0,0,0,0,0,0,0,0,0,0,0,0,0,219,16955,0,0,0,0
32166.052,16531,60,0,0,0,0,0,8,760,5,45,0,0,0,0,0,0,0,0,0,0,0,0,0,0,0,0,0,0,0,0,0,0,230,16907,0,0,0,0
32182.746,16694,59,0,0,0,0,0,8,725,5,45,0,0,0,0,0,0,0,0,0,0,0,0,0,0,0,0,0,0,0,0,0,0,225,16939,0,0,0,0
32199.217,16471,60,0,0,0,0,0,8,806,5,45,0,0,0,0,0,0,0,0,0,0,0,0,0,0,0,0,0,0,0,0,0,0,217,16090,0,0,0,0
32216.130,16913,59,0,0,0,0,0,8,813,5,45,0,0,0,0,0,0,0,0,0,0,0,0,0,0,0,0,0,0,0,0,0,0,227,16644,0,0,0,0
32232.661,16530,60,0,0,0,0,0,8,729,5,45,0,0,0,0,0,0,0,0,0,0,0,0,0,0,0,0,0,0,0,0,0,0,234,17270,0,0,0,0
32249.328,16666,59,0,0,0,0,0,8,766,5,45,0,0,0,0,0,0,0,0,0,0,0,0,0,0,0,0,0,0,0,0,0,0,218,16176,0,0,0,0
32266.138,16809,59,0,0,0,0,0,8,771,5,45,0,0,0,0,0,0,0,0,0,0,0,0,0,0,0,0,0,0,0,0,0,0,234,16667,0,0,0,0
32283.053,16915,59,0,0,0,0,0,8,766,5,45,0,0,0,0,0,0,0,0,0,0,0,0,0,0,0,0,0,0,0,0,0,0,255,16953,0,0,0,0
32299.642,16589,60,0,0,0,0,0,8,811,5,45,0,0,0,0,0,0,0,0,0,0,0,0,0,0,0,0,0,0,0,0,0,0,241,16685,0,0,0,0
32316.137,16494,60,0,0,0,0,0,8,754,5,45,0,0,0,0,0,0,0,0,0,0,0,0,0,0,0,0,0,0,0,0,0,0,239,16667,0,0,0,0
32332.506,16369,61,0,0,0,0,0,8,739,5,45,0,0,0,0,0,0,0,0,0,0,0,0,0,0,0,0,0,0,0,0,0,0,222,17303,0,0,0,0
32349.551,17044,58,0,0,0,0,0,8,811,5,45,0,0,0,0,0,0,0,0,0,0,0,0,0,0,0,0,0,0,0,0,0,0,221,15637,0,0,0,0
32366.136,16585,60,0,0,0,0,0,8,770,5,45,0,0,0,0,0,0,0,0,0,0,0,0,0,0,0,0,0,0,0,0,0,0,241,16973,0,0,0,0
32382.520,16384,61,0,0,0,0,0,8,760,5,45,0,0,0,0,0,0,0,0,0,0,0,0,0,0,0,0,0,0,0,0,0,0,238,17429,0,0,0,0
32399.720,17199,58,0,0,0,0,0,8,772,5,45,0,0,0,0,0,0,0,0,0,0,0,0,0,0,0,0,0,0,0,0,0,0,223,15999,0,0,0,0
32416.260,16540,60,0,0,0,0,0,8,811,5,45,0,0,0,0,0,0,0,0,0,0,0,0,0,0,0,0,0,0,0,0,0,0,230,16748,0,0,0,0
32432.562,16302,61,0,0,0,0,0,8,721,5,45,0,0,0,0,0,0,0,0,0,0,0,0,0,0,0,0,0,0,0,0,0,0,229,16744,0,0,0,0
32450.003,17440,57,0,0,0,0,0,8,811,5,45,0,0,0,0,0,0,0,0,0,0,0,0,0,0,0,0,0,0,0,0,0,0,227,16492,0,0,0,0
32465.994,15991,62,0,0,0,0,0,8,767,5,45,0,0,0,0,0,0,0,0,0,0,0,0,0,0,0,0,0,0,0,0,0,0,231,17142,0,0,0,0
32482.670,16675,59,0,0,0,0,0,8,722,5,45,0,0,0,0,0,0,0,0,0,0,0,0,0,0,0,0,0,0,0,0,0,0,257,15965,0,0,0,0
32499.995,17325,57,0,0,0,0,0,8,832,5,45,0,0,0,0,0,0,0,0,0,0,0,0,0,0,0,0,0,0,0,0,0,0,242,17401,0,0,0,0
32516.991,16996,58,0,0,0,0,0,8,830,5,45,0,0,0,0,0,0,0,0,0,0,0,0,0,0,0,0,0,0,0,0,0,0,221,16650,0,0,0,0
32532.675,15683,63,0,0,0,0,0,8,763,5,45,0,0,0,0,0,0,0,0,0,0,0,0,0,0,0,0,0,0,0,0,0,0,225,17048,0,0,0,0
32549.522,16847,59,0,0,0,0,0,8,833,5,45,0,0,0,0,0,0,0,0,0,0,0,0,0,0,0,0,0,0,0,0,0,0,233,15865,0,0,0,0
32566.130,16608,60,0,0,0,0,0,8,204,5,45,0,0,0,0,0,0,0,0,0,0,0,0,0,0,0,0,0,0,0,0,0,0,0,0,0,0,0,0
32776.205,210075,4,0,0,0,0,0,8,348777,18,49,0,0,0,0,0,0,0,0,0,0,0,0,0,0,0,0,0,0,0,0,0,0,113065,241175,0,0,0,0
32817.639,41433,24,0,0,0,0,0,8,56600,8,50,0,0,0,0,0,0,0,0,0,0,0,0,0,0,0,0,0,0,0,0,0,0,0,41418,0,0,0,0
32829.506,11866,84,0,0,0,0,0,8,10659,5,50,0,0,0,0,0,0,0,0,0,0,0,0,0,0,0,0,0,0,0,0,0,0,82,82,0,0,0,0
32846.505,16999,58,0,0,0,0,0,8,9124,5,50,0,0,0,0,0,0,0,0,0,0,0,0,0,0,0,0,0,0,0,0,0,0,201,13451,0,0,0,0
32863.016,16510,60,0,0,0,0,0,8,6980,5,50,0,0,0,0,0,0,0,0,0,0,0,0,0,0,0,0,0,0,0,0,0,0,222,16445,0,0,0,0
32878.999,15982,62,0,0,0,0,0,8,6348,5,50,0,0,0,0,0,0,0,0,0,0,0,0,0,0,0,0,0,0,0,0,0,0,212,17034,0,0,0,0
32896.130,17131,58,0,0,0,0,0,8,41414,5,50,0,0,0,0,0,0,0,0,0,0,0,0,0,0,0,0,0,0,0,0,0,0,225,15994,0,0,0,0
32912.503,16372,61,0,0,0,0,0,8,46400,5,50,0,0,0,0,0,0,0,0,0,0,0,0,0,0,0,0,0,0,0,0,0,0,201,17103,0,0,0,0
32929.678,17175,58,0,0,0,0,0,8,48702,5,50,0,0,0,0,0,0,0,0,0,0,0,0,0,0,0,0,0,0,0,0,0,0,195,15863,0,0,0,0
32946.139,16460,60,0,0,0,0,0,8,49768,5,50,0,0,0,0,0,0,0,0,0,0,0,0,0,0,0,0,0,0,0,0,0,0,213,18240,0,0,0,0
32962.546,16407,60,0,0,0,0,0,8,12161,5,50,0,0,0,0,0,0,0,0,0,0,0,0,0,0,0,0,0,0,0,0,0,0,198,15901,0,0,0,0
32979.675,17128,58,0,0,0,0,0,8,207,5,50,0,0,0,0,0,0,0,0,0,0,0,0,0,0,0,0,0,0,0,0,0,0,248,17028,0,0,0,0
32996.539,16863,59,0,0,0,0,0,8,434,5,50,0,0,0,0,0,0,0,0,0,0,0,0,0,0,0,0,0,0,0,0,0,0,213,17075,0,0,0,0
33012.579,16039,62,0,0,0,0,0,8,28536,5,50,0,0,0,0,0,0,0,0,0,0,0,0,0,0,0,0,0,0,0,0,0,0,237,16846,0,0,0,0
33028.899,16320,61,0,0,0,0,0,8,12095,5,50,0,0,0,0,0,0,0,0,0,0,0,0,0,0,0,0,0,0,0,0,0,0,225,15016,0,0,0,0
33046.986,18086,55,0,0,0,0,0,8,39736,5,51,0,0,0,0,0,0,0,0,0,0,0,0,0,0,0,0,0,0,0,0,0,0,245,16827,0,0,0,0
33062.679,15692,63,0,0,0,0,0,8,246,5,51,0,0,0,0,0,0,0,0,0,0,0,0,0,0,0,0,0,0,0,0,0,0,227,18073,0,0,0,0
33079.567,16888,59,0,0,0,0,0,8,388,5,51,0,0,0,0,0,0,0,0,0,0,0,0,0,0,0,0,0,0,0,0,0,0,193,16190,0,0,0,0
33096.509,16941,59,0,0,0,0,0,8,685,5,51,0,0,0,0,0,0,0,0,0,0,0,0,0,0,0,0,0,0,0,0,0,0,176,15835,0,0,0,0
33112.777,16268,61,0,0,0,0,0,8,29197,5,51,0,0,0,0,0,0,0,0,0,0,0,0,0,0,0,0,0,0,0,0,0,0,180,17461,0,0,0,0
33129.543,16765,59,0,0,0,0,0,8,8621,5,51,0,0,0,0,0,0,0,0,0,0,0,0,0,0,0,0,0,0,0,0,0,0,196,15762,0,0,0,0
33146.293,16750,59,0,0,0,0,0,8,2901,5,51,0,0,0,0,0,0,0,0,0,0,0,0,0,0,0,0,0,0,0,0,0,0,192,17286,0,0,0,0
33218.372,72079,13,0,0,0,0,0,8,79301,50,53,0,0,0,0,0,0,0,0,0,0,0,0,0,0,0,0,0,0,0,0,0,0,274552,87209,0,0,0,0
33229.366,10993,90,0,0,0,0,0,8,51344,44,53,0,0,0,0,0,0,0,0,0,0,0,0,0,0,0,0,0,0,0,0,0,0,297,9743,0,0,0,0
36499.760,3270393,0,0,0,0,0,0,8,90260,434,53,0,0,0,0,0,0,0,0,0,0,0,0,0,0,0,0,0,0,0,0,0,0,506,3271641,0,0,0,0
36512.986,13225,75,0,0,0,0,0,8,34362,44,53,0,0,0,0,0,0,0,0,0,0,0,0,0,0,0,0,0,0,0,0,0,0,288,8739,0,0,0,0
36529.960,16973,58,0,0,0,0,0,8,34416,44,53,0,0,0,0,0,0,0,0,0,0,0,0,0,0,0,0,0,0,0,0,0,0,275,18737,0,0,0,0
36545.876,15916,62,0,0,0,0,0,8,39316,44,53,0,0,0,0,0,0,0,0,0,0,0,0,0,0,0,0,0,0,0,0,0,0,282,15495,0,0,0,0
36563.000,17123,58,0,0,0,0,0,8,63269,44,53,0,0,0,0,0,0,0,0,0,0,0,0,0,0,0,0,0,0,0,0,0,0,522,15655,0,0,0,0
36579.670,16670,59,0,0,0,0,0,8,34240,44,53,0,0,0,0,0,0,0,0,0,0,0,0,0,0,0,0,0,0,0,0,0,0,323,11782,0,0,0,0
36596.098,16427,60,0,0,0,0,0,8,34383,44,53,0,0,0,0,0,0,0,0,0,0,0,0,0,0,0,0,0,0,0,0,0,0,351,16254,0,0,0,0
36612.953,16855,59,0,0,0,0,0,8,34491,44,53,0,0,0,0,0,0,0,0,0,0,0,0,0,0,0,0,0,0,0,0,0,0,331,16485,0,0,0,0
36629.508,16555,60,0,0,0,0,0,8,35812,44,53,0,0,0,0,0,0,0,0,0,0,0,0,0,0,0,0,0,0,0,0,0,0,348,16033,0,0,0,0
36646.171,16663,60,0,0,0,0,0,8,35081,44,53,0,0,0,0,0,0,0,0,0,0,0,0,0,0,0,0,0,0,0,0,0,0,356,17287,0,0,0,0
36662.534,16362,61,0,0,0,0,0,8,34956,44,53,0,0,0,0,0,0,0,0,0,0,0,0,0,0,0,0,0,0,0,0,0,0,377,16553,0,0,0,0
36679.467,16933,59,0,0,0,0,0,8,35536,44,53,0,0,0,0,0,0,0,0,0,0,0,0,0,0,0,0,0,0,0,0,0,0,326,16781,0,0,0,0
36696.476,17008,58,0,0,0,0,0,8,35759,44,53,0,0,0,0,0,0,0,0,0,0,0,0,0,0,0,0,0,0,0,0,0,0,327,16486,0,0,0,0
36712.979,16503,60,0,0,0,0,0,8,35401,44,53,0,0,0,0,0,0,0,0,0,0,0,0,0,0,0,0,0,0,0,0,0,0,346,17018,0,0,0,0
36729.960,16980,58,0,0,0,0,0,8,34941,44,53,0,0,0,0,0,0,0,0,0,0,0,0,0,0,0,0,0,0,0,0,0,0,328,16596,0,0,0,0
36745.815,15855,63,0,0,0,0,0,8,33976,44,53,0,0,0,0,0,0,0,0,0,0,0,0,0,0,0,0,0,0,0,0,0,0,343,17127,0,0,0,0
36763.092,17276,57,0,0,0,0,0,8,33771,44,53,0,0,0,0,0,0,0,0,0,0,0,0,0,0,0,0,0,0,0,0,0,0,324,15540,0,0,0,0
36779.529,16437,60,0,0,0,0,0,8,33741,44,53,0,0,0,0,0,0,0,0,0,0,0,0,0,0,0,0,0,0,0,0,0,0,345,17517,0,0,0,0
36796.194,16664,60,0,0,0,0,0,8,33629,44,53,0,0,0,0,0,0,0,0,0,0,0,0,0,0,0,0,0,0,0,0,0,0,328,16178,0,0,0,0
36812.953,16759,59,0,0,0,0,0,8,33500,44,53,0,0,0,0,0,0,0,0,0,0,0,0,0,0,0,0,0,0,0,0,0,0,352,16897,0,0,0,0
36829.955,17001,58,0,0,0,0,0,8,33189,44,53,0,0,0,0,0,0,0,0,0,0,0,0,0,0,0,0,0,0,0,0,0,0,361,15529,0,0,0,0
36846.495,16539,60,0,0,0,0,0,8,33682,44,53,0,0,0,0,0,0,0,0,0,0,0,0,0,0,0,0,0,0,0,0,0,0,357,18400,0,0,0,0
36862.620,16124,62,0,0,0,0,0,8,33481,44,53,0,0,0,0,0,0,0,0,0,0,0,0,0,0,0,0,0,0,0,0,0,0,353,16317,0,0,0,0
36879.659,17039,58,0,0,0,0,0,8,33202,44,53,0,0,0,0,0,0,0,0,0,0,0,0,0,0,0,0,0,0,0,0,0,0,324,16157,0,0,0,0
36896.090,16431,60,0,0,0,0,0,8,34983,44,53,0,0,0,0,0,0,0,0,0,0,0,0,0,0,0,0,0,0,0,0,0,0,371,16982,0,0,0,0
36912.930,16839,59,0,0,0,0,0,8,35136,44,53,0,0,0,0,0,0,0,0,0,0,0,0,0,0,0,0,0,0,0,0,0,0,325,16448,0,0,0,0
36930.484,17554,56,0,0,0,0,0,8,34993,44,53,0,0,0,0,0,0,0,0,0,0,0,0,0,0,0,0,0,0,0,0,0,0,355,16777,0,0,0,0
36946.102,15617,64,0,0,0,0,0,8,35514,44,53,0,0,0,0,0,0,0,0,0,0,0,0,0,0,0,0,0,0,0,0,0,0,337,17549,0,0,0,0
36962.501,16398,60,0,0,0,0,0,8,35105,44,53,0,0,0,0,0,0,0,0,0,0,0,0,0,0,0,0,0,0,0,0,0,0,316,15647,0,0,0,0
36979.352,16851,59,0,0,0,0,0,8,34960,44,53,0,0,0,0,0,0,0,0,0,0,0,0,0,0,0,0,0,0,0,0,0,0,348,16306,0,0,0,0
36996.103,16751,59,0,0,0,0,0,8,35235,44,53,0,0,0,0,0,0,0,0,0,0,0,0,0,0,0,0,0,0,0,0,0,0,328,16611,0,0,0,0
37012.953,16849,59,0,0,0,0,0,8,35556,44,53,0,0,0,0,0,0,0,0,0,0,0,0,0,0,0,0,0,0,0,0,0,0,347,17483,0,0,0,0
37029.967,17014,58,0,0,0,0,0,8,34953,44,53,0,0,0,0,0,0,0,0,0,0,0,0,0,0,0,0,0,0,0,0,0,0,328,15834,0,0,0,0
37045.972,16004,62,0,0,0,0,0,8,35512,44,53,0,0,0,0,0,0,0,0,0,0,0,0,0,0,0,0,0,0,0,0,0,0,381,18255,0,0,0,0
37062.727,16755,59,0,0,0,0,0,8,35290,44,53,0,0,0,0,0,0,0,0,0,0,0,0,0,0,0,0,0,0,0,0,0,0,335,15448,0,0,0,0
37079.291,16563,60,0,0,0,0,0,8,35034,44,53,0,0,0,0,0,0,0,0,0,0,0,0,0,0,0,0,0,0,0,0,0,0,369,16773,0,0,0,0
37096.091,16800,59,0,0,0,0,0,8,35269,44,53,0,0,0,0,0,0,0,0,0,0,0,0,0,0,0,0,0,0,0,0,0,0,342,16175,0,0,0,0
37112.917,16826,59,0,0,0,0,0,8,35608,44,53,0,0,0,0,0,0,0,0,0,0,0,0,0,0,0,0,0,0,0,0,0,0,347,17298,0,0,0,0
37129.959,17042,58,0,0,0,0,0,8,34956,44,53,0,0,0,0,0,0,0,0,0,0,0,0,0,0,0,0,0,0,0,0,0,0,330,16336,0,0,0,0
37145.861,15900,62,0,0,0,0,0,8,35598,44,53,0,0,0,0,0,0,0,0,0,0,0,0,0,0,0,0,0,0,0,0,0,0,330,17464,0,0,0,0
37162.951,17090,58,0,0,0,0,0,8,33453,44,53,0,0,0,0,0,0,0,0,0,0,0,0,0,0,0,0,0,0,0,0,0,0,339,15741,0,0,0,0
37179.171,16220,61,0,0,0,0,0,8,33506,44,53,0,0,0,0,0,0,0,0,0,0,0,0,0,0,0,0,0,0,0,0,0,0,335,17107,0,0,0,0
37196.141,16969,58,0,0,0,0,0,8,33437,44,53,0,0,0,0,0,0,0,0,0,0,0,0,0,0,0,0,0,0,0,0,0,0,331,15813,0,0,0,0
37212.495,16353,61,0,0,0,0,0,8,33255,44,53,0,0,0,0,0,0,0,0,0,0,0,0,0,0,0,0,0,0,0,0,0,0,353,17322,0,0,0,0
37229.322,16827,59,0,0,0,0,0,8,33147,44,53,0,0,0,0,0,0,0,0,0,0,0,0,0,0,0,0,0,0,0,0,0,0,345,16505,0,0,0,0
37246.087,16765,59,0,0,0,0,0,8,33069,44,53,0,0,0,0,0,0,0,0,0,0,0,0,0,0,0,0,0,0,0,0,0,0,347,16452,0,0,0,0
37262.582,16494,60,0,0,0,0,0,8,33581,44,53,0,0,0,0,0,0,0,0,0,0,0,0,0,0,0,0,0,0,0,0,0,0,358,17675,0,0,0,0
37279.973,17390,57,0,0,0,0,0,8,33111,44,53,0,0,0,0,0,0,0,0,0,0,0,0,0,0,0,0,0,0,0,0,0,0,330,15782,0,0,0,0
37296.143,16170,61,0,0,0,0,0,8,33409,44,53,0,0,0,0,0,0,0,0,0,0,0,0,0,0,0,0,0,0,0,0,0,0,361,17253,0,0,0,0
37312.951,16808,59,0,0,0,0,0,8,33262,44,53,0,0,0,0,0,0,0,0,0,0,0,0,0,0,0,0,0,0,0,0,0,0,346,16475,0,0,0,0
37329.468,16516,60,0,0,0,0,0,8,33155,44,53,0,0,0,0,0,0,0,0,0,0,0,0,0,0,0,0,0,0,0,0,0,0,347,16201,0,0,0,0
37346.271,16803,59,0,0,0,0,0,8,33602,44,53,0,0,0,0,0,0,0,0,0,0,0,0,0,0,0,0,0,0,0,0,0,0,347,16875,0,0,0,0
37362.849,16577,60,0,0,0,0,0,8,33285,44,53,0,0,0,0,0,0,0,0,0,0,0,0,0,0,0,0,0,0,0,0,0,0,360,16831,0,0,0,0
37379.955,17106,58,0,0,0,0,0,8,33304,44,53,0,0,0,0,0,0,0,0,0,0,0,0,0,0,0,0,0,0,0,0,0,0,381,16620,0,0,0,0
37396.283,16327,61,0,0,0,0,0,8,33699,44,53,0,0,0,0,0,0,0,0,0,0,0,0,0,0,0,0,0,0,0,0,0,0,359,18194,0,0,0,0
37412.948,16665,60,0,0,0,0,0,8,33505,44,53,0,0,0,0,0,0,0,0,0,0,0,0,0,0,0,0,0,0,0,0,0,0,320,14813,0,0,0,0
37429.487,16539,60,0,0,0,0,0,8,33339,44,53,0,0,0,0,0,0,0,0,0,0,0,0,0,0,0,0,0,0,0,0,0,0,339,17594,0,0,0,0
37446.333,16845,59,0,0,0,0,0,8,33332,44,53,0,0,0,0,0,0,0,0,0,0,0,0,0,0,0,0,0,0,0,0,0,0,336,15783,0,0,0,0
37462.889,16556,60,0,0,0,0,0,8,33828,44,53,0,0,0,0,0,0,0,0,0,0,0,0,0,0,0,0,0,0,0,0,0,0,328,17332,0,0,0,0
37479.513,16623,60,0,0,0,0,0,8,33425,44,53,0,0,0,0,0,0,0,0,0,0,0,0,0,0,0,0,0,0,0,0,0,0,340,16062,0,0,0,0
37496.227,16714,59,0,0,0,0,0,8,33415,44,53,0,0,0,0,0,0,0,0,0,0,0,0,0,0,0,0,0,0,0,0,0,0,336,16726,0,0,0,0
37512.946,16718,59,0,0,0,0,0,8,33569,44,53,0,0,0,0,0,0,0,0,0,0,0,0,0,0,0,0,0,0,0,0,0,0,344,16785,0,0,0,0
37529.956,17009,58,0,0,0,0,0,8,33507,44,53,0,0,0,0,0,0,0,0,0,0,0,0,0,0,0,0,0,0,0,0,0,0,346,16904,0,0,0,0
37546.084,16128,62,0,0,0,0,0,8,33917,44,53,0,0,0,0,0,0,0,0,0,0,0,0,0,0,0,0,0,0,0,0,0,0,360,18061,0,0,0,0
37562.954,16870,59,0,0,0,0,0,8,34403,44,53,0,0,0,0,0,0,0,0,0,0,0,0,0,0,0,0,0,0,0,0,0,0,344,15021,0,0,0,0
37579.955,17001,58,0,0,0,0,0,8,33626,44,53,0,0,0,0,0,0,0,0,0,0,0,0,0,0,0,0,0,0,0,0,0,0,325,15495,0,0,0,0
37595.998,16042,62,0,0,0,0,0,8,34106,44,53,0,0,0,0,0,0,0,0,0,0,0,0,0,0,0,0,0,0,0,0,0,0,330,18742,0,0,0,0
37612.958,16960,58,0,0,0,0,0,8,33653,44,53,0,0,0,0,0,0,0,0,0,0,0,0,0,0,0,0,0,0,0,0,0,0,302,15640,0,0,0,0
37629.956,16998,58,0,0,0,0,0,8,33572,44,53,0,0,0,0,0,0,0,0,0,0,0,0,0,0,0,0,0,0,0,0,0,0,337,16154,0,0,0,0
37646.241,16285,61,0,0,0,0,0,8,34123,44,53,0,0,0,0,0,0,0,0,0,0,0,0,0,0,0,0,0,0,0,0,0,0,345,18162,0,0,0,0
37662.946,16705,59,0,0,0,0,0,8,33703,44,53,0,0,0,0,0,0,0,0,0,0,0,0,0,0,0,0,0,0,0,0,0,0,357,15797,0,0,0,0
37680.503,17557,56,0,0,0,0,0,8,33576,44,53,0,0,0,0,0,0,0,0,0,0,0,0,0,0,0,0,0,0,0,0,0,0,336,15939,0,0,0,0
37696.203,15699,63,0,0,0,0,0,8,34087,44,53,0,0,0,0,0,0,0,0,0,0,0,0,0,0,0,0,0,0,0,0,0,0,344,18649,0,0,0,0
37712.942,16739,59,0,0,0,0,0,8,33781,44,53,0,0,0,0,0,0,0,0,0,0,0,0,0,0,0,0,0,0,0,0,0,0,320,15185,0,0,0,0
37729.163,16220,61,0,0,0,0,0,8,33909,44,53,0,0,0,0,0,0,0,0,0,0,0,0,0,0,0,0,0,0,0,0,0,0,338,17491,0,0,0,0
37746.291,17128,58,0,0,0,0,0,8,33815,44,53,0,0,0,0,0,0,0,0,0,0,0,0,0,0,0,0,0,0,0,0,0,0,344,15913,0,0,0,0
37762.979,16688,59,0,0,0,0,0,8,33933,44,53,0,0,0,0,0,0,0,0,0,0,0,0,0,0,0,0,0,0,0,0,0,0,340,17220,0,0,0,0
37779.297,16318,61,0,0,0,0,0,8,33543,44,53,0,0,0,0,0,0,0,0,0,0,0,0,0,0,0,0,0,0,0,0,0,0,352,16683,0,0,0,0
37796.465,17167,58,0,0,0,0,0,8,33763,44,53,0,0,0,0,0,0,0,0,0,0,0,0,0,0,0,0,0,0,0,0,0,0,330,15877,0,0,0,0
37812.952,16487,60,0,0,0,0,0,8,34119,44,53,0,0,0,0,0,0,0,0,0,0,0,0,0,0,0,0,0,0,0,0,0,0,353,17459,0,0,0,0
37829.947,16994,58,0,0,0,0,0,8,33553,44,53,0,0,0,0,0,0,0,0,0,0,0,0,0,0,0,0,0,0,0,0,0,0,318,16685,0,0,0,0
37846.038,16090,62,0,0,0,0,0,8,34040,44,53,0,0,0,0,0,0,0,0,0,0,0,0,0,0,0,0,0,0,0,0,0,0,351,16959,0,0,0,0
37862.943,16905,59,0,0,0,0,0,8,33623,44,53,0,0,0,0,0,0,0,0,0,0,0,0,0,0,0,0,0,0,0,0,0,0,360,16095,0,0,0,0
37879.463,16520,60,0,0,0,0,0,8,33593,44,53,0,0,0,0,0,0,0,0,0,0,0,0,0,0,0,0,0,0,0,0,0,0,351,15907,0,0,0,0
37896.988,17524,57,0,0,0,0,0,8,33830,44,53,0,0,0,0,0,0,0,0,0,0,0,0,0,0,0,0,0,0,0,0,0,0,346,17300,0,0,0,0
37912.934,15945,62,0,0,0,0,0,8,34086,44,53,0,0,0,0,0,0,0,0,0,0,0,0,0,0,0,0,0,0,0,0,0,0,354,17719,0,0,0,0
37929.545,16611,60,0,0,0,0,0,8,33441,44,53,0,0,0,0,0,0,0,0,0,0,0,0,0,0,0,0,0,0,0,0,0,0,344,15598,0,0,0,0
37946.184,16639,60,0,0,0,0,0,8,33470,44,53,0,0,0,0,0,0,0,0,0,0,0,0,0,0,0,0,0,0,0,0,0,0,333,16914,0,0,0,0
37962.942,16757,59,0,0,0,0,0,8,33573,44,53,0,0,0,0,0,0,0,0,0,0,0,0,0,0,0,0,0,0,0,0,0,0,346,16474,0,0,0,0
37979.940,16998,58,0,0,0,0,0,8,33771,44,53,0,0,0,0,0,0,0,0,0,0,0,0,0,0,0,0,0,0,0,0,0,0,363,17322,0,0,0,0
37996.466,16526,60,0,0,0,0,0,8,33819,44,53,0,0,0,0,0,0,0,0,0,0,0,0,0,0,0,0,0,0,0,0,0,0,323,15515,0,0,0,0
38012.867,16400,60,0,0,0,0,0,8,33919,44,53,0,0,0,0,0,0,0,0,0,0,0,0,0,0,0,0,0,0,0,0,0,0,333,17858,0,0,0,0
38029.493,16625,60,0,0,0,0,0,8,33475,44,53,0,0,0,0,0,0,0,0,0,0,0,0,0,0,0,0,0,0,0,0,0,0,318,15736,0,0,0,0
38046.111,16618,60,0,0,0,0,0,8,33505,44,53,0,0,0,0,0,0,0,0,0,0,0,0,0,0,0,0,0,0,0,0,0,0,333,16899,0,0,0,0
38062.580,16469,60,0,0,0,0,0,8,33455,44,53,0,0,0,0,0,0,0,0,0,0,0,0,0,0,0,0,0,0,0,0,0,0,341,16529,0,0,0,0
38079.458,16877,59,0,0,0,0,0,8,33450,44,53,0,0,0,0,0,0,0,0,0,0,0,0,0,0,0,0,0,0,0,0,0,0,329,16397,0,0,0,0
38096.287,16829,59,0,0,0,0,0,8,33547,44,53,0,0,0,0,0,0,0,0,0,0,0,0,0,0,0,0,0,0,0,0,0,0,379,16736,0,0,0,0
38112.687,16399,60,0,0,0,0,0,8,33479,44,53,0,0,0,0,0,0,0,0,0,0,0,0,0,0,0,0,0,0,0,0,0,0,352,16681,0,0,0,0
38129.455,16769,59,0,0,0,0,0,8,33399,44,53,0,0,0,0,0,0,0,0,0,0,0,0,0,0,0,0,0,0,0,0,0,0,303,16808,0,0,0,0
38146.243,16787,59,0,0,0,0,0,8,33467,44,53,0,0,0,0,0,0,0,0,0,0,0,0,0,0,0,0,0,0,0,0,0,0,340,16747,0,0,0,0
38162.941,16698,59,0,0,0,0,0,8,33323,44,53,0,0,0,0,0,0,0,0,0,0,0,0,0,0,0,0,0,0,0,0,0,0,350,16820,0,0,0,0
38179.946,17005,58,0,0,0,0,0,8,33451,44,53,0,0,0,0,0,0,0,0,0,0,0,0,0,0,0,0,0,0,0,0,0,0,336,15936,0,0,0,0
38196.045,16098,62,0,0,0,0,0,8,33997,44,53,0,0,0,0,0,0,0,0,0,0,0,0,0,0,0,0,0,0,0,0,0,0,342,18141,0,0,0,0
38212.488,16442,60,0,0,0,0,0,8,33423,44,53,0,0,0,0,0,0,0,0,0,0,0,0,0,0,0,0,0,0,0,0,0,0,355,15914,0,0,0,0
38229.343,16855,59,0,0,0,0,0,8,33508,44,53,0,0,0,0,0,0,0,0,0,0,0,0,0,0,0,0,0,0,0,0,0,0,306,16510,0,0,0,0
38246.065,16711,59,0,0,0,0,0,8,33908,44,53,0,0,0,0,0,0,0,0,0,0,0,0,0,0,0,0,0,0,0,0,0,0,340,17178,0,0,0,0
38262.938,16883,59,0,0,0,0,0,8,33502,44,53,0,0,0,0,0,0,0,0,0,0,0,0,0,0,0,0,0,0,0,0,0,0,377,16247,0,0,0,0
38279.569,16631,60,0,0,0,0,0,8,33421,44,53,0,0,0,0,0,0,0,0,0,0,0,0,0,0,0,0,0,0,0,0,0,0,327,15734,0,0,0,0
38296.187,16617,60,0,0,0,0,0,8,33932,44,53,0,0,0,0,0,0,0,0,0,0,0,0,0,0,0,0,0,0,0,0,0,0,375,18187,0,0,0,0
38312.521,16334,61,0,0,0,0,0,8,33483,44,53,0,0,0,0,0,0,0,0,0,0,0,0,0,0,0,0,0,0,0,0,0,0,325,15623,0,0,0,0
38329.394,16872,59,0,0,0,0,0,8,33342,44,53,0,0,0,0,0,0,0,0,0,0,0,0,0,0,0,0,0,0,0,0,0,0,329,16767,0,0,0,0
38345.940,16545,60,0,0,0,0,0,8,33489,44,53,0,0,0,0,0,0,0,0,0,0,0,0,0,0,0,0,0,0,0,0,0,0,339,17013,0,0,0,0
38362.943,17002,58,0,0,0,0,0,8,33551,44,53,0,0,0,0,0,0,0,0,0,0,0,0,0,0,0,0,0,0,0,0,0,0,337,16411,0,0,0,0
38379.653,16710,59,0,0,0,0,0,8,33390,44,53,0,0,0,0,0,0,0,0,0,0,0,0,0,0,0,0,0,0,0,0,0,0,348,16322,0,0,0,0
38396.141,16488,60,0,0,0,0,0,8,33897,44,53,0,0,0,0,0,0,0,0,0,0,0,0,0,0,0,0,0,0,0,0,0,0,330,17577,0,0,0,0
38412.629,16488,60,0,0,0,0,0,8,33433,44,53,0,0,0,0,0,0,0,0,0,0,0,0,0,0,0,0,0,0,0,0,0,0,354,16411,0,0,0,0
38429.947,17318,57,0,0,0,0,0,8,33396,44,53,0,0,0,0,0,0,0,0,0,0,0,0,0,0,0,0,0,0,0,0,0,0,339,16434,0,0,0,0
38446.127,16179,61,0,0,0,0,0,8,33530,44,53,0,0,0,0,0,0,0,0,0,0,0,0,0,0,0,0,0,0,0,0,0,0,354,17183,0,0,0,0
38462.954,16827,59,0,0,0,0,0,8,33496,44,53,0,0,0,0,0,0,0,0,0,0,0,0,0,0,0,0,0,0,0,0,0,0,329,16306,0,0,0,0
38480.467,17512,57,0,0,0,0,0,8,33725,44,53,0,0,0,0,0,0,0,0,0,0,0,0,0,0,0,0,0,0,0,0,0,0,335,17222,0,0,0,0
38496.199,15732,63,0,0,0,0,0,8,33702,44,53,0,0,0,0,0,0,0,0,0,0,0,0,0,0,0,0,0,0,0,0,0,0,345,17063,0,0,0,0
38512.728,16529,60,0,0,0,0,0,8,33638,44,53,0,0,0,0,0,0,0,0,0,0,0,0,0,0,0,0,0,0,0,0,0,0,377,15754,0,0,0,0
38529.314,16586,60,0,0,0,0,0,8,33388,44,53,0,0,0,0,0,0,0,0,0,0,0,0,0,0,0,0,0,0,0,0,0,0,331,16625,0,0,0,0
38545.901,16586,60,0,0,0,0,0,8,33398,44,53,0,0,0,0,0,0,0,0,0,0,0,0,0,0,0,0,0,0,0,0,0,0,317,16460,0,0,0,0
38563.076,17175,58,0,0,0,0,0,8,33432,44,53,0,0,0,0,0,0,0,0,0,0,0,0,0,0,0,0,0,0,0,0,0,0,329,17145,0,0,0,0
38579.957,16874,59,0,0,0,0,0,8,33717,44,53,0,0,0,0,0,0,0,0,0,0,0,0,0,0,0,0,0,0,0,0,0,0,365,16895,0,0,0,0
38596.460,16509,60,0,0,0,0,0,8,33454,44,53,0,0,0,0,0,0,0,0,0,0,0,0,0,0,0,0,0,0,0,0,0,0,364,16515,0,0,0,0
38612.779,16319,61,0,0,0,0,0,8,33519,44,53,0,0,0,0,0,0,0,0,0,0,0,0,0,0,0,0,0,0,0,0,0,0,347,16505,0,0,0,0
38629.601,16822,59,0,0,0,0,0,8,33392,44,53,0,0,0,0,0,0,0,0,0,0,0,0,0,0,0,0,0,0,0,0,0,0,342,16194,0,0,0,0
38646.098,16496,60,0,0,0,0,0,8,33361,44,53,0,0,0,0,0,0,0,0,0,0,0,0,0,0,0,0,0,0,0,0,0,0,333,16687,0,0,0,0
38662.943,16844,59,0,0,0,0,0,8,33512,44,53,0,0,0,0,0,0,0,0,0,0,0,0,0,0,0,0,0,0,0,0,0,0,366,16717,0,0,0,0
38679.448,16505,60,0,0,0,0,0,8,33749,44,53,0,0,0,0,0,0,0,0,0,0,0,0,0,0,0,0,0,0,0,0,0,0,347,17290,0,0,0,0
38696.451,17002,58,0,0,0,0,0,8,33416,44,53,0,0,0,0,0,0,0,0,0,0,0,0,0,0,0,0,0,0,0,0,0,0,350,16238,0,0,0,0
38712.660,16209,61,0,0,0,0,0,8,33439,44,53,0,0,0,0,0,0,0,0,0,0,0,0,0,0,0,0,0,0,0,0,0,0,401,16739,0,0,0,0
38729.564,16904,59,0,0,0,0,0,8,33401,44,53,0,0,0,0,0,0,0,0,0,0,0,0,0,0,0,0,0,0,0,0,0,0,341,16466,0,0,0,0
38746.072,16507,60,0,0,0,0,0,8,33439,44,53,0,0,0,0,0,0,0,0,0,0,0,0,0,0,0,0,0,0,0,0,0,0,337,16685,0,0,0,0
38762.935,16863,59,0,0,0,0,0,8,33430,44,53,0,0,0,0,0,0,0,0,0,0,0,0,0,0,0,0,0,0,0,0,0,0,330,16296,0,0,0,0
38779.304,16369,61,0,0,0,0,0,8,33747,44,53,0,0,0,0,0,0,0,0,0,0,0,0,0,0,0,0,0,0,0,0,0,0,368,17643,0,0,0,0
38796.069,16765,59,0,0,0,0,0,8,33506,44,53,0,0,0,0,0,0,0,0,0,0,0,0,0,0,0,0,0,0,0,0,0,0,323,15575,0,0,0,0
38812.679,16609,60,0,0,0,0,0,8,33738,44,53,0,0,0,0,0,0,0,0,0,0,0,0,0,0,0,0,0,0,0,0,0,0,357,17715,0,0,0,0
38830.465,17786,56,0,0,0,0,0,8,33398,44,53,0,0,0,0,0,0,0,0,0,0,0,0,0,0,0,0,0,0,0,0,0,0,326,16225,0,0,0,0
38846.098,15632,63,0,0,0,0,0,8,33779,44,53,0,0,0,0,0,0,0,0,0,0,0,0,0,0,0,0,0,0,0,0,0,0,363,17824,0,0,0,0
38862.933,16835,59,0,0,0,0,0,8,33499,44,53,0,0,0,0,0,0,0,0,0,0,0,0,0,0,0,0,0,0,0,0,0,0,324,15075,0,0,0,0
38879.936,17003,58,0,0,0,0,0,8,33777,44,53,0,0,0,0,0,0,0,0,0,0,0,0,0,0,0,0,0,0,0,0,0,0,350,17558,0,0,0,0
38896.020,16074,62,0,0,0,0,0,8,33395,44,53,0,0,0,0,0,0,0,0,0,0,0,0,0,0,0,0,0,0,0,0,0,0,321,15350,0,0,0,0
38912.938,16928,59,0,0,0,0,0,8,33856,44,53,0,0,0,0,0,0,0,0,0,0,0,0,0,0,0,0,0,0,0,0,0,0,371,17849,0,0,0,0
38929.939,17000,58,0,0,0,0,0,8,33302,44,53,0,0,0,0,0,0,0,0,0,0,0,0,0,0,0,0,0,0,0,0,0,0,351,15493,0,0,0,0
38946.298,16358,61,0,0,0,0,0,8,33785,44,53,0,0,0,0,0,0,0,0,0,0,0,0,0,0,0,0,0,0,0,0,0,0,325,18355,0,0,0,0
38963.073,16774,59,0,0,0,0,0,8,33090,44,53,0,0,0,0,0,0,0,0,0,0,0,0,0,0,0,0,0,0,0,0,0,0,343,15829,0,0,0,0
38979.569,16496,60,0,0,0,0,0,8,33323,44,53,0,0,0,0,0,0,0,0,0,0,0,0,0,0,0,0,0,0,0,0,0,0,340,17137,0,0,0,0
38996.452,16882,59,0,0,0,0,0,8,32802,44,53,0,0,0,0,0,0,0,0,0,0,0,0,0,0,0,0,0,0,0,0,0,0,339,16679,0,0,0,0
39012.592,16140,61,0,0,0,0,0,8,33211,44,53,0,0,0,0,0,0,0,0,0,0,0,0,0,0,0,0,0,0,0,0,0,0,319,16335,0,0,0,0
39029.447,16854,59,0,0,0,0,0,8,33048,44,53,0,0,0,0,0,0,0,0,0,0,0,0,0,0,0,0,0,0,0,0,0,0,349,16350,0,0,0,0
39046.932,17484,57,0,0,0,0,0,8,33102,44,53,0,0,0,0,0,0,0,0,0,0,0,0,0,0,0,0,0,0,0,0,0,0,322,17345,0,0,0,0
39062.738,15806,63,0,0,0,0,0,8,33525,44,53,0,0,0,0,0,0,0,0,0,0,0,0,0,0,0,0,0,0,0,0,0,0,358,17136,0,0,0,0
39079.452,16714,59,0,0,0,0,0,8,33089,44,53,0,0,0,0,0,0,0,0,0,0,0,0,0,0,0,0,0,0,0,0,0,0,344,15619,0,0,0,0
39096.315,16863,59,0,0,0,0,0,8,33198,44,53,0,0,0,0,0,0,0,0,0,0,0,0,0,0,0,0,0,0,0,0,0,0,362,16477,0,0,0,0
39112.980,16664,60,0,0,0,0,0,8,33498,44,53,0,0,0,0,0,0,0,0,0,0,0,0,0,0,0,0,0,0,0,0,0,0,335,17389,0,0,0,0
39129.546,16566,60,0,0,0,0,0,8,33118,44,53,0,0,0,0,0,0,0,0,0,0,0,0,0,0,0,0,0,0,0,0,0,0,354,16154,0,0,0,0
39145.975,16429,60,0,0,0,0,0,8,33073,44,53,0,0,0,0,0,0,0,0,0,0,0,0,0,0,0,0,0,0,0,0,0,0,326,16814,0,0,0,0
39162.931,16955,58,0,0,0,0,0,8,33097,44,53,0,0,0,0,0,0,0,0,0,0,0,0,0,0,0,0,0,0,0,0,0,0,352,16118,0,0,0,0
39179.171,16240,61,0,0,0,0,0,8,33308,44,53,0,0,0,0,0,0,0,0,0,0,0,0,0,0,0,0,0,0,0,0,0,0,366,17484,0,0,0,0
39196.076,16904,59,0,0,0,0,0,8,33005,44,53,0,0,0,0,0,0,0,0,0,0,0,0,0,0,0,0,0,0,0,0,0,0,327,15943,0,0,0,0
39212.929,16852,59,0,0,0,0,0,8,32970,44,53,0,0,0,0,0,0,0,0,0,0,0,0,0,0,0,0,0,0,0,0,0,0,343,16925,0,0,0,0
39229.447,16517,60,0,0,0,0,0,8,33350,44,53,0,0,0,0,0,0,0,0,0,0,0,0,0,0,0,0,0,0,0,0,0,0,339,17247,0,0,0,0
39246.174,16727,59,0,0,0,0,0,8,32941,44,53,0,0,0,0,0,0,0,0,0,0,0,0,0,0,0,0,0,0,0,0,0,0,321,16502,0,0,0,0
39262.602,16428,60,0,0,0,0,0,8,33050,44,53,0,0,0,0,0,0,0,0,0,0,0,0,0,0,0,0,0,0,0,0,0,0,368,16550,0,0,0,0
39279.467,16865,59,0,0,0,0,0,8,32939,44,53,0,0,0,0,0,0,0,0,0,0,0,0,0,0,0,0,0,0,0,0,0,0,333,16249,0,0,0,0
39296.143,16675,59,0,0,0,0,0,8,32924,44,53,0,0,0,0,0,0,0,0,0,0,0,0,0,0,0,0,0,0,0,0,0,0,393,16482,0,0,0,0
39312.478,16336,61,0,0,0,0,0,8,33010,44,53,0,0,0,0,0,0,0,0,0,0,0,0,0,0,0,0,0,0,0,0,0,0,337,17084,0,0,0,0
39329.529,17050,58,0,0,0,0,0,8,32994,44,53,0,0,0,0,0,0,0,0,0,0,0,0,0,0,0,0,0,0,0,0,0,0,345,16628,0,0,0,0
39346.239,16710,59,0,0,0,0,0,8,33296,44,53,0,0,0,0,0,0,0,0,0,0,0,0,0,0,0,0,0,0,0,0,0,0,340,17123,0,0,0,0
39362.832,16592,60,0,0,0,0,0,8,32893,44,53,0,0,0,0,0,0,0,0,0,0,0,0,0,0,0,0,0,0,0,0,0,0,333,15933,0,0,0,0
39379.546,16714,59,0,0,0,0,0,8,32980,44,53,0,0,0,0,0,0,0,0,0,0,0,0,0,0,0,0,0,0,0,0,0,0,354,16886,0,0,0,0
39396.059,16513,60,0,0,0,0,0,8,32944,44,53,0,0,0,0,0,0,0,0,0,0,0,0,0,0,0,0,0,0,0,0,0,0,329,16483,0,0,0,0
39412.477,16418,60,0,0,0,0,0,8,32968,44,53,0,0,0,0,0,0,0,0,0,0,0,0,0,0,0,0,0,0,0,0,0,0,339,16721,0,0,0,0
39429.938,17460,57,0,0,0,0,0,8,32981,44,53,0,0,0,0,0,0,0,0,0,0,0,0,0,0,0,0,0,0,0,0,0,0,331,16470,0,0,0,0
39446.055,16116,62,0,0,0,0,0,8,33300,44,53,0,0,0,0,0,0,0,0,0,0,0,0,0,0,0,0,0,0,0,0,0,0,334,17737,0,0,0,0
39462.929,16874,59,0,0,0,0,0,8,32956,44,53,0,0,0,0,0,0,0,0,0,0,0,0,0,0,0,0,0,0,0,0,0,0,358,15879,0,0,0,0
39479.942,17012,58,0,0,0,0,0,8,32943,44,53,0,0,0,0,0,0,0,0,0,0,0,0,0,0,0,0,0,0,0,0,0,0,358,17098,0,0,0,0
39496.928,16986,58,0,0,0,0,0,8,32958,44,53,0,0,0,0,0,0,0,0,0,0,0,0,0,0,0,0,0,0,0,0,0,0,335,16444,0,0,0,0
39512.913,15985,62,0,0,0,0,0,8,33368,44,53,0,0,0,0,0,0,0,0,0,0,0,0,0,0,0,0,0,0,0,0,0,0,335,17743,0,0,0,0
39529.934,17020,58,0,0,0,0,0,8,32928,44,53,0,0,0,0,0,0,0,0,0,0,0,0,0,0,0,0,0,0,0,0,0,0,335,15538,0,0,0,0
39546.941,17007,58,0,0,0,0,0,8,32996,44,53,0,0,0,0,0,0,0,0,0,0,0,0,0,0,0,0,0,0,0,0,0,0,367,16831,0,0,0,0
39562.992,16050,62,0,0,0,0,0,8,33238,44,53,0,0,0,0,0,0,0,0,0,0,0,0,0,0,0,0,0,0,0,0,0,0,351,17732,0,0,0,0
39579.457,16465,60,0,0,0,0,0,8,32408,44,53,0,0,0,0,0,0,0,0,0,0,0,0,0,0,0,0,0,0,0,0,0,0,319,15844,0,0,0,0
39596.935,17477,57,0,0,0,0,0,8,32900,44,53,0,0,0,0,0,0,0,0,0,0,0,0,0,0,0,0,0,0,0,0,0,0,336,15952,0,0,0,0
39612.960,16025,62,0,0,0,0,0,8,33180,44,53,0,0,0,0,0,0,0,0,0,0,0,0,0,0,0,0,0,0,0,0,0,0,350,17951,0,0,0,0
39629.014,16053,62,0,0,0,0,0,8,32786,44,53,0,0,0,0,0,0,0,0,0,0,0,0,0,0,0,0,0,0,0,0,0,0,326,16245,0,0,0,0
39646.005,16991,58,0,0,0,0,0,8,32917,44,53,0,0,0,0,0,0,0,0,0,0,0,0,0,0,0,0,0,0,0,0,0,0,347,15791,0,0,0,0
39662.495,16489,60,0,0,0,0,0,8,32869,44,53,0,0,0,0,0,0,0,0,0,0,0,0,0,0,0,0,0,0,0,0,0,0,337,16814,0,0,0,0
39679.465,16970,58,0,0,0,0,0,8,32758,44,53,0,0,0,0,0,0,0,0,0,0,0,0,0,0,0,0,0,0,0,0,0,0,382,16116,0,0,0,0
39696.062,16596,60,0,0,0,0,0,8,33186,44,53,0,0,0,0,0,0,0,0,0,0,0,0,0,0,0,0,0,0,0,0,0,0,327,17415,0,0,0,0
39712.546,16483,60,0,0,0,0,0,8,32872,44,53,0,0,0,0,0,0,0,0,0,0,0,0,0,0,0,0,0,0,0,0,0,0,330,16420,0,0,0,0
39729.928,17382,57,0,0,0,0,0,8,32755,44,53,0,0,0,0,0,0,0,0,0,0,0,0,0,0,0,0,0,0,0,0,0,0,342,16201,0,0,0,0
39746.245,16317,61,0,0,0,0,0,8,33289,44,53,0,0,0,0,0,0,0,0,0,0,0,0,0,0,0,0,0,0,0,0,0,0,362,18010,0,0,0,0
39762.474,16228,61,0,0,0,0,0,8,32857,44,53,0,0,0,0,0,0,0,0,0,0,0,0,0,0,0,0,0,0,0,0,0,0,358,15809,0,0,0,0
39779.476,17001,58,0,0,0,0,0,8,32771,44,53,0,0,0,0,0,0,0,0,0,0,0,0,0,0,0,0,0,0,0,0,0,0,316,16301,0,0,0,0
39796.061,16585,60,0,0,0,0,0,8,32786,44,53,0,0,0,0,0,0,0,0,0,0,0,0,0,0,0,0,0,0,0,0,0,0,344,16890,0,0,0,0
39812.926,16865,59,0,0,0,0,0,8,32923,44,53,0,0,0,0,0,0,0,0,0,0,0,0,0,0,0,0,0,0,0,0,0,0,354,16944,0,0,0,0
39829.658,16731,59,0,0,0,0,0,8,32772,44,53,0,0,0,0,0,0,0,0,0,0,0,0,0,0,0,0,0,0,0,0,0,0,348,16880,0,0,0,0
39846.151,16493,60,0,0,0,0,0,8,32768,44,53,0,0,0,0,0,0,0,0,0,0,0,0,0,0,0,0,0,0,0,0,0,0,344,16166,0,0,0,0
39863.065,16913,59,0,0,0,0,0,8,32875,44,53,0,0,0,0,0,0,0,0,0,0,0,0,0,0,0,0,0,0,0,0,0,0,325,16863,0,0,0,0
39879.649,16584,60,0,0,0,0,0,8,32798,44,53,0,0,0,0,0,0,0,0,0,0,0,0,0,0,0,0,0,0,0,0,0,0,322,16858,0,0,0,0
39896.006,16357,61,0,0,0,0,0,8,32749,44,53,0,0,0,0,0,0,0,0,0,0,0,0,0,0,0,0,0,0,0,0,0,0,314,16835,0,0,0,0
39912.925,16919,59,0,0,0,0,0,8,32872,44,53,0,0,0,0,0,0,0,0,0,0,0,0,0,0,0,0,0,0,0,0,0,0,340,16040,0,0,0,0
39929.217,16291,61,0,0,0,0,0,8,33122,44,53,0,0,0,0,0,0,0,0,0,0,0,0,0,0,0,0,0,0,0,0,0,0,365,17491,0,0,0,0
39945.924,16707,59,0,0,0,0,0,8,32929,44,53,0,0,0,0,0,0,0,0,0,0,0,0,0,0,0,0,0,0,0,0,0,0,339,16009,0,0,0,0
39962.920,16995,58,0,0,0,0,0,8,33002,44,53,0,0,0,0,0,0,0,0,0,0,0,0,0,0,0,0,0,0,0,0,0,0,353,16708,0,0,0,0
39978.819,15898,62,0,0,0,0,0,8,32816,44,53,0,0,0,0,0,0,0,0,0,0,0,0,0,0,0,0,0,0,0,0,0,0,336,17115,0,0,0,0
39996.190,17371,57,0,0,0,0,0,8,32925,44,53,0,0,0,0,0,0,0,0,0,0,0,0,0,0,0,0,0,0,0,0,0,0,318,14285,0,0,0,0
40012.817,16626,60,0,0,0,0,0,8,33113,44,53,0,0,0,0,0,0,0,0,0,0,0,0,0,0,0,0,0,0,0,0,0,0,363,18836,0,0,0,0
40029.151,16334,61,0,0,0,0,0,8,32121,44,53,0,0,0,0,0,0,0,0,0,0,0,0,0,0,0,0,0,0,0,0,0,0,327,16531,0,0,0,0
40045.812,16661,60,0,0,0,0,0,8,32203,44,53,0,0,0,0,0,0,0,0,0,0,0,0,0,0,0,0,0,0,0,0,0,0,356,16631,0,0,0,0
40062.914,17101,58,0,0,0,0,0,8,32101,44,53,0,0,0,0,0,0,0,0,0,0,0,0,0,0,0,0,0,0,0,0,0,0,360,16018,0,0,0,0
40079.455,16541,60,0,0,0,0,0,8,32485,44,53,0,0,0,0,0,0,0,0,0,0,0,0,0,0,0,0,0,0,0,0,0,0,350,17704,0,0,0,0
40096.270,16814,59,0,0,0,0,0,8,32091,44,53,0,0,0,0,0,0,0,0,0,0,0,0,0,0,0,0,0,0,0,0,0,0,320,16306,0,0,0,0
40112.924,16654,60,0,0,0,0,0,8,32066,44,53,0,0,0,0,0,0,0,0,0,0,0,0,0,0,0,0,0,0,0,0,0,0,344,17137,0,0,0,0
40129.440,16515,60,0,0,0,0,0,8,32097,44,53,0,0,0,0,0,0,0,0,0,0,0,0,0,0,0,0,0,0,0,0,0,0,340,16638,0,0,0,0
40146.063,16623,60,0,0,0,0,0,8,32132,44,53,0,0,0,0,0,0,0,0,0,0,0,0,0,0,0,0,0,0,0,0,0,0,323,16274,0,0,0,0
40162.586,16522,60,0,0,0,0,0,8,32051,44,53,0,0,0,0,0,0,0,0,0,0,0,0,0,0,0,0,0,0,0,0,0,0,346,16481,0,0,0,0
40179.933,17346,57,0,0,0,0,0,8,32010,44,53,0,0,0,0,0,0,0,0,0,0,0,0,0,0,0,0,0,0,0,0,0,0,337,16722,0,0,0,0
40196.058,16125,62,0,0,0,0,0,8,32482,44,53,0,0,0,0,0,0,0,0,0,0,0,0,0,0,0,0,0,0,0,0,0,0,348,17789,0,0,0,0
40212.928,16869,59,0,0,0,0,0,8,32117,44,53,0,0,0,0,0,0,0,0,0,0,0,0,0,0,0,0,0,0,0,0,0,0,367,15897,0,0,0,0
40229.439,16510,60,0,0,0,0,0,8,31974,44,53,0,0,0,0,0,0,0,0,0,0,0,0,0,0,0,0,0,0,0,0,0,0,347,15504,0,0,0,0
40246.040,16601,60,0,0,0,0,0,8,32385,44,53,0,0,0,0,0,0,0,0,0,0,0,0,0,0,0,0,0,0,0,0,0,0,337,17927,0,0,0,0
40262.921,16880,59,0,0,0,0,0,8,32142,44,53,0,0,0,0,0,0,0,0,0,0,0,0,0,0,0,0,0,0,0,0,0,0,369,16502,0,0,0,0
40279.089,16168,61,0,0,0,0,0,8,31941,44,53,0,0,0,0,0,0,0,0,0,0,0,0,0,0,0,0,0,0,0,0,0,0,355,16807,0,0,0,0
40296.106,17017,58,0,0,0,0,0,8,32381,44,53,0,0,0,0,0,0,0,0,0,0,0,0,0,0,0,0,0,0,0,0,0,0,349,14807,0,0,0,0
40312.925,16818,59,0,0,0,0,0,8,32709,44,53,0,0,0,0,0,0,0,0,0,0,0,0,0,0,0,0,0,0,0,0,0,0,347,18547,0,0,0,0
40329.593,16668,59,0,0,0,0,0,8,32279,44,53,0,0,0,0,0,0,0,0,0,0,0,0,0,0,0,0,0,0,0,0,0,0,357,15362,0,0,0,0
40345.725,16131,61,0,0,0,0,0,8,32694,44,53,0,0,0,0,0,0,0,0,0,0,0,0,0,0,0,0,0,0,0,0,0,0,357,17923,0,0,0,0
40362.920,17195,58,0,0,0,0,0,8,32421,44,53,0,0,0,0,0,0,0,0,0,0,0,0,0,0,0,0,0,0,0,0,0,0,323,15951,0,0,0,0
40379.541,16620,60,0,0,0,0,0,8,32672,44,53,0,0,0,0,0,0,0,0,0,0,0,0,0,0,0,0,0,0,0,0,0,0,352,17528,0,0,0,0
40395.575,16033,62,0,0,0,0,0,8,32412,44,53,0,0,0,0,0,0,0,0,0,0,0,0,0,0,0,0,0,0,0,0,0,0,318,15923,0,0,0,0
40412.476,16901,59,0,0,0,0,0,8,32302,44,53,0,0,0,0,0,0,0,0,0,0,0,0,0,0,0,0,0,0,0,0,0,0,348,15982,0,0,0,0
40429.645,17169,58,0,0,0,0,0,8,32954,44,53,0,0,0,0,0,0,0,0,0,0,0,0,0,0,0,0,0,0,0,0,0,0,327,17698,0,0,0,0
40446.068,16422,60,0,0,0,0,0,8,32627,44,53,0,0,0,0,0,0,0,0,0,0,0,0,0,0,0,0,0,0,0,0,0,0,340,16739,0,0,0,0
40462.785,16716,59,0,0,0,0,0,8,32143,44,53,0,0,0,0,0,0,0,0,0,0,0,0,0,0,0,0,0,0,0,0,0,0,343,16554,0,0,0,0
40479.365,16580,60,0,0,0,0,0,8,31943,44,53,0,0,0,0,0,0,0,0,0,0,0,0,0,0,0,0,0,0,0,0,0,0,361,16436,0,0,0,0
40496.063,16697,59,0,0,0,0,0,8,31908,44,53,0,0,0,0,0,0,0,0,0,0,0,0,0,0,0,0,0,0,0,0,0,0,353,16443,0,0,0,0
40512.909,16845,59,0,0,0,0,0,8,32061,44,53,0,0,0,0,0,0,0,0,0,0,0,0,0,0,0,0,0,0,0,0,0,0,354,16952,0,0,0,0
40529.093,16183,61,0,0,0,0,0,8,31906,44,53,0,0,0,0,0,0,0,0,0,0,0,0,0,0,0,0,0,0,0,0,0,0,363,16651,0,0,0,0
40546.062,16969,58,0,0,0,0,0,8,32014,44,53,0,0,0,0,0,0,0,0,0,0,0,0,0,0,0,0,0,0,0,0,0,0,352,16350,0,0,0,0
40563.062,16999,58,0,0,0,0,0,8,32021,44,53,0,0,0,0,0,0,0,0,0,0,0,0,0,0,0,0,0,0,0,0,0,0,355,17103,0,0,0,0
40579.459,16396,60,0,0,0,0,0,8,32687,44,53,0,0,0,0,0,0,0,0,0,0,0,0,0,0,0,0,0,0,0,0,0,0,322,17984,0,0,0,0
40596.111,16652,60,0,0,0,0,0,8,32361,44,53,0,0,0,0,0,0,0,0,0,0,0,0,0,0,0,0,0,0,0,0,0,0,359,15068,0,0,0,0
40612.565,16453,60,0,0,0,0,0,8,32513,44,53,0,0,0,0,0,0,0,0,0,0,0,0,0,0,0,0,0,0,0,0,0,0,366,16937,0,0,0,0
40629.923,17358,57,0,0,0,0,0,8,32580,44,53,0,0,0,0,0,0,0,0,0,0,0,0,0,0,0,0,0,0,0,0,0,0,329,16687,0,0,0,0
40646.258,16335,61,0,0,0,0,0,8,33106,44,53,0,0,0,0,0,0,0,0,0,0,0,0,0,0,0,0,0,0,0,0,0,0,360,17656,0,0,0,0
40662.613,16354,61,0,0,0,0,0,8,32860,44,53,0,0,0,0,0,0,0,0,0,0,0,0,0,0,0,0,0,0,0,0,0,0,321,16050,0,0,0,0
40679.939,17326,57,0,0,0,0,0,8,32848,44,53,0,0,0,0,0,0,0,0,0,0,0,0,0,0,0,0,0,0,0,0,0,0,338,16540,0,0,0,0
40696.063,16123,62,0,0,0,0,0,8,32792,44,53,0,0,0,0,0,0,0,0,0,0,0,0,0,0,0,0,0,0,0,0,0,0,334,15833,0,0,0,0
40712.487,16424,60,0,0,0,0,0,8,33239,44,53,0,0,0,0,0,0,0,0,0,0,0,0,0,0,0,0,0,0,0,0,0,0,363,17436,0,0,0,0
40729.529,17041,58,0,0,0,0,0,8,32812,44,53,0,0,0,0,0,0,0,0,0,0,0,0,0,0,0,0,0,0,0,0,0,0,327,16148,0,0,0,0
40746.572,17042,58,0,0,0,0,0,8,34340,44,53,0,0,0,0,0,0,0,0,0,0,0,0,0,0,0,0,0,0,0,0,0,0,344,17230,0,0,0,0
40762.469,15897,62,0,0,0,0,0,8,34665,44,53,0,0,0,0,0,0,0,0,0,0,0,0,0,0,0,0,0,0,0,0,0,0,339,17082,0,0,0,0
40779.341,16871,59,0,0,0,0,0,8,34270,44,53,0,0,0,0,0,0,0,0,0,0,0,0,0,0,0,0,0,0,0,0,0,0,358,15840,0,0,0,0
40796.133,16791,59,0,0,0,0,0,8,35015,44,53,0,0,0,0,0,0,0,0,0,0,0,0,0,0,0,0,0,0,0,0,0,0,331,16588,0,0,0,0
40812.917,16784,59,0,0,0,0,0,8,34959,44,53,0,0,0,0,0,0,0,0,0,0,0,0,0,0,0,0,0,0,0,0,0,0,361,17073,0,0,0,0
40829.923,17006,58,0,0,0,0,0,8,35353,44,53,0,0,0,0,0,0,0,0,0,0,0,0,0,0,0,0,0,0,0,0,0,0,357,17404,0,0,0,0
40846.081,16158,61,0,0,0,0,0,8,34984,44,53,0,0,0,0,0,0,0,0,0,0,0,0,0,0,0,0,0,0,0,0,0,0,361,15191,0,0,0,0
40862.712,16631,60,0,0,0,0,0,8,36350,44,53,0,0,0,0,0,0,0,0,0,0,0,0,0,0,0,0,0,0,0,0,0,0,362,17396,0,0,0,0
40879.917,17204,58,0,0,0,0,0,8,35900,44,53,0,0,0,0,0,0,0,0,0,0,0,0,0,0,0,0,0,0,0,0,0,0,342,16821,0,0,0,0
40896.054,16137,61,0,0,0,0,0,8,36345,44,53,0,0,0,0,0,0,0,0,0,0,0,0,0,0,0,0,0,0,0,0,0,0,338,17522,0,0,0,0
40912.565,16510,60,0,0,0,0,0,8,37278,44,53,0,0,0,0,0,0,0,0,0,0,0,0,0,0,0,0,0,0,0,0,0,0,341,16193,0,0,0,0
40929.588,17023,58,0,0,0,0,0,8,37208,44,53,0,0,0,0,0,0,0,0,0,0,0,0,0,0,0,0,0,0,0,0,0,0,378,16453,0,0,0,0
40946.135,16546,60,0,0,0,0,0,8,37686,44,53,0,0,0,0,0,0,0,0,0,0,0,0,0,0,0,0,0,0,0,0,0,0,321,17007,0,0,0,0
40962.593,16457,60,0,0,0,0,0,8,37418,44,53,0,0,0,0,0,0,0,0,0,0,0,0,0,0,0,0,0,0,0,0,0,0,395,16072,0,0,0,0
40979.137,16543,60,0,0,0,0,0,8,37392,44,53,0,0,0,0,0,0,0,0,0,0,0,0,0,0,0,0,0,0,0,0,0,0,362,16493,0,0,0,0
40995.919,16782,59,0,0,0,0,0,8,37928,44,53,0,0,0,0,0,0,0,0,0,0,0,0,0,0,0,0,0,0,0,0,0,0,341,16819,0,0,0,0
41012.621,16702,59,0,0,0,0,0,8,37832,44,53,0,0,0,0,0,0,0,0,0,0,0,0,0,0,0,0,0,0,0,0,0,0,354,16930,0,0,0,0
41029.492,16870,59,0,0,0,0,0,8,37839,44,53,0,0,0,0,0,0,0,0,0,0,0,0,0,0,0,0,0,0,0,0,0,0,391,16272,0,0,0,0
41046.936,17443,57,0,0,0,0,0,8,38966,44,53,0,0,0,0,0,0,0,0,0,0,0,0,0,0,0,0,0,0,0,0,0,0,378,16902,0,0,0,0
41062.622,15686,63,0,0,0,0,0,8,39329,44,53,0,0,0,0,0,0,0,0,0,0,0,0,0,0,0,0,0,0,0,0,0,0,335,18093,0,0,0,0
41079.432,16810,59,0,0,0,0,0,8,39028,44,53,0,0,0,0,0,0,0,0,0,0,0,0,0,0,0,0,0,0,0,0,0,0,358,15414,0,0,0,0
41096.191,16759,59,0,0,0,0,0,8,39415,44,53,0,0,0,0,0,0,0,0,0,0,0,0,0,0,0,0,0,0,0,0,0,0,336,17012,0,0,0,0
41112.918,16727,59,0,0,0,0,0,8,39229,44,53,0,0,0,0,0,0,0,0,0,0,0,0,0,0,0,0,0,0,0,0,0,0,359,16722,0,0,0,0
41129.191,16272,61,0,0,0,0,0,8,39094,44,53,0,0,0,0,0,0,0,0,0,0,0,0,0,0,0,0,0,0,0,0,0,0,346,15693,0,0,0,0
41146.437,17245,57,0,0,0,0,0,8,40240,44,53,0,0,0,0,0,0,0,0,0,0,0,0,0,0,0,0,0,0,0,0,0,0,322,17462,0,0,0,0
41162.573,16136,61,0,0,0,0,0,8,40206,44,53,0,0,0,0,0,0,0,0,0,0,0,0,0,0,0,0,0,0,0,0,0,0,377,16887,0,0,0,0
41179.278,16704,59,0,0,0,0,0,8,40124,44,53,0,0,0,0,0,0,0,0,0,0,0,0,0,0,0,0,0,0,0,0,0,0,329,16162,0,0,0,0
41196.051,16772,59,0,0,0,0,0,8,40167,44,53,0,0,0,0,0,0,0,0,0,0,0,0,0,0,0,0,0,0,0,0,0,0,347,16723,0,0,0,0
41212.530,16478,60,0,0,0,0,0,8,40191,44,53,0,0,0,0,0,0,0,0,0,0,0,0,0,0,0,0,0,0,0,0,0,0,356,16954,0,0,0,0
41229.228,16698,59,0,0,0,0,0,8,40449,44,53,0,0,0,0,0,0,0,0,0,0,0,0,0,0,0,0,0,0,0,0,0,0,361,17388,0,0,0,0
41246.040,16811,59,0,0,0,0,0,8,40203,44,53,0,0,0,0,0,0,0,0,0,0,0,0,0,0,0,0,0,0,0,0,0,0,377,16694,0,0,0,0
41262.957,16917,59,0,0,0,0,0,8,40115,44,53,0,0,0,0,0,0,0,0,0,0,0,0,0,0,0,0,0,0,0,0,0,0,349,15699,0,0,0,0
41279.554,16597,60,0,0,0,0,0,8,40547,44,53,0,0,0,0,0,0,0,0,0,0,0,0,0,0,0,0,0,0,0,0,0,0,360,17266,0,0,0,0
41296.437,16882,59,0,0,0,0,0,8,40127,44,53,0,0,0,0,0,0,0,0,0,0,0,0,0,0,0,0,0,0,0,0,0,0,349,15943,0,0,0,0
41313.060,16623,60,0,0,0,0,0,8,40102,44,53,0,0,0,0,0,0,0,0,0,0,0,0,0,0,0,0,0,0,0,0,0,0,358,17072,0,0,0,0
41329.912,16852,59,0,0,0,0,0,8,40164,44,53,0,0,0,0,0,0,0,0,0,0,0,0,0,0,0,0,0,0,0,0,0,0,321,17006,0,0,0,0
41346.342,16430,60,0,0,0,0,0,8,40257,44,53,0,0,0,0,0,0,0,0,0,0,0,0,0,0,0,0,0,0,0,0,0,0,322,15646,0,0,0,0
41363.055,16712,59,0,0,0,0,0,8,40786,44,53,0,0,0,0,0,0,0,0,0,0,0,0,0,0,0,0,0,0,0,0,0,0,351,17491,0,0,0,0
41379.492,16437,60,0,0,0,0,0,8,40836,44,53,0,0,0,0,0,0,0,0,0,0,0,0,0,0,0,0,0,0,0,0,0,0,321,17601,0,0,0,0
41396.914,17422,57,0,0,0,0,0,8,41624,44,53,0,0,0,0,0,0,0,0,0,0,0,0,0,0,0,0,0,0,0,0,0,0,348,15487,0,0,0,0
41412.462,15548,64,0,0,0,0,0,8,41498,44,53,0,0,0,0,0,0,0,0,0,0,0,0,0,0,0,0,0,0,0,0,0,0,358,17996,0,0,0,0
41429.450,16988,58,0,0,0,0,0,8,41296,44,53,0,0,0,0,0,0,0,0,0,0,0,0,0,0,0,0,0,0,0,0,0,0,348,15034,0,0,0,0
41446.015,16565,60,0,0,0,0,0,8,41777,44,53,0,0,0,0,0,0,0,0,0,0,0,0,0,0,0,0,0,0,0,0,0,0,338,17644,0,0,0,0
41462.058,16042,62,0,0,0,0,0,8,41511,44,53,0,0,0,0,0,0,0,0,0,0,0,0,0,0,0,0,0,0,0,0,0,0,364,16277,0,0,0,0
41478.932,16873,59,0,0,0,0,0,8,41321,44,53,0,0,0,0,0,0,0,0,0,0,0,0,0,0,0,0,0,0,0,0,0,0,394,15765,0,0,0,0
41496.438,17506,57,0,0,0,0,0,8,44082,44,53,0,0,0,0,0,0,0,0,0,0,0,0,0,0,0,0,0,0,0,0,0,0,343,16419,0,0,0,0
41512.923,16484,60,0,0,0,0,0,8,44422,44,53,0,0,0,0,0,0,0,0,0,0,0,0,0,0,0,0,0,0,0,0,0,0,351,18112,0,0,0,0
41529.462,16539,60,0,0,0,0,0,8,44149,44,53,0,0,0,0,0,0,0,0,0,0,0,0,0,0,0,0,0,0,0,0,0,0,344,16547,0,0,0,0
41546.931,17469,57,0,0,0,0,0,8,44577,44,53,0,0,0,0,0,0,0,0,0,0,0,0,0,0,0,0,0,0,0,0,0,0,319,16681,0,0,0,0
41563.430,16499,60,0,0,0,0,0,8,44954,44,53,0,0,0,0,0,0,0,0,0,0,0,0,0,0,0,0,0,0,0,0,0,0,340,17812,0,0,0,0
41579.595,16164,61,0,0,0,0,0,8,44640,44,53,0,0,0,0,0,0,0,0,0,0,0,0,0,0,0,0,0,0,0,0,0,0,349,16386,0,0,0,0
41596.448,16853,59,0,0,0,0,0,8,44873,44,53,0,0,0,0,0,0,0,0,0,0,0,0,0,0,0,0,0,0,0,0,0,0,327,15668,0,0,0,0
41612.957,16508,60,0,0,0,0,0,8,44820,44,53,0,0,0,0,0,0,0,0,0,0,0,0,0,0,0,0,0,0,0,0,0,0,352,16778,0,0,0,0
41629.369,16412,60,0,0,0,0,0,8,45419,44,53,0,0,0,0,0,0,0,0,0,0,0,0,0,0,0,0,0,0,0,0,0,0,345,16934,0,0,0,0
41646.441,17072,58,0,0,0,0,0,8,45469,44,53,0,0,0,0,0,0,0,0,0,0,0,0,0,0,0,0,0,0,0,0,0,0,317,16078,0,0,0,0
41662.909,16468,60,0,0,0,0,0,8,45845,44,53,0,0,0,0,0,0,0,0,0,0,0,0,0,0,0,0,0,0,0,0,0,0,343,17305,0,0,0,0
41680.456,17546,56,0,0,0,0,0,8,45520,44,53,0,0,0,0,0,0,0,0,0,0,0,0,0,0,0,0,0,0,0,0,0,0,3089,18165,0,0,0,0
41696.004,15548,64,0,0,0,0,0,8,44784,44,53,0,0,0,0,0,0,0,0,0,0,0,0,0,0,0,0,0,0,0,0,0,0,334,15436,0,0,0,0
41712.908,16903,59,0,0,0,0,0,8,44347,44,53,0,0,0,0,0,0,0,0,0,0,0,0,0,0,0,0,0,0,0,0,0,0,323,15526,0,0,0,0
41729.926,17017,58,0,0,0,0,0,8,45455,44,53,0,0,0,0,0,0,0,0,0,0,0,0,0,0,0,0,0,0,0,0,0,0,334,17603,0,0,0,0
41746.271,16345,61,0,0,0,0,0,8,45476,44,53,0,0,0,0,0,0,0,0,0,0,0,0,0,0,0,0,0,0,0,0,0,0,359,17144,0,0,0,0
41762.607,16335,61,0,0,0,0,0,8,43605,44,53,0,0,0,0,0,0,0,0,0,0,0,0,0,0,0,0,0,0,0,0,0,0,329,15797,0,0,0,0
41779.469,16861,59,0,0,0,0,0,8,43555,44,53,0,0,0,0,0,0,0,0,0,0,0,0,0,0,0,0,0,0,0,0,0,0,328,16304,0,0,0,0
41796.059,16579,60,0,0,0,0,0,8,43863,44,53,0,0,0,0,0,0,0,0,0,0,0,0,0,0,0,0,0,0,0,0,0,0,319,16825,0,0,0,0
41812.945,16896,59,0,0,0,0,0,8,44289,44,53,0,0,0,0,0,0,0,0,0,0,0,0,0,0,0,0,0,0,0,0,0,0,390,17300,0,0,0,0
41829.253,16307,61,0,0,0,0,0,8,43865,44,53,0,0,0,0,0,0,0,0,0,0,0,0,0,0,0,0,0,0,0,0,0,0,356,16030,0,0,0,0
41845.776,16523,60,0,0,0,0,0,8,44582,44,53,0,0,0,0,0,0,0,0,0,0,0,0,0,0,0,0,0,0,0,0,0,0,354,16501,0,0,0,0
41862.787,17010,58,0,0,0,0,0,8,45193,44,53,0,0,0,0,0,0,0,0,0,0,0,0,0,0,0,0,0,0,0,0,0,0,320,17466,0,0,0,0
41879.508,16721,59,0,0,0,0,0,8,44740,44,53,0,0,0,0,0,0,0,0,0,0,0,0,0,0,0,0,0,0,0,0,0,0,357,16121,0,0,0,0
41896.048,16540,60,0,0,0,0,0,8,44824,44,53,0,0,0,0,0,0,0,0,0,0,0,0,0,0,0,0,0,0,0,0,0,0,359,16511,0,0,0,0
41913.067,17018,58,0,0,0,0,0,8,45263,44,53,0,0,0,0,0,0,0,0,0,0,0,0,0,0,0,0,0,0,0,0,0,0,374,17396,0,0,0,0
41929.918,16851,59,0,0,0,0,0,8,45186,44,53,0,0,0,0,0,0,0,0,0,0,0,0,0,0,0,0,0,0,0,0,0,0,350,17177,0,0,0,0
41946.054,16136,61,0,0,0,0,0,8,44901,44,53,0,0,0,0,0,0,0,0,0,0,0,0,0,0,0,0,0,0,0,0,0,0,299,15129,0,0,0,0
41962.505,16450,60,0,0,0,0,0,8,45201,44,53,0,0,0,0,0,0,0,0,0,0,0,0,0,0,0,0,0,0,0,0,0,0,357,17636,0,0,0,0
41979.566,17061,58,0,0,0,0,0,8,45372,44,53,0,0,0,0,0,0,0,0,0,0,0,0,0,0,0,0,0,0,0,0,0,0,305,16383,0,0,0,0
41996.912,17345,57,0,0,0,0,0,8,45740,44,53,0,0,0,0,0,0,0,0,0,0,0,0,0,0,0,0,0,0,0,0,0,0,353,16674,0,0,0,0
42012.906,15994,62,0,0,0,0,0,8,46205,44,53,0,0,0,0,0,0,0,0,0,0,0,0,0,0,0,0,0,0,0,0,0,0,342,18482,0,0,0,0
42030.429,17523,57,0,0,0,0,0,8,45923,44,53,0,0,0,0,0,0,0,0,0,0,0,0,0,0,0,0,0,0,0,0,0,0,330,14200,0,0,0,0
42046.242,15813,63,0,0,0,0,0,8,46272,44,53,0,0,0,0,0,0,0,0,0,0,0,0,0,0,0,0,0,0,0,0,0,0,332,18599,0,0,0,0
42063.049,16806,59,0,0,0,0,0,8,45869,44,53,0,0,0,0,0,0,0,0,0,0,0,0,0,0,0,0,0,0,0,0,0,0,342,15558,0,0,0,0
42079.490,16441,60,0,0,0,0,0,8,46759,44,53,0,0,0,0,0,0,0,0,0,0,0,0,0,0,0,0,0,0,0,0,0,0,354,17526,0,0,0,0
42096.910,17420,57,0,0,0,0,0,8,46326,44,53,0,0,0,0,0,0,0,0,0,0,0,0,0,0,0,0,0,0,0,0,0,0,301,15231,0,0,0,0
42112.945,16035,62,0,0,0,0,0,8,46849,44,53,0,0,0,0,0,0,0,0,0,0,0,0,0,0,0,0,0,0,0,0,0,0,355,18293,0,0,0,0
42129.908,16962,58,0,0,0,0,0,8,46372,44,53,0,0,0,0,0,0,0,0,0,0,0,0,0,0,0,0,0,0,0,0,0,0,338,15900,0,0,0,0
42146.062,16153,61,0,0,0,0,0,8,46536,44,53,0,0,0,0,0,0,0,0,0,0,0,0,0,0,0,0,0,0,0,0,0,0,326,15665,0,0,0,0
42162.903,16841,59,0,0,0,0,0,8,46308,44,53,0,0,0,0,0,0,0,0,0,0,0,0,0,0,0,0,0,0,0,0,0,0,355,16427,0,0,0,0
42179.587,16684,59,0,0,0,0,0,8,46199,44,53,0,0,0,0,0,0,0,0,0,0,0,0,0,0,0,0,0,0,0,0,0,0,326,16486,0,0,0,0
42196.048,16460,60,0,0,0,0,0,8,46681,44,53,0,0,0,0,0,0,0,0,0,0,0,0,0,0,0,0,0,0,0,0,0,0,356,18252,0,0,0,0
42213.051,17003,58,0,0,0,0,0,8,46806,44,53,0,0,0,0,0,0,0,0,0,0,0,0,0,0,0,0,0,0,0,0,0,0,354,16460,0,0,0,0
42229.442,16391,61,0,0,0,0,0,8,46317,44,53,0,0,0,0,0,0,0,0,0,0,0,0,0,0,0,0,0,0,0,0,0,0,337,16088,0,0,0,0
42246.137,16695,59,0,0,0,0,0,8,46262,44,53,0,0,0,0,0,0,0,0,0,0,0,0,0,0,0,0,0,0,0,0,0,0,322,16648,0,0,0,0
42262.697,16560,60,0,0,0,0,0,8,46659,44,53,0,0,0,0,0,0,0,0,0,0,0,0,0,0,0,0,0,0,0,0,0,0,358,18105,0,0,0,0
42279.484,16787,59,0,0,0,0,0,8,46138,44,53,0,0,0,0,0,0,0,0,0,0,0,0,0,0,0,0,0,0,0,0,0,0,342,15387,0,0,0,0
42296.160,16675,59,0,0,0,0,0,8,46083,44,53,0,0,0,0,0,0,0,0,0,0,0,0,0,0,0,0,0,0,0,0,0,0,327,16602,0,0,0,0
42312.143,15983,62,0,0,0,0,0,8,46176,44,53,0,0,0,0,0,0,0,0,0,0,0,0,0,0,0,0,0,0,0,0,0,0,355,16885,0,0,0,0
42330.429,18286,54,0,0,0,0,0,8,46018,44,53,0,0,0,0,0,0,0,0,0,0,0,0,0,0,0,0,0,0,0,0,0,0,347,15703,0,0,0,0
42346.052,15622,64,0,0,0,0,0,8,46418,44,53,0,0,0,0,0,0,0,0,0,0,0,0,0,0,0,0,0,0,0,0,0,0,402,18501,0,0,0,0
42362.908,16855,59,0,0,0,0,0,8,46283,44,53,0,0,0,0,0,0,0,0,0,0,0,0,0,0,0,0,0,0,0,0,0,0,365,15944,0,0,0,0
42379.573,16665,60,0,0,0,0,0,8,46172,44,53,0,0,0,0,0,0,0,0,0,0,0,0,0,0,0,0,0,0,0,0,0,0,334,16151,0,0,0,0
42396.424,16850,59,0,0,0,0,0,8,46610,44,53,0,0,0,0,0,0,0,0,0,0,0,0,0,0,0,0,0,0,0,0,0,0,341,17157,0,0,0,0
42412.921,16497,60,0,0,0,0,0,8,46276,44,53,0,0,0,0,0,0,0,0,0,0,0,0,0,0,0,0,0,0,0,0,0,0,329,16464,0,0,0,0
42429.372,16451,60,0,0,0,0,0,8,46273,44,53,0,0,0,0,0,0,0,0,0,0,0,0,0,0,0,0,0,0,0,0,0,0,332,15584,0,0,0,0
42445.950,16577,60,0,0,0,0,0,8,46662,44,53,0,0,0,0,0,0,0,0,0,0,0,0,0,0,0,0,0,0,0,0,0,0,349,17617,0,0,0,0
42463.060,17110,58,0,0,0,0,0,8,46299,44,53,0,0,0,0,0,0,0,0,0,0,0,0,0,0,0,0,0,0,0,0,0,0,318,16844,0,0,0,0
42479.455,16394,60,0,0,0,0,0,8,46710,44,53,0,0,0,0,0,0,0,0,0,0,0,0,0,0,0,0,0,0,0,0,0,0,329,17489,0,0,0,0
42496.252,16797,59,0,0,0,0,0,8,46183,44,53,0,0,0,0,0,0,0,0,0,0,0,0,0,0,0,0,0,0,0,0,0,0,345,15588,0,0,0,0
42512.911,16659,60,0,0,0,0,0,8,45615,44,53,0,0,0,0,0,0,0,0,0,0,0,0,0,0,0,0,0,0,0,0,0,0,348,16870,0,0,0,0
42529.153,16241,61,0,0,0,0,0,8,45802,44,53,0,0,0,0,0,0,0,0,0,0,0,0,0,0,0,0,0,0,0,0,0,0,341,15779,0,0,0,0
42545.931,16778,59,0,0,0,0,0,8,46138,44,53,0,0,0,0,0,0,0,0,0,0,0,0,0,0,0,0,0,0,0,0,0,0,359,18177,0,0,0,0
42562.915,16983,58,0,0,0,0,0,8,45959,44,53,0,0,0,0,0,0,0,0,0,0,0,0,0,0,0,0,0,0,0,0,0,0,323,16210,0,0,0,0
42579.435,16519,60,0,0,0,0,0,8,46011,44,53,0,0,0,0,0,0,0,0,0,0,0,0,0,0,0,0,0,0,0,0,0,0,347,17188,0,0,0,0
42596.040,16604,60,0,0,0,0,0,8,45606,44,53,0,0,0,0,0,0,0,0,0,0,0,0,0,0,0,0,0,0,0,0,0,0,330,15907,0,0,0,0
42612.901,16860,59,0,0,0,0,0,8,45402,44,53,0,0,0,0,0,0,0,0,0,0,0,0,0,0,0,0,0,0,0,0,0,0,341,15794,0,0,0,0
42629.910,17009,58,0,0,0,0,0,8,45432,44,53,0,0,0,0,0,0,0,0,0,0,0,0,0,0,0,0,0,0,0,0,0,0,353,16949,0,0,0,0
42646.042,16131,61,0,0,0,0,0,8,45761,44,53,0,0,0,0,0,0,0,0,0,0,0,0,0,0,0,0,0,0,0,0,0,0,374,18037,0,0,0,0
42662.645,16603,60,0,0,0,0,0,8,45523,44,53,0,0,0,0,0,0,0,0,0,0,0,0,0,0,0,0,0,0,0,0,0,0,337,15179,0,0,0,0
42679.196,16550,60,0,0,0,0,0,8,45977,44,53,0,0,0,0,0,0,0,0,0,0,0,0,0,0,0,0,0,0,0,0,0,0,334,17479,0,0,0,0
42696.427,17230,58,0,0,0,0,0,8,45515,44,53,0,0,0,0,0,0,0,0,0,0,0,0,0,0,0,0,0,0,0,0,0,0,332,16121,0,0,0,0
42712.998,16571,60,0,0,0,0,0,8,45354,44,53,0,0,0,0,0,0,0,0,0,0,0,0,0,0,0,0,0,0,0,0,0,0,352,17475,0,0,0,0
42729.618,16620,60,0,0,0,0,0,8,44898,44,53,0,0,0,0,0,0,0,0,0,0,0,0,0,0,0,0,0,0,0,0,0,0,346,16468,0,0,0,0
42746.230,16611,60,0,0,0,0,0,8,45516,44,53,0,0,0,0,0,0,0,0,0,0,0,0,0,0,0,0,0,0,0,0,0,0,321,16213,0,0,0,0
42762.752,16522,60,0,0,0,0,0,8,44538,44,53,0,0,0,0,0,0,0,0,0,0,0,0,0,0,0,0,0,0,0,0,0,0,371,16923,0,0,0,0
42779.358,16606,60,0,0,0,0,0,8,44392,44,53,0,0,0,0,0,0,0,0,0,0,0,0,0,0,0,0,0,0,0,0,0,0,360,16371,0,0,0,0
42796.132,16774,59,0,0,0,0,0,8,44881,44,53,0,0,0,0,0,0,0,0,0,0,0,0,0,0,0,0,0,0,0,0,0,0,329,17297,0,0,0,0
42812.911,16778,59,0,0,0,0,0,8,44990,44,53,0,0,0,0,0,0,0,0,0,0,0,0,0,0,0,0,0,0,0,0,0,0,341,16044,0,0,0,0
42829.561,16649,60,0,0,0,0,0,8,44301,44,53,0,0,0,0,0,0,0,0,0,0,0,0,0,0,0,0,0,0,0,0,0,0,332,15866,0,0,0,0
42845.975,16414,60,0,0,0,0,0,8,45209,44,53,0,0,0,0,0,0,0,0,0,0,0,0,0,0,0,0,0,0,0,0,0,0,328,17722,0,0,0,0
42863.041,17066,58,0,0,0,0,0,8,43744,44,53,0,0,0,0,0,0,0,0,0,0,0,0,0,0,0,0,0,0,0,0,0,0,357,16528,0,0,0,0
42879.203,16162,61,0,0,0,0,0,8,43959,44,53,0,0,0,0,0,0,0,0,0,0,0,0,0,0,0,0,0,0,0,0,0,0,350,17554,0,0,0,0
42896.158,16955,58,0,0,0,0,0,8,43692,44,53,0,0,0,0,0,0,0,0,0,0,0,0,0,0,0,0,0,0,0,0,0,0,327,15216,0,0,0,0
42913.052,16893,59,0,0,0,0,0,8,44006,44,53,0,0,0,0,0,0,0,0,0,0,0,0,0,0,0,0,0,0,0,0,0,0,351,18526,0,0,0,0
42929.298,16246,61,0,0,0,0,0,8,43935,44,53,0,0,0,0,0,0,0,0,0,0,0,0,0,0,0,0,0,0,0,0,0,0,325,16074,0,0,0,0
42946.036,16737,59,0,0,0,0,0,8,44137,44,53,0,0,0,0,0,0,0,0,0,0,0,0,0,0,0,0,0,0,0,0,0,0,362,15641,0,0,0,0
42963.055,17018,58,0,0,0,0,0,8,44575,44,53,0,0,0,0,0,0,0,0,0,0,0,0,0,0,0,0,0,0,0,0,0,0,388,17522,0,0,0,0
42979.326,16270,61,0,0,0,0,0,8,43425,44,53,0,0,0,0,0,0,0,0,0,0,0,0,0,0,0,0,0,0,0,0,0,0,315,16261,0,0,0,0
42996.043,16717,59,0,0,0,0,0,8,43276,44,53,0,0,0,0,0,0,0,0,0,0,0,0,0,0,0,0,0,0,0,0,0,0,325,16454,0,0,0,0
43012.445,16401,60,0,0,0,0,0,8,43703,44,53,0,0,0,0,0,0,0,0,0,0,0,0,0,0,0,0,0,0,0,0,0,0,335,16986,0,0,0,0
43029.314,16869,59,0,0,0,0,0,8,43359,44,53,0,0,0,0,0,0,0,0,0,0,0,0,0,0,0,0,0,0,0,0,0,0,337,15746,0,0,0,0
43046.123,16809,59,0,0,0,0,0,8,42966,44,53,0,0,0,0,0,0,0,0,0,0,0,0,0,0,0,0,0,0,0,0,0,0,334,16606,0,0,0,0
43063.034,16910,59,0,0,0,0,0,8,43078,44,53,0,0,0,0,0,0,0,0,0,0,0,0,0,0,0,0,0,0,0,0,0,0,355,16963,0,0,0,0
43079.432,16398,60,0,0,0,0,0,8,42236,44,53,0,0,0,0,0,0,0,0,0,0,0,0,0,0,0,0,0,0,0,0,0,0,335,17095,0,0,0,0
43096.115,16682,59,0,0,0,0,0,8,41900,44,53,0,0,0,0,0,0,0,0,0,0,0,0,0,0,0,0,0,0,0,0,0,0,337,16406,0,0,0,0
43112.444,16329,61,0,0,0,0,0,8,42644,44,53,0,0,0,0,0,0,0,0,0,0,0,0,0,0,0,0,0,0,0,0,0,0,369,18074,0,0,0,0
43129.272,16827,59,0,0,0,0,0,8,42086,44,53,0,0,0,0,0,0,0,0,0,0,0,0,0,0,0,0,0,0,0,0,0,0,348,14896,0,0,0,0
43146.908,17624,56,0,0,0,0,0,8,42592,44,53,0,0,0,0,0,0,0,0,0,0,0,0,0,0,0,0,0,0,0,0,0,0,352,17333,0,0,0,0
43162.966,16069,62,0,0,0,0,0,8,41891,44,53,0,0,0,0,0,0,0,0,0,0,0,0,0,0,0,0,0,0,0,0,0,0,321,17295,0,0,0,0
43179.698,16732,59,0,0,0,0,0,8,41818,44,53,0,0,0,0,0,0,0,0,0,0,0,0,0,0,0,0,0,0,0,0,0,0,343,16377,0,0,0,0
43196.193,16495,60,0,0,0,0,0,8,41822,44,53,0,0,0,0,0,0,0,0,0,0,0,0,0,0,0,0,0,0,0,0,0,0,325,16506,0,0,0,0
43213.033,16839,59,0,0,0,0,0,8,41285,44,53,0,0,0,0,0,0,0,0,0,0,0,0,0,0,0,0,0,0,0,0,0,0,369,16226,0,0,0,0
43229.452,16419,60,0,0,0,0,0,8,41806,44,53,0,0,0,0,0,0,0,0,0,0,0,0,0,0,0,0,0,0,0,0,0,0,354,17366,0,0,0,0
43246.033,16581,60,0,0,0,0,0,8,41559,44,53,0,0,0,0,0,0,0,0,0,0,0,0,0,0,0,0,0,0,0,0,0,0,331,16032,0,0,0,0
43263.039,17005,58,0,0,0,0,0,8,41037,44,53,0,0,0,0,0,0,0,0,0,0,0,0,0,0,0,0,0,0,0,0,0,0,362,17026,0,0,0,0
43279.140,16100,62,0,0,0,0,0,8,41733,44,53,0,0,0,0,0,0,0,0,0,0,0,0,0,0,0,0,0,0,0,0,0,0,353,17016,0,0,0,0
43296.211,17071,58,0,0,0,0,0,8,40933,44,53,0,0,0,0,0,0,0,0,0,0,0,0,0,0,0,0,0,0,0,0,0,0,332,15850,0,0,0,0
43312.580,16369,61,0,0,0,0,0,8,40763,44,53,0,0,0,0,0,0,0,0,0,0,0,0,0,0,0,0,0,0,0,0,0,0,334,16517,0,0,0,0
43329.421,16840,59,0,0,0,0,0,8,40534,44,53,0,0,0,0,0,0,0,0,0,0,0,0,0,0,0,0,0,0,0,0,0,0,336,16560,0,0,0,0
43346.029,16608,60,0,0,0,0,0,8,40300,44,53,0,0,0,0,0,0,0,0,0,0,0,0,0,0,0,0,0,0,0,0,0,0,337,16777,0,0,0,0
43362.913,16883,59,0,0,0,0,0,8,40025,44,53,0,0,0,0,0,0,0,0,0,0,0,0,0,0,0,0,0,0,0,0,0,0,390,17296,0,0,0,0
43379.295,16382,61,0,0,0,0,0,8,39677,44,53,0,0,0,0,0,0,0,0,0,0,0,0,0,0,0,0,0,0,0,0,0,0,339,16656,0,0,0,0
43396.168,16872,59,0,0,0,0,0,8,38740,44,53,0,0,0,0,0,0,0,0,0,0,0,0,0,0,0,0,0,0,0,0,0,0,348,15755,0,0,0,0
43412.893,16725,59,0,0,0,0,0,8,38554,44,53,0,0,0,0,0,0,0,0,0,0,0,0,0,0,0,0,0,0,0,0,0,0,362,17313,0,0,0,0
43429.219,16325,61,0,0,0,0,0,8,38003,44,53,0,0,0,0,0,0,0,0,0,0,0,0,0,0,0,0,0,0,0,0,0,0,333,15340,0,0,0,0
43446.029,16810,59,0,0,0,0,0,8,38288,44,53,0,0,0,0,0,0,0,0,0,0,0,0,0,0,0,0,0,0,0,0,0,0,346,17655,0,0,0,0
43463.029,16999,58,0,0,0,0,0,8,36483,44,53,0,0,0,0,0,0,0,0,0,0,0,0,0,0,0,0,0,0,0,0,0,0,373,16692,0,0,0,0
43479.445,16415,60,0,0,0,0,0,8,35955,44,53,0,0,0,0,0,0,0,0,0,0,0,0,0,0,0,0,0,0,0,0,0,0,355,16797,0,0,0,0
43496.204,16758,59,0,0,0,0,0,8,35917,44,53,0,0,0,0,0,0,0,0,0,0,0,0,0,0,0,0,0,0,0,0,0,0,350,16312,0,0,0,0
43512.439,16235,61,0,0,0,0,0,8,35216,44,53,0,0,0,0,0,0,0,0,0,0,0,0,0,0,0,0,0,0,0,0,0,0,340,16885,0,0,0,0
43529.496,17057,58,0,0,0,0,0,8,34395,44,53,0,0,0,0,0,0,0,0,0,0,0,0,0,0,0,0,0,0,0,0,0,0,330,16305,0,0,0,0
43545.925,16429,60,0,0,0,0,0,8,33759,44,53,0,0,0,0,0,0,0,0,0,0,0,0,0,0,0,0,0,0,0,0,0,0,359,16653,0,0,0,0
43562.938,17012,58,0,0,0,0,0,8,33458,44,53,0,0,0,0,0,0,0,0,0,0,0,0,0,0,0,0,0,0,0,0,0,0,362,16299,0,0,0,0
43579.896,16958,58,0,0,0,0,0,8,32744,44,53,0,0,0,0,0,0,0,0,0,0,0,0,0,0,0,0,0,0,0,0,0,0,353,16748,0,0,0,0
43596.315,16418,60,0,0,0,0,0,8,31526,44,53,0,0,0,0,0,0,0,0,0,0,0,0,0,0,0,0,0,0,0,0,0,0,328,17071,0,0,0,0
43613.035,16719,59,0,0,0,0,0,8,31474,44,53,0,0,0,0,0,0,0,0,0,0,0,0,0,0,0,0,0,0,0,0,0,0,364,16013,0,0,0,0
43629.415,16380,61,0,0,0,0,0,8,30849,44,53,0,0,0,0,0,0,0,0,0,0,0,0,0,0,0,0,0,0,0,0,0,0,364,16906,0,0,0,0
43645.993,16578,60,0,0,0,0,0,8,30387,44,53,0,0,0,0,0,0,0,0,0,0,0,0,0,0,0,0,0,0,0,0,0,0,324,16286,0,0,0,0
43662.942,16948,59,0,0,0,0,0,8,33887,44,53,0,0,0,0,0,0,0,0,0,0,0,0,0,0,0,0,0,0,0,0,0,0,346,18359,0,0,0,0
43679.895,16953,58,0,0,0,0,0,8,29431,44,53,0,0,0,0,0,0,0,0,0,0,0,0,0,0,0,0,0,0,0,0,0,0,329,16503,0,0,0,0
43696.158,16263,61,0,0,0,0,0,8,29100,44,53,0,0,0,0,0,0,0,0,0,0,0,0,0,0,0,0,0,0,0,0,0,0,340,15155,0,0,0,0
43713.903,17744,56,0,0,0,0,0,8,29656,44,53,0,0,0,0,0,0,0,0,0,0,0,0,0,0,0,0,0,0,0,0,0,0,370,17388,0,0,0,0
43729.420,15517,64,0,0,0,0,0,8,29536,44,53,0,0,0,0,0,0,0,0,0,0,0,0,0,0,0,0,0,0,0,0,0,0,398,18003,0,0,0,0
43745.944,16524,60,0,0,0,0,0,8,29145,44,53,0,0,0,0,0,0,0,0,0,0,0,0,0,0,0,0,0,0,0,0,0,0,354,15265,0,0,0,0
43762.897,16952,58,0,0,0,0,0,8,29279,44,53,0,0,0,0,0,0,0,0,0,0,0,0,0,0,0,0,0,0,0,0,0,0,351,16308,0,0,0,0
43779.134,16237,61,0,0,0,0,0,8,29086,44,53,0,0,0,0,0,0,0,0,0,0,0,0,0,0,0,0,0,0,0,0,0,0,343,16303,0,0,0,0
43796.057,16923,59,0,0,0,0,0,8,29709,44,53,0,0,0,0,0,0,0,0,0,0,0,0,0,0,0,0,0,0,0,0,0,0,356,17908,0,0,0,0
43812.579,16522,60,0,0,0,0,0,8,29215,44,53,0,0,0,0,0,0,0,0,0,0,0,0,0,0,0,0,0,0,0,0,0,0,362,15893,0,0,0,0
43829.481,16901,59,0,0,0,0,0,8,29167,44,53,0,0,0,0,0,0,0,0,0,0,0,0,0,0,0,0,0,0,0,0,0,0,336,16683,0,0,0,0
43846.413,16932,59,0,0,0,0,0,8,29134,44,53,0,0,0,0,0,0,0,0,0,0,0,0,0,0,0,0,0,0,0,0,0,0,341,16977,0,0,0,0
43862.892,16479,60,0,0,0,0,0,8,29658,44,53,0,0,0,0,0,0,0,0,0,0,0,0,0,0,0,0,0,0,0,0,0,0,341,17249,0,0,0,0
43879.418,16526,60,0,0,0,0,0,8,29232,44,53,0,0,0,0,0,0,0,0,0,0,0,0,0,0,0,0,0,0,0,0,0,0,340,15180,0,0,0,0
43896.906,17487,57,0,0,0,0,0,8,29671,44,53,0,0,0,0,0,0,0,0,0,0,0,0,0,0,0,0,0,0,0,0,0,0,348,17666,0,0,0,0
43913.025,16119,62,0,0,0,0,0,8,29637,44,53,0,0,0,0,0,0,0,0,0,0,0,0,0,0,0,0,0,0,0,0,0,0,354,17827,0,0,0,0
43929.405,16380,61,0,0,0,0,0,8,29179,44,53,0,0,0,0,0,0,0,0,0,0,0,0,0,0,0,0,0,0,0,0,0,0,359,15522,0,0,0,0
43945.770,16353,61,0,0,0,0,0,8,29213,44,53,0,0,0,0,0,0,0,0,0,0,0,0,0,0,0,0,0,0,0,0,0,0,348,17064,0,0,0,0
43963.072,17312,57,0,0,0,0,0,8,29177,44,53,0,0,0,0,0,0,0,0,0,0,0,0,0,0,0,0,0,0,0,0,0,0,342,15616,0,0,0,0
43979.057,15985,62,0,0,0,0,0,8,29606,44,53,0,0,0,0,0,0,0,0,0,0,0,0,0,0,0,0,0,0,0,0,0,0,363,17507,0,0,0,0
43995.996,16939,59,0,0,0,0,0,8,29207,44,53,0,0,0,0,0,0,0,0,0,0,0,0,0,0,0,0,0,0,0,0,0,0,339,15833,0,0,0,0
44012.890,16893,59,0,0,0,0,0,8,29659,44,53,0,0,0,0,0,0,0,0,0,0,0,0,0,0,0,0,0,0,0,0,0,0,350,17377,0,0,0,0
44029.895,17004,58,0,0,0,0,0,8,29600,44,53,0,0,0,0,0,0,0,0,0,0,0,0,0,0,0,0,0,0,0,0,0,0,342,15532,0,0,0,0
44045.907,16012,62,0,0,0,0,0,8,30044,44,53,0,0,0,0,0,0,0,0,0,0,0,0,0,0,0,0,0,0,0,0,0,0,353,18407,0,0,0,0
44062.907,17000,58,0,0,0,0,0,8,29692,44,53,0,0,0,0,0,0,0,0,0,0,0,0,0,0,0,0,0,0,0,0,0,0,350,15637,0,0,0,0
44079.565,16657,60,0,0,0,0,0,8,29129,44,53,0,0,0,0,0,0,0,0,0,0,0,0,0,0,0,0,0,0,0,0,0,0,345,15779,0,0,0,0
44095.878,16313,61,0,0,0,0,0,8,29521,44,53,0,0,0,0,0,0,0,0,0,0,0,0,0,0,0,0,0,0,0,0,0,0,355,17701,0,0,0,0
44112.563,16685,59,0,0,0,0,0,8,29091,44,53,0,0,0,0,0,0,0,0,0,0,0,0,0,0,0,0,0,0,0,0,0,0,337,16421,0,0,0,0
44129.198,16634,60,0,0,0,0,0,8,28897,44,53,0,0,0,0,0,0,0,0,0,0,0,0,0,0,0,0,0,0,0,0,0,0,350,16659,0,0,0,0
44145.798,16599,60,0,0,0,0,0,8,29054,44,53,0,0,0,0,0,0,0,0,0,0,0,0,0,0,0,0,0,0,0,0,0,0,318,16678,0,0,0,0
44162.574,16776,59,0,0,0,0,0,8,28752,44,53,0,0,0,0,0,0,0,0,0,0,0,0,0,0,0,0,0,0,0,0,0,0,329,17001,0,0,0,0
44179.601,17027,58,0,0,0,0,0,8,28836,44,53,0,0,0,0,0,0,0,0,0,0,0,0,0,0,0,0,0,0,0,0,0,0,351,16048,0,0,0,0
44196.020,16418,60,0,0,0,0,0,8,28916,44,53,0,0,0,0,0,0,0,0,0,0,0,0,0,0,0,0,0,0,0,0,0,0,327,17050,0,0,0,0
44213.046,17026,58,0,0,0,0,0,8,28865,44,53,0,0,0,0,0,0,0,0,0,0,0,0,0,0,0,0,0,0,0,0,0,0,341,16811,0,0,0,0
44229.144,16097,62,0,0,0,0,0,8,29125,44,53,0,0,0,0,0,0,0,0,0,0,0,0,0,0,0,0,0,0,0,0,0,0,337,17239,0,0,0,0
44245.984,16840,59,0,0,0,0,0,8,28662,44,53,0,0,0,0,0,0,0,0,0,0,0,0,0,0,0,0,0,0,0,0,0,0,344,15948,0,0,0,0
44262.988,17003,58,0,0,0,0,0,8,28736,44,53,0,0,0,0,0,0,0,0,0,0,0,0,0,0,0,0,0,0,0,0,0,0,362,16682,0,0,0,0
44279.416,16428,60,0,0,0,0,0,8,29207,44,53,0,0,0,0,0,0,0,0,0,0,0,0,0,0,0,0,0,0,0,0,0,0,350,17543,0,0,0,0
44295.929,16512,60,0,0,0,0,0,8,28683,44,53,0,0,0,0,0,0,0,0,0,0,0,0,0,0,0,0,0,0,0,0,0,0,338,16051,0,0,0,0
44312.646,16716,59,0,0,0,0,0,8,28726,44,53,0,0,0,0,0,0,0,0,0,0,0,0,0,0,0,0,0,0,0,0,0,0,340,16446,0,0,0,0
44329.466,16819,59,0,0,0,0,0,8,28636,44,53,0,0,0,0,0,0,0,0,0,0,0,0,0,0,0,0,0,0,0,0,0,0,348,16769,0,0,0,0
44346.105,16638,60,0,0,0,0,0,8,30900,44,53,0,0,0,0,0,0,0,0,0,0,0,0,0,0,0,0,0,0,0,0,0,0,322,17027,0,0,0,0
44363.050,16945,59,0,0,0,0,0,8,30554,44,53,0,0,0,0,0,0,0,0,0,0,0,0,0,0,0,0,0,0,0,0,0,0,353,16002,0,0,0,0
44379.892,16841,59,0,0,0,0,0,8,30898,44,53,0,0,0,0,0,0,0,0,0,0,0,0,0,0,0,0,0,0,0,0,0,0,344,17555,0,0,0,0
44396.419,16526,60,0,0,0,0,0,8,30455,44,53,0,0,0,0,0,0,0,0,0,0,0,0,0,0,0,0,0,0,0,0,0,0,327,16376,0,0,0,0
44412.531,16112,62,0,0,0,0,0,8,30485,44,53,0,0,0,0,0,0,0,0,0,0,0,0,0,0,0,0,0,0,0,0,0,0,318,16445,0,0,0,0
44428.783,16252,61,0,0,0,0,0,8,30352,44,53,0,0,0,0,0,0,0,0,0,0,0,0,0,0,0,0,0,0,0,0,0,0,340,16205,0,0,0,0
44445.401,16617,60,0,0,0,0,0,8,30462,44,53,0,0,0,0,0,0,0,0,0,0,0,0,0,0,0,0,0,0,0,0,0,0,356,16173,0,0,0,0
44462.888,17487,57,0,0,0,0,0,8,30480,44,53,0,0,0,0,0,0,0,0,0,0,0,0,0,0,0,0,0,0,0,0,0,0,347,17000,0,0,0,0
44479.440,16551,60,0,0,0,0,0,8,30436,44,53,0,0,0,0,0,0,0,0,0,0,0,0,0,0,0,0,0,0,0,0,0,0,338,16190,0,0,0,0
44496.201,16761,59,0,0,0,0,0,8,30887,44,53,0,0,0,0,0,0,0,0,0,0,0,0,0,0,0,0,0,0,0,0,0,0,353,18141,0,0,0,0
44512.881,16680,59,0,0,0,0,0,8,30929,44,53,0,0,0,0,0,0,0,0,0,0,0,0,0,0,0,0,0,0,0,0,0,0,335,16237,0,0,0,0
44529.393,16512,60,0,0,0,0,0,8,30474,44,53,0,0,0,0,0,0,0,0,0,0,0,0,0,0,0,0,0,0,0,0,0,0,373,16780,0,0,0,0
44546.017,16623,60,0,0,0,0,0,8,30435,44,53,0,0,0,0,0,0,0,0,0,0,0,0,0,0,0,0,0,0,0,0,0,0,325,16563,0,0,0,0
44562.926,16909,59,0,0,0,0,0,8,30344,44,53,0,0,0,0,0,0,0,0,0,0,0,0,0,0,0,0,0,0,0,0,0,0,341,16571,0,0,0,0
44579.616,16689,59,0,0,0,0,0,8,30478,44,53,0,0,0,0,0,0,0,0,0,0,0,0,0,0,0,0,0,0,0,0,0,0,366,16656,0,0,0,0
44596.067,16450,60,0,0,0,0,0,8,30479,44,53,0,0,0,0,0,0,0,0,0,0,0,0,0,0,0,0,0,0,0,0,0,0,324,16938,0,0,0,0
44612.896,16829,59,0,0,0,0,0,8,28713,44,53,0,0,0,0,0,0,0,0,0,0,0,0,0,0,0,0,0,0,0,0,0,0,355,15905,0,0,0,0
44629.548,16652,60,0,0,0,0,0,8,29163,44,53,0,0,0,0,0,0,0,0,0,0,0,0,0,0,0,0,0,0,0,0,0,0,368,17731,0,0,0,0
44646.882,17333,57,0,0,0,0,0,8,28681,44,53,0,0,0,0,0,0,0,0,0,0,0,0,0,0,0,0,0,0,0,0,0,0,351,15993,0,0,0,0
44662.884,16002,62,0,0,0,0,0,8,29210,44,53,0,0,0,0,0,0,0,0,0,0,0,0,0,0,0,0,0,0,0,0,0,0,341,17639,0,0,0,0
44679.413,16528,60,0,0,0,0,0,8,28572,44,53,0,0,0,0,0,0,0,0,0,0,0,0,0,0,0,0,0,0,0,0,0,0,351,16009,0,0,0,0
44696.888,17475,57,0,0,0,0,0,8,28730,44,53,0,0,0,0,0,0,0,0,0,0,0,0,0,0,0,0,0,0,0,0,0,0,342,16406,0,0,0,0
44712.879,15990,62,0,0,0,0,0,8,29254,44,53,0,0,0,0,0,0,0,0,0,0,0,0,0,0,0,0,0,0,0,0,0,0,354,17340,0,0,0,0
44729.188,16309,61,0,0,0,0,0,8,28526,44,53,0,0,0,0,0,0,0,0,0,0,0,0,0,0,0,0,0,0,0,0,0,0,366,16222,0,0,0,0
44746.013,16825,59,0,0,0,0,0,8,28793,44,53,0,0,0,0,0,0,0,0,0,0,0,0,0,0,0,0,0,0,0,0,0,0,335,16149,0,0,0,0
44762.898,16885,59,0,0,0,0,0,8,28741,44,53,0,0,0,0,0,0,0,0,0,0,0,0,0,0,0,0,0,0,0,0,0,0,330,17095,0,0,0,0
44779.891,16992,58,0,0,0,0,0,8,28476,44,53,0,0,0,0,0,0,0,0,0,0,0,0,0,0,0,0,0,0,0,0,0,0,331,15481,0,0,0,0
44796.896,17005,58,0,0,0,0,0,8,29208,44,53,0,0,0,0,0,0,0,0,0,0,0,0,0,0,0,0,0,0,0,0,0,0,349,18416,0,0,0,0
44812.880,15984,62,0,0,0,0,0,8,29168,44,53,0,0,0,0,0,0,0,0,0,0,0,0,0,0,0,0,0,0,0,0,0,0,338,16809,0,0,0,0
44829.116,16235,61,0,0,0,0,0,8,28614,44,53,0,0,0,0,0,0,0,0,0,0,0,0,0,0,0,0,0,0,0,0,0,0,340,15704,0,0,0,0
44846.023,16907,59,0,0,0,0,0,8,28746,44,53,0,0,0,0,0,0,0,0,0,0,0,0,0,0,0,0,0,0,0,0,0,0,321,16769,0,0,0,0
44862.932,16908,59,0,0,0,0,0,8,28749,44,53,0,0,0,0,0,0,0,0,0,0,0,0,0,0,0,0,0,0,0,0,0,0,344,16690,0,0,0,0
44879.474,16542,60,0,0,0,0,0,8,28691,44,53,0,0,0,0,0,0,0,0,0,0,0,0,0,0,0,0,0,0,0,0,0,0,356,17275,0,0,0,0
44896.020,16545,60,0,0,0,0,0,8,28638,44,53,0,0,0,0,0,0,0,0,0,0,0,0,0,0,0,0,0,0,0,0,0,0,332,15722,0,0,0,0
44913.020,16999,58,0,0,0,0,0,8,28714,44,53,0,0,0,0,0,0,0,0,0,0,0,0,0,0,0,0,0,0,0,0,0,0,342,16869,0,0,0,0
44929.461,16442,60,0,0,0,0,0,8,28672,44,53,0,0,0,0,0,0,0,0,0,0,0,0,0,0,0,0,0,0,0,0,0,0,343,17145,0,0,0,0
44946.254,16792,59,0,0,0,0,0,8,28646,44,53,0,0,0,0,0,0,0,0,0,0,0,0,0,0,0,0,0,0,0,0,0,0,363,16296,0,0,0,0
44962.963,16709,59,0,0,0,0,0,8,29111,44,53,0,0,0,0,0,0,0,0,0,0,0,0,0,0,0,0,0,0,0,0,0,0,387,17053,0,0,0,0
44979.003,16040,62,0,0,0,0,0,8,28630,44,53,0,0,0,0,0,0,0,0,0,0,0,0,0,0,0,0,0,0,0,0,0,0,368,16840,0,0,0,0
44995.388,16384,61,0,0,0,0,0,8,28667,44,53,0,0,0,0,0,0,0,0,0,0,0,0,0,0,0,0,0,0,0,0,0,0,365,15770,0,0,0,0
45013.026,17627,56,0,0,0,0,0,8,28696,44,53,0,0,0,0,0,0,0,0,0,0,0,0,0,0,0,0,0,0,0,0,0,0,373,16159,0,0,0,0
45029.332,16317,61,0,0,0,0,0,8,29090,44,53,0,0,0,0,0,0,0,0,0,0,0,0,0,0,0,0,0,0,0,0,0,0,359,18080,0,0,0,0
45045.981,16648,60,0,0,0,0,0,8,28633,44,53,0,0,0,0,0,0,0,0,0,0,0,0,0,0,0,0,0,0,0,0,0,0,349,15915,0,0,0,0
45062.964,16983,58,0,0,0,0,0,8,28769,44,53,0,0,0,0,0,0,0,0,0,0,0,0,0,0,0,0,0,0,0,0,0,0,378,17103,0,0,0,0
45079.395,16430,60,0,0,0,0,0,8,28648,44,53,0,0,0,0,0,0,0,0,0,0,0,0,0,0,0,0,0,0,0,0,0,0,356,16721,0,0,0,0
45096.159,16764,59,0,0,0,0,0,8,28635,44,53,0,0,0,0,0,0,0,0,0,0,0,0,0,0,0,0,0,0,0,0,0,0,358,16352,0,0,0,0
45113.024,16864,59,0,0,0,0,0,8,28700,44,53,0,0,0,0,0,0,0,0,0,0,0,0,0,0,0,0,0,0,0,0,0,0,337,16847,0,0,0,0
45129.621,16597,60,0,0,0,0,0,8,29122,44,53,0,0,0,0,0,0,0,0,0,0,0,0,0,0,0,0,0,0,0,0,0,0,369,17726,0,0,0,0
45146.406,16785,59,0,0,0,0,0,8,28614,44,53,0,0,0,0,0,0,0,0,0,0,0,0,0,0,0,0,0,0,0,0,0,0,350,15644,0,0,0,0
45162.423,16016,62,0,0,0,0,0,8,28673,44,53,0,0,0,0,0,0,0,0,0,0,0,0,0,0,0,0,0,0,0,0,0,0,355,16389,0,0,0,0
45179.880,17456,57,0,0,0,0,0,8,28615,44,53,0,0,0,0,0,0,0,0,0,0,0,0,0,0,0,0,0,0,0,0,0,0,358,16827,0,0,0,0
45196.022,16142,61,0,0,0,0,0,8,29178,44,53,0,0,0,0,0,0,0,0,0,0,0,0,0,0,0,0,0,0,0,0,0,0,339,17003,0,0,0,0
45212.626,16603,60,0,0,0,0,0,8,28613,44,53,0,0,0,0,0,0,0,0,0,0,0,0,0,0,0,0,0,0,0,0,0,0,356,16282,0,0,0,0
45229.006,16380,61,0,0,0,0,0,8,28673,44,53,0,0,0,0,0,0,0,0,0,0,0,0,0,0,0,0,0,0,0,0,0,0,350,16305,0,0,0,0
45246.404,17397,57,0,0,0,0,0,8,28721,44,53,0,0,0,0,0,0,0,0,0,0,0,0,0,0,0,0,0,0,0,0,0,0,333,16458,0,0,0,0
45262.677,16273,61,0,0,0,0,0,8,29156,44,53,0,0,0,0,0,0,0,0,0,0,0,0,0,0,0,0,0,0,0,0,0,0,346,17400,0,0,0,0
45280.398,17720,56,0,0,0,0,0,8,28726,44,53,0,0,0,0,0,0,0,0,0,0,0,0,0,0,0,0,0,0,0,0,0,0,340,16392,0,0,0,0
45295.939,15541,64,0,0,0,0,0,8,29058,44,53,0,0,0,0,0,0,0,0,0,0,0,0,0,0,0,0,0,0,0,0,0,0,340,18407,0,0,0,0
45313.015,17075,58,0,0,0,0,0,8,28705,44,53,0,0,0,0,0,0,0,0,0,0,0,0,0,0,0,0,0,0,0,0,0,0,340,14943,0,0,0,0
45329.599,16584,60,0,0,0,0,0,8,29058,44,53,0,0,0,0,0,0,0,0,0,0,0,0,0,0,0,0,0,0,0,0,0,0,376,18190,0,0,0,0
45346.136,16536,60,0,0,0,0,0,8,28713,44,53,0,0,0,0,0,0,0,0,0,0,0,0,0,0,0,0,0,0,0,0,0,0,328,15397,0,0,0,0
45362.450,16314,61,0,0,0,0,0,8,28671,44,53,0,0,0,0,0,0,0,0,0,0,0,0,0,0,0,0,0,0,0,0,0,0,340,16409,0,0,0,0
45379.394,16943,59,0,0,0,0,0,8,28615,44,53,0,0,0,0,0,0,0,0,0,0,0,0,0,0,0,0,0,0,0,0,0,0,332,16297,0,0,0,0
45396.022,16628,60,0,0,0,0,0,8,29175,44,53,0,0,0,0,0,0,0,0,0,0,0,0,0,0,0,0,0,0,0,0,0,0,359,17208,0,0,0,0
45412.427,16404,60,0,0,0,0,0,8,28730,44,53,0,0,0,0,0,0,0,0,0,0,0,0,0,0,0,0,0,0,0,0,0,0,361,16838,0,0,0,0
45429.386,16959,58,0,0,0,0,0,8,28611,44,53,0,0,0,0,0,0,0,0,0,0,0,0,0,0,0,0,0,0,0,0,0,0,316,16584,0,0,0,0
45446.013,16627,60,0,0,0,0,0,8,28682,44,53,0,0,0,0,0,0,0,0,0,0,0,0,0,0,0,0,0,0,0,0,0,0,331,16624,0,0,0,0
45463.024,17011,58,0,0,0,0,0,8,28730,44,53,0,0,0,0,0,0,0,0,0,0,0,0,0,0,0,0,0,0,0,0,0,0,331,16475,0,0,0,0
45479.253,16229,61,0,0,0,0,0,8,28698,44,53,0,0,0,0,0,0,0,0,0,0,0,0,0,0,0,0,0,0,0,0,0,0,336,17001,0,0,0,0
45495.836,16582,60,0,0,0,0,0,8,28757,44,53,0,0,0,0,0,0,0,0,0,0,0,0,0,0,0,0,0,0,0,0,0,0,343,15919,0,0,0,0
45512.538,16702,59,0,0,0,0,0,8,28780,44,53,0,0,0,0,0,0,0,0,0,0,0,0,0,0,0,0,0,0,0,0,0,0,357,16842,0,0,0,0
45529.501,16962,58,0,0,0,0,0,8,28622,44,53,0,0,0,0,0,0,0,0,0,0,0,0,0,0,0,0,0,0,0,0,0,0,362,16663,0,0,0,0
45545.739,16237,61,0,0,0,0,0,8,29121,44,53,0,0,0,0,0,0,0,0,0,0,0,0,0,0,0,0,0,0,0,0,0,0,332,17745,0,0,0,0
45562.600,16861,59,0,0,0,0,0,8,28815,44,53,0,0,0,0,0,0,0,0,0,0,0,0,0,0,0,0,0,0,0,0,0,0,325,15717,0,0,0,0
45579.505,16905,59,0,0,0,0,0,8,28655,44,53,0,0,0,0,0,0,0,0,0,0,0,0,0,0,0,0,0,0,0,0,0,0,338,16516,0,0,0,0
45595.870,16365,61,0,0,0,0,0,8,28679,44,53,0,0,0,0,0,0,0,0,0,0,0,0,0,0,0,0,0,0,0,0,0,0,348,17097,0,0,0,0
45613.018,17148,58,0,0,0,0,0,8,28760,44,53,0,0,0,0,0,0,0,0,0,0,0,0,0,0,0,0,0,0,0,0,0,0,344,16198,0,0,0,0
45629.882,16863,59,0,0,0,0,0,8,29145,44,53,0,0,0,0,0,0,0,0,0,0,0,0,0,0,0,0,0,0,0,0,0,0,383,17823,0,0,0,0
45646.027,16146,61,0,0,0,0,0,8,28683,44,53,0,0,0,0,0,0,0,0,0,0,0,0,0,0,0,0,0,0,0,0,0,0,338,16120,0,0,0,0
45662.875,16847,59,0,0,0,0,0,8,28776,44,53,0,0,0,0,0,0,0,0,0,0,0,0,0,0,0,0,0,0,0,0,0,0,362,16295,0,0,0,0
45679.879,17004,58,0,0,0,0,0,8,28674,44,53,0,0,0,0,0,0,0,0,0,0,0,0,0,0,0,0,0,0,0,0,0,0,341,17048,0,0,0,0
45695.990,16111,62,0,0,0,0,0,8,28695,44,53,0,0,0,0,0,0,0,0,0,0,0,0,0,0,0,0,0,0,0,0,0,0,338,16105,0,0,0,0
45712.442,16452,60,0,0,0,0,0,8,29265,44,53,0,0,0,0,0,0,0,0,0,0,0,0,0,0,0,0,0,0,0,0,0,0,374,17159,0,0,0,0
45729.479,17036,58,0,0,0,0,0,8,28718,44,53,0,0,0,0,0,0,0,0,0,0,0,0,0,0,0,0,0,0,0,0,0,0,362,15931,0,0,0,0
45745.741,16262,61,0,0,0,0,0,8,29179,44,53,0,0,0,0,0,0,0,0,0,0,0,0,0,0,0,0,0,0,0,0,0,0,338,17611,0,0,0,0
45762.443,16701,59,0,0,0,0,0,8,28694,44,53,0,0,0,0,0,0,0,0,0,0,0,0,0,0,0,0,0,0,0,0,0,0,326,15960,0,0,0,0
45779.300,16857,59,0,0,0,0,0,8,28687,44,53,0,0,0,0,0,0,0,0,0,0,0,0,0,0,0,0,0,0,0,0,0,0,334,16673,0,0,0,0
45795.970,16669,59,0,0,0,0,0,8,28746,44,53,0,0,0,0,0,0,0,0,0,0,0,0,0,0,0,0,0,0,0,0,0,0,348,17114,0,0,0,0
45812.573,16602,60,0,0,0,0,0,8,28601,44,53,0,0,0,0,0,0,0,0,0,0,0,0,0,0,0,0,0,0,0,0,0,0,322,16291,0,0,0,0
45829.256,16683,59,0,0,0,0,0,8,28741,44,53,0,0,0,0,0,0,0,0,0,0,0,0,0,0,0,0,0,0,0,0,0,0,345,16748,0,0,0,0
45846.028,16771,59,0,0,0,0,0,8,28663,44,53,0,0,0,0,0,0,0,0,0,0,0,0,0,0,0,0,0,0,0,0,0,0,346,16816,0,0,0,0
45862.527,16499,60,0,0,0,0,0,8,28707,44,53,0,0,0,0,0,0,0,0,0,0,0,0,0,0,0,0,0,0,0,0,0,0,333,16782,0,0,0,0
45879.170,16643,60,0,0,0,0,0,8,28681,44,53,0,0,0,0,0,0,0,0,0,0,0,0,0,0,0,0,0,0,0,0,0,0,337,16394,0,0,0,0
45896.014,16843,59,0,0,0,0,0,8,28770,44,53,0,0,0,0,0,0,0,0,0,0,0,0,0,0,0,0,0,0,0,0,0,0,338,16702,0,0,0,0
45912.635,16621,60,0,0,0,0,0,8,28714,44,53,0,0,0,0,0,0,0,0,0,0,0,0,0,0,0,0,0,0,0,0,0,0,352,16544,0,0,0,0
45929.245,16609,60,0,0,0,0,0,8,28606,44,53,0,0,0,0,0,0,0,0,0,0,0,0,0,0,0,0,0,0,0,0,0,0,390,16837,0,0,0,0
45946.086,16840,59,0,0,0,0,0,8,29207,44,53,0,0,0,0,0,0,0,0,0,0,0,0,0,0,0,0,0,0,0,0,0,0,334,16802,0,0,0,0
45962.750,16663,60,0,0,0,0,0,8,29198,44,53,0,0,0,0,0,0,0,0,0,0,0,0,0,0,0,0,0,0,0,0,0,0,355,16567,0,0,0,0
45979.415,16665,60,0,0,0,0,0,8,29095,44,53,0,0,0,0,0,0,0,0,0,0,0,0,0,0,0,0,0,0,0,0,0,0,354,17079,0,0,0,0
45996.116,16701,59,0,0,0,0,0,8,29231,44,53,0,0,0,0,0,0,0,0,0,0,0,0,0,0,0,0,0,0,0,0,0,0,331,16002,0,0,0,0
46012.373,16256,61,0,0,0,0,0,8,29103,44,53,0,0,0,0,0,0,0,0,0,0,0,0,0,0,0,0,0,0,0,0,0,0,361,16866,0,0,0,0
46029.478,17105,58,0,0,0,0,0,8,29154,44,53,0,0,0,0,0,0,0,0,0,0,0,0,0,0,0,0,0,0,0,0,0,0,366,16499,0,0,0,0
46045.921,16429,60,0,0,0,0,0,8,29428,44,53,0,0,0,0,0,0,0,0,0,0,0,0,0,0,0,0,0,0,0,0,0,0,343,17394,0,0,0,0
46063.010,17103,58,0,0,0,0,0,8,28871,44,53,0,0,0,0,0,0,0,0,0,0,0,0,0,0,0,0,0,0,0,0,0,0,366,16359,0,0,0,0
46079.201,16190,61,0,0,0,0,0,8,29248,44,53,0,0,0,0,0,0,0,0,0,0,0,0,0,0,0,0,0,0,0,0,0,0,373,17169,0,0,0,0
46095.875,16673,59,0,0,0,0,0,8,28897,44,53,0,0,0,0,0,0,0,0,0,0,0,0,0,0,0,0,0,0,0,0,0,0,361,16344,0,0,0,0
46113.019,17144,58,0,0,0,0,0,8,28859,44,53,0,0,0,0,0,0,0,0,0,0,0,0,0,0,0,0,0,0,0,0,0,0,350,16134,0,0,0,0
46129.182,16163,61,0,0,0,0,0,8,29289,44,53,0,0,0,0,0,0,0,0,0,0,0,0,0,0,0,0,0,0,0,0,0,0,368,17723,0,0,0,0
46146.024,16842,59,0,0,0,0,0,8,28820,44,53,0,0,0,0,0,0,0,0,0,0,0,0,0,0,0,0,0,0,0,0,0,0,353,15646,0,0,0,0
46162.917,16892,59,0,0,0,0,0,8,28878,44,53,0,0,0,0,0,0,0,0,0,0,0,0,0,0,0,0,0,0,0,0,0,0,360,16978,0,0,0,0
46179.229,16312,61,0,0,0,0,0,8,28750,44,53,0,0,0,0,0,0,0,0,0,0,0,0,0,0,0,0,0,0,0,0,0,0,370,17031,0,0,0,0
46196.882,17653,56,0,0,0,0,0,8,28829,44,53,0,0,0,0,0,0,0,0,0,0,0,0,0,0,0,0,0,0,0,0,0,0,354,15864,0,0,0,0
46212.868,15985,62,0,0,0,0,0,8,29389,44,53,0,0,0,0,0,0,0,0,0,0,0,0,0,0,0,0,0,0,0,0,0,0,379,17650,0,0,0,0
46229.396,16527,60,0,0,0,0,0,8,28755,44,53,0,0,0,0,0,0,0,0,0,0,0,0,0,0,0,0,0,0,0,0,0,0,340,15203,0,0,0,0
46246.091,16694,59,0,0,0,0,0,8,29265,44,53,0,0,0,0,0,0,0,0,0,0,0,0,0,0,0,0,0,0,0,0,0,0,346,17737,0,0,0,0
46263.017,16926,59,0,0,0,0,0,8,28912,44,53,0,0,0,0,0,0,0,0,0,0,0,0,0,0,0,0,0,0,0,0,0,0,351,16345,0,0,0,0
46279.384,16366,61,0,0,0,0,0,8,28728,44,53,0,0,0,0,0,0,0,0,0,0,0,0,0,0,0,0,0,0,0,0,0,0,366,16946,0,0,0,0
46295.847,16462,60,0,0,0,0,0,8,28814,44,53,0,0,0,0,0,0,0,0,0,0,0,0,0,0,0,0,0,0,0,0,0,0,345,16278,0,0,0,0
46312.569,16721,59,0,0,0,0,0,8,28836,44,53,0,0,0,0,0,0,0,0,0,0,0,0,0,0,0,0,0,0,0,0,0,0,382,16305,0,0,0,0
46329.010,16440,60,0,0,0,0,0,8,28617,44,53,0,0,0,0,0,0,0,0,0,0,0,0,0,0,0,0,0,0,0,0,0,0,342,16893,0,0,0,0
46346.006,16996,58,0,0,0,0,0,8,28831,44,53,0,0,0,0,0,0,0,0,0,0,0,0,0,0,0,0,0,0,0,0,0,0,356,16430,0,0,0,0
46362.864,16858,59,0,0,0,0,0,8,28722,44,53,0,0,0,0,0,0,0,0,0,0,0,0,0,0,0,0,0,0,0,0,0,0,367,17372,0,0,0,0
46379.382,16517,60,0,0,0,0,0,8,28768,44,53,0,0,0,0,0,0,0,0,0,0,0,0,0,0,0,0,0,0,0,0,0,0,368,16726,0,0,0,0
46396.865,17483,57,0,0,0,0,0,8,28798,44,53,0,0,0,0,0,0,0,0,0,0,0,0,0,0,0,0,0,0,0,0,0,0,331,16236,0,0,0,0
46412.868,16003,62,0,0,0,0,0,8,29122,44,53,0,0,0,0,0,0,0,0,0,0,0,0,0,0,0,0,0,0,0,0,0,0,363,18199,0,0,0,0
46429.389,16521,60,0,0,0,0,0,8,28767,44,53,0,0,0,0,0,0,0,0,0,0,0,0,0,0,0,0,0,0,0,0,0,0,314,14476,0,0,0,0
46445.993,16603,60,0,0,0,0,0,8,29254,44,53,0,0,0,0,0,0,0,0,0,0,0,0,0,0,0,0,0,0,0,0,0,0,358,18387,0,0,0,0
46462.872,16879,59,0,0,0,0,0,8,28862,44,53,0,0,0,0,0,0,0,0,0,0,0,0,0,0,0,0,0,0,0,0,0,0,337,15886,0,0,0,0
46479.352,16479,60,0,0,0,0,0,8,28514,44,53,0,0,0,0,0,0,0,0,0,0,0,0,0,0,0,0,0,0,0,0,0,0,348,15586,0,0,0,0
46496.404,17051,58,0,0,0,0,0,8,28926,44,53,0,0,0,0,0,0,0,0,0,0,0,0,0,0,0,0,0,0,0,0,0,0,392,17881,0,0,0,0
46512.416,16012,62,0,0,0,0,0,8,28559,44,53,0,0,0,0,0,0,0,0,0,0,0,0,0,0,0,0,0,0,0,0,0,0,356,16437,0,0,0,0
46529.385,16968,58,0,0,0,0,0,8,28345,44,53,0,0,0,0,0,0,0,0,0,0,0,0,0,0,0,0,0,0,0,0,0,0,330,16014,0,0,0,0
46546.047,16662,60,0,0,0,0,0,8,29020,44,53,0,0,0,0,0,0,0,0,0,0,0,0,0,0,0,0,0,0,0,0,0,0,373,17534,0,0,0,0
46562.870,16822,59,0,0,0,0,0,8,28576,44,53,0,0,0,0,0,0,0,0,0,0,0,0,0,0,0,0,0,0,0,0,0,0,351,16294,0,0,0,0
46579.865,16995,58,0,0,0,0,0,8,28358,44,53,0,0,0,0,0,0,0,0,0,0,0,0,0,0,0,0,0,0,0,0,0,0,366,15728,0,0,0,0
46596.087,16222,61,0,0,0,0,0,8,29000,44,53,0,0,0,0,0,0,0,0,0,0,0,0,0,0,0,0,0,0,0,0,0,0,371,18384,0,0,0,0
46612.887,16799,59,0,0,0,0,0,8,28528,44,53,0,0,0,0,0,0,0,0,0,0,0,0,0,0,0,0,0,0,0,0,0,0,394,15853,0,0,0,0
46629.382,16494,60,0,0,0,0,0,8,28894,44,53,0,0,0,0,0,0,0,0,0,0,0,0,0,0,0,0,0,0,0,0,0,0,350,17969,0,0,0,0
46645.885,16503,60,0,0,0,0,0,8,28495,44,53,0,0,0,0,0,0,0,0,0,0,0,0,0,0,0,0,0,0,0,0,0,0,342,15896,0,0,0,0
46662.918,17033,58,0,0,0,0,0,8,28449,44,53,0,0,0,0,0,0,0,0,0,0,0,0,0,0,0,0,0,0,0,0,0,0,354,16445,0,0,0,0
46679.207,16289,61,0,0,0,0,0,8,28396,44,53,0,0,0,0,0,0,0,0,0,0,0,0,0,0,0,0,0,0,0,0,0,0,337,16362,0,0,0,0
46695.899,16691,59,0,0,0,0,0,8,28324,44,53,0,0,0,0,0,0,0,0,0,0,0,0,0,0,0,0,0,0,0,0,0,0,317,16711,0,0,0,0
46712.683,16784,59,0,0,0,0,0,8,28281,44,53,0,0,0,0,0,0,0,0,0,0,0,0,0,0,0,0,0,0,0,0,0,0,355,16440,0,0,0,0
46729.509,16826,59,0,0,0,0,0,8,28199,44,53,0,0,0,0,0,0,0,0,0,0,0,0,0,0,0,0,0,0,0,0,0,0,341,17279,0,0,0,0
46745.525,16016,62,0,0,0,0,0,8,28071,44,53,0,0,0,0,0,0,0,0,0,0,0,0,0,0,0,0,0,0,0,0,0,0,328,16759,0,0,0,0
46762.425,16899,59,0,0,0,0,0,8,28366,44,53,0,0,0,0,0,0,0,0,0,0,0,0,0,0,0,0,0,0,0,0,0,0,353,15313,0,0,0,0
46779.872,17447,57,0,0,0,0,0,8,28395,44,53,0,0,0,0,0,0,0,0,0,0,0,0,0,0,0,0,0,0,0,0,0,0,356,17355,0,0,0,0
46796.033,16161,61,0,0,0,0,0,8,28353,44,53,0,0,0,0,0,0,0,0,0,0,0,0,0,0,0,0,0,0,0,0,0,0,363,17367,0,0,0,0
46812.421,16387,61,0,0,0,0,0,8,27951,44,53,0,0,0,0,0,0,0,0,0,0,0,0,0,0,0,0,0,0,0,0,0,0,335,16128,0,0,0,0
46829.154,16733,59,0,0,0,0,0,8,27781,44,53,0,0,0,0,0,0,0,0,0,0,0,0,0,0,0,0,0,0,0,0,0,0,323,16367,0,0,0,0
46845.925,16771,59,0,0,0,0,0,8,27815,44,53,0,0,0,0,0,0,0,0,0,0,0,0,0,0,0,0,0,0,0,0,0,0,340,16761,0,0,0,0
46863.011,17085,58,0,0,0,0,0,8,27902,44,53,0,0,0,0,0,0,0,0,0,0,0,0,0,0,0,0,0,0,0,0,0,0,355,16932,0,0,0,0
46879.391,16380,61,0,0,0,0,0,8,28263,44,53,0,0,0,0,0,0,0,0,0,0,0,0,0,0,0,0,0,0,0,0,0,0,364,17041,0,0,0,0
46896.029,16638,60,0,0,0,0,0,8,27680,44,53,0,0,0,0,0,0,0,0,0,0,0,0,0,0,0,0,0,0,0,0,0,0,373,16886,0,0,0,0
46912.865,16835,59,0,0,0,0,0,8,27777,44,53,0,0,0,0,0,0,0,0,0,0,0,0,0,0,0,0,0,0,0,0,0,0,345,16028,0,0,0,0
46929.861,16996,58,0,0,0,0,0,8,27597,44,53,0,0,0,0,0,0,0,0,0,0,0,0,0,0,0,0,0,0,0,0,0,0,363,15903,0,0,0,0
46945.789,15927,62,0,0,0,0,0,8,27895,44,53,0,0,0,0,0,0,0,0,0,0,0,0,0,0,0,0,0,0,0,0,0,0,364,18087,0,0,0,0
46962.903,17114,58,0,0,0,0,0,8,27480,44,53,0,0,0,0,0,0,0,0,0,0,0,0,0,0,0,0,0,0,0,0,0,0,357,15939,0,0,0,0
46979.460,16557,60,0,0,0,0,0,8,27500,44,53,0,0,0,0,0,0,0,0,0,0,0,0,0,0,0,0,0,0,0,0,0,0,349,16631,0,0,0,0
46996.389,16929,59,0,0,0,0,0,8,27521,44,53,0,0,0,0,0,0,0,0,0,0,0,0,0,0,0,0,0,0,0,0,0,0,335,16926,0,0,0,0
47012.410,16021,62,0,0,0,0,0,8,27509,44,53,0,0,0,0,0,0,0,0,0,0,0,0,0,0,0,0,0,0,0,0,0,0,344,16502,0,0,0,0
47029.389,16978,58,0,0,0,0,0,8,27532,44,53,0,0,0,0,0,0,0,0,0,0,0,0,0,0,0,0,0,0,0,0,0,0,351,16529,0,0,0,0
47045.986,16597,60,0,0,0,0,0,8,27819,44,53,0,0,0,0,0,0,0,0,0,0,0,0,0,0,0,0,0,0,0,0,0,0,342,17356,0,0,0,0
47063.005,17018,58,0,0,0,0,0,8,27338,44,53,0,0,0,0,0,0,0,0,0,0,0,0,0,0,0,0,0,0,0,0,0,0,362,16238,0,0,0,0
47079.085,16080,62,0,0,0,0,0,8,27670,44,53,0,0,0,0,0,0,0,0,0,0,0,0,0,0,0,0,0,0,0,0,0,0,360,17029,0,0,0,0
47095.995,16909,59,0,0,0,0,0,8,27300,44,53,0,0,0,0,0,0,0,0,0,0,0,0,0,0,0,0,0,0,0,0,0,0,373,16209,0,0,0,0
47112.399,16404,60,0,0,0,0,0,8,27285,44,53,0,0,0,0,0,0,0,0,0,0,0,0,0,0,0,0,0,0,0,0,0,0,367,16530,0,0,0,0
47129.385,16986,58,0,0,0,0,0,8,27263,44,53,0,0,0,0,0,0,0,0,0,0,0,0,0,0,0,0,0,0,0,0,0,0,352,16212,0,0,0,0
47145.555,16169,61,0,0,0,0,0,8,27187,44,53,0,0,0,0,0,0,0,0,0,0,0,0,0,0,0,0,0,0,0,0,0,0,366,17202,0,0,0,0
47162.859,17303,57,0,0,0,0,0,8,27309,44,53,0,0,0,0,0,0,0,0,0,0,0,0,0,0,0,0,0,0,0,0,0,0,353,16056,0,0,0,0
47179.374,16515,60,0,0,0,0,0,8,27675,44,53,0,0,0,0,0,0,0,0,0,0,0,0,0,0,0,0,0,0,0,0,0,0,353,17610,0,0,0,0
47196.374,16999,58,0,0,0,0,0,8,27257,44,53,0,0,0,0,0,0,0,0,0,0,0,0,0,0,0,0,0,0,0,0,0,0,344,16516,0,0,0,0
47212.032,15658,63,0,0,0,0,0,8,27682,44,53,0,0,0,0,0,0,0,0,0,0,0,0,0,0,0,0,0,0,0,0,0,0,378,17609,0,0,0,0
47229.376,17344,57,0,0,0,0,0,8,27218,44,53,0,0,0,0,0,0,0,0,0,0,0,0,0,0,0,0,0,0,0,0,0,0,320,14480,0,0,0,0
47245.890,16513,60,0,0,0,0,0,8,27747,44,53,0,0,0,0,0,0,0,0,0,0,0,0,0,0,0,0,0,0,0,0,0,0,347,18362,0,0,0,0
47262.862,16972,58,0,0,0,0,0,8,27281,44,53,0,0,0,0,0,0,0,0,0,0,0,0,0,0,0,0,0,0,0,0,0,0,356,15949,0,0,0,0
47279.894,17031,58,0,0,0,0,0,8,27205,44,53,0,0,0,0,0,0,0,0,0,0,0,0,0,0,0,0,0,0,0,0,0,0,373,16940,0,0,0,0
47295.879,15985,62,0,0,0,0,0,8,27290,44,53,0,0,0,0,0,0,0,0,0,0,0,0,0,0,0,0,0,0,0,0,0,0,371,16767,0,0,0,0
47312.631,16752,59,0,0,0,0,0,8,27292,44,53,0,0,0,0,0,0,0,0,0,0,0,0,0,0,0,0,0,0,0,0,0,0,327,16564,0,0,0,0
47329.543,16911,59,0,0,0,0,0,8,27252,44,53,0,0,0,0,0,0,0,0,0,0,0,0,0,0,0,0,0,0,0,0,0,0,351,16169,0,0,0,0
47346.016,16472,60,0,0,0,0,0,8,27823,44,53,0,0,0,0,0,0,0,0,0,0,0,0,0,0,0,0,0,0,0,0,0,0,368,17372,0,0,0,0
47362.995,16978,58,0,0,0,0,0,8,27241,44,53,0,0,0,0,0,0,0,0,0,0,0,0,0,0,0,0,0,0,0,0,0,0,339,16428,0,0,0,0
47379.062,16067,62,0,0,0,0,0,8,27275,44,53,0,0,0,0,0,0,0,0,0,0,0,0,0,0,0,0,0,0,0,0,0,0,347,16947,0,0,0,0
47396.867,17804,56,0,0,0,0,0,8,27378,44,53,0,0,0,0,0,0,0,0,0,0,0,0,0,0,0,0,0,0,0,0,0,0,333,15917,0,0,0,0
47411.998,15131,66,0,0,0,0,0,8,27889,44,53,0,0,0,0,0,0,0,0,0,0,0,0,0,0,0,0,0,0,0,0,0,0,355,18285,0,0,0,0
47429.498,17500,57,0,0,0,0,0,8,27381,44,53,0,0,0,0,0,0,0,0,0,0,0,0,0,0,0,0,0,0,0,0,0,0,370,14508,0,0,0,0
47446.029,16530,60,0,0,0,0,0,8,27790,44,53,0,0,0,0,0,0,0,0,0,0,0,0,0,0,0,0,0,0,0,0,0,0,342,17926,0,0,0,0
47462.478,16449,60,0,0,0,0,0,8,27370,44,53,0,0,0,0,0,0,0,0,0,0,0,0,0,0,0,0,0,0,0,0,0,0,345,16330,0,0,0,0
47479.115,16636,60,0,0,0,0,0,8,27377,44,53,0,0,0,0,0,0,0,0,0,0,0,0,0,0,0,0,0,0,0,0,0,0,358,16357,0,0,0,0
47496.004,16888,59,0,0,0,0,0,8,27413,44,53,0,0,0,0,0,0,0,0,0,0,0,0,0,0,0,0,0,0,0,0,0,0,331,16752,0,0,0,0
47513.003,16998,58,0,0,0,0,0,8,27718,44,53,0,0,0,0,0,0,0,0,0,0,0,0,0,0,0,0,0,0,0,0,0,0,372,16594,0,0,0,0
47529.376,16373,61,0,0,0,0,0,8,28208,44,53,0,0,0,0,0,0,0,0,0,0,0,0,0,0,0,0,0,0,0,0,0,0,361,17712,0,0,0,0
47545.908,16532,60,0,0,0,0,0,8,27780,44,53,0,0,0,0,0,0,0,0,0,0,0,0,0,0,0,0,0,0,0,0,0,0,350,16107,0,0,0,0
47562.859,16950,58,0,0,0,0,0,8,27764,44,53,0,0,0,0,0,0,0,0,0,0,0,0,0,0,0,0,0,0,0,0,0,0,369,16294,0,0,0,0
47579.221,16361,61,0,0,0,0,0,8,27634,44,53,0,0,0,0,0,0,0,0,0,0,0,0,0,0,0,0,0,0,0,0,0,0,360,15929,0,0,0,0
47596.874,17653,56,0,0,0,0,0,8,28147,44,53,0,0,0,0,0,0,0,0,0,0,0,0,0,0,0,0,0,0,0,0,0,0,359,17322,0,0,0,0
47612.405,15531,64,0,0,0,0,0,8,26299,44,53,0,0,0,0,0,0,0,0,0,0,0,0,0,0,0,0,0,0,0,0,0,0,364,17998,0,0,0,0
47629.863,17458,57,0,0,0,0,0,8,25848,44,53,0,0,0,0,0,0,0,0,0,0,0,0,0,0,0,0,0,0,0,0,0,0,329,15277,0,0,0,0
47645.936,16072,62,0,0,0,0,0,8,26318,44,53,0,0,0,0,0,0,0,0,0,0,0,0,0,0,0,0,0,0,0,0,0,0,376,17539,0,0,0,0
47663.000,17054,58,0,0,0,0,0,8,25604,44,53,0,0,0,0,0,0,0,0,0,0,0,0,0,0,0,0,0,0,0,0,0,0,358,15764,0,0,0,0
47679.380,16390,61,0,0,0,0,0,8,26102,44,53,0,0,0,0,0,0,0,0,0,0,0,0,0,0,0,0,0,0,0,0,0,0,382,17372,0,0,0,0
47695.830,16449,60,0,0,0,0,0,8,25621,44,53,0,0,0,0,0,0,0,0,0,0,0,0,0,0,0,0,0,0,0,0,0,0,371,15667,0,0,0,0
47712.861,17031,58,0,0,0,0,0,8,25563,44,53,0,0,0,0,0,0,0,0,0,0,0,0,0,0,0,0,0,0,0,0,0,0,343,16409,0,0,0,0
47729.897,17035,58,0,0,0,0,0,8,25571,44,53,0,0,0,0,0,0,0,0,0,0,0,0,0,0,0,0,0,0,0,0,0,0,344,16314,0,0,0,0
47746.029,16132,61,0,0,0,0,0,8,26099,44,53,0,0,0,0,0,0,0,0,0,0,0,0,0,0,0,0,0,0,0,0,0,0,346,18742,0,0,0,0
47763.000,16970,58,0,0,0,0,0,8,25567,44,53,0,0,0,0,0,0,0,0,0,0,0,0,0,0,0,0,0,0,0,0,0,0,366,15804,0,0,0,0
47779.490,16490,60,0,0,0,0,0,8,26023,44,53,0,0,0,0,0,0,0,0,0,0,0,0,0,0,0,0,0,0,0,0,0,0,366,17644,0,0,0,0
47796.013,16523,60,0,0,0,0,0,8,25587,44,53,0,0,0,0,0,0,0,0,0,0,0,0,0,0,0,0,0,0,0,0,0,0,344,15396,0,0,0,0
47812.989,16975,58,0,0,0,0,0,8,25566,44,53,0,0,0,0,0,0,0,0,0,0,0,0,0,0,0,0,0,0,0,0,0,0,342,16507,0,0,0,0
47829.370,16381,61,0,0,0,0,0,8,25475,44,53,0,0,0,0,0,0,0,0,0,0,0,0,0,0,0,0,0,0,0,0,0,0,350,17106,0,0,0,0
47845.971,16601,60,0,0,0,0,0,8,25493,44,53,0,0,0,0,0,0,0,0,0,0,0,0,0,0,0,0,0,0,0,0,0,0,364,16661,0,0,0,0
47862.853,16881,59,0,0,0,0,0,8,25952,44,53,0,0,0,0,0,0,0,0,0,0,0,0,0,0,0,0,0,0,0,0,0,0,391,17535,0,0,0,0
47879.387,16533,60,0,0,0,0,0,8,25384,44,53,0,0,0,0,0,0,0,0,0,0,0,0,0,0,0,0,0,0,0,0,0,0,348,14717,0,0,0,0
47896.857,17470,57,0,0,0,0,0,8,25857,44,53,0,0,0,0,0,0,0,0,0,0,0,0,0,0,0,0,0,0,0,0,0,0,344,17394,0,0,0,0
47912.428,15570,64,0,0,0,0,0,8,25889,44,53,0,0,0,0,0,0,0,0,0,0,0,0,0,0,0,0,0,0,0,0,0,0,338,17779,0,0,0,0
47930.377,17949,55,0,0,0,0,0,8,25276,44,53,0,0,0,0,0,0,0,0,0,0,0,0,0,0,0,0,0,0,0,0,0,0,348,14943,0,0,0,0
47945.947,15569,64,0,0,0,0,0,8,25839,44,53,0,0,0,0,0,0,0,0,0,0,0,0,0,0,0,0,0,0,0,0,0,0,359,18504,0,0,0,0
47963.003,17044,58,0,0,0,0,0,8,25448,44,53,0,0,0,0,0,0,0,0,0,0,0,0,0,0,0,0,0,0,0,0,0,0,354,15846,0,0,0,0
47979.677,16684,59,0,0,0,0,0,8,25788,44,53,0,0,0,0,0,0,0,0,0,0,0,0,0,0,0,0,0,0,0,0,0,0,374,17463,0,0,0,0
47996.399,16722,59,0,0,0,0,0,8,25436,44,53,0,0,0,0,0,0,0,0,0,0,0,0,0,0,0,0,0,0,0,0,0,0,349,15946,0,0,0,0
48012.994,16594,60,0,0,0,0,0,8,25332,44,53,0,0,0,0,0,0,0,0,0,0,0,0,0,0,0,0,0,0,0,0,0,0,368,16694,0,0,0,0
48029.482,16488,60,0,0,0,0,0,8,25316,44,53,0,0,0,0,0,0,0,0,0,0,0,0,0,0,0,0,0,0,0,0,0,0,340,16648,0,0,0,0
48046.004,16521,60,0,0,0,0,0,8,25317,44,53,0,0,0,0,0,0,0,0,0,0,0,0,0,0,0,0,0,0,0,0,0,0,368,16435,0,0,0,0
48062.898,16894,59,0,0,0,0,0,8,25445,44,53,0,0,0,0,0,0,0,0,0,0,0,0,0,0,0,0,0,0,0,0,0,0,367,16387,0,0,0,0
48079.457,16558,60,0,0,0,0,0,8,25764,44,53,0,0,0,0,0,0,0,0,0,0,0,0,0,0,0,0,0,0,0,0,0,0,394,18108,0,0,0,0
48095.999,16541,60,0,0,0,0,0,8,25251,44,53,0,0,0,0,0,0,0,0,0,0,0,0,0,0,0,0,0,0,0,0,0,0,331,15207,0,0,0,0
48112.396,16397,60,0,0,0,0,0,8,25429,44,53,0,0,0,0,0,0,0,0,0,0,0,0,0,0,0,0,0,0,0,0,0,0,332,16622,0,0,0,0
48129.362,16966,58,0,0,0,0,0,8,25364,44,53,0,0,0,0,0,0,0,0,0,0,0,0,0,0,0,0,0,0,0,0,0,0,336,16371,0,0,0,0
48146.125,16762,59,0,0,0,0,0,8,25773,44,53,0,0,0,0,0,0,0,0,0,0,0,0,0,0,0,0,0,0,0,0,0,0,368,17487,0,0,0,0
48162.847,16721,59,0,0,0,0,0,8,25340,44,53,0,0,0,0,0,0,0,0,0,0,0,0,0,0,0,0,0,0,0,0,0,0,330,16303,0,0,0,0
48179.165,16317,61,0,0,0,0,0,8,25325,44,53,0,0,0,0,0,0,0,0,0,0,0,0,0,0,0,0,0,0,0,0,0,0,366,16771,0,0,0,0
48195.966,16801,59,0,0,0,0,0,8,25403,44,53,0,0,0,0,0,0,0,0,0,0,0,0,0,0,0,0,0,0,0,0,0,0,342,16547,0,0,0,0
48212.887,16921,59,0,0,0,0,0,8,25421,44,53,0,0,0,0,0,0,0,0,0,0,0,0,0,0,0,0,0,0,0,0,0,0,354,16621,0,0,0,0
48229.342,16455,60,0,0,0,0,0,8,25345,44,53,0,0,0,0,0,0,0,0,0,0,0,0,0,0,0,0,0,0,0,0,0,0,346,16905,0,0,0,0
48245.969,16626,60,0,0,0,0,0,8,25204,44,53,0,0,0,0,0,0,0,0,0,0,0,0,0,0,0,0,0,0,0,0,0,0,362,16811,0,0,0,0
48262.538,16569,60,0,0,0,0,0,8,25222,44,53,0,0,0,0,0,0,0,0,0,0,0,0,0,0,0,0,0,0,0,0,0,0,358,16655,0,0,0,0
48279.134,16595,60,0,0,0,0,0,8,25243,44,53,0,0,0,0,0,0,0,0,0,0,0,0,0,0,0,0,0,0,0,0,0,0,366,16071,0,0,0,0
48295.960,16826,59,0,0,0,0,0,8,25280,44,53,0,0,0,0,0,0,0,0,0,0,0,0,0,0,0,0,0,0,0,0,0,0,343,16663,0,0,0,0
48312.993,17033,58,0,0,0,0,0,8,25225,44,53,0,0,0,0,0,0,0,0,0,0,0,0,0,0,0,0,0,0,0,0,0,0,357,16934,0,0,0,0
48329.244,16250,61,0,0,0,0,0,8,25659,44,53,0,0,0,0,0,0,0,0,0,0,0,0,0,0,0,0,0,0,0,0,0,0,386,17218,0,0,0,0
48346.045,16801,59,0,0,0,0,0,8,25287,44,53,0,0,0,0,0,0,0,0,0,0,0,0,0,0,0,0,0,0,0,0,0,0,340,16026,0,0,0,0
48362.847,16802,59,0,0,0,0,0,8,25250,44,53,0,0,0,0,0,0,0,0,0,0,0,0,0,0,0,0,0,0,0,0,0,0,360,16861,0,0,0,0
48379.433,16585,60,0,0,0,0,0,8,22337,44,53,0,0,0,0,0,0,0,0,0,0,0,0,0,0,0,0,0,0,0,0,0,0,338,16266,0,0,0,0
48396.014,16581,60,0,0,0,0,0,8,20869,44,53,0,0,0,0,0,0,0,0,0,0,0,0,0,0,0,0,0,0,0,0,0,0,349,16183,0,0,0,0
48412.830,16816,59,0,0,0,0,0,8,20790,44,53,0,0,0,0,0,0,0,0,0,0,0,0,0,0,0,0,0,0,0,0,0,0,337,16871,0,0,0,0
48429.853,17023,58,0,0,0,0,0,8,21474,44,53,0,0,0,0,0,0,0,0,0,0,0,0,0,0,0,0,0,0,0,0,0,0,320,16781,0,0,0,0
48446.011,16157,61,0,0,0,0,0,8,20903,44,53,0,0,0,0,0,0,0,0,0,0,0,0,0,0,0,0,0,0,0,0,0,0,334,15581,0,0,0,0
48462.851,16839,59,0,0,0,0,0,8,21522,44,53,0,0,0,0,0,0,0,0,0,0,0,0,0,0,0,0,0,0,0,0,0,0,376,17582,0,0,0,0
48479.497,16646,60,0,0,0,0,0,8,20898,44,53,0,0,0,0,0,0,0,0,0,0,0,0,0,0,0,0,0,0,0,0,0,0,354,16460,0,0,0,0
48495.919,16421,60,0,0,0,0,0,8,21037,44,53,0,0,0,0,0,0,0,0,0,0,0,0,0,0,0,0,0,0,0,0,0,0,364,16556,0,0,0,0
48513.006,17086,58,0,0,0,0,0,8,21129,44,53,0,0,0,0,0,0,0,0,0,0,0,0,0,0,0,0,0,0,0,0,0,0,359,16508,0,0,0,0
48529.101,16094,62,0,0,0,0,0,8,21539,44,53,0,0,0,0,0,0,0,0,0,0,0,0,0,0,0,0,0,0,0,0,0,0,358,17481,0,0,0,0
48546.031,16930,59,0,0,0,0,0,8,21260,44,53,0,0,0,0,0,0,0,0,0,0,0,0,0,0,0,0,0,0,0,0,0,0,356,16065,0,0,0,0
48562.982,16951,58,0,0,0,0,0,8,21170,44,53,0,0,0,0,0,0,0,0,0,0,0,0,0,0,0,0,0,0,0,0,0,0,372,16649,0,0,0,0
48579.276,16293,61,0,0,0,0,0,8,21135,44,53,0,0,0,0,0,0,0,0,0,0,0,0,0,0,0,0,0,0,0,0,0,0,325,16609,0,0,0,0
48596.370,17094,58,0,0,0,0,0,8,21365,44,53,0,0,0,0,0,0,0,0,0,0,0,0,0,0,0,0,0,0,0,0,0,0,347,16315,0,0,0,0
48612.985,16615,60,0,0,0,0,0,8,22004,44,53,0,0,0,0,0,0,0,0,0,0,0,0,0,0,0,0,0,0,0,0,0,0,347,17970,0,0,0,0
48628.845,15859,63,0,0,0,0,0,8,21329,44,53,0,0,0,0,0,0,0,0,0,0,0,0,0,0,0,0,0,0,0,0,0,0,364,16492,0,0,0,0
48645.995,17149,58,0,0,0,0,0,8,21470,44,53,0,0,0,0,0,0,0,0,0,0,0,0,0,0,0,0,0,0,0,0,0,0,345,14254,0,0,0,0
48662.848,16852,59,0,0,0,0,0,8,22170,44,53,0,0,0,0,0,0,0,0,0,0,0,0,0,0,0,0,0,0,0,0,0,0,382,18737,0,0,0,0
48679.240,16391,61,0,0,0,0,0,8,21440,44,53,0,0,0,0,0,0,0,0,0,0,0,0,0,0,0,0,0,0,0,0,0,0,351,15499,0,0,0,0
48696.037,16788,59,0,0,0,0,0,8,22080,44,53,0,0,0,0,0,0,0,0,0,0,0,0,0,0,0,0,0,0,0,0,0,0,375,17143,0,0,0,0
48712.819,16790,59,0,0,0,0,0,8,21679,44,53,0,0,0,0,0,0,0,0,0,0,0,0,0,0,0,0,0,0,0,0,0,0,376,16717,0,0,0,0
48729.460,16641,60,0,0,0,0,0,8,21566,44,53,0,0,0,0,0,0,0,0,0,0,0,0,0,0,0,0,0,0,0,0,0,0,325,16766,0,0,0,0
48746.137,16677,59,0,0,0,0,0,8,21647,44,53,0,0,0,0,0,0,0,0,0,0,0,0,0,0,0,0,0,0,0,0,0,0,355,16909,0,0,0,0
48762.896,16758,59,0,0,0,0,0,8,21818,44,53,0,0,0,0,0,0,0,0,0,0,0,0,0,0,0,0,0,0,0,0,0,0,353,16751,0,0,0,0
48779.431,16534,60,0,0,0,0,0,8,22223,44,53,0,0,0,0,0,0,0,0,0,0,0,0,0,0,0,0,0,0,0,0,0,0,319,17250,0,0,0,0
48796.372,16941,59,0,0,0,0,0,8,21777,44,53,0,0,0,0,0,0,0,0,0,0,0,0,0,0,0,0,0,0,0,0,0,0,378,16483,0,0,0,0
48812.847,16474,60,0,0,0,0,0,8,21889,44,53,0,0,0,0,0,0,0,0,0,0,0,0,0,0,0,0,0,0,0,0,0,0,358,16450,0,0,0,0
48829.851,17003,58,0,0,0,0,0,8,21854,44,53,0,0,0,0,0,0,0,0,0,0,0,0,0,0,0,0,0,0,0,0,0,0,338,16391,0,0,0,0
48845.444,15593,64,0,0,0,0,0,8,22493,44,53,0,0,0,0,0,0,0,0,0,0,0,0,0,0,0,0,0,0,0,0,0,0,380,17521,0,0,0,0
48862.992,17538,57,0,0,0,0,0,8,22038,44,53,0,0,0,0,0,0,0,0,0,0,0,0,0,0,0,0,0,0,0,0,0,0,349,15055,0,0,0,0
48879.432,16449,60,0,0,0,0,0,8,22419,44,53,0,0,0,0,0,0,0,0,0,0,0,0,0,0,0,0,0,0,0,0,0,0,354,17848,0,0,0,0
48895.970,16537,60,0,0,0,0,0,8,21930,44,53,0,0,0,0,0,0,0,0,0,0,0,0,0,0,0,0,0,0,0,0,0,0,367,16029,0,0,0,0
48912.891,16922,59,0,0,0,0,0,8,21974,44,53,0,0,0,0,0,0,0,0,0,0,0,0,0,0,0,0,0,0,0,0,0,0,365,16472,0,0,0,0
48928.908,16016,62,0,0,0,0,0,8,22051,44,53,0,0,0,0,0,0,0,0,0,0,0,0,0,0,0,0,0,0,0,0,0,0,333,16899,0,0,0,0
48945.920,17012,58,0,0,0,0,0,8,22105,44,53,0,0,0,0,0,0,0,0,0,0,0,0,0,0,0,0,0,0,0,0,0,0,348,16190,0,0,0,0
48963.333,17412,57,0,0,0,0,0,8,22079,44,53,0,0,0,0,0,0,0,0,0,0,0,0,0,0,0,0,0,0,0,0,0,0,343,16976,0,0,0,0
48979.854,16520,60,0,0,0,0,0,8,22678,44,53,0,0,0,0,0,0,0,0,0,0,0,0,0,0,0,0,0,0,0,0,0,0,358,17645,0,0,0,0
48995.764,15910,62,0,0,0,0,0,8,22290,44,53,0,0,0,0,0,0,0,0,0,0,0,0,0,0,0,0,0,0,0,0,0,0,383,16497,0,0,0,0
49011.982,16218,61,0,0,0,0,0,8,22321,44,53,0,0,0,0,0,0,0,0,0,0,0,0,0,0,0,0,0,0,0,0,0,0,328,15882,0,0,0,0
49029.853,17870,55,0,0,0,0,0,8,22375,44,53,0,0,0,0,0,0,0,0,0,0,0,0,0,0,0,0,0,0,0,0,0,0,358,16921,0,0,0,0
49045.980,16127,62,0,0,0,0,0,8,22325,44,53,0,0,0,0,0,0,0,0,0,0,0,0,0,0,0,0,0,0,0,0,0,0,361,16108,0,0,0,0
49062.892,16912,59,0,0,0,0,0,8,22915,44,53,0,0,0,0,0,0,0,0,0,0,0,0,0,0,0,0,0,0,0,0,0,0,345,17319,0,0,0,0
49079.235,16342,61,0,0,0,0,0,8,22836,44,53,0,0,0,0,0,0,0,0,0,0,0,0,0,0,0,0,0,0,0,0,0,0,362,16725,0,0,0,0
49096.013,16778,59,0,0,0,0,0,8,22599,44,53,0,0,0,0,0,0,0,0,0,0,0,0,0,0,0,0,0,0,0,0,0,0,336,15911,0,0,0,0
49112.433,16420,60,0,0,0,0,0,8,22598,44,53,0,0,0,0,0,0,0,0,0,0,0,0,0,0,0,0,0,0,0,0,0,0,377,17129,0,0,0,0
49129.359,16925,59,0,0,0,0,0,8,22371,44,53,0,0,0,0,0,0,0,0,0,0,0,0,0,0,0,0,0,0,0,0,0,0,347,16634,0,0,0,0
49145.387,16027,62,0,0,0,0,0,8,22562,44,53,0,0,0,0,0,0,0,0,0,0,0,0,0,0,0,0,0,0,0,0,0,0,332,16514,0,0,0,0
49162.851,17464,57,0,0,0,0,0,8,22312,44,53,0,0,0,0,0,0,0,0,0,0,0,0,0,0,0,0,0,0,0,0,0,0,344,16138,0,0,0,0
49179.491,16640,60,0,0,0,0,0,8,22703,44,53,0,0,0,0,0,0,0,0,0,0,0,0,0,0,0,0,0,0,0,0,0,0,351,17946,0,0,0,0
49195.978,16486,60,0,0,0,0,0,8,22432,44,53,0,0,0,0,0,0,0,0,0,0,0,0,0,0,0,0,0,0,0,0,0,0,359,16523,0,0,0,0
49212.852,16873,59,0,0,0,0,0,8,22420,44,53,0,0,0,0,0,0,0,0,0,0,0,0,0,0,0,0,0,0,0,0,0,0,350,15995,0,0,0,0
49229.385,16533,60,0,0,0,0,0,8,22459,44,53,0,0,0,0,0,0,0,0,0,0,0,0,0,0,0,0,0,0,0,0,0,0,336,16010,0,0,0,0
49246.527,17142,58,0,0,0,0,0,8,23018,44,53,0,0,0,0,0,0,0,0,0,0,0,0,0,0,0,0,0,0,0,0,0,0,347,17852,0,0,0,0
49262.751,16223,61,0,0,0,0,0,8,23054,44,53,0,0,0,0,0,0,0,0,0,0,0,0,0,0,0,0,0,0,0,0,0,0,364,17042,0,0,0,0
49279.254,16503,60,0,0,0,0,0,8,22569,44,53,0,0,0,0,0,0,0,0,0,0,0,0,0,0,0,0,0,0,0,0,0,0,348,16033,0,0,0,0
49295.982,16728,59,0,0,0,0,0,8,22580,44,53,0,0,0,0,0,0,0,0,0,0,0,0,0,0,0,0,0,0,0,0,0,0,334,16792,0,0,0,0
49312.411,16428,60,0,0,0,0,0,8,22789,44,53,0,0,0,0,0,0,0,0,0,0,0,0,0,0,0,0,0,0,0,0,0,0,361,16560,0,0,0,0
49329.872,17460,57,0,0,0,0,0,8,22744,44,53,0,0,0,0,0,0,0,0,0,0,0,0,0,0,0,0,0,0,0,0,0,0,360,16253,0,0,0,0
49345.999,16127,62,0,0,0,0,0,8,23208,44,53,0,0,0,0,0,0,0,0,0,0,0,0,0,0,0,0,0,0,0,0,0,0,350,17537,0,0,0,0
49362.842,16843,59,0,0,0,0,0,8,22878,44,53,0,0,0,0,0,0,0,0,0,0,0,0,0,0,0,0,0,0,0,0,0,0,360,16039,0,0,0,0
49379.843,17000,58,0,0,0,0,0,8,23328,44,53,0,0,0,0,0,0,0,0,0,0,0,0,0,0,0,0,0,0,0,0,0,0,377,17389,0,0,0,0
49395.866,16022,62,0,0,0,0,0,8,22901,44,53,0,0,0,0,0,0,0,0,0,0,0,0,0,0,0,0,0,0,0,0,0,0,362,15622,0,0,0,0
49412.866,16999,58,0,0,0,0,0,8,23036,44,53,0,0,0,0,0,0,0,0,0,0,0,0,0,0,0,0,0,0,0,0,0,0,376,17000,0,0,0,0
49429.551,16685,59,0,0,0,0,0,8,23523,44,53,0,0,0,0,0,0,0,0,0,0,0,0,0,0,0,0,0,0,0,0,0,0,368,17158,0,0,0,0
49446.199,16648,60,0,0,0,0,0,8,23001,44,53,0,0,0,0,0,0,0,0,0,0,0,0,0,0,0,0,0,0,0,0,0,0,350,16552,0,0,0,0
49462.490,16291,61,0,0,0,0,0,8,23199,44,53,0,0,0,0,0,0,0,0,0,0,0,0,0,0,0,0,0,0,0,0,0,0,373,16469,0,0,0,0
49479.416,16925,59,0,0,0,0,0,8,23171,44,53,0,0,0,0,0,0,0,0,0,0,0,0,0,0,0,0,0,0,0,0,0,0,345,16560,0,0,0,0
49496.838,17422,57,0,0,0,0,0,8,23210,44,53,0,0,0,0,0,0,0,0,0,0,0,0,0,0,0,0,0,0,0,0,0,0,336,16656,0,0,0,0
49512.411,15573,64,0,0,0,0,0,8,23694,44,53,0,0,0,0,0,0,0,0,0,0,0,0,0,0,0,0,0,0,0,0,0,0,354,17719,0,0,0,0
49529.858,17446,57,0,0,0,0,0,8,23314,44,53,0,0,0,0,0,0,0,0,0,0,0,0,0,0,0,0,0,0,0,0,0,0,324,15415,0,0,0,0
49546.000,16141,61,0,0,0,0,0,8,25081,44,53,0,0,0,0,0,0,0,0,0,0,0,0,0,0,0,0,0,0,0,0,0,0,379,16595,0,0,0,0
49562.405,16405,60,0,0,0,0,0,8,25570,44,53,0,0,0,0,0,0,0,0,0,0,0,0,0,0,0,0,0,0,0,0,0,0,356,17280,0,0,0,0
49579.068,16663,60,0,0,0,0,0,8,25141,44,53,0,0,0,0,0,0,0,0,0,0,0,0,0,0,0,0,0,0,0,0,0,0,320,16098,0,0,0,0
49596.147,17078,58,0,0,0,0,0,8,25219,44,53,0,0,0,0,0,0,0,0,0,0,0,0,0,0,0,0,0,0,0,0,0,0,337,16731,0,0,0,0
49612.866,16718,59,0,0,0,0,0,8,25106,44,53,0,0,0,0,0,0,0,0,0,0,0,0,0,0,0,0,0,0,0,0,0,0,364,16923,0,0,0,0
49629.630,16764,59,0,0,0,0,0,8,25260,44,53,0,0,0,0,0,0,0,0,0,0,0,0,0,0,0,0,0,0,0,0,0,0,347,16790,0,0,0,0
49646.366,16735,59,0,0,0,0,0,8,25271,44,53,0,0,0,0,0,0,0,0,0,0,0,0,0,0,0,0,0,0,0,0,0,0,325,16949,0,0,0,0
49662.836,16469,60,0,0,0,0,0,8,25360,44,53,0,0,0,0,0,0,0,0,0,0,0,0,0,0,0,0,0,0,0,0,0,0,340,16464,0,0,0,0
49679.200,16363,61,0,0,0,0,0,8,25334,44,53,0,0,0,0,0,0,0,0,0,0,0,0,0,0,0,0,0,0,0,0,0,0,368,16564,0,0,0,0
49695.900,16700,59,0,0,0,0,0,8,25365,44,53,0,0,0,0,0,0,0,0,0,0,0,0,0,0,0,0,0,0,0,0,0,0,347,16181,0,0,0,0
49712.390,16490,60,0,0,0,0,0,8,25442,44,53,0,0,0,0,0,0,0,0,0,0,0,0,0,0,0,0,0,0,0,0,0,0,355,16996,0,0,0,0
49729.362,16971,58,0,0,0,0,0,8,25357,44,53,0,0,0,0,0,0,0,0,0,0,0,0,0,0,0,0,0,0,0,0,0,0,366,16148,0,0,0,0
49745.986,16623,60,0,0,0,0,0,8,25974,44,53,0,0,0,0,0,0,0,0,0,0,0,0,0,0,0,0,0,0,0,0,0,0,380,17664,0,0,0,0
49762.541,16555,60,0,0,0,0,0,8,25448,44,53,0,0,0,0,0,0,0,0,0,0,0,0,0,0,0,0,0,0,0,0,0,0,359,16280,0,0,0,0
49780.360,17818,56,0,0,0,0,0,8,25400,44,53,0,0,0,0,0,0,0,0,0,0,0,0,0,0,0,0,0,0,0,0,0,0,329,16366,0,0,0,0
49796.834,16474,60,0,0,0,0,0,8,25999,44,53,0,0,0,0,0,0,0,0,0,0,0,0,0,0,0,0,0,0,0,0,0,0,341,18073,0,0,0,0
49812.984,16150,61,0,0,0,0,0,8,23780,44,53,0,0,0,0,0,0,0,0,0,0,0,0,0,0,0,0,0,0,0,0,0,0,339,16314,0,0,0,0
49829.539,16554,60,0,0,0,0,0,8,23725,44,53,0,0,0,0,0,0,0,0,0,0,0,0,0,0,0,0,0,0,0,0,0,0,341,16127,0,0,0,0
49845.885,16345,61,0,0,0,0,0,8,23754,44,53,0,0,0,0,0,0,0,0,0,0,0,0,0,0,0,0,0,0,0,0,0,0,350,16562,0,0,0,0
49862.836,16951,58,0,0,0,0,0,8,23813,44,53,0,0,0,0,0,0,0,0,0,0,0,0,0,0,0,0,0,0,0,0,0,0,341,16805,0,0,0,0
49879.387,16551,60,0,0,0,0,0,8,23807,44,53,0,0,0,0,0,0,0,0,0,0,0,0,0,0,0,0,0,0,0,0,0,0,334,16297,0,0,0,0
49895.960,16572,60,0,0,0,0,0,8,23816,44,53,0,0,0,0,0,0,0,0,0,0,0,0,0,0,0,0,0,0,0,0,0,0,363,16747,0,0,0,0
49912.486,16526,60,0,0,0,0,0,8,23898,44,53,0,0,0,0,0,0,0,0,0,0,0,0,0,0,0,0,0,0,0,0,0,0,353,16307,0,0,0,0
49929.508,17021,58,0,0,0,0,0,8,23798,44,53,0,0,0,0,0,0,0,0,0,0,0,0,0,0,0,0,0,0,0,0,0,0,336,16907,0,0,0,0
49946.077,16568,60,0,0,0,0,0,8,24290,44,53,0,0,0,0,0,0,0,0,0,0,0,0,0,0,0,0,0,0,0,0,0,0,356,17132,0,0,0,0
49962.389,16311,61,0,0,0,0,0,8,23991,44,53,0,0,0,0,0,0,0,0,0,0,0,0,0,0,0,0,0,0,0,0,0,0,375,16513,0,0,0,0
49979.461,17071,58,0,0,0,0,0,8,23944,44,53,0,0,0,0,0,0,0,0,0,0,0,0,0,0,0,0,0,0,0,0,0,0,393,16529,0,0,0,0
49996.834,17373,57,0,0,0,0,0,8,23897,44,53,0,0,0,0,0,0,0,0,0,0,0,0,0,0,0,0,0,0,0,0,0,0,350,16374,0,0,0,0
50012.845,16010,62,0,0,0,0,0,8,24355,44,53,0,0,0,0,0,0,0,0,0,0,0,0,0,0,0,0,0,0,0,0,0,0,347,17842,0,0,0,0
50029.355,16511,60,0,0,0,0,0,8,23904,44,53,0,0,0,0,0,0,0,0,0,0,0,0,0,0,0,0,0,0,0,0,0,0,312,15720,0,0,0,0
50045.966,16610,60,0,0,0,0,0,8,23934,44,53,0,0,0,0,0,0,0,0,0,0,0,0,0,0,0,0,0,0,0,0,0,0,340,17043,0,0,0,0
50063.372,17406,57,0,0,0,0,0,8,24082,44,53,0,0,0,0,0,0,0,0,0,0,0,0,0,0,0,0,0,0,0,0,0,0,334,16364,0,0,0,0
50079.840,16468,60,0,0,0,0,0,8,24361,44,53,0,0,0,0,0,0,0,0,0,0,0,0,0,0,0,0,0,0,0,0,0,0,356,17388,0,0,0,0
50095.756,15916,62,0,0,0,0,0,8,24008,44,53,0,0,0,0,0,0,0,0,0,0,0,0,0,0,0,0,0,0,0,0,0,0,327,16452,0,0,0,0
50112.837,17080,58,0,0,0,0,0,8,24057,44,53,0,0,0,0,0,0,0,0,0,0,0,0,0,0,0,0,0,0,0,0,0,0,344,15779,0,0,0,0
50129.072,16235,61,0,0,0,0,0,8,24449,44,53,0,0,0,0,0,0,0,0,0,0,0,0,0,0,0,0,0,0,0,0,0,0,355,17528,0,0,0,0
50146.842,17769,56,0,0,0,0,0,8,24069,44,53,0,0,0,0,0,0,0,0,0,0,0,0,0,0,0,0,0,0,0,0,0,0,314,15846,0,0,0,0
50162.974,16131,61,0,0,0,0,0,8,24357,44,53,0,0,0,0,0,0,0,0,0,0,0,0,0,0,0,0,0,0,0,0,0,0,361,17933,0,0,0,0
50178.907,15933,62,0,0,0,0,0,8,23962,44,53,0,0,0,0,0,0,0,0,0,0,0,0,0,0,0,0,0,0,0,0,0,0,377,15830,0,0,0,0
50195.970,17063,58,0,0,0,0,0,8,24034,44,53,0,0,0,0,0,0,0,0,0,0,0,0,0,0,0,0,0,0,0,0,0,0,361,15698,0,0,0,0
50212.837,16867,59,0,0,0,0,0,8,24426,44,53,0,0,0,0,0,0,0,0,0,0,0,0,0,0,0,0,0,0,0,0,0,0,351,17777,0,0,0,0
50229.531,16693,59,0,0,0,0,0,8,24013,44,53,0,0,0,0,0,0,0,0,0,0,0,0,0,0,0,0,0,0,0,0,0,0,345,15672,0,0,0,0
50246.022,16491,60,0,0,0,0,0,8,24358,44,53,0,0,0,0,0,0,0,0,0,0,0,0,0,0,0,0,0,0,0,0,0,0,336,17841,0,0,0,0
50262.880,16858,59,0,0,0,0,0,8,23905,44,53,0,0,0,0,0,0,0,0,0,0,0,0,0,0,0,0,0,0,0,0,0,0,353,16406,0,0,0,0
50278.878,15997,62,0,0,0,0,0,8,23904,44,53,0,0,0,0,0,0,0,0,0,0,0,0,0,0,0,0,0,0,0,0,0,0,352,16604,0,0,0,0
50295.879,17000,58,0,0,0,0,0,8,23965,44,53,0,0,0,0,0,0,0,0,0,0,0,0,0,0,0,0,0,0,0,0,0,0,340,15985,0,0,0,0
50312.971,17092,58,0,0,0,0,0,8,23990,44,53,0,0,0,0,0,0,0,0,0,0,0,0,0,0,0,0,0,0,0,0,0,0,348,16999,0,0,0,0
50329.885,16913,59,0,0,0,0,0,8,24403,44,53,0,0,0,0,0,0,0,0,0,0,0,0,0,0,0,0,0,0,0,0,0,0,344,17585,0,0,0,0
50346.355,16470,60,0,0,0,0,0,8,23974,44,53,0,0,0,0,0,0,0,0,0,0,0,0,0,0,0,0,0,0,0,0,0,0,339,16796,0,0,0,0
50362.835,16479,60,0,0,0,0,0,8,24053,44,53,0,0,0,0,0,0,0,0,0,0,0,0,0,0,0,0,0,0,0,0,0,0,352,15958,0,0,0,0
50379.232,16397,60,0,0,0,0,0,8,23970,44,53,0,0,0,0,0,0,0,0,0,0,0,0,0,0,0,0,0,0,0,0,0,0,357,15632,0,0,0,0
50396.811,17578,56,0,0,0,0,0,8,24615,44,53,0,0,0,0,0,0,0,0,0,0,0,0,0,0,0,0,0,0,0,0,0,0,393,18013,0,0,0,0
50412.481,15669,63,0,0,0,0,0,8,24594,44,53,0,0,0,0,0,0,0,0,0,0,0,0,0,0,0,0,0,0,0,0,0,0,374,17323,0,0,0,0
50429.189,16708,59,0,0,0,0,0,8,24088,44,53,0,0,0,0,0,0,0,0,0,0,0,0,0,0,0,0,0,0,0,0,0,0,371,15282,0,0,0,0
50445.968,16778,59,0,0,0,0,0,8,24191,44,53,0,0,0,0,0,0,0,0,0,0,0,0,0,0,0,0,0,0,0,0,0,0,380,16639,0,0,0,0
50462.967,16998,58,0,0,0,0,0,8,24604,44,53,0,0,0,0,0,0,0,0,0,0,0,0,0,0,0,0,0,0,0,0,0,0,348,17419,0,0,0,0
50479.527,16560,60,0,0,0,0,0,8,23981,44,53,0,0,0,0,0,0,0,0,0,0,0,0,0,0,0,0,0,0,0,0,0,0,352,16487,0,0,0,0
50496.021,16484,60,0,0,0,0,0,8,24017,44,53,0,0,0,0,0,0,0,0,0,0,0,0,0,0,0,0,0,0,0,0,0,0,345,16529,0,0,0,0
50512.973,16961,58,0,0,0,0,0,8,23975,44,53,0,0,0,0,0,0,0,0,0,0,0,0,0,0,0,0,0,0,0,0,0,0,356,16387,0,0,0,0
50529.213,16239,61,0,0,0,0,0,8,23870,44,53,0,0,0,0,0,0,0,0,0,0,0,0,0,0,0,0,0,0,0,0,0,0,358,17022,0,0,0,0
50545.964,16751,59,0,0,0,0,0,8,23890,44,53,0,0,0,0,0,0,0,0,0,0,0,0,0,0,0,0,0,0,0,0,0,0,347,16572,0,0,0,0
50562.488,16523,60,0,0,0,0,0,8,23768,44,53,0,0,0,0,0,0,0,0,0,0,0,0,0,0,0,0,0,0,0,0,0,0,362,16522,0,0,0,0
50579.521,17033,58,0,0,0,0,0,8,23628,44,53,0,0,0,0,0,0,0,0,0,0,0,0,0,0,0,0,0,0,0,0,0,0,368,16807,0,0,0,0
50596.838,17316,57,0,0,0,0,0,8,23576,44,53,0,0,0,0,0,0,0,0,0,0,0,0,0,0,0,0,0,0,0,0,0,0,360,16484,0,0,0,0
50612.831,15993,62,0,0,0,0,0,8,24023,44,53,0,0,0,0,0,0,0,0,0,0,0,0,0,0,0,0,0,0,0,0,0,0,340,17686,0,0,0,0
50629.830,16998,58,0,0,0,0,0,8,23395,44,53,0,0,0,0,0,0,0,0,0,0,0,0,0,0,0,0,0,0,0,0,0,0,349,15785,0,0,0,0
50646.827,16997,58,0,0,0,0,0,8,23315,44,53,0,0,0,0,0,0,0,0,0,0,0,0,0,0,0,0,0,0,0,0,0,0,363,17180,0,0,0,0
50662.367,15540,64,0,0,0,0,0,8,23363,44,53,0,0,0,0,0,0,0,0,0,0,0,0,0,0,0,0,0,0,0,0,0,0,341,16761,0,0,0,0
50679.533,17165,58,0,0,0,0,0,8,23173,44,53,0,0,0,0,0,0,0,0,0,0,0,0,0,0,0,0,0,0,0,0,0,0,364,15545,0,0,0,0
50695.962,16429,60,0,0,0,0,0,8,23612,44,53,0,0,0,0,0,0,0,0,0,0,0,0,0,0,0,0,0,0,0,0,0,0,345,17543,0,0,0,0
50712.831,16868,59,0,0,0,0,0,8,23154,44,53,0,0,0,0,0,0,0,0,0,0,0,0,0,0,0,0,0,0,0,0,0,0,341,16064,0,0,0,0
50729.254,16422,60,0,0,0,0,0,8,34075,44,53,0,0,0,0,0,0,0,0,0,0,0,0,0,0,0,0,0,0,0,0,0,0,348,18898,0,0,0,0
50746.357,17102,58,0,0,0,0,0,8,32907,44,53,0,0,0,0,0,0,0,0,0,0,0,0,0,0,0,0,0,0,0,0,0,0,333,15989,0,0,0,0
50762.581,16224,61,0,0,0,0,0,8,33576,44,53,0,0,0,0,0,0,0,0,0,0,0,0,0,0,0,0,0,0,0,0,0,0,329,17515,0,0,0,0
50779.575,16994,58,0,0,0,0,0,8,33151,44,53,0,0,0,0,0,0,0,0,0,0,0,0,0,0,0,0,0,0,0,0,0,0,375,15800,0,0,0,0
50796.836,17260,57,0,0,0,0,0,8,33070,44,53,0,0,0,0,0,0,0,0,0,0,0,0,0,0,0,0,0,0,0,0,0,0,337,17323,0,0,0,0
50812.475,15638,63,0,0,0,0,0,8,33490,44,53,0,0,0,0,0,0,0,0,0,0,0,0,0,0,0,0,0,0,0,0,0,0,362,17448,0,0,0,0
50829.437,16962,58,0,0,0,0,0,8,33161,44,53,0,0,0,0,0,0,0,0,0,0,0,0,0,0,0,0,0,0,0,0,0,0,351,15265,0,0,0,0
50845.830,16393,61,0,0,0,0,0,8,33170,44,53,0,0,0,0,0,0,0,0,0,0,0,0,0,0,0,0,0,0,0,0,0,0,368,17241,0,0,0,0
50862.835,16994,58,0,0,0,0,0,8,33229,44,53,0,0,0,0,0,0,0,0,0,0,0,0,0,0,0,0,0,0,0,0,0,0,335,15959,0,0,0,0
50879.598,16773,59,0,0,0,0,0,8,33633,44,53,0,0,0,0,0,0,0,0,0,0,0,0,0,0,0,0,0,0,0,0,0,0,339,17405,0,0,0,0
50896.140,16542,60,0,0,0,0,0,8,33156,44,53,0,0,0,0,0,0,0,0,0,0,0,0,0,0,0,0,0,0,0,0,0,0,339,16853,0,0,0,0
50912.826,16686,59,0,0,0,0,0,8,33233,44,53,0,0,0,0,0,0,0,0,0,0,0,0,0,0,0,0,0,0,0,0,0,0,364,16163,0,0,0,0
50929.255,16428,60,0,0,0,0,0,8,32988,44,53,0,0,0,0,0,0,0,0,0,0,0,0,0,0,0,0,0,0,0,0,0,0,346,16829,0,0,0,0
50945.508,16253,61,0,0,0,0,0,8,33282,44,53,0,0,0,0,0,0,0,0,0,0,0,0,0,0,0,0,0,0,0,0,0,0,364,16234,0,0,0,0
50962.377,16869,59,0,0,0,0,0,8,33166,44,53,0,0,0,0,0,0,0,0,0,0,0,0,0,0,0,0,0,0,0,0,0,0,328,16251,0,0,0,0
50978.620,16242,61,0,0,0,0,0,8,33061,44,53,0,0,0,0,0,0,0,0,0,0,0,0,0,0,0,0,0,0,0,0,0,0,390,17105,0,0,0,0
50996.831,18211,54,0,0,0,0,0,8,33349,44,53,0,0,0,0,0,0,0,0,0,0,0,0,0,0,0,0,0,0,0,0,0,0,348,15675,0,0,0,0
51012.484,15653,63,0,0,0,0,0,8,33654,44,53,0,0,0,0,0,0,0,0,0,0,0,0,0,0,0,0,0,0,0,0,0,0,367,18917,0,0,0,0
51029.380,16896,59,0,0,0,0,0,8,33142,44,53,0,0,0,0,0,0,0,0,0,0,0,0,0,0,0,0,0,0,0,0,0,0,317,15252,0,0,0,0
51046.825,17445,57,0,0,0,0,0,8,33298,44,53,0,0,0,0,0,0,0,0,0,0,0,0,0,0,0,0,0,0,0,0,0,0,334,16861,0,0,0,0
51062.828,16003,62,0,0,0,0,0,8,33682,44,53,0,0,0,0,0,0,0,0,0,0,0,0,0,0,0,0,0,0,0,0,0,0,335,17973,0,0,0,0
51079.229,16401,60,0,0,0,0,0,8,33177,44,53,0,0,0,0,0,0,0,0,0,0,0,0,0,0,0,0,0,0,0,0,0,0,330,15804,0,0,0,0
51096.111,16881,59,0,0,0,0,0,8,33318,44,53,0,0,0,0,0,0,0,0,0,0,0,0,0,0,0,0,0,0,0,0,0,0,310,15739,0,0,0,0
51112.821,16709,59,0,0,0,0,0,8,33244,44,53,0,0,0,0,0,0,0,0,0,0,0,0,0,0,0,0,0,0,0,0,0,0,346,16742,0,0,0,0
51129.824,17003,58,0,0,0,0,0,8,33153,44,53,0,0,0,0,0,0,0,0,0,0,0,0,0,0,0,0,0,0,0,0,0,0,336,17038,0,0,0,0
51145.956,16132,61,0,0,0,0,0,8,33725,44,53,0,0,0,0,0,0,0,0,0,0,0,0,0,0,0,0,0,0,0,0,0,0,362,17811,0,0,0,0
51162.980,17023,58,0,0,0,0,0,8,33468,44,53,0,0,0,0,0,0,0,0,0,0,0,0,0,0,0,0,0,0,0,0,0,0,317,15529,0,0,0,0
51178.627,15647,63,0,0,0,0,0,8,33750,44,53,0,0,0,0,0,0,0,0,0,0,0,0,0,0,0,0,0,0,0,0,0,0,346,17736,0,0,0,0
51196.111,17483,57,0,0,0,0,0,8,33389,44,53,0,0,0,0,0,0,0,0,0,0,0,0,0,0,0,0,0,0,0,0,0,0,333,14731,0,0,0,0
51212.963,16852,59,0,0,0,0,0,8,33841,44,53,0,0,0,0,0,0,0,0,0,0,0,0,0,0,0,0,0,0,0,0,0,0,353,17522,0,0,0,0
51228.847,15883,62,0,0,0,0,0,8,33744,44,53,0,0,0,0,0,0,0,0,0,0,0,0,0,0,0,0,0,0,0,0,0,0,345,17221,0,0,0,0
51245.835,16988,58,0,0,0,0,0,8,33399,44,53,0,0,0,0,0,0,0,0,0,0,0,0,0,0,0,0,0,0,0,0,0,0,366,15391,0,0,0,0
51262.758,16923,59,0,0,0,0,0,8,33971,44,53,0,0,0,0,0,0,0,0,0,0,0,0,0,0,0,0,0,0,0,0,0,0,351,17301,0,0,0,0
51279.493,16734,59,0,0,0,0,0,8,33460,44,53,0,0,0,0,0,0,0,0,0,0,0,0,0,0,0,0,0,0,0,0,0,0,354,16574,0,0,0,0
51295.960,16467,60,0,0,0,0,0,8,33402,44,53,0,0,0,0,0,0,0,0,0,0,0,0,0,0,0,0,0,0,0,0,0,0,369,17098,0,0,0,0
51312.367,16406,60,0,0,0,0,0,8,33690,44,53,0,0,0,0,0,0,0,0,0,0,0,0,0,0,0,0,0,0,0,0,0,0,356,16598,0,0,0,0
51329.154,16787,59,0,0,0,0,0,8,33488,44,53,0,0,0,0,0,0,0,0,0,0,0,0,0,0,0,0,0,0,0,0,0,0,313,16233,0,0,0,0
51345.962,16807,59,0,0,0,0,0,8,33479,44,53,0,0,0,0,0,0,0,0,0,0,0,0,0,0,0,0,0,0,0,0,0,0,349,17237,0,0,0,0
51362.367,16405,60,0,0,0,0,0,8,33366,44,53,0,0,0,0,0,0,0,0,0,0,0,0,0,0,0,0,0,0,0,0,0,0,347,16417,0,0,0,0
51379.021,16654,60,0,0,0,0,0,8,33454,44,53,0,0,0,0,0,0,0,0,0,0,0,0,0,0,0,0,0,0,0,0,0,0,395,16680,0,0,0,0
51395.824,16803,59,0,0,0,0,0,8,33491,44,53,0,0,0,0,0,0,0,0,0,0,0,0,0,0,0,0,0,0,0,0,0,0,368,16458,0,0,0,0
51412.410,16585,60,0,0,0,0,0,8,33422,44,53,0,0,0,0,0,0,0,0,0,0,0,0,0,0,0,0,0,0,0,0,0,0,321,16574,0,0,0,0
51430.343,17932,55,0,0,0,0,0,8,33471,44,53,0,0,0,0,0,0,0,0,0,0,0,0,0,0,0,0,0,0,0,0,0,0,326,16780,0,0,0,0
51445.877,15533,64,0,0,0,0,0,8,33759,44,53,0,0,0,0,0,0,0,0,0,0,0,0,0,0,0,0,0,0,0,0,0,0,353,18614,0,0,0,0
51462.957,17079,58,0,0,0,0,0,8,33379,44,53,0,0,0,0,0,0,0,0,0,0,0,0,0,0,0,0,0,0,0,0,0,0,315,14315,0,0,0,0
51479.486,16528,60,0,0,0,0,0,8,33982,44,53,0,0,0,0,0,0,0,0,0,0,0,0,0,0,0,0,0,0,0,0,0,0,338,17763,0,0,0,0
51496.065,16569,60,0,0,0,0,0,8,33394,44,53,0,0,0,0,0,0,0,0,0,0,0,0,0,0,0,0,0,0,0,0,0,0,343,16232,0,0,0,0
51512.968,16902,59,0,0,0,0,0,8,33411,44,53,0,0,0,0,0,0,0,0,0,0,0,0,0,0,0,0,0,0,0,0,0,0,361,16515,0,0,0,0
51529.344,16387,61,0,0,0,0,0,8,33391,44,53,0,0,0,0,0,0,0,0,0,0,0,0,0,0,0,0,0,0,0,0,0,0,352,17351,0,0,0,0
51545.942,16597,60,0,0,0,0,0,8,33293,44,53,0,0,0,0,0,0,0,0,0,0,0,0,0,0,0,0,0,0,0,0,0,0,352,16209,0,0,0,0
51562.957,17014,58,0,0,0,0,0,8,33257,44,53,0,0,0,0,0,0,0,0,0,0,0,0,0,0,0,0,0,0,0,0,0,0,347,16608,0,0,0,0
51579.164,16207,61,0,0,0,0,0,8,33585,44,53,0,0,0,0,0,0,0,0,0,0,0,0,0,0,0,0,0,0,0,0,0,0,372,17026,0,0,0,0
51596.821,17657,56,0,0,0,0,0,8,33343,44,53,0,0,0,0,0,0,0,0,0,0,0,0,0,0,0,0,0,0,0,0,0,0,342,15966,0,0,0,0
51612.957,16136,61,0,0,0,0,0,8,33659,44,53,0,0,0,0,0,0,0,0,0,0,0,0,0,0,0,0,0,0,0,0,0,0,335,17810,0,0,0,0
51629.350,16392,61,0,0,0,0,0,8,33130,44,53,0,0,0,0,0,0,0,0,0,0,0,0,0,0,0,0,0,0,0,0,0,0,361,16219,0,0,0,0
51645.966,16615,60,0,0,0,0,0,8,33281,44,53,0,0,0,0,0,0,0,0,0,0,0,0,0,0,0,0,0,0,0,0,0,0,317,15730,0,0,0,0
51662.960,16994,58,0,0,0,0,0,8,33255,44,53,0,0,0,0,0,0,0,0,0,0,0,0,0,0,0,0,0,0,0,0,0,0,349,17113,0,0,0,0
51679.187,16227,61,0,0,0,0,0,8,33407,44,53,0,0,0,0,0,0,0,0,0,0,0,0,0,0,0,0,0,0,0,0,0,0,348,17153,0,0,0,0
51695.968,16781,59,0,0,0,0,0,8,33125,44,53,0,0,0,0,0,0,0,0,0,0,0,0,0,0,0,0,0,0,0,0,0,0,346,16386,0,0,0,0
51713.339,17370,57,0,0,0,0,0,8,33091,44,53,0,0,0,0,0,0,0,0,0,0,0,0,0,0,0,0,0,0,0,0,0,0,336,16433,0,0,0,0
51729.819,16480,60,0,0,0,0,0,8,33527,44,53,0,0,0,0,0,0,0,0,0,0,0,0,0,0,0,0,0,0,0,0,0,0,328,17457,0,0,0,0
51746.840,17020,58,0,0,0,0,0,8,33159,44,53,0,0,0,0,0,0,0,0,0,0,0,0,0,0,0,0,0,0,0,0,0,0,334,16529,0,0,0,0
51762.361,15520,64,0,0,0,0,0,8,32996,44,53,0,0,0,0,0,0,0,0,0,0,0,0,0,0,0,0,0,0,0,0,0,0,341,16866,0,0,0,0
51779.541,17180,58,0,0,0,0,0,8,33000,44,53,0,0,0,0,0,0,0,0,0,0,0,0,0,0,0,0,0,0,0,0,0,0,324,15594,0,0,0,0
51796.198,16656,60,0,0,0,0,0,8,32976,44,53,0,0,0,0,0,0,0,0,0,0,0,0,0,0,0,0,0,0,0,0,0,0,352,17105,0,0,0,0
51812.822,16624,60,0,0,0,0,0,8,33131,44,53,0,0,0,0,0,0,0,0,0,0,0,0,0,0,0,0,0,0,0,0,0,0,358,16837,0,0,0,0
51829.333,16510,60,0,0,0,0,0,8,33036,44,53,0,0,0,0,0,0,0,0,0,0,0,0,0,0,0,0,0,0,0,0,0,0,342,16288,0,0,0,0
51845.974,16640,60,0,0,0,0,0,8,32868,44,53,0,0,0,0,0,0,0,0,0,0,0,0,0,0,0,0,0,0,0,0,0,0,349,16795,0,0,0,0
51862.969,16995,58,0,0,0,0,0,8,32834,44,53,0,0,0,0,0,0,0,0,0,0,0,0,0,0,0,0,0,0,0,0,0,0,350,16455,0,0,0,0
51879.473,16504,60,0,0,0,0,0,8,32474,44,53,0,0,0,0,0,0,0,0,0,0,0,0,0,0,0,0,0,0,0,0,0,0,364,17416,0,0,0,0
51895.901,16428,60,0,0,0,0,0,8,32441,44,53,0,0,0,0,0,0,0,0,0,0,0,0,0,0,0,0,0,0,0,0,0,0,333,16369,0,0,0,0
51912.816,16914,59,0,0,0,0,0,8,32562,44,53,0,0,0,0,0,0,0,0,0,0,0,0,0,0,0,0,0,0,0,0,0,0,350,16216,0,0,0,0
51929.366,16549,60,0,0,0,0,0,8,32441,44,53,0,0,0,0,0,0,0,0,0,0,0,0,0,0,0,0,0,0,0,0,0,0,375,16016,0,0,0,0
51945.936,16570,60,0,0,0,0,0,8,32999,44,53,0,0,0,0,0,0,0,0,0,0,0,0,0,0,0,0,0,0,0,0,0,0,353,17774,0,0,0,0
51962.359,16424,60,0,0,0,0,0,8,32672,44,53,0,0,0,0,0,0,0,0,0,0,0,0,0,0,0,0,0,0,0,0,0,0,340,16286,0,0,0,0
51979.815,17454,57,0,0,0,0,0,8,32633,44,53,0,0,0,0,0,0,0,0,0,0,0,0,0,0,0,0,0,0,0,0,0,0,333,16021,0,0,0,0
51996.110,16295,61,0,0,0,0,0,8,33086,44,53,0,0,0,0,0,0,0,0,0,0,0,0,0,0,0,0,0,0,0,0,0,0,343,18030,0,0,0,0
52012.959,16849,59,0,0,0,0,0,8,32501,44,53,0,0,0,0,0,0,0,0,0,0,0,0,0,0,0,0,0,0,0,0,0,0,348,16039,0,0,0,0
52028.728,15768,63,0,0,0,0,0,8,32592,44,53,0,0,0,0,0,0,0,0,0,0,0,0,0,0,0,0,0,0,0,0,0,0,377,16716,0,0,0,0
52045.974,17246,57,0,0,0,0,0,8,32588,44,53,0,0,0,0,0,0,0,0,0,0,0,0,0,0,0,0,0,0,0,0,0,0,333,15919,0,0,0,0
52062.813,16838,59,0,0,0,0,0,8,32960,44,53,0,0,0,0,0,0,0,0,0,0,0,0,0,0,0,0,0,0,0,0,0,0,362,17648,0,0,0,0
52079.389,16575,60,0,0,0,0,0,8,32508,44,53,0,0,0,0,0,0,0,0,0,0,0,0,0,0,0,0,0,0,0,0,0,0,349,16675,0,0,0,0
52096.824,17435,57,0,0,0,0,0,8,32452,44,53,0,0,0,0,0,0,0,0,0,0,0,0,0,0,0,0,0,0,0,0,0,0,336,16542,0,0,0,0
52112.822,15997,62,0,0,0,0,0,8,32966,44,53,0,0,0,0,0,0,0,0,0,0,0,0,0,0,0,0,0,0,0,0,0,0,370,17688,0,0,0,0
52129.825,17003,58,0,0,0,0,0,8,32568,44,53,0,0,0,0,0,0,0,0,0,0,0,0,0,0,0,0,0,0,0,0,0,0,338,15811,0,0,0,0
52145.355,15530,64,0,0,0,0,0,8,33070,44,53,0,0,0,0,0,0,0,0,0,0,0,0,0,0,0,0,0,0,0,0,0,0,359,17018,0,0,0,0
52162.539,17183,58,0,0,0,0,0,8,32560,44,53,0,0,0,0,0,0,0,0,0,0,0,0,0,0,0,0,0,0,0,0,0,0,344,14882,0,0,0,0
52179.473,16934,59,0,0,0,0,0,8,33098,44,53,0,0,0,0,0,0,0,0,0,0,0,0,0,0,0,0,0,0,0,0,0,0,358,17251,0,0,0,0
52196.262,16789,59,0,0,0,0,0,8,33040,44,53,0,0,0,0,0,0,0,0,0,0,0,0,0,0,0,0,0,0,0,0,0,0,335,18072,0,0,0,0
52212.878,16616,60,0,0,0,0,0,8,32628,44,53,0,0,0,0,0,0,0,0,0,0,0,0,0,0,0,0,0,0,0,0,0,0,339,15792,0,0,0,0
52229.372,16494,60,0,0,0,0,0,8,32484,44,53,0,0,0,0,0,0,0,0,0,0,0,0,0,0,0,0,0,0,0,0,0,0,349,16820,0,0,0,0
52245.950,16578,60,0,0,0,0,0,8,32616,44,53,0,0,0,0,0,0,0,0,0,0,0,0,0,0,0,0,0,0,0,0,0,0,339,16325,0,0,0,0
52262.347,16396,60,0,0,0,0,0,8,32647,44,53,0,0,0,0,0,0,0,0,0,0,0,0,0,0,0,0,0,0,0,0,0,0,357,16738,0,0,0,0
52279.356,17009,58,0,0,0,0,0,8,32439,44,53,0,0,0,0,0,0,0,0,0,0,0,0,0,0,0,0,0,0,0,0,0,0,336,16489,0,0,0,0
52296.054,16698,59,0,0,0,0,0,8,33149,44,53,0,0,0,0,0,0,0,0,0,0,0,0,0,0,0,0,0,0,0,0,0,0,326,17201,0,0,0,0
52312.810,16755,59,0,0,0,0,0,8,32687,44,53,0,0,0,0,0,0,0,0,0,0,0,0,0,0,0,0,0,0,0,0,0,0,378,16691,0,0,0,0
52329.555,16745,59,0,0,0,0,0,8,32448,44,53,0,0,0,0,0,0,0,0,0,0,0,0,0,0,0,0,0,0,0,0,0,0,345,16714,0,0,0,0
52346.179,16623,60,0,0,0,0,0,8,32681,44,53,0,0,0,0,0,0,0,0,0,0,0,0,0,0,0,0,0,0,0,0,0,0,337,16657,0,0,0,0
52362.833,16654,60,0,0,0,0,0,8,32589,44,53,0,0,0,0,0,0,0,0,0,0,0,0,0,0,0,0,0,0,0,0,0,0,401,16143,0,0,0,0
52379.179,16346,61,0,0,0,0,0,8,32541,44,53,0,0,0,0,0,0,0,0,0,0,0,0,0,0,0,0,0,0,0,0,0,0,342,16872,0,0,0,0
52396.814,17634,56,0,0,0,0,0,8,32725,44,53,0,0,0,0,0,0,0,0,0,0,0,0,0,0,0,0,0,0,0,0,0,0,324,16750,0,0,0,0
52412.367,15553,64,0,0,0,0,0,8,33041,44,53,0,0,0,0,0,0,0,0,0,0,0,0,0,0,0,0,0,0,0,0,0,0,349,17783,0,0,0,0
52429.346,16979,58,0,0,0,0,0,8,32654,44,53,0,0,0,0,0,0,0,0,0,0,0,0,0,0,0,0,0,0,0,0,0,0,321,15141,0,0,0,0
52445.876,16529,60,0,0,0,0,0,8,32486,44,53,0,0,0,0,0,0,0,0,0,0,0,0,0,0,0,0,0,0,0,0,0,0,328,17145,0,0,0,0
52462.811,16935,59,0,0,0,0,0,8,32735,44,53,0,0,0,0,0,0,0,0,0,0,0,0,0,0,0,0,0,0,0,0,0,0,337,16430,0,0,0,0
52479.526,16714,59,0,0,0,0,0,8,33132,44,53,0,0,0,0,0,0,0,0,0,0,0,0,0,0,0,0,0,0,0,0,0,0,366,17239,0,0,0,0
52495.675,16149,61,0,0,0,0,0,8,32499,44,53,0,0,0,0,0,0,0,0,0,0,0,0,0,0,0,0,0,0,0,0,0,0,325,16387,0,0,0,0
52512.812,17136,58,0,0,0,0,0,8,32717,44,53,0,0,0,0,0,0,0,0,0,0,0,0,0,0,0,0,0,0,0,0,0,0,332,16129,0,0,0,0
52529.352,16541,60,0,0,0,0,0,8,32605,44,53,0,0,0,0,0,0,0,0,0,0,0,0,0,0,0,0,0,0,0,0,0,0,321,16838,0,0,0,0
52546.147,16794,59,0,0,0,0,0,8,32685,44,53,0,0,0,0,0,0,0,0,0,0,0,0,0,0,0,0,0,0,0,0,0,0,402,17152,0,0,0,0
52563.342,17194,58,0,0,0,0,0,8,32749,44,53,0,0,0,0,0,0,0,0,0,0,0,0,0,0,0,0,0,0,0,0,0,0,327,16329,0,0,0,0
52579.812,16470,60,0,0,0,0,0,8,32586,44,53,0,0,0,0,0,0,0,0,0,0,0,0,0,0,0,0,0,0,0,0,0,0,359,17198,0,0,0,0
52596.814,17002,58,0,0,0,0,0,8,32679,44,53,0,0,0,0,0,0,0,0,0,0,0,0,0,0,0,0,0,0,0,0,0,0,347,16823,0,0,0,0
52612.458,15643,63,0,0,0,0,0,8,33194,44,53,0,0,0,0,0,0,0,0,0,0,0,0,0,0,0,0,0,0,0,0,0,0,364,17279,0,0,0,0
52629.490,17032,58,0,0,0,0,0,8,32686,44,53,0,0,0,0,0,0,0,0,0,0,0,0,0,0,0,0,0,0,0,0,0,0,333,14755,0,0,0,0
52645.382,15891,62,0,0,0,0,0,8,33037,44,53,0,0,0,0,0,0,0,0,0,0,0,0,0,0,0,0,0,0,0,0,0,0,353,18047,0,0,0,0
52662.809,17427,57,0,0,0,0,0,8,32677,44,53,0,0,0,0,0,0,0,0,0,0,0,0,0,0,0,0,0,0,0,0,0,0,345,15056,0,0,0,0
52679.543,16734,59,0,0,0,0,0,8,33140,44,53,0,0,0,0,0,0,0,0,0,0,0,0,0,0,0,0,0,0,0,0,0,0,350,17634,0,0,0,0
52696.038,16494,60,0,0,0,0,0,8,32592,44,53,0,0,0,0,0,0,0,0,0,0,0,0,0,0,0,0,0,0,0,0,0,0,350,16715,0,0,0,0
52712.807,16769,59,0,0,0,0,0,8,32580,44,53,0,0,0,0,0,0,0,0,0,0,0,0,0,0,0,0,0,0,0,0,0,0,329,16073,0,0,0,0
52729.205,16398,60,0,0,0,0,0,8,32516,44,53,0,0,0,0,0,0,0,0,0,0,0,0,0,0,0,0,0,0,0,0,0,0,353,15943,0,0,0,0
52746.002,16796,59,0,0,0,0,0,8,33082,44,53,0,0,0,0,0,0,0,0,0,0,0,0,0,0,0,0,0,0,0,0,0,0,382,18182,0,0,0,0
52762.378,16376,61,0,0,0,0,0,8,32606,44,53,0,0,0,0,0,0,0,0,0,0,0,0,0,0,0,0,0,0,0,0,0,0,330,16029,0,0,0,0
52779.813,17434,57,0,0,0,0,0,8,32635,44,53,0,0,0,0,0,0,0,0,0,0,0,0,0,0,0,0,0,0,0,0,0,0,326,16888,0,0,0,0
52795.837,16023,62,0,0,0,0,0,8,33145,44,53,0,0,0,0,0,0,0,0,0,0,0,0,0,0,0,0,0,0,0,0,0,0,356,17631,0,0,0,0
52812.950,17112,58,0,0,0,0,0,8,32568,44,53,0,0,0,0,0,0,0,0,0,0,0,0,0,0,0,0,0,0,0,0,0,0,331,15337,0,0,0,0
52829.467,16517,60,0,0,0,0,0,8,33089,44,53,0,0,0,0,0,0,0,0,0,0,0,0,0,0,0,0,0,0,0,0,0,0,367,18154,0,0,0,0
52845.947,16479,60,0,0,0,0,0,8,32794,44,53,0,0,0,0,0,0,0,0,0,0,0,0,0,0,0,0,0,0,0,0,0,0,325,15721,0,0,0,0
52862.810,16863,59,0,0,0,0,0,8,32675,44,53,0,0,0,0,0,0,0,0,0,0,0,0,0,0,0,0,0,0,0,0,0,0,351,16492,0,0,0,0
52879.324,16514,60,0,0,0,0,0,8,32653,44,53,0,0,0,0,0,0,0,0,0,0,0,0,0,0,0,0,0,0,0,0,0,0,363,16827,0,0,0,0
52896.097,16773,59,0,0,0,0,0,8,32642,44,53,0,0,0,0,0,0,0,0,0,0,0,0,0,0,0,0,0,0,0,0,0,0,360,16440,0,0,0,0
52912.956,16859,59,0,0,0,0,0,8,32524,44,53,0,0,0,0,0,0,0,0,0,0,0,0,0,0,0,0,0,0,0,0,0,0,351,17066,0,0,0,0
52929.829,16873,59,0,0,0,0,0,8,32966,44,53,0,0,0,0,0,0,0,0,0,0,0,0,0,0,0,0,0,0,0,0,0,0,354,17049,0,0,0,0
52945.990,16160,61,0,0,0,0,0,8,32626,44,53,0,0,0,0,0,0,0,0,0,0,0,0,0,0,0,0,0,0,0,0,0,0,340,16422,0,0,0,0
52962.813,16823,59,0,0,0,0,0,8,32533,44,53,0,0,0,0,0,0,0,0,0,0,0,0,0,0,0,0,0,0,0,0,0,0,339,16118,0,0,0,0
52979.351,16538,60,0,0,0,0,0,8,32610,44,53,0,0,0,0,0,0,0,0,0,0,0,0,0,0,0,0,0,0,0,0,0,0,332,16770,0,0,0,0
52995.980,16628,60,0,0,0,0,0,8,32744,44,53,0,0,0,0,0,0,0,0,0,0,0,0,0,0,0,0,0,0,0,0,0,0,344,16864,0,0,0,0
53012.353,16373,61,0,0,0,0,0,8,32692,44,53,0,0,0,0,0,0,0,0,0,0,0,0,0,0,0,0,0,0,0,0,0,0,326,16250,0,0,0,0
53029.607,17253,57,0,0,0,0,0,8,32687,44,53,0,0,0,0,0,0,0,0,0,0,0,0,0,0,0,0,0,0,0,0,0,0,345,16524,0,0,0,0
53045.967,16360,61,0,0,0,0,0,8,33074,44,53,0,0,0,0,0,0,0,0,0,0,0,0,0,0,0,0,0,0,0,0,0,0,340,17816,0,0,0,0
53062.477,16509,60,0,0,0,0,0,8,32866,44,53,0,0,0,0,0,0,0,0,0,0,0,0,0,0,0,0,0,0,0,0,0,0,340,15698,0,0,0,0
53078.875,16398,60,0,0,0,0,0,8,32638,44,53,0,0,0,0,0,0,0,0,0,0,0,0,0,0,0,0,0,0,0,0,0,0,325,16884,0,0,0,0
53095.445,16569,60,0,0,0,0,0,8,32752,44,53,0,0,0,0,0,0,0,0,0,0,0,0,0,0,0,0,0,0,0,0,0,0,343,16210,0,0,0,0
53111.948,16502,60,0,0,0,0,0,8,32821,44,53,0,0,0,0,0,0,0,0,0,0,0,0,0,0,0,0,0,0,0,0,0,0,342,16395,0,0,0,0
53128.974,17026,58,0,0,0,0,0,8,32495,44,53,0,0,0,0,0,0,0,0,0,0,0,0,0,0,0,0,0,0,0,0,0,0,331,16627,0,0,0,0
53146.146,17171,58,0,0,0,0,0,8,33178,44,53,0,0,0,0,0,0,0,0,0,0,0,0,0,0,0,0,0,0,0,0,0,0,356,17188,0,0,0,0
53162.497,16351,61,0,0,0,0,0,8,32793,44,53,0,0,0,0,0,0,0,0,0,0,0,0,0,0,0,0,0,0,0,0,0,0,366,16598,0,0,0,0
53179.427,16930,59,0,0,0,0,0,8,32652,44,53,0,0,0,0,0,0,0,0,0,0,0,0,0,0,0,0,0,0,0,0,0,0,319,16865,0,0,0,0
53196.164,16736,59,0,0,0,0,0,8,33047,44,53,0,0,0,0,0,0,0,0,0,0,0,0,0,0,0,0,0,0,0,0,0,0,342,16848,0,0,0,0
53212.192,16028,62,0,0,0,0,0,8,32697,44,53,0,0,0,0,0,0,0,0,0,0,0,0,0,0,0,0,0,0,0,0,0,0,347,16736,0,0,0,0
53229.467,17274,57,0,0,0,0,0,8,32586,44,53,0,0,0,0,0,0,0,0,0,0,0,0,0,0,0,0,0,0,0,0,0,0,327,16153,0,0,0,0
53246.334,16866,59,0,0,0,0,0,8,32670,44,53,0,0,0,0,0,0,0,0,0,0,0,0,0,0,0,0,0,0,0,0,0,0,345,16779,0,0,0,0
53262.957,16623,60,0,0,0,0,0,8,32734,44,53,0,0,0,0,0,0,0,0,0,0,0,0,0,0,0,0,0,0,0,0,0,0,330,16730,0,0,0,0
53279.803,16846,59,0,0,0,0,0,8,32630,44,53,0,0,0,0,0,0,0,0,0,0,0,0,0,0,0,0,0,0,0,0,0,0,332,17270,0,0,0,0
53296.143,16339,61,0,0,0,0,0,8,32630,44,53,0,0,0,0,0,0,0,0,0,0,0,0,0,0,0,0,0,0,0,0,0,0,351,16842,0,0,0,0
53312.805,16661,60,0,0,0,0,0,8,32635,44,53,0,0,0,0,0,0,0,0,0,0,0,0,0,0,0,0,0,0,0,0,0,0,356,16001,0,0,0,0
53328.968,16163,61,0,0,0,0,0,8,32529,44,53,0,0,0,0,0,0,0,0,0,0,0,0,0,0,0,0,0,0,0,0,0,0,362,16451,0,0,0,0
53345.940,16972,58,0,0,0,0,0,8,33014,44,53,0,0,0,0,0,0,0,0,0,0,0,0,0,0,0,0,0,0,0,0,0,0,362,16991,0,0,0,0
53362.641,16700,59,0,0,0,0,0,8,32588,44,53,0,0,0,0,0,0,0,0,0,0,0,0,0,0,0,0,0,0,0,0,0,0,357,16403,0,0,0,0
53379.156,16515,60,0,0,0,0,0,8,32603,44,53,0,0,0,0,0,0,0,0,0,0,0,0,0,0,0,0,0,0,0,0,0,0,348,16767,0,0,0,0
53395.702,16545,60,0,0,0,0,0,8,32566,44,53,0,0,0,0,0,0,0,0,0,0,0,0,0,0,0,0,0,0,0,0,0,0,323,16360,0,0,0,0
53412.803,17101,58,0,0,0,0,0,8,32693,44,53,0,0,0,0,0,0,0,0,0,0,0,0,0,0,0,0,0,0,0,0,0,0,340,16822,0,0,0,0
53429.232,16429,60,0,0,0,0,0,8,32437,44,53,0,0,0,0,0,0,0,0,0,0,0,0,0,0,0,0,0,0,0,0,0,0,352,16990,0,0,0,0
53446.803,17571,56,0,0,0,0,0,8,32703,44,53,0,0,0,0,0,0,0,0,0,0,0,0,0,0,0,0,0,0,0,0,0,0,325,16384,0,0,0,0
53462.347,15543,64,0,0,0,0,0,8,33112,44,53,0,0,0,0,0,0,0,0,0,0,0,0,0,0,0,0,0,0,0,0,0,0,358,18075,0,0,0,0
53478.646,16299,61,0,0,0,0,0,8,32521,44,53,0,0,0,0,0,0,0,0,0,0,0,0,0,0,0,0,0,0,0,0,0,0,335,15315,0,0,0,0
53495.894,17237,58,0,0,0,0,0,8,32817,44,53,0,0,0,0,0,0,0,0,0,0,0,0,0,0,0,0,0,0,0,0,0,0,348,15802,0,0,0,0
53512.940,17056,58,0,0,0,0,0,8,33183,44,53,0,0,0,0,0,0,0,0,0,0,0,0,0,0,0,0,0,0,0,0,0,0,365,17825,0,0,0,0
53529.450,16510,60,0,0,0,0,0,8,33016,44,53,0,0,0,0,0,0,0,0,0,0,0,0,0,0,0,0,0,0,0,0,0,0,343,17072,0,0,0,0
53546.822,17372,57,0,0,0,0,0,8,32581,44,53,0,0,0,0,0,0,0,0,0,0,0,0,0,0,0,0,0,0,0,0,0,0,328,16288,0,0,0,0
53562.805,15983,62,0,0,0,0,0,8,32926,44,53,0,0,0,0,0,0,0,0,0,0,0,0,0,0,0,0,0,0,0,0,0,0,356,17322,0,0,0,0
53579.318,16512,60,0,0,0,0,0,8,32472,44,53,0,0,0,0,0,0,0,0,0,0,0,0,0,0,0,0,0,0,0,0,0,0,315,15775,0,0,0,0
53596.060,16741,59,0,0,0,0,0,8,32589,44,53,0,0,0,0,0,0,0,0,0,0,0,0,0,0,0,0,0,0,0,0,0,0,337,16622,0,0,0,0
53612.806,16746,59,0,0,0,0,0,8,32465,44,53,0,0,0,0,0,0,0,0,0,0,0,0,0,0,0,0,0,0,0,0,0,0,351,16229,0,0,0,0
53629.002,16195,61,0,0,0,0,0,8,32392,44,53,0,0,0,0,0,0,0,0,0,0,0,0,0,0,0,0,0,0,0,0,0,0,377,16487,0,0,0,0
53646.049,17047,58,0,0,0,0,0,8,32896,44,53,0,0,0,0,0,0,0,0,0,0,0,0,0,0,0,0,0,0,0,0,0,0,347,17356,0,0,0,0
53662.457,16408,60,0,0,0,0,0,8,32562,44,53,0,0,0,0,0,0,0,0,0,0,0,0,0,0,0,0,0,0,0,0,0,0,370,16579,0,0,0,0
53679.313,16855,59,0,0,0,0,0,8,32460,44,53,0,0,0,0,0,0,0,0,0,0,0,0,0,0,0,0,0,0,0,0,0,0,363,16380,0,0,0,0
53695.295,15982,62,0,0,0,0,0,8,32677,44,53,0,0,0,0,0,0,0,0,0,0,0,0,0,0,0,0,0,0,0,0,0,0,341,17300,0,0,0,0
53712.935,17639,56,0,0,0,0,0,8,32417,44,53,0,0,0,0,0,0,0,0,0,0,0,0,0,0,0,0,0,0,0,0,0,0,349,15657,0,0,0,0
53729.368,16433,60,0,0,0,0,0,8,32517,44,53,0,0,0,0,0,0,0,0,0,0,0,0,0,0,0,0,0,0,0,0,0,0,350,17854,0,0,0,0
53745.418,16049,62,0,0,0,0,0,8,32073,44,53,0,0,0,0,0,0,0,0,0,0,0,0,0,0,0,0,0,0,0,0,0,0,327,16226,0,0,0,0
53762.878,17460,57,0,0,0,0,0,8,32148,44,53,0,0,0,0,0,0,0,0,0,0,0,0,0,0,0,0,0,0,0,0,0,0,358,16287,0,0,0,0
53779.298,16419,60,0,0,0,0,0,8,32539,44,53,0,0,0,0,0,0,0,0,0,0,0,0,0,0,0,0,0,0,0,0,0,0,341,17429,0,0,0,0
53796.798,17500,57,0,0,0,0,0,8,32187,44,53,0,0,0,0,0,0,0,0,0,0,0,0,0,0,0,0,0,0,0,0,0,0,345,16265,0,0,0,0
53812.828,16029,62,0,0,0,0,0,8,32710,44,53,0,0,0,0,0,0,0,0,0,0,0,0,0,0,0,0,0,0,0,0,0,0,344,17593,0,0,0,0
53828.834,16006,62,0,0,0,0,0,8,32084,44,53,0,0,0,0,0,0,0,0,0,0,0,0,0,0,0,0,0,0,0,0,0,0,328,15825,0,0,0,0
53845.924,17090,58,0,0,0,0,0,8,32102,44,53,0,0,0,0,0,0,0,0,0,0,0,0,0,0,0,0,0,0,0,0,0,0,336,15868,0,0,0,0
53862.800,16876,59,0,0,0,0,0,8,32553,44,53,0,0,0,0,0,0,0,0,0,0,0,0,0,0,0,0,0,0,0,0,0,0,377,17728,0,0,0,0
53879.006,16205,61,0,0,0,0,0,8,32141,44,53,0,0,0,0,0,0,0,0,0,0,0,0,0,0,0,0,0,0,0,0,0,0,341,15687,0,0,0,0
53896.800,17794,56,0,0,0,0,0,8,32608,44,53,0,0,0,0,0,0,0,0,0,0,0,0,0,0,0,0,0,0,0,0,0,0,338,16900,0,0,0,0
53912.806,16006,62,0,0,0,0,0,8,32494,44,53,0,0,0,0,0,0,0,0,0,0,0,0,0,0,0,0,0,0,0,0,0,0,368,18174,0,0,0,0
53929.314,16507,60,0,0,0,0,0,8,32113,44,53,0,0,0,0,0,0,0,0,0,0,0,0,0,0,0,0,0,0,0,0,0,0,372,15527,0,0,0,0
53946.024,16710,59,0,0,0,0,0,8,32119,44,53,0,0,0,0,0,0,0,0,0,0,0,0,0,0,0,0,0,0,0,0,0,0,364,16423,0,0,0,0
53962.380,16356,61,0,0,0,0,0,8,32050,44,53,0,0,0,0,0,0,0,0,0,0,0,0,0,0,0,0,0,0,0,0,0,0,358,16870,0,0,0,0
53979.223,16842,59,0,0,0,0,0,8,32095,44,53,0,0,0,0,0,0,0,0,0,0,0,0,0,0,0,0,0,0,0,0,0,0,321,16111,0,0,0,0
53996.800,17576,56,0,0,0,0,0,8,32146,44,53,0,0,0,0,0,0,0,0,0,0,0,0,0,0,0,0,0,0,0,0,0,0,373,16701,0,0,0,0
54012.390,15590,64,0,0,0,0,0,8,32436,44,53,0,0,0,0,0,0,0,0,0,0,0,0,0,0,0,0,0,0,0,0,0,0,344,17717,0,0,0,0
54029.376,16986,58,0,0,0,0,0,8,32004,44,53,0,0,0,0,0,0,0,0,0,0,0,0,0,0,0,0,0,0,0,0,0,0,353,14485,0,0,0,0
54045.409,16032,62,0,0,0,0,0,8,32012,44,53,0,0,0,0,0,0,0,0,0,0,0,0,0,0,0,0,0,0,0,0,0,0,376,16806,0,0,0,0
54062.934,17524,57,0,0,0,0,0,8,32033,44,53,0,0,0,0,0,0,0,0,0,0,0,0,0,0,0,0,0,0,0,0,0,0,384,16441,0,0,0,0
54079.178,16244,61,0,0,0,0,0,8,32291,44,53,0,0,0,0,0,0,0,0,0,0,0,0,0,0,0,0,0,0,0,0,0,0,412,17718,0,0,0,0
54095.871,16692,59,0,0,0,0,0,8,32128,44,53,0,0,0,0,0,0,0,0,0,0,0,0,0,0,0,0,0,0,0,0,0,0,364,15975,0,0,0,0
54112.802,16931,59,0,0,0,0,0,8,32073,44,53,0,0,0,0,0,0,0,0,0,0,0,0,0,0,0,0,0,0,0,0,0,0,366,16726,0,0,0,0
54129.806,17004,58,0,0,0,0,0,8,31872,44,53,0,0,0,0,0,0,0,0,0,0,0,0,0,0,0,0,0,0,0,0,0,0,391,16861,0,0,0,0
54145.914,16107,62,0,0,0,0,0,8,31959,44,53,0,0,0,0,0,0,0,0,0,0,0,0,0,0,0,0,0,0,0,0,0,0,377,17007,0,0,0,0
54162.360,16447,60,0,0,0,0,0,8,31386,44,53,0,0,0,0,0,0,0,0,0,0,0,0,0,0,0,0,0,0,0,0,0,0,397,16357,0,0,0,0
54179.354,16993,58,0,0,0,0,0,8,31144,44,53,0,0,0,0,0,0,0,0,0,0,0,0,0,0,0,0,0,0,0,0,0,0,373,16653,0,0,0,0
54196.794,17439,57,0,0,0,0,0,8,31446,44,53,0,0,0,0,0,0,0,0,0,0,0,0,0,0,0,0,0,0,0,0,0,0,343,16482,0,0,0,0
54213.155,16361,61,0,0,0,0,0,8,31380,44,53,0,0,0,0,0,0,0,0,0,0,0,0,0,0,0,0,0,0,0,0,0,0,383,17630,0,0,0,0
54229.045,15882,62,0,0,0,0,0,8,30779,44,53,0,0,0,0,0,0,0,0,0,0,0,0,0,0,0,0,0,0,0,0,0,0,390,16189,0,0,0,0
54245.934,16897,59,0,0,0,0,0,8,30985,44,53,0,0,0,0,0,0,0,0,0,0,0,0,0,0,0,0,0,0,0,0,0,0,362,15836,0,0,0,0
54262.482,16548,60,0,0,0,0,0,8,30894,44,53,0,0,0,0,0,0,0,0,0,0,0,0,0,0,0,0,0,0,0,0,0,0,371,16786,0,0,0,0
54279.324,16841,59,0,0,0,0,0,8,30939,44,53,0,0,0,0,0,0,0,0,0,0,0,0,0,0,0,0,0,0,0,0,0,0,394,16849,0,0,0,0
54295.815,16490,60,0,0,0,0,0,8,30890,44,53,0,0,0,0,0,0,0,0,0,0,0,0,0,0,0,0,0,0,0,0,0,0,378,16625,0,0,0,0
54312.625,16810,59,0,0,0,0,0,8,31010,44,53,0,0,0,0,0,0,0,0,0,0,0,0,0,0,0,0,0,0,0,0,0,0,390,16383,0,0,0,0
54329.341,16716,59,0,0,0,0,0,8,30891,44,53,0,0,0,0,0,0,0,0,0,0,0,0,0,0,0,0,0,0,0,0,0,0,413,17026,0,0,0,0
54346.794,17453,57,0,0,0,0,0,8,30972,44,53,0,0,0,0,0,0,0,0,0,0,0,0,0,0,0,0,0,0,0,0,0,0,372,16489,0,0,0,0
54362.826,16032,62,0,0,0,0,0,8,31527,44,53,0,0,0,0,0,0,0,0,0,0,0,0,0,0,0,0,0,0,0,0,0,0,410,17599,0,0,0,0
54379.352,16526,60,0,0,0,0,0,8,30750,44,53,0,0,0,0,0,0,0,0,0,0,0,0,0,0,0,0,0,0,0,0,0,0,366,16211,0,0,0,0
54396.309,16956,58,0,0,0,0,0,8,30698,44,53,0,0,0,0,0,0,0,0,0,0,0,0,0,0,0,0,0,0,0,0,0,0,374,16434,0,0,0,0
54412.794,16484,60,0,0,0,0,0,8,30924,44,53,0,0,0,0,0,0,0,0,0,0,0,0,0,0,0,0,0,0,0,0,0,0,390,16573,0,0,0,0
54429.213,16419,60,0,0,0,0,0,8,30824,44,53,0,0,0,0,0,0,0,0,0,0,0,0,0,0,0,0,0,0,0,0,0,0,377,16750,0,0,0,0
54445.908,16695,59,0,0,0,0,0,8,30927,44,53,0,0,0,0,0,0,0,0,0,0,0,0,0,0,0,0,0,0,0,0,0,0,366,16213,0,0,0,0
54462.447,16538,60,0,0,0,0,0,8,30839,44,53,0,0,0,0,0,0,0,0,0,0,0,0,0,0,0,0,0,0,0,0,0,0,406,16982,0,0,0,0
54479.145,16698,59,0,0,0,0,0,8,30863,44,53,0,0,0,0,0,0,0,0,0,0,0,0,0,0,0,0,0,0,0,0,0,0,348,16328,0,0,0,0
54495.589,16443,60,0,0,0,0,0,8,30831,44,53,0,0,0,0,0,0,0,0,0,0,0,0,0,0,0,0,0,0,0,0,0,0,374,16672,0,0,0,0
54511.948,16358,61,0,0,0,0,0,8,30781,44,53,0,0,0,0,0,0,0,0,0,0,0,0,0,0,0,0,0,0,0,0,0,0,395,16716,0,0,0,0
54529.072,17124,58,0,0,0,0,0,8,30699,44,53,0,0,0,0,0,0,0,0,0,0,0,0,0,0,0,0,0,0,0,0,0,0,391,16285,0,0,0,0
54545.927,16855,59,0,0,0,0,0,8,31165,44,53,0,0,0,0,0,0,0,0,0,0,0,0,0,0,0,0,0,0,0,0,0,0,357,17203,0,0,0,0
54562.335,16407,60,0,0,0,0,0,8,30709,44,53,0,0,0,0,0,0,0,0,0,0,0,0,0,0,0,0,0,0,0,0,0,0,376,16878,0,0,0,0
54579.803,17467,57,0,0,0,0,0,8,30795,44,53,0,0,0,0,0,0,0,0,0,0,0,0,0,0,0,0,0,0,0,0,0,0,362,16283,0,0,0,0
54596.164,16361,61,0,0,0,0,0,8,31148,44,53,0,0,0,0,0,0,0,0,0,0,0,0,0,0,0,0,0,0,0,0,0,0,395,17664,0,0,0,0
54611.974,15809,63,0,0,0,0,0,8,30538,44,53,0,0,0,0,0,0,0,0,0,0,0,0,0,0,0,0,0,0,0,0,0,0,415,16380,0,0,0,0
54629.427,17452,57,0,0,0,0,0,8,29199,44,53,0,0,0,0,0,0,0,0,0,0,0,0,0,0,0,0,0,0,0,0,0,0,388,15364,0,0,0,0
54645.967,16540,60,0,0,0,0,0,8,29637,44,53,0,0,0,0,0,0,0,0,0,0,0,0,0,0,0,0,0,0,0,0,0,0,384,17634,0,0,0,0
54662.338,16370,61,0,0,0,0,0,8,29283,44,53,0,0,0,0,0,0,0,0,0,0,0,0,0,0,0,0,0,0,0,0,0,0,354,16437,0,0,0,0
54679.500,17161,58,0,0,0,0,0,8,29033,44,53,0,0,0,0,0,0,0,0,0,0,0,0,0,0,0,0,0,0,0,0,0,0,386,16191,0,0,0,0
54696.618,17118,58,0,0,0,0,0,8,29697,44,53,0,0,0,0,0,0,0,0,0,0,0,0,0,0,0,0,0,0,0,0,0,0,393,17263,0,0,0,0
54712.811,16192,61,0,0,0,0,0,8,29671,44,53,0,0,0,0,0,0,0,0,0,0,0,0,0,0,0,0,0,0,0,0,0,0,381,17156,0,0,0,0
54729.544,16733,59,0,0,0,0,0,8,29034,44,53,0,0,0,0,0,0,0,0,0,0,0,0,0,0,0,0,0,0,0,0,0,0,394,16141,0,0,0,0
54745.926,16382,61,0,0,0,0,0,8,29197,44,53,0,0,0,0,0,0,0,0,0,0,0,0,0,0,0,0,0,0,0,0,0,0,378,16581,0,0,0,0
54762.793,16866,59,0,0,0,0,0,8,29242,44,53,0,0,0,0,0,0,0,0,0,0,0,0,0,0,0,0,0,0,0,0,0,0,349,16506,0,0,0,0
54779.462,16669,59,0,0,0,0,0,8,29120,44,53,0,0,0,0,0,0,0,0,0,0,0,0,0,0,0,0,0,0,0,0,0,0,391,15768,0,0,0,0
54796.022,16560,60,0,0,0,0,0,8,29866,44,53,0,0,0,0,0,0,0,0,0,0,0,0,0,0,0,0,0,0,0,0,0,0,380,17758,0,0,0,0
54812.580,16557,60,0,0,0,0,0,8,29242,44,53,0,0,0,0,0,0,0,0,0,0,0,0,0,0,0,0,0,0,0,0,0,0,384,16653,0,0,0,0
54829.235,16655,60,0,0,0,0,0,8,30780,44,53,0,0,0,0,0,0,0,0,0,0,0,0,0,0,0,0,0,0,0,0,0,0,354,16024,0,0,0,0
54846.787,17551,56,0,0,0,0,0,8,31039,44,53,0,0,0,0,0,0,0,0,0,0,0,0,0,0,0,0,0,0,0,0,0,0,393,16964,0,0,0,0
54862.620,15833,63,0,0,0,0,0,8,31511,44,53,0,0,0,0,0,0,0,0,0,0,0,0,0,0,0,0,0,0,0,0,0,0,391,17926,0,0,0,0
54880.313,17692,56,0,0,0,0,0,8,30849,44,53,0,0,0,0,0,0,0,0,0,0,0,0,0,0,0,0,0,0,0,0,0,0,383,14694,0,0,0,0
54896.313,16000,62,0,0,0,0,0,8,31335,44,53,0,0,0,0,0,0,0,0,0,0,0,0,0,0,0,0,0,0,0,0,0,0,426,19177,0,0,0,0
54912.440,16127,62,0,0,0,0,0,8,31060,44,53,0,0,0,0,0,0,0,0,0,0,0,0,0,0,0,0,0,0,0,0,0,0,435,15317,0,0,0,0
54929.464,17023,58,0,0,0,0,0,8,31007,44,53,0,0,0,0,0,0,0,0,0,0,0,0,0,0,0,0,0,0,0,0,0,0,363,15993,0,0,0,0
54945.902,16437,60,0,0,0,0,0,8,31514,44,53,0,0,0,0,0,0,0,0,0,0,0,0,0,0,0,0,0,0,0,0,0,0,372,17618,0,0,0,0
54962.789,16887,59,0,0,0,0,0,8,31024,44,53,0,0,0,0,0,0,0,0,0,0,0,0,0,0,0,0,0,0,0,0,0,0,367,15882,0,0,0,0
54979.352,16563,60,0,0,0,0,0,8,30357,44,53,0,0,0,0,0,0,0,0,0,0,0,0,0,0,0,0,0,0,0,0,0,0,406,16018,0,0,0,0
54996.794,17441,57,0,0,0,0,0,8,30954,44,53,0,0,0,0,0,0,0,0,0,0,0,0,0,0,0,0,0,0,0,0,0,0,372,18081,0,0,0,0
55012.310,15515,64,0,0,0,0,0,8,30984,44,53,0,0,0,0,0,0,0,0,0,0,0,0,0,0,0,0,0,0,0,0,0,0,399,17406,0,0,0,0
55029.121,16811,59,0,0,0,0,0,8,30544,44,53,0,0,0,0,0,0,0,0,0,0,0,0,0,0,0,0,0,0,0,0,0,0,393,15116,0,0,0,0
55045.929,16808,59,0,0,0,0,0,8,30569,44,53,0,0,0,0,0,0,0,0,0,0,0,0,0,0,0,0,0,0,0,0,0,0,405,17036,0,0,0,0
55062.637,16707,59,0,0,0,0,0,8,30644,44,53,0,0,0,0,0,0,0,0,0,0,0,0,0,0,0,0,0,0,0,0,0,0,409,16680,0,0,0,0
55078.997,16360,61,0,0,0,0,0,8,30229,44,53,0,0,0,0,0,0,0,0,0,0,0,0,0,0,0,0,0,0,0,0,0,0,381,16815,0,0,0,0
55095.925,16927,59,0,0,0,0,0,8,28556,44,53,0,0,0,0,0,0,0,0,0,0,0,0,0,0,0,0,0,0,0,0,0,0,370,15922,0,0,0,0
55112.923,16998,58,0,0,0,0,0,8,28969,44,53,0,0,0,0,0,0,0,0,0,0,0,0,0,0,0,0,0,0,0,0,0,0,401,17664,0,0,0,0
55129.195,16272,61,0,0,0,0,0,8,28499,44,53,0,0,0,0,0,0,0,0,0,0,0,0,0,0,0,0,0,0,0,0,0,0,390,16780,0,0,0,0
55145.932,16736,59,0,0,0,0,0,8,28492,44,53,0,0,0,0,0,0,0,0,0,0,0,0,0,0,0,0,0,0,0,0,0,0,376,15730,0,0,0,0
55162.484,16552,60,0,0,0,0,0,8,28423,44,53,0,0,0,0,0,0,0,0,0,0,0,0,0,0,0,0,0,0,0,0,0,0,377,16855,0,0,0,0
55179.329,16844,59,0,0,0,0,0,8,28567,44,53,0,0,0,0,0,0,0,0,0,0,0,0,0,0,0,0,0,0,0,0,0,0,358,16452,0,0,0,0
55195.920,16591,60,0,0,0,0,0,8,28972,44,53,0,0,0,0,0,0,0,0,0,0,0,0,0,0,0,0,0,0,0,0,0,0,374,17574,0,0,0,0
55212.929,17009,58,0,0,0,0,0,8,28351,44,53,0,0,0,0,0,0,0,0,0,0,0,0,0,0,0,0,0,0,0,0,0,0,380,15981,0,0,0,0
55228.597,15667,63,0,0,0,0,0,8,28525,44,53,0,0,0,0,0,0,0,0,0,0,0,0,0,0,0,0,0,0,0,0,0,0,368,16880,0,0,0,0
55246.792,18195,54,0,0,0,0,0,8,28477,44,53,0,0,0,0,0,0,0,0,0,0,0,0,0,0,0,0,0,0,0,0,0,0,362,15861,0,0,0,0
55262.934,16142,61,0,0,0,0,0,8,28861,44,53,0,0,0,0,0,0,0,0,0,0,0,0,0,0,0,0,0,0,0,0,0,0,394,18306,0,0,0,0
55279.337,16403,60,0,0,0,0,0,8,28498,44,53,0,0,0,0,0,0,0,0,0,0,0,0,0,0,0,0,0,0,0,0,0,0,356,16031,0,0,0,0
55295.943,16605,60,0,0,0,0,0,8,28404,44,53,0,0,0,0,0,0,0,0,0,0,0,0,0,0,0,0,0,0,0,0,0,0,385,16204,0,0,0,0
55312.338,16395,60,0,0,0,0,0,8,28471,44,53,0,0,0,0,0,0,0,0,0,0,0,0,0,0,0,0,0,0,0,0,0,0,357,16818,0,0,0,0
55328.796,16457,60,0,0,0,0,0,8,28345,44,53,0,0,0,0,0,0,0,0,0,0,0,0,0,0,0,0,0,0,0,0,0,0,387,16177,0,0,0,0
55346.787,17991,55,0,0,0,0,0,8,28589,44,53,0,0,0,0,0,0,0,0,0,0,0,0,0,0,0,0,0,0,0,0,0,0,366,16210,0,0,0,0
55362.330,15542,64,0,0,0,0,0,8,28997,44,53,0,0,0,0,0,0,0,0,0,0,0,0,0,0,0,0,0,0,0,0,0,0,382,18598,0,0,0,0
55379.380,17049,58,0,0,0,0,0,8,28437,44,53,0,0,0,0,0,0,0,0,0,0,0,0,0,0,0,0,0,0,0,0,0,0,348,15142,0,0,0,0
55395.903,16523,60,0,0,0,0,0,8,28948,44,53,0,0,0,0,0,0,0,0,0,0,0,0,0,0,0,0,0,0,0,0,0,0,388,17284,0,0,0,0
55412.298,16395,60,0,0,0,0,0,8,28563,44,53,0,0,0,0,0,0,0,0,0,0,0,0,0,0,0,0,0,0,0,0,0,0,366,16500,0,0,0,0
55429.304,17005,58,0,0,0,0,0,8,28369,44,53,0,0,0,0,0,0,0,0,0,0,0,0,0,0,0,0,0,0,0,0,0,0,375,15956,0,0,0,0
55446.541,17237,58,0,0,0,0,0,8,29094,44,53,0,0,0,0,0,0,0,0,0,0,0,0,0,0,0,0,0,0,0,0,0,0,373,17613,0,0,0,0
55462.791,16250,61,0,0,0,0,0,8,29078,44,53,0,0,0,0,0,0,0,0,0,0,0,0,0,0,0,0,0,0,0,0,0,0,387,17760,0,0,0,0
55479.789,16997,58,0,0,0,0,0,8,28531,44,53,0,0,0,0,0,0,0,0,0,0,0,0,0,0,0,0,0,0,0,0,0,0,367,15402,0,0,0,0
55496.011,16221,61,0,0,0,0,0,8,28672,44,53,0,0,0,0,0,0,0,0,0,0,0,0,0,0,0,0,0,0,0,0,0,0,423,17537,0,0,0,0
55512.904,16892,59,0,0,0,0,0,8,28497,44,53,0,0,0,0,0,0,0,0,0,0,0,0,0,0,0,0,0,0,0,0,0,0,373,15911,0,0,0,0
55529.432,16528,60,0,0,0,0,0,8,28474,44,53,0,0,0,0,0,0,0,0,0,0,0,0,0,0,0,0,0,0,0,0,0,0,374,16990,0,0,0,0
55546.376,16943,59,0,0,0,0,0,8,28369,44,53,0,0,0,0,0,0,0,0,0,0,0,0,0,0,0,0,0,0,0,0,0,0,394,16052,0,0,0,0
55562.844,16467,60,0,0,0,0,0,8,29105,44,53,0,0,0,0,0,0,0,0,0,0,0,0,0,0,0,0,0,0,0,0,0,0,357,17334,0,0,0,0
55579.084,16240,61,0,0,0,0,0,8,28522,44,53,0,0,0,0,0,0,0,0,0,0,0,0,0,0,0,0,0,0,0,0,0,0,412,16509,0,0,0,0
55595.960,16876,59,0,0,0,0,0,8,28426,44,53,0,0,0,0,0,0,0,0,0,0,0,0,0,0,0,0,0,0,0,0,0,0,418,15900,0,0,0,0
55612.783,16823,59,0,0,0,0,0,8,28568,44,53,0,0,0,0,0,0,0,0,0,0,0,0,0,0,0,0,0,0,0,0,0,0,380,16682,0,0,0,0
55629.451,16667,59,0,0,0,0,0,8,28526,44,53,0,0,0,0,0,0,0,0,0,0,0,0,0,0,0,0,0,0,0,0,0,0,378,17229,0,0,0,0
55645.920,16468,60,0,0,0,0,0,8,28454,44,53,0,0,0,0,0,0,0,0,0,0,0,0,0,0,0,0,0,0,0,0,0,0,375,16810,0,0,0,0
55662.917,16997,58,0,0,0,0,0,8,28630,44,53,0,0,0,0,0,0,0,0,0,0,0,0,0,0,0,0,0,0,0,0,0,0,386,16576,0,0,0,0
55679.306,16389,61,0,0,0,0,0,8,28475,44,53,0,0,0,0,0,0,0,0,0,0,0,0,0,0,0,0,0,0,0,0,0,0,400,16969,0,0,0,0
55695.731,16425,60,0,0,0,0,0,8,28535,44,53,0,0,0,0,0,0,0,0,0,0,0,0,0,0,0,0,0,0,0,0,0,0,350,15934,0,0,0,0
55712.642,16910,59,0,0,0,0,0,8,28698,44,53,0,0,0,0,0,0,0,0,0,0,0,0,0,0,0,0,0,0,0,0,0,0,386,16579,0,0,0,0
55729.266,16623,60,0,0,0,0,0,8,30238,44,53,0,0,0,0,0,0,0,0,0,0,0,0,0,0,0,0,0,0,0,0,0,0,356,17143,0,0,0,0
55745.425,16159,61,0,0,0,0,0,8,30293,44,53,0,0,0,0,0,0,0,0,0,0,0,0,0,0,0,0,0,0,0,0,0,0,398,16665,0,0,0,0
55762.362,16936,59,0,0,0,0,0,8,30100,44,53,0,0,0,0,0,0,0,0,0,0,0,0,0,0,0,0,0,0,0,0,0,0,379,15501,0,0,0,0
55779.176,16814,59,0,0,0,0,0,8,30793,44,53,0,0,0,0,0,0,0,0,0,0,0,0,0,0,0,0,0,0,0,0,0,0,393,18011,0,0,0,0
55795.975,16799,59,0,0,0,0,0,8,30225,44,53,0,0,0,0,0,0,0,0,0,0,0,0,0,0,0,0,0,0,0,0,0,0,389,16424,0,0,0,0
55812.791,16815,59,0,0,0,0,0,8,30188,44,53,0,0,0,0,0,0,0,0,0,0,0,0,0,0,0,0,0,0,0,0,0,0,361,16590,0,0,0,0
55829.120,16329,61,0,0,0,0,0,8,30260,44,53,0,0,0,0,0,0,0,0,0,0,0,0,0,0,0,0,0,0,0,0,0,0,345,15646,0,0,0,0
55845.866,16735,59,0,0,0,0,0,8,30711,44,53,0,0,0,0,0,0,0,0,0,0,0,0,0,0,0,0,0,0,0,0,0,0,403,17820,0,0,0,0
55862.342,16486,60,0,0,0,0,0,8,30209,44,53,0,0,0,0,0,0,0,0,0,0,0,0,0,0,0,0,0,0,0,0,0,0,393,16310,0,0,0,0
55879.164,16821,59,0,0,0,0,0,8,30310,44,53,0,0,0,0,0,0,0,0,0,0,0,0,0,0,0,0,0,0,0,0,0,0,362,16278,0,0,0,0
55896.105,16941,59,0,0,0,0,0,8,30306,44,53,0,0,0,0,0,0,0,0,0,0,0,0,0,0,0,0,0,0,0,0,0,0,375,16839,0,0,0,0
55912.391,16285,61,0,0,0,0,0,8,30766,44,53,0,0,0,0,0,0,0,0,0,0,0,0,0,0,0,0,0,0,0,0,0,0,363,17475,0,0,0,0
55929.497,17105,58,0,0,0,0,0,8,30365,44,53,0,0,0,0,0,0,0,0,0,0,0,0,0,0,0,0,0,0,0,0,0,0,387,15936,0,0,0,0
55946.779,17282,57,0,0,0,0,0,8,30752,44,53,0,0,0,0,0,0,0,0,0,0,0,0,0,0,0,0,0,0,0,0,0,0,379,17352,0,0,0,0
55962.906,16126,62,0,0,0,0,0,8,30796,44,53,0,0,0,0,0,0,0,0,0,0,0,0,0,0,0,0,0,0,0,0,0,0,401,17552,0,0,0,0
55979.305,16399,60,0,0,0,0,0,8,30060,44,53,0,0,0,0,0,0,0,0,0,0,0,0,0,0,0,0,0,0,0,0,0,0,366,15826,0,0,0,0
55996.005,16699,59,0,0,0,0,0,8,28587,44,53,0,0,0,0,0,0,0,0,0,0,0,0,0,0,0,0,0,0,0,0,0,0,374,16384,0,0,0,0
56012.926,16910,59,0,0,0,0,0,8,28523,44,53,0,0,0,0,0,0,0,0,0,0,0,0,0,0,0,0,0,0,0,0,0,0,362,16548,0,0,0,0
56029.311,16396,60,0,0,0,0,0,8,28409,44,53,0,0,0,0,0,0,0,0,0,0,0,0,0,0,0,0,0,0,0,0,0,0,373,16953,0,0,0,0
56045.917,16605,60,0,0,0,0,0,8,28671,44,53,0,0,0,0,0,0,0,0,0,0,0,0,0,0,0,0,0,0,0,0,0,0,414,16795,0,0,0,0
56062.922,16995,58,0,0,0,0,0,8,29059,44,53,0,0,0,0,0,0,0,0,0,0,0,0,0,0,0,0,0,0,0,0,0,0,408,17041,0,0,0,0
56079.551,16639,60,0,0,0,0,0,8,28501,44,53,0,0,0,0,0,0,0,0,0,0,0,0,0,0,0,0,0,0,0,0,0,0,413,16333,0,0,0,0
56096.786,17234,58,0,0,0,0,0,8,28596,44,53,0,0,0,0,0,0,0,0,0,0,0,0,0,0,0,0,0,0,0,0,0,0,374,16686,0,0,0,0
56112.448,15662,63,0,0,0,0,0,8,29030,44,53,0,0,0,0,0,0,0,0,0,0,0,0,0,0,0,0,0,0,0,0,0,0,401,17288,0,0,0,0
56129.389,16941,59,0,0,0,0,0,8,28536,44,53,0,0,0,0,0,0,0,0,0,0,0,0,0,0,0,0,0,0,0,0,0,0,366,15475,0,0,0,0
56145.859,16469,60,0,0,0,0,0,8,28531,44,53,0,0,0,0,0,0,0,0,0,0,0,0,0,0,0,0,0,0,0,0,0,0,388,16797,0,0,0,0
56162.781,16922,59,0,0,0,0,0,8,28524,44,53,0,0,0,0,0,0,0,0,0,0,0,0,0,0,0,0,0,0,0,0,0,0,396,16830,0,0,0,0
56179.302,16520,60,0,0,0,0,0,8,28444,44,53,0,0,0,0,0,0,0,0,0,0,0,0,0,0,0,0,0,0,0,0,0,0,374,15335,0,0,0,0
56196.049,16747,59,0,0,0,0,0,8,28895,44,53,0,0,0,0,0,0,0,0,0,0,0,0,0,0,0,0,0,0,0,0,0,0,369,17795,0,0,0,0
56212.786,16737,59,0,0,0,0,0,8,28571,44,53,0,0,0,0,0,0,0,0,0,0,0,0,0,0,0,0,0,0,0,0,0,0,349,16779,0,0,0,0
56229.342,16556,60,0,0,0,0,0,8,28520,44,53,0,0,0,0,0,0,0,0,0,0,0,0,0,0,0,0,0,0,0,0,0,0,411,15664,0,0,0,0
56246.064,16721,59,0,0,0,0,0,8,28847,44,53,0,0,0,0,0,0,0,0,0,0,0,0,0,0,0,0,0,0,0,0,0,0,393,18110,0,0,0,0
56262.840,16775,59,0,0,0,0,0,8,28610,44,53,0,0,0,0,0,0,0,0,0,0,0,0,0,0,0,0,0,0,0,0,0,0,383,16196,0,0,0,0
56278.563,15723,63,0,0,0,0,0,8,28525,44,53,0,0,0,0,0,0,0,0,0,0,0,0,0,0,0,0,0,0,0,0,0,0,398,16651,0,0,0,0
56295.827,17264,57,0,0,0,0,0,8,28599,44,53,0,0,0,0,0,0,0,0,0,0,0,0,0,0,0,0,0,0,0,0,0,0,413,15811,0,0,0,0
56312.774,16947,59,0,0,0,0,0,8,29290,44,53,0,0,0,0,0,0,0,0,0,0,0,0,0,0,0,0,0,0,0,0,0,0,361,17534,0,0,0,0
56329.421,16647,60,0,0,0,0,0,8,28676,44,53,0,0,0,0,0,0,0,0,0,0,0,0,0,0,0,0,0,0,0,0,0,0,385,16780,0,0,0,0
56346.781,17359,57,0,0,0,0,0,8,28558,44,53,0,0,0,0,0,0,0,0,0,0,0,0,0,0,0,0,0,0,0,0,0,0,389,16715,0,0,0,0
56362.921,16130,61,0,0,0,0,0,8,29159,44,53,0,0,0,0,0,0,0,0,0,0,0,0,0,0,0,0,0,0,0,0,0,0,375,17608,0,0,0,0
56379.153,16242,61,0,0,0,0,0,8,28544,44,53,0,0,0,0,0,0,0,0,0,0,0,0,0,0,0,0,0,0,0,0,0,0,403,15936,0,0,0,0
56395.960,16807,59,0,0,0,0,0,8,28606,44,53,0,0,0,0,0,0,0,0,0,0,0,0,0,0,0,0,0,0,0,0,0,0,396,15784,0,0,0,0
56412.912,16951,58,0,0,0,0,0,8,28596,44,53,0,0,0,0,0,0,0,0,0,0,0,0,0,0,0,0,0,0,0,0,0,0,376,16852,0,0,0,0
56428.976,16064,62,0,0,0,0,0,8,29038,44,53,0,0,0,0,0,0,0,0,0,0,0,0,0,0,0,0,0,0,0,0,0,0,374,17491,0,0,0,0
56445.894,16918,59,0,0,0,0,0,8,28665,44,53,0,0,0,0,0,0,0,0,0,0,0,0,0,0,0,0,0,0,0,0,0,0,353,15661,0,0,0,0
56462.652,16757,59,0,0,0,0,0,8,28535,44,53,0,0,0,0,0,0,0,0,0,0,0,0,0,0,0,0,0,0,0,0,0,0,372,16971,0,0,0,0
56479.378,16726,59,0,0,0,0,0,8,28689,44,53,0,0,0,0,0,0,0,0,0,0,0,0,0,0,0,0,0,0,0,0,0,0,360,16822,0,0,0,0
56496.185,16806,59,0,0,0,0,0,8,28570,44,53,0,0,0,0,0,0,0,0,0,0,0,0,0,0,0,0,0,0,0,0,0,0,385,16850,0,0,0,0
56512.736,16550,60,0,0,0,0,0,8,28668,44,53,0,0,0,0,0,0,0,0,0,0,0,0,0,0,0,0,0,0,0,0,0,0,369,16515,0,0,0,0
56529.306,16570,60,0,0,0,0,0,8,28558,44,53,0,0,0,0,0,0,0,0,0,0,0,0,0,0,0,0,0,0,0,0,0,0,421,16450,0,0,0,0
56546.789,17482,57,0,0,0,0,0,8,28669,44,53,0,0,0,0,0,0,0,0,0,0,0,0,0,0,0,0,0,0,0,0,0,0,381,16613,0,0,0,0
56562.429,15640,63,0,0,0,0,0,8,29061,44,53,0,0,0,0,0,0,0,0,0,0,0,0,0,0,0,0,0,0,0,0,0,0,397,17963,0,0,0,0
56579.189,16759,59,0,0,0,0,0,8,28725,44,53,0,0,0,0,0,0,0,0,0,0,0,0,0,0,0,0,0,0,0,0,0,0,354,15215,0,0,0,0
56595.973,16774,59,0,0,0,0,0,8,28666,44,53,0,0,0,0,0,0,0,0,0,0,0,0,0,0,0,0,0,0,0,0,0,0,361,16579,0,0,0,0
56612.776,16813,59,0,0,0,0,0,8,28767,44,53,0,0,0,0,0,0,0,0,0,0,0,0,0,0,0,0,0,0,0,0,0,0,366,17294,0,0,0,0
56628.633,15856,63,0,0,0,0,0,8,38919,44,53,0,0,0,0,0,0,0,0,0,0,0,0,0,0,0,0,0,0,0,0,0,0,391,19068,0,0,0,0
56645.872,17238,58,0,0,0,0,0,8,37380,44,53,0,0,0,0,0,0,0,0,0,0,0,0,0,0,0,0,0,0,0,0,0,0,348,15375,0,0,0,0
56662.774,16901,59,0,0,0,0,0,8,37839,44,53,0,0,0,0,0,0,0,0,0,0,0,0,0,0,0,0,0,0,0,0,0,0,350,17702,0,0,0,0
56678.845,16071,62,0,0,0,0,0,8,37237,44,53,0,0,0,0,0,0,0,0,0,0,0,0,0,0,0,0,0,0,0,0,0,0,350,15609,0,0,0,0
56696.290,17445,57,0,0,0,0,0,8,37917,44,53,0,0,0,0,0,0,0,0,0,0,0,0,0,0,0,0,0,0,0,0,0,0,381,17654,0,0,0,0
56712.772,16481,60,0,0,0,0,0,8,37961,44,53,0,0,0,0,0,0,0,0,0,0,0,0,0,0,0,0,0,0,0,0,0,0,376,16924,0,0,0,0
56729.295,16523,60,0,0,0,0,0,8,37184,44,53,0,0,0,0,0,0,0,0,0,0,0,0,0,0,0,0,0,0,0,0,0,0,361,16410,0,0,0,0
56745.919,16624,60,0,0,0,0,0,8,37409,44,53,0,0,0,0,0,0,0,0,0,0,0,0,0,0,0,0,0,0,0,0,0,0,343,16760,0,0,0,0
56762.776,16857,59,0,0,0,0,0,8,37380,44,53,0,0,0,0,0,0,0,0,0,0,0,0,0,0,0,0,0,0,0,0,0,0,362,16415,0,0,0,0
56779.784,17008,58,0,0,0,0,0,8,40470,44,53,0,0,0,0,0,0,0,0,0,0,0,0,0,0,0,0,0,0,0,0,0,0,353,16989,0,0,0,0
56795.894,16109,62,0,0,0,0,0,8,39986,44,53,0,0,0,0,0,0,0,0,0,0,0,0,0,0,0,0,0,0,0,0,0,0,359,17514,0,0,0,0
56812.289,16395,60,0,0,0,0,0,8,39509,44,53,0,0,0,0,0,0,0,0,0,0,0,0,0,0,0,0,0,0,0,0,0,0,352,15611,0,0,0,0
56829.016,16727,59,0,0,0,0,0,8,39432,44,53,0,0,0,0,0,0,0,0,0,0,0,0,0,0,0,0,0,0,0,0,0,0,343,16741,0,0,0,0
56846.057,17040,58,0,0,0,0,0,8,39824,44,53,0,0,0,0,0,0,0,0,0,0,0,0,0,0,0,0,0,0,0,0,0,0,362,17033,0,0,0,0
56862.905,16848,59,0,0,0,0,0,8,39535,44,53,0,0,0,0,0,0,0,0,0,0,0,0,0,0,0,0,0,0,0,0,0,0,354,16178,0,0,0,0
56879.164,16258,61,0,0,0,0,0,8,39896,44,53,0,0,0,0,0,0,0,0,0,0,0,0,0,0,0,0,0,0,0,0,0,0,359,17125,0,0,0,0
56895.908,16744,59,0,0,0,0,0,8,39361,44,53,0,0,0,0,0,0,0,0,0,0,0,0,0,0,0,0,0,0,0,0,0,0,326,15732,0,0,0,0
56912.828,16920,59,0,0,0,0,0,8,40063,44,53,0,0,0,0,0,0,0,0,0,0,0,0,0,0,0,0,0,0,0,0,0,0,355,17451,0,0,0,0
56929.288,16460,60,0,0,0,0,0,8,39422,44,53,0,0,0,0,0,0,0,0,0,0,0,0,0,0,0,0,0,0,0,0,0,0,336,16434,0,0,0,0
56945.824,16536,60,0,0,0,0,0,8,39377,44,53,0,0,0,0,0,0,0,0,0,0,0,0,0,0,0,0,0,0,0,0,0,0,338,16398,0,0,0,0
56962.305,16480,60,0,0,0,0,0,8,39362,44,53,0,0,0,0,0,0,0,0,0,0,0,0,0,0,0,0,0,0,0,0,0,0,346,16684,0,0,0,0
56979.383,17078,58,0,0,0,0,0,8,39262,44,53,0,0,0,0,0,0,0,0,0,0,0,0,0,0,0,0,0,0,0,0,0,0,337,16304,0,0,0,0
56995.910,16527,60,0,0,0,0,0,8,39872,44,53,0,0,0,0,0,0,0,0,0,0,0,0,0,0,0,0,0,0,0,0,0,0,342,17152,0,0,0,0
57012.303,16392,61,0,0,0,0,0,8,39400,44,53,0,0,0,0,0,0,0,0,0,0,0,0,0,0,0,0,0,0,0,0,0,0,367,17040,0,0,0,0
57029.336,17033,58,0,0,0,0,0,8,39343,44,53,0,0,0,0,0,0,0,0,0,0,0,0,0,0,0,0,0,0,0,0,0,0,353,15934,0,0,0,0
57045.751,16414,60,0,0,0,0,0,8,39208,44,53,0,0,0,0,0,0,0,0,0,0,0,0,0,0,0,0,0,0,0,0,0,0,358,16655,0,0,0,0
57062.288,16536,60,0,0,0,0,0,8,39323,44,53,0,0,0,0,0,0,0,0,0,0,0,0,0,0,0,0,0,0,0,0,0,0,367,16830,0,0,0,0
57079.272,16984,58,0,0,0,0,0,8,39414,44,53,0,0,0,0,0,0,0,0,0,0,0,0,0,0,0,0,0,0,0,0,0,0,366,16819,0,0,0,0
57096.085,16813,59,0,0,0,0,0,8,39404,44,53,0,0,0,0,0,0,0,0,0,0,0,0,0,0,0,0,0,0,0,0,0,0,334,16492,0,0,0,0
57112.773,16688,59,0,0,0,0,0,8,39905,44,53,0,0,0,0,0,0,0,0,0,0,0,0,0,0,0,0,0,0,0,0,0,0,351,17375,0,0,0,0
57129.415,16641,60,0,0,0,0,0,8,39351,44,53,0,0,0,0,0,0,0,0,0,0,0,0,0,0,0,0,0,0,0,0,0,0,352,15327,0,0,0,0
57145.937,16522,60,0,0,0,0,0,8,40008,44,53,0,0,0,0,0,0,0,0,0,0,0,0,0,0,0,0,0,0,0,0,0,0,345,18061,0,0,0,0
57162.342,16404,60,0,0,0,0,0,8,39536,44,53,0,0,0,0,0,0,0,0,0,0,0,0,0,0,0,0,0,0,0,0,0,0,367,15907,0,0,0,0
57179.551,17209,58,0,0,0,0,0,8,39510,44,53,0,0,0,0,0,0,0,0,0,0,0,0,0,0,0,0,0,0,0,0,0,0,355,16372,0,0,0,0
57196.290,16739,59,0,0,0,0,0,8,39984,44,53,0,0,0,0,0,0,0,0,0,0,0,0,0,0,0,0,0,0,0,0,0,0,337,17436,0,0,0,0
57212.419,16128,62,0,0,0,0,0,8,39381,44,53,0,0,0,0,0,0,0,0,0,0,0,0,0,0,0,0,0,0,0,0,0,0,348,16614,0,0,0,0
57228.968,16548,60,0,0,0,0,0,8,39263,44,53,0,0,0,0,0,0,0,0,0,0,0,0,0,0,0,0,0,0,0,0,0,0,349,16247,0,0,0,0
57245.841,16873,59,0,0,0,0,0,8,39516,44,53,0,0,0,0,0,0,0,0,0,0,0,0,0,0,0,0,0,0,0,0,0,0,352,16740,0,0,0,0
57262.793,16951,58,0,0,0,0,0,8,39464,44,53,0,0,0,0,0,0,0,0,0,0,0,0,0,0,0,0,0,0,0,0,0,0,381,16741,0,0,0,0
57279.279,16486,60,0,0,0,0,0,8,39253,44,53,0,0,0,0,0,0,0,0,0,0,0,0,0,0,0,0,0,0,0,0,0,0,341,16949,0,0,0,0
57295.905,16625,60,0,0,0,0,0,8,39493,44,53,0,0,0,0,0,0,0,0,0,0,0,0,0,0,0,0,0,0,0,0,0,0,354,16344,0,0,0,0
57312.914,17009,58,0,0,0,0,0,8,39461,44,53,0,0,0,0,0,0,0,0,0,0,0,0,0,0,0,0,0,0,0,0,0,0,335,16840,0,0,0,0
57329.497,16582,60,0,0,0,0,0,8,39751,44,53,0,0,0,0,0,0,0,0,0,0,0,0,0,0,0,0,0,0,0,0,0,0,335,17406,0,0,0,0
57345.903,16406,60,0,0,0,0,0,8,39433,44,53,0,0,0,0,0,0,0,0,0,0,0,0,0,0,0,0,0,0,0,0,0,0,338,16431,0,0,0,0
57362.901,16997,58,0,0,0,0,0,8,39419,44,53,0,0,0,0,0,0,0,0,0,0,0,0,0,0,0,0,0,0,0,0,0,0,334,16023,0,0,0,0
57379.765,16864,59,0,0,0,0,0,8,39704,44,53,0,0,0,0,0,0,0,0,0,0,0,0,0,0,0,0,0,0,0,0,0,0,355,17691,0,0,0,0
57395.917,16141,61,0,0,0,0,0,8,39586,44,53,0,0,0,0,0,0,0,0,0,0,0,0,0,0,0,0,0,0,0,0,0,0,329,16106,0,0,0,0
57412.915,17008,58,0,0,0,0,0,8,39424,44,53,0,0,0,0,0,0,0,0,0,0,0,0,0,0,0,0,0,0,0,0,0,0,365,16687,0,0,0,0
57429.161,16246,61,0,0,0,0,0,8,39389,44,53,0,0,0,0,0,0,0,0,0,0,0,0,0,0,0,0,0,0,0,0,0,0,371,16690,0,0,0,0
57445.879,16717,59,0,0,0,0,0,8,39187,44,53,0,0,0,0,0,0,0,0,0,0,0,0,0,0,0,0,0,0,0,0,0,0,332,15798,0,0,0,0
57462.785,16905,59,0,0,0,0,0,8,39378,44,53,0,0,0,0,0,0,0,0,0,0,0,0,0,0,0,0,0,0,0,0,0,0,389,16681,0,0,0,0
57479.766,16981,58,0,0,0,0,0,8,39299,44,53,0,0,0,0,0,0,0,0,0,0,0,0,0,0,0,0,0,0,0,0,0,0,347,16322,0,0,0,0
57496.761,16995,58,0,0,0,0,0,8,39703,44,53,0,0,0,0,0,0,0,0,0,0,0,0,0,0,0,0,0,0,0,0,0,0,335,18139,0,0,0,0
57512.908,16146,61,0,0,0,0,0,8,39490,44,53,0,0,0,0,0,0,0,0,0,0,0,0,0,0,0,0,0,0,0,0,0,0,328,16754,0,0,0,0
57529.037,16129,61,0,0,0,0,0,8,39249,44,53,0,0,0,0,0,0,0,0,0,0,0,0,0,0,0,0,0,0,0,0,0,0,343,16296,0,0,0,0
57545.558,16520,60,0,0,0,0,0,8,39233,44,53,0,0,0,0,0,0,0,0,0,0,0,0,0,0,0,0,0,0,0,0,0,0,337,16293,0,0,0,0
57562.917,17359,57,0,0,0,0,0,8,39372,44,53,0,0,0,0,0,0,0,0,0,0,0,0,0,0,0,0,0,0,0,0,0,0,373,16099,0,0,0,0
57579.774,16856,59,0,0,0,0,0,8,39736,44,53,0,0,0,0,0,0,0,0,0,0,0,0,0,0,0,0,0,0,0,0,0,0,355,18187,0,0,0,0
57596.763,16989,58,0,0,0,0,0,8,39243,44,53,0,0,0,0,0,0,0,0,0,0,0,0,0,0,0,0,0,0,0,0,0,0,310,16507,0,0,0,0
57612.766,16002,62,0,0,0,0,0,8,39790,44,53,0,0,0,0,0,0,0,0,0,0,0,0,0,0,0,0,0,0,0,0,0,0,359,17136,0,0,0,0
57629.774,17007,58,0,0,0,0,0,8,39259,44,53,0,0,0,0,0,0,0,0,0,0,0,0,0,0,0,0,0,0,0,0,0,0,349,15946,0,0,0,0
57646.103,16329,61,0,0,0,0,0,8,39754,44,53,0,0,0,0,0,0,0,0,0,0,0,0,0,0,0,0,0,0,0,0,0,0,384,17290,0,0,0,0
57662.599,16495,60,0,0,0,0,0,8,39187,44,53,0,0,0,0,0,0,0,0,0,0,0,0,0,0,0,0,0,0,0,0,0,0,353,15620,0,0,0,0
57679.791,17192,58,0,0,0,0,0,8,39317,44,53,0,0,0,0,0,0,0,0,0,0,0,0,0,0,0,0,0,0,0,0,0,0,384,16726,0,0,0,0
57696.018,16227,61,0,0,0,0,0,8,39637,44,53,0,0,0,0,0,0,0,0,0,0,0,0,0,0,0,0,0,0,0,0,0,0,362,17368,0,0,0,0
57712.765,16747,59,0,0,0,0,0,8,39090,44,53,0,0,0,0,0,0,0,0,0,0,0,0,0,0,0,0,0,0,0,0,0,0,366,16023,0,0,0,0
57729.477,16712,59,0,0,0,0,0,8,39133,44,53,0,0,0,0,0,0,0,0,0,0,0,0,0,0,0,0,0,0,0,0,0,0,334,16264,0,0,0,0
57746.764,17287,57,0,0,0,0,0,8,39131,44,53,0,0,0,0,0,0,0,0,0,0,0,0,0,0,0,0,0,0,0,0,0,0,370,17189,0,0,0,0
57762.304,15539,64,0,0,0,0,0,8,39399,44,53,0,0,0,0,0,0,0,0,0,0,0,0,0,0,0,0,0,0,0,0,0,0,358,17505,0,0,0,0
57779.065,16761,59,0,0,0,0,0,8,39102,44,53,0,0,0,0,0,0,0,0,0,0,0,0,0,0,0,0,0,0,0,0,0,0,357,14711,0,0,0,0
57796.770,17704,56,0,0,0,0,0,8,39562,44,53,0,0,0,0,0,0,0,0,0,0,0,0,0,0,0,0,0,0,0,0,0,0,368,17706,0,0,0,0
57812.782,16011,62,0,0,0,0,0,8,39480,44,53,0,0,0,0,0,0,0,0,0,0,0,0,0,0,0,0,0,0,0,0,0,0,349,17397,0,0,0,0
57828.812,16029,62,0,0,0,0,0,8,39023,44,53,0,0,0,0,0,0,0,0,0,0,0,0,0,0,0,0,0,0,0,0,0,0,360,15953,0,0,0,0
57846.063,17251,57,0,0,0,0,0,8,38891,44,53,0,0,0,0,0,0,0,0,0,0,0,0,0,0,0,0,0,0,0,0,0,0,339,15925,0,0,0,0
57862.451,16388,61,0,0,0,0,0,8,39412,44,53,0,0,0,0,0,0,0,0,0,0,0,0,0,0,0,0,0,0,0,0,0,0,380,17640,0,0,0,0
57879.300,16848,59,0,0,0,0,0,8,38745,44,53,0,0,0,0,0,0,0,0,0,0,0,0,0,0,0,0,0,0,0,0,0,0,360,15625,0,0,0,0
57895.782,16482,60,0,0,0,0,0,8,38986,44,53,0,0,0,0,0,0,0,0,0,0,0,0,0,0,0,0,0,0,0,0,0,0,356,16725,0,0,0,0
57912.765,16983,58,0,0,0,0,0,8,38991,44,53,0,0,0,0,0,0,0,0,0,0,0,0,0,0,0,0,0,0,0,0,0,0,342,16919,0,0,0,0
57929.291,16525,60,0,0,0,0,0,8,38778,44,53,0,0,0,0,0,0,0,0,0,0,0,0,0,0,0,0,0,0,0,0,0,0,349,16070,0,0,0,0
57945.894,16603,60,0,0,0,0,0,8,39346,44,53,0,0,0,0,0,0,0,0,0,0,0,0,0,0,0,0,0,0,0,0,0,0,365,17928,0,0,0,0
57962.952,17057,58,0,0,0,0,0,8,38804,44,53,0,0,0,0,0,0,0,0,0,0,0,0,0,0,0,0,0,0,0,0,0,0,376,16097,0,0,0,0
57979.316,16364,61,0,0,0,0,0,8,39107,44,53,0,0,0,0,0,0,0,0,0,0,0,0,0,0,0,0,0,0,0,0,0,0,466,18169,0,0,0,0
57995.877,16560,60,0,0,0,0,0,8,38988,44,53,0,0,0,0,0,0,0,0,0,0,0,0,0,0,0,0,0,0,0,0,0,0,408,15981,0,0,0,0
58012.327,16450,60,0,0,0,0,0,8,38840,44,53,0,0,0,0,0,0,0,0,0,0,0,0,0,0,0,0,0,0,0,0,0,0,424,16469,0,0,0,0
58029.773,17446,57,0,0,0,0,0,8,38746,44,53,0,0,0,0,0,0,0,0,0,0,0,0,0,0,0,0,0,0,0,0,0,0,388,16332,0,0,0,0
58045.943,16169,61,0,0,0,0,0,8,39393,44,53,0,0,0,0,0,0,0,0,0,0,0,0,0,0,0,0,0,0,0,0,0,0,398,17998,0,0,0,0
58062.773,16830,59,0,0,0,0,0,8,38732,44,53,0,0,0,0,0,0,0,0,0,0,0,0,0,0,0,0,0,0,0,0,0,0,375,15423,0,0,0,0
58079.045,16272,61,0,0,0,0,0,8,38584,44,53,0,0,0,0,0,0,0,0,0,0,0,0,0,0,0,0,0,0,0,0,0,0,342,15709,0,0,0,0
58095.647,16602,60,0,0,0,0,0,8,39146,44,53,0,0,0,0,0,0,0,0,0,0,0,0,0,0,0,0,0,0,0,0,0,0,379,17498,0,0,0,0
58112.896,17248,57,0,0,0,0,0,8,38694,44,53,0,0,0,0,0,0,0,0,0,0,0,0,0,0,0,0,0,0,0,0,0,0,370,16159,0,0,0,0
58129.332,16436,60,0,0,0,0,0,8,39046,44,53,0,0,0,0,0,0,0,0,0,0,0,0,0,0,0,0,0,0,0,0,0,0,334,17758,0,0,0,0
58146.160,16827,59,0,0,0,0,0,8,38522,44,53,0,0,0,0,0,0,0,0,0,0,0,0,0,0,0,0,0,0,0,0,0,0,341,15891,0,0,0,0
58162.286,16125,62,0,0,0,0,0,8,38462,44,53,0,0,0,0,0,0,0,0,0,0,0,0,0,0,0,0,0,0,0,0,0,0,360,17026,0,0,0,0
58179.764,17478,57,0,0,0,0,0,8,38434,44,53,0,0,0,0,0,0,0,0,0,0,0,0,0,0,0,0,0,0,0,0,0,0,346,15798,0,0,0,0
58195.837,16072,62,0,0,0,0,0,8,38901,44,53,0,0,0,0,0,0,0,0,0,0,0,0,0,0,0,0,0,0,0,0,0,0,380,18048,0,0,0,0
58212.306,16468,60,0,0,0,0,0,8,38668,44,53,0,0,0,0,0,0,0,0,0,0,0,0,0,0,0,0,0,0,0,0,0,0,318,15670,0,0,0,0
58228.773,16467,60,0,0,0,0,0,8,38342,44,53,0,0,0,0,0,0,0,0,0,0,0,0,0,0,0,0,0,0,0,0,0,0,357,16804,0,0,0,0
58245.730,16956,58,0,0,0,0,0,8,38318,44,53,0,0,0,0,0,0,0,0,0,0,0,0,0,0,0,0,0,0,0,0,0,0,382,16319,0,0,0,0
58262.763,17032,58,0,0,0,0,0,8,38515,44,53,0,0,0,0,0,0,0,0,0,0,0,0,0,0,0,0,0,0,0,0,0,0,351,16939,0,0,0,0
58279.349,16586,60,0,0,0,0,0,8,38299,44,53,0,0,0,0,0,0,0,0,0,0,0,0,0,0,0,0,0,0,0,0,0,0,347,15934,0,0,0,0
58295.935,16585,60,0,0,0,0,0,8,38770,44,53,0,0,0,0,0,0,0,0,0,0,0,0,0,0,0,0,0,0,0,0,0,0,399,17868,0,0,0,0
58312.317,16382,61,0,0,0,0,0,8,38108,44,53,0,0,0,0,0,0,0,0,0,0,0,0,0,0,0,0,0,0,0,0,0,0,343,15996,0,0,0,0
58329.179,16862,59,0,0,0,0,0,8,38023,44,53,0,0,0,0,0,0,0,0,0,0,0,0,0,0,0,0,0,0,0,0,0,0,362,16458,0,0,0,0
58345.895,16715,59,0,0,0,0,0,8,38611,44,53,0,0,0,0,0,0,0,0,0,0,0,0,0,0,0,0,0,0,0,0,0,0,361,17588,0,0,0,0
58362.782,16887,59,0,0,0,0,0,8,38061,44,53,0,0,0,0,0,0,0,0,0,0,0,0,0,0,0,0,0,0,0,0,0,0,331,16296,0,0,0,0
58379.758,16975,58,0,0,0,0,0,8,38195,44,53,0,0,0,0,0,0,0,0,0,0,0,0,0,0,0,0,0,0,0,0,0,0,420,17089,0,0,0,0
58395.977,16219,61,0,0,0,0,0,8,38151,44,53,0,0,0,0,0,0,0,0,0,0,0,0,0,0,0,0,0,0,0,0,0,0,374,15699,0,0,0,0
58412.764,16786,59,0,0,0,0,0,8,38438,44,53,0,0,0,0,0,0,0,0,0,0,0,0,0,0,0,0,0,0,0,0,0,0,381,17655,0,0,0,0
58429.358,16594,60,0,0,0,0,0,8,38168,44,53,0,0,0,0,0,0,0,0,0,0,0,0,0,0,0,0,0,0,0,0,0,0,349,16100,0,0,0,0
58445.834,16476,60,0,0,0,0,0,8,38119,44,53,0,0,0,0,0,0,0,0,0,0,0,0,0,0,0,0,0,0,0,0,0,0,336,16727,0,0,0,0
58462.891,17056,58,0,0,0,0,0,8,38042,44,53,0,0,0,0,0,0,0,0,0,0,0,0,0,0,0,0,0,0,0,0,0,0,353,16646,0,0,0,0
58479.154,16262,61,0,0,0,0,0,8,37906,44,53,0,0,0,0,0,0,0,0,0,0,0,0,0,0,0,0,0,0,0,0,0,0,393,16985,0,0,0,0
58495.911,16757,59,0,0,0,0,0,8,38121,44,53,0,0,0,0,0,0,0,0,0,0,0,0,0,0,0,0,0,0,0,0,0,0,355,16050,0,0,0,0
58512.391,16480,60,0,0,0,0,0,8,38545,44,53,0,0,0,0,0,0,0,0,0,0,0,0,0,0,0,0,0,0,0,0,0,0,359,17356,0,0,0,0
58529.090,16699,59,0,0,0,0,0,8,37919,44,53,0,0,0,0,0,0,0,0,0,0,0,0,0,0,0,0,0,0,0,0,0,0,347,15953,0,0,0,0
58546.085,16994,58,0,0,0,0,0,8,38112,44,53,0,0,0,0,0,0,0,0,0,0,0,0,0,0,0,0,0,0,0,0,0,0,327,16661,0,0,0,0
58562.755,16670,59,0,0,0,0,0,8,37948,44,53,0,0,0,0,0,0,0,0,0,0,0,0,0,0,0,0,0,0,0,0,0,0,385,16859,0,0,0,0
58580.280,17525,57,0,0,0,0,0,8,37907,44,53,0,0,0,0,0,0,0,0,0,0,0,0,0,0,0,0,0,0,0,0,0,0,338,15951,0,0,0,0
58596.057,15777,63,0,0,0,0,0,8,38471,44,53,0,0,0,0,0,0,0,0,0,0,0,0,0,0,0,0,0,0,0,0,0,0,324,18669,0,0,0,0
58612.755,16698,59,0,0,0,0,0,8,38032,44,53,0,0,0,0,0,0,0,0,0,0,0,0,0,0,0,0,0,0,0,0,0,0,336,15385,0,0,0,0
58629.288,16532,60,0,0,0,0,0,8,37878,44,53,0,0,0,0,0,0,0,0,0,0,0,0,0,0,0,0,0,0,0,0,0,0,343,15856,0,0,0,0
58645.424,16136,61,0,0,0,0,0,8,38374,44,53,0,0,0,0,0,0,0,0,0,0,0,0,0,0,0,0,0,0,0,0,0,0,352,17697,0,0,0,0
58662.279,16854,59,0,0,0,0,0,8,37898,44,53,0,0,0,0,0,0,0,0,0,0,0,0,0,0,0,0,0,0,0,0,0,0,361,15944,0,0,0,0
58680.303,18023,55,0,0,0,0,0,8,37807,44,53,0,0,0,0,0,0,0,0,0,0,0,0,0,0,0,0,0,0,0,0,0,0,368,16993,0,0,0,0
58695.864,15560,64,0,0,0,0,0,8,64820,44,53,0,0,0,0,0,0,0,0,0,0,0,0,0,0,0,0,0,0,0,0,0,0,387,20942,0,0,0,0
58712.462,16598,60,0,0,0,0,0,8,38355,44,53,0,0,0,0,0,0,0,0,0,0,0,0,0,0,0,0,0,0,0,0,0,0,310,13228,0,0,0,0
58729.277,16814,59,0,0,0,0,0,8,38270,44,53,0,0,0,0,0,0,0,0,0,0,0,0,0,0,0,0,0,0,0,0,0,0,1124,17008,0,0,0,0
58745.888,16611,60,0,0,0,0,0,8,38615,44,53,0,0,0,0,0,0,0,0,0,0,0,0,0,0,0,0,0,0,0,0,0,0,343,15934,0,0,0,0
58762.273,16384,61,0,0,0,0,0,8,38539,44,53,0,0,0,0,0,0,0,0,0,0,0,0,0,0,0,0,0,0,0,0,0,0,340,16807,0,0,0,0
58779.106,16833,59,0,0,0,0,0,8,38839,44,53,0,0,0,0,0,0,0,0,0,0,0,0,0,0,0,0,0,0,0,0,0,0,333,15987,0,0,0,0
58796.273,17167,58,0,0,0,0,0,8,39263,44,53,0,0,0,0,0,0,0,0,0,0,0,0,0,0,0,0,0,0,0,0,0,0,351,16673,0,0,0,0
58812.756,16482,60,0,0,0,0,0,8,39383,44,53,0,0,0,0,0,0,0,0,0,0,0,0,0,0,0,0,0,0,0,0,0,0,358,17119,0,0,0,0
58828.761,16005,62,0,0,0,0,0,8,39263,44,53,0,0,0,0,0,0,0,0,0,0,0,0,0,0,0,0,0,0,0,0,0,0,310,15784,0,0,0,0
58846.280,17518,57,0,0,0,0,0,8,39825,44,53,0,0,0,0,0,0,0,0,0,0,0,0,0,0,0,0,0,0,0,0,0,0,370,16749,0,0,0,0
58862.903,16623,60,0,0,0,0,0,8,38990,44,53,0,0,0,0,0,0,0,0,0,0,0,0,0,0,0,0,0,0,0,0,0,0,350,17794,0,0,0,0
58879.498,16595,60,0,0,0,0,0,8,38692,44,53,0,0,0,0,0,0,0,0,0,0,0,0,0,0,0,0,0,0,0,0,0,0,340,16622,0,0,0,0
58895.885,16386,61,0,0,0,0,0,8,38788,44,53,0,0,0,0,0,0,0,0,0,0,0,0,0,0,0,0,0,0,0,0,0,0,348,16190,0,0,0,0
58912.773,16887,59,0,0,0,0,0,8,38970,44,53,0,0,0,0,0,0,0,0,0,0,0,0,0,0,0,0,0,0,0,0,0,0,343,16767,0,0,0,0
58929.203,16430,60,0,0,0,0,0,8,39004,44,53,0,0,0,0,0,0,0,0,0,0,0,0,0,0,0,0,0,0,0,0,0,0,348,15356,0,0,0,0
58946.274,17071,58,0,0,0,0,0,8,39690,44,53,0,0,0,0,0,0,0,0,0,0,0,0,0,0,0,0,0,0,0,0,0,0,336,17779,0,0,0,0
58962.176,15901,62,0,0,0,0,0,8,42324,44,53,0,0,0,0,0,0,0,0,0,0,0,0,0,0,0,0,0,0,0,0,0,0,349,17304,0,0,0,0
58979.424,17248,57,0,0,0,0,0,8,39538,44,53,0,0,0,0,0,0,0,0,0,0,0,0,0,0,0,0,0,0,0,0,0,0,343,15513,0,0,0,0
58996.003,16578,60,0,0,0,0,0,8,40217,44,53,0,0,0,0,0,0,0,0,0,0,0,0,0,0,0,0,0,0,0,0,0,0,348,17275,0,0,0,0
59012.754,16750,59,0,0,0,0,0,8,41161,44,53,0,0,0,0,0,0,0,0,0,0,0,0,0,0,0,0,0,0,0,0,0,0,340,16529,0,0,0,0
59029.426,16672,59,0,0,0,0,0,8,41229,44,53,0,0,0,0,0,0,0,0,0,0,0,0,0,0,0,0,0,0,0,0,0,0,342,16861,0,0,0,0
59045.834,16407,60,0,0,0,0,0,8,41421,44,53,0,0,0,0,0,0,0,0,0,0,0,0,0,0,0,0,0,0,0,0,0,0,351,17276,0,0,0,0
59062.404,16570,60,0,0,0,0,0,8,41191,44,53,0,0,0,0,0,0,0,0,0,0,0,0,0,0,0,0,0,0,0,0,0,0,349,16158,0,0,0,0
59079.432,17028,58,0,0,0,0,0,8,41003,44,53,0,0,0,0,0,0,0,0,0,0,0,0,0,0,0,0,0,0,0,0,0,0,336,16910,0,0,0,0
59095.776,16343,61,0,0,0,0,0,8,41375,44,53,0,0,0,0,0,0,0,0,0,0,0,0,0,0,0,0,0,0,0,0,0,0,322,16543,0,0,0,0
59112.801,17025,58,0,0,0,0,0,8,41325,44,53,0,0,0,0,0,0,0,0,0,0,0,0,0,0,0,0,0,0,0,0,0,0,347,16319,0,0,0,0
59129.760,16958,58,0,0,0,0,0,8,41716,44,53,0,0,0,0,0,0,0,0,0,0,0,0,0,0,0,0,0,0,0,0,0,0,364,16931,0,0,0,0
59145.804,16044,62,0,0,0,0,0,8,41729,44,53,0,0,0,0,0,0,0,0,0,0,0,0,0,0,0,0,0,0,0,0,0,0,359,17727,0,0,0,0
59162.779,16974,58,0,0,0,0,0,8,42083,44,53,0,0,0,0,0,0,0,0,0,0,0,0,0,0,0,0,0,0,0,0,0,0,337,15111,0,0,0,0
59179.137,16358,61,0,0,0,0,0,8,41449,44,53,0,0,0,0,0,0,0,0,0,0,0,0,0,0,0,0,0,0,0,0,0,0,344,16868,0,0,0,0
59196.273,17135,58,0,0,0,0,0,8,41338,44,53,0,0,0,0,0,0,0,0,0,0,0,0,0,0,0,0,0,0,0,0,0,0,335,16450,0,0,0,0
59212.754,16481,60,0,0,0,0,0,8,41918,44,53,0,0,0,0,0,0,0,0,0,0,0,0,0,0,0,0,0,0,0,0,0,0,334,17114,0,0,0,0
59230.271,17517,57,0,0,0,0,0,8,41460,44,53,0,0,0,0,0,0,0,0,0,0,0,0,0,0,0,0,0,0,0,0,0,0,337,15651,0,0,0,0
59245.997,15726,63,0,0,0,0,0,8,41997,44,53,0,0,0,0,0,0,0,0,0,0,0,0,0,0,0,0,0,0,0,0,0,0,336,19176,0,0,0,0
59262.749,16751,59,0,0,0,0,0,8,41543,44,53,0,0,0,0,0,0,0,0,0,0,0,0,0,0,0,0,0,0,0,0,0,0,363,14546,0,0,0,0
59279.334,16584,60,0,0,0,0,0,8,41424,44,53,0,0,0,0,0,0,0,0,0,0,0,0,0,0,0,0,0,0,0,0,0,0,327,16203,0,0,0,0
59295.646,16312,61,0,0,0,0,0,8,41931,44,53,0,0,0,0,0,0,0,0,0,0,0,0,0,0,0,0,0,0,0,0,0,0,350,17418,0,0,0,0
59312.773,17126,58,0,0,0,0,0,8,41608,44,53,0,0,0,0,0,0,0,0,0,0,0,0,0,0,0,0,0,0,0,0,0,0,360,16784,0,0,0,0
59329.154,16381,61,0,0,0,0,0,8,41922,44,53,0,0,0,0,0,0,0,0,0,0,0,0,0,0,0,0,0,0,0,0,0,0,355,17221,0,0,0,0
59346.018,16864,59,0,0,0,0,0,8,41938,44,53,0,0,0,0,0,0,0,0,0,0,0,0,0,0,0,0,0,0,0,0,0,0,341,15588,0,0,0,0
59362.745,16727,59,0,0,0,0,0,8,41983,44,53,0,0,0,0,0,0,0,0,0,0,0,0,0,0,0,0,0,0,0,0,0,0,354,17274,0,0,0,0
59379.369,16624,60,0,0,0,0,0,8,42537,44,53,0,0,0,0,0,0,0,0,0,0,0,0,0,0,0,0,0,0,0,0,0,0,337,17472,0,0,0,0
59395.920,16550,60,0,0,0,0,0,8,42222,44,53,0,0,0,0,0,0,0,0,0,0,0,0,0,0,0,0,0,0,0,0,0,0,340,15768,0,0,0,0
59412.628,16708,59,0,0,0,0,0,8,42411,44,53,0,0,0,0,0,0,0,0,0,0,0,0,0,0,0,0,0,0,0,0,0,0,331,17296,0,0,0,0
59428.690,16061,62,0,0,0,0,0,8,41866,44,53,0,0,0,0,0,0,0,0,0,0,0,0,0,0,0,0,0,0,0,0,0,0,346,15625,0,0,0,0
59445.887,17196,58,0,0,0,0,0,8,41885,44,53,0,0,0,0,0,0,0,0,0,0,0,0,0,0,0,0,0,0,0,0,0,0,350,16483,0,0,0,0
59462.753,16866,59,0,0,0,0,0,8,43022,44,53,0,0,0,0,0,0,0,0,0,0,0,0,0,0,0,0,0,0,0,0,0,0,347,17850,0,0,0,0
59478.982,16228,61,0,0,0,0,0,8,42408,44,53,0,0,0,0,0,0,0,0,0,0,0,0,0,0,0,0,0,0,0,0,0,0,327,14980,0,0,0,0
59496.749,17767,56,0,0,0,0,0,8,44627,44,53,0,0,0,0,0,0,0,0,0,0,0,0,0,0,0,0,0,0,0,0,0,0,357,18112,0,0,0,0
59512.628,15879,62,0,0,0,0,0,8,44807,44,53,0,0,0,0,0,0,0,0,0,0,0,0,0,0,0,0,0,0,0,0,0,0,334,17919,0,0,0,0
59529.398,16769,59,0,0,0,0,0,8,44426,44,53,0,0,0,0,0,0,0,0,0,0,0,0,0,0,0,0,0,0,0,0,0,0,376,15446,0,0,0,0
59545.895,16496,60,0,0,0,0,0,8,43648,44,53,0,0,0,0,0,0,0,0,0,0,0,0,0,0,0,0,0,0,0,0,0,0,366,17006,0,0,0,0
59562.465,16570,60,0,0,0,0,0,8,43000,44,53,0,0,0,0,0,0,0,0,0,0,0,0,0,0,0,0,0,0,0,0,0,0,339,16276,0,0,0,0
59579.269,16804,59,0,0,0,0,0,8,43040,44,53,0,0,0,0,0,0,0,0,0,0,0,0,0,0,0,0,0,0,0,0,0,0,347,16111,0,0,0,0
59595.962,16693,59,0,0,0,0,0,8,43764,44,53,0,0,0,0,0,0,0,0,0,0,0,0,0,0,0,0,0,0,0,0,0,0,356,17538,0,0,0,0
59612.747,16785,59,0,0,0,0,0,8,43393,44,53,0,0,0,0,0,0,0,0,0,0,0,0,0,0,0,0,0,0,0,0,0,0,345,16388,0,0,0,0
59628.989,16241,61,0,0,0,0,0,8,43475,44,53,0,0,0,0,0,0,0,0,0,0,0,0,0,0,0,0,0,0,0,0,0,0,330,15599,0,0,0,0
59645.887,16897,59,0,0,0,0,0,8,44111,44,53,0,0,0,0,0,0,0,0,0,0,0,0,0,0,0,0,0,0,0,0,0,0,325,17053,0,0,0,0
59662.566,16679,59,0,0,0,0,0,8,43987,44,53,0,0,0,0,0,0,0,0,0,0,0,0,0,0,0,0,0,0,0,0,0,0,358,17137,0,0,0,0
59679.558,16992,58,0,0,0,0,0,8,43657,44,53,0,0,0,0,0,0,0,0,0,0,0,0,0,0,0,0,0,0,0,0,0,0,342,16768,0,0,0,0
59696.323,16764,59,0,0,0,0,0,8,43831,44,53,0,0,0,0,0,0,0,0,0,0,0,0,0,0,0,0,0,0,0,0,0,0,383,17109,0,0,0,0
59712.510,16187,61,0,0,0,0,0,8,44058,44,53,0,0,0,0,0,0,0,0,0,0,0,0,0,0,0,0,0,0,0,0,0,0,337,16128,0,0,0,0
59729.090,16579,60,0,0,0,0,0,8,44005,44,53,0,0,0,0,0,0,0,0,0,0,0,0,0,0,0,0,0,0,0,0,0,0,329,16490,0,0,0,0
59745.190,16100,62,0,0,0,0,0,8,45842,44,53,0,0,0,0,0,0,0,0,0,0,0,0,0,0,0,0,0,0,0,0,0,0,336,16407,0,0,0,0
59762.896,17705,56,0,0,0,0,0,8,43424,44,53,0,0,0,0,0,0,0,0,0,0,0,0,0,0,0,0,0,0,0,0,0,0,358,16272,0,0,0,0
59778.762,15866,63,0,0,0,0,0,8,43426,44,53,0,0,0,0,0,0,0,0,0,0,0,0,0,0,0,0,0,0,0,0,0,0,343,17895,0,0,0,0
59795.298,16535,60,0,0,0,0,0,8,43092,44,53,0,0,0,0,0,0,0,0,0,0,0,0,0,0,0,0,0,0,0,0,0,0,337,15863,0,0,0,0
59812.703,17405,57,0,0,0,0,0,8,43181,44,53,0,0,0,0,0,0,0,0,0,0,0,0,0,0,0,0,0,0,0,0,0,0,348,16082,0,0,0,0
59829.749,17045,58,0,0,0,0,0,8,43390,44,53,0,0,0,0,0,0,0,0,0,0,0,0,0,0,0,0,0,0,0,0,0,0,341,17389,0,0,0,0
59845.890,16140,61,0,0,0,0,0,8,43614,44,53,0,0,0,0,0,0,0,0,0,0,0,0,0,0,0,0,0,0,0,0,0,0,338,16332,0,0,0,0
59862.743,16853,59,0,0,0,0,0,8,44253,44,53,0,0,0,0,0,0,0,0,0,0,0,0,0,0,0,0,0,0,0,0,0,0,361,17544,0,0,0,0
59879.299,16555,60,0,0,0,0,0,8,44218,44,53,0,0,0,0,0,0,0,0,0,0,0,0,0,0,0,0,0,0,0,0,0,0,324,15723,0,0,0,0
59895.391,16091,62,0,0,0,0,0,8,44360,44,53,0,0,0,0,0,0,0,0,0,0,0,0,0,0,0,0,0,0,0,0,0,0,352,17332,0,0,0,0
59912.379,16988,58,0,0,0,0,0,8,44110,44,53,0,0,0,0,0,0,0,0,0,0,0,0,0,0,0,0,0,0,0,0,0,0,336,16031,0,0,0,0
59929.445,17066,58,0,0,0,0,0,8,44525,44,53,0,0,0,0,0,0,0,0,0,0,0,0,0,0,0,0,0,0,0,0,0,0,345,17435,0,0,0,0
59945.710,16264,61,0,0,0,0,0,8,44672,44,53,0,0,0,0,0,0,0,0,0,0,0,0,0,0,0,0,0,0,0,0,0,0,353,16366,0,0,0,0
59962.683,16973,58,0,0,0,0,0,8,45984,44,53,0,0,0,0,0,0,0,0,0,0,0,0,0,0,0,0,0,0,0,0,0,0,371,16981,0,0,0,0
59979.278,16594,60,0,0,0,0,0,8,45000,44,53,0,0,0,0,0,0,0,0,0,0,0,0,0,0,0,0,0,0,0,0,0,0,337,16429,0,0,0,0
59995.644,16365,61,0,0,0,0,0,8,45470,44,53,0,0,0,0,0,0,0,0,0,0,0,0,0,0,0,0,0,0,0,0,0,0,334,16276,0,0,0,0
60012.393,16750,59,0,0,0,0,0,8,45814,44,53,0,0,0,0,0,0,0,0,0,0,0,0,0,0,0,0,0,0,0,0,0,0,349,17187,0,0,0,0
60029.144,16750,59,0,0,0,0,0,8,45272,44,53,0,0,0,0,0,0,0,0,0,0,0,0,0,0,0,0,0,0,0,0,0,0,332,16774,0,0,0,0
60045.880,16735,59,0,0,0,0,0,8,45713,44,53,0,0,0,0,0,0,0,0,0,0,0,0,0,0,0,0,0,0,0,0,0,0,332,16459,0,0,0,0
60062.304,16424,60,0,0,0,0,0,8,46133,44,53,0,0,0,0,0,0,0,0,0,0,0,0,0,0,0,0,0,0,0,0,0,0,349,17365,0,0,0,0
60079.067,16762,59,0,0,0,0,0,8,45329,44,53,0,0,0,0,0,0,0,0,0,0,0,0,0,0,0,0,0,0,0,0,0,0,328,15746,0,0,0,0
60095.898,16831,59,0,0,0,0,0,8,45440,44,53,0,0,0,0,0,0,0,0,0,0,0,0,0,0,0,0,0,0,0,0,0,0,352,16839,0,0,0,0
60112.747,16849,59,0,0,0,0,0,8,45746,44,53,0,0,0,0,0,0,0,0,0,0,0,0,0,0,0,0,0,0,0,0,0,0,351,16899,0,0,0,0
60129.744,16996,58,0,0,0,0,0,8,45902,44,53,0,0,0,0,0,0,0,0,0,0,0,0,0,0,0,0,0,0,0,0,0,0,339,16018,0,0,0,0
60146.271,16526,60,0,0,0,0,0,8,45824,44,53,0,0,0,0,0,0,0,0,0,0,0,0,0,0,0,0,0,0,0,0,0,0,354,16885,0,0,0,0
60162.895,16624,60,0,0,0,0,0,8,46698,44,53,0,0,0,0,0,0,0,0,0,0,0,0,0,0,0,0,0,0,0,0,0,0,365,17783,0,0,0,0
60179.261,16366,61,0,0,0,0,0,8,46604,44,53,0,0,0,0,0,0,0,0,0,0,0,0,0,0,0,0,0,0,0,0,0,0,343,16130,0,0,0,0
60195.749,16487,60,0,0,0,0,0,8,47105,44,53,0,0,0,0,0,0,0,0,0,0,0,0,0,0,0,0,0,0,0,0,0,0,353,16491,0,0,0,0
60212.044,16294,61,0,0,0,0,0,8,47875,44,53,0,0,0,0,0,0,0,0,0,0,0,0,0,0,0,0,0,0,0,0,0,0,330,16347,0,0,0,0
60229.268,17224,58,0,0,0,0,0,8,47729,44,53,0,0,0,0,0,0,0,0,0,0,0,0,0,0,0,0,0,0,0,0,0,0,349,16364,0,0,0,0
60245.878,16609,60,0,0,0,0,0,8,48189,44,53,0,0,0,0,0,0,0,0,0,0,0,0,0,0,0,0,0,0,0,0,0,0,342,17501,0,0,0,0
60263.266,17388,57,0,0,0,0,0,8,48036,44,53,0,0,0,0,0,0,0,0,0,0,0,0,0,0,0,0,0,0,0,0,0,0,357,16832,0,0,0,0
60279.080,15813,63,0,0,0,0,0,8,48387,44,53,0,0,0,0,0,0,0,0,0,0,0,0,0,0,0,0,0,0,0,0,0,0,348,17194,0,0,0,0
60295.740,16660,60,0,0,0,0,0,8,48330,44,53,0,0,0,0,0,0,0,0,0,0,0,0,0,0,0,0,0,0,0,0,0,0,338,15527,0,0,0,0
60312.738,16997,58,0,0,0,0,0,8,48372,44,53,0,0,0,0,0,0,0,0,0,0,0,0,0,0,0,0,0,0,0,0,0,0,354,17188,0,0,0,0
60329.287,16549,60,0,0,0,0,0,8,47669,44,53,0,0,0,0,0,0,0,0,0,0,0,0,0,0,0,0,0,0,0,0,0,0,327,15831,0,0,0,0
60345.877,16590,60,0,0,0,0,0,8,48082,44,53,0,0,0,0,0,0,0,0,0,0,0,0,0,0,0,0,0,0,0,0,0,0,324,17325,0,0,0,0
60362.298,16420,60,0,0,0,0,0,8,47671,44,53,0,0,0,0,0,0,0,0,0,0,0,0,0,0,0,0,0,0,0,0,0,0,346,16885,0,0,0,0
60379.746,17448,57,0,0,0,0,0,8,47792,44,53,0,0,0,0,0,0,0,0,0,0,0,0,0,0,0,0,0,0,0,0,0,0,335,16591,0,0,0,0
60395.876,16129,61,0,0,0,0,0,8,48124,44,53,0,0,0,0,0,0,0,0,0,0,0,0,0,0,0,0,0,0,0,0,0,0,355,17649,0,0,0,0
60412.900,17023,58,0,0,0,0,0,8,47551,44,53,0,0,0,0,0,0,0,0,0,0,0,0,0,0,0,0,0,0,0,0,0,0,329,15506,0,0,0,0
60429.268,16368,61,0,0,0,0,0,8,48409,44,53,0,0,0,0,0,0,0,0,0,0,0,0,0,0,0,0,0,0,0,0,0,0,351,17343,0,0,0,0
60445.888,16619,60,0,0,0,0,0,8,48414,44,53,0,0,0,0,0,0,0,0,0,0,0,0,0,0,0,0,0,0,0,0,0,0,334,16504,0,0,0,0
60462.747,16859,59,0,0,0,0,0,8,48127,44,53,0,0,0,0,0,0,0,0,0,0,0,0,0,0,0,0,0,0,0,0,0,0,353,16571,0,0,0,0
60479.063,16316,61,0,0,0,0,0,8,47293,44,53,0,0,0,0,0,0,0,0,0,0,0,0,0,0,0,0,0,0,0,0,0,0,362,15594,0,0,0,0
60495.901,16837,59,0,0,0,0,0,8,47303,44,53,0,0,0,0,0,0,0,0,0,0,0,0,0,0,0,0,0,0,0,0,0,0,343,17041,0,0,0,0
60512.302,16400,60,0,0,0,0,0,8,49054,44,53,0,0,0,0,0,0,0,0,0,0,0,0,0,0,0,0,0,0,0,0,0,0,341,17506,0,0,0,0
60529.251,16949,59,0,0,0,0,0,8,49320,44,53,0,0,0,0,0,0,0,0,0,0,0,0,0,0,0,0,0,0,0,0,0,0,329,16324,0,0,0,0
60545.873,16622,60,0,0,0,0,0,8,48678,44,53,0,0,0,0,0,0,0,0,0,0,0,0,0,0,0,0,0,0,0,0,0,0,384,17463,0,0,0,0
60562.738,16864,59,0,0,0,0,0,8,48380,44,53,0,0,0,0,0,0,0,0,0,0,0,0,0,0,0,0,0,0,0,0,0,0,339,16104,0,0,0,0
60579.011,16273,61,0,0,0,0,0,8,47433,44,53,0,0,0,0,0,0,0,0,0,0,0,0,0,0,0,0,0,0,0,0,0,0,352,16757,0,0,0,0
60595.875,16863,59,0,0,0,0,0,8,47615,44,53,0,0,0,0,0,0,0,0,0,0,0,0,0,0,0,0,0,0,0,0,0,0,326,16205,0,0,0,0
60612.502,16627,60,0,0,0,0,0,8,47379,44,53,0,0,0,0,0,0,0,0,0,0,0,0,0,0,0,0,0,0,0,0,0,0,335,17019,0,0,0,0
60629.007,16505,60,0,0,0,0,0,8,46605,44,53,0,0,0,0,0,0,0,0,0,0,0,0,0,0,0,0,0,0,0,0,0,0,344,16547,0,0,0,0
60646.738,17730,56,0,0,0,0,0,8,46480,44,53,0,0,0,0,0,0,0,0,0,0,0,0,0,0,0,0,0,0,0,0,0,0,340,16530,0,0,0,0
60662.727,15988,62,0,0,0,0,0,8,47164,44,53,0,0,0,0,0,0,0,0,0,0,0,0,0,0,0,0,0,0,0,0,0,0,371,17717,0,0,0,0
60679.104,16377,61,0,0,0,0,0,8,47643,44,53,0,0,0,0,0,0,0,0,0,0,0,0,0,0,0,0,0,0,0,0,0,0,324,14610,0,0,0,0
60696.043,16938,59,0,0,0,0,0,8,47650,44,53,0,0,0,0,0,0,0,0,0,0,0,0,0,0,0,0,0,0,0,0,0,0,338,17236,0,0,0,0
60712.663,16620,60,0,0,0,0,0,8,47878,44,53,0,0,0,0,0,0,0,0,0,0,0,0,0,0,0,0,0,0,0,0,0,0,356,16736,0,0,0,0
60729.748,17085,58,0,0,0,0,0,8,46974,44,53,0,0,0,0,0,0,0,0,0,0,0,0,0,0,0,0,0,0,0,0,0,0,342,16900,0,0,0,0
60745.877,16128,62,0,0,0,0,0,8,47501,44,53,0,0,0,0,0,0,0,0,0,0,0,0,0,0,0,0,0,0,0,0,0,0,353,17571,0,0,0,0
60762.073,16196,61,0,0,0,0,0,8,47382,44,53,0,0,0,0,0,0,0,0,0,0,0,0,0,0,0,0,0,0,0,0,0,0,345,15810,0,0,0,0
60779.736,17662,56,0,0,0,0,0,8,47253,44,53,0,0,0,0,0,0,0,0,0,0,0,0,0,0,0,0,0,0,0,0,0,0,351,15730,0,0,0,0
60795.736,16000,62,0,0,0,0,0,8,48826,44,53,0,0,0,0,0,0,0,0,0,0,0,0,0,0,0,0,0,0,0,0,0,0,355,18484,0,0,0,0
60812.288,16551,60,0,0,0,0,0,8,51071,44,53,0,0,0,0,0,0,0,0,0,0,0,0,0,0,0,0,0,0,0,0,0,0,333,15527,0,0,0,0
60829.279,16991,58,0,0,0,0,0,8,48991,44,53,0,0,0,0,0,0,0,0,0,0,0,0,0,0,0,0,0,0,0,0,0,0,341,17059,0,0,0,0
60846.002,16723,59,0,0,0,0,0,8,49686,44,53,0,0,0,0,0,0,0,0,0,0,0,0,0,0,0,0,0,0,0,0,0,0,343,16562,0,0,0,0
60862.598,16596,60,0,0,0,0,0,8,49308,44,53,0,0,0,0,0,0,0,0,0,0,0,0,0,0,0,0,0,0,0,0,0,0,388,16753,0,0,0,0
60879.097,16498,60,0,0,0,0,0,8,49305,44,53,0,0,0,0,0,0,0,0,0,0,0,0,0,0,0,0,0,0,0,0,0,0,362,17309,0,0,0,0
60895.878,16780,59,0,0,0,0,0,8,48864,44,53,0,0,0,0,0,0,0,0,0,0,0,0,0,0,0,0,0,0,0,0,0,0,335,15926,0,0,0,0
60912.493,16615,60,0,0,0,0,0,8,49804,44,53,0,0,0,0,0,0,0,0,0,0,0,0,0,0,0,0,0,0,0,0,0,0,355,17769,0,0,0,0
60929.135,16641,60,0,0,0,0,0,8,49788,44,53,0,0,0,0,0,0,0,0,0,0,0,0,0,0,0,0,0,0,0,0,0,0,318,14716,0,0,0,0
60945.948,16813,59,0,0,0,0,0,8,50158,44,53,0,0,0,0,0,0,0,0,0,0,0,0,0,0,0,0,0,0,0,0,0,0,340,17577,0,0,0,0
60962.408,16459,60,0,0,0,0,0,8,50029,44,53,0,0,0,0,0,0,0,0,0,0,0,0,0,0,0,0,0,0,0,0,0,0,359,16918,0,0,0,0
60979.067,16659,60,0,0,0,0,0,8,50247,44,53,0,0,0,0,0,0,0,0,0,0,0,0,0,0,0,0,0,0,0,0,0,0,330,16793,0,0,0,0
60996.744,17666,56,0,0,0,0,0,8,50427,44,53,0,0,0,0,0,0,0,0,0,0,0,0,0,0,0,0,0,0,0,0,0,0,358,16776,0,0,0,0
61012.878,16145,61,0,0,0,0,0,8,50820,44,53,0,0,0,0,0,0,0,0,0,0,0,0,0,0,0,0,0,0,0,0,0,0,355,17579,0,0,0,0
61029.747,16868,59,0,0,0,0,0,8,51015,44,53,0,0,0,0,0,0,0,0,0,0,0,0,0,0,0,0,0,0,0,0,0,0,320,15945,0,0,0,0
61045.885,16138,61,0,0,0,0,0,8,50454,44,53,0,0,0,0,0,0,0,0,0,0,0,0,0,0,0,0,0,0,0,0,0,0,345,18556,0,0,0,0
61062.266,16381,61,0,0,0,0,0,8,50772,44,53,0,0,0,0,0,0,0,0,0,0,0,0,0,0,0,0,0,0,0,0,0,0,339,14370,0,0,0,0
61079.121,16854,59,0,0,0,0,0,8,51182,44,53,0,0,0,0,0,0,0,0,0,0,0,0,0,0,0,0,0,0,0,0,0,0,364,16092,0,0,0,0
61095.889,16767,59,0,0,0,0,0,8,51415,44,53,0,0,0,0,0,0,0,0,0,0,0,0,0,0,0,0,0,0,0,0,0,0,377,18238,0,0,0,0
61112.733,16844,59,0,0,0,0,0,8,52378,44,53,0,0,0,0,0,0,0,0,0,0,0,0,0,0,0,0,0,0,0,0,0,0,333,15406,0,0,0,0
61129.247,16514,60,0,0,0,0,0,8,51649,44,53,0,0,0,0,0,0,0,0,0,0,0,0,0,0,0,0,0,0,0,0,0,0,323,16026,0,0,0,0
61145.546,16298,61,0,0,0,0,0,8,51668,44,53,0,0,0,0,0,0,0,0,0,0,0,0,0,0,0,0,0,0,0,0,0,0,319,17804,0,0,0,0
61162.865,17319,57,0,0,0,0,0,8,51248,44,53,0,0,0,0,0,0,0,0,0,0,0,0,0,0,0,0,0,0,0,0,0,0,362,15915,0,0,0,0
61179.358,16492,60,0,0,0,0,0,8,51469,44,53,0,0,0,0,0,0,0,0,0,0,0,0,0,0,0,0,0,0,0,0,0,0,341,17817,0,0,0,0
61195.988,16630,60,0,0,0,0,0,8,51089,44,53,0,0,0,0,0,0,0,0,0,0,0,0,0,0,0,0,0,0,0,0,0,0,374,15955,0,0,0,0
61212.746,16758,59,0,0,0,0,0,8,51188,44,53,0,0,0,0,0,0,0,0,0,0,0,0,0,0,0,0,0,0,0,0,0,0,364,16847,0,0,0,0
61229.258,16512,60,0,0,0,0,0,8,51312,44,53,0,0,0,0,0,0,0,0,0,0,0,0,0,0,0,0,0,0,0,0,0,0,354,18369,0,0,0,0
61245.914,16654,60,0,0,0,0,0,8,50969,44,53,0,0,0,0,0,0,0,0,0,0,0,0,0,0,0,0,0,0,0,0,0,0,337,14462,0,0,0,0
61262.795,16881,59,0,0,0,0,0,8,51204,44,53,0,0,0,0,0,0,0,0,0,0,0,0,0,0,0,0,0,0,0,0,0,0,352,17283,0,0,0,0
61279.191,16396,60,0,0,0,0,0,8,50555,44,53,0,0,0,0,0,0,0,0,0,0,0,0,0,0,0,0,0,0,0,0,0,0,377,15433,0,0,0,0
61296.252,17061,58,0,0,0,0,0,8,52593,44,53,0,0,0,0,0,0,0,0,0,0,0,0,0,0,0,0,0,0,0,0,0,0,359,17614,0,0,0,0
61312.731,16479,60,0,0,0,0,0,8,52559,44,53,0,0,0,0,0,0,0,0,0,0,0,0,0,0,0,0,0,0,0,0,0,0,353,16665,0,0,0,0
61329.750,17018,58,0,0,0,0,0,8,52024,44,53,0,0,0,0,0,0,0,0,0,0,0,0,0,0,0,0,0,0,0,0,0,0,332,15596,0,0,0,0
61345.728,15977,62,0,0,0,0,0,8,53879,44,53,0,0,0,0,0,0,0,0,0,0,0,0,0,0,0,0,0,0,0,0,0,0,354,18339,0,0,0,0
61361.874,16146,61,0,0,0,0,0,8,52782,44,53,0,0,0,0,0,0,0,0,0,0,0,0,0,0,0,0,0,0,0,0,0,0,343,16171,0,0,0,0
61379.406,17532,57,0,0,0,0,0,8,53510,44,53,0,0,0,0,0,0,0,0,0,0,0,0,0,0,0,0,0,0,0,0,0,0,338,15923,0,0,0,0
61395.868,16461,60,0,0,0,0,0,8,53406,44,53,0,0,0,0,0,0,0,0,0,0,0,0,0,0,0,0,0,0,0,0,0,0,360,17287,0,0,0,0
61412.335,16467,60,0,0,0,0,0,8,53110,44,53,0,0,0,0,0,0,0,0,0,0,0,0,0,0,0,0,0,0,0,0,0,0,350,15760,0,0,0,0
61429.263,16928,59,0,0,0,0,0,8,53405,44,53,0,0,0,0,0,0,0,0,0,0,0,0,0,0,0,0,0,0,0,0,0,0,334,17982,0,0,0,0
61445.905,16642,60,0,0,0,0,0,8,56404,44,53,0,0,0,0,0,0,0,0,0,0,0,0,0,0,0,0,0,0,0,0,0,0,317,16104,0,0,0,0
61462.739,16833,59,0,0,0,0,0,8,53742,44,53,0,0,0,0,0,0,0,0,0,0,0,0,0,0,0,0,0,0,0,0,0,0,367,16924,0,0,0,0
61479.266,16527,60,0,0,0,0,0,8,53257,44,53,0,0,0,0,0,0,0,0,0,0,0,0,0,0,0,0,0,0,0,0,0,0,334,16042,0,0,0,0
61496.750,17483,57,0,0,0,0,0,8,53619,44,53,0,0,0,0,0,0,0,0,0,0,0,0,0,0,0,0,0,0,0,0,0,0,330,17811,0,0,0,0
61512.382,15631,63,0,0,0,0,0,8,53528,44,53,0,0,0,0,0,0,0,0,0,0,0,0,0,0,0,0,0,0,0,0,0,0,330,17242,0,0,0,0
61528.740,16357,61,0,0,0,0,0,8,53703,44,53,0,0,0,0,0,0,0,0,0,0,0,0,0,0,0,0,0,0,0,0,0,0,325,15377,0,0,0,0
61545.877,17137,58,0,0,0,0,0,8,54210,44,53,0,0,0,0,0,0,0,0,0,0,0,0,0,0,0,0,0,0,0,0,0,0,348,16552,0,0,0,0
61562.552,16675,59,0,0,0,0,0,8,52918,44,53,0,0,0,0,0,0,0,0,0,0,0,0,0,0,0,0,0,0,0,0,0,0,362,17337,0,0,0,0
61579.382,16829,59,0,0,0,0,0,8,52584,44,53,0,0,0,0,0,0,0,0,0,0,0,0,0,0,0,0,0,0,0,0,0,0,354,16152,0,0,0,0
61595.863,16481,60,0,0,0,0,0,8,53689,44,53,0,0,0,0,0,0,0,0,0,0,0,0,0,0,0,0,0,0,0,0,0,0,327,17156,0,0,0,0
61612.728,16865,59,0,0,0,0,0,8,53493,44,53,0,0,0,0,0,0,0,0,0,0,0,0,0,0,0,0,0,0,0,0,0,0,335,16375,0,0,0,0
61629.744,17016,58,0,0,0,0,0,8,54426,44,53,0,0,0,0,0,0,0,0,0,0,0,0,0,0,0,0,0,0,0,0,0,0,324,17061,0,0,0,0
61645.802,16057,62,0,0,0,0,0,8,54571,44,53,0,0,0,0,0,0,0,0,0,0,0,0,0,0,0,0,0,0,0,0,0,0,343,15651,0,0,0,0
61662.734,16931,59,0,0,0,0,0,8,55163,44,53,0,0,0,0,0,0,0,0,0,0,0,0,0,0,0,0,0,0,0,0,0,0,349,17319,0,0,0,0
61679.202,16468,60,0,0,0,0,0,8,54930,44,53,0,0,0,0,0,0,0,0,0,0,0,0,0,0,0,0,0,0,0,0,0,0,330,16836,0,0,0,0
61695.757,16555,60,0,0,0,0,0,8,56725,44,53,0,0,0,0,0,0,0,0,0,0,0,0,0,0,0,0,0,0,0,0,0,0,335,16353,0,0,0,0
61712.625,16868,59,0,0,0,0,0,8,56440,44,53,0,0,0,0,0,0,0,0,0,0,0,0,0,0,0,0,0,0,0,0,0,0,334,16799,0,0,0,0
61729.429,16804,59,0,0,0,0,0,8,56387,44,53,0,0,0,0,0,0,0,0,0,0,0,0,0,0,0,0,0,0,0,0,0,0,351,16283,0,0,0,0
61745.867,16437,60,0,0,0,0,0,8,57227,44,53,0,0,0,0,0,0,0,0,0,0,0,0,0,0,0,0,0,0,0,0,0,0,329,17460,0,0,0,0
61762.735,16868,59,0,0,0,0,0,8,57264,44,53,0,0,0,0,0,0,0,0,0,0,0,0,0,0,0,0,0,0,0,0,0,0,345,16409,0,0,0,0
61779.411,16675,59,0,0,0,0,0,8,57517,44,53,0,0,0,0,0,0,0,0,0,0,0,0,0,0,0,0,0,0,0,0,0,0,341,16433,0,0,0,0
61795.754,16343,61,0,0,0,0,0,8,59124,44,53,0,0,0,0,0,0,0,0,0,0,0,0,0,0,0,0,0,0,0,0,0,0,334,16623,0,0,0,0
61812.373,16619,60,0,0,0,0,0,8,59146,44,53,0,0,0,0,0,0,0,0,0,0,0,0,0,0,0,0,0,0,0,0,0,0,356,16951,0,0,0,0
61829.384,17010,58,0,0,0,0,0,8,59457,44,53,0,0,0,0,0,0,0,0,0,0,0,0,0,0,0,0,0,0,0,0,0,0,330,16765,0,0,0,0
61845.880,16495,60,0,0,0,0,0,8,60590,44,53,0,0,0,0,0,0,0,0,0,0,0,0,0,0,0,0,0,0,0,0,0,0,363,16790,0,0,0,0
61862.728,16847,59,0,0,0,0,0,8,57987,44,53,0,0,0,0,0,0,0,0,0,0,0,0,0,0,0,0,0,0,0,0,0,0,347,16161,0,0,0,0
61879.190,16462,60,0,0,0,0,0,8,57996,44,53,0,0,0,0,0,0,0,0,0,0,0,0,0,0,0,0,0,0,0,0,0,0,331,15997,0,0,0,0
61896.735,17545,56,0,0,0,0,0,8,59272,44,53,0,0,0,0,0,0,0,0,0,0,0,0,0,0,0,0,0,0,0,0,0,0,337,17222,0,0,0,0
61912.860,16125,62,0,0,0,0,0,8,59312,44,53,0,0,0,0,0,0,0,0,0,0,0,0,0,0,0,0,0,0,0,0,0,0,343,17878,0,0,0,0
61929.260,16399,60,0,0,0,0,0,8,57785,44,53,0,0,0,0,0,0,0,0,0,0,0,0,0,0,0,0,0,0,0,0,0,0,346,16112,0,0,0,0
61945.736,16475,60,0,0,0,0,0,8,58150,44,53,0,0,0,0,0,0,0,0,0,0,0,0,0,0,0,0,0,0,0,0,0,0,316,15944,0,0,0,0
61962.265,16528,60,0,0,0,0,0,8,58487,44,53,0,0,0,0,0,0,0,0,0,0,0,0,0,0,0,0,0,0,0,0,0,0,340,17267,0,0,0,0
61979.738,17472,57,0,0,0,0,0,8,58061,44,53,0,0,0,0,0,0,0,0,0,0,0,0,0,0,0,0,0,0,0,0,0,0,325,16342,0,0,0,0
61996.730,16992,58,0,0,0,0,0,8,60080,44,53,0,0,0,0,0,0,0,0,0,0,0,0,0,0,0,0,0,0,0,0,0,0,336,17140,0,0,0,0
62012.376,15645,63,0,0,0,0,0,8,60601,44,53,0,0,0,0,0,0,0,0,0,0,0,0,0,0,0,0,0,0,0,0,0,0,341,17372,0,0,0,0
62029.095,16719,59,0,0,0,0,0,8,60485,44,53,0,0,0,0,0,0,0,0,0,0,0,0,0,0,0,0,0,0,0,0,0,0,337,15261,0,0,0,0
62046.086,16991,58,0,0,0,0,0,8,62408,44,53,0,0,0,0,0,0,0,0,0,0,0,0,0,0,0,0,0,0,0,0,0,0,318,16569,0,0,0,0
62062.725,16638,60,0,0,0,0,0,8,62179,44,53,0,0,0,0,0,0,0,0,0,0,0,0,0,0,0,0,0,0,0,0,0,0,354,17310,0,0,0,0
62079.248,16523,60,0,0,0,0,0,8,61957,44,53,0,0,0,0,0,0,0,0,0,0,0,0,0,0,0,0,0,0,0,0,0,0,321,15320,0,0,0,0
62095.859,16610,60,0,0,0,0,0,8,62592,44,53,0,0,0,0,0,0,0,0,0,0,0,0,0,0,0,0,0,0,0,0,0,0,325,18085,0,0,0,0
62112.264,16405,60,0,0,0,0,0,8,62702,44,53,0,0,0,0,0,0,0,0,0,0,0,0,0,0,0,0,0,0,0,0,0,0,336,16289,0,0,0,0
62129.387,17122,58,0,0,0,0,0,8,62402,44,53,0,0,0,0,0,0,0,0,0,0,0,0,0,0,0,0,0,0,0,0,0,0,320,16846,0,0,0,0
62145.868,16480,60,0,0,0,0,0,8,62230,44,53,0,0,0,0,0,0,0,0,0,0,0,0,0,0,0,0,0,0,0,0,0,0,355,16335,0,0,0,0
62162.245,16376,61,0,0,0,0,0,8,62004,44,53,0,0,0,0,0,0,0,0,0,0,0,0,0,0,0,0,0,0,0,0,0,0,347,16868,0,0,0,0
62179.245,16999,58,0,0,0,0,0,8,61995,44,53,0,0,0,0,0,0,0,0,0,0,0,0,0,0,0,0,0,0,0,0,0,0,320,16118,0,0,0,0
62195.967,16722,59,0,0,0,0,0,8,62242,44,53,0,0,0,0,0,0,0,0,0,0,0,0,0,0,0,0,0,0,0,0,0,0,353,17447,0,0,0,0
62212.750,16782,59,0,0,0,0,0,8,62148,44,53,0,0,0,0,0,0,0,0,0,0,0,0,0,0,0,0,0,0,0,0,0,0,368,16064,0,0,0,0
62228.897,16147,61,0,0,0,0,0,8,61859,44,53,0,0,0,0,0,0,0,0,0,0,0,0,0,0,0,0,0,0,0,0,0,0,339,16577,0,0,0,0
62245.961,17063,58,0,0,0,0,0,8,63281,44,53,0,0,0,0,0,0,0,0,0,0,0,0,0,0,0,0,0,0,0,0,0,0,336,16877,0,0,0,0
62262.726,16765,59,0,0,0,0,0,8,61989,44,53,0,0,0,0,0,0,0,0,0,0,0,0,0,0,0,0,0,0,0,0,0,0,355,16544,0,0,0,0
62279.159,16432,60,0,0,0,0,0,8,61823,44,53,0,0,0,0,0,0,0,0,0,0,0,0,0,0,0,0,0,0,0,0,0,0,344,16068,0,0,0,0
62295.820,16660,60,0,0,0,0,0,8,62597,44,53,0,0,0,0,0,0,0,0,0,0,0,0,0,0,0,0,0,0,0,0,0,0,366,17301,0,0,0,0
62312.741,16921,59,0,0,0,0,0,8,61795,44,53,0,0,0,0,0,0,0,0,0,0,0,0,0,0,0,0,0,0,0,0,0,0,371,16492,0,0,0,0
62329.247,16505,60,0,0,0,0,0,8,62107,44,53,0,0,0,0,0,0,0,0,0,0,0,0,0,0,0,0,0,0,0,0,0,0,333,15923,0,0,0,0
62346.026,16768,59,0,0,0,0,0,8,62501,44,53,0,0,0,0,0,0,0,0,0,0,0,0,0,0,0,0,0,0,0,0,0,0,347,17579,0,0,0,0
62362.276,16260,61,0,0,0,0,0,8,62335,44,53,0,0,0,0,0,0,0,0,0,0,0,0,0,0,0,0,0,0,0,0,0,0,361,17497,0,0,0,0
62379.380,17103,58,0,0,0,0,0,8,61783,44,53,0,0,0,0,0,0,0,0,0,0,0,0,0,0,0,0,0,0,0,0,0,0,348,16034,0,0,0,0
62395.853,16472,60,0,0,0,0,0,8,61794,44,53,0,0,0,0,0,0,0,0,0,0,0,0,0,0,0,0,0,0,0,0,0,0,346,16853,0,0,0,0
62412.545,16692,59,0,0,0,0,0,8,60233,44,53,0,0,0,0,0,0,0,0,0,0,0,0,0,0,0,0,0,0,0,0,0,0,362,16592,0,0,0,0
62429.076,16530,60,0,0,0,0,0,8,60905,44,53,0,0,0,0,0,0,0,0,0,0,0,0,0,0,0,0,0,0,0,0,0,0,345,16598,0,0,0,0
62445.859,16783,59,0,0,0,0,0,8,61968,44,53,0,0,0,0,0,0,0,0,0,0,0,0,0,0,0,0,0,0,0,0,0,0,361,16318,0,0,0,0
62462.732,16872,59,0,0,0,0,0,8,63797,44,53,0,0,0,0,0,0,0,0,0,0,0,0,0,0,0,0,0,0,0,0,0,0,351,17321,0,0,0,0
62479.244,16511,60,0,0,0,0,0,8,62441,44,53,0,0,0,0,0,0,0,0,0,0,0,0,0,0,0,0,0,0,0,0,0,0,336,15504,0,0,0,0
62495.748,16504,60,0,0,0,0,0,8,63319,44,53,0,0,0,0,0,0,0,0,0,0,0,0,0,0,0,0,0,0,0,0,0,0,342,17559,0,0,0,0
62512.294,16546,60,0,0,0,0,0,8,63732,44,53,0,0,0,0,0,0,0,0,0,0,0,0,0,0,0,0,0,0,0,0,0,0,349,16787,0,0,0,0
62529.728,17434,57,0,0,0,0,0,8,63281,44,53,0,0,0,0,0,0,0,0,0,0,0,0,0,0,0,0,0,0,0,0,0,0,315,16484,0,0,0,0
62546.111,16382,61,0,0,0,0,0,8,63908,44,53,0,0,0,0,0,0,0,0,0,0,0,0,0,0,0,0,0,0,0,0,0,0,352,17867,0,0,0,0
62562.722,16611,60,0,0,0,0,0,8,63803,44,53,0,0,0,0,0,0,0,0,0,0,0,0,0,0,0,0,0,0,0,0,0,0,325,16777,0,0,0,0
62580.234,17511,57,0,0,0,0,0,8,63519,44,53,0,0,0,0,0,0,0,0,0,0,0,0,0,0,0,0,0,0,0,0,0,0,327,14407,0,0,0,0
62595.870,15636,63,0,0,0,0,0,8,64750,44,53,0,0,0,0,0,0,0,0,0,0,0,0,0,0,0,0,0,0,0,0,0,0,348,19115,0,0,0,0
62612.455,16585,60,0,0,0,0,0,8,65064,44,53,0,0,0,0,0,0,0,0,0,0,0,0,0,0,0,0,0,0,0,0,0,0,362,15510,0,0,0,0
62629.330,16875,59,0,0,0,0,0,8,63550,44,53,0,0,0,0,0,0,0,0,0,0,0,0,0,0,0,0,0,0,0,0,0,0,340,16078,0,0,0,0
62645.857,16526,60,0,0,0,0,0,8,63406,44,53,0,0,0,0,0,0,0,0,0,0,0,0,0,0,0,0,0,0,0,0,0,0,334,16941,0,0,0,0
62662.664,16806,59,0,0,0,0,0,8,63451,44,53,0,0,0,0,0,0,0,0,0,0,0,0,0,0,0,0,0,0,0,0,0,0,348,16722,0,0,0,0
62679.119,16456,60,0,0,0,0,0,8,63051,44,53,0,0,0,0,0,0,0,0,0,0,0,0,0,0,0,0,0,0,0,0,0,0,341,16285,0,0,0,0
62695.854,16734,59,0,0,0,0,0,8,63296,44,53,0,0,0,0,0,0,0,0,0,0,0,0,0,0,0,0,0,0,0,0,0,0,346,16692,0,0,0,0
62712.721,16867,59,0,0,0,0,0,8,64828,44,53,0,0,0,0,0,0,0,0,0,0,0,0,0,0,0,0,0,0,0,0,0,0,363,17370,0,0,0,0
62729.243,16521,60,0,0,0,0,0,8,63576,44,53,0,0,0,0,0,0,0,0,0,0,0,0,0,0,0,0,0,0,0,0,0,0,348,15452,0,0,0,0
62745.954,16710,59,0,0,0,0,0,8,64512,44,53,0,0,0,0,0,0,0,0,0,0,0,0,0,0,0,0,0,0,0,0,0,0,379,17865,0,0,0,0
62762.437,16483,60,0,0,0,0,0,8,93744,44,53,0,0,0,0,0,0,0,0,0,0,0,0,0,0,0,0,0,0,0,0,0,0,325,19871,0,0,0,0
62779.438,17000,58,0,0,0,0,0,8,78646,44,53,0,0,0,0,0,0,0,0,0,0,0,0,0,0,0,0,0,0,0,0,0,0,339,14617,0,0,0,0
62796.279,16841,59,0,0,0,0,0,8,80318,44,53,0,0,0,0,0,0,0,0,0,0,0,0,0,0,0,0,0,0,0,0,0,0,328,16975,0,0,0,0
62812.390,16110,62,0,0,0,0,0,8,80473,44,53,0,0,0,0,0,0,0,0,0,0,0,0,0,0,0,0,0,0,0,0,0,0,343,16494,0,0,0,0
62829.244,16854,59,0,0,0,0,0,8,81625,44,53,0,0,0,0,0,0,0,0,0,0,0,0,0,0,0,0,0,0,0,0,0,0,330,16308,0,0,0,0
62846.731,17487,57,0,0,0,0,0,8,80455,44,53,0,0,0,0,0,0,0,0,0,0,0,0,0,0,0,0,0,0,0,0,0,0,339,16607,0,0,0,0
62862.670,15938,62,0,0,0,0,0,8,80291,44,53,0,0,0,0,0,0,0,0,0,0,0,0,0,0,0,0,0,0,0,0,0,0,352,18031,0,0,0,0
62879.037,16367,61,0,0,0,0,0,8,80275,44,53,0,0,0,0,0,0,0,0,0,0,0,0,0,0,0,0,0,0,0,0,0,0,300,14314,0,0,0,0
62895.770,16732,59,0,0,0,0,0,8,82428,44,53,0,0,0,0,0,0,0,0,0,0,0,0,0,0,0,0,0,0,0,0,0,0,297,17465,0,0,0,0
62912.719,16948,59,0,0,0,0,0,8,79283,44,53,0,0,0,0,0,0,0,0,0,0,0,0,0,0,0,0,0,0,0,0,0,0,323,16427,0,0,0,0
62929.731,17012,58,0,0,0,0,0,8,78830,44,53,0,0,0,0,0,0,0,0,0,0,0,0,0,0,0,0,0,0,0,0,0,0,318,16868,0,0,0,0
62945.994,16263,61,0,0,0,0,0,8,78791,44,53,0,0,0,0,0,0,0,0,0,0,0,0,0,0,0,0,0,0,0,0,0,0,350,16863,0,0,0,0
62962.715,16721,59,0,0,0,0,0,8,81401,44,53,0,0,0,0,0,0,0,0,0,0,0,0,0,0,0,0,0,0,0,0,0,0,344,16506,0,0,0,0
62979.364,16648,60,0,0,0,0,0,8,78614,44,53,0,0,0,0,0,0,0,0,0,0,0,0,0,0,0,0,0,0,0,0,0,0,313,15509,0,0,0,0
62995.963,16599,60,0,0,0,0,0,8,79147,44,53,0,0,0,0,0,0,0,0,0,0,0,0,0,0,0,0,0,0,0,0,0,0,354,17863,0,0,0,0
63012.720,16757,59,0,0,0,0,0,8,78814,44,53,0,0,0,0,0,0,0,0,0,0,0,0,0,0,0,0,0,0,0,0,0,0,355,16035,0,0,0,0
63029.167,16447,60,0,0,0,0,0,8,79511,44,53,0,0,0,0,0,0,0,0,0,0,0,0,0,0,0,0,0,0,0,0,0,0,337,16494,0,0,0,0
63046.232,17064,58,0,0,0,0,0,8,84644,44,53,0,0,0,0,0,0,0,0,0,0,0,0,0,0,0,0,0,0,0,0,0,0,330,17261,0,0,0,0
63062.713,16480,60,0,0,0,0,0,8,80633,44,53,0,0,0,0,0,0,0,0,0,0,0,0,0,0,0,0,0,0,0,0,0,0,348,17150,0,0,0,0
63079.234,16521,60,0,0,0,0,0,8,79559,44,53,0,0,0,0,0,0,0,0,0,0,0,0,0,0,0,0,0,0,0,0,0,0,306,16116,0,0,0,0
63095.808,16574,60,0,0,0,0,0,8,79579,44,53,0,0,0,0,0,0,0,0,0,0,0,0,0,0,0,0,0,0,0,0,0,0,318,16685,0,0,0,0
63112.394,16585,60,0,0,0,0,0,8,79600,44,53,0,0,0,0,0,0,0,0,0,0,0,0,0,0,0,0,0,0,0,0,0,0,331,16808,0,0,0,0
63129.711,17317,57,0,0,0,0,0,8,79959,44,53,0,0,0,0,0,0,0,0,0,0,0,0,0,0,0,0,0,0,0,0,0,0,338,16210,0,0,0,0
63145.881,16169,61,0,0,0,0,0,8,79593,44,53,0,0,0,0,0,0,0,0,0,0,0,0,0,0,0,0,0,0,0,0,0,0,345,18241,0,0,0,0
63162.387,16505,60,0,0,0,0,0,8,78933,44,53,0,0,0,0,0,0,0,0,0,0,0,0,0,0,0,0,0,0,0,0,0,0,321,15022,0,0,0,0
63179.233,16846,59,0,0,0,0,0,8,78552,44,53,0,0,0,0,0,0,0,0,0,0,0,0,0,0,0,0,0,0,0,0,0,0,325,16681,0,0,0,0
63195.824,16591,60,0,0,0,0,0,8,78314,44,53,0,0,0,0,0,0,0,0,0,0,0,0,0,0,0,0,0,0,0,0,0,0,353,17061,0,0,0,0
63212.876,17051,58,0,0,0,0,0,8,78742,44,53,0,0,0,0,0,0,0,0,0,0,0,0,0,0,0,0,0,0,0,0,0,0,346,16459,0,0,0,0
63229.318,16442,60,0,0,0,0,0,8,77899,44,53,0,0,0,0,0,0,0,0,0,0,0,0,0,0,0,0,0,0,0,0,0,0,370,17679,0,0,0,0
63245.944,16626,60,0,0,0,0,0,8,78196,44,53,0,0,0,0,0,0,0,0,0,0,0,0,0,0,0,0,0,0,0,0,0,0,341,16050,0,0,0,0
63262.338,16394,60,0,0,0,0,0,8,77216,44,53,0,0,0,0,0,0,0,0,0,0,0,0,0,0,0,0,0,0,0,0,0,0,343,16693,0,0,0,0
63279.279,16940,59,0,0,0,0,0,8,77176,44,53,0,0,0,0,0,0,0,0,0,0,0,0,0,0,0,0,0,0,0,0,0,0,334,16193,0,0,0,0
63296.237,16957,58,0,0,0,0,0,8,77438,44,53,0,0,0,0,0,0,0,0,0,0,0,0,0,0,0,0,0,0,0,0,0,0,349,16480,0,0,0,0
63312.714,16477,60,0,0,0,0,0,8,76515,44,53,0,0,0,0,0,0,0,0,0,0,0,0,0,0,0,0,0,0,0,0,0,0,337,17392,0,0,0,0
63329.027,16313,61,0,0,0,0,0,8,75604,44,53,0,0,0,0,0,0,0,0,0,0,0,0,0,0,0,0,0,0,0,0,0,0,324,15431,0,0,0,0
63345.819,16792,59,0,0,0,0,0,8,75692,44,53,0,0,0,0,0,0,0,0,0,0,0,0,0,0,0,0,0,0,0,0,0,0,323,18198,0,0,0,0
63362.343,16523,60,0,0,0,0,0,8,75969,44,53,0,0,0,0,0,0,0,0,0,0,0,0,0,0,0,0,0,0,0,0,0,0,327,16056,0,0,0,0
63379.260,16917,59,0,0,0,0,0,8,78052,44,53,0,0,0,0,0,0,0,0,0,0,0,0,0,0,0,0,0,0,0,0,0,0,339,17040,0,0,0,0
63395.922,16662,60,0,0,0,0,0,8,75304,44,53,0,0,0,0,0,0,0,0,0,0,0,0,0,0,0,0,0,0,0,0,0,0,325,16029,0,0,0,0
63412.740,16817,59,0,0,0,0,0,8,75179,44,53,0,0,0,0,0,0,0,0,0,0,0,0,0,0,0,0,0,0,0,0,0,0,356,17096,0,0,0,0
63429.420,16680,59,0,0,0,0,0,8,74316,44,53,0,0,0,0,0,0,0,0,0,0,0,0,0,0,0,0,0,0,0,0,0,0,328,15773,0,0,0,0
63446.715,17295,57,0,0,0,0,0,8,74880,44,53,0,0,0,0,0,0,0,0,0,0,0,0,0,0,0,0,0,0,0,0,0,0,327,17752,0,0,0,0
63462.734,16018,62,0,0,0,0,0,8,75701,44,53,0,0,0,0,0,0,0,0,0,0,0,0,0,0,0,0,0,0,0,0,0,0,367,17855,0,0,0,0
63479.231,16497,60,0,0,0,0,0,8,74175,44,53,0,0,0,0,0,0,0,0,0,0,0,0,0,0,0,0,0,0,0,0,0,0,327,15877,0,0,0,0
63495.860,16628,60,0,0,0,0,0,8,74971,44,53,0,0,0,0,0,0,0,0,0,0,0,0,0,0,0,0,0,0,0,0,0,0,321,16580,0,0,0,0
63512.488,16628,60,0,0,0,0,0,8,74930,44,53,0,0,0,0,0,0,0,0,0,0,0,0,0,0,0,0,0,0,0,0,0,0,309,15810,0,0,0,0
63529.334,16845,59,0,0,0,0,0,8,72912,44,53,0,0,0,0,0,0,0,0,0,0,0,0,0,0,0,0,0,0,0,0,0,0,358,16312,0,0,0,0
63545.262,15928,62,0,0,0,0,0,8,73959,44,53,0,0,0,0,0,0,0,0,0,0,0,0,0,0,0,0,0,0,0,0,0,0,353,17646,0,0,0,0
63561.892,16629,60,0,0,0,0,0,8,73295,44,53,0,0,0,0,0,0,0,0,0,0,0,0,0,0,0,0,0,0,0,0,0,0,348,15585,0,0,0,0
63579.237,17345,57,0,0,0,0,0,8,72182,44,53,0,0,0,0,0,0,0,0,0,0,0,0,0,0,0,0,0,0,0,0,0,0,341,17018,0,0,0,0
63595.931,16694,59,0,0,0,0,0,8,72445,44,53,0,0,0,0,0,0,0,0,0,0,0,0,0,0,0,0,0,0,0,0,0,0,360,16619,0,0,0,0
63612.709,16778,59,0,0,0,0,0,8,72677,44,53,0,0,0,0,0,0,0,0,0,0,0,0,0,0,0,0,0,0,0,0,0,0,331,16483,0,0,0,0
63629.713,17003,58,0,0,0,0,0,8,72670,44,53,0,0,0,0,0,0,0,0,0,0,0,0,0,0,0,0,0,0,0,0,0,0,311,16935,0,0,0,0
63645.977,16263,61,0,0,0,0,0,8,72164,44,53,0,0,0,0,0,0,0,0,0,0,0,0,0,0,0,0,0,0,0,0,0,0,339,17589,0,0,0,0
63662.551,16574,60,0,0,0,0,0,8,71592,44,53,0,0,0,0,0,0,0,0,0,0,0,0,0,0,0,0,0,0,0,0,0,0,330,15281,0,0,0,0
63679.325,16774,59,0,0,0,0,0,8,70914,44,53,0,0,0,0,0,0,0,0,0,0,0,0,0,0,0,0,0,0,0,0,0,0,339,16933,0,0,0,0
63695.974,16648,60,0,0,0,0,0,8,71693,44,53,0,0,0,0,0,0,0,0,0,0,0,0,0,0,0,0,0,0,0,0,0,0,345,16737,0,0,0,0
63712.365,16391,61,0,0,0,0,0,8,76345,44,53,0,0,0,0,0,0,0,0,0,0,0,0,0,0,0,0,0,0,0,0,0,0,349,17773,0,0,0,0
63728.890,16515,60,0,0,0,0,0,8,72437,44,53,0,0,0,0,0,0,0,0,0,0,0,0,0,0,0,0,0,0,0,0,0,0,353,15981,0,0,0,0
63745.853,16972,58,0,0,0,0,0,8,73143,44,53,0,0,0,0,0,0,0,0,0,0,0,0,0,0,0,0,0,0,0,0,0,0,325,16730,0,0,0,0
63762.265,16412,60,0,0,0,0,0,8,72834,44,53,0,0,0,0,0,0,0,0,0,0,0,0,0,0,0,0,0,0,0,0,0,0,349,17481,0,0,0,0
63779.709,17444,57,0,0,0,0,0,8,72434,44,53,0,0,0,0,0,0,0,0,0,0,0,0,0,0,0,0,0,0,0,0,0,0,342,15392,0,0,0,0
63795.799,16090,62,0,0,0,0,0,8,72587,44,53,0,0,0,0,0,0,0,0,0,0,0,0,0,0,0,0,0,0,0,0,0,0,349,17463,0,0,0,0
63812.471,16672,59,0,0,0,0,0,8,73214,44,53,0,0,0,0,0,0,0,0,0,0,0,0,0,0,0,0,0,0,0,0,0,0,340,15852,0,0,0,0
63829.302,16830,59,0,0,0,0,0,8,72715,44,53,0,0,0,0,0,0,0,0,0,0,0,0,0,0,0,0,0,0,0,0,0,0,365,16509,0,0,0,0
63845.892,16589,60,0,0,0,0,0,8,75315,44,53,0,0,0,0,0,0,0,0,0,0,0,0,0,0,0,0,0,0,0,0,0,0,335,17009,0,0,0,0
63862.384,16491,60,0,0,0,0,0,8,74371,44,53,0,0,0,0,0,0,0,0,0,0,0,0,0,0,0,0,0,0,0,0,0,0,339,15847,0,0,0,0
63879.088,16704,59,0,0,0,0,0,8,74944,44,53,0,0,0,0,0,0,0,0,0,0,0,0,0,0,0,0,0,0,0,0,0,0,338,17018,0,0,0,0
63895.992,16904,59,0,0,0,0,0,8,73695,44,53,0,0,0,0,0,0,0,0,0,0,0,0,0,0,0,0,0,0,0,0,0,0,326,16747,0,0,0,0
63912.357,16364,61,0,0,0,0,0,8,73938,44,53,0,0,0,0,0,0,0,0,0,0,0,0,0,0,0,0,0,0,0,0,0,0,357,16996,0,0,0,0
63929.722,17365,57,0,0,0,0,0,8,73021,44,53,0,0,0,0,0,0,0,0,0,0,0,0,0,0,0,0,0,0,0,0,0,0,320,16134,0,0,0,0
63945.780,16058,62,0,0,0,0,0,8,73693,44,53,0,0,0,0,0,0,0,0,0,0,0,0,0,0,0,0,0,0,0,0,0,0,328,17636,0,0,0,0
63962.383,16603,60,0,0,0,0,0,8,73795,44,53,0,0,0,0,0,0,0,0,0,0,0,0,0,0,0,0,0,0,0,0,0,0,336,16195,0,0,0,0
63979.259,16875,59,0,0,0,0,0,8,73047,44,53,0,0,0,0,0,0,0,0,0,0,0,0,0,0,0,0,0,0,0,0,0,0,339,16846,0,0,0,0
63995.987,16728,59,0,0,0,0,0,8,72888,44,53,0,0,0,0,0,0,0,0,0,0,0,0,0,0,0,0,0,0,0,0,0,0,383,16306,0,0,0,0
64012.385,16397,60,0,0,0,0,0,8,72641,44,53,0,0,0,0,0,0,0,0,0,0,0,0,0,0,0,0,0,0,0,0,0,0,341,16544,0,0,0,0
64029.410,17025,58,0,0,0,0,0,8,72099,44,53,0,0,0,0,0,0,0,0,0,0,0,0,0,0,0,0,0,0,0,0,0,0,348,16612,0,0,0,0
64045.895,16484,60,0,0,0,0,0,8,72849,44,53,0,0,0,0,0,0,0,0,0,0,0,0,0,0,0,0,0,0,0,0,0,0,333,16767,0,0,0,0
64062.714,16819,59,0,0,0,0,0,8,71353,44,53,0,0,0,0,0,0,0,0,0,0,0,0,0,0,0,0,0,0,0,0,0,0,338,17215,0,0,0,0
64079.288,16574,60,0,0,0,0,0,8,69355,44,53,0,0,0,0,0,0,0,0,0,0,0,0,0,0,0,0,0,0,0,0,0,0,318,14983,0,0,0,0
64095.844,16555,60,0,0,0,0,0,8,69169,44,53,0,0,0,0,0,0,0,0,0,0,0,0,0,0,0,0,0,0,0,0,0,0,328,17485,0,0,0,0
64112.465,16620,60,0,0,0,0,0,8,68565,44,53,0,0,0,0,0,0,0,0,0,0,0,0,0,0,0,0,0,0,0,0,0,0,357,17076,0,0,0,0
64129.717,17252,57,0,0,0,0,0,8,69751,44,53,0,0,0,0,0,0,0,0,0,0,0,0,0,0,0,0,0,0,0,0,0,0,322,16689,0,0,0,0
64145.270,15553,64,0,0,0,0,0,8,68081,44,53,0,0,0,0,0,0,0,0,0,0,0,0,0,0,0,0,0,0,0,0,0,0,382,17409,0,0,0,0
64162.269,16998,58,0,0,0,0,0,8,67547,44,53,0,0,0,0,0,0,0,0,0,0,0,0,0,0,0,0,0,0,0,0,0,0,326,15203,0,0,0,0
64179.346,17076,58,0,0,0,0,0,8,67197,44,53,0,0,0,0,0,0,0,0,0,0,0,0,0,0,0,0,0,0,0,0,0,0,347,16640,0,0,0,0
64195.718,16372,61,0,0,0,0,0,8,67802,44,53,0,0,0,0,0,0,0,0,0,0,0,0,0,0,0,0,0,0,0,0,0,0,377,17313,0,0,0,0
64212.361,16643,60,0,0,0,0,0,8,68197,44,53,0,0,0,0,0,0,0,0,0,0,0,0,0,0,0,0,0,0,0,0,0,0,340,16718,0,0,0,0
64229.228,16867,59,0,0,0,0,0,8,66457,44,53,0,0,0,0,0,0,0,0,0,0,0,0,0,0,0,0,0,0,0,0,0,0,308,16162,0,0,0,0
64245.902,16673,59,0,0,0,0,0,8,66533,44,53,0,0,0,0,0,0,0,0,0,0,0,0,0,0,0,0,0,0,0,0,0,0,338,16929,0,0,0,0
64262.436,16534,60,0,0,0,0,0,8,66259,44,53,0,0,0,0,0,0,0,0,0,0,0,0,0,0,0,0,0,0,0,0,0,0,339,16695,0,0,0,0
64279.708,17272,57,0,0,0,0,0,8,65735,44,53,0,0,0,0,0,0,0,0,0,0,0,0,0,0,0,0,0,0,0,0,0,0,331,16606,0,0,0,0
64295.707,15999,62,0,0,0,0,0,8,66394,44,53,0,0,0,0,0,0,0,0,0,0,0,0,0,0,0,0,0,0,0,0,0,0,351,16348,0,0,0,0
64312.840,17133,58,0,0,0,0,0,8,66100,44,53,0,0,0,0,0,0,0,0,0,0,0,0,0,0,0,0,0,0,0,0,0,0,322,17182,0,0,0,0
64329.209,16368,61,0,0,0,0,0,8,65109,44,53,0,0,0,0,0,0,0,0,0,0,0,0,0,0,0,0,0,0,0,0,0,0,329,16963,0,0,0,0
64345.861,16652,60,0,0,0,0,0,8,65054,44,53,0,0,0,0,0,0,0,0,0,0,0,0,0,0,0,0,0,0,0,0,0,0,366,16401,0,0,0,0
64362.703,16841,59,0,0,0,0,0,8,65432,44,53,0,0,0,0,0,0,0,0,0,0,0,0,0,0,0,0,0,0,0,0,0,0,335,16491,0,0,0,0
64378.901,16197,61,0,0,0,0,0,8,65611,44,53,0,0,0,0,0,0,0,0,0,0,0,0,0,0,0,0,0,0,0,0,0,0,340,17462,0,0,0,0
64396.032,17131,58,0,0,0,0,0,8,64606,44,53,0,0,0,0,0,0,0,0,0,0,0,0,0,0,0,0,0,0,0,0,0,0,345,15629,0,0,0,0
64412.720,16687,59,0,0,0,0,0,8,64855,44,53,0,0,0,0,0,0,0,0,0,0,0,0,0,0,0,0,0,0,0,0,0,0,335,16529,0,0,0,0
64430.227,17507,57,0,0,0,0,0,8,64019,44,53,0,0,0,0,0,0,0,0,0,0,0,0,0,0,0,0,0,0,0,0,0,0,348,15959,0,0,0,0
64445.915,15688,63,0,0,0,0,0,8,64484,44,53,0,0,0,0,0,0,0,0,0,0,0,0,0,0,0,0,0,0,0,0,0,0,332,18536,0,0,0,0
64462.475,16559,60,0,0,0,0,0,8,64679,44,53,0,0,0,0,0,0,0,0,0,0,0,0,0,0,0,0,0,0,0,0,0,0,342,15725,0,0,0,0
64479.219,16744,59,0,0,0,0,0,8,63632,44,53,0,0,0,0,0,0,0,0,0,0,0,0,0,0,0,0,0,0,0,0,0,0,329,16701,0,0,0,0
64495.734,16515,60,0,0,0,0,0,8,63478,44,53,0,0,0,0,0,0,0,0,0,0,0,0,0,0,0,0,0,0,0,0,0,0,323,16713,0,0,0,0
64512.721,16987,58,0,0,0,0,0,8,63615,44,53,0,0,0,0,0,0,0,0,0,0,0,0,0,0,0,0,0,0,0,0,0,0,350,16690,0,0,0,0
64528.739,16017,62,0,0,0,0,0,8,63351,44,53,0,0,0,0,0,0,0,0,0,0,0,0,0,0,0,0,0,0,0,0,0,0,358,16631,0,0,0,0
64546.267,17527,57,0,0,0,0,0,8,63857,44,53,0,0,0,0,0,0,0,0,0,0,0,0,0,0,0,0,0,0,0,0,0,0,346,16351,0,0,0,0
64562.365,16098,62,0,0,0,0,0,8,63324,44,53,0,0,0,0,0,0,0,0,0,0,0,0,0,0,0,0,0,0,0,0,0,0,370,17807,0,0,0,0
64579.254,16888,59,0,0,0,0,0,8,62830,44,53,0,0,0,0,0,0,0,0,0,0,0,0,0,0,0,0,0,0,0,0,0,0,350,15210,0,0,0,0
64595.700,16446,60,0,0,0,0,0,8,63360,44,53,0,0,0,0,0,0,0,0,0,0,0,0,0,0,0,0,0,0,0,0,0,0,372,17968,0,0,0,0
64612.365,16664,60,0,0,0,0,0,8,62813,44,53,0,0,0,0,0,0,0,0,0,0,0,0,0,0,0,0,0,0,0,0,0,0,330,15681,0,0,0,0
64629.374,17009,58,0,0,0,0,0,8,63280,44,53,0,0,0,0,0,0,0,0,0,0,0,0,0,0,0,0,0,0,0,0,0,0,342,16942,0,0,0,0
64645.907,16522,60,0,0,0,0,0,8,62688,44,53,0,0,0,0,0,0,0,0,0,0,0,0,0,0,0,0,0,0,0,0,0,0,336,16782,0,0,0,0
64662.835,16938,59,0,0,0,0,0,8,62779,44,53,0,0,0,0,0,0,0,0,0,0,0,0,0,0,0,0,0,0,0,0,0,0,361,16596,0,0,0,0
64678.710,15875,62,0,0,0,0,0,8,62711,44,53,0,0,0,0,0,0,0,0,0,0,0,0,0,0,0,0,0,0,0,0,0,0,347,17078,0,0,0,0
64695.204,16494,60,0,0,0,0,0,8,62605,44,53,0,0,0,0,0,0,0,0,0,0,0,0,0,0,0,0,0,0,0,0,0,0,352,15524,0,0,0,0
64712.707,17503,57,0,0,0,0,0,8,63264,44,53,0,0,0,0,0,0,0,0,0,0,0,0,0,0,0,0,0,0,0,0,0,0,344,17072,0,0,0,0
64729.003,16295,61,0,0,0,0,0,8,62628,44,53,0,0,0,0,0,0,0,0,0,0,0,0,0,0,0,0,0,0,0,0,0,0,345,17140,0,0,0,0
64746.704,17701,56,0,0,0,0,0,8,63834,44,53,0,0,0,0,0,0,0,0,0,0,0,0,0,0,0,0,0,0,0,0,0,0,344,16258,0,0,0,0
64761.839,15135,66,0,0,0,0,0,8,64198,44,53,0,0,0,0,0,0,0,0,0,0,0,0,0,0,0,0,0,0,0,0,0,0,367,18261,0,0,0,0
64778.960,17121,58,0,0,0,0,0,8,62470,44,53,0,0,0,0,0,0,0,0,0,0,0,0,0,0,0,0,0,0,0,0,0,0,330,14348,0,0,0,0
64795.976,17016,58,0,0,0,0,0,8,63595,44,53,0,0,0,0,0,0,0,0,0,0,0,0,0,0,0,0,0,0,0,0,0,0,352,17184,0,0,0,0
64812.700,16723,59,0,0,0,0,0,8,61382,44,53,0,0,0,0,0,0,0,0,0,0,0,0,0,0,0,0,0,0,0,0,0,0,340,17298,0,0,0,0
64829.300,16600,60,0,0,0,0,0,8,60951,44,53,0,0,0,0,0,0,0,0,0,0,0,0,0,0,0,0,0,0,0,0,0,0,333,16849,0,0,0,0
64846.218,16918,59,0,0,0,0,0,8,61895,44,53,0,0,0,0,0,0,0,0,0,0,0,0,0,0,0,0,0,0,0,0,0,0,331,16284,0,0,0,0
64862.704,16485,60,0,0,0,0,0,8,61827,44,53,0,0,0,0,0,0,0,0,0,0,0,0,0,0,0,0,0,0,0,0,0,0,363,16875,0,0,0,0
64879.709,17005,58,0,0,0,0,0,8,60888,44,53,0,0,0,0,0,0,0,0,0,0,0,0,0,0,0,0,0,0,0,0,0,0,370,17015,0,0,0,0
64896.040,16330,61,0,0,0,0,0,8,60262,44,53,0,0,0,0,0,0,0,0,0,0,0,0,0,0,0,0,0,0,0,0,0,0,348,16641,0,0,0,0
64912.698,16658,60,0,0,0,0,0,8,60195,44,53,0,0,0,0,0,0,0,0,0,0,0,0,0,0,0,0,0,0,0,0,0,0,364,16404,0,0,0,0
64929.071,16372,61,0,0,0,0,0,8,59924,44,53,0,0,0,0,0,0,0,0,0,0,0,0,0,0,0,0,0,0,0,0,0,0,369,16202,0,0,0,0
64945.991,16920,59,0,0,0,0,0,8,60227,44,53,0,0,0,0,0,0,0,0,0,0,0,0,0,0,0,0,0,0,0,0,0,0,338,16174,0,0,0,0
64962.700,16709,59,0,0,0,0,0,8,60763,44,53,0,0,0,0,0,0,0,0,0,0,0,0,0,0,0,0,0,0,0,0,0,0,367,17673,0,0,0,0
64979.123,16422,60,0,0,0,0,0,8,59755,44,53,0,0,0,0,0,0,0,0,0,0,0,0,0,0,0,0,0,0,0,0,0,0,330,15436,0,0,0,0
64995.593,16470,60,0,0,0,0,0,8,60506,44,53,0,0,0,0,0,0,0,0,0,0,0,0,0,0,0,0,0,0,0,0,0,0,331,17667,0,0,0,0
65012.797,17204,58,0,0,0,0,0,8,59932,44,53,0,0,0,0,0,0,0,0,0,0,0,0,0,0,0,0,0,0,0,0,0,0,335,16168,0,0,0,0
65028.736,15939,62,0,0,0,0,0,8,59554,44,53,0,0,0,0,0,0,0,0,0,0,0,0,0,0,0,0,0,0,0,0,0,0,364,16985,0,0,0,0
65045.835,17099,58,0,0,0,0,0,8,60469,44,53,0,0,0,0,0,0,0,0,0,0,0,0,0,0,0,0,0,0,0,0,0,0,376,16145,0,0,0,0
65062.235,16399,60,0,0,0,0,0,8,60254,44,53,0,0,0,0,0,0,0,0,0,0,0,0,0,0,0,0,0,0,0,0,0,0,338,17439,0,0,0,0
65079.337,17102,58,0,0,0,0,0,8,59567,44,53,0,0,0,0,0,0,0,0,0,0,0,0,0,0,0,0,0,0,0,0,0,0,380,16184,0,0,0,0
65096.225,16887,59,0,0,0,0,0,8,59729,44,53,0,0,0,0,0,0,0,0,0,0,0,0,0,0,0,0,0,0,0,0,0,0,342,16853,0,0,0,0
65112.699,16474,60,0,0,0,0,0,8,59868,44,53,0,0,0,0,0,0,0,0,0,0,0,0,0,0,0,0,0,0,0,0,0,0,335,17543,0,0,0,0
65129.308,16608,60,0,0,0,0,0,8,60012,44,53,0,0,0,0,0,0,0,0,0,0,0,0,0,0,0,0,0,0,0,0,0,0,342,15063,0,0,0,0
65146.234,16926,59,0,0,0,0,0,8,59881,44,53,0,0,0,0,0,0,0,0,0,0,0,0,0,0,0,0,0,0,0,0,0,0,330,17579,0,0,0,0
65162.704,16470,60,0,0,0,0,0,8,60018,44,53,0,0,0,0,0,0,0,0,0,0,0,0,0,0,0,0,0,0,0,0,0,0,356,16636,0,0,0,0
65179.241,16537,60,0,0,0,0,0,8,58667,44,53,0,0,0,0,0,0,0,0,0,0,0,0,0,0,0,0,0,0,0,0,0,0,379,16860,0,0,0,0
65195.721,16479,60,0,0,0,0,0,8,62390,44,53,0,0,0,0,0,0,0,0,0,0,0,0,0,0,0,0,0,0,0,0,0,0,340,16517,0,0,0,0
65212.703,16982,58,0,0,0,0,0,8,58756,44,53,0,0,0,0,0,0,0,0,0,0,0,0,0,0,0,0,0,0,0,0,0,0,349,16813,0,0,0,0
65229.261,16557,60,0,0,0,0,0,8,57862,44,53,0,0,0,0,0,0,0,0,0,0,0,0,0,0,0,0,0,0,0,0,0,0,344,16652,0,0,0,0
65245.616,16355,61,0,0,0,0,0,8,57929,44,53,0,0,0,0,0,0,0,0,0,0,0,0,0,0,0,0,0,0,0,0,0,0,340,16172,0,0,0,0
65262.702,17085,58,0,0,0,0,0,8,57877,44,53,0,0,0,0,0,0,0,0,0,0,0,0,0,0,0,0,0,0,0,0,0,0,337,16752,0,0,0,0
65279.111,16409,60,0,0,0,0,0,8,57381,44,53,0,0,0,0,0,0,0,0,0,0,0,0,0,0,0,0,0,0,0,0,0,0,362,15710,0,0,0,0
65295.743,16631,60,0,0,0,0,0,8,58744,44,53,0,0,0,0,0,0,0,0,0,0,0,0,0,0,0,0,0,0,0,0,0,0,365,17492,0,0,0,0
65312.426,16683,59,0,0,0,0,0,8,57738,44,53,0,0,0,0,0,0,0,0,0,0,0,0,0,0,0,0,0,0,0,0,0,0,331,16836,0,0,0,0
65328.990,16563,60,0,0,0,0,0,8,57400,44,53,0,0,0,0,0,0,0,0,0,0,0,0,0,0,0,0,0,0,0,0,0,0,351,16427,0,0,0,0
65345.959,16969,58,0,0,0,0,0,8,57537,44,53,0,0,0,0,0,0,0,0,0,0,0,0,0,0,0,0,0,0,0,0,0,0,325,16529,0,0,0,0
65362.246,16287,61,0,0,0,0,0,8,57703,44,53,0,0,0,0,0,0,0,0,0,0,0,0,0,0,0,0,0,0,0,0,0,0,359,17021,0,0,0,0
65378.810,16563,60,0,0,0,0,0,8,57517,44,53,0,0,0,0,0,0,0,0,0,0,0,0,0,0,0,0,0,0,0,0,0,0,350,17575,0,0,0,0
65395.841,17031,58,0,0,0,0,0,8,56913,44,53,0,0,0,0,0,0,0,0,0,0,0,0,0,0,0,0,0,0,0,0,0,0,324,14973,0,0,0,0
65412.700,16858,59,0,0,0,0,0,8,57367,44,53,0,0,0,0,0,0,0,0,0,0,0,0,0,0,0,0,0,0,0,0,0,0,332,17662,0,0,0,0
65429.701,17001,58,0,0,0,0,0,8,56381,44,53,0,0,0,0,0,0,0,0,0,0,0,0,0,0,0,0,0,0,0,0,0,0,362,16291,0,0,0,0
65446.217,16515,60,0,0,0,0,0,8,58260,44,53,0,0,0,0,0,0,0,0,0,0,0,0,0,0,0,0,0,0,0,0,0,0,394,18618,0,0,0,0
65462.693,16476,60,0,0,0,0,0,8,56762,44,53,0,0,0,0,0,0,0,0,0,0,0,0,0,0,0,0,0,0,0,0,0,0,334,15087,0,0,0,0
65479.698,17004,58,0,0,0,0,0,8,53451,44,53,0,0,0,0,0,0,0,0,0,0,0,0,0,0,0,0,0,0,0,0,0,0,351,16682,0,0,0,0
65496.232,16534,60,0,0,0,0,0,8,53236,44,53,0,0,0,0,0,0,0,0,0,0,0,0,0,0,0,0,0,0,0,0,0,0,358,15935,0,0,0,0
65512.340,16108,62,0,0,0,0,0,8,54215,44,53,0,0,0,0,0,0,0,0,0,0,0,0,0,0,0,0,0,0,0,0,0,0,338,17561,0,0,0,0
65529.245,16905,59,0,0,0,0,0,8,53353,44,53,0,0,0,0,0,0,0,0,0,0,0,0,0,0,0,0,0,0,0,0,0,0,312,15982,0,0,0,0
65545.701,16455,60,0,0,0,0,0,8,52765,44,53,0,0,0,0,0,0,0,0,0,0,0,0,0,0,0,0,0,0,0,0,0,0,352,16545,0,0,0,0
65562.695,16994,58,0,0,0,0,0,8,52697,44,53,0,0,0,0,0,0,0,0,0,0,0,0,0,0,0,0,0,0,0,0,0,0,330,16933,0,0,0,0
65579.223,16527,60,0,0,0,0,0,8,52478,44,53,0,0,0,0,0,0,0,0,0,0,0,0,0,0,0,0,0,0,0,0,0,0,384,16691,0,0,0,0
65595.832,16609,60,0,0,0,0,0,8,52464,44,53,0,0,0,0,0,0,0,0,0,0,0,0,0,0,0,0,0,0,0,0,0,0,340,16872,0,0,0,0
65612.587,16754,59,0,0,0,0,0,8,53090,44,53,0,0,0,0,0,0,0,0,0,0,0,0,0,0,0,0,0,0,0,0,0,0,349,17142,0,0,0,0
65629.143,16556,60,0,0,0,0,0,8,52348,44,53,0,0,0,0,0,0,0,0,0,0,0,0,0,0,0,0,0,0,0,0,0,0,323,15381,0,0,0,0
65646.215,17072,58,0,0,0,0,0,8,53083,44,53,0,0,0,0,0,0,0,0,0,0,0,0,0,0,0,0,0,0,0,0,0,0,335,17019,0,0,0,0
65662.273,16057,62,0,0,0,0,0,8,54168,44,53,0,0,0,0,0,0,0,0,0,0,0,0,0,0,0,0,0,0,0,0,0,0,347,17692,0,0,0,0
65679.349,17076,58,0,0,0,0,0,8,55249,44,53,0,0,0,0,0,0,0,0,0,0,0,0,0,0,0,0,0,0,0,0,0,0,326,15860,0,0,0,0
65695.881,16531,60,0,0,0,0,0,8,53936,44,53,0,0,0,0,0,0,0,0,0,0,0,0,0,0,0,0,0,0,0,0,0,0,338,16689,0,0,0,0
65712.700,16818,59,0,0,0,0,0,8,53199,44,53,0,0,0,0,0,0,0,0,0,0,0,0,0,0,0,0,0,0,0,0,0,0,322,17162,0,0,0,0
65729.693,16993,58,0,0,0,0,0,8,52357,44,53,0,0,0,0,0,0,0,0,0,0,0,0,0,0,0,0,0,0,0,0,0,0,324,16808,0,0,0,0
65745.826,16133,61,0,0,0,0,0,8,53334,44,53,0,0,0,0,0,0,0,0,0,0,0,0,0,0,0,0,0,0,0,0,0,0,364,16607,0,0,0,0
65762.344,16517,60,0,0,0,0,0,8,52397,44,53,0,0,0,0,0,0,0,0,0,0,0,0,0,0,0,0,0,0,0,0,0,0,342,16676,0,0,0,0
65779.240,16896,59,0,0,0,0,0,8,52906,44,53,0,0,0,0,0,0,0,0,0,0,0,0,0,0,0,0,0,0,0,0,0,0,318,16192,0,0,0,0
65796.702,17462,57,0,0,0,0,0,8,52199,44,53,0,0,0,0,0,0,0,0,0,0,0,0,0,0,0,0,0,0,0,0,0,0,318,16500,0,0,0,0
65812.338,15635,63,0,0,0,0,0,8,52442,44,53,0,0,0,0,0,0,0,0,0,0,0,0,0,0,0,0,0,0,0,0,0,0,376,18045,0,0,0,0
65829.324,16986,58,0,0,0,0,0,8,52221,44,53,0,0,0,0,0,0,0,0,0,0,0,0,0,0,0,0,0,0,0,0,0,0,330,15290,0,0,0,0
65845.805,16481,60,0,0,0,0,0,8,54472,44,53,0,0,0,0,0,0,0,0,0,0,0,0,0,0,0,0,0,0,0,0,0,0,324,16805,0,0,0,0
65862.679,16874,59,0,0,0,0,0,8,52915,44,53,0,0,0,0,0,0,0,0,0,0,0,0,0,0,0,0,0,0,0,0,0,0,373,16973,0,0,0,0
65879.219,16539,60,0,0,0,0,0,8,51935,44,53,0,0,0,0,0,0,0,0,0,0,0,0,0,0,0,0,0,0,0,0,0,0,358,16377,0,0,0,0
65895.841,16622,60,0,0,0,0,0,8,51858,44,53,0,0,0,0,0,0,0,0,0,0,0,0,0,0,0,0,0,0,0,0,0,0,339,16457,0,0,0,0
65912.240,16399,60,0,0,0,0,0,8,52507,44,53,0,0,0,0,0,0,0,0,0,0,0,0,0,0,0,0,0,0,0,0,0,0,347,17271,0,0,0,0
65929.241,17000,58,0,0,0,0,0,8,51453,44,53,0,0,0,0,0,0,0,0,0,0,0,0,0,0,0,0,0,0,0,0,0,0,313,15972,0,0,0,0
65945.358,16117,62,0,0,0,0,0,8,52477,44,53,0,0,0,0,0,0,0,0,0,0,0,0,0,0,0,0,0,0,0,0,0,0,348,16675,0,0,0,0
65962.424,17066,58,0,0,0,0,0,8,51702,44,53,0,0,0,0,0,0,0,0,0,0,0,0,0,0,0,0,0,0,0,0,0,0,327,16589,0,0,0,0
65979.700,17276,57,0,0,0,0,0,8,51930,44,53,0,0,0,0,0,0,0,0,0,0,0,0,0,0,0,0,0,0,0,0,0,0,353,17206,0,0,0,0
65995.827,16127,62,0,0,0,0,0,8,51811,44,53,0,0,0,0,0,0,0,0,0,0,0,0,0,0,0,0,0,0,0,0,0,0,329,15881,0,0,0,0
66012.207,16379,61,0,0,0,0,0,8,52076,44,53,0,0,0,0,0,0,0,0,0,0,0,0,0,0,0,0,0,0,0,0,0,0,360,17959,0,0,0,0
66029.689,17482,57,0,0,0,0,0,8,55306,44,53,0,0,0,0,0,0,0,0,0,0,0,0,0,0,0,0,0,0,0,0,0,0,331,16493,0,0,0,0
66045.984,16294,61,0,0,0,0,0,8,55919,44,53,0,0,0,0,0,0,0,0,0,0,0,0,0,0,0,0,0,0,0,0,0,0,354,16813,0,0,0,0
66061.825,15840,63,0,0,0,0,0,8,55759,44,53,0,0,0,0,0,0,0,0,0,0,0,0,0,0,0,0,0,0,0,0,0,0,338,16079,0,0,0,0
66079.205,17380,57,0,0,0,0,0,8,55572,44,53,0,0,0,0,0,0,0,0,0,0,0,0,0,0,0,0,0,0,0,0,0,0,338,15785,0,0,0,0
66095.746,16541,60,0,0,0,0,0,8,56589,44,53,0,0,0,0,0,0,0,0,0,0,0,0,0,0,0,0,0,0,0,0,0,0,355,18326,0,0,0,0
66112.203,16456,60,0,0,0,0,0,8,59025,44,53,0,0,0,0,0,0,0,0,0,0,0,0,0,0,0,0,0,0,0,0,0,0,332,16364,0,0,0,0
66129.070,16866,59,0,0,0,0,0,8,58020,44,53,0,0,0,0,0,0,0,0,0,0,0,0,0,0,0,0,0,0,0,0,0,0,353,16521,0,0,0,0
66145.728,16658,60,0,0,0,0,0,8,58605,44,53,0,0,0,0,0,0,0,0,0,0,0,0,0,0,0,0,0,0,0,0,0,0,327,16314,0,0,0,0
66162.635,16906,59,0,0,0,0,0,8,59158,44,53,0,0,0,0,0,0,0,0,0,0,0,0,0,0,0,0,0,0,0,0,0,0,346,16601,0,0,0,0
66179.097,16461,60,0,0,0,0,0,8,59658,44,53,0,0,0,0,0,0,0,0,0,0,0,0,0,0,0,0,0,0,0,0,0,0,354,17648,0,0,0,0
66195.825,16728,59,0,0,0,0,0,8,60616,44,53,0,0,0,0,0,0,0,0,0,0,0,0,0,0,0,0,0,0,0,0,0,0,353,15819,0,0,0,0
66212.696,16870,59,0,0,0,0,0,8,60501,44,53,0,0,0,0,0,0,0,0,0,0,0,0,0,0,0,0,0,0,0,0,0,0,359,17713,0,0,0,0
66229.258,16562,60,0,0,0,0,0,8,61339,44,53,0,0,0,0,0,0,0,0,0,0,0,0,0,0,0,0,0,0,0,0,0,0,350,16377,0,0,0,0
66245.865,16607,60,0,0,0,0,0,8,65016,44,53,0,0,0,0,0,0,0,0,0,0,0,0,0,0,0,0,0,0,0,0,0,0,327,17386,0,0,0,0
66262.390,16523,60,0,0,0,0,0,8,60504,44,53,0,0,0,0,0,0,0,0,0,0,0,0,0,0,0,0,0,0,0,0,0,0,360,15079,0,0,0,0
66279.694,17304,57,0,0,0,0,0,8,61577,44,53,0,0,0,0,0,0,0,0,0,0,0,0,0,0,0,0,0,0,0,0,0,0,332,16776,0,0,0,0
66295.688,15994,62,0,0,0,0,0,8,60704,44,53,0,0,0,0,0,0,0,0,0,0,0,0,0,0,0,0,0,0,0,0,0,0,352,18590,0,0,0,0
66312.688,17000,58,0,0,0,0,0,8,60784,44,53,0,0,0,0,0,0,0,0,0,0,0,0,0,0,0,0,0,0,0,0,0,0,340,15133,0,0,0,0
66329.350,16661,60,0,0,0,0,0,8,60258,44,53,0,0,0,0,0,0,0,0,0,0,0,0,0,0,0,0,0,0,0,0,0,0,323,16252,0,0,0,0
66345.731,16381,61,0,0,0,0,0,8,61050,44,53,0,0,0,0,0,0,0,0,0,0,0,0,0,0,0,0,0,0,0,0,0,0,343,16895,0,0,0,0
66362.261,16529,60,0,0,0,0,0,8,61084,44,53,0,0,0,0,0,0,0,0,0,0,0,0,0,0,0,0,0,0,0,0,0,0,356,16653,0,0,0,0
66379.697,17435,57,0,0,0,0,0,8,60260,44,53,0,0,0,0,0,0,0,0,0,0,0,0,0,0,0,0,0,0,0,0,0,0,345,17468,0,0,0,0
66395.862,16164,61,0,0,0,0,0,8,64982,44,53,0,0,0,0,0,0,0,0,0,0,0,0,0,0,0,0,0,0,0,0,0,0,352,16811,0,0,0,0
66412.691,16829,59,0,0,0,0,0,8,64697,44,53,0,0,0,0,0,0,0,0,0,0,0,0,0,0,0,0,0,0,0,0,0,0,312,15913,0,0,0,0
66429.207,16515,60,0,0,0,1,0,8,66557,44,53,0,0,0,0,0,0,0,0,0,0,0,0,0,0,0,0,0,0,0,0,0,0,357,18018,0,0,0,0
66446.080,16873,59,0,0,0,0,0,8,67493,44,53,0,0,0,0,0,0,0,0,0,0,0,0,0,0,0,0,0,0,0,0,0,0,326,16357,0,0,0,0
66462.687,16606,60,0,0,0,0,0,8,67293,44,53,0,0,0,0,0,0,0,0,0,0,0,0,0,0,0,0,0,0,0,0,0,0,342,16329,0,0,0,0
66479.340,16652,60,0,0,0,0,0,8,67980,44,53,0,0,0,0,0,0,0,0,0,0,0,0,0,0,0,0,0,0,0,0,0,0,339,15818,0,0,0,0
66495.762,16422,60,0,0,0,0,0,8,68574,44,53,0,0,0,0,0,0,0,0,0,0,0,0,0,0,0,0,0,0,0,0,0,0,328,17438,0,0,0,0
66512.691,16928,59,0,0,0,0,0,8,69068,44,53,0,0,0,0,0,0,0,0,0,0,0,0,0,0,0,0,0,0,0,0,0,0,353,15954,0,0,0,0
66529.369,16678,59,0,0,0,0,0,8,69081,44,53,0,0,0,0,0,0,0,0,0,0,0,0,0,0,0,0,0,0,0,0,0,0,346,17776,0,0,0,0
66545.373,16003,62,0,0,0,0,0,8,68799,44,53,0,0,0,0,0,0,0,0,0,0,0,0,0,0,0,0,0,0,0,0,0,0,336,16175,0,0,0,0
66562.219,16846,59,0,0,0,0,0,8,68385,44,53,0,0,0,0,0,0,0,0,0,0,0,0,0,0,0,0,0,0,0,0,0,0,346,15591,0,0,0,0
66579.279,17059,58,0,0,0,0,0,8,68528,44,53,0,0,0,0,0,0,0,0,0,0,0,0,0,0,0,0,0,0,0,0,0,0,314,17604,0,0,0,0
66595.682,16403,60,0,0,0,0,0,8,68534,44,53,0,0,0,0,0,0,0,0,0,0,0,0,0,0,0,0,0,0,0,0,0,0,326,16707,0,0,0,0
66612.684,17001,58,0,0,0,0,0,8,68870,44,53,0,0,0,0,0,0,0,0,0,0,0,0,0,0,0,0,0,0,0,0,0,0,340,16357,0,0,0,0
66629.347,16663,60,0,0,0,0,0,8,68289,44,53,0,0,0,0,0,0,0,0,0,0,0,0,0,0,0,0,0,0,0,0,0,0,322,16462,0,0,0,0
66645.580,16232,61,0,0,0,0,0,8,69513,44,53,0,0,0,0,0,0,0,0,0,0,0,0,0,0,0,0,0,0,0,0,0,0,333,17348,0,0,0,0
66662.229,16649,60,0,0,0,0,0,8,67594,44,53,0,0,0,0,0,0,0,0,0,0,0,0,0,0,0,0,0,0,0,0,0,0,333,15828,0,0,0,0
66679.108,16879,59,0,0,0,0,0,8,67420,44,53,0,0,0,0,0,0,0,0,0,0,0,0,0,0,0,0,0,0,0,0,0,0,318,17162,0,0,0,0
66696.685,17576,56,0,0,0,0,0,8,68528,44,53,0,0,0,0,0,0,0,0,0,0,0,0,0,0,0,0,0,0,0,0,0,0,329,16579,0,0,0,0
66712.688,16003,62,0,0,0,0,0,8,68033,44,53,0,0,0,0,0,0,0,0,0,0,0,0,0,0,0,0,0,0,0,0,0,0,364,18496,0,0,0,0
66729.202,16513,60,0,0,0,0,0,8,67537,44,53,0,0,0,0,0,0,0,0,0,0,0,0,0,0,0,0,0,0,0,0,0,0,329,14954,0,0,0,0
66746.206,17004,58,0,0,0,0,0,8,68476,44,53,0,0,0,0,0,0,0,0,0,0,0,0,0,0,0,0,0,0,0,0,0,0,358,17402,0,0,0,0
66762.385,16177,61,0,0,0,0,0,8,68303,44,53,0,0,0,0,0,0,0,0,0,0,0,0,0,0,0,0,0,0,0,0,0,0,318,15939,0,0,0,0
66779.358,16974,58,0,0,0,0,0,8,68000,44,53,0,0,0,0,0,0,0,0,0,0,0,0,0,0,0,0,0,0,0,0,0,0,331,16356,0,0,0,0
66795.818,16459,60,0,0,0,0,0,8,67477,44,53,0,0,0,0,0,0,0,0,0,0,0,0,0,0,0,0,0,0,0,0,0,0,339,17133,0,0,0,0
66812.642,16823,59,0,0,0,0,0,8,67744,44,53,0,0,0,0,0,0,0,0,0,0,0,0,0,0,0,0,0,0,0,0,0,0,322,16927,0,0,0,0
66829.045,16403,60,0,0,0,0,0,8,69816,44,53,0,0,0,0,0,0,0,0,0,0,0,0,0,0,0,0,0,0,0,0,0,0,336,16935,0,0,0,0
66846.021,16976,58,0,0,0,0,0,8,79884,44,53,0,0,0,0,0,0,0,0,0,0,0,0,0,0,0,0,0,0,0,0,0,0,301,15911,0,0,0,0
66862.568,16547,60,0,0,0,0,0,8,75191,44,53,0,0,0,0,0,0,0,0,0,0,0,0,0,0,0,0,0,0,0,0,0,0,331,17413,0,0,0,0
66879.461,16892,59,0,0,0,0,0,8,73135,44,53,0,0,0,0,0,0,0,0,0,0,0,0,0,0,0,0,0,0,0,0,0,0,346,15926,0,0,0,0
66896.006,16544,60,0,0,0,0,0,8,74848,44,53,0,0,0,0,0,0,0,0,0,0,0,0,0,0,0,0,0,0,0,0,0,0,335,16835,0,0,0,0
66912.682,16676,59,0,0,0,0,0,8,74163,44,53,0,0,0,0,0,0,0,0,0,0,0,0,0,0,0,0,0,0,0,0,0,0,346,17326,0,0,0,0
66929.688,17005,58,0,0,0,0,0,8,76425,44,53,0,0,0,0,0,0,0,0,0,0,0,0,0,0,0,0,0,0,0,0,0,0,305,15128,0,0,0,0
66945.720,16031,62,0,0,0,0,0,8,75980,44,53,0,0,0,0,0,0,0,0,0,0,0,0,0,0,0,0,0,0,0,0,0,0,362,19589,0,0,0,0
66962.234,16514,60,0,0,0,0,0,8,77221,44,53,0,0,0,0,0,0,0,0,0,0,0,0,0,0,0,0,0,0,0,0,0,0,332,15014,0,0,0,0
66979.209,16975,58,0,0,0,0,0,8,74782,44,53,0,0,0,0,0,0,0,0,0,0,0,0,0,0,0,0,0,0,0,0,0,0,350,16118,0,0,0,0
66995.883,16674,59,0,0,0,0,0,8,75907,44,53,0,0,0,0,0,0,0,0,0,0,0,0,0,0,0,0,0,0,0,0,0,0,392,17175,0,0,0,0
67012.688,16804,59,0,0,0,0,0,8,75795,44,53,0,0,0,0,0,0,0,0,0,0,0,0,0,0,0,0,0,0,0,0,0,0,347,16432,0,0,0,0
67029.356,16668,59,0,0,0,0,0,8,76012,44,53,0,0,0,0,0,0,0,0,0,0,0,0,0,0,0,0,0,0,0,0,0,0,358,17686,0,0,0,0
67045.756,16399,60,0,0,0,0,0,8,75043,44,53,0,0,0,0,0,0,0,0,0,0,0,0,0,0,0,0,0,0,0,0,0,0,341,16029,0,0,0,0
67062.199,16443,60,0,0,0,0,0,8,75484,44,53,0,0,0,0,0,0,0,0,0,0,0,0,0,0,0,0,0,0,0,0,0,0,336,16225,0,0,0,0
67079.122,16923,59,0,0,0,0,0,8,75650,44,53,0,0,0,0,0,0,0,0,0,0,0,0,0,0,0,0,0,0,0,0,0,0,327,16213,0,0,0,0
67095.878,16742,59,0,0,0,0,0,8,76351,44,53,0,0,0,0,0,0,0,0,0,0,0,0,0,0,0,0,0,0,0,0,0,0,323,16725,0,0,0,0
67112.212,16347,61,0,0,0,0,0,8,76942,44,53,0,0,0,0,0,0,0,0,0,0,0,0,0,0,0,0,0,0,0,0,0,0,365,18394,0,0,0,0
67129.150,16937,59,0,0,0,0,0,8,76322,44,53,0,0,0,0,0,0,0,0,0,0,0,0,0,0,0,0,0,0,0,0,0,0,329,15034,0,0,0,0
67145.816,16666,60,0,0,0,0,0,8,76121,44,53,0,0,0,0,0,0,0,0,0,0,0,0,0,0,0,0,0,0,0,0,0,0,321,17463,0,0,0,0
67162.197,16381,61,0,0,0,0,0,8,77425,44,53,0,0,0,0,0,0,0,0,0,0,0,0,0,0,0,0,0,0,0,0,0,0,331,17723,0,0,0,0
67179.195,16997,58,0,0,0,0,0,8,76777,44,53,0,0,0,0,0,0,0,0,0,0,0,0,0,0,0,0,0,0,0,0,0,0,310,15011,0,0,0,0
67195.888,16693,59,0,0,0,0,0,8,79683,44,53,0,0,0,0,0,0,0,0,0,0,0,0,0,0,0,0,0,0,0,0,0,0,334,17661,0,0,0,0
67212.219,16331,61,0,0,0,0,0,8,78186,44,53,0,0,0,0,0,0,0,0,0,0,0,0,0,0,0,0,0,0,0,0,0,0,350,16276,0,0,0,0
67229.240,17020,58,0,0,0,0,0,8,77680,44,53,0,0,0,0,0,0,0,0,0,0,0,0,0,0,0,0,0,0,0,0,0,0,324,16189,0,0,0,0
67245.524,16284,61,0,0,0,0,0,8,79150,44,53,0,0,0,0,0,0,0,0,0,0,0,0,0,0,0,0,0,0,0,0,0,0,351,17416,0,0,0,0
67262.325,16800,59,0,0,0,0,0,8,77747,44,53,0,0,0,0,0,0,0,0,0,0,0,0,0,0,0,0,0,0,0,0,0,0,338,15809,0,0,0,0
67279.019,16693,59,0,0,0,0,0,8,79075,44,53,0,0,0,0,0,0,0,0,0,0,0,0,0,0,0,0,0,0,0,0,0,0,323,16972,0,0,0,0
67296.200,17181,58,0,0,0,0,0,8,77964,44,53,0,0,0,0,0,0,0,0,0,0,0,0,0,0,0,0,0,0,0,0,0,0,318,16560,0,0,0,0
67312.687,16487,60,0,0,0,0,0,8,78264,44,53,0,0,0,0,0,0,0,0,0,0,0,0,0,0,0,0,0,0,0,0,0,0,328,16669,0,0,0,0
67329.249,16561,60,0,0,0,0,0,8,76257,44,53,0,0,0,0,0,0,0,0,0,0,0,0,0,0,0,0,0,0,0,0,0,0,319,17123,0,0,0,0
67345.841,16592,60,0,0,0,0,0,8,77543,44,53,0,0,0,0,0,0,0,0,0,0,0,0,0,0,0,0,0,0,0,0,0,0,315,16756,0,0,0,0
67362.220,16378,61,0,0,0,0,0,8,79274,44,53,0,0,0,0,0,0,0,0,0,0,0,0,0,0,0,0,0,0,0,0,0,0,328,16097,0,0,0,0
67379.187,16967,58,0,0,0,0,0,8,78698,44,53,0,0,0,0,0,0,0,0,0,0,0,0,0,0,0,0,0,0,0,0,0,0,330,16826,0,0,0,0
67395.812,16624,60,0,0,0,0,0,8,78816,44,53,0,0,0,0,0,0,0,0,0,0,0,0,0,0,0,0,0,0,0,0,0,0,357,16028,0,0,0,0
67412.674,16861,59,0,0,0,0,0,8,78363,44,53,0,0,0,0,0,0,0,0,0,0,0,0,0,0,0,0,0,0,0,0,0,0,310,17761,0,0,0,0
67429.675,17001,58,0,0,0,0,0,8,78725,44,53,0,0,0,0,0,0,0,0,0,0,0,0,0,0,0,0,0,0,0,0,0,0,290,15909,0,0,0,0
67445.583,15907,62,0,0,0,0,0,8,79521,44,53,0,0,0,0,0,0,0,0,0,0,0,0,0,0,0,0,0,0,0,0,0,0,301,17320,0,0,0,0
67462.346,16763,59,0,0,0,0,0,8,79503,44,53,0,0,0,0,0,0,0,0,0,0,0,0,0,0,0,0,0,0,0,0,0,0,292,16535,0,0,0,0
67478.920,16573,60,0,0,0,0,0,8,79502,44,53,0,0,0,0,0,0,0,0,0,0,0,0,0,0,0,0,0,0,0,0,0,0,296,16223,0,0,0,0
67495.763,16843,59,0,0,0,0,0,8,78306,44,53,0,0,0,0,0,0,0,0,0,0,0,0,0,0,0,0,0,0,0,0,0,0,296,16493,0,0,0,0
67512.689,16926,59,0,0,0,0,0,8,80683,44,53,0,0,0,0,0,0,0,0,0,0,0,0,0,0,0,0,0,0,0,0,0,0,302,17284,0,0,0,0
67529.258,16568,60,0,0,0,0,0,8,77156,44,53,0,0,0,0,0,0,0,0,0,0,0,0,0,0,0,0,0,0,0,0,0,0,327,16780,0,0,0,0
67545.548,16290,61,0,0,0,0,0,8,78556,44,53,0,0,0,0,0,0,0,0,0,0,0,0,0,0,0,0,0,0,0,0,0,0,312,16172,0,0,0,0
67562.679,17130,58,0,0,0,0,0,8,77871,44,53,0,0,0,0,0,0,0,0,0,0,0,0,0,0,0,0,0,0,0,0,0,0,297,16392,0,0,0,0
67579.344,16664,60,0,0,0,0,0,8,79414,44,53,0,0,0,0,0,0,0,0,0,0,0,0,0,0,0,0,0,0,0,0,0,0,317,16127,0,0,0,0
67596.194,16849,59,0,0,0,0,0,8,78287,44,53,0,0,0,0,0,0,0,0,0,0,0,0,0,0,0,0,0,0,0,0,0,0,301,17422,0,0,0,0
67612.325,16131,61,0,0,0,0,0,8,76689,44,53,0,0,0,0,0,0,0,0,0,0,0,0,0,0,0,0,0,0,0,0,0,0,327,16495,0,0,0,0
67628.558,16233,61,0,0,0,0,0,8,75722,44,53,0,0,0,0,0,0,0,0,0,0,0,0,0,0,0,0,0,0,0,0,0,0,332,17066,0,0,0,0
67645.810,17251,57,0,0,0,0,0,8,75180,44,53,0,0,0,0,0,0,0,0,0,0,0,0,0,0,0,0,0,0,0,0,0,0,318,14848,0,0,0,0
67662.671,16861,59,0,0,0,0,0,8,73890,44,53,0,0,0,0,0,0,0,0,0,0,0,0,0,0,0,0,0,0,0,0,0,0,329,18143,0,0,0,0
67679.264,16592,60,0,0,0,0,0,8,78111,44,53,0,0,0,0,0,0,0,0,0,0,0,0,0,0,0,0,0,0,0,0,0,0,308,17216,0,0,0,0
67695.761,16497,60,0,0,0,0,0,8,74380,44,53,0,0,0,0,0,0,0,0,0,0,0,0,0,0,0,0,0,0,0,0,0,0,335,16156,0,0,0,0
67712.631,16870,59,0,0,0,0,0,8,79762,44,53,0,0,0,0,0,0,0,0,0,0,0,0,0,0,0,0,0,0,0,0,0,0,330,16951,0,0,0,0
67728.939,16307,61,0,0,0,0,0,8,79851,44,53,0,0,0,0,0,0,0,0,0,0,0,0,0,0,0,0,0,0,0,0,0,0,310,16778,0,0,0,0
67745.810,16871,59,0,0,0,0,0,8,81676,44,53,0,0,0,0,0,0,0,0,0,0,0,0,0,0,0,0,0,0,0,0,0,0,320,16826,0,0,0,0
67762.372,16562,60,0,0,0,0,0,8,85646,44,53,0,0,0,0,0,0,0,0,0,0,0,0,0,0,0,0,0,0,0,0,0,0,297,17157,0,0,0,0
67779.193,16821,59,0,0,0,0,0,8,72255,44,53,0,0,0,0,0,0,0,0,0,0,0,0,0,0,0,0,0,0,0,0,0,0,337,15246,0,0,0,0
67795.710,16516,60,0,0,0,0,0,8,71459,44,53,0,0,0,0,0,0,0,0,0,0,0,0,0,0,0,0,0,0,0,0,0,0,370,17216,0,0,0,0
67812.238,16527,60,0,0,0,0,0,8,71453,44,53,0,0,0,0,0,0,0,0,0,0,0,0,0,0,0,0,0,0,0,0,0,0,330,16782,0,0,0,0
67829.679,17441,57,0,0,0,0,0,8,70775,44,53,0,0,0,0,0,0,0,0,0,0,0,0,0,0,0,0,0,0,0,0,0,0,341,15566,0,0,0,0
67845.671,15992,62,0,0,0,0,0,8,70771,44,53,0,0,0,0,0,0,0,0,0,0,0,0,0,0,0,0,0,0,0,0,0,0,322,16824,0,0,0,0
67862.668,16997,58,0,0,0,0,0,8,71198,44,53,0,0,0,0,0,0,0,0,0,0,0,0,0,0,0,0,0,0,0,0,0,0,326,16942,0,0,0,0
67879.135,16466,60,0,0,0,0,0,8,69763,44,53,0,0,0,0,0,0,0,0,0,0,0,0,0,0,0,0,0,0,0,0,0,0,341,16071,0,0,0,0
67895.759,16624,60,0,0,0,0,0,8,70207,44,53,0,0,0,0,0,0,0,0,0,0,0,0,0,0,0,0,0,0,0,0,0,0,345,17377,0,0,0,0
67912.181,16422,60,0,0,0,0,0,8,70019,44,53,0,0,0,0,0,0,0,0,0,0,0,0,0,0,0,0,0,0,0,0,0,0,349,16972,0,0,0,0
67929.208,17027,58,0,0,0,0,0,8,70325,44,53,0,0,0,0,0,0,0,0,0,0,0,0,0,0,0,0,0,0,0,0,0,0,312,16499,0,0,0,0
67945.933,16725,59,0,0,0,0,0,8,72678,44,53,0,0,0,0,0,0,0,0,0,0,0,0,0,0,0,0,0,0,0,0,0,0,344,17171,0,0,0,0
67962.308,16374,61,0,0,0,0,0,8,71437,44,53,0,0,0,0,0,0,0,0,0,0,0,0,0,0,0,0,0,0,0,0,0,0,332,16101,0,0,0,0
67978.899,16591,60,0,0,0,0,0,8,68736,44,53,0,0,0,0,0,0,0,0,0,0,0,0,0,0,0,0,0,0,0,0,0,0,352,16736,0,0,0,0
67996.697,17797,56,0,0,0,0,0,8,70076,44,53,0,0,0,0,0,0,0,0,0,0,0,0,0,0,0,0,0,0,0,0,0,0,336,16206,0,0,0,0
68012.695,15998,62,0,0,0,0,0,8,69253,44,53,0,0,0,0,0,0,0,0,0,0,0,0,0,0,0,0,0,0,0,0,0,0,356,18272,0,0,0,0
68028.909,16213,61,0,0,0,0,0,8,68975,44,53,0,0,0,0,0,0,0,0,0,0,0,0,0,0,0,0,0,0,0,0,0,0,317,14697,0,0,0,0
68045.628,16718,59,0,0,0,0,0,8,67999,44,53,0,0,0,0,0,0,0,0,0,0,0,0,0,0,0,0,0,0,0,0,0,0,343,18068,0,0,0,0
68062.324,16696,59,0,0,0,0,0,8,68405,44,53,0,0,0,0,0,0,0,0,0,0,0,0,0,0,0,0,0,0,0,0,0,0,347,15609,0,0,0,0
68078.875,16551,60,0,0,0,0,0,8,67908,44,53,0,0,0,0,0,0,0,0,0,0,0,0,0,0,0,0,0,0,0,0,0,0,335,17551,0,0,0,0
68095.675,16799,59,0,0,0,0,0,8,67907,44,53,0,0,0,0,0,0,0,0,0,0,0,0,0,0,0,0,0,0,0,0,0,0,337,15849,0,0,0,0
68112.317,16641,60,0,0,0,0,0,8,69340,44,53,0,0,0,0,0,0,0,0,0,0,0,0,0,0,0,0,0,0,0,0,0,0,325,17495,0,0,0,0
68129.270,16954,58,0,0,0,0,0,8,67460,44,53,0,0,0,0,0,0,0,0,0,0,0,0,0,0,0,0,0,0,0,0,0,0,341,16193,0,0,0,0
68145.966,16695,59,0,0,0,0,0,8,67883,44,53,0,0,0,0,0,0,0,0,0,0,0,0,0,0,0,0,0,0,0,0,0,0,323,16368,0,0,0,0
68162.318,16351,61,0,0,0,0,0,8,66536,44,53,0,0,0,0,0,0,0,0,0,0,0,0,0,0,0,0,0,0,0,0,0,0,344,17015,0,0,0,0
68178.924,16605,60,0,0,0,0,0,8,66026,44,53,0,0,0,0,0,0,0,0,0,0,0,0,0,0,0,0,0,0,0,0,0,0,336,16674,0,0,0,0
68196.217,17293,57,0,0,0,0,0,8,67516,44,53,0,0,0,0,0,0,0,0,0,0,0,0,0,0,0,0,0,0,0,0,0,0,332,16230,0,0,0,0
68212.671,16454,60,0,0,0,0,0,8,66512,44,53,0,0,0,0,0,0,0,0,0,0,0,0,0,0,0,0,0,0,0,0,0,0,330,17129,0,0,0,0
68229.196,16525,60,0,0,0,0,0,8,65115,44,53,0,0,0,0,0,0,0,0,0,0,0,0,0,0,0,0,0,0,0,0,0,0,334,15892,0,0,0,0
68245.606,16409,60,0,0,0,0,0,8,65911,44,53,0,0,0,0,0,0,0,0,0,0,0,0,0,0,0,0,0,0,0,0,0,0,341,17758,0,0,0,0
68262.582,16975,58,0,0,0,0,0,8,65493,44,53,0,0,0,0,0,0,0,0,0,0,0,0,0,0,0,0,0,0,0,0,0,0,336,15770,0,0,0,0
68279.682,17100,58,0,0,0,0,0,8,66613,44,53,0,0,0,0,0,0,0,0,0,0,0,0,0,0,0,0,0,0,0,0,0,0,328,17657,0,0,0,0
68295.966,16283,61,0,0,0,0,0,8,65696,44,53,0,0,0,0,0,0,0,0,0,0,0,0,0,0,0,0,0,0,0,0,0,0,318,15459,0,0,0,0
68312.670,16704,59,0,0,0,0,0,8,65528,44,53,0,0,0,0,0,0,0,0,0,0,0,0,0,0,0,0,0,0,0,0,0,0,340,17649,0,0,0,0
68329.202,16531,60,0,0,0,0,0,8,65126,44,53,0,0,0,0,0,0,0,0,0,0,0,0,0,0,0,0,0,0,0,0,0,0,335,16865,0,0,0,0
68345.805,16603,60,0,0,0,0,0,8,64365,44,53,0,0,0,0,0,0,0,0,0,0,0,0,0,0,0,0,0,0,0,0,0,0,312,16599,0,0,0,0
68362.679,16874,59,0,0,0,0,0,8,65295,44,53,0,0,0,0,0,0,0,0,0,0,0,0,0,0,0,0,0,0,0,0,0,0,332,16713,0,0,0,0
68379.201,16521,60,0,0,0,0,0,8,63590,44,53,0,0,0,0,0,0,0,0,0,0,0,0,0,0,0,0,0,0,0,0,0,0,355,16893,0,0,0,0
68395.890,16689,59,0,0,0,0,0,8,64251,44,53,0,0,0,0,0,0,0,0,0,0,0,0,0,0,0,0,0,0,0,0,0,0,308,16240,0,0,0,0
68412.667,16777,59,0,0,0,0,0,8,65804,44,53,0,0,0,0,0,0,0,0,0,0,0,0,0,0,0,0,0,0,0,0,0,0,332,16952,0,0,0,0
68429.267,16599,60,0,0,0,0,0,8,65636,44,53,0,0,0,0,0,0,0,0,0,0,0,0,0,0,0,0,0,0,0,0,0,0,351,17187,0,0,0,0
68445.947,16679,59,0,0,0,0,0,8,66475,44,53,0,0,0,0,0,0,0,0,0,0,0,0,0,0,0,0,0,0,0,0,0,0,343,15970,0,0,0,0
68462.314,16367,61,0,0,0,0,0,8,65074,44,53,0,0,0,0,0,0,0,0,0,0,0,0,0,0,0,0,0,0,0,0,0,0,343,16255,0,0,0,0
68478.953,16639,60,0,0,0,0,0,8,65635,44,53,0,0,0,0,0,0,0,0,0,0,0,0,0,0,0,0,0,0,0,0,0,0,319,17512,0,0,0,0
68495.743,16790,59,0,0,0,0,0,8,64135,44,53,0,0,0,0,0,0,0,0,0,0,0,0,0,0,0,0,0,0,0,0,0,0,330,15598,0,0,0,0
68512.669,16925,59,0,0,0,0,0,8,63862,44,53,0,0,0,0,0,0,0,0,0,0,0,0,0,0,0,0,0,0,0,0,0,0,344,18049,0,0,0,0
68529.314,16645,60,0,0,0,0,0,8,64495,44,53,0,0,0,0,0,0,0,0,0,0,0,0,0,0,0,0,0,0,0,0,0,0,348,15377,0,0,0,0
68545.865,16551,60,0,0,0,0,0,8,63539,44,53,0,0,0,0,0,0,0,0,0,0,0,0,0,0,0,0,0,0,0,0,0,0,344,17126,0,0,0,0
68561.806,15940,62,0,0,0,0,0,8,64171,44,53,0,0,0,0,0,0,0,0,0,0,0,0,0,0,0,0,0,0,0,0,0,0,346,15893,0,0,0,0
68579.121,17315,57,0,0,0,0,0,8,64631,44,53,0,0,0,0,0,0,0,0,0,0,0,0,0,0,0,0,0,0,0,0,0,0,347,16505,0,0,0,0
68596.183,17061,58,0,0,0,0,0,8,63762,44,53,0,0,0,0,0,0,0,0,0,0,0,0,0,0,0,0,0,0,0,0,0,0,321,16886,0,0,0,0
68612.463,16280,61,0,0,0,0,0,8,65335,44,53,0,0,0,0,0,0,0,0,0,0,0,0,0,0,0,0,0,0,0,0,0,0,350,17329,0,0,0,0
68629.227,16764,59,0,0,0,0,0,8,63381,44,53,0,0,0,0,0,0,0,0,0,0,0,0,0,0,0,0,0,0,0,0,0,0,353,16329,0,0,0,0
68646.191,16963,58,0,0,0,0,0,8,64033,44,53,0,0,0,0,0,0,0,0,0,0,0,0,0,0,0,0,0,0,0,0,0,0,351,16968,0,0,0,0
68662.450,16258,61,0,0,0,0,0,8,63549,44,53,0,0,0,0,0,0,0,0,0,0,0,0,0,0,0,0,0,0,0,0,0,0,328,16501,0,0,0,0
68679.200,16750,59,0,0,0,0,0,8,64286,44,53,0,0,0,0,0,0,0,0,0,0,0,0,0,0,0,0,0,0,0,0,0,0,329,16065,0,0,0,0
68695.688,16488,60,0,0,0,0,0,8,65000,44,53,0,0,0,0,0,0,0,0,0,0,0,0,0,0,0,0,0,0,0,0,0,0,351,17477,0,0,0,0
68712.584,16895,59,0,0,0,0,0,8,63256,44,53,0,0,0,0,0,0,0,0,0,0,0,0,0,0,0,0,0,0,0,0,0,0,327,16952,0,0,0,0
68728.879,16295,61,0,0,0,0,0,8,62793,44,53,0,0,0,0,0,0,0,0,0,0,0,0,0,0,0,0,0,0,0,0,0,0,335,16303,0,0,0,0
68746.022,17142,58,0,0,0,0,0,8,64694,44,53,0,0,0,0,0,0,0,0,0,0,0,0,0,0,0,0,0,0,0,0,0,0,332,17295,0,0,0,0
68762.594,16571,60,0,0,0,0,0,8,64873,44,53,0,0,0,0,0,0,0,0,0,0,0,0,0,0,0,0,0,0,0,0,0,0,342,15900,0,0,0,0
68779.217,16623,60,0,0,0,0,0,8,65094,44,53,0,0,0,0,0,0,0,0,0,0,0,0,0,0,0,0,0,0,0,0,0,0,329,15683,0,0,0,0
68796.192,16974,58,0,0,0,0,0,8,63619,44,53,0,0,0,0,0,0,0,0,0,0,0,0,0,0,0,0,0,0,0,0,0,0,353,18933,0,0,0,0
68812.515,16322,61,0,0,0,0,0,8,63521,44,53,0,0,0,0,0,0,0,0,0,0,0,0,0,0,0,0,0,0,0,0,0,0,346,15210,0,0,0,0
68828.739,16224,61,0,0,0,0,0,8,63766,44,53,0,0,0,0,0,0,0,0,0,0,0,0,0,0,0,0,0,0,0,0,0,0,329,16219,0,0,0,0
68845.870,17131,58,0,0,0,0,0,8,64340,44,53,0,0,0,0,0,0,0,0,0,0,0,0,0,0,0,0,0,0,0,0,0,0,356,17900,0,0,0,0
68862.667,16796,59,0,0,0,0,0,8,64928,44,53,0,0,0,0,0,0,0,0,0,0,0,0,0,0,0,0,0,0,0,0,0,0,346,16787,0,0,0,0
68879.178,16511,60,0,0,0,0,0,8,63810,44,53,0,0,0,0,0,0,0,0,0,0,0,0,0,0,0,0,0,0,0,0,0,0,304,15492,0,0,0,0
68895.724,16546,60,0,0,0,0,0,8,63919,44,53,0,0,0,0,0,0,0,0,0,0,0,0,0,0,0,0,0,0,0,0,0,0,351,17643,0,0,0,0
68911.909,16184,61,0,0,0,0,0,8,65993,44,53,0,0,0,0,0,0,0,0,0,0,0,0,0,0,0,0,0,0,0,0,0,0,356,16258,0,0,0,0
68929.672,17762,56,0,0,0,0,0,8,63414,44,53,0,0,0,0,0,0,0,0,0,0,0,0,0,0,0,0,0,0,0,0,0,0,332,16190,0,0,0,0
68946.665,16993,58,0,0,0,0,0,8,65257,44,53,0,0,0,0,0,0,0,0,0,0,0,0,0,0,0,0,0,0,0,0,0,0,345,18649,0,0,0,0
68962.317,15651,63,0,0,0,0,0,8,62270,44,53,0,0,0,0,0,0,0,0,0,0,0,0,0,0,0,0,0,0,0,0,0,0,353,15883,0,0,0,0
68979.053,16735,59,0,0,0,0,0,8,61481,44,53,0,0,0,0,0,0,0,0,0,0,0,0,0,0,0,0,0,0,0,0,0,0,334,15654,0,0,0,0
68995.794,16741,59,0,0,0,0,0,8,61273,44,53,0,0,0,0,0,0,0,0,0,0,0,0,0,0,0,0,0,0,0,0,0,0,353,16124,0,0,0,0
69012.428,16633,60,0,0,0,0,0,8,61754,44,53,0,0,0,0,0,0,0,0,0,0,0,0,0,0,0,0,0,0,0,0,0,0,336,17699,0,0,0,0
69028.712,16284,61,0,0,0,0,0,8,62294,44,53,0,0,0,0,0,0,0,0,0,0,0,0,0,0,0,0,0,0,0,0,0,0,322,15992,0,0,0,0
69045.812,17099,58,0,0,0,0,0,8,61197,44,53,0,0,0,0,0,0,0,0,0,0,0,0,0,0,0,0,0,0,0,0,0,0,330,14924,0,0,0,0
69062.322,16510,60,0,0,0,0,0,8,61772,44,53,0,0,0,0,0,0,0,0,0,0,0,0,0,0,0,0,0,0,0,0,0,0,368,18760,0,0,0,0
69078.888,16566,60,0,0,0,0,0,8,61186,44,53,0,0,0,0,0,0,0,0,0,0,0,0,0,0,0,0,0,0,0,0,0,0,325,16063,0,0,0,0
69095.801,16913,59,0,0,0,0,0,8,60831,44,53,0,0,0,0,0,0,0,0,0,0,0,0,0,0,0,0,0,0,0,0,0,0,345,17316,0,0,0,0
69112.657,16855,59,0,0,0,0,0,8,63005,44,53,0,0,0,0,0,0,0,0,0,0,0,0,0,0,0,0,0,0,0,0,0,0,342,17653,0,0,0,0
69129.035,16378,61,0,0,0,0,0,8,60951,44,53,0,0,0,0,0,0,0,0,0,0,0,0,0,0,0,0,0,0,0,0,0,0,333,14781,0,0,0,0
69145.590,16555,60,0,0,0,0,0,8,61331,44,53,0,0,0,0,0,0,0,0,0,0,0,0,0,0,0,0,0,0,0,0,0,0,336,17622,0,0,0,0
69161.997,16406,60,0,0,0,0,0,8,61307,44,53,0,0,0,0,0,0,0,0,0,0,0,0,0,0,0,0,0,0,0,0,0,0,347,15865,0,0,0,0
69179.103,17106,58,0,0,0,0,0,8,60147,44,53,0,0,0,0,0,0,0,0,0,0,0,0,0,0,0,0,0,0,0,0,0,0,339,16914,0,0,0,0
69195.764,16660,60,0,0,0,0,0,8,61289,44,53,0,0,0,0,0,0,0,0,0,0,0,0,0,0,0,0,0,0,0,0,0,0,341,16610,0,0,0,0
69212.229,16465,60,0,0,0,0,0,8,61522,44,53,0,0,0,0,0,0,0,0,0,0,0,0,0,0,0,0,0,0,0,0,0,0,318,17083,0,0,0,0
69229.224,16995,58,0,0,0,0,0,8,59791,44,53,0,0,0,0,0,0,0,0,0,0,0,0,0,0,0,0,0,0,0,0,0,0,327,16215,0,0,0,0
69245.998,16774,59,0,0,0,0,0,8,59951,44,53,0,0,0,0,0,0,0,0,0,0,0,0,0,0,0,0,0,0,0,0,0,0,326,16500,0,0,0,0
69262.310,16311,61,0,0,0,0,0,8,59893,44,53,0,0,0,0,0,0,0,0,0,0,0,0,0,0,0,0,0,0,0,0,0,0,342,16768,0,0,0,0
69279.317,17007,58,0,0,0,0,0,8,60961,44,53,0,0,0,0,0,0,0,0,0,0,0,0,0,0,0,0,0,0,0,0,0,0,339,17174,0,0,0,0
69295.727,16409,60,0,0,0,0,0,8,60547,44,53,0,0,0,0,0,0,0,0,0,0,0,0,0,0,0,0,0,0,0,0,0,0,317,16280,0,0,0,0
69312.663,16936,59,0,0,0,0,0,8,63946,44,53,0,0,0,0,0,0,0,0,0,0,0,0,0,0,0,0,0,0,0,0,0,0,356,17041,0,0,0,0
69328.668,16004,62,0,0,0,0,0,8,61453,44,53,0,0,0,0,0,0,0,0,0,0,0,0,0,0,0,0,0,0,0,0,0,0,301,15444,0,0,0,0
69345.149,16480,60,0,0,0,0,0,8,61600,44,53,0,0,0,0,0,0,0,0,0,0,0,0,0,0,0,0,0,0,0,0,0,0,322,16739,0,0,0,0
69362.667,17518,57,0,0,0,0,0,8,62011,44,53,0,0,0,0,0,0,0,0,0,0,0,0,0,0,0,0,0,0,0,0,0,0,368,18316,0,0,0,0
69379.272,16604,60,0,0,0,0,0,8,61806,44,53,0,0,0,0,0,0,0,0,0,0,0,0,0,0,0,0,0,0,0,0,0,0,338,16551,0,0,0,0
69395.642,16369,61,0,0,0,0,0,8,60616,44,53,0,0,0,0,0,0,0,0,0,0,0,0,0,0,0,0,0,0,0,0,0,0,329,15606,0,0,0,0
69412.667,17025,58,0,0,0,0,0,8,61603,44,53,0,0,0,0,0,0,0,0,0,0,0,0,0,0,0,0,0,0,0,0,0,0,340,16779,0,0,0,0
69429.673,17006,58,0,0,0,0,0,8,60408,44,53,0,0,0,0,0,0,0,0,0,0,0,0,0,0,0,0,0,0,0,0,0,0,334,16325,0,0,0,0
69445.796,16123,62,0,0,0,0,0,8,64486,44,53,0,0,0,0,0,0,0,0,0,0,0,0,0,0,0,0,0,0,0,0,0,0,355,18216,0,0,0,0
69462.193,16396,60,0,0,0,0,0,8,59749,44,53,0,0,0,0,0,0,0,0,0,0,0,0,0,0,0,0,0,0,0,0,0,0,347,15365,0,0,0,0
69478.908,16714,59,0,0,0,0,0,8,59427,44,53,0,0,0,0,0,0,0,0,0,0,0,0,0,0,0,0,0,0,0,0,0,0,338,16637,0,0,0,0
69496.186,17278,57,0,0,0,0,0,8,58933,44,53,0,0,0,0,0,0,0,0,0,0,0,0,0,0,0,0,0,0,0,0,0,0,331,16648,0,0,0,0
69512.338,16151,61,0,0,0,0,0,8,58813,44,53,0,0,0,0,0,0,0,0,0,0,0,0,0,0,0,0,0,0,0,0,0,0,338,16927,0,0,0,0
69529.661,17322,57,0,0,0,0,0,8,59135,44,53,0,0,0,0,0,0,0,0,0,0,0,0,0,0,0,0,0,0,0,0,0,0,317,16530,0,0,0,0
69545.959,16298,61,0,0,0,0,0,8,58958,44,53,0,0,0,0,0,0,0,0,0,0,0,0,0,0,0,0,0,0,0,0,0,0,357,17163,0,0,0,0
69562.420,16461,60,0,0,0,0,0,8,59124,44,53,0,0,0,0,0,0,0,0,0,0,0,0,0,0,0,0,0,0,0,0,0,0,352,15736,0,0,0,0
69579.185,16764,59,0,0,0,0,0,8,59543,44,53,0,0,0,0,0,0,0,0,0,0,0,0,0,0,0,0,0,0,0,0,0,0,330,16827,0,0,0,0
69595.944,16759,59,0,0,0,0,0,8,59146,44,53,0,0,0,0,0,0,0,0,0,0,0,0,0,0,0,0,0,0,0,0,0,0,328,16855,0,0,0,0
69612.302,16357,61,0,0,0,0,0,8,59586,44,53,0,0,0,0,0,0,0,0,0,0,0,0,0,0,0,0,0,0,0,0,0,0,346,17326,0,0,0,0
69629.667,17364,57,0,0,0,0,0,8,59033,44,53,0,0,0,0,0,0,0,0,0,0,0,0,0,0,0,0,0,0,0,0,0,0,350,16033,0,0,0,0
69645.958,16292,61,0,0,0,0,0,8,59007,44,53,0,0,0,0,0,0,0,0,0,0,0,0,0,0,0,0,0,0,0,0,0,0,337,15858,0,0,0,0
69662.663,16704,59,0,0,0,0,0,8,58302,44,53,0,0,0,0,0,0,0,0,0,0,0,0,0,0,0,0,0,0,0,0,0,0,350,17569,0,0,0,0
69678.929,16266,61,0,0,0,0,0,8,57819,44,53,0,0,0,0,0,0,0,0,0,0,0,0,0,0,0,0,0,0,0,0,0,0,339,17008,0,0,0,0
69695.793,16863,59,0,0,0,0,0,8,57640,44,53,0,0,0,0,0,0,0,0,0,0,0,0,0,0,0,0,0,0,0,0,0,0,338,16413,0,0,0,0
69712.701,16908,59,0,0,0,0,0,8,56967,44,53,0,0,0,0,0,0,0,0,0,0,0,0,0,0,0,0,0,0,0,0,0,0,361,16674,0,0,0,0
69729.014,16312,61,0,0,0,0,0,8,56484,44,53,0,0,0,0,0,0,0,0,0,0,0,0,0,0,0,0,0,0,0,0,0,0,386,16825,0,0,0,0
69745.795,16781,59,0,0,0,0,0,8,56556,44,53,0,0,0,0,0,0,0,0,0,0,0,0,0,0,0,0,0,0,0,0,0,0,324,15624,0,0,0,0
69762.344,16548,60,0,0,0,0,0,8,57369,44,53,0,0,0,0,0,0,0,0,0,0,0,0,0,0,0,0,0,0,0,0,0,0,349,17180,0,0,0,0
69779.655,17310,57,0,0,0,0,0,8,56442,44,53,0,0,0,0,0,0,0,0,0,0,0,0,0,0,0,0,0,0,0,0,0,0,358,16634,0,0,0,0
69796.073,16418,60,0,0,0,0,0,8,55432,44,53,0,0,0,0,0,0,0,0,0,0,0,0,0,0,0,0,0,0,0,0,0,0,326,16091,0,0,0,0
69812.505,16431,60,0,0,0,0,0,8,56633,44,53,0,0,0,0,0,0,0,0,0,0,0,0,0,0,0,0,0,0,0,0,0,0,354,17327,0,0,0,0
69829.203,16697,59,0,0,0,0,0,8,56793,44,53,0,0,0,0,0,0,0,0,0,0,0,0,0,0,0,0,0,0,0,0,0,0,350,16639,0,0,0,0
69845.800,16597,60,0,0,0,0,0,8,57016,44,53,0,0,0,0,0,0,0,0,0,0,0,0,0,0,0,0,0,0,0,0,0,0,322,16177,0,0,0,0
69862.413,16613,60,0,0,0,0,0,8,57329,44,53,0,0,0,0,0,0,0,0,0,0,0,0,0,0,0,0,0,0,0,0,0,0,342,17120,0,0,0,0
69879.171,16757,59,0,0,0,0,0,8,56769,44,53,0,0,0,0,0,0,0,0,0,0,0,0,0,0,0,0,0,0,0,0,0,0,321,16768,0,0,0,0
69895.876,16704,59,0,0,0,0,0,8,56889,44,53,0,0,0,0,0,0,0,0,0,0,0,0,0,0,0,0,0,0,0,0,0,0,327,16487,0,0,0,0
69912.313,16437,60,0,0,0,0,0,8,56863,44,53,0,0,0,0,0,0,0,0,0,0,0,0,0,0,0,0,0,0,0,0,0,0,365,16856,0,0,0,0
69928.883,16569,60,0,0,0,0,0,8,58781,44,53,0,0,0,0,0,0,0,0,0,0,0,0,0,0,0,0,0,0,0,0,0,0,351,16159,0,0,0,0
69945.213,16330,61,0,0,0,0,0,8,59419,44,53,0,0,0,0,0,0,0,0,0,0,0,0,0,0,0,0,0,0,0,0,0,0,345,17014,0,0,0,0
69962.271,17057,58,0,0,0,0,0,8,58915,44,53,0,0,0,0,0,0,0,0,0,0,0,0,0,0,0,0,0,0,0,0,0,0,373,17218,0,0,0,0
69979.441,17170,58,0,0,0,0,0,8,58945,44,53,0,0,0,0,0,0,0,0,0,0,0,0,0,0,0,0,0,0,0,0,0,0,329,15689,0,0,0,0
69996.073,16632,60,0,0,0,0,0,8,59643,44,53,0,0,0,0,0,0,0,0,0,0,0,0,0,0,0,0,0,0,0,0,0,0,323,17166,0,0,0,0
70011.896,15823,63,0,0,0,0,0,8,58995,44,53,0,0,0,0,0,0,0,0,0,0,0,0,0,0,0,0,0,0,0,0,0,0,357,16777,0,0,0,0
70029.270,17373,57,0,0,0,0,0,8,59403,44,53,0,0,0,0,0,0,0,0,0,0,0,0,0,0,0,0,0,0,0,0,0,0,333,16240,0,0,0,0
70045.848,16577,60,0,0,0,0,0,8,59360,44,53,0,0,0,0,0,0,0,0,0,0,0,0,0,0,0,0,0,0,0,0,0,0,345,16903,0,0,0,0
70062.324,16476,60,0,0,0,0,0,8,59011,44,53,0,0,0,0,0,0,0,0,0,0,0,0,0,0,0,0,0,0,0,0,0,0,345,16547,0,0,0,0
70079.116,16792,59,0,0,0,0,0,8,58500,44,53,0,0,0,0,0,0,0,0,0,0,0,0,0,0,0,0,0,0,0,0,0,0,360,16883,0,0,0,0
70095.787,16670,59,0,0,0,0,0,8,58903,44,53,0,0,0,0,0,0,0,0,0,0,0,0,0,0,0,0,0,0,0,0,0,0,345,16359,0,0,0,0
70112.191,16404,60,0,0,0,0,0,8,59991,44,53,0,0,0,0,0,0,0,0,0,0,0,0,0,0,0,0,0,0,0,0,0,0,361,17505,0,0,0,0
70129.112,16921,59,0,0,0,0,0,8,58336,44,53,0,0,0,0,0,0,0,0,0,0,0,0,0,0,0,0,0,0,0,0,0,0,332,16188,0,0,0,0
70145.850,16737,59,0,0,0,0,0,8,58641,44,53,0,0,0,0,0,0,0,0,0,0,0,0,0,0,0,0,0,0,0,0,0,0,376,16602,0,0,0,0
70162.164,16314,61,0,0,0,0,0,8,57984,44,53,0,0,0,0,0,0,0,0,0,0,0,0,0,0,0,0,0,0,0,0,0,0,363,16611,0,0,0,0
70179.168,17003,58,0,0,0,0,0,8,58118,44,53,0,0,0,0,0,0,0,0,0,0,0,0,0,0,0,0,0,0,0,0,0,0,332,16557,0,0,0,0
70196.665,17496,57,0,0,0,0,0,8,57222,44,53,0,0,0,0,0,0,0,0,0,0,0,0,0,0,0,0,0,0,0,0,0,0,339,17237,0,0,0,0
70212.298,15633,63,0,0,0,0,0,8,57313,44,53,0,0,0,0,0,0,0,0,0,0,0,0,0,0,0,0,0,0,0,0,0,0,352,17335,0,0,0,0
70229.582,17284,57,0,0,0,0,0,8,56507,44,53,0,0,0,0,0,0,0,0,0,0,0,0,0,0,0,0,0,0,0,0,0,0,307,15559,0,0,0,0
70245.810,16227,61,0,0,0,0,0,8,56828,44,53,0,0,0,0,0,0,0,0,0,0,0,0,0,0,0,0,0,0,0,0,0,0,339,17195,0,0,0,0
70261.821,16011,62,0,0,0,0,0,8,57570,44,53,0,0,0,0,0,0,0,0,0,0,0,0,0,0,0,0,0,0,0,0,0,0,348,16473,0,0,0,0
70279.342,17520,57,0,0,0,0,0,8,57877,44,53,0,0,0,0,0,0,0,0,0,0,0,0,0,0,0,0,0,0,0,0,0,0,340,15471,0,0,0,0
70295.768,16426,60,0,0,0,0,0,8,57709,44,53,0,0,0,0,0,0,0,0,0,0,0,0,0,0,0,0,0,0,0,0,0,0,341,17710,0,0,0,0
70312.649,16881,59,0,0,0,0,0,8,57438,44,53,0,0,0,0,0,0,0,0,0,0,0,0,0,0,0,0,0,0,0,0,0,0,345,16685,0,0,0,0
70329.305,16656,60,0,0,0,0,0,8,60217,44,53,0,0,0,0,0,0,0,0,0,0,0,0,0,0,0,0,0,0,0,0,0,0,362,17338,0,0,0,0
70345.812,16506,60,0,0,0,0,0,8,58546,44,53,0,0,0,0,0,0,0,0,0,0,0,0,0,0,0,0,0,0,0,0,0,0,337,15702,0,0,0,0
70362.496,16684,59,0,0,0,0,0,8,58251,44,53,0,0,0,0,0,0,0,0,0,0,0,0,0,0,0,0,0,0,0,0,0,0,359,17232,0,0,0,0
70379.358,16861,59,0,0,0,0,0,8,58490,44,53,0,0,0,0,0,0,0,0,0,0,0,0,0,0,0,0,0,0,0,0,0,0,340,16791,0,0,0,0
70396.660,17290,57,0,0,0,0,0,8,58775,44,53,0,0,0,0,0,0,0,0,0,0,0,0,0,0,0,0,0,0,0,0,0,0,348,16678,0,0,0,0
70412.548,15899,62,0,0,0,0,0,8,57815,44,53,0,0,0,0,0,0,0,0,0,0,0,0,0,0,0,0,0,0,0,0,0,0,353,17305,0,0,0,0
70429.289,16741,59,0,0,0,0,0,8,58790,44,53,0,0,0,0,0,0,0,0,0,0,0,0,0,0,0,0,0,0,0,0,0,0,323,15319,0,0,0,0
70445.781,16492,60,0,0,0,0,0,8,58882,44,53,0,0,0,0,0,0,0,0,0,0,0,0,0,0,0,0,0,0,0,0,0,0,337,17176,0,0,0,0
70463.177,17395,57,0,0,0,0,0,8,59267,44,53,0,0,0,0,0,0,0,0,0,0,0,0,0,0,0,0,0,0,0,0,0,0,338,16422,0,0,0,0
70479.711,16534,60,0,0,0,0,0,8,58885,44,53,0,0,0,0,0,0,0,0,0,0,0,0,0,0,0,0,0,0,0,0,0,0,355,17163,0,0,0,0
70495.694,15982,62,0,0,0,0,0,8,57804,44,53,0,0,0,0,0,0,0,0,0,0,0,0,0,0,0,0,0,0,0,0,0,0,331,16387,0,0,0,0
70512.531,16837,59,0,0,0,0,0,8,57856,44,53,0,0,0,0,0,0,0,0,0,0,0,0,0,0,0,0,0,0,0,0,0,0,338,15931,0,0,0,0
70529.332,16801,59,0,0,0,0,0,8,58477,44,53,0,0,0,0,0,0,0,0,0,0,0,0,0,0,0,0,0,0,0,0,0,0,343,16975,0,0,0,0
70545.783,16450,60,0,0,0,0,0,8,58051,44,53,0,0,0,0,0,0,0,0,0,0,0,0,0,0,0,0,0,0,0,0,0,0,330,16469,0,0,0,0
70562.646,16862,59,0,0,0,0,0,8,58406,44,53,0,0,0,0,0,0,0,0,0,0,0,0,0,0,0,0,0,0,0,0,0,0,365,17567,0,0,0,0
70579.202,16555,60,0,0,0,0,0,8,58274,44,53,0,0,0,0,0,0,0,0,0,0,0,0,0,0,0,0,0,0,0,0,0,0,359,16426,0,0,0,0
70595.695,16493,60,0,0,0,0,0,8,58276,44,53,0,0,0,0,0,0,0,0,0,0,0,0,0,0,0,0,0,0,0,0,0,0,332,16041,0,0,0,0
70611.753,16058,62,0,0,0,0,0,8,58755,44,53,0,0,0,0,0,0,0,0,0,0,0,0,0,0,0,0,0,0,0,0,0,0,361,17215,0,0,0,0
70629.660,17906,55,0,0,0,0,0,8,58261,44,53,0,0,0,0,0,0,0,0,0,0,0,0,0,0,0,0,0,0,0,0,0,0,333,15801,0,0,0,0
70645.547,15887,62,0,0,0,0,0,8,58501,44,53,0,0,0,0,0,0,0,0,0,0,0,0,0,0,0,0,0,0,0,0,0,0,384,17779,0,0,0,0
70662.364,16816,59,0,0,0,0,0,8,58358,44,53,0,0,0,0,0,0,0,0,0,0,0,0,0,0,0,0,0,0,0,0,0,0,337,16148,0,0,0,0
70679.200,16836,59,0,0,0,0,0,8,58093,44,53,0,0,0,0,0,0,0,0,0,0,0,0,0,0,0,0,0,0,0,0,0,0,351,16472,0,0,0,0
70695.085,15885,62,0,0,0,0,0,8,58827,44,53,0,0,0,0,0,0,0,0,0,0,0,0,0,0,0,0,0,0,0,0,0,0,348,16497,0,0,0,0
70712.168,17083,58,0,0,0,0,0,8,58510,44,53,0,0,0,0,0,0,0,0,0,0,0,0,0,0,0,0,0,0,0,0,0,0,350,16045,0,0,0,0
70729.297,17128,58,0,0,0,0,0,8,58499,44,53,0,0,0,0,0,0,0,0,0,0,0,0,0,0,0,0,0,0,0,0,0,0,373,17673,0,0,0,0
70745.793,16485,60,0,0,0,0,0,8,58554,44,53,0,0,0,0,0,0,0,0,0,0,0,0,0,0,0,0,0,0,0,0,0,0,334,16324,0,0,0,0
70762.595,16811,59,0,0,0,0,0,8,58659,44,53,0,0,0,0,0,0,0,0,0,0,0,0,0,0,0,0,0,0,0,0,0,0,355,17255,0,0,0,0
70779.189,16594,60,0,0,0,0,0,8,59405,44,53,0,0,0,0,0,0,0,0,0,0,0,0,0,0,0,0,0,0,0,0,0,0,352,16320,0,0,0,0
70795.789,16599,60,0,0,0,0,0,8,58660,44,53,0,0,0,0,0,0,0,0,0,0,0,0,0,0,0,0,0,0,0,0,0,0,337,16556,0,0,0,0
70812.586,16797,59,0,0,0,0,0,8,58525,44,53,0,0,0,0,0,0,0,0,0,0,0,0,0,0,0,0,0,0,0,0,0,0,339,17085,0,0,0,0
70829.296,16709,59,0,0,0,0,0,8,58313,44,53,0,0,0,0,0,0,0,0,0,0,0,0,0,0,0,0,0,0,0,0,0,0,356,16207,0,0,0,0
70845.202,15905,62,0,0,0,0,0,8,58513,44,53,0,0,0,0,0,0,0,0,0,0,0,0,0,0,0,0,0,0,0,0,0,0,348,16880,0,0,0,0
70862.160,16958,58,0,0,0,0,0,8,59176,44,53,0,0,0,0,0,0,0,0,0,0,0,0,0,0,0,0,0,0,0,0,0,0,350,16169,0,0,0,0
70879.323,17163,58,0,0,0,0,0,8,58455,44,53,0,0,0,0,0,0,0,0,0,0,0,0,0,0,0,0,0,0,0,0,0,0,344,16754,0,0,0,0
70896.003,16679,59,0,0,0,0,0,8,58825,44,53,0,0,0,0,0,0,0,0,0,0,0,0,0,0,0,0,0,0,0,0,0,0,325,17496,0,0,0,0
70912.458,16455,60,0,0,0,0,0,8,60385,44,53,0,0,0,0,0,0,0,0,0,0,0,0,0,0,0,0,0,0,0,0,0,0,385,16402,0,0,0,0
70928.972,16513,60,0,0,0,0,0,8,58482,44,53,0,0,0,0,0,0,0,0,0,0,0,0,0,0,0,0,0,0,0,0,0,0,361,16671,0,0,0,0
70945.642,16669,59,0,0,0,0,0,8,59313,44,53,0,0,0,0,0,0,0,0,0,0,0,0,0,0,0,0,0,0,0,0,0,0,320,16759,0,0,0,0
70962.644,17002,58,0,0,0,0,0,8,58692,44,53,0,0,0,0,0,0,0,0,0,0,0,0,0,0,0,0,0,0,0,0,0,0,357,16385,0,0,0,0
70979.305,16661,60,0,0,0,0,0,8,58252,44,53,0,0,0,0,0,0,0,0,0,0,0,0,0,0,0,0,0,0,0,0,0,0,342,15951,0,0,0,0
70995.686,16381,61,0,0,0,0,0,8,59019,44,53,0,0,0,0,0,0,0,0,0,0,0,0,0,0,0,0,0,0,0,0,0,0,333,17261,0,0,0,0
71012.641,16954,58,0,0,0,0,0,8,60302,44,53,0,0,0,0,0,0,0,0,0,0,0,0,0,0,0,0,0,0,0,0,0,0,345,16526,0,0,0,0
71028.934,16293,61,0,0,0,0,0,8,59001,44,53,0,0,0,0,0,0,0,0,0,0,0,0,0,0,0,0,0,0,0,0,0,0,328,16405,0,0,0,0
71045.836,16902,59,0,0,0,0,0,8,58538,44,53,0,0,0,0,0,0,0,0,0,0,0,0,0,0,0,0,0,0,0,0,0,0,327,16830,0,0,0,0
71062.640,16804,59,0,0,0,0,0,8,59030,44,53,0,0,0,0,0,0,0,0,0,0,0,0,0,0,0,0,0,0,0,0,0,0,384,17632,0,0,0,0
71079.220,16579,60,0,0,0,0,0,8,58432,44,53,0,0,0,0,0,0,0,0,0,0,0,0,0,0,0,0,0,0,0,0,0,0,353,16480,0,0,0,0
71095.780,16560,60,0,0,0,0,0,8,58530,44,53,0,0,0,0,0,0,0,0,0,0,0,0,0,0,0,0,0,0,0,0,0,0,341,15886,0,0,0,0
71112.672,16891,59,0,0,0,0,0,8,58689,44,53,0,0,0,0,0,0,0,0,0,0,0,0,0,0,0,0,0,0,0,0,0,0,351,17233,0,0,0,0
71129.116,16443,60,0,0,0,0,0,8,58309,44,53,0,0,0,0,0,0,0,0,0,0,0,0,0,0,0,0,0,0,0,0,0,0,351,17282,0,0,0,0
71146.642,17526,57,0,0,0,0,0,8,58366,44,53,0,0,0,0,0,0,0,0,0,0,0,0,0,0,0,0,0,0,0,0,0,0,341,15259,0,0,0,0
71161.856,15214,65,0,0,0,0,0,8,58679,44,53,0,0,0,0,0,0,0,0,0,0,0,0,0,0,0,0,0,0,0,0,0,0,336,18306,0,0,0,0
71178.845,16988,58,0,0,0,0,0,8,57961,44,53,0,0,0,0,0,0,0,0,0,0,0,0,0,0,0,0,0,0,0,0,0,0,361,15745,0,0,0,0
71195.998,17153,58,0,0,0,0,0,8,58834,44,53,0,0,0,0,0,0,0,0,0,0,0,0,0,0,0,0,0,0,0,0,0,0,337,17364,0,0,0,0
71212.510,16512,60,0,0,0,0,0,8,58756,44,53,0,0,0,0,0,0,0,0,0,0,0,0,0,0,0,0,0,0,0,0,0,0,343,15887,0,0,0,0
71229.160,16649,60,0,0,0,0,0,8,58123,44,53,0,0,0,0,0,0,0,0,0,0,0,0,0,0,0,0,0,0,0,0,0,0,336,16749,0,0,0,0
71245.915,16754,59,0,0,0,0,0,8,58419,44,53,0,0,0,0,0,0,0,0,0,0,0,0,0,0,0,0,0,0,0,0,0,0,358,16827,0,0,0,0
71262.387,16472,60,0,0,0,0,0,8,58333,44,53,0,0,0,0,0,0,0,0,0,0,0,0,0,0,0,0,0,0,0,0,0,0,327,16311,0,0,0,0
71279.181,16794,59,0,0,0,0,0,8,58728,44,53,0,0,0,0,0,0,0,0,0,0,0,0,0,0,0,0,0,0,0,0,0,0,342,17160,0,0,0,0
71295.804,16622,60,0,0,0,0,0,8,58071,44,53,0,0,0,0,0,0,0,0,0,0,0,0,0,0,0,0,0,0,0,0,0,0,335,16153,0,0,0,0
71312.651,16836,59,0,0,0,0,0,8,59712,44,53,0,0,0,0,0,0,0,0,0,0,0,0,0,0,0,0,0,0,0,0,0,0,343,16323,0,0,0,0
71329.325,16684,59,0,0,0,0,0,8,58079,44,53,0,0,0,0,0,0,0,0,0,0,0,0,0,0,0,0,0,0,0,0,0,0,385,17559,0,0,0,0
71345.777,16452,60,0,0,0,0,0,8,57874,44,53,0,0,0,0,0,0,0,0,0,0,0,0,0,0,0,0,0,0,0,0,0,0,336,15701,0,0,0,0
71362.637,16860,59,0,0,0,0,0,8,58464,44,53,0,0,0,0,0,0,0,0,0,0,0,0,0,0,0,0,0,0,0,0,0,0,339,17488,0,0,0,0
71379.157,16519,60,0,0,0,0,0,8,59226,44,53,0,0,0,0,0,0,0,0,0,0,0,0,0,0,0,0,0,0,0,0,0,0,339,16902,0,0,0,0
71395.792,16635,60,0,0,0,0,0,8,57588,44,53,0,0,0,0,0,0,0,0,0,0,0,0,0,0,0,0,0,0,0,0,0,0,356,16332,0,0,0,0
71412.614,16822,59,0,0,0,0,0,8,57718,44,53,0,0,0,0,0,0,0,0,0,0,0,0,0,0,0,0,0,0,0,0,0,0,335,16857,0,0,0,0
71429.158,16543,60,0,0,0,0,0,8,57469,44,53,0,0,0,0,0,0,0,0,0,0,0,0,0,0,0,0,0,0,0,0,0,0,338,16168,0,0,0,0
71445.561,16403,60,0,0,0,0,0,8,58480,44,53,0,0,0,0,0,0,0,0,0,0,0,0,0,0,0,0,0,0,0,0,0,0,343,17343,0,0,0,0
71462.639,17077,58,0,0,0,0,0,8,57637,44,53,0,0,0,0,0,0,0,0,0,0,0,0,0,0,0,0,0,0,0,0,0,0,329,15706,0,0,0,0
71479.158,16519,60,0,0,0,0,0,8,58544,44,53,0,0,0,0,0,0,0,0,0,0,0,0,0,0,0,0,0,0,0,0,0,0,334,16298,0,0,0,0
71495.775,16616,60,0,0,0,0,0,8,60197,44,53,0,0,0,0,0,0,0,0,0,0,0,0,0,0,0,0,0,0,0,0,0,0,340,17756,0,0,0,0
71512.291,16515,60,0,0,0,0,0,8,58577,44,53,0,0,0,0,0,0,0,0,0,0,0,0,0,0,0,0,0,0,0,0,0,0,332,16183,0,0,0,0
71528.945,16654,60,0,0,0,0,0,8,58728,44,53,0,0,0,0,0,0,0,0,0,0,0,0,0,0,0,0,0,0,0,0,0,0,336,16523,0,0,0,0
71545.795,16850,59,0,0,0,0,0,8,59492,44,53,0,0,0,0,0,0,0,0,0,0,0,0,0,0,0,0,0,0,0,0,0,0,355,16887,0,0,0,0
71562.282,16486,60,0,0,0,0,0,8,59787,44,53,0,0,0,0,0,0,0,0,0,0,0,0,0,0,0,0,0,0,0,0,0,0,332,16593,0,0,0,0
71579.644,17362,57,0,0,0,0,0,8,59440,44,53,0,0,0,0,0,0,0,0,0,0,0,0,0,0,0,0,0,0,0,0,0,0,339,16509,0,0,0,0
71595.639,15994,62,0,0,0,0,0,8,59017,44,53,0,0,0,0,0,0,0,0,0,0,0,0,0,0,0,0,0,0,0,0,0,0,328,17931,0,0,0,0
71612.643,17004,58,0,0,0,0,0,8,60216,44,53,0,0,0,0,0,0,0,0,0,0,0,0,0,0,0,0,0,0,0,0,0,0,336,16318,0,0,0,0
71629.174,16530,60,0,0,0,0,0,8,58629,44,53,0,0,0,0,0,0,0,0,0,0,0,0,0,0,0,0,0,0,0,0,0,0,335,16858,0,0,0,0
71645.775,16601,60,0,0,0,0,0,8,61284,44,53,0,0,0,0,0,0,0,0,0,0,0,0,0,0,0,0,0,0,0,0,0,0,338,15849,0,0,0,0
71662.641,16865,59,0,0,0,0,0,8,58712,44,53,0,0,0,0,0,0,0,0,0,0,0,0,0,0,0,0,0,0,0,0,0,0,350,17206,0,0,0,0
71678.924,16283,61,0,0,0,0,0,8,59411,44,53,0,0,0,0,0,0,0,0,0,0,0,0,0,0,0,0,0,0,0,0,0,0,336,16704,0,0,0,0
71695.980,17056,58,0,0,0,0,0,8,58264,44,53,0,0,0,0,0,0,0,0,0,0,0,0,0,0,0,0,0,0,0,0,0,0,368,15474,0,0,0,0
71712.314,16333,61,0,0,0,0,0,8,58086,44,53,0,0,0,0,0,0,0,0,0,0,0,0,0,0,0,0,0,0,0,0,0,0,354,17465,0,0,0,0
71729.155,16841,59,0,0,0,0,0,8,57351,44,53,0,0,0,0,0,0,0,0,0,0,0,0,0,0,0,0,0,0,0,0,0,0,316,16222,0,0,0,0
71745.781,16625,60,0,0,0,0,0,8,61388,44,53,0,0,0,0,0,0,0,0,0,0,0,0,0,0,0,0,0,0,0,0,0,0,320,17010,0,0,0,0
71762.476,16695,59,0,0,0,0,0,8,57237,44,53,0,0,0,0,0,0,0,0,0,0,0,0,0,0,0,0,0,0,0,0,0,0,325,16989,0,0,0,0
71778.640,16163,61,0,0,0,0,0,8,57877,44,53,0,0,0,0,0,0,0,0,0,0,0,0,0,0,0,0,0,0,0,0,0,0,341,16121,0,0,0,0
71795.553,16913,59,0,0,0,0,0,8,57058,44,53,0,0,0,0,0,0,0,0,0,0,0,0,0,0,0,0,0,0,0,0,0,0,323,15081,0,0,0,0
71812.177,16623,60,0,0,0,0,0,8,57464,44,53,0,0,0,0,0,0,0,0,0,0,0,0,0,0,0,0,0,0,0,0,0,0,361,18392,0,0,0,0
71829.279,17102,58,0,0,0,0,0,8,56651,44,53,0,0,0,0,0,0,0,0,0,0,0,0,0,0,0,0,0,0,0,0,0,0,336,16572,0,0,0,0
71845.564,16285,61,0,0,0,0,0,8,56512,44,53,0,0,0,0,0,0,0,0,0,0,0,0,0,0,0,0,0,0,0,0,0,0,338,16555,0,0,0,0
71862.280,16715,59,0,0,0,0,0,8,57158,44,53,0,0,0,0,0,0,0,0,0,0,0,0,0,0,0,0,0,0,0,0,0,0,334,16667,0,0,0,0
71879.233,16953,58,0,0,0,0,0,8,56200,44,53,0,0,0,0,0,0,0,0,0,0,0,0,0,0,0,0,0,0,0,0,0,0,351,16746,0,0,0,0
71895.533,16300,61,0,0,0,0,0,8,56453,44,53,0,0,0,0,0,0,0,0,0,0,0,0,0,0,0,0,0,0,0,0,0,0,344,16393,0,0,0,0
71912.655,17122,58,0,0,0,0,0,8,56278,44,53,0,0,0,0,0,0,0,0,0,0,0,0,0,0,0,0,0,0,0,0,0,0,358,16532,0,0,0,0
71929.154,16498,60,0,0,0,0,0,8,56184,44,53,0,0,0,0,0,0,0,0,0,0,0,0,0,0,0,0,0,0,0,0,0,0,326,17367,0,0,0,0
71945.779,16624,60,0,0,0,0,0,8,56790,44,53,0,0,0,0,0,0,0,0,0,0,0,0,0,0,0,0,0,0,0,0,0,0,339,16926,0,0,0,0
71962.146,16367,61,0,0,0,0,0,8,56087,44,53,0,0,0,0,0,0,0,0,0,0,0,0,0,0,0,0,0,0,0,0,0,0,347,16015,0,0,0,0
71980.177,18030,55,0,0,0,0,0,8,55948,44,53,0,0,0,0,0,0,0,0,0,0,0,0,0,0,0,0,0,0,0,0,0,0,316,16607,0,0,0,0
71995.521,15344,65,0,0,0,0,0,8,56422,44,53,0,0,0,0,0,0,0,0,0,0,0,0,0,0,0,0,0,0,0,0,0,0,350,17800,0,0,0,0
72012.422,16901,59,0,0,0,0,0,8,55818,44,53,0,0,0,0,0,0,0,0,0,0,0,0,0,0,0,0,0,0,0,0,0,0,338,15541,0,0,0,0
72028.934,16511,60,0,0,0,0,0,8,58302,44,53,0,0,0,0,0,0,0,0,0,0,0,0,0,0,0,0,0,0,0,0,0,0,360,17201,0,0,0,0
72045.777,16842,59,0,0,0,0,0,8,55657,44,53,0,0,0,0,0,0,0,0,0,0,0,0,0,0,0,0,0,0,0,0,0,0,343,16180,0,0,0,0
72062.645,16868,59,0,0,0,0,0,8,56142,44,53,0,0,0,0,0,0,0,0,0,0,0,0,0,0,0,0,0,0,0,0,0,0,333,17913,0,0,0,0
72079.303,16658,60,0,0,0,0,0,8,55403,44,53,0,0,0,0,0,0,0,0,0,0,0,0,0,0,0,0,0,0,0,0,0,0,315,14846,0,0,0,0
72095.790,16486,60,0,0,0,0,0,8,54320,44,53,0,0,0,0,0,0,0,0,0,0,0,0,0,0,0,0,0,0,0,0,0,0,367,17419,0,0,0,0
72112.640,16849,59,0,0,0,0,0,8,54705,44,53,0,0,0,0,0,0,0,0,0,0,0,0,0,0,0,0,0,0,0,0,0,0,344,17152,0,0,0,0
72129.192,16552,60,0,0,0,0,0,8,53722,44,53,0,0,0,0,0,0,0,0,0,0,0,0,0,0,0,0,0,0,0,0,0,0,352,16320,0,0,0,0
72145.845,16653,60,0,0,0,0,0,8,53927,44,53,0,0,0,0,0,0,0,0,0,0,0,0,0,0,0,0,0,0,0,0,0,0,338,16188,0,0,0,0
72162.308,16462,60,0,0,0,0,0,8,53873,44,53,0,0,0,0,0,0,0,0,0,0,0,0,0,0,0,0,0,0,0,0,0,0,337,17107,0,0,0,0
72179.180,16872,59,0,0,0,0,0,8,53770,44,53,0,0,0,0,0,0,0,0,0,0,0,0,0,0,0,0,0,0,0,0,0,0,330,16649,0,0,0,0
72196.152,16972,58,0,0,0,0,0,8,56798,44,53,0,0,0,0,0,0,0,0,0,0,0,0,0,0,0,0,0,0,0,0,0,0,309,16776,0,0,0,0
72212.287,16134,61,0,0,0,0,0,8,54781,44,53,0,0,0,0,0,0,0,0,0,0,0,0,0,0,0,0,0,0,0,0,0,0,329,16845,0,0,0,0
72229.163,16876,59,0,0,0,0,0,8,54365,44,53,0,0,0,0,0,0,0,0,0,0,0,0,0,0,0,0,0,0,0,0,0,0,309,16556,0,0,0,0
72246.150,16986,58,0,0,0,0,0,8,53082,44,53,0,0,0,0,0,0,0,0,0,0,0,0,0,0,0,0,0,0,0,0,0,0,316,16670,0,0,0,0
72262.285,16135,61,0,0,0,0,0,8,52591,44,53,0,0,0,0,0,0,0,0,0,0,0,0,0,0,0,0,0,0,0,0,0,0,338,16484,0,0,0,0
72278.891,16605,60,0,0,0,0,0,8,53931,44,53,0,0,0,0,0,0,0,0,0,0,0,0,0,0,0,0,0,0,0,0,0,0,329,16494,0,0,0,0
72295.225,16334,61,0,0,0,0,0,8,52557,44,53,0,0,0,0,0,0,0,0,0,0,0,0,0,0,0,0,0,0,0,0,0,0,375,16122,0,0,0,0
72312.220,16994,58,0,0,0,0,0,8,53293,44,53,0,0,0,0,0,0,0,0,0,0,0,0,0,0,0,0,0,0,0,0,0,0,332,16509,0,0,0,0
72329.186,16966,58,0,0,0,0,0,8,52517,44,53,0,0,0,0,0,0,0,0,0,0,0,0,0,0,0,0,0,0,0,0,0,0,354,17305,0,0,0,0
72345.824,16637,60,0,0,0,0,0,8,53698,44,53,0,0,0,0,0,0,0,0,0,0,0,0,0,0,0,0,0,0,0,0,0,0,350,16710,0,0,0,0
72362.640,16816,59,0,0,0,0,0,8,54023,44,53,0,0,0,0,0,0,0,0,0,0,0,0,0,0,0,0,0,0,0,0,0,0,354,16818,0,0,0,0
72379.637,16996,58,0,0,0,0,0,8,52047,44,53,0,0,0,0,0,0,0,0,0,0,0,0,0,0,0,0,0,0,0,0,0,0,369,15663,0,0,0,0
72395.769,16132,61,0,0,0,0,0,8,51454,44,53,0,0,0,0,0,0,0,0,0,0,0,0,0,0,0,0,0,0,0,0,0,0,382,18124,0,0,0,0
72412.177,16408,60,0,0,0,0,0,8,51781,44,53,0,0,0,0,0,0,0,0,0,0,0,0,0,0,0,0,0,0,0,0,0,0,330,16634,0,0,0,0
72428.952,16774,59,0,0,0,0,0,8,51482,44,53,0,0,0,0,0,0,0,0,0,0,0,0,0,0,0,0,0,0,0,0,0,0,330,16037,0,0,0,0
72445.714,16761,59,0,0,0,0,0,8,52018,44,53,0,0,0,0,0,0,0,0,0,0,0,0,0,0,0,0,0,0,0,0,0,0,354,16601,0,0,0,0
72462.635,16920,59,0,0,0,0,0,8,50879,44,53,0,0,0,0,0,0,0,0,0,0,0,0,0,0,0,0,0,0,0,0,0,0,367,16423,0,0,0,0
72479.109,16474,60,0,0,0,0,0,8,50685,44,53,0,0,0,0,0,0,0,0,0,0,0,0,0,0,0,0,0,0,0,0,0,0,401,17237,0,0,0,0
72495.644,16535,60,0,0,0,0,0,8,50384,44,53,0,0,0,0,0,0,0,0,0,0,0,0,0,0,0,0,0,0,0,0,0,0,359,16260,0,0,0,0
72512.275,16631,60,0,0,0,0,0,8,50478,44,53,0,0,0,0,0,0,0,0,0,0,0,0,0,0,0,0,0,0,0,0,0,0,322,16484,0,0,0,0
72529.226,16951,58,0,0,0,0,0,8,50798,44,53,0,0,0,0,0,0,0,0,0,0,0,0,0,0,0,0,0,0,0,0,0,0,356,16843,0,0,0,0
72545.889,16662,60,0,0,0,0,0,8,50507,44,53,0,0,0,0,0,0,0,0,0,0,0,0,0,0,0,0,0,0,0,0,0,0,337,16385,0,0,0,0
72562.631,16742,59,0,0,0,0,0,8,50315,44,53,0,0,0,0,0,0,0,0,0,0,0,0,0,0,0,0,0,0,0,0,0,0,348,16731,0,0,0,0
72579.318,16687,59,0,0,0,0,0,8,49942,44,53,0,0,0,0,0,0,0,0,0,0,0,0,0,0,0,0,0,0,0,0,0,0,335,16020,0,0,0,0
72595.913,16593,60,0,0,0,0,0,8,51258,44,53,0,0,0,0,0,0,0,0,0,0,0,0,0,0,0,0,0,0,0,0,0,0,345,17518,0,0,0,0
72612.629,16716,59,0,0,0,0,0,8,51061,44,53,0,0,0,0,0,0,0,0,0,0,0,0,0,0,0,0,0,0,0,0,0,0,368,16805,0,0,0,0
72629.007,16378,61,0,0,0,0,0,8,49982,44,53,0,0,0,0,0,0,0,0,0,0,0,0,0,0,0,0,0,0,0,0,0,0,346,15864,0,0,0,0
72645.763,16755,59,0,0,0,0,0,8,50313,44,53,0,0,0,0,0,0,0,0,0,0,0,0,0,0,0,0,0,0,0,0,0,0,344,17480,0,0,0,0
72662.226,16463,60,0,0,0,0,0,8,50141,44,53,0,0,0,0,0,0,0,0,0,0,0,0,0,0,0,0,0,0,0,0,0,0,329,16674,0,0,0,0
72679.148,16922,59,0,0,0,0,0,8,49836,44,53,0,0,0,0,0,0,0,0,0,0,0,0,0,0,0,0,0,0,0,0,0,0,356,15946,0,0,0,0
72695.790,16641,60,0,0,0,0,0,8,51309,44,53,0,0,0,0,0,0,0,0,0,0,0,0,0,0,0,0,0,0,0,0,0,0,359,17823,0,0,0,0
72712.320,16530,60,0,0,0,0,0,8,51406,44,53,0,0,0,0,0,0,0,0,0,0,0,0,0,0,0,0,0,0,0,0,0,0,370,16567,0,0,0,0
72729.160,16840,59,0,0,0,0,0,8,50727,44,53,0,0,0,0,0,0,0,0,0,0,0,0,0,0,0,0,0,0,0,0,0,0,346,16178,0,0,0,0
72745.765,16605,60,0,0,0,0,0,8,50265,44,53,0,0,0,0,0,0,0,0,0,0,0,0,0,0,0,0,0,0,0,0,0,0,347,17040,0,0,0,0
72762.508,16742,59,0,0,0,0,0,8,50139,44,53,0,0,0,0,0,0,0,0,0,0,0,0,0,0,0,0,0,0,0,0,0,0,326,15907,0,0,0,0
72779.279,16770,59,0,0,0,0,0,8,50447,44,53,0,0,0,0,0,0,0,0,0,0,0,0,0,0,0,0,0,0,0,0,0,0,346,17266,0,0,0,0
72795.828,16549,60,0,0,0,0,0,8,50892,44,53,0,0,0,0,0,0,0,0,0,0,0,0,0,0,0,0,0,0,0,0,0,0,341,16423,0,0,0,0
72812.274,16445,60,0,0,0,0,0,8,50879,44,53,0,0,0,0,0,0,0,0,0,0,0,0,0,0,0,0,0,0,0,0,0,0,338,16817,0,0,0,0
72829.240,16965,58,0,0,0,0,0,8,50928,44,53,0,0,0,0,0,0,0,0,0,0,0,0,0,0,0,0,0,0,0,0,0,0,355,16528,0,0,0,0
72845.797,16557,60,0,0,0,0,0,8,50880,44,53,0,0,0,0,0,0,0,0,0,0,0,0,0,0,0,0,0,0,0,0,0,0,359,16825,0,0,0,0
72862.629,16831,59,0,0,0,0,0,8,51109,44,53,0,0,0,0,0,0,0,0,0,0,0,0,0,0,0,0,0,0,0,0,0,0,362,16457,0,0,0,0
72879.183,16554,60,0,0,0,0,0,8,51127,44,53,0,0,0,0,0,0,0,0,0,0,0,0,0,0,0,0,0,0,0,0,0,0,414,16663,0,0,0,0
72895.779,16595,60,0,0,0,0,0,8,51318,44,53,0,0,0,0,0,0,0,0,0,0,0,0,0,0,0,0,0,0,0,0,0,0,343,16660,0,0,0,0
72911.897,16118,62,0,0,0,0,0,8,51594,44,53,0,0,0,0,0,0,0,0,0,0,0,0,0,0,0,0,0,0,0,0,0,0,393,16817,0,0,0,0
72929.291,17393,57,0,0,0,0,0,8,51443,44,53,0,0,0,0,0,0,0,0,0,0,0,0,0,0,0,0,0,0,0,0,0,0,353,15613,0,0,0,0
72945.204,15913,62,0,0,0,0,0,8,52345,44,53,0,0,0,0,0,0,0,0,0,0,0,0,0,0,0,0,0,0,0,0,0,0,345,18466,0,0,0,0
72962.622,17418,57,0,0,0,0,0,8,51310,44,53,0,0,0,0,0,0,0,0,0,0,0,0,0,0,0,0,0,0,0,0,0,0,347,15437,0,0,0,0
72979.174,16551,60,0,0,0,0,0,8,53433,44,53,0,0,0,0,0,0,0,0,0,0,0,0,0,0,0,0,0,0,0,0,0,0,357,17569,0,0,0,0
72995.758,16583,60,0,0,0,0,0,8,50851,44,53,0,0,0,0,0,0,0,0,0,0,0,0,0,0,0,0,0,0,0,0,0,0,331,16805,0,0,0,0
73012.627,16868,59,0,0,0,0,0,8,54089,44,53,0,0,0,0,0,0,0,0,0,0,0,0,0,0,0,0,0,0,0,0,0,0,350,16137,0,0,0,0
73029.145,16517,60,0,0,0,0,0,8,50982,44,53,0,0,0,0,0,0,0,0,0,0,0,0,0,0,0,0,0,0,0,0,0,0,347,15868,0,0,0,0
73046.140,16995,58,0,0,0,0,0,8,51688,44,53,0,0,0,0,0,0,0,0,0,0,0,0,0,0,0,0,0,0,0,0,0,0,343,17610,0,0,0,0
73062.309,16168,61,0,0,0,0,0,8,51787,44,53,0,0,0,0,0,0,0,0,0,0,0,0,0,0,0,0,0,0,0,0,0,0,355,17244,0,0,0,0
73079.651,17342,57,0,0,0,0,0,8,52925,44,53,0,0,0,0,0,0,0,0,0,0,0,0,0,0,0,0,0,0,0,0,0,0,338,16077,0,0,0,0
73095.753,16101,62,0,0,0,0,0,8,53245,44,53,0,0,0,0,0,0,0,0,0,0,0,0,0,0,0,0,0,0,0,0,0,0,348,16573,0,0,0,0
73112.623,16870,59,0,0,0,0,0,8,51642,44,53,0,0,0,0,0,0,0,0,0,0,0,0,0,0,0,0,0,0,0,0,0,0,351,16955,0,0,0,0
73129.628,17004,58,0,0,0,0,0,8,51523,44,53,0,0,0,0,0,0,0,0,0,0,0,0,0,0,0,0,0,0,0,0,0,0,342,16736,0,0,0,0
73145.943,16315,61,0,0,0,0,0,8,53168,44,53,0,0,0,0,0,0,0,0,0,0,0,0,0,0,0,0,0,0,0,0,0,0,344,17015,0,0,0,0
73162.167,16224,61,0,0,0,0,0,8,53241,44,53,0,0,0,0,0,0,0,0,0,0,0,0,0,0,0,0,0,0,0,0,0,0,339,15962,0,0,0,0
73179.299,17131,58,0,0,0,0,0,8,53451,44,53,0,0,0,0,0,0,0,0,0,0,0,0,0,0,0,0,0,0,0,0,0,0,336,16432,0,0,0,0
73195.981,16682,59,0,0,0,0,0,8,52185,44,53,0,0,0,0,0,0,0,0,0,0,0,0,0,0,0,0,0,0,0,0,0,0,344,16901,0,0,0,0
73212.368,16387,61,0,0,0,0,0,8,51281,44,53,0,0,0,0,0,0,0,0,0,0,0,0,0,0,0,0,0,0,0,0,0,0,355,16390,0,0,0,0
73229.630,17261,57,0,0,0,0,0,8,51170,44,53,0,0,0,0,0,0,0,0,0,0,0,0,0,0,0,0,0,0,0,0,0,0,340,16682,0,0,0,0
73245.804,16174,61,0,0,0,0,0,8,54070,44,53,0,0,0,0,0,0,0,0,0,0,0,0,0,0,0,0,0,0,0,0,0,0,331,16535,0,0,0,0
73262.637,16832,59,0,0,0,0,0,8,53670,44,53,0,0,0,0,0,0,0,0,0,0,0,0,0,0,0,0,0,0,0,0,0,0,385,16915,0,0,0,0
73279.298,16661,60,0,0,0,0,0,8,51711,44,53,0,0,0,0,0,0,0,0,0,0,0,0,0,0,0,0,0,0,0,0,0,0,368,17867,0,0,0,0
73295.977,16679,59,0,0,0,0,0,8,50964,44,53,0,0,0,0,0,0,0,0,0,0,0,0,0,0,0,0,0,0,0,0,0,0,345,15394,0,0,0,0
73312.620,16643,60,0,0,0,0,0,8,51049,44,53,0,0,0,0,0,0,0,0,0,0,0,0,0,0,0,0,0,0,0,0,0,0,352,16776,0,0,0,0
73329.283,16662,60,0,0,0,0,0,8,52794,44,53,0,0,0,0,0,0,0,0,0,0,0,0,0,0,0,0,0,0,0,0,0,0,345,16771,0,0,0,0
73345.759,16476,60,0,0,0,0,0,8,52966,44,53,0,0,0,0,0,0,0,0,0,0,0,0,0,0,0,0,0,0,0,0,0,0,354,16653,0,0,0,0
73362.626,16866,59,0,0,0,0,0,8,51218,44,53,0,0,0,0,0,0,0,0,0,0,0,0,0,0,0,0,0,0,0,0,0,0,345,16756,0,0,0,0
73379.138,16512,60,0,0,0,0,0,8,52693,44,53,0,0,0,0,0,0,0,0,0,0,0,0,0,0,0,0,0,0,0,0,0,0,357,15653,0,0,0,0
73395.487,16349,61,0,0,0,0,0,8,51591,44,53,0,0,0,0,0,0,0,0,0,0,0,0,0,0,0,0,0,0,0,0,0,0,334,17607,0,0,0,0
73412.558,17070,58,0,0,0,0,0,8,52950,44,53,0,0,0,0,0,0,0,0,0,0,0,0,0,0,0,0,0,0,0,0,0,0,340,16056,0,0,0,0
73429.299,16741,59,0,0,0,0,0,8,51096,44,53,0,0,0,0,0,0,0,0,0,0,0,0,0,0,0,0,0,0,0,0,0,0,367,17064,0,0,0,0
73446.641,17341,57,0,0,0,0,0,8,56001,44,53,0,0,0,0,0,0,0,0,0,0,0,0,0,0,0,0,0,0,0,0,0,0,357,16636,0,0,0,0
73461.754,15113,66,0,0,0,0,0,8,53798,44,53,0,0,0,0,0,0,0,0,0,0,0,0,0,0,0,0,0,0,0,0,0,0,327,17961,0,0,0,0
73479.142,17388,57,0,0,0,0,0,8,50925,44,53,0,0,0,0,0,0,0,0,0,0,0,0,0,0,0,0,0,0,0,0,0,0,326,14963,0,0,0,0
73496.629,17486,57,0,0,0,0,0,8,51739,44,53,0,0,0,0,0,0,0,0,0,0,0,0,0,0,0,0,0,0,0,0,0,0,335,17596,0,0,0,0
73512.684,16055,62,0,0,0,0,0,8,51704,44,53,0,0,0,0,0,0,0,0,0,0,0,0,0,0,0,0,0,0,0,0,0,0,350,17574,0,0,0,0
73529.085,16400,60,0,0,0,0,0,8,53412,44,53,0,0,0,0,0,0,0,0,0,0,0,0,0,0,0,0,0,0,0,0,0,0,339,16178,0,0,0,0
73545.909,16824,59,0,0,0,0,0,8,53320,44,53,0,0,0,0,0,0,0,0,0,0,0,0,0,0,0,0,0,0,0,0,0,0,331,15887,0,0,0,0
73562.618,16709,59,0,0,0,0,0,8,51454,44,53,0,0,0,0,0,0,0,0,0,0,0,0,0,0,0,0,0,0,0,0,0,0,356,16643,0,0,0,0
73578.932,16313,61,0,0,0,0,0,8,51354,44,53,0,0,0,0,0,0,0,0,0,0,0,0,0,0,0,0,0,0,0,0,0,0,331,16352,0,0,0,0
73596.140,17208,58,0,0,0,0,0,8,52653,44,53,0,0,0,0,0,0,0,0,0,0,0,0,0,0,0,0,0,0,0,0,0,0,358,17087,0,0,0,0
73612.329,16188,61,0,0,0,0,0,8,54818,44,53,0,0,0,0,0,0,0,0,0,0,0,0,0,0,0,0,0,0,0,0,0,0,348,16930,0,0,0,0
73629.141,16812,59,0,0,0,0,0,8,54220,44,53,0,0,0,0,0,0,0,0,0,0,0,0,0,0,0,0,0,0,0,0,0,0,339,15973,0,0,0,0
73645.760,16618,60,0,0,0,0,0,8,52774,44,53,0,0,0,0,0,0,0,0,0,0,0,0,0,0,0,0,0,0,0,0,0,0,366,17011,0,0,0,0
73662.370,16610,60,0,0,0,0,0,8,52771,44,53,0,0,0,0,0,0,0,0,0,0,0,0,0,0,0,0,0,0,0,0,0,0,329,16734,0,0,0,0
73679.620,17249,57,0,0,0,0,0,8,52314,44,53,0,0,0,0,0,0,0,0,0,0,0,0,0,0,0,0,0,0,0,0,0,0,359,16808,0,0,0,0
73696.136,16516,60,0,0,0,0,0,8,55016,44,53,0,0,0,0,0,0,0,0,0,0,0,0,0,0,0,0,0,0,0,0,0,0,356,17424,0,0,0,0
73712.167,16031,62,0,0,0,0,0,8,55494,44,53,0,0,0,0,0,0,0,0,0,0,0,0,0,0,0,0,0,0,0,0,0,0,363,15883,0,0,0,0
73729.164,16997,58,0,0,0,0,0,8,52681,44,53,0,0,0,0,0,0,0,0,0,0,0,0,0,0,0,0,0,0,0,0,0,0,347,16380,0,0,0,0
73745.140,15975,62,0,0,0,0,0,8,52645,44,53,0,0,0,0,0,0,0,0,0,0,0,0,0,0,0,0,0,0,0,0,0,0,344,16667,0,0,0,0
73762.302,17162,58,0,0,0,0,0,8,52849,44,53,0,0,0,0,0,0,0,0,0,0,0,0,0,0,0,0,0,0,0,0,0,0,332,16484,0,0,0,0
73779.142,16839,59,0,0,0,0,0,8,55060,44,53,0,0,0,0,0,0,0,0,0,0,0,0,0,0,0,0,0,0,0,0,0,0,367,16910,0,0,0,0
73796.139,16997,58,0,0,0,0,0,8,55372,44,53,0,0,0,0,0,0,0,0,0,0,0,0,0,0,0,0,0,0,0,0,0,0,334,17254,0,0,0,0
73812.267,16128,62,0,0,0,0,0,8,53538,44,53,0,0,0,0,0,0,0,0,0,0,0,0,0,0,0,0,0,0,0,0,0,0,349,16972,0,0,0,0
73828.638,16370,61,0,0,0,0,0,8,53146,44,53,0,0,0,0,0,0,0,0,0,0,0,0,0,0,0,0,0,0,0,0,0,0,310,16494,0,0,0,0
73846.060,17421,57,0,0,0,0,0,8,53386,44,53,0,0,0,0,0,0,0,0,0,0,0,0,0,0,0,0,0,0,0,0,0,0,358,15758,0,0,0,0
73862.169,16109,62,0,0,0,0,0,8,56130,44,53,0,0,0,0,0,0,0,0,0,0,0,0,0,0,0,0,0,0,0,0,0,0,355,17253,0,0,0,0
73879.148,16979,58,0,0,0,0,0,8,55464,44,53,0,0,0,0,0,0,0,0,0,0,0,0,0,0,0,0,0,0,0,0,0,0,324,16169,0,0,0,0
73896.143,16995,58,0,0,0,0,0,8,53672,44,53,0,0,0,0,0,0,0,0,0,0,0,0,0,0,0,0,0,0,0,0,0,0,364,17223,0,0,0,0
73912.201,16057,62,0,0,0,0,0,8,55523,44,53,0,0,0,0,0,0,0,0,0,0,0,0,0,0,0,0,0,0,0,0,0,0,337,16400,0,0,0,0
73929.200,16998,58,0,0,0,0,0,8,55396,44,53,0,0,0,0,0,0,0,0,0,0,0,0,0,0,0,0,0,0,0,0,0,0,330,16561,0,0,0,0
73946.138,16938,59,0,0,0,0,0,8,54150,44,53,0,0,0,0,0,0,0,0,0,0,0,0,0,0,0,0,0,0,0,0,0,0,318,16525,0,0,0,0
73962.126,15987,62,0,0,0,0,0,8,57399,44,53,0,0,0,0,0,0,0,0,0,0,0,0,0,0,0,0,0,0,0,0,0,0,337,17620,0,0,0,0
73978.871,16745,59,0,0,0,0,0,8,57298,44,53,0,0,0,0,0,0,0,0,0,0,0,0,0,0,0,0,0,0,0,0,0,0,339,15943,0,0,0,0
73995.195,16323,61,0,0,0,0,0,8,55398,44,53,0,0,0,0,0,0,0,0,0,0,0,0,0,0,0,0,0,0,0,0,0,0,333,16375,0,0,0,0
74012.373,17177,58,0,0,0,0,0,8,55481,44,53,0,0,0,0,0,0,0,0,0,0,0,0,0,0,0,0,0,0,0,0,0,0,334,16704,0,0,0,0
74029.147,16773,59,0,0,0,0,0,8,57780,44,53,0,0,0,0,0,0,0,0,0,0,0,0,0,0,0,0,0,0,0,0,0,0,336,16864,0,0,0,0
74045.787,16640,60,0,0,0,0,0,8,55571,44,53,0,0,0,0,0,0,0,0,0,0,0,0,0,0,0,0,0,0,0,0,0,0,360,16728,0,0,0,0
74062.292,16505,60,0,0,0,0,0,8,57587,44,53,0,0,0,0,0,0,0,0,0,0,0,0,0,0,0,0,0,0,0,0,0,0,337,16984,0,0,0,0
74079.618,17326,57,0,0,0,0,0,8,55601,44,53,0,0,0,0,0,0,0,0,0,0,0,0,0,0,0,0,0,0,0,0,0,0,335,16053,0,0,0,0
74096.144,16525,60,0,0,0,0,0,8,57610,44,53,0,0,0,0,0,0,0,0,0,0,0,0,0,0,0,0,0,0,0,0,0,0,344,16321,0,0,0,0
74112.572,16428,60,0,0,0,0,0,8,58347,44,53,0,0,0,0,0,0,0,0,0,0,0,0,0,0,0,0,0,0,0,0,0,0,345,18174,0,0,0,0
74128.983,16411,60,0,0,0,0,0,8,55847,44,53,0,0,0,0,0,0,0,0,0,0,0,0,0,0,0,0,0,0,0,0,0,0,341,15813,0,0,0,0
74145.970,16986,58,0,0,0,0,0,8,56092,44,53,0,0,0,0,0,0,0,0,0,0,0,0,0,0,0,0,0,0,0,0,0,0,339,16222,0,0,0,0
74162.263,16293,61,0,0,0,0,0,8,56024,44,53,0,0,0,0,0,0,0,0,0,0,0,0,0,0,0,0,0,0,0,0,0,0,360,16892,0,0,0,0
74179.170,16907,59,0,0,0,0,0,8,56057,44,53,0,0,0,0,0,0,0,0,0,0,0,0,0,0,0,0,0,0,0,0,0,0,349,16650,0,0,0,0
74196.134,16963,58,0,0,0,0,0,8,58482,44,53,0,0,0,0,0,0,0,0,0,0,0,0,0,0,0,0,0,0,0,0,0,0,348,16712,0,0,0,0
74212.564,16429,60,0,0,0,0,0,8,58059,44,53,0,0,0,0,0,0,0,0,0,0,0,0,0,0,0,0,0,0,0,0,0,0,369,17273,0,0,0,0
74228.521,15957,62,0,0,0,0,0,8,54449,44,53,0,0,0,0,0,0,0,0,0,0,0,0,0,0,0,0,0,0,0,0,0,0,362,16321,0,0,0,0
74245.505,16984,58,0,0,0,0,0,8,54360,44,53,0,0,0,0,0,0,0,0,0,0,0,0,0,0,0,0,0,0,0,0,0,0,321,15686,0,0,0,0
74262.302,16796,59,0,0,0,0,0,8,54822,44,53,0,0,0,0,0,0,0,0,0,0,0,0,0,0,0,0,0,0,0,0,0,0,334,17669,0,0,0,0
74279.203,16901,59,0,0,0,0,0,8,54930,44,53,0,0,0,0,0,0,0,0,0,0,0,0,0,0,0,0,0,0,0,0,0,0,329,16463,0,0,0,0
74295.860,16656,60,0,0,0,0,0,8,56629,44,53,0,0,0,0,0,0,0,0,0,0,0,0,0,0,0,0,0,0,0,0,0,0,346,16713,0,0,0,0
74312.614,16754,59,0,0,0,0,0,8,56682,44,53,0,0,0,0,0,0,0,0,0,0,0,0,0,0,0,0,0,0,0,0,0,0,331,16386,0,0,0,0
74329.613,16998,58,0,0,0,0,0,8,54574,44,53,0,0,0,0,0,0,0,0,0,0,0,0,0,0,0,0,0,0,0,0,0,0,341,16621,0,0,0,0
74345.547,15933,62,0,0,0,0,0,8,56717,44,53,0,0,0,0,0,0,0,0,0,0,0,0,0,0,0,0,0,0,0,0,0,0,338,16826,0,0,0,0
74362.159,16612,60,0,0,0,0,0,8,56939,44,53,0,0,0,0,0,0,0,0,0,0,0,0,0,0,0,0,0,0,0,0,0,0,347,16388,0,0,0,0
74378.807,16647,60,0,0,0,0,0,8,55121,44,53,0,0,0,0,0,0,0,0,0,0,0,0,0,0,0,0,0,0,0,0,0,0,377,17342,0,0,0,0
74396.150,17343,57,0,0,0,0,0,8,54977,44,53,0,0,0,0,0,0,0,0,0,0,0,0,0,0,0,0,0,0,0,0,0,0,335,16220,0,0,0,0
74412.363,16212,61,0,0,0,0,0,8,56818,44,53,0,0,0,0,0,0,0,0,0,0,0,0,0,0,0,0,0,0,0,0,0,0,375,17706,0,0,0,0
74429.275,16911,59,0,0,0,0,0,8,54673,44,53,0,0,0,0,0,0,0,0,0,0,0,0,0,0,0,0,0,0,0,0,0,0,354,15602,0,0,0,0
74446.171,16895,59,0,0,0,0,0,8,56903,44,53,0,0,0,0,0,0,0,0,0,0,0,0,0,0,0,0,0,0,0,0,0,0,346,16761,0,0,0,0
74462.273,16102,62,0,0,0,0,0,8,54673,44,53,0,0,0,0,0,0,0,0,0,0,0,0,0,0,0,0,0,0,0,0,0,0,349,16773,0,0,0,0
74479.620,17347,57,0,0,0,0,0,8,56298,44,53,0,0,0,0,0,0,0,0,0,0,0,0,0,0,0,0,0,0,0,0,0,0,339,16137,0,0,0,0
74495.754,16133,61,0,0,0,0,0,8,56654,44,53,0,0,0,0,0,0,0,0,0,0,0,0,0,0,0,0,0,0,0,0,0,0,342,17692,0,0,0,0
74512.613,16859,59,0,0,0,0,0,8,55225,44,53,0,0,0,0,0,0,0,0,0,0,0,0,0,0,0,0,0,0,0,0,0,0,341,16191,0,0,0,0
74529.152,16539,60,0,0,0,0,0,8,55388,44,53,0,0,0,0,0,0,0,0,0,0,0,0,0,0,0,0,0,0,0,0,0,0,321,15807,0,0,0,0
74545.767,16614,60,0,0,0,0,0,8,56544,44,53,0,0,0,0,0,0,0,0,0,0,0,0,0,0,0,0,0,0,0,0,0,0,343,17253,0,0,0,0
74562.757,16989,58,0,0,0,0,0,8,55172,44,53,0,0,0,0,0,0,0,0,0,0,0,0,0,0,0,0,0,0,0,0,0,0,359,16635,0,0,0,0
74579.139,16381,61,0,0,0,0,0,8,55410,44,53,0,0,0,0,0,0,0,0,0,0,0,0,0,0,0,0,0,0,0,0,0,0,364,17492,0,0,0,0
74595.793,16654,60,0,0,0,0,0,8,55254,44,53,0,0,0,0,0,0,0,0,0,0,0,0,0,0,0,0,0,0,0,0,0,0,347,15823,0,0,0,0
74612.614,16821,59,0,0,0,0,0,8,55538,44,53,0,0,0,0,0,0,0,0,0,0,0,0,0,0,0,0,0,0,0,0,0,0,341,17231,0,0,0,0
74629.286,16671,59,0,0,0,0,0,8,54786,44,53,0,0,0,0,0,0,0,0,0,0,0,0,0,0,0,0,0,0,0,0,0,0,330,15723,0,0,0,0
74645.689,16402,60,0,0,0,0,0,8,56207,44,53,0,0,0,0,0,0,0,0,0,0,0,0,0,0,0,0,0,0,0,0,0,0,357,17570,0,0,0,0
74662.260,16571,60,0,0,0,0,0,8,54888,44,53,0,0,0,0,0,0,0,0,0,0,0,0,0,0,0,0,0,0,0,0,0,0,344,16691,0,0,0,0
74679.616,17355,57,0,0,0,0,0,8,54636,44,53,0,0,0,0,0,0,0,0,0,0,0,0,0,0,0,0,0,0,0,0,0,0,341,16427,0,0,0,0
74695.306,15689,63,0,0,0,0,0,8,57415,44,53,0,0,0,0,0,0,0,0,0,0,0,0,0,0,0,0,0,0,0,0,0,0,363,17593,0,0,0,0
74711.750,16444,60,0,0,0,0,0,8,54871,44,53,0,0,0,0,0,0,0,0,0,0,0,0,0,0,0,0,0,0,0,0,0,0,334,15823,0,0,0,0
74729.182,17432,57,0,0,0,0,0,8,54570,44,53,0,0,0,0,0,0,0,0,0,0,0,0,0,0,0,0,0,0,0,0,0,0,330,15475,0,0,0,0
74745.744,16562,60,0,0,0,0,0,8,55091,44,53,0,0,0,0,0,0,0,0,0,0,0,0,0,0,0,0,0,0,0,0,0,0,348,18262,0,0,0,0
74762.513,16769,59,0,0,0,0,0,8,56080,44,53,0,0,0,0,0,0,0,0,0,0,0,0,0,0,0,0,0,0,0,0,0,0,353,16984,0,0,0,0
74778.508,15995,62,0,0,0,0,0,8,55092,44,53,0,0,0,0,0,0,0,0,0,0,0,0,0,0,0,0,0,0,0,0,0,0,358,16180,0,0,0,0
74795.887,17378,57,0,0,0,0,0,8,54794,44,53,0,0,0,0,0,0,0,0,0,0,0,0,0,0,0,0,0,0,0,0,0,0,345,16200,0,0,0,0
74812.617,16729,59,0,0,0,0,0,8,56112,44,53,0,0,0,0,0,0,0,0,0,0,0,0,0,0,0,0,0,0,0,0,0,0,347,17466,0,0,0,0
74828.616,15999,62,0,0,0,0,0,8,57582,44,53,0,0,0,0,0,0,0,0,0,0,0,0,0,0,0,0,0,0,0,0,0,0,337,16532,0,0,0,0
74846.621,18005,55,0,0,0,0,0,8,57174,44,53,0,0,0,0,0,0,0,0,0,0,0,0,0,0,0,0,0,0,0,0,0,0,316,15303,0,0,0,0
74862.202,15581,64,0,0,0,0,0,8,57881,44,53,0,0,0,0,0,0,0,0,0,0,0,0,0,0,0,0,0,0,0,0,0,0,359,19012,0,0,0,0
74879.141,16938,59,0,0,0,0,0,8,57861,44,53,0,0,0,0,0,0,0,0,0,0,0,0,0,0,0,0,0,0,0,0,0,0,331,15256,0,0,0,0
74895.742,16601,60,0,0,0,0,0,8,58146,44,53,0,0,0,0,0,0,0,0,0,0,0,0,0,0,0,0,0,0,0,0,0,0,327,17160,0,0,0,0
74912.611,16869,59,0,0,0,0,0,8,57934,44,53,0,0,0,0,0,0,0,0,0,0,0,0,0,0,0,0,0,0,0,0,0,0,357,16529,0,0,0,0
74929.616,17004,58,0,0,0,0,0,8,57931,44,53,0,0,0,0,0,0,0,0,0,0,0,0,0,0,0,0,0,0,0,0,0,0,321,15440,0,0,0,0
74945.605,15989,62,0,0,0,0,0,8,59315,44,53,0,0,0,0,0,0,0,0,0,0,0,0,0,0,0,0,0,0,0,0,0,0,362,18460,0,0,0,0
74962.614,17008,58,0,0,0,0,0,8,60392,44,53,0,0,0,0,0,0,0,0,0,0,0,0,0,0,0,0,0,0,0,0,0,0,350,15906,0,0,0,0
74979.128,16513,60,0,0,0,0,0,8,58637,44,53,0,0,0,0,0,0,0,0,0,0,0,0,0,0,0,0,0,0,0,0,0,0,323,15652,0,0,0,0
74996.632,17504,57,0,0,0,0,0,8,58239,44,53,0,0,0,0,0,0,0,0,0,0,0,0,0,0,0,0,0,0,0,0,0,0,354,17878,0,0,0,0
75012.339,15707,63,0,0,0,0,0,8,58098,44,53,0,0,0,0,0,0,0,0,0,0,0,0,0,0,0,0,0,0,0,0,0,0,350,17358,0,0,0,0
75029.234,16894,59,0,0,0,0,0,8,58457,44,53,0,0,0,0,0,0,0,0,0,0,0,0,0,0,0,0,0,0,0,0,0,0,344,15372,0,0,0,0
75046.166,16931,59,0,0,0,0,0,8,57572,44,53,0,0,0,0,0,0,0,0,0,0,0,0,0,0,0,0,0,0,0,0,0,0,338,16633,0,0,0,0
75062.259,16093,62,0,0,0,0,0,8,57789,44,53,0,0,0,0,0,0,0,0,0,0,0,0,0,0,0,0,0,0,0,0,0,0,343,17384,0,0,0,0
75079.289,17029,58,0,0,0,0,0,8,59851,44,53,0,0,0,0,0,0,0,0,0,0,0,0,0,0,0,0,0,0,0,0,0,0,329,16014,0,0,0,0
75095.833,16544,60,0,0,0,0,0,8,59877,44,53,0,0,0,0,0,0,0,0,0,0,0,0,0,0,0,0,0,0,0,0,0,0,350,16843,0,0,0,0
75112.407,16573,60,0,0,0,0,0,8,60008,44,53,0,0,0,0,0,0,0,0,0,0,0,0,0,0,0,0,0,0,0,0,0,0,342,16695,0,0,0,0
75129.229,16822,59,0,0,0,0,0,8,58930,44,53,0,0,0,0,0,0,0,0,0,0,0,0,0,0,0,0,0,0,0,0,0,0,359,16687,0,0,0,0
75145.147,15918,62,0,0,0,0,0,8,59016,44,53,0,0,0,0,0,0,0,0,0,0,0,0,0,0,0,0,0,0,0,0,0,0,342,16767,0,0,0,0
75162.559,17411,57,0,0,0,0,0,8,58927,44,53,0,0,0,0,0,0,0,0,0,0,0,0,0,0,0,0,0,0,0,0,0,0,334,15608,0,0,0,0
75180.139,17580,56,0,0,0,0,0,8,58458,44,53,0,0,0,0,0,0,0,0,0,0,0,0,0,0,0,0,0,0,0,0,0,0,334,18123,0,0,0,0
75195.856,15716,63,0,0,0,0,0,8,57947,44,53,0,0,0,0,0,0,0,0,0,0,0,0,0,0,0,0,0,0,0,0,0,0,339,17011,0,0,0,0
75212.450,16594,60,0,0,0,0,0,8,57431,44,53,0,0,0,0,0,0,0,0,0,0,0,0,0,0,0,0,0,0,0,0,0,0,343,15904,0,0,0,0
75228.819,16368,61,0,0,0,0,0,8,57372,44,53,0,0,0,0,0,0,0,0,0,0,0,0,0,0,0,0,0,0,0,0,0,0,350,16584,0,0,0,0
75246.125,17306,57,0,0,0,0,0,8,57061,44,53,0,0,0,0,0,0,0,0,0,0,0,0,0,0,0,0,0,0,0,0,0,0,334,15764,0,0,0,0
75262.264,16138,61,0,0,0,0,0,8,57287,44,53,0,0,0,0,0,0,0,0,0,0,0,0,0,0,0,0,0,0,0,0,0,0,383,18163,0,0,0,0
75278.994,16730,59,0,0,0,0,0,8,57036,44,53,0,0,0,0,0,0,0,0,0,0,0,0,0,0,0,0,0,0,0,0,0,0,340,15435,0,0,0,0
75295.742,16747,59,0,0,0,0,0,8,57119,44,53,0,0,0,0,0,0,0,0,0,0,0,0,0,0,0,0,0,0,0,0,0,0,331,17058,0,0,0,0
75312.257,16515,60,0,0,0,0,0,8,56973,44,53,0,0,0,0,0,0,0,0,0,0,0,0,0,0,0,0,0,0,0,0,0,0,321,17171,0,0,0,0
75329.612,17355,57,0,0,0,0,0,8,56363,44,53,0,0,0,0,0,0,0,0,0,0,0,0,0,0,0,0,0,0,0,0,0,0,330,16255,0,0,0,0
75345.923,16311,61,0,0,0,0,0,8,54989,44,53,0,0,0,0,0,0,0,0,0,0,0,0,0,0,0,0,0,0,0,0,0,0,333,17489,0,0,0,0
75362.386,16462,60,0,0,0,0,0,8,54850,44,53,0,0,0,0,0,0,0,0,0,0,0,0,0,0,0,0,0,0,0,0,0,0,343,15849,0,0,0,0
75379.327,16940,59,0,0,0,0,0,8,54410,44,53,0,0,0,0,0,0,0,0,0,0,0,0,0,0,0,0,0,0,0,0,0,0,324,16853,0,0,0,0
75395.601,16273,61,0,0,0,0,0,8,54489,44,53,0,0,0,0,0,0,0,0,0,0,0,0,0,0,0,0,0,0,0,0,0,0,341,16420,0,0,0,0
75412.486,16885,59,0,0,0,0,0,8,54245,44,53,0,0,0,0,0,0,0,0,0,0,0,0,0,0,0,0,0,0,0,0,0,0,317,16226,0,0,0,0
75429.187,16700,59,0,0,0,0,0,8,53998,44,53,0,0,0,0,0,0,0,0,0,0,0,0,0,0,0,0,0,0,0,0,0,0,344,16973,0,0,0,0
75445.830,16643,60,0,0,0,0,0,8,54255,44,53,0,0,0,0,0,0,0,0,0,0,0,0,0,0,0,0,0,0,0,0,0,0,348,16590,0,0,0,0
75461.899,16069,62,0,0,0,0,0,8,53874,44,53,0,0,0,0,0,0,0,0,0,0,0,0,0,0,0,0,0,0,0,0,0,0,355,16776,0,0,0,0
75479.301,17401,57,0,0,0,0,0,8,53490,44,53,0,0,0,0,0,0,0,0,0,0,0,0,0,0,0,0,0,0,0,0,0,0,329,15995,0,0,0,0
75496.123,16821,59,0,0,0,0,0,8,54039,44,53,0,0,0,0,0,0,0,0,0,0,0,0,0,0,0,0,0,0,0,0,0,0,340,18040,0,0,0,0
75512.233,16110,62,0,0,0,0,0,8,53549,44,53,0,0,0,0,0,0,0,0,0,0,0,0,0,0,0,0,0,0,0,0,0,0,346,16908,0,0,0,0
75528.933,16699,59,0,0,0,0,0,8,53548,44,53,0,0,0,0,0,0,0,0,0,0,0,0,0,0,0,0,0,0,0,0,0,0,333,15990,0,0,0,0
75545.329,16396,60,0,0,0,0,0,8,53234,44,53,0,0,0,0,0,0,0,0,0,0,0,0,0,0,0,0,0,0,0,0,0,0,339,15993,0,0,0,0
75562.256,16926,59,0,0,0,0,0,8,53184,44,53,0,0,0,0,0,0,0,0,0,0,0,0,0,0,0,0,0,0,0,0,0,0,338,16525,0,0,0,0
75579.210,16954,58,0,0,0,0,0,8,53038,44,53,0,0,0,0,0,0,0,0,0,0,0,0,0,0,0,0,0,0,0,0,0,0,326,17552,0,0,0,0
75595.602,16391,61,0,0,0,0,0,8,52968,44,53,0,0,0,0,0,0,0,0,0,0,0,0,0,0,0,0,0,0,0,0,0,0,313,16810,0,0,0,0
75612.606,17004,58,0,0,0,0,0,8,53489,44,53,0,0,0,0,0,0,0,0,0,0,0,0,0,0,0,0,0,0,0,0,0,0,333,16277,0,0,0,0
75628.895,16288,61,0,0,0,0,0,8,52693,44,53,0,0,0,0,0,0,0,0,0,0,0,0,0,0,0,0,0,0,0,0,0,0,342,15811,0,0,0,0
75645.243,16347,61,0,0,0,0,0,8,53422,44,53,0,0,0,0,0,0,0,0,0,0,0,0,0,0,0,0,0,0,0,0,0,0,338,17110,0,0,0,0
75662.621,17377,57,0,0,0,0,0,8,52719,44,53,0,0,0,0,0,0,0,0,0,0,0,0,0,0,0,0,0,0,0,0,0,0,394,16673,0,0,0,0
75678.898,16276,61,0,0,0,0,0,8,52468,44,53,0,0,0,0,0,0,0,0,0,0,0,0,0,0,0,0,0,0,0,0,0,0,317,16313,0,0,0,0
75695.915,17017,58,0,0,0,0,0,8,53104,44,53,0,0,0,0,0,0,0,0,0,0,0,0,0,0,0,0,0,0,0,0,0,0,347,17401,0,0,0,0
75712.432,16517,60,0,0,0,0,0,8,52590,44,53,0,0,0,0,0,0,0,0,0,0,0,0,0,0,0,0,0,0,0,0,0,0,338,16785,0,0,0,0
75729.142,16710,59,0,0,0,0,0,8,52484,44,53,0,0,0,0,0,0,0,0,0,0,0,0,0,0,0,0,0,0,0,0,0,0,345,16657,0,0,0,0
75745.738,16596,60,0,0,0,0,0,8,52402,44,53,0,0,0,0,0,0,0,0,0,0,0,0,0,0,0,0,0,0,0,0,0,0,371,16356,0,0,0,0
75762.601,16862,59,0,0,0,0,0,8,52522,44,53,0,0,0,0,0,0,0,0,0,0,0,0,0,0,0,0,0,0,0,0,0,0,348,16416,0,0,0,0
75779.126,16525,60,0,0,0,0,0,8,52734,44,53,0,0,0,0,0,0,0,0,0,0,0,0,0,0,0,0,0,0,0,0,0,0,318,16139,0,0,0,0
75796.135,17008,58,0,0,0,0,0,8,52803,44,53,0,0,0,0,0,0,0,0,0,0,0,0,0,0,0,0,0,0,0,0,0,0,362,17593,0,0,0,0
75812.601,16466,60,0,0,0,0,0,8,52853,44,53,0,0,0,0,0,0,0,0,0,0,0,0,0,0,0,0,0,0,0,0,0,0,353,17187,0,0,0,0
75828.865,16264,61,0,0,0,0,0,8,52127,44,53,0,0,0,0,0,0,0,0,0,0,0,0,0,0,0,0,0,0,0,0,0,0,343,15257,0,0,0,0
75845.338,16472,60,0,0,0,0,0,8,52525,44,53,0,0,0,0,0,0,0,0,0,0,0,0,0,0,0,0,0,0,0,0,0,0,359,17114,0,0,0,0
75861.844,16506,60,0,0,0,0,0,8,54108,44,53,0,0,0,0,0,0,0,0,0,0,0,0,0,0,0,0,0,0,0,0,0,0,408,16803,0,0,0,0
75878.824,16980,58,0,0,0,0,0,8,54046,44,53,0,0,0,0,0,0,0,0,0,0,0,0,0,0,0,0,0,0,0,0,0,0,342,16296,0,0,0,0
75895.930,17105,58,0,0,0,0,0,8,52854,44,53,0,0,0,0,0,0,0,0,0,0,0,0,0,0,0,0,0,0,0,0,0,0,354,17554,0,0,0,0
75912.603,16673,59,0,0,0,0,0,8,52856,44,53,0,0,0,0,0,0,0,0,0,0,0,0,0,0,0,0,0,0,0,0,0,0,355,17118,0,0,0,0
75929.606,17002,58,0,0,0,0,0,8,53454,44,53,0,0,0,0,0,0,0,0,0,0,0,0,0,0,0,0,0,0,0,0,0,0,340,16827,0,0,0,0
75945.551,15945,62,0,0,0,0,0,8,53820,44,53,0,0,0,0,0,0,0,0,0,0,0,0,0,0,0,0,0,0,0,0,0,0,325,15427,0,0,0,0
75962.599,17047,58,0,0,0,0,0,8,53663,44,53,0,0,0,0,0,0,0,0,0,0,0,0,0,0,0,0,0,0,0,0,0,0,355,16958,0,0,0,0
75979.616,17016,58,0,0,0,0,0,8,53517,44,53,0,0,0,0,0,0,0,0,0,0,0,0,0,0,0,0,0,0,0,0,0,0,370,16302,0,0,0,0
75996.125,16509,60,0,0,0,0,0,8,52624,44,53,0,0,0,0,0,0,0,0,0,0,0,0,0,0,0,0,0,0,0,0,0,0,357,17593,0,0,0,0
76012.311,16186,61,0,0,0,0,0,8,51917,44,53,0,0,0,0,0,0,0,0,0,0,0,0,0,0,0,0,0,0,0,0,0,0,341,16376,0,0,0,0
76028.953,16642,60,0,0,0,0,0,8,52234,44,53,0,0,0,0,0,0,0,0,0,0,0,0,0,0,0,0,0,0,0,0,0,0,342,16557,0,0,0,0
76045.737,16784,59,0,0,0,0,0,8,51987,44,53,0,0,0,0,0,0,0,0,0,0,0,0,0,0,0,0,0,0,0,0,0,0,343,16646,0,0,0,0
76062.209,16471,60,0,0,0,0,0,8,52002,44,53,0,0,0,0,0,0,0,0,0,0,0,0,0,0,0,0,0,0,0,0,0,0,370,16746,0,0,0,0
76079.238,17029,58,0,0,0,0,0,8,51728,44,53,0,0,0,0,0,0,0,0,0,0,0,0,0,0,0,0,0,0,0,0,0,0,370,16434,0,0,0,0
76096.109,16871,59,0,0,0,0,0,8,51683,44,53,0,0,0,0,0,0,0,0,0,0,0,0,0,0,0,0,0,0,0,0,0,0,365,16722,0,0,0,0
76112.271,16162,61,0,0,0,0,0,8,52393,44,53,0,0,0,0,0,0,0,0,0,0,0,0,0,0,0,0,0,0,0,0,0,0,372,17638,0,0,0,0
76129.123,16852,59,0,0,0,0,0,8,51402,44,53,0,0,0,0,0,0,0,0,0,0,0,0,0,0,0,0,0,0,0,0,0,0,338,15708,0,0,0,0
76145.707,16583,60,0,0,0,0,0,8,51530,44,53,0,0,0,0,0,0,0,0,0,0,0,0,0,0,0,0,0,0,0,0,0,0,353,16528,0,0,0,0
76162.597,16890,59,0,0,0,0,0,8,51287,44,53,0,0,0,0,0,0,0,0,0,0,0,0,0,0,0,0,0,0,0,0,0,0,371,16731,0,0,0,0
76179.613,17015,58,0,0,0,0,0,8,51191,44,53,0,0,0,0,0,0,0,0,0,0,0,0,0,0,0,0,0,0,0,0,0,0,354,16035,0,0,0,0
76195.614,16000,62,0,0,0,0,0,8,51978,44,53,0,0,0,0,0,0,0,0,0,0,0,0,0,0,0,0,0,0,0,0,0,0,363,18483,0,0,0,0
76213.117,17503,57,0,0,0,0,0,8,51496,44,53,0,0,0,0,0,0,0,0,0,0,0,0,0,0,0,0,0,0,0,0,0,0,335,15797,0,0,0,0
76229.609,16491,60,0,0,0,0,0,8,51291,44,53,0,0,0,0,0,0,0,0,0,0,0,0,0,0,0,0,0,0,0,0,0,0,357,17256,0,0,0,0
76245.477,15868,63,0,0,0,0,0,8,56808,44,53,0,0,0,0,0,0,0,0,0,0,0,0,0,0,0,0,0,0,0,0,0,0,358,16721,0,0,0,0
76262.595,17119,58,0,0,0,0,0,8,51479,44,53,0,0,0,0,0,0,0,0,0,0,0,0,0,0,0,0,0,0,0,0,0,0,346,15497,0,0,0,0
76279.151,16555,60,0,0,0,0,0,8,51533,44,53,0,0,0,0,0,0,0,0,0,0,0,0,0,0,0,0,0,0,0,0,0,0,317,16521,0,0,0,0
76295.953,16801,59,0,0,0,0,0,8,54043,44,53,0,0,0,0,0,0,0,0,0,0,0,0,0,0,0,0,0,0,0,0,0,0,349,17293,0,0,0,0
76312.601,16647,60,0,0,0,0,0,8,51499,44,53,0,0,0,0,0,0,0,0,0,0,0,0,0,0,0,0,0,0,0,0,0,0,357,16846,0,0,0,0
76329.151,16550,60,0,0,0,0,0,8,51131,44,53,0,0,0,0,0,0,0,0,0,0,0,0,0,0,0,0,0,0,0,0,0,0,317,15547,0,0,0,0
76346.595,17444,57,0,0,0,0,0,8,53543,44,53,0,0,0,0,0,0,0,0,0,0,0,0,0,0,0,0,0,0,0,0,0,0,344,17824,0,0,0,0
76362.560,15964,62,0,0,0,0,0,8,51208,44,53,0,0,0,0,0,0,0,0,0,0,0,0,0,0,0,0,0,0,0,0,0,0,327,17844,0,0,0,0
76379.164,16595,60,0,0,0,0,0,8,50783,44,53,0,0,0,0,0,0,0,0,0,0,0,0,0,0,0,0,0,0,0,0,0,0,353,15166,0,0,0,0
76395.804,16649,60,0,0,0,0,0,8,51051,44,53,0,0,0,0,0,0,0,0,0,0,0,0,0,0,0,0,0,0,0,0,0,0,338,16967,0,0,0,0
76411.734,15929,62,0,0,0,0,0,8,50929,44,53,0,0,0,0,0,0,0,0,0,0,0,0,0,0,0,0,0,0,0,0,0,0,357,16707,0,0,0,0
76429.041,17307,57,0,0,0,0,0,8,50994,44,53,0,0,0,0,0,0,0,0,0,0,0,0,0,0,0,0,0,0,0,0,0,0,364,15619,0,0,0,0
76445.795,16754,59,0,0,0,0,0,8,51599,44,53,0,0,0,0,0,0,0,0,0,0,0,0,0,0,0,0,0,0,0,0,0,0,361,17635,0,0,0,0
76462.731,16936,59,0,0,0,0,0,8,51023,44,53,0,0,0,0,0,0,0,0,0,0,0,0,0,0,0,0,0,0,0,0,0,0,337,16158,0,0,0,0
76479.112,16380,61,0,0,0,0,0,8,51610,44,53,0,0,0,0,0,0,0,0,0,0,0,0,0,0,0,0,0,0,0,0,0,0,333,17453,0,0,0,0
76495.999,16887,59,0,0,0,0,0,8,51027,44,53,0,0,0,0,0,0,0,0,0,0,0,0,0,0,0,0,0,0,0,0,0,0,335,16315,0,0,0,0
76512.731,16732,59,0,0,0,0,0,8,51054,44,53,0,0,0,0,0,0,0,0,0,0,0,0,0,0,0,0,0,0,0,0,0,0,334,16734,0,0,0,0
76529.124,16392,61,0,0,0,0,0,8,51369,44,53,0,0,0,0,0,0,0,0,0,0,0,0,0,0,0,0,0,0,0,0,0,0,346,17259,0,0,0,0
76545.250,16125,62,0,0,0,0,0,8,50981,44,53,0,0,0,0,0,0,0,0,0,0,0,0,0,0,0,0,0,0,0,0,0,0,364,16016,0,0,0,0
76562.591,17341,57,0,0,0,0,0,8,50769,44,53,0,0,0,0,0,0,0,0,0,0,0,0,0,0,0,0,0,0,0,0,0,0,365,16042,0,0,0,0
76580.116,17525,57,0,0,0,0,0,8,50913,44,53,0,0,0,0,0,0,0,0,0,0,0,0,0,0,0,0,0,0,0,0,0,0,329,17505,0,0,0,0
76596.592,16475,60,0,0,0,0,0,8,50915,44,53,0,0,0,0,0,0,0,0,0,0,0,0,0,0,0,0,0,0,0,0,0,0,349,16997,0,0,0,0
76612.059,15466,64,0,0,0,0,0,8,50648,44,53,0,0,0,0,0,0,0,0,0,0,0,0,0,0,0,0,0,0,0,0,0,0,379,16982,0,0,0,0
76629.296,17237,58,0,0,0,0,0,8,50246,44,53,0,0,0,0,0,0,0,0,0,0,0,0,0,0,0,0,0,0,0,0,0,0,370,15157,0,0,0,0
76645.675,16379,61,0,0,0,0,0,8,50646,44,53,0,0,0,0,0,0,0,0,0,0,0,0,0,0,0,0,0,0,0,0,0,0,328,17037,0,0,0,0
76662.598,16922,59,0,0,0,0,0,8,50292,44,53,0,0,0,0,0,0,0,0,0,0,0,0,0,0,0,0,0,0,0,0,0,0,331,16574,0,0,0,0
76679.262,16664,60,0,0,0,0,0,8,50220,44,53,0,0,0,0,0,0,0,0,0,0,0,0,0,0,0,0,0,0,0,0,0,0,323,16027,0,0,0,0
76695.888,16625,60,0,0,0,0,0,8,52105,44,53,0,0,0,0,0,0,0,0,0,0,0,0,0,0,0,0,0,0,0,0,0,0,382,17526,0,0,0,0
76712.184,16295,61,0,0,0,0,0,8,50687,44,53,0,0,0,0,0,0,0,0,0,0,0,0,0,0,0,0,0,0,0,0,0,0,342,16426,0,0,0,0
76729.601,17417,57,0,0,0,0,0,8,50685,44,53,0,0,0,0,0,0,0,0,0,0,0,0,0,0,0,0,0,0,0,0,0,0,345,16294,0,0,0,0
76745.947,16346,61,0,0,0,0,0,8,51137,44,53,0,0,0,0,0,0,0,0,0,0,0,0,0,0,0,0,0,0,0,0,0,0,342,18181,0,0,0,0
76762.305,16357,61,0,0,0,0,0,8,50845,44,53,0,0,0,0,0,0,0,0,0,0,0,0,0,0,0,0,0,0,0,0,0,0,363,15708,0,0,0,0
76778.598,16293,61,0,0,0,0,0,8,52491,44,53,0,0,0,0,0,0,0,0,0,0,0,0,0,0,0,0,0,0,0,0,0,0,352,16967,0,0,0,0
76795.791,17192,58,0,0,0,0,0,8,56242,44,53,0,0,0,0,0,0,0,0,0,0,0,0,0,0,0,0,0,0,0,0,0,0,358,16448,0,0,0,0
76812.132,16340,61,0,0,0,0,0,8,55058,44,53,0,0,0,0,0,0,0,0,0,0,0,0,0,0,0,0,0,0,0,0,0,0,373,17404,0,0,0,0
76829.082,16950,58,0,0,0,0,0,8,54715,44,53,0,0,0,0,0,0,0,0,0,0,0,0,0,0,0,0,0,0,0,0,0,0,348,16512,0,0,0,0
76845.966,16883,59,0,0,0,0,0,8,56663,44,53,0,0,0,0,0,0,0,0,0,0,0,0,0,0,0,0,0,0,0,0,0,0,347,16261,0,0,0,0
76862.236,16270,61,0,0,0,0,0,8,56335,44,53,0,0,0,0,0,0,0,0,0,0,0,0,0,0,0,0,0,0,0,0,0,0,357,17399,0,0,0,0
76879.291,17054,58,0,0,0,0,0,8,55907,44,53,0,0,0,0,0,0,0,0,0,0,0,0,0,0,0,0,0,0,0,0,0,0,332,16186,0,0,0,0
76895.857,16566,60,0,0,0,0,0,8,56340,44,53,0,0,0,0,0,0,0,0,0,0,0,0,0,0,0,0,0,0,0,0,0,0,345,16974,0,0,0,0
76912.246,16388,61,0,0,0,0,0,8,56035,44,53,0,0,0,0,0,0,0,0,0,0,0,0,0,0,0,0,0,0,0,0,0,0,345,16161,0,0,0,0
76929.597,17350,57,0,0,0,0,0,8,55859,44,53,0,0,0,0,0,0,0,0,0,0,0,0,0,0,0,0,0,0,0,0,0,0,331,16875,0,0,0,0
76945.789,16192,61,0,0,0,0,0,8,56563,44,53,0,0,0,0,0,0,0,0,0,0,0,0,0,0,0,0,0,0,0,0,0,0,317,15935,0,0,0,0
76962.612,16822,59,0,0,0,0,0,8,56306,44,53,0,0,0,0,0,0,0,0,0,0,0,0,0,0,0,0,0,0,0,0,0,0,364,17495,0,0,0,0
76979.300,16687,59,0,0,0,0,0,8,56189,44,53,0,0,0,0,0,0,0,0,0,0,0,0,0,0,0,0,0,0,0,0,0,0,354,17036,0,0,0,0
76995.823,16522,60,0,0,0,0,0,8,56154,44,53,0,0,0,0,0,0,0,0,0,0,0,0,0,0,0,0,0,0,0,0,0,0,356,15816,0,0,0,0
77012.607,16784,59,0,0,0,0,0,8,56391,44,53,0,0,0,0,0,0,0,0,0,0,0,0,0,0,0,0,0,0,0,0,0,0,353,16815,0,0,0,0
77029.240,16633,60,0,0,0,0,0,8,56807,44,53,0,0,0,0,0,0,0,0,0,0,0,0,0,0,0,0,0,0,0,0,0,0,326,15974,0,0,0,0
77045.639,16398,60,0,0,0,0,0,8,59674,44,53,0,0,0,0,0,0,0,0,0,0,0,0,0,0,0,0,0,0,0,0,0,0,331,17490,0,0,0,0
77062.241,16601,60,0,0,0,0,0,8,56865,44,53,0,0,0,0,0,0,0,0,0,0,0,0,0,0,0,0,0,0,0,0,0,0,321,16696,0,0,0,0
77079.272,17030,58,0,0,0,0,0,8,57877,44,53,0,0,0,0,0,0,0,0,0,0,0,0,0,0,0,0,0,0,0,0,0,0,321,17114,0,0,0,0
77095.916,16644,60,0,0,0,0,0,8,56906,44,53,0,0,0,0,0,0,0,0,0,0,0,0,0,0,0,0,0,0,0,0,0,0,334,16038,0,0,0,0
77112.172,16256,61,0,0,0,0,0,8,57353,44,53,0,0,0,0,0,0,0,0,0,0,0,0,0,0,0,0,0,0,0,0,0,0,351,17040,0,0,0,0
77128.933,16760,59,0,0,0,0,0,8,56907,44,53,0,0,0,0,0,0,0,0,0,0,0,0,0,0,0,0,0,0,0,0,0,0,334,16496,0,0,0,0
77146.039,17105,58,0,0,0,0,0,8,56882,44,53,0,0,0,0,0,0,0,0,0,0,0,0,0,0,0,0,0,0,0,0,0,0,331,16803,0,0,0,0
77162.453,16414,60,0,0,0,0,0,8,56970,44,53,0,0,0,0,0,0,0,0,0,0,0,0,0,0,0,0,0,0,0,0,0,0,349,16560,0,0,0,0
77178.846,16393,61,0,0,0,0,0,8,57056,44,53,0,0,0,0,0,0,0,0,0,0,0,0,0,0,0,0,0,0,0,0,0,0,354,17040,0,0,0,0
77195.997,17150,58,0,0,0,0,0,8,59556,44,53,0,0,0,0,0,0,0,0,0,0,0,0,0,0,0,0,0,0,0,0,0,0,342,16221,0,0,0,0
77212.415,16418,60,0,0,0,0,0,8,57042,44,53,0,0,0,0,0,0,0,0,0,0,0,0,0,0,0,0,0,0,0,0,0,0,341,17229,0,0,0,0
77228.947,16532,60,0,0,0,0,0,8,59798,44,53,0,0,0,0,0,0,0,0,0,0,0,0,0,0,0,0,0,0,0,0,0,0,381,16700,0,0,0,0
77245.595,16647,60,0,0,0,0,0,8,59467,44,53,0,0,0,0,0,0,0,0,0,0,0,0,0,0,0,0,0,0,0,0,0,0,359,15616,0,0,0,0
77262.589,16993,58,0,0,0,0,0,8,59167,44,53,0,0,0,0,0,0,0,0,0,0,0,0,0,0,0,0,0,0,0,0,0,0,360,17212,0,0,0,0
77278.923,16333,61,0,0,0,0,0,8,57968,44,53,0,0,0,0,0,0,0,0,0,0,0,0,0,0,0,0,0,0,0,0,0,0,341,16018,0,0,0,0
77295.584,16661,60,0,0,0,0,0,8,58336,44,53,0,0,0,0,0,0,0,0,0,0,0,0,0,0,0,0,0,0,0,0,0,0,367,17266,0,0,0,0
77312.494,16910,59,0,0,0,0,0,8,58103,44,53,0,0,0,0,0,0,0,0,0,0,0,0,0,0,0,0,0,0,0,0,0,0,327,17149,0,0,0,0
77329.596,17102,58,0,0,0,0,0,8,57810,44,53,0,0,0,0,0,0,0,0,0,0,0,0,0,0,0,0,0,0,0,0,0,0,341,15966,0,0,0,0
77345.642,16045,62,0,0,0,0,0,8,60427,44,53,0,0,0,0,0,0,0,0,0,0,0,0,0,0,0,0,0,0,0,0,0,0,360,18168,0,0,0,0
77362.133,16491,60,0,0,0,0,0,8,59661,44,53,0,0,0,0,0,0,0,0,0,0,0,0,0,0,0,0,0,0,0,0,0,0,326,15205,0,0,0,0
77379.236,17102,58,0,0,0,0,0,8,59696,44,53,0,0,0,0,0,0,0,0,0,0,0,0,0,0,0,0,0,0,0,0,0,0,339,17004,0,0,0,0
77395.587,16351,61,0,0,0,0,0,8,59621,44,53,0,0,0,0,0,0,0,0,0,0,0,0,0,0,0,0,0,0,0,0,0,0,355,16413,0,0,0,0
77412.591,17003,58,0,0,0,0,0,8,59562,44,53,0,0,0,0,0,0,0,0,0,0,0,0,0,0,0,0,0,0,0,0,0,0,357,15759,0,0,0,0
77429.034,16443,60,0,0,0,0,0,8,59813,44,53,0,0,0,0,0,0,0,0,0,0,0,0,0,0,0,0,0,0,0,0,0,0,359,16921,0,0,0,0
77446.597,17551,56,0,0,0,0,0,8,59795,44,53,0,0,0,0,0,0,0,0,0,0,0,0,0,0,0,0,0,0,0,0,0,0,385,17741,0,0,0,0
77462.586,16001,62,0,0,0,0,0,8,59998,44,53,0,0,0,0,0,0,0,0,0,0,0,0,0,0,0,0,0,0,0,0,0,0,338,17646,0,0,0,0
77479.109,16522,60,0,0,0,0,0,8,59678,44,53,0,0,0,0,0,0,0,0,0,0,0,0,0,0,0,0,0,0,0,0,0,0,344,15472,0,0,0,0
77495.543,16434,60,0,0,0,0,0,8,58052,44,53,0,0,0,0,0,0,0,0,0,0,0,0,0,0,0,0,0,0,0,0,0,0,339,16513,0,0,0,0
77512.587,17043,58,0,0,0,0,0,8,58538,44,53,0,0,0,0,0,0,0,0,0,0,0,0,0,0,0,0,0,0,0,0,0,0,326,16330,0,0,0,0
77528.844,16257,61,0,0,0,0,0,8,58104,44,53,0,0,0,0,0,0,0,0,0,0,0,0,0,0,0,0,0,0,0,0,0,0,343,15853,0,0,0,0
77546.110,17265,57,0,0,0,0,0,8,58857,44,53,0,0,0,0,0,0,0,0,0,0,0,0,0,0,0,0,0,0,0,0,0,0,333,17960,0,0,0,0
77562.374,16264,61,0,0,0,0,0,8,58321,44,53,0,0,0,0,0,0,0,0,0,0,0,0,0,0,0,0,0,0,0,0,0,0,358,17004,0,0,0,0
77579.186,16811,59,0,0,0,0,0,8,58863,44,53,0,0,0,0,0,0,0,0,0,0,0,0,0,0,0,0,0,0,0,0,0,0,335,15718,0,0,0,0
77595.730,16544,60,0,0,0,0,0,8,58791,44,53,0,0,0,0,0,0,0,0,0,0,0,0,0,0,0,0,0,0,0,0,0,0,339,16830,0,0,0,0
77612.233,16502,60,0,0,0,0,0,8,58735,44,53,0,0,0,0,0,0,0,0,0,0,0,0,0,0,0,0,0,0,0,0,0,0,354,16598,0,0,0,0
77628.939,16705,59,0,0,0,0,0,8,56419,44,53,0,0,0,0,0,0,0,0,0,0,0,0,0,0,0,0,0,0,0,0,0,0,373,16854,0,0,0,0
77645.723,16783,59,0,0,0,0,0,8,56659,44,53,0,0,0,0,0,0,0,0,0,0,0,0,0,0,0,0,0,0,0,0,0,0,342,16499,0,0,0,0
77662.194,16471,60,0,0,0,0,0,8,57126,44,53,0,0,0,0,0,0,0,0,0,0,0,0,0,0,0,0,0,0,0,0,0,0,372,17063,0,0,0,0
77679.103,16908,59,0,0,0,0,0,8,56904,44,53,0,0,0,0,0,0,0,0,0,0,0,0,0,0,0,0,0,0,0,0,0,0,331,16508,0,0,0,0
77695.718,16615,60,0,0,0,0,0,8,56485,44,53,0,0,0,0,0,0,0,0,0,0,0,0,0,0,0,0,0,0,0,0,0,0,374,17123,0,0,0,0
77712.587,16869,59,0,0,0,0,0,8,56220,44,53,0,0,0,0,0,0,0,0,0,0,0,0,0,0,0,0,0,0,0,0,0,0,326,16328,0,0,0,0
77728.815,16227,61,0,0,0,0,0,8,56513,44,53,0,0,0,0,0,0,0,0,0,0,0,0,0,0,0,0,0,0,0,0,0,0,337,17180,0,0,0,0
77745.113,16297,61,0,0,0,0,0,8,56077,44,53,0,0,0,0,0,0,0,0,0,0,0,0,0,0,0,0,0,0,0,0,0,0,331,15219,0,0,0,0
77762.583,17470,57,0,0,0,0,0,8,56427,44,53,0,0,0,0,0,0,0,0,0,0,0,0,0,0,0,0,0,0,0,0,0,0,358,17084,0,0,0,0
77779.167,16584,60,0,0,0,0,0,8,56260,44,53,0,0,0,0,0,0,0,0,0,0,0,0,0,0,0,0,0,0,0,0,0,0,351,16209,0,0,0,0
77795.997,16829,59,0,0,0,0,0,8,56565,44,53,0,0,0,0,0,0,0,0,0,0,0,0,0,0,0,0,0,0,0,0,0,0,348,17461,0,0,0,0
77812.524,16527,60,0,0,0,0,0,8,56065,44,53,0,0,0,0,0,0,0,0,0,0,0,0,0,0,0,0,0,0,0,0,0,0,339,17079,0,0,0,0
77829.119,16594,60,0,0,0,0,0,8,55300,44,53,0,0,0,0,0,0,0,0,0,0,0,0,0,0,0,0,0,0,0,0,0,0,386,15889,0,0,0,0
77845.719,16600,60,0,0,0,0,0,8,56064,44,53,0,0,0,0,0,0,0,0,0,0,0,0,0,0,0,0,0,0,0,0,0,0,343,17200,0,0,0,0
77862.239,16509,60,0,0,0,0,0,8,54989,44,53,0,0,0,0,0,0,0,0,0,0,0,0,0,0,0,0,0,0,0,0,0,0,328,16683,0,0,0,0
77879.163,16934,59,0,0,0,0,0,8,54728,44,53,0,0,0,0,0,0,0,0,0,0,0,0,0,0,0,0,0,0,0,0,0,0,344,16268,0,0,0,0
77895.846,16672,59,0,0,0,0,0,8,54952,44,53,0,0,0,0,0,0,0,0,0,0,0,0,0,0,0,0,0,0,0,0,0,0,346,16361,0,0,0,0
77912.225,16389,61,0,0,0,0,0,8,55767,44,53,0,0,0,0,0,0,0,0,0,0,0,0,0,0,0,0,0,0,0,0,0,0,354,17472,0,0,0,0
77929.105,16880,59,0,0,0,0,0,8,55438,44,53,0,0,0,0,0,0,0,0,0,0,0,0,0,0,0,0,0,0,0,0,0,0,347,16217,0,0,0,0
77945.735,16630,60,0,0,0,0,0,8,56700,44,53,0,0,0,0,0,0,0,0,0,0,0,0,0,0,0,0,0,0,0,0,0,0,332,16331,0,0,0,0
77962.178,16442,60,0,0,0,0,0,8,56487,44,53,0,0,0,0,0,0,0,0,0,0,0,0,0,0,0,0,0,0,0,0,0,0,342,17076,0,0,0,0
77979.032,16854,59,0,0,0,0,0,8,55170,44,53,0,0,0,0,0,0,0,0,0,0,0,0,0,0,0,0,0,0,0,0,0,0,323,16864,0,0,0,0
77995.849,16816,59,0,0,0,0,0,8,55395,44,53,0,0,0,0,0,0,0,0,0,0,0,0,0,0,0,0,0,0,0,0,0,0,350,16160,0,0,0,0
78012.582,16733,59,0,0,0,0,0,8,55478,44,53,0,0,0,0,0,0,0,0,0,0,0,0,0,0,0,0,0,0,0,0,0,0,349,17127,0,0,0,0
78029.059,16476,60,0,0,0,0,0,8,55202,44,53,0,0,0,0,0,0,0,0,0,0,0,0,0,0,0,0,0,0,0,0,0,0,342,15507,0,0,0,0
78045.717,16658,60,0,0,0,0,0,8,55856,44,53,0,0,0,0,0,0,0,0,0,0,0,0,0,0,0,0,0,0,0,0,0,0,367,17736,0,0,0,0
78062.367,16650,60,0,0,0,0,0,8,57444,44,53,0,0,0,0,0,0,0,0,0,0,0,0,0,0,0,0,0,0,0,0,0,0,349,16573,0,0,0,0
78078.984,16616,60,0,0,0,0,0,8,58356,44,53,0,0,0,0,0,0,0,0,0,0,0,0,0,0,0,0,0,0,0,0,0,0,342,16543,0,0,0,0
78095.520,16536,60,0,0,0,0,0,8,58782,44,53,0,0,0,0,0,0,0,0,0,0,0,0,0,0,0,0,0,0,0,0,0,0,337,17186,0,0,0,0
78112.583,17063,58,0,0,0,0,0,8,58489,44,53,0,0,0,0,0,0,0,0,0,0,0,0,0,0,0,0,0,0,0,0,0,0,316,15775,0,0,0,0
78130.099,17515,57,0,0,0,0,0,8,58487,44,53,0,0,0,0,0,0,0,0,0,0,0,0,0,0,0,0,0,0,0,0,0,0,371,17789,0,0,0,0
78145.623,15524,64,0,0,0,0,0,8,58705,44,53,0,0,0,0,0,0,0,0,0,0,0,0,0,0,0,0,0,0,0,0,0,0,324,17015,0,0,0,0
78162.579,16955,58,0,0,0,0,0,8,58504,44,53,0,0,0,0,0,0,0,0,0,0,0,0,0,0,0,0,0,0,0,0,0,0,364,15899,0,0,0,0
78178.974,16395,60,0,0,0,0,0,8,58602,44,53,0,0,0,0,0,0,0,0,0,0,0,0,0,0,0,0,0,0,0,0,0,0,338,15704,0,0,0,0
78195.717,16742,59,0,0,0,0,0,8,58825,44,53,0,0,0,0,0,0,0,0,0,0,0,0,0,0,0,0,0,0,0,0,0,0,333,17684,0,0,0,0
78212.491,16774,59,0,0,0,0,0,8,61396,44,53,0,0,0,0,0,0,0,0,0,0,0,0,0,0,0,0,0,0,0,0,0,0,356,16644,0,0,0,0
78229.230,16739,59,0,0,0,0,0,8,58786,44,53,0,0,0,0,0,0,0,0,0,0,0,0,0,0,0,0,0,0,0,0,0,0,336,16460,0,0,0,0
78245.781,16550,60,0,0,0,0,0,8,58836,44,53,0,0,0,0,0,0,0,0,0,0,0,0,0,0,0,0,0,0,0,0,0,0,335,16944,0,0,0,0
78262.574,16793,59,0,0,0,0,0,8,59180,44,53,0,0,0,0,0,0,0,0,0,0,0,0,0,0,0,0,0,0,0,0,0,0,321,16769,0,0,0,0
78279.114,16540,60,0,0,0,0,0,8,58743,44,53,0,0,0,0,0,0,0,0,0,0,0,0,0,0,0,0,0,0,0,0,0,0,347,16649,0,0,0,0
78295.773,16658,60,0,0,0,0,0,8,58741,44,53,0,0,0,0,0,0,0,0,0,0,0,0,0,0,0,0,0,0,0,0,0,0,332,16547,0,0,0,0
78312.583,16810,59,0,0,0,0,0,8,58847,44,53,0,0,0,0,0,0,0,0,0,0,0,0,0,0,0,0,0,0,0,0,0,0,325,16873,0,0,0,0
78329.006,16422,60,0,0,0,0,0,8,58722,44,53,0,0,0,0,0,0,0,0,0,0,0,0,0,0,0,0,0,0,0,0,0,0,351,16456,0,0,0,0
78346.099,17092,58,0,0,0,0,0,8,59270,44,53,0,0,0,0,0,0,0,0,0,0,0,0,0,0,0,0,0,0,0,0,0,0,318,16447,0,0,0,0
78361.785,15686,63,0,0,0,0,0,8,59086,44,53,0,0,0,0,0,0,0,0,0,0,0,0,0,0,0,0,0,0,0,0,0,0,351,16955,0,0,0,0
78379.252,17467,57,0,0,0,0,0,8,58626,44,53,0,0,0,0,0,0,0,0,0,0,0,0,0,0,0,0,0,0,0,0,0,0,330,16231,0,0,0,0
78396.410,17158,58,0,0,0,0,0,8,58944,44,53,0,0,0,0,0,0,0,0,0,0,0,0,0,0,0,0,0,0,0,0,0,0,344,17117,0,0,0,0
78412.584,16173,61,0,0,0,0,0,8,59084,44,53,0,0,0,0,0,0,0,0,0,0,0,0,0,0,0,0,0,0,0,0,0,0,355,17553,0,0,0,0
78429.123,16539,60,0,0,0,0,0,8,58347,44,53,0,0,0,0,0,0,0,0,0,0,0,0,0,0,0,0,0,0,0,0,0,0,334,15314,0,0,0,0
78445.711,16588,60,0,0,0,0,0,8,58501,44,53,0,0,0,0,0,0,0,0,0,0,0,0,0,0,0,0,0,0,0,0,0,0,334,18120,0,0,0,0
78462.513,16802,59,0,0,0,0,0,8,58494,44,53,0,0,0,0,0,0,0,0,0,0,0,0,0,0,0,0,0,0,0,0,0,0,345,15432,0,0,0,0
78479.094,16580,60,0,0,0,0,0,8,58038,44,53,0,0,0,0,0,0,0,0,0,0,0,0,0,0,0,0,0,0,0,0,0,0,342,16648,0,0,0,0
78496.009,16915,59,0,0,0,0,0,8,58628,44,53,0,0,0,0,0,0,0,0,0,0,0,0,0,0,0,0,0,0,0,0,0,0,319,17035,0,0,0,0
78512.582,16572,60,0,0,0,0,0,8,58273,44,53,0,0,0,0,0,0,0,0,0,0,0,0,0,0,0,0,0,0,0,0,0,0,332,16450,0,0,0,0
78529.595,17013,58,0,0,0,0,0,8,58093,44,53,0,0,0,0,0,0,0,0,0,0,0,0,0,0,0,0,0,0,0,0,0,0,355,16930,0,0,0,0
78545.857,16261,61,0,0,0,0,0,8,58588,44,53,0,0,0,0,0,0,0,0,0,0,0,0,0,0,0,0,0,0,0,0,0,0,328,17219,0,0,0,0
78562.228,16371,61,0,0,0,0,0,8,58129,44,53,0,0,0,0,0,0,0,0,0,0,0,0,0,0,0,0,0,0,0,0,0,0,346,15652,0,0,0,0
78579.140,16912,59,0,0,0,0,0,8,58248,44,53,0,0,0,0,0,0,0,0,0,0,0,0,0,0,0,0,0,0,0,0,0,0,341,16850,0,0,0,0
78595.785,16645,60,0,0,0,0,0,8,58030,44,53,0,0,0,0,0,0,0,0,0,0,0,0,0,0,0,0,0,0,0,0,0,0,348,16129,0,0,0,0
78612.594,16808,59,0,0,0,0,0,8,57962,44,53,0,0,0,0,0,0,0,0,0,0,0,0,0,0,0,0,0,0,0,0,0,0,357,16736,0,0,0,0
78628.913,16319,61,0,0,0,0,0,8,57900,44,53,0,0,0,0,0,0,0,0,0,0,0,0,0,0,0,0,0,0,0,0,0,0,334,16244,0,0,0,0
78646.589,17664,56,0,0,0,0,0,8,58103,44,53,0,0,0,0,0,0,0,0,0,0,0,0,0,0,0,0,0,0,0,0,0,0,344,17805,0,0,0,0
78662.224,15646,63,0,0,0,0,0,8,58629,44,53,0,0,0,0,0,0,0,0,0,0,0,0,0,0,0,0,0,0,0,0,0,0,346,17428,0,0,0,0
78679.582,17358,57,0,0,0,0,0,8,57728,44,53,0,0,0,0,0,0,0,0,0,0,0,0,0,0,0,0,0,0,0,0,0,0,320,15317,0,0,0,0
78695.961,16378,61,0,0,0,0,0,8,58275,44,53,0,0,0,0,0,0,0,0,0,0,0,0,0,0,0,0,0,0,0,0,0,0,351,17265,0,0,0,0
78712.572,16611,60,0,0,0,0,0,8,57946,44,53,0,0,0,0,0,0,0,0,0,0,0,0,0,0,0,0,0,0,0,0,0,0,332,16644,0,0,0,0
78729.105,16532,60,0,0,0,0,0,8,57740,44,53,0,0,0,0,0,0,0,0,0,0,0,0,0,0,0,0,0,0,0,0,0,0,328,15367,0,0,0,0
78745.715,16610,60,0,0,0,0,0,8,58502,44,53,0,0,0,0,0,0,0,0,0,0,0,0,0,0,0,0,0,0,0,0,0,0,328,17621,0,0,0,0
78762.228,16513,60,0,0,0,0,0,8,57910,44,53,0,0,0,0,0,0,0,0,0,0,0,0,0,0,0,0,0,0,0,0,0,0,316,17008,0,0,0,0
78779.278,17049,58,0,0,0,0,0,8,57696,44,53,0,0,0,0,0,0,0,0,0,0,0,0,0,0,0,0,0,0,0,0,0,0,347,16377,0,0,0,0
78795.960,16682,59,0,0,0,0,0,8,57840,44,53,0,0,0,0,0,0,0,0,0,0,0,0,0,0,0,0,0,0,0,0,0,0,347,16274,0,0,0,0
78812.338,16377,61,0,0,0,0,0,8,57779,44,53,0,0,0,0,0,0,0,0,0,0,0,0,0,0,0,0,0,0,0,0,0,0,348,16982,0,0,0,0
78829.180,16842,59,0,0,0,0,0,8,57963,44,53,0,0,0,0,0,0,0,0,0,0,0,0,0,0,0,0,0,0,0,0,0,0,370,16677,0,0,0,0
78846.110,16929,59,0,0,0,0,0,8,59349,44,53,0,0,0,0,0,0,0,0,0,0,0,0,0,0,0,0,0,0,0,0,0,0,353,16995,0,0,0,0
78862.218,16108,62,0,0,0,0,0,8,57808,44,53,0,0,0,0,0,0,0,0,0,0,0,0,0,0,0,0,0,0,0,0,0,0,345,16225,0,0,0,0
78879.166,16948,59,0,0,0,0,0,8,57635,44,53,0,0,0,0,0,0,0,0,0,0,0,0,0,0,0,0,0,0,0,0,0,0,334,16648,0,0,0,0
78895.874,16707,59,0,0,0,0,0,8,57570,44,53,0,0,0,0,0,0,0,0,0,0,0,0,0,0,0,0,0,0,0,0,0,0,330,16389,0,0,0,0
78912.573,16699,59,0,0,0,0,0,8,57585,44,53,0,0,0,0,0,0,0,0,0,0,0,0,0,0,0,0,0,0,0,0,0,0,344,17004,0,0,0,0
78929.101,16528,60,0,0,0,0,0,8,57196,44,53,0,0,0,0,0,0,0,0,0,0,0,0,0,0,0,0,0,0,0,0,0,0,313,16025,0,0,0,0
78946.088,16987,58,0,0,0,0,0,8,57503,44,53,0,0,0,0,0,0,0,0,0,0,0,0,0,0,0,0,0,0,0,0,0,0,345,17703,0,0,0,0
78962.149,16060,62,0,0,0,0,0,8,57201,44,53,0,0,0,0,0,0,0,0,0,0,0,0,0,0,0,0,0,0,0,0,0,0,332,16439,0,0,0,0
78978.842,16693,59,0,0,0,0,0,8,57280,44,53,0,0,0,0,0,0,0,0,0,0,0,0,0,0,0,0,0,0,0,0,0,0,339,16391,0,0,0,0
78996.099,17257,57,0,0,0,0,0,8,57574,44,53,0,0,0,0,0,0,0,0,0,0,0,0,0,0,0,0,0,0,0,0,0,0,352,16809,0,0,0,0
79011.994,15894,62,0,0,0,0,0,8,57333,44,53,0,0,0,0,0,0,0,0,0,0,0,0,0,0,0,0,0,0,0,0,0,0,326,16565,0,0,0,0
79029.098,17103,58,0,0,0,0,0,8,57018,44,53,0,0,0,0,0,0,0,0,0,0,0,0,0,0,0,0,0,0,0,0,0,0,347,16149,0,0,0,0
79045.728,16630,60,0,0,0,0,0,8,59114,44,53,0,0,0,0,0,0,0,0,0,0,0,0,0,0,0,0,0,0,0,0,0,0,352,17667,0,0,0,0
79062.154,16426,60,0,0,0,0,0,8,55446,44,53,0,0,0,0,0,0,0,0,0,0,0,0,0,0,0,0,0,0,0,0,0,0,353,16596,0,0,0,0
79079.105,16951,58,0,0,0,0,0,8,55735,44,53,0,0,0,0,0,0,0,0,0,0,0,0,0,0,0,0,0,0,0,0,0,0,363,16188,0,0,0,0
79095.921,16815,59,0,0,0,0,0,8,55243,44,53,0,0,0,0,0,0,0,0,0,0,0,0,0,0,0,0,0,0,0,0,0,0,341,16763,0,0,0,0
79112.218,16297,61,0,0,0,0,0,8,54942,44,53,0,0,0,0,0,0,0,0,0,0,0,0,0,0,0,0,0,0,0,0,0,0,334,16745,0,0,0,0
79129.246,17027,58,0,0,0,0,0,8,54753,44,53,0,0,0,0,0,0,0,0,0,0,0,0,0,0,0,0,0,0,0,0,0,0,343,15877,0,0,0,0
79145.791,16544,60,0,0,0,0,0,8,55613,44,53,0,0,0,0,0,0,0,0,0,0,0,0,0,0,0,0,0,0,0,0,0,0,372,17837,0,0,0,0
79162.714,16923,59,0,0,0,0,0,8,55301,44,53,0,0,0,0,0,0,0,0,0,0,0,0,0,0,0,0,0,0,0,0,0,0,352,16210,0,0,0,0
79179.572,16857,59,0,0,0,0,0,8,55183,44,53,0,0,0,0,0,0,0,0,0,0,0,0,0,0,0,0,0,0,0,0,0,0,361,17448,0,0,0,0
79195.648,16076,62,0,0,0,0,0,8,55006,44,53,0,0,0,0,0,0,0,0,0,0,0,0,0,0,0,0,0,0,0,0,0,0,334,16465,0,0,0,0
79212.678,17029,58,0,0,0,0,0,8,54994,44,53,0,0,0,0,0,0,0,0,0,0,0,0,0,0,0,0,0,0,0,0,0,0,332,16186,0,0,0,0
79229.235,16557,60,0,0,0,0,0,8,55419,44,53,0,0,0,0,0,0,0,0,0,0,0,0,0,0,0,0,0,0,0,0,0,0,336,16543,0,0,0,0
79245.076,15841,63,0,0,0,0,0,8,56227,44,53,0,0,0,0,0,0,0,0,0,0,0,0,0,0,0,0,0,0,0,0,0,0,326,16610,0,0,0,0
79262.572,17496,57,0,0,0,0,0,8,56306,44,53,0,0,0,0,0,0,0,0,0,0,0,0,0,0,0,0,0,0,0,0,0,0,351,15763,0,0,0,0
79279.105,16532,60,0,0,0,0,0,8,59827,44,53,0,0,0,0,0,0,0,0,0,0,0,0,0,0,0,0,0,0,0,0,0,0,359,18265,0,0,0,0
79296.086,16980,58,0,0,0,1,0,8,61779,44,53,0,0,0,0,0,0,0,0,0,0,0,0,0,0,0,0,0,0,0,0,0,0,342,16776,0,0,0,0
79312.659,16573,60,0,0,0,0,0,8,60044,44,53,0,0,0,0,0,0,0,0,0,0,0,0,0,0,0,0,0,0,0,0,0,0,346,16628,0,0,0,0
79328.694,16034,62,0,0,0,0,0,8,60195,44,53,0,0,0,0,0,0,0,0,0,0,0,0,0,0,0,0,0,0,0,0,0,0,345,16517,0,0,0,0
79345.963,17269,57,0,0,0,0,0,8,60924,44,53,0,0,0,0,0,0,0,0,0,0,0,0,0,0,0,0,0,0,0,0,0,0,349,15965,0,0,0,0
79362.643,16679,59,0,0,0,0,0,8,61161,44,53,0,0,0,0,0,0,0,0,0,0,0,0,0,0,0,0,0,0,0,0,0,0,343,16890,0,0,0,0
79379.298,16654,60,0,0,0,0,0,8,60473,44,53,0,0,0,0,0,0,0,0,0,0,0,0,0,0,0,0,0,0,0,0,0,0,360,17068,0,0,0,0
79395.670,16372,61,0,0,0,0,0,8,61454,44,53,0,0,0,0,0,0,0,0,0,0,0,0,0,0,0,0,0,0,0,0,0,0,346,16423,0,0,0,0
79412.302,16631,60,0,0,0,0,0,8,62011,44,53,0,0,0,0,0,0,0,0,0,0,0,0,0,0,0,0,0,0,0,0,0,0,340,17087,0,0,0,0
79428.759,16456,60,0,0,0,0,0,8,61873,44,53,0,0,0,0,0,0,0,0,0,0,0,0,0,0,0,0,0,0,0,0,0,0,346,16110,0,0,0,0
79445.715,16956,58,0,0,0,0,0,8,64453,44,53,0,0,0,0,0,0,0,0,0,0,0,0,0,0,0,0,0,0,0,0,0,0,342,16718,0,0,0,0
79462.573,16857,59,0,0,0,0,0,8,60895,44,53,0,0,0,0,0,0,0,0,0,0,0,0,0,0,0,0,0,0,0,0,0,0,324,17007,0,0,0,0
79479.137,16564,60,0,0,0,0,0,8,60561,44,53,0,0,0,0,0,0,0,0,0,0,0,0,0,0,0,0,0,0,0,0,0,0,362,16649,0,0,0,0
79495.708,16571,60,0,0,0,0,0,8,61380,44,53,0,0,0,0,0,0,0,0,0,0,0,0,0,0,0,0,0,0,0,0,0,0,354,16244,0,0,0,0
79512.215,16507,60,0,0,0,0,0,8,60405,44,53,0,0,0,0,0,0,0,0,0,0,0,0,0,0,0,0,0,0,0,0,0,0,337,17199,0,0,0,0
79529.233,17017,58,0,0,0,0,0,8,60019,44,53,0,0,0,0,0,0,0,0,0,0,0,0,0,0,0,0,0,0,0,0,0,0,317,16305,0,0,0,0
79545.787,16554,60,0,0,0,0,0,8,60219,44,53,0,0,0,0,0,0,0,0,0,0,0,0,0,0,0,0,0,0,0,0,0,0,347,16540,0,0,0,0
79562.574,16775,59,0,0,0,0,0,8,61499,44,53,0,0,0,0,0,0,0,0,0,0,0,0,0,0,0,0,0,0,0,0,0,0,360,17221,0,0,0,0
79579.572,17008,58,0,0,0,0,0,8,65439,44,53,0,0,0,0,0,0,0,0,0,0,0,0,0,0,0,0,0,0,0,0,0,0,377,16773,0,0,0,0
79596.088,16516,60,0,0,0,0,0,8,63907,44,53,0,0,0,0,0,0,0,0,0,0,0,0,0,0,0,0,0,0,0,0,0,0,341,16196,0,0,0,0
79612.344,16255,61,0,0,0,0,0,8,63711,44,53,0,0,0,0,0,0,0,0,0,0,0,0,0,0,0,0,0,0,0,0,0,0,336,16765,0,0,0,0
79629.156,16812,59,0,0,0,0,0,8,63919,44,53,0,0,0,0,0,0,0,0,0,0,0,0,0,0,0,0,0,0,0,0,0,0,339,16229,0,0,0,0
79646.087,16931,59,0,0,0,0,0,8,64766,44,53,0,0,0,0,0,0,0,0,0,0,0,0,0,0,0,0,0,0,0,0,0,0,335,17212,0,0,0,0
79662.571,16484,60,0,0,0,0,0,8,68359,44,53,0,0,0,0,0,0,0,0,0,0,0,0,0,0,0,0,0,0,0,0,0,0,337,16806,0,0,0,0
79679.249,16677,59,0,0,0,0,0,8,67476,44,53,0,0,0,0,0,0,0,0,0,0,0,0,0,0,0,0,0,0,0,0,0,0,336,15807,0,0,0,0
79696.087,16838,59,0,0,0,0,0,8,67946,44,53,0,0,0,0,0,0,0,0,0,0,0,0,0,0,0,0,0,0,0,0,0,0,330,17264,0,0,0,0
79712.209,16122,62,0,0,0,0,0,8,68224,44,53,0,0,0,0,0,0,0,0,0,0,0,0,0,0,0,0,0,0,0,0,0,0,334,16962,0,0,0,0
79729.274,17064,58,0,0,0,0,0,8,66227,44,53,0,0,0,0,0,0,0,0,0,0,0,0,0,0,0,0,0,0,0,0,0,0,327,15986,0,0,0,0
79745.594,16320,61,0,0,0,0,0,8,66733,44,53,0,0,0,0,0,0,0,0,0,0,0,0,0,0,0,0,0,0,0,0,0,0,335,17042,0,0,0,0
79762.237,16642,60,0,0,0,0,0,8,65351,44,53,0,0,0,0,0,0,0,0,0,0,0,0,0,0,0,0,0,0,0,0,0,0,334,16130,0,0,0,0
79779.090,16852,59,0,0,0,0,0,8,65079,44,53,0,0,0,0,0,0,0,0,0,0,0,0,0,0,0,0,0,0,0,0,0,0,339,17119,0,0,0,0
79796.101,17011,58,0,0,0,0,0,8,65342,44,53,0,0,0,0,0,0,0,0,0,0,0,0,0,0,0,0,0,0,0,0,0,0,349,16427,0,0,0,0
79812.124,16022,62,0,0,0,0,0,8,65235,44,53,0,0,0,0,0,0,0,0,0,0,0,0,0,0,0,0,0,0,0,0,0,0,337,17341,0,0,0,0
79828.834,16710,59,0,0,0,0,0,8,64535,44,53,0,0,0,0,0,0,0,0,0,0,0,0,0,0,0,0,0,0,0,0,0,0,323,16108,0,0,0,0
79846.097,17263,57,0,0,0,0,0,8,64129,44,53,0,0,0,0,0,0,0,0,0,0,0,0,0,0,0,0,0,0,0,0,0,0,317,16439,0,0,0,0
79862.629,16531,60,0,0,0,0,0,8,64202,44,53,0,0,0,0,0,0,0,0,0,0,0,0,0,0,0,0,0,0,0,0,0,0,327,16990,0,0,0,0
79878.603,15973,62,0,0,0,0,0,8,63534,44,53,0,0,0,0,0,0,0,0,0,0,0,0,0,0,0,0,0,0,0,0,0,0,358,16723,0,0,0,0
79895.729,17125,58,0,0,0,0,0,8,64001,44,53,0,0,0,0,0,0,0,0,0,0,0,0,0,0,0,0,0,0,0,0,0,0,323,16105,0,0,0,0
79912.573,16843,59,0,0,0,0,0,8,64435,44,53,0,0,0,0,0,0,0,0,0,0,0,0,0,0,0,0,0,0,0,0,0,0,346,17006,0,0,0,0
79929.183,16610,60,0,0,0,0,0,8,62951,44,53,0,0,0,0,0,0,0,0,0,0,0,0,0,0,0,0,0,0,0,0,0,0,334,15933,0,0,0,0
79945.798,16615,60,0,0,0,0,0,8,63443,44,53,0,0,0,0,0,0,0,0,0,0,0,0,0,0,0,0,0,0,0,0,0,0,337,17634,0,0,0,0
79962.566,16768,59,0,0,0,0,0,8,62914,44,53,0,0,0,0,0,0,0,0,0,0,0,0,0,0,0,0,0,0,0,0,0,0,382,16449,0,0,0,0
79978.897,16330,61,0,0,0,0,0,8,62339,44,53,0,0,0,0,0,0,0,0,0,0,0,0,0,0,0,0,0,0,0,0,0,0,347,15679,0,0,0,0
79995.604,16707,59,0,0,0,0,0,8,62982,44,53,0,0,0,0,0,0,0,0,0,0,0,0,0,0,0,0,0,0,0,0,0,0,371,17410,0,0,0,0
80011.948,16344,61,0,0,0,0,0,8,62196,44,53,0,0,0,0,0,0,0,0,0,0,0,0,0,0,0,0,0,0,0,0,0,0,330,16920,0,0,0,0
80029.080,17131,58,0,0,0,0,0,8,62224,44,53,0,0,0,0,0,0,0,0,0,0,0,0,0,0,0,0,0,0,0,0,0,0,348,16251,0,0,0,0
80045.704,16623,60,0,0,0,0,0,8,65394,44,53,0,0,0,0,0,0,0,0,0,0,0,0,0,0,0,0,0,0,0,0,0,0,350,17711,0,0,0,0
80062.122,16418,60,0,0,0,2,0,8,65008,44,53,0,0,0,0,0,0,0,0,0,0,0,0,0,0,0,0,0,0,0,0,0,0,353,15898,0,0,0,0
80079.081,16959,58,0,0,0,0,0,8,64713,44,53,0,0,0,0,0,0,0,0,0,0,0,0,0,0,0,0,0,0,0,0,0,0,341,16606,0,0,0,0
80095.699,16617,60,0,0,0,0,0,8,64755,44,53,0,0,0,0,0,0,0,0,0,0,0,0,0,0,0,0,0,0,0,0,0,0,340,17370,0,0,0,0
80112.506,16807,59,0,0,0,0,0,8,65003,44,53,0,0,0,0,0,0,0,0,0,0,0,0,0,0,0,0,0,0,0,0,0,0,331,16424,0,0,0,0
80129.193,16686,59,0,0,0,0,0,8,64344,44,53,0,0,0,0,0,0,0,0,0,0,0,0,0,0,0,0,0,0,0,0,0,0,367,16384,0,0,0,0
80145.647,16454,60,0,0,0,0,0,8,63872,44,53,0,0,0,0,0,0,0,0,0,0,0,0,0,0,0,0,0,0,0,0,0,0,348,16567,0,0,0,0
80162.696,17049,58,0,0,0,0,0,8,64084,44,53,0,0,0,0,0,0,0,0,0,0,0,0,0,0,0,0,0,0,0,0,0,0,372,17015,0,0,0,0
80179.106,16409,60,0,0,0,0,0,8,63989,44,53,0,0,0,0,0,0,0,0,0,0,0,0,0,0,0,0,0,0,0,0,0,0,342,16987,0,0,0,0
80195.473,16367,61,0,0,0,0,0,8,63908,44,53,0,0,0,0,0,0,0,0,0,0,0,0,0,0,0,0,0,0,0,0,0,0,331,16151,0,0,0,0
80212.331,16857,59,0,0,0,0,0,8,64279,44,53,0,0,0,0,0,0,0,0,0,0,0,0,0,0,0,0,0,0,0,0,0,0,355,16516,0,0,0,0
80229.581,17250,57,0,0,0,0,0,8,63581,44,53,0,0,0,0,0,0,0,0,0,0,0,0,0,0,0,0,0,0,0,0,0,0,364,16911,0,0,0,0
80245.744,16163,61,0,0,0,0,0,8,63591,44,53,0,0,0,0,0,0,0,0,0,0,0,0,0,0,0,0,0,0,0,0,0,0,328,15997,0,0,0,0
80262.105,16360,61,0,0,0,0,0,8,63183,44,53,0,0,0,0,0,0,0,0,0,0,0,0,0,0,0,0,0,0,0,0,0,0,362,16976,0,0,0,0
80279.574,17469,57,0,0,0,0,0,8,62447,44,53,0,0,0,0,0,0,0,0,0,0,0,0,0,0,0,0,0,0,0,0,0,0,338,16853,0,0,0,0
80295.477,15903,62,0,0,0,0,0,8,62789,44,53,0,0,0,0,0,0,0,0,0,0,0,0,0,0,0,0,0,0,0,0,0,0,349,17312,0,0,0,0
80311.703,16225,61,0,0,0,0,0,8,62960,44,53,0,0,0,0,0,0,0,0,0,0,0,0,0,0,0,0,0,0,0,0,0,0,325,15902,0,0,0,0
80329.565,17862,55,0,0,0,0,0,8,61470,44,53,0,0,0,0,0,0,0,0,0,0,0,0,0,0,0,0,0,0,0,0,0,0,343,15998,0,0,0,0
80345.706,16140,61,0,0,0,0,0,8,61959,44,53,0,0,0,0,0,0,0,0,0,0,0,0,0,0,0,0,0,0,0,0,0,0,357,17289,0,0,0,0
80362.139,16433,60,0,0,0,0,0,8,63166,44,53,0,0,0,0,0,0,0,0,0,0,0,0,0,0,0,0,0,0,0,0,0,0,337,17676,0,0,0,0
80379.561,17421,57,0,0,0,0,0,8,62213,44,53,0,0,0,0,0,0,0,0,0,0,0,0,0,0,0,0,0,0,0,0,0,0,356,16087,0,0,0,0
80395.965,16403,60,0,0,0,0,0,8,63530,44,53,0,0,0,0,0,0,0,0,0,0,0,0,0,0,0,0,0,0,0,0,0,0,330,17698,0,0,0,0
80412.613,16648,60,0,0,0,0,0,8,61972,44,53,0,0,0,0,0,0,0,0,0,0,0,0,0,0,0,0,0,0,0,0,0,0,336,15487,0,0,0,0
80429.079,16465,60,0,0,0,0,0,8,61721,44,53,0,0,0,0,0,0,0,0,0,0,0,0,0,0,0,0,0,0,0,0,0,0,340,17036,0,0,0,0
80445.608,16528,60,0,0,0,0,0,8,61824,44,53,0,0,0,0,0,0,0,0,0,0,0,0,0,0,0,0,0,0,0,0,0,0,327,16625,0,0,0,0
80462.326,16718,59,0,0,0,0,0,8,61813,44,53,0,0,0,0,0,0,0,0,0,0,0,0,0,0,0,0,0,0,0,0,0,0,337,16416,0,0,0,0
80479.090,16763,59,0,0,0,0,0,8,61278,44,53,0,0,0,0,0,0,0,0,0,0,0,0,0,0,0,0,0,0,0,0,0,0,340,16262,0,0,0,0
80495.448,16358,61,0,0,0,0,0,8,61022,44,53,0,0,0,0,0,0,0,0,0,0,0,0,0,0,0,0,0,0,0,0,0,0,337,17232,0,0,0,0
80512.228,16779,59,0,0,0,0,0,8,62947,44,53,0,0,0,0,0,0,0,0,0,0,0,0,0,0,0,0,0,0,0,0,0,0,339,16324,0,0,0,0
80529.577,17349,57,0,0,0,0,0,8,61906,44,53,0,0,0,0,0,0,0,0,0,0,0,0,0,0,0,0,0,0,0,0,0,0,336,16807,0,0,0,0
80545.421,15844,63,0,0,0,0,0,8,62193,44,53,0,0,0,0,0,0,0,0,0,0,0,0,0,0,0,0,0,0,0,0,0,0,313,15909,0,0,0,0
80562.160,16739,59,0,0,0,0,0,8,62338,44,53,0,0,0,0,0,0,0,0,0,0,0,0,0,0,0,0,0,0,0,0,0,0,355,16928,0,0,0,0
80580.104,17943,55,0,0,0,0,0,8,62169,44,53,0,0,0,0,0,0,0,0,0,0,0,0,0,0,0,0,0,0,0,0,0,0,341,17445,0,0,0,0
80595.803,15699,63,0,0,0,0,0,8,62166,44,53,0,0,0,0,0,0,0,0,0,0,0,0,0,0,0,0,0,0,0,0,0,0,328,17158,0,0,0,0
80612.141,16337,61,0,0,0,0,0,8,61866,44,53,0,0,0,0,0,0,0,0,0,0,0,0,0,0,0,0,0,0,0,0,0,0,319,15704,0,0,0,0
80629.107,16966,58,0,0,0,0,0,8,61788,44,53,0,0,0,0,0,0,0,0,0,0,0,0,0,0,0,0,0,0,0,0,0,0,324,16744,0,0,0,0
80645.698,16590,60,0,0,0,0,0,8,62063,44,53,0,0,0,0,0,0,0,0,0,0,0,0,0,0,0,0,0,0,0,0,0,0,355,16453,0,0,0,0
80662.567,16869,59,0,0,0,0,0,8,61600,44,53,0,0,0,0,0,0,0,0,0,0,0,0,0,0,0,0,0,0,0,0,0,0,315,17188,0,0,0,0
80678.676,16108,62,0,0,0,0,0,8,61331,44,53,0,0,0,0,0,0,0,0,0,0,0,0,0,0,0,0,0,0,0,0,0,0,342,16395,0,0,0,0
80695.956,17280,57,0,0,0,0,0,8,61360,44,53,0,0,0,0,0,0,0,0,0,0,0,0,0,0,0,0,0,0,0,0,0,0,320,16079,0,0,0,0
80712.211,16254,61,0,0,0,0,0,8,61442,44,53,0,0,0,0,0,0,0,0,0,0,0,0,0,0,0,0,0,0,0,0,0,0,370,17766,0,0,0,0
80728.935,16723,59,0,0,0,0,0,8,61096,44,53,0,0,0,0,0,0,0,0,0,0,0,0,0,0,0,0,0,0,0,0,0,0,335,16640,0,0,0,0
80746.562,17627,56,0,0,0,0,0,8,61233,44,53,0,0,0,0,0,0,0,0,0,0,0,0,0,0,0,0,0,0,0,0,0,0,366,16495,0,0,0,0
80762.444,15881,62,0,0,0,0,0,8,61013,44,53,0,0,0,0,0,0,0,0,0,0,0,0,0,0,0,0,0,0,0,0,0,0,344,17461,0,0,0,0
80779.044,16600,60,0,0,0,0,0,8,58738,44,53,0,0,0,0,0,0,0,0,0,0,0,0,0,0,0,0,0,0,0,0,0,0,386,15249,0,0,0,0
80795.492,16448,60,0,0,0,0,0,8,58701,44,53,0,0,0,0,0,0,0,0,0,0,0,0,0,0,0,0,0,0,0,0,0,0,324,16780,0,0,0,0
80812.240,16748,59,0,0,0,0,0,8,58763,44,53,0,0,0,0,0,0,0,0,0,0,0,0,0,0,0,0,0,0,0,0,0,0,344,16690,0,0,0,0
80828.802,16561,60,0,0,0,0,0,8,58041,44,53,0,0,0,0,0,0,0,0,0,0,0,0,0,0,0,0,0,0,0,0,0,0,345,16669,0,0,0,0
80845.929,17126,58,0,0,0,0,0,8,58086,44,53,0,0,0,0,0,0,0,0,0,0,0,0,0,0,0,0,0,0,0,0,0,0,333,16360,0,0,0,0
80862.204,16275,61,0,0,0,0,0,8,59059,44,53,0,0,0,0,0,0,0,0,0,0,0,0,0,0,0,0,0,0,0,0,0,0,344,17546,0,0,0,0
80878.963,16759,59,0,0,0,0,0,8,58197,44,53,0,0,0,0,0,0,0,0,0,0,0,0,0,0,0,0,0,0,0,0,0,0,348,16266,0,0,0,0
80895.646,16683,59,0,0,0,0,0,8,58672,44,53,0,0,0,0,0,0,0,0,0,0,0,0,0,0,0,0,0,0,0,0,0,0,349,16380,0,0,0,0
80912.426,16780,59,0,0,0,0,0,8,58176,44,53,0,0,0,0,0,0,0,0,0,0,0,0,0,0,0,0,0,0,0,0,0,0,341,17141,0,0,0,0
80929.570,17143,58,0,0,0,0,0,8,58563,44,53,0,0,0,0,0,0,0,0,0,0,0,0,0,0,0,0,0,0,0,0,0,0,316,16432,0,0,0,0
80945.786,16216,61,0,0,0,0,0,8,58163,44,53,0,0,0,0,0,0,0,0,0,0,0,0,0,0,0,0,0,0,0,0,0,0,370,17142,0,0,0,0
80962.236,16450,60,0,0,0,0,0,8,58438,44,53,0,0,0,0,0,0,0,0,0,0,0,0,0,0,0,0,0,0,0,0,0,0,345,16062,0,0,0,0
80979.227,16990,58,0,0,0,0,0,8,61044,44,53,0,0,0,0,0,0,0,0,0,0,0,0,0,0,0,0,0,0,0,0,0,0,392,17175,0,0,0,0
80995.688,16461,60,0,0,0,0,0,8,59482,44,53,0,0,0,0,0,0,0,0,0,0,0,0,0,0,0,0,0,0,0,0,0,0,338,16204,0,0,0,0
81012.485,16797,59,0,0,0,0,0,8,59000,44,53,0,0,0,0,0,0,0,0,0,0,0,0,0,0,0,0,0,0,0,0,0,0,321,17013,0,0,0,0
81028.958,16472,60,0,0,0,0,0,8,58576,44,53,0,0,0,0,0,0,0,0,0,0,0,0,0,0,0,0,0,0,0,0,0,0,336,15630,0,0,0,0
81045.689,16731,59,0,0,0,0,0,8,59184,44,53,0,0,0,0,0,0,0,0,0,0,0,0,0,0,0,0,0,0,0,0,0,0,346,17447,0,0,0,0
81062.124,16435,60,0,0,0,0,0,8,58823,44,53,0,0,0,0,0,0,0,0,0,0,0,0,0,0,0,0,0,0,0,0,0,0,325,17251,0,0,0,0
81079.561,17436,57,0,0,0,0,0,8,58316,44,53,0,0,0,0,0,0,0,0,0,0,0,0,0,0,0,0,0,0,0,0,0,0,320,15889,0,0,0,0
81095.464,15902,62,0,0,0,0,0,8,58705,44,53,0,0,0,0,0,0,0,0,0,0,0,0,0,0,0,0,0,0,0,0,0,0,344,17584,0,0,0,0
81112.102,16638,60,0,0,0,0,0,8,58164,44,53,0,0,0,0,0,0,0,0,0,0,0,0,0,0,0,0,0,0,0,0,0,0,334,15794,0,0,0,0
81129.018,16916,59,0,0,0,0,0,8,57847,44,53,0,0,0,0,0,0,0,0,0,0,0,0,0,0,0,0,0,0,0,0,0,0,333,16629,0,0,0,0
81146.071,17052,58,0,0,0,0,0,8,59383,44,53,0,0,0,0,0,0,0,0,0,0,0,0,0,0,0,0,0,0,0,0,0,0,337,16605,0,0,0,0
81161.730,15658,63,0,0,0,0,0,8,60667,44,53,0,0,0,0,0,0,0,0,0,0,0,0,0,0,0,0,0,0,0,0,0,0,364,17586,0,0,0,0
81179.559,17829,56,0,0,0,0,0,8,57804,44,53,0,0,0,0,0,0,0,0,0,0,0,0,0,0,0,0,0,0,0,0,0,0,335,15024,0,0,0,0
81195.908,16348,61,0,0,0,0,0,8,60423,44,53,0,0,0,0,0,0,0,0,0,0,0,0,0,0,0,0,0,0,0,0,0,0,364,18630,0,0,0,0
81212.456,16548,60,0,0,0,0,0,8,61397,44,53,0,0,0,0,0,0,0,0,0,0,0,0,0,0,0,0,0,0,0,0,0,0,337,16661,0,0,0,0
81228.889,16433,60,0,0,0,0,0,8,58161,44,53,0,0,0,0,0,0,0,0,0,0,0,0,0,0,0,0,0,0,0,0,0,0,344,15730,0,0,0,0
81245.552,16663,60,0,0,0,0,0,8,62175,44,53,0,0,0,0,0,0,0,0,0,0,0,0,0,0,0,0,0,0,0,0,0,0,369,16601,0,0,0,0
81262.200,16648,60,0,0,0,0,0,8,60030,44,53,0,0,0,0,0,0,0,0,0,0,0,0,0,0,0,0,0,0,0,0,0,0,330,16896,0,0,0,0
81278.976,16775,59,0,0,0,0,0,8,57352,44,53,0,0,0,0,0,0,0,0,0,0,0,0,0,0,0,0,0,0,0,0,0,0,334,16483,0,0,0,0
81295.060,16084,62,0,0,0,0,0,8,59680,44,53,0,0,0,0,0,0,0,0,0,0,0,0,0,0,0,0,0,0,0,0,0,0,325,16531,0,0,0,0
81312.127,17066,58,0,0,0,0,0,8,60855,44,53,0,0,0,0,0,0,0,0,0,0,0,0,0,0,0,0,0,0,0,0,0,0,316,16205,0,0,0,0
81330.076,17948,55,0,0,0,0,0,8,57296,44,53,0,0,0,0,0,0,0,0,0,0,0,0,0,0,0,0,0,0,0,0,0,0,342,17456,0,0,0,0
81345.690,15614,64,0,0,0,0,0,8,59570,44,53,0,0,0,0,0,0,0,0,0,0,0,0,0,0,0,0,0,0,0,0,0,0,337,17415,0,0,0,0
81362.339,16648,60,0,0,0,0,0,8,58880,44,53,0,0,0,0,0,0,0,0,0,0,0,0,0,0,0,0,0,0,0,0,0,0,357,15861,0,0,0,0
81379.216,16877,59,0,0,0,0,0,8,56656,44,53,0,0,0,0,0,0,0,0,0,0,0,0,0,0,0,0,0,0,0,0,0,0,378,16457,0,0,0,0
81395.783,16566,60,0,0,0,0,0,8,59267,44,53,0,0,0,0,0,0,0,0,0,0,0,0,0,0,0,0,0,0,0,0,0,0,349,17193,0,0,0,0
81412.547,16764,59,0,0,0,0,0,8,59833,44,53,0,0,0,0,0,0,0,0,0,0,0,0,0,0,0,0,0,0,0,0,0,0,340,16107,0,0,0,0
81429.208,16660,60,0,0,0,0,0,8,56506,44,53,0,0,0,0,0,0,0,0,0,0,0,0,0,0,0,0,0,0,0,0,0,0,337,17210,0,0,0,0
81446.064,16856,59,0,0,0,0,0,8,58285,44,53,0,0,0,0,0,0,0,0,0,0,0,0,0,0,0,0,0,0,0,0,0,0,339,16274,0,0,0,0
81462.305,16241,61,0,0,0,0,0,8,58395,44,53,0,0,0,0,0,0,0,0,0,0,0,0,0,0,0,0,0,0,0,0,0,0,327,16767,0,0,0,0
81479.076,16770,59,0,0,0,0,0,8,56274,44,53,0,0,0,0,0,0,0,0,0,0,0,0,0,0,0,0,0,0,0,0,0,0,334,16494,0,0,0,0
81495.818,16742,59,0,0,0,0,0,8,58433,44,53,0,0,0,0,0,0,0,0,0,0,0,0,0,0,0,0,0,0,0,0,0,0,357,16653,0,0,0,0
81512.451,16632,60,0,0,0,0,0,8,59203,44,53,0,0,0,0,0,0,0,0,0,0,0,0,0,0,0,0,0,0,0,0,0,0,354,16869,0,0,0,0
81529.034,16582,60,0,0,0,0,0,8,55570,44,53,0,0,0,0,0,0,0,0,0,0,0,0,0,0,0,0,0,0,0,0,0,0,340,16960,0,0,0,0
81545.944,16910,59,0,0,0,0,0,8,58134,44,53,0,0,0,0,0,0,0,0,0,0,0,0,0,0,0,0,0,0,0,0,0,0,343,15969,0,0,0,0
81561.938,15994,62,0,0,0,0,0,8,58292,44,53,0,0,0,0,0,0,0,0,0,0,0,0,0,0,0,0,0,0,0,0,0,0,359,16757,0,0,0,0
81579.097,17159,58,0,0,0,0,0,8,55560,44,53,0,0,0,0,0,0,0,0,0,0,0,0,0,0,0,0,0,0,0,0,0,0,343,15984,0,0,0,0
81595.682,16584,60,0,0,0,0,0,8,58579,44,53,0,0,0,0,0,0,0,0,0,0,0,0,0,0,0,0,0,0,0,0,0,0,355,17388,0,0,0,0
81612.461,16778,59,0,0,0,0,0,8,59045,44,53,0,0,0,0,0,0,0,0,0,0,0,0,0,0,0,0,0,0,0,0,0,0,341,17276,0,0,0,0
81629.052,16591,60,0,0,0,0,0,8,55573,44,53,0,0,0,0,0,0,0,0,0,0,0,0,0,0,0,0,0,0,0,0,0,0,352,16107,0,0,0,0
81645.732,16680,59,0,0,0,0,0,8,58084,44,53,0,0,0,0,0,0,0,0,0,0,0,0,0,0,0,0,0,0,0,0,0,0,349,16332,0,0,0,0
81662.293,16561,60,0,0,0,0,0,8,62414,44,53,0,0,0,0,0,0,0,0,0,0,0,0,0,0,0,0,0,0,0,0,0,0,352,17334,0,0,0,0
81678.766,16472,60,0,0,0,0,0,8,54740,44,53,0,0,0,0,0,0,0,0,0,0,0,0,0,0,0,0,0,0,0,0,0,0,358,16590,0,0,0,0
81696.073,17307,57,0,0,0,0,0,8,57727,44,53,0,0,0,0,0,0,0,0,0,0,0,0,0,0,0,0,0,0,0,0,0,0,342,16680,0,0,0,0
81712.195,16121,62,0,0,0,0,0,8,57629,44,53,0,0,0,0,0,0,0,0,0,0,0,0,0,0,0,0,0,0,0,0,0,0,353,16660,0,0,0,0
81728.649,16454,60,0,0,0,0,0,8,54754,44,53,0,0,0,0,0,0,0,0,0,0,0,0,0,0,0,0,0,0,0,0,0,0,334,16439,0,0,0,0
81746.085,17435,57,0,0,0,0,0,8,56597,44,53,0,0,0,0,0,0,0,0,0,0,0,0,0,0,0,0,0,0,0,0,0,0,322,16519,0,0,0,0
81762.300,16215,61,0,0,0,0,0,8,56898,44,53,0,0,0,0,0,0,0,0,0,0,0,0,0,0,0,0,0,0,0,0,0,0,338,17169,0,0,0,0
81779.227,16926,59,0,0,0,0,0,8,53863,44,53,0,0,0,0,0,0,0,0,0,0,0,0,0,0,0,0,0,0,0,0,0,0,347,16277,0,0,0,0
81795.864,16637,60,0,0,0,0,0,8,57282,44,53,0,0,0,0,0,0,0,0,0,0,0,0,0,0,0,0,0,0,0,0,0,0,354,16621,0,0,0,0
81812.189,16324,61,0,0,0,0,0,8,57529,44,53,0,0,0,0,0,0,0,0,0,0,0,0,0,0,0,0,0,0,0,0,0,0,336,16651,0,0,0,0
81829.079,16890,59,0,0,0,0,0,8,53900,44,53,0,0,0,0,0,0,0,0,0,0,0,0,0,0,0,0,0,0,0,0,0,0,356,16445,0,0,0,0
81845.682,16603,60,0,0,0,0,0,8,55794,44,53,0,0,0,0,0,0,0,0,0,0,0,0,0,0,0,0,0,0,0,0,0,0,373,17523,0,0,0,0
81862.117,16434,60,0,0,0,0,0,8,55912,44,53,0,0,0,0,0,0,0,0,0,0,0,0,0,0,0,0,0,0,0,0,0,0,354,16000,0,0,0,0
81880.071,17954,55,0,0,0,0,0,8,53415,44,53,0,0,0,0,0,0,0,0,0,0,0,0,0,0,0,0,0,0,0,0,0,0,346,16611,0,0,0,0
81895.374,15302,65,0,0,0,0,0,8,56542,44,53,0,0,0,0,0,0,0,0,0,0,0,0,0,0,0,0,0,0,0,0,0,0,350,18360,0,0,0,0
81912.236,16862,59,0,0,0,0,0,8,56883,44,53,0,0,0,0,0,0,0,0,0,0,0,0,0,0,0,0,0,0,0,0,0,0,332,14990,0,0,0,0
81929.063,16826,59,0,0,0,0,0,8,54002,44,53,0,0,0,0,0,0,0,0,0,0,0,0,0,0,0,0,0,0,0,0,0,0,355,16876,0,0,0,0
81945.453,16389,61,0,0,0,0,0,8,53025,44,53,0,0,0,0,0,0,0,0,0,0,0,0,0,0,0,0,0,0,0,0,0,0,329,16676,0,0,0,0
81962.514,17061,58,0,0,0,0,0,8,52253,44,53,0,0,0,0,0,0,0,0,0,0,0,0,0,0,0,0,0,0,0,0,0,0,353,16334,0,0,0,0
81979.244,16729,59,0,0,0,0,0,8,50192,44,53,0,0,0,0,0,0,0,0,0,0,0,0,0,0,0,0,0,0,0,0,0,0,340,16675,0,0,0,0
81996.071,16827,59,0,0,0,0,0,8,52526,44,53,0,0,0,0,0,0,0,0,0,0,0,0,0,0,0,0,0,0,0,0,0,0,319,17304,0,0,0,0
82012.544,16472,60,0,0,0,0,0,8,53724,44,53,0,0,0,0,0,0,0,0,0,0,0,0,0,0,0,0,0,0,0,0,0,0,323,16442,0,0,0,0
82029.209,16664,60,0,0,0,0,0,8,50205,44,53,0,0,0,0,0,0,0,0,0,0,0,0,0,0,0,0,0,0,0,0,0,0,347,16707,0,0,0,0
82045.830,16621,60,0,0,0,0,0,8,52554,44,53,0,0,0,0,0,0,0,0,0,0,0,0,0,0,0,0,0,0,0,0,0,0,340,16410,0,0,0,0
82062.318,16487,60,0,0,0,0,0,8,52754,44,53,0,0,0,0,0,0,0,0,0,0,0,0,0,0,0,0,0,0,0,0,0,0,360,16738,0,0,0,0
82079.068,16749,59,0,0,0,0,0,8,50020,44,53,0,0,0,0,0,0,0,0,0,0,0,0,0,0,0,0,0,0,0,0,0,0,360,16648,0,0,0,0
82096.554,17486,57,0,0,0,0,0,8,53064,44,53,0,0,0,0,0,0,0,0,0,0,0,0,0,0,0,0,0,0,0,0,0,0,336,16904,0,0,0,0
82112.560,16006,62,0,0,0,0,0,8,52795,44,53,0,0,0,0,0,0,0,0,0,0,0,0,0,0,0,0,0,0,0,0,0,0,352,17507,0,0,0,0
82129.560,16999,58,0,0,0,0,0,8,49790,44,53,0,0,0,0,0,0,0,0,0,0,0,0,0,0,0,0,0,0,0,0,0,0,339,14785,0,0,0,0
82145.835,16275,61,0,0,0,0,0,8,54475,44,53,0,0,0,0,0,0,0,0,0,0,0,0,0,0,0,0,0,0,0,0,0,0,344,18440,0,0,0,0
82162.679,16844,59,0,0,0,0,0,8,53085,44,53,0,0,0,0,0,0,0,0,0,0,0,0,0,0,0,0,0,0,0,0,0,0,342,15421,0,0,0,0
82178.915,16235,61,0,0,0,0,0,8,52475,44,53,0,0,0,0,0,0,0,0,0,0,0,0,0,0,0,0,0,0,0,0,0,0,331,17335,0,0,0,0
82195.606,16690,59,0,0,0,0,0,8,54398,44,53,0,0,0,0,0,0,0,0,0,0,0,0,0,0,0,0,0,0,0,0,0,0,361,16117,0,0,0,0
82212.545,16938,59,0,0,0,0,0,8,55390,44,53,0,0,0,0,0,0,0,0,0,0,0,0,0,0,0,0,0,0,0,0,0,0,336,16969,0,0,0,0
82228.962,16417,60,0,0,0,0,0,8,53323,44,53,0,0,0,0,0,0,0,0,0,0,0,0,0,0,0,0,0,0,0,0,0,0,342,15493,0,0,0,0
82245.683,16721,59,0,0,0,0,0,8,55743,44,53,0,0,0,0,0,0,0,0,0,0,0,0,0,0,0,0,0,0,0,0,0,0,355,17477,0,0,0,0
82262.047,16364,61,0,0,0,0,0,8,55957,44,53,0,0,0,0,0,0,0,0,0,0,0,0,0,0,0,0,0,0,0,0,0,0,338,17609,0,0,0,0
82279.071,17023,58,0,0,0,0,0,8,53449,44,53,0,0,0,0,0,0,0,0,0,0,0,0,0,0,0,0,0,0,0,0,0,0,360,15500,0,0,0,0
82295.632,16561,60,0,0,0,0,0,8,54737,44,53,0,0,0,0,0,0,0,0,0,0,0,0,0,0,0,0,0,0,0,0,0,0,358,18649,0,0,0,0
82311.683,16050,62,0,0,0,0,0,8,54056,44,53,0,0,0,0,0,0,0,0,0,0,0,0,0,0,0,0,0,0,0,0,0,0,327,14759,0,0,0,0
82329.091,17408,57,0,0,0,0,0,8,55869,44,53,0,0,0,0,0,0,0,0,0,0,0,0,0,0,0,0,0,0,0,0,0,0,359,16043,0,0,0,0
82346.111,17019,58,0,0,0,0,0,8,54215,44,53,0,0,0,0,0,0,0,0,0,0,0,0,0,0,0,0,0,0,0,0,0,0,328,17433,0,0,0,0
82362.239,16128,62,0,0,0,0,0,8,54240,44,53,0,0,0,0,0,0,0,0,0,0,0,0,0,0,0,0,0,0,0,0,0,0,333,16814,0,0,0,0
82379.220,16980,58,0,0,0,0,0,8,54088,44,53,0,0,0,0,0,0,0,0,0,0,0,0,0,0,0,0,0,0,0,0,0,0,364,16728,0,0,0,0
82395.776,16556,60,0,0,0,0,0,8,54554,44,53,0,0,0,0,0,0,0,0,0,0,0,0,0,0,0,0,0,0,0,0,0,0,338,16742,0,0,0,0
82412.199,16422,60,0,0,0,0,0,8,54204,44,53,0,0,0,0,0,0,0,0,0,0,0,0,0,0,0,0,0,0,0,0,0,0,349,16250,0,0,0,0
82429.200,17001,58,0,0,0,0,0,8,54234,44,53,0,0,0,0,0,0,0,0,0,0,0,0,0,0,0,0,0,0,0,0,0,0,328,16822,0,0,0,0
82445.542,16341,61,0,0,0,0,0,8,54405,44,53,0,0,0,0,0,0,0,0,0,0,0,0,0,0,0,0,0,0,0,0,0,0,352,16754,0,0,0,0
82461.869,16327,61,0,0,0,0,0,8,54479,44,53,0,0,0,0,0,0,0,0,0,0,0,0,0,0,0,0,0,0,0,0,0,0,334,16789,0,0,0,0
82479.551,17681,56,0,0,0,0,0,8,54685,44,53,0,0,0,0,0,0,0,0,0,0,0,0,0,0,0,0,0,0,0,0,0,0,370,16623,0,0,0,0
82495.539,15988,62,0,0,0,0,0,8,53184,44,53,0,0,0,0,0,0,0,0,0,0,0,0,0,0,0,0,0,0,0,0,0,0,351,17409,0,0,0,0
82512.090,16550,60,0,0,0,0,0,8,52864,44,53,0,0,0,0,0,0,0,0,0,0,0,0,0,0,0,0,0,0,0,0,0,0,338,15505,0,0,0,0
82529.549,17459,57,0,0,0,0,0,8,52784,44,53,0,0,0,0,0,0,0,0,0,0,0,0,0,0,0,0,0,0,0,0,0,0,371,16965,0,0,0,0
82545.567,16018,62,0,0,0,0,0,8,53492,44,53,0,0,0,0,0,0,0,0,0,0,0,0,0,0,0,0,0,0,0,0,0,0,347,17344,0,0,0,0
82562.319,16751,59,0,0,0,0,0,8,53411,44,53,0,0,0,0,0,0,0,0,0,0,0,0,0,0,0,0,0,0,0,0,0,0,344,16199,0,0,0,0
82579.540,17221,58,0,0,0,0,0,8,52886,44,53,0,0,0,0,0,0,0,0,0,0,0,0,0,0,0,0,0,0,0,0,0,0,346,16503,0,0,0,0
82595.899,16359,61,0,0,0,0,0,8,53431,44,53,0,0,0,0,0,0,0,0,0,0,0,0,0,0,0,0,0,0,0,0,0,0,354,17339,0,0,0,0
82612.316,16416,60,0,0,0,0,0,8,53184,44,53,0,0,0,0,0,0,0,0,0,0,0,0,0,0,0,0,0,0,0,0,0,0,351,15982,0,0,0,0
82629.065,16749,59,0,0,0,0,0,8,53234,44,53,0,0,0,0,0,0,0,0,0,0,0,0,0,0,0,0,0,0,0,0,0,0,359,16369,0,0,0,0
82645.731,16665,60,0,0,0,0,0,8,53806,44,53,0,0,0,0,0,0,0,0,0,0,0,0,0,0,0,0,0,0,0,0,0,0,343,17599,0,0,0,0
82662.243,16512,60,0,0,0,0,0,8,53484,44,53,0,0,0,0,0,0,0,0,0,0,0,0,0,0,0,0,0,0,0,0,0,0,335,15755,0,0,0,0
82679.052,16808,59,0,0,0,0,0,8,53370,44,53,0,0,0,0,0,0,0,0,0,0,0,0,0,0,0,0,0,0,0,0,0,0,345,17206,0,0,0,0
82695.875,16823,59,0,0,0,0,0,8,53568,44,53,0,0,0,0,0,0,0,0,0,0,0,0,0,0,0,0,0,0,0,0,0,0,325,16758,0,0,0,0
82712.215,16339,61,0,0,0,0,0,8,53884,44,53,0,0,0,0,0,0,0,0,0,0,0,0,0,0,0,0,0,0,0,0,0,0,354,17151,0,0,0,0
82729.567,17352,57,0,0,0,0,0,8,53848,44,53,0,0,0,0,0,0,0,0,0,0,0,0,0,0,0,0,0,0,0,0,0,0,367,15989,0,0,0,0
82745.544,15976,62,0,0,0,0,0,8,53946,44,53,0,0,0,0,0,0,0,0,0,0,0,0,0,0,0,0,0,0,0,0,0,0,331,16619,0,0,0,0
82762.169,16625,60,0,0,0,0,0,8,53866,44,53,0,0,0,0,0,0,0,0,0,0,0,0,0,0,0,0,0,0,0,0,0,0,367,16692,0,0,0,0
82779.521,17351,57,0,0,0,0,0,8,53746,44,53,0,0,0,0,0,0,0,0,0,0,0,0,0,0,0,0,0,0,0,0,0,0,330,16405,0,0,0,0
82796.056,16535,60,0,0,0,0,0,8,54129,44,53,0,0,0,0,0,0,0,0,0,0,0,0,0,0,0,0,0,0,0,0,0,0,325,17465,0,0,0,0
82812.538,16481,60,0,0,0,0,0,8,54068,44,53,0,0,0,0,0,0,0,0,0,0,0,0,0,0,0,0,0,0,0,0,0,0,347,16185,0,0,0,0
82829.064,16526,60,0,0,0,0,0,8,53771,44,53,0,0,0,0,0,0,0,0,0,0,0,0,0,0,0,0,0,0,0,0,0,0,328,15977,0,0,0,0
82846.059,16995,58,0,0,0,0,0,8,54253,44,53,0,0,0,0,0,0,0,0,0,0,0,0,0,0,0,0,0,0,0,0,0,0,334,17343,0,0,0,0
82862.190,16130,61,0,0,0,0,0,8,54171,44,53,0,0,0,0,0,0,0,0,0,0,0,0,0,0,0,0,0,0,0,0,0,0,352,16805,0,0,0,0
82878.746,16555,60,0,0,0,0,0,8,53869,44,53,0,0,0,0,0,0,0,0,0,0,0,0,0,0,0,0,0,0,0,0,0,0,325,16488,0,0,0,0
82895.232,16486,60,0,0,0,0,0,8,54462,44,53,0,0,0,0,0,0,0,0,0,0,0,0,0,0,0,0,0,0,0,0,0,0,327,15984,0,0,0,0
82912.085,16852,59,0,0,0,0,0,8,53892,44,53,0,0,0,0,0,0,0,0,0,0,0,0,0,0,0,0,0,0,0,0,0,0,338,16523,0,0,0,0
82929.227,17142,58,0,0,0,0,0,8,54215,44,53,0,0,0,0,0,0,0,0,0,0,0,0,0,0,0,0,0,0,0,0,0,0,379,17453,0,0,0,0
82945.541,16313,61,0,0,0,0,0,8,54104,44,53,0,0,0,0,0,0,0,0,0,0,0,0,0,0,0,0,0,0,0,0,0,0,364,16672,0,0,0,0
82962.129,16588,60,0,0,0,0,0,8,54030,44,53,0,0,0,0,0,0,0,0,0,0,0,0,0,0,0,0,0,0,0,0,0,0,331,16559,0,0,0,0
82979.054,16925,59,0,0,0,0,0,8,54259,44,53,0,0,0,0,0,0,0,0,0,0,0,0,0,0,0,0,0,0,0,0,0,0,354,16887,0,0,0,0
82995.460,16392,61,0,0,0,0,0,8,54463,44,53,0,0,0,0,0,0,0,0,0,0,0,0,0,0,0,0,0,0,0,0,0,0,328,17034,0,0,0,0
83012.039,16592,60,0,0,0,0,0,8,53722,44,53,0,0,0,0,0,0,0,0,0,0,0,0,0,0,0,0,0,0,0,0,0,0,356,16112,0,0,0,0
83029.542,17503,57,0,0,0,0,0,8,53563,44,53,0,0,0,0,0,0,0,0,0,0,0,0,0,0,0,0,0,0,0,0,0,0,331,16606,0,0,0,0
83045.686,16143,61,0,0,0,0,0,8,53769,44,53,0,0,0,0,0,0,0,0,0,0,0,0,0,0,0,0,0,0,0,0,0,0,329,16180,0,0,0,0
83062.672,16986,58,0,0,0,0,0,8,54507,44,53,0,0,0,0,0,0,0,0,0,0,0,0,0,0,0,0,0,0,0,0,0,0,336,17754,0,0,0,0
83079.053,16381,61,0,0,0,0,0,8,53969,44,53,0,0,0,0,0,0,0,0,0,0,0,0,0,0,0,0,0,0,0,0,0,0,349,16471,0,0,0,0
83095.470,16416,60,0,0,0,0,0,8,53879,44,53,0,0,0,0,0,0,0,0,0,0,0,0,0,0,0,0,0,0,0,0,0,0,361,16787,0,0,0,0
83112.533,17063,58,0,0,0,0,0,8,53874,44,53,0,0,0,0,0,0,0,0,0,0,0,0,0,0,0,0,0,0,0,0,0,0,323,15965,0,0,0,0
83129.216,16683,59,0,0,0,0,0,8,53650,44,53,0,0,0,0,0,0,0,0,0,0,0,0,0,0,0,0,0,0,0,0,0,0,337,15809,0,0,0,0
83145.864,16647,60,0,0,0,0,0,8,54587,44,53,0,0,0,0,0,0,0,0,0,0,0,0,0,0,0,0,0,0,0,0,0,0,341,17928,0,0,0,0
83161.746,15882,62,0,0,0,0,0,8,53984,44,53,0,0,0,0,0,0,0,0,0,0,0,0,0,0,0,0,0,0,0,0,0,0,349,16479,0,0,0,0
83179.137,17390,57,0,0,0,0,0,8,53469,44,53,0,0,0,0,0,0,0,0,0,0,0,0,0,0,0,0,0,0,0,0,0,0,330,15924,0,0,0,0
83195.533,16396,60,0,0,0,0,0,8,53967,44,53,0,0,0,0,0,0,0,0,0,0,0,0,0,0,0,0,0,0,0,0,0,0,341,17155,0,0,0,0
83212.534,17000,58,0,0,0,0,0,8,53595,44,53,0,0,0,0,0,0,0,0,0,0,0,0,0,0,0,0,0,0,0,0,0,0,358,16912,0,0,0,0
83228.987,16453,60,0,0,0,0,0,8,53727,44,53,0,0,0,0,0,0,0,0,0,0,0,0,0,0,0,0,0,0,0,0,0,0,325,16072,0,0,0,0
83245.721,16734,59,0,0,0,0,0,8,53712,44,53,0,0,0,0,0,0,0,0,0,0,0,0,0,0,0,0,0,0,0,0,0,0,335,17151,0,0,0,0
83262.199,16478,60,0,0,0,0,0,8,53675,44,53,0,0,0,0,0,0,0,0,0,0,0,0,0,0,0,0,0,0,0,0,0,0,324,16705,0,0,0,0
83279.075,16875,59,0,0,0,0,0,8,53599,44,53,0,0,0,0,0,0,0,0,0,0,0,0,0,0,0,0,0,0,0,0,0,0,360,16505,0,0,0,0
83295.786,16711,59,0,0,0,0,0,8,53482,44,53,0,0,0,0,0,0,0,0,0,0,0,0,0,0,0,0,0,0,0,0,0,0,345,16994,0,0,0,0
83312.432,16645,60,0,0,0,0,0,8,53875,44,53,0,0,0,0,0,0,0,0,0,0,0,0,0,0,0,0,0,0,0,0,0,0,351,16585,0,0,0,0
83328.554,16122,62,0,0,0,0,0,8,53489,44,53,0,0,0,0,0,0,0,0,0,0,0,0,0,0,0,0,0,0,0,0,0,0,335,16820,0,0,0,0
83345.666,17112,58,0,0,0,0,0,8,53486,44,53,0,0,0,0,0,0,0,0,0,0,0,0,0,0,0,0,0,0,0,0,0,0,318,14856,0,0,0,0
83362.212,16545,60,0,0,0,0,0,8,53809,44,53,0,0,0,0,0,0,0,0,0,0,0,0,0,0,0,0,0,0,0,0,0,0,335,18579,0,0,0,0
83379.540,17328,57,0,0,0,0,0,8,54554,44,53,0,0,0,0,0,0,0,0,0,0,0,0,0,0,0,0,0,0,0,0,0,0,352,17207,0,0,0,0
83395.824,16284,61,0,0,0,0,0,8,59749,44,53,0,0,0,0,0,0,0,0,0,0,0,0,0,0,0,0,0,0,0,0,0,0,329,15832,0,0,0,0
83412.533,16709,59,0,0,0,0,0,8,54556,44,53,0,0,0,0,0,0,0,0,0,0,0,0,0,0,0,0,0,0,0,0,0,0,315,16723,0,0,0,0
83429.188,16654,60,0,0,0,0,0,8,54867,44,53,0,0,0,0,0,0,0,0,0,0,0,0,0,0,0,0,0,0,0,0,0,0,344,15945,0,0,0,0
83445.710,16522,60,0,0,0,0,0,8,56354,44,53,0,0,0,0,0,0,0,0,0,0,0,0,0,0,0,0,0,0,0,0,0,0,336,17458,0,0,0,0
83462.580,16869,59,0,0,0,0,0,8,56512,44,53,0,0,0,0,0,0,0,0,0,0,0,0,0,0,0,0,0,0,0,0,0,0,351,17124,0,0,0,0
83479.146,16565,60,0,0,0,0,0,8,55516,44,53,0,0,0,0,0,0,0,0,0,0,0,0,0,0,0,0,0,0,0,0,0,0,361,16546,0,0,0,0
83495.886,16740,59,0,0,0,0,0,8,55167,44,53,0,0,0,0,0,0,0,0,0,0,0,0,0,0,0,0,0,0,0,0,0,0,355,16399,0,0,0,0
83512.547,16661,60,0,0,0,0,0,8,55282,44,53,0,0,0,0,0,0,0,0,0,0,0,0,0,0,0,0,0,0,0,0,0,0,337,16604,0,0,0,0
83528.561,16013,62,0,0,0,0,0,8,58312,44,53,0,0,0,0,0,0,0,0,0,0,0,0,0,0,0,0,0,0,0,0,0,0,329,16876,0,0,0,0
83546.056,17495,57,0,0,0,0,0,8,56574,44,53,0,0,0,0,0,0,0,0,0,0,0,0,0,0,0,0,0,0,0,0,0,0,350,15541,0,0,0,0
83562.539,16482,60,0,0,0,0,0,8,55813,44,53,0,0,0,0,0,0,0,0,0,0,0,0,0,0,0,0,0,0,0,0,0,0,345,17551,0,0,0,0
83578.962,16422,60,0,0,0,0,0,8,56611,44,53,0,0,0,0,0,0,0,0,0,0,0,0,0,0,0,0,0,0,0,0,0,0,321,15697,0,0,0,0
83595.040,16078,62,0,0,0,0,0,8,55801,44,53,0,0,0,0,0,0,0,0,0,0,0,0,0,0,0,0,0,0,0,0,0,0,342,17147,0,0,0,0
83612.531,17491,57,0,0,0,0,0,8,55131,44,53,0,0,0,0,0,0,0,0,0,0,0,0,0,0,0,0,0,0,0,0,0,0,329,15917,0,0,0,0
83629.062,16531,60,0,0,0,0,0,8,54589,44,53,0,0,0,0,0,0,0,0,0,0,0,0,0,0,0,0,0,0,0,0,0,0,350,16997,0,0,0,0
83645.587,16525,60,0,0,0,0,0,8,55212,44,53,0,0,0,0,0,0,0,0,0,0,0,0,0,0,0,0,0,0,0,0,0,0,344,18208,0,0,0,0
83662.208,16621,60,0,0,0,0,0,8,55183,44,53,0,0,0,0,0,0,0,0,0,0,0,0,0,0,0,0,0,0,0,0,0,0,321,15972,0,0,0,0
83679.110,16901,59,0,0,0,0,0,8,54661,44,53,0,0,0,0,0,0,0,0,0,0,0,0,0,0,0,0,0,0,0,0,0,0,327,16751,0,0,0,0
83695.791,16681,59,0,0,0,0,0,8,54656,44,53,0,0,0,0,0,0,0,0,0,0,0,0,0,0,0,0,0,0,0,0,0,0,331,16312,0,0,0,0
83712.527,16735,59,0,0,0,0,0,8,54972,44,53,0,0,0,0,0,0,0,0,0,0,0,0,0,0,0,0,0,0,0,0,0,0,350,17024,0,0,0,0
83728.756,16228,61,0,0,0,0,0,8,55416,44,53,0,0,0,0,0,0,0,0,0,0,0,0,0,0,0,0,0,0,0,0,0,0,344,15798,0,0,0,0
83745.740,16984,58,0,0,0,0,0,8,54680,44,53,0,0,0,0,0,0,0,0,0,0,0,0,0,0,0,0,0,0,0,0,0,0,332,17244,0,0,0,0
83761.714,15973,62,0,0,0,0,0,8,54325,44,53,0,0,0,0,0,0,0,0,0,0,0,0,0,0,0,0,0,0,0,0,0,0,346,16705,0,0,0,0
83779.118,17404,57,0,0,0,0,0,8,54019,44,53,0,0,0,0,0,0,0,0,0,0,0,0,0,0,0,0,0,0,0,0,0,0,356,16549,0,0,0,0
83795.774,16655,60,0,0,0,0,0,8,54918,44,53,0,0,0,0,0,0,0,0,0,0,0,0,0,0,0,0,0,0,0,0,0,0,343,16830,0,0,0,0
83812.537,16752,59,0,0,0,0,0,8,54501,44,53,0,0,0,0,0,0,0,0,0,0,0,0,0,0,0,0,0,0,0,0,0,0,348,16901,0,0,0,0
83829.529,17003,58,0,0,0,0,0,8,54175,44,53,0,0,0,0,0,0,0,0,0,0,0,0,0,0,0,0,0,0,0,0,0,0,353,16945,0,0,0,0
83845.741,16211,61,0,0,0,0,0,8,54106,44,53,0,0,0,0,0,0,0,0,0,0,0,0,0,0,0,0,0,0,0,0,0,0,345,17260,0,0,0,0
83862.527,16786,59,0,0,0,0,0,8,53657,44,53,0,0,0,0,0,0,0,0,0,0,0,0,0,0,0,0,0,0,0,0,0,0,345,15144,0,0,0,0
83879.534,17007,58,0,0,0,0,0,8,53698,44,53,0,0,0,0,0,0,0,0,0,0,0,0,0,0,0,0,0,0,0,0,0,0,339,16418,0,0,0,0
83895.594,16059,62,0,0,0,0,0,8,54083,44,53,0,0,0,0,0,0,0,0,0,0,0,0,0,0,0,0,0,0,0,0,0,0,346,19107,0,0,0,0
83912.524,16930,59,0,0,0,0,0,8,53388,44,53,0,0,0,0,0,0,0,0,0,0,0,0,0,0,0,0,0,0,0,0,0,0,326,14723,0,0,0,0
83928.744,16220,61,0,0,0,0,0,8,53381,44,53,0,0,0,0,0,0,0,0,0,0,0,0,0,0,0,0,0,0,0,0,0,0,343,16982,0,0,0,0
83945.661,16917,59,0,0,0,0,0,8,53361,44,53,0,0,0,0,0,0,0,0,0,0,0,0,0,0,0,0,0,0,0,0,0,0,326,16155,0,0,0,0
83962.553,16892,59,0,0,0,0,0,8,53216,44,53,0,0,0,0,0,0,0,0,0,0,0,0,0,0,0,0,0,0,0,0,0,0,328,17195,0,0,0,0
83979.159,16606,60,0,0,0,0,0,8,53213,44,53,0,0,0,0,0,0,0,0,0,0,0,0,0,0,0,0,0,0,0,0,0,0,344,17135,0,0,0,0
83995.587,16428,60,0,0,0,0,0,8,53164,44,53,0,0,0,0,0,0,0,0,0,0,0,0,0,0,0,0,0,0,0,0,0,0,326,15966,0,0,0,0
84012.528,16940,59,0,0,0,0,0,8,53430,44,53,0,0,0,0,0,0,0,0,0,0,0,0,0,0,0,0,0,0,0,0,0,0,328,16936,0,0,0,0
84029.530,17001,58,0,0,0,0,0,8,53018,44,53,0,0,0,0,0,0,0,0,0,0,0,0,0,0,0,0,0,0,0,0,0,0,341,15498,0,0,0,0
84045.487,15957,62,0,0,0,0,0,8,53121,44,53,0,0,0,0,0,0,0,0,0,0,0,0,0,0,0,0,0,0,0,0,0,0,359,17004,0,0,0,0
84062.203,16715,59,0,0,0,0,0,8,53653,44,53,0,0,0,0,0,0,0,0,0,0,0,0,0,0,0,0,0,0,0,0,0,0,364,17333,0,0,0,0
84078.897,16694,59,0,0,0,0,0,8,52736,44,53,0,0,0,0,0,0,0,0,0,0,0,0,0,0,0,0,0,0,0,0,0,0,350,16559,0,0,0,0
84095.419,16522,60,0,0,0,0,0,8,52894,44,53,0,0,0,0,0,0,0,0,0,0,0,0,0,0,0,0,0,0,0,0,0,0,340,16231,0,0,0,0
84112.250,16830,59,0,0,0,0,0,8,52761,44,53,0,0,0,0,0,0,0,0,0,0,0,0,0,0,0,0,0,0,0,0,0,0,352,16711,0,0,0,0
84129.260,17009,58,0,0,0,0,0,8,53416,44,53,0,0,0,0,0,0,0,0,0,0,0,0,0,0,0,0,0,0,0,0,0,0,318,17467,0,0,0,0
84146.041,16781,59,0,0,0,0,0,8,53063,44,53,0,0,0,0,0,0,0,0,0,0,0,0,0,0,0,0,0,0,0,0,0,0,330,16427,0,0,0,0
84162.545,16504,60,0,0,0,0,0,8,52661,44,53,0,0,0,0,0,0,0,0,0,0,0,0,0,0,0,0,0,0,0,0,0,0,339,16447,0,0,0,0
84178.821,16276,61,0,0,0,0,0,8,52361,44,53,0,0,0,0,0,0,0,0,0,0,0,0,0,0,0,0,0,0,0,0,0,0,355,17045,0,0,0,0
84195.534,16712,59,0,0,0,0,0,8,52565,44,53,0,0,0,0,0,0,0,0,0,0,0,0,0,0,0,0,0,0,0,0,0,0,325,15896,0,0,0,0
84212.527,16992,58,0,0,0,0,0,8,52418,44,53,0,0,0,0,0,0,0,0,0,0,0,0,0,0,0,0,0,0,0,0,0,0,328,17202,0,0,0,0
84229.535,17008,58,0,0,0,0,0,8,52676,44,53,0,0,0,0,0,0,0,0,0,0,0,0,0,0,0,0,0,0,0,0,0,0,340,15991,0,0,0,0
84245.648,16101,62,0,0,0,0,0,8,52494,44,53,0,0,0,0,0,0,0,0,0,0,0,0,0,0,0,0,0,0,0,0,0,0,335,17053,0,0,0,0
84262.539,16901,59,0,0,0,0,0,8,52729,44,53,0,0,0,0,0,0,0,0,0,0,0,0,0,0,0,0,0,0,0,0,0,0,327,17204,0,0,0,0
84279.168,16629,60,0,0,0,0,0,8,52399,44,53,0,0,0,0,0,0,0,0,0,0,0,0,0,0,0,0,0,0,0,0,0,0,367,16731,0,0,0,0
84295.613,16445,60,0,0,0,0,0,8,52299,44,53,0,0,0,0,0,0,0,0,0,0,0,0,0,0,0,0,0,0,0,0,0,0,351,15962,0,0,0,0
84312.310,16696,59,0,0,0,0,0,8,53012,44,53,0,0,0,0,0,0,0,0,0,0,0,0,0,0,0,0,0,0,0,0,0,0,347,16794,0,0,0,0
84329.194,16883,59,0,0,0,0,0,8,52114,44,53,0,0,0,0,0,0,0,0,0,0,0,0,0,0,0,0,0,0,0,0,0,0,330,16223,0,0,0,0
84346.538,17343,57,0,0,0,0,0,8,52522,44,53,0,0,0,0,0,0,0,0,0,0,0,0,0,0,0,0,0,0,0,0,0,0,347,17108,0,0,0,0
84362.484,15946,62,0,0,0,0,0,8,52360,44,53,0,0,0,0,0,0,0,0,0,0,0,0,0,0,0,0,0,0,0,0,0,0,346,18205,0,0,0,0
84379.534,17050,58,0,0,0,0,0,8,51812,44,53,0,0,0,0,0,0,0,0,0,0,0,0,0,0,0,0,0,0,0,0,0,0,356,15539,0,0,0,0
84395.820,16286,61,0,0,0,0,0,8,52554,44,53,0,0,0,0,0,0,0,0,0,0,0,0,0,0,0,0,0,0,0,0,0,0,364,17488,0,0,0,0
84412.526,16705,59,0,0,0,0,0,8,53467,44,53,0,0,0,0,0,0,0,0,0,0,0,0,0,0,0,0,0,0,0,0,0,0,329,15931,0,0,0,0
84429.255,16729,59,0,0,0,0,0,8,54064,44,53,0,0,0,0,0,0,0,0,0,0,0,0,0,0,0,0,0,0,0,0,0,0,354,17107,0,0,0,0
84445.523,16267,61,0,0,0,0,0,8,52010,44,53,0,0,0,0,0,0,0,0,0,0,0,0,0,0,0,0,0,0,0,0,0,0,333,16134,0,0,0,0
84462.172,16649,60,0,0,0,0,0,8,53931,44,53,0,0,0,0,0,0,0,0,0,0,0,0,0,0,0,0,0,0,0,0,0,0,353,16855,0,0,0,0
84478.971,16799,59,0,0,0,0,0,8,53350,44,53,0,0,0,0,0,0,0,0,0,0,0,0,0,0,0,0,0,0,0,0,0,0,337,16285,0,0,0,0
84495.733,16762,59,0,0,0,0,0,8,53261,44,53,0,0,0,0,0,0,0,0,0,0,0,0,0,0,0,0,0,0,0,0,0,0,336,16475,0,0,0,0
84512.099,16365,61,0,0,0,0,0,8,53397,44,53,0,0,0,0,0,0,0,0,0,0,0,0,0,0,0,0,0,0,0,0,0,0,337,16632,0,0,0,0
84529.072,16973,58,0,0,0,0,0,8,53277,44,53,0,0,0,0,0,0,0,0,0,0,0,0,0,0,0,0,0,0,0,0,0,0,335,17252,0,0,0,0
84546.521,17449,57,0,0,0,0,0,8,52349,44,53,0,0,0,0,0,0,0,0,0,0,0,0,0,0,0,0,0,0,0,0,0,0,339,16854,0,0,0,0
84562.525,16004,62,0,0,0,0,0,8,52566,44,53,0,0,0,0,0,0,0,0,0,0,0,0,0,0,0,0,0,0,0,0,0,0,342,17365,0,0,0,0
84578.847,16321,61,0,0,0,0,0,8,51843,44,53,0,0,0,0,0,0,0,0,0,0,0,0,0,0,0,0,0,0,0,0,0,0,319,14661,0,0,0,0
84595.656,16809,59,0,0,0,0,0,8,52235,44,53,0,0,0,0,0,0,0,0,0,0,0,0,0,0,0,0,0,0,0,0,0,0,365,17217,0,0,0,0
84612.132,16475,60,0,0,0,0,0,8,52142,44,53,0,0,0,0,0,0,0,0,0,0,0,0,0,0,0,0,0,0,0,0,0,0,334,17120,0,0,0,0
84629.058,16926,59,0,0,0,0,0,8,51540,44,53,0,0,0,0,0,0,0,0,0,0,0,0,0,0,0,0,0,0,0,0,0,0,340,16344,0,0,0,0
84646.530,17461,57,0,0,0,0,0,8,51933,44,53,0,0,0,0,0,0,0,0,0,0,0,0,0,0,0,0,0,0,0,0,0,0,348,16582,0,0,0,0
84662.676,16156,61,0,0,0,0,0,8,51910,44,53,0,0,0,0,0,0,0,0,0,0,0,0,0,0,0,0,0,0,0,0,0,0,367,18017,0,0,0,0
84678.981,16305,61,0,0,0,0,0,8,51559,44,53,0,0,0,0,0,0,0,0,0,0,0,0,0,0,0,0,0,0,0,0,0,0,348,16035,0,0,0,0
84695.761,16780,59,0,0,0,0,0,8,51695,44,53,0,0,0,0,0,0,0,0,0,0,0,0,0,0,0,0,0,0,0,0,0,0,338,16143,0,0,0,0
84712.587,16825,59,0,0,0,0,0,8,51974,44,53,0,0,0,0,0,0,0,0,0,0,0,0,0,0,0,0,0,0,0,0,0,0,339,17169,0,0,0,0
84729.540,16953,58,0,0,0,0,0,8,51750,44,53,0,0,0,0,0,0,0,0,0,0,0,0,0,0,0,0,0,0,0,0,0,0,332,16165,0,0,0,0
84746.046,16506,60,0,0,0,0,0,8,51698,44,53,0,0,0,0,0,0,0,0,0,0,0,0,0,0,0,0,0,0,0,0,0,0,329,15748,0,0,0,0
84762.525,16469,60,0,0,0,0,0,8,51933,44,53,0,0,0,0,0,0,0,0,0,0,0,0,0,0,0,0,0,0,0,0,0,0,361,18085,0,0,0,0
84779.530,17003,58,0,0,0,0,0,8,51498,44,53,0,0,0,0,0,0,0,0,0,0,0,0,0,0,0,0,0,0,0,0,0,0,351,16542,0,0,0,0
84795.589,16059,62,0,0,0,0,0,8,51902,44,53,0,0,0,0,0,0,0,0,0,0,0,0,0,0,0,0,0,0,0,0,0,0,335,17091,0,0,0,0
84811.660,16081,62,0,0,0,0,0,8,51797,44,53,0,0,0,0,0,0,0,0,0,0,0,0,0,0,0,0,0,0,0,0,0,0,351,15967,0,0,0,0
84828.928,17268,57,0,0,0,0,0,8,51369,44,53,0,0,0,0,0,0,0,0,0,0,0,0,0,0,0,0,0,0,0,0,0,0,328,15273,0,0,0,0
84845.650,16722,59,0,0,0,0,0,8,51789,44,53,0,0,0,0,0,0,0,0,0,0,0,0,0,0,0,0,0,0,0,0,0,0,357,17797,0,0,0,0
84862.417,16767,59,0,0,0,0,0,8,51720,44,53,0,0,0,0,0,0,0,0,0,0,0,0,0,0,0,0,0,0,0,0,0,0,331,17016,0,0,0,0
84878.814,16396,60,0,0,0,0,0,8,51290,44,53,0,0,0,0,0,0,0,0,0,0,0,0,0,0,0,0,0,0,0,0,0,0,345,16255,0,0,0,0
84895.781,16967,58,0,0,0,0,0,8,51733,44,53,0,0,0,0,0,0,0,0,0,0,0,0,0,0,0,0,0,0,0,0,0,0,333,16643,0,0,0,0
84912.540,16759,59,0,0,0,0,0,8,51839,44,53,0,0,0,0,0,0,0,0,0,0,0,0,0,0,0,0,0,0,0,0,0,0,363,17327,0,0,0,0
84929.519,16979,58,0,0,0,0,0,8,51516,44,53,0,0,0,0,0,0,0,0,0,0,0,0,0,0,0,0,0,0,0,0,0,0,362,16452,0,0,0,0
84945.832,16312,61,0,0,0,0,0,8,51821,44,53,0,0,0,0,0,0,0,0,0,0,0,0,0,0,0,0,0,0,0,0,0,0,363,17505,0,0,0,0
84962.526,16694,59,0,0,0,0,0,8,51528,44,53,0,0,0,0,0,0,0,0,0,0,0,0,0,0,0,0,0,0,0,0,0,0,331,15887,0,0,0,0
84978.912,16385,61,0,0,0,0,0,8,51484,44,53,0,0,0,0,0,0,0,0,0,0,0,0,0,0,0,0,0,0,0,0,0,0,335,15371,0,0,0,0
84995.807,16895,59,0,0,0,0,0,8,51738,44,53,0,0,0,0,0,0,0,0,0,0,0,0,0,0,0,0,0,0,0,0,0,0,334,17705,0,0,0,0
85012.441,16633,60,0,0,0,0,0,8,52062,44,53,0,0,0,0,0,0,0,0,0,0,0,0,0,0,0,0,0,0,0,0,0,0,352,16491,0,0,0,0
85028.522,16081,62,0,0,0,0,0,8,51086,44,53,0,0,0,0,0,0,0,0,0,0,0,0,0,0,0,0,0,0,0,0,0,0,342,16481,0,0,0,0
85045.533,17010,58,0,0,0,0,0,8,51205,44,53,0,0,0,0,0,0,0,0,0,0,0,0,0,0,0,0,0,0,0,0,0,0,366,16325,0,0,0,0
85062.514,16981,58,0,0,0,0,0,8,51912,44,53,0,0,0,0,0,0,0,0,0,0,0,0,0,0,0,0,0,0,0,0,0,0,360,17744,0,0,0,0
85079.035,16521,60,0,0,0,0,0,8,51097,44,53,0,0,0,0,0,0,0,0,0,0,0,0,0,0,0,0,0,0,0,0,0,0,359,16593,0,0,0,0
85095.774,16738,59,0,0,0,0,0,8,51250,44,53,0,0,0,0,0,0,0,0,0,0,0,0,0,0,0,0,0,0,0,0,0,0,352,16603,0,0,0,0
85112.514,16739,59,0,0,0,0,0,8,51191,44,53,0,0,0,0,0,0,0,0,0,0,0,0,0,0,0,0,0,0,0,0,0,0,341,16193,0,0,0,0
85128.994,16480,60,0,0,0,0,0,8,51207,44,53,0,0,0,0,0,0,0,0,0,0,0,0,0,0,0,0,0,0,0,0,0,0,364,17040,0,0,0,0
85146.034,17039,58,0,0,0,0,0,8,51345,44,53,0,0,0,0,0,0,0,0,0,0,0,0,0,0,0,0,0,0,0,0,0,0,358,16592,0,0,0,0
85162.575,16541,60,0,0,0,0,0,8,50899,44,53,0,0,0,0,0,0,0,0,0,0,0,0,0,0,0,0,0,0,0,0,0,0,377,16647,0,0,0,0
85179.211,16635,60,0,0,0,0,0,8,50714,44,53,0,0,0,0,0,0,0,0,0,0,0,0,0,0,0,0,0,0,0,0,0,0,356,17257,0,0,0,0
85195.734,16523,60,0,0,0,0,0,8,50769,44,53,0,0,0,0,0,0,0,0,0,0,0,0,0,0,0,0,0,0,0,0,0,0,347,15970,0,0,0,0
85212.092,16357,61,0,0,0,0,0,8,50582,44,53,0,0,0,0,0,0,0,0,0,0,0,0,0,0,0,0,0,0,0,0,0,0,326,16641,0,0,0,0
85228.744,16651,60,0,0,0,0,0,8,50884,44,53,0,0,0,0,0,0,0,0,0,0,0,0,0,0,0,0,0,0,0,0,0,0,350,16423,0,0,0,0
85245.868,17124,58,0,0,0,0,0,8,50600,44,53,0,0,0,0,0,0,0,0,0,0,0,0,0,0,0,0,0,0,0,0,0,0,339,16273,0,0,0,0
85262.524,16656,60,0,0,0,0,0,8,50793,44,53,0,0,0,0,0,0,0,0,0,0,0,0,0,0,0,0,0,0,0,0,0,0,347,17396,0,0,0,0
85278.888,16364,61,0,0,0,0,0,8,50509,44,53,0,0,0,0,0,0,0,0,0,0,0,0,0,0,0,0,0,0,0,0,0,0,335,15689,0,0,0,0
85295.564,16675,59,0,0,0,0,0,8,50723,44,53,0,0,0,0,0,0,0,0,0,0,0,0,0,0,0,0,0,0,0,0,0,0,341,17015,0,0,0,0
85312.646,17082,58,0,0,0,0,0,8,50784,44,53,0,0,0,0,0,0,0,0,0,0,0,0,0,0,0,0,0,0,0,0,0,0,357,17302,0,0,0,0
85329.136,16489,60,0,0,0,0,0,8,50639,44,53,0,0,0,0,0,0,0,0,0,0,0,0,0,0,0,0,0,0,0,0,0,0,326,16946,0,0,0,0
85345.863,16726,59,0,0,0,0,0,8,50393,44,53,0,0,0,0,0,0,0,0,0,0,0,0,0,0,0,0,0,0,0,0,0,0,358,15875,0,0,0,0
85362.535,16671,59,0,0,0,0,0,8,51525,44,53,0,0,0,0,0,0,0,0,0,0,0,0,0,0,0,0,0,0,0,0,0,0,349,17304,0,0,0,0
85379.037,16501,60,0,0,0,0,0,8,50175,44,53,0,0,0,0,0,0,0,0,0,0,0,0,0,0,0,0,0,0,0,0,0,0,374,17044,0,0,0,0
85395.566,16529,60,0,0,0,0,0,8,50649,44,53,0,0,0,0,0,0,0,0,0,0,0,0,0,0,0,0,0,0,0,0,0,0,317,16354,0,0,0,0
85412.064,16497,60,0,0,0,0,0,8,50293,44,53,0,0,0,0,0,0,0,0,0,0,0,0,0,0,0,0,0,0,0,0,0,0,367,16239,0,0,0,0
85429.065,17001,58,0,0,0,0,0,8,50187,44,53,0,0,0,0,0,0,0,0,0,0,0,0,0,0,0,0,0,0,0,0,0,0,347,16632,0,0,0,0
85445.729,16663,60,0,0,0,0,0,8,50255,44,53,0,0,0,0,0,0,0,0,0,0,0,0,0,0,0,0,0,0,0,0,0,0,362,16764,0,0,0,0
85462.534,16804,59,0,0,0,0,0,8,50133,44,53,0,0,0,0,0,0,0,0,0,0,0,0,0,0,0,0,0,0,0,0,0,0,357,16604,0,0,0,0
85479.534,17000,58,0,0,0,0,0,8,51136,44,53,0,0,0,0,0,0,0,0,0,0,0,0,0,0,0,0,0,0,0,0,0,0,361,17107,0,0,0,0
85496.043,16510,60,0,0,0,0,0,8,50125,44,53,0,0,0,0,0,0,0,0,0,0,0,0,0,0,0,0,0,0,0,0,0,0,361,15574,0,0,0,0
85512.074,16030,62,0,0,0,0,0,8,50514,44,53,0,0,0,0,0,0,0,0,0,0,0,0,0,0,0,0,0,0,0,0,0,0,361,17685,0,0,0,0
85528.912,16837,59,0,0,0,0,0,8,49970,44,53,0,0,0,0,0,0,0,0,0,0,0,0,0,0,0,0,0,0,0,0,0,0,346,16048,0,0,0,0
85546.036,17124,58,0,0,0,0,0,8,52606,44,53,0,0,0,0,0,0,0,0,0,0,0,0,0,0,0,0,0,0,0,0,0,0,348,16960,0,0,0,0
85562.496,16460,60,0,0,0,0,0,8,56719,44,53,0,0,0,0,0,0,0,0,0,0,0,0,0,0,0,0,0,0,0,0,0,0,330,17378,0,0,0,0
85578.942,16445,60,0,0,0,0,0,8,53862,44,53,0,0,0,0,0,0,0,0,0,0,0,0,0,0,0,0,0,0,0,0,0,0,363,16774,0,0,0,0
85595.713,16771,59,0,0,0,0,0,8,54671,44,53,0,0,0,0,0,0,0,0,0,0,0,0,0,0,0,0,0,0,0,0,0,0,348,16644,0,0,0,0
85612.351,16638,60,0,0,0,0,0,8,53844,44,53,0,0,0,0,0,0,0,0,0,0,0,0,0,0,0,0,0,0,0,0,0,0,342,16615,0,0,0,0
85629.102,16751,59,0,0,0,0,0,8,54674,44,53,0,0,0,0,0,0,0,0,0,0,0,0,0,0,0,0,0,0,0,0,0,0,354,16369,0,0,0,0
85645.512,16410,60,0,0,0,0,0,8,55288,44,53,0,0,0,0,0,0,0,0,0,0,0,0,0,0,0,0,0,0,0,0,0,0,337,16559,0,0,0,0
85662.522,17009,58,0,0,0,0,0,8,54232,44,53,0,0,0,0,0,0,0,0,0,0,0,0,0,0,0,0,0,0,0,0,0,0,348,16748,0,0,0,0
85679.522,17000,58,0,0,0,0,0,8,54263,44,53,0,0,0,0,0,0,0,0,0,0,0,0,0,0,0,0,0,0,0,0,0,0,333,15837,0,0,0,0
85696.042,16519,60,0,0,0,0,0,8,54358,44,53,0,0,0,0,0,0,0,0,0,0,0,0,0,0,0,0,0,0,0,0,0,0,367,18244,0,0,0,0
85712.518,16476,60,0,0,0,0,0,8,55162,44,53,0,0,0,0,0,0,0,0,0,0,0,0,0,0,0,0,0,0,0,0,0,0,339,15998,0,0,0,0
85728.907,16388,61,0,0,0,0,0,8,54288,44,53,0,0,0,0,0,0,0,0,0,0,0,0,0,0,0,0,0,0,0,0,0,0,352,17245,0,0,0,0
85745.707,16800,59,0,0,0,0,0,8,57754,44,53,0,0,0,0,0,0,0,0,0,0,0,0,0,0,0,0,0,0,0,0,0,0,329,15781,0,0,0,0
85762.052,16345,61,0,0,0,0,0,8,54387,44,53,0,0,0,0,0,0,0,0,0,0,0,0,0,0,0,0,0,0,0,0,0,0,330,17315,0,0,0,0
85778.941,16888,59,0,0,0,0,0,8,57496,44,53,0,0,0,0,0,0,0,0,0,0,0,0,0,0,0,0,0,0,0,0,0,0,341,16284,0,0,0,0
85795.645,16704,59,0,0,0,0,0,8,54028,44,53,0,0,0,0,0,0,0,0,0,0,0,0,0,0,0,0,0,0,0,0,0,0,315,16127,0,0,0,0
85813.030,17384,57,0,0,0,0,0,8,57284,44,53,0,0,0,0,0,0,0,0,0,0,0,0,0,0,0,0,0,0,0,0,0,0,360,17968,0,0,0,0
85828.815,15785,63,0,0,0,0,0,8,56897,44,53,0,0,0,0,0,0,0,0,0,0,0,0,0,0,0,0,0,0,0,0,0,0,349,16502,0,0,0,0
85846.519,17692,56,0,0,0,0,0,8,54495,44,53,0,0,0,0,0,0,0,0,0,0,0,0,0,0,0,0,0,0,0,0,0,0,356,15707,0,0,0,0
85862.528,16019,62,0,0,0,0,0,8,56890,44,53,0,0,0,0,0,0,0,0,0,0,0,0,0,0,0,0,0,0,0,0,0,0,334,18127,0,0,0,0
85879.147,16619,60,0,0,0,0,0,8,56293,44,53,0,0,0,0,0,0,0,0,0,0,0,0,0,0,0,0,0,0,0,0,0,0,348,14317,0,0,0,0
85896.032,16884,59,0,0,0,0,0,8,54159,44,53,0,0,0,0,0,0,0,0,0,0,0,0,0,0,0,0,0,0,0,0,0,0,361,17942,0,0,0,0
85912.256,16224,61,0,0,0,0,0,8,53596,44,53,0,0,0,0,0,0,0,0,0,0,0,0,0,0,0,0,0,0,0,0,0,0,356,16458,0,0,0,0
85928.948,16692,59,0,0,0,0,0,8,53611,44,53,0,0,0,0,0,0,0,0,0,0,0,0,0,0,0,0,0,0,0,0,0,0,345,16775,0,0,0,0
85945.691,16742,59,0,0,0,0,0,8,56425,44,53,0,0,0,0,0,0,0,0,0,0,0,0,0,0,0,0,0,0,0,0,0,0,341,16380,0,0,0,0
85962.096,16405,60,0,0,0,0,0,8,53897,44,53,0,0,0,0,0,0,0,0,0,0,0,0,0,0,0,0,0,0,0,0,0,0,330,16725,0,0,0,0
85978.808,16711,59,0,0,0,0,0,8,56734,44,53,0,0,0,0,0,0,0,0,0,0,0,0,0,0,0,0,0,0,0,0,0,0,337,16970,0,0,0,0
85995.564,16756,59,0,0,0,0,0,8,53655,44,53,0,0,0,0,0,0,0,0,0,0,0,0,0,0,0,0,0,0,0,0,0,0,327,15925,0,0,0,0
86012.447,16882,59,0,0,0,0,0,8,53820,44,53,0,0,0,0,0,0,0,0,0,0,0,0,0,0,0,0,0,0,0,0,0,0,348,17657,0,0,0,0
86029.030,16582,60,0,0,0,0,0,8,55864,44,53,0,0,0,0,0,0,0,0,0,0,0,0,0,0,0,0,0,0,0,0,0,0,333,16165,0,0,0,0
86045.674,16643,60,0,0,0,0,0,8,56269,44,53,0,0,0,0,0,0,0,0,0,0,0,0,0,0,0,0,0,0,0,0,0,0,362,17027,0,0,0,0
86062.510,16836,59,0,0,0,0,0,8,56130,44,53,0,0,0,0,0,0,0,0,0,0,0,0,0,0,0,0,0,0,0,0,0,0,358,16392,0,0,0,0
86078.717,16206,61,0,0,0,0,0,8,57826,44,53,0,0,0,0,0,0,0,0,0,0,0,0,0,0,0,0,0,0,0,0,0,0,341,15955,0,0,0,0
86095.147,16430,60,0,0,0,0,0,8,58751,44,53,0,0,0,0,0,0,0,0,0,0,0,0,0,0,0,0,0,0,0,0,0,0,325,16643,0,0,0,0
86112.508,17360,57,0,0,0,0,0,8,55375,44,53,0,0,0,0,0,0,0,0,0,0,0,0,0,0,0,0,0,0,0,0,0,0,354,16675,0,0,0,0
86129.519,17010,58,0,0,0,0,0,8,56018,44,53,0,0,0,0,0,0,0,0,0,0,0,0,0,0,0,0,0,0,0,0,0,0,347,16606,0,0,0,0
86145.721,16202,61,0,0,0,0,0,8,56096,44,53,0,0,0,0,0,0,0,0,0,0,0,0,0,0,0,0,0,0,0,0,0,0,359,18639,0,0,0,0
86162.235,16514,60,0,0,0,0,0,8,58139,44,53,0,0,0,0,0,0,0,0,0,0,0,0,0,0,0,0,0,0,0,0,0,0,350,15619,0,0,0,0
86179.146,16910,59,0,0,0,0,0,8,58161,44,53,0,0,0,0,0,0,0,0,0,0,0,0,0,0,0,0,0,0,0,0,0,0,345,16238,0,0,0,0
86195.641,16495,60,0,0,0,0,0,8,55768,44,53,0,0,0,0,0,0,0,0,0,0,0,0,0,0,0,0,0,0,0,0,0,0,332,17032,0,0,0,0
86212.507,16865,59,0,0,0,0,0,8,59276,44,53,0,0,0,0,0,0,0,0,0,0,0,0,0,0,0,0,0,0,0,0,0,0,370,16777,0,0,0,0
86229.024,16517,60,0,0,0,0,0,8,59520,44,53,0,0,0,0,0,0,0,0,0,0,0,0,0,0,0,0,0,0,0,0,0,0,349,15887,0,0,0,0
86245.820,16796,59,0,0,0,0,0,8,57765,44,53,0,0,0,0,0,0,0,0,0,0,0,0,0,0,0,0,0,0,0,0,0,0,342,17840,0,0,0,0
86261.651,15831,63,0,0,0,0,0,8,57783,44,53,0,0,0,0,0,0,0,0,0,0,0,0,0,0,0,0,0,0,0,0,0,0,360,16259,0,0,0,0
86278.864,17212,58,0,0,0,0,0,8,56837,44,53,0,0,0,0,0,0,0,0,0,0,0,0,0,0,0,0,0,0,0,0,0,0,346,16359,0,0,0,0
86295.642,16778,59,0,0,0,0,0,8,57212,44,53,0,0,0,0,0,0,0,0,0,0,0,0,0,0,0,0,0,0,0,0,0,0,344,17192,0,0,0,0
86312.360,16718,59,0,0,0,0,0,8,57253,44,53,0,0,0,0,0,0,0,0,0,0,0,0,0,0,0,0,0,0,0,0,0,0,326,16729,0,0,0,0
86329.514,17154,58,0,0,0,0,0,8,55842,44,53,0,0,0,0,0,0,0,0,0,0,0,0,0,0,0,0,0,0,0,0,0,0,314,16270,0,0,0,0
86345.647,16132,61,0,0,0,0,0,8,56381,44,53,0,0,0,0,0,0,0,0,0,0,0,0,0,0,0,0,0,0,0,0,0,0,367,17878,0,0,0,0
86362.391,16743,59,0,0,0,0,0,8,55442,44,53,0,0,0,0,0,0,0,0,0,0,0,0,0,0,0,0,0,0,0,0,0,0,348,15790,0,0,0,0
86379.023,16632,60,0,0,0,0,0,8,56476,44,53,0,0,0,0,0,0,0,0,0,0,0,0,0,0,0,0,0,0,0,0,0,0,345,16317,0,0,0,0
86395.643,16620,60,0,0,0,0,0,8,56074,44,53,0,0,0,0,0,0,0,0,0,0,0,0,0,0,0,0,0,0,0,0,0,0,319,16996,0,0,0,0
86412.505,16861,59,0,0,0,0,0,8,56655,44,53,0,0,0,0,0,0,0,0,0,0,0,0,0,0,0,0,0,0,0,0,0,0,342,16512,0,0,0,0
86429.098,16593,60,0,0,0,0,0,8,55439,44,53,0,0,0,0,0,0,0,0,0,0,0,0,0,0,0,0,0,0,0,0,0,0,316,15679,0,0,0,0
86445.516,16417,60,0,0,0,0,0,8,55677,44,53,0,0,0,0,0,0,0,0,0,0,0,0,0,0,0,0,0,0,0,0,0,0,358,17276,0,0,0,0
86462.510,16994,58,0,0,0,0,0,8,55615,44,53,0,0,0,0,0,0,0,0,0,0,0,0,0,0,0,0,0,0,0,0,0,0,351,15807,0,0,0,0
86479.018,16507,60,0,0,0,0,0,8,56751,44,53,0,0,0,0,0,0,0,0,0,0,0,0,0,0,0,0,0,0,0,0,0,0,353,18287,0,0,0,0
86495.639,16621,60,0,0,0,0,0,8,55915,44,53,0,0,0,0,0,0,0,0,0,0,0,0,0,0,0,0,0,0,0,0,0,0,345,15860,0,0,0,0
86512.091,16451,60,0,0,0,0,0,8,57540,44,53,0,0,0,0,0,0,0,0,0,0,0,0,0,0,0,0,0,0,0,0,0,0,337,17176,0,0,0,0
86529.037,16946,59,0,0,0,0,0,8,56081,44,53,0,0,0,0,0,0,0,0,0,0,0,0,0,0,0,0,0,0,0,0,0,0,329,16324,0,0,0,0
86546.512,17464,57,0,0,0,0,0,8,56497,44,53,0,0,0,0,0,0,0,0,0,0,0,0,0,0,0,0,0,0,0,0,0,0,330,16866,0,0,0,0
86562.638,16136,61,0,0,0,0,0,8,56808,44,53,0,0,0,0,0,0,0,0,0,0,0,0,0,0,0,0,0,0,0,0,0,0,350,17764,0,0,0,0
86579.054,16416,60,0,0,0,0,0,8,56302,44,53,0,0,0,0,0,0,0,0,0,0,0,0,0,0,0,0,0,0,0,0,0,0,347,16450,0,0,0,0
86595.114,16059,62,0,0,0,0,0,8,57863,44,53,0,0,0,0,0,0,0,0,0,0,0,0,0,0,0,0,0,0,0,0,0,0,344,15715,0,0,0,0
86612.506,17391,57,0,0,0,0,0,8,56855,44,53,0,0,0,0,0,0,0,0,0,0,0,0,0,0,0,0,0,0,0,0,0,0,336,16419,0,0,0,0
86628.840,16334,61,0,0,0,0,0,8,57761,44,53,0,0,0,0,0,0,0,0,0,0,0,0,0,0,0,0,0,0,0,0,0,0,354,16209,0,0,0,0
86645.656,16815,59,0,0,0,0,0,8,57237,44,53,0,0,0,0,0,0,0,0,0,0,0,0,0,0,0,0,0,0,0,0,0,0,402,17806,0,0,0,0
86662.422,16765,59,0,0,0,0,0,8,56716,44,53,0,0,0,0,0,0,0,0,0,0,0,0,0,0,0,0,0,0,0,0,0,0,322,16162,0,0,0,0
86679.140,16717,59,0,0,0,0,0,8,56598,44,53,0,0,0,0,0,0,0,0,0,0,0,0,0,0,0,0,0,0,0,0,0,0,352,16739,0,0,0,0
86695.649,16509,60,0,0,0,0,0,8,58053,44,53,0,0,0,0,0,0,0,0,0,0,0,0,0,0,0,0,0,0,0,0,0,0,337,16594,0,0,0,0
86712.325,16676,59,0,0,0,0,0,8,56968,44,53,0,0,0,0,0,0,0,0,0,0,0,0,0,0,0,0,0,0,0,0,0,0,317,16950,0,0,0,0
86728.720,16395,60,0,0,0,0,0,8,58413,44,53,0,0,0,0,0,0,0,0,0,0,0,0,0,0,0,0,0,0,0,0,0,0,356,16846,0,0,0,0
86745.639,16919,59,0,0,0,0,0,8,57227,44,53,0,0,0,0,0,0,0,0,0,0,0,0,0,0,0,0,0,0,0,0,0,0,342,15646,0,0,0,0
86761.804,16165,61,0,0,0,0,0,8,57417,44,53,0,0,0,0,0,0,0,0,0,0,0,0,0,0,0,0,0,0,0,0,0,0,327,17877,0,0,0,0
86778.938,17133,58,0,0,0,0,0,8,57106,44,53,0,0,0,0,0,0,0,0,0,0,0,0,0,0,0,0,0,0,0,0,0,0,358,15681,0,0,0,0
86795.649,16711,59,0,0,0,0,0,8,58017,44,53,0,0,0,0,0,0,0,0,0,0,0,0,0,0,0,0,0,0,0,0,0,0,329,17037,0,0,0,0
86812.505,16856,59,0,0,0,0,0,8,58146,44,53,0,0,0,0,0,0,0,0,0,0,0,0,0,0,0,0,0,0,0,0,0,0,370,17533,0,0,0,0
86828.815,16309,61,0,0,0,0,0,8,58767,44,53,0,0,0,0,0,0,0,0,0,0,0,0,0,0,0,0,0,0,0,0,0,0,332,15311,0,0,0,0
86845.631,16816,59,0,0,0,0,0,8,57884,44,53,0,0,0,0,0,0,0,0,0,0,0,0,0,0,0,0,0,0,0,0,0,0,372,16712,0,0,0,0
86862.149,16517,60,0,0,0,0,0,8,58072,44,53,0,0,0,0,0,0,0,0,0,0,0,0,0,0,0,0,0,0,0,0,0,0,354,17475,0,0,0,0
86880.030,17881,55,0,0,0,0,0,8,57544,44,53,0,0,0,0,0,0,0,0,0,0,0,0,0,0,0,0,0,0,0,0,0,0,335,16329,0,0,0,0
86895.685,15654,63,0,0,0,0,0,8,58616,44,53,0,0,0,0,0,0,0,0,0,0,0,0,0,0,0,0,0,0,0,0,0,0,363,18120,0,0,0,0
86912.501,16816,59,0,0,0,0,0,8,58192,44,53,0,0,0,0,0,0,0,0,0,0,0,0,0,0,0,0,0,0,0,0,0,0,321,15084,0,0,0,0
86928.763,16262,61,0,0,0,0,0,8,59009,44,53,0,0,0,0,0,0,0,0,0,0,0,0,0,0,0,0,0,0,0,0,0,0,333,16172,0,0,0,0
86946.022,17258,57,0,0,0,0,0,8,58305,44,53,0,0,0,0,0,0,0,0,0,0,0,0,0,0,0,0,0,0,0,0,0,0,348,16910,0,0,0,0
86962.158,16136,61,0,0,0,0,0,8,58237,44,53,0,0,0,0,0,0,0,0,0,0,0,0,0,0,0,0,0,0,0,0,0,0,358,17547,0,0,0,0
86979.008,16850,59,0,0,0,0,0,8,58052,44,53,0,0,0,0,0,0,0,0,0,0,0,0,0,0,0,0,0,0,0,0,0,0,349,16334,0,0,0,0
86996.021,17012,58,0,0,0,0,0,8,58088,44,53,0,0,0,0,0,0,0,0,0,0,0,0,0,0,0,0,0,0,0,0,0,0,321,16345,0,0,0,0
87012.497,16476,60,0,0,0,0,0,8,59348,44,53,0,0,0,0,0,0,0,0,0,0,0,0,0,0,0,0,0,0,0,0,0,0,351,17260,0,0,0,0
87029.225,16727,59,0,0,0,0,0,8,57893,44,53,0,0,0,0,0,0,0,0,0,0,0,0,0,0,0,0,0,0,0,0,0,0,379,16634,0,0,0,0
87045.585,16359,61,0,0,0,0,0,8,59237,44,53,0,0,0,0,0,0,0,0,0,0,0,0,0,0,0,0,0,0,0,0,0,0,323,16167,0,0,0,0
87062.498,16913,59,0,0,0,0,0,8,57937,44,53,0,0,0,0,0,0,0,0,0,0,0,0,0,0,0,0,0,0,0,0,0,0,317,16585,0,0,0,0
87079.170,16672,59,0,0,0,0,0,8,57674,44,53,0,0,0,0,0,0,0,0,0,0,0,0,0,0,0,0,0,0,0,0,0,0,340,16018,0,0,0,0
87096.024,16854,59,0,0,0,0,0,8,58058,44,53,0,0,0,0,0,0,0,0,0,0,0,0,0,0,0,0,0,0,0,0,0,0,345,17273,0,0,0,0
87112.292,16267,61,0,0,0,0,0,8,59044,44,53,0,0,0,0,0,0,0,0,0,0,0,0,0,0,0,0,0,0,0,0,0,0,328,17076,0,0,0,0
87129.020,16728,59,0,0,0,0,0,8,57621,44,53,0,0,0,0,0,0,0,0,0,0,0,0,0,0,0,0,0,0,0,0,0,0,337,16663,0,0,0,0
87145.857,16836,59,0,0,0,0,0,8,59889,44,53,0,0,0,0,0,0,0,0,0,0,0,0,0,0,0,0,0,0,0,0,0,0,346,17121,0,0,0,0
87162.143,16286,61,0,0,0,0,0,8,57699,44,53,0,0,0,0,0,0,0,0,0,0,0,0,0,0,0,0,0,0,0,0,0,0,322,15771,0,0,0,0
87179.503,17360,57,0,0,0,0,0,8,57461,44,53,0,0,0,0,0,0,0,0,0,0,0,0,0,0,0,0,0,0,0,0,0,0,345,16762,0,0,0,0
87194.970,15466,64,0,0,0,0,0,8,57803,44,53,0,0,0,0,0,0,0,0,0,0,0,0,0,0,0,0,0,0,0,0,0,0,336,16164,0,0,0,0
87212.496,17526,57,0,0,0,0,0,8,57853,44,53,0,0,0,0,0,0,0,0,0,0,0,0,0,0,0,0,0,0,0,0,0,0,360,17034,0,0,0,0
87229.197,16701,59,0,0,0,0,0,8,61396,44,53,0,0,0,0,0,0,0,0,0,0,0,0,0,0,0,0,0,0,0,0,0,0,337,16406,0,0,0,0
87245.631,16433,60,0,0,0,0,0,8,59834,44,53,0,0,0,0,0,0,0,0,0,0,0,0,0,0,0,0,0,0,0,0,0,0,332,17458,0,0,0,0
87262.495,16864,59,0,0,0,0,0,8,60168,44,53,0,0,0,0,0,0,0,0,0,0,0,0,0,0,0,0,0,0,0,0,0,0,345,16885,0,0,0,0
87279.495,17000,58,0,0,0,0,0,8,58625,44,53,0,0,0,0,0,0,0,0,0,0,0,0,0,0,0,0,0,0,0,0,0,0,360,16593,0,0,0,0
87295.593,16098,62,0,0,0,0,0,8,58918,44,53,0,0,0,0,0,0,0,0,0,0,0,0,0,0,0,0,0,0,0,0,0,0,352,16513,0,0,0,0
87312.499,16905,59,0,0,0,0,0,8,58929,44,53,0,0,0,0,0,0,0,0,0,0,0,0,0,0,0,0,0,0,0,0,0,0,340,16443,0,0,0,0
87329.030,16531,60,0,0,0,0,0,8,59793,44,53,0,0,0,0,0,0,0,0,0,0,0,0,0,0,0,0,0,0,0,0,0,0,324,15935,0,0,0,0
87345.487,16457,60,0,0,0,0,0,8,59124,44,53,0,0,0,0,0,0,0,0,0,0,0,0,0,0,0,0,0,0,0,0,0,0,346,17916,0,0,0,0
87362.520,17033,58,0,0,0,0,0,8,59968,44,53,0,0,0,0,0,0,0,0,0,0,0,0,0,0,0,0,0,0,0,0,0,0,356,16376,0,0,0,0
87378.847,16326,61,0,0,0,0,0,8,58819,44,53,0,0,0,0,0,0,0,0,0,0,0,0,0,0,0,0,0,0,0,0,0,0,351,17250,0,0,0,0
87394.955,16107,62,0,0,0,0,0,8,59198,44,53,0,0,0,0,0,0,0,0,0,0,0,0,0,0,0,0,0,0,0,0,0,0,350,15637,0,0,0,0
87412.498,17543,57,0,0,0,0,0,8,59685,44,53,0,0,0,0,0,0,0,0,0,0,0,0,0,0,0,0,0,0,0,0,0,0,338,15601,0,0,0,0
87428.675,16176,61,0,0,0,0,0,8,60786,44,53,0,0,0,0,0,0,0,0,0,0,0,0,0,0,0,0,0,0,0,0,0,0,346,17490,0,0,0,0
87446.019,17344,57,0,0,0,0,0,8,59871,44,53,0,0,0,0,0,0,0,0,0,0,0,0,0,0,0,0,0,0,0,0,0,0,364,16498,0,0,0,0
87462.239,16219,61,0,0,0,0,0,8,60173,44,53,0,0,0,0,0,0,0,0,0,0,0,0,0,0,0,0,0,0,0,0,0,0,340,17992,0,0,0,0
87479.181,16942,59,0,0,0,0,0,8,59898,44,53,0,0,0,0,0,0,0,0,0,0,0,0,0,0,0,0,0,0,0,0,0,0,337,15954,0,0,0,0
87495.049,15867,63,0,0,0,0,0,8,57617,44,53,0,0,0,0,0,0,0,0,0,0,0,0,0,0,0,0,0,0,0,0,0,0,347,16536,0,0,0,0
87512.494,17445,57,0,0,0,0,0,8,57601,44,53,0,0,0,0,0,0,0,0,0,0,0,0,0,0,0,0,0,0,0,0,0,0,331,16334,0,0,0,0
87529.094,16600,60,0,0,0,0,0,8,57985,44,53,0,0,0,0,0,0,0,0,0,0,0,0,0,0,0,0,0,0,0,0,0,0,350,17758,0,0,0,0
87545.380,16286,61,0,0,0,0,0,8,57459,44,53,0,0,0,0,0,0,0,0,0,0,0,0,0,0,0,0,0,0,0,0,0,0,336,15895,0,0,0,0
87562.495,17114,58,0,0,0,0,0,8,58939,44,53,0,0,0,0,0,0,0,0,0,0,0,0,0,0,0,0,0,0,0,0,0,0,359,16797,0,0,0,0
87579.016,16521,60,0,0,0,0,0,8,59235,44,53,0,0,0,0,0,0,0,0,0,0,0,0,0,0,0,0,0,0,0,0,0,0,338,15922,0,0,0,0
87595.476,16460,60,0,0,0,0,0,8,57430,44,53,0,0,0,0,0,0,0,0,0,0,0,0,0,0,0,0,0,0,0,0,0,0,352,17365,0,0,0,0
87612.494,17017,58,0,0,0,0,0,8,57242,44,53,0,0,0,0,0,0,0,0,0,0,0,0,0,0,0,0,0,0,0,0,0,0,360,16673,0,0,0,0
87629.504,17010,58,0,0,0,0,0,8,57037,44,53,0,0,0,0,0,0,0,0,0,0,0,0,0,0,0,0,0,0,0,0,0,0,338,17040,0,0,0,0
87645.476,15971,62,0,0,0,0,0,8,58571,44,53,0,0,0,0,0,0,0,0,0,0,0,0,0,0,0,0,0,0,0,0,0,0,330,17294,0,0,0,0
87661.886,16410,60,0,0,0,0,0,8,57145,44,53,0,0,0,0,0,0,0,0,0,0,0,0,0,0,0,0,0,0,0,0,0,0,345,15529,0,0,0,0
87679.027,17140,58,0,0,0,0,0,8,58034,44,53,0,0,0,0,0,0,0,0,0,0,0,0,0,0,0,0,0,0,0,0,0,0,345,16468,0,0,0,0
87696.493,17467,57,0,0,0,0,0,8,57466,44,53,0,0,0,0,0,0,0,0,0,0,0,0,0,0,0,0,0,0,0,0,0,0,352,16881,0,0,0,0
87712.498,16004,62,0,0,0,0,0,8,57384,44,53,0,0,0,0,0,0,0,0,0,0,0,0,0,0,0,0,0,0,0,0,0,0,358,17672,0,0,0,0
87729.002,16504,60,0,0,0,0,0,8,57343,44,53,0,0,0,0,0,0,0,0,0,0,0,0,0,0,0,0,0,0,0,0,0,0,322,14960,0,0,0,0
87746.501,17499,57,0,0,0,0,0,8,58801,44,53,0,0,0,0,0,0,0,0,0,0,0,0,0,0,0,0,0,0,0,0,0,0,341,17674,0,0,0,0
87762.189,15687,63,0,0,0,0,0,8,56978,44,53,0,0,0,0,0,0,0,0,0,0,0,0,0,0,0,0,0,0,0,0,0,0,363,17754,0,0,0,0
87779.042,16853,59,0,0,0,0,0,8,56454,44,53,0,0,0,0,0,0,0,0,0,0,0,0,0,0,0,0,0,0,0,0,0,0,332,15193,0,0,0,0
87795.519,16477,60,0,0,0,0,0,8,56519,44,53,0,0,0,0,0,0,0,0,0,0,0,0,0,0,0,0,0,0,0,0,0,0,329,16689,0,0,0,0
87812.430,16910,59,0,0,0,0,0,8,56833,44,53,0,0,0,0,0,0,0,0,0,0,0,0,0,0,0,0,0,0,0,0,0,0,332,17408,0,0,0,0
87829.150,16720,59,0,0,0,0,0,8,56384,44,53,0,0,0,0,0,0,0,0,0,0,0,0,0,0,0,0,0,0,0,0,0,0,352,16339,0,0,0,0
87845.774,16623,60,0,0,0,0,0,8,57933,44,53,0,0,0,0,0,0,0,0,0,0,0,0,0,0,0,0,0,0,0,0,0,0,331,16224,0,0,0,0
87862.494,16720,59,0,0,0,0,0,8,52573,44,53,0,0,0,0,0,0,0,0,0,0,0,0,0,0,0,0,0,0,0,0,0,0,362,16556,0,0,0,0
87879.071,16576,60,0,0,0,0,0,8,52345,44,53,0,0,0,0,0,0,0,0,0,0,0,0,0,0,0,0,0,0,0,0,0,0,344,15975,0,0,0,0
87895.637,16566,60,0,0,0,0,0,8,53311,44,53,0,0,0,0,0,0,0,0,0,0,0,0,0,0,0,0,0,0,0,0,0,0,330,17261,0,0,0,0
87912.494,16856,59,0,0,0,0,0,8,52810,44,53,0,0,0,0,0,0,0,0,0,0,0,0,0,0,0,0,0,0,0,0,0,0,335,17325,0,0,0,0
87928.864,16370,61,0,0,0,0,0,8,51990,44,53,0,0,0,0,0,0,0,0,0,0,0,0,0,0,0,0,0,0,0,0,0,0,316,15217,0,0,0,0
87945.487,16623,60,0,0,0,0,0,8,52684,44,53,0,0,0,0,0,0,0,0,0,0,0,0,0,0,0,0,0,0,0,0,0,0,339,17208,0,0,0,0
87962.489,17001,58,0,0,0,0,0,8,52285,44,53,0,0,0,0,0,0,0,0,0,0,0,0,0,0,0,0,0,0,0,0,0,0,350,17190,0,0,0,0
87978.946,16456,60,0,0,0,0,0,8,52051,44,53,0,0,0,0,0,0,0,0,0,0,0,0,0,0,0,0,0,0,0,0,0,0,331,15992,0,0,0,0
87996.007,17061,58,0,0,0,0,0,8,52179,44,53,0,0,0,0,0,0,0,0,0,0,0,0,0,0,0,0,0,0,0,0,0,0,341,17382,0,0,0,0
88012.511,16503,60,0,0,0,0,0,8,51766,44,53,0,0,0,0,0,0,0,0,0,0,0,0,0,0,0,0,0,0,0,0,0,0,363,16649,0,0,0,0
88029.513,17002,58,0,0,0,0,0,8,51987,44,53,0,0,0,0,0,0,0,0,0,0,0,0,0,0,0,0,0,0,0,0,0,0,329,15652,0,0,0,0
88045.365,15851,63,0,0,0,0,0,8,53011,44,53,0,0,0,0,0,0,0,0,0,0,0,0,0,0,0,0,0,0,0,0,0,0,357,18053,0,0,0,0
88062.313,16948,59,0,0,0,0,0,8,53230,44,53,0,0,0,0,0,0,0,0,0,0,0,0,0,0,0,0,0,0,0,0,0,0,349,15857,0,0,0,0
88079.139,16826,59,0,0,0,0,0,8,52490,44,53,0,0,0,0,0,0,0,0,0,0,0,0,0,0,0,0,0,0,0,0,0,0,322,16912,0,0,0,0
88095.686,16537,60,0,0,0,0,0,8,52407,44,53,0,0,0,0,0,0,0,0,0,0,0,0,0,0,0,0,0,0,0,0,0,0,345,16695,0,0,0,0
88112.252,16576,60,0,0,0,0,0,8,52857,44,53,0,0,0,0,0,0,0,0,0,0,0,0,0,0,0,0,0,0,0,0,0,0,370,17000,0,0,0,0
88128.699,16447,60,0,0,0,0,0,8,52583,44,53,0,0,0,0,0,0,0,0,0,0,0,0,0,0,0,0,0,0,0,0,0,0,346,16409,0,0,0,0
88145.269,16570,60,0,0,0,0,0,8,53320,44,53,0,0,0,0,0,0,0,0,0,0,0,0,0,0,0,0,0,0,0,0,0,0,351,16500,0,0,0,0
88162.132,16862,59,0,0,0,0,0,8,53524,44,53,0,0,0,0,0,0,0,0,0,0,0,0,0,0,0,0,0,0,0,0,0,0,363,16508,0,0,0,0
88179.489,17356,57,0,0,0,0,0,8,53284,44,53,0,0,0,0,0,0,0,0,0,0,0,0,0,0,0,0,0,0,0,0,0,0,363,17374,0,0,0,0
88195.010,15521,64,0,0,0,0,0,8,54278,44,53,0,0,0,0,0,0,0,0,0,0,0,0,0,0,0,0,0,0,0,0,0,0,342,18083,0,0,0,0
88212.071,17061,58,0,0,0,0,0,8,54934,44,53,0,0,0,0,0,0,0,0,0,0,0,0,0,0,0,0,0,0,0,0,0,0,361,15824,0,0,0,0
88228.701,16629,60,0,0,0,0,0,8,54496,44,53,0,0,0,0,0,0,0,0,0,0,0,0,0,0,0,0,0,0,0,0,0,0,372,15810,0,0,0,0
88245.060,16359,61,0,0,0,0,0,8,54254,44,53,0,0,0,0,0,0,0,0,0,0,0,0,0,0,0,0,0,0,0,0,0,0,339,16648,0,0,0,0
88261.698,16638,60,0,0,0,0,0,8,52958,44,53,0,0,0,0,0,0,0,0,0,0,0,0,0,0,0,0,0,0,0,0,0,0,358,16380,0,0,0,0
88279.092,17393,57,0,0,0,0,0,8,52798,44,53,0,0,0,0,0,0,0,0,0,0,0,0,0,0,0,0,0,0,0,0,0,0,314,16576,0,0,0,0
88296.055,16962,58,0,0,0,0,0,8,53750,44,53,0,0,0,0,0,0,0,0,0,0,0,0,0,0,0,0,0,0,0,0,0,0,351,17141,0,0,0,0
88312.488,16433,60,0,0,0,0,0,8,55087,44,53,0,0,0,0,0,0,0,0,0,0,0,0,0,0,0,0,0,0,0,0,0,0,350,16733,0,0,0,0
88329.273,16785,59,0,0,0,0,0,8,53218,44,53,0,0,0,0,0,0,0,0,0,0,0,0,0,0,0,0,0,0,0,0,0,0,331,15703,0,0,0,0
88345.482,16208,61,0,0,0,0,0,8,53708,44,53,0,0,0,0,0,0,0,0,0,0,0,0,0,0,0,0,0,0,0,0,0,0,347,17933,0,0,0,0
88362.171,16689,59,0,0,0,0,0,8,53379,44,53,0,0,0,0,0,0,0,0,0,0,0,0,0,0,0,0,0,0,0,0,0,0,340,16094,0,0,0,0
88379.017,16845,59,0,0,0,0,0,8,53801,44,53,0,0,0,0,0,0,0,0,0,0,0,0,0,0,0,0,0,0,0,0,0,0,342,16993,0,0,0,0
88396.487,17470,57,0,0,0,0,0,8,54651,44,53,0,0,0,0,0,0,0,0,0,0,0,0,0,0,0,0,0,0,0,0,0,0,344,16443,0,0,0,0
88412.177,15690,63,0,0,0,0,0,8,54714,44,53,0,0,0,0,0,0,0,0,0,0,0,0,0,0,0,0,0,0,0,0,0,0,367,17777,0,0,0,0
88428.517,16339,61,0,0,0,0,0,8,56074,44,53,0,0,0,0,0,0,0,0,0,0,0,0,0,0,0,0,0,0,0,0,0,0,330,15269,0,0,0,0
88445.329,16812,59,0,0,0,0,0,8,54578,44,53,0,0,0,0,0,0,0,0,0,0,0,0,0,0,0,0,0,0,0,0,0,0,342,16520,0,0,0,0
88462.366,17036,58,0,0,0,0,0,8,54853,44,53,0,0,0,0,0,0,0,0,0,0,0,0,0,0,0,0,0,0,0,0,0,0,319,17097,0,0,0,0
88479.497,17131,58,0,0,0,0,0,8,56430,44,53,0,0,0,0,0,0,0,0,0,0,0,0,0,0,0,0,0,0,0,0,0,0,340,16693,0,0,0,0
88495.617,16120,62,0,0,0,0,0,8,55471,44,53,0,0,0,0,0,0,0,0,0,0,0,0,0,0,0,0,0,0,0,0,0,0,341,17371,0,0,0,0
88512.137,16519,60,0,0,0,0,0,8,57231,44,53,0,0,0,0,0,0,0,0,0,0,0,0,0,0,0,0,0,0,0,0,0,0,335,16022,0,0,0,0
88528.866,16719,59,0,0,0,0,0,8,55712,44,53,0,0,0,0,0,0,0,0,0,0,0,0,0,0,0,0,0,0,0,0,0,0,336,16479,0,0,0,0
88545.821,16964,58,0,0,0,0,0,8,55715,44,53,0,0,0,0,0,0,0,0,0,0,0,0,0,0,0,0,0,0,0,0,0,0,317,16629,0,0,0,0
88562.162,16340,61,0,0,0,0,0,8,55961,44,53,0,0,0,0,0,0,0,0,0,0,0,0,0,0,0,0,0,0,0,0,0,0,350,17135,0,0,0,0
88579.075,16913,59,0,0,0,0,0,8,55697,44,53,0,0,0,0,0,0,0,0,0,0,0,0,0,0,0,0,0,0,0,0,0,0,336,16449,0,0,0,0
88595.721,16645,60,0,0,0,0,0,8,55889,44,53,0,0,0,0,0,0,0,0,0,0,0,0,0,0,0,0,0,0,0,0,0,0,341,16595,0,0,0,0
88612.514,16792,59,0,0,0,0,0,8,55867,44,53,0,0,0,0,0,0,0,0,0,0,0,0,0,0,0,0,0,0,0,0,0,0,340,16261,0,0,0,0
88629.491,16977,58,0,0,0,0,0,8,55906,44,53,0,0,0,0,0,0,0,0,0,0,0,0,0,0,0,0,0,0,0,0,0,0,348,16170,0,0,0,0
88645.674,16183,61,0,0,0,0,0,8,56851,44,53,0,0,0,0,0,0,0,0,0,0,0,0,0,0,0,0,0,0,0,0,0,0,351,18177,0,0,0,0
88661.996,16321,61,0,0,0,0,0,8,56239,44,53,0,0,0,0,0,0,0,0,0,0,0,0,0,0,0,0,0,0,0,0,0,0,336,15992,0,0,0,0
88679.088,17092,58,0,0,0,0,0,8,56070,44,53,0,0,0,0,0,0,0,0,0,0,0,0,0,0,0,0,0,0,0,0,0,0,342,16643,0,0,0,0
88695.619,16531,60,0,0,0,0,0,8,56621,44,53,0,0,0,0,0,0,0,0,0,0,0,0,0,0,0,0,0,0,0,0,0,0,354,16955,0,0,0,0
88712.488,16868,59,0,0,0,0,0,8,56269,44,53,0,0,0,0,0,0,0,0,0,0,0,0,0,0,0,0,0,0,0,0,0,0,357,16552,0,0,0,0
88729.005,16517,60,0,0,0,0,0,8,56993,44,53,0,0,0,0,0,0,0,0,0,0,0,0,0,0,0,0,0,0,0,0,0,0,365,16970,0,0,0,0
88745.628,16622,60,0,0,0,0,0,8,56631,44,53,0,0,0,0,0,0,0,0,0,0,0,0,0,0,0,0,0,0,0,0,0,0,360,16326,0,0,0,0
88762.492,16863,59,0,0,0,0,0,8,55689,44,53,0,0,0,0,0,0,0,0,0,0,0,0,0,0,0,0,0,0,0,0,0,0,341,17164,0,0,0,0
88779.482,16990,58,0,0,0,0,0,8,55426,44,53,0,0,0,0,0,0,0,0,0,0,0,0,0,0,0,0,0,0,0,0,0,0,327,14912,0,0,0,0
88795.627,16144,61,0,0,0,0,0,8,55956,44,53,0,0,0,0,0,0,0,0,0,0,0,0,0,0,0,0,0,0,0,0,0,0,370,18429,0,0,0,0
88812.508,16881,59,0,0,0,0,0,8,56342,44,53,0,0,0,0,0,0,0,0,0,0,0,0,0,0,0,0,0,0,0,0,0,0,369,15976,0,0,0,0
88829.139,16631,60,0,0,0,0,0,8,56195,44,53,0,0,0,0,0,0,0,0,0,0,0,0,0,0,0,0,0,0,0,0,0,0,339,16828,0,0,0,0
88845.012,15872,63,0,0,0,0,0,8,56446,44,53,0,0,0,0,0,0,0,0,0,0,0,0,0,0,0,0,0,0,0,0,0,0,318,16549,0,0,0,0
88862.491,17479,57,0,0,0,0,0,8,56423,44,53,0,0,0,0,0,0,0,0,0,0,0,0,0,0,0,0,0,0,0,0,0,0,356,16558,0,0,0,0
88879.019,16514,60,0,0,0,0,0,8,56392,44,53,0,0,0,0,0,0,0,0,0,0,0,0,0,0,0,0,0,0,0,0,0,0,337,15767,0,0,0,0
88895.498,16491,60,0,0,0,0,0,8,57412,44,53,0,0,0,0,0,0,0,0,0,0,0,0,0,0,0,0,0,0,0,0,0,0,344,18038,0,0,0,0
88912.141,16644,60,0,0,0,0,0,8,57287,44,53,0,0,0,0,0,0,0,0,0,0,0,0,0,0,0,0,0,0,0,0,0,0,340,16142,0,0,0,0
88929.121,16979,58,0,0,0,0,0,8,57016,44,53,0,0,0,0,0,0,0,0,0,0,0,0,0,0,0,0,0,0,0,0,0,0,341,16970,0,0,0,0
88945.998,16877,59,0,0,0,0,0,8,57230,44,53,0,0,0,0,0,0,0,0,0,0,0,0,0,0,0,0,0,0,0,0,0,0,348,16514,0,0,0,0
88961.620,15621,64,0,0,0,0,0,8,57436,44,53,0,0,0,0,0,0,0,0,0,0,0,0,0,0,0,0,0,0,0,0,0,0,357,16729,0,0,0,0
88978.742,17121,58,0,0,0,0,0,8,57971,44,53,0,0,0,0,0,0,0,0,0,0,0,0,0,0,0,0,0,0,0,0,0,0,350,15944,0,0,0,0
88996.029,17287,57,0,0,0,0,0,8,58348,44,53,0,0,0,0,0,0,0,0,0,0,0,0,0,0,0,0,0,0,0,0,0,0,351,17146,0,0,0,0
89012.481,16451,60,0,0,0,1,0,8,59243,44,53,0,0,0,0,0,0,0,0,0,0,0,0,0,0,0,0,0,0,0,0,0,0,357,17355,0,0,0,0
89029.494,17012,58,0,0,0,0,0,8,59043,44,53,0,0,0,0,0,0,0,0,0,0,0,0,0,0,0,0,0,0,0,0,0,0,326,15374,0,0,0,0
89046.010,16516,60,0,0,0,0,0,8,59029,44,53,0,0,0,0,0,0,0,0,0,0,0,0,0,0,0,0,0,0,0,0,0,0,340,17090,0,0,0,0
89062.482,16471,60,0,0,0,0,0,8,59449,44,53,0,0,0,0,0,0,0,0,0,0,0,0,0,0,0,0,0,0,0,0,0,0,384,17630,0,0,0,0
89080.008,17526,57,0,0,0,0,0,8,58706,44,53,0,0,0,0,0,0,0,0,0,0,0,0,0,0,0,0,0,0,0,0,0,0,346,16297,0,0,0,0
89095.616,15608,64,0,0,0,0,0,8,58778,44,53,0,0,0,0,0,0,0,0,0,0,0,0,0,0,0,0,0,0,0,0,0,0,376,18039,0,0,0,0
89112.101,16484,60,0,0,0,0,0,8,58495,44,53,0,0,0,0,0,0,0,0,0,0,0,0,0,0,0,0,0,0,0,0,0,0,317,15175,0,0,0,0
89128.996,16895,59,0,0,0,0,0,8,57914,44,53,0,0,0,0,0,0,0,0,0,0,0,0,0,0,0,0,0,0,0,0,0,0,351,16480,0,0,0,0
89145.618,16622,60,0,0,0,0,0,8,58608,44,53,0,0,0,0,0,0,0,0,0,0,0,0,0,0,0,0,0,0,0,0,0,0,336,16897,0,0,0,0
89162.477,16858,59,0,0,0,0,0,8,59470,44,53,0,0,0,0,0,0,0,0,0,0,0,0,0,0,0,0,0,0,0,0,0,0,359,17019,0,0,0,0
89179.083,16605,60,0,0,0,0,0,8,59059,44,53,0,0,0,0,0,0,0,0,0,0,0,0,0,0,0,0,0,0,0,0,0,0,332,15193,0,0,0,0
89195.376,16292,61,0,0,0,0,0,8,59606,44,53,0,0,0,0,0,0,0,0,0,0,0,0,0,0,0,0,0,0,0,0,0,0,348,17819,0,0,0,0
89212.184,16808,59,0,0,0,0,0,8,59248,44,53,0,0,0,0,0,0,0,0,0,0,0,0,0,0,0,0,0,0,0,0,0,0,327,16552,0,0,0,0
89229.058,16873,59,0,0,0,0,0,8,59481,44,53,0,0,0,0,0,0,0,0,0,0,0,0,0,0,0,0,0,0,0,0,0,0,337,16531,0,0,0,0
89245.360,16302,61,0,0,0,0,0,8,59321,44,53,0,0,0,0,0,0,0,0,0,0,0,0,0,0,0,0,0,0,0,0,0,0,337,16869,0,0,0,0
89262.620,17259,57,0,0,0,0,0,8,59273,44,53,0,0,0,0,0,0,0,0,0,0,0,0,0,0,0,0,0,0,0,0,0,0,338,16233,0,0,0,0
89279.164,16544,60,0,0,0,0,0,8,58616,44,53,0,0,0,0,0,0,0,0,0,0,0,0,0,0,0,0,0,0,0,0,0,0,326,17603,0,0,0,0
89296.485,17321,57,0,0,0,0,0,8,56708,44,53,0,0,0,0,0,0,0,0,0,0,0,0,0,0,0,0,0,0,0,0,0,0,346,15930,0,0,0,0
89312.076,15590,64,0,0,0,0,0,8,57415,44,53,0,0,0,0,0,0,0,0,0,0,0,0,0,0,0,0,0,0,0,0,0,0,366,18242,0,0,0,0
89329.022,16945,59,0,0,0,0,0,8,56443,44,53,0,0,0,0,0,0,0,0,0,0,0,0,0,0,0,0,0,0,0,0,0,0,341,15024,0,0,0,0
89346.002,16980,58,0,0,0,0,0,8,57007,44,53,0,0,0,0,0,0,0,0,0,0,0,0,0,0,0,0,0,0,0,0,0,0,324,17063,0,0,0,0
89362.474,16471,60,0,0,0,0,0,8,56713,44,53,0,0,0,0,0,0,0,0,0,0,0,0,0,0,0,0,0,0,0,0,0,0,349,16480,0,0,0,0
89378.436,15961,62,0,0,0,0,0,8,56154,44,53,0,0,0,0,0,0,0,0,0,0,0,0,0,0,0,0,0,0,0,0,0,0,362,17197,0,0,0,0
89396.038,17602,56,0,0,0,0,0,8,56805,44,53,0,0,0,0,0,0,0,0,0,0,0,0,0,0,0,0,0,0,0,0,0,0,336,15140,0,0,0,0
89412.485,16447,60,0,0,0,0,0,8,56815,44,53,0,0,0,0,0,0,0,0,0,0,0,0,0,0,0,0,0,0,0,0,0,0,340,18056,0,0,0,0
89429.485,16999,58,0,0,0,0,0,8,56388,44,53,0,0,0,0,0,0,0,0,0,0,0,0,0,0,0,0,0,0,0,0,0,0,325,15145,0,0,0,0
89445.325,15840,63,0,0,0,0,0,8,56597,44,53,0,0,0,0,0,0,0,0,0,0,0,0,0,0,0,0,0,0,0,0,0,0,374,18577,0,0,0,0
89462.141,16816,59,0,0,0,0,0,8,56401,44,53,0,0,0,0,0,0,0,0,0,0,0,0,0,0,0,0,0,0,0,0,0,0,335,15065,0,0,0,0
89479.109,16967,58,0,0,0,0,0,8,56756,44,53,0,0,0,0,0,0,0,0,0,0,0,0,0,0,0,0,0,0,0,0,0,0,332,17784,0,0,0,0
89495.615,16505,60,0,0,0,0,0,8,56397,44,53,0,0,0,0,0,0,0,0,0,0,0,0,0,0,0,0,0,0,0,0,0,0,350,16238,0,0,0,0
89512.477,16862,59,0,0,0,0,0,8,56258,44,53,0,0,0,0,0,0,0,0,0,0,0,0,0,0,0,0,0,0,0,0,0,0,342,17008,0,0,0,0
89529.480,17002,58,0,0,0,0,0,8,56000,44,53,0,0,0,0,0,0,0,0,0,0,0,0,0,0,0,0,0,0,0,0,0,0,365,16774,0,0,0,0
89545.384,15904,62,0,0,0,0,0,8,55948,44,53,0,0,0,0,0,0,0,0,0,0,0,0,0,0,0,0,0,0,0,0,0,0,342,16863,0,0,0,0
89562.197,16812,59,0,0,0,0,0,8,56076,44,53,0,0,0,0,0,0,0,0,0,0,0,0,0,0,0,0,0,0,0,0,0,0,330,15616,0,0,0,0
89579.168,16971,58,0,0,0,0,0,8,55631,44,53,0,0,0,0,0,0,0,0,0,0,0,0,0,0,0,0,0,0,0,0,0,0,330,17358,0,0,0,0
89595.535,16367,61,0,0,0,0,0,8,55489,44,53,0,0,0,0,0,0,0,0,0,0,0,0,0,0,0,0,0,0,0,0,0,0,369,16312,0,0,0,0
89611.821,16285,61,0,0,0,0,0,8,55247,44,53,0,0,0,0,0,0,0,0,0,0,0,0,0,0,0,0,0,0,0,0,0,0,341,16793,0,0,0,0
89629.032,17211,58,0,0,0,0,0,8,55059,44,53,0,0,0,0,0,0,0,0,0,0,0,0,0,0,0,0,0,0,0,0,0,0,364,16214,0,0,0,0
89645.815,16782,59,0,0,0,0,0,8,55372,44,53,0,0,0,0,0,0,0,0,0,0,0,0,0,0,0,0,0,0,0,0,0,0,351,17007,0,0,0,0
89662.125,16310,61,0,0,0,0,0,8,56254,44,53,0,0,0,0,0,0,0,0,0,0,0,0,0,0,0,0,0,0,0,0,0,0,347,17051,0,0,0,0
89678.719,16593,60,0,0,0,0,0,8,55556,44,53,0,0,0,0,0,0,0,0,0,0,0,0,0,0,0,0,0,0,0,0,0,0,326,16619,0,0,0,0
89695.609,16890,59,0,0,0,0,0,8,55466,44,53,0,0,0,0,0,0,0,0,0,0,0,0,0,0,0,0,0,0,0,0,0,0,329,16296,0,0,0,0
89712.003,16382,61,0,0,0,0,0,8,55386,44,53,0,0,0,0,0,0,0,0,0,0,0,0,0,0,0,0,0,0,0,0,0,0,329,17238,0,0,0,0
89728.845,16853,59,0,0,0,0,0,8,56068,44,53,0,0,0,0,0,0,0,0,0,0,0,0,0,0,0,0,0,0,0,0,0,0,342,16534,0,0,0,0
89745.781,16935,59,0,0,0,0,0,8,56575,44,53,0,0,0,0,0,0,0,0,0,0,0,0,0,0,0,0,0,0,0,0,0,0,336,16018,0,0,0,0
89762.227,16446,60,0,0,0,0,0,8,59422,44,53,0,0,0,0,0,0,0,0,0,0,0,0,0,0,0,0,0,0,0,0,0,0,351,17269,0,0,0,0
89779.494,17267,57,0,0,0,0,0,8,58339,44,53,0,0,0,0,0,0,0,0,0,0,0,0,0,0,0,0,0,0,0,0,0,0,331,16485,0,0,0,0
89795.626,16131,61,0,0,0,0,0,8,58816,44,53,0,0,0,0,0,0,0,0,0,0,0,0,0,0,0,0,0,0,0,0,0,0,359,17027,0,0,0,0
89812.160,16534,60,0,0,0,0,0,8,58132,44,53,0,0,0,0,0,0,0,0,0,0,0,0,0,0,0,0,0,0,0,0,0,0,364,16706,0,0,0,0
89828.856,16696,59,0,0,0,0,0,8,57567,44,53,0,0,0,0,0,0,0,0,0,0,0,0,0,0,0,0,0,0,0,0,0,0,331,16260,0,0,0,0
89845.765,16909,59,0,0,0,0,0,8,57478,44,53,0,0,0,0,0,0,0,0,0,0,0,0,0,0,0,0,0,0,0,0,0,0,323,16589,0,0,0,0
89862.435,16669,59,0,0,0,0,0,8,57510,44,53,0,0,0,0,0,0,0,0,0,0,0,0,0,0,0,0,0,0,0,0,0,0,366,16983,0,0,0,0
89878.874,16439,60,0,0,0,0,0,8,58331,44,53,0,0,0,0,0,0,0,0,0,0,0,0,0,0,0,0,0,0,0,0,0,0,366,16485,0,0,0,0
89895.654,16780,59,0,0,0,0,0,8,58385,44,53,0,0,0,0,0,0,0,0,0,0,0,0,0,0,0,0,0,0,0,0,0,0,353,16249,0,0,0,0
89912.470,16815,59,0,0,0,0,0,8,61227,44,53,0,0,0,0,0,0,0,0,0,0,0,0,0,0,0,0,0,0,0,0,0,0,360,17005,0,0,0,0
89928.991,16521,60,0,0,0,0,0,8,59317,44,53,0,0,0,0,0,0,0,0,0,0,0,0,0,0,0,0,0,0,0,0,0,0,368,16990,0,0,0,0
89945.608,16617,60,0,0,0,0,0,8,59270,44,53,0,0,0,0,0,0,0,0,0,0,0,0,0,0,0,0,0,0,0,0,0,0,364,16847,0,0,0,0
89962.469,16861,59,0,0,0,0,0,8,59422,44,53,0,0,0,0,0,0,0,0,0,0,0,0,0,0,0,0,0,0,0,0,0,0,365,15768,0,0,0,0
89979.006,16536,60,0,0,0,0,0,8,59586,44,53,0,0,0,0,0,0,0,0,0,0,0,0,0,0,0,0,0,0,0,0,0,0,365,17519,0,0,0,0
89995.469,16463,60,0,0,0,0,0,8,60287,44,53,0,0,0,0,0,0,0,0,0,0,0,0,0,0,0,0,0,0,0,0,0,0,355,16748,0,0,0,0
90012.477,17007,58,0,0,0,0,0,8,59562,44,53,0,0,0,0,0,0,0,0,0,0,0,0,0,0,0,0,0,0,0,0,0,0,343,16050,0,0,0,0
90029.001,16524,60,0,0,0,0,0,8,59295,44,53,0,0,0,0,0,0,0,0,0,0,0,0,0,0,0,0,0,0,0,0,0,0,327,16046,0,0,0,0
90044.973,15971,62,0,0,0,0,0,8,59642,44,53,0,0,0,0,0,0,0,0,0,0,0,0,0,0,0,0,0,0,0,0,0,0,325,17248,0,0,0,0
90061.743,16770,59,0,0,0,0,0,8,60651,44,53,0,0,0,0,0,0,0,0,0,0,0,0,0,0,0,0,0,0,0,0,0,0,326,16004,0,0,0,0
90078.819,17075,58,0,0,0,0,0,8,59718,44,53,0,0,0,0,0,0,0,0,0,0,0,0,0,0,0,0,0,0,0,0,0,0,364,17568,0,0,0,0
90095.610,16790,59,0,0,0,0,0,8,59800,44,53,0,0,0,0,0,0,0,0,0,0,0,0,0,0,0,0,0,0,0,0,0,0,345,16734,0,0,0,0
90111.996,16386,61,0,0,0,0,0,8,59103,44,53,0,0,0,0,0,0,0,0,0,0,0,0,0,0,0,0,0,0,0,0,0,0,335,16512,0,0,0,0
90128.878,16881,59,0,0,0,0,0,8,59498,44,53,0,0,0,0,0,0,0,0,0,0,0,0,0,0,0,0,0,0,0,0,0,0,323,16670,0,0,0,0
90145.524,16645,60,0,0,0,0,0,8,59642,44,53,0,0,0,0,0,0,0,0,0,0,0,0,0,0,0,0,0,0,0,0,0,0,337,16499,0,0,0,0
90162.238,16714,59,0,0,0,0,0,8,59122,44,53,0,0,0,0,0,0,0,0,0,0,0,0,0,0,0,0,0,0,0,0,0,0,324,16799,0,0,0,0
90178.735,16496,60,0,0,0,0,0,8,59053,44,53,0,0,0,0,0,0,0,0,0,0,0,0,0,0,0,0,0,0,0,0,0,0,323,16475,0,0,0,0
90195.381,16646,60,0,0,0,0,0,8,59350,44,53,0,0,0,0,0,0,0,0,0,0,0,0,0,0,0,0,0,0,0,0,0,0,371,16800,0,0,0,0
90212.335,16953,58,0,0,0,0,0,8,59654,44,53,0,0,0,0,0,0,0,0,0,0,0,0,0,0,0,0,0,0,0,0,0,0,314,16512,0,0,0,0
90228.884,16549,60,0,0,0,0,0,8,59176,44,53,0,0,0,0,0,0,0,0,0,0,0,0,0,0,0,0,0,0,0,0,0,0,333,16785,0,0,0,0
90245.508,16624,60,0,0,0,0,0,8,58916,44,53,0,0,0,0,0,0,0,0,0,0,0,0,0,0,0,0,0,0,0,0,0,0,337,16350,0,0,0,0
90262.467,16958,58,0,0,0,0,0,8,59164,44,53,0,0,0,0,0,0,0,0,0,0,0,0,0,0,0,0,0,0,0,0,0,0,334,16763,0,0,0,0
90278.542,16075,62,0,0,0,0,0,8,59656,44,53,0,0,0,0,0,0,0,0,0,0,0,0,0,0,0,0,0,0,0,0,0,0,324,17297,0,0,0,0
90295.444,16902,59,0,0,0,0,0,8,58332,44,53,0,0,0,0,0,0,0,0,0,0,0,0,0,0,0,0,0,0,0,0,0,0,339,16104,0,0,0,0
90311.765,16320,61,0,0,0,0,0,8,58451,44,53,0,0,0,0,0,0,0,0,0,0,0,0,0,0,0,0,0,0,0,0,0,0,341,16679,0,0,0,0
90329.084,17319,57,0,0,0,0,0,8,57717,44,53,0,0,0,0,0,0,0,0,0,0,0,0,0,0,0,0,0,0,0,0,0,0,356,16695,0,0,0,0
90345.654,16569,60,0,0,0,0,0,8,58312,44,53,0,0,0,0,0,0,0,0,0,0,0,0,0,0,0,0,0,0,0,0,0,0,349,16671,0,0,0,0
90362.470,16816,59,0,0,0,0,0,8,57917,44,53,0,0,0,0,0,0,0,0,0,0,0,0,0,0,0,0,0,0,0,0,0,0,337,16970,0,0,0,0
90378.949,16479,60,0,0,0,0,0,8,57758,44,53,0,0,0,0,0,0,0,0,0,0,0,0,0,0,0,0,0,0,0,0,0,0,377,15672,0,0,0,0
90395.645,16695,59,0,0,0,0,0,8,58540,44,53,0,0,0,0,0,0,0,0,0,0,0,0,0,0,0,0,0,0,0,0,0,0,364,17544,0,0,0,0
90412.467,16822,59,0,0,0,0,0,8,58368,44,53,0,0,0,0,0,0,0,0,0,0,0,0,0,0,0,0,0,0,0,0,0,0,351,16993,0,0,0,0
90428.909,16441,60,0,0,0,0,0,8,57735,44,53,0,0,0,0,0,0,0,0,0,0,0,0,0,0,0,0,0,0,0,0,0,0,332,16318,0,0,0,0
90445.603,16694,59,0,0,0,0,0,8,57836,44,53,0,0,0,0,0,0,0,0,0,0,0,0,0,0,0,0,0,0,0,0,0,0,347,16225,0,0,0,0
90462.122,16519,60,0,0,0,0,0,8,57919,44,53,0,0,0,0,0,0,0,0,0,0,0,0,0,0,0,0,0,0,0,0,0,0,341,17041,0,0,0,0
90479.155,17022,58,0,0,0,0,0,8,57801,44,53,0,0,0,0,0,0,0,0,0,0,0,0,0,0,0,0,0,0,0,0,0,0,346,16865,0,0,0,0
90495.980,16835,59,0,0,0,0,0,8,58179,44,53,0,0,0,0,0,0,0,0,0,0,0,0,0,0,0,0,0,0,0,0,0,0,332,17144,0,0,0,0
90512.060,16079,62,0,0,0,0,0,8,57596,44,53,0,0,0,0,0,0,0,0,0,0,0,0,0,0,0,0,0,0,0,0,0,0,338,16148,0,0,0,0
90528.720,16660,60,0,0,0,0,0,8,57360,44,53,0,0,0,0,0,0,0,0,0,0,0,0,0,0,0,0,0,0,0,0,0,0,349,16332,0,0,0,0
90545.614,16893,59,0,0,0,0,0,8,57483,44,53,0,0,0,0,0,0,0,0,0,0,0,0,0,0,0,0,0,0,0,0,0,0,321,16534,0,0,0,0
90562.627,17012,58,0,0,0,0,0,8,58101,44,53,0,0,0,0,0,0,0,0,0,0,0,0,0,0,0,0,0,0,0,0,0,0,336,17022,0,0,0,0
90579.074,16447,60,0,0,0,0,0,8,57665,44,53,0,0,0,0,0,0,0,0,0,0,0,0,0,0,0,0,0,0,0,0,0,0,365,17077,0,0,0,0
90595.993,16918,59,0,0,0,0,0,8,57981,44,53,0,0,0,0,0,0,0,0,0,0,0,0,0,0,0,0,0,0,0,0,0,0,324,15869,0,0,0,0
90612.174,16181,61,0,0,0,0,0,8,57906,44,53,0,0,0,0,0,0,0,0,0,0,0,0,0,0,0,0,0,0,0,0,0,0,347,17761,0,0,0,0
90628.769,16594,60,0,0,0,0,0,8,57421,44,53,0,0,0,0,0,0,0,0,0,0,0,0,0,0,0,0,0,0,0,0,0,0,336,16248,0,0,0,0
90645.074,16305,61,0,0,0,0,0,8,58088,44,53,0,0,0,0,0,0,0,0,0,0,0,0,0,0,0,0,0,0,0,0,0,0,338,16067,0,0,0,0
90662.465,17390,57,0,0,0,0,0,8,57517,44,53,0,0,0,0,0,0,0,0,0,0,0,0,0,0,0,0,0,0,0,0,0,0,342,16586,0,0,0,0
90678.705,16240,61,0,0,0,0,0,8,57404,44,53,0,0,0,0,0,0,0,0,0,0,0,0,0,0,0,0,0,0,0,0,0,0,344,15962,0,0,0,0
90695.608,16902,59,0,0,0,0,0,8,57764,44,53,0,0,0,0,0,0,0,0,0,0,0,0,0,0,0,0,0,0,0,0,0,0,348,17756,0,0,0,0
90712.466,16858,59,0,0,0,0,0,8,57550,44,53,0,0,0,0,0,0,0,0,0,0,0,0,0,0,0,0,0,0,0,0,0,0,346,16402,0,0,0,0
90728.731,16264,61,0,0,0,0,0,8,57088,44,53,0,0,0,0,0,0,0,0,0,0,0,0,0,0,0,0,0,0,0,0,0,0,341,16049,0,0,0,0
90745.626,16895,59,0,0,0,0,0,8,57091,44,53,0,0,0,0,0,0,0,0,0,0,0,0,0,0,0,0,0,0,0,0,0,0,337,16893,0,0,0,0
90762.489,16863,59,0,0,0,0,0,8,57168,44,53,0,0,0,0,0,0,0,0,0,0,0,0,0,0,0,0,0,0,0,0,0,0,369,17799,0,0,0,0
90779.139,16649,60,0,0,0,0,0,8,58423,44,53,0,0,0,0,0,0,0,0,0,0,0,0,0,0,0,0,0,0,0,0,0,0,347,16799,0,0,0,0
90795.538,16399,60,0,0,0,0,0,8,58656,44,53,0,0,0,0,0,0,0,0,0,0,0,0,0,0,0,0,0,0,0,0,0,0,306,15957,0,0,0,0
90812.476,16937,59,0,0,0,0,0,8,57266,44,53,0,0,0,0,0,0,0,0,0,0,0,0,0,0,0,0,0,0,0,0,0,0,335,16327,0,0,0,0
90829.479,17003,58,0,0,0,0,0,8,57810,44,53,0,0,0,0,0,0,0,0,0,0,0,0,0,0,0,0,0,0,0,0,0,0,346,16315,0,0,0,0
90845.718,16238,61,0,0,0,0,0,8,57186,44,53,0,0,0,0,0,0,0,0,0,0,0,0,0,0,0,0,0,0,0,0,0,0,355,18042,0,0,0,0
90862.198,16479,60,0,0,0,0,0,8,57820,44,53,0,0,0,0,0,0,0,0,0,0,0,0,0,0,0,0,0,0,0,0,0,0,338,16388,0,0,0,0
90879.106,16907,59,0,0,0,0,0,8,58027,44,53,0,0,0,0,0,0,0,0,0,0,0,0,0,0,0,0,0,0,0,0,0,0,332,16384,0,0,0,0
90895.475,16369,61,0,0,0,0,0,8,58323,44,53,0,0,0,0,0,0,0,0,0,0,0,0,0,0,0,0,0,0,0,0,0,0,357,16814,0,0,0,0
90912.468,16992,58,0,0,0,0,0,8,56565,44,53,0,0,0,0,0,0,0,0,0,0,0,0,0,0,0,0,0,0,0,0,0,0,345,16471,0,0,0,0
90929.472,17004,58,0,0,0,0,0,8,56547,44,53,0,0,0,0,0,0,0,0,0,0,0,0,0,0,0,0,0,0,0,0,0,0,352,16645,0,0,0,0
90945.201,15729,63,0,0,0,0,0,8,56837,44,53,0,0,0,0,0,0,0,0,0,0,0,0,0,0,0,0,0,0,0,0,0,0,355,16496,0,0,0,0
90962.265,17064,58,0,0,0,0,0,8,56747,44,53,0,0,0,0,0,0,0,0,0,0,0,0,0,0,0,0,0,0,0,0,0,0,352,16483,0,0,0,0
90978.887,16622,60,0,0,0,0,0,8,57059,44,53,0,0,0,0,0,0,0,0,0,0,0,0,0,0,0,0,0,0,0,0,0,0,344,17205,0,0,0,0
90995.431,16544,60,0,0,0,0,0,8,56668,44,53,0,0,0,0,0,0,0,0,0,0,0,0,0,0,0,0,0,0,0,0,0,0,329,15989,0,0,0,0
91011.621,16189,61,0,0,0,0,0,8,56459,44,53,0,0,0,0,0,0,0,0,0,0,0,0,0,0,0,0,0,0,0,0,0,0,354,16980,0,0,0,0
91028.717,17096,58,0,0,0,0,0,8,56441,44,53,0,0,0,0,0,0,0,0,0,0,0,0,0,0,0,0,0,0,0,0,0,0,362,16425,0,0,0,0
91045.978,17261,57,0,0,0,0,0,8,56526,44,53,0,0,0,0,0,0,0,0,0,0,0,0,0,0,0,0,0,0,0,0,0,0,346,16726,0,0,0,0
91062.465,16486,60,0,0,0,0,0,8,56757,44,53,0,0,0,0,0,0,0,0,0,0,0,0,0,0,0,0,0,0,0,0,0,0,345,17512,0,0,0,0
91078.751,16285,61,0,0,0,0,0,8,56141,44,53,0,0,0,0,0,0,0,0,0,0,0,0,0,0,0,0,0,0,0,0,0,0,370,15289,0,0,0,0
91095.980,17229,58,0,0,0,0,0,8,57671,44,53,0,0,0,0,0,0,0,0,0,0,0,0,0,0,0,0,0,0,0,0,0,0,359,17242,0,0,0,0
91112.471,16491,60,0,0,0,0,0,8,59099,44,53,0,0,0,0,0,0,0,0,0,0,0,0,0,0,0,0,0,0,0,0,0,0,360,17270,0,0,0,0
91129.066,16595,60,0,0,0,0,0,8,57281,44,53,0,0,0,0,0,0,0,0,0,0,0,0,0,0,0,0,0,0,0,0,0,0,347,16751,0,0,0,0
91145.543,16477,60,0,0,0,0,0,8,57941,44,53,0,0,0,0,0,0,0,0,0,0,0,0,0,0,0,0,0,0,0,0,0,0,339,16447,0,0,0,0
91161.729,16185,61,0,0,0,0,0,8,57917,44,53,0,0,0,0,0,0,0,0,0,0,0,0,0,0,0,0,0,0,0,0,0,0,313,16445,0,0,0,0
91179.079,17349,57,0,0,0,0,0,8,57698,44,53,0,0,0,0,0,0,0,0,0,0,0,0,0,0,0,0,0,0,0,0,0,0,345,16021,0,0,0,0
91195.479,16399,60,0,0,0,0,0,8,58174,44,53,0,0,0,0,0,0,0,0,0,0,0,0,0,0,0,0,0,0,0,0,0,0,358,17437,0,0,0,0
91212.034,16555,60,0,0,0,0,0,8,57720,44,53,0,0,0,0,0,0,0,0,0,0,0,0,0,0,0,0,0,0,0,0,0,0,332,16878,0,0,0,0
91228.981,16946,59,0,0,0,0,0,8,58729,44,53,0,0,0,0,0,0,0,0,0,0,0,0,0,0,0,0,0,0,0,0,0,0,345,16389,0,0,0,0
91246.019,17038,58,0,0,0,0,0,8,60305,44,53,0,0,0,0,0,0,0,0,0,0,0,0,0,0,0,0,0,0,0,0,0,0,345,16963,0,0,0,0
91262.138,16118,62,0,0,0,0,0,8,57421,44,53,0,0,0,0,0,0,0,0,0,0,0,0,0,0,0,0,0,0,0,0,0,0,336,16654,0,0,0,0
91278.819,16680,59,0,0,0,0,0,8,57026,44,53,0,0,0,0,0,0,0,0,0,0,0,0,0,0,0,0,0,0,0,0,0,0,340,16522,0,0,0,0
91295.985,17166,58,0,0,0,0,0,8,57015,44,53,0,0,0,0,0,0,0,0,0,0,0,0,0,0,0,0,0,0,0,0,0,0,361,16426,0,0,0,0
91312.461,16475,60,0,0,0,0,0,8,57970,44,53,0,0,0,0,0,0,0,0,0,0,0,0,0,0,0,0,0,0,0,0,0,0,320,17740,0,0,0,0
91328.792,16330,61,0,0,0,0,0,8,56966,44,53,0,0,0,0,0,0,0,0,0,0,0,0,0,0,0,0,0,0,0,0,0,0,320,14698,0,0,0,0
91345.624,16832,59,0,0,0,0,0,8,57504,44,53,0,0,0,0,0,0,0,0,0,0,0,0,0,0,0,0,0,0,0,0,0,0,348,17674,0,0,0,0
91362.466,16842,59,0,0,0,0,0,8,57096,44,53,0,0,0,0,0,0,0,0,0,0,0,0,0,0,0,0,0,0,0,0,0,0,358,17285,0,0,0,0
91379.037,16571,60,0,0,0,0,0,8,56753,44,53,0,0,0,0,0,0,0,0,0,0,0,0,0,0,0,0,0,0,0,0,0,0,330,16248,0,0,0,0
91395.983,16946,59,0,0,0,0,0,8,57184,44,53,0,0,0,0,0,0,0,0,0,0,0,0,0,0,0,0,0,0,0,0,0,0,341,16312,0,0,0,0
91412.016,16032,62,0,0,0,0,0,8,56958,44,53,0,0,0,0,0,0,0,0,0,0,0,0,0,0,0,0,0,0,0,0,0,0,367,17508,0,0,0,0
91428.635,16618,60,0,0,0,0,0,8,56450,44,53,0,0,0,0,0,0,0,0,0,0,0,0,0,0,0,0,0,0,0,0,0,0,321,15786,0,0,0,0
91445.505,16870,59,0,0,0,0,0,8,56356,44,53,0,0,0,0,0,0,0,0,0,0,0,0,0,0,0,0,0,0,0,0,0,0,320,16395,0,0,0,0
91462.146,16640,60,0,0,0,0,0,8,56300,44,53,0,0,0,0,0,0,0,0,0,0,0,0,0,0,0,0,0,0,0,0,0,0,361,17338,0,0,0,0
91479.001,16855,59,0,0,0,0,0,8,56364,44,53,0,0,0,0,0,0,0,0,0,0,0,0,0,0,0,0,0,0,0,0,0,0,326,16415,0,0,0,0
91495.623,16622,60,0,0,0,0,0,8,55883,44,53,0,0,0,0,0,0,0,0,0,0,0,0,0,0,0,0,0,0,0,0,0,0,319,16458,0,0,0,0
91511.685,16061,62,0,0,0,0,0,8,55725,44,53,0,0,0,0,0,0,0,0,0,0,0,0,0,0,0,0,0,0,0,0,0,0,344,16788,0,0,0,0
91529.475,17790,56,0,0,0,0,0,8,55356,44,53,0,0,0,0,0,0,0,0,0,0,0,0,0,0,0,0,0,0,0,0,0,0,359,15985,0,0,0,0
91545.542,16067,62,0,0,0,0,0,8,55651,44,53,0,0,0,0,0,0,0,0,0,0,0,0,0,0,0,0,0,0,0,0,0,0,357,18012,0,0,0,0
91562.113,16570,60,0,0,0,0,0,8,55778,44,53,0,0,0,0,0,0,0,0,0,0,0,0,0,0,0,0,0,0,0,0,0,0,325,16389,0,0,0,0
91579.974,17861,55,0,0,0,0,0,8,55028,44,53,0,0,0,0,0,0,0,0,0,0,0,0,0,0,0,0,0,0,0,0,0,0,338,16235,0,0,0,0
91595.580,15605,64,0,0,0,0,0,8,55258,44,53,0,0,0,0,0,0,0,0,0,0,0,0,0,0,0,0,0,0,0,0,0,0,351,17642,0,0,0,0
91612.174,16593,60,0,0,0,0,0,8,54985,44,53,0,0,0,0,0,0,0,0,0,0,0,0,0,0,0,0,0,0,0,0,0,0,342,15491,0,0,0,0
91629.115,16941,59,0,0,0,0,0,8,54798,44,53,0,0,0,0,0,0,0,0,0,0,0,0,0,0,0,0,0,0,0,0,0,0,351,17054,0,0,0,0
91645.467,16351,61,0,0,0,0,0,8,55349,44,53,0,0,0,0,0,0,0,0,0,0,0,0,0,0,0,0,0,0,0,0,0,0,326,16917,0,0,0,0
91662.457,16990,58,0,0,0,0,0,8,54733,44,53,0,0,0,0,0,0,0,0,0,0,0,0,0,0,0,0,0,0,0,0,0,0,336,15423,0,0,0,0
91678.980,16523,60,0,0,0,0,0,8,54415,44,53,0,0,0,0,0,0,0,0,0,0,0,0,0,0,0,0,0,0,0,0,0,0,333,16781,0,0,0,0
91695.591,16610,60,0,0,0,0,0,8,56424,44,53,0,0,0,0,0,0,0,0,0,0,0,0,0,0,0,0,0,0,0,0,0,0,362,17871,0,0,0,0
91712.235,16644,60,0,0,0,0,0,8,59375,44,53,0,0,0,0,0,0,0,0,0,0,0,0,0,0,0,0,0,0,0,0,0,0,331,16724,0,0,0,0
91728.523,16288,61,0,0,0,0,0,8,57979,44,53,0,0,0,0,0,0,0,0,0,0,0,0,0,0,0,0,0,0,0,0,0,0,322,16588,0,0,0,0
91745.965,17441,57,0,0,0,0,0,8,57689,44,53,0,0,0,0,0,0,0,0,0,0,0,0,0,0,0,0,0,0,0,0,0,0,341,15883,0,0,0,0
91762.276,16311,61,0,0,0,0,0,8,57820,44,53,0,0,0,0,0,0,0,0,0,0,0,0,0,0,0,0,0,0,0,0,0,0,369,18301,0,0,0,0
91779.021,16745,59,0,0,0,0,0,8,57360,44,53,0,0,0,0,0,0,0,0,0,0,0,0,0,0,0,0,0,0,0,0,0,0,350,15989,0,0,0,0
91795.183,16161,61,0,0,0,0,0,8,58091,44,53,0,0,0,0,0,0,0,0,0,0,0,0,0,0,0,0,0,0,0,0,0,0,373,17210,0,0,0,0
91812.466,17283,57,0,0,0,0,0,8,57285,44,53,0,0,0,0,0,0,0,0,0,0,0,0,0,0,0,0,0,0,0,0,0,0,337,16304,0,0,0,0
91829.001,16535,60,0,0,0,0,0,8,56400,44,53,0,0,0,0,0,0,0,0,0,0,0,0,0,0,0,0,0,0,0,0,0,0,343,15528,0,0,0,0
91845.973,16971,58,0,0,0,0,0,8,57300,44,53,0,0,0,0,0,0,0,0,0,0,0,0,0,0,0,0,0,0,0,0,0,0,350,17971,0,0,0,0
91862.464,16490,60,0,0,0,0,0,8,56589,44,53,0,0,0,0,0,0,0,0,0,0,0,0,0,0,0,0,0,0,0,0,0,0,339,16346,0,0,0,0
91878.976,16512,60,0,0,0,0,0,8,56230,44,53,0,0,0,0,0,0,0,0,0,0,0,0,0,0,0,0,0,0,0,0,0,0,330,16831,0,0,0,0
91895.594,16618,60,0,0,0,0,0,8,56665,44,53,0,0,0,0,0,0,0,0,0,0,0,0,0,0,0,0,0,0,0,0,0,0,358,16595,0,0,0,0
91912.229,16635,60,0,0,0,0,0,8,56152,44,53,0,0,0,0,0,0,0,0,0,0,0,0,0,0,0,0,0,0,0,0,0,0,339,16418,0,0,0,0
91929.014,16784,59,0,0,0,0,0,8,55776,44,53,0,0,0,0,0,0,0,0,0,0,0,0,0,0,0,0,0,0,0,0,0,0,379,16494,0,0,0,0
91945.730,16716,59,0,0,0,0,0,8,55994,44,53,0,0,0,0,0,0,0,0,0,0,0,0,0,0,0,0,0,0,0,0,0,0,332,17110,0,0,0,0
91962.451,16721,59,0,0,0,0,0,8,55941,44,53,0,0,0,0,0,0,0,0,0,0,0,0,0,0,0,0,0,0,0,0,0,0,352,16123,0,0,0,0
91979.461,17009,58,0,0,0,0,0,8,56209,44,53,0,0,0,0,0,0,0,0,0,0,0,0,0,0,0,0,0,0,0,0,0,0,327,16018,0,0,0,0
91996.012,16551,60,0,0,0,0,0,8,56588,44,53,0,0,0,0,0,0,0,0,0,0,0,0,0,0,0,0,0,0,0,0,0,0,347,18394,0,0,0,0
92012.036,16023,62,0,0,0,0,0,8,55879,44,53,0,0,0,0,0,0,0,0,0,0,0,0,0,0,0,0,0,0,0,0,0,0,337,15919,0,0,0,0
92028.987,16951,58,0,0,0,1,0,8,56234,44,53,0,0,0,0,0,0,0,0,0,0,0,0,0,0,0,0,0,0,0,0,0,0,323,16693,0,0,0,0
92045.396,16408,60,0,0,0,0,0,8,56573,44,53,0,0,0,0,0,0,0,0,0,0,0,0,0,0,0,0,0,0,0,0,0,0,337,16188,0,0,0,0
92062.965,17568,56,0,0,0,0,0,8,56999,44,53,0,0,0,0,0,0,0,0,0,0,0,0,0,0,0,0,0,0,0,0,0,0,353,16927,0,0,0,0
92078.710,15745,63,0,0,0,0,0,8,56463,44,53,0,0,0,0,0,0,0,0,0,0,0,0,0,0,0,0,0,0,0,0,0,0,366,18103,0,0,0,0
92095.672,16962,58,0,0,0,0,0,8,56319,44,53,0,0,0,0,0,0,0,0,0,0,0,0,0,0,0,0,0,0,0,0,0,0,353,15225,0,0,0,0
92111.998,16325,61,0,0,0,0,0,8,54387,44,53,0,0,0,0,0,0,0,0,0,0,0,0,0,0,0,0,0,0,0,0,0,0,338,16838,0,0,0,0
92128.361,16362,61,0,0,0,0,0,8,54332,44,53,0,0,0,0,0,0,0,0,0,0,0,0,0,0,0,0,0,0,0,0,0,0,359,16132,0,0,0,0
92145.455,17093,58,0,0,0,0,0,8,58085,44,53,0,0,0,0,0,0,0,0,0,0,0,0,0,0,0,0,0,0,0,0,0,0,355,16943,0,0,0,0
92162.466,17010,58,0,0,0,0,0,8,56755,44,53,0,0,0,0,0,0,0,0,0,0,0,0,0,0,0,0,0,0,0,0,0,0,312,16810,0,0,0,0
92178.685,16219,61,0,0,0,0,0,8,56296,44,53,0,0,0,0,0,0,0,0,0,0,0,0,0,0,0,0,0,0,0,0,0,0,345,17222,0,0,0,0
92195.761,17076,58,0,0,0,0,0,8,56235,44,53,0,0,0,0,0,0,0,0,0,0,0,0,0,0,0,0,0,0,0,0,0,0,340,15711,0,0,0,0
92212.462,16701,59,0,0,0,0,0,8,56091,44,53,0,0,0,0,0,0,0,0,0,0,0,0,0,0,0,0,0,0,0,0,0,0,348,17003,0,0,0,0
92228.966,16503,60,0,0,0,0,0,8,56224,44,53,0,0,0,0,0,0,0,0,0,0,0,0,0,0,0,0,0,0,0,0,0,0,309,15698,0,0,0,0
92245.966,17000,58,0,0,0,0,0,8,60670,44,53,0,0,0,0,0,0,0,0,0,0,0,0,0,0,0,0,0,0,0,0,0,0,325,18112,0,0,0,0
92262.074,16107,62,0,0,0,0,0,8,53881,44,53,0,0,0,0,0,0,0,0,0,0,0,0,0,0,0,0,0,0,0,0,0,0,347,16158,0,0,0,0
92279.458,17384,57,0,0,0,0,0,8,53640,44,53,0,0,0,0,0,0,0,0,0,0,0,0,0,0,0,0,0,0,0,0,0,0,357,16460,0,0,0,0
92295.587,16128,62,0,0,0,0,0,8,54279,44,53,0,0,0,0,0,0,0,0,0,0,0,0,0,0,0,0,0,0,0,0,0,0,361,18117,0,0,0,0
92312.307,16720,59,0,0,0,0,0,8,54170,44,53,0,0,0,0,0,0,0,0,0,0,0,0,0,0,0,0,0,0,0,0,0,0,361,15638,0,0,0,0
92328.473,16165,61,0,0,0,0,0,8,53218,44,53,0,0,0,0,0,0,0,0,0,0,0,0,0,0,0,0,0,0,0,0,0,0,322,16206,0,0,0,0
92344.952,16479,60,0,0,0,0,0,8,53469,44,53,0,0,0,0,0,0,0,0,0,0,0,0,0,0,0,0,0,0,0,0,0,0,344,15698,0,0,0,0
92362.452,17500,57,0,0,0,0,0,8,53302,44,53,0,0,0,0,0,0,0,0,0,0,0,0,0,0,0,0,0,0,0,0,0,0,353,17210,0,0,0,0
92379.975,17522,57,0,0,0,0,0,8,53404,44,53,0,0,0,0,0,0,0,0,0,0,0,0,0,0,0,0,0,0,0,0,0,0,394,17364,0,0,0,0
92395.537,15561,64,0,0,0,0,0,8,53932,44,53,0,0,0,0,0,0,0,0,0,0,0,0,0,0,0,0,0,0,0,0,0,0,352,17881,0,0,0,0
92412.026,16489,60,0,0,0,0,0,8,51271,44,53,0,0,0,0,0,0,0,0,0,0,0,0,0,0,0,0,0,0,0,0,0,0,364,14806,0,0,0,0
92428.990,16964,58,0,0,0,0,0,8,54097,44,53,0,0,0,0,0,0,0,0,0,0,0,0,0,0,0,0,0,0,0,0,0,0,305,16818,0,0,0,0
92445.604,16614,60,0,0,0,0,0,8,54645,44,53,0,0,0,0,0,0,0,0,0,0,0,0,0,0,0,0,0,0,0,0,0,0,357,17577,0,0,0,0
92461.560,15956,62,0,0,0,0,0,8,54297,44,53,0,0,0,0,0,0,0,0,0,0,0,0,0,0,0,0,0,0,0,0,0,0,334,16483,0,0,0,0
92478.879,17319,57,0,0,0,0,0,8,54706,44,53,0,0,0,0,0,0,0,0,0,0,0,0,0,0,0,0,0,0,0,0,0,0,349,15408,0,0,0,0
92495.967,17088,58,0,0,0,0,0,8,58846,44,53,0,0,0,0,0,0,0,0,0,0,0,0,0,0,0,0,0,0,0,0,0,0,357,17745,0,0,0,0
92512.241,16273,61,0,0,0,0,0,8,58396,44,53,0,0,0,0,0,0,0,0,0,0,0,0,0,0,0,0,0,0,0,0,0,0,331,16792,0,0,0,0
92528.955,16714,59,0,0,0,0,0,8,57574,44,53,0,0,0,0,0,0,0,0,0,0,0,0,0,0,0,0,0,0,0,0,0,0,327,16515,0,0,0,0
92545.586,16631,60,0,0,0,0,0,8,58537,44,53,0,0,0,0,0,0,0,0,0,0,0,0,0,0,0,0,0,0,0,0,0,0,353,16488,0,0,0,0
92562.371,16785,59,0,0,0,0,0,8,60241,44,53,0,0,0,0,0,0,0,0,0,0,0,0,0,0,0,0,0,0,0,0,0,0,325,17089,0,0,0,0
92578.813,16441,60,0,0,0,0,0,8,59761,44,53,0,0,0,0,0,0,0,0,0,0,0,0,0,0,0,0,0,0,0,0,0,0,364,16377,0,0,0,0
92595.960,17146,58,0,0,0,0,0,8,59920,44,53,0,0,0,0,0,0,0,0,0,0,0,0,0,0,0,0,0,0,0,0,0,0,343,16520,0,0,0,0
92612.447,16487,60,0,0,0,0,0,8,59908,44,53,0,0,0,0,0,0,0,0,0,0,0,0,0,0,0,0,0,0,0,0,0,0,365,17662,0,0,0,0
92628.968,16520,60,0,0,0,0,0,8,59717,44,53,0,0,0,0,0,0,0,0,0,0,0,0,0,0,0,0,0,0,0,0,0,0,345,14976,0,0,0,0
92645.969,17000,58,0,0,0,0,0,8,60788,44,53,0,0,0,0,0,0,0,0,0,0,0,0,0,0,0,0,0,0,0,0,0,0,352,18096,0,0,0,0
92662.478,16509,60,0,0,0,0,0,8,59437,44,53,0,0,0,0,0,0,0,0,0,0,0,0,0,0,0,0,0,0,0,0,0,0,365,16975,0,0,0,0
92679.108,16630,60,0,0,0,0,0,8,59354,44,53,0,0,0,0,0,0,0,0,0,0,0,0,0,0,0,0,0,0,0,0,0,0,347,15923,0,0,0,0
92695.825,16717,59,0,0,0,0,0,8,59310,44,53,0,0,0,0,0,0,0,0,0,0,0,0,0,0,0,0,0,0,0,0,0,0,369,16307,0,0,0,0
92712.242,16416,60,0,0,0,0,0,8,60005,44,53,0,0,0,0,0,0,0,0,0,0,0,0,0,0,0,0,0,0,0,0,0,0,358,17569,0,0,0,0
92729.452,17210,58,0,0,0,0,0,8,59780,44,53,0,0,0,0,0,0,0,0,0,0,0,0,0,0,0,0,0,0,0,0,0,0,341,16308,0,0,0,0
92746.464,17001,58,0,0,0,0,0,8,59956,44,53,0,0,0,0,0,0,0,0,0,0,0,0,0,0,0,0,0,0,0,0,0,0,331,17199,0,0,0,0
92762.444,15990,62,0,0,0,0,0,8,60092,44,53,0,0,0,0,0,0,0,0,0,0,0,0,0,0,0,0,0,0,0,0,0,0,348,17108,0,0,0,0
92779.106,16662,60,0,0,0,0,0,8,59977,44,53,0,0,0,0,0,0,0,0,0,0,0,0,0,0,0,0,0,0,0,0,0,0,325,14434,0,0,0,0
92795.579,16472,60,0,0,0,0,0,8,60797,44,53,0,0,0,0,0,0,0,0,0,0,0,0,0,0,0,0,0,0,0,0,0,0,341,17656,0,0,0,0
92812.442,16862,59,0,0,0,0,0,8,61290,44,53,0,0,0,0,0,0,0,0,0,0,0,0,0,0,0,0,0,0,0,0,0,0,349,16827,0,0,0,0
92829.457,17015,58,0,0,0,0,0,8,68456,44,53,0,0,0,0,0,0,0,0,0,0,0,0,0,0,0,0,0,0,0,0,0,0,320,17610,0,0,0,0
92845.442,15984,62,0,0,0,0,0,8,66159,44,53,0,0,0,0,0,0,0,0,0,0,0,0,0,0,0,0,0,0,0,0,0,0,333,15693,0,0,0,0
92862.107,16665,60,0,0,0,0,0,8,65843,44,53,0,0,0,0,0,0,0,0,0,0,0,0,0,0,0,0,0,0,0,0,0,0,335,17400,0,0,0,0
92878.973,16865,59,0,0,0,0,0,8,64694,44,53,0,0,0,0,0,0,0,0,0,0,0,0,0,0,0,0,0,0,0,0,0,0,346,16739,0,0,0,0
92895.586,16612,60,0,0,0,0,0,8,66203,44,53,0,0,0,0,0,0,0,0,0,0,0,0,0,0,0,0,0,0,0,0,0,0,364,16618,0,0,0,0
92912.238,16652,60,0,0,0,0,0,8,66354,44,53,0,0,0,0,0,0,0,0,0,0,0,0,0,0,0,0,0,0,0,0,0,0,338,16846,0,0,0,0
92929.146,16907,59,0,0,0,0,0,8,66140,44,53,0,0,0,0,0,0,0,0,0,0,0,0,0,0,0,0,0,0,0,0,0,0,330,16183,0,0,0,0
92945.786,16640,60,0,0,0,0,0,8,71205,44,53,0,0,0,0,0,0,0,0,0,0,0,0,0,0,0,0,0,0,0,0,0,0,338,16967,0,0,0,0
92962.453,16656,60,0,0,0,0,0,8,69826,44,53,0,0,0,0,0,0,0,0,0,0,0,0,0,0,0,0,0,0,0,0,0,0,347,16330,0,0,0,0
92979.030,16587,60,0,0,0,0,0,8,77775,44,53,0,0,0,0,0,0,0,0,0,0,0,0,0,0,0,0,0,0,0,0,0,0,334,17483,0,0,0,0
92995.583,16552,60,0,0,0,0,0,8,77962,44,53,0,0,0,0,0,0,0,0,0,0,0,0,0,0,0,0,0,0,0,0,0,0,298,15761,0,0,0,0
93011.967,16383,61,0,0,0,0,0,8,75904,44,53,0,0,0,0,0,0,0,0,0,0,0,0,0,0,0,0,0,0,0,0,0,0,309,16407,0,0,0,0
93028.885,16918,59,0,0,0,0,0,8,75863,44,53,0,0,0,0,0,0,0,0,0,0,0,0,0,0,0,0,0,0,0,0,0,0,311,17386,0,0,0,0
93044.994,16109,62,0,0,0,0,0,8,78849,44,53,0,0,0,0,0,0,0,0,0,0,0,0,0,0,0,0,0,0,0,0,0,0,312,16735,0,0,0,0
93062.449,17454,57,0,0,0,0,0,8,73630,44,53,0,0,0,0,0,0,0,0,0,0,0,0,0,0,0,0,0,0,0,0,0,0,324,15835,0,0,0,0
93079.462,17013,58,0,0,0,0,0,8,74134,44,53,0,0,0,0,0,0,0,0,0,0,0,0,0,0,0,0,0,0,0,0,0,0,332,17513,0,0,0,0
93095.589,16126,62,0,0,0,0,0,8,74057,44,53,0,0,0,0,0,0,0,0,0,0,0,0,0,0,0,0,0,0,0,0,0,0,332,16955,0,0,0,0
93112.577,16988,58,0,0,0,0,0,8,77507,44,53,0,0,0,0,0,0,0,0,0,0,0,0,0,0,0,0,0,0,0,0,0,0,315,15910,0,0,0,0
93129.024,16446,60,0,0,0,0,0,8,76968,44,53,0,0,0,0,0,0,0,0,0,0,0,0,0,0,0,0,0,0,0,0,0,0,309,17893,0,0,0,0
93145.584,16559,60,0,0,0,0,0,8,78934,44,53,0,0,0,0,0,0,0,0,0,0,0,0,0,0,0,0,0,0,0,0,0,0,278,15546,0,0,0,0
93162.470,16886,59,0,0,0,0,0,8,78491,44,53,0,0,0,0,0,0,0,0,0,0,0,0,0,0,0,0,0,0,0,0,0,0,281,17316,0,0,0,0
93178.711,16241,61,0,0,0,0,0,8,78400,44,53,0,0,0,0,0,0,0,0,0,0,0,0,0,0,0,0,0,0,0,0,0,0,316,16466,0,0,0,0
93194.976,16265,61,0,0,0,0,0,8,79280,44,53,0,0,0,0,0,0,0,0,0,0,0,0,0,0,0,0,0,0,0,0,0,0,316,16648,0,0,0,0
93212.036,17059,58,0,0,0,0,0,8,77082,44,53,0,0,0,0,0,0,0,0,0,0,0,0,0,0,0,0,0,0,0,0,0,0,346,15809,0,0,0,0
93229.063,17027,58,0,0,0,0,0,8,78584,44,53,0,0,0,0,0,0,0,0,0,0,0,0,0,0,0,0,0,0,0,0,0,0,343,17726,0,0,0,0
93245.536,16472,60,0,0,0,0,0,8,76921,44,53,0,0,0,0,0,0,0,0,0,0,0,0,0,0,0,0,0,0,0,0,0,0,316,16378,0,0,0,0
93261.583,16047,62,0,0,0,0,0,8,74798,44,53,0,0,0,0,0,0,0,0,0,0,0,0,0,0,0,0,0,0,0,0,0,0,344,16551,0,0,0,0
93278.833,17249,57,0,0,0,0,0,8,74773,44,53,0,0,0,0,0,0,0,0,0,0,0,0,0,0,0,0,0,0,0,0,0,0,354,15549,0,0,0,0
93295.616,16783,59,0,0,0,0,0,8,75315,44,53,0,0,0,0,0,0,0,0,0,0,0,0,0,0,0,0,0,0,0,0,0,0,312,17215,0,0,0,0
93312.072,16455,60,0,0,0,0,0,8,76939,44,53,0,0,0,0,0,0,0,0,0,0,0,0,0,0,0,0,0,0,0,0,0,0,333,17262,0,0,0,0
93329.128,17056,58,0,0,0,0,0,8,75533,44,53,0,0,0,0,0,0,0,0,0,0,0,0,0,0,0,0,0,0,0,0,0,0,329,16186,0,0,0,0
93344.993,15864,63,0,0,0,0,0,8,75979,44,53,0,0,0,0,0,0,0,0,0,0,0,0,0,0,0,0,0,0,0,0,0,0,321,16894,0,0,0,0
93362.457,17464,57,0,0,0,0,0,8,77045,44,53,0,0,0,0,0,0,0,0,0,0,0,0,0,0,0,0,0,0,0,0,0,0,325,16064,0,0,0,0
93379.450,16992,58,0,0,0,0,0,8,75562,44,53,0,0,0,0,0,0,0,0,0,0,0,0,0,0,0,0,0,0,0,0,0,0,343,18214,0,0,0,0
93395.955,16505,60,0,0,0,0,0,8,75375,44,53,0,0,0,0,0,0,0,0,0,0,0,0,0,0,0,0,0,0,0,0,0,0,317,17061,0,0,0,0
93412.442,16487,60,0,0,0,0,0,8,75923,44,53,0,0,0,0,0,0,0,0,0,0,0,0,0,0,0,0,0,0,0,0,0,0,336,15754,0,0,0,0
93429.959,17516,57,0,0,0,0,0,8,77877,44,53,0,0,0,0,0,0,0,0,0,0,0,0,0,0,0,0,0,0,0,0,0,0,307,15269,0,0,0,0
93445.470,15510,64,0,0,0,0,0,8,76675,44,53,0,0,0,0,0,0,0,0,0,0,0,0,0,0,0,0,0,0,0,0,0,0,369,19024,0,0,0,0
93462.145,16675,59,0,0,0,0,0,8,76179,44,53,0,0,0,0,0,0,0,0,0,0,0,0,0,0,0,0,0,0,0,0,0,0,357,15312,0,0,0,0
93479.443,17297,57,0,0,0,0,0,8,75059,44,53,0,0,0,0,0,0,0,0,0,0,0,0,0,0,0,0,0,0,0,0,0,0,329,16157,0,0,0,0
93495.574,16131,61,0,0,0,0,0,8,75922,44,53,0,0,0,0,0,0,0,0,0,0,0,0,0,0,0,0,0,0,0,0,0,0,356,18400,0,0,0,0
93512.575,17001,58,0,0,0,0,0,8,76191,44,53,0,0,0,0,0,0,0,0,0,0,0,0,0,0,0,0,0,0,0,0,0,0,310,15341,0,0,0,0
93529.955,17380,57,0,0,0,0,0,8,75269,44,53,0,0,0,0,0,0,0,0,0,0,0,0,0,0,0,0,0,0,0,0,0,0,345,17268,0,0,0,0
93545.585,15628,63,0,0,0,0,0,8,77146,44,53,0,0,0,0,0,0,0,0,0,0,0,0,0,0,0,0,0,0,0,0,0,0,339,18023,0,0,0,0
93562.957,17372,57,0,0,0,0,0,8,76415,44,53,0,0,0,0,0,0,0,0,0,0,0,0,0,0,0,0,0,0,0,0,0,0,336,15039,0,0,0,0
93579.449,16491,60,0,0,0,0,0,8,72624,44,53,0,0,0,0,0,0,0,0,0,0,0,0,0,0,0,0,0,0,0,0,0,0,360,17287,0,0,0,0
93595.726,16277,61,0,0,0,0,0,8,78695,44,53,0,0,0,0,0,0,0,0,0,0,0,0,0,0,0,0,0,0,0,0,0,0,300,17274,0,0,0,0
93612.085,16359,61,0,0,0,0,0,8,75285,44,53,0,0,0,0,0,0,0,0,0,0,0,0,0,0,0,0,0,0,0,0,0,0,331,15400,0,0,0,0
93629.446,17360,57,0,0,0,0,0,8,74958,44,53,0,0,0,0,0,0,0,0,0,0,0,0,0,0,0,0,0,0,0,0,0,0,327,17185,0,0,0,0
93645.338,15892,62,0,0,0,0,0,8,77474,44,53,0,0,0,0,0,0,0,0,0,0,0,0,0,0,0,0,0,0,0,0,0,0,316,15814,0,0,0,0
93662.463,17124,58,0,0,0,0,0,8,73638,44,53,0,0,0,0,0,0,0,0,0,0,0,0,0,0,0,0,0,0,0,0,0,0,319,16623,0,0,0,0
93678.870,16407,60,0,0,0,0,0,8,73638,44,53,0,0,0,0,0,0,0,0,0,0,0,0,0,0,0,0,0,0,0,0,0,0,342,16057,0,0,0,0
93695.581,16710,59,0,0,0,0,0,8,73296,44,53,0,0,0,0,0,0,0,0,0,0,0,0,0,0,0,0,0,0,0,0,0,0,312,17333,0,0,0,0
93711.951,16370,61,0,0,0,0,0,8,73432,44,53,0,0,0,0,0,0,0,0,0,0,0,0,0,0,0,0,0,0,0,0,0,0,323,17332,0,0,0,0
93728.888,16936,59,0,0,0,0,0,8,79027,44,53,0,0,0,0,0,0,0,0,0,0,0,0,0,0,0,0,0,0,0,0,0,0,299,15971,0,0,0,0
93745.484,16596,60,0,0,0,0,0,8,73131,44,53,0,0,0,0,0,0,0,0,0,0,0,0,0,0,0,0,0,0,0,0,0,0,327,16205,0,0,0,0
93762.395,16910,59,0,0,0,0,0,8,72725,44,53,0,0,0,0,0,0,0,0,0,0,0,0,0,0,0,0,0,0,0,0,0,0,335,16885,0,0,0,0
93778.630,16235,61,0,0,0,0,0,8,72100,44,53,0,0,0,0,0,0,0,0,0,0,0,0,0,0,0,0,0,0,0,0,0,0,362,17120,0,0,0,0
93795.576,16945,59,0,0,0,0,0,8,75234,44,53,0,0,0,0,0,0,0,0,0,0,0,0,0,0,0,0,0,0,0,0,0,0,341,16451,0,0,0,0
93811.691,16114,62,0,0,0,0,0,8,72435,44,53,0,0,0,0,0,0,0,0,0,0,0,0,0,0,0,0,0,0,0,0,0,0,352,16670,0,0,0,0
93828.836,17145,58,0,0,0,0,0,8,77871,44,53,0,0,0,0,0,0,0,0,0,0,0,0,0,0,0,0,0,0,0,0,0,0,321,16438,0,0,0,0
93845.688,16852,59,0,0,0,0,0,8,72044,44,53,0,0,0,0,0,0,0,0,0,0,0,0,0,0,0,0,0,0,0,0,0,0,325,16818,0,0,0,0
93862.204,16515,60,0,0,0,0,0,8,79906,44,53,0,0,0,0,0,0,0,0,0,0,0,0,0,0,0,0,0,0,0,0,0,0,364,17052,0,0,0,0
93878.822,16618,60,0,0,0,0,0,8,78692,44,53,0,0,0,0,0,0,0,0,0,0,0,0,0,0,0,0,0,0,0,0,0,0,318,16992,0,0,0,0
93895.965,17142,58,0,0,0,0,0,8,78396,44,53,0,0,0,0,0,0,0,0,0,0,0,0,0,0,0,0,0,0,0,0,0,0,309,16421,0,0,0,0
93912.242,16277,61,0,0,0,0,0,8,77706,44,53,0,0,0,0,0,0,0,0,0,0,0,0,0,0,0,0,0,0,0,0,0,0,326,17372,0,0,0,0
93928.954,16711,59,0,0,0,0,0,8,79163,44,53,0,0,0,0,0,0,0,0,0,0,0,0,0,0,0,0,0,0,0,0,0,0,321,15908,0,0,0,0
93946.441,17487,57,0,0,0,0,0,8,78320,44,53,0,0,0,0,0,0,0,0,0,0,0,0,0,0,0,0,0,0,0,0,0,0,288,16908,0,0,0,0
93962.570,16129,61,0,0,0,0,0,8,79385,44,53,0,0,0,0,0,0,0,0,0,0,0,0,0,0,0,0,0,0,0,0,0,0,319,17751,0,0,0,0
93979.098,16526,60,0,0,0,0,0,8,79296,44,53,0,0,0,0,0,0,0,0,0,0,0,0,0,0,0,0,0,0,0,0,0,0,311,15926,0,0,0,0
93995.457,16359,61,0,0,0,0,0,8,79440,44,53,0,0,0,0,0,0,0,0,0,0,0,0,0,0,0,0,0,0,0,0,0,0,315,16820,0,0,0,0
94012.196,16738,59,0,0,0,0,0,8,78597,44,53,0,0,0,0,0,0,0,0,0,0,0,0,0,0,0,0,0,0,0,0,0,0,323,16362,0,0,0,0
94029.444,17248,57,0,0,0,0,0,8,75871,44,53,0,0,0,0,0,0,0,0,0,0,0,0,0,0,0,0,0,0,0,0,0,0,314,15939,0,0,0,0
94045.536,16092,62,0,0,0,0,0,8,72990,44,53,0,0,0,0,0,0,0,0,0,0,0,0,0,0,0,0,0,0,0,0,0,0,342,17665,0,0,0,0
94062.962,17425,57,0,0,0,0,0,8,72052,44,53,0,0,0,0,0,0,0,0,0,0,0,0,0,0,0,0,0,0,0,0,0,0,331,16068,0,0,0,0
94079.023,16061,62,0,0,0,0,0,8,70956,44,53,0,0,0,0,0,0,0,0,0,0,0,0,0,0,0,0,0,0,0,0,0,0,328,17394,0,0,0,0
94095.119,16095,62,0,0,0,0,0,8,73884,44,53,0,0,0,0,0,0,0,0,0,0,0,0,0,0,0,0,0,0,0,0,0,0,318,16307,0,0,0,0
94112.439,17320,57,0,0,0,0,0,8,69503,44,53,0,0,0,0,0,0,0,0,0,0,0,0,0,0,0,0,0,0,0,0,0,0,315,15080,0,0,0,0
94128.962,16522,60,0,0,0,0,0,8,70122,44,53,0,0,0,0,0,0,0,0,0,0,0,0,0,0,0,0,0,0,0,0,0,0,329,18034,0,0,0,0
94145.571,16609,60,0,0,0,0,0,8,69361,44,53,0,0,0,0,0,0,0,0,0,0,0,0,0,0,0,0,0,0,0,0,0,0,321,15754,0,0,0,0
94162.087,16516,60,0,0,0,0,0,8,68531,44,53,0,0,0,0,0,0,0,0,0,0,0,0,0,0,0,0,0,0,0,0,0,0,343,17051,0,0,0,0
94178.964,16876,59,0,0,0,0,0,8,68503,44,53,0,0,0,0,0,0,0,0,0,0,0,0,0,0,0,0,0,0,0,0,0,0,340,15937,0,0,0,0
94195.958,16993,58,0,0,0,0,0,8,69258,44,53,0,0,0,0,0,0,0,0,0,0,0,0,0,0,0,0,0,0,0,0,0,0,342,17061,0,0,0,0
94212.441,16483,60,0,0,0,0,0,8,70044,44,53,0,0,0,0,0,0,0,0,0,0,0,0,0,0,0,0,0,0,0,0,0,0,342,16995,0,0,0,0
94229.098,16657,60,0,0,0,0,0,8,68988,44,53,0,0,0,0,0,0,0,0,0,0,0,0,0,0,0,0,0,0,0,0,0,0,338,15882,0,0,0,0
94245.979,16880,59,0,0,0,0,0,8,68623,44,53,0,0,0,0,0,0,0,0,0,0,0,0,0,0,0,0,0,0,0,0,0,0,359,17293,0,0,0,0
94262.437,16457,60,0,0,0,0,0,8,68465,44,53,0,0,0,0,0,0,0,0,0,0,0,0,0,0,0,0,0,0,0,0,0,0,365,16853,0,0,0,0
94278.855,16418,60,0,0,0,0,0,8,68188,44,53,0,0,0,0,0,0,0,0,0,0,0,0,0,0,0,0,0,0,0,0,0,0,331,15791,0,0,0,0
94295.442,16587,60,0,0,0,0,0,8,68840,44,53,0,0,0,0,0,0,0,0,0,0,0,0,0,0,0,0,0,0,0,0,0,0,316,17199,0,0,0,0
94311.707,16265,61,0,0,0,0,0,8,69963,44,53,0,0,0,0,0,0,0,0,0,0,0,0,0,0,0,0,0,0,0,0,0,0,323,16559,0,0,0,0
94329.036,17328,57,0,0,0,0,0,8,67458,44,53,0,0,0,0,0,0,0,0,0,0,0,0,0,0,0,0,0,0,0,0,0,0,353,16404,0,0,0,0
94345.574,16538,60,0,0,0,0,0,8,72108,44,53,0,0,0,0,0,0,0,0,0,0,0,0,0,0,0,0,0,0,0,0,0,0,338,18133,0,0,0,0
94362.434,16859,59,0,0,0,0,0,8,70519,44,53,0,0,0,0,0,0,0,0,0,0,0,0,0,0,0,0,0,0,0,0,0,0,329,16947,0,0,0,0
94378.813,16379,61,0,0,0,0,0,8,68306,44,53,0,0,0,0,0,0,0,0,0,0,0,0,0,0,0,0,0,0,0,0,0,0,366,15767,0,0,0,0
94395.787,16974,58,0,0,0,0,0,8,72104,44,53,0,0,0,0,0,0,0,0,0,0,0,0,0,0,0,0,0,0,0,0,0,0,329,16724,0,0,0,0
94412.441,16643,60,0,0,0,0,0,8,71266,44,53,0,0,0,0,0,0,0,0,0,0,0,0,0,0,0,0,0,0,0,0,0,0,348,18043,0,0,0,0
94428.822,16391,61,0,0,0,0,0,8,70069,44,53,0,0,0,0,0,0,0,0,0,0,0,0,0,0,0,0,0,0,0,0,0,0,338,15534,0,0,0,0
94445.756,16933,59,0,0,0,0,0,8,70164,44,53,0,0,0,0,0,0,0,0,0,0,0,0,0,0,0,0,0,0,0,0,0,0,340,16348,0,0,0,0
94462.114,16358,61,0,0,0,0,0,8,70788,44,53,0,0,0,0,0,0,0,0,0,0,0,0,0,0,0,0,0,0,0,0,0,0,353,17149,0,0,0,0
94480.440,18325,54,0,0,0,0,0,8,69673,44,53,0,0,0,0,0,0,0,0,0,0,0,0,0,0,0,0,0,0,0,0,0,0,338,15761,0,0,0,0
94495.566,15126,66,0,0,0,0,0,8,70430,44,53,0,0,0,0,0,0,0,0,0,0,0,0,0,0,0,0,0,0,0,0,0,0,348,18508,0,0,0,0
94512.552,16986,58,0,0,0,0,0,8,71881,44,53,0,0,0,0,0,0,0,0,0,0,0,0,0,0,0,0,0,0,0,0,0,0,314,15697,0,0,0,0
94529.434,16882,59,0,0,0,0,0,8,69240,44,53,0,0,0,0,0,0,0,0,0,0,0,0,0,0,0,0,0,0,0,0,0,0,346,16021,0,0,0,0
94545.297,15863,63,0,0,0,0,0,8,70303,44,53,0,0,0,0,0,0,0,0,0,0,0,0,0,0,0,0,0,0,0,0,0,0,334,18313,0,0,0,0
94562.424,17126,58,0,0,0,0,0,8,69937,44,53,0,0,0,0,0,0,0,0,0,0,0,0,0,0,0,0,0,0,0,0,0,0,324,14708,0,0,0,0
94579.072,16647,60,0,0,0,0,0,8,68288,44,53,0,0,0,0,0,0,0,0,0,0,0,0,0,0,0,0,0,0,0,0,0,0,347,17142,0,0,0,0
94595.572,16500,60,0,0,0,0,0,8,67603,44,53,0,0,0,0,0,0,0,0,0,0,0,0,0,0,0,0,0,0,0,0,0,0,344,16883,0,0,0,0
94612.193,16621,60,0,0,0,0,0,8,67703,44,53,0,0,0,0,0,0,0,0,0,0,0,0,0,0,0,0,0,0,0,0,0,0,354,16211,0,0,0,0
94629.099,16905,59,0,0,0,0,0,8,67079,44,53,0,0,0,0,0,0,0,0,0,0,0,0,0,0,0,0,0,0,0,0,0,0,340,16742,0,0,0,0
94645.569,16470,60,0,0,0,0,0,8,66022,44,53,0,0,0,0,0,0,0,0,0,0,0,0,0,0,0,0,0,0,0,0,0,0,334,16717,0,0,0,0
94662.213,16643,60,0,0,0,0,0,8,66670,44,53,0,0,0,0,0,0,0,0,0,0,0,0,0,0,0,0,0,0,0,0,0,0,311,16619,0,0,0,0
94679.025,16812,59,0,0,0,0,0,8,65627,44,53,0,0,0,0,0,0,0,0,0,0,0,0,0,0,0,0,0,0,0,0,0,0,354,16239,0,0,0,0
94695.306,16280,61,0,0,0,0,0,8,66919,44,53,0,0,0,0,0,0,0,0,0,0,0,0,0,0,0,0,0,0,0,0,0,0,325,16660,0,0,0,0
94711.999,16692,59,0,0,0,0,0,8,66092,44,53,0,0,0,0,0,0,0,0,0,0,0,0,0,0,0,0,0,0,0,0,0,0,357,16472,0,0,0,0
94728.960,16961,58,0,0,0,0,0,8,65489,44,53,0,0,0,0,0,0,0,0,0,0,0,0,0,0,0,0,0,0,0,0,0,0,328,16821,0,0,0,0
94745.666,16706,59,0,0,0,0,0,8,65813,44,53,0,0,0,0,0,0,0,0,0,0,0,0,0,0,0,0,0,0,0,0,0,0,306,16438,0,0,0,0
94762.426,16760,59,0,0,0,0,0,8,65265,44,53,0,0,0,0,0,0,0,0,0,0,0,0,0,0,0,0,0,0,0,0,0,0,349,16608,0,0,0,0
94778.697,16270,61,0,0,0,0,0,8,64367,44,53,0,0,0,0,0,0,0,0,0,0,0,0,0,0,0,0,0,0,0,0,0,0,341,16357,0,0,0,0
94795.773,17076,58,0,0,0,0,0,8,65166,44,53,0,0,0,0,0,0,0,0,0,0,0,0,0,0,0,0,0,0,0,0,0,0,327,17340,0,0,0,0
94812.437,16652,60,0,0,0,0,0,8,64016,44,53,0,0,0,0,0,0,0,0,0,0,0,0,0,0,0,0,0,0,0,0,0,0,375,16509,0,0,0,0
94828.887,16460,60,0,0,0,0,0,8,64143,44,53,0,0,0,0,0,0,0,0,0,0,0,0,0,0,0,0,0,0,0,0,0,0,361,17640,0,0,0,0
94845.945,17058,58,0,0,0,0,0,8,64358,44,53,0,0,0,0,0,0,0,0,0,0,0,0,0,0,0,0,0,0,0,0,0,0,333,15290,0,0,0,0
94862.473,16528,60,0,0,0,0,0,8,64147,44,53,0,0,0,0,0,0,0,0,0,0,0,0,0,0,0,0,0,0,0,0,0,0,338,17892,0,0,0,0
94879.435,16961,58,0,0,0,0,0,8,64035,44,53,0,0,0,0,0,0,0,0,0,0,0,0,0,0,0,0,0,0,0,0,0,0,319,15848,0,0,0,0
94895.949,16514,60,0,0,0,0,0,8,64232,44,53,0,0,0,0,0,0,0,0,0,0,0,0,0,0,0,0,0,0,0,0,0,0,374,17810,0,0,0,0
94912.435,16485,60,0,0,0,0,0,8,63689,44,53,0,0,0,0,0,0,0,0,0,0,0,0,0,0,0,0,0,0,0,0,0,0,336,15617,0,0,0,0
94929.225,16789,59,0,0,0,0,0,8,63868,44,53,0,0,0,0,0,0,0,0,0,0,0,0,0,0,0,0,0,0,0,0,0,0,311,15702,0,0,0,0
94945.614,16389,61,0,0,0,0,0,8,63792,44,53,0,0,0,0,0,0,0,0,0,0,0,0,0,0,0,0,0,0,0,0,0,0,339,18335,0,0,0,0
94962.428,16813,59,0,0,0,0,0,8,60189,44,53,0,0,0,0,0,0,0,0,0,0,0,0,0,0,0,0,0,0,0,0,0,0,330,16245,0,0,0,0
94979.044,16616,60,0,0,0,0,0,8,59772,44,53,0,0,0,0,0,0,0,0,0,0,0,0,0,0,0,0,0,0,0,0,0,0,343,15208,0,0,0,0
94995.565,16521,60,0,0,0,0,0,8,61171,44,53,0,0,0,0,0,0,0,0,0,0,0,0,0,0,0,0,0,0,0,0,0,0,347,18125,0,0,0,0
95012.366,16800,59,0,0,0,0,0,8,59364,44,53,0,0,0,0,0,0,0,0,0,0,0,0,0,0,0,0,0,0,0,0,0,0,367,16309,0,0,0,0
95029.428,17061,58,0,0,0,0,0,8,59749,44,53,0,0,0,0,0,0,0,0,0,0,0,0,0,0,0,0,0,0,0,0,0,0,347,16494,0,0,0,0
95045.432,16003,62,0,0,0,0,0,8,60279,44,53,0,0,0,0,0,0,0,0,0,0,0,0,0,0,0,0,0,0,0,0,0,0,328,17394,0,0,0,0
95062.387,16954,58,0,0,0,0,0,8,59266,44,53,0,0,0,0,0,0,0,0,0,0,0,0,0,0,0,0,0,0,0,0,0,0,338,15958,0,0,0,0
95078.997,16610,60,0,0,0,0,0,8,59137,44,53,0,0,0,0,0,0,0,0,0,0,0,0,0,0,0,0,0,0,0,0,0,0,352,16522,0,0,0,0
95095.454,16456,60,0,0,0,0,0,8,61091,44,53,0,0,0,0,0,0,0,0,0,0,0,0,0,0,0,0,0,0,0,0,0,0,372,17313,0,0,0,0
95112.003,16548,60,0,0,0,0,0,8,59792,44,53,0,0,0,0,0,0,0,0,0,0,0,0,0,0,0,0,0,0,0,0,0,0,337,16498,0,0,0,0
95128.618,16615,60,0,0,0,0,0,8,58753,44,53,0,0,0,0,0,0,0,0,0,0,0,0,0,0,0,0,0,0,0,0,0,0,314,16461,0,0,0,0
95145.590,16971,58,0,0,0,0,0,8,58247,44,53,0,0,0,0,0,0,0,0,0,0,0,0,0,0,0,0,0,0,0,0,0,0,334,16093,0,0,0,0
95162.072,16481,60,0,0,0,0,0,8,57768,44,53,0,0,0,0,0,0,0,0,0,0,0,0,0,0,0,0,0,0,0,0,0,0,331,17011,0,0,0,0
95179.088,17016,58,0,0,0,0,0,8,57282,44,53,0,0,0,0,0,0,0,0,0,0,0,0,0,0,0,0,0,0,0,0,0,0,328,16909,0,0,0,0
95195.652,16563,60,0,0,0,0,0,8,57836,44,53,0,0,0,0,0,0,0,0,0,0,0,0,0,0,0,0,0,0,0,0,0,0,336,16551,0,0,0,0
95211.978,16325,61,0,0,0,0,0,8,58310,44,53,0,0,0,0,0,0,0,0,0,0,0,0,0,0,0,0,0,0,0,0,0,0,379,17144,0,0,0,0
95229.133,17155,58,0,0,0,0,0,8,56982,44,53,0,0,0,0,0,0,0,0,0,0,0,0,0,0,0,0,0,0,0,0,0,0,328,16166,0,0,0,0
95245.561,16428,60,0,0,0,0,0,8,56534,44,53,0,0,0,0,0,0,0,0,0,0,0,0,0,0,0,0,0,0,0,0,0,0,339,16705,0,0,0,0
95262.423,16861,59,0,0,0,0,0,8,56658,44,53,0,0,0,0,0,0,0,0,0,0,0,0,0,0,0,0,0,0,0,0,0,0,336,16947,0,0,0,0
95279.255,16832,59,0,0,0,0,0,8,56257,44,53,0,0,0,0,0,0,0,0,0,0,0,0,0,0,0,0,0,0,0,0,0,0,355,16881,0,0,0,0
95294.968,15713,63,0,0,0,0,0,8,56657,44,53,0,0,0,0,0,0,0,0,0,0,0,0,0,0,0,0,0,0,0,0,0,0,347,16339,0,0,0,0
95312.423,17455,57,0,0,0,0,0,8,56224,44,53,0,0,0,0,0,0,0,0,0,0,0,0,0,0,0,0,0,0,0,0,0,0,324,16045,0,0,0,0
95328.649,16225,61,0,0,0,0,0,8,55958,44,53,0,0,0,0,0,0,0,0,0,0,0,0,0,0,0,0,0,0,0,0,0,0,317,16500,0,0,0,0
95345.381,16732,59,0,0,0,0,0,8,56484,44,53,0,0,0,0,0,0,0,0,0,0,0,0,0,0,0,0,0,0,0,0,0,0,332,17583,0,0,0,0
95362.425,17043,58,0,0,0,0,0,8,56341,44,53,0,0,0,0,0,0,0,0,0,0,0,0,0,0,0,0,0,0,0,0,0,0,329,15950,0,0,0,0
95379.428,17002,58,0,0,0,0,0,8,56695,44,53,0,0,0,0,0,0,0,0,0,0,0,0,0,0,0,0,0,0,0,0,0,0,326,16543,0,0,0,0
95395.952,16523,60,0,0,0,0,0,8,56928,44,53,0,0,0,0,0,0,0,0,0,0,0,0,0,0,0,0,0,0,0,0,0,0,326,16984,0,0,0,0
95411.999,16046,62,0,0,0,0,0,8,55960,44,53,0,0,0,0,0,0,0,0,0,0,0,0,0,0,0,0,0,0,0,0,0,0,360,17111,0,0,0,0
95428.991,16992,58,0,0,0,0,0,8,54915,44,53,0,0,0,0,0,0,0,0,0,0,0,0,0,0,0,0,0,0,0,0,0,0,370,16229,0,0,0,0
95445.429,16438,60,0,0,0,0,0,8,55357,44,53,0,0,0,0,0,0,0,0,0,0,0,0,0,0,0,0,0,0,0,0,0,0,353,16129,0,0,0,0
95462.425,16995,58,0,0,0,0,0,8,56423,44,53,0,0,0,0,0,0,0,0,0,0,0,0,0,0,0,0,0,0,0,0,0,0,330,17783,0,0,0,0
95479.429,17003,58,0,0,0,0,0,8,55327,44,53,0,0,0,0,0,0,0,0,0,0,0,0,0,0,0,0,0,0,0,0,0,0,323,15505,0,0,0,0
95495.342,15912,62,0,0,0,0,0,8,56607,44,53,0,0,0,0,0,0,0,0,0,0,0,0,0,0,0,0,0,0,0,0,0,0,334,17391,0,0,0,0
95512.435,17093,58,0,0,0,0,0,8,57161,44,53,0,0,0,0,0,0,0,0,0,0,0,0,0,0,0,0,0,0,0,0,0,0,337,16761,0,0,0,0
95528.757,16321,61,0,0,0,0,0,8,55224,44,53,0,0,0,0,0,0,0,0,0,0,0,0,0,0,0,0,0,0,0,0,0,0,345,17898,0,0,0,0
95545.132,16375,61,0,0,0,0,0,8,55593,44,53,0,0,0,0,0,0,0,0,0,0,0,0,0,0,0,0,0,0,0,0,0,0,332,15150,0,0,0,0
95562.420,17287,57,0,0,0,0,0,8,57069,44,53,0,0,0,0,0,0,0,0,0,0,0,0,0,0,0,0,0,0,0,0,0,0,331,16416,0,0,0,0
95579.019,16599,60,0,0,0,0,0,8,55572,44,53,0,0,0,0,0,0,0,0,0,0,0,0,0,0,0,0,0,0,0,0,0,0,339,17798,0,0,0,0
95596.467,17447,57,0,0,0,0,0,8,57100,44,53,0,0,0,0,0,0,0,0,0,0,0,0,0,0,0,0,0,0,0,0,0,0,348,15824,0,0,0,0
95612.401,15933,62,0,0,0,0,0,8,55364,44,53,0,0,0,0,0,0,0,0,0,0,0,0,0,0,0,0,0,0,0,0,0,0,386,18101,0,0,0,0
95628.628,16226,61,0,0,0,0,0,8,56878,44,53,0,0,0,0,0,0,0,0,0,0,0,0,0,0,0,0,0,0,0,0,0,0,365,15159,0,0,0,0
95645.555,16927,59,0,0,0,0,0,8,54933,44,53,0,0,0,0,0,0,0,0,0,0,0,0,0,0,0,0,0,0,0,0,0,0,321,16383,0,0,0,0
95662.077,16522,60,0,0,0,0,0,8,56359,44,53,0,0,0,0,0,0,0,0,0,0,0,0,0,0,0,0,0,0,0,0,0,0,351,16910,0,0,0,0
95679.432,17354,57,0,0,0,0,0,8,54054,44,53,0,0,0,0,0,0,0,0,0,0,0,0,0,0,0,0,0,0,0,0,0,0,316,16815,0,0,0,0
95695.425,15993,62,0,0,0,0,0,8,54422,44,53,0,0,0,0,0,0,0,0,0,0,0,0,0,0,0,0,0,0,0,0,0,0,364,17687,0,0,0,0
95712.420,16994,58,0,0,0,0,0,8,55075,44,53,0,0,0,0,0,0,0,0,0,0,0,0,0,0,0,0,0,0,0,0,0,0,325,15823,0,0,0,0
95728.816,16396,60,0,0,0,0,0,8,54132,44,53,0,0,0,0,0,0,0,0,0,0,0,0,0,0,0,0,0,0,0,0,0,0,336,15656,0,0,0,0
95745.942,17125,58,0,0,0,0,0,8,54760,44,53,0,0,0,0,0,0,0,0,0,0,0,0,0,0,0,0,0,0,0,0,0,0,348,17628,0,0,0,0
95762.420,16478,60,0,0,0,0,0,8,54663,44,53,0,0,0,0,0,0,0,0,0,0,0,0,0,0,0,0,0,0,0,0,0,0,335,17430,0,0,0,0
95778.938,16518,60,0,0,0,0,0,8,54050,44,53,0,0,0,0,0,0,0,0,0,0,0,0,0,0,0,0,0,0,0,0,0,0,334,14898,0,0,0,0
95795.645,16706,59,0,0,0,0,0,8,55348,44,53,0,0,0,0,0,0,0,0,0,0,0,0,0,0,0,0,0,0,0,0,0,0,376,18496,0,0,0,0
95812.339,16694,59,0,0,0,0,0,8,54396,44,53,0,0,0,0,0,0,0,0,0,0,0,0,0,0,0,0,0,0,0,0,0,0,341,15700,0,0,0,0
95828.938,16598,60,0,0,0,0,0,8,54817,44,53,0,0,0,0,0,0,0,0,0,0,0,0,0,0,0,0,0,0,0,0,0,0,358,17062,0,0,0,0
95845.745,16806,59,0,0,0,0,0,8,54015,44,53,0,0,0,0,0,0,0,0,0,0,0,0,0,0,0,0,0,0,0,0,0,0,341,16624,0,0,0,0
95862.154,16409,60,0,0,0,0,0,8,54383,44,53,0,0,0,0,0,0,0,0,0,0,0,0,0,0,0,0,0,0,0,0,0,0,348,16250,0,0,0,0
95879.960,17806,56,0,0,0,0,0,8,54735,44,53,0,0,0,0,0,0,0,0,0,0,0,0,0,0,0,0,0,0,0,0,0,0,358,17165,0,0,0,0
95895.942,15982,62,0,0,0,0,0,8,54801,44,53,0,0,0,0,0,0,0,0,0,0,0,0,0,0,0,0,0,0,0,0,0,0,356,17086,0,0,0,0
95912.421,16478,60,0,0,0,0,0,8,54365,44,53,0,0,0,0,0,0,0,0,0,0,0,0,0,0,0,0,0,0,0,0,0,0,347,16022,0,0,0,0
95929.418,16996,58,0,0,0,0,0,8,53972,44,53,0,0,0,0,0,0,0,0,0,0,0,0,0,0,0,0,0,0,0,0,0,0,353,16876,0,0,0,0
95945.500,16082,62,0,0,0,0,0,8,58236,44,53,0,0,0,0,0,0,0,0,0,0,0,0,0,0,0,0,0,0,0,0,0,0,326,15427,0,0,0,0
95961.999,16498,60,0,0,0,0,0,8,54868,44,53,0,0,0,0,0,0,0,0,0,0,0,0,0,0,0,0,0,0,0,0,0,0,338,18097,0,0,0,0
95979.101,17101,58,0,0,0,0,0,8,53555,44,53,0,0,0,0,0,0,0,0,0,0,0,0,0,0,0,0,0,0,0,0,0,0,346,15572,0,0,0,0
95995.965,16864,59,0,0,0,0,0,8,53721,44,53,0,0,0,0,0,0,0,0,0,0,0,0,0,0,0,0,0,0,0,0,0,0,385,17509,0,0,0,0
96012.421,16455,60,0,0,0,0,0,8,53319,44,53,0,0,0,0,0,0,0,0,0,0,0,0,0,0,0,0,0,0,0,0,0,0,332,16430,0,0,0,0
96029.421,16999,58,0,0,0,0,0,8,53102,44,53,0,0,0,0,0,0,0,0,0,0,0,0,0,0,0,0,0,0,0,0,0,0,335,15861,0,0,0,0
96045.459,16037,62,0,0,0,0,0,8,54439,44,53,0,0,0,0,0,0,0,0,0,0,0,0,0,0,0,0,0,0,0,0,0,0,333,18358,0,0,0,0
96062.418,16959,58,0,0,0,0,0,8,53361,44,53,0,0,0,0,0,0,0,0,0,0,0,0,0,0,0,0,0,0,0,0,0,0,347,15176,0,0,0,0
96079.081,16662,60,0,0,0,0,0,8,53136,44,53,0,0,0,0,0,0,0,0,0,0,0,0,0,0,0,0,0,0,0,0,0,0,317,16031,0,0,0,0
96095.701,16619,60,0,0,0,0,0,8,53547,44,53,0,0,0,0,0,0,0,0,0,0,0,0,0,0,0,0,0,0,0,0,0,0,352,18200,0,0,0,0
96112.185,16484,60,0,0,0,0,0,8,53342,44,53,0,0,0,0,0,0,0,0,0,0,0,0,0,0,0,0,0,0,0,0,0,0,354,16023,0,0,0,0
96128.779,16594,60,0,0,0,0,0,8,53772,44,53,0,0,0,0,0,0,0,0,0,0,0,0,0,0,0,0,0,0,0,0,0,0,335,17240,0,0,0,0
96145.326,16546,60,0,0,0,0,0,8,53389,44,53,0,0,0,0,0,0,0,0,0,0,0,0,0,0,0,0,0,0,0,0,0,0,334,16215,0,0,0,0
96162.416,17090,58,0,0,0,0,0,8,53226,44,53,0,0,0,0,0,0,0,0,0,0,0,0,0,0,0,0,0,0,0,0,0,0,343,16896,0,0,0,0
96178.793,16377,61,0,0,0,0,0,8,54954,44,53,0,0,0,0,0,0,0,0,0,0,0,0,0,0,0,0,0,0,0,0,0,0,332,15519,0,0,0,0
96195.553,16759,59,0,0,0,0,0,8,53680,44,53,0,0,0,0,0,0,0,0,0,0,0,0,0,0,0,0,0,0,0,0,0,0,371,17490,0,0,0,0
96212.174,16620,60,0,0,0,0,0,8,54078,44,53,0,0,0,0,0,0,0,0,0,0,0,0,0,0,0,0,0,0,0,0,0,0,361,17492,0,0,0,0
96229.420,17246,57,0,0,0,0,0,8,53373,44,53,0,0,0,0,0,0,0,0,0,0,0,0,0,0,0,0,0,0,0,0,0,0,338,16057,0,0,0,0
96245.531,16110,62,0,0,0,0,0,8,53496,44,53,0,0,0,0,0,0,0,0,0,0,0,0,0,0,0,0,0,0,0,0,0,0,321,17227,0,0,0,0
96261.950,16419,60,0,0,0,0,0,8,53156,44,53,0,0,0,0,0,0,0,0,0,0,0,0,0,0,0,0,0,0,0,0,0,0,345,15953,0,0,0,0
96279.047,17096,58,0,0,0,0,0,8,53358,44,53,0,0,0,0,0,0,0,0,0,0,0,0,0,0,0,0,0,0,0,0,0,0,328,16679,0,0,0,0
96295.669,16622,60,0,0,0,0,0,8,53815,44,53,0,0,0,0,0,0,0,0,0,0,0,0,0,0,0,0,0,0,0,0,0,0,328,16784,0,0,0,0
96311.990,16321,61,0,0,0,0,0,8,53191,44,53,0,0,0,0,0,0,0,0,0,0,0,0,0,0,0,0,0,0,0,0,0,0,329,16441,0,0,0,0
96329.064,17073,58,0,0,0,0,0,8,52794,44,53,0,0,0,0,0,0,0,0,0,0,0,0,0,0,0,0,0,0,0,0,0,0,317,16694,0,0,0,0
96345.557,16492,60,0,0,0,0,0,8,53389,44,53,0,0,0,0,0,0,0,0,0,0,0,0,0,0,0,0,0,0,0,0,0,0,333,17380,0,0,0,0
96362.420,16863,59,0,0,0,0,0,8,52971,44,53,0,0,0,0,0,0,0,0,0,0,0,0,0,0,0,0,0,0,0,0,0,0,339,16366,0,0,0,0
96378.970,16550,60,0,0,0,1,0,8,53228,44,53,0,0,0,0,0,0,0,0,0,0,0,0,0,0,0,0,0,0,0,0,0,0,399,17003,0,0,0,0
96395.515,16544,60,0,0,0,0,0,8,52763,44,53,0,0,0,0,0,0,0,0,0,0,0,0,0,0,0,0,0,0,0,0,0,0,362,15934,0,0,0,0
96411.975,16460,60,0,0,0,0,0,8,52834,44,53,0,0,0,0,0,0,0,0,0,0,0,0,0,0,0,0,0,0,0,0,0,0,336,16280,0,0,0,0
96428.762,16786,59,0,0,0,0,0,8,52588,44,53,0,0,0,0,0,0,0,0,0,0,0,0,0,0,0,0,0,0,0,0,0,0,345,17182,0,0,0,0
96445.625,16862,59,0,0,0,0,0,8,53171,44,53,0,0,0,0,0,0,0,0,0,0,0,0,0,0,0,0,0,0,0,0,0,0,344,16303,0,0,0,0
96462.412,16787,59,0,0,0,0,0,8,53603,44,53,0,0,0,0,0,0,0,0,0,0,0,0,0,0,0,0,0,0,0,0,0,0,338,17418,0,0,0,0
96478.822,16409,60,0,0,0,0,0,8,52752,44,53,0,0,0,0,0,0,0,0,0,0,0,0,0,0,0,0,0,0,0,0,0,0,347,16438,0,0,0,0
96495.496,16674,59,0,0,0,0,0,8,52856,44,53,0,0,0,0,0,0,0,0,0,0,0,0,0,0,0,0,0,0,0,0,0,0,344,15976,0,0,0,0
96512.008,16511,60,0,0,0,0,0,8,53232,44,53,0,0,0,0,0,0,0,0,0,0,0,0,0,0,0,0,0,0,0,0,0,0,345,17612,0,0,0,0
96528.799,16790,59,0,0,0,0,0,8,52764,44,53,0,0,0,0,0,0,0,0,0,0,0,0,0,0,0,0,0,0,0,0,0,0,343,15821,0,0,0,0
96545.929,17130,58,0,0,0,0,0,8,53331,44,53,0,0,0,0,0,0,0,0,0,0,0,0,0,0,0,0,0,0,0,0,0,0,337,16967,0,0,0,0
96562.412,16482,60,0,0,0,0,0,8,53270,44,53,0,0,0,0,0,0,0,0,0,0,0,0,0,0,0,0,0,0,0,0,0,0,341,17197,0,0,0,0
96579.943,17531,57,0,0,0,0,0,8,52637,44,53,0,0,0,0,0,0,0,0,0,0,0,0,0,0,0,0,0,0,0,0,0,0,332,16422,0,0,0,0
96595.428,15484,64,0,0,0,0,0,8,53001,44,53,0,0,0,0,0,0,0,0,0,0,0,0,0,0,0,0,0,0,0,0,0,0,357,17227,0,0,0,0
96611.981,16553,60,0,0,0,0,0,8,52721,44,53,0,0,0,0,0,0,0,0,0,0,0,0,0,0,0,0,0,0,0,0,0,0,347,15902,0,0,0,0
96629.089,17108,58,0,0,0,0,0,8,53415,44,53,0,0,0,0,0,0,0,0,0,0,0,0,0,0,0,0,0,0,0,0,0,0,336,16539,0,0,0,0
96646.425,17325,57,0,0,0,0,0,8,56846,44,53,0,0,0,0,0,0,0,0,0,0,0,0,0,0,0,0,0,0,0,0,0,0,344,17288,0,0,0,0
96662.378,15963,62,0,0,0,0,0,8,54580,44,53,0,0,0,0,0,0,0,0,0,0,0,0,0,0,0,0,0,0,0,0,0,0,326,17730,0,0,0,0
96678.933,16555,60,0,0,0,0,0,8,53759,44,53,0,0,0,0,0,0,0,0,0,0,0,0,0,0,0,0,0,0,0,0,0,0,342,15171,0,0,0,0
96695.650,16716,59,0,0,0,0,0,8,53761,44,53,0,0,0,0,0,0,0,0,0,0,0,0,0,0,0,0,0,0,0,0,0,0,316,16933,0,0,0,0
96712.421,16760,59,0,0,0,0,0,8,52996,44,53,0,0,0,0,0,0,0,0,0,0,0,0,0,0,0,0,0,0,0,0,0,0,333,16218,0,0,0,0
96728.968,16557,60,0,0,0,0,0,8,52587,44,53,0,0,0,0,0,0,0,0,0,0,0,0,0,0,0,0,0,0,0,0,0,0,359,17480,0,0,0,0
96745.411,16443,60,0,0,0,0,0,8,52589,44,53,0,0,0,0,0,0,0,0,0,0,0,0,0,0,0,0,0,0,0,0,0,0,332,16123,0,0,0,0
96762.012,16600,60,0,0,0,0,0,8,52513,44,53,0,0,0,0,0,0,0,0,0,0,0,0,0,0,0,0,0,0,0,0,0,0,314,16426,0,0,0,0
96778.861,16848,59,0,0,0,0,0,8,52339,44,53,0,0,0,0,0,0,0,0,0,0,0,0,0,0,0,0,0,0,0,0,0,0,336,16661,0,0,0,0
96795.295,16434,60,0,0,0,0,0,8,53150,44,53,0,0,0,0,0,0,0,0,0,0,0,0,0,0,0,0,0,0,0,0,0,0,377,16355,0,0,0,0
96812.410,17114,58,0,0,0,0,0,8,52915,44,53,0,0,0,0,0,0,0,0,0,0,0,0,0,0,0,0,0,0,0,0,0,0,342,17279,0,0,0,0
96828.748,16338,61,0,0,0,0,0,8,52657,44,53,0,0,0,0,0,0,0,0,0,0,0,0,0,0,0,0,0,0,0,0,0,0,344,16652,0,0,0,0
96845.803,17054,58,0,0,0,0,0,8,52742,44,53,0,0,0,0,0,0,0,0,0,0,0,0,0,0,0,0,0,0,0,0,0,0,332,15823,0,0,0,0
96861.962,16159,61,0,0,0,0,0,8,53116,44,53,0,0,0,0,0,0,0,0,0,0,0,0,0,0,0,0,0,0,0,0,0,0,348,17550,0,0,0,0
96879.928,17965,55,0,0,0,0,0,8,53374,44,53,0,0,0,0,0,0,0,0,0,0,0,0,0,0,0,0,0,0,0,0,0,0,320,16318,0,0,0,0
96895.939,16010,62,0,0,0,0,0,8,56151,44,53,0,0,0,0,0,0,0,0,0,0,0,0,0,0,0,0,0,0,0,0,0,0,342,18730,0,0,0,0
96911.671,15731,63,0,0,0,0,0,8,55766,44,53,0,0,0,0,0,0,0,0,0,0,0,0,0,0,0,0,0,0,0,0,0,0,334,15009,0,0,0,0
96928.670,16999,58,0,0,0,0,0,8,55175,44,53,0,0,0,0,0,0,0,0,0,0,0,0,0,0,0,0,0,0,0,0,0,0,343,16002,0,0,0,0
96944.976,16305,61,0,0,0,0,0,8,56323,44,53,0,0,0,0,0,0,0,0,0,0,0,0,0,0,0,0,0,0,0,0,0,0,340,17165,0,0,0,0
96961.682,16706,59,0,0,0,0,0,8,56269,44,53,0,0,0,0,0,0,0,0,0,0,0,0,0,0,0,0,0,0,0,0,0,0,351,15763,0,0,0,0
96978.833,17151,58,0,0,0,0,0,8,56328,44,53,0,0,0,0,0,0,0,0,0,0,0,0,0,0,0,0,0,0,0,0,0,0,345,17444,0,0,0,0
96994.946,16112,62,0,0,0,0,0,8,56447,44,53,0,0,0,0,0,0,0,0,0,0,0,0,0,0,0,0,0,0,0,0,0,0,379,16306,0,0,0,0
97012.410,17464,57,0,0,0,0,0,8,56554,44,53,0,0,0,0,0,0,0,0,0,0,0,0,0,0,0,0,0,0,0,0,0,0,335,16017,0,0,0,0
97029.940,17529,57,0,0,0,0,0,8,57943,44,53,0,0,0,0,0,0,0,0,0,0,0,0,0,0,0,0,0,0,0,0,0,0,325,16760,0,0,0,0
97045.297,15356,65,0,0,0,0,0,8,58006,44,53,0,0,0,0,0,0,0,0,0,0,0,0,0,0,0,0,0,0,0,0,0,0,330,19194,0,0,0,0
97061.550,16253,61,0,0,0,0,0,8,59423,44,53,0,0,0,0,0,0,0,0,0,0,0,0,0,0,0,0,0,0,0,0,0,0,317,15327,0,0,0,0
97078.970,17420,57,0,0,0,0,0,8,57895,44,53,0,0,0,0,0,0,0,0,0,0,0,0,0,0,0,0,0,0,0,0,0,0,343,15891,0,0,0,0
97095.929,16959,58,0,0,0,0,0,8,58424,44,53,0,0,0,0,0,0,0,0,0,0,0,0,0,0,0,0,0,0,0,0,0,0,336,17343,0,0,0,0
97112.405,16476,60,0,0,0,0,0,8,57825,44,53,0,0,0,0,0,0,0,0,0,0,0,0,0,0,0,0,0,0,0,0,0,0,338,16970,0,0,0,0
97128.948,16542,60,0,0,0,0,0,8,58000,44,53,0,0,0,0,0,0,0,0,0,0,0,0,0,0,0,0,0,0,0,0,0,0,314,15760,0,0,0,0
97145.284,16336,61,0,0,0,0,0,8,58057,44,53,0,0,0,0,0,0,0,0,0,0,0,0,0,0,0,0,0,0,0,0,0,0,343,17338,0,0,0,0
97162.057,16773,59,0,0,0,0,0,8,57667,44,53,0,0,0,0,0,0,0,0,0,0,0,0,0,0,0,0,0,0,0,0,0,0,349,16340,0,0,0,0
97178.932,16874,59,0,0,0,0,0,8,57701,44,53,0,0,0,0,0,0,0,0,0,0,0,0,0,0,0,0,0,0,0,0,0,0,357,17434,0,0,0,0
97195.779,16847,59,0,0,0,0,0,8,57227,44,53,0,0,0,0,0,0,0,0,0,0,0,0,0,0,0,0,0,0,0,0,0,0,352,16262,0,0,0,0
97212.481,16701,59,0,0,0,0,0,8,56791,44,53,0,0,0,0,0,0,0,0,0,0,0,0,0,0,0,0,0,0,0,0,0,0,346,16615,0,0,0,0
97229.409,16927,59,0,0,0,0,0,8,56252,44,53,0,0,0,0,0,0,0,0,0,0,0,0,0,0,0,0,0,0,0,0,0,0,331,16814,0,0,0,0
97245.544,16134,61,0,0,0,0,0,8,57003,44,53,0,0,0,0,0,0,0,0,0,0,0,0,0,0,0,0,0,0,0,0,0,0,348,16972,0,0,0,0
97262.057,16513,60,0,0,0,0,0,8,56521,44,53,0,0,0,0,0,0,0,0,0,0,0,0,0,0,0,0,0,0,0,0,0,0,336,16152,0,0,0,0
97279.101,17043,58,0,0,0,0,0,8,56649,44,53,0,0,0,0,0,0,0,0,0,0,0,0,0,0,0,0,0,0,0,0,0,0,357,16517,0,0,0,0
97295.548,16446,60,0,0,0,0,0,8,56694,44,53,0,0,0,0,0,0,0,0,0,0,0,0,0,0,0,0,0,0,0,0,0,0,335,17110,0,0,0,0
97312.408,16859,59,0,0,0,0,0,8,56390,44,53,0,0,0,0,0,0,0,0,0,0,0,0,0,0,0,0,0,0,0,0,0,0,328,16373,0,0,0,0
97328.644,16236,61,0,0,0,0,0,8,56656,44,53,0,0,0,0,0,0,0,0,0,0,0,0,0,0,0,0,0,0,0,0,0,0,342,15836,0,0,0,0
97345.695,17051,58,0,0,0,0,0,8,57445,44,53,0,0,0,0,0,0,0,0,0,0,0,0,0,0,0,0,0,0,0,0,0,0,342,17302,0,0,0,0
97362.405,16709,59,0,0,0,0,0,8,57155,44,53,0,0,0,0,0,0,0,0,0,0,0,0,0,0,0,0,0,0,0,0,0,0,348,16732,0,0,0,0
97379.082,16676,59,0,0,0,0,0,8,61433,44,53,0,0,0,0,0,0,0,0,0,0,0,0,0,0,0,0,0,0,0,0,0,0,361,16203,0,0,0,0
97395.661,16579,60,0,0,0,0,0,8,58028,44,53,0,0,0,0,0,0,0,0,0,0,0,0,0,0,0,0,0,0,0,0,0,0,363,17392,0,0,0,0
97412.425,16763,59,0,0,0,0,0,8,57920,44,53,0,0,0,0,0,0,0,0,0,0,0,0,0,0,0,0,0,0,0,0,0,0,357,16620,0,0,0,0
97429.408,16982,58,0,0,0,0,0,8,57658,44,53,0,0,0,0,0,0,0,0,0,0,0,0,0,0,0,0,0,0,0,0,0,0,330,15614,0,0,0,0
97445.539,16131,61,0,0,0,0,0,8,60994,44,53,0,0,0,0,0,0,0,0,0,0,0,0,0,0,0,0,0,0,0,0,0,0,347,18607,0,0,0,0
97462.401,16861,59,0,0,0,0,0,8,60864,44,53,0,0,0,0,0,0,0,0,0,0,0,0,0,0,0,0,0,0,0,0,0,0,336,15994,0,0,0,0
97479.416,17015,58,0,0,0,0,0,8,61056,44,53,0,0,0,0,0,0,0,0,0,0,0,0,0,0,0,0,0,0,0,0,0,0,340,16653,0,0,0,0
97495.424,16008,62,0,0,0,0,0,8,62941,44,53,0,0,0,0,0,0,0,0,0,0,0,0,0,0,0,0,0,0,0,0,0,0,330,15964,0,0,0,0
97512.408,16984,58,0,0,0,0,0,8,61657,44,53,0,0,0,0,0,0,0,0,0,0,0,0,0,0,0,0,0,0,0,0,0,0,333,17376,0,0,0,0
97528.637,16228,61,0,0,0,0,0,8,60986,44,53,0,0,0,0,0,0,0,0,0,0,0,0,0,0,0,0,0,0,0,0,0,0,322,15579,0,0,0,0
97546.407,17770,56,0,0,0,0,0,8,61293,44,53,0,0,0,0,0,0,0,0,0,0,0,0,0,0,0,0,0,0,0,0,0,0,356,17541,0,0,0,0
97562.122,15714,63,0,0,0,0,0,8,60631,44,53,0,0,0,0,0,0,0,0,0,0,0,0,0,0,0,0,0,0,0,0,0,0,351,17887,0,0,0,0
97578.712,16589,60,0,0,0,0,0,8,61555,44,53,0,0,0,0,0,0,0,0,0,0,0,0,0,0,0,0,0,0,0,0,0,0,340,15519,0,0,0,0
97595.316,16604,60,0,0,0,0,0,8,61242,44,53,0,0,0,0,0,0,0,0,0,0,0,0,0,0,0,0,0,0,0,0,0,0,360,16417,0,0,0,0
97612.425,17108,58,0,0,0,0,0,8,60968,44,53,0,0,0,0,0,0,0,0,0,0,0,0,0,0,0,0,0,0,0,0,0,0,373,16469,0,0,0,0
97628.833,16408,60,0,0,0,0,0,8,61084,44,53,0,0,0,0,0,0,0,0,0,0,0,0,0,0,0,0,0,0,0,0,0,0,333,16290,0,0,0,0
97645.546,16712,59,0,0,0,0,0,8,59542,44,53,0,0,0,0,0,0,0,0,0,0,0,0,0,0,0,0,0,0,0,0,0,0,316,17132,0,0,0,0
97662.530,16983,58,0,0,0,0,0,8,59703,44,53,0,0,0,0,0,0,0,0,0,0,0,0,0,0,0,0,0,0,0,0,0,0,333,16961,0,0,0,0
97679.405,16875,59,0,0,0,0,0,8,58622,44,53,0,0,0,0,0,0,0,0,0,0,0,0,0,0,0,0,0,0,0,0,0,0,335,16643,0,0,0,0
97695.645,16239,61,0,0,0,0,0,8,59068,44,53,0,0,0,0,0,0,0,0,0,0,0,0,0,0,0,0,0,0,0,0,0,0,346,15740,0,0,0,0
97712.516,16871,59,0,0,0,0,0,8,59722,44,53,0,0,0,0,0,0,0,0,0,0,0,0,0,0,0,0,0,0,0,0,0,0,340,17546,0,0,0,0
97728.998,16482,60,0,0,0,0,0,8,58733,44,53,0,0,0,0,0,0,0,0,0,0,0,0,0,0,0,0,0,0,0,0,0,0,341,16654,0,0,0,0
97745.553,16555,60,0,0,0,0,0,8,58963,44,53,0,0,0,0,0,0,0,0,0,0,0,0,0,0,0,0,0,0,0,0,0,0,323,16421,0,0,0,0
97762.416,16862,59,0,0,0,0,0,8,58941,44,53,0,0,0,0,0,0,0,0,0,0,0,0,0,0,0,0,0,0,0,0,0,0,341,16313,0,0,0,0
97779.411,16994,58,0,0,0,0,0,8,59342,44,53,0,0,0,0,0,0,0,0,0,0,0,0,0,0,0,0,0,0,0,0,0,0,347,17739,0,0,0,0
97795.653,16241,61,0,0,0,0,0,8,62476,44,53,0,0,0,0,0,0,0,0,0,0,0,0,0,0,0,0,0,0,0,0,0,0,314,15860,0,0,0,0
97812.533,16880,59,0,0,0,0,0,8,62427,44,53,0,0,0,0,0,0,0,0,0,0,0,0,0,0,0,0,0,0,0,0,0,0,345,17106,0,0,0,0
97828.975,16442,60,0,0,0,0,0,8,61790,44,53,0,0,0,0,0,0,0,0,0,0,0,0,0,0,0,0,0,0,0,0,0,0,347,16422,0,0,0,0
97845.043,16067,62,0,0,0,0,0,8,59973,44,53,0,0,0,0,0,0,0,0,0,0,0,0,0,0,0,0,0,0,0,0,0,0,342,16459,0,0,0,0
97862.217,17174,58,0,0,0,0,0,8,60310,44,53,0,0,0,0,0,0,0,0,0,0,0,0,0,0,0,0,0,0,0,0,0,0,339,16356,0,0,0,0
97878.921,16703,59,0,0,0,0,0,8,61016,44,53,0,0,0,0,0,0,0,0,0,0,0,0,0,0,0,0,0,0,0,0,0,0,339,17539,0,0,0,0
97895.542,16621,60,0,0,0,0,0,8,59744,44,53,0,0,0,0,0,0,0,0,0,0,0,0,0,0,0,0,0,0,0,0,0,0,373,16597,0,0,0,0
97911.983,16440,60,0,0,0,0,0,8,59694,44,53,0,0,0,0,0,0,0,0,0,0,0,0,0,0,0,0,0,0,0,0,0,0,351,16420,0,0,0,0
97928.919,16936,59,0,0,0,0,0,8,59483,44,53,0,0,0,0,0,0,0,0,0,0,0,0,0,0,0,0,0,0,0,0,0,0,339,16338,0,0,0,0
97945.635,16716,59,0,0,0,0,0,8,59831,44,53,0,0,0,0,0,0,0,0,0,0,0,0,0,0,0,0,0,0,0,0,0,0,346,17226,0,0,0,0
97962.037,16401,60,0,0,0,0,0,8,61561,44,53,0,0,0,0,0,0,0,0,0,0,0,0,0,0,0,0,0,0,0,0,0,0,344,16834,0,0,0,0
97978.855,16818,59,0,0,0,0,0,8,60299,44,53,0,0,0,0,0,0,0,0,0,0,0,0,0,0,0,0,0,0,0,0,0,0,352,16166,0,0,0,0
97995.769,16913,59,0,0,0,0,0,8,60231,44,53,0,0,0,0,0,0,0,0,0,0,0,0,0,0,0,0,0,0,0,0,0,0,337,17015,0,0,0,0
98011.680,15910,62,0,0,0,0,0,8,60029,44,53,0,0,0,0,0,0,0,0,0,0,0,0,0,0,0,0,0,0,0,0,0,0,339,17139,0,0,0,0
98028.978,17298,57,0,0,0,0,0,8,59576,44,53,0,0,0,0,0,0,0,0,0,0,0,0,0,0,0,0,0,0,0,0,0,0,368,15296,0,0,0,0
98045.932,16954,58,0,0,0,0,0,8,59475,44,53,0,0,0,0,0,0,0,0,0,0,0,0,0,0,0,0,0,0,0,0,0,0,336,17593,0,0,0,0
98062.535,16602,60,0,0,0,0,0,8,59574,44,53,0,0,0,0,0,0,0,0,0,0,0,0,0,0,0,0,0,0,0,0,0,0,384,16924,0,0,0,0
98078.882,16346,61,0,0,0,0,0,8,57996,44,53,0,0,0,0,0,0,0,0,0,0,0,0,0,0,0,0,0,0,0,0,0,0,366,16677,0,0,0,0
98095.669,16787,59,0,0,0,0,0,8,58003,44,53,0,0,0,0,0,0,0,0,0,0,0,0,0,0,0,0,0,0,0,0,0,0,335,15764,0,0,0,0
98112.399,16730,59,0,0,0,0,0,8,57945,44,53,0,0,0,0,0,0,0,0,0,0,0,0,0,0,0,0,0,0,0,0,0,0,344,16780,0,0,0,0
98129.406,17007,58,0,0,0,0,0,8,58152,44,53,0,0,0,0,0,0,0,0,0,0,0,0,0,0,0,0,0,0,0,0,0,0,355,16060,0,0,0,0
98145.642,16236,61,0,0,0,0,0,8,58211,44,53,0,0,0,0,0,0,0,0,0,0,0,0,0,0,0,0,0,0,0,0,0,0,355,17897,0,0,0,0
98161.989,16344,61,0,0,0,0,0,8,57505,44,53,0,0,0,0,0,0,0,0,0,0,0,0,0,0,0,0,0,0,0,0,0,0,342,16606,0,0,0,0
98179.118,17131,58,0,0,0,0,0,8,57227,44,53,0,0,0,0,0,0,0,0,0,0,0,0,0,0,0,0,0,0,0,0,0,0,361,16202,0,0,0,0
98195.600,16481,60,0,0,0,0,0,8,57464,44,53,0,0,0,0,0,0,0,0,0,0,0,0,0,0,0,0,0,0,0,0,0,0,361,17619,0,0,0,0
98212.213,16612,60,0,0,0,0,0,8,57763,44,53,0,0,0,0,0,0,0,0,0,0,0,0,0,0,0,0,0,0,0,0,0,0,383,16528,0,0,0,0
98229.922,17708,56,0,0,0,0,0,8,57046,44,53,0,0,0,0,0,0,0,0,0,0,0,0,0,0,0,0,0,0,0,0,0,0,341,15735,0,0,0,0
98245.769,15847,63,0,0,0,0,0,8,57385,44,53,0,0,0,0,0,0,0,0,0,0,0,0,0,0,0,0,0,0,0,0,0,0,330,18190,0,0,0,0
98262.229,16460,60,0,0,0,0,0,8,57362,44,53,0,0,0,0,0,0,0,0,0,0,0,0,0,0,0,0,0,0,0,0,0,0,334,15347,0,0,0,0
98278.926,16696,59,0,0,0,0,0,8,57356,44,53,0,0,0,0,0,0,0,0,0,0,0,0,0,0,0,0,0,0,0,0,0,0,344,16499,0,0,0,0
98295.421,16495,60,0,0,0,0,0,8,58520,44,53,0,0,0,0,0,0,0,0,0,0,0,0,0,0,0,0,0,0,0,0,0,0,357,17514,0,0,0,0
98312.154,16732,59,0,0,0,0,0,8,57743,44,53,0,0,0,0,0,0,0,0,0,0,0,0,0,0,0,0,0,0,0,0,0,0,327,14806,0,0,0,0
98329.067,16912,59,0,0,0,0,0,8,57748,44,53,0,0,0,0,0,0,0,0,0,0,0,0,0,0,0,0,0,0,0,0,0,0,333,18279,0,0,0,0
98345.612,16545,60,0,0,0,0,0,8,57819,44,53,0,0,0,0,0,0,0,0,0,0,0,0,0,0,0,0,0,0,0,0,0,0,344,15982,0,0,0,0
98361.988,16375,61,0,0,0,0,0,8,57939,44,53,0,0,0,0,0,0,0,0,0,0,0,0,0,0,0,0,0,0,0,0,0,0,363,17739,0,0,0,0
98379.062,17074,58,0,0,0,0,0,8,57834,44,53,0,0,0,0,0,0,0,0,0,0,0,0,0,0,0,0,0,0,0,0,0,0,330,15865,0,0,0,0
98396.413,17351,57,0,0,0,0,0,8,57432,44,53,0,0,0,0,0,0,0,0,0,0,0,0,0,0,0,0,0,0,0,0,0,0,333,16812,0,0,0,0
98411.666,15252,65,0,0,0,0,0,8,57576,44,53,0,0,0,0,0,0,0,0,0,0,0,0,0,0,0,0,0,0,0,0,0,0,385,17378,0,0,0,0
98429.418,17752,56,0,0,0,0,0,8,57165,44,53,0,0,0,0,0,0,0,0,0,0,0,0,0,0,0,0,0,0,0,0,0,0,338,14909,0,0,0,0
98444.955,15537,64,0,0,0,0,0,8,57290,44,53,0,0,0,0,0,0,0,0,0,0,0,0,0,0,0,0,0,0,0,0,0,0,342,17286,0,0,0,0
98462.273,17317,57,0,0,0,0,0,8,58450,44,53,0,0,0,0,0,0,0,0,0,0,0,0,0,0,0,0,0,0,0,0,0,0,346,16810,0,0,0,0
98479.034,16761,59,0,0,0,0,0,8,57171,44,53,0,0,0,0,0,0,0,0,0,0,0,0,0,0,0,0,0,0,0,0,0,0,324,16023,0,0,0,0
98495.053,16018,62,0,0,0,0,0,8,57055,44,53,0,0,0,0,0,0,0,0,0,0,0,0,0,0,0,0,0,0,0,0,0,0,351,17543,0,0,0,0
98512.067,17014,58,0,0,0,0,0,8,57502,44,53,0,0,0,0,0,0,0,0,0,0,0,0,0,0,0,0,0,0,0,0,0,0,343,16557,0,0,0,0
98529.920,17852,56,0,0,0,0,0,8,56784,44,53,0,0,0,0,0,0,0,0,0,0,0,0,0,0,0,0,0,0,0,0,0,0,338,17097,0,0,0,0
98546.402,16482,60,0,0,0,0,0,8,56856,44,53,0,0,0,0,0,0,0,0,0,0,0,0,0,0,0,0,0,0,0,0,0,0,326,17313,0,0,0,0
98562.938,16535,60,0,0,0,0,0,8,57353,44,53,0,0,0,0,0,0,0,0,0,0,0,0,0,0,0,0,0,0,0,0,0,0,347,16698,0,0,0,0
98578.801,15863,63,0,0,0,0,0,8,59274,44,53,0,0,0,0,0,0,0,0,0,0,0,0,0,0,0,0,0,0,0,0,0,0,379,16375,0,0,0,0
98595.530,16729,59,0,0,0,0,0,8,55951,44,53,0,0,0,0,0,0,0,0,0,0,0,0,0,0,0,0,0,0,0,0,0,0,329,15772,0,0,0,0
98612.397,16866,59,0,0,0,0,0,8,55762,44,53,0,0,0,0,0,0,0,0,0,0,0,0,0,0,0,0,0,0,0,0,0,0,332,16912,0,0,0,0
98628.751,16354,61,0,0,0,0,0,8,55979,44,53,0,0,0,0,0,0,0,0,0,0,0,0,0,0,0,0,0,0,0,0,0,0,334,16914,0,0,0,0
98645.537,16785,59,0,0,0,0,0,8,55507,44,53,0,0,0,0,0,0,0,0,0,0,0,0,0,0,0,0,0,0,0,0,0,0,317,15805,0,0,0,0
98662.420,16883,59,0,0,0,0,0,8,56041,44,53,0,0,0,0,0,0,0,0,0,0,0,0,0,0,0,0,0,0,0,0,0,0,339,17412,0,0,0,0
98678.945,16524,60,0,0,0,0,0,8,55436,44,53,0,0,0,0,0,0,0,0,0,0,0,0,0,0,0,0,0,0,0,0,0,0,337,16866,0,0,0,0
98695.358,16413,60,0,0,0,0,0,8,56490,44,53,0,0,0,0,0,0,0,0,0,0,0,0,0,0,0,0,0,0,0,0,0,0,337,16313,0,0,0,0
98711.748,16389,61,0,0,0,0,0,8,56005,44,53,0,0,0,0,0,0,0,0,0,0,0,0,0,0,0,0,0,0,0,0,0,0,356,16711,0,0,0,0
98728.927,17178,58,0,0,0,0,0,8,55592,44,53,0,0,0,0,0,0,0,0,0,0,0,0,0,0,0,0,0,0,0,0,0,0,355,15964,0,0,0,0
98746.399,17472,57,0,0,0,0,0,8,59313,44,53,0,0,0,0,0,0,0,0,0,0,0,0,0,0,0,0,0,0,0,0,0,0,336,18322,0,0,0,0
98761.973,15573,64,0,0,0,0,0,8,59712,44,53,0,0,0,0,0,0,0,0,0,0,0,0,0,0,0,0,0,0,0,0,0,0,329,16642,0,0,0,0
98778.840,16867,59,0,0,0,0,0,8,56337,44,53,0,0,0,0,0,0,0,0,0,0,0,0,0,0,0,0,0,0,0,0,0,0,346,15555,0,0,0,0
98795.492,16651,60,0,0,0,0,0,8,55930,44,53,0,0,0,0,0,0,0,0,0,0,0,0,0,0,0,0,0,0,0,0,0,0,373,16284,0,0,0,0
98812.324,16832,59,0,0,0,0,0,8,55420,44,53,0,0,0,0,0,0,0,0,0,0,0,0,0,0,0,0,0,0,0,0,0,0,338,16796,0,0,0,0
98828.930,16605,60,0,0,0,0,0,8,56460,44,53,0,0,0,0,0,0,0,0,0,0,0,0,0,0,0,0,0,0,0,0,0,0,335,16898,0,0,0,0
98845.454,16524,60,0,0,0,0,0,8,55390,44,53,0,0,0,0,0,0,0,0,0,0,0,0,0,0,0,0,0,0,0,0,0,0,325,16683,0,0,0,0
98862.916,17461,57,0,0,0,0,0,8,55462,44,53,0,0,0,0,0,0,0,0,0,0,0,0,0,0,0,0,0,0,0,0,0,0,325,17190,0,0,0,0
98878.694,15778,63,0,0,0,0,0,8,56039,44,53,0,0,0,0,0,0,0,0,0,0,0,0,0,0,0,0,0,0,0,0,0,0,357,17158,0,0,0,0
98895.279,16584,60,0,0,0,0,0,8,54872,44,53,0,0,0,0,0,0,0,0,0,0,0,0,0,0,0,0,0,0,0,0,0,0,340,15189,0,0,0,0
98912.056,16776,59,0,0,0,0,0,8,55018,44,53,0,0,0,0,0,0,0,0,0,0,0,0,0,0,0,0,0,0,0,0,0,0,324,17633,0,0,0,0
98929.091,17035,58,0,0,0,0,0,8,59456,44,53,0,0,0,0,0,0,0,0,0,0,0,0,0,0,0,0,0,0,0,0,0,0,329,16595,0,0,0,0
98945.528,16436,60,0,0,0,0,0,8,57965,44,53,0,0,0,0,0,0,0,0,0,0,0,0,0,0,0,0,0,0,0,0,0,0,343,17124,0,0,0,0
98962.067,16538,60,0,0,0,0,0,8,57976,44,53,0,0,0,0,0,0,0,0,0,0,0,0,0,0,0,0,0,0,0,0,0,0,335,16246,0,0,0,0
98978.867,16801,59,0,0,0,0,0,8,57320,44,53,0,0,0,0,0,0,0,0,0,0,0,0,0,0,0,0,0,0,0,0,0,0,341,16417,0,0,0,0
98995.608,16740,59,0,0,0,0,0,8,58175,44,53,0,0,0,0,0,0,0,0,0,0,0,0,0,0,0,0,0,0,0,0,0,0,331,16713,0,0,0,0
99012.393,16784,59,0,0,0,0,0,8,57831,44,53,0,0,0,0,0,0,0,0,0,0,0,0,0,0,0,0,0,0,0,0,0,0,336,17052,0,0,0,0
99028.910,16517,60,0,0,0,0,0,8,58315,44,53,0,0,0,0,0,0,0,0,0,0,0,0,0,0,0,0,0,0,0,0,0,0,321,16581,0,0,0,0
99045.390,16479,60,0,0,0,0,0,8,57692,44,53,0,0,0,0,0,0,0,0,0,0,0,0,0,0,0,0,0,0,0,0,0,0,348,15931,0,0,0,0
99062.390,17000,58,0,0,0,0,0,8,57523,44,53,0,0,0,0,0,0,0,0,0,0,0,0,0,0,0,0,0,0,0,0,0,0,332,16843,0,0,0,0
99078.826,16435,60,0,0,0,0,0,8,57215,44,53,0,0,0,0,0,0,0,0,0,0,0,0,0,0,0,0,0,0,0,0,0,0,348,16015,0,0,0,0
99095.523,16697,59,0,0,0,0,0,8,58418,44,53,0,0,0,0,0,0,0,0,0,0,0,0,0,0,0,0,0,0,0,0,0,0,354,17398,0,0,0,0
99111.991,16467,60,0,0,0,0,0,8,57423,44,53,0,0,0,0,0,0,0,0,0,0,0,0,0,0,0,0,0,0,0,0,0,0,360,17259,0,0,0,0
99129.106,17114,58,0,0,0,0,0,8,59636,44,53,0,0,0,0,0,0,0,0,0,0,0,0,0,0,0,0,0,0,0,0,0,0,322,16215,0,0,0,0
99145.608,16502,60,0,0,0,0,0,8,58812,44,53,0,0,0,0,0,0,0,0,0,0,0,0,0,0,0,0,0,0,0,0,0,0,335,16485,0,0,0,0
99161.731,16123,62,0,0,0,0,0,8,58750,44,53,0,0,0,0,0,0,0,0,0,0,0,0,0,0,0,0,0,0,0,0,0,0,336,16800,0,0,0,0
99179.399,17667,56,0,0,0,0,0,8,58870,44,53,0,0,0,0,0,0,0,0,0,0,0,0,0,0,0,0,0,0,0,0,0,0,348,15975,0,0,0,0
99195.555,16156,61,0,0,0,1,0,8,59133,44,53,0,0,0,0,0,0,0,0,0,0,0,0,0,0,0,0,0,0,0,0,0,0,338,18262,0,0,0,0
99212.151,16595,60,0,0,0,0,0,8,59092,44,53,0,0,0,0,0,0,0,0,0,0,0,0,0,0,0,0,0,0,0,0,0,0,343,15985,0,0,0,0
99229.399,17248,57,0,0,0,0,0,8,58244,44,53,0,0,0,0,0,0,0,0,0,0,0,0,0,0,0,0,0,0,0,0,0,0,334,16721,0,0,0,0
99245.526,16127,62,0,0,0,0,0,8,58637,44,53,0,0,0,0,0,0,0,0,0,0,0,0,0,0,0,0,0,0,0,0,0,0,343,17277,0,0,0,0
99262.387,16860,59,0,0,0,0,0,8,58383,44,53,0,0,0,0,0,0,0,0,0,0,0,0,0,0,0,0,0,0,0,0,0,0,334,15776,0,0,0,0
99278.828,16441,60,0,0,0,0,0,8,58197,44,53,0,0,0,0,0,0,0,0,0,0,0,0,0,0,0,0,0,0,0,0,0,0,342,16921,0,0,0,0
99294.922,16093,62,0,0,0,0,0,8,58711,44,53,0,0,0,0,0,0,0,0,0,0,0,0,0,0,0,0,0,0,0,0,0,0,332,15972,0,0,0,0
99312.387,17464,57,0,0,0,0,0,8,58191,44,53,0,0,0,0,0,0,0,0,0,0,0,0,0,0,0,0,0,0,0,0,0,0,318,16503,0,0,0,0
99328.910,16523,60,0,0,0,0,0,8,57950,44,53,0,0,0,0,0,0,0,0,0,0,0,0,0,0,0,0,0,0,0,0,0,0,336,16074,0,0,0,0
99345.747,16836,59,0,0,0,0,0,8,58331,44,53,0,0,0,0,0,0,0,0,0,0,0,0,0,0,0,0,0,0,0,0,0,0,332,18067,0,0,0,0
99362.389,16642,60,0,0,0,0,0,8,57803,44,53,0,0,0,0,0,0,0,0,0,0,0,0,0,0,0,0,0,0,0,0,0,0,330,16204,0,0,0,0
99379.387,16997,58,0,0,0,0,0,8,58130,44,53,0,0,0,0,0,0,0,0,0,0,0,0,0,0,0,0,0,0,0,0,0,0,343,16129,0,0,0,0
99395.757,16370,61,0,0,0,0,0,8,58109,44,53,0,0,0,0,0,0,0,0,0,0,0,0,0,0,0,0,0,0,0,0,0,0,366,17983,0,0,0,0
99412.044,16286,61,0,0,0,0,0,8,56003,44,53,0,0,0,0,0,0,0,0,0,0,0,0,0,0,0,0,0,0,0,0,0,0,324,15648,0,0,0,0
99429.399,17355,57,0,0,0,0,0,8,55906,44,53,0,0,0,0,0,0,0,0,0,0,0,0,0,0,0,0,0,0,0,0,0,0,323,16839,0,0,0,0
99445.507,16108,62,0,0,0,0,0,8,56255,44,53,0,0,0,0,0,0,0,0,0,0,0,0,0,0,0,0,0,0,0,0,0,0,353,17517,0,0,0,0
99462.390,16882,59,0,0,0,0,0,8,56449,44,53,0,0,0,0,0,0,0,0,0,0,0,0,0,0,0,0,0,0,0,0,0,0,344,16006,0,0,0,0
99478.906,16516,60,0,0,0,0,0,8,55623,44,53,0,0,0,0,0,0,0,0,0,0,0,0,0,0,0,0,0,0,0,0,0,0,335,15763,0,0,0,0
99496.390,17484,57,0,0,0,0,0,8,56137,44,53,0,0,0,0,0,0,0,0,0,0,0,0,0,0,0,0,0,0,0,0,0,0,344,17428,0,0,0,0
99512.150,15759,63,0,0,0,0,0,8,56215,44,53,0,0,0,0,0,0,0,0,0,0,0,0,0,0,0,0,0,0,0,0,0,0,359,17978,0,0,0,0
99528.907,16756,59,0,0,0,0,0,8,55636,44,53,0,0,0,0,0,0,0,0,0,0,0,0,0,0,0,0,0,0,0,0,0,0,340,15584,0,0,0,0
99545.917,17010,58,0,0,0,0,0,8,56289,44,53,0,0,0,0,0,0,0,0,0,0,0,0,0,0,0,0,0,0,0,0,0,0,353,17025,0,0,0,0
99562.384,16466,60,0,0,0,0,0,8,55705,44,53,0,0,0,0,0,0,0,0,0,0,0,0,0,0,0,0,0,0,0,0,0,0,323,16364,0,0,0,0
99579.066,16682,59,0,0,0,0,0,8,55634,44,53,0,0,0,0,0,0,0,0,0,0,0,0,0,0,0,0,0,0,0,0,0,0,331,15575,0,0,0,0
99596.387,17321,57,0,0,0,0,0,8,56027,44,53,0,0,0,0,0,0,0,0,0,0,0,0,0,0,0,0,0,0,0,0,0,0,330,17485,0,0,0,0
99612.037,15650,63,0,0,0,0,0,8,55826,44,53,0,0,0,0,0,0,0,0,0,0,0,0,0,0,0,0,0,0,0,0,0,0,326,17663,0,0,0,0
99628.583,16545,60,0,0,0,0,0,8,55912,44,53,0,0,0,0,0,0,0,0,0,0,0,0,0,0,0,0,0,0,0,0,0,0,335,15722,0,0,0,0
99645.907,17324,57,0,0,0,0,0,8,56172,44,53,0,0,0,0,0,0,0,0,0,0,0,0,0,0,0,0,0,0,0,0,0,0,346,16634,0,0,0,0
99661.976,16069,62,0,0,0,0,0,8,55786,44,53,0,0,0,0,0,0,0,0,0,0,0,0,0,0,0,0,0,0,0,0,0,0,363,17115,0,0,0,0
99678.804,16827,59,0,0,0,0,0,8,55668,44,53,0,0,0,0,0,0,0,0,0,0,0,0,0,0,0,0,0,0,0,0,0,0,339,16268,0,0,0,0
99695.292,16487,60,0,0,0,0,0,8,57297,44,53,0,0,0,0,0,0,0,0,0,0,0,0,0,0,0,0,0,0,0,0,0,0,368,15777,0,0,0,0
99712.344,17052,58,0,0,0,0,0,8,56322,44,53,0,0,0,0,0,0,0,0,0,0,0,0,0,0,0,0,0,0,0,0,0,0,368,17730,0,0,0,0
99728.862,16518,60,0,0,0,0,0,8,55134,44,53,0,0,0,0,0,0,0,0,0,0,0,0,0,0,0,0,0,0,0,0,0,0,353,16610,0,0,0,0
99745.346,16483,60,0,0,0,0,0,8,55226,44,53,0,0,0,0,0,0,0,0,0,0,0,0,0,0,0,0,0,0,0,0,0,0,342,16785,0,0,0,0
99762.039,16693,59,0,0,0,0,0,8,55140,44,53,0,0,0,0,0,0,0,0,0,0,0,0,0,0,0,0,0,0,0,0,0,0,353,16232,0,0,0,0
99778.936,16896,59,0,0,0,0,0,8,55461,44,53,0,0,0,0,0,0,0,0,0,0,0,0,0,0,0,0,0,0,0,0,0,0,344,16607,0,0,0,0
99796.384,17448,57,0,0,0,0,0,8,56921,44,53,0,0,0,0,0,0,0,0,0,0,0,0,0,0,0,0,0,0,0,0,0,0,340,17968,0,0,0,0
99812.387,16003,62,0,0,0,0,0,8,56391,44,53,0,0,0,0,0,0,0,0,0,0,0,0,0,0,0,0,0,0,0,0,0,0,350,16758,0,0,0,0
99828.903,16515,60,0,0,0,0,0,8,56411,44,53,0,0,0,0,0,0,0,0,0,0,0,0,0,0,0,0,0,0,0,0,0,0,320,15576,0,0,0,0
99845.489,16585,60,0,0,0,0,0,8,56548,44,53,0,0,0,0,0,0,0,0,0,0,0,0,0,0,0,0,0,0,0,0,0,0,351,16817,0,0,0,0
99862.313,16824,59,0,0,0,0,0,8,56484,44,53,0,0,0,0,0,0,0,0,0,0,0,0,0,0,0,0,0,0,0,0,0,0,334,16558,0,0,0,0
99878.964,16650,60,0,0,0,0,0,8,57026,44,53,0,0,0,0,0,0,0,0,0,0,0,0,0,0,0,0,0,0,0,0,0,0,348,16558,0,0,0,0
99896.379,17415,57,0,0,0,0,0,8,56580,44,53,0,0,0,0,0,0,0,0,0,0,0,0,0,0,0,0,0,0,0,0,0,0,329,16539,0,0,0,0
99912.028,15648,63,0,0,0,0,0,8,56870,44,53,0,0,0,0,0,0,0,0,0,0,0,0,0,0,0,0,0,0,0,0,0,0,336,17552,0,0,0,0
99929.043,17015,58,0,0,0,0,0,8,56318,44,53,0,0,0,0,0,0,0,0,0,0,0,0,0,0,0,0,0,0,0,0,0,0,335,15781,0,0,0,0
99945.346,16303,61,0,0,0,0,0,8,56003,44,53,0,0,0,0,0,0,0,0,0,0,0,0,0,0,0,0,0,0,0,0,0,0,338,16755,0,0,0,0
99962.027,16680,59,0,0,0,0,0,8,56324,44,53,0,0,0,0,0,0,0,0,0,0,0,0,0,0,0,0,0,0,0,0,0,0,357,16337,0,0,0,0
99978.952,16925,59,0,0,0,0,0,8,56190,44,53,0,0,0,0,0,0,0,0,0,0,0,0,0,0,0,0,0,0,0,0,0,0,363,17185,0,0,0,0
99995.526,16573,60,0,0,0,0,0,8,56085,44,53,0,0,0,0,0,0,0,0,0,0,0,0,0,0,0,0,0,0,0,0,0,0,359,16401,0,0,0,0
100011.932,16405,60,0,0,0,0,0,8,56091,44,53,0,0,0,0,0,0,0,0,0,0,0,0,0,0,0,0,0,0,0,0,0,0,337,16771,0,0,0,0
100029.388,17456,57,0,0,0,0,0,8,56005,44,53,0,0,0,0,0,0,0,0,0,0,0,0,0,0,0,0,0,0,0,0,0,0,338,16819,0,0,0,0
100045.558,16169,61,0,0,0,0,0,8,56937,44,53,0,0,0,0,0,0,0,0,0,0,0,0,0,0,0,0,0,0,0,0,0,0,327,17236,0,0,0,0
100062.380,16822,59,0,0,0,0,0,8,56497,44,53,0,0,0,0,0,0,0,0,0,0,0,0,0,0,0,0,0,0,0,0,0,0,324,16148,0,0,0,0
100079.033,16652,60,0,0,0,0,0,8,56254,44,53,0,0,0,0,0,0,0,0,0,0,0,0,0,0,0,0,0,0,0,0,0,0,340,15632,0,0,0,0
100095.597,16563,60,0,0,0,0,0,8,56668,44,53,0,0,0,0,0,0,0,0,0,0,0,0,0,0,0,0,0,0,0,0,0,0,342,17319,0,0,0,0
100112.382,16785,59,0,0,0,0,0,8,56619,44,53,0,0,0,0,0,0,0,0,0,0,0,0,0,0,0,0,0,0,0,0,0,0,345,16688,0,0,0,0
100128.745,16352,61,0,0,0,0,0,8,57040,44,53,0,0,0,0,0,0,0,0,0,0,0,0,0,0,0,0,0,0,0,0,0,0,337,16369,0,0,0,0
100145.434,16699,59,0,0,0,0,0,8,57104,44,53,0,0,0,0,0,0,0,0,0,0,0,0,0,0,0,0,0,0,0,0,0,0,349,17105,0,0,0,0
100162.513,17078,58,0,0,0,0,0,8,57916,44,53,0,0,0,0,0,0,0,0,0,0,0,0,0,0,0,0,0,0,0,0,0,0,352,16736,0,0,0,0
100179.069,16556,60,0,0,0,0,0,8,57664,44,53,0,0,0,0,0,0,0,0,0,0,0,0,0,0,0,0,0,0,0,0,0,0,334,17157,0,0,0,0
100195.380,16310,61,0,0,0,0,0,8,57805,44,53,0,0,0,0,0,0,0,0,0,0,0,0,0,0,0,0,0,0,0,0,0,0,336,15927,0,0,0,0
100212.027,16647,60,0,0,0,0,0,8,58206,44,53,0,0,0,0,0,0,0,0,0,0,0,0,0,0,0,0,0,0,0,0,0,0,336,16903,0,0,0,0
100229.383,17356,57,0,0,0,0,0,8,57822,44,53,0,0,0,0,0,0,0,0,0,0,0,0,0,0,0,0,0,0,0,0,0,0,347,16687,0,0,0,0
100245.406,16022,62,0,0,0,0,0,8,58102,44,53,0,0,0,0,0,0,0,0,0,0,0,0,0,0,0,0,0,0,0,0,0,0,321,15762,0,0,0,0
100261.517,16111,62,0,0,0,0,0,8,58094,44,53,0,0,0,0,0,0,0,0,0,0,0,0,0,0,0,0,0,0,0,0,0,0,347,17228,0,0,0,0
100279.090,17572,56,0,0,0,0,0,8,58011,44,53,0,0,0,0,0,0,0,0,0,0,0,0,0,0,0,0,0,0,0,0,0,0,344,16303,0,0,0,0
100296.383,17293,57,0,0,0,0,0,8,59311,44,53,0,0,0,0,0,0,0,0,0,0,0,0,0,0,0,0,0,0,0,0,0,0,335,18026,0,0,0,0
100312.377,15994,62,0,0,0,0,0,8,59500,44,53,0,0,0,0,0,0,0,0,0,0,0,0,0,0,0,0,0,0,0,0,0,0,338,17265,0,0,0,0
100328.964,16586,60,0,0,0,0,0,8,59322,44,53,0,0,0,0,0,0,0,0,0,0,0,0,0,0,0,0,0,0,0,0,0,0,327,15892,0,0,0,0
100345.633,16669,59,0,0,0,0,0,8,59525,44,53,0,0,0,0,0,0,0,0,0,0,0,0,0,0,0,0,0,0,0,0,0,0,339,16167,0,0,0,0
100362.023,16390,61,0,0,0,0,0,8,59916,44,53,0,0,0,0,0,0,0,0,0,0,0,0,0,0,0,0,0,0,0,0,0,0,368,16825,0,0,0,0
100378.905,16882,59,0,0,0,0,0,8,60135,44,53,0,0,0,0,0,0,0,0,0,0,0,0,0,0,0,0,0,0,0,0,0,0,326,16542,0,0,0,0
100395.388,16482,60,0,0,0,0,0,8,60120,44,53,0,0,0,0,0,0,0,0,0,0,0,0,0,0,0,0,0,0,0,0,0,0,324,16670,0,0,0,0
100412.516,17128,58,0,0,0,0,0,8,60277,44,53,0,0,0,0,0,0,0,0,0,0,0,0,0,0,0,0,0,0,0,0,0,0,339,16627,0,0,0,0
100429.038,16522,60,0,0,0,0,0,8,60567,44,53,0,0,0,0,0,0,0,0,0,0,0,0,0,0,0,0,0,0,0,0,0,0,337,17319,0,0,0,0
100445.902,16863,59,0,0,0,0,0,8,60672,44,53,0,0,0,0,0,0,0,0,0,0,0,0,0,0,0,0,0,0,0,0,0,0,315,16197,0,0,0,0
100462.047,16145,61,0,0,0,0,0,8,61141,44,53,0,0,0,0,0,0,0,0,0,0,0,0,0,0,0,0,0,0,0,0,0,0,327,16789,0,0,0,0
100479.376,17328,57,0,0,0,0,0,8,60644,44,53,0,0,0,0,0,0,0,0,0,0,0,0,0,0,0,0,0,0,0,0,0,0,349,16443,0,0,0,0
100495.515,16139,61,0,0,0,0,0,8,61076,44,53,0,0,0,0,0,0,0,0,0,0,0,0,0,0,0,0,0,0,0,0,0,0,347,16867,0,0,0,0
100512.020,16504,60,0,0,0,0,0,8,60951,44,53,0,0,0,0,0,0,0,0,0,0,0,0,0,0,0,0,0,0,0,0,0,0,363,16750,0,0,0,0
100529.016,16995,58,0,0,0,0,0,8,61009,44,53,0,0,0,0,0,0,0,0,0,0,0,0,0,0,0,0,0,0,0,0,0,0,349,16031,0,0,0,0
100545.556,16539,60,0,0,0,0,0,8,61767,44,53,0,0,0,0,0,0,0,0,0,0,0,0,0,0,0,0,0,0,0,0,0,0,331,17188,0,0,0,0
100562.380,16824,59,0,0,0,0,0,8,60974,44,53,0,0,0,0,0,0,0,0,0,0,0,0,0,0,0,0,0,0,0,0,0,0,353,16799,0,0,0,0
100578.960,16579,60,0,0,0,0,0,8,62353,44,53,0,0,0,0,0,0,0,0,0,0,0,0,0,0,0,0,0,0,0,0,0,0,363,15947,0,0,0,0
100595.015,16055,62,0,0,0,0,0,8,64542,44,53,0,0,0,0,0,0,0,0,0,0,0,0,0,0,0,0,0,0,0,0,0,0,326,17430,0,0,0,0
100612.069,17053,58,0,0,0,0,0,8,61708,44,53,0,0,0,0,0,0,0,0,0,0,0,0,0,0,0,0,0,0,0,0,0,0,338,15998,0,0,0,0
100629.090,17020,58,0,0,0,0,0,8,62293,44,53,0,0,0,0,0,0,0,0,0,0,0,0,0,0,0,0,0,0,0,0,0,0,323,17351,0,0,0,0
100645.384,16294,61,0,0,0,0,0,8,61372,44,53,0,0,0,0,0,0,0,0,0,0,0,0,0,0,0,0,0,0,0,0,0,0,319,16077,0,0,0,0
100662.303,16919,59,0,0,0,0,0,8,61686,44,53,0,0,0,0,0,0,0,0,0,0,0,0,0,0,0,0,0,0,0,0,0,0,340,15775,0,0,0,0
100678.947,16643,60,0,0,0,0,0,8,61889,44,53,0,0,0,0,0,0,0,0,0,0,0,0,0,0,0,0,0,0,0,0,0,0,332,18073,0,0,0,0
100695.907,16960,58,0,0,0,0,0,8,62126,44,53,0,0,0,0,0,0,0,0,0,0,0,0,0,0,0,0,0,0,0,0,0,0,346,16816,0,0,0,0
100712.376,16468,60,0,0,0,0,0,8,62404,44,53,0,0,0,0,0,0,0,0,0,0,0,0,0,0,0,0,0,0,0,0,0,0,351,16572,0,0,0,0
100729.023,16647,60,0,0,0,0,0,8,62431,44,53,0,0,0,0,0,0,0,0,0,0,0,0,0,0,0,0,0,0,0,0,0,0,341,16816,0,0,0,0
100745.554,16531,60,0,0,0,0,0,8,63111,44,53,0,0,0,0,0,0,0,0,0,0,0,0,0,0,0,0,0,0,0,0,0,0,333,16117,0,0,0,0
100762.370,16815,59,0,0,0,0,0,8,63538,44,53,0,0,0,0,0,0,0,0,0,0,0,0,0,0,0,0,0,0,0,0,0,0,343,16761,0,0,0,0
100778.785,16415,60,0,0,0,0,0,8,66231,44,53,0,0,0,0,0,0,0,0,0,0,0,0,0,0,0,0,0,0,0,0,0,0,346,17359,0,0,0,0
100795.519,16733,59,0,0,0,0,0,8,66548,44,53,0,0,0,0,0,0,0,0,0,0,0,0,0,0,0,0,0,0,0,0,0,0,335,15675,0,0,0,0
100812.207,16688,59,0,0,0,0,0,8,64003,44,53,0,0,0,0,0,0,0,0,0,0,0,0,0,0,0,0,0,0,0,0,0,0,331,17390,0,0,0,0
100828.894,16686,59,0,0,0,0,0,8,63782,44,53,0,0,0,0,0,0,0,0,0,0,0,0,0,0,0,0,0,0,0,0,0,0,323,16416,0,0,0,0
100844.939,16044,62,0,0,0,0,0,8,64071,44,53,0,0,0,0,0,0,0,0,0,0,0,0,0,0,0,0,0,0,0,0,0,0,343,16550,0,0,0,0
100861.510,16571,60,0,0,0,0,0,8,64484,44,53,0,0,0,0,0,0,0,0,0,0,0,0,0,0,0,0,0,0,0,0,0,0,354,15917,0,0,0,0
100878.991,17481,57,0,0,0,0,0,8,64574,44,53,0,0,0,0,0,0,0,0,0,0,0,0,0,0,0,0,0,0,0,0,0,0,357,16730,0,0,0,0
100895.303,16312,61,0,0,0,0,0,8,64939,44,53,0,0,0,0,0,0,0,0,0,0,0,0,0,0,0,0,0,0,0,0,0,0,345,17410,0,0,0,0
100912.261,16957,58,0,0,0,0,0,8,64827,44,53,0,0,0,0,0,0,0,0,0,0,0,0,0,0,0,0,0,0,0,0,0,0,323,16279,0,0,0,0
100928.925,16663,60,0,0,0,0,0,8,64995,44,53,0,0,0,0,0,0,0,0,0,0,0,0,0,0,0,0,0,0,0,0,0,0,340,16703,0,0,0,0
100945.367,16441,60,0,0,0,0,0,8,65167,44,53,0,0,0,0,0,0,0,0,0,0,0,0,0,0,0,0,0,0,0,0,0,0,331,16547,0,0,0,0
100962.420,17053,58,0,0,0,0,0,8,65530,44,53,0,0,0,0,0,0,0,0,0,0,0,0,0,0,0,0,0,0,0,0,0,0,349,16881,0,0,0,0
100978.919,16499,60,0,0,0,0,0,8,65523,44,53,0,0,0,0,0,0,0,0,0,0,0,0,0,0,0,0,0,0,0,0,0,0,335,17351,0,0,0,0
100995.676,16756,59,0,0,0,0,0,8,65497,44,53,0,0,0,0,0,0,0,0,0,0,0,0,0,0,0,0,0,0,0,0,0,0,338,16413,0,0,0,0
101012.182,16505,60,0,0,0,0,0,8,66413,44,53,0,0,0,0,0,0,0,0,0,0,0,0,0,0,0,0,0,0,0,0,0,0,327,17028,0,0,0,0
101028.769,16586,60,0,0,0,0,0,8,66722,44,53,0,0,0,0,0,0,0,0,0,0,0,0,0,0,0,0,0,0,0,0,0,0,357,16401,0,0,0,0
101045.452,16683,59,0,0,0,0,0,8,70609,44,53,0,0,0,0,0,0,0,0,0,0,0,0,0,0,0,0,0,0,0,0,0,0,358,16710,0,0,0,0
101062.379,16916,59,0,0,0,0,0,8,65135,44,53,0,0,0,0,0,0,0,0,0,0,0,0,0,0,0,0,0,0,0,0,0,0,333,16097,0,0,0,0
101078.700,16331,61,0,0,0,0,0,8,64871,44,53,0,0,0,0,0,0,0,0,0,0,0,0,0,0,0,0,0,0,0,0,0,0,351,16992,0,0,0,0
101095.534,16834,59,0,0,0,0,0,8,64977,44,53,0,0,0,0,0,0,0,0,0,0,0,0,0,0,0,0,0,0,0,0,0,0,356,15958,0,0,0,0
101112.371,16836,59,0,0,0,0,0,8,64546,44,53,0,0,0,0,0,0,0,0,0,0,0,0,0,0,0,0,0,0,0,0,0,0,344,16988,0,0,0,0
101129.096,16724,59,0,0,0,0,0,8,64384,44,53,0,0,0,0,0,0,0,0,0,0,0,0,0,0,0,0,0,0,0,0,0,0,322,15998,0,0,0,0
101145.451,16354,61,0,0,0,0,0,8,64528,44,53,0,0,0,0,0,0,0,0,0,0,0,0,0,0,0,0,0,0,0,0,0,0,337,17539,0,0,0,0
101161.924,16472,60,0,0,0,0,0,8,66402,44,53,0,0,0,0,0,0,0,0,0,0,0,0,0,0,0,0,0,0,0,0,0,0,354,16790,0,0,0,0
101179.010,17086,58,0,0,0,0,0,8,63631,44,53,0,0,0,0,0,0,0,0,0,0,0,0,0,0,0,0,0,0,0,0,0,0,366,16194,0,0,0,0
101195.293,16283,61,0,0,0,0,0,8,63750,44,53,0,0,0,0,0,0,0,0,0,0,0,0,0,0,0,0,0,0,0,0,0,0,344,16473,0,0,0,0
101211.506,16212,61,0,0,0,0,0,8,64091,44,53,0,0,0,0,0,0,0,0,0,0,0,0,0,0,0,0,0,0,0,0,0,0,327,16919,0,0,0,0
101228.890,17383,57,0,0,0,0,0,8,64052,44,53,0,0,0,0,0,0,0,0,0,0,0,0,0,0,0,0,0,0,0,0,0,0,330,16187,0,0,0,0
101245.420,16530,60,0,0,0,0,0,8,66660,44,53,0,0,0,0,0,0,0,0,0,0,0,0,0,0,0,0,0,0,0,0,0,0,333,17886,0,0,0,0
101262.378,16957,58,0,0,0,0,0,8,67575,44,53,0,0,0,0,0,0,0,0,0,0,0,0,0,0,0,0,0,0,0,0,0,0,326,16069,0,0,0,0
101278.966,16587,60,0,0,0,0,0,8,67068,44,53,0,0,0,0,0,0,0,0,0,0,0,0,0,0,0,0,0,0,0,0,0,0,333,16178,0,0,0,0
101295.295,16329,61,0,0,0,0,0,8,67753,44,53,0,0,0,0,0,0,0,0,0,0,0,0,0,0,0,0,0,0,0,0,0,0,339,17337,0,0,0,0
101312.368,17073,58,0,0,0,0,0,8,67104,44,53,0,0,0,0,0,0,0,0,0,0,0,0,0,0,0,0,0,0,0,0,0,0,322,16238,0,0,0,0
101329.373,17005,58,0,0,0,0,0,8,67115,44,53,0,0,0,0,0,0,0,0,0,0,0,0,0,0,0,0,0,0,0,0,0,0,314,16191,0,0,0,0
101345.508,16134,61,0,0,0,0,0,8,67401,44,53,0,0,0,0,0,0,0,0,0,0,0,0,0,0,0,0,0,0,0,0,0,0,352,18868,0,0,0,0
101361.906,16398,60,0,0,0,0,0,8,66792,44,53,0,0,0,0,0,0,0,0,0,0,0,0,0,0,0,0,0,0,0,0,0,0,331,15538,0,0,0,0
101378.960,17053,58,0,0,0,0,0,8,66861,44,53,0,0,0,0,0,0,0,0,0,0,0,0,0,0,0,0,0,0,0,0,0,0,356,16582,0,0,0,0
101395.415,16454,60,0,0,0,0,0,8,66807,44,53,0,0,0,0,0,0,0,0,0,0,0,0,0,0,0,0,0,0,0,0,0,0,334,16576,0,0,0,0
101412.364,16949,58,0,0,0,0,0,8,67171,44,53,0,0,0,0,0,0,0,0,0,0,0,0,0,0,0,0,0,0,0,0,0,0,347,16687,0,0,0,0
101428.891,16526,60,0,0,0,0,0,8,66873,44,53,0,0,0,0,0,0,0,0,0,0,0,0,0,0,0,0,0,0,0,0,0,0,321,16929,0,0,0,0
101445.690,16798,59,0,0,0,0,0,8,66994,44,53,0,0,0,0,0,0,0,0,0,0,0,0,0,0,0,0,0,0,0,0,0,0,340,16606,0,0,0,0
101462.385,16694,59,0,0,0,0,0,8,66497,44,53,0,0,0,0,0,0,0,0,0,0,0,0,0,0,0,0,0,0,0,0,0,0,339,16503,0,0,0,0
101479.083,16698,59,0,0,0,0,0,8,65952,44,53,0,0,0,0,0,0,0,0,0,0,0,0,0,0,0,0,0,0,0,0,0,0,361,17102,0,0,0,0
101494.918,15835,63,0,0,0,0,0,8,65974,44,53,0,0,0,0,0,0,0,0,0,0,0,0,0,0,0,0,0,0,0,0,0,0,325,16124,0,0,0,0
101512.371,17452,57,0,0,0,0,0,8,65808,44,53,0,0,0,0,0,0,0,0,0,0,0,0,0,0,0,0,0,0,0,0,0,0,338,16413,0,0,0,0
101528.895,16524,60,0,0,0,0,0,8,66398,44,53,0,0,0,0,0,0,0,0,0,0,0,0,0,0,0,0,0,0,0,0,0,0,338,16384,0,0,0,0
101545.750,16854,59,0,0,0,0,0,8,70526,44,53,0,0,0,0,0,0,0,0,0,0,0,0,0,0,0,0,0,0,0,0,0,0,344,18925,0,0,0,0
101562.058,16308,61,0,0,0,0,0,8,67803,44,53,0,0,0,0,0,0,0,0,0,0,0,0,0,0,0,0,0,0,0,0,0,0,338,15614,0,0,0,0
101578.906,16848,59,0,0,0,0,0,8,67754,44,53,0,0,0,0,0,0,0,0,0,0,0,0,0,0,0,0,0,0,0,0,0,0,402,16220,0,0,0,0
101595.611,16705,59,0,0,0,0,0,8,68322,44,53,0,0,0,0,0,0,0,0,0,0,0,0,0,0,0,0,0,0,0,0,0,0,327,16908,0,0,0,0
101612.013,16401,60,0,0,0,0,0,8,68245,44,53,0,0,0,0,0,0,0,0,0,0,0,0,0,0,0,0,0,0,0,0,0,0,349,16985,0,0,0,0
101629.374,17361,57,0,0,0,0,0,8,68290,44,53,0,0,0,0,0,0,0,0,0,0,0,0,0,0,0,0,0,0,0,0,0,0,324,16094,0,0,0,0
101645.799,16425,60,0,0,0,0,0,8,68685,44,53,0,0,0,0,0,0,0,0,0,0,0,0,0,0,0,0,0,0,0,0,0,0,352,17744,0,0,0,0
101662.379,16569,60,0,0,0,0,0,8,67943,44,53,0,0,0,0,0,0,0,0,0,0,0,0,0,0,0,0,0,0,0,0,0,0,358,15665,0,0,0,0
101678.898,16530,60,0,0,0,0,0,8,72846,44,53,0,0,0,0,0,0,0,0,0,0,0,0,0,0,0,0,0,0,0,0,0,0,331,16910,0,0,0,0
101695.891,16992,58,0,0,0,0,0,8,68266,44,53,0,0,0,0,0,0,0,0,0,0,0,0,0,0,0,0,0,0,0,0,0,0,340,16465,0,0,0,0
101711.921,16029,62,0,0,0,0,0,8,69001,44,53,0,0,0,0,0,0,0,0,0,0,0,0,0,0,0,0,0,0,0,0,0,0,319,16901,0,0,0,0
101729.381,17459,57,0,0,0,0,0,8,68182,44,53,0,0,0,0,0,0,0,0,0,0,0,0,0,0,0,0,0,0,0,0,0,0,329,16256,0,0,0,0
101745.660,16278,61,0,0,0,0,0,8,67941,44,53,0,0,0,0,0,0,0,0,0,0,0,0,0,0,0,0,0,0,0,0,0,0,342,16877,0,0,0,0
101762.065,16405,60,0,0,0,0,0,8,66520,44,53,0,0,0,0,0,0,0,0,0,0,0,0,0,0,0,0,0,0,0,0,0,0,350,16241,0,0,0,0
101778.885,16820,59,0,0,0,0,0,8,66888,44,53,0,0,0,0,0,0,0,0,0,0,0,0,0,0,0,0,0,0,0,0,0,0,337,16599,0,0,0,0
101795.508,16622,60,0,0,0,0,0,8,67045,44,53,0,0,0,0,0,0,0,0,0,0,0,0,0,0,0,0,0,0,0,0,0,0,326,16519,0,0,0,0
101812.368,16860,59,0,0,0,0,0,8,66438,44,53,0,0,0,0,0,0,0,0,0,0,0,0,0,0,0,0,0,0,0,0,0,0,362,17773,0,0,0,0
101828.374,16006,62,0,0,0,0,0,8,66474,44,53,0,0,0,0,0,0,0,0,0,0,0,0,0,0,0,0,0,0,0,0,0,0,326,15176,0,0,0,0
101845.529,17154,58,0,0,0,0,0,8,66320,44,53,0,0,0,0,0,0,0,0,0,0,0,0,0,0,0,0,0,0,0,0,0,0,360,16735,0,0,0,0
101862.529,17000,58,0,0,0,0,0,8,66055,44,53,0,0,0,0,0,0,0,0,0,0,0,0,0,0,0,0,0,0,0,0,0,0,327,17633,0,0,0,0
101878.889,16359,61,0,0,0,0,0,8,66926,44,53,0,0,0,0,0,0,0,0,0,0,0,0,0,0,0,0,0,0,0,0,0,0,334,16527,0,0,0,0
101894.892,16003,62,0,0,0,0,0,8,65472,44,53,0,0,0,0,0,0,0,0,0,0,0,0,0,0,0,0,0,0,0,0,0,0,348,16272,0,0,0,0
101911.935,17042,58,0,0,0,0,0,8,65338,44,53,0,0,0,0,0,0,0,0,0,0,0,0,0,0,0,0,0,0,0,0,0,0,341,15985,0,0,0,0
101928.572,16636,60,0,0,0,0,0,8,66737,44,53,0,0,0,0,0,0,0,0,0,0,0,0,0,0,0,0,0,0,0,0,0,0,330,17450,0,0,0,0
101945.505,16933,59,0,0,0,0,0,8,65693,44,53,0,0,0,0,0,0,0,0,0,0,0,0,0,0,0,0,0,0,0,0,0,0,345,16697,0,0,0,0
101962.440,16935,59,0,0,0,0,0,8,67012,44,53,0,0,0,0,0,0,0,0,0,0,0,0,0,0,0,0,0,0,0,0,0,0,342,16529,0,0,0,0
101979.373,16932,59,0,0,0,0,0,8,65377,44,53,0,0,0,0,0,0,0,0,0,0,0,0,0,0,0,0,0,0,0,0,0,0,332,16884,0,0,0,0
101995.509,16135,61,0,0,0,0,0,8,65583,44,53,0,0,0,0,0,0,0,0,0,0,0,0,0,0,0,0,0,0,0,0,0,0,350,18220,0,0,0,0
102012.057,16548,60,0,0,0,0,0,8,65007,44,53,0,0,0,0,0,0,0,0,0,0,0,0,0,0,0,0,0,0,0,0,0,0,312,15160,0,0,0,0
102028.416,16358,61,0,0,0,0,0,8,64232,44,53,0,0,0,0,0,0,0,0,0,0,0,0,0,0,0,0,0,0,0,0,0,0,340,16659,0,0,0,0
102045.507,17091,58,0,0,0,0,0,8,64737,44,53,0,0,0,0,0,0,0,0,0,0,0,0,0,0,0,0,0,0,0,0,0,0,330,15848,0,0,0,0
102062.364,16856,59,0,0,0,0,0,8,65882,44,53,0,0,0,0,0,0,0,0,0,0,0,0,0,0,0,0,0,0,0,0,0,0,339,17759,0,0,0,0
102079.875,17512,57,0,0,0,0,0,8,64881,44,53,0,0,0,0,0,0,0,0,0,0,0,0,0,0,0,0,0,0,0,0,0,0,333,15304,0,0,0,0
102095.365,15489,64,0,0,0,0,0,8,67810,44,53,0,0,0,0,0,0,0,0,0,0,0,0,0,0,0,0,0,0,0,0,0,0,322,18446,0,0,0,0
102112.362,16996,58,0,0,0,0,0,8,62998,44,53,0,0,0,0,0,0,0,0,0,0,0,0,0,0,0,0,0,0,0,0,0,0,365,15911,0,0,0,0
102128.617,16255,61,0,0,0,0,0,8,62808,44,53,0,0,0,0,0,0,0,0,0,0,0,0,0,0,0,0,0,0,0,0,0,0,326,19280,0,0,0,0
102145.501,16883,59,0,0,0,0,0,8,63007,44,53,0,0,0,0,0,0,0,0,0,0,0,0,0,0,0,0,0,0,0,0,0,0,337,13659,0,0,0,0
102162.016,16515,60,0,0,0,0,0,8,62684,44,53,0,0,0,0,0,0,0,0,0,0,0,0,0,0,0,0,0,0,0,0,0,0,338,17228,0,0,0,0
102178.882,16865,59,0,0,0,0,0,8,61991,44,53,0,0,0,0,0,0,0,0,0,0,0,0,0,0,0,0,0,0,0,0,0,0,326,16028,0,0,0,0
102196.359,17477,57,0,0,0,0,0,8,62028,44,53,0,0,0,0,0,0,0,0,0,0,0,0,0,0,0,0,0,0,0,0,0,0,330,16704,0,0,0,0
102212.437,16077,62,0,0,0,0,0,8,62479,44,53,0,0,0,0,0,0,0,0,0,0,0,0,0,0,0,0,0,0,0,0,0,0,356,18099,0,0,0,0
102229.146,16709,59,0,0,0,0,0,8,61999,44,53,0,0,0,0,0,0,0,0,0,0,0,0,0,0,0,0,0,0,0,0,0,0,323,15699,0,0,0,0
102245.365,16218,61,0,0,0,0,0,8,62212,44,53,0,0,0,0,0,0,0,0,0,0,0,0,0,0,0,0,0,0,0,0,0,0,341,17323,0,0,0,0
102262.370,17005,58,0,0,0,0,0,8,63994,44,53,0,0,0,0,0,0,0,0,0,0,0,0,0,0,0,0,0,0,0,0,0,0,326,15252,0,0,0,0
102278.943,16572,60,0,0,0,0,0,8,60884,44,53,0,0,0,0,0,0,0,0,0,0,0,0,0,0,0,0,0,0,0,0,0,0,345,16459,0,0,0,0
102296.365,17422,57,0,0,0,0,0,8,61943,44,53,0,0,0,0,0,0,0,0,0,0,0,0,0,0,0,0,0,0,0,0,0,0,344,17498,0,0,0,0
102312.358,15993,62,0,0,0,0,0,8,61142,44,53,0,0,0,0,0,0,0,0,0,0,0,0,0,0,0,0,0,0,0,0,0,0,348,18185,0,0,0,0
102328.778,16419,60,0,0,0,0,0,8,60297,44,53,0,0,0,0,0,0,0,0,0,0,0,0,0,0,0,0,0,0,0,0,0,0,316,14126,0,0,0,0
102345.374,16596,60,0,0,0,0,0,8,60814,44,53,0,0,0,0,0,0,0,0,0,0,0,0,0,0,0,0,0,0,0,0,0,0,359,17416,0,0,0,0
102362.376,17001,58,0,0,0,0,0,8,60358,44,53,0,0,0,0,0,0,0,0,0,0,0,0,0,0,0,0,0,0,0,0,0,0,352,16480,0,0,0,0
102378.969,16592,60,0,0,0,0,0,8,60248,44,53,0,0,0,0,0,0,0,0,0,0,0,0,0,0,0,0,0,0,0,0,0,0,330,16875,0,0,0,0
102395.503,16534,60,0,0,0,0,0,8,60359,44,53,0,0,0,0,0,0,0,0,0,0,0,0,0,0,0,0,0,0,0,0,0,0,338,16709,0,0,0,0
102412.319,16816,59,0,0,0,0,0,8,59781,44,53,0,0,0,0,0,0,0,0,0,0,0,0,0,0,0,0,0,0,0,0,0,0,314,16891,0,0,0,0
102429.365,17045,58,0,0,0,0,0,8,59506,44,53,0,0,0,0,0,0,0,0,0,0,0,0,0,0,0,0,0,0,0,0,0,0,325,16319,0,0,0,0
102445.515,16150,61,0,0,0,0,0,8,59865,44,53,0,0,0,0,0,0,0,0,0,0,0,0,0,0,0,0,0,0,0,0,0,0,334,16309,0,0,0,0
102462.420,16904,59,0,0,0,0,0,8,60312,44,53,0,0,0,0,0,0,0,0,0,0,0,0,0,0,0,0,0,0,0,0,0,0,354,17500,0,0,0,0
102479.362,16941,59,0,0,0,0,0,8,59472,44,53,0,0,0,0,0,0,0,0,0,0,0,0,0,0,0,0,0,0,0,0,0,0,353,17276,0,0,0,0
102496.374,17012,58,0,0,0,0,0,8,59193,44,53,0,0,0,0,0,0,0,0,0,0,0,0,0,0,0,0,0,0,0,0,0,0,338,16383,0,0,0,0
102512.359,15984,62,0,0,0,0,0,8,59307,44,53,0,0,0,0,0,0,0,0,0,0,0,0,0,0,0,0,0,0,0,0,0,0,373,17494,0,0,0,0
102528.883,16524,60,0,0,0,0,0,8,58676,44,53,0,0,0,0,0,0,0,0,0,0,0,0,0,0,0,0,0,0,0,0,0,0,332,15708,0,0,0,0
102545.680,16797,59,0,0,0,0,0,8,59000,44,53,0,0,0,0,0,0,0,0,0,0,0,0,0,0,0,0,0,0,0,0,0,0,348,16523,0,0,0,0
102562.380,16700,59,0,0,0,0,0,8,59509,44,53,0,0,0,0,0,0,0,0,0,0,0,0,0,0,0,0,0,0,0,0,0,0,352,16469,0,0,0,0
102579.367,16987,58,0,0,0,0,0,8,59747,44,53,0,0,0,0,0,0,0,0,0,0,0,0,0,0,0,0,0,0,0,0,0,0,330,15962,0,0,0,0
102595.354,15986,62,0,0,0,0,0,8,58794,44,53,0,0,0,0,0,0,0,0,0,0,0,0,0,0,0,0,0,0,0,0,0,0,335,18029,0,0,0,0
102612.008,16654,60,0,0,0,0,0,8,58229,44,53,0,0,0,0,0,0,0,0,0,0,0,0,0,0,0,0,0,0,0,0,0,0,325,15608,0,0,0,0
102628.965,16956,58,0,0,0,0,0,8,59501,44,53,0,0,0,0,0,0,0,0,0,0,0,0,0,0,0,0,0,0,0,0,0,0,324,17191,0,0,0,0
102645.615,16649,60,0,0,0,0,0,8,60947,44,53,0,0,0,0,0,0,0,0,0,0,0,0,0,0,0,0,0,0,0,0,0,0,326,16416,0,0,0,0
102662.403,16788,59,0,0,0,0,0,8,59507,44,53,0,0,0,0,0,0,0,0,0,0,0,0,0,0,0,0,0,0,0,0,0,0,343,17403,0,0,0,0
102678.882,16478,60,0,0,0,0,0,8,58997,44,53,0,0,0,0,0,0,0,0,0,0,0,0,0,0,0,0,0,0,0,0,0,0,338,16221,0,0,0,0
102695.263,16381,61,0,0,0,0,0,8,58950,44,53,0,0,0,0,0,0,0,0,0,0,0,0,0,0,0,0,0,0,0,0,0,0,335,16783,0,0,0,0
102712.409,17145,58,0,0,0,0,0,8,57961,44,53,0,0,0,0,0,0,0,0,0,0,0,0,0,0,0,0,0,0,0,0,0,0,365,16304,0,0,0,0
102728.882,16473,60,0,0,0,0,0,8,58490,44,53,0,0,0,0,0,0,0,0,0,0,0,0,0,0,0,0,0,0,0,0,0,0,324,16871,0,0,0,0
102745.480,16598,60,0,0,0,0,0,8,57616,44,53,0,0,0,0,0,0,0,0,0,0,0,0,0,0,0,0,0,0,0,0,0,0,368,17318,0,0,0,0
102761.576,16095,62,0,0,0,0,0,8,57362,44,53,0,0,0,0,0,0,0,0,0,0,0,0,0,0,0,0,0,0,0,0,0,0,364,15687,0,0,0,0
102778.936,17360,57,0,0,0,0,0,8,56952,44,53,0,0,0,0,0,0,0,0,0,0,0,0,0,0,0,0,0,0,0,0,0,0,361,16034,0,0,0,0
102795.368,16431,60,0,0,0,0,0,8,57830,44,53,0,0,0,0,0,0,0,0,0,0,0,0,0,0,0,0,0,0,0,0,0,0,336,17306,0,0,0,0
102812.359,16990,58,0,0,0,0,0,8,56836,44,53,0,0,0,0,0,0,0,0,0,0,0,0,0,0,0,0,0,0,0,0,0,0,353,16887,0,0,0,0
102828.978,16619,60,0,0,0,0,0,8,56942,44,53,0,0,0,0,0,0,0,0,0,0,0,0,0,0,0,0,0,0,0,0,0,0,321,16143,0,0,0,0
102845.516,16537,60,0,0,0,0,0,8,57466,44,53,0,0,0,0,0,0,0,0,0,0,0,0,0,0,0,0,0,0,0,0,0,0,337,16867,0,0,0,0
102862.324,16808,59,0,0,0,0,0,8,56894,44,53,0,0,0,0,0,0,0,0,0,0,0,0,0,0,0,0,0,0,0,0,0,0,342,16874,0,0,0,0
102878.873,16548,60,0,0,0,0,0,8,57091,44,53,0,0,0,0,0,0,0,0,0,0,0,0,0,0,0,0,0,0,0,0,0,0,337,16607,0,0,0,0
102895.431,16557,60,0,0,0,0,0,8,56689,44,53,0,0,0,0,0,0,0,0,0,0,0,0,0,0,0,0,0,0,0,0,0,0,354,16727,0,0,0,0
102912.518,17086,58,0,0,0,0,0,8,56767,44,53,0,0,0,0,0,0,0,0,0,0,0,0,0,0,0,0,0,0,0,0,0,0,327,16401,0,0,0,0
102929.355,16837,59,0,0,0,0,0,8,56885,44,53,0,0,0,0,0,0,0,0,0,0,0,0,0,0,0,0,0,0,0,0,0,0,361,17168,0,0,0,0
102944.911,15556,64,0,0,0,0,0,8,56975,44,53,0,0,0,0,0,0,0,0,0,0,0,0,0,0,0,0,0,0,0,0,0,0,340,17126,0,0,0,0
102961.645,16733,59,0,0,0,0,0,8,56872,44,53,0,0,0,0,0,0,0,0,0,0,0,0,0,0,0,0,0,0,0,0,0,0,364,15542,0,0,0,0
102978.793,17148,58,0,0,0,0,0,8,58212,44,53,0,0,0,0,0,0,0,0,0,0,0,0,0,0,0,0,0,0,0,0,0,0,335,16314,0,0,0,0
102995.648,16854,59,0,0,0,0,0,8,58728,44,53,0,0,0,0,0,0,0,0,0,0,0,0,0,0,0,0,0,0,0,0,0,0,332,17239,0,0,0,0
103012.353,16705,59,0,0,0,0,0,8,58207,44,53,0,0,0,0,0,0,0,0,0,0,0,0,0,0,0,0,0,0,0,0,0,0,340,16784,0,0,0,0
103029.354,17000,58,0,0,0,0,0,8,58005,44,53,0,0,0,0,0,0,0,0,0,0,0,0,0,0,0,0,0,0,0,0,0,0,342,17282,0,0,0,0
103046.361,17007,58,0,0,0,0,0,8,58146,44,53,0,0,0,0,0,0,0,0,0,0,0,0,0,0,0,0,0,0,0,0,0,0,329,16293,0,0,0,0
103062.355,15994,62,0,0,0,0,0,8,59412,44,53,0,0,0,0,0,0,0,0,0,0,0,0,0,0,0,0,0,0,0,0,0,0,357,17574,0,0,0,0
103079.359,17003,58,0,0,0,0,0,8,57055,44,53,0,0,0,0,0,0,0,0,0,0,0,0,0,0,0,0,0,0,0,0,0,0,335,16174,0,0,0,0
103095.875,16516,60,0,0,0,0,0,8,58963,44,53,0,0,0,0,0,0,0,0,0,0,0,0,0,0,0,0,0,0,0,0,0,0,328,16932,0,0,0,0
103112.337,16462,60,0,0,0,0,0,8,57090,44,53,0,0,0,0,0,0,0,0,0,0,0,0,0,0,0,0,0,0,0,0,0,0,349,15874,0,0,0,0
103128.992,16655,60,0,0,0,0,0,8,56897,44,53,0,0,0,0,0,0,0,0,0,0,0,0,0,0,0,0,0,0,0,0,0,0,329,16342,0,0,0,0
103145.349,16356,61,0,0,0,0,0,8,56922,44,53,0,0,0,0,0,0,0,0,0,0,0,0,0,0,0,0,0,0,0,0,0,0,340,16996,0,0,0,0
103162.354,17005,58,0,0,0,0,0,8,56775,44,53,0,0,0,0,0,0,0,0,0,0,0,0,0,0,0,0,0,0,0,0,0,0,344,16464,0,0,0,0
103178.632,16277,61,0,0,0,0,0,8,56596,44,53,0,0,0,0,0,0,0,0,0,0,0,0,0,0,0,0,0,0,0,0,0,0,332,15839,0,0,0,0
103195.460,16828,59,0,0,0,0,0,8,57217,44,53,0,0,0,0,0,0,0,0,0,0,0,0,0,0,0,0,0,0,0,0,0,0,349,17212,0,0,0,0
103212.358,16898,59,0,0,0,0,0,8,57349,44,53,0,0,0,0,0,0,0,0,0,0,0,0,0,0,0,0,0,0,0,0,0,0,356,17491,0,0,0,0
103228.936,16577,60,0,0,0,0,0,8,56418,44,53,0,0,0,0,0,0,0,0,0,0,0,0,0,0,0,0,0,0,0,0,0,0,344,16429,0,0,0,0
103246.356,17420,57,0,0,0,0,0,8,54651,44,53,0,0,0,0,0,0,0,0,0,0,0,0,0,0,0,0,0,0,0,0,0,0,350,16500,0,0,0,0
103262.365,16009,62,0,0,0,0,0,8,54981,44,53,0,0,0,0,0,0,0,0,0,0,0,0,0,0,0,0,0,0,0,0,0,0,342,17529,0,0,0,0
103278.902,16536,60,0,0,0,0,0,8,54235,44,53,0,0,0,0,0,0,0,0,0,0,0,0,0,0,0,0,0,0,0,0,0,0,337,15823,0,0,0,0
103294.905,16002,62,0,0,0,0,0,8,54743,44,53,0,0,0,0,0,0,0,0,0,0,0,0,0,0,0,0,0,0,0,0,0,0,319,16844,0,0,0,0
103311.984,17079,58,0,0,0,0,0,8,54836,44,53,0,0,0,0,0,0,0,0,0,0,0,0,0,0,0,0,0,0,0,0,0,0,336,15901,0,0,0,0
103329.889,17904,55,0,0,0,0,0,8,55358,44,53,0,0,0,0,0,0,0,0,0,0,0,0,0,0,0,0,0,0,0,0,0,0,346,16774,0,0,0,0
103345.401,15511,64,0,0,0,0,0,8,54375,44,53,0,0,0,0,0,0,0,0,0,0,0,0,0,0,0,0,0,0,0,0,0,0,366,18050,0,0,0,0
103361.584,16183,61,0,0,0,0,0,8,54017,44,53,0,0,0,0,0,0,0,0,0,0,0,0,0,0,0,0,0,0,0,0,0,0,327,15702,0,0,0,0
103378.589,17005,58,0,0,0,0,0,8,53943,44,53,0,0,0,0,0,0,0,0,0,0,0,0,0,0,0,0,0,0,0,0,0,0,355,16100,0,0,0,0
103395.330,16740,59,0,0,0,0,0,8,54277,44,53,0,0,0,0,0,0,0,0,0,0,0,0,0,0,0,0,0,0,0,0,0,0,346,18278,0,0,0,0
103412.011,16680,59,0,0,0,0,0,8,55477,44,53,0,0,0,0,0,0,0,0,0,0,0,0,0,0,0,0,0,0,0,0,0,0,348,15959,0,0,0,0
103429.879,17868,55,0,0,0,0,0,8,54081,44,53,0,0,0,0,0,0,0,0,0,0,0,0,0,0,0,0,0,0,0,0,0,0,339,16692,0,0,0,0
103445.289,15409,64,0,0,0,0,0,8,54460,44,53,0,0,0,0,0,0,0,0,0,0,0,0,0,0,0,0,0,0,0,0,0,0,332,17714,0,0,0,0
103461.950,16661,60,0,0,0,0,0,8,53739,44,53,0,0,0,0,0,0,0,0,0,0,0,0,0,0,0,0,0,0,0,0,0,0,341,14782,0,0,0,0
103478.948,16998,58,0,0,0,0,0,8,53452,44,53,0,0,0,0,0,0,0,0,0,0,0,0,0,0,0,0,0,0,0,0,0,0,337,16767,0,0,0,0
103495.373,16424,60,0,0,0,0,0,8,54097,44,53,0,0,0,0,0,0,0,0,0,0,0,0,0,0,0,0,0,0,0,0,0,0,336,17009,0,0,0,0
103512.351,16977,58,0,0,0,0,0,8,53624,44,53,0,0,0,0,0,0,0,0,0,0,0,0,0,0,0,0,0,0,0,0,0,0,341,16979,0,0,0,0
103529.351,17000,58,0,0,0,0,0,8,53740,44,53,0,0,0,0,0,0,0,0,0,0,0,0,0,0,0,0,0,0,0,0,0,0,337,16739,0,0,0,0
103545.888,16536,60,0,0,0,0,0,8,53611,44,53,0,0,0,0,0,0,0,0,0,0,0,0,0,0,0,0,0,0,0,0,0,0,336,15667,0,0,0,0
103562.355,16467,60,0,0,0,0,0,8,54043,44,53,0,0,0,0,0,0,0,0,0,0,0,0,0,0,0,0,0,0,0,0,0,0,337,17385,0,0,0,0
103579.356,17000,58,0,0,0,0,0,8,53448,44,53,0,0,0,0,0,0,0,0,0,0,0,0,0,0,0,0,0,0,0,0,0,0,324,15605,0,0,0,0
103595.587,16231,61,0,0,0,0,0,8,53848,44,53,0,0,0,0,0,0,0,0,0,0,0,0,0,0,0,0,0,0,0,0,0,0,385,18404,0,0,0,0
103612.118,16530,60,0,0,0,0,0,8,53778,44,53,0,0,0,0,0,0,0,0,0,0,0,0,0,0,0,0,0,0,0,0,0,0,364,15907,0,0,0,0
103628.641,16523,60,0,0,0,0,0,8,53178,44,53,0,0,0,0,0,0,0,0,0,0,0,0,0,0,0,0,0,0,0,0,0,0,357,16434,0,0,0,0
103645.617,16975,58,0,0,0,0,0,8,53578,44,53,0,0,0,0,0,0,0,0,0,0,0,0,0,0,0,0,0,0,0,0,0,0,354,16703,0,0,0,0
103662.343,16726,59,0,0,0,0,0,8,53836,44,53,0,0,0,0,0,0,0,0,0,0,0,0,0,0,0,0,0,0,0,0,0,0,361,16624,0,0,0,0
103678.872,16528,60,0,0,0,0,0,8,53287,44,53,0,0,0,0,0,0,0,0,0,0,0,0,0,0,0,0,0,0,0,0,0,0,334,15885,0,0,0,0
103695.702,16830,59,0,0,0,0,0,8,54408,44,53,0,0,0,0,0,0,0,0,0,0,0,0,0,0,0,0,0,0,0,0,0,0,335,18104,0,0,0,0
103712.357,16654,60,0,0,0,0,0,8,53073,44,53,0,0,0,0,0,0,0,0,0,0,0,0,0,0,0,0,0,0,0,0,0,0,355,16488,0,0,0,0
103728.603,16246,61,0,0,0,0,0,8,55033,44,53,0,0,0,0,0,0,0,0,0,0,0,0,0,0,0,0,0,0,0,0,0,0,343,15614,0,0,0,0
103745.495,16891,59,0,0,0,0,0,8,56093,44,53,0,0,0,0,0,0,0,0,0,0,0,0,0,0,0,0,0,0,0,0,0,0,374,16962,0,0,0,0
103761.598,16104,62,0,0,0,0,0,8,54365,44,53,0,0,0,0,0,0,0,0,0,0,0,0,0,0,0,0,0,0,0,0,0,0,327,17504,0,0,0,0
103778.799,17200,58,0,0,0,0,0,8,53634,44,53,0,0,0,0,0,0,0,0,0,0,0,0,0,0,0,0,0,0,0,0,0,0,334,15726,0,0,0,0
103795.404,16605,60,0,0,0,0,0,8,58772,44,53,0,0,0,0,0,0,0,0,0,0,0,0,0,0,0,0,0,0,0,0,0,0,323,16920,0,0,0,0
103812.345,16941,59,0,0,0,0,0,8,56825,44,53,0,0,0,0,0,0,0,0,0,0,0,0,0,0,0,0,0,0,0,0,0,0,367,17228,0,0,0,0
103829.357,17011,58,0,0,0,0,0,8,57973,44,53,0,0,0,0,0,0,0,0,0,0,0,0,0,0,0,0,0,0,0,0,0,0,340,16075,0,0,0,0
103844.952,15595,64,0,0,0,0,0,8,58325,44,53,0,0,0,0,0,0,0,0,0,0,0,0,0,0,0,0,0,0,0,0,0,0,355,18464,0,0,0,0
103862.352,17399,57,0,0,0,0,0,8,56239,44,53,0,0,0,0,0,0,0,0,0,0,0,0,0,0,0,0,0,0,0,0,0,0,329,15052,0,0,0,0
103879.347,16994,58,0,0,0,0,0,8,56116,44,53,0,0,0,0,0,0,0,0,0,0,0,0,0,0,0,0,0,0,0,0,0,0,344,16462,0,0,0,0
103895.538,16190,61,0,0,0,0,0,8,56481,44,53,0,0,0,0,0,0,0,0,0,0,0,0,0,0,0,0,0,0,0,0,0,0,358,18383,0,0,0,0
103912.351,16813,59,0,0,0,0,0,8,56148,44,53,0,0,0,0,0,0,0,0,0,0,0,0,0,0,0,0,0,0,0,0,0,0,347,15473,0,0,0,0
103929.071,16720,59,0,0,0,0,0,8,55333,44,53,0,0,0,0,0,0,0,0,0,0,0,0,0,0,0,0,0,0,0,0,0,0,349,15969,0,0,0,0
103945.527,16456,60,0,0,0,0,0,8,56514,44,53,0,0,0,0,0,0,0,0,0,0,0,0,0,0,0,0,0,0,0,0,0,0,348,17568,0,0,0,0
103962.075,16548,60,0,0,0,0,0,8,55837,44,53,0,0,0,0,0,0,0,0,0,0,0,0,0,0,0,0,0,0,0,0,0,0,344,16396,0,0,0,0
103978.924,16848,59,0,0,0,0,0,8,55522,44,53,0,0,0,0,0,0,0,0,0,0,0,0,0,0,0,0,0,0,0,0,0,0,321,16717,0,0,0,0
103995.490,16565,60,0,0,0,0,0,8,55533,44,53,0,0,0,0,0,0,0,0,0,0,0,0,0,0,0,0,0,0,0,0,0,0,354,16447,0,0,0,0
104012.396,16906,59,0,0,0,0,0,8,55811,44,53,0,0,0,0,0,0,0,0,0,0,0,0,0,0,0,0,0,0,0,0,0,0,359,17371,0,0,0,0
104028.986,16589,60,0,0,0,0,0,8,55420,44,53,0,0,0,0,0,0,0,0,0,0,0,0,0,0,0,0,0,0,0,0,0,0,348,16709,0,0,0,0
104045.366,16380,61,0,0,0,0,0,8,55392,44,53,0,0,0,0,0,0,0,0,0,0,0,0,0,0,0,0,0,0,0,0,0,0,339,16381,0,0,0,0
104062.099,16733,59,0,0,0,0,0,8,55349,44,53,0,0,0,0,0,0,0,0,0,0,0,0,0,0,0,0,0,0,0,0,0,0,334,16747,0,0,0,0
104079.861,17762,56,0,0,0,0,0,8,55038,44,53,0,0,0,0,0,0,0,0,0,0,0,0,0,0,0,0,0,0,0,0,0,0,371,16745,0,0,0,0
104095.483,15621,64,0,0,0,0,0,8,55321,44,53,0,0,0,0,0,0,0,0,0,0,0,0,0,0,0,0,0,0,0,0,0,0,338,17803,0,0,0,0
104112.000,16517,60,0,0,0,0,0,8,55568,44,53,0,0,0,0,0,0,0,0,0,0,0,0,0,0,0,0,0,0,0,0,0,0,350,15915,0,0,0,0
104128.888,16888,59,0,0,0,0,0,8,54976,44,53,0,0,0,0,0,0,0,0,0,0,0,0,0,0,0,0,0,0,0,0,0,0,385,16082,0,0,0,0
104145.407,16518,60,0,0,0,0,0,8,55228,44,53,0,0,0,0,0,0,0,0,0,0,0,0,0,0,0,0,0,0,0,0,0,0,317,16179,0,0,0,0
104162.212,16805,59,0,0,0,0,0,8,55054,44,53,0,0,0,0,0,0,0,0,0,0,0,0,0,0,0,0,0,0,0,0,0,0,351,17010,0,0,0,0
104179.863,17651,56,0,0,0,0,0,8,54892,44,53,0,0,0,0,0,0,0,0,0,0,0,0,0,0,0,0,0,0,0,0,0,0,316,17093,0,0,0,0
104195.506,15642,63,0,0,0,0,0,8,55616,44,53,0,0,0,0,0,0,0,0,0,0,0,0,0,0,0,0,0,0,0,0,0,0,336,17838,0,0,0,0
104212.346,16840,59,0,0,0,0,0,8,54820,44,53,0,0,0,0,0,0,0,0,0,0,0,0,0,0,0,0,0,0,0,0,0,0,361,15762,0,0,0,0
104228.905,16559,60,0,0,0,0,0,8,54747,44,53,0,0,0,0,0,0,0,0,0,0,0,0,0,0,0,0,0,0,0,0,0,0,341,16558,0,0,0,0
104245.477,16571,60,0,0,0,0,0,8,54667,44,53,0,0,0,0,0,0,0,0,0,0,0,0,0,0,0,0,0,0,0,0,0,0,356,15936,0,0,0,0
104261.638,16161,61,0,0,0,0,0,8,54717,44,53,0,0,0,0,0,0,0,0,0,0,0,0,0,0,0,0,0,0,0,0,0,0,363,17077,0,0,0,0
104278.451,16813,59,0,0,0,0,0,8,54866,44,53,0,0,0,0,0,0,0,0,0,0,0,0,0,0,0,0,0,0,0,0,0,0,342,15885,0,0,0,0
104295.489,17037,58,0,0,0,0,0,8,54611,44,53,0,0,0,0,0,0,0,0,0,0,0,0,0,0,0,0,0,0,0,0,0,0,345,16428,0,0,0,0
104312.332,16843,59,0,0,0,0,0,8,54893,44,53,0,0,0,0,0,0,0,0,0,0,0,0,0,0,0,0,0,0,0,0,0,0,346,17728,0,0,0,0
104328.860,16528,60,0,0,0,0,0,8,54267,44,53,0,0,0,0,0,0,0,0,0,0,0,0,0,0,0,0,0,0,0,0,0,0,344,16441,0,0,0,0
104345.587,16726,59,0,0,0,0,0,8,54485,44,53,0,0,0,0,0,0,0,0,0,0,0,0,0,0,0,0,0,0,0,0,0,0,349,16963,0,0,0,0
104362.110,16523,60,0,0,0,0,0,8,54797,44,53,0,0,0,0,0,0,0,0,0,0,0,0,0,0,0,0,0,0,0,0,0,0,360,16169,0,0,0,0
104378.556,16445,60,0,0,0,0,0,8,54261,44,53,0,0,0,0,0,0,0,0,0,0,0,0,0,0,0,0,0,0,0,0,0,0,351,16928,0,0,0,0
104395.864,17307,57,0,0,0,0,0,8,54659,44,53,0,0,0,0,0,0,0,0,0,0,0,0,0,0,0,0,0,0,0,0,0,0,341,17812,0,0,0,0
104412.396,16532,60,0,0,0,0,0,8,54150,44,53,0,0,0,0,0,0,0,0,0,0,0,0,0,0,0,0,0,0,0,0,0,0,335,15619,0,0,0,0
104428.995,16599,60,0,0,0,0,0,8,53849,44,53,0,0,0,0,0,0,0,0,0,0,0,0,0,0,0,0,0,0,0,0,0,0,373,16801,0,0,0,0
104444.920,15924,62,0,0,0,0,0,8,54271,44,53,0,0,0,0,0,0,0,0,0,0,0,0,0,0,0,0,0,0,0,0,0,0,347,16402,0,0,0,0
104462.343,17423,57,0,0,0,0,0,8,53960,44,53,0,0,0,0,0,0,0,0,0,0,0,0,0,0,0,0,0,0,0,0,0,0,365,16648,0,0,0,0
104478.698,16354,61,0,0,0,0,0,8,53961,44,53,0,0,0,0,0,0,0,0,0,0,0,0,0,0,0,0,0,0,0,0,0,0,363,16738,0,0,0,0
104495.480,16781,59,0,0,0,0,0,8,53829,44,53,0,0,0,0,0,0,0,0,0,0,0,0,0,0,0,0,0,0,0,0,0,0,344,16199,0,0,0,0
104512.342,16861,59,0,0,0,0,0,8,54360,44,53,0,0,0,0,0,0,0,0,0,0,0,0,0,0,0,0,0,0,0,0,0,0,353,17808,0,0,0,0
104528.860,16518,60,0,0,0,0,0,8,54221,44,53,0,0,0,0,0,0,0,0,0,0,0,0,0,0,0,0,0,0,0,0,0,0,346,15144,0,0,0,0
104545.240,16380,61,0,0,0,0,0,8,54399,44,53,0,0,0,0,0,0,0,0,0,0,0,0,0,0,0,0,0,0,0,0,0,0,354,17524,0,0,0,0
104562.030,16789,59,0,0,0,0,0,8,53970,44,53,0,0,0,0,0,0,0,0,0,0,0,0,0,0,0,0,0,0,0,0,0,0,362,16125,0,0,0,0
104579.024,16994,58,0,0,0,0,0,8,54029,44,53,0,0,0,0,0,0,0,0,0,0,0,0,0,0,0,0,0,0,0,0,0,0,349,17127,0,0,0,0
104595.081,16057,62,0,0,0,0,0,8,54121,44,53,0,0,0,0,0,0,0,0,0,0,0,0,0,0,0,0,0,0,0,0,0,0,340,16459,0,0,0,0
104612.481,17399,57,0,0,0,0,0,8,54302,44,53,0,0,0,0,0,0,0,0,0,0,0,0,0,0,0,0,0,0,0,0,0,0,327,16593,0,0,0,0
104629.016,16535,60,0,0,0,0,0,8,54106,44,53,0,0,0,0,0,0,0,0,0,0,0,0,0,0,0,0,0,0,0,0,0,0,348,17670,0,0,0,0
104645.494,16478,60,0,0,0,0,0,8,54107,44,53,0,0,0,0,0,0,0,0,0,0,0,0,0,0,0,0,0,0,0,0,0,0,363,15807,0,0,0,0
104661.957,16462,60,0,0,0,0,0,8,54209,44,53,0,0,0,0,0,0,0,0,0,0,0,0,0,0,0,0,0,0,0,0,0,0,339,16730,0,0,0,0
104678.857,16899,59,0,0,0,0,0,8,55666,44,53,0,0,0,0,0,0,0,0,0,0,0,0,0,0,0,0,0,0,0,0,0,0,359,16341,0,0,0,0
104696.339,17482,57,0,0,0,0,0,8,56986,44,53,0,0,0,0,0,0,0,0,0,0,0,0,0,0,0,0,0,0,0,0,0,0,344,17315,0,0,0,0
104712.265,15926,62,0,0,0,0,0,8,56075,44,53,0,0,0,0,0,0,0,0,0,0,0,0,0,0,0,0,0,0,0,0,0,0,382,17371,0,0,0,0
104729.368,17103,58,0,0,0,0,0,8,55603,44,53,0,0,0,0,0,0,0,0,0,0,0,0,0,0,0,0,0,0,0,0,0,0,357,15733,0,0,0,0
104745.889,16520,60,0,0,0,0,0,8,55655,44,53,0,0,0,0,0,0,0,0,0,0,0,0,0,0,0,0,0,0,0,0,0,0,342,16041,0,0,0,0
104762.503,16614,60,0,0,0,0,0,8,56590,44,53,0,0,0,0,0,0,0,0,0,0,0,0,0,0,0,0,0,0,0,0,0,0,345,17531,0,0,0,0
104778.875,16371,61,0,0,0,0,0,8,56111,44,53,0,0,0,0,0,0,0,0,0,0,0,0,0,0,0,0,0,0,0,0,0,0,365,16553,0,0,0,0
104795.341,16466,60,0,0,0,0,0,8,55913,44,53,0,0,0,0,0,0,0,0,0,0,0,0,0,0,0,0,0,0,0,0,0,0,336,16459,0,0,0,0
104812.336,16995,58,0,0,0,0,0,8,55796,44,53,0,0,0,0,0,0,0,0,0,0,0,0,0,0,0,0,0,0,0,0,0,0,357,16429,0,0,0,0
104829.025,16688,59,0,0,0,0,0,8,55798,44,53,0,0,0,0,0,0,0,0,0,0,0,0,0,0,0,0,0,0,0,0,0,0,338,15897,0,0,0,0
104845.570,16545,60,0,0,0,0,0,8,56062,44,53,0,0,0,0,0,0,0,0,0,0,0,0,0,0,0,0,0,0,0,0,0,0,344,17673,0,0,0,0
104862.410,16840,59,0,0,0,0,0,8,56269,44,53,0,0,0,0,0,0,0,0,0,0,0,0,0,0,0,0,0,0,0,0,0,0,357,16573,0,0,0,0
104879.002,16591,60,0,0,0,0,0,8,55733,44,53,0,0,0,0,0,0,0,0,0,0,0,0,0,0,0,0,0,0,0,0,0,0,340,16759,0,0,0,0
104895.095,16092,62,0,0,0,0,0,8,55747,44,53,0,0,0,0,0,0,0,0,0,0,0,0,0,0,0,0,0,0,0,0,0,0,344,16505,0,0,0,0
104911.930,16835,59,0,0,0,0,0,8,55800,44,53,0,0,0,0,0,0,0,0,0,0,0,0,0,0,0,0,0,0,0,0,0,0,339,16555,0,0,0,0
104929.858,17927,55,0,0,0,0,0,8,55714,44,53,0,0,0,0,0,0,0,0,0,0,0,0,0,0,0,0,0,0,0,0,0,0,332,16935,0,0,0,0
104945.722,15864,63,0,0,0,0,0,8,54536,44,53,0,0,0,0,0,0,0,0,0,0,0,0,0,0,0,0,0,0,0,0,0,0,366,18046,0,0,0,0
104962.444,16721,59,0,0,0,0,0,8,53761,44,53,0,0,0,0,0,0,0,0,0,0,0,0,0,0,0,0,0,0,0,0,0,0,403,15908,0,0,0,0
104978.972,16528,60,0,0,0,0,0,8,53965,44,53,0,0,0,0,0,0,0,0,0,0,0,0,0,0,0,0,0,0,0,0,0,0,352,15899,0,0,0,0
104995.863,16890,59,0,0,0,0,0,8,53846,44,53,0,0,0,0,0,0,0,0,0,0,0,0,0,0,0,0,0,0,0,0,0,0,331,16623,0,0,0,0
